 61 6040.003665 7.670E-24 1.616E-02.05970.074  386.37000.69-.012100                   0 0 0 0 1A1    8F1264         8F2  1     445332857348 7 1 7    51.0   51.0
 61 6040.037500 1.810E-25 0.000E+00.06440.078  815.00000.85-.012100                   0 0 0 0 1A1                   6E   1     3433328573481110 7     0.0    0.0
 61 6040.049040 3.230E-25 0.000E+00.05980.075  343.71000.75-.012080                                                            34443285735217 1 7     0.0    0.0
 61 6040.142408 1.040E-23 2.091E-02.05970.074  376.80000.69-.012100                   0 0 0 0 1A1    8F2269         8F1  2     445332857348 7 1 7    51.0   51.0
 61 6040.213812 6.240E-25 1.254E-03.06000.077  376.73000.85-.012100                   0 0 0 0 1A1    8F2            8F1        4433328573421110 7    51.0   51.0
 61 6040.246900 4.190E-24 7.709E-03.06270.077  219.91000.70-.012100                   0 0 0 0 1A1    6E 137         6E   1     455332857348 7 1 7    26.0   26.0
 61 6040.252606 8.610E-25 0.000E+00.05980.075  601.03930.75-.012081                                                            44443285735217 1 7     0.0    0.0
 61 6040.270476 2.500E-25 0.000E+00.05980.075  546.22420.75-.012081                                                            34443285735217 1 7     0.0    0.0
 61 6040.292000 1.790E-25 0.000E+00.05980.075  815.00000.75-.012081                                                            34443285735217 1 7     0.0    0.0
 61 6040.313586 1.040E-24 0.000E+00.06000.077  815.00000.85-.012100                                                            4433328573421110 7     0.0    0.0
 61 6040.352100 1.070E-25 0.000E+00.05980.075  815.00000.75-.012081                                                            34443285735217 1 7     0.0    0.0
 61 6040.372635 6.050E-25 0.000E+00.05980.075 1500.00000.75-.012081                                                            44443285735217 1 7     0.0    0.0
 61 6040.384179 3.090E-23 8.776E-02.05730.073  470.71000.73-.010800    0 0 2 0  E     0 0 0 0 1A1    9F2296         9F1  1     445335857348 71212    57.0   57.0
 61 6040.405235 3.070E-23 8.720E-02.05680.073  470.72000.70-.012300    0 0 2 0  E     0 0 0 0 1A1    9F1304         9F2  1     445335857348 71212    57.0   57.0
 61 6040.430239 4.370E-25 0.000E+00.05980.075 1392.89790.75-.012081                                                            34443285735217 1 7     0.0    0.0
 61 6040.504434 9.770E-24 1.199E-02.06370.077  219.93001.22-.012800                   0 0 0 0 1A1    6F1199         6F2  2     445334857348 71212    39.0   39.0
 61 6040.525960 6.380E-24 7.826E-03.06270.077  219.91000.70-.012100                   0 0 0 0 1A1    6F1199         6F2  1     445332857348 7 1 7    39.0   39.0
 61 6040.565117 5.190E-25 0.000E+00.06000.077  815.00000.85-.012100                                                            4433328573421110 7     0.0    0.0
 61 6040.602100 2.050E-25 0.000E+00.05980.075  815.00000.75-.012081                                                            34443285735217 1 7     0.0    0.0
 61 6040.641600 6.570E-26 0.000E+00.05980.075  815.00000.75-.012081                                                            34443285735217 1 7     0.0    0.0
 61 6040.742300 4.550E-24 6.907E-03.06110.076  293.16000.85-.007000                   0 0 0 0 1A1    7F1239         7F2  2     455334857348 71212    45.0   45.0
 61 6040.746200 5.170E-25 0.000E+00.05980.075  301.34000.75-.012081                                                            45443285735217 1 7     0.0    0.0
 61 6040.768784 4.200E-25 0.000E+00.05980.075  349.11000.75-.012082                                                            34443285735217 1 7     0.0    0.0
 61 6040.780754 7.510E-25 1.140E-03.06160.076  293.12000.70-.012100                   0 0 0 0 1A1    7F1239         7F2  1     445332857348 7 1 7    45.0   45.0
 61 6040.825409 5.230E-24 1.191E-02.06160.076  293.17000.70-.012100                   0 0 0 0 1A1    7E 156         7E   1     445332857348 7 1 7    30.0   30.0
 61 6040.855200 1.450E-25 0.000E+00.05980.075  165.80000.75-.012082                                                            34443285735217 1 7     0.0    0.0
 61 6040.857690 1.280E-24 1.368E-03.06410.077  157.12000.72-.012100                   0 0 0 0 1A1    5F1177         5F2  1     445332857348 7 1 7    33.0   33.0
 61 6040.880233 1.040E-24 0.000E+00.06000.077  815.00000.85-.012100                                                            4433328573421110 7     0.0    0.0
 61 6040.918485 9.370E-25 1.885E-03.06000.077  376.80000.85-.012100                   0 0 0 0 1A1    8F2            8F1        4433328573421110 7    51.0   51.0
 61 6040.924100 1.070E-25 0.000E+00.05980.075  385.75000.75-.012082                                                            34443285735217 1 7     0.0    0.0
 61 6040.947717 5.670E-23 6.840E-02.05930.074  376.73000.78-.012900    0 0 2 0  E     0 0 0 0 1A1    8A2            8A1  1     445335857348 71212    85.0   85.0
 61 6040.989289 3.260E-23 6.555E-02.05820.074  376.73000.63-.006900                   0 0 0 0 1A1    8F2270         8F1  1     445334857348 71212    51.0   51.0
 61 6040.990000 9.320E-25 1.416E-03.05980.075  104.77000.75-.012082                   0 0 0 0 1A1    4E             4E         45553285735217 1 7    18.0   18.0
 61 6041.006127 2.180E-23 6.575E-02.06340.074  376.73000.86-.010700                   0 0 0 0 1A1    8E 180         8E   1     445334857348 71212    34.0   34.0
 61 6041.041751 7.320E-25 7.413E-04.06530.078  104.78000.72-.012100                   0 0 0 0 1A1    4F1137         4F2  1     445332857348 7 1 7    27.0   27.0
 61 6041.060185 6.720E-25 0.000E+00.06000.077  815.00000.85-.012100                                                            4433328573421110 7     0.0    0.0
 61 6041.127014 5.020E-24 8.047E-03.06960.077  157.13001.06-.009600                   0 0 0 0 1A1    5E 114         5E   1     445334857348 71212    22.0   22.0
 61 6041.182600 1.820E-25 0.000E+00.05980.075  815.00000.75-.012082                                                            34443285735217 1 7     0.0    0.0
 61 6041.257800 1.260E-25 0.000E+00.05980.075  815.00000.75-.012083                                                            34443285735217 1 7     0.0    0.0
 61 6041.394807 3.650E-25 0.000E+00.05980.075 1500.00000.75-.012083                                                            34443285735217 1 7     0.0    0.0
 61 6041.409927 1.800E-24 1.924E-03.06410.077  157.13000.72-.012100                   0 0 0 0 1A1    5F2169         5F1  2     445332857348 7 1 7    33.0   33.0
 61 6041.416460 5.320E-25 0.000E+00.05980.075  814.64000.75-.012083                                                            44443285735217 1 7     0.0    0.0
 61 6041.424359 9.920E-24 1.060E-02.06410.077  157.12000.72-.012100                   0 0 0 0 1A1    5F2169         5F1  1     445332857348 7 1 7    33.0   33.0
 61 6041.468555 3.070E-24 3.768E-03.06270.077  219.94000.70-.012100                   0 0 0 0 1A1    6F2208         6F1  1     445332857348 7 1 7    39.0   39.0
 61 6041.496319 3.190E-23 4.843E-02.06060.076  293.12001.01-.012300    0 0 2 0  E     0 0 0 0 1A1    7F2            7F1  1     445335857348 71212    45.0   45.0
 61 6041.519944 1.920E-24 2.915E-03.06160.076  293.16000.70-.012100                   0 0 0 0 1A1    7F1240         7F2  2     445332857348 7 1 7    45.0   45.0
 61 6041.557567 3.010E-23 4.569E-02.06120.076  293.12000.92-.011500    0 0 2 0  E     0 0 0 0 1A1    7F1            7F2  1     445335857348 71212    45.0   45.0
 61 6041.592300 1.310E-25 0.000E+00.05980.075  815.00000.75-.012083                                                            34443285735217 1 7     0.0    0.0
 61 6041.636200 5.370E-26 0.000E+00.05980.075  815.00000.75-.012083                                                            34443285735217 1 7     0.0    0.0
 61 6041.689060 1.870E-24 0.000E+00.06000.077  815.00000.85-.012100                                                            4433328573421110 7     0.0    0.0
 61 6041.713531 4.410E-25 0.000E+00.06000.077  815.00000.85-.012100                                                            3433328573421110 7     0.0    0.0
 61 6041.762796 7.840E-25 8.340E-04.06270.077  219.94000.70-.012100                   0 0 0 0 1A1    7F2223         6F1  1     445332857348 7 1 7    45.0   39.0
 61 6041.817335 2.000E-24 2.026E-03.06530.078  104.78000.72-.012100                   0 0 0 0 1A1    4F1138         4F2  1     445332857348 7 1 7    27.0   27.0
 61 6041.890100 3.100E-25 0.000E+00.06000.077  815.00000.85-.012100                                                            3433328573421110 7     0.0    0.0
 61 6041.912600 7.640E-26 0.000E+00.05980.075  815.00000.75-.012084                                                            34443285735217 1 7     0.0    0.0
 61 6041.939583 1.500E-24 0.000E+00.06000.077  815.00000.85-.012100                                                            4433328573421110 7     0.0    0.0
 61 6041.973567 1.740E-23 3.203E-02.06430.077  219.91000.82-.012300    0 0 2 0  E     0 0 0 0 1A1    6E 138         6E   1     445335857348 71212    26.0   26.0
 61 6042.001545 1.810E-24 2.222E-03.06440.078  219.93000.85-.012100                   0 0 0 0 1A1    6F1            6F2  2     4433328573481110 7    39.0   39.0
 61 6042.010785 9.280E-25 0.000E+00.05980.075 1500.00000.75-.012084                                                            44443285735217 1 7     0.0    0.0
 61 6042.022712 2.180E-23 2.676E-02.06240.077  219.91000.90-.013300                   0 0 0 0 1A1    6F1200         6F2  1     445335857348 71212    39.0   39.0
 61 6042.023700 2.720E-24 0.000E+00.05980.075  228.54000.75-.012084                                                            45443285735217 1 7     0.0    0.0
 61 6042.040283 2.290E-25 2.433E-04.06610.083   62.87000.75-.012084                   0 0 0 0 1A1    3F2            3F1        34553285735217 1 7    21.0   21.0
 61 6042.055658 9.040E-25 0.000E+00.06000.077  369.05000.85-.012100                                                            4433328573421110 7     0.0    0.0
 61 6042.087703 5.970E-24 6.048E-03.06660.084  104.77000.75-.012084                   0 0 0 0 1A1    4F2            4F1        44553285735217 1 7    27.0   27.0
 61 6042.091159 4.380E-23 3.225E-02.06620.077  219.91000.87-.010400    0 0 2 0  E     0 0 0 0 1A1    6A1            6A2  1     445335857348 71212    65.0   65.0
 61 6042.166862 1.040E-24 1.106E-03.06270.077  219.93000.70-.012100                   0 0 0 0 1A1    7F1228         6F2  2     445332857348 7 1 7    45.0   39.0
 61 6042.190006 2.440E-25 2.596E-04.06270.077  219.91000.70-.012100                   0 0 0 0 1A1    7F1228         6F2  1     345332857348 7 1 7    45.0   39.0
 61 6042.191300 1.660E-25 0.000E+00.05980.075  244.59000.75-.012084                                                            34443285735217 1 7     0.0    0.0
 61 6042.233297 4.300E-25 0.000E+00.06000.077  815.00000.85-.012100                                                            3433328573421110 7     0.0    0.0
 61 6042.306200 7.640E-26 0.000E+00.05980.075  815.00000.75-.012085                                                            34443285735217 1 7     0.0    0.0
 61 6042.320300 2.600E-25 0.000E+00.06000.077  815.00000.85-.012100                                                            3433328573421110 7     0.0    0.0
 61 6042.385202 1.300E-24 1.381E-03.06580.079   62.87000.73-.012100                   0 0 0 0 1A1    3F1113         3F2  1     445332857348 7 1 7    21.0   21.0
 61 6042.399652 8.150E-25 8.714E-04.06500.082  157.13000.75-.012085                   0 0 0 0 1A1    5F2            5F1        44553285735217 1 7    33.0   33.0
 61 6042.415461 1.560E-23 1.668E-02.06410.077  157.12000.72-.012100                   0 0 0 0 1A1    5F2170         5F1  1     445332857348 7 1 7    33.0   33.0
 61 6042.438944 3.080E-23 1.872E-02.06910.078  104.77001.13-.016300    0 0 2 0  E     0 0 0 0 1A1    4A2            4A1  1     445335857348 71212    45.0   45.0
 61 6042.516535 1.820E-23 1.946E-02.06570.077  157.12001.06-.008100    0 0 2 0  E     0 0 0 0 1A1    5F1            5F2  1     445335857348 71212    33.0   33.0
 61 6042.532827 5.000E-25 0.000E+00.06000.077  815.00000.85-.012100                                                            3433328573421110 7     0.0    0.0
 61 6042.613678 9.840E-25 0.000E+00.06000.077  815.00000.85-.012100                                                            4433328573421110 7     0.0    0.0
 61 6042.660200 4.970E-26 0.000E+00.05980.075  815.00000.75-.012085                                                            34443285735217 1 7     0.0    0.0
 61 6042.691507 3.620E-25 0.000E+00.06000.077  553.67000.85-.012100                                                            3433328573421110 7     0.0    0.0
 61 6042.718300 9.720E-26 0.000E+00.05980.075  815.00000.75-.012085                                                            34443285735217 1 7     0.0    0.0
 61 6042.830157 1.690E-25 0.000E+00.06020.077  815.00000.85-.012100                                                            3453328573481110 7     0.0    0.0
 61 6042.855793 3.410E-24 2.177E-03.06240.077  219.91000.70-.012100                   0 0 0 0 1A1    7A1 71         6A2  1     445332857348 7 1 7    75.0   65.0
 61 6042.881596 8.240E-24 8.349E-03.07080.078  104.77000.72-.012100                   0 0 0 0 1A1    4F2144         4F1  1     445332857348 7 1 7    27.0   27.0
 61 6042.908723 1.380E-24 0.000E+00.05460.077  815.00000.85-.012100                                                            4453328573481110 7     0.0    0.0
 61 6042.933952 5.940E-24 6.313E-03.06940.079   62.87001.10-.008100                   0 0 0 0 1A1    3F2108         3F1  1     445334857348 71212    21.0   21.0
 61 6042.936020 8.280E-24 1.258E-02.06940.079  104.77000.85-.012100                   0 0 0 0 1A1    4E  96         4E   1     4433328573481110 7    18.0   18.0
 61 6043.079108 4.850E-25 0.000E+00.06000.077  815.00000.85-.012100                                                            3433328573421110 7     0.0    0.0
 61 6043.144500 1.070E-25 0.000E+00.05980.075  815.00000.75-.012086                                                            34443285735217 1 7     0.0    0.0
 61 6043.174514 3.210E-25 0.000E+00.06000.077  815.00000.85-.012100                                                            3433328573421110 7     0.0    0.0
 61 6043.231457 1.920E-24 3.678E-03.06440.082   31.44000.70-.012100                   0 0 0 0 1A1    2E  54         2E   1     445332857348 7 1 7    10.0   10.0
 61 6043.245600 2.440E-25 0.000E+00.05980.075  815.00000.75-.012086                                                            34443285735217 1 7     0.0    0.0
 61 6043.304001 3.040E-24 3.231E-03.06470.079   62.87000.73-.012100                   0 0 0 0 1A1    3F1114         3F2  1     445332857348 7 1 7    21.0   21.0
 61 6043.349051 6.330E-25 0.000E+00.06190.077  815.00000.85-.012100                                                            4453328573481110 7     0.0    0.0
 61 6043.363300 6.810E-26 0.000E+00.05980.075  815.00000.75-.012087                                                            34443285735217 1 7     0.0    0.0
 61 6043.395500 2.430E-25 0.000E+00.06170.077  815.00000.85-.012100                                                            3453328573481110 7     0.0    0.0
 61 6043.428499 1.320E-24 1.686E-03.06440.082   31.44000.70-.012100                   0 0 0 0 1A1    2F1 74         2F2  1     445332857348 7 1 7    15.0   15.0
 61 6043.502900 6.850E-26 0.000E+00.05980.075  815.00000.75-.012087                                                            34443285735217 1 7     0.0    0.0
 61 6043.536600 4.030E-26 0.000E+00.05980.075  815.00000.75-.012087                                                            34443285735217 1 7     0.0    0.0
 61 6043.564800 7.240E-26 0.000E+00.05980.075  950.15000.75-.012087                                                            34443285735217 1 7     0.0    0.0
 61 6043.570473 2.910E-25 5.595E-04.06470.081   10.48000.68-.012100                   0 0 0 0 1A1    1F2 44         1F1  1     345332857348 7 1 7     9.0    9.0
 61 6043.632800 1.080E-25 0.000E+00.05980.075  815.00000.75-.012087                                                            34443285735217 1 7     0.0    0.0
 61 6043.648900 1.010E-25 0.000E+00.05980.075  815.00000.75-.012087                                                            34443285735217 1 7     0.0    0.0
 61 6043.726700 1.760E-25 0.000E+00.06000.077  407.48000.85-.012100                                                            3433328573421110 7     0.0    0.0
 61 6043.757000 1.110E-25 0.000E+00.05980.075  191.19000.75-.012088                                                            34443285735217 1 7     0.0    0.0
 61 6043.775700 2.730E-26 2.257E-05.06610.083   62.87000.75-.012088                   0 0 0 0 1A1    4F2            3F1        34553285735217 1 7    27.0   21.0
 61 6043.778400 2.780E-26 0.000E+00.05980.075  116.33000.75-.012088                                                            34443285735217 1 7     0.0    0.0
 61 6043.791100 9.250E-26 0.000E+00.05980.075   52.79000.75-.012088                                                            34443285735217 1 7     0.0    0.0
 61 6043.801700 7.430E-26 0.000E+00.05980.075  115.43000.75-.012088                                                            34443285735217 1 7     0.0    0.0
 61 6043.803400 7.480E-26 6.184E-05.06510.082   62.87000.75-.012088                   0 0 0 0 1A1    4F1            3F2        34663285735217 1 7    27.0   21.0
 61 6043.836900 2.910E-26 0.000E+00.05980.075  815.00000.75-.012088                                                            34443285735217 1 7     0.0    0.0
 61 6043.856900 9.090E-26 0.000E+00.05980.075  815.00000.75-.012088                                                            34443285735217 1 7     0.0    0.0
 61 6043.881399 1.960E-25 1.621E-04.06570.080   62.87000.85-.012100                   0 0 0 0 1A1    4F2            3F1  1     3433328573481110 7    27.0   21.0
 61 6043.888200 3.170E-26 0.000E+00.05980.075   72.87000.75-.012088                                                            34443285735217 1 7     0.0    0.0
 61 6043.916000 6.610E-26 0.000E+00.05980.075  815.00000.75-.012088                                                            34443285735217 1 7     0.0    0.0
 61 6043.951888 3.110E-25 0.000E+00.06000.077  815.00000.85-.012100                                                            3433328573421110 7     0.0    0.0
 61 6044.097045 1.710E-25 0.000E+00.05950.077  340.45000.85-.012100                                                            3453328573481110 7     0.0    0.0
 61 6044.122816 6.480E-24 3.738E-02.06220.081   10.48000.68-.012100                   0 0 0 0 1A1    0F2 19         1F1  1     445332857348 7 1 7     3.0    9.0
 61 6044.157200 1.180E-25 0.000E+00.05980.075  815.00000.75-.012088                                                            34443285735217 1 7     0.0    0.0
 61 6044.207500 2.390E-25 0.000E+00.06000.077  815.00000.85-.012100                                                            3433328573421110 7     0.0    0.0
 61 6044.281867 1.210E-24 0.000E+00.05460.077  815.00000.85-.012100                                                            4453328573481110 7     0.0    0.0
 61 6044.310100 4.830E-26 0.000E+00.05980.075  815.00000.75-.012089                                                            34443285735217 1 7     0.0    0.0
 61 6044.327600 2.940E-26 0.000E+00.05980.075  211.22000.75-.012089                                                            34443285735217 1 7     0.0    0.0
 61 6044.357400 1.700E-25 0.000E+00.06000.077  815.00000.85-.012100                                                            3433328573421110 7     0.0    0.0
 61 6044.391600 4.690E-26 0.000E+00.05980.075  815.00000.75-.012089                                                            34443285735217 1 7     0.0    0.0
 61 6044.418500 5.560E-26 0.000E+00.05980.075  815.00000.75-.012089                                                            34443285735217 1 7     0.0    0.0
 61 6044.436500 2.700E-25 0.000E+00.06000.077  815.00000.85-.012100                                                            3433328573421110 7     0.0    0.0
 61 6044.499000 1.820E-25 0.000E+00.06000.077  316.18000.85-.012100                                                            3433328573421110 7     0.0    0.0
 61 6044.618700 1.300E-25 0.000E+00.06000.077  815.00000.85-.012100                                                            3433328573421110 7     0.0    0.0
 61 6044.673800 5.940E-26 0.000E+00.05980.075  815.00000.75-.012089                                                            34443285735217 1 7     0.0    0.0
 61 6044.695800 6.670E-26 0.000E+00.05980.075  815.00000.75-.012089                                                            34443285735217 1 7     0.0    0.0
 61 6044.849600 2.270E-26 0.000E+00.05980.075  815.00000.75-.012090                                                            34443285735217 1 7     0.0    0.0
 61 6044.881300 3.130E-26 0.000E+00.05980.075  815.00000.75-.012090                                                            34443285735217 1 7     0.0    0.0
 61 6044.923107 9.730E-25 0.000E+00.06000.077  815.00000.85-.012100                                                            4433328573421110 7     0.0    0.0
 61 6045.105824 1.510E-23 3.216E-02.06500.082   31.44000.86-.013800    0 2 1 0  F2    0 0 0 0 1A1    1F1 55         2F2  1     445335857348 71212     9.0   15.0
 61 6045.160600 5.130E-26 0.000E+00.05980.075  815.00000.75-.012090                                                            34443285735217 1 7     0.0    0.0
 61 6045.241200 7.840E-26 0.000E+00.05980.075  815.00000.75-.012090                                                            34443285735217 1 7     0.0    0.0
 61 6045.312000 3.340E-26 0.000E+00.05980.075  815.00000.75-.012091                                                            34443285735217 1 7     0.0    0.0
 61 6045.441900 5.050E-26 0.000E+00.05980.075  815.00000.75-.012091                                                            34443285735217 1 7     0.0    0.0
 61 6045.463844 8.630E-25 0.000E+00.05460.077  815.00000.85-.012100                                                            4453328573481110 7     0.0    0.0
 61 6045.558411 9.380E-24 2.997E-02.06590.082   31.44000.70-.012100                   0 0 0 0 1A1    1E  33         2E   1     445332857348 7 1 7     6.0   10.0
 61 6045.569794 1.990E-24 0.000E+00.06310.077  815.00000.85-.012100                                                            4453328573481110 7     0.0    0.0
 61 6045.609900 1.170E-25 0.000E+00.05980.075  815.00000.75-.012091                                                            34443285735217 1 7     0.0    0.0
 61 6045.642600 1.250E-25 0.000E+00.05980.075  815.00000.75-.012091                                                            34443285735217 1 7     0.0    0.0
 61 6045.699700 5.470E-26 0.000E+00.05980.075  351.40000.75-.012091                                                            34443285735217 1 7     0.0    0.0
 61 6045.739234 1.490E-24 0.000E+00.06170.077  814.64000.85-.012100                                                            4453328573481110 7     0.0    0.0
 61 6045.740300 3.200E-25 2.647E-04.06450.079   62.87000.73-.012100                   0 0 0 0 1A1    4F1135         3F2  1     345332857348 7 1 7    27.0   21.0
 61 6045.777300 1.420E-25 1.175E-04.05750.080   62.87000.85-.012100                   0 0 0 0 1A1    4F2            3F1  1     3433328573481110 7    27.0   21.0
 61 6045.799921 1.050E-24 0.000E+00.05460.077  815.00000.85-.012100                                                            4453328573481110 7     0.0    0.0
 61 6045.843700 1.190E-25 0.000E+00.05980.075  815.00000.75-.012092                                                            34443285735217 1 7     0.0    0.0
 61 6045.857726 6.130E-25 0.000E+00.06000.077  815.00000.85-.012100                                                            4433328573421110 7     0.0    0.0
 61 6045.916000 1.040E-25 0.000E+00.05980.075  815.00000.75-.012092                                                            34443285735217 1 7     0.0    0.0
 61 6045.936766 4.730E-25 0.000E+00.05880.077  401.00000.85-.012100                                                            3453328573481110 7     0.0    0.0
 61 6045.963900 2.450E-25 0.000E+00.05980.075  815.00000.75-.012092                                                            34443285735217 1 7     0.0    0.0
 61 6046.052700 2.520E-25 0.000E+00.05980.075  815.00000.75-.012092                                                            34443285735217 1 7     0.0    0.0
 61 6046.073700 1.570E-25 0.000E+00.05980.075  815.00000.75-.012092                                                            34443285735217 1 7     0.0    0.0
 61 6046.131300 9.810E-26 0.000E+00.05980.075  815.00000.75-.012092                                                            34443285735217 1 7     0.0    0.0
 61 6046.150687 4.070E-25 0.000E+00.06000.077  815.00000.85-.012100                                                            3433328573421110 7     0.0    0.0
 61 6046.260700 9.170E-26 0.000E+00.05980.075  815.00000.75-.012093                                                            34443285735217 1 7     0.0    0.0
 61 6046.285677 8.590E-25 0.000E+00.06000.077  815.00000.85-.012100                                                            4433328573421110 7     0.0    0.0
 61 6046.338400 7.220E-26 0.000E+00.05980.075  815.00000.75-.012093                                                            34443285735217 1 7     0.0    0.0
 61 6046.454600 1.160E-25 0.000E+00.05980.075  815.00000.75-.012093                                                            34443285735217 1 7     0.0    0.0
 61 6046.502900 1.400E-25 0.000E+00.05980.075  815.00000.75-.012093                                                            34443285735217 1 7     0.0    0.0
 61 6046.521500 3.230E-26 0.000E+00.05980.075  815.00000.75-.012093                                                            34443285735217 1 7     0.0    0.0
 61 6046.551091 3.910E-25 0.000E+00.06000.077  815.00000.85-.012100                                                            3433328573421110 7     0.0    0.0
 61 6046.568400 5.730E-26 0.000E+00.05980.075  815.00000.75-.012093                                                            34443285735217 1 7     0.0    0.0
 61 6046.626000 2.490E-25 0.000E+00.06000.077  815.00000.85-.012100                                                            3433328573421110 7     0.0    0.0
 61 6046.729708 7.210E-25 0.000E+00.06000.077  815.00000.85-.012100                                                            4433328573421110 7     0.0    0.0
 61 6046.776743 1.300E-24 0.000E+00.06000.077  815.00000.85-.012100                                                            4433328573421110 7     0.0    0.0
 61 6046.823749 1.530E-25 0.000E+00.05980.075  112.19000.75-.012094                                                            34443285735217 1 7     0.0    0.0
 61 6046.921445 8.570E-25 0.000E+00.05980.075  641.68590.75-.012094                                                            44443285735217 1 7     0.0    0.0
 61 6046.942069 8.650E-22 7.159E-01.06170.079   62.87000.73-.007750                   0 0 0 0 1A1    4F2142         3F1  1     448335867457 7 118    27.0   21.0
 61 6046.951708 8.650E-22 7.159E-01.07060.079   62.87000.73-.007750                   0 0 0 0 1A1    4F1136         3F2  1     448335867457 7 118    27.0   21.0
 61 6046.963579 1.430E-21 7.101E-01.06090.079   62.87000.73-.013960    0 0 2 0  F2    0 0 0 0 1A1    4A1 51         3A2  1     448335867457 7 118    45.0   35.0
 61 6047.007381 9.430E-25 0.000E+00.05980.075  815.00000.75-.012094                                                            44443285735217 1 7     0.0    0.0
 61 6047.076700 3.060E-25 0.000E+00.05980.075  815.00000.75-.012094                                                            34443285735217 1 7     0.0    0.0
 61 6047.212900 1.220E-25 0.000E+00.05980.075  815.00000.75-.012094                                                            34443285735217 1 7     0.0    0.0
 61 6047.253400 2.380E-25 0.000E+00.05980.075  815.00000.75-.012095                                                            34443285735217 1 7     0.0    0.0
 61 6047.273546 6.960E-25 0.000E+00.05460.077  815.00000.85-.012100                                                            4453328573481110 7     0.0    0.0
 61 6047.328600 2.310E-25 0.000E+00.05980.075  312.78000.75-.012095                                                            34443285735217 1 7     0.0    0.0
 61 6047.344600 6.120E-25 0.000E+00.05460.077  815.00000.85-.012100                                                            4453328573481110 7     0.0    0.0
 61 6047.457500 1.110E-25 0.000E+00.05980.075  216.65000.75-.012095                                                            34443285735217 1 7     0.0    0.0
 61 6047.540500 1.600E-25 0.000E+00.05980.075  283.28000.75-.012095                                                            34443285735217 1 7     0.0    0.0
 61 6047.560600 1.030E-25 0.000E+00.05980.075  815.00000.75-.012095                                                            34443285735217 1 7     0.0    0.0
 61 6047.598100 7.620E-26 0.000E+00.05980.075  815.00000.75-.012095                                                            34443285735217 1 7     0.0    0.0
 61 6047.781200 1.940E-25 0.000E+00.05980.075  815.00000.75-.012096                                                            34443285735217 1 7     0.0    0.0
 61 6047.872100 2.900E-25 0.000E+00.06000.077  815.00000.85-.012100                                                            3433328573421110 7     0.0    0.0
 61 6047.941900 2.060E-25 0.000E+00.05980.075  815.00000.75-.012096                                                            34443285735217 1 7     0.0    0.0
 61 6047.974100 9.650E-26 0.000E+00.05980.075  815.00000.75-.012096                                                            34443285735217 1 7     0.0    0.0
 61 6048.002201 7.040E-25 0.000E+00.05460.077  815.00000.85-.012100                                                            4453328573481110 7     0.0    0.0
 61 6048.022208 7.300E-25 0.000E+00.05460.077  815.00000.85-.012100                                                            4453328573481110 7     0.0    0.0
 61 6048.091300 3.570E-26 0.000E+00.05980.075  815.00000.75-.012096                                                            34443285735217 1 7     0.0    0.0
 61 6048.177886 4.530E-25 0.000E+00.06000.077  815.00000.85-.012100                                                            3433328573421110 7     0.0    0.0
 61 6048.338400 2.540E-26 0.000E+00.05980.075  262.53000.75-.012097                                                            34443285735217 1 7     0.0    0.0
 61 6048.380181 8.940E-25 7.202E-04.06310.076  293.15000.85-.012100                   0 0 0 0 1A1    8A1            7A2        4433328573421110 7    85.0   75.0
 61 6048.421900 1.400E-25 0.000E+00.05980.075  815.00000.75-.012097                                                            34443285735217 1 7     0.0    0.0
 61 6048.439196 3.860E-25 5.183E-04.05990.077  293.16000.85-.012100                   0 0 0 0 1A1    8F1            7F2        3453328573481110 7    51.0   45.0
 61 6048.443600 1.640E-25 0.000E+00.05980.075  322.34000.75-.012097                                                            34443285735217 1 7     0.0    0.0
 61 6048.455600 2.300E-25 4.633E-04.05990.077  293.17000.85-.012100                   0 0 0 0 1A1    8E             7E         3453328573481110 7    34.0   30.0
 61 6048.460400 5.210E-26 0.000E+00.05980.075  308.70000.75-.012097                                                            34443285735217 1 7     0.0    0.0
 61 6048.474700 2.920E-25 3.920E-04.06080.077  293.12000.75-.012097                   0 0 0 0 1A1    8F1            7F2        34663285735217 1 7    51.0   45.0
 61 6048.531700 3.630E-26 0.000E+00.05980.075  815.00000.75-.012097                                                            34443285735217 1 7     0.0    0.0
 61 6048.556600 2.830E-25 0.000E+00.06000.077  815.00000.85-.012100                                                            3433328573421110 7     0.0    0.0
 61 6048.600100 3.920E-26 0.000E+00.05980.075  815.00000.75-.012097                                                            34443285735217 1 7     0.0    0.0
 61 6048.627400 1.040E-25 0.000E+00.05980.075  815.00000.75-.012097                                                            34443285735217 1 7     0.0    0.0
 61 6048.738300 8.340E-26 0.000E+00.05980.075  815.00000.75-.012097                                                            34443285735217 1 7     0.0    0.0
 61 6048.828600 1.570E-26 0.000E+00.05980.075  815.00000.75-.012098                                                            34443285735217 1 7     0.0    0.0
 61 6048.863300 4.750E-26 0.000E+00.05980.075  815.00000.75-.012098                                                            34443285735217 1 7     0.0    0.0
 61 6048.968300 1.580E-25 0.000E+00.06000.077  815.00000.85-.012100                                                            3433328573421110 7     0.0    0.0
 61 6048.985300 3.250E-26 0.000E+00.05980.075  815.00000.75-.012098                                                            34443285735217 1 7     0.0    0.0
 61 6049.192400 3.620E-26 0.000E+00.05980.075  137.47000.75-.012098                                                            34443285735217 1 7     0.0    0.0
 61 6049.377400 3.450E-26 0.000E+00.05980.075  815.00000.75-.012099                                                            34443285735217 1 7     0.0    0.0
 61 6049.403300 1.800E-26 0.000E+00.05980.075  815.00000.75-.012099                                                            34443285735217 1 7     0.0    0.0
 61 6049.471587 3.560E-25 0.000E+00.06000.077  815.00000.85-.012100                                                            3433328573421110 7     0.0    0.0
 61 6049.492200 1.810E-25 0.000E+00.05980.075  387.28000.75-.012099                                                            34443285735217 1 7     0.0    0.0
 61 6049.562500 1.970E-25 0.000E+00.06000.077  374.68000.85-.012100                                                            3433328573421110 7     0.0    0.0
 61 6049.576700 4.730E-26 0.000E+00.05980.075  815.00000.75-.012099                                                            34443285735217 1 7     0.0    0.0
 61 6049.641400 1.520E-25 0.000E+00.06000.077  815.00000.85-.012100                                                            3433328573421110 7     0.0    0.0
 61 6049.669600 1.180E-25 0.000E+00.06000.077  400.83000.85-.012100                                                            3433328573421110 7     0.0    0.0
 61 6049.771900 1.640E-25 2.623E-04.06000.077  219.91000.85-.012100                   0 0 0 0 1A1    7E             6E         3433328573421110 7    30.0   26.0
 61 6049.886200 1.440E-25 0.000E+00.06000.077  815.00000.85-.012100                                                            3433328573421110 7     0.0    0.0
 61 6050.052163 6.200E-25 0.000E+00.04750.065  950.15000.63-.012100                   0 0 0 0 1A1                  13A1  1     445332857348 7 1 7     0.0    0.0
 61 6050.065032 6.070E-25 0.000E+00.04750.065  950.15000.63-.012100                   0 0 0 0 1A1                  13A1  1     445332857348 7 1 7     0.0    0.0
 61 6050.101100 6.940E-27 0.000E+00.05980.075  815.00000.75-.012100                                                            34443285735217 1 7     0.0    0.0
 61 6050.183165 3.110E-25 3.317E-04.06440.078  219.94000.85-.012100                   0 0 0 0 1A1    7F2            6F1  1     3433328573481110 7    45.0   39.0
 61 6050.189400 1.770E-25 0.000E+00.05980.075  251.99000.75-.012100                                                            34443285735217 1 7     0.0    0.0
 61 6050.247200 1.790E-26 0.000E+00.05980.075  279.22000.75-.012100                                                            34443285735217 1 7     0.0    0.0
 61 6050.292300 1.070E-25 0.000E+00.05980.075  815.00000.75-.012101                                                            34443285735217 1 7     0.0    0.0
 61 6050.355700 1.820E-26 0.000E+00.05980.075  815.00000.75-.012101                                                            34443285735217 1 7     0.0    0.0
 61 6050.451100 7.120E-26 0.000E+00.05980.075  815.00000.75-.012101                                                            34443285735217 1 7     0.0    0.0
 61 6050.514000 4.550E-26 0.000E+00.05980.075  815.00000.75-.012101                                                            34443285735217 1 7     0.0    0.0
 61 6050.537100 1.040E-25 0.000E+00.05980.075  815.00000.75-.012101                                                            34443285735217 1 7     0.0    0.0
 61 6050.625000 1.230E-25 0.000E+00.05980.075  402.07000.75-.012101                                                            34443285735217 1 7     0.0    0.0
 61 6050.653800 1.800E-25 0.000E+00.06000.077  815.00000.85-.012100                                                            3433328573421110 7     0.0    0.0
 61 6050.710400 7.090E-26 0.000E+00.05980.075  815.00000.75-.012101                                                            34443285735217 1 7     0.0    0.0
 61 6050.829100 5.780E-26 0.000E+00.05980.075  815.00000.75-.012102                                                            34443285735217 1 7     0.0    0.0
 61 6050.849100 2.470E-25 0.000E+00.05980.075  815.00000.75-.012102                                                            34443285735217 1 7     0.0    0.0
 61 6050.863800 2.540E-25 0.000E+00.06000.077  815.00000.85-.012100                                                            3433328573421110 7     0.0    0.0
 61 6050.951700 1.410E-26 0.000E+00.05980.075  815.00000.75-.012102                                                            34443285735217 1 7     0.0    0.0
 61 6050.986800 4.840E-26 0.000E+00.05980.075  815.00000.75-.012102                                                            34443285735217 1 7     0.0    0.0
 61 6051.034200 1.720E-26 0.000E+00.05980.075  815.00000.75-.012102                                                            34443285735217 1 7     0.0    0.0
 61 6051.066400 1.930E-26 0.000E+00.05980.075  815.00000.75-.012102                                                            34443285735217 1 7     0.0    0.0
 61 6051.100600 1.290E-25 0.000E+00.05980.075  815.00000.75-.012102                                                            34443285735217 1 7     0.0    0.0
 61 6051.145000 2.490E-26 0.000E+00.05980.075  815.00000.75-.012102                                                            34443285735217 1 7     0.0    0.0
 61 6051.206500 1.270E-25 0.000E+00.05980.075  815.00000.75-.012102                                                            34443285735217 1 7     0.0    0.0
 61 6051.231900 1.530E-25 0.000E+00.06000.077  815.00000.85-.012100                                                            3433328573421110 7     0.0    0.0
 61 6051.277300 1.400E-25 0.000E+00.06000.077  815.00000.85-.012100                                                            3433328573421110 7     0.0    0.0
 61 6051.292500 4.560E-26 0.000E+00.05980.075  815.00000.75-.012103                                                            34443285735217 1 7     0.0    0.0
 61 6051.317839 1.130E-24 1.519E-03.06310.076  293.17000.85-.012100                   0 0 0 0 1A1    8F2            7F1  2     4433328573481110 7    51.0   45.0
 61 6051.340800 5.650E-26 0.000E+00.05980.075  815.00000.75-.012103                                                            34443285735217 1 7     0.0    0.0
 61 6051.418211 1.450E-24 0.000E+00.06000.077 1483.40280.85-.012100                                                            4433328573421110 7     0.0    0.0
 61 6051.440340 3.510E-25 7.077E-04.06000.077  293.17000.85-.012100                   0 0 0 0 1A1    8E             7E         3433328573421110 7    34.0   30.0
 61 6051.465300 1.140E-25 0.000E+00.05980.075  815.00000.75-.012103                                                            34443285735217 1 7     0.0    0.0
 61 6051.493200 4.260E-26 0.000E+00.05980.075  815.00000.75-.012103                                                            34443285735217 1 7     0.0    0.0
 61 6051.567400 2.020E-25 0.000E+00.05980.075  815.00000.75-.012103                                                            34443285735217 1 7     0.0    0.0
 61 6051.582500 2.460E-25 0.000E+00.06000.077  815.00000.85-.012100                                                            3433328573421110 7     0.0    0.0
 61 6051.610422 3.390E-25 0.000E+00.05980.075  814.64000.75-.012103                                                            34443285735217 1 7     0.0    0.0
 61 6051.617349 3.510E-24 2.248E-03.06270.077  219.94000.70-.012100                   0 0 0 0 1A1    7A2 79         6A1  1     445332857348 7 1 7    75.0   65.0
 61 6051.643410 4.090E-25 0.000E+00.06130.075  381.52000.85-.012100                                                            3433328573421110 7     0.0    0.0
 61 6051.663600 1.360E-25 0.000E+00.05980.075  815.00000.75-.012103                                                            34443285735217 1 7     0.0    0.0
 61 6051.679700 2.600E-25 0.000E+00.06000.077  815.00000.85-.012100                                                            3433328573421110 7     0.0    0.0
 61 6051.719700 4.720E-26 0.000E+00.05980.075  815.00000.75-.012103                                                            34443285735217 1 7     0.0    0.0
 61 6051.746600 1.910E-25 0.000E+00.05980.075  815.00000.75-.012103                                                            34443285735217 1 7     0.0    0.0
 61 6051.856900 2.320E-26 0.000E+00.05980.075  815.00000.75-.012104                                                            34443285735217 1 7     0.0    0.0
 61 6051.895000 2.080E-26 0.000E+00.05980.075  815.00000.75-.012104                                                            34443285735217 1 7     0.0    0.0
 61 6051.913100 2.760E-25 0.000E+00.05980.075  815.00000.75-.012104                                                            34443285735217 1 7     0.0    0.0
 61 6051.927274 1.960E-24 0.000E+00.04750.065  950.15000.63-.012100                   0 0 0 0 1A1                  13A1  1     445332857348 7 1 7     0.0    0.0
 61 6052.000000 4.720E-26 0.000E+00.05980.075  815.00000.75-.012104                                                            34443285735217 1 7     0.0    0.0
 61 6052.011800 7.570E-26 0.000E+00.05980.075  312.90000.75-.012104                                                            34443285735217 1 7     0.0    0.0
 61 6052.012300 2.560E-25 3.442E-04.06000.077  293.17000.85-.012100                   0 0 0 0 1A1    8F2            7F1        3433328573421110 7    51.0   45.0
 61 6052.033200 3.550E-26 0.000E+00.05980.075  815.00000.75-.012104                                                            34443285735217 1 7     0.0    0.0
 61 6052.051200 1.760E-25 0.000E+00.05980.075  228.69000.75-.012104                                                            34443285735217 1 7     0.0    0.0
 61 6052.053959 1.480E-24 1.580E-03.06270.077  219.94000.70-.012100                   0 0 0 0 1A1    7F2225         6F1  1     445332857348 7 1 7    45.0   39.0
 61 6052.068556 5.480E-25 7.366E-04.05790.073  293.12000.75-.012104                   0 0 0 0 1A1    8F2            7F1        44553285735217 1 7    51.0   45.0
 61 6052.150900 9.250E-26 0.000E+00.05980.075  815.00000.75-.012104                                                            34443285735217 1 7     0.0    0.0
 61 6052.168000 2.950E-26 0.000E+00.05980.075  815.00000.75-.012104                                                            34443285735217 1 7     0.0    0.0
 61 6052.215800 1.330E-25 0.000E+00.05980.075  815.00000.75-.012104                                                            34443285735217 1 7     0.0    0.0
 61 6052.265989 9.440E-25 1.008E-03.06270.077  219.93000.70-.012100                   0 0 0 0 1A1    7F1230         6F2  2     445332857348 7 1 7    45.0   39.0
 61 6052.266200 3.770E-25 0.000E+00.05980.075  240.37000.75-.012105                                                            34443285735217 1 7     0.0    0.0
 61 6052.287900 5.890E-26 6.286E-05.06360.080  219.91000.75-.012105                   0 0 0 0 1A1    7F1            6F2        34663285735217 1 7    45.0   39.0
 61 6052.339400 8.940E-26 0.000E+00.05980.075  815.00000.75-.012105                                                            34443285735217 1 7     0.0    0.0
 61 6052.363800 4.160E-26 0.000E+00.05980.075  214.00000.75-.012105                                                            34443285735217 1 7     0.0    0.0
 61 6052.384800 6.300E-26 0.000E+00.05980.075  815.00000.75-.012105                                                            34443285735217 1 7     0.0    0.0
 61 6052.426800 6.220E-26 0.000E+00.05980.075  815.00000.75-.012105                                                            34443285735217 1 7     0.0    0.0
 61 6052.447800 1.840E-25 0.000E+00.05980.075  230.27000.75-.012105                                                            34443285735217 1 7     0.0    0.0
 61 6052.468300 9.590E-26 0.000E+00.05980.075  815.00000.75-.012105                                                            34443285735217 1 7     0.0    0.0
 61 6052.483500 3.790E-26 0.000E+00.05980.075  301.56000.75-.012105                                                            34443285735217 1 7     0.0    0.0
 61 6052.484880 3.170E-25 4.262E-04.06080.077  293.16000.75-.012105                   0 0 0 0 1A1    8F1            7F2        34663285735217 1 7    51.0   45.0
 61 6052.502904 3.170E-25 0.000E+00.05980.075  130.81000.75-.012105                                                            34443285735217 1 7     0.0    0.0
 61 6052.522700 1.880E-25 2.527E-04.06080.077  293.12000.75-.012105                   0 0 0 0 1A1    8F1            7F2        34663285735217 1 7    51.0   45.0
 61 6052.545400 4.930E-26 0.000E+00.05980.075  815.00000.75-.012105                                                            34443285735217 1 7     0.0    0.0
 61 6052.586349 1.460E-25 0.000E+00.05980.075  314.22000.75-.012105                                                            34443285735217 1 7     0.0    0.0
 61 6052.603000 2.300E-25 0.000E+00.06000.077  815.00000.85-.012100                                                            3433325873421110 7     0.0    0.0
 61 6052.635300 4.640E-26 0.000E+00.05980.075  305.30000.75-.012105                                                            34443285735217 1 7     0.0    0.0
 61 6052.816400 1.210E-26 0.000E+00.05980.075  815.00000.75-.012106                                                            34443285735217 1 7     0.0    0.0
 61 6052.899400 4.660E-26 0.000E+00.05980.075  815.00000.75-.012106                                                            34443285735217 1 7     0.0    0.0
 61 6052.935100 8.270E-26 0.000E+00.05980.075  815.00000.75-.012106                                                            34443285735217 1 7     0.0    0.0
 61 6052.970200 1.250E-25 0.000E+00.05980.075  389.23000.75-.012106                                                            34443285735217 1 7     0.0    0.0
 61 6052.994100 6.850E-26 0.000E+00.05980.075  815.00000.75-.012106                                                            34443285735217 1 7     0.0    0.0
 61 6053.078471 1.550E-24 0.000E+00.05950.075 1221.65980.85-.012100                                                            4453328573481110 7     0.0    0.0
 61 6053.152300 1.620E-26 0.000E+00.05980.075  815.00000.75-.012106                                                            34443285735217 1 7     0.0    0.0
 61 6053.194200 7.790E-26 9.720E-05.05980.075  104.77000.75-.012106                   0 0 0 0 1A1    5E             4E         34553285735217 1 7    22.0   18.0
 61 6053.197800 1.130E-25 0.000E+00.06570.079  184.70000.85-.012100                                                            3433328573421110 7     0.0    0.0
 61 6053.243200 2.010E-25 0.000E+00.05980.075  815.00000.75-.012106                                                            34443285735217 1 7     0.0    0.0
 61 6053.267826 1.790E-25 0.000E+00.06000.077  498.09000.85-.012100                                                            3433328573421110 7     0.0    0.0
 61 6053.313500 1.330E-25 0.000E+00.05980.075  815.00000.75-.012107                                                            34443285735217 1 7     0.0    0.0
 61 6053.323600 7.830E-26 6.514E-05.06590.083  104.78000.75-.012107                   0 0 0 0 1A1    5F1            4F2        34663285735217 1 7    33.0   27.0
 61 6053.327200 5.860E-26 0.000E+00.05980.075  815.00000.75-.012107                                                            34443285735217 1 7     0.0    0.0
 61 6053.356286 3.520E-25 2.928E-04.06430.078  104.77000.72-.012100                   0 0 0 0 1A1    5F2164         4F1  1     345332857348 7 1 7    33.0   27.0
 61 6053.369300 4.500E-26 0.000E+00.05980.075  113.73000.75-.012107                                                            34443285735217 1 7     0.0    0.0
 61 6053.381073 1.110E-24 5.541E-04.06430.078  104.77000.72-.012100                   0 0 0 0 1A1    5A2 58         4A1  1     445332857348 7 1 7    55.0   45.0
 61 6053.432600 1.170E-25 0.000E+00.05980.075  815.00000.75-.012107                                                            34443285735217 1 7     0.0    0.0
 61 6053.459616 1.010E-24 0.000E+00.05460.077  815.00000.85-.012100                                                            4453328573481110 7     0.0    0.0
 61 6053.488300 1.940E-25 0.000E+00.05980.075  815.00000.75-.012107                                                            34443285735217 1 7     0.0    0.0
 61 6053.512700 7.280E-26 0.000E+00.05980.075  815.00000.75-.012107                                                            34443285735217 1 7     0.0    0.0
 61 6053.555200 3.140E-25 0.000E+00.05460.077  815.00000.85-.012100                                                            3453328573481110 7     0.0    0.0
 61 6053.593289 6.200E-25 0.000E+00.05460.077  815.00000.85-.012100                                                            4453328573481110 7     0.0    0.0
 61 6053.616700 4.870E-25 0.000E+00.05980.075  333.53000.75-.012107                                                            34443285735217 1 7     0.0    0.0
 61 6053.618164 4.890E-25 6.576E-04.05790.073  293.12000.75-.012107                   0 0 0 0 1A1    8F2            7F1        34553285735217 1 7    51.0   45.0
 61 6053.684600 2.220E-26 0.000E+00.05980.075  815.00000.75-.012107                                                            34443285735217 1 7     0.0    0.0
 61 6053.737053 3.300E-25 3.356E-04.06530.078  104.77000.72-.012100                   0 0 0 0 1A1    4F2145         4F1  1     345332857348 7 1 7    27.0   27.0
 61 6053.764200 2.300E-25 0.000E+00.05980.075  815.00000.75-.012108                                                            34443285735217 1 7     0.0    0.0
 61 6053.774658 3.610E-25 4.449E-04.06270.077  219.94000.70-.012100                   0 0 0 0 1A1    6F2209         6F1  1     345332857348 7 1 7    39.0   39.0
 61 6053.798300 3.870E-25 0.000E+00.05980.075  815.00000.75-.012108                                                            34443285735217 1 7     0.0    0.0
 61 6053.814600 4.960E-25 0.000E+00.05980.075  814.64000.75-.012108                                                            34443285735217 1 7     0.0    0.0
 61 6053.818783 7.960E-25 8.490E-04.06510.082   62.87000.75-.012108                   0 0 0 0 1A1    3F1            3F2        44663285735217 1 7    21.0   21.0
 61 6053.826232 1.580E-24 1.275E-03.06220.076  293.15000.85-.012100                   0 0 0 0 1A1    8A1            7A2        4453328573481110 7    85.0   75.0
 61 6053.826600 2.220E-25 2.986E-04.06080.077  293.16000.75-.012108                   0 0 0 0 1A1    8F1            7F2        34663285735217 1 7    51.0   45.0
 61 6053.828700 5.490E-25 5.892E-04.06500.082  157.13000.75-.012108                   0 0 0 0 1A1    5F2            5F1        45553285735217 1 7    33.0   33.0
 61 6053.844400 2.050E-25 2.200E-04.06500.082  157.12000.75-.012108                   0 0 0 0 1A1    5F2            5F1        34553285735217 1 7    33.0   33.0
 61 6053.854800 4.940E-25 7.531E-04.06080.077  293.16000.75-.012108                   0 0 0 0 1A1    7F1            7F2        34663285735217 1 7    45.0   45.0
 61 6053.858298 5.680E-25 7.639E-04.06080.077  293.12000.75-.012108                   0 0 0 0 1A1    8F1            7F2        44663285735217 1 7    51.0   45.0
 61 6053.889200 2.660E-25 0.000E+00.05980.075  815.00000.75-.012108                                                            34443285735217 1 7     0.0    0.0
 61 6053.900800 1.750E-25 0.000E+00.05980.075  232.29000.75-.012108                                                            34443285735217 1 7     0.0    0.0
 61 6053.914519 1.340E-24 1.651E-03.06310.077  219.93000.70-.012100                   0 0 0 0 1A1    6F1201         6F2  2     445332857348 7 1 7    39.0   39.0
 61 6053.930681 1.420E-24 1.444E-03.06430.078  104.78000.72-.012100                   0 0 0 0 1A1    4F1139         4F2  1     445332857348 7 1 7    27.0   27.0
 61 6053.933800 5.330E-25 0.000E+00.05980.075  197.60000.75-.012108                                                            45443285735217 1 7     0.0    0.0
 61 6053.943933 1.320E-24 1.207E-03.06300.076  293.15000.70-.012100                   0 0 0 0 1A1    7A1 75         7A2  1     445332857348 7 1 7    75.0   75.0
 61 6053.946195 9.160E-25 1.475E-03.06400.077  157.13000.72-.012100                   0 0 0 0 1A1    5E 115         5E   1     445332857348 7 1 7    22.0   22.0
 61 6053.965800 1.660E-25 0.000E+00.05980.075  815.00000.75-.012108                                                            34443285735217 1 7     0.0    0.0
 61 6053.981900 1.270E-25 0.000E+00.05980.075  815.00000.75-.012108                                                            34443285735217 1 7     0.0    0.0
 61 6054.003900 1.770E-25 0.000E+00.05980.075  815.00000.75-.012108                                                            34443285735217 1 7     0.0    0.0
 61 6054.045400 1.010E-25 0.000E+00.05980.075  815.00000.75-.012108                                                            34443285735217 1 7     0.0    0.0
 61 6054.080600 1.310E-25 0.000E+00.05980.075  815.00000.75-.012108                                                            34443285735217 1 7     0.0    0.0
 61 6054.099600 1.400E-25 0.000E+00.05980.075  815.00000.75-.012108                                                            34443285735217 1 7     0.0    0.0
 61 6054.136200 7.950E-26 0.000E+00.05980.075  815.00000.75-.012108                                                            34443285735217 1 7     0.0    0.0
 61 6054.154300 3.050E-25 0.000E+00.06000.077  429.07000.85-.012100                                                            3433328573421110 7     0.0    0.0
 61 6054.217966 2.950E-25 0.000E+00.06000.077  257.17000.85-.012100                                                            3433328573421110 7     0.0    0.0
 61 6054.295400 1.220E-25 0.000E+00.05980.075  815.00000.75-.012109                                                            34443285735217 1 7     0.0    0.0
 61 6054.309100 2.230E-25 0.000E+00.06000.077  815.00000.85-.012100                                                            3433328573421110 7     0.0    0.0
 61 6054.372100 2.160E-25 0.000E+00.05980.075  815.00000.75-.012109                                                            34443285735217 1 7     0.0    0.0
 61 6054.432225 2.030E-23 3.917E-02.06380.081   10.48000.88-.010500                   0 0 0 0 1A1    1F2 45         1F1  1     445335857348 71212     9.0    9.0
 61 6054.469700 2.440E-25 0.000E+00.06000.077  815.00000.85-.012100                                                            3433328573421110 7     0.0    0.0
 61 6054.511200 6.610E-26 0.000E+00.05980.075  815.00000.75-.012109                                                            34443285735217 1 7     0.0    0.0
 61 6054.551300 7.800E-26 0.000E+00.05980.075  815.00000.75-.012109                                                            34443285735217 1 7     0.0    0.0
 61 6054.573200 6.190E-26 0.000E+00.05980.075  815.00000.75-.012109                                                            34443285735217 1 7     0.0    0.0
 61 6054.589400 1.060E-25 0.000E+00.05980.075  815.00000.75-.012109                                                            34443285735217 1 7     0.0    0.0
 61 6054.613300 5.690E-26 0.000E+00.05980.075  815.00000.75-.012109                                                            34443285735217 1 7     0.0    0.0
 61 6054.634300 2.120E-25 0.000E+00.05980.075  815.00000.75-.012109                                                            34443285735217 1 7     0.0    0.0
 61 6054.649224 1.650E-25 0.000E+00.05980.075  337.07000.75-.012109                                                            34443285735217 1 7     0.0    0.0
 61 6054.674800 7.220E-26 0.000E+00.05980.075  815.00000.75-.012109                                                            34443285735217 1 7     0.0    0.0
 61 6054.721700 3.200E-26 0.000E+00.05980.075  815.00000.75-.012109                                                            34443285735217 1 7     0.0    0.0
 61 6054.749000 1.760E-25 0.000E+00.05980.075  815.00000.75-.012109                                                            34443285735217 1 7     0.0    0.0
 61 6054.792179 2.140E-25 0.000E+00.05980.075    0.00000.75-.012110                                                            34443285735217 1 7     0.0    0.0
 61 6054.817396 2.790E-23 3.577E-02.06540.082   31.44000.88-.011400                   0 0 0 0 1A1    2F1 75         2F2  1     445335857348 71212    15.0   15.0
 61 6054.830709 2.330E-25 0.000E+00.05980.075  532.27150.75-.012110                                                            34443285735217 1 7     0.0    0.0
 61 6054.872100 1.980E-25 0.000E+00.05980.075  815.00000.75-.012110                                                            34443285735217 1 7     0.0    0.0
 61 6054.931377 1.990E-24 0.000E+00.06000.077  815.00000.85-.012100                                                            4433328573421110 7     0.0    0.0
 61 6054.947300 2.460E-25 0.000E+00.05980.075  815.00000.75-.012110                                                            34443285735217 1 7     0.0    0.0
 61 6054.969700 6.080E-26 0.000E+00.05980.075  815.00000.75-.012110                                                            34443285735217 1 7     0.0    0.0
 61 6055.070046 2.000E-23 3.846E-02.06450.082   31.44000.86-.006100                   0 0 0 0 1A1    2E  55         2E   1     445333857348 71212    10.0   10.0
 61 6055.084627 5.060E-23 3.239E-02.06500.079   62.87000.71-.009300                   0 0 0 0 1A1    3A1 33         3A2  1     445334857348 71212    35.0   35.0
 61 6055.101409 6.010E-24 3.480E-02.06490.081   10.48000.68-.012100                   0 0 0 0 1A1    0F2            1F1        443332857348 7 1 7     3.0    9.0
 61 6055.187500 2.410E-25 0.000E+00.06000.077  815.00000.85-.012100                                                            3433328573421110 7     0.0    0.0
 61 6055.215300 1.680E-25 0.000E+00.05980.075  815.00000.75-.012110                                                            34443285735217 1 7     0.0    0.0
 61 6055.302700 1.520E-25 2.811E-04.05660.071  219.91000.75-.012111                   0 0 0 0 1A1    6E             6E         34553285735217 1 7    26.0   26.0
 61 6055.306033 2.710E-25 0.000E+00.06000.077  305.96000.85-.012100                                                            3433328573421110 7     0.0    0.0
 61 6055.379452 4.430E-25 0.000E+00.06000.077  815.00000.85-.012100                                                            3433328573421110 7     0.0    0.0
 61 6055.454057 5.170E-25 6.374E-04.06270.077  219.94000.70-.012100                   0 0 0 0 1A1    6F2210         6F1  1     445332857348 7 1 7    39.0   39.0
 61 6055.477850 6.260E-25 0.000E+00.06000.077  815.00000.85-.012100                                                            4433328573421110 7     0.0    0.0
 61 6055.527632 3.020E-23 3.223E-02.06550.079   62.87000.90-.011700    0 2 1 0  F2    0 0 0 0 1A1    3F1            3F2  1     445335857348 71212    21.0   21.0
 61 6055.570300 1.310E-25 0.000E+00.05980.075  815.00000.75-.012111                                                            34443285735217 1 7     0.0    0.0
 61 6055.608761 5.960E-25 0.000E+00.06570.079  815.00000.85-.012100                                                            4433328573421110 7     0.0    0.0
 61 6055.615284 1.040E-24 1.299E-03.06530.078  104.77000.72-.012100                   0 0 0 0 1A1    5E 112         4E   1     445332857348 7 1 7    22.0   18.0
 61 6055.660500 1.790E-25 1.490E-04.06570.079  104.77000.85-.012100                   0 0 0 0 1A1    5F2            4F1        3433328573421110 7    33.0   27.0
 61 6055.663600 1.860E-25 0.000E+00.05980.075  159.03000.75-.012111                                                            34443285735217 1 7     0.0    0.0
 61 6055.674815 1.640E-24 0.000E+00.06000.077  815.00000.85-.012100                                                            4433328573421110 7     0.0    0.0
 61 6055.717300 2.030E-26 0.000E+00.05980.075  815.00000.75-.012111                                                            34443285735217 1 7     0.0    0.0
 61 6055.750000 1.670E-25 0.000E+00.05980.075  301.70000.75-.012111                                                            34443285735217 1 7     0.0    0.0
 61 6055.801300 1.570E-25 2.395E-04.06080.077  293.16000.75-.012112                   0 0 0 0 1A1    7F1            7F2        34663285735217 1 7    45.0   45.0
 61 6055.851981 7.230E-25 0.000E+00.05460.077  815.00000.85-.012100                                                            4453328573481110 7     0.0    0.0
 61 6055.888584 1.340E-24 0.000E+00.05980.075  800.00000.75-.012112                                                            44443285735217 1 7     0.0    0.0
 61 6055.899199 3.020E-23 3.148E-02.06660.079   57.99651.03-.010400    0 2 1 0  F2    0 0 0 0 1A1    3F2109         3F1  1     445335857348 71212    21.0   21.0
 61 6055.930098 1.010E-24 0.000E+00.05460.077  815.00000.85-.012100                                                            4453328573481110 7     0.0    0.0
 61 6055.964325 1.370E-24 6.330E-02.05460.077  965.37790.85-.012100                   0 0 0 0 1A1    6F1            7F2        4453328573481110 7    39.0   45.0
 61 6056.001607 2.690E-23 2.684E-02.06500.078  100.67980.94-.010800                   0 0 0 0 1A1    4F1140         4F2  1     445335857348 71212    27.0   27.0
 61 6056.025565 1.220E-24 1.565E-03.06480.082   31.44000.70-.012100                   0 0 0 0 1A1    2F1 76         2F2  1     445332857348 7 1 7    15.0   15.0
 61 6056.085900 1.510E-25 0.000E+00.05980.075  815.00000.75-.012112                                                            34443285735217 1 7     0.0    0.0
 61 6056.106900 1.510E-25 0.000E+00.05980.075  815.00000.75-.012112                                                            34443285735217 1 7     0.0    0.0
 61 6056.125200 4.350E-25 6.637E-04.06160.076  293.17000.70-.012100                   0 0 0 0 1A1    7F2235         7F1  2     345332857348 7 1 7    45.0   45.0
 61 6056.128300 1.090E-25 0.000E+00.05980.075  307.76000.75-.012112                                                            34443285735217 1 7     0.0    0.0
 61 6056.181500 1.590E-25 2.425E-04.05790.073  293.12000.75-.012112                   0 0 0 0 1A1    7F2            7F1        34553285735217 1 7    45.0   45.0
 61 6056.197800 2.140E-25 0.000E+00.05980.075  328.91000.75-.012112                                                            34443285735217 1 7     0.0    0.0
 61 6056.301024 3.990E-25 5.372E-04.06000.077  293.17000.85-.012100                   0 0 0 0 1A1    8F2            7F1        3433328573421110 7    51.0   45.0
 61 6056.302200 8.550E-26 0.000E+00.05980.075  304.96000.75-.012113                                                            34443285735217 1 7     0.0    0.0
 61 6056.325700 1.440E-25 0.000E+00.06000.077   24.41000.85-.012100                                                            3433328573421110 7     0.0    0.0
 61 6056.429958 1.070E-24 2.161E-03.05990.077  293.17000.85-.012100                   0 0 0 0 1A1    8E             7E         4453328573481110 7    34.0   30.0
 61 6056.465424 1.790E-23 2.733E-02.06390.078  104.77000.80-.012700                   0 0 0 0 1A1    4E  97         4E   1     445335857348 71212    18.0   18.0
 61 6056.628540 3.520E-25 0.000E+00.05980.075  466.18000.75-.012113                                                            34443285735217 1 7     0.0    0.0
 61 6056.646789 3.830E-25 1.162E-03.06000.077  376.82000.85-.012100                   0 0 0 0 1A1    8E             8E         3433328573421110 7    34.0   34.0
 61 6056.694800 1.100E-25 0.000E+00.05980.075  815.00000.75-.012113                                                            34443285735217 1 7     0.0    0.0
 61 6056.734900 3.890E-26 0.000E+00.05980.075  815.00000.75-.012113                                                            34443285735217 1 7     0.0    0.0
 61 6056.784012 4.790E-24 5.114E-03.06580.079   62.87000.73-.012100                   0 0 0 0 1A1    3F2110         3F1  1     445332857348 7 1 7    21.0   21.0
 61 6056.813436 2.430E-23 2.474E-02.06820.078  104.77000.72-.010282    0 2 1 0  F2    0 0 0 0 1A1    4F2            4F1  1     467335867458 7 119    27.0   27.0
 61 6056.840062 2.170E-23 2.331E-02.06270.077  157.13000.72-.009690                   0 0 0 0 1A1    5F2172         5F1  2     467335867458 7 119    33.0   33.0
 61 6056.886200 1.920E-25 0.000E+00.05980.075  815.00000.75-.012114                                                            34443285735217 1 7     0.0    0.0
 61 6056.912700 2.450E-24 0.000E+00.05460.077  815.00000.85-.012100                                                            4453328573481110 7     0.0    0.0
 61 6057.079461 1.500E-21 7.496E-01.06140.078  104.77000.72-.008370    0 0 2 0  F2    0 0 0 0 1A1    5A2            4A1  1     448335867457 7 118    55.0   45.0
 61 6057.091768 8.800E-22 7.330E-01.06890.078  104.77000.72-.013050                   0 0 0 0 1A1    5F2167         4F1  1     457335867457 7 118    33.0   27.0
 61 6057.100479 5.970E-22 7.459E-01.05450.078  104.77000.72-.010040                   0 0 0 0 1A1    5E 113         4E   1     468334867457 7 118    22.0   18.0
 61 6057.126601 8.880E-22 7.397E-01.06040.078  104.78000.72-.013050                   0 0 0 0 1A1    5F1175         4F2  1     458335867457 7 118    33.0   27.0
 61 6057.230815 1.320E-23 2.127E-02.06060.077  157.13000.72-.010569                   0 0 0 0 1A1    5E 116         5E   1     477335867458 7 119    22.0   22.0
 61 6057.243642 2.190E-24 2.338E-03.06570.080   62.87000.85-.012100                   0 0 0 0 1A1    3F1            3F2  1     4433328573481110 7    21.0   21.0
 61 6057.296458 2.470E-25 0.000E+00.05980.075  325.70000.75-.012115                                                            34443285735217 1 7     0.0    0.0
 61 6057.332860 1.580E-24 0.000E+00.05460.077 1500.00000.85-.012100                                                            4453328573481110 7     0.0    0.0
 61 6057.376500 3.600E-25 0.000E+00.05980.075  377.11000.75-.012115                                                            34443285735217 1 7     0.0    0.0
 61 6057.416500 6.990E-26 0.000E+00.05980.075  815.00000.75-.012115                                                            34443285735217 1 7     0.0    0.0
 61 6057.525792 6.220E-23 3.800E-02.06590.078  104.77000.72-.012100                   0 0 0 0 1A1    4A2 45         4A1  1     445332857348 7 1 7    45.0   45.0
 61 6057.532578 2.650E-23 1.962E-02.06110.077  219.94000.70-.012100                   0 0 0 0 1A1    6A2 67         6A1  1     445332857348 7 1 7    65.0   65.0
 61 6057.568800 1.750E-25 0.000E+00.05980.075  815.00000.75-.012115                                                            34443285735217 1 7     0.0    0.0
 61 6057.642427 1.860E-23 1.999E-02.06620.077  157.12000.90-.008400                   0 0 0 0 1A1    5F1180         5F2  1     445335857348 71212    33.0   33.0
 61 6057.673840 6.420E-25 0.000E+00.06350.077  432.70580.85-.012100                                                            4453328573481110 7     0.0    0.0
 61 6057.744553 6.120E-24 6.232E-03.06450.078  104.77000.72-.012100                   0 0 0 0 1A1    4F2147         4F1  1     445332857348 7 1 7    27.0   27.0
 61 6057.809200 4.930E-26 0.000E+00.05980.075  115.65000.75-.012116                                                            34443285735217 1 7     0.0    0.0
 61 6057.809492 3.540E-25 3.605E-04.06530.078  104.78000.72-.012100                   0 0 0 0 1A1    4F1141         4F2  1     345332857348 7 1 7    27.0   27.0
 61 6057.858500 9.750E-26 1.717E-04.06080.077  293.16000.75-.012116                   0 0 0 0 1A1    6F1            7F2        34663285735217 1 7    39.0   45.0
 61 6057.878057 4.390E-25 0.000E+00.06000.077  815.00000.85-.012100                                                            3433328573421110 7     0.0    0.0
 61 6057.971464 1.430E-23 1.720E-02.06350.077  214.70580.84-.010800    0 2 1 0  F2    0 0 0 0 1A1    6F2211         6F1  1     445335857348 71212    39.0   39.0
 61 6058.001021 1.190E-25 0.000E+00.05980.075    0.00000.75-.012116                                                            34443285735217 1 7     0.0    0.0
 61 6058.006800 1.390E-25 0.000E+00.05980.075  815.00000.75-.012116                                                            34443285735217 1 7     0.0    0.0
 61 6058.107770 7.280E-25 0.000E+00.05990.077  815.00000.85-.012100                                                            4453328573481110 7     0.0    0.0
 61 6058.145800 1.610E-25 0.000E+00.05980.075  303.70000.75-.012116                                                            34443285735217 1 7     0.0    0.0
 61 6058.147369 1.130E-24 1.522E-03.06150.076  293.16000.85-.012100                   0 0 0 0 1A1    8F1            7F2        4453328573481110 7    51.0   45.0
 61 6058.173746 3.120E-25 0.000E+00.05930.077  328.09000.85-.012100                                                            3453328573481110 7     0.0    0.0
 61 6058.184604 1.380E-24 1.859E-03.06090.076  293.12000.85-.012100                   0 0 0 0 1A1    8F1            7F2        4453328573481110 7    51.0   45.0
 61 6058.325490 1.160E-23 1.432E-02.06410.077  219.93000.70-.012100                   0 0 0 0 1A1    6F1202         6F2  2     435332854848 7 1 7    39.0   39.0
 61 6058.346609 1.910E-24 2.357E-03.06410.077  219.91000.70-.012100                   0 0 0 0 1A1    6F1202         6F2  1     445332857348 7 1 7    39.0   39.0
 61 6058.370100 6.940E-26 0.000E+00.05980.075  815.00000.75-.012117                                                            34443285735217 1 7     0.0    0.0
 61 6058.412600 1.770E-26 0.000E+00.05980.075  815.00000.75-.012117                                                            34443285735217 1 7     0.0    0.0
 61 6058.454100 4.640E-26 0.000E+00.05980.075  815.00000.75-.012117                                                            34443285735217 1 7     0.0    0.0
 61 6058.511586 3.610E-24 3.677E-03.06450.078  104.77000.72-.012100                   0 0 0 0 1A1    4F2148         4F1  1     445332857348 7 1 7    27.0   27.0
 61 6058.513500 5.840E-25 0.000E+00.05980.075  814.64000.75-.012117                                                            45443285735217 1 7     0.0    0.0
 61 6058.527103 3.900E-24 5.958E-03.06450.078  104.77000.72-.012100                   0 0 0 0 1A1    4E  98         4E   1     445332857348 7 1 7    18.0   18.0
 61 6058.572300 3.120E-26 0.000E+00.05980.075  815.00000.75-.012117                                                            34443285735217 1 7     0.0    0.0
 61 6058.657911 2.170E-23 1.607E-02.06480.077  219.91000.70-.012100    0 2 1 0  F2    0 0 0 0 1A1    6A1 73         6A26A2     443332857348 7 1 7    65.0   65.0
 61 6058.691700 1.070E-25 1.885E-04.05790.073  293.17000.75-.012117                   0 0 0 0 1A1    6F2            7F1        34553285735217 1 7    39.0   45.0
 61 6058.722700 1.190E-25 0.000E+00.05980.075  222.02000.75-.012117                                                            34443285735217 1 7     0.0    0.0
 61 6058.759493 8.780E-24 1.341E-02.06180.076  293.17000.70-.012100                   0 0 0 0 1A1    7F2236         7F1  2     445332857348 7 1 7    45.0   45.0
 61 6058.795177 5.090E-25 5.472E-04.06620.079  157.13000.85-.012100                   0 0 0 0 1A1    5F2173         5F1  2     4433328573481110 7    33.0   33.0
 61 6058.810034 2.720E-23 2.924E-02.06620.077  157.12000.72-.012100    0 2 1 0  F2    0 0 0 0 1A1    5F2173         5F1  1     443332857348 7 1 7    33.0   33.0
 61 6058.852500 5.180E-26 0.000E+00.05980.075  815.00000.75-.012118                                                            34443285735217 1 7     0.0    0.0
 61 6058.896174 1.410E-24 2.274E-03.06400.077  157.13000.72-.012100                   0 0 0 0 1A1    5E 117         5E   1     445332857348 7 1 7    22.0   22.0
 61 6058.900200 2.130E-25 0.000E+00.06140.077  166.00000.85-.012100                                                            3453326073481210 7     0.0    0.0
 61 6058.947200 2.070E-24 2.225E-03.06540.082  157.12000.75-.012118                   0 0 0 0 1A1    5F1181         5F2  1     45663285735217 1 7    33.0   33.0
 61 6059.101307 5.920E-24 1.356E-02.06250.076  293.17000.85-.012100                   0 0 0 0 1A1    7E             7E         4453328573481110 7    30.0   30.0
 61 6059.333500 2.550E-25 0.000E+00.06000.077  815.00000.85-.012100                                                            3433328573421110 7     0.0    0.0
 61 6059.396535 6.600E-24 1.008E-02.06180.076  293.16000.70-.012100                   0 0 0 0 1A1    7F1243         7F2  2     445332857348 7 1 7    45.0   45.0
 61 6059.434749 1.870E-24 2.856E-03.06180.076  293.12000.70-.012100                   0 0 0 0 1A1    7F1243         7F2  1     445332857348 7 1 7    45.0   45.0
 61 6059.439700 2.720E-25 0.000E+00.05980.075  303.92000.75-.012119                                                            34443285735217 1 7     0.0    0.0
 61 6059.593300 6.780E-26 0.000E+00.05980.075  815.00000.75-.012119                                                            34443285735217 1 7     0.0    0.0
 61 6059.699700 1.250E-25 0.000E+00.05980.075  815.00000.75-.012119                                                            34443285735217 1 7     0.0    0.0
 61 6059.750454 5.150E-24 1.042E-02.06000.074  376.82000.69-.012100                   0 0 0 0 1A1    8F1267         8F2  2     445332857348 7 1 7    51.0   51.0
 61 6059.792600 8.540E-26 1.728E-04.05730.072  376.78000.75-.012120                   0 0 0 0 1A1    8F1            8F2        34663285735217 1 7    51.0   51.0
 61 6059.814400 6.640E-26 0.000E+00.05980.075  815.00000.75-.012120                                                            34443285735217 1 7     0.0    0.0
 61 6059.894500 1.810E-26 0.000E+00.05980.075  815.00000.75-.012120                                                            34443285735217 1 7     0.0    0.0
 61 6059.931200 4.350E-26 0.000E+00.05980.075  815.00000.75-.012120                                                            34443285735217 1 7     0.0    0.0
 61 6060.013200 1.450E-25 0.000E+00.05980.075  815.00000.75-.012120                                                            34443285735217 1 7     0.0    0.0
 61 6060.073582 1.240E-24 1.334E-03.05730.077  157.13000.72-.012100                   0 0 0 0 1A1    5F2174         5F1  2     445332857348 7 1 7    33.0   33.0
 61 6060.076295 1.230E-24 0.000E+00.05980.075  815.00000.75-.012120                                                            44443285735217 1 7     0.0    0.0
 61 6060.084439 6.340E-24 6.818E-03.06400.077  157.12000.72-.012100                   0 0 0 0 1A1    5F2174         5F1  1     445332857348 7 1 7    33.0   33.0
 61 6060.127792 7.830E-24 8.420E-03.06400.077  157.12000.72-.012100                   0 0 0 0 1A1    5F1182         5F2  1     445332857348 7 1 7    33.0   33.0
 61 6060.161387 5.530E-25 1.679E-03.06140.077  376.73000.85-.012100                   0 0 0 0 1A1    8E             8E         4453328573481110 7    34.0   34.0
 61 6060.203264 5.920E-24 7.310E-03.06310.077  219.93000.70-.012100                   0 0 0 0 1A1    6F1203         6F2  2     445332857348 7 1 7    39.0   39.0
 61 6060.225527 1.230E-23 1.519E-02.06450.077  219.91000.70-.012100                   0 0 0 0 1A1    6F1203         6F2  1     445332857348 7 1 7    39.0   39.0
 61 6060.269005 1.300E-23 2.408E-02.06460.077  219.91001.05-.016500                   0 0 0 0 1A1    6E 140         6E   1     445335857348 71212    26.0   26.0
 61 6060.317700 4.170E-24 5.149E-03.06310.077  219.91000.70-.012100                   0 0 0 0 1A1    6F1204         6F2  1     455332857348 7 1 7    39.0   39.0
 61 6060.322900 1.110E-24 0.000E+00.05980.075  237.91000.75-.012121                                                            45443285735217 1 7     0.0    0.0
 61 6060.329813 4.490E-24 1.664E-02.06000.074  501.21660.69-.012100                   0 0 0 0 1A1    8F2273         8F1  2     445332857348 7 1 7    51.0   51.0
 61 6060.351100 2.850E-25 0.000E+00.05980.075  815.00000.75-.012121                                                            34443285735217 1 7     0.0    0.0
 61 6060.400697 9.060E-25 1.833E-03.06000.077  376.73000.85-.012100                   0 0 0 0 1A1    8F2            8F1        4433328573421110 7    51.0   51.0
 61 6060.432100 1.100E-25 0.000E+00.05980.075  815.00000.75-.012121                                                            34443285735217 1 7     0.0    0.0
 61 6060.446375 3.620E-25 9.330E-04.05650.071  575.05000.85-.012100                   0 0 0 0 1A1   10A1           10A2        3433328573421110 7   105.0  105.0
 61 6060.512200 1.270E-25 0.000E+00.05980.075  815.00000.75-.012121                                                            34443285735217 1 7     0.0    0.0
 61 6060.534200 1.330E-25 0.000E+00.05980.075  815.00000.75-.012121                                                            34443285735217 1 7     0.0    0.0
 61 6060.560558 4.020E-24 6.902E-03.05710.073  470.87000.65-.012100                   0 0 0 0 1A1    9A1 97         9A2  1     445332857348 7 1 7    95.0   95.0
 61 6060.564000 5.240E-25 0.000E+00.05980.075  480.10000.75-.012121                                                            45443285735217 1 7     0.0    0.0
 61 6060.610300 1.910E-26 0.000E+00.05980.075  815.00000.75-.012121                                                            34443285735217 1 7     0.0    0.0
 61 6060.667500 2.160E-25 0.000E+00.06000.077  815.00000.85-.012100                                                            3433328573421110 7     0.0    0.0
 61 6060.685100 1.550E-25 0.000E+00.06000.077  815.00000.85-.012100                                                            3433328573421110 7     0.0    0.0
 61 6060.762123 5.410E-25 1.046E-03.06470.081   10.48000.68-.012100                   0 0 0 0 1A1    1F2 46         1F1  1     445332857348 7 1 7     9.0    9.0
 61 6060.783700 1.480E-25 0.000E+00.05980.075  815.00000.75-.012122                                                            34443285735217 1 7     0.0    0.0
 61 6060.827793 1.170E-24 0.000E+00.06000.077  815.00000.85-.012100                                                            4433328573421110 7     0.0    0.0
 61 6060.853500 6.290E-26 0.000E+00.05980.075  815.00000.75-.012122                                                            34443285735217 1 7     0.0    0.0
 61 6060.867700 7.570E-26 0.000E+00.05980.075  815.00000.75-.012122                                                            34443285735217 1 7     0.0    0.0
 61 6060.891300 5.020E-25 0.000E+00.05980.075  486.25000.75-.012122                                                            45443285735217 1 7     0.0    0.0
 61 6060.895721 2.040E-24 5.838E-03.05710.073  470.86000.65-.012100                   0 0 0 0 1A1    9F1307         9F2  2     445332857348 7 1 7    57.0   57.0
 61 6060.933600 4.180E-26 0.000E+00.05980.075  815.00000.75-.012122                                                            34443285735217 1 7     0.0    0.0
 61 6060.961900 1.650E-25 0.000E+00.05980.075  815.00000.75-.012122                                                            34443285735217 1 7     0.0    0.0
 61 6060.982400 1.930E-25 0.000E+00.05980.075  815.00000.75-.012122                                                            34443285735217 1 7     0.0    0.0
 61 6061.038300 4.070E-25 1.164E-03.06130.073  470.72000.65-.012100                   0 0 0 0 1A1    9F1307         9F2  1     345332857348 7 1 7    57.0   57.0
 61 6061.049300 3.350E-25 0.000E+00.05980.075  815.00000.75-.012122                                                            34443285735217 1 7     0.0    0.0
 61 6061.090034 3.680E-24 4.728E-03.06440.082   31.44000.70-.012100                   0 0 0 0 1A1    2F1 77         2F2  1     445332857348 7 1 7    15.0   15.0
 61 6061.145691 2.140E-24 6.124E-03.05710.073  470.85000.65-.012100                   0 0 0 0 1A1    9F2299         9F1  3     445332857348 7 1 7    57.0   57.0
 61 6061.163100 6.350E-26 0.000E+00.05980.075  815.00000.75-.012122                                                            34443285735217 1 7     0.0    0.0
 61 6061.176800 1.580E-25 0.000E+00.05980.075  815.00000.75-.012122                                                            34443285735217 1 7     0.0    0.0
 61 6061.194800 2.610E-25 7.468E-04.05710.073  470.80000.65-.012100                   0 0 0 0 1A1    9F2299         9F1  2     345332857348 7 1 7    57.0   57.0
 61 6061.197976 1.630E-25 0.000E+00.05980.075    0.00000.75-.012122                                                            34443285735217 1 7     0.0    0.0
 61 6061.241467 1.680E-24 3.238E-03.06510.082   31.44000.70-.012100                   0 0 0 0 1A1    2E  56         2E   1     445332857348 7 1 7    10.0   10.0
 61 6061.280277 1.010E-24 0.000E+00.06000.077  815.00000.85-.012100                                                            4433328573421110 7     0.0    0.0
 61 6061.314168 1.290E-25 0.000E+00.05980.075 1500.00000.75-.012123                                                            34443285735217 1 7     0.0    0.0
 61 6061.333230 2.040E-25 0.000E+00.05980.075 1500.00000.75-.012123                                                            34443285735217 1 7     0.0    0.0
 61 6061.350100 1.670E-25 0.000E+00.05980.075  815.00000.75-.012123                                                            34443285735217 1 7     0.0    0.0
 61 6061.369578 4.390E-24 7.538E-03.05780.073  470.83000.65-.012100                   0 0 0 0 1A1    9A2104         9A1  1     445332857348 7 1 7    95.0   95.0
 61 6061.433600 2.690E-25 0.000E+00.05980.075  815.00000.75-.012123                                                            34443285735217 1 7     0.0    0.0
 61 6061.456714 2.450E-24 2.620E-03.06570.079   62.87000.73-.012100                   0 0 0 0 1A1    3F2111         3F1  1     445332857348 7 1 7    21.0   21.0
 61 6061.469377 5.900E-25 7.581E-04.06550.082   31.44000.70-.012100                   0 0 0 0 1A1    2F1 78         2F2  1     445332857348 7 1 7    15.0   15.0
 61 6061.509300 7.820E-26 0.000E+00.05980.075  815.00000.75-.012123                                                            34443285735217 1 7     0.0    0.0
 61 6061.530300 8.280E-26 0.000E+00.05980.075  815.00000.75-.012123                                                            34443285735217 1 7     0.0    0.0
 61 6061.547400 2.160E-25 0.000E+00.05980.075  815.00000.75-.012123                                                            34443285735217 1 7     0.0    0.0
 61 6061.563500 8.770E-26 0.000E+00.05980.075  815.00000.75-.012123                                                            34443285735217 1 7     0.0    0.0
 61 6061.590300 1.320E-25 0.000E+00.05980.075  815.00000.75-.012123                                                            34443285735217 1 7     0.0    0.0
 61 6061.615966 5.460E-25 8.346E-04.06000.077  293.17000.85-.012100                   0 0 0 0 1A1    7F2            7F1        4433328573421110 7    45.0   45.0
 61 6061.619600 7.300E-26 0.000E+00.05980.075  301.87000.75-.012123                                                            34443285735217 1 7     0.0    0.0
 61 6061.671910 3.760E-24 5.746E-03.06180.076  293.12000.70-.012100                   0 0 0 0 1A1    7F2237         7F1  1     445332857348 7 1 7    45.0   45.0
 61 6061.673400 7.170E-25 0.000E+00.05980.075  306.18000.75-.012123                                                            45443285735217 1 7     0.0    0.0
 61 6061.707032 1.190E-24 0.000E+00.05980.075  814.64000.75-.012123                                                            44443285735217 1 7     0.0    0.0
 61 6061.711840 9.090E-24 9.720E-03.06470.079   62.87000.73-.012100                   0 0 0 0 1A1    3F1118         3F2  1     445332857348 7 1 7    21.0   21.0
 61 6061.739582 2.800E-24 4.280E-03.06180.076  293.16000.70-.012100                   0 0 0 0 1A1    7F1244         7F2  2     445332857348 7 1 7    45.0   45.0
 61 6061.741300 4.830E-25 0.000E+00.05980.075  305.13000.75-.012123                                                            34443285735217 1 7     0.0    0.0
 61 6061.777836 1.310E-23 2.002E-02.06350.076  293.12000.70-.012100                   0 0 0 0 1A1    7F1            7F2        445332857348 7 1 7    45.0   45.0
 61 6061.783953 1.230E-23 1.880E-02.05790.073  293.12000.75-.012124                   0 0 0 0 1A1    7F2            7F1        44553285735217 1 7    45.0   45.0
 61 6061.837400 9.160E-26 0.000E+00.05980.075  815.00000.75-.012124                                                            34443285735217 1 7     0.0    0.0
 61 6061.878619 2.340E-23 1.501E-02.06680.079   62.87000.73-.012100                   0 0 0 0 1A1    3A1 34         3A2  1     445332857348 7 1 7    35.0   35.0
 61 6061.896763 3.050E-24 3.110E-03.06530.079  104.77000.85-.012100                   0 0 0 0 1A1    4F2            4F1        4453328573481110 7    27.0   27.0
 61 6061.913144 2.630E-23 2.412E-02.06420.076  293.15000.70-.012100    0 2 1 0  F2    0 0 0 0 1A1    7A1            7A2  1     445332857348 7 1 7    75.0   75.0
 61 6061.943920 1.070E-24 0.000E+00.05460.077  815.00000.85-.012100                                                            4453328573481110 7     0.0    0.0
 61 6061.978419 1.120E-24 1.198E-03.05750.079   62.87000.73-.012100                   0 0 0 0 1A1    3F2112         3F1  1     445332857348 7 1 7    21.0   21.0
 61 6061.986300 2.350E-25 0.000E+00.05980.075  815.00000.75-.012124                                                            34443285735217 1 7     0.0    0.0
 61 6062.024161 3.930E-25 4.856E-04.06360.080  219.93000.75-.012124                   0 0 0 0 1A1    6F1            6F2        34663285735217 1 7    39.0   39.0
 61 6062.040200 6.040E-24 1.119E-02.06290.078  219.91000.85-.012100                   0 0 0 0 1A1    6E 141         6E   1     4533328573481110 7    26.0   26.0
 61 6062.049600 6.830E-24 8.438E-03.06500.077  219.91000.70-.012100                   0 0 0 0 1A1    6F1205         6F2  1     455332857348 7 1 7    39.0   39.0
 61 6062.052824 8.450E-24 0.000E+00.06500.078  230.45000.85-.012100                                                            4453328573481110 7     0.0    0.0
 61 6062.081148 2.200E-24 2.353E-03.06470.079   62.87000.73-.012100                   0 0 0 0 1A1    3F2113         3F1  1     445332857348 7 1 7    21.0   21.0
 61 6062.108400 2.020E-25 0.000E+00.05980.075  815.00000.75-.012124                                                            34443285735217 1 7     0.0    0.0
 61 6062.133125 6.670E-25 7.133E-04.06580.079   62.87000.73-.012100                   0 0 0 0 1A1    3F1119         3F2  1     445332857348 7 1 7    21.0   21.0
 61 6062.172515 9.810E-25 0.000E+00.06000.077  433.96000.85-.012100                                                            4433328573421110 7     0.0    0.0
 61 6062.192108 7.790E-25 0.000E+00.06250.077  404.81000.85-.012100                                                            4453328573481110 7     0.0    0.0
 61 6062.215800 1.870E-25 0.000E+00.05980.075  815.00000.75-.012124                                                            34443285735217 1 7     0.0    0.0
 61 6062.243519 9.300E-24 1.423E-02.06450.079  104.77000.85-.012100                   0 0 0 0 1A1    4E             4E         4453328573481110 7    18.0   18.0
 61 6062.450100 1.430E-25 1.302E-04.06500.082  157.13000.75-.012125                   0 0 0 0 1A1    6F2            5F1        34553285735217 1 7    39.0   33.0
 61 6062.464700 2.250E-26 2.049E-05.06500.082  157.12000.75-.012125                   0 0 0 0 1A1    6F2            5F1        34553285735217 1 7    39.0   33.0
 61 6062.471200 1.100E-25 0.000E+00.05980.075  815.00000.75-.012125                                                            34443285735217 1 7     0.0    0.0
 61 6062.477400 3.170E-26 0.000E+00.05980.075  193.80000.75-.012125                                                            34443285735217 1 7     0.0    0.0
 61 6062.482400 5.120E-26 4.662E-05.06540.082  157.12000.75-.012125                   0 0 0 0 1A1    6F1            5F2        34663285735217 1 7    39.0   33.0
 61 6062.529300 1.580E-25 0.000E+00.05980.075  355.78000.75-.012125                                                            34443285735217 1 7     0.0    0.0
 61 6062.581961 6.290E-24 6.415E-03.06450.078  104.77000.72-.012100                   0 0 0 0 1A1    4F2150         4F1  1     445332857348 7 1 7    27.0   27.0
 61 6062.582000 1.130E-24 0.000E+00.05980.075  115.62000.75-.012125                                                            45443285735217 1 7     0.0    0.0
 61 6062.600100 2.580E-25 0.000E+00.05980.075  815.00000.75-.012125                                                            34443285735217 1 7     0.0    0.0
 61 6062.635464 1.260E-23 1.285E-02.06700.079  104.78000.85-.012100                   0 0 0 0 1A1    4F1            4F2        4453328573481110 7    27.0   27.0
 61 6062.642441 7.670E-24 8.255E-03.06540.082  157.12000.75-.012125                   0 0 0 0 1A1    5F1            5F2        44663285735217 1 7    33.0   33.0
 61 6062.657200 1.980E-25 0.000E+00.05980.075  166.93000.75-.012125                                                            34443285735217 1 7     0.0    0.0
 61 6062.662908 1.460E-24 2.357E-03.06510.077  157.13000.72-.012100                   0 0 0 0 1A1    5E             5E         445332857348 7 1 7    22.0   22.0
 61 6062.681500 1.640E-25 2.240E-04.05840.074  157.13000.75-.012125                   0 0 0 0 1A1    6E             5E         34553285735217 1 7    26.0   22.0
 61 6062.698283 1.120E-23 6.854E-03.06700.079  104.77000.85-.012100                   0 0 0 0 1A1    4A2            4A1        4453328573481110 7    45.0   45.0
 61 6062.731282 8.120E-25 7.395E-04.06680.079  157.12000.85-.012100                   0 0 0 0 1A1    6F2            5F1        4453328573481110 7    39.0   33.0
 61 6062.787520 2.790E-25 0.000E+00.05980.075  210.00000.75-.012126                                                            34443285735217 1 7     0.0    0.0
 61 6062.824737 2.730E-23 3.317E-02.05900.074  376.73000.69-.012100    0 2 1 0  F2    0 0 0 0 1A1    8A2            8A1  1     445332857348 7 1 7    85.0   85.0
 61 6062.855755 1.510E-23 3.058E-02.06050.074  376.73000.69-.012100                   0 0 0 0 1A1    8F2274         8F1  1     445332857348 7 1 7    51.0   51.0
 61 6062.872623 1.010E-23 3.306E-02.06050.074  392.08460.69-.012100                   0 0 0 0 1A1    8E 183         8E   1     445332857348 7 1 7    34.0   34.0
 61 6062.938112 1.140E-24 0.000E+00.05460.077  815.00000.85-.012100                                                            4453328573481110 7     0.0    0.0
 61 6062.959525 3.360E-24 0.000E+00.05460.077 1049.72130.85-.012100                                                            4453328573481110 7     0.0    0.0
 61 6063.018344 3.050E-24 0.000E+00.06070.077  950.15000.85-.012100                                                            4453328573481110 7     0.0    0.0
 61 6063.021513 9.800E-25 1.499E-03.06350.078  104.77000.72-.012100                   0 0 0 0 1A1    4E 100         4E   1     445332857348 7 1 7    18.0   18.0
 61 6063.043500 4.990E-25 0.000E+00.05980.075  815.00000.75-.012126                                                            34443285735217 1 7     0.0    0.0
 61 6063.067906 3.520E-24 3.591E-03.06430.078  104.78000.72-.012100                   0 0 0 0 1A1    4F1144         4F2  1     445332857348 7 1 7    27.0   27.0
 61 6063.082240 7.390E-24 7.955E-03.06400.077  157.12000.72-.012100                   0 0 0 0 1A1    5F1184         5F2  1     445332857348 7 1 7    33.0   33.0
 61 6063.104762 7.390E-24 0.000E+00.05460.077  814.64000.85-.012100                                                            4453328573481110 7     0.0    0.0
 61 6063.153142 3.490E-24 3.757E-03.06400.077  157.13000.72-.012100                   0 0 0 0 1A1    5F2175         5F1  2     445332857348 7 1 7    33.0   33.0
 61 6063.154500 9.340E-25 0.000E+00.05980.075  814.64000.75-.012126                                                            45443285735217 1 7     0.0    0.0
 61 6063.168143 7.400E-24 7.966E-03.06400.077  157.12000.72-.012100                   0 0 0 0 1A1    5F2175         5F1  1     445332857348 7 1 7    33.0   33.0
 61 6063.181678 5.990E-24 0.000E+00.05460.077  689.86000.85-.012100                                                            4453328573481110 7     0.0    0.0
 61 6063.190907 3.950E-24 0.000E+00.05980.075  815.00000.75-.012126                                                            44443285735217 1 7     0.0    0.0
 61 6063.215074 2.340E-23 0.000E+00.05680.073  471.11000.65-.012100                   0 0 0 0 1A1                   9A1  1     445332857348 7 1 7     0.0    0.0
 61 6063.239157 1.380E-23 3.560E-02.06070.070  575.05000.64-.012100                   0 0 0 0 1A1   10A1           10A2        445332857348 7 1 7   105.0  105.0
 61 6063.249103 6.620E-24 2.846E-02.05000.063  575.05000.75-.012126                   0 0 0 0 1A1   10F1           10F2        44653285735217 1 7    63.0   63.0
 61 6063.251900 5.220E-24 3.367E-02.04800.061  575.05000.75-.012127                   0 0 0 0 1A1   10E            10E         45443285735217 1 7    42.0   42.0
 61 6063.283700 1.990E-25 0.000E+00.05980.075  815.00000.75-.012127                                                            34443285735217 1 7     0.0    0.0
 61 6063.390526 4.270E-23 3.167E-02.06450.077  219.91000.70-.012100    0 2 1 0  F1    0 0 0 0 1A1    6A1            6A2  1     445332857348 7 1 7    65.0   65.0
 61 6063.457467 9.850E-24 1.060E-02.06470.078  157.13000.72-.012100                   0 0 0 0 1A1    5F2            5F1        445332857348 7 1 7    33.0   33.0
 61 6063.460956 2.850E-24 2.908E-03.06590.083  104.78000.75-.012127                   0 0 0 0 1A1    4F1            4F2        44663285735217 1 7    27.0   27.0
 61 6063.466065 3.590E-24 4.438E-03.06360.080  219.93000.75-.012127                   0 0 0 0 1A1    6F1            6F2        44663285735217 1 7    39.0   39.0
 61 6063.471500 2.500E-24 2.691E-03.06510.079  157.12000.85-.012100                   0 0 0 0 1A1    5F2            5F1        4553328573481110 7    33.0   33.0
 61 6063.487094 9.370E-24 1.158E-02.06480.077  219.91000.70-.012100                   0 0 0 0 1A1    6F1206         6F2  1     445332857348 7 1 7    39.0   39.0
 61 6063.529400 2.840E-25 0.000E+00.05980.075  235.35000.75-.012127                                                            34443285735217 1 7     0.0    0.0
 61 6063.532427 1.140E-24 1.409E-03.06480.077  219.94000.70-.012100                   0 0 0 0 1A1    6F2214         6F1  1     445332857348 7 1 7    39.0   39.0
 61 6063.552200 3.050E-25 0.000E+00.05980.075  815.00000.75-.012127                                                            34443285735217 1 7     0.0    0.0
 61 6063.614056 9.440E-24 1.525E-02.06400.077  157.13000.72-.012100                   0 0 0 0 1A1    5E 119         5E   1     445332857348 7 1 7    22.0   22.0
 61 6063.722387 1.320E-24 2.019E-03.06300.076  293.16000.85-.012100                   0 0 0 0 1A1    7F1            7F2        4453328573481110 7    45.0   45.0
 61 6063.756540 1.180E-23 2.325E-02.06210.074  371.04790.69-.012100                   0 0 0 0 1A1    8F1269         8F2  1     445332857348 7 1 7    51.0   51.0
 61 6063.778010 7.060E-24 1.376E-02.06310.078  230.10320.85-.012100                   0 0 0 0 1A1    6E             6E   1     4433328573481110 7    26.0   26.0
 61 6063.818400 2.800E-25 0.000E+00.05980.075  815.00000.75-.012128                                                            34443285735217 1 7     0.0    0.0
 61 6063.838900 4.960E-26 6.132E-05.06360.080  219.93000.75-.012128                   0 0 0 0 1A1    6F1            6F2        34663285735217 1 7    39.0   39.0
 61 6063.860410 3.750E-24 4.636E-03.06440.078  219.91000.85-.012100                   0 0 0 0 1A1    6F1            6F2        4433328573421110 7    39.0   39.0
 61 6063.903397 1.690E-24 2.585E-03.06310.076  293.16000.85-.012100                   0 0 0 0 1A1    7F1            7F2        4433328573421110 7    45.0   45.0
 61 6063.945608 3.700E-25 0.000E+00.06310.076  190.87000.85-.012100                                                            3433328573421110 7     0.0    0.0
 61 6063.971523 4.320E-25 0.000E+00.05980.075  815.00000.75-.012128                                                            34443285735217 1 7     0.0    0.0
 61 6064.000666 8.340E-25 9.686E-04.06470.081   10.48000.68-.012100                   0 0 0 0 1A1    2F2 82         1F1  1     445332857348 7 1 7    15.0    9.0
 61 6064.080100 2.880E-25 0.000E+00.06000.077  815.00000.85-.012100                                                            3433328573421110 7     0.0    0.0
 61 6064.118100 6.464E-26 0.000E+00.06000.077  304.61000.85-.012100                                                            3333326050431210 7     0.0    0.0
 61 6064.123993 3.690E-25 7.471E-04.05670.076  293.17000.70-.012100                   0 0 0 0 1A1    8E 172         7E   1     345332857348 7 1 7    34.0   30.0
 61 6064.140897 8.780E-25 9.454E-04.06540.082  157.12000.75-.012128                   0 0 0 0 1A1    5F1            5F2        44663285735217 1 7    33.0   33.0
 61 6064.171900 1.420E-25 0.000E+00.05980.075  815.00000.75-.012128                                                            34443285735217 1 7     0.0    0.0
 61 6064.192365 4.810E-25 7.359E-04.06000.077  293.17000.85-.012100                   0 0 0 0 1A1    7F2            7F1        3433328573421110 7    45.0   45.0
 61 6064.268100 6.710E-26 0.000E+00.05980.075  815.00000.75-.012129                                                            34443285735217 1 7     0.0    0.0
 61 6064.323358 1.410E-23 2.157E-02.05790.073  293.12000.75-.012129                   0 0 0 0 1A1    7F2            7F1        44553285735217 1 7    45.0   45.0
 61 6064.325723 1.690E-23 1.254E-02.06470.077  219.94000.92-.011300    0 2 1 0  F1    0 0 0 0 1A1    6A2            6A1  1     445335857348 71212    65.0   65.0
 61 6064.368623 7.380E-24 7.948E-03.08320.079  157.13000.85-.012100                   0 0 0 0 1A1    5F2            5F1        4453328573481110 7    33.0   33.0
 61 6064.377633 3.770E-23 4.161E-02.06020.081    0.00000.65-.012100                   0 0 0 0 1A1    1A2 19         0A1  1     445332857348 7 1 7    15.0    5.0
 61 6064.392087 1.170E-23 1.447E-02.06290.078  219.94000.85-.012100                   0 0 0 0 1A1    6F2            6F1  1     4433328573481110 7    39.0   39.0
 61 6064.448500 2.150E-25 0.000E+00.05980.075  323.74000.75-.012129                                                            34443285735217 1 7     0.0    0.0
 61 6064.455013 3.790E-25 5.798E-04.06050.077  293.16000.85-.012100                   0 0 0 0 1A1    7F1            7F2        3453328573481110 7    45.0   45.0
 61 6064.491899 1.530E-23 2.340E-02.06210.076  293.12000.85-.012100                   0 0 0 0 1A1    7F1            7F2        4453328573481110 7    45.0   45.0
 61 6064.492800 2.390E-24 0.000E+00.05980.075  303.79000.75-.012129                                                            45443285735217 1 7     0.0    0.0
 61 6064.529300 2.390E-25 4.334E-04.05730.072  376.78000.75-.012129                   0 0 0 0 1A1    9F1            8F2        34663285735217 1 7    57.0   51.0
 61 6064.543514 4.330E-25 9.949E-04.05730.072  376.82000.75-.012129                   0 0 0 0 1A1    7F1            8F2        34663285735217 1 7    45.0   51.0
 61 6064.569949 1.259E-23 1.557E-02.06620.077  219.93001.02-.015200                   0 0 0 0 1A1    6F1208         6F2  2     435335854848 71212    39.0   39.0
 61 6064.592000 2.500E-25 3.091E-04.06360.080  219.91000.75-.012129                   0 0 0 0 1A1    6F1            6F2        34663285735217 1 7    39.0   39.0
 61 6064.595900 1.210E-25 0.000E+00.05980.075  249.88000.75-.012129                                                            34443285735217 1 7     0.0    0.0
 61 6064.634300 1.910E-25 0.000E+00.05980.075  815.00000.75-.012129                                                            34443285735217 1 7     0.0    0.0
 61 6064.637700 1.670E-25 2.254E-04.06080.077  293.16000.75-.012129                   0 0 0 0 1A1    8F1            7F2        34663285735217 1 7    51.0   45.0
 61 6064.651109 1.600E-24 3.672E-03.06000.077  293.17000.85-.012100                   0 0 0 0 1A1    7E             7E         4433328573421110 7    30.0   30.0
 61 6064.663200 2.280E-25 3.489E-04.05790.073  293.17000.75-.012129                   0 0 0 0 1A1    7F2            7F1        34553285735217 1 7    45.0   45.0
 61 6064.676200 7.720E-26 1.042E-04.06080.077  293.12000.75-.012129                   0 0 0 0 1A1    8F1            7F2        34663285735217 1 7    51.0   45.0
 61 6064.719000 1.290E-25 0.000E+00.05980.075  330.01000.75-.012129                                                            34443285735217 1 7     0.0    0.0
 61 6064.720100 2.070E-25 3.167E-04.05790.073  293.12000.75-.012129                   0 0 0 0 1A1    7F2            7F1        34553285735217 1 7    45.0   45.0
 61 6064.734712 2.760E-25 2.973E-04.06410.077  157.12000.72-.012100                   0 0 0 0 1A1    5F1186         5F2  1     345332857348 7 1 7    33.0   33.0
 61 6064.783726 9.690E-25 1.054E-03.06130.075  376.73000.85-.012100                   0 0 0 0 1A1    9A2            8A1        4433328573421110 7    95.0   85.0
 61 6064.791000 1.480E-24 4.501E-03.05970.074  376.82000.69-.012100                   0 0 0 0 1A1    8E 184         8E   2     455332857348 7 1 7    34.0   34.0
 61 6064.804800 1.420E-25 2.576E-04.05380.068  376.80000.75-.012130                   0 0 0 0 1A1    9F2            8F1        34553285735217 1 7    57.0   51.0
 61 6064.875400 1.810E-25 0.000E+00.05980.075  388.59000.75-.012130                                                            34443285735217 1 7     0.0    0.0
 61 6064.877001 1.020E-24 3.101E-03.06130.075  376.73000.85-.012100                   0 0 0 0 1A1    8E             8E         4433328573421110 7    34.0   34.0
 61 6064.928483 2.710E-24 5.494E-03.05970.074  376.80000.69-.012100                   0 0 0 0 1A1    8F2276         8F1  2     445332857348 7 1 7    51.0   51.0
 61 6064.986078 6.130E-25 0.000E+00.06000.077  815.00000.85-.012100                                                            4433328573421110 7     0.0    0.0
 61 6064.997800 1.410E-25 0.000E+00.05980.075  389.30000.75-.012130                                                            34443285735217 1 7     0.0    0.0
 61 6065.000233 7.820E-25 1.585E-03.05970.074  376.73000.69-.012100                   0 0 0 0 1A1    8F2276         8F1  1     445332857348 7 1 7    51.0   51.0
 61 6065.012200 2.070E-25 0.000E+00.05980.075  437.00000.75-.012130                                                            34443285735217 1 7     0.0    0.0
 61 6065.165716 4.063E-24 4.377E-03.06400.077  157.13000.72-.012100                   0 0 0 0 1A1    5F2178         5F1  2     435332854848 7 1 7    33.0   33.0
 61 6065.179000 1.370E-25 1.476E-04.06500.082  157.12000.75-.012130                   0 0 0 0 1A1    5F2            5F1        34553285735217 1 7    33.0   33.0
 61 6065.191189 9.290E-25 0.000E+00.05980.075  815.00000.75-.012130                                                            44443285735217 1 7     0.0    0.0
 61 6065.270496 4.300E-24 6.948E-03.06410.077  157.13000.72-.012100                   0 0 0 0 1A1    5E 120         5E   1     445332857348 7 1 7    22.0   22.0
 61 6065.327700 2.650E-25 0.000E+00.05980.075  230.78000.75-.012131                                                            34443285735217 1 7     0.0    0.0
 61 6065.328600 1.620E-25 1.477E-04.06500.082  157.13000.75-.012131                   0 0 0 0 1A1    6F2            5F1        34553285735217 1 7    39.0   33.0
 61 6065.344411 2.350E-24 2.142E-03.06530.079  157.12000.85-.012100                   0 0 0 0 1A1    6F1            5F2        4433328573421110 7    39.0   33.0
 61 6065.373854 8.090E-25 1.501E-03.06440.078  219.91000.85-.012100                   0 0 0 0 1A1    6E             6E   1     4433328573481110 7    26.0   26.0
 61 6065.381100 1.210E-25 1.103E-04.06410.077  157.12000.72-.012100                   0 0 0 0 1A1    6F1195         5F2  1     345332857348 7 1 7    39.0   33.0
 61 6065.497303 7.940E-24 1.277E-02.06180.076  303.30070.85-.012100                   0 0 0 0 1A1    7F2            7F1  2     4433328573481110 7    45.0   45.0
 61 6065.525534 7.270E-24 2.829E-02.05780.073  450.35980.65-.012100                   0 0 0 0 1A1    9E             9E         445332857348 7 1 7    38.0   38.0
 61 6065.566221 8.210E-24 1.885E-02.06180.076  293.17000.85-.012100                   0 0 0 0 1A1    7E             7E         4453328573481110 7    30.0   30.0
 61 6065.603591 7.350E-24 2.106E-02.05710.073  470.80000.85-.012100                   0 0 0 0 1A1    9F2            9F1        4453328573481110 7    57.0   57.0
 61 6065.627309 1.740E-24 3.811E-03.06050.075  337.43500.85-.012100                   0 0 0 0 1A1    6F2            6F1        4453328573481110 7    39.0   39.0
 61 6065.635300 1.100E-23 1.754E-02.06080.077  301.54100.75-.012131                   0 0 0 0 1A1    7F1            7F2        45663285735217 1 7    45.0   45.0
 61 6065.645813 1.720E-23 3.331E-02.06430.081   10.48000.68-.012100                   0 0 0 0 1A1    1F2 47         1F1  1     445332857348 7 1 7     9.0    9.0
 61 6065.647980 8.840E-24 8.117E-03.05740.072  293.15000.75-.012131                   0 0 0 0 1A1    7A1            7A2        44653285735217 1 7    75.0   75.0
 61 6065.652755 1.110E-23 0.000E+00.06400.076  193.31670.85-.012100                                                            4453328573481110 7     0.0    0.0
 61 6065.693400 5.630E-25 0.000E+00.05460.077  815.00000.85-.012100                                                            4553328573481110 7     0.0    0.0
 61 6065.730518 2.830E-24 0.000E+00.05460.077 1414.13420.85-.012100                                                            4453328573481110 7     0.0    0.0
 61 6065.757591 1.900E-24 0.000E+00.06000.077 1507.80370.85-.012100                                                            4433328573421110 7     0.0    0.0
 61 6065.774417 9.580E-25 0.000E+00.05980.075 1500.00000.75-.012132                                                            44443285735217 1 7     0.0    0.0
 61 6065.793490 1.220E-24 2.474E-03.06000.077  376.82000.85-.012100                   0 0 0 0 1A1    8F1            8F2        4433328573421110 7    51.0   51.0
 61 6065.833500 4.390E-26 8.902E-05.05730.072  376.78000.75-.012132                   0 0 0 0 1A1    8F1            8F2        34663285735217 1 7    51.0   51.0
 61 6065.903954 1.210E-24 0.000E+00.05460.077 1500.00000.85-.012100                                                            4453328573481110 7     0.0    0.0
 61 6065.921617 7.020E-25 0.000E+00.05980.075  815.00000.75-.012132                                                            44443285735217 1 7     0.0    0.0
 61 6065.940619 1.290E-24 1.596E-03.05680.078  219.93000.85-.012100                   0 0 0 0 1A1    6F1            6F2  2     4433328573481110 7    39.0   39.0
 61 6065.958557 1.860E-23 3.837E-02.06370.082   45.13000.70-.012100                   0 0 0 0 1A1    2E  57         2E   1     445332857348 7 1 7    10.0   10.0
 61 6066.023867 2.050E-23 2.709E-02.06370.082   36.89790.70-.012100                   0 0 0 0 1A1    2F1 79         2F2  1     445332857348 7 1 7    15.0   15.0
 61 6066.110331 1.600E-23 1.713E-02.06580.079   62.87000.73-.012100                   0 0 0 0 1A1    3F1120         3F2  1     445332857348 7 1 7    21.0   21.0
 61 6066.148910 1.120E-23 1.715E-02.06610.078  104.77000.72-.012100                   0 0 0 0 1A1    4E 101         4E   1     445332857348 7 1 7    18.0   18.0
 61 6066.165429 2.450E-23 1.819E-02.06550.077  219.94000.70-.012100                   0 0 0 0 1A1    6A2 69         6A1  1     445332857348 7 1 7    65.0   65.0
 61 6066.274690 2.650E-23 2.838E-02.06760.079   62.87000.73-.012100    0 2 1 0  F2    0 0 0 0 1A1    3F2            3F1  1     445332857348 7 1 7    21.0   21.0
 61 6066.309227 1.820E-23 1.858E-02.06700.078  104.77000.72-.012100                   0 0 0 0 1A1    4F2152         4F1  1     445332857348 7 1 7    27.0   27.0
 61 6066.331745 1.299E-23 1.400E-02.06430.077  157.12000.72-.012100                   0 0 0 0 1A1    5F1187         5F2  1     435332854848 7 1 7    33.0   33.0
 61 6066.361800 3.350E-25 0.000E+00.05980.075  393.45000.75-.012133                                                            34443285735217 1 7     0.0    0.0
 61 6066.362550 1.350E-24 4.108E-03.06170.077  376.82000.85-.012100                   0 0 0 0 1A1    8E             8E         4453328573481110 7    34.0   34.0
 61 6066.386249 6.810E-25 0.000E+00.06000.077  272.00000.85-.012100                                                            4433328573421110 7     0.0    0.0
 61 6066.447326 2.170E-24 6.600E-03.06000.077  376.73000.85-.012100                   0 0 0 0 1A1    8E             8E         4433328573421110 7    34.0   34.0
 61 6066.451400 3.190E-25 0.000E+00.05980.075  387.52000.75-.012133                                                            34443285735217 1 7     0.0    0.0
 61 6066.466012 1.100E-24 0.000E+00.06000.077  815.00000.85-.012100                                                            4433328573421110 7     0.0    0.0
 61 6066.488433 1.720E-24 3.489E-03.06000.077  376.80000.85-.012100                   0 0 0 0 1A1    8F2            8F1        4433328573421110 7    51.0   51.0
 61 6066.498047 4.860E-25 0.000E+00.05980.075   83.47000.75-.012133                                                            34443285735217 1 7     0.0    0.0
 61 6066.511062 1.070E-24 0.000E+00.06000.077  815.00000.85-.012100                                                            4433328573421110 7     0.0    0.0
 61 6066.542439 3.890E-25 0.000E+00.05980.075  148.34000.75-.012133                                                            34443285735217 1 7     0.0    0.0
 61 6066.559824 3.800E-24 7.706E-03.05950.075  376.73000.85-.012100                   0 0 0 0 1A1    8F2            8F1        4453328573481110 7    51.0   51.0
 61 6066.573559 9.110E-24 1.567E-02.06000.073  470.83000.65-.012100                   0 0 0 0 1A1    9A2            9A1  1     445332857348 7 1 7    95.0   95.0
 61 6066.582000 1.210E-24 1.497E-03.06260.078  219.94000.85-.012100                   0 0 0 0 1A1    6F2            6F1  1     4533328573481110 7    39.0   39.0
 61 6066.589100 3.210E-25 0.000E+00.05980.075  237.87000.75-.012133                                                            34443285735217 1 7     0.0    0.0
 61 6066.616010 9.870E-24 7.328E-03.06520.077  219.91000.70-.012100                   0 0 0 0 1A1    6A1 76         6A2  1     445332857348 7 1 7    65.0   65.0
 61 6066.620900 1.190E-24 0.000E+00.05980.075  228.49000.75-.012133                                                            45443285735217 1 7     0.0    0.0
 61 6066.627929 6.360E-24 7.738E-03.05950.075  376.73000.85-.012100                   0 0 0 0 1A1    8A2            8A1        4453328573481110 7    85.0   85.0
 61 6066.694670 2.440E-24 0.000E+00.05980.075  402.52690.75-.012133                                                            44443285735217 1 7     0.0    0.0
 61 6066.705188 1.470E-23 1.584E-02.06500.082  157.12000.75-.012133                   0 0 0 0 1A1    5F2            5F1        44553285735217 1 7    33.0   33.0
 61 6066.705900 6.680E-24 0.000E+00.06510.079  138.79000.85-.012100                                                            4553328573481110 7     0.0    0.0
 61 6066.710925 3.660E-23 2.243E-02.06710.078  104.77000.72-.012100                   0 0 0 0 1A1    4A2 47         4A1  1     445332857348 7 1 7    45.0   45.0
 61 6066.727093 3.720E-24 0.000E+00.05530.075  392.46180.85-.012100                                                            4453328573481110 7     0.0    0.0
 61 6066.815365 2.730E-24 4.180E-03.06180.076  293.16000.85-.012100                   0 0 0 0 1A1    7F1            7F2        4453328573481110 7    45.0   45.0
 61 6066.823100 1.110E-24 1.374E-03.06360.080  219.93000.75-.012134                   0 0 0 0 1A1    6F1            6F2        45663285735217 1 7    39.0   39.0
 61 6066.844239 4.280E-24 5.296E-03.06310.077  219.91000.70-.012100                   0 0 0 0 1A1    6F1210         6F2  1     445332857348 7 1 7    39.0   39.0
 61 6066.845100 1.140E-24 0.000E+00.05980.075  236.52000.75-.012134                                                            45443285735217 1 7     0.0    0.0
 61 6066.864847 4.380E-25 0.000E+00.05980.075  191.66740.75-.012134                                                            34443285735217 1 7     0.0    0.0
 61 6066.889939 5.710E-24 2.460E-02.05510.071  575.17000.85-.012100                   0 0 0 0 1A1   10F1           10F2        4453328573481110 7    63.0   63.0
 61 6066.916768 5.630E-24 1.142E-02.05950.075  376.82000.85-.012100                   0 0 0 0 1A1    8F1            8F2        4453328573481110 7    51.0   51.0
 61 6066.956414 1.050E-24 0.000E+00.05780.073  386.91400.65-.012100                   0 0 0 0 1A1                   9A1  1     445332857348 7 1 7     0.0    0.0
 61 6066.993666 5.040E-24 0.000E+00.05460.077  602.81760.85-.012100                                                            4453328573481110 7     0.0    0.0
 61 6067.027563 1.030E-24 1.827E-03.06220.077  166.60360.85-.012100                   0 0 0 0 1A1    3F1            3F2        4453328573481110 7    21.0   21.0
 61 6067.080789 8.500E-22 7.752E-01.06190.077  157.12000.72-.012710                   0 0 0 0 1A1    6F2204         5F1  1     458336867457 7 118    39.0   33.0
 61 6067.098867 8.440E-22 7.697E-01.06430.077  157.12000.72-.012710                   0 0 0 0 1A1    6F1197         5F2  1     458336867457 7 118    39.0   33.0
 61 6067.110042 5.215E-24 0.000E+00.05980.075  203.05850.75-.012134                                                            46443285735217 1 7     0.0    0.0
 61 6067.147314 5.600E-22 7.662E-01.05200.077  157.13000.72-.008920                   0 0 0 0 1A1    6E 135         5E   1     468335867457 7 118    26.0   22.0
 61 6067.155883 8.350E-22 7.616E-01.06700.077  157.13000.72-.012710                   0 0 0 0 1A1    6F2205         5F1  2     458336867457 7 118    39.0   33.0
 61 6067.169236 6.300E-24 0.000E+00.05980.075  206.54840.75-.012134                                                            44443285735217 1 7     0.0    0.0
 61 6067.195623 1.980E-24 3.032E-03.06220.076  293.17000.85-.012100                   0 0 0 0 1A1    7F2            7F1        4453328573481110 7    45.0   45.0
 61 6067.251625 2.480E-24 0.000E+00.05980.075  346.03000.75-.012135                                                            44443285735217 1 7     0.0    0.0
 61 6067.270857 6.570E-24 0.000E+00.06180.076  357.39000.85-.012100                   0 0 0 0 1A1                   7F1  2     4433328573481110 7     0.0    0.0
 61 6067.355595 3.320E-24 1.010E-02.05950.075  376.73000.85-.012100                   0 0 0 0 1A1    8E             8E         4453328573481110 7    34.0   34.0
 61 6067.358400 3.870E-25 0.000E+00.05980.075  385.36000.75-.012135                                                            34443285735217 1 7     0.0    0.0
 61 6067.379747 2.910E-24 8.345E-03.05710.073  470.85000.85-.012100                   0 0 0 0 1A1    9F2            9F1  3     4433328573481110 7    57.0   57.0
 61 6067.466700 1.040E-25 0.000E+00.05980.075  815.00000.75-.012135                                                            34443285735217 1 7     0.0    0.0
 61 6067.487200 2.140E-25 0.000E+00.05980.075  815.00000.75-.012135                                                            34443285735217 1 7     0.0    0.0
 61 6067.504139 4.440E-24 5.716E-03.06440.082   31.44000.70-.012100                   0 0 0 0 1A1    2F1 80         2F2  1     445332857348 7 1 7    15.0   15.0
 61 6067.519905 9.180E-24 1.863E-02.06330.074  376.80000.69-.012100                   0 0 0 0 1A1    8F2280         8F1  2     445332857348 7 1 7    51.0   51.0
 61 6067.562700 5.740E-24 7.105E-03.06310.077  219.93000.70-.012100                   0 0 0 0 1A1    6F1211         6F2  2     455332857348 7 1 7    39.0   39.0
 61 6067.564499 1.040E-24 0.000E+00.05980.075  229.36000.75-.012135                                                            44443285735217 1 7     0.0    0.0
 61 6067.583415 3.020E-24 3.738E-03.06160.077  219.91000.70-.012100                   0 0 0 0 1A1    6F1211         6F2  1     445332857348 7 1 7    39.0   39.0
 61 6067.590200 1.650E-24 0.000E+00.05980.075  418.43000.75-.012135                                                            45443285735217 1 7     0.0    0.0
 61 6067.591000 2.270E-24 4.605E-03.06000.074  376.73000.69-.012100                   0 0 0 0 1A1    8F2280         8F1  1     455332857348 7 1 7    51.0   51.0
 61 6067.603366 1.510E-24 0.000E+00.06090.076  295.54000.85-.012100                                                            4453328573481110 7     0.0    0.0
 61 6067.657700 1.590E-26 0.000E+00.05980.075  815.00000.75-.012135                                                            34443285735217 1 7     0.0    0.0
 61 6067.691048 1.080E-24 3.098E-03.06000.077  470.86000.85-.012100                   0 0 0 0 1A1    9F1            9F2        4433328573421110 7    57.0   57.0
 61 6067.705600 1.130E-25 0.000E+00.05980.075  815.00000.75-.012135                                                            34443285735217 1 7     0.0    0.0
 61 6067.745200 1.170E-25 0.000E+00.05980.075  815.00000.75-.012135                                                            34443285735217 1 7     0.0    0.0
 61 6067.771115 2.380E-24 3.216E-03.05620.076  293.16000.85-.012100                   0 0 0 0 1A1    8F1            7F2        4453328573481110 7    51.0   45.0
 61 6067.790594 3.640E-24 5.575E-03.05790.073  293.17000.75-.012136                   0 0 0 0 1A1    7F2            7F1        44553285735217 1 7    45.0   45.0
 61 6067.792123 3.120E-24 0.000E+00.06040.076  689.86000.85-.012100                   0 0 0 0 1A1                   7F1  2     4433328573481110 7     0.0    0.0
 61 6067.793000 2.000E-24 0.000E+00.05420.068  689.86000.64-.012100                   0 0 0 0 1A1                  11A2  1     455332857348 7 1 7     0.0    0.0
 61 6067.805992 6.860E-24 0.000E+00.05920.068  689.86000.64-.012100                   0 0 0 0 1A1                  11A2  1     445332857348 7 1 7     0.0    0.0
 61 6067.821442 2.020E-24 2.064E-03.06350.078  104.77000.72-.012100                   0 0 0 0 1A1    4F2153         4F1  1     445332857348 7 1 7    27.0   27.0
 61 6067.828216 6.110E-24 1.580E-02.05900.070  575.22000.64-.012100                   0 0 0 0 1A1   10A2           10A1  1     445332857348 7 1 7   105.0  105.0
 61 6067.834985 2.560E-24 5.882E-03.05470.069  293.17000.75-.012136                   0 0 0 0 1A1    7E             7E         44553285735217 1 7    30.0   30.0
 61 6067.843600 1.770E-24 0.000E+00.06150.076  324.34000.85-.012100                                                            4553328573481110 7     0.0    0.0
 61 6067.846000 3.500E-24 5.360E-03.06150.076  293.12000.85-.012100                   0 0 0 0 1A1    7F2            7F1        3553325873481110 7    45.0   45.0
 61 6067.898400 3.980E-26 0.000E+00.05980.075  815.00000.75-.012136                                                            34443285735217 1 7     0.0    0.0
 61 6067.935600 1.310E-25 0.000E+00.05980.075  815.00000.75-.012136                                                            34443285735217 1 7     0.0    0.0
 61 6067.954600 8.770E-26 0.000E+00.05980.075  815.00000.75-.012136                                                            34443285735217 1 7     0.0    0.0
 61 6067.974790 3.740E-24 3.033E-03.05740.072  293.15000.75-.012136                   0 0 0 0 1A1    8A1            7A2        44653285735217 1 7    85.0   75.0
 61 6067.978656 2.770E-24 2.830E-03.06450.078  104.78000.72-.012100                   0 0 0 0 1A1    4F1146         4F2  1     445332857348 7 1 7    27.0   27.0
 61 6067.998794 7.630E-25 0.000E+00.06170.077  815.00000.85-.012100                                                            4453328573481110 7     0.0    0.0
 61 6068.040014 2.130E-24 3.263E-03.06310.076  293.17000.85-.012100                   0 0 0 0 1A1    7F2            7F1  2     4433328573481110 7    45.0   45.0
 61 6068.046770 1.300E-24 0.000E+00.05980.075  328.35000.75-.012136                                                            44443285735217 1 7     0.0    0.0
 61 6068.060100 5.700E-26 0.000E+00.05980.075  815.00000.75-.012136                                                            34443285735217 1 7     0.0    0.0
 61 6068.078600 2.210E-25 0.000E+00.05980.075  815.00000.75-.012136                                                            34443285735217 1 7     0.0    0.0
 61 6068.093300 1.010E-25 0.000E+00.05980.075  815.00000.75-.012136                                                            34443285735217 1 7     0.0    0.0
 61 6068.152244 3.760E-23 2.481E-02.06480.079   68.24000.88-.010900    0 2 1 0  F2    0 0 0 0 1A1    3A1            3A2  1     445335857348 71212    35.0   35.0
 61 6068.172400 1.200E-25 0.000E+00.05980.075  815.00000.75-.012136                                                            34443285735217 1 7     0.0    0.0
 61 6068.192900 6.530E-26 0.000E+00.05980.075  815.00000.75-.012136                                                            34443285735217 1 7     0.0    0.0
 61 6068.206000 5.230E-26 0.000E+00.05980.075  815.00000.75-.012136                                                            34443285735217 1 7     0.0    0.0
 61 6068.256800 1.430E-25 0.000E+00.06000.077  815.00000.85-.012100                                                            3433328573421110 7     0.0    0.0
 61 6068.294900 6.360E-26 0.000E+00.05980.075  815.00000.75-.012137                                                            34443285735217 1 7     0.0    0.0
 61 6068.321636 2.330E-24 1.004E-02.05680.077  575.25000.85-.012100                   0 0 0 0 1A1   10F2           10F1        4453328573481110 7    63.0   63.0
 61 6068.387700 2.530E-25 0.000E+00.05980.075  815.00000.75-.012137                                                            34443285735217 1 7     0.0    0.0
 61 6068.411843 1.520E-24 4.361E-03.06000.077  470.86000.85-.012100                   0 0 0 0 1A1    9F1            9F2        4433328573421110 7    57.0   57.0
 61 6068.440900 1.810E-25 0.000E+00.05980.075  815.00000.75-.012137                                                            34443285735217 1 7     0.0    0.0
 61 6068.459496 1.890E-24 0.000E+00.05250.067  815.00000.85-.012100                                                            4453328573481110 7     0.0    0.0
 61 6068.473729 6.260E-24 1.078E-02.05710.073  470.87000.85-.012100                   0 0 0 0 1A1    9A1            9A2  1     4433328573481110 7    95.0   95.0
 61 6068.501069 1.820E-24 0.000E+00.05460.077  815.00000.85-.012100                                                            4453328573481110 7     0.0    0.0
 61 6068.516257 2.400E-25 6.885E-04.04980.063  470.85000.75-.012137                   0 0 0 0 1A1    9F2            9F1        34443285735217 1 7    57.0   57.0
 61 6068.559110 9.420E-25 2.701E-03.05360.068  470.72000.75-.012137                   0 0 0 0 1A1    9F1            9F2        44653285735217 1 7    57.0   57.0
 61 6068.566957 1.190E-24 0.000E+00.05460.077  815.00000.85-.012100                                                            4453328573481110 7     0.0    0.0
 61 6068.586685 9.590E-25 0.000E+00.05750.077  502.99000.85-.012100                                                            4453328573481110 7     0.0    0.0
 61 6068.631500 4.620E-25 0.000E+00.05980.075  416.39000.75-.012137                                                            34443285735217 1 7     0.0    0.0
 61 6068.633835 2.760E-25 5.603E-04.05730.072  376.82000.75-.012137                   0 0 0 0 1A1    8F1            8F2        34663285735217 1 7    51.0   51.0
 61 6068.711794 2.750E-25 8.374E-04.05250.066  376.82000.75-.012137                   0 0 0 0 1A1    8E             8E         34553285735217 1 7    34.0   34.0
 61 6068.716800 4.770E-25 1.265E-03.05460.077  293.17000.85-.012100                   0 0 0 0 1A1    6E             7E         3453328573481110 7    26.0   30.0
 61 6068.764718 8.410E-24 9.014E-03.06550.079   62.87000.73-.012100                   0 0 0 0 1A1    3F1122         3F2  1     445332857348 7 1 7    21.0   21.0
 61 6068.765700 1.290E-24 1.391E-03.06500.082  157.13000.75-.012138                   0 0 0 0 1A1    5F2            5F1        45553285735217 1 7    33.0   33.0
 61 6068.768271 7.500E-25 0.000E+00.05980.075  376.73000.75-.012138                                                            44443285735217 1 7     0.0    0.0
 61 6068.779804 2.410E-24 2.599E-03.06400.077  157.12000.72-.012100                   0 0 0 0 1A1    5F2180         5F1  1     445332857348 7 1 7    33.0   33.0
 61 6068.823700 2.300E-25 0.000E+00.05980.075  815.00000.75-.012138                                                            34443285735217 1 7     0.0    0.0
 61 6068.879800 5.550E-24 6.758E-03.06000.075  376.73000.85-.012100                   0 0 0 0 1A1    8A2            8A1        4553328573481110 7    85.0   85.0
 61 6068.884000 9.070E-25 0.000E+00.05980.075  388.25000.75-.012138                                                            45443285735217 1 7     0.0    0.0
 61 6068.990900 1.540E-24 3.540E-03.05750.076  293.17000.70-.012100                   0 0 0 0 1A1    7E 164         7E   1     355332607348 7 1 7    30.0   30.0
 61 6068.992234 2.400E-24 3.883E-03.05990.077  157.13000.72-.012100                   0 0 0 0 1A1    5E 121         5E   1     445332857348 7 1 7    22.0   22.0
 61 6069.078275 3.370E-24 0.000E+00.05980.075  435.88760.75-.012138                                                            44443285735217 1 7     0.0    0.0
 61 6069.082300 3.970E-24 6.083E-03.06040.076  293.17000.85-.012100                   0 0 0 0 1A1    7F2            7F1  2     4533328573481110 7    45.0   45.0
 61 6069.087542 5.430E-24 0.000E+00.05980.075  358.54000.75-.012138                                                            44443285735217 1 7     0.0    0.0
 61 6069.120725 1.140E-24 0.000E+00.05460.077  950.15000.85-.012100                                                            4453328573481110 7     0.0    0.0
 61 6069.133600 7.340E-25 0.000E+00.05980.075  950.15000.75-.012138                                                            45443285735217 1 7     0.0    0.0
 61 6069.135548 9.590E-25 6.770E-04.05790.073  133.71380.75-.012138                   0 0 0 0 1A1    7F2            7F1        44553285735217 1 7    45.0   45.0
 61 6069.162354 2.500E-25 0.000E+00.05990.077  815.00000.85-.012100                                                            3453328573481110 7     0.0    0.0
 61 6069.228300 2.140E-25 2.651E-04.06000.077  219.94000.85-.012100                   0 0 0 0 1A1    6F2            6F1        3433328573421110 7    39.0   39.0
 61 6069.230500 9.630E-26 0.000E+00.05980.075  248.29000.75-.012138                                                            34443285735217 1 7     0.0    0.0
 61 6069.282700 2.940E-25 0.000E+00.05980.075  815.00000.75-.012139                                                            34443285735217 1 7     0.0    0.0
 61 6069.305288 3.480E-24 1.060E-02.06130.075  376.82000.85-.012100                   0 0 0 0 1A1    8E             8E         4433328573421110 7    34.0   34.0
 61 6069.334500 1.400E-25 1.510E-04.06540.082  157.12000.75-.012139                   0 0 0 0 1A1    5F1            5F2        34663285735217 1 7    33.0   33.0
 61 6069.392811 3.710E-25 1.130E-03.06000.077  376.73000.85-.012100                   0 0 0 0 1A1    8E             8E         3433328573421110 7    34.0   34.0
 61 6069.416500 1.340E-25 0.000E+00.05980.075  815.00000.75-.012139                                                            34443285735217 1 7     0.0    0.0
 61 6069.457711 3.440E-25 0.000E+00.06000.077  522.34000.85-.012100                                                            3433328573421110 7     0.0    0.0
 61 6069.510484 1.920E-24 0.000E+00.05290.068  689.86000.64-.012100                   0 0 0 0 1A1                  11A2  1     445332857348 7 1 7     0.0    0.0
 61 6069.524060 5.230E-24 8.015E-03.06180.076  293.16000.70-.012100                   0 0 0 0 1A1    7F1252         7F2  2     445332857348 7 1 7    45.0   45.0
 61 6069.539507 2.340E-24 6.711E-03.05710.073  470.72000.85-.012100                   0 0 0 0 1A1    9F1            9F2        4453328573481110 7    57.0   57.0
 61 6069.549489 1.430E-24 0.000E+00.05980.075  479.87000.75-.012139                                                            44443285735217 1 7     0.0    0.0
 61 6069.560900 6.230E-25 0.000E+00.05980.075  317.44000.75-.012139                                                            45443285735217 1 7     0.0    0.0
 61 6069.563964 1.290E-24 1.977E-03.06180.076  293.12000.70-.012100                   0 0 0 0 1A1    7F1252         7F2  1     445332857348 7 1 7    45.0   45.0
 61 6069.612602 3.260E-25 0.000E+00.06000.077  466.78000.85-.012100                                                            3433328573421110 7     0.0    0.0
 61 6069.631300 2.430E-25 0.000E+00.05980.075  408.26000.75-.012139                                                            34443285735217 1 7     0.0    0.0
 61 6069.689284 1.410E-24 0.000E+00.06000.077  683.94000.85-.012100                                                            4433328573421110 7     0.0    0.0
 61 6069.706962 3.220E-25 0.000E+00.06000.077  388.26000.85-.012100                                                            3433328573421110 7     0.0    0.0
 61 6069.762350 1.360E-24 0.000E+00.05980.075  769.72000.75-.012140                                                            44443285735217 1 7     0.0    0.0
 61 6069.768120 1.380E-24 2.802E-03.06000.074  376.80000.69-.012100                   0 0 0 0 1A1    8F2282         8F1  2     445332857348 7 1 7    51.0   51.0
 61 6069.784823 4.890E-25 1.368E-03.05890.073  465.62000.65-.012100                   0 0 0 0 1A1    9F2306         9F1  3     345332857348 7 1 7    57.0   57.0
 61 6069.835291 1.540E-24 4.419E-03.05710.073  470.80000.65-.012100                   0 0 0 0 1A1    9F2306         9F1  2     445332857348 7 1 7    57.0   57.0
 61 6069.896240 1.511E-23 1.494E-02.06550.078   97.93430.92-.005800                   0 0 0 0 1A1    4F1147         4F2  1     435334854848 71212    27.0   27.0
 61 6069.922000 1.100E-24 1.179E-03.06530.079   62.87000.73-.012100                   0 0 0 0 1A1    3F2115         3F1  1     455332857348 7 1 7    21.0   21.0
 61 6069.922483 3.180E-24 0.000E+00.06210.073  470.83000.85-.012100                                                            4453328573481110 7     0.0    0.0
 61 6069.953100 2.510E-25 0.000E+00.05980.075  815.00000.75-.012140                                                            34443285735217 1 7     0.0    0.0
 61 6069.995833 1.210E-24 0.000E+00.06290.077  815.00000.85-.012100                                                            4453328573481110 7     0.0    0.0
 61 6070.023349 1.520E-23 1.398E-02.06450.076  293.15000.72-.007700                   0 0 0 0 1A1    7A1 78         7A2  1     445335857348 71212    75.0   75.0
 61 6070.051731 3.880E-25 0.000E+00.06290.077  815.00000.85-.012100                                                            3453328573481110 7     0.0    0.0
 61 6070.085079 1.600E-24 1.982E-03.06370.077  219.93000.70-.012100                   0 0 0 0 1A1    6F1212         6F2  2     445332857348 7 1 7    39.0   39.0
 61 6070.107078 1.020E-24 1.264E-03.06370.077  219.91000.70-.012100                   0 0 0 0 1A1    6F1212         6F2  1     445332857348 7 1 7    39.0   39.0
 61 6070.132504 1.180E-23 2.032E-02.06110.073  470.83000.81-.011300                   0 0 0 0 1A1    9A2106         9A1  1     445335857348 71212    95.0   95.0
 61 6070.230000 1.740E-25 0.000E+00.06000.077  815.00000.85-.012100                                                            3433328573421110 7     0.0    0.0
 61 6070.243700 1.390E-25 3.990E-04.05360.068  470.86000.75-.012140                   0 0 0 0 1A1    9F1            9F2        34653285735217 1 7    57.0   57.0
 61 6070.291500 2.040E-25 0.000E+00.05980.075  210.10000.75-.012141                                                            34443285735217 1 7     0.0    0.0
 61 6070.318800 2.650E-25 1.715E-03.04800.061  575.27000.75-.012141                   0 0 0 0 1A1   10E            10E         34443285735217 1 7    42.0   42.0
 61 6070.376486 7.760E-24 1.576E-02.06000.074  376.82000.69-.012100                   0 0 0 0 1A1    8F1275         8F2  2     445332857348 7 1 7    51.0   51.0
 61 6070.417557 5.590E-25 1.135E-03.06000.074  376.78000.69-.012100                   0 0 0 0 1A1    8F1275         8F2  1     445332857348 7 1 7    51.0   51.0
 61 6070.449979 9.800E-25 0.000E+00.06000.077  815.00000.85-.012100                                                            4433328573421110 7     0.0    0.0
 61 6070.470265 4.120E-25 0.000E+00.05980.075  815.00000.75-.012141                                                            34443285735217 1 7     0.0    0.0
 61 6070.504871 1.270E-24 3.645E-03.05780.073  470.80000.65-.012100                   0 0 0 0 1A1    9F2307         9F1  2     445332857348 7 1 7    57.0   57.0
 61 6070.540812 2.200E-25 1.422E-03.04800.061  575.05000.75-.012141                   0 0 0 0 1A1   10E            10E         34443285735217 1 7    42.0   42.0
 61 6070.570600 3.710E-25 0.000E+00.05980.075  689.86000.75-.012141                                                            34443285735217 1 7     0.0    0.0
 61 6070.573540 2.990E-24 3.643E-03.06000.074  376.73000.69-.012100                   0 0 0 0 1A1    8A2 91         8A1  1     445332857348 7 1 7    85.0   85.0
 61 6070.577100 4.970E-25 9.236E-04.05660.071  219.91000.75-.012141                   0 0 0 0 1A1    6E             6E         34553285735217 1 7    26.0   26.0
 61 6070.594792 1.640E-24 0.000E+00.05460.077  794.44170.85-.012100                                                            4453328573481110 7     0.0    0.0
 61 6070.608730 5.530E-25 0.000E+00.05980.075  305.70150.75-.012141                                                            44443285735217 1 7     0.0    0.0
 61 6070.653113 2.720E-25 5.525E-04.06240.074  376.80000.69-.012100                   0 0 0 0 1A1    8F2283         8F1  2     345332857348 7 1 7    51.0   51.0
 61 6070.697742 2.920E-24 2.986E-03.06450.078  104.77000.72-.012100                   0 0 0 0 1A1    4F2154         4F1  1     445332857348 7 1 7    27.0   27.0
 61 6070.701999 7.430E-25 0.000E+00.05980.075  814.64000.75-.012141                                                            44443285735217 1 7     0.0    0.0
 61 6070.708700 2.040E-25 2.528E-04.06180.078  219.94000.75-.012141                   0 0 0 0 1A1    6F2            6F1        34553285735217 1 7    39.0   39.0
 61 6070.726626 9.880E-25 0.000E+00.06250.077  595.81000.85-.012100                                                            4453328573481110 7     0.0    0.0
 61 6070.747100 1.890E-25 0.000E+00.05980.075  815.00000.75-.012141                                                            34443285735217 1 7     0.0    0.0
 61 6070.822160 1.510E-24 4.335E-03.05910.073  470.86000.85-.012100                   0 0 0 0 1A1    9F1            9F2  2     4433328573481110 7    57.0   57.0
 61 6070.866050 7.480E-25 0.000E+00.06000.077  815.00000.85-.012100                                                            4433328573421110 7     0.0    0.0
 61 6070.885245 7.900E-25 0.000E+00.06000.077  815.00000.85-.012100                                                            4433328573421110 7     0.0    0.0
 61 6070.919998 2.550E-25 0.000E+00.06000.077  815.00000.85-.012100                                                            3433328573421110 7     0.0    0.0
 61 6070.941300 2.430E-25 5.589E-04.05470.069  293.17000.75-.012142                   0 0 0 0 1A1    7E             7E         34553285735217 1 7    30.0   30.0
 61 6070.944100 1.530E-25 0.000E+00.05980.075  330.37000.75-.012142                                                            34443285735217 1 7     0.0    0.0
 61 6070.966000 9.620E-25 2.760E-03.05710.073  470.72000.65-.012100                   0 0 0 0 1A1    9F1            9F2        455332857348 7 1 7    57.0   57.0
 61 6070.973900 5.820E-25 1.182E-03.05730.072  376.78000.75-.012142                   0 0 0 0 1A1    8F1            8F2        45663285735217 1 7    51.0   51.0
 61 6070.981900 2.940E-25 0.000E+00.05880.077  815.00000.85-.012100                                                            3453328573481110 7     0.0    0.0
 61 6070.985528 2.150E-25 3.296E-04.06080.077  293.16000.75-.012142                   0 0 0 0 1A1    7F1            7F2        34663285735217 1 7    45.0   45.0
 61 6071.000190 3.110E-25 0.000E+00.05980.075  815.00000.75-.012142                                                            34443285735217 1 7     0.0    0.0
 61 6071.034296 9.620E-25 1.749E-03.05950.075  376.82000.85-.012100                   0 0 0 0 1A1    9F1            8F2        4453328573481110 7    57.0   51.0
 61 6071.064000 2.500E-25 0.000E+00.05980.075  815.00000.75-.012142                                                            34443285735217 1 7     0.0    0.0
 61 6071.087400 1.760E-25 0.000E+00.05980.075  815.00000.75-.012142                                                            34443285735217 1 7     0.0    0.0
 61 6071.215025 5.870E-24 1.685E-02.05780.073  470.85000.65-.012100                   0 0 0 0 1A1    9F2308         9F1  3     445332857348 7 1 7    57.0   57.0
 61 6071.254989 1.880E-24 4.863E-03.05830.077  575.05000.85-.012100                   0 0 0 0 1A1   10A1           10A2        4453328573481110 7   105.0  105.0
 61 6071.281751 1.130E-24 2.295E-03.06170.077  376.73000.85-.012100                   0 0 0 0 1A1    8F2            8F1        4453328573481110 7    51.0   51.0
 61 6071.283800 4.680E-25 0.000E+00.05980.075  399.96000.75-.012143                                                            34443285735217 1 7     0.0    0.0
 61 6071.313028 4.050E-24 6.214E-03.06450.078  104.77000.72-.012100                   0 0 0 0 1A1    4E 102         4E   1     445332857348 7 1 7    18.0   18.0
 61 6071.354940 3.720E-25 1.851E-04.06120.073  110.24720.65-.012100                   0 0 0 0 1A1    9F2308         9F1  1     345332857348 7 1 7    57.0   57.0
 61 6071.397500 1.200E-25 0.000E+00.05980.075  815.00000.75-.012143                                                            34443285735217 1 7     0.0    0.0
 61 6071.443400 1.660E-25 0.000E+00.05980.075  815.00000.75-.012143                                                            34443285735217 1 7     0.0    0.0
 61 6071.473944 1.150E-24 4.952E-03.06000.077  470.79000.85-.012100                   0 0 0 0 1A1    9E             9E         4433328573421110 7    38.0   38.0
 61 6071.513200 2.690E-25 0.000E+00.05980.075  411.72000.75-.012143                                                            34443285735217 1 7     0.0    0.0
 61 6071.533000 2.370E-25 0.000E+00.05980.075  246.87000.75-.012143                                                            34443285735217 1 7     0.0    0.0
 61 6071.539220 3.860E-25 2.488E-04.05780.073  219.94000.75-.012143                   0 0 0 0 1A1    7A2            6A1        34553285735217 1 7    75.0   65.0
 61 6071.550300 5.190E-26 0.000E+00.05980.075  240.03000.75-.012143                                                            34443285735217 1 7     0.0    0.0
 61 6071.559800 1.720E-25 1.848E-04.06180.078  219.94000.75-.012143                   0 0 0 0 1A1    7F2            6F1        34553285735217 1 7    45.0   39.0
 61 6071.599128 2.990E-25 0.000E+00.06000.077  424.66000.85-.012100                                                            3433328573421110 7     0.0    0.0
 61 6071.667917 3.040E-25 0.000E+00.06000.077  815.00000.85-.012100                                                            3433328573421110 7     0.0    0.0
 61 6071.720293 5.650E-25 0.000E+00.05980.075  815.00000.75-.012143                                                            44443285735217 1 7     0.0    0.0
 61 6071.736158 4.100E-25 0.000E+00.05980.075  815.00000.75-.012143                                                            34443285735217 1 7     0.0    0.0
 61 6071.766800 9.810E-26 1.054E-04.06360.080  219.93000.75-.012144                   0 0 0 0 1A1    7F1            6F2        34663285735217 1 7    45.0   39.0
 61 6071.774400 5.910E-26 0.000E+00.05980.075  815.00000.75-.012144                                                            34443285735217 1 7     0.0    0.0
 61 6071.788600 1.220E-25 1.311E-04.06360.080  219.91000.75-.012144                   0 0 0 0 1A1    7F1            6F2        34663285735217 1 7    45.0   39.0
 61 6071.788896 8.610E-25 2.008E-03.06270.077  379.41000.70-.012100                   0 0 0 0 1A1    7F1231         6F2  1     445332857348 7 1 7    45.0   39.0
 61 6071.805000 2.460E-25 2.264E-04.05740.072  293.15000.75-.012144                   0 0 0 0 1A1    7A1            7A2        34653285735217 1 7    75.0   75.0
 61 6071.847257 1.220E-24 2.479E-03.05970.074  376.82000.69-.012100                   0 0 0 0 1A1    8F1277         8F2  2     445332857348 7 1 7    51.0   51.0
 61 6071.847700 1.580E-25 0.000E+00.05980.075  385.69000.75-.012144                                                            34443285735217 1 7     0.0    0.0
 61 6071.863400 2.010E-25 2.159E-04.06180.078  219.94000.75-.012144                   0 0 0 0 1A1    7F2            6F1        34553285735217 1 7    45.0   39.0
 61 6071.886300 1.150E-24 0.000E+00.05980.075  390.38000.75-.012144                                                            45443285735217 1 7     0.0    0.0
 61 6071.886827 5.820E-24 1.183E-02.05970.074  376.78000.69-.012100                   0 0 0 0 1A1    8F1277         8F2  1     445332857348 7 1 7    51.0   51.0
 61 6071.951839 1.030E-24 1.107E-03.06440.078  219.93000.85-.012100                   0 0 0 0 1A1    7F1232         6F2  2     4433328573481110 7    45.0   39.0
 61 6071.972768 1.970E-24 0.000E+00.05980.075  293.15000.75-.012144                                                            44443285735217 1 7     0.0    0.0
 61 6071.977161 5.470E-24 8.858E-03.06410.077  157.13000.72-.012100                   0 0 0 0 1A1    5E 122         5E   1     445332857348 7 1 7    22.0   22.0
 61 6072.042913 8.500E-24 9.177E-03.06410.077  157.13000.72-.012100                   0 0 0 0 1A1    5F2181         5F1  2     445332857348 7 1 7    33.0   33.0
 61 6072.056665 2.340E-25 2.526E-04.06500.082  157.12000.75-.012144                   0 0 0 0 1A1    5F2            5F1        34553285735217 1 7    33.0   33.0
 61 6072.063000 3.790E-25 0.000E+00.05980.075  815.00000.75-.012144                                                            34443285735217 1 7     0.0    0.0
 61 6072.082280 3.890E-25 5.965E-04.06080.077  293.12000.75-.012144                   0 0 0 0 1A1    7F1            7F2        34663285735217 1 7    45.0   45.0
 61 6072.096565 2.190E-25 2.241E-04.06590.083  104.78000.75-.012144                   0 0 0 0 1A1    4F1            4F2        34663285735217 1 7    27.0   27.0
 61 6072.109672 3.870E-25 0.000E+00.05980.075  815.00000.75-.012144                                                            34443285735217 1 7     0.0    0.0
 61 6072.132300 1.370E-25 0.000E+00.05980.075  815.00000.75-.012144                                                            34443285735217 1 7     0.0    0.0
 61 6072.173300 1.470E-25 0.000E+00.05980.075  815.00000.75-.012144                                                            34443285735217 1 7     0.0    0.0
 61 6072.200200 1.140E-25 3.274E-04.04980.063  470.85000.75-.012144                   0 0 0 0 1A1    9F2            9F1        34443285735217 1 7    57.0   57.0
 61 6072.230500 1.020E-25 0.000E+00.05980.075  815.00000.75-.012144                                                            34443285735217 1 7     0.0    0.0
 61 6072.235000 1.970E-26 3.022E-05.05790.073  293.17000.75-.012144                   0 0 0 0 1A1    7F2            7F1        34553285735217 1 7    45.0   45.0
 61 6072.249983 5.190E-25 1.490E-03.05710.073  470.80000.65-.012100                   0 0 0 0 1A1    9F2309         9F1  2     445332857348 7 1 7    57.0   57.0
 61 6072.268102 7.890E-25 0.000E+00.06000.077  815.00000.85-.012100                                                            4433328573421110 7     0.0    0.0
 61 6072.290500 1.310E-25 2.009E-04.05790.073  293.12000.75-.012145                   0 0 0 0 1A1    7F2            7F1        34553285735217 1 7    45.0   45.0
 61 6072.313000 7.760E-26 0.000E+00.05980.075  815.00000.75-.012145                                                            34443285735217 1 7     0.0    0.0
 61 6072.335376 8.440E-25 2.423E-03.05710.073  470.71000.65-.012100                   0 0 0 0 1A1    9F2309         9F1  1     445332857348 7 1 7    57.0   57.0
 61 6072.370179 1.450E-24 6.257E-03.06000.077  575.18000.85-.012100                   0 0 0 0 1A1   10F2           10F1        4433328573421110 7    63.0   63.0
 61 6072.386200 1.260E-25 0.000E+00.05980.075  815.00000.75-.012145                                                            34443285735217 1 7     0.0    0.0
 61 6072.403800 1.070E-25 0.000E+00.05980.075  815.00000.75-.012145                                                            34443285735217 1 7     0.0    0.0
 61 6072.420900 3.400E-26 0.000E+00.05980.075  815.00000.75-.012145                                                            34443285735217 1 7     0.0    0.0
 61 6072.450200 1.040E-25 0.000E+00.05980.075  815.00000.75-.012145                                                            34443285735217 1 7     0.0    0.0
 61 6072.467361 1.100E-24 1.715E-03.05710.073  470.83000.65-.012100                   0 0 0 0 1A1   10A2            9A1  1     445332857348 7 1 7   105.0   95.0
 61 6072.500506 4.400E-24 1.264E-02.05710.073  470.86000.65-.012100                   0 0 0 0 1A1    9F1317         9F2  2     445332857348 7 1 7    57.0   57.0
 61 6072.552200 2.070E-25 0.000E+00.05980.075  815.00000.75-.012145                                                            34443285735217 1 7     0.0    0.0
 61 6072.580600 7.530E-26 0.000E+00.05980.075  154.76000.75-.012145                                                            34443285735217 1 7     0.0    0.0
 61 6072.597200 5.060E-26 0.000E+00.05980.075  815.00000.75-.012145                                                            34443285735217 1 7     0.0    0.0
 61 6072.628150 6.680E-25 0.000E+00.06000.077  815.00000.85-.012100                                                            4433328573421110 7     0.0    0.0
 61 6072.653212 6.200E-25 0.000E+00.06000.077  815.00000.85-.012100                                                            4433328573421110 7     0.0    0.0
 61 6072.670900 5.000E-26 0.000E+00.05980.075  815.00000.75-.012145                                                            34443285735217 1 7     0.0    0.0
 61 6072.704082 3.710E-25 0.000E+00.06000.077  815.00000.85-.012100                                                            3433328573421110 7     0.0    0.0
 61 6072.786600 3.990E-26 0.000E+00.05980.075  815.00000.75-.012146                                                            34443285735217 1 7     0.0    0.0
 61 6072.808600 1.120E-25 0.000E+00.05980.075  815.00000.75-.012146                                                            34443285735217 1 7     0.0    0.0
 61 6072.822300 7.770E-26 0.000E+00.05980.075  815.00000.75-.012146                                                            34443285735217 1 7     0.0    0.0
 61 6072.835900 6.740E-26 0.000E+00.05980.075  189.29000.75-.012146                                                            34443285735217 1 7     0.0    0.0
 61 6072.841200 1.280E-25 1.690E-04.06000.077  157.13000.85-.012100                   0 0 0 0 1A1    4F2            5F1        3433328573421110 7    27.0   33.0
 61 6072.916500 6.520E-26 0.000E+00.05980.075  815.00000.75-.012146                                                            34443285735217 1 7     0.0    0.0
 61 6072.938000 8.820E-26 0.000E+00.05980.075  815.00000.75-.012146                                                            34443285735217 1 7     0.0    0.0
 61 6072.959264 1.340E-24 5.824E-03.05530.070  576.61000.64-.012100                   0 0 0 0 1A1   10F2346        10F1  2     445332857348 7 1 7    63.0   63.0
 61 6073.031361 9.120E-25 3.937E-03.05530.070  575.18000.64-.012100                   0 0 0 0 1A1   10F2346        10F1  1     445332857348 7 1 7    63.0   63.0
 61 6073.053200 1.680E-25 0.000E+00.05980.075  815.00000.75-.012146                                                            34443285735217 1 7     0.0    0.0
 61 6073.085296 7.010E-25 7.174E-04.06530.078  104.77000.72-.012100                   0 0 0 0 1A1    4F2155         4F1  1     445332857348 7 1 7    27.0   27.0
 61 6073.176300 2.930E-25 0.000E+00.05580.070  815.00000.64-.012100                   0 0 0 0 1A1                  10A1  1     345332857348 7 1 7     0.0    0.0
 61 6073.199399 3.060E-24 7.927E-03.05580.070  575.22000.64-.012100                   0 0 0 0 1A1   10A2           10A1  1     445332857348 7 1 7   105.0  105.0
 61 6073.206157 6.380E-25 0.000E+00.05980.075 1500.00000.75-.012146                                                            44443285735217 1 7     0.0    0.0
 61 6073.255900 1.760E-26 0.000E+00.05980.075  815.00000.75-.012147                                                            34443285735217 1 7     0.0    0.0
 61 6073.298540 1.050E-24 4.532E-03.05530.070  575.17000.64-.012100                   0 0 0 0 1A1   10F1339        10F2  2     445332857348 7 1 7    63.0   63.0
 61 6073.358415 6.150E-25 0.000E+00.06000.077  815.00000.85-.012100                                                            4433328573421110 7     0.0    0.0
 61 6073.376187 2.200E-24 2.376E-03.06480.077  157.13000.72-.012100                   0 0 0 0 1A1    5F2182         5F1  2     445332857348 7 1 7    33.0   33.0
 61 6073.391440 1.520E-24 1.642E-03.06480.077  157.12000.72-.012100                   0 0 0 0 1A1    5F2182         5F1  1     445332857348 7 1 7    33.0   33.0
 61 6073.407836 1.250E-23 2.155E-02.06160.073  470.87000.65-.012100                   0 0 0 0 1A1    9A1101         9A2  1     445332857348 7 1 7    95.0   95.0
 61 6073.439737 3.000E-25 6.100E-04.05730.072  376.82000.75-.012147                   0 0 0 0 1A1    8F1            8F2        34663285735217 1 7    51.0   51.0
 61 6073.479300 1.370E-25 0.000E+00.05980.075  387.91000.75-.012147                                                            34443285735217 1 7     0.0    0.0
 61 6073.481412 7.950E-25 1.616E-03.05970.074  376.78000.69-.012100                   0 0 0 0 1A1    8F1278         8F2  1     445332857348 7 1 7    51.0   51.0
 61 6073.543500 1.630E-25 0.000E+00.05980.075  815.00000.75-.012147                                                            34443285735217 1 7     0.0    0.0
 61 6073.564400 7.510E-26 2.158E-04.05360.068  470.86000.75-.012147                   0 0 0 0 1A1    9F1            9F2        34653285735217 1 7    57.0   57.0
 61 6073.608900 1.480E-25 0.000E+00.05980.075  815.00000.75-.012147                                                            34443285735217 1 7     0.0    0.0
 61 6073.627591 5.210E-25 1.497E-03.04980.063  470.85000.75-.012147                   0 0 0 0 1A1    9F2            9F1        44443285735217 1 7    57.0   57.0
 61 6073.638506 1.900E-24 4.919E-03.05530.070  575.05000.64-.012100                   0 0 0 0 1A1   10A1119        10A2  1     445332857348 7 1 7   105.0  105.0
 61 6073.684100 1.040E-25 0.000E+00.05980.075  815.00000.75-.012147                                                            34443285735217 1 7     0.0    0.0
 61 6073.710931 4.250E-25 0.000E+00.05980.075  815.00000.75-.012147                                                            34443285735217 1 7     0.0    0.0
 61 6073.718300 7.830E-25 0.000E+00.05710.073  815.00000.65-.012100                   0 0 0 0 1A1                   9A1  1     455332857348 7 1 7     0.0    0.0
 61 6073.743030 1.140E-24 2.318E-03.05970.074  376.80000.69-.012100                   0 0 0 0 1A1    8F2285         8F1  2     445332857348 7 1 7    51.0   51.0
 61 6073.768916 1.150E-24 3.303E-03.06000.077  470.71000.85-.012100                   0 0 0 0 1A1    9F2            9F1        4433328573421110 7    57.0   57.0
 61 6073.791271 4.420E-25 0.000E+00.06190.077  815.00000.85-.012100                                                            3453328573481110 7     0.0    0.0
 61 6073.820123 3.280E-24 3.023E-03.06450.082   31.44000.70-.012100                   0 0 0 0 1A1    3F1113         2F2  1     445332857348 7 1 7    21.0   15.0
 61 6073.841254 1.340E-24 0.000E+00.06190.077  815.00000.85-.012100                                                            4453328573481110 7     0.0    0.0
 61 6073.856900 1.850E-25 0.000E+00.05980.075  815.00000.75-.012148                                                            34443285735217 1 7     0.0    0.0
 61 6073.926798 6.800E-25 0.000E+00.06570.079  815.00000.85-.012100                                                            4433328573421110 7     0.0    0.0
 61 6073.989688 2.940E-24 1.905E-02.06140.077  575.27000.85-.012100                   0 0 0 0 1A1   10E            10E         4453328573481110 7    42.0   42.0
 61 6074.016927 2.700E-24 2.917E-03.06400.077  157.12000.72-.012100                   0 0 0 0 1A1    5F1189         5F2  1     445332857348 7 1 7    33.0   33.0
 61 6074.042132 1.340E-24 0.000E+00.05460.077  391.35110.85-.012100                                                            4453328573481110 7     0.0    0.0
 61 6074.060094 2.660E-25 0.000E+00.05980.075  815.00000.75-.012148                                                            34443285735217 1 7     0.0    0.0
 61 6074.066844 4.610E-25 0.000E+00.05530.075  104.77000.85-.012100                                                            3453328573481110 7     0.0    0.0
 61 6074.095700 2.300E-25 0.000E+00.05980.075  814.64000.75-.012148                                                            34443285735217 1 7     0.0    0.0
 61 6074.098451 1.660E-24 2.295E-03.06450.082   31.44210.70-.012100                   0 0 0 0 1A1    3E  72         2E   1     445332857348 7 1 7    14.0   10.0
 61 6074.124500 2.180E-25 0.000E+00.05980.075  815.00000.75-.012148                                                            34443285735217 1 7     0.0    0.0
 61 6074.153067 1.250E-24 3.410E-03.05820.075  376.73000.85-.012100                   0 0 0 0 1A1    9E             8E         4453328573481110 7    38.0   34.0
 61 6074.164900 1.850E-24 3.366E-03.05380.068  376.80000.75-.012148                   0 0 0 0 1A1    9F2            8F1        45553285735217 1 7    57.0   51.0
 61 6074.171930 2.550E-24 0.000E+00.05750.077  591.56450.85-.012100                                                            4453328573481110 7     0.0    0.0
 61 6074.188000 1.700E-24 4.883E-03.05360.068  470.72000.75-.012148                   0 0 0 0 1A1    9F1            9F2        45653285735217 1 7    57.0   57.0
 61 6074.199015 2.240E-24 0.000E+00.05460.077  556.26030.85-.012100                                                            4453328573481110 7     0.0    0.0
 61 6074.213371 4.700E-25 0.000E+00.05980.075  815.00000.75-.012148                                                            34443285735217 1 7     0.0    0.0
 61 6074.234657 8.430E-25 1.533E-03.05380.068  376.73000.75-.012148                   0 0 0 0 1A1    9F2            8F1        44553285735217 1 7    57.0   51.0
 61 6074.235800 4.120E-25 0.000E+00.05980.075  400.57000.75-.012148                                                            34443285735217 1 7     0.0    0.0
 61 6074.249652 1.790E-24 5.144E-03.06000.077  470.80000.85-.012100                   0 0 0 0 1A1    9F2            9F1        4433328573421110 7    57.0   57.0
 61 6074.290000 2.890E-25 0.000E+00.05980.075  815.00000.75-.012149                                                            34443285735217 1 7     0.0    0.0
 61 6074.326043 4.840E-25 0.000E+00.06090.077  815.00000.85-.012100                                                            3453328573481110 7     0.0    0.0
 61 6074.350498 4.570E-25 0.000E+00.05980.075  325.06130.75-.012149                                                            34443285735217 1 7     0.0    0.0
 61 6074.361961 4.130E-24 5.124E-03.06310.077  219.93000.70-.012100                   0 0 0 0 1A1    6F1213         6F2  2     445332857348 7 1 7    39.0   39.0
 61 6074.381827 3.120E-25 3.870E-04.06470.078  219.91000.85-.012100                   0 0 0 0 1A1    6F1            6F2        3453328573481110 7    39.0   39.0
 61 6074.447373 3.430E-24 4.256E-03.05680.077  219.94000.70-.012100                   0 0 0 0 1A1    6F2221         6F1  1     445332857348 7 1 7    39.0   39.0
 61 6074.467761 1.010E-24 0.000E+00.05460.077  815.00000.85-.012100                                                            4453328573481110 7     0.0    0.0
 61 6074.482137 9.740E-25 1.981E-03.05730.072  376.78000.75-.012149                   0 0 0 0 1A1    8F1            8F2        44663285735217 1 7    51.0   51.0
 61 6074.499476 4.120E-25 1.780E-03.05290.070  575.25000.64-.012100                   0 0 0 0 1A1   10F2           10F1        345332857348 7 1 7    63.0   63.0
 61 6074.575200 1.890E-25 0.000E+00.05980.075  815.00000.75-.012149                                                            34443285735217 1 7     0.0    0.0
 61 6074.603500 2.490E-25 0.000E+00.05980.075  815.00000.75-.012149                                                            34443285735217 1 7     0.0    0.0
 61 6074.628900 1.330E-25 0.000E+00.05980.075  815.00000.75-.012149                                                            34443285735217 1 7     0.0    0.0
 61 6074.677200 2.330E-25 0.000E+00.05980.075  815.00000.75-.012149                                                            34443285735217 1 7     0.0    0.0
 61 6074.735948 3.610E-23 4.207E-02.06450.081   10.48000.83-.009800    0 2 1 0  F2    0 0 0 0 1A1    2F2            1F1  1     445335857348 71212    15.0    9.0
 61 6074.826700 1.120E-25 0.000E+00.05980.075  815.00000.75-.012150                                                            34443285735217 1 7     0.0    0.0
 61 6074.888715 3.640E-25 3.915E-04.06180.078  219.94000.75-.012150                   0 0 0 0 1A1    7F2            6F1        34553285735217 1 7    45.0   39.0
 61 6074.899700 4.430E-25 4.764E-04.06730.078  219.93000.85-.012100                   0 0 0 0 1A1    7F1            6F2  2     3433328573481110 7    45.0   39.0
 61 6074.915243 5.100E-24 3.290E-03.06730.077  219.91000.70-.012100                   0 0 0 0 1A1    7A1 72         6A2  1     445332857348 7 1 7    75.0   65.0
 61 6074.919500 7.730E-25 0.000E+00.05980.075  255.17000.75-.012150                                                            45443285735217 1 7     0.0    0.0
 61 6074.921200 2.270E-24 2.441E-03.06360.080  219.91000.75-.012150                   0 0 0 0 1A1    7F1            6F2        45663285735217 1 7    45.0   39.0
 61 6074.945214 4.640E-25 0.000E+00.06500.077  815.00000.85-.012100                                                            3453328573481110 7     0.0    0.0
 61 6074.975100 9.720E-26 0.000E+00.05980.075  815.00000.75-.012150                                                            34443285735217 1 7     0.0    0.0
 61 6075.034700 2.680E-25 0.000E+00.05980.075  815.00000.75-.012150                                                            34443285735217 1 7     0.0    0.0
 61 6075.053477 1.200E-23 8.935E-03.06330.077  219.94000.90-.008200                   0 0 0 0 1A1    6A2 70         6A1  1     445335857348 71212    65.0   65.0
 61 6075.080100 2.820E-25 0.000E+00.05980.075  815.00000.75-.012150                                                            34443285735217 1 7     0.0    0.0
 61 6075.111300 1.530E-25 0.000E+00.05980.075  815.00000.75-.012150                                                            34443285735217 1 7     0.0    0.0
 61 6075.169400 5.980E-26 0.000E+00.05980.075  815.00000.75-.012150                                                            34443285735217 1 7     0.0    0.0
 61 6075.182100 1.220E-25 0.000E+00.05980.075  815.00000.75-.012150                                                            34443285735217 1 7     0.0    0.0
 61 6075.202200 5.590E-26 0.000E+00.05980.075  815.00000.75-.012150                                                            34443285735217 1 7     0.0    0.0
 61 6075.230000 4.390E-26 0.000E+00.05980.075  815.00000.75-.012150                                                            34443285735217 1 7     0.0    0.0
 61 6075.271000 1.010E-25 0.000E+00.05980.075  815.00000.75-.012151                                                            34443285735217 1 7     0.0    0.0
 61 6075.281700 6.690E-26 0.000E+00.05980.075  815.00000.75-.012151                                                            34443285735217 1 7     0.0    0.0
 61 6075.382701 5.540E-25 0.000E+00.06000.077  815.00000.85-.012200                                                            4433328573421110 7     0.0    0.0
 61 6075.398900 6.330E-26 0.000E+00.05980.075  282.58000.75-.012151                                                            34443285735217 1 7     0.0    0.0
 61 6075.429700 8.950E-26 0.000E+00.05980.075  815.00000.75-.012151                                                            34443285735217 1 7     0.0    0.0
 61 6075.438500 1.090E-25 0.000E+00.05980.075  815.00000.75-.012151                                                            34443285735217 1 7     0.0    0.0
 61 6075.480345 1.850E-24 7.996E-03.05680.077  575.28000.85-.012200                   0 0 0 0 1A1   10F1           10F2        4453328573481110 7    63.0   63.0
 61 6075.491625 1.120E-24 0.000E+00.05980.075 1500.00000.75-.012151                                                            44443285735217 1 7     0.0    0.0
 61 6075.554517 1.300E-24 0.000E+00.05610.077  695.98000.85-.012200                                                            4453328573481110 7     0.0    0.0
 61 6075.578152 4.900E-25 0.000E+00.05980.075  815.00000.75-.012151                                                            34443285735217 1 7     0.0    0.0
 61 6075.601977 1.870E-24 0.000E+00.05460.077 1087.67040.85-.012200                                                            4453328573481110 7     0.0    0.0
 61 6075.622748 5.020E-25 0.000E+00.05980.075  815.00000.75-.012151                                                            44443285735217 1 7     0.0    0.0
 61 6075.656200 1.780E-25 0.000E+00.05980.075  815.00000.75-.012151                                                            34443285735217 1 7     0.0    0.0
 61 6075.711854 4.940E-25 2.133E-03.06000.077  575.05000.85-.012200                   0 0 0 0 1A1   10F1           10F2        3433328573421110 7    63.0   63.0
 61 6075.733400 1.560E-25 0.000E+00.05980.075  815.00000.75-.012151                                                            34443285735217 1 7     0.0    0.0
 61 6075.760937 1.290E-24 0.000E+00.05980.075  468.90880.75-.012152                                                            44443285735217 1 7     0.0    0.0
 61 6075.784606 2.500E-24 3.103E-03.06310.077  219.94000.70-.012200                   0 0 0 0 1A1    6F2222         6F1  1     445332857348 7 1 7    39.0   39.0
 61 6075.802982 9.260E-25 0.000E+00.06090.077 1500.00000.85-.012200                                                            4453328573481110 7     0.0    0.0
 61 6075.877274 6.740E-25 1.938E-03.05710.073  470.86000.65-.012200                   0 0 0 0 1A1    9F1320         9F2  2     445332857348 7 1 7    57.0   57.0
 61 6075.907225 2.940E-25 0.000E+00.06000.077  815.00000.85-.012200                                                            3433328573421110 7     0.0    0.0
 61 6075.995191 4.800E-25 2.074E-03.05530.070  575.18000.64-.012200                   0 0 0 0 1A1   10F2349        10F1  1     345332857348 7 1 7    63.0   63.0
 61 6076.011200 8.770E-26 0.000E+00.05980.075  815.00000.75-.012152                                                            34443285735217 1 7     0.0    0.0
 61 6076.108459 3.550E-23 3.934E-02.06120.081    0.00000.80-.012000    0 2 1 0  F2    0 0 0 0 1A1    1A2 20         0A1  1     445335857348 71212    15.0    5.0
 61 6076.179700 1.360E-25 0.000E+00.05980.075  815.00000.75-.012152                                                            34443285735217 1 7     0.0    0.0
 61 6076.203319 2.910E-24 7.546E-03.06250.077  575.22000.72-.012200                   0 0 0 0 1A1   10A2           10A1        445332857348 7 1 7   105.0  105.0
 61 6076.204310 8.060E-25 8.714E-04.05990.077  157.12000.85-.012200                   0 0 0 0 1A1    5F1            5F2        4453328573481110 7    33.0   33.0
 61 6076.270952 6.350E-25 0.000E+00.06090.077  815.00000.85-.012200                                                            4453328573481110 7     0.0    0.0
 61 6076.312500 1.790E-25 3.534E-04.06310.077  231.97000.70-.012200                   0 0 0 0 1A1    6E 147         6E   1     345332857348 7 1 7    26.0   26.0
 61 6076.316521 1.190E-24 2.216E-03.06090.077  219.91000.85-.012200                   0 0 0 0 1A1    6E             6E         4453328573481110 7    26.0   26.0
 61 6076.328593 9.240E-25 0.000E+00.05980.075  815.00000.75-.012153                                                            44443285735217 1 7     0.0    0.0
 61 6076.344600 1.760E-25 0.000E+00.05980.075  200.45000.75-.012153                                                            34443285735217 1 7     0.0    0.0
 61 6076.349837 2.070E-25 3.357E-04.05840.074  157.13000.75-.012153                   0 0 0 0 1A1    5E             5E         34553285735217 1 7    22.0   22.0
 61 6076.398635 1.230E-24 0.000E+00.06000.077  689.86000.85-.012200                                                            4433328573421110 7     0.0    0.0
 61 6076.467284 2.980E-24 4.849E-03.05530.070  479.36000.64-.012200                   0 0 0 0 1A1   10A1120        10A2  1     445332857348 7 1 7   105.0  105.0
 61 6076.534700 1.360E-25 0.000E+00.05980.075  815.00000.75-.012153                                                            34443285735217 1 7     0.0    0.0
 61 6076.561936 5.830E-25 0.000E+00.06000.077  230.36550.85-.012200                                                            4433328573421110 7     0.0    0.0
 61 6076.583119 6.490E-25 0.000E+00.05980.075  815.00000.75-.012153                                                            44443285735217 1 7     0.0    0.0
 61 6076.601100 2.790E-25 0.000E+00.05980.075  815.00000.75-.012153                                                            34443285735217 1 7     0.0    0.0
 61 6076.604203 1.770E-25 0.000E+00.05980.075 1500.00000.75-.012153                                                            34443285735217 1 7     0.0    0.0
 61 6076.701084 2.210E-24 9.555E-03.05530.070  575.28000.64-.012200                   0 0 0 0 1A1   10F1342        10F2  3     445332857348 7 1 7    63.0   63.0
 61 6076.750300 9.660E-26 1.127E-04.06030.076   10.48000.75-.012154                   0 0 0 0 1A1    2F2            1F1        34553285735217 1 7    15.0    9.0
 61 6076.811142 1.170E-24 0.000E+00.06000.077  445.84010.85-.012200                                                            4433328573421110 7     0.0    0.0
 61 6076.825906 2.960E-25 0.000E+00.05980.075  228.21730.75-.012154                                                            34443285735217 1 7     0.0    0.0
 61 6076.927594 4.980E-22 8.038E-01.05470.077  219.91000.70-.009360                   0 0 0 0 1A1    7E 154         6E   1     468335867457 7 118    30.0   26.0
 61 6076.934109 7.470E-22 8.038E-01.06250.077  219.91000.70-.011120                   0 0 0 0 1A1    7F1235         6F2  1     448335867457 7 118    45.0   39.0
 61 6076.953099 1.240E-21 8.006E-01.05750.077  219.91000.70-.011830                   0 0 0 0 1A1    7A1 73         6A2  1     458335867457 7 118    75.0   65.0
 61 6077.004338 4.970E-24 4.581E-03.06270.077  293.15000.85-.012200                   0 0 0 0 1A1    7A1            7A2        4553328573481110 7    75.0   75.0
 61 6077.013878 4.090E-24 0.000E+00.05980.075  376.00000.75-.012154                                                            45443285735217 1 7     0.0    0.0
 61 6077.027988 7.390E-22 7.953E-01.06010.077  219.93000.70-.011120                   0 0 0 0 1A1    7F1236         6F2  2     458335867457 7 118    45.0   39.0
 61 6077.046453 7.360E-22 7.921E-01.06430.077  219.94000.70-.011120                   0 0 0 0 1A1    7F2230         6F1  1     457335867457 7 118    45.0   39.0
 61 6077.062940 1.220E-21 7.878E-01.06210.077  219.94000.70-.011830                   0 0 0 0 1A1    7A2 81         6A1  1     458335867457 7 118    75.0   65.0
 61 6077.124601 1.790E-24 3.089E-03.05780.073  470.83000.65-.012200                   0 0 0 0 1A1    9A2108         9A1  1     445332857348 7 1 7    95.0   95.0
 61 6077.202200 5.590E-26 0.000E+00.05980.075  815.00000.75-.012154                                                            34443285735217 1 7     0.0    0.0
 61 6077.299800 1.670E-25 0.000E+00.05980.075  815.00000.75-.012155                                                            34443285735217 1 7     0.0    0.0
 61 6077.322300 1.840E-25 0.000E+00.05980.075  815.00000.75-.012155                                                            34443285735217 1 7     0.0    0.0
 61 6077.367903 1.610E-24 0.000E+00.05750.077  462.39000.85-.012200                                                            4453328573481110 7     0.0    0.0
 61 6077.397000 2.580E-25 0.000E+00.05980.075  815.00000.75-.012155                                                            34443285735217 1 7     0.0    0.0
 61 6077.562615 8.080E-25 0.000E+00.05680.077  554.13000.85-.012200                                                            4453328573481110 7     0.0    0.0
 61 6077.626357 2.670E-25 0.000E+00.05980.075  815.00000.75-.012155                                                            34443285735217 1 7     0.0    0.0
 61 6077.660900 4.360E-25 0.000E+00.06000.077  303.39000.85-.012200                                                            3433328573421110 7     0.0    0.0
 61 6077.678835 4.090E-25 1.767E-03.05000.063  575.05000.75-.012155                   0 0 0 0 1A1   10F1           10F2        34653285735217 1 7    63.0   63.0
 61 6077.764700 5.190E-26 0.000E+00.05980.075  815.00000.75-.012156                                                            34443285735217 1 7     0.0    0.0
 61 6077.797896 1.600E-24 0.000E+00.05610.077  703.60000.85-.012200                                                            4453328573481110 7     0.0    0.0
 61 6077.835900 2.970E-25 0.000E+00.06250.077  815.00000.85-.012200                                                            3453328573481110 7     0.0    0.0
 61 6077.857769 1.670E-24 4.804E-03.05460.077  470.80000.85-.012200                   0 0 0 0 1A1    9F2            9F1        4453328573481110 7    57.0   57.0
 61 6077.870708 6.650E-25 0.000E+00.05980.075  815.00000.75-.012156                                                            44443285735217 1 7     0.0    0.0
 61 6077.892600 6.890E-26 0.000E+00.05980.075  815.00000.75-.012156                                                            34443285735217 1 7     0.0    0.0
 61 6077.903849 2.300E-25 0.000E+00.05460.077  163.80000.85-.012200                                                            3453328573481110 7     0.0    0.0
 61 6078.026502 3.530E-25 2.435E-03.05270.068  690.04000.64-.012200                   0 0 0 0 1A1   11F2376        11F1  3     345332857348 7 1 7    69.0   69.0
 61 6078.099615 2.940E-24 4.518E-03.05620.076  293.17000.70-.012200                   0 0 0 0 1A1    7F2248         7F1  2     445332857348 7 1 7    45.0   45.0
 61 6078.101200 4.560E-25 0.000E+00.05980.075  303.34000.75-.012156                                                            34443285735217 1 7     0.0    0.0
 61 6078.116137 5.780E-25 0.000E+00.05980.075  815.00000.75-.012156                                                            44443285735217 1 7     0.0    0.0
 61 6078.139951 8.810E-25 0.000E+00.05460.077  815.00000.85-.012200                                                            4453328573481110 7     0.0    0.0
 61 6078.155500 2.890E-25 4.441E-04.05790.073  293.12000.75-.012156                   0 0 0 0 1A1    7F2            7F1        34553285735217 1 7    45.0   45.0
 61 6078.182661 1.460E-24 1.511E-02.05130.068  690.03000.64-.012200                   0 0 0 0 1A1   11E 251        11E   2     445332857348 7 1 7    46.0   46.0
 61 6078.244762 7.130E-25 0.000E+00.06000.077  815.00000.85-.012200                                                            4433328573421110 7     0.0    0.0
 61 6078.258294 3.370E-25 0.000E+00.05980.075  815.00000.75-.012157                                                            34443285735217 1 7     0.0    0.0
 61 6078.320300 6.530E-26 0.000E+00.05980.075  815.00000.75-.012157                                                            34443285735217 1 7     0.0    0.0
 61 6078.334316 4.020E-25 0.000E+00.06000.077  464.31000.85-.012200                                                            3433328573421110 7     0.0    0.0
 61 6078.373500 1.070E-25 0.000E+00.05980.075  815.00000.75-.012157                                                            34443285735217 1 7     0.0    0.0
 61 6078.385700 2.370E-25 0.000E+00.05980.075  815.00000.75-.012157                                                            34443285735217 1 7     0.0    0.0
 61 6078.481000 4.450E-26 0.000E+00.05980.075  815.00000.75-.012157                                                            34443285735217 1 7     0.0    0.0
 61 6078.555700 1.820E-25 0.000E+00.05980.075  815.00000.75-.012157                                                            34443285735217 1 7     0.0    0.0
 61 6078.578100 1.110E-25 0.000E+00.05980.075  815.00000.75-.012157                                                            34443285735217 1 7     0.0    0.0
 61 6078.608803 3.880E-25 0.000E+00.06000.077  815.00000.85-.012200                                                            3433328573421110 7     0.0    0.0
 61 6078.656700 6.520E-25 1.002E-03.06150.076  293.16000.85-.012200                   0 0 0 0 1A1    7F1            7F2        4553328573481110 7    45.0   45.0
 61 6078.660600 4.050E-25 0.000E+00.05980.075  329.95000.75-.012157                                                            34443285735217 1 7     0.0    0.0
 61 6078.694600 1.990E-25 3.058E-04.06080.077  293.12000.75-.012157                   0 0 0 0 1A1    7F1            7F2        34663285735217 1 7    45.0   45.0
 61 6078.702600 1.120E-24 0.000E+00.05460.077  815.00000.85-.012200                                                            4553328573481110 7     0.0    0.0
 61 6078.762124 1.770E-25 0.000E+00.06000.077  445.80000.85-.012200                                                            3433328573421110 7     0.0    0.0
 61 6078.809600 2.700E-25 0.000E+00.06000.077  815.00000.85-.012200                                                            3433328573421110 7     0.0    0.0
 61 6078.832000 2.280E-27 3.015E-06.06500.082  157.13000.75-.012158                   0 0 0 0 1A1    4F2            5F1        34553285735217 1 7    27.0   33.0
 61 6078.845900 4.010E-27 5.303E-06.06500.082  157.12000.75-.012158                   0 0 0 0 1A1    4F2            5F1        34553285735217 1 7    27.0   33.0
 61 6078.870758 8.260E-25 0.000E+00.06000.077  695.17000.85-.012200                                                            4433328573421110 7     0.0    0.0
 61 6078.961202 1.810E-25 1.248E-03.05270.068  689.87000.64-.012200                   0 0 0 0 1A1   11F1383        11F2  2     345332857348 7 1 7    69.0   69.0
 61 6079.018500 1.080E-25 0.000E+00.05980.075  815.00000.75-.012158                                                            34443285735217 1 7     0.0    0.0
 61 6079.036100 1.350E-25 0.000E+00.05980.075  815.00000.75-.012158                                                            34443285735217 1 7     0.0    0.0
 61 6079.055964 8.580E-25 0.000E+00.05980.075  815.00000.75-.012158                                                            44443285735217 1 7     0.0    0.0
 61 6079.071004 2.270E-24 2.481E-03.06130.075  376.73000.85-.012200                   0 0 0 0 1A1    9A2            8A1        4433328573421110 7    95.0   85.0
 61 6079.101100 1.180E-25 0.000E+00.05980.075  303.41000.75-.012158                                                            34443285735217 1 7     0.0    0.0
 61 6079.131686 7.250E-25 4.995E-03.05270.068  689.70000.64-.012200                   0 0 0 0 1A1   11F1383        11F2  1     445332857348 7 1 7    69.0   69.0
 61 6079.165527 7.330E-25 1.336E-03.06000.077  376.80000.85-.012200                   0 0 0 0 1A1    9F2            8F1        4433328573421110 7    57.0   51.0
 61 6079.213400 2.020E-25 0.000E+00.05980.075  815.00000.75-.012158                                                            34443285735217 1 7     0.0    0.0
 61 6079.235045 5.200E-25 9.474E-04.06000.077  376.73000.85-.012200                   0 0 0 0 1A1    9F2            8F1        4433328573421110 7    57.0   51.0
 61 6079.301120 3.350E-24 2.497E-03.06310.077  219.91000.70-.012200                   0 0 0 0 1A1    6A1 77         6A2  1     445332857348 7 1 7    65.0   65.0
 61 6079.356108 7.960E-25 0.000E+00.06000.077  815.00000.85-.012200                                                            4433328573421110 7     0.0    0.0
 61 6079.376900 9.820E-26 0.000E+00.05980.075  815.00000.75-.012159                                                            34443285735217 1 7     0.0    0.0
 61 6079.391500 1.380E-25 2.516E-04.05730.072  376.82000.75-.012159                   0 0 0 0 1A1    9F1            8F2        34663285735217 1 7    57.0   51.0
 61 6079.432300 1.930E-25 3.517E-04.05730.072  376.78000.75-.012159                   0 0 0 0 1A1    9F1            8F2        34663285735217 1 7    57.0   51.0
 61 6079.454287 8.750E-25 2.018E-03.06310.076  293.17000.85-.012200                   0 0 0 0 1A1    7E             7E         4433328573421110 7    30.0   30.0
 61 6079.488495 6.160E-25 0.000E+00.06000.077  601.25000.85-.012200                                                            4433328573421110 7     0.0    0.0
 61 6079.509120 3.580E-25 0.000E+00.05980.075  815.00000.75-.012159                                                            34443285735217 1 7     0.0    0.0
 61 6079.580243 3.420E-25 0.000E+00.06000.077  815.00000.85-.012200                                                            3433328573421110 7     0.0    0.0
 61 6079.647000 1.430E-25 0.000E+00.05980.075  815.00000.75-.012159                                                            34443285735217 1 7     0.0    0.0
 61 6079.730921 2.860E-25 0.000E+00.06000.077  815.00000.85-.012200                                                            3433328573421110 7     0.0    0.0
 61 6079.767100 2.080E-25 0.000E+00.05980.075  815.00000.75-.012160                                                            34443285735217 1 7     0.0    0.0
 61 6079.805700 7.210E-26 0.000E+00.05980.075  815.00000.75-.012160                                                            34443285735217 1 7     0.0    0.0
 61 6079.821600 8.940E-26 1.375E-04.05790.073  293.17000.75-.012160                   0 0 0 0 1A1    7F2            7F1        34553285735217 1 7    45.0   45.0
 61 6079.831578 4.690E-25 0.000E+00.05930.077  815.00000.85-.012200                                                            3453328573481110 7     0.0    0.0
 61 6079.841792 5.780E-25 1.178E-03.05380.068  376.80000.75-.012160                   0 0 0 0 1A1    8F2            8F1        44553285735217 1 7    51.0   51.0
 61 6079.876600 7.190E-25 1.276E-03.06160.077  293.15000.70-.012200                   0 0 0 0 1A1    6F1215         6F2  2     455332857348 7 1 7    39.0   39.0
 61 6079.880075 2.620E-24 0.000E+00.05980.075  376.73000.75-.012160                                                            44443285735217 1 7     0.0    0.0
 61 6079.888946 1.620E-24 4.297E-03.06000.074  431.05000.69-.012200                   0 0 0 0 1A1    8F1280         8F2  1     445332857348 7 1 7    51.0   51.0
 61 6079.901300 9.370E-26 1.164E-04.06360.080  219.91000.75-.012160                   0 0 0 0 1A1    6F1            6F2        34663285735217 1 7    39.0   39.0
 61 6079.932100 7.010E-26 0.000E+00.05980.075  815.00000.75-.012160                                                            34443285735217 1 7     0.0    0.0
 61 6079.979551 3.690E-25 0.000E+00.06000.077  442.77000.85-.012200                                                            3433328573421110 7     0.0    0.0
 61 6080.046900 1.950E-25 0.000E+00.06000.077  815.00000.85-.012200                                                            3433328573421110 7     0.0    0.0
 61 6080.084653 3.900E-25 0.000E+00.06000.077  815.00000.85-.012200                                                            3433328573421110 7     0.0    0.0
 61 6080.100600 1.470E-25 0.000E+00.05980.075  815.00000.75-.012160                                                            34443285735217 1 7     0.0    0.0
 61 6080.137000 1.380E-25 1.715E-04.06180.078  219.94000.75-.012160                   0 0 0 0 1A1    6F2            6F1        34553285735217 1 7    39.0   39.0
 61 6080.214400 9.060E-26 0.000E+00.05980.075  815.00000.75-.012160                                                            34443285735217 1 7     0.0    0.0
 61 6080.258300 6.140E-26 0.000E+00.05980.075  815.00000.75-.012161                                                            34443285735217 1 7     0.0    0.0
 61 6080.307600 1.910E-25 0.000E+00.05980.075  492.39000.75-.012161                                                            34443285735217 1 7     0.0    0.0
 61 6080.328600 4.860E-26 0.000E+00.05980.075  815.00000.75-.012161                                                            34443285735217 1 7     0.0    0.0
 61 6080.357900 2.940E-26 0.000E+00.05980.075  815.00000.75-.012161                                                            34443285735217 1 7     0.0    0.0
 61 6080.376500 9.850E-26 0.000E+00.05980.075  815.00000.75-.012161                                                            34443285735217 1 7     0.0    0.0
 61 6080.428700 9.500E-26 0.000E+00.05980.075  815.00000.75-.012161                                                            34443285735217 1 7     0.0    0.0
 61 6080.445800 7.370E-26 0.000E+00.05980.075  260.71000.75-.012161                                                            34443285735217 1 7     0.0    0.0
 61 6080.459121 7.560E-25 0.000E+00.06000.077  610.96000.85-.012200                                                            4433328573421110 7     0.0    0.0
 61 6080.474100 3.550E-25 0.000E+00.05980.075  815.00000.75-.012161                                                            34443285735217 1 7     0.0    0.0
 61 6080.487800 3.050E-25 0.000E+00.06000.077  296.80000.85-.012200                                                            3433328573421110 7     0.0    0.0
 61 6080.501900 1.120E-25 0.000E+00.05980.075  815.00000.75-.012161                                                            34443285735217 1 7     0.0    0.0
 61 6080.519900 1.800E-25 2.443E-04.06080.077  293.16000.75-.012161                   0 0 0 0 1A1    8F1            7F2        34663285735217 1 7    51.0   45.0
 61 6080.538100 2.390E-25 0.000E+00.06000.077  815.00000.85-.012200                                                            3433328573421110 7     0.0    0.0
 61 6080.556400 8.500E-26 1.153E-04.06080.077  293.12000.75-.012161                   0 0 0 0 1A1    8F1            7F2        34663285735217 1 7    51.0   45.0
 61 6080.569300 2.310E-25 0.000E+00.06000.077  815.00000.85-.012200                                                            3433328573421110 7     0.0    0.0
 61 6080.591800 9.120E-26 0.000E+00.05980.075  815.00000.75-.012161                                                            34443285735217 1 7     0.0    0.0
 61 6080.608400 7.810E-26 0.000E+00.05980.075  394.95000.75-.012161                                                            34443285735217 1 7     0.0    0.0
 61 6080.628400 9.170E-26 0.000E+00.05980.075  815.00000.75-.012161                                                            34443285735217 1 7     0.0    0.0
 61 6080.639200 1.520E-25 0.000E+00.05980.075  295.93000.75-.012161                                                            34443285735217 1 7     0.0    0.0
 61 6080.687800 1.190E-25 1.570E-04.06530.079  104.78000.85-.012200                   0 0 0 0 1A1    3F1            4F2        3433328573421110 7    21.0   27.0
 61 6080.712400 2.510E-26 0.000E+00.05980.075  279.38000.75-.012161                                                            34443285735217 1 7     0.0    0.0
 61 6080.726100 3.540E-26 0.000E+00.05980.075  815.00000.75-.012161                                                            34443285735217 1 7     0.0    0.0
 61 6080.766600 1.270E-25 0.000E+00.05980.075  815.00000.75-.012162                                                            34443285735217 1 7     0.0    0.0
 61 6080.787400 2.540E-25 5.171E-04.06160.076  293.17000.70-.012200                   0 0 0 0 1A1    8E 174         7E   1     345332857348 7 1 7    34.0   30.0
 61 6080.788300 6.910E-26 0.000E+00.05980.075  311.50000.75-.012162                                                            34443285735217 1 7     0.0    0.0
 61 6080.810100 1.410E-25 0.000E+00.05980.075  815.00000.75-.012162                                                            34443285735217 1 7     0.0    0.0
 61 6080.837400 3.080E-25 0.000E+00.06000.077  815.00000.85-.012200                                                            3433328573421110 7     0.0    0.0
 61 6080.861800 2.670E-25 3.623E-04.06160.076  293.12000.70-.012200                   0 0 0 0 1A1    8F2261         7F1  1     345332857348 7 1 7    51.0   45.0
 61 6080.919900 2.350E-25 0.000E+00.06000.077  815.00000.85-.012200                                                            3433328573421110 7     0.0    0.0
 61 6080.942400 2.100E-25 0.000E+00.05980.075  815.00000.75-.012162                                                            34443285735217 1 7     0.0    0.0
 61 6080.957004 3.090E-25 0.000E+00.06000.077  470.60000.85-.012200                                                            3433328573421110 7     0.0    0.0
 61 6081.012900 2.380E-25 3.231E-04.05620.076  293.17000.70-.012200                   0 0 0 0 1A1    8F2262         7F1  1     345332857348 7 1 7    51.0   45.0
 61 6081.065045 1.140E-24 1.547E-03.05790.073  293.12000.75-.012162                   0 0 0 0 1A1    8F2            7F1        44553285735217 1 7    51.0   45.0
 61 6081.076029 2.480E-24 0.000E+00.05460.077  688.36130.85-.012200                                                            4453328573481110 7     0.0    0.0
 61 6081.102605 2.640E-24 2.150E-03.06090.076  293.15000.70-.012200                   0 0 0 0 1A1    8A1 91         7A2  1     445332857348 7 1 7    85.0   75.0
 61 6081.107600 4.440E-25 0.000E+00.05980.075  304.85000.75-.012162                                                            34443285735217 1 7     0.0    0.0
 61 6081.138902 2.970E-25 0.000E+00.05930.077  815.00000.85-.012200                                                            3453328573481110 7     0.0    0.0
 61 6081.155800 1.780E-25 0.000E+00.05980.075  815.00000.75-.012162                                                            34443285735217 1 7     0.0    0.0
 61 6081.184600 1.680E-25 0.000E+00.05980.075  815.00000.75-.012162                                                            34443285735217 1 7     0.0    0.0
 61 6081.212400 4.630E-26 0.000E+00.05980.075  815.00000.75-.012162                                                            34443285735217 1 7     0.0    0.0
 61 6081.231500 4.590E-26 0.000E+00.05980.075  815.00000.75-.012162                                                            34443285735217 1 7     0.0    0.0
 61 6081.288403 1.340E-24 0.000E+00.05460.077  815.00000.85-.012200                                                            4453328573481110 7     0.0    0.0
 61 6081.339029 1.080E-24 3.303E-03.06000.077  376.82000.85-.012200                   0 0 0 0 1A1    8E             8E         4433328573421110 7    34.0   34.0
 61 6081.358132 9.330E-25 1.902E-03.05970.074  376.82000.69-.012200                   0 0 0 0 1A1    8F1281         8F2  2     445332857348 7 1 7    51.0   51.0
 61 6081.398887 5.160E-25 1.052E-03.05970.074  376.78000.69-.012200                   0 0 0 0 1A1    8F1281         8F2  1     445332857348 7 1 7    51.0   51.0
 61 6081.425300 6.940E-26 2.121E-04.05250.066  376.73000.75-.012163                   0 0 0 0 1A1    8E             8E         34553285735217 1 7    34.0   34.0
 61 6081.471700 3.450E-26 0.000E+00.05980.075  815.00000.75-.012163                                                            34443285735217 1 7     0.0    0.0
 61 6081.531200 1.900E-25 0.000E+00.05980.075  147.85000.75-.012163                                                            34443285735217 1 7     0.0    0.0
 61 6081.573173 6.570E-25 0.000E+00.05460.077  815.00000.85-.012200                                                            4453328573481110 7     0.0    0.0
 61 6081.611592 1.630E-24 0.000E+00.05460.077  900.36000.85-.012200                                                            4453328573481110 7     0.0    0.0
 61 6081.659965 8.470E-25 0.000E+00.05460.077  815.00000.85-.012200                                                            4453328573481110 7     0.0    0.0
 61 6081.720200 2.940E-26 0.000E+00.05980.075  815.00000.75-.012163                                                            34443285735217 1 7     0.0    0.0
 61 6081.751500 2.150E-25 0.000E+00.05980.075  815.00000.75-.012164                                                            34443285735217 1 7     0.0    0.0
 61 6081.772500 2.730E-25 0.000E+00.05680.077  815.00000.85-.012200                                                            3453328573481110 7     0.0    0.0
 61 6081.787000 1.010E-24 4.372E-03.05000.063  575.17000.75-.012164                   0 0 0 0 1A1   10F1           10F2        45653285735217 1 7    63.0   63.0
 61 6081.794216 2.430E-24 6.313E-03.05680.077  575.22000.85-.012200                   0 0 0 0 1A1   10A2           10A1        4453328573481110 7   105.0  105.0
 61 6081.823848 1.100E-24 4.762E-03.05680.077  575.18000.85-.012200                   0 0 0 0 1A1   10F2           10F1        4453328573481110 7    63.0   63.0
 61 6081.835400 6.300E-26 0.000E+00.05980.075  815.00000.75-.012164                                                            34443285735217 1 7     0.0    0.0
 61 6081.855000 6.920E-26 0.000E+00.05980.075  815.00000.75-.012164                                                            34443285735217 1 7     0.0    0.0
 61 6081.892600 2.870E-25 0.000E+00.06000.077  447.59000.85-.012200                                                            3433328573421110 7     0.0    0.0
 61 6081.928732 4.050E-25 0.000E+00.06000.077  815.00000.85-.012200                                                            3433328573421110 7     0.0    0.0
 61 6081.951700 9.130E-26 1.067E-04.06030.076   10.48000.75-.012164                   0 0 0 0 1A1    2F2            1F1        34553285735217 1 7    15.0    9.0
 61 6081.959000 2.090E-25 1.219E-02.06470.081  815.00000.68-.012200                   0 0 0 0 1A1    2F2 85         1F1  1     345332857348 7 1 7    15.0    9.0
 61 6081.971904 3.810E-25 0.000E+00.06000.077  815.00000.85-.012200                                                            3433328573421110 7     0.0    0.0
 61 6082.004256 3.260E-25 0.000E+00.06000.077  815.00000.85-.012200                                                            3433328573421110 7     0.0    0.0
 61 6082.039129 5.830E-25 0.000E+00.06000.077  815.00000.85-.012200                                                            4433328573421110 7     0.0    0.0
 61 6082.110800 1.270E-25 0.000E+00.05980.075  815.00000.75-.012164                                                            34443285735217 1 7     0.0    0.0
 61 6082.126000 7.600E-26 0.000E+00.05980.075  815.00000.75-.012164                                                            34443285735217 1 7     0.0    0.0
 61 6082.162658 1.370E-24 0.000E+00.05460.077  815.00000.85-.012200                                                            4453328573481110 7     0.0    0.0
 61 6082.188500 1.190E-25 0.000E+00.05980.075  815.00000.75-.012164                                                            34443285735217 1 7     0.0    0.0
 61 6082.203600 1.770E-25 0.000E+00.05980.075  815.00000.75-.012164                                                            34443285735217 1 7     0.0    0.0
 61 6082.219700 2.250E-25 0.000E+00.05980.075  815.00000.75-.012164                                                            34443285735217 1 7     0.0    0.0
 61 6082.231918 1.200E-24 0.000E+00.05460.077  815.00000.85-.012200                                                            4453328573481110 7     0.0    0.0
 61 6082.269746 1.069E-24 1.249E-03.06400.081   10.48000.68-.012200                   0 0 0 0 1A1    2F2 86         1F1  1     435332854848 7 1 7    15.0    9.0
 61 6082.297400 1.070E-25 0.000E+00.05980.075  815.00000.75-.012165                                                            34443285735217 1 7     0.0    0.0
 61 6082.387700 1.540E-25 0.000E+00.05980.075  815.00000.75-.012165                                                            34443285735217 1 7     0.0    0.0
 61 6082.451192 1.030E-24 2.101E-03.05750.077  376.82000.85-.012200                   0 0 0 0 1A1    8F1            8F2        4453328573481110 7    51.0   51.0
 61 6082.479000 2.500E-25 0.000E+00.05980.075  815.00000.75-.012165                                                            34443285735217 1 7     0.0    0.0
 61 6082.494843 3.950E-25 8.054E-04.05750.077  376.78000.85-.012200                   0 0 0 0 1A1    8F1            8F2        3453328573481110 7    51.0   51.0
 61 6082.508300 8.850E-26 0.000E+00.05980.075  815.00000.75-.012165                                                            34443285735217 1 7     0.0    0.0
 61 6082.531700 6.920E-26 0.000E+00.05980.075  815.00000.75-.012165                                                            34443285735217 1 7     0.0    0.0
 61 6082.597200 1.800E-25 0.000E+00.05980.075  815.00000.75-.012165                                                            34443285735217 1 7     0.0    0.0
 61 6082.611060 2.760E-25 0.000E+00.06000.077  815.00000.85-.012200                                                            3433328573421110 7     0.0    0.0
 61 6082.656200 3.070E-25 0.000E+00.06000.077  475.13000.85-.012200                                                            3433328573421110 7     0.0    0.0
 61 6082.711900 7.680E-26 0.000E+00.05980.075  815.00000.75-.012165                                                            34443285735217 1 7     0.0    0.0
 61 6082.726600 2.730E-25 0.000E+00.06000.077  815.00000.85-.012200                                                            3433328573421110 7     0.0    0.0
 61 6082.774400 1.440E-25 0.000E+00.05980.075  815.00000.75-.012166                                                            34443285735217 1 7     0.0    0.0
 61 6082.800168 4.840E-25 9.871E-04.06000.077  376.80000.85-.012200                   0 0 0 0 1A1    8F2            8F1        3433328573421110 7    51.0   51.0
 61 6082.850600 1.360E-25 0.000E+00.05980.075  815.00000.75-.012166                                                            34443285735217 1 7     0.0    0.0
 61 6082.874056 4.100E-25 8.359E-04.06000.077  376.73000.85-.012200                   0 0 0 0 1A1    8F2            8F1        3433328573421110 7    51.0   51.0
 61 6082.892200 2.890E-25 4.998E-04.05710.073  470.83000.65-.012200                   0 0 0 0 1A1    9A2109         9A1  1     345332857348 7 1 7    95.0   95.0
 61 6082.944503 7.120E-25 5.963E-04.06450.079   62.87000.73-.012200                   0 0 0 0 1A1    4F1137         3F2  1     445332857348 7 1 7    27.0   21.0
 61 6082.946200 2.720E-25 0.000E+00.05980.075  470.83000.75-.012166                                                            34443285735217 1 7     0.0    0.0
 61 6082.967121 3.170E-25 0.000E+00.06170.077  815.00000.85-.012200                                                            3453328573481110 7     0.0    0.0
 61 6083.083500 4.320E-26 0.000E+00.05980.075  815.00000.75-.012166                                                            34443285735217 1 7     0.0    0.0
 61 6083.121600 1.090E-25 0.000E+00.05980.075  815.00000.75-.012166                                                            34443285735217 1 7     0.0    0.0
 61 6083.235254 1.280E-24 1.566E-03.05950.075  376.73000.85-.012200                   0 0 0 0 1A1    8A2            8A1        4453328573481110 7    85.0   85.0
 61 6083.240300 1.370E-25 0.000E+00.05980.075  384.93000.75-.012166                                                            34443285735217 1 7     0.0    0.0
 61 6083.359408 1.500E-23 7.539E-03.06680.079   62.87000.87-.009000                   0 0 0 0 1A1    4A1 52         3A2  1     445335857348 71212    45.0   35.0
 61 6083.401600 9.880E-26 0.000E+00.05980.075  315.22000.75-.012167                                                            34443285735217 1 7     0.0    0.0
 61 6083.402000 2.940E-25 4.526E-04.06550.076  293.16000.70-.012200                   0 0 0 0 1A1    7F1257         7F2  2     345332587348 7 1 7    45.0   45.0
 61 6083.439083 6.160E-25 9.481E-04.06160.076  293.12000.70-.012200                   0 0 0 0 1A1    7F1257         7F2  1     445332857348 7 1 7    45.0   45.0
 61 6083.460900 1.070E-25 0.000E+00.05980.075  815.00000.75-.012167                                                            34443285735217 1 7     0.0    0.0
 61 6083.613300 2.930E-25 0.000E+00.06210.077  815.00000.85-.012200                                                            3453328573481110 7     0.0    0.0
 61 6083.642918 7.020E-24 1.281E-02.06280.074  376.82000.69-.012200                   0 0 0 0 1A1    9F1291         8F2  2     445332857348 7 1 7    57.0   51.0
 61 6083.720657 6.190E-24 5.186E-03.06580.079   62.87000.73-.012200                   0 0 0 0 1A1    4F1138         3F2  1     445332857348 7 1 7    27.0   21.0
 61 6083.746600 4.460E-26 0.000E+00.05980.075  815.00000.75-.012167                                                            34443285735217 1 7     0.0    0.0
 61 6083.811000 1.540E-25 0.000E+00.05980.075  815.00000.75-.012168                                                            34443285735217 1 7     0.0    0.0
 61 6083.838039 4.784E-24 1.310E-02.05900.074  376.82000.69-.012200                   0 0 0 0 1A1    9E 190         8E   2     435332854848 7 1 7    38.0   34.0
 61 6083.859200 6.380E-25 0.000E+00.05980.075  387.55000.75-.012168                                                            45443285735217 1 7     0.0    0.0
 61 6083.859866 3.880E-24 7.082E-03.05900.074  376.80000.69-.012200                   0 0 0 0 1A1    9F2284         8F1  2     445332857348 7 1 7    57.0   51.0
 61 6083.928700 1.960E-25 0.000E+00.06000.077  419.25000.85-.012200                                                            3433328573421110 7     0.0    0.0
 61 6083.986778 4.580E-24 3.837E-03.06450.079   62.87000.73-.012200                   0 0 0 0 1A1    4F2143         3F1  1     445332857348 7 1 7    27.0   21.0
 61 6084.180200 6.460E-26 0.000E+00.05980.075  815.00000.75-.012168                                                            34443285735217 1 7     0.0    0.0
 61 6084.196800 8.830E-26 0.000E+00.05980.075  815.00000.75-.012168                                                            34443285735217 1 7     0.0    0.0
 61 6084.219200 2.200E-25 0.000E+00.05980.075  815.00000.75-.012168                                                            34443285735217 1 7     0.0    0.0
 61 6084.223600 1.530E-25 3.534E-04.05470.069  293.17000.75-.012168                   0 0 0 0 1A1    7E             7E         34553285735217 1 7    30.0   30.0
 61 6084.232900 1.150E-25 0.000E+00.05980.075  815.00000.75-.012168                                                            34443285735217 1 7     0.0    0.0
 61 6084.284018 5.270E-24 9.620E-03.06100.074  376.78000.69-.012200                   0 0 0 0 1A1    9F1292         8F2  1     445332857348 7 1 7    57.0   51.0
 61 6084.293856 1.700E-24 2.310E-03.06080.077  293.16000.75-.012169                   0 0 0 0 1A1    8F1            7F2        44663285735217 1 7    51.0   45.0
 61 6084.300800 2.250E-25 3.057E-04.06190.076  293.16000.85-.012200                   0 0 0 0 1A1    8F1            7F2        3453328573481110 7    51.0   45.0
 61 6084.331776 2.120E-24 2.880E-03.06280.076  293.12000.70-.012200                   0 0 0 0 1A1    8F1257         7F2  1     445332857348 7 1 7    51.0   45.0
 61 6084.333200 7.190E-25 0.000E+00.05980.075  311.99000.75-.012169                                                            45443285735217 1 7     0.0    0.0
 61 6084.341764 2.580E-24 3.505E-03.06280.076  293.12000.85-.012200                   0 0 0 0 1A1    8F2            7F1        4453328573481110 7    51.0   45.0
 61 6084.357400 1.230E-25 0.000E+00.05980.075  315.83000.75-.012169                                                            34443285735217 1 7     0.0    0.0
 61 6084.388200 7.790E-26 0.000E+00.05980.075  815.00000.75-.012169                                                            34443285735217 1 7     0.0    0.0
 61 6084.400174 2.740E-25 0.000E+00.06000.077  815.00000.85-.012200                                                            3433328573421110 7     0.0    0.0
 61 6084.422800 2.400E-25 0.000E+00.06000.077  815.00000.85-.012200                                                            3433328573421110 7     0.0    0.0
 61 6084.439000 1.540E-25 0.000E+00.05980.075  815.00000.75-.012169                                                            34443285735217 1 7     0.0    0.0
 61 6084.460900 2.680E-26 0.000E+00.05980.075  815.00000.75-.012169                                                            34443285735217 1 7     0.0    0.0
 61 6084.478500 5.020E-26 0.000E+00.05980.075  815.00000.75-.012169                                                            34443285735217 1 7     0.0    0.0
 61 6084.556600 2.640E-25 0.000E+00.06000.077  460.59000.85-.012200                                                            3433328573421110 7     0.0    0.0
 61 6084.569300 1.440E-25 0.000E+00.05980.075  405.34000.75-.012169                                                            34443285735217 1 7     0.0    0.0
 61 6084.596700 3.970E-26 0.000E+00.05980.075  311.62000.75-.012169                                                            34443285735217 1 7     0.0    0.0
 61 6084.618200 2.570E-26 0.000E+00.05980.075  815.00000.75-.012169                                                            34443285735217 1 7     0.0    0.0
 61 6084.637700 2.800E-26 0.000E+00.05980.075  815.00000.75-.012169                                                            34443285735217 1 7     0.0    0.0
 61 6084.673800 6.180E-26 0.000E+00.05980.075  815.00000.75-.012169                                                            34443285735217 1 7     0.0    0.0
 61 6084.710846 5.260E-25 0.000E+00.06000.077  815.00000.85-.012200                                                            4433328573421110 7     0.0    0.0
 61 6084.779800 6.090E-25 0.000E+00.05980.075  950.15000.75-.012170                                                            45443285735217 1 7     0.0    0.0
 61 6084.780688 7.180E-25 6.017E-04.06530.079   62.87000.73-.012200                   0 0 0 0 1A1    4F2144         3F1  1     445332857348 7 1 7    27.0   21.0
 61 6084.797880 5.580E-25 0.000E+00.06250.077  815.00000.85-.012200                                                            4453328573481110 7     0.0    0.0
 61 6084.846585 5.640E-25 0.000E+00.06000.077  815.00000.85-.012200                                                            4433328573421110 7     0.0    0.0
 61 6084.902201 9.840E-25 0.000E+00.06000.077  815.00000.85-.012200                                                            4433328573421110 7     0.0    0.0
 61 6084.926712 8.980E-25 0.000E+00.06000.077  815.00000.85-.012200                                                            4433328573421110 7     0.0    0.0
 61 6084.973100 1.190E-25 0.000E+00.05980.075  815.00000.75-.012170                                                            34443285735217 1 7     0.0    0.0
 61 6085.027300 2.990E-25 0.000E+00.06000.077  815.00000.85-.012200                                                            3433328573421110 7     0.0    0.0
 61 6085.061500 3.310E-26 0.000E+00.05980.075  815.00000.75-.012170                                                            34443285735217 1 7     0.0    0.0
 61 6085.079100 4.440E-26 0.000E+00.05980.075  145.96000.75-.012170                                                            34443285735217 1 7     0.0    0.0
 61 6085.119093 1.060E-24 0.000E+00.05460.077  815.00000.85-.012200                                                            4453328573481110 7     0.0    0.0
 61 6085.165336 2.978E-23 4.132E-02.06300.082   31.44000.90-.010500    0 2 1 0  F2    0 0 0 0 1A1    3E  73         2E   1     435335854848 71212    14.0   10.0
 61 6085.187880 2.470E-25 0.000E+00.05980.075  815.00000.75-.012170                                                            34443285735217 1 7     0.0    0.0
 61 6085.251584 4.460E-23 4.125E-02.06680.082   31.44000.88-.009100                   0 0 0 0 1A1    3F1115         2F2  1     445335857348 71212    21.0   15.0
 61 6085.299530 4.480E-25 0.000E+00.06410.077  815.00000.85-.012200                                                            3453328573481110 7     0.0    0.0
 61 6085.361300 1.510E-25 0.000E+00.05980.075  815.00000.75-.012171                                                            34443285735217 1 7     0.0    0.0
 61 6085.392100 1.410E-25 0.000E+00.05980.075  815.00000.75-.012171                                                            34443285735217 1 7     0.0    0.0
 61 6085.421400 1.940E-25 0.000E+00.05980.075  815.00000.75-.012171                                                            34443285735217 1 7     0.0    0.0
 61 6085.434100 9.420E-26 0.000E+00.05980.075  815.00000.75-.012171                                                            34443285735217 1 7     0.0    0.0
 61 6085.481900 3.270E-26 0.000E+00.05980.075  815.00000.75-.012171                                                            34443285735217 1 7     0.0    0.0
 61 6085.495600 2.210E-26 0.000E+00.05980.075  815.00000.75-.012171                                                            34443285735217 1 7     0.0    0.0
 61 6085.520000 1.540E-25 0.000E+00.05980.075  815.00000.75-.012171                                                            34443285735217 1 7     0.0    0.0
 61 6085.541431 5.340E-25 0.000E+00.06000.077  815.00000.85-.012200                                                            4433328573421110 7     0.0    0.0
 61 6085.545900 1.840E-25 0.000E+00.05980.075  815.00000.75-.012171                                                            34443285735217 1 7     0.0    0.0
 61 6085.567641 1.720E-24 0.000E+00.06000.077  815.00000.85-.012200                                                            4433328573421110 7     0.0    0.0
 61 6085.580238 9.040E-25 0.000E+00.05980.075  815.00000.75-.012171                                                            44443285735217 1 7     0.0    0.0
 61 6085.601600 1.090E-26 0.000E+00.05980.075  815.00000.75-.012171                                                            34443285735217 1 7     0.0    0.0
 61 6085.635700 1.440E-26 0.000E+00.05980.075  815.00000.75-.012171                                                            34443285735217 1 7     0.0    0.0
 61 6085.658700 2.470E-26 0.000E+00.05980.075  815.00000.75-.012171                                                            34443285735217 1 7     0.0    0.0
 61 6085.717300 2.680E-26 0.000E+00.05980.075  815.00000.75-.012171                                                            34443285735217 1 7     0.0    0.0
 61 6085.751500 1.990E-26 0.000E+00.05980.075  815.00000.75-.012172                                                            34443285735217 1 7     0.0    0.0
 61 6085.839400 6.660E-26 0.000E+00.05980.075  815.00000.75-.012172                                                            34443285735217 1 7     0.0    0.0
 61 6085.865200 8.630E-26 0.000E+00.05980.075  815.00000.75-.012172                                                            34443285735217 1 7     0.0    0.0
 61 6085.874500 1.610E-25 0.000E+00.05750.077  815.00000.85-.012200                                                            3453328573481110 7     0.0    0.0
 61 6085.900365 1.000E-24 0.000E+00.05750.077  465.92000.85-.012200                                                            4453328573481110 7     0.0    0.0
 61 6085.933202 3.910E-25 1.128E-03.05610.077  470.86000.85-.012200                   0 0 0 0 1A1    9F1            9F2        3453328573481110 7    57.0   57.0
 61 6085.964195 1.340E-24 0.000E+00.05610.077  671.63000.85-.012200                                                            4453328573481110 7     0.0    0.0
 61 6085.990282 3.930E-25 0.000E+00.05980.075  815.00000.75-.012172                                                            34443285735217 1 7     0.0    0.0
 61 6086.004308 1.930E-24 3.023E-03.05660.073  470.87000.65-.012200                   0 0 0 0 1A1   10A1108         9A2  1     445332857348 7 1 7   105.0   95.0
 61 6086.024400 2.970E-25 1.285E-03.05020.063  470.79000.75-.012172                   0 0 0 0 1A1    9E             9E         34543285735217 1 7    38.0   38.0
 61 6086.039600 5.730E-26 0.000E+00.05980.075  815.00000.75-.012172                                                            34443285735217 1 7     0.0    0.0
 61 6086.063761 7.890E-25 0.000E+00.06000.077  815.00000.85-.012200                                                            4433328573421110 7     0.0    0.0
 61 6086.078600 1.890E-25 5.450E-04.05360.068  470.72000.75-.012172                   0 0 0 0 1A1    9F1            9F2        34653285735217 1 7    57.0   57.0
 61 6086.091300 6.830E-26 0.000E+00.05980.075  815.00000.75-.012172                                                            34443285735217 1 7     0.0    0.0
 61 6086.156075 9.700E-25 0.000E+00.05980.075  488.30000.75-.012172                                                            44443285735217 1 7     0.0    0.0
 61 6086.170466 1.260E-24 0.000E+00.06000.077  815.00000.85-.012200                                                            4433328573421110 7     0.0    0.0
 61 6086.229287 4.490E-25 0.000E+00.05980.075  110.37000.75-.012172                                                            34443285735217 1 7     0.0    0.0
 61 6086.245216 7.830E-25 0.000E+00.05980.075  815.00000.75-.012172                                                            44443285735217 1 7     0.0    0.0
 61 6086.289727 7.780E-25 0.000E+00.05270.068  815.00000.64-.012200                   0 0 0 0 1A1                  11A2  1     445332857348 7 1 7     0.0    0.0
 61 6086.422800 1.100E-25 3.174E-04.04980.063  470.85000.75-.012173                   0 0 0 0 1A1    9F2            9F1        34443285735217 1 7    57.0   57.0
 61 6086.475100 2.170E-25 6.261E-04.04980.063  470.80000.75-.012173                   0 0 0 0 1A1    9F2            9F1        34443285735217 1 7    57.0   57.0
 61 6086.505900 1.230E-25 0.000E+00.05980.075  815.00000.75-.012173                                                            34443285735217 1 7     0.0    0.0
 61 6086.560122 5.900E-25 0.000E+00.05980.075  815.00000.75-.012173                                                            44443285735217 1 7     0.0    0.0
 61 6086.622405 6.140E-22 8.348E-01.05540.076  293.12000.70-.010430    0 0 2 0  F2    0 0 0 0 1A1    8F2            7F1  1     468336867457 7 118    51.0   45.0
 61 6086.634248 6.110E-22 8.307E-01.06140.076  293.12000.70-.010430    0 0 2 0  F2    0 0 0 0 1A1    8F1            7F2  1     468336867457 7 118    51.0   45.0
 61 6086.730886 1.639E-24 0.000E+00.05980.075  451.92670.75-.012173                                                            44443285735217 1 7     0.0    0.0
 61 6086.744562 1.009E-21 8.232E-01.05530.076  293.15000.70-.011210    0 0 2 0  F2    0 0 0 0 1A1    8A1            7A2  1     438336864857 7 118    85.0   75.0
 61 6086.766697 5.832E-25 0.000E+00.05980.075   62.88110.75-.012174                                                            44443285735217 1 7     0.0    0.0
 61 6086.778835 6.010E-22 8.173E-01.06320.076  293.16000.70-.010430                   0 0 0 0 1A1    8F1260         7F2  2     468336867457 7 118    51.0   45.0
 61 6086.798099 3.990E-22 8.139E-01.04870.076  293.17000.70-.011150                   0 0 0 0 1A1    8E 177         7E   1     468335867457 7 118    34.0   30.0
 61 6086.829780 5.960E-22 8.105E-01.06070.076  293.17000.70-.010430                   0 0 0 0 1A1    8F2266         7F1  2     468336867457 7 118    51.0   45.0
 61 6086.962042 1.080E-24 9.995E-04.06510.082   31.44000.70-.012200                   0 0 0 0 1A1    3F1116         2F2  1     445332857348 7 1 7    21.0   15.0
 61 6087.002900 1.580E-25 0.000E+00.05980.075  815.00000.75-.012174                                                            34443285735217 1 7     0.0    0.0
 61 6087.088400 1.990E-25 0.000E+00.05980.075  815.00000.75-.012174                                                            34443285735217 1 7     0.0    0.0
 61 6087.182806 3.360E-23 3.932E-02.06430.081   10.48000.83-.007200    0 2 1 0  F2    0 0 0 0 1A1    2F2            1F1  1     445335857348 71212    15.0    9.0
 61 6087.263532 5.830E-25 0.000E+00.06000.077  815.00000.85-.012200                                                            4433328573421110 7     0.0    0.0
 61 6087.337400 1.730E-26 0.000E+00.05980.075  815.00000.75-.012175                                                            34443285735217 1 7     0.0    0.0
 61 6087.382446 5.750E-25 0.000E+00.06000.077  815.00000.85-.012200                                                            4433328573421110 7     0.0    0.0
 61 6087.478500 1.710E-25 0.000E+00.05980.075  815.00000.75-.012175                                                            34443285735217 1 7     0.0    0.0
 61 6087.515774 1.630E-24 0.000E+00.05680.077  552.38000.85-.012200                                                            4453328573481110 7     0.0    0.0
 61 6087.688000 4.740E-26 0.000E+00.05980.075  815.00000.75-.012175                                                            34443285735217 1 7     0.0    0.0
 61 6087.714400 2.090E-26 0.000E+00.05980.075  815.00000.75-.012175                                                            34443285735217 1 7     0.0    0.0
 61 6087.853976 4.160E-25 1.087E-03.06000.077  470.86000.85-.012200                   0 0 0 0 1A1   10F1            9F2        3433328573421110 7    63.0   57.0
 61 6087.996809 4.960E-25 1.013E-03.05680.077  376.80000.85-.012200                   0 0 0 0 1A1    8F2            8F1        3453328573481110 7    51.0   51.0
 61 6088.017839 1.860E-24 0.000E+00.05680.077  591.55000.85-.012200                                                            4453328573481110 7     0.0    0.0
 61 6088.054200 1.370E-25 0.000E+00.05980.075  815.00000.75-.012176                                                            34443285735217 1 7     0.0    0.0
 61 6088.067300 2.770E-25 5.657E-04.05680.077  376.73000.85-.012200                   0 0 0 0 1A1    8F2            8F1        3453328573481110 7    51.0   51.0
 61 6088.099500 2.160E-25 6.620E-04.05250.066  376.82000.75-.012176                   0 0 0 0 1A1    8E             8E         34553285735217 1 7    34.0   34.0
 61 6088.138860 3.350E-25 0.000E+00.06000.077  815.00000.85-.012200                                                            3433328573421110 7     0.0    0.0
 61 6088.186736 2.540E-25 7.781E-04.05250.066  376.73000.75-.012176                   0 0 0 0 1A1    8E             8E         34553285735217 1 7    34.0   34.0
 61 6088.201700 2.860E-25 0.000E+00.06000.077  815.00000.85-.012200                                                            3433328573421110 7     0.0    0.0
 61 6088.272326 5.400E-25 7.500E-04.06510.082   31.44000.70-.012200                   0 0 0 0 1A1    3E  74         2E   1     445332857348 7 1 7    14.0   10.0
 61 6088.291000 1.820E-25 0.000E+00.06000.077  815.00000.85-.012200                                                            3433328573421110 7     0.0    0.0
 61 6088.321300 3.820E-26 0.000E+00.05980.075  815.00000.75-.012177                                                            34443285735217 1 7     0.0    0.0
 61 6088.387700 6.210E-26 0.000E+00.05980.075  815.00000.75-.012177                                                            34443285735217 1 7     0.0    0.0
 61 6088.413100 7.890E-26 0.000E+00.05980.075  815.00000.75-.012177                                                            34443285735217 1 7     0.0    0.0
 61 6088.439900 8.340E-26 0.000E+00.05980.075  815.00000.75-.012177                                                            34443285735217 1 7     0.0    0.0
 61 6088.453100 1.030E-25 0.000E+00.05980.075  815.00000.75-.012177                                                            34443285735217 1 7     0.0    0.0
 61 6088.519500 2.410E-25 0.000E+00.06000.077  815.00000.85-.012200                                                            3433328573421110 7     0.0    0.0
 61 6088.545900 1.300E-25 0.000E+00.05980.075  815.00000.75-.012177                                                            34443285735217 1 7     0.0    0.0
 61 6088.570800 1.390E-25 0.000E+00.05980.075  815.00000.75-.012177                                                            34443285735217 1 7     0.0    0.0
 61 6088.598203 8.420E-25 0.000E+00.06000.077  815.00000.85-.012200                                                            4433328573421110 7     0.0    0.0
 61 6088.618291 5.680E-25 0.000E+00.06000.077  558.64000.85-.012200                                                            4433328573421110 7     0.0    0.0
 61 6088.638658 3.140E-25 0.000E+00.06000.077  815.00000.85-.012200                                                            3433328573421110 7     0.0    0.0
 61 6088.661579 1.450E-25 0.000E+00.05980.075  815.00000.75-.012177                                                            34443285735217 1 7     0.0    0.0
 61 6088.679300 6.570E-26 6.084E-05.06350.080   31.44000.75-.012177                   0 0 0 0 1A1    3F1            2F2        34663285735217 1 7    21.0   15.0
 61 6088.682257 3.500E-25 1.459E-02.06510.082  814.64000.70-.012200                   0 0 0 0 1A1    3F1117         2F2  1     343332857348 7 1 7    21.0   15.0
 61 6088.700117 6.020E-25 0.000E+00.05980.075  110.55000.75-.012177                                                            44443285735217 1 7     0.0    0.0
 61 6088.784000 4.370E-26 0.000E+00.05980.075  815.00000.75-.012178                                                            34443285735217 1 7     0.0    0.0
 61 6088.801400 2.360E-25 0.000E+00.06000.077  815.00000.85-.012200                                                            3433328573421110 7     0.0    0.0
 61 6088.864700 7.310E-26 0.000E+00.05980.075  815.00000.75-.012178                                                            34443285735217 1 7     0.0    0.0
 61 6088.889700 5.020E-26 0.000E+00.05980.075  815.00000.75-.012178                                                            34443285735217 1 7     0.0    0.0
 61 6088.940948 2.470E-25 2.892E-04.06470.081   10.48000.68-.012200                   0 0 0 0 1A1    2F2 88         1F1  1     345332857348 7 1 7    15.0    9.0
 61 6089.058100 2.260E-25 0.000E+00.05980.075  815.00000.75-.012178                                                            34443285735217 1 7     0.0    0.0
 61 6089.080600 2.660E-25 6.951E-04.05360.068  470.86000.75-.012178                   0 0 0 0 1A1   10F1            9F2        34653285735217 1 7    63.0   57.0
 61 6089.093925 4.150E-25 0.000E+00.06000.077  815.00000.85-.012200                                                            3433328573421110 7     0.0    0.0
 61 6089.130400 1.820E-25 0.000E+00.05980.075  815.00000.75-.012178                                                            34443285735217 1 7     0.0    0.0
 61 6089.175700 1.220E-25 1.106E-04.06040.079   62.87000.85-.012200                   0 0 0 0 1A1    2A1            3A2        3453328573481110 7    25.0   35.0
 61 6089.180600 3.520E-26 0.000E+00.05980.075   82.14000.75-.012178                                                            34443285735217 1 7     0.0    0.0
 61 6089.210227 8.540E-25 2.232E-03.05750.077  470.85000.85-.012200                   0 0 0 0 1A1   10F2            9F1        4453328573481110 7    63.0   57.0
 61 6089.226310 5.890E-25 0.000E+00.05750.077  815.00000.85-.012200                                                            4453328573481110 7     0.0    0.0
 61 6089.257519 4.860E-25 1.270E-03.05750.077  470.80000.85-.012200                   0 0 0 0 1A1   10F2            9F1        3453328573481110 7    63.0   57.0
 61 6089.291477 6.960E-25 1.273E-03.05970.074  376.82000.69-.012200                   0 0 0 0 1A1    9F1293         8F2  2     445332857348 7 1 7    57.0   51.0
 61 6089.300400 7.000E-26 0.000E+00.05980.075  385.03000.75-.012179                                                            34443285735217 1 7     0.0    0.0
 61 6089.309600 1.150E-25 0.000E+00.05980.075  815.00000.75-.012179                                                            34443285735217 1 7     0.0    0.0
 61 6089.326700 1.320E-25 0.000E+00.05980.075  815.00000.75-.012179                                                            34443285735217 1 7     0.0    0.0
 61 6089.346700 2.460E-25 0.000E+00.06000.077  485.62000.85-.012200                                                            3433328573421110 7     0.0    0.0
 61 6089.382300 2.820E-26 0.000E+00.05980.075  815.00000.75-.012179                                                            34443285735217 1 7     0.0    0.0
 61 6089.437500 5.380E-26 0.000E+00.05980.075  815.00000.75-.012179                                                            34443285735217 1 7     0.0    0.0
 61 6089.468300 6.150E-26 0.000E+00.05980.075  815.00000.75-.012179                                                            34443285735217 1 7     0.0    0.0
 61 6089.485800 7.650E-26 0.000E+00.05980.075  815.00000.75-.012179                                                            34443285735217 1 7     0.0    0.0
 61 6089.508300 7.930E-26 0.000E+00.05980.075  815.00000.75-.012179                                                            34443285735217 1 7     0.0    0.0
 61 6089.542000 7.400E-26 0.000E+00.05980.075  815.00000.75-.012179                                                            34443285735217 1 7     0.0    0.0
 61 6089.580100 1.150E-25 0.000E+00.05980.075  815.00000.75-.012179                                                            34443285735217 1 7     0.0    0.0
 61 6089.592800 6.680E-26 0.000E+00.05980.075  815.00000.75-.012179                                                            34443285735217 1 7     0.0    0.0
 61 6089.614700 9.440E-26 0.000E+00.05980.075  815.00000.75-.012179                                                            34443285735217 1 7     0.0    0.0
 61 6089.653800 7.900E-26 0.000E+00.05980.075  815.00000.75-.012179                                                            34443285735217 1 7     0.0    0.0
 61 6089.684087 6.120E-25 1.119E-03.05900.074  376.82000.69-.012200                   0 0 0 0 1A1    9F1294         8F2  2     445332857348 7 1 7    57.0   51.0
 61 6089.687300 1.490E-25 0.000E+00.05980.075  392.31000.75-.012179                                                            34443285735217 1 7     0.0    0.0
 61 6089.723758 3.230E-25 5.907E-04.05830.077  376.78000.85-.012200                   0 0 0 0 1A1    9F1            8F2        3453328573481110 7    57.0   51.0
 61 6089.733900 5.500E-26 0.000E+00.05980.075  401.10000.75-.012179                                                            34443285735217 1 7     0.0    0.0
 61 6089.764906 4.020E-25 7.352E-04.06000.077  376.80000.85-.012200                   0 0 0 0 1A1    9F2            8F1        3433328573421110 7    57.0   51.0
 61 6089.783200 4.730E-26 0.000E+00.05980.075  815.00000.75-.012180                                                            34443285735217 1 7     0.0    0.0
 61 6089.816400 1.210E-25 0.000E+00.05980.075  815.00000.75-.012180                                                            34443285735217 1 7     0.0    0.0
 61 6089.828400 2.480E-25 4.534E-04.06000.077  376.73000.85-.012200                   0 0 0 0 1A1    9F2            8F1        3433328573421110 7    57.0   51.0
 61 6089.850100 1.560E-25 0.000E+00.05980.075  815.00000.75-.012180                                                            34443285735217 1 7     0.0    0.0
 61 6089.875500 1.530E-25 0.000E+00.05980.075  815.00000.75-.012180                                                            34443285735217 1 7     0.0    0.0
 61 6089.929700 3.040E-25 0.000E+00.05980.075  815.00000.75-.012180                                                            34443285735217 1 7     0.0    0.0
 61 6089.949932 2.030E-24 2.227E-03.05900.074  376.73000.69-.012200                   0 0 0 0 1A1    9A2 99         8A1  1     445332857348 7 1 7    95.0   85.0
 61 6090.010700 2.200E-26 0.000E+00.05980.075  815.00000.75-.012180                                                            34443285735217 1 7     0.0    0.0
 61 6090.036700 1.780E-25 3.256E-04.05380.068  376.80000.75-.012180                   0 0 0 0 1A1    9F2            8F1        34553285735217 1 7    57.0   51.0
 61 6090.063877 3.700E-25 1.015E-03.05970.074  376.82000.69-.012200                   0 0 0 0 1A1    9E 192         8E   2     345332857348 7 1 7    38.0   34.0
 61 6090.106156 6.460E-25 1.181E-03.05900.074  376.73000.69-.012200                   0 0 0 0 1A1    9F2286         8F1  1     445332857348 7 1 7    57.0   51.0
 61 6090.114200 1.310E-25 0.000E+00.05980.075  391.07000.75-.012180                                                            34443285735217 1 7     0.0    0.0
 61 6090.126900 1.830E-25 0.000E+00.05980.075  815.00000.75-.012180                                                            34443285735217 1 7     0.0    0.0
 61 6090.145100 1.800E-24 3.292E-03.05900.074  376.78000.69-.012200                   0 0 0 0 1A1    9F1295         8F2  1     455332857348 7 1 7    57.0   51.0
 61 6090.185733 3.450E-25 0.000E+00.05830.077  815.00000.85-.012200                                                            3453328573481110 7     0.0    0.0
 61 6090.224045 3.570E-25 0.000E+00.06000.077  815.00000.85-.012200                                                            3433328573421110 7     0.0    0.0
 61 6090.259300 1.480E-25 0.000E+00.05980.075  815.00000.75-.012181                                                            34443285735217 1 7     0.0    0.0
 61 6090.276542 4.760E-25 0.000E+00.06000.077  815.00000.85-.012200                                                            3433328573421110 7     0.0    0.0
 61 6090.347700 1.780E-25 0.000E+00.05980.075  815.00000.75-.012181                                                            34443285735217 1 7     0.0    0.0
 61 6090.366200 1.120E-25 0.000E+00.05980.075  815.00000.75-.012181                                                            34443285735217 1 7     0.0    0.0
 61 6090.413585 6.250E-24 1.167E-02.05710.073  506.64460.65-.012200                   0 0 0 0 1A1   10A2103         9A1  1     445332857348 7 1 7   105.0   95.0
 61 6090.474600 7.450E-26 0.000E+00.05980.075  815.00000.75-.012181                                                            34443285735217 1 7     0.0    0.0
 61 6090.504900 1.300E-25 0.000E+00.05980.075  815.00000.75-.012181                                                            34443285735217 1 7     0.0    0.0
 61 6090.524400 4.040E-26 0.000E+00.05980.075  815.00000.75-.012181                                                            34443285735217 1 7     0.0    0.0
 61 6090.574596 5.660E-25 0.000E+00.06000.077  815.00000.85-.012200                                                            4433328573421110 7     0.0    0.0
 61 6090.594700 1.750E-25 0.000E+00.05980.075  385.78000.75-.012181                                                            34443285735217 1 7     0.0    0.0
 61 6090.654300 9.010E-26 0.000E+00.05980.075  815.00000.75-.012181                                                            34443285735217 1 7     0.0    0.0
 61 6090.692092 3.730E-25 0.000E+00.06000.077  815.00000.85-.012200                                                            3433328573421110 7     0.0    0.0
 61 6090.744100 1.430E-25 0.000E+00.05980.075  815.00000.75-.012181                                                            34443285735217 1 7     0.0    0.0
 61 6090.767100 1.180E-25 0.000E+00.05980.075  815.00000.75-.012182                                                            34443285735217 1 7     0.0    0.0
 61 6090.802520 9.450E-25 0.000E+00.06000.077 1500.00000.85-.012200                                                            4433328573421110 7     0.0    0.0
 61 6090.874000 3.960E-26 0.000E+00.05980.075   97.01000.75-.012182                                                            34443285735217 1 7     0.0    0.0
 61 6090.903300 2.450E-25 0.000E+00.06000.077  815.00000.85-.012200                                                            3433328573421110 7     0.0    0.0
 61 6090.934600 2.660E-26 0.000E+00.05980.075  815.00000.75-.012182                                                            34443285735217 1 7     0.0    0.0
 61 6090.976600 1.800E-26 0.000E+00.05980.075  815.00000.75-.012182                                                            34443285735217 1 7     0.0    0.0
 61 6091.012200 1.500E-26 0.000E+00.05980.075  815.00000.75-.012182                                                            34443285735217 1 7     0.0    0.0
 61 6091.030800 2.010E-26 0.000E+00.05980.075  815.00000.75-.012182                                                            34443285735217 1 7     0.0    0.0
 61 6091.051300 3.170E-26 0.000E+00.05980.075  815.00000.75-.012182                                                            34443285735217 1 7     0.0    0.0
 61 6091.069300 3.080E-26 0.000E+00.05980.075  815.00000.75-.012182                                                            34443285735217 1 7     0.0    0.0
 61 6091.162846 3.380E-25 0.000E+00.06000.077  815.00000.85-.012200                                                            3433328573421110 7     0.0    0.0
 61 6091.182100 5.230E-26 0.000E+00.05980.075  815.00000.75-.012182                                                            34443285735217 1 7     0.0    0.0
 61 6091.204600 5.090E-26 0.000E+00.05980.075  815.00000.75-.012182                                                            34443285735217 1 7     0.0    0.0
 61 6091.219700 6.870E-26 0.000E+00.05980.075  815.00000.75-.012182                                                            34443285735217 1 7     0.0    0.0
 61 6091.247100 4.800E-26 0.000E+00.05980.075  815.00000.75-.012182                                                            34443285735217 1 7     0.0    0.0
 61 6091.332000 7.860E-26 0.000E+00.05980.075  815.00000.75-.012183                                                            34443285735217 1 7     0.0    0.0
 61 6091.388200 1.260E-25 0.000E+00.05980.075  815.00000.75-.012183                                                            34443285735217 1 7     0.0    0.0
 61 6091.405880 3.540E-25 0.000E+00.06000.077  815.00000.85-.012200                                                            3433328573421110 7     0.0    0.0
 61 6091.458500 7.060E-26 0.000E+00.05980.075  815.00000.75-.012183                                                            34443285735217 1 7     0.0    0.0
 61 6091.529232 6.230E-25 0.000E+00.06000.077  815.00000.85-.012200                                                            4433328573421110 7     0.0    0.0
 61 6091.582341 6.960E-25 0.000E+00.06000.077  815.00000.85-.012200                                                            4433328573421110 7     0.0    0.0
 61 6091.596700 1.440E-25 0.000E+00.05980.075  815.00000.75-.012183                                                            34443285735217 1 7     0.0    0.0
 61 6091.633300 1.780E-25 0.000E+00.05980.075  815.00000.75-.012183                                                            34443285735217 1 7     0.0    0.0
 61 6091.652800 2.090E-25 0.000E+00.06000.077  815.00000.85-.012200                                                            3433328573421110 7     0.0    0.0
 61 6091.700717 1.590E-25 0.000E+00.06000.077  815.00000.85-.012200                                                            3433328573421110 7     0.0    0.0
 61 6091.744600 6.760E-26 0.000E+00.05980.075  815.00000.75-.012183                                                            34443285735217 1 7     0.0    0.0
 61 6091.772900 4.750E-26 0.000E+00.05980.075  815.00000.75-.012184                                                            34443285735217 1 7     0.0    0.0
 61 6091.826569 5.530E-25 0.000E+00.06000.077  568.97000.85-.012200                                                            4433328573421110 7     0.0    0.0
 61 6091.927700 4.640E-26 0.000E+00.05980.075  815.00000.75-.012184                                                            34443285735217 1 7     0.0    0.0
 61 6091.940900 2.230E-25 0.000E+00.06000.077  815.00000.85-.012200                                                            3433328573421110 7     0.0    0.0
 61 6091.968700 2.890E-26 0.000E+00.05980.075  815.00000.75-.012184                                                            34443285735217 1 7     0.0    0.0
 61 6092.013700 1.820E-25 0.000E+00.06000.077  815.00000.85-.012200                                                            3433328573421110 7     0.0    0.0
 61 6092.065400 7.850E-26 0.000E+00.05980.075  815.00000.75-.012184                                                            34443285735217 1 7     0.0    0.0
 61 6092.124415 3.870E-25 3.261E-04.06530.078  104.77000.72-.012200                   0 0 0 0 1A1    5F2168         4F1  1     345332857348 7 1 7    33.0   27.0
 61 6092.149900 1.100E-25 0.000E+00.05980.075  815.00000.75-.012184                                                            34443285735217 1 7     0.0    0.0
 61 6092.169000 2.130E-25 0.000E+00.06000.077  815.00000.85-.012200                                                            3433328573421110 7     0.0    0.0
 61 6092.195800 1.460E-25 0.000E+00.05980.075  815.00000.75-.012184                                                            34443285735217 1 7     0.0    0.0
 61 6092.224738 2.450E-24 2.065E-03.06430.078  104.78000.72-.012200                   0 0 0 0 1A1    5F1176         4F2  1     445332857348 7 1 7    33.0   27.0
 61 6092.269500 1.140E-25 0.000E+00.05980.075  815.00000.75-.012185                                                            34443285735217 1 7     0.0    0.0
 61 6092.313482 5.630E-25 0.000E+00.06000.077  815.00000.85-.012200                                                            4433328573421110 7     0.0    0.0
 61 6092.333000 1.980E-25 0.000E+00.05980.075  815.00000.75-.012185                                                            34443285735217 1 7     0.0    0.0
 61 6092.430700 2.060E-25 0.000E+00.06000.077  815.00000.85-.012200                                                            3433328573421110 7     0.0    0.0
 61 6092.445300 8.960E-26 0.000E+00.05980.075  815.00000.75-.012185                                                            34443285735217 1 7     0.0    0.0
 61 6092.553200 4.050E-26 0.000E+00.05980.075  364.84000.75-.012185                                                            34443285735217 1 7     0.0    0.0
 61 6092.643277 2.460E-25 0.000E+00.06000.077  815.00000.85-.012200                                                            3433328573421110 7     0.0    0.0
 61 6092.666500 1.340E-25 0.000E+00.05980.075  815.00000.75-.012185                                                            34443285735217 1 7     0.0    0.0
 61 6092.687500 1.870E-25 0.000E+00.06000.077  815.00000.85-.012200                                                            3433328573421110 7     0.0    0.0
 61 6092.751000 2.820E-26 0.000E+00.05980.075  815.00000.75-.012186                                                            34443285735217 1 7     0.0    0.0
 61 6092.795003 9.370E-25 2.452E-03.05750.077  470.85000.85-.012200                   0 0 0 0 1A1   10F2            9F1        4453328573481110 7    63.0   57.0
 61 6092.835400 9.030E-26 0.000E+00.05980.075  322.53000.75-.012186                                                            34443285735217 1 7     0.0    0.0
 61 6092.845216 4.650E-25 1.216E-03.05750.077  470.80000.85-.012200                   0 0 0 0 1A1   10F2            9F1        3453328573481110 7    63.0   57.0
 61 6092.870289 2.550E-25 0.000E+00.05980.075  815.00000.75-.012186                                                            34443285735217 1 7     0.0    0.0
 61 6092.933187 7.090E-25 0.000E+00.05750.077  495.26000.85-.012200                                                            4453328573481110 7     0.0    0.0
 61 6092.954600 1.500E-25 0.000E+00.05980.075  815.00000.75-.012186                                                            34443285735217 1 7     0.0    0.0
 61 6092.970700 2.560E-25 0.000E+00.05750.077  815.00000.85-.012200                                                            3453328573481110 7     0.0    0.0
 61 6092.988800 5.960E-26 0.000E+00.05980.075  815.00000.75-.012186                                                            34443285735217 1 7     0.0    0.0
 61 6093.013826 7.230E-25 1.254E-03.05750.077  470.83000.85-.012200                   0 0 0 0 1A1    9A2            9A1        4453328573481110 7    95.0   95.0
 61 6093.056200 1.280E-25 0.000E+00.05980.075  815.00000.75-.012186                                                            34443285735217 1 7     0.0    0.0
 61 6093.072800 1.030E-25 0.000E+00.05980.075  815.00000.75-.012186                                                            34443285735217 1 7     0.0    0.0
 61 6093.090800 6.060E-26 0.000E+00.05980.075  815.00000.75-.012186                                                            34443285735217 1 7     0.0    0.0
 61 6093.111800 9.430E-26 0.000E+00.05980.075  815.00000.75-.012186                                                            34443285735217 1 7     0.0    0.0
 61 6093.126900 9.540E-26 0.000E+00.05980.075  815.00000.75-.012186                                                            34443285735217 1 7     0.0    0.0
 61 6093.148400 6.680E-26 0.000E+00.05980.075  204.01000.75-.012186                                                            34443285735217 1 7     0.0    0.0
 61 6093.168355 4.170E-25 5.801E-04.06360.082   31.44000.70-.012200                   0 0 0 0 1A1    3E  75         2E   1     345332857348 7 1 7    14.0   10.0
 61 6093.169400 9.890E-26 0.000E+00.05980.075   45.39000.75-.012186                                                            34443285735217 1 7     0.0    0.0
 61 6093.205170 1.230E-23 1.037E-02.06380.078  104.78000.92-.010500                   0 0 0 0 1A1    5F1177         4F2  1     445335857348 71212    33.0   27.0
 61 6093.285200 6.760E-26 0.000E+00.05980.075  815.00000.75-.012187                                                            34443285735217 1 7     0.0    0.0
 61 6093.306200 8.920E-26 2.578E-04.04980.063  470.71000.75-.012187                   0 0 0 0 1A1    9F2            9F1        34443285735217 1 7    57.0   57.0
 61 6093.337900 7.170E-26 0.000E+00.05980.075  815.00000.75-.012187                                                            34443285735217 1 7     0.0    0.0
 61 6093.403300 8.310E-26 0.000E+00.05980.075  815.00000.75-.012187                                                            34443285735217 1 7     0.0    0.0
 61 6093.420900 3.680E-26 0.000E+00.05980.075  815.00000.75-.012187                                                            34443285735217 1 7     0.0    0.0
 61 6093.433100 1.780E-25 0.000E+00.05980.075  815.00000.75-.012187                                                            34443285735217 1 7     0.0    0.0
 61 6093.452200 5.980E-26 0.000E+00.05980.075  815.00000.75-.012187                                                            34443285735217 1 7     0.0    0.0
 61 6093.488097 6.790E-24 8.586E-03.06430.078  104.77000.72-.012200                   0 0 0 0 1A1    5E 114         4E   1     445332857348 7 1 7    22.0   18.0
 61 6093.522661 9.290E-25 0.000E+00.05980.075  815.00000.75-.012187                                                            44443285735217 1 7     0.0    0.0
 61 6093.535448 1.740E-24 0.000E+00.05900.075  409.19000.85-.012200                                                            4453328573481110 7     0.0    0.0
 61 6093.547800 2.690E-25 0.000E+00.05980.075  815.00000.75-.012187                                                            34443285735217 1 7     0.0    0.0
 61 6093.567061 2.480E-24 2.300E-03.06450.082   31.44000.70-.012200                   0 0 0 0 1A1    3F1119         2F2  1     445332857348 7 1 7    21.0   15.0
 61 6093.567400 3.230E-25 0.000E+00.05980.075  376.73000.75-.012187                                                            34443285735217 1 7     0.0    0.0
 61 6093.603636 5.300E-24 1.634E-02.05900.074  400.50000.69-.012200                   0 0 0 0 1A1    9E 193         8E   1     445332857348 7 1 7    38.0   34.0
 61 6093.619680 6.140E-24 1.686E-02.05900.074  376.73000.69-.012200                   0 0 0 0 1A1    9E             8E         445332857348 7 1 7    38.0   34.0
 61 6093.662600 2.760E-26 0.000E+00.05980.075  815.00000.75-.012187                                                            34443285735217 1 7     0.0    0.0
 61 6093.676300 9.070E-26 0.000E+00.05980.075  815.00000.75-.012187                                                            34443285735217 1 7     0.0    0.0
 61 6093.696300 1.400E-25 0.000E+00.05980.075  815.00000.75-.012187                                                            34443285735217 1 7     0.0    0.0
 61 6093.715270 1.670E-24 2.324E-03.06450.082   31.44000.70-.012200                   0 0 0 0 1A1    3E  76         2E   1     445332857348 7 1 7    14.0   10.0
 61 6093.773865 7.340E-24 6.188E-03.06430.078  104.77000.72-.012200                   0 0 0 0 1A1    5F2169         4F1  1     445332857348 7 1 7    33.0   27.0
 61 6093.881300 1.500E-26 0.000E+00.05980.075  815.00000.75-.012188                                                            34443285735217 1 7     0.0    0.0
 61 6093.946300 3.240E-26 0.000E+00.05980.075  279.40000.75-.012188                                                            34443285735217 1 7     0.0    0.0
 61 6093.985800 1.840E-25 0.000E+00.05980.075  815.00000.75-.012188                                                            34443285735217 1 7     0.0    0.0
 61 6094.075120 4.880E-25 1.277E-03.06000.077  470.86000.85-.012200                   0 0 0 0 1A1   10F1            9F2        3433328573421110 7    63.0   57.0
 61 6094.133800 1.740E-25 0.000E+00.05980.075  815.00000.75-.012188                                                            34443285735217 1 7     0.0    0.0
 61 6094.161100 6.290E-26 0.000E+00.05980.075  815.00000.75-.012188                                                            34443285735217 1 7     0.0    0.0
 61 6094.219291 2.460E-24 6.435E-03.05710.073  470.72000.85-.012200                   0 0 0 0 1A1   10F1            9F2        4453328573481110 7    63.0   57.0
 61 6094.227000 4.120E-25 0.000E+00.05980.075  481.97000.75-.012188                                                            34443285735217 1 7     0.0    0.0
 61 6094.249000 1.720E-25 0.000E+00.05980.075  815.00000.75-.012188                                                            34443285735217 1 7     0.0    0.0
 61 6094.275400 2.960E-25 0.000E+00.05980.075  815.00000.75-.012189                                                            34443285735217 1 7     0.0    0.0
 61 6094.323200 3.010E-26 0.000E+00.05980.075  815.00000.75-.012189                                                            34443285735217 1 7     0.0    0.0
 61 6094.346700 3.540E-26 0.000E+00.05980.075  815.00000.75-.012189                                                            34443285735217 1 7     0.0    0.0
 61 6094.371600 9.600E-26 0.000E+00.05980.075  815.00000.75-.012189                                                            34443285735217 1 7     0.0    0.0
 61 6094.413100 1.160E-25 0.000E+00.05980.075  815.00000.75-.012189                                                            34443285735217 1 7     0.0    0.0
 61 6094.430200 1.360E-25 0.000E+00.05980.075  815.00000.75-.012189                                                            34443285735217 1 7     0.0    0.0
 61 6094.447300 1.640E-25 0.000E+00.05980.075  815.00000.75-.012189                                                            34443285735217 1 7     0.0    0.0
 61 6094.472913 1.110E-23 5.616E-03.06690.078  104.77000.72-.012200                   0 0 0 0 1A1    5A2 60         4A1  1     445332857348 7 1 7    55.0   45.0
 61 6094.519000 5.060E-26 0.000E+00.05980.075  815.00000.75-.012189                                                            34443285735217 1 7     0.0    0.0
 61 6094.610176 8.950E-25 0.000E+00.05680.077 1500.00000.85-.012200                                                            4453328573481110 7     0.0    0.0
 61 6094.628400 9.490E-26 0.000E+00.05980.075  815.00000.75-.012189                                                            34443285735217 1 7     0.0    0.0
 61 6094.653315 2.860E-25 1.123E-03.05460.077  470.79000.85-.012200                   0 0 0 0 1A1   10E             9E         3453328573481110 7    42.0   38.0
 61 6094.673012 8.330E-25 0.000E+00.05460.077  815.00000.85-.012200                                                            4453328573481110 7     0.0    0.0
 61 6094.695800 1.460E-25 0.000E+00.05980.075  815.00000.75-.012189                                                            34443285735217 1 7     0.0    0.0
 61 6094.720311 3.270E-25 0.000E+00.06140.077  815.00000.85-.012200                                                            3453328573481110 7     0.0    0.0
 61 6094.740700 2.970E-25 0.000E+00.05980.075  815.00000.75-.012189                                                            34443285735217 1 7     0.0    0.0
 61 6094.763800 4.330E-25 0.000E+00.05980.075  814.64000.75-.012190                                                            34443285735217 1 7     0.0    0.0
 61 6094.764789 9.300E-25 7.843E-04.06430.078  104.77000.72-.012200                   0 0 0 0 1A1    5F2170         4F1  1     445332857348 7 1 7    33.0   27.0
 61 6094.795400 7.970E-26 0.000E+00.05980.075  815.00000.75-.012190                                                            34443285735217 1 7     0.0    0.0
 61 6094.840300 1.400E-25 0.000E+00.05980.075  815.00000.75-.012190                                                            34443285735217 1 7     0.0    0.0
 61 6094.868200 2.510E-25 0.000E+00.06000.077  222.89000.85-.012200                                                            3433328573421110 7     0.0    0.0
 61 6094.933600 1.120E-25 0.000E+00.05980.075  333.97000.75-.012190                                                            34443285735217 1 7     0.0    0.0
 61 6094.965800 6.330E-26 0.000E+00.05980.075  815.00000.75-.012190                                                            34443285735217 1 7     0.0    0.0
 61 6094.991700 6.850E-26 0.000E+00.05980.075  815.00000.75-.012190                                                            34443285735217 1 7     0.0    0.0
 61 6095.037100 2.400E-26 0.000E+00.05980.075  815.00000.75-.012190                                                            34443285735217 1 7     0.0    0.0
 61 6095.052200 2.090E-26 0.000E+00.05980.075  815.00000.75-.012190                                                            34443285735217 1 7     0.0    0.0
 61 6095.075700 4.890E-26 0.000E+00.05980.075  815.00000.75-.012190                                                            34443285735217 1 7     0.0    0.0
 61 6095.087900 5.230E-26 0.000E+00.05980.075  815.00000.75-.012190                                                            34443285735217 1 7     0.0    0.0
 61 6095.107400 2.120E-26 0.000E+00.05980.075  815.00000.75-.012190                                                            34443285735217 1 7     0.0    0.0
 61 6095.127400 2.320E-25 0.000E+00.05750.077  815.00000.85-.012200                                                            3453328573481110 7     0.0    0.0
 61 6095.144658 1.150E-24 0.000E+00.05750.077  482.88000.85-.012200                                                            4453328573481110 7     0.0    0.0
 61 6095.232900 3.910E-26 0.000E+00.05980.075  815.00000.75-.012190                                                            34443285735217 1 7     0.0    0.0
 61 6095.251687 2.370E-25 0.000E+00.04530.065  174.90000.62-.012200                   0 0 0 0 1A1                  14A1  1     345332857348 7 1 7     0.0    0.0
 61 6095.292000 7.570E-26 0.000E+00.05980.075  815.00000.75-.012191                                                            34443285735217 1 7     0.0    0.0
 61 6095.316900 1.050E-25 0.000E+00.05980.075  815.00000.75-.012191                                                            34443285735217 1 7     0.0    0.0
 61 6095.340800 4.940E-26 0.000E+00.05980.075  815.00000.75-.012191                                                            34443285735217 1 7     0.0    0.0
 61 6095.399900 5.620E-26 0.000E+00.05980.075  815.00000.75-.012191                                                            34443285735217 1 7     0.0    0.0
 61 6095.427200 2.530E-25 0.000E+00.06000.077  815.00000.85-.012200                                                            3433328573421110 7     0.0    0.0
 61 6095.488666 4.250E-25 0.000E+00.06000.077  815.00000.85-.012200                                                            3433328573421110 7     0.0    0.0
 61 6095.554700 3.930E-26 0.000E+00.05980.075  815.00000.75-.012191                                                            34443285735217 1 7     0.0    0.0
 61 6095.587900 2.840E-25 0.000E+00.05980.075  815.00000.75-.012191                                                            34443285735217 1 7     0.0    0.0
 61 6095.639311 4.730E-23 3.978E-02.06630.079   62.87000.84-.009100                   0 0 0 0 1A1    4F2145         3F1  1     445335857348 71212    27.0   21.0
 61 6095.676625 5.890E-25 0.000E+00.05460.077  815.00000.85-.012200                                                            4453328573481110 7     0.0    0.0
 61 6095.723600 1.800E-26 0.000E+00.05980.075  815.00000.75-.012191                                                            34443285735217 1 7     0.0    0.0
 61 6095.787600 1.080E-25 0.000E+00.05980.075  815.00000.75-.012192                                                            34443285735217 1 7     0.0    0.0
 61 6095.816824 3.010E-24 0.000E+00.05460.077  484.31780.85-.012200                                                            4453328573481110 7     0.0    0.0
 61 6095.831919 4.620E-23 3.886E-02.06690.079   62.87000.93-.012800                   0 0 0 0 1A1    4F1139         3F2  1     445335857348 71212    27.0   21.0
 61 6095.990200 5.060E-26 0.000E+00.05980.075  815.00000.75-.012192                                                            34443285735217 1 7     0.0    0.0
 61 6096.010700 8.000E-26 0.000E+00.05980.075  815.00000.75-.012192                                                            34443285735217 1 7     0.0    0.0
 61 6096.167039 7.860E-22 8.640E-01.04860.074  376.73000.69-.008930                   0 0 0 0 1A1    9A2101         8A1  1     468335867457 7 118    95.0   85.0
 61 6096.175409 4.700E-22 8.611E-01.05580.074  376.73000.69-.012570                   0 0 0 0 1A1    9F2290         8F1  1     467336867457 7 118    57.0   51.0
 61 6096.180098 3.110E-22 8.547E-01.06760.074  376.73000.69-.015220                   0 0 0 0 1A1    9E 194         8E   1     468335867457 7 118    38.0   34.0
 61 6096.255322 8.430E-23 4.255E-02.06040.079   62.87000.73-.013186                   0 0 0 0 1A1    4A1 53         3A2  1     467335867458 7 119    45.0   35.0
 61 6096.371781 4.600E-22 8.430E-01.05490.074  376.78000.69-.012570                   0 0 0 0 1A1    9F1298         8F2  1     468336867457 7 118    57.0   51.0
 61 6096.389988 1.440E-24 0.000E+00.05980.075  815.00000.75-.012193                                                            44443285735217 1 7     0.0    0.0
 61 6096.423377 4.560E-22 8.358E-01.05760.074  376.80000.69-.012570                   0 0 0 0 1A1    9F2291         8F1  2     468336867457 7 118    57.0   51.0
 61 6096.484556 3.010E-22 8.276E-01.05040.074  376.82000.69-.015220                   0 0 0 0 1A1    9E 195         8E   2     468335867457 7 118    38.0   34.0
 61 6096.500332 4.510E-22 8.267E-01.05930.074  376.82000.69-.012570                   0 0 0 0 1A1    9F1299         8F2  2     468336867457 7 118    57.0   51.0
 61 6096.905300 2.170E-25 0.000E+00.05980.075  815.00000.75-.012194                                                            34443285735217 1 7     0.0    0.0
 61 6097.143500 6.030E-26 0.000E+00.05980.075  815.00000.75-.012194                                                            34443285735217 1 7     0.0    0.0
 61 6097.264200 2.950E-25 0.000E+00.06000.077  815.00000.85-.012200                                                            3433328573421110 7     0.0    0.0
 61 6097.330100 6.890E-26 0.000E+00.05980.075  815.00000.75-.012195                                                            34443285735217 1 7     0.0    0.0
 61 6097.386452 4.700E-25 0.000E+00.05460.077  815.00000.85-.012200                                                            3453328573481110 7     0.0    0.0
 61 6097.437000 8.660E-26 0.000E+00.05980.075  815.00000.75-.012195                                                            34443285735217 1 7     0.0    0.0
 61 6097.504400 9.690E-26 0.000E+00.05980.075  815.00000.75-.012195                                                            34443285735217 1 7     0.0    0.0
 61 6097.523900 2.130E-25 0.000E+00.06000.077  815.00000.85-.012200                                                            3433328573421110 7     0.0    0.0
 61 6097.544600 3.270E-26 3.037E-05.06350.080   31.44000.75-.012195                   0 0 0 0 1A1    3F1            2F2        34663285735217 1 7    21.0   15.0
 61 6097.546000 3.920E-26 0.000E+00.05980.075   91.51000.75-.012195                                                            34443285735217 1 7     0.0    0.0
 61 6097.574700 2.600E-26 0.000E+00.05980.075  815.00000.75-.012195                                                            34443285735217 1 7     0.0    0.0
 61 6097.586400 1.230E-25 0.000E+00.05980.075  815.00000.75-.012195                                                            34443285735217 1 7     0.0    0.0
 61 6097.613300 5.870E-26 0.000E+00.05980.075  815.00000.75-.012195                                                            34443285735217 1 7     0.0    0.0
 61 6097.627400 2.360E-26 0.000E+00.05980.075  815.00000.75-.012195                                                            34443285735217 1 7     0.0    0.0
 61 6097.668500 2.570E-26 0.000E+00.05980.075  815.00000.75-.012195                                                            34443285735217 1 7     0.0    0.0
 61 6097.756800 8.950E-26 0.000E+00.05980.075  815.00000.75-.012196                                                            34443285735217 1 7     0.0    0.0
 61 6097.781200 1.500E-25 0.000E+00.05980.075  815.00000.75-.012196                                                            34443285735217 1 7     0.0    0.0
 61 6097.829600 2.050E-25 5.373E-04.05710.073  470.86000.65-.012200                   0 0 0 0 1A1   10F1313         9F2  2     345332857348 7 1 7    63.0   57.0
 61 6097.841800 5.160E-26 0.000E+00.05980.075  815.00000.75-.012196                                                            34443285735217 1 7     0.0    0.0
 61 6097.886700 1.180E-25 0.000E+00.05980.075  815.00000.75-.012196                                                            34443285735217 1 7     0.0    0.0
 61 6097.905084 2.990E-24 2.517E-03.06450.079   62.87000.73-.012200                   0 0 0 0 1A1    4F1140         3F2  1     445332857348 7 1 7    27.0   21.0
 61 6097.965800 1.350E-26 0.000E+00.05980.075  815.00000.75-.012196                                                            34443285735217 1 7     0.0    0.0
 61 6098.000000 6.040E-26 0.000E+00.05980.075  815.00000.75-.012196                                                            34443285735217 1 7     0.0    0.0
 61 6098.098070 7.020E-25 1.089E-03.05660.073  467.99000.65-.012200                   0 0 0 0 1A1   10A1109         9A2  1     445332857348 7 1 7   105.0   95.0
 61 6098.115516 5.250E-25 0.000E+00.05460.077  815.00000.85-.012200                                                            4453328573481110 7     0.0    0.0
 61 6098.181200 9.130E-26 0.000E+00.05980.075  815.00000.75-.012196                                                            34443285735217 1 7     0.0    0.0
 61 6098.209500 4.030E-26 0.000E+00.05980.075  815.00000.75-.012196                                                            34443285735217 1 7     0.0    0.0
 61 6098.231900 3.490E-26 0.000E+00.05980.075  815.00000.75-.012196                                                            34443285735217 1 7     0.0    0.0
 61 6098.265100 1.270E-26 0.000E+00.05980.075  815.00000.75-.012197                                                            34443285735217 1 7     0.0    0.0
 61 6098.377400 6.110E-26 0.000E+00.05980.075  815.00000.75-.012197                                                            34443285735217 1 7     0.0    0.0
 61 6098.447517 2.660E-23 3.707E-02.06290.082   31.44000.82-.012200                   0 0 0 0 1A1    3E  77         2E   1     445332857348 712 7    14.0   10.0
 61 6098.462732 4.070E-23 3.781E-02.06590.082   31.44000.77-.016400                   0 0 0 0 1A1    3F1121         2F2  1     445335857348 71212    21.0   15.0
 61 6098.581000 9.110E-26 0.000E+00.05980.075  815.00000.75-.012197                                                            34443285735217 1 7     0.0    0.0
 61 6098.618700 1.480E-25 0.000E+00.05980.075  815.00000.75-.012197                                                            34443285735217 1 7     0.0    0.0
 61 6098.645500 8.130E-26 0.000E+00.05980.075  815.00000.75-.012197                                                            34443285735217 1 7     0.0    0.0
 61 6098.711800 7.960E-25 6.701E-04.06450.079   62.87000.73-.012200                   0 0 0 0 1A1    4F2146         3F1  1     445332857348 7 1 7    27.0   21.0
 61 6098.734400 2.750E-26 0.000E+00.05980.075  815.00000.75-.012197                                                            34443285735217 1 7     0.0    0.0
 61 6098.769000 8.800E-26 0.000E+00.05980.075  815.00000.75-.012198                                                            34443285735217 1 7     0.0    0.0
 61 6098.784700 4.650E-26 0.000E+00.05980.075  815.00000.75-.012198                                                            34443285735217 1 7     0.0    0.0
 61 6098.806200 9.670E-26 0.000E+00.05980.075  815.00000.75-.012198                                                            34443285735217 1 7     0.0    0.0
 61 6098.837900 2.760E-26 0.000E+00.05980.075  815.00000.75-.012198                                                            34443285735217 1 7     0.0    0.0
 61 6098.880400 1.820E-26 0.000E+00.05980.075  815.00000.75-.012198                                                            34443285735217 1 7     0.0    0.0
 61 6098.909700 6.910E-26 0.000E+00.05980.075  815.00000.75-.012198                                                            34443285735217 1 7     0.0    0.0
 61 6098.924802 1.540E-24 4.035E-03.05710.073  470.71000.85-.012200                   0 0 0 0 1A1   10F2            9F1        4453328573481110 7    63.0   57.0
 61 6098.984400 1.130E-25 0.000E+00.05980.075  815.00000.75-.012198                                                            34443285735217 1 7     0.0    0.0
 61 6099.015100 3.960E-26 0.000E+00.05980.075  815.00000.75-.012198                                                            34443285735217 1 7     0.0    0.0
 61 6099.040500 1.480E-25 0.000E+00.05980.075  815.00000.75-.012198                                                            34443285735217 1 7     0.0    0.0
 61 6099.051055 3.590E-25 0.000E+00.05980.075  815.00000.75-.012198                                                            34443285735217 1 7     0.0    0.0
 61 6099.065966 4.360E-25 0.000E+00.06000.077  815.00000.85-.012200                                                            3433328573421110 7     0.0    0.0
 61 6099.085400 2.950E-25 0.000E+00.05980.075  815.00000.75-.012198                                                            34443285735217 1 7     0.0    0.0
 61 6099.099224 4.260E-25 0.000E+00.06000.077  478.17000.85-.012200                                                            3433328573421110 7     0.0    0.0
 61 6099.117200 1.080E-25 0.000E+00.05980.075  815.00000.75-.012198                                                            34443285735217 1 7     0.0    0.0
 61 6099.142100 1.340E-25 0.000E+00.05980.075  815.00000.75-.012198                                                            34443285735217 1 7     0.0    0.0
 61 6099.156414 3.360E-25 0.000E+00.06000.077  815.00000.85-.012200                                                            3433328573421110 7     0.0    0.0
 61 6099.179700 8.450E-26 0.000E+00.05980.075  815.00000.75-.012198                                                            34443285735217 1 7     0.0    0.0
 61 6099.232400 6.410E-26 0.000E+00.05980.075  815.00000.75-.012198                                                            34443285735217 1 7     0.0    0.0
 61 6099.259800 6.940E-26 0.000E+00.05980.075  815.00000.75-.012199                                                            34443285735217 1 7     0.0    0.0
 61 6099.274900 6.760E-26 0.000E+00.05980.075  815.00000.75-.012199                                                            34443285735217 1 7     0.0    0.0
 61 6099.342800 2.960E-26 0.000E+00.05980.075  815.00000.75-.012199                                                            34443285735217 1 7     0.0    0.0
 61 6099.366700 3.090E-25 0.000E+00.06000.077  815.00000.85-.012200                                                            3433328573421110 7     0.0    0.0
 61 6099.399400 4.230E-26 0.000E+00.05980.075  815.00000.75-.012199                                                            34443285735217 1 7     0.0    0.0
 61 6099.412100 3.950E-26 0.000E+00.05980.075  815.00000.75-.012199                                                            34443285735217 1 7     0.0    0.0
 61 6099.427200 4.400E-26 0.000E+00.05980.075  815.00000.75-.012199                                                            34443285735217 1 7     0.0    0.0
 61 6099.513200 9.100E-26 0.000E+00.05980.075  815.00000.75-.012199                                                            34443285735217 1 7     0.0    0.0
 61 6099.548800 6.920E-26 0.000E+00.05980.075  815.00000.75-.012199                                                            34443285735217 1 7     0.0    0.0
 61 6099.564400 6.300E-26 0.000E+00.05980.075  815.00000.75-.012199                                                            34443285735217 1 7     0.0    0.0
 61 6099.584500 3.240E-26 0.000E+00.06000.077  815.00000.85-.012200                                                            3433326073431210 7     0.0    0.0
 61 6099.625500 8.620E-26 0.000E+00.05980.075  815.00000.75-.012199                                                            34443285735217 1 7     0.0    0.0
 61 6099.643431 7.200E-25 6.063E-04.06250.079   62.87000.73-.012200                   0 0 0 0 1A1    4F2147         3F1  1     445332857348 7 1 7    27.0   21.0
 61 6099.691900 8.560E-26 0.000E+00.05980.075  815.00000.75-.012199                                                            34443285735217 1 7     0.0    0.0
 61 6099.702600 1.070E-25 0.000E+00.06170.077   75.24000.85-.012200                                                            3453326073481210 7     0.0    0.0
 61 6099.712005 5.930E-25 4.994E-04.06250.079   62.87000.73-.012200                   0 0 0 0 1A1    4F1141         3F2  1     445332857348 7 1 7    27.0   21.0
 61 6099.768100 2.140E-26 0.000E+00.05980.075  815.00000.75-.012200                                                            34443285735217 1 7     0.0    0.0
 61 6099.818800 1.100E-25 0.000E+00.05980.075  815.00000.75-.012200                                                            34443285735217 1 7     0.0    0.0
 61 6099.835000 8.210E-26 0.000E+00.05980.075  815.00000.75-.012200                                                            34443285735217 1 7     0.0    0.0
 61 6099.897680 7.060E-25 0.000E+00.05460.077  815.00000.85-.012200                                                            4453328573481210 7     0.0    0.0
 61 6099.972700 9.690E-26 0.000E+00.05980.075  815.00000.75-.012200                                                            34443285735217 1 7     0.0    0.0
 61 6099.990700 5.310E-26 0.000E+00.05980.075  815.00000.75-.012200                                                            34443285735217 1 7     0.0    0.0
 61 6100.049800 1.700E-25 0.000E+00.05980.075  815.00000.75-.012200                                                            34443285735217 1 7     0.0    0.0
 61 6100.089400 4.880E-26 0.000E+00.05980.075  815.00000.75-.012200                                                            34443285735217 1 7     0.0    0.0
 61 6100.117200 1.510E-26 0.000E+00.05980.075  815.00000.75-.012200                                                            34443285735217 1 7     0.0    0.0
 61 6100.199185 2.590E-24 2.407E-03.06450.082   31.44000.70-.012200                   0 0 0 0 1A1    3F1122         2F2  1     445332857348 7 1 7    21.0   15.0
 61 6100.219200 6.050E-26 0.000E+00.05980.075  815.00000.75-.012200                                                            34443285735217 1 7     0.0    0.0
 61 6100.256800 1.050E-26 0.000E+00.05980.075  815.00000.75-.012201                                                            34443285735217 1 7     0.0    0.0
 61 6100.342100 2.800E-23 4.406E-02.06040.073  470.83000.84-.005600                   0 0 0 0 1A1   10A2104         9A1  1     445335857348 71212   105.0   95.0
 61 6100.392100 1.140E-25 0.000E+00.05980.075  815.00000.75-.012201                                                            34443285735217 1 7     0.0    0.0
 61 6100.409425 2.970E-25 2.502E-04.06580.079   62.87000.73-.012200                   0 0 0 0 1A1    4F2148         3F1  1     345332857348 7 1 7    27.0   21.0
 61 6100.504900 6.210E-26 0.000E+00.05980.075  815.00000.75-.012201                                                            34443285735217 1 7     0.0    0.0
 61 6100.531200 9.600E-26 0.000E+00.05980.075  815.00000.75-.012201                                                            34443285735217 1 7     0.0    0.0
 61 6100.657200 7.280E-26 0.000E+00.05980.075  815.00000.75-.012201                                                            34443285735217 1 7     0.0    0.0
 61 6100.755046 1.700E-23 4.459E-02.06090.073  470.85000.78-.007600                   0 0 0 0 1A1   10F2323         9F1  3     445335857348 71212    63.0   57.0
 61 6100.804394 5.910E-24 1.550E-02.05660.073  470.80000.10-.009500                   0 0 0 0 1A1   10F2323         9F1  2     445334857348 71212    63.0   57.0
 61 6100.845600 5.590E-23 8.799E-02.06000.073  470.87000.65-.009100                   0 0 0 0 1A1   10A1110         9A2  1     445335857348 71212   105.0   95.0
 61 6100.859426 2.090E-24 2.915E-03.06450.082   31.44000.70-.012200                   0 0 0 0 1A1    3E  78         2E   1     445332857348 7 1 7    14.0   10.0
 61 6100.893537 1.530E-24 4.011E-03.05660.073  470.71000.65-.012200                   0 0 0 0 1A1   10F2323         9F1  1     445332857348 7 1 7    63.0   57.0
 61 6100.956201 3.170E-23 8.316E-02.06030.073  470.86000.85-.010300    1 2 0 0  F1    0 0 0 0 1A1   10F1            9F2  2     445335857348 71212    63.0   57.0
 61 6101.031200 5.970E-26 0.000E+00.05980.075  815.00000.75-.012202                                                            34443285735217 1 7     0.0    0.0
 61 6101.059600 4.720E-26 0.000E+00.05980.075  815.00000.75-.012202                                                            34443285735217 1 7     0.0    0.0
 61 6101.100816 1.120E-24 2.936E-03.05660.073  470.72000.65-.012200                   0 0 0 0 1A1   10F1316         9F2  1     445332857348 7 1 7    63.0   57.0
 61 6101.155800 2.220E-26 0.000E+00.05980.075  815.00000.75-.012202                                                            34443285735217 1 7     0.0    0.0
 61 6101.170900 3.410E-26 0.000E+00.05980.075  815.00000.75-.012202                                                            34443285735217 1 7     0.0    0.0
 61 6101.213293 1.590E-24 1.467E-03.06350.077  157.13000.72-.012200                   0 0 0 0 1A1    6F2206         5F1  2     445332857348 7 1 7    39.0   33.0
 61 6101.217600 2.590E-25 0.000E+00.05980.075  168.03000.75-.012202                                                            34443285735217 1 7     0.0    0.0
 61 6101.228200 3.690E-25 3.403E-04.06350.077  157.12000.72-.012200                   0 0 0 0 1A1    6F2206         5F1  1     345332857348 7 1 7    39.0   33.0
 61 6101.269125 2.670E-24 3.694E-03.06350.077  157.13000.72-.012200                   0 0 0 0 1A1    6E 136         5E   1     445332857348 7 1 7    26.0   22.0
 61 6101.370895 1.900E-23 7.475E-02.05560.073  470.79000.50-.009900                   0 0 0 0 1A1   10E 215         9E   1     445335857348 71212    42.0   38.0
 61 6101.450700 3.040E-26 0.000E+00.05980.075  815.00000.75-.012203                                                            34443285735217 1 7     0.0    0.0
 61 6101.470200 2.910E-26 0.000E+00.05980.075  815.00000.75-.012203                                                            34443285735217 1 7     0.0    0.0
 61 6101.487420 1.310E-23 3.437E-02.06000.073  470.85000.83-.008600                   0 0 0 0 1A1   10F2324         9F1  3     445335857348 71212    63.0   57.0
 61 6101.537165 2.230E-23 5.850E-02.05680.073  470.80000.82-.012100                   0 0 0 0 1A1   10F2324         9F1  2     445335857348 71212    63.0   57.0
 61 6101.599100 9.780E-26 0.000E+00.05980.075  815.00000.75-.012203                                                            34443285735217 1 7     0.0    0.0
 61 6101.617700 4.640E-26 0.000E+00.05980.075  815.00000.75-.012203                                                            34443285735217 1 7     0.0    0.0
 61 6101.674415 3.700E-25 0.000E+00.06000.077  815.00000.85-.012200                                                            3433328573421110 7     0.0    0.0
 61 6101.717300 1.380E-25 0.000E+00.05980.075  815.00000.75-.012203                                                            34443285735217 1 7     0.0    0.0
 61 6101.757800 3.940E-26 0.000E+00.05980.075  815.00000.75-.012204                                                            34443285735217 1 7     0.0    0.0
 61 6101.796900 1.190E-25 0.000E+00.05980.075  815.00000.75-.012204                                                            34443285735217 1 7     0.0    0.0
 61 6101.804700 1.460E-25 1.347E-04.06410.077  157.12000.72-.012200                   0 0 0 0 1A1    6F1198         5F2  1     345332857348 7 1 7    39.0   33.0
 61 6101.849100 8.330E-26 0.000E+00.05980.075  815.00000.75-.012204                                                            34443285735217 1 7     0.0    0.0
 61 6101.919400 1.230E-25 0.000E+00.05980.075  815.00000.75-.012204                                                            34443285735217 1 7     0.0    0.0
 61 6101.957000 1.670E-26 0.000E+00.05980.075  815.00000.75-.012204                                                            34443285735217 1 7     0.0    0.0
 61 6101.980000 4.180E-26 0.000E+00.05980.075  815.00000.75-.012204                                                            34443285735217 1 7     0.0    0.0
 61 6101.995100 1.260E-25 0.000E+00.05980.075  815.00000.75-.012204                                                            34443285735217 1 7     0.0    0.0
 61 6102.011200 7.190E-26 0.000E+00.05980.075  815.00000.75-.012204                                                            34443285735217 1 7     0.0    0.0
 61 6102.050800 5.620E-26 0.000E+00.05980.075  815.00000.75-.012204                                                            34443285735217 1 7     0.0    0.0
 61 6102.070800 3.580E-26 0.000E+00.05980.075  815.00000.75-.012204                                                            34443285735217 1 7     0.0    0.0
 61 6102.088400 1.100E-25 0.000E+00.05980.075  815.00000.75-.012204                                                            34443285735217 1 7     0.0    0.0
 61 6102.104500 5.720E-26 0.000E+00.05980.075  815.00000.75-.012204                                                            34443285735217 1 7     0.0    0.0
 61 6102.129900 3.170E-26 0.000E+00.05980.075  815.00000.75-.012204                                                            34443285735217 1 7     0.0    0.0
 61 6102.146500 5.920E-26 0.000E+00.05980.075  815.00000.75-.012204                                                            34443285735217 1 7     0.0    0.0
 61 6102.170400 2.890E-26 0.000E+00.05980.075  815.00000.75-.012204                                                            34443285735217 1 7     0.0    0.0
 61 6102.197800 3.230E-26 0.000E+00.05980.075  815.00000.75-.012204                                                            34443285735217 1 7     0.0    0.0
 61 6102.252400 5.480E-26 0.000E+00.05980.075  815.00000.75-.012205                                                            34443285735217 1 7     0.0    0.0
 61 6102.382800 6.800E-26 0.000E+00.05980.075  815.00000.75-.012205                                                            34443285735217 1 7     0.0    0.0
 61 6102.438000 1.800E-26 0.000E+00.05980.075  815.00000.75-.012205                                                            34443285735217 1 7     0.0    0.0
 61 6102.629900 3.050E-25 0.000E+00.05980.075  381.16000.75-.012205                                                            34443285735217 1 7     0.0    0.0
 61 6102.646286 9.630E-25 2.528E-03.05660.073  470.85000.65-.012200                   0 0 0 0 1A1   10F2326         9F1  3     445332857348 7 1 7    63.0   57.0
 61 6102.672040 5.670E-24 8.149E-03.05660.073  452.02770.65-.012200                   0 0 0 0 1A1   10A2105         9A1  1     445332857348 7 1 7   105.0   95.0
 61 6102.697976 3.160E-24 8.293E-03.05660.073  470.80000.65-.012200                   0 0 0 0 1A1   10F2325         9F1  2     445332857348 7 1 7    63.0   57.0
 61 6102.726012 1.860E-23 1.716E-02.06400.077  157.13000.81-.011500    0 0 2 0  E     0 0 0 0 1A1    6F2            5F1  2     445335857348 71212    39.0   33.0
 61 6102.736051 4.870E-25 4.494E-04.06500.082  157.12000.75-.012205                   0 0 0 0 1A1    6F2            5F1        34553285735217 1 7    39.0   33.0
 61 6102.784543 1.030E-23 2.793E-02.05660.073  477.56410.73-.014600                   0 0 0 0 1A1   10F2325         9F1  1     445335857348 71212    63.0   57.0
 61 6102.866200 5.910E-26 0.000E+00.05980.075  815.00000.75-.012206                                                            34443285735217 1 7     0.0    0.0
 61 6102.878900 8.180E-26 0.000E+00.05980.075  815.00000.75-.012206                                                            34443285735217 1 7     0.0    0.0
 61 6102.929200 3.290E-26 0.000E+00.05980.075  815.00000.75-.012206                                                            34443285735217 1 7     0.0    0.0
 61 6103.023291 9.740E-24 1.348E-02.06010.077  157.13000.99-.012400                   0 0 0 0 1A1    6E 137         5E   1     445335857348 71212    26.0   22.0
 61 6103.058807 3.600E-25 0.000E+00.05750.077  815.00000.85-.012200                                                            3453328573481110 7     0.0    0.0
 61 6103.085400 3.560E-26 0.000E+00.05980.075  815.00000.75-.012206                                                            34443285735217 1 7     0.0    0.0
 61 6103.106000 3.380E-26 0.000E+00.05980.075  815.00000.75-.012206                                                            34443285735217 1 7     0.0    0.0
 61 6103.127900 3.860E-26 0.000E+00.05980.075  815.00000.75-.012206                                                            34443285735217 1 7     0.0    0.0
 61 6103.146500 1.480E-25 0.000E+00.05980.075  815.00000.75-.012206                                                            34443285735217 1 7     0.0    0.0
 61 6103.167500 6.880E-26 0.000E+00.05980.075  815.00000.75-.012206                                                            34443285735217 1 7     0.0    0.0
 61 6103.190400 7.100E-26 0.000E+00.05980.075  815.00000.75-.012206                                                            34443285735217 1 7     0.0    0.0
 61 6103.208500 7.010E-26 0.000E+00.05980.075  815.00000.75-.012206                                                            34443285735217 1 7     0.0    0.0
 61 6103.229000 3.810E-26 0.000E+00.05980.075  815.00000.75-.012206                                                            34443285735217 1 7     0.0    0.0
 61 6103.250500 5.280E-26 0.000E+00.05980.075  815.00000.75-.012207                                                            34443285735217 1 7     0.0    0.0
 61 6103.268100 7.870E-26 0.000E+00.05980.075  815.00000.75-.012207                                                            34443285735217 1 7     0.0    0.0
 61 6103.313185 1.200E-23 1.108E-02.06460.077  157.12000.87-.015000                   0 0 0 0 1A1    6F1199         5F2  1     445335857348 71212    39.0   33.0
 61 6103.345200 5.300E-26 0.000E+00.05980.075  815.00000.75-.012207                                                            34443285735217 1 7     0.0    0.0
 61 6103.409200 3.370E-26 0.000E+00.05980.075  815.00000.75-.012207                                                            34443285735217 1 7     0.0    0.0
 61 6103.424800 3.810E-26 0.000E+00.05980.075  815.00000.75-.012207                                                            34443285735217 1 7     0.0    0.0
 61 6103.451200 5.460E-26 0.000E+00.05980.075  815.00000.75-.012207                                                            34443285735217 1 7     0.0    0.0
 61 6103.469200 7.360E-26 0.000E+00.05980.075  815.00000.75-.012207                                                            34443285735217 1 7     0.0    0.0
 61 6103.480500 5.850E-26 0.000E+00.05980.075  815.00000.75-.012207                                                            34443285735217 1 7     0.0    0.0
 61 6103.498100 2.310E-25 0.000E+00.06000.077  815.00000.85-.012200                                                            3433328573421110 7     0.0    0.0
 61 6103.586900 1.010E-25 0.000E+00.05980.075  815.00000.75-.012207                                                            34443285735217 1 7     0.0    0.0
 61 6103.606500 1.040E-25 0.000E+00.05980.075  815.00000.75-.012207                                                            34443285735217 1 7     0.0    0.0
 61 6103.729500 5.130E-26 0.000E+00.05980.075  815.00000.75-.012207                                                            34443285735217 1 7     0.0    0.0
 61 6103.745100 1.410E-25 0.000E+00.05980.075  815.00000.75-.012207                                                            34443285735217 1 7     0.0    0.0
 61 6103.768500 3.010E-26 0.000E+00.05980.075  815.00000.75-.012208                                                            34443285735217 1 7     0.0    0.0
 61 6103.794900 2.140E-26 1.805E-05.06610.083   62.87000.75-.012208                   0 0 0 0 1A1    4F2            3F1        34553285735217 1 7    27.0   21.0
 61 6103.816400 1.120E-25 0.000E+00.05980.075  815.00000.75-.012208                                                            34443285735217 1 7     0.0    0.0
 61 6103.852961 1.430E-24 0.000E+00.05680.077  575.22000.85-.012200                                                            4453328573481110 7     0.0    0.0
 61 6103.880400 5.480E-26 0.000E+00.05980.075  815.00000.75-.012208                                                            34443285735217 1 7     0.0    0.0
 61 6103.909074 4.400E-25 0.000E+00.06000.077  815.00000.85-.012200                                                            3433328573421110 7     0.0    0.0
 61 6103.932604 4.070E-25 0.000E+00.06000.077  815.00000.85-.012200                                                            3433328573421110 7     0.0    0.0
 61 6103.968700 2.870E-25 0.000E+00.06000.077  815.00000.85-.012200                                                            3433328573421110 7     0.0    0.0
 61 6103.988800 3.010E-25 0.000E+00.06000.077  815.00000.85-.012200                                                            3433328573421110 7     0.0    0.0
 61 6104.011200 1.130E-25 0.000E+00.05980.075  815.00000.75-.012208                                                            34443285735217 1 7     0.0    0.0
 61 6104.027800 7.210E-26 0.000E+00.05980.075  815.00000.75-.012208                                                            34443285735217 1 7     0.0    0.0
 61 6104.044900 1.490E-25 0.000E+00.05980.075  815.00000.75-.012208                                                            34443285735217 1 7     0.0    0.0
 61 6104.064400 6.810E-26 0.000E+00.05980.075  815.00000.75-.012208                                                            34443285735217 1 7     0.0    0.0
 61 6104.087533 4.690E-25 0.000E+00.06000.077  575.22000.85-.012200                                                            3433328573421110 7     0.0    0.0
 61 6104.106000 6.240E-26 0.000E+00.05980.075  815.00000.75-.012208                                                            34443285735217 1 7     0.0    0.0
 61 6104.127400 2.930E-25 0.000E+00.05980.075  815.00000.75-.012208                                                            34443285735217 1 7     0.0    0.0
 61 6104.145532 3.070E-25 2.589E-04.06580.079   62.87000.73-.012200                   0 0 0 0 1A1    4F1142         3F2  1     345332857348 7 1 7    27.0   21.0
 61 6104.172400 7.780E-26 0.000E+00.05980.075  815.00000.75-.012208                                                            34443285735217 1 7     0.0    0.0
 61 6104.185071 4.510E-25 0.000E+00.05980.075  815.00000.75-.012208                                                            34443285735217 1 7     0.0    0.0
 61 6104.203237 6.510E-25 0.000E+00.05980.075  815.00000.75-.012208                                                            44443285735217 1 7     0.0    0.0
 61 6104.227500 4.120E-26 0.000E+00.05980.075  815.00000.75-.012208                                                            34443285735217 1 7     0.0    0.0
 61 6104.271300 1.640E-25 1.514E-04.06530.077  157.13000.85-.012200                   0 0 0 0 1A1    6F2            5F1        3453328573481110 7    39.0   33.0
 61 6104.275745 1.240E-24 0.000E+00.05980.075  814.64000.75-.012209                                                            44443285735217 1 7     0.0    0.0
 61 6104.284937 8.870E-24 8.189E-03.06790.077  157.12000.72-.012200                   0 0 0 0 1A1    6F2208         5F1  1     445332857348 7 1 7    39.0   33.0
 61 6104.341070 4.810E-25 0.000E+00.05460.077  815.00000.85-.012200                                                            3453328573481110 7     0.0    0.0
 61 6104.372600 5.110E-25 0.000E+00.05980.075  815.00000.75-.012209                                                            45443285735217 1 7     0.0    0.0
 61 6104.482509 2.650E-25 2.235E-04.06580.079   62.87000.73-.012200                   0 0 0 0 1A1    4F2150         3F1  1     345332857348 7 1 7    27.0   21.0
 61 6104.538500 1.600E-26 1.350E-05.06510.082   62.87000.75-.012209                   0 0 0 0 1A1    4F1            3F2        34663285735217 1 7    27.0   21.0
 61 6104.580453 1.490E-24 0.000E+00.05510.071  575.22000.85-.012200                                                            4453328573481110 7     0.0    0.0
 61 6104.613300 1.520E-25 0.000E+00.05980.075  815.00000.75-.012209                                                            34443285735217 1 7     0.0    0.0
 61 6104.634367 4.360E-25 0.000E+00.06000.077  815.00000.85-.012200                                                            3433328573421110 7     0.0    0.0
 61 6104.654300 3.550E-26 0.000E+00.05980.075  815.00000.75-.012209                                                            34443285735217 1 7     0.0    0.0
 61 6104.675800 2.650E-26 0.000E+00.05980.075  815.00000.75-.012209                                                            34443285735217 1 7     0.0    0.0
 61 6104.692900 7.950E-26 0.000E+00.05980.075  815.00000.75-.012209                                                            34443285735217 1 7     0.0    0.0
 61 6104.721200 1.960E-25 0.000E+00.06000.077  815.00000.85-.012200                                                            3433328573421110 7     0.0    0.0
 61 6104.730000 7.120E-26 0.000E+00.05980.075  815.00000.75-.012209                                                            34443285735217 1 7     0.0    0.0
 61 6104.750062 3.330E-25 4.613E-04.06410.077  157.13000.72-.012200                   0 0 0 0 1A1    6E 138         5E   1     345332857348 7 1 7    26.0   22.0
 61 6104.785600 4.610E-26 0.000E+00.05980.075  815.00000.75-.012210                                                            34443285735217 1 7     0.0    0.0
 61 6104.808014 6.960E-25 0.000E+00.06000.077  575.22000.85-.012200                                                            4433328573421110 7     0.0    0.0
 61 6104.810317 2.150E-25 1.985E-04.06410.077  157.12000.72-.012200                   0 0 0 0 1A1    6F1200         5F2  1     345332857348 7 1 7    39.0   33.0
 61 6104.822800 2.200E-25 0.000E+00.05980.075  815.00000.75-.012210                                                            34443285735217 1 7     0.0    0.0
 61 6104.826703 3.120E-25 0.000E+00.05980.075  815.00000.75-.012210                                                            34443285735217 1 7     0.0    0.0
 61 6104.858400 3.730E-26 0.000E+00.05980.075  815.00000.75-.012210                                                            34443285735217 1 7     0.0    0.0
 61 6104.876500 2.170E-25 0.000E+00.06000.077  815.00000.85-.012200                                                            3433328573421110 7     0.0    0.0
 61 6104.968300 6.910E-26 0.000E+00.05980.075  815.00000.75-.012210                                                            34443285735217 1 7     0.0    0.0
 61 6104.990180 3.520E-24 1.782E-03.06450.079   62.87000.73-.012200                   0 0 0 0 1A1    4A1 54         3A2  1     445332857348 7 1 7    45.0   35.0
 61 6105.010700 1.580E-25 0.000E+00.05980.075  815.00000.75-.012210                                                            34443285735217 1 7     0.0    0.0
 61 6105.024400 7.350E-26 0.000E+00.05980.075  815.00000.75-.012210                                                            34443285735217 1 7     0.0    0.0
 61 6105.148900 6.920E-26 0.000E+00.05980.075  815.00000.75-.012210                                                            34443285735217 1 7     0.0    0.0
 61 6105.182600 4.530E-26 0.000E+00.05980.075  815.00000.75-.012210                                                            34443285735217 1 7     0.0    0.0
 61 6105.217300 5.870E-26 0.000E+00.05980.075  815.00000.75-.012210                                                            34443285735217 1 7     0.0    0.0
 61 6105.263200 7.830E-26 0.000E+00.05980.075  815.00000.75-.012211                                                            34443285735217 1 7     0.0    0.0
 61 6105.298300 7.460E-26 0.000E+00.05980.075  815.00000.75-.012211                                                            34443285735217 1 7     0.0    0.0
 61 6105.364133 2.970E-24 2.506E-03.06450.079   62.87000.73-.012200                   0 0 0 0 1A1    4F1145         3F2  1     445332857348 7 1 7    27.0   21.0
 61 6105.372496 4.050E-24 3.417E-03.06450.079   62.87000.73-.012200                   0 0 0 0 1A1    4F2151         3F1  1     445332857348 7 1 7    27.0   21.0
 61 6105.409800 2.100E-25 0.000E+00.05980.075  815.00000.75-.012211                                                            34443285735217 1 7     0.0    0.0
 61 6105.482764 1.350E-24 0.000E+00.06000.077  439.72000.85-.012200                                                            4433328573421110 7     0.0    0.0
 61 6105.494916 3.150E-25 8.276E-04.04980.063  470.85000.75-.012211                   0 0 0 0 1A1   10F2            9F1        34443285735217 1 7    63.0   57.0
 61 6105.538003 3.890E-25 1.022E-03.05710.073  470.80000.65-.012200                   0 0 0 0 1A1   10F2327         9F1  2     345332857348 7 1 7    63.0   57.0
 61 6105.618932 4.950E-24 0.000E+00.05980.075  445.55110.75-.012211                                                            44443285735217 1 7     0.0    0.0
 61 6105.624327 3.400E-22 8.927E-01.04770.073  470.71000.65-.019040                   0 0 0 0 1A1   10F2327         9F1  1     437334867457 7 118    63.0   57.0
 61 6105.625798 3.170E-22 8.323E-01.05280.073  470.71000.65-.019040                   0 0 0 0 1A1   10F1320         9F2  1     437334867457 7 118    63.0   57.0
 61 6105.632276 5.720E-24 0.000E+00.05980.075  476.50570.75-.012211                                                            44443285735217 1 7     0.0    0.0
 61 6105.661783 2.100E-24 0.000E+00.05460.077  554.43340.85-.012200                                                            4453328573481110 7     0.0    0.0
 61 6105.738177 6.600E-25 0.000E+00.06000.077  815.00000.85-.012200                                                            4433328573421110 7     0.0    0.0
 61 6105.863300 8.230E-26 0.000E+00.05980.075  815.00000.75-.012212                                                            34443285735217 1 7     0.0    0.0
 61 6105.893500 9.780E-26 0.000E+00.05980.075  815.00000.75-.012212                                                            34443285735217 1 7     0.0    0.0
 61 6105.993123 1.290E-23 3.390E-02.06300.073  470.85000.85-.000609                   0 0 0 0 1A1   10F2            9F1  3     437335867458111019    63.0   57.0
 61 6106.036582 2.040E-22 8.039E-01.04910.073  470.79000.65-.015620                   0 0 0 0 1A1   10E 218         9E   1     438334867457 7 118    42.0   38.0
 61 6106.042878 2.930E-22 7.697E-01.06760.085  470.80000.75-.019040                   0 0 0 0 1A1   10F2            9F1  2     43233486745721 118    63.0   57.0
 61 6106.043392 7.710E-23 3.916E-02.04240.078  104.77000.720.012779                   0 0 0 0 1A1    5A2 61         4A1  1     437335867458 7 119    55.0   45.0
 61 6106.050522 5.120E-22 8.072E-01.05410.073  470.83000.65-.020070                   0 0 0 0 1A1   10A2            9A1  1     458334867457 7 118   105.0   95.0
 61 6106.192983 4.470E-23 3.735E-02.05420.078  102.10800.72-.008815                   0 0 0 0 1A1    5F2171         4F1  1     447335867458 7 119    33.0   27.0
 61 6106.219345 2.850E-22 7.489E-01.05450.073  470.85001.53-.019040                   0 0 0 0 1A1   10F2329         9F1  3     468334867457 71218    63.0   57.0
 61 6106.250676 2.960E-22 7.779E-01.05130.073  470.86000.32-.019040                   0 0 0 0 1A1   10F1321         9F2  2     468334867457 71218    63.0   57.0
 61 6106.269091 1.050E-23 0.000E+00.10580.075  467.57130.75-.000587                                                            43743586745817 119     0.0    0.0
 61 6106.282910 4.940E-22 7.790E-01.05430.073  470.87000.57-.020070                   0 0 0 0 1A1   10A1112         9A2  1     468334867457 71218   105.0   95.0
 61 6106.297921 2.780E-23 3.530E-02.06040.078  104.77000.72-.010183                   0 0 0 0 1A1    5E 115         4E   1     437335867458 7 119    22.0   18.0
 61 6106.359687 6.010E-25 0.000E+00.05980.075  815.00000.75-.012213                                                            44443285735217 1 7     0.0    0.0
 61 6106.514623 7.620E-25 0.000E+00.06000.077  815.00000.85-.012200                                                            4433328573421110 7     0.0    0.0
 61 6106.534263 3.600E-25 0.000E+00.06000.077  815.00000.85-.012200                                                            3433328573421110 7     0.0    0.0
 61 6106.549300 9.080E-26 0.000E+00.05980.075  815.00000.75-.012213                                                            34443285735217 1 7     0.0    0.0
 61 6106.637200 8.880E-26 0.000E+00.05980.075  815.00000.75-.012213                                                            34443285735217 1 7     0.0    0.0
 61 6106.684100 8.910E-26 0.000E+00.05980.075  815.00000.75-.012213                                                            34443285735217 1 7     0.0    0.0
 61 6106.760300 1.330E-25 0.000E+00.05980.075  815.00000.75-.012214                                                            34443285735217 1 7     0.0    0.0
 61 6106.816001 7.330E-25 0.000E+00.05460.077  815.00000.85-.012200                                                            4453328573481110 7     0.0    0.0
 61 6106.838400 1.290E-25 0.000E+00.05980.075  815.00000.75-.012214                                                            34443285735217 1 7     0.0    0.0
 61 6106.856000 2.670E-26 0.000E+00.05980.075  815.00000.75-.012214                                                            34443285735217 1 7     0.0    0.0
 61 6106.879900 3.460E-26 0.000E+00.05980.075  815.00000.75-.012214                                                            34443285735217 1 7     0.0    0.0
 61 6106.893968 7.380E-25 0.000E+00.05460.077  815.00000.85-.012200                                                            4453328573481110 7     0.0    0.0
 61 6106.910600 2.520E-26 0.000E+00.05980.075  815.00000.75-.012214                                                            34443285735217 1 7     0.0    0.0
 61 6106.975600 1.680E-25 0.000E+00.05980.075  815.00000.75-.012214                                                            34443285735217 1 7     0.0    0.0
 61 6107.037100 1.160E-25 0.000E+00.05980.075  815.00000.75-.012214                                                            34443285735217 1 7     0.0    0.0
 61 6107.053200 4.890E-26 0.000E+00.05980.075  815.00000.75-.012214                                                            34443285735217 1 7     0.0    0.0
 61 6107.111300 1.140E-25 0.000E+00.05980.075  815.00000.75-.012214                                                            34443285735217 1 7     0.0    0.0
 61 6107.166617 4.800E-23 4.065E-02.06510.078  104.78000.87-.009800                   0 0 0 0 1A1    5F1179         4F2  1     445335857348 71212    33.0   27.0
 61 6107.270500 1.010E-25 0.000E+00.05980.075  815.00000.75-.012215                                                            34443285735217 1 7     0.0    0.0
 61 6107.310600 3.520E-26 0.000E+00.05980.075  815.00000.75-.012215                                                            34443285735217 1 7     0.0    0.0
 61 6107.395000 3.080E-25 0.000E+00.06000.077  815.00000.85-.012200                                                            3433328573421110 7     0.0    0.0
 61 6107.488304 6.750E-25 0.000E+00.05980.075  231.62000.75-.012215                                                            44443285735217 1 7     0.0    0.0
 61 6107.500500 1.810E-25 0.000E+00.05980.075  815.00000.75-.012215                                                            34443285735217 1 7     0.0    0.0
 61 6107.611800 4.850E-26 0.000E+00.05980.075  815.00000.75-.012215                                                            34443285735217 1 7     0.0    0.0
 61 6107.622100 5.030E-26 0.000E+00.05980.075  815.00000.75-.012215                                                            34443285735217 1 7     0.0    0.0
 61 6107.656200 6.090E-26 0.000E+00.05980.075  815.00000.75-.012215                                                            34443285735217 1 7     0.0    0.0
 61 6107.671400 1.620E-26 0.000E+00.05980.075  815.00000.75-.012215                                                            34443285735217 1 7     0.0    0.0
 61 6107.793500 1.220E-25 0.000E+00.05650.071  815.00000.85-.012200                                                            3433328573421110 7     0.0    0.0
 61 6107.809100 1.180E-25 0.000E+00.06000.077  815.00000.85-.012200                                                            3433328573421110 7     0.0    0.0
 61 6107.829600 9.510E-26 0.000E+00.05980.075  815.00000.75-.012216                                                            34443285735217 1 7     0.0    0.0
 61 6107.894500 1.250E-25 0.000E+00.05980.075  815.00000.75-.012216                                                            34443285735217 1 7     0.0    0.0
 61 6107.920400 3.100E-26 0.000E+00.05980.075  815.00000.75-.012216                                                            34443285735217 1 7     0.0    0.0
 61 6107.974100 1.460E-25 0.000E+00.05980.075  815.00000.75-.012216                                                            34443285735217 1 7     0.0    0.0
 61 6107.983400 5.690E-26 0.000E+00.05980.075  815.00000.75-.012216                                                            34443285735217 1 7     0.0    0.0
 61 6108.025400 6.680E-26 0.000E+00.05980.075  815.00000.75-.012216                                                            34443285735217 1 7     0.0    0.0
 61 6108.064966 1.280E-24 0.000E+00.05680.077  581.12000.85-.012200                                                            4453328573481110 7     0.0    0.0
 61 6108.103623 6.160E-25 0.000E+00.05680.077  619.16000.85-.012200                                                            4453328573481110 7     0.0    0.0
 61 6108.129900 4.050E-26 0.000E+00.05980.075  815.00000.75-.012216                                                            34443285735217 1 7     0.0    0.0
 61 6108.151400 5.060E-26 0.000E+00.05980.075  815.00000.75-.012216                                                            34443285735217 1 7     0.0    0.0
 61 6108.167500 5.760E-26 0.000E+00.05980.075  815.00000.75-.012216                                                            34443285735217 1 7     0.0    0.0
 61 6108.186000 3.900E-26 0.000E+00.05980.075  815.00000.75-.012216                                                            34443285735217 1 7     0.0    0.0
 61 6108.206900 9.110E-26 0.000E+00.05980.075  814.64000.75-.012216                                                            34443285735217 1 7     0.0    0.0
 61 6108.209504 4.510E-25 3.809E-04.06580.079   62.87000.73-.012200                   0 0 0 0 1A1    4F2152         3F1  1     345332857348 7 1 7    27.0   21.0
 61 6108.231500 9.410E-26 0.000E+00.05980.075  815.00000.75-.012216                                                            34443285735217 1 7     0.0    0.0
 61 6108.252900 3.680E-26 0.000E+00.05980.075  815.00000.75-.012217                                                            34443285735217 1 7     0.0    0.0
 61 6108.271000 6.240E-26 0.000E+00.05980.075  815.00000.75-.012217                                                            34443285735217 1 7     0.0    0.0
 61 6108.283700 2.490E-25 0.000E+00.05560.077  575.22000.85-.012200                                                            3453328573481110 7     0.0    0.0
 61 6108.324968 1.200E-24 2.869E-03.05390.070  575.05000.64-.012200                   0 0 0 0 1A1   11A1111        10A2  1     445332857348 7 1 7   115.0  105.0
 61 6108.347700 6.660E-26 0.000E+00.05980.075  815.00000.75-.012217                                                            34443285735217 1 7     0.0    0.0
 61 6108.368700 2.900E-26 0.000E+00.05980.075  815.00000.75-.012217                                                            34443285735217 1 7     0.0    0.0
 61 6108.400161 5.810E-25 2.315E-03.05530.070  575.05000.64-.012200                   0 0 0 0 1A1   11F1350        10F2  1     445332857348 7 1 7    69.0   63.0
 61 6108.541500 1.550E-26 0.000E+00.05980.075  815.00000.75-.012217                                                            34443285735217 1 7     0.0    0.0
 61 6108.558600 3.690E-26 0.000E+00.05980.075  815.00000.75-.012217                                                            34443285735217 1 7     0.0    0.0
 61 6108.674300 1.840E-26 0.000E+00.05980.075  815.00000.75-.012217                                                            34443285735217 1 7     0.0    0.0
 61 6108.711400 1.620E-26 0.000E+00.05980.075  815.00000.75-.012217                                                            34443285735217 1 7     0.0    0.0
 61 6108.776400 3.010E-25 0.000E+00.06000.077  815.00000.85-.012200                                                            3433328573421110 7     0.0    0.0
 61 6108.797800 1.450E-26 0.000E+00.05980.075  815.00000.75-.012218                                                            34443285735217 1 7     0.0    0.0
 61 6108.820300 2.180E-26 0.000E+00.05980.075  815.00000.75-.012218                                                            34443285735217 1 7     0.0    0.0
 61 6108.851142 2.890E-25 0.000E+00.05980.075  169.80000.75-.012218                                                            34443285735217 1 7     0.0    0.0
 61 6108.908200 4.270E-26 0.000E+00.05980.075  815.00000.75-.012218                                                            34443285735217 1 7     0.0    0.0
 61 6108.920400 5.680E-26 0.000E+00.05980.075  815.00000.75-.012218                                                            34443285735217 1 7     0.0    0.0
 61 6108.936000 4.160E-26 0.000E+00.05980.075  815.00000.75-.012218                                                            34443285735217 1 7     0.0    0.0
 61 6108.964400 3.140E-26 0.000E+00.05980.075  815.00000.75-.012218                                                            34443285735217 1 7     0.0    0.0
 61 6108.991700 1.650E-26 0.000E+00.05980.075  815.00000.75-.012218                                                            34443285735217 1 7     0.0    0.0
 61 6109.024900 4.490E-26 0.000E+00.05980.075  815.00000.75-.012218                                                            34443285735217 1 7     0.0    0.0
 61 6109.039799 2.980E-25 0.000E+00.06000.077  815.00000.85-.012200                                                            3433328573421110 7     0.0    0.0
 61 6109.061500 3.330E-26 0.000E+00.05980.075  815.00000.75-.012218                                                            34443285735217 1 7     0.0    0.0
 61 6109.095200 1.800E-26 0.000E+00.05980.075  815.00000.75-.012218                                                            34443285735217 1 7     0.0    0.0
 61 6109.117200 1.150E-26 0.000E+00.05980.075  815.00000.75-.012218                                                            34443285735217 1 7     0.0    0.0
 61 6109.169000 1.690E-25 0.000E+00.06140.077  815.00000.85-.012200                                                            3453328573481110 7     0.0    0.0
 61 6109.204608 1.570E-24 1.330E-03.06430.078  104.77000.72-.012200                   0 0 0 0 1A1    5F2172         4F1  1     445332857348 7 1 7    33.0   27.0
 61 6109.220200 1.930E-25 0.000E+00.05980.075  815.00000.75-.012218                                                            34443285735217 1 7     0.0    0.0
 61 6109.259716 6.880E-25 1.647E-03.05290.070  575.22000.64-.012200                   0 0 0 0 1A1   11A2120        10A1  1     445332857348 7 1 7   115.0  105.0
 61 6109.348600 4.210E-26 0.000E+00.05980.075  815.00000.75-.012219                                                            34443285735217 1 7     0.0    0.0
 61 6109.390600 2.760E-26 0.000E+00.05980.075  815.00000.75-.012219                                                            34443285735217 1 7     0.0    0.0
 61 6109.438500 8.860E-27 0.000E+00.05980.075  815.00000.75-.012219                                                            34443285735217 1 7     0.0    0.0
 61 6109.592240 2.660E-24 3.381E-03.06430.078  104.77000.72-.012200                   0 0 0 0 1A1    5E 116         4E   1     445332857348 7 1 7    22.0   18.0
 61 6109.721121 3.710E-23 3.135E-02.06780.079   62.87000.89-.007700    0 2 1 0  F2    0 0 0 0 1A1    4F2            3F1  1     445335857348 71212    27.0   21.0
 61 6109.777800 4.450E-26 0.000E+00.05980.075  815.00000.75-.012220                                                            34443285735217 1 7     0.0    0.0
 61 6109.823700 1.450E-25 0.000E+00.05980.075  815.00000.75-.012220                                                            34443285735217 1 7     0.0    0.0
 61 6109.881725 4.120E-23 3.481E-02.06590.079   62.87000.85-.013200                   0 0 0 0 1A1    4F1146         3F2  1     445335857348 71212    27.0   21.0
 61 6109.946600 2.250E-26 0.000E+00.05980.075  815.00000.75-.012220                                                            34443285735217 1 7     0.0    0.0
 61 6109.989200 6.490E-26 0.000E+00.05980.075   37.70000.75-.012220                                                            34443285735217 1 7     0.0    0.0
 61 6110.035588 8.110E-23 4.112E-02.06340.079   62.87000.83-.009000    0 2 1 0  F2    0 0 0 0 1A1    4A1            3A2  1     445335857348 71212    45.0   35.0
 61 6110.065813 1.200E-24 0.000E+00.05980.075  699.73760.75-.012220                                                            44443285735217 1 7     0.0    0.0
 61 6110.077487 2.060E-24 2.241E-03.06240.077  219.94000.70-.012200                   0 0 0 0 1A1    7F2231         6F1  1     445332857348 7 1 7    45.0   39.0
 61 6110.152817 4.220E-24 4.591E-03.06240.077  219.93000.70-.012200                   0 0 0 0 1A1    7F1237         6F2  2     445332857348 7 1 7    45.0   39.0
 61 6110.175755 5.210E-25 5.668E-04.06240.077  219.91000.70-.012200                   0 0 0 0 1A1    7F1237         6F2  1     445332857348 7 1 7    45.0   39.0
 61 6110.268500 1.490E-25 0.000E+00.05980.075  815.00000.75-.012221                                                            34443285735217 1 7     0.0    0.0
 61 6110.285200 3.000E-26 0.000E+00.05980.075  815.00000.75-.012221                                                            34443285735217 1 7     0.0    0.0
 61 6110.308100 3.750E-26 0.000E+00.05980.075  815.00000.75-.012221                                                            34443285735217 1 7     0.0    0.0
 61 6110.356900 2.310E-25 0.000E+00.06000.077  815.00000.85-.012200                                                            3433328573421110 7     0.0    0.0
 61 6110.405300 5.290E-26 0.000E+00.05980.075  815.00000.75-.012221                                                            34443285735217 1 7     0.0    0.0
 61 6110.432600 9.560E-26 0.000E+00.05980.075  815.00000.75-.012221                                                            34443285735217 1 7     0.0    0.0
 61 6110.563000 4.730E-26 0.000E+00.05980.075  815.00000.75-.012221                                                            34443285735217 1 7     0.0    0.0
 61 6110.590300 2.860E-26 0.000E+00.05980.075  815.00000.75-.012221                                                            34443285735217 1 7     0.0    0.0
 61 6110.635300 4.390E-26 0.000E+00.05980.075  815.00000.75-.012221                                                            34443285735217 1 7     0.0    0.0
 61 6110.648400 4.080E-26 0.000E+00.05980.075  815.00000.75-.012221                                                            34443285735217 1 7     0.0    0.0
 61 6110.672400 4.770E-26 0.000E+00.05980.075  815.00000.75-.012221                                                            34443285735217 1 7     0.0    0.0
 61 6110.698700 3.860E-26 0.000E+00.05980.075  815.00000.75-.012221                                                            34443285735217 1 7     0.0    0.0
 61 6110.770500 6.350E-26 0.000E+00.05980.075  815.00000.75-.012222                                                            34443285735217 1 7     0.0    0.0
 61 6110.792000 3.600E-26 0.000E+00.05980.075  815.00000.75-.012222                                                            34443285735217 1 7     0.0    0.0
 61 6110.849600 2.040E-25 0.000E+00.05980.075  815.00000.75-.012222                                                            34443285735217 1 7     0.0    0.0
 61 6110.888858 4.140E-25 6.757E-04.06270.077  219.91000.70-.012200                   0 0 0 0 1A1    7E 155         6E   1     345332857348 7 1 7    30.0   26.0
 61 6110.912100 6.130E-26 0.000E+00.05980.075  815.00000.75-.012222                                                            34443285735217 1 7     0.0    0.0
 61 6110.960517 1.260E-24 1.371E-03.06240.077  219.94000.70-.012200                   0 0 0 0 1A1    7F2232         6F1  1     445332857348 7 1 7    45.0   39.0
 61 6110.963900 1.500E-25 0.000E+00.05980.075  228.40000.75-.012222                                                            34443285735217 1 7     0.0    0.0
 61 6110.979000 1.320E-25 0.000E+00.05980.075  815.00000.75-.012222                                                            34443285735217 1 7     0.0    0.0
 61 6111.010700 1.230E-25 0.000E+00.05980.075  815.00000.75-.012222                                                            34443285735217 1 7     0.0    0.0
 61 6111.076700 2.980E-26 0.000E+00.05980.075  815.00000.75-.012222                                                            34443285735217 1 7     0.0    0.0
 61 6111.103000 1.430E-26 0.000E+00.05980.075  815.00000.75-.012222                                                            34443285735217 1 7     0.0    0.0
 61 6111.126500 1.100E-25 0.000E+00.05980.075  815.00000.75-.012222                                                            34443285735217 1 7     0.0    0.0
 61 6111.144500 1.150E-25 0.000E+00.05980.075  815.00000.75-.012222                                                            34443285735217 1 7     0.0    0.0
 61 6111.159380 1.630E-24 1.382E-03.06530.078  104.77000.72-.012200                   0 0 0 0 1A1    5F2173         4F1  1     445332857348 7 1 7    33.0   27.0
 61 6111.257031 9.670E-25 1.230E-03.06430.078  104.77000.72-.012200                   0 0 0 0 1A1    5E 117         4E   1     445332857348 7 1 7    22.0   18.0
 61 6111.296503 5.170E-25 4.384E-04.06430.078  104.78000.72-.012200                   0 0 0 0 1A1    5F1181         4F2  1     445332857348 7 1 7    33.0   27.0
 61 6111.371900 2.550E-26 0.000E+00.05980.075  815.00000.75-.012223                                                            34443285735217 1 7     0.0    0.0
 61 6111.443400 1.530E-26 0.000E+00.05980.075  815.00000.75-.012223                                                            34443285735217 1 7     0.0    0.0
 61 6111.467900 2.350E-26 0.000E+00.05980.075  815.00000.75-.012223                                                            34443285735217 1 7     0.0    0.0
 61 6111.504800 7.490E-27 0.000E+00.05980.075  815.00000.75-.012223                                                            34443285735217 1 7     0.0    0.0
 61 6111.546400 3.150E-26 0.000E+00.05980.075  815.00000.75-.012223                                                            34443285735217 1 7     0.0    0.0
 61 6111.564000 5.560E-26 0.000E+00.05980.075  815.00000.75-.012223                                                            34443285735217 1 7     0.0    0.0
 61 6111.624235 1.120E-24 0.000E+00.05460.077  815.00000.85-.012200                                                            4453328573481110 7     0.0    0.0
 61 6111.685100 4.790E-26 0.000E+00.05980.075  815.00000.75-.012223                                                            34443285735217 1 7     0.0    0.0
 61 6111.696800 7.490E-26 0.000E+00.05980.075  815.00000.75-.012223                                                            34443285735217 1 7     0.0    0.0
 61 6111.781974 1.890E-24 0.000E+00.05460.077  614.39680.85-.012200                                                            4453328573481110 7     0.0    0.0
 61 6111.799464 5.760E-24 5.271E-03.06450.079   79.14380.73-.012200                   0 0 0 0 1A1    4F1147         3F2  1     445332857348 7 1 7    27.0   21.0
 61 6111.897900 1.400E-25 0.000E+00.05980.075  815.00000.75-.012224                                                            34443285735217 1 7     0.0    0.0
 61 6111.919900 1.400E-25 0.000E+00.05980.075  815.00000.75-.012224                                                            34443285735217 1 7     0.0    0.0
 61 6111.951147 2.230E-24 0.000E+00.05680.077  575.22000.85-.012200                                                            4453328573481110 7     0.0    0.0
 61 6111.972510 4.150E-24 0.000E+00.04830.070  614.25000.64-.012200                   0 0 0 0 1A1                  10          445332857348 7 1 7     0.0    0.0
 61 6112.013781 1.600E-24 0.000E+00.05980.075 1015.02050.75-.012224                                                            44443285735217 1 7     0.0    0.0
 61 6112.018045 4.500E-23 2.939E-02.06280.077  219.94000.89-.008200                   0 0 0 0 1A1    7A2 82         6A1  1     445335857348 71212    75.0   65.0
 61 6112.047641 2.600E-24 0.000E+00.05460.077  593.42460.85-.012200                                                            4453328573481110 7     0.0    0.0
 61 6112.062750 1.210E-24 0.000E+00.05460.077  596.61490.85-.012200                                                            4453328573481110 7     0.0    0.0
 61 6112.082000 2.160E-25 0.000E+00.05980.075  815.00000.75-.012224                                                            34443285735217 1 7     0.0    0.0
 61 6112.115700 8.400E-26 0.000E+00.05980.075  815.00000.75-.012224                                                            34443285735217 1 7     0.0    0.0
 61 6112.139027 3.640E-24 0.000E+00.05510.071  556.41000.85-.012200                                                            4453328573481110 7     0.0    0.0
 61 6112.171732 6.400E-24 0.000E+00.05510.070  575.22000.64-.012200                   0 0 0 0 1A1                  10A1  1     445332857348 7 1 7     0.0    0.0
 61 6112.193431 1.810E-24 0.000E+00.05680.077  575.22000.85-.012200                                                            4453328573481110 7     0.0    0.0
 61 6112.223100 2.960E-26 0.000E+00.05980.075  815.00000.75-.012224                                                            34443285735217 1 7     0.0    0.0
 61 6112.243200 1.050E-25 0.000E+00.05980.075  815.00000.75-.012224                                                            34443285735217 1 7     0.0    0.0
 61 6112.265100 1.500E-25 0.000E+00.05980.075  815.00000.75-.012225                                                            34443285735217 1 7     0.0    0.0
 61 6112.288568 7.080E-24 0.000E+00.05510.070  576.68630.64-.012200                   0 0 0 0 1A1                  10A1  1     445332857348 7 1 7     0.0    0.0
 61 6112.314256 1.020E-23 0.000E+00.05290.071  575.22000.85-.012200                                                            4453328573481110 7     0.0    0.0
 61 6112.323869 2.140E-23 2.330E-02.06430.077  219.94000.70-.012200    0 0 2 0  E     0 0 0 0 1A1    7F2            6F1  1     445332857348 7 1 7    45.0   39.0
 61 6112.346440 1.800E-24 9.161E-04.06430.078  104.77000.72-.012200                   0 0 0 0 1A1    5A2 62         4A1  1     445332857348 7 1 7    55.0   45.0
 61 6112.359118 2.550E-23 6.104E-02.05570.070  575.05000.64-.012200                   0 0 0 0 1A1   11A1112        10A2  1     445332857348 7 1 7   115.0  105.0
 61 6112.371630 7.150E-25 0.000E+00.05750.077  463.17570.85-.012200                                                            4453328573481110 7     0.0    0.0
 61 6112.394600 3.130E-25 0.000E+00.05980.075  815.00000.75-.012225                                                            34443285735217 1 7     0.0    0.0
 61 6112.412626 1.760E-24 0.000E+00.06000.077  575.22000.85-.012200                                                            4433328573421110 7     0.0    0.0
 61 6112.428900 7.420E-26 0.000E+00.05980.075  122.67000.75-.012225                                                            34443285735217 1 7     0.0    0.0
 61 6112.434767 2.450E-25 2.078E-04.06530.078  104.77000.72-.012200                   0 0 0 0 1A1    5F2174         4F1  1     345332857348 7 1 7    33.0   27.0
 61 6112.457800 1.340E-25 0.000E+00.05980.075  815.00000.75-.012225                                                            34443285735217 1 7     0.0    0.0
 61 6112.477600 2.490E-25 0.000E+00.06000.077  329.92000.85-.012200                                                            3433328573421110 7     0.0    0.0
 61 6112.590420 1.630E-23 1.775E-02.06610.077  219.93000.70-.012200                   0 0 0 0 1A1    7F1238         6F2  2     445332857348 7 1 7    45.0   39.0
 61 6112.596718 9.710E-24 8.212E-03.06680.079   62.87000.73-.012200                   0 0 0 0 1A1    4F2154         3F1  1     445332857348 7 1 7    27.0   21.0
 61 6112.612745 1.890E-24 2.058E-03.06240.077  219.91000.70-.012200                   0 0 0 0 1A1    7F1238         6F2  1     445332857348 7 1 7    45.0   39.0
 61 6112.647500 2.670E-26 0.000E+00.05980.075  815.00000.75-.012225                                                            34443285735217 1 7     0.0    0.0
 61 6112.667500 3.420E-26 0.000E+00.05980.075  815.00000.75-.012225                                                            34443285735217 1 7     0.0    0.0
 61 6112.696800 1.730E-25 0.000E+00.05980.075  815.00000.75-.012225                                                            34443285735217 1 7     0.0    0.0
 61 6112.806200 9.280E-26 0.000E+00.05980.075  815.00000.75-.012226                                                            34443285735217 1 7     0.0    0.0
 61 6112.892083 2.420E-23 1.581E-02.06400.077  219.91000.86-.015800                   0 0 0 0 1A1    7A1 74         6A2  1     445335857348 71212    75.0   65.0
 61 6112.959500 5.940E-26 0.000E+00.05980.075  815.00000.75-.012226                                                            34443285735217 1 7     0.0    0.0
 61 6112.983900 9.980E-26 0.000E+00.05980.075  815.00000.75-.012226                                                            34443285735217 1 7     0.0    0.0
 61 6113.008800 1.590E-25 0.000E+00.05980.075  815.00000.75-.012226                                                            34443285735217 1 7     0.0    0.0
 61 6113.140600 3.320E-26 0.000E+00.05980.075  815.00000.75-.012226                                                            34443285735217 1 7     0.0    0.0
 61 6113.201700 1.550E-25 0.000E+00.05980.075  815.00000.75-.012226                                                            34443285735217 1 7     0.0    0.0
 61 6113.269500 2.680E-25 0.000E+00.06000.077  815.00000.85-.012200                                                            3433328573421110 7     0.0    0.0
 61 6113.304700 1.950E-26 0.000E+00.05980.075  815.00000.75-.012227                                                            34443285735217 1 7     0.0    0.0
 61 6113.359400 1.040E-25 0.000E+00.05980.075  815.00000.75-.012227                                                            34443285735217 1 7     0.0    0.0
 61 6113.511200 7.050E-26 0.000E+00.05980.075  815.00000.75-.012227                                                            34443285735217 1 7     0.0    0.0
 61 6113.558600 1.610E-26 0.000E+00.05980.075  815.00000.75-.012227                                                            34443285735217 1 7     0.0    0.0
 61 6113.635300 3.020E-26 0.000E+00.05980.075  815.00000.75-.012227                                                            34443285735217 1 7     0.0    0.0
 61 6113.648400 1.360E-25 0.000E+00.06000.077  815.00000.85-.012200                                                            3433328573421110 7     0.0    0.0
 61 6113.876500 2.210E-26 0.000E+00.05980.075  815.00000.75-.012228                                                            34443285735217 1 7     0.0    0.0
 61 6113.970257 1.770E-24 1.928E-03.06240.077  219.93000.70-.012200                   0 0 0 0 1A1    7F1239         6F2  2     445332857348 7 1 7    45.0   39.0
 61 6113.991665 8.600E-24 9.367E-03.06730.077  219.91000.70-.012200                   0 0 0 0 1A1    7F1239         6F2  1     445332857348 7 1 7    45.0   39.0
 61 6113.997800 5.440E-25 0.000E+00.05980.075  232.19000.75-.012228                                                            45443285735217 1 7     0.0    0.0
 61 6113.998194 8.490E-25 7.184E-04.06790.080   62.87000.85-.012200                   0 0 0 0 1A1    4F1            3F2  1     4433328573481110 7    27.0   21.0
 61 6114.050300 7.350E-26 0.000E+00.05980.075  815.00000.75-.012228                                                            34443285735217 1 7     0.0    0.0
 61 6114.063000 6.080E-26 0.000E+00.05980.075  815.00000.75-.012228                                                            34443285735217 1 7     0.0    0.0
 61 6114.082067 6.870E-24 1.122E-02.06240.077  219.91000.70-.012200                   0 0 0 0 1A1    7E 156         6E   1     445332857348 7 1 7    30.0   26.0
 61 6114.203100 1.710E-25 0.000E+00.05980.075  815.00000.75-.012228                                                            34443285735217 1 7     0.0    0.0
 61 6114.261200 8.850E-26 0.000E+00.05980.075  815.00000.75-.012229                                                            34443285735217 1 7     0.0    0.0
 61 6114.479280 1.319E-22 7.899E-01.04320.055  575.05000.75-.003040                   0 0 0 0 1A1   11E            10E         43893586745721 118    46.0   42.0
 61 6114.484043 2.152E-22 8.599E-01.05270.064  575.22000.85-.019170                   0 0 0 0 1A1   11F2           10F1        438335867457111018    69.0   63.0
 61 6114.495790 3.390E-22 8.127E-01.05020.068  575.22000.85-.021430                   0 0 0 0 1A1   11A2           10A1        458335867457111018   115.0  105.0
 61 6114.549501 1.264E-22 5.051E-01.06040.070  575.22000.64-.019170                   0 0 0 0 1A1   11F2           10F1        458335867457 7 118    69.0   63.0
 61 6114.561196 6.843E-23 2.734E-01.06000.070  575.22000.64-.019170                   0 0 0 0 1A1   11F2           10F1        448335867457 7 118    69.0   63.0
 61 6114.602210 4.236E-23 0.000E+00.05720.074  575.22000.75-.012000                                                            43783586745822 119     0.0    0.0
 61 6114.610565 1.259E-22 0.000E+00.04220.070  575.22000.64-.014320                   0 0 0 0 1A1   11             10A1  1     452335867457 7 118     0.0    0.0
 61 6114.661127 3.691E-22 2.212E+00.04760.070  575.22000.64-.003040                   0 0 0 0 1A1   11E            10E         438335867457 7 118    46.0   42.0
 61 6114.664840 4.780E-23 1.136E-01.06060.076  573.49620.75-.021430                   0 0 0 0 1A1   11A1           10A2        43893591745721 118   115.0  105.0
 61 6114.672321 1.930E-22 7.712E-01.06370.070  575.22000.64-.019170                   0 0 0 0 1A1   11F2           10F1        438335917457 7 118    69.0   63.0
 61 6114.676537 8.395E-23 3.355E-01.06080.077  575.22000.75-.019170                   0 0 0 0 1A1   11F1           10F2        43893586745721 118    69.0   63.0
 61 6114.677675 1.914E-22 7.648E-01.05870.074  575.22000.75-.019170                   0 0 0 0 1A1   11F1           10F2        43783586745721 118    69.0   63.0
 61 6114.747873 3.543E-23 0.000E+00.06150.070  578.38400.64-.013697                   0 0 0 0 1A1                  10A1  1     437335864858 7 119     0.0    0.0
 61 6114.788600 5.580E-25 0.000E+00.05980.075  815.00000.75-.012230                                                            45443285735217 1 7     0.0    0.0
 61 6114.831500 3.700E-25 0.000E+00.06000.077  815.00000.85-.012200                                                            3433328573421110 7     0.0    0.0
 61 6114.908700 4.300E-26 0.000E+00.05980.075  815.00000.75-.012230                                                            34443285735217 1 7     0.0    0.0
 61 6114.985100 7.940E-26 6.720E-05.06610.083   62.87000.75-.012230                   0 0 0 0 1A1    4F2            3F1        34553285735217 1 7    27.0   21.0
 61 6114.990400 3.720E-26 3.158E-05.06590.083  104.78000.75-.012230                   0 0 0 0 1A1    5F1            4F2        34663285735217 1 7    33.0   27.0
 61 6115.022600 1.500E-25 1.910E-04.06530.078  104.77000.72-.012200                   0 0 0 0 1A1    5E 118         4E   1     345332857348 7 1 7    22.0   18.0
 61 6115.072400 1.720E-26 0.000E+00.05980.075  815.00000.75-.012230                                                            34443285735217 1 7     0.0    0.0
 61 6115.109100 4.080E-26 0.000E+00.05980.075  815.00000.75-.012230                                                            34443285735217 1 7     0.0    0.0
 61 6115.203600 2.420E-26 0.000E+00.05980.075  815.00000.75-.012230                                                            34443285735217 1 7     0.0    0.0
 61 6115.360300 3.280E-26 0.000E+00.05980.075  815.00000.75-.012231                                                            34443285735217 1 7     0.0    0.0
 61 6115.407700 3.010E-25 0.000E+00.06000.077  815.00000.85-.012200                                                            3433328573421110 7     0.0    0.0
 61 6115.430200 1.690E-25 1.435E-04.06530.078  104.78000.72-.012200                   0 0 0 0 1A1    5F1184         4F2  1     345332857348 7 1 7    33.0   27.0
 61 6115.462400 3.410E-26 0.000E+00.05980.075  815.00000.75-.012231                                                            34443285735217 1 7     0.0    0.0
 61 6115.484400 1.800E-26 0.000E+00.05980.075  815.00000.75-.012231                                                            34443285735217 1 7     0.0    0.0
 61 6115.506800 6.550E-26 0.000E+00.05980.075  815.00000.75-.012231                                                            34443285735217 1 7     0.0    0.0
 61 6115.517900 1.920E-25 1.630E-04.06530.078  104.77000.72-.012200                   0 0 0 0 1A1    5F2175         4F1  1     345332857348 7 1 7    33.0   27.0
 61 6115.636700 9.680E-26 0.000E+00.05980.075  815.00000.75-.012231                                                            34443285735217 1 7     0.0    0.0
 61 6115.678700 3.610E-26 0.000E+00.05980.075  815.00000.75-.012231                                                            34443285735217 1 7     0.0    0.0
 61 6115.804200 3.520E-26 0.000E+00.05980.075  815.00000.75-.012232                                                            34443285735217 1 7     0.0    0.0
 61 6115.898400 2.750E-25 0.000E+00.05340.069  689.86000.85-.012200                                                            3433328573421110 7     0.0    0.0
 61 6115.975600 1.940E-27 2.471E-06.05980.075  104.77000.75-.012232                   0 0 0 0 1A1    5E             4E         34553285735217 1 7    22.0   18.0
 61 6115.993700 2.070E-25 0.000E+00.05980.075  815.00000.75-.012232                                                            34443285735217 1 7     0.0    0.0
 61 6116.060600 1.070E-25 0.000E+00.05980.075  815.00000.75-.012232                                                            34443285735217 1 7     0.0    0.0
 61 6116.084000 3.980E-26 0.000E+00.05980.075  815.00000.75-.012232                                                            34443285735217 1 7     0.0    0.0
 61 6116.106900 7.990E-26 0.000E+00.05980.075  815.00000.75-.012232                                                            34443285735217 1 7     0.0    0.0
 61 6116.146000 1.950E-25 0.000E+00.05980.075  815.00000.75-.012232                                                            34443285735217 1 7     0.0    0.0
 61 6116.184434 5.630E-25 0.000E+00.06000.077  815.00000.85-.012200                                                            4433328573421110 7     0.0    0.0
 61 6116.212400 5.920E-26 0.000E+00.05980.075  815.00000.75-.012232                                                            34443285735217 1 7     0.0    0.0
 61 6116.242700 2.660E-25 0.000E+00.05980.075  815.00000.75-.012232                                                            34443285735217 1 7     0.0    0.0
 61 6116.267600 5.740E-26 0.000E+00.05980.075  815.00000.75-.012233                                                            34443285735217 1 7     0.0    0.0
 61 6116.288100 2.820E-26 0.000E+00.05980.075  815.00000.75-.012233                                                            34443285735217 1 7     0.0    0.0
 61 6116.354500 6.880E-26 0.000E+00.05980.075  815.00000.75-.012233                                                            34443285735217 1 7     0.0    0.0
 61 6116.378400 3.410E-26 0.000E+00.05980.075  815.00000.75-.012233                                                            34443285735217 1 7     0.0    0.0
 61 6116.409700 3.110E-26 0.000E+00.05980.075  815.00000.75-.012233                                                            34443285735217 1 7     0.0    0.0
 61 6116.445300 1.760E-26 0.000E+00.05980.075  815.00000.75-.012233                                                            34443285735217 1 7     0.0    0.0
 61 6116.488000 1.990E-26 0.000E+00.05980.075  114.46000.75-.012233                                                            34443285735217 1 7     0.0    0.0
 61 6116.488900 1.460E-25 1.240E-04.06590.083  104.78000.75-.012233                   0 0 0 0 1A1    5F1            4F2        34663285735217 1 7    33.0   27.0
 61 6116.525590 1.340E-24 0.000E+00.05130.068  689.86000.64-.012200                   0 0 0 0 1A1                  11A2  1     445332857348 7 1 7     0.0    0.0
 61 6116.591761 3.990E-23 3.699E-02.06350.077  157.12000.83-.011000                   0 0 0 0 1A1    6F2209         5F1  1     445335857348 71212    39.0   33.0
 61 6116.722095 3.710E-23 3.439E-02.06530.077  157.12000.86-.009700                   0 0 0 0 1A1    6F1201         5F2  1     445335857348 71212    39.0   33.0
 61 6116.733000 1.150E-25 9.768E-05.06660.084  104.77000.75-.012233                   0 0 0 0 1A1    5F2            4F1        34553285735217 1 7    33.0   27.0
 61 6116.798300 7.500E-26 0.000E+00.05980.075  815.00000.75-.012234                                                            34443285735217 1 7     0.0    0.0
 61 6116.832500 9.280E-26 0.000E+00.05980.075  815.00000.75-.012234                                                            34443285735217 1 7     0.0    0.0
 61 6116.848100 8.820E-26 0.000E+00.05980.075  815.00000.75-.012234                                                            34443285735217 1 7     0.0    0.0
 61 6116.881300 4.210E-26 0.000E+00.05980.075  815.00000.75-.012234                                                            34443285735217 1 7     0.0    0.0
 61 6116.897500 9.610E-26 0.000E+00.05980.075  815.00000.75-.012234                                                            34443285735217 1 7     0.0    0.0
 61 6116.918500 7.410E-26 0.000E+00.05980.075  815.00000.75-.012234                                                            34443285735217 1 7     0.0    0.0
 61 6116.946300 4.400E-26 0.000E+00.05980.075  815.00000.75-.012234                                                            34443285735217 1 7     0.0    0.0
 61 6116.976600 3.830E-26 0.000E+00.05980.075  815.00000.75-.012234                                                            34443285735217 1 7     0.0    0.0
 61 6116.992700 3.670E-26 0.000E+00.05980.075  815.00000.75-.012234                                                            34443285735217 1 7     0.0    0.0
 61 6117.015100 2.490E-26 0.000E+00.05980.075  815.00000.75-.012234                                                            34443285735217 1 7     0.0    0.0
 61 6117.079972 1.550E-24 1.317E-03.06430.078  104.78000.72-.012200                   0 0 0 0 1A1    5F1186         4F2  1     445332857348 7 1 7    33.0   27.0
 61 6117.123500 2.890E-26 0.000E+00.05980.075  815.00000.75-.012234                                                            34443285735217 1 7     0.0    0.0
 61 6117.163461 8.400E-25 0.000E+00.06000.077  815.00000.85-.012200                                                            4433328573421110 7     0.0    0.0
 61 6117.196800 1.250E-25 0.000E+00.05980.075  815.00000.75-.012234                                                            34443285735217 1 7     0.0    0.0
 61 6117.213900 4.530E-26 0.000E+00.05980.075  815.00000.75-.012234                                                            34443285735217 1 7     0.0    0.0
 61 6117.245100 2.340E-26 0.000E+00.05980.075  815.00000.75-.012234                                                            34443285735217 1 7     0.0    0.0
 61 6117.259300 2.380E-26 0.000E+00.05980.075  815.00000.75-.012235                                                            34443285735217 1 7     0.0    0.0
 61 6117.305917 1.620E-24 0.000E+00.05460.077  815.00000.85-.012200                                                            4453328573481110 7     0.0    0.0
 61 6117.349191 5.440E-25 0.000E+00.06830.077  815.00000.85-.012200                                                            4453328573481110 7     0.0    0.0
 61 6117.384679 7.560E-24 3.854E-03.07110.078  104.77000.72-.012200                   0 0 0 0 1A1    5A2 63         4A1  1     445332857348 7 1 7    55.0   45.0
 61 6117.480671 4.740E-25 0.000E+00.06140.077  815.00000.85-.012200                                                            3453328573481110 7     0.0    0.0
 61 6117.529987 3.180E-24 2.702E-03.06430.078  104.77000.72-.012200                   0 0 0 0 1A1    5F2178         4F1  1     445332857348 7 1 7    33.0   27.0
 61 6117.550800 6.370E-26 0.000E+00.05980.075  815.00000.75-.012235                                                            34443285735217 1 7     0.0    0.0
 61 6117.568400 3.210E-26 0.000E+00.05980.075  815.00000.75-.012235                                                            34443285735217 1 7     0.0    0.0
 61 6117.631654 1.910E-24 2.434E-03.06430.078  104.77000.72-.012200                   0 0 0 0 1A1    5E 120         4E   1     445332857348 7 1 7    22.0   18.0
 61 6117.721700 6.200E-26 0.000E+00.05980.075  815.00000.75-.012235                                                            34443285735217 1 7     0.0    0.0
 61 6117.777800 1.160E-26 0.000E+00.05980.075  815.00000.75-.012236                                                            34443285735217 1 7     0.0    0.0
 61 6117.819300 3.490E-26 0.000E+00.05980.075  815.00000.75-.012236                                                            34443285735217 1 7     0.0    0.0
 61 6117.881300 3.670E-26 0.000E+00.05980.075  815.00000.75-.012236                                                            34443285735217 1 7     0.0    0.0
 61 6117.904300 1.040E-25 0.000E+00.05980.075  815.00000.75-.012236                                                            34443285735217 1 7     0.0    0.0
 61 6117.943800 1.580E-25 0.000E+00.06000.077  815.00000.85-.012200                                                            3433328573421110 7     0.0    0.0
 61 6117.975100 8.140E-26 0.000E+00.05980.075  815.00000.75-.012236                                                            34443285735217 1 7     0.0    0.0
 61 6118.033700 2.090E-25 0.000E+00.05980.075  815.00000.75-.012236                                                            34443285735217 1 7     0.0    0.0
 61 6118.078926 2.740E-23 3.812E-02.06090.077  157.13000.72-.012200                   0 0 0 0 1A1    6E 139         5E   1     445332857348 7 1 7    26.0   22.0
 61 6118.114300 1.030E-25 0.000E+00.05980.075  815.00000.75-.012236                                                            34443285735217 1 7     0.0    0.0
 61 6118.154800 2.400E-26 0.000E+00.05980.075  815.00000.75-.012236                                                            34443285735217 1 7     0.0    0.0
 61 6118.173300 3.940E-26 0.000E+00.05980.075  815.00000.75-.012236                                                            34443285735217 1 7     0.0    0.0
 61 6118.190900 1.520E-25 0.000E+00.05980.075  815.00000.75-.012236                                                            34443285735217 1 7     0.0    0.0
 61 6118.255826 4.010E-23 3.719E-02.06440.077  157.13000.72-.012200                   0 0 0 0 1A1    6F2210         5F1  2     445332857348 7 1 7    39.0   33.0
 61 6118.269610 2.710E-25 0.000E+00.05980.075  159.69800.75-.012237                                                            34443285735217 1 7     0.0    0.0
 61 6118.302700 5.650E-26 0.000E+00.05980.075  815.00000.75-.012237                                                            34443285735217 1 7     0.0    0.0
 61 6118.321300 6.500E-26 0.000E+00.05980.075  815.00000.75-.012237                                                            34443285735217 1 7     0.0    0.0
 61 6118.375131 1.090E-23 0.000E+00.05510.071  575.22000.85-.012200                                                            4453328573481110 7     0.0    0.0
 61 6118.440400 7.210E-26 0.000E+00.05980.075  815.00000.75-.012237                                                            34443285735217 1 7     0.0    0.0
 61 6118.470507 1.180E-23 4.723E-02.05390.070  575.28000.64-.012200                   0 0 0 0 1A1   11F1358        10F2  3     445332857348 7 1 7    69.0   63.0
 61 6118.541500 3.820E-26 0.000E+00.05980.075  815.00000.75-.012237                                                            34443285735217 1 7     0.0    0.0
 61 6118.561500 2.210E-25 0.000E+00.05980.075  815.00000.75-.012237                                                            34443285735217 1 7     0.0    0.0
 61 6118.585675 1.570E-24 0.000E+00.05980.075  815.00000.75-.012237                                                            44443285735217 1 7     0.0    0.0
 61 6118.595973 6.290E-24 0.000E+00.05390.071  575.22000.85-.012200                                                            4453328573481110 7     0.0    0.0
 61 6118.674800 2.980E-25 0.000E+00.05980.075  815.00000.75-.012237                                                            34443285735217 1 7     0.0    0.0
 61 6118.680000 3.360E-26 2.856E-05.06590.083  104.78000.75-.012237                   0 0 0 0 1A1    5F1            4F2        34663285735217 1 7    33.0   27.0
 61 6118.703169 1.020E-23 4.078E-02.05390.070  575.05000.64-.012200                   0 0 0 0 1A1   11F1358        10F2  1     445332857348 7 1 7    69.0   63.0
 61 6118.776684 1.650E-23 0.000E+00.05770.071  575.22000.85-.012200                                                            4453328573481110 7     0.0    0.0
 61 6118.802200 2.420E-25 0.000E+00.05980.075  815.00000.75-.012238                                                            34443285735217 1 7     0.0    0.0
 61 6118.841278 1.670E-24 3.443E-03.05470.069  293.17000.75-.012238                   0 0 0 0 1A1    8E             7E         44553285735217 1 7    34.0   30.0
 61 6118.851870 7.670E-24 0.000E+00.05440.070  575.22000.64-.012200                   0 0 0 0 1A1                  10A1  1     445332857348 7 1 7     0.0    0.0
 61 6118.869073 3.330E-24 4.576E-03.06180.076  293.16000.85-.012200                   0 0 0 0 1A1    8F1            7F2        4453328573481110 7    51.0   45.0
 61 6118.907094 3.780E-25 5.194E-04.06080.077  293.12000.75-.012238                   0 0 0 0 1A1    8F1            7F2        34663285735217 1 7    51.0   45.0
 61 6118.928708 9.650E-24 7.957E-03.06090.076  293.15000.70-.012200                   0 0 0 0 1A1    8A1 93         7A2  1     445332857348 7 1 7    85.0   75.0
 61 6119.038444 2.470E-23 0.000E+00.05260.071  586.91000.85-.012200                                                            4453328573481110 7     0.0    0.0
 61 6119.053123 9.050E-25 7.693E-04.05720.079  104.77000.85-.012200                   0 0 0 0 1A1    5F2            4F1        4453328573481110 7    33.0   27.0
 61 6119.106000 1.800E-25 0.000E+00.06000.077  815.00000.85-.012200                                                            3433328573421110 7     0.0    0.0
 61 6119.142600 3.510E-26 0.000E+00.05980.075  815.00000.75-.012238                                                            34443285735217 1 7     0.0    0.0
 61 6119.164600 3.030E-25 0.000E+00.05000.067  814.64000.85-.012200                                                            3433328573421110 7     0.0    0.0
 61 6119.197800 3.700E-26 0.000E+00.05980.075  815.00000.75-.012238                                                            34443285735217 1 7     0.0    0.0
 61 6119.218300 1.520E-25 0.000E+00.05980.075  815.00000.75-.012238                                                            34443285735217 1 7     0.0    0.0
 61 6119.264700 3.950E-26 0.000E+00.05980.075  815.00000.75-.012239                                                            34443285735217 1 7     0.0    0.0
 61 6119.294900 5.050E-26 0.000E+00.05980.075  815.00000.75-.012239                                                            34443285735217 1 7     0.0    0.0
 61 6119.361300 1.330E-26 0.000E+00.05980.075  815.00000.75-.012239                                                            34443285735217 1 7     0.0    0.0
 61 6119.393100 9.100E-26 0.000E+00.05980.075  815.00000.75-.012239                                                            34443285735217 1 7     0.0    0.0
 61 6119.449700 6.090E-26 0.000E+00.05980.075  372.16000.75-.012239                                                            34443285735217 1 7     0.0    0.0
 61 6119.460400 1.440E-25 0.000E+00.06000.077  815.00000.85-.012200                                                            3433328573421110 7     0.0    0.0
 61 6119.542500 1.410E-26 0.000E+00.05980.075  815.00000.75-.012239                                                            34443285735217 1 7     0.0    0.0
 61 6119.565400 2.370E-25 0.000E+00.06000.077  815.00000.85-.012200                                                            3433328573421110 7     0.0    0.0
 61 6119.583000 5.030E-26 0.000E+00.05980.075  815.00000.75-.012239                                                            34443285735217 1 7     0.0    0.0
 61 6119.622600 3.460E-26 0.000E+00.05980.075  815.00000.75-.012239                                                            34443285735217 1 7     0.0    0.0
 61 6119.644000 3.790E-26 0.000E+00.05980.075  815.00000.75-.012239                                                            34443285735217 1 7     0.0    0.0
 61 6119.676300 3.100E-26 0.000E+00.05980.075  815.00000.75-.012239                                                            34443285735217 1 7     0.0    0.0
 61 6119.710000 1.120E-25 0.000E+00.05980.075  815.00000.75-.012239                                                            34443285735217 1 7     0.0    0.0
 61 6119.733400 3.360E-26 0.000E+00.05980.075  815.00000.75-.012239                                                            34443285735217 1 7     0.0    0.0
 61 6119.752400 2.580E-25 0.000E+00.05930.077  815.00000.85-.012200                                                            3453328573481110 7     0.0    0.0
 61 6119.799900 2.870E-25 0.000E+00.05980.075  311.15000.75-.012240                                                            34443285735217 1 7     0.0    0.0
 61 6119.803344 1.030E-24 1.416E-03.06090.076  293.16000.70-.012200                   0 0 0 0 1A1    8F1262         7F2  2     445332857348 7 1 7    51.0   45.0
 61 6119.823700 2.010E-25 0.000E+00.05980.075  815.00000.75-.012240                                                            34443285735217 1 7     0.0    0.0
 61 6119.841148 4.710E-25 6.474E-04.06090.076  293.12000.70-.012200                   0 0 0 0 1A1    8F1262         7F2  1     345332857348 7 1 7    51.0   45.0
 61 6119.860300 4.570E-26 0.000E+00.05980.075  815.00000.75-.012240                                                            34443285735217 1 7     0.0    0.0
 61 6119.875500 6.060E-26 0.000E+00.05980.075  815.00000.75-.012240                                                            34443285735217 1 7     0.0    0.0
 61 6119.909200 1.290E-25 0.000E+00.05980.075  815.00000.75-.012240                                                            34443285735217 1 7     0.0    0.0
 61 6119.969695 2.450E-24 3.368E-03.06160.076  293.17000.70-.012200                   0 0 0 0 1A1    8F2267         7F1  2     445332857348 7 1 7    51.0   45.0
 61 6120.026183 3.520E-25 4.838E-04.06160.076  293.12000.70-.012200                   0 0 0 0 1A1    8F2267         7F1  1     345332857348 7 1 7    51.0   45.0
 61 6120.121579 1.140E-23 0.000E+00.05650.071  575.22000.85-.012200                                                            4433328573421110 7     0.0    0.0
 61 6120.165500 1.420E-25 0.000E+00.05980.075  815.00000.75-.012240                                                            34443285735217 1 7     0.0    0.0
 61 6120.195800 1.990E-25 0.000E+00.05980.075  815.00000.75-.012240                                                            34443285735217 1 7     0.0    0.0
 61 6120.201416 8.990E-25 0.000E+00.06000.077  815.00000.85-.012200                                                            4433328573421110 7     0.0    0.0
 61 6120.234492 4.750E-25 0.000E+00.06000.077  815.00000.85-.012200                                                            3433328573421110 7     0.0    0.0
 61 6120.260700 1.240E-25 0.000E+00.05980.075  815.00000.75-.012241                                                            34443285735217 1 7     0.0    0.0
 61 6120.282049 5.370E-24 0.000E+00.05650.071  575.22000.85-.012200                                                            4433328573421110 7     0.0    0.0
 61 6120.300707 5.000E-25 0.000E+00.05980.075  815.00000.75-.012241                                                            34443285735217 1 7     0.0    0.0
 61 6120.336004 5.280E-25 0.000E+00.06000.077  815.00000.85-.012200                                                            4433328573421110 7     0.0    0.0
 61 6120.354759 3.180E-24 0.000E+00.05650.071  575.22000.85-.012200                                                            4433328573421110 7     0.0    0.0
 61 6120.451643 9.780E-24 0.000E+00.05650.071  575.22000.85-.012200                                                            4433328573421110 7     0.0    0.0
 61 6120.502405 2.690E-24 0.000E+00.05650.071  575.22000.85-.012200                                                            4433328573421110 7     0.0    0.0
 61 6120.524263 5.000E-24 0.000E+00.05650.071  575.22000.85-.012200                                                            4433328573421110 7     0.0    0.0
 61 6120.586185 4.910E-23 2.506E-02.06730.078  104.77000.63-.010800                   0 0 0 0 1A1    5A2 64         4A1  1     445335857348 71212    55.0   45.0
 61 6120.599975 6.560E-24 0.000E+00.05650.071  583.24830.85-.012200                                                            4433328573421110 7     0.0    0.0
 61 6120.630456 4.390E-25 0.000E+00.06000.077  815.00000.85-.012200                                                            3433328573421110 7     0.0    0.0
 61 6120.719152 1.850E-23 0.000E+00.05530.070  568.50530.64-.012200                   0 0 0 0 1A1                  10A1  1     445332857348 7 1 7     0.0    0.0
 61 6120.773215 1.300E-24 1.207E-03.06410.077  157.13000.72-.012200                   0 0 0 0 1A1    6F2211         5F1  2     445332857348 7 1 7    39.0   33.0
 61 6120.788252 1.240E-24 1.151E-03.06500.082  157.12000.75-.012242                   0 0 0 0 1A1    6F2            5F1        44553285735217 1 7    39.0   33.0
 61 6120.800207 7.100E-24 0.000E+00.05340.069  689.86000.85-.012200                                                            4433328573421110 7     0.0    0.0
 61 6120.978500 1.510E-26 0.000E+00.05980.075  815.00000.75-.012242                                                            34443285735217 1 7     0.0    0.0
 61 6121.043871 4.730E-25 0.000E+00.06000.077  815.00000.85-.012200                                                            3433328573421110 7     0.0    0.0
 61 6121.129652 3.300E-23 2.807E-02.06780.078  104.77000.86-.010600                   0 0 0 0 1A1    5F2180         4F1  1     445335857348 71212    33.0   27.0
 61 6121.133839 2.180E-24 2.024E-03.06540.082  157.12000.75-.012242                   0 0 0 0 1A1    6F1            5F2        44663285735217 1 7    39.0   33.0
 61 6121.212900 5.220E-26 0.000E+00.05980.075  815.00000.75-.012242                                                            34443285735217 1 7     0.0    0.0
 61 6121.283200 7.580E-26 0.000E+00.05980.075  111.96000.75-.012243                                                            34443285735217 1 7     0.0    0.0
 61 6121.309100 2.290E-26 0.000E+00.05980.075  815.00000.75-.012243                                                            34443285735217 1 7     0.0    0.0
 61 6121.352730 2.470E-23 3.152E-02.06190.078  104.77000.80-.012300                   0 0 0 0 1A1    5E 121         4E   1     445335857348 71212    22.0   18.0
 61 6121.448700 4.120E-26 0.000E+00.05980.075  815.00000.75-.012243                                                            34443285735217 1 7     0.0    0.0
 61 6121.506800 6.600E-26 0.000E+00.05980.075  271.84000.75-.012243                                                            34443285735217 1 7     0.0    0.0
 61 6121.545403 2.570E-23 3.535E-02.06240.076  293.17000.76-.008500                   0 0 0 0 1A1    8F2268         7F1  2     445335857348 71212    51.0   45.0
 61 6121.601100 1.560E-25 2.145E-04.06000.077  293.12000.85-.012200                   0 0 0 0 1A1    8F2            7F1        3433328573421110 7    51.0   45.0
 61 6121.682262 4.750E-23 4.041E-02.06460.078  104.78000.65-.010800                   0 0 0 0 1A1    5F1188         4F2  1     445335857348 71212    33.0   27.0
 61 6121.727500 1.210E-25 0.000E+00.05980.075  815.00000.75-.012243                                                            34443285735217 1 7     0.0    0.0
 61 6121.801549 1.530E-23 3.157E-02.05480.076  293.17000.82-.011200                   0 0 0 0 1A1    8E 179         7E   1     445335857348 71212    34.0   30.0
 61 6121.919400 5.080E-26 0.000E+00.05980.075  815.00000.75-.012244                                                            34443285735217 1 7     0.0    0.0
 61 6121.962088 3.950E-25 0.000E+00.06000.077  815.00000.85-.012200                                                            3433328573421110 7     0.0    0.0
 61 6122.053379 1.700E-23 2.339E-02.06330.076  293.16000.85-.012800                   0 0 0 0 1A1    8F1263         7F2  2     445335857348 71212    51.0   45.0
 61 6122.072908 4.300E-25 0.000E+00.05980.075  545.68260.75-.012244                                                            34443285735217 1 7     0.0    0.0
 61 6122.085400 2.560E-25 0.000E+00.05980.075  301.24000.75-.012244                                                            34443285735217 1 7     0.0    0.0
 61 6122.092212 2.390E-24 3.287E-03.06160.076  293.12000.70-.012200                   0 0 0 0 1A1    8F1263         7F2  1     445332857348 7 1 7    51.0   45.0
 61 6122.159700 5.420E-26 0.000E+00.05980.075  815.00000.75-.012244                                                            34443285735217 1 7     0.0    0.0
 61 6122.276900 1.480E-25 0.000E+00.06000.077  815.00000.85-.012200                                                            3433328573421110 7     0.0    0.0
 61 6122.341800 6.250E-26 0.000E+00.05980.075  815.00000.75-.012245                                                            34443285735217 1 7     0.0    0.0
 61 6122.450700 4.970E-26 0.000E+00.05980.075  815.00000.75-.012245                                                            34443285735217 1 7     0.0    0.0
 61 6122.472200 2.820E-25 0.000E+00.06000.077  815.00000.85-.012200                                                            3433328573421110 7     0.0    0.0
 61 6122.534700 6.180E-26 0.000E+00.05980.075  815.00000.75-.012245                                                            34443285735217 1 7     0.0    0.0
 61 6122.563500 2.500E-26 0.000E+00.05980.075  815.00000.75-.012245                                                            34443285735217 1 7     0.0    0.0
 61 6122.587400 3.980E-26 0.000E+00.05980.075  815.00000.75-.012245                                                            34443285735217 1 7     0.0    0.0
 61 6122.590800 4.100E-26 4.473E-05.06510.082   62.87000.75-.012245                   0 0 0 0 1A1    3F1            3F2        34663285735217 1 7    21.0   21.0
 61 6122.602500 3.850E-26 0.000E+00.05980.075  815.00000.75-.012245                                                            34443285735217 1 7     0.0    0.0
 61 6122.658113 1.300E-23 8.373E-02.05270.068  690.04000.64-.012200                   0 0 0 0 1A1   12F2381        11F1  3     445332857348 7 1 7    75.0   69.0
 61 6122.682100 1.050E-25 0.000E+00.05980.075  815.00000.75-.012245                                                            34443285735217 1 7     0.0    0.0
 61 6122.705100 1.430E-25 0.000E+00.05980.075  815.00000.75-.012245                                                            34443285735217 1 7     0.0    0.0
 61 6122.752474 5.180E-25 0.000E+00.06000.077  815.00000.85-.012200                                                            4433328573421110 7     0.0    0.0
 61 6122.768100 1.570E-25 0.000E+00.05980.075  815.00000.75-.012246                                                            34443285735217 1 7     0.0    0.0
 61 6122.950360 2.180E-23 0.000E+00.05340.069  689.86000.85-.012200                                                            4433328573421110 7     0.0    0.0
 61 6123.002221 9.006E-23 5.792E-01.05140.068  689.70000.64-.010300                   0 0 0 0 1A1   12F2381        11F1  1     435335854848 7 112    75.0   69.0
 61 6123.002700 1.200E-24 1.115E-03.06500.082  157.13000.75-.012246                   0 0 0 0 1A1    6F2            5F1        45553285735217 1 7    39.0   33.0
 61 6123.013542 2.870E-24 2.666E-03.06410.077  157.12000.72-.012200                   0 0 0 0 1A1    6F1203         5F2  1     445332857348 7 1 7    39.0   33.0
 61 6123.045868 9.010E-25 1.255E-03.06410.077  157.13000.72-.012200                   0 0 0 0 1A1    6E 140         5E   1     445332857348 7 1 7    26.0   22.0
 61 6123.105818 5.390E-23 0.000E+00.05340.069  689.86000.85-.012200                                                            4433328573421110 7     0.0    0.0
 61 6123.193800 8.180E-26 0.000E+00.05980.075  815.00000.75-.012246                                                            34443285735217 1 7     0.0    0.0
 61 6123.247396 1.020E-23 0.000E+00.05270.068  689.86000.64-.012200                   0 0 0 0 1A1                  11F2  2     445332857348 7 1 7     0.0    0.0
 61 6123.340937 1.590E-23 1.024E-01.05270.068  690.01000.64-.012200                   0 0 0 0 1A1   12F1375        11F2  3     445332857348 7 1 7    75.0   69.0
 61 6123.376977 2.900E-25 0.000E+00.05980.075  815.00000.75-.012247                                                            34443285735217 1 7     0.0    0.0
 61 6123.406141 2.410E-23 1.990E-02.06160.076  293.15000.70-.012200                   0 0 0 0 1A1    8A1 94         7A2  1     445332857348 7 1 7    85.0   75.0
 61 6123.416654 6.050E-23 0.000E+00.05340.069  689.86000.85-.012200                                                            4433328573421110 7     0.0    0.0
 61 6123.481735 5.470E-23 3.521E-01.05270.068  689.87000.64-.012200    0 0 2 0  F2    0 0 0 0 1A1   12F1           11F2  2     445332857348 7 1 7    75.0   69.0
 61 6123.528441 4.150E-23 0.000E+00.05270.068  689.86000.64-.012200                   0 0 0 0 1A1                  11A2  1     445332857348 7 1 7     0.0    0.0
 61 6123.584932 1.320E-22 0.000E+00.05270.068  689.86000.64-.012200                   0 0 0 0 1A1                  11A2  1     445332857348 7 1 7     0.0    0.0
 61 6123.599701 3.650E-23 0.000E+00.05270.068  689.86000.64-.012200                   0 0 0 0 1A1                  11A2  1     445332857348 7 1 7     0.0    0.0
 61 6123.624734 2.650E-24 3.647E-03.06160.076  293.16000.70-.012200                   0 0 0 0 1A1    8F1264         7F2  2     445332857348 7 1 7    51.0   45.0
 61 6123.650799 2.960E-23 1.904E-01.05270.068  689.70000.64-.012200                   0 0 0 0 1A1   12F1375        11F2  1     445332857348 7 1 7    75.0   69.0
 61 6123.662891 9.930E-24 1.596E-02.06160.076  325.00290.70-.012200                   0 0 0 0 1A1    8F1264         7F2  1     445332857348 7 1 7    51.0   45.0
 61 6123.737781 6.170E-23 0.000E+00.05270.068  689.86000.64-.012200                   0 0 0 0 1A1                  11A2  1     445332857348 7 1 7     0.0    0.0
 61 6123.739890 3.170E-23 0.000E+00.05980.075  691.21940.75-.012247                                                            44443285735217 1 7     0.0    0.0
 61 6123.769000 1.410E-25 1.941E-04.05790.073  293.17000.75-.012248                   0 0 0 0 1A1    8F2            7F1        34553285735217 1 7    51.0   45.0
 61 6123.824158 1.030E-23 1.417E-02.05790.073  293.12000.75-.012248                   0 0 0 0 1A1    8F2            7F1        44553285735217 1 7    51.0   45.0
 61 6123.830627 1.010E-23 0.000E+00.05340.069  689.86000.85-.012200                                                            4433328573421110 7     0.0    0.0
 61 6123.909621 4.590E-23 0.000E+00.05270.068  689.86000.64-.012200                   0 0 0 0 1A1                  11A2  1     445332857348 7 1 7     0.0    0.0
 61 6123.964953 9.610E-24 0.000E+00.05270.068  689.86000.64-.012200                   0 0 0 0 1A1                  11A2  1     445332857348 7 1 7     0.0    0.0
 61 6124.057471 1.270E-22 0.000E+00.05340.069  689.86000.85-.012200                                                            4433328573421110 7     0.0    0.0
 61 6124.064238 5.670E-23 0.000E+00.05340.069  689.86000.85-.012200                                                            4433328573421110 7     0.0    0.0
 61 6124.081849 4.530E-23 0.000E+00.05340.069  689.86000.85-.012200                                                            4433328573421110 7     0.0    0.0
 61 6124.119020 2.269E-23 1.462E-01.05270.068  690.01000.64-.012200                   0 0 0 0 1A1   12F1377        11F2  3     435332854848 7 1 7    75.0   69.0
 61 6124.158142 1.070E-22 0.000E+00.05270.068  689.86000.64-.012200                   0 0 0 0 1A1                  11A2  1     445332857348 7 1 7     0.0    0.0
 61 6124.217795 2.540E-23 0.000E+00.05340.069  689.86000.85-.012200                                                            4433328573421110 7     0.0    0.0
 61 6124.259780 4.840E-23 3.116E-01.05270.068  689.87000.64-.012200    0 0 2 0  F2    0 0 0 0 1A1   12F1           11F2  2     445332857348 7 1 7    75.0   69.0
 61 6124.309504 1.120E-24 0.000E+00.06000.077  815.00000.85-.012200                                                            4433328573421110 7     0.0    0.0
 61 6124.338349 7.740E-24 1.141E-02.06530.078  134.33950.72-.012200                   0 0 0 0 1A1    5E 122         4E   1     445332857348 7 1 7    22.0   18.0
 61 6124.379900 2.610E-25 0.000E+00.05980.075  815.00000.75-.012249                                                            34443285735217 1 7     0.0    0.0
 61 6124.407052 9.570E-24 8.149E-03.06530.078  104.77000.72-.012200                   0 0 0 0 1A1    5F2181         4F1  1     445332857348 7 1 7    33.0   27.0
 61 6124.428842 6.160E-24 3.963E-02.05270.068  689.70000.64-.012200                   0 0 0 0 1A1   12F1377        11F2  1     445332857348 7 1 7    75.0   69.0
 61 6124.544300 1.080E-25 1.487E-04.05790.073  293.17000.75-.012249                   0 0 0 0 1A1    8F2            7F1        34553285735217 1 7    51.0   45.0
 61 6124.557100 1.420E-25 0.000E+00.05980.075  815.00000.75-.012249                                                            34443285735217 1 7     0.0    0.0
 61 6124.571900 1.710E-25 3.532E-04.05470.069  293.17000.75-.012249                   0 0 0 0 1A1    8E             7E         34553285735217 1 7    34.0   30.0
 61 6124.584400 1.640E-26 1.524E-05.06500.082  157.13000.75-.012249                   0 0 0 0 1A1    6F2            5F1        34553285735217 1 7    39.0   33.0
 61 6124.596993 8.200E-25 7.621E-04.06410.077  157.12000.72-.012200                   0 0 0 0 1A1    6F2213         5F1  1     445332857348 7 1 7    39.0   33.0
 61 6124.608400 1.270E-25 0.000E+00.05980.075  815.00000.75-.012249                                                            34443285735217 1 7     0.0    0.0
 61 6124.631800 3.340E-26 0.000E+00.05980.075  815.00000.75-.012249                                                            34443285735217 1 7     0.0    0.0
 61 6124.665000 2.330E-26 0.000E+00.05980.075  815.00000.75-.012249                                                            34443285735217 1 7     0.0    0.0
 61 6124.734400 2.630E-26 0.000E+00.05980.075  815.00000.75-.012249                                                            34443285735217 1 7     0.0    0.0
 61 6124.816400 2.020E-26 2.816E-05.05840.074  157.13000.75-.012250                   0 0 0 0 1A1    6E             5E         34553285735217 1 7    26.0   22.0
 61 6124.838000 2.570E-26 2.389E-05.06540.082  157.12000.75-.012250                   0 0 0 0 1A1    6F1            5F2        34663285735217 1 7    39.0   33.0
 61 6124.859900 6.370E-26 0.000E+00.05980.075  815.00000.75-.012250                                                            34443285735217 1 7     0.0    0.0
 61 6124.905721 4.490E-23 2.894E-01.05610.068  690.04000.84-.008600                   0 0 0 0 1A1   12F2384        11F1  3     445335857348 71212    75.0   69.0
 61 6124.962431 1.880E-24 0.000E+00.06000.077  815.00000.85-.012200                                                            4433328573421110 7     0.0    0.0
 61 6124.980896 2.990E-23 1.528E-02.06560.078  104.77001.00-.011900                   0 0 0 0 1A1    5A2 65         4A1  1     445335857348 71212    55.0   45.0
 61 6124.997366 8.400E-25 0.000E+00.05980.075  815.00000.75-.012250                                                            44443285735217 1 7     0.0    0.0
 61 6125.015600 1.760E-25 0.000E+00.05980.075  815.00000.75-.012250                                                            34443285735217 1 7     0.0    0.0
 61 6125.034200 4.890E-26 0.000E+00.05980.075  815.00000.75-.012250                                                            34443285735217 1 7     0.0    0.0
 61 6125.053700 2.730E-26 0.000E+00.05980.075  815.00000.75-.012250                                                            34443285735217 1 7     0.0    0.0
 61 6125.105000 8.590E-26 0.000E+00.05980.075  815.00000.75-.012250                                                            34443285735217 1 7     0.0    0.0
 61 6125.143500 4.090E-26 0.000E+00.05980.075  815.00000.75-.012250                                                            34443285735217 1 7     0.0    0.0
 61 6125.202200 4.140E-26 0.000E+00.05980.075  815.00000.75-.012250                                                            34443285735217 1 7     0.0    0.0
 61 6125.205500 4.940E-26 5.143E-05.06660.084  104.77000.75-.012250                   0 0 0 0 1A1    4F2            4F1        34553285735217 1 7    27.0   27.0
 61 6125.249727 1.470E-23 9.460E-02.05640.068  689.70000.81-.015300                   0 0 0 0 1A1   12F2384        11F1  1     445335857348 71212    75.0   69.0
 61 6125.292000 1.320E-25 0.000E+00.05980.075  815.00000.75-.012251                                                            34443285735217 1 7     0.0    0.0
 61 6125.329100 2.280E-26 0.000E+00.05980.075  815.00000.75-.012251                                                            34443285735217 1 7     0.0    0.0
 61 6125.355000 2.600E-26 0.000E+00.05980.075  815.00000.75-.012251                                                            34443285735217 1 7     0.0    0.0
 61 6125.410072 1.550E-23 1.499E-01.04900.068  690.03000.91-.007200                   0 0 0 0 1A1   12E 256        11E   2     445335857348 71212    50.0   46.0
 61 6125.459837 3.010E-25 0.000E+00.06000.077  815.00000.85-.012300                                                            3433328573421110 7     0.0    0.0
 61 6125.509608 3.500E-25 0.000E+00.06000.077  815.00000.85-.012300                                                            3433328573421110 7     0.0    0.0
 61 6125.528300 7.880E-26 0.000E+00.05980.075  815.00000.75-.012251                                                            34443285735217 1 7     0.0    0.0
 61 6125.563582 1.180E-23 1.140E-01.05750.068  689.88000.87-.011800                   0 0 0 0 1A1   12E 256        11E   1     445335857348 71212    50.0   46.0
 61 6125.584500 2.570E-25 0.000E+00.05980.075  815.00000.75-.012251                                                            34443285735217 1 7     0.0    0.0
 61 6125.620100 1.710E-26 0.000E+00.05980.075  815.00000.75-.012251                                                            34443285735217 1 7     0.0    0.0
 61 6125.667000 1.430E-26 0.000E+00.05980.075  815.00000.75-.012251                                                            34443285735217 1 7     0.0    0.0
 61 6125.740112 4.140E-24 3.527E-03.06530.078  104.77000.72-.012300                   0 0 0 0 1A1    5F2182         4F1  1     445332857348 7 1 7    33.0   27.0
 61 6125.742391 2.650E-23 1.708E-01.05270.068  690.01000.64-.012300                   0 0 0 0 1A1   12F1378        11F2  3     445332857348 7 1 7    75.0   69.0
 61 6125.790500 1.960E-25 0.000E+00.05980.075  815.00000.75-.012252                                                            34443285735217 1 7     0.0    0.0
 61 6125.806600 2.850E-26 0.000E+00.05980.075  815.00000.75-.012252                                                            34443285735217 1 7     0.0    0.0
 61 6125.883088 6.930E-24 4.464E-02.05600.068  689.87000.91-.013200                   0 0 0 0 1A1   12F1378        11F2  2     445335857348 71212    75.0   69.0
 61 6125.933100 1.390E-25 0.000E+00.05980.075  815.00000.75-.012252                                                            34443285735217 1 7     0.0    0.0
 61 6125.992200 2.130E-25 0.000E+00.05980.075  815.00000.75-.012252                                                            34443285735217 1 7     0.0    0.0
 61 6126.013700 2.960E-26 0.000E+00.05980.075  815.00000.75-.012252                                                            34443285735217 1 7     0.0    0.0
 61 6126.039100 1.380E-25 0.000E+00.05980.075  815.00000.75-.012252                                                            34443285735217 1 7     0.0    0.0
 61 6126.051633 8.640E-25 5.562E-03.05270.068  689.70000.64-.012300                   0 0 0 0 1A1   12F1378        11F2  1     445332857348 7 1 7    75.0   69.0
 61 6126.072800 5.870E-26 0.000E+00.05980.075  815.00000.75-.012252                                                            34443285735217 1 7     0.0    0.0
 61 6126.094200 4.720E-26 0.000E+00.05980.075  815.00000.75-.012252                                                            34443285735217 1 7     0.0    0.0
 61 6126.116700 3.520E-26 0.000E+00.05980.075  815.00000.75-.012252                                                            34443285735217 1 7     0.0    0.0
 61 6126.134300 1.780E-25 0.000E+00.05980.075  815.00000.75-.012252                                                            34443285735217 1 7     0.0    0.0
 61 6126.153800 5.390E-26 0.000E+00.05980.075  815.00000.75-.012252                                                            34443285735217 1 7     0.0    0.0
 61 6126.168923 3.350E-25 2.093E-04.06570.079  104.77000.85-.012300                   0 0 0 0 1A1    4A2            4A1        3433328573421110 7    45.0   45.0
 61 6126.177700 6.360E-26 0.000E+00.05980.075  116.94000.75-.012252                                                            34443285735217 1 7     0.0    0.0
 61 6126.182092 1.060E-24 0.000E+00.05000.067  815.00000.85-.012300                                                            4433328573421110 7     0.0    0.0
 61 6126.201200 1.110E-25 0.000E+00.05980.075  815.00000.75-.012252                                                            34443285735217 1 7     0.0    0.0
 61 6126.224600 4.110E-26 0.000E+00.05980.075  815.00000.75-.012252                                                            34443285735217 1 7     0.0    0.0
 61 6126.274206 3.590E-25 3.338E-04.06410.077  157.12000.72-.012300                   0 0 0 0 1A1    6F1206         5F2  1     345332857348 7 1 7    39.0   33.0
 61 6126.282700 7.410E-26 0.000E+00.05980.075  815.00000.75-.012253                                                            34443285735217 1 7     0.0    0.0
 61 6126.333762 3.980E-25 3.701E-04.06410.077  157.13000.72-.012300                   0 0 0 0 1A1    6F2214         5F1  2     345332857348 7 1 7    39.0   33.0
 61 6126.340600 8.490E-26 0.000E+00.05980.075  173.01000.75-.012253                                                            34443285735217 1 7     0.0    0.0
 61 6126.350400 6.720E-26 6.249E-05.06500.082  157.12000.75-.012253                   0 0 0 0 1A1    6F2            5F1        34553285735217 1 7    39.0   33.0
 61 6126.364772 1.310E-24 1.116E-03.06530.078  104.78000.72-.012300                   0 0 0 0 1A1    5F1189         4F2  1     445332857348 7 1 7    33.0   27.0
 61 6126.466667 3.110E-25 0.000E+00.06000.077  815.00000.85-.012300                                                            3433328573421110 7     0.0    0.0
 61 6126.486800 1.420E-25 0.000E+00.05980.075  815.00000.75-.012253                                                            34443285735217 1 7     0.0    0.0
 61 6126.508800 2.240E-26 0.000E+00.05980.075  815.00000.75-.012253                                                            34443285735217 1 7     0.0    0.0
 61 6126.554900 1.900E-25 2.651E-04.06530.079  157.13000.85-.012300                   0 0 0 0 1A1    6E             5E         3433328573421110 7    26.0   22.0
 61 6126.565900 2.490E-26 0.000E+00.05980.075  815.00000.75-.012253                                                            34443285735217 1 7     0.0    0.0
 61 6126.607900 1.820E-25 0.000E+00.05980.075  815.00000.75-.012253                                                            34443285735217 1 7     0.0    0.0
 61 6126.647500 1.810E-26 1.683E-05.06540.082  157.12000.75-.012253                   0 0 0 0 1A1    6F1            5F2        34663285735217 1 7    39.0   33.0
 61 6126.710900 1.720E-25 0.000E+00.05980.075  815.00000.75-.012253                                                            34443285735217 1 7     0.0    0.0
 61 6126.826198 4.890E-25 0.000E+00.06000.077  815.00000.85-.012300                                                            3433328573421110 7     0.0    0.0
 61 6126.877857 8.080E-25 0.000E+00.06000.077  815.00000.85-.012300                                                            4433328573421110 7     0.0    0.0
 61 6126.917388 4.960E-25 0.000E+00.06000.077  815.00000.85-.012300                                                            3433328573421110 7     0.0    0.0
 61 6126.963400 8.600E-26 0.000E+00.05980.075  107.78000.75-.012254                                                            34443285735217 1 7     0.0    0.0
 61 6127.019123 6.820E-25 0.000E+00.06000.077  815.00000.85-.012300                                                            4433328573421110 7     0.0    0.0
 61 6127.068741 2.170E-23 3.602E-02.06160.077  222.29260.83-.014200                   0 0 0 0 1A1    7E 157         6E   1     445335857348 71212    30.0   26.0
 61 6127.082278 3.870E-25 0.000E+00.05980.075  270.61490.75-.012254                                                            34443285735217 1 7     0.0    0.0
 61 6127.103198 3.120E-23 3.413E-02.06250.077  219.91000.90-.011900                   0 0 0 0 1A1    7F1241         6F2  1     445335857348 71212    45.0   39.0
 61 6127.181155 4.920E-23 3.229E-02.06290.077  219.91000.87-.009200                   0 0 0 0 1A1    7A1 75         6A2  1     445335857348 71212    75.0   65.0
 61 6127.209600 8.270E-26 7.693E-05.06500.082  157.12000.75-.012254                   0 0 0 0 1A1    6F2            5F1        34553285735217 1 7    39.0   33.0
 61 6127.227100 4.470E-26 0.000E+00.05980.075  815.00000.75-.012254                                                            34443285735217 1 7     0.0    0.0
 61 6127.258211 9.200E-25 0.000E+00.06000.077  815.00000.85-.012300                                                            4433328573421110 7     0.0    0.0
 61 6127.300535 2.820E-24 0.000E+00.06000.077  781.08000.85-.012300                                                            4433328573421110 7     0.0    0.0
 61 6127.335593 1.280E-24 0.000E+00.06000.077  815.00000.85-.012300                                                            4433328573421110 7     0.0    0.0
 61 6127.378900 9.530E-27 8.865E-06.06540.082  157.12000.75-.012255                   0 0 0 0 1A1    6F1            5F2        34663285735217 1 7    39.0   33.0
 61 6127.436847 5.050E-25 0.000E+00.06000.077  815.00000.85-.012300                                                            4433328573421110 7     0.0    0.0
 61 6127.467418 3.010E-24 5.573E-03.05970.074  376.80000.69-.012300                   0 0 0 0 1A1    9F2292         8F1  2     445332857348 7 1 7    57.0   51.0
 61 6127.512764 4.080E-24 7.554E-03.05970.074  376.78000.69-.012300                   0 0 0 0 1A1    9F1300         8F2  1     445332857348 7 1 7    57.0   51.0
 61 6127.541000 4.800E-26 8.885E-05.05380.068  376.73000.75-.012255                   0 0 0 0 1A1    9F2            8F1        34553285735217 1 7    57.0   51.0
 61 6127.572800 4.860E-26 0.000E+00.05980.075  815.00000.75-.012255                                                            34443285735217 1 7     0.0    0.0
 61 6127.587900 4.210E-26 0.000E+00.05980.075  815.00000.75-.012255                                                            34443285735217 1 7     0.0    0.0
 61 6127.606500 3.390E-26 0.000E+00.05980.075  815.00000.75-.012255                                                            34443285735217 1 7     0.0    0.0
 61 6127.634300 2.510E-26 0.000E+00.05980.075  815.00000.75-.012255                                                            34443285735217 1 7     0.0    0.0
 61 6127.651400 3.860E-26 0.000E+00.05980.075  815.00000.75-.012255                                                            34443285735217 1 7     0.0    0.0
 61 6127.673300 6.240E-26 0.000E+00.05980.075  815.00000.75-.012255                                                            34443285735217 1 7     0.0    0.0
 61 6127.784700 1.220E-26 0.000E+00.05980.075  815.00000.75-.012256                                                            34443285735217 1 7     0.0    0.0
 61 6127.798300 9.810E-26 0.000E+00.05980.075  815.00000.75-.012256                                                            34443285735217 1 7     0.0    0.0
 61 6127.850600 1.980E-26 0.000E+00.05980.075  815.00000.75-.012256                                                            34443285735217 1 7     0.0    0.0
 61 6127.900900 1.030E-25 0.000E+00.05980.075  815.00000.75-.012256                                                            34443285735217 1 7     0.0    0.0
 61 6127.945300 3.220E-26 0.000E+00.05980.075  815.00000.75-.012256                                                            34443285735217 1 7     0.0    0.0
 61 6127.975149 4.520E-25 0.000E+00.06000.077  815.00000.85-.012300                                                            3433328573421110 7     0.0    0.0
 61 6127.989300 2.520E-25 0.000E+00.05980.075  211.59000.75-.012256                                                            34443285735217 1 7     0.0    0.0
 61 6128.042500 1.450E-25 0.000E+00.06000.077  347.69000.85-.012300                                                            3433328573421110 7     0.0    0.0
 61 6128.050800 8.820E-26 0.000E+00.05980.075  815.00000.75-.012256                                                            34443285735217 1 7     0.0    0.0
 61 6128.075916 1.100E-24 0.000E+00.06000.077  815.00000.85-.012300                                                            4433328573421110 7     0.0    0.0
 61 6128.111300 9.210E-26 0.000E+00.05980.075  380.71000.75-.012256                                                            34443285735217 1 7     0.0    0.0
 61 6128.126499 8.050E-25 0.000E+00.06000.077  815.00000.85-.012300                                                            4433328573421110 7     0.0    0.0
 61 6128.156018 5.500E-25 0.000E+00.05000.067  814.64000.85-.012300                                                            4433328573421110 7     0.0    0.0
 61 6128.205100 3.380E-26 0.000E+00.05980.075  815.00000.75-.012256                                                            34443285735217 1 7     0.0    0.0
 61 6128.252900 8.000E-26 0.000E+00.05980.075  815.00000.75-.012257                                                            34443285735217 1 7     0.0    0.0
 61 6128.299300 1.160E-26 0.000E+00.05980.075  815.00000.75-.012257                                                            34443285735217 1 7     0.0    0.0
 61 6128.354300 1.040E-26 1.137E-05.06510.082   62.87000.75-.012257                   0 0 0 0 1A1    3F1            3F2        34663285735217 1 7    21.0   21.0
 61 6128.355400 1.700E-26 0.000E+00.05980.075  137.00000.75-.012257                                                            34443285735217 1 7     0.0    0.0
 61 6128.370100 2.380E-26 0.000E+00.05980.075  815.00000.75-.012257                                                            34443285735217 1 7     0.0    0.0
 61 6128.386200 9.210E-27 0.000E+00.05980.075  815.00000.75-.012257                                                            34443285735217 1 7     0.0    0.0
 61 6128.402300 4.930E-26 0.000E+00.05980.075  815.00000.75-.012257                                                            34443285735217 1 7     0.0    0.0
 61 6128.447800 3.110E-26 3.399E-05.06610.083   62.87000.75-.012257                   0 0 0 0 1A1    3F2            3F1        34553285735217 1 7    21.0   21.0
 61 6128.450200 4.130E-26 0.000E+00.05980.075  127.28000.75-.012257                                                            34443285735217 1 7     0.0    0.0
 61 6128.459300 2.090E-25 1.945E-04.06000.077  157.12000.85-.012300                   0 0 0 0 1A1    6F2            5F1        3433328573421110 7    39.0   33.0
 61 6128.482400 2.020E-25 0.000E+00.05980.075  332.76000.75-.012257                                                            34443285735217 1 7     0.0    0.0
 61 6128.512700 3.720E-26 0.000E+00.05980.075  815.00000.75-.012257                                                            34443285735217 1 7     0.0    0.0
 61 6128.554200 1.560E-25 1.330E-04.06530.078  104.78000.72-.012300                   0 0 0 0 1A1    5F1190         4F2  1     345332857348 7 1 7    33.0   27.0
 61 6128.607900 3.810E-26 0.000E+00.05980.075  815.00000.75-.012257                                                            34443285735217 1 7     0.0    0.0
 61 6128.623493 5.370E-25 0.000E+00.06000.077  815.00000.85-.012300                                                            4433328573421110 7     0.0    0.0
 61 6128.639200 2.150E-25 0.000E+00.05980.075  388.31000.75-.012257                                                            34443285735217 1 7     0.0    0.0
 61 6128.640288 1.230E-24 2.279E-03.05970.074  376.82000.69-.012300                   0 0 0 0 1A1    9F1301         8F2  2     445332857348 7 1 7    57.0   51.0
 61 6128.679592 1.360E-24 2.519E-03.05970.074  376.78000.69-.012300                   0 0 0 0 1A1    9F1301         8F2  1     445332857348 7 1 7    57.0   51.0
 61 6128.708735 2.630E-25 3.364E-04.06530.078  104.77000.72-.012300                   0 0 0 0 1A1    5E 123         4E   1     345332857348 7 1 7    22.0   18.0
 61 6128.748600 5.320E-26 4.951E-05.06540.082  157.12000.75-.012257                   0 0 0 0 1A1    6F1            5F2        34663285735217 1 7    39.0   33.0
 61 6128.762174 2.490E-24 6.919E-03.05970.074  376.82000.69-.012300                   0 0 0 0 1A1    9E 196         8E   2     445332857348 7 1 7    38.0   34.0
 61 6128.765300 2.980E-25 0.000E+00.05980.075  384.95000.75-.012258                                                            34443285735217 1 7     0.0    0.0
 61 6128.795400 1.220E-25 0.000E+00.05980.075  815.00000.75-.012258                                                            34443285735217 1 7     0.0    0.0
 61 6128.832000 8.780E-26 0.000E+00.05980.075  815.00000.75-.012258                                                            34443285735217 1 7     0.0    0.0
 61 6128.845915 5.140E-25 1.428E-03.05970.074  376.73000.69-.012300                   0 0 0 0 1A1    9E 196         8E   1     445332857348 7 1 7    38.0   34.0
 61 6128.898900 1.030E-26 0.000E+00.05980.075  815.00000.75-.012258                                                            34443285735217 1 7     0.0    0.0
 61 6128.953600 1.150E-26 0.000E+00.05980.075  815.00000.75-.012258                                                            34443285735217 1 7     0.0    0.0
 61 6129.028487 3.160E-23 3.459E-02.06410.077  219.93000.86-.008600                   0 0 0 0 1A1    7F1242         6F2  2     445335857348 71212    45.0   39.0
 61 6129.050146 8.560E-25 9.369E-04.06440.078  219.91000.85-.012300                   0 0 0 0 1A1    7F1            6F2        4433328573421110 7    45.0   39.0
 61 6129.076700 8.340E-26 0.000E+00.05980.075  815.00000.75-.012258                                                            34443285735217 1 7     0.0    0.0
 61 6129.098100 2.410E-26 0.000E+00.05980.075  815.00000.75-.012258                                                            34443285735217 1 7     0.0    0.0
 61 6129.116700 4.370E-26 0.000E+00.05980.075  815.00000.75-.012258                                                            34443285735217 1 7     0.0    0.0
 61 6129.138200 4.180E-26 0.000E+00.05980.075  815.00000.75-.012258                                                            34443285735217 1 7     0.0    0.0
 61 6129.153900 1.080E-25 1.364E-04.06360.080  219.93000.75-.012258                   0 0 0 0 1A1    6F1            6F2        34663285735217 1 7    39.0   39.0
 61 6129.175400 2.330E-25 2.943E-04.06360.080  219.91000.75-.012258                   0 0 0 0 1A1    6F1            6F2        34663285735217 1 7    39.0   39.0
 61 6129.206000 3.400E-26 0.000E+00.05980.075  815.00000.75-.012258                                                            34443285735217 1 7     0.0    0.0
 61 6129.230200 1.870E-25 3.464E-04.05380.068  376.80000.75-.012258                   0 0 0 0 1A1    9F2            8F1        34553285735217 1 7    57.0   51.0
 61 6129.245600 5.810E-26 0.000E+00.05980.075  815.00000.75-.012258                                                            34443285735217 1 7     0.0    0.0
 61 6129.264700 1.310E-26 0.000E+00.05980.075  815.00000.75-.012259                                                            34443285735217 1 7     0.0    0.0
 61 6129.301811 4.170E-25 7.723E-04.05380.068  376.73000.75-.012259                   0 0 0 0 1A1    9F2            8F1        34553285735217 1 7    57.0   51.0
 61 6129.326879 6.820E-25 0.000E+00.06000.077  815.00000.85-.012300                                                            4433328573421110 7     0.0    0.0
 61 6129.363274 3.060E-23 3.350E-02.06400.077  219.94000.81-.009000                   0 0 0 0 1A1    7F2235         6F1  1     445335857348 71212    45.0   39.0
 61 6129.385059 6.970E-25 6.488E-04.06000.077  157.13000.85-.012300                   0 0 0 0 1A1    6F2            5F1        4433328573421110 7    39.0   33.0
 61 6129.399466 5.120E-25 4.766E-04.06500.082  157.12000.75-.012259                   0 0 0 0 1A1    6F2            5F1        44553285735217 1 7    39.0   33.0
 61 6129.433900 2.790E-25 2.114E-04.05930.075  219.91000.75-.012259                   0 0 0 0 1A1    6A1            6A2        34653285735217 1 7    65.0   65.0
 61 6129.434395 5.770E-25 8.057E-04.06410.077  157.13000.72-.012300                   0 0 0 0 1A1    6E 144         5E   1     445332857348 7 1 7    26.0   22.0
 61 6129.471200 4.700E-26 0.000E+00.05980.075  815.00000.75-.012259                                                            34443285735217 1 7     0.0    0.0
 61 6129.502900 2.670E-26 0.000E+00.05980.075  815.00000.75-.012259                                                            34443285735217 1 7     0.0    0.0
 61 6129.515100 6.820E-26 0.000E+00.05980.075  815.00000.75-.012259                                                            34443285735217 1 7     0.0    0.0
 61 6129.541500 4.060E-26 0.000E+00.05980.075  815.00000.75-.012259                                                            34443285735217 1 7     0.0    0.0
 61 6129.562000 2.670E-26 0.000E+00.05980.075  815.00000.75-.012259                                                            34443285735217 1 7     0.0    0.0
 61 6129.585000 3.200E-26 0.000E+00.05980.075  815.00000.75-.012259                                                            34443285735217 1 7     0.0    0.0
 61 6129.606500 3.820E-26 0.000E+00.05980.075  815.00000.75-.012259                                                            34443285735217 1 7     0.0    0.0
 61 6129.625000 9.780E-26 0.000E+00.05980.075  815.00000.75-.012259                                                            34443285735217 1 7     0.0    0.0
 61 6129.630900 7.680E-27 7.149E-06.06540.082  157.12000.75-.012259                   0 0 0 0 1A1    6F1            5F2        34663285735217 1 7    39.0   33.0
 61 6129.642600 8.560E-26 0.000E+00.05980.075  815.00000.75-.012259                                                            34443285735217 1 7     0.0    0.0
 61 6129.662600 3.700E-26 0.000E+00.05980.075  815.00000.75-.012259                                                            34443285735217 1 7     0.0    0.0
 61 6129.685100 2.900E-26 0.000E+00.05980.075  815.00000.75-.012259                                                            34443285735217 1 7     0.0    0.0
 61 6129.706500 3.880E-26 0.000E+00.05980.075  815.00000.75-.012259                                                            34443285735217 1 7     0.0    0.0
 61 6129.725600 3.510E-26 0.000E+00.05980.075  815.00000.75-.012259                                                            34443285735217 1 7     0.0    0.0
 61 6129.748500 2.530E-26 0.000E+00.05980.075  815.00000.75-.012259                                                            34443285735217 1 7     0.0    0.0
 61 6129.767100 1.920E-26 0.000E+00.05980.075  815.00000.75-.012260                                                            34443285735217 1 7     0.0    0.0
 61 6129.815400 3.140E-26 0.000E+00.05980.075  815.00000.75-.012260                                                            34443285735217 1 7     0.0    0.0
 61 6129.835000 7.920E-26 0.000E+00.05980.075  815.00000.75-.012260                                                            34443285735217 1 7     0.0    0.0
 61 6129.889155 5.380E-23 3.535E-02.06300.077  219.94000.83-.008900                   0 0 0 0 1A1    7A2 83         6A1  1     445335857348 71212    75.0   65.0
 61 6129.926850 9.220E-25 8.584E-04.06410.077  157.12000.72-.012300                   0 0 0 0 1A1    6F2218         5F1  1     445332857348 7 1 7    39.0   33.0
 61 6129.945047 1.480E-25 2.067E-04.06410.077  157.13000.72-.012300                   0 0 0 0 1A1    6E 145         5E   1     345332857348 7 1 7    26.0   22.0
 61 6129.982900 3.730E-26 0.000E+00.05980.075  815.00000.75-.012260                                                            34443285735217 1 7     0.0    0.0
 61 6130.018100 1.860E-26 0.000E+00.05980.075  815.00000.75-.012260                                                            34443285735217 1 7     0.0    0.0
 61 6130.038400 3.630E-26 0.000E+00.05980.075  174.10000.75-.012260                                                            34443285735217 1 7     0.0    0.0
 61 6130.041000 1.450E-25 1.595E-04.06000.077  157.12000.85-.012300                   0 0 0 0 1A1    5F2            5F1        3433328573421110 7    33.0   33.0
 61 6130.052700 4.480E-26 0.000E+00.05980.075  815.00000.75-.012260                                                            34443285735217 1 7     0.0    0.0
 61 6130.093882 4.210E-25 0.000E+00.06000.077  815.00000.85-.012300                                                            3433328573421110 7     0.0    0.0
 61 6130.118848 3.540E-25 0.000E+00.06000.077  815.00000.85-.012300                                                            3433328573421110 7     0.0    0.0
 61 6130.150400 7.540E-26 0.000E+00.05980.075  815.00000.75-.012260                                                            34443285735217 1 7     0.0    0.0
 61 6130.160200 2.400E-26 0.000E+00.05980.075  815.00000.75-.012260                                                            34443285735217 1 7     0.0    0.0
 61 6130.229000 4.140E-26 0.000E+00.05980.075  815.00000.75-.012260                                                            34443285735217 1 7     0.0    0.0
 61 6130.253400 3.240E-26 0.000E+00.05980.075  815.00000.75-.012261                                                            34443285735217 1 7     0.0    0.0
 61 6130.286600 1.730E-26 0.000E+00.05980.075  815.00000.75-.012261                                                            34443285735217 1 7     0.0    0.0
 61 6130.339991 6.940E-25 0.000E+00.06000.077  815.00000.85-.012300                                                            4433328573421110 7     0.0    0.0
 61 6130.370932 1.100E-24 1.024E-03.06410.077  157.12000.72-.012300                   0 0 0 0 1A1    6F1211         5F2  1     445332857348 7 1 7    39.0   33.0
 61 6130.437000 2.440E-26 0.000E+00.05980.075  815.00000.75-.012261                                                            34443285735217 1 7     0.0    0.0
 61 6130.496198 6.850E-25 0.000E+00.06000.077  815.00000.85-.012300                                                            4433328573421110 7     0.0    0.0
 61 6130.549800 5.770E-26 0.000E+00.05980.075  815.00000.75-.012261                                                            34443285735217 1 7     0.0    0.0
 61 6130.664600 4.590E-26 0.000E+00.05980.075  815.00000.75-.012261                                                            34443285735217 1 7     0.0    0.0
 61 6130.721200 5.990E-26 0.000E+00.05980.075  155.66000.75-.012261                                                            34443285735217 1 7     0.0    0.0
 61 6130.813798 2.630E-23 4.876E-02.06000.074  376.82000.84-.008400                   0 0 0 0 1A1    9F1302         8F2  2     445335857348 71212    57.0   51.0
 61 6130.852026 4.080E-25 7.562E-04.06000.077  376.78000.85-.012300                   0 0 0 0 1A1    9F1            8F2        3433328573421110 7    57.0   51.0
 61 6130.885700 1.430E-26 0.000E+00.05980.075  815.00000.75-.012262                                                            34443285735217 1 7     0.0    0.0
 61 6131.017800 1.140E-25 2.161E-04.05660.071  219.91000.75-.012262                   0 0 0 0 1A1    6E             6E         34553285735217 1 7    26.0   26.0
 61 6131.028500 2.140E-26 0.000E+00.05980.075  233.03000.75-.012262                                                            34443285735217 1 7     0.0    0.0
 61 6131.050128 1.449E-23 4.030E-02.05330.074  376.82000.74-.009100                   0 0 0 0 1A1    9E 197         8E   2     435335854848 71212    38.0   34.0
 61 6131.107400 1.350E-25 1.706E-04.06000.077  219.91000.85-.012300                   0 0 0 0 1A1    6F1            6F2        3433328573421110 7    39.0   39.0
 61 6131.135010 6.050E-25 1.682E-03.05970.074  376.73000.69-.012300                   0 0 0 0 1A1    9E 197         8E   1     445332857348 7 1 7    38.0   34.0
 61 6131.144200 7.550E-26 0.000E+00.05980.075  384.79000.75-.012262                                                            34443285735217 1 7     0.0    0.0
 61 6131.155300 4.520E-26 0.000E+00.05980.075  815.00000.75-.012262                                                            34443285735217 1 7     0.0    0.0
 61 6131.173800 5.650E-26 0.000E+00.05980.075  815.00000.75-.012262                                                            34443285735217 1 7     0.0    0.0
 61 6131.195600 2.290E-26 2.389E-05.06660.084  104.77000.75-.012262                   0 0 0 0 1A1    4F2            4F1        34553285735217 1 7    27.0   27.0
 61 6131.198300 1.790E-26 0.000E+00.05980.075  148.85000.75-.012262                                                            34443285735217 1 7     0.0    0.0
 61 6131.224600 3.580E-26 0.000E+00.05980.075  815.00000.75-.012262                                                            34443285735217 1 7     0.0    0.0
 61 6131.286634 2.010E-23 3.726E-02.06050.074  376.80000.84-.013200                   0 0 0 0 1A1    9F2294         8F1  2     445335857348 71212    57.0   51.0
 61 6131.357315 6.340E-25 1.175E-03.05970.074  376.73000.69-.012300                   0 0 0 0 1A1    9F2294         8F1  1     445332857348 7 1 7    57.0   51.0
 61 6131.388200 4.290E-26 0.000E+00.05980.075  815.00000.75-.012263                                                            34443285735217 1 7     0.0    0.0
 61 6131.458500 4.590E-26 0.000E+00.05980.075  815.00000.75-.012263                                                            34443285735217 1 7     0.0    0.0
 61 6131.727100 1.080E-25 0.000E+00.05980.075  815.00000.75-.012263                                                            34443285735217 1 7     0.0    0.0
 61 6131.805988 4.110E-25 0.000E+00.06000.077  815.00000.85-.012300                                                            3433328573421110 7     0.0    0.0
 61 6131.862451 1.890E-24 0.000E+00.06000.077  718.79660.85-.012300                                                            4433328573431210 7     0.0    0.0
 61 6131.878242 4.100E-25 0.000E+00.05980.075  768.07170.75-.012264                                                            34443285735217 1 7     0.0    0.0
 61 6131.894500 3.070E-26 0.000E+00.05980.075  815.00000.75-.012264                                                            34443285735217 1 7     0.0    0.0
 61 6131.997307 1.430E-24 1.567E-03.06270.077  219.94000.70-.012300                   0 0 0 0 1A1    7F2236         6F1  1     445332857348 7 1 7    45.0   39.0
 61 6132.044987 2.660E-23 2.478E-02.06500.077  157.12000.90-.012900                   0 0 0 0 1A1    6F2219         5F1  1     445335857348 71212    39.0   33.0
 61 6132.359728 1.910E-22 1.220E+00.04030.067  808.58790.67-.010000                   0 0 0 0 1A1   13A2137        12A1  1     445335857346 71212   135.0  125.0
 61 6132.363703 1.010E-22 6.643E-01.04500.057  814.64000.75-.012265                   0 0 0 0 1A1   13A2           12A1        44553285735217 1 7   135.0  125.0
 61 6132.542773 2.860E-24 0.000E+00.06000.077  814.64000.85-.012300                                                            4433328573421110 7     0.0    0.0
 61 6132.600365 4.490E-24 0.000E+00.05000.067  814.64000.85-.012300                                                            4433328573421110 7     0.0    0.0
 61 6132.622387 3.200E-25 4.997E-04.06270.077  292.78920.70-.012300                   0 0 0 0 1A1    7F1243         6F2  2     345332857348 7 1 7    45.0   39.0
 61 6132.622900 1.100E-25 1.206E-04.06360.080  219.93000.75-.012265                   0 0 0 0 1A1    7F1            6F2        34663285735217 1 7    45.0   39.0
 61 6132.646670 7.790E-25 8.537E-04.06270.077  219.91000.70-.012300                   0 0 0 0 1A1    7F1243         6F2  1     445332857348 7 1 7    45.0   39.0
 61 6132.708846 2.150E-24 0.000E+00.05000.067  814.64000.85-.012300                                                            4433328573421110 7     0.0    0.0
 61 6132.789112 8.220E-23 0.000E+00.05000.067  814.64000.85-.012300                                                            4433328573421110 7     0.0    0.0
 61 6132.850225 7.840E-23 0.000E+00.05000.067  814.64000.85-.012300                                                            4433328573421110 7     0.0    0.0
 61 6132.893570 3.170E-23 2.954E-02.06410.077  157.12000.72-.012300                   0 0 0 0 1A1    6F1212         5F2  1     445332857348 7 1 7    39.0   33.0
 61 6132.946915 1.390E-23 0.000E+00.06130.075  376.73000.85-.012300                                                            4433328573421110 7     0.0    0.0
 61 6132.957910 1.580E-22 0.000E+00.05000.067  814.64000.85-.012300                                                            4433328573421110 7     0.0    0.0
 61 6133.065573 6.020E-23 0.000E+00.05000.067  814.64000.85-.012300                                                            4433328573421110 7     0.0    0.0
 61 6133.102013 5.660E-23 0.000E+00.05000.067  814.64000.85-.012300                                                            4433328573421110 7     0.0    0.0
 61 6133.119633 1.370E-22 0.000E+00.05000.067  814.64000.85-.012300                                                            4433328573421110 7     0.0    0.0
 61 6133.132701 1.320E-22 0.000E+00.05000.067  814.64000.85-.012300                                                            4433328573421110 7     0.0    0.0
 61 6133.207257 5.900E-24 0.000E+00.05000.067  814.64000.85-.012300                                                            4433328573421110 7     0.0    0.0
 61 6133.226152 2.140E-23 0.000E+00.05000.067  814.64000.85-.012300                                                            4433328573421110 7     0.0    0.0
 61 6133.268067 8.980E-25 2.499E-03.05250.066  376.82000.75-.012267                   0 0 0 0 1A1    9E             8E         44553285735217 1 7    38.0   34.0
 61 6133.286528 5.810E-24 0.000E+00.06000.077  815.00000.85-.012300                                                            4433328573421110 7     0.0    0.0
 61 6133.352600 6.040E-24 1.680E-02.05250.066  376.73000.75-.012267                   0 0 0 0 1A1    9E             8E         45553285735217 1 7    38.0   34.0
 61 6133.353604 2.730E-23 3.817E-02.06020.077  157.13000.81-.010800                   0 0 0 0 1A1    6E 146         5E   1     445335857348 71212    26.0   22.0
 61 6133.367640 4.260E-24 0.000E+00.06000.077  815.00000.85-.012300                                                            4433328573421110 7     0.0    0.0
 61 6133.385491 8.750E-25 0.000E+00.05980.075  815.00000.75-.012267                                                            44443285735217 1 7     0.0    0.0
 61 6133.458745 9.110E-24 1.690E-02.05970.074  376.73000.69-.012300                   0 0 0 0 1A1    9F2295         8F1  1     445332857348 7 1 7    57.0   51.0
 61 6133.511503 4.340E-23 4.046E-02.06480.077  157.13000.86-.008800                   0 0 0 0 1A1    6F2220         5F1  2     445335857348 71212    39.0   33.0
 61 6133.546400 1.040E-25 0.000E+00.05980.075  815.00000.75-.012267                                                            34443285735217 1 7     0.0    0.0
 61 6133.609546 1.610E-23 1.792E-02.05650.074  376.73000.75-.015500                   0 0 0 0 1A1    9A2102         8A1  1     445335857348 71212    95.0   85.0
 61 6133.629834 2.790E-24 0.000E+00.06000.077  815.00000.85-.012300                                                            4433328573421110 7     0.0    0.0
 61 6133.731500 3.280E-26 0.000E+00.05980.075  815.00000.75-.012267                                                            34443285735217 1 7     0.0    0.0
 61 6133.783885 2.580E-24 0.000E+00.05000.067  814.64000.85-.012300                                                            4433328573421110 7     0.0    0.0
 61 6133.822800 1.180E-25 0.000E+00.05980.075  815.00000.75-.012268                                                            34443285735217 1 7     0.0    0.0
 61 6133.981000 5.700E-26 0.000E+00.05980.075  815.00000.75-.012268                                                            34443285735217 1 7     0.0    0.0
 61 6133.996600 1.200E-26 0.000E+00.05980.075  229.59000.75-.012268                                                            34443285735217 1 7     0.0    0.0
 61 6134.007600 8.870E-26 1.683E-04.05660.071  219.91000.75-.012268                   0 0 0 0 1A1    6E             6E         34553285735217 1 7    26.0   26.0
 61 6134.023600 1.160E-25 1.467E-04.06000.077  219.91000.85-.012300                   0 0 0 0 1A1    6F1            6F2        3433328573421110 7    39.0   39.0
 61 6134.024800 3.580E-26 0.000E+00.05980.075  240.45000.75-.012268                                                            34443285735217 1 7     0.0    0.0
 61 6134.042500 1.060E-25 0.000E+00.05980.075  815.00000.75-.012268                                                            34443285735217 1 7     0.0    0.0
 61 6134.071300 1.070E-25 0.000E+00.05980.075  815.00000.75-.012268                                                            34443285735217 1 7     0.0    0.0
 61 6134.112700 1.540E-25 1.169E-04.05930.075  219.91000.75-.012268                   0 0 0 0 1A1    6A1            6A2        34653285735217 1 7    65.0   65.0
 61 6134.121100 1.890E-25 0.000E+00.06000.077  815.00000.85-.012300                                                            3433328573421110 7     0.0    0.0
 61 6134.187500 2.940E-26 0.000E+00.05980.075  815.00000.75-.012268                                                            34443285735217 1 7     0.0    0.0
 61 6134.219744 1.400E-24 0.000E+00.04750.065  950.15000.63-.012300                   0 0 0 0 1A1                  13A2  1     445332857348 7 1 7     0.0    0.0
 61 6134.239700 4.010E-26 0.000E+00.05980.075  815.00000.75-.012268                                                            34443285735217 1 7     0.0    0.0
 61 6134.248200 1.490E-26 2.463E-05.05840.074  157.13000.75-.012268                   0 0 0 0 1A1    5E             5E         34553285735217 1 7    22.0   22.0
 61 6134.301066 5.270E-25 8.248E-04.05790.073  293.12000.75-.012269                   0 0 0 0 1A1    7F2            7F1        44553285735217 1 7    45.0   45.0
 61 6134.308392 2.030E-24 0.000E+00.05000.067  814.64000.85-.012300                                                            4433328573421110 7     0.0    0.0
 61 6134.371685 5.370E-25 9.962E-04.05000.067  376.73000.85-.012300                   0 0 0 0 1A1    9F2            8F1        4433328573421110 7    57.0   51.0
 61 6134.602500 1.480E-26 0.000E+00.05980.075  815.00000.75-.012269                                                            34443285735217 1 7     0.0    0.0
 61 6134.652300 8.160E-27 0.000E+00.05980.075  815.00000.75-.012269                                                            34443285735217 1 7     0.0    0.0
 61 6134.669900 1.490E-26 0.000E+00.05980.075  815.00000.75-.012269                                                            34443285735217 1 7     0.0    0.0
 61 6134.750000 2.460E-26 0.000E+00.05980.075  815.00000.75-.012269                                                            34443285735217 1 7     0.0    0.0
 61 6134.804093 1.520E-24 1.000E-03.06270.077  219.94000.70-.012300                   0 0 0 0 1A1    7A2 84         6A1  1     445332857348 7 1 7    75.0   65.0
 61 6134.854471 1.040E-24 1.141E-03.06270.077  219.94000.70-.012300                   0 0 0 0 1A1    7F2237         6F1  1     445332857348 7 1 7    45.0   39.0
 61 6134.895000 2.230E-25 0.000E+00.06000.077  815.00000.85-.012300                                                            3433328573421110 7     0.0    0.0
 61 6134.967338 1.450E-24 1.590E-03.06270.077  219.93000.70-.012300                   0 0 0 0 1A1    7F1244         6F2  2     445332857348 7 1 7    45.0   39.0
 61 6134.988931 7.700E-25 8.444E-04.06270.077  219.91000.70-.012300                   0 0 0 0 1A1    7F1244         6F2  1     445332857348 7 1 7    45.0   39.0
 61 6135.079100 1.180E-25 0.000E+00.05980.075  815.00000.75-.012270                                                            34443285735217 1 7     0.0    0.0
 61 6135.147555 6.660E-24 4.383E-03.06270.077  219.91000.70-.012300                   0 0 0 0 1A1    7A1 76         6A2  1     445332857348 7 1 7    75.0   65.0
 61 6135.248500 7.700E-26 0.000E+00.05980.075  815.00000.75-.012270                                                            34443285735217 1 7     0.0    0.0
 61 6135.299300 7.110E-26 0.000E+00.05980.075  815.00000.75-.012271                                                            34443285735217 1 7     0.0    0.0
 61 6135.398900 2.860E-26 0.000E+00.05980.075  815.00000.75-.012271                                                            34443285735217 1 7     0.0    0.0
 61 6135.419400 2.760E-25 0.000E+00.06000.077  815.00000.85-.012300                                                            3433328573421110 7     0.0    0.0
 61 6135.512700 4.980E-26 0.000E+00.05980.075  815.00000.75-.012271                                                            34443285735217 1 7     0.0    0.0
 61 6135.561500 3.160E-26 0.000E+00.05980.075  302.54000.75-.012271                                                            34443285735217 1 7     0.0    0.0
 61 6135.643513 2.260E-24 0.000E+00.05000.067  814.64000.85-.012300                                                            4433328573421110 7     0.0    0.0
 61 6135.709000 8.290E-27 1.298E-05.06080.077  293.12000.75-.012271                   0 0 0 0 1A1    7F1            7F2        34663285735217 1 7    45.0   45.0
 61 6135.743700 2.290E-26 0.000E+00.05980.075  815.00000.75-.012271                                                            34443285735217 1 7     0.0    0.0
 61 6135.800300 1.210E-25 0.000E+00.05980.075  815.00000.75-.012272                                                            34443285735217 1 7     0.0    0.0
 61 6135.924300 1.390E-25 3.688E-04.04980.063  470.85000.75-.012272                   0 0 0 0 1A1   10F2            9F1        34443285735217 1 7    63.0   57.0
 61 6135.937407 4.530E-24 7.212E-03.05710.073  470.83000.65-.012300                   0 0 0 0 1A1   10A2107         9A1  1     445332857348 7 1 7   105.0   95.0
 61 6135.977495 3.280E-24 8.702E-03.05710.073  470.80000.65-.012300                   0 0 0 0 1A1   10F2330         9F1  2     445332857348 7 1 7    63.0   57.0
 61 6135.991693 2.260E-24 8.993E-03.05710.073  470.79000.65-.012300                   0 0 0 0 1A1   10E 219         9E   1     445332857348 7 1 7    42.0   38.0
 61 6136.010700 1.120E-25 0.000E+00.05980.075  815.00000.75-.012272                                                            34443285735217 1 7     0.0    0.0
 61 6136.035600 6.410E-26 0.000E+00.05980.075  815.00000.75-.012272                                                            34443285735217 1 7     0.0    0.0
 61 6136.064400 2.240E-26 0.000E+00.05980.075  815.00000.75-.012272                                                            34443285735217 1 7     0.0    0.0
 61 6136.123500 2.710E-26 0.000E+00.05980.075  815.00000.75-.012272                                                            34443285735217 1 7     0.0    0.0
 61 6136.166000 2.090E-26 0.000E+00.05980.075  815.00000.75-.012272                                                            34443285735217 1 7     0.0    0.0
 61 6136.228500 7.010E-26 0.000E+00.05980.075  815.00000.75-.012272                                                            34443285735217 1 7     0.0    0.0
 61 6136.288100 1.840E-26 0.000E+00.05980.075  815.00000.75-.012273                                                            34443285735217 1 7     0.0    0.0
 61 6136.333000 8.860E-26 0.000E+00.05980.075  815.00000.75-.012273                                                            34443285735217 1 7     0.0    0.0
 61 6136.397500 1.590E-25 0.000E+00.06000.077  815.00000.85-.012300                                                            3433328573421110 7     0.0    0.0
 61 6136.414600 1.000E-25 0.000E+00.06000.077  815.00000.85-.012300                                                            3433328573421110 7     0.0    0.0
 61 6136.432600 2.680E-26 0.000E+00.05980.075  815.00000.75-.012273                                                            34443285735217 1 7     0.0    0.0
 61 6136.473600 1.740E-26 0.000E+00.05980.075  815.00000.75-.012273                                                            34443285735217 1 7     0.0    0.0
 61 6136.492200 1.690E-26 0.000E+00.05980.075  815.00000.75-.012273                                                            34443285735217 1 7     0.0    0.0
 61 6136.662100 7.410E-26 0.000E+00.05980.075  815.00000.75-.012273                                                            34443285735217 1 7     0.0    0.0
 61 6136.693126 6.220E-25 0.000E+00.04600.064  950.15000.85-.012300                                                            4433328573421110 7     0.0    0.0
 61 6136.732900 1.920E-25 0.000E+00.06000.077  270.01000.85-.012300                                                            3433328573421110 7     0.0    0.0
 61 6136.751900 4.730E-26 0.000E+00.05980.075  815.00000.75-.012274                                                            34443285735217 1 7     0.0    0.0
 61 6136.776400 2.230E-26 0.000E+00.05980.075  815.00000.75-.012274                                                            34443285735217 1 7     0.0    0.0
 61 6136.803700 6.130E-26 0.000E+00.05980.075  815.00000.75-.012274                                                            34443285735217 1 7     0.0    0.0
 61 6136.826700 1.950E-26 0.000E+00.05980.075  815.00000.75-.012274                                                            34443285735217 1 7     0.0    0.0
 61 6136.852500 2.660E-26 0.000E+00.05980.075  815.00000.75-.012274                                                            34443285735217 1 7     0.0    0.0
 61 6136.875000 3.530E-26 0.000E+00.05980.075  815.00000.75-.012274                                                            34443285735217 1 7     0.0    0.0
 61 6136.893500 3.840E-26 0.000E+00.05980.075  815.00000.75-.012274                                                            34443285735217 1 7     0.0    0.0
 61 6136.927100 3.290E-26 4.166E-05.06180.078  219.94000.75-.012274                   0 0 0 0 1A1    6F2            6F1        34553285735217 1 7    39.0   39.0
 61 6136.950600 2.520E-25 2.766E-04.06000.077  219.93000.85-.012300                   0 0 0 0 1A1    7F1            6F2        3433328573421110 7    45.0   39.0
 61 6136.966800 9.010E-26 0.000E+00.05980.075  815.00000.75-.012274                                                            34443285735217 1 7     0.0    0.0
 61 6136.983569 1.110E-24 0.000E+00.05340.069  689.86000.85-.012300                                                            4433328573421110 7     0.0    0.0
 61 6137.045152 1.320E-24 0.000E+00.06000.077  815.00000.85-.012300                                                            4433328573421110 7     0.0    0.0
 61 6137.059359 8.060E-25 0.000E+00.05980.075  815.00000.75-.012274                                                            44443285735217 1 7     0.0    0.0
 61 6137.075200 5.840E-26 0.000E+00.05980.075  815.00000.75-.012274                                                            34443285735217 1 7     0.0    0.0
 61 6137.130900 1.470E-25 1.613E-04.06360.080  219.93000.75-.012274                   0 0 0 0 1A1    7F1            6F2        34663285735217 1 7    45.0   39.0
 61 6137.147100 8.260E-26 0.000E+00.05980.075  232.50000.75-.012274                                                            34443285735217 1 7     0.0    0.0
 61 6137.157206 4.740E-25 5.202E-04.06360.080  219.91000.75-.012274                   0 0 0 0 1A1    7F1            6F2        34663285735217 1 7    45.0   39.0
 61 6137.170786 1.300E-23 1.213E-02.06580.077  157.12000.86-.009800                   0 0 0 0 1A1    6F1213         5F2  1     445335857348 71212    39.0   33.0
 61 6137.183817 1.070E-24 0.000E+00.05980.075  815.00000.75-.012274                                                            44443285735217 1 7     0.0    0.0
 61 6137.209000 1.390E-25 0.000E+00.05980.075  815.00000.75-.012274                                                            34443285735217 1 7     0.0    0.0
 61 6137.251000 2.130E-25 1.988E-04.06500.082  157.13000.75-.012275                   0 0 0 0 1A1    6F2            5F1        34553285735217 1 7    39.0   33.0
 61 6137.264433 1.410E-23 1.316E-02.06380.077  157.12000.77-.008500                   0 0 0 0 1A1    6F2221         5F1  1     445335857348 71212    39.0   33.0
 61 6137.281297 1.290E-24 0.000E+00.05000.067  814.64000.85-.012300                                                            4433328573421110 7     0.0    0.0
 61 6137.334000 7.750E-26 0.000E+00.05980.075  815.00000.75-.012275                                                            34443285735217 1 7     0.0    0.0
 61 6137.375274 3.160E-24 8.389E-03.05710.073  470.85000.65-.012300                   0 0 0 0 1A1   10F2331         9F1  3     445332857348 7 1 7    63.0   57.0
 61 6137.426334 2.750E-24 7.299E-03.05710.073  470.80000.65-.012300                   0 0 0 0 1A1   10F2331         9F1  2     445332857348 7 1 7    63.0   57.0
 61 6137.439715 2.040E-25 2.239E-04.06180.078  219.94000.75-.012275                   0 0 0 0 1A1    7F2            6F1        34553285735217 1 7    45.0   39.0
 61 6137.491087 2.170E-24 0.000E+00.06000.077  950.15000.85-.012300                                                            4433328573421110 7     0.0    0.0
 61 6137.505300 2.220E-25 2.437E-04.06180.078  219.94000.75-.012275                   0 0 0 0 1A1    7F2            6F1        34553285735217 1 7    45.0   39.0
 61 6137.534438 2.470E-23 3.414E-02.06090.076  293.12000.69-.011800                   0 0 0 0 1A1    8F2271         7F1  1     445335857348 71212    51.0   45.0
 61 6137.569391 2.320E-23 3.207E-02.06220.076  293.12000.69-.011500                   0 0 0 0 1A1    8F1265         7F2  1     445335857348 71212    51.0   45.0
 61 6137.621170 1.540E-24 0.000E+00.06000.077  815.00000.85-.012300                                                            4433328573421110 7     0.0    0.0
 61 6137.642850 3.660E-25 0.000E+00.05980.075  815.00000.75-.012275                                                            34443285735217 1 7     0.0    0.0
 61 6137.657200 4.260E-26 0.000E+00.05980.075  815.00000.75-.012275                                                            34443285735217 1 7     0.0    0.0
 61 6137.682400 1.230E-25 1.350E-04.06360.080  219.93000.75-.012275                   0 0 0 0 1A1    7F1            6F2        34663285735217 1 7    45.0   39.0
 61 6137.684900 4.560E-26 0.000E+00.05980.075  243.96000.75-.012275                                                            34443285735217 1 7     0.0    0.0
 61 6137.704774 1.280E-24 8.431E-04.05780.073  219.94000.75-.012275                   0 0 0 0 1A1    7A2            6A1        44553285735217 1 7    75.0   65.0
 61 6137.718446 1.290E-24 0.000E+00.06000.077  641.58000.85-.012300                                                            4433328573421110 7     0.0    0.0
 61 6137.734024 3.990E-25 0.000E+00.05980.075  381.25000.75-.012275                                                            34443285735217 1 7     0.0    0.0
 61 6137.752900 1.290E-25 0.000E+00.05980.075  815.00000.75-.012276                                                            34443285735217 1 7     0.0    0.0
 61 6137.756500 1.400E-25 2.194E-04.06080.077  293.12000.75-.012276                   0 0 0 0 1A1    7F1            7F2        34663285735217 1 7    45.0   45.0
 61 6137.765100 5.740E-26 0.000E+00.05980.075  815.00000.75-.012276                                                            34443285735217 1 7     0.0    0.0
 61 6137.900400 2.560E-26 2.811E-05.06180.078  219.94000.75-.012276                   0 0 0 0 1A1    7F2            6F1        34553285735217 1 7    45.0   39.0
 61 6137.907500 1.650E-25 2.717E-04.06000.077  219.91000.85-.012300                   0 0 0 0 1A1    7E             6E         3433328573421110 7    30.0   26.0
 61 6137.916500 7.020E-26 0.000E+00.05980.075  815.00000.75-.012276                                                            34443285735217 1 7     0.0    0.0
 61 6137.937619 7.040E-25 0.000E+00.06000.077  815.00000.85-.012300                                                            4433328573421110 7     0.0    0.0
 61 6137.995600 2.310E-25 0.000E+00.06000.077  815.00000.85-.012300                                                            3433328573421110 7     0.0    0.0
 61 6138.010300 2.300E-25 0.000E+00.05980.075  815.00000.75-.012276                                                            34443285735217 1 7     0.0    0.0
 61 6138.055031 8.100E-25 3.225E-03.06000.077  470.79000.85-.012300                   0 0 0 0 1A1   10E             9E         4433328573421110 7    42.0   38.0
 61 6138.076506 2.020E-24 0.000E+00.06000.077  815.00000.85-.012300                                                            4433328573421110 7     0.0    0.0
 61 6138.106242 1.260E-24 0.000E+00.06000.077  559.52000.85-.012300                                                            4433328573421110 7     0.0    0.0
 61 6138.112700 6.650E-25 1.766E-03.05360.068  470.86000.75-.012276                   0 0 0 0 1A1   10F1            9F2        45653285735217 1 7    63.0   57.0
 61 6138.130400 7.540E-26 0.000E+00.05980.075  815.00000.75-.012276                                                            34443285735217 1 7     0.0    0.0
 61 6138.153300 1.650E-25 0.000E+00.05980.075  815.00000.75-.012276                                                            34443285735217 1 7     0.0    0.0
 61 6138.169145 9.880E-24 0.000E+00.04750.065  950.15000.63-.012300                   0 0 0 0 1A1                  13A1  1     445332857348 7 1 7     0.0    0.0
 61 6138.219853 5.730E-24 0.000E+00.04750.065  950.15000.63-.012300                   0 0 0 0 1A1                  13A2  1     445332857348 7 1 7     0.0    0.0
 61 6138.249063 5.050E-25 1.340E-03.05360.068  470.72000.75-.012276                   0 0 0 0 1A1   10F1            9F2        44653285735217 1 7    63.0   57.0
 61 6138.269510 7.770E-25 0.000E+00.06000.077  815.00000.85-.012300                                                            4433328573421110 7     0.0    0.0
 61 6138.290536 1.300E-24 0.000E+00.06000.077  815.00000.85-.012300                                                            4433328573421110 7     0.0    0.0
 61 6138.313339 5.670E-25 0.000E+00.06000.077  815.00000.85-.012300                                                            4433328573421110 7     0.0    0.0
 61 6138.326700 6.270E-26 0.000E+00.05980.075  815.00000.75-.012277                                                            34443285735217 1 7     0.0    0.0
 61 6138.375000 2.520E-26 0.000E+00.05980.075  815.00000.75-.012277                                                            34443285735217 1 7     0.0    0.0
 61 6138.398833 7.930E-25 0.000E+00.04750.065  950.15000.63-.012300                   0 0 0 0 1A1                  13A1  1     445332857348 7 1 7     0.0    0.0
 61 6138.428352 2.150E-24 0.000E+00.04750.065  950.15000.63-.012300                   0 0 0 0 1A1                  13A1  1     445332857348 7 1 7     0.0    0.0
 61 6138.460223 9.960E-25 0.000E+00.04750.065  950.15000.63-.012300                   0 0 0 0 1A1                  13A1  1     445332857348 7 1 7     0.0    0.0
 61 6138.514200 4.790E-26 0.000E+00.05980.075  815.00000.75-.012277                                                            34443285735217 1 7     0.0    0.0
 61 6138.583938 2.610E-24 0.000E+00.04750.065  950.15000.63-.012300                   0 0 0 0 1A1                  13A1  1     445332857348 7 1 7     0.0    0.0
 61 6138.586316 1.330E-24 1.242E-03.06410.077  157.13000.72-.012300                   0 0 0 0 1A1    6F2222         5F1  2     445332857348 7 1 7    39.0   33.0
 61 6138.601100 8.110E-25 0.000E+00.05980.075  814.64000.75-.012277                                                            45443285735217 1 7     0.0    0.0
 61 6138.601427 3.180E-24 2.178E-03.06410.077   93.36310.72-.012300                   0 0 0 0 1A1    6F2222         5F1  1     445332857348 7 1 7    39.0   33.0
 61 6138.656027 3.030E-24 0.000E+00.04750.065  950.15000.63-.012300                   0 0 0 0 1A1                  13A1  1     445332857348 7 1 7     0.0    0.0
 61 6138.690714 1.790E-24 0.000E+00.04750.065  950.15000.63-.012300                   0 0 0 0 1A1                  13A1  1     445332857348 7 1 7     0.0    0.0
 61 6138.754178 2.690E-24 0.000E+00.04750.065  950.15000.63-.012300                   0 0 0 0 1A1                  13A1  1     445332857348 7 1 7     0.0    0.0
 61 6138.823300 2.540E-25 4.184E-04.06530.079  219.91000.85-.012300                   0 0 0 0 1A1    7E             6E         3433328573421110 7    30.0   26.0
 61 6138.862700 1.260E-26 1.384E-05.06360.080  219.93000.75-.012278                   0 0 0 0 1A1    7F1            6F2        34663285735217 1 7    45.0   39.0
 61 6138.867200 6.420E-26 0.000E+00.05980.075  815.00000.75-.012278                                                            34443285735217 1 7     0.0    0.0
 61 6138.885100 1.760E-25 1.933E-04.06360.080  219.91000.75-.012278                   0 0 0 0 1A1    7F1            6F2        34663285735217 1 7    45.0   39.0
 61 6138.922400 2.330E-25 0.000E+00.06000.077  815.00000.85-.012300                                                            3433328573421110 7     0.0    0.0
 61 6138.933100 2.730E-26 0.000E+00.05980.075  815.00000.75-.012278                                                            34443285735217 1 7     0.0    0.0
 61 6139.020500 2.810E-26 0.000E+00.05980.075  815.00000.75-.012278                                                            34443285735217 1 7     0.0    0.0
 61 6139.036100 1.160E-25 0.000E+00.05980.075  815.00000.75-.012278                                                            34443285735217 1 7     0.0    0.0
 61 6139.091141 2.510E-24 3.516E-03.06410.077  157.13000.72-.012300                   0 0 0 0 1A1    6E 147         5E   1     445332857348 7 1 7    26.0   22.0
 61 6139.112300 4.330E-26 0.000E+00.05980.075  815.00000.75-.012278                                                            34443285735217 1 7     0.0    0.0
 61 6139.133300 3.910E-26 8.122E-05.05380.068  376.80000.75-.012278                   0 0 0 0 1A1    8F2            8F1        34553285735217 1 7    51.0   51.0
 61 6139.151400 1.890E-26 0.000E+00.05980.075  815.00000.75-.012278                                                            34443285735217 1 7     0.0    0.0
 61 6139.209000 4.710E-26 0.000E+00.05980.075  815.00000.75-.012278                                                            34443285735217 1 7     0.0    0.0
 61 6139.233900 5.360E-26 0.000E+00.05980.075  815.00000.75-.012278                                                            34443285735217 1 7     0.0    0.0
 61 6139.250500 2.170E-26 0.000E+00.05980.075  815.00000.75-.012279                                                            34443285735217 1 7     0.0    0.0
 61 6139.272900 2.550E-26 0.000E+00.05980.075  298.30000.75-.012279                                                            34443285735217 1 7     0.0    0.0
 61 6139.316900 1.650E-25 0.000E+00.06000.077  815.00000.85-.012300                                                            3433328573421110 7     0.0    0.0
 61 6139.529424 8.130E-24 0.000E+00.04600.064  950.15000.85-.012300                                                            4433328573421110 7     0.0    0.0
 61 6139.622600 2.230E-26 0.000E+00.05980.075  815.00000.75-.012279                                                            34443285735217 1 7     0.0    0.0
 61 6139.655118 6.010E-25 0.000E+00.06000.077  815.00000.85-.012300                                                            4433328573421110 7     0.0    0.0
 61 6139.682026 1.660E-24 0.000E+00.06000.077  815.00000.85-.012300                                                            4433328573421110 7     0.0    0.0
 61 6139.703600 1.350E-25 0.000E+00.05980.075  815.00000.75-.012279                                                            34443285735217 1 7     0.0    0.0
 61 6139.720700 4.090E-26 0.000E+00.05980.075  254.29000.75-.012279                                                            34443285735217 1 7     0.0    0.0
 61 6139.735200 1.320E-26 1.673E-05.06180.078  219.94000.75-.012279                   0 0 0 0 1A1    6F2            6F1        34553285735217 1 7    39.0   39.0
 61 6139.738800 3.860E-26 0.000E+00.05980.075  815.00000.75-.012279                                                            34443285735217 1 7     0.0    0.0
 61 6139.759800 3.960E-26 0.000E+00.05980.075  815.00000.75-.012280                                                            34443285735217 1 7     0.0    0.0
 61 6139.791307 2.930E-24 0.000E+00.06000.077  815.00000.85-.012300                                                            4433328573421110 7     0.0    0.0
 61 6139.812379 7.000E-25 6.538E-04.06540.082  157.12000.75-.012280                   0 0 0 0 1A1    6F1            5F2        44663285735217 1 7    39.0   33.0
 61 6139.821241 4.260E-23 3.537E-02.05970.076  293.15000.84-.012500                   0 0 0 0 1A1    8A1 95         7A2  1     445335857348 71212    85.0   75.0
 61 6139.851700 3.260E-25 0.000E+00.05980.075  360.53770.75-.012280                                                            34443285735217 1 7     0.0    0.0
 61 6139.878369 4.230E-23 6.744E-02.05820.073  470.87000.84-.008100                   0 0 0 0 1A1   10A1113         9A2  1     445335857348 71212   105.0   95.0
 61 6140.042200 1.170E-25 1.285E-04.06360.080  219.93000.75-.012280                   0 0 0 0 1A1    7F1            6F2        34663285735217 1 7    45.0   39.0
 61 6140.042468 5.010E-25 0.000E+00.06000.077  689.86000.85-.012300                                                            4433328573421110 7     0.0    0.0
 61 6140.063700 2.720E-25 2.988E-04.06360.080  219.91000.75-.012280                   0 0 0 0 1A1    7F1            6F2        34663285735217 1 7    45.0   39.0
 61 6140.065057 8.710E-25 0.000E+00.06000.077  950.15000.85-.012300                                                            4433328573421110 7     0.0    0.0
 61 6140.098248 2.220E-23 5.899E-02.05910.073  470.86000.85-.012300                   0 0 0 0 1A1   10F1            9F2  2     4433328573481110 7    63.0   57.0
 61 6140.101390 2.220E-23 3.072E-02.06160.076  293.16000.70-.012300                   0 0 0 0 1A1    8F1266         7F2  2     445332857348 7 1 7    51.0   45.0
 61 6140.138691 5.330E-25 7.374E-04.06000.077  293.12000.85-.012300                   0 0 0 0 1A1    8F1            7F2        4433328573421110 7    51.0   45.0
 61 6140.153300 1.060E-25 0.000E+00.05980.075  815.00000.75-.012280                                                            34443285735217 1 7     0.0    0.0
 61 6140.217000 2.320E-25 2.183E-04.05740.072  293.15000.75-.012280                   0 0 0 0 1A1    7A1            7A2        34653285735217 1 7    75.0   75.0
 61 6140.243099 2.720E-25 0.000E+00.05980.075  419.52000.75-.012280                                                            34443285735217 1 7     0.0    0.0
 61 6140.298299 1.410E-23 2.927E-02.06160.076  293.17000.70-.012300                   0 0 0 0 1A1    8E 181         7E   1     445332857348 7 1 7    34.0   30.0
 61 6140.305427 1.870E-23 4.969E-02.05710.073  470.85000.65-.012300                   0 0 0 0 1A1   10F2332         9F1  3     445332857348 7 1 7    63.0   57.0
 61 6140.353981 6.040E-24 0.000E+00.05980.075  815.00000.75-.012281                                                            44443285735217 1 7     0.0    0.0
 61 6140.359912 1.260E-23 0.000E+00.04750.065  950.15000.63-.012300                   0 0 0 0 1A1                  13A1  1     445332857348 7 1 7     0.0    0.0
 61 6140.429700 4.170E-26 0.000E+00.05980.075  815.00000.75-.012281                                                            34443285735217 1 7     0.0    0.0
 61 6140.433300 1.970E-26 2.165E-05.06180.078  219.94000.75-.012281                   0 0 0 0 1A1    7F2            6F1        34553285735217 1 7    45.0   39.0
 61 6140.442900 2.350E-25 6.241E-04.05710.073  470.71000.65-.012300                   0 0 0 0 1A1   10F2332         9F1  1     345332857348 7 1 7    63.0   57.0
 61 6140.495203 1.310E-24 0.000E+00.06000.077  815.00000.85-.012300                                                            4433328573421110 7     0.0    0.0
 61 6140.527663 3.050E-23 4.863E-02.05940.073  470.83000.64-.014700                   0 0 0 0 1A1   10A2108         9A1  1     445335857348 71212   105.0   95.0
 61 6140.750726 8.780E-25 0.000E+00.06000.077  481.82000.85-.012300                                                            4433328573421110 7     0.0    0.0
 61 6140.754400 2.920E-26 3.209E-05.06360.080  219.93000.75-.012282                   0 0 0 0 1A1    7F1            6F2        34663285735217 1 7    45.0   39.0
 61 6140.771500 5.710E-26 0.000E+00.05980.075  815.00000.75-.012282                                                            34443285735217 1 7     0.0    0.0
 61 6140.776700 1.850E-26 2.033E-05.06360.080  219.91000.75-.012282                   0 0 0 0 1A1    7F1            6F2        34663285735217 1 7    45.0   39.0
 61 6140.798800 3.200E-26 0.000E+00.05980.075  815.00000.75-.012282                                                            34443285735217 1 7     0.0    0.0
 61 6140.853600 1.050E-25 1.647E-04.06080.077  293.16000.75-.012282                   0 0 0 0 1A1    7F1            7F2        34663285735217 1 7    45.0   45.0
 61 6140.896500 1.710E-26 0.000E+00.05980.075  815.00000.75-.012282                                                            34443285735217 1 7     0.0    0.0
 61 6140.966800 2.780E-25 0.000E+00.04600.064  950.15000.85-.012300                   0 0 0 0 1A1                  13F1  3     3433328573481110 7     0.0    0.0
 61 6141.013700 1.900E-26 0.000E+00.05980.075  815.00000.75-.012282                                                            34443285735217 1 7     0.0    0.0
 61 6141.095214 6.980E-25 1.150E-03.06440.078  219.91000.85-.012300                   0 0 0 0 1A1    7E             6E         4433328573481110 7    30.0   26.0
 61 6141.106500 1.250E-25 0.000E+00.05980.075  815.00000.75-.012282                                                            34443285735217 1 7     0.0    0.0
 61 6141.135911 3.260E-24 0.000E+00.04750.065  950.15000.63-.012300                   0 0 0 0 1A1                  13F1  2     445332857348 7 1 7     0.0    0.0
 61 6141.171900 1.750E-26 0.000E+00.05980.075  815.00000.75-.012282                                                            34443285735217 1 7     0.0    0.0
 61 6141.202200 1.110E-25 0.000E+00.05980.075  815.00000.75-.012282                                                            34443285735217 1 7     0.0    0.0
 61 6141.235640 2.280E-23 3.156E-02.06280.076  293.17000.86-.010300                   0 0 0 0 1A1    8F2272         7F1  2     445335857348 71212    51.0   45.0
 61 6141.248202 9.810E-25 0.000E+00.05980.075  815.00000.75-.012282                                                            44443285735217 1 7     0.0    0.0
 61 6141.278800 6.200E-26 6.814E-05.06180.078  219.94000.75-.012283                   0 0 0 0 1A1    7F2            6F1        34553285735217 1 7    45.0   39.0
 61 6141.293000 4.180E-26 5.785E-05.05790.073  293.12000.75-.012283                   0 0 0 0 1A1    8F2            7F1        34553285735217 1 7    51.0   45.0
 61 6141.356273 4.780E-25 0.000E+00.04750.065  950.15000.63-.012300                   0 0 0 0 1A1                  13E   2     345332857348 7 1 7     0.0    0.0
 61 6141.391100 9.230E-26 0.000E+00.05980.075  815.00000.75-.012283                                                            34443285735217 1 7     0.0    0.0
 61 6141.430215 3.830E-23 0.000E+00.04600.064  950.15000.85-.012300                                                            4433328573421110 7     0.0    0.0
 61 6141.529542 7.400E-25 0.000E+00.06000.077  815.00000.85-.012300                                                            4433328573421110 7     0.0    0.0
 61 6141.601600 2.000E-26 0.000E+00.05980.075  815.00000.75-.012283                                                            34443285735217 1 7     0.0    0.0
 61 6141.628400 1.030E-25 0.000E+00.05980.075  815.00000.75-.012283                                                            34443285735217 1 7     0.0    0.0
 61 6141.698234 3.490E-23 0.000E+00.04600.064  950.15000.85-.012300                                                            4433328573421110 7     0.0    0.0
 61 6141.732981 2.870E-23 0.000E+00.04600.064  950.15000.85-.012300                                                            4433328573421110 7     0.0    0.0
 61 6141.768118 5.880E-25 0.000E+00.05980.075  815.00000.75-.012284                                                            44443285735217 1 7     0.0    0.0
 61 6141.873500 4.630E-26 0.000E+00.05980.075  815.00000.75-.012284                                                            34443285735217 1 7     0.0    0.0
 61 6141.917463 4.260E-23 0.000E+00.04750.065  950.15000.63-.012300                   0 0 0 0 1A1                  13A1  1     445332857348 7 1 7     0.0    0.0
 61 6141.926625 8.420E-24 0.000E+00.05980.075  931.99050.75-.012284                                                            44443285735217 1 7     0.0    0.0
 61 6141.968200 1.520E-26 1.811E-05.06030.076   10.48000.75-.012284                   0 0 0 0 1A1    2F2            1F1        34553285735217 1 7    15.0    9.0
 61 6141.976531 7.210E-23 0.000E+00.04750.065  950.15000.63-.012300                   0 0 0 0 1A1                  13A1  1     445332857348 7 1 7     0.0    0.0
 61 6142.022500 4.700E-26 0.000E+00.05980.075  815.00000.75-.012284                                                            34443285735217 1 7     0.0    0.0
 61 6142.070500 1.270E-25 1.396E-04.06360.080  219.93000.75-.012284                   0 0 0 0 1A1    7F1            6F2        34663285735217 1 7    45.0   39.0
 61 6142.076115 3.600E-23 0.000E+00.04600.064  950.15000.85-.012300                   0 0 0 0 1A1                  13F1  2     4433328573481110 7     0.0    0.0
 61 6142.116040 2.260E-23 0.000E+00.04750.065  950.15000.63-.012300                   0 0 0 0 1A1                  13E   2     445332857348 7 1 7     0.0    0.0
 61 6142.149844 4.350E-23 0.000E+00.04600.064  950.15000.85-.012300                   0 0 0 0 1A1                  13F1  3     4433328573481110 7     0.0    0.0
 61 6142.173251 3.620E-23 0.000E+00.04750.065  950.15000.63-.012300                   0 0 0 0 1A1                  13F2  3     445332857348 7 1 7     0.0    0.0
 61 6142.213246 1.050E-24 0.000E+00.06000.077  815.00000.85-.012300                                                            4433328573421110 7     0.0    0.0
 61 6142.251088 1.160E-22 0.000E+00.04750.065  940.11220.63-.012300                   0 0 0 0 1A1                  13A2  1     445332857348 7 1 7     0.0    0.0
 61 6142.269096 1.230E-24 0.000E+00.05980.075  807.75760.75-.012285                                                            44443285735217 1 7     0.0    0.0
 61 6142.315889 1.500E-24 3.989E-03.04980.063  470.85000.75-.012285                   0 0 0 0 1A1   10F2            9F1        44443285735217 1 7    63.0   57.0
 61 6142.323860 7.800E-24 0.000E+00.04600.064  950.15000.85-.012300                   0 0 0 0 1A1                  13F1  2     4433328573481110 7     0.0    0.0
 61 6142.366338 1.160E-23 3.084E-02.05710.073  470.80000.65-.012300                   0 0 0 0 1A1   10F2333         9F1  2     445332857348 7 1 7    63.0   57.0
 61 6142.389354 6.630E-24 0.000E+00.06000.077  958.96170.85-.012300                                                            4433328573421110 7     0.0    0.0
 61 6142.410600 1.280E-25 0.000E+00.05980.075  815.00000.75-.012285                                                            34443285735217 1 7     0.0    0.0
 61 6142.475835 8.820E-24 3.517E-02.05710.073  470.79000.65-.012300                   0 0 0 0 1A1   10E 221         9E   1     445332857348 7 1 7    42.0   38.0
 61 6142.532200 1.460E-25 0.000E+00.05980.075  815.00000.75-.012285                                                            34443285735217 1 7     0.0    0.0
 61 6142.547400 6.920E-26 0.000E+00.05980.075  815.00000.75-.012285                                                            34443285735217 1 7     0.0    0.0
 61 6142.573200 8.060E-26 0.000E+00.05980.075  815.00000.75-.012285                                                            34443285735217 1 7     0.0    0.0
 61 6142.611300 9.440E-26 0.000E+00.05980.075  815.00000.75-.012285                                                            34443285735217 1 7     0.0    0.0
 61 6142.638537 6.570E-25 0.000E+00.06000.077  815.00000.85-.012300                                                            4433328573421110 7     0.0    0.0
 61 6142.655800 5.940E-26 0.000E+00.05980.075  815.00000.75-.012285                                                            34443285735217 1 7     0.0    0.0
 61 6142.688600 1.690E-25 1.580E-04.06410.077  157.12000.72-.012300                   0 0 0 0 1A1    6F1215         5F2  1     345332857348 7 1 7    39.0   33.0
 61 6142.709500 7.900E-26 0.000E+00.05980.075  815.00000.75-.012285                                                            34443285735217 1 7     0.0    0.0
 61 6142.752700 3.880E-26 4.266E-05.06360.080  219.93000.75-.012286                   0 0 0 0 1A1    7F1            6F2        34663285735217 1 7    45.0   39.0
 61 6142.764789 2.480E-24 0.000E+00.04600.064  950.15000.85-.012300                                                            4433328573421110 7     0.0    0.0
 61 6142.773885 2.350E-24 2.584E-03.06270.077  219.91000.70-.012300                   0 0 0 0 1A1    7F1252         6F2  1     445332857348 7 1 7    45.0   39.0
 61 6142.869949 3.550E-25 9.442E-04.06000.077  470.86000.85-.012300                   0 0 0 0 1A1   10F1            9F2        3433328573421110 7    63.0   57.0
 61 6142.939463 4.610E-25 4.310E-04.06410.077  157.13000.72-.012300                   0 0 0 0 1A1    6F2223         5F1  2     345332857348 7 1 7    39.0   33.0
 61 6142.953500 4.720E-26 4.413E-05.06500.082  157.12000.75-.012286                   0 0 0 0 1A1    6F2            5F1        34553285735217 1 7    39.0   33.0
 61 6142.970700 3.880E-26 0.000E+00.05980.075  815.00000.75-.012286                                                            34443285735217 1 7     0.0    0.0
 61 6143.014890 7.650E-24 2.033E-02.05710.073  470.72000.65-.012300                   0 0 0 0 1A1   10F1325         9F2  1     445332857348 7 1 7    63.0   57.0
 61 6143.033200 9.400E-26 0.000E+00.05980.075  815.00000.75-.012286                                                            34443285735217 1 7     0.0    0.0
 61 6143.051200 2.420E-25 6.436E-04.06000.077  470.85000.85-.012300                   0 0 0 0 1A1   10F2            9F1        3433328573421110 7    63.0   57.0
 61 6143.064000 8.890E-26 0.000E+00.05980.075  350.49000.75-.012286                                                            34443285735217 1 7     0.0    0.0
 61 6143.099600 1.780E-25 4.733E-04.05710.073  470.80000.65-.012300                   0 0 0 0 1A1   10F2334         9F1  2     345332857348 7 1 7    63.0   57.0
 61 6143.187376 7.850E-24 2.087E-02.05710.073  470.71000.65-.012300                   0 0 0 0 1A1   10F2334         9F1  1     445332857348 7 1 7    63.0   57.0
 61 6143.212400 1.270E-25 0.000E+00.05980.075  815.00000.75-.012286                                                            34443285735217 1 7     0.0    0.0
 61 6143.229000 2.670E-26 0.000E+00.05980.075  815.00000.75-.012286                                                            34443285735217 1 7     0.0    0.0
 61 6143.257812 2.080E-24 1.372E-03.06270.077  219.91000.70-.012300                   0 0 0 0 1A1    7A1 78         6A2  1     445332857348 7 1 7    75.0   65.0
 61 6143.287600 1.360E-25 0.000E+00.05980.075  815.00000.75-.012287                                                            34443285735217 1 7     0.0    0.0
 61 6143.313500 2.070E-26 0.000E+00.05980.075  815.00000.75-.012287                                                            34443285735217 1 7     0.0    0.0
 61 6143.412148 6.270E-25 8.686E-04.06160.076  293.16000.70-.012300                   0 0 0 0 1A1    8F1267         7F2  2     445332857348 7 1 7    51.0   45.0
 61 6143.439400 5.130E-26 0.000E+00.05980.075  815.00000.75-.012287                                                            34443285735217 1 7     0.0    0.0
 61 6143.450200 1.630E-25 2.258E-04.06160.076  293.12000.70-.012300                   0 0 0 0 1A1    8F1267         7F2  1     345332857348 7 1 7    51.0   45.0
 61 6143.488800 5.310E-26 0.000E+00.05980.075  244.14000.75-.012287                                                            34443285735217 1 7     0.0    0.0
 61 6143.501900 3.080E-26 0.000E+00.05980.075  815.00000.75-.012287                                                            34443285735217 1 7     0.0    0.0
 61 6143.523400 3.040E-26 0.000E+00.05980.075  815.00000.75-.012287                                                            34443285735217 1 7     0.0    0.0
 61 6143.548300 2.140E-26 0.000E+00.05980.075  815.00000.75-.012287                                                            34443285735217 1 7     0.0    0.0
 61 6143.608900 3.120E-26 0.000E+00.05980.075  815.00000.75-.012287                                                            34443285735217 1 7     0.0    0.0
 61 6143.656293 4.930E-25 0.000E+00.06000.077  815.00000.85-.012300                                                            3433328573421110 7     0.0    0.0
 61 6143.687000 2.750E-26 0.000E+00.05980.075  815.00000.75-.012287                                                            34443285735217 1 7     0.0    0.0
 61 6143.703600 3.240E-26 0.000E+00.05980.075  815.00000.75-.012287                                                            34443285735217 1 7     0.0    0.0
 61 6143.728290 1.170E-24 2.432E-03.06310.076  293.17000.85-.012300                   0 0 0 0 1A1    8E             7E         4433328573421110 7    34.0   30.0
 61 6143.762889 9.460E-25 0.000E+00.06000.077  815.00000.85-.012300                                                            4433328573421110 7     0.0    0.0
 61 6143.793000 3.740E-26 0.000E+00.05980.075  815.00000.75-.012288                                                            34443285735217 1 7     0.0    0.0
 61 6143.858994 6.270E-25 0.000E+00.06000.077  815.00000.85-.012300                                                            4433328573421110 7     0.0    0.0
 61 6143.883300 5.570E-26 0.000E+00.05980.075  815.00000.75-.012288                                                            34443285735217 1 7     0.0    0.0
 61 6143.902800 1.430E-25 0.000E+00.05980.075  815.00000.75-.012288                                                            34443285735217 1 7     0.0    0.0
 61 6143.925800 8.200E-26 0.000E+00.05980.075  815.00000.75-.012288                                                            34443285735217 1 7     0.0    0.0
 61 6143.938067 2.270E-25 3.392E-04.05710.073  457.28000.65-.012300                   0 0 0 0 1A1   10A1114         9A2  1     345332857348 7 1 7   105.0   95.0
 61 6143.954300 8.000E-26 1.108E-04.05790.073  293.17000.75-.012288                   0 0 0 0 1A1    8F2            7F1        34553285735217 1 7    51.0   45.0
 61 6143.986300 3.810E-26 0.000E+00.05980.075  815.00000.75-.012288                                                            34443285735217 1 7     0.0    0.0
 61 6144.009331 1.120E-24 1.552E-03.06310.076  293.12000.85-.012300                   0 0 0 0 1A1    8F2            7F1        4433328573421110 7    51.0   45.0
 61 6144.035200 2.440E-26 0.000E+00.05980.075  815.00000.75-.012288                                                            34443285735217 1 7     0.0    0.0
 61 6144.054700 1.290E-26 0.000E+00.05980.075  815.00000.75-.012288                                                            34443285735217 1 7     0.0    0.0
 61 6144.128900 7.670E-26 0.000E+00.05980.075  815.00000.75-.012288                                                            34443285735217 1 7     0.0    0.0
 61 6144.197859 1.320E-23 2.178E-02.06190.077  219.91000.87-.010700                   0 0 0 0 1A1    7E 165         6E   1     445335857348 71212    30.0   26.0
 61 6144.216024 3.210E-24 3.531E-03.06270.077  219.93000.70-.012300                   0 0 0 0 1A1    7F1253         6F2  2     445332857348 7 1 7    45.0   39.0
 61 6144.237634 1.790E-23 1.969E-02.06220.077  219.91000.86-.013900                   0 0 0 0 1A1    7F1253         6F2  1     445335857348 71212    45.0   39.0
 61 6144.309989 2.320E-24 0.000E+00.05650.071  575.22000.85-.012300                                                            4433328573421110 7     0.0    0.0
 61 6144.331621 2.740E-24 0.000E+00.05650.071  575.22000.85-.012300                                                            4433328573421110 7     0.0    0.0
 61 6144.375000 1.620E-26 0.000E+00.05980.075  815.00000.75-.012289                                                            34443285735217 1 7     0.0    0.0
 61 6144.403300 7.130E-26 1.484E-04.05730.072  376.78000.75-.012289                   0 0 0 0 1A1    8F1            8F2        34663285735217 1 7    51.0   51.0
 61 6144.443800 2.710E-26 0.000E+00.05980.075  815.00000.75-.012289                                                            34443285735217 1 7     0.0    0.0
 61 6144.481900 1.850E-26 0.000E+00.05980.075  815.00000.75-.012289                                                            34443285735217 1 7     0.0    0.0
 61 6144.573200 4.270E-26 0.000E+00.05980.075  815.00000.75-.012289                                                            34443285735217 1 7     0.0    0.0
 61 6144.587900 3.130E-26 0.000E+00.05980.075  815.00000.75-.012289                                                            34443285735217 1 7     0.0    0.0
 61 6144.614300 2.640E-26 0.000E+00.05980.075  815.00000.75-.012289                                                            34443285735217 1 7     0.0    0.0
 61 6144.750500 3.470E-26 0.000E+00.05980.075  815.00000.75-.012290                                                            34443285735217 1 7     0.0    0.0
 61 6144.796900 2.970E-26 0.000E+00.05980.075  815.00000.75-.012290                                                            34443285735217 1 7     0.0    0.0
 61 6144.844200 2.040E-25 0.000E+00.05980.075  815.00000.75-.012290                                                            34443285735217 1 7     0.0    0.0
 61 6144.879400 8.850E-26 0.000E+00.05980.075  815.00000.75-.012290                                                            34443285735217 1 7     0.0    0.0
 61 6144.897000 2.810E-26 0.000E+00.05980.075  815.00000.75-.012290                                                            34443285735217 1 7     0.0    0.0
 61 6144.936000 1.190E-25 0.000E+00.05980.075  815.00000.75-.012290                                                            34443285735217 1 7     0.0    0.0
 61 6144.995100 6.120E-26 0.000E+00.05980.075  815.00000.75-.012290                                                            34443285735217 1 7     0.0    0.0
 61 6145.039578 4.300E-23 2.839E-02.06350.077  219.91000.87-.009500                   0 0 0 0 1A1    7A1 79         6A2  1     445335857348 71212    75.0   65.0
 61 6145.119600 2.550E-26 0.000E+00.05980.075  815.00000.75-.012290                                                            34443285735217 1 7     0.0    0.0
 61 6145.272567 3.030E-23 3.334E-02.06300.077  219.93000.78-.005800                   0 0 0 0 1A1    7F1254         6F2  2     445335857348 71212    45.0   39.0
 61 6145.294158 2.650E-24 2.916E-03.06270.077  219.91000.70-.012300                   0 0 0 0 1A1    7F1254         6F2  1     445332857348 7 1 7    45.0   39.0
 61 6145.308100 2.010E-25 0.000E+00.05980.075  815.00000.75-.012291                                                            34443285735217 1 7     0.0    0.0
 61 6145.419400 9.840E-26 0.000E+00.05980.075  815.00000.75-.012291                                                            34443285735217 1 7     0.0    0.0
 61 6145.438286 5.130E-25 0.000E+00.06000.077  815.00000.85-.012300                                                            4433328573421110 7     0.0    0.0
 61 6145.472143 3.620E-23 3.984E-02.06390.077  219.94000.87-.015700                   0 0 0 0 1A1    7F2247         6F1  1     445335857348 71212    45.0   39.0
 61 6145.555200 1.660E-25 0.000E+00.06000.077  815.00000.85-.012300                                                            3433328573421110 7     0.0    0.0
 61 6145.638397 6.360E-23 4.200E-02.06260.077  219.94000.71-.010000                   0 0 0 0 1A1    7A2 87         6A1  1     445335857348 71212    75.0   65.0
 61 6145.660191 5.040E-25 0.000E+00.05980.075  815.00000.75-.012291                                                            44443285735217 1 7     0.0    0.0
 61 6145.689290 1.020E-24 0.000E+00.06000.077  409.54540.85-.012300                                                            4433328573421110 7     0.0    0.0
 61 6145.755084 1.880E-24 0.000E+00.06000.077  575.22000.85-.012300                                                            4433328573421110 7     0.0    0.0
 61 6145.810600 9.880E-26 0.000E+00.05980.075  815.00000.75-.012292                                                            34443285735217 1 7     0.0    0.0
 61 6145.830575 5.240E-25 0.000E+00.06000.077  575.22000.85-.012300                                                            4433328573421110 7     0.0    0.0
 61 6145.939773 8.750E-24 0.000E+00.05530.070  575.22000.64-.012300                   0 0 0 0 1A1                  10A1  1     445332857348 7 1 7     0.0    0.0
 61 6145.954100 2.540E-25 0.000E+00.05980.075  815.00000.75-.012292                                                            34443285735217 1 7     0.0    0.0
 61 6146.021536 1.130E-24 0.000E+00.06000.077  815.00000.85-.012300                                                            4433328573421110 7     0.0    0.0
 61 6146.047631 4.610E-25 0.000E+00.06000.077  815.00000.85-.012300                                                            3433328573421110 7     0.0    0.0
 61 6146.232900 4.260E-26 0.000E+00.05980.075  815.00000.75-.012292                                                            34443285735217 1 7     0.0    0.0
 61 6146.386841 3.230E-24 0.000E+00.04530.065 1095.82000.62-.012300                   0 0 0 0 1A1                  14A1  1     445332857348 7 1 7     0.0    0.0
 61 6146.411600 1.960E-25 2.718E-04.05790.073  293.17000.75-.012293                   0 0 0 0 1A1    8F2            7F1        34553285735217 1 7    51.0   45.0
 61 6146.433992 2.010E-25 0.000E+00.06000.077 1500.00000.85-.012300                                                            3433328573421110 7     0.0    0.0
 61 6146.438400 2.970E-25 6.178E-04.06160.076  293.17000.70-.012300                   0 0 0 0 1A1    8E 183         7E   1     345332857348 7 1 7    34.0   30.0
 61 6146.461900 5.410E-26 0.000E+00.05980.075  815.00000.75-.012293                                                            34443285735217 1 7     0.0    0.0
 61 6146.466800 6.250E-26 8.665E-05.05790.073  293.12000.75-.012293                   0 0 0 0 1A1    8F2            7F1        34553285735217 1 7    51.0   45.0
 61 6146.549800 8.440E-26 0.000E+00.05980.075  815.00000.75-.012293                                                            34443285735217 1 7     0.0    0.0
 61 6146.664787 3.210E-24 0.000E+00.04530.065 1095.82000.62-.012300                   0 0 0 0 1A1                  14A1  1     445332857348 7 1 7     0.0    0.0
 61 6146.684939 2.390E-24 0.000E+00.04530.065 1095.82000.62-.012300                   0 0 0 0 1A1                  14A1  1     445332857348 7 1 7     0.0    0.0
 61 6146.732337 7.710E-25 1.069E-03.04530.065  293.17000.62-.012300                   0 0 0 0 1A1    8F2            7F1        445332857348 7 1 7    51.0   45.0
 61 6146.785500 1.500E-26 2.080E-05.05790.073  293.12000.75-.012294                   0 0 0 0 1A1    8F2            7F1        34553285735217 1 7    51.0   45.0
 61 6146.809100 7.920E-26 1.098E-04.06080.077  293.16000.75-.012294                   0 0 0 0 1A1    8F1            7F2        34663285735217 1 7    51.0   45.0
 61 6146.826200 4.010E-26 0.000E+00.05980.075  815.00000.75-.012294                                                            34443285735217 1 7     0.0    0.0
 61 6146.848171 9.290E-25 0.000E+00.05650.071  575.22000.85-.012300                                                            4433328573421110 7     0.0    0.0
 61 6146.876900 2.940E-26 0.000E+00.05980.075  815.00000.75-.012294                                                            34443285735217 1 7     0.0    0.0
 61 6146.905300 3.200E-26 0.000E+00.05980.075  815.00000.75-.012294                                                            34443285735217 1 7     0.0    0.0
 61 6146.931200 2.150E-26 0.000E+00.05980.075  815.00000.75-.012294                                                            34443285735217 1 7     0.0    0.0
 61 6146.963352 7.160E-25 0.000E+00.05650.071  575.22000.85-.012300                                                            4433328573421110 7     0.0    0.0
 61 6146.993700 2.640E-26 0.000E+00.05980.075  815.00000.75-.012294                                                            34443285735217 1 7     0.0    0.0
 61 6147.039100 3.280E-26 0.000E+00.05980.075  298.83000.75-.012294                                                            34443285735217 1 7     0.0    0.0
 61 6147.055200 2.270E-26 0.000E+00.05980.075  815.00000.75-.012294                                                            34443285735217 1 7     0.0    0.0
 61 6147.078600 1.610E-25 0.000E+00.05650.071  815.00000.85-.012300                                                            3433328573421110 7     0.0    0.0
 61 6147.090800 7.100E-26 0.000E+00.05980.075  815.00000.75-.012294                                                            34443285735217 1 7     0.0    0.0
 61 6147.113300 1.580E-26 0.000E+00.05980.075  815.00000.75-.012294                                                            34443285735217 1 7     0.0    0.0
 61 6147.138200 1.760E-26 0.000E+00.05980.075  815.00000.75-.012294                                                            34443285735217 1 7     0.0    0.0
 61 6147.165000 1.890E-26 0.000E+00.05980.075  815.00000.75-.012294                                                            34443285735217 1 7     0.0    0.0
 61 6147.204600 2.390E-26 0.000E+00.05980.075  815.00000.75-.012294                                                            34443285735217 1 7     0.0    0.0
 61 6147.260700 7.420E-27 0.000E+00.05980.075  815.00000.75-.012295                                                            34443285735217 1 7     0.0    0.0
 61 6147.292500 2.210E-25 0.000E+00.05980.075  815.00000.75-.012295                                                            34443285735217 1 7     0.0    0.0
 61 6147.313448 9.420E-25 0.000E+00.05650.071  516.26000.85-.012300                                                            4433328573421110 7     0.0    0.0
 61 6147.330800 6.770E-27 8.080E-06.06030.076   10.48000.75-.012295                   0 0 0 0 1A1    2F2            1F1        34553285735217 1 7    15.0    9.0
 61 6147.334500 3.290E-26 0.000E+00.05980.075  815.00000.75-.012295                                                            34443285735217 1 7     0.0    0.0
 61 6147.376100 1.620E-25 0.000E+00.05980.075  304.22000.75-.012295                                                            34443285735217 1 7     0.0    0.0
 61 6147.377289 9.930E-25 1.377E-03.06160.076  293.16000.70-.012300                   0 0 0 0 1A1    8F1269         7F2  2     445332857348 7 1 7    51.0   45.0
 61 6147.415855 1.420E-24 1.969E-03.06160.076  293.12000.70-.012300                   0 0 0 0 1A1    8F1269         7F2  1     445332857348 7 1 7    51.0   45.0
 61 6147.487800 1.250E-26 0.000E+00.05980.075  815.00000.75-.012295                                                            34443285735217 1 7     0.0    0.0
 61 6147.731900 2.230E-26 0.000E+00.05980.075  815.00000.75-.012295                                                            34443285735217 1 7     0.0    0.0
 61 6147.752900 6.260E-26 0.000E+00.05980.075  403.43000.75-.012296                                                            34443285735217 1 7     0.0    0.0
 61 6147.784200 2.210E-26 0.000E+00.05980.075  815.00000.75-.012296                                                            34443285735217 1 7     0.0    0.0
 61 6147.811000 3.620E-26 0.000E+00.05980.075  457.58000.75-.012296                                                            34443285735217 1 7     0.0    0.0
 61 6147.836900 4.760E-26 0.000E+00.05980.075  815.00000.75-.012296                                                            34443285735217 1 7     0.0    0.0
 61 6147.866700 4.640E-26 0.000E+00.05980.075  815.00000.75-.012296                                                            34443285735217 1 7     0.0    0.0
 61 6147.916000 2.170E-26 0.000E+00.05980.075  815.00000.75-.012296                                                            34443285735217 1 7     0.0    0.0
 61 6147.929300 7.290E-26 1.359E-04.05380.068  376.80000.75-.012296                   0 0 0 0 1A1    9F2            8F1        34553285735217 1 7    57.0   51.0
 61 6147.987103 2.920E-23 3.265E-02.05650.074  376.73000.72-.006700                   0 0 0 0 1A1    9A2103         8A1  1     445335857348 71212    95.0   85.0
 61 6148.000242 1.630E-23 3.037E-02.05970.074  376.73000.69-.012300                   0 0 0 0 1A1    9F2297         8F1  1     445332857348 7 1 7    57.0   51.0
 61 6148.007392 1.270E-23 3.550E-02.05250.066  376.73000.75-.012296                   0 0 0 0 1A1    9E             8E         44553285735217 1 7    38.0   34.0
 61 6148.102100 4.960E-26 0.000E+00.05980.075  815.00000.75-.012296                                                            34443285735217 1 7     0.0    0.0
 61 6148.205100 9.680E-28 1.522E-06.06080.077  293.16000.75-.012296                   0 0 0 0 1A1    7F1            7F2        34663285735217 1 7    45.0   45.0
 61 6148.338400 6.110E-26 0.000E+00.05980.075  815.00000.75-.012297                                                            34443285735217 1 7     0.0    0.0
 61 6148.441564 8.690E-25 1.809E-03.06160.076  293.17000.70-.012300                   0 0 0 0 1A1    8E 184         7E   1     445332857348 7 1 7    34.0   30.0
 61 6148.483400 1.120E-26 0.000E+00.05980.075  815.00000.75-.012297                                                            34443285735217 1 7     0.0    0.0
 61 6148.554895 5.480E-25 7.605E-04.06160.076  293.17000.70-.012300                   0 0 0 0 1A1    8F2276         7F1  2     445332857348 7 1 7    51.0   45.0
 61 6148.583500 1.620E-26 0.000E+00.05980.075  815.00000.75-.012297                                                            34443285735217 1 7     0.0    0.0
 61 6148.610100 3.770E-26 0.000E+00.05980.075  304.21000.75-.012297                                                            34443285735217 1 7     0.0    0.0
 61 6148.610900 2.410E-25 3.344E-04.06310.076  293.12000.85-.012300                   0 0 0 0 1A1    8F2            7F1        3433328573421110 7    51.0   45.0
 61 6148.771500 1.100E-25 4.858E-04.05020.063  470.79000.75-.012298                   0 0 0 0 1A1    9E             9E         34543285735217 1 7    38.0   38.0
 61 6148.887200 1.770E-25 0.000E+00.06000.077  698.60000.85-.012300                                                            3433328573421110 7     0.0    0.0
 61 6148.960384 7.750E-25 0.000E+00.06000.077  726.47000.85-.012300                                                            4433328573421110 7     0.0    0.0
 61 6149.066774 1.940E-23 7.842E-02.05620.070  575.28000.87-.008000                   0 0 0 0 1A1   11F1363        10F2  3     445335857348 71212    69.0   63.0
 61 6149.130900 4.550E-26 0.000E+00.05980.075  815.00000.75-.012298                                                            34443285735217 1 7     0.0    0.0
 61 6149.148663 1.620E-24 0.000E+00.06000.077 1113.97300.85-.012300                                                            4433328573421110 7     0.0    0.0
 61 6149.181600 1.520E-25 0.000E+00.05980.075  575.22000.75-.012298                                                            34443285735217 1 7     0.0    0.0
 61 6149.245011 3.670E-25 5.094E-04.05790.073  293.17000.75-.012298                   0 0 0 0 1A1    8F2            7F1        34553285735217 1 7    51.0   45.0
 61 6149.254502 1.210E-23 7.337E-02.04550.070  575.27000.60-.009500                   0 0 0 0 1A1   11E 239        10E   2     445335857348 71212    46.0   42.0
 61 6149.302300 1.750E-25 2.428E-04.05790.073  293.12000.75-.012299                   0 0 0 0 1A1    8F2            7F1        34553285735217 1 7    51.0   45.0
 61 6149.323300 1.250E-24 0.000E+00.06000.077 1214.25580.85-.012300                                                            4433328573421110 7     0.0    0.0
 61 6149.339400 2.920E-26 0.000E+00.05980.075  815.00000.75-.012299                                                            34443285735217 1 7     0.0    0.0
 61 6149.357400 5.780E-26 0.000E+00.05980.075  815.00000.75-.012299                                                            34443285735217 1 7     0.0    0.0
 61 6149.371600 4.320E-26 0.000E+00.05980.075  815.00000.75-.012299                                                            34443285735217 1 7     0.0    0.0
 61 6149.437907 1.520E-23 6.144E-02.05530.070  575.25000.64-.012300                   0 0 0 0 1A1   11F2358        10F1  2     445332857348 7 1 7    69.0   63.0
 61 6149.456000 1.320E-25 1.832E-04.06080.077  293.16000.75-.012299                   0 0 0 0 1A1    8F1            7F2        34663285735217 1 7    51.0   45.0
 61 6149.476600 9.250E-26 0.000E+00.05980.075  658.29000.75-.012299                                                            34443285735217 1 7     0.0    0.0
 61 6149.493800 9.360E-27 1.299E-05.06080.077  293.12000.75-.012299                   0 0 0 0 1A1    8F1            7F2        34663285735217 1 7    51.0   45.0
 61 6149.513164 1.600E-24 0.000E+00.06000.077  479.64000.85-.012300                                                            4433328573421110 7     0.0    0.0
 61 6149.532860 4.440E-23 1.001E+00.04530.065 1095.25000.62-.012300                   0 0 0 0 1A1   15A1150        14A2  1     445332857348 7 1 7   155.0  145.0
 61 6149.612800 2.690E-26 0.000E+00.05980.075  815.00000.75-.012299                                                            34443285735217 1 7     0.0    0.0
 61 6149.634214 4.510E-24 0.000E+00.04530.065 1064.66820.62-.012300                   0 0 0 0 1A1                  14A1  1     445332857348 7 1 7     0.0    0.0
 61 6149.684800 8.410E-26 1.167E-04.06080.077  293.12000.75-.012299                   0 0 0 0 1A1    8F1            7F2        34663285735217 1 7    51.0   45.0
 61 6149.690398 2.300E-23 0.000E+00.04160.061 1095.82000.85-.012300                                                            4433328573421110 7     0.0    0.0
 61 6149.748682 1.320E-23 0.000E+00.04160.061 1095.82000.85-.012300                                                            4433328573421110 7     0.0    0.0
 61 6149.792810 1.460E-23 0.000E+00.04160.061 1095.82000.85-.012300                                                            4433328573421110 7     0.0    0.0
 61 6149.871291 1.630E-23 0.000E+00.04160.061 1095.82000.85-.012300                                                            4433328573421110 7     0.0    0.0
 61 6149.909732 8.360E-24 0.000E+00.04530.065 1095.82000.62-.012300                   0 0 0 0 1A1                  14A1  1     445332857348 7 1 7     0.0    0.0
 61 6149.964800 1.600E-25 0.000E+00.05980.075  815.00000.75-.012300                                                            34443285735217 1 7     0.0    0.0
 61 6150.062093 1.390E-23 0.000E+00.04530.065 1095.82000.62-.012300                   0 0 0 0 1A1                  14A1  1     445332857348 7 1 7     0.0    0.0
 61 6150.140498 3.720E-23 0.000E+00.04530.065 1095.82000.62-.012300                   0 0 0 0 1A1                  14A1  1     445332857348 7 1 7     0.0    0.0
 61 6150.167500 9.380E-26 0.000E+00.05980.075  815.00000.75-.012300                                                            34443285735217 1 7     0.0    0.0
 61 6150.238607 1.960E-23 1.296E-02.06270.077  219.91000.70-.012300                   0 0 0 0 1A1    7A1 80         6A2  1     445332857348 7 1 7    75.0   65.0
 61 6150.259454 1.330E-23 1.466E-02.06270.077  219.91000.70-.012300                   0 0 0 0 1A1    7F1255         6F2  1     445332857348 7 1 7    45.0   39.0
 61 6150.270146 1.020E-23 1.686E-02.06270.077  219.91000.70-.012300                   0 0 0 0 1A1    7E 166         6E   1     445332857348 7 1 7    30.0   26.0
 61 6150.299138 6.970E-24 0.000E+00.04160.061 1095.82000.85-.012300                                                            4333328548421110 7     0.0    0.0
 61 6150.328586 2.290E-23 0.000E+00.04160.061 1095.82000.85-.012300                                                            4433328573421110 7     0.0    0.0
 61 6150.363300 9.420E-26 0.000E+00.05980.075  815.00000.75-.012301                                                            34443285735217 1 7     0.0    0.0
 61 6150.395395 2.260E-23 0.000E+00.04530.065 1106.84280.62-.012300                   0 0 0 0 1A1                  14A1  1     445332857348 7 1 7     0.0    0.0
 61 6150.404518 1.460E-23 0.000E+00.05980.075 1095.82000.75-.012301                                                            44443285735217 1 7     0.0    0.0
 61 6150.428905 2.340E-23 0.000E+00.04160.061 1095.82000.85-.012300                                                            4433328573421110 7     0.0    0.0
 61 6150.477202 1.280E-24 0.000E+00.06000.077 1500.00000.85-.012300                                                            4433328573421110 7     0.0    0.0
 61 6150.552356 1.680E-24 0.000E+00.06000.077  669.08000.85-.012300                                                            4433328573421110 7     0.0    0.0
 61 6150.578900 1.130E-25 1.569E-04.06080.077  293.16000.75-.012301                   0 0 0 0 1A1    8F1            7F2        34663285735217 1 7    51.0   45.0
 61 6150.590800 3.630E-26 0.000E+00.05980.075  815.00000.75-.012301                                                            34443285735217 1 7     0.0    0.0
 61 6150.616900 9.940E-26 1.380E-04.06080.077  293.12000.75-.012301                   0 0 0 0 1A1    8F1            7F2        34663285735217 1 7    51.0   45.0
 61 6150.666931 9.570E-25 0.000E+00.06000.077  881.27000.85-.012300                                                            4433328573421110 7     0.0    0.0
 61 6150.695107 1.580E-24 0.000E+00.06000.077  815.00000.85-.012300                                                            4433328573421110 7     0.0    0.0
 61 6150.870400 5.350E-26 9.983E-05.05730.072  376.82000.75-.012302                   0 0 0 0 1A1    9F1            8F2        34663285735217 1 7    57.0   51.0
 61 6150.910915 1.740E-23 3.246E-02.05960.074  376.78000.74-.011400                   0 0 0 0 1A1    9F1305         8F2  1     445335857348 71212    57.0   51.0
 61 6150.981000 4.280E-26 0.000E+00.05980.075  815.00000.75-.012302                                                            34443285735217 1 7     0.0    0.0
 61 6151.152352 1.420E-23 2.650E-02.06150.074  376.80000.97-.008500                   0 0 0 0 1A1    9F2298         8F1  2     445335857348 71212    57.0   51.0
 61 6151.201121 9.450E-25 1.312E-03.06160.076  293.12000.70-.012300                   0 0 0 0 1A1    8F2280         7F1  1     445332857348 7 1 7    51.0   45.0
 61 6151.216648 7.110E-25 0.000E+00.06000.077  815.00000.85-.012300                                                            4433328573421110 7     0.0    0.0
 61 6151.226600 1.570E-25 2.929E-04.05380.068  376.73000.75-.012302                   0 0 0 0 1A1    9F2            8F1        34553285735217 1 7    57.0   51.0
 61 6151.255566 3.530E-25 0.000E+00.06000.077  598.12000.85-.012300                                                            3433328573421110 7     0.0    0.0
 61 6151.314000 1.540E-25 0.000E+00.05980.075  815.00000.75-.012303                                                            34443285735217 1 7     0.0    0.0
 61 6151.337688 1.450E-24 1.599E-03.06270.077  219.94000.70-.012300                   0 0 0 0 1A1    7F2248         6F1  1     445332857348 7 1 7    45.0   39.0
 61 6151.431518 4.900E-24 0.000E+00.04530.065 1095.82000.62-.012300                   0 0 0 0 1A1                  14A1  1     445332857348 7 1 7     0.0    0.0
 61 6151.447258 8.970E-24 0.000E+00.04160.061 1095.82000.85-.012300                                                            4433328573421110 7     0.0    0.0
 61 6151.477504 6.056E-24 0.000E+00.04530.065 1095.82000.62-.012300                   0 0 0 0 1A1                  14A1  1     435332854848 7 1 7     0.0    0.0
 61 6151.511700 1.320E-25 0.000E+00.05980.075  815.00000.75-.012303                                                            34443285735217 1 7     0.0    0.0
 61 6151.532732 1.930E-23 4.683E-02.05880.070  575.22000.88-.016600                   0 0 0 0 1A1   11A2124        10A1  1     445335857348 71212   115.0  105.0
 61 6151.669419 3.280E-24 3.332E-02.05530.070  764.67820.64-.012300                   0 0 0 0 1A1   11F2359        10F1  2     445332857348 7 1 7    69.0   63.0
 61 6151.745791 9.380E-24 3.793E-02.05860.070  575.18000.85-.010800                   0 0 0 0 1A1   11F2359        10F1  1     445335857348 71212    69.0   63.0
 61 6151.805907 3.600E-25 4.671E-03.05530.070  815.00000.64-.012300                   0 0 0 0 1A1   11F1364        10F2  3     345332857348 7 1 7    69.0   63.0
 61 6151.813600 2.440E-27 9.872E-06.05000.063  575.28000.75-.012304                   0 0 0 0 1A1   11F1           10F2        34653285735217 1 7    69.0   63.0
 61 6151.819300 1.870E-25 0.000E+00.05980.075  815.00000.75-.012304                                                            34443285735217 1 7     0.0    0.0
 61 6151.838288 1.080E-24 9.001E-04.06000.077  293.15000.85-.012300                   0 0 0 0 1A1    8A1            7A2        4433328573421110 7    85.0   75.0
 61 6151.862300 1.060E-25 0.000E+00.05980.075  815.00000.75-.012304                                                            34443285735217 1 7     0.0    0.0
 61 6151.884402 4.560E-24 5.029E-03.06270.077  219.93000.70-.012300                   0 0 0 0 1A1    7F1256         6F2  2     445332857348 7 1 7    45.0   39.0
 61 6151.906107 1.640E-24 1.808E-03.06270.077  219.91000.70-.012300                   0 0 0 0 1A1    7F1256         6F2  1     445332857348 7 1 7    45.0   39.0
 61 6151.930215 9.650E-24 3.902E-02.05780.070  575.17000.64-.015800                   0 0 0 0 1A1   11F1364        10F2  2     445334857348 71212    69.0   63.0
 61 6152.007800 1.640E-26 0.000E+00.05980.075  815.00000.75-.012304                                                            34443285735217 1 7     0.0    0.0
 61 6152.047800 1.230E-25 0.000E+00.05980.075  575.22000.75-.012304                                                            34443285735217 1 7     0.0    0.0
 61 6152.068800 3.000E-26 0.000E+00.05980.075  815.00000.75-.012304                                                            34443285735217 1 7     0.0    0.0
 61 6152.121600 1.290E-25 0.000E+00.05980.075  655.14000.75-.012304                                                            34443285735217 1 7     0.0    0.0
 61 6152.138200 8.710E-26 0.000E+00.05980.075  649.30000.75-.012304                                                            34443285735217 1 7     0.0    0.0
 61 6152.253400 1.460E-25 0.000E+00.05980.075  815.00000.75-.012305                                                            34443285735217 1 7     0.0    0.0
 61 6152.291000 2.980E-25 4.140E-04.06000.077  293.16000.85-.012300                   0 0 0 0 1A1    8F1            7F2        3433328573421110 7    51.0   45.0
 61 6152.327394 3.170E-25 4.403E-04.06000.077  293.12000.85-.012300                   0 0 0 0 1A1    8F1            7F2        3433328573421110 7    51.0   45.0
 61 6152.370900 8.210E-26 1.711E-04.05470.069  293.17000.75-.012305                   0 0 0 0 1A1    8E             7E         34553285735217 1 7    34.0   30.0
 61 6152.383200 2.520E-25 3.500E-04.05790.073  293.12000.75-.012305                   0 0 0 0 1A1    8F2            7F1        34553285735217 1 7    51.0   45.0
 61 6152.405300 2.170E-25 0.000E+00.05980.075  815.00000.75-.012305                                                            34443285735217 1 7     0.0    0.0
 61 6152.409600 9.930E-27 2.072E-05.05380.068  376.80000.75-.012305                   0 0 0 0 1A1    8F2            8F1        34553285735217 1 7    51.0   51.0
 61 6152.441666 9.840E-25 0.000E+00.06000.077  708.28000.85-.012300                                                            4433328573421110 7     0.0    0.0
 61 6152.467300 1.720E-25 0.000E+00.05980.075  754.93000.75-.012305                                                            34443285735217 1 7     0.0    0.0
 61 6152.482000 1.410E-26 2.941E-05.05380.068  376.73000.75-.012305                   0 0 0 0 1A1    8F2            8F1        34553285735217 1 7    51.0   51.0
 61 6152.503525 1.030E-23 2.884E-02.05630.074  376.82001.13-.006900                   0 0 0 0 1A1    9E 200         8E   2     445334857348 71212    38.0   34.0
 61 6152.523429 2.940E-24 1.486E-02.05530.070  726.08420.64-.012300                   0 0 0 0 1A1   11A1           10A2        445332857348 7 1 7   115.0  105.0
 61 6152.546590 1.320E-23 9.435E-02.05390.070  608.89130.85-.018100                   0 0 0 0 1A1   11E            10E         445335857348 71212    46.0   42.0
 61 6152.582000 3.160E-25 0.000E+00.05980.075  610.09000.75-.012305                                                            34443285735217 1 7     0.0    0.0
 61 6152.667906 2.290E-24 0.000E+00.06000.077 1313.95130.85-.012300                                                            4433328573421110 7     0.0    0.0
 61 6152.698472 5.790E-24 2.341E-02.05530.070  575.05000.64-.012300                   0 0 0 0 1A1   11F1365        10F2  1     445332857348 7 1 7    69.0   63.0
 61 6152.714426 1.400E-23 2.614E-02.05970.074  376.82000.69-.012300                   0 0 0 0 1A1    9F1306         8F2  2     445332857348 7 1 7    57.0   51.0
 61 6152.715556 9.820E-25 1.625E-03.05660.071  219.91000.75-.012305                   0 0 0 0 1A1    7E             6E         44553285735217 1 7    30.0   26.0
 61 6152.747773 4.060E-24 2.462E-02.05530.070  575.05000.64-.012300                   0 0 0 0 1A1   11E 240        10E   1     445332857348 7 1 7    46.0   42.0
 61 6152.788965 6.780E-24 0.000E+00.04530.065 1095.82000.62-.012300                   0 0 0 0 1A1                  14A1  1     445332857348 7 1 7     0.0    0.0
 61 6152.806393 1.350E-24 0.000E+00.06000.077 1983.72500.85-.012300                                                            4433328573421110 7     0.0    0.0
 61 6152.821800 1.510E-25 0.000E+00.05980.075  815.00000.75-.012306                                                            34443285735217 1 7     0.0    0.0
 61 6152.875000 2.570E-26 0.000E+00.05980.075  815.00000.75-.012306                                                            34443285735217 1 7     0.0    0.0
 61 6152.904040 9.580E-25 0.000E+00.06000.077  815.00000.85-.012300                                                            4433328573421110 7     0.0    0.0
 61 6152.956000 1.570E-25 3.273E-04.05470.069  293.17000.75-.012306                   0 0 0 0 1A1    8E             7E         34553285735217 1 7    34.0   30.0
 61 6153.001309 1.140E-24 0.000E+00.04160.061  713.04000.85-.012300                                                            4433328573421110 7     0.0    0.0
 61 6153.014700 3.140E-25 0.000E+00.05980.075  668.12000.75-.012306                                                            34443285735217 1 7     0.0    0.0
 61 6153.057854 5.920E-25 6.532E-04.06440.078  219.94000.85-.012300                   0 0 0 0 1A1    7F2            6F1  1     4433328573481110 7    45.0   39.0
 61 6153.077600 2.370E-25 0.000E+00.06000.077  815.00000.85-.012300                                                            3433328573421110 7     0.0    0.0
 61 6153.103000 4.390E-26 0.000E+00.05980.075  815.00000.75-.012306                                                            34443285735217 1 7     0.0    0.0
 61 6153.174276 1.990E-24 0.000E+00.04160.061 1095.82000.85-.012300                                                            4433328573421110 7     0.0    0.0
 61 6153.303136 1.270E-24 0.000E+00.04160.061 1095.82000.85-.012300                                                            4433328573421110 7     0.0    0.0
 61 6153.369845 4.540E-25 0.000E+00.04160.061 1095.82000.85-.012300                                                            3433328573421110 7     0.0    0.0
 61 6153.394429 4.300E-25 5.976E-04.06160.076  293.17000.70-.012300                   0 0 0 0 1A1    8F2282         7F1  2     345332857348 7 1 7    51.0   45.0
 61 6153.401200 6.170E-26 0.000E+00.05980.075  303.90000.75-.012307                                                            34443285735217 1 7     0.0    0.0
 61 6153.447917 1.240E-24 1.723E-03.06160.076  293.12000.70-.012300                   0 0 0 0 1A1    8F2282         7F1  1     445332857348 7 1 7    51.0   45.0
 61 6153.449800 2.310E-25 0.000E+00.05980.075  305.35000.75-.012307                                                            34443285735217 1 7     0.0    0.0
 61 6153.507900 2.250E-26 6.635E-05.04980.063  470.80000.75-.012307                   0 0 0 0 1A1    9F2            9F1        34443285735217 1 7    57.0   57.0
 61 6153.512700 2.140E-26 0.000E+00.05980.075  815.00000.75-.012307                                                            34443285735217 1 7     0.0    0.0
 61 6153.548100 3.160E-26 1.398E-04.05020.063  470.79000.75-.012307                   0 0 0 0 1A1    9E             9E         34543285735217 1 7    38.0   38.0
 61 6153.565900 2.710E-25 0.000E+00.04530.065 1095.82000.62-.012300                   0 0 0 0 1A1                  14A1  1     345332857348 7 1 7     0.0    0.0
 61 6153.631300 6.610E-27 0.000E+00.05980.075  815.00000.75-.012307                                                            34443285735217 1 7     0.0    0.0
 61 6153.724100 5.590E-26 0.000E+00.05980.075  815.00000.75-.012307                                                            34443285735217 1 7     0.0    0.0
 61 6153.781200 1.450E-26 0.000E+00.05980.075  815.00000.75-.012308                                                            34443285735217 1 7     0.0    0.0
 61 6153.815900 5.740E-26 0.000E+00.05980.075  815.00000.75-.012308                                                            34443285735217 1 7     0.0    0.0
 61 6153.926068 1.670E-24 0.000E+00.04160.061 1095.82000.85-.012300                                                            4433328573421110 7     0.0    0.0
 61 6153.972200 1.860E-26 0.000E+00.05980.075  815.00000.75-.012308                                                            34443285735217 1 7     0.0    0.0
 61 6154.004400 3.130E-26 0.000E+00.05980.075  815.00000.75-.012308                                                            34443285735217 1 7     0.0    0.0
 61 6154.018500 7.820E-26 0.000E+00.05980.075  815.00000.75-.012308                                                            34443285735217 1 7     0.0    0.0
 61 6154.025200 4.250E-27 4.021E-06.06350.080   31.44000.75-.012308                   0 0 0 0 1A1    3F1            2F2        34663285735217 1 7    21.0   15.0
 61 6154.038500 2.450E-25 3.406E-04.06080.077  293.16000.75-.012308                   0 0 0 0 1A1    8F1            7F2        34663285735217 1 7    51.0   45.0
 61 6154.039100 4.370E-26 0.000E+00.05980.075  305.45000.75-.012308                                                            34443285735217 1 7     0.0    0.0
 61 6154.055008 1.590E-24 0.000E+00.05340.069  689.86000.85-.012300                                                            4433328573421110 7     0.0    0.0
 61 6154.076892 1.030E-24 1.432E-03.06160.076  293.12000.70-.012300                   0 0 0 0 1A1    8F1275         7F2  1     445332857348 7 1 7    51.0   45.0
 61 6154.097200 1.350E-25 0.000E+00.05980.075  815.00000.75-.012308                                                            34443285735217 1 7     0.0    0.0
 61 6154.148400 7.010E-26 0.000E+00.05980.075  815.00000.75-.012308                                                            34443285735217 1 7     0.0    0.0
 61 6154.191189 2.820E-24 0.000E+00.05340.069  689.86000.85-.012300                                                            4433328573421110 7     0.0    0.0
 61 6154.281400 8.340E-26 1.159E-04.05790.073  293.17000.75-.012309                   0 0 0 0 1A1    8F2            7F1        34553285735217 1 7    51.0   45.0
 61 6154.285200 2.770E-25 0.000E+00.06000.077  815.00000.85-.012300                                                            3433328573421110 7     0.0    0.0
 61 6154.336418 2.230E-24 3.100E-03.06160.076  293.12000.70-.012300                   0 0 0 0 1A1    8F2283         7F1  1     445332857348 7 1 7    51.0   45.0
 61 6154.453100 8.730E-27 0.000E+00.05980.075  815.00000.75-.012309                                                            34443285735217 1 7     0.0    0.0
 61 6154.514000 2.640E-26 3.747E-05.06150.077   31.44000.75-.012309                   0 0 0 0 1A1    3E             2E         34553285735217 1 7    14.0   10.0
 61 6154.548800 2.520E-25 0.000E+00.04530.065 1095.82000.62-.012300                   0 0 0 0 1A1                  14A1  1     345332857348 7 1 7     0.0    0.0
 61 6154.572684 1.200E-25 0.000E+00.05980.075  687.56000.75-.012309                                                            34443285735217 1 7     0.0    0.0
 61 6154.595400 2.330E-26 3.240E-05.06080.077  293.16000.75-.012309                   0 0 0 0 1A1    8F1            7F2        34663285735217 1 7    51.0   45.0
 61 6154.633478 2.330E-24 3.239E-03.06160.076  293.12000.70-.012300                   0 0 0 0 1A1    8F1276         7F2  1     445332857348 7 1 7    51.0   45.0
 61 6154.694300 5.070E-27 0.000E+00.05980.075  815.00000.75-.012309                                                            34443285735217 1 7     0.0    0.0
 61 6154.761200 9.070E-26 0.000E+00.05980.075  699.46000.75-.012310                                                            34443285735217 1 7     0.0    0.0
 61 6154.834600 1.500E-25 0.000E+00.05980.075  305.87000.75-.012310                                                            34443285735217 1 7     0.0    0.0
 61 6154.837863 8.170E-25 1.136E-03.06310.076  293.17000.85-.012300                   0 0 0 0 1A1    8F2            7F1  2     4433328573481110 7    51.0   45.0
 61 6154.877582 6.700E-25 5.589E-04.06310.076  293.15000.85-.012300                   0 0 0 0 1A1    8A1            7A2        4433328573421110 7    85.0   75.0
 61 6154.892282 6.250E-25 8.689E-04.06310.076  293.12000.85-.012300                   0 0 0 0 1A1    8F2            7F1        4433328573421110 7    51.0   45.0
 61 6154.912600 4.220E-26 0.000E+00.05980.075  815.00000.75-.012310                                                            34443285735217 1 7     0.0    0.0
 61 6154.932507 5.450E-25 1.018E-03.05970.074  376.82000.69-.012300                   0 0 0 0 1A1    9F1307         8F2  2     445332857348 7 1 7    57.0   51.0
 61 6154.956000 1.520E-25 0.000E+00.05980.075  815.00000.75-.012310                                                            34443285735217 1 7     0.0    0.0
 61 6154.975907 4.740E-25 8.855E-04.05970.074  376.78000.69-.012300                   0 0 0 0 1A1    9F1307         8F2  1     345332857348 7 1 7    57.0   51.0
 61 6154.994600 3.030E-26 0.000E+00.05980.075  815.00000.75-.012310                                                            34443285735217 1 7     0.0    0.0
 61 6155.019500 3.740E-26 0.000E+00.05980.075  815.00000.75-.012310                                                            34443285735217 1 7     0.0    0.0
 61 6155.041500 2.640E-26 0.000E+00.05980.075  815.00000.75-.012310                                                            34443285735217 1 7     0.0    0.0
 61 6155.124000 9.830E-26 0.000E+00.05980.075  679.45000.75-.012310                                                            34443285735217 1 7     0.0    0.0
 61 6155.178700 3.550E-26 0.000E+00.05980.075  815.00000.75-.012310                                                            34443285735217 1 7     0.0    0.0
 61 6155.195102 6.460E-25 1.207E-03.05970.074  376.80000.69-.012300                   0 0 0 0 1A1    9F2299         8F1  2     445332857348 7 1 7    57.0   51.0
 61 6155.211976 4.380E-25 2.851E-03.05270.068  690.04000.64-.012300                   0 0 0 0 1A1   12F2392        11F1  3     345332857348 7 1 7    75.0   69.0
 61 6155.265699 5.520E-25 1.031E-03.05970.074  376.73000.69-.012300                   0 0 0 0 1A1    9F2299         8F1  1     445332857348 7 1 7    57.0   51.0
 61 6155.304235 1.220E-24 7.938E-03.05270.068  689.95000.64-.012300                   0 0 0 0 1A1   12F2392        11F1  2     445332857348 7 1 7    75.0   69.0
 61 6155.390643 1.010E-24 0.000E+00.05340.069  689.86000.85-.012300                                                            4433328573421110 7     0.0    0.0
 61 6155.469839 1.770E-24 1.984E-03.05970.074  376.73000.69-.012300                   0 0 0 0 1A1    9A2104         8A1  1     445332857348 7 1 7    95.0   85.0
 61 6155.487800 1.540E-25 0.000E+00.05980.075  815.00000.75-.012311                                                            34443285735217 1 7     0.0    0.0
 61 6155.508506 1.550E-24 2.156E-03.06160.076  293.16000.70-.012300                   0 0 0 0 1A1    8F1277         7F2  2     445332857348 7 1 7    51.0   45.0
 61 6155.536870 1.570E-24 3.275E-03.05470.069  293.17000.75-.012311                   0 0 0 0 1A1    8E             7E         44553285735217 1 7    34.0   30.0
 61 6155.539300 8.060E-25 0.000E+00.05980.075  689.86000.75-.012311                                                            45443285735217 1 7     0.0    0.0
 61 6155.546022 3.900E-24 5.423E-03.06160.076  293.12000.70-.012300                   0 0 0 0 1A1    8F1277         7F2  1     445332857348 7 1 7    51.0   45.0
 61 6155.753900 8.140E-26 0.000E+00.05980.075  815.00000.75-.012312                                                            34443285735217 1 7     0.0    0.0
 61 6155.780800 7.570E-26 0.000E+00.05980.075  758.80000.75-.012312                                                            34443285735217 1 7     0.0    0.0
 61 6155.795900 1.440E-25 0.000E+00.06000.077  708.77000.85-.012300                                                            3433328573421110 7     0.0    0.0
 61 6155.813500 3.320E-26 0.000E+00.05980.075  815.00000.75-.012312                                                            34443285735217 1 7     0.0    0.0
 61 6155.837400 1.750E-26 0.000E+00.05980.075  815.00000.75-.012312                                                            34443285735217 1 7     0.0    0.0
 61 6155.890100 2.560E-26 0.000E+00.05980.075  815.00000.75-.012312                                                            34443285735217 1 7     0.0    0.0
 61 6155.920501 5.780E-25 0.000E+00.06000.077  724.13000.85-.012300                                                            4433328573421110 7     0.0    0.0
 61 6156.028935 3.310E-25 0.000E+00.06000.077  731.96000.85-.012300                                                            3433328573421110 7     0.0    0.0
 61 6156.090300 2.070E-25 0.000E+00.06000.077  618.18000.85-.012300                                                            3433328573421110 7     0.0    0.0
 61 6156.117200 1.210E-25 0.000E+00.05980.075  714.94000.75-.012312                                                            34443285735217 1 7     0.0    0.0
 61 6156.160200 1.090E-26 0.000E+00.05980.075  815.00000.75-.012312                                                            34443285735217 1 7     0.0    0.0
 61 6156.185551 7.300E-25 0.000E+00.06000.077  728.75000.85-.012300                                                            4433328573421110 7     0.0    0.0
 61 6156.223981 3.830E-25 0.000E+00.06000.077  732.82000.85-.012300                                                            3433328573421110 7     0.0    0.0
 61 6156.321800 3.820E-26 0.000E+00.05980.075  815.00000.75-.012313                                                            34443285735217 1 7     0.0    0.0
 61 6156.351100 2.230E-26 0.000E+00.05980.075  815.00000.75-.012313                                                            34443285735217 1 7     0.0    0.0
 61 6156.454600 2.900E-26 0.000E+00.05980.075  815.00000.75-.012313                                                            34443285735217 1 7     0.0    0.0
 61 6156.480000 2.310E-26 0.000E+00.05980.075  815.00000.75-.012313                                                            34443285735217 1 7     0.0    0.0
 61 6156.584186 3.450E-23 2.880E-02.06210.076  293.15000.79-.011800                   0 0 0 0 1A1    8A1 99         7A2  1     445335857348 71212    85.0   75.0
 61 6156.627700 1.390E-25 1.535E-04.06360.080  219.93000.75-.012313                   0 0 0 0 1A1    7F1            6F2        34663285735217 1 7    45.0   39.0
 61 6156.632300 8.620E-26 0.000E+00.05980.075  815.00000.75-.012313                                                            34443285735217 1 7     0.0    0.0
 61 6156.651700 1.590E-25 1.756E-04.06360.080  219.91000.75-.012313                   0 0 0 0 1A1    7F1            6F2        34663285735217 1 7    45.0   39.0
 61 6156.762200 1.730E-26 0.000E+00.05980.075  815.00000.75-.012314                                                            34443285735217 1 7     0.0    0.0
 61 6156.785600 3.510E-26 0.000E+00.05980.075  815.00000.75-.012314                                                            34443285735217 1 7     0.0    0.0
 61 6156.863066 1.400E-24 0.000E+00.03690.058 1252.00000.85-.012300                                                            4433328573421110 7     0.0    0.0
 61 6156.911100 2.620E-25 0.000E+00.06000.077  750.59000.85-.012300                                                            3433328573421110 7     0.0    0.0
 61 6156.929700 6.370E-26 0.000E+00.05980.075  815.00000.75-.012314                                                            34443285735217 1 7     0.0    0.0
 61 6156.994100 7.090E-26 0.000E+00.05980.075  815.00000.75-.012314                                                            34443285735217 1 7     0.0    0.0
 61 6157.032700 4.040E-26 0.000E+00.05980.075  815.00000.75-.012314                                                            34443285735217 1 7     0.0    0.0
 61 6157.057600 4.420E-26 0.000E+00.05980.075  815.00000.75-.012314                                                            34443285735217 1 7     0.0    0.0
 61 6157.103427 1.480E-23 2.059E-02.06280.076  293.16000.90-.008400                   0 0 0 0 1A1    8F1278         7F2  2     445335857348 71212    51.0   45.0
 61 6157.141568 3.760E-24 5.231E-03.06160.076  293.12000.70-.012300                   0 0 0 0 1A1    8F1278         7F2  1     445332857348 7 1 7    51.0   45.0
 61 6157.234686 1.330E-23 0.000E+00.03690.058 1252.00000.85-.012300                                                            4433328573421110 7     0.0    0.0
 61 6157.252401 1.760E-23 0.000E+00.03690.058 1252.00000.85-.012300                                                            4433328573421110 7     0.0    0.0
 61 6157.369606 2.300E-24 3.201E-03.06160.076  293.17000.70-.012300                   0 0 0 0 1A1    8F2285         7F1  2     445332857348 7 1 7    51.0   45.0
 61 6157.424986 1.000E-23 1.391E-02.06160.076  293.12000.70-.012300                   0 0 0 0 1A1    8F2285         7F1  1     445332857348 7 1 7    51.0   45.0
 61 6157.434153 1.470E-23 0.000E+00.03690.058 1252.00000.85-.012300                                                            4433328573421110 7     0.0    0.0
 61 6157.480000 6.530E-26 1.082E-04.05660.071  219.91000.75-.012315                   0 0 0 0 1A1    7E             6E         34553285735217 1 7    30.0   26.0
 61 6157.574656 2.990E-25 3.304E-04.06000.077  219.94000.85-.012300                   0 0 0 0 1A1    7F2            6F1        3433328573421110 7    45.0   39.0
 61 6157.679200 3.990E-26 0.000E+00.05980.075  588.81000.75-.012315                                                            34443285735217 1 7     0.0    0.0
 61 6157.738517 8.520E-25 5.649E-04.06440.078  219.94000.85-.012300                   0 0 0 0 1A1    7A2            6A1  1     4433328573481110 7    75.0   65.0
 61 6157.799300 2.160E-26 0.000E+00.05980.075  815.00000.75-.012316                                                            34443285735217 1 7     0.0    0.0
 61 6157.862654 1.630E-23 3.403E-02.06160.076  293.17000.70-.012300                   0 0 0 0 1A1    8E 190         7E   1     445332857348 7 1 7    34.0   30.0
 61 6157.903851 2.590E-23 3.605E-02.06160.076  293.17000.70-.012300                   0 0 0 0 1A1    8F2286         7F1  2     445332857348 7 1 7    51.0   45.0
 61 6157.923211 3.590E-25 0.000E+00.05980.075 1500.00000.75-.012316                                                            34443285735217 1 7     0.0    0.0
 61 6157.959110 9.460E-25 1.316E-03.06160.076  293.12000.70-.012300                   0 0 0 0 1A1    8F2286         7F1  1     445332857348 7 1 7    51.0   45.0
 61 6158.041354 1.500E-23 9.773E-02.05270.068  690.04000.64-.012300                   0 0 0 0 1A1   12F2393        11F1  3     445332857348 7 1 7    75.0   69.0
 61 6158.101312 8.100E-24 1.127E-02.06160.076  293.16000.70-.012300                   0 0 0 0 1A1    8F1279         7F2  2     445332857348 7 1 7    51.0   45.0
 61 6158.103600 1.090E-24 0.000E+00.05980.075  302.37000.75-.012316                                                            45443285735217 1 7     0.0    0.0
 61 6158.114117 4.690E-25 0.000E+00.05980.075 1500.00000.75-.012316                                                            34443285735217 1 7     0.0    0.0
 61 6158.139706 6.410E-24 8.921E-03.06160.076  293.12000.70-.012300                   0 0 0 0 1A1    8F1279         7F2  1     445332857348 7 1 7    51.0   45.0
 61 6158.201295 8.940E-24 8.737E-02.05270.068  690.03000.64-.012300                   0 0 0 0 1A1   12E 262        11E   2     445332857348 7 1 7    50.0   46.0
 61 6158.307136 9.400E-24 0.000E+00.03690.058 1252.00000.85-.012300                                                            4433328573421110 7     0.0    0.0
 61 6158.333590 1.920E-24 2.183E-01.03690.058 1252.00000.85-.012300                   0 0 0 0 1A1   16E            15E         4433328573421110 7    66.0   62.0
 61 6158.366830 1.280E-23 8.339E-02.05270.068  690.01000.64-.012300                   0 0 0 0 1A1   12F1388        11F2  3     445332857348 7 1 7    75.0   69.0
 61 6158.452894 2.670E-23 9.308E-02.05710.073  525.49600.65-.012300                   0 0 0 0 1A1   10F2335         9F1  1     445332857348 7 1 7    63.0   57.0
 61 6158.458546 1.390E-24 0.000E+00.05980.075 1500.00000.75-.012317                                                            44443285735217 1 7     0.0    0.0
 61 6158.508800 2.630E-25 0.000E+00.05980.075  689.86000.75-.012317                                                            34443285735217 1 7     0.0    0.0
 61 6158.561231 4.690E-24 0.000E+00.03690.058 1252.00000.85-.012300                                                            4433328573421110 7     0.0    0.0
 61 6158.650463 3.190E-24 0.000E+00.03690.058 1252.00000.85-.012300                                                            4433328573421110 7     0.0    0.0
 61 6158.684600 7.480E-26 0.000E+00.05980.075  815.00000.75-.012317                                                            34443285735217 1 7     0.0    0.0
 61 6158.779088 6.170E-24 0.000E+00.03690.058 1252.00000.85-.012300                                                            4433328573421110 7     0.0    0.0
 61 6158.815417 1.520E-23 0.000E+00.03690.058 1252.00000.85-.012300                                                            4433328573421110 7     0.0    0.0
 61 6158.902652 5.590E-25 0.000E+00.06000.077  669.31000.85-.012300                                                            4433328573421110 7     0.0    0.0
 61 6158.952324 2.420E-24 0.000E+00.03690.058 1252.00000.85-.012300                                                            4433328573421110 7     0.0    0.0
 61 6159.089800 9.090E-26 0.000E+00.05980.075  815.00000.75-.012318                                                            34443285735217 1 7     0.0    0.0
 61 6159.124162 6.340E-24 0.000E+00.03690.058 1252.00000.85-.012300                                                            4433328573421110 7     0.0    0.0
 61 6159.179276 1.080E-23 0.000E+00.03690.058 1252.00000.85-.012300                                                            4433328573421110 7     0.0    0.0
 61 6159.225602 1.140E-23 0.000E+00.03690.058 1252.00000.85-.012300                                                            4433328573421110 7     0.0    0.0
 61 6159.273595 2.140E-23 0.000E+00.03690.058 1252.00000.85-.012300                                                            4433328573421110 7     0.0    0.0
 61 6159.282799 4.500E-24 0.000E+00.05980.075 1500.00000.75-.012319                                                            44443285735217 1 7     0.0    0.0
 61 6159.297744 3.370E-24 0.000E+00.03690.058 1252.00000.85-.012300                                                            4433328573421110 7     0.0    0.0
 61 6159.340685 4.310E-24 0.000E+00.03690.058 1252.00000.85-.012300                                                            4433328573421110 7     0.0    0.0
 61 6159.387700 2.530E-26 0.000E+00.05980.075  591.97000.75-.012319                                                            34443285735217 1 7     0.0    0.0
 61 6159.452600 1.080E-26 0.000E+00.05980.075  815.00000.75-.012319                                                            34443285735217 1 7     0.0    0.0
 61 6159.502300 1.890E-25 5.305E-04.06000.077  376.82000.85-.012300                   0 0 0 0 1A1    9E             8E         3433328573421110 7    38.0   34.0
 61 6159.532200 1.620E-25 0.000E+00.05980.075  674.07000.75-.012319                                                            34443285735217 1 7     0.0    0.0
 61 6159.587805 7.190E-25 2.017E-03.06000.077  376.73000.85-.012300                   0 0 0 0 1A1    9E             8E         4433328573421110 7    38.0   34.0
 61 6159.605034 7.240E-25 1.355E-03.05380.068  376.80000.75-.012319                   0 0 0 0 1A1    9F2            8F1        44553285735217 1 7    57.0   51.0
 61 6159.618658 8.230E-25 0.000E+00.06000.077  702.14000.85-.012300                                                            4433328573421110 7     0.0    0.0
 61 6159.675416 7.450E-25 1.394E-03.06000.077  376.73000.85-.012300                   0 0 0 0 1A1    9F2            8F1        4433328573421110 7    57.0   51.0
 61 6159.706733 9.400E-25 0.000E+00.06000.077  661.28000.85-.012300                                                            4433328573421110 7     0.0    0.0
 61 6159.747600 4.490E-25 0.000E+00.06000.077  685.55000.85-.012300                                                            3433328573421110 7     0.0    0.0
 61 6159.759662 1.200E-24 0.000E+00.06000.077  695.57000.85-.012300                                                            4433328573421110 7     0.0    0.0
 61 6159.770896 1.230E-24 0.000E+00.05980.075  702.56000.75-.012320                                                            44443285735217 1 7     0.0    0.0
 61 6159.789100 2.410E-26 2.284E-05.06350.080   31.44000.75-.012320                   0 0 0 0 1A1    3F1            2F2        34663285735217 1 7    21.0   15.0
 61 6159.964319 7.810E-25 0.000E+00.06000.077  736.94000.85-.012300                                                            4433328573421110 7     0.0    0.0
 61 6160.044211 3.510E-25 0.000E+00.06000.077  771.54000.85-.012300                                                            3433328573421110 7     0.0    0.0
 61 6160.105889 1.190E-24 0.000E+00.06000.077 1011.78050.85-.012300                                                            4433328573421110 7     0.0    0.0
 61 6160.107600 1.140E-26 1.621E-05.06150.077   31.44000.75-.012320                   0 0 0 0 1A1    3E             2E         34553285735217 1 7    14.0   10.0
 61 6160.182069 6.180E-25 0.000E+00.06000.077  673.91000.85-.012300                                                            4433328573421110 7     0.0    0.0
 61 6160.271615 6.080E-24 0.000E+00.03690.058 1252.00000.85-.012300                                                            4433328573421110 7     0.0    0.0
 61 6160.344200 2.950E-26 0.000E+00.05980.075  815.00000.75-.012321                                                            34443285735217 1 7     0.0    0.0
 61 6160.370600 8.430E-26 0.000E+00.05980.075  815.00000.75-.012321                                                            34443285735217 1 7     0.0    0.0
 61 6160.399400 2.010E-26 0.000E+00.05980.075  815.00000.75-.012321                                                            34443285735217 1 7     0.0    0.0
 61 6160.423273 7.780E-25 1.456E-03.06000.077  376.82000.85-.012300                   0 0 0 0 1A1    9F1            8F2        4433328573421110 7    57.0   51.0
 61 6160.433300 1.410E-25 0.000E+00.05980.075  389.69000.75-.012321                                                            34443285735217 1 7     0.0    0.0
 61 6160.449719 1.060E-24 0.000E+00.06000.077  677.94000.85-.012300                                                            4433328573421110 7     0.0    0.0
 61 6160.465400 9.250E-26 1.731E-04.05730.072  376.78000.75-.012321                   0 0 0 0 1A1    9F1            8F2        34663285735217 1 7    57.0   51.0
 61 6160.489240 8.480E-25 0.000E+00.06000.077  672.20000.85-.012300                                                            4433328573421110 7     0.0    0.0
 61 6160.531478 1.600E-24 0.000E+00.05980.075 1500.00000.75-.012321                                                            44443285735217 1 7     0.0    0.0
 61 6160.541134 8.500E-24 0.000E+00.03690.058 1252.00000.85-.012300                                                            4433328573421110 7     0.0    0.0
 61 6160.576700 4.400E-26 0.000E+00.05980.075  307.85000.75-.012321                                                            34443285735217 1 7     0.0    0.0
 61 6160.674957 8.330E-25 9.352E-04.06000.077  376.73000.85-.012300                   0 0 0 0 1A1    9A2            8A1        4433328573421110 7    95.0   85.0
 61 6160.704100 6.370E-26 0.000E+00.05980.075  815.00000.75-.012321                                                            34443285735217 1 7     0.0    0.0
 61 6160.748060 1.120E-24 1.423E-02.06000.077  770.77710.85-.012300                   0 0 0 0 1A1    9F2            8F1        4433328573421110 7    57.0   51.0
 61 6160.795248 8.620E-24 0.000E+00.05340.069  689.86000.85-.012300                                                            4433328573421110 7     0.0    0.0
 61 6160.821100 1.280E-25 2.395E-04.05380.068  376.73000.75-.012322                   0 0 0 0 1A1    9F2            8F1        34553285735217 1 7    57.0   51.0
 61 6160.845700 2.160E-26 0.000E+00.05980.075  815.00000.75-.012322                                                            34443285735217 1 7     0.0    0.0
 61 6160.914399 1.180E-24 0.000E+00.06000.077 1882.43090.85-.012300                                                            4433328573421110 7     0.0    0.0
 61 6160.935110 1.740E-24 0.000E+00.06130.075 1083.63370.85-.012300                                                            4433328573421110 7     0.0    0.0
 61 6160.960923 2.970E-24 0.000E+00.06000.077 1076.20170.85-.012300                                                            4433328573421110 7     0.0    0.0
 61 6161.044000 3.400E-26 0.000E+00.05980.075  815.00000.75-.012322                                                            34443285735217 1 7     0.0    0.0
 61 6161.065400 2.450E-26 0.000E+00.05980.075  815.00000.75-.012322                                                            34443285735217 1 7     0.0    0.0
 61 6161.110099 4.840E-24 4.731E-02.05270.068  689.88000.64-.012300                   0 0 0 0 1A1   12E 263        11E   1     445332857348 7 1 7    50.0   46.0
 61 6161.131907 5.260E-25 1.477E-03.06130.075  376.82000.85-.012300                   0 0 0 0 1A1    9E             8E         4433328573421110 7    38.0   34.0
 61 6161.151400 3.010E-25 0.000E+00.05980.075  722.42000.75-.012322                                                            34443285735217 1 7     0.0    0.0
 61 6161.178700 4.010E-26 0.000E+00.05980.075  815.00000.75-.012322                                                            34443285735217 1 7     0.0    0.0
 61 6161.218300 5.230E-26 1.468E-04.05250.066  376.73000.75-.012322                   0 0 0 0 1A1    9E             8E         34553285735217 1 7    38.0   34.0
 61 6161.255280 6.769E-24 4.411E-02.05270.068  689.87000.64-.012300                   0 0 0 0 1A1   12F1389        11F2  2     435332854848 7 1 7    75.0   69.0
 61 6161.303469 5.550E-25 0.000E+00.06000.077  698.26000.85-.012300                                                            4433328573421110 7     0.0    0.0
 61 6161.311300 9.440E-26 1.767E-04.05730.072  376.82000.75-.012323                   0 0 0 0 1A1    9F1            8F2        34663285735217 1 7    57.0   51.0
 61 6161.352000 1.890E-25 3.538E-04.05730.072  376.78000.75-.012323                   0 0 0 0 1A1    9F1            8F2        34663285735217 1 7    57.0   51.0
 61 6161.427600 1.650E-25 3.089E-04.05380.068  376.80000.75-.012323                   0 0 0 0 1A1    9F2            8F1        34553285735217 1 7    57.0   51.0
 61 6161.500800 4.830E-26 9.040E-05.05380.068  376.73000.75-.012323                   0 0 0 0 1A1    9F2            8F1        34553285735217 1 7    57.0   51.0
 61 6161.511952 1.230E-23 4.810E-02.05250.068  689.86000.86-.013800                   0 0 0 0 1A1   12A1136        11A2  1     445335857348 71212   125.0  115.0
 61 6161.624068 6.760E-25 0.000E+00.06000.077  815.00000.85-.012300                                                            4433328573421110 7     0.0    0.0
 61 6161.721200 4.880E-26 0.000E+00.05980.075  815.00000.75-.012323                                                            34443285735217 1 7     0.0    0.0
 61 6161.730300 1.800E-27 3.371E-06.05730.072  376.82000.75-.012323                   0 0 0 0 1A1    9F1            8F2        34663285735217 1 7    57.0   51.0
 61 6161.751000 4.300E-26 0.000E+00.05980.075  815.00000.75-.012324                                                            34443285735217 1 7     0.0    0.0
 61 6161.771200 1.340E-25 2.509E-04.05730.072  376.78000.75-.012324                   0 0 0 0 1A1    9F1            8F2        34663285735217 1 7    57.0   51.0
 61 6161.792000 2.670E-26 0.000E+00.05980.075  815.00000.75-.012324                                                            34443285735217 1 7     0.0    0.0
 61 6161.849600 6.510E-26 0.000E+00.05980.075  664.41000.75-.012324                                                            34443285735217 1 7     0.0    0.0
 61 6161.889723 7.500E-24 3.010E-02.05630.073  470.79000.65-.011800                   0 0 0 0 1A1   10E 223         9E   1     445335857348 71212    42.0   38.0
 61 6161.896000 6.950E-25 1.860E-03.04980.063  470.85000.75-.012324                   0 0 0 0 1A1   10F2            9F1        45443285735217 1 7    63.0   57.0
 61 6161.943882 9.940E-24 2.659E-02.05770.073  470.80000.83-.010300                   0 0 0 0 1A1   10F2336         9F1  2     445335857348 71212    63.0   57.0
 61 6161.991200 2.420E-25 0.000E+00.06000.077  591.38000.85-.012300                                                            3433328573421110 7     0.0    0.0
 61 6162.028800 2.710E-25 0.000E+00.05980.075  609.22000.75-.012324                                                            34443285735217 1 7     0.0    0.0
 61 6162.063651 1.440E-23 2.312E-02.05950.073  470.83000.97-.008300                   0 0 0 0 1A1   10A2109         9A1  1     445334857348 71212   105.0   95.0
 61 6162.160627 4.120E-24 2.684E-02.05270.068  689.70000.64-.012300                   0 0 0 0 1A1   12F1390        11F2  1     445332857348 7 1 7    75.0   69.0
 61 6162.237804 4.310E-24 2.807E-02.05270.068  689.70000.64-.012300                   0 0 0 0 1A1   12F2395        11F1  1     445332857348 7 1 7    75.0   69.0
 61 6162.258947 1.930E-24 0.000E+00.05000.067  814.64000.85-.012300                                                            4433328573421110 7     0.0    0.0
 61 6162.317900 1.870E-25 0.000E+00.06000.077  761.33000.85-.012300                                                            3433328573421110 7     0.0    0.0
 61 6162.426041 1.370E-24 0.000E+00.05000.067  814.64000.85-.012300                                                            4433328573421110 7     0.0    0.0
 61 6162.450700 1.310E-26 2.454E-05.05730.072  376.82000.75-.012325                   0 0 0 0 1A1    9F1            8F2        34663285735217 1 7    57.0   51.0
 61 6162.461496 1.260E-24 0.000E+00.05000.067  814.64000.85-.012300                                                            4433328573421110 7     0.0    0.0
 61 6162.532700 1.290E-26 0.000E+00.05980.075  815.00000.75-.012325                                                            34443285735217 1 7     0.0    0.0
 61 6162.567400 1.290E-25 0.000E+00.05980.075  815.00000.75-.012325                                                            34443285735217 1 7     0.0    0.0
 61 6162.606000 1.700E-26 0.000E+00.05980.075  815.00000.75-.012325                                                            34443285735217 1 7     0.0    0.0
 61 6162.624500 5.140E-26 0.000E+00.05980.075  879.00000.75-.012325                                                            34443285735217 1 7     0.0    0.0
 61 6162.645400 3.620E-26 6.778E-05.05380.068  376.73000.75-.012325                   0 0 0 0 1A1    9F2            8F1        34553285735217 1 7    57.0   51.0
 61 6162.670400 1.510E-26 0.000E+00.05980.075  815.00000.75-.012325                                                            34443285735217 1 7     0.0    0.0
 61 6162.701200 3.910E-26 0.000E+00.05980.075  815.00000.75-.012325                                                            34443285735217 1 7     0.0    0.0
 61 6162.712900 3.190E-26 0.000E+00.05980.075  815.00000.75-.012325                                                            34443285735217 1 7     0.0    0.0
 61 6162.765600 2.700E-26 0.000E+00.05980.075  815.00000.75-.012326                                                            34443285735217 1 7     0.0    0.0
 61 6162.816900 2.490E-26 0.000E+00.05980.075  815.00000.75-.012326                                                            34443285735217 1 7     0.0    0.0
 61 6162.842800 4.690E-26 0.000E+00.05980.075  815.00000.75-.012326                                                            34443285735217 1 7     0.0    0.0
 61 6162.926800 2.380E-26 0.000E+00.05980.075  815.00000.75-.012326                                                            34443285735217 1 7     0.0    0.0
 61 6163.005400 1.660E-26 0.000E+00.05980.075  815.00000.75-.012326                                                            34443285735217 1 7     0.0    0.0
 61 6163.083000 1.980E-26 0.000E+00.05980.075  815.00000.75-.012326                                                            34443285735217 1 7     0.0    0.0
 61 6163.101600 1.640E-26 0.000E+00.05980.075   79.43000.75-.012326                                                            34443285735217 1 7     0.0    0.0
 61 6163.111900 6.760E-26 3.487E-05.06010.076   62.87000.75-.012326                   0 0 0 0 1A1    4A1            3A2        34653285735217 1 7    45.0   35.0
 61 6163.124500 3.830E-26 0.000E+00.05980.075  815.00000.75-.012326                                                            34443285735217 1 7     0.0    0.0
 61 6163.157700 2.280E-26 0.000E+00.05980.075  815.00000.75-.012326                                                            34443285735217 1 7     0.0    0.0
 61 6163.179200 1.080E-26 0.000E+00.05980.075  815.00000.75-.012326                                                            34443285735217 1 7     0.0    0.0
 61 6163.232400 2.280E-26 0.000E+00.05980.075  815.00000.75-.012326                                                            34443285735217 1 7     0.0    0.0
 61 6163.248500 5.250E-26 0.000E+00.05980.075  815.00000.75-.012326                                                            34443285735217 1 7     0.0    0.0
 61 6163.380400 2.930E-25 0.000E+00.06000.077  815.00000.85-.012300                                                            3433328573421110 7     0.0    0.0
 61 6163.404300 1.660E-26 0.000E+00.05980.075  815.00000.75-.012327                                                            34443285735217 1 7     0.0    0.0
 61 6163.462893 3.070E-25 0.000E+00.06000.077  815.00000.85-.012300                                                            3433328573421110 7     0.0    0.0
 61 6163.522982 1.210E-23 1.687E-02.06320.076  293.12000.68-.011400                   0 0 0 0 1A1    8F2287         7F1  1     445334857346 71212    51.0   45.0
 61 6163.540649 1.090E-23 1.520E-02.06050.076  293.12001.02-.017000                   0 0 0 0 1A1    8F1280         7F2  1     445334857348 71212    51.0   45.0
 61 6163.630400 2.710E-26 0.000E+00.05980.075  815.00000.75-.012327                                                            34443285735217 1 7     0.0    0.0
 61 6163.760769 7.290E-25 0.000E+00.05000.067  815.00000.85-.012300                                                            4433328573421110 7     0.0    0.0
 61 6163.776847 8.560E-24 2.292E-02.05710.073  470.85000.65-.012300                   0 0 0 0 1A1   10F2337         9F1  3     445332857348 7 1 7    63.0   57.0
 61 6163.827496 1.030E-24 2.757E-03.05710.073  470.80000.65-.012300                   0 0 0 0 1A1   10F2337         9F1  2     445332857348 7 1 7    63.0   57.0
 61 6163.836800 5.210E-26 9.762E-05.05380.068  376.80000.75-.012328                   0 0 0 0 1A1    9F2            8F1        34553285735217 1 7    57.0   51.0
 61 6163.869411 1.410E-24 0.000E+00.05000.067  814.64000.85-.012300                                                            4433328573421110 7     0.0    0.0
 61 6163.906600 2.410E-25 4.514E-04.05970.074  376.73000.69-.012300                   0 0 0 0 1A1    9F2306         8F1  1     345332857348 7 1 7    57.0   51.0
 61 6163.916200 7.190E-26 1.924E-04.04980.063  470.71000.75-.012328                   0 0 0 0 1A1   10F2            9F1        34443285735217 1 7    63.0   57.0
 61 6163.919900 4.730E-26 0.000E+00.05980.075  815.00000.75-.012328                                                            34443285735217 1 7     0.0    0.0
 61 6163.947800 4.780E-26 0.000E+00.05980.075  815.00000.75-.012328                                                            34443285735217 1 7     0.0    0.0
 61 6163.968700 1.330E-25 0.000E+00.05980.075  815.00000.75-.012328                                                            34443285735217 1 7     0.0    0.0
 61 6163.989300 3.510E-26 0.000E+00.05980.075  815.00000.75-.012328                                                            34443285735217 1 7     0.0    0.0
 61 6164.010700 7.350E-26 0.000E+00.05980.075  815.00000.75-.012328                                                            34443285735217 1 7     0.0    0.0
 61 6164.028800 4.160E-26 0.000E+00.05980.075  815.00000.75-.012328                                                            34443285735217 1 7     0.0    0.0
 61 6164.052200 2.810E-26 0.000E+00.05980.075  815.00000.75-.012328                                                            34443285735217 1 7     0.0    0.0
 61 6164.074700 3.550E-26 0.000E+00.05980.075  815.00000.75-.012328                                                            34443285735217 1 7     0.0    0.0
 61 6164.118912 8.480E-24 2.271E-02.05710.073  470.86000.65-.012300                   0 0 0 0 1A1   10F1328         9F2  2     445332857348 7 1 7    63.0   57.0
 61 6164.233231 3.440E-24 3.866E-03.05970.074  376.73000.69-.012300                   0 0 0 0 1A1    9A2106         8A1  1     445332857348 7 1 7    95.0   85.0
 61 6164.264000 1.160E-25 3.105E-04.05360.068  470.72000.75-.012329                   0 0 0 0 1A1   10F1            9F2        34653285735217 1 7    63.0   57.0
 61 6164.282000 7.910E-27 1.482E-05.05730.072  376.82000.75-.012329                   0 0 0 0 1A1    9F1            8F2        34663285735217 1 7    57.0   51.0
 61 6164.322343 7.610E-25 1.426E-03.06130.075  376.78000.85-.012300                   0 0 0 0 1A1    9F1            8F2        4433328573421110 7    57.0   51.0
 61 6164.323700 1.500E-25 0.000E+00.05980.075  390.83000.75-.012329                                                            34443285735217 1 7     0.0    0.0
 61 6164.365115 6.180E-25 0.000E+00.06000.077  678.33000.85-.012300                                                            4433328573421110 7     0.0    0.0
 61 6164.505700 2.500E-25 4.685E-04.05970.074  376.80000.69-.012300                   0 0 0 0 1A1    9F2307         8F1  2     345332857348 7 1 7    57.0   51.0
 61 6164.575889 6.810E-25 1.276E-03.05970.074  376.73000.69-.012300                   0 0 0 0 1A1    9F2307         8F1  1     445332857348 7 1 7    57.0   51.0
 61 6164.618324 7.280E-25 0.000E+00.06000.077  815.00000.85-.012300                                                            4433328573421110 7     0.0    0.0
 61 6164.629676 1.470E-23 2.363E-02.06000.073  470.87000.76-.008500                   0 0 0 0 1A1   10A1115         9A2  1     445335857348 71212   105.0   95.0
 61 6164.706500 1.480E-25 0.000E+00.06000.077  871.95000.85-.012300                                                            3433328573421110 7     0.0    0.0
 61 6164.754400 1.280E-26 0.000E+00.05980.075  815.00000.75-.012330                                                            34443285735217 1 7     0.0    0.0
 61 6164.810600 1.820E-26 0.000E+00.05980.075  815.00000.75-.012330                                                            34443285735217 1 7     0.0    0.0
 61 6164.859642 4.830E-25 9.054E-04.06000.077  376.82000.85-.012300                   0 0 0 0 1A1    9F1            8F2        3433328573421110 7    57.0   51.0
 61 6164.990931 1.510E-24 3.160E-03.06310.076  293.17000.85-.012300                   0 0 0 0 1A1    8E             7E         4433328573421110 7    34.0   30.0
 61 6165.006379 1.930E-25 0.000E+00.05980.075  318.06000.75-.012330                                                            34443285735217 1 7     0.0    0.0
 61 6165.019926 3.180E-24 4.436E-03.06160.076  293.16000.70-.012300                   0 0 0 0 1A1    8F1281         7F2  2     445332857348 7 1 7    51.0   45.0
 61 6165.059093 3.200E-25 4.463E-04.06310.076  293.12000.85-.012300                   0 0 0 0 1A1    8F1            7F2        3433328573421110 7    51.0   45.0
 61 6165.101216 1.270E-23 1.063E-02.06490.076  293.15000.70-.012200                   0 0 0 0 1A1    8A1100         7A2  1     445335857348 71212    85.0   75.0
 61 6165.157700 1.460E-25 0.000E+00.05980.075  815.00000.75-.012330                                                            34443285735217 1 7     0.0    0.0
 61 6165.257800 1.380E-25 0.000E+00.05980.075  815.00000.75-.012331                                                            34443285735217 1 7     0.0    0.0
 61 6165.266600 3.600E-26 6.748E-05.05380.068  376.80000.75-.012331                   0 0 0 0 1A1    9F2            8F1        34553285735217 1 7    57.0   51.0
 61 6165.337300 6.370E-26 1.194E-04.05380.068  376.73000.75-.012331                   0 0 0 0 1A1    9F2            8F1        34553285735217 1 7    57.0   51.0
 61 6165.368596 9.510E-25 0.000E+00.03160.055 1416.55000.85-.012300                                                            4433328573421110 7     0.0    0.0
 61 6165.388709 1.070E-24 0.000E+00.03160.055 1416.55000.85-.012300                                                            4433328573421110 7     0.0    0.0
 61 6165.438700 4.500E-27 3.872E-06.06610.083   62.87000.75-.012331                   0 0 0 0 1A1    4F2            3F1        34553285735217 1 7    27.0   21.0
 61 6165.451843 5.490E-25 1.544E-03.06130.075  376.82000.85-.012300                   0 0 0 0 1A1    9E             8E         4433328573421110 7    38.0   34.0
 61 6165.487800 2.040E-26 0.000E+00.05980.075  815.00000.75-.012331                                                            34443285735217 1 7     0.0    0.0
 61 6165.536443 1.550E-24 4.357E-03.06130.075  376.73000.85-.012300                   0 0 0 0 1A1    9E             8E         4433328573421110 7    38.0   34.0
 61 6165.576703 1.320E-24 0.000E+00.03160.055 1416.55000.85-.012300                                                            4433328573421110 7     0.0    0.0
 61 6165.635300 1.030E-26 0.000E+00.05980.075  815.00000.75-.012331                                                            34443285735217 1 7     0.0    0.0
 61 6165.763512 4.730E-24 0.000E+00.03160.055 1416.55000.85-.012300                                                            4433328573421110 7     0.0    0.0
 61 6165.789861 1.190E-23 0.000E+00.03160.055 1416.55000.85-.012300                                                            4433328573421110 7     0.0    0.0
 61 6165.833290 6.120E-24 0.000E+00.03160.055 1416.55000.85-.012300                                                            4433328573421110 7     0.0    0.0
 61 6165.923700 2.030E-26 0.000E+00.05980.075  815.00000.75-.012332                                                            34443285735217 1 7     0.0    0.0
 61 6165.944000 4.580E-26 0.000E+00.05980.075  815.00000.75-.012332                                                            34443285735217 1 7     0.0    0.0
 61 6165.969600 9.230E-27 0.000E+00.05980.075  815.00000.75-.012332                                                            34443285735217 1 7     0.0    0.0
 61 6166.109508 7.980E-25 1.114E-03.06310.076  293.16000.85-.012300                   0 0 0 0 1A1    8F1            7F2        4433328573421110 7    51.0   45.0
 61 6166.126680 6.970E-25 1.868E-03.05360.068  470.86000.75-.012332                   0 0 0 0 1A1   10F1            9F2        44653285735217 1 7    63.0   57.0
 61 6166.148000 3.850E-25 5.372E-04.06080.077  293.12000.75-.012332                   0 0 0 0 1A1    8F1            7F2        34663285735217 1 7    51.0   45.0
 61 6166.156523 2.980E-24 3.351E-03.06130.075  376.73000.85-.012300                   0 0 0 0 1A1    9A2            8A1        4433328573421110 7    95.0   85.0
 61 6166.217200 1.900E-26 0.000E+00.05980.075  815.00000.75-.012332                                                            34443285735217 1 7     0.0    0.0
 61 6166.249900 1.600E-26 3.000E-05.05380.068  376.80000.75-.012332                   0 0 0 0 1A1    9F2            8F1        34553285735217 1 7    57.0   51.0
 61 6166.272500 6.770E-26 1.813E-04.05360.068  470.72000.75-.012333                   0 0 0 0 1A1   10F1            9F2        34653285735217 1 7    63.0   57.0
 61 6166.319444 3.670E-24 6.879E-03.05970.074  376.73000.69-.012300                   0 0 0 0 1A1    9F2309         8F1  1     445332857348 7 1 7    57.0   51.0
 61 6166.370700 1.570E-25 0.000E+00.05980.075  815.00000.75-.012333                                                            34443285735217 1 7     0.0    0.0
 61 6166.418317 3.660E-25 1.471E-03.05020.063  470.79000.75-.012333                   0 0 0 0 1A1   10E             9E         34543285735217 1 7    42.0   38.0
 61 6166.427244 5.970E-25 8.333E-04.06000.077  293.17000.85-.012300                   0 0 0 0 1A1    8F2            7F1        4433328573421110 7    51.0   45.0
 61 6166.481858 2.910E-25 4.061E-04.06000.077  293.12000.85-.012300                   0 0 0 0 1A1    8F2            7F1        3433328573421110 7    51.0   45.0
 61 6166.537653 7.460E-25 1.399E-03.05970.074  376.82000.69-.012300                   0 0 0 0 1A1    9F1317         8F2  2     445332857348 7 1 7    57.0   51.0
 61 6166.542800 1.220E-25 0.000E+00.05980.075  386.83000.75-.012333                                                            34443285735217 1 7     0.0    0.0
 61 6166.568600 2.110E-25 0.000E+00.05980.075  388.20000.75-.012333                                                            34443285735217 1 7     0.0    0.0
 61 6166.579820 1.330E-24 2.494E-03.05970.074  376.78000.69-.012300                   0 0 0 0 1A1    9F1317         8F2  1     445332857348 7 1 7    57.0   51.0
 61 6166.621350 1.760E-25 0.000E+00.05980.075  649.94780.75-.012333                                                            34443285735217 1 7     0.0    0.0
 61 6166.627800 2.860E-25 7.663E-04.04980.063  470.80000.75-.012333                   0 0 0 0 1A1   10F2            9F1        34443285735217 1 7    63.0   57.0
 61 6166.716361 4.830E-25 1.294E-03.06000.077  470.71000.85-.012300                   0 0 0 0 1A1   10F2            9F1        3433328573421110 7    63.0   57.0
 61 6166.772000 1.360E-26 0.000E+00.05980.075  815.00000.75-.012334                                                            34443285735217 1 7     0.0    0.0
 61 6166.831500 1.360E-25 0.000E+00.05980.075  765.53000.75-.012334                                                            34443285735217 1 7     0.0    0.0
 61 6166.850859 6.530E-24 0.000E+00.03160.055 1416.55000.85-.012300                                                            4433328573421110 7     0.0    0.0
 61 6166.868336 1.830E-23 1.220E-01.05100.067  815.14000.63-.012300                   0 0 0 0 1A1   13A2142        12A1  2     445332857348 7 1 7   135.0  125.0
 61 6166.942007 7.610E-25 2.141E-03.06000.077  376.82000.85-.012300                   0 0 0 0 1A1    9E             8E         4433328573421110 7    38.0   34.0
 61 6167.002815 1.000E-23 0.000E+00.06000.077  812.34000.85-.012300                                                            4433328573421110 7     0.0    0.0
 61 6167.026858 1.870E-24 5.259E-03.06130.075  376.73000.85-.012300                   0 0 0 0 1A1    9E             8E         4433328573421110 7    38.0   34.0
 61 6167.049367 5.640E-24 0.000E+00.03160.055 1416.55000.85-.012300                                                            4433328573421110 7     0.0    0.0
 61 6167.104800 3.240E-26 2.789E-05.06610.083   62.87000.75-.012334                   0 0 0 0 1A1    4F2            3F1        34553285735217 1 7    27.0   21.0
 61 6167.136061 9.210E-24 1.023E-01.05100.067  815.11000.63-.012300                   0 0 0 0 1A1   13F1427        12F2  3     445332857348 7 1 7    81.0   75.0
 61 6167.255119 2.090E-24 0.000E+00.03160.055 1503.26740.85-.012300                                                            4433328573421110 7     0.0    0.0
 61 6167.276399 7.760E-24 0.000E+00.03160.055  683.66000.85-.012300                                                            4433328573421110 7     0.0    0.0
 61 6167.281573 1.770E-23 7.000E-01.05100.067 1181.35120.63-.012300                   0 0 0 0 1A1   13A1138        12A2  1     445332857348 7 1 7   135.0  125.0
 61 6167.353300 9.010E-26 0.000E+00.05980.075  815.00000.75-.012335                                                            34443285735217 1 7     0.0    0.0
 61 6167.366100 1.260E-25 0.000E+00.05980.075  657.23000.75-.012335                                                            34443285735217 1 7     0.0    0.0
 61 6167.386200 1.550E-25 0.000E+00.05980.075  647.56000.75-.012335                                                            34443285735217 1 7     0.0    0.0
 61 6167.426900 2.990E-25 0.000E+00.05980.075  540.23000.75-.012335                                                            34443285735217 1 7     0.0    0.0
 61 6167.450900 2.210E-26 1.903E-05.06510.082   62.87000.75-.012335                   0 0 0 0 1A1    4F1            3F2        34663285735217 1 7    27.0   21.0
 61 6167.489978 4.200E-24 0.000E+00.03160.055 1416.55000.85-.012300                                                            4433328573421110 7     0.0    0.0
 61 6167.558900 1.640E-26 0.000E+00.05980.075  369.29000.75-.012335                                                            34443285735217 1 7     0.0    0.0
 61 6167.602899 7.250E-25 1.360E-03.05970.074  376.82000.69-.012300                   0 0 0 0 1A1    9F1318         8F2  2     445332857348 7 1 7    57.0   51.0
 61 6167.644953 3.450E-24 6.471E-03.05970.074  376.78000.69-.012300                   0 0 0 0 1A1    9F1318         8F2  1     445332857348 7 1 7    57.0   51.0
 61 6167.680800 1.880E-25 3.527E-04.05380.068  376.80000.75-.012335                   0 0 0 0 1A1    9F2            8F1        34553285735217 1 7    57.0   51.0
 61 6167.718628 5.490E-24 0.000E+00.03160.055 1416.55000.85-.012300                                                            4433328573421110 7     0.0    0.0
 61 6167.766131 1.310E-23 0.000E+00.03160.055 1416.55000.85-.012300                                                            4433328573421110 7     0.0    0.0
 61 6167.835585 5.720E-24 0.000E+00.03160.055 1416.55000.85-.012300                                                            4433328573421110 7     0.0    0.0
 61 6167.885257 8.020E-24 0.000E+00.03160.055 1416.55000.85-.012300                                                            4433328573421110 7     0.0    0.0
 61 6167.904327 5.920E-24 0.000E+00.03160.055 1416.55000.85-.012300                                                            4433328573421110 7     0.0    0.0
 61 6167.986900 6.730E-27 0.000E+00.05980.075  815.00000.75-.012336                                                            34443285735217 1 7     0.0    0.0
 61 6168.008700 1.680E-26 0.000E+00.05980.075  815.00000.75-.012336                                                            34443285735217 1 7     0.0    0.0
 61 6168.080648 4.440E-24 8.331E-03.06130.075  376.82000.85-.012300                   0 0 0 0 1A1    9F1            8F2        4433328573421110 7    57.0   51.0
 61 6168.118700 1.440E-24 0.000E+00.06000.077 1326.14550.85-.012300                                                            4433328573421110 7     0.0    0.0
 61 6168.121900 2.010E-25 3.771E-04.05730.072  376.78000.75-.012336                   0 0 0 0 1A1    9F1            8F2        34663285735217 1 7    57.0   51.0
 61 6168.171761 2.310E-24 6.502E-03.06130.075  376.82000.85-.012300                   0 0 0 0 1A1    9E             8E         4433328573421110 7    38.0   34.0
 61 6168.251037 1.000E-23 1.876E-02.06130.075  376.80000.85-.012300                   0 0 0 0 1A1    9F2            8F1        4433328573421110 7    57.0   51.0
 61 6168.258900 5.810E-25 1.635E-03.05250.066  376.73000.75-.012337                   0 0 0 0 1A1    9E             8E         45553285735217 1 7    38.0   34.0
 61 6168.271600 5.920E-26 0.000E+00.05980.075  815.00000.75-.012337                                                            34443285735217 1 7     0.0    0.0
 61 6168.321074 5.360E-25 1.005E-03.06000.077  376.73000.85-.012300                   0 0 0 0 1A1    9F2            8F1        4433328573421110 7    57.0   51.0
 61 6168.352700 1.740E-26 0.000E+00.05980.075  815.00000.75-.012337                                                            34443285735217 1 7     0.0    0.0
 61 6168.368500 1.810E-26 0.000E+00.05980.075  815.00000.75-.012337                                                            34443285735217 1 7     0.0    0.0
 61 6168.396900 6.670E-26 0.000E+00.05980.075  815.00000.75-.012337                                                            34443285735217 1 7     0.0    0.0
 61 6168.424200 5.340E-26 0.000E+00.05980.075  815.00000.75-.012337                                                            34443285735217 1 7     0.0    0.0
 61 6168.442400 1.670E-25 0.000E+00.05980.075  815.00000.75-.012337                                                            34443285735217 1 7     0.0    0.0
 61 6168.458812 1.420E-24 0.000E+00.06000.077  841.08000.85-.012300                                                            4433328573421110 7     0.0    0.0
 61 6168.483000 1.390E-24 0.000E+00.06000.077  748.13000.85-.012300                                                            4533328573421110 7     0.0    0.0
 61 6168.493362 3.990E-25 0.000E+00.05980.075  815.00000.75-.012337                                                            34443285735217 1 7     0.0    0.0
 61 6168.507800 1.250E-25 0.000E+00.05980.075  815.00000.75-.012337                                                            34443285735217 1 7     0.0    0.0
 61 6168.522500 3.950E-26 0.000E+00.05980.075  815.00000.75-.012337                                                            34443285735217 1 7     0.0    0.0
 61 6168.563940 4.280E-25 0.000E+00.06000.077  783.90000.85-.012300                                                            3433328573421110 7     0.0    0.0
 61 6168.597000 4.730E-26 0.000E+00.05980.075  621.68000.75-.012337                                                            34443285735217 1 7     0.0    0.0
 61 6168.660900 6.830E-26 0.000E+00.05980.075  815.00000.75-.012337                                                            34443285735217 1 7     0.0    0.0
 61 6168.688700 9.800E-27 0.000E+00.05980.075  815.00000.75-.012337                                                            34443285735217 1 7     0.0    0.0
 61 6168.785400 1.420E-25 0.000E+00.05980.075  815.00000.75-.012338                                                            34443285735217 1 7     0.0    0.0
 61 6168.812800 1.840E-26 0.000E+00.05980.075  815.00000.75-.012338                                                            34443285735217 1 7     0.0    0.0
 61 6168.828000 1.220E-26 0.000E+00.05980.075  815.00000.75-.012338                                                            34443285735217 1 7     0.0    0.0
 61 6168.847400 6.610E-26 0.000E+00.05980.075  815.00000.75-.012338                                                            34443285735217 1 7     0.0    0.0
 61 6168.862000 2.550E-26 2.196E-05.06610.083   62.87000.75-.012338                   0 0 0 0 1A1    4F2            3F1        34553285735217 1 7    27.0   21.0
 61 6168.907765 2.410E-23 5.876E-02.05240.070  575.05000.72-.012000                   0 0 0 0 1A1   11A1117        10A2  1     445335857348 71212   115.0  105.0
 61 6168.978700 1.860E-26 0.000E+00.05980.075  815.00000.75-.012338                                                            34443285735217 1 7     0.0    0.0
 61 6169.053400 7.910E-26 0.000E+00.05980.075  815.00000.75-.012338                                                            34443285735217 1 7     0.0    0.0
 61 6169.075100 9.030E-27 0.000E+00.05980.075  815.00000.75-.012338                                                            34443285735217 1 7     0.0    0.0
 61 6169.111600 6.740E-27 0.000E+00.05980.075  815.00000.75-.012338                                                            34443285735217 1 7     0.0    0.0
 61 6169.136500 4.930E-26 0.000E+00.05980.075  815.00000.75-.012338                                                            34443285735217 1 7     0.0    0.0
 61 6169.155000 2.530E-26 0.000E+00.05980.075  815.00000.75-.012338                                                            34443285735217 1 7     0.0    0.0
 61 6169.201700 5.980E-27 0.000E+00.05980.075  815.00000.75-.012338                                                            34443285735217 1 7     0.0    0.0
 61 6169.221300 5.190E-26 0.000E+00.05980.075  509.69000.75-.012338                                                            34443285735217 1 7     0.0    0.0
 61 6169.265700 3.120E-26 0.000E+00.05980.075  715.35000.75-.012339                                                            34443285735217 1 7     0.0    0.0
 61 6169.308000 2.010E-26 0.000E+00.05980.075  815.00000.75-.012339                                                            34443285735217 1 7     0.0    0.0
 61 6169.339900 7.870E-27 0.000E+00.05980.075  815.00000.75-.012339                                                            34443285735217 1 7     0.0    0.0
 61 6169.372000 3.900E-26 0.000E+00.05980.075  815.00000.75-.012339                                                            34443285735217 1 7     0.0    0.0
 61 6169.408100 3.430E-27 0.000E+00.05980.075  815.00000.75-.012339                                                            34443285735217 1 7     0.0    0.0
 61 6169.445800 8.930E-27 0.000E+00.05980.075  815.00000.75-.012339                                                            34443285735217 1 7     0.0    0.0
 61 6169.460800 5.010E-27 0.000E+00.05980.075  815.00000.75-.012339                                                            34443285735217 1 7     0.0    0.0
 61 6169.531300 6.250E-27 0.000E+00.05980.075  815.00000.75-.012339                                                            34443285735217 1 7     0.0    0.0
 61 6169.767400 9.260E-26 0.000E+00.05980.075  815.00000.75-.012340                                                            34443285735217 1 7     0.0    0.0
 61 6169.789000 1.300E-26 0.000E+00.05980.075  815.00000.75-.012340                                                            34443285735217 1 7     0.0    0.0
 61 6169.814557 4.580E-25 0.000E+00.06000.077  664.71000.85-.012300                                                            3433328573421110 7     0.0    0.0
 61 6169.862300 5.440E-27 0.000E+00.05980.075  815.00000.75-.012340                                                            34443285735217 1 7     0.0    0.0
 61 6169.916448 2.270E-24 4.262E-03.05970.074  376.82000.69-.012300                   0 0 0 0 1A1    9F1320         8F2  2     445332857348 7 1 7    57.0   51.0
 61 6169.922102 5.680E-24 0.000E+00.05000.067  814.64000.85-.012300                                                            4433328573421110 7     0.0    0.0
 61 6169.956551 8.650E-24 1.624E-02.05970.074  376.78000.69-.012300                   0 0 0 0 1A1    9F1320         8F2  1     445332857348 7 1 7    57.0   51.0
 61 6170.038506 3.570E-24 5.953E-02.05100.067  814.99000.63-.012300                   0 0 0 0 1A1   13E 281        12E   2     445332857348 7 1 7    54.0   50.0
 61 6170.045600 6.090E-25 0.000E+00.05980.075  815.00000.75-.012340                                                            45443285735217 1 7     0.0    0.0
 61 6170.071200 1.930E-25 0.000E+00.05980.075  667.82000.75-.012340                                                            34443285735217 1 7     0.0    0.0
 61 6170.114700 1.830E-26 0.000E+00.05980.075  815.00000.75-.012340                                                            34443285735217 1 7     0.0    0.0
 61 6170.199000 2.300E-25 0.000E+00.05980.075  680.73000.75-.012340                                                            34443285735217 1 7     0.0    0.0
 61 6170.220613 8.430E-25 0.000E+00.06000.077  656.15000.85-.012300                                                            4433328573421110 7     0.0    0.0
 61 6170.268342 1.189E-24 0.000E+00.06000.077  815.00000.85-.012300                                                            4333328548421110 7     0.0    0.0
 61 6170.289448 9.020E-24 2.541E-02.05970.074  376.82000.69-.012300                   0 0 0 0 1A1    9E 209         8E   2     445332857348 7 1 7    38.0   34.0
 61 6170.369600 2.690E-26 2.318E-05.06510.082   62.87000.75-.012341                   0 0 0 0 1A1    4F1            3F2        34663285735217 1 7    27.0   21.0
 61 6170.374922 8.160E-25 2.297E-03.05970.074  376.73000.69-.012300                   0 0 0 0 1A1    9E 209         8E   1     445332857348 7 1 7    38.0   34.0
 61 6170.446319 4.740E-24 5.267E-02.05100.067  814.88000.63-.012300                   0 0 0 0 1A1   13F2420        12F1  2     445332857348 7 1 7    81.0   75.0
 61 6170.474700 1.140E-25 0.000E+00.05980.075  815.00000.75-.012341                                                            34443285735217 1 7     0.0    0.0
 61 6170.531000 1.540E-25 0.000E+00.05980.075  672.60000.75-.012341                                                            34443285735217 1 7     0.0    0.0
 61 6170.574700 8.180E-26 0.000E+00.05980.075  750.86000.75-.012341                                                            34443285735217 1 7     0.0    0.0
 61 6170.638100 1.340E-25 0.000E+00.05980.075  691.40000.75-.012341                                                            34443285735217 1 7     0.0    0.0
 61 6170.683900 3.430E-26 0.000E+00.05980.075  815.00000.75-.012341                                                            34443285735217 1 7     0.0    0.0
 61 6170.748100 1.280E-25 0.000E+00.05980.075  830.76000.75-.012341                                                            34443285735217 1 7     0.0    0.0
 61 6170.780167 4.970E-24 5.523E-02.05100.067  814.86000.63-.012300                   0 0 0 0 1A1   13F1429        12F2  1     445332857348 7 1 7    81.0   75.0
 61 6170.860801 6.330E-24 0.000E+00.05980.075  369.66140.75-.012342                                                            44443285735217 1 7     0.0    0.0
 61 6170.866938 1.280E-23 2.404E-02.06130.075  376.82000.85-.012300                   0 0 0 0 1A1    9F1            8F2        4433328573421110 7    57.0   51.0
 61 6170.906685 7.940E-25 1.491E-03.06130.075  376.78000.85-.012300                   0 0 0 0 1A1    9F1            8F2        4433328573421110 7    57.0   51.0
 61 6170.931532 3.090E-24 5.801E-03.06130.075  376.73000.85-.012300                   0 0 0 0 1A1    9F2            8F1        4433328573421110 7    57.0   51.0
 61 6170.962200 1.460E-25 0.000E+00.05980.075  815.00000.75-.012342                                                            34443285735217 1 7     0.0    0.0
 61 6170.988000 2.040E-26 0.000E+00.05980.075  815.00000.75-.012342                                                            34443285735217 1 7     0.0    0.0
 61 6170.991700 2.850E-26 1.474E-05.06010.076   62.87000.75-.012342                   0 0 0 0 1A1    4A1            3A2        34653285735217 1 7    45.0   35.0
 61 6171.083100 5.850E-27 0.000E+00.05980.075  815.00000.75-.012342                                                            34443285735217 1 7     0.0    0.0
 61 6171.112600 1.420E-25 0.000E+00.05980.075  682.16000.75-.012342                                                            34443285735217 1 7     0.0    0.0
 61 6171.167800 1.190E-25 0.000E+00.05980.075  815.00000.75-.012342                                                            34443285735217 1 7     0.0    0.0
 61 6171.212595 4.180E-25 0.000E+00.05980.075  815.00000.75-.012342                                                            34443285735217 1 7     0.0    0.0
 61 6171.225357 1.050E-23 1.183E-02.05760.074  376.73000.81-.014600                   0 0 0 0 1A1    9A2108         8A1  1     445335857348 71212    95.0   85.0
 61 6171.274700 7.350E-26 0.000E+00.05980.075  815.00000.75-.012343                                                            34443285735217 1 7     0.0    0.0
 61 6171.321300 3.520E-26 9.448E-05.04980.063  470.85000.75-.012343                   0 0 0 0 1A1   10F2            9F1        34443285735217 1 7    63.0   57.0
 61 6171.339668 6.830E-25 1.832E-03.05910.073  470.72000.85-.012300                   0 0 0 0 1A1   10F1            9F2        4433328573421110 7    63.0   57.0
 61 6171.373200 2.910E-26 7.809E-05.04980.063  470.80000.75-.012343                   0 0 0 0 1A1   10F2            9F1        34443285735217 1 7    63.0   57.0
 61 6171.377700 1.800E-26 0.000E+00.05980.075  815.00000.75-.012343                                                            34443285735217 1 7     0.0    0.0
 61 6171.415600 6.320E-26 0.000E+00.05980.075  654.03000.75-.012343                                                            34443285735217 1 7     0.0    0.0
 61 6171.461111 6.850E-25 1.838E-03.05910.073  470.71000.85-.012300                   0 0 0 0 1A1   10F2            9F1        4433328573421110 7    63.0   57.0
 61 6171.517200 1.070E-25 0.000E+00.05980.075  815.00000.75-.012343                                                            34443285735217 1 7     0.0    0.0
 61 6171.552200 2.510E-26 0.000E+00.05980.075  815.00000.75-.012343                                                            34443285735217 1 7     0.0    0.0
 61 6171.622277 4.140E-24 1.098E-01.05100.067  910.35460.63-.012300                   0 0 0 0 1A1   13E 282        12E   1     445332857348 7 1 7    54.0   50.0
 61 6171.651807 2.440E-24 2.709E-02.05100.067  814.64000.63-.012300                   0 0 0 0 1A1   13F2421        12F1  1     445332857348 7 1 7    81.0   75.0
 61 6171.677800 1.700E-25 2.376E-04.05790.073  293.12000.75-.012343                   0 0 0 0 1A1    8F2            7F1        34553285735217 1 7    51.0   45.0
 61 6171.706788 4.350E-24 2.898E-02.05100.067  814.64000.63-.012300                   0 0 0 0 1A1   13A2144        12A1  1     445332857348 7 1 7   135.0  125.0
 61 6171.726500 2.840E-25 0.000E+00.05980.075  815.00000.75-.012343                                                            34443285735217 1 7     0.0    0.0
 61 6171.750900 1.850E-25 3.880E-04.05470.069  293.17000.75-.012344                   0 0 0 0 1A1    8E             7E         34553285735217 1 7    34.0   30.0
 61 6171.775800 2.040E-26 0.000E+00.05980.075  815.00000.75-.012344                                                            34443285735217 1 7     0.0    0.0
 61 6171.817891 4.430E-25 0.000E+00.05980.075  705.91000.75-.012344                                                            34443285735217 1 7     0.0    0.0
 61 6171.844052 1.440E-24 4.058E-03.05250.066  376.82000.75-.012344                   0 0 0 0 1A1    9E             8E         44553285735217 1 7    38.0   34.0
 61 6171.856985 4.030E-24 7.570E-03.06130.075  376.80000.85-.012300                   0 0 0 0 1A1    9F2            8F1        4433328573421110 7    57.0   51.0
 61 6171.929049 5.520E-24 1.037E-02.06130.075  376.73000.85-.012300                   0 0 0 0 1A1    9F2            8F1        4433328573421110 7    57.0   51.0
 61 6171.967800 2.250E-25 0.000E+00.05980.075  815.00000.75-.012344                                                            34443285735217 1 7     0.0    0.0
 61 6172.004700 2.670E-26 0.000E+00.05980.075  815.00000.75-.012344                                                            34443285735217 1 7     0.0    0.0
 61 6172.038500 9.900E-27 0.000E+00.05980.075  815.00000.75-.012344                                                            34443285735217 1 7     0.0    0.0
 61 6172.064700 8.700E-27 0.000E+00.05980.075  815.00000.75-.012344                                                            34443285735217 1 7     0.0    0.0
 61 6172.084700 1.800E-26 0.000E+00.05980.075  815.00000.75-.012344                                                            34443285735217 1 7     0.0    0.0
 61 6172.102300 5.570E-26 0.000E+00.05980.075  697.75000.75-.012344                                                            34443285735217 1 7     0.0    0.0
 61 6172.118300 3.410E-26 0.000E+00.05980.075  815.00000.75-.012344                                                            34443285735217 1 7     0.0    0.0
 61 6172.142616 2.520E-25 0.000E+00.06000.077  815.00000.85-.012300                                                            3433328573421110 7     0.0    0.0
 61 6172.220524 1.070E-24 1.724E-03.05910.073  470.83000.85-.012300                   0 0 0 0 1A1   10A2            9A1        4433328573421110 7   105.0   95.0
 61 6172.264400 2.140E-26 0.000E+00.05980.075  815.00000.75-.012345                                                            34443285735217 1 7     0.0    0.0
 61 6172.292300 2.990E-26 0.000E+00.05980.075  815.00000.75-.012345                                                            34443285735217 1 7     0.0    0.0
 61 6172.365100 1.480E-26 0.000E+00.05980.075  815.00000.75-.012345                                                            34443285735217 1 7     0.0    0.0
 61 6172.461100 1.540E-26 0.000E+00.05980.075  815.00000.75-.012345                                                            34443285735217 1 7     0.0    0.0
 61 6172.474100 1.830E-26 0.000E+00.05980.075  815.00000.75-.012345                                                            34443285735217 1 7     0.0    0.0
 61 6172.540500 4.690E-27 0.000E+00.05980.075  815.00000.75-.012345                                                            34443285735217 1 7     0.0    0.0
 61 6172.580500 1.880E-25 0.000E+00.05980.075  683.25000.75-.012345                                                            34443285735217 1 7     0.0    0.0
 61 6172.600649 5.390E-25 8.685E-04.05910.073  470.87000.85-.012300                   0 0 0 0 1A1   10A1            9A2  1     4433328573481110 7   105.0   95.0
 61 6172.700200 7.800E-26 1.091E-04.06080.077  293.16000.75-.012345                   0 0 0 0 1A1    8F1            7F2        34663285735217 1 7    51.0   45.0
 61 6172.727328 4.030E-25 1.082E-03.06000.077  470.85000.85-.012300                   0 0 0 0 1A1   10F2            9F1        3433328573421110 7    63.0   57.0
 61 6172.738100 1.420E-25 1.986E-04.06080.077  293.12000.75-.012345                   0 0 0 0 1A1    8F1            7F2        34663285735217 1 7    51.0   45.0
 61 6172.763200 2.270E-25 0.000E+00.06000.077  815.00000.85-.012300                                                            3433328573421110 7     0.0    0.0
 61 6172.776100 2.850E-25 7.652E-04.06000.077  470.80000.85-.012300                   0 0 0 0 1A1   10F2            9F1        3433328573421110 7    63.0   57.0
 61 6172.795520 4.940E-25 6.909E-04.05790.073  293.17000.75-.012346                   0 0 0 0 1A1    8F2            7F1        34553285735217 1 7    51.0   45.0
 61 6172.811686 5.970E-25 1.877E-03.05530.070  521.99000.64-.012300                   0 0 0 0 1A1   11F2361        10F1  2     445332857348 7 1 7    69.0   63.0
 61 6172.850999 6.770E-24 2.756E-02.05530.070  575.17000.64-.012300                   0 0 0 0 1A1   11F1368        10F2  2     445332857348 7 1 7    69.0   63.0
 61 6172.885329 5.700E-24 2.321E-02.05530.070  575.18000.64-.012300                   0 0 0 0 1A1   11F2361        10F1  1     445332857348 7 1 7    69.0   63.0
 61 6172.919400 1.370E-25 7.090E-05.06570.080   62.87000.85-.012300                   0 0 0 0 1A1    4A1            3A2        3433328573421110 7    45.0   35.0
 61 6172.927000 3.780E-26 0.000E+00.05980.075  815.00000.75-.012346                                                            34443285735217 1 7     0.0    0.0
 61 6172.947300 1.690E-26 0.000E+00.05980.075  261.55000.75-.012346                                                            34443285735217 1 7     0.0    0.0
 61 6172.969200 5.130E-26 0.000E+00.05980.075  575.22000.75-.012346                                                            34443285735217 1 7     0.0    0.0
 61 6172.982400 2.970E-25 0.000E+00.06000.077  663.09000.85-.012300                                                            3433328573421110 7     0.0    0.0
 61 6173.008600 1.960E-26 0.000E+00.05980.075   87.75000.75-.012346                                                            34443285735217 1 7     0.0    0.0
 61 6173.008600 5.130E-26 4.425E-05.06510.082   62.87000.75-.012346                   0 0 0 0 1A1    4F1            3F2        34663285735217 1 7    27.0   21.0
 61 6173.038100 2.140E-25 0.000E+00.05980.075  452.85000.75-.012346                                                            34443285735217 1 7     0.0    0.0
 61 6173.094500 1.810E-26 1.561E-05.06610.083   62.87000.75-.012346                   0 0 0 0 1A1    4F2            3F1        34553285735217 1 7    27.0   21.0
 61 6173.106000 4.990E-27 0.000E+00.05980.075   81.71000.75-.012346                                                            34443285735217 1 7     0.0    0.0
 61 6173.111700 2.960E-26 0.000E+00.05980.075  815.00000.75-.012346                                                            34443285735217 1 7     0.0    0.0
 61 6173.150600 1.350E-25 0.000E+00.05980.075  815.00000.75-.012346                                                            34443285735217 1 7     0.0    0.0
 61 6173.222174 5.490E-25 0.000E+00.04750.065  950.15000.63-.012300                   0 0 0 0 1A1                  13A2  1     445332857348 7 1 7     0.0    0.0
 61 6173.276100 1.760E-26 0.000E+00.05980.075  815.00000.75-.012347                                                            34443285735217 1 7     0.0    0.0
 61 6173.298100 2.080E-25 5.587E-04.06000.077  470.85000.85-.012300                   0 0 0 0 1A1   10F2            9F1        3433328573421110 7    63.0   57.0
 61 6173.347600 1.710E-25 4.592E-04.04980.063  470.80000.75-.012347                   0 0 0 0 1A1   10F2            9F1        34443285735217 1 7    63.0   57.0
 61 6173.362358 7.970E-25 0.000E+00.04750.065  815.00000.63-.012300                   0 0 0 0 1A1                  13A1  1     445332857348 7 1 7     0.0    0.0
 61 6173.444900 5.180E-26 0.000E+00.05980.075  553.82000.75-.012347                                                            34443285735217 1 7     0.0    0.0
 61 6173.485300 9.710E-26 3.911E-04.05020.063  470.79000.75-.012347                   0 0 0 0 1A1   10E             9E         34543285735217 1 7    42.0   38.0
 61 6173.499400 6.550E-26 1.759E-04.05360.068  470.86000.75-.012347                   0 0 0 0 1A1   10F1            9F2        34653285735217 1 7    63.0   57.0
 61 6173.589400 3.880E-26 0.000E+00.05980.075  743.70000.75-.012347                                                            34443285735217 1 7     0.0    0.0
 61 6173.644500 6.250E-27 0.000E+00.05980.075  580.22000.75-.012347                                                            34443285735217 1 7     0.0    0.0
 61 6173.673700 2.290E-26 0.000E+00.05980.075  815.00000.75-.012347                                                            34443285735217 1 7     0.0    0.0
 61 6173.710700 3.620E-27 0.000E+00.05980.075  815.00000.75-.012347                                                            34443285735217 1 7     0.0    0.0
 61 6173.742700 6.210E-27 0.000E+00.05980.075  815.00000.75-.012347                                                            34443285735217 1 7     0.0    0.0
 61 6173.876500 1.200E-25 0.000E+00.05980.075  516.81000.75-.012348                                                            34443285735217 1 7     0.0    0.0
 61 6173.894967 3.310E-24 0.000E+00.02590.051 1238.50970.85-.012300                                                            4433328573421110 7     0.0    0.0
 61 6173.959886 3.060E-24 0.000E+00.02590.051 1593.05000.85-.012300                                                            4433328573421110 7     0.0    0.0
 61 6174.048400 1.030E-25 0.000E+00.06000.077  680.37000.85-.012300                                                            3433328573421110 7     0.0    0.0
 61 6174.089900 3.380E-26 0.000E+00.05980.075  815.00000.75-.012348                                                            34443285735217 1 7     0.0    0.0
 61 6174.192300 7.650E-27 0.000E+00.05980.075  815.00000.75-.012348                                                            34443285735217 1 7     0.0    0.0
 61 6174.268190 1.530E-24 0.000E+00.06000.077  657.00000.85-.012300                                                            4433328573421110 7     0.0    0.0
 61 6174.337600 8.840E-26 0.000E+00.05980.075  815.00000.75-.012349                                                            34443285735217 1 7     0.0    0.0
 61 6174.403200 2.270E-25 0.000E+00.06000.077  748.63000.85-.012300                                                            3433328573421110 7     0.0    0.0
 61 6174.436534 1.090E-24 0.000E+00.06000.077  655.98000.85-.012300                                                            4433328573421110 7     0.0    0.0
 61 6174.447500 1.020E-25 0.000E+00.05980.075  815.00000.75-.012349                                                            34443285735217 1 7     0.0    0.0
 61 6174.469200 2.290E-25 0.000E+00.06000.077  674.21000.85-.012300                                                            3433328573421110 7     0.0    0.0
 61 6174.486000 5.030E-26 0.000E+00.05980.075  815.00000.75-.012349                                                            34443285735217 1 7     0.0    0.0
 61 6174.514800 1.790E-25 0.000E+00.06000.077  674.83000.85-.012300                                                            3433328573421110 7     0.0    0.0
 61 6174.536400 8.250E-26 0.000E+00.05980.075  815.00000.75-.012349                                                            34443285735217 1 7     0.0    0.0
 61 6174.552538 7.300E-25 0.000E+00.06000.077  652.67000.85-.012300                                                            4433328573421110 7     0.0    0.0
 61 6174.608800 3.430E-26 0.000E+00.05980.075  548.78000.75-.012349                                                            34443285735217 1 7     0.0    0.0
 61 6174.622600 3.270E-26 0.000E+00.05980.075  815.00000.75-.012349                                                            34443285735217 1 7     0.0    0.0
 61 6174.638600 6.420E-26 0.000E+00.05980.075  815.00000.75-.012349                                                            34443285735217 1 7     0.0    0.0
 61 6174.665200 1.100E-25 0.000E+00.06000.077  815.00000.85-.012300                                                            3433328573421110 7     0.0    0.0
 61 6174.695400 7.700E-26 0.000E+00.05980.075  417.29000.75-.012349                                                            34443285735217 1 7     0.0    0.0
 61 6174.714200 1.610E-26 0.000E+00.05980.075  815.00000.75-.012349                                                            34443285735217 1 7     0.0    0.0
 61 6174.746700 8.120E-26 0.000E+00.05980.075  472.73000.75-.012349                                                            34443285735217 1 7     0.0    0.0
 61 6174.793000 2.750E-26 1.108E-04.05020.063  470.79000.75-.012350                   0 0 0 0 1A1   10E             9E         34543285735217 1 7    42.0   38.0
 61 6174.882885 1.470E-24 0.000E+00.06000.077 1090.47210.85-.012300                                                            4433328573421110 7     0.0    0.0
 61 6174.899300 7.290E-27 6.292E-06.06610.083   62.87000.75-.012350                   0 0 0 0 1A1    4F2            3F1        34553285735217 1 7    27.0   21.0
 61 6174.906680 1.140E-23 2.787E-02.05530.070  575.22000.64-.012300                   0 0 0 0 1A1   11A2125        10A1  1     445332857348 7 1 7   115.0  105.0
 61 6174.971000 9.880E-27 0.000E+00.05980.075  815.00000.75-.012350                                                            34443285735217 1 7     0.0    0.0
 61 6175.012400 1.300E-25 0.000E+00.05980.075  815.00000.75-.012350                                                            34443285735217 1 7     0.0    0.0
 61 6175.032600 4.160E-26 0.000E+00.05980.075  815.00000.75-.012350                                                            34443285735217 1 7     0.0    0.0
 61 6175.056900 4.500E-26 0.000E+00.05980.075  815.00000.75-.012350                                                            34443285735217 1 7     0.0    0.0
 61 6175.126103 4.700E-24 1.916E-02.05530.070  575.25000.64-.012400                   0 0 0 0 1A1   11F2362        10F1  2     445332857348 7 1 7    69.0   63.0
 61 6175.162200 2.220E-26 0.000E+00.05980.075  815.00000.75-.012350                                                            34443285735217 1 7     0.0    0.0
 61 6175.201071 7.420E-25 3.023E-03.05530.070  575.18000.64-.012400                   0 0 0 0 1A1   11F2362        10F1  1     445332857348 7 1 7    69.0   63.0
 61 6175.219271 1.220E-24 0.000E+00.06000.077  815.00000.85-.012400                                                            4433328573421110 7     0.0    0.0
 61 6175.284264 3.010E-24 0.000E+00.06000.077  575.22000.85-.012400                                                            4433328573421110 7     0.0    0.0
 61 6175.317900 3.670E-26 3.178E-05.06590.083  104.78000.75-.012351                   0 0 0 0 1A1    5F1            4F2        34663285735217 1 7    33.0   27.0
 61 6175.326407 6.690E-24 0.000E+00.02590.051 1593.05000.85-.012400                                                            4433328573421110 7     0.0    0.0
 61 6175.364979 2.870E-24 0.000E+00.02590.051 1593.05000.85-.012400                                                            4433328573421110 7     0.0    0.0
 61 6175.415000 3.930E-26 0.000E+00.05980.075  815.00000.75-.012351                                                            34443285735217 1 7     0.0    0.0
 61 6175.438400 2.680E-25 4.322E-04.06000.077  470.87000.85-.012400                   0 0 0 0 1A1   10A1            9A2        3433328573421110 7   105.0   95.0
 61 6175.505300 6.490E-26 0.000E+00.05980.075  669.55000.75-.012351                                                            34443285735217 1 7     0.0    0.0
 61 6175.526541 3.900E-24 0.000E+00.02590.051 1593.05000.85-.012400                                                            4433328573421110 7     0.0    0.0
 61 6175.559900 6.820E-27 5.905E-06.06660.084  104.77000.75-.012351                   0 0 0 0 1A1    5F2            4F1        34553285735217 1 7    33.0   27.0
 61 6175.639300 3.250E-26 0.000E+00.05980.075  521.52000.75-.012351                                                            34443285735217 1 7     0.0    0.0
 61 6175.710100 1.780E-25 0.000E+00.06000.077  735.84000.85-.012400                                                            3433328573421110 7     0.0    0.0
 61 6175.781026 2.320E-24 0.000E+00.02590.051 1593.05000.85-.012400                                                            4433328573421110 7     0.0    0.0
 61 6175.842110 6.180E-25 0.000E+00.06000.077  815.00000.85-.012400                                                            4433328573421110 7     0.0    0.0
 61 6175.866000 1.790E-26 0.000E+00.05980.075  872.87000.75-.012352                                                            34443285735217 1 7     0.0    0.0
 61 6175.916949 2.520E-24 0.000E+00.02590.051 1593.05000.85-.012400                                                            4433328573421110 7     0.0    0.0
 61 6175.964400 4.170E-26 0.000E+00.05980.075  677.81000.75-.012352                                                            34443285735217 1 7     0.0    0.0
 61 6175.982946 1.080E-24 0.000E+00.02590.051 1286.42630.85-.012400                                                            4433328573421110 7     0.0    0.0
 61 6176.008700 1.220E-26 0.000E+00.05980.075  815.00000.75-.012352                                                            34443285735217 1 7     0.0    0.0
 61 6176.066402 1.810E-24 0.000E+00.02590.051 1593.05000.85-.012400                                                            4433328573421110 7     0.0    0.0
 61 6176.097636 9.880E-25 0.000E+00.02590.051 1593.05000.85-.012400                                                            4433328573421110 7     0.0    0.0
 61 6176.120800 6.130E-26 0.000E+00.05980.075  525.71000.75-.012352                                                            34443285735217 1 7     0.0    0.0
 61 6176.148407 4.960E-24 0.000E+00.05650.071  575.22000.85-.012400                                                            4433328573421110 7     0.0    0.0
 61 6176.253904 1.010E-24 0.000E+00.06000.077 1146.41190.85-.012400                                                            4433328573421110 7     0.0    0.0
 61 6176.267533 1.980E-24 0.000E+00.06000.077 1500.00000.85-.012400                                                            4433328573421110 7     0.0    0.0
 61 6176.281196 1.330E-24 0.000E+00.05980.075 1166.36860.75-.012353                                                            44443285735217 1 7     0.0    0.0
 61 6176.361000 1.080E-26 0.000E+00.05980.075  815.00000.75-.012353                                                            34443285735217 1 7     0.0    0.0
 61 6176.380900 8.260E-26 0.000E+00.05980.075  575.22000.75-.012353                                                            34443285735217 1 7     0.0    0.0
 61 6176.449822 5.290E-24 0.000E+00.04750.065 1045.11440.63-.012400                   0 0 0 0 1A1                  13A1  1     445332857348 7 1 7     0.0    0.0
 61 6176.456847 4.380E-24 0.000E+00.05980.075  950.15000.75-.012353                                                            44443285735217 1 7     0.0    0.0
 61 6176.502355 4.390E-24 0.000E+00.04750.065  950.15000.63-.012400                   0 0 0 0 1A1                  13A1  1     445332857348 7 1 7     0.0    0.0
 61 6176.545189 1.330E-24 0.000E+00.06000.077 1809.79220.85-.012400                                                            4433328573421110 7     0.0    0.0
 61 6176.565900 4.700E-26 0.000E+00.05980.075  815.00000.75-.012353                                                            34443285735217 1 7     0.0    0.0
 61 6176.626820 4.700E-25 0.000E+00.06000.077  704.77000.85-.012400                                                            3433328573421110 7     0.0    0.0
 61 6176.653000 2.160E-25 0.000E+00.05980.075  829.62000.75-.012353                                                            34443285735217 1 7     0.0    0.0
 61 6176.673800 3.560E-26 0.000E+00.05980.075  815.00000.75-.012353                                                            34443285735217 1 7     0.0    0.0
 61 6176.699500 5.260E-27 1.414E-05.04980.063  470.85000.75-.012353                   0 0 0 0 1A1   10F2            9F1        34443285735217 1 7    63.0   57.0
 61 6176.749187 3.680E-25 9.893E-04.06000.077  470.80000.85-.012400                   0 0 0 0 1A1   10F2            9F1        3433328573421110 7    63.0   57.0
 61 6176.765700 2.560E-25 0.000E+00.05980.075  815.00000.75-.012354                                                            34443285735217 1 7     0.0    0.0
 61 6176.801400 4.980E-26 0.000E+00.05980.075  815.00000.75-.012354                                                            34443285735217 1 7     0.0    0.0
 61 6176.825400 9.630E-26 0.000E+00.05980.075  815.00000.75-.012354                                                            34443285735217 1 7     0.0    0.0
 61 6176.836982 7.060E-25 1.897E-03.06000.077  470.71000.85-.012400                   0 0 0 0 1A1   10F2            9F1        4433328573421110 7    63.0   57.0
 61 6176.875241 4.030E-25 1.625E-03.06000.077  470.79000.85-.012400                   0 0 0 0 1A1   10E             9E         3433328573421110 7    42.0   38.0
 61 6176.918505 7.400E-25 0.000E+00.06000.077 1500.00000.85-.012400                                                            4433328573421110 7     0.0    0.0
 61 6176.992262 1.540E-23 1.738E-02.05590.074  376.73001.11-.012000                   0 0 0 0 1A1    9A2109         8A1  1     445335857348 71212    95.0   85.0
 61 6177.015931 8.810E-24 1.657E-02.05970.074  376.73000.69-.012400                   0 0 0 0 1A1    9F2314         8F1  1     445332857348 7 1 7    57.0   51.0
 61 6177.028487 5.710E-24 1.611E-02.05970.074  376.73000.69-.012400                   0 0 0 0 1A1    9E 211         8E   1     445332857348 7 1 7    38.0   34.0
 61 6177.131300 3.650E-26 0.000E+00.05980.075  815.00000.75-.012354                                                            34443285735217 1 7     0.0    0.0
 61 6177.144100 2.720E-26 0.000E+00.05980.075  815.00000.75-.012354                                                            34443285735217 1 7     0.0    0.0
 61 6177.168200 1.560E-26 0.000E+00.05980.075  815.00000.75-.012354                                                            34443285735217 1 7     0.0    0.0
 61 6177.239300 1.820E-25 0.000E+00.05980.075  772.14000.75-.012354                                                            34443285735217 1 7     0.0    0.0
 61 6177.274465 3.590E-25 0.000E+00.06000.077  770.28000.85-.012400                                                            3433328573421110 7     0.0    0.0
 61 6177.363400 2.060E-25 5.540E-04.04980.063  470.85000.75-.012355                   0 0 0 0 1A1   10F2            9F1        34443285735217 1 7    63.0   57.0
 61 6177.390600 1.760E-25 0.000E+00.05980.075  575.22000.75-.012355                                                            34443285735217 1 7     0.0    0.0
 61 6177.412900 2.920E-25 7.851E-04.05710.073  470.80000.65-.012400                   0 0 0 0 1A1   10F2346         9F1  2     345332857348 7 1 7    63.0   57.0
 61 6177.465500 1.490E-25 0.000E+00.05980.075  575.22000.75-.012355                                                            34443285735217 1 7     0.0    0.0
 61 6177.501059 1.280E-24 3.440E-03.05710.073  470.71000.65-.012400                   0 0 0 0 1A1   10F2346         9F1  1     445332857348 7 1 7    63.0   57.0
 61 6177.544600 1.690E-26 0.000E+00.05980.075  815.00000.75-.012355                                                            34443285735217 1 7     0.0    0.0
 61 6177.592200 3.460E-25 5.583E-04.05000.063  470.83000.75-.012355                   0 0 0 0 1A1   10A2            9A1        34553285735217 1 7   105.0   95.0
 61 6177.599881 5.730E-25 1.541E-03.05710.073  470.86000.65-.012400                   0 0 0 0 1A1   10F1339         9F2  2     445332857348 7 1 7    63.0   57.0
 61 6177.646601 2.520E-25 0.000E+00.06000.077  575.22000.85-.012400                                                            3433328573421110 7     0.0    0.0
 61 6177.747274 1.510E-24 4.059E-03.05710.073  470.72000.65-.012400                   0 0 0 0 1A1   10F1339         9F2  1     445332857348 7 1 7    63.0   57.0
 61 6177.755500 9.030E-26 0.000E+00.05980.075  815.00000.75-.012356                                                            34443285735217 1 7     0.0    0.0
 61 6177.781800 5.080E-26 0.000E+00.05980.075  815.00000.75-.012356                                                            34443285735217 1 7     0.0    0.0
 61 6177.820891 2.230E-24 3.599E-03.05710.073  470.87000.65-.012400                   0 0 0 0 1A1   10A1119         9A2  1     445332857348 7 1 7   105.0   95.0
 61 6177.868200 1.760E-25 0.000E+00.06000.077  575.22000.85-.012400                                                            3433328573421110 7     0.0    0.0
 61 6177.898336 4.950E-25 0.000E+00.06000.077  575.22000.85-.012400                                                            3433328573421110 7     0.0    0.0
 61 6177.930800 1.440E-26 0.000E+00.05980.075  815.00000.75-.012356                                                            34443285735217 1 7     0.0    0.0
 61 6177.957800 2.840E-26 0.000E+00.05980.075  815.00000.75-.012356                                                            34443285735217 1 7     0.0    0.0
 61 6177.991300 4.840E-26 0.000E+00.05980.075  742.24000.75-.012356                                                            34443285735217 1 7     0.0    0.0
 61 6178.014900 1.370E-25 0.000E+00.05980.075  575.22000.75-.012356                                                            34443285735217 1 7     0.0    0.0
 61 6178.054900 4.260E-27 0.000E+00.05980.075  815.00000.75-.012356                                                            34443285735217 1 7     0.0    0.0
 61 6178.083700 2.880E-27 0.000E+00.05980.075  815.00000.75-.012356                                                            34443285735217 1 7     0.0    0.0
 61 6178.134300 1.360E-26 0.000E+00.05980.075  815.00000.75-.012356                                                            34443285735217 1 7     0.0    0.0
 61 6178.179100 5.310E-27 0.000E+00.05980.075  815.00000.75-.012356                                                            34443285735217 1 7     0.0    0.0
 61 6178.225330 7.050E-25 0.000E+00.05980.075  660.52000.75-.012356                                                            44443285735217 1 7     0.0    0.0
 61 6178.240926 6.940E-25 0.000E+00.06000.077  677.77000.85-.012400                                                            4433328573421110 7     0.0    0.0
 61 6178.257773 6.710E-25 0.000E+00.06000.077  657.64000.85-.012400                                                            4433328573421110 7     0.0    0.0
 61 6178.316805 1.380E-24 0.000E+00.04530.065 1095.82000.62-.012400                   0 0 0 0 1A1                  14A1  1     445332857348 7 1 7     0.0    0.0
 61 6178.401400 3.120E-27 0.000E+00.05980.075  114.49000.75-.012357                                                            34443285735217 1 7     0.0    0.0
 61 6178.409100 2.350E-26 3.055E-05.05980.075  104.77000.75-.012357                   0 0 0 0 1A1    5E             4E         34553285735217 1 7    22.0   18.0
 61 6178.464045 4.000E-25 1.614E-03.05910.073  470.79000.85-.012400                   0 0 0 0 1A1   10E             9E         3433328573421110 7    42.0   38.0
 61 6178.493700 1.830E-26 0.000E+00.05980.075  487.49000.75-.012357                                                            34443285735217 1 7     0.0    0.0
 61 6178.538300 9.740E-27 8.442E-06.06590.083  104.78000.75-.012357                   0 0 0 0 1A1    5F1            4F2        34663285735217 1 7    33.0   27.0
 61 6178.576106 6.770E-25 1.821E-03.05910.073  470.85000.85-.012400                   0 0 0 0 1A1   10F2            9F1  3     4433328573481110 7    63.0   57.0
 61 6178.626096 1.380E-24 3.712E-03.05910.073  470.80000.85-.012400                   0 0 0 0 1A1   10F2            9F1        4433328573421110 7    63.0   57.0
 61 6178.648021 4.600E-24 8.659E-03.06130.075  376.78000.85-.012400                   0 0 0 0 1A1    9F1            8F2        4433328573421110 7    57.0   51.0
 61 6178.656200 5.900E-25 0.000E+00.05980.075  532.80000.75-.012357                                                            45443285735217 1 7     0.0    0.0
 61 6178.716100 1.210E-26 0.000E+00.05980.075  489.90000.75-.012357                                                            34443285735217 1 7     0.0    0.0
 61 6178.801810 1.720E-24 4.625E-03.05910.073  470.72000.85-.012400                   0 0 0 0 1A1   10F1            9F2        4433328573421110 7    63.0   57.0
 61 6178.804600 3.730E-25 0.000E+00.05980.075  482.25000.75-.012358                                                            34443285735217 1 7     0.0    0.0
 61 6178.810855 6.880E-24 0.000E+00.04750.065  950.15000.63-.012400                   0 0 0 0 1A1                  13A2  1     445332857348 7 1 7     0.0    0.0
 61 6178.846234 2.380E-24 4.481E-03.06130.075  376.80000.85-.012400                   0 0 0 0 1A1    9F2            8F1        4433328573421110 7    57.0   51.0
 61 6178.856900 1.650E-25 0.000E+00.05980.075  815.00000.75-.012358                                                            34443285735217 1 7     0.0    0.0
 61 6178.905281 8.350E-25 2.247E-03.05710.073  470.85000.65-.012400                   0 0 0 0 1A1   10F2348         9F1  3     445332857348 7 1 7    63.0   57.0
 61 6178.917200 1.220E-25 2.296E-04.05380.068  376.73000.75-.012358                   0 0 0 0 1A1    9F2            8F1        34553285735217 1 7    57.0   51.0
 61 6178.945700 1.450E-26 0.000E+00.05980.075  815.00000.75-.012358                                                            34443285735217 1 7     0.0    0.0
 61 6178.969100 7.600E-26 0.000E+00.05980.075  815.00000.75-.012358                                                            34443285735217 1 7     0.0    0.0
 61 6179.003790 3.770E-24 0.000E+00.04600.064  950.15000.85-.012400                   0 0 0 0 1A1                  13F1  2     4433328573481110 7     0.0    0.0
 61 6179.043651 8.070E-25 2.170E-03.05710.073  470.71000.65-.012400                   0 0 0 0 1A1   10F2348         9F1  1     445332857348 7 1 7    63.0   57.0
 61 6179.066400 9.060E-27 0.000E+00.05980.075  815.00000.75-.012358                                                            34443285735217 1 7     0.0    0.0
 61 6179.134300 6.730E-27 0.000E+00.05980.075  815.00000.75-.012358                                                            34443285735217 1 7     0.0    0.0
 61 6179.186938 3.610E-24 0.000E+00.04600.064  950.15000.85-.012400                   0 0 0 0 1A1                  13F1  3     4433328573481110 7     0.0    0.0
 61 6179.198100 7.780E-26 0.000E+00.05980.075  815.00000.75-.012358                                                            34443285735217 1 7     0.0    0.0
 61 6179.251900 1.030E-26 0.000E+00.05980.075  815.00000.75-.012359                                                            34443285735217 1 7     0.0    0.0
 61 6179.339200 4.650E-26 0.000E+00.05980.075  815.00000.75-.012359                                                            34443285735217 1 7     0.0    0.0
 61 6179.362500 1.270E-24 0.000E+00.05980.075  815.00000.75-.012359                                                            45443285735217 1 7     0.0    0.0
 61 6179.367563 7.480E-24 0.000E+00.05340.069  689.86000.85-.012400                                                            4433328573421110 7     0.0    0.0
 61 6179.419000 7.990E-27 0.000E+00.05980.075  815.00000.75-.012359                                                            34443285735217 1 7     0.0    0.0
 61 6179.495200 5.890E-26 0.000E+00.05980.075  721.94000.75-.012359                                                            34443285735217 1 7     0.0    0.0
 61 6179.525600 7.390E-27 0.000E+00.05980.075  815.00000.75-.012359                                                            34443285735217 1 7     0.0    0.0
 61 6179.574711 3.620E-25 0.000E+00.06000.077  655.49000.85-.012400                                                            3433328573421110 7     0.0    0.0
 61 6179.607989 4.930E-24 0.000E+00.04750.065  950.15000.63-.012400                   0 0 0 0 1A1                  13A1  1     445332857348 7 1 7     0.0    0.0
 61 6179.646500 6.220E-26 0.000E+00.05980.075  660.41000.75-.012359                                                            34443285735217 1 7     0.0    0.0
 61 6179.664400 1.410E-25 0.000E+00.05980.075  815.00000.75-.012359                                                            34443285735217 1 7     0.0    0.0
 61 6179.747200 7.780E-27 0.000E+00.05980.075  815.00000.75-.012359                                                            34443285735217 1 7     0.0    0.0
 61 6179.785828 4.280E-25 0.000E+00.05980.075  815.00000.75-.012360                                                            34443285735217 1 7     0.0    0.0
 61 6179.803712 2.740E-24 1.106E-02.05910.073  470.79000.85-.012400                   0 0 0 0 1A1   10E             9E         4433328573421110 7    42.0   38.0
 61 6179.822000 4.700E-26 0.000E+00.05980.075  815.00000.75-.012360                                                            34443285735217 1 7     0.0    0.0
 61 6179.835946 8.340E-25 0.000E+00.06000.077  718.92000.85-.012400                                                            4433328573421110 7     0.0    0.0
 61 6179.876400 2.530E-26 0.000E+00.05980.075  815.00000.75-.012360                                                            34443285735217 1 7     0.0    0.0
 61 6179.901459 2.910E-24 7.833E-03.05910.073  470.86000.85-.012400                   0 0 0 0 1A1   10F1            9F2  2     4433328573481110 7    63.0   57.0
 61 6179.955149 2.790E-24 0.000E+00.04750.065  950.15000.63-.012400                   0 0 0 0 1A1                  13A1  1     445332857348 7 1 7     0.0    0.0
 61 6179.972120 3.610E-25 6.800E-04.05730.072  376.82000.75-.012360                   0 0 0 0 1A1    9F1            8F2        34663285735217 1 7    57.0   51.0
