 21 1860.015849 2.841E-30 1.550E-03.07090.095 3557.84930.72-.002132       1 6 6 02       0 5 5 01                    P 23e     466663342910 9 711    45.0   47.0
 21 1860.027363 2.239E-30 3.666E-05.06530.072 3010.78350.74-.002357       3 0 0 04       1 1 1 02                    Q 52f     535553343010 9 711   105.0  105.0
 21 1860.066895 3.154E-30 3.630E-05.06580.074 2930.26570.74-.002326       3 0 0 04       1 1 1 02                    Q 50f     536553343010 9 711   101.0  101.0
 21 1860.101221 4.368E-30 3.593E-05.06600.075 2852.86230.74-.002295       3 0 0 04       1 1 1 02                    Q 48f     536563343010 9 711    97.0   97.0
 21 1860.112837 5.050E-29 1.813E-02.05570.062 3773.36180.59-.002649       1 1 1 02       0 0 0 01                    P 98e     555443343310 9 711   195.0  197.0
 21 1860.113058 1.026E-28 4.442E-04.07090.095 2562.80430.72-.001196       3 0 0 01       0 0 0 11                    P 23e     566663342910 9 711    45.0   47.0
 21 1860.130721 5.946E-30 3.555E-05.06620.076 2778.57490.74-.002264       3 0 0 04       1 1 1 02                    Q 46f     536563343010 9 711    93.0   93.0
 21 1860.155771 7.954E-30 3.517E-05.06640.077 2707.40490.74-.002231       3 0 0 04       1 1 1 02                    Q 44f     536563343010 9 711    89.0   89.0
 21 1860.176740 1.046E-29 3.479E-05.06660.079 2639.35360.75-.002198       3 0 0 04       1 1 1 02                    Q 42f     536563343010 9 711    85.0   85.0
 21 1860.186457 6.410E-29 1.007E-04.08200.112 2098.71840.68-.002151       3 0 0 03       1 1 1 01                    P  7e     566663342910 9 711    13.0   15.0
 21 1860.193991 1.351E-29 3.439E-05.06690.080 2574.42230.75-.002164       3 0 0 04       1 1 1 02                    Q 40f     536663343010 9 711    81.0   81.0
 21 1860.207880 1.714E-29 3.398E-05.06720.082 2512.61220.75-.002130       3 0 0 04       1 1 1 02                    Q 38f     536663343010 9 711    77.0   77.0
 21 1860.208767 1.421E-27 4.194E-03.06680.080 2604.89030.75-.002174       2 2 2 03       1 1 1 02                    P 41e     566563342910 9 711    81.0   83.0
 21 1860.210515 6.049E-25 9.314E-04.06960.091  962.62570.73-.002088       2 0 0 03       0 1 1 01                    P 27e     566663343810 9 711    53.0   55.0
 21 1860.212662 1.599E-29 2.944E-05.09050.123 1934.82030.69-.001101       3 0 0 04       1 1 1 02                    Q  2f     536663343010 9 711     5.0    5.0
 21 1860.213721 2.808E-29 2.950E-05.08660.118 1940.30390.69-.001240       3 0 0 04       1 1 1 02                    Q  4f     536663343010 9 711     9.0    9.0
 21 1860.215340 3.900E-29 2.957E-05.08340.114 1948.92090.68-.001349       3 0 0 04       1 1 1 02                    Q  6f     536663343010 9 711    13.0   13.0
 21 1860.217461 4.835E-29 2.969E-05.08080.111 1960.67110.68-.001437       3 0 0 04       1 1 1 02                    Q  8f     536663343010 9 711    17.0   17.0
 21 1860.218753 2.137E-29 3.360E-05.06750.084 2453.92450.74-.002095       3 0 0 04       1 1 1 02                    Q 36f     536663343010 9 711    73.0   73.0
 21 1860.220004 5.581E-29 2.982E-05.07870.108 1975.55420.68-.001511       3 0 0 04       1 1 1 02                    Q 10f     536663343010 9 711    21.0   21.0
 21 1860.222868 6.120E-29 2.998E-05.07700.105 1993.57010.68-.001575       3 0 0 04       1 1 1 02                    Q 12f     536663343010 9 711    25.0   25.0
 21 1860.225932 6.446E-29 3.017E-05.07550.103 2014.71830.68-.001633       3 0 0 04       1 1 1 02                    Q 14f     536663343010 9 711    29.0   29.0
 21 1860.226945 2.616E-29 3.322E-05.06790.085 2398.36040.74-.002059       3 0 0 04       1 1 1 02                    Q 34f     536663343010 9 711    69.0   69.0
 21 1860.229054 6.565E-29 3.039E-05.07420.101 2038.99840.69-.001685       3 0 0 04       1 1 1 02                    Q 16f     536663343010 9 711    33.0   33.0
 21 1860.232072 6.493E-29 3.062E-05.07310.099 2066.41000.70-.001734       3 0 0 04       1 1 1 02                    Q 18f     536663343010 9 711    37.0   37.0
 21 1860.232781 3.144E-29 3.284E-05.06830.087 2345.92090.74-.002022       3 0 0 04       1 1 1 02                    Q 32f     536663343010 9 711    65.0   65.0
 21 1860.234806 6.255E-29 3.089E-05.07220.097 2096.95250.71-.001780       3 0 0 04       1 1 1 02                    Q 20f     536663343010 9 711    41.0   41.0
 21 1860.236573 3.708E-29 3.248E-05.06880.088 2296.60700.74-.001985       3 0 0 04       1 1 1 02                    Q 30f     536663343010 9 711    61.0   61.0
 21 1860.237054 5.882E-29 3.117E-05.07130.095 2130.62550.71-.001824       3 0 0 04       1 1 1 02                    Q 22f     536663343010 9 711    45.0   45.0
 21 1860.238599 5.408E-29 3.147E-05.07060.094 2167.42810.72-.001866       3 0 0 04       1 1 1 02                    Q 24f     536663343010 9 711    49.0   49.0
 21 1860.238620 4.290E-29 3.213E-05.06930.090 2250.41970.73-.001946       3 0 0 04       1 1 1 02                    Q 28f     536663343010 9 711    57.0   57.0
 21 1860.239206 4.866E-29 3.179E-05.06990.092 2207.35980.73-.001906       3 0 0 04       1 1 1 02                    Q 26f     536663343010 9 711    53.0   53.0
 21 1860.251444 6.431E-29 3.082E-03.06790.085 3139.28040.74-.002142       1 5 5 02       0 4 4 01                    P 34e     466663342910 9 711    67.0   69.0
 21 1860.274597 1.625E-28 3.245E-03.06900.089 2925.89670.73-.002131       2 3 3 03       1 2 2 02                    P 29f     466663342910 9 711    57.0   59.0
 21 1860.312994 4.931E-28 5.013E-03.06620.075 2887.73740.74-.002211       1 4 4 02       0 3 3 01                    P 47e     566563342910 9 711    93.0   95.0
 21 1860.329349 6.074E-30 1.782E-03.07260.098 3389.81090.70-.002142       2 4 4 03       1 3 3 02                    P 19e     466663342910 9 711    37.0   39.0
 21 1860.389789 7.644E-29 9.054E-03.05690.064 3515.72570.64-.002536       1 2 2 02       0 1 1 01                    P 85e     565553343810 9 711   169.0  171.0
 21 1860.402311 6.280E-28 9.434E-03.05770.065 3073.12770.66-.002474       1 2 2 02       0 1 1 01                    P 78f     565553343810 9 711   155.0  157.0
 21 1860.436972 9.355E-30 2.149E-03.07090.094 3397.25810.72-.001641       4 0 0 05       2 1 1 03                    R 23e     466663342910 9 711    49.0   47.0
 21 1860.526785 7.493E-30 1.446E-03.06830.087 3413.15970.74-.002136       1 2 2 12       0 1 1 11                    P 32e     566663342910 9 711    63.0   65.0
 21 1860.612156 8.095E-30 1.435E-03.06850.088 3388.96350.74-.002134       1 2 2 12       0 1 1 11                    P 31f     566663342910 9 711    61.0   63.0
 21 1860.638159 1.040E-27 7.087E-03.06080.068 2862.86350.71-.002331       1 3 3 02       0 2 2 01                    P 62e     565553342910 9 711   123.0  125.0
 21 1860.658013 4.432E-27 1.071E-04.07370.099 1454.96860.70-.001359       2 1 1 03       0 2 2 01                    R 17f     566663342910 9 711    37.0   35.0
 21 1860.668488 3.265E-29 1.509E-03.06720.081 3165.57240.75-.002178       3 1 1 04       1 2 2 02                    R 38e     466663342910 9 711    79.0   77.0
 21 1860.683267 3.817E-29 3.816E-03.06560.073 3374.90640.74-.002240       1 1 1 12       0 0 0 11                    P 51e     565553342910 9 711   101.0  103.0
 21 1860.706316 2.036E-27 4.147E-03.06720.082 2512.61220.75-.002158       2 2 2 03       1 1 1 02                    P 38f     566663342910 9 711    75.0   77.0
 21 1860.760708 2.713E-30 1.420E-03.07130.095 3539.74260.71-.002134       1 6 6 02       0 5 5 01                    P 22f     466663342910 9 711    43.0   45.0
 21 1860.785123 4.292E-29 1.407E-03.06770.084 3078.62740.74-.002085       3 1 1 04       1 2 2 02                    R 35f     466663342910 9 711    73.0   71.0
 21 1860.910029 3.479E-30 6.332E-04.06660.078 3467.39430.75-.002292       3 1 1 03       1 2 2 01                    R 42e     566563342910 9 711    87.0   85.0
 21 1860.962864 4.849E-27 1.191E-04.07310.098 1469.06550.70-.001410       2 1 1 03       0 2 2 01                    R 18e     566663342910 9 711    39.0   37.0
 21 1860.973112 6.717E-29 2.917E-03.06810.086 3112.57330.74-.002139       1 5 5 02       0 4 4 01                    P 33f     466663342910 9 711    65.0   67.0
 21 1860.988250 1.650E-28 3.060E-03.06930.090 2903.18730.73-.002130       2 3 3 03       1 2 2 02                    P 28e     466663342910 9 711    55.0   57.0
 21 1860.995765 3.958E-29 1.089E-03.06500.071 3125.08260.73-.002561       2 2 2 03       0 3 3 01                    R 53e     565553342910 9 711   109.0  107.0
 21 1861.007834 5.539E-28 4.816E-03.06620.076 2850.91250.74-.002204       1 4 4 02       0 3 3 01                    P 46f     566563342910 9 711    91.0   93.0
 21 1861.076672 5.608E-30 1.619E-03.07310.099 3374.89410.70-.002146       2 4 4 03       1 3 3 02                    P 18f     466663342910 9 711    35.0   37.0
 21 1861.281681 4.285E-30 5.251E-04.06700.080 3371.22730.75-.002207       3 1 1 03       1 2 2 01                    R 39f     566663342910 9 711    81.0   79.0
 21 1861.281877 2.824E-26 7.346E-03.06620.076 2128.89870.74-.002204       2 1 1 03       1 0 0 02                    P 46e     566563342910 9 711    91.0   93.0
 21 1861.297412 1.247E-27 6.831E-03.06120.069 2814.44200.71-.002322       1 3 3 02       0 2 2 01                    P 61f     565553342910 9 711   121.0  123.0
 21 1861.324460 1.107E-28 4.447E-04.07170.096 2527.97370.71-.001222       3 0 0 01       0 0 0 11                    P 21e     566663342910 9 711    41.0   43.0
 21 1861.326917 1.762E-30 2.919E-05.06600.075 2996.60390.74-.002295       3 0 0 03       1 1 1 01                    Q 48f     536563343010 9 711    97.0   97.0
 21 1861.471982 3.409E-29 1.132E-03.06470.071 3167.37170.73-.002583       2 2 2 03       0 3 3 01                    R 54f     565553342910 9 711   111.0  109.0
 21 1861.506217 1.696E-27 3.878E-03.06700.081 2541.66900.75-.002163       2 2 2 03       1 1 1 02                    P 39e     566663342910 9 711    77.0   79.0
 21 1861.507504 2.562E-30 1.294E-03.07170.096 3522.42260.71-.002136       1 6 6 02       0 5 5 01                    P 21e     466663342910 9 711    41.0   43.0
 21 1861.541687 4.756E-29 6.614E-04.08080.111 2576.52550.68-.002183       3 1 1 04       2 0 0 03                    P  8e     466663342910 9 711    15.0   17.0
 21 1861.547467 9.802E-29 1.725E-02.05590.062 3622.16410.60-.002632       1 1 1 02       0 0 0 01                    P 96e     555443343310 9 711   191.0  193.0
 21 1861.548993 1.347E-28 8.639E-03.05710.064 3384.34230.64-.002518       1 2 2 02       0 1 1 01                    P 83e     565553343810 9 711   165.0  167.0
 21 1861.696694 6.972E-29 2.756E-03.06830.087 3086.65040.74-.002136       1 5 5 02       0 4 4 01                    P 32e     466663342910 9 711    63.0   65.0
 21 1861.697775 2.482E-30 2.990E-05.06620.076 2922.35420.74-.002264       3 0 0 03       1 1 1 01                    Q 46f     536563343010 9 711    93.0   93.0
 21 1861.705231 6.192E-28 4.623E-03.06630.077 2814.86810.74-.002198       1 4 4 02       0 3 3 01                    P 45e     566563342910 9 711    89.0   91.0
 21 1861.721284 1.661E-28 2.876E-03.06960.091 2881.24350.73-.002129       2 3 3 03       1 2 2 02                    P 27f     466663342910 9 711    53.0   55.0
 21 1861.728947 6.004E-25 8.191E-04.07020.093  921.23810.72-.002089       2 0 0 03       0 1 1 01                    P 25e     566663343810 9 711    49.0   51.0
 21 1861.766040 3.435E-29 7.430E-05.08490.116 2088.56800.69-.002137       3 0 0 03       1 1 1 01                    P  5e     566663342910 9 711     9.0   11.0
 21 1861.795768 1.038E-27 8.912E-03.05790.065 2952.34500.67-.002456       1 2 2 02       0 1 1 01                    P 76f     565553343810 9 711   151.0  153.0
 21 1861.826121 5.112E-30 1.462E-03.07370.100 3360.76190.70-.002150       2 4 4 03       1 3 3 02                    P 17e     466663342910 9 711    33.0   35.0
 21 1861.907966 8.061E-30 1.312E-03.06880.088 3364.35680.74-.002132       1 2 2 12       0 1 1 11                    P 30e     566663342910 9 711    59.0   61.0
 21 1861.972636 1.504E-27 6.650E-03.06170.069 2766.77310.72-.002313       1 3 3 02       0 2 2 01                    P 60e     565553342910 9 711   119.0  121.0
 21 1862.050052 3.430E-30 3.057E-05.06640.077 2851.22260.74-.002231       3 0 0 03       1 1 1 01                    Q 44f     536563343010 9 711    89.0   89.0
 21 1862.074470 8.561E-30 1.292E-03.06900.089 3341.63510.73-.002131       1 2 2 12       0 1 1 11                    P 29f     566663342910 9 711    57.0   59.0
 21 1862.110735 4.992E-29 3.561E-03.06590.074 3296.84090.74-.002225       1 1 1 12       0 0 0 11                    P 49e     566563342910 9 711    97.0   99.0
 21 1862.117037 2.784E-29 1.657E-03.06690.080 3227.42970.75-.002236       3 1 1 04       1 2 2 02                    R 40e     466663342910 9 711    83.0   81.0
 21 1862.125550 9.954E-30 2.551E-03.07020.092 3435.55910.73-.001725       4 0 0 05       2 1 1 03                    R 25e     466663342910 9 711    53.0   51.0
 21 1862.173413 2.874E-30 6.970E-04.06640.077 3535.42920.74-.002345       3 1 1 03       1 2 2 01                    R 44e     566563342910 9 711    91.0   89.0
 21 1862.176950 2.327E-27 3.770E-03.06750.084 2453.92450.74-.002150       2 2 2 03       1 1 1 02                    P 36f     566663342910 9 711    71.0   73.0
 21 1862.256239 2.391E-30 1.172E-03.07220.097 3505.88930.71-.002139       1 6 6 02       0 5 5 01                    P 20f     466663342910 9 711    39.0   41.0
 21 1862.274615 5.262E-27 1.323E-04.07260.097 1483.94500.71-.001459       2 1 1 03       0 2 2 01                    R 19f     566663342910 9 711    41.0   39.0
 21 1862.384102 4.655E-30 3.122E-05.06660.079 2783.21020.75-.002198       3 0 0 03       1 1 1 01                    Q 42f     536563343010 9 711    85.0   85.0
 21 1862.403833 6.886E-28 4.434E-03.06640.077 2779.60550.74-.002191       1 4 4 02       0 3 3 01                    P 44f     566563342910 9 711    87.0   89.0
 21 1862.422197 7.190E-29 2.600E-03.06850.088 3061.51180.74-.002134       1 5 5 02       0 4 4 01                    P 31f     466663342910 9 711    61.0   63.0
 21 1862.441532 1.661E-28 2.698E-03.06990.092 2860.09700.73-.002129       2 3 3 03       1 2 2 02                    P 26e     466663342910 9 711    51.0   53.0
 21 1862.473634 5.616E-27 1.453E-04.07220.096 1499.60730.71-.001507       2 1 1 03       0 2 2 01                    R 20e     566663342910 9 711    43.0   41.0
 21 1862.503491 3.826E-29 1.573E-03.06730.082 3135.79150.75-.002147       3 1 1 04       1 2 2 02                    R 37f     466663342910 9 711    77.0   75.0
 21 1862.550567 2.909E-29 1.171E-03.06420.070 3210.43880.73-.002604       2 2 2 03       0 3 3 01                    R 55e     565553342910 9 711   113.0  111.0
 21 1862.568137 1.167E-28 4.458E-04.07260.098 2496.23730.70-.001251       3 0 0 01       0 0 0 11                    P 19e     566663342910 9 711    37.0   39.0
 21 1862.577681 4.594E-30 1.312E-03.07420.101 3347.41450.69-.002154       2 4 4 03       1 3 3 02                    P 16f     466663342910 9 711    31.0   33.0
 21 1862.637143 1.788E-27 6.407E-03.06220.069 2719.90300.72-.002305       1 3 3 02       0 2 2 01                    P 59f     565553342910 9 711   117.0  119.0
 21 1862.700269 6.199E-30 3.184E-05.06690.080 2718.31800.75-.002164       3 0 0 03       1 1 1 01                    Q 40f     536663343010 9 711    81.0   81.0
 21 1862.714423 2.337E-28 8.243E-03.05730.064 3256.03870.65-.002501       1 2 2 02       0 1 1 01                    P 81e     565553343810 9 711   161.0  163.0
 21 1862.744773 3.512E-26 6.779E-03.06640.077 2057.94880.74-.002191       2 1 1 03       1 0 0 02                    P 44e     566563342910 9 711    87.0   89.0
 21 1862.791855 3.643E-30 5.798E-04.06680.079 3434.59000.75-.002264       3 1 1 03       1 2 2 01                    R 41f     566563342910 9 711    85.0   83.0
 21 1862.817859 1.982E-27 3.574E-03.06730.083 2481.56240.74-.002154       2 2 2 03       1 1 1 02                    P 37e     566663342910 9 711    73.0   75.0
 21 1862.967211 1.233E-30 9.813E-05.07420.100 3109.42740.70-.001307       2 0 0 13       0 1 1 11                    R 16e     966663342910 9 711    35.0   33.0
 21 1862.981324 1.873E-28 1.642E-02.05610.063 3474.02860.60-.002615       1 1 1 02       0 0 0 01                    P 94e     555443343310 9 711   187.0  189.0
 21 1862.984260 2.483E-29 1.216E-03.06380.070 3254.28740.72-.002625       2 2 2 03       0 3 3 01                    R 56f     565553342910 9 711   115.0  113.0
 21 1862.998889 8.102E-30 3.243E-05.06720.082 2656.54690.75-.002130       3 0 0 03       1 1 1 01                    Q 38f     536663343010 9 711    77.0   77.0
 21 1863.006916 2.203E-30 1.055E-03.07260.098 3490.14280.70-.002142       1 6 6 02       0 5 5 01                    P 19e     466663342910 9 711    37.0   39.0
 21 1863.099343 2.610E-29 4.683E-04.08340.114 2564.79280.68-.002176       3 1 1 04       2 0 0 03                    P  6e     466663342910 9 711    11.0   13.0
 21 1863.104840 7.620E-28 4.251E-03.06650.078 2745.12380.75-.002185       1 4 4 02       0 3 3 01                    P 43e     566563342910 9 711    85.0   87.0
 21 1863.149625 7.366E-29 2.448E-03.06880.088 3037.15770.74-.002132       1 5 5 02       0 4 4 01                    P 30e     466663342910 9 711    59.0   61.0
 21 1863.176873 1.648E-28 2.526E-03.07020.093 2839.72040.72-.002130       2 3 3 03       1 2 2 02                    P 25f     466663342910 9 711    49.0   51.0
 21 1863.191381 1.688E-27 8.414E-03.05810.065 2834.65420.67-.002437       1 2 2 02       0 1 1 01                    P 74f     565553343810 9 711   147.0  149.0
 21 1863.250155 5.790E-25 7.153E-04.07090.095  882.97140.72-.002092       2 0 0 03       0 1 1 01                    P 23e     566663343810 9 711    45.0   47.0
 21 1863.280285 1.039E-29 3.300E-05.06750.084 2597.89790.74-.002095       3 0 0 03       1 1 1 01                    Q 36f     536663343010 9 711    73.0   73.0
 21 1863.300539 8.459E-30 1.185E-03.06930.090 3318.64860.73-.002130       1 2 2 12       0 1 1 11                    P 28e     566663342910 9 711    55.0   57.0
 21 1863.314025 2.136E-27 6.228E-03.06270.070 2673.79130.72-.002296       1 3 3 02       0 2 2 01                    P 58e     565553342910 9 711   115.0  117.0
 21 1863.331363 4.064E-30 1.168E-03.07480.102 3334.85190.69-.002159       2 4 4 03       1 3 3 02                    P 15e     466663342910 9 711    29.0   31.0
 21 1863.339096 1.471E-29 5.544E-05.08850.120 2081.54070.70-.002060       3 0 0 03       1 1 1 01                    P  3e     566663342910 9 711     5.0    7.0
 21 1863.358547 1.973E-30 2.048E-06.08850.118 1937.15910.69-.000365       3 0 0 04       1 1 1 02                    R  3e     536663343010 9 711     9.0    7.0
 21 1863.422367 2.327E-30 7.650E-04.06620.075 3606.58270.74-.002397       3 1 1 03       1 2 2 01                    R 46e     566563342910 9 711    95.0   93.0
 21 1863.542479 6.410E-29 3.318E-03.06620.075 3221.85690.74-.002211       1 1 1 12       0 0 0 11                    P 47e     566563342910 9 711    93.0   95.0
 21 1863.542948 8.830E-30 1.158E-03.06960.091 3297.40660.73-.002129       1 2 2 12       0 1 1 11                    P 27f     566663342910 9 711    53.0   55.0
 21 1863.544769 1.307E-29 3.354E-05.06790.085 2542.37180.74-.002059       3 0 0 03       1 1 1 01                    Q 34f     536663343010 9 711    69.0   69.0
 21 1863.557504 2.323E-29 1.811E-03.06660.078 3292.41120.75-.002292       3 1 1 04       1 2 2 02                    R 42e     466563342910 9 711    87.0   85.0
 21 1863.652630 2.601E-27 3.414E-03.06790.085 2398.36040.74-.002142       2 2 2 03       1 1 1 02                    P 34f     566663342910 9 711    67.0   69.0
 21 1863.759535 2.002E-30 9.436E-04.07310.099 3475.18330.70-.002146       1 6 6 02       0 5 5 01                    P 18f     466663342910 9 711    35.0   37.0
 21 1863.792640 1.611E-29 3.403E-05.06830.087 2489.96950.74-.002022       3 0 0 03       1 1 1 01                    Q 32f     536663343010 9 711    65.0   65.0
 21 1863.807221 8.389E-28 4.071E-03.06660.079 2711.42410.75-.002179       1 4 4 02       0 3 3 01                    P 42f     566563342910 9 711    83.0   85.0
 21 1863.821660 1.026E-29 2.996E-03.06960.090 3476.98310.73-.001804       4 0 0 05       2 1 1 03                    R 27e     466663342910 9 711    57.0   55.0
 21 1863.843832 1.198E-28 4.470E-04.07370.100 2467.59560.70-.001283       3 0 0 01       0 0 0 11                    P 17e     566663342910 9 711    33.0   35.0
 21 1863.878983 7.495E-29 2.301E-03.06900.089 3013.58820.73-.002131       1 5 5 02       0 4 4 01                    P 29f     466663342910 9 711    57.0   59.0
 21 1863.886462 3.989E-28 7.860E-03.05760.064 3130.81720.66-.002483       1 2 2 02       0 1 1 01                    P 79e     565553343810 9 711   157.0  159.0
 21 1863.895664 5.976E-27 1.603E-04.07170.095 1516.05210.71-.001553       2 1 1 03       0 2 2 01                    R 21f     566663342910 9 711    45.0   43.0
 21 1863.903288 1.624E-28 2.361E-03.07060.094 2820.13750.72-.002130       2 3 3 03       1 2 2 02                    P 24e     466663342910 9 711    47.0   49.0
 21 1863.978400 6.239E-27 1.742E-04.07130.095 1533.27970.72-.001598       2 1 1 03       0 2 2 01                    R 22e     566663342910 9 711    47.0   45.0
 21 1863.983470 2.519E-27 6.001E-03.06320.070 2628.47400.72-.002288       1 3 3 02       0 2 2 01                    P 57f     565553342910 9 711   113.0  115.0
 21 1864.024187 1.948E-29 3.451E-05.06880.088 2440.69170.74-.001985       3 0 0 03       1 1 1 01                    Q 30f     536663343010 9 711    61.0   61.0
 21 1864.087159 3.532E-30 1.031E-03.07550.103 3323.07420.68-.002164       2 4 4 03       1 3 3 02                    P 14f     466663342910 9 711    27.0   29.0
 21 1864.103970 2.100E-29 1.257E-03.06320.070 3298.91310.72-.002646       2 2 2 03       0 3 3 01                    R 57e     565553342910 9 711   117.0  115.0
 21 1864.143619 2.263E-27 3.278E-03.06770.084 2424.57170.74-.002146       2 2 2 03       1 1 1 02                    P 35e     566663342910 9 711    69.0   71.0
 21 1864.212029 4.282E-26 6.240E-03.06660.079 1990.10800.75-.002179       2 1 1 03       1 0 0 02                    P 42e     566563342910 9 711    83.0   85.0
 21 1864.227573 3.335E-29 1.750E-03.06700.080 3196.08090.75-.002207       3 1 1 04       1 2 2 02                    R 39f     466663342910 9 711    81.0   79.0
 21 1864.239680 2.306E-29 3.494E-05.06930.090 2394.53920.73-.001946       3 0 0 03       1 1 1 01                    Q 28f     536663343010 9 711    57.0   57.0
 21 1864.297103 3.032E-30 6.377E-04.06650.077 3501.07460.74-.002319       3 1 1 03       1 2 2 01                    R 43f     566563342910 9 711    89.0   87.0
 21 1864.414612 3.522E-28 1.561E-02.05630.063 3328.95780.61-.002598       1 1 1 02       0 0 0 01                    P 92e     555443343310 9 711   183.0  185.0
 21 1864.439379 2.674E-29 3.536E-05.06990.092 2351.51260.73-.001906       3 0 0 03       1 1 1 01                    Q 26f     536663343010 9 711    53.0   53.0
 21 1864.491343 1.776E-29 1.304E-03.06270.069 3344.32050.72-.002666       2 2 2 03       0 3 3 01                    R 58f     565553342910 9 711   119.0  117.0
 21 1864.511890 9.187E-28 3.896E-03.06680.080 2678.50580.75-.002174       1 4 4 02       0 3 3 01                    P 41e     566563342910 9 711    81.0   83.0
 21 1864.514099 1.790E-30 8.359E-04.07370.100 3461.01060.70-.002150       1 6 6 02       0 5 5 01                    P 17e     466663342910 9 711    33.0   35.0
 21 1864.558945 1.645E-30 1.343E-04.07310.098 3136.55310.70-.001410       2 0 0 13       0 1 1 11                    R 18e     966663342910 9 711    39.0   37.0
 21 1864.589335 2.702E-27 7.944E-03.05840.066 2720.05720.68-.002419       1 2 2 02       0 1 1 01                    P 72f     565553343810 9 711   143.0  145.0
 21 1864.610275 7.572E-29 2.158E-03.06930.090 2990.80330.73-.002130       1 5 5 02       0 4 4 01                    P 28e     466663342910 9 711    55.0   57.0
 21 1864.623527 3.033E-29 3.574E-05.07060.094 2311.61270.72-.001866       3 0 0 03       1 1 1 01                    Q 24f     536663343010 9 711    49.0   49.0
 21 1864.641357 1.586E-28 2.200E-03.07090.095 2801.32800.72-.002132       2 3 3 03       1 2 2 02                    P 23f     466663342910 9 711    45.0   47.0
 21 1864.656841 1.847E-30 8.371E-04.06600.074 3680.85350.74-.002446       3 1 1 03       1 2 2 01                    R 48e     566563342910 9 711    99.0   97.0
 21 1864.659126 1.117E-29 3.025E-04.08660.118 2556.18860.69-.002141       3 1 1 04       2 0 0 03                    P  4e     466663342910 9 711     7.0    9.0
 21 1864.662401 2.980E-27 5.824E-03.06380.070 2583.91980.73-.002280       1 3 3 02       0 2 2 01                    P 56e     565553342910 9 711   111.0  113.0
 21 1864.704520 8.649E-30 1.064E-03.06990.092 3276.03580.73-.002129       1 2 2 12       0 1 1 11                    P 26e     566663342910 9 711    51.0   53.0
 21 1864.774318 5.411E-25 6.195E-04.07170.096  847.82630.71-.002097       2 0 0 03       0 1 1 01                    P 21e     566663343810 9 711    41.0   43.0
 21 1864.792352 3.362E-29 3.609E-05.07130.095 2274.83980.71-.001824       3 0 0 03       1 1 1 01                    Q 22f     536663343010 9 711    45.0   45.0
 21 1864.845075 3.007E-30 8.990E-04.07620.104 3312.08140.68-.002168       2 4 4 03       1 3 3 02                    P 13e     466663342910 9 711    25.0   27.0
 21 1864.905630 4.009E-30 7.426E-05.09500.127 2077.63670.69-.001495       3 0 0 03       1 1 1 01                    P  1e     566663342910 9 711     1.0    3.0
 21 1864.943844 2.136E-29 1.591E-05.08490.114 1944.19240.68-.000550       3 0 0 04       1 1 1 02                    R  5e     536663343010 9 711    13.0   11.0
 21 1864.946066 3.639E-29 3.641E-05.07220.097 2241.19480.71-.001780       3 0 0 03       1 1 1 01                    Q 20f     536663343010 9 711    41.0   41.0
 21 1864.978559 8.077E-29 3.085E-03.06630.077 3149.95560.74-.002198       1 1 1 12       0 0 0 11                    P 45e     566563342910 9 711    89.0   91.0
 21 1864.989622 1.897E-29 1.972E-03.06640.077 3360.51590.74-.002345       3 1 1 04       1 2 2 02                    R 44e     466563342910 9 711    91.0   89.0
 21 1865.017656 8.869E-30 1.032E-03.07020.093 3256.27860.72-.002130       1 2 2 12       0 1 1 11                    P 25f     566663342910 9 711    49.0   51.0
 21 1865.065473 6.698E-28 7.490E-03.05780.065 3008.67980.66-.002465       1 2 2 02       0 1 1 01                    P 77e     565553343810 9 711   153.0  155.0
 21 1865.084864 3.839E-29 3.670E-05.07310.099 2210.67790.70-.001734       3 0 0 03       1 1 1 01                    Q 18f     536663343010 9 711    37.0   37.0
 21 1865.133407 2.840E-27 3.077E-03.06830.087 2345.92090.74-.002136       2 2 2 03       1 1 1 02                    P 32f     566663342910 9 711    63.0   65.0
 21 1865.151309 1.195E-28 4.488E-04.07480.102 2442.04910.69-.001318       3 0 0 01       0 0 0 11                    P 15e     566663342910 9 711    29.0   31.0
 21 1865.208924 3.939E-29 3.696E-05.07420.101 2183.28970.69-.001685       3 0 0 03       1 1 1 01                    Q 16f     536663343010 9 711    33.0   33.0
 21 1865.218069 1.001E-27 3.726E-03.06690.080 2646.36960.75-.002168       1 4 4 02       0 3 3 01                    P 40f     566663342910 9 711    79.0   81.0
 21 1865.270607 1.573E-30 7.333E-04.07420.101 3447.62510.69-.002154       1 6 6 02       0 5 5 01                    P 16f     466663342910 9 711    31.0   33.0
 21 1865.318408 3.919E-29 3.720E-05.07550.103 2159.03060.68-.001633       3 0 0 03       1 1 1 01                    Q 14f     536663343010 9 711    29.0   29.0
 21 1865.336524 3.484E-27 5.610E-03.06420.071 2540.15640.73-.002272       1 3 3 02       0 2 2 01                    P 55f     565553342910 9 711   109.0  111.0
 21 1865.343506 7.594E-29 2.020E-03.06960.091 2968.80320.73-.002129       1 5 5 02       0 4 4 01                    P 27f     466663342910 9 711    53.0   55.0
 21 1865.373568 1.537E-28 2.045E-03.07130.095 2783.30940.71-.002134       2 3 3 03       1 2 2 02                    P 22e     466663342910 9 711    43.0   45.0
 21 1865.413460 3.764E-29 3.740E-05.07700.105 2137.90100.68-.001575       3 0 0 03       1 1 1 01                    Q 12f     536663343010 9 711    25.0   25.0
 21 1865.477028 6.677E-27 2.058E-04.07060.093 1570.08200.72-.001684       2 1 1 03       0 2 2 01                    R 24e     566663342910 9 711    51.0   49.0
 21 1865.483418 2.526E-27 2.993E-03.06810.086 2370.69800.74-.002139       2 2 2 03       1 1 1 02                    P 33e     566663342910 9 711    65.0   67.0
 21 1865.494205 3.466E-29 3.757E-05.07870.108 2119.90110.68-.001511       3 0 0 03       1 1 1 01                    Q 10f     536663343010 9 711    21.0   21.0
 21 1865.520977 6.528E-27 1.912E-04.07090.094 1551.28950.72-.001641       2 1 1 03       0 2 2 01                    R 23f     566663342910 9 711    49.0   47.0
 21 1865.524838 1.026E-29 3.482E-03.06900.088 3521.52940.74-.001880       4 0 0 05       2 1 1 03                    R 29e     466663342910 9 711    61.0   59.0
 21 1865.560751 3.027E-29 3.771E-05.08080.111 2105.03130.68-.001437       3 0 0 03       1 1 1 01                    Q  8f     536663343010 9 711    17.0   17.0
 21 1865.605107 2.499E-30 7.734E-04.07700.105 3301.87360.68-.002173       2 4 4 03       1 3 3 02                    P 12f     466663342910 9 711    23.0   25.0
 21 1865.613187 2.458E-29 3.782E-05.08340.114 2093.29160.68-.001349       3 0 0 03       1 1 1 01                    Q  6f     536663343010 9 711    13.0   13.0
 21 1865.651584 1.778E-29 3.790E-05.08660.118 2084.68250.69-.001240       3 0 0 03       1 1 1 01                    Q  4f     536663343010 9 711     9.0    9.0
 21 1865.655800 1.488E-29 1.347E-03.06220.069 3390.50410.72-.002685       2 2 2 03       0 3 3 01                    R 59e     565553342910 9 711   121.0  119.0
 21 1865.675994 1.016E-29 3.796E-05.09050.123 2079.20380.69-.001101       3 0 0 03       1 1 1 01                    Q  2f     536663343010 9 711     5.0    5.0
 21 1865.683672 5.118E-26 5.730E-03.06690.080 1925.37750.75-.002168       2 1 1 03       1 0 0 02                    P 40e     566663342910 9 711    79.0   81.0
 21 1865.797138 2.471E-30 6.987E-04.06630.076 3570.67990.74-.002371       3 1 1 03       1 2 2 01                    R 45f     566563342910 9 711    93.0   91.0
 21 1865.847531 6.519E-28 1.483E-02.05650.063 3186.95410.62-.002580       1 1 1 02       0 0 0 01                    P 90e     555543343310 9 711   179.0  181.0
 21 1865.876791 1.438E-30 9.137E-04.06580.073 3758.24030.74-.002493       3 1 1 03       1 2 2 01                    R 50e     566553342910 9 711   103.0  101.0
 21 1865.900338 1.274E-30 2.600E-04.07550.103 3263.84910.68-.001668       3 2 2 04       2 1 1 03                    Q 14f     466663342910 9 711    29.0   29.0
 21 1865.926444 1.085E-27 3.561E-03.06700.081 2615.01510.75-.002163       1 4 4 02       0 3 3 01                    P 39e     566663342910 9 711    77.0   79.0
 21 1865.930806 1.314E-30 2.653E-04.07420.101 3288.16960.69-.001721       3 2 2 04       2 1 1 03                    Q 16f     466663342910 9 711    33.0   33.0
 21 1865.957028 2.845E-29 1.940E-03.06680.079 3259.49440.75-.002264       3 1 1 04       1 2 2 02                    R 41f     466563342910 9 711    85.0   83.0
 21 1865.965776 1.317E-30 2.710E-04.07310.099 3315.62670.70-.001771       3 2 2 04       2 1 1 03                    Q 18f     466663342910 9 711    37.0   37.0
 21 1865.989812 4.250E-27 7.488E-03.05870.066 2608.55600.69-.002401       1 2 2 02       0 1 1 01                    P 70f     565553343810 9 711   139.0  141.0
 21 1865.992940 1.248E-29 1.397E-03.06170.069 3437.46950.71-.002705       2 2 2 03       0 3 3 01                    R 60f     565553342910 9 711   123.0  121.0
 21 1866.005447 1.287E-30 2.773E-04.07220.097 3346.21960.71-.001818       3 2 2 04       2 1 1 03                    Q 20f     466663342910 9 711    41.0   41.0
 21 1866.017840 4.083E-27 5.438E-03.06470.071 2497.16010.73-.002264       1 3 3 02       0 2 2 01                    P 54e     565553342910 9 711   107.0  109.0
 21 1866.029062 1.353E-30 6.347E-04.07480.102 3435.02660.69-.002159       1 6 6 02       0 5 5 01                    P 15e     466663342910 9 711    29.0   31.0
 21 1866.050041 1.230E-30 2.845E-04.07130.095 3379.94780.71-.001863       3 2 2 04       2 1 1 03                    Q 22f     466663342910 9 711    45.0   45.0
 21 1866.078680 7.557E-29 1.886E-03.06990.092 2947.58800.73-.002129       1 5 5 02       0 4 4 01                    P 26e     466663342910 9 711    51.0   53.0
 21 1866.114726 1.475E-28 1.895E-03.07170.096 2766.06710.71-.002136       2 3 3 03       1 2 2 02                    P 21f     466663342910 9 711    41.0   43.0
 21 1866.119917 8.601E-30 9.487E-04.07060.094 3236.51930.72-.002130       1 2 2 12       0 1 1 11                    P 24e     566663342910 9 711    47.0   49.0
 21 1866.125607 1.235E-30 2.564E-04.07620.104 3252.62400.68-.001639       3 2 2 04       2 1 1 03                    Q 13e     466663342910 9 711    27.0   27.0
 21 1866.154426 2.056E-30 1.766E-04.07220.096 3166.77730.71-.001507       2 0 0 13       0 1 1 11                    R 20e     966663342910 9 711    43.0   41.0
 21 1866.220999 2.396E-30 1.477E-04.09050.123 2550.71320.69-.001939       3 1 1 04       2 0 0 03                    P  2e     466663342910 9 711     3.0    5.0
 21 1866.228850 1.294E-30 2.613E-04.07480.102 3275.29930.69-.001695       3 2 2 04       2 1 1 03                    Q 15e     466663342910 9 711    31.0   31.0
 21 1866.251792 1.107E-27 7.135E-03.05800.065 2889.62850.67-.002446       1 2 2 02       0 1 1 01                    P 75e     565553343810 9 711   149.0  151.0
 21 1866.301594 4.888E-25 5.316E-04.07260.098  815.80320.70-.002104       2 0 0 03       0 1 1 01                    P 19e     566663343810 9 711    37.0   39.0
 21 1866.346160 1.313E-30 2.662E-04.07370.100 3301.10090.70-.001747       3 2 2 04       2 1 1 03                    Q 17e     466663342910 9 711    35.0   35.0
 21 1866.367255 2.017E-30 6.536E-04.07780.107 3292.45090.68-.002177       2 4 4 03       1 3 3 02                    P 11e     466663342910 9 711    21.0   23.0
 21 1866.413124 1.518E-29 2.140E-03.06620.075 3431.74250.74-.002397       3 1 1 04       1 2 2 02                    R 46e     466563342910 9 711    95.0   93.0
 21 1866.419039 9.984E-29 2.862E-03.06650.078 3081.13820.75-.002185       1 1 1 12       0 0 0 11                    P 43e     566563342910 9 711    85.0   87.0
 21 1866.477469 1.298E-30 2.719E-04.07260.098 3330.02830.70-.001795       3 2 2 04       2 1 1 03                    Q 19e     466663342910 9 711    39.0   39.0
 21 1866.490362 1.154E-28 4.514E-04.07620.104 2419.59810.68-.001355       3 0 0 01       0 0 0 11                    P 13e     566663342910 9 711    25.0   27.0
 21 1866.498650 8.659E-30 9.131E-04.07090.095 3218.25190.72-.002132       1 2 2 12       0 1 1 11                    P 23f     566663342910 9 711    45.0   47.0
 21 1866.537105 7.419E-29 4.447E-05.08200.111 1954.35140.68-.000722       3 0 0 04       1 1 1 02                    R  7e     536663343010 9 711    17.0   15.0
 21 1866.619325 3.028E-27 2.761E-03.06880.088 2296.60700.74-.002132       2 2 2 03       1 1 1 02                    P 30f     566663342910 9 711    59.0   61.0
 21 1866.622704 1.252E-30 2.780E-04.07170.096 3362.08090.71-.001841       3 2 2 04       2 1 1 03                    Q 21e     466663342910 9 711    43.0   43.0
 21 1866.636440 1.169E-27 3.397E-03.06720.082 2584.44300.75-.002158       1 4 4 02       0 3 3 01                    P 38f     566663342910 9 711    75.0   77.0
 21 1866.696426 4.733E-27 5.236E-03.06500.072 2454.95170.73-.002256       1 3 3 02       0 2 2 01                    P 53f     565553342910 9 711   105.0  107.0
 21 1866.789463 1.136E-30 5.409E-04.07550.103 3423.21520.68-.002164       1 6 6 02       0 5 5 01                    P 14f     466663342910 9 711    27.0   29.0
 21 1866.815800 7.462E-29 1.756E-03.07020.093 2927.15780.72-.002130       1 5 5 02       0 4 4 01                    P 25f     466663342910 9 711    49.0   51.0
 21 1866.837173 2.751E-27 2.718E-03.06850.088 2319.94220.74-.002134       2 2 2 03       1 1 1 02                    P 31e     566663342910 9 711    61.0   63.0
 21 1866.852416 1.404E-28 1.752E-03.07220.097 2749.61350.71-.002139       2 3 3 03       1 2 2 02                    P 20e     466663342910 9 711    39.0   41.0
 21 1866.969373 6.908E-27 2.402E-04.06990.091 1610.01380.73-.001765       2 1 1 03       0 2 2 01                    R 26e     566663342910 9 711    55.0   53.0
 21 1867.131519 1.570E-30 5.396E-04.07870.108 3283.81320.68-.002180       2 4 4 03       1 3 3 02                    P 10f     466663342910 9 711    19.0   21.0
 21 1867.150360 6.884E-27 2.250E-04.07020.092 1589.65660.73-.001725       2 1 1 03       0 2 2 01                    R 25f     566663342910 9 711    53.0   51.0
 21 1867.159725 5.992E-26 5.245E-03.06720.082 1863.75860.75-.002158       2 1 1 03       1 0 0 02                    P 38e     566663342910 9 711    75.0   77.0
 21 1867.205862 1.036E-29 1.441E-03.06120.068 3485.21000.71-.002724       2 2 2 03       0 3 3 01                    R 61e     565553342910 9 711   125.0  123.0
 21 1867.234599 9.978E-30 4.014E-03.06850.087 3569.19710.74-.001951       4 0 0 05       2 1 1 03                    R 31e     466663342910 9 711    65.0   63.0
 21 1867.280279 1.188E-27 1.409E-02.05670.063 3048.01980.62-.002563       1 1 1 02       0 0 0 01                    P 88e     555553343310 9 711   175.0  177.0
 21 1867.291664 1.974E-30 7.633E-04.06620.075 3643.40490.74-.002422       3 1 1 03       1 2 2 01                    R 47f     566563342910 9 711    97.0   95.0
 21 1867.348565 1.253E-27 3.239E-03.06730.083 2554.65300.74-.002154       1 4 4 02       0 3 3 01                    P 37e     566663342910 9 711    73.0   75.0
 21 1867.380417 5.494E-27 5.069E-03.06530.072 2413.51370.74-.002248       1 3 3 02       0 2 2 01                    P 52e     565553342910 9 711   103.0  105.0
 21 1867.392989 6.574E-27 7.052E-03.05910.066 2500.15240.69-.002383       1 2 2 02       0 1 1 01                    P 68f     565553343810 9 711   135.0  137.0
 21 1867.445735 1.799E-27 6.790E-03.05830.065 2773.66540.68-.002428       1 2 2 02       0 1 1 01                    P 73e     565553343810 9 711   145.0  147.0
 21 1867.488753 8.615E-30 1.493E-03.06080.068 3533.73270.71-.002743       2 2 2 03       0 3 3 01                    R 62f     565553342910 9 711   127.0  125.0
 21 1867.546728 8.303E-30 8.399E-04.07130.095 3200.09960.71-.002134       1 2 2 12       0 1 1 11                    P 22e     566663342910 9 711    43.0   45.0
 21 1867.554869 7.305E-29 1.630E-03.07060.094 2907.51260.72-.002130       1 5 5 02       0 4 4 01                    P 24e     466663342910 9 711    47.0   49.0
 21 1867.596968 1.321E-28 1.611E-03.07260.098 2733.93840.70-.002142       2 3 3 03       1 2 2 02                    P 19f     466663342910 9 711    37.0   39.0
 21 1867.691497 2.377E-29 2.143E-03.06650.077 3326.03080.74-.002319       3 1 1 04       1 2 2 02                    R 43f     466563342910 9 711    89.0   87.0
 21 1867.753446 2.432E-30 2.251E-04.07130.095 3200.09960.72-.001598       2 0 0 13       0 1 1 11                    R 22e     966663342910 9 711    47.0   45.0
 21 1867.796859 6.532E-30 2.420E-04.09050.123 2550.71320.69-.001125       3 1 1 04       2 0 0 03                    Q  2e     466663342910 9 711     5.0    5.0
 21 1867.824694 1.150E-29 2.431E-04.08660.118 2556.18860.69-.001266       3 1 1 04       2 0 0 03                    Q  4e     466663342910 9 711     9.0    9.0
 21 1867.827741 1.190E-29 2.314E-03.06600.074 3506.08980.74-.002446       3 1 1 04       1 2 2 02                    R 48e     466563342910 9 711    99.0   97.0
 21 1867.832128 4.251E-25 4.512E-04.07370.100  786.90280.70-.002113       2 0 0 03       0 1 1 01                    P 17e     566663343810 9 711    33.0   35.0
 21 1867.860805 1.071E-28 4.546E-04.07780.107 2400.24310.68-.001394       3 0 0 01       0 0 0 11                    P 11e     566663342910 9 711    21.0   23.0
 21 1867.863988 1.210E-28 2.649E-03.06680.080 3015.40590.75-.002174       1 1 1 12       0 0 0 11                    P 41e     666563342910 9 711    81.0   83.0
 21 1867.868424 1.605E-29 2.449E-04.08340.114 2564.79280.68-.001378       3 1 1 04       2 0 0 03                    Q  6e     466663342910 9 711    13.0   13.0
 21 1867.897897 1.165E-30 4.311E-04.07970.109 3275.96070.68-.002182       2 4 4 03       1 3 3 02                    P  9e     466663342910 9 711    17.0   19.0
 21 1867.928034 2.001E-29 2.472E-04.08080.111 2576.52550.68-.001468       3 1 1 04       2 0 0 03                    Q  8e     466663342910 9 711    17.0   17.0
 21 1867.985971 8.199E-30 8.021E-04.07170.096 3183.32720.71-.002136       1 2 2 12       0 1 1 11                    P 21f     566663342910 9 711    41.0   43.0
 21 1868.003506 2.328E-29 2.503E-04.07870.108 2591.38640.68-.001544       3 1 1 04       2 0 0 03                    Q 10e     466663342910 9 711    21.0   21.0
 21 1868.062396 1.335E-27 3.084E-03.06750.084 2525.64550.74-.002150       1 4 4 02       0 3 3 01                    P 36f     566663342910 9 711    71.0   73.0
 21 1868.063293 6.312E-27 4.878E-03.06560.073 2372.86140.74-.002240       1 3 3 02       0 2 2 01                    P 51f     565553342910 9 711   101.0  103.0
 21 1868.094814 2.576E-29 2.539E-04.07700.105 2609.37520.68-.001609       3 1 1 04       2 0 0 03                    Q 12e     466663342910 9 711    25.0   25.0
 21 1868.110427 3.148E-27 2.464E-03.06930.090 2250.41970.73-.002130       2 2 2 03       1 1 1 02                    P 28f     566663342910 9 711    55.0   57.0
 21 1868.138213 1.817E-28 9.422E-05.07970.108 1967.63600.68-.000875       3 0 0 04       1 1 1 02                    R  9e     566663342910 9 711    21.0   19.0
 21 1868.201927 2.743E-29 2.583E-04.07550.103 2630.49150.68-.001668       3 1 1 04       2 0 0 03                    Q 14e     466663342910 9 711    29.0   29.0
 21 1868.204797 2.922E-27 2.455E-03.06900.089 2272.30520.73-.002131       2 2 2 03       1 1 1 02                    P 29e     566663342910 9 711    57.0   59.0
 21 1868.295891 7.090E-29 1.509E-03.07090.095 2888.65250.72-.002132       1 5 5 02       0 4 4 01                    P 23f     466663342910 9 711    45.0   47.0
 21 1868.324810 2.829E-29 2.634E-04.07420.101 2654.73490.69-.001721       3 1 1 04       2 0 0 03                    Q 16e     466663342910 9 711    33.0   33.0
 21 1868.339870 1.231E-28 1.477E-03.07310.099 2719.05030.70-.002146       2 3 3 03       1 2 2 02                    P 18e     466663342910 9 711    35.0   37.0
 21 1868.383457 1.138E-30 1.997E-02.05910.066 4496.05330.69-.002383       3 1 1 03       2 0 0 02                    P 68e     465553342910 9 711   135.0  137.0
 21 1868.455285 6.929E-27 2.773E-04.06930.089 1653.07420.73-.001842       2 1 1 03       0 2 2 01                    R 28e     566663342910 9 711    59.0   57.0
 21 1868.463422 2.837E-29 2.692E-04.07310.099 2682.10480.70-.001771       3 1 1 04       2 0 0 03                    Q 18e     466663342910 9 711    37.0   37.0
 21 1868.567652 1.785E-30 1.091E-04.09500.127 2548.36650.69-.000561       3 1 1 04       2 0 0 03                    R  0e     466663342910 9 711     3.0    1.0
 21 1868.617714 2.775E-29 2.756E-04.07220.097 2712.60060.71-.001818       3 1 1 04       2 0 0 03                    Q 20e     466663342910 9 711    41.0   41.0
 21 1868.640210 6.867E-26 4.786E-03.06750.084 1805.25230.74-.002150       2 1 1 03       1 0 0 02                    P 36e     566663342910 9 711    71.0   73.0
 21 1868.647599 2.874E-27 6.453E-03.05850.066 2660.79240.68-.002410       1 2 2 02       0 1 1 01                    P 71e     565553343810 9 711   141.0  143.0
 21 1868.713049 2.130E-27 1.338E-02.05680.064 2912.15730.63-.002545       1 1 1 02       0 0 0 01                    P 86e     555553343310 9 711   171.0  173.0
 21 1868.750204 7.255E-27 4.716E-03.06580.074 2332.98210.74-.002233       1 3 3 02       0 2 2 01                    P 50e     566553342910 9 711    99.0  101.0
 21 1868.753937 7.091E-30 1.540E-03.06040.068 3583.02930.71-.002761       2 2 2 03       0 3 3 01                    R 63e     565553342910 9 711   129.0  127.0
 21 1868.778306 1.415E-27 2.935E-03.06770.084 2497.42030.74-.002146       1 4 4 02       0 3 3 01                    P 35e     566663342910 9 711    69.0   71.0
 21 1868.780378 1.546E-30 8.314E-04.06590.074 3719.24850.74-.002470       3 1 1 03       1 2 2 01                    R 49f     566563342910 9 711   101.0   99.0
 21 1868.783602 7.031E-27 2.619E-04.06960.090 1631.15270.73-.001804       2 1 1 03       0 2 2 01                    R 27f     566663342910 9 711    57.0   55.0
 21 1868.787633 2.654E-29 2.829E-04.07130.095 2746.22160.71-.001863       3 1 1 04       2 0 0 03                    Q 22e     466663342910 9 711    45.0   45.0
 21 1868.799039 9.999E-27 6.635E-03.05950.067 2394.84830.70-.002366       1 2 2 02       0 1 1 01                    P 66f     565553343810 9 711   131.0  133.0
 21 1868.950433 9.455E-30 4.595E-03.06810.085 3619.98510.74-.002020       4 0 0 05       2 1 1 03                    R 33e     466663342910 9 711    69.0   67.0
 21 1868.973119 2.485E-29 2.909E-04.07060.094 2782.96710.72-.001906       3 1 1 04       2 0 0 03                    Q 24e     466663342910 9 711    49.0   49.0
 21 1868.978479 5.843E-30 1.594E-03.06010.067 3633.10850.70-.002779       2 2 2 03       0 3 3 01                    R 64f     565553342910 9 711   131.0  129.0
 21 1868.984937 7.760E-30 7.372E-04.07220.097 3166.77730.71-.002139       1 2 2 12       0 1 1 11                    P 20e     566663342910 9 711    39.0   41.0
 21 1869.038868 6.816E-29 1.392E-03.07130.095 2870.57770.71-.002134       1 5 5 02       0 4 4 01                    P 22e     466663342910 9 711    43.0   45.0
 21 1869.088070 1.133E-28 1.348E-03.07370.100 2704.94240.70-.002150       2 3 3 03       1 2 2 02                    P 17f     466663342910 9 711    33.0   35.0
 21 1869.174106 2.281E-29 2.997E-04.06990.092 2822.83620.73-.001948       3 1 1 04       2 0 0 03                    Q 26e     466663342910 9 711    53.0   53.0
 21 1869.233202 9.152E-30 2.497E-03.06580.073 3583.55630.74-.002493       3 1 1 04       1 2 2 02                    R 50e     466553342910 9 711   103.0  101.0
 21 1869.262480 9.475E-29 4.598E-04.07970.109 2383.98440.68-.001434       3 0 0 01       0 0 0 11                    P  9e     566663342910 9 711    17.0   19.0
 21 1869.313476 1.439E-28 2.447E-03.06700.081 2952.75970.75-.002163       1 1 1 12       0 0 0 11                    P 39e     666663342910 9 711    77.0   79.0
 21 1869.355784 2.745E-30 2.800E-04.07060.093 3236.51930.72-.001684       2 0 0 13       0 1 1 11                    R 24e     966663342910 9 711    51.0   49.0
 21 1869.366046 3.544E-25 3.782E-04.07480.102  761.12550.69-.002123       2 0 0 03       0 1 1 01                    P 15e     566663343810 9 711    29.0   31.0
 21 1869.390523 2.054E-29 3.093E-04.06930.090 2865.82810.73-.001988       3 1 1 04       2 0 0 03                    Q 28e     466663342910 9 711    57.0   57.0
 21 1869.430609 1.946E-29 2.360E-03.06630.076 3395.68880.74-.002371       3 1 1 04       1 2 2 02                    R 45f     466563342910 9 711    93.0   91.0
 21 1869.437232 8.261E-27 4.535E-03.06590.074 2293.88690.74-.002225       1 3 3 02       0 2 2 01                    P 49f     566563342910 9 711    97.0   99.0
 21 1869.479646 7.507E-30 6.983E-04.07260.098 3151.50500.70-.002142       1 2 2 12       0 1 1 11                    P 19f     566663342910 9 711    37.0   39.0
 21 1869.495992 1.491E-27 2.789E-03.06790.085 2469.97800.74-.002142       1 4 4 02       0 3 3 01                    P 34f     566663342910 9 711    67.0   69.0
 21 1869.586202 3.023E-27 2.203E-03.06960.091 2227.78800.73-.002129       2 2 2 03       1 1 1 02                    P 27e     566663342910 9 711    53.0   55.0
 21 1869.606748 3.186E-27 2.185E-03.06990.092 2207.35980.73-.002129       2 2 2 03       1 1 1 02                    P 26f     566663342910 9 711    51.0   53.0
 21 1869.622288 1.816E-29 3.198E-04.06880.088 2911.94190.74-.002027       3 1 1 04       2 0 0 03                    Q 30e     466663342910 9 711    61.0   61.0
 21 1869.747025 3.298E-28 1.558E-04.07780.105 1984.04590.68-.001012       3 0 0 04       1 1 1 02                    R 11e     566663342910 9 711    25.0   23.0
 21 1869.783804 6.488E-29 1.278E-03.07170.096 2853.28810.71-.002136       1 5 5 02       0 4 4 01                    P 21f     466663342910 9 711    41.0   43.0
 21 1869.835961 1.031E-28 1.225E-03.07420.101 2691.62030.69-.002154       2 3 3 03       1 2 2 02                    P 16e     466663342910 9 711    31.0   33.0
 21 1869.857656 4.518E-27 6.131E-03.05890.066 2551.01130.69-.002392       1 2 2 02       0 1 1 01                    P 69e     565553343810 9 711   137.0  139.0
 21 1869.869317 1.577E-29 3.312E-04.06830.087 2961.17650.74-.002066       3 1 1 04       2 0 0 03                    Q 32e     466663342910 9 711    65.0   65.0
 21 1869.881079 1.736E-30 1.889E-02.05950.067 4391.19430.70-.002366       3 1 1 03       2 0 0 02                    P 66e     465553342910 9 711   131.0  133.0
 21 1869.934603 6.751E-27 3.172E-04.06880.088 1699.26250.74-.001916       2 1 1 03       0 2 2 01                    R 30e     566663342910 9 711    63.0   61.0
 21 1870.053506 1.209E-30 8.482E-03.06080.068 4287.91220.71-.002331       2 3 3 02       1 2 2 01                    P 62e     565553342910 9 711   123.0  125.0
 21 1870.125144 7.701E-26 4.352E-03.06790.085 1749.86000.74-.002142       2 1 1 03       1 0 0 02                    P 34e     566663342910 9 711    67.0   69.0
 21 1870.127271 9.403E-27 4.378E-03.06600.075 2255.56680.74-.002218       1 3 3 02       0 2 2 01                    P 48e     566563342910 9 711    95.0   97.0
 21 1870.130493 1.005E-30 2.666E-05.09050.120 2550.71340.70-.000315       3 1 1 04       2 0 0 03                    R  2e     336663243010 9 711     7.0    5.0
 21 1870.131515 1.345E-29 3.433E-04.06790.085 3013.53080.74-.002103       3 1 1 04       2 0 0 03                    Q 34e     466663342910 9 711    69.0   69.0
 21 1870.146035 3.758E-27 1.270E-02.05700.064 2779.36870.64-.002527       1 1 1 02       0 0 0 01                    P 84e     555553343310 9 711   167.0  169.0
 21 1870.208132 1.495E-26 6.236E-03.06010.068 2292.64530.71-.002348       1 2 2 02       0 1 1 01                    P 64f     565553343810 9 711   127.0  129.0
 21 1870.215721 1.562E-27 2.648E-03.06810.086 2443.31820.74-.002139       1 4 4 02       0 3 3 01                    P 33e     566663342910 9 711    65.0   67.0
 21 1870.262968 1.188E-30 9.035E-04.06560.072 3798.20940.74-.002516       3 1 1 03       1 2 2 01                    R 51f     465553342910 9 711   105.0  103.0
 21 1870.299787 4.767E-30 1.643E-03.05980.067 3683.96020.70-.002797       2 2 2 03       0 3 3 01                    R 65e     565553342910 9 711   133.0  131.0
 21 1870.408782 1.128E-29 3.565E-04.06750.084 3069.00370.74-.002140       3 1 1 04       2 0 0 03                    Q 36e     466663342910 9 711    73.0   73.0
 21 1870.420478 6.970E-27 3.019E-04.06900.088 1675.77720.74-.001880       2 1 1 03       0 2 2 01                    R 29f     566663342910 9 711    61.0   59.0
 21 1870.434516 6.997E-30 6.404E-04.07310.099 3136.55310.70-.002146       1 2 2 12       0 1 1 11                    P 18e     566663342910 9 711    35.0   37.0
 21 1870.461812 3.895E-30 1.700E-03.05950.067 3735.59510.70-.002814       2 2 2 03       0 3 3 01                    R 66f     565553342910 9 711   135.0  133.0
 21 1870.527695 1.459E-30 8.236E-03.06120.069 4239.73010.71-.002322       2 3 3 02       1 2 2 01                    P 61f     565553342910 9 711   121.0  123.0
 21 1870.530700 6.111E-29 1.169E-03.07220.097 2836.78400.71-.002139       1 5 5 02       0 4 4 01                    P 20e     466663342910 9 711    39.0   41.0
 21 1870.588015 9.242E-29 1.105E-03.07480.102 2679.07960.69-.002159       2 3 3 03       1 2 2 02                    P 15f     466663342910 9 711    29.0   31.0
 21 1870.629238 6.901E-30 2.685E-03.06530.072 3664.14070.73-.002539       3 1 1 04       1 2 2 02                    R 52e     465553342910 9 711   107.0  105.0
 21 1870.671818 8.739E-30 5.226E-03.06770.084 3673.89260.74-.002085       4 0 0 05       2 1 1 03                    R 35e     466663342910 9 711    73.0   71.0
 21 1870.695249 7.850E-29 4.680E-04.08200.112 2370.82230.68-.001474       3 0 0 01       0 0 0 11                    P  7e     566663342910 9 711    13.0   15.0
 21 1870.701008 9.305E-30 3.707E-04.06720.082 3127.59400.75-.002176       3 1 1 04       2 0 0 03                    Q 38e     466663342910 9 711    77.0   77.0
 21 1870.767571 1.676E-28 2.254E-03.06730.083 2893.20070.74-.002154       1 1 1 12       0 0 0 11                    P 37e     666663342910 9 711    73.0   75.0
 21 1870.778403 1.352E-30 7.759E-03.06620.076 4184.42860.74-.002204       3 2 2 03       2 1 1 02                    P 46f     566563342910 9 711    91.0   93.0
 21 1870.818344 1.061E-26 4.208E-03.06620.075 2218.02950.74-.002211       1 3 3 02       0 2 2 01                    P 47f     566563342910 9 711    93.0   95.0
 21 1870.903458 2.814E-25 3.125E-04.07620.104  738.47170.68-.002134       2 0 0 03       0 1 1 01                    P 13e     566663343810 9 711    25.0   27.0
 21 1870.937279 1.626E-27 2.510E-03.06830.087 2417.44150.74-.002136       1 4 4 02       0 3 3 01                    P 32f     566663342910 9 711    63.0   65.0
 21 1870.961200 2.975E-30 3.415E-04.06990.091 3276.03580.73-.001765       2 0 0 13       0 1 1 11                    R 26e     966663342910 9 711    55.0   53.0
 21 1870.979680 6.619E-30 6.013E-04.07370.100 3122.78580.70-.002150       1 2 2 12       0 1 1 11                    P 17f     566663342910 9 711    33.0   35.0
 21 1870.981300 3.040E-27 1.962E-03.07020.093 2186.39130.72-.002130       2 2 2 03       1 1 1 02                    P 25e     566663342910 9 711    49.0   51.0
 21 1871.008077 7.547E-30 3.860E-04.06690.080 3189.30040.75-.002211       3 1 1 04       2 0 0 03                    Q 40e     466663342910 9 711    81.0   81.0
 21 1871.076163 6.984E-27 5.820E-03.05930.067 2444.32390.70-.002375       1 2 2 02       0 1 1 01                    P 67e     565553343810 9 711   133.0  135.0
 21 1871.108321 3.135E-27 1.924E-03.07060.094 2167.42810.72-.002130       2 2 2 03       1 1 1 02                    P 24f     566663342910 9 711    47.0   49.0
 21 1871.173976 1.561E-29 2.590E-03.06620.075 3468.46730.74-.002422       3 1 1 04       1 2 2 02                    R 47f     466563342910 9 711    97.0   95.0
 21 1871.279558 5.689E-29 1.064E-03.07260.098 2821.06520.70-.002142       1 5 5 02       0 4 4 01                    P 19f     466663342910 9 711    37.0   39.0
 21 1871.329864 6.020E-30 4.022E-04.06660.079 3254.12150.75-.002245       3 1 1 04       2 0 0 03                    Q 42e     466563342910 9 711    85.0   85.0
 21 1871.340716 8.161E-29 9.906E-04.07550.103 2667.32400.68-.002164       2 3 3 03       1 2 2 02                    P 14e     466663342910 9 711    27.0   29.0
 21 1871.363376 5.208E-28 2.337E-04.07620.103 2003.58080.68-.001137       3 0 0 04       1 1 1 02                    R 13e     566663342910 9 711    29.0   27.0
 21 1871.377832 2.604E-30 1.785E-02.06010.068 4289.42450.71-.002348       3 1 1 03       2 0 0 02                    P 64e     465553342910 9 711   127.0  129.0
 21 1871.407161 6.400E-27 3.599E-04.06830.086 1748.57800.74-.001986       2 1 1 03       0 2 2 01                    R 32e     566663342910 9 711    67.0   65.0
 21 1871.453682 1.753E-30 7.982E-03.06170.069 4191.86170.72-.002313       2 3 3 02       1 2 2 01                    P 60e     565553342910 9 711   119.0  121.0
 21 1871.511687 1.195E-26 4.054E-03.06620.076 2181.26900.74-.002204       1 3 3 02       0 2 2 01                    P 46e     566563342910 9 711    91.0   93.0
 21 1871.579425 6.525E-27 1.204E-02.05720.064 2649.65610.65-.002510       1 1 1 02       0 0 0 01                    P 82e     555553343310 9 711   163.0  165.0
 21 1871.614544 8.443E-26 3.942E-03.06830.087 1697.58250.74-.002136       2 1 1 03       1 0 0 02                    P 32e     566663342910 9 711    63.0   65.0
 21 1871.620431 2.198E-26 5.856E-03.06080.068 2193.54520.71-.002331       1 2 2 02       0 1 1 01                    P 62f     565553343810 9 711   123.0  125.0
 21 1871.660856 1.682E-27 2.375E-03.06850.088 2392.34760.74-.002134       1 4 4 02       0 3 3 01                    P 31e     566663342910 9 711    61.0   63.0
 21 1871.666237 4.724E-30 4.195E-04.06640.077 3322.05600.74-.002279       3 1 1 04       2 0 0 03                    Q 44e     466563342910 9 711    89.0   89.0
 21 1871.742012 1.204E-30 9.920E-03.05790.065 4362.80480.67-.002456       2 2 2 02       1 1 1 01                    P 76f     565553342910 9 711   151.0  153.0
 21 1871.843148 3.150E-30 1.750E-03.05930.066 3788.00100.69-.002832       2 2 2 03       0 3 3 01                    R 67e     465553342910 9 711   137.0  135.0
 21 1871.873628 2.367E-30 2.879E-06.08200.111 2098.71840.68-.000722       3 0 0 03       1 1 1 01                    R  7e     536663343010 9 711    17.0   15.0
 21 1871.895417 6.059E-30 5.497E-04.07420.101 3109.42740.69-.002154       1 2 2 12       0 1 1 11                    P 16e     566663342910 9 711    31.0   33.0
 21 1871.938442 2.552E-30 1.810E-03.05910.066 3841.19070.69-.002848       2 2 2 03       0 3 3 01                    R 68f     565553342910 9 711   139.0  137.0
 21 1871.960605 2.097E-30 7.745E-03.06220.069 4145.20170.72-.002305       2 3 3 02       1 2 2 01                    P 59f     565553342910 9 711   117.0  119.0
 21 1872.015579 5.105E-30 2.880E-03.06470.071 3747.84150.73-.002583       3 1 1 04       1 2 2 02                    R 54e     465553342910 9 711   111.0  109.0
 21 1872.017054 3.648E-30 4.380E-04.06620.076 3393.10240.74-.002312       3 1 1 04       2 0 0 03                    Q 46e     466563342910 9 711    93.0   93.0
 21 1872.030381 5.229E-29 9.621E-04.07310.099 2806.13200.70-.002146       1 5 5 02       0 4 4 01                    P 18e     466663342910 9 711    35.0   37.0
 21 1872.060752 6.721E-27 3.452E-04.06850.087 1723.52920.74-.001951       2 1 1 03       0 2 2 01                    R 31f     566663342910 9 711    65.0   63.0
 21 1872.096787 7.082E-29 8.809E-04.07620.104 2656.35070.68-.002168       2 3 3 03       1 2 2 02                    P 13f     466663342910 9 711    25.0   27.0
 21 1872.159001 5.884E-29 4.832E-04.08490.116 2360.75690.69-.001507       3 0 0 01       0 0 0 11                    P  5e     566663342910 9 711     9.0   11.0
 21 1872.206724 1.336E-26 3.893E-03.06630.077 2145.29050.74-.002198       1 3 3 02       0 2 2 01                    P 45f     566563342910 9 711    89.0   91.0
 21 1872.226343 1.912E-28 2.071E-03.06770.084 2836.72980.74-.002146       1 1 1 12       0 0 0 11                    P 35e     666663342910 9 711    69.0   71.0
 21 1872.290941 1.691E-30 7.196E-03.06640.077 4113.33880.74-.002191       3 2 2 03       2 1 1 02                    P 44f     566563342910 9 711    87.0   89.0
 21 1872.303354 1.062E-26 5.522E-03.05980.067 2340.73210.70-.002357       1 2 2 02       0 1 1 01                    P 65e     565553343810 9 711   129.0  131.0
 21 1872.382164 2.771E-30 4.576E-04.06600.075 3467.25910.74-.002345       3 1 1 04       2 0 0 03                    Q 48e     466563342910 9 711    97.0   97.0
 21 1872.386304 1.729E-27 2.245E-03.06880.088 2368.03680.74-.002132       1 4 4 02       0 3 3 01                    P 30f     566663342910 9 711    59.0   61.0
 21 1872.390000 2.967E-27 1.734E-03.07090.095 2148.11590.72-.002132       2 2 2 03       1 1 1 02                    P 23e     566663342910 9 711    45.0   47.0
 21 1872.398210 7.888E-30 5.912E-03.06730.082 3730.91830.75-.002147       4 0 0 05       2 1 1 03                    R 37e     466663342910 9 711    77.0   75.0
 21 1872.444457 2.108E-25 2.539E-04.07780.107  718.94190.68-.002143       2 0 0 03       0 1 1 01                    P 11e     566663343810 9 711    21.0   23.0
 21 1872.486058 5.590E-30 5.111E-04.07480.102 3097.17010.69-.002159       1 2 2 12       0 1 1 11                    P 15f     566663342910 9 711    29.0   31.0
 21 1872.569439 3.108E-30 4.099E-04.06930.089 3318.64860.73-.001842       2 0 0 13       0 1 1 11                    R 28e     966663342910 9 711    59.0   57.0
 21 1872.615174 2.992E-27 1.681E-03.07130.095 2130.62550.71-.002134       2 2 2 03       1 1 1 02                    P 22f     566663342910 9 711    43.0   45.0
 21 1872.761408 2.072E-30 4.786E-04.06580.074 3544.52450.74-.002376       3 1 1 04       2 0 0 03                    Q 50e     466553342910 9 711   101.0  101.0
 21 1872.783169 4.741E-29 8.644E-04.07370.100 2791.98440.70-.002150       1 5 5 02       0 4 4 01                    P 17f     466663342910 9 711    33.0   35.0
 21 1872.854155 6.025E-29 7.758E-04.07700.105 2646.16180.68-.002173       2 3 3 03       1 2 2 02                    P 12e     466663342910 9 711    23.0   25.0
 21 1872.859806 2.498E-30 7.502E-03.06270.070 4098.91770.72-.002296       2 3 3 02       1 2 2 01                    P 58e     565553342910 9 711   115.0  117.0
 21 1872.872786 5.914E-27 4.056E-04.06790.084 1801.01980.74-.002053       2 1 1 03       0 2 2 01                    R 34e     566663342910 9 711    71.0   69.0
 21 1872.873997 3.840E-30 1.685E-02.06080.068 4190.74540.71-.002331       3 1 1 03       2 0 0 02                    P 62e     465553342910 9 711   123.0  125.0
 21 1872.903516 1.491E-26 3.749E-03.06640.077 2110.09010.74-.002191       1 3 3 02       0 2 2 01                    P 44e     566563342910 9 711    87.0   89.0
 21 1872.921199 1.229E-29 2.837E-03.06590.074 3544.36470.74-.002470       3 1 1 04       1 2 2 02                    R 49f     466563342910 9 711   101.0   99.0
 21 1872.987077 7.442E-28 3.282E-04.07480.101 2026.24040.69-.001252       3 0 0 04       1 1 1 02                    R 15e     566663342910 9 711    33.0   31.0
 21 1873.013402 1.115E-26 1.142E-02.05750.064 2523.02190.65-.002492       1 1 1 02       0 0 0 01                    P 80e     555553343310 9 711   159.0  161.0
 21 1873.036095 3.174E-26 5.490E-03.06170.069 2097.54970.72-.002313       1 2 2 02       0 1 1 01                    P 60f     565553343810 9 711   119.0  121.0
 21 1873.108422 9.042E-26 3.555E-03.06880.088 1648.42100.74-.002132       2 1 1 03       1 0 0 02                    P 30e     566663342910 9 711    59.0   61.0
 21 1873.113754 1.765E-27 2.117E-03.06900.089 2344.50930.73-.002131       1 4 4 02       0 3 3 01                    P 29e     566663342910 9 711    57.0   59.0
 21 1873.154618 1.524E-30 5.007E-04.06530.072 3624.89710.74-.002408       3 1 1 04       2 0 0 03                    Q 52e     465553342910 9 711   105.0  105.0
 21 1873.323479 1.967E-30 9.407E-03.05810.065 4245.03750.67-.002437       2 2 2 02       1 1 1 01                    P 74f     565553342910 9 711   147.0  149.0
 21 1873.367574 5.005E-30 4.646E-04.07550.103 3085.40070.68-.002164       1 2 2 12       0 1 1 11                    P 14e     566663342910 9 711    27.0   29.0
 21 1873.383734 2.046E-30 1.862E-03.05890.066 3895.14980.69-.002865       2 2 2 03       0 3 3 01                    R 69e     465553342910 9 711   141.0  139.0
 21 1873.391961 3.706E-30 3.083E-03.06380.070 3834.65720.72-.002625       3 1 1 04       1 2 2 02                    R 56e     465553342910 9 711   115.0  113.0
 21 1873.396250 2.961E-30 7.272E-03.06320.070 4053.78400.72-.002288       2 3 3 02       1 2 2 01                    P 57f     565553342910 9 711   113.0  115.0
 21 1873.403634 9.603E-30 1.010E-05.07970.108 2111.99170.68-.000875       3 0 0 03       1 1 1 01                    R  9e     536663343010 9 711    21.0   19.0
 21 1873.408052 1.643E-30 1.924E-03.05870.066 3949.89350.68-.002881       2 2 2 03       0 3 3 01                    R 70f     465553342910 9 711   143.0  141.0
 21 1873.537923 4.232E-29 7.703E-04.07420.101 2778.62240.69-.002154       1 5 5 02       0 4 4 01                    P 16e     466663342910 9 711    31.0   33.0
 21 1873.539448 1.586E-26 5.228E-03.06040.068 2240.23760.71-.002339       1 2 2 02       0 1 1 01                    P 63e     565553343810 9 711   125.0  127.0
 21 1873.602461 1.650E-26 3.595E-03.06650.078 2075.67110.75-.002185       1 3 3 02       0 2 2 01                    P 43f     566563342910 9 711    85.0   87.0
 21 1873.614365 5.006E-29 6.750E-04.07780.107 2636.75590.68-.002177       2 3 3 03       1 2 2 02                    P 11f     466663342910 9 711    21.0   23.0
 21 1873.653646 3.650E-29 5.225E-04.08850.120 2353.78850.70-.001490       3 0 0 01       0 0 0 11                    P  3e     566663342910 9 711     5.0    7.0
 21 1873.689855 2.134E-28 1.896E-03.06810.086 2783.34800.74-.002139       1 1 1 12       0 0 0 11                    P 33e     666663342910 9 711    65.0   67.0
 21 1873.704170 6.312E-27 3.917E-04.06810.085 1774.40790.74-.002020       2 1 1 03       0 2 2 01                    R 33f     566663342910 9 711    69.0   67.0
 21 1873.804982 2.075E-30 6.662E-03.06660.079 4045.36540.75-.002179       3 2 2 03       2 1 1 02                    P 42f     566563342910 9 711    83.0   85.0
 21 1873.812216 2.803E-27 1.518E-03.07170.096 2112.96250.71-.002136       2 2 2 03       1 1 1 02                    P 21e     566663342910 9 711    41.0   43.0
 21 1873.843108 1.791E-27 1.995E-03.06930.090 2321.76500.73-.002130       1 4 4 02       0 3 3 01                    P 28f     566663342910 9 711    55.0   57.0
 21 1873.937781 1.426E-30 6.970E-03.06630.077 4146.14010.74-.002198       3 2 2 03       2 1 1 02                    P 45e     566563342910 9 711    89.0   91.0
 21 1873.989120 1.471E-25 2.024E-04.07970.109  702.53630.68-.002150       2 0 0 03       0 1 1 01                    P  9e     566663343810 9 711    17.0   19.0
 21 1873.998737 4.484E-30 4.269E-04.07620.104 3074.65840.68-.002168       1 2 2 12       0 1 1 11                    P 13f     566663342910 9 711    25.0   27.0
 21 1874.127331 2.761E-27 1.455E-03.07220.097 2096.95250.71-.002139       2 2 2 03       1 1 1 02                    P 20f     566663342910 9 711    39.0   41.0
 21 1874.129057 6.958E-30 6.653E-03.06700.080 3791.06120.75-.002207       4 0 0 05       2 1 1 03                    R 39e     466663342910 9 711    81.0   79.0
 21 1874.180231 3.141E-30 4.853E-04.06880.088 3364.35680.74-.001916       2 0 0 13       0 1 1 11                    R 30e     966663342910 9 711    63.0   61.0
 21 1874.190944 1.199E-30 4.324E-03.06700.081 4053.73800.75-.002163       2 4 4 02       1 3 3 01                    P 39e     466663342910 9 711    77.0   79.0
 21 1874.271824 3.496E-30 7.040E-03.06380.070 4009.08190.73-.002280       2 3 3 02       1 2 2 01                    P 56e     565553342910 9 711   111.0  113.0
 21 1874.294646 3.711E-29 6.798E-04.07480.102 2766.04610.69-.002159       1 5 5 02       0 4 4 01                    P 15f     466663342910 9 711    29.0   31.0
 21 1874.302823 1.822E-26 3.454E-03.06660.079 2042.03130.75-.002179       1 3 3 02       0 2 2 01                    P 42e     566563342910 9 711    83.0   85.0
 21 1874.331297 5.332E-27 4.542E-04.06750.083 1856.58700.74-.002117       2 1 1 03       0 2 2 01                    R 36e     566663342910 9 711    75.0   73.0
 21 1874.369845 5.566E-30 1.589E-02.06170.069 4095.15860.72-.002313       3 1 1 03       2 0 0 02                    P 60e     565553342910 9 711   119.0  121.0
 21 1874.376292 4.045E-29 5.786E-04.07870.108 2628.13420.68-.002180       2 3 3 03       1 2 2 02                    P 10e     466663342910 9 711    19.0   21.0
 21 1874.448151 1.874E-26 1.081E-02.05770.065 2399.46790.66-.002474       1 1 1 02       0 0 0 01                    P 78e     655553343310 9 711   155.0  157.0
 21 1874.455279 4.507E-26 5.144E-03.06270.070 2004.66030.72-.002296       1 2 2 02       0 1 1 01                    P 58f     565553343810 9 711   115.0  117.0
 21 1874.574453 1.803E-27 1.875E-03.06960.091 2299.80410.73-.002129       1 4 4 02       0 3 3 01                    P 27e     566663342910 9 711    53.0   55.0
 21 1874.606789 9.449E-26 3.191E-03.06930.090 1602.37630.73-.002130       2 1 1 03       1 0 0 02                    P 28e     566663342910 9 711    55.0   57.0
 21 1874.617918 9.847E-28 4.398E-04.07370.099 2052.02410.70-.001359       3 0 0 04       1 1 1 02                    R 17e     566663342910 9 711    37.0   35.0
 21 1874.671861 9.486E-30 3.099E-03.06560.072 3623.37980.74-.002516       3 1 1 04       1 2 2 02                    R 51f     465553342910 9 711   105.0  103.0
 21 1874.758122 2.641E-30 3.291E-03.06270.069 3924.58610.72-.002666       3 1 1 04       1 2 2 02                    R 58e     465553342910 9 711   119.0  117.0
 21 1874.784646 2.327E-26 4.943E-03.06120.069 2142.84200.71-.002322       1 2 2 02       0 1 1 01                    P 61e     565553343810 9 711   121.0  123.0
 21 1874.834836 4.108E-30 6.819E-03.06420.071 3965.47850.73-.002272       2 3 3 02       1 2 2 01                    P 55f     565553342910 9 711   109.0  111.0
 21 1874.847111 4.213E-30 4.691E-05.08080.109 2576.52550.68-.000832       3 1 1 04       2 0 0 03                    R  8e     436663343010 9 711    19.0   17.0
 21 1874.850897 3.903E-30 3.848E-04.07700.105 3064.47340.68-.002173       1 2 2 12       0 1 1 11                    P 12e     566663342910 9 711    23.0   25.0
 21 1874.870328 1.040E-30 2.044E-03.05840.065 4061.70160.68-.002913       2 2 2 03       0 3 3 01                    R 72f     465553342910 9 711   147.0  145.0
 21 1874.901877 3.161E-30 8.915E-03.05840.066 4130.36870.68-.002419       2 2 2 02       1 1 1 01                    P 72f     565553342910 9 711   143.0  145.0
 21 1874.921231 1.306E-30 1.979E-03.05850.066 4005.40470.68-.002898       2 2 2 03       0 3 3 01                    R 71e     465553342910 9 711   145.0  143.0
 21 1874.922648 1.296E-30 4.139E-03.06720.082 4023.17820.75-.002158       2 4 4 02       1 3 3 01                    P 38f     466663342910 9 711    75.0   77.0
 21 1874.926739 3.279E-29 3.143E-05.07780.105 2128.38770.68-.001012       3 0 0 03       1 1 1 01                    R 11e     566663342910 9 711    25.0   23.0
 21 1874.948600 1.193E-30 4.725E-04.08200.112 3262.61110.68-.001425       2 4 4 03       1 3 3 02                    Q  7e     466663342910 9 711    15.0   15.0
 21 1874.965294 1.395E-30 5.026E-04.08080.111 3268.89330.68-.001468       2 4 4 03       1 3 3 02                    Q  8f     466663342910 9 711    17.0   17.0
 21 1874.984069 1.571E-30 5.241E-04.07970.109 3275.96070.68-.001507       2 4 4 03       1 3 3 02                    Q  9e     466663342910 9 711    19.0   19.0
 21 1875.004922 1.724E-30 5.407E-04.07870.108 3283.81320.68-.001544       2 4 4 03       1 3 3 02                    Q 10f     466663342910 9 711    21.0   21.0
 21 1875.005635 1.996E-26 3.308E-03.06680.080 2009.17250.75-.002174       1 3 3 02       0 2 2 01                    P 41f     566563342910 9 711    81.0   83.0
 21 1875.027852 1.855E-30 5.540E-04.07780.107 3292.45090.68-.001578       2 4 4 03       1 3 3 02                    Q 11e     466663342910 9 711    23.0   23.0
 21 1875.052853 1.963E-30 5.646E-04.07700.105 3301.87360.68-.001609       2 4 4 03       1 3 3 02                    Q 12f     466663342910 9 711    25.0   25.0
 21 1875.053336 3.189E-29 5.930E-04.07550.103 2754.25560.68-.002164       1 5 5 02       0 4 4 01                    P 14e     466663342910 9 711    27.0   29.0
 21 1875.079927 2.051E-30 5.740E-04.07620.104 3312.08140.68-.001639       2 4 4 03       1 3 3 02                    Q 13e     466663342910 9 711    27.0   27.0
 21 1875.109065 2.118E-30 5.822E-04.07550.103 3323.07420.68-.001668       2 4 4 03       1 3 3 02                    Q 14f     466663342910 9 711    29.0   29.0
 21 1875.140270 2.165E-30 5.895E-04.07480.102 3334.85190.69-.001695       2 4 4 03       1 3 3 02                    Q 15e     466663342910 9 711    31.0   31.0
 21 1875.140731 3.155E-29 4.859E-04.07970.109 2620.29580.68-.002182       2 3 3 03       1 2 2 02                    P  9f     466663342910 9 711    17.0   19.0
 21 1875.158171 2.331E-28 1.731E-03.06850.088 2733.05620.74-.002134       1 1 1 12       0 0 0 11                    P 31e     666663342910 9 711    61.0   63.0
 21 1875.173531 2.194E-30 5.966E-04.07420.101 3347.41450.69-.001721       2 4 4 03       1 3 3 02                    Q 16f     466663342910 9 711    33.0   33.0
 21 1875.179119 1.239E-29 8.716E-04.09500.127 2349.91710.69-.001001       3 0 0 01       0 0 0 11                    P  1e     566663342910 9 711     1.0    3.0
 21 1875.208853 2.204E-30 6.030E-04.07370.100 3360.76190.70-.001747       2 4 4 03       1 3 3 02                    Q 17e     466663342910 9 711    35.0   35.0
 21 1875.241542 1.776E-30 6.498E-03.06650.078 4076.81060.75-.002185       3 2 2 03       2 1 1 02                    P 43e     566563342910 9 711    85.0   87.0
 21 1875.246220 2.198E-30 6.093E-04.07310.099 3374.89410.70-.001771       2 4 4 03       1 3 3 02                    Q 18f     466663342910 9 711    37.0   37.0
 21 1875.247862 2.555E-27 1.314E-03.07260.098 2080.93170.70-.002142       2 2 2 03       1 1 1 02                    P 19e     566663342910 9 711    37.0   39.0
 21 1875.285645 2.177E-30 6.156E-04.07260.098 3389.81090.70-.001795       2 4 4 03       1 3 3 02                    Q 19e     466663342910 9 711    39.0   39.0
 21 1875.307727 1.803E-27 1.759E-03.06990.092 2278.62670.73-.002129       1 4 4 02       0 3 3 01                    P 26f     566663342910 9 711    51.0   53.0
 21 1875.320654 2.495E-30 6.151E-03.06690.080 3980.50950.75-.002168       3 2 2 03       2 1 1 02                    P 40f     566663342910 9 711    79.0   81.0
 21 1875.327098 2.141E-30 6.216E-04.07220.097 3405.51240.71-.001818       2 4 4 03       1 3 3 02                    Q 20f     466663342910 9 711    41.0   41.0
 21 1875.350469 5.783E-27 4.419E-04.06770.084 1828.41260.74-.002085       2 1 1 03       0 2 2 01                    R 35f     566663342910 9 711    73.0   71.0
 21 1875.370608 2.093E-30 6.278E-04.07170.096 3421.99850.71-.001841       2 4 4 03       1 3 3 02                    Q 21e     466663342910 9 711    43.0   43.0
 21 1875.416126 2.033E-30 6.337E-04.07130.095 3439.26910.71-.001863       2 4 4 03       1 3 3 02                    Q 22f     466663342910 9 711    45.0   45.0
 21 1875.463703 1.964E-30 6.400E-04.07090.095 3457.32400.72-.001885       2 4 4 03       1 3 3 02                    Q 23e     466663342910 9 711    47.0   47.0
 21 1875.513260 1.887E-30 6.464E-04.07060.094 3476.16330.72-.001906       2 4 4 03       1 3 3 02                    Q 24f     466663342910 9 711    49.0   49.0
 21 1875.517650 3.372E-30 3.484E-04.07780.107 3055.25100.68-.002177       1 2 2 12       0 1 1 11                    P 11f     566663342910 9 711    21.0   23.0
 21 1875.537503 9.365E-26 1.583E-04.08200.112  689.25530.68-.002151       2 0 0 03       0 1 1 01                    P  7e     566663343810 9 711    13.0   15.0
 21 1875.564886 1.803E-30 6.528E-04.07020.093 3495.78680.72-.001927       2 4 4 03       1 3 3 02                    Q 25e     466663342910 9 711    51.0   51.0
 21 1875.618455 1.714E-30 6.595E-04.06990.092 3516.19450.73-.001948       2 4 4 03       1 3 3 02                    Q 26f     466663342910 9 711    53.0   53.0
 21 1875.644810 2.455E-27 1.244E-03.07310.099 2066.41000.70-.002146       2 2 2 03       1 1 1 02                    P 18f     566663342910 9 711    35.0   37.0
 21 1875.656591 1.393E-30 3.958E-03.06730.083 3993.39940.74-.002154       2 4 4 02       1 3 3 01                    P 37e     466663342910 9 711    73.0   75.0
 21 1875.674110 1.620E-30 6.658E-04.06960.091 3537.38620.73-.001968       2 4 4 03       1 3 3 02                    Q 27e     466663342910 9 711    55.0   55.0
 21 1875.689683 4.808E-30 6.599E-03.06470.071 3922.35600.73-.002264       2 3 3 02       1 2 2 01                    P 54e     565553342910 9 711   107.0  109.0
 21 1875.709668 2.182E-26 3.175E-03.06690.080 1977.09380.75-.002168       1 3 3 02       0 2 2 01                    P 40e     566663342910 9 711    79.0   81.0
 21 1875.731658 1.525E-30 6.730E-04.06930.090 3559.36190.73-.001988       2 4 4 03       1 3 3 02                    Q 28f     466663342910 9 711    57.0   57.0
 21 1875.782509 4.695E-27 5.059E-04.06720.081 1915.27870.75-.002178       2 1 1 03       0 2 2 01                    R 38e     566663342910 9 711    79.0   77.0
 21 1875.791324 1.428E-30 6.801E-04.06900.089 3582.12130.73-.002008       2 4 4 03       1 3 3 02                    Q 29e     466663342910 9 711    59.0   59.0
 21 1875.793291 3.078E-30 5.678E-04.06830.086 3413.15970.74-.001986       2 0 0 13       0 1 1 11                    R 32e     966663342910 9 711    67.0   65.0
 21 1875.813996 2.675E-29 5.096E-04.07620.104 2743.25080.68-.002168       1 5 5 02       0 4 4 01                    P 13f     466663342910 9 711    25.0   27.0
 21 1875.852814 1.331E-30 6.875E-04.06880.088 3605.66470.74-.002027       2 4 4 03       1 3 3 02                    Q 30f     466663342910 9 711    61.0   61.0
 21 1875.863793 6.004E-30 7.454E-03.06680.079 3854.32000.75-.002264       4 0 0 05       2 1 1 03                    R 41e     466563342910 9 711    85.0   83.0
 21 1875.865632 7.929E-30 1.496E-02.06270.070 4002.66540.72-.002296       3 1 1 03       2 0 0 02                    P 58e     565553342910 9 711   115.0  117.0
 21 1875.878132 6.284E-26 4.810E-03.06380.070 1914.87870.73-.002280       1 2 2 02       0 1 1 01                    P 56f     565553343810 9 711   111.0  113.0
 21 1875.883848 3.099E-26 1.024E-02.05790.065 2278.99640.67-.002456       1 1 1 02       0 0 0 01                    P 76e     655553343310 9 711   151.0  153.0
 21 1875.907134 2.351E-29 3.969E-04.08080.111 2613.24130.68-.002183       2 3 3 03       1 2 2 02                    P  8e     466663342910 9 711    15.0   17.0
 21 1875.916471 1.234E-30 6.947E-04.06850.088 3629.99150.74-.002047       2 4 4 03       1 3 3 02                    Q 31e     466663342910 9 711    63.0   63.0
 21 1875.981864 1.140E-30 7.028E-04.06830.087 3655.10210.74-.002066       2 4 4 03       1 3 3 02                    Q 32f     466663342910 9 711    65.0   65.0
 21 1876.039129 3.358E-26 4.670E-03.06220.069 2048.54700.72-.002305       1 2 2 02       0 1 1 01                    P 59e     565553343810 9 711   117.0  119.0
 21 1876.042988 1.789E-27 1.646E-03.07020.093 2258.23290.72-.002130       1 4 4 02       0 3 3 01                    P 25e     566663342910 9 711    49.0   51.0
 21 1876.109653 9.623E-26 2.849E-03.06990.092 1559.44940.73-.002129       2 1 1 03       1 0 0 02                    P 26e     566663342910 9 711    51.0   53.0
 21 1876.113803 1.848E-30 3.508E-03.06170.069 4017.62670.71-.002705       3 1 1 04       1 2 2 02                    R 60e     465553342910 9 711   123.0  121.0
 21 1876.255666 1.224E-27 5.688E-04.07260.097 2080.93170.71-.001459       3 0 0 04       1 1 1 02                    R 19e     566663342910 9 711    41.0   39.0
 21 1876.276556 5.599E-30 6.387E-03.06500.072 3880.28650.73-.002256       2 3 3 02       1 2 2 01                    P 53f     565553342910 9 711   105.0  107.0
 21 1876.345276 2.826E-30 3.097E-04.07870.108 3046.64580.68-.002180       1 2 2 12       0 1 1 11                    P 10e     566663342910 9 711    19.0   21.0
 21 1876.391062 1.490E-30 3.784E-03.06750.084 3964.40360.74-.002150       2 4 4 02       1 3 3 01                    P 36f     466663342910 9 711    71.0   73.0
 21 1876.416323 2.366E-26 3.036E-03.06700.081 1945.79590.75-.002163       1 3 3 02       0 2 2 01                    P 39f     566663342910 9 711    77.0   79.0
 21 1876.421733 1.166E-29 1.155E-04.07870.107 2591.38640.68-.000978       3 1 1 04       2 0 0 03                    R 10e     436663343010 9 711    23.0   21.0
 21 1876.425533 7.187E-30 3.378E-03.06500.071 3705.51100.73-.002561       3 1 1 04       1 2 2 02                    R 53f     465553342910 9 711   109.0  107.0
 21 1876.442823 5.645E-29 5.136E-05.07620.103 2147.90620.68-.001137       3 0 0 03       1 1 1 01                    R 13e     566663342910 9 711    29.0   27.0
 21 1876.477409 4.996E-30 8.442E-03.05870.066 4018.80020.69-.002401       2 2 2 02       1 1 1 01                    P 70f     565553342910 9 711   139.0  141.0
 21 1876.556643 2.168E-30 6.041E-03.06680.080 4010.58890.75-.002174       3 2 2 03       2 1 1 02                    P 41e     566563342910 9 711    81.0   83.0
 21 1876.576624 2.179E-29 4.297E-04.07700.105 2733.03190.68-.002173       1 5 5 02       0 4 4 01                    P 12e     466663342910 9 711    23.0   25.0
 21 1876.631349 2.488E-28 1.574E-03.06900.089 2685.85510.73-.002131       1 1 1 12       0 0 0 11                    P 29e     666663342910 9 711    57.0   59.0
 21 1876.635731 1.445E-30 7.256E-04.07090.094 3554.61310.72-.001641       4 0 0 04       2 1 1 02                    R 23e     466663342910 9 711    49.0   47.0
 21 1876.675860 1.645E-29 3.110E-04.08200.112 2606.97050.68-.002181       2 3 3 03       1 2 2 02                    P  7f     466663342910 9 711    13.0   15.0
 21 1876.696857 2.237E-27 1.123E-03.07370.100 2052.02410.70-.002150       2 2 2 03       1 1 1 02                    P 17e     566663342910 9 711    33.0   35.0
 21 1876.780196 1.762E-27 1.538E-03.07060.094 2238.62270.72-.002130       1 4 4 02       0 3 3 01                    P 24f     566663342910 9 711    47.0   49.0
 21 1876.838078 2.940E-30 5.664E-03.06720.082 3918.77210.75-.002158       3 2 2 03       2 1 1 02                    P 38f     566663342910 9 711    75.0   77.0
 21 1876.999368 5.174E-27 4.956E-04.06730.082 1885.54220.75-.002147       2 1 1 03       0 2 2 01                    R 37f     566663342910 9 711    77.0   75.0
 21 1877.042706 2.326E-30 2.747E-04.07970.109 3038.94830.68-.002182       1 2 2 12       0 1 1 11                    P  9f     566663342910 9 711    17.0   19.0
 21 1877.089648 5.245E-26 1.221E-04.08490.116  679.09900.69-.002137       2 0 0 03       0 1 1 01                    P  5e     566663343810 9 711     9.0   11.0
 21 1877.113336 6.492E-30 6.174E-03.06530.072 3838.74160.74-.002248       2 3 3 02       1 2 2 01                    P 52e     565553342910 9 711   103.0  105.0
 21 1877.124108 2.558E-26 2.907E-03.06720.082 1915.27870.75-.002158       1 3 3 02       0 2 2 01                    P 38e     566663342910 9 711    75.0   77.0
 21 1877.127525 1.584E-30 3.611E-03.06770.084 3936.18930.74-.002146       2 4 4 02       1 3 3 01                    P 35e     466663342910 9 711    69.0   71.0
 21 1877.167624 2.093E-27 1.050E-03.07420.101 2038.99840.69-.002154       2 2 2 03       1 1 1 02                    P 16f     566663342910 9 711    31.0   33.0
 21 1877.226231 4.041E-27 5.605E-04.06690.080 1977.09380.75-.002236       2 1 1 03       0 2 2 01                    R 40e     566663342910 9 711    83.0   81.0
 21 1877.303068 4.759E-26 4.405E-03.06320.070 1957.35410.72-.002288       1 2 2 02       0 1 1 01                    P 57e     565553343810 9 711   113.0  115.0
 21 1877.304799 8.610E-26 4.493E-03.06470.071 1828.20620.73-.002264       1 2 2 02       0 1 1 01                    P 54f     565553343810 9 711   107.0  109.0
 21 1877.320670 5.043E-26 9.685E-03.05810.065 2161.60910.67-.002437       1 1 1 02       0 0 0 01                    P 74e     655553343310 9 711   147.0  149.0
 21 1877.341221 1.712E-29 3.535E-04.07780.107 2723.59890.68-.002177       1 5 5 02       0 4 4 01                    P 11f     466663342910 9 711    21.0   23.0
 21 1877.361603 1.110E-29 1.408E-02.06380.070 3913.26740.73-.002280       3 1 1 03       2 0 0 02                    P 56e     565553342910 9 711   111.0  113.0
 21 1877.408318 2.933E-30 6.582E-04.06790.084 3465.05660.74-.002053       2 0 0 13       0 1 1 11                    R 34e     966663342910 9 711    71.0   69.0
 21 1877.446681 1.046E-29 2.278E-04.08340.114 2601.48350.68-.002176       2 3 3 03       1 2 2 02                    P  6e     466663342910 9 711    11.0   13.0
 21 1877.458752 1.270E-30 3.731E-03.06080.068 4113.77710.71-.002743       3 1 1 04       1 2 2 02                    R 62e     465553342910 9 711   127.0  125.0
 21 1877.519388 1.720E-27 1.432E-03.07090.095 2219.79630.72-.002132       1 4 4 02       0 3 3 01                    P 23e     566663342910 9 711    45.0   47.0
 21 1877.525041 2.476E-29 3.492E-04.09500.123 2349.91710.690.000248       3 0 0 01       0 0 0 11                    R  1e     566663342910 9 711     5.0    3.0
 21 1877.601846 5.070E-30 8.315E-03.06650.077 3920.69360.74-.002319       4 0 0 05       2 1 1 03                    R 43e     466563342910 9 711    89.0   87.0
 21 1877.617020 9.536E-26 2.529E-03.07060.094 1519.64110.72-.002130       2 1 1 03       1 0 0 02                    P 24e     566663342910 9 711    47.0   49.0
 21 1877.679035 1.241E-30 2.399E-04.07550.102 3263.84910.69-.001232       3 2 2 04       2 1 1 03                    R 14f     466663342910 9 711    31.0   29.0
 21 1877.682373 1.564E-30 9.596E-03.05800.065 4298.11870.67-.002446       2 2 2 02       1 1 1 01                    P 75e     565553342910 9 711   149.0  151.0
 21 1877.721596 7.492E-30 5.971E-03.06560.073 3798.20940.74-.002240       2 3 3 02       1 2 2 01                    P 51f     565553342910 9 711   101.0  103.0
 21 1877.788748 1.031E-30 4.837E-04.07700.105 3401.95410.68-.001609       1 6 6 02       0 5 5 01                    Q 12f     466663342910 9 711    25.0   25.0
 21 1877.813638 1.099E-30 5.018E-04.07620.104 3412.19100.68-.001639       1 6 6 02       0 5 5 01                    Q 13e     466663342910 9 711    27.0   27.0
 21 1877.834595 2.746E-26 2.777E-03.06730.083 1885.54220.74-.002154       1 3 3 02       0 2 2 01                    P 37f     566663342910 9 711    73.0   75.0
 21 1877.840427 1.153E-30 5.172E-04.07550.103 3423.21520.68-.001668       1 6 6 02       0 5 5 01                    Q 14f     466663342910 9 711    29.0   29.0
 21 1877.850583 1.844E-30 2.387E-04.08080.111 3031.91820.68-.002183       1 2 2 12       0 1 1 11                    P  8e     566663342910 9 711    15.0   17.0
 21 1877.864754 1.675E-30 3.445E-03.06790.085 3908.75800.74-.002142       2 4 4 02       1 3 3 01                    P 34f     466663342910 9 711    67.0   69.0
 21 1877.869109 1.193E-30 5.302E-04.07480.102 3435.02660.69-.001695       1 6 6 02       0 5 5 01                    Q 15e     466663342910 9 711    31.0   31.0
 21 1877.883199 2.593E-30 5.601E-03.06700.081 3947.47620.75-.002163       3 2 2 03       2 1 1 02                    P 39e     566663342910 9 711    77.0   79.0
 21 1877.899682 1.220E-30 5.415E-04.07420.101 3447.62510.69-.001721       1 6 6 02       0 5 5 01                    Q 16f     466663342910 9 711    33.0   33.0
 21 1877.900066 1.446E-27 7.166E-04.07170.095 2112.96250.71-.001553       3 0 0 04       1 1 1 02                    R 21e     566663342910 9 711    45.0   43.0
 21 1877.932140 1.235E-30 5.516E-04.07370.100 3461.01060.70-.001747       1 6 6 02       0 5 5 01                    Q 17e     466663342910 9 711    35.0   35.0
 21 1877.951747 8.543E-29 7.638E-05.07480.101 2170.54690.69-.001252       3 0 0 03       1 1 1 01                    R 15e     566663342910 9 711    33.0   31.0
 21 1877.966480 1.239E-30 5.608E-04.07310.099 3475.18330.70-.001771       1 6 6 02       0 5 5 01                    Q 18f     466663342910 9 711    37.0   37.0
 21 1877.998194 2.303E-29 2.124E-04.07700.104 2609.37520.68-.001111       3 1 1 04       2 0 0 03                    R 12e     466663342910 9 711    27.0   25.0
 21 1878.002697 1.233E-30 5.695E-04.07260.098 3490.14280.70-.001795       1 6 6 02       0 5 5 01                    Q 19e     466663342910 9 711    39.0   39.0
 21 1878.040786 1.217E-30 5.772E-04.07220.097 3505.88930.71-.001818       1 6 6 02       0 5 5 01                    Q 20f     466663342910 9 711    41.0   41.0
 21 1878.050277 7.766E-30 7.989E-03.05910.066 3910.33370.69-.002383       2 2 2 02       1 1 1 01                    P 68f     565553342910 9 711   135.0  137.0
 21 1878.057385 1.560E-30 7.593E-05.05720.064 3323.96060.65-.002748       2 0 0 03       0 1 1 01                    Q 82f     565553343810 9 711   165.0  165.0
 21 1878.080740 1.193E-30 5.847E-04.07170.096 3522.42260.71-.001841       1 6 6 02       0 5 5 01                    Q 21e     466663342910 9 711    43.0   43.0
 21 1878.107786 1.282E-29 2.808E-04.07870.108 2714.95190.68-.002180       1 5 5 02       0 4 4 01                    P 10e     466663342910 9 711    19.0   21.0
 21 1878.109444 2.593E-28 1.426E-03.06960.091 2641.74570.73-.002129       1 1 1 12       0 0 0 11                    P 27e     666663342910 9 711    53.0   55.0
 21 1878.122555 1.162E-30 5.920E-04.07130.095 3539.74260.71-.001863       1 6 6 02       0 5 5 01                    Q 22f     466663342910 9 711    45.0   45.0
 21 1878.159121 1.871E-27 9.441E-04.07480.102 2026.24040.69-.002159       2 2 2 03       1 1 1 02                    P 15e     566663342910 9 711    29.0   31.0
 21 1878.166226 1.124E-30 5.987E-04.07090.095 3557.84930.72-.001885       1 6 6 02       0 5 5 01                    Q 23e     466663342910 9 711    47.0   47.0
 21 1878.181773 5.346E-30 3.674E-03.06420.070 3790.75680.73-.002604       3 1 1 04       1 2 2 02                    R 55f     465553342910 9 711   113.0  111.0
 21 1878.192976 1.588E-30 8.892E-04.07020.092 3592.82040.73-.001725       4 0 0 04       2 1 1 02                    R 25e     466663342910 9 711    53.0   51.0
 21 1878.211745 1.082E-30 6.060E-04.07060.094 3576.74260.72-.001906       1 6 6 02       0 5 5 01                    Q 24f     466663342910 9 711    49.0   49.0
 21 1878.219730 5.637E-30 1.468E-04.08490.116 2596.78030.69-.002165       2 3 3 03       1 2 2 02                    P  5f     466663342910 9 711     9.0   11.0
 21 1878.260541 1.665E-27 1.330E-03.07130.095 2201.75370.71-.002134       1 4 4 02       0 3 3 01                    P 22f     566663342910 9 711    43.0   45.0
 21 1878.279616 2.799E-30 7.534E-05.05750.064 3197.00030.65-.002725       2 0 0 03       0 1 1 01                    Q 80f     565553343810 9 711   161.0  161.0
 21 1878.357367 3.393E-30 5.202E-03.06750.084 3860.15430.74-.002150       3 2 2 03       2 1 1 02                    P 36f     566663342910 9 711    71.0   73.0
 21 1878.489001 4.942E-30 7.473E-05.05770.065 3073.12770.66-.002702       2 0 0 03       0 1 1 01                    Q 78f     565553343810 9 711   157.0  157.0
 21 1878.542736 8.608E-30 5.768E-03.06580.074 3758.24030.74-.002233       2 3 3 02       1 2 2 01                    P 50e     566553342910 9 711    99.0  101.0
 21 1878.546197 2.936E-26 2.654E-03.06750.084 1856.58700.74-.002150       1 3 3 02       0 2 2 01                    P 36e     566663342910 9 711    71.0   73.0
 21 1878.573794 1.409E-30 2.044E-04.08200.112 3025.75050.68-.002181       1 2 2 12       0 1 1 11                    P  7f     566663342910 9 711    13.0   15.0
 21 1878.576615 6.627E-26 4.150E-03.06420.071 1869.26490.73-.002272       1 2 2 02       0 1 1 01                    P 55e     565553343810 9 711   109.0  111.0
 21 1878.603790 1.760E-30 3.280E-03.06810.086 3882.10860.74-.002139       2 4 4 02       1 3 3 01                    P 33e     466663342910 9 711    65.0   67.0
 21 1878.645577 2.402E-26 9.740E-05.08850.120  672.06760.70-.002060       2 0 0 03       0 1 1 01                    P  3e     566663343810 9 711     5.0    7.0
 21 1878.650574 4.524E-27 5.531E-04.06700.080 1945.79590.75-.002207       2 1 1 03       0 2 2 01                    R 39f     566663342910 9 711    81.0   79.0
 21 1878.662265 3.403E-27 6.184E-04.06660.078 2042.03130.75-.002292       2 1 1 03       0 2 2 01                    R 42e     566563342910 9 711    87.0   85.0
 21 1878.686019 8.585E-30 7.407E-05.05790.065 2952.34500.67-.002679       2 0 0 03       0 1 1 01                    Q 76f     565553343810 9 711   153.0  153.0
 21 1878.695785 1.698E-27 8.707E-04.07550.103 2014.71830.68-.002164       2 2 2 03       1 1 1 02                    P 14f     566663342910 9 711    27.0   29.0
 21 1878.735419 1.158E-25 4.188E-03.06530.072 1744.64440.74-.002248       1 2 2 02       0 1 1 01                    P 52f     565553343810 9 711   103.0  105.0
 21 1878.758786 8.071E-26 9.156E-03.05840.066 2047.30810.68-.002419       1 1 1 02       0 0 0 01                    P 72e     655553343310 9 711   143.0  145.0
 21 1878.801135 1.473E-30 2.832E-04.07480.101 3275.29930.69-.001289       3 2 2 04       2 1 1 03                    R 15e     466663342910 9 711    33.0   31.0
 21 1878.857989 1.527E-29 1.323E-02.06470.071 3826.96580.73-.002264       3 1 1 03       2 0 0 02                    P 54e     565553342910 9 711   107.0  109.0
 21 1878.871146 1.468E-29 7.341E-05.05810.065 2834.65420.67-.002655       2 0 0 03       0 1 1 01                    Q 74f     565553343810 9 711   149.0  149.0
 21 1878.876319 8.974E-30 2.116E-04.07970.109 2707.09080.68-.002182       1 5 5 02       0 4 4 01                    P  9f     466663342910 9 711    17.0   19.0
 21 1878.994929 2.083E-30 6.846E-05.08660.118 2592.86090.69-.002141       2 3 3 03       1 2 2 02                    P  4e     466663342910 9 711     7.0    9.0
 21 1879.003678 1.597E-27 1.231E-03.07170.096 2184.49500.71-.002136       1 4 4 02       0 3 3 01                    P 21e     566663342910 9 711    41.0   43.0
 21 1879.008428 2.527E-30 9.082E-03.05830.065 4182.19050.68-.002428       2 2 2 02       1 1 1 01                    P 73e     565553342910 9 711   145.0  147.0
 21 1879.024997 2.720E-30 7.563E-04.06750.083 3520.04650.74-.002117       2 0 0 13       0 1 1 11                    R 36e     966663342910 9 711    75.0   73.0
 21 1879.044850 2.469E-29 7.270E-05.05840.066 2720.05720.68-.002630       2 0 0 03       0 1 1 01                    Q 72f     565553343810 9 711   145.0  145.0
 21 1879.127445 4.858E-29 3.886E-04.08850.118 2353.78850.690.000237       3 0 0 01       0 0 0 11                    R  3e     566663342910 9 711     9.0    7.0
 21 1879.128892 9.178E-26 2.230E-03.07130.095 1482.95210.71-.002134       2 1 1 03       1 0 0 02                    P 22e     566663342910 9 711    43.0   45.0
 21 1879.170130 9.841E-30 5.572E-03.06590.074 3719.24850.74-.002225       2 3 3 02       1 2 2 01                    P 49f     566563342910 9 711    97.0   99.0
 21 1879.207597 4.086E-29 7.198E-05.05870.066 2608.55600.69-.002605       2 0 0 03       0 1 1 01                    Q 70f     565553343810 9 711   141.0  141.0
 21 1879.221310 3.038E-30 5.178E-03.06730.083 3887.47350.74-.002154       3 2 2 03       2 1 1 02                    P 37e     566663342910 9 711    73.0   75.0
 21 1879.260514 3.118E-26 2.531E-03.06770.084 1828.41260.74-.002146       1 3 3 02       0 2 2 01                    P 35f     566663342910 9 711    69.0   71.0
 21 1879.277464 1.873E-30 3.616E-04.07420.100 3288.16960.70-.001343       3 2 2 04       2 1 1 03                    R 16f     466663342910 9 711    35.0   33.0
 21 1879.342638 4.194E-30 9.245E-03.06630.076 3990.18060.74-.002371       4 0 0 05       2 1 1 03                    R 45e     466563342910 9 711    93.0   91.0
 21 1879.343774 1.839E-30 3.121E-03.06830.087 3856.24220.74-.002136       2 4 4 02       1 3 3 01                    P 32f     466663342910 9 711    63.0   65.0
 21 1879.359843 6.653E-29 7.123E-05.05910.066 2500.15240.69-.002580       2 0 0 03       0 1 1 01                    Q 68f     565553343810 9 711   137.0  137.0
 21 1879.453357 1.177E-28 1.065E-04.07370.099 2196.30940.70-.001359       3 0 0 03       1 1 1 01                    R 17e     566663342910 9 711    37.0   35.0
 21 1879.502042 1.066E-28 7.047E-05.05950.067 2394.84830.70-.002554       2 0 0 03       0 1 1 01                    Q 66f     565553343810 9 711   133.0  133.0
 21 1879.550843 1.632E-27 8.827E-04.07090.094 2148.11590.72-.001641       3 0 0 04       1 1 1 02                    R 23e     566663342910 9 711    49.0   47.0
 21 1879.576465 3.846E-29 3.429E-04.07550.102 2630.49150.69-.001232       3 1 1 04       2 0 0 03                    R 14e     466663342910 9 711    31.0   29.0
 21 1879.592505 2.634E-28 1.286E-03.07020.093 2600.72850.72-.002130       1 1 1 12       0 0 0 11                    P 25e     666663342910 9 711    49.0   51.0
 21 1879.620679 1.187E-29 7.552E-03.05950.067 3804.97070.70-.002366       2 2 2 02       1 1 1 01                    P 66f     565553342910 9 711   131.0  133.0
 21 1879.634579 1.481E-27 7.777E-04.07620.104 2003.58080.68-.002168       2 2 2 03       1 1 1 02                    P 13e     566663342910 9 711    25.0   27.0
 21 1879.634639 1.681E-28 6.973E-05.06010.068 2292.64530.71-.002527       2 0 0 03       0 1 1 01                    Q 64f     565553343810 9 711   129.0  129.0
 21 1879.646818 5.680E-30 1.468E-04.08080.111 2700.01580.68-.002183       1 5 5 02       0 4 4 01                    P  8e     466663342910 9 711    15.0   17.0
 21 1879.748315 1.680E-30 1.071E-03.06960.090 3634.14370.73-.001804       4 0 0 04       2 1 1 02                    R 27e     466663342910 9 711    57.0   55.0
 21 1879.748786 1.516E-27 1.135E-03.07220.097 2168.02030.71-.002139       1 4 4 02       0 3 3 01                    P 20f     566663342910 9 711    39.0   41.0
 21 1879.758074 2.607E-28 6.895E-05.06080.068 2193.54520.71-.002500       2 0 0 03       0 1 1 01                    Q 62f     565553343810 9 711   125.0  125.0
 21 1879.859907 9.060E-26 3.902E-03.06500.072 1784.28080.73-.002256       1 2 2 02       0 1 1 01                    P 53e     565553343810 9 711   105.0  107.0
 21 1879.872779 3.980E-28 6.820E-05.06170.069 2097.54970.72-.002473       2 0 0 03       0 1 1 01                    Q 60f     565553343810 9 711   121.0  121.0
 21 1879.878630 3.832E-30 4.761E-03.06790.085 3804.65700.74-.002142       3 2 2 03       2 1 1 02                    P 34f     566663342910 9 711    67.0   69.0
 21 1879.940124 3.904E-30 3.989E-03.06320.070 3879.11560.72-.002646       3 1 1 04       1 2 2 02                    R 57f     465553342910 9 711   117.0  115.0
 21 1879.975985 3.296E-26 2.414E-03.06790.085 1801.01980.74-.002142       1 3 3 02       0 2 2 01                    P 34e     566663342910 9 711    67.0   69.0
 21 1879.977843 1.120E-29 5.377E-03.06600.075 3680.85350.74-.002218       2 3 3 02       1 2 2 01                    P 48e     566563342910 9 711    95.0   97.0
 21 1879.979177 5.974E-28 6.741E-05.06270.070 2004.66030.72-.002445       2 0 0 03       0 1 1 01                    Q 58f     565553343810 9 711   117.0  117.0
 21 1880.077686 8.825E-28 6.665E-05.06380.070 1914.87870.73-.002416       2 0 0 03       0 1 1 01                    Q 56f     565553343810 9 711   113.0  113.0
 21 1880.085430 1.910E-30 2.966E-03.06850.088 3831.15820.74-.002134       2 4 4 02       1 3 3 01                    P 31e     466663342910 9 711    61.0   63.0
 21 1880.090413 2.805E-27 6.794E-04.06640.077 2110.09010.74-.002345       2 1 1 03       0 2 2 01                    R 44e     566563342910 9 711    91.0   89.0
 21 1880.168714 1.282E-27 6.587E-05.06470.071 1828.20620.73-.002387       2 0 0 03       0 1 1 01                    Q 54f     565553343810 9 711   109.0  109.0
 21 1880.170126 1.530E-25 3.900E-03.06580.074 1664.19460.74-.002233       1 2 2 02       0 1 1 01                    P 50f     566553343810 9 711    99.0  101.0
 21 1880.198365 1.270E-25 8.646E-03.05870.066 1936.09530.69-.002401       1 1 1 02       0 0 0 01                    P 70e     655553343310 9 711   139.0  141.0
 21 1880.205297 7.328E-27 1.460E-04.09500.127  668.16120.69-.001495       2 0 0 03       0 1 1 01                    P  1e     566663343810 9 711     1.0    3.0
 21 1880.229295 1.298E-27 7.061E-04.07700.105 1993.57010.68-.002173       2 2 2 03       1 1 1 02                    P 12f     566663342910 9 711    23.0   25.0
 21 1880.252661 1.832E-27 6.511E-05.06530.072 1744.64440.74-.002357       2 0 0 03       0 1 1 01                    Q 52f     565553343810 9 711   105.0  105.0
 21 1880.292702 1.509E-30 1.554E-02.05670.063 4437.18450.62-.002563       2 1 1 02       1 0 0 01                    P 88e     565553342910 9 711   175.0  177.0
 21 1880.303783 3.869E-27 6.145E-04.06680.079 2009.17250.75-.002264       2 1 1 03       0 2 2 01                    R 41f     566563342910 9 711    85.0   83.0
 21 1880.329917 2.576E-27 6.437E-05.06580.074 1664.19460.74-.002326       2 0 0 03       0 1 1 01                    Q 50f     566553343810 9 711   101.0  101.0
 21 1880.335774 4.018E-30 8.593E-03.05850.066 4069.35320.68-.002410       2 2 2 02       1 1 1 01                    P 71e     565553342910 9 711   141.0  143.0
 21 1880.355011 2.063E-29 1.241E-02.06530.072 3743.76200.74-.002248       3 1 1 03       2 0 0 02                    P 52e     565553342910 9 711   103.0  105.0
 21 1880.400862 3.561E-27 6.363E-05.06600.075 1586.85820.74-.002295       2 0 0 03       0 1 1 01                    Q 48f     566563343810 9 711    97.0   97.0
 21 1880.419282 3.017E-30 8.731E-05.08200.112 2693.72670.68-.002181       1 5 5 02       0 4 4 01                    P  7f     466663342910 9 711    13.0   15.0
 21 1880.465868 4.839E-27 6.288E-05.06620.076 1512.63650.74-.002264       2 0 0 03       0 1 1 01                    Q 46f     566563343810 9 711    93.0   93.0
 21 1880.491492 2.088E-30 4.066E-04.07370.099 3301.10090.70-.001396       3 2 2 04       2 1 1 03                    R 17e     466663342910 9 711    37.0   35.0
 21 1880.495879 1.425E-27 1.043E-03.07260.098 2152.32960.70-.002142       1 4 4 02       0 3 3 01                    P 19e     566663342910 9 711    37.0   39.0
 21 1880.525293 6.468E-27 6.216E-05.06640.077 1441.53070.74-.002231       2 0 0 03       0 1 1 01                    Q 44f     566563343810 9 711    89.0   89.0
 21 1880.571062 3.484E-30 4.771E-03.06770.084 3830.58190.74-.002146       3 2 2 03       2 1 1 02                    P 35e     566663342910 9 711    69.0   71.0
 21 1880.579487 8.500E-27 6.147E-05.06660.079 1373.54200.75-.002198       2 0 0 03       0 1 1 01                    Q 42f     566563343810 9 711    85.0   85.0
 21 1880.622324 1.269E-29 5.191E-03.06620.075 3643.40490.74-.002211       2 3 3 02       1 2 2 01                    P 47f     566563342910 9 711    93.0   95.0
 21 1880.628788 1.098E-26 6.079E-05.06690.080 1308.67160.75-.002164       2 0 0 03       0 1 1 01                    Q 40f     566663343810 9 711    81.0   81.0
 21 1880.643001 2.460E-30 8.626E-04.06720.081 3578.12850.75-.002178       2 0 0 13       0 1 1 11                    R 38e     966663342910 9 711    79.0   77.0
 21 1880.645269 8.558E-26 1.950E-03.07220.097 1449.38310.71-.002139       2 1 1 03       1 0 0 02                    P 20e     566663342910 9 711    39.0   41.0
 21 1880.673520 1.393E-26 6.010E-05.06720.082 1246.92050.75-.002130       2 0 0 03       0 1 1 01                    Q 38f     566663343810 9 711    77.0   77.0
 21 1880.694139 3.460E-26 2.297E-03.06810.086 1774.40790.74-.002139       1 3 3 02       0 2 2 01                    P 33f     566663342910 9 711    65.0   67.0
 21 1880.713997 1.738E-26 5.948E-05.06750.084 1188.28970.74-.002095       2 0 0 03       0 1 1 01                    Q 36f     566663343810 9 711    73.0   73.0
 21 1880.750518 2.129E-26 5.886E-05.06790.085 1132.78030.74-.002059       2 0 0 03       0 1 1 01                    Q 34f     566663343810 9 711    69.0   69.0
 21 1880.760628 7.043E-29 4.041E-04.08490.114 2360.75690.680.000105       3 0 0 01       0 0 0 11                    R  5e     566663342910 9 711    13.0   11.0
 21 1880.783370 2.561E-26 5.826E-05.06830.087 1080.39310.74-.002022       2 0 0 03       0 1 1 01                    Q 32f     566663343810 9 711    65.0   65.0
 21 1880.812826 3.024E-26 5.770E-05.06880.088 1031.12910.74-.001985       2 0 0 03       0 1 1 01                    Q 30f     566663343810 9 711    61.0   61.0
 21 1880.828168 1.971E-30 2.814E-03.06880.088 3806.85730.74-.002132       2 4 4 02       1 3 3 01                    P 30f     466663342910 9 711    59.0   61.0
 21 1880.839145 3.504E-26 5.718E-05.06930.090  984.98900.73-.001946       2 0 0 03       0 1 1 01                    Q 28f     566663343810 9 711    57.0   57.0
 21 1880.862571 3.979E-26 5.665E-05.06990.092  941.97360.73-.001906       2 0 0 03       0 1 1 01                    Q 26f     566663343810 9 711    53.0   53.0
 21 1880.879159 2.559E-30 5.076E-04.07310.098 3315.62670.70-.001448       3 2 2 04       2 1 1 03                    R 18f     466663342910 9 711    39.0   37.0
 21 1880.883333 4.429E-26 5.619E-05.07060.094  902.08370.72-.001866       2 0 0 03       0 1 1 01                    Q 24f     566663343810 9 711    49.0   49.0
 21 1880.901646 4.825E-26 5.575E-05.07130.095  865.31990.71-.001824       2 0 0 03       0 1 1 01                    Q 22f     566663343810 9 711    45.0   45.0
 21 1880.917708 5.139E-26 5.534E-05.07220.097  831.68290.71-.001780       2 0 0 03       0 1 1 01                    Q 20f     566663343810 9 711    41.0   41.0
 21 1880.931702 5.343E-26 5.497E-05.07310.099  801.17310.70-.001734       2 0 0 03       0 1 1 01                    Q 18f     566663343810 9 711    37.0   37.0
 21 1880.943794 5.411E-26 5.464E-05.07420.101  773.79110.69-.001685       2 0 0 03       0 1 1 01                    Q 16f     566663343810 9 711    33.0   33.0
 21 1880.947483 1.508E-28 1.420E-04.07260.097 2225.19330.71-.001459       3 0 0 03       1 1 1 01                    R 19e     566663342910 9 711    41.0   39.0
 21 1880.954136 5.320E-26 5.433E-05.07550.103  749.53740.68-.001633       2 0 0 03       0 1 1 01                    Q 14f     566663343810 9 711    29.0   29.0
 21 1880.962859 5.058E-26 5.407E-05.07700.105  728.41230.68-.001575       2 0 0 03       0 1 1 01                    Q 12f     566663343810 9 711    25.0   25.0
 21 1880.970082 4.618E-26 5.385E-05.07870.108  710.41630.68-.001511       2 0 0 03       0 1 1 01                    Q 10f     566663343810 9 711    21.0   21.0
 21 1880.975904 4.004E-26 5.366E-05.08080.111  695.54960.68-.001437       2 0 0 03       0 1 1 01                    Q  8f     566663343810 9 711    17.0   17.0
 21 1880.980407 3.233E-26 5.351E-05.08340.114  683.81240.68-.001349       2 0 0 03       0 1 1 01                    Q  6f     566663343810 9 711    13.0   13.0
 21 1880.983657 2.329E-26 5.340E-05.08660.118  675.20500.69-.001240       2 0 0 03       0 1 1 01                    Q  4f     566663343810 9 711     9.0    9.0
 21 1880.985703 1.327E-26 5.333E-05.09050.123  669.72740.69-.001101       2 0 0 03       0 1 1 01                    Q  2f     566663343810 9 711     5.0    5.0
 21 1881.080579 2.606E-28 1.154E-03.07090.095 2562.80430.72-.002132       1 1 1 12       0 0 0 11                    P 23e     666663342910 9 711    45.0   47.0
 21 1881.085589 3.398E-30 1.024E-02.06620.075 4062.77950.74-.002422       4 0 0 05       2 1 1 03                    R 47e     466563342910 9 711    97.0   95.0
 21 1881.123161 1.096E-27 6.241E-04.07780.107 1984.04590.68-.002177       2 2 2 03       1 1 1 02                    P 11e     566663342910 9 711    21.0   23.0
 21 1881.153072 1.216E-25 3.662E-03.06560.073 1702.40320.74-.002240       1 2 2 02       0 1 1 01                    P 51e     565553343810 9 711   101.0  103.0
 21 1881.156516 5.674E-29 5.050E-04.07420.100 2654.73490.70-.001343       3 1 1 04       2 0 0 03                    R 16e     466663342910 9 711    35.0   33.0
 21 1881.188810 1.783E-29 7.130E-03.06010.068 3702.71270.71-.002348       2 2 2 02       1 1 1 01                    P 64f     565553342910 9 711   127.0  129.0
 21 1881.193711 1.080E-30 3.599E-05.08340.114 2688.22380.68-.002176       1 5 5 02       0 4 4 01                    P  6e     466663342910 9 711    11.0   13.0
 21 1881.207702 1.771E-27 1.069E-03.07020.092 2186.39130.73-.001725       3 0 0 04       1 1 1 02                    R 25e     566663342910 9 711    53.0   51.0
 21 1881.244950 1.324E-27 9.535E-04.07310.099 2137.42310.70-.002146       1 4 4 02       0 3 3 01                    P 18f     566663342910 9 711    35.0   37.0
 21 1881.301392 1.718E-30 1.272E-03.06900.088 3678.58220.74-.001880       4 0 0 04       2 1 1 02                    R 29e     466663342910 9 711    61.0   59.0
 21 1881.401964 4.232E-30 4.342E-03.06830.087 3752.28130.74-.002136       3 2 2 03       2 1 1 02                    P 32f     566663342910 9 711    63.0   65.0
 21 1881.413522 3.614E-26 2.185E-03.06830.087 1748.57800.74-.002136       1 3 3 02       0 2 2 01                    P 32e     566663342910 9 711    63.0   65.0
 21 1881.418619 1.431E-29 5.007E-03.06620.076 3606.58270.74-.002204       2 3 3 02       1 2 2 01                    P 46e     566563342910 9 711    91.0   93.0
 21 1881.510468 2.265E-27 7.439E-04.06620.075 2181.26900.74-.002397       2 1 1 03       0 2 2 01                    R 46e     566563342910 9 711    95.0   93.0
 21 1881.572483 2.021E-30 2.666E-03.06900.089 3783.33910.73-.002131       2 4 4 02       1 3 3 01                    P 29e     466663342910 9 711    57.0   59.0
 21 1881.609049 1.984E-25 3.624E-03.06600.075 1586.85820.74-.002218       1 2 2 02       0 1 1 01                    P 48f     566563343810 9 711    95.0   97.0
 21 1881.639569 1.967E-25 8.164E-03.05910.066 1827.97240.69-.002383       1 1 1 02       0 0 0 01                    P 68e     655553343310 9 711   135.0  137.0
 21 1881.664968 6.283E-30 8.123E-03.05890.066 3959.60870.69-.002392       2 2 2 02       1 1 1 01                    P 69e     565553342910 9 711   137.0  139.0
 21 1881.700117 2.800E-30 4.324E-03.06220.069 3970.58580.72-.002685       3 1 1 04       1 2 2 02                    R 59f     465553342910 9 711   121.0  119.0
 21 1881.768156 9.183E-28 5.550E-04.07870.108 1975.55420.68-.002180       2 2 2 03       1 1 1 02                    P 10f     566663342910 9 711    19.0   21.0
 21 1881.852876 2.737E-29 1.162E-02.06580.074 3663.65750.74-.002233       3 1 1 03       2 0 0 02                    P 50e     566553342910 9 711    99.0  101.0
 21 1881.932524 3.908E-30 4.381E-03.06810.086 3776.80220.74-.002139       3 2 2 03       2 1 1 02                    P 33e     566663342910 9 711    65.0   67.0
 21 1881.958675 3.239E-27 6.800E-04.06650.077 2075.67110.74-.002319       2 1 1 03       0 2 2 01                    R 43f     566563342910 9 711    89.0   87.0
 21 1881.996007 1.215E-27 8.671E-04.07370.100 2123.30070.70-.002150       1 4 4 02       0 3 3 01                    P 17e     366663242910 9 711    33.0   35.0
 21 1882.003973 2.721E-30 1.484E-02.05680.064 4301.22280.63-.002545       2 1 1 02       1 0 0 01                    P 86e     565553342910 9 711   171.0  173.0
 21 1882.078332 1.605E-29 4.826E-03.06630.077 3570.67990.74-.002198       2 3 3 02       1 2 2 01                    P 45f     566563342910 9 711    89.0   91.0
 21 1882.130439 7.540E-30 2.449E-04.08850.120 2589.72540.70-.001200       2 3 3 03       1 2 2 02                    Q  3f     466663342910 9 711     7.0    7.0
 21 1882.135524 3.750E-26 2.074E-03.06850.088 1723.52920.74-.002134       1 3 3 02       0 2 2 01                    P 31f     566663342910 9 711    61.0   63.0
 21 1882.139078 1.338E-29 3.432E-04.08660.118 2592.86090.69-.001266       2 3 3 03       1 2 2 02                    Q  4e     466663342910 9 711     9.0    9.0
 21 1882.149887 1.838E-29 3.931E-04.08490.116 2596.78030.69-.001325       2 3 3 03       1 2 2 02                    Q  5f     466663342910 9 711    11.0   11.0
 21 1882.162829 2.279E-29 4.220E-04.08340.114 2601.48350.68-.001378       2 3 3 03       1 2 2 02                    Q  6e     466663342910 9 711    13.0   13.0
 21 1882.166148 7.709E-26 1.691E-03.07310.099 1418.93480.70-.002146       2 1 1 03       1 0 0 02                    P 18e     566663342910 9 711    35.0   37.0
 21 1882.177975 2.674E-29 4.408E-04.08200.112 2606.97050.68-.001425       2 3 3 03       1 2 2 02                    Q  7f     466663342910 9 711    15.0   15.0
 21 1882.195190 3.026E-29 4.537E-04.08080.111 2613.24130.68-.001468       2 3 3 03       1 2 2 02                    Q  8e     466663342910 9 711    17.0   17.0
 21 1882.196694 2.714E-30 5.500E-04.07260.097 3330.02830.71-.001497       3 2 2 04       2 1 1 03                    R 19e     466663342910 9 711    41.0   39.0
 21 1882.214698 3.338E-29 4.635E-04.07970.109 2620.29580.68-.001507       2 3 3 03       1 2 2 02                    Q  9f     466663342910 9 711    19.0   19.0
 21 1882.236137 3.610E-29 4.711E-04.07870.108 2628.13420.68-.001544       2 3 3 03       1 2 2 02                    Q 10e     466663342910 9 711    21.0   21.0
 21 1882.260048 3.842E-29 4.774E-04.07780.107 2636.75590.68-.001578       2 3 3 03       1 2 2 02                    Q 11f     466663342910 9 711    23.0   23.0
 21 1882.261986 2.172E-30 9.777E-04.06690.080 3639.30160.75-.002236       2 0 0 13       0 1 1 11                    R 40e     966663342910 9 711    83.0   81.0
 21 1882.285638 4.035E-29 4.829E-04.07700.105 2646.16180.68-.001609       2 3 3 03       1 2 2 02                    Q 12e     466663342910 9 711    25.0   25.0
 21 1882.314019 4.190E-29 4.878E-04.07620.104 2656.35070.68-.001639       2 3 3 03       1 2 2 02                    Q 13f     466663342910 9 711    27.0   27.0
 21 1882.317978 2.059E-30 2.522E-03.06930.090 3760.60400.73-.002130       2 4 4 02       1 3 3 01                    P 28f     466663342910 9 711    55.0   57.0
 21 1882.343657 4.307E-29 4.925E-04.07550.103 2667.32400.68-.001668       2 3 3 03       1 2 2 02                    Q 14e     466663342910 9 711    29.0   29.0
 21 1882.376599 4.386E-29 4.968E-04.07480.102 2679.07960.69-.001695       2 3 3 03       1 2 2 02                    Q 15f     466663342910 9 711    31.0   31.0
 21 1882.410151 4.431E-29 5.011E-04.07420.101 2691.62030.69-.001721       2 3 3 03       1 2 2 02                    Q 16e     466663342910 9 711    33.0   33.0
 21 1882.424627 8.940E-29 4.127E-04.08200.111 2370.82230.68-.000024       3 0 0 01       0 0 0 11                    R  7e     566663342910 9 711    17.0   15.0
 21 1882.433940 1.820E-28 1.827E-04.07170.095 2257.19830.71-.001553       3 0 0 03       1 1 1 01                    R 21e     566663342910 9 711    45.0   43.0
 21 1882.447776 4.441E-29 5.052E-04.07370.100 2704.94240.70-.001747       2 3 3 03       1 2 2 02                    Q 17f     466663342910 9 711    35.0   35.0
 21 1882.456220 1.603E-25 3.432E-03.06590.074 1623.63350.74-.002225       1 2 2 02       0 1 1 01                    P 49e     566563343810 9 711    97.0   99.0
 21 1882.484055 3.244E-30 6.783E-04.07220.096 3346.21960.71-.001545       3 2 2 04       2 1 1 03                    R 20f     466663342910 9 711    43.0   41.0
 21 1882.485070 4.420E-29 5.094E-04.07310.099 2719.05030.70-.001771       2 3 3 03       1 2 2 02                    Q 18e     466663342910 9 711    37.0   37.0
 21 1882.527536 4.369E-29 5.136E-04.07260.098 2733.93840.70-.001795       2 3 3 03       1 2 2 02                    Q 19f     466663342910 9 711    39.0   39.0
 21 1882.551949 1.731E-27 6.916E-06.09500.123  668.16120.69-.000287       2 0 0 03       0 1 1 01                    R  1e     556663343010 9 711     5.0    3.0
 21 1882.568360 4.292E-29 5.180E-04.07220.097 2749.61350.71-.001818       2 3 3 03       1 2 2 02                    Q 20e     466663342910 9 711    41.0   41.0
 21 1882.573706 2.506E-28 1.030E-03.07170.096 2527.97370.71-.002136       1 1 1 12       0 0 0 11                    P 21e     666663342910 9 711    41.0   43.0
 21 1882.615862 4.190E-29 5.223E-04.07170.096 2766.06710.71-.001841       2 3 3 03       1 2 2 02                    Q 21f     466663342910 9 711    43.0   43.0
 21 1882.624804 7.400E-28 4.814E-04.07970.109 1967.63600.68-.002182       2 2 2 03       1 1 1 02                    P  9e     566663342910 9 711    17.0   19.0
 21 1882.659962 4.068E-29 5.269E-04.07130.095 2783.30940.71-.001863       2 3 3 03       1 2 2 02                    Q 22e     466663342910 9 711    45.0   45.0
 21 1882.712734 3.926E-29 5.315E-04.07090.095 2801.32800.72-.001885       2 3 3 03       1 2 2 02                    Q 23f     466663342910 9 711    47.0   47.0
 21 1882.738317 7.647E-29 6.989E-04.07310.098 2682.10480.70-.001448       3 1 1 04       2 0 0 03                    R 18e     466663342910 9 711    39.0   37.0
 21 1882.749047 1.100E-27 7.839E-04.07420.101 2109.96260.69-.002154       1 4 4 02       0 3 3 01                    P 16f     566663342910 9 711    31.0   33.0
 21 1882.754858 2.634E-29 6.728E-03.06080.068 3603.56140.71-.002331       2 2 2 02       1 1 1 01                    P 62f     565553342910 9 711   123.0  125.0
 21 1882.759810 3.769E-29 5.363E-04.07060.094 2820.13750.72-.001906       2 3 3 03       1 2 2 02                    Q 24e     466663342910 9 711    49.0   49.0
 21 1882.786634 1.212E-30 1.078E-07.06790.084 1852.34660.74-.002142       1 3 3 02       1 0 0 01                    R 34e     566663342910 9 711    71.0   69.0
 21 1882.818130 3.598E-29 5.411E-04.07020.093 2839.72040.72-.001927       2 3 3 03       1 2 2 02                    Q 25f     466663342910 9 711    51.0   51.0
 21 1882.830119 2.700E-30 1.131E-02.06590.074 4138.48900.74-.002470       4 0 0 05       2 1 1 03                    R 49e     466563342910 9 711   101.0   99.0
 21 1882.851831 1.701E-30 1.492E-03.06850.087 3726.13530.74-.001951       4 0 0 04       2 1 1 02                    R 31e     466663342910 9 711    65.0   63.0
 21 1882.858849 3.869E-26 1.968E-03.06880.088 1699.26250.74-.002132       1 3 3 02       0 2 2 01                    P 30e     566663342910 9 711    59.0   61.0
 21 1882.865029 1.792E-29 4.648E-03.06640.077 3535.42920.74-.002191       2 3 3 02       1 2 2 01                    P 44e     566563342910 9 711    87.0   89.0
 21 1882.867834 3.419E-29 5.463E-04.06990.092 2860.09700.73-.001948       2 3 3 03       1 2 2 02                    Q 26e     466663342910 9 711    53.0   53.0
 21 1882.870328 1.854E-27 1.274E-03.06960.090 2227.78800.73-.001804       3 0 0 04       1 1 1 02                    R 27e     566663342910 9 711    57.0   55.0
 21 1882.922223 1.792E-27 8.116E-04.06600.074 2255.56680.74-.002446       2 1 1 03       0 2 2 01                    R 48e     566563342910 9 711    99.0   97.0
 21 1882.927462 4.568E-30 3.946E-03.06880.088 3703.02790.74-.002132       3 2 2 03       2 1 1 02                    P 30f     566663342910 9 711    59.0   61.0
 21 1882.932022 3.232E-29 5.515E-04.06960.091 2881.24350.73-.001968       2 3 3 03       1 2 2 02                    Q 27f     466663342910 9 711    55.0   55.0
 21 1882.983961 3.041E-29 5.571E-04.06930.090 2903.18730.73-.001988       2 3 3 03       1 2 2 02                    Q 28e     466663342910 9 711    57.0   57.0
 21 1882.996537 9.665E-30 7.676E-03.05930.067 3852.95850.70-.002375       2 2 2 02       1 1 1 01                    P 67e     565553342910 9 711   133.0  135.0
 21 1883.052313 2.525E-25 3.362E-03.06620.076 1512.63650.74-.002204       1 2 2 02       0 1 1 01                    P 46f     566563343810 9 711    91.0   93.0
 21 1883.054381 2.846E-29 5.626E-04.06900.089 2925.89670.73-.002008       2 3 3 03       1 2 2 02                    Q 29f     466663342910 9 711    59.0   59.0
 21 1883.064984 2.083E-30 2.382E-03.06960.091 3738.65190.73-.002129       2 4 4 02       1 3 3 01                    P 27e     466663342910 9 711    53.0   55.0
 21 1883.082559 2.994E-25 7.698E-03.05950.067 1722.94130.70-.002366       1 1 1 02       0 0 0 01                    P 66e     655553343310 9 711   131.0  133.0
 21 1883.108111 2.653E-29 5.686E-04.06880.088 2949.40770.74-.002027       2 3 3 03       1 2 2 02                    Q 30e     466663342910 9 711    61.0   61.0
 21 1883.185175 2.459E-29 5.743E-04.06850.088 2973.67900.74-.002047       2 3 3 03       1 2 2 02                    Q 31f     466663342910 9 711    63.0   63.0
 21 1883.240203 2.271E-29 5.807E-04.06830.087 2998.75730.74-.002066       2 3 3 03       1 2 2 02                    Q 32e     466663342910 9 711    65.0   65.0
 21 1883.305755 4.285E-30 4.007E-03.06850.088 3726.13530.74-.002134       3 2 2 03       2 1 1 02                    P 31e     566663342910 9 711    61.0   63.0
 21 1883.312362 5.827E-28 4.156E-04.08080.111 1960.67110.68-.002183       2 2 2 03       1 1 1 02                    P  8f     566663342910 9 711    15.0   17.0
 21 1883.324364 2.086E-29 5.868E-04.06810.086 3024.58950.74-.002085       2 3 3 03       1 2 2 02                    Q 33f     466663342910 9 711    67.0   67.0
 21 1883.351783 3.565E-29 1.087E-02.06600.075 3586.65330.74-.002218       3 1 1 03       2 0 0 02                    P 48e     566563342910 9 711    95.0   97.0
 21 1883.380150 1.910E-29 5.939E-04.06790.085 3051.23520.74-.002103       2 3 3 03       1 2 2 02                    Q 34e     466663342910 9 711    69.0   69.0
 21 1883.461271 1.973E-30 4.679E-03.06120.068 4065.16570.71-.002724       3 1 1 04       1 2 2 02                    R 61f     465553342910 9 711   125.0  123.0
 21 1883.471906 1.739E-29 6.004E-04.06770.084 3078.62740.74-.002122       2 3 3 03       1 2 2 02                    Q 35f     466663342910 9 711    71.0   71.0
 21 1883.504075 9.810E-28 7.036E-04.07480.102 2097.40880.69-.002159       1 4 4 02       0 3 3 01                    P 15e     566663342910 9 711    29.0   31.0
 21 1883.527864 1.579E-29 6.082E-04.06750.084 3106.84060.74-.002140       2 3 3 03       1 2 2 02                    Q 36e     466663342910 9 711    73.0   73.0
 21 1883.538302 1.991E-29 4.476E-03.06650.078 3501.07460.75-.002185       2 3 3 02       1 2 2 01                    P 43f     566563342910 9 711    85.0   87.0
 21 1883.584715 3.965E-26 1.864E-03.06900.089 1675.77720.73-.002131       1 3 3 02       0 2 2 01                    P 29f     566663342910 9 711    57.0   59.0
 21 1883.614918 2.655E-27 7.495E-04.06630.076 2145.29050.74-.002371       2 1 1 03       0 2 2 01                    R 45f     566563342910 9 711    93.0   91.0
 21 1883.627754 1.424E-29 6.146E-04.06730.083 3135.79150.74-.002158       2 3 3 03       1 2 2 02                    Q 37f     466663342910 9 711    75.0   75.0
 21 1883.683254 1.282E-29 6.229E-04.06720.082 3165.57240.75-.002176       2 3 3 03       1 2 2 02                    Q 38e     466663342910 9 711    77.0   77.0
 21 1883.691524 6.680E-26 1.451E-03.07420.101 1391.60780.69-.002154       2 1 1 03       1 0 0 02                    P 16e     566663342910 9 711    31.0   33.0
 21 1883.707035 4.831E-30 1.416E-02.05700.064 4168.34250.64-.002527       2 1 1 02       1 0 0 01                    P 84e     565553342910 9 711   167.0  169.0
 21 1883.769452 2.073E-25 3.210E-03.06620.075 1547.97310.74-.002211       1 2 2 02       0 1 1 01                    P 47e     566563343810 9 711    93.0   95.0
 21 1883.791855 1.147E-29 6.301E-04.06700.081 3196.08090.75-.002194       2 3 3 03       1 2 2 02                    Q 39f     466663342910 9 711    79.0   79.0
 21 1883.813242 2.093E-30 2.246E-03.06990.092 3717.48310.73-.002129       2 4 4 02       1 3 3 01                    P 26f     466663342910 9 711    51.0   53.0
 21 1883.846226 1.024E-29 6.390E-04.06690.080 3227.42970.75-.002211       2 3 3 03       1 2 2 02                    Q 40e     466663342910 9 711    81.0   81.0
 21 1883.881598 1.873E-30 1.101E-03.06660.078 3703.56490.75-.002292       2 0 0 13       0 1 1 11                    R 42e     966563342910 9 711    87.0   85.0
 21 1883.912527 2.089E-28 2.288E-04.07090.094 2292.32370.72-.001641       3 0 0 03       1 1 1 01                    R 23e     566663342910 9 711    49.0   47.0
 21 1883.916885 3.294E-30 7.120E-04.07170.095 3362.08090.71-.001592       3 2 2 04       2 1 1 03                    R 21e     466663342910 9 711    45.0   43.0
 21 1883.964150 9.080E-30 6.463E-04.06680.080 3259.49440.75-.002228       2 3 3 03       1 2 2 02                    Q 41f     466563342910 9 711    83.0   83.0
 21 1883.999742 1.493E-30 2.451E-04.08490.116 3015.65780.69-.001325       1 2 2 12       0 1 1 11                    Q  5f     566663342910 9 711    11.0   11.0
 21 1884.004587 1.198E-30 2.359E-04.08660.118 3011.76400.69-.001266       1 2 2 12       0 1 1 11                    Q  4e     566663342910 9 711     9.0    9.0
 21 1884.016685 8.041E-30 6.559E-04.06660.079 3292.41120.75-.002245       2 3 3 03       1 2 2 02                    Q 42e     466563342910 9 711    85.0   85.0
 21 1884.018315 2.008E-30 2.539E-04.08200.112 3025.75050.68-.001425       1 2 2 12       0 1 1 11                    Q  7f     566663342910 9 711    15.0   15.0
 21 1884.033378 1.760E-30 2.501E-04.08340.114 3020.29090.68-.001378       1 2 2 12       0 1 1 11                    Q  6e     566663342910 9 711    13.0   13.0
 21 1884.042795 2.429E-30 2.586E-04.07970.109 3038.94830.68-.001507       1 2 2 12       0 1 1 11                    Q  9f     566663342910 9 711    19.0   19.0
 21 1884.071922 2.336E-28 9.131E-04.07260.098 2496.23730.70-.002142       1 1 1 12       0 0 0 11                    P 19e     666663342910 9 711    37.0   39.0
 21 1884.072773 2.227E-30 2.561E-04.08080.111 3031.91820.68-.001468       1 2 2 12       0 1 1 11                    Q  8e     566663342910 9 711    17.0   17.0
 21 1884.073296 2.751E-30 2.619E-04.07780.107 3055.25100.68-.001578       1 2 2 12       0 1 1 11                    Q 11f     566663342910 9 711    23.0   23.0
 21 1884.092082 3.871E-30 8.739E-04.07130.095 3379.94780.72-.001637       3 2 2 04       2 1 1 03                    R 22f     466663342910 9 711    47.0   45.0
 21 1884.109922 2.972E-30 2.648E-04.07620.104 3074.65840.68-.001639       1 2 2 12       0 1 1 11                    Q 13f     566663342910 9 711    27.0   27.0
 21 1884.119503 1.048E-28 4.183E-04.07970.108 2383.98440.68-.000141       3 0 0 01       0 0 0 11                    R  9e     566663342910 9 711    21.0   19.0
 21 1884.121048 1.682E-27 3.811E-06.08850.118  672.06760.69-.000365       2 0 0 03       0 1 1 01                    R  3e     556663343010 9 711     9.0    7.0
 21 1884.122861 2.596E-30 2.596E-04.07870.108 3046.64580.68-.001544       1 2 2 12       0 1 1 11                    Q 10e     566663342910 9 711    21.0   21.0
 21 1884.139448 4.362E-28 3.484E-04.08200.112 1954.35140.68-.002181       2 2 2 03       1 1 1 02                    P  7e     566663342910 9 711    13.0   15.0
 21 1884.144575 7.070E-30 6.635E-04.06650.078 3326.03080.75-.002262       2 3 3 03       1 2 2 02                    Q 43f     466563342910 9 711    87.0   87.0
 21 1884.152759 3.091E-30 2.677E-04.07480.102 3097.17010.69-.001695       1 2 2 12       0 1 1 11                    Q 15f     566663342910 9 711    31.0   31.0
 21 1884.183724 2.863E-30 2.623E-04.07700.105 3064.47340.68-.001609       1 2 2 12       0 1 1 11                    Q 12e     566663342910 9 711    25.0   25.0
 21 1884.194533 6.211E-30 6.738E-04.06640.077 3360.51590.74-.002279       2 3 3 03       1 2 2 02                    Q 44e     466563342910 9 711    89.0   89.0
 21 1884.201874 3.116E-30 2.707E-04.07370.100 3122.78580.70-.001747       1 2 2 12       0 1 1 11                    Q 17f     566663342910 9 711    35.0   35.0
 21 1884.255428 3.027E-30 2.646E-04.07550.103 3085.40070.68-.001668       1 2 2 12       0 1 1 11                    Q 14e     566663342910 9 711    29.0   29.0
 21 1884.257312 3.057E-30 2.740E-04.07260.098 3151.50500.70-.001795       1 2 2 12       0 1 1 11                    Q 19f     566663342910 9 711    39.0   39.0
 21 1884.261088 8.598E-28 6.260E-04.07550.103 2085.63930.68-.002164       1 4 4 02       0 3 3 01                    P 14f     566663342910 9 711    27.0   29.0
 21 1884.312007 4.038E-26 1.763E-03.06930.090 1653.07420.73-.002130       1 3 3 02       0 2 2 01                    P 28e     566663342910 9 711    55.0   57.0
 21 1884.317040 2.201E-29 4.305E-03.06660.079 3467.39430.75-.002179       2 3 3 02       1 2 2 01                    P 42e     566563342910 9 711    83.0   85.0
 21 1884.319012 3.825E-29 6.342E-03.06170.069 3507.51810.72-.002313       2 2 2 02       1 1 1 01                    P 60f     565553342910 9 711   119.0  121.0
 21 1884.319096 2.925E-30 2.776E-04.07170.096 3183.32720.71-.001841       1 2 2 12       0 1 1 11                    Q 21f     566663342910 9 711    43.0   43.0
 21 1884.321841 9.607E-29 9.252E-04.07220.096 2712.60060.71-.001545       3 1 1 04       2 0 0 03                    R 20e     466663342910 9 711    43.0   41.0
 21 1884.325467 1.390E-27 8.829E-04.06580.073 2332.98210.74-.002493       2 1 1 03       0 2 2 01                    R 50e     566553342910 9 711   103.0  101.0
 21 1884.330975 1.462E-29 7.247E-03.05980.067 3749.40420.70-.002357       2 2 2 02       1 1 1 01                    P 65e     565553342910 9 711   129.0  131.0
 21 1884.333059 5.415E-30 6.818E-04.06630.077 3395.68880.74-.002296       2 3 3 03       1 2 2 02                    Q 45f     466563342910 9 711    91.0   91.0
 21 1884.338009 3.094E-30 2.672E-04.07420.101 3109.42740.69-.001721       1 2 2 12       0 1 1 11                    Q 16e     566663342910 9 711    33.0   33.0
 21 1884.379674 4.720E-30 6.929E-04.06620.076 3431.74250.74-.002312       2 3 3 03       1 2 2 02                    Q 46e     466563342910 9 711    93.0   93.0
 21 1884.387235 2.736E-30 2.816E-04.07090.095 3218.25190.72-.001885       1 2 2 12       0 1 1 11                    Q 23f     566663342910 9 711    47.0   47.0
 21 1884.399235 1.636E-30 1.732E-03.06810.085 3776.80220.74-.002020       4 0 0 04       2 1 1 02                    R 33e     466663342910 9 711    69.0   67.0
 21 1884.431482 3.070E-30 2.698E-04.07310.099 3136.55310.70-.001771       1 2 2 12       0 1 1 11                    Q 18e     566663342910 9 711    37.0   37.0
 21 1884.455209 4.812E-30 3.569E-03.06930.090 3656.89780.73-.002130       3 2 2 03       2 1 1 02                    P 28f     566663342910 9 711    55.0   57.0
 21 1884.461721 2.506E-30 2.859E-04.07020.093 3256.27860.72-.001927       1 2 2 12       0 1 1 11                    Q 25f     566663342910 9 711    51.0   51.0
 21 1884.482079 1.065E-29 3.428E-04.09050.120 2587.37380.70-.000315       2 3 3 03       1 2 2 02                    R  2e     466663342910 9 711     7.0    5.0
 21 1884.500033 3.152E-25 3.112E-03.06640.077 1441.53070.74-.002191       1 2 2 02       0 1 1 01                    P 44f     566563343810 9 711    87.0   89.0
 21 1884.527490 4.482E-25 7.253E-03.06010.068 1621.00360.71-.002348       1 1 1 02       0 0 0 01                    P 64e     665553343310 9 711   127.0  129.0
 21 1884.529524 4.081E-30 7.012E-04.06620.075 3468.46730.74-.002329       2 3 3 03       1 2 2 02                    Q 47f     466563342910 9 711    95.0   95.0
 21 1884.535832 2.967E-30 2.726E-04.07220.097 3166.77730.71-.001818       1 2 2 12       0 1 1 11                    Q 20e     566663342910 9 711    41.0   41.0
 21 1884.538386 1.880E-27 1.502E-03.06900.088 2272.30520.74-.001880       3 0 0 04       1 1 1 02                    R 29e     566663342910 9 711    61.0   59.0
 21 1884.542536 2.249E-30 2.906E-04.06960.091 3297.40660.73-.001968       1 2 2 12       0 1 1 11                    Q 27f     566663342910 9 711    55.0   55.0
 21 1884.562965 2.087E-30 2.113E-03.07020.093 3697.09740.72-.002130       2 4 4 02       1 3 3 01                    P 25e     466663342910 9 711    49.0   51.0
 21 1884.572008 3.530E-30 7.133E-04.06600.075 3506.08980.74-.002345       2 3 3 03       1 2 2 02                    Q 48e     466563342910 9 711    97.0   97.0
 21 1884.575652 2.103E-30 1.245E-02.06560.072 4217.30760.74-.002516       4 0 0 05       2 1 1 03                    R 51e     465553342910 9 711   105.0  103.0
 21 1884.629652 1.979E-30 2.956E-04.06900.089 3341.63510.73-.002008       1 2 2 12       0 1 1 11                    Q 29f     566663342910 9 711    59.0   59.0
 21 1884.651023 2.801E-30 2.757E-04.07130.095 3200.09960.71-.001863       1 2 2 12       0 1 1 11                    Q 22e     566663342910 9 711    45.0   45.0
 21 1884.690438 1.381E-30 1.525E-07.06750.083 1907.71230.74-.002208       1 3 3 02       1 0 0 01                    R 36e     566663342910 9 711    75.0   73.0
 21 1884.690801 4.587E-30 3.648E-03.06900.089 3678.58220.73-.002131       3 2 2 03       2 1 1 02                    P 29e     566663342910 9 711    57.0   59.0
 21 1884.723031 1.710E-30 3.011E-04.06850.088 3388.96350.74-.002047       1 2 2 12       0 1 1 11                    Q 31f     566663342910 9 711    63.0   63.0
 21 1884.733885 3.026E-30 7.217E-04.06590.074 3544.36470.74-.002361       2 3 3 03       1 2 2 02                    Q 49f     466563342910 9 711    99.0   99.0
 21 1884.771439 2.598E-30 7.349E-04.06580.074 3583.55630.74-.002376       2 3 3 03       1 2 2 02                    Q 50e     466553342910 9 711   101.0  101.0
 21 1884.777001 2.586E-30 2.791E-04.07060.094 3236.51930.72-.001906       1 2 2 12       0 1 1 11                    Q 24e     566663342910 9 711    49.0   49.0
 21 1884.822629 1.451E-30 3.070E-04.06810.086 3439.39090.74-.002085       1 2 2 12       0 1 1 11                    Q 33f     566663342910 9 711    67.0   67.0
 21 1884.851915 4.559E-29 1.015E-02.06620.076 3512.75070.74-.002204       3 1 1 03       2 0 0 02                    P 46e     566563342910 9 711    91.0   93.0
 21 1884.861903 3.096E-28 2.849E-04.08340.114 1948.92090.68-.002176       2 2 2 03       1 1 1 02                    P  6f     566663342910 9 711    11.0   13.0
 21 1884.913691 2.338E-30 2.827E-04.06990.092 3276.03580.73-.001948       1 2 2 12       0 1 1 11                    Q 26e     566663342910 9 711    53.0   53.0
 21 1884.928398 1.210E-30 3.134E-04.06770.084 3492.91660.74-.002122       1 2 2 12       0 1 1 11                    Q 35f     566663342910 9 711    71.0   71.0
 21 1884.946049 2.208E-30 7.433E-04.06560.073 3623.37980.74-.002392       2 3 3 03       1 2 2 02                    Q 51f     465553342910 9 711   103.0  103.0
 21 1884.977866 1.881E-30 7.573E-04.06530.072 3664.14070.74-.002408       2 3 3 03       1 2 2 02                    Q 52e     465553342910 9 711   105.0  105.0
 21 1885.002369 2.421E-29 4.140E-03.06680.080 3434.59000.75-.002174       2 3 3 02       1 2 2 01                    P 41f     566563342910 9 711    81.0   83.0
 21 1885.020089 7.389E-28 5.513E-04.07620.104 2074.65430.68-.002168       1 4 4 02       0 3 3 01                    P 13e     566663342910 9 711    25.0   27.0
 21 1885.041755 4.084E-26 1.665E-03.06960.091 1631.15270.73-.002129       1 3 3 02       0 2 2 01                    P 27f     566663342910 9 711    53.0   55.0
 21 1885.061008 2.073E-30 2.868E-04.06930.090 3318.64860.73-.001988       1 2 2 12       0 1 1 11                    Q 28e     566663342910 9 711    57.0   57.0
 21 1885.092858 2.629E-25 2.994E-03.06630.077 1475.42300.74-.002198       1 2 2 02       0 1 1 01                    P 45e     566563343810 9 711    89.0   91.0
 21 1885.165916 1.586E-30 7.664E-04.06500.072 3705.51100.73-.002423       2 3 3 03       1 2 2 02                    Q 53f     465553342910 9 711   107.0  107.0
 21 1885.191194 1.341E-30 7.814E-04.06470.071 3747.84150.73-.002438       2 3 3 03       1 2 2 02                    Q 54e     465553342910 9 711   109.0  109.0
 21 1885.218855 1.803E-30 2.911E-04.06880.088 3364.35680.74-.002027       1 2 2 12       0 1 1 11                    Q 30e     566663342910 9 711    61.0   61.0
 21 1885.221390 5.538E-26 1.230E-03.07550.103 1367.40260.68-.002164       2 1 1 03       1 0 0 02                    P 14e     566663342910 9 711    27.0   29.0
 21 1885.223091 1.366E-30 5.056E-03.06040.068 4162.85340.71-.002761       3 1 1 04       1 2 2 02                    R 63f     465553342910 9 711   129.0  127.0
 21 1885.272166 2.133E-27 8.236E-04.06620.075 2218.02950.74-.002422       2 1 1 03       0 2 2 01                    R 47f     566563342910 9 711    97.0   95.0
 21 1885.274587 8.122E-30 2.059E-04.08850.118 2589.72540.69-.000392       2 3 3 03       1 2 2 02                    R  3f     466663342910 9 711     9.0    7.0
 21 1885.313991 2.066E-30 1.984E-03.07060.094 3677.49530.72-.002130       2 4 4 02       1 3 3 01                    P 24f     466663342910 9 711    47.0   49.0
 21 1885.383030 2.296E-28 2.804E-04.07020.092 2330.56900.73-.001725       3 0 0 03       1 1 1 01                    R 25e     566663342910 9 711    53.0   51.0
 21 1885.387124 1.539E-30 2.957E-04.06830.087 3413.15970.74-.002066       1 2 2 12       0 1 1 11                    Q 32e     566663342910 9 711    65.0   65.0
 21 1885.402216 8.439E-30 1.351E-02.05720.064 4038.54550.65-.002510       2 1 1 02       1 0 0 01                    P 82e     565553342910 9 711   163.0  165.0
 21 1885.501470 1.580E-30 1.234E-03.06640.077 3770.91730.74-.002345       2 0 0 13       0 1 1 11                    R 44e     966563342910 9 711    91.0   89.0
 21 1885.565699 1.291E-30 3.007E-04.06790.085 3465.05660.74-.002103       1 2 2 12       0 1 1 11                    Q 34e     566663342910 9 711    69.0   69.0
 21 1885.575256 2.104E-28 8.035E-04.07370.100 2467.59560.70-.002150       1 1 1 12       0 0 0 11                    P 17e     666663342910 9 711    33.0   35.0
 21 1885.652222 3.780E-30 8.919E-04.07090.094 3397.25810.72-.001681       3 2 2 04       2 1 1 03                    R 23e     466663342910 9 711    49.0   47.0
 21 1885.667039 2.003E-28 2.203E-04.08490.116 1944.19240.69-.002165       2 2 2 03       1 1 1 02                    P  5e     566663342910 9 711     9.0   11.0
 21 1885.668747 2.175E-29 6.837E-03.06040.068 3648.94750.71-.002339       2 2 2 02       1 1 1 01                    P 63e     565553342910 9 711   125.0  127.0
 21 1885.693815 1.842E-28 2.995E-07.08490.114  679.09900.68-.000550       2 0 0 03       0 1 1 01                    R  5e     556663343010 9 711    13.0   11.0
 21 1885.703167 4.391E-30 1.095E-03.07060.093 3416.81050.72-.001724       3 2 2 04       2 1 1 03                    R 24f     466663342910 9 711    51.0   49.0
 21 1885.719987 1.057E-27 9.573E-04.06530.072 2413.51370.73-.002539       2 1 1 03       0 2 2 01                    R 52e     565553342910 9 711   107.0  105.0
 21 1885.754458 1.063E-30 3.058E-04.06750.084 3520.04650.74-.002140       1 2 2 12       0 1 1 11                    Q 36e     566663342910 9 711    73.0   73.0
 21 1885.773032 4.103E-26 1.569E-03.06990.092 1610.01380.73-.002129       1 3 3 02       0 2 2 01                    P 26e     566663342910 9 711    51.0   53.0
 21 1885.774625 2.650E-29 3.978E-03.06690.080 3402.47930.75-.002168       2 3 3 02       1 2 2 01                    P 40e     566663342910 9 711    79.0   81.0
 21 1885.781077 6.203E-28 4.791E-04.07700.105 2064.45370.68-.002173       1 4 4 02       0 3 3 01                    P 12f     566663342910 9 711    23.0   25.0
 21 1885.845343 1.162E-28 4.224E-04.07780.105 2400.24310.68-.000247       3 0 0 01       0 0 0 11                    R 11e     566663342910 9 711    25.0   23.0
 21 1885.881452 5.457E-29 5.970E-03.06270.070 3414.58430.72-.002296       2 2 2 02       1 1 1 01                    P 58f     565553342910 9 711   115.0  117.0
 21 1885.907062 1.140E-28 1.185E-03.07130.095 2746.22160.72-.001637       3 1 1 04       2 0 0 03                    R 22e     466663342910 9 711    47.0   45.0
 21 1885.910573 5.417E-30 1.773E-04.08490.116 2683.50690.69-.001325       1 5 5 02       0 4 4 01                    Q  5f     466663342910 9 711    11.0   11.0
 21 1885.922237 9.849E-30 2.791E-04.08340.114 2688.22380.68-.001378       1 5 5 02       0 4 4 01                    Q  6e     466663342910 9 711    13.0   13.0
 21 1885.935841 1.361E-29 3.434E-04.08200.112 2693.72670.68-.001425       1 5 5 02       0 4 4 01                    Q  7f     466663342910 9 711    15.0   15.0
 21 1885.943189 1.530E-30 1.992E-03.06770.084 3830.58190.74-.002085       4 0 0 04       2 1 1 02                    R 35e     466663342910 9 711    73.0   71.0
 21 1885.951382 1.684E-29 3.865E-04.08080.111 2700.01580.68-.001468       1 5 5 02       0 4 4 01                    Q  8e     466663342910 9 711    17.0   17.0
 21 1885.952324 3.859E-25 2.874E-03.06660.079 1373.54200.75-.002179       1 2 2 02       0 1 1 01                    P 42f     566563343810 9 711    83.0   85.0
 21 1885.968859 1.963E-29 4.172E-04.07970.109 2707.09080.68-.001507       1 5 5 02       0 4 4 01                    Q  9f     466663342910 9 711    19.0   19.0
 21 1885.974512 6.595E-25 6.826E-03.06080.068 1522.16110.71-.002331       1 1 1 02       0 0 0 01                    P 62e     665553343310 9 711   123.0  125.0
 21 1885.985282 4.943E-30 3.213E-03.06990.092 3613.89170.73-.002129       3 2 2 03       2 1 1 02                    P 26f     566663342910 9 711    51.0   53.0
 21 1885.988270 2.203E-29 4.402E-04.07870.108 2714.95190.68-.001544       1 5 5 02       0 4 4 01                    Q 10e     466663342910 9 711    21.0   21.0
 21 1886.009611 2.407E-29 4.580E-04.07780.107 2723.59890.68-.001578       1 5 5 02       0 4 4 01                    Q 11f     466663342910 9 711    23.0   23.0
 21 1886.032880 2.576E-29 4.721E-04.07700.105 2733.03190.68-.001609       1 5 5 02       0 4 4 01                    Q 12e     466663342910 9 711    25.0   25.0
 21 1886.058073 2.712E-29 4.836E-04.07620.104 2743.25080.68-.001639       1 5 5 02       0 4 4 01                    Q 13f     466663342910 9 711    27.0   27.0
 21 1886.066454 2.028E-30 1.857E-03.07090.095 3658.67640.72-.002132       2 4 4 02       1 3 3 01                    P 23e     466663342910 9 711    45.0   47.0
 21 1886.069235 5.933E-30 1.250E-04.08660.116 2592.86090.69-.000485       2 3 3 03       1 2 2 02                    R  4e     466663342910 9 711    11.0    9.0
 21 1886.085187 2.818E-29 4.936E-04.07550.103 2754.25560.68-.001668       1 5 5 02       0 4 4 01                    Q 14e     466663342910 9 711    29.0   29.0
 21 1886.087700 4.789E-30 3.306E-03.06960.091 3634.14370.73-.002129       3 2 2 03       2 1 1 02                    P 27e     566663342910 9 711    53.0   55.0
 21 1886.114218 2.894E-29 5.022E-04.07480.102 2766.04610.69-.001695       1 5 5 02       0 4 4 01                    Q 15f     466663342910 9 711    31.0   31.0
 21 1886.145162 2.942E-29 5.098E-04.07420.101 2778.62240.69-.001721       1 5 5 02       0 4 4 01                    Q 16e     466663342910 9 711    33.0   33.0
 21 1886.178014 2.963E-29 5.166E-04.07370.100 2791.98440.70-.001747       1 5 5 02       0 4 4 01                    Q 17f     466663342910 9 711    35.0   35.0
 21 1886.211524 1.850E-27 1.751E-03.06850.087 2319.94220.74-.001951       3 0 0 04       1 1 1 02                    R 31e     566663342910 9 711    65.0   63.0
 21 1886.212770 2.961E-29 5.232E-04.07310.099 2806.13200.70-.001771       1 5 5 02       0 4 4 01                    Q 18e     466663342910 9 711    37.0   37.0
 21 1886.249426 2.935E-29 5.291E-04.07260.098 2821.06520.70-.001795       1 5 5 02       0 4 4 01                    Q 19f     466663342910 9 711    39.0   39.0
 21 1886.287975 2.890E-29 5.349E-04.07220.097 2836.78400.71-.001818       1 5 5 02       0 4 4 01                    Q 20e     466663342910 9 711    41.0   41.0
 21 1886.321619 1.607E-30 1.368E-02.06500.071 4299.23370.73-.002561       4 0 0 05       2 1 1 03                    R 53e     465553342910 9 711   109.0  107.0
 21 1886.328413 2.826E-29 5.404E-04.07170.096 2853.28810.71-.001841       1 5 5 02       0 4 4 01                    Q 21f     466663342910 9 711    43.0   43.0
 21 1886.353450 5.721E-29 9.454E-03.06640.077 3441.95090.74-.002191       3 1 1 03       2 0 0 02                    P 44e     566563342910 9 711    87.0   89.0
 21 1886.370733 2.746E-29 5.458E-04.07130.095 2870.57770.71-.001863       1 5 5 02       0 4 4 01                    Q 22e     466663342910 9 711    45.0   45.0
 21 1886.414931 2.652E-29 5.510E-04.07090.095 2888.65250.72-.001885       1 5 5 02       0 4 4 01                    Q 23f     466663342910 9 711    47.0   47.0
 21 1886.416767 1.115E-28 1.549E-04.08660.118 1940.30390.69-.002141       2 2 2 03       1 1 1 02                    P  4f     566663342910 9 711     7.0    9.0
 21 1886.426515 3.271E-25 2.787E-03.06650.078 1405.98470.75-.002185       1 2 2 02       0 1 1 01                    P 43e     566563343810 9 711    85.0   87.0
 21 1886.460998 2.547E-29 5.564E-04.07060.094 2907.51260.72-.001906       1 5 5 02       0 4 4 01                    Q 24e     466663342910 9 711    49.0   49.0
 21 1886.470663 2.885E-29 3.820E-03.06700.081 3371.22730.75-.002163       2 3 3 02       1 2 2 01                    P 39f     566663342910 9 711    77.0   79.0
 21 1886.506681 4.092E-26 1.477E-03.07020.093 1589.65660.72-.002130       1 3 3 02       0 2 2 01                    P 25f     566663342910 9 711    49.0   51.0
 21 1886.508930 2.432E-29 5.616E-04.07020.093 2927.15780.72-.001927       1 5 5 02       0 4 4 01                    Q 25f     466663342910 9 711    51.0   51.0
 21 1886.544053 5.063E-28 4.095E-04.07780.107 2055.03760.68-.002177       1 4 4 02       0 3 3 01                    P 11e     566663342910 9 711    21.0   23.0
 21 1886.558718 2.310E-29 5.669E-04.06990.092 2947.58800.73-.001948       1 5 5 02       0 4 4 01                    Q 26e     466663342910 9 711    53.0   53.0
 21 1886.610357 2.182E-29 5.721E-04.06960.091 2968.80320.73-.001968       1 5 5 02       0 4 4 01                    Q 27f     466663342910 9 711    55.0   55.0
 21 1886.611150 1.519E-30 2.120E-07.06720.081 1966.19230.75-.002270       1 3 3 02       1 0 0 01                    R 38e     566663342910 9 711    79.0   77.0
 21 1886.663838 2.051E-29 5.775E-04.06930.090 2990.80330.73-.001988       1 5 5 02       0 4 4 01                    Q 28e     466663342910 9 711    57.0   57.0
 21 1886.719154 1.919E-29 5.832E-04.06900.089 3013.58820.73-.002008       1 5 5 02       0 4 4 01                    Q 29f     466663342910 9 711    59.0   59.0
 21 1886.755734 4.357E-26 1.027E-03.07700.105 1346.31960.68-.002173       2 1 1 03       1 0 0 02                    P 12e     566663342910 9 711    23.0   25.0
 21 1886.776298 1.786E-29 5.887E-04.06880.088 3037.15770.74-.002027       1 5 5 02       0 4 4 01                    Q 30e     466663342910 9 711    61.0   61.0
 21 1886.820253 1.975E-30 1.736E-03.07130.095 3640.64120.71-.002134       2 4 4 02       1 3 3 01                    P 22f     466663342910 9 711    43.0   45.0
 21 1886.835260 1.654E-29 5.943E-04.06850.088 3061.51180.74-.002047       1 5 5 02       0 4 4 01                    Q 31f     466663342910 9 711    63.0   63.0
 21 1886.845218 2.427E-28 3.375E-04.06960.090 2371.93370.73-.001804       3 0 0 03       1 1 1 01                    R 27e     566663342910 9 711    57.0   55.0
 21 1886.866035 4.192E-30 7.625E-05.08490.114 2596.78030.68-.000579       2 3 3 03       1 2 2 02                    R  5f     436663343010 9 711    13.0   11.0
 21 1886.896032 1.525E-29 6.001E-04.06830.087 3086.65040.74-.002066       1 5 5 02       0 4 4 01                    Q 32e     466663342910 9 711    65.0   65.0
 21 1886.930064 1.680E-27 9.024E-04.06590.074 2293.88690.74-.002470       2 1 1 03       0 2 2 01                    R 49f     566563342910 9 711   101.0   99.0
 21 1886.958606 1.399E-29 6.059E-04.06810.086 3112.57330.74-.002085       1 5 5 02       0 4 4 01                    Q 33f     466663342910 9 711    67.0   67.0
 21 1887.010288 3.182E-29 6.447E-03.06120.069 3551.59000.71-.002322       2 2 2 02       1 1 1 01                    P 61e     565553342910 9 711   121.0  123.0
 21 1887.022973 1.278E-29 6.120E-04.06790.085 3139.28040.74-.002103       1 5 5 02       0 4 4 01                    Q 34e     466663342910 9 711    69.0   69.0
 21 1887.083734 1.825E-28 7.016E-04.07480.102 2442.04910.69-.002159       1 1 1 12       0 0 0 11                    P 15e     666663342910 9 711    29.0   31.0
 21 1887.089123 1.162E-29 6.181E-04.06770.084 3166.77170.74-.002122       1 5 5 02       0 4 4 01                    Q 35f     466663342910 9 711    71.0   71.0
 21 1887.089841 1.450E-29 1.288E-02.05750.064 3911.83360.65-.002492       2 1 1 02       1 0 0 01                    P 80e     565553342910 9 711   159.0  161.0
 21 1887.105568 7.893E-28 1.036E-03.06470.071 2497.16010.73-.002583       2 1 1 03       0 2 2 01                    R 54e     565553342910 9 711   111.0  109.0
 21 1887.121220 1.304E-30 1.376E-03.06620.075 3841.35760.74-.002397       2 0 0 13       0 1 1 11                    R 46e     966563342910 9 711    95.0   93.0
 21 1887.157047 1.052E-29 6.245E-04.06750.084 3195.04700.74-.002140       1 5 5 02       0 4 4 01                    Q 36e     466663342910 9 711    73.0   73.0
 21 1887.207532 4.343E-29 8.323E-05.08850.120 1937.15910.70-.002086       2 2 2 03       1 1 1 02                    P  3e     566663342910 9 711     5.0    7.0
 21 1887.226734 9.483E-30 6.311E-04.06730.083 3224.10620.74-.002158       1 5 5 02       0 4 4 01                    Q 37f     466663342910 9 711    75.0   75.0
 21 1887.237756 3.126E-29 3.666E-03.06720.082 3340.68530.75-.002158       2 3 3 02       1 2 2 01                    P 38e     566663342910 9 711    75.0   77.0
 21 1887.241957 4.051E-26 1.387E-03.07060.094 1570.08200.72-.002130       1 3 3 02       0 2 2 01                    P 24e     566663342910 9 711    47.0   49.0
 21 1887.270175 8.265E-28 1.081E-06.08200.111  689.25530.68-.000722       2 0 0 03       0 1 1 01                    R  7e     556663343010 9 711    17.0   15.0
 21 1887.298176 8.510E-30 6.378E-04.06720.082 3253.94910.75-.002176       1 5 5 02       0 4 4 01                    Q 38e     466663342910 9 711    77.0   77.0
 21 1887.309016 3.988E-28 3.421E-04.07870.108 2046.40600.68-.002180       1 4 4 02       0 3 3 01                    P 10f     566663342910 9 711    19.0   21.0
 21 1887.317236 4.770E-30 1.342E-03.06990.091 3456.80700.73-.001807       3 2 2 04       2 1 1 03                    R 26f     466663342910 9 711    55.0   53.0
 21 1887.371360 7.603E-30 6.446E-04.06700.081 3284.57570.75-.002194       1 5 5 02       0 4 4 01                    Q 39f     466663342910 9 711    79.0   79.0
 21 1887.402873 4.136E-30 1.089E-03.07020.092 3435.55910.73-.001766       3 2 2 04       2 1 1 03                    R 25e     466663342910 9 711    53.0   51.0
 21 1887.409292 4.630E-25 2.647E-03.06690.080 1308.67160.75-.002168       1 2 2 02       0 1 1 01                    P 40f     566663343810 9 711    79.0   81.0
 21 1887.423773 9.541E-25 6.419E-03.06170.069 1426.41530.72-.002313       1 1 1 02       0 0 0 01                    P 60e     965553343310 9 711   119.0  121.0
 21 1887.442355 7.652E-29 5.614E-03.06380.070 3324.76140.73-.002280       2 2 2 02       1 1 1 01                    P 56f     565553342910 9 711   111.0  113.0
 21 1887.446277 6.764E-30 6.516E-04.06690.080 3315.98570.75-.002211       1 5 5 02       0 4 4 01                    Q 40e     466663342910 9 711    81.0   81.0
 21 1887.483258 1.395E-30 2.274E-03.06730.082 3887.47350.75-.002147       4 0 0 04       2 1 1 02                    R 37e     466663342910 9 711    77.0   75.0
 21 1887.493952 1.288E-28 1.477E-03.07060.093 2782.96710.72-.001724       3 1 1 04       2 0 0 03                    R 24e     466663342910 9 711    51.0   49.0
 21 1887.496478 4.870E-30 2.979E-03.07020.093 3592.82040.72-.002130       3 2 2 03       2 1 1 02                    P 25e     566663342910 9 711    49.0   51.0
 21 1887.517752 4.942E-30 2.876E-03.07060.094 3574.01030.72-.002130       3 2 2 03       2 1 1 02                    P 24f     566663342910 9 711    47.0   49.0
 21 1887.522916 5.992E-30 6.588E-04.06680.080 3348.17910.75-.002228       1 5 5 02       0 4 4 01                    Q 41f     466563342910 9 711    83.0   83.0
 21 1887.575473 1.906E-30 1.617E-03.07170.096 3623.38960.71-.002136       2 4 4 02       1 3 3 01                    P 21e     466663342910 9 711    41.0   43.0
 21 1887.601265 5.286E-30 6.662E-04.06660.079 3381.15570.75-.002245       1 5 5 02       0 4 4 01                    Q 42e     466563342910 9 711    85.0   85.0
 21 1887.602254 1.234E-28 4.256E-04.07620.103 2419.59810.68-.000344       3 0 0 01       0 0 0 11                    R 13e     566663342910 9 711    29.0   27.0
 21 1887.664944 2.540E-30 4.100E-05.08340.112 2601.48350.68-.000668       2 3 3 03       1 2 2 02                    R  6e     436663343010 9 711    15.0   13.0
 21 1887.681313 4.644E-30 6.739E-04.06650.078 3414.91540.75-.002262       1 5 5 02       0 4 4 01                    Q 43f     466563342910 9 711    87.0   87.0
 21 1887.763048 4.062E-30 6.816E-04.06640.077 3449.45800.74-.002279       1 5 5 02       0 4 4 01                    Q 44e     466563342910 9 711    89.0   89.0
 21 1887.770493 3.988E-25 2.586E-03.06680.080 1339.65920.75-.002174       1 2 2 02       0 1 1 01                    P 41e     566563343810 9 711    81.0   83.0
 21 1887.846458 3.539E-30 6.897E-04.06630.077 3484.78330.74-.002296       1 5 5 02       0 4 4 01                    Q 45f     466563342910 9 711    91.0   91.0
 21 1887.856550 7.043E-29 8.793E-03.06660.079 3374.25500.75-.002179       3 1 1 03       2 0 0 02                    P 42e     566563342910 9 711    83.0   85.0
 21 1887.889375 1.770E-27 2.024E-03.06810.085 2370.69800.74-.002020       3 0 0 04       1 1 1 02                    R 33e     566663342910 9 711    69.0   67.0
 21 1887.931530 3.070E-30 6.978E-04.06620.076 3520.89130.74-.002312       1 5 5 02       0 4 4 01                    Q 46e     466563342910 9 711    93.0   93.0
 21 1887.943302 3.367E-29 3.515E-03.06730.083 3310.98740.74-.002154       2 3 3 02       1 2 2 01                    P 37f     566663342910 9 711    73.0   75.0
 21 1887.979526 3.979E-26 1.300E-03.07090.095 1551.28950.72-.002132       1 3 3 02       0 2 2 01                    P 23f     566663342910 9 711    45.0   47.0
 21 1888.018252 2.653E-30 7.063E-04.06620.075 3557.78170.74-.002329       1 5 5 02       0 4 4 01                    Q 47f     466563342910 9 711    95.0   95.0
 21 1888.067456 1.205E-30 1.498E-02.06420.070 4384.26560.73-.002604       4 0 0 05       2 1 1 03                    R 55e     465553342910 9 711   113.0  111.0
 21 1888.075965 2.999E-28 2.770E-04.07970.109 2038.55900.68-.002182       1 4 4 02       0 3 3 01                    P  9e     566663342910 9 711    17.0   19.0
 21 1888.106612 2.282E-30 7.146E-04.06600.075 3595.45440.74-.002345       1 5 5 02       0 4 4 01                    Q 48e     466563342910 9 711    97.0   97.0
 21 1888.196594 1.956E-30 7.236E-04.06590.074 3633.90920.74-.002361       1 5 5 02       0 4 4 01                    Q 49f     466563342910 9 711    99.0   99.0
 21 1888.288188 1.670E-30 7.329E-04.06580.074 3673.14600.74-.002376       1 5 5 02       0 4 4 01                    Q 50e     466553342910 9 711   101.0  101.0
 21 1888.294544 3.214E-26 8.416E-04.07870.108 1328.35940.68-.002180       2 1 1 03       1 0 0 02                    P 10e     566663342910 9 711    19.0   21.0
 21 1888.298848 2.478E-28 4.004E-04.06900.088 2416.41710.74-.001880       3 0 0 03       1 1 1 01                    R 29e     566663342910 9 711    61.0   59.0
 21 1888.332053 1.822E-30 1.501E-03.07220.097 3606.92160.71-.002139       2 4 4 02       1 3 3 01                    P 20f     466663342910 9 711    39.0   41.0
 21 1888.356008 4.575E-29 6.071E-03.06220.069 3457.33300.72-.002305       2 2 2 02       1 1 1 01                    P 59e     565553342910 9 711   117.0  119.0
 21 1888.381376 1.419E-30 7.418E-04.06560.073 3713.16460.74-.002392       1 5 5 02       0 4 4 01                    Q 51f     465553342910 9 711   103.0  103.0
 21 1888.466031 1.244E-30 1.821E-05.08200.111 2606.97050.68-.000753       2 3 3 03       1 2 2 02                    R  7f     436663343010 9 711    17.0   15.0
 21 1888.476149 1.202E-30 7.517E-04.06530.072 3753.96470.74-.002408       1 5 5 02       0 4 4 01                    Q 52e     465553342910 9 711   105.0  105.0
 21 1888.481996 5.781E-28 1.119E-03.06380.070 2583.91980.72-.002625       2 1 1 03       0 2 2 01                    R 56e     565553342910 9 711   115.0  113.0
 21 1888.548468 1.616E-30 2.903E-07.06690.080 2027.78570.75-.002330       1 3 3 02       1 0 0 01                    R 40e     566663342910 9 711    83.0   81.0
 21 1888.588239 1.298E-27 9.862E-04.06560.072 2372.86140.74-.002516       2 1 1 03       0 2 2 01                    R 51f     565553342910 9 711   105.0  103.0
 21 1888.597376 1.514E-28 6.064E-04.07620.104 2419.59810.68-.002168       1 1 1 12       0 0 0 11                    P 13e     666663342910 9 711    25.0   27.0
 21 1888.706409 3.609E-29 3.367E-03.06750.084 3282.01350.74-.002150       2 3 3 02       1 2 2 01                    P 36e     566663342910 9 711    71.0   73.0
 21 1888.718810 3.877E-26 1.215E-03.07130.095 1533.27970.71-.002134       1 3 3 02       0 2 2 01                    P 22e     566663342910 9 711    43.0   45.0
 21 1888.770227 2.453E-29 1.228E-02.05770.065 3788.20830.66-.002474       2 1 1 02       1 0 0 01                    P 78e     565553342910 9 711   155.0  157.0
 21 1888.844901 2.115E-28 2.141E-04.08080.111 2031.49660.68-.002183       1 4 4 02       0 3 3 01                    P  8f     566663342910 9 711    15.0   17.0
 21 1888.850035 6.455E-27 7.305E-06.07970.108  702.53630.68-.000875       2 0 0 03       0 1 1 01                    R  9e     556663343010 9 711    21.0   19.0
 21 1888.871037 5.444E-25 2.432E-03.06720.082 1246.92050.75-.002158       1 2 2 02       0 1 1 01                    P 38f     566663343810 9 711    75.0   77.0
 21 1888.875415 1.357E-24 6.031E-03.06270.070 1333.76790.72-.002296       1 1 1 02       0 0 0 01                    P 58e     965553343310 9 711   115.0  117.0
 21 1888.917155 4.815E-30 2.667E-03.07090.095 3554.61310.72-.002132       3 2 2 03       2 1 1 02                    P 23e     566663342910 9 711    45.0   47.0
 21 1888.934211 4.986E-30 1.615E-03.06930.089 3499.93630.73-.001885       3 2 2 04       2 1 1 03                    R 28f     466663342910 9 711    59.0   57.0
 21 1889.001894 1.054E-28 5.271E-03.06470.071 3238.05060.73-.002264       2 2 2 02       1 1 1 01                    P 54f     565553342910 9 711   107.0  109.0
 21 1889.018992 1.240E-30 2.576E-03.06700.080 3947.47620.75-.002207       4 0 0 04       2 1 1 02                    R 39e     466663342910 9 711    81.0   79.0
 21 1889.052681 4.800E-30 2.558E-03.07130.095 3537.25420.71-.002134       3 2 2 03       2 1 1 02                    P 22f     566663342910 9 711    43.0   45.0
 21 1889.082486 1.396E-28 1.805E-03.06990.091 2822.83620.73-.001807       3 1 1 04       2 0 0 03                    R 26e     466663342910 9 711    55.0   53.0
 21 1889.090042 1.724E-30 1.388E-03.07260.098 3591.23730.70-.002142       2 4 4 02       1 3 3 01                    P 19e     466663342910 9 711    37.0   39.0
 21 1889.124850 4.764E-25 2.394E-03.06700.081 1276.44760.75-.002163       1 2 2 02       0 1 1 01                    P 39e     566663343810 9 711    77.0   79.0
 21 1889.169016 4.339E-30 1.302E-03.06960.090 3476.98310.73-.001846       3 2 2 04       2 1 1 03                    R 27e     466663342910 9 711    57.0   55.0
 21 1889.361371 8.503E-29 8.161E-03.06690.080 3309.66420.75-.002168       3 1 1 03       2 0 0 02                    P 40e     566663342910 9 711    79.0   81.0
 21 1889.390370 1.265E-28 4.284E-04.07480.101 2442.04910.69-.000434       3 0 0 01       0 0 0 11                    R 15e     566663342910 9 711    33.0   31.0
 21 1889.420397 3.847E-29 3.224E-03.06770.084 3253.87130.74-.002146       2 3 3 02       1 2 2 01                    P 35f     566663342910 9 711    69.0   71.0
 21 1889.460316 3.745E-26 1.133E-03.07170.096 1516.05210.71-.002136       1 3 3 02       0 2 2 01                    P 21f     566663342910 9 711    41.0   43.0
 21 1889.546314 1.314E-28 2.496E-04.09050.123 1934.82030.69-.001125       2 2 2 03       1 1 1 02                    Q  2f     566663342910 9 711     5.0    5.0
 21 1889.555509 3.119E-28 3.380E-04.08660.118 1940.30390.69-.001266       2 2 2 03       1 1 1 02                    Q  4f     566663342910 9 711     9.0    9.0
 21 1889.561592 2.276E-28 3.123E-04.08850.120 1937.15910.70-.001200       2 2 2 03       1 1 1 02                    Q  3e     566663342910 9 711     7.0    7.0
 21 1889.569977 4.593E-28 3.594E-04.08340.114 1948.92090.68-.001378       2 2 2 03       1 1 1 02                    Q  6f     566663342910 9 711    13.0   13.0
 21 1889.571553 1.650E-27 2.321E-03.06770.084 2424.57170.74-.002085       3 0 0 04       1 1 1 02                    R 35e     566663342910 9 711    73.0   71.0
 21 1889.589745 5.826E-28 3.691E-04.08080.111 1960.67110.68-.001468       2 2 2 03       1 1 1 02                    Q  8f     566663342910 9 711    17.0   17.0
 21 1889.590407 3.883E-28 3.509E-04.08490.116 1944.19240.69-.001325       2 2 2 03       1 1 1 02                    Q  5e     566663342910 9 711    11.0   11.0
 21 1889.614845 6.813E-28 3.756E-04.07870.108 1975.55420.68-.001544       2 2 2 03       1 1 1 02                    Q 10f     566663342910 9 711    21.0   21.0
 21 1889.615820 1.352E-28 1.533E-04.08200.112 2025.21880.68-.002181       1 4 4 02       0 3 3 01                    P  7e     566663342910 9 711    13.0   15.0
 21 1889.632006 5.230E-28 3.642E-04.08200.112 1954.35140.68-.001425       2 2 2 03       1 1 1 02                    Q  7e     566663342910 9 711    15.0   15.0
 21 1889.645321 7.542E-28 3.813E-04.07700.105 1993.57010.68-.001609       2 2 2 03       1 1 1 02                    Q 12f     566663342910 9 711    25.0   25.0
 21 1889.681224 8.007E-28 3.867E-04.07550.103 2014.71830.68-.001668       2 2 2 03       1 1 1 02                    Q 14f     566663342910 9 711    29.0   29.0
 21 1889.686365 6.333E-28 3.714E-04.07970.109 1967.63600.68-.001507       2 2 2 03       1 1 1 02                    Q  9e     566663342910 9 711    19.0   19.0
 21 1889.706286 6.465E-29 5.712E-03.06320.070 3366.17800.72-.002288       2 2 2 02       1 1 1 01                    P 57e     565553342910 9 711   113.0  115.0
 21 1889.722614 8.217E-28 3.925E-04.07420.101 2038.99840.69-.001721       2 2 2 03       1 1 1 02                    Q 16f     566663342910 9 711    33.0   33.0
 21 1889.743665 2.450E-28 4.689E-04.06850.087 2464.01850.74-.001951       3 0 0 03       1 1 1 01                    R 31e     566663342910 9 711    65.0   63.0
 21 1889.753452 7.179E-28 3.767E-04.07780.107 1984.04590.68-.001578       2 2 2 03       1 1 1 02                    Q 11e     566663342910 9 711    23.0   23.0
 21 1889.769556 8.191E-28 3.987E-04.07310.099 2066.41000.70-.001771       2 2 2 03       1 1 1 02                    Q 18f     566663342910 9 711    37.0   37.0
 21 1889.822124 7.955E-28 4.054E-04.07220.097 2096.95250.71-.001818       2 2 2 03       1 1 1 02                    Q 20f     566663342910 9 711    41.0   41.0
 21 1889.833228 7.760E-28 3.814E-04.07620.104 2003.58080.68-.001639       2 2 2 03       1 1 1 02                    Q 13e     566663342910 9 711    27.0   27.0
 21 1889.837802 2.178E-26 6.732E-04.08080.111 1313.52210.68-.002183       2 1 1 03       1 0 0 02                    P  8e     566663342910 9 711    15.0   17.0
 21 1889.841324 9.272E-30 2.990E-04.08660.116 2679.57620.69-.000485       1 5 5 02       0 4 4 01                    R  4e     466663342910 9 711    11.0    9.0
 21 1889.849053 4.157E-28 1.205E-03.06270.069 2673.79130.72-.002666       2 1 1 03       0 2 2 01                    R 58e     565553342910 9 711   119.0  117.0
 21 1889.849408 1.614E-30 1.279E-03.07310.099 3576.33690.70-.002146       2 4 4 02       1 3 3 01                    P 18f     466663342910 9 711    35.0   37.0
 21 1889.880398 7.547E-28 4.127E-04.07130.095 2130.62550.71-.001863       2 2 2 03       1 1 1 02                    Q 22f     566663342910 9 711    45.0   45.0
 21 1889.925647 8.079E-28 3.862E-04.07480.102 2026.24040.69-.001695       2 2 2 03       1 1 1 02                    Q 15e     566663342910 9 711    31.0   31.0
 21 1889.944463 7.004E-28 4.207E-04.07060.094 2167.42810.72-.001906       2 2 2 03       1 1 1 02                    Q 24f     566663342910 9 711    49.0   49.0
 21 1890.014409 6.368E-28 4.294E-04.06990.092 2207.35980.73-.001948       2 2 2 03       1 1 1 02                    Q 26f     566663342910 9 711    53.0   53.0
 21 1890.030655 8.149E-28 3.911E-04.07370.100 2052.02410.70-.001747       2 2 2 03       1 1 1 02                    Q 17e     566663342910 9 711    35.0   35.0
 21 1890.090331 5.677E-28 4.389E-04.06930.090 2250.41970.73-.001988       2 2 2 03       1 1 1 02                    Q 28f     566663342910 9 711    57.0   57.0
 21 1890.116194 1.191E-28 5.177E-04.07780.107 2400.24310.68-.002177       1 1 1 12       0 0 0 11                    P 11e     666663342910 9 711    21.0   23.0
 21 1890.148191 7.996E-28 3.964E-04.07260.098 2080.93170.70-.001795       2 2 2 03       1 1 1 02                    Q 19e     566663342910 9 711    39.0   39.0
 21 1890.172324 4.967E-28 4.492E-04.06880.088 2296.60700.74-.002027       2 2 2 03       1 1 1 02                    Q 30f     566663342910 9 711    61.0   61.0
 21 1890.180564 4.078E-29 3.083E-03.06790.085 3226.46480.74-.002142       2 3 3 02       1 2 2 01                    P 34e     566663342910 9 711    67.0   69.0
 21 1890.203614 3.585E-26 1.053E-03.07220.097 1499.60730.71-.002139       1 3 3 02       0 2 2 01                    P 20e     566663342910 9 711    39.0   41.0
 21 1890.246311 9.835E-28 1.075E-03.06500.071 2454.95170.73-.002561       2 1 1 03       0 2 2 01                    R 53f     565553342910 9 711   109.0  107.0
 21 1890.260489 4.267E-28 4.602E-04.06830.087 2345.92090.74-.002066       2 2 2 03       1 1 1 02                    Q 32f     566663342910 9 711    65.0   65.0
 21 1890.278186 7.653E-28 4.021E-04.07170.096 2112.96250.71-.001841       2 2 2 03       1 1 1 02                    Q 21e     566663342910 9 711    43.0   43.0
 21 1890.329577 1.895E-24 5.655E-03.06380.070 1244.22040.73-.002280       1 1 1 02       0 0 0 01                    P 56e     965553343310 9 711   111.0  113.0
 21 1890.337655 6.267E-25 2.228E-03.06750.084 1188.28970.74-.002150       1 2 2 02       0 1 1 01                    P 36f     566663343810 9 711    71.0   73.0
 21 1890.349742 4.618E-30 2.371E-03.07170.096 3519.52250.71-.002136       3 2 2 03       2 1 1 02                    P 21e     566663342910 9 711    41.0   43.0
 21 1890.354924 3.601E-28 4.722E-04.06790.085 2398.36040.74-.002103       2 2 2 03       1 1 1 02                    Q 34f     566663342910 9 711    69.0   69.0
 21 1890.388723 7.285E-29 9.512E-05.08340.114 2019.72570.68-.002176       1 4 4 02       0 3 3 01                    P  6f     566663342910 9 711    11.0   13.0
 21 1890.420565 7.158E-28 4.083E-04.07090.095 2148.11590.72-.001885       2 2 2 03       1 1 1 02                    Q 23e     566663342910 9 711    47.0   47.0
 21 1890.433285 1.884E-26 1.943E-05.07780.105  718.94190.68-.001012       2 0 0 03       0 1 1 01                    R 11e     556663343010 9 711    25.0   23.0
 21 1890.443685 4.081E-29 1.169E-02.05790.065 3667.67140.67-.002456       2 1 1 02       1 0 0 01                    P 76e     565553342910 9 711   151.0  153.0
 21 1890.455729 2.986E-28 4.849E-04.06750.084 2453.92450.74-.002140       2 2 2 03       1 1 1 02                    Q 36f     566663342910 9 711    73.0   73.0
 21 1890.489638 5.573E-25 2.209E-03.06730.083 1216.35090.74-.002154       1 2 2 02       0 1 1 01                    P 37e     566663343810 9 711    73.0   75.0
 21 1890.502077 1.666E-30 3.918E-07.06660.078 2092.49160.75-.002387       1 3 3 02       1 0 0 01                    R 42e     566563342910 9 711    87.0   85.0
 21 1890.554011 5.034E-30 1.915E-03.06880.088 3546.19760.74-.001959       3 2 2 04       2 1 1 03                    R 30f     466663342910 9 711    63.0   61.0
 21 1890.560236 1.426E-28 4.943E-03.06530.072 3154.45330.74-.002248       2 2 2 02       1 1 1 01                    P 52f     565553342910 9 711   103.0  105.0
 21 1890.563002 2.435E-28 4.987E-04.06720.082 2512.61220.75-.002176       2 2 2 03       1 1 1 02                    Q 38f     566663342910 9 711    77.0   77.0
 21 1890.575244 6.554E-28 4.150E-04.07020.093 2186.39130.72-.001927       2 2 2 03       1 1 1 02                    Q 25e     566663342910 9 711    51.0   51.0
 21 1890.590124 4.518E-30 2.258E-03.07220.097 3503.62430.71-.002139       3 2 2 03       2 1 1 02                    P 20f     566663342910 9 711    39.0   41.0
 21 1890.610177 1.493E-30 1.172E-03.07370.100 3562.22040.70-.002150       2 4 4 02       1 3 3 01                    P 17e     466663342910 9 711    33.0   35.0
 21 1890.639100 6.841E-30 1.904E-04.08490.114 2683.50690.68-.000579       1 5 5 02       0 4 4 01                    R  5f     466663342910 9 711    13.0   11.0
 21 1890.672640 1.456E-28 2.167E-03.06930.089 2865.82810.73-.001885       3 1 1 04       2 0 0 03                    R 28e     466663342910 9 711    59.0   57.0
 21 1890.676837 1.952E-28 5.132E-04.06690.080 2574.42230.75-.002211       2 2 2 03       1 1 1 02                    Q 40f     566663342910 9 711    81.0   81.0
 21 1890.742134 5.880E-28 4.223E-04.06960.091 2227.78800.73-.001968       2 2 2 03       1 1 1 02                    Q 27e     566663342910 9 711    55.0   55.0
 21 1890.797325 1.540E-28 5.291E-04.06660.079 2639.35360.75-.002245       2 2 2 03       1 1 1 02                    Q 42f     566563342910 9 711    85.0   85.0
 21 1890.868056 1.006E-28 7.555E-03.06720.082 3248.17940.75-.002158       3 1 1 03       2 0 0 02                    P 38e     566663342910 9 711    75.0   77.0
 21 1890.902052 4.298E-29 2.945E-03.06810.086 3199.87980.74-.002139       2 3 3 02       1 2 2 01                    P 33f     566663342910 9 711    65.0   67.0
 21 1890.921138 5.173E-28 4.301E-04.06900.089 2272.30520.73-.002008       2 2 2 03       1 1 1 02                    Q 29e     566663342910 9 711    59.0   59.0
 21 1890.924551 1.195E-28 5.459E-04.06640.077 2707.40490.74-.002279       2 2 2 03       1 1 1 02                    Q 44f     566563342910 9 711    89.0   89.0
 21 1890.949075 3.400E-26 9.767E-04.07260.098 1483.94500.70-.002142       1 3 3 02       0 2 2 01                    P 19f     566663342910 9 711    37.0   39.0
 21 1890.950837 4.385E-30 1.529E-03.06900.088 3521.52940.74-.001922       3 2 2 04       2 1 1 03                    R 29e     466663342910 9 711    61.0   59.0
 21 1891.028615 1.560E-30 4.267E-04.07260.097 3389.81090.71-.001497       2 4 4 03       1 3 3 02                    R 19e     466663342910 9 711    41.0   39.0
 21 1891.058593 9.119E-29 5.636E-04.06620.076 2778.57490.74-.002312       2 2 2 03       1 1 1 02                    Q 46f     566563342910 9 711    93.0   93.0
 21 1891.061478 8.979E-29 5.368E-03.06420.071 3278.12640.73-.002272       2 2 2 02       1 1 1 01                    P 55e     565553342910 9 711   109.0  111.0
 21 1891.112150 4.467E-28 4.385E-04.06850.088 2319.94220.74-.002047       2 2 2 03       1 1 1 02                    Q 31e     566663342910 9 711    63.0   63.0
 21 1891.114960 1.543E-28 2.914E-04.09500.123 1933.25170.69-.000311       2 2 2 03       1 1 1 02                    R  1e     566663342910 9 711     5.0    3.0
 21 1891.163608 2.667E-29 4.163E-05.08490.116 2015.01730.69-.002165       1 4 4 02       0 3 3 01                    P  5e     566663342910 9 711     9.0   11.0
 21 1891.179398 2.351E-28 5.432E-04.06810.085 2514.73720.74-.002020       3 0 0 03       1 1 1 01                    R 33e     566663342910 9 711    69.0   67.0
 21 1891.199520 6.850E-29 5.825E-04.06600.075 2852.86230.74-.002345       2 2 2 03       1 1 1 02                    Q 48f     566563342910 9 711    97.0   97.0
 21 1891.206524 2.935E-28 1.295E-03.06170.069 2766.77310.71-.002705       2 1 1 03       0 2 2 01                    R 60e     565553342910 9 711   123.0  121.0
 21 1891.209848 1.257E-28 4.307E-04.07370.099 2467.59560.70-.000517       3 0 0 01       0 0 0 11                    R 17e     566663342910 9 711    37.0   35.0
 21 1891.257659 1.500E-27 2.643E-03.06730.082 2481.56240.75-.002147       3 0 0 04       1 1 1 02                    R 37e     566663342910 9 711    77.0   75.0
 21 1891.315061 3.788E-28 4.476E-04.06810.086 2370.69800.74-.002085       2 2 2 03       1 1 1 02                    Q 33e     566663342910 9 711    67.0   67.0
 21 1891.347389 5.064E-29 6.025E-04.06580.074 2930.26570.74-.002376       2 2 2 03       1 1 1 02                    Q 50f     566553342910 9 711   101.0  101.0
 21 1891.372333 1.363E-30 1.069E-03.07420.101 3548.88770.69-.002154       2 4 4 02       1 3 3 01                    P 16f     466663342910 9 711    31.0   33.0
 21 1891.385492 1.305E-26 5.205E-04.08340.114 1301.80820.68-.002176       2 1 1 03       1 0 0 02                    P  6e     566663342910 9 711    11.0   13.0
 21 1891.438795 4.812E-30 1.189E-04.08340.112 2688.22380.68-.000668       1 5 5 02       0 4 4 01                    R  6e     466663342910 9 711    15.0   13.0
 21 1891.502249 3.685E-29 6.239E-04.06530.072 3010.78350.74-.002408       2 2 2 03       1 1 1 02                    Q 52f     565553342910 9 711   105.0  105.0
 21 1891.529751 3.155E-28 4.572E-04.06770.084 2424.57170.74-.002122       2 2 2 03       1 1 1 02                    Q 35e     566663342910 9 711    71.0   71.0
 21 1891.640197 8.758E-29 4.352E-04.07970.109 2383.98440.68-.002182       1 1 1 12       0 0 0 11                    P  9e     666663342910 9 711    17.0   19.0
 21 1891.660197 4.505E-29 2.811E-03.06830.087 3174.04040.74-.002136       2 3 3 02       1 2 2 01                    P 32e     566663342910 9 711    63.0   65.0
 21 1891.664133 2.639E-29 6.464E-04.06470.071 3094.41420.73-.002438       2 2 2 03       1 1 1 02                    Q 54f     565553342910 9 711   109.0  109.0
 21 1891.696389 3.191E-26 9.021E-04.07310.099 1469.06550.70-.002146       1 3 3 02       0 2 2 01                    P 18e     566663342910 9 711    35.0   37.0
 21 1891.756095 2.583E-28 4.676E-04.06730.083 2481.56240.74-.002158       2 2 2 03       1 1 1 02                    Q 37e     566663342910 9 711    75.0   75.0
 21 1891.786390 2.602E-24 5.300E-03.06470.071 1157.77410.73-.002264       1 1 1 02       0 0 0 01                    P 54e     955553343310 9 711   107.0  109.0
 21 1891.794246 4.285E-30 2.090E-03.07260.098 3487.54910.70-.002142       3 2 2 03       2 1 1 02                    P 19e     566663342910 9 711    37.0   39.0
 21 1891.809235 7.061E-25 2.034E-03.06790.085 1132.78030.74-.002142       1 2 2 02       0 1 1 01                    P 34f     566663343810 9 711    67.0   69.0
 21 1891.833058 1.860E-29 6.700E-04.06380.070 3181.15630.73-.002468       2 2 2 03       1 1 1 02                    Q 56f     565553342910 9 711   113.0  113.0
 21 1891.856666 1.804E-30 5.082E-04.07220.096 3405.51240.71-.001545       2 4 4 03       1 3 3 02                    R 20f     466663342910 9 711    43.0   41.0
 21 1891.864900 6.381E-25 2.031E-03.06770.084 1159.37030.74-.002146       1 2 2 02       0 1 1 01                    P 35e     566663343810 9 711    69.0   71.0
 21 1891.900374 1.315E-28 1.789E-04.09050.120 1934.82030.70-.000315       2 2 2 03       1 1 1 02                    R  2f     566663342910 9 711     7.0    5.0
 21 1891.903884 7.314E-28 1.169E-03.06420.070 2540.15640.73-.002604       2 1 1 03       0 2 2 01                    R 55f     565553342910 9 711   113.0  111.0
 21 1891.993963 2.078E-28 4.784E-04.06700.081 2541.66900.75-.002194       2 2 2 03       1 1 1 02                    Q 39e     566663342910 9 711    79.0   79.0
 21 1892.009028 1.291E-29 6.953E-04.06270.070 3271.00810.72-.002497       2 2 2 03       1 1 1 02                    Q 58f     565553342910 9 711   117.0  117.0
 21 1892.019797 4.701E-26 4.603E-05.07620.103  738.47170.68-.001137       2 0 0 03       0 1 1 01                    R 13e     566663343810 9 711    29.0   27.0
 21 1892.110520 6.679E-29 1.112E-02.05810.065 3550.22460.67-.002437       2 1 1 02       1 0 0 01                    P 74e     565553342910 9 711   147.0  149.0
 21 1892.117542 1.895E-28 4.629E-03.06580.074 3073.97060.74-.002233       2 2 2 02       1 1 1 01                    P 50f     566553342910 9 711    99.0  101.0
 21 1892.130130 4.108E-30 1.976E-03.07310.099 3473.12090.70-.002146       3 2 2 03       2 1 1 02                    P 18f     566663342910 9 711    35.0   37.0
 21 1892.135890 1.226E-30 9.676E-04.07480.102 3536.33910.69-.002159       2 4 4 02       1 3 3 01                    P 15e     466663342910 9 711    29.0   31.0
 21 1892.176553 4.924E-30 2.244E-03.06830.086 3595.58990.74-.002030       3 2 2 04       2 1 1 03                    R 32f     466663342910 9 711    67.0   65.0
 21 1892.192026 8.819E-30 7.217E-04.06170.069 3363.96780.72-.002526       2 2 2 03       1 1 1 02                    Q 60f     565553342910 9 711   121.0  121.0
 21 1892.240405 4.067E-30 9.114E-05.08200.111 2693.72670.68-.000753       1 5 5 02       0 4 4 01                    R  7f     436663343010 9 711    17.0   15.0
 21 1892.243216 1.645E-28 4.903E-04.06680.080 2604.89030.75-.002228       2 2 2 03       1 1 1 02                    Q 41e     566563342910 9 711    83.0   83.0
 21 1892.264390 1.469E-28 2.566E-03.06880.088 2911.94190.74-.001959       3 1 1 04       2 0 0 03                    R 30e     466663342910 9 711    63.0   61.0
 21 1892.376741 1.167E-28 6.982E-03.06750.084 3189.80160.74-.002150       3 1 1 03       2 0 0 02                    P 36e     566663342910 9 711    71.0   73.0
 21 1892.382017 5.931E-30 7.496E-04.06080.068 3460.03390.71-.002554       2 2 2 03       1 1 1 02                    Q 62f     565553342910 9 711   125.0  125.0
 21 1892.388359 4.694E-29 2.681E-03.06850.088 3149.01380.74-.002134       2 3 3 02       1 2 2 01                    P 31f     566663342910 9 711    61.0   63.0
 21 1892.421916 1.225E-28 5.038E-03.06500.072 3193.17960.73-.002256       2 2 2 02       1 1 1 01                    P 53e     565553342910 9 711   105.0  107.0
 21 1892.445819 2.962E-26 8.300E-04.07370.100 1454.96860.70-.002150       1 3 3 02       0 2 2 01                    P 17f     566663342910 9 711    33.0   35.0
 21 1892.471642 1.666E-30 5.219E-07.06640.077 2160.30910.74-.002442       1 3 3 02       1 0 0 01                    R 44e     566563342910 9 711    91.0   89.0
 21 1892.502870 2.273E-30 2.546E-05.07700.104 2646.16180.68-.001111       2 3 3 03       1 2 2 02                    R 12e     436663343010 9 711    27.0   25.0
 21 1892.503707 1.280E-28 5.026E-04.06650.078 2671.22530.75-.002262       2 2 2 03       1 1 1 02                    Q 43e     566563342910 9 711    87.0   87.0
 21 1892.554194 2.036E-28 1.390E-03.06080.068 2862.86350.71-.002743       2 1 1 03       0 2 2 01                    R 62e     565553342910 9 711   127.0  125.0
 21 1892.578944 3.927E-30 7.790E-04.06010.068 3559.20430.71-.002582       2 2 2 03       1 1 1 02                    Q 64f     565553342910 9 711   129.0  129.0
 21 1892.605767 2.195E-28 6.237E-04.06770.084 2568.57240.74-.002085       3 0 0 03       1 1 1 01                    R 35e     566663342910 9 711    73.0   71.0
 21 1892.686692 2.044E-30 5.967E-04.07170.095 3421.99850.71-.001592       2 4 4 03       1 3 3 02                    R 21e     466663342910 9 711    45.0   43.0
 21 1892.700335 1.088E-28 1.165E-04.08850.118 1937.15910.69-.000392       2 2 2 03       1 1 1 02                    R  3e     566663342910 9 711     9.0    7.0
 21 1892.748528 4.282E-30 1.770E-03.06850.087 3569.19710.74-.001995       3 2 2 04       2 1 1 03                    R 31e     466663342910 9 711    65.0   63.0
 21 1892.775287 9.798E-29 5.156E-04.06630.077 2740.67270.74-.002296       2 2 2 03       1 1 1 02                    Q 45e     566563342910 9 711    91.0   91.0
 21 1892.782728 2.560E-30 8.099E-04.05950.067 3661.47730.70-.002609       2 2 2 03       1 1 1 02                    Q 66f     565553342910 9 711   133.0  133.0
 21 1892.900839 1.085E-30 8.693E-04.07550.103 3524.57450.68-.002164       2 4 4 02       1 3 3 01                    P 14f     466663342910 9 711    27.0   29.0
 21 1892.937590 6.275E-27 3.778E-04.08660.118 1293.21780.69-.002141       2 1 1 03       1 0 0 02                    P  4e     566663342910 9 711     7.0    9.0
 21 1892.947280 1.331E-27 2.992E-03.06700.080 2541.66900.75-.002207       3 0 0 04       1 1 1 02                    R 39e     566663342910 9 711    81.0   79.0
 21 1892.993268 1.643E-30 8.424E-04.05910.066 3766.85090.69-.002635       2 2 2 03       1 1 1 02                    Q 68f     565553342910 9 711   137.0  137.0
 21 1893.043923 2.537E-30 5.249E-05.08080.109 2700.01580.68-.000832       1 5 5 02       0 4 4 01                    R  8e     436663343010 9 711    19.0   17.0
 21 1893.057797 7.380E-29 5.295E-04.06620.075 2813.23130.74-.002329       2 2 2 03       1 1 1 02                    Q 47e     566563342910 9 711    95.0   95.0
 21 1893.060870 1.216E-28 4.330E-04.07260.097 2496.23730.71-.000595       3 0 0 01       0 0 0 11                    R 19e     566663342910 9 711    41.0   39.0
 21 1893.145292 4.861E-29 2.553E-03.06880.088 3124.74100.74-.002132       2 3 3 02       1 2 2 01                    P 30e     566663342910 9 711    59.0   61.0
 21 1893.169387 5.868E-29 3.583E-04.08200.112 2370.82230.68-.002181       1 1 1 12       0 0 0 11                    P  7e     666663342910 9 711    13.0   15.0
 21 1893.197151 2.716E-26 7.600E-04.07420.101 1441.65470.69-.002154       1 3 3 02       0 2 2 01                    P 16e     566663342910 9 711    31.0   33.0
 21 1893.245985 3.509E-24 4.959E-03.06530.072 1074.43060.74-.002248       1 1 1 02       0 0 0 01                    P 52e     965553343310 9 711   103.0  105.0
 21 1893.250668 3.831E-30 1.824E-03.07370.100 3458.69340.70-.002150       3 2 2 03       2 1 1 02                    P 17e     566663342910 9 711    33.0   35.0
 21 1893.250671 7.145E-25 1.861E-03.06810.086 1105.50660.74-.002139       1 2 2 02       0 1 1 01                    P 33e     566663343810 9 711    65.0   67.0
 21 1893.285861 7.780E-25 1.851E-03.06830.087 1080.39310.74-.002136       1 2 2 02       0 1 1 01                    P 32f     566663343810 9 711    63.0   65.0
 21 1893.316959 4.178E-30 4.582E-05.07620.103 2656.35070.68-.001172       2 3 3 03       1 2 2 02                    R 13f     436663343010 9 711    29.0   27.0
 21 1893.351072 5.469E-29 5.441E-04.06590.074 2888.89970.74-.002361       2 2 2 03       1 1 1 02                    Q 49e     566563342910 9 711    99.0   99.0
 21 1893.478876 8.491E-29 7.561E-05.08660.116 1940.30390.69-.000485       2 2 2 03       1 1 1 02                    R  4f     566663342910 9 711    11.0    9.0
 21 1893.518642 2.274E-30 6.918E-04.07130.095 3439.26910.72-.001637       2 4 4 03       1 3 3 02                    R 22f     466663342910 9 711    47.0   45.0
 21 1893.560553 5.339E-28 1.268E-03.06320.070 2628.47400.72-.002646       2 1 1 03       0 2 2 01                    R 57f     565553342910 9 711   117.0  115.0
 21 1893.609427 7.561E-26 7.276E-05.07480.101  761.12550.69-.001252       2 0 0 03       0 1 1 01                    R 15e     566663343810 9 711    33.0   31.0
 21 1893.654942 3.989E-29 5.596E-04.06560.073 2967.67660.74-.002392       2 2 2 03       1 1 1 02                    Q 51e     565553342910 9 711   103.0  103.0
 21 1893.672740 3.591E-30 1.710E-03.07420.101 3445.74460.69-.002154       3 2 2 03       2 1 1 02                    P 16f     566663342910 9 711    31.0   33.0
 21 1893.673968 2.472E-28 4.328E-03.06600.075 2996.60390.74-.002218       2 2 2 02       1 1 1 01                    P 48f     566563342910 9 711    95.0   97.0
 21 1893.771028 1.075E-28 1.058E-02.05840.066 3435.86930.68-.002419       2 1 1 02       1 0 0 01                    P 72e     565553342910 9 711   143.0  145.0
 21 1893.787906 1.642E-28 4.723E-03.06560.073 3111.33890.74-.002240       2 2 2 02       1 1 1 01                    P 51e     565553342910 9 711   101.0  103.0
 21 1893.801750 4.677E-30 2.600E-03.06790.084 3648.11210.74-.002098       3 2 2 04       2 1 1 03                    R 34f     466663342910 9 711    71.0   69.0
 21 1893.857713 1.436E-28 3.001E-03.06830.086 2961.17650.74-.002030       3 1 1 04       2 0 0 03                    R 32e     466663342910 9 711    67.0   65.0
 21 1893.879406 5.003E-29 2.428E-03.06900.089 3101.27410.73-.002131       2 3 3 02       1 2 2 01                    P 29f     566663342910 9 711    57.0   59.0
 21 1893.887549 1.325E-28 6.432E-03.06790.085 3134.53170.74-.002142       3 1 1 03       2 0 0 02                    P 34e     566663342910 9 711    67.0   69.0
 21 1893.891849 1.387E-28 1.489E-03.06010.067 2962.06080.70-.002779       2 1 1 03       0 2 2 01                    R 64e     565553342910 9 711   131.0  129.0
 21 1893.950562 2.459E-26 6.926E-04.07480.102 1429.12360.69-.002159       1 3 3 02       0 2 2 01                    P 15f     566663342910 9 711    29.0   31.0
 21 1893.969231 2.863E-29 5.758E-04.06500.072 3049.56050.73-.002423       2 2 2 03       1 1 1 02                    Q 53e     565553342910 9 711   107.0  107.0
 21 1894.022478 1.995E-28 7.099E-04.06730.082 2625.52330.75-.002147       3 0 0 03       1 1 1 01                    R 37e     566663342910 9 711    77.0   75.0
 21 1894.132241 6.622E-30 7.172E-05.07550.102 2667.32400.69-.001232       2 3 3 03       1 2 2 02                    R 14e     436663343010 9 711    31.0   29.0
 21 1894.293756 2.023E-29 5.930E-04.06420.071 3134.54990.73-.002453       2 2 2 03       1 1 1 02                    Q 55e     565553342910 9 711   111.0  111.0
 21 1894.298481 6.672E-29 5.127E-05.08490.114 1944.19240.68-.000579       2 2 2 03       1 1 1 02                    R  5e     536663343010 9 711    13.0   11.0
 21 1894.352563 2.488E-30 7.933E-04.07090.094 3457.32400.72-.001681       2 4 4 03       1 3 3 02                    R 23e     466663342910 9 711    49.0   47.0
 21 1894.456810 1.620E-30 6.877E-07.06620.075 2231.23730.74-.002495       1 3 3 02       1 0 0 01                    R 46e     566563342910 9 711    95.0   93.0
 21 1894.494074 1.589E-27 2.177E-04.09050.123 1287.75110.69-.001939       2 1 1 03       1 0 0 02                    P  2e     566663342910 9 711     3.0    5.0
 21 1894.562283 4.052E-30 2.023E-03.06810.085 3619.98510.74-.002064       3 2 2 04       2 1 1 03                    R 33e     466663342910 9 711    69.0   67.0
 21 1894.628328 1.407E-29 6.111E-04.06320.070 3222.64330.72-.002483       2 2 2 03       1 1 1 02                    Q 57e     565553342910 9 711   115.0  115.0
 21 1894.635830 5.118E-29 2.307E-03.06930.090 3078.56770.73-.002130       2 3 3 02       1 2 2 01                    P 28e     566663342910 9 711    55.0   57.0
 21 1894.639988 1.154E-27 3.367E-03.06680.079 2604.89030.75-.002264       3 0 0 04       1 1 1 02                    R 41e     566563342910 9 711    85.0   83.0
 21 1894.646980 7.818E-25 1.698E-03.06850.088 1054.76070.74-.002134       1 2 2 02       0 1 1 01                    P 31e     566663343810 9 711    61.0   63.0
 21 1894.703761 3.387E-29 2.849E-04.08490.116 2360.75690.69-.002165       1 1 1 12       0 0 0 11                    P  5e     666663342910 9 711     9.0   11.0
 21 1894.705911 2.193E-26 6.271E-04.07550.103 1417.37550.68-.002164       1 3 3 02       0 2 2 01                    P 14e     566663342910 9 711    27.0   29.0
 21 1894.708485 4.647E-24 4.633E-03.06580.074  994.19130.74-.002233       1 1 1 02       0 0 0 01                    P 50e     956553343310 9 711    99.0  101.0
 21 1894.719002 3.283E-30 1.572E-03.07480.102 3432.95600.69-.002159       3 2 2 03       2 1 1 02                    P 15e     566663342910 9 711    29.0   31.0
 21 1894.767610 8.374E-25 1.677E-03.06880.088 1031.12910.74-.002132       1 2 2 02       0 1 1 01                    P 30f     566663343810 9 711    59.0   61.0
 21 1894.943644 1.146E-28 4.347E-04.07170.095 2527.97370.71-.000667       3 0 0 01       0 0 0 11                    R 21e     566663342910 9 711    45.0   43.0
 21 1894.950788 9.551E-30 1.030E-04.07480.101 2679.07960.69-.001289       2 3 3 03       1 2 2 02                    R 15f     436663343010 9 711    33.0   31.0
 21 1894.972753 9.628E-30 6.298E-04.06220.069 3313.83910.72-.002512       2 2 2 03       1 1 1 02                    Q 59e     565553342910 9 711   119.0  119.0
 21 1895.062535 4.366E-29 2.978E-05.08340.112 1948.92090.68-.000668       2 2 2 03       1 1 1 02                    R  6f     536663343010 9 711    15.0   13.0
 21 1895.087324 1.253E-28 1.927E-04.08660.118 2011.09350.69-.001266       1 4 4 02       0 3 3 01                    Q  4f     566663342910 9 711     9.0    9.0
 21 1895.097146 2.257E-28 2.895E-04.08490.116 2015.01730.69-.001325       1 4 4 02       0 3 3 01                    Q  5e     566663342910 9 711    11.0   11.0
 21 1895.108929 3.109E-28 3.452E-04.08340.114 2019.72570.68-.001378       1 4 4 02       0 3 3 01                    Q  6f     566663342910 9 711    13.0   13.0
 21 1895.122671 3.849E-28 3.804E-04.08200.112 2025.21880.68-.001425       1 4 4 02       0 3 3 01                    Q  7e     566663342910 9 711    15.0   15.0
 21 1895.138372 4.497E-28 4.043E-04.08080.111 2031.49660.68-.001468       1 4 4 02       0 3 3 01                    Q  8f     566663342910 9 711    17.0   17.0
 21 1895.156027 5.063E-28 4.215E-04.07970.109 2038.55900.68-.001507       1 4 4 02       0 3 3 01                    Q  9e     566663342910 9 711    19.0   19.0
 21 1895.159734 2.162E-28 4.423E-03.06590.074 3032.60550.74-.002225       2 2 2 02       1 1 1 01                    P 49e     566563342910 9 711    97.0   99.0
 21 1895.175636 5.552E-28 4.345E-04.07870.108 2046.40600.68-.001544       1 4 4 02       0 3 3 01                    Q 10f     566663342910 9 711    21.0   21.0
 21 1895.188371 2.683E-30 9.016E-04.07060.093 3476.16330.72-.001724       2 4 4 03       1 3 3 02                    R 24f     466663342910 9 711    51.0   49.0
 21 1895.197195 5.967E-28 4.446E-04.07780.107 2055.03760.68-.001578       1 4 4 02       0 3 3 01                    Q 11e     566663342910 9 711    23.0   23.0
 21 1895.202013 1.087E-25 1.059E-04.07370.099  786.90280.70-.001359       2 0 0 03       0 1 1 01                    R 17e     566663343810 9 711    37.0   35.0
 21 1895.215900 3.827E-28 1.373E-03.06220.069 2719.90300.72-.002685       2 1 1 03       0 2 2 01                    R 59f     565553342910 9 711   121.0  119.0
 21 1895.217988 2.999E-30 1.459E-03.07550.103 3421.49590.68-.002164       3 2 2 03       2 1 1 02                    P 14f     566663342910 9 711    27.0   29.0
 21 1895.219280 9.283E-29 1.592E-03.05950.067 3064.36320.70-.002814       2 1 1 03       0 2 2 01                    R 66e     565553342910 9 711   135.0  133.0
 21 1895.220701 6.311E-28 4.529E-04.07700.105 2064.45370.68-.001609       1 4 4 02       0 3 3 01                    Q 12f     566663342910 9 711    25.0   25.0
 21 1895.229665 3.165E-28 4.039E-03.06620.076 2922.35420.74-.002204       2 2 2 02       1 1 1 01                    P 46f     566563342910 9 711    91.0   93.0
 21 1895.246151 6.586E-28 4.599E-04.07620.104 2074.65430.68-.001639       1 4 4 02       0 3 3 01                    Q 13e     566663342910 9 711    27.0   27.0
 21 1895.273540 6.794E-28 4.660E-04.07550.103 2085.63930.68-.001668       1 4 4 02       0 3 3 01                    Q 14f     566663342910 9 711    29.0   29.0
 21 1895.302867 6.939E-28 4.714E-04.07480.102 2097.40880.69-.001695       1 4 4 02       0 3 3 01                    Q 15e     566663342910 9 711    31.0   31.0
 21 1895.326832 6.488E-30 6.496E-04.06120.069 3408.13560.71-.002540       2 2 2 03       1 1 1 02                    Q 61e     565553342910 9 711   123.0  123.0
 21 1895.334124 7.021E-28 4.763E-04.07420.101 2109.96260.69-.001721       1 4 4 02       0 3 3 01                    Q 16f     566663342910 9 711    33.0   33.0
 21 1895.367311 7.047E-28 4.810E-04.07370.100 2123.30070.70-.001747       1 4 4 02       0 3 3 01                    Q 17e     566663342910 9 711    35.0   35.0
 21 1895.375271 5.200E-29 2.189E-03.06960.091 3056.66140.73-.002129       2 3 3 02       1 2 2 01                    P 27f     566663342910 9 711    53.0   55.0
 21 1895.400597 1.472E-28 5.907E-03.06830.087 3082.37080.74-.002136       3 1 1 03       2 0 0 02                    P 32e     566663342910 9 711    63.0   65.0
 21 1895.402418 7.018E-28 4.853E-04.07310.099 2137.42310.70-.001771       1 4 4 02       0 3 3 01                    Q 18f     566663342910 9 711    37.0   37.0
 21 1895.425498 1.702E-28 1.005E-02.05870.066 3324.60720.69-.002401       2 1 1 02       1 0 0 01                    P 70e     565553342910 9 711   139.0  141.0
 21 1895.429230 1.770E-28 8.029E-04.06700.080 2685.58900.75-.002207       3 0 0 03       1 1 1 01                    R 39e     566663342910 9 711    81.0   79.0
 21 1895.429514 4.322E-30 2.986E-03.06750.083 3703.76300.74-.002162       3 2 2 04       2 1 1 03                    R 36f     466663342910 9 711    75.0   73.0
 21 1895.439446 6.940E-28 4.895E-04.07260.098 2152.32960.70-.001795       1 4 4 02       0 3 3 01                    Q 19e     566663342910 9 711    39.0   39.0
 21 1895.452587 1.364E-28 3.476E-03.06790.084 3013.53080.74-.002098       3 1 1 04       2 0 0 03                    R 34e     466663342910 9 711    71.0   69.0
 21 1895.463311 1.924E-26 5.638E-04.07620.104 1406.41030.68-.002168       1 3 3 02       0 2 2 01                    P 13f     566663342910 9 711    25.0   27.0
 21 1895.478383 6.816E-28 4.936E-04.07220.097 2168.02030.71-.001818       1 4 4 02       0 3 3 01                    Q 20f     566663342910 9 711    41.0   41.0
 21 1895.519232 6.652E-28 4.976E-04.07170.096 2184.49500.71-.001841       1 4 4 02       0 3 3 01                    Q 21e     566663342910 9 711    43.0   43.0
 21 1895.561975 6.453E-28 5.017E-04.07130.095 2201.75370.71-.001863       1 4 4 02       0 3 3 01                    Q 22f     566663342910 9 711    45.0   45.0
 21 1895.606622 6.223E-28 5.057E-04.07090.095 2219.79630.72-.001885       1 4 4 02       0 3 3 01                    Q 23e     566663342910 9 711    47.0   47.0
 21 1895.653145 5.968E-28 5.098E-04.07060.094 2238.62270.72-.001906       1 4 4 02       0 3 3 01                    Q 24f     566663342910 9 711    49.0   49.0
 21 1895.690357 4.305E-30 6.704E-04.06040.068 3505.53110.71-.002568       2 2 2 03       1 1 1 02                    Q 63e     565553342910 9 711   127.0  127.0
 21 1895.701566 5.692E-28 5.139E-04.07020.093 2258.23290.72-.001927       1 4 4 02       0 3 3 01                    Q 25e     566663342910 9 711    51.0   51.0
 21 1895.751842 5.401E-28 5.181E-04.06990.092 2278.62670.73-.001948       1 4 4 02       0 3 3 01                    Q 26f     566663342910 9 711    53.0   53.0
 21 1895.769857 1.385E-29 1.498E-04.07420.100 2691.62030.70-.001343       2 3 3 03       1 2 2 02                    R 16e     466663342910 9 711    35.0   33.0
 21 1895.804010 5.098E-28 5.224E-04.06960.091 2299.80410.73-.001968       1 4 4 02       0 3 3 01                    Q 27e     566663342910 9 711    55.0   55.0
 21 1895.858008 4.787E-28 5.267E-04.06930.090 2321.76500.73-.001988       1 4 4 02       0 3 3 01                    Q 28f     566663342910 9 711    57.0   57.0
 21 1895.909389 2.411E-29 1.491E-05.08200.111 1954.35140.68-.000753       2 2 2 03       1 1 1 02                    R  7e     536663343010 9 711    17.0   15.0
 21 1895.913895 4.474E-28 5.312E-04.06900.089 2344.50930.73-.002008       1 4 4 02       0 3 3 01                    Q 29e     566663342910 9 711    59.0   59.0
 21 1895.971581 4.161E-28 5.357E-04.06880.088 2368.03680.74-.002027       1 4 4 02       0 3 3 01                    Q 30f     566663342910 9 711    61.0   61.0
 21 1896.026153 2.855E-30 1.016E-03.07020.092 3495.78680.73-.001766       2 4 4 03       1 3 3 02                    R 25e     466663342910 9 711    53.0   51.0
 21 1896.031157 3.851E-28 5.403E-04.06850.088 2392.34760.74-.002047       1 4 4 02       0 3 3 01                    Q 31e     566663342910 9 711    63.0   63.0
 21 1896.053850 8.352E-25 1.542E-03.06900.089 1007.13350.73-.002131       1 2 2 02       0 1 1 01                    P 29e     566663343810 9 711    57.0   59.0
 21 1896.063120 2.812E-30 6.922E-04.05980.067 3606.02380.70-.002595       2 2 2 03       1 1 1 02                    Q 65e     565553342910 9 711   131.0  131.0
 21 1896.066128 5.587E-27 4.601E-04.09050.123 1287.75110.69-.001125       2 1 1 03       1 0 0 02                    Q  2e     566663342910 9 711     5.0    5.0
 21 1896.092285 9.816E-27 4.612E-04.08660.118 1293.21780.69-.001266       2 1 1 03       1 0 0 02                    Q  4e     566663342910 9 711     9.0    9.0
 21 1896.092494 3.548E-28 5.451E-04.06830.087 2417.44150.74-.002066       1 4 4 02       0 3 3 01                    Q 32f     566663342910 9 711    65.0   65.0
 21 1896.131794 5.249E-29 2.074E-03.06990.092 3035.52110.73-.002129       2 3 3 02       1 2 2 01                    P 26e     566663342910 9 711    51.0   53.0
 21 1896.133375 1.365E-26 4.630E-04.08340.114 1301.80820.68-.001378       2 1 1 03       1 0 0 02                    Q  6e     566663342910 9 711    13.0   13.0
 21 1896.155729 3.254E-28 5.501E-04.06810.086 2443.31820.74-.002085       1 4 4 02       0 3 3 01                    Q 33e     566663342910 9 711    67.0   67.0
 21 1896.174010 6.043E-24 4.322E-03.06600.075  917.05730.74-.002218       1 1 1 02       0 0 0 01                    P 48e     956563343310 9 711    95.0   97.0
 21 1896.189376 1.695E-26 4.654E-04.08080.111 1313.52210.68-.001468       2 1 1 03       1 0 0 02                    Q  8e     566663342910 9 711    17.0   17.0
 21 1896.199239 2.675E-30 1.333E-03.07620.104 3410.33730.68-.002168       3 2 2 03       2 1 1 02                    P 13e     566663342910 9 711    25.0   27.0
 21 1896.220676 2.971E-28 5.552E-04.06790.085 2469.97800.74-.002103       1 4 4 02       0 3 3 01                    Q 34f     566663342910 9 711    69.0   69.0
 21 1896.222676 1.656E-26 5.024E-04.07700.105 1396.22820.68-.002173       1 3 3 02       0 2 2 01                    P 12e     566663342910 9 711    23.0   25.0
 21 1896.243310 1.417E-29 2.077E-04.08850.120 2353.78850.70-.002086       1 1 1 12       0 0 0 11                    P  3e     666663342910 9 711     5.0    7.0
 21 1896.254554 8.797E-25 1.512E-03.06930.090  984.98900.73-.002130       1 2 2 02       0 1 1 01                    P 28f     566663343810 9 711    55.0   57.0
 21 1896.260263 1.961E-26 4.685E-04.07870.108 1328.35940.68-.001544       2 1 1 03       1 0 0 02                    Q 10e     566663342910 9 711    21.0   21.0
 21 1896.287537 2.700E-28 5.603E-04.06770.084 2497.42030.74-.002122       1 4 4 02       0 3 3 01                    Q 35e     566663342910 9 711    71.0   71.0
 21 1896.335347 9.793E-28 3.774E-03.06650.077 2671.22530.74-.002319       3 0 0 04       1 1 1 02                    R 43e     566563342910 9 711    89.0   87.0
 21 1896.346000 2.156E-26 4.722E-04.07700.105 1346.31960.68-.001609       2 1 1 03       1 0 0 02                    Q 12e     566663342910 9 711    25.0   25.0
 21 1896.356051 2.443E-28 5.657E-04.06750.084 2525.64550.74-.002140       1 4 4 02       0 3 3 01                    Q 36f     566663342910 9 711    73.0   73.0
 21 1896.392298 3.723E-30 2.288E-03.06770.084 3673.89260.74-.002130       3 2 2 04       2 1 1 03                    R 35e     466663342910 9 711    73.0   71.0
 21 1896.426506 2.201E-28 5.712E-04.06730.083 2554.65300.74-.002158       1 4 4 02       0 3 3 01                    Q 37e     566663342910 9 711    75.0   75.0
 21 1896.444903 1.808E-30 7.148E-04.05930.067 3709.61200.70-.002622       2 2 2 03       1 1 1 02                    Q 67e     565553342910 9 711   135.0  135.0
 21 1896.446547 2.278E-26 4.766E-04.07550.103 1367.40260.68-.001668       2 1 1 03       1 0 0 02                    Q 14e     566663342910 9 711    29.0   29.0
 21 1896.457213 1.533E-30 8.969E-07.06600.074 2305.27510.74-.002546       1 3 3 02       1 0 0 01                    R 48e     566563342910 9 711    99.0   97.0
 21 1896.498540 1.974E-28 5.768E-04.06720.082 2584.44300.75-.002176       1 4 4 02       0 3 3 01                    Q 38f     566663342910 9 711    77.0   77.0
 21 1896.536276 6.107E-29 1.701E-03.05910.066 3169.76890.69-.002848       2 1 1 03       0 2 2 01                    R 68e     565553342910 9 711   139.0  137.0
 21 1896.537662 2.794E-28 4.134E-03.06620.075 2956.98060.74-.002211       2 2 2 02       1 1 1 01                    P 47e     566563342910 9 711    93.0   95.0
 21 1896.561854 2.329E-26 4.817E-04.07420.101 1391.60780.69-.001721       2 1 1 03       1 0 0 02                    Q 16e     566663342910 9 711    33.0   33.0
 21 1896.572553 1.763E-28 5.826E-04.06700.081 2615.01510.75-.002194       1 4 4 02       0 3 3 01                    Q 39e     566663342910 9 711    79.0   79.0
 21 1896.592976 1.771E-29 1.935E-04.07370.099 2704.94240.70-.001396       2 3 3 03       1 2 2 02                    R 17f     466663342910 9 711    37.0   35.0
 21 1896.648056 1.568E-28 5.886E-04.06690.080 2646.36960.75-.002211       1 4 4 02       0 3 3 01                    Q 40f     566663342910 9 711    81.0   81.0
 21 1896.651305 9.300E-30 5.311E-06.08080.109 1960.67110.68-.000832       2 2 2 03       1 1 1 02                    R  8f     536663343010 9 711    19.0   17.0
 21 1896.691865 2.313E-26 4.874E-04.07310.099 1418.93480.70-.001771       2 1 1 03       1 0 0 02                    Q 18e     566663342910 9 711    37.0   37.0
 21 1896.725594 1.389E-28 5.949E-04.06680.080 2678.50580.75-.002228       1 4 4 02       0 3 3 01                    Q 41e     566563342910 9 711    83.0   83.0
 21 1896.765899 2.369E-30 1.223E-03.07700.105 3400.37520.68-.002173       3 2 2 03       2 1 1 02                    P 12f     566663342910 9 711    23.0   25.0
 21 1896.784777 3.976E-28 3.762E-03.06640.077 2851.22260.74-.002191       2 2 2 02       1 1 1 01                    P 44f     566563342910 9 711    87.0   89.0
 21 1896.797376 1.437E-25 1.457E-04.07260.097  815.80320.71-.001459       2 0 0 03       0 1 1 01                    R 19e     566663343810 9 711    41.0   39.0
 21 1896.804510 1.224E-28 6.008E-04.06660.079 2711.42410.75-.002245       1 4 4 02       0 3 3 01                    Q 42f     566563342910 9 711    85.0   85.0
 21 1896.825707 1.532E-28 9.016E-04.06680.079 2748.76860.75-.002264       3 0 0 03       1 1 1 01                    R 41e     566563342910 9 711    85.0   83.0
 21 1896.835485 1.145E-30 7.388E-04.05890.066 3816.29370.69-.002648       2 2 2 03       1 1 1 02                    Q 69e     565553342910 9 711   139.0  139.0
 21 1896.836516 2.240E-26 4.939E-04.07220.097 1449.38310.71-.001818       2 1 1 03       1 0 0 02                    Q 20e     566663342910 9 711    41.0   41.0
 21 1896.836962 1.844E-27 2.504E-04.09500.127 1285.40820.69-.000561       2 1 1 03       1 0 0 02                    R  0e     566663342910 9 711     3.0    1.0
 21 1896.858403 1.057E-28 4.370E-04.07090.094 2562.80430.72-.000735       3 0 0 01       0 0 0 11                    R 23e     566663342910 9 711    49.0   47.0
 21 1896.865776 3.001E-30 1.138E-03.06990.091 3516.19450.73-.001807       2 4 4 03       1 3 3 02                    R 26f     466663342910 9 711    55.0   53.0
 21 1896.869497 2.694E-28 1.484E-03.06120.068 2814.44200.71-.002724       2 1 1 03       0 2 2 01                    R 61f     565553342910 9 711   125.0  123.0
 21 1896.876025 5.261E-29 1.961E-03.07020.093 3015.17650.72-.002130       2 3 3 02       1 2 2 01                    P 25f     566663342910 9 711    49.0   51.0
 21 1896.885537 1.075E-28 6.073E-04.06650.078 2745.12380.75-.002262       1 4 4 02       0 3 3 01                    Q 43e     566563342910 9 711    87.0   87.0
 21 1896.915990 1.599E-28 5.406E-03.06880.088 3033.31960.74-.002132       3 1 1 03       2 0 0 02                    P 30e     566663342910 9 711    59.0   61.0
 21 1896.967806 9.403E-29 6.141E-04.06640.077 2779.60550.74-.002279       1 4 4 02       0 3 3 01                    Q 44f     566563342910 9 711    89.0   89.0
 21 1896.984071 1.394E-26 4.429E-04.07780.107 1386.82910.68-.002177       1 3 3 02       0 2 2 01                    P 11f     566663342910 9 711    21.0   23.0
 21 1896.995736 2.118E-26 5.010E-04.07130.095 1482.95210.71-.001863       2 1 1 03       1 0 0 02                    Q 22e     566663342910 9 711    45.0   45.0
 21 1897.048991 1.261E-28 3.990E-03.06750.083 3069.00370.74-.002162       3 1 1 04       2 0 0 03                    R 36e     466663342910 9 711    75.0   73.0
 21 1897.052288 8.189E-29 6.209E-04.06630.077 2814.86810.74-.002296       1 4 4 02       0 3 3 01                    Q 45e     566563342910 9 711    91.0   91.0
 21 1897.059756 3.891E-30 3.402E-03.06720.081 3762.54160.75-.002224       3 2 2 04       2 1 1 03                    R 38f     466663342910 9 711    79.0   77.0
 21 1897.074213 2.651E-28 9.542E-03.05910.066 3216.43970.69-.002383       2 1 1 02       1 0 0 01                    P 68e     565553342910 9 711   135.0  137.0
 21 1897.137846 7.102E-29 6.279E-04.06620.076 2850.91250.74-.002312       1 4 4 02       0 3 3 01                    Q 46f     566563342910 9 711    93.0   93.0
 21 1897.169448 1.959E-26 5.088E-04.07060.094 1519.64110.72-.001906       2 1 1 03       1 0 0 02                    Q 24e     566663342910 9 711    49.0   49.0
 21 1897.225748 6.135E-29 6.351E-04.06620.075 2887.73740.74-.002329       1 4 4 02       0 3 3 01                    Q 47e     566563342910 9 711    95.0   95.0
 21 1897.314526 5.277E-29 6.424E-04.06600.075 2925.34400.74-.002345       1 4 4 02       0 3 3 01                    Q 48f     566563342910 9 711    97.0   97.0
 21 1897.357565 1.776E-26 5.176E-04.06990.092 1559.44940.73-.001948       2 1 1 03       1 0 0 02                    Q 26e     566663342910 9 711    53.0   53.0
 21 1897.405814 4.521E-29 6.499E-04.06590.074 2963.73050.74-.002361       1 4 4 02       0 3 3 01                    Q 49e     566563342910 9 711    99.0   99.0
 21 1897.415638 2.182E-29 2.424E-04.07310.098 2719.05030.70-.001448       2 3 3 03       1 2 2 02                    R 18e     466663342910 9 711    39.0   37.0
 21 1897.471299 8.700E-25 1.394E-03.06960.091  962.62570.73-.002129       1 2 2 02       0 1 1 01                    P 27e     566663343810 9 711    53.0   55.0
 21 1897.497735 3.858E-29 6.577E-04.06580.074 3002.89860.74-.002376       1 4 4 02       0 3 3 01                    Q 50f     566553342910 9 711   101.0  101.0
 21 1897.559994 1.578E-26 5.269E-04.06930.090 1602.37630.73-.001988       2 1 1 03       1 0 0 02                    Q 28e     566663342910 9 711    57.0   57.0
 21 1897.592378 3.279E-29 6.656E-04.06560.073 3042.84600.74-.002392       1 4 4 02       0 3 3 01                    Q 51e     565553342910 9 711   103.0  103.0
 21 1897.633167 5.236E-29 1.852E-03.07060.094 2995.60220.72-.002130       2 3 3 02       1 2 2 01                    P 24e     566663342910 9 711    47.0   49.0
 21 1897.642672 7.715E-24 4.026E-03.06620.076  843.03010.74-.002204       1 1 1 02       0 0 0 01                    P 46e     956563343310 9 711    91.0   93.0
 21 1897.687360 2.775E-29 6.736E-04.06530.072 3083.57500.74-.002408       1 4 4 02       0 3 3 01                    Q 52f     565553342910 9 711   105.0  105.0
 21 1897.691369 2.047E-30 1.106E-03.07780.107 3390.83760.68-.002177       3 2 2 03       2 1 1 02                    P 11e     566663342910 9 711    21.0   23.0
 21 1897.707384 3.118E-30 1.266E-03.06960.090 3537.38620.73-.001846       2 4 4 03       1 3 3 02                    R 27e     466663342910 9 711    57.0   55.0
 21 1897.746756 9.008E-25 1.357E-03.06990.092  941.97360.73-.002129       1 2 2 02       0 1 1 01                    P 26f     566663343810 9 711    51.0   53.0
 21 1897.747448 1.142E-26 3.849E-04.07870.108 1378.21320.68-.002180       1 3 3 02       0 2 2 01                    P 10e     566663342910 9 711    19.0   21.0
 21 1897.776633 1.376E-26 5.372E-04.06880.088 1648.42100.74-.002027       2 1 1 03       1 0 0 02                    Q 30e     566663342910 9 711    61.0   61.0
 21 1897.785327 2.340E-29 6.821E-04.06500.072 3125.08260.73-.002423       1 4 4 02       0 3 3 01                    Q 53e     565553342910 9 711   107.0  107.0
 21 1897.842634 3.948E-29 1.813E-03.05870.066 3278.27600.68-.002881       2 1 1 03       0 2 2 01                    R 70e     565553342910 9 711   143.0  141.0
 21 1897.883282 1.965E-29 6.907E-04.06470.071 3167.37170.73-.002438       1 4 4 02       0 3 3 01                    Q 54f     565553342910 9 711   109.0  109.0
 21 1897.921935 3.544E-28 3.857E-03.06630.077 2884.46540.74-.002198       2 2 2 02       1 1 1 01                    P 45e     566563342910 9 711    89.0   91.0
 21 1897.984545 1.643E-29 6.992E-04.06420.071 3210.43880.73-.002453       1 4 4 02       0 3 3 01                    Q 55e     565553342910 9 711   111.0  111.0
 21 1898.007375 1.177E-26 5.477E-04.06830.087 1697.58250.74-.002066       2 1 1 03       1 0 0 02                    Q 32e     566663342910 9 711    65.0   65.0
 21 1898.032908 8.131E-28 4.210E-03.06630.076 2740.67270.74-.002371       3 0 0 04       1 1 1 02                    R 45e     566563342910 9 711    93.0   91.0
 21 1898.085377 1.369E-29 7.083E-04.06380.070 3254.28740.73-.002468       1 4 4 02       0 3 3 01                    Q 56f     565553342910 9 711   113.0  113.0
 21 1898.189911 1.136E-29 7.175E-04.06320.070 3298.91310.72-.002483       1 4 4 02       0 3 3 01                    Q 57e     565553342910 9 711   115.0  115.0
 21 1898.211587 1.296E-28 1.007E-03.06650.077 2815.06110.74-.002319       3 0 0 03       1 1 1 01                    R 43e     566563342910 9 711    89.0   87.0
 21 1898.226317 2.304E-28 3.501E-04.08850.118 2007.95450.69-.000392       1 4 4 02       0 3 3 01                    R  3e     566663342910 9 711     9.0    7.0
 21 1898.238767 3.327E-30 2.563E-03.06730.082 3730.91830.75-.002193       3 2 2 04       2 1 1 03                    R 37e     466663342910 9 711    77.0   75.0
 21 1898.243480 2.607E-29 2.964E-04.07260.097 2733.93840.71-.001497       2 3 3 03       1 2 2 02                    R 19f     466663342910 9 711    41.0   39.0
 21 1898.252104 9.899E-27 5.596E-04.06790.085 1749.86000.74-.002103       2 1 1 03       1 0 0 02                    Q 34e     566663342910 9 711    69.0   69.0
 21 1898.293516 9.388E-30 7.269E-04.06270.070 3344.32050.72-.002497       1 4 4 02       0 3 3 01                    Q 58f     565553342910 9 711   117.0  117.0
 21 1898.316493 1.743E-30 9.999E-04.07870.108 3382.38290.68-.002180       3 2 2 03       2 1 1 02                    P 10f     566663342910 9 711    19.0   21.0
 21 1898.339442 4.900E-28 3.497E-03.06660.079 2783.21020.75-.002179       2 2 2 02       1 1 1 01                    P 42f     566563342910 9 711    83.0   85.0
 21 1898.381730 5.171E-29 1.745E-03.07090.095 2976.81990.72-.002132       2 3 3 02       1 2 2 01                    P 23f     566663342910 9 711    45.0   47.0
 21 1898.395320 1.778E-25 1.922E-04.07170.095  847.82630.71-.001553       2 0 0 03       0 1 1 01                    R 21e     566663343810 9 711    45.0   43.0
 21 1898.401300 7.728E-30 7.364E-04.06220.069 3390.50410.72-.002512       1 4 4 02       0 3 3 01                    Q 59e     565553342910 9 711   119.0  119.0
 21 1898.404285 2.258E-27 1.332E-04.09050.120 1287.75110.70-.000315       2 1 1 03       1 0 0 02                    R  2e     566663342910 9 711     7.0    5.0
 21 1898.433826 1.698E-28 4.934E-03.06930.090 2987.37880.73-.002130       3 1 1 03       2 0 0 02                    P 28e     566663342910 9 711    55.0   57.0
 21 1898.472462 1.412E-30 1.158E-06.06580.073 2382.42160.74-.002594       1 3 3 02       1 0 0 01                    R 50e     566553342910 9 711   103.0  101.0
 21 1898.507565 6.337E-30 7.463E-04.06170.069 3437.46950.72-.002526       1 4 4 02       0 3 3 01                    Q 60f     565553342910 9 711   121.0  121.0
 21 1898.510695 8.178E-27 5.722E-04.06750.084 1805.25230.74-.002140       2 1 1 03       1 0 0 02                    Q 36e     566663342910 9 711    73.0   73.0
 21 1898.512841 9.051E-27 3.284E-04.07970.109 1370.38040.68-.002182       1 3 3 02       0 2 2 01                    P  9f     566663342910 9 711    17.0   19.0
 21 1898.520902 1.863E-28 1.601E-03.06040.068 2912.08930.71-.002761       2 1 1 03       0 2 2 01                    R 63f     565553342910 9 711   129.0  127.0
 21 1898.550772 3.207E-30 1.401E-03.06930.089 3559.36190.73-.001885       2 4 4 03       1 3 3 02                    R 28f     466663342910 9 711    59.0   57.0
 21 1898.565428 1.501E-29 3.608E-04.09500.127 2349.91710.69-.001039       1 1 1 12       0 0 0 11                    Q  1e     666663342910 9 711     3.0    3.0
 21 1898.581065 3.442E-29 3.613E-04.08850.120 2353.78850.70-.001200       1 1 1 12       0 0 0 11                    Q  3e     666663342910 9 711     7.0    7.0
 21 1898.609199 5.240E-29 3.621E-04.08490.116 2360.75690.69-.001325       1 1 1 12       0 0 0 11                    Q  5e     666663342910 9 711    11.0   11.0
 21 1898.618582 5.176E-30 7.563E-04.06120.069 3485.21000.71-.002540       1 4 4 02       0 3 3 01                    Q 61e     565553342910 9 711   123.0  123.0
 21 1898.646903 1.136E-28 4.544E-03.06720.081 3127.59400.75-.002224       3 1 1 04       2 0 0 03                    R 38e     466663342910 9 711    79.0   77.0
 21 1898.649811 6.826E-29 3.633E-04.08200.112 2370.82230.68-.001425       1 1 1 12       0 0 0 11                    Q  7e     666663342910 9 711    15.0   15.0
 21 1898.692382 3.418E-30 3.850E-03.06690.080 3824.44640.75-.002283       3 2 2 04       2 1 1 03                    R 40f     466663342910 9 711    83.0   81.0
 21 1898.702871 8.144E-29 3.648E-04.07970.109 2383.98440.68-.001507       1 1 1 12       0 0 0 11                    Q  9e     666663342910 9 711    19.0   19.0
 21 1898.717446 4.060E-28 9.052E-03.05950.067 3111.36830.70-.002366       2 1 1 02       1 0 0 01                    P 66e     565553342910 9 711   131.0  133.0
 21 1898.721456 1.860E-30 3.073E-05.07480.101 2766.04610.69-.001289       1 5 5 02       0 4 4 01                    R 15f     436663343010 9 711    33.0   31.0
 21 1898.727386 4.211E-30 7.666E-04.06080.068 3533.73270.71-.002554       1 4 4 02       0 3 3 01                    Q 62f     465553342910 9 711   125.0  125.0
 21 1898.768342 9.157E-29 3.668E-04.07780.107 2400.24310.68-.001578       1 1 1 12       0 0 0 11                    Q 11e     666663342910 9 711    23.0   23.0
 21 1898.783018 6.641E-27 5.856E-04.06720.082 1863.75860.75-.002176       2 1 1 03       1 0 0 02                    Q 38e     566663342910 9 711    77.0   77.0
 21 1898.805406 9.527E-29 4.388E-04.07020.092 2600.72850.73-.000799       3 0 0 01       0 0 0 11                    R 25e     566663342910 9 711    53.0   51.0
 21 1898.841623 3.413E-30 7.772E-04.06040.068 3583.02930.71-.002568       1 4 4 02       0 3 3 01                    Q 63e     465553342910 9 711   127.0  127.0
 21 1898.846175 9.844E-29 3.690E-04.07620.104 2419.59810.68-.001639       1 1 1 12       0 0 0 11                    Q 13e     666663342910 9 711    27.0   27.0
 21 1898.899337 8.824E-25 1.252E-03.07020.093  921.23810.72-.002130       1 2 2 02       0 1 1 01                    P 25e     566663343810 9 711    49.0   51.0
 21 1898.936316 1.021E-28 3.718E-04.07480.102 2442.04910.69-.001695       1 1 1 12       0 0 0 11                    Q 15e     666663342910 9 711    31.0   31.0
 21 1898.952833 2.755E-30 7.880E-04.06010.068 3633.10850.71-.002582       1 4 4 02       0 3 3 01                    Q 64f     465553342910 9 711   129.0  129.0
 21 1899.020861 1.826E-28 2.307E-04.08660.116 2011.09350.69-.000485       1 4 4 02       0 3 3 01                    R  4f     566663342910 9 711    11.0    9.0
 21 1899.038700 1.026E-28 3.747E-04.07370.100 2467.59560.70-.001747       1 1 1 12       0 0 0 11                    Q 17e     666663342910 9 711    35.0   35.0
 21 1899.068933 5.302E-27 5.998E-04.06690.080 1925.37750.75-.002211       2 1 1 03       1 0 0 02                    Q 40e     566663342910 9 711    81.0   81.0
 21 1899.069497 3.038E-29 3.557E-04.07220.096 2749.61350.71-.001545       2 3 3 03       1 2 2 02                    R 20e     466663342910 9 711    43.0   41.0
 21 1899.070287 2.215E-30 7.989E-04.05980.067 3683.96020.70-.002595       1 4 4 02       0 3 3 01                    Q 65e     465553342910 9 711   131.0  131.0
 21 1899.114582 9.664E-24 3.743E-03.06640.077  772.11070.74-.002191       1 1 1 02       0 0 0 01                    P 44e     956563343310 9 711    87.0   89.0
 21 1899.138152 2.510E-29 1.932E-03.05840.065 3389.88260.68-.002913       2 1 1 03       0 2 2 01                    R 72e     565553342910 9 711   147.0  145.0
 21 1899.139933 5.068E-29 1.641E-03.07130.095 2958.81150.71-.002134       2 3 3 02       1 2 2 01                    P 22e     566663342910 9 711    43.0   45.0
 21 1899.153253 1.004E-28 3.783E-04.07260.098 2496.23730.70-.001795       1 1 1 12       0 0 0 11                    Q 19e     666663342910 9 711    39.0   39.0
 21 1899.169478 8.611E-30 4.198E-06.07780.105 1984.04590.68-.001046       2 2 2 03       1 1 1 02                    R 11e     536663343010 9 711    25.0   23.0
 21 1899.183759 1.774E-30 8.101E-04.05950.067 3735.59510.70-.002609       1 4 4 02       0 3 3 01                    Q 66f     465553342910 9 711   133.0  133.0
 21 1899.195375 1.440E-30 8.892E-04.07970.109 3374.45740.68-.002182       3 2 2 03       2 1 1 02                    P  9e     566663342910 9 711    17.0   19.0
 21 1899.244277 8.977E-25 1.211E-03.07060.094  902.08370.72-.002130       1 2 2 02       0 1 1 01                    P 24f     566663343810 9 711    47.0   49.0
 21 1899.279893 9.578E-29 3.820E-04.07170.096 2527.97370.71-.001841       1 1 1 12       0 0 0 11                    Q 21e     666663342910 9 711    43.0   43.0
 21 1899.280225 6.861E-27 2.729E-04.08080.111 1363.33080.68-.002183       1 3 3 02       0 2 2 01                    P  8e     566663342910 9 711    15.0   17.0
 21 1899.304431 1.415E-30 8.214E-04.05930.067 3788.00100.70-.002622       1 4 4 02       0 3 3 01                    Q 67e     465553342910 9 711   135.0  135.0
 21 1899.312777 4.410E-28 3.592E-03.06650.078 2815.06110.75-.002185       2 2 2 02       1 1 1 01                    P 43e     566563342910 9 711    85.0   87.0
 21 1899.368293 4.164E-27 6.151E-04.06660.079 1990.10800.75-.002245       2 1 1 03       1 0 0 02                    Q 42e     566563342910 9 711    85.0   85.0
 21 1899.396172 3.265E-30 1.542E-03.06900.088 3582.12130.74-.001922       2 4 4 03       1 3 3 02                    R 29e     466663342910 9 711    61.0   59.0
 21 1899.418529 8.934E-29 3.862E-04.07090.095 2562.80430.72-.001885       1 1 1 12       0 0 0 11                    Q 23e     666663342910 9 711    47.0   47.0
 21 1899.420007 1.125E-30 8.335E-04.05910.066 3841.19070.69-.002635       1 4 4 02       0 3 3 01                    Q 68f     465553342910 9 711   137.0  137.0
 21 1899.540007 3.081E-30 5.106E-05.07420.100 2778.62240.70-.001343       1 5 5 02       0 4 4 01                    R 16e     436663343010 9 711    35.0   33.0
 21 1899.569060 8.157E-29 3.907E-04.07020.093 2600.72850.72-.001927       1 1 1 12       0 0 0 11                    Q 25e     666663342910 9 711    51.0   51.0
 21 1899.586538 1.072E-28 1.118E-03.06630.076 2884.46540.74-.002371       3 0 0 03       1 1 1 01                    R 45e     566563342910 9 711    93.0   91.0
 21 1899.680944 3.216E-27 6.311E-04.06640.077 2057.94880.74-.002279       2 1 1 03       1 0 0 02                    Q 44e     566563342910 9 711    89.0   89.0
 21 1899.731379 7.298E-29 3.958E-04.06960.091 2641.74570.73-.001968       1 1 1 12       0 0 0 11                    Q 27e     666663342910 9 711    55.0   55.0
 21 1899.732214 6.611E-28 4.678E-03.06620.075 2813.23130.74-.002422       3 0 0 04       1 1 1 02                    R 47e     566563342910 9 711    97.0   95.0
 21 1899.817351 1.411E-28 1.539E-04.08490.114 2015.01730.68-.000579       1 4 4 02       0 3 3 01                    R  5e     566663342910 9 711    13.0   11.0
 21 1899.843970 2.642E-29 1.250E-05.07700.104 1993.57010.68-.001111       2 2 2 03       1 1 1 02                    R 12f     536663343010 9 711    27.0   25.0
 21 1899.869780 1.158E-30 7.841E-04.08080.111 3367.51920.68-.002183       3 2 2 03       2 1 1 02                    P  8f     566663342910 9 711    15.0   17.0
 21 1899.892444 4.926E-29 1.539E-03.07170.096 2941.59230.71-.002136       2 3 3 02       1 2 2 01                    P 21f     566663342910 9 711    41.0   43.0
 21 1899.893793 5.921E-28 3.244E-03.06690.080 2718.31800.75-.002168       2 2 2 02       1 1 1 01                    P 40f     566663342910 9 711    79.0   81.0
 21 1899.902256 3.462E-29 4.200E-04.07170.095 2766.06710.71-.001592       2 3 3 03       1 2 2 02                    R 21f     466663342910 9 711    45.0   43.0
 21 1899.905368 6.403E-29 4.012E-04.06900.089 2685.85510.73-.002008       1 1 1 12       0 0 0 11                    Q 29e     666663342910 9 711    59.0   59.0
 21 1899.954192 1.759E-28 4.483E-03.06990.092 2944.54940.73-.002129       3 1 1 03       2 0 0 02                    P 26e     566663342910 9 711    51.0   53.0
 21 1899.975888 1.757E-27 6.782E-05.08660.116 1293.21780.69-.000485       2 1 1 03       1 0 0 02                    R  4e     566663342910 9 711    11.0    9.0
 21 1899.995634 2.082E-25 2.456E-04.07090.094  882.97140.72-.001641       2 0 0 03       0 1 1 01                    R 23e     566663343810 9 711    49.0   47.0
 21 1900.006722 2.444E-27 6.482E-04.06620.076 2128.89870.74-.002312       2 1 1 03       1 0 0 02                    Q 46e     566563342910 9 711    93.0   93.0
 21 1900.049614 4.892E-27 2.179E-04.08200.112 1357.06440.68-.002181       1 3 3 02       0 2 2 01                    P  7f     566663342910 9 711    13.0   15.0
 21 1900.090903 5.514E-29 4.070E-04.06850.088 2733.05620.74-.002047       1 1 1 12       0 0 0 11                    Q 31e     666663342910 9 711    63.0   63.0
 21 1900.101880 2.895E-30 2.845E-03.06700.080 3791.06120.75-.002254       3 2 2 04       2 1 1 03                    R 39e     466663342910 9 711    81.0   79.0
 21 1900.114705 1.127E-29 1.628E-04.09500.123 2349.91710.69-.000311       1 1 1 12       0 0 0 11                    R  1e     666663342910 9 711     5.0    3.0
 21 1900.169666 1.266E-28 1.725E-03.05980.067 3012.84320.70-.002797       2 1 1 03       0 2 2 01                    R 65f     565553342910 9 711   133.0  131.0
 21 1900.243274 3.293E-30 1.690E-03.06880.088 3605.66470.74-.001959       2 4 4 03       1 3 3 02                    R 30f     466663342910 9 711    63.0   61.0
 21 1900.246304 9.982E-29 5.139E-03.06690.080 3189.30040.75-.002283       3 1 1 04       2 0 0 03                    R 40e     466663342910 9 711    83.0   81.0
 21 1900.287848 4.662E-29 4.133E-04.06810.086 2783.34800.74-.002085       1 1 1 12       0 0 0 11                    Q 33e     666663342910 9 711    67.0   67.0
 21 1900.327298 2.933E-30 4.331E-03.06660.078 3889.47630.75-.002340       3 2 2 04       2 1 1 03                    R 42f     466563342910 9 711    87.0   85.0
 21 1900.337973 8.699E-25 1.118E-03.07090.095  882.97140.72-.002132       1 2 2 02       0 1 1 01                    P 23e     566663343810 9 711    45.0   47.0
 21 1900.345459 1.827E-27 6.661E-04.06600.075 2202.95620.74-.002345       2 1 1 03       1 0 0 02                    Q 48e     566563342910 9 711    97.0   97.0
 21 1900.355464 6.114E-28 8.580E-03.06010.068 3009.39450.71-.002348       2 1 1 02       1 0 0 01                    P 64e     565553342910 9 711   127.0  129.0
 21 1900.360404 4.541E-30 7.603E-05.07370.099 2791.98440.70-.001396       1 5 5 02       0 4 4 01                    R 17f     436663343010 9 711    37.0   35.0
 21 1900.422636 1.568E-29 2.055E-03.05810.065 3504.58670.67-.002944       2 1 1 03       0 2 2 01                    R 74e     565553342910 9 711   151.0  149.0
 21 1900.496061 3.872E-29 4.200E-04.06770.084 2836.72980.74-.002122       1 1 1 12       0 0 0 11                    Q 35e     666663342910 9 711    71.0   71.0
 21 1900.502151 1.269E-30 1.483E-06.06530.072 2462.67570.73-.002641       1 3 3 02       1 0 0 01                    R 52e     565553342910 9 711   107.0  105.0
 21 1900.589843 1.188E-23 3.474E-03.06660.079  704.30050.75-.002179       1 1 1 02       0 0 0 01                    P 42e     956563343310 9 711    83.0   85.0
 21 1900.615779 1.044E-28 1.010E-04.08340.112 2019.72570.68-.000668       1 4 4 02       0 3 3 01                    R  6f     566663342910 9 711    15.0   13.0
 21 1900.652077 4.747E-29 1.441E-03.07220.097 2925.14970.71-.002139       2 3 3 02       1 2 2 01                    P 20e     566663342910 9 711    39.0   41.0
 21 1900.696975 1.344E-27 6.851E-04.06580.074 2280.12000.74-.002376       2 1 1 03       1 0 0 02                    Q 50e     566553342910 9 711   101.0  101.0
 21 1900.710393 5.383E-28 3.338E-03.06680.080 2748.76860.75-.002174       2 2 2 02       1 1 1 01                    P 41e     566563342910 9 711    81.0   83.0
 21 1900.715392 3.161E-29 4.272E-04.06730.083 2893.20070.74-.002158       1 1 1 12       0 0 0 11                    Q 37e     666663342910 9 711    75.0   75.0
 21 1900.731339 3.874E-29 4.897E-04.07130.095 2783.30940.72-.001637       2 3 3 03       1 2 2 02                    R 22e     466663342910 9 711    47.0   45.0
 21 1900.747170 8.689E-25 1.073E-03.07130.095  865.31990.71-.002134       1 2 2 02       0 1 1 01                    P 22f     566663343810 9 711    43.0   45.0
 21 1900.784939 8.414E-29 4.408E-04.06960.090 2641.74570.73-.000860       3 0 0 01       0 0 0 11                    R 27e     566663342910 9 711    57.0   55.0
 21 1900.818668 5.070E-29 2.347E-05.07620.103 2003.58080.68-.001172       2 2 2 03       1 1 1 02                    R 13e     536663343010 9 711    29.0   27.0
 21 1900.820999 3.178E-27 1.631E-04.08340.114 1351.58130.68-.002176       1 3 3 02       0 2 2 01                    P  6e     566663342910 9 711    11.0   13.0
 21 1900.945683 2.536E-29 4.347E-04.06700.081 2952.75970.75-.002194       1 1 1 12       0 0 0 11                    Q 39e     666663342910 9 711    79.0   79.0
 21 1900.950222 8.684E-29 1.238E-03.06620.075 2956.98060.74-.002422       3 0 0 03       1 1 1 01                    R 47e     566563342910 9 711    97.0   95.0
 21 1901.061085 9.733E-28 7.052E-04.06530.072 2360.38860.74-.002408       2 1 1 03       1 0 0 02                    Q 52e     565553342910 9 711   105.0  105.0
 21 1901.092432 3.293E-30 1.845E-03.06850.087 3629.99150.74-.001995       2 4 4 03       1 3 3 02                    R 31e     466663342910 9 711    65.0   63.0
 21 1901.182638 7.451E-30 1.269E-04.07310.098 2806.13200.70-.001448       1 5 5 02       0 4 4 01                    R 18e     466663342910 9 711    39.0   37.0
 21 1901.186766 2.001E-29 4.428E-04.06680.080 3015.40590.75-.002228       1 1 1 12       0 0 0 11                    Q 41e     566563342910 9 711    83.0   83.0
 21 1901.408215 4.532E-29 1.345E-03.07260.098 2909.49430.70-.002142       2 3 3 02       1 2 2 01                    P 19f     566663342910 9 711    37.0   39.0
 21 1901.416142 9.110E-29 7.998E-05.08200.111 2025.21880.68-.000753       1 4 4 02       0 3 3 01                    R  7e     536663343010 9 711    17.0   15.0
 21 1901.432798 5.267E-28 5.180E-03.06590.074 2888.89970.74-.002470       3 0 0 04       1 1 1 02                    R 49e     566563342910 9 711   101.0   99.0
 21 1901.437594 6.936E-28 7.263E-04.06470.071 2443.76040.73-.002438       2 1 1 03       1 0 0 02                    Q 54e     565553342910 9 711   109.0  109.0
 21 1901.438466 1.553E-29 4.514E-04.06650.078 3081.13820.75-.002262       1 1 1 12       0 0 0 11                    Q 43e     566563342910 9 711    87.0   87.0
 21 1901.447751 8.814E-29 4.032E-05.07550.102 2014.71830.69-.001232       2 2 2 03       1 1 1 02                    R 14f     536663343010 9 711    31.0   29.0
 21 1901.447954 7.013E-28 3.002E-03.06720.082 2656.54690.75-.002158       2 2 2 02       1 1 1 01                    P 38f     566663342910 9 711    75.0   77.0
 21 1901.477170 1.776E-28 4.056E-03.07060.094 2904.83190.72-.002130       3 1 1 03       2 0 0 02                    P 24e     566663342910 9 711    47.0   49.0
 21 1901.551734 1.086E-27 3.211E-05.08340.112 1301.80820.68-.000668       2 1 1 03       1 0 0 02                    R  6e     556663343010 9 711    15.0   13.0
 21 1901.569256 4.258E-29 5.641E-04.07090.094 2801.32800.72-.001681       2 3 3 03       1 2 2 02                    R 23f     466663342910 9 711    49.0   47.0
 21 1901.594383 1.753E-27 1.075E-04.08490.116 1346.88140.69-.002165       1 3 3 02       0 2 2 01                    P  5f     566663342910 9 711     9.0   11.0
 21 1901.598088 2.327E-25 3.062E-04.07020.092  921.23810.73-.001725       2 0 0 03       0 1 1 01                    R 25e     566663343810 9 711    53.0   51.0
 21 1901.672206 1.320E-29 1.081E-04.08850.118 2353.78850.69-.000392       1 1 1 12       0 0 0 11                    R  3e     666663342910 9 711     9.0    7.0
 21 1901.695893 9.639E-30 2.184E-03.05790.065 3622.38610.66-.002974       2 1 1 03       0 2 2 01                    R 76e     465553342910 9 711   155.0  153.0
 21 1901.700600 1.186E-29 4.606E-04.06630.077 3149.95560.74-.002296       1 1 1 12       0 0 0 11                    Q 45e     566563342910 9 711    91.0   91.0
 21 1901.787210 8.317E-25 9.903E-04.07170.096  847.82630.71-.002136       1 2 2 02       0 1 1 01                    P 21e     566663343810 9 711    41.0   43.0
 21 1901.815328 8.450E-29 1.855E-03.05930.066 3116.70200.69-.002832       2 1 1 03       0 2 2 01                    R 67f     565553342910 9 711   137.0  135.0
 21 1901.826301 4.865E-28 7.484E-04.06380.070 2530.23390.73-.002468       2 1 1 03       1 0 0 02                    Q 56e     565553342910 9 711   113.0  113.0
 21 1901.847174 8.570E-29 5.778E-03.06660.078 3254.12150.75-.002340       3 1 1 04       2 0 0 03                    R 42e     466563342910 9 711    87.0   85.0
 21 1901.943191 3.264E-30 2.007E-03.06830.086 3655.10210.74-.002030       2 4 4 03       1 3 3 02                    R 32f     466663342910 9 711    67.0   65.0
 21 1901.964407 2.459E-30 4.843E-03.06640.077 3957.62980.74-.002394       3 2 2 04       2 1 1 03                    R 44f     466563342910 9 711    91.0   89.0
 21 1901.972979 8.907E-30 4.701E-04.06620.075 3221.85690.74-.002329       1 1 1 12       0 0 0 11                    Q 47e     566563342910 9 711    95.0   95.0
 21 1901.981819 2.457E-30 3.136E-03.06680.079 3854.32000.75-.002312       3 2 2 04       2 1 1 03                    R 41e     466563342910 9 711    85.0   83.0
 21 1901.988525 9.051E-28 8.125E-03.06080.068 2910.51970.71-.002331       2 1 1 02       1 0 0 01                    P 62e     565553342910 9 711   123.0  125.0
 21 1902.006701 9.389E-30 1.637E-04.07260.097 2821.06520.71-.001497       1 5 5 02       0 4 4 01                    R 19f     466663342910 9 711    41.0   39.0
 21 1902.068553 1.432E-23 3.217E-03.06690.080  639.60040.75-.002168       1 1 1 02       0 0 0 01                    P 40e     956663343310 9 711    79.0   81.0
 21 1902.114972 6.441E-28 3.095E-03.06700.081 2685.58900.75-.002163       2 2 2 02       1 1 1 01                    P 39e     566663342910 9 711    77.0   79.0
 21 1902.169581 4.285E-29 1.251E-03.07310.099 2894.61740.70-.002146       2 3 3 02       1 2 2 01                    P 18e     566663342910 9 711    35.0   37.0
 21 1902.218433 6.088E-29 4.934E-05.08080.109 2031.49660.68-.000832       1 4 4 02       0 3 3 01                    R  8f     536663343010 9 711    19.0   17.0
 21 1902.226995 3.360E-28 7.719E-04.06270.070 2619.80750.72-.002497       2 1 1 03       1 0 0 02                    Q 58e     565553342910 9 711   117.0  117.0
 21 1902.255405 6.583E-30 4.802E-04.06590.074 3296.84090.74-.002361       1 1 1 12       0 0 0 11                    Q 49e     566563342910 9 711    99.0   99.0
 21 1902.255480 8.148E-25 9.434E-04.07220.097  831.68290.71-.002139       1 2 2 02       0 1 1 01                    P 20f     566663343810 9 711    39.0   41.0
 21 1902.302292 6.885E-29 1.363E-03.06590.074 3032.60550.74-.002470       3 0 0 03       1 1 1 01                    R 49e     566563342910 9 711   101.0   99.0
 21 1902.369760 6.653E-28 5.152E-05.08660.118 1342.96480.69-.002141       1 3 3 02       0 2 2 01                    P  4e     566663342910 9 711     7.0    9.0
 21 1902.401066 4.614E-29 6.440E-04.07060.093 2820.13750.72-.001724       2 3 3 03       1 2 2 02                    R 24e     466663342910 9 711    51.0   49.0
 21 1902.480636 1.263E-28 5.747E-05.07480.101 2026.24040.69-.001289       2 2 2 03       1 1 1 02                    R 15e     536663343010 9 711    33.0   31.0
 21 1902.545852 1.112E-30 1.882E-06.06470.071 2546.03630.73-.002686       1 3 3 02       1 0 0 01                    R 54e     565553342910 9 711   111.0  109.0
 21 1902.547671 4.789E-30 4.909E-04.06560.073 3374.90640.74-.002392       1 1 1 12       0 0 0 11                    Q 51e     565553342910 9 711   103.0  103.0
 21 1902.639460 2.284E-28 7.964E-04.06170.069 2712.47950.72-.002526       2 1 1 03       1 0 0 02                    Q 60e     565553342910 9 711   121.0  121.0
 21 1902.796074 3.210E-30 2.175E-03.06810.085 3680.99580.74-.002064       2 4 4 03       1 3 3 02                    R 33e     466663342910 9 711    69.0   67.0
 21 1902.797315 7.284E-29 4.427E-04.06900.088 2685.85510.74-.000916       3 0 0 01       0 0 0 11                    R 29e     566663342910 9 711    61.0   59.0
 21 1902.832584 1.140E-29 2.047E-04.07220.096 2836.78400.71-.001545       1 5 5 02       0 4 4 01                    R 20e     466663342910 9 711    43.0   41.0
 21 1902.849566 3.429E-30 5.021E-04.06500.072 3456.05220.73-.002423       1 1 1 12       0 0 0 11                    Q 53e     565553342910 9 711   107.0  107.0
 21 1902.929083 4.008E-29 1.160E-03.07370.100 2880.52630.70-.002150       2 3 3 02       1 2 2 01                    P 17f     566663342910 9 711    33.0   35.0
 21 1902.957741 5.825E-30 2.319E-03.05770.064 3743.27880.66-.003003       2 1 1 03       0 2 2 01                    R 78e     465553342910 9 711   159.0  157.0
 21 1903.002045 8.136E-28 2.771E-03.06750.084 2597.89790.74-.002150       2 2 2 02       1 1 1 01                    P 36f     566663342910 9 711    71.0   73.0
 21 1903.002829 1.745E-28 3.652E-03.07130.095 2868.22710.71-.002134       3 1 1 03       2 0 0 02                    P 22e     566663342910 9 711    43.0   45.0
 21 1903.022647 3.619E-29 2.749E-05.07970.108 2038.55900.68-.000907       1 4 4 02       0 3 3 01                    R  9e     536663343010 9 711    21.0   19.0
 21 1903.056412 2.004E-28 9.153E-05.07420.100 2038.99840.70-.001343       2 2 2 03       1 1 1 02                    R 16f     566663342910 9 711    35.0   33.0
 21 1903.063469 1.528E-28 8.219E-04.06080.068 2808.24800.71-.002554       2 1 1 03       1 0 0 02                    Q 62e     565553342910 9 711   125.0  125.0
 21 1903.131784 2.862E-28 7.083E-06.08080.109 1313.52210.68-.000832       2 1 1 03       1 0 0 02                    R  8e     556663343010 9 711    19.0   17.0
 21 1903.134191 4.113E-28 5.717E-03.06560.072 2967.67660.74-.002516       3 0 0 04       1 1 1 02                    R 51e     565553342910 9 711   105.0  103.0
 21 1903.160871 2.416E-30 5.137E-04.06420.071 3540.27680.73-.002453       1 1 1 12       0 0 0 11                    Q 55e     565553342910 9 711   111.0  111.0
 21 1903.202440 2.497E-25 3.742E-04.06960.090  962.62570.73-.001804       2 0 0 03       0 1 1 01                    R 27e     566663343810 9 711    57.0   55.0
 21 1903.234766 1.197E-29 7.034E-05.08490.114 2360.75690.68-.000579       1 1 1 12       0 0 0 11                    R  5e     666663342910 9 711    13.0   11.0
 21 1903.244432 4.926E-29 7.284E-04.07020.092 2839.72040.73-.001766       2 3 3 03       1 2 2 02                    R 25f     466663342910 9 711    53.0   51.0
 21 1903.247046 7.690E-25 8.697E-04.07260.098  815.80320.70-.002142       1 2 2 02       0 1 1 01                    P 19e     566663343810 9 711    37.0   39.0
 21 1903.449494 7.194E-29 6.462E-03.06640.077 3322.05600.74-.002394       3 1 1 04       2 0 0 03                    R 44e     466563342910 9 711    91.0   89.0
 21 1903.457416 5.544E-29 1.992E-03.05890.066 3223.66410.69-.002865       2 1 1 03       0 2 2 01                    R 69f     565553342910 9 711   141.0  139.0
 21 1903.481358 1.676E-30 5.260E-04.06320.070 3627.57880.72-.002483       1 1 1 12       0 0 0 11                    Q 57e     565553342910 9 711   115.0  115.0
 21 1903.498789 1.007E-28 8.491E-04.06010.068 2907.11140.71-.002582       2 1 1 03       1 0 0 02                    Q 64e     565553342910 9 711   129.0  129.0
 21 1903.526687 7.553E-28 2.863E-03.06730.083 2625.52330.74-.002154       2 2 2 02       1 1 1 01                    P 37e     566663342910 9 711    73.0   75.0
 21 1903.550808 1.691E-23 2.971E-03.06720.082  578.01160.75-.002158       1 1 1 02       0 0 0 01                    P 38e     956663343310 9 711    75.0   77.0
 21 1903.603613 2.018E-30 5.393E-03.06620.075 4028.90540.74-.002446       3 2 2 04       2 1 1 03                    R 46f     466563342910 9 711    95.0   93.0
 21 1903.616878 1.317E-27 7.684E-03.06170.069 2814.74520.72-.002313       2 1 1 02       1 0 0 01                    P 60e     565553342910 9 711   119.0  121.0
 21 1903.642396 5.348E-29 1.495E-03.06560.072 3111.33890.74-.002516       3 0 0 03       1 1 1 01                    R 51e     565553342910 9 711   105.0  103.0
 21 1903.650426 3.133E-30 2.351E-03.06790.084 3707.67310.74-.002098       2 4 4 03       1 3 3 02                    R 34f     466663342910 9 711    71.0   69.0
 21 1903.660278 1.343E-29 2.499E-04.07170.095 2853.28810.71-.001592       1 5 5 02       0 4 4 01                    R 21f     466663342910 9 711    45.0   43.0
 21 1903.692429 3.707E-29 1.072E-03.07420.101 2867.21520.69-.002154       2 3 3 02       1 2 2 01                    P 16e     566663342910 9 711    31.0   33.0
 21 1903.769248 7.376E-25 8.218E-04.07310.099  801.17310.70-.002146       1 2 2 02       0 1 1 01                    P 18f     566663343810 9 711    35.0   37.0
 21 1903.810794 1.145E-30 5.390E-04.06220.069 3717.95690.72-.002512       1 1 1 12       0 0 0 11                    Q 59e     565553342910 9 711   119.0  119.0
 21 1903.828778 1.759E-29 1.268E-05.07870.107 2046.40600.68-.000978       1 4 4 02       0 3 3 01                    R 10f     536663343010 9 711    23.0   21.0
 21 1903.863580 1.034E-30 8.166E-04.07700.105 3503.39750.68-.001609       2 4 4 02       1 3 3 01                    Q 12f     466663342910 9 711    25.0   25.0
 21 1903.878756 2.036E-30 3.433E-03.06650.077 3920.69360.74-.002367       3 2 2 04       2 1 1 03                    R 43e     466563342910 9 711    89.0   87.0
 21 1903.881365 1.078E-30 8.283E-04.07620.104 3513.59390.68-.001639       2 4 4 02       1 3 3 01                    Q 13e     466663342910 9 711    27.0   27.0
 21 1903.900500 1.111E-30 8.384E-04.07550.103 3524.57450.68-.001668       2 4 4 02       1 3 3 01                    Q 14f     466663342910 9 711    29.0   29.0
 21 1903.920983 1.134E-30 8.477E-04.07480.102 3536.33910.69-.001695       2 4 4 02       1 3 3 01                    Q 15e     466663342910 9 711    31.0   31.0
 21 1903.942806 1.146E-30 8.554E-04.07420.101 3548.88770.69-.001721       2 4 4 02       1 3 3 01                    Q 16f     466663342910 9 711    33.0   33.0
 21 1903.945179 6.531E-29 8.771E-04.05950.067 3009.06770.70-.002609       2 1 1 03       1 0 0 02                    Q 66e     565553342910 9 711   133.0  133.0
 21 1903.965972 1.149E-30 8.628E-04.07370.100 3562.22040.70-.001747       2 4 4 02       1 3 3 01                    Q 17e     466663342910 9 711    35.0   35.0
 21 1903.990465 1.142E-30 8.688E-04.07310.099 3576.33690.70-.001771       2 4 4 02       1 3 3 01                    Q 18f     466663342910 9 711    37.0   37.0
 21 1904.016298 1.128E-30 8.753E-04.07260.098 3591.23730.70-.001795       2 4 4 02       1 3 3 01                    Q 19e     466663342910 9 711    39.0   39.0
 21 1904.043439 1.107E-30 8.819E-04.07220.097 3606.92160.71-.001818       2 4 4 02       1 3 3 01                    Q 20f     466663342910 9 711    41.0   41.0
 21 1904.071919 1.078E-30 8.871E-04.07170.096 3623.38960.71-.001841       2 4 4 02       1 3 3 01                    Q 21e     466663342910 9 711    43.0   43.0
 21 1904.078572 5.201E-29 8.189E-04.06990.091 2860.09700.73-.001807       2 3 3 03       1 2 2 02                    R 26e     466663342910 9 711    55.0   53.0
 21 1904.101684 1.045E-30 8.936E-04.07130.095 3640.64120.71-.001863       2 4 4 02       1 3 3 01                    Q 22f     466663342910 9 711    45.0   45.0
 21 1904.132792 1.006E-30 8.992E-04.07090.095 3658.67640.72-.001885       2 4 4 02       1 3 3 01                    Q 23e     466663342910 9 711    47.0   47.0
 21 1904.155401 2.495E-28 1.150E-04.07370.099 2052.02410.70-.001396       2 2 2 03       1 1 1 02                    R 17e     566663342910 9 711    37.0   35.0
 21 1904.208002 3.463E-30 2.460E-03.05750.064 3867.26250.65-.003031       2 1 1 03       0 2 2 01                    R 80e     465553342910 9 711   163.0  161.0
 21 1904.402391 4.171E-29 9.066E-04.05910.066 3114.11500.69-.002635       2 1 1 03       1 0 0 02                    Q 68e     565553342910 9 711   137.0  137.0
 21 1904.455084 3.385E-29 9.850E-04.07480.102 2854.68880.69-.002159       2 3 3 02       1 2 2 01                    P 15f     566663342910 9 711    29.0   31.0
 21 1904.489773 1.543E-29 2.993E-04.07130.095 2870.57770.72-.001637       1 5 5 02       0 4 4 01                    R 22e     466663342910 9 711    47.0   45.0
 21 1904.507003 3.034E-30 2.533E-03.06770.084 3735.13320.74-.002130       2 4 4 03       1 3 3 02                    R 35e     466663342910 9 711    73.0   71.0
 21 1904.531233 1.666E-28 3.272E-03.07220.097 2834.73550.71-.002139       3 1 1 03       2 0 0 02                    P 20e     566663342910 9 711    39.0   41.0
 21 1904.556180 9.242E-28 2.551E-03.06790.085 2542.37180.74-.002142       2 2 2 02       1 1 1 01                    P 34f     566663342910 9 711    67.0   69.0
 21 1904.636819 5.519E-30 3.821E-06.07780.105 2055.03760.68-.001046       1 4 4 02       0 3 3 01                    R 11e     536663343010 9 711    25.0   23.0
 21 1904.669884 3.253E-28 1.526E-04.07310.098 2066.41000.70-.001448       2 2 2 03       1 1 1 02                    R 18f     566663342910 9 711    39.0   37.0
 21 1904.670892 1.300E-30 1.458E-04.07020.092 3256.27860.73-.001766       1 2 2 12       0 1 1 11                    R 25f     566663342910 9 711    53.0   51.0
 21 1904.717478 6.848E-25 7.557E-04.07370.100  786.90280.70-.002150       1 2 2 02       0 1 1 01                    P 17e     566663343810 9 711    33.0   35.0
 21 1904.802344 8.894E-30 4.204E-05.08200.111 2370.82230.68-.000753       1 1 1 12       0 0 0 11                    R  7e     666663342910 9 711    17.0   15.0
 21 1904.808429 2.582E-25 4.497E-04.06900.088 1007.13350.74-.001880       2 0 0 03       0 1 1 01                    R 29e     566663343810 9 711    61.0   59.0
 21 1904.835912 3.149E-28 6.289E-03.06500.071 3049.56050.73-.002561       3 0 0 04       1 1 1 02                    R 53e     565553342910 9 711   109.0  107.0
 21 1904.842875 6.186E-29 4.448E-04.06850.087 2733.05620.74-.000970       3 0 0 01       0 0 0 11                    R 31e     566663342910 9 711    65.0   63.0
 21 1904.870167 2.623E-29 9.375E-04.05870.066 3222.25130.69-.002661       2 1 1 03       1 0 0 02                    Q 70e     565553342910 9 711   141.0  141.0
 21 1904.927733 5.418E-29 9.131E-04.06960.090 2881.24350.73-.001846       2 3 3 03       1 2 2 02                    R 27f     466663342910 9 711    57.0   55.0
 21 1904.945694 8.674E-28 2.642E-03.06770.084 2568.57240.74-.002146       2 2 2 02       1 1 1 01                    P 35e     566663342910 9 711    69.0   71.0
 21 1904.970176 4.072E-29 1.635E-03.06500.071 3193.17960.73-.002561       3 0 0 03       1 1 1 01                    R 53e     565553342910 9 711   109.0  107.0
 21 1905.036693 1.958E-23 2.739E-03.06750.084  519.53500.74-.002150       1 1 1 02       0 0 0 01                    P 36e     956663343310 9 711    71.0   73.0
 21 1905.053245 5.908E-29 7.192E-03.06620.075 3393.10240.74-.002446       3 1 1 04       2 0 0 03                    R 46e     466563342910 9 711    95.0   93.0
 21 1905.095449 3.575E-29 2.137E-03.05850.066 3333.72750.68-.002898       2 1 1 03       0 2 2 01                    R 71f     565553342910 9 711   145.0  143.0
 21 1905.220604 3.047E-29 9.002E-04.07550.103 2842.94350.68-.002164       2 3 3 02       1 2 2 01                    P 14e     566663342910 9 711    27.0   29.0
 21 1905.240765 1.884E-27 7.262E-03.06270.070 2722.07220.72-.002296       2 1 1 02       1 0 0 01                    P 58e     565553342910 9 711   115.0  117.0
 21 1905.244814 1.621E-30 5.978E-03.06600.074 4103.30170.74-.002496       3 2 2 04       2 1 1 03                    R 48f     466563342910 9 711    99.0   97.0
 21 1905.288507 6.419E-25 7.080E-04.07420.101  773.79110.69-.002154       1 2 2 02       0 1 1 01                    P 16f     566663343810 9 711    31.0   33.0
 21 1905.321060 1.735E-29 3.528E-04.07090.094 2888.65250.72-.001681       1 5 5 02       0 4 4 01                    R 23f     466663342910 9 711    49.0   47.0
 21 1905.348243 1.624E-29 9.696E-04.05840.066 3333.47470.68-.002687       2 1 1 03       1 0 0 02                    Q 72e     565553342910 9 711   145.0  145.0
 21 1905.364881 2.918E-30 2.722E-03.06750.083 3763.37680.74-.002162       2 4 4 03       1 3 3 02                    R 36f     466663342910 9 711    75.0   73.0
 21 1905.446504 2.025E-30 2.607E-03.05720.064 3994.33500.64-.003058       2 1 1 03       0 2 2 01                    R 82e     465553342910 9 711   167.0  165.0
 21 1905.503059 2.805E-27 2.147E-04.08850.120 1339.83150.70-.001200       1 3 3 02       0 2 2 01                    Q  3f     566663342910 9 711     7.0    7.0
 21 1905.510981 4.978E-27 3.008E-04.08660.118 1342.96480.69-.001266       1 3 3 02       0 2 2 01                    Q  4e     566663342910 9 711     9.0    9.0
 21 1905.520882 6.831E-27 3.443E-04.08490.116 1346.88140.69-.001325       1 3 3 02       0 2 2 01                    Q  5f     566663342910 9 711    11.0   11.0
 21 1905.532759 8.467E-27 3.694E-04.08340.114 1351.58130.68-.001378       1 3 3 02       0 2 2 01                    Q  6e     566663342910 9 711    13.0   13.0
 21 1905.546613 9.927E-27 3.855E-04.08200.112 1357.06440.68-.001425       1 3 3 02       0 2 2 01                    Q  7f     566663342910 9 711    15.0   15.0
 21 1905.562437 1.123E-26 3.967E-04.08080.111 1363.33080.68-.001468       1 3 3 02       0 2 2 01                    Q  8e     566663342910 9 711    17.0   17.0
 21 1905.580238 1.237E-26 4.046E-04.07970.109 1370.38040.68-.001507       1 3 3 02       0 2 2 01                    Q  9f     566663342910 9 711    19.0   19.0
 21 1905.599999 1.337E-26 4.110E-04.07870.108 1378.21320.68-.001544       1 3 3 02       0 2 2 01                    Q 10e     566663342910 9 711    21.0   21.0
 21 1905.621738 1.422E-26 4.162E-04.07780.107 1386.82910.68-.001578       1 3 3 02       0 2 2 01                    Q 11f     566663342910 9 711    23.0   23.0
 21 1905.645421 1.492E-26 4.206E-04.07700.105 1396.22820.68-.001609       1 3 3 02       0 2 2 01                    Q 12e     566663342910 9 711    25.0   25.0
 21 1905.666426 1.210E-30 1.010E-03.06640.077 3770.91730.74-.001060       3 1 1 01       0 1 1 11                    P 44e     566563342910 9 711    87.0   89.0
 21 1905.671089 1.547E-26 4.243E-04.07620.104 1406.41030.68-.001639       1 3 3 02       0 2 2 01                    Q 13f     566663342910 9 711    27.0   27.0
 21 1905.698679 1.588E-26 4.277E-04.07550.103 1417.37550.68-.001668       1 3 3 02       0 2 2 01                    Q 14e     566663342910 9 711    29.0   29.0
 21 1905.728264 1.615E-26 4.308E-04.07480.102 1429.12360.69-.001695       1 3 3 02       0 2 2 01                    Q 15f     566663342910 9 711    31.0   31.0
 21 1905.759740 1.629E-26 4.339E-04.07420.101 1441.65470.69-.001721       1 3 3 02       0 2 2 01                    Q 16e     566663342910 9 711    33.0   33.0
 21 1905.763745 5.594E-29 1.014E-03.06930.089 2903.18730.73-.001885       2 3 3 03       1 2 2 02                    R 28e     466663342910 9 711    59.0   57.0
 21 1905.792848 1.647E-30 3.733E-03.06630.076 3990.18060.74-.002420       3 2 2 04       2 1 1 03                    R 45e     466563342910 9 711    93.0   91.0
 21 1905.793228 1.631E-26 4.370E-04.07370.100 1454.96860.70-.001747       1 3 3 02       0 2 2 01                    Q 17f     566663342910 9 711    35.0   35.0
 21 1905.828571 1.621E-26 4.400E-04.07310.099 1469.06550.70-.001771       1 3 3 02       0 2 2 01                    Q 18e     566663342910 9 711    37.0   37.0
 21 1905.836348 9.901E-30 1.003E-03.05810.065 3447.78310.67-.002712       2 1 1 03       1 0 0 02                    Q 74e     565553342910 9 711   149.0  149.0
 21 1905.842984 3.746E-28 1.796E-04.07260.097 2080.93170.71-.001497       2 2 2 03       1 1 1 02                    R 19e     566663342910 9 711    41.0   39.0
 21 1905.865946 1.599E-26 4.427E-04.07260.098 1483.94500.70-.001795       1 3 3 02       0 2 2 01                    Q 19f     566663342910 9 711    39.0   39.0
 21 1905.905131 1.568E-26 4.456E-04.07220.097 1499.60730.71-.001818       1 3 3 02       0 2 2 01                    Q 20e     566663342910 9 711    41.0   41.0
 21 1905.913279 1.357E-30 1.617E-04.06990.091 3276.03580.73-.001807       1 2 2 12       0 1 1 11                    R 26e     566663342910 9 711    55.0   53.0
 21 1905.946374 1.528E-26 4.485E-04.07170.096 1516.05210.71-.001841       1 3 3 02       0 2 2 01                    Q 21f     566663342910 9 711    43.0   43.0
 21 1905.986244 2.700E-29 8.175E-04.07620.104 2831.98220.68-.002168       2 3 3 02       1 2 2 01                    P 13f     566663342910 9 711    25.0   27.0
 21 1905.989376 1.481E-26 4.517E-04.07130.095 1533.27970.71-.001863       1 3 3 02       0 2 2 01                    Q 22e     566663342910 9 711    45.0   45.0
 21 1906.034465 1.426E-26 4.545E-04.07090.095 1551.28950.72-.001885       1 3 3 02       0 2 2 01                    Q 23f     566663342910 9 711    47.0   47.0
 21 1906.035964 1.261E-30 7.012E-03.06170.069 4225.46940.72-.002313       3 1 1 02       2 0 0 01                    P 60e     565553342910 9 711   119.0  121.0
 21 1906.062436 1.540E-28 2.912E-03.07310.099 2804.35760.70-.002146       3 1 1 03       2 0 0 02                    P 18e     566663342910 9 711    35.0   37.0
 21 1906.081260 1.367E-26 4.579E-04.07060.094 1570.08200.72-.001906       1 3 3 02       0 2 2 01                    Q 24e     566663342910 9 711    49.0   49.0
 21 1906.110462 1.027E-27 2.341E-03.06830.087 2489.96950.74-.002136       2 2 2 02       1 1 1 01                    P 32f     566663342910 9 711    63.0   65.0
 21 1906.123721 1.264E-30 9.390E-04.08340.114 3355.78440.68-.001378       3 2 2 03       2 1 1 02                    Q  6f     566663342910 9 711    13.0   13.0
 21 1906.130166 1.302E-26 4.609E-04.07020.093 1589.65660.72-.001927       1 3 3 02       0 2 2 01                    Q 25f     566663342910 9 711    51.0   51.0
 21 1906.133623 1.599E-30 9.616E-04.08080.111 3367.51920.68-.001468       3 2 2 03       2 1 1 02                    Q  8f     566663342910 9 711    17.0   17.0
 21 1906.146155 1.865E-30 9.760E-04.07870.108 3382.38290.68-.001544       3 2 2 03       2 1 1 02                    Q 10f     566663342910 9 711    21.0   21.0
 21 1906.153913 1.070E-30 9.180E-04.08490.116 3351.05630.69-.001325       3 2 2 03       2 1 1 02                    Q  5e     566663342910 9 711    11.0   11.0
 21 1906.154128 1.914E-29 4.101E-04.07060.093 2907.51260.72-.001724       1 5 5 02       0 4 4 01                    R 24e     466663342910 9 711    51.0   49.0
 21 1906.161313 2.056E-30 9.864E-04.07700.105 3400.37520.68-.001609       3 2 2 03       2 1 1 02                    Q 12f     566663342910 9 711    25.0   25.0
 21 1906.179086 2.174E-30 9.964E-04.07550.103 3421.49590.68-.001668       3 2 2 03       2 1 1 02                    Q 14f     566663342910 9 711    29.0   29.0
 21 1906.180731 1.235E-26 4.645E-04.06990.092 1610.01380.73-.001948       1 3 3 02       0 2 2 01                    Q 26e     566663342910 9 711    53.0   53.0
 21 1906.192072 1.439E-30 9.512E-04.08200.112 3361.19690.68-.001425       3 2 2 03       2 1 1 02                    Q  7e     566663342910 9 711    15.0   15.0
 21 1906.198498 5.842E-25 6.483E-04.07480.102  761.12550.69-.002159       1 2 2 02       0 1 1 01                    P 15e     566663343810 9 711    29.0   31.0
 21 1906.199462 2.220E-30 1.006E-03.07420.101 3445.74460.69-.001721       3 2 2 03       2 1 1 02                    Q 16f     566663342910 9 711    33.0   33.0
 21 1906.222427 2.200E-30 1.016E-03.07310.099 3473.12090.70-.001771       3 2 2 03       2 1 1 02                    Q 18f     566663342910 9 711    37.0   37.0
 21 1906.225123 2.787E-30 2.919E-03.06730.082 3792.40280.75-.002193       2 4 4 03       1 3 3 02                    R 37e     466663342910 9 711    77.0   75.0
 21 1906.233420 1.164E-26 4.675E-04.06960.091 1631.15270.73-.001968       1 3 3 02       0 2 2 01                    Q 27f     566663342910 9 711    55.0   55.0
 21 1906.241931 1.740E-30 9.685E-04.07970.109 3374.45740.68-.001507       3 2 2 03       2 1 1 02                    Q  9e     566663342910 9 711    19.0   19.0
 21 1906.247961 2.124E-30 1.026E-03.07220.097 3503.62430.71-.001818       3 2 2 03       2 1 1 02                    Q 20f     566663342910 9 711    41.0   41.0
 21 1906.276041 2.001E-30 1.038E-03.07130.095 3537.25420.71-.001863       3 2 2 03       2 1 1 02                    Q 22f     566663342910 9 711    45.0   45.0
 21 1906.285272 3.039E-29 1.781E-03.06420.070 3278.12640.73-.002604       3 0 0 03       1 1 1 01                    R 55e     465553342910 9 711   113.0  111.0
 21 1906.287733 1.093E-26 4.713E-04.06930.090 1653.07420.73-.001988       1 3 3 02       0 2 2 01                    Q 28e     566663342910 9 711    57.0   57.0
 21 1906.288094 4.629E-28 2.289E-04.07220.096 2096.95250.71-.001545       2 2 2 03       1 1 1 02                    R 20f     566663342910 9 711    43.0   41.0
 21 1906.303006 1.519E-30 1.938E-04.06960.090 3297.40660.73-.001846       1 2 2 12       0 1 1 11                    R 27f     566663342910 9 711    57.0   55.0
 21 1906.303459 1.968E-30 9.800E-04.07780.107 3390.83760.68-.001578       3 2 2 03       2 1 1 02                    Q 11e     566663342910 9 711    23.0   23.0
 21 1906.304329 5.190E-28 1.064E-05.07700.104 1346.31960.68-.001111       2 1 1 03       1 0 0 02                    R 12e     556663343010 9 711    27.0   25.0
 21 1906.306638 1.843E-30 1.049E-03.07060.094 3574.01030.72-.001906       3 2 2 03       2 1 1 02                    Q 24f     566663342910 9 711    49.0   49.0
 21 1906.334201 5.944E-30 1.038E-03.05790.065 3565.17420.67-.002736       2 1 1 03       1 0 0 02                    Q 76e     565553342910 9 711   153.0  153.0
 21 1906.339717 1.662E-30 1.062E-03.06990.092 3613.89170.73-.001948       3 2 2 03       2 1 1 02                    Q 26f     566663342910 9 711    53.0   53.0
 21 1906.344163 1.020E-26 4.745E-04.06900.089 1675.77720.73-.002008       1 3 3 02       0 2 2 01                    Q 29f     566663342910 9 711    59.0   59.0
 21 1906.372136 9.749E-28 2.430E-03.06810.086 2514.73720.74-.002139       2 2 2 02       1 1 1 01                    P 33e     566663342910 9 711    65.0   67.0
 21 1906.374892 6.027E-30 2.463E-05.07970.108 2383.98440.68-.000907       1 1 1 12       0 0 0 11                    R  9e     636663343010 9 711    21.0   19.0
 21 1906.375236 1.469E-30 1.076E-03.06930.090 3656.89780.73-.001988       3 2 2 03       2 1 1 02                    Q 28f     566663342910 9 711    57.0   57.0
 21 1906.376614 2.121E-30 9.892E-04.07620.104 3410.33730.68-.001639       3 2 2 03       2 1 1 02                    Q 13e     566663342910 9 711    27.0   27.0
 21 1906.402207 9.487E-27 4.785E-04.06880.088 1699.26250.74-.002027       1 3 3 02       0 2 2 01                    Q 30e     566663342910 9 711    61.0   61.0
 21 1906.413145 1.274E-30 1.091E-03.06880.088 3703.02790.74-.002027       3 2 2 03       2 1 1 02                    Q 30f     566663342910 9 711    61.0   61.0
 21 1906.415782 2.583E-25 5.330E-04.06850.087 1054.76070.74-.001951       2 0 0 03       0 1 1 01                    R 31e     566663343810 9 711    65.0   63.0
 21 1906.453385 1.084E-30 1.107E-03.06830.087 3752.28130.74-.002066       3 2 2 03       2 1 1 02                    Q 32f     566663342910 9 711    65.0   65.0
 21 1906.461349 2.201E-30 9.981E-04.07480.102 3432.95600.69-.001695       3 2 2 03       2 1 1 02                    Q 15e     566663342910 9 711    31.0   31.0
 21 1906.462327 8.774E-27 4.821E-04.06850.088 1723.52920.74-.002047       1 3 3 02       0 2 2 01                    Q 31f     566663342910 9 711    63.0   63.0
 21 1906.524090 8.082E-27 4.862E-04.06830.087 1748.57800.74-.002066       1 3 3 02       0 2 2 01                    Q 32e     566663342910 9 711    65.0   65.0
 21 1906.526293 2.219E-23 2.517E-03.06790.085  464.17170.74-.002142       1 1 1 02       0 0 0 01                    P 34e     956663343310 9 711    67.0   69.0
 21 1906.537481 2.366E-28 6.901E-03.06420.070 3134.54990.73-.002604       3 0 0 04       1 1 1 02                    R 55e     565553342910 9 711   113.0  111.0
 21 1906.557610 2.212E-30 1.007E-03.07370.100 3458.69340.70-.001747       3 2 2 03       2 1 1 02                    Q 17e     566663342910 9 711    35.0   35.0
 21 1906.587837 7.406E-27 4.901E-04.06810.086 1774.40790.74-.002085       1 3 3 02       0 2 2 01                    Q 33f     566663342910 9 711    67.0   67.0
 21 1906.619105 5.706E-29 1.118E-03.06900.088 2925.89670.74-.001922       2 3 3 03       1 2 2 02                    R 29f     466663342910 9 711    61.0   59.0
 21 1906.653316 6.761E-27 4.945E-04.06790.085 1801.01980.74-.002103       1 3 3 02       0 2 2 01                    Q 34e     566663342910 9 711    69.0   69.0
 21 1906.658408 4.750E-29 7.970E-03.06600.074 3467.25910.74-.002496       3 1 1 04       2 0 0 03                    R 48e     466563342910 9 711    99.0   97.0
 21 1906.665333 2.162E-30 1.016E-03.07260.098 3487.54910.70-.001795       3 2 2 03       2 1 1 02                    Q 19e     566663342910 9 711    39.0   39.0
 21 1906.673088 1.165E-30 2.762E-03.05700.064 4124.49390.64-.003085       2 1 1 03       0 2 2 01                    R 84e     465553342910 9 711   171.0  169.0
 21 1906.720613 6.139E-27 4.985E-04.06770.084 1828.41260.74-.002122       1 3 3 02       0 2 2 01                    Q 35f     566663342910 9 711    71.0   71.0
 21 1906.721737 1.627E-30 1.027E-03.06660.079 3703.56490.75-.001065       3 1 1 01       0 1 1 11                    P 42e     566563342910 9 711    83.0   85.0
 21 1906.728937 2.267E-29 2.289E-03.05830.065 3446.89050.67-.002929       2 1 1 03       0 2 2 01                    R 73f     565553342910 9 711   149.0  147.0
 21 1906.754088 2.350E-29 7.366E-04.07700.105 2821.80280.68-.002173       2 3 3 02       1 2 2 01                    P 12e     566663342910 9 711    23.0   25.0
 21 1906.784447 2.060E-30 1.026E-03.07170.096 3519.52250.71-.001841       3 2 2 03       2 1 1 02                    Q 21e     566663342910 9 711    43.0   43.0
 21 1906.789816 5.556E-27 5.033E-04.06750.084 1856.58700.74-.002140       1 3 3 02       0 2 2 01                    Q 36e     566663342910 9 711    73.0   73.0
 21 1906.813286 5.334E-25 6.013E-04.07550.103  749.53740.68-.002164       1 2 2 02       0 1 1 01                    P 14f     566663343810 9 711    27.0   29.0
 21 1906.841517 3.514E-30 1.075E-03.05770.065 3685.64600.66-.002760       2 1 1 03       1 0 0 02                    Q 78e     565553342910 9 711   157.0  157.0
 21 1906.860420 2.649E-27 6.856E-03.06380.070 2632.50220.73-.002280       2 1 1 02       1 0 0 01                    P 56e     565553342910 9 711   111.0  113.0
 21 1906.860568 5.000E-27 5.075E-04.06730.083 1885.54220.74-.002158       1 3 3 02       0 2 2 01                    Q 37f     566663342910 9 711    75.0   75.0
 21 1906.887911 1.275E-30 6.599E-03.06580.073 4180.81700.74-.002544       3 2 2 04       2 1 1 03                    R 50f     466553342910 9 711   103.0  101.0
 21 1906.914876 1.918E-30 1.037E-03.07090.095 3554.61310.72-.001885       3 2 2 03       2 1 1 02                    Q 23e     566663342910 9 711    47.0   47.0
 21 1906.921987 5.157E-29 4.470E-04.06810.085 2783.34800.74-.001020       3 0 0 01       0 0 0 11                    R 33e     566663342910 9 711    69.0   67.0
 21 1906.933518 4.486E-27 5.125E-04.06720.082 1915.27870.75-.002176       1 3 3 02       0 2 2 01                    Q 38e     566663342910 9 711    77.0   77.0
 21 1906.988968 2.078E-29 4.718E-04.07020.092 2927.15780.73-.001766       1 5 5 02       0 4 4 01                    R 25f     466663342910 9 711    53.0   51.0
 21 1907.007611 4.002E-27 5.169E-04.06700.081 1945.79590.75-.002194       1 3 3 02       0 2 2 01                    Q 39f     566663342910 9 711    79.0   79.0
 21 1907.056535 1.747E-30 1.048E-03.07020.093 3592.82040.72-.001927       3 2 2 03       2 1 1 02                    Q 25e     566663342910 9 711    51.0   51.0
 21 1907.072332 1.010E-29 6.561E-06.07550.102 2085.63930.69-.001232       1 4 4 02       0 3 3 01                    R 14f     536663343010 9 711    31.0   29.0
 21 1907.084346 3.561E-27 5.224E-04.06690.080 1977.09380.75-.002211       1 3 3 02       0 2 2 01                    Q 40e     566663342910 9 711    81.0   81.0
 21 1907.086450 2.643E-30 3.122E-03.06720.081 3822.21220.75-.002224       2 4 4 03       1 3 3 02                    R 38f     466663342910 9 711    79.0   77.0
 21 1907.161643 3.149E-27 5.269E-04.06680.080 2009.17250.75-.002228       1 3 3 02       0 2 2 01                    Q 41f     566563342910 9 711    83.0   83.0
 21 1907.209330 1.558E-30 1.060E-03.06960.091 3634.14370.73-.001968       3 2 2 03       2 1 1 02                    Q 27e     566663342910 9 711    55.0   55.0
 21 1907.242221 2.779E-27 5.327E-04.06660.079 2042.03130.75-.002245       1 3 3 02       0 2 2 01                    Q 42e     566563342910 9 711    85.0   85.0
 21 1907.322558 2.437E-27 5.376E-04.06650.078 2075.67110.75-.002262       1 3 3 02       0 2 2 01                    Q 43f     566563342910 9 711    87.0   87.0
 21 1907.358000 2.045E-30 1.113E-03.05750.064 3809.19610.65-.002784       2 1 1 03       1 0 0 02                    Q 80e     465553342910 9 711   161.0  161.0
 21 1907.373164 1.363E-30 1.073E-03.06900.089 3678.58220.73-.002008       3 2 2 03       2 1 1 02                    Q 29e     566663342910 9 711    59.0   59.0
 21 1907.407065 2.133E-27 5.437E-04.06640.077 2110.09010.74-.002279       1 3 3 02       0 2 2 01                    Q 44e     566563342910 9 711    89.0   89.0
 21 1907.456468 5.778E-29 1.230E-03.06880.088 2949.40770.74-.001959       2 3 3 03       1 2 2 02                    R 30e     466663342910 9 711    63.0   61.0
 21 1907.490244 1.855E-27 5.488E-04.06630.077 2145.29050.74-.002296       1 3 3 02       0 2 2 01                    Q 45f     566563342910 9 711    91.0   91.0
 21 1907.522585 2.001E-29 6.568E-04.07780.107 2812.40680.68-.002177       2 3 3 02       1 2 2 01                    P 11f     566663342910 9 711    21.0   23.0
 21 1907.542525 1.141E-30 1.111E-03.06630.077 3806.98460.74-.001058       3 1 1 01       0 1 1 11                    P 45f     566563342910 9 711    89.0   91.0
 21 1907.543410 5.038E-28 2.576E-04.07170.095 2112.96250.71-.001592       2 2 2 03       1 1 1 02                    R 21e     566663342910 9 711    45.0   43.0
 21 1907.547928 1.170E-30 1.087E-03.06850.088 3726.13530.74-.002047       3 2 2 03       2 1 1 02                    Q 31e     566663342910 9 711    63.0   63.0
 21 1907.578793 1.611E-27 5.556E-04.06620.076 2181.26900.74-.002312       1 3 3 02       0 2 2 01                    Q 46e     566563342910 9 711    93.0   93.0
 21 1907.587317 2.225E-29 1.935E-03.06320.070 3366.17800.72-.002646       3 0 0 03       1 1 1 01                    R 57e     465553342910 9 711   117.0  115.0
 21 1907.596484 1.374E-28 2.574E-03.07420.101 2777.09410.69-.002154       3 1 1 03       2 0 0 02                    P 16e     566663342910 9 711    31.0   33.0
 21 1907.616190 1.533E-30 2.098E-04.06930.089 3318.64860.73-.001885       1 2 2 12       0 1 1 11                    R 28e     566663342910 9 711    59.0   57.0
 21 1907.664582 1.389E-27 5.607E-04.06620.075 2218.02950.74-.002329       1 3 3 02       0 2 2 01                    Q 47f     566563342910 9 711    95.0   95.0
 21 1907.664991 1.116E-27 2.141E-03.06880.088 2440.69170.74-.002132       2 2 2 02       1 1 1 01                    P 30f     566663342910 9 711    59.0   61.0
 21 1907.690096 4.737E-25 5.470E-04.07620.104  738.47170.68-.002168       1 2 2 02       0 1 1 01                    P 13e     566663343810 9 711    25.0   27.0
 21 1907.724237 1.303E-30 4.038E-03.06620.075 4062.77950.74-.002471       3 2 2 04       2 1 1 03                    R 47e     466563342910 9 711    97.0   95.0
 21 1907.757320 1.196E-27 5.675E-04.06600.075 2255.56680.74-.002345       1 3 3 02       0 2 2 01                    Q 48e     566563342910 9 711    97.0   97.0
 21 1907.802087 2.147E-30 1.043E-03.06690.080 3639.30160.75-.001071       3 1 1 01       0 1 1 11                    P 40e     566663342910 9 711    79.0   81.0
 21 1907.806141 1.072E-27 2.228E-03.06850.088 2464.01850.74-.002134       2 2 2 02       1 1 1 01                    P 31e     566663342910 9 711    61.0   63.0
 21 1907.825569 2.222E-29 5.374E-04.06990.091 2947.58800.73-.001807       1 5 5 02       0 4 4 01                    R 26e     466663342910 9 711    55.0   53.0
 21 1907.842220 1.809E-30 6.643E-03.06270.070 4132.66550.72-.002296       3 1 1 02       2 0 0 01                    P 58e     565553342910 9 711   115.0  117.0
 21 1907.845445 1.023E-27 5.731E-04.06590.074 2293.88690.74-.002361       1 3 3 02       0 2 2 01                    Q 49f     566563342910 9 711    99.0   99.0
 21 1907.853045 4.883E-27 3.703E-04.09050.120 1337.48150.70-.000315       1 3 3 02       0 2 2 01                    R  2e     566663342910 9 711     7.0    5.0
 21 1907.883351 1.173E-30 1.153E-03.05720.064 3935.82240.65-.002807       2 1 1 03       1 0 0 02                    Q 82e     465553342910 9 711   165.0  165.0
 21 1907.887944 2.471E-29 1.598E-05.07480.101 2097.40880.69-.001289       1 4 4 02       0 3 3 01                    R 15e     536663343010 9 711    33.0   31.0
 21 1907.896733 1.945E-27 3.853E-05.07550.102 1367.40260.69-.001232       2 1 1 03       1 0 0 02                    R 14e     556663343010 9 711    31.0   29.0
 21 1907.910963 6.004E-28 3.204E-04.07130.095 2130.62550.72-.001637       2 2 2 03       1 1 1 02                    R 22f     566663342910 9 711    47.0   45.0
 21 1907.940541 1.680E-30 2.488E-04.06900.088 3341.63510.74-.001922       1 2 2 12       0 1 1 11                    R 29f     566663342910 9 711    61.0   59.0
 21 1907.942560 8.743E-28 5.806E-04.06580.074 2332.98210.74-.002376       1 3 3 02       0 2 2 01                    Q 50e     566553342910 9 711   101.0  101.0
 21 1907.950330 2.491E-30 3.332E-03.06700.080 3852.80350.75-.002254       2 4 4 03       1 3 3 02                    R 39e     466663342910 9 711    81.0   79.0
 21 1907.952357 2.727E-30 1.015E-05.07780.105 2400.24310.68-.001046       1 1 1 12       0 0 0 11                    R 11e     636663343010 9 711    25.0   23.0
 21 1908.019684 2.461E-23 2.307E-03.06830.087  411.92250.74-.002136       1 1 1 02       0 0 0 01                    P 32e     956663343310 9 711    63.0   65.0
 21 1908.024209 2.506E-25 6.245E-04.06810.085 1105.50660.74-.002020       2 0 0 03       0 1 1 01                    R 33e     566663343810 9 711    69.0   67.0
 21 1908.032701 7.412E-28 5.860E-04.06560.073 2372.86140.74-.002392       1 3 3 02       0 2 2 01                    Q 51f     565553342910 9 711   103.0  103.0
 21 1908.134425 6.287E-28 5.941E-04.06530.072 2413.51370.74-.002408       1 3 3 02       0 2 2 01                    Q 52e     565553342910 9 711   105.0  105.0
 21 1908.226209 5.286E-28 5.996E-04.06500.072 2454.95170.73-.002423       1 3 3 02       0 2 2 01                    Q 53f     565553342910 9 711   107.0  107.0
 21 1908.238411 1.744E-28 7.553E-03.06320.070 3222.64330.72-.002646       3 0 0 04       1 1 1 02                    R 57e     465553342910 9 711   117.0  115.0
 21 1908.264964 3.741E-29 8.798E-03.06580.073 3544.52450.74-.002544       3 1 1 04       2 0 0 03                    R 50e     466553342910 9 711   103.0  101.0
 21 1908.292861 1.660E-29 5.780E-04.07870.108 2803.79330.68-.002180       2 3 3 02       1 2 2 01                    P 10e     566663342910 9 711    19.0   21.0
 21 1908.318493 5.783E-29 1.344E-03.06850.087 2973.67900.74-.001995       2 3 3 03       1 2 2 02                    R 31f     466663342910 9 711    65.0   63.0
 21 1908.332823 4.450E-28 6.085E-04.06470.071 2497.16010.73-.002438       1 3 3 02       0 2 2 01                    Q 54e     565553342910 9 711   109.0  109.0
 21 1908.343605 4.189E-25 5.011E-04.07700.105  728.41230.68-.002173       1 2 2 02       0 1 1 01                    P 12f     566663343810 9 711    23.0   25.0
 21 1908.357380 1.413E-29 2.449E-03.05800.065 3563.15100.67-.002959       2 1 1 03       0 2 2 01                    R 75f     565553342910 9 711   153.0  151.0
 21 1908.368681 1.535E-30 1.120E-03.06650.078 3737.98250.75-.001062       3 1 1 01       0 1 1 11                    P 43f     566563342910 9 711    85.0   87.0
 21 1908.425818 3.710E-28 6.140E-04.06420.071 2540.15640.73-.002453       1 3 3 02       0 2 2 01                    Q 55f     565553342910 9 711   111.0  111.0
 21 1908.476068 3.660E-27 6.466E-03.06470.071 2546.03630.73-.002264       2 1 1 02       1 0 0 01                    P 54e     565553342910 9 711   107.0  109.0
 21 1908.537664 3.100E-28 6.235E-04.06380.070 2583.91980.73-.002468       1 3 3 02       0 2 2 01                    Q 56e     565553342910 9 711   113.0  113.0
 21 1908.631373 2.563E-28 6.291E-04.06320.070 2628.47400.72-.002483       1 3 3 02       0 2 2 01                    Q 57f     565553342910 9 711   115.0  115.0
 21 1908.644280 4.147E-27 2.476E-04.08850.118 1339.83150.69-.000392       1 3 3 02       0 2 2 01                    R  3f     566663342910 9 711     9.0    7.0
 21 1908.663920 2.344E-29 6.070E-04.06960.090 2968.80320.73-.001846       1 5 5 02       0 4 4 01                    R 27f     466663342910 9 711    57.0   55.0
 21 1908.705428 4.510E-29 2.926E-05.07420.100 2109.96260.70-.001343       1 4 4 02       0 3 3 01                    R 16f     536663343010 9 711    35.0   33.0
 21 1908.748855 2.125E-28 6.390E-04.06270.070 2673.79130.72-.002497       1 3 3 02       0 2 2 01                    Q 58e     565553342910 9 711   117.0  117.0
 21 1908.815024 2.333E-30 3.551E-03.06690.080 3884.17820.75-.002283       2 4 4 03       1 3 3 02                    R 40f     466663342910 9 711    83.0   81.0
 21 1908.842708 1.742E-28 6.445E-04.06220.069 2719.90300.72-.002512       1 3 3 02       0 2 2 01                    Q 59f     565553342910 9 711   119.0  119.0
 21 1908.875945 1.598E-29 2.095E-03.06220.069 3457.33300.72-.002685       3 0 0 03       1 1 1 01                    R 59e     465553342910 9 711   121.0  119.0
 21 1908.907223 2.783E-30 1.059E-03.06720.082 3578.12850.75-.001078       3 1 1 01       0 1 1 11                    P 38e     566663342910 9 711    75.0   77.0
 21 1908.966303 1.434E-28 6.554E-04.06170.069 2766.77310.72-.002526       1 3 3 02       0 2 2 01                    Q 60e     565553342910 9 711   121.0  121.0
 21 1909.035045 4.222E-29 4.494E-04.06770.084 2836.72980.74-.001068       3 0 0 01       0 0 0 11                    R 35e     566663342910 9 711    73.0   71.0
 21 1909.059650 1.166E-28 6.610E-04.06120.069 2814.44200.71-.002540       1 3 3 02       0 2 2 01                    Q 61f     565553342910 9 711   123.0  123.0
 21 1909.064120 1.333E-29 4.998E-04.07970.109 2795.96300.68-.002182       2 3 3 02       1 2 2 01                    P  9f     566663342910 9 711    17.0   19.0
 21 1909.133415 1.178E-28 2.256E-03.07550.103 2752.94520.68-.002164       3 1 1 03       2 0 0 02                    P 14e     566663342910 9 711    27.0   29.0
 21 1909.156619 5.755E-29 1.467E-03.06830.086 2998.75730.74-.002030       2 3 3 03       1 2 2 02                    R 32e     466663342910 9 711    67.0   65.0
 21 1909.189915 9.530E-29 6.728E-04.06080.068 2862.86350.71-.002554       1 3 3 02       0 2 2 01                    Q 62e     565553342910 9 711   125.0  125.0
 21 1909.192259 3.604E-25 4.513E-04.07780.107  718.94190.68-.002177       1 2 2 02       0 1 1 01                    P 11e     566663343810 9 711    21.0   23.0
 21 1909.219859 1.184E-27 1.950E-03.06930.090 2394.53920.73-.002130       2 2 2 02       1 1 1 01                    P 28f     566663342910 9 711    55.0   57.0
 21 1909.230703 2.029E-30 1.129E-03.06680.080 3672.07350.75-.001068       3 1 1 01       0 1 1 11                    P 41f     566563342910 9 711    81.0   83.0
 21 1909.247825 1.151E-27 2.035E-03.06900.089 2416.41710.73-.002131       2 2 2 02       1 1 1 01                    P 29e     566663342910 9 711    57.0   59.0
 21 1909.256707 6.247E-28 3.486E-04.07090.094 2148.11590.72-.001681       2 2 2 03       1 1 1 02                    R 23e     566663342910 9 711    49.0   47.0
 21 1909.282017 7.684E-29 6.783E-04.06040.068 2912.08930.71-.002568       1 3 3 02       0 2 2 01                    Q 63f     565553342910 9 711   127.0  127.0
 21 1909.329730 1.647E-30 2.641E-04.06880.088 3364.35680.74-.001959       1 2 2 12       0 1 1 11                    R 30e     566663342910 9 711    63.0   61.0
 21 1909.419597 6.234E-29 6.908E-04.06010.068 2962.06080.71-.002582       1 3 3 02       0 2 2 01                    Q 64e     565553342910 9 711   129.0  129.0
 21 1909.437481 3.485E-27 1.730E-04.08660.116 1342.96480.69-.000485       1 3 3 02       0 2 2 01                    R  4e     566663342910 9 711    11.0    9.0
 21 1909.493159 4.802E-27 9.492E-05.07420.100 1391.60780.70-.001343       2 1 1 03       1 0 0 02                    R 16e     566663342910 9 711    35.0   33.0
 21 1909.504009 2.443E-29 6.807E-04.06930.089 2990.80330.73-.001885       1 5 5 02       0 4 4 01                    R 28e     466663342910 9 711    59.0   57.0
 21 1909.509616 4.984E-29 6.962E-04.05980.067 3012.84320.70-.002595       1 3 3 02       0 2 2 01                    Q 65f     565553342910 9 711   131.0  131.0
 21 1909.516937 2.670E-23 2.108E-03.06880.088  362.78830.74-.002132       1 1 1 02       0 0 0 01                    P 30e     956663343310 9 711    59.0   61.0
 21 1909.524779 7.058E-29 4.625E-05.07370.099 2123.30070.70-.001396       1 4 4 02       0 3 3 01                    R 17e     536663343010 9 711    37.0   35.0
 21 1909.538408 7.254E-28 4.274E-04.07060.093 2167.42810.72-.001724       2 2 2 03       1 1 1 02                    R 24f     566663342910 9 711    51.0   49.0
 21 1909.583369 1.775E-30 3.110E-04.06850.087 3388.96350.74-.001995       1 2 2 12       0 1 1 11                    R 31f     566663342910 9 711    65.0   63.0
 21 1909.633405 2.364E-25 7.247E-04.06770.084 1159.37030.74-.002085       2 0 0 03       0 1 1 01                    R 35e     566663343810 9 711    73.0   71.0
 21 1909.637514 2.552E-30 6.290E-03.06380.070 4042.97110.73-.002280       3 1 1 02       2 0 0 01                    P 56e     565553342910 9 711   111.0  113.0
 21 1909.655255 4.014E-29 7.096E-04.05950.067 3064.36320.70-.002609       1 3 3 02       0 2 2 01                    Q 66e     565553342910 9 711   133.0  133.0
 21 1909.682520 2.171E-30 3.776E-03.06680.079 3916.33420.75-.002312       2 4 4 03       1 3 3 02                    R 41e     466563342910 9 711    85.0   83.0
 21 1909.742249 3.183E-29 7.150E-04.05930.067 3116.70200.70-.002622       1 3 3 02       0 2 2 01                    Q 67f     565553342910 9 711   135.0  135.0
 21 1909.836904 1.025E-29 4.212E-04.08080.111 2788.91550.68-.002183       2 3 3 02       1 2 2 01                    P  8e     566663342910 9 711    15.0   17.0
 21 1909.872895 2.888E-29 9.680E-03.06530.072 3624.89710.73-.002590       3 1 1 04       2 0 0 03                    R 52e     465553342910 9 711   107.0  105.0
 21 1909.879478 3.061E-25 4.067E-04.07870.108  710.41630.68-.002180       1 2 2 02       0 1 1 01                    P 10f     566663343810 9 711    19.0   21.0
 21 1909.896794 2.545E-29 7.292E-04.05910.066 3169.76890.69-.002635       1 3 3 02       0 2 2 01                    Q 68e     565553342910 9 711   137.0  137.0
 21 1909.938216 1.262E-28 8.247E-03.06220.069 3313.83910.72-.002685       3 0 0 04       1 1 1 02                    R 59e     465553342910 9 711   121.0  119.0
 21 1909.979705 2.001E-29 7.344E-04.05890.066 3223.66410.69-.002648       1 3 3 02       0 2 2 01                    Q 69f     565553342910 9 711   139.0  139.0
 21 1909.980271 8.660E-30 2.618E-03.05780.065 3682.50720.66-.002989       2 1 1 03       0 2 2 01                    R 77f     465553342910 9 711   157.0  155.0
 21 1910.025839 5.662E-29 1.591E-03.06810.085 3024.58950.74-.002064       2 3 3 03       1 2 2 02                    R 33f     466663342910 9 711    69.0   67.0
 21 1910.036908 3.540E-30 1.074E-03.06750.084 3520.04650.74-.001088       3 1 1 01       0 1 1 11                    P 36e     566663342910 9 711    71.0   73.0
 21 1910.087925 4.967E-27 6.089E-03.06530.072 2462.67570.74-.002248       2 1 1 02       1 0 0 01                    P 52e     565553342910 9 711   103.0  105.0
 21 1910.128258 2.636E-30 1.138E-03.06700.081 3609.25880.75-.001075       3 1 1 01       0 1 1 11                    P 39f     566663342910 9 711    77.0   79.0
 21 1910.144123 1.589E-29 7.498E-04.05870.066 3278.27600.69-.002661       1 3 3 02       0 2 2 01                    Q 70e     565553342910 9 711   141.0  141.0
 21 1910.150788 1.127E-29 2.265E-03.06120.068 3551.59000.71-.002724       3 0 0 03       1 1 1 01                    R 61e     465553342910 9 711   125.0  123.0
 21 1910.221764 1.239E-29 7.549E-04.05850.066 3333.72750.68-.002674       1 3 3 02       0 2 2 01                    Q 71f     565553342910 9 711   143.0  143.0
 21 1910.232642 2.851E-27 1.222E-04.08490.114 1346.88140.68-.000579       1 3 3 02       0 2 2 01                    R  5f     566663342910 9 711    13.0   11.0
 21 1910.345827 2.517E-29 7.585E-04.06900.088 3013.58820.74-.001922       1 5 5 02       0 4 4 01                    R 29f     466663342910 9 711    61.0   59.0
 21 1910.345985 1.003E-28 6.684E-05.07310.098 2137.42310.70-.001448       1 4 4 02       0 3 3 01                    R 18f     536663343010 9 711    39.0   37.0
 21 1910.397148 9.767E-30 7.712E-04.05840.066 3389.88260.68-.002687       1 3 3 02       0 2 2 01                    Q 72e     565553342910 9 711   145.0  145.0
 21 1910.468198 7.550E-30 7.758E-04.05830.065 3446.89050.68-.002699       1 3 3 02       0 2 2 01                    Q 73f     565553342910 9 711   147.0  147.0
 21 1910.550489 2.008E-30 4.008E-03.06660.078 3949.27360.75-.002340       2 4 4 03       1 3 3 02                    R 42f     466563342910 9 711    87.0   85.0
 21 1910.610855 7.427E-30 3.419E-04.08200.112 2782.65110.68-.002181       2 3 3 02       1 2 2 01                    P  7f     566663342910 9 711    13.0   15.0
 21 1910.655777 5.911E-30 7.934E-04.05810.065 3504.58670.67-.002712       1 3 3 02       0 2 2 01                    Q 74e     565553342910 9 711   149.0  149.0
 21 1910.673259 9.635E-29 1.959E-03.07700.105 2731.91150.68-.002173       3 1 1 03       2 0 0 02                    P 12e     566663342910 9 711    23.0   25.0
 21 1910.697291 1.207E-27 1.851E-03.06960.091 2371.93370.73-.002129       2 2 2 02       1 1 1 01                    P 27e     566663342910 9 711    53.0   55.0
 21 1910.704971 2.518E-25 3.602E-04.07970.109  702.53630.68-.002182       1 2 2 02       0 1 1 01                    P  9e     566663343810 9 711    17.0   19.0
 21 1910.718766 4.531E-30 7.978E-04.05800.065 3563.15100.67-.002724       1 3 3 02       0 2 2 01                    Q 75f     565553342910 9 711   151.0  151.0
 21 1910.775150 1.225E-27 1.768E-03.06990.092 2351.51260.73-.002129       2 2 2 02       1 1 1 01                    P 26f     566663342910 9 711    51.0   53.0
 21 1910.864069 5.546E-29 1.725E-03.06790.084 3051.23520.74-.002098       2 3 3 03       1 2 2 02                    R 34e     466663342910 9 711    71.0   69.0
 21 1910.919922 3.523E-30 8.166E-04.05790.065 3622.38610.67-.002736       1 3 3 02       0 2 2 01                    Q 76e     565553342910 9 711   153.0  153.0
 21 1910.973219 2.677E-30 8.205E-04.05780.065 3682.50720.66-.002748       1 3 3 02       0 2 2 01                    Q 77f     565553342910 9 711   155.0  155.0
 21 1910.982906 7.264E-28 4.522E-04.07020.092 2186.39130.73-.001766       2 2 2 03       1 1 1 02                    R 25e     566663342910 9 711    53.0   51.0
 21 1911.018119 2.829E-23 1.919E-03.06930.090  316.76990.73-.002130       1 1 1 02       0 0 0 01                    P 28e     956663343310 9 711    55.0   57.0
 21 1911.029758 2.242E-27 8.526E-05.08340.112 1351.58130.68-.000668       1 3 3 02       0 2 2 01                    R  6e     566663342910 9 711    15.0   13.0
 21 1911.053823 1.694E-30 3.244E-04.06830.086 3413.15970.74-.002030       1 2 2 12       0 1 1 11                    R 32e     566663342910 9 711    67.0   65.0
 21 1911.061025 3.363E-30 1.147E-03.06730.083 3549.53950.74-.001083       3 1 1 01       0 1 1 11                    P 37f     566663342910 9 711    73.0   75.0
 21 1911.093555 7.952E-27 1.614E-04.07310.098 1418.93480.70-.001448       2 1 1 03       1 0 0 02                    R 18e     566663342910 9 711    39.0   37.0
 21 1911.169043 1.580E-28 1.078E-04.07260.097 2152.32960.71-.001497       1 4 4 02       0 3 3 01                    R 19e     566663342910 9 711    41.0   39.0
 21 1911.170341 8.277E-28 5.500E-04.06990.091 2207.35980.73-.001807       2 2 2 03       1 1 1 02                    R 26f     566663342910 9 711    55.0   53.0
 21 1911.182476 3.396E-29 4.520E-04.06730.082 2893.20070.75-.001113       3 0 0 01       0 0 0 11                    R 37e     566663342910 9 711    77.0   75.0
 21 1911.189360 2.566E-29 8.403E-04.06880.088 3037.15770.74-.001959       1 5 5 02       0 4 4 01                    R 30e     466663342910 9 711    63.0   61.0
 21 1911.189492 2.068E-30 8.410E-04.05770.065 3743.27880.66-.002760       1 3 3 02       0 2 2 01                    Q 78e     565553342910 9 711   157.0  157.0
 21 1911.190918 4.420E-30 1.089E-03.06790.085 3465.05660.74-.001098       3 1 1 01       0 1 1 11                    P 34e     566663342910 9 711    67.0   69.0
 21 1911.231296 1.558E-30 8.444E-04.05760.064 3804.95700.66-.002772       1 3 3 02       0 2 2 01                    Q 79f     565553342910 9 711   159.0  159.0
 21 1911.231356 1.800E-30 3.803E-04.06810.085 3439.39090.74-.002064       1 2 2 12       0 1 1 11                    R 33f     566663342910 9 711    69.0   67.0
 21 1911.243054 2.169E-25 8.330E-04.06730.082 1216.35090.75-.002147       2 0 0 03       0 1 1 01                    R 37e     566663343810 9 711    77.0   75.0
 21 1911.386196 4.909E-30 2.602E-04.08340.114 2777.16960.68-.002176       2 3 3 02       1 2 2 01                    P  6e     566663342910 9 711    11.0   13.0
 21 1911.392456 1.247E-30 4.552E-05.05870.066 3222.25130.69-.002458       1 3 3 02       1 0 0 02                    P 70e     565553342910 9 711   139.0  141.0
 21 1911.411477 7.799E-30 2.441E-03.06040.068 3648.94750.71-.002761       3 0 0 03       1 1 1 01                    R 63e     465553342910 9 711   129.0  127.0
 21 1911.420914 2.019E-25 3.166E-04.08080.111  695.54960.68-.002183       1 2 2 02       0 1 1 01                    P  8f     566663343810 9 711    15.0   17.0
 21 1911.421583 1.846E-30 4.247E-03.06650.077 3982.99370.74-.002367       2 4 4 03       1 3 3 02                    R 43e     466563342910 9 711    89.0   87.0
 21 1911.422131 3.537E-30 5.948E-03.06470.071 3956.38720.73-.002264       3 1 1 02       2 0 0 01                    P 54e     565553342910 9 711   107.0  109.0
 21 1911.464402 1.195E-30 8.660E-04.05750.064 3867.26250.65-.002784       1 3 3 02       0 2 2 01                    Q 80e     565553342910 9 711   161.0  161.0
 21 1911.482182 2.185E-29 1.061E-02.06470.071 3708.37490.73-.002635       3 1 1 04       2 0 0 03                    R 54e     465553342910 9 711   111.0  109.0
 21 1911.597092 5.219E-30 2.794E-03.05760.064 3804.95700.65-.003017       2 1 1 03       0 2 2 01                    R 79f     465553342910 9 711   161.0  159.0
 21 1911.636405 8.961E-29 8.981E-03.06120.068 3408.13560.71-.002724       3 0 0 04       1 1 1 02                    R 61e     465553342910 9 711   125.0  123.0
 21 1911.696200 6.622E-27 5.728E-03.06580.074 2382.42160.74-.002233       2 1 1 02       1 0 0 01                    P 50e     566553342910 9 711    99.0  101.0
 21 1911.741080 5.371E-29 1.858E-03.06770.084 3078.62740.74-.002130       2 3 3 03       1 2 2 02                    R 35f     466663342910 9 711    73.0   71.0
 21 1911.828826 1.672E-27 5.767E-05.08200.111 1357.06440.68-.000753       1 3 3 02       0 2 2 01                    R  7f     566663342910 9 711    17.0   15.0
 21 1911.993936 1.958E-28 1.376E-04.07220.096 2168.02030.71-.001545       1 4 4 02       0 3 3 01                    R 20f     566663342910 9 711    43.0   41.0
 21 1912.028699 4.212E-30 1.155E-03.06770.084 3492.91660.74-.001093       3 1 1 01       0 1 1 11                    P 35f     566663342910 9 711    69.0   71.0
 21 1912.034597 2.590E-29 9.262E-04.06850.087 3061.51180.74-.001995       1 5 5 02       0 4 4 01                    R 31f     466663342910 9 711    65.0   63.0
 21 1912.154631 1.233E-27 1.675E-03.07020.093 2330.56900.72-.002130       2 2 2 02       1 1 1 01                    P 25e     566663342910 9 711    49.0   51.0
 21 1912.162792 2.760E-30 1.749E-04.08490.116 2772.47110.69-.002165       2 3 3 02       1 2 2 01                    P  5f     566663342910 9 711     9.0   11.0
 21 1912.216039 7.436E-29 1.680E-03.07870.108 2713.99330.68-.002180       3 1 1 03       2 0 0 02                    P 10e     566663342910 9 711    19.0   21.0
 21 1912.228216 1.547E-25 2.717E-04.08200.112  689.25530.68-.002181       1 2 2 02       0 1 1 01                    P  7e     566663343810 9 711    13.0   15.0
 21 1912.292727 1.688E-30 4.496E-03.06640.077 4017.49720.74-.002394       2 4 4 03       1 3 3 02                    R 44f     466563342910 9 711    91.0   89.0
 21 1912.329312 1.718E-30 3.821E-05.05910.066 3114.11500.69-.002439       1 3 3 02       1 0 0 02                    P 68e     565553342910 9 711   135.0  137.0
 21 1912.330942 1.235E-27 1.596E-03.07060.094 2311.61270.72-.002130       2 2 2 02       1 1 1 01                    P 24f     566663342910 9 711    47.0   49.0
 21 1912.369041 5.413E-30 1.104E-03.06830.087 3413.15970.74-.001111       3 1 1 01       0 1 1 11                    P 32e     566663342910 9 711    63.0   65.0
 21 1912.523291 2.926E-23 1.740E-03.06990.092  273.86800.73-.002129       1 1 1 02       0 0 0 01                    P 26e     956663343310 9 711    51.0   53.0
 21 1912.577029 1.133E-30 2.217E-03.06880.088 3864.87410.74-.002132       3 2 2 02       2 1 1 01                    P 30f     566663342910 9 711    59.0   61.0
 21 1912.578686 5.186E-29 2.005E-03.06750.083 3106.84060.74-.002162       2 3 3 03       1 2 2 02                    R 36e     466663342910 9 711    75.0   73.0
 21 1912.629835 1.158E-27 3.687E-05.08080.109 1363.33080.68-.000832       1 3 3 02       0 2 2 01                    R  8e     556663342910 9 711    19.0   17.0
 21 1912.657644 5.299E-30 2.625E-03.05980.067 3749.40420.70-.002797       3 0 0 03       1 1 1 01                    R 65e     465553342910 9 711   133.0  131.0
 21 1912.697867 1.149E-26 2.456E-04.07220.096 1449.38310.71-.001545       2 1 1 03       1 0 0 02                    R 20e     566663342910 9 711    43.0   41.0
 21 1912.713632 1.255E-30 4.399E-06.07370.099 2467.59560.70-.001396       1 1 1 12       0 0 0 11                    R 17e     636663343010 9 711    37.0   35.0
 21 1912.722039 8.011E-28 5.682E-04.06960.090 2227.78800.73-.001846       2 2 2 03       1 1 1 02                    R 27e     566663342910 9 711    57.0   55.0
 21 1912.788387 1.677E-30 3.907E-04.06790.084 3465.05660.74-.002098       1 2 2 12       0 1 1 11                    R 34e     566663342910 9 711    71.0   69.0
 21 1912.806671 9.001E-28 6.885E-04.06930.089 2250.41970.73-.001885       2 2 2 03       1 1 1 02                    R 28f     566663342910 9 711    59.0   57.0
 21 1912.820665 2.346E-28 1.708E-04.07170.095 2184.49500.71-.001592       1 4 4 02       0 3 3 01                    R 21e     566663342910 9 711    45.0   43.0
 21 1912.852824 1.941E-25 9.506E-04.06700.080 1276.44760.75-.002207       2 0 0 03       0 1 1 01                    R 39e     566663343810 9 711    81.0   79.0
 21 1912.881527 2.590E-29 1.016E-03.06830.086 3086.65040.74-.002030       1 5 5 02       0 4 4 01                    R 32e     466663342910 9 711    67.0   65.0
 21 1912.884359 1.762E-30 4.572E-04.06770.084 3492.91660.74-.002130       1 2 2 12       0 1 1 11                    R 35f     566663342910 9 711    73.0   71.0
 21 1912.940714 1.070E-30 8.562E-05.08660.118 2768.55570.69-.002141       2 3 3 02       1 2 2 01                    P  4e     566663342910 9 711     7.0    9.0
 21 1912.967915 1.125E-25 2.276E-04.08340.114  683.81240.68-.002176       1 2 2 02       0 1 1 01                    P  6f     566663343810 9 711    11.0   13.0
 21 1913.030990 5.179E-30 1.164E-03.06810.086 3439.39090.74-.001105       3 1 1 01       0 1 1 11                    P 33f     566663342910 9 711    65.0   67.0
 21 1913.092806 1.622E-29 1.160E-02.06380.070 3794.95640.72-.002677       3 1 1 04       2 0 0 03                    R 56e     465553342910 9 711   115.0  113.0
 21 1913.167407 1.534E-30 4.750E-03.06630.076 4052.78070.74-.002420       2 4 4 03       1 3 3 02                    R 45e     466563342910 9 711    93.0   91.0
 21 1913.196349 4.816E-30 5.618E-03.06530.072 3872.91460.74-.002248       3 1 1 02       2 0 0 01                    P 52e     565553342910 9 711   103.0  105.0
 21 1913.207319 3.094E-30 2.981E-03.05730.064 3930.49840.65-.003045       2 1 1 03       0 2 2 01                    R 81f     465553342910 9 711   165.0  163.0
 21 1913.285129 2.320E-30 3.194E-05.05950.067 3009.06770.70-.002421       1 3 3 02       1 0 0 02                    P 66e     565553342910 9 711   131.0  133.0
 21 1913.301093 8.670E-27 5.380E-03.06600.075 2305.27510.74-.002218       2 1 1 02       1 0 0 01                    P 48e     566563342910 9 711    95.0   97.0
 21 1913.332490 6.250E-29 9.762E-03.06040.068 3505.53110.71-.002761       3 0 0 04       1 1 1 02                    R 63e     465553342910 9 711   129.0  127.0
 21 1913.364729 2.685E-29 4.548E-04.06700.080 2952.75970.75-.001156       3 0 0 01       0 0 0 11                    R 39e     566663342910 9 711    81.0   79.0
 21 1913.432789 7.210E-28 2.151E-05.07970.108 1370.38040.68-.000907       1 3 3 02       0 2 2 01                    R  9f     556663342910 9 711    21.0   19.0
 21 1913.464153 4.948E-29 2.146E-03.06730.082 3135.79150.75-.002193       2 3 3 03       1 2 2 02                    R 37f     466663342910 9 711    77.0   75.0
 21 1913.571079 6.501E-30 1.118E-03.06880.088 3364.35680.74-.001126       3 1 1 01       0 1 1 11                    P 30e     566663342910 9 711    59.0   61.0
 21 1913.619926 1.226E-27 1.509E-03.07090.095 2292.32370.72-.002132       2 2 2 02       1 1 1 01                    P 23e     566663342910 9 711    45.0   47.0
 21 1913.649208 2.733E-28 2.073E-04.07130.095 2201.75370.72-.001637       1 4 4 02       0 3 3 01                    R 22f     566663342910 9 711    47.0   45.0
 21 1913.730135 2.568E-29 1.111E-03.06810.085 3112.57330.74-.002064       1 5 5 02       0 4 4 01                    R 33f     466663342910 9 711    69.0   67.0
 21 1913.761768 5.316E-29 1.418E-03.08080.111 2699.19090.68-.002183       3 1 1 03       2 0 0 02                    P  8e     566663342910 9 711    15.0   17.0
 21 1913.761974 7.483E-26 1.810E-04.08490.116  679.09900.69-.002165       1 2 2 02       0 1 1 01                    P  5e     566663343810 9 711     9.0   11.0
 21 1913.887305 1.210E-27 1.432E-03.07130.095 2274.83980.71-.002134       2 2 2 02       1 1 1 01                    P 22f     566663342910 9 711    43.0   45.0
 21 1913.888924 3.536E-30 2.816E-03.05930.066 3852.95850.69-.002832       3 0 0 03       1 1 1 01                    R 67e     465553342910 9 711   137.0  135.0
 21 1914.032505 2.950E-23 1.571E-03.07060.094  234.08340.72-.002130       1 1 1 02       0 0 0 01                    P 24e     956663343310 9 711    47.0   49.0
 21 1914.041614 1.387E-30 5.015E-03.06620.075 4088.84780.74-.002446       2 4 4 03       1 3 3 02                    R 46f     466563342910 9 711    95.0   93.0
 21 1914.067623 6.248E-30 1.172E-03.06850.088 3388.96350.74-.001118       3 1 1 01       0 1 1 11                    P 31f     566663342910 9 711    61.0   63.0
 21 1914.203737 1.211E-30 2.034E-03.06930.090 3818.67400.73-.002130       3 2 2 02       2 1 1 01                    P 28f     566663342910 9 711    55.0   57.0
 21 1914.237666 3.766E-28 1.067E-05.07870.107 1378.21320.68-.000978       1 3 3 02       0 2 2 01                    R 10e     556663342910 9 711    23.0   21.0
 21 1914.259904 3.070E-30 2.659E-05.06010.068 2907.11140.71-.002402       1 3 3 02       1 0 0 02                    P 64e     565553342910 9 711   127.0  129.0
 21 1914.300332 4.714E-29 2.306E-03.06720.081 3165.57240.75-.002224       2 3 3 03       1 2 2 02                    R 38e     466663342910 9 711    79.0   77.0
 21 1914.306037 1.507E-26 3.476E-04.07130.095 1482.95210.72-.001637       2 1 1 03       1 0 0 02                    R 22e     566663342910 9 711    47.0   45.0
 21 1914.310116 4.084E-30 1.487E-05.07260.097 2496.23730.71-.001497       1 1 1 12       0 0 0 11                    R 19e     636663343010 9 711    41.0   39.0
 21 1914.447301 9.387E-28 8.431E-04.06880.088 2296.60700.74-.001959       2 2 2 03       1 1 1 02                    R 30f     566663342910 9 711    63.0   61.0
 21 1914.462370 1.696E-25 1.078E-03.06680.079 1339.65920.75-.002264       2 0 0 03       0 1 1 01                    R 41e     566563343810 9 711    85.0   83.0
 21 1914.474137 8.444E-28 6.961E-04.06900.088 2272.30520.74-.001922       2 2 2 03       1 1 1 02                    R 29e     566663342910 9 711    61.0   59.0
 21 1914.479571 3.110E-28 2.473E-04.07090.094 2219.79630.72-.001681       1 4 4 02       0 3 3 01                    R 23e     566663342910 9 711    49.0   47.0
 21 1914.520475 4.291E-26 1.311E-04.08660.118  675.20500.69-.002141       1 2 2 02       0 1 1 01                    P  4f     566663343810 9 711     7.0    9.0
 21 1914.532460 1.209E-30 2.177E-03.06900.089 3840.22030.73-.002131       3 2 2 02       2 1 1 01                    P 29e     566663342910 9 711    57.0   59.0
 21 1914.533333 1.605E-30 4.633E-04.06750.083 3520.04650.74-.002162       1 2 2 12       0 1 1 11                    R 36e     566663342910 9 711    75.0   73.0
 21 1914.542229 1.669E-30 5.416E-04.06730.082 3549.53950.75-.002193       1 2 2 12       0 1 1 11                    R 37f     566663342910 9 711    77.0   75.0
 21 1914.580410 2.524E-29 1.209E-03.06790.084 3139.28040.74-.002098       1 5 5 02       0 4 4 01                    R 34e     466663342910 9 711    71.0   69.0
 21 1914.704745 1.181E-29 1.264E-02.06270.069 3884.63950.72-.002719       3 1 1 04       2 0 0 03                    R 58e     465553342910 9 711   119.0  117.0
 21 1914.796847 7.652E-30 1.132E-03.06930.090 3318.64860.73-.001143       3 1 1 01       0 1 1 11                    P 28e     566663342910 9 711    55.0   57.0
 21 1914.810420 1.804E-30 3.176E-03.05710.064 4059.12920.64-.003072       2 1 1 03       0 2 2 01                    R 83f     465553342910 9 711   169.0  167.0
 21 1914.902794 1.114E-26 5.044E-03.06620.076 2231.23730.74-.002204       2 1 1 02       1 0 0 01                    P 46e     566563342910 9 711    91.0   93.0
 21 1914.919874 1.246E-30 5.283E-03.06620.075 4125.69410.74-.002471       2 4 4 03       1 3 3 02                    R 47e     466563342910 9 711    97.0   95.0
 21 1914.960432 6.443E-30 5.301E-03.06580.074 3792.55450.74-.002233       3 1 1 02       2 0 0 01                    P 50e     566553342910 9 711    99.0  101.0
 21 1915.025982 4.282E-29 1.059E-02.05980.067 3606.02380.70-.002797       3 0 0 04       1 1 1 02                    R 65e     465553342910 9 711   133.0  131.0
 21 1915.044483 1.385E-28 3.767E-06.07780.105 1386.82910.68-.001046       1 3 3 02       0 2 2 01                    R 11f     556663342910 9 711    25.0   23.0
 21 1915.093245 1.184E-27 1.350E-03.07170.096 2257.19830.71-.002136       2 2 2 02       1 1 1 01                    P 21e     566663342910 9 711    41.0   43.0
 21 1915.104954 2.318E-30 3.016E-03.05890.066 3959.60870.69-.002865       3 0 0 03       1 1 1 01                    R 69e     465553342910 9 711   141.0  139.0
 21 1915.138336 7.391E-30 1.180E-03.06900.089 3341.63510.73-.001134       3 1 1 01       0 1 1 11                    P 29f     566663342910 9 711    57.0   59.0
 21 1915.194990 4.435E-29 2.456E-03.06700.080 3196.08090.75-.002254       2 3 3 03       1 2 2 02                    R 39f     466663342910 9 711    81.0   79.0
 21 1915.253622 3.978E-30 2.202E-05.06080.068 2808.24800.71-.002384       1 3 3 02       1 0 0 02                    P 62e     565553342910 9 711   123.0  125.0
 21 1915.306224 1.731E-26 7.295E-05.08850.120  672.06760.70-.002086       1 2 2 02       0 1 1 01                    P  3e     566663343810 9 711     5.0    7.0
 21 1915.310454 3.395E-29 1.169E-03.08340.114 2687.50450.68-.002176       3 1 1 03       2 0 0 02                    P  6e     566663342910 9 711    11.0   13.0
 21 1915.311723 3.468E-28 2.905E-04.07060.093 2238.62270.72-.001724       1 4 4 02       0 3 3 01                    R 24f     566663342910 9 711    51.0   49.0
 21 1915.432338 2.461E-29 1.312E-03.06770.084 3166.77170.74-.002130       1 5 5 02       0 4 4 01                    R 35f     466663342910 9 711    73.0   71.0
 21 1915.444301 1.150E-27 1.276E-03.07220.097 2241.19480.71-.002139       2 2 2 02       1 1 1 01                    P 20f     566663342910 9 711    39.0   41.0
 21 1915.545811 2.893E-23 1.412E-03.07130.095  197.41660.71-.002134       1 1 1 02       0 0 0 01                    P 22e     956663343310 9 711    43.0   45.0
 21 1915.582284 2.088E-29 4.581E-04.06680.079 3015.40590.75-.001197       3 0 0 01       0 0 0 11                    R 41e     566563342910 9 711    85.0   83.0
 21 1915.825929 1.264E-30 1.861E-03.06990.092 3775.60330.73-.002129       3 2 2 02       2 1 1 01                    P 26f     566663342910 9 711    51.0   53.0
 21 1915.853200 1.608E-29 4.242E-07.07700.104 1396.22820.68-.001111       1 3 3 02       0 2 2 01                    R 12e     556663342910 9 711    27.0   25.0
 21 1915.911166 1.029E-29 3.990E-05.07170.095 2527.97370.71-.001592       1 1 1 12       0 0 0 11                    R 21e     666663342910 9 711    45.0   43.0
 21 1915.918006 1.839E-26 4.680E-04.07060.093 1519.64110.72-.001724       2 1 1 03       1 0 0 02                    R 24e     566663342910 9 711    51.0   49.0
 21 1916.009270 1.272E-30 1.987E-03.06960.091 3795.73790.73-.002129       3 2 2 02       2 1 1 01                    P 27e     566663342910 9 711    53.0   55.0
 21 1916.028864 4.174E-29 2.629E-03.06690.080 3227.42970.75-.002283       2 3 3 03       1 2 2 02                    R 40e     466663342910 9 711    83.0   81.0
 21 1916.046172 8.820E-30 1.145E-03.06990.092 3276.03580.73-.001163       3 1 1 01       0 1 1 11                    P 26e     566663342910 9 711    51.0   53.0
 21 1916.071335 1.447E-25 1.215E-03.06650.077 1405.98470.74-.002319       2 0 0 03       0 1 1 01                    R 43e     566563343810 9 711    89.0   87.0
 21 1916.073054 5.036E-30 3.982E-04.08850.120 2765.42340.70-.001200       2 3 3 02       1 2 2 01                    Q  3f     566663342910 9 711     7.0    7.0
 21 1916.078205 8.934E-30 5.579E-04.08660.118 2768.55570.69-.001266       2 3 3 02       1 2 2 01                    Q  4e     566663342910 9 711     9.0    9.0
 21 1916.084629 1.226E-29 6.384E-04.08490.116 2772.47110.69-.001325       2 3 3 02       1 2 2 01                    Q  5f     566663342910 9 711    11.0   11.0
 21 1916.092131 9.435E-28 1.014E-03.06830.086 2345.92090.74-.002030       2 2 2 03       1 1 1 02                    R 32f     566663342910 9 711    67.0   65.0
 21 1916.092363 1.518E-29 6.843E-04.08340.114 2777.16960.68-.001378       2 3 3 02       1 2 2 01                    Q  6e     566663342910 9 711    13.0   13.0
 21 1916.101330 1.779E-29 7.138E-04.08200.112 2782.65110.68-.001425       2 3 3 02       1 2 2 01                    Q  7f     566663342910 9 711    15.0   15.0
 21 1916.111663 2.011E-29 7.340E-04.08080.111 2788.91550.68-.001468       2 3 3 02       1 2 2 01                    Q  8e     566663342910 9 711    17.0   17.0
 21 1916.123134 2.215E-29 7.486E-04.07970.109 2795.96300.68-.001507       2 3 3 02       1 2 2 01                    Q  9f     566663342910 9 711    19.0   19.0
 21 1916.136101 2.391E-29 7.595E-04.07870.108 2803.79330.68-.001544       2 3 3 02       1 2 2 01                    Q 10e     566663342910 9 711    21.0   21.0
 21 1916.145681 3.798E-28 3.371E-04.07020.092 2258.23290.73-.001766       1 4 4 02       0 3 3 01                    R 25e     566663342910 9 711    53.0   51.0
 21 1916.150014 2.541E-29 7.684E-04.07780.107 2812.40680.68-.001578       2 3 3 02       1 2 2 01                    Q 11f     566663342910 9 711    23.0   23.0
 21 1916.165669 2.663E-29 7.755E-04.07700.105 2821.80280.68-.001609       2 3 3 02       1 2 2 01                    Q 12e     566663342910 9 711    25.0   25.0
 21 1916.181934 2.760E-29 7.820E-04.07620.104 2831.98220.68-.001639       2 3 3 02       1 2 2 01                    Q 13f     566663342910 9 711    27.0   27.0
 21 1916.200360 2.830E-29 7.874E-04.07550.103 2842.94350.68-.001668       2 3 3 02       1 2 2 01                    Q 14e     566663342910 9 711    29.0   29.0
 21 1916.204811 1.535E-30 6.341E-04.06700.080 3609.25880.75-.002254       1 2 2 12       0 1 1 11                    R 39f     566663342910 9 711    81.0   79.0
 21 1916.218853 2.875E-29 7.923E-04.07480.102 2854.68880.69-.001695       2 3 3 02       1 2 2 01                    Q 15f     566663342910 9 711    31.0   31.0
 21 1916.239232 8.552E-28 8.355E-04.06850.087 2319.94220.74-.001995       2 2 2 03       1 1 1 02                    R 31e     566663342910 9 711    65.0   63.0
 21 1916.240164 2.897E-29 7.971E-04.07420.101 2867.21520.69-.001721       2 3 3 02       1 2 2 01                    Q 16e     566663342910 9 711    33.0   33.0
 21 1916.242884 8.569E-30 1.188E-03.06960.091 3297.40660.73-.001153       3 1 1 01       0 1 1 11                    P 27f     566663342910 9 711    53.0   55.0
 21 1916.260721 2.896E-29 8.015E-04.07370.100 2880.52630.70-.001747       2 3 3 02       1 2 2 01                    Q 17f     566663342910 9 711    35.0   35.0
 21 1916.266268 5.048E-30 1.816E-05.06170.069 2712.47950.72-.002367       1 3 3 02       1 0 0 02                    P 60e     565553342910 9 711   119.0  121.0
 21 1916.285073 2.874E-29 8.058E-04.07310.099 2894.61740.70-.001771       2 3 3 02       1 2 2 01                    Q 18e     566663342910 9 711    37.0   37.0
 21 1916.285907 2.381E-29 1.419E-03.06750.083 3195.04700.74-.002162       1 5 5 02       0 4 4 01                    R 36e     466663342910 9 711    75.0   73.0
 21 1916.288566 1.488E-30 5.418E-04.06720.081 3578.12850.75-.002224       1 2 2 12       0 1 1 11                    R 38e     566663342910 9 711    79.0   77.0
 21 1916.305377 1.492E-30 3.223E-03.05850.066 4069.35320.68-.002898       3 0 0 03       1 1 1 01                    R 71e     465553342910 9 711   145.0  143.0
 21 1916.307483 2.832E-29 8.098E-04.07260.098 2909.49430.70-.001795       2 3 3 02       1 2 2 01                    Q 19f     566663342910 9 711    39.0   39.0
 21 1916.317981 8.443E-30 1.375E-02.06170.069 3977.42250.71-.002758       3 1 1 04       2 0 0 03                    R 60e     465553342910 9 711   123.0  121.0
 21 1916.335076 2.773E-29 8.139E-04.07220.097 2925.14970.71-.001818       2 3 3 02       1 2 2 01                    Q 20e     566663342910 9 711    41.0   41.0
 21 1916.359076 2.698E-29 8.179E-04.07170.096 2941.59230.71-.001841       2 3 3 02       1 2 2 01                    Q 21f     566663342910 9 711    43.0   43.0
 21 1916.390163 2.610E-29 8.221E-04.07130.095 2958.81150.71-.001863       2 3 3 02       1 2 2 01                    Q 22e     566663342910 9 711    45.0   45.0
 21 1916.405855 1.034E-30 3.379E-03.05690.064 4190.84720.63-.003098       2 1 1 03       0 2 2 01                    R 85f     465553342910 9 711   173.0  171.0
 21 1916.415429 2.510E-29 8.262E-04.07090.095 2976.81990.72-.001885       2 3 3 02       1 2 2 01                    Q 23f     566663342910 9 711    47.0   47.0
 21 1916.450323 2.400E-29 8.302E-04.07060.094 2995.60220.72-.001906       2 3 3 02       1 2 2 01                    Q 24e     566663342910 9 711    49.0   49.0
 21 1916.476465 2.283E-29 8.346E-04.07020.093 3015.17650.72-.001927       2 3 3 02       1 2 2 01                    Q 25f     566663342910 9 711    51.0   51.0
 21 1916.501486 1.406E-26 4.725E-03.06640.077 2160.30910.74-.002191       2 1 1 02       1 0 0 01                    P 44e     566563342910 9 711    87.0   89.0
 21 1916.515544 2.160E-29 8.388E-04.06990.092 3035.52110.73-.001948       2 3 3 02       1 2 2 01                    Q 26e     566663342910 9 711    53.0   53.0
 21 1916.542097 2.033E-29 8.431E-04.06960.091 3056.66140.73-.001968       2 3 3 02       1 2 2 01                    Q 27f     566663342910 9 711    55.0   55.0
 21 1916.574649 1.108E-27 1.200E-03.07260.098 2225.19330.70-.002142       2 2 2 02       1 1 1 01                    P 19e     566663342910 9 711    37.0   39.0
 21 1916.585817 1.905E-29 8.480E-04.06930.090 3078.56770.73-.001988       2 3 3 02       1 2 2 01                    Q 28e     566663342910 9 711    57.0   57.0
 21 1916.612232 1.775E-29 8.525E-04.06900.089 3101.27410.73-.002008       2 3 3 02       1 2 2 01                    Q 29f     566663342910 9 711    59.0   59.0
 21 1916.661133 1.647E-29 8.576E-04.06880.088 3124.74100.74-.002027       2 3 3 02       1 2 2 01                    Q 30e     566663342910 9 711    61.0   61.0
 21 1916.663857 1.438E-29 3.714E-07.07620.103 1406.41030.68-.001172       1 3 3 02       0 2 2 01                    R 13f     536663342910 9 711    29.0   27.0
 21 1916.686769 1.520E-29 8.623E-04.06850.088 3149.01380.74-.002047       2 3 3 02       1 2 2 01                    Q 31f     566663342910 9 711    63.0   63.0
 21 1916.714636 8.466E-30 4.995E-03.06600.075 3715.30760.74-.002218       3 1 1 02       2 0 0 01                    P 48e     566563342910 9 711    95.0   97.0
 21 1916.716392 2.881E-29 1.147E-02.05930.066 3709.61200.69-.002832       3 0 0 04       1 1 1 02                    R 67e     465553342910 9 711   137.0  135.0
 21 1916.741482 1.397E-29 8.675E-04.06830.087 3174.04040.74-.002066       2 3 3 02       1 2 2 01                    Q 32e     566663342910 9 711    65.0   65.0
 21 1916.765598 1.277E-29 8.723E-04.06810.086 3199.87980.74-.002085       2 3 3 02       1 2 2 01                    Q 33f     566663342910 9 711    67.0   67.0
 21 1916.826858 1.163E-29 8.779E-04.06790.085 3226.46480.74-.002103       2 3 3 02       1 2 2 01                    Q 34e     566663342910 9 711    69.0   69.0
 21 1916.848598 1.053E-29 8.826E-04.06770.084 3253.87130.74-.002122       2 3 3 02       1 2 2 01                    Q 35f     566663342910 9 711    71.0   71.0
 21 1916.862096 1.768E-29 9.189E-04.08660.118 2678.93430.69-.002141       3 1 1 03       2 0 0 02                    P  4e     566663342910 9 711     7.0    9.0
 21 1916.917256 9.507E-30 8.887E-04.06750.084 3282.01350.74-.002140       2 3 3 02       1 2 2 01                    Q 36e     566663342910 9 711    73.0   73.0
 21 1916.933519 3.874E-29 2.788E-03.06680.079 3259.49440.75-.002312       2 3 3 03       1 2 2 02                    R 41f     466563342910 9 711    85.0   83.0
 21 1916.935644 8.535E-30 8.940E-04.06730.083 3310.98740.74-.002158       2 3 3 02       1 2 2 01                    Q 37f     566663342910 9 711    75.0   75.0
 21 1916.981399 4.094E-28 3.870E-04.06990.091 2278.62670.73-.001807       1 4 4 02       0 3 3 01                    R 26f     566663342910 9 711    55.0   53.0
 21 1917.001987 1.057E-27 1.128E-03.07310.099 2210.67790.70-.002146       2 2 2 02       1 1 1 01                    P 18f     566663342910 9 711    35.0   37.0
 21 1917.012672 7.637E-30 9.002E-04.06720.082 3340.68530.75-.002176       2 3 3 02       1 2 2 01                    Q 38e     566663342910 9 711    77.0   77.0
 21 1917.026598 6.796E-30 9.058E-04.06700.081 3371.22730.75-.002194       2 3 3 02       1 2 2 01                    Q 39f     566663342910 9 711    79.0   79.0
 21 1917.063252 2.756E-23 1.262E-03.07220.097  163.86840.71-.002139       1 1 1 02       0 0 0 01                    P 20e     356663243310 9 711    39.0   41.0
 21 1917.113105 6.029E-30 9.124E-04.06690.080 3402.47930.75-.002211       2 3 3 02       1 2 2 01                    Q 40e     566663342910 9 711    81.0   81.0
 21 1917.121314 5.319E-30 9.182E-04.06680.080 3434.59000.75-.002228       2 3 3 02       1 2 2 01                    Q 41f     566563342910 9 711    83.0   83.0
 21 1917.141102 2.287E-29 1.530E-03.06730.082 3224.10620.75-.002193       1 5 5 02       0 4 4 01                    R 37f     466663342910 9 711    77.0   75.0
 21 1917.218560 4.679E-30 9.252E-04.06660.079 3467.39430.75-.002245       2 3 3 02       1 2 2 01                    Q 42e     566563342910 9 711    85.0   85.0
 21 1917.219636 4.092E-30 9.311E-04.06650.078 3501.07460.75-.002262       2 3 3 02       1 2 2 01                    Q 43f     566563342910 9 711    87.0   87.0
 21 1917.297815 6.269E-30 1.489E-05.06270.070 2619.80750.72-.002349       1 3 3 02       1 0 0 02                    P 58e     565553342910 9 711   115.0  117.0
 21 1917.318892 9.950E-30 1.158E-03.07060.094 3236.51930.72-.001184       3 1 1 01       0 1 1 11                    P 24e     566663342910 9 711    47.0   49.0
 21 1917.321397 3.096E-30 9.448E-04.06630.077 3570.67990.74-.002296       2 3 3 02       1 2 2 01                    Q 45f     566563342910 9 711    91.0   91.0
 21 1917.329041 3.570E-30 9.385E-04.06640.077 3535.42920.74-.002279       2 3 3 02       1 2 2 01                    Q 44e     566563342910 9 711    89.0   89.0
 21 1917.381034 9.729E-30 1.196E-03.07020.093 3256.27860.72-.001173       3 1 1 01       0 1 1 11                    P 25f     566663342910 9 711    49.0   51.0
 21 1917.426420 2.303E-30 9.588E-04.06620.075 3643.40490.74-.002329       2 3 3 02       1 2 2 01                    Q 47f     566563342910 9 711    95.0   95.0
 21 1917.443682 1.285E-30 1.693E-03.07060.094 3735.66270.72-.002130       3 2 2 02       2 1 1 01                    P 24f     566663342910 9 711    47.0   49.0
 21 1917.444559 2.679E-30 9.526E-04.06620.076 3606.58270.74-.002312       2 3 3 02       1 2 2 01                    Q 46e     566563342910 9 711    93.0   93.0
 21 1917.476381 1.338E-28 3.413E-06.07550.102 1417.37550.69-.001232       1 3 3 02       0 2 2 01                    R 14e     556663342910 9 711    31.0   29.0
 21 1917.491396 1.306E-30 1.808E-03.07020.093 3754.37430.72-.002130       3 2 2 02       2 1 1 01                    P 25e     566663342910 9 711    49.0   51.0
 21 1917.516693 1.569E-29 6.629E-05.07090.094 2562.80430.72-.001681       1 1 1 12       0 0 0 11                    R 23e     666663342910 9 711    49.0   47.0
 21 1917.533712 2.115E-26 6.066E-04.06990.091 1559.44940.73-.001807       2 1 1 03       1 0 0 02                    R 26e     566663342910 9 711    55.0   53.0
 21 1917.534516 1.686E-30 9.739E-04.06590.074 3719.24850.74-.002361       2 3 3 02       1 2 2 01                    Q 49f     566563342910 9 711    99.0   99.0
 21 1917.565128 1.978E-30 9.676E-04.06600.075 3680.85350.74-.002345       2 3 3 02       1 2 2 01                    Q 48e     566563342910 9 711    97.0   97.0
 21 1917.645487 1.214E-30 9.895E-04.06560.073 3798.20940.74-.002392       2 3 3 02       1 2 2 01                    Q 51f     565553342910 9 711   103.0  103.0
 21 1917.646350 6.022E-26 2.515E-04.09050.123  669.72740.69-.001125       1 2 2 02       0 1 1 01                    Q  2f     566663343810 9 711     5.0    5.0
 21 1917.655984 1.428E-25 3.403E-04.08660.118  675.20500.69-.001266       1 2 2 02       0 1 1 01                    Q  4f     566663343810 9 711     9.0    9.0
 21 1917.657865 1.042E-25 3.145E-04.08850.120  672.06760.70-.001200       1 2 2 02       0 1 1 01                    Q  3e     566663343810 9 711     7.0    7.0
 21 1917.671120 2.099E-25 3.611E-04.08340.114  683.81240.68-.001378       1 2 2 02       0 1 1 01                    Q  6f     566663343810 9 711    13.0   13.0
 21 1917.679350 1.207E-25 1.361E-03.06630.076 1475.42300.74-.002371       2 0 0 03       0 1 1 01                    R 45e     566563343810 9 711    93.0   91.0
 21 1917.681323 1.777E-25 3.531E-04.08490.116  679.09900.69-.001325       1 2 2 02       0 1 1 01                    Q  5e     566663343810 9 711    11.0   11.0
 21 1917.690769 1.436E-30 9.829E-04.06580.074 3758.24030.74-.002376       2 3 3 02       1 2 2 01                    Q 50e     566553342910 9 711   101.0  101.0
 21 1917.691755 2.658E-25 3.702E-04.08080.111  695.54960.68-.001468       1 2 2 02       0 1 1 01                    Q  8f     566663343810 9 711    17.0   17.0
 21 1917.715185 2.390E-25 3.659E-04.08200.112  689.25530.68-.001425       1 2 2 02       0 1 1 01                    Q  7e     566663343810 9 711    15.0   15.0
 21 1917.717883 3.101E-25 3.759E-04.07870.108  710.41630.68-.001544       1 2 2 02       0 1 1 01                    Q 10f     566663343810 9 711    21.0   21.0
 21 1917.741055 9.171E-28 1.203E-03.06790.084 2398.36040.74-.002098       2 2 2 03       1 1 1 02                    R 34f     566663342910 9 711    71.0   69.0
 21 1917.749497 3.422E-25 3.803E-04.07700.105  728.41230.68-.001609       1 2 2 02       0 1 1 01                    Q 12f     566663343810 9 711    25.0   25.0
 21 1917.759431 2.889E-25 3.725E-04.07970.109  702.53630.68-.001507       1 2 2 02       0 1 1 01                    Q  9e     566663343810 9 711    19.0   19.0
 21 1917.764135 3.603E-29 2.975E-03.06660.078 3292.41120.75-.002340       2 3 3 03       1 2 2 02                    R 42e     466563342910 9 711    87.0   85.0
 21 1917.786588 3.621E-25 3.844E-04.07550.103  749.53740.68-.001668       1 2 2 02       0 1 1 01                    Q 14f     566663343810 9 711    29.0   29.0
 21 1917.814030 3.267E-25 3.769E-04.07780.107  718.94190.68-.001578       1 2 2 02       0 1 1 01                    Q 11e     566663343810 9 711    23.0   23.0
 21 1917.818910 4.350E-28 4.402E-04.06960.090 2299.80410.73-.001846       1 4 4 02       0 3 3 01                    R 27e     566663342910 9 711    57.0   55.0
 21 1917.821504 1.026E-30 9.991E-04.06530.072 3838.74160.74-.002408       2 3 3 02       1 2 2 01                    Q 52e     565553342910 9 711   105.0  105.0
 21 1917.829145 3.702E-25 3.886E-04.07420.101  773.79110.69-.001721       1 2 2 02       0 1 1 01                    Q 16f     566663343810 9 711    33.0   33.0
 21 1917.835647 1.597E-29 4.616E-04.06650.077 3081.13820.74-.001236       3 0 0 01       0 0 0 11                    R 43e     566563342910 9 711    89.0   87.0
 21 1917.871947 1.373E-30 7.347E-04.06680.079 3672.07350.75-.002312       1 2 2 12       0 1 1 11                    R 41f     566563342910 9 711    85.0   83.0
 21 1917.877154 3.674E-25 3.930E-04.07310.099  801.17310.70-.001771       1 2 2 02       0 1 1 01                    Q 18f     566663343810 9 711    37.0   37.0
 21 1917.878947 3.522E-25 3.806E-04.07620.104  738.47170.68-.001639       1 2 2 02       0 1 1 01                    Q 13e     566663343810 9 711    27.0   27.0
 21 1917.930600 3.551E-25 3.976E-04.07220.097  831.68290.71-.001818       1 2 2 02       0 1 1 01                    Q 20f     566663343810 9 711    41.0   41.0
 21 1917.932491 5.925E-30 1.492E-02.06080.068 4073.30330.71-.002797       3 1 1 04       2 0 0 03                    R 62e     465553342910 9 711   127.0  125.0
 21 1917.954140 3.655E-25 3.841E-04.07480.102  761.12550.69-.001695       1 2 2 02       0 1 1 01                    Q 15e     566663343810 9 711    31.0   31.0
 21 1917.989464 3.351E-25 4.026E-04.07130.095  865.31990.71-.001863       1 2 2 02       0 1 1 01                    Q 22f     566663343810 9 711    45.0   45.0
 21 1917.997910 2.181E-29 1.645E-03.06720.081 3253.94910.75-.002224       1 5 5 02       0 4 4 01                    R 38e     466663342910 9 711    79.0   77.0
 21 1918.017354 8.357E-28 9.861E-04.06810.085 2370.69800.74-.002064       2 2 2 03       1 1 1 02                    R 33e     566663342910 9 711    69.0   67.0
 21 1918.039559 3.675E-25 3.878E-04.07370.100  786.90280.70-.001747       1 2 2 02       0 1 1 01                    Q 17e     566663343810 9 711    35.0   35.0
 21 1918.053724 3.092E-25 4.079E-04.07060.094  902.08370.72-.001906       1 2 2 02       0 1 1 01                    Q 24f     566663343810 9 711    49.0   49.0
 21 1918.053983 1.339E-30 6.258E-04.06690.080 3639.30160.75-.002283       1 2 2 12       0 1 1 11                    R 40e     566663342910 9 711    83.0   81.0
 21 1918.064190 9.996E-28 1.057E-03.07370.100 2196.30940.70-.002150       2 2 2 02       1 1 1 01                    P 17e     566663342910 9 711    33.0   35.0
 21 1918.097344 1.741E-26 4.418E-03.06660.079 2092.49160.75-.002179       2 1 1 02       1 0 0 01                    P 42e     566563342910 9 711    83.0   85.0
 21 1918.123354 2.794E-25 4.137E-04.06990.092  941.97360.73-.001948       1 2 2 02       0 1 1 01                    Q 26f     566663343810 9 711    53.0   53.0
 21 1918.135148 3.592E-25 3.915E-04.07260.098  815.80320.70-.001795       1 2 2 02       0 1 1 01                    Q 19e     566663343810 9 711    39.0   39.0
 21 1918.198326 2.475E-25 4.201E-04.06930.090  984.98900.73-.001988       1 2 2 02       0 1 1 01                    Q 28f     566663343810 9 711    57.0   57.0
 21 1918.240844 3.423E-25 3.954E-04.07170.096  847.82630.71-.001841       1 2 2 02       0 1 1 01                    Q 21e     566663343810 9 711    43.0   43.0
 21 1918.278605 2.150E-25 4.267E-04.06880.088 1031.12910.74-.002027       1 2 2 02       0 1 1 01                    Q 30f     566663343810 9 711    61.0   61.0
 21 1918.290853 3.706E-28 9.410E-06.07480.101 1429.12360.69-.001289       1 3 3 02       0 2 2 01                    R 15f     556663342910 9 711    33.0   31.0
 21 1918.348235 7.616E-30 1.214E-05.06380.070 2530.23390.73-.002332       1 3 3 02       1 0 0 02                    P 56e     565553342910 9 711   111.0  113.0
 21 1918.356578 3.188E-25 3.997E-04.07090.095  882.97140.72-.001885       1 2 2 02       0 1 1 01                    Q 23e     566663343810 9 711    47.0   47.0
 21 1918.364152 1.833E-25 4.338E-04.06830.087 1080.39310.74-.002066       1 2 2 02       0 1 1 01                    Q 32f     566663343810 9 711    65.0   65.0
 21 1918.403236 1.905E-29 1.239E-02.05890.066 3816.29370.69-.002865       3 0 0 04       1 1 1 02                    R 69e     465553342910 9 711   141.0  139.0
 21 1918.416684 4.947E-30 5.852E-04.09050.123 2673.48050.69-.001939       3 1 1 03       2 0 0 02                    P  2e     566663342910 9 711     3.0    5.0
 21 1918.422323 9.989E-30 7.828E-04.09050.120 2763.07410.70-.000315       2 3 3 02       1 2 2 01                    R  2e     566663342910 9 711     7.0    5.0
 21 1918.454924 1.535E-25 4.415E-04.06790.085 1132.78030.74-.002103       1 2 2 02       0 1 1 01                    Q 34f     566663343810 9 711    69.0   69.0
 21 1918.459202 1.092E-29 4.700E-03.06620.076 3641.17480.74-.002204       3 1 1 02       2 0 0 01                    P 46e     566563342910 9 711    91.0   93.0
 21 1918.482274 2.904E-25 4.042E-04.07020.093  921.23810.72-.001927       1 2 2 02       0 1 1 01                    Q 25e     566663343810 9 711    51.0   51.0
 21 1918.550871 1.263E-25 4.498E-04.06750.084 1188.28970.74-.002140       1 2 2 02       0 1 1 01                    Q 36f     566663343810 9 711    73.0   73.0
 21 1918.552572 1.081E-29 1.204E-03.07090.095 3218.25190.72-.001196       3 1 1 01       0 1 1 11                    P 23f     566663342910 9 711    45.0   47.0
 21 1918.560409 9.355E-28 9.887E-04.07420.101 2183.28970.69-.002154       2 2 2 02       1 1 1 01                    P 16f     566663342910 9 711    31.0   33.0
 21 1918.584865 2.543E-23 1.121E-03.07310.099  133.43930.70-.002146       1 1 1 02       0 0 0 01                    P 18e     956663343310 9 711    35.0   37.0
 21 1918.614857 1.097E-29 1.171E-03.07130.095 3200.09960.71-.001209       3 1 1 01       0 1 1 11                    P 22e     566663342910 9 711    43.0   45.0
 21 1918.617849 2.592E-25 4.091E-04.06960.091  962.62570.73-.001968       1 2 2 02       0 1 1 01                    Q 27e     566663343810 9 711    55.0   55.0
 21 1918.651936 1.021E-25 4.584E-04.06720.082 1246.92050.75-.002176       1 2 2 02       0 1 1 01                    Q 38f     566663343810 9 711    77.0   77.0
 21 1918.658149 4.563E-28 4.967E-04.06930.089 2321.76500.73-.001885       1 4 4 02       0 3 3 01                    R 28f     566663342910 9 711    59.0   57.0
 21 1918.679665 3.302E-29 3.141E-03.06650.077 3326.03080.74-.002367       2 3 3 03       1 2 2 02                    R 43f     466563342910 9 711    89.0   87.0
 21 1918.758055 8.119E-26 4.679E-04.06690.080 1308.67160.75-.002211       1 2 2 02       0 1 1 01                    Q 40f     566663343810 9 711    81.0   81.0
 21 1918.763214 2.268E-25 4.144E-04.06900.089 1007.13350.73-.002008       1 2 2 02       0 1 1 01                    Q 29e     566663343810 9 711    59.0   59.0
 21 1918.856316 2.065E-29 1.765E-03.06700.080 3284.57570.75-.002254       1 5 5 02       0 4 4 01                    R 39f     466663342910 9 711    81.0   79.0
 21 1918.869158 6.345E-26 4.777E-04.06660.079 1373.54200.75-.002245       1 2 2 02       0 1 1 01                    Q 42f     566563343810 9 711    85.0   85.0
 21 1918.918274 1.948E-25 4.202E-04.06850.088 1054.76070.74-.002047       1 2 2 02       0 1 1 01                    Q 31e     566663343810 9 711    63.0   63.0
 21 1918.979051 1.307E-30 1.638E-03.07090.095 3716.13020.72-.002132       3 2 2 02       2 1 1 01                    P 23e     566663342910 9 711    45.0   47.0
 21 1918.985165 4.877E-26 4.881E-04.06640.077 1441.53070.74-.002279       1 2 2 02       0 1 1 01                    Q 44f     566563343810 9 711    89.0   89.0
 21 1919.057066 1.271E-30 1.533E-03.07130.095 3698.85280.71-.002134       3 2 2 02       2 1 1 01                    P 22f     566663342910 9 711    43.0   45.0
 21 1919.082926 1.641E-25 4.260E-04.06810.086 1105.50660.74-.002085       1 2 2 02       0 1 1 01                    Q 33e     566663343810 9 711    67.0   67.0
 21 1919.105989 3.688E-26 4.991E-04.06620.076 1512.63650.74-.002312       1 2 2 02       0 1 1 01                    Q 46f     566563343810 9 711    93.0   93.0
 21 1919.107150 7.169E-28 1.826E-05.07420.100 1441.65470.70-.001343       1 3 3 02       0 2 2 01                    R 16e     556663342910 9 711    35.0   33.0
 21 1919.126608 2.115E-29 9.951E-05.07020.092 2600.72850.73-.001766       1 1 1 12       0 0 0 11                    R 25e     666663342910 9 711    53.0   51.0
 21 1919.153090 2.316E-26 7.642E-04.06930.089 1602.37630.73-.001885       2 1 1 03       1 0 0 02                    R 28e     566663342910 9 711    59.0   57.0
 21 1919.210545 8.994E-30 5.549E-04.08850.118 2765.42340.69-.000392       2 3 3 02       1 2 2 01                    R  3f     566663342910 9 711     9.0    7.0
 21 1919.212596 8.123E-26 3.373E-04.09500.123  668.16120.69-.000311       1 2 2 02       0 1 1 01                    R  1e     566663343810 9 711     5.0    3.0
 21 1919.231529 2.743E-26 5.106E-04.06600.075 1586.85820.74-.002345       1 2 2 02       0 1 1 01                    Q 48f     566563343810 9 711    97.0   97.0
 21 1919.257064 1.359E-25 4.327E-04.06770.084 1159.37030.74-.002122       1 2 2 02       0 1 1 01                    Q 35e     566663343810 9 711    71.0   71.0
 21 1919.286034 9.857E-26 1.519E-03.06620.075 1547.97310.74-.002422       2 0 0 03       0 1 1 01                    R 47e     566563343810 9 711    97.0   95.0
 21 1919.361679 2.008E-26 5.228E-04.06580.074 1664.19460.74-.002376       1 2 2 02       0 1 1 01                    Q 50f     566553343810 9 711   101.0  101.0
 21 1919.393965 8.644E-28 1.408E-03.06750.083 2453.92450.74-.002162       2 2 2 03       1 1 1 02                    R 36f     566663342910 9 711    75.0   73.0
 21 1919.417492 9.045E-30 9.832E-06.06470.071 2443.76040.73-.002315       1 3 3 02       1 0 0 02                    P 54e     565553342910 9 711   107.0  109.0
 21 1919.440571 1.105E-25 4.394E-04.06730.083 1216.35090.74-.002158       1 2 2 02       0 1 1 01                    Q 37e     566663343810 9 711    75.0   75.0
 21 1919.496319 1.446E-26 5.355E-04.06530.072 1744.64440.74-.002408       1 2 2 02       0 1 1 01                    Q 52f     565553343810 9 711   105.0  105.0
 21 1919.499172 4.729E-28 5.566E-04.06900.088 2344.50930.74-.001922       1 4 4 02       0 3 3 01                    R 29e     566663342910 9 711    61.0   59.0
 21 1919.505997 3.036E-29 3.343E-03.06640.077 3360.51590.74-.002394       2 3 3 03       1 2 2 02                    R 44e     466563342910 9 711    91.0   89.0
 21 1919.543471 1.196E-30 8.435E-04.06650.077 3737.98250.74-.002367       1 2 2 12       0 1 1 11                    R 43f     566563342910 9 711    89.0   87.0
 21 1919.548253 4.082E-30 1.615E-02.06010.067 4172.28000.70-.002834       3 1 1 04       2 0 0 03                    R 64e     465553342910 9 711   131.0  129.0
 21 1919.561908 8.661E-28 9.206E-04.07480.102 2170.54690.69-.002159       2 2 2 02       1 1 1 01                    P 15e     566663342910 9 711    29.0   31.0
 21 1919.633327 8.833E-26 4.467E-04.06700.081 1276.44760.75-.002194       1 2 2 02       0 1 1 01                    Q 39e     566663343810 9 711    79.0   79.0
 21 1919.635317 1.024E-26 5.485E-04.06470.071 1828.20620.73-.002438       1 2 2 02       0 1 1 01                    Q 54f     565553343810 9 711   109.0  109.0
 21 1919.690532 2.114E-26 4.122E-03.06690.080 2027.78570.75-.002168       2 1 1 02       1 0 0 01                    P 40e     566663342910 9 711    79.0   81.0
 21 1919.716306 1.943E-29 1.890E-03.06690.080 3315.98570.75-.002283       1 5 5 02       0 4 4 01                    R 40e     466663342910 9 711    83.0   81.0
 21 1919.757296 1.173E-29 1.212E-03.07170.096 3183.32720.71-.001222       3 1 1 01       0 1 1 11                    P 21f     566663342910 9 711    41.0   43.0
 21 1919.778530 7.144E-27 5.626E-04.06380.070 1914.87870.73-.002468       1 2 2 02       0 1 1 01                    Q 56f     565553343810 9 711   113.0  113.0
 21 1919.808529 7.904E-28 1.148E-03.06770.084 2424.57170.74-.002130       2 2 2 03       1 1 1 02                    R 35e     566663342910 9 711    73.0   71.0
 21 1919.829473 1.174E-30 7.168E-04.06660.078 3703.56490.75-.002340       1 2 2 12       0 1 1 11                    R 42e     566563342910 9 711    87.0   85.0
 21 1919.835206 6.941E-26 4.544E-04.06680.080 1339.65920.75-.002228       1 2 2 02       0 1 1 01                    Q 41e     566563343810 9 711    83.0   83.0
 21 1919.925410 1.161E-27 2.986E-05.07370.099 1454.96860.70-.001396       1 3 3 02       0 2 2 01                    R 17f     556663342910 9 711    37.0   35.0
 21 1919.925801 4.905E-27 5.772E-04.06270.070 2004.66030.72-.002497       1 2 2 02       0 1 1 01                    Q 58f     565553343810 9 711   117.0  117.0
 21 1919.933929 1.181E-29 1.184E-03.07220.097 3166.77730.71-.001237       3 1 1 01       0 1 1 11                    P 20e     566663342910 9 711    39.0   41.0
 21 1919.984982 1.980E-29 1.408E-03.09050.123 2673.48050.69-.001125       3 1 1 03       2 0 0 02                    Q  2e     566663342910 9 711     5.0    5.0
 21 1919.997991 7.591E-26 2.270E-04.09050.120  669.72740.70-.000315       1 2 2 02       0 1 1 01                    R  2f     566663343810 9 711     7.0    5.0
 21 1920.000042 8.109E-30 4.160E-04.08660.116 2768.55570.69-.000485       2 3 3 02       1 2 2 01                    R  4e     566663342910 9 711    11.0    9.0
 21 1920.010127 3.475E-29 1.409E-03.08660.118 2678.93430.69-.001266       3 1 1 03       2 0 0 02                    Q  4e     566663342910 9 711     9.0    9.0
 21 1920.046075 5.363E-26 4.624E-04.06650.078 1405.98470.75-.002262       1 2 2 02       0 1 1 01                    Q 43e     566563343810 9 711    87.0   87.0
 21 1920.049619 4.825E-29 1.412E-03.08340.114 2687.50450.68-.001378       3 1 1 03       2 0 0 02                    Q  6e     566663342910 9 711    13.0   13.0
 21 1920.076957 3.314E-27 5.924E-04.06170.069 2097.54970.72-.002526       1 2 2 02       0 1 1 01                    Q 60f     565553343810 9 711   121.0  121.0
 21 1920.086028 1.238E-29 1.338E-02.05850.066 3926.06690.68-.002898       3 0 0 04       1 1 1 02                    R 71e     465553342910 9 711   145.0  143.0
 21 1920.103428 5.980E-29 1.417E-03.08080.111 2699.19090.68-.001468       3 1 1 03       2 0 0 02                    Q  8e     566663342910 9 711    17.0   17.0
 21 1920.110680 2.264E-23 9.879E-04.07420.101  106.12970.69-.002154       1 1 1 02       0 0 0 01                    P 16e     956663343310 9 711    31.0   33.0
 21 1920.119609 7.919E-28 8.554E-04.07550.103 2159.03060.68-.002164       2 2 2 02       1 1 1 01                    P 14f     566663342910 9 711    27.0   29.0
 21 1920.125349 1.202E-29 4.657E-04.06630.076 3149.95560.74-.001272       3 0 0 01       0 0 0 11                    R 45e     566563342910 9 711    93.0   91.0
 21 1920.171512 6.900E-29 1.422E-03.07870.108 2713.99330.68-.001544       3 1 1 03       2 0 0 02                    Q 10e     566663342910 9 711    21.0   21.0
 21 1920.194364 1.384E-29 4.420E-03.06640.077 3570.15700.74-.002191       3 1 1 02       2 0 0 01                    P 44e     566563342910 9 711    87.0   89.0
 21 1920.231813 2.204E-27 6.082E-04.06080.068 2193.54520.71-.002554       1 2 2 02       0 1 1 01                    Q 62f     565553343810 9 711   125.0  125.0
 21 1920.253822 7.565E-29 1.429E-03.07700.105 2731.91150.68-.001609       3 1 1 03       2 0 0 02                    Q 12e     566663342910 9 711    25.0   25.0
 21 1920.265795 4.076E-26 4.710E-04.06630.077 1475.42300.74-.002296       1 2 2 02       0 1 1 01                    Q 45e     566563343810 9 711    91.0   91.0
 21 1920.341882 4.847E-28 6.199E-04.06880.088 2368.03680.74-.001959       1 4 4 02       0 3 3 01                    R 30f     566663342910 9 711    63.0   61.0
 21 1920.350293 7.965E-29 1.437E-03.07550.103 2752.94520.68-.001668       3 1 1 03       2 0 0 02                    Q 14e     566663342910 9 711    29.0   29.0
 21 1920.390168 1.443E-27 6.248E-04.06010.068 2292.64530.71-.002582       1 2 2 02       0 1 1 01                    Q 64f     565553343810 9 711   129.0  129.0
 21 1920.433350 2.748E-29 3.516E-03.06630.076 3395.68880.74-.002420       2 3 3 03       1 2 2 02                    R 45f     466563342910 9 711    93.0   91.0
 21 1920.460855 8.110E-29 1.446E-03.07420.101 2777.09410.69-.001721       3 1 1 03       2 0 0 02                    Q 16e     566663342910 9 711    33.0   33.0
 21 1920.472424 1.270E-30 1.475E-03.07170.096 3681.00610.71-.002136       3 2 2 02       2 1 1 01                    P 21e     566663342910 9 711    41.0   43.0
 21 1920.494221 3.047E-26 4.800E-04.06620.075 1547.97310.74-.002329       1 2 2 02       0 1 1 01                    Q 47e     566563343810 9 711    95.0   95.0
 21 1920.505547 1.050E-29 7.915E-06.06530.072 2360.38860.74-.002299       1 3 3 02       1 0 0 02                    P 52e     565553342910 9 711   103.0  105.0
 21 1920.551802 9.300E-28 6.419E-04.05950.067 2394.84830.70-.002609       1 2 2 02       0 1 1 01                    Q 66f     565553343810 9 711   133.0  133.0
 21 1920.577866 1.816E-29 2.019E-03.06680.079 3348.17910.75-.002312       1 5 5 02       0 4 4 01                    R 41f     466563342910 9 711    85.0   83.0
 21 1920.585421 8.020E-29 1.457E-03.07310.099 2804.35760.70-.001771       3 1 1 03       2 0 0 02                    Q 18e     566663342910 9 711    37.0   37.0
 21 1920.666145 1.220E-30 1.380E-03.07220.097 3665.17390.71-.002139       3 2 2 02       2 1 1 01                    P 20f     566663342910 9 711    39.0   41.0
 21 1920.716479 5.901E-28 6.598E-04.05910.066 2500.15240.69-.002635       1 2 2 02       0 1 1 01                    Q 68f     565553343810 9 711   137.0  137.0
 21 1920.723897 7.727E-29 1.468E-03.07220.097 2834.73550.71-.001818       3 1 1 03       2 0 0 02                    Q 20e     566663342910 9 711    41.0   41.0
 21 1920.731203 2.242E-26 4.897E-04.06590.074 1623.63350.74-.002361       1 2 2 02       0 1 1 01                    Q 49e     566563343810 9 711    99.0   99.0
 21 1920.740813 2.610E-29 1.396E-04.06960.090 2641.74570.73-.001846       1 1 1 12       0 0 0 11                    R 27e     666663342910 9 711    57.0   55.0
 21 1920.745442 1.690E-27 4.420E-05.07310.098 1469.06550.70-.001448       1 3 3 02       0 2 2 01                    R 18e     556663342910 9 711    39.0   37.0
 21 1920.754053 7.088E-30 8.310E-04.09500.127 2671.14310.69-.000561       3 1 1 03       2 0 0 02                    R  0e     566663342910 9 711     3.0    1.0
 21 1920.776073 2.430E-26 9.409E-04.06880.088 1648.42100.74-.001959       2 1 1 03       1 0 0 02                    R 30e     566663342910 9 711    63.0   61.0
 21 1920.790796 7.224E-30 3.199E-04.08490.114 2772.47110.68-.000579       2 3 3 02       1 2 2 01                    R  5f     566663342910 9 711    13.0   11.0
 21 1920.793374 7.051E-26 1.660E-04.08850.118  672.06760.69-.000392       1 2 2 02       0 1 1 01                    R  3e     566663343810 9 711     9.0    7.0
 21 1920.876177 7.268E-29 1.481E-03.07130.095 2868.22710.71-.001863       3 1 1 03       2 0 0 02                    Q 22e     566663342910 9 711    45.0   45.0
 21 1920.883948 3.686E-28 6.784E-04.05870.066 2608.55600.69-.002661       1 2 2 02       0 1 1 01                    Q 70f     565553343810 9 711   141.0  141.0
 21 1920.890994 7.880E-26 1.687E-03.06590.074 1623.63350.74-.002470       2 0 0 03       0 1 1 01                    R 49e     566563343810 9 711   101.0   99.0
 21 1920.976585 1.622E-26 4.995E-04.06560.073 1702.40320.74-.002392       1 2 2 02       0 1 1 01                    Q 51e     565553343810 9 711   103.0  103.0
 21 1920.995019 1.243E-29 1.221E-03.07260.098 3151.50500.70-.001251       3 1 1 01       0 1 1 11                    P 19f     566663342910 9 711    37.0   39.0
 21 1921.042144 6.686E-29 1.495E-03.07060.094 2904.83190.72-.001906       3 1 1 03       2 0 0 02                    Q 24e     566663342910 9 711    49.0   49.0
 21 1921.050748 7.918E-28 1.632E-03.06720.081 2512.61220.75-.002224       2 2 2 03       1 1 1 02                    R 38f     566663342910 9 711    79.0   77.0
 21 1921.053934 2.266E-28 6.974E-04.05840.066 2720.05720.68-.002687       1 2 2 02       0 1 1 01                    Q 72f     565553343810 9 711   145.0  145.0
 21 1921.067837 7.148E-28 7.908E-04.07620.104 2147.90620.68-.002168       2 2 2 02       1 1 1 01                    P 13e     566663342910 9 711    25.0   27.0
 21 1921.165243 2.763E-30 1.745E-02.05950.067 4274.35030.70-.002870       3 1 1 04       2 0 0 03                    R 66e     465553342910 9 711   135.0  133.0
 21 1921.186371 4.917E-28 6.865E-04.06850.087 2392.34760.74-.001995       1 4 4 02       0 3 3 01                    R 31e     566663342910 9 711    65.0   63.0
 21 1921.221669 6.022E-29 1.510E-03.06990.092 2944.54940.73-.001948       3 1 1 03       2 0 0 02                    Q 26e     566663342910 9 711    53.0   53.0
 21 1921.226146 1.371E-28 7.169E-04.05810.065 2834.65420.67-.002712       1 2 2 02       0 1 1 01                    Q 74f     565553343810 9 711   149.0  149.0
 21 1921.230205 1.155E-26 5.099E-04.06500.072 1784.28080.73-.002423       1 2 2 02       0 1 1 01                    Q 53e     565553343810 9 711   107.0  107.0
 21 1921.254293 2.501E-29 3.736E-03.06620.075 3431.74250.74-.002446       2 3 3 03       1 2 2 02                    R 46e     466563342910 9 711    95.0   93.0
 21 1921.275980 1.240E-29 1.197E-03.07310.099 3136.55310.70-.001267       3 1 1 01       0 1 1 11                    P 18e     566663342910 9 711    35.0   37.0
 21 1921.281208 2.517E-26 3.838E-03.06720.082 1966.19230.75-.002158       2 1 1 02       1 0 0 01                    P 38e     566663342910 9 711    75.0   77.0
 21 1921.400272 8.175E-29 7.378E-04.05790.065 2952.34500.67-.002736       1 2 2 02       0 1 1 01                    Q 76f     565553343810 9 711   153.0  153.0
 21 1921.414613 5.316E-29 1.527E-03.06930.090 2987.37880.73-.001988       3 1 1 03       2 0 0 02                    Q 28e     566663342910 9 711    57.0   57.0
 21 1921.440979 1.686E-29 2.151E-03.06660.078 3381.15570.75-.002340       1 5 5 02       0 4 4 01                    R 42e     466563342910 9 711    87.0   85.0
 21 1921.491896 8.100E-27 5.211E-04.06420.071 1869.26490.73-.002453       1 2 2 02       0 1 1 01                    Q 55e     565553343810 9 711   111.0  111.0
 21 1921.567463 2.286E-27 6.119E-05.07260.097 1483.94500.71-.001497       1 3 3 02       0 2 2 01                    R 19f     556663342910 9 711    41.0   39.0
 21 1921.575332 6.383E-26 1.250E-04.08660.116  675.20500.69-.000485       1 2 2 02       0 1 1 01                    R  4f     566663343810 9 711    11.0    9.0
 21 1921.575977 4.796E-29 7.588E-04.05770.065 3073.12770.66-.002760       1 2 2 02       0 1 1 01                    Q 78f     565553343810 9 711   157.0  157.0
 21 1921.582838 6.317E-30 2.482E-04.08340.112 2777.16960.68-.000668       2 3 3 02       1 2 2 01                    R  6e     566663342910 9 711    15.0   13.0
 21 1921.612357 1.189E-29 6.320E-06.06580.074 2280.12000.74-.002283       1 3 3 02       1 0 0 02                    P 50e     566553342910 9 711    99.0  101.0
 21 1921.612781 7.253E-28 1.320E-03.06730.082 2481.56240.75-.002193       2 2 2 03       1 1 1 02                    R 37e     566663342910 9 711    77.0   75.0
 21 1921.620825 4.603E-29 1.545E-03.06880.088 3033.31960.74-.002027       3 1 1 03       2 0 0 02                    Q 30e     566663342910 9 711    61.0   61.0
 21 1921.640723 1.937E-23 8.642E-04.07550.103   81.94010.68-.002164       1 1 1 02       0 0 0 01                    P 14e     956663343310 9 711    27.0   29.0
 21 1921.679619 6.353E-28 7.281E-04.07700.105 2137.90100.68-.002173       2 2 2 02       1 1 1 01                    P 12f     566663342910 9 711    23.0   25.0
 21 1921.752907 2.770E-29 7.805E-04.05750.064 3197.00030.65-.002784       1 2 2 02       0 1 1 01                    Q 80f     565553343810 9 711   161.0  161.0
 21 1921.761486 5.588E-27 5.326E-04.06320.070 1957.35410.72-.002483       1 2 2 02       0 1 1 01                    Q 57e     565553343810 9 711   115.0  115.0
 21 1921.764288 7.903E-30 1.441E-02.05830.065 4038.92980.67-.002929       3 0 0 04       1 1 1 02                    R 73e     465553342910 9 711   149.0  147.0
 21 1921.840143 3.911E-29 1.564E-03.06830.087 3082.37080.74-.002066       3 1 1 03       2 0 0 02                    Q 32e     566663342910 9 711    65.0   65.0
 21 1921.920341 1.720E-29 4.146E-03.06660.079 3502.25510.75-.002179       3 1 1 02       2 0 0 01                    P 42e     566563342910 9 711    83.0   85.0
 21 1921.930683 1.575E-29 8.028E-04.05720.064 3323.96060.65-.002807       1 2 2 02       0 1 1 01                    Q 82f     565553343810 9 711   165.0  165.0
 21 1921.971684 1.197E-30 1.321E-03.07260.098 3649.00250.70-.002142       3 2 2 02       2 1 1 01                    P 19e     566663342910 9 711    37.0   39.0
 21 1922.032501 4.939E-28 7.565E-04.06830.086 2417.44150.74-.002030       1 4 4 02       0 3 3 01                    R 32f     566663342910 9 711    67.0   65.0
 21 1922.038795 3.795E-27 5.447E-04.06220.069 2048.54700.72-.002512       1 2 2 02       0 1 1 01                    Q 59e     565553343810 9 711   119.0  119.0
 21 1922.072395 3.263E-29 1.584E-03.06790.085 3134.53170.74-.002103       3 1 1 03       2 0 0 02                    Q 34e     566663342910 9 711    69.0   69.0
 21 1922.108905 8.818E-30 8.259E-04.05700.064 3454.00660.64-.002829       1 2 2 02       0 1 1 01                    Q 84f     565553343810 9 711   169.0  169.0
 21 1922.194488 2.236E-29 3.915E-03.06620.075 3468.46730.74-.002471       2 3 3 03       1 2 2 02                    R 47f     466563342910 9 711    97.0   95.0
 21 1922.265569 1.282E-29 1.229E-03.07370.100 3122.78580.70-.001283       3 1 1 01       0 1 1 11                    P 17f     566663342910 9 711    33.0   35.0
 21 1922.270974 1.134E-30 1.234E-03.07310.099 3634.62650.70-.002146       3 2 2 02       2 1 1 01                    P 18f     566663342910 9 711    35.0   37.0
 21 1922.287145 4.859E-30 8.493E-04.05680.064 3587.13620.63-.002852       1 2 2 02       0 1 1 01                    Q 86f     565553343810 9 711   173.0  173.0
 21 1922.305632 1.557E-29 2.290E-03.06650.077 3414.91540.74-.002367       1 5 5 02       0 4 4 01                    R 43f     466563342910 9 711    89.0   87.0
 21 1922.315919 1.073E-29 5.462E-04.09050.120 2673.48050.70-.000315       3 1 1 03       2 0 0 02                    R  2e     566663342910 9 711     7.0    5.0
 21 1922.317395 2.675E-29 1.606E-03.06750.084 3189.80160.74-.002140       3 1 1 03       2 0 0 02                    Q 36e     566663342910 9 711    73.0   73.0
 21 1922.323643 2.537E-27 5.573E-04.06120.069 2142.84200.71-.002540       1 2 2 02       0 1 1 01                    Q 61e     565553343810 9 711   123.0  123.0
 21 1922.359207 3.010E-29 1.867E-04.06900.088 2685.85510.74-.001922       1 1 1 12       0 0 0 11                    R 29e     666663342910 9 711    61.0   59.0
 21 1922.376089 5.397E-30 1.923E-04.08200.111 2782.65110.68-.000753       2 3 3 02       1 2 2 01                    R  7f     566663342910 9 711    17.0   15.0
 21 1922.384528 5.587E-26 9.441E-05.08490.114  679.09900.68-.000579       1 2 2 02       0 1 1 01                    R  5e     566663343810 9 711    13.0   11.0
 21 1922.391189 2.932E-27 8.083E-05.07220.096 1499.60730.71-.001545       1 3 3 02       0 2 2 01                    R 20e     566663342910 9 711    43.0   41.0
 21 1922.402590 2.455E-26 1.137E-03.06830.086 1697.58250.74-.002030       2 1 1 03       1 0 0 02                    R 32e     566663342910 9 711    67.0   65.0
 21 1922.451944 8.908E-30 4.705E-04.06620.075 3221.85690.74-.001307       3 0 0 01       0 0 0 11                    R 47e     566563342910 9 711    97.0   95.0
 21 1922.464955 2.637E-30 8.736E-04.05670.063 3723.34700.62-.002873       1 2 2 02       0 1 1 01                    Q 88f     565553343810 9 711   177.0  177.0
 21 1922.493828 6.172E-26 1.867E-03.06560.072 1702.40320.74-.002516       2 0 0 03       0 1 1 01                    R 51e     565553343810 9 711   105.0  103.0
 21 1922.574947 2.155E-29 1.630E-03.06720.082 3248.17940.75-.002176       3 1 1 03       2 0 0 02                    Q 38e     566663342910 9 711    77.0   77.0
 21 1922.582003 5.553E-28 6.662E-04.07780.107 2128.38770.68-.002177       2 2 2 02       1 1 1 01                    P 11e     566663342910 9 711    21.0   23.0
 21 1922.615840 1.669E-27 5.703E-04.06040.068 2240.23760.71-.002568       1 2 2 02       0 1 1 01                    Q 63e     565553343810 9 711   127.0  127.0
 21 1922.640892 1.265E-29 1.211E-03.07420.101 3109.42740.69-.001300       3 1 1 01       0 1 1 11                    P 16e     566663342910 9 711    31.0   33.0
 21 1922.641857 1.408E-30 8.979E-04.05650.063 3862.63680.62-.002895       1 2 2 02       0 1 1 01                    Q 90f     565543343810 9 711   181.0  181.0
 21 1922.711285 7.061E-28 1.874E-03.06690.080 2574.42230.75-.002283       2 2 2 03       1 1 1 02                    R 40f     566663342910 9 711    83.0   81.0
 21 1922.737874 1.315E-29 5.012E-06.06600.075 2202.95620.74-.002268       1 3 3 02       1 0 0 02                    P 48e     566563342910 9 711    95.0   97.0
 21 1922.783435 1.837E-30 1.882E-02.05910.066 4379.51230.69-.002904       3 1 1 04       2 0 0 03                    R 68e     465553342910 9 711   139.0  137.0
 21 1922.844843 1.706E-29 1.654E-03.06690.080 3309.66420.75-.002211       3 1 1 03       2 0 0 02                    Q 40e     566663342910 9 711    81.0   81.0
 21 1922.869519 2.938E-26 3.568E-03.06750.084 1907.71230.74-.002150       2 1 1 02       1 0 0 01                    P 36e     566663342910 9 711    71.0   73.0
 21 1922.880412 4.916E-28 8.298E-04.06810.085 2443.31820.74-.002064       1 4 4 02       0 3 3 01                    R 33e     566663342910 9 711    69.0   67.0
 21 1922.915193 1.082E-27 5.843E-04.05980.067 2340.73210.70-.002595       1 2 2 02       0 1 1 01                    Q 65e     565553343810 9 711   131.0  131.0
 21 1923.008869 2.014E-29 4.152E-03.06600.074 3506.08980.74-.002496       2 3 3 03       1 2 2 02                    R 48e     466563342910 9 711    99.0   97.0
 21 1923.126865 1.328E-29 1.680E-03.06660.079 3374.25500.75-.002245       3 1 1 03       2 0 0 02                    Q 42e     566563342910 9 711    85.0   85.0
 21 1923.158089 4.707E-26 7.059E-05.08340.112  683.81240.68-.000668       1 2 2 02       0 1 1 01                    R  6f     566663343810 9 711    15.0   13.0
 21 1923.170678 4.484E-30 1.475E-04.08080.109 2788.91550.68-.000832       2 3 3 02       1 2 2 01                    R  8e     566663342910 9 711    19.0   17.0
 21 1923.171808 1.428E-29 2.432E-03.06640.077 3449.45800.74-.002394       1 5 5 02       0 4 4 01                    R 44e     466563342910 9 711    91.0   89.0
 21 1923.175011 1.580E-23 7.481E-04.07700.105   60.87090.68-.002173       1 1 1 02       0 0 0 01                    P 12e     956663343310 9 711    23.0   25.0
 21 1923.216941 3.609E-27 1.031E-04.07170.095 1516.05210.71-.001592       1 3 3 02       0 2 2 01                    R 21f     566663342910 9 711    45.0   43.0
 21 1923.221506 6.903E-28 5.987E-04.05930.067 2444.32390.70-.002622       1 2 2 02       0 1 1 01                    Q 67e     565553343810 9 711   135.0  135.0
 21 1923.240464 4.754E-28 6.053E-04.07870.108 2119.90110.68-.002180       2 2 2 02       1 1 1 01                    P 10f     566663342910 9 711    19.0   21.0
 21 1923.420781 1.017E-29 1.708E-03.06640.077 3441.95090.74-.002279       3 1 1 03       2 0 0 02                    Q 44e     566563342910 9 711    89.0   89.0
 21 1923.430126 6.470E-28 1.501E-03.06700.080 2541.66900.75-.002254       2 2 2 03       1 1 1 02                    R 39e     566663342910 9 711    81.0   79.0
 21 1923.437539 4.960E-30 1.550E-02.05800.065 4154.88020.67-.002959       3 0 0 04       1 1 1 02                    R 75e     465553342910 9 711   153.0  151.0
 21 1923.476978 1.090E-30 1.174E-03.07370.100 3620.11980.70-.002150       3 2 2 02       2 1 1 01                    P 17e     566663342910 9 711    33.0   35.0
 21 1923.534574 4.335E-28 6.135E-04.05890.066 2551.01130.69-.002648       1 2 2 02       0 1 1 01                    Q 69e     565553343810 9 711   139.0  139.0
 21 1923.568791 1.284E-29 1.239E-03.07480.102 3097.17010.69-.001318       3 1 1 01       0 1 1 11                    P 15f     566663342910 9 711    29.0   31.0
 21 1923.637342 2.099E-29 3.887E-03.06690.080 3437.46960.75-.002168       3 1 1 02       2 0 0 01                    P 40e     566663342910 9 711    79.0   81.0
 21 1923.726349 7.655E-30 1.736E-03.06620.076 3512.75070.74-.002312       3 1 1 03       2 0 0 02                    Q 46e     566563342910 9 711    93.0   93.0
 21 1923.729907 4.851E-28 9.067E-04.06790.084 2469.97800.74-.002098       1 4 4 02       0 3 3 01                    R 34f     566663342910 9 711    71.0   69.0
 21 1923.854192 2.682E-28 6.293E-04.05850.066 2660.79240.68-.002674       1 2 2 02       0 1 1 01                    Q 71e     565553343810 9 711   143.0  143.0
 21 1923.880640 1.152E-29 3.838E-04.08660.116 2678.93430.69-.000485       3 1 1 03       2 0 0 02                    R  4e     566663342910 9 711    11.0    9.0
 21 1923.882048 1.417E-29 3.938E-06.06620.076 2128.89870.74-.002253       1 3 3 02       1 0 0 02                    P 46e     566563342910 9 711    91.0   93.0
 21 1923.962992 1.780E-29 4.336E-03.06590.074 3544.36470.74-.002520       2 3 3 03       1 2 2 02                    R 49f     466563342910 9 711   101.0   99.0
 21 1923.966374 3.601E-30 1.110E-04.07970.108 2795.96300.68-.000907       2 3 3 02       1 2 2 01                    R  9f     566663342910 9 711    21.0   19.0
 21 1923.981684 3.284E-29 2.409E-04.06850.087 2733.05620.74-.001995       1 1 1 12       0 0 0 11                    R 31e     666663342910 9 711    65.0   63.0
 21 1923.986026 3.787E-26 5.150E-05.08200.111  689.25530.68-.000753       1 2 2 02       0 1 1 01                    R  7e     566663343810 9 711    17.0   15.0
 21 1924.028558 1.250E-29 1.224E-03.07550.103 3085.40070.68-.001336       3 1 1 01       0 1 1 11                    P 14e     566663342910 9 711    27.0   29.0
 21 1924.032571 2.398E-26 1.354E-03.06790.084 1749.86000.74-.002098       2 1 1 03       1 0 0 02                    R 34e     566663342910 9 711    71.0   69.0
 21 1924.039492 1.302E-29 2.579E-03.06630.076 3484.78330.74-.002420       1 5 5 02       0 4 4 01                    R 45f     466563342910 9 711    93.0   91.0
 21 1924.043315 5.671E-30 1.767E-03.06600.075 3586.65330.74-.002345       3 1 1 03       2 0 0 02                    Q 48e     566563342910 9 711    97.0   97.0
 21 1924.044316 4.298E-27 1.279E-04.07130.095 1533.27970.72-.001637       1 3 3 02       0 2 2 01                    R 22e     566663342910 9 711    47.0   45.0
 21 1924.094121 4.737E-26 2.059E-03.06500.071 1784.28080.73-.002561       2 0 0 03       0 1 1 01                    R 53e     565553343810 9 711   109.0  107.0
 21 1924.104424 3.975E-28 5.448E-04.07970.109 2111.99170.68-.002182       2 2 2 02       1 1 1 01                    P  9e     566663342910 9 711    17.0   19.0
 21 1924.180147 1.633E-28 6.454E-04.05830.065 2773.66540.68-.002699       1 2 2 02       0 1 1 01                    Q 73e     565553343810 9 711   147.0  147.0
 21 1924.371411 4.133E-30 1.799E-03.06580.074 3663.65750.74-.002376       3 1 1 03       2 0 0 02                    Q 50e     566553342910 9 711   101.0  101.0
 21 1924.375456 6.139E-28 2.135E-03.06660.078 2639.35360.75-.002340       2 2 2 03       1 1 1 02                    R 42f     566563342910 9 711    87.0   85.0
 21 1924.402803 1.200E-30 2.026E-02.05870.066 4487.76360.68-.002938       3 1 1 04       2 0 0 03                    R 70e     465553342910 9 711   143.0  141.0
 21 1924.455605 3.358E-26 3.307E-03.06790.085 1852.34660.74-.002142       2 1 1 02       1 0 0 01                    P 34e     566663342910 9 711    67.0   69.0
 21 1924.512224 9.794E-29 6.624E-04.05800.065 2889.62850.67-.002724       1 2 2 02       0 1 1 01                    Q 75e     565553343810 9 711   151.0  151.0
 21 1924.581193 4.748E-28 9.872E-04.06770.084 2497.42030.74-.002130       1 4 4 02       0 3 3 01                    R 35e     566663342910 9 711    73.0   71.0
 21 1924.710361 2.964E-30 1.832E-03.06530.072 3743.76200.74-.002408       3 1 1 03       2 0 0 02                    Q 52e     465553342910 9 711   105.0  105.0
 21 1924.713559 1.216E-23 6.398E-04.07870.108   42.92250.68-.002180       1 1 1 02       0 0 0 01                    P 10e     956663343310 9 711    19.0   21.0
 21 1924.746215 2.881E-26 3.617E-05.08080.109  695.54960.68-.000832       1 2 2 02       0 1 1 01                    R  8f     566663343810 9 711    19.0   17.0
 21 1924.763530 2.776E-30 8.123E-05.07870.107 2803.79330.68-.000978       2 3 3 02       1 2 2 01                    R 10e     566663342910 9 711    23.0   21.0
 21 1924.769563 1.588E-29 4.593E-03.06580.073 3583.55630.74-.002544       2 3 3 03       1 2 2 02                    R 50e     466553342910 9 711   103.0  101.0
 21 1924.802161 3.223E-28 4.843E-04.08080.111 2105.03130.68-.002183       2 2 2 02       1 1 1 01                    P  8f     566663342910 9 711    15.0   17.0
 21 1924.816005 6.503E-30 4.761E-04.06590.074 3296.84090.74-.001341       3 0 0 01       0 0 0 11                    R 49e     566563342910 9 711   101.0   99.0
 21 1924.850203 5.784E-29 6.800E-04.05780.065 3008.67980.66-.002748       1 2 2 02       0 1 1 01                    Q 77e     565553343810 9 711   155.0  155.0
 21 1924.873768 4.980E-27 1.553E-04.07090.094 1551.28950.72-.001681       1 3 3 02       0 2 2 01                    R 23f     566663342910 9 711    49.0   47.0
 21 1924.904542 1.243E-29 1.249E-03.07620.104 3074.65840.68-.001355       3 1 1 01       0 1 1 11                    P 13f     566663342910 9 711    25.0   27.0
 21 1924.908666 1.181E-29 2.732E-03.06620.075 3520.89130.74-.002446       1 5 5 02       0 4 4 01                    R 46e     466563342910 9 711    95.0   93.0
 21 1925.044826 1.487E-29 3.065E-06.06640.077 2057.94880.74-.002240       1 3 3 02       1 0 0 02                    P 44e     566563342910 9 711    87.0   89.0
 21 1925.059874 2.092E-30 1.867E-03.06470.071 3826.96580.73-.002438       3 1 1 03       2 0 0 02                    Q 54e     465553342910 9 711   109.0  109.0
 21 1925.105304 3.060E-30 1.665E-02.05780.065 4273.91610.66-.002989       3 0 0 04       1 1 1 02                    R 77e     465553342910 9 711   157.0  155.0
 21 1925.193860 3.364E-29 6.983E-04.05760.064 3130.81720.66-.002772       1 2 2 02       0 1 1 01                    Q 79e     565553343810 9 711   159.0  159.0
 21 1925.260574 5.620E-28 1.693E-03.06680.079 2604.89030.75-.002312       2 2 2 03       1 1 1 02                    R 41e     566563342910 9 711    85.0   83.0
 21 1925.345565 2.511E-29 3.636E-03.06720.082 3375.80150.75-.002158       3 1 1 02       2 0 0 01                    P 38e     566663342910 9 711    75.0   77.0
 21 1925.419648 1.453E-30 1.904E-03.06380.070 3913.26740.73-.002468       3 1 1 03       2 0 0 02                    Q 56e     465553342910 9 711   113.0  113.0
 21 1925.433993 4.609E-28 1.071E-03.06750.083 2525.64550.74-.002162       1 4 4 02       0 3 3 01                    R 36f     566663342910 9 711    75.0   73.0
 21 1925.438883 1.190E-29 1.237E-03.07700.105 3064.47340.68-.001374       3 1 1 01       0 1 1 11                    P 12e     566663342910 9 711    23.0   25.0
 21 1925.448174 1.025E-29 2.615E-04.08340.112 2687.50450.68-.000668       3 1 1 03       2 0 0 02                    R  6e     566663342910 9 711    15.0   13.0
 21 1925.542966 1.927E-29 7.174E-04.05730.064 3256.03870.65-.002795       1 2 2 02       0 1 1 01                    Q 81e     565553343810 9 711   163.0  163.0
 21 1925.561595 2.031E-30 5.706E-05.07780.105 2812.40680.68-.001046       2 3 3 02       1 2 2 01                    R 11f     566663342910 9 711    25.0   23.0
 21 1925.597836 2.548E-26 2.997E-05.07970.108  702.53630.68-.000907       1 2 2 02       0 1 1 01                    R  9e     566663343810 9 711    21.0   19.0
 21 1925.608135 3.421E-29 3.024E-04.06810.085 2783.34800.74-.002064       1 1 1 12       0 0 0 11                    R 33e     666663342910 9 711    69.0   67.0
 21 1925.635108 2.514E-28 4.231E-04.08200.112 2098.71840.68-.002181       2 2 2 02       1 1 1 01                    P  7e     566663342910 9 711    13.0   15.0
 21 1925.665940 2.270E-26 1.590E-03.06750.083 1805.25230.74-.002162       2 1 1 03       1 0 0 02                    R 36e     566663342910 9 711    75.0   73.0
 21 1925.691451 3.565E-26 2.263E-03.06420.070 1869.26490.73-.002604       2 0 0 03       0 1 1 01                    R 55e     565553343810 9 711   113.0  111.0
 21 1925.704746 5.641E-27 1.853E-04.07060.093 1570.08200.72-.001724       1 3 3 02       0 2 2 01                    R 24e     566663342910 9 711    51.0   49.0
 21 1925.738767 1.387E-29 4.781E-03.06560.072 3623.37980.74-.002567       2 3 3 03       1 2 2 02                    R 51f     465553342910 9 711   105.0  103.0
 21 1925.779316 1.065E-29 2.889E-03.06620.075 3557.78170.74-.002471       1 5 5 02       0 4 4 01                    R 47f     466563342910 9 711    97.0   95.0
 21 1925.897291 1.087E-29 7.372E-04.05710.064 3384.34230.64-.002818       1 2 2 02       0 1 1 01                    Q 83e     565553343810 9 711   167.0  167.0
 21 1926.039596 3.759E-26 3.059E-03.06830.087 1800.09570.74-.002136       2 1 1 02       1 0 0 01                    P 32e     566663342910 9 711    63.0   65.0
 21 1926.043136 5.210E-28 2.415E-03.06640.077 2707.40490.74-.002394       2 2 2 03       1 1 1 02                    R 44f     566563342910 9 711    91.0   89.0
 21 1926.226153 1.519E-29 2.363E-06.06660.079 1990.10800.75-.002227       1 3 3 02       1 0 0 02                    P 42e     566563342910 9 711    83.0   85.0
 21 1926.256372 8.664E-24 5.381E-04.08080.111   28.09510.68-.002183       1 1 1 02       0 0 0 01                    P  8e     956663343310 9 711    15.0   17.0
 21 1926.256599 6.035E-30 7.573E-04.05690.064 3515.72570.64-.002841       1 2 2 02       0 1 1 01                    Q 85e     565553343810 9 711   171.0  171.0
 21 1926.272696 1.156E-29 1.260E-03.07780.107 3055.25100.68-.001394       3 1 1 01       0 1 1 11                    P 11f     566663342910 9 711    21.0   23.0
 21 1926.288606 4.441E-28 1.158E-03.06730.082 2554.65300.75-.002193       1 4 4 02       0 3 3 01                    R 37e     566663342910 9 711    77.0   75.0
 21 1926.339655 1.716E-26 1.916E-05.07870.107  710.41630.68-.000978       1 2 2 02       0 1 1 01                    R 10f     556663343810 9 711    23.0   21.0
 21 1926.361359 2.339E-30 6.375E-05.07700.104 2821.80280.68-.001111       2 3 3 02       1 2 2 01                    R 12e     536663343010 9 711    27.0   25.0
 21 1926.364720 1.854E-28 3.594E-04.08340.114 2093.29160.68-.002176       2 2 2 02       1 1 1 01                    P  6f     566663342910 9 711    11.0   13.0
 21 1926.536214 1.226E-29 5.060E-03.06530.072 3664.14070.73-.002590       2 3 3 03       1 2 2 02                    R 52e     465553342910 9 711   107.0  105.0
 21 1926.537865 6.260E-27 2.178E-04.07020.092 1589.65660.73-.001766       1 3 3 02       0 2 2 01                    R 25f     566663342910 9 711    53.0   51.0
 21 1926.620650 3.301E-30 7.784E-04.05680.063 3650.18690.63-.002862       1 2 2 02       0 1 1 01                    Q 87e     565553343810 9 711   175.0  175.0
 21 1926.651424 9.546E-30 3.050E-03.06600.074 3595.45440.74-.002496       1 5 5 02       0 4 4 01                    R 48e     466563342910 9 711    99.0   97.0
 21 1926.767112 1.856E-30 1.786E-02.05760.064 4396.03530.65-.003017       3 0 0 04       1 1 1 02                    R 79e     465553342910 9 711   161.0  159.0
 21 1926.871780 1.084E-29 1.253E-03.07870.108 3046.64580.68-.001414       3 1 1 01       0 1 1 11                    P 10e     566663342910 9 711    19.0   21.0
 21 1926.989204 1.779E-30 8.006E-04.05660.063 3787.72350.62-.002884       1 2 2 02       0 1 1 01                    Q 89e     565553343810 9 711   179.0  179.0
 21 1927.018471 7.765E-30 1.658E-04.08080.109 2699.19090.68-.000832       3 1 1 03       2 0 0 02                    R  8e     566663342910 9 711    19.0   17.0
 21 1927.045195 2.945E-29 3.395E-03.06750.084 3317.25140.74-.002150       3 1 1 02       2 0 0 01                    P 36e     566663342910 9 711    71.0   73.0
 21 1927.104128 4.759E-28 1.894E-03.06650.077 2671.22530.74-.002367       2 2 2 03       1 1 1 02                    R 43e     566563342910 9 711    89.0   87.0
 21 1927.144649 4.248E-28 1.249E-03.06720.081 2584.44300.75-.002224       1 4 4 02       0 3 3 01                    R 38f     566663342910 9 711    79.0   77.0
 21 1927.174059 1.258E-28 2.916E-04.08490.116 2088.56800.69-.002165       2 2 2 02       1 1 1 01                    P  5e     566663342910 9 711     9.0   11.0
 21 1927.218123 4.678E-30 4.827E-04.06560.072 3374.90640.74-.001372       3 0 0 01       0 0 0 11                    R 51e     565553342910 9 711   105.0  103.0
 21 1927.219923 1.025E-26 1.099E-05.07780.105  718.94190.68-.001046       1 2 2 02       0 1 1 01                    R 11e     566663343810 9 711    25.0   23.0
 21 1927.238447 3.423E-29 3.713E-04.06770.084 2836.72980.74-.002130       1 1 1 12       0 0 0 11                    R 35e     666663342910 9 711    73.0   71.0
 21 1927.285384 2.631E-26 2.479E-03.06320.070 1957.35410.72-.002646       2 0 0 03       0 1 1 01                    R 57e     565553343810 9 711   117.0  115.0
 21 1927.302620 2.087E-26 1.848E-03.06720.081 1863.75860.75-.002224       2 1 1 03       1 0 0 02                    R 38e     566663342910 9 711    79.0   77.0
 21 1927.372396 6.828E-27 2.530E-04.06990.091 1610.01380.73-.001807       1 3 3 02       0 2 2 01                    R 26e     566663342910 9 711    55.0   53.0
 21 1927.425970 1.508E-29 1.802E-06.06690.080 1925.37750.75-.002215       1 3 3 02       1 0 0 02                    P 40e     566663342910 9 711    79.0   81.0
 21 1927.521713 1.059E-29 5.251E-03.06500.071 3705.51100.73-.002612       2 3 3 03       1 2 2 02                    R 53f     465553342910 9 711   109.0  107.0
 21 1927.524972 8.512E-30 3.216E-03.06590.074 3633.90920.74-.002520       1 5 5 02       0 4 4 01                    R 49f     466563342910 9 711   101.0   99.0
 21 1927.621615 4.116E-26 2.821E-03.06880.088 1750.96060.74-.002132       2 1 1 02       1 0 0 01                    P 30e     566663342910 9 711    59.0   61.0
 21 1927.673142 1.022E-29 1.273E-03.07970.109 3038.94830.68-.001434       3 1 1 01       0 1 1 11                    P  9f     566663342910 9 711    17.0   19.0
 21 1927.714194 4.320E-28 2.716E-03.06620.075 2778.57490.74-.002446       2 2 2 03       1 1 1 02                    R 46f     566563342910 9 711    95.0   93.0
 21 1927.803451 5.513E-24 4.418E-04.08340.114   16.38900.68-.002176       1 1 1 02       0 0 0 01                    P  6e     956663343310 9 711    11.0   13.0
 21 1927.928144 7.354E-29 2.152E-04.08660.118 2084.68250.69-.002141       2 2 2 02       1 1 1 01                    P  4f     566663342910 9 711     7.0    9.0
 21 1927.938349 4.884E-27 5.079E-06.07700.104  728.41230.68-.001111       1 2 2 02       0 1 1 01                    R 12f     556663343810 9 711    27.0   25.0
 21 1928.002540 4.034E-28 1.344E-03.06700.080 2615.01510.75-.002254       1 4 4 02       0 3 3 01                    R 39e     566663342910 9 711    81.0   79.0
 21 1928.209146 7.329E-27 2.906E-04.06960.090 1631.15270.73-.001846       1 3 3 02       0 2 2 01                    R 27f     566663342910 9 711    57.0   55.0
 21 1928.308658 9.276E-30 5.553E-03.06470.071 3747.84150.73-.002635       2 3 3 03       1 2 2 02                    R 54e     465553342910 9 711   111.0  109.0
 21 1928.327171 9.303E-30 1.270E-03.08080.111 3031.91820.68-.001454       3 1 1 01       0 1 1 11                    P  8e     566663342910 9 711    15.0   17.0
 21 1928.399946 7.549E-30 3.388E-03.06580.073 3673.14600.74-.002544       1 5 5 02       0 4 4 01                    R 50e     466553342910 9 711   103.0  101.0
 21 1928.422495 1.107E-30 1.914E-02.05730.064 4521.23560.65-.003045       3 0 0 04       1 1 1 02                    R 81e     465553342910 9 711   165.0  163.0
 21 1928.591471 4.901E-30 9.306E-05.07870.107 2713.99330.68-.000978       3 1 1 03       2 0 0 02                    R 10e     566663342910 9 711    23.0   21.0
 21 1928.644219 1.452E-29 1.356E-06.06720.082 1863.75860.75-.002204       1 3 3 02       1 0 0 02                    P 38e     566663342910 9 711    75.0   77.0
 21 1928.721271 3.035E-29 1.226E-04.08850.120 2081.54070.70-.002086       2 2 2 02       1 1 1 01                    P  3e     566663342910 9 711     5.0    7.0
 21 1928.736407 3.385E-29 3.164E-03.06790.085 3261.82000.74-.002142       3 1 1 02       2 0 0 01                    P 34e     566663342910 9 711    67.0   69.0
 21 1928.852250 1.506E-27 1.533E-06.07620.103  738.47170.68-.001172       1 2 2 02       0 1 1 01                    R 13e     566663343810 9 711    29.0   27.0
 21 1928.861760 3.805E-28 1.442E-03.06690.080 2646.36960.75-.002283       1 4 4 02       0 3 3 01                    R 40f     566663342910 9 711    83.0   81.0
 21 1928.872503 3.304E-29 4.479E-04.06730.082 2893.20070.75-.002193       1 1 1 12       0 0 0 11                    R 37e     666663342910 9 711    77.0   75.0
 21 1928.875479 1.906E-26 2.710E-03.06220.069 2048.54700.72-.002685       2 0 0 03       0 1 1 01                    R 59e     565553343810 9 711   121.0  119.0
 21 1928.942532 1.868E-26 2.128E-03.06690.080 1925.37750.75-.002283       2 1 1 03       1 0 0 02                    R 40e     566663342910 9 711    83.0   81.0
 21 1928.960780 3.934E-28 2.104E-03.06630.076 2740.67270.74-.002420       2 2 2 03       1 1 1 02                    R 45e     566563342910 9 711    93.0   91.0
 21 1929.047181 7.760E-27 3.310E-04.06930.089 1653.07420.73-.001885       1 3 3 02       0 2 2 01                    R 28e     566663342910 9 711    59.0   57.0
 21 1929.105781 8.419E-30 1.288E-03.08200.112 3025.75050.68-.001474       3 1 1 01       0 1 1 11                    P  7f     566663342910 9 711    13.0   15.0
 21 1929.201774 4.407E-26 2.595E-03.06930.090 1704.94190.73-.002130       2 1 1 02       1 0 0 01                    P 28e     566663342910 9 711    55.0   57.0
 21 1929.276324 6.660E-30 3.565E-03.06560.072 3713.16460.74-.002567       1 5 5 02       0 4 4 01                    R 51f     465553342910 9 711   105.0  103.0
 21 1929.311725 7.918E-30 5.742E-03.06420.070 3790.75680.73-.002656       2 3 3 03       1 2 2 02                    R 55f     465553342910 9 711   113.0  111.0
 21 1929.354791 2.858E-24 3.458E-04.08660.118    7.80430.69-.002141       1 1 1 02       0 0 0 01                    P  4e     956663343310 9 711     7.0    9.0
 21 1929.388500 3.503E-28 3.037E-03.06600.074 2852.86230.74-.002496       2 2 2 03       1 1 1 02                    R 48f     566563342910 9 711    99.0   97.0
 21 1929.542230 3.606E-29 3.625E-08.07550.102  749.53740.69-.001232       1 2 2 02       0 1 1 01                    R 14f     556663343810 9 711    31.0   29.0
 21 1929.658894 3.319E-30 4.906E-04.06500.071 3456.05220.73-.001402       3 0 0 01       0 0 0 11                    R 53e     565553342910 9 711   109.0  107.0
 21 1929.722882 3.566E-28 1.544E-03.06680.079 2678.50580.75-.002312       1 4 4 02       0 3 3 01                    R 41e     566563342910 9 711    85.0   83.0
 21 1929.804991 7.322E-30 1.290E-03.08340.114 3020.29090.68-.001493       3 1 1 01       0 1 1 11                    P  6e     566663342910 9 711    11.0   13.0
 21 1929.880839 1.355E-29 1.007E-06.06750.084 1805.25230.74-.002195       1 3 3 02       1 0 0 02                    P 36e     566663342910 9 711    71.0   73.0
 21 1929.887521 8.106E-27 3.738E-04.06900.088 1675.77720.74-.001922       1 3 3 02       0 2 2 01                    R 29f     566663342910 9 711    61.0   59.0
