 21 2950.090300 1.601E-30 2.632E-08.06170.069 1426.41530.72-.004374       0 1 1 11       0 0 0 01m                   P 60e     445553253510 9 711   119.0  121.0
 21 2950.129570 1.281E-29 9.173E-04.06650.078 3081.13820.75-.002555       4 0 0 03       0 0 0 11                    P 43e     466563342910 9 711    85.0   87.0
 21 2951.404987 1.678E-29 9.169E-04.06680.080 3015.40590.75-.002538       4 0 0 03       0 0 0 11                    P 41e     466563342910 9 711    81.0   83.0
 21 2952.118500 2.428E-30 2.636E-08.06270.070 1333.76790.72-.004333       0 1 1 11       0 0 0 01m                   P 58e     445553253510 9 711   115.0  117.0
 21 2952.694534 2.162E-29 9.173E-04.06700.081 2952.75970.75-.002521       4 0 0 03       0 0 0 11                    P 39e     466663342910 9 711    77.0   79.0
 21 2953.998050 2.735E-29 9.172E-04.06730.083 2893.20070.74-.002506       4 0 0 03       0 0 0 11                    P 37e     466663342910 9 711    73.0   75.0
 21 2954.130800 3.623E-30 2.640E-08.06380.070 1244.22040.73-.004293       0 1 1 11       0 0 0 01m                   P 56e     445553253510 9 711   111.0  113.0
 21 2955.315388 3.400E-29 9.175E-04.06770.084 2836.72980.74-.002492       4 0 0 03       0 0 0 11                    P 35e     466663342910 9 711    69.0   71.0
 21 2956.127300 5.318E-30 2.645E-08.06470.071 1157.77410.73-.004252       0 1 1 11       0 0 0 01m                   P 54e     445553253510 9 711   107.0  109.0
 21 2956.646413 4.149E-29 9.177E-04.06810.086 2783.34800.74-.002480       4 0 0 03       0 0 0 11                    P 33e     466663342910 9 711    65.0   67.0
 21 2957.991004 4.970E-29 9.182E-04.06850.088 2733.05620.74-.002468       4 0 0 03       0 0 0 11                    P 31e     466663342910 9 711    61.0   63.0
 21 2958.108000 7.679E-30 2.649E-08.06530.072 1074.43060.74-.004212       0 1 1 11       0 0 0 01m                   P 52e     445553253510 9 711   103.0  105.0
 21 2959.349051 5.841E-29 9.189E-04.06900.089 2685.85510.73-.002459       4 0 0 03       0 0 0 11                    P 29e     466663342910 9 711    57.0   59.0
 21 2960.072800 1.090E-29 2.652E-08.06580.074  994.19130.74-.004171       0 1 1 11       0 0 0 01m                   P 50e     446553253510 9 711    99.0  101.0
 21 2960.720452 6.730E-29 9.198E-04.06960.091 2641.74570.73-.002451       4 0 0 03       0 0 0 11                    P 27e     466663342910 9 711    53.0   55.0
 21 2962.021600 1.523E-29 2.658E-08.06600.075  917.05730.74-.004131       0 1 1 11       0 0 0 01m                   P 48e     446563253510 9 711    95.0   97.0
 21 2962.105118 7.598E-29 9.211E-04.07020.093 2600.72850.72-.002444       4 0 0 03       0 0 0 11                    P 25e     466663342910 9 711    49.0   51.0
 21 2963.502966 8.395E-29 9.225E-04.07090.095 2562.80430.72-.002440       4 0 0 03       0 0 0 11                    P 23e     466663342910 9 711    45.0   47.0
 21 2963.954600 2.091E-29 2.662E-08.06620.076  843.03010.74-.004090       0 1 1 11       0 0 0 01m                   P 46e     446563253510 9 711    91.0   93.0
 21 2964.913920 9.070E-29 9.244E-04.07170.096 2527.97370.71-.002437       4 0 0 03       0 0 0 11                    P 21e     466663342910 9 711    41.0   43.0
 21 2965.871900 2.822E-29 2.665E-08.06640.077  772.11070.74-.004050       0 1 1 11       0 0 0 01m                   P 44e     446563253510 9 711    87.0   89.0
 21 2966.337913 9.566E-29 9.268E-04.07260.098 2496.23730.70-.002435       4 0 0 03       0 0 0 11                    P 19e     466663342910 9 711    37.0   39.0
 21 2967.773100 3.743E-29 2.669E-08.06660.079  704.30050.75-.004011       0 1 1 11       0 0 0 01m                   P 42e     446563253510 9 711    83.0   85.0
 21 2967.774883 9.829E-29 9.298E-04.07370.100 2467.59560.70-.002435       4 0 0 03       0 0 0 11                    P 17e     466663342910 9 711    33.0   35.0
 21 2969.224773 9.812E-29 9.338E-04.07480.102 2442.04910.69-.002436       4 0 0 03       0 0 0 11                    P 15e     466663342910 9 711    29.0   31.0
 21 2969.658500 4.880E-29 2.672E-08.06690.080  639.60040.75-.003972       0 1 1 11       0 0 0 01m                   P 40e     446663253510 9 711    79.0   81.0
 21 2970.625932 1.113E-30 8.169E-04.06750.084 3520.04640.74-.002499       4 1 1 03       0 1 1 11                    P 36e     366663202910 9 711    71.0   73.0
 21 2970.687530 9.478E-29 9.391E-04.07620.104 2419.59810.68-.002436       4 0 0 03       0 0 0 11                    P 13e     466663342910 9 711    25.0   27.0
 21 2971.360636 1.004E-30 8.276E-04.06730.083 3549.53960.74-.002506       4 1 1 03       0 1 1 11                    P 37f     366663202910 9 711    73.0   75.0
 21 2971.528000 6.249E-29 2.675E-08.06720.082  578.01160.75-.003933       0 1 1 11       0 0 0 01m                   P 38e     446663253510 9 711    75.0   77.0
 21 2971.954692 1.370E-30 8.164E-04.06790.085 3465.05660.74-.002486       4 1 1 03       0 1 1 11                    P 34e     366663202910 9 711    67.0   69.0
 21 2972.163109 8.806E-29 9.464E-04.07780.107 2400.24310.68-.002434       4 0 0 03       0 0 0 11                    P 11e     466663342910 9 711    21.0   23.0
 21 2972.531493 1.247E-30 8.265E-04.06770.084 3492.91650.74-.002492       4 1 1 03       0 1 1 11                    P 35f     366663202910 9 711    69.0   71.0
 21 2973.296476 1.657E-30 8.167E-04.06830.087 3413.15970.74-.002474       4 1 1 03       0 1 1 11                    P 32e     366663202910 9 711    63.0   65.0
 21 2973.381500 7.859E-29 2.678E-08.06750.084  519.53500.74-.003895       0 1 1 11       0 0 0 01m                   P 36e     446663253510 9 711    71.0   73.0
 21 2973.651466 7.794E-29 9.570E-04.07970.109 2383.98440.68-.002428       4 0 0 03       0 0 0 11                    P  9e     466663342910 9 711    17.0   19.0
 21 2973.724150 1.520E-30 8.251E-04.06810.086 3439.39090.74-.002480       4 1 1 03       0 1 1 11                    P 33f     366663202910 9 711    65.0   67.0
 21 2974.651257 1.966E-30 8.170E-04.06880.088 3364.35670.74-.002463       4 1 1 03       0 1 1 11                    P 30e     366663202910 9 711    59.0   61.0
 21 2974.938560 1.820E-30 8.246E-04.06850.088 3388.96340.74-.002468       4 1 1 03       0 1 1 11                    P 31f     366663202910 9 711    61.0   63.0
 21 2975.152560 6.460E-29 9.740E-04.08200.112 2370.82230.68-.002414       4 0 0 03       0 0 0 11                    P  7e     466663342910 9 711    13.0   15.0
 21 2975.219300 9.705E-29 2.681E-08.06790.085  464.17170.74-.003858       0 1 1 11       0 0 0 01m                   P 34e     446663253510 9 711    67.0   69.0
 21 2976.019012 2.287E-30 8.171E-04.06930.090 3318.64870.73-.002454       4 1 1 03       0 1 1 11                    P 28e     366663202910 9 711    55.0   57.0
 21 2976.174682 2.137E-30 8.239E-04.06900.089 3341.63500.73-.002459       4 1 1 03       0 1 1 11                    P 29f     366663202910 9 711    57.0   59.0
 21 2976.666357 4.845E-29 1.006E-03.08490.116 2360.75690.69-.002382       4 0 0 03       0 0 0 11                    P  5e     466663342910 9 711     9.0   11.0
 21 2977.041000 1.176E-28 2.683E-08.06830.087  411.92250.74-.003821       0 1 1 11       0 0 0 01m                   P 32e     446663253510 9 711    63.0   65.0
 21 2977.399718 2.609E-30 8.180E-04.06990.092 3276.03590.73-.002447       4 1 1 03       0 1 1 11                    P 26e     366663202910 9 711    51.0   53.0
 21 2977.432475 2.460E-30 8.234E-04.06960.091 3297.40650.73-.002451       4 1 1 03       0 1 1 11                    P 27f     366663202910 9 711    53.0   55.0
 21 2978.192822 3.007E-29 1.087E-03.08850.120 2353.78850.70-.002282       4 0 0 03       0 0 0 11                    P  3e     466663342910 9 711     5.0    7.0
 21 2978.711808 2.775E-30 8.233E-04.07020.093 3256.27860.72-.002444       4 1 1 03       0 1 1 11                    P 25f     466663342910 9 711    49.0   51.0
 21 2978.794006 2.913E-30 8.186E-04.07060.094 3236.51930.72-.002442       4 1 1 03       0 1 1 11                    P 24e     466663342910 9 711    47.0   49.0
 21 2978.846900 1.398E-28 2.686E-08.06880.088  362.78830.74-.003786       0 1 1 11       0 0 0 01m                   P 30e     446663253510 9 711    59.0   61.0
 21 2979.731925 1.021E-29 1.813E-03.09500.127 2349.91710.69-.001686       4 0 0 03       0 0 0 11                    P  1e     466663342910 9 711     1.0    3.0
 21 2980.012985 3.064E-30 8.235E-04.07090.095 3218.25190.72-.002440       4 1 1 03       0 1 1 11                    P 23f     466663342910 9 711    45.0   47.0
 21 2980.200578 3.183E-30 8.198E-04.07130.095 3200.09960.71-.002438       4 1 1 03       0 1 1 11                    P 22e     466663342910 9 711    43.0   45.0
 21 2980.636700 1.629E-28 2.688E-08.06930.090  316.76990.73-.003751       0 1 1 11       0 0 0 01m                   P 28e     446663253510 9 711    55.0   57.0
 21 2981.335718 3.308E-30 8.242E-04.07170.096 3183.32720.71-.002437       4 1 1 03       0 1 1 11                    P 21f     466663342910 9 711    41.0   43.0
 21 2981.620036 3.397E-30 8.212E-04.07220.097 3166.77730.71-.002436       4 1 1 03       0 1 1 11                    P 20e     466663342910 9 711    39.0   41.0
 21 2981.841261 1.444E-30 4.989E-05.06010.068 3009.39450.71-.004051       3 1 1 04       1 0 0 01                    P 64e     465553342910 9 711   127.0  129.0
 21 2982.064217 2.043E-29 7.269E-04.09500.123 2349.91710.69-.000495       4 0 0 03       0 0 0 11                    R  1e     466663342910 9 711     5.0    3.0
 21 2982.410700 1.859E-28 2.688E-08.06990.092  273.86800.73-.003718       0 1 1 11       0 0 0 01m                   P 26e     446663253510 9 711    51.0   53.0
 21 2982.679978 3.486E-30 8.253E-04.07260.098 3151.50500.70-.002435       4 1 1 03       0 1 1 11                    P 19f     466663342910 9 711    37.0   39.0
 21 2983.052362 3.536E-30 8.231E-04.07310.099 3136.55310.70-.002435       4 1 1 03       0 1 1 11                    P 18e     466663342910 9 711    35.0   37.0
 21 2983.220777 2.097E-30 4.630E-05.06080.068 2910.51970.71-.004015       3 1 1 04       1 0 0 01                    P 62e     465553342910 9 711   123.0  125.0
 21 2983.634802 4.011E-29 8.087E-04.08850.118 2353.78850.69-.000598       4 0 0 03       0 0 0 11                    R  3e     466663342910 9 711     9.0    7.0
 21 2984.045737 3.578E-30 8.268E-04.07370.100 3122.78580.70-.002435       4 1 1 03       0 1 1 11                    P 17f     466663342910 9 711    33.0   35.0
 21 2984.168600 2.076E-28 2.688E-08.07060.094  234.08340.72-.003685       0 1 1 11       0 0 0 01m                   P 24e     446663253510 9 711    47.0   49.0
 21 2984.497536 3.580E-30 8.255E-04.07420.101 3109.42740.69-.002435       4 1 1 03       0 1 1 11                    P 16e     466663342910 9 711    31.0   33.0
 21 2984.599108 2.991E-30 4.290E-05.06170.069 2814.74520.72-.003980       3 1 1 04       1 0 0 01                    P 60e     465553342910 9 711   119.0  121.0
 21 2985.217939 5.818E-29 8.410E-04.08490.114 2360.75690.68-.000804       4 0 0 03       0 0 0 11                    R  5e     466663342910 9 711    13.0   11.0
 21 2985.432968 3.567E-30 8.289E-04.07480.102 3097.17010.69-.002436       4 1 1 03       0 1 1 11                    P 15f     466663342910 9 711    29.0   31.0
 21 2985.910600 2.267E-28 2.688E-08.07130.095  197.41660.71-.003653       0 1 1 11       0 0 0 01m                   P 22e     446663253510 9 711    43.0   45.0
 21 2985.955538 3.514E-30 8.286E-04.07550.103 3085.40070.68-.002436       4 1 1 03       0 1 1 11                    P 14e     466663342910 9 711    27.0   29.0
 21 2985.976929 4.189E-30 3.966E-05.06270.070 2722.07220.72-.003944       3 1 1 04       1 0 0 01                    P 58e     465553342910 9 711   115.0  117.0
 21 2986.813613 7.391E-29 8.589E-04.08200.111 2370.82230.68-.000992       4 0 0 03       0 0 0 11                    R  7e     466663342910 9 711    17.0   15.0
 21 2986.841643 3.440E-30 8.319E-04.07620.104 3074.65840.68-.002436       4 1 1 03       0 1 1 11                    P 13f     466663342910 9 711    25.0   27.0
 21 2987.354893 5.761E-30 3.659E-05.06380.070 2632.50220.73-.003908       3 1 1 04       1 0 0 01                    P 56e     465553342910 9 711   111.0  113.0
 21 2987.426348 3.326E-30 8.324E-04.07700.105 3064.47340.68-.002436       4 1 1 03       0 1 1 11                    P 12e     466663342910 9 711    23.0   25.0
 21 2987.636500 2.415E-28 2.685E-08.07220.097  163.86840.71-.003622       0 1 1 11       0 0 0 01m                   P 20e     446663253510 9 711    39.0   41.0
 21 2988.271738 3.188E-30 8.360E-04.07780.107 3055.25100.68-.002434       4 1 1 03       0 1 1 11                    P 11f     466663342910 9 711    21.0   23.0
 21 2988.421807 8.671E-29 8.705E-04.07970.108 2383.98440.68-.001159       4 0 0 03       0 0 0 11                    R  9e     466663342910 9 711    21.0   19.0
 21 2988.733632 7.778E-30 3.370E-05.06470.071 2546.03630.73-.003872       3 1 1 04       1 0 0 01                    P 54e     465553342910 9 711   107.0  109.0
 21 2988.909946 3.012E-30 8.376E-04.07870.108 3046.64580.68-.002432       4 1 1 03       0 1 1 11                    P 10e     466663342910 9 711    19.0   21.0
 21 2989.346400 2.507E-28 2.682E-08.07310.099  133.43930.70-.003590       0 1 1 11       0 0 0 01m                   P 18e     446663253510 9 711    35.0   37.0
 21 2989.723226 2.809E-30 8.414E-04.07970.109 3038.94830.68-.002428       4 1 1 03       0 1 1 11                    P  9f     466663342910 9 711    17.0   19.0
 21 2990.042511 9.621E-29 8.790E-04.07780.105 2400.24310.68-.001309       4 0 0 03       0 0 0 11                    R 11e     466663342910 9 711    25.0   23.0
 21 2990.113758 1.030E-29 3.094E-05.06530.072 2462.67570.74-.003836       3 1 1 04       1 0 0 01                    P 52e     465553342910 9 711   103.0  105.0
 21 2990.405512 2.573E-30 8.446E-04.08080.111 3031.91820.68-.002423       4 1 1 03       0 1 1 11                    P  8e     366663202910 9 711    15.0   17.0
 21 2991.040400 2.527E-28 2.676E-08.07420.101  106.12970.69-.003558       0 1 1 11       0 0 0 01m                   P 16e     446663253510 9 711    31.0   33.0
 21 2991.195330 2.309E-30 8.491E-04.08200.112 3025.75050.68-.002414       4 1 1 03       0 1 1 11                    P  7f     366663202910 9 711    13.0   15.0
 21 2991.495862 1.340E-29 2.838E-05.06580.074 2382.42160.74-.003800       3 1 1 04       1 0 0 01                    P 50e     466553342910 9 711    99.0  101.0
 21 2991.675717 1.023E-28 8.862E-04.07620.103 2419.59810.68-.001445       4 0 0 03       0 0 0 11                    R 13e     466663342910 9 711    29.0   27.0
 21 2991.914614 2.016E-30 8.536E-04.08340.114 3020.29100.68-.002401       4 1 1 03       0 1 1 11                    P  6e     366663202910 9 711    11.0   13.0
 21 2992.689496 1.697E-30 8.591E-04.08490.116 3015.65770.69-.002382       4 1 1 03       0 1 1 11                    P  5f     366663202910 9 711     9.0   11.0
 21 2992.718200 2.465E-28 2.667E-08.07550.103   81.94010.68-.003524       0 1 1 11       0 0 0 01m                   P 14e     446663253510 9 711    27.0   29.0
 21 2992.880512 1.708E-29 2.593E-05.06600.075 2305.27510.74-.003765       3 1 1 04       1 0 0 01                    P 48e     466563342910 9 711    95.0   97.0
 21 2993.062500 1.379E-30 5.542E-08.06010.068 1621.00360.71-.004687       0 1 1 11       0 0 0 01m                   Q 64e     445553253510 9 711   129.0  129.0
 21 2993.321421 1.049E-28 8.916E-04.07480.101 2442.04910.69-.001570       4 0 0 03       0 0 0 11                    R 15e     466663342910 9 711    33.0   31.0
 21 2993.436440 1.351E-30 8.633E-04.08660.118 3011.76390.69-.002348       4 1 1 03       0 1 1 11                    P  4e     366663202910 9 711     7.0    9.0
 21 2993.732500 2.161E-30 5.546E-08.06080.068 1522.16110.71-.004637       0 1 1 11       0 0 0 01m                   Q 62e     445553253510 9 711   125.0  125.0
 21 2994.268256 2.135E-29 2.363E-05.06620.076 2231.23730.74-.003730       3 1 1 04       1 0 0 01                    P 46e     466563342910 9 711    91.0   93.0
 21 2994.380100 2.312E-28 2.654E-08.07700.105   60.87090.68-.003485       0 1 1 11       0 0 0 01m                   P 12e     446663253510 9 711    23.0   25.0
 21 2994.381200 3.332E-30 5.549E-08.06170.069 1426.41530.72-.004586       0 1 1 11       0 0 0 01m                   Q 60e     445553253510 9 711   121.0  121.0
 21 2994.979624 1.043E-28 8.962E-04.07370.099 2467.59560.70-.001686       4 0 0 03       0 0 0 11                    R 17e     466663342910 9 711    37.0   35.0
 21 2995.008600 5.056E-30 5.553E-08.06270.070 1333.76790.72-.004534       0 1 1 11       0 0 0 01m                   Q 58e     445553253510 9 711   117.0  117.0
 21 2995.614700 7.548E-30 5.556E-08.06380.070 1244.22040.73-.004481       0 1 1 11       0 0 0 01m                   Q 56e     445553253510 9 711   113.0  113.0
 21 2995.659620 2.615E-29 2.147E-05.06640.077 2160.30910.74-.003695       3 1 1 04       1 0 0 01                    P 44e     466563342910 9 711    87.0   89.0
 21 2996.025700 2.065E-28 2.632E-08.07870.108   42.92250.68-.003439       0 1 1 11       0 0 0 01m                   P 10e     446663253510 9 711    19.0   21.0
 21 2996.199700 1.109E-29 5.562E-08.06470.071 1157.77410.73-.004427       0 1 1 11       0 0 0 01m                   Q 54e     445553253510 9 711   109.0  109.0
 21 2996.650330 1.010E-28 9.012E-04.07260.097 2496.23730.71-.001794       4 0 0 03       0 0 0 11                    R 19e     466663342910 9 711    41.0   39.0
 21 2996.763400 1.602E-29 5.564E-08.06530.072 1074.43060.74-.004371       0 1 1 11       0 0 0 01m                   Q 52e     445553253510 9 711   105.0  105.0
 21 2997.055110 3.138E-29 1.944E-05.06660.079 2092.49160.75-.003661       3 1 1 04       1 0 0 01                    P 42e     466563342910 9 711    83.0   85.0
 21 2997.306000 2.276E-29 5.566E-08.06580.074  994.19130.74-.004315       0 1 1 11       0 0 0 01m                   Q 50e     446553253510 9 711   101.0  101.0
 21 2997.655300 1.727E-28 2.598E-08.08080.111   28.09510.68-.003380       0 1 1 11       0 0 0 01m                   P  8e     446663253510 9 711    15.0   17.0
 21 2997.827400 3.180E-29 5.568E-08.06600.075  917.05730.74-.004257       0 1 1 11       0 0 0 01m                   Q 48e     446563253510 9 711    97.0   97.0
 21 2998.327500 4.371E-29 5.572E-08.06620.076  843.03010.74-.004198       0 1 1 11       0 0 0 01m                   Q 46e     446563253510 9 711    93.0   93.0
 21 2998.333552 9.528E-29 9.048E-04.07170.095 2527.97370.71-.001896       4 0 0 03       0 0 0 11                    R 21e     466663342910 9 711    45.0   43.0
 21 2998.455206 3.687E-29 1.754E-05.06690.080 2027.78570.75-.003627       3 1 1 04       1 0 0 01                    P 40e     466663342910 9 711    79.0   81.0
 21 2998.806700 5.905E-29 5.574E-08.06640.077  772.11070.74-.004138       0 1 1 11       0 0 0 01m                   Q 44e     446563253510 9 711    89.0   89.0
 21 2999.264500 7.843E-29 5.577E-08.06660.079  704.30050.75-.004077       0 1 1 11       0 0 0 01m                   Q 42e     446563253510 9 711    85.0   85.0
 21 2999.268800 1.307E-28 2.535E-08.08340.114   16.38900.68-.003300       0 1 1 11       0 0 0 01m                   P  6e     446663253510 9 711    11.0   13.0
 21 2999.676820 1.372E-30 6.745E-04.08850.118 3008.67040.69-.000598       4 1 1 03       0 1 1 11                    R  3f     366663202910 9 711     9.0    7.0
 21 2999.701300 1.024E-28 5.580E-08.06690.080  639.60040.75-.004014       0 1 1 11       0 0 0 01m                   Q 40e     446663253510 9 711    81.0   81.0
 21 2999.860371 4.238E-29 1.575E-05.06720.082 1966.19230.75-.003594       3 1 1 04       1 0 0 01                    P 38e     466663342910 9 711    75.0   77.0
 21 3000.029306 8.787E-29 9.087E-04.07090.094 2562.80430.72-.001993       4 0 0 03       0 0 0 11                    R 23e     466663342910 9 711    49.0   47.0
 21 3000.117000 1.313E-28 5.581E-08.06720.082  578.01160.75-.003950       0 1 1 11       0 0 0 01m                   Q 38e     446663253510 9 711    77.0   77.0
 21 3000.441468 1.731E-30 7.072E-04.08660.116 3011.76390.69-.000702       4 1 1 03       0 1 1 11                    R  4e     366663202910 9 711    11.0    9.0
 21 3000.511500 1.654E-28 5.583E-08.06750.084  519.53500.74-.003885       0 1 1 11       0 0 0 01m                   Q 36e     446663253510 9 711    73.0   73.0
 21 3000.866200 8.179E-29 2.394E-08.08660.118    7.80430.69-.003174       0 1 1 11       0 0 0 01m                   P  4e     446663253510 9 711     7.0    9.0
 21 3000.885000 2.047E-28 5.586E-08.06790.085  464.17170.74-.003819       0 1 1 11       0 0 0 01m                   Q 34e     446663253510 9 711    69.0   69.0
 21 3001.237300 2.486E-28 5.588E-08.06830.087  411.92250.74-.003751       0 1 1 11       0 0 0 01m                   Q 32e     446663253510 9 711    65.0   65.0
 21 3001.271043 4.762E-29 1.409E-05.06750.084 1907.71230.74-.003561       3 1 1 04       1 0 0 01                    P 36e     466663342910 9 711    71.0   73.0
 21 3001.287976 2.065E-30 7.279E-04.08490.114 3015.65770.68-.000804       4 1 1 03       0 1 1 11                    R  5f     366663202910 9 711    13.0   11.0
 21 3001.568600 2.962E-28 5.588E-08.06880.088  362.78830.74-.003681       0 1 1 11       0 0 0 01m                   Q 30e     446663253510 9 711    61.0   61.0
 21 3001.737616 7.927E-29 9.123E-04.07020.092 2600.72850.73-.002084       4 0 0 03       0 0 0 11                    R 25e     466663342910 9 711    53.0   51.0
 21 3001.878800 3.462E-28 5.590E-08.06930.090  316.76990.73-.003609       0 1 1 11       0 0 0 01m                   Q 28e     446663253510 9 711    57.0   57.0
 21 3002.032830 2.373E-30 7.418E-04.08340.112 3020.29100.68-.000901       4 1 1 03       0 1 1 11                    R  6e     366663202910 9 711    15.0   13.0
 21 3002.167900 3.966E-28 5.592E-08.06990.092  273.86800.73-.003536       0 1 1 11       0 0 0 01m                   Q 26e     446663253510 9 711    53.0   53.0
 21 3002.418188 1.234E-30 1.338E-04.06420.071 3210.43880.73-.003838       3 2 2 04       0 3 3 01                    P 55e     465553342910 9 711   109.0  111.0
 21 3002.436000 4.450E-28 5.594E-08.07060.094  234.08340.72-.003460       0 1 1 11       0 0 0 01m                   Q 24e     446663253510 9 711    49.0   49.0
 21 3002.447300 2.801E-29 1.865E-08.09050.123    2.34130.69-.002857       0 1 1 11       0 0 0 01m                   P  2e     446663253510 9 711     3.0    5.0
 21 3002.610725 1.435E-30 1.286E-04.06470.071 3167.37170.73-.003821       3 2 2 04       0 3 3 01                    P 54f     465553342910 9 711   107.0  109.0
 21 3002.683000 4.884E-28 5.595E-08.07130.095  197.41660.71-.003382       0 1 1 11       0 0 0 01m                   Q 22e     446663253510 9 711    45.0   45.0
 21 3002.687639 5.227E-29 1.253E-05.06790.085 1852.34660.74-.003530       3 1 1 04       1 0 0 01                    P 34e     466663342910 9 711    67.0   69.0
 21 3002.908900 5.239E-28 5.597E-08.07220.097  163.86840.71-.003301       0 1 1 11       0 0 0 01m                   Q 20e     446663253510 9 711    41.0   41.0
 21 3002.920317 2.656E-30 7.528E-04.08200.111 3025.75050.68-.000992       4 1 1 03       0 1 1 11                    R  7f     366663202910 9 711    17.0   15.0
 21 3003.113800 5.481E-28 5.597E-08.07310.099  133.43930.70-.003216       0 1 1 11       0 0 0 01m                   Q 18e     446663253510 9 711    37.0   37.0
 21 3003.297700 5.583E-28 5.599E-08.07420.101  106.12970.69-.003125       0 1 1 11       0 0 0 01m                   Q 16e     446663253510 9 711    33.0   33.0
 21 3003.458514 7.004E-29 9.160E-04.06960.090 2641.74570.73-.002171       4 0 0 03       0 0 0 11                    R 27e     466663342910 9 711    57.0   55.0
 21 3003.460600 5.519E-28 5.600E-08.07550.103   81.94010.68-.003028       0 1 1 11       0 0 0 01m                   Q 14e     446663253510 9 711    29.0   29.0
 21 3003.602500 5.271E-28 5.600E-08.07700.105   60.87090.68-.002922       0 1 1 11       0 0 0 01m                   Q 12e     446663253510 9 711    25.0   25.0
 21 3003.637531 2.910E-30 7.608E-04.08080.109 3031.91820.68-.001078       4 1 1 03       0 1 1 11                    R  8e     466663342910 9 711    19.0   17.0
 21 3003.723300 4.831E-28 5.601E-08.07870.108   42.92250.68-.002803       0 1 1 11       0 0 0 01m                   Q 10e     446663253510 9 711    21.0   21.0
 21 3003.823100 4.204E-28 5.602E-08.08080.111   28.09510.68-.002665       0 1 1 11       0 0 0 01m                   Q  8e     446663253510 9 711    17.0   17.0
 21 3003.864413 1.646E-30 1.225E-04.06500.072 3125.08260.73-.003803       3 2 2 04       0 3 3 01                    P 53e     465553342910 9 711   105.0  107.0
 21 3003.901900 3.403E-28 5.602E-08.08340.114   16.38900.68-.002501       0 1 1 11       0 0 0 01m                   Q  6e     446663253510 9 711    13.0   13.0
 21 3003.959700 2.456E-28 5.602E-08.08660.118    7.80430.69-.002299       0 1 1 11       0 0 0 01m                   Q  4e     446663253510 9 711     9.0    9.0
 21 3003.996400 1.401E-28 5.601E-08.09050.123    2.34130.69-.002043       0 1 1 11       0 0 0 01m                   Q  2e     446663253510 9 711     5.0    5.0
 21 3004.110551 5.598E-29 1.108E-05.06830.087 1800.09570.74-.003499       3 1 1 04       1 0 0 01                    P 32e     466663342910 9 711    63.0   65.0
 21 3004.129913 1.896E-30 1.176E-04.06530.072 3083.57500.74-.003785       3 2 2 04       0 3 3 01                    P 52f     465553342910 9 711   103.0  105.0
 21 3004.574467 3.135E-30 7.678E-04.07970.108 3038.94830.68-.001159       4 1 1 03       0 1 1 11                    R  9f     466663342910 9 711    21.0   19.0
 21 3004.788600 5.671E-29 3.738E-08.09500.127    0.00000.69-.001408       0 1 1 11       0 0 0 01m                   R  0e     446663253510 9 711     3.0    1.0
 21 3005.192040 6.065E-29 9.195E-04.06900.088 2685.85510.74-.002253       4 0 0 03       0 0 0 11                    R 29e     466663342910 9 711    61.0   59.0
 21 3005.253957 3.327E-30 7.727E-04.07870.107 3046.64580.68-.001236       4 1 1 03       0 1 1 11                    R 10e     466663342910 9 711    23.0   21.0
 21 3005.316092 2.155E-30 1.119E-04.06560.073 3042.84600.74-.003768       3 2 2 04       0 3 3 01                    P 51e     465553342910 9 711   101.0  103.0
 21 3005.540152 5.843E-29 9.736E-06.06880.088 1750.96060.74-.003470       3 1 1 04       1 0 0 01                    P 30e     466663342910 9 711    59.0   61.0
 21 3005.647893 2.456E-30 1.072E-04.06580.074 3002.89860.74-.003750       3 2 2 04       0 3 3 01                    P 50f     466553342910 9 711    99.0  101.0
 21 3006.249030 3.491E-30 7.783E-04.07780.105 3055.25100.68-.001309       4 1 1 03       0 1 1 11                    R 11f     466663342910 9 711    25.0   23.0
 21 3006.329200 1.122E-28 3.209E-08.09050.120    2.34130.70-.001294       0 1 1 11       0 0 0 01m                   R  2e     446663253510 9 711     7.0    5.0
 21 3006.773282 2.765E-30 1.019E-04.06590.074 2963.73050.74-.003733       3 2 2 04       0 3 3 01                    P 49e     466563342910 9 711    97.0   99.0
 21 3006.882873 3.617E-30 7.812E-04.07700.104 3064.47340.68-.001378       4 1 1 03       0 1 1 11                    R 12e     466663342910 9 711    27.0   25.0
 21 3006.938242 5.151E-29 9.229E-04.06850.087 2733.05620.74-.002332       4 0 0 03       0 0 0 11                    R 31e     466663342910 9 711    65.0   63.0
 21 3006.976788 5.935E-29 8.490E-06.06930.090 1704.94190.73-.003441       3 1 1 04       1 0 0 01                    P 28e     466663342910 9 711    55.0   57.0
 21 3007.165021 3.119E-30 9.738E-05.06600.075 2925.34400.74-.003716       3 2 2 04       0 3 3 01                    P 48f     466563342910 9 711    95.0   97.0
 21 3007.853500 1.640E-28 3.068E-08.08660.116    7.80430.69-.001566       0 1 1 11       0 0 0 01m                   R  4e     446663253510 9 711    11.0    9.0
 21 3007.944685 3.718E-30 7.861E-04.07620.103 3074.65840.68-.001445       4 1 1 03       0 1 1 11                    R 13f     466663342910 9 711    29.0   27.0
 21 3008.236010 3.478E-30 9.245E-05.06620.075 2887.73740.74-.003698       3 2 2 04       0 3 3 01                    P 47e     466563342910 9 711    93.0   95.0
 21 3008.420786 5.856E-29 7.341E-06.06990.092 1662.04020.73-.003414       3 1 1 04       1 0 0 01                    P 26e     466663342910 9 711    51.0   53.0
 21 3008.524248 3.780E-30 7.881E-04.07550.102 3085.40070.69-.001508       4 1 1 03       0 1 1 11                    R 14e     466663342910 9 711    31.0   29.0
 21 3008.681642 3.881E-30 8.818E-05.06620.076 2850.91250.74-.003681       3 2 2 04       0 3 3 01                    P 46f     466563342910 9 711    91.0   93.0
 21 3008.697181 4.292E-29 9.261E-04.06810.085 2783.34800.74-.002408       4 0 0 03       0 0 0 11                    R 33e     466663342910 9 711    69.0   67.0
 21 3009.361400 2.098E-28 3.004E-08.08340.112   16.38900.68-.001830       0 1 1 11       0 0 0 01m                   R  6e     446663253510 9 711    15.0   13.0
 21 3009.661408 3.819E-30 7.926E-04.07480.101 3097.17010.69-.001570       4 1 1 03       0 1 1 11                    R 15f     466663342910 9 711    33.0   31.0
 21 3009.704274 4.284E-30 8.359E-05.06630.077 2814.86810.74-.003664       3 2 2 04       0 3 3 01                    P 45e     466563342910 9 711    89.0   91.0
 21 3009.872447 5.600E-29 6.284E-06.07060.094 1622.25620.72-.003388       3 1 1 04       1 0 0 01                    P 24e     466663342910 9 711    47.0   49.0
 21 3010.178050 3.820E-30 7.936E-04.07420.100 3109.42740.70-.001629       4 1 1 03       0 1 1 11                    R 16e     466663342910 9 711    35.0   33.0
 21 3010.198089 4.729E-30 7.955E-05.06640.077 2779.60550.74-.003647       3 2 2 04       0 3 3 01                    P 44f     466563342910 9 711    87.0   89.0
 21 3010.468926 3.512E-29 9.296E-04.06770.084 2836.72980.74-.002480       4 0 0 03       0 0 0 11                    R 35e     466663342910 9 711    73.0   71.0
 21 3010.853100 2.479E-28 2.970E-08.08080.109   28.09510.68-.002061       0 1 1 11       0 0 0 01m                   R  8e     446663253510 9 711    19.0   17.0
 21 3011.178051 5.167E-30 7.528E-05.06650.078 2745.12380.75-.003630       3 2 2 04       0 3 3 01                    P 43e     466563342910 9 711    85.0   87.0
 21 3011.332049 5.176E-29 5.317E-06.07130.095 1585.59040.71-.003362       3 1 1 04       1 0 0 01                    P 22e     466663342910 9 711    43.0   45.0
 21 3011.399172 3.804E-30 7.984E-04.07370.099 3122.78580.70-.001686       4 1 1 03       0 1 1 11                    R 17f     466663342910 9 711    37.0   35.0
 21 3011.714683 5.639E-30 7.145E-05.06660.079 2711.42410.75-.003613       3 2 2 04       0 3 3 01                    P 42f     466563342910 9 711    83.0   85.0
 21 3011.844247 3.749E-30 7.984E-04.07310.098 3136.55310.70-.001741       4 1 1 03       0 1 1 11                    R 18e     466663342910 9 711    39.0   37.0
 21 3012.253561 2.822E-29 9.329E-04.06730.082 2893.20070.75-.002549       4 0 0 03       0 0 0 11                    R 37e     466663342910 9 711    77.0   75.0
 21 3012.328500 2.769E-28 2.948E-08.07870.107   42.92250.68-.002265       0 1 1 11       0 0 0 01m                   R 10e     446663253510 9 711    23.0   21.0
 21 3012.657294 6.096E-30 6.749E-05.06680.080 2678.50580.75-.003597       3 2 2 04       0 3 3 01                    P 41e     466563342910 9 711    81.0   83.0
 21 3012.799846 4.606E-29 4.436E-06.07220.097 1552.04330.71-.003338       3 1 1 04       1 0 0 01                    P 20e     466663342910 9 711    39.0   41.0
 21 3013.157953 3.685E-30 8.035E-04.07260.097 3151.50500.71-.001794       4 1 1 03       0 1 1 11                    R 19f     466663342910 9 711    41.0   39.0
 21 3013.231733 6.577E-30 6.388E-05.06690.080 2646.36960.75-.003580       3 2 2 04       0 3 3 01                    P 40f     466663342910 9 711    79.0   81.0
 21 3013.522807 3.585E-30 8.029E-04.07220.096 3166.77730.71-.001846       4 1 1 03       0 1 1 11                    R 20e     466663342910 9 711    43.0   41.0
 21 3013.787400 2.962E-28 2.934E-08.07700.104   60.87090.68-.002448       0 1 1 11       0 0 0 01m                   R 12e     446663253510 9 711    27.0   25.0
 21 3014.051183 2.227E-29 9.360E-04.06700.080 2952.75970.75-.002615       4 0 0 03       0 0 0 11                    R 39e     466663342910 9 711    81.0   79.0
 21 3014.141937 7.031E-30 6.020E-05.06700.081 2615.01510.75-.003564       3 2 2 04       0 3 3 01                    P 39e     466663342910 9 711    77.0   79.0
 21 3014.276069 3.929E-29 3.641E-06.07310.099 1521.61540.70-.003314       3 1 1 04       1 0 0 01                    P 18e     466663342910 9 711    35.0   37.0
 21 3014.749535 7.495E-30 5.681E-05.06720.082 2584.44300.75-.003548       3 2 2 04       0 3 3 01                    P 38f     466663342910 9 711    75.0   77.0
 21 3014.937727 3.482E-30 8.084E-04.07170.095 3183.32720.71-.001896       4 1 1 03       0 1 1 11                    R 21f     466663342910 9 711    45.0   43.0
 21 3015.213697 3.345E-30 8.068E-04.07130.095 3200.09960.72-.001945       4 1 1 03       0 1 1 11                    R 22e     466663342910 9 711    47.0   45.0
 21 3015.230000 3.057E-28 2.924E-08.07550.102   81.94010.69-.002614       0 1 1 11       0 0 0 01m                   R 14e     446663253510 9 711    31.0   29.0
 21 3015.631899 7.920E-30 5.339E-05.06730.083 2554.65300.74-.003532       3 2 2 04       0 3 3 01                    P 37e     466663342910 9 711    73.0   75.0
 21 3015.760925 3.192E-29 2.927E-06.07420.101 1494.30710.69-.003290       3 1 1 04       1 0 0 01                    P 16e     466663342910 9 711    31.0   33.0
 21 3015.861902 1.727E-29 9.390E-04.06680.079 3015.40590.75-.002678       4 0 0 03       0 0 0 11                    R 41e     466563342910 9 711    85.0   83.0
 21 3016.268371 8.339E-30 5.022E-05.06750.084 2525.64550.74-.003516       3 2 2 04       0 3 3 01                    P 36f     466663342910 9 711    71.0   73.0
 21 3016.656000 3.059E-28 2.918E-08.07420.100  106.12970.70-.002768       0 1 1 11       0 0 0 01m                   R 16e     446663253510 9 711    35.0   33.0
 21 3016.738471 3.213E-30 8.128E-04.07090.094 3218.25190.72-.001993       4 1 1 03       0 1 1 11                    R 23f     466663342910 9 711    49.0   47.0
 21 3016.916887 3.052E-30 8.107E-04.07060.093 3236.51930.72-.002039       4 1 1 03       0 1 1 11                    R 24e     466663342910 9 711    51.0   49.0
 21 3017.127085 8.705E-30 4.706E-05.06770.084 2497.42030.74-.003501       3 2 2 04       0 3 3 01                    P 35e     466663342910 9 711    69.0   71.0
 21 3017.254594 2.448E-29 2.294E-06.07550.103 1470.11880.68-.003264       3 1 1 04       1 0 0 01                    P 14e     466663342910 9 711    27.0   29.0
 21 3017.685845 1.317E-29 9.425E-04.06650.077 3081.13820.74-.002739       4 0 0 03       0 0 0 11                    R 43e     466563342910 9 711    89.0   87.0
 21 3017.788509 9.047E-30 4.409E-05.06790.085 2469.97800.74-.003485       3 2 2 04       0 3 3 01                    P 34f     466663342910 9 711    67.0   69.0
 21 3018.065600 2.978E-28 2.914E-08.07310.098  133.43930.70-.002912       0 1 1 11       0 0 0 01m                   R 18e     446663253510 9 711    39.0   37.0
 21 3018.560165 2.902E-30 8.175E-04.07020.092 3256.27860.73-.002084       4 1 1 03       0 1 1 11                    R 25f     466663342910 9 711    53.0   51.0
 21 3018.627389 9.323E-30 4.117E-05.06810.086 2443.31820.74-.003470       3 2 2 04       0 3 3 01                    P 33e     466663342910 9 711    65.0   67.0
 21 3018.632344 2.725E-30 8.143E-04.06990.091 3276.03580.73-.002128       4 1 1 03       0 1 1 11                    R 26e     466663342910 9 711    55.0   53.0
 21 3018.757236 1.750E-29 1.739E-06.07700.105 1449.05090.68-.003234       3 1 1 04       1 0 0 01                    P 12e     466663342910 9 711    23.0   25.0
 21 3019.310206 9.558E-30 3.842E-05.06830.087 2417.44150.74-.003456       3 2 2 04       0 3 3 01                    P 32f     466663342910 9 711    63.0   65.0
 21 3019.458800 2.826E-28 2.911E-08.07220.096  163.86840.71-.003047       0 1 1 11       0 0 0 01m                   R 20e     446663253510 9 711    43.0   41.0
 21 3019.523157 9.869E-30 9.455E-04.06630.076 3149.95560.74-.002798       4 0 0 03       0 0 0 11                    R 45e     466563342910 9 711    93.0   91.0
 21 3020.132698 9.715E-30 3.572E-05.06850.088 2392.34760.74-.003441       3 2 2 04       0 3 3 01                    P 31e     466663342910 9 711    61.0   63.0
 21 3020.359481 2.384E-30 8.179E-04.06930.089 3318.64870.73-.002213       4 1 1 03       0 1 1 11                    R 28e     366663202910 9 711    59.0   57.0
 21 3020.403220 2.566E-30 8.218E-04.06960.090 3297.40650.73-.002171       4 1 1 03       0 1 1 11                    R 27f     366663202910 9 711    57.0   55.0
 21 3020.833700 9.816E-30 3.317E-05.06880.088 2368.03680.74-.003427       3 2 2 04       0 3 3 01                    P 30f     466663342910 9 711    59.0   61.0
 21 3020.835300 2.621E-28 2.910E-08.07130.095  197.41660.72-.003174       0 1 1 11       0 0 0 01m                   R 22e     446663253510 9 711    47.0   45.0
 21 3021.374000 7.272E-30 9.486E-04.06620.075 3221.85690.74-.002854       4 0 0 03       0 0 0 11                    R 47e     466563342910 9 711    97.0   95.0
 21 3021.642892 9.832E-30 3.069E-05.06900.089 2344.50930.73-.003413       3 2 2 04       0 3 3 01                    P 29e     466663342910 9 711    57.0   59.0
 21 3021.675038 1.476E-30 2.429E-04.06690.080 3227.42970.75-.003580       4 1 1 05       1 2 2 02                    P 40e     466663342910 9 711    79.0   81.0
 21 3022.099420 2.045E-30 8.214E-04.06880.088 3364.35670.74-.002293       4 1 1 03       0 1 1 11                    R 30e     366663202910 9 711    63.0   61.0
 21 3022.195300 2.377E-28 2.909E-08.07060.093  234.08340.72-.003296       0 1 1 11       0 0 0 01m                   R 24e     446663253510 9 711    51.0   49.0
 21 3022.266948 2.224E-30 8.262E-04.06900.088 3341.63500.74-.002253       4 1 1 03       0 1 1 11                    R 29f     366663202910 9 711    61.0   59.0
 21 3022.283815 1.361E-30 2.727E-04.05840.066 3389.88260.68-.004135       3 1 1 04       0 2 2 01                    P 72e     465553342910 9 711   143.0  145.0
 21 3022.359219 9.780E-30 2.834E-05.06930.090 2321.76500.73-.003399       3 2 2 04       0 3 3 01                    P 28f     466663342910 9 711    55.0   57.0
 21 3023.104281 1.349E-30 3.336E-04.06650.078 3326.03080.75-.003630       4 1 1 05       1 2 2 02                    P 43f     466563342910 9 711    85.0   87.0
 21 3023.157846 9.641E-30 2.607E-05.06960.091 2299.80410.73-.003386       3 2 2 04       0 3 3 01                    P 27e     466663342910 9 711    53.0   55.0
 21 3023.238558 5.270E-30 9.517E-04.06590.074 3296.84090.74-.002908       4 0 0 03       0 0 0 11                    R 49e     466563342910 9 711   101.0   99.0
 21 3023.299466 1.699E-30 2.183E-04.06720.082 3165.57240.75-.003548       4 1 1 05       1 2 2 02                    P 38e     466663342910 9 711    75.0   77.0
 21 3023.538600 2.110E-28 2.908E-08.06990.091  273.86800.73-.003412       0 1 1 11       0 0 0 01m                   R 26e     446663253510 9 711    55.0   53.0
 21 3023.851541 1.720E-30 8.245E-04.06830.086 3413.15970.74-.002370       4 1 1 03       0 1 1 11                    R 32e     366663202910 9 711    67.0   65.0
 21 3023.886971 9.428E-30 2.391E-05.06990.092 2278.62670.73-.003373       3 2 2 04       0 3 3 01                    P 26f     466663342910 9 711    51.0   53.0
 21 3024.019706 2.116E-30 2.538E-04.05870.066 3278.27600.69-.004101       3 1 1 04       0 2 2 01                    P 70e     465553342910 9 711   139.0  141.0
 21 3024.151592 1.890E-30 8.304E-04.06850.087 3388.96340.74-.002332       4 1 1 03       0 1 1 11                    R 31f     366663202910 9 711    65.0   63.0
 21 3024.383236 1.583E-30 2.975E-04.06680.080 3259.49440.75-.003597       4 1 1 05       1 2 2 02                    P 41f     466563342910 9 711    81.0   83.0
 21 3024.677437 9.132E-30 2.184E-05.07020.093 2258.23290.72-.003360       3 2 2 04       0 3 3 01                    P 25e     466663342910 9 711    49.0   51.0
 21 3024.865300 1.836E-28 2.908E-08.06930.089  316.76990.73-.003522       0 1 1 11       0 0 0 01m                   R 28e     446663253510 9 711    59.0   57.0
 21 3024.918988 1.910E-30 1.951E-04.06750.084 3106.84060.74-.003516       4 1 1 05       1 2 2 02                    P 36e     466663342910 9 711    71.0   73.0
 21 3025.117034 3.755E-30 9.545E-04.06560.072 3374.90640.74-.002960       4 0 0 03       0 0 0 11                    R 51e     465553342910 9 711   105.0  103.0
 21 3025.417153 8.766E-30 1.988E-05.07060.094 2238.62270.72-.003347       3 2 2 04       0 3 3 01                    P 24f     466663342910 9 711    47.0   49.0
 21 3025.615819 1.421E-30 8.282E-04.06790.084 3465.05660.74-.002444       4 1 1 03       0 1 1 11                    R 34e     366663202910 9 711    71.0   69.0
 21 3025.673185 1.819E-30 2.645E-04.06700.081 3196.08090.75-.003564       4 1 1 05       1 2 2 02                    P 39f     466663342910 9 711    77.0   79.0
 21 3025.746688 3.234E-30 2.360E-04.05910.066 3169.76890.69-.004066       3 1 1 04       0 2 2 01                    P 68e     465553342910 9 711   135.0  137.0
 21 3026.057143 1.577E-30 8.351E-04.06810.085 3439.39090.74-.002408       4 1 1 03       0 1 1 11                    R 33f     366663202910 9 711    69.0   67.0
 21 3026.175200 1.567E-28 2.910E-08.06880.088  362.78830.74-.003628       0 1 1 11       0 0 0 01m                   R 30e     446663253510 9 711    63.0   61.0
 21 3026.201538 8.325E-30 1.801E-05.07090.095 2219.79630.72-.003335       3 2 2 04       0 3 3 01                    P 23e     466663342910 9 711    45.0   47.0
 21 3026.533899 2.094E-30 1.731E-04.06790.085 3051.23520.74-.003485       4 1 1 05       1 2 2 02                    P 34e     466663342910 9 711    67.0   69.0
 21 3026.949944 7.825E-30 1.623E-05.07130.095 2201.75370.71-.003323       3 2 2 04       0 3 3 01                    P 22f     466663342910 9 711    43.0   45.0
 21 3026.974571 2.042E-30 2.338E-04.06730.083 3135.79150.74-.003532       4 1 1 05       1 2 2 02                    P 37f     466663342910 9 711    73.0   75.0
 21 3027.009400 2.632E-30 9.573E-04.06500.071 3456.05220.73-.003011       4 0 0 03       0 0 0 11                    R 53e     365553202910 9 711   109.0  107.0
 21 3027.392233 1.152E-30 8.313E-04.06750.083 3520.04640.74-.002515       4 1 1 03       0 1 1 11                    R 36e     366663202910 9 711    75.0   73.0
 21 3027.465042 4.857E-30 2.191E-04.05950.067 3064.36320.70-.004032       3 1 1 04       0 2 2 01                    P 66e     465553342910 9 711   131.0  133.0
 21 3027.468500 1.312E-28 2.911E-08.06830.086  411.92250.74-.003730       0 1 1 11       0 0 0 01m                   R 32e     446663253510 9 711    67.0   65.0
 21 3027.730026 7.267E-30 1.455E-05.07170.096 2184.49500.71-.003311       3 2 2 04       0 3 3 01                    P 21e     466663342910 9 711    41.0   43.0
 21 3027.983595 1.292E-30 8.399E-04.06770.084 3492.91650.74-.002480       4 1 1 03       0 1 1 11                    R 35f     366663202910 9 711    73.0   71.0
 21 3028.144485 2.238E-30 1.526E-04.06830.087 2998.75730.74-.003456       4 1 1 05       1 2 2 02                    P 32e     466663342910 9 711    63.0   65.0
 21 3028.287816 2.239E-30 2.056E-04.06770.084 3078.62740.74-.003501       4 1 1 05       1 2 2 02                    P 35f     466663342910 9 711    69.0   71.0
 21 3028.485507 6.667E-30 1.296E-05.07220.097 2168.02030.71-.003300       3 2 2 04       0 3 3 01                    P 20f     466663342910 9 711    39.0   41.0
 21 3028.744900 1.078E-28 2.912E-08.06790.084  464.17170.74-.003828       0 1 1 11       0 0 0 01m                   R 34e     446663253510 9 711    71.0   69.0
 21 3028.916693 1.815E-30 9.601E-04.06420.070 3540.27660.73-.003059       4 0 0 03       0 0 0 11                    R 55e     365553202910 9 711   113.0  111.0
 21 3029.175051 7.167E-30 2.030E-04.06010.068 2962.06080.71-.003997       3 1 1 04       0 2 2 01                    P 64e     465553342910 9 711   127.0  129.0
 21 3029.262783 6.033E-30 1.146E-05.07260.098 2152.32960.70-.003288       3 2 2 04       0 3 3 01                    P 19e     466663342910 9 711    37.0   39.0
 21 3029.613318 2.396E-30 1.798E-04.06810.086 3024.58950.74-.003470       4 1 1 05       1 2 2 02                    P 33f     466663342910 9 711    65.0   67.0
 21 3029.751021 2.326E-30 1.334E-04.06880.088 2949.40770.74-.003427       4 1 1 05       1 2 2 02                    P 30e     466663342910 9 711    59.0   61.0
 21 3029.930947 1.039E-30 8.443E-04.06730.082 3549.53960.75-.002549       4 1 1 03       0 1 1 11                    R 37f     366663202910 9 711    77.0   75.0
 21 3030.004500 8.696E-29 2.913E-08.06750.083  519.53500.74-.003922       0 1 1 11       0 0 0 01m                   R 36e     446663253510 9 711    75.0   73.0
 21 3030.022835 1.322E-30 3.464E-04.05830.065 3446.89050.68-.004152       3 1 1 04       0 2 2 01                    P 73f     465553342910 9 711   145.0  147.0
 21 3030.023990 5.378E-30 1.005E-05.07310.099 2137.42310.70-.003277       3 2 2 04       0 3 3 01                    P 18f     466663342910 9 711    35.0   37.0
 21 3030.799692 4.715E-30 8.726E-06.07370.100 2123.30070.70-.003265       3 2 2 04       0 3 3 01                    P 17e     466663342910 9 711    33.0   35.0
 21 3030.838677 1.231E-30 9.626E-04.06320.070 3627.57890.72-.003106       4 0 0 03       0 0 0 11                    R 57e     365553202910 9 711   117.0  115.0
 21 3030.877000 1.039E-29 1.878E-04.06080.068 2862.86350.71-.003962       3 1 1 04       0 2 2 01                    P 62e     465553342910 9 711   123.0  125.0
 21 3030.951452 2.497E-30 1.560E-04.06850.088 2973.67900.74-.003441       4 1 1 05       1 2 2 02                    P 31f     466663342910 9 711    61.0   63.0
 21 3031.247300 6.891E-29 2.915E-08.06720.081  578.01160.75-.004013       0 1 1 11       0 0 0 01m                   R 38e     446663253510 9 711    79.0   77.0
 21 3031.325745 2.056E-30 3.199E-04.05850.066 3333.72750.68-.004118       3 1 1 04       0 2 2 01                    P 71f     465553342910 9 711   141.0  143.0
 21 3031.353770 2.349E-30 1.156E-04.06930.090 2903.18730.73-.003399       4 1 1 05       1 2 2 02                    P 28e     466663342910 9 711    55.0   57.0
 21 3032.302568 2.532E-30 1.343E-04.06900.089 2925.89670.73-.003413       4 1 1 05       1 2 2 02                    P 29f     466663342910 9 711    57.0   59.0
 21 3032.473200 5.366E-29 2.917E-08.06690.080  639.60040.75-.004100       0 1 1 11       0 0 0 01m                   R 40e     446663253510 9 711    83.0   81.0
 21 3032.571174 1.479E-29 1.734E-04.06170.069 2766.77310.72-.003926       3 1 1 04       0 2 2 01                    P 60e     465553342910 9 711   119.0  121.0
 21 3032.628032 3.143E-30 2.950E-04.05890.066 3223.66410.69-.004084       3 1 1 04       0 2 2 01                    P 69f     465553342910 9 711   137.0  139.0
 21 3032.952982 2.298E-30 9.900E-05.06990.092 2860.09700.73-.003373       4 1 1 05       1 2 2 02                    P 26e     466663342910 9 711    51.0   53.0
 21 3033.666994 2.492E-30 1.145E-04.06960.091 2881.24350.73-.003386       4 1 1 05       1 2 2 02                    P 27f     466663342910 9 711    53.0   55.0
 21 3033.682100 4.106E-29 2.918E-08.06660.078  704.30050.75-.004185       0 1 1 11       0 0 0 01m                   R 42e     446563253510 9 711    87.0   85.0
 21 3033.930358 4.721E-30 2.716E-04.05930.067 3116.70200.70-.004049       3 1 1 04       0 2 2 01                    P 67f     465553342910 9 711   133.0  135.0
 21 3034.257859 2.068E-29 1.599E-04.06270.070 2673.79130.72-.003891       3 1 1 04       0 2 2 01                    P 58e     465553342910 9 711   115.0  117.0
 21 3034.548892 2.172E-30 8.370E-05.07060.094 2820.13750.72-.003347       4 1 1 05       1 2 2 02                    P 24e     466663342910 9 711    47.0   49.0
 21 3034.874000 3.089E-29 2.921E-08.06640.077  772.11070.74-.004266       0 1 1 11       0 0 0 01m                   R 44e     446563253510 9 711    91.0   89.0
 21 3035.045032 2.375E-30 9.658E-05.07020.093 2839.72040.72-.003360       4 1 1 05       1 2 2 02                    P 25f     466663342910 9 711    49.0   51.0
 21 3035.233367 6.970E-30 2.498E-04.05980.067 3012.84320.70-.004014       3 1 1 04       0 2 2 01                    P 65f     465553342910 9 711   129.0  131.0
 21 3035.937339 2.837E-29 1.470E-04.06380.070 2583.91980.73-.003856       3 1 1 04       0 2 2 01                    P 56e     465553342910 9 711   111.0  113.0
 21 3036.048800 2.284E-29 2.922E-08.06620.075  843.03010.74-.004345       0 1 1 11       0 0 0 01m                   R 46e     446563253510 9 711    95.0   93.0
 21 3036.436962 2.185E-30 8.035E-05.07090.095 2801.32800.72-.003335       4 1 1 05       1 2 2 02                    P 23f     466663342910 9 711    45.0   47.0
 21 3036.537691 1.011E-29 2.293E-04.06040.068 2912.08930.71-.003979       3 1 1 04       0 2 2 01                    P 63f     465553342910 9 711   125.0  127.0
 21 3037.206700 1.661E-29 2.925E-08.06600.074  917.05730.74-.004421       0 1 1 11       0 0 0 01m                   R 48e     446563253510 9 711    99.0   97.0
 21 3037.609897 3.821E-29 1.348E-04.06470.071 2497.16010.73-.003821       3 1 1 04       0 2 2 01                    P 54e     465553342910 9 711   107.0  109.0
 21 3037.843944 1.440E-29 2.101E-04.06120.069 2814.44200.71-.003944       3 1 1 04       0 2 2 01                    P 61f     465553342910 9 711   121.0  123.0
 21 3038.347400 1.188E-29 2.928E-08.06580.073  994.19130.74-.004495       0 1 1 11       0 0 0 01m                   R 50e     446553253510 9 711   103.0  101.0
 21 3039.152727 2.015E-29 1.922E-04.06220.069 2719.90300.72-.003909       3 1 1 04       0 2 2 01                    P 59f     465553342910 9 711   117.0  119.0
 21 3039.275815 5.048E-29 1.234E-04.06530.072 2413.51370.74-.003785       3 1 1 04       0 2 2 01                    P 52e     465553342910 9 711   103.0  105.0
 21 3039.470800 8.354E-30 2.929E-08.06530.072 1074.43060.73-.004566       0 1 1 11       0 0 0 01m                   R 52e     445553253510 9 711   107.0  105.0
 21 3040.464620 2.768E-29 1.754E-04.06320.070 2628.47400.72-.003873       3 1 1 04       0 2 2 01                    P 57f     465553342910 9 711   113.0  115.0
 21 3040.577000 5.780E-30 2.932E-08.06470.071 1157.77410.73-.004635       0 1 1 11       0 0 0 01m                   R 54e     445553253510 9 711   111.0  109.0
 21 3040.935368 6.539E-29 1.125E-04.06580.074 2332.98210.74-.003750       3 1 1 04       0 2 2 01                    P 50e     466553342910 9 711    99.0  101.0
 21 3041.666000 3.934E-30 2.934E-08.06380.070 1244.22040.72-.004702       0 1 1 11       0 0 0 01m                   R 56e     445553253510 9 711   115.0  113.0
 21 3041.780191 3.733E-29 1.598E-04.06420.071 2540.15640.73-.003838       3 1 1 04       0 2 2 01                    P 55f     465553342910 9 711   109.0  111.0
 21 3041.798669 1.414E-30 2.380E-03.05890.066 3816.29370.69-.004084       4 0 0 05       1 1 1 02                    P 69e     465553342910 9 711   137.0  139.0
 21 3042.588832 8.304E-29 1.023E-04.06600.075 2255.56680.74-.003716       3 1 1 04       0 2 2 01                    P 48e     466563342910 9 711    95.0   97.0
 21 3042.737700 2.634E-30 2.936E-08.06270.069 1333.76790.72-.004767       0 1 1 11       0 0 0 01m                   R 58e     445553253510 9 711   119.0  117.0
 21 3043.099989 4.940E-29 1.452E-04.06500.072 2454.95170.73-.003803       3 1 1 04       0 2 2 01                    P 53f     465553342910 9 711   105.0  107.0
 21 3043.116511 2.122E-30 2.193E-03.05930.067 3709.61200.70-.004049       4 0 0 05       1 1 1 02                    P 67e     465553342910 9 711   133.0  135.0
 21 3043.792000 1.736E-30 2.939E-08.06170.069 1426.41530.71-.004830       0 1 1 11       0 0 0 01m                   R 60e     445553253510 9 711   123.0  121.0
 21 3044.236476 1.033E-28 9.271E-05.06620.076 2181.26900.74-.003681       3 1 1 04       0 2 2 01                    P 46e     466563342910 9 711    91.0   93.0
 21 3044.424542 6.412E-29 1.316E-04.06560.073 2372.86140.74-.003768       3 1 1 04       0 2 2 01                    P 51f     465553342910 9 711   101.0  103.0
 21 3044.432516 3.131E-30 2.018E-03.05980.067 3606.02380.70-.004014       4 0 0 05       1 1 1 02                    P 65e     465553342910 9 711   129.0  131.0
 21 3044.828700 1.125E-30 2.940E-08.06080.068 1522.16110.71-.004891       0 1 1 11       0 0 0 01m                   R 62e     445553253510 9 711   127.0  125.0
 21 3045.747250 4.536E-30 1.853E-03.06040.068 3505.53110.71-.003979       4 0 0 05       1 1 1 02                    P 63e     465553342910 9 711   125.0  127.0
 21 3045.754365 8.163E-29 1.189E-04.06590.074 2293.88690.74-.003733       3 1 1 04       0 2 2 01                    P 49f     466563342910 9 711    97.0   99.0
 21 3045.878563 1.258E-28 8.364E-05.06640.077 2110.09010.74-.003647       3 1 1 04       0 2 2 01                    P 44e     466563342910 9 711    87.0   89.0
 21 3047.061298 6.455E-30 1.698E-03.06120.069 3408.13560.71-.003944       4 0 0 05       1 1 1 02                    P 61e     465553342910 9 711   121.0  123.0
 21 3047.089951 1.018E-28 1.071E-04.06620.075 2218.02950.74-.003698       3 1 1 04       0 2 2 01                    P 47f     466563342910 9 711    93.0   95.0
 21 3047.515351 1.500E-28 7.518E-05.06660.079 2042.03130.75-.003613       3 1 1 04       0 2 2 01                    P 42e     466563342910 9 711    83.0   85.0
 21 3048.166341 1.268E-30 2.385E-03.06380.070 3794.95640.73-.003908       4 1 1 05       2 0 0 03                    P 56e     465553342910 9 711   111.0  113.0
 21 3048.375256 9.021E-30 1.553E-03.06220.069 3313.83910.72-.003909       4 0 0 05       1 1 1 02                    P 59e     465553342910 9 711   117.0  119.0
 21 3048.431776 1.245E-28 9.618E-05.06630.077 2145.29050.74-.003664       3 1 1 04       0 2 2 01                    P 45f     466563342910 9 711    89.0   91.0
 21 3049.147092 1.749E-28 6.724E-05.06690.080 1977.09380.75-.003580       3 1 1 04       0 2 2 01                    P 40e     466663342910 9 711    79.0   81.0
 21 3049.607105 1.711E-30 2.194E-03.06470.071 3708.37490.73-.003872       4 1 1 05       2 0 0 03                    P 54e     465553342910 9 711   107.0  109.0
 21 3049.689733 1.238E-29 1.418E-03.06320.070 3222.64330.72-.003873       4 0 0 05       1 1 1 02                    P 57e     465553342910 9 711   113.0  115.0
 21 3049.780294 1.490E-28 8.600E-05.06650.078 2075.67110.75-.003630       3 1 1 04       0 2 2 01                    P 43f     466563342910 9 711    85.0   87.0
 21 3050.326966 1.336E-30 3.018E-06.08200.111 2025.21880.68-.001690       3 2 2 04       0 3 3 01                    R  7e     466663342910 9 711    17.0   15.0
 21 3050.774028 1.992E-28 5.979E-05.06720.082 1915.27870.75-.003548       3 1 1 04       0 2 2 01                    P 38e     466663342910 9 711    75.0   77.0
 21 3051.005349 1.666E-29 1.290E-03.06420.071 3134.54990.73-.003838       4 0 0 05       1 1 1 02                    P 55e     465553342910 9 711   109.0  111.0
 21 3051.051713 2.266E-30 2.013E-03.06530.072 3624.89710.74-.003836       4 1 1 05       2 0 0 03                    P 52e     465553342910 9 711   103.0  105.0
 21 3051.118911 1.881E-30 3.922E-06.08080.109 2031.49660.68-.001795       3 2 2 04       0 3 3 01                    R  8f     466663342910 9 711    19.0   17.0
 21 3051.135943 1.745E-28 7.657E-05.06680.080 2009.17250.75-.003597       3 1 1 04       0 2 2 01                    P 41f     466563342910 9 711    81.0   83.0
 21 3051.912878 2.518E-30 4.918E-06.07970.108 2038.55900.68-.001893       3 2 2 04       0 3 3 01                    R  9e     466663342910 9 711    21.0   19.0
 21 3052.322733 2.202E-29 1.172E-03.06500.072 3049.56050.73-.003803       4 0 0 05       1 1 1 02                    P 53e     465553342910 9 711   105.0  107.0
 21 3052.396395 2.215E-28 5.286E-05.06750.084 1856.58700.74-.003516       3 1 1 04       0 2 2 01                    P 36e     466663342910 9 711    71.0   73.0
 21 3052.499140 1.997E-28 6.780E-05.06700.081 1945.79590.75-.003564       3 1 1 04       0 2 2 01                    P 39f     466663342910 9 711    77.0   79.0
 21 3052.500245 2.944E-30 1.843E-03.06580.074 3544.52450.74-.003800       4 1 1 05       2 0 0 03                    P 50e     466553342910 9 711    99.0  101.0
 21 3052.705887 3.240E-30 6.006E-06.07870.107 2046.40600.68-.001986       3 2 2 04       0 3 3 01                    R 10f     466663342910 9 711    23.0   21.0
 21 3053.502270 4.039E-30 7.187E-06.07780.105 2055.03760.68-.002074       3 2 2 04       0 3 3 01                    R 11e     466663342910 9 711    25.0   23.0
 21 3053.642521 2.854E-29 1.062E-03.06560.073 2967.67660.74-.003768       4 0 0 05       1 1 1 02                    P 51e     465553342910 9 711   101.0  103.0
 21 3053.870280 2.234E-28 5.974E-05.06730.083 1885.54220.74-.003532       3 1 1 04       0 2 2 01                    P 37f     466663342910 9 711    73.0   75.0
 21 3053.952773 3.751E-30 1.683E-03.06600.075 3467.25910.74-.003765       4 1 1 05       2 0 0 03                    P 48e     466563342910 9 711    95.0   97.0
 21 3054.014420 2.400E-28 4.638E-05.06790.085 1801.01980.74-.003485       3 1 1 04       0 2 2 01                    P 34e     466663342910 9 711    67.0   69.0
 21 3054.295898 4.904E-30 8.463E-06.07700.104 2064.45370.68-.002157       3 2 2 04       0 3 3 01                    R 12f     466663342910 9 711    27.0   25.0
 21 3054.965352 3.627E-29 9.587E-04.06590.074 2888.89970.74-.003733       4 0 0 05       1 1 1 02                    P 49e     466563342910 9 711    97.0   99.0
 21 3055.095173 5.820E-30 9.831E-06.07620.103 2074.65430.68-.002237       3 2 2 04       0 3 3 01                    R 13e     466663342910 9 711    29.0   27.0
 21 3055.249739 2.438E-28 5.230E-05.06770.084 1828.41260.74-.003501       3 1 1 04       0 2 2 01                    P 35f     466663342910 9 711    69.0   71.0
 21 3055.409374 4.685E-30 1.531E-03.06620.076 3393.10240.74-.003730       4 1 1 05       2 0 0 03                    P 46e     466563342910 9 711    91.0   93.0
 21 3055.628318 2.533E-28 4.038E-05.06830.087 1748.57800.74-.003456       3 1 1 04       0 2 2 01                    P 32e     466663342910 9 711    63.0   65.0
 21 3055.888808 6.775E-30 1.130E-05.07550.102 2085.63930.69-.002314       3 2 2 04       0 3 3 01                    R 14f     466663342910 9 711    31.0   29.0
 21 3056.291869 4.519E-29 8.632E-04.06620.075 2813.23130.74-.003698       4 0 0 05       1 1 1 02                    P 47e     466563342910 9 711    93.0   95.0
 21 3056.637875 2.593E-28 4.546E-05.06810.086 1774.40790.74-.003470       3 1 1 04       0 2 2 01                    P 33f     466663342910 9 711    65.0   67.0
 21 3056.691628 7.750E-30 1.286E-05.07480.101 2097.40880.69-.002388       3 2 2 04       0 3 3 01                    R 15e     466663342910 9 711    33.0   31.0
 21 3056.870117 5.734E-30 1.389E-03.06640.077 3322.05600.74-.003695       4 1 1 05       2 0 0 03                    P 44e     466563342910 9 711    87.0   89.0
 21 3057.238296 2.597E-28 3.482E-05.06880.088 1699.26250.74-.003427       3 1 1 04       0 2 2 01                    P 30e     466663342910 9 711    59.0   61.0
 21 3057.484467 8.730E-30 1.453E-05.07420.100 2109.96260.70-.002459       3 2 2 04       0 3 3 01                    R 16f     466663342910 9 711    35.0   33.0
 21 3057.622712 5.517E-29 7.746E-04.06630.077 2740.67270.74-.003664       4 0 0 05       1 1 1 02                    P 45e     466563342910 9 711    89.0   91.0
 21 3058.035022 2.683E-28 3.917E-05.06850.088 1723.52920.74-.003441       3 1 1 04       0 2 2 01                    P 31f     466663342910 9 711    61.0   63.0
 21 3058.291683 9.695E-30 1.629E-05.07370.099 2123.30070.70-.002527       3 2 2 04       0 3 3 01                    R 17e     466663342910 9 711    37.0   35.0
 21 3058.335071 6.874E-30 1.256E-03.06660.079 3254.12150.75-.003661       4 1 1 05       2 0 0 03                    P 42e     466563342910 9 711    83.0   85.0
 21 3058.844551 2.583E-28 2.971E-05.06930.090 1653.07420.73-.003399       3 1 1 04       0 2 2 01                    P 28e     466663342910 9 711    55.0   57.0
 21 3058.958518 6.597E-29 6.926E-04.06650.078 2671.22530.75-.003630       4 0 0 05       1 1 1 02                    P 43e     466563342910 9 711    85.0   87.0
 21 3059.082706 1.063E-29 1.816E-05.07310.098 2137.42310.70-.002594       3 2 2 04       0 3 3 01                    R 18f     466663342910 9 711    39.0   37.0
 21 3059.441494 2.697E-28 3.344E-05.06900.089 1675.77720.73-.003413       3 1 1 04       0 2 2 01                    P 29f     466663342910 9 711    57.0   59.0
 21 3059.804305 8.065E-30 1.131E-03.06690.080 3189.30040.75-.003627       4 1 1 05       2 0 0 03                    P 40e     466663342910 9 711    79.0   81.0
 21 3059.895392 1.152E-29 2.014E-05.07260.097 2152.32960.71-.002658       3 2 2 04       0 3 3 01                    R 19e     466663342910 9 711    41.0   39.0
 21 3060.299919 7.721E-29 6.167E-04.06680.080 2604.89030.75-.003597       4 0 0 05       1 1 1 02                    P 41e     466563342910 9 711    81.0   83.0
 21 3060.447264 2.485E-28 2.503E-05.06990.092 1610.01380.73-.003373       3 1 1 04       0 2 2 01                    P 26e     466663342910 9 711    51.0   53.0
 21 3060.683339 1.234E-29 2.221E-05.07220.096 2168.02030.71-.002721       3 2 2 04       0 3 3 01                    R 20f     466663342910 9 711    43.0   41.0
 21 3060.857584 2.626E-28 2.822E-05.06960.091 1631.15270.73-.003386       3 1 1 04       0 2 2 01                    P 27f     466663342910 9 711    53.0   55.0
 21 3060.922031 1.194E-30 1.371E-03.05660.063 3787.72350.62-.004413       3 0 0 04       0 1 1 01                    P 89e     465553343310 9 711   177.0  179.0
 21 3061.277881 9.256E-30 1.014E-03.06720.082 3127.59400.75-.003594       4 1 1 05       2 0 0 03                    P 38e     466663342910 9 711    75.0   77.0
 21 3061.502815 1.309E-29 2.441E-05.07170.095 2184.49500.71-.002782       3 2 2 04       0 3 3 01                    R 21e     466663342910 9 711    45.0   43.0
 21 3061.647536 8.840E-29 5.467E-04.06700.081 2541.66900.75-.003564       4 0 0 05       1 1 1 02                    P 39e     466663342910 9 711    77.0   79.0
 21 3062.046610 2.304E-28 2.076E-05.07060.094 1570.08200.72-.003347       3 1 1 04       0 2 2 01                    P 24e     466663342910 9 711    47.0   49.0
 21 3062.283565 2.470E-28 2.349E-05.07020.093 1589.65660.72-.003360       3 1 1 04       0 2 2 01                    P 25f     466663342910 9 711    49.0   51.0
 21 3062.286165 1.375E-29 2.671E-05.07130.095 2201.75370.72-.002841       3 2 2 04       0 3 3 01                    R 22f     466663342910 9 711    47.0   45.0
 21 3062.395547 2.121E-30 1.278E-03.05680.063 3650.18690.63-.004382       3 0 0 04       0 1 1 01                    P 87e     465553343310 9 711   173.0  175.0
 21 3062.755862 1.038E-29 9.042E-04.06750.084 3069.00370.74-.003561       4 1 1 05       2 0 0 03                    P 36e     466663342910 9 711    71.0   73.0
 21 3063.001977 9.892E-29 4.823E-04.06730.083 2481.56240.74-.003532       4 0 0 05       1 1 1 02                    P 37e     466663342910 9 711    73.0   75.0
 21 3063.114020 1.431E-29 2.912E-05.07090.094 2219.79630.72-.002898       3 2 2 04       0 3 3 01                    R 23e     466663342910 9 711    49.0   47.0
 21 3063.642745 2.051E-28 1.691E-05.07130.095 1533.27970.71-.003323       3 1 1 04       0 2 2 01                    P 22e     466663342910 9 711    43.0   45.0
 21 3063.648207 1.017E-30 2.985E-05.07700.104 2646.16180.68-.002157       4 1 1 05       1 2 2 02                    R 12e     466663342910 9 711    27.0   25.0
 21 3063.719688 2.236E-28 1.923E-05.07090.095 1551.28950.72-.003335       3 1 1 04       0 2 2 01                    P 23f     466663342910 9 711    45.0   47.0
 21 3063.757896 1.355E-30 8.715E-04.06590.074 3544.36470.74-.003783       3 3 3 04       1 2 2 02                    P 49f     466563342910 9 711    97.0   99.0
 21 3063.859928 3.705E-30 1.190E-03.05690.064 3515.72570.64-.004350       3 0 0 04       0 1 1 01                    P 85e     465553343310 9 711   169.0  171.0
 21 3063.890967 1.477E-29 3.166E-05.07060.093 2238.62270.72-.002955       3 2 2 04       0 3 3 01                    R 24f     466663342910 9 711    51.0   49.0
 21 3064.238305 1.137E-29 8.023E-04.06790.085 3013.53080.74-.003530       4 1 1 05       2 0 0 03                    P 34e     466663342910 9 711    67.0   69.0
 21 3064.323122 1.555E-30 8.481E-04.06600.075 3506.08980.74-.003765       3 3 3 04       1 2 2 02                    P 48e     466563342910 9 711    95.0   97.0
 21 3064.363837 1.081E-28 4.230E-04.06770.084 2424.57170.74-.003501       4 0 0 05       1 1 1 02                    P 35e     466663342910 9 711    69.0   71.0
 21 3064.729074 1.510E-29 3.428E-05.07020.092 2258.23290.73-.003010       3 2 2 04       0 3 3 01                    R 25e     466663342910 9 711    53.0   51.0
 21 3064.877282 1.226E-30 3.523E-05.07620.103 2656.35070.68-.002237       4 1 1 05       1 2 2 02                    R 13f     466663342910 9 711    29.0   27.0
 21 3065.040876 1.733E-30 8.046E-04.06620.075 3468.46730.74-.003747       3 3 3 04       1 2 2 02                    P 47f     466563342910 9 711    93.0   95.0
 21 3065.166182 1.938E-28 1.543E-05.07170.096 1516.05210.71-.003311       3 1 1 04       0 2 2 01                    P 21f     466663342910 9 711    41.0   43.0
 21 3065.199961 1.401E-30 3.973E-05.07550.102 2667.32400.69-.002314       4 1 1 05       1 2 2 02                    R 14e     466663342910 9 711    31.0   29.0
 21 3065.235818 1.741E-28 1.345E-05.07220.097 1499.60730.71-.003300       3 1 1 04       0 2 2 01                    P 20e     466663342910 9 711    39.0   41.0
 21 3065.315766 6.363E-30 1.106E-03.05710.064 3384.34230.64-.004318       3 0 0 04       0 1 1 01                    P 83e     475553343310 9 711   165.0  167.0
 21 3065.497510 1.534E-29 3.708E-05.06990.091 2278.62670.73-.003063       3 2 2 04       0 3 3 01                    R 26f     466663342910 9 711    55.0   53.0
 21 3065.623530 1.964E-30 7.798E-04.06620.076 3431.74250.74-.003730       3 3 3 04       1 2 2 02                    P 46e     466563342910 9 711    91.0   93.0
 21 3065.725267 1.215E-29 7.076E-04.06830.087 2961.17650.74-.003499       4 1 1 05       2 0 0 03                    P 32e     466663342910 9 711    63.0   65.0
 21 3065.733690 1.152E-28 3.686E-04.06810.086 2370.69800.74-.003470       4 0 0 05       1 1 1 02                    P 33e     466663342910 9 711    65.0   67.0
 21 3065.914649 1.351E-30 3.101E-04.06700.081 3284.57570.75-.003610       2 5 5 03       0 4 4 01                    P 39f     466663342910 9 711    77.0   79.0
 21 3066.335550 2.171E-30 7.400E-04.06630.077 3395.68880.74-.003712       3 3 3 04       1 2 2 02                    P 45f     466563342910 9 711    89.0   91.0
 21 3066.348048 1.544E-29 3.993E-05.06960.090 2299.80410.73-.003116       3 2 2 04       0 3 3 01                    R 27e     466663342910 9 711    57.0   55.0
 21 3066.561251 1.638E-30 4.625E-05.07480.101 2679.07960.69-.002388       4 1 1 05       1 2 2 02                    R 15f     466663342910 9 711    33.0   31.0
 21 3066.604236 1.453E-30 2.951E-04.06720.082 3253.94910.75-.003594       2 5 5 03       0 4 4 01                    P 38e     466663342910 9 711    75.0   77.0
 21 3066.623255 1.597E-28 1.206E-05.07260.098 1483.94500.70-.003288       3 1 1 04       0 2 2 01                    P 19f     466663342910 9 711    37.0   39.0
 21 3066.748926 1.804E-30 5.105E-05.07420.100 2691.62030.70-.002459       4 1 1 05       1 2 2 02                    R 16e     466663342910 9 711    35.0   33.0
 21 3066.763653 1.075E-29 1.028E-03.05730.064 3256.03870.65-.004286       3 0 0 04       0 1 1 01                    P 81e     475553343310 9 711   161.0  163.0
 21 3066.825959 1.399E-28 1.039E-05.07310.099 1469.06550.70-.003277       3 1 1 04       0 2 2 01                    P 18e     466663342910 9 711    35.0   37.0
 21 3066.934276 2.432E-30 7.150E-04.06640.077 3360.51590.74-.003695       3 3 3 04       1 2 2 02                    P 44e     466563342910 9 711    87.0   89.0
 21 3067.105546 1.545E-29 4.298E-05.06930.089 2321.76500.73-.003167       3 2 2 04       0 3 3 01                    R 28f     466663342910 9 711    59.0   57.0
 21 3067.112093 1.196E-28 3.189E-04.06850.088 2319.94220.74-.003441       4 0 0 05       1 1 1 02                    P 31e     466663342910 9 711    61.0   63.0
 21 3067.216800 1.264E-29 6.193E-04.06880.088 2911.94190.74-.003470       4 1 1 05       2 0 0 03                    P 30e     466663342910 9 711    59.0   61.0
 21 3067.296208 1.554E-30 2.806E-04.06730.083 3224.10620.74-.003577       2 5 5 03       0 4 4 01                    P 37f     466663342910 9 711    73.0   75.0
 21 3067.566797 1.538E-30 1.297E-03.05950.067 3661.47730.70-.004087       3 2 2 04       1 1 1 02                    P 66f     465553342910 9 711   131.0  133.0
 21 3067.641980 2.664E-30 6.783E-04.06650.078 3326.03080.75-.003678       3 3 3 04       1 2 2 02                    P 43f     466563342910 9 711    85.0   87.0
 21 3067.971014 1.532E-29 4.606E-05.06900.088 2344.50930.74-.003217       3 2 2 04       0 3 3 01                    R 29e     466663342910 9 711    61.0   59.0
 21 3067.990581 1.653E-30 2.666E-04.06750.084 3195.04700.74-.003561       2 5 5 03       0 4 4 01                    P 36e     466663342910 9 711    71.0   73.0
 21 3068.091093 1.239E-28 9.124E-06.07370.100 1454.96860.70-.003265       3 1 1 04       0 2 2 01                    P 17f     466663342910 9 711    33.0   35.0
 21 3068.204179 1.785E-29 9.530E-04.05760.064 3130.81720.66-.004253       3 0 0 04       0 1 1 01                    P 79e     475553343310 9 711   157.0  159.0
 21 3068.255524 2.949E-30 6.533E-04.06660.079 3292.41120.75-.003661       3 3 3 04       1 2 2 02                    P 42e     466563342910 9 711    83.0   85.0
 21 3068.259501 2.060E-30 5.889E-05.07370.099 2704.94240.70-.002527       4 1 1 05       1 2 2 02                    R 17f     466663342910 9 711    37.0   35.0
 21 3068.294897 2.196E-30 6.378E-05.07310.098 2719.05030.70-.002594       4 1 1 05       1 2 2 02                    R 18e     466663342910 9 711    39.0   37.0
 21 3068.413288 1.051E-28 7.724E-06.07420.101 1441.65470.69-.003254       3 1 1 04       0 2 2 01                    P 16e     466663342910 9 711    31.0   33.0
 21 3068.465305 1.300E-30 6.281E-04.06080.068 3533.73270.71-.004015       2 4 4 03       0 3 3 01                    P 62f     465553342910 9 711   123.0  125.0
 21 3068.499577 1.208E-28 2.737E-04.06900.089 2272.30520.73-.003413       4 0 0 05       1 1 1 02                    P 29e     466663342910 9 711    57.0   59.0
 21 3068.687369 1.747E-30 2.528E-04.06770.084 3166.77170.74-.003545       2 5 5 03       0 4 4 01                    P 35f     466663342910 9 711    69.0   71.0
 21 3068.712951 1.280E-29 5.382E-04.06930.090 2865.82810.73-.003441       4 1 1 05       2 0 0 03                    P 28e     466663342910 9 711    55.0   57.0
 21 3068.714808 1.512E-29 4.937E-05.06880.088 2368.03680.74-.003266       3 2 2 04       0 3 3 01                    R 30f     466663342910 9 711    63.0   61.0
 21 3068.887661 2.274E-30 1.205E-03.06010.068 3559.20430.71-.004051       3 2 2 04       1 1 1 02                    P 64f     465553342910 9 711   127.0  129.0
 21 3068.960216 3.201E-30 6.195E-04.06680.080 3259.49440.75-.003644       3 3 3 04       1 2 2 02                    P 41f     466563342910 9 711    81.0   83.0
 21 3069.102860 1.563E-30 6.066E-04.06120.069 3485.21000.71-.003997       2 4 4 03       0 3 3 01                    P 61e     465553342910 9 711   121.0  123.0
 21 3069.386583 1.836E-30 2.395E-04.06790.085 3139.28040.74-.003530       2 5 5 03       0 4 4 01                    P 34e     466663342910 9 711    67.0   69.0
 21 3069.569862 8.919E-29 6.598E-06.07480.102 1429.12360.69-.003241       3 1 1 04       0 2 2 01                    P 15f     466663342910 9 711    29.0   31.0
 21 3069.587434 3.500E-30 5.945E-04.06690.080 3227.42970.75-.003627       3 3 3 04       1 2 2 02                    P 40e     466663342910 9 711    79.0   81.0
 21 3069.598039 1.480E-29 5.275E-05.06850.087 2392.34760.74-.003314       3 2 2 04       0 3 3 01                    R 31e     466663342910 9 711    65.0   63.0
 21 3069.637937 2.915E-29 8.828E-04.05780.065 3008.67980.66-.004220       3 0 0 04       0 1 1 01                    P 77e     475553343310 9 711   153.0  155.0
 21 3069.737714 1.873E-30 5.863E-04.06170.069 3437.46950.72-.003980       2 4 4 03       0 3 3 01                    P 60f     465553342910 9 711   119.0  121.0
 21 3069.837650 2.549E-30 7.798E-05.07220.096 2749.61350.71-.002721       4 1 1 05       1 2 2 02                    R 20e     466663342910 9 711    43.0   41.0
 21 3069.896649 1.185E-28 2.328E-04.06960.091 2227.78800.73-.003386       4 0 0 05       1 1 1 02                    P 27e     466663342910 9 711    53.0   55.0
 21 3069.971793 2.464E-30 7.327E-05.07260.097 2733.93840.71-.002658       4 1 1 05       1 2 2 02                    R 19f     466663342910 9 711    41.0   39.0
 21 3069.997907 7.245E-29 5.439E-06.07550.103 1417.37550.68-.003229       3 1 1 04       0 2 2 01                    P 14e     466663342910 9 711    27.0   29.0
 21 3070.088238 1.917E-30 2.265E-04.06810.086 3112.57330.74-.003514       2 5 5 03       0 4 4 01                    P 33f     466663342910 9 711    65.0   67.0
 21 3070.213256 3.305E-30 1.117E-03.06080.068 3460.03390.71-.004015       3 2 2 04       1 1 1 02                    P 62f     465553342910 9 711   123.0  125.0
 21 3070.213765 1.257E-29 4.630E-04.06990.092 2822.83620.73-.003414       4 1 1 05       2 0 0 03                    P 26e     466663342910 9 711    51.0   53.0
 21 3070.290308 3.762E-30 5.632E-04.06700.081 3196.08090.75-.003610       3 3 3 04       1 2 2 02                    P 39f     466663342910 9 711    77.0   79.0
 21 3070.325018 1.441E-29 5.631E-05.06830.086 2417.44150.74-.003361       3 2 2 04       0 3 3 01                    R 32f     466663342910 9 711    67.0   65.0
 21 3070.378758 2.232E-30 5.658E-04.06220.069 3390.50410.72-.003962       2 4 4 03       0 3 3 01                    P 59e     465553342910 9 711   117.0  119.0
 21 3070.792344 1.990E-30 2.140E-04.06830.087 3086.65040.74-.003499       2 5 5 03       0 4 4 01                    P 32e     466663342910 9 711    63.0   65.0
 21 3070.930154 4.064E-30 5.388E-04.06720.082 3165.57240.75-.003594       3 3 3 04       1 2 2 02                    P 38e     466663342910 9 711    75.0   77.0
 21 3071.018036 2.650E-30 5.463E-04.06270.070 3344.32050.72-.003944       2 4 4 03       0 3 3 01                    P 58f     465553342910 9 711   115.0  117.0
 21 3071.059704 5.816E-29 4.474E-06.07620.104 1406.41030.68-.003215       3 1 1 04       0 2 2 01                    P 13f     466663342910 9 711    25.0   27.0
 21 3071.065518 4.678E-29 8.164E-04.05800.065 2889.62850.67-.004186       3 0 0 04       0 1 1 01                    P 75e     475553343310 9 711   149.0  151.0
 21 3071.229191 1.392E-29 5.994E-05.06810.085 2443.31820.74-.003407       3 2 2 04       0 3 3 01                    R 33e     466663342910 9 711    69.0   67.0
 21 3071.303789 1.124E-28 1.955E-04.07020.093 2186.39130.72-.003360       4 0 0 05       1 1 1 02                    P 25e     466663342910 9 711    49.0   51.0
 21 3071.376943 2.839E-30 9.370E-05.07130.095 2783.30940.72-.002841       4 1 1 05       1 2 2 02                    R 22e     466663342910 9 711    47.0   45.0
 21 3071.498915 2.051E-30 2.017E-04.06850.088 3061.51180.74-.003484       2 5 5 03       0 4 4 01                    P 31f     466663342910 9 711    61.0   63.0
 21 3071.543853 4.718E-30 1.034E-03.06170.069 3363.96780.72-.003980       3 2 2 04       1 1 1 02                    P 60f     465553342910 9 711   119.0  121.0
 21 3071.579906 4.445E-29 3.538E-06.07700.105 1396.22820.68-.003200       3 1 1 04       0 2 2 01                    P 12e     466663342910 9 711    23.0   25.0
 21 3071.632298 4.324E-30 5.098E-04.06730.083 3135.79150.74-.003577       3 3 3 04       1 2 2 02                    P 37f     466663342910 9 711    73.0   75.0
 21 3071.662750 3.130E-30 5.268E-04.06320.070 3298.91310.72-.003926       2 4 4 03       0 3 3 01                    P 57e     465553342910 9 711   113.0  115.0
 21 3071.697861 2.820E-30 8.941E-05.07170.095 2766.06710.71-.002782       4 1 1 05       1 2 2 02                    R 21f     466663342910 9 711    45.0   43.0
 21 3071.719283 1.196E-29 3.942E-04.07060.094 2782.96710.72-.003388       4 1 1 05       2 0 0 03                    P 24e     466663342910 9 711    47.0   49.0
 21 3071.935881 1.339E-29 6.381E-05.06790.084 2469.97800.74-.003452       3 2 2 04       0 3 3 01                    R 34f     466663342910 9 711    71.0   69.0
 21 3072.207961 2.101E-30 1.898E-04.06880.088 3037.15770.74-.003470       2 5 5 03       0 4 4 01                    P 30e     466663342910 9 711    59.0   61.0
 21 3072.283826 4.613E-30 4.860E-04.06750.084 3106.84060.74-.003561       3 3 3 04       1 2 2 02                    P 36e     466663342910 9 711    71.0   73.0
 21 3072.306484 3.682E-30 5.081E-04.06380.070 3254.28740.73-.003908       2 4 4 03       0 3 3 01                    P 56f     465553342910 9 711   111.0  113.0
 21 3072.487514 7.381E-29 7.540E-04.05830.065 2773.66540.68-.004152       3 0 0 04       0 1 1 01                    P 73e     475553343310 9 711   145.0  147.0
 21 3072.543305 1.190E-30 4.180E-04.06220.069 3457.33300.72-.003909       4 0 0 04       1 1 1 01                    P 59e     465553342910 9 711   117.0  119.0
 21 3072.560741 3.296E-29 2.747E-06.07780.107 1386.82910.68-.003184       3 1 1 04       0 2 2 01                    P 11f     466663342910 9 711    21.0   23.0
 21 3072.721446 1.030E-28 1.621E-04.07090.095 2148.11590.72-.003335       4 0 0 05       1 1 1 02                    P 23e     466663342910 9 711    45.0   47.0
 21 3072.864527 1.277E-29 6.768E-05.06770.084 2497.42030.74-.003497       3 2 2 04       0 3 3 01                    R 35e     466663342910 9 711    73.0   71.0
 21 3072.879715 6.617E-30 9.563E-04.06270.070 3271.00810.72-.003944       3 2 2 04       1 1 1 02                    P 58f     465553342910 9 711   115.0  117.0
 21 3072.912516 3.047E-30 1.110E-04.07060.093 2820.13750.72-.002955       4 1 1 05       1 2 2 02                    R 24e     466663342910 9 711    51.0   49.0
 21 3072.919493 2.136E-30 1.782E-04.06900.089 3013.58820.73-.003455       2 5 5 03       0 4 4 01                    P 29f     466663342910 9 711    57.0   59.0
 21 3072.955034 4.309E-30 4.895E-04.06420.071 3210.43880.73-.003890       2 4 4 03       0 3 3 01                    P 55e     465553342910 9 711   109.0  111.0
 21 3072.986224 4.856E-30 4.592E-04.06770.084 3078.62740.74-.003545       3 3 3 04       1 2 2 02                    P 35f     466663342910 9 711    69.0   71.0
 21 3073.159358 2.290E-29 2.024E-06.07870.108 1378.21320.68-.003166       3 1 1 04       0 2 2 01                    P 10e     466663342910 9 711    19.0   21.0
 21 3073.229540 1.098E-29 3.312E-04.07130.095 2746.22160.71-.003362       4 1 1 05       2 0 0 03                    P 22e     466663342910 9 711    43.0   45.0
 21 3073.311996 1.630E-30 2.332E-03.05750.064 3809.19610.65-.004328       3 1 1 04       1 0 0 02                    P 80e     465553342910 9 711   159.0  161.0
 21 3073.437415 3.106E-30 1.075E-04.07090.094 2801.32800.72-.002898       4 1 1 05       1 2 2 02                    R 23f     466663342910 9 711    49.0   47.0
 21 3073.547087 1.215E-29 7.192E-05.06750.083 2525.64550.74-.003540       3 2 2 04       0 3 3 01                    R 36f     466663342910 9 711    75.0   73.0
 21 3073.603261 5.021E-30 4.715E-04.06470.071 3167.37170.73-.003872       2 4 4 03       0 3 3 01                    P 54f     465553342910 9 711   107.0  109.0
 21 3073.633521 2.157E-30 1.670E-04.06930.090 2990.80330.73-.003441       2 5 5 03       0 4 4 01                    P 28e     466663342910 9 711    55.0   57.0
 21 3073.648581 5.114E-30 4.361E-04.06790.085 3051.23520.74-.003530       3 3 3 04       1 2 2 02                    P 34e     466663342910 9 711    67.0   69.0
 21 3073.904516 1.145E-28 6.956E-04.05850.066 2660.79240.68-.004118       3 0 0 04       0 1 1 01                    P 71e     475553343310 9 711   141.0  143.0
 21 3074.150040 9.078E-29 1.323E-04.07170.096 2112.96250.71-.003311       4 0 0 05       1 1 1 02                    P 21e     466663342910 9 711    41.0   43.0
 21 3074.183742 1.607E-30 6.686E-04.06040.068 3505.53110.71-.004033       3 2 2 04       1 1 1 02                    P 63e     465553342910 9 711   125.0  127.0
 21 3074.221098 9.112E-30 8.823E-04.06380.070 3181.15630.73-.003908       3 2 2 04       1 1 1 02                    P 56f     465553342910 9 711   111.0  113.0
 21 3074.255797 5.822E-30 4.538E-04.06500.072 3125.08260.73-.003854       2 4 4 03       0 3 3 01                    P 53e     465553342910 9 711   105.0  107.0
 21 3074.274041 1.648E-30 3.853E-04.06320.070 3366.17800.72-.003873       4 0 0 04       1 1 1 01                    P 57e     465553342910 9 711   113.0  115.0
 21 3074.350056 2.162E-30 1.562E-04.06960.091 2968.80320.73-.003427       2 5 5 03       0 4 4 01                    P 27f     466663342910 9 711    53.0   55.0
 21 3074.352119 5.321E-30 4.111E-04.06810.086 3024.58950.74-.003514       3 3 3 04       1 2 2 02                    P 33f     466663342910 9 711    65.0   67.0
 21 3074.444092 3.161E-30 1.297E-04.06990.091 2860.09700.73-.003063       4 1 1 05       1 2 2 02                    R 26e     466663342910 9 711    55.0   53.0
 21 3074.504098 1.145E-29 7.606E-05.06730.082 2554.65300.75-.003583       3 2 2 04       0 3 3 01                    R 37e     466663342910 9 711    77.0   75.0
 21 3074.652707 2.710E-30 2.183E-03.05770.065 3685.64600.66-.004294       3 1 1 04       1 0 0 02                    P 78e     465553342910 9 711   155.0  157.0
 21 3074.744567 9.693E-30 2.740E-04.07220.097 2712.60060.71-.003338       4 1 1 05       2 0 0 03                    P 20e     466663342910 9 711    39.0   41.0
 21 3074.908560 6.721E-30 4.366E-04.06530.072 3083.57500.74-.003836       2 4 4 03       0 3 3 01                    P 52f     465553342910 9 711   103.0  105.0
 21 3075.024543 5.531E-30 3.890E-04.06830.087 2998.75730.74-.003499       3 3 3 04       1 2 2 02                    P 32e     466663342910 9 711    63.0   65.0
 21 3075.069105 2.150E-30 1.457E-04.06990.092 2947.58800.73-.003414       2 5 5 03       0 4 4 01                    P 26e     466663342910 9 711    51.0   53.0
 21 3075.158313 1.077E-29 8.064E-05.06720.081 2584.44300.75-.003625       3 2 2 04       0 3 3 01                    R 38f     466663342910 9 711    79.0   77.0
 21 3075.185594 2.397E-30 6.421E-04.06120.069 3408.13560.71-.003997       3 2 2 04       1 1 1 02                    P 61e     465553342910 9 711   121.0  123.0
 21 3075.190142 3.305E-30 1.276E-04.07020.092 2839.72040.73-.003010       4 1 1 05       1 2 2 02                    R 25f     466663342910 9 711    53.0   51.0
 21 3075.317117 1.744E-28 6.401E-04.05890.066 2551.01130.69-.004084       3 0 0 04       0 1 1 01                    P 69e     475553343310 9 711   137.0  139.0
 21 3075.565222 7.719E-30 4.197E-04.06560.073 3042.84600.74-.003818       2 4 4 03       0 3 3 01                    P 51e     465553342910 9 711   101.0  103.0
 21 3075.568252 1.232E-29 8.125E-04.06470.071 3094.41420.73-.003872       3 2 2 04       1 1 1 02                    P 54f     465553342910 9 711   107.0  109.0
 21 3075.589955 7.648E-29 1.058E-04.07260.098 2080.93170.70-.003288       4 0 0 05       1 1 1 02                    P 19e     466663342910 9 711    37.0   39.0
 21 3075.592917 4.269E-30 4.983E-07.08200.112 1357.06440.68-.003091       3 1 1 04       0 2 2 01                    P  7f     366663242910 9 711    13.0   15.0
 21 3075.730011 5.685E-30 3.657E-04.06850.088 2973.67900.74-.003484       3 3 3 04       1 2 2 02                    P 31f     466663342910 9 711    61.0   63.0
 21 3075.790679 2.121E-30 1.355E-04.07020.093 2927.15780.72-.003401       2 5 5 03       0 4 4 01                    P 25f     466663342910 9 711    49.0   51.0
 21 3075.971379 3.179E-30 1.501E-04.06930.089 2903.18730.73-.003167       4 1 1 05       1 2 2 02                    R 28e     466663342910 9 711    59.0   57.0
 21 3075.992422 2.240E-30 3.543E-04.06420.071 3278.12640.73-.003838       4 0 0 04       1 1 1 01                    P 55e     465553342910 9 711   109.0  111.0
 21 3075.996076 4.430E-30 2.041E-03.05790.065 3565.17420.67-.004260       3 1 1 04       1 0 0 02                    P 76e     465553342910 9 711   151.0  153.0
 21 3076.147945 1.003E-29 8.503E-05.06700.080 2615.01510.75-.003666       3 2 2 04       0 3 3 01                    R 39e     466663342910 9 711    81.0   79.0
 21 3076.206668 3.508E-30 6.150E-04.06220.069 3313.83910.72-.003962       3 2 2 04       1 1 1 02                    P 59e     465553342910 9 711   117.0  119.0
 21 3076.222566 8.826E-30 4.034E-04.06580.074 3002.89860.74-.003800       2 4 4 03       0 3 3 01                    P 50f     466553342910 9 711    99.0  101.0
 21 3076.264391 8.187E-30 2.226E-04.07310.099 2682.10480.70-.003314       4 1 1 05       2 0 0 03                    P 18e     466663342910 9 711    35.0   37.0
 21 3076.310840 2.331E-30 3.132E-07.08340.114 1351.58130.68-.003056       3 1 1 04       0 2 2 01                    P  6e     436663343010 9 711    11.0   13.0
 21 3076.411826 5.828E-30 3.447E-04.06880.088 2949.40770.74-.003470       3 3 3 04       1 2 2 02                    P 30e     466663342910 9 711    59.0   61.0
 21 3076.514786 2.074E-30 1.256E-04.07060.094 2907.51260.72-.003388       2 5 5 03       0 4 4 01                    P 24e     466663342910 9 711    47.0   49.0
 21 3076.725907 2.611E-28 5.882E-04.05930.067 2444.32390.70-.004049       3 0 0 04       0 1 1 01                    P 67e     475553343310 9 711   133.0  135.0
 21 3076.769222 9.331E-30 8.994E-05.06690.080 2646.36960.75-.003706       3 2 2 04       0 3 3 01                    R 40f     466663342910 9 711    83.0   81.0
 21 3076.883481 1.004E-29 3.873E-04.06590.074 2963.73050.74-.003783       2 4 4 03       0 3 3 01                    P 49e     466563342910 9 711    97.0   99.0
 21 3076.921415 1.634E-29 7.462E-04.06530.072 3010.78350.74-.003836       3 2 2 04       1 1 1 02                    P 52f     465553342910 9 711   103.0  105.0
 21 3076.955704 3.407E-30 1.498E-04.06960.090 2881.24350.73-.003116       4 1 1 05       1 2 2 02                    R 27f     466663342910 9 711    57.0   55.0
 21 3077.041542 6.117E-29 8.252E-05.07370.100 2052.02410.70-.003265       4 0 0 05       1 1 1 02                    P 17e     466663342910 9 711    33.0   35.0
 21 3077.119925 5.913E-30 3.230E-04.06900.089 2925.89670.73-.003455       3 3 3 04       1 2 2 02                    P 29f     466663342910 9 711    57.0   59.0
 21 3077.241433 2.011E-30 1.161E-04.07090.095 2888.65250.72-.003375       2 5 5 03       0 4 4 01                    P 23f     466663342910 9 711    45.0   47.0
 21 3077.247107 5.037E-30 5.873E-04.06320.070 3222.64330.72-.003926       3 2 2 04       1 1 1 02                    P 57e     465553342910 9 711   113.0  115.0
 21 3077.342330 7.121E-30 1.907E-03.05810.065 3447.78310.67-.004226       3 1 1 04       1 0 0 02                    P 74e     465553342910 9 711   147.0  149.0
 21 3077.494069 3.106E-30 1.721E-04.06880.088 2949.40770.74-.003266       4 1 1 05       1 2 2 02                    R 30e     466663342910 9 711    63.0   61.0
 21 3077.545455 1.137E-29 3.718E-04.06600.075 2925.34400.74-.003765       2 4 4 03       0 3 3 01                    P 48f     466563342910 9 711    95.0   97.0
 21 3077.699081 2.987E-30 3.249E-04.06500.072 3193.17960.73-.003803       4 0 0 04       1 1 1 01                    P 53e     465553342910 9 711   105.0  107.0
 21 3077.789032 6.570E-30 1.767E-04.07420.101 2654.73490.69-.003290       4 1 1 05       2 0 0 03                    P 16e     466663342910 9 711    31.0   33.0
 21 3077.796093 8.595E-30 9.464E-05.06680.079 2678.50580.75-.003745       3 2 2 04       0 3 3 01                    R 41e     466563342910 9 711    85.0   83.0
 21 3077.810535 5.975E-30 3.031E-04.06930.090 2903.18730.73-.003441       3 3 3 04       1 2 2 02                    P 28e     466663342910 9 711    55.0   57.0
 21 3077.970628 1.931E-30 1.069E-04.07130.095 2870.57770.71-.003362       2 5 5 03       0 4 4 01                    P 22e     466663342910 9 711    43.0   45.0
 21 3078.131477 3.840E-28 5.396E-04.05980.067 2340.73210.70-.004014       3 0 0 04       0 1 1 01                    P 65e     475553343310 9 711   129.0  131.0
 21 3078.210740 1.280E-29 3.563E-04.06620.075 2887.73740.74-.003747       2 4 4 03       0 3 3 01                    P 47e     466563342910 9 711    93.0   95.0
 21 3078.280822 2.128E-29 6.842E-04.06580.074 2930.26570.74-.003800       3 2 2 04       1 1 1 02                    P 50f     466553342910 9 711    99.0  101.0
 21 3078.307013 7.093E-30 5.591E-04.06420.071 3134.54990.73-.003890       3 2 2 04       1 1 1 02                    P 55e     465553342910 9 711   109.0  111.0
 21 3078.379463 7.914E-30 9.995E-05.06660.078 2711.42410.75-.003784       3 2 2 04       0 3 3 01                    R 42f     466563342910 9 711    87.0   85.0
 21 3078.505118 4.597E-29 6.232E-05.07480.102 2026.24040.69-.003241       4 0 0 05       1 1 1 02                    P 15e     466663342910 9 711    29.0   31.0
 21 3078.521882 5.977E-30 2.829E-04.06960.091 2881.24350.73-.003427       3 3 3 04       1 2 2 02                    P 27f     466663342910 9 711    53.0   55.0
 21 3078.691692 1.125E-29 1.778E-03.05840.066 3333.47470.68-.004192       3 1 1 04       1 0 0 02                    P 72e     465553342910 9 711   143.0  145.0
 21 3078.702378 1.835E-30 9.802E-05.07170.096 2853.28810.71-.003350       2 5 5 03       0 4 4 01                    P 21f     466663342910 9 711    41.0   43.0
 21 3078.733740 3.411E-30 1.743E-04.06900.088 2925.89670.74-.003217       4 1 1 05       1 2 2 02                    R 29f     466663342910 9 711    61.0   59.0
 21 3078.877393 1.435E-29 3.414E-04.06620.076 2850.91250.74-.003730       2 4 4 03       0 3 3 01                    P 46f     466563342910 9 711    91.0   93.0
 21 3079.011843 2.953E-30 1.958E-04.06830.086 2998.75730.74-.003361       4 1 1 05       1 2 2 02                    R 32e     466663342910 9 711    67.0   65.0
 21 3079.220767 5.948E-30 2.641E-04.06990.092 2860.09700.73-.003414       3 3 3 04       1 2 2 02                    P 26e     466663342910 9 711    51.0   53.0
 21 3079.318505 4.959E-30 1.363E-04.07550.103 2630.49150.68-.003264       4 1 1 05       2 0 0 03                    P 14e     466663342910 9 711    27.0   29.0
 21 3079.386449 9.795E-30 5.306E-04.06500.072 3049.56050.73-.003854       3 2 2 04       1 1 1 02                    P 53e     465553342910 9 711   105.0  107.0
 21 3079.394639 3.908E-30 2.972E-04.06560.073 3111.33890.74-.003768       4 0 0 04       1 1 1 01                    P 51e     465553342910 9 711   101.0  103.0
 21 3079.436689 1.726E-30 8.950E-05.07220.097 2836.78400.71-.003338       2 5 5 03       0 4 4 01                    P 20e     466663342910 9 711    39.0   41.0
 21 3079.448553 7.210E-30 1.049E-04.06650.077 2745.12380.74-.003822       3 2 2 04       0 3 3 01                    R 43e     466563342910 9 711    89.0   87.0
 21 3079.452625 2.328E-30 1.073E-06.09050.123 1337.48150.69-.002658       3 1 1 04       0 2 2 01                    P  2e     466663342910 9 711     3.0    5.0
 21 3079.534415 5.547E-28 4.940E-04.06040.068 2240.23760.71-.003979       3 0 0 04       0 1 1 01                    P 63e     475553343310 9 711   125.0  127.0
 21 3079.547155 1.601E-29 3.270E-04.06630.077 2814.86810.74-.003712       2 4 4 03       0 3 3 01                    P 45e     466563342910 9 711    89.0   91.0
 21 3079.646697 2.716E-29 6.252E-04.06600.075 2852.86230.74-.003765       3 2 2 04       1 1 1 02                    P 48f     466563342910 9 711    95.0   97.0
 21 3079.809638 1.228E-30 7.491E-04.05790.065 3622.38610.67-.004260       2 3 3 03       0 2 2 01                    P 76e     465553342910 9 711   151.0  153.0
 21 3079.935900 5.860E-30 2.454E-04.07020.093 2839.72040.72-.003401       3 3 3 04       1 2 2 02                    P 25f     466663342910 9 711    49.0   51.0
 21 3079.980961 3.197E-29 4.507E-05.07620.104 2003.58080.68-.003215       4 0 0 05       1 1 1 02                    P 13e     466663342910 9 711    25.0   27.0
 21 3079.988672 6.572E-30 1.106E-04.06640.077 2779.60550.74-.003860       3 2 2 04       0 3 3 01                    R 44f     466563342910 9 711    91.0   89.0
 21 3080.044376 1.749E-29 1.658E-03.05870.066 3222.25130.69-.004157       3 1 1 04       1 0 0 02                    P 70e     465553342910 9 711   139.0  141.0
 21 3080.173567 1.603E-30 8.121E-05.07260.098 2821.06520.70-.003326       2 5 5 03       0 4 4 01                    P 19f     466663342910 9 711    37.0   39.0
 21 3080.218539 1.776E-29 3.128E-04.06640.077 2779.60550.74-.003695       2 4 4 03       0 3 3 01                    P 44f     466563342910 9 711    87.0   89.0
 21 3080.413181 1.527E-30 7.081E-04.05800.065 3563.15100.67-.004243       2 3 3 03       0 2 2 01                    P 75f     465553342910 9 711   149.0  151.0
 21 3080.485446 1.326E-29 5.020E-04.06560.073 2967.67660.74-.003818       3 2 2 04       1 1 1 02                    P 51e     465553342910 9 711   101.0  103.0
 21 3080.523864 3.322E-30 2.012E-04.06850.087 2973.67900.74-.003314       4 1 1 05       1 2 2 02                    R 31f     466663342910 9 711    65.0   63.0
 21 3080.524367 2.737E-30 2.212E-04.06790.084 3051.23520.74-.003452       4 1 1 05       1 2 2 02                    R 34e     466663342910 9 711    71.0   69.0
 21 3080.642608 5.736E-30 2.278E-04.07060.094 2820.13750.72-.003388       3 3 3 04       1 2 2 02                    P 24e     466663342910 9 711    47.0   49.0
 21 3080.852822 3.472E-30 1.012E-04.07700.105 2609.37520.68-.003234       4 1 1 05       2 0 0 03                    P 12e     466663342910 9 711    23.0   25.0
 21 3080.892875 1.960E-29 2.989E-04.06650.078 2745.12380.75-.003678       2 4 4 03       0 3 3 01                    P 43e     466563342910 9 711    85.0   87.0
 21 3080.935307 7.869E-28 4.513E-04.06120.069 2142.84200.71-.003944       3 0 0 04       0 1 1 01                    P 61e     475553343310 9 711   121.0  123.0
 21 3081.018564 1.992E-30 7.047E-04.05810.065 3504.58670.67-.004226       2 3 3 03       0 2 2 01                    P 74e     465553342910 9 711   147.0  149.0
 21 3081.019257 3.400E-29 5.700E-04.06620.076 2778.57490.74-.003730       3 2 2 04       1 1 1 02                    P 46f     466563342910 9 711    91.0   93.0
 21 3081.079702 5.014E-30 2.711E-04.06590.074 3032.60550.74-.003733       4 0 0 04       1 1 1 01                    P 49e     466563342910 9 711    97.0   99.0
 21 3081.105316 5.924E-30 1.159E-04.06630.076 2814.86810.74-.003897       3 2 2 04       0 3 3 01                    R 45e     466563342910 9 711    93.0   91.0
 21 3081.361991 5.558E-30 2.105E-04.07090.095 2801.32800.72-.003375       3 3 3 04       1 2 2 02                    P 23f     466663342910 9 711    45.0   47.0
 21 3081.400594 2.671E-29 1.542E-03.05910.066 3114.11500.69-.004122       3 1 1 04       1 0 0 02                    P 68e     465553342910 9 711   135.0  137.0
 21 3081.469311 2.009E-29 3.069E-05.07780.107 1984.04590.68-.003184       4 0 0 05       1 1 1 02                    P 11e     466663342910 9 711    21.0   23.0
 21 3081.569040 2.153E-29 2.856E-04.06660.079 2711.42410.75-.003661       2 4 4 03       0 3 3 01                    P 42f     466563342910 9 711    83.0   85.0
 21 3081.596473 5.348E-30 1.221E-04.06620.075 2850.91250.74-.003933       3 2 2 04       0 3 3 01                    R 46f     466563342910 9 711    95.0   93.0
 21 3081.604001 1.758E-29 4.728E-04.06590.074 2888.89970.74-.003783       3 2 2 04       1 1 1 02                    P 49e     466563342910 9 711    97.0   99.0
 21 3081.627150 2.462E-30 6.673E-04.05830.065 3446.89050.68-.004209       2 3 3 03       0 2 2 01                    P 73f     465553342910 9 711   145.0  147.0
 21 3082.031297 2.474E-30 2.483E-04.06750.083 3106.84060.74-.003540       4 1 1 05       1 2 2 02                    R 36e     466663342910 9 711    75.0   73.0
 21 3082.076138 5.343E-30 1.941E-04.07130.095 2783.30940.71-.003362       3 3 3 04       1 2 2 02                    P 22e     466663342910 9 711    43.0   45.0
 21 3082.234264 3.178E-30 6.623E-04.05840.066 3389.88260.68-.004192       2 3 3 03       0 2 2 01                    P 72e     465553342910 9 711   143.0  145.0
 21 3082.248041 2.351E-29 2.724E-04.06680.080 2678.50580.75-.003644       2 4 4 03       0 3 3 01                    P 41e     466563342910 9 711    81.0   83.0
 21 3082.325668 3.154E-30 2.307E-04.06810.085 3024.58950.74-.003407       4 1 1 05       1 2 2 02                    R 33f     466663342910 9 711    69.0   67.0
 21 3082.334737 1.096E-27 4.115E-04.06220.069 2048.54700.72-.003909       3 0 0 04       0 1 1 01                    P 59e     475553343310 9 711   117.0  119.0
 21 3082.398710 4.171E-29 5.179E-04.06640.077 2707.40490.74-.003695       3 2 2 04       1 1 1 02                    P 44f     466563342910 9 711    87.0   89.0
 21 3082.742079 2.283E-29 4.437E-04.06620.075 2813.23130.74-.003747       3 2 2 04       1 1 1 02                    P 47e     466563342910 9 711    93.0   95.0
 21 3082.754864 6.304E-30 2.464E-04.06620.075 2956.98060.74-.003698       4 0 0 04       1 1 1 01                    P 47e     466563342910 9 711    93.0   95.0
 21 3082.760549 4.010E-29 1.433E-03.05950.067 3009.06770.70-.004087       3 1 1 04       1 0 0 02                    P 66e     465553342910 9 711   131.0  133.0
 21 3082.766351 4.770E-30 1.277E-04.06620.075 2887.73740.74-.003968       3 2 2 04       0 3 3 01                    R 47e     466563342910 9 711    97.0   95.0
 21 3082.800165 5.082E-30 1.781E-04.07170.096 2766.06710.71-.003350       3 3 3 04       1 2 2 02                    P 21f     466663342910 9 711    41.0   43.0
 21 3082.847549 3.903E-30 6.281E-04.05850.066 3333.72750.68-.004174       2 3 3 03       0 2 2 01                    P 71f     465553342910 9 711   141.0  143.0
 21 3082.929039 2.554E-29 2.597E-04.06690.080 2646.36960.75-.003627       2 4 4 03       0 3 3 01                    P 40f     466663342910 9 711    79.0   81.0
 21 3082.970372 1.094E-29 1.908E-05.07970.109 1967.63600.68-.003145       4 0 0 05       1 1 1 02                    P  9e     466663342910 9 711    17.0   19.0
 21 3083.202477 4.265E-30 1.343E-04.06600.074 2925.34400.74-.004003       3 2 2 04       0 3 3 01                    R 48f     466563342910 9 711    99.0   97.0
 21 3083.366222 2.469E-30 4.891E-07.09050.120 1337.48150.70-.001081       3 1 1 04       0 2 2 01                    R  2e     466663342910 9 711     7.0    5.0
 21 3083.456968 4.986E-30 6.219E-04.05870.066 3278.27600.69-.004157       2 3 3 03       0 2 2 01                    P 70e     465553342910 9 711   139.0  141.0
 21 3083.521426 4.788E-30 1.630E-04.07220.097 2749.61350.71-.003338       3 3 3 04       1 2 2 02                    P 20e     466663342910 9 711    39.0   41.0
 21 3083.532278 2.185E-30 2.773E-04.06720.081 3165.57240.75-.003625       4 1 1 05       1 2 2 02                    R 38e     466663342910 9 711    79.0   77.0
 21 3083.612786 2.759E-29 2.472E-04.06700.081 2615.01510.75-.003610       2 4 4 03       0 3 3 01                    P 39e     466663342910 9 711    77.0   79.0
 21 3083.733282 1.498E-27 3.741E-04.06320.070 1957.35410.72-.003873       3 0 0 04       0 1 1 01                    P 57e     575553343310 9 711   113.0  115.0
 21 3083.785256 5.010E-29 4.689E-04.06660.079 2639.35360.75-.003661       3 2 2 04       1 1 1 02                    P 42f     466563342910 9 711    83.0   85.0
 21 3083.899622 2.903E-29 4.146E-04.06630.077 2740.67270.74-.003712       3 2 2 04       1 1 1 02                    P 45e     466563342910 9 711    89.0   91.0
 21 3084.074687 6.083E-30 5.905E-04.05890.066 3223.66410.69-.004139       2 3 3 03       0 2 2 01                    P 69f     465553342910 9 711   137.0  139.0
 21 3084.124441 5.916E-29 1.330E-03.06010.068 2907.11140.71-.004051       3 1 1 04       1 0 0 02                    P 64e     465553342910 9 711   127.0  129.0
 21 3084.138719 2.922E-30 2.631E-04.06770.084 3078.62740.74-.003497       4 1 1 05       1 2 2 02                    R 35f     466663342910 9 711    73.0   71.0
 21 3084.181804 7.090E-30 1.105E-06.08850.118 1339.83150.69-.001200       3 1 1 04       0 2 2 01                    R  3f     466663342910 9 711     9.0    7.0
 21 3084.250428 4.460E-30 1.483E-04.07260.098 2733.93840.70-.003326       3 3 3 04       1 2 2 02                    P 19f     466663342910 9 711    37.0   39.0
 21 3084.298666 2.964E-29 2.351E-04.06720.082 2584.44300.75-.003594       2 4 4 03       0 3 3 01                    P 38f     466663342910 9 711    75.0   77.0
 21 3084.420700 7.767E-30 2.232E-04.06630.077 2884.46540.74-.003664       4 0 0 04       1 1 1 01                    P 45e     466563342910 9 711    89.0   91.0
 21 3084.431603 3.765E-30 1.402E-04.06590.074 2963.73050.74-.004038       3 2 2 04       0 3 3 01                    R 49e     466563342910 9 711   101.0   99.0
 21 3084.686904 7.688E-30 5.831E-04.05910.066 3169.76890.69-.004122       2 3 3 03       0 2 2 01                    P 68e     465553342910 9 711   135.0  137.0
 21 3084.806286 3.336E-30 1.474E-04.06580.073 3002.89860.74-.004071       3 2 2 04       0 3 3 01                    R 50f     466553342910 9 711   103.0  101.0
 21 3084.927321 1.399E-29 1.813E-06.08660.116 1342.96480.69-.001331       3 1 1 04       0 2 2 01                    R  4e     466663342910 9 711    11.0    9.0
 21 3084.978532 4.108E-30 1.344E-04.07310.099 2719.05030.70-.003314       3 3 3 04       1 2 2 02                    P 18e     466663342910 9 711    35.0   37.0
 21 3084.987234 3.166E-29 2.234E-04.06730.083 2554.65300.74-.003577       2 4 4 03       0 3 3 01                    P 37e     466663342910 9 711    73.0   75.0
 21 3085.026948 1.886E-30 3.080E-04.06690.080 3227.42970.75-.003706       4 1 1 05       1 2 2 02                    R 40e     466663342910 9 711    83.0   81.0
 21 3085.076545 3.611E-29 3.856E-04.06650.078 2671.22530.75-.003678       3 2 2 04       1 1 1 02                    P 43e     466563342910 9 711    85.0   87.0
 21 3085.131518 2.009E-27 3.393E-04.06420.071 1869.26490.73-.003838       3 0 0 04       0 1 1 01                    P 55e     565553343310 9 711   109.0  111.0
 21 3085.179085 5.892E-29 4.229E-04.06690.080 2574.42230.75-.003627       3 2 2 04       1 1 1 02                    P 40f     466663342910 9 711    79.0   81.0
 21 3085.308859 9.318E-30 5.545E-04.05930.067 3116.70200.70-.004104       2 3 3 03       0 2 2 01                    P 67f     465553342910 9 711   133.0  135.0
 21 3085.492464 8.575E-29 1.232E-03.06080.068 2808.24800.71-.004015       3 1 1 04       1 0 0 02                    P 62e     465553342910 9 711   123.0  125.0
 21 3085.678045 3.362E-29 2.119E-04.06750.084 2525.64550.74-.003561       2 4 4 03       0 3 3 01                    P 36f     466663342910 9 711    71.0   73.0
 21 3085.712783 3.734E-30 1.210E-04.07370.100 2704.94240.70-.003302       3 3 3 04       1 2 2 02                    P 17f     466663342910 9 711    33.0   35.0
 21 3085.779803 2.342E-29 2.619E-06.08490.114 1346.88140.68-.001459       3 1 1 04       0 2 2 01                    R  5f     466663342910 9 711    13.0   11.0
 21 3085.924293 1.165E-29 5.459E-04.05950.067 3064.36320.70-.004087       2 3 3 03       0 2 2 01                    P 66e     465553342910 9 711   131.0  133.0
 21 3085.962560 2.644E-30 2.983E-04.06730.082 3135.79150.75-.003583       4 1 1 05       1 2 2 02                    R 37f     466663342910 9 711    77.0   75.0
 21 3086.077771 9.370E-30 2.015E-04.06650.078 2815.06110.75-.003630       4 0 0 04       1 1 1 01                    P 43e     466563342910 9 711    85.0   87.0
 21 3086.100990 2.915E-30 1.535E-04.06560.072 3042.84600.74-.004105       3 2 2 04       0 3 3 01                    R 51e     465553342910 9 711   105.0  103.0
 21 3086.272743 4.394E-29 3.570E-04.06680.080 2604.89030.75-.003644       3 2 2 04       1 1 1 02                    P 41e     466563342910 9 711    81.0   83.0
 21 3086.371503 3.549E-29 2.007E-04.06770.084 2497.42030.74-.003545       2 4 4 03       0 3 3 01                    P 35e     466663342910 9 711    69.0   71.0
 21 3086.407487 2.560E-30 1.613E-04.06530.072 3083.57500.73-.004137       3 2 2 04       0 3 3 01                    R 52f     465553342910 9 711   107.0  105.0
 21 3086.447509 3.349E-30 1.084E-04.07420.101 2691.62030.69-.003290       3 3 3 04       1 2 2 02                    P 16e     466663342910 9 711    31.0   33.0
 21 3086.485856 3.534E-29 3.506E-06.08340.112 1351.58130.68-.001578       3 1 1 04       0 2 2 01                    R  6e     466663342910 9 711    15.0   13.0
 21 3086.514937 1.593E-30 3.407E-04.06660.078 3292.41120.75-.003784       4 1 1 05       1 2 2 02                    R 42e     466563342910 9 711    87.0   85.0
 21 3086.530011 2.643E-27 3.068E-04.06500.072 1784.28080.73-.003803       3 0 0 04       0 1 1 01                    P 53e     565553343310 9 711   105.0  107.0
 21 3086.550346 1.402E-29 5.196E-04.05980.067 3012.84320.70-.004069       2 3 3 03       0 2 2 01                    P 65f     465553342910 9 711   129.0  131.0
 21 3086.580380 6.778E-29 3.798E-04.06720.082 2512.61220.75-.003594       3 2 2 04       1 1 1 02                    P 38f     466663342910 9 711    75.0   77.0
 21 3086.864806 1.221E-28 1.139E-03.06170.069 2712.47950.72-.003980       3 1 1 04       1 0 0 02                    P 60e     465553342910 9 711   119.0  121.0
 21 3087.067291 3.724E-29 1.899E-04.06790.085 2469.97800.74-.003530       2 4 4 03       0 3 3 01                    P 34f     466663342910 9 711    67.0   69.0
 21 3087.169351 1.735E-29 5.105E-04.06010.068 2962.06080.71-.004051       2 3 3 03       0 2 2 01                    P 64e     465553342910 9 711   127.0  129.0
 21 3087.187230 2.957E-30 9.628E-05.07480.102 2679.07960.69-.003277       3 3 3 04       1 2 2 02                    P 15f     466663342910 9 711    29.0   31.0
 21 3087.389058 5.010E-29 4.506E-06.08200.111 1357.06440.68-.001690       3 1 1 04       0 2 2 01                    R  7f     466663342910 9 711    17.0   15.0
 21 3087.488093 5.224E-29 3.286E-04.06700.081 2541.66900.75-.003610       3 2 2 04       1 1 1 02                    P 39e     466663342910 9 711    77.0   79.0
 21 3087.726619 1.106E-29 1.810E-04.06680.080 2748.76860.75-.003597       4 0 0 04       1 1 1 01                    P 41e     466563342910 9 711    81.0   83.0
 21 3087.765701 3.884E-29 1.795E-04.06810.086 2443.31820.74-.003514       2 4 4 03       0 3 3 01                    P 33e     466663342910 9 711    65.0   67.0
 21 3087.774398 2.214E-30 1.677E-04.06500.071 3125.08260.73-.004169       3 2 2 04       0 3 3 01                    R 53e     465553342910 9 711   109.0  107.0
 21 3087.796713 2.339E-30 3.367E-04.06700.080 3196.08090.75-.003666       4 1 1 05       1 2 2 02                    R 39f     466663342910 9 711    81.0   79.0
 21 3087.799414 2.074E-29 4.865E-04.06040.068 2912.08930.71-.004033       2 3 3 03       0 2 2 01                    P 63f     465553342910 9 711   125.0  127.0
 21 3087.928400 2.568E-30 8.486E-05.07550.103 2667.32400.68-.003264       3 3 3 04       1 2 2 02                    P 14e     466663342910 9 711    27.0   29.0
 21 3087.929321 3.410E-27 2.767E-04.06560.073 1702.40320.74-.003768       3 0 0 04       0 1 1 01                    P 51e     565553343310 9 711   101.0  103.0
 21 3087.989312 7.620E-29 3.394E-04.06750.084 2453.92450.74-.003561       3 2 2 04       1 1 1 02                    P 36f     466663342910 9 711    71.0   73.0
 21 3087.995866 1.317E-30 3.753E-04.06640.077 3360.51590.74-.003860       4 1 1 05       1 2 2 02                    R 44e     466563342910 9 711    91.0   89.0
 21 3088.005658 1.927E-30 1.761E-04.06470.071 3167.37170.73-.004201       3 2 2 04       0 3 3 01                    R 54f     465553342910 9 711   111.0  109.0
 21 3088.041745 6.715E-29 5.573E-06.08080.109 1363.33080.68-.001795       3 1 1 04       0 2 2 01                    R  8e     466663342910 9 711    19.0   17.0
 21 3088.241649 1.707E-28 1.052E-03.06270.070 2619.80750.72-.003944       3 1 1 04       1 0 0 02                    P 58e     465553342910 9 711   115.0  117.0
 21 3088.422290 2.539E-29 4.766E-04.06080.068 2862.86350.71-.004015       2 3 3 03       0 2 2 01                    P 62e     465553342910 9 711   123.0  125.0
 21 3088.466512 4.025E-29 1.693E-04.06830.087 2417.44150.74-.003499       2 4 4 03       0 3 3 01                    P 32f     466663342910 9 711    63.0   65.0
 21 3088.673764 2.187E-30 7.404E-05.07620.104 2656.35070.68-.003250       3 3 3 04       1 2 2 02                    P 13f     466663342910 9 711    25.0   27.0
 21 3088.722457 6.067E-29 3.008E-04.06730.083 2481.56240.74-.003577       3 2 2 04       1 1 1 02                    P 37e     466663342910 9 711    73.0   75.0
 21 3089.009459 8.728E-29 6.787E-06.07970.108 1370.38040.68-.001893       3 1 1 04       0 2 2 01                    R  9f     466663342910 9 711    21.0   19.0
 21 3089.056316 3.012E-29 4.544E-04.06120.069 2814.44200.71-.003997       2 3 3 03       0 2 2 01                    P 61f     465553342910 9 711   121.0  123.0
 21 3089.169930 4.144E-29 1.594E-04.06850.088 2392.34760.74-.003484       2 4 4 03       0 3 3 01                    P 31e     466663342910 9 711    61.0   63.0
 21 3089.330001 4.311E-27 2.486E-04.06590.074 1623.63350.74-.003733       3 0 0 04       0 1 1 01                    P 49e     536563343310 9 711    97.0   99.0
 21 3089.367768 1.278E-29 1.620E-04.06700.081 2685.58900.75-.003564       4 0 0 04       1 1 1 01                    P 39e     466663342910 9 711    77.0   79.0
 21 3089.406046 8.366E-29 3.017E-04.06790.085 2398.36040.74-.003530       3 2 2 04       1 1 1 02                    P 34f     466663342910 9 711    67.0   69.0
 21 3089.451684 1.650E-30 1.827E-04.06420.070 3210.43880.73-.004232       3 2 2 04       0 3 3 01                    R 55e     465553342910 9 711   113.0  111.0
 21 3089.469355 1.066E-30 4.118E-04.06620.075 3431.74250.74-.003933       4 1 1 05       1 2 2 02                    R 46e     466563342910 9 711    95.0   93.0
 21 3089.594896 1.089E-28 8.035E-06.07870.107 1378.21320.68-.001986       3 1 1 04       0 2 2 01                    R 10e     466663342910 9 711    23.0   21.0
 21 3089.600367 1.424E-30 1.918E-04.06380.070 3254.28740.72-.004263       3 2 2 04       0 3 3 01                    R 56f     465553342910 9 711   115.0  113.0
 21 3089.623173 2.343E-28 9.683E-04.06380.070 2530.23390.73-.003908       3 1 1 04       1 0 0 02                    P 56e     465553342910 9 711   111.0  113.0
 21 3089.640675 2.025E-30 3.785E-04.06680.079 3259.49440.75-.003745       4 1 1 05       1 2 2 02                    R 41f     466563342910 9 711    85.0   83.0
 21 3089.683316 3.649E-29 4.442E-04.06170.069 2766.77310.72-.003980       2 3 3 03       0 2 2 01                    P 60e     465553342910 9 711   119.0  121.0
 21 3089.875806 4.238E-29 1.498E-04.06880.088 2368.03680.74-.003470       2 4 4 03       0 3 3 01                    P 30f     466663342910 9 711    59.0   61.0
 21 3089.975686 6.875E-29 2.736E-04.06770.084 2424.57170.74-.003545       3 2 2 04       1 1 1 02                    P 35e     466663342910 9 711    69.0   71.0
 21 3090.078704 1.489E-30 2.925E-04.06590.074 3296.84090.74-.003783       2 1 1 13       0 0 0 11                    P 49e     566563342910 9 711    97.0   99.0
 21 3090.321293 4.297E-29 4.238E-04.06220.069 2719.90300.72-.003962       2 3 3 03       0 2 2 01                    P 59f     465553342910 9 711   117.0  119.0
 21 3090.584283 4.304E-29 1.405E-04.06900.089 2344.50930.73-.003455       2 4 4 03       0 3 3 01                    P 29e     466663342910 9 711    57.0   59.0
 21 3090.640876 1.338E-28 9.477E-06.07780.105 1386.82910.68-.002074       3 1 1 04       0 2 2 01                    R 11f     466663342910 9 711    25.0   23.0
 21 3090.732593 5.341E-27 2.226E-04.06620.075 1547.97310.74-.003698       3 0 0 04       0 1 1 01                    P 47e     546563343310 9 711    93.0   95.0
 21 3090.830734 8.959E-29 2.665E-04.06830.087 2345.92090.74-.003499       3 2 2 04       1 1 1 02                    P 32f     466663342910 9 711    63.0   65.0
 21 3090.952627 5.151E-29 4.132E-04.06270.070 2673.79130.72-.003944       2 3 3 03       0 2 2 01                    P 58e     465553342910 9 711   115.0  117.0
 21 3091.001722 1.442E-29 1.441E-04.06730.083 2625.52330.74-.003532       4 0 0 04       1 1 1 01                    P 37e     466663342910 9 711    73.0   75.0
 21 3091.009549 3.158E-28 8.901E-04.06470.071 2443.76040.73-.003872       3 1 1 04       1 0 0 02                    P 54e     465553342910 9 711   107.0  109.0
 21 3091.132668 1.207E-30 1.987E-04.06320.070 3298.91310.72-.004293       3 2 2 04       0 3 3 01                    R 57e     465553342910 9 711   117.0  115.0
 21 3091.145195 1.586E-28 1.089E-05.07700.104 1396.22820.68-.002157       3 1 1 04       0 2 2 01                    R 12e     466663342910 9 711    27.0   25.0
 21 3091.191171 1.033E-30 2.085E-04.06270.069 3344.32050.72-.004322       3 2 2 04       0 3 3 01                    R 58f     465553342910 9 711   119.0  117.0
 21 3091.247619 7.593E-29 2.470E-04.06810.086 2370.69800.74-.003514       3 2 2 04       1 1 1 02                    P 33e     466663342910 9 711    65.0   67.0
 21 3091.295263 4.340E-29 1.316E-04.06930.090 2321.76500.73-.003441       2 4 4 03       0 3 3 01                    P 28f     466663342910 9 711    55.0   57.0
 21 3091.455657 1.943E-30 2.768E-04.06620.075 3221.85690.74-.003747       2 1 1 13       0 0 0 11                    P 47e     566563342910 9 711    93.0   95.0
 21 3091.493921 1.716E-30 4.238E-04.06650.077 3326.03080.74-.003822       4 1 1 05       1 2 2 02                    R 43f     466563342910 9 711    89.0   87.0
 21 3091.594572 6.020E-29 3.945E-04.06320.070 2628.47400.72-.003926       2 3 3 03       0 2 2 01                    P 57f     465553342910 9 711   113.0  115.0
 21 3092.008845 4.344E-29 1.229E-04.06960.091 2299.80410.73-.003427       2 4 4 03       0 3 3 01                    P 27e     466663342910 9 711    53.0   55.0
 21 3092.137626 6.479E-27 1.985E-04.06630.077 1475.42300.74-.003664       3 0 0 04       0 1 1 01                    P 45e     546563343310 9 711    89.0   91.0
 21 3092.230417 7.140E-29 3.837E-04.06380.070 2583.91980.73-.003908       2 3 3 03       0 2 2 01                    P 56e     465553342910 9 711   111.0  113.0
 21 3092.263520 9.346E-29 2.338E-04.06880.088 2296.60700.74-.003470       3 2 2 04       1 1 1 02                    P 30f     466663342910 9 711    59.0   61.0
 21 3092.283157 1.874E-28 1.260E-05.07620.103 1406.41030.68-.002237       3 1 1 04       0 2 2 01                    R 13f     466663342910 9 711    29.0   27.0
 21 3092.400945 4.175E-28 8.159E-04.06530.072 2360.38860.74-.003836       3 1 1 04       1 0 0 02                    P 52e     465553342910 9 711   103.0  105.0
 21 3092.538091 8.166E-29 2.214E-04.06850.088 2319.94220.74-.003484       3 2 2 04       1 1 1 02                    P 31e     466663342910 9 711    61.0   63.0
 21 3092.628965 1.588E-29 1.275E-04.06770.084 2568.57240.74-.003501       4 0 0 04       1 1 1 01                    P 35e     466663342910 9 711    69.0   71.0
 21 3092.692517 2.135E-28 1.417E-05.07550.102 1417.37550.69-.002314       3 1 1 04       0 2 2 01                    R 14e     466663342910 9 711    31.0   29.0
 21 3092.724966 4.315E-29 1.145E-04.06990.092 2278.62670.73-.003414       2 4 4 03       0 3 3 01                    P 26f     466663342910 9 711    51.0   53.0
 21 3092.838566 2.494E-30 2.619E-04.06630.077 3149.95560.74-.003712       2 1 1 13       0 0 0 11                    P 45e     566563342910 9 711    89.0   91.0
 21 3092.876371 8.277E-29 3.663E-04.06420.071 2540.15640.73-.003890       2 3 3 03       0 2 2 01                    P 55f     465553342910 9 711   109.0  111.0
 21 3093.044531 2.744E-30 7.847E-06.08850.118 1937.15910.69-.001200       4 0 0 05       1 1 1 02                    R  3e     466663342910 9 711     9.0    7.0
 21 3093.355903 1.425E-30 4.731E-04.06630.076 3395.68880.74-.003897       4 1 1 05       1 2 2 02                    R 45f     466563342910 9 711    93.0   91.0
 21 3093.443694 4.251E-29 1.064E-04.07020.093 2258.23290.72-.003401       2 4 4 03       0 3 3 01                    P 25e     466663342910 9 711    49.0   51.0
 21 3093.516873 9.715E-29 3.556E-04.06470.071 2497.16010.73-.003872       2 3 3 03       0 2 2 01                    P 54e     465553342910 9 711   107.0  109.0
 21 3093.545619 7.691E-27 1.762E-04.06650.078 1405.98470.75-.003630       3 0 0 04       0 1 1 01                    P 43e     546563343310 9 711    85.0   87.0
 21 3093.704539 9.482E-29 2.035E-04.06930.090 2250.41970.73-.003441       3 2 2 04       1 1 1 02                    P 28f     466663342910 9 711    55.0   57.0
 21 3093.797521 5.415E-28 7.460E-04.06580.074 2280.12000.74-.003800       3 1 1 04       1 0 0 02                    P 50e     466553342910 9 711    99.0  101.0
 21 3093.846933 8.537E-29 1.967E-04.06900.089 2272.30520.73-.003455       3 2 2 04       1 1 1 02                    P 29e     466663342910 9 711    57.0   59.0
 21 3093.936127 2.447E-28 1.616E-05.07480.101 1429.12360.69-.002388       3 1 1 04       0 2 2 01                    R 15f     466663342910 9 711    33.0   31.0
 21 3093.982922 1.798E-30 8.236E-04.05680.064 3587.13620.63-.004426       2 2 2 03       0 1 1 01                    P 86f     465553342910 9 711   171.0  173.0
 21 3094.164990 4.154E-29 9.855E-05.07060.094 2238.62270.72-.003388       2 4 4 03       0 3 3 01                    P 24f     466663342910 9 711    47.0   49.0
 21 3094.166894 1.117E-28 3.395E-04.06500.072 2454.95170.73-.003854       2 3 3 03       0 2 2 01                    P 53f     465553342910 9 711   105.0  107.0
 21 3094.168478 1.088E-30 4.292E-04.06500.072 3456.05220.73-.002651       4 0 0 02       0 0 0 11                    P 53e     365553202910 9 711   105.0  107.0
 21 3094.227654 3.150E-30 2.482E-04.06650.078 3081.13820.75-.003678       2 1 1 13       0 0 0 11                    P 43e     566563342910 9 711    85.0   87.0
 21 3094.236720 2.699E-28 1.787E-05.07420.100 1441.65470.70-.002459       3 1 1 04       0 2 2 01                    R 16e     466663342910 9 711    35.0   33.0
 21 3094.249958 1.707E-29 1.121E-04.06810.086 2514.73720.74-.003470       4 0 0 04       1 1 1 01                    P 33e     466663342910 9 711    65.0   67.0
 21 3094.643339 7.910E-30 1.622E-05.08490.114 1944.19240.68-.001459       4 0 0 05       1 1 1 02                    R  5e     466663342910 9 711    13.0   11.0
 21 3094.812175 1.297E-28 3.287E-04.06530.072 2413.51370.74-.003836       2 3 3 03       0 2 2 01                    P 52e     465553342910 9 711   103.0  105.0
 21 3094.888900 4.023E-29 9.101E-05.07090.095 2219.79630.72-.003375       2 4 4 03       0 3 3 01                    P 23e     466663342910 9 711    45.0   47.0
 21 3094.957078 8.928E-27 1.556E-04.06680.080 1339.65920.75-.003597       3 0 0 04       0 1 1 01                    P 41e     546563343310 9 711    81.0   83.0
 21 3095.034597 1.568E-30 4.337E-04.06560.073 3374.90650.74-.002631       4 0 0 02       0 0 0 11                    P 51e     365553202910 9 711   101.0  103.0
 21 3095.153915 9.338E-29 1.755E-04.06990.092 2207.35980.73-.003414       3 2 2 04       1 1 1 02                    P 26f     466663342910 9 711    51.0   53.0
 21 3095.173972 8.663E-29 1.730E-04.06960.091 2227.78800.73-.003427       3 2 2 04       1 1 1 02                    P 27e     466663342910 9 711    53.0   55.0
 21 3095.199436 6.887E-28 6.801E-04.06600.075 2202.95620.74-.003765       3 1 1 04       1 0 0 02                    P 48e     466563342910 9 711    95.0   97.0
 21 3095.226051 1.160E-30 5.265E-04.06620.075 3468.46730.74-.003968       4 1 1 05       1 2 2 02                    R 47f     466563342910 9 711    97.0   95.0
 21 3095.304379 3.141E-30 7.720E-04.05700.064 3454.00660.64-.004394       2 2 2 03       0 1 1 01                    P 84f     465553342910 9 711   167.0  169.0
 21 3095.466335 1.479E-28 3.138E-04.06560.073 2372.86140.74-.003818       2 3 3 03       0 2 2 01                    P 51f     465553342910 9 711   101.0  103.0
 21 3095.599590 3.020E-28 2.019E-05.07370.099 1454.96860.70-.002527       3 1 1 04       0 2 2 01                    R 17f     466663342910 9 711    37.0   35.0
 21 3095.615402 3.861E-29 8.377E-05.07130.095 2201.75370.71-.003362       2 4 4 03       0 3 3 01                    P 22f     466663342910 9 711    43.0   45.0
 21 3095.623142 3.912E-30 2.352E-04.06680.080 3015.40590.75-.003644       2 1 1 13       0 0 0 11                    P 41e     566563342910 9 711    81.0   83.0
 21 3095.777646 3.239E-28 2.201E-05.07310.098 1469.06550.70-.002594       3 1 1 04       0 2 2 01                    R 18e     466663342910 9 711    39.0   37.0
 21 3095.865141 1.786E-29 9.775E-05.06850.088 2464.01850.74-.003441       4 0 0 04       1 1 1 01                    P 31e     466663342910 9 711    61.0   63.0
 21 3095.932720 2.221E-30 4.380E-04.06590.074 3296.84080.74-.002611       4 0 0 02       0 0 0 11                    P 49e     366563202910 9 711    97.0   99.0
 21 3096.116496 1.699E-28 3.031E-04.06580.074 2332.98210.74-.003800       2 3 3 03       0 2 2 01                    P 50e     466553342910 9 711    99.0  101.0
 21 3096.254957 1.658E-29 2.735E-05.08200.111 1954.35140.68-.001690       4 0 0 05       1 1 1 02                    R  7e     466663342910 9 711    17.0   15.0
 21 3096.344525 3.668E-29 7.678E-05.07170.096 2184.49500.71-.003350       2 4 4 03       0 3 3 01                    P 21e     466663342910 9 711    41.0   43.0
 21 3096.372492 1.013E-26 1.367E-04.06700.081 1276.44760.75-.003564       3 0 0 04       0 1 1 01                    P 39e     546663343310 9 711    77.0   79.0
 21 3096.519039 8.513E-29 1.505E-04.07020.093 2186.39130.72-.003401       3 2 2 04       1 1 1 02                    P 25e     466663342910 9 711    49.0   51.0
 21 3096.606838 8.584E-28 6.180E-04.06620.076 2128.89870.74-.003730       3 1 1 04       1 0 0 02                    P 46e     466563342910 9 711    91.0   93.0
 21 3096.611761 8.906E-29 1.497E-04.07060.094 2167.42810.72-.003388       3 2 2 04       1 1 1 02                    P 24f     466663342910 9 711    47.0   49.0
 21 3096.625709 5.401E-30 7.234E-04.05720.064 3323.96060.65-.004361       2 2 2 03       0 1 1 01                    P 82f     465553342910 9 711   163.0  165.0
 21 3096.774877 1.920E-28 2.892E-04.06590.074 2293.88690.74-.003783       2 3 3 03       0 2 2 01                    P 49f     466563342910 9 711    97.0   99.0
 21 3096.862623 3.093E-30 4.421E-04.06620.075 3221.85690.74-.002592       4 0 0 02       0 0 0 11                    P 47e     566563342910 9 711    93.0   95.0
 21 3097.025250 4.777E-30 2.230E-04.06700.081 2952.75970.75-.003610       2 1 1 13       0 0 0 11                    P 39e     566663342910 9 711    77.0   79.0
 21 3097.076260 3.449E-29 7.009E-05.07220.097 2168.02030.71-.003338       2 4 4 03       0 3 3 01                    P 20f     466663342910 9 711    39.0   41.0
 21 3097.252901 1.531E-30 4.652E-05.08080.109 2576.52550.68-.001826       4 1 1 05       2 0 0 03                    R  8e     466663342910 9 711    19.0   17.0
 21 3097.273329 3.553E-28 2.471E-05.07260.097 1483.94500.71-.002658       3 1 1 04       0 2 2 01                    R 19f     466663342910 9 711    41.0   39.0
 21 3097.315124 3.717E-28 2.660E-05.07220.096 1499.60730.71-.002721       3 1 1 04       0 2 2 01                    R 20e     466663342910 9 711    43.0   41.0
 21 3097.430001 2.182E-28 2.787E-04.06600.075 2255.56680.74-.003765       2 3 3 03       0 2 2 01                    P 48e     466563342910 9 711    95.0   97.0
 21 3097.474931 1.817E-29 8.453E-05.06900.089 2416.41710.73-.003413       4 0 0 04       1 1 1 01                    P 29e     466663342910 9 711    57.0   59.0
 21 3097.792335 1.121E-26 1.193E-04.06730.083 1216.35090.74-.003532       3 0 0 04       0 1 1 01                    P 37e     546663343310 9 711    73.0   75.0
 21 3097.810624 3.206E-29 6.366E-05.07260.098 2152.32960.70-.003326       2 4 4 03       0 3 3 01                    P 19e     466663342910 9 711    37.0   39.0
 21 3097.822640 4.233E-30 4.460E-04.06630.077 3149.95560.74-.002573       4 0 0 02       0 0 0 11                    P 45e     566563342910 9 711    89.0   91.0
 21 3097.879204 2.900E-29 4.135E-05.07970.108 1967.63600.68-.001893       4 0 0 05       1 1 1 02                    R  9e     466663342910 9 711    21.0   19.0
 21 3097.881964 8.079E-29 1.292E-04.07090.095 2148.11590.72-.003375       3 2 2 04       1 1 1 02                    P 23e     466663342910 9 711    45.0   47.0
 21 3097.947316 9.133E-30 6.771E-04.05750.064 3197.00030.65-.004328       2 2 2 03       0 1 1 01                    P 80f     465553342910 9 711   159.0  161.0
 21 3098.019873 1.048E-27 5.595E-04.06640.077 2057.94880.74-.003695       3 1 1 04       1 0 0 02                    P 44e     466563342910 9 711    87.0   89.0
 21 3098.078181 8.200E-29 1.261E-04.07130.095 2130.62550.71-.003362       3 2 2 04       1 1 1 02                    P 22f     466663342910 9 711    43.0   45.0
 21 3098.092692 2.444E-28 2.658E-04.06620.075 2218.02950.74-.003747       2 3 3 03       0 2 2 01                    P 47f     466563342910 9 711    93.0   95.0
 21 3098.434196 5.735E-30 2.116E-04.06730.083 2893.20070.74-.003577       2 1 1 13       0 0 0 11                    P 37e     566663342910 9 711    73.0   75.0
 21 3098.547615 2.944E-29 5.751E-05.07310.099 2137.42310.70-.003314       2 4 4 03       0 3 3 01                    P 18f     466663342910 9 711    35.0   37.0
 21 3098.752850 2.748E-28 2.555E-04.06620.076 2181.26900.74-.003730       2 3 3 03       0 2 2 01                    P 46e     466563342910 9 711    91.0   93.0
 21 3098.812548 5.694E-30 4.499E-04.06650.078 3081.13820.75-.002555       4 0 0 02       0 0 0 11                    P 43e     566563342910 9 711    85.0   87.0
 21 3098.841650 2.659E-30 7.182E-05.07870.107 2591.38640.68-.002019       4 1 1 05       2 0 0 03                    R 10e     466663342910 9 711    23.0   21.0
 21 3098.848968 4.101E-28 3.165E-05.07130.095 1533.27970.72-.002841       3 1 1 04       0 2 2 01                    R 22e     466663342910 9 711    47.0   45.0
 21 3098.957103 4.011E-28 2.974E-05.07170.095 1516.05210.71-.002782       3 1 1 04       0 2 2 01                    R 21f     466663342910 9 711    45.0   43.0
 21 3099.079721 1.794E-29 7.238E-05.06960.091 2371.93370.73-.003386       4 0 0 04       1 1 1 01                    P 27e     466663342910 9 711    53.0   55.0
 21 3099.217063 1.210E-26 1.034E-04.06770.084 1159.37030.74-.003501       3 0 0 04       0 1 1 01                    P 35e     546663343310 9 711    69.0   71.0
 21 3099.262585 7.381E-29 1.093E-04.07170.096 2112.96250.71-.003350       3 2 2 04       1 1 1 02                    P 21e     466663342910 9 711    41.0   43.0
 21 3099.269595 1.519E-29 6.332E-04.05770.065 3073.12770.66-.004294       2 2 2 03       0 1 1 01                    P 78f     465553342910 9 711   155.0  157.0
 21 3099.287244 2.668E-29 5.163E-05.07370.100 2123.30070.70-.003302       2 4 4 03       0 3 3 01                    P 17e     466663342910 9 711    33.0   35.0
 21 3099.419944 3.049E-28 2.435E-04.06630.077 2145.29050.74-.003712       2 3 3 03       0 2 2 01                    P 45f     466563342910 9 711    89.0   91.0
 21 3099.438681 1.253E-27 5.047E-04.06660.079 1990.10800.75-.003661       3 1 1 04       1 0 0 02                    P 42e     466563342910 9 711    83.0   85.0
 21 3099.515860 4.491E-29 5.831E-05.07780.105 1984.04590.68-.002074       4 0 0 05       1 1 1 02                    R 11e     466663342910 9 711    25.0   23.0
 21 3099.553268 7.260E-29 1.046E-04.07220.097 2096.95250.71-.003338       3 2 2 04       1 1 1 02                    P 20f     466663342910 9 711    39.0   41.0
 21 3099.831707 7.526E-30 4.536E-04.06680.080 3015.40590.75-.002538       4 0 0 02       0 0 0 11                    P 41e     566563342910 9 711    81.0   83.0
 21 3099.850197 6.768E-30 2.009E-04.06770.084 2836.72980.74-.003545       2 1 1 13       0 0 0 11                    P 35e     566663342910 9 711    69.0   71.0
