 21 6480.046502 1.498E-30 8.354E-05.06700.081 2685.58900.75-.006458       6 0 0 01       1 1 1 01                    P 39e     466663342910 9 711    77.0   79.0
 21 6480.229205 9.496E-30 2.370E-05.06120.069 2142.84200.71-.010035       1 2 2 22       0 1 1 01                    Q 61e     465553342910 9 711   123.0  123.0
 21 6480.259381 5.698E-30 1.989E-05.06630.077 2145.29050.74-.006693       5 1 1 01       0 2 2 01                    P 45f     466563342910 9 711    89.0   91.0
 21 6480.321114 9.679E-29 2.313E-06.06470.071 1157.77410.73-.009457       1 1 1 22       0 0 0 01                    P 54e     565553342910 9 711   107.0  109.0
 21 6480.324634 8.782E-28 1.214E-05.07170.096  847.82630.71-.007567       1 2 2 22       0 1 1 01                    P 21e     566663342910 9 711    41.0   43.0
 21 6480.331591 4.533E-29 3.258E-05.06420.070 1869.26490.73-.007540       4 2 2 01       0 1 1 01                    R 55e     465553342910 9 711   113.0  111.0
 21 6480.332536 1.270E-29 1.139E-05.06380.070 1914.87870.73-.008577       2 3 3 11       0 1 1 01                    Q 56f     465553342910 9 711   113.0  113.0
 21 6480.343817 4.123E-28 9.830E-06.06850.087 1054.76070.74-.006039       5 0 0 01       0 1 1 01                    R 31e     466663342910 9 711    65.0   63.0
 21 6480.401969 6.472E-29 3.115E-05.06930.089 1653.07420.73-.007809       1 3 3 22       0 2 2 01                    R 28e     466663342910 9 711    59.0   57.0
 21 6480.474139 5.069E-29 2.734E-05.06990.091 1662.04020.73-.005701       5 1 1 01       1 0 0 01                    R 26e     466663342910 9 711    55.0   53.0
 21 6480.478480 6.919E-28 1.148E-03.06220.069 2048.54700.72-.008469       3 1 1 11       0 1 1 01                    P 59e     465553342910 9 711   117.0  119.0
 21 6480.487535 3.270E-30 1.028E-05.06080.068 2193.54520.71-.008876       2 3 3 11       0 1 1 01                    Q 62f     465553342910 9 711   125.0  125.0
 21 6480.541005 9.781E-30 1.325E-05.06720.082 1915.27870.75-.006418       5 1 1 01       0 2 2 01                    P 38e     466663342910 9 711    75.0   77.0
 21 6480.676778 1.352E-28 1.353E-04.06720.081 1863.75860.75-.008696       2 1 1 23       1 0 0 02                    R 38e     566663342910 9 711    79.0   77.0
 21 6480.689335 2.240E-29 1.851E-04.06530.072 2360.38860.73-.008536       4 0 0 12       1 0 0 02                    R 52e     465553342910 9 711   107.0  105.0
 21 6480.713975 3.436E-28 1.098E-03.06080.068 2193.54520.71-.008599       3 1 1 11       0 1 1 01                    P 62f     465553342910 9 711   123.0  125.0
 21 6480.781779 8.615E-30 1.690E-03.07310.098 2804.35760.70-.005853       5 0 0 12       2 0 0 02                    R 18e     466663342910 9 711    39.0   37.0
 21 6480.889480 5.990E-29 3.115E-05.06900.088 1675.77720.74-.007904       1 3 3 22       0 2 2 01                    R 29f     466663342910 9 711    61.0   59.0
 21 6480.904740 1.871E-27 2.357E-05.07170.095  847.82630.71-.007049       2 0 0 23       0 1 1 01                    R 21e     566663342910 9 711    45.0   43.0
 21 6480.951373 3.517E-29 2.378E-03.06170.069 2814.74520.72-.008513       4 0 0 11       1 0 0 01                    P 60e     465553342910 9 711   119.0  121.0
 21 6480.985435 1.104E-29 6.739E-06.06470.071 1828.20620.73-.008473       2 3 3 11       0 1 1 01                    Q 54f     465553342910 9 711   109.0  109.0
 21 6480.988419 1.575E-28 9.610E-04.07550.103 2014.71830.68-.006257       4 1 1 12       1 1 1 02                    P 14f     566663342910 9 711    27.0   29.0
 21 6481.028019 9.203E-28 1.237E-05.07220.097  831.68290.71-.007503       1 2 2 22       0 1 1 01                    P 20f     566663342910 9 711    39.0   41.0
 21 6481.114113 2.111E-29 1.861E-05.06380.070 1914.87870.72-.007590       4 2 2 01       0 1 1 01                    R 56f     465553342910 9 711   115.0  113.0
 21 6481.128366 7.322E-30 1.491E-05.06170.069 2097.54970.72-.008778       2 3 3 11       0 1 1 01                    Q 60f     465553342910 9 711   121.0  121.0
 21 6481.155977 1.163E-29 1.898E-05.06220.069 2048.54700.72-.009922       1 2 2 22       0 1 1 01                    Q 59e     465553342910 9 711   119.0  119.0
 21 6481.216297 1.252E-30 1.589E-04.06630.077 2884.46540.74-.008923       3 0 0 22       1 1 1 01                    P 45e     466563342910 9 711    89.0   91.0
 21 6481.351700 1.664E-30 7.313E-05.06730.083 2625.52330.74-.006379       6 0 0 01       1 1 1 01                    P 37e     466663342910 9 711    73.0   75.0
 21 6481.364995 1.253E-24 8.602E-04.06990.092  273.86800.73-.006909       3 0 0 11       0 0 0 01                    P 26e     686663344510 9 711    51.0   53.0
 21 6481.366368 5.522E-29 3.117E-05.06880.088 1699.26250.74-.007998       1 3 3 22       0 2 2 01                    R 30e     466663342910 9 711    63.0   61.0
 21 6481.405588 1.122E-28 1.443E-04.06690.080 1925.37750.75-.008858       2 1 1 23       1 0 0 02                    R 40e     566663342910 9 711    83.0   81.0
 21 6481.414719 3.034E-29 1.684E-08.08080.109   28.09510.68-.004563       2 2 2 11       0 0 0 01                    R  8e     566663342910 9 711    19.0   17.0
 21 6481.506962 1.343E-29 1.604E-04.06470.071 2443.76040.73-.008655       4 0 0 12       1 0 0 02                    R 54e     465553342910 9 711   111.0  109.0
 21 6481.535441 9.391E-30 3.965E-06.06530.072 1744.64440.74-.008367       2 3 3 11       0 1 1 01                    Q 52f     465553342910 9 711   105.0  105.0
 21 6481.553627 6.953E-30 1.813E-05.06650.078 2075.67110.75-.006615       5 1 1 01       0 2 2 01                    P 43f     466563342910 9 711    85.0   87.0
 21 6481.587593 6.770E-29 6.238E-05.06830.087 1800.09570.74-.008231       2 1 1 22       1 0 0 01                    P 32e     466663342910 9 711    63.0   65.0
 21 6481.760086 1.539E-28 9.609E-04.07620.104 2003.58080.68-.006192       4 1 1 12       1 1 1 02                    P 13e     566663342910 9 711    25.0   27.0
 21 6481.833925 5.063E-29 3.117E-05.06850.087 1723.52920.74-.008090       1 3 3 22       0 2 2 01                    R 31f     466663342910 9 711    65.0   63.0
 21 6481.858070 1.568E-29 2.103E-05.06270.070 2004.66030.72-.009865       1 2 2 22       0 1 1 01                    Q 58f     465553342910 9 711   117.0  117.0
 21 6481.919250 3.363E-29 3.584E-05.06320.070 1957.35410.72-.007640       4 2 2 01       0 1 1 01                    R 57e     465553342910 9 711   117.0  115.0
 21 6481.927859 1.215E-29 1.317E-05.06320.070 1957.35410.72-.008628       2 3 3 11       0 1 1 01                    Q 57e     465553342910 9 711   115.0  115.0
 21 6481.958191 1.781E-27 2.445E-05.07090.094  882.97140.72-.007265       2 0 0 23       0 1 1 01                    R 23e     566663342910 9 711    49.0   47.0
 21 6481.969451 1.608E-30 1.796E-06.06790.085 1852.34660.74-.007348       3 2 2 11       1 0 0 01                    P 34e     466663342910 9 711    67.0   69.0
 21 6482.002816 5.077E-29 3.146E-05.06930.089 1704.94190.73-.005858       5 1 1 01       1 0 0 01                    R 28e     466663342910 9 711    59.0   57.0
 21 6482.017723 8.113E-30 2.409E-06.06580.074 1664.19460.74-.008259       2 3 3 11       0 1 1 01                    Q 50f     466553342910 9 711   101.0  101.0
 21 6482.059699 3.841E-28 1.105E-05.06810.085 1105.50660.74-.006182       5 0 0 01       0 1 1 01                    R 33e     466663342910 9 711    69.0   67.0
 21 6482.095536 9.179E-29 1.543E-04.06660.078 1990.10800.75-.009015       2 1 1 23       1 0 0 02                    R 42e     566563342910 9 711    87.0   85.0
 21 6482.197985 8.195E-30 1.691E-03.07220.096 2834.73550.71-.006063       5 0 0 12       2 0 0 02                    R 20e     466663342910 9 711    43.0   41.0
 21 6482.243593 9.273E-28 1.216E-05.07260.098  815.80320.70-.007438       1 2 2 22       0 1 1 01                    P 19e     566663342910 9 711    37.0   39.0
 21 6482.282580 7.543E-30 1.325E-04.06380.070 2530.23390.72-.008770       4 0 0 12       1 0 0 02                    R 56e     465553342910 9 711   115.0  113.0
 21 6482.290711 4.625E-29 3.120E-05.06830.086 1748.57800.74-.008180       1 3 3 22       0 2 2 01                    R 32e     466663342910 9 711    67.0   65.0
 21 6482.341677 1.113E-29 1.198E-05.06750.084 1856.58700.74-.006339       5 1 1 01       0 2 2 01                    P 36e     466663342910 9 711    71.0   73.0
 21 6482.454042 7.173E-30 1.523E-06.06600.075 1586.85820.74-.008148       2 3 3 11       0 1 1 01                    Q 48f     466563342910 9 711    97.0   97.0
 21 6482.536513 1.098E-29 8.040E-06.06420.071 1869.26490.73-.008525       2 3 3 11       0 1 1 01                    Q 55e     465553342910 9 711   111.0  111.0
 21 6482.638141 1.786E-30 6.937E-06.06040.068 2240.23760.71-.008924       2 3 3 11       0 1 1 01                    Q 63e     465553342910 9 711   127.0  127.0
 21 6482.672038 1.055E-27 1.164E-03.06320.070 1957.35410.72-.008381       3 1 1 11       0 1 1 01                    P 57e     465553342910 9 711   113.0  115.0
 21 6482.692462 1.711E-30 6.034E-05.06770.084 2568.57240.74-.006300       6 0 0 01       1 1 1 01                    P 35e     466663342910 9 711    69.0   71.0
 21 6482.695323 3.010E-29 2.702E-05.06380.070 1914.87870.73-.009750       1 2 2 22       0 1 1 01                    Q 56f     465553342910 9 711   113.0  113.0
 21 6482.700963 5.389E-28 1.116E-03.06170.069 2097.54970.72-.008513       3 1 1 11       0 1 1 01                    P 60f     465553342910 9 711   119.0  121.0
 21 6482.712102 1.500E-28 9.700E-04.07700.105 1993.57010.68-.006122       4 1 1 12       1 1 1 02                    P 12f     566663342910 9 711    23.0   25.0
 21 6482.738271 4.202E-29 3.121E-05.06810.085 1774.40790.74-.008270       1 3 3 22       0 2 2 01                    R 33f     466663342910 9 711    69.0   67.0
 21 6482.747556 7.967E-29 1.781E-04.06640.077 2057.94880.74-.009168       2 1 1 23       1 0 0 02                    R 44e     566563343010 9 711    91.0   89.0
 21 6482.776885 5.432E-29 2.424E-03.06270.070 2722.07220.72-.008425       4 0 0 11       1 0 0 01                    P 58e     465553342910 9 711   115.0  117.0
 21 6482.829067 1.508E-29 1.989E-05.06270.069 2004.66030.72-.007689       4 2 2 01       0 1 1 01                    R 58f     465553342910 9 711   119.0  117.0
 21 6482.856683 6.469E-30 9.989E-07.06620.076 1512.63650.74-.008036       2 3 3 11       0 1 1 01                    Q 46f     466563342910 9 711    93.0   93.0
 21 6482.864518 8.307E-30 1.646E-05.06680.080 2009.17250.75-.006536       5 1 1 01       0 2 2 01                    P 41f     466563342910 9 711    81.0   83.0
 21 6482.908756 7.134E-29 3.517E-08.07870.107   42.92250.68-.004883       2 2 2 11       0 0 0 01                    R 10e     566663342910 9 711    23.0   21.0
 21 6482.967315 1.656E-27 2.532E-05.07020.092  921.23810.73-.007471       2 0 0 23       0 1 1 01                    R 25e     566663342910 9 711    53.0   51.0
 21 6482.977565 9.548E-28 1.233E-05.07310.099  801.17310.70-.007372       1 2 2 22       0 1 1 01                    P 18f     566663342910 9 711    35.0   37.0
 21 6483.007161 3.870E-30 1.015E-04.06270.069 2619.80750.72-.008883       4 0 0 12       1 0 0 02                    R 58e     465553342910 9 711   119.0  117.0
 21 6483.014450 9.260E-30 4.654E-06.06500.072 1784.28080.73-.008420       2 3 3 11       0 1 1 01                    Q 53e     465553342910 9 711   107.0  107.0
 21 6483.023773 1.607E-28 2.663E-06.06530.072 1074.43060.74-.009351       1 1 1 22       0 0 0 01                    P 52e     565553342910 9 711   103.0  105.0
 21 6483.079165 3.979E-30 9.941E-06.06120.069 2142.84200.71-.008828       2 3 3 11       0 1 1 01                    Q 61e     465553342910 9 711   123.0  123.0
 21 6483.136663 1.415E-24 8.692E-04.07060.094  234.08340.72-.006808       3 0 0 11       0 0 0 01                    P 24e     686663344510 9 711    47.0   49.0
 21 6483.174913 3.805E-29 3.127E-05.06790.084 1801.01980.74-.008358       1 3 3 22       0 2 2 01                    R 34e     466663342910 9 711    71.0   69.0
 21 6483.232591 5.917E-30 6.758E-07.06640.077 1441.53070.74-.007921       2 3 3 11       0 1 1 01                    Q 44f     566563342910 9 711    89.0   89.0
 21 6483.275219 1.476E-30 4.254E-05.06810.086 2514.73720.74-.007299       3 3 3 11       1 1 1 01                    P 33e     466663342910 9 711    65.0   67.0
 21 6483.362928 5.890E-29 1.781E-04.06620.075 2128.89870.74-.009316       2 1 1 23       1 0 0 02                    R 46e     566563342910 9 711    95.0   93.0
 21 6483.390632 1.166E-30 4.266E-07.08080.109 1363.33080.68-.003815       4 3 3 01       0 2 2 01                    R  8e     436663343010 9 711    19.0   17.0
 21 6483.405958 7.795E-30 2.734E-06.06560.073 1702.40320.74-.008313       2 3 3 11       0 1 1 01                    Q 51e     465553342910 9 711   103.0  103.0
 21 6483.496038 2.448E-29 3.932E-05.06220.069 2048.54700.72-.007737       4 2 2 01       0 1 1 01                    R 59e     465553342910 9 711   121.0  119.0
 21 6483.502420 1.435E-28 9.706E-04.07780.107 1984.04590.68-.006048       4 1 1 12       1 1 1 02                    P 11e     566663342910 9 711    21.0   23.0
 21 6483.530186 4.941E-29 3.588E-05.06880.088 1750.96060.74-.006009       5 1 1 01       1 0 0 01                    R 30e     466663342910 9 711    63.0   61.0
 21 6483.585818 5.455E-30 4.688E-07.06660.079 1373.54200.75-.007804       2 3 3 11       0 1 1 01                    Q 42f     566563342910 9 711    85.0   85.0
 21 6483.592834 8.886E-30 1.451E-05.06220.069 2048.54700.72-.008729       2 3 3 11       0 1 1 01                    Q 59e     465553342910 9 711   119.0  119.0
 21 6483.601359 7.604E-30 1.690E-03.07130.095 2868.22710.72-.006262       5 0 0 12       2 0 0 02                    R 22e     466663342910 9 711    47.0   45.0
 21 6483.602427 3.424E-29 3.127E-05.06770.084 1828.41260.74-.008444       1 3 3 22       0 2 2 01                    R 35f     466663342910 9 711    73.0   71.0
 21 6483.620642 5.109E-29 3.121E-05.06470.071 1828.20620.73-.009631       1 2 2 22       0 1 1 01                    Q 54f     465553342910 9 711   109.0  109.0
 21 6483.668750 1.432E-30 5.704E-05.06170.069 2712.47950.71-.008992       4 0 0 12       1 0 0 02                    R 60e     465553343010 9 711   123.0  121.0
 21 6483.742994 6.716E-30 1.671E-06.06590.074 1623.63350.74-.008204       2 3 3 11       0 1 1 01                    Q 49e     466563342910 9 711    99.0   99.0
 21 6483.764829 6.723E-29 5.213E-05.06880.088 1750.96060.74-.008114       2 1 1 22       1 0 0 01                    P 30e     466663342910 9 711    59.0   61.0
 21 6483.787072 5.709E-30 5.264E-06.06830.087 1800.09570.74-.007250       3 2 2 11       1 0 0 01                    P 32e     466663342910 9 711    63.0   65.0
 21 6483.790999 3.529E-28 1.247E-05.06770.084 1159.37030.74-.006320       5 0 0 01       0 1 1 01                    R 35e     466663342910 9 711    73.0   71.0
 21 6483.918822 5.043E-30 3.319E-07.06690.080 1308.67160.75-.007684       2 3 3 11       0 1 1 01                    Q 40f     566663342910 9 711    81.0   81.0
 21 6483.931912 1.506E-27 2.619E-05.06960.090  962.62570.73-.007670       2 0 0 23       0 1 1 01                    R 27e     566663342910 9 711    57.0   55.0
 21 6483.943431 4.629E-29 1.925E-04.06600.074 2202.95620.74-.009461       2 1 1 23       1 0 0 02                    R 48e     466563342910 9 711    99.0   97.0
 21 6483.976253 1.510E-30 1.433E-04.06650.078 2815.06110.75-.008813       3 0 0 22       1 1 1 01                    P 43e     466563342910 9 711    85.0   87.0
 21 6484.018884 3.074E-29 3.134E-05.06750.083 1856.58700.74-.008529       1 3 3 22       0 2 2 01                    R 36e     466663342910 9 711    75.0   73.0
 21 6484.044049 5.936E-30 1.066E-06.06620.075 1547.97310.74-.008092       2 3 3 11       0 1 1 01                    Q 47e     466563342910 9 711    95.0   95.0
 21 6484.072748 1.559E-30 4.495E-05.06810.086 2514.73720.74-.006221       6 0 0 01       1 1 1 01                    P 33e     466663342910 9 711    65.0   67.0
 21 6484.126225 9.490E-28 1.214E-05.07370.100  786.90280.70-.007303       1 2 2 22       0 1 1 01                    P 17e     566663342910 9 711    33.0   35.0
 21 6484.132481 1.235E-29 1.076E-05.06790.085 1801.01980.74-.006260       5 1 1 01       0 2 2 01                    P 34e     466663342910 9 711    67.0   69.0
 21 6484.176378 1.677E-30 5.746E-07.07970.108 1370.38040.68-.003962       4 3 3 01       0 2 2 01                    R  9f     436663343010 9 711    21.0   19.0
 21 6484.191535 9.708E-30 1.487E-05.06700.081 1945.79590.75-.006458       5 1 1 01       0 2 2 01                    P 39f     466663342910 9 711    77.0   79.0
 21 6484.213734 1.859E-29 2.017E-05.06320.070 1957.35410.72-.009808       1 2 2 22       0 1 1 01                    Q 57e     465553342910 9 711   115.0  115.0
 21 6484.233152 4.656E-30 2.388E-07.06720.082 1246.92050.75-.007562       2 3 3 11       0 1 1 01                    Q 38f     566663342910 9 711    77.0   77.0
 21 6484.319341 5.355E-30 7.055E-07.06630.077 1475.42300.74-.007979       2 3 3 11       0 1 1 01                    Q 45e     566563342910 9 711    91.0   91.0
 21 6484.389923 1.427E-28 6.543E-08.07700.104   60.87090.68-.005168       2 2 2 11       0 0 0 01                    R 12e     566663342910 9 711    27.0   25.0
 21 6484.410985 1.366E-28 9.801E-04.07870.108 1975.55420.68-.005968       4 1 1 12       1 1 1 02                    P 10f     566663342910 9 711    19.0   21.0
 21 6484.426293 2.742E-29 3.134E-05.06730.082 1885.54220.75-.008613       1 3 3 22       0 2 2 01                    R 37f     466663342910 9 711    77.0   75.0
 21 6484.491565 3.596E-29 2.092E-04.06580.073 2280.12000.74-.009602       2 1 1 23       1 0 0 02                    R 50e     466553342910 9 711   103.0  101.0
 21 6484.529808 4.276E-30 1.739E-07.06750.084 1188.28970.74-.007437       2 3 3 11       0 1 1 01                    Q 36f     566663342910 9 711    73.0   73.0
 21 6484.553004 1.058E-29 2.122E-05.06170.069 2097.54970.71-.007785       4 2 2 01       0 1 1 01                    R 60f     465553342910 9 711   123.0  121.0
 21 6484.574630 4.898E-30 4.817E-07.06650.078 1405.98470.75-.007862       2 3 3 11       0 1 1 01                    Q 43e     566563342910 9 711    87.0   87.0
 21 6484.592520 7.934E-29 3.353E-05.06530.072 1744.64440.74-.009511       1 2 2 22       0 1 1 01                    Q 52f     465553342910 9 711   105.0  105.0
 21 6484.601103 8.248E-29 2.469E-03.06380.070 2632.50220.73-.008337       4 0 0 11       1 0 0 01                    P 56e     465553342910 9 711   111.0  113.0
 21 6484.679056 8.311E-28 1.135E-03.06270.070 2004.66030.72-.008425       3 1 1 11       0 1 1 01                    P 58f     465553342910 9 711   115.0  117.0
 21 6484.809458 3.895E-30 1.280E-07.06790.085 1132.78030.74-.007309       2 3 3 11       0 1 1 01                    Q 34f     566663342910 9 711    69.0   69.0
 21 6484.813290 4.515E-30 3.372E-07.06680.080 1339.65920.75-.007744       2 3 3 11       0 1 1 01                    Q 41e     566563342910 9 711    83.0   83.0
 21 6484.822531 2.440E-29 3.142E-05.06720.081 1915.27870.75-.008696       1 3 3 22       0 2 2 01                    R 38e     466663342910 9 711    79.0   77.0
 21 6484.843850 2.130E-30 5.115E-05.06850.088 2464.01850.74-.006141       6 0 0 01       1 1 1 01                    P 31e     466663342910 9 711    61.0   63.0
 21 6484.848170 1.583E-27 1.181E-03.06420.071 1869.26490.73-.008292       3 1 1 11       0 1 1 01                    P 55e     465553342910 9 711   109.0  111.0
 21 6484.851798 1.341E-27 2.707E-05.06900.088 1007.13350.74-.007861       2 0 0 23       0 1 1 01                    R 29e     566663342910 9 711    61.0   59.0
 21 6484.885617 9.582E-28 1.224E-05.07420.101  773.79110.69-.007233       1 2 2 22       0 1 1 01                    P 16f     566663342910 9 711    31.0   33.0
 21 6484.892282 1.562E-24 8.781E-04.07130.095  197.41660.71-.006705       3 0 0 11       0 0 0 01                    P 22e     686663344510 9 711    43.0   45.0
 21 6484.950159 3.434E-29 2.516E-05.06420.071 1869.26490.73-.009691       1 2 2 22       0 1 1 01                    Q 55e     465553342910 9 711   111.0  111.0
 21 6484.962274 2.287E-30 7.434E-07.07870.107 1378.21320.68-.004100       4 3 3 01       0 2 2 01                    R 10e     436663343010 9 711    23.0   21.0
 21 6484.992214 6.894E-30 1.688E-03.07060.093 2904.83190.72-.006453       5 0 0 12       2 0 0 02                    R 24e     466663342910 9 711    51.0   49.0
 21 6485.010881 2.762E-29 2.285E-04.06530.072 2360.38860.73-.009739       2 1 1 23       1 0 0 02                    R 52e     465553342910 9 711   107.0  105.0
 21 6485.037378 4.175E-30 2.409E-07.06700.081 1276.44760.75-.007623       2 3 3 11       0 1 1 01                    Q 39e     566663342910 9 711    79.0   79.0
 21 6485.056516 4.680E-29 4.059E-05.06830.086 1800.09570.74-.006155       5 1 1 01       1 0 0 01                    R 32e     466663342910 9 711    67.0   65.0
 21 6485.061555 1.749E-29 4.302E-05.06120.068 2142.84200.71-.007832       4 2 2 01       0 1 1 01                    R 61e     465553342910 9 711   125.0  123.0
 21 6485.072553 3.509E-30 9.490E-08.06830.087 1080.39310.74-.007179       2 3 3 11       0 1 1 01                    Q 32f     566663342910 9 711    65.0   65.0
 21 6485.209769 2.157E-29 3.142E-05.06700.080 1945.79590.75-.008777       1 3 3 22       0 2 2 01                    R 39f     466663342910 9 711    81.0   79.0
 21 6485.213784 1.271E-28 9.810E-04.07970.109 1967.63600.68-.005881       4 1 1 12       1 1 1 02                    P  9e     566663342910 9 711    17.0   19.0
 21 6485.248194 3.854E-30 1.749E-07.06730.083 1216.35090.74-.007500       2 3 3 11       0 1 1 01                    Q 37e     566663342910 9 711    75.0   75.0
 21 6485.319402 3.118E-30 7.073E-08.06880.088 1031.12910.74-.007045       2 3 3 11       0 1 1 01                    Q 30f     566663342910 9 711    61.0   61.0
 21 6485.446583 3.541E-30 1.287E-07.06770.084 1159.37030.74-.007373       2 3 3 11       0 1 1 01                    Q 35e     566663342910 9 711    71.0   71.0
 21 6485.499281 1.176E-30 2.825E-05.06850.088 2464.01850.74-.007200       3 3 3 11       1 1 1 01                    P 31e     466663342910 9 711    61.0   63.0
 21 6485.506452 2.097E-29 2.508E-04.06470.071 2443.76040.73-.009872       2 1 1 23       1 0 0 02                    R 54e     465553342910 9 711   111.0  109.0
 21 6485.534172 1.109E-29 1.338E-05.06730.083 1885.54220.74-.006379       5 1 1 01       0 2 2 01                    P 37f     466663342910 9 711    73.0   75.0
 21 6485.537396 3.252E-28 1.438E-05.06730.082 1216.35090.75-.006453       5 0 0 01       0 1 1 01                    R 37e     466663342910 9 711    77.0   75.0
 21 6485.550218 2.725E-30 5.286E-08.06930.090  984.98900.73-.006909       2 3 3 11       0 1 1 01                    Q 28f     566663342910 9 711    57.0   57.0
 21 6485.575751 1.165E-28 3.463E-05.06580.074 1664.19460.74-.009388       1 2 2 22       0 1 1 01                    Q 50f     466553342910 9 711   101.0  101.0
 21 6485.585760 1.903E-29 3.150E-05.06690.080 1977.09380.75-.008858       1 3 3 22       0 2 2 01                    R 40e     466663342910 9 711    83.0   81.0
 21 6485.633108 3.227E-30 9.568E-08.06810.086 1105.50660.74-.007244       2 3 3 11       0 1 1 01                    Q 33e     566663342910 9 711    67.0   67.0
 21 6485.638843 1.470E-29 1.141E-05.06880.088 1750.96060.74-.007150       3 2 2 11       1 0 0 01                    P 30e     466663342910 9 711    59.0   61.0
 21 6485.682160 2.591E-28 3.027E-06.06580.074  994.19130.74-.009244       1 1 1 22       0 0 0 01                    P 50e     566553342910 9 711    99.0  101.0
 21 6485.726828 1.168E-27 2.789E-05.06850.087 1054.76070.74-.008046       2 0 0 23       0 1 1 01                    R 31e     566663342910 9 711    65.0   63.0
 21 6485.748361 2.991E-30 9.329E-07.07780.105 1386.82910.68-.004231       4 3 3 01       0 2 2 01                    R 11f     436663343010 9 711    25.0   23.0
 21 6485.765152 2.337E-30 3.956E-08.06990.092  941.97360.73-.006768       2 3 3 11       0 1 1 01                    Q 26f     566663342910 9 711    53.0   53.0
 21 6485.769564 5.648E-29 2.841E-05.06500.072 1784.28080.73-.009572       1 2 2 22       0 1 1 01                    Q 53e     465553342910 9 711   107.0  107.0
 21 6485.808148 2.908E-30 7.166E-08.06850.088 1054.76070.74-.007113       2 3 3 11       0 1 1 01                    Q 31e     566663342910 9 711    63.0   63.0
 21 6485.830516 5.940E-29 3.953E-05.06930.090 1704.94190.73-.007050       3 2 2 11       1 0 0 01                    P 28e     466663342910 9 711    55.0   57.0
 21 6485.858164 2.527E-28 1.118E-07.07550.102   81.94010.69-.005428       2 2 2 11       0 0 0 01                    R 14e     566663342910 9 711    31.0   29.0
 21 6485.912842 1.335E-29 9.589E-06.06830.087 1748.57800.74-.006181       5 1 1 01       0 2 2 01                    P 32e     466663342910 9 711    63.0   65.0
 21 6485.952748 1.667E-29 3.150E-05.06680.079 2009.17250.75-.008937       1 3 3 22       0 2 2 01                    R 41f     466563342910 9 711    85.0   83.0
 21 6485.964303 1.961E-30 2.958E-08.07060.094  902.08370.72-.006623       2 3 3 11       0 1 1 01                    Q 24f     566663342910 9 711    49.0   49.0
 21 6485.971966 2.585E-30 5.396E-08.06900.089 1007.13350.73-.006977       2 3 3 11       0 1 1 01                    Q 29e     566663342910 9 711    59.0   59.0
 21 6485.972463 9.371E-28 1.204E-05.07480.102  761.12550.69-.007160       1 2 2 22       0 1 1 01                    P 15e     566663342910 9 711    29.0   31.0
 21 6485.985482 1.573E-29 2.765E-04.06380.070 2530.23390.72-.010002       2 1 1 23       1 0 0 02                    R 56e     465553342910 9 711   115.0  113.0
 21 6486.084919 1.172E-28 9.914E-04.08080.111 1960.67110.68-.005785       4 1 1 12       1 1 1 02                    P  8f     566663342910 9 711    15.0   17.0
 21 6486.124741 2.259E-30 4.075E-08.06960.091  962.62570.73-.006839       2 3 3 11       0 1 1 01                    Q 27e     566663342910 9 711    55.0   55.0
 21 6486.147744 1.603E-30 2.202E-08.07130.095  865.31990.71-.006474       2 3 3 11       0 1 1 01                    Q 22f     566663342910 9 711    45.0   45.0
 21 6486.266598 1.937E-30 3.081E-08.07020.093  921.23810.72-.006696       2 3 3 11       0 1 1 01                    Q 25e     566663342910 9 711    51.0   51.0
 21 6486.286336 7.290E-30 2.259E-05.06080.068 2193.54520.71-.007879       4 2 2 01       0 1 1 01                    R 62f     465553342910 9 711   127.0  125.0
 21 6486.308474 1.459E-29 3.160E-05.06660.078 2042.03130.75-.009015       1 3 3 22       0 2 2 01                    R 42e     466563342910 9 711    87.0   85.0
 21 6486.315520 1.273E-30 1.630E-08.07220.097  831.68290.71-.006318       2 3 3 11       0 1 1 01                    Q 20f     566663342910 9 711    41.0   41.0
 21 6486.370900 6.114E-30 1.684E-03.06990.091 2944.54940.73-.006636       5 0 0 12       2 0 0 02                    R 26e     466663342910 9 711    55.0   53.0
 21 6486.378695 2.791E-30 5.694E-05.06900.089 2416.41710.73-.006062       6 0 0 01       1 1 1 01                    P 29e     466663342910 9 711    57.0   59.0
 21 6486.397623 1.622E-30 2.325E-08.07090.095  882.97140.72-.006549       2 3 3 11       0 1 1 01                    Q 23e     566663342910 9 711    47.0   47.0
 21 6486.423252 1.231E-28 2.512E-03.06470.071 2546.03630.73-.008247       4 0 0 11       1 0 0 01                    P 54e     465553342910 9 711   107.0  109.0
 21 6486.457946 1.162E-29 3.052E-04.06270.069 2619.80750.72-.010129       2 1 1 23       1 0 0 02                    R 58e     465553342910 9 711   119.0  117.0
 21 6486.517875 1.323E-30 1.747E-08.07170.096  847.82630.71-.006397       2 3 3 11       0 1 1 01                    Q 21e     566663342910 9 711    43.0   43.0
 21 6486.534527 3.783E-30 1.144E-06.07700.104 1396.22820.68-.004355       4 3 3 01       0 2 2 01                    R 12e     436663343010 9 711    27.0   25.0
 21 6486.548535 1.651E-28 3.510E-05.06600.075 1586.85820.74-.009263       1 2 2 22       0 1 1 01                    Q 48f     566563342910 9 711    97.0   97.0
 21 6486.556968 9.944E-28 2.864E-05.06810.085 1105.50660.74-.008225       2 0 0 23       0 1 1 01                    R 33e     566663342910 9 711    69.0   67.0
 21 6486.582115 4.320E-29 4.561E-05.06790.084 1852.34660.74-.006296       5 1 1 01       1 0 0 01                    R 34e     466663342910 9 711    71.0   69.0
 21 6486.615513 1.227E-29 4.698E-05.06040.068 2240.23760.71-.007925       4 2 2 01       0 1 1 01                    R 63e     465553342910 9 711   129.0  127.0
 21 6486.627392 1.044E-30 1.301E-08.07260.098  815.80320.70-.006238       2 3 3 11       0 1 1 01                    Q 19e     566663342910 9 711    39.0   39.0
 21 6486.627636 8.602E-29 3.020E-05.06560.073 1702.40320.74-.009450       1 2 2 22       0 1 1 01                    Q 51e     465553342910 9 711   103.0  103.0
 21 6486.631562 1.683E-24 8.868E-04.07220.097  163.86840.71-.006601       3 0 0 11       0 0 0 01                    P 20e     686663344510 9 711    39.0   41.0
 21 6486.647756 1.260E-27 1.153E-03.06380.070 1914.87870.73-.008337       3 1 1 11       0 1 1 01                    P 56f     465553342910 9 711   111.0  113.0
 21 6486.655120 1.267E-29 3.160E-05.06650.077 2075.67110.74-.009092       1 3 3 22       0 2 2 01                    R 43f     466563342910 9 711    89.0   87.0
 21 6486.688802 1.808E-30 1.306E-04.06680.080 2748.76860.75-.008701       3 0 0 22       1 1 1 01                    P 41e     466563342910 9 711    81.0   83.0
 21 6486.752154 9.252E-28 1.207E-05.07550.103  749.53740.68-.007085       1 2 2 22       0 1 1 01                    P 14f     566663342910 9 711    27.0   29.0
 21 6486.891932 1.237E-29 1.196E-05.06770.084 1828.41260.74-.006300       5 1 1 01       0 2 2 01                    P 35f     466663342910 9 711    69.0   71.0
 21 6486.894059 1.050E-28 9.941E-04.08200.112 1954.35140.68-.005678       4 1 1 12       1 1 1 02                    P  7e     566663342910 9 711    13.0   15.0
 21 6486.936791 8.405E-30 3.351E-04.06170.069 2712.47950.71-.010253       2 1 1 23       1 0 0 02                    R 60e     465553342910 9 711   123.0  121.0
 21 6486.990575 1.099E-29 3.169E-05.06640.077 2110.09010.74-.009168       1 3 3 22       0 2 2 01                    R 44e     466563342910 9 711    91.0   89.0
 21 6487.006366 2.334E-27 1.197E-03.06500.072 1784.28080.73-.008202       3 1 1 11       0 1 1 01                    P 53e     465553342910 9 711   105.0  107.0
 21 6487.176934 1.177E-30 8.929E-04.06690.080 3227.42970.75-.007595       4 2 2 12       1 2 2 02                    P 40e     466663342910 9 711    79.0   81.0
 21 6487.293836 3.175E-28 1.788E-05.06700.080 1276.44760.75-.006583       5 0 0 01       0 1 1 01                    R 39e     466663342910 9 711    81.0   79.0
 21 6487.313416 4.065E-28 1.793E-07.07420.100  106.12970.70-.005667       2 2 2 11       0 0 0 01                    R 16e     566663342910 9 711    35.0   33.0
 21 6487.316770 9.461E-30 3.168E-05.06630.076 2145.29050.74-.009242       1 3 3 22       0 2 2 01                    R 45f     466563342910 9 711    93.0   91.0
 21 6487.320894 4.650E-30 1.376E-06.07620.103 1406.41030.68-.004473       4 3 3 01       0 2 2 01                    R 13f     436663343010 9 711    29.0   27.0
 21 6487.342479 8.256E-28 2.921E-05.06770.084 1159.37030.74-.008399       2 0 0 23       0 1 1 01                    R 35e     566663342910 9 711    73.0   71.0
 21 6487.436834 6.057E-30 3.726E-04.06080.068 2808.24800.71-.010374       2 1 1 23       1 0 0 02                    R 62e     465553343010 9 711   127.0  125.0
 21 6487.492405 1.250E-28 3.114E-05.06590.074 1623.63350.74-.009326       1 2 2 22       0 1 1 01                    Q 49e     466563342910 9 711    99.0   99.0
 21 6487.498547 2.277E-28 3.521E-05.06620.076 1512.63650.74-.009135       1 2 2 22       0 1 1 01                    Q 46f     566563342910 9 711    93.0   93.0
 21 6487.541603 3.001E-29 1.998E-05.06930.090 1704.94190.73-.007995       2 1 1 22       1 0 0 01                    P 28e     466663342910 9 711    55.0   57.0
 21 6487.631962 8.143E-30 3.179E-05.06620.075 2181.26900.74-.009316       1 3 3 22       0 2 2 01                    R 46e     466563342910 9 711    95.0   93.0
 21 6487.682245 1.403E-29 8.472E-06.06880.088 1699.26250.74-.006101       5 1 1 01       0 2 2 01                    P 30e     466663342910 9 711    59.0   61.0
 21 6487.733777 9.220E-29 1.005E-03.08340.114 1948.92090.68-.005557       4 1 1 12       1 1 1 02                    P  6f     566663342910 9 711    11.0   13.0
 21 6487.737800 5.308E-30 1.679E-03.06930.089 2987.37880.73-.006812       5 0 0 12       2 0 0 02                    R 28e     466663342910 9 711    59.0   57.0
 21 6487.780681 4.621E-29 2.694E-05.06990.092 1662.04020.73-.006950       3 2 2 11       1 0 0 01                    P 26e     566663342910 9 711    51.0   53.0
 21 6487.782245 8.868E-28 1.184E-05.07620.104  738.47170.68-.007005       1 2 2 22       0 1 1 01                    P 13e     566663342910 9 711    25.0   27.0
 21 6487.882242 3.227E-30 5.706E-05.06960.091 2371.93370.73-.005982       6 0 0 01       1 1 1 01                    P 27e     466663342910 9 711    53.0   55.0
 21 6487.937576 6.947E-30 3.177E-05.06620.075 2218.02950.74-.009389       1 3 3 22       0 2 2 01                    R 47f     466563342910 9 711    97.0   95.0
 21 6487.971563 4.048E-30 3.904E-04.06010.067 2907.11140.70-.009203       4 0 0 12       1 0 0 02                    R 64e     465553343010 9 711   131.0  129.0
 21 6488.029491 4.934E-30 2.401E-05.06010.067 2292.64530.70-.007970       4 2 2 01       0 1 1 01                    R 64f     465553342910 9 711   131.0  129.0
 21 6488.084603 6.627E-28 2.933E-05.06730.082 1216.35090.75-.008567       2 0 0 23       0 1 1 01                    R 37e     566663342910 9 711    77.0   75.0
 21 6488.107226 5.584E-30 1.631E-06.07550.102 1417.37550.69-.004586       4 3 3 01       0 2 2 01                    R 14e     436663343010 9 711    31.0   29.0
 21 6488.107336 3.890E-29 5.090E-05.06750.083 1907.71230.74-.006433       5 1 1 01       1 0 0 01                    R 36e     466663342910 9 711    75.0   73.0
 21 6488.157712 8.471E-30 5.129E-05.05980.067 2340.73210.70-.008015       4 2 2 01       0 1 1 01                    R 65e     465553342910 9 711   133.0  131.0
 21 6488.232532 5.931E-30 3.189E-05.06600.074 2255.56680.74-.009461       1 3 3 22       0 2 2 01                    R 48e     466563342910 9 711    99.0   97.0
 21 6488.242568 1.806E-28 2.554E-03.06530.072 2462.67570.74-.008156       4 0 0 11       1 0 0 01                    P 52e     465553342910 9 711   103.0  105.0
 21 6488.264332 1.345E-29 1.062E-05.06810.086 1774.40790.74-.006221       5 1 1 01       0 2 2 01                    P 33f     466663342910 9 711    65.0   67.0
 21 6488.296361 4.062E-28 3.401E-06.06600.075  917.05730.74-.009136       1 1 1 22       0 0 0 01                    P 48e     566563342910 9 711    95.0   97.0
 21 6488.345371 1.759E-28 3.163E-05.06620.075 1547.97310.74-.009199       1 2 2 22       0 1 1 01                    Q 47e     566563342910 9 711    95.0   95.0
 21 6488.354243 1.768E-24 8.956E-04.07310.099  133.43930.70-.006493       3 0 0 11       0 0 0 01                    P 18e     686663344510 9 711    35.0   37.0
 21 6488.418806 3.071E-28 3.513E-05.06640.077 1441.53070.74-.009004       1 2 2 22       0 1 1 01                    Q 44f     566563342910 9 711    89.0   89.0
 21 6488.517413 5.016E-30 3.185E-05.06590.074 2293.88690.74-.009532       1 3 3 22       0 2 2 01                    R 49f     466563342910 9 711   101.0   99.0
 21 6488.543150 7.752E-29 1.010E-03.08490.116 1944.19240.69-.005417       4 1 1 12       1 1 1 02                    P  5e     566663342910 9 711     9.0   11.0
 21 6488.548864 2.589E-30 3.978E-04.05950.067 3009.06770.70-.009305       4 0 0 12       1 0 0 02                    R 66e     465553343010 9 711   135.0  133.0
 21 6488.577159 8.520E-28 1.178E-05.07700.105  728.41230.68-.006921       1 2 2 22       0 1 1 01                    P 12f     566663342910 9 711    23.0   25.0
 21 6488.606583 1.879E-27 1.171E-03.06470.071 1828.20620.73-.008247       3 1 1 11       0 1 1 01                    P 54f     465553342910 9 711   107.0  109.0
 21 6488.755611 6.045E-28 2.734E-07.07310.098  133.43930.70-.005890       2 2 2 11       0 0 0 01                    R 18e     566663342910 9 711    39.0   37.0
 21 6488.789338 4.945E-28 2.786E-05.06700.080 1276.44760.75-.008731       2 0 0 23       0 1 1 01                    R 39e     466663342910 9 711    81.0   79.0
 21 6488.792182 4.249E-30 3.200E-05.06580.073 2332.98210.74-.009602       1 3 3 22       0 2 2 01                    R 50e     466553342910 9 711   103.0  101.0
 21 6488.842816 1.092E-30 9.049E-05.06080.068 2862.86350.71-.009813       2 1 1 22       0 2 2 01                    P 62e     465553342910 9 711   123.0  125.0
 21 6488.893812 6.562E-30 1.906E-06.07480.101 1429.12360.69-.004695       4 3 3 01       0 2 2 01                    R 15f     436663343010 9 711    33.0   31.0
 21 6488.993263 4.522E-28 3.302E-05.06680.079 1339.65920.75-.006708       5 0 0 01       0 1 1 01                    R 41e     436563342910 9 711    85.0   83.0
 21 6489.056150 3.561E-30 3.194E-05.06560.072 2372.86140.74-.009671       1 3 3 22       0 2 2 01                    R 51f     465553342910 9 711   105.0  103.0
 21 6489.093338 4.516E-30 1.673E-03.06880.088 3033.31960.74-.006982       5 0 0 12       2 0 0 02                    R 30e     466663342910 9 711    63.0   61.0
 21 6489.146143 3.385E-27 1.213E-03.06560.073 1702.40320.74-.008111       3 1 1 11       0 1 1 01                    P 51e     465553342910 9 711   101.0  103.0
 21 6489.168914 1.588E-30 3.950E-04.05910.066 3114.11500.69-.009404       4 0 0 12       1 0 0 02                    R 68e     465553343010 9 711   139.0  137.0
 21 6489.176319 2.415E-28 3.187E-05.06630.077 1475.42300.74-.009070       1 2 2 22       0 1 1 01                    Q 45e     566563342910 9 711    91.0   91.0
 21 6489.305217 4.060E-28 3.496E-05.06660.079 1373.54200.75-.008871       1 2 2 22       0 1 1 01                    Q 42f     566563342910 9 711    85.0   85.0
 21 6489.305513 1.477E-30 8.743E-04.06720.082 3165.57240.75-.007498       4 2 2 12       1 2 2 02                    P 38e     466663342910 9 711    75.0   77.0
 21 6489.310807 2.993E-30 3.210E-05.06530.072 2413.51370.73-.009739       1 3 3 22       0 2 2 01                    R 52e     465553342910 9 711   107.0  105.0
 21 6489.350646 2.134E-30 1.194E-04.06700.081 2685.58900.75-.008589       3 0 0 22       1 1 1 01                    P 39e     466663342910 9 711    77.0   79.0
 21 6489.357454 6.196E-29 1.018E-03.08660.118 1940.30390.69-.005249       4 1 1 12       1 1 1 02                    P  4f     566663342910 9 711     7.0    9.0
 21 6489.368156 3.378E-30 5.286E-05.07020.093 2330.56900.72-.005902       6 0 0 01       1 1 1 01                    P 25e     466663342910 9 711    49.0   51.0
 21 6489.440228 1.431E-29 7.409E-06.06930.090 1653.07420.73-.006022       5 1 1 01       0 2 2 01                    P 28e     466663342910 9 711    55.0   57.0
 21 6489.499581 4.911E-29 2.864E-05.06990.092 1662.04020.73-.007875       2 1 1 22       1 0 0 01                    P 26e     566663342910 9 711    51.0   53.0
 21 6489.524701 2.025E-28 1.479E-05.06680.079 1339.65920.75-.008889       2 0 0 23       0 1 1 01                    R 41e     466563342910 9 711    85.0   83.0
 21 6489.553650 2.487E-30 3.203E-05.06500.071 2454.95170.73-.009806       1 3 3 22       0 2 2 01                    R 53f     465553342910 9 711   109.0  107.0
 21 6489.555519 7.952E-28 1.150E-05.07780.107  718.94190.68-.006831       1 2 2 22       0 1 1 01                    P 11e     566663342910 9 711    21.0   23.0
 21 6489.632587 3.422E-29 5.652E-05.06720.081 1966.19230.75-.006565       5 1 1 01       1 0 0 01                    R 38e     466663342910 9 711    79.0   77.0
 21 6489.632774 3.263E-29 1.702E-05.07060.094 1622.25620.72-.006848       3 2 2 11       1 0 0 01                    P 24e     566663342910 9 711    47.0   49.0
 21 6489.650908 1.425E-29 9.370E-06.06850.088 1723.52920.74-.006141       5 1 1 01       0 2 2 01                    P 31f     466663342910 9 711    61.0   63.0
 21 6489.680181 7.581E-30 2.207E-06.07420.100 1441.65470.70-.004800       4 3 3 01       0 2 2 01                    R 16e     436663343010 9 711    35.0   33.0
 21 6489.687976 5.767E-30 5.612E-05.05930.066 2444.32390.69-.008102       4 2 2 01       0 1 1 01                    R 67e     465553342910 9 711   137.0  135.0
 21 6489.758297 1.442E-30 6.081E-04.06770.084 3078.62740.74-.008361       3 1 1 23       1 2 2 02                    P 35f     466663342910 9 711    69.0   71.0
 21 6489.782906 3.280E-30 2.547E-05.05950.067 2394.84830.70-.008059       4 2 2 01       0 1 1 01                    R 66f     465553342910 9 711   135.0  133.0
 21 6489.788300 2.074E-30 3.220E-05.06470.071 2497.16010.73-.009872       1 3 3 22       0 2 2 01                    R 54e     465553342910 9 711   111.0  109.0
 21 6489.941062 4.692E-28 4.518E-05.06650.077 1405.98470.74-.009044       2 0 0 23       0 1 1 01                    R 43e     466563342910 9 711    89.0   87.0
 21 6489.979492 3.246E-28 3.197E-05.06650.078 1405.98470.75-.008938       1 2 2 22       0 1 1 01                    Q 43e     566563342910 9 711    87.0   87.0
 21 6490.009771 1.708E-30 3.211E-05.06420.070 2540.15640.73-.009938       1 3 3 22       0 2 2 01                    R 55f     465553342910 9 711   113.0  111.0
 21 6490.058300 2.605E-28 2.597E-03.06580.074 2382.42160.74-.008065       4 0 0 11       1 0 0 01                    P 50e     466553342910 9 711    99.0  101.0
 21 6490.060084 1.805E-24 9.045E-04.07420.101  106.12970.69-.006379       3 0 0 11       0 0 0 01                    P 16e     686663344510 9 711    31.0   33.0
 21 6490.155281 5.265E-28 3.471E-05.06690.080 1308.67160.75-.008735       1 2 2 22       0 1 1 01                    Q 40f     566663342910 9 711    81.0   81.0
 21 6490.160976 4.471E-29 1.013E-03.08850.120 1937.15910.70-.005032       4 1 1 12       1 1 1 02                    P  3e     566663342910 9 711     5.0    7.0
 21 6490.184672 8.412E-28 4.003E-07.07220.096  163.86840.71-.006102       2 2 2 11       0 0 0 01                    R 20e     566663342910 9 711    43.0   41.0
 21 6490.224556 1.413E-30 3.229E-05.06380.070 2583.91980.72-.010002       1 3 3 22       0 2 2 01                    R 56e     465553342910 9 711   115.0  113.0
 21 6490.360614 7.376E-28 1.132E-05.07870.108  710.41630.68-.006734       1 2 2 22       0 1 1 01                    P 10f     566663342910 9 711    19.0   21.0
 21 6490.424365 1.154E-30 3.219E-05.06320.070 2628.47400.72-.010066       1 3 3 22       0 2 2 01                    R 57f     465553342910 9 711   117.0  115.0
 21 6490.437972 3.766E-30 1.666E-03.06830.086 3082.37080.74-.007146       5 0 0 12       2 0 0 02                    R 32e     466663342910 9 711    67.0   65.0
 21 6490.466928 9.196E-30 2.703E-06.07370.099 1454.96860.70-.004901       4 3 3 01       0 2 2 01                    R 17f     466663342910 9 711    37.0   35.0
 21 6490.518405 3.263E-28 4.215E-05.06630.076 1475.42300.74-.009194       2 0 0 23       0 1 1 01                    R 45e     466563342910 9 711    93.0   91.0
 21 6490.555071 2.755E-27 1.189E-03.06530.072 1744.64440.74-.008156       3 1 1 11       0 1 1 01                    P 52f     565553342910 9 711   103.0  105.0
 21 6490.751527 4.279E-28 3.201E-05.06680.080 1339.65920.75-.008803       1 2 2 22       0 1 1 01                    Q 41e     566563342910 9 711    83.0   83.0
 21 6490.849940 3.298E-30 4.669E-05.07090.095 2292.32370.72-.005821       6 0 0 01       1 1 1 01                    P 23e     466663342910 9 711    45.0   47.0
 21 6490.866465 6.206E-28 3.789E-06.06620.076  843.03010.74-.009027       1 1 1 22       0 0 0 01                    P 46e     566563342910 9 711    91.0   93.0
 21 6490.897556 1.227E-30 6.460E-04.06730.083 3135.79150.74-.007450       4 2 2 12       1 2 2 02                    P 37f     466663342910 9 711    73.0   75.0
 21 6490.955870 2.550E-29 9.526E-04.09050.123 1934.82030.69-.004701       4 1 1 12       1 1 1 02                    P  2f     566663342910 9 711     3.0    5.0
 21 6490.967408 6.704E-28 3.445E-05.06720.082 1246.92050.75-.008596       1 2 2 22       0 1 1 01                    Q 38f     566663342910 9 711    77.0   77.0
 21 6490.986266 4.614E-29 4.444E-06.06650.077 1405.98470.74-.006829       5 0 0 01       0 1 1 01                    R 43e     466563343010 9 711    89.0   87.0
 21 6491.027417 2.388E-28 4.208E-05.06620.075 1547.97310.74-.009340       2 0 0 23       0 1 1 01                    R 47e     566563342910 9 711    97.0   95.0
 21 6491.051214 1.468E-29 8.194E-06.06900.089 1675.77720.73-.006062       5 1 1 01       0 2 2 01                    P 29f     466663342910 9 711    57.0   59.0
 21 6491.158336 2.942E-29 6.242E-05.06690.080 2027.78570.75-.006693       5 1 1 01       1 0 0 01                    R 40e     466663342910 9 711    83.0   81.0
 21 6491.186376 1.414E-29 6.408E-06.06990.092 1610.01380.73-.005942       5 1 1 01       0 2 2 01                    P 26e     466663342910 9 711    51.0   53.0
 21 6491.205746 3.918E-30 6.225E-05.05890.066 2551.01130.69-.008188       4 2 2 01       0 1 1 01                    R 69e     465553342910 9 711   141.0  139.0
 21 6491.208818 1.316E-30 7.416E-06.07420.101 2038.99840.69-.005946       4 1 1 12       1 1 1 02                    Q 16f     566663342910 9 711    33.0   33.0
 21 6491.253171 1.027E-29 3.068E-06.07310.098 1469.06550.70-.005000       4 3 3 01       0 2 2 01                    R 18e     466663342910 9 711    39.0   37.0
 21 6491.267042 4.824E-27 1.228E-03.06590.074 1623.63350.74-.008019       3 1 1 11       0 1 1 01                    P 49e     566563342910 9 711    97.0   99.0
 21 6491.292237 6.625E-28 1.094E-05.07970.109  702.53630.68-.006629       1 2 2 22       0 1 1 01                    P  9e     566663342910 9 711    17.0   19.0
 21 6491.414234 2.179E-29 1.040E-05.07130.095 1585.59040.71-.006745       3 2 2 11       1 0 0 01                    P 22e     566663342910 9 711    43.0   45.0
 21 6491.416162 1.799E-30 8.461E-04.06750.084 3106.84060.74-.007401       4 2 2 12       1 2 2 02                    P 36e     466663342910 9 711    71.0   73.0
 21 6491.483611 1.751E-28 4.282E-05.06590.074 1623.63350.74-.009482       2 0 0 23       0 1 1 01                    R 49e     566563342910 9 711   101.0   99.0
 21 6491.490380 5.535E-28 3.201E-05.06700.081 1276.44760.75-.008665       1 2 2 22       0 1 1 01                    Q 39e     566663342910 9 711    79.0   79.0
 21 6491.495552 6.647E-29 3.469E-05.07060.094 1622.25620.72-.007754       2 1 1 22       1 0 0 01                    P 24e     566663342910 9 711    47.0   49.0
 21 6491.509019 1.664E-30 9.484E-06.07550.103 2014.71830.68-.005761       4 1 1 12       1 1 1 02                    Q 14f     566663342910 9 711    29.0   29.0
 21 6491.547028 2.143E-30 2.698E-05.05910.066 2500.15240.69-.008145       4 2 2 01       0 1 1 01                    R 68f     465553342910 9 711   139.0  137.0
 21 6491.600520 1.105E-27 5.665E-07.07130.095  197.41660.72-.006302       2 2 2 11       0 0 0 01                    R 22e     566663342910 9 711    47.0   45.0
 21 6491.740551 8.382E-28 3.417E-05.06750.084 1188.28970.74-.008454       1 2 2 22       0 1 1 01                    Q 36f     566663342910 9 711    73.0   73.0
 21 6491.748871 1.786E-24 9.140E-04.07550.103   81.94010.68-.006257       3 0 0 11       0 0 0 01                    P 14e     686663344510 9 711    27.0   29.0
 21 6491.770828 2.117E-30 1.263E-05.07700.105 1993.57010.68-.005559       4 1 1 12       1 1 1 02                    Q 12f     566663342910 9 711    25.0   25.0
 21 6491.772200 3.081E-30 1.658E-03.06790.084 3134.53170.74-.007305       5 0 0 12       2 0 0 02                    R 34e     466663342910 9 711    71.0   69.0
 21 6491.869717 3.692E-28 2.637E-03.06600.075 2305.27510.74-.007973       4 0 0 11       1 0 0 01                    P 48e     466563342910 9 711    95.0   97.0
 21 6491.889402 1.273E-28 4.391E-05.06560.072 1702.40320.74-.009620       2 0 0 23       0 1 1 01                    R 51e     565553342910 9 711   105.0  103.0
 21 6491.960227 2.471E-30 1.089E-04.06730.083 2625.52330.74-.008475       3 0 0 22       1 1 1 01                    P 37e     466663342910 9 711    73.0   75.0
 21 6491.994104 2.727E-30 1.774E-05.07870.108 1975.55420.68-.005332       4 1 1 12       1 1 1 02                    Q 10f     566663342910 9 711    21.0   21.0
 21 6491.998133 1.261E-30 7.111E-06.07480.102 2026.24040.69-.005855       4 1 1 12       1 1 1 02                    Q 15e     566663342910 9 711    31.0   31.0
 21 6492.040035 1.131E-29 3.455E-06.07260.097 1483.94500.71-.005095       4 3 3 01       0 2 2 01                    R 19f     466663342910 9 711    41.0   39.0
 21 6492.089569 1.980E-30 6.821E-04.06810.086 3024.58950.74-.007255       4 2 2 12       1 2 2 02                    P 33f     466663342910 9 711    65.0   67.0
 21 6492.102503 5.836E-28 1.056E-05.08080.111  695.54960.68-.006514       1 2 2 22       0 1 1 01                    P  8f     566663342910 9 711    15.0   17.0
 21 6492.125863 1.662E-30 9.639E-06.07620.104 2003.58080.68-.005663       4 1 1 12       1 1 1 02                    Q 13e     566663342910 9 711    27.0   27.0
 21 6492.178724 3.598E-30 2.690E-05.08080.111 1960.67110.68-.005070       4 1 1 12       1 1 1 02                    Q  8f     566663342910 9 711    17.0   17.0
 21 6492.194768 7.028E-28 3.197E-05.06730.083 1216.35090.74-.008525       1 2 2 22       0 1 1 01                    Q 37e     566663342910 9 711    75.0   75.0
 21 6492.227315 1.715E-30 9.217E-05.06170.069 2766.77310.72-.009713       2 1 1 22       0 2 2 01                    P 60e     465553342910 9 711   119.0  121.0
 21 6492.236258 2.198E-30 1.361E-05.07780.107 1984.04590.68-.005449       4 1 1 12       1 1 1 02                    Q 11e     566663342910 9 711    23.0   23.0
 21 6492.245263 9.133E-29 4.519E-05.06500.071 1784.28080.73-.009755       2 0 0 23       0 1 1 01                    R 53e     565553342910 9 711   109.0  107.0
 21 6492.317962 1.472E-30 4.615E-04.06830.087 2998.75730.74-.008188       3 1 1 23       1 2 2 02                    P 32e     466663342910 9 711    63.0   65.0
 21 6492.324589 4.964E-30 4.585E-05.08340.114 1948.92090.68-.004758       4 1 1 12       1 1 1 02                    Q  6f     566663342910 9 711    13.0   13.0
 21 6492.329194 2.941E-30 2.036E-05.07970.109 1967.63600.68-.005206       4 1 1 12       1 1 1 02                    Q  9e     566663342910 9 711    19.0   19.0
 21 6492.335433 3.047E-30 3.993E-05.07170.096 2257.19830.71-.005740       6 0 0 01       1 1 1 01                    P 21e     466663342910 9 711    41.0   43.0
 21 6492.404563 4.043E-30 3.323E-05.08200.112 1954.35140.68-.004922       4 1 1 12       1 1 1 02                    Q  7e     566663342910 9 711    15.0   15.0
 21 6492.419723 1.222E-30 1.130E-03.05840.066 3389.88260.68-.009013       3 2 2 11       0 2 2 01                    P 72e     465553342910 9 711   143.0  145.0
 21 6492.431619 7.492E-30 9.585E-05.08660.118 1940.30390.69-.004375       4 1 1 12       1 1 1 02                    Q  4f     566663342910 9 711     9.0    9.0
 21 6492.462280 5.885E-30 6.278E-05.08490.116 1944.19240.69-.004577       4 1 1 12       1 1 1 02                    Q  5e     566663342910 9 711    11.0   11.0
 21 6492.464822 1.467E-29 7.092E-06.06960.091 1631.15270.73-.005982       5 1 1 01       0 2 2 01                    P 27f     466663342910 9 711    53.0   55.0
 21 6492.473997 1.029E-27 3.390E-05.06790.085 1132.78030.74-.008309       1 2 2 22       0 1 1 01                    Q 34f     566663342910 9 711    69.0   69.0
 21 6492.492772 3.969E-27 1.206E-03.06580.074 1664.19460.74-.008065       3 1 1 11       0 1 1 01                    P 50f     566553342910 9 711    99.0  101.0
 21 6492.499757 1.421E-29 3.186E-04.09050.123 1934.82030.69-.003886       4 1 1 12       1 1 1 02                    Q  2f     566663342910 9 711     5.0    5.0
 21 6492.502280 9.768E-30 1.582E-04.08850.120 1937.15910.70-.004146       4 1 1 12       1 1 1 02                    Q  3e     566663342910 9 711     7.0    7.0
 21 6492.524517 2.572E-29 9.539E-04.09500.127 1933.25170.69-.003589       4 1 1 12       1 1 1 02                    Q  1e     566663342910 9 711     3.0    3.0
 21 6492.551139 6.459E-29 4.660E-05.06420.070 1869.26490.73-.009886       2 0 0 23       0 1 1 01                    R 55e     565553342910 9 711   113.0  111.0
 21 6492.685115 2.473E-29 6.859E-05.06660.078 2092.49160.75-.006817       5 1 1 01       1 0 0 01                    R 42e     466563342910 9 711    87.0   85.0
 21 6492.701106 3.003E-30 7.914E-05.05850.066 2660.79240.68-.008271       4 2 2 01       0 1 1 01                    R 71e     465553342910 9 711   145.0  143.0
 21 6492.793808 7.095E-29 9.171E-06.06630.076 1475.42300.74-.006947       5 0 0 01       0 1 1 01                    R 45e     466563343010 9 711    93.0   91.0
 21 6492.806782 4.499E-29 4.811E-05.06320.070 1957.35410.72-.010014       2 0 0 23       0 1 1 01                    R 57e     565553342910 9 711   117.0  115.0
 21 6492.825946 1.232E-29 3.874E-06.07220.096 1499.60730.71-.005188       4 3 3 01       0 2 2 01                    R 20e     466663342910 9 711    43.0   41.0
 21 6492.863866 8.762E-28 3.192E-05.06770.084 1159.37030.74-.008382       1 2 2 22       0 1 1 01                    Q 35e     566663342910 9 711    71.0   71.0
 21 6492.920321 1.350E-29 5.470E-06.07060.094 1570.08200.72-.005862       5 1 1 01       0 2 2 01                    P 24e     466663342910 9 711    47.0   49.0
 21 6492.987963 1.667E-30 7.401E-05.05830.065 2773.66540.67-.010930       2 0 0 23       0 1 1 01                    R 73e     465553342910 9 711   149.0  147.0
 21 6492.992355 4.921E-28 9.965E-06.08200.112  689.25530.68-.006385       1 2 2 22       0 1 1 01                    P  7e     566663342910 9 711    13.0   15.0
 21 6493.003063 1.380E-27 7.795E-07.07060.093  234.08340.72-.006494       2 2 2 11       0 0 0 01                    R 24e     566663342910 9 711    51.0   49.0
 21 6493.011858 3.085E-29 4.969E-05.06220.069 2048.54700.72-.010138       2 0 0 23       0 1 1 01                    R 59e     565553342910 9 711   121.0  119.0
 21 6493.014729 1.399E-30 5.906E-04.06770.084 3078.62740.74-.007353       4 2 2 12       1 2 2 02                    P 35f     466663342910 9 711    69.0   71.0
 21 6493.096560 2.473E-30 1.649E-03.06750.083 3189.80160.74-.007458       5 0 0 12       2 0 0 02                    R 36e     466663342910 9 711    75.0   73.0
 21 6493.147827 1.403E-29 6.277E-06.07220.097 1552.04330.71-.006639       3 2 2 11       1 0 0 01                    P 20e     566663342910 9 711    39.0   41.0
 21 6493.165991 2.081E-29 5.132E-05.06120.068 2142.84200.71-.010260       2 0 0 23       0 1 1 01                    R 61e     565553342910 9 711   125.0  123.0
 21 6493.167250 1.240E-27 3.362E-05.06830.087 1080.39310.74-.008161       1 2 2 22       0 1 1 01                    Q 32f     566663342910 9 711    65.0   65.0
 21 6493.171400 1.741E-30 4.589E-05.05850.066 2660.79240.68-.010825       2 0 0 23       0 1 1 01                    R 71e     465553342910 9 711   145.0  143.0
 21 6493.266241 3.530E-30 5.612E-05.05890.066 2551.01130.69-.010717       2 0 0 23       0 1 1 01                    R 69e     465553342910 9 711   141.0  139.0
 21 6493.268791 1.380E-29 5.294E-05.06040.068 2240.23760.71-.010378       2 0 0 23       0 1 1 01                    R 63e     565553342910 9 711   129.0  127.0
 21 6493.318959 5.733E-30 5.585E-05.05930.066 2444.32390.69-.010607       2 0 0 23       0 1 1 01                    R 67e     565553342910 9 711   137.0  135.0
 21 6493.319877 8.991E-30 5.453E-05.05980.067 2340.73210.70-.010494       2 0 0 23       0 1 1 01                    R 65e     565553342910 9 711   133.0  131.0
 21 6493.322310 1.376E-30 2.853E-05.05870.066 2608.55600.68-.008230       4 2 2 01       0 1 1 01                    R 70f     465553342910 9 711   143.0  141.0
 21 6493.368626 6.759E-27 1.243E-03.06620.075 1547.97310.74-.007926       3 1 1 11       0 1 1 01                    P 47e     566563342910 9 711    93.0   95.0
 21 6493.392557 9.247E-28 4.186E-06.06640.077  772.11070.74-.008916       1 1 1 22       0 0 0 01                    P 44e     566563342910 9 711    87.0   89.0
 21 6493.420413 1.704E-24 9.246E-04.07700.105   60.87090.68-.006122       3 0 0 11       0 0 0 01                    P 12e     686663344510 9 711    23.0   25.0
 21 6493.497130 1.072E-27 3.186E-05.06810.086 1105.50660.74-.008235       1 2 2 22       0 1 1 01                    Q 33e     566663342910 9 711    67.0   67.0
 21 6493.502281 7.854E-29 3.752E-05.07130.095 1585.59040.71-.007630       2 1 1 22       1 0 0 01                    P 22e     566663342910 9 711    43.0   45.0
 21 6493.511727 2.117E-30 8.058E-04.06790.085 3051.23520.74-.007304       4 2 2 12       1 2 2 02                    P 34e     466663342910 9 711    67.0   69.0
 21 6493.612902 1.324E-29 4.310E-06.07170.095 1516.05210.71-.005278       4 3 3 01       0 2 2 01                    R 21f     466663342910 9 711    45.0   43.0
 21 6493.676106 5.141E-28 2.677E-03.06620.076 2231.23730.74-.007879       4 0 0 11       1 0 0 01                    P 46e     566563342910 9 711    91.0   93.0
 21 6493.802807 3.959E-28 9.230E-06.08340.114  683.81240.68-.006241       1 2 2 22       0 1 1 01                    P  6f     566663342910 9 711    11.0   13.0
 21 6493.819952 1.466E-27 3.334E-05.06880.088 1031.12910.74-.008009       1 2 2 22       0 1 1 01                    Q 30f     566663342910 9 711    61.0   61.0
 21 6493.828161 2.672E-30 3.323E-05.07260.098 2225.19330.70-.005656       6 0 0 01       1 1 1 01                    P 19e     466663342910 9 711    37.0   39.0
 21 6493.891330 1.420E-29 6.072E-06.07020.093 1589.65660.72-.005902       5 1 1 01       0 2 2 01                    P 25f     466663342910 9 711    49.0   51.0
 21 6494.068404 2.580E-29 5.744E-04.09500.123 1933.25170.69-.003072       4 1 1 12       1 1 1 02                    R  1e     566663342910 9 711     5.0    3.0
 21 6494.094202 1.287E-27 3.179E-05.06850.088 1054.76070.74-.008085       1 2 2 22       0 1 1 01                    Q 31e     566663342910 9 711    63.0   63.0
 21 6494.213534 2.035E-29 7.507E-05.06640.077 2160.30910.74-.006937       5 1 1 01       1 0 0 01                    R 44e     466563342910 9 711    91.0   89.0
 21 6494.220401 1.303E-30 5.787E-05.05830.065 2773.66540.67-.008352       4 2 2 01       0 1 1 01                    R 73e     465553342910 9 711   149.0  147.0
 21 6494.355104 2.652E-30 7.607E-04.06850.088 2973.67900.74-.007157       4 2 2 12       1 2 2 02                    P 31f     466663342910 9 711    61.0   63.0
 21 6494.392206 1.646E-27 1.047E-06.06990.091  273.86800.73-.006678       2 2 2 11       0 0 0 01                    R 26e     566663342910 9 711    55.0   53.0
 21 6494.398223 1.413E-29 4.790E-06.07130.095 1533.27970.72-.005367       4 3 3 01       0 2 2 01                    R 22e     466663342910 9 711    47.0   45.0
 21 6494.411626 1.949E-30 1.639E-03.06720.081 3248.17940.75-.007607       5 0 0 12       2 0 0 02                    R 38e     466663342910 9 711    79.0   77.0
 21 6494.419252 5.622E-27 1.223E-03.06600.075 1586.85820.74-.007973       3 1 1 11       0 1 1 01                    P 48f     566563342910 9 711    95.0   97.0
 21 6494.423922 1.542E-30 1.028E-04.06120.069 2814.44200.71-.009763       2 1 1 22       0 2 2 01                    P 61f     435553343010 9 711   121.0  123.0
 21 6494.431842 1.701E-27 3.309E-05.06930.090  984.98900.73-.007853       1 2 2 22       0 1 1 01                    Q 28f     566663342910 9 711    57.0   57.0
 21 6494.516635 2.800E-30 9.911E-05.06770.084 2568.57240.74-.008361       3 0 0 22       1 1 1 01                    P 35e     466663342910 9 711    69.0   71.0
 21 6494.641730 1.241E-29 4.599E-06.07130.095 1533.27970.71-.005781       5 1 1 01       0 2 2 01                    P 22e     466663342910 9 711    43.0   45.0
 21 6494.646126 6.771E-29 1.195E-05.06620.075 1547.97310.74-.007062       5 0 0 01       0 1 1 01                    R 47e     436563342910 9 711    97.0   95.0
 21 6494.654844 1.516E-27 3.173E-05.06900.089 1007.13350.73-.007932       1 2 2 22       0 1 1 01                    Q 29e     566663342910 9 711    59.0   59.0
 21 6494.655835 2.925E-28 8.148E-06.08490.116  679.09900.69-.006075       1 2 2 22       0 1 1 01                    P  5e     566663342910 9 711     9.0   11.0
 21 6494.755359 2.067E-30 5.448E-04.06880.088 2949.40770.74-.008071       3 1 1 23       1 2 2 02                    P 30e     466663342910 9 711    59.0   61.0
 21 6494.756813 2.089E-30 1.156E-03.05870.066 3278.27600.69-.008933       3 2 2 11       0 2 2 01                    P 70e     465553342910 9 711   139.0  141.0
 21 6494.841061 4.547E-29 7.288E-04.09050.120 1934.82030.70-.003261       4 1 1 12       1 1 1 02                    R  2f     566663342910 9 711     7.0    5.0
 21 6494.848146 8.697E-30 3.741E-06.07310.099 1521.61540.70-.006530       3 2 2 11       1 0 0 01                    P 18e     566663342910 9 711    35.0   37.0
 21 6495.002727 1.934E-27 3.283E-05.06990.092  941.97360.73-.007694       1 2 2 22       0 1 1 01                    Q 26f     566663342910 9 711    53.0   53.0
 21 6495.074543 1.556E-24 9.372E-04.07870.108   42.92250.68-.005968       3 0 0 11       0 0 0 01                    P 10e     686663344510 9 711    19.0   21.0
 21 6495.122128 1.530E-30 5.276E-04.06810.086 3024.58950.74-.008246       3 1 1 23       1 2 2 02                    P 33f     466663342910 9 711    65.0   67.0
 21 6495.156224 1.641E-30 1.172E-03.05850.066 3333.72750.68-.008973       3 2 2 11       0 2 2 01                    P 71f     465553342910 9 711   141.0  143.0
 21 6495.178896 1.751E-27 3.167E-05.06960.091  962.62570.73-.007774       1 2 2 22       0 1 1 01                    Q 27e     566663342910 9 711    55.0   55.0
 21 6495.185277 1.486E-29 5.275E-06.07090.094 1551.28950.72-.005453       4 3 3 01       0 2 2 01                    R 23f     466663342910 9 711    49.0   47.0
 21 6495.329374 2.218E-30 2.688E-05.07370.100 2196.30940.70-.005570       6 0 0 01       1 1 1 01                    P 17e     466663342910 9 711    33.0   35.0
 21 6495.330356 1.326E-29 5.126E-06.07090.095 1551.28950.72-.005821       5 1 1 01       0 2 2 01                    P 23f     466663342910 9 711    45.0   47.0
 21 6495.450480 9.307E-27 1.258E-03.06630.077 1475.42300.74-.007832       3 1 1 11       0 1 1 01                    P 45e     566563342910 9 711    89.0   91.0
 21 6495.461510 1.875E-28 6.591E-06.08660.118  675.20500.69-.005878       1 2 2 22       0 1 1 01                    P  4f     566663342910 9 711     7.0    9.0
 21 6495.476783 7.035E-28 2.715E-03.06640.077 2160.30910.74-.007785       4 0 0 11       1 0 0 01                    P 44e     566563342910 9 711    87.0   89.0
 21 6495.497176 8.468E-29 3.791E-05.07220.097 1552.04330.71-.007503       2 1 1 22       1 0 0 01                    P 20e     566663342910 9 711    39.0   41.0
 21 6495.532457 2.154E-27 3.259E-05.07060.094  902.08370.72-.007529       1 2 2 22       0 1 1 01                    Q 24f     566663342910 9 711    49.0   49.0
 21 6495.552605 2.665E-30 9.442E-05.06270.070 2673.79130.72-.009612       2 1 1 22       0 2 2 01                    P 58e     465553342910 9 711   115.0  117.0
 21 6495.576445 6.343E-29 8.000E-04.08850.118 1937.15910.69-.003500       4 1 1 12       1 1 1 02                    R  3e     566663342910 9 711     9.0    7.0
 21 6495.595820 2.392E-30 7.507E-04.06830.087 2998.75730.74-.007206       4 2 2 12       1 2 2 02                    P 32e     466663342910 9 711    63.0   65.0
 21 6495.666258 1.981E-27 3.161E-05.07020.093  921.23810.72-.007612       1 2 2 22       0 1 1 01                    Q 25e     566663342910 9 711    51.0   51.0
 21 6495.718016 1.508E-30 1.628E-03.06690.080 3309.66420.75-.007752       5 0 0 12       2 0 0 02                    R 40e     466663342910 9 711    83.0   81.0
 21 6495.744285 1.640E-29 8.184E-05.06620.075 2231.23730.74-.007054       5 1 1 01       1 0 0 01                    R 46e     466563342910 9 711    95.0   93.0
 21 6495.767844 1.885E-27 1.377E-06.06930.089  316.76990.73-.006854       2 2 2 11       0 0 0 01                    R 28e     566663342910 9 711    59.0   57.0
 21 6495.874719 1.345E-27 4.594E-06.06660.079  704.30050.75-.008805       1 1 1 22       0 0 0 01                    P 42e     566563342910 9 711    83.0   85.0
 21 6495.969681 1.557E-29 5.820E-06.07060.093 1570.08200.72-.005537       4 3 3 01       0 2 2 01                    R 24e     466663342910 9 711    51.0   49.0
 21 6496.020919 2.349E-27 3.237E-05.07130.095  865.31990.71-.007359       1 2 2 22       0 1 1 01                    Q 22f     566663342910 9 711    45.0   45.0
 21 6496.116866 2.194E-27 3.154E-05.07090.095  882.97140.72-.007445       1 2 2 22       0 1 1 01                    Q 23e     566663342910 9 711    47.0   47.0
 21 6496.282642 8.492E-29 4.117E-06.08850.120  672.06760.70-.005627       1 2 2 22       0 1 1 01                    P  3e     566663342910 9 711     5.0    7.0
 21 6496.334095 7.825E-27 1.240E-03.06620.076 1512.63650.74-.007879       3 1 1 11       0 1 1 01                    P 46f     566563342910 9 711    91.0   93.0
 21 6496.350310 1.093E-29 3.793E-06.07220.097 1499.60730.71-.005698       5 1 1 01       0 2 2 01                    P 20e     466663342910 9 711    39.0   41.0
 21 6496.350750 7.972E-29 8.355E-04.08660.116 1940.30390.69-.003737       4 1 1 12       1 1 1 02                    R  4f     566663342910 9 711    11.0    9.0
 21 6496.468024 2.503E-27 3.215E-05.07220.097  831.68290.71-.007182       1 2 2 22       0 1 1 01                    Q 20f     566663342910 9 711    41.0   41.0
 21 6496.523807 5.136E-30 2.186E-06.07420.101 1494.30710.69-.006415       3 2 2 11       1 0 0 01                    P 16e     566663342910 9 711    31.0   33.0
 21 6496.528585 5.420E-29 1.327E-05.06590.074 1623.63350.74-.007173       5 0 0 01       0 1 1 01                    R 49e     466563342910 9 711   101.0   99.0
 21 6496.530682 2.375E-27 3.146E-05.07170.096  847.82630.71-.007272       1 2 2 22       0 1 1 01                    Q 21e     566663342910 9 711    43.0   43.0
 21 6496.555645 3.451E-30 8.403E-04.06900.089 2925.89670.73-.007058       4 2 2 12       1 2 2 02                    P 29f     466663342910 9 711    57.0   59.0
 21 6496.711115 1.343E-24 9.536E-04.08080.111   28.09510.68-.005785       3 0 0 11       0 0 0 01                    P  8e     686663344510 9 711    15.0   17.0
 21 6496.756886 1.607E-29 6.359E-06.07020.092 1589.65660.73-.005620       4 3 3 01       0 2 2 01                    R 25f     466663342910 9 711    53.0   51.0
 21 6496.781543 1.190E-29 4.256E-06.07170.096 1516.05210.71-.005740       5 1 1 01       0 2 2 01                    P 21f     466663342910 9 711    41.0   43.0
 21 6496.839235 1.729E-30 2.105E-05.07480.102 2170.54690.69-.005478       6 0 0 01       1 1 1 01                    P 15e     466663342910 9 711    29.0   31.0
 21 6496.873700 2.602E-27 3.193E-05.07310.099  801.17310.70-.006997       1 2 2 22       0 1 1 01                    Q 18f     566663342910 9 711    37.0   37.0
 21 6496.907688 2.511E-27 3.139E-05.07260.098  815.80320.70-.007091       1 2 2 22       0 1 1 01                    Q 19e     566663342910 9 711    39.0   39.0
 21 6497.016382 1.146E-30 1.617E-03.06660.078 3374.25500.75-.007892       5 0 0 12       2 0 0 02                    R 42e     466563342910 9 711    87.0   85.0
 21 6497.019248 3.097E-30 8.964E-05.06810.086 2514.73720.74-.008246       3 0 0 22       1 1 1 01                    P 33e     466663342910 9 711    65.0   67.0
 21 6497.053093 9.552E-29 8.634E-04.08490.114 1944.19240.68-.003960       4 1 1 12       1 1 1 02                    R  5e     566663342910 9 711    13.0   11.0
 21 6497.073167 3.510E-30 1.181E-03.05910.066 3169.76890.69-.008851       3 2 2 11       0 2 2 01                    P 68e     465553342910 9 711   135.0  137.0
 21 6497.105575 2.851E-30 6.444E-04.06930.090 2903.18730.73-.007953       3 1 1 23       1 2 2 02                    P 28e     466663342910 9 711    55.0   57.0
 21 6497.129864 2.078E-27 1.779E-06.06880.088  362.78830.74-.007025       2 2 2 11       0 0 0 01                    R 30e     566663342910 9 711    63.0   61.0
 21 6497.155585 1.360E-30 3.266E-03.06120.069 3551.59000.71-.008556       4 1 1 11       1 1 1 01                    P 61e     465553342910 9 711   121.0  123.0
 21 6497.219674 1.600E-30 4.593E-04.06850.088 2973.67900.74-.008130       3 1 1 23       1 2 2 02                    P 31f     466663342910 9 711    61.0   63.0
 21 6497.237892 2.634E-27 3.173E-05.07420.101  773.79110.69-.006800       1 2 2 22       0 1 1 01                    Q 16f     566663342910 9 711    33.0   33.0
 21 6497.247876 2.586E-27 3.131E-05.07370.100  786.90280.70-.006900       1 2 2 22       0 1 1 01                    Q 17e     566663342910 9 711    35.0   35.0
 21 6497.271087 9.456E-28 2.753E-03.06660.079 2092.49160.75-.007690       4 0 0 11       1 0 0 01                    P 42e     566563342910 9 711    83.0   85.0
 21 6497.278152 1.294E-29 8.885E-05.06600.074 2305.27510.74-.007167       5 1 1 01       1 0 0 01                    R 48e     466563342910 9 711    99.0   97.0
 21 6497.309285 2.775E-30 1.196E-03.05890.066 3223.66410.69-.008892       3 2 2 11       0 2 2 01                    P 69f     465553342910 9 711   137.0  139.0
 21 6497.465796 8.543E-29 3.678E-05.07310.099 1521.61540.70-.007372       2 1 1 22       1 0 0 01                    P 18e     566663342910 9 711    35.0   37.0
 21 6497.512214 1.259E-26 1.272E-03.06650.078 1405.98470.75-.007738       3 1 1 11       0 1 1 01                    P 43e     566563342910 9 711    85.0   87.0
 21 6497.529401 2.458E-30 1.072E-04.06220.069 2719.90300.72-.009663       2 1 1 22       0 2 2 01                    P 59f     465553342910 9 711   117.0  119.0
 21 6497.539965 1.657E-29 6.977E-06.06990.091 1610.01380.73-.005701       4 3 3 01       0 2 2 01                    R 26e     466663342910 9 711    55.0   53.0
 21 6497.551250 2.588E-27 3.121E-05.07480.102  761.12550.69-.006697       1 2 2 22       0 1 1 01                    Q 15e     566663342910 9 711    31.0   31.0
 21 6497.560553 2.587E-27 3.152E-05.07550.103  749.53740.68-.006589       1 2 2 22       0 1 1 01                    Q 14f     566663342910 9 711    29.0   29.0
 21 6497.672690 2.571E-30 6.783E-04.06880.088 2949.40770.74-.007108       4 2 2 12       1 2 2 02                    P 30e     466663342910 9 711    59.0   61.0
 21 6497.702436 1.362E-30 2.738E-05.06470.071 2546.03630.73-.009631       2 1 1 22       1 0 0 01                    Q 54e     565553342910 9 711   109.0  109.0
 21 6497.817816 2.507E-27 3.110E-05.07620.104  738.47170.68-.006476       1 2 2 22       0 1 1 01                    Q 13e     566663342910 9 711    27.0   27.0
 21 6497.835092 1.092E-28 8.756E-04.08340.112 1948.92090.68-.004165       4 1 1 12       1 1 1 02                    R  6f     566663342910 9 711    15.0   13.0
 21 6497.841647 2.453E-27 3.129E-05.07700.105  728.41230.68-.006358       1 2 2 22       0 1 1 01                    Q 12f     566663342910 9 711    25.0   25.0
 21 6498.045800 9.178E-30 3.061E-06.07310.099 1469.06550.70-.005613       5 1 1 01       0 2 2 01                    P 18e     466663342910 9 711    35.0   37.0
 21 6498.047584 2.336E-27 3.094E-05.07780.107  718.94190.68-.006232       1 2 2 22       0 1 1 01                    Q 11e     566663342910 9 711    23.0   23.0
 21 6498.081144 2.229E-27 3.102E-05.07870.108  710.41630.68-.006098       1 2 2 22       0 1 1 01                    Q 10f     566663342910 9 711    21.0   21.0
 21 6498.134505 1.201E-30 3.654E-03.06080.068 3603.56140.71-.008599       4 1 1 11       1 1 1 01                    P 62f     465553342910 9 711   123.0  125.0
 21 6498.179884 2.838E-30 1.233E-06.07550.103 1470.11880.68-.006292       3 2 2 11       1 0 0 01                    P 14e     566663342910 9 711    27.0   29.0
 21 6498.236898 1.070E-26 1.256E-03.06640.077 1441.53070.74-.007785       3 1 1 11       0 1 1 01                    P 44f     566563342910 9 711    87.0   89.0
 21 6498.240567 2.073E-27 3.069E-05.07970.109  702.53630.68-.005954       1 2 2 22       0 1 1 01                    Q  9e     566663342910 9 711    19.0   19.0
 21 6498.244562 1.021E-29 3.463E-06.07260.098 1483.94500.70-.005656       5 1 1 01       0 2 2 01                    P 19f     466663342910 9 711    37.0   39.0
 21 6498.279021 1.915E-27 3.063E-05.08080.111  695.54960.68-.005799       1 2 2 22       0 1 1 01                    Q  8f     566663342910 9 711    17.0   17.0
 21 6498.313034 1.912E-27 5.013E-06.06690.080  639.60040.75-.008692       1 1 1 22       0 0 0 01                    P 40e     566663342910 9 711    79.0   81.0
 21 6498.327432 1.681E-29 7.570E-06.06960.090 1631.15270.73-.005780       4 3 3 01       0 2 2 01                    R 27f     466663342910 9 711    57.0   55.0
 21 6498.330010 1.069E-24 9.789E-04.08340.114   16.38900.68-.005557       3 0 0 11       0 0 0 01                    P  6e     686663344510 9 711    11.0   13.0
 21 6498.357417 1.251E-30 1.583E-05.07620.104 2147.90620.68-.005378       6 0 0 01       1 1 1 01                    P 13e     466663342910 9 711    25.0   27.0
 21 6498.396774 1.721E-27 3.025E-05.08200.112  689.25530.68-.005629       1 2 2 22       0 1 1 01                    Q  7e     566663342910 9 711    15.0   15.0
 21 6498.435259 1.516E-27 2.995E-05.08340.114  683.81240.68-.005442       1 2 2 22       0 1 1 01                    Q  6f     566663342910 9 711    13.0   13.0
 21 6498.439592 4.121E-29 1.424E-05.06560.072 1702.40320.74-.007281       5 0 0 01       0 1 1 01                    R 51e     465553342910 9 711   105.0  103.0
 21 6498.478142 2.211E-27 2.260E-06.06830.086  411.92250.74-.007190       2 2 2 11       0 0 0 01                    R 32e     566663342910 9 711    67.0   65.0
 21 6498.498368 1.229E-28 8.929E-04.08200.111 1954.35140.68-.004355       4 1 1 12       1 1 1 02                    R  7e     566663342910 9 711    17.0   15.0
 21 6498.516215 1.283E-27 2.928E-05.08490.116  679.09900.69-.005235       1 2 2 22       0 1 1 01                    Q  5e     566663342910 9 711    11.0   11.0
 21 6498.549844 1.032E-27 2.824E-05.08660.118  675.20500.69-.005003       1 2 2 22       0 1 1 01                    Q  4f     566663342910 9 711     9.0    9.0
 21 6498.598900 7.538E-28 2.612E-05.08850.120  672.06760.70-.004742       1 2 2 22       0 1 1 01                    Q  3e     566663342910 9 711     7.0    7.0
 21 6498.622767 4.358E-28 2.090E-05.09050.123  669.72740.69-.004445       1 2 2 22       0 1 1 01                    Q  2f     566663342910 9 711     5.0    5.0
 21 6498.693223 4.349E-30 9.173E-04.06960.091 2881.24350.73-.006959       4 2 2 12       1 2 2 02                    P 27f     466663342910 9 711    53.0   55.0
 21 6498.805102 1.941E-30 2.702E-05.06530.072 2462.67570.74-.009511       2 1 1 22       1 0 0 01                    Q 52e     565553342910 9 711   105.0  105.0
 21 6498.816021 1.001E-29 9.616E-05.06580.073 2382.42160.74-.007278       5 1 1 01       1 0 0 01                    R 50e     466553342910 9 711   103.0  101.0
 21 6499.058387 1.248E-27 2.789E-03.06690.080 2027.78570.75-.007595       4 0 0 11       1 0 0 01                    P 40e     566663342910 9 711    79.0   81.0
 21 6499.108675 1.707E-29 8.264E-06.06930.089 1653.07420.73-.005858       4 3 3 01       0 2 2 01                    R 28e     466663342910 9 711    59.0   57.0
 21 6499.111483 2.132E-30 3.351E-03.06220.069 3457.33300.72-.008469       4 1 1 11       1 1 1 01                    P 59e     465553342910 9 711   117.0  119.0
 21 6499.269822 1.437E-30 1.629E-08.07480.101  761.12550.69-.005549       2 3 3 11       0 1 1 01                    R 15e     536663343010 9 711    33.0   31.0
 21 6499.294134 1.336E-28 8.958E-04.08080.109 1960.67110.68-.004531       4 1 1 12       1 1 1 02                    R  8f     566663342910 9 711    19.0   17.0
 21 6499.306217 1.600E-30 3.899E-04.06900.089 2925.89670.73-.008012       3 1 1 23       1 2 2 02                    P 29f     466663342910 9 711    57.0   59.0
 21 6499.365704 3.820E-30 7.557E-04.06990.092 2860.09700.73-.006909       4 2 2 12       1 2 2 02                    P 26e     466663342910 9 711    51.0   53.0
 21 6499.368441 5.800E-30 1.206E-03.05950.067 3064.36320.70-.008768       3 2 2 11       0 2 2 01                    P 66e     465553342910 9 711   131.0  133.0
 21 6499.399656 8.155E-29 3.473E-05.07420.101 1494.30710.69-.007233       2 1 1 22       1 0 0 01                    P 16e     566663342910 9 711    31.0   33.0
 21 6499.457348 4.612E-30 1.218E-03.05930.067 3116.70200.70-.008810       3 2 2 11       0 2 2 01                    P 67f     465553342910 9 711   133.0  135.0
 21 6499.467594 3.338E-30 8.052E-05.06850.088 2464.01850.74-.008130       3 0 0 22       1 1 1 01                    P 31e     466663342910 9 711    61.0   63.0
 21 6499.553454 1.674E-26 1.287E-03.06680.080 1339.65920.75-.007642       3 1 1 11       0 1 1 01                    P 41e     566563342910 9 711    81.0   83.0
 21 6499.719108 8.325E-30 2.751E-06.07370.100 1454.96860.70-.005570       5 1 1 01       0 2 2 01                    P 17f     466663342910 9 711    33.0   35.0
 21 6499.727967 7.281E-30 2.401E-06.07420.101 1441.65470.69-.005525       5 1 1 01       0 2 2 01                    P 16e     466663342910 9 711    31.0   33.0
 21 6499.746591 2.605E-30 5.893E-04.06930.090 2903.18730.73-.007009       4 2 2 12       1 2 2 02                    P 28e     466663342910 9 711    55.0   57.0
 21 6499.812549 2.276E-27 2.832E-06.06790.084  464.17170.74-.007349       2 2 2 11       0 0 0 01                    R 34e     566663342910 9 711    71.0   69.0
 21 6499.819449 1.432E-30 6.598E-07.07700.105 1449.05090.68-.006156       3 2 2 11       1 0 0 01                    P 12e     566663342910 9 711    23.0   25.0
 21 6499.837867 1.805E-30 2.052E-08.07420.100  773.79110.70-.005667       2 3 3 11       0 1 1 01                    R 16f     536663343010 9 711    35.0   33.0
 21 6499.861853 2.717E-30 2.663E-05.06580.074 2382.42160.74-.009388       2 1 1 22       1 0 0 01                    Q 50e     566553342910 9 711   101.0  101.0
 21 6499.896597 1.703E-29 8.907E-06.06900.088 1675.77720.74-.005934       4 3 3 01       0 2 2 01                    R 29f     466663342910 9 711    61.0   59.0
 21 6499.912313 1.450E-28 9.101E-04.07970.108 1967.63600.68-.004695       4 1 1 12       1 1 1 02                    R  9e     566663342910 9 711    21.0   19.0
 21 6499.931127 7.452E-25 1.029E-03.08660.118    7.80430.69-.005249       3 0 0 11       0 0 0 01                    P  4e     686663344510 9 711     7.0    9.0
 21 6499.990104 1.884E-30 3.717E-03.06170.069 3507.51810.72-.008513       4 1 1 11       1 1 1 01                    P 60f     465553342910 9 711   119.0  121.0
 21 6500.127276 1.438E-26 1.272E-03.06660.079 1373.54200.75-.007690       3 1 1 11       0 1 1 01                    P 42f     566563342910 9 711    83.0   85.0
 21 6500.189013 7.971E-28 3.796E-05.09500.123  668.16120.69-.003630       1 2 2 22       0 1 1 01                    R  1e     566663342910 9 711     5.0    3.0
 21 6500.358891 7.587E-30 1.037E-04.06530.072 2462.67570.73-.007385       5 1 1 01       1 0 0 01                    R 52e     465553342910 9 711   107.0  105.0
 21 6500.379425 3.025E-29 1.501E-05.06500.071 1784.28080.73-.007386       5 0 0 01       0 1 1 01                    R 53e     465553342910 9 711   109.0  107.0
 21 6500.582345 3.896E-30 1.129E-04.06320.070 2628.47400.72-.009561       2 1 1 22       0 2 2 01                    P 57f     565553342910 9 711   113.0  115.0
 21 6500.675366 1.708E-29 9.698E-06.06880.088 1699.26250.74-.006009       4 3 3 01       0 2 2 01                    R 30e     466663342910 9 711    63.0   61.0
 21 6500.707577 2.657E-27 5.444E-06.06720.082  578.01160.75-.008578       1 1 1 22       0 0 0 01                    P 38e     566663342910 9 711    75.0   77.0
 21 6500.727942 1.524E-28 9.079E-04.07870.107 1975.55420.68-.004850       4 1 1 12       1 1 1 02                    R 10f     566663342910 9 711    23.0   21.0
 21 6500.737973 2.491E-30 2.856E-08.07370.099  786.90280.70-.005780       2 3 3 11       0 1 1 01                    R 17e     536663343010 9 711    37.0   35.0
 21 6500.771040 5.297E-30 9.882E-04.07020.093 2839.72040.72-.006858       4 2 2 12       1 2 2 02                    P 25f     466663342910 9 711    49.0   51.0
 21 6500.838084 1.618E-27 2.824E-03.06720.082 1966.19230.75-.007498       4 0 0 11       1 0 0 01                    P 38e     566663342910 9 711    75.0   77.0
 21 6500.872274 3.732E-30 2.618E-05.06600.075 2305.27510.74-.009263       2 1 1 22       1 0 0 01                    Q 48e     566563342910 9 711    97.0   97.0
 21 6500.939026 8.831E-28 3.028E-05.09050.120  669.72740.70-.003856       1 2 2 22       0 1 1 01                    R  2f     566663342910 9 711     7.0    5.0
 21 6501.064004 3.284E-30 3.433E-03.06320.070 3366.17800.72-.008381       4 1 1 11       1 1 1 01                    P 57e     465553342910 9 711   113.0  115.0
 21 6501.132942 2.271E-27 3.502E-06.06750.083  519.53500.74-.007504       2 2 2 11       0 0 0 01                    R 36e     566663342910 9 711    75.0   73.0
 21 6501.204902 6.379E-30 2.117E-06.07480.102 1429.12360.69-.005478       5 1 1 01       0 2 2 01                    P 15f     466663342910 9 711    29.0   31.0
 21 6501.257500 2.932E-30 3.419E-08.07310.098  801.17310.70-.005890       2 3 3 11       0 1 1 01                    R 18f     536663343010 9 711    39.0   37.0
 21 6501.293785 7.392E-29 3.216E-05.07550.103 1470.11880.68-.007085       2 1 1 22       1 0 0 01                    P 14e     566663342910 9 711    27.0   29.0
 21 6501.294985 1.613E-28 9.214E-04.07780.105 1984.04590.68-.004996       4 1 1 12       1 1 1 02                    R 11e     566663342910 9 711    25.0   23.0
 21 6501.379355 1.529E-30 3.228E-04.06960.091 2881.24350.73-.007894       3 1 1 23       1 2 2 02                    P 27f     466663342910 9 711    53.0   55.0
 21 6501.396609 5.393E-30 1.816E-06.07550.103 1417.37550.68-.005429       5 1 1 01       0 2 2 01                    P 14e     466663342910 9 711    27.0   29.0
 21 6501.464038 1.677E-29 1.039E-05.06850.087 1723.52920.74-.006083       4 3 3 01       0 2 2 01                    R 31f     466663342910 9 711    65.0   63.0
 21 6501.514390 3.834E-25 1.203E-03.09050.123    2.34130.69-.004701       3 0 0 11       0 0 0 01                    P  2e     686663344510 9 711     3.0    5.0
 21 6501.536064 4.909E-30 8.683E-04.07060.094 2820.13750.72-.006808       4 2 2 12       1 2 2 02                    P 24e     466663342910 9 711    47.0   49.0
 21 6501.573849 2.186E-26 1.301E-03.06700.081 1276.44760.75-.007546       3 1 1 11       0 1 1 01                    P 39e     566663342910 9 711    77.0   79.0
 21 6501.599074 7.533E-30 1.239E-03.05980.067 3012.84320.70-.008726       3 2 2 11       0 2 2 01                    P 65f     465553342910 9 711   129.0  131.0
 21 6501.642373 9.422E-30 1.230E-03.06010.068 2962.06080.71-.008684       3 2 2 11       0 2 2 01                    P 64e     465553342910 9 711   127.0  129.0
 21 6501.687235 9.862E-28 2.661E-05.08850.118  672.06760.69-.004128       1 2 2 22       0 1 1 01                    R  3e     566663342910 9 711     9.0    7.0
 21 6501.820400 2.466E-30 4.882E-04.06990.092 2860.09700.73-.007834       3 1 1 23       1 2 2 02                    P 26e     466663342910 9 711    51.0   53.0
 21 6501.835684 5.022E-30 2.565E-05.06620.076 2231.23730.74-.009135       2 1 1 22       1 0 0 01                    Q 46e     566563342910 9 711    93.0   93.0
 21 6501.840952 2.906E-30 3.778E-03.06270.070 3414.58430.72-.008425       4 1 1 11       1 1 1 01                    P 58f     465553342910 9 711   115.0  117.0
 21 6501.861286 3.498E-30 7.170E-05.06900.089 2416.41710.73-.008012       3 0 0 22       1 1 1 01                    P 29e     466663342910 9 711    57.0   59.0
 21 6501.907882 5.640E-30 1.115E-04.06470.071 2546.03630.73-.007489       5 1 1 01       1 0 0 01                    R 54e     465553342910 9 711   111.0  109.0
 21 6502.004861 1.898E-26 1.288E-03.06690.080 1308.67160.75-.007595       3 1 1 11       0 1 1 01                    P 40f     566663342910 9 711    79.0   81.0
 21 6502.025359 6.241E-30 1.009E-04.06470.071 2497.16010.73-.009406       2 1 1 22       0 2 2 01                    P 54e     465553342910 9 711   107.0  109.0
 21 6502.136605 1.651E-28 9.149E-04.07700.104 1993.57010.68-.005134       4 1 1 12       1 1 1 02                    R 12f     566663342910 9 711    27.0   25.0
 21 6502.195188 5.094E-30 6.068E-08.07260.097  815.80320.71-.005997       2 3 3 11       0 1 1 01                    R 19e     566663342910 9 711    41.0   39.0
 21 6502.239546 1.662E-29 1.128E-05.06830.086 1748.57800.74-.006155       4 3 3 01       0 2 2 01                    R 32e     466663342910 9 711    67.0   65.0
 21 6502.348806 2.158E-29 1.562E-05.06420.070 1869.26490.73-.007488       5 0 0 01       0 1 1 01                    R 55e     465553342910 9 711   113.0  111.0
 21 6502.410225 1.094E-27 2.452E-05.08660.116  675.20500.69-.004395       1 2 2 22       0 1 1 01                    R  4f     566663342910 9 711    11.0    9.0
 21 6502.439170 2.200E-27 4.282E-06.06720.081  578.01160.75-.007653       2 2 2 11       0 0 0 01                    R 38e     566663342910 9 711    79.0   77.0
 21 6502.609610 2.060E-27 2.860E-03.06750.084 1907.71230.74-.007401       4 0 0 11       1 0 0 01                    P 36e     566663342910 9 711    71.0   73.0
 21 6502.646462 1.716E-28 9.296E-04.07620.103 2003.58080.68-.005266       4 1 1 12       1 1 1 02                    R 13e     566663342910 9 711    29.0   27.0
 21 6502.661265 4.333E-30 5.317E-08.07220.096  831.68290.71-.006102       2 3 3 11       0 1 1 01                    R 20f     536663343010 9 711    43.0   41.0
 21 6502.701696 4.529E-30 1.562E-06.07620.104 1406.41030.68-.005378       5 1 1 01       0 2 2 01                    P 13f     466663342910 9 711    25.0   27.0
 21 6502.751001 6.613E-30 2.501E-05.06640.077 2160.30910.74-.009004       2 1 1 22       1 0 0 01                    Q 44e     566563342910 9 711    89.0   89.0
 21 6502.793072 6.229E-30 1.051E-03.07090.095 2801.32800.72-.006757       4 2 2 12       1 2 2 02                    P 23f     466663342910 9 711    45.0   47.0
 21 6503.011732 4.971E-30 3.514E-03.06420.071 3278.12640.73-.008292       4 1 1 11       1 1 1 01                    P 55e     465553342910 9 711   109.0  111.0
 21 6503.029391 1.608E-29 1.202E-05.06810.085 1774.40790.74-.006226       4 3 3 01       0 2 2 01                    R 33f     466663342910 9 711    69.0   67.0
 21 6503.051548 3.662E-30 1.307E-06.07700.105 1396.22820.68-.005324       5 1 1 01       0 2 2 01                    P 12e     466663342910 9 711    23.0   25.0
 21 6503.058423 3.609E-27 5.883E-06.06750.084  519.53500.74-.008463       1 1 1 22       0 0 0 01                    P 36e     566663342910 9 711    71.0   73.0
 21 6503.145196 6.348E-29 2.928E-05.07700.105 1449.05090.68-.006921       2 1 1 22       1 0 0 01                    P 12e     566663342910 9 711    23.0   25.0
 21 6503.148667 1.196E-27 2.313E-05.08490.114  679.09900.68-.004643       1 2 2 22       0 1 1 01                    R  5e     566663342910 9 711    13.0   11.0
 21 6503.435536 1.401E-30 2.616E-04.07020.093 2839.72040.72-.007774       3 1 1 23       1 2 2 02                    P 25f     466663342910 9 711    49.0   51.0
 21 6503.464243 4.111E-30 1.195E-04.06380.070 2632.50220.72-.007590       5 1 1 01       1 0 0 01                    R 56e     465553342910 9 711   115.0  113.0
 21 6503.520237 1.718E-28 9.194E-04.07550.102 2014.71830.69-.005392       4 1 1 12       1 1 1 02                    R 14f     566663342910 9 711    31.0   29.0
 21 6503.573069 2.802E-26 1.314E-03.06730.083 1216.35090.74-.007450       3 1 1 11       0 1 1 01                    P 37e     566663342910 9 711    73.0   75.0
 21 6503.582402 6.135E-30 1.201E-04.06420.071 2540.15640.73-.009458       2 1 1 22       0 2 2 01                    P 55f     565553342910 9 711   109.0  111.0
 21 6503.616530 8.494E-30 2.419E-05.06660.079 2092.49160.75-.008871       2 1 1 22       1 0 0 01                    Q 42e     466563342910 9 711    85.0   85.0
 21 6503.621348 6.008E-30 9.718E-04.07130.095 2783.30940.71-.006705       4 2 2 12       1 2 2 02                    P 22e     466663342910 9 711    43.0   45.0
 21 6503.641418 7.173E-30 9.100E-08.07170.095  847.82630.71-.006203       2 3 3 11       0 1 1 01                    R 21e     566663342910 9 711    45.0   43.0
 21 6503.686619 4.408E-30 3.839E-03.06380.070 3324.76140.73-.008337       4 1 1 11       1 1 1 01                    P 56f     465553342910 9 711   111.0  113.0
 21 6503.731070 2.073E-27 5.182E-06.06690.080  639.60040.75-.007799       2 2 2 11       0 0 0 01                    R 40e     566663342910 9 711    83.0   81.0
 21 6503.733296 1.209E-29 1.258E-03.06040.068 2912.08930.71-.008642       3 2 2 11       0 2 2 01                    P 63f     465553342910 9 711   125.0  127.0
 21 6503.794618 1.189E-30 1.275E-05.07480.101 2170.54690.69-.004695       5 2 2 01       1 1 1 01                    R 15e     466663342910 9 711    33.0   31.0
 21 6503.800671 1.576E-29 1.303E-05.06790.084 1801.01980.74-.006296       4 3 3 01       0 2 2 01                    R 34e     466663342910 9 711    71.0   69.0
 21 6503.839678 1.297E-27 2.224E-05.08340.112  683.81240.68-.004872       1 2 2 22       0 1 1 01                    R  6f     566663342910 9 711    15.0   13.0
 21 6503.855699 1.942E-25 6.032E-04.09500.127    0.00000.69-.003111       3 0 0 11       0 0 0 01                    R  0e     686663344510 9 711     3.0    1.0
 21 6503.869300 2.460E-26 1.303E-03.06720.082 1246.92050.75-.007498       3 1 1 11       0 1 1 01                    P 38f     566663342910 9 711    75.0   77.0
 21 6503.893771 2.177E-30 3.854E-04.07060.094 2820.13750.72-.007714       3 1 1 23       1 2 2 02                    P 24e     466663342910 9 711    47.0   49.0
 21 6503.894777 1.505E-29 1.253E-03.06080.068 2862.86350.71-.008599       3 2 2 11       0 2 2 01                    P 62e     465553342910 9 711   123.0  125.0
 21 6503.966841 1.759E-28 9.353E-04.07480.101 2026.24040.69-.005513       4 1 1 12       1 1 1 02                    R 15e     566663342910 9 711    33.0   31.0
 21 6504.049114 7.626E-30 1.009E-07.07130.095  865.31990.72-.006302       2 3 3 11       0 1 1 01                    R 22f     566663342910 9 711    47.0   45.0
 21 6504.199992 3.556E-30 6.319E-05.06960.091 2371.93370.73-.007894       3 0 0 22       1 1 1 01                    P 27e     466663342910 9 711    53.0   55.0
 21 6504.209266 2.910E-30 1.087E-06.07780.107 1386.82910.68-.005265       5 1 1 01       0 2 2 01                    P 11f     466663342910 9 711    21.0   23.0
 21 6504.348550 1.501E-29 1.611E-05.06320.070 1957.35410.72-.007587       5 0 0 01       0 1 1 01                    R 57e     465553342910 9 711   117.0  115.0
 21 6504.372428 2.573E-27 2.894E-03.06790.085 1852.34660.74-.007304       4 0 0 11       1 0 0 01                    P 34e     566663342910 9 711    67.0   69.0
 21 6504.373892 1.199E-30 1.290E-05.07420.100 2183.28970.70-.004800       5 2 2 01       1 1 1 01                    R 16f     466663342910 9 711    35.0   33.0
 21 6504.429619 1.060E-29 2.314E-05.06690.080 2027.78570.75-.008735       2 1 1 22       1 0 0 01                    Q 40e     466663342910 9 711    81.0   81.0
 21 6504.573292 1.384E-27 2.151E-05.08200.111  689.25530.68-.005083       1 2 2 22       0 1 1 01                    R  7e     566663342910 9 711    17.0   15.0
 21 6504.592272 1.502E-29 1.380E-05.06770.084 1828.41260.74-.006365       4 3 3 01       0 2 2 01                    R 35f     466663342910 9 711    73.0   71.0
 21 6504.692630 2.213E-30 8.761E-07.07870.108 1378.21320.68-.005202       5 1 1 01       0 2 2 01                    P 10e     466663342910 9 711    19.0   21.0
 21 6504.763551 7.075E-30 1.104E-03.07170.096 2766.06710.71-.006653       4 2 2 12       1 2 2 02                    P 21f     466663342910 9 711    41.0   43.0
 21 6504.878973 1.727E-28 9.215E-04.07420.100 2038.99840.70-.005630       4 1 1 12       1 1 1 02                    R 16f     566663342910 9 711    35.0   33.0
 21 6504.952034 5.123E-29 2.623E-05.07870.108 1431.10360.68-.006734       2 1 1 22       1 0 0 01                    P 10e     566663342910 9 711    19.0   21.0
 21 6504.953401 7.394E-30 3.593E-03.06500.072 3193.17960.73-.008202       4 1 1 11       1 1 1 01                    P 53e     465553342910 9 711   105.0  107.0
 21 6505.008470 1.900E-27 6.208E-06.06660.078  704.30050.75-.007940       2 2 2 11       0 0 0 01                    R 42e     566563342910 9 711    87.0   85.0
 21 6505.029363 2.940E-30 1.277E-04.06270.069 2722.07220.72-.007689       5 1 1 01       1 0 0 01                    R 58e     465553342910 9 711   119.0  117.0
 21 6505.076604 9.457E-30 1.308E-07.07090.094  882.97140.72-.006399       2 3 3 11       0 1 1 01                    R 23e     566663342910 9 711    49.0   47.0
 21 6505.171392 9.459E-30 1.059E-04.06530.072 2413.51370.74-.009301       2 1 1 22       0 2 2 01                    P 52e     465553342910 9 711   103.0  105.0
 21 6505.186146 1.275E-29 2.171E-05.06720.082 1966.19230.75-.008596       2 1 1 22       1 0 0 01                    Q 38e     466663342910 9 711    77.0   77.0
 21 6505.227351 1.470E-27 2.108E-05.08080.109  695.54960.68-.005279       1 2 2 22       0 1 1 01                    R  8f     566663342910 9 711    19.0   17.0
 21 6505.256237 1.747E-28 9.395E-04.07370.099 2052.02410.70-.005743       4 1 1 12       1 1 1 02                    R 17e     566663342910 9 711    37.0   35.0
 21 6505.358143 1.458E-29 1.496E-05.06750.083 1856.58700.74-.006433       4 3 3 01       0 2 2 01                    R 36e     466663342910 9 711    75.0   73.0
 21 6505.365643 4.794E-27 6.331E-06.06790.085  464.17170.74-.008348       1 1 1 22       0 0 0 01                    P 34e     566663342910 9 711    67.0   69.0
 21 6505.389437 1.548E-30 1.679E-05.07370.099 2196.30940.70-.004901       5 2 2 01       1 1 1 01                    R 17e     466663342910 9 711    37.0   35.0
 21 6505.394144 5.767E-25 7.764E-04.09050.120    2.34130.70-.003261       3 0 0 11       0 0 0 01                    R  2e     686663344510 9 711     7.0    5.0
 21 6505.420984 9.634E-30 1.405E-07.07060.093  902.08370.72-.006494       2 3 3 11       0 1 1 01                    R 24f     566663342910 9 711    51.0   49.0
 21 6505.470466 1.235E-30 2.085E-04.07090.095 2801.32800.72-.007652       3 1 1 23       1 2 2 02                    P 23f     466663342910 9 711    45.0   47.0
 21 6505.526671 6.574E-30 3.899E-03.06470.071 3238.05060.73-.008247       4 1 1 11       1 1 1 01                    P 54f     465553342910 9 711   107.0  109.0
 21 6505.550801 3.527E-26 1.327E-03.06770.084 1159.37030.74-.007353       3 1 1 11       0 1 1 01                    P 35e     566663342910 9 711    69.0   71.0
 21 6505.629927 6.987E-30 1.058E-03.07220.097 2749.61350.71-.006601       4 2 2 12       1 2 2 02                    P 20e     466663342910 9 711    39.0   41.0
 21 6505.720256 3.129E-26 1.317E-03.06750.084 1188.28970.74-.007401       3 1 1 11       0 1 1 01                    P 36f     566663342910 9 711    71.0   73.0
 21 6505.727419 1.627E-30 6.932E-07.07970.109 1370.38040.68-.005133       5 1 1 01       0 2 2 01                    P  9f     466663342910 9 711    17.0   19.0
 21 6505.858994 1.908E-29 1.277E-03.06120.069 2814.44200.71-.008556       3 2 2 11       0 2 2 01                    P 61f     465553342910 9 711   121.0  123.0
 21 6505.879840 1.462E-29 1.976E-05.06750.084 1907.71230.74-.008454       2 1 1 22       1 0 0 01                    Q 36e     466663342910 9 711    73.0   73.0
 21 6505.921986 1.477E-30 1.630E-05.07310.098 2210.67790.70-.005000       5 2 2 01       1 1 1 01                    R 18f     466663342910 9 711    39.0   37.0
 21 6505.961097 1.534E-27 2.059E-05.07970.108  702.53630.68-.005462       1 2 2 22       0 1 1 01                    R  9e     566663342910 9 711    21.0   19.0
 21 6505.961980 1.800E-30 2.914E-04.07130.095 2783.30940.71-.007591       3 1 1 23       1 2 2 02                    P 22e     466663342910 9 711    43.0   45.0
 21 6506.125539 2.362E-29 1.275E-03.06170.069 2766.77310.72-.008513       3 2 2 11       0 2 2 01                    P 60e     465553342910 9 711   119.0  121.0
 21 6506.126039 3.153E-27 2.927E-03.06830.087 1800.09570.74-.007206       4 0 0 11       1 0 0 01                    P 32e     566663342910 9 711    63.0   65.0
 21 6506.152270 1.370E-29 1.577E-05.06730.082 1885.54220.75-.006499       4 3 3 01       0 2 2 01                    R 37f     466663342910 9 711    77.0   75.0
 21 6506.212973 1.686E-28 9.228E-04.07310.098 2066.41000.70-.005853       4 1 1 12       1 1 1 02                    R 18f     566663342910 9 711    39.0   37.0
 21 6506.271186 1.697E-27 7.374E-06.06640.077  772.11070.74-.008076       2 2 2 11       0 0 0 01                    R 44e     566563342910 9 711    91.0   89.0
 21 6506.319724 1.125E-30 5.250E-07.08080.111 1363.33080.68-.005057       5 1 1 01       0 2 2 01                    P  8e     466663342910 9 711    15.0   17.0
 21 6506.334461 1.749E-30 3.853E-05.05720.064 2649.65610.65-.011088       1 1 1 22       0 0 0 01                    Q 82e     465553342910 9 711   165.0  165.0
 21 6506.379450 1.020E-29 1.650E-05.06220.069 2048.54700.72-.007684       5 0 0 01       0 1 1 01                    R 59e     465553342910 9 711   121.0  119.0
 21 6506.483415 3.498E-30 5.503E-05.07020.093 2330.56900.72-.007774       3 0 0 22       1 1 1 01                    P 25e     466663342910 9 711    49.0   51.0
 21 6506.500669 1.177E-29 1.813E-07.07020.092  921.23810.73-.006587       2 3 3 11       0 1 1 01                    R 25e     566663342910 9 711    53.0   51.0
 21 6506.501810 1.567E-29 1.713E-05.06790.085 1852.34660.74-.008309       2 1 1 22       1 0 0 01                    Q 34e     466663342910 9 711    69.0   69.0
 21 6506.514785 1.687E-28 9.426E-04.07260.097 2080.93170.71-.005959       4 1 1 12       1 1 1 02                    R 19e     566663342910 9 711    41.0   39.0
 21 6506.529160 9.611E-30 1.292E-04.06500.072 2454.95170.73-.009353       2 1 1 22       0 2 2 01                    P 53f     565553342910 9 711   105.0  107.0
 21 6506.573209 1.604E-27 2.043E-05.07870.107  710.41630.68-.005633       1 2 2 22       0 1 1 01                    R 10f     566663342910 9 711    23.0   21.0
 21 6506.604772 2.062E-30 1.360E-04.06170.069 2814.74520.71-.007785       5 1 1 01       1 0 0 01                    R 60e     465553342910 9 711   123.0  121.0
 21 6506.686509 7.763E-30 1.149E-03.07260.098 2733.93840.70-.006547       4 2 2 12       1 2 2 02                    P 19f     466663342910 9 711    37.0   39.0
 21 6506.713113 3.824E-29 2.309E-05.08080.111 1416.27720.68-.006514       2 1 1 22       1 0 0 01                    P  8e     566663342910 9 711    15.0   17.0
 21 6506.776796 1.151E-29 1.890E-07.06990.091  941.97360.73-.006678       2 3 3 11       0 1 1 01                    R 26f     566663342910 9 711    55.0   53.0
 21 6506.887873 1.081E-29 3.671E-03.06560.073 3111.33890.74-.008111       4 1 1 11       1 1 1 01                    P 51e     465553342910 9 711   101.0  103.0
 21 6506.911302 1.318E-29 1.709E-05.06720.081 1915.27870.75-.006565       4 3 3 01       0 2 2 01                    R 38e     466663342910 9 711    79.0   77.0
 21 6506.914645 9.360E-25 8.240E-04.08660.116    7.80430.69-.003737       3 0 0 11       0 0 0 01                    R  4e     686663344510 9 711    11.0    9.0
 21 6506.983759 1.914E-30 2.157E-05.07260.097 2225.19330.71-.005095       5 2 2 01       1 1 1 01                    R 19e     466663342910 9 711    41.0   39.0
 21 6507.041573 1.534E-29 1.381E-05.06830.087 1800.09570.74-.008161       2 1 1 22       1 0 0 01                    Q 32e     466663342910 9 711    65.0   65.0
 21 6507.312072 1.641E-27 2.005E-05.07780.105  718.94190.68-.005794       1 2 2 22       0 1 1 01                    R 11e     566663342910 9 711    25.0   23.0
 21 6507.360676 9.638E-30 3.958E-03.06530.072 3154.45330.74-.008156       4 1 1 11       1 1 1 01                    P 52f     465553342910 9 711   103.0  105.0
 21 6507.465732 1.168E-30 4.423E-06.06640.077 2160.30910.74-.007921       3 2 2 11       1 0 0 01                    Q 44e     466563342910 9 711    89.0   89.0
 21 6507.467988 1.733E-30 2.013E-05.07220.096 2241.19480.71-.005188       5 2 2 01       1 1 1 01                    R 20f     466663342910 9 711    43.0   41.0
 21 6507.478877 1.051E-30 1.642E-04.07170.096 2766.06740.71-.007528       3 1 1 23       1 2 2 02                    P 21f     366663242910 9 711    41.0   43.0
 21 6507.491565 1.347E-29 1.018E-05.06880.088 1750.96060.74-.007045       3 2 2 11       1 0 0 01                    Q 30e     466663342910 9 711    61.0   61.0
 21 6507.506752 4.357E-26 1.341E-03.06810.086 1105.50660.74-.007255       3 1 1 11       0 1 1 01                    P 33e     566663342910 9 711    65.0   67.0
 21 6507.519023 1.478E-27 8.687E-06.06620.075  843.03010.74-.008210       2 2 2 11       0 0 0 01                    R 46e     566563342910 9 711    95.0   93.0
 21 6507.522417 1.601E-28 9.223E-04.07220.096 2096.95250.71-.006063       4 1 1 12       1 1 1 02                    R 20f     566663342910 9 711    43.0   41.0
 21 6507.557409 3.908E-26 1.332E-03.06790.085 1132.78030.74-.007304       3 1 1 11       0 1 1 01                    P 34f     566663342910 9 711    67.0   69.0
 21 6507.571668 7.737E-30 1.126E-03.07310.099 2719.05030.70-.006493       4 2 2 12       1 2 2 02                    P 18e     466663342910 9 711    35.0   37.0
 21 6507.629303 6.228E-27 6.790E-06.06830.087  411.92250.74-.008231       1 1 1 22       0 0 0 01                    P 32e     566663342910 9 711    63.0   65.0
 21 6507.694095 1.783E-30 5.085E-06.06660.079 2092.49160.75-.007804       3 2 2 11       1 0 0 01                    Q 42e     466563342910 9 711    85.0   85.0
 21 6507.708958 1.220E-29 1.790E-05.06700.080 1945.79590.75-.006629       4 3 3 01       0 2 2 01                    R 39f     466663342910 9 711    81.0   79.0
 21 6507.742639 1.588E-28 9.450E-04.07170.095 2112.96250.71-.006164       4 1 1 12       1 1 1 02                    R 21e     566663342910 9 711    45.0   43.0
 21 6507.853867 1.065E-29 6.886E-06.06930.090 1704.94190.73-.006909       3 2 2 11       1 0 0 01                    Q 28e     466663342910 9 711    57.0   57.0
 21 6507.869974 3.789E-27 2.960E-03.06880.088 1750.96060.74-.007108       4 0 0 11       1 0 0 01                    P 30e     566663342910 9 711    59.0   61.0
 21 6507.877217 1.692E-27 2.005E-05.07700.104  728.41230.68-.005947       1 2 2 22       0 1 1 01                    R 12f     566663342910 9 711    27.0   25.0
 21 6507.894841 3.132E-30 3.823E-05.05750.064 2523.02190.65-.010997       1 1 1 22       0 0 0 01                    Q 80e     465553342910 9 711   161.0  161.0
 21 6507.913514 1.392E-29 2.439E-07.06960.090  962.62570.73-.006767       2 3 3 11       0 1 1 01                    R 27e     566663342910 9 711    57.0   55.0
 21 6507.924797 2.747E-30 6.003E-06.06690.080 2027.78570.75-.007684       3 2 2 11       1 0 0 01                    Q 40e     466663342910 9 711    81.0   81.0
 21 6507.975289 2.958E-29 1.294E-03.06220.069 2719.90300.72-.008469       3 2 2 11       0 2 2 01                    P 59f     465553342910 9 711   117.0  119.0
 21 6508.016623 1.411E-30 2.139E-04.07220.097 2749.61350.71-.007465       3 1 1 23       1 2 2 02                    P 20e     466663342910 9 711    39.0   41.0
 21 6508.116441 1.306E-29 2.465E-07.06930.089  984.98900.73-.006854       2 3 3 11       0 1 1 01                    R 28f     566663342910 9 711    59.0   57.0
 21 6508.141620 7.822E-30 4.416E-06.06990.092 1662.04020.73-.006768       3 2 2 11       1 0 0 01                    Q 26e     566663342910 9 711    53.0   53.0
 21 6508.161895 4.280E-30 7.294E-06.06720.082 1966.19230.75-.007562       3 2 2 11       1 0 0 01                    Q 38e     466663342910 9 711    77.0   77.0
 21 6508.192145 1.420E-30 1.445E-04.06080.068 2910.51970.71-.007879       5 1 1 01       1 0 0 01                    R 62e     465553342910 9 711   127.0  125.0
 21 6508.257021 1.424E-29 1.122E-04.06580.074 2332.98210.74-.009194       2 1 1 22       0 2 2 01                    P 50e     466553342910 9 711    99.0  101.0
 21 6508.334616 3.643E-29 1.296E-03.06270.070 2673.79130.72-.008425       3 2 2 11       0 2 2 01                    P 58e     465553342910 9 711   115.0  117.0
 21 6508.372427 5.512E-30 2.774E-06.07060.094 1622.25620.72-.006623       3 2 2 11       1 0 0 01                    Q 24e     566663342910 9 711    49.0   49.0
 21 6508.411612 6.739E-30 9.117E-06.06750.084 1907.71230.74-.007437       3 2 2 11       1 0 0 01                    Q 36e     466663342910 9 711    73.0   73.0
 21 6508.417228 1.257E-24 8.461E-04.08340.112   16.38900.68-.004165       3 0 0 11       0 0 0 01                    R  6e     686663344510 9 711    15.0   13.0
 21 6508.427661 2.550E-29 1.984E-05.08340.114 1404.57190.68-.006241       2 1 1 22       1 0 0 01                    P  6e     566663342910 9 711    11.0   13.0
 21 6508.442226 6.778E-30 1.679E-05.06120.068 2142.84200.71-.007778       5 0 0 01       0 1 1 01                    R 61e     465553342910 9 711   125.0  123.0
 21 6508.459429 1.164E-29 1.941E-05.06690.080 1977.09380.75-.006693       4 3 3 01       0 2 2 01                    R 40e     466663342910 9 711    83.0   81.0
 21 6508.561549 3.808E-30 1.746E-06.07130.095 1585.59040.71-.006474       3 2 2 11       1 0 0 01                    Q 22e     566663342910 9 711    45.0   45.0
 21 6508.565491 8.224E-30 1.186E-03.07370.100 2704.94240.70-.006437       4 2 2 12       1 2 2 02                    P 17f     466663342910 9 711    33.0   35.0
 21 6508.576238 2.265E-30 2.718E-05.07170.095 2257.19830.71-.005278       5 2 2 01       1 1 1 01                    R 21e     466663342910 9 711    45.0   43.0
 21 6508.626214 1.700E-27 1.970E-05.07620.103  738.47170.68-.006093       1 2 2 22       0 1 1 01                    R 13e     566663342910 9 711    29.0   27.0
 21 6508.682797 1.063E-29 1.163E-05.06790.085 1852.34660.74-.007309       3 2 2 11       1 0 0 01                    Q 34e     466663342910 9 711    69.0   69.0
 21 6508.711288 3.318E-30 4.723E-05.07090.095 2292.32370.72-.007652       3 0 0 22       1 1 1 01                    P 23e     466663342910 9 711    45.0   47.0
 21 6508.719754 2.598E-30 1.111E-06.07220.097 1552.04330.71-.006318       3 2 2 11       1 0 0 01                    Q 20e     566663342910 9 711    41.0   41.0
 21 6508.751776 1.256E-27 1.016E-05.06600.074  917.05730.74-.008339       2 2 2 11       0 0 0 01                    R 48e     566563342910 9 711    99.0   97.0
 21 6508.807511 1.483E-28 9.210E-04.07130.095 2130.62550.72-.006262       4 1 1 12       1 1 1 02                    R 22f     566663342910 9 711    47.0   45.0
 21 6508.814121 1.552E-29 3.744E-03.06590.074 3032.60550.74-.008019       4 1 1 11       1 1 1 01                    P 49e     466563342910 9 711    97.0   99.0
 21 6508.854015 1.747E-30 7.140E-07.07310.099 1521.61540.70-.006155       3 2 2 11       1 0 0 01                    Q 18e     566663342910 9 711    37.0   37.0
 21 6508.939972 1.459E-28 9.462E-04.07090.094 2148.11590.72-.006359       4 1 1 12       1 1 1 02                    R 23e     566663342910 9 711    49.0   47.0
 21 6508.968745 1.150E-30 4.615E-07.07420.101 1494.30710.69-.005982       3 2 2 11       1 0 0 01                    Q 16e     566663342910 9 711    33.0   33.0
 21 6508.985904 1.647E-29 1.483E-05.06830.087 1800.09570.74-.007179       3 2 2 11       1 0 0 01                    Q 32e     466663342910 9 711    65.0   65.0
 21 6509.011831 1.947E-30 2.437E-05.07130.095 2274.83980.72-.005367       5 2 2 01       1 1 1 01                    R 22f     466663342910 9 711    47.0   45.0
 21 6509.139340 1.735E-27 1.985E-05.07550.102  749.53740.69-.006233       1 2 2 22       0 1 1 01                    R 14f     566663342910 9 711    31.0   29.0
 21 6509.188211 1.389E-29 4.015E-03.06580.074 3073.97060.74-.008065       4 1 1 11       1 1 1 01                    P 50f     466553342910 9 711    99.0  101.0
 21 6509.261882 1.063E-29 2.023E-05.06680.079 2009.17250.75-.006755       4 3 3 01       0 2 2 01                    R 41f     466563342910 9 711    85.0   83.0
 21 6509.315005 1.569E-29 3.191E-07.06900.088 1007.13350.74-.006940       2 3 3 11       0 1 1 01                    R 29e     566663342910 9 711    61.0   59.0
 21 6509.328473 2.429E-29 1.836E-05.06880.088 1750.96060.74-.008009       2 1 1 22       1 0 0 01                    Q 30e     466663342910 9 711    61.0   61.0
 21 6509.380456 4.787E-26 1.346E-03.06830.087 1080.39310.74-.007206       3 1 1 11       0 1 1 01                    P 32f     566663342910 9 711    63.0   65.0
 21 6509.412698 5.525E-30 3.795E-05.05770.065 2399.46790.66-.010904       1 1 1 22       0 0 0 01                    Q 78e     465553342910 9 711   157.0  157.0
 21 6509.422092 1.501E-29 1.408E-04.06560.073 2372.86140.74-.009248       2 1 1 22       0 2 2 01                    P 51f     565553342910 9 711   101.0  103.0
 21 6509.439773 1.414E-29 3.129E-07.06880.088 1031.12910.74-.007025       2 3 3 11       0 1 1 01                    R 30f     566663342910 9 711    63.0   61.0
 21 6509.440644 5.279E-26 1.353E-03.06850.088 1054.76070.74-.007157       3 1 1 11       0 1 1 01                    P 31e     566663342910 9 711    61.0   63.0
 21 6509.455822 8.184E-30 1.178E-03.07420.101 2691.62030.69-.006379       4 2 2 12       1 2 2 02                    P 16e     466663342910 9 711    31.0   33.0
 21 6509.603799 4.462E-27 2.991E-03.06930.090 1704.94190.73-.007009       4 0 0 11       1 0 0 01                    P 28e     566663342910 9 711    55.0   57.0
 21 6509.708411 3.331E-29 2.155E-05.06930.090 1704.94190.73-.007853       2 1 1 22       1 0 0 01                    Q 28e     466663342910 9 711    57.0   57.0
 21 6509.849464 7.911E-27 7.258E-06.06880.088  362.78830.74-.008114       1 1 1 22       0 0 0 01                    P 30e     566663342910 9 711    59.0   61.0
 21 6509.901941 1.525E-24 8.583E-04.08080.109   28.09510.68-.004531       3 0 0 11       0 0 0 01                    R  8e     686663344510 9 711    19.0   17.0
 21 6509.903525 1.712E-27 1.947E-05.07480.101  761.12550.69-.006367       1 2 2 22       0 1 1 01                    R 15e     566663342910 9 711    33.0   31.0
 21 6509.969226 1.042E-27 1.179E-05.06580.073  994.19130.74-.008465       2 2 2 11       0 0 0 01                    R 50e     566553342910 9 711   103.0  101.0
 21 6510.001737 1.007E-29 2.197E-05.06660.078 2042.03130.75-.006817       4 3 3 01       0 2 2 01                    R 42e     466563342910 9 711    87.0   85.0
 21 6510.046991 1.060E-30 1.544E-04.07310.099 2719.05050.70-.007334       3 1 1 23       1 2 2 02                    P 18e     366663242910 9 711    35.0   37.0
 21 6510.068482 1.343E-28 9.195E-04.07060.093 2167.42810.72-.006453       4 1 1 12       1 1 1 02                    R 24f     566663342910 9 711    51.0   49.0
 21 6510.081436 4.505E-29 1.309E-03.06320.070 2628.47400.72-.008381       3 2 2 11       0 2 2 01                    P 57f     465553342910 9 711   113.0  115.0
 21 6510.095175 1.390E-29 1.631E-05.08660.118 1395.98790.69-.005878       2 1 1 22       1 0 0 01                    P  4e     566663342910 9 711     7.0    9.0
 21 6510.106978 1.311E-28 9.472E-04.07020.092 2186.39130.73-.006545       4 1 1 12       1 1 1 02                    R 25e     566663342910 9 711    53.0   51.0
 21 6510.112564 4.237E-29 2.393E-05.06990.092 1662.04020.73-.007694       2 1 1 22       1 0 0 01                    Q 26e     566663342910 9 711    53.0   53.0
 21 6510.165416 2.580E-30 3.374E-05.07090.094 2292.32370.72-.005453       5 2 2 01       1 1 1 01                    R 23e     466663342910 9 711    49.0   47.0
 21 6510.359543 1.732E-27 1.975E-05.07420.100  773.79110.70-.006497       1 2 2 22       0 1 1 01                    R 16f     566663342910 9 711    35.0   33.0
 21 6510.403442 8.399E-30 1.216E-03.07480.102 2679.07960.69-.006319       4 2 2 12       1 2 2 02                    P 15f     466663342910 9 711    29.0   31.0
 21 6510.522033 5.521E-29 1.315E-03.06380.070 2583.91980.73-.008337       3 2 2 11       0 2 2 01                    P 56e     465553342910 9 711   111.0  113.0
 21 6510.523323 5.062E-29 2.549E-05.07060.094 1622.25620.72-.007529       2 1 1 22       1 0 0 01                    Q 24e     566663342910 9 711    49.0   49.0
 21 6510.537488 4.406E-30 1.699E-05.06040.068 2240.23760.71-.007870       5 0 0 01       0 1 1 01                    R 63e     465553342910 9 711   129.0  127.0
 21 6510.553439 2.107E-30 2.908E-05.07060.093 2311.61270.72-.005537       5 2 2 01       1 1 1 01                    R 24f     466663342910 9 711    51.0   49.0
 21 6510.704966 1.693E-29 4.074E-07.06850.087 1054.76070.74-.007108       2 3 3 11       0 1 1 01                    R 31e     566663342910 9 711    65.0   63.0
 21 6510.731209 2.190E-29 3.818E-03.06620.075 2956.98060.74-.007926       4 1 1 11       1 1 1 01                    P 47e     466563342910 9 711    93.0   95.0
 21 6510.746589 1.160E-29 3.068E-07.06830.086 1080.39310.74-.007190       2 3 3 11       0 1 1 01                    R 32f     536663343010 9 711    67.0   65.0
 21 6510.810573 9.062E-30 2.277E-05.06650.077 2075.67110.74-.006877       4 3 3 01       0 2 2 01                    R 43f     466563342910 9 711    89.0   87.0
 21 6510.883366 3.023E-30 3.984E-05.07170.096 2257.19830.71-.007528       3 0 0 22       1 1 1 01                    P 21e     466663342910 9 711    41.0   43.0
 21 6510.888314 9.596E-30 3.768E-05.05790.065 2278.99640.67-.010809       1 1 1 22       0 0 0 01                    Q 76e     465553342910 9 711   153.0  153.0
 21 6510.925428 5.762E-29 2.644E-05.07130.095 1585.59040.71-.007359       2 1 1 22       1 0 0 01                    Q 22e     566663342910 9 711    45.0   45.0
 21 6511.008862 1.967E-29 4.071E-03.06600.075 2996.60390.74-.007973       4 1 1 11       1 1 1 01                    P 48f     466563342910 9 711    95.0   97.0
 21 6511.144012 1.681E-27 1.933E-05.07370.099  786.90280.70-.006622       1 2 2 22       0 1 1 01                    R 17e     566663342910 9 711    37.0   35.0
 21 6511.171148 8.449E-28 1.359E-05.06530.072 1074.43060.73-.008587       2 2 2 11       0 0 0 01                    R 52e     565553342910 9 711   107.0  105.0
 21 6511.189108 5.750E-26 1.359E-03.06880.088 1031.12910.74-.007108       3 1 1 11       0 1 1 01                    P 30f     566663342910 9 711    59.0   61.0
 21 6511.243871 1.153E-28 9.475E-04.06960.090 2227.78800.73-.006725       4 1 1 12       1 1 1 02                    R 27e     566663342910 9 711    57.0   55.0
 21 6511.281680 2.136E-29 1.205E-04.06600.075 2255.56680.74-.009087       2 1 1 22       0 2 2 01                    P 48e     466563342910 9 711    95.0   97.0
 21 6511.289932 8.277E-30 1.216E-03.07550.103 2667.32400.68-.006257       4 2 2 12       1 2 2 02                    P 14e     466663342910 9 711    27.0   29.0
 21 6511.305581 1.188E-28 9.162E-04.06990.091 2207.35980.73-.006636       4 1 1 12       1 1 1 02                    R 26f     566663342910 9 711    55.0   53.0
 21 6511.308109 6.311E-29 2.701E-05.07220.097 1552.04330.71-.007182       2 1 1 22       1 0 0 01                    Q 20e     566663342910 9 711    41.0   41.0
 21 6511.327114 5.147E-27 3.022E-03.06990.092 1662.04020.73-.006909       4 0 0 11       1 0 0 01                    P 26e     566663342910 9 711    51.0   53.0
 21 6511.352219 6.271E-26 1.366E-03.06900.089 1007.13350.73-.007058       3 1 1 11       0 1 1 01                    P 29e     566663342910 9 711    57.0   59.0
 21 6511.368853 1.731E-24 8.657E-04.07870.107   42.92250.68-.004850       3 0 0 11       0 0 0 01                    R 10e     686663344510 9 711    23.0   21.0
 21 6511.537374 8.526E-30 2.477E-05.06640.077 2110.09010.74-.006937       4 3 3 01       0 2 2 01                    R 44e     466563342910 9 711    91.0   89.0
 21 6511.537795 1.687E-27 1.973E-05.07310.098  801.17310.70-.006744       1 2 2 22       0 1 1 01                    R 18f     566663342910 9 711    39.0   37.0
 21 6511.664396 6.683E-29 2.734E-05.07310.099 1521.61540.70-.006997       2 1 1 22       1 0 0 01                    Q 18e     566663342910 9 711    37.0   37.0
 21 6511.715341 4.091E-30 1.091E-05.09050.123 1390.52530.69-.005259       2 1 1 22       1 0 0 01                    P  2e     566663342910 9 711     3.0    5.0
 21 6511.749745 2.838E-30 4.134E-05.07020.092 2330.56900.73-.005620       5 2 2 01       1 1 1 01                    R 25e     466663342910 9 711    53.0   51.0
 21 6511.989881 6.855E-29 2.753E-05.07420.101 1494.30710.69-.006800       2 1 1 22       1 0 0 01                    Q 16e     566663342910 9 711    33.0   33.0
 21 6512.026183 9.823E-27 7.736E-06.06930.090  316.76990.73-.007995       1 1 1 22       0 0 0 01                    P 28e     566663342910 9 711    55.0   57.0
 21 6512.036608 1.142E-29 3.678E-07.06790.084 1132.78030.74-.007349       2 3 3 11       0 1 1 01                    R 34f     536663343010 9 711    71.0   69.0
 21 6512.083150 1.751E-29 5.082E-07.06810.085 1105.50660.74-.007270       2 3 3 11       0 1 1 01                    R 33e     566663342910 9 711    69.0   67.0
 21 6512.092728 2.202E-30 3.423E-05.06990.091 2351.51260.73-.005701       5 2 2 01       1 1 1 01                    R 26f     466663342910 9 711    55.0   53.0
 21 6512.176830 6.739E-29 1.322E-03.06420.071 2540.15640.73-.008292       3 2 2 11       0 2 2 01                    P 55f     365553242910 9 711   109.0  111.0
 21 6512.202713 8.242E-30 1.240E-03.07620.104 2656.35070.68-.006192       4 2 2 12       1 2 2 02                    P 13f     466663342910 9 711    25.0   27.0
 21 6512.260506 2.340E-29 1.559E-04.06590.074 2293.88690.74-.009141       2 1 1 22       0 2 2 01                    P 49f     566563342910 9 711    97.0   99.0
 21 6512.281760 6.803E-29 2.765E-05.07550.103 1470.11880.68-.006589       2 1 1 22       1 0 0 01                    Q 14e     566663342910 9 711    29.0   29.0
 21 6512.321969 1.641E-29 3.741E-05.05810.065 2161.60910.67-.010713       1 1 1 22       0 0 0 01                    Q 74e     465553342910 9 711   149.0  149.0
 21 6512.347692 1.611E-27 1.925E-05.07260.097  815.80320.71-.006861       1 2 2 22       0 1 1 01                    R 19e     566663342910 9 711    41.0   39.0
 21 6512.350884 9.932E-29 9.473E-04.06900.088 2272.30520.74-.006898       4 1 1 12       1 1 1 02                    R 29e     566663342910 9 711    61.0   59.0
 21 6512.354538 7.563E-30 2.552E-05.06630.076 2145.29050.74-.006996       4 3 3 01       0 2 2 01                    R 45f     466563342910 9 711    93.0   91.0
 21 6512.357304 6.695E-28 1.558E-05.06470.071 1157.77410.73-.008706       2 2 2 11       0 0 0 01                    R 54e     565553342910 9 711   111.0  109.0
 21 6512.519082 1.030E-28 9.132E-04.06930.089 2250.41970.73-.006812       4 1 1 12       1 1 1 02                    R 28f     566663342910 9 711    59.0   57.0
 21 6512.538224 6.512E-29 2.771E-05.07700.105 1449.05090.68-.006358       2 1 1 22       1 0 0 01                    Q 12e     566663342910 9 711    25.0   25.0
 21 6512.638288 3.035E-29 3.889E-03.06630.077 2884.46540.74-.007832       4 1 1 11       1 1 1 01                    P 45e     466563342910 9 711    89.0   91.0
 21 6512.665724 2.804E-30 1.711E-05.05980.067 2340.73210.70-.007960       5 0 0 01       0 1 1 01                    R 65e     465553342910 9 711   133.0  131.0
 21 6512.674072 1.608E-27 1.979E-05.07220.096  831.68290.71-.006976       1 2 2 22       0 1 1 01                    R 20f     566663342910 9 711    43.0   41.0
 21 6512.687889 8.222E-29 1.334E-03.06470.071 2497.16010.73-.008247       3 2 2 11       0 2 2 01                    P 54e     465553342910 9 711   107.0  109.0
 21 6512.758079 5.975E-29 2.774E-05.07870.108 1431.10360.68-.006098       2 1 1 22       1 0 0 01                    Q 10e     566663342910 9 711    21.0   21.0
 21 6512.818058 1.871E-24 8.701E-04.07700.104   60.87090.68-.005134       3 0 0 11       0 0 0 01                    R 12e     686663344510 9 711    27.0   25.0
 21 6512.822225 2.738E-29 4.125E-03.06620.076 2922.35420.74-.007879       4 1 1 11       1 1 1 01                    P 46f     466563342910 9 711    91.0   93.0
 21 6512.940530 5.202E-29 2.776E-05.08080.111 1416.27720.68-.005799       2 1 1 22       1 0 0 01                    Q  8e     566663342910 9 711    17.0   17.0
 21 6512.983094 6.770E-26 1.373E-03.06930.090  984.98900.73-.007009       3 1 1 11       0 1 1 01                    P 28f     566663342910 9 711    55.0   57.0
 21 6512.999421 2.632E-30 3.292E-05.07260.098 2225.19330.70-.007400       3 0 0 22       1 1 1 01                    P 19e     466663342910 9 711    37.0   39.0
 21 6513.039552 5.811E-27 3.053E-03.07060.094 1622.25620.72-.006808       4 0 0 11       1 0 0 01                    P 24e     566663342910 9 711    47.0   49.0
 21 6513.065414 7.074E-30 2.784E-05.06620.075 2181.26900.74-.007054       4 3 3 01       0 2 2 01                    R 46e     466563342910 9 711    95.0   93.0
 21 6513.079673 7.987E-30 1.244E-03.07700.105 2646.16180.68-.006122       4 2 2 12       1 2 2 02                    P 12e     466663342910 9 711    23.0   25.0
 21 6513.085044 4.212E-29 2.777E-05.08340.114 1404.57190.68-.005442       2 1 1 22       1 0 0 01                    Q  6e     566663342910 9 711    13.0   13.0
 21 6513.191261 3.040E-29 2.777E-05.08660.118 1395.98790.69-.005003       2 1 1 22       1 0 0 01                    Q  4e     566663342910 9 711     9.0    9.0
 21 6513.241236 7.300E-26 1.378E-03.06960.091  962.62570.73-.006959       3 1 1 11       0 1 1 01                    P 27e     566663342910 9 711    53.0   55.0
 21 6513.258954 1.735E-29 2.778E-05.09050.123 1390.52530.69-.004445       2 1 1 22       1 0 0 01                    Q  2e     566663342910 9 711     5.0    5.0
 21 6513.309427 1.069E-29 4.270E-07.06750.083 1188.28970.74-.007504       2 3 3 11       0 1 1 01                    R 36f     536663343010 9 711    75.0   73.0
 21 6513.327601 3.023E-30 5.009E-05.06960.090 2371.93370.73-.005780       5 2 2 01       1 1 1 01                    R 27e     466663342910 9 711    57.0   55.0
 21 6513.428273 8.387E-29 9.466E-04.06850.087 2319.94220.74-.007065       4 1 1 12       1 1 1 02                    R 31e     566663342910 9 711    65.0   63.0
 21 6513.449217 1.739E-29 6.201E-07.06770.084 1159.37030.74-.007427       2 3 3 11       0 1 1 01                    R 35e     566663342910 9 711    73.0   71.0
 21 6513.514594 1.511E-27 1.923E-05.07170.095  847.82630.71-.007088       1 2 2 22       0 1 1 01                    R 21e     566663342910 9 711    45.0   43.0
 21 6513.527448 5.188E-28 1.774E-05.06380.070 1244.22040.72-.008823       2 2 2 11       0 0 0 01                    R 56e     565553342910 9 711   115.0  113.0
 21 6513.629600 2.230E-30 3.985E-05.06930.089 2394.53920.73-.005858       5 2 2 01       1 1 1 01                    R 28f     466663342910 9 711    59.0   57.0
 21 6513.709282 8.744E-29 9.091E-04.06880.088 2296.60700.74-.006982       4 1 1 12       1 1 1 02                    R 30f     566663342910 9 711    63.0   61.0
 21 6513.713942 2.762E-29 3.714E-05.05840.066 2047.30810.68-.010614       1 1 1 22       0 0 0 01                    Q 72e     465553342910 9 711   145.0  145.0
 21 6513.768356 1.501E-27 1.991E-05.07130.095  865.31990.72-.007198       1 2 2 22       0 1 1 01                    R 22f     566663342910 9 711    47.0   45.0
 21 6513.893266 6.183E-30 2.850E-05.06620.075 2218.02950.74-.007111       4 3 3 01       0 2 2 01                    R 47f     466563342910 9 711    97.0   95.0
 21 6513.965124 7.720E-30 1.258E-03.07780.107 2636.75590.68-.006048       4 2 2 12       1 2 2 02                    P 11f     466663342910 9 711    21.0   23.0
 21 6514.056471 6.426E-30 1.696E-05.09500.127 1388.18420.69-.003626       2 1 1 22       1 0 0 01                    R  0e     566663342910 9 711     3.0    1.0
 21 6514.159514 1.192E-26 8.223E-06.06990.092  273.86800.73-.007875       1 1 1 22       0 0 0 01                    P 26e     566663342910 9 711    51.0   53.0
 21 6514.244726 3.198E-29 1.314E-04.06620.076 2181.26900.74-.008978       2 1 1 22       0 2 2 01                    P 46e     466563342910 9 711    91.0   93.0
 21 6514.249673 1.943E-24 8.725E-04.07550.102   81.94010.69-.005392       3 0 0 11       0 0 0 01                    R 14e     686663344510 9 711    31.0   29.0
 21 6514.261021 9.896E-29 1.333E-03.06500.072 2454.95170.73-.008202       3 2 2 11       0 2 2 01                    P 53f     465553342910 9 711   105.0  107.0
 21 6514.476313 6.946E-29 9.454E-04.06810.085 2370.69800.74-.007226       4 1 1 12       1 1 1 02                    R 33e     566663342910 9 711    69.0   67.0
 21 6514.534581 4.132E-29 3.959E-03.06650.078 2815.06110.75-.007738       4 1 1 11       1 1 1 01                    P 43e     466563342910 9 711    85.0   87.0
 21 6514.564464 9.498E-30 4.792E-07.06720.081 1246.92050.75-.007653       2 3 3 11       0 1 1 01                    R 38f     536663343010 9 711    79.0   77.0
 21 6514.584866 5.753E-30 3.119E-05.06600.074 2255.56680.74-.007167       4 3 3 01       0 2 2 01                    R 48e     466563342910 9 711    99.0   97.0
 21 6514.627910 3.745E-29 4.179E-03.06640.077 2851.22260.74-.007785       4 1 1 11       1 1 1 01                    P 44f     466563342910 9 711    87.0   89.0
 21 6514.644758 1.387E-27 1.923E-05.07090.094  882.97140.72-.007305       1 2 2 22       0 1 1 01                    R 23e     566663342910 9 711    49.0   47.0
 21 6514.681326 3.933E-28 2.009E-05.06270.069 1333.76790.72-.008936       2 2 2 11       0 0 0 01                    R 58e     565553342910 9 711   119.0  117.0
 21 6514.740778 6.414E-27 3.084E-03.07130.095 1585.59040.71-.006705       4 0 0 11       1 0 0 01                    P 22e     566663342910 9 711    43.0   45.0
 21 6514.751720 1.262E-30 6.263E-03.06620.076 3641.17480.74-.007879       5 0 0 11       2 0 0 01                    P 46e     466563342910 9 711    91.0   93.0
 21 6514.762159 7.806E-26 1.386E-03.06990.092  941.97360.73-.006909       3 1 1 11       0 1 1 01                    P 26f     566663342910 9 711    51.0   53.0
 21 6514.802686 1.326E-29 5.916E-07.06730.082 1216.35090.75-.007579       2 3 3 11       0 1 1 01                    R 37e     536663343010 9 711    77.0   75.0
 21 6514.820645 1.373E-27 2.008E-05.07060.093  902.08370.72-.007409       1 2 2 22       0 1 1 01                    R 24f     566663342910 9 711    51.0   49.0
 21 6514.827273 1.748E-30 1.714E-05.05930.066 2444.32390.69-.008047       5 0 0 01       0 1 1 01                    R 67e     465553342910 9 711   137.0  135.0
 21 6514.829120 7.300E-30 1.261E-03.07870.108 2628.13420.68-.005968       4 2 2 12       1 2 2 02                    P 10e     466663342910 9 711    19.0   21.0
 21 6514.832363 1.203E-28 1.351E-03.06530.072 2413.51370.74-.008156       3 2 2 11       0 2 2 01                    P 52e     465553342910 9 711   103.0  105.0
 21 6514.876500 7.278E-29 9.046E-04.06830.086 2345.92090.74-.007146       4 1 1 12       1 1 1 02                    R 32f     566663342910 9 711    67.0   65.0
 21 6514.897308 3.127E-30 6.013E-05.06900.088 2416.41710.74-.005934       5 2 2 01       1 1 1 01                    R 29e     466663342910 9 711    61.0   59.0
 21 6515.043456 3.652E-29 1.756E-04.06620.075 2218.02950.74-.009033       2 1 1 22       0 2 2 01                    P 47f     566563342910 9 711    93.0   95.0
 21 6515.059246 2.173E-30 2.650E-05.07370.100 2196.30940.70-.007267       3 0 0 22       1 1 1 01                    P 17e     466663342910 9 711    33.0   35.0
 21 6515.064507 4.579E-29 3.689E-05.05870.066 1936.09530.69-.010513       1 1 1 22       0 0 0 01                    Q 70e     565553342910 9 711   141.0  141.0
 21 6515.107470 8.320E-26 1.390E-03.07020.093  921.23810.72-.006858       3 1 1 11       0 1 1 01                    P 25e     566663342910 9 711    49.0   51.0
 21 6515.163947 2.192E-30 4.593E-05.06880.088 2440.69170.74-.006009       5 2 2 01       1 1 1 01                    R 30f     466663342910 9 711    63.0   61.0
 21 6515.426227 4.954E-30 3.172E-05.06590.074 2293.88690.74-.007223       4 3 3 01       0 2 2 01                    R 49f     466563342910 9 711   101.0   99.0
 21 6515.454283 1.675E-30 6.677E-06.06040.068 2240.23760.71-.009862       2 0 0 22       0 1 1 01                    P 63e     535553343010 9 711   125.0  127.0
 21 6515.495304 5.644E-29 9.438E-04.06770.084 2424.57170.74-.007382       4 1 1 12       1 1 1 02                    R 35e     566663342910 9 711    73.0   71.0
 21 6515.557778 1.053E-29 1.205E-05.09050.120 1390.52530.70-.003856       2 1 1 22       1 0 0 01                    R  2e     566663342910 9 711     7.0    5.0
 21 6515.663837 1.952E-24 8.734E-04.07420.100  106.12970.70-.005630       3 0 0 11       0 0 0 01                    R 16e     686663344510 9 711    35.0   33.0
 21 6515.692049 6.817E-30 1.268E-03.07970.109 2620.29580.68-.005881       4 2 2 12       1 2 2 02                    P  9f     466663342910 9 711    17.0   19.0
 21 6515.738244 1.247E-27 1.926E-05.07020.092  921.23810.73-.007512       1 2 2 22       0 1 1 01                    R 25e     566663342910 9 711    53.0   51.0
 21 6515.800852 7.941E-30 5.150E-07.06690.080 1308.67160.75-.007799       2 3 3 11       0 1 1 01                    R 40f     536663343010 9 711    83.0   81.0
 21 6515.818678 2.917E-28 2.263E-05.06170.069 1426.41530.71-.009046       2 2 2 11       0 0 0 01                    R 60e     565553342910 9 711   123.0  121.0
 21 6515.830952 1.232E-27 2.028E-05.06990.091  941.97360.73-.007613       1 2 2 22       0 1 1 01                    R 26f     566663342910 9 711    55.0   53.0
 21 6516.021079 5.941E-29 8.994E-04.06790.084 2398.36040.74-.007305       4 1 1 12       1 1 1 02                    R 34f     566663342910 9 711    71.0   69.0
 21 6516.094664 4.589E-30 3.485E-05.06580.073 2332.98210.74-.007278       4 3 3 01       0 2 2 01                    R 50e     466553342910 9 711   103.0  101.0
 21 6516.142858 1.199E-29 6.813E-07.06700.080 1276.44760.75-.007726       2 3 3 11       0 1 1 01                    R 39e     536663343010 9 711    81.0   79.0
 21 6516.249503 1.412E-26 8.717E-06.07060.094  234.08340.72-.007754       1 1 1 22       0 0 0 01                    P 24e     566663342910 9 711    47.0   49.0
 21 6516.333739 1.426E-28 1.341E-03.06560.073 2372.86140.74-.008111       3 2 2 11       0 2 2 01                    P 51f     465553342910 9 711   101.0  103.0
 21 6516.373937 7.471E-29 3.664E-05.05910.066 1827.97240.69-.010411       1 1 1 22       0 0 0 01                    Q 68e     565553342910 9 711   137.0  137.0
 21 6516.419380 5.524E-29 4.026E-03.06680.080 2748.76860.75-.007642       4 1 1 11       1 1 1 01                    P 41e     466563342910 9 711    81.0   83.0
 21 6516.425539 5.032E-29 4.231E-03.06660.079 2783.21020.75-.007690       4 1 1 11       1 1 1 01                    P 42f     466563342910 9 711    83.0   85.0
 21 6516.430489 6.912E-27 3.114E-03.07220.097 1552.04330.71-.006601       4 0 0 11       1 0 0 01                    P 20e     566663342910 9 711    39.0   41.0
 21 6516.457166 3.145E-30 7.157E-05.06850.087 2464.01850.74-.006083       5 2 2 01       1 1 1 01                    R 31e     466663342910 9 711    65.0   63.0
 21 6516.464605 1.736E-30 6.384E-03.06640.077 3570.15700.74-.007785       5 0 0 11       2 0 0 01                    P 44e     466563342910 9 711    87.0   89.0
 21 6516.485565 4.503E-29 9.420E-04.06730.082 2481.56240.75-.007533       4 1 1 12       1 1 1 02                    R 37e     566663342910 9 711    77.0   75.0
 21 6516.526064 8.808E-26 1.398E-03.07060.094  902.08370.72-.006808       3 1 1 11       0 1 1 01                    P 24f     566663342910 9 711    47.0   49.0
 21 6516.541129 6.214E-30 1.266E-03.08080.111 2613.24130.68-.005785       4 2 2 12       1 2 2 02                    P  8e     466663342910 9 711    15.0   17.0
 21 6516.695645 2.097E-30 5.252E-05.06830.086 2489.96950.74-.006155       5 2 2 01       1 1 1 01                    R 32f     466663342910 9 711    67.0   65.0
 21 6516.795137 1.101E-27 1.934E-05.06960.090  962.62570.73-.007712       1 2 2 22       0 1 1 01                    R 27e     566663342910 9 711    57.0   55.0
 21 6516.799319 1.086E-27 2.055E-05.06930.089  984.98900.73-.007809       1 2 2 22       0 1 1 01                    R 28f     566663342910 9 711    59.0   57.0
 21 6516.939237 2.118E-28 2.535E-05.06080.068 1522.16110.71-.009153       2 2 2 11       0 0 0 01                    R 62e     565553342910 9 711   127.0  125.0
 21 6516.950712 9.277E-26 1.402E-03.07090.095  882.97140.72-.006757       3 1 1 11       0 1 1 01                    P 23e     566663342910 9 711    45.0   47.0
 21 6516.952876 3.892E-30 3.521E-05.06560.072 2372.86140.74-.007332       4 3 3 01       0 2 2 01                    R 51f     465553342910 9 711   105.0  103.0
 21 6516.955726 1.727E-28 1.365E-03.06580.074 2332.98210.74-.008065       3 2 2 11       0 2 2 01                    P 50e     466553342910 9 711    99.0  101.0
 21 6517.011660 1.254E-29 9.384E-06.08660.116 1395.98790.69-.004395       2 1 1 22       1 0 0 01                    R  4e     566663342910 9 711    11.0    9.0
 21 6517.017273 6.161E-30 5.227E-07.06660.078 1373.54200.75-.007940       2 3 3 11       0 1 1 01                    R 42f     536563343010 9 711    87.0   85.0
 21 6517.060714 1.904E-24 8.731E-04.07310.098  133.43930.70-.005853       3 0 0 11       0 0 0 01                    R 18e     686663344510 9 711    39.0   37.0
 21 6517.062650 1.686E-30 2.066E-05.07480.102 2170.54690.69-.007125       3 0 0 22       1 1 1 01                    P 15e     466663342910 9 711    29.0   31.0
 21 6517.143383 4.758E-29 8.936E-04.06750.083 2453.92450.74-.007458       4 1 1 12       1 1 1 02                    R 36f     566663342910 9 711    75.0   73.0
 21 6517.145316 4.794E-29 1.459E-04.06640.077 2110.09010.74-.008868       2 1 1 22       0 2 2 01                    P 44e     466563342910 9 711    87.0   89.0
 21 6517.384503 5.525E-30 1.260E-03.08200.112 2606.97050.68-.005678       4 2 2 12       1 2 2 02                    P  7f     466663342910 9 711    13.0   15.0
 21 6517.447439 3.527E-29 9.397E-04.06700.080 2541.66900.75-.007680       4 1 1 12       1 1 1 02                    R 39e     566663342910 9 711    81.0   79.0
 21 6517.468700 1.029E-29 7.579E-07.06680.079 1339.65920.75-.007870       2 3 3 11       0 1 1 01                    R 41e     536563343010 9 711    85.0   83.0
 21 6517.593675 3.591E-30 3.885E-05.06530.072 2413.51370.73-.007385       4 3 3 01       0 2 2 01                    R 52e     465553342910 9 711   107.0  105.0
 21 6517.642500 1.200E-28 3.640E-05.05950.067 1722.94130.70-.010306       1 1 1 22       0 0 0 01                    Q 66e     565553342910 9 711   133.0  133.0
 21 6517.725826 9.399E-28 2.085E-05.06880.088 1031.12910.74-.007998       1 2 2 22       0 1 1 01                    R 30f     566663342910 9 711    63.0   61.0
 21 6517.769603 5.724E-29 2.021E-04.06630.077 2145.29050.74-.008923       2 1 1 22       0 2 2 01                    P 45f     566563342910 9 711    89.0   91.0
 21 6517.815555 9.534E-28 1.944E-05.06900.088 1007.13350.74-.007904       1 2 2 22       0 1 1 01                    R 29e     566663342910 9 711    61.0   59.0
 21 6517.875926 1.368E-30 1.584E-05.07780.105 2128.38770.68-.004197       6 0 0 01       1 1 1 01                    R 11e     466663342910 9 711    25.0   23.0
 21 6518.005480 3.079E-30 8.450E-05.06810.085 2514.73720.74-.006226       5 2 2 01       1 1 1 01                    R 33e     466663342910 9 711    69.0   67.0
 21 6518.042733 1.506E-28 2.826E-05.06010.067 1621.00360.70-.009258       2 2 2 11       0 0 0 01                    R 64e     565553342910 9 711   131.0  129.0
 21 6518.069257 1.155E-30 5.109E-07.08340.112 1351.58130.68-.003458       5 1 1 01       0 2 2 01                    R  6e     466663342910 9 711    15.0   13.0
 21 6518.108413 7.260E-27 3.146E-03.07310.099 1521.61540.70-.006493       4 0 0 11       1 0 0 01                    P 18e     566663342910 9 711    35.0   37.0
 21 6518.174474 2.346E-30 6.504E-03.06660.079 3502.25510.75-.007690       5 0 0 11       2 0 0 01                    P 42e     466563342910 9 711    83.0   85.0
 21 6518.196491 1.014E-30 4.938E-07.06930.089 1653.07410.73-.006854       2 4 4 11       0 2 2 01                    R 28e     366663202910 9 711    59.0   57.0
 21 6518.211649 4.316E-30 4.873E-07.06640.077 1441.53070.74-.008076       2 3 3 11       0 1 1 01                    R 44f     536563343010 9 711    91.0   89.0
 21 6518.214749 6.642E-29 4.283E-03.06690.080 2718.31800.75-.007595       4 1 1 11       1 1 1 01                    P 40f     466663342910 9 711    79.0   81.0
 21 6518.217657 4.729E-30 1.241E-03.08340.114 2601.48350.68-.005557       4 2 2 12       1 2 2 02                    P  6e     466663342910 9 711    11.0   13.0
 21 6518.224555 1.954E-30 5.961E-05.06790.084 2542.37180.74-.006296       5 2 2 01       1 1 1 01                    R 34f     466663342910 9 711    71.0   69.0
 21 6518.243799 3.741E-29 8.876E-04.06720.081 2512.61220.75-.007607       4 1 1 12       1 1 1 02                    R 38f     566663342910 9 711    79.0   77.0
 21 6518.274586 9.715E-26 1.411E-03.07130.095  865.31990.71-.006705       3 1 1 11       0 1 1 01                    P 22f     566663342910 9 711    43.0   45.0
 21 6518.292034 7.252E-29 4.092E-03.06700.081 2685.58900.75-.007546       4 1 1 11       1 1 1 01                    P 39e     466663342910 9 711    77.0   79.0
 21 6518.296194 1.632E-26 9.220E-06.07130.095  197.41660.71-.007630       1 1 1 22       0 0 0 01                    P 22e     566663342910 9 711    43.0   45.0
 21 6518.381291 2.713E-29 9.369E-04.06680.079 2604.89030.75-.007822       4 1 1 12       1 1 1 02                    R 41e     566563342910 9 711    85.0   83.0
 21 6518.394946 2.015E-28 1.345E-03.06590.074 2293.88690.74-.008019       3 2 2 11       0 2 2 01                    P 49f     466563342910 9 711    97.0   99.0
 21 6518.418387 1.282E-29 7.338E-06.08340.112 1404.57190.68-.004872       2 1 1 22       1 0 0 01                    R  6e     566663342910 9 711    15.0   13.0
 21 6518.440491 1.807E-24 8.718E-04.07220.096  163.86840.71-.006063       3 0 0 11       0 0 0 01                    R 20e     686663344510 9 711    43.0   41.0
 21 6518.472652 2.999E-30 3.897E-05.06500.071 2454.95170.73-.007437       4 3 3 01       0 2 2 01                    R 53f     465553342910 9 711   109.0  107.0
 21 6518.610611 8.000E-28 2.121E-05.06830.086 1080.39310.74-.008180       1 2 2 22       0 1 1 01                    R 32f     566663342910 9 711    67.0   65.0
 21 6518.755543 2.097E-30 5.384E-06.06120.069 2142.84200.71-.009763       2 0 0 22       0 1 1 01                    P 61e     565553342910 9 711   121.0  123.0
 21 6518.770767 1.011E-25 1.414E-03.07170.096  847.82630.71-.006653       3 1 1 11       0 1 1 01                    P 21e     566663342910 9 711    41.0   43.0
 21 6518.778633 8.295E-30 8.058E-07.06650.077 1405.98470.74-.008008       2 3 3 11       0 1 1 01                    R 43e     536563343010 9 711    89.0   87.0
 21 6518.799662 8.112E-28 1.957E-05.06850.087 1054.76070.74-.008090       1 2 2 22       0 1 1 01                    R 31e     566663342910 9 711    65.0   63.0
 21 6518.870458 1.897E-28 3.616E-05.06010.068 1621.00360.71-.010199       1 1 1 22       0 0 0 01                    Q 64e     565553342910 9 711   129.0  129.0
 21 6518.895991 1.041E-30 5.476E-07.06900.088 1675.77720.74-.006940       2 4 4 11       0 2 2 01                    R 29f     366663202910 9 711    61.0   59.0
 21 6519.009459 1.211E-30 1.543E-05.07620.104 2147.90620.68-.006971       3 0 0 22       1 1 1 01                    P 13e     466663342910 9 711    25.0   27.0
 21 6519.043206 3.828E-30 1.200E-03.08490.116 2596.78030.69-.005417       4 2 2 12       1 2 2 02                    P  5f     466663342910 9 711     9.0   11.0
 21 6519.043404 1.695E-30 6.797E-07.08200.111 1357.06440.68-.003626       5 1 1 01       0 2 2 01                    R  7f     466663342910 9 711    17.0   15.0
 21 6519.058368 2.434E-28 1.377E-03.06600.075 2255.56680.74-.007973       3 2 2 11       0 2 2 01                    P 48e     466563342910 9 711    95.0   97.0
 21 6519.080703 2.758E-30 4.321E-05.06470.071 2497.16010.73-.007489       4 3 3 01       0 2 2 01                    R 54e     465553342910 9 711   111.0  109.0
 21 6519.128897 1.049E-28 3.136E-05.05950.067 1722.94130.70-.009360       2 2 2 11       0 0 0 01                    R 66e     565553342910 9 711   135.0  133.0
 21 6519.287514 2.051E-29 9.341E-04.06650.077 2671.22530.74-.007960       4 1 1 12       1 1 1 02                    R 43e     566563342910 9 711    89.0   87.0
 21 6519.322736 2.887E-29 8.807E-04.06690.080 2574.42230.75-.007752       4 1 1 12       1 1 1 02                    R 40f     566663342910 9 711    83.0   81.0
 21 6519.380585 2.572E-30 3.932E-07.06620.075 1512.63650.74-.008210       2 3 3 11       0 1 1 01                    R 46f     436563343010 9 711    95.0   93.0
 21 6519.453890 6.698E-28 2.162E-05.06790.084 1132.78030.74-.008358       1 2 2 22       0 1 1 01                    R 34f     566663342910 9 711    71.0   69.0
 21 6519.479918 1.934E-30 2.124E-05.07620.103 2147.90620.68-.004438       6 0 0 01       1 1 1 01                    R 13e     466663342910 9 711    29.0   27.0
 21 6519.540591 2.939E-30 9.909E-05.06770.084 2568.57240.74-.006365       5 2 2 01       1 1 1 01                    R 35e     466663342910 9 711    73.0   71.0
 21 6519.575017 2.349E-30 8.690E-07.08080.109 1363.33080.68-.003783       5 1 1 01       0 2 2 01                    R  8e     466663342910 9 711    19.0   17.0
 21 6519.592127 1.038E-30 5.928E-07.06880.088 1699.26250.74-.007025       2 4 4 11       0 2 2 01                    R 30e     366663202910 9 711    63.0   61.0
 21 6519.747688 6.784E-28 1.974E-05.06810.085 1105.50660.74-.008270       1 2 2 22       0 1 1 01                    R 33e     566663342910 9 711    69.0   67.0
 21 6519.750521 1.776E-30 6.721E-05.06750.083 2597.89790.74-.006433       5 2 2 01       1 1 1 01                    R 36f     466663342910 9 711    75.0   73.0
 21 6519.774306 7.415E-27 3.178E-03.07420.101 1494.30710.69-.006379       4 0 0 11       1 0 0 01                    P 16e     566663342910 9 711    31.0   33.0
 21 6519.778418 1.188E-29 5.685E-06.08080.109 1416.27720.68-.005279       2 1 1 22       1 0 0 01                    R  8e     566663342910 9 711    19.0   17.0
 21 6519.803380 1.672E-24 8.696E-04.07130.095  197.41660.72-.006262       3 0 0 11       0 0 0 01                    R 22e     686663344510 9 711    47.0   45.0
 21 6519.860005 2.798E-30 1.107E-03.08660.118 2592.86090.69-.005249       4 2 2 12       1 2 2 02                    P  4e     466663342910 9 711     7.0    9.0
 21 6519.880849 3.113E-30 6.622E-03.06690.080 3437.46960.75-.007595       5 0 0 11       2 0 0 01                    P 40e     466663342910 9 711    79.0   81.0
 21 6519.982280 7.222E-29 1.657E-04.06660.079 2042.03130.75-.008757       2 1 1 22       0 2 2 01                    P 42e     466563342910 9 711    83.0   85.0
 21 6519.984979 2.267E-30 4.301E-05.06420.070 2540.15640.73-.007540       4 3 3 01       0 2 2 01                    R 55f     465553342910 9 711   113.0  111.0
 21 6519.995191 8.607E-29 4.332E-03.06720.082 2656.54690.75-.007498       4 1 1 11       1 1 1 01                    P 38f     466663342910 9 711    75.0   77.0
 21 6520.007518 1.046E-25 1.423E-03.07220.097  831.68290.71-.006601       3 1 1 11       0 1 1 01                    P 20f     566663342910 9 711    39.0   41.0
 21 6520.058069 2.953E-28 3.594E-05.06080.068 1522.16110.71-.010090       1 1 1 22       0 0 0 01                    Q 62e     565553342910 9 711   125.0  125.0
 21 6520.070166 6.170E-30 8.042E-07.06630.076 1475.42300.74-.008143       2 3 3 11       0 1 1 01                    R 45e     436563343010 9 711    93.0   91.0
 21 6520.151953 9.346E-29 4.157E-03.06730.083 2625.52330.74-.007450       4 1 1 11       1 1 1 01                    P 37e     466663342910 9 711    73.0   75.0
 21 6520.166520 1.523E-29 9.305E-04.06630.076 2740.67270.74-.008095       4 1 1 12       1 1 1 02                    R 45e     466563342910 9 711    93.0   91.0
 21 6520.197458 7.155E-29 3.463E-05.05910.066 1827.97240.69-.009460       2 2 2 11       0 0 0 01                    R 68e     565553342910 9 711   139.0  137.0
 21 6520.256001 5.520E-28 2.210E-05.06750.083 1188.28970.74-.008529       1 2 2 22       0 1 1 01                    R 36f     566663342910 9 711    75.0   73.0
 21 6520.286675 1.052E-30 6.553E-07.06850.087 1723.52920.74-.007108       2 4 4 11       0 2 2 01                    R 31f     366663202910 9 711    65.0   63.0
 21 6520.299623 1.837E-26 9.727E-06.07220.097  163.86840.71-.007503       1 1 1 22       0 0 0 01                    P 20e     566663342910 9 711    39.0   41.0
 21 6520.380623 2.189E-29 8.738E-04.06660.078 2639.35360.75-.007892       4 1 1 12       1 1 1 02                    R 42f     566563342910 9 711    87.0   85.0
 21 6520.437010 9.036E-29 2.384E-04.06650.078 2075.67110.75-.008813       2 1 1 22       0 2 2 01                    P 43f     466563342910 9 711    85.0   87.0
 21 6520.444908 2.788E-28 1.343E-03.06620.075 2218.02950.74-.007926       3 2 2 11       0 2 2 01                    P 47f     466563342910 9 711    93.0   95.0
 21 6520.518303 1.115E-30 2.347E-07.06600.074 1586.85820.74-.008339       2 3 3 11       0 1 1 01                    R 48f     436563343010 9 711    99.0   97.0
 21 6520.554491 2.079E-30 4.795E-05.06380.070 2583.91980.72-.007590       4 3 3 01       0 2 2 01                    R 56e     465553342910 9 711   115.0  113.0
 21 6520.567459 1.074E-25 1.426E-03.07260.098  815.80320.70-.006547       3 1 1 11       0 1 1 01                    P 19e     566663342910 9 711    37.0   39.0
 21 6520.657983 3.122E-30 1.082E-06.07970.108 1370.38040.68-.003929       5 1 1 01       0 2 2 01                    R  9f     466663342910 9 711    21.0   19.0
 21 6520.659960 5.580E-28 1.994E-05.06770.084 1159.37030.74-.008444       1 2 2 22       0 1 1 01                    R 35e     566663342910 9 711    73.0   71.0
 21 6520.668639 1.584E-30 8.644E-04.08850.120 2589.72540.70-.005032       4 2 2 12       1 2 2 02                    P  3f     466663342910 9 711     5.0    7.0
 21 6520.977612 1.028E-30 7.019E-07.06830.086 1748.57800.74-.007190       2 4 4 11       0 2 2 01                    R 32e     366663202910 9 711    67.0   65.0
 21 6521.017465 4.480E-28 2.265E-05.06720.081 1246.92050.75-.008696       1 2 2 22       0 1 1 01                    R 38f     566663342910 9 711    79.0   77.0
 21 6521.018749 1.112E-29 9.271E-04.06620.075 2813.23130.74-.008225       4 1 1 12       1 1 1 02                    R 47e     466563342910 9 711    97.0   95.0
 21 6521.060912 2.736E-30 1.154E-04.06730.082 2625.52330.75-.006499       5 2 2 01       1 1 1 01                    R 37e     466663342910 9 711    77.0   75.0
 21 6521.066537 3.994E-30 1.313E-06.07870.107 1378.21320.68-.004067       5 1 1 01       0 2 2 01                    R 10e     466663342910 9 711    23.0   21.0
 21 6521.091880 2.531E-30 2.728E-05.07480.101 2170.54690.69-.004659       6 0 0 01       1 1 1 01                    R 15e     466663342910 9 711    33.0   31.0
 21 6521.092480 1.019E-29 4.331E-06.07870.107 1431.10360.68-.005633       2 1 1 22       1 0 0 01                    R 10e     566663342910 9 711    23.0   21.0
 21 6521.140837 3.365E-28 1.386E-03.06620.076 2181.26900.74-.007879       3 2 2 11       0 2 2 01                    P 46e     466563342910 9 711    91.0   93.0
 21 6521.149617 1.513E-24 8.666E-04.07060.093  234.08340.72-.006453       3 0 0 11       0 0 0 01                    R 24e     686663344510 9 711    51.0   49.0
 21 6521.205587 4.523E-28 3.572E-05.06170.069 1426.41530.72-.009979       1 1 1 22       0 0 0 01                    Q 60e     565553342910 9 711   121.0  121.0
 21 6521.248151 4.781E-29 3.805E-05.05870.066 1936.09530.68-.009557       2 2 2 11       0 0 0 01                    R 70e     465553342910 9 711   143.0  141.0
 21 6521.273367 1.577E-30 7.539E-05.06720.081 2656.54690.75-.006565       5 2 2 01       1 1 1 01                    R 38f     466663342910 9 711    79.0   77.0
 21 6521.339214 4.073E-30 7.245E-07.06620.075 1547.97310.74-.008275       2 3 3 11       0 1 1 01                    R 47e     436563343010 9 711    97.0   95.0
 21 6521.417908 1.630E-29 8.662E-04.06640.077 2707.40490.74-.008028       4 1 1 12       1 1 1 02                    R 44f     566563342910 9 711    91.0   89.0
 21 6521.427952 7.339E-27 3.212E-03.07550.103 1470.11880.68-.006257       4 0 0 11       1 0 0 01                    P 14e     566663342910 9 711    27.0   29.0
 21 6521.489273 1.682E-30 4.737E-05.06320.070 2628.47400.72-.007640       4 3 3 01       0 2 2 01                    R 57f     465553342910 9 711   117.0  115.0
 21 6521.536942 4.518E-28 2.020E-05.06730.082 1216.35090.75-.008613       1 2 2 22       0 1 1 01                    R 37e     566663342910 9 711    77.0   75.0
 21 6521.583264 4.055E-30 6.736E-03.06720.082 3375.80150.75-.007498       5 0 0 11       2 0 0 01                    P 38e     466663342910 9 711    75.0   77.0
 21 6521.667377 1.029E-30 7.736E-07.06810.085 1774.40800.74-.007270       2 4 4 11       0 2 2 01                    R 33f     366663202910 9 711    69.0   67.0
 21 6521.724671 1.098E-25 1.436E-03.07310.099  801.17310.70-.006493       3 1 1 11       0 1 1 01                    P 18f     566663342910 9 711    35.0   37.0
 21 6521.739089 3.582E-28 2.327E-05.06690.080 1308.67160.75-.008858       1 2 2 22       0 1 1 01                    R 40f     566663342910 9 711    83.0   81.0
 21 6521.766532 1.095E-28 4.380E-03.06750.084 2597.89790.74-.007401       4 1 1 11       1 1 1 01                    P 36f     466663342910 9 711    71.0   73.0
 21 6521.844668 7.979E-30 9.232E-04.06590.074 2888.89970.74-.008352       4 1 1 12       1 1 1 02                    R 49e     466563342910 9 711   101.0   99.0
 21 6521.998595 1.182E-28 4.219E-03.06770.084 2568.57240.74-.007353       4 1 1 11       1 1 1 01                    P 35e     466663342910 9 711    69.0   71.0
 21 6522.001342 2.946E-30 4.952E-06.06220.069 2048.54700.72-.009663       2 0 0 22       0 1 1 01                    P 59e     565553342910 9 711   117.0  119.0
 21 6522.013733 1.539E-30 5.312E-05.06270.069 2673.79130.72-.007689       4 3 3 01       0 2 2 01                    R 58e     465553342910 9 711   119.0  117.0
 21 6522.259823 2.011E-26 1.024E-05.07310.099  133.43930.70-.007372       1 1 1 22       0 0 0 01                    P 18e     566663342910 9 711    35.0   37.0
 21 6522.280717 3.131E-29 4.164E-05.05840.065 2047.30810.68-.009652       2 2 2 11       0 0 0 01                    R 72e     465553342910 9 711   147.0  145.0
 21 6522.282868 4.978E-30 1.570E-06.07780.105 1386.82910.68-.004197       5 1 1 01       0 2 2 01                    R 11f     466663342910 9 711    25.0   23.0
 21 6522.313259 6.818E-28 3.551E-05.06270.070 1333.76790.72-.009865       1 1 1 22       0 0 0 01                    Q 58e     565553342910 9 711   117.0  117.0
 21 6522.340624 1.111E-25 1.438E-03.07370.100  786.90280.70-.006437       3 1 1 11       0 1 1 01                    P 17e     566663342910 9 711    33.0   35.0
 21 6522.361715 8.198E-30 3.240E-06.07700.104 1449.05090.68-.005947       2 1 1 22       1 0 0 01                    R 12e     566663342910 9 711    27.0   25.0
 21 6522.379317 3.603E-28 2.051E-05.06700.080 1276.44760.75-.008777       1 2 2 22       0 1 1 01                    R 39e     566663342910 9 711    81.0   79.0
 21 6522.422135 2.825E-28 2.401E-05.06660.078 1373.54200.75-.009015       1 2 2 22       0 1 1 01                    R 42f     566563342910 9 711    87.0   85.0
 21 6522.435056 1.192E-29 8.578E-04.06620.075 2778.57490.74-.008160       4 1 1 12       1 1 1 02                    R 46f     566563342910 9 711    95.0   93.0
 21 6522.479466 1.339E-24 8.628E-04.06990.091  273.86800.73-.006636       3 0 0 11       0 0 0 01                    R 26e     686663344510 9 711    55.0   53.0
 21 6522.484334 3.773E-28 1.334E-03.06630.077 2145.29050.74-.007832       3 2 2 11       0 2 2 01                    P 45f     466563342910 9 711    89.0   91.0
 21 6522.543897 6.024E-30 1.842E-06.07700.104 1396.22820.68-.004320       5 1 1 01       0 2 2 01                    R 12e     466663342910 9 711    27.0   25.0
 21 6522.564956 2.486E-30 1.335E-04.06700.080 2685.58900.75-.006629       5 2 2 01       1 1 1 01                    R 39e     466663342910 9 711    81.0   79.0
 21 6522.578801 2.184E-30 5.392E-07.06590.074 1623.63350.74-.008402       2 3 3 11       0 1 1 01                    R 49e     436563343010 9 711   101.0   99.0
 21 6522.644769 5.629E-30 9.190E-04.06560.072 2967.67660.74-.008476       4 1 1 12       1 1 1 02                    R 51e     465553342910 9 711   105.0  103.0
 21 6522.712092 3.105E-30 3.385E-05.07370.099 2196.30940.70-.004864       6 0 0 01       1 1 1 01                    R 17e     466663342910 9 711    37.0   35.0
 21 6522.753914 1.098E-28 1.932E-04.06690.080 1977.09380.75-.008645       2 1 1 22       0 2 2 01                    P 40e     466663342910 9 711    79.0   81.0
 21 6522.792895 1.368E-30 8.408E-05.06690.080 2718.31800.75-.006693       5 2 2 01       1 1 1 01                    R 40f     466663342910 9 711    83.0   81.0
 21 6522.871472 1.147E-30 2.551E-04.08340.114 2601.48350.68-.004758       4 2 2 12       1 2 2 02                    Q  6e     466663342910 9 711    13.0   13.0
 21 6522.920863 1.382E-30 3.550E-04.08490.116 2596.78030.69-.004577       4 2 2 12       1 2 2 02                    Q  5f     466663342910 9 711    11.0   11.0
 21 6522.962555 1.718E-30 5.292E-04.08660.118 2592.86090.69-.004375       4 2 2 12       1 2 2 02                    Q  4e     466663342910 9 711     9.0    9.0
 21 6522.984939 1.225E-30 5.205E-05.06220.069 2719.90300.72-.007737       4 3 3 01       0 2 2 01                    R 59f     465553342910 9 711   121.0  119.0
 21 6522.995514 2.252E-30 8.785E-04.08850.120 2589.72540.70-.004146       4 2 2 12       1 2 2 02                    Q  3f     466663342910 9 711     7.0    7.0
 21 6523.020280 3.244E-30 1.751E-03.09050.123 2587.37380.69-.003886       4 2 2 12       1 2 2 02                    Q  2e     466663342910 9 711     5.0    5.0
 21 6523.042793 1.441E-28 2.890E-04.06680.080 2009.17250.75-.008701       2 1 1 22       0 2 2 01                    P 41f     466563342910 9 711    81.0   83.0
 21 6523.068626 2.198E-28 2.486E-05.06640.077 1441.53070.74-.009168       1 2 2 22       0 1 1 01                    R 44f     566563342910 9 711    91.0   89.0
 21 6523.069164 7.005E-27 3.251E-03.07700.105 1449.05090.68-.006122       4 0 0 11       1 0 0 01                    P 12e     566663342910 9 711    23.0   25.0
 21 6523.188100 2.833E-28 2.090E-05.06680.079 1339.65920.75-.008937       1 2 2 22       0 1 1 01                    R 41e     566563342910 9 711    85.0   83.0
 21 6523.203910 4.560E-28 1.391E-03.06640.077 2110.09010.74-.007785       3 2 2 11       0 2 2 01                    P 44e     466563342910 9 711    87.0   89.0
 21 6523.281271 5.185E-30 6.848E-03.06750.084 3317.25140.74-.007401       5 0 0 11       2 0 0 01                    P 36e     466663342910 9 711    71.0   73.0
 21 6523.294907 2.009E-29 4.535E-05.05810.065 2161.60910.67-.009744       2 2 2 11       0 0 0 01                    R 74e     465553342910 9 711   151.0  149.0
 21 6523.381325 1.011E-27 3.529E-05.06380.070 1244.22040.73-.009750       1 1 1 22       0 0 0 01                    Q 56e     565553342910 9 711   113.0  113.0
 21 6523.419573 3.904E-30 9.143E-04.06500.071 3049.56050.73-.008596       4 1 1 12       1 1 1 02                    R 53e     465553342910 9 711   109.0  107.0
 21 6523.425869 1.120E-25 1.448E-03.07420.101  773.79110.69-.006379       3 1 1 11       0 1 1 01                    P 16f     566663342910 9 711    31.0   33.0
 21 6523.432543 8.570E-30 8.494E-04.06600.074 2852.86230.74-.008289       4 1 1 12       1 1 1 02                    R 48f     466563342910 9 711    99.0   97.0
 21 6523.457084 1.119E-30 5.875E-05.06170.069 2766.77310.71-.007785       4 3 3 01       0 2 2 01                    R 60e     465553342910 9 711   123.0  121.0
 21 6523.528452 1.367E-28 4.426E-03.06790.085 2542.37180.74-.007304       4 1 1 11       1 1 1 01                    P 34f     466663342910 9 711    67.0   69.0
 21 6523.575737 1.111E-30 4.327E-07.07310.098 1521.61540.70-.005890       3 2 2 11       1 0 0 01                    R 18e     536663343010 9 711    39.0   37.0
 21 6523.587936 6.264E-30 2.390E-06.07550.102 1470.11880.69-.006233       2 1 1 22       1 0 0 01                    R 14e     566663342910 9 711    31.0   29.0
 21 6523.681908 1.689E-28 2.585E-05.06620.075 1512.63650.74-.009316       1 2 2 22       0 1 1 01                    R 46f     566563342910 9 711    95.0   93.0
 21 6523.694715 1.107E-30 1.384E-04.06620.075 2887.73740.74-.006770       5 2 2 01       0 3 3 01                    P 47e     466563342910 9 711    93.0   95.0
 21 6523.793212 1.159E-24 8.584E-04.06930.089  316.76990.73-.006812       3 0 0 11       0 0 0 01                    R 28e     686663344510 9 711    59.0   57.0
 21 6523.831466 1.467E-28 4.281E-03.06810.086 2514.73720.74-.007255       4 1 1 11       1 1 1 01                    P 33e     466663342910 9 711    65.0   67.0
 21 6523.918197 7.170E-30 2.146E-06.07620.103 1406.41030.68-.004438       5 1 1 01       0 2 2 01                    R 13f     466663342910 9 711    29.0   27.0
 21 6523.964847 2.198E-28 2.139E-05.06650.077 1405.98470.74-.009092       1 2 2 22       0 1 1 01                    R 43e     566563342910 9 711    89.0   87.0
 21 6524.007197 8.316E-30 2.455E-06.07550.102 1417.37550.69-.004550       5 1 1 01       0 2 2 01                    R 14e     466663342910 9 711    31.0   29.0
 21 6524.051367 2.207E-30 1.536E-04.06680.079 2748.76860.75-.006755       5 2 2 01       1 1 1 01                    R 41e     466563342910 9 711    85.0   83.0
 21 6524.090114 1.116E-25 1.450E-03.07480.102  761.12550.69-.006319       3 1 1 11       0 1 1 01                    P 15e     566663342910 9 711    29.0   31.0
 21 6524.169627 2.663E-30 9.095E-04.06420.070 3134.54990.73-.008713       4 1 1 12       1 1 1 02                    R 55e     465553342910 9 711   113.0  111.0
 21 6524.176821 2.135E-26 1.075E-05.07420.101  106.12970.69-.007233       1 1 1 22       0 0 0 01                    P 16e     566663342910 9 711    31.0   33.0
 21 6524.267714 1.282E-28 2.702E-05.06600.074 1586.85820.74-.009461       1 2 2 22       0 1 1 01                    R 48f     466563342910 9 711    99.0   97.0
 21 6524.290483 1.264E-29 4.919E-05.05790.065 2278.99640.66-.009835       2 2 2 11       0 0 0 01                    R 76e     465553342910 9 711   155.0  153.0
 21 6524.308887 1.160E-30 9.328E-05.06660.078 2783.21020.75-.006817       5 2 2 01       1 1 1 01                    R 42f     466563342910 9 711    87.0   85.0
 21 6524.339451 1.220E-30 1.793E-04.06600.075 2925.34400.74-.006809       5 2 2 01       0 3 3 01                    P 48f     466563342910 9 711    95.0   97.0
 21 6524.340343 3.597E-30 4.074E-05.07260.097 2225.19330.71-.005057       6 0 0 01       1 1 1 01                    R 19e     466663342910 9 711    41.0   39.0
 21 6524.403321 2.179E-30 1.947E-06.06380.070 1914.87870.72-.008823       2 3 3 11       0 1 1 01                    R 56f     465553342910 9 711   115.0  113.0
 21 6524.410021 1.476E-27 3.510E-05.06470.071 1157.77410.73-.009631       1 1 1 22       0 0 0 01                    Q 54e     565553342910 9 711   109.0  109.0
 21 6524.410853 6.054E-30 8.405E-04.06580.073 2930.26570.74-.008414       4 1 1 12       1 1 1 02                    R 50f     466553342910 9 711   103.0  101.0
 21 6524.514576 4.981E-28 1.316E-03.06650.078 2075.67110.75-.007738       3 2 2 11       0 2 2 01                    P 43f     466563342910 9 711    85.0   87.0
 21 6524.697780 6.400E-27 3.297E-03.07870.108 1431.10360.68-.005968       4 0 0 11       1 0 0 01                    P 10e     566663342910 9 711    19.0   21.0
 21 6524.712029 1.686E-28 2.201E-05.06630.076 1475.42300.74-.009242       1 2 2 22       0 1 1 01                    R 45e     566563342910 9 711    93.0   91.0
 21 6524.774084 9.634E-30 3.663E-06.07420.100 1494.30710.70-.006497       2 1 1 22       1 0 0 01                    R 16e     536663343010 9 711    35.0   33.0
 21 6524.836243 9.607E-29 2.834E-05.06580.073 1664.19460.74-.009602       1 2 2 22       0 1 1 01                    R 50f     466553342910 9 711   103.0  101.0
 21 6524.895511 1.787E-30 9.047E-04.06320.070 3222.64330.72-.008827       4 1 1 12       1 1 1 02                    R 57e     465553342910 9 711   117.0  115.0
 21 6524.961337 1.609E-30 6.593E-07.07220.096 1552.04330.71-.006102       3 2 2 11       1 0 0 01                    R 20e     536663343010 9 711    43.0   41.0
 21 6524.974436 6.505E-30 6.958E-03.06790.085 3261.82000.74-.007304       5 0 0 11       2 0 0 01                    P 34e     466663342910 9 711    67.0   69.0
 21 6525.042648 3.878E-30 5.182E-06.06270.069 2004.66030.72-.010129       1 2 2 22       0 1 1 01                    R 58f     465553342910 9 711   119.0  117.0
 21 6525.091169 9.831E-25 8.533E-04.06880.088  362.78830.74-.006982       3 0 0 11       0 0 0 01                    R 30e     686663344510 9 711    63.0   61.0
 21 6525.110955 1.106E-25 1.460E-03.07550.103  749.53740.68-.006257       3 1 1 11       0 1 1 01                    P 14f     566663342910 9 711    27.0   29.0
 21 6525.147500 1.204E-30 1.095E-06.06380.070 1914.87870.73-.008525       3 1 1 11       0 1 1 01                    Q 56f     465553342910 9 711   113.0  113.0
 21 6525.191507 4.040E-30 4.518E-06.06320.070 1957.35410.72-.009561       2 0 0 22       0 1 1 01                    P 57e     565553342910 9 711   113.0  115.0
 21 6525.248707 6.047E-28 1.389E-03.06660.079 2042.03130.75-.007690       3 2 2 11       0 2 2 01                    P 42e     466563342910 9 711    83.0   85.0
 21 6525.267226 7.794E-30 5.312E-05.05770.064 2399.46790.66-.009923       2 2 2 11       0 0 0 01                    R 78e     465553342910 9 711   159.0  157.0
 21 6525.280648 1.675E-28 4.473E-03.06830.087 2489.96950.74-.007206       4 1 1 11       1 1 1 01                    P 32f     466663342910 9 711    63.0   65.0
 21 6525.347155 1.627E-30 6.279E-04.09050.120 2587.37380.70-.003261       4 2 2 12       1 2 2 02                    R  2e     466663342910 9 711     7.0    5.0
 21 6525.370456 4.202E-30 8.308E-04.06530.072 3010.78350.73-.008536       4 1 1 12       1 1 1 02                    R 52f     465553342910 9 711   107.0  105.0
 21 6525.399575 2.120E-27 3.491E-05.06530.072 1074.43060.74-.009511       1 1 1 22       0 0 0 01                    Q 52e     565553342910 9 711   105.0  105.0
 21 6525.405976 7.071E-29 2.970E-05.06530.072 1744.64440.73-.009739       1 2 2 22       0 1 1 01                    R 52f     465553342910 9 711   107.0  105.0
 21 6525.433706 1.279E-28 2.278E-05.06620.075 1547.97310.74-.009389       1 2 2 22       0 1 1 01                    R 47e     566563342910 9 711    97.0   95.0
 21 6525.456561 1.071E-29 3.153E-06.07420.100 1441.65470.70-.004763       5 1 1 01       0 2 2 01                    R 16e     466663342910 9 711    35.0   33.0
 21 6525.457619 1.694E-28 2.326E-04.06720.082 1915.27870.75-.008532       2 1 1 22       0 2 2 01                    P 38e     466663342910 9 711    75.0   77.0
 21 6525.518947 1.914E-30 1.757E-04.06650.077 2815.06110.74-.006877       5 2 2 01       1 1 1 01                    R 43e     466563342910 9 711    89.0   87.0
 21 6525.521517 4.428E-30 8.993E-06.06170.069 2097.54970.71-.010253       1 2 2 22       0 1 1 01                    R 60f     465553342910 9 711   123.0  121.0
 21 6525.564142 9.558E-30 2.808E-06.07480.101 1429.12360.69-.004659       5 1 1 01       0 2 2 01                    R 15f     466663342910 9 711    33.0   31.0
 21 6525.582608 2.327E-28 3.611E-04.06700.081 1945.79590.75-.008589       2 1 1 22       0 2 2 01                    P 39f     466663342910 9 711    77.0   79.0
 21 6525.597834 1.179E-30 8.993E-04.06220.069 3313.83910.72-.008938       4 1 1 12       1 1 1 02                    R 59e     465553342910 9 711   121.0  119.0
 21 6525.623941 1.100E-30 3.517E-06.06620.076 2128.89870.74-.006780       5 1 1 01       1 0 0 02                    P 46e     466563342910 9 711    91.0   93.0
 21 6525.650119 1.785E-28 4.341E-03.06850.088 2464.01850.74-.007157       4 1 1 11       1 1 1 01                    P 31e     466663342910 9 711    61.0   63.0
 21 6525.711935 1.415E-30 1.298E-04.06630.077 2814.86810.74-.006693       5 2 2 01       0 3 3 01                    P 45e     466563342910 9 711    89.0   91.0
 21 6525.815795 1.083E-25 1.463E-03.07620.104  738.47170.68-.006192       3 1 1 11       0 1 1 01                    P 13e     566663342910 9 711    25.0   27.0
 21 6525.874559 3.943E-30 1.237E-05.06080.068 2193.54520.71-.010374       1 2 2 22       0 1 1 01                    R 62f     465553342910 9 711   127.0  125.0
 21 6525.906872 1.874E-30 1.160E-06.06470.071 1828.20620.73-.008421       3 1 1 11       0 1 1 01                    Q 54f     465553342910 9 711   109.0  109.0
 21 6525.925086 7.852E-30 3.060E-06.07310.098 1521.61540.70-.006744       2 1 1 22       1 0 0 01                    R 18e     536663343010 9 711    39.0   37.0
 21 6525.975334 3.942E-30 4.755E-05.07170.095 2257.19830.71-.005239       6 0 0 01       1 1 1 01                    R 21e     466663342910 9 711    45.0   43.0
 21 6526.008862 5.040E-29 3.063E-05.06470.071 1828.20620.73-.009872       1 2 2 22       0 1 1 01                    R 54f     465553342910 9 711   111.0  109.0
 21 6526.050638 2.189E-26 1.126E-05.07550.103   81.94010.68-.007085       1 1 1 22       0 0 0 01                    P 14e     566663342910 9 711    27.0   29.0
 21 6526.098064 2.900E-30 8.807E-04.08850.118 2589.72540.69-.003500       4 2 2 12       1 2 2 02                    R  3f     466663342910 9 711     9.0    7.0
 21 6526.131163 1.527E-30 1.632E-04.06620.076 2850.91250.74-.006732       5 2 2 01       0 3 3 01                    P 46f     466563342910 9 711    91.0   93.0
 21 6526.132905 3.062E-30 1.508E-05.06010.067 2292.64530.70-.010491       1 2 2 22       0 1 1 01                    R 64f     465553342910 9 711   131.0  129.0
 21 6526.136829 9.626E-29 2.379E-05.06590.074 1623.63350.74-.009532       1 2 2 22       0 1 1 01                    R 49e     466563342910 9 711   101.0   99.0
 21 6526.224935 4.711E-30 5.712E-05.05750.064 2523.02190.65-.010009       2 2 2 11       0 0 0 01                    R 80e     465553342910 9 711   163.0  161.0
 21 6526.298598 2.063E-30 9.107E-07.07130.095 1585.59040.72-.006302       3 2 2 11       1 0 0 01                    R 22e     536663343010 9 711    47.0   45.0
 21 6526.311783 2.867E-30 8.207E-04.06470.071 3094.41420.73-.008655       4 1 1 12       1 1 1 02                    R 54f     465553342910 9 711   111.0  109.0
 21 6526.313661 5.526E-27 3.356E-03.08080.111 1416.27720.68-.005785       4 0 0 11       1 0 0 01                    P  8e     566663342910 9 711    15.0   17.0
 21 6526.316022 2.196E-30 1.724E-05.05950.067 2394.84830.70-.010606       1 2 2 22       0 1 1 01                    R 66f     465553342910 9 711   135.0  133.0
 21 6526.350208 2.996E-27 3.473E-05.06580.074  994.19130.74-.009388       1 1 1 22       0 0 0 01                    Q 50e     566553342910 9 711   101.0  101.0
 21 6526.373677 8.174E-25 8.475E-04.06830.086  411.92250.74-.007146       3 0 0 11       0 0 0 01                    R 32e     686663344510 9 711    67.0   65.0
 21 6526.434916 1.497E-30 1.905E-05.05910.066 2500.15240.69-.010718       1 2 2 22       0 1 1 01                    R 68f     465553342910 9 711   139.0  137.0
 21 6526.537971 6.386E-28 1.282E-03.06680.080 2009.17250.75-.007642       3 2 2 11       0 2 2 01                    P 41f     466563342910 9 711    81.0   83.0
 21 6526.642777 2.879E-30 1.233E-06.06530.072 1744.64440.74-.008316       3 1 1 11       0 1 1 01                    Q 52f     465553342910 9 711   105.0  105.0
 21 6526.662345 8.005E-30 7.065E-03.06830.087 3209.50800.74-.007206       5 0 0 11       2 0 0 01                    P 32e     466663342910 9 711    63.0   65.0
 21 6526.689196 3.393E-29 3.034E-05.06380.070 1914.87870.72-.010002       1 2 2 22       0 1 1 01                    R 56f     465553342910 9 711   115.0  113.0
 21 6526.779785 1.054E-25 1.475E-03.07700.105  728.41230.68-.006122       3 1 1 11       0 1 1 01                    P 12f     566663342910 9 711    23.0   25.0
 21 6526.833687 7.181E-29 2.504E-05.06560.072 1702.40320.74-.009671       1 2 2 22       0 1 1 01                    R 51e     465553342910 9 711   105.0  103.0
 21 6526.840211 4.002E-30 1.010E-03.08660.116 2592.86090.69-.003737       4 2 2 12       1 2 2 02                    R  4e     466663342910 9 711    11.0    9.0
 21 6526.892139 1.303E-29 3.935E-06.07310.098 1469.06550.70-.004962       5 1 1 01       0 2 2 01                    R 18e     466663342910 9 711    39.0   37.0
 21 6526.966678 1.623E-30 1.999E-04.06630.076 2884.46540.74-.006996       5 2 2 01       1 1 1 01                    R 45e     466563342910 9 711    93.0   91.0
 21 6527.022833 2.012E-28 4.518E-03.06880.088 2440.69170.74-.007108       4 1 1 11       1 1 1 01                    P 30f     466663342910 9 711    59.0   61.0
 21 6527.049384 6.580E-30 2.698E-06.07220.096 1552.04330.71-.006976       2 1 1 22       1 0 0 01                    R 20e     536663343010 9 711    43.0   41.0
 21 6527.163429 2.791E-30 6.115E-05.05720.064 2649.65610.64-.010093       2 2 2 11       0 0 0 01                    R 82e     465553342910 9 711   167.0  165.0
 21 6527.220898 1.197E-29 3.558E-06.07370.099 1454.96860.70-.004864       5 1 1 01       0 2 2 01                    R 17f     466663342910 9 711    37.0   35.0
 21 6527.227865 1.360E-30 3.223E-06.06640.077 2057.94880.74-.006702       5 1 1 01       1 0 0 02                    P 44e     466563342910 9 711    87.0   89.0
 21 6527.235143 1.921E-30 8.094E-04.06380.070 3181.15630.72-.008770       4 1 1 12       1 1 1 02                    R 56f     465553342910 9 711   115.0  113.0
 21 6527.262136 4.163E-27 3.455E-05.06600.075  917.05730.74-.009263       1 1 1 22       0 0 0 01                    Q 48e     566563342910 9 711    97.0   97.0
 21 6527.276896 7.833E-28 1.380E-03.06690.080 1977.09380.75-.007595       3 2 2 11       0 2 2 01                    P 40e     466663342910 9 711    79.0   81.0
 21 6527.354750 4.367E-30 1.315E-06.06580.074 1664.19460.74-.008209       3 1 1 11       0 1 1 01                    Q 50f     466553342910 9 711   101.0  101.0
 21 6527.454147 2.129E-28 4.398E-03.06900.089 2416.41710.73-.007058       4 1 1 11       1 1 1 01                    P 29e     466663342910 9 711    57.0   59.0
 21 6527.479505 2.134E-29 2.854E-05.06270.069 2004.66030.72-.008936       2 3 3 11       0 1 1 01                    R 58f     465553342910 9 711   119.0  117.0
 21 6527.517548 1.010E-25 1.478E-03.07780.107  718.94190.68-.006048       3 1 1 11       0 1 1 01                    P 11e     566663342910 9 711    21.0   23.0
 21 6527.546049 5.293E-29 2.648E-05.06500.071 1784.28080.73-.009806       1 2 2 22       0 1 1 01                    R 53e     465553342910 9 711   109.0  107.0
 21 6527.564709 4.580E-30 2.228E-06.07060.093 1622.25620.72-.006494       3 2 2 11       1 0 0 01                    R 24e     566663342910 9 711    51.0   49.0
 21 6527.574678 4.991E-30 1.086E-03.08490.114 2596.78030.68-.003960       4 2 2 12       1 2 2 02                    R  5f     466663342910 9 711    13.0   11.0
 21 6527.576947 1.731E-30 2.818E-06.06220.069 2048.54700.72-.010192       1 2 2 22       0 1 1 01                    R 59e     465553342910 9 711   121.0  119.0
 21 6527.613492 4.069E-30 5.350E-05.07090.094 2292.32370.72-.005413       6 0 0 01       1 1 1 01                    R 23e     466663342910 9 711    49.0   47.0
 21 6527.641103 6.666E-25 8.411E-04.06790.084  464.17170.74-.007305       3 0 0 11       0 0 0 01                    R 34e     686663344510 9 711    71.0   69.0
 21 6527.696158 1.766E-30 1.209E-04.06650.078 2745.12380.75-.006615       5 2 2 01       0 3 3 01                    P 43e     466563342910 9 711    85.0   87.0
 21 6527.881289 2.156E-26 1.176E-05.07700.105   60.87090.68-.006921       1 1 1 22       0 0 0 01                    P 12e     566663342910 9 711    23.0   25.0
 21 6527.913578 1.872E-30 1.481E-04.06640.077 2779.60550.74-.006654       5 2 2 01       0 3 3 01                    P 44f     466563342910 9 711    87.0   89.0
 21 6527.916694 4.404E-27 3.448E-03.08340.114 1404.57190.68-.005557       4 0 0 11       1 0 0 01                    P  6e     566663342910 9 711    11.0   13.0
 21 6528.042351 6.538E-30 1.408E-06.06600.075 1586.85820.74-.008099       3 1 1 11       0 1 1 01                    Q 48f     566563342910 9 711    97.0   97.0
 21 6528.049970 3.799E-28 4.642E-04.06730.083 1885.54220.74-.008475       2 1 1 22       0 2 2 01                    P 37f     466663342910 9 711    73.0   75.0
 21 6528.082552 1.622E-30 6.521E-05.05700.064 2779.36870.64-.010176       2 2 2 11       0 0 0 01                    R 84e     465553342910 9 711   171.0  169.0
 21 6528.089274 2.667E-28 2.911E-04.06750.084 1856.58700.74-.008418       2 1 1 22       0 2 2 01                    P 36e     466663342910 9 711    71.0   73.0
 21 6528.135565 5.691E-27 3.439E-05.06620.076  843.03010.74-.009135       1 1 1 22       0 0 0 01                    Q 46e     566563342910 9 711    93.0   93.0
 21 6528.140521 1.263E-30 7.961E-04.06270.069 3271.00810.72-.008883       4 1 1 12       1 1 1 02                    R 58f     465553342910 9 711   119.0  117.0
 21 6528.161377 5.907E-30 2.609E-06.07130.095 1585.59040.72-.007198       2 1 1 22       1 0 0 01                    R 22e     536663343010 9 711    47.0   45.0
 21 6528.171374 2.036E-30 5.075E-06.06120.068 2142.84200.71-.010314       1 2 2 22       0 1 1 01                    R 61e     465553342910 9 711   125.0  123.0
 21 6528.298939 5.881E-30 1.135E-03.08340.112 2601.48350.68-.004165       4 2 2 12       1 2 2 02                    R  6e     466663342910 9 711    15.0   13.0
 21 6528.309088 3.802E-29 2.773E-05.06420.070 1869.26490.73-.009938       1 2 2 22       0 1 1 01                    R 55e     465553342910 9 711   113.0  111.0
 21 6528.314109 1.510E-29 4.800E-06.07220.096 1499.60730.71-.005149       5 1 1 01       0 2 2 01                    R 20e     466663342910 9 711    43.0   41.0
 21 6528.325887 5.408E-30 4.090E-06.06420.071 1869.26490.73-.009458       2 0 0 22       0 1 1 01                    P 55e     565553342910 9 711   109.0  111.0
 21 6528.344601 9.658E-30 7.170E-03.06880.088 3160.31590.74-.007108       5 0 0 11       2 0 0 01                    P 30e     466663342910 9 711    59.0   61.0
 21 6528.371477 1.291E-29 2.624E-05.06170.069 2097.54970.71-.009046       2 3 3 11       0 1 1 01                    R 60f     465553342910 9 711   123.0  121.0
 21 6528.393733 1.346E-30 2.262E-04.06620.075 2956.98060.74-.007111       5 2 2 01       1 1 1 01                    R 47e     466563342910 9 711    97.0   95.0
 21 6528.432235 9.591E-26 1.489E-03.07870.108  710.41630.68-.005968       3 1 1 11       0 1 1 01                    P 10f     566663342910 9 711    19.0   21.0
 21 6528.558357 7.898E-28 1.227E-03.06700.081 1945.79590.75-.007546       3 2 2 11       0 2 2 01                    P 39f     466663342910 9 711    77.0   79.0
 21 6528.658389 1.813E-30 7.031E-06.06040.068 2240.23760.71-.010433       1 2 2 22       0 1 1 01                    R 63e     465553342910 9 711   129.0  127.0
 21 6528.705162 9.666E-30 1.514E-06.06620.076 1512.63650.74-.007987       3 1 1 11       0 1 1 01                    Q 46f     566563342910 9 711    93.0   93.0
 21 6528.709148 1.130E-30 1.295E-03.06220.069 3390.50410.72-.008469       3 3 3 11       0 3 3 01                    P 59e     465553342910 9 711   117.0  119.0
 21 6528.732190 5.033E-30 2.755E-06.06990.091 1662.04020.73-.006678       3 2 2 11       1 0 0 01                    R 26e     466663342910 9 711    55.0   53.0
 21 6528.754735 2.368E-28 4.560E-03.06930.090 2394.53920.73-.007009       4 1 1 11       1 1 1 01                    P 28f     466663342910 9 711    55.0   57.0
 21 6528.836020 1.645E-30 2.940E-06.06660.079 1990.10800.75-.006623       5 1 1 01       1 0 0 02                    P 42e     466563342910 9 711    83.0   85.0
 21 6528.888690 1.423E-29 4.397E-06.07260.097 1483.94500.71-.005057       5 1 1 01       0 2 2 01                    R 19f     466663342910 9 711    41.0   39.0
 21 6528.893839 5.334E-25 8.341E-04.06750.083  519.53500.74-.007458       3 0 0 11       0 0 0 01                    R 36e     586663344510 9 711    75.0   73.0
 21 6528.970696 7.649E-27 3.422E-05.06640.077  772.11070.74-.009004       1 1 1 22       0 0 0 01                    Q 44e     566563342910 9 711    89.0   89.0
 21 6529.017350 6.684E-30 1.170E-03.08200.111 2606.97050.68-.004355       4 2 2 12       1 2 2 02                    R  7f     466663342910 9 711    17.0   15.0
 21 6529.064316 1.393E-30 8.542E-06.05980.067 2340.73210.70-.010549       1 2 2 22       0 1 1 01                    R 65e     465553342910 9 711   133.0  131.0
 21 6529.164276 2.605E-29 2.817E-05.06320.070 1957.35410.72-.010066       1 2 2 22       0 1 1 01                    R 57e     465553342910 9 711   117.0  115.0
 21 6529.195269 8.945E-26 1.494E-03.07970.109  702.53630.68-.005881       3 1 1 11       0 1 1 01                    P  9e     566663342910 9 711    17.0   19.0
 21 6529.243183 2.488E-28 4.456E-03.06960.091 2371.93370.73-.006959       4 1 1 11       1 1 1 01                    P 27e     466663342910 9 711    53.0   55.0
 21 6529.246928 3.887E-30 5.693E-05.07020.092 2330.56900.73-.005579       6 0 0 01       1 1 1 01                    R 25e     466663342910 9 711    53.0   51.0
 21 6529.283610 5.874E-30 2.858E-06.07060.093 1622.25620.72-.007409       2 1 1 22       1 0 0 01                    R 24e     536663343010 9 711    51.0   49.0
 21 6529.291045 9.876E-28 1.358E-03.06720.082 1915.27870.75-.007498       3 2 2 11       0 2 2 01                    P 38e     466663342910 9 711    75.0   77.0
 21 6529.330506 7.798E-30 2.449E-05.06080.068 2193.54520.71-.009153       2 3 3 11       0 1 1 01                    R 62f     465553342910 9 711   127.0  125.0
 21 6529.342788 1.411E-29 1.635E-06.06640.077 1441.53070.74-.007873       3 1 1 11       0 1 1 01                    Q 44f     566563342910 9 711    89.0   89.0
 21 6529.506786 3.071E-27 3.625E-03.08660.118 1395.98790.69-.005249       4 0 0 11       1 0 0 01                    P  4e     566663342910 9 711     7.0    9.0
 21 6529.648214 2.150E-30 1.118E-04.06680.080 2678.50580.75-.006536       5 2 2 01       0 3 3 01                    P 41e     466563342910 9 711    81.0   83.0
 21 6529.668785 2.020E-26 1.223E-05.07870.108   42.92250.68-.006734       1 1 1 22       0 0 0 01                    P 10e     566663342910 9 711    19.0   21.0
 21 6529.686742 2.246E-30 1.338E-04.06660.079 2711.42410.75-.006576       5 2 2 01       0 3 3 01                    P 42f     466563342910 9 711    83.0   85.0
 21 6529.721984 7.386E-30 1.192E-03.08080.109 2613.24130.68-.004531       4 2 2 12       1 2 2 02                    R  8e     466663342910 9 711    19.0   17.0
 21 6529.722679 1.677E-29 5.747E-06.07130.095 1533.27970.72-.005327       5 1 1 01       0 2 2 01                    R 22e     466663342910 9 711    47.0   45.0
 21 6529.767721 1.011E-26 3.407E-05.06660.079  704.30050.75-.008871       1 1 1 22       0 0 0 01                    Q 42e     566563342910 9 711    85.0   85.0
 21 6529.783544 2.157E-30 1.356E-06.06930.089 1704.94190.73-.007809       2 1 1 22       1 0 0 01                    R 28e     436663343010 9 711    59.0   57.0
 21 6529.954857 2.034E-29 1.773E-06.06660.079 1373.54200.75-.007756       3 1 1 11       0 1 1 01                    Q 42f     566563342910 9 711    85.0   85.0
 21 6530.020827 1.142E-29 7.273E-03.06930.090 3114.24430.73-.007009       5 0 0 11       2 0 0 01                    P 28e     466663342910 9 711    55.0   57.0
 21 6530.068195 8.230E-26 1.506E-03.08080.111  695.54960.68-.005785       3 1 1 11       0 1 1 01                    P  8f     566663342910 9 711    15.0   17.0
 21 6530.131067 1.699E-29 2.768E-05.06220.069 2048.54700.72-.008991       2 3 3 11       0 1 1 01                    R 59e     465553342910 9 711   121.0  119.0
 21 6530.132307 4.187E-25 8.264E-04.06720.081  578.01160.75-.007607       3 0 0 11       0 0 0 01                    R 38e     586663344510 9 711    79.0   77.0
 21 6530.325504 4.764E-30 2.349E-05.06010.067 2292.64530.70-.009258       2 3 3 11       0 1 1 01                    R 64f     465553342910 9 711   131.0  129.0
 21 6530.425300 8.009E-30 1.211E-03.07970.108 2620.29580.68-.004695       4 2 2 12       1 2 2 02                    R  9f     466663342910 9 711    21.0   19.0
 21 6530.435789 6.217E-28 6.093E-04.06770.084 1828.41260.74-.008361       2 1 1 22       0 2 2 01                    P 35f     466663342910 9 711    69.0   71.0
 21 6530.443277 3.511E-30 1.923E-06.06990.091 1662.04020.73-.007613       2 1 1 22       1 0 0 01                    R 26e     466663342910 9 711    55.0   53.0
 21 6530.447407 1.947E-30 2.670E-06.06690.080 1925.37750.75-.006544       5 1 1 01       1 0 0 02                    P 40e     466663342910 9 711    79.0   81.0
 21 6530.476098 2.731E-28 4.604E-03.06990.092 2351.51260.73-.006909       4 1 1 11       1 1 1 01                    P 26f     466663342910 9 711    51.0   53.0
 21 6530.526827 1.313E-26 3.391E-05.06690.080  639.60040.75-.008735       1 1 1 22       0 0 0 01                    Q 40e     566663342910 9 711    81.0   81.0
 21 6530.541016 2.897E-29 1.934E-06.06690.080 1308.67160.75-.007637       3 1 1 11       0 1 1 01                    Q 40f     566663342910 9 711    81.0   81.0
 21 6530.567771 1.617E-29 5.324E-06.07170.095 1516.05210.71-.005239       5 1 1 01       0 2 2 01                    R 21f     466663342910 9 711    45.0   43.0
 21 6530.581742 9.317E-28 1.139E-03.06730.083 1885.54220.74-.007450       3 2 2 11       0 2 2 01                    P 37f     466663342910 9 711    73.0   75.0
 21 6530.642149 4.302E-28 3.801E-04.06790.085 1801.01980.74-.008304       2 1 1 22       0 2 2 01                    P 34e     466663342910 9 711    67.0   69.0
 21 6530.722704 1.951E-30 1.437E-06.06880.088 1750.96060.74-.007998       2 1 1 22       1 0 0 01                    R 30e     436663343010 9 711    63.0   61.0
 21 6530.848865 7.387E-26 1.513E-03.08200.112  689.25530.68-.005678       3 1 1 11       0 1 1 01                    P  7e     566663342910 9 711    13.0   15.0
 21 6530.856335 1.403E-30 1.308E-03.06270.070 3344.32050.72-.008425       3 3 3 11       0 3 3 01                    P 58f     465553342910 9 711   115.0  117.0
 21 6530.862093 3.323E-30 5.536E-05.06960.090 2371.93370.73-.005738       6 0 0 01       1 1 1 01                    R 27e     466663342910 9 711    57.0   55.0
 21 6530.964154 1.178E-30 8.963E-04.06320.070 3298.91310.72-.008381       3 3 3 11       0 3 3 01                    P 57e     465553342910 9 711   113.0  115.0
 21 6531.016898 2.846E-28 4.511E-03.07020.093 2330.56900.72-.006858       4 1 1 11       1 1 1 01                    P 25e     466663342910 9 711    49.0   51.0
 21 6531.083868 1.582E-27 4.245E-03.09050.123 1390.52530.69-.004701       4 0 0 11       1 0 0 01                    P  2e     566663342910 9 711     3.0    5.0
 21 6531.100935 4.075E-29 2.120E-06.06720.082 1246.92050.75-.007516       3 1 1 11       0 1 1 01                    Q 38f     566663342910 9 711    77.0   77.0
 21 6531.107337 8.508E-30 1.220E-03.07870.107 2628.13420.68-.004850       4 2 2 12       1 2 2 02                    R 10e     466663342910 9 711    23.0   21.0
 21 6531.118090 1.793E-29 6.775E-06.07060.093 1570.08200.72-.005497       5 1 1 01       0 2 2 01                    R 24e     466663342910 9 711    51.0   49.0
 21 6531.190748 1.083E-29 2.702E-05.06120.068 2142.84200.71-.009100       2 3 3 11       0 1 1 01                    R 61e     465553342910 9 711   125.0  123.0
 21 6531.248189 1.677E-26 3.378E-05.06720.082  578.01160.75-.008596       1 1 1 22       0 0 0 01                    Q 38e     566663342910 9 711    77.0   77.0
 21 6531.295255 1.205E-27 1.317E-03.06750.084 1856.58700.74-.007401       3 2 2 11       0 2 2 01                    P 36e     466663342910 9 711    71.0   73.0
 21 6531.337063 2.939E-30 2.311E-05.05950.067 2394.84830.70-.009360       2 3 3 11       0 1 1 01                    R 66f     465553342910 9 711   135.0  133.0
 21 6531.356955 3.228E-25 8.182E-04.06690.080  639.60040.75-.007752       3 0 0 11       0 0 0 01                    R 40e     586663344510 9 711    83.0   81.0
 21 6531.404348 8.451E-30 4.393E-06.06500.072 1784.28080.73-.009353       2 0 0 22       0 1 1 01                    P 53e     535553343010 9 711   105.0  107.0
 21 6531.413131 1.770E-26 1.264E-05.08080.111   28.09510.68-.006514       1 1 1 22       0 0 0 01                    P  8e     566663342910 9 711    15.0   17.0
 21 6531.450681 2.637E-30 1.203E-04.06690.080 2646.36960.75-.006497       5 2 2 01       0 3 3 01                    P 40f     466663342910 9 711    79.0   81.0
 21 6531.461470 1.259E-30 2.098E-05.06960.090 2371.93370.73-.006767       3 3 3 11       1 1 1 01                    R 27e     466663342910 9 711    57.0   55.0
 21 6531.566184 1.783E-30 1.569E-06.06830.086 1800.09570.74-.008180       2 1 1 22       1 0 0 01                    R 32e     436663343010 9 711    67.0   65.0
 21 6531.569122 2.552E-30 1.026E-04.06700.081 2615.01510.75-.006458       5 2 2 01       0 3 3 01                    P 39e     466663342910 9 711    77.0   79.0
 21 6531.634302 5.666E-29 2.339E-06.06750.084 1188.28970.74-.007392       3 1 1 11       0 1 1 01                    Q 36f     566663342910 9 711    73.0   73.0
 21 6531.657558 4.761E-30 2.996E-06.06930.089 1704.94190.73-.006854       3 2 2 11       1 0 0 01                    R 28e     466663342910 9 711    59.0   57.0
 21 6531.687569 6.474E-26 1.527E-03.08340.114  683.81240.68-.005557       3 1 1 11       0 1 1 01                    P  6f     566663342910 9 711    11.0   13.0
 21 6531.690668 1.322E-29 7.373E-03.06990.092 3071.29380.73-.006909       5 0 0 11       2 0 0 01                    P 26e     466663342910 9 711    51.0   53.0
 21 6531.797457 8.954E-30 1.232E-03.07780.105 2636.75590.68-.004996       4 2 2 12       1 2 2 02                    R 11f     466663342910 9 711    25.0   23.0
 21 6531.931979 2.103E-26 3.364E-05.06750.084  519.53500.74-.008454       1 1 1 22       0 0 0 01                    Q 36e     566663342910 9 711    73.0   73.0
 21 6532.061116 2.253E-30 2.414E-06.06720.082 1863.75860.75-.006464       5 1 1 01       1 0 0 02                    P 38e     466663342910 9 711    75.0   77.0
 21 6532.140826 7.787E-29 2.597E-06.06790.085 1132.78030.74-.007265       3 1 1 11       0 1 1 01                    Q 34f     566663342910 9 711    69.0   69.0
 21 6532.186681 3.081E-28 4.645E-03.07060.094 2311.61270.72-.006808       4 1 1 11       1 1 1 01                    P 24f     466663342910 9 711    47.0   49.0
 21 6532.258417 1.766E-29 6.341E-06.07090.094 1551.28950.72-.005413       5 1 1 01       0 2 2 01                    R 23f     466663342910 9 711    49.0   47.0
 21 6532.309717 6.906E-30 2.681E-05.06040.068 2240.23760.71-.009206       2 3 3 11       0 1 1 01                    R 63e     465553342910 9 711   129.0  127.0
 21 6532.326127 1.404E-30 4.382E-03.06640.077 3535.42920.74-.007785       4 2 2 11       1 2 2 01                    P 44e     466563342910 9 711    87.0   89.0
 21 6532.329711 1.642E-30 1.758E-06.06790.084 1852.34660.74-.008358       2 1 1 22       1 0 0 01                    R 34e     436663343010 9 711    71.0   69.0
 21 6532.354260 1.820E-30 2.320E-05.05910.066 2500.15240.69-.009460       2 3 3 11       0 1 1 01                    R 68f     465553342910 9 711   139.0  137.0
 21 6532.445273 2.472E-30 4.779E-05.06900.088 2416.41710.74-.005892       6 0 0 01       1 1 1 01                    R 29e     466663342910 9 711    61.0   59.0
 21 6532.452086 9.225E-30 1.231E-03.07700.104 2646.16180.68-.005134       4 2 2 12       1 2 2 02                    R 12e     466663342910 9 711    27.0   25.0
 21 6532.478259 5.450E-26 1.536E-03.08490.116  679.09900.69-.005417       3 1 1 11       0 1 1 01                    P  5e     566663342910 9 711     9.0   11.0
 21 6532.500617 1.851E-29 7.878E-06.06990.091 1610.01380.73-.005659       5 1 1 01       0 2 2 01                    R 26e     466663342910 9 711    55.0   53.0
 21 6532.568260 2.443E-25 8.094E-04.06660.078  704.30050.75-.007892       3 0 0 11       0 0 0 01                    R 42e     586563344510 9 711    87.0   85.0
 21 6532.578356 2.592E-26 3.352E-05.06790.085  464.17170.74-.008309       1 1 1 22       0 0 0 01                    Q 34e     566663342910 9 711    69.0   69.0
 21 6532.616775 1.030E-27 1.010E-03.06770.084 1828.41260.74-.007353       3 2 2 11       0 2 2 01                    P 35f     466663342910 9 711    69.0   71.0
 21 6532.620233 1.058E-28 2.903E-06.06830.087 1080.39310.74-.007135       3 1 1 11       0 1 1 01                    Q 32f     566663342910 9 711    65.0   65.0
 21 6532.729389 9.977E-28 7.989E-04.06810.086 1774.40790.74-.008246       2 1 1 22       0 2 2 01                    P 33f     466663342910 9 711    65.0   67.0
 21 6532.774995 3.183E-28 4.564E-03.07090.095 2292.32370.72-.006757       4 1 1 11       1 1 1 01                    P 23e     466663342910 9 711    45.0   47.0
 21 6532.796238 1.208E-30 4.302E-07.06560.073 1702.40320.74-.008263       3 1 1 11       0 1 1 01                    Q 51e     535553343010 9 711   103.0  103.0
 21 6532.838016 2.167E-30 1.352E-03.06380.070 3254.28740.73-.008337       3 3 3 11       0 3 3 01                    P 56f     465553342910 9 711   111.0  113.0
 21 6532.851263 2.518E-30 1.293E-03.06420.071 3210.43880.73-.008292       3 3 3 11       0 3 3 01                    P 55e     465553342910 9 711   109.0  111.0
 21 6532.922183 6.084E-30 4.485E-06.06880.088 1750.96060.74-.007025       3 2 2 11       1 0 0 01                    R 30e     466663342910 9 711    63.0   61.0
 21 6533.023950 1.505E-30 1.997E-06.06750.083 1907.71230.74-.008529       2 1 1 22       1 0 0 01                    R 36e     436663343010 9 711    75.0   73.0
 21 6533.053850 1.984E-30 5.013E-07.06590.074 1623.63350.74-.008154       3 1 1 11       0 1 1 01                    Q 49e     566563342910 9 711    99.0   99.0
 21 6533.072268 1.423E-28 3.276E-06.06880.088 1031.12910.74-.007003       3 1 1 11       0 1 1 01                    Q 30f     566663342910 9 711    61.0   61.0
 21 6533.100704 1.956E-30 3.783E-05.06900.088 2416.41710.74-.006940       3 3 3 11       1 1 1 01                    R 29e     466663342910 9 711    61.0   59.0
 21 6533.105360 7.095E-28 5.171E-04.06830.087 1748.57800.74-.008188       2 1 1 22       0 2 2 01                    P 32e     466663342910 9 711    63.0   65.0
 21 6533.114325 1.401E-26 1.289E-05.08340.114   16.38900.68-.006241       1 1 1 22       0 0 0 01                    P  6e     566663342910 9 711    11.0   13.0
 21 6533.132387 9.510E-30 1.242E-03.07620.103 2656.35070.68-.005266       4 2 2 12       1 2 2 02                    R 13f     466663342910 9 711    29.0   27.0
 21 6533.183550 1.088E-30 2.610E-05.06380.070 2583.91980.73-.008285       4 0 0 11       0 2 2 01                    P 56e     465553342910 9 711   111.0  113.0
 21 6533.187475 3.136E-26 3.340E-05.06830.087  411.92250.74-.008161       1 1 1 22       0 0 0 01                    Q 32e     566663342910 9 711    65.0   65.0
 21 6533.205408 3.026E-30 1.077E-04.06720.082 2584.44300.75-.006418       5 2 2 01       0 3 3 01                    P 38f     466663342910 9 711    75.0   77.0
 21 6533.290280 4.351E-26 1.547E-03.08660.118  675.20500.69-.005249       3 1 1 11       0 1 1 01                    P  4f     566663342910 9 711     7.0    9.0
 21 6533.296232 1.406E-27 1.243E-03.06790.085 1801.01980.74-.007304       3 2 2 11       0 2 2 01                    P 34e     466663342910 9 711    67.0   69.0
 21 6533.304424 3.233E-30 5.894E-07.06620.075 1547.97310.74-.008043       3 1 1 11       0 1 1 01                    Q 47e     566563342910 9 711    95.0   95.0
 21 6533.353788 1.497E-29 7.469E-03.07060.094 3031.46490.72-.006808       5 0 0 11       2 0 0 01                    P 24e     466663342910 9 711    47.0   49.0
 21 6533.371001 1.125E-30 2.362E-05.05870.066 2608.55600.68-.009557       2 3 3 11       0 1 1 01                    R 70f     465553342910 9 711   143.0  141.0
 21 6533.424998 8.026E-28 2.131E-03.09500.127 1388.18420.69-.003111       4 0 0 11       1 0 0 01                    R  0e     566663342910 9 711     3.0    1.0
 21 6533.460062 2.951E-30 9.338E-05.06730.083 2554.65300.74-.006379       5 2 2 01       0 3 3 01                    P 37e     466663342910 9 711    73.0   75.0
 21 6533.461695 4.438E-30 2.725E-05.05980.067 2340.73210.70-.009309       2 3 3 11       0 1 1 01                    R 65e     465553342910 9 711   133.0  131.0
 21 6533.496694 1.893E-28 3.727E-06.06930.090  984.98900.73-.006867       3 1 1 11       0 1 1 01                    Q 28f     566663342910 9 711    57.0   57.0
 21 6533.547577 5.171E-30 6.917E-07.06630.077 1475.42300.74-.007930       3 1 1 11       0 1 1 01                    Q 45e     566563342910 9 711    91.0   91.0
 21 6533.655396 1.357E-30 2.272E-06.06720.081 1966.19230.75-.008696       2 1 1 22       1 0 0 01                    R 38e     436663343010 9 711    79.0   77.0
 21 6533.676320 2.548E-30 2.171E-06.06750.084 1805.25230.74-.006384       5 1 1 01       1 0 0 02                    P 36e     466663342910 9 711    71.0   73.0
 21 6533.752102 9.520E-30 1.227E-03.07550.102 2667.32400.69-.005392       4 2 2 12       1 2 2 02                    R 14e     466663342910 9 711    31.0   29.0
 21 6533.759481 3.723E-26 3.328E-05.06880.088  362.78830.74-.008009       1 1 1 22       0 0 0 01                    Q 30e     566663342910 9 711    61.0   61.0
 21 6533.766725 1.816E-25 8.000E-04.06640.077  772.11070.74-.008028       3 0 0 11       0 0 0 01                    R 44e     586563344510 9 711    91.0   89.0
 21 6533.782939 8.120E-30 8.107E-07.06650.078 1405.98470.75-.007815       3 1 1 11       0 1 1 01                    Q 43e     566563342910 9 711    87.0   87.0
 21 6533.870578 1.852E-29 9.062E-06.06930.089 1653.07420.73-.005816       5 1 1 01       0 2 2 01                    R 28e     466663342910 9 711    59.0   57.0
 21 6533.886262 3.398E-28 4.685E-03.07130.095 2274.83980.71-.006705       4 1 1 11       1 1 1 01                    P 22f     466663342910 9 711    43.0   45.0
 21 6533.893292 2.494E-28 4.285E-06.06990.092  941.97360.73-.006727       3 1 1 11       0 1 1 01                    Q 26f     566663342910 9 711    53.0   53.0
 21 6533.960933 1.861E-29 7.448E-06.07020.092 1589.65660.73-.005579       5 1 1 01       0 2 2 01                    R 25f     466663342910 9 711    53.0   51.0
 21 6533.993933 1.651E-30 3.777E-05.06850.087 2464.01850.74-.007108       3 3 3 11       1 1 1 01                    R 31e     466663342910 9 711    65.0   63.0
 21 6534.010158 1.253E-29 9.500E-07.06680.080 1339.65920.75-.007697       3 1 1 11       0 1 1 01                    Q 41e     566563342910 9 711    83.0   83.0
 21 6534.083389 3.142E-26 1.541E-03.08850.120  672.06760.70-.005032       3 1 1 11       0 1 1 01                    P  3e     566663342910 9 711     5.0    7.0
 21 6534.117693 1.911E-30 4.494E-03.06660.079 3467.39430.75-.007690       4 2 2 11       1 2 2 01                    P 42e     466563342910 9 711    83.0   85.0
 21 6534.205237 1.406E-30 3.803E-03.06650.078 3501.07460.75-.007738       4 2 2 11       1 2 2 01                    P 43f     466563342910 9 711    85.0   87.0
 21 6534.220267 7.200E-30 6.340E-06.06830.086 1800.09570.74-.007190       3 2 2 11       1 0 0 01                    R 32e     466663342910 9 711    67.0   65.0
 21 6534.228897 1.899E-29 1.113E-06.06700.081 1276.44760.75-.007577       3 1 1 11       0 1 1 01                    Q 39e     566663342910 9 711    79.0   79.0
 21 6534.261856 3.257E-28 4.986E-06.07060.094  902.08370.72-.006583       3 1 1 11       0 1 1 01                    Q 24f     566663342910 9 711    49.0   49.0
 21 6534.294511 4.337E-26 3.318E-05.06930.090  316.76990.73-.007853       1 1 1 22       0 0 0 01                    Q 28e     566663342910 9 711    57.0   57.0
 21 6534.426773 1.088E-29 3.953E-06.06560.073 1702.40320.74-.009248       2 0 0 22       0 1 1 01                    P 51e     535553343010 9 711   101.0  103.0
 21 6534.428210 9.681E-30 1.241E-03.07480.101 2679.07960.69-.005513       4 2 2 12       1 2 2 02                    R 15f     466663342910 9 711    33.0   31.0
 21 6534.438834 2.832E-29 1.305E-06.06730.083 1216.35090.74-.007454       3 1 1 11       0 1 1 01                    Q 37e     566663342910 9 711    75.0   75.0
 21 6534.517211 3.478E-28 4.617E-03.07170.096 2257.19830.71-.006653       4 1 1 11       1 1 1 01                    P 21e     466663342910 9 711    41.0   43.0
 21 6534.602202 4.220E-28 5.884E-06.07130.095  865.31990.71-.006435       3 1 1 11       0 1 1 01                    Q 22f     566663342910 9 711    45.0   45.0
 21 6534.630797 2.866E-30 2.828E-05.05930.066 2444.32390.69-.009410       2 3 3 11       0 1 1 01                    R 67e     465553342910 9 711   137.0  135.0
 21 6534.639665 4.154E-29 1.533E-06.06770.084 1159.37030.74-.007329       3 1 1 11       0 1 1 01                    Q 35e     566663342910 9 711    71.0   71.0
 21 6534.673720 1.043E-27 8.357E-04.06810.086 1774.40790.74-.007255       3 2 2 11       0 2 2 01                    P 33f     466663342910 9 711    65.0   67.0
 21 6534.772361 9.172E-27 1.273E-05.08660.118    7.80430.69-.005878       1 1 1 22       0 0 0 01                    P  4e     566663342910 9 711     7.0    9.0
 21 6534.791461 2.497E-30 5.714E-05.06850.087 2464.01850.74-.006039       6 0 0 01       1 1 1 01                    R 31e     466663342910 9 711    65.0   63.0
 21 6534.792693 4.952E-26 3.308E-05.06990.092  273.86800.73-.007694       1 1 1 22       0 0 0 01                    Q 26e     566663342910 9 711    53.0   53.0
 21 6534.815664 3.284E-30 1.394E-03.06470.071 3167.37170.73-.008247       3 3 3 11       0 3 3 01                    P 54f     465553342910 9 711   107.0  109.0
 21 6534.831100 5.998E-29 1.805E-06.06810.086 1105.50660.74-.007200       3 1 1 11       0 1 1 01                    Q 33e     566663342910 9 711    67.0   67.0
 21 6534.876266 1.791E-26 1.448E-03.09050.123  669.72740.69-.004701       3 1 1 11       0 1 1 01                    P  2f     566663342910 9 711     3.0    5.0
 21 6534.914157 5.430E-28 7.057E-06.07220.097  831.68290.71-.006280       3 1 1 11       0 1 1 01                    Q 20f     566663342910 9 711    41.0   41.0
 21 6534.923027 1.522E-27 1.015E-03.06850.088 1723.52920.74-.007157       3 2 2 11       0 2 2 01                    P 31f     466663342910 9 711    61.0   63.0
 21 6534.950920 3.392E-30 9.589E-05.06750.084 2525.64550.74-.006339       5 2 2 01       0 3 3 01                    P 36f     466663342910 9 711    71.0   73.0
 21 6534.952881 1.326E-25 7.901E-04.06620.075  843.03010.74-.008160       3 0 0 11       0 0 0 01                    R 46e     586563344510 9 711    95.0   93.0
 21 6534.957045 3.811E-30 1.342E-03.06500.072 3125.08260.73-.008202       3 3 3 11       0 3 3 01                    P 53e     465553342910 9 711   105.0  107.0
 21 6534.969389 2.385E-27 2.746E-03.09050.120 1390.52530.70-.003261       4 0 0 11       1 0 0 01                    R  2e     566663342910 9 711     7.0    5.0
 21 6535.001656 9.391E-30 1.207E-03.07420.100 2691.62030.70-.005630       4 2 2 12       1 2 2 02                    R 16e     466663342910 9 711    35.0   33.0
 21 6535.009873 1.657E-29 7.563E-03.07130.095 2994.75810.71-.006705       5 0 0 11       2 0 0 01                    P 22e     466663342910 9 711    43.0   45.0
 21 6535.012868 8.532E-29 2.134E-06.06850.088 1054.76070.74-.007069       3 1 1 11       0 1 1 01                    Q 31e     566663342910 9 711    63.0   63.0
 21 6535.184712 1.196E-28 2.535E-06.06900.089 1007.13350.73-.006935       3 1 1 11       0 1 1 01                    Q 29e     566663342910 9 711    59.0   59.0
 21 6535.197567 6.952E-28 8.633E-06.07310.099  801.17310.70-.006118       3 1 1 11       0 1 1 01                    Q 18f     566663342910 9 711    37.0   37.0
 21 6535.228331 1.798E-29 1.032E-05.06880.088 1699.26250.74-.005966       5 1 1 01       0 2 2 01                    R 30e     466663342910 9 711    63.0   61.0
 21 6535.254148 5.539E-26 3.299E-05.07060.094  234.08340.72-.007529       1 1 1 22       0 0 0 01                    Q 24e     566663342910 9 711    49.0   49.0
 21 6535.292266 2.812E-30 1.940E-06.06790.085 1749.86000.74-.006304       5 1 1 01       1 0 0 02                    P 34e     466663342910 9 711    67.0   69.0
 21 6535.299518 1.412E-30 2.306E-05.06470.071 2497.16010.73-.008196       4 0 0 11       0 2 2 01                    P 54e     465553342910 9 711   107.0  109.0
 21 6535.304839 1.538E-27 1.122E-03.06830.087 1748.57800.74-.007206       3 2 2 11       0 2 2 01                    P 32e     466663342910 9 711    63.0   65.0
 21 6535.322357 3.323E-30 8.428E-05.06770.084 2497.42030.74-.006300       5 2 2 01       0 3 3 01                    P 35e     466663342910 9 711    69.0   71.0
 21 6535.346389 1.654E-28 3.029E-06.06960.091  962.62570.73-.006797       3 1 1 11       0 1 1 01                    Q 27e     566663342910 9 711    55.0   55.0
 21 6535.452290 8.873E-28 1.082E-05.07420.101  773.79110.69-.005946       3 1 1 11       0 1 1 01                    Q 16f     566663342910 9 711    33.0   33.0
 21 6535.462974 1.172E-27 7.182E-04.06880.088 1699.26250.74-.008071       2 1 1 22       0 2 2 01                    P 30e     466663342910 9 711    59.0   61.0
 21 6535.497677 2.258E-28 3.647E-06.07020.093  921.23810.72-.006656       3 1 1 11       0 1 1 01                    Q 25e     566663342910 9 711    51.0   51.0
 21 6535.535693 7.980E-30 8.552E-06.06790.084 1852.34660.74-.007349       3 2 2 11       1 0 0 01                    R 34e     466663342910 9 711    71.0   69.0
 21 6535.574631 3.659E-28 4.726E-03.07220.097 2241.19480.71-.006601       4 1 1 11       1 1 1 01                    P 20f     466663342910 9 711    39.0   41.0
 21 6535.638365 3.045E-28 4.431E-06.07090.095  882.97140.72-.006510       3 1 1 11       0 1 1 01                    Q 23e     566663342910 9 711    47.0   47.0
 21 6535.675645 1.899E-29 8.651E-06.06960.090 1631.15270.73-.005738       5 1 1 01       0 2 2 01                    R 27f     466663342910 9 711    57.0   55.0
 21 6535.678204 1.133E-27 1.397E-05.07550.103  749.53740.68-.005761       3 1 1 11       0 1 1 01                    Q 14f     566663342910 9 711    29.0   29.0
 21 6535.678988 6.063E-26 3.291E-05.07130.095  197.41660.71-.007359       1 1 1 22       0 0 0 01                    Q 22e     566663342910 9 711    45.0   45.0
 21 6535.682517 9.493E-30 1.231E-03.07370.099 2704.94240.70-.005743       4 2 2 12       1 2 2 02                    R 17f     466663342910 9 711    37.0   35.0
 21 6535.768260 4.064E-28 5.449E-06.07170.096  847.82630.71-.006358       3 1 1 11       0 1 1 01                    Q 21e     566663342910 9 711    43.0   43.0
 21 6535.808097 1.850E-30 2.980E-05.05890.066 2551.01130.69-.009509       2 3 3 11       0 1 1 01                    R 69e     465553342910 9 711   141.0  139.0
 21 6535.808673 1.953E-30 4.015E-03.06680.080 3434.59000.75-.007642       4 2 2 11       1 2 2 01                    P 41f     466563342910 9 711    81.0   83.0
 21 6535.875196 1.453E-27 1.875E-05.07700.105  728.41230.68-.005559       3 1 1 11       0 1 1 01                    Q 12f     566663342910 9 711    25.0   25.0
 21 6535.887187 5.372E-28 6.797E-06.07260.098  815.80320.70-.006200       3 1 1 11       0 1 1 01                    Q 19e     566663342910 9 711    39.0   39.0
 21 6535.897811 2.553E-30 4.604E-03.06690.080 3402.47930.75-.007595       4 2 2 11       1 2 2 01                    P 40e     466663342910 9 711    79.0   81.0
 21 6535.994982 7.051E-28 8.638E-06.07370.100  786.90280.70-.006033       3 1 1 11       0 1 1 01                    Q 17e     566663342910 9 711    35.0   35.0
 21 6536.043173 1.884E-27 2.652E-05.07870.108  710.41630.68-.005332       3 1 1 11       0 1 1 01                    Q 10f     566663342910 9 711    21.0   21.0
 21 6536.067315 6.487E-26 3.283E-05.07220.097  163.86840.71-.007182       1 1 1 22       0 0 0 01                    Q 20e     566663342910 9 711    41.0   41.0
 21 6536.091502 9.212E-28 1.124E-05.07480.102  761.12550.69-.005855       3 1 1 11       0 1 1 01                    Q 15e     566663342910 9 711    31.0   31.0
 21 6536.127289 9.508E-26 7.796E-04.06600.074  917.05730.74-.008289       3 0 0 11       0 0 0 01                    R 48e     586563344510 9 711    99.0   97.0
 21 6536.176616 1.202E-27 1.509E-05.07620.104  738.47170.68-.005663       3 1 1 11       0 1 1 01                    Q 13e     566663342910 9 711    27.0   27.0
 21 6536.182053 2.500E-27 4.045E-05.08080.111  695.54960.68-.005070       3 1 1 11       0 1 1 01                    Q  8f     566663342910 9 711    17.0   17.0
 21 6536.193149 8.858E-30 1.168E-03.07310.098 2719.05030.70-.005853       4 2 2 12       1 2 2 02                    R 18e     466663342910 9 711    39.0   37.0
 21 6536.243314 3.707E-28 4.670E-03.07260.098 2225.19330.70-.006547       4 1 1 11       1 1 1 01                    P 19e     466663342910 9 711    37.0   39.0
 21 6536.250211 1.577E-27 2.113E-05.07780.107  718.94190.68-.005449       3 1 1 11       0 1 1 01                    Q 11e     566663342910 9 711    23.0   23.0
 21 6536.291769 3.465E-27 6.925E-05.08340.114  683.81240.68-.004758       3 1 1 11       0 1 1 01                    Q  6f     566663342910 9 711    13.0   13.0
 21 6536.312188 2.096E-27 3.139E-05.07970.109  702.53630.68-.005206       3 1 1 11       0 1 1 01                    Q  9e     566663342910 9 711    19.0   19.0
 21 6536.362466 2.865E-27 5.096E-05.08200.112  689.25530.68-.004922       3 1 1 11       0 1 1 01                    Q  7e     566663342910 9 711    15.0   15.0
 21 6536.372269 5.247E-27 1.453E-04.08660.118  675.20500.69-.004375       3 1 1 11       0 1 1 01                    Q  4f     566663342910 9 711     9.0    9.0
 21 6536.387225 3.282E-27 1.035E-05.09050.123    2.34130.69-.005259       1 1 1 22       0 0 0 01                    P  2e     566663342910 9 711     3.0    5.0
 21 6536.400977 4.153E-27 9.587E-05.08490.116  679.09900.69-.004577       3 1 1 11       0 1 1 01                    Q  5e     566663342910 9 711    11.0   11.0
 21 6536.419224 6.772E-26 3.276E-05.07310.099  133.43930.70-.006997       1 1 1 22       0 0 0 01                    Q 18e     566663342910 9 711    37.0   37.0
 21 6536.423515 9.972E-27 4.839E-04.09050.123  669.72740.69-.003886       3 1 1 11       0 1 1 01                    Q  2f     566663342910 9 711     5.0    5.0
 21 6536.427671 6.875E-27 2.410E-04.08850.120  672.06760.70-.004146       3 1 1 11       0 1 1 01                    Q  3e     566663342910 9 711     7.0    7.0
 21 6536.442512 1.807E-26 1.450E-03.09500.127  668.16120.69-.003589       3 1 1 11       0 1 1 01                    Q  1e     566663342910 9 711     3.0    3.0
 21 6536.500693 3.875E-27 2.917E-03.08660.116 1395.98790.69-.003737       4 0 0 11       1 0 0 01                    R  4e     566663342910 9 711    11.0    9.0
 21 6536.527684 2.705E-30 7.466E-05.06810.085 2514.73720.74-.006182       6 0 0 01       1 1 1 01                    R 33e     466663342910 9 711    69.0   67.0
 21 6536.574283 1.698E-29 1.165E-05.06830.086 1748.57800.74-.006111       5 1 1 01       0 2 2 01                    R 32e     466663342910 9 711    67.0   65.0
 21 6536.658634 1.790E-29 7.656E-03.07220.097 2961.17370.71-.006601       5 0 0 11       2 0 0 01                    P 20e     466663342910 9 711    39.0   41.0
 21 6536.687202 3.710E-30 8.484E-05.06790.085 2469.97800.74-.006260       5 2 2 01       0 3 3 01                    P 34f     466663342910 9 711    67.0   69.0
 21 6536.734802 6.884E-26 3.270E-05.07420.101  106.12970.69-.006800       1 1 1 22       0 0 0 01                    Q 16e     566663342910 9 711    33.0   33.0
 21 6536.759935 9.509E-28 6.344E-04.06850.088 1723.52920.74-.008130       2 1 1 22       0 2 2 01                    P 31f     466663342910 9 711    61.0   63.0
 21 6536.787907 4.886E-30 1.435E-03.06530.072 3083.57500.74-.008156       3 3 3 11       0 3 3 01                    P 52f     465553342910 9 711   103.0  105.0
 21 6536.857376 8.392E-30 1.115E-05.06750.083 1907.71230.74-.007504       3 2 2 11       1 0 0 01                    R 36e     466663342910 9 711    75.0   73.0
 21 6536.892306 8.987E-30 1.212E-03.07260.097 2733.93840.71-.005959       4 2 2 12       1 2 2 02                    R 19f     466663342910 9 711    41.0   39.0
 21 6536.908271 3.026E-30 1.723E-06.06830.087 1697.58250.74-.006224       5 1 1 01       1 0 0 02                    P 32e     466663342910 9 711    63.0   65.0
 21 6536.988669 1.190E-30 3.179E-05.05850.066 2660.79240.68-.009605       2 3 3 11       0 1 1 01                    R 71e     465553342910 9 711   145.0  143.0
 21 6537.014125 6.792E-26 3.264E-05.07550.103   81.94010.68-.006589       1 1 1 22       0 0 0 01                    Q 14e     566663342910 9 711    29.0   29.0
 21 6537.018611 2.152E-27 1.218E-03.06900.089 1675.77720.73-.007058       3 2 2 11       0 2 2 01                    P 29f     466663342910 9 711    57.0   59.0
 21 6537.029073 5.548E-30 1.363E-03.06560.073 3042.84600.74-.008111       3 3 3 11       0 3 3 01                    P 51e     465553342910 9 711   101.0  103.0
 21 6537.157435 3.640E-30 7.538E-05.06810.086 2443.31820.74-.006221       5 2 2 01       0 3 3 01                    P 33e     466663342910 9 711    65.0   67.0
 21 6537.251599 3.839E-28 4.766E-03.07310.099 2210.67790.70-.006493       4 1 1 11       1 1 1 01                    P 18f     466663342910 9 711    35.0   37.0
 21 6537.257262 6.476E-26 3.259E-05.07700.105   60.87090.68-.006358       1 1 1 22       0 0 0 01                    Q 12e     566663342910 9 711    25.0   25.0
 21 6537.290532 6.700E-26 7.684E-04.06580.073  994.19130.74-.008414       3 0 0 11       0 0 0 01                    R 50e     586553344510 9 711   103.0  101.0
 21 6537.317277 7.974E-30 1.106E-03.07220.096 2749.61350.71-.006063       4 2 2 12       1 2 2 02                    R 20e     466663342910 9 711    43.0   41.0
 21 6537.336988 1.526E-27 9.356E-04.06880.088 1699.26250.74-.007108       3 2 2 11       0 2 2 01                    P 30e     466663342910 9 711    59.0   61.0
 21 6537.393059 1.365E-29 3.525E-06.06590.074 1623.63350.74-.009141       2 0 0 22       0 1 1 01                    P 49e     536563343010 9 711    97.0   99.0
 21 6537.402906 1.880E-29 9.946E-06.06900.088 1675.77720.74-.005892       5 1 1 01       0 2 2 01                    R 29f     466663342910 9 711    61.0   59.0
 21 6537.404625 1.789E-30 2.023E-05.06530.072 2413.51370.74-.008106       4 0 0 11       0 2 2 01                    P 52e     465553342910 9 711   103.0  105.0
 21 6537.428506 2.649E-30 4.212E-03.06700.081 3371.22730.75-.007546       4 2 2 11       1 2 2 01                    P 39f     466663342910 9 711    77.0   79.0
 21 6537.464272 5.928E-26 3.255E-05.07870.108   42.92250.68-.006098       1 1 1 22       0 0 0 01                    Q 10e     566663342910 9 711    21.0   21.0
 21 6537.635207 5.152E-26 3.252E-05.08080.111   28.09510.68-.005799       1 1 1 22       0 0 0 01                    Q  8e     566663342910 9 711    17.0   17.0
 21 6537.666531 3.348E-30 4.712E-03.06720.082 3340.68530.75-.007498       4 2 2 11       1 2 2 01                    P 38e     466663342910 9 711    75.0   77.0
 21 6537.698279 1.851E-27 9.727E-04.06930.090 1653.07420.73-.007009       3 2 2 11       0 2 2 01                    P 28e     466663342910 9 711    55.0   57.0
 21 6537.770108 4.167E-26 3.249E-05.08340.114   16.38900.68-.005442       1 1 1 22       0 0 0 01                    Q  6e     566663342910 9 711    13.0   13.0
 21 6537.869010 3.006E-26 3.248E-05.08660.118    7.80430.69-.005003       1 1 1 22       0 0 0 01                    Q  4e     566663342910 9 711     9.0    9.0
 21 6537.908896 1.562E-29 1.305E-05.06790.084 1801.01980.74-.006251       5 1 1 01       0 2 2 01                    R 34e     466663342910 9 711    71.0   69.0
 21 6537.931935 1.714E-26 3.246E-05.09050.123    2.34130.69-.004445       1 1 1 22       0 0 0 01                    Q  2e     566663342910 9 711     5.0    5.0
 21 6537.953098 3.844E-28 4.721E-03.07370.100 2196.30940.70-.006437       4 1 1 11       1 1 1 01                    P 17e     466663342910 9 711    33.0   35.0
 21 6537.989760 1.812E-26 8.730E-04.09500.123  668.16120.69-.003072       3 1 1 11       0 1 1 01                    R  1e     566663342910 9 711     5.0    3.0
 21 6538.018936 5.207E-27 2.998E-03.08340.112 1404.57190.68-.004165       4 0 0 11       1 0 0 01                    R  6e     566663342910 9 711    15.0   13.0
 21 6538.053970 8.223E-30 1.181E-03.07170.095 2766.06710.71-.006164       4 2 2 12       1 2 2 02                    R 21f     466663342910 9 711    45.0   43.0
 21 6538.178378 8.449E-30 1.416E-05.06720.081 1966.19230.75-.007653       3 2 2 11       1 0 0 01                    R 38e     466663342910 9 711    79.0   77.0
 21 6538.299800 1.885E-29 7.751E-03.07310.099 2930.71230.70-.006493       5 0 0 11       2 0 0 01                    P 18e     466663342910 9 711    35.0   37.0
 21 6538.302600 2.632E-30 8.925E-05.06770.084 2568.57240.74-.006320       6 0 0 01       1 1 1 01                    R 35e     466663342910 9 711    73.0   71.0
 21 6538.364115 6.839E-30 1.023E-03.07130.095 2783.30940.72-.006262       4 2 2 12       1 2 2 02                    R 22e     466663342910 9 711    47.0   45.0
 21 6538.414227 3.954E-30 7.453E-05.06830.087 2417.44150.74-.006181       5 2 2 01       0 3 3 01                    P 32f     466663342910 9 711    63.0   65.0
 21 6538.443223 4.639E-26 7.567E-04.06530.072 1074.43060.73-.008536       3 0 0 11       0 0 0 01                    R 52e     585553344510 9 711   107.0  105.0
 21 6538.523715 3.172E-30 1.520E-06.06880.088 1648.42100.74-.006144       5 1 1 01       1 0 0 02                    P 30e     466663342910 9 711    59.0   61.0
 21 6538.527968 1.061E-30 1.237E-05.07780.105 2128.38770.68-.005760       3 0 0 22       1 1 1 01                    R 11e     436663343010 9 711    25.0   23.0
 21 6538.728534 7.085E-27 2.211E-05.09500.127    0.00000.69-.003626       1 1 1 22       0 0 0 01                    R  0e     566663342910 9 711     3.0    1.0
 21 6538.753460 7.137E-30 1.474E-03.06580.074 3002.89860.74-.008065       3 3 3 11       0 3 3 01                    P 50f     466553342910 9 711    99.0  101.0
 21 6538.767796 3.196E-26 1.109E-03.09050.120  669.72740.70-.003261       3 1 1 11       0 1 1 01                    R  2f     566663342910 9 711     7.0    5.0
 21 6538.873155 7.859E-28 4.452E-04.06900.089 1675.77720.73-.008012       2 1 1 22       0 2 2 01                    P 29f     466663342910 9 711    57.0   59.0
 21 6538.916990 3.916E-28 4.807E-03.07420.101 2183.28970.69-.006379       4 1 1 11       1 1 1 01                    P 16f     466663342910 9 711    31.0   33.0
 21 6538.966804 3.874E-30 6.676E-05.06850.088 2392.34760.74-.006141       5 2 2 01       0 3 3 01                    P 31e     466663342910 9 711    61.0   63.0
 21 6539.029122 2.812E-27 1.379E-03.06960.091 1631.15270.73-.006959       3 2 2 11       0 2 2 01                    P 27f     566663342910 9 711    53.0   55.0
 21 6539.061529 3.513E-30 4.399E-03.06730.083 3310.98740.74-.007450       4 2 2 11       1 2 2 01                    P 37f     466663342910 9 711    73.0   75.0
 21 6539.078666 7.899E-30 1.376E-03.06590.074 2963.73050.74-.008019       3 3 3 11       0 3 3 01                    P 49e     466563342910 9 711    97.0   99.0
 21 6539.143088 1.809E-29 1.133E-05.06850.087 1723.52920.74-.006039       5 1 1 01       0 2 2 01                    R 31f     466663342910 9 711    65.0   63.0
 21 6539.163422 7.273E-30 1.139E-03.07090.094 2801.32800.72-.006359       4 2 2 12       1 2 2 02                    R 23f     466663342910 9 711    49.0   47.0
 21 6539.232688 1.401E-29 1.453E-05.06750.083 1856.58700.74-.006387       5 1 1 01       0 2 2 01                    R 36e     466663342910 9 711    75.0   73.0
 21 6539.325238 5.597E-30 9.230E-04.07060.093 2820.13750.72-.006453       4 2 2 12       1 2 2 02                    R 24e     466663342910 9 711    51.0   49.0
 21 6539.409366 1.323E-27 6.956E-04.06930.090 1653.07420.73-.007953       2 1 1 22       0 2 2 01                    P 28e     466663342910 9 711    55.0   57.0
 21 6539.423918 4.309E-30 4.819E-03.06750.084 3282.01350.74-.007401       4 2 2 11       1 2 2 01                    P 36e     466663342910 9 711    71.0   73.0
 21 6539.494352 8.190E-30 1.764E-05.06690.080 2027.78570.75-.007799       3 2 2 11       1 0 0 01                    R 40e     466663342910 9 711    83.0   81.0
 21 6539.497807 2.214E-30 1.762E-05.06580.074 2332.98210.74-.008015       4 0 0 11       0 2 2 01                    P 50e     466553342910 9 711    99.0  101.0
 21 6539.509659 4.452E-26 1.215E-03.08850.118  672.06760.69-.003500       3 1 1 11       0 1 1 01                    R  3e     566663342910 9 711     9.0    7.0
 21 6539.524164 6.326E-27 3.046E-03.08080.109 1416.27720.68-.004531       4 0 0 11       1 0 0 01                    R  8e     566663342910 9 711    19.0   17.0
 21 6539.585996 3.156E-26 7.445E-04.06470.071 1157.77410.73-.008655       3 0 0 11       0 0 0 01                    R 54e     585553344510 9 711   111.0  109.0
 21 6539.646383 3.869E-28 4.773E-03.07480.102 2170.54690.69-.006319       4 1 1 11       1 1 1 01                    P 15e     466663342910 9 711    29.0   31.0
 21 6539.657908 1.371E-30 1.904E-04.07220.096 2749.61350.71-.006938       3 1 1 23       1 2 2 02                    R 20e     466663342910 9 711    43.0   41.0
 21 6539.703332 1.533E-30 1.694E-05.07620.103 2147.90620.68-.006058       3 0 0 22       1 1 1 01                    R 13e     436663343010 9 711    29.0   27.0
 21 6539.807159 2.660E-27 1.224E-03.06990.092 1610.01380.73-.006909       3 2 2 11       0 2 2 01                    P 26e     566663342910 9 711    51.0   53.0
 21 6539.933127 1.929E-29 7.845E-03.07420.101 2903.37400.69-.006379       5 0 0 11       2 0 0 01                    P 16e     466663342910 9 711    31.0   33.0
 21 6540.112202 2.389E-30 1.013E-04.06730.082 2625.52330.75-.006453       6 0 0 01       1 1 1 01                    R 37e     466663342910 9 711    77.0   75.0
 21 6540.131960 4.101E-30 6.495E-05.06880.088 2368.03680.74-.006101       5 2 2 01       0 3 3 01                    P 30f     466663342910 9 711    59.0   61.0
 21 6540.138033 3.234E-30 1.329E-06.06930.090 1602.37630.73-.006064       5 1 1 01       1 0 0 02                    P 28e     466663342910 9 711    55.0   57.0
 21 6540.195897 4.401E-30 8.175E-04.06990.091 2860.09700.73-.007571       3 1 1 23       1 2 2 02                    R 26e     466663342910 9 711    55.0   53.0
 21 6540.216371 6.220E-30 1.086E-03.07020.092 2839.72040.73-.006545       4 2 2 12       1 2 2 02                    R 25f     466663342910 9 711    53.0   51.0
 21 6540.235378 1.462E-26 1.979E-05.09050.120    2.34130.70-.003856       1 1 1 22       0 0 0 01                    R  2e     566663342910 9 711     7.0    5.0
 21 6540.294986 5.605E-26 1.271E-03.08660.116  675.20500.69-.003737       3 1 1 11       0 1 1 01                    R  4f     566663342910 9 711    11.0    9.0
 21 6540.303114 1.669E-29 3.115E-06.06620.075 1547.97310.74-.009033       2 0 0 22       0 1 1 01                    P 47e     536563343010 9 711    93.0   95.0
 21 6540.546244 1.226E-29 1.606E-05.06720.081 1915.27870.75-.006518       5 1 1 01       0 2 2 01                    R 38e     466663342910 9 711    79.0   77.0
 21 6540.570645 3.870E-28 4.850E-03.07550.103 2159.03060.68-.006257       4 1 1 11       1 1 1 01                    P 14f     466663342910 9 711    27.0   29.0
 21 6540.704788 4.555E-30 4.573E-03.06770.084 3253.87130.74-.007353       4 2 2 11       1 2 2 01                    P 35f     466663342910 9 711    69.0   71.0
 21 6540.711129 1.023E-29 1.511E-03.06600.075 2925.34400.74-.007973       3 3 3 11       0 3 3 01                    P 48f     466563342910 9 711    95.0   97.0
 21 6540.719511 2.111E-26 7.317E-04.06380.070 1244.22040.72-.008770       3 0 0 11       0 0 0 01                    R 56e     585553344510 9 711   115.0  113.0
 21 6540.721822 1.860E-30 2.784E-04.07130.095 2783.30940.72-.007158       3 1 1 23       1 2 2 02                    R 22e     466663342910 9 711    47.0   45.0
 21 6540.752015 4.001E-30 5.851E-05.06900.089 2344.50930.73-.006062       5 2 2 01       0 3 3 01                    P 29e     466663342910 9 711    57.0   59.0
 21 6540.802471 7.676E-30 2.161E-05.06660.078 2092.49160.75-.007940       3 2 2 11       1 0 0 01                    R 42e     466563342910 9 711    87.0   85.0
 21 6540.821752 2.645E-30 2.868E-05.07480.101 2170.54690.69-.006331       3 0 0 22       1 1 1 01                    R 15e     466663342910 9 711    33.0   31.0
 21 6540.896586 1.695E-29 1.282E-05.06810.085 1774.40790.74-.006182       5 1 1 01       0 2 2 01                    R 33f     466663342910 9 711    69.0   67.0
 21 6540.972010 3.443E-27 1.494E-03.07020.093 1589.65660.72-.006858       3 2 2 11       0 2 2 01                    P 25f     566663342910 9 711    49.0   51.0
 21 6540.975716 3.359E-30 7.173E-04.06930.089 2903.18730.73-.007766       3 1 1 23       1 2 2 02                    R 28e     466663342910 9 711    59.0   57.0
 21 6541.000065 6.067E-28 2.977E-04.06960.091 1631.15270.73-.007894       2 1 1 22       0 2 2 01                    P 27f     566663342910 9 711    53.0   55.0
 21 6541.005177 6.701E-26 1.311E-03.08490.114  679.09900.68-.003960       3 1 1 11       0 1 1 01                    R  5e     566663342910 9 711    13.0   11.0
 21 6541.016448 7.193E-27 3.076E-03.07870.107 1431.10360.68-.004850       4 0 0 11       1 0 0 01                    R 10e     566663342910 9 711    23.0   21.0
 21 6541.107719 1.102E-29 1.385E-03.06620.075 2887.73740.74-.007926       3 3 3 11       0 3 3 01                    P 47e     466563342910 9 711    93.0   95.0
 21 6541.170042 5.439E-30 4.923E-03.06790.085 3226.46480.74-.007304       4 2 2 11       1 2 2 01                    P 34e     466663342910 9 711    67.0   69.0
 21 6541.208781 5.146E-30 1.022E-03.06960.090 2881.24350.73-.006725       4 2 2 12       1 2 2 02                    R 27f     466663342910 9 711    57.0   55.0
 21 6541.323016 3.763E-28 4.826E-03.07620.104 2147.90620.68-.006192       4 1 1 11       1 1 1 01                    P 13e     466663342910 9 711    25.0   27.0
 21 6541.526059 9.971E-28 4.589E-04.06990.092 1610.01380.73-.007834       2 1 1 22       0 2 2 01                    P 26e     566663342910 9 711    51.0   53.0
 21 6541.558393 1.913E-29 7.944E-03.07550.103 2879.15940.68-.006257       5 0 0 11       2 0 0 01                    P 14e     466663342910 9 711    27.0   29.0
 21 6541.578037 2.674E-30 1.523E-05.06600.075 2255.56680.74-.007923       4 0 0 11       0 2 2 01                    P 48e     466563342910 9 711    95.0   97.0
 21 6541.667546 2.515E-30 6.298E-04.06880.088 2949.40770.74-.007954       3 1 1 23       1 2 2 02                    R 30e     466663342910 9 711    63.0   61.0
 21 6541.698961 2.226E-26 1.970E-05.08660.116    7.80430.69-.004395       1 1 1 22       0 0 0 01                    R  4e     566663342910 9 711    11.0    9.0
 21 6541.750715 3.199E-30 1.152E-06.06990.092 1559.44940.73-.005983       5 1 1 01       1 0 0 02                    P 26e     466663342910 9 711    51.0   53.0
 21 6541.779934 2.311E-30 3.814E-04.07060.093 2820.13750.72-.007369       3 1 1 23       1 2 2 02                    R 24e     466663342910 9 711    51.0   49.0
 21 6541.805370 7.680E-26 1.332E-03.08340.112  683.81240.68-.004165       3 1 1 11       0 1 1 01                    R  6f     566663342910 9 711    15.0   13.0
 21 6541.806936 3.437E-27 1.414E-03.07060.094 1570.08200.72-.006808       3 2 2 11       0 2 2 01                    P 24e     566663342910 9 711    47.0   49.0
 21 6541.827919 1.059E-30 1.660E-04.07090.094 2801.32800.72-.007265       3 1 1 23       1 2 2 02                    R 23f     466663342910 9 711    49.0   47.0
 21 6541.840360 4.131E-30 5.608E-05.06930.090 2321.76500.73-.006022       5 2 2 01       0 3 3 01                    P 28f     466663342910 9 711    55.0   57.0
 21 6541.844447 1.387E-26 7.182E-04.06270.069 1333.76790.72-.008883       3 0 0 11       0 0 0 01                    R 58e     585553344510 9 711   119.0  117.0
 21 6541.850221 1.048E-29 1.765E-05.06690.080 1977.09380.75-.006646       5 1 1 01       0 2 2 01                    R 40e     466663342910 9 711    83.0   81.0
 21 6541.883352 3.236E-30 3.549E-05.07370.099 2196.30940.70-.006585       3 0 0 22       1 1 1 01                    R 17e     466663342910 9 711    37.0   35.0
 21 6541.954461 2.061E-30 1.114E-04.06700.080 2685.58900.75-.006583       6 0 0 01       1 1 1 01                    R 39e     466663342910 9 711    81.0   79.0
 21 6542.100793 6.973E-30 2.610E-05.06640.077 2160.30910.74-.008076       3 2 2 11       1 0 0 01                    R 44e     466563342910 9 711    91.0   89.0
 21 6542.137392 4.127E-30 9.523E-04.06900.088 2925.89670.74-.006898       4 2 2 12       1 2 2 02                    R 29f     466663342910 9 711    61.0   59.0
 21 6542.212422 3.685E-28 4.895E-03.07700.105 2137.90100.68-.006122       4 1 1 11       1 1 1 01                    P 12f     466663342910 9 711    23.0   25.0
 21 6542.275609 1.861E-30 5.571E-04.06830.086 2998.75730.74-.008137       3 1 1 23       1 2 2 02                    R 32e     466663342910 9 711    67.0   65.0
 21 6542.355588 5.776E-30 4.738E-03.06810.086 3199.87980.74-.007255       4 2 2 11       1 2 2 01                    P 33f     466663342910 9 711    65.0   67.0
 21 6542.476324 8.620E-26 1.355E-03.08200.111  689.25530.68-.004355       3 1 1 11       0 1 1 01                    R  7e     566663342910 9 711    17.0   15.0
 21 6542.495883 7.785E-27 3.096E-03.07700.104 1449.05090.68-.005134       4 0 0 11       1 0 0 01                    R 12e     566663342910 9 711    27.0   25.0
 21 6542.514629 4.001E-30 5.067E-05.06960.091 2299.80410.73-.005982       5 2 2 01       0 3 3 01                    P 27e     466663342910 9 711    53.0   55.0
 21 6542.659801 1.440E-29 1.547E-03.06620.076 2850.91250.74-.007879       3 3 3 11       0 3 3 01                    P 46f     466563342910 9 711    91.0   93.0
 21 6542.663810 1.550E-29 1.441E-05.06770.084 1828.41260.74-.006320       5 1 1 01       0 2 2 01                    R 35f     466663342910 9 711    73.0   71.0
 21 6542.804123 1.367E-30 4.985E-04.06790.084 3051.23520.74-.008313       3 1 1 23       1 2 2 02                    R 34e     466663342910 9 711    71.0   69.0
 21 6542.836913 2.631E-30 4.891E-04.06990.091 2860.09700.73-.006636       4 2 2 12       1 2 2 02                    R 26e     466663342910 9 711    55.0   53.0
 21 6542.862395 4.008E-27 1.572E-03.07090.095 1551.28950.72-.006757       3 2 2 11       0 2 2 01                    P 23f     566663342910 9 711    45.0   47.0
 21 6542.888275 3.760E-30 4.283E-05.07260.097 2225.19330.71-.006823       3 0 0 22       1 1 1 01                    R 19e     466663342910 9 711    41.0   39.0
 21 6542.902502 1.275E-30 2.228E-04.07020.092 2839.72040.73-.007471       3 1 1 23       1 2 2 02                    R 25f     466663342910 9 711    53.0   51.0
 21 6542.904986 6.733E-30 5.026E-03.06830.087 3174.04040.74-.007206       4 2 2 11       1 2 2 01                    P 32e     466663342910 9 711    63.0   65.0
 21 6542.961498 8.957E-27 7.043E-04.06170.069 1426.41530.71-.008992       3 0 0 11       0 0 0 01                    R 60e     585553344510 9 711   123.0  121.0
 21 6542.982862 3.514E-28 4.882E-03.07780.107 2128.38770.68-.006048       4 1 1 11       1 1 1 01                    P 11e     466663342910 9 711    21.0   23.0
 21 6543.000115 3.217E-30 8.790E-04.06850.087 2973.67900.74-.007065       4 2 2 12       1 2 2 02                    R 31f     466663342910 9 711    65.0   63.0
 21 6543.116539 1.504E-29 1.387E-03.06630.077 2814.86810.74-.007832       3 3 3 11       0 3 3 01                    P 45e     466563342910 9 711    89.0   91.0
 21 6543.119244 2.967E-26 2.008E-05.08340.112   16.38900.68-.004872       1 1 1 22       0 0 0 01                    R  6e     566663342910 9 711    15.0   13.0
 21 6543.122907 4.525E-28 1.964E-04.07020.093 1589.65660.72-.007774       2 1 1 22       0 2 2 01                    P 25f     566663342910 9 711    49.0   51.0
 21 6543.145357 8.755E-30 1.930E-05.06660.078 2042.03130.75-.006769       5 1 1 01       0 2 2 01                    R 42e     466563342910 9 711    87.0   85.0
 21 6543.156858 1.984E-29 2.721E-06.06630.077 1475.42300.74-.008923       2 0 0 22       0 1 1 01                    P 45e     536563343010 9 711    89.0   91.0
 21 6543.175399 1.829E-29 8.052E-03.07700.105 2858.06860.68-.006122       5 0 0 11       2 0 0 01                    P 12e     466663342910 9 711    23.0   25.0
 21 6543.298972 9.401E-26 1.364E-03.08080.109  695.54960.68-.004531       3 1 1 11       0 1 1 01                    R  8f     566663342910 9 711    19.0   17.0
 21 6543.361299 3.066E-30 9.874E-07.07060.094 1519.64110.72-.005902       5 1 1 01       1 0 0 02                    P 24e     466663342910 9 711    47.0   49.0
 21 6543.387908 6.152E-30 3.115E-05.06620.075 2231.23730.74-.008210       3 2 2 11       1 0 0 01                    R 46e     466563342910 9 711    95.0   93.0
 21 6543.539377 4.033E-30 4.790E-05.06990.092 2278.62670.73-.005942       5 2 2 01       0 3 3 01                    P 26f     466663342910 9 711    51.0   53.0
 21 6543.644326 3.149E-30 1.306E-05.06620.076 2181.26900.74-.007830       4 0 0 11       0 2 2 01                    P 46e     566563342910 9 711    91.0   93.0
 21 6543.669715 6.843E-28 2.816E-04.07060.094 1570.08200.72-.007714       2 1 1 22       0 2 2 01                    P 24e     566663342910 9 711    47.0   49.0
 21 6543.724930 4.088E-27 1.538E-03.07130.095 1533.27970.71-.006705       3 2 2 11       0 2 2 01                    P 22e     566663342910 9 711    43.0   45.0
 21 6543.796150 2.448E-30 8.072E-04.06810.085 3024.58950.74-.008225       3 1 1 23       1 2 2 02                    R 33f     466663342910 9 711    69.0   67.0
 21 6543.827933 1.697E-30 1.189E-04.06680.079 2748.76860.75-.006708       6 0 0 01       1 1 1 01                    R 41e     466563342910 9 711    85.0   83.0
 21 6543.836682 4.178E-30 5.068E-05.07170.095 2257.19830.71-.007049       3 0 0 22       1 1 1 01                    R 21e     466663342910 9 711    45.0   43.0
 21 6543.842194 3.354E-28 4.944E-03.07870.108 2119.90110.68-.005968       4 1 1 11       1 1 1 01                    P 10f     466663342910 9 711    19.0   21.0
 21 6543.893048 2.761E-30 5.901E-04.06930.089 2903.18730.73-.006812       4 2 2 12       1 2 2 02                    R 28e     466663342910 9 711    59.0   57.0
 21 6543.923125 1.017E-25 1.381E-03.07970.108  702.53630.68-.004695       3 1 1 11       0 1 1 01                    R  9e     566663342910 9 711    21.0   19.0
 21 6543.959353 1.450E-30 2.884E-04.06960.090 2881.24350.73-.007670       3 1 1 23       1 2 2 02                    R 27f     466663342910 9 711    57.0   55.0
 21 6543.962585 8.099E-27 3.109E-03.07550.102 1470.11880.69-.005392       4 0 0 11       1 0 0 01                    R 14e     566663342910 9 711    31.0   29.0
 21 6544.011496 7.160E-30 4.890E-03.06850.088 3149.01380.74-.007157       4 2 2 11       1 2 2 01                    P 31f     466663342910 9 711    61.0   63.0
 21 6544.071377 5.684E-27 6.898E-04.06080.068 1522.16110.71-.009099       3 0 0 11       0 0 0 01                    R 62e     585553344510 9 711   127.0  125.0
 21 6544.256192 3.866E-30 4.329E-05.07020.093 2258.23290.72-.005902       5 2 2 01       0 3 3 01                    P 25e     466663342910 9 711    49.0   51.0
 21 6544.380260 1.408E-30 1.771E-04.06620.075 2887.73740.74-.006721       6 0 0 01       0 3 3 01                    P 47e     466563342910 9 711    93.0   95.0
 21 6544.432477 7.155E-30 2.100E-05.06640.077 2110.09010.74-.006889       5 1 1 01       0 2 2 01                    R 44e     466563342910 9 711    91.0   89.0
 21 6544.445191 1.383E-29 1.610E-05.06730.082 1885.54220.75-.006453       5 1 1 01       0 2 2 01                    R 37f     466663342910 9 711    77.0   75.0
 21 6544.496183 3.649E-26 2.065E-05.08080.109   28.09510.68-.005279       1 1 1 22       0 0 0 01                    R  8e     566663342910 9 711    19.0   17.0
 21 6544.525796 1.825E-30 7.398E-04.06770.084 3078.62740.74-.008399       3 1 1 23       1 2 2 02                    R 35f     466663342910 9 711    73.0   71.0
 21 6544.598445 1.990E-29 1.582E-03.06640.077 2779.60550.74-.007785       3 3 3 11       0 3 3 01                    P 44f     466563342910 9 711    87.0   89.0
 21 6544.625806 3.118E-28 4.944E-03.07970.109 2111.99170.68-.005881       4 1 1 11       1 1 1 01                    P  9e     466663342910 9 711    17.0   19.0
 21 6544.628838 8.169E-30 5.127E-03.06880.088 3124.74100.74-.007108       4 2 2 11       1 2 2 01                    P 30e     466663342910 9 711    59.0   61.0
 21 6544.662736 5.280E-30 3.678E-05.06600.074 2305.27510.74-.008339       3 2 2 11       1 0 0 01                    R 48e     466563342910 9 711    99.0   97.0
 21 6544.710911 4.481E-27 1.626E-03.07170.096 1516.05210.71-.006653       3 2 2 11       0 2 2 01                    P 21f     566663342910 9 711    41.0   43.0
 21 6544.728751 4.461E-30 5.896E-05.07090.094 2292.32370.72-.007265       3 0 0 22       1 1 1 01                    R 23e     466663342910 9 711    49.0   47.0
 21 6544.775835 1.073E-25 1.383E-03.07870.107  710.41630.68-.004850       3 1 1 11       0 1 1 01                    R 10f     566663342910 9 711    23.0   21.0
 21 6544.783973 1.674E-29 8.179E-03.07870.108 2840.10190.68-.005968       5 0 0 11       2 0 0 01                    P 10e     466663342910 9 711    19.0   21.0
 21 6544.945405 2.704E-30 6.778E-04.06880.088 2949.40770.74-.006982       4 2 2 12       1 2 2 02                    R 30e     466663342910 9 711    63.0   61.0
 21 6544.969367 2.836E-30 8.356E-07.07130.095 1482.95210.71-.005820       5 1 1 01       1 0 0 02                    P 22e     466663342910 9 711    43.0   45.0
 21 6545.001962 1.560E-30 3.603E-04.06900.088 2925.89670.74-.007861       3 1 1 23       1 2 2 02                    R 29f     466663342910 9 711    61.0   59.0
 21 6545.104890 2.007E-29 1.382E-03.06650.078 2745.12380.75-.007738       3 3 3 11       0 3 3 01                    P 43e     466563342910 9 711    85.0   87.0
 21 6545.174799 3.546E-27 6.746E-04.06010.067 1621.00360.70-.009203       3 0 0 11       0 0 0 01                    R 64e     585553344510 9 711   131.0  129.0
 21 6545.190093 1.338E-30 6.791E-04.06730.082 3135.79150.75-.008567       3 1 1 23       1 2 2 02                    R 37f     466663342910 9 711    77.0   75.0
 21 6545.226274 3.331E-28 1.308E-04.07090.095 1551.28950.72-.007652       2 1 1 22       0 2 2 01                    P 23f     566663342910 9 711    45.0   47.0
 21 6545.228958 3.804E-30 4.038E-05.07060.094 2238.62270.72-.005862       5 2 2 01       0 3 3 01                    P 24f     466663342910 9 711    47.0   49.0
 21 6545.345622 1.130E-25 1.397E-03.07780.105  718.94190.68-.004996       3 1 1 11       0 1 1 01                    R 11e     566663342910 9 711    25.0   23.0
 21 6545.416701 8.146E-27 3.117E-03.07420.100 1494.30710.70-.005630       4 0 0 11       1 0 0 01                    R 16e     566663342910 9 711    35.0   33.0
 21 6545.459853 2.878E-28 5.001E-03.08080.111 2105.03130.68-.005785       4 1 1 11       1 1 1 01                    P  8f     466663342910 9 711    15.0   17.0
 21 6545.564678 4.595E-30 6.764E-05.07020.092 2330.56900.73-.007471       3 0 0 22       1 1 1 01                    R 25e     466663342910 9 711    53.0   51.0
 21 6545.583799 4.583E-27 1.615E-03.07220.097 1499.60730.71-.006601       3 2 2 11       0 2 2 01                    P 20e     566663342910 9 711    39.0   41.0
 21 6545.670330 8.679E-30 5.032E-03.06900.089 3101.27410.73-.007058       4 2 2 11       1 2 2 01                    P 29f     466663342910 9 711    57.0   59.0
 21 6545.695725 3.615E-30 1.110E-05.06640.077 2110.09010.74-.007737       4 0 0 11       0 2 2 01                    P 44e     566563342910 9 711    87.0   89.0
 21 6545.712505 5.722E-30 2.274E-05.06620.075 2181.26900.74-.007005       5 1 1 01       0 2 2 01                    R 46e     466563342910 9 711    95.0   93.0
 21 6545.730042 1.327E-30 1.226E-04.06650.077 2815.06110.74-.006829       6 0 0 01       1 1 1 01                    R 43e     466563342910 9 711    89.0   87.0
 21 6545.812977 4.534E-28 1.707E-04.07130.095 1533.27970.71-.007591       2 1 1 22       0 2 2 01                    P 22e     566663342910 9 711    43.0   45.0
 21 6545.829729 4.241E-26 2.132E-05.07870.107   42.92250.68-.005633       1 1 1 22       0 0 0 01                    R 10e     566663342910 9 711    23.0   21.0
 21 6545.923030 2.204E-30 2.034E-04.06630.077 2814.86810.74-.006644       6 0 0 01       0 3 3 01                    P 45e     466563342910 9 711    89.0   91.0
 21 6545.924408 4.412E-30 4.300E-05.06580.073 2382.42160.74-.008465       3 2 2 11       1 0 0 01                    R 50e     466553342910 9 711   103.0  101.0
 21 6545.954221 2.291E-29 2.350E-06.06650.078 1405.98470.75-.008813       2 0 0 22       0 1 1 01                    P 43e     536563343010 9 711    85.0   87.0
 21 6545.978203 3.599E-30 3.642E-05.07090.095 2219.79630.72-.005821       5 2 2 01       0 3 3 01                    P 23e     466663342910 9 711    45.0   47.0
 21 6545.989671 2.501E-30 7.496E-04.06830.086 2998.75730.74-.007146       4 2 2 12       1 2 2 02                    R 32e     466663342910 9 711    67.0   65.0
 21 6546.032675 1.588E-30 4.343E-04.06850.087 2973.67900.74-.008046       3 1 1 23       1 2 2 02                    R 31f     466663342910 9 711    65.0   63.0
 21 6546.236017 1.163E-25 1.394E-03.07700.104  728.41230.68-.005134       3 1 1 11       0 1 1 01                    R 12f     566663342910 9 711    27.0   25.0
 21 6546.241172 1.207E-29 1.792E-05.06700.080 1945.79590.75-.006583       5 1 1 01       0 2 2 01                    R 39f     466663342910 9 711    81.0   79.0
 21 6546.251755 2.578E-28 5.014E-03.08200.112 2098.71840.68-.005678       4 1 1 11       1 1 1 01                    P  7e     466663342910 9 711    13.0   15.0
 21 6546.272484 2.173E-27 6.590E-04.05950.067 1722.94130.70-.009305       3 0 0 11       0 0 0 01                    R 66e     585553344510 9 711   135.0  133.0
 21 6546.341694 9.708E-30 5.225E-03.06930.090 3078.56770.73-.007009       4 2 2 11       1 2 2 01                    P 28e     466663342910 9 711    55.0   57.0
 21 6546.344684 4.581E-30 7.668E-05.06960.090 2371.93370.73-.007670       3 0 0 22       1 1 1 01                    R 27e     466663342910 9 711    57.0   55.0
 21 6546.383963 1.447E-29 8.336E-03.08080.111 2825.25950.68-.005785       5 0 0 11       2 0 0 01                    P  8e     466663342910 9 711    15.0   17.0
 21 6546.524409 4.837E-27 1.665E-03.07260.098 1483.94500.70-.006547       3 2 2 11       0 2 2 01                    P 19f     566663342910 9 711    37.0   39.0
 21 6546.526107 2.698E-29 1.615E-03.06660.079 2711.42410.75-.007690       3 3 3 11       0 3 3 01                    P 42f     466563342910 9 711    83.0   85.0
 21 6546.574543 2.525E-30 6.972E-07.07220.097 1449.38310.71-.005737       5 1 1 01       1 0 0 02                    P 20e     466663342910 9 711    39.0   41.0
 21 6546.743865 1.201E-25 1.408E-03.07620.103  738.47170.68-.005266       3 1 1 11       0 1 1 01                    R 13e     566663342910 9 711    29.0   27.0
 21 6546.858400 7.956E-27 3.121E-03.07310.098 1521.61540.70-.005853       4 0 0 11       1 0 0 01                    R 18e     566663342910 9 711    39.0   37.0
 21 6546.909047 3.455E-30 3.353E-05.07130.095 2201.75370.71-.005781       5 2 2 01       0 3 3 01                    P 22f     466663342910 9 711    43.0   45.0
 21 6546.986472 4.480E-30 2.453E-05.06600.074 2255.56680.74-.007118       5 1 1 01       0 2 2 01                    R 48e     466563342910 9 711    99.0   97.0
 21 6547.021542 2.209E-30 8.065E-04.06790.084 3051.23520.74-.007305       4 2 2 12       1 2 2 02                    R 34e     466663342910 9 711    71.0   69.0
 21 6547.052582 1.534E-30 5.063E-04.06810.085 3024.58950.74-.007226       4 2 2 12       1 2 2 02                    R 33f     466663342910 9 711    69.0   67.0
 21 6547.065305 2.264E-28 5.070E-03.08340.114 2093.29160.68-.005557       4 1 1 11       1 1 1 01                    P  6f     466663342910 9 711    11.0   13.0
 21 6547.069017 4.431E-30 8.605E-05.06900.088 2416.41710.74-.007861       3 0 0 22       1 1 1 01                    R 29e     466663342910 9 711    61.0   59.0
 21 6547.072163 2.608E-29 1.364E-03.06680.080 2678.50580.75-.007642       3 3 3 11       0 3 3 01                    P 41e     466563342910 9 711    81.0   83.0
 21 6547.119825 4.719E-26 2.206E-05.07700.104   60.87090.68-.005947       1 1 1 22       0 0 0 01                    R 12e     566663342910 9 711    27.0   25.0
 21 6547.172200 3.594E-30 4.983E-05.06530.072 2462.67570.73-.008587       3 2 2 11       1 0 0 01                    R 52e     465553342910 9 711   107.0  105.0
 21 6547.299266 2.440E-28 8.863E-05.07170.096 1516.05210.71-.007528       2 1 1 22       0 2 2 01                    P 21f     566663342910 9 711    41.0   43.0
 21 6547.330144 1.028E-29 5.163E-03.06960.091 3056.66140.73-.006959       4 2 2 11       1 2 2 01                    P 27f     466663342910 9 711    53.0   55.0
 21 6547.365142 1.310E-27 6.427E-04.05910.066 1827.97240.69-.009404       3 0 0 11       0 0 0 01                    R 68e     585553344510 9 711   139.0  137.0
 21 6547.398036 4.915E-27 1.664E-03.07310.099 1469.06550.70-.006493       3 2 2 11       0 2 2 01                    P 18e     566663342910 9 711    35.0   37.0
 21 6547.472724 3.443E-30 2.372E-04.06650.078 2745.12380.75-.006567       6 0 0 01       0 3 3 01                    P 43e     466563342910 9 711    85.0   87.0
 21 6547.624788 1.469E-30 1.901E-05.06830.087 2345.92090.74-.008117       3 0 0 23       1 1 1 02                    Q 32f     466663342910 9 711    65.0   65.0
 21 6547.679592 1.210E-25 1.401E-03.07550.102  749.53740.69-.005392       3 1 1 11       0 1 1 01                    R 14f     566663342910 9 711    31.0   29.0
 21 6547.682092 3.214E-30 3.009E-05.07170.096 2184.49500.71-.005740       5 2 2 01       0 3 3 01                    P 21e     466663342910 9 711    41.0   43.0
 21 6547.731328 4.040E-30 9.347E-06.06660.079 2042.03130.75-.007643       4 0 0 11       0 2 2 01                    P 42e     566563342910 9 711    83.0   85.0
 21 6547.737961 4.169E-30 9.578E-05.06850.087 2464.01850.74-.008046       3 0 0 22       1 1 1 01                    R 31e     466663342910 9 711    65.0   63.0
 21 6547.860629 1.904E-28 5.094E-03.08490.116 2088.56800.69-.005417       4 1 1 11       1 1 1 01                    P  5e     466663342910 9 711     9.0   11.0
 21 6547.933147 2.995E-28 1.056E-04.07220.097 1499.60730.71-.007465       2 1 1 22       0 2 2 01                    P 20e     566663342910 9 711    39.0   41.0
 21 6547.975247 1.154E-29 8.568E-03.08340.114 2813.54170.68-.005557       5 0 0 11       2 0 0 01                    P  6e     466663342910 9 711    11.0   13.0
 21 6548.037344 1.877E-30 8.504E-04.06750.083 3106.84060.74-.007458       4 2 2 12       1 2 2 02                    R 36e     466663342910 9 711    75.0   73.0
 21 6548.043655 1.129E-29 5.318E-03.06990.092 3035.52110.73-.006909       4 2 2 11       1 2 2 01                    P 26e     466663342910 9 711    51.0   53.0
 21 6548.052208 1.030E-29 1.984E-05.06680.079 2009.17250.75-.006708       5 1 1 01       0 2 2 01                    R 41f     466563342910 9 711    85.0   83.0
 21 6548.061704 1.412E-30 5.730E-04.06770.084 3078.62740.74-.007382       4 2 2 12       1 2 2 02                    R 35f     466663342910 9 711    73.0   71.0
 21 6548.117923 1.231E-25 1.416E-03.07480.101  761.12550.69-.005513       3 1 1 11       0 1 1 01                    R 15e     566663342910 9 711    33.0   31.0
 21 6548.176490 2.151E-30 5.710E-07.07310.099 1418.93480.70-.005651       5 1 1 01       1 0 0 02                    P 18e     466663342910 9 711    35.0   37.0
 21 6548.255527 3.436E-30 2.635E-05.06580.073 2332.98210.74-.007227       5 1 1 01       0 2 2 01                    R 50e     466553342910 9 711   103.0  101.0
 21 6548.287882 7.564E-27 3.121E-03.07220.096 1552.04330.71-.006063       4 0 0 11       1 0 0 01                    R 20e     566663342910 9 711    43.0   41.0
 21 6548.307187 5.051E-27 1.694E-03.07370.100 1454.96860.70-.006437       3 2 2 11       0 2 2 01                    P 17f     566663342910 9 711    33.0   35.0
 21 6548.351857 3.823E-30 1.059E-04.06810.085 2514.73720.74-.008225       3 0 0 22       1 1 1 01                    R 33e     466663342910 9 711    69.0   67.0
 21 6548.366410 5.063E-26 2.284E-05.07550.102   81.94010.69-.006233       1 1 1 22       0 0 0 01                    R 14e     566663342910 9 711    31.0   29.0
 21 6548.405484 2.856E-30 5.726E-05.06470.071 2546.03630.73-.008706       3 2 2 11       1 0 0 01                    R 54e     465553342910 9 711   111.0  109.0
 21 6548.441906 3.590E-29 1.647E-03.06690.080 2646.36960.75-.007595       3 3 3 11       0 3 3 01                    P 40f     466663342910 9 711    79.0   81.0
 21 6548.453458 7.753E-28 6.256E-04.05870.066 1936.09530.68-.009500       3 0 0 11       0 0 0 01                    R 70e     585553344510 9 711   143.0  141.0
 21 6548.579586 3.007E-30 2.732E-05.07220.097 2168.02030.71-.005698       5 2 2 01       0 3 3 01                    P 20f     466663342910 9 711    39.0   41.0
 21 6548.618710 1.788E-30 1.941E-05.06880.088 2296.60700.74-.007966       3 0 0 23       1 1 1 02                    Q 30f     466663342910 9 711    61.0   61.0
 21 6548.658473 1.522E-28 5.139E-03.08660.118 2084.68250.69-.005249       4 1 1 11       1 1 1 01                    P  4f     466663342910 9 711     7.0    9.0
 21 6548.695140 2.565E-29 2.002E-06.06680.080 1339.65920.75-.008701       2 0 0 22       0 1 1 01                    P 41e     536563343010 9 711    81.0   83.0
 21 6548.911127 3.422E-30 1.164E-04.06770.084 2568.57240.74-.008399       3 0 0 22       1 1 1 01                    R 35e     466663342910 9 711    73.0   71.0
 21 6548.989213 1.190E-29 5.287E-03.07020.093 3015.17650.72-.006858       4 2 2 11       1 2 2 01                    P 25f     466663342910 9 711    49.0   51.0
 21 6549.017302 3.284E-29 1.327E-03.06700.081 2615.01510.75-.007546       3 3 3 11       0 3 3 01                    P 39e     466663342910 9 711    77.0   79.0
 21 6549.034175 1.545E-30 8.843E-04.06720.081 3165.57240.75-.007607       4 2 2 12       1 2 2 02                    R 38e     466663342910 9 711    79.0   77.0
 21 6549.037719 5.402E-30 2.826E-04.06680.080 2678.50580.75-.006490       6 0 0 01       0 3 3 01                    P 41e     466563342910 9 711    81.0   83.0
 21 6549.059361 1.245E-30 6.326E-04.06730.082 3135.79150.75-.007533       4 2 2 12       1 2 2 02                    R 37f     466663342910 9 711    77.0   75.0
 21 6549.106649 1.218E-25 1.406E-03.07420.100  773.79110.70-.005630       3 1 1 11       0 1 1 01                    R 16f     566663342910 9 711    35.0   33.0
 21 6549.176170 5.071E-27 1.698E-03.07420.101 1441.65470.69-.006379       3 2 2 11       0 2 2 01                    P 16e     566663342910 9 711    31.0   33.0
 21 6549.334790 1.777E-28 6.123E-05.07260.098 1483.94500.70-.007400       2 1 1 22       0 2 2 01                    P 19f     566663342910 9 711    37.0   39.0
 21 6549.369204 2.740E-30 2.432E-05.07260.098 2152.32960.70-.005656       5 2 2 01       0 3 3 01                    P 19e     466663342910 9 711    37.0   39.0
 21 6549.416346 2.998E-30 1.275E-04.06730.082 2625.52330.75-.008567       3 0 0 22       1 1 1 01                    R 37e     466663342910 9 711    77.0   75.0
 21 6549.452365 1.099E-28 5.117E-03.08850.120 2081.54070.70-.005032       4 1 1 11       1 1 1 01                    P  3e     466663342910 9 711     5.0    7.0
 21 6549.467878 1.222E-25 1.422E-03.07370.099  786.90280.70-.005743       3 1 1 11       0 1 1 01                    R 17e     566663342910 9 711    37.0   35.0
 21 6549.520947 2.581E-30 2.820E-05.06530.072 2413.51370.73-.007334       5 1 1 01       0 2 2 01                    R 52e     465553342910 9 711   107.0  105.0
 21 6549.538075 4.509E-28 6.079E-04.05840.065 2047.30810.68-.009595       3 0 0 11       0 0 0 01                    R 72e     485553344510 9 711   147.0  145.0
 21 6549.549101 2.132E-30 1.979E-05.06930.090 2250.41970.73-.007811       3 0 0 23       1 1 1 02                    Q 28f     466663342910 9 711    57.0   57.0
 21 6549.557723 8.053E-30 9.015E-03.08660.118 2804.94850.69-.005249       5 0 0 11       2 0 0 01                    P  4e     466663342910 9 711     7.0    9.0
 21 6549.569418 5.266E-26 2.368E-05.07420.100  106.12970.70-.006497       1 1 1 22       0 0 0 01                    R 16e     566663342910 9 711    35.0   33.0
 21 6549.623712 2.215E-30 6.528E-05.06380.070 2632.50220.72-.008823       3 2 2 11       1 0 0 01                    R 56e     465553342910 9 711   115.0  113.0
 21 6549.705376 7.015E-27 3.119E-03.07130.095 1585.59040.72-.006262       4 0 0 11       1 0 0 01                    R 22e     566663342910 9 711    47.0   45.0
 21 6549.734826 1.285E-29 5.413E-03.07060.094 2995.60220.72-.006808       4 2 2 11       1 2 2 01                    P 24e     466663342910 9 711    47.0   49.0
 21 6549.750272 4.393E-30 7.793E-06.06690.080 1977.09380.75-.007548       4 0 0 11       0 2 2 01                    P 40e     566663342910 9 711    79.0   81.0
 21 6549.774908 1.743E-30 4.576E-07.07420.101 1391.60780.69-.005561       5 1 1 01       1 0 0 02                    P 16e     466663342910 9 711    31.0   33.0
 21 6549.868377 2.578E-30 1.396E-04.06700.080 2685.58900.75-.008731       3 0 0 22       1 1 1 01                    R 39e     466663342910 9 711    81.0   79.0
 21 6549.878763 8.601E-30 2.187E-05.06650.077 2075.67110.74-.006829       5 1 1 01       0 2 2 01                    R 43f     466563342910 9 711    89.0   87.0
 21 6549.973234 1.134E-30 1.649E-05.07060.094 2311.61270.72-.006583       4 1 1 11       1 1 1 01                    Q 24f     466663342910 9 711    49.0   49.0
 21 6550.009813 1.236E-30 9.098E-04.06690.080 3227.42970.75-.007752       4 2 2 12       1 2 2 02                    R 40e     466663342910 9 711    83.0   81.0
 21 6550.015686 1.988E-28 6.737E-05.07310.099 1469.06550.70-.007334       2 1 1 22       0 2 2 01                    P 18e     566663342910 9 711    35.0   37.0
 21 6550.047557 1.056E-30 6.840E-04.06700.080 3196.08110.75-.007680       4 2 2 12       1 2 2 02                    R 39f     366663242910 9 711    81.0   79.0
 21 6550.061947 5.095E-27 1.716E-03.07480.102 1429.12360.69-.006319       3 2 2 11       0 2 2 01                    P 15f     566663342910 9 711    29.0   31.0
 21 6550.239298 6.266E-29 4.809E-03.09050.123 2079.20380.69-.004701       4 1 1 11       1 1 1 01                    P  2f     466663342910 9 711     3.0    5.0
 21 6550.240514 2.491E-30 2.175E-05.07310.099 2137.42310.70-.005613       5 2 2 01       0 3 3 01                    P 18f     466663342910 9 711    35.0   37.0
 21 6550.258801 1.468E-30 1.944E-05.07130.095 2274.83980.71-.006435       4 1 1 11       1 1 1 01                    Q 22f     466663342910 9 711    45.0   45.0
 21 6550.268728 2.185E-30 1.533E-04.06680.079 2748.76860.75-.008889       3 0 0 22       1 1 1 01                    R 41e     466563342910 9 711    85.0   83.0
 21 6550.345030 4.688E-29 1.677E-03.06720.082 2584.44300.75-.007498       3 3 3 11       0 3 3 01                    P 38f     466663342910 9 711    75.0   77.0
 21 6550.416038 2.488E-30 2.015E-05.06990.092 2207.35980.73-.007653       3 0 0 23       1 1 1 02                    Q 26f     466663342910 9 711    53.0   53.0
 21 6550.517294 1.189E-25 1.407E-03.07310.098  801.17310.70-.005853       3 1 1 11       0 1 1 01                    R 18f     566663342910 9 711    39.0   37.0
 21 6550.520704 1.890E-30 2.333E-05.07220.097 2241.19480.71-.006280       4 1 1 11       1 1 1 01                    Q 20f     466663342910 9 711    41.0   41.0
 21 6550.619559 2.575E-28 5.895E-04.05810.065 2161.60910.67-.009687       3 0 0 11       0 0 0 01                    R 74e     485553344510 9 711   151.0  149.0
 21 6550.620412 8.565E-30 3.464E-04.06700.081 2615.01510.75-.006412       6 0 0 01       0 3 3 01                    P 39e     466663342910 9 711    77.0   79.0
 21 6550.620654 1.841E-30 1.703E-04.06650.077 2815.06110.74-.009044       3 0 0 22       1 1 1 01                    R 43e     466563342910 9 711    89.0   87.0
 21 6550.646010 1.344E-29 5.398E-03.07090.095 2976.81990.72-.006757       4 2 2 11       1 2 2 01                    P 23f     466663342910 9 711    45.0   47.0
 21 6550.728774 5.326E-26 2.455E-05.07310.098  133.43930.70-.006744       1 1 1 22       0 0 0 01                    R 18e     566663342910 9 711    39.0   37.0
 21 6550.758752 2.420E-30 2.854E-05.07310.099 2210.67790.70-.006118       4 1 1 11       1 1 1 01                    Q 18f     466663342910 9 711    37.0   37.0
 21 6550.784147 1.900E-30 3.006E-05.06470.071 2497.16010.73-.007437       5 1 1 01       0 2 2 01                    R 54e     465553342910 9 711   111.0  109.0
 21 6550.793825 1.179E-25 1.425E-03.07260.097  815.80320.71-.005959       3 1 1 11       0 1 1 01                    R 19e     566663342910 9 711    41.0   39.0
 21 6550.826394 1.678E-30 7.389E-05.06270.069 2722.07220.72-.008936       3 2 2 11       1 0 0 01                    R 58e     465553342910 9 711   119.0  117.0
 21 6550.923197 5.035E-27 1.721E-03.07550.103 1417.37550.68-.006257       3 2 2 11       0 2 2 01                    P 14e     566663342910 9 711    27.0   29.0
 21 6550.933693 1.578E-30 1.958E-04.06630.076 2884.46540.74-.009194       3 0 0 22       1 1 1 01                    R 45e     466563342910 9 711    93.0   91.0
 21 6550.938505 3.960E-29 1.260E-03.06730.083 2554.65300.74-.007450       3 3 3 11       0 3 3 01                    P 37e     466663342910 9 711    73.0   75.0
 21 6550.972781 3.091E-30 3.577E-05.07420.101 2183.28970.69-.005946       4 1 1 11       1 1 1 01                    Q 16f     466663342910 9 711    33.0   33.0
 21 6551.040779 2.212E-30 1.913E-05.07370.100 2123.30070.70-.005570       5 2 2 01       0 3 3 01                    P 17e     466663342910 9 711    33.0   35.0
 21 6551.111143 6.356E-27 3.114E-03.07060.093 1622.25620.72-.006453       4 0 0 11       1 0 0 01                    R 24e     566663342910 9 711    51.0   49.0
 21 6551.131317 4.148E-30 1.056E-02.09050.123 2799.48000.69-.004701       5 0 0 11       2 0 0 01                    P  2e     466663342910 9 711     3.0    5.0
 21 6551.162651 3.948E-30 4.621E-05.07550.103 2159.03060.68-.005761       4 1 1 11       1 1 1 01                    Q 14f     466663342910 9 711    29.0   29.0
 21 6551.219595 2.839E-30 2.049E-05.07060.094 2167.42810.72-.007489       3 0 0 23       1 1 1 02                    Q 24f     466663342910 9 711    49.0   49.0
 21 6551.255789 1.494E-30 2.528E-04.06620.075 2956.98060.74-.009340       3 0 0 22       1 1 1 01                    R 47e     466563342910 9 711    97.0   95.0
 21 6551.328246 5.067E-30 6.209E-05.07700.105 2137.90100.68-.005559       4 1 1 11       1 1 1 01                    Q 12f     466663342910 9 711    25.0   25.0
 21 6551.328322 1.281E-28 4.301E-05.07370.100 1454.96860.70-.007267       2 1 1 22       0 2 2 01                    P 17f     566663342910 9 711    33.0   35.0
 21 6551.369528 1.331E-30 3.569E-07.07550.103 1367.40260.68-.005464       5 1 1 01       1 0 0 02                    P 14e     466663342910 9 711    27.0   29.0
 21 6551.379562 2.776E-29 1.677E-06.06700.081 1276.44760.75-.008589       2 0 0 22       0 1 1 01                    P 39e     536663343010 9 711    77.0   79.0
 21 6551.415314 1.428E-29 5.501E-03.07130.095 2958.81150.71-.006705       4 2 2 11       1 2 2 01                    P 22e     466663342910 9 711    43.0   45.0
 21 6551.469466 6.577E-30 8.791E-05.07870.108 2119.90110.68-.005332       4 1 1 11       1 1 1 01                    Q 10f     466663342910 9 711    21.0   21.0
 21 6551.527849 1.376E-30 1.751E-05.07170.096 2257.19830.71-.006358       4 1 1 11       1 1 1 01                    Q 21e     466663342910 9 711    43.0   43.0
 21 6551.576048 1.831E-30 2.199E-05.07260.098 2225.19330.70-.006200       4 1 1 11       1 1 1 01                    Q 19e     466663342910 9 711    39.0   39.0
 21 6551.586234 8.733E-30 1.341E-04.08080.111 2105.03130.68-.005070       4 1 1 11       1 1 1 01                    Q  8f     466663342910 9 711    17.0   17.0
 21 6551.620092 2.417E-30 2.810E-05.07370.100 2196.30940.70-.006033       4 1 1 11       1 1 1 01                    Q 17e     466663342910 9 711    35.0   35.0
 21 6551.659813 3.172E-30 3.674E-05.07480.102 2170.54690.69-.005855       4 1 1 11       1 1 1 01                    Q 15e     466663342910 9 711    31.0   31.0
 21 6551.678486 1.211E-29 2.298E-04.08340.114 2093.29160.68-.004758       4 1 1 11       1 1 1 01                    Q  6f     466663342910 9 711    13.0   13.0
 21 6551.695060 4.157E-30 4.952E-05.07620.104 2147.90620.68-.005663       4 1 1 11       1 1 1 01                    Q 13e     466663342910 9 711    27.0   27.0
 21 6551.698352 1.444E-28 5.699E-04.05790.065 2278.99640.66-.009777       3 0 0 11       0 0 0 01                    R 76e     485553344510 9 711   155.0  153.0
 21 6551.721305 7.039E-30 2.404E-05.06630.076 2145.29050.74-.006947       5 1 1 01       0 2 2 01                    R 45f     466563342910 9 711    93.0   91.0
 21 6551.725701 5.469E-30 6.956E-05.07780.107 2128.38770.68-.005449       4 1 1 11       1 1 1 01                    Q 11e     466663342910 9 711    23.0   23.0
 21 6551.746173 1.835E-29 4.823E-04.08660.118 2084.68250.69-.004375       4 1 1 11       1 1 1 01                    Q  4f     466663342910 9 711     9.0    9.0
 21 6551.751623 7.289E-30 1.036E-04.07970.109 2111.99170.68-.005206       4 1 1 11       1 1 1 01                    Q  9e     466663342910 9 711    19.0   19.0
 21 6551.751741 4.642E-30 6.426E-06.06720.082 1915.27870.75-.007452       4 0 0 11       0 2 2 01                    P 38e     566663342910 9 711    75.0   77.0
 21 6551.772730 9.989E-30 1.687E-04.08200.112 2098.71840.68-.004922       4 1 1 11       1 1 1 01                    Q  7e     466663342910 9 711    15.0   15.0
 21 6551.788945 1.450E-29 3.178E-04.08490.116 2088.56800.69-.004577       4 1 1 11       1 1 1 01                    Q  5e     466663342910 9 711    11.0   11.0
 21 6551.789263 3.488E-29 1.607E-03.09050.123 2079.20380.69-.003886       4 1 1 11       1 1 1 01                    Q  2f     466663342910 9 711     5.0    5.0
 21 6551.790411 4.949E-27 1.733E-03.07620.104 1406.41030.68-.006192       3 2 2 11       0 2 2 01                    P 13f     566663342910 9 711    25.0   27.0
 21 6551.800208 2.403E-29 7.998E-04.08850.120 2081.54070.70-.004146       4 1 1 11       1 1 1 01                    Q  3e     466663342910 9 711     7.0    7.0
 21 6551.806479 6.320E-29 4.816E-03.09500.127 2077.63670.69-.003589       4 1 1 11       1 1 1 01                    Q  1e     466663342910 9 711     3.0    3.0
 21 6551.844403 5.251E-26 2.546E-05.07220.096  163.86840.71-.006976       1 1 1 22       0 0 0 01                    R 20e     566663342910 9 711    43.0   41.0
 21 6551.891773 1.946E-30 1.679E-05.07420.101 2109.96260.69-.005525       5 2 2 01       0 3 3 01                    P 16f     466663342910 9 711    31.0   33.0
 21 6551.911650 1.131E-25 1.409E-03.07220.096  831.68290.71-.006063       3 1 1 11       0 1 1 01                    R 20f     566663342910 9 711    43.0   41.0
 21 6551.959840 3.165E-30 2.080E-05.07130.095 2130.62550.71-.007320       3 0 0 23       1 1 1 02                    Q 22f     466663342910 9 711    45.0   45.0
 21 6552.013094 1.241E-30 8.298E-05.06170.069 2814.74520.71-.009046       3 2 2 11       1 0 0 01                    R 60e     465553342910 9 711   123.0  121.0
 21 6552.046690 1.371E-30 3.193E-05.06380.070 2583.91980.72-.007538       5 1 1 01       0 2 2 01                    R 56e     465553342910 9 711   115.0  113.0
 21 6552.052019 1.320E-28 4.423E-05.07420.101 1441.65470.69-.007197       2 1 1 22       0 2 2 01                    P 16e     566663342910 9 711    31.0   33.0
 21 6552.071724 1.461E-30 3.430E-04.06590.074 3032.60550.74-.007173       6 0 0 01       1 1 1 01                    R 49e     366563342910 9 711   101.0   99.0
 21 6552.095876 1.109E-25 1.428E-03.07170.095  847.82630.71-.006164       3 1 1 11       0 1 1 01                    R 21e     566663342910 9 711    45.0   43.0
 21 6552.222071 1.384E-29 4.405E-04.06730.083 2554.65300.74-.006333       6 0 0 01       0 3 3 01                    P 37e     466663342910 9 711    73.0   75.0
 21 6552.234731 6.004E-29 1.706E-03.06750.084 2525.64550.74-.007401       3 3 3 11       0 3 3 01                    P 36f     466663342910 9 711    71.0   73.0
 21 6552.299195 1.480E-29 5.501E-03.07170.096 2941.59230.71-.006653       4 2 2 11       1 2 2 01                    P 21f     466663342910 9 711    41.0   43.0
 21 6552.372982 1.360E-30 1.040E-05.07420.100 2109.96260.70-.006460       2 2 2 22       0 3 3 01                    R 16f     466663342910 9 711    35.0   33.0
 21 6552.505473 5.634E-27 3.107E-03.06990.091 1662.04020.73-.006636       4 0 0 11       1 0 0 01                    R 26e     566663342910 9 711    55.0   53.0
 21 6552.636840 3.442E-30 2.109E-05.07220.097 2096.95250.71-.007144       3 0 0 23       1 1 1 02                    Q 20f     466663342910 9 711    41.0   41.0
 21 6552.642119 4.795E-27 1.737E-03.07700.105 1396.22820.68-.006122       3 2 2 11       0 2 2 01                    P 12e     566663342910 9 711    23.0   25.0
 21 6552.697944 1.672E-30 1.451E-05.07480.102 2097.40880.69-.005478       5 2 2 01       0 3 3 01                    P 15e     466663342910 9 711    29.0   31.0
 21 6552.774681 7.948E-29 5.493E-04.05770.064 2399.46790.66-.009865       3 0 0 11       0 0 0 01                    R 78e     485553344510 9 711   159.0  157.0
 21 6552.832633 4.474E-29 1.141E-03.06770.084 2497.42030.74-.007353       3 3 3 11       0 3 3 01                    P 35e     466663342910 9 711    69.0   71.0
 21 6552.841099 2.082E-30 4.112E-06.06680.080 2009.17250.75-.008756       2 1 1 22       0 2 2 01                    Q 41f     466563342910 9 711    83.0   83.0
 21 6552.909779 1.477E-30 1.140E-05.07370.099 2123.30070.70-.006585       2 2 2 22       0 3 3 01                    R 17e     466663342910 9 711    37.0   35.0
 21 6552.916219 5.056E-26 2.641E-05.07130.095  197.41660.72-.007198       1 1 1 22       0 0 0 01                    R 22e     566663342910 9 711    47.0   45.0
 21 6552.969944 1.552E-30 4.669E-06.06640.077 2110.09010.74-.008956       2 1 1 22       0 2 2 01                    Q 44e     566563342910 9 711    89.0   89.0
 21 6553.085227 1.547E-29 5.581E-03.07220.097 2925.14970.71-.006601       4 2 2 11       1 2 2 01                    P 20e     466663342910 9 711    39.0   41.0
 21 6553.250659 3.648E-30 2.135E-05.07310.099 2066.41000.70-.006960       3 0 0 23       1 1 1 02                    Q 18f     466663342910 9 711    37.0   37.0
 21 6553.276956 9.069E-29 3.058E-05.07480.102 1429.12360.69-.007125       2 1 1 22       0 2 2 01                    P 15f     566663342910 9 711    29.0   31.0
 21 6553.289855 1.048E-25 1.407E-03.07130.095  865.31990.72-.006262       3 1 1 11       0 1 1 01                    R 22f     566663342910 9 711    47.0   45.0
 21 6553.356445 6.338E-29 2.899E-03.09500.123 2077.63670.69-.003072       4 1 1 11       1 1 1 01                    R  1e     466663342910 9 711     5.0    3.0
 21 6553.374157 1.018E-25 1.429E-03.07090.094  882.97140.72-.006359       3 1 1 11       0 1 1 01                    R 23e     566663342910 9 711    49.0   47.0
 21 6553.432467 1.584E-30 1.242E-05.07310.098 2137.42310.70-.006706       2 2 2 22       0 3 3 01                    R 18f     466663342910 9 711    39.0   37.0
 21 6553.474949 2.105E-30 5.300E-03.09500.127 2797.13640.69-.003111       5 0 0 11       2 0 0 01                    R  0e     466663342910 9 711     3.0    1.0
 21 6553.493690 4.597E-27 1.743E-03.07780.107 1386.82910.68-.006048       3 2 2 11       0 2 2 01                    P 11f     566663342910 9 711    21.0   23.0
 21 6553.533304 1.414E-30 1.245E-05.07550.103 2085.63930.68-.005429       5 2 2 01       0 3 3 01                    P 14f     466663342910 9 711    27.0   29.0
 21 6553.580307 5.647E-30 2.635E-05.06620.075 2218.02950.74-.007062       5 1 1 01       0 2 2 01                    R 47f     466563342910 9 711    97.0   95.0
 21 6553.734961 4.761E-30 5.238E-06.06750.084 1856.58700.74-.007356       4 0 0 11       0 2 2 01                    P 36e     566663342910 9 711    71.0   73.0
 21 6553.801353 3.759E-30 2.159E-05.07420.101 2038.99840.69-.006764       3 0 0 23       1 1 1 02                    Q 16f     466663342910 9 711    33.0   33.0
 21 6553.844561 2.294E-29 5.851E-04.06770.084 2497.42030.74-.006255       6 0 0 01       0 3 3 01                    P 35e     466663342910 9 711    69.0   71.0
 21 6553.848407 4.288E-29 5.271E-04.05750.064 2523.02190.65-.009950       3 0 0 11       0 0 0 01                    R 80e     485553344510 9 711   163.0  161.0
 21 6553.888689 4.889E-27 3.097E-03.06930.089 1704.94190.73-.006812       4 0 0 11       1 0 0 01                    R 28e     566663342910 9 711    59.0   57.0
 21 6553.941688 1.682E-30 1.349E-05.07260.097 2152.32960.71-.006823       2 2 2 22       0 3 3 01                    R 19e     466663342910 9 711    41.0   39.0
 21 6553.944136 4.761E-26 2.740E-05.07060.093  234.08340.72-.007409       1 1 1 22       0 0 0 01                    R 24e     566663342910 9 711    51.0   49.0
 21 6553.947593 1.588E-29 5.598E-03.07260.098 2909.49430.70-.006547       4 2 2 11       1 2 2 01                    P 19f     466663342910 9 711    37.0   39.0
 21 6554.007437 2.896E-29 1.379E-06.06730.083 1216.35090.74-.008475       2 0 0 22       0 1 1 01                    P 37e     536663343010 9 711    73.0   75.0
 21 6554.037097 8.698E-29 2.976E-05.07550.103 1417.37550.68-.007050       2 1 1 22       0 2 2 01                    P 14e     566663342910 9 711    27.0   29.0
 21 6554.051857 3.064E-30 4.674E-06.06700.081 1945.79590.75-.008619       2 1 1 22       0 2 2 01                    Q 39f     466663342910 9 711    79.0   79.0
 21 6554.076771 2.300E-30 5.206E-06.06660.079 2042.03130.75-.008823       2 1 1 22       0 2 2 01                    Q 42e     466563342910 9 711    85.0   85.0
 21 6554.110323 7.541E-29 1.734E-03.06790.085 2469.97800.74-.007304       3 3 3 11       0 3 3 01                    P 34f     466663342910 9 711    67.0   69.0
 21 6554.137106 1.118E-28 3.682E-03.09050.120 2079.20380.70-.003261       4 1 1 11       1 1 1 01                    R  2f     466663342910 9 711     7.0    5.0
 21 6554.288977 3.753E-30 2.180E-05.07550.103 2014.71830.68-.006554       3 0 0 23       1 1 1 02                    Q 14f     466663342910 9 711    29.0   29.0
 21 6554.334796 4.340E-27 1.744E-03.07870.108 1378.21320.68-.005968       3 2 2 11       0 2 2 01                    P 10e     566663342910 9 711    19.0   21.0
 21 6554.341704 1.165E-30 1.051E-05.07620.104 2074.65430.68-.005378       5 2 2 01       0 3 3 01                    P 13e     466663342910 9 711    25.0   27.0
 21 6554.436671 1.767E-30 1.459E-05.07220.096 2168.02030.71-.006938       2 2 2 22       0 3 3 01                    R 20f     466663342910 9 711    43.0   41.0
 21 6554.628809 9.137E-26 1.428E-03.07020.092  921.23810.73-.006545       3 1 1 11       0 1 1 01                    R 25e     566663342910 9 711    53.0   51.0
 21 6554.652063 9.495E-26 1.405E-03.07060.093  902.08370.72-.006453       3 1 1 11       0 1 1 01                    R 24f     566663342910 9 711    51.0   49.0
 21 6554.694202 4.540E-29 9.452E-04.06810.086 2443.31820.74-.007255       3 3 3 11       0 3 3 01                    P 33e     466663342910 9 711    65.0   67.0
 21 6554.713577 3.615E-30 2.199E-05.07700.105 1993.57010.68-.006324       3 0 0 23       1 1 1 02                    Q 12f     466663342910 9 711    25.0   25.0
 21 6554.744672 1.633E-29 5.663E-03.07310.099 2894.61740.70-.006493       4 2 2 11       1 2 2 01                    P 18e     466663342910 9 711    35.0   37.0
 21 6554.887908 1.557E-28 4.034E-03.08850.118 2081.54070.69-.003500       4 1 1 11       1 1 1 01                    R  3e     466663342910 9 711     9.0    7.0
 21 6554.918315 1.840E-30 1.573E-05.07170.095 2184.49500.71-.007049       2 2 2 22       0 3 3 01                    R 21e     466663342910 9 711    45.0   43.0
 21 6554.918711 2.263E-29 5.026E-04.05720.064 2649.65610.64-.010034       3 0 0 11       0 0 0 01                    R 82e     485553344510 9 711   167.0  165.0
 21 6554.928058 4.388E-26 2.842E-05.06990.091  273.86800.73-.007613       1 1 1 22       0 0 0 01                    R 26e     566663342910 9 711    55.0   53.0
 21 6555.026172 6.253E-30 6.828E-03.09050.120 2799.48000.70-.003261       5 0 0 11       2 0 0 01                    R  2e     466663342910 9 711     7.0    5.0
 21 6555.075197 3.339E-30 2.215E-05.07870.108 1975.55420.68-.006065       3 0 0 23       1 1 1 02                    Q 10f     466663342910 9 711    21.0   21.0
 21 6555.121504 3.411E-30 5.911E-06.06690.080 1977.09380.75-.008688       2 1 1 22       0 2 2 01                    Q 40e     466663342910 9 711    81.0   81.0
 21 6555.172505 4.032E-27 1.744E-03.07970.109 1370.38040.68-.005881       3 2 2 11       0 2 2 01                    P  9f     566663342910 9 711    17.0   19.0
 21 6555.178783 6.248E-29 2.190E-05.07620.104 1406.41030.68-.006971       2 1 1 22       0 2 2 01                    P 13f     566663342910 9 711    25.0   27.0
 21 6555.194080 4.515E-30 5.415E-06.06730.083 1885.54220.74-.008480       2 1 1 22       0 2 2 01                    Q 37f     466663342910 9 711    75.0   75.0
 21 6555.261150 4.156E-27 3.085E-03.06880.088 1750.96060.74-.006982       4 0 0 11       1 0 0 01                    R 30e     566663342910 9 711    63.0   61.0
 21 6555.373873 2.922E-30 2.228E-05.08080.111 1960.67110.68-.005768       3 0 0 23       1 1 1 02                    Q  8f     466663342910 9 711    17.0   17.0
 21 6555.385568 1.898E-30 1.689E-05.07130.095 2201.75370.72-.007158       2 2 2 22       0 3 3 01                    R 22f     466663342910 9 711    47.0   45.0
 21 6555.456235 4.444E-30 2.881E-05.06590.074 2293.88690.74-.007173       5 1 1 01       0 2 2 01                    R 49f     466563342910 9 711   101.0   99.0
 21 6555.491730 3.869E-29 8.057E-04.06810.086 2443.31820.74-.006177       6 0 0 01       0 3 3 01                    P 33e     466663342910 9 711    65.0   67.0
 21 6555.590181 1.654E-29 5.682E-03.07370.100 2880.52630.70-.006437       4 2 2 11       1 2 2 01                    P 17f     466663342910 9 711    33.0   35.0
 21 6555.609635 2.377E-30 2.238E-05.08340.114 1948.92090.68-.005413       3 0 0 23       1 1 1 02                    Q  6f     466663342910 9 711    13.0   13.0
 21 6555.674489 1.961E-28 4.222E-03.08660.116 2084.68250.69-.003737       4 1 1 11       1 1 1 01                    R  4f     466663342910 9 711    11.0    9.0
 21 6555.699209 4.731E-30 4.212E-06.06790.085 1801.01980.74-.007260       4 0 0 11       0 2 2 01                    P 34e     566663342910 9 711    67.0   69.0
 21 6555.782508 1.722E-30 2.246E-05.08660.118 1940.30390.69-.004976       3 0 0 23       1 1 1 02                    Q  4f     466663342910 9 711     9.0    9.0
 21 6555.839633 1.942E-30 1.810E-05.07090.094 2219.79630.72-.007265       2 2 2 22       0 3 3 01                    R 23e     466663342910 9 711    49.0   47.0
 21 6555.859990 8.028E-26 1.427E-03.06960.090  962.62570.73-.006725       3 1 1 11       0 1 1 01                    R 27e     566663342910 9 711    57.0   55.0
 21 6555.867887 3.964E-26 2.949E-05.06930.089  316.76990.73-.007809       1 1 1 22       0 0 0 01                    R 28e     566663342910 9 711    59.0   57.0
 21 6555.967866 5.613E-29 2.035E-05.07700.105 1396.22820.68-.006887       2 1 1 22       0 2 2 01                    P 12e     566663342910 9 711    23.0   25.0
 21 6555.971175 9.285E-29 1.759E-03.06830.087 2417.44150.74-.007206       3 3 3 11       0 3 3 01                    P 32f     466663342910 9 711    63.0   65.0
 21 6555.983442 1.164E-29 4.745E-04.05700.064 2779.36870.64-.010116       3 0 0 11       0 0 0 01                    R 84e     485553344510 9 711   171.0  169.0
 21 6555.998445 8.412E-26 1.402E-03.06990.091  941.97360.73-.006636       3 1 1 11       0 1 1 01                    R 26f     566663342910 9 711    55.0   53.0
 21 6556.002408 3.667E-27 1.738E-03.08080.111 1363.33080.68-.005785       3 2 2 11       0 2 2 01                    P  8e     566663342910 9 711    15.0   17.0
 21 6556.099803 5.077E-30 6.855E-06.06720.082 1915.27870.75-.008550       2 1 1 22       0 2 2 01                    Q 38e     466663342910 9 711    77.0   77.0
 21 6556.263690 6.697E-30 6.429E-06.06770.084 1828.41260.74-.008337       2 1 1 22       0 2 2 01                    Q 35f     466663342910 9 711    71.0   71.0
 21 6556.279136 1.971E-30 1.935E-05.07060.093 2238.62270.72-.007369       2 2 2 22       0 3 3 01                    R 24f     466663342910 9 711    51.0   49.0
 21 6556.393751 1.673E-29 5.736E-03.07420.101 2867.21520.69-.006379       4 2 2 11       1 2 2 01                    P 16e     466663342910 9 711    31.0   33.0
 21 6556.402125 2.342E-28 4.349E-03.08490.114 2088.56800.68-.003960       4 1 1 11       1 1 1 01                    R  5e     466663342910 9 711    13.0   11.0
 21 6556.514769 3.873E-29 6.711E-04.06850.088 2392.34760.74-.006098       6 0 0 01       0 3 3 01                    P 31e     466663342910 9 711    61.0   63.0
 21 6556.568447 1.016E-29 7.253E-03.08660.116 2804.94850.69-.003737       5 0 0 11       2 0 0 01                    R  4e     466663342910 9 711    11.0    9.0
 21 6556.578723 2.897E-29 1.108E-06.06770.084 1159.37030.74-.008361       2 0 0 22       0 1 1 01                    P 35e     536663343010 9 711    69.0   71.0
 21 6556.623245 3.464E-27 3.071E-03.06830.086 1800.09570.74-.007146       4 0 0 11       1 0 0 01                    R 32e     566663342910 9 711    67.0   65.0
 21 6556.705616 1.984E-30 2.062E-05.07020.092 2258.23290.73-.007471       2 2 2 22       0 3 3 01                    R 25e     466663342910 9 711    53.0   51.0
 21 6556.763520 3.510E-26 3.060E-05.06880.088  362.78830.74-.007998       1 1 1 22       0 0 0 01                    R 30e     566663342910 9 711    63.0   61.0
 21 6556.827329 3.250E-27 1.724E-03.08200.112 1357.06440.68-.005678       3 2 2 11       0 2 2 01                    P  7f     566663342910 9 711    13.0   15.0
 21 6557.005192 7.599E-30 8.139E-06.06750.084 1856.58700.74-.008409       2 1 1 22       0 2 2 01                    Q 36e     466663342910 9 711    73.0   73.0
 21 6557.032527 4.137E-29 1.570E-05.07780.107 1386.82910.68-.006798       2 1 1 22       0 2 2 01                    P 11f     566663342910 9 711    21.0   23.0
 21 6557.037523 5.798E-30 4.406E-04.05680.063 2912.15730.63-.010196       3 0 0 11       0 0 0 01                    R 86e     485553344510 9 711   175.0  173.0
 21 6557.067872 6.909E-26 1.426E-03.06900.088 1007.13350.74-.006898       3 1 1 11       0 1 1 01                    R 29e     566663342910 9 711    61.0   59.0
 21 6557.117355 1.983E-30 2.193E-05.06990.091 2278.62670.73-.007571       2 2 2 22       0 3 3 01                    R 26f     466663342910 9 711    55.0   53.0
 21 6557.119395 1.107E-30 3.870E-06.06630.077 2145.29050.74-.007930       3 2 2 11       0 2 2 01                    Q 45f     466563342910 9 711    91.0   91.0
 21 6557.170200 6.369E-29 1.104E-03.06850.088 2392.34760.74-.007157       3 3 3 11       0 3 3 01                    P 31e     466663342910 9 711    61.0   63.0
 21 6557.199461 2.687E-28 4.426E-03.08340.112 2093.29160.68-.004165       4 1 1 11       1 1 1 01                    R  6f     466663342910 9 711    15.0   13.0
 21 6557.226071 1.669E-29 5.757E-03.07480.102 2854.68880.69-.006319       4 2 2 11       1 2 2 01                    P 15f     466663342910 9 711    29.0   31.0
 21 6557.254000 1.006E-29 7.874E-06.06810.086 1774.40790.74-.008191       2 1 1 22       0 2 2 01                    Q 33f     466663342910 9 711    67.0   67.0
 21 6557.300226 1.079E-30 4.308E-04.06750.084 3069.00370.74-.007401       5 0 0 12       2 0 0 03                    P 36e     466663342910 9 711    71.0   73.0
 21 6557.329187 7.296E-26 1.398E-03.06930.089  984.98900.73-.006812       3 1 1 11       0 1 1 01                    R 28f     566663342910 9 711    59.0   57.0
 21 6557.349549 3.432E-30 3.143E-05.06560.072 2372.86140.74-.007281       5 1 1 01       0 2 2 01                    R 51f     465553342910 9 711   105.0  103.0
 21 6557.516238 1.968E-30 2.328E-05.06960.090 2299.80410.73-.007670       2 2 2 22       0 3 3 01                    R 27e     466663342910 9 711    57.0   55.0
 21 6557.614848 3.050E-26 3.175E-05.06830.086  411.92250.74-.008180       1 1 1 22       0 0 0 01                    R 32e     566663342910 9 711    67.0   65.0
 21 6557.622952 1.615E-30 4.211E-06.06650.078 2075.67110.75-.007815       3 2 2 11       0 2 2 01                    Q 43f     466563342910 9 711    87.0   87.0
 21 6557.643806 4.548E-30 3.339E-06.06830.087 1748.57800.74-.007163       4 0 0 11       0 2 2 01                    P 32e     566663342910 9 711    63.0   65.0
 21 6557.645712 2.775E-27 1.694E-03.08340.114 1351.58130.68-.005557       3 2 2 11       0 2 2 01                    P  6e     566663342910 9 711    11.0   13.0
 21 6557.684674 1.086E-30 3.272E-06.06640.077 2110.09010.74-.007873       3 2 2 11       0 2 2 01                    Q 44e     466563342910 9 711    89.0   89.0
 21 6557.816711 1.120E-28 1.783E-03.06880.088 2368.03680.74-.007108       3 3 3 11       0 3 3 01                    P 30f     466663342910 9 711    59.0   61.0
 21 6557.828591 1.141E-29 9.871E-06.06790.085 1801.01980.74-.008264       2 1 1 22       0 2 2 01                    Q 34e     466663342910 9 711    69.0   69.0
 21 6557.842409 3.492E-29 1.405E-05.07870.108 1378.21320.68-.006702       2 1 1 22       0 2 2 01                    P 10e     566663342910 9 711    19.0   21.0
 21 6557.899111 3.011E-28 4.494E-03.08200.111 2098.71840.68-.004355       4 1 1 11       1 1 1 01                    R  7e     466663342910 9 711    17.0   15.0
 21 6557.900206 1.938E-30 2.464E-05.06930.089 2321.76500.73-.007766       2 2 2 22       0 3 3 01                    R 28f     466663342910 9 711    59.0   57.0
 21 6557.975399 2.832E-27 3.056E-03.06790.084 1852.34660.74-.007305       4 0 0 11       1 0 0 01                    R 34e     566663342910 9 711    71.0   69.0
 21 6558.032560 1.657E-29 5.800E-03.07550.103 2842.94350.68-.006257       4 2 2 11       1 2 2 01                    P 14e     466663342910 9 711    27.0   29.0
 21 6558.068579 2.744E-30 3.947E-04.05670.063 3048.01980.62-.010274       3 0 0 11       0 0 0 01                    R 88e     485553344510 9 711   179.0  177.0
 21 6558.101811 1.364E-29 7.449E-03.08340.112 2813.54170.68-.004165       5 0 0 11       2 0 0 01                    R  6e     466663342910 9 711    15.0   13.0
 21 6558.107527 2.306E-30 4.562E-06.06680.080 2009.17250.75-.007697       3 2 2 11       0 2 2 01                    Q 41f     466563342910 9 711    83.0   83.0
 21 6558.154165 1.535E-29 9.981E-06.06850.088 1723.52920.74-.008042       2 1 1 22       0 2 2 01                    Q 31f     466663342910 9 711    63.0   63.0
 21 6558.154337 1.523E-30 3.452E-06.06660.079 2042.03130.75-.007756       3 2 2 11       0 2 2 01                    Q 42e     466563342910 9 711    85.0   85.0
 21 6558.252645 5.828E-26 1.423E-03.06850.087 1054.76070.74-.007065       3 1 1 11       0 1 1 01                    R 31e     566663342910 9 711    65.0   63.0
 21 6558.271471 1.897E-30 2.606E-05.06900.088 2344.50930.74-.007861       2 2 2 22       0 3 3 01                    R 29e     466663342910 9 711    61.0   59.0
 21 6558.286507 2.663E-29 3.915E-04.06900.089 2344.50930.73-.006019       6 0 0 01       0 3 3 01                    P 29e     466663342910 9 711    57.0   59.0
 21 6558.421758 2.601E-26 3.295E-05.06790.084  464.17170.74-.008358       1 1 1 22       0 0 0 01                    R 34e     566663342910 9 711    71.0   69.0
 21 6558.458462 2.241E-27 1.635E-03.08490.116 1346.88140.69-.005417       3 2 2 11       0 2 2 01                    P  5f     566663342910 9 711     9.0   11.0
 21 6558.559340 1.702E-29 1.212E-05.06830.087 1748.57800.74-.008117       2 1 1 22       0 2 2 01                    Q 32e     466663342910 9 711    65.0   65.0
 21 6558.574839 3.214E-30 4.910E-06.06700.081 1945.79590.75-.007577       3 2 2 11       0 2 2 01                    Q 39f     466663342910 9 711    79.0   79.0
 21 6558.616682 2.057E-30 3.568E-06.06690.080 1977.09380.75-.007637       3 2 2 11       0 2 2 01                    Q 40e     466663342910 9 711    81.0   81.0
 21 6558.627675 1.844E-30 2.751E-05.06880.088 2368.03680.74-.007954       2 2 2 22       0 3 3 01                    R 30f     466663342910 9 711    63.0   61.0
 21 6558.644493 6.200E-26 1.393E-03.06880.088 1031.12910.74-.006982       3 1 1 11       0 1 1 01                    R 30f     566663342910 9 711    63.0   61.0
 21 6558.712051 3.290E-28 4.532E-03.08080.109 2105.03130.68-.004531       4 1 1 11       1 1 1 01                    R  8f     466663342910 9 711    19.0   17.0
 21 6558.837312 2.588E-29 1.121E-05.07970.109 1370.38040.68-.006597       2 1 1 22       0 2 2 01                    P  9f     566663342910 9 711    17.0   19.0
 21 6558.854504 1.624E-29 5.822E-03.07620.104 2831.98220.68-.006192       4 2 2 11       1 2 2 01                    P 13f     466663342910 9 711    25.0   27.0
 21 6558.885884 9.561E-29 1.406E-03.06900.089 2344.50930.73-.007058       3 3 3 11       0 3 3 01                    P 29e     466663342910 9 711    57.0   59.0
 21 6558.948289 2.356E-29 1.297E-05.06900.089 1675.77720.73-.007889       2 1 1 22       0 2 2 01                    Q 29f     466663342910 9 711    59.0   59.0
 21 6558.971288 1.781E-30 2.898E-05.06850.087 2392.34760.74-.008046       2 2 2 22       0 3 3 01                    R 31e     466663342910 9 711    65.0   63.0
 21 6559.027506 4.345E-30 5.217E-06.06730.083 1885.54220.74-.007454       3 2 2 11       0 2 2 01                    Q 37f     466663342910 9 711    75.0   75.0
 21 6559.042614 1.168E-30 3.230E-04.05650.063 3186.95410.61-.010350       3 0 0 11       0 0 0 01                    R 90e     485443344510 9 711   183.0  181.0
 21 6559.075552 2.642E-30 3.571E-06.06720.082 1915.27870.75-.007516       3 2 2 11       0 2 2 01                    Q 38e     466663342910 9 711    77.0   77.0
 21 6559.093383 2.764E-29 8.640E-07.06810.086 1105.50660.74-.008246       2 0 0 22       0 1 1 01                    P 33e     536663343010 9 711    65.0   67.0
 21 6559.184133 2.178E-26 3.419E-05.06750.083  519.53500.74-.008529       1 1 1 22       0 0 0 01                    R 36e     566663342910 9 711    75.0   73.0
 21 6559.189710 2.477E-29 1.479E-05.06880.088 1699.26250.74-.007003       3 2 2 11       0 2 2 01                    Q 30e     466663342910 9 711    61.0   61.0
 21 6559.260695 2.602E-30 3.423E-05.06500.071 2454.95170.73-.007386       5 1 1 01       0 2 2 01                    R 53f     465553342910 9 711   109.0  107.0
 21 6559.265186 1.635E-27 1.505E-03.08660.118 1342.96480.69-.005249       3 2 2 11       0 2 2 01                    P  4e     566663342910 9 711     7.0    9.0
 21 6559.277959 1.354E-30 4.378E-04.06790.085 3013.53080.74-.007304       5 0 0 12       2 0 0 03                    P 34e     466663342910 9 711    67.0   69.0
 21 6559.299751 1.709E-30 3.048E-05.06830.086 2417.44150.74-.008137       2 2 2 22       0 3 3 01                    R 32f     466663342910 9 711    67.0   65.0
 21 6559.318071 2.271E-27 3.037E-03.06750.083 1907.71230.74-.007458       4 0 0 11       1 0 0 01                    R 36e     566663342910 9 711    75.0   73.0
 21 6559.378895 3.547E-28 4.573E-03.07970.108 2111.99170.68-.004695       4 1 1 11       1 1 1 01                    R  9e     466663342910 9 711    21.0   19.0
 21 6559.414517 4.821E-26 1.420E-03.06810.085 1105.50660.74-.007226       3 1 1 11       0 1 1 01                    R 33e     566663342910 9 711    69.0   67.0
 21 6559.469671 5.642E-30 5.422E-06.06770.084 1828.41260.74-.007329       3 2 2 11       0 2 2 01                    Q 35f     466663342910 9 711    71.0   71.0
 21 6559.536964 3.161E-30 3.388E-06.06750.084 1856.58700.74-.007392       3 2 2 11       0 2 2 01                    Q 36e     466663342910 9 711    73.0   73.0
 21 6559.568119 4.220E-30 2.605E-06.06880.088 1699.26250.74-.007065       4 0 0 11       0 2 2 01                    P 30e     566663342910 9 711    59.0   61.0
 21 6559.615660 1.631E-30 3.204E-05.06810.085 2443.31820.74-.008225       2 2 2 22       0 3 3 01                    R 33e     466663342910 9 711    69.0   67.0
 21 6559.619692 3.548E-29 1.687E-05.06960.091 1631.15270.73-.006797       3 2 2 11       0 2 2 01                    Q 27f     466663342910 9 711    55.0   55.0
 21 6559.626327 1.655E-29 7.557E-03.08080.109 2825.25950.68-.004531       5 0 0 11       2 0 0 01                    R  8e     466663342910 9 711    19.0   17.0
 21 6559.646404 1.324E-28 1.807E-03.06930.090 2321.76500.73-.007009       3 3 3 11       0 3 3 01                    P 28f     466663342910 9 711    55.0   57.0
 21 6559.659491 2.049E-29 9.720E-06.08080.111 1363.33080.68-.006483       2 1 1 22       0 2 2 01                    P  8e     566663342910 9 711    15.0   17.0
 21 6559.661188 1.577E-29 5.850E-03.07700.105 2821.80280.68-.006122       4 2 2 11       1 2 2 01                    P 12e     466663342910 9 711    23.0   25.0
 21 6559.721629 3.474E-29 1.773E-05.06930.090 1653.07420.73-.006867       3 2 2 11       0 2 2 01                    Q 28e     466663342910 9 711    57.0   57.0
 21 6559.901851 1.792E-26 3.549E-05.06720.081  578.01160.75-.008696       1 1 1 22       0 0 0 01                    R 38e     566663342910 9 711    79.0   77.0
 21 6559.908083 6.905E-30 5.409E-06.06810.086 1774.40790.74-.007200       3 2 2 11       0 2 2 01                    Q 33f     466663342910 9 711    67.0   67.0
 21 6559.916426 1.546E-30 3.360E-05.06790.084 2469.97800.74-.008313       2 2 2 22       0 3 3 01                    R 34f     466663342910 9 711    71.0   69.0
 21 6559.944581 5.165E-26 1.387E-03.06830.086 1080.39310.74-.007146       3 1 1 11       0 1 1 01                    R 32f     566663342910 9 711    67.0   65.0
 21 6560.009578 3.405E-30 2.948E-06.06790.085 1801.01980.74-.007265       3 2 2 11       0 2 2 01                    Q 34e     466663342910 9 711    69.0   69.0
 21 6560.011812 1.544E-29 1.966E-04.06960.091 2299.80410.73-.005941       6 0 0 01       0 3 3 01                    P 27e     466663342910 9 711    53.0   55.0
 21 6560.066085 9.239E-28 1.173E-03.08850.120 1339.83150.70-.005032       3 2 2 11       0 2 2 01                    P  3f     566663342910 9 711     5.0    7.0
 21 6560.164293 5.083E-29 2.131E-05.07020.093 1589.65660.72-.006656       3 2 2 11       0 2 2 01                    Q 25f     566663342910 9 711    51.0   51.0
 21 6560.168098 4.700E-29 2.093E-05.06990.092 1610.01380.73-.006727       3 2 2 11       0 2 2 01                    Q 26e     566663342910 9 711    53.0   53.0
 21 6560.204557 1.458E-30 3.522E-05.06770.084 2497.42030.74-.008399       2 2 2 22       0 3 3 01                    R 35e     466663342910 9 711    73.0   71.0
 21 6560.212306 3.754E-28 4.594E-03.07870.107 2119.90110.68-.004850       4 1 1 11       1 1 1 01                    R 10f     466663342910 9 711    23.0   21.0
 21 6560.338139 1.396E-30 1.287E-05.08490.114 1944.19240.68-.004614       3 0 0 23       1 1 1 02                    R  5e     466663342910 9 711    13.0   11.0
 21 6560.353645 7.698E-30 5.009E-06.06850.088 1723.52920.74-.007069       3 2 2 11       0 2 2 01                    Q 31f     466663342910 9 711    63.0   63.0
 21 6560.474835 1.511E-29 5.866E-03.07780.107 2812.40680.68-.006048       4 2 2 11       1 2 2 01                    P 11f     466663342910 9 711    21.0   23.0
 21 6560.477696 1.365E-30 3.682E-05.06750.083 2525.64550.74-.008484       2 2 2 22       0 3 3 01                    R 36f     466663342910 9 711    75.0   73.0
 21 6560.503671 3.142E-30 2.238E-06.06830.087 1748.57800.74-.007135       3 2 2 11       0 2 2 01                    Q 32e     466663342910 9 711    65.0   65.0
 21 6560.546590 6.193E-29 2.457E-05.07060.094 1570.08200.72-.006583       3 2 2 11       0 2 2 01                    Q 24e     566663342910 9 711    49.0   49.0
 21 6560.553711 3.913E-26 1.416E-03.06770.084 1159.37030.74-.007382       3 1 1 11       0 1 1 01                    R 35e     566663342910 9 711    73.0   71.0
 21 6560.574788 1.448E-26 3.683E-05.06690.080  639.60040.75-.008858       1 1 1 22       0 0 0 01                    R 40e     566663342910 9 711    83.0   81.0
 21 6560.592536 1.491E-29 7.919E-06.08200.112 1357.06440.68-.006355       2 1 1 22       0 2 2 01                    P  7f     566663342910 9 711    13.0   15.0
 21 6560.599444 6.903E-29 2.606E-05.07090.095 1551.28950.72-.006510       3 2 2 11       0 2 2 01                    Q 23f     566663342910 9 711    47.0   47.0
 21 6560.634442 1.274E-28 1.622E-03.06960.091 2299.80410.73-.006959       3 3 3 11       0 3 3 01                    P 27e     466663342910 9 711    53.0   55.0
 21 6560.651754 1.788E-27 3.018E-03.06720.081 1966.19230.75-.007607       4 0 0 11       1 0 0 01                    R 38e     566663342910 9 711    79.0   77.0
 21 6560.737947 1.273E-30 3.851E-05.06730.082 2554.65300.75-.008567       2 2 2 22       0 3 3 01                    R 37e     466663342910 9 711    77.0   75.0
 21 6560.822302 7.368E-30 4.059E-06.06900.089 1675.77720.73-.006935       3 2 2 11       0 2 2 01                    Q 29f     466663342910 9 711    59.0   59.0
 21 6560.841525 3.938E-28 4.621E-03.07780.105 2128.38770.68-.004996       4 1 1 11       1 1 1 01                    R 11e     466663342910 9 711    25.0   23.0
 21 6560.872245 8.028E-29 2.901E-05.07130.095 1533.27970.71-.006435       3 2 2 11       0 2 2 01                    Q 22e     566663342910 9 711    45.0   45.0
 21 6560.952495 9.048E-29 3.147E-05.07170.096 1516.05210.71-.006358       3 2 2 11       0 2 2 01                    Q 21f     566663342910 9 711    43.0   43.0
 21 6561.026618 2.346E-30 1.401E-06.06880.088 1699.26250.74-.007966       2 1 1 22       0 2 2 01                    Q 30e     466663342910 9 711    61.0   61.0
 21 6561.026774 1.091E-30 1.701E-03.06660.079 3381.15570.75-.007690       3 4 4 11       0 4 4 01                    P 42e     366563342910 9 711    83.0   85.0
 21 6561.142083 1.880E-29 7.626E-03.07870.107 2840.10190.68-.004850       5 0 0 11       2 0 0 01                    R 10e     466663342910 9 711    23.0   21.0
 21 6561.155725 1.031E-28 3.472E-05.07220.097 1499.60730.71-.006280       3 2 2 11       0 2 2 01                    Q 20e     566663342910 9 711    41.0   41.0
 21 6561.190099 1.938E-30 3.724E-05.06420.070 2540.15640.73-.007488       5 1 1 01       0 2 2 01                    R 55f     465553342910 9 711   113.0  111.0
 21 6561.202815 1.151E-26 3.826E-05.06660.078  704.30050.75-.009015       1 1 1 22       0 0 0 01                    R 42e     566563342910 9 711    87.0   85.0
 21 6561.229689 4.220E-26 1.380E-03.06790.084 1132.78030.74-.007305       3 1 1 11       0 1 1 01                    R 34f     566663342910 9 711    71.0   69.0
 21 6561.236413 1.666E-30 4.444E-04.06830.087 2961.17650.74-.007206       5 0 0 12       2 0 0 03                    P 32e     466663342910 9 711    63.0   65.0
 21 6561.246131 1.165E-28 3.822E-05.07260.098 1483.94500.70-.006200       3 2 2 11       0 2 2 01                    Q 19f     566663342910 9 711    39.0   39.0
 21 6561.279713 1.429E-29 5.882E-03.07870.108 2803.79330.68-.005968       4 2 2 11       1 2 2 01                    P 10e     466663342910 9 711    19.0   21.0
 21 6561.330779 5.590E-30 2.660E-06.06960.091 1631.15270.73-.007733       2 1 1 22       0 2 2 01                    Q 27f     466663342910 9 711    55.0   55.0
 21 6561.403905 1.316E-28 4.234E-05.07310.099 1469.06550.70-.006118       3 2 2 11       0 2 2 01                    Q 18e     566663342910 9 711    37.0   37.0
 21 6561.418298 1.099E-29 6.718E-06.08340.114 1351.58130.68-.006212       2 1 1 22       0 2 2 01                    P  6e     566663342910 9 711    11.0   13.0
 21 6561.459774 1.531E-28 1.828E-03.06990.092 2278.62670.73-.006909       3 3 3 11       0 3 3 01                    P 26f     466663342910 9 711    51.0   53.0
 21 6561.471561 3.769E-30 1.995E-06.06930.090 1653.07420.73-.006967       4 0 0 11       0 2 2 01                    P 28e     566663342910 9 711    55.0   57.0
 21 6561.494876 1.486E-28 4.719E-05.07370.100 1454.96860.70-.006033       3 2 2 11       0 2 2 01                    Q 17f     566663342910 9 711    35.0   35.0
 21 6561.551383 2.493E-29 6.493E-07.06850.088 1054.76070.74-.008130       2 0 0 22       0 1 1 01                    P 31e     536663343010 9 711    61.0   63.0
 21 6561.576173 1.338E-30 6.834E-07.06930.090 1653.07420.73-.007811       2 1 1 22       0 2 2 01                    Q 28e     466663342910 9 711    57.0   57.0
 21 6561.621108 1.676E-28 5.291E-05.07420.101 1441.65470.69-.005946       3 2 2 11       0 2 2 01                    Q 16e     566663342910 9 711    33.0   33.0
 21 6561.670469 3.118E-26 1.411E-03.06730.082 1216.35090.75-.007533       3 1 1 11       0 1 1 01                    R 37e     566663342910 9 711    77.0   75.0
 21 6561.693517 2.088E-30 1.547E-05.08200.111 1954.35140.68-.005052       3 0 0 23       1 1 1 02                    R  7e     466663342910 9 711    17.0   15.0
 21 6561.700289 4.070E-28 4.633E-03.07700.104 2137.90100.68-.005134       4 1 1 11       1 1 1 01                    R 12f     466663342910 9 711    27.0   25.0
 21 6561.704268 8.218E-30 9.251E-05.07020.093 2258.23290.72-.005861       6 0 0 01       0 3 3 01                    P 25e     466663342910 9 711    49.0   51.0
 21 6561.707282 1.893E-28 5.986E-05.07480.102 1429.12360.69-.005855       3 2 2 11       0 2 2 01                    Q 15f     566663342910 9 711    31.0   31.0
 21 6561.785800 8.991E-27 3.974E-05.06640.077  772.11070.74-.009168       1 1 1 22       0 0 0 01                    R 44e     566563342910 9 711    91.0   89.0
 21 6561.810065 2.136E-28 6.820E-05.07550.103 1417.37550.68-.005761       3 2 2 11       0 2 2 01                    Q 14e     566663342910 9 711    29.0   29.0
 21 6561.883193 3.138E-30 1.316E-06.07020.093 1589.65660.72-.007571       2 1 1 22       0 2 2 01                    Q 25f     566663342910 9 711    51.0   51.0
 21 6561.888375 2.417E-28 7.859E-05.07620.104 1406.41030.68-.005663       3 2 2 11       0 2 2 01                    Q 13f     566663342910 9 711    27.0   27.0
 21 6561.972522 2.737E-28 9.147E-05.07700.105 1396.22820.68-.005559       3 2 2 11       0 2 2 01                    Q 12e     566663342910 9 711    25.0   25.0
 21 6561.976973 1.382E-27 2.996E-03.06690.080 2027.78570.75-.007752       4 0 0 11       1 0 0 01                    R 40e     566663342910 9 711    83.0   81.0
 21 6562.041181 3.111E-28 1.080E-04.07780.107 1386.82910.68-.005449       3 2 2 11       0 2 2 01                    Q 11f     566663342910 9 711    23.0   23.0
 21 6562.086523 1.328E-29 5.882E-03.07970.109 2795.96300.68-.005881       4 2 2 11       1 2 2 01                    P  9f     466663342910 9 711    17.0   19.0
 21 6562.109617 3.548E-28 1.293E-04.07870.108 1378.21320.68-.005332       3 2 2 11       0 2 2 01                    Q 10e     566663342910 9 711    21.0   21.0
 21 6562.110794 1.259E-30 1.714E-03.06680.080 3348.17910.75-.007642       3 4 4 11       0 4 4 01                    P 41f     366563342910 9 711    81.0   83.0
 21 6562.167586 4.072E-28 1.579E-04.07970.109 1370.38040.68-.005206       3 2 2 11       0 2 2 01                    Q  9f     566663342910 9 711    19.0   19.0
 21 6562.222102 4.708E-28 1.972E-04.08080.111 1363.33080.68-.005070       3 2 2 11       0 2 2 01                    Q  8e     566663342910 9 711    17.0   17.0
 21 6562.268796 5.502E-28 2.534E-04.08200.112 1357.06440.68-.004922       3 2 2 11       0 2 2 01                    Q  7f     566663342910 9 711    15.0   15.0
 21 6562.287066 4.180E-28 4.651E-03.07620.103 2147.90620.68-.005266       4 1 1 11       1 1 1 01                    R 13e     466663342910 9 711    29.0   27.0
 21 6562.297782 7.615E-30 5.562E-06.08490.116 1346.88140.69-.006047       2 1 1 22       0 2 2 01                    P  5f     566663342910 9 711     9.0   11.0
 21 6562.310473 6.524E-28 3.375E-04.08340.114 1351.58130.68-.004758       3 2 2 11       0 2 2 01                    Q  6e     566663342910 9 711    13.0   13.0
 21 6562.323608 6.907E-27 4.128E-05.06620.075  843.03010.74-.009316       1 1 1 22       0 0 0 01                    R 46e     566563342910 9 711    95.0   93.0
 21 6562.345595 7.903E-28 4.723E-04.08490.116 1346.88140.69-.004577       3 2 2 11       0 2 2 01                    Q  5f     566663342910 9 711    11.0   11.0
 21 6562.375060 9.881E-28 7.082E-04.08660.118 1342.96480.69-.004375       3 2 2 11       0 2 2 01                    Q  4e     566663342910 9 711     9.0    9.0
 21 6562.398485 1.300E-27 1.180E-03.08850.120 1339.83150.70-.004146       3 2 2 11       0 2 2 01                    Q  3f     566663342910 9 711     7.0    7.0
 21 6562.400369 1.551E-28 1.746E-03.07020.093 2258.23290.72-.006858       3 3 3 11       0 3 3 01                    P 25e     466663342910 9 711    49.0   51.0
 21 6562.416071 1.878E-27 2.359E-03.09050.123 1337.48150.69-.003886       3 2 2 11       0 2 2 01                    Q  2e     566663342910 9 711     5.0    5.0
 21 6562.462222 1.230E-30 4.647E-07.07090.095 1551.28950.72-.007405       2 1 1 22       0 2 2 01                    Q 23f     566663342910 9 711    47.0   47.0
 21 6562.500066 3.383E-26 1.372E-03.06750.083 1188.28970.74-.007458       3 1 1 11       0 1 1 01                    R 36f     566663342910 9 711    75.0   73.0
 21 6562.649190 2.032E-29 7.666E-03.07700.104 2858.06860.68-.005134       5 0 0 11       2 0 0 01                    R 12e     466663342910 9 711    27.0   25.0
 21 6562.765052 2.439E-26 1.406E-03.06700.080 1276.44760.75-.007680       3 1 1 11       0 1 1 01                    R 39e     566663342910 9 711    81.0   79.0
 21 6562.816104 5.220E-27 4.291E-05.06600.074  917.05730.74-.009461       1 1 1 22       0 0 0 01                    R 48e     566563342910 9 711    99.0   97.0
 21 6562.888201 1.209E-29 5.866E-03.08080.111 2788.91550.68-.005785       4 2 2 11       1 2 2 01                    P  8e     466663342910 9 711    15.0   17.0
 21 6562.993406 2.806E-30 1.796E-05.07970.108 1967.63600.68-.005429       3 0 0 23       1 1 1 02                    R  9e     466663342910 9 711    21.0   19.0
 21 6563.081845 1.183E-30 1.695E-04.05670.063 3048.01980.62-.011705       1 1 1 22       0 0 0 01                    R 88e     465553342910 9 711   179.0  177.0
 21 6563.118295 5.118E-30 4.717E-06.08660.118 1342.96480.69-.005851       2 1 1 22       0 2 2 01                    P  4e     566663342910 9 711     7.0    9.0
 21 6563.138156 1.419E-30 4.047E-05.06320.070 2628.47400.72-.007587       5 1 1 01       0 2 2 01                    R 57f     465553342910 9 711   117.0  115.0
 21 6563.174743 2.009E-30 4.507E-04.06880.088 2911.94190.74-.007108       5 0 0 12       2 0 0 03                    P 30e     466663342910 9 711    59.0   61.0
 21 6563.176081 4.238E-28 4.658E-03.07550.102 2159.03060.69-.005392       4 1 1 11       1 1 1 01                    R 14f     466663342910 9 711    31.0   29.0
 21 6563.179960 1.446E-30 1.727E-03.06690.080 3315.98570.75-.007595       3 4 4 11       0 4 4 01                    P 40e     366663342910 9 711    79.0   81.0
 21 6563.256384 1.731E-28 1.848E-03.07060.094 2238.62270.72-.006808       3 3 3 11       0 3 3 01                    P 24f     466663342910 9 711    47.0   49.0
 21 6563.263149 3.881E-27 4.462E-05.06580.073  994.19130.74-.009602       1 1 1 22       0 0 0 01                    R 50e     566553342910 9 711   103.0  101.0
 21 6563.294286 1.049E-27 2.973E-03.06660.078 2092.49160.75-.007892       4 0 0 11       1 0 0 01                    R 42e     566563342910 9 711    87.0   85.0
 21 6563.353592 3.229E-30 1.496E-06.06990.092 1610.01380.73-.006868       4 0 0 11       0 2 2 01                    P 26e     566663342910 9 711    51.0   53.0
 21 6563.377299 4.203E-30 4.276E-05.07090.095 2219.79630.72-.005782       6 0 0 01       0 3 3 01                    P 23e     466663342910 9 711    45.0   47.0
 21 6563.465219 1.835E-30 1.390E-04.05680.063 2912.15730.63-.011616       1 1 1 22       0 0 0 01                    R 86e     465553342910 9 711   175.0  173.0
 21 6563.664604 2.840E-27 4.643E-05.06530.072 1074.43060.73-.009739       1 1 1 22       0 0 0 01                    R 52e     565553342910 9 711   107.0  105.0
 21 6563.689130 1.072E-29 5.823E-03.08200.112 2782.65110.68-.005678       4 2 2 11       1 2 2 01                    P  7f     466663342910 9 711    13.0   15.0
 21 6563.715603 4.274E-28 4.668E-03.07480.101 2170.54690.69-.005513       4 1 1 11       1 1 1 01                    R 15e     466663342910 9 711    33.0   31.0
 21 6563.755982 2.663E-26 1.364E-03.06720.081 1246.92050.75-.007607       3 1 1 11       0 1 1 01                    R 38f     566663342910 9 711    79.0   77.0
 21 6563.827106 2.951E-30 1.199E-04.05700.064 2779.36870.64-.011526       1 1 1 22       0 0 0 01                    R 84e     465553342910 9 711   171.0  169.0
 21 6563.837739 1.874E-26 1.400E-03.06680.079 1339.65920.75-.007822       3 1 1 11       0 1 1 01                    R 41e     566563342910 9 711    85.0   83.0
 21 6563.952693 2.097E-29 4.641E-07.06900.089 1007.13350.73-.008012       2 0 0 22       0 1 1 01                    P 29e     536663343010 9 711    57.0   59.0
 21 6563.952770 3.236E-30 4.114E-06.08850.120 1339.83150.70-.005602       2 1 1 22       0 2 2 01                    P  3f     566663342910 9 711     5.0    7.0
 21 6564.020332 2.045E-27 4.833E-05.06470.071 1157.77410.73-.009872       1 1 1 22       0 0 0 01                    R 54e     565553342910 9 711   111.0  109.0
 21 6564.147786 2.110E-29 7.685E-03.07550.102 2879.15940.69-.005392       5 0 0 11       2 0 0 01                    R 14e     466663342910 9 711    31.0   29.0
 21 6564.154406 4.821E-30 1.068E-04.05720.064 2649.65610.64-.011433       1 1 1 22       0 0 0 01                    R 82e     465553342910 9 711   167.0  165.0
 21 6564.168369 1.783E-28 1.814E-03.07090.095 2219.79630.72-.006757       3 3 3 11       0 3 3 01                    P 23e     466663342910 9 711    45.0   47.0
 21 6564.237734 3.510E-30 2.044E-05.07780.105 1984.04590.68-.005760       3 0 0 23       1 1 1 02                    R 11e     466663342910 9 711    25.0   23.0
 21 6564.251431 1.654E-30 1.740E-03.06700.081 3284.57570.75-.007546       3 4 4 11       0 4 4 01                    P 39f     366663342910 9 711    77.0   79.0
 21 6564.330197 1.450E-27 5.036E-05.06380.070 1244.22040.72-.010002       1 1 1 22       0 0 0 01                    R 56e     565553342910 9 711   115.0  113.0
 21 6564.441327 7.915E-30 9.710E-05.05750.064 2523.02190.65-.011338       1 1 1 22       0 0 0 01                    R 80e     465553342910 9 711   163.0  161.0
 21 6564.486703 9.161E-30 5.728E-03.08340.114 2777.16960.68-.005557       4 2 2 11       1 2 2 01                    P  6e     466663342910 9 711    11.0   13.0
 21 6564.594064 1.012E-27 5.249E-05.06270.069 1333.76790.72-.010129       1 1 1 22       0 0 0 01                    R 58e     565553342910 9 711   119.0  117.0
 21 6564.604281 7.818E-28 2.947E-03.06640.077 2160.30910.74-.008028       4 0 0 11       1 0 0 01                    R 44e     566563342910 9 711    91.0   89.0
 21 6564.639775 4.265E-28 4.674E-03.07420.100 2183.28970.70-.005630       4 1 1 11       1 1 1 01                    R 16f     466663342910 9 711    35.0   33.0
 21 6564.684997 1.297E-29 8.947E-05.05770.064 2399.46790.66-.011240       1 1 1 22       0 0 0 01                    R 78e     465553342910 9 711   159.0  157.0
 21 6564.748471 9.419E-28 8.457E-04.09050.120 1337.48150.70-.003261       3 2 2 11       0 2 2 01                    R  2e     566663342910 9 711     7.0    5.0
 21 6564.759143 1.928E-30 4.039E-06.09050.123 1337.48150.69-.005235       2 1 1 22       0 2 2 01                    P  2e     566663342910 9 711     3.0    5.0
 21 6564.811808 6.960E-28 5.480E-05.06170.069 1426.41530.71-.010253       1 1 1 22       0 0 0 01                    R 60e     565553342910 9 711   123.0  121.0
 21 6564.883888 2.113E-29 8.326E-05.05790.065 2278.99640.66-.011141       1 1 1 22       0 0 0 01                    R 76e     465553342910 9 711   155.0  153.0
 21 6564.888830 1.414E-26 1.393E-03.06650.077 1405.98470.74-.007960       3 1 1 11       0 1 1 01                    R 43e     566563342910 9 711    89.0   87.0
 21 6564.983308 4.715E-28 5.726E-05.06080.068 1522.16110.71-.010374       1 1 1 22       0 0 0 01                    R 62e     565553342910 9 711   127.0  125.0
 21 6564.997721 2.057E-26 1.354E-03.06690.080 1308.67160.75-.007752       3 1 1 11       0 1 1 01                    R 40f     566663342910 9 711    83.0   81.0
 21 6565.035839 1.911E-28 1.865E-03.07130.095 2201.75370.71-.006705       3 3 3 11       0 3 3 01                    P 22f     466663342910 9 711    43.0   45.0
 21 6565.037147 3.413E-29 7.803E-05.05810.065 2161.60910.67-.011039       1 1 1 22       0 0 0 01                    R 74e     465553342910 9 711   151.0  149.0
 21 6565.038676 2.078E-30 1.955E-05.07170.096 2184.49500.71-.005701       6 0 0 01       0 3 3 01                    P 21e     466663342910 9 711    41.0   43.0
 21 6565.092158 2.373E-30 4.567E-04.06930.090 2865.82810.73-.007009       5 0 0 12       2 0 0 03                    P 28e     466663342910 9 711    55.0   57.0
 21 6565.108460 3.148E-28 5.993E-05.06010.067 1621.00360.70-.010491       1 1 1 22       0 0 0 01                    R 64e     565553342910 9 711   131.0  129.0
 21 6565.127245 4.234E-28 4.676E-03.07370.099 2196.30940.70-.005743       4 1 1 11       1 1 1 01                    R 17e     466663342910 9 711    37.0   35.0
 21 6565.144299 5.456E-29 7.351E-05.05840.065 2047.30810.68-.010934       1 1 1 22       0 0 0 01                    R 72e     465553342910 9 711   147.0  145.0
 21 6565.187174 2.072E-28 6.283E-05.05950.067 1722.94130.70-.010606       1 1 1 22       0 0 0 01                    R 66e     565553342910 9 711   135.0  133.0
 21 6565.205088 8.622E-29 6.955E-05.05870.066 1936.09530.68-.010828       1 1 1 22       0 0 0 01                    R 70e     465553342910 9 711   143.0  141.0
 21 6565.213715 2.644E-30 1.095E-06.07060.094 1570.08200.72-.006768       4 0 0 11       0 2 2 01                    P 24e     566663342910 9 711    47.0   49.0
 21 6565.219391 1.346E-28 6.604E-05.05910.066 1827.97240.69-.010718       1 1 1 22       0 0 0 01                    R 68e     565553342910 9 711   139.0  137.0
 21 6565.282310 7.401E-30 5.529E-03.08490.116 2772.47110.69-.005417       4 2 2 11       1 2 2 01                    P  5f     466663342910 9 711     9.0   11.0
 21 6565.310702 1.882E-30 1.752E-03.06720.082 3253.94910.75-.007498       3 4 4 11       0 4 4 01                    P 38e     366663342910 9 711    75.0   77.0
 21 6565.426420 4.159E-30 2.297E-05.07620.103 2003.58080.68-.006058       3 0 0 23       1 1 1 02                    R 13e     466663342910 9 711    29.0   27.0
 21 6565.508359 1.677E-27 1.185E-03.08850.118 1339.83150.69-.003500       3 2 2 11       0 2 2 01                    R  3f     566663342910 9 711     9.0    7.0
 21 6565.638032 2.119E-29 7.693E-03.07420.100 2903.37400.70-.005630       5 0 0 11       2 0 0 01                    R 16e     466663342910 9 711    35.0   33.0
 21 6565.907576 5.725E-28 2.919E-03.06620.075 2231.23730.74-.008160       4 0 0 11       1 0 0 01                    R 46e     466563342910 9 711    95.0   93.0
 21 6565.918645 1.049E-26 1.387E-03.06630.076 1475.42300.74-.008095       3 1 1 11       0 1 1 01                    R 45e     566563342910 9 711    93.0   91.0
 21 6565.928886 1.969E-28 1.853E-03.07170.096 2184.49500.71-.006653       3 3 3 11       0 3 3 01                    P 21e     466663342910 9 711    41.0   43.0
 21 6566.075252 5.401E-30 5.092E-03.08660.118 2768.55570.69-.005249       4 2 2 11       1 2 2 01                    P  4e     466663342910 9 711     7.0    9.0
 21 6566.091486 4.166E-28 4.682E-03.07310.098 2210.67790.70-.005853       4 1 1 11       1 1 1 01                    R 18f     466663342910 9 711    39.0   37.0
 21 6566.225583 1.561E-26 1.344E-03.06660.078 1373.54200.75-.007892       3 1 1 11       0 1 1 01                    R 42f     566563342910 9 711    87.0   85.0
 21 6566.262193 2.314E-27 1.359E-03.08660.116 1342.96480.69-.003737       3 2 2 11       0 2 2 01                    R  4e     566663342910 9 711    11.0    9.0
 21 6566.297285 1.611E-29 3.091E-07.06960.091  962.62570.73-.007894       2 0 0 22       0 1 1 01                    P 27e     536663343010 9 711    53.0   55.0
 21 6566.369728 2.133E-30 1.765E-03.06730.083 3224.10620.74-.007450       3 4 4 11       0 4 4 01                    P 37f     366663342910 9 711    73.0   75.0
 21 6566.522121 4.077E-28 4.678E-03.07260.097 2225.19330.71-.005959       4 1 1 11       1 1 1 01                    R 19e     466663342910 9 711    41.0   39.0
 21 6566.559376 4.716E-30 2.556E-05.07480.101 2026.24040.69-.006331       3 0 0 23       1 1 1 02                    R 15e     466663342910 9 711    33.0   31.0
 21 6566.797783 2.058E-28 1.880E-03.07220.097 2168.02030.71-.006601       3 3 3 11       0 3 3 01                    P 20f     466663342910 9 711    39.0   41.0
 21 6566.865805 3.053E-30 3.969E-03.08850.120 2765.42340.70-.005032       4 2 2 11       1 2 2 01                    P  3f     466663342910 9 711     5.0    7.0
 21 6566.927523 7.642E-27 1.378E-03.06620.075 1547.97310.74-.008225       3 1 1 11       0 1 1 01                    R 47e     566563342910 9 711    97.0   95.0
 21 6566.987924 2.745E-30 4.625E-04.06990.092 2822.83620.73-.006909       5 0 0 12       2 0 0 03                    P 26e     466663342910 9 711    51.0   53.0
 21 6567.010357 2.885E-27 1.461E-03.08490.114 1346.88140.68-.003960       3 2 2 11       0 2 2 01                    R  5f     566663342910 9 711    13.0   11.0
 21 6567.051475 2.058E-30 7.797E-07.07130.095 1533.27970.71-.006666       4 0 0 11       0 2 2 01                    P 22e     566663342910 9 711    43.0   45.0
 21 6567.120113 2.065E-29 7.687E-03.07310.098 2930.71230.70-.005853       5 0 0 11       2 0 0 01                    R 18e     466663342910 9 711    39.0   37.0
 21 6567.204816 4.120E-28 2.890E-03.06600.074 2305.27510.74-.008289       4 0 0 11       1 0 0 01                    R 48e     466563342910 9 711    99.0   97.0
 21 6567.418466 2.405E-30 1.778E-03.06750.084 3195.04700.74-.007401       3 4 4 11       0 4 4 01                    P 36e     366663342910 9 711    71.0   73.0
 21 6567.439885 1.164E-26 1.334E-03.06640.077 1441.53070.74-.008028       3 1 1 11       0 1 1 01                    R 44f     566563342910 9 711    91.0   89.0
 21 6567.531342 3.961E-28 4.685E-03.07220.096 2241.19480.71-.006063       4 1 1 11       1 1 1 01                    R 20f     466663342910 9 711    43.0   41.0
 21 6567.636504 5.151E-30 2.823E-05.07370.099 2052.02410.70-.006585       3 0 0 23       1 1 1 02                    R 17e     466663342910 9 711    37.0   35.0
 21 6567.676776 2.104E-28 1.878E-03.07260.098 2152.32960.70-.006547       3 3 3 11       0 3 3 01                    P 19e     466663342910 9 711    37.0   39.0
 21 6567.751941 3.399E-27 1.527E-03.08340.112 1351.58130.68-.004165       3 2 2 11       0 2 2 01                    R  6e     566663342910 9 711    15.0   13.0
 21 6567.900389 3.825E-28 4.674E-03.07170.095 2257.19830.71-.006164       4 1 1 11       1 1 1 01                    R 21e     466663342910 9 711    45.0   43.0
 21 6567.915828 5.473E-27 1.370E-03.06590.074 1623.63350.74-.008352       3 1 1 11       0 1 1 01                    R 49e     466563342910 9 711   101.0   99.0
 21 6568.465056 2.700E-30 1.790E-03.06770.084 3166.77170.74-.007353       3 4 4 11       0 4 4 01                    P 35f     366663342910 9 711    69.0   71.0
 21 6568.488491 3.862E-27 1.572E-03.08200.111 1357.06440.68-.004355       3 2 2 11       0 2 2 01                    R  7f     566663342910 9 711    17.0   15.0
 21 6568.496670 2.913E-28 2.859E-03.06580.073 2382.42160.74-.008414       4 0 0 11       1 0 0 01                    R 50e     466553342910 9 711   103.0  101.0
 21 6568.541893 2.156E-28 1.893E-03.07310.099 2137.42310.70-.006493       3 3 3 11       0 3 3 01                    P 18f     466663342910 9 711    35.0   37.0
 21 6568.585137 1.089E-29 1.849E-07.07020.093  921.23810.72-.007774       2 0 0 22       0 1 1 01                    P 25e     536663343010 9 711    49.0   51.0
 21 6568.594237 1.959E-29 7.673E-03.07220.096 2961.17370.71-.006063       5 0 0 11       2 0 0 01                    R 20e     466663342910 9 711    43.0   41.0
 21 6568.640961 8.525E-27 1.323E-03.06620.075 1512.63650.74-.008160       3 1 1 11       0 1 1 01                    R 46f     566563342910 9 711    95.0   93.0
 21 6568.657700 5.443E-30 3.100E-05.07260.097 2080.93170.71-.006823       3 0 0 23       1 1 1 02                    R 19e     466663342910 9 711    41.0   39.0
 21 6568.861362 3.105E-30 4.680E-04.07060.094 2782.96710.72-.006808       5 0 0 12       2 0 0 03                    P 24e     466663342910 9 711    47.0   49.0
 21 6568.866461 1.512E-30 5.365E-07.07220.097 1499.60730.71-.006562       4 0 0 11       0 2 2 01                    P 20e     566663342910 9 711    39.0   41.0
 21 6568.883944 3.853E-27 1.361E-03.06560.072 1702.40320.74-.008476       3 1 1 11       0 1 1 01                    R 51e     465553342910 9 711   105.0  103.0
 21 6568.959487 3.674E-28 4.685E-03.07130.095 2274.83980.72-.006262       4 1 1 11       1 1 1 01                    R 22f     466663342910 9 711    47.0   45.0
 21 6569.088351 1.131E-30 4.222E-04.07870.108 2803.79330.68-.005332       4 2 2 11       1 2 2 01                    Q 10e     466663342910 9 711    21.0   21.0
 21 6569.109987 1.307E-30 5.191E-04.07970.109 2795.96300.68-.005206       4 2 2 11       1 2 2 01                    Q  9f     466663342910 9 711    19.0   19.0
 21 6569.134067 1.520E-30 6.520E-04.08080.111 2788.91550.68-.005070       4 2 2 11       1 2 2 01                    Q  8e     466663342910 9 711    17.0   17.0
 21 6569.152627 1.786E-30 8.422E-04.08200.112 2782.65110.68-.004922       4 2 2 11       1 2 2 01                    Q  7f     466663342910 9 711    15.0   15.0
 21 6569.170638 2.127E-30 1.127E-03.08340.114 2777.16960.68-.004758       4 2 2 11       1 2 2 01                    Q  6e     466663342910 9 711    13.0   13.0
 21 6569.185136 2.587E-30 1.583E-03.08490.116 2772.47110.69-.004577       4 2 2 11       1 2 2 01                    Q  5f     466663342910 9 711    11.0   11.0
 21 6569.197723 3.245E-30 2.382E-03.08660.118 2768.55570.69-.004375       4 2 2 11       1 2 2 01                    Q  4e     466663342910 9 711     9.0    9.0
 21 6569.207592 4.280E-30 3.978E-03.08850.120 2765.42340.70-.004146       4 2 2 11       1 2 2 01                    Q  3f     466663342910 9 711     7.0    7.0
 21 6569.215075 6.195E-30 7.969E-03.09050.123 2763.07410.69-.003886       4 2 2 11       1 2 2 01                    Q  2e     466663342910 9 711     5.0    5.0
 21 6569.217183 4.272E-27 1.605E-03.08080.109 1363.33080.68-.004531       3 2 2 11       0 2 2 01                    R  8e     566663342910 9 711    19.0   17.0
 21 6569.262233 3.502E-28 4.663E-03.07090.094 2292.32370.72-.006359       4 1 1 11       1 1 1 01                    R 23e     466663342910 9 711    49.0   47.0
 21 6569.409291 2.178E-28 1.894E-03.07370.100 2123.30070.70-.006437       3 3 3 11       0 3 3 01                    P 17e     466663342910 9 711    33.0   35.0
 21 6569.502693 3.015E-30 1.802E-03.06790.085 3139.28040.74-.007304       3 4 4 11       0 4 4 01                    P 34e     366663342910 9 711    67.0   69.0
 21 6569.622852 5.581E-30 3.385E-05.07170.095 2112.96250.71-.007049       3 0 0 23       1 1 1 02                    R 21e     466663342910 9 711    45.0   43.0
 21 6569.783828 2.024E-28 2.825E-03.06530.072 2462.67570.73-.008536       4 0 0 11       1 0 0 01                    R 52e     465553342910 9 711   107.0  105.0
 21 6569.829159 6.136E-27 1.311E-03.06600.074 1586.85820.74-.008289       3 1 1 11       0 1 1 01                    R 48f     566563342910 9 711    99.0   97.0
 21 6569.832279 2.667E-27 1.351E-03.06500.071 1784.28080.73-.008596       3 1 1 11       0 1 1 01                    R 53e     465553342910 9 711   109.0  107.0
 21 6569.942408 4.632E-27 1.629E-03.07970.108 1370.38040.68-.004695       3 2 2 11       0 2 2 01                    R  9f     566663342910 9 711    21.0   19.0
 21 6570.060638 1.812E-29 7.648E-03.07130.095 2994.75810.72-.006262       5 0 0 11       2 0 0 01                    R 22e     466663342910 9 711    47.0   45.0
 21 6570.267885 2.190E-28 1.900E-03.07420.101 2109.96260.69-.006379       3 3 3 11       0 3 3 01                    P 16f     466663342910 9 711    31.0   33.0
 21 6570.376084 3.328E-28 4.678E-03.07060.093 2311.61270.72-.006453       4 1 1 11       1 1 1 01                    R 24f     466663342910 9 711    51.0   49.0
 21 6570.531839 5.566E-30 3.679E-05.07090.094 2148.11590.72-.007265       3 0 0 23       1 1 1 02                    R 23e     466663342910 9 711    49.0   47.0
 21 6570.536772 3.352E-30 1.814E-03.06810.086 3112.57330.74-.007255       3 4 4 11       0 4 4 01                    P 33f     366663342910 9 711    65.0   67.0
 21 6570.607870 3.135E-28 4.650E-03.07020.092 2330.56900.73-.006545       4 1 1 11       1 1 1 01                    R 25e     466663342910 9 711    53.0   51.0
 21 6570.657109 4.933E-27 1.646E-03.07870.107 1378.21320.68-.004850       3 2 2 11       0 2 2 01                    R 10e     566663342910 9 711    23.0   21.0
 21 6570.711846 3.433E-30 4.733E-04.07130.095 2746.22160.71-.006705       5 0 0 12       2 0 0 03                    P 22e     466663342910 9 711    43.0   45.0
 21 6570.761265 1.815E-27 1.341E-03.06420.070 1869.26490.73-.008713       3 1 1 11       0 1 1 01                    R 55e     465553342910 9 711   113.0  111.0
 21 6571.004845 4.340E-27 1.299E-03.06580.073 1664.19460.74-.008414       3 1 1 11       0 1 1 01                    R 50f     566553342910 9 711   103.0  101.0
 21 6571.040760 1.618E-30 7.022E-07.06530.072 1744.64440.74-.009460       2 0 0 22       0 1 1 01                    Q 52f     535553343010 9 711   105.0  105.0
 21 6571.067001 1.382E-28 2.790E-03.06470.071 2546.03630.73-.008655       4 0 0 11       1 0 0 01                    R 54e     465553342910 9 711   111.0  109.0
 21 6571.124896 2.178E-28 1.901E-03.07480.102 2097.40880.69-.006319       3 3 3 11       0 3 3 01                    P 15e     466663342910 9 711    29.0   31.0
 21 6571.371584 5.188E-27 1.661E-03.07780.105 1386.82910.68-.004996       3 2 2 11       0 2 2 01                    R 11f     566663342910 9 711    25.0   23.0
 21 6571.384535 5.409E-30 3.982E-05.07020.092 2186.39130.73-.007471       3 0 0 23       1 1 1 02                    R 25e     466663342910 9 711    53.0   51.0
 21 6571.409025 2.317E-30 1.042E-06.08340.112 1351.58130.68-.004842       2 1 1 22       0 2 2 01                    R  6e     566663342910 9 711    15.0   13.0
 21 6571.519569 1.637E-29 7.615E-03.07060.093 3031.46490.72-.006453       5 0 0 11       2 0 0 01                    R 24e     466663342910 9 711    51.0   49.0
 21 6571.556861 3.109E-30 2.859E-03.09050.120 2763.07410.70-.003261       4 2 2 11       1 2 2 01                    R  2e     466663342910 9 711     7.0    5.0
 21 6571.562792 3.708E-30 1.826E-03.06830.087 3086.65040.74-.007206       3 4 4 11       0 4 4 01                    P 32e     366663342910 9 711    63.0   65.0
 21 6571.671358 1.215E-27 1.331E-03.06320.070 1957.35410.72-.008827       3 1 1 11       0 1 1 01                    R 57e     465553342910 9 711   117.0  115.0
 21 6571.781309 2.949E-28 4.668E-03.06990.091 2351.51260.73-.006636       4 1 1 11       1 1 1 01                    R 26f     466663342910 9 711    55.0   53.0
 21 6571.937545 2.746E-28 4.632E-03.06960.090 2371.93370.73-.006725       4 1 1 11       1 1 1 01                    R 27e     466663342910 9 711    57.0   55.0
 21 6571.975503 2.148E-28 1.902E-03.07550.103 2085.63930.68-.006257       3 3 3 11       0 3 3 01                    P 14f     466663342910 9 711    27.0   29.0
 21 6572.070485 5.376E-27 1.669E-03.07700.104 1396.22820.68-.005134       3 2 2 11       0 2 2 01                    R 12e     566663342910 9 711    27.0   25.0
 21 6572.153297 3.839E-30 1.565E-06.08200.111 1357.06440.68-.005052       2 1 1 22       0 2 2 01                    R  7f     566663342910 9 711    17.0   15.0
 21 6572.168401 3.018E-27 1.286E-03.06530.072 1744.64440.73-.008536       3 1 1 11       0 1 1 01                    R 52f     465553342910 9 711   107.0  105.0
 21 6572.180809 5.129E-30 4.294E-05.06960.090 2227.78800.73-.007670       3 0 0 23       1 1 1 02                    R 27e     466663342910 9 711    57.0   55.0
 21 6572.330062 5.533E-30 4.003E-03.08850.118 2765.42340.69-.003500       4 2 2 11       1 2 2 01                    R  3f     466663342910 9 711     9.0    7.0
 21 6572.346911 9.281E-29 2.754E-03.06380.070 2632.50220.72-.008770       4 0 0 11       1 0 0 01                    R 56e     465553342910 9 711   115.0  113.0
 21 6572.538801 3.704E-30 4.784E-04.07220.097 2712.60060.71-.006601       5 0 0 12       2 0 0 03                    P 20e     466663342910 9 711    39.0   41.0
 21 6572.563039 7.996E-28 1.320E-03.06220.069 2048.54700.72-.008938       3 1 1 11       0 1 1 01                    R 59e     465553342910 9 711   121.0  119.0
 21 6572.584219 4.082E-30 1.838E-03.06850.088 3061.51180.74-.007157       3 4 4 11       0 4 4 01                    P 31f     466663342910 9 711    61.0   63.0
 21 6572.635381 2.615E-30 7.984E-07.06580.074 1664.19460.74-.009338       2 0 0 22       0 1 1 01                    Q 50f     536553343010 9 711   101.0  101.0
 21 6572.724796 7.368E-30 2.770E-06.08080.109 1363.33080.68-.005247       2 1 1 22       0 2 2 01                    R  8e     566663342910 9 711    19.0   17.0
 21 6572.775242 5.527E-27 1.679E-03.07620.103 1406.41030.68-.005266       3 2 2 11       0 2 2 01                    R 13f     566663342910 9 711    29.0   27.0
 21 6572.822689 2.094E-28 1.899E-03.07620.104 2074.65430.68-.006192       3 3 3 11       0 3 3 01                    P 13e     466663342910 9 711    25.0   27.0
 21 6572.920522 4.751E-30 4.616E-05.06900.088 2272.30520.74-.007861       3 0 0 23       1 1 1 02                    R 29e     466663342910 9 711    61.0   59.0
 21 6572.971309 1.447E-29 7.578E-03.06990.091 3071.29380.73-.006636       5 0 0 11       2 0 0 01                    R 26e     466663342910 9 711    55.0   53.0
 21 6573.100549 7.628E-30 4.586E-03.08660.116 2768.55570.69-.003737       4 2 2 11       1 2 2 01                    R  4e     466663342910 9 711    11.0    9.0
 21 6573.175356 2.559E-28 4.657E-03.06930.089 2394.53920.73-.006812       4 1 1 11       1 1 1 01                    R 28f     466663342910 9 711    59.0   57.0
 21 6573.251542 2.355E-28 4.610E-03.06900.088 2416.41710.74-.006898       4 1 1 11       1 1 1 01                    R 29e     466663342910 9 711    61.0   59.0
 21 6573.320223 2.063E-27 1.272E-03.06470.071 1828.20620.73-.008655       3 1 1 11       0 1 1 01                    R 54f     465553342910 9 711   111.0  109.0
 21 6573.436815 5.175E-28 1.308E-03.06120.068 2142.84200.71-.009046       3 1 1 11       0 1 1 01                    R 61e     465553342910 9 711   125.0  123.0
 21 6573.455400 5.597E-27 1.678E-03.07550.102 1417.37550.69-.005392       3 2 2 11       0 2 2 01                    R 14e     566663342910 9 711    31.0   29.0
 21 6573.481244 1.003E-29 3.532E-06.07970.108 1370.38040.68-.005429       2 1 1 22       0 2 2 01                    R  9f     566663342910 9 711    21.0   19.0
 21 6573.510776 1.126E-30 3.653E-06.06620.076 2128.89870.74-.007928       3 2 2 11       1 0 0 02                    P 46e     366563242910 9 711    91.0   93.0
 21 6573.598147 4.471E-30 1.849E-03.06880.088 3037.15770.74-.007108       3 4 4 11       0 4 4 01                    P 30e     466663342910 9 711    59.0   61.0
 21 6573.603532 4.302E-30 4.946E-05.06850.087 2319.94220.74-.008046       3 0 0 23       1 1 1 02                    R 31e     466663342910 9 711    65.0   63.0
 21 6573.624293 6.125E-29 2.716E-03.06270.069 2722.07220.72-.008883       4 0 0 11       1 0 0 01                    R 58e     465553342910 9 711   119.0  117.0
 21 6573.664526 2.018E-28 1.894E-03.07700.105 2064.45370.68-.006122       3 3 3 11       0 3 3 01                    P 12f     466663342910 9 711    23.0   25.0
 21 6573.869071 9.498E-30 4.926E-03.08490.114 2772.47110.68-.003960       4 2 2 11       1 2 2 01                    R  5f     466663342910 9 711    13.0   11.0
 21 6573.958434 1.298E-30 1.071E-05.07780.105 2055.03760.68-.004197       5 2 2 01       0 3 3 01                    R 11e     466663342910 9 711    25.0   23.0
 21 6573.980116 1.334E-30 3.137E-07.07550.102 1367.40260.69-.004586       5 1 1 01       1 0 0 02                    R 14e     466663342910 9 711    31.0   29.0
 21 6573.982855 1.794E-29 5.993E-06.07870.107 1378.21320.68-.005599       2 1 1 22       0 2 2 01                    R 10e     566663342910 9 711    23.0   21.0
 21 6574.152221 5.653E-27 1.686E-03.07480.101 1429.12360.69-.005513       3 2 2 11       0 2 2 01                    R 15f     566663342910 9 711    33.0   31.0
 21 6574.168368 4.106E-30 8.967E-07.06600.075 1586.85820.74-.009213       2 0 0 22       0 1 1 01                    Q 48f     536563343010 9 711    97.0   97.0
 21 6574.229690 3.812E-30 5.284E-05.06810.085 2370.69800.74-.008225       3 0 0 23       1 1 1 02                    R 33e     466663342910 9 711    69.0   67.0
 21 6574.293218 3.295E-28 1.296E-03.06040.068 2240.23760.71-.009151       3 1 1 11       0 1 1 01                    R 63e     465553342910 9 711   129.0  127.0
 21 6574.341705 3.894E-30 4.835E-04.07310.099 2682.10480.70-.006493       5 0 0 12       2 0 0 03                    P 18e     466663342910 9 711    35.0   37.0
 21 6574.416157 1.252E-29 7.535E-03.06930.089 3114.24430.73-.006812       5 0 0 11       2 0 0 01                    R 28e     466663342910 9 711    59.0   57.0
 21 6574.460725 1.386E-27 1.258E-03.06380.070 1914.87870.72-.008770       3 1 1 11       0 1 1 01                    R 56f     465553342910 9 711   115.0  113.0
 21 6574.502112 1.918E-28 1.884E-03.07780.107 2055.03760.68-.006048       3 3 3 11       0 3 3 01                    P 11e     466663342910 9 711    21.0   23.0
 21 6574.550180 1.980E-28 4.586E-03.06850.087 2464.01850.74-.007065       4 1 1 11       1 1 1 01                    R 31e     466663342910 9 711    65.0   63.0
 21 6574.558434 2.175E-28 4.641E-03.06880.088 2440.69170.74-.006982       4 1 1 11       1 1 1 01                    R 30f     466663342910 9 711    63.0   61.0
 21 6574.606720 4.872E-30 1.861E-03.06900.089 3013.58820.73-.007058       3 4 4 11       0 4 4 01                    P 29f     466663342910 9 711    57.0   59.0
 21 6574.634135 1.118E-29 5.142E-03.08340.112 2777.16960.68-.004165       4 2 2 11       1 2 2 01                    R  6e     466663342910 9 711    15.0   13.0
 21 6574.718979 1.594E-30 1.275E-05.07700.104 2064.45370.68-.004320       5 2 2 01       0 3 3 01                    R 12f     466663342910 9 711    27.0   25.0
 21 6574.759955 2.136E-29 6.847E-06.07780.105 1386.82910.68-.005760       2 1 1 22       0 2 2 01                    R 11f     566663342910 9 711    25.0   23.0
 21 6574.798845 3.307E-30 5.631E-05.06770.084 2424.57170.74-.008399       3 0 0 23       1 1 1 02                    R 35e     466663342910 9 711    73.0   71.0
 21 6574.808797 5.598E-27 1.673E-03.07420.100 1441.65470.70-.005630       3 2 2 11       0 2 2 01                    R 16e     566663342910 9 711    35.0   33.0
 21 6574.899887 3.974E-29 2.676E-03.06170.069 2814.74520.71-.008992       4 0 0 11       1 0 0 01                    R 60e     465553342910 9 711   123.0  121.0
 21 6575.132806 2.063E-28 1.283E-03.05980.067 2340.73210.70-.009254       3 1 1 11       0 1 1 01                    R 65e     465553342910 9 711   133.0  131.0
 21 6575.184385 3.767E-29 1.170E-05.07700.104 1396.22820.68-.005913       2 1 1 22       0 2 2 01                    R 12e     566663342910 9 711    27.0   25.0
 21 6575.310844 2.810E-30 5.985E-05.06730.082 2481.56240.75-.008567       3 0 0 23       1 1 1 02                    R 37e     466663342910 9 711    77.0   75.0
 21 6575.334760 1.792E-28 1.866E-03.07870.108 2046.40600.68-.005968       3 3 3 11       0 3 3 01                    P 10f     466663342910 9 711    19.0   21.0
 21 6575.345220 1.368E-30 3.290E-06.06640.077 2057.94880.74-.007833       3 2 2 11       1 0 0 02                    P 44e     466563342910 9 711    87.0   89.0
 21 6575.398493 1.269E-29 5.290E-03.08200.111 2782.65110.68-.004355       4 2 2 11       1 2 2 01                    R  7f     466663342910 9 711    17.0   15.0
 21 6575.452473 1.905E-30 1.491E-05.07620.103 2074.65430.68-.004438       5 2 2 01       0 3 3 01                    R 13e     466663342910 9 711    29.0   27.0
 21 6575.500744 5.579E-27 1.683E-03.07370.099 1454.96860.70-.005743       3 2 2 11       0 2 2 01                    R 17f     566663342910 9 711    37.0   35.0
 21 6575.503501 1.765E-30 4.137E-07.07420.100 1391.60780.70-.004800       5 1 1 01       1 0 0 02                    R 16e     466663342910 9 711    35.0   33.0
 21 6575.590335 9.160E-28 1.243E-03.06270.069 2004.66030.72-.008883       3 1 1 11       0 1 1 01                    R 58f     465553342910 9 711   119.0  117.0
 21 6575.608108 5.282E-30 1.872E-03.06930.090 2990.80330.73-.007009       3 4 4 11       0 4 4 01                    P 28e     466663342910 9 711    55.0   57.0
 21 6575.639650 6.270E-30 9.961E-07.06620.076 1512.63650.74-.009086       2 0 0 22       0 1 1 01                    Q 46f     536563343010 9 711    93.0   93.0
 21 6575.765529 2.340E-30 6.346E-05.06700.080 2541.66900.75-.008731       3 0 0 23       1 1 1 02                    R 39e     466663342910 9 711    81.0   79.0
 21 6575.833817 1.632E-28 4.559E-03.06810.085 2514.73720.74-.007226       4 1 1 11       1 1 1 01                    R 33e     466663342910 9 711    69.0   67.0
 21 6575.854434 1.061E-29 7.484E-03.06880.088 3160.31590.74-.006982       5 0 0 11       2 0 0 01                    R 30e     466663342910 9 711    63.0   61.0
 21 6575.930771 1.812E-28 4.621E-03.06830.086 2489.96950.74-.007146       4 1 1 11       1 1 1 01                    R 32f     466663342910 9 711    67.0   65.0
 21 6575.956161 1.271E-28 1.270E-03.05930.066 2444.32390.69-.009355       3 1 1 11       0 1 1 01                    R 67e     465553342910 9 711   137.0  135.0
 21 6575.990251 4.015E-29 1.221E-05.07620.103 1406.41030.68-.006058       2 1 1 22       0 2 2 01                    R 13f     566663342910 9 711    29.0   27.0
 21 6576.120089 3.978E-30 4.885E-04.07420.101 2654.73490.69-.006379       5 0 0 12       2 0 0 03                    P 16e     466663342910 9 711    31.0   33.0
 21 6576.123378 1.097E-30 4.543E-04.07020.092 3015.17650.73-.005579       6 1 1 01       1 2 2 01                    R 25f     466663342910 9 711    53.0   51.0
 21 6576.125627 5.383E-27 1.650E-03.07310.098 1469.06550.70-.005853       3 2 2 11       0 2 2 01                    R 18e     566663342910 9 711    39.0   37.0
 21 6576.157530 1.402E-29 5.392E-03.08080.109 2788.91550.68-.004531       4 2 2 11       1 2 2 01                    R  8e     466663342910 9 711    19.0   17.0
 21 6576.162743 1.910E-30 6.713E-05.06680.079 2604.89030.75-.008889       3 0 0 23       1 1 1 02                    R 41e     466563342910 9 711    85.0   83.0
 21 6576.162806 1.641E-28 1.838E-03.07970.109 2038.55900.68-.005881       3 3 3 11       0 3 3 01                    P  9e     466663342910 9 711    17.0   19.0
 21 6576.174436 2.535E-29 2.634E-03.06080.068 2910.51970.71-.009099       4 0 0 11       1 0 0 01                    R 62e     465553342910 9 711   127.0  125.0
 21 6576.215058 2.240E-30 1.730E-05.07550.102 2085.63930.69-.004550       5 2 2 01       0 3 3 01                    R 14f     466663342910 9 711    31.0   29.0
 21 6576.331249 7.233E-29 2.170E-05.07550.102 1417.37550.69-.006197       2 1 1 22       0 2 2 01                    R 14e     566663342910 9 711    31.0   29.0
 21 6576.502329 1.529E-30 7.086E-05.06650.077 2671.22530.74-.009044       3 0 0 23       1 1 1 02                    R 43e     466563342910 9 711    89.0   87.0
 21 6576.603575 5.695E-30 1.883E-03.06960.091 2968.80320.73-.006959       3 4 4 11       0 4 4 01                    P 27f     466663342910 9 711    53.0   55.0
 21 6576.709498 5.952E-28 1.228E-03.06170.069 2097.54970.71-.008992       3 1 1 11       0 1 1 01                    R 60f     465553342910 9 711   123.0  121.0
 21 6576.763890 7.700E-29 1.256E-03.05890.066 2551.01130.69-.009452       3 1 1 11       0 1 1 01                    R 69e     465553342910 9 711   141.0  139.0
 21 6576.784128 1.201E-30 7.466E-05.06630.076 2740.67270.74-.009194       3 0 0 23       1 1 1 02                    R 45e     466563342910 9 711    93.0   91.0
 21 6576.818058 5.321E-27 1.668E-03.07260.097 1483.94500.71-.005959       3 2 2 11       0 2 2 01                    R 19f     566663342910 9 711    41.0   39.0
 21 6576.918624 1.517E-29 5.464E-03.07970.108 2795.96300.68-.004695       4 2 2 11       1 2 2 01                    R  9f     466663342910 9 711    21.0   19.0
 21 6576.932715 2.573E-30 1.977E-05.07480.101 2097.40880.69-.004659       5 2 2 01       0 3 3 01                    R 15e     466663342910 9 711    33.0   31.0
 21 6576.986039 1.463E-28 1.795E-03.08080.111 2031.49660.68-.005785       3 3 3 11       0 3 3 01                    P  8f     466663342910 9 711    15.0   17.0
 21 6577.022829 2.198E-30 5.283E-07.07310.098 1418.93480.70-.005000       5 1 1 01       1 0 0 02                    R 18e     466663342910 9 711    39.0   37.0
 21 6577.049166 9.327E-30 1.096E-06.06640.077 1441.53070.74-.008956       2 0 0 22       0 1 1 01                    Q 44f     536563343010 9 711    89.0   89.0
 21 6577.102853 1.319E-28 4.526E-03.06770.084 2568.57240.74-.007382       4 1 1 11       1 1 1 01                    R 35e     466663342910 9 711    73.0   71.0
 21 6577.172036 1.650E-30 2.993E-06.06660.079 1990.10800.75-.007737       3 2 2 11       1 0 0 02                    P 42e     466563342910 9 711    83.0   85.0
 21 6577.173356 6.961E-29 2.078E-05.07480.101 1429.12360.69-.006331       2 1 1 22       0 2 2 01                    R 15f     566663342910 9 711    33.0   31.0
 21 6577.286482 8.810E-30 7.425E-03.06830.086 3209.50800.74-.007146       5 0 0 11       2 0 0 01                    R 32e     466663342910 9 711    67.0   65.0
 21 6577.292606 1.481E-28 4.600E-03.06790.084 2542.37180.74-.007305       4 1 1 11       1 1 1 01                    R 34f     466663342910 9 711    71.0   69.0
 21 6577.397309 4.955E-27 1.599E-03.07220.096 1499.60730.71-.006063       3 2 2 11       0 2 2 01                    R 20e     566663342910 9 711    43.0   41.0
 21 6577.426447 1.314E-28 3.930E-05.07420.100 1441.65470.70-.006460       2 1 1 22       0 2 2 01                    R 16e     566663342910 9 711    35.0   33.0
 21 6577.448676 1.590E-29 2.591E-03.06010.067 3009.39450.70-.009203       4 0 0 11       1 0 0 01                    R 64e     465553342910 9 711   131.0  129.0
 21 6577.556621 4.590E-29 1.242E-03.05850.066 2660.79240.68-.009548       3 1 1 11       0 1 1 01                    R 71e     465553342910 9 711   145.0  143.0
 21 6577.591997 6.108E-30 1.893E-03.06990.092 2947.58800.73-.006909       3 4 4 11       0 4 4 01                    P 26e     466663342910 9 711    51.0   53.0
 21 6577.670630 1.616E-29 5.522E-03.07870.107 2803.79330.68-.004850       4 2 2 11       1 2 2 01                    R 10e     466663342910 9 711    23.0   21.0
 21 6577.700992 2.928E-30 2.255E-05.07420.100 2109.96260.70-.004763       5 2 2 01       0 3 3 01                    R 16f     466663342910 9 711    35.0   33.0
 21 6577.760387 1.140E-30 5.373E-04.06960.090 3056.66140.73-.005738       6 1 1 01       1 2 2 01                    R 27f     466663342910 9 711    57.0   55.0
 21 6577.804532 1.257E-28 1.727E-03.08200.112 2025.21880.68-.005678       3 3 3 11       0 3 3 01                    P  7e     466663342910 9 711    13.0   15.0
 21 6577.818674 3.803E-28 1.212E-03.06080.068 2193.54520.71-.009099       3 1 1 11       0 1 1 01                    R 62f     465553342910 9 711   127.0  125.0
 21 6577.873530 3.937E-30 4.936E-04.07550.103 2630.49150.68-.006257       5 0 0 12       2 0 0 03                    P 14e     466663342910 9 711    27.0   29.0
 21 6578.099810 4.901E-27 1.637E-03.07170.095 1516.05210.71-.006164       3 2 2 11       0 2 2 01                    R 21f     566663342910 9 711    45.0   43.0
 21 6578.311125 1.143E-28 3.451E-05.07370.099 1454.96860.70-.006585       2 1 1 22       0 2 2 01                    R 17f     566663342910 9 711    37.0   35.0
 21 6578.335000 2.692E-29 1.227E-03.05830.065 2773.66540.67-.009641       3 1 1 11       0 1 1 01                    R 73e     465553342910 9 711   149.0  147.0
 21 6578.357734 1.046E-28 4.490E-03.06730.082 2625.52330.75-.007533       4 1 1 11       1 1 1 01                    R 37e     466663342910 9 711    77.0   75.0
 21 6578.396864 1.352E-29 1.196E-06.06660.079 1373.54200.75-.008823       2 0 0 22       0 1 1 01                    Q 42f     536563343010 9 711    85.0   85.0
 21 6578.398104 3.253E-30 2.530E-05.07370.099 2123.30070.70-.004864       5 2 2 01       0 3 3 01                    R 17e     466663342910 9 711    37.0   35.0
 21 6578.429855 1.694E-29 5.555E-03.07780.105 2812.40680.68-.004996       4 2 2 11       1 2 2 01                    R 11f     466663342910 9 711    25.0   23.0
 21 6578.474976 2.311E-28 7.090E-05.07310.098 1469.06550.70-.006706       2 1 1 22       0 2 2 01                    R 18e     566663342910 9 711    39.0   37.0
 21 6578.538342 2.602E-30 6.580E-07.07220.096 1449.38310.71-.005188       5 1 1 01       1 0 0 02                    R 20e     466663342910 9 711    43.0   41.0
 21 6578.574066 6.513E-30 1.903E-03.07020.093 2927.15780.72-.006858       3 4 4 11       0 4 4 01                    P 25f     466663342910 9 711    49.0   51.0
 21 6578.609295 4.310E-27 1.499E-03.07130.095 1533.27970.72-.006262       3 2 2 11       0 2 2 01                    R 22e     566663342910 9 711    47.0   45.0
 21 6578.618228 1.019E-28 1.611E-03.08340.114 2019.72570.68-.005557       3 3 3 11       0 3 3 01                    P  6f     466663342910 9 711    11.0   13.0
 21 6578.644198 1.188E-28 4.578E-03.06750.083 2597.89790.74-.007458       4 1 1 11       1 1 1 01                    R 36f     466663342910 9 711    75.0   73.0
 21 6578.712663 7.175E-30 7.362E-03.06790.084 3261.82000.74-.007305       5 0 0 11       2 0 0 01                    R 34e     466663342910 9 711    71.0   69.0
 21 6578.723340 9.805E-30 2.546E-03.05950.067 3111.36830.70-.009305       4 0 0 11       1 0 0 01                    R 66e     465553342910 9 711   135.0  133.0
 21 6578.918337 2.390E-28 1.196E-03.06010.067 2292.64530.70-.009203       3 1 1 11       0 1 1 01                    R 64f     465553342910 9 711   131.0  129.0
 21 6578.993197 1.989E-30 2.769E-06.06690.080 1925.37750.75-.007641       3 2 2 11       1 0 0 02                    P 40e     466663342910 9 711    79.0   81.0
 21 6579.099684 1.553E-29 1.211E-03.05800.065 2889.62850.67-.009732       3 1 1 11       0 1 1 01                    R 75e     465553342910 9 711   153.0  151.0
 21 6579.172505 3.373E-30 4.458E-08.07480.102  761.12550.69-.007125       2 0 0 22       0 1 1 01                    P 15e     536663343010 9 711    29.0   31.0
 21 6579.173314 1.758E-29 5.588E-03.07700.104 2821.80280.68-.005134       4 2 2 11       1 2 2 01                    R 12e     466663342910 9 711    27.0   25.0
 21 6579.176785 3.606E-30 2.850E-05.07310.098 2137.42310.70-.004962       5 2 2 01       0 3 3 01                    R 18f     466663342910 9 711    39.0   37.0
 21 6579.339097 4.339E-27 1.580E-03.07090.094 1551.28950.72-.006359       3 2 2 11       0 2 2 01                    R 23f     566663342910 9 711    49.0   47.0
 21 6579.399866 1.151E-30 6.300E-04.06900.088 3101.27410.74-.005892       6 1 1 01       1 2 2 01                    R 29f     466663342910 9 711    61.0   59.0
 21 6579.406413 1.807E-28 5.670E-05.07260.097 1483.94500.71-.006823       2 1 1 22       0 2 2 01                    R 19f     566663342910 9 711    41.0   39.0
 21 6579.427128 7.426E-29 1.403E-03.08490.116 2015.01730.69-.005417       3 3 3 11       0 3 3 01                    P  5e     466663342910 9 711     9.0   11.0
 21 6579.485356 3.975E-28 1.283E-04.07220.096 1499.60730.71-.006938       2 1 1 22       0 2 2 01                    R 20e     566663342910 9 711    43.0   41.0
 21 6579.549104 6.906E-30 1.913E-03.07060.094 2907.51260.72-.006808       3 4 4 11       0 4 4 01                    P 24e     466663342910 9 711    47.0   49.0
 21 6579.582770 1.463E-30 1.497E-04.06010.068 2907.11140.71-.008684       4 0 0 11       1 0 0 02                    P 64e     465553342910 9 711   127.0  129.0
 21 6579.598954 8.148E-29 4.453E-03.06700.080 2685.58900.75-.007680       4 1 1 11       1 1 1 01                    R 39e     466663342910 9 711    81.0   79.0
 21 6579.601657 3.757E-30 4.993E-04.07700.105 2609.37520.68-.006122       5 0 0 12       2 0 0 03                    P 12e     466663342910 9 711    23.0   25.0
 21 6579.682703 1.913E-29 1.296E-06.06690.080 1308.67160.75-.008688       2 0 0 22       0 1 1 01                    Q 40f     536663343010 9 711    81.0   81.0
 21 6579.738872 3.461E-27 1.327E-03.07060.093 1570.08200.72-.006453       3 2 2 11       0 2 2 01                    R 24e     566663342910 9 711    51.0   49.0
 21 6579.847457 3.895E-30 3.149E-05.07260.097 2152.32960.71-.005057       5 2 2 01       0 3 3 01                    R 19e     466663342910 9 711    41.0   39.0
 21 6579.851335 8.816E-30 1.196E-03.05780.065 3008.67980.66-.009821       3 1 1 11       0 1 1 01                    R 77e     465553342910 9 711   157.0  155.0
 21 6579.932677 1.800E-29 5.599E-03.07620.103 2831.98220.68-.005266       4 2 2 11       1 2 2 01                    R 13f     466663342910 9 711    29.0   27.0
 21 6579.985819 9.352E-29 4.551E-03.06720.081 2656.54690.75-.007607       4 1 1 11       1 1 1 01                    R 38f     466663342910 9 711    79.0   77.0
 21 6579.999145 5.947E-30 2.501E-03.05910.066 3216.43970.69-.009404       4 0 0 11       1 0 0 01                    R 68e     465553342910 9 711   139.0  137.0
 21 6580.008977 1.477E-28 1.179E-03.05950.067 2394.84830.70-.009305       3 1 1 11       0 1 1 01                    R 66f     465553342910 9 711   135.0  133.0
 21 6580.050316 2.946E-30 8.027E-07.07130.095 1482.95210.72-.005367       5 1 1 01       1 0 0 02                    R 22e     466663342910 9 711    47.0   45.0
 21 6580.133358 5.733E-30 7.294E-03.06750.083 3317.25140.74-.007458       5 0 0 11       2 0 0 01                    R 36e     466663342910 9 711    75.0   73.0
 21 6580.231214 4.147E-29 9.885E-04.08660.118 2011.09350.69-.005249       3 3 3 11       0 3 3 01                    P  4f     466663342910 9 711     7.0    9.0
 21 6580.463689 2.783E-28 9.304E-05.07170.095 1516.05210.71-.007049       2 1 1 22       0 2 2 01                    R 21f     566663342910 9 711    45.0   43.0
 21 6580.472073 6.665E-28 2.320E-04.07130.095 1533.27970.72-.007158       2 1 1 22       0 2 2 01                    R 22e     566663342910 9 711    47.0   45.0
 21 6580.517450 7.280E-30 1.922E-03.07090.095 2888.65250.72-.006757       3 4 4 11       0 4 4 01                    P 23f     466663342910 9 711    45.0   47.0
 21 6580.525232 3.660E-27 1.486E-03.07020.092 1589.65660.73-.006545       3 2 2 11       0 2 2 01                    R 25f     566663342910 9 711    53.0   51.0
 21 6580.590603 4.924E-30 1.179E-03.05760.064 3130.81720.65-.009908       3 1 1 11       0 1 1 01                    R 79e     465553342910 9 711   161.0  159.0
 21 6580.642443 4.228E-30 3.518E-05.07220.096 2168.02030.71-.005149       5 2 2 01       0 3 3 01                    R 20f     466663342910 9 711    43.0   41.0
 21 6580.665450 1.831E-29 5.620E-03.07550.102 2842.94350.69-.005392       4 2 2 11       1 2 2 01                    R 14e     466663342910 9 711    31.0   29.0
 21 6580.758668 2.512E-27 1.085E-03.06990.091 1610.01380.73-.006636       3 2 2 11       0 2 2 01                    R 26e     466663342910 9 711    55.0   53.0
 21 6580.770059 1.245E-30 2.535E-05.06810.086 2443.31820.74-.007200       3 3 3 11       0 3 3 01                    Q 33e     466663342910 9 711    67.0   67.0
 21 6580.811156 2.419E-30 2.630E-06.06720.082 1863.75860.75-.007544       3 2 2 11       1 0 0 02                    P 38e     466663342910 9 711    75.0   77.0
 21 6580.827057 6.230E-29 4.413E-03.06680.079 2748.76860.75-.007822       4 1 1 11       1 1 1 01                    R 41e     466563342910 9 711    85.0   83.0
 21 6580.906647 2.641E-29 1.395E-06.06720.082 1246.92050.75-.008550       2 0 0 22       0 1 1 01                    Q 38f     536663343010 9 711    77.0   77.0
 21 6581.040924 1.130E-30 7.324E-04.06850.087 3149.01380.74-.006039       6 1 1 01       1 2 2 01                    R 31f     466663342910 9 711    65.0   63.0
 21 6581.065053 1.746E-30 2.951E-05.06850.088 2392.34760.74-.007069       3 3 3 11       0 3 3 01                    Q 31e     466663342910 9 711    63.0   63.0
 21 6581.091099 8.981E-29 1.162E-03.05910.066 2500.15240.69-.009404       3 1 1 11       0 1 1 01                    R 68f     465553342910 9 711   139.0  137.0
 21 6581.119460 8.578E-30 1.179E-07.07620.104  738.47170.68-.006971       2 0 0 22       0 1 1 01                    P 13e     536663343010 9 711    25.0   27.0
 21 6581.276791 3.547E-30 2.454E-03.05870.066 3324.60720.68-.009500       4 0 0 11       1 0 0 01                    R 70e     465553342910 9 711   143.0  141.0
 21 6581.279480 4.449E-30 3.833E-05.07170.095 2184.49500.71-.005239       5 2 2 01       0 3 3 01                    R 21e     466663342910 9 711    45.0   43.0
 21 6581.304146 3.429E-30 5.057E-04.07870.108 2591.38640.68-.005968       5 0 0 12       2 0 0 03                    P 10e     466663342910 9 711    19.0   21.0
 21 6581.317757 7.229E-29 4.523E-03.06690.080 2718.31800.75-.007752       4 1 1 11       1 1 1 01                    R 40f     466663342910 9 711    83.0   81.0
 21 6581.318110 2.706E-30 1.163E-03.05730.064 3256.03870.65-.009992       3 1 1 11       0 1 1 01                    R 81e     465553342910 9 711   165.0  163.0
 21 6581.344302 2.415E-30 3.455E-05.06900.089 2344.50930.73-.006935       3 3 3 11       0 3 3 01                    Q 29e     466663342910 9 711    59.0   59.0
 21 6581.397034 2.376E-30 1.553E-04.06080.068 2808.24800.71-.008599       4 0 0 11       1 0 0 02                    P 62e     465553342910 9 711   123.0  125.0
 21 6581.427685 1.837E-29 5.610E-03.07480.101 2854.68880.69-.005513       4 2 2 11       1 2 2 01                    R 15f     466663342910 9 711    33.0   31.0
 21 6581.457773 1.057E-27 4.056E-04.07060.093 1570.08200.72-.007369       2 1 1 22       0 2 2 01                    R 24e     566663342910 9 711    51.0   49.0
 21 6581.478694 7.626E-30 1.931E-03.07130.095 2870.57770.71-.006705       3 4 4 11       0 4 4 01                    P 22e     466663342910 9 711    43.0   45.0
 21 6581.480925 1.283E-30 1.990E-05.06880.088 2368.03680.74-.007003       3 3 3 11       0 3 3 01                    Q 30f     466663342910 9 711    61.0   61.0
 21 6581.489994 4.189E-28 1.527E-04.07090.094 1551.28950.72-.007265       2 1 1 22       0 2 2 01                    R 23f     566663342910 9 711    49.0   47.0
 21 6581.548965 4.495E-30 7.220E-03.06720.081 3375.80150.75-.007607       5 0 0 11       2 0 0 01                    R 38e     466663342910 9 711    79.0   77.0
 21 6581.559068 3.209E-30 9.636E-07.07060.093 1519.64110.72-.005537       5 1 1 01       1 0 0 02                    R 24e     466663342910 9 711    51.0   49.0
 21 6581.607306 3.298E-30 4.073E-05.06960.091 2299.80410.73-.006797       3 3 3 11       0 3 3 01                    Q 27e     466663342910 9 711    55.0   55.0
 21 6581.630138 2.215E-30 2.937E-05.06930.090 2321.76500.73-.006867       3 3 3 11       0 3 3 01                    Q 28f     466663342910 9 711    57.0   57.0
 21 6581.643042 2.899E-27 1.339E-03.06960.090 1631.15270.73-.006725       3 2 2 11       0 2 2 01                    R 27f     466663342910 9 711    57.0   55.0
 21 6581.651307 1.665E-27 8.267E-04.06930.089 1653.07420.73-.007766       2 1 1 22       0 2 2 01                    R 28e     466663342910 9 711    59.0   57.0
 21 6581.811831 3.426E-30 3.961E-05.06990.092 2278.62670.73-.006727       3 3 3 11       0 3 3 01                    Q 26f     466663342910 9 711    53.0   53.0
 21 6581.853612 4.450E-30 4.842E-05.07020.093 2258.23290.72-.006656       3 3 3 11       0 3 3 01                    Q 25e     466663342910 9 711    51.0   51.0
 21 6582.010526 4.892E-30 5.037E-05.07060.094 2238.62270.72-.006583       3 3 3 11       0 3 3 01                    Q 24f     466663342910 9 711    49.0   49.0
 21 6582.034412 1.463E-30 1.145E-03.05710.064 3384.34230.64-.010075       3 1 1 11       0 1 1 01                    R 83e     465553342910 9 711   169.0  167.0
 21 6582.042644 4.677E-29 4.369E-03.06650.077 2815.06110.74-.007960       4 1 1 11       1 1 1 01                    R 43e     466563342910 9 711    89.0   87.0
 21 6582.068669 3.559E-29 1.492E-06.06750.084 1188.28970.74-.008409       2 0 0 22       0 1 1 01                    Q 36f     536663343010 9 711    73.0   73.0
 21 6582.082810 5.940E-30 5.819E-05.07090.095 2219.79630.72-.006510       3 3 3 11       0 3 3 01                    Q 23e     466663342910 9 711    47.0   47.0
 21 6582.097970 4.749E-30 4.262E-05.07130.095 2201.75370.72-.005327       5 2 2 01       0 3 3 01                    R 22f     466663342910 9 711    47.0   45.0
 21 6582.142530 1.059E-30 4.953E-05.07480.102 2442.04910.69-.007160       1 1 1 31       0 0 0 11                    P 15e     536663343010 9 711    29.0   31.0
 21 6582.146893 1.840E-29 5.631E-03.07420.100 2867.21520.70-.005630       4 2 2 11       1 2 2 01                    R 16e     466663342910 9 711    35.0   33.0
 21 6582.165222 5.371E-29 1.144E-03.05870.066 2608.55600.68-.009500       3 1 1 11       0 1 1 01                    R 70f     465553342910 9 711   143.0  141.0
 21 6582.210956 6.682E-30 6.263E-05.07130.095 2201.75370.71-.006435       3 3 3 11       0 3 3 01                    Q 22f     466663342910 9 711    45.0   45.0
 21 6582.294530 7.851E-30 7.082E-05.07170.096 2184.49500.71-.006358       3 3 3 11       0 3 3 01                    Q 21e     466663342910 9 711    43.0   43.0
 21 6582.403591 8.904E-30 7.775E-05.07220.097 2168.02030.71-.006280       3 3 3 11       0 3 3 01                    Q 20f     466663342910 9 711    41.0   41.0
 21 6582.420848 1.057E-27 6.153E-04.06880.088 1699.26250.74-.007954       2 1 1 22       0 2 2 01                    R 30e     466663342910 9 711    63.0   61.0
 21 6582.432967 7.938E-30 1.938E-03.07170.096 2853.28810.71-.006653       3 4 4 11       0 4 4 01                    P 21f     466663342910 9 711    41.0   43.0
 21 6582.469755 1.501E-27 6.486E-04.06990.091 1610.01380.73-.007571       2 1 1 22       0 2 2 01                    R 26e     466663342910 9 711    55.0   53.0
 21 6582.488443 1.029E-29 8.753E-05.07260.098 2152.32960.70-.006200       3 3 3 11       0 3 3 01                    Q 19e     466663342910 9 711    39.0   39.0
 21 6582.496176 6.133E-28 2.491E-04.07020.092 1589.65660.73-.007471       2 1 1 22       0 2 2 01                    R 25f     566663342910 9 711    53.0   51.0
 21 6582.556955 2.080E-30 2.405E-03.05840.065 3435.86930.68-.009595       4 0 0 11       1 0 0 01                    R 72e     465553342910 9 711   147.0  145.0
 21 6582.583316 1.170E-29 9.757E-05.07310.099 2137.42310.70-.006118       3 3 3 11       0 3 3 01                    Q 18f     466663342910 9 711    37.0   37.0
 21 6582.629898 3.008E-30 2.601E-06.06750.084 1805.25230.74-.007447       3 2 2 11       1 0 0 02                    P 36e     466663342910 9 711    71.0   73.0
 21 6582.640315 5.487E-29 4.492E-03.06660.078 2783.21020.75-.007892       4 1 1 11       1 1 1 01                    R 42f     466563342910 9 711    87.0   85.0
 21 6582.664254 1.340E-29 1.103E-04.07370.100 2123.30070.70-.006033       3 3 3 11       0 3 3 01                    Q 17e     466663342910 9 711    35.0   35.0
 21 6582.675024 2.131E-27 1.143E-03.06900.088 1675.77720.74-.006898       3 2 2 11       0 2 2 01                    R 29f     466663342910 9 711    61.0   59.0
 21 6582.682493 1.080E-30 8.448E-04.06810.085 3199.87980.74-.006182       6 1 1 01       1 2 2 01                    R 33f     466663342910 9 711    69.0   67.0
 21 6582.692775 4.876E-30 4.583E-05.07090.094 2219.79630.72-.005413       5 2 2 01       0 3 3 01                    R 23e     466663342910 9 711    49.0   47.0
 21 6582.747408 1.524E-29 1.247E-04.07420.101 2109.96260.69-.005946       3 3 3 11       0 3 3 01                    Q 16f     466663342910 9 711    33.0   33.0
 21 6582.821704 1.739E-29 1.425E-04.07480.102 2097.40880.69-.005855       3 3 3 11       0 3 3 01                    Q 15e     466663342910 9 711    31.0   31.0
 21 6582.894361 1.978E-29 1.636E-04.07550.103 2085.63930.68-.005761       3 3 3 11       0 3 3 01                    Q 14f     466663342910 9 711    29.0   29.0
 21 6582.915592 1.813E-29 5.601E-03.07370.099 2880.52630.70-.005743       4 2 2 11       1 2 2 01                    R 17f     466663342910 9 711    37.0   35.0
 21 6582.959901 3.460E-30 7.141E-03.06690.080 3437.46960.75-.007752       5 0 0 11       2 0 0 01                    R 40e     466663342910 9 711    83.0   81.0
 21 6582.960566 2.256E-29 1.900E-04.07620.104 2074.65430.68-.005663       3 3 3 11       0 3 3 01                    Q 13e     466663342910 9 711    27.0   27.0
 21 6582.980720 2.958E-30 5.143E-04.08080.111 2576.52550.68-.005785       5 0 0 12       2 0 0 03                    P  8e     466663342910 9 711    15.0   17.0
 21 6583.009529 1.538E-29 2.290E-07.07780.107  718.94190.68-.006798       2 0 0 22       0 1 1 01                    P 11e     536663343010 9 711    21.0   23.0
 21 6583.023300 2.573E-29 2.228E-04.07700.105 2064.45370.68-.005559       3 3 3 11       0 3 3 01                    Q 12f     466663342910 9 711    25.0   25.0
 21 6583.064956 3.374E-30 1.140E-06.06990.091 1559.44940.73-.005701       5 1 1 01       1 0 0 02                    R 26e     466663342910 9 711    55.0   53.0
 21 6583.080644 2.943E-29 2.646E-04.07780.107 2055.03760.68-.005449       3 3 3 11       0 3 3 01                    Q 11e     466663342910 9 711    23.0   23.0
 21 6583.083951 6.712E-28 4.670E-04.06830.086 1748.57800.74-.008137       2 1 1 22       0 2 2 01                    R 32e     466663342910 9 711    67.0   65.0
 21 6583.133695 3.377E-29 3.189E-04.07870.108 2046.40600.68-.005332       3 3 3 11       0 3 3 01                    Q 10f     466663342910 9 711    21.0   21.0
 21 6583.168747 4.685E-29 1.587E-06.06790.085 1132.78030.74-.008264       2 0 0 22       0 1 1 01                    Q 34f     536663343010 9 711    69.0   69.0
 21 6583.181771 3.895E-29 3.913E-04.07970.109 2038.55900.68-.005206       3 3 3 11       0 3 3 01                    Q  9e     466663342910 9 711    19.0   19.0
 21 6583.217070 3.791E-30 1.609E-04.06170.069 2712.47950.72-.008513       4 0 0 11       1 0 0 02                    P 60e     465553342910 9 711   119.0  121.0
 21 6583.225212 4.524E-29 4.908E-04.08080.111 2031.49660.68-.005070       3 3 3 11       0 3 3 01                    Q  8f     466663342910 9 711    17.0   17.0
 21 6583.231880 3.159E-29 1.126E-03.05840.065 2720.05720.68-.009595       3 1 1 11       0 1 1 01                    R 72f     465553342910 9 711   147.0  145.0
 21 6583.246378 3.449E-29 4.322E-03.06630.076 2884.46540.74-.008095       4 1 1 11       1 1 1 01                    R 45e     466563342910 9 711    93.0   91.0
 21 6583.263810 5.307E-29 6.329E-04.08200.112 2025.21880.68-.004922       3 3 3 11       0 3 3 01                    Q  7e     466663342910 9 711    15.0   15.0
 21 6583.297641 6.316E-29 8.462E-04.08340.114 2019.72570.68-.004758       3 3 3 11       0 3 3 01                    Q  6f     466663342910 9 711    13.0   13.0
 21 6583.326650 7.672E-29 1.187E-03.08490.116 2015.01730.69-.004577       3 3 3 11       0 3 3 01                    Q  5e     466663342910 9 711    11.0   11.0
 21 6583.350844 9.616E-29 1.785E-03.08660.118 2011.09350.69-.004375       3 3 3 11       0 3 3 01                    Q  4f     466663342910 9 711     9.0    9.0
 21 6583.370207 1.268E-28 2.980E-03.08850.120 2007.95450.70-.004146       3 3 3 11       0 3 3 01                    Q  3e     466663342910 9 711     7.0    7.0
 21 6583.380012 8.207E-30 1.945E-03.07220.097 2836.78400.71-.006601       3 4 4 11       0 4 4 01                    P 20e     466663342910 9 711    39.0   41.0
 21 6583.497587 8.555E-28 3.954E-04.06960.090 1631.15270.73-.007670       2 1 1 22       0 2 2 01                    R 27f     466663342910 9 711    57.0   55.0
 21 6583.525321 1.823E-27 9.056E-04.06930.089 1653.07420.73-.006812       3 2 2 11       0 2 2 01                    R 28e     466663342910 9 711    59.0   57.0
 21 6583.543373 5.135E-30 5.082E-05.07060.093 2238.62270.72-.005497       5 2 2 01       0 3 3 01                    R 24f     466663342910 9 711    51.0   49.0
 21 6583.608145 1.456E-27 9.247E-04.06850.087 1723.52920.74-.008046       2 1 1 22       0 2 2 01                    R 31f     466663342910 9 711    65.0   63.0
 21 6583.617492 1.791E-29 5.623E-03.07310.098 2894.61740.70-.005853       4 2 2 11       1 2 2 01                    R 18e     466663342910 9 711    39.0   37.0
 21 6583.656492 4.344E-28 3.681E-04.06790.084 1801.01980.74-.008313       2 1 1 22       0 2 2 01                    R 34e     466663342910 9 711    71.0   69.0
 21 6583.840291 1.200E-30 2.356E-03.05810.065 3550.22460.67-.009687       4 0 0 11       1 0 0 01                    R 74e     465553342910 9 711   151.0  149.0
 21 6583.953810 4.092E-29 4.459E-03.06640.077 2851.22260.74-.008028       4 1 1 11       1 1 1 01                    R 44f     466563342910 9 711    91.0   89.0
 21 6584.007855 1.080E-30 5.256E-05.07620.104 2419.59810.68-.007005       1 1 1 31       0 0 0 11                    P 13e     536663343010 9 711    25.0   27.0
 21 6584.085857 5.148E-30 5.394E-05.07020.092 2258.23290.73-.005579       5 2 2 01       0 3 3 01                    R 25e     466663342910 9 711    53.0   51.0
 21 6584.098853 1.139E-30 6.580E-07.06830.087 1697.58250.74-.008231       2 1 1 22       1 0 0 02                    P 32e     366663243010 9 711    63.0   65.0
 21 6584.149302 2.870E-28 3.017E-04.06750.083 1856.58700.74-.008484       2 1 1 22       0 2 2 01                    R 36e     466663342910 9 711    75.0   73.0
 21 6584.206864 6.021E-29 1.679E-06.06830.087 1080.39310.74-.008117       2 0 0 22       0 1 1 01                    Q 32f     536663343010 9 711    65.0   65.0
 21 6584.291618 1.828E-29 1.108E-03.05810.065 2834.65420.67-.009687       3 1 1 11       0 1 1 01                    R 74f     465553342910 9 711   151.0  149.0
 21 6584.319843 8.425E-30 1.950E-03.07260.098 2821.06520.70-.006547       3 4 4 11       0 4 4 01                    P 19f     466663342910 9 711    37.0   39.0
 21 6584.366597 2.615E-30 7.058E-03.06660.078 3502.25510.75-.007892       5 0 0 11       2 0 0 01                    R 42e     466563342910 9 711    87.0   85.0
 21 6584.397234 1.735E-29 5.571E-03.07260.097 2909.49430.71-.005959       4 2 2 11       1 2 2 01                    R 19f     466663342910 9 711    41.0   39.0
 21 6584.438988 2.499E-29 4.272E-03.06620.075 2956.98060.74-.008225       4 1 1 11       1 1 1 01                    R 47e     466563342910 9 711    97.0   95.0
 21 6584.440443 9.480E-28 7.265E-04.06810.085 1774.40790.74-.008225       2 1 1 22       0 2 2 01                    R 33f     466663342910 9 711    69.0   67.0
 21 6584.456017 3.884E-30 2.721E-06.06790.085 1749.86000.74-.007348       3 2 2 11       1 0 0 02                    P 34e     466663342910 9 711    67.0   69.0
 21 6584.511933 1.101E-27 5.909E-04.06900.088 1675.77720.74-.007861       2 1 1 22       0 2 2 01                    R 29f     466663342910 9 711    61.0   59.0
 21 6584.568383 3.435E-30 1.334E-06.06930.089 1602.37630.73-.005858       5 1 1 01       1 0 0 02                    R 28e     466663342910 9 711    59.0   57.0
 21 6584.569052 1.929E-28 2.561E-04.06720.081 1915.27870.75-.008650       2 1 1 22       0 2 2 01                    R 38e     466663342910 9 711    79.0   77.0
 21 6584.596729 1.509E-30 1.247E-04.06080.068 2862.86350.71-.010320       2 1 1 22       0 2 2 01                    R 62e     465553342910 9 711   127.0  125.0
 21 6584.620328 1.913E-27 1.114E-03.06880.088 1699.26250.74-.006982       3 2 2 11       0 2 2 01                    R 30e     466663342910 9 711    63.0   61.0
 21 6584.631151 2.354E-30 5.275E-04.08340.114 2564.79280.68-.005557       5 0 0 12       2 0 0 03                    P  6e     466663342910 9 711    11.0   13.0
 21 6584.842692 2.253E-29 3.828E-07.07970.109  702.53630.68-.006597       2 0 0 22       0 1 1 01                    P  9e     536663343010 9 711    17.0   19.0
 21 6584.919810 1.310E-28 2.236E-04.06690.080 1977.09380.75-.008811       2 1 1 22       0 2 2 01                    R 40e     466663342910 9 711    83.0   81.0
 21 6584.933200 2.374E-30 1.270E-04.06170.069 2766.77310.71-.010199       2 1 1 22       0 2 2 01                    R 60e     465553342910 9 711   123.0  121.0
 21 6584.978651 5.366E-30 5.984E-05.06990.091 2278.62670.73-.005659       5 2 2 01       0 3 3 01                    R 26f     466663342910 9 711    55.0   53.0
 21 6585.041606 5.942E-30 1.664E-04.06270.070 2619.80750.72-.008425       4 0 0 11       1 0 0 02                    P 58e     465553342910 9 711   115.0  117.0
 21 6585.077089 1.695E-29 5.601E-03.07220.096 2925.14970.71-.006063       4 2 2 11       1 2 2 01                    R 20e     466663342910 9 711    43.0   41.0
 21 6585.179608 6.055E-28 5.704E-04.06770.084 1828.41260.74-.008399       2 1 1 22       0 2 2 01                    R 35f     466663342910 9 711    73.0   71.0
 21 6585.183007 7.558E-29 1.768E-06.06880.088 1031.12910.74-.007966       2 0 0 22       0 1 1 01                    Q 30f     536663343010 9 711    61.0   61.0
 21 6585.204118 8.952E-29 1.999E-04.06660.078 2042.03130.75-.008967       2 1 1 22       0 2 2 01                    R 42e     466563342910 9 711    87.0   85.0
 21 6585.209099 3.689E-30 1.298E-04.06270.069 2673.79130.72-.010076       2 1 1 22       0 2 2 01                    R 58e     465553342910 9 711   119.0  117.0
 21 6585.252288 8.585E-30 1.954E-03.07310.099 2806.13200.70-.006493       3 4 4 11       0 4 4 01                    P 18e     466663342910 9 711    35.0   37.0
 21 6585.258574 2.998E-29 4.424E-03.06620.075 2922.35420.74-.008160       4 1 1 11       1 1 1 01                    R 46f     466563342910 9 711    95.0   93.0
 21 6585.345000 1.041E-29 1.089E-03.05790.065 2952.34500.66-.009777       3 1 1 11       0 1 1 01                    R 76f     465553342910 9 711   155.0  153.0
 21 6585.423623 6.128E-29 1.821E-04.06640.077 2110.09010.74-.009119       2 1 1 22       0 2 2 01                    R 44e     466563342910 9 711    91.0   89.0
 21 6585.424147 5.665E-30 1.333E-04.06380.070 2583.91980.72-.009950       2 1 1 22       0 2 2 01                    R 56e     465553342910 9 711   115.0  113.0
 21 6585.457171 5.252E-30 6.266E-05.06960.090 2299.80410.73-.005738       5 2 2 01       0 3 3 01                    R 27e     466663342910 9 711    57.0   55.0
 21 6585.552476 1.269E-27 8.064E-04.06850.087 1723.52920.74-.007065       3 2 2 11       0 2 2 01                    R 31f     466663342910 9 711    65.0   63.0
 21 6585.579439 4.188E-29 1.685E-04.06620.075 2181.26900.74-.009267       2 1 1 22       0 2 2 01                    R 46e     466563342910 9 711    95.0   93.0
 21 6585.621276 1.779E-29 4.220E-03.06590.074 3032.60550.74-.008352       4 1 1 11       1 1 1 01                    R 49e     466563342910 9 711   101.0   99.0
 21 6585.671725 1.293E-29 1.428E-04.06530.072 2413.51370.73-.009688       2 1 1 22       0 2 2 01                    R 52e     465553342910 9 711   107.0  105.0
 21 6585.672351 2.850E-29 1.579E-04.06600.074 2255.56680.74-.009411       2 1 1 22       0 2 2 01                    R 48e     466563342910 9 711    99.0   97.0
 21 6585.702944 1.928E-29 1.496E-04.06580.073 2332.98210.74-.009551       2 1 1 22       0 2 2 01                    R 50e     466553342910 9 711   103.0  101.0
 21 6585.738034 1.809E-27 1.260E-03.06830.086 1748.57800.74-.007146       3 2 2 11       0 2 2 01                    R 32e     466663342910 9 711    67.0   65.0
 21 6585.769501 1.941E-30 6.970E-03.06640.077 3570.15700.74-.008028       5 0 0 11       2 0 0 01                    R 44e     466563342910 9 711    91.0   89.0
 21 6585.826380 1.053E-30 5.556E-05.07780.107 2400.24310.68-.006831       1 1 1 31       0 0 0 11                    P 11e     536663343010 9 711    21.0   23.0
 21 6585.836264 3.871E-28 4.564E-04.06730.082 1885.54220.75-.008567       2 1 1 22       0 2 2 01                    R 37f     466663342910 9 711    77.0   75.0
 21 6585.873585 1.615E-29 5.525E-03.07170.095 2941.59230.71-.006164       4 2 2 11       1 2 2 01                    R 21f     466663342910 9 711    45.0   43.0
 21 6586.069800 3.394E-30 1.545E-06.06880.088 1648.42100.74-.006009       5 1 1 01       1 0 0 02                    R 30e     466663342910 9 711    63.0   61.0
 21 6586.097168 9.262E-29 1.853E-06.06930.090  984.98900.73-.007811       2 0 0 22       0 1 1 01                    Q 28f     536663343010 9 711    57.0   57.0
 21 6586.177299 8.677E-30 1.956E-03.07370.100 2791.98440.70-.006437       3 4 4 11       0 4 4 01                    P 17f     466663342910 9 711    33.0   35.0
 21 6586.255256 1.638E-30 5.534E-04.08660.118 2556.18860.69-.005249       5 0 0 12       2 0 0 03                    P  4e     466663342910 9 711     7.0    9.0
 21 6586.300268 5.284E-30 3.055E-06.06830.087 1697.58250.74-.007250       3 2 2 11       1 0 0 02                    P 32e     466663342910 9 711    63.0   65.0
 21 6586.304444 1.524E-30 7.408E-07.06880.088 1648.42100.74-.008114       2 1 1 22       1 0 0 02                    P 30e     466663343010 9 711    59.0   61.0
 21 6586.392597 5.830E-30 1.070E-03.05770.064 3073.12770.66-.009865       3 1 1 11       0 1 1 01                    R 78f     465553342910 9 711   159.0  157.0
 21 6586.403805 5.433E-30 6.969E-05.06930.089 2321.76500.73-.005816       5 2 2 01       0 3 3 01                    R 28f     466663342910 9 711    59.0   57.0
 21 6586.419448 2.498E-28 3.753E-04.06700.080 1945.79590.75-.008731       2 1 1 22       0 2 2 01                    R 39f     466663342910 9 711    81.0   79.0
 21 6586.489836 4.249E-29 7.773E-04.08850.118 2007.95450.69-.003500       3 3 3 11       0 3 3 01                    R  3e     466663342910 9 711     9.0    7.0
 21 6586.525521 1.564E-29 5.571E-03.07130.095 2958.81150.72-.006262       4 2 2 11       1 2 2 01                    R 22e     466663342910 9 711    47.0   45.0
 21 6586.554951 2.158E-29 4.385E-03.06600.074 2996.60390.74-.008289       4 1 1 11       1 1 1 01                    R 48f     466563342910 9 711    99.0   97.0
 21 6586.618927 2.835E-29 5.908E-07.08200.112  689.25530.68-.006355       2 0 0 22       0 1 1 01                    P  7e     536663343010 9 711    13.0   15.0
 21 6586.621429 1.306E-27 1.001E-03.06810.085 1774.40790.74-.007226       3 2 2 11       0 2 2 01                    R 33f     466663342910 9 711    69.0   67.0
 21 6586.794130 1.244E-29 4.163E-03.06560.072 3111.33890.74-.008476       4 1 1 11       1 1 1 01                    R 51e     465553342910 9 711   105.0  103.0
 21 6586.805120 5.189E-30 7.191E-05.06900.088 2344.50930.74-.005892       5 2 2 01       0 3 3 01                    R 29e     466663342910 9 711    61.0   59.0
 21 6586.862474 1.596E-27 1.354E-03.06790.084 1801.01980.74-.007305       3 2 2 11       0 2 2 01                    R 34e     466663342910 9 711    71.0   69.0
 21 6586.869384 9.149E-30 1.719E-04.06380.070 2530.23390.73-.008337       4 0 0 11       1 0 0 02                    P 56e     465553342910 9 711   111.0  113.0
 21 6586.935591 1.628E-28 3.173E-04.06680.079 2009.17250.75-.008889       2 1 1 22       0 2 2 01                    R 41f     466563342910 9 711    85.0   83.0
 21 6586.949341 1.108E-28 1.935E-06.06990.092  941.97360.73-.007653       2 0 0 22       0 1 1 01                    Q 26f     536663343010 9 711    53.0   53.0
 21 6587.094747 8.695E-30 1.956E-03.07420.101 2778.62240.69-.006379       3 4 4 11       0 4 4 01                    P 16e     466663342910 9 711    31.0   33.0
 21 6587.169069 1.415E-30 6.877E-03.06620.075 3641.17480.74-.008160       5 0 0 11       2 0 0 01                    R 46e     466563342910 9 711    95.0   93.0
 21 6587.250366 7.654E-29 1.164E-03.08660.116 2011.09350.69-.003737       3 3 3 11       0 3 3 01                    R  4f     466663342910 9 711    11.0    9.0
 21 6587.345773 1.465E-29 5.465E-03.07090.094 2976.81990.72-.006359       4 2 2 11       1 2 2 01                    R 23f     466663342910 9 711    49.0   47.0
 21 6587.388985 1.069E-28 2.749E-04.06650.077 2075.67110.74-.009044       2 1 1 22       0 2 2 01                    R 43f     566563342910 9 711    89.0   87.0
 21 6587.434998 3.212E-30 1.050E-03.05750.064 3197.00030.65-.009950       3 1 1 11       0 1 1 01                    R 80f     465553342910 9 711   163.0  161.0
 21 6587.569712 3.260E-30 1.773E-06.06830.086 1697.58250.74-.006155       5 1 1 01       1 0 0 02                    R 32e     466663342910 9 711    67.0   65.0
 21 6587.711380 1.224E-27 1.154E-03.06770.084 1828.41260.74-.007382       3 2 2 11       0 2 2 01                    R 35f     466663342910 9 711    73.0   71.0
 21 6587.739523 1.293E-28 2.012E-06.07060.094  902.08370.72-.007489       2 0 0 22       0 1 1 01                    Q 24f     536663343010 9 711    49.0   49.0
 21 6587.782461 7.057E-29 2.437E-04.06630.076 2145.29050.74-.009194       2 1 1 22       0 2 2 01                    R 45f     566563342910 9 711    93.0   91.0
 21 6587.818829 5.345E-30 8.044E-05.06880.088 2368.03680.74-.005966       5 2 2 01       0 3 3 01                    R 30f     466663342910 9 711    63.0   61.0
 21 6587.843300 1.527E-29 4.346E-03.06580.073 3073.97060.74-.008414       4 1 1 11       1 1 1 01                    R 50f     466553342910 9 711   103.0  101.0
 21 6587.958531 8.547E-30 4.103E-03.06500.071 3193.17960.73-.008596       4 1 1 11       1 1 1 01                    R 53e     465553342910 9 711   109.0  107.0
 21 6587.962623 1.408E-29 5.530E-03.07060.093 2995.60220.72-.006453       4 2 2 11       1 2 2 01                    R 24e     466663342910 9 711    51.0   49.0
 21 6587.982728 1.344E-27 1.414E-03.06750.083 1856.58700.74-.007458       3 2 2 11       0 2 2 01                    R 36e     466663342910 9 711    75.0   73.0
 21 6588.004558 8.630E-30 1.953E-03.07480.102 2766.04610.69-.006319       3 4 4 11       0 4 4 01                    P 15f     466663342910 9 711    29.0   31.0
 21 6588.006063 1.056E-28 1.385E-03.08490.114 2015.01730.68-.003960       3 3 3 11       0 3 3 01                    R  5e     466663342910 9 711    13.0   11.0
 21 6588.117905 4.664E-29 2.199E-04.06620.075 2218.02950.74-.009340       2 1 1 22       0 2 2 01                    R 47f     566563342910 9 711    97.0   95.0
 21 6588.128085 4.975E-30 8.168E-05.06850.087 2392.34760.74-.006039       5 2 2 01       0 3 3 01                    R 31e     466663342910 9 711    65.0   63.0
 21 6588.178457 7.585E-30 3.689E-06.06880.088 1648.42100.74-.007150       3 2 2 11       1 0 0 02                    P 30e     466663342910 9 711    59.0   61.0
 21 6588.338214 3.087E-29 8.849E-07.08490.116  679.09900.69-.006047       2 0 0 22       0 1 1 01                    P  5e     536663343010 9 711     9.0   11.0
 21 6588.396084 2.198E-30 9.169E-07.06930.090 1602.37630.73-.007050       3 2 2 11       1 0 0 02                    P 28e     466663342910 9 711    55.0   57.0
 21 6588.396601 3.079E-29 2.016E-04.06590.074 2293.88690.74-.009482       2 1 1 22       0 2 2 01                    R 49f     566563342910 9 711   101.0   99.0
 21 6588.467713 1.470E-28 2.084E-06.07130.095  865.31990.71-.007320       2 0 0 22       0 1 1 01                    Q 22f     536663343010 9 711    45.0   45.0
 21 6588.472801 1.742E-30 1.031E-03.05720.064 3323.96060.64-.010034       3 1 1 11       0 1 1 01                    R 82f     465553342910 9 711   167.0  165.0
 21 6588.578376 1.194E-30 1.556E-04.06770.084 2836.72980.74-.008382       1 1 1 31       0 0 0 11                    Q 35e     536663343010 9 711    71.0   71.0
 21 6588.619442 2.026E-29 1.873E-04.06560.072 2372.86140.74-.009620       2 1 1 22       0 2 2 01                    R 51f     565553342910 9 711   105.0  103.0
 21 6588.699170 1.384E-29 1.772E-04.06470.071 2443.76040.73-.008247       4 0 0 11       1 0 0 02                    P 54e     465553342910 9 711   107.0  109.0
 21 6588.756918 1.311E-28 1.525E-03.08340.112 2019.72570.68-.004165       3 3 3 11       0 3 3 01                    R  6f     466663342910 9 711    15.0   13.0
 21 6588.787070 1.326E-29 1.760E-04.06500.071 2454.95170.73-.009755       2 1 1 22       0 2 2 01                    R 53f     565553342910 9 711   109.0  107.0
 21 6588.811716 1.262E-30 1.306E-04.06040.068 2912.08930.71-.010378       2 1 1 22       0 2 2 01                    R 63f     435553343010 9 711   129.0  127.0
 21 6588.812013 1.069E-27 1.262E-03.06730.082 1885.54220.75-.007533       3 2 2 11       0 2 2 01                    R 37f     466663342910 9 711    77.0   75.0
 21 6588.815088 1.297E-29 5.392E-03.07020.092 3015.17650.73-.006545       4 2 2 11       1 2 2 01                    R 25f     466663342910 9 711    53.0   51.0
 21 6588.899956 7.873E-30 1.525E-04.06420.070 2540.15640.73-.009886       2 1 1 22       0 2 2 01                    R 55f     535553343010 9 711   113.0  111.0
 21 6588.906626 8.475E-30 1.946E-03.07550.103 2754.25560.68-.006257       3 4 4 11       0 4 4 01                    P 14e     466663342910 9 711    27.0   29.0
 21 6588.913540 2.036E-30 1.353E-04.06120.068 2814.44200.71-.010260       2 1 1 22       0 2 2 01                    R 61f     435553343010 9 711   125.0  123.0
 21 6588.958462 5.555E-30 1.597E-04.06320.070 2628.47400.72-.010014       2 1 1 22       0 2 2 01                    R 57f     465553342910 9 711   117.0  115.0
 21 6588.962885 3.227E-30 1.399E-04.06220.069 2719.90300.72-.010138       2 1 1 22       0 2 2 01                    R 59f     435553343010 9 711   121.0  119.0
 21 6589.068681 3.050E-30 2.019E-06.06790.084 1749.86000.74-.006296       5 1 1 01       1 0 0 02                    R 34e     466663342910 9 711    71.0   69.0
 21 6589.092034 1.093E-27 1.453E-03.06720.081 1915.27870.75-.007607       3 2 2 11       0 2 2 01                    R 38e     466663342910 9 711    79.0   77.0
 21 6589.115570 5.772E-30 4.041E-03.06420.070 3278.12640.73-.008713       4 1 1 11       1 1 1 01                    R 55e     465553342910 9 711   113.0  111.0
 21 6589.123988 1.062E-29 4.304E-03.06530.072 3154.45330.73-.008536       4 1 1 11       1 1 1 01                    R 52f     465553342910 9 711   107.0  105.0
 21 6589.133913 1.628E-28 2.151E-06.07220.097  831.68290.71-.007144       2 0 0 22       0 1 1 01                    Q 20f     536663343010 9 711    41.0   41.0
 21 6589.223711 5.116E-30 9.209E-05.06830.086 2417.44150.74-.006111       5 2 2 01       0 3 3 01                    R 32f     466663342910 9 711    67.0   65.0
 21 6589.278353 1.465E-30 1.561E-04.06810.086 2783.34800.74-.008235       1 1 1 31       0 0 0 11                    Q 33e     536663343010 9 711    67.0   67.0
 21 6589.388234 1.239E-29 5.481E-03.06990.091 3035.52110.73-.006636       4 2 2 11       1 2 2 01                    R 26e     466663342910 9 711    55.0   53.0
 21 6589.392680 1.185E-30 4.220E-08.06380.070 1244.22040.73-.009802       0 3 3 21       0 0 0 01                    Q 56e     565553342910 9 711   113.0  113.0
 21 6589.424463 4.634E-30 9.185E-05.06810.085 2443.31820.74-.006182       5 2 2 01       0 3 3 01                    R 33e     466663342910 9 711    69.0   67.0
 21 6589.502983 1.536E-28 1.619E-03.08200.111 2025.21880.68-.004355       3 3 3 11       0 3 3 01                    R  7e     466663342910 9 711    17.0   15.0
 21 6589.711163 1.202E-30 9.150E-06.07060.094 2167.42810.72-.007754       2 2 2 22       1 1 1 02                    P 24f     466663342910 9 711    47.0   49.0
 21 6589.738125 1.753E-28 2.213E-06.07310.099  801.17310.70-.006960       2 0 0 22       0 1 1 01                    Q 18f     536663343010 9 711    37.0   37.0
 21 6589.800866 8.224E-30 1.933E-03.07620.104 2743.25080.68-.006192       3 4 4 11       0 4 4 01                    P 13f     466663342910 9 711    25.0   27.0
 21 6589.914626 8.890E-28 1.337E-03.06700.080 1945.79590.75-.007680       3 2 2 11       0 2 2 01                    R 39f     466663342910 9 711    81.0   79.0
 21 6589.938252 1.763E-30 1.565E-04.06850.088 2733.05620.74-.008085       1 1 1 31       0 0 0 11                    Q 31e     536663343010 9 711    63.0   63.0
 21 6590.000528 2.811E-29 1.402E-06.08850.120  672.06760.70-.005602       2 0 0 22       0 1 1 01                    P  3e     536663343010 9 711     5.0    7.0
 21 6590.107171 1.119E-29 4.670E-06.06930.090 1602.37630.73-.007995       2 1 1 22       1 0 0 02                    P 28e     466663342910 9 711    55.0   57.0
 21 6590.186238 8.646E-28 1.478E-03.06690.080 1977.09380.75-.007752       3 2 2 11       0 2 2 01                    R 40e     466663342910 9 711    83.0   81.0
 21 6590.244177 1.733E-28 1.686E-03.08080.109 2031.49660.68-.004531       3 3 3 11       0 3 3 01                    R  8f     466663342910 9 711    19.0   17.0
 21 6590.252950 1.505E-30 3.651E-08.06470.071 1157.77410.73-.009683       0 3 3 21       0 0 0 01                    Q 54e     565553342910 9 711   109.0  109.0
 21 6590.266467 3.830E-30 3.974E-03.06320.070 3366.17800.72-.008827       4 1 1 11       1 1 1 01                    R 57e     465553342910 9 711   117.0  115.0
 21 6590.280350 1.831E-28 2.269E-06.07420.101  773.79110.69-.006764       2 0 0 22       0 1 1 01                    Q 16f     536663343010 9 711    33.0   33.0
 21 6590.283009 1.120E-29 5.299E-03.06960.090 3056.66140.73-.006725       4 2 2 11       1 2 2 01                    R 27f     466663342910 9 711    57.0   55.0
 21 6590.371498 1.876E-30 6.854E-07.06990.092 1559.44940.73-.006950       3 2 2 11       1 0 0 02                    P 26e     566663342910 9 711    51.0   53.0
 21 6590.397394 7.262E-30 4.261E-03.06470.071 3238.05060.73-.008655       4 1 1 11       1 1 1 01                    R 54f     465553342910 9 711   111.0  109.0
 21 6590.529755 2.056E-29 1.825E-04.06530.072 2360.38860.74-.008156       4 0 0 11       1 0 0 02                    P 52e     465553342910 9 711   103.0  105.0
 21 6590.557982 2.082E-30 1.569E-04.06900.089 2685.85510.73-.007932       1 1 1 31       0 0 0 11                    Q 29e     536663343010 9 711    59.0   59.0
 21 6590.567330 2.782E-30 2.283E-06.06750.083 1805.25230.74-.006433       5 1 1 01       1 0 0 02                    R 36e     466663342910 9 711    75.0   73.0
 21 6590.618431 4.772E-30 1.047E-04.06790.084 2469.97800.74-.006251       5 2 2 01       0 3 3 01                    R 34f     466663342910 9 711    71.0   69.0
 21 6590.687186 7.870E-30 1.914E-03.07700.105 2733.03190.68-.006122       3 4 4 11       0 4 4 01                    P 12e     466663342910 9 711    23.0   25.0
 21 6590.692690 4.199E-30 1.024E-04.06770.084 2497.42030.74-.006320       5 2 2 01       0 3 3 01                    R 35e     466663342910 9 711    73.0   71.0
 21 6590.760595 1.851E-28 2.321E-06.07550.103  749.53740.68-.006554       2 0 0 22       0 1 1 01                    Q 14f     536663343010 9 711    29.0   29.0
 21 6590.802189 1.068E-29 5.431E-03.06930.089 3078.56770.73-.006812       4 2 2 11       1 2 2 01                    R 28e     466663342910 9 711    59.0   57.0
 21 6590.980706 1.904E-28 1.735E-03.07970.108 2038.55900.68-.004695       3 3 3 11       0 3 3 01                    R  9e     466663342910 9 711    21.0   19.0
 21 6591.013156 7.116E-28 1.388E-03.06680.079 2009.17250.75-.007822       3 2 2 11       0 2 2 01                    R 41f     466563342910 9 711    85.0   83.0
 21 6591.081720 1.871E-30 3.143E-08.06530.072 1074.43060.74-.009562       0 3 3 21       0 0 0 01                    Q 52e     565553342910 9 711   105.0  105.0
 21 6591.137458 2.410E-30 1.573E-04.06960.091 2641.74570.73-.007774       1 1 1 31       0 0 0 11                    Q 27e     536663343010 9 711    55.0   55.0
 21 6591.178861 1.802E-28 2.365E-06.07700.105  728.41230.68-.006324       2 0 0 22       0 1 1 01                    Q 12f     536663343010 9 711    25.0   25.0
 21 6591.262713 6.674E-28 1.493E-03.06660.078 2042.03130.75-.007892       3 2 2 11       0 2 2 01                    R 42e     466563342910 9 711    87.0   85.0
 21 6591.297463 1.351E-30 9.784E-06.07090.095 2148.11590.72-.007692       2 2 2 22       1 1 1 02                    P 23e     466663342910 9 711    45.0   47.0
 21 6591.412591 2.497E-30 3.904E-03.06220.069 3457.33300.72-.008938       4 1 1 11       1 1 1 01                    R 59e     465553342910 9 711   121.0  119.0
 21 6591.535153 1.678E-28 2.403E-06.07870.108  710.41630.68-.006065       2 0 0 22       0 1 1 01                    Q 10f     536663343010 9 711    21.0   21.0
 21 6591.565501 7.406E-30 1.885E-03.07780.107 2723.59890.68-.006048       3 4 4 11       0 4 4 01                    P 11f     466663342910 9 711    21.0   23.0
 21 6591.605845 1.825E-29 4.469E-06.09500.127  668.16120.69-.004560       2 0 0 22       0 1 1 01                    P  1e     536663343010 9 711     1.0    3.0
 21 6591.663903 4.881E-30 4.215E-03.06380.070 3324.76140.72-.008770       4 1 1 11       1 1 1 01                    R 56f     465553342910 9 711   115.0  113.0
 21 6591.676602 2.733E-30 1.576E-04.07020.093 2600.72850.72-.007612       1 1 1 31       0 0 0 11                    Q 25e     536663343010 9 711    51.0   51.0
 21 6591.712227 2.050E-28 1.772E-03.07870.107 2046.40600.68-.004850       3 3 3 11       0 3 3 01                    R 10f     466663342910 9 711    23.0   21.0
 21 6591.730726 1.260E-30 4.152E-04.09050.120 2550.71320.70-.003261       5 0 0 12       2 0 0 03                    R  2e     466663342910 9 711     7.0    5.0
 21 6591.751210 9.460E-30 5.197E-03.06900.088 3101.27410.74-.006898       4 2 2 11       1 2 2 01                    R 29f     466663342910 9 711    61.0   59.0
 21 6591.829476 1.480E-28 2.436E-06.08080.111  695.54960.68-.005768       2 0 0 22       0 1 1 01                    Q  8f     536663343010 9 711    17.0   17.0
 21 6591.831513 1.473E-30 1.026E-05.07130.095 2130.62550.71-.007630       2 2 2 22       1 1 1 02                    P 22f     466663342910 9 711    43.0   45.0
 21 6591.879050 2.273E-30 2.688E-08.06580.074  994.19130.74-.009438       0 3 3 21       0 0 0 01                    Q 50e     566553342910 9 711   101.0  101.0
 21 6591.931283 3.705E-30 1.131E-04.06730.082 2554.65300.75-.006453       5 2 2 01       0 3 3 01                    R 37e     466663342910 9 711    77.0   75.0
 21 6592.002961 4.344E-30 1.183E-04.06750.083 2525.64550.74-.006387       5 2 2 01       0 3 3 01                    R 36f     466663342910 9 711    75.0   73.0
 21 6592.061831 1.210E-28 2.460E-06.08340.114  683.81240.68-.005413       2 0 0 22       0 1 1 01                    Q  6f     536663343010 9 711    13.0   13.0
 21 6592.066355 2.478E-30 2.567E-06.06720.081 1863.75860.75-.006565       5 1 1 01       1 0 0 02                    R 38e     466663342910 9 711    79.0   77.0
 21 6592.090398 1.620E-29 5.922E-06.06990.092 1559.44940.73-.007875       2 1 1 22       1 0 0 02                    P 26e     566663342910 9 711    51.0   53.0
 21 6592.103716 5.525E-28 1.423E-03.06650.077 2075.67110.74-.007960       3 2 2 11       0 2 2 01                    R 43f     466563342910 9 711    89.0   87.0
 21 6592.175340 3.034E-30 1.579E-04.07090.095 2562.80430.72-.007445       1 1 1 31       0 0 0 11                    Q 23e     536663343010 9 711    47.0   47.0
 21 6592.204331 9.006E-30 5.371E-03.06880.088 3124.74100.74-.006982       4 2 2 11       1 2 2 01                    R 30e     466663342910 9 711    63.0   61.0
 21 6592.232223 8.803E-29 2.479E-06.08660.118  675.20500.69-.004976       2 0 0 22       0 1 1 01                    Q  4f     536663343010 9 711     9.0    9.0
 21 6592.246458 1.447E-30 4.730E-07.07060.094 1519.64110.72-.006848       3 2 2 11       1 0 0 02                    P 24e     366663242910 9 711    47.0   49.0
 21 6592.319735 5.040E-28 1.501E-03.06640.077 2110.09010.74-.008028       3 2 2 11       0 2 2 01                    R 44e     466563342910 9 711    91.0   89.0
 21 6592.340653 5.046E-29 2.491E-06.09050.123  669.72740.69-.004421       2 0 0 22       0 1 1 01                    Q  2f     536663343010 9 711     5.0    5.0
 21 6592.359960 3.000E-29 1.877E-04.06580.074 2280.12000.74-.008065       4 0 0 11       1 0 0 02                    P 50e     466553342910 9 711    99.0  101.0
 21 6592.435730 6.826E-30 1.842E-03.07870.108 2714.95190.68-.005968       3 4 4 11       0 4 4 01                    P 10e     466663342910 9 711    19.0   21.0
 21 6592.439418 2.170E-28 1.800E-03.07780.105 2055.03760.68-.004996       3 3 3 11       0 3 3 01                    R 11e     466663342910 9 711    25.0   23.0
 21 6592.555494 1.600E-30 3.830E-03.06120.068 3551.59000.71-.009046       4 1 1 11       1 1 1 01                    R 61e     465553342910 9 711   125.0  123.0
 21 6592.633606 3.293E-30 1.582E-04.07170.096 2527.97370.71-.007272       1 1 1 31       0 0 0 11                    Q 21e     536663343010 9 711    43.0   43.0
 21 6592.644997 2.699E-30 2.285E-08.06600.075  917.05730.74-.009312       0 3 3 21       0 0 0 01                    Q 48e     566563342910 9 711    97.0   97.0
 21 6592.923904 3.226E-30 4.168E-03.06270.069 3414.58430.72-.008883       4 1 1 11       1 1 1 01                    R 58f     465553342910 9 711   119.0  117.0
 21 6593.051336 3.491E-30 1.585E-04.07260.098 2496.23730.70-.007091       1 1 1 31       0 0 0 11                    Q 19e     536663343010 9 711    39.0   39.0
 21 6593.138865 3.186E-30 1.241E-04.06700.080 2615.01510.75-.006583       5 2 2 01       0 3 3 01                    R 39e     466663342910 9 711    81.0   79.0
 21 6593.161178 2.266E-28 1.822E-03.07700.104 2064.45370.68-.005134       3 3 3 11       0 3 3 01                    R 12f     466663342910 9 711    27.0   25.0
 21 6593.183914 4.180E-28 1.446E-03.06630.076 2145.29050.74-.008095       3 2 2 11       0 2 2 01                    R 45f     466563342910 9 711    93.0   91.0
 21 6593.221591 7.807E-30 5.079E-03.06850.087 3149.01380.74-.007065       4 2 2 11       1 2 2 01                    R 31f     466663342910 9 711    65.0   63.0
 21 6593.235319 2.041E-30 4.398E-04.08660.116 2556.18860.69-.003737       5 0 0 12       2 0 0 03                    R  4e     466663342910 9 711    11.0    9.0
 21 6593.297796 6.123E-30 1.778E-03.07970.109 2707.09080.68-.005881       3 4 4 11       0 4 4 01                    P  9f     466663342910 9 711    17.0   19.0
 21 6593.308882 1.623E-30 1.088E-05.07170.096 2112.96250.71-.007567       2 2 2 22       1 1 1 02                    P 21e     466663342910 9 711    41.0   43.0
 21 6593.356127 3.729E-28 1.504E-03.06620.075 2181.26900.74-.008160       3 2 2 11       0 2 2 01                    R 46e     466563342910 9 711    95.0   93.0
 21 6593.377261 3.863E-30 1.330E-04.06720.081 2584.44300.75-.006518       5 2 2 01       0 3 3 01                    R 38f     466663342910 9 711    79.0   77.0
 21 6593.379614 3.130E-30 1.929E-08.06620.076  843.03010.74-.009183       0 3 3 21       0 0 0 01                    Q 46e     566563342910 9 711    93.0   93.0
 21 6593.428475 3.605E-30 1.587E-04.07370.100 2467.59560.70-.006900       1 1 1 31       0 0 0 11                    Q 17e     536663343010 9 711    35.0   35.0
 21 6593.566523 2.155E-30 2.868E-06.06690.080 1925.37750.75-.006693       5 1 1 01       1 0 0 02                    R 40e     466663342910 9 711    83.0   81.0
 21 6593.594507 7.445E-30 5.307E-03.06830.086 3174.04040.74-.007146       4 2 2 11       1 2 2 01                    R 32e     466663342910 9 711    67.0   65.0
 21 6593.764973 3.620E-30 1.589E-04.07480.102 2442.04910.69-.006697       1 1 1 31       0 0 0 11                    Q 15e     536663343010 9 711    31.0   31.0
 21 6593.879424 2.336E-28 1.838E-03.07620.103 2074.65430.68-.005266       3 3 3 11       0 3 3 01                    R 13e     466663342910 9 711    29.0   27.0
 21 6593.903029 1.744E-30 1.137E-05.07220.097 2096.95250.71-.007503       2 2 2 22       1 1 1 02                    P 20f     466663342910 9 711    39.0   41.0
 21 6593.906899 1.249E-29 6.121E-07.09500.123  668.16120.69-.003607       2 0 0 22       0 1 1 01                    R  1e     536663343010 9 711     5.0    3.0
 21 6594.060785 3.520E-30 1.591E-04.07620.104 2419.59810.68-.006476       1 1 1 31       0 0 0 11                    Q 13e     536663343010 9 711    27.0   27.0
 21 6594.082952 3.542E-30 1.616E-08.06640.077  772.11070.74-.009052       0 3 3 21       0 0 0 01                    Q 44e     566563342910 9 711    89.0   89.0
 21 6594.110693 2.237E-29 7.316E-06.07060.094 1519.64110.72-.007754       2 1 1 22       1 0 0 02                    P 24e     566663342910 9 711    47.0   49.0
 21 6594.151626 5.285E-30 1.681E-03.08080.111 2700.01580.68-.005785       3 4 4 11       0 4 4 01                    P  8e     466663342910 9 711    15.0   17.0
 21 6594.177781 2.096E-30 4.117E-03.06170.069 3507.51810.71-.008992       4 1 1 11       1 1 1 01                    R 60f     465553342910 9 711   123.0  121.0
 21 6594.188640 4.300E-29 1.927E-04.06600.075 2202.95620.74-.007973       4 0 0 11       1 0 0 02                    P 48e     466563342910 9 711    95.0   97.0
 21 6594.252344 3.091E-28 1.460E-03.06620.075 2218.02950.74-.008225       3 2 2 11       0 2 2 01                    R 47f     466563342910 9 711    97.0   95.0
 21 6594.314200 2.671E-30 1.350E-04.06680.079 2678.50580.75-.006708       5 2 2 01       0 3 3 01                    R 41e     466563342910 9 711    85.0   83.0
 21 6594.315871 3.298E-30 1.593E-04.07780.107 2400.24310.68-.006232       1 1 1 31       0 0 0 11                    Q 11e     536663343010 9 711    23.0   23.0
 21 6594.371056 2.705E-28 1.503E-03.06600.074 2255.56680.74-.008289       3 2 2 11       0 2 2 01                    R 48e     466563342910 9 711    99.0   97.0
 21 6594.530198 2.950E-30 1.594E-04.07970.109 2383.98440.68-.005954       1 1 1 31       0 0 0 11                    Q  9e     536663343010 9 711    19.0   19.0
 21 6594.591169 2.387E-28 1.854E-03.07550.102 2085.63930.69-.005392       3 3 3 11       0 3 3 01                    R 14f     466663342910 9 711    31.0   29.0
 21 6594.696283 6.300E-30 4.946E-03.06810.085 3199.87980.74-.007226       4 2 2 11       1 2 2 01                    R 33f     466663342910 9 711    69.0   67.0
 21 6594.703737 2.485E-30 1.595E-04.08200.112 2370.82230.68-.005629       1 1 1 31       0 0 0 11                    Q  7e     536663343010 9 711    15.0   15.0
 21 6594.713392 2.733E-30 4.505E-04.08340.112 2564.79280.68-.004165       5 0 0 12       2 0 0 03                    R  6e     466663342910 9 711    15.0   13.0
 21 6594.741280 3.358E-30 1.487E-04.06690.080 2646.36960.75-.006646       5 2 2 01       0 3 3 01                    R 40f     466663342910 9 711    83.0   81.0
 21 6594.755059 3.908E-30 1.343E-08.06660.079  704.30050.75-.008918       0 3 3 21       0 0 0 01                    Q 42e     566563342910 9 711    85.0   85.0
 21 6594.836465 1.914E-30 1.596E-04.08490.116 2360.75690.69-.005235       1 1 1 31       0 0 0 11                    Q  5e     536663343010 9 711    11.0   11.0
 21 6594.928365 1.261E-30 1.597E-04.08850.120 2353.78850.70-.004742       1 1 1 31       0 0 0 11                    Q  3e     536663343010 9 711     7.0    7.0
 21 6594.972567 6.034E-30 5.239E-03.06790.084 3226.46480.74-.007305       4 2 2 11       1 2 2 01                    R 34e     466663342910 9 711    71.0   69.0
 21 6594.997155 4.297E-30 1.530E-03.08200.112 2693.72670.68-.005678       3 4 4 11       0 4 4 01                    P  7f     466663342910 9 711    13.0   15.0
 21 6595.068686 1.833E-30 3.189E-06.06660.078 1990.10800.75-.006817       5 1 1 01       1 0 0 02                    R 42e     466563342910 9 711    87.0   85.0
 21 6595.278840 1.885E-30 1.199E-05.07260.098 2080.93170.70-.007438       2 2 2 22       1 1 1 02                    P 19e     466663342910 9 711    37.0   39.0
 21 6595.301228 2.409E-28 1.862E-03.07480.101 2097.40880.69-.005513       3 3 3 11       0 3 3 01                    R 15e     466663342910 9 711    33.0   31.0
 21 6595.308248 2.237E-28 1.468E-03.06590.074 2293.88690.74-.008352       3 2 2 11       0 2 2 01                    R 49f     466563342910 9 711   101.0   99.0
 21 6595.363915 1.926E-28 1.499E-03.06580.073 2332.98210.74-.008414       3 2 2 11       0 2 2 01                    R 50e     466553342910 9 711   103.0  101.0
 21 6595.369614 6.337E-29 1.759E-06.08850.118  672.06760.69-.004102       2 0 0 22       0 1 1 01                    R  3e     566663342910 9 711     9.0    7.0
 21 6595.395980 4.201E-30 1.107E-08.06690.080  639.60040.75-.008781       0 3 3 21       0 0 0 01                    Q 40e     566663342910 9 711    81.0   81.0
 21 6595.425909 1.340E-30 4.068E-03.06080.068 3603.56140.71-.009099       4 1 1 11       1 1 1 01                    R 62f     465553342910 9 711   127.0  125.0
 21 6595.456214 2.185E-30 1.459E-04.06650.077 2745.12380.74-.006829       5 2 2 01       0 3 3 01                    R 43e     466563342910 9 711    89.0   87.0
 21 6595.720759 1.114E-30 8.709E-06.07370.099 2123.30070.70-.004827       6 0 0 01       0 3 3 01                    R 17e     466663342910 9 711    37.0   35.0
 21 6595.834322 3.131E-30 1.283E-03.08340.114 2688.22380.68-.005557       3 4 4 11       0 4 4 01                    P  6e     466663342910 9 711    11.0   13.0
 21 6595.925620 1.994E-30 1.250E-05.07310.099 2066.41000.70-.007372       2 2 2 22       1 1 1 02                    P 18f     466663342910 9 711    35.0   37.0
 21 6596.002371 2.419E-28 1.874E-03.07420.100 2109.96260.70-.005630       3 3 3 11       0 3 3 01                    R 16f     466663342910 9 711    35.0   33.0
 21 6596.005757 4.393E-30 9.026E-09.06720.082  578.01160.75-.008641       0 3 3 21       0 0 0 01                    Q 38e     566663342910 9 711    77.0   77.0
 21 6596.014688 6.052E-29 1.977E-04.06620.076 2128.89870.74-.007879       4 0 0 11       1 0 0 02                    P 46e     566563342910 9 711    91.0   93.0
 21 6596.094952 2.856E-30 1.656E-04.06660.078 2711.42410.75-.006769       5 2 2 01       0 3 3 01                    R 42f     466563342910 9 711    87.0   85.0
 21 6596.140614 2.943E-29 8.808E-06.07130.095 1482.95210.71-.007630       2 1 1 22       1 0 0 02                    P 22e     566663342910 9 711    43.0   45.0
 21 6596.165061 3.308E-30 4.559E-04.08080.109 2576.52550.68-.004531       5 0 0 12       2 0 0 03                    R  8e     466663342910 9 711    19.0   17.0
 21 6596.177672 4.970E-30 4.797E-03.06770.084 3253.87130.74-.007382       4 2 2 11       1 2 2 01                    R 35f     466663342910 9 711    73.0   71.0
 21 6596.334256 1.346E-28 1.492E-03.06530.072 2413.51370.73-.008536       3 2 2 11       0 2 2 01                    R 52e     465553342910 9 711   107.0  105.0
 21 6596.338374 4.797E-30 5.168E-03.06750.083 3282.01350.74-.007458       4 2 2 11       1 2 2 01                    R 36e     466663342910 9 711    75.0   73.0
 21 6596.351304 1.587E-28 1.471E-03.06560.072 2372.86140.74-.008476       3 2 2 11       0 2 2 01                    R 51f     465553342910 9 711   105.0  103.0
 21 6596.386444 1.474E-30 6.177E-05.06170.069 2712.47950.72-.009979       2 1 1 22       1 0 0 02                    Q 60e     435553343010 9 711   121.0  121.0
 21 6596.564022 1.745E-30 1.565E-04.06630.076 2814.86810.74-.006947       5 2 2 01       0 3 3 01                    R 45e     466563342910 9 711    93.0   91.0
 21 6596.573787 1.526E-30 3.531E-06.06640.077 2057.94880.74-.006937       5 1 1 01       1 0 0 02                    R 44e     466563342910 9 711    91.0   89.0
 21 6596.584431 4.464E-30 7.282E-09.06750.084  519.53500.74-.008499       0 3 3 21       0 0 0 01                    Q 36e     566663342910 9 711    73.0   73.0
 21 6596.663075 1.735E-30 8.492E-04.08490.116 2683.50690.69-.005417       3 4 4 11       0 4 4 01                    P  5f     466663342910 9 711     9.0   11.0
 21 6596.705676 2.394E-28 1.872E-03.07370.099 2123.30070.70-.005743       3 3 3 11       0 3 3 01                    R 17e     466663342910 9 711    37.0   35.0
 21 6596.775239 1.180E-28 2.348E-06.08490.114  679.09900.68-.004614       2 0 0 22       0 1 1 01                    R  5e     566663342910 9 711    13.0   11.0
 21 6597.132039 4.401E-30 5.804E-09.06790.085  464.17170.74-.008353       0 3 3 21       0 0 0 01                    Q 34e     566663342910 9 711    69.0   69.0
 21 6597.204041 2.422E-30 1.968E-05.07260.097 2152.32960.71-.005018       6 0 0 01       0 3 3 01                    R 19e     466663342910 9 711    41.0   39.0
 21 6597.207278 2.111E-30 1.309E-05.07370.100 2052.02410.70-.007303       2 2 2 22       1 1 1 02                    P 17e     466663342910 9 711    33.0   35.0
 21 6597.281750 9.236E-29 1.482E-03.06470.071 2497.16010.73-.008655       3 2 2 11       0 2 2 01                    R 54e     465553342910 9 711   111.0  109.0
 21 6597.381498 1.105E-28 1.471E-03.06500.071 2454.95170.73-.008596       3 2 2 11       0 2 2 01                    R 53f     465553342910 9 711   109.0  107.0
 21 6597.394982 2.372E-28 1.885E-03.07310.098 2137.42310.70-.005853       3 3 3 11       0 3 3 01                    R 18f     466663342910 9 711    39.0   37.0
 21 6597.438193 2.378E-30 1.837E-04.06640.077 2779.60550.74-.006889       5 2 2 01       0 3 3 01                    R 44f     466563342910 9 711    91.0   89.0
 21 6597.590484 3.745E-30 4.585E-04.07870.107 2591.38640.68-.004850       5 0 0 12       2 0 0 03                    R 10e     466663342910 9 711    23.0   21.0
 21 6597.624904 2.338E-30 6.461E-05.06270.070 2619.80750.72-.009865       2 1 1 22       1 0 0 02                    Q 58e     465553342910 9 711   117.0  117.0
 21 6597.636940 1.361E-30 1.668E-04.06620.075 2887.73740.74-.007062       5 2 2 01       0 3 3 01                    R 47e     466563342910 9 711    97.0   95.0
 21 6597.648615 4.201E-30 4.563E-09.06830.087  411.92250.74-.008204       0 3 3 21       0 0 0 01                    Q 32e     566663342910 9 711    65.0   65.0
 21 6597.668403 3.833E-30 4.632E-03.06730.082 3310.98740.75-.007533       4 2 2 11       1 2 2 01                    R 37f     466663342910 9 711    77.0   75.0
 21 6597.691793 3.743E-30 5.093E-03.06720.081 3340.68530.75-.007607       4 2 2 11       1 2 2 01                    R 38e     466663342910 9 711    79.0   77.0
 21 6597.837035 8.363E-29 2.025E-04.06640.077 2057.94880.74-.007785       4 0 0 11       1 0 0 02                    P 44e     566563342910 9 711    87.0   89.0
 21 6597.899196 2.194E-30 1.360E-05.07420.101 2038.99840.69-.007233       2 2 2 22       1 1 1 02                    P 16f     466663342910 9 711    31.0   33.0
 21 6598.082867 1.243E-30 3.892E-06.06620.075 2128.89870.74-.007054       5 1 1 01       1 0 0 02                    R 46e     466563342910 9 711    95.0   93.0
 21 6598.094251 2.300E-28 1.870E-03.07260.097 2152.32960.71-.005959       3 3 3 11       0 3 3 01                    R 19e     466663342910 9 711    41.0   39.0
 21 6598.123747 1.798E-28 2.875E-06.08200.111  689.25530.68-.005052       2 0 0 22       0 1 1 01                    R  7e     566663342910 9 711    17.0   15.0
 21 6598.134193 3.876E-30 3.534E-09.06880.088  362.78830.74-.008052       0 3 3 21       0 0 0 01                    Q 30e     566663342910 9 711    61.0   61.0
 21 6598.157380 3.709E-29 1.040E-05.07220.097 1449.38310.71-.007503       2 1 1 22       1 0 0 02                    P 20e     566663342910 9 711    39.0   41.0
 21 6598.206158 6.227E-29 1.471E-03.06380.070 2583.91980.72-.008770       3 2 2 11       0 2 2 01                    R 56e     465553342910 9 711   115.0  113.0
 21 6598.399047 7.549E-29 1.467E-03.06420.070 2540.15640.73-.008713       3 2 2 11       0 2 2 01                    R 55f     465553342910 9 711   113.0  111.0
 21 6598.588802 3.446E-30 2.689E-09.06930.090  316.76990.73-.007895       0 3 3 21       0 0 0 01                    Q 28e     566663342910 9 711    57.0   57.0
 21 6598.678577 5.024E-30 4.352E-05.07170.095 2184.49500.71-.005200       6 0 0 01       0 3 3 01                    R 21e     466663342910 9 711    45.0   43.0
 21 6598.769235 2.260E-28 1.891E-03.07220.096 2168.02030.71-.006063       3 3 3 11       0 3 3 01                    R 20f     466663342910 9 711    43.0   41.0
 21 6598.770902 1.939E-30 2.030E-04.06620.075 2850.91250.74-.007005       5 2 2 01       0 3 3 01                    R 46f     466563342910 9 711    95.0   93.0
 21 6598.822373 3.497E-30 6.476E-05.06380.070 2530.23390.73-.009750       2 1 1 22       1 0 0 02                    Q 56e     565553342910 9 711   113.0  113.0
 21 6598.989869 4.036E-30 4.596E-04.07700.104 2609.37520.68-.005134       5 0 0 12       2 0 0 03                    R 12e     466663342910 9 711    27.0   25.0
 21 6599.012470 2.944E-30 2.006E-09.06990.092  273.86800.73-.007735       0 3 3 21       0 0 0 01                    Q 26e     566663342910 9 711    53.0   53.0
 21 6599.032704 2.866E-30 5.015E-03.06690.080 3402.47930.75-.007752       4 2 2 11       1 2 2 01                    R 40e     466663342910 9 711    83.0   81.0
 21 6599.094134 2.272E-30 1.415E-05.07480.102 2026.24040.69-.007160       2 2 2 22       1 1 1 02                    P 15e     466663342910 9 711    29.0   31.0
 21 6599.107324 4.125E-29 1.458E-03.06270.069 2673.79130.72-.008883       3 2 2 11       0 2 2 01                    R 58e     465553342910 9 711   119.0  117.0
 21 6599.171383 2.890E-30 4.451E-03.06700.080 3371.22730.75-.007680       4 2 2 11       1 2 2 01                    R 39f     466663342910 9 711    81.0   79.0
 21 6599.388204 1.416E-30 1.000E-04.08490.114 2360.75690.68-.004643       1 1 1 31       0 0 0 11                    R  5e     536663343010 9 711    13.0   11.0
 21 6599.404350 5.064E-29 1.460E-03.06320.070 2628.47400.72-.008827       3 2 2 11       0 2 2 01                    R 57f     465553342910 9 711   117.0  115.0
 21 6599.405224 2.406E-30 1.461E-09.07060.094  234.08340.72-.007569       0 3 3 21       0 0 0 01                    Q 24e     566663342910 9 711    49.0   49.0
 21 6599.408289 1.328E-30 4.100E-07.07310.098 1469.06550.70-.005815       4 0 0 11       0 2 2 01                    R 18e     566663342910 9 711    39.0   37.0
 21 6599.415106 2.454E-28 3.390E-06.07970.108  702.53630.68-.005429       2 0 0 22       0 1 1 01                    R  9e     566663342910 9 711    21.0   19.0
 21 6599.469647 2.135E-28 1.850E-03.07170.095 2184.49500.71-.006164       3 3 3 11       0 3 3 01                    R 21e     466663342910 9 711    45.0   43.0
 21 6599.539292 1.088E-30 2.308E-04.07420.101 2778.62240.69-.005946       3 4 4 11       0 4 4 01                    Q 16e     466663342910 9 711    33.0   33.0
 21 6599.654658 1.134E-28 2.071E-04.06660.079 1990.10800.75-.007690       4 0 0 11       1 0 0 02                    P 42e     566563342910 9 711    83.0   85.0
 21 6599.671042 1.245E-30 2.645E-04.07480.102 2766.04610.69-.005855       3 4 4 11       0 4 4 01                    Q 15f     466663342910 9 711    31.0   31.0
 21 6599.723645 1.072E-30 5.965E-05.06640.077 2707.40490.74-.009004       2 2 2 22       1 1 1 02                    Q 44f     466563342910 9 711    89.0   89.0
 21 6599.767086 1.872E-30 1.036E-09.07130.095  197.41660.71-.007398       0 3 3 21       0 0 0 01                    Q 22e     566663342910 9 711    45.0   45.0
 21 6599.795100 1.423E-30 3.052E-04.07550.103 2754.25560.68-.005761       3 4 4 11       0 4 4 01                    Q 14e     466663342910 9 711    29.0   29.0
 21 6599.823679 2.311E-30 1.462E-05.07550.103 2014.71830.68-.007085       2 2 2 22       1 1 1 02                    P 14f     466663342910 9 711    27.0   29.0
 21 6599.911363 1.628E-30 3.555E-04.07620.104 2743.25080.68-.005663       3 4 4 11       0 4 4 01                    Q 13f     466663342910 9 711    27.0   27.0
 21 6599.978353 5.141E-30 6.485E-05.06470.071 2443.76040.73-.009631       2 1 1 22       1 0 0 02                    Q 54e     565553342910 9 711   109.0  109.0
 21 6599.985160 2.686E-29 1.443E-03.06170.069 2766.77310.71-.008992       3 2 2 11       0 2 2 01                    R 60e     465553342910 9 711   123.0  121.0
 21 6600.019750 1.865E-30 4.185E-04.07700.105 2733.03190.68-.005559       3 4 4 11       0 4 4 01                    Q 12e     466663342910 9 711    25.0   25.0
 21 6600.092959 1.549E-30 2.235E-04.06600.074 2925.34400.74-.007118       5 2 2 01       0 3 3 01                    R 48f     466563342910 9 711    99.0   97.0
 21 6600.098080 1.378E-30 7.112E-10.07220.097  163.86840.71-.007221       0 3 3 21       0 0 0 01                    Q 20e     566663342910 9 711    41.0   41.0
 21 6600.120173 2.140E-30 4.986E-04.07780.107 2723.59890.68-.005449       3 4 4 11       0 4 4 01                    Q 11f     466663342910 9 711    23.0   23.0
 21 6600.125397 2.098E-28 1.893E-03.07130.095 2201.75370.72-.006262       3 3 3 11       0 3 3 01                    R 22f     466663342910 9 711    47.0   45.0
 21 6600.140851 1.007E-29 9.514E-05.07090.094 2219.79630.72-.005373       6 0 0 01       0 3 3 01                    R 23e     466663342910 9 711    49.0   47.0
 21 6600.146377 4.494E-29 1.212E-05.07310.099 1418.93480.70-.007372       2 1 1 22       1 0 0 02                    P 18e     566663342910 9 711    35.0   37.0
 21 6600.212550 2.463E-30 6.027E-04.07870.108 2714.95190.68-.005332       3 4 4 11       0 4 4 01                    Q 10e     466663342910 9 711    21.0   21.0
 21 6600.296804 2.850E-30 7.419E-04.07970.109 2707.09080.68-.005206       3 4 4 11       0 4 4 01                    Q  9f     466663342910 9 711    19.0   19.0
 21 6600.360992 2.155E-30 4.934E-03.06660.078 3467.39430.75-.007892       4 2 2 11       1 2 2 01                    R 42e     466563342910 9 711    87.0   85.0
 21 6600.363470 4.179E-30 4.595E-04.07550.102 2630.49150.69-.005392       5 0 0 12       2 0 0 03                    R 14e     466663342910 9 711    31.0   29.0
 21 6600.372859 3.319E-30 9.330E-04.08080.111 2700.01580.68-.005070       3 4 4 11       0 4 4 01                    Q  8e     466663342910 9 711    17.0   17.0
 21 6600.397958 3.338E-29 1.452E-03.06220.069 2719.90300.72-.008938       3 2 2 11       0 2 2 01                    R 59f     465553342910 9 711   121.0  119.0
 21 6600.440649 3.903E-30 1.206E-03.08200.112 2693.72670.68-.004922       3 4 4 11       0 4 4 01                    Q  7f     466663342910 9 711    15.0   15.0
 21 6600.500109 4.655E-30 1.616E-03.08340.114 2688.22380.68-.004758       3 4 4 11       0 4 4 01                    Q  6e     466663342910 9 711    13.0   13.0
 21 6600.551185 5.666E-30 2.272E-03.08490.116 2683.50690.69-.004577       3 4 4 11       0 4 4 01                    Q  5f     466663342910 9 711    11.0   11.0
 21 6600.593826 7.112E-30 3.419E-03.08660.118 2679.57620.69-.004375       3 4 4 11       0 4 4 01                    Q  4e     466663342910 9 711     9.0    9.0
 21 6600.649286 3.112E-28 3.912E-06.07780.105  718.94190.68-.005760       2 0 0 22       0 1 1 01                    R 11e     566663342910 9 711    25.0   23.0
 21 6600.689769 2.129E-30 4.254E-03.06680.079 3434.59000.75-.007822       4 2 2 11       1 2 2 01                    R 41f     466563342910 9 711    85.0   83.0
 21 6600.723853 1.889E-30 6.139E-07.07220.096 1499.60730.71-.006024       4 0 0 11       0 2 2 01                    R 20e     566663342910 9 711    43.0   41.0
 21 6600.760199 1.818E-30 1.032E-04.08200.111 2370.82230.68-.005083       1 1 1 31       0 0 0 11                    R  7e     536663343010 9 711    17.0   15.0
 21 6600.790269 1.433E-30 6.000E-05.06660.079 2639.35360.75-.008871       2 2 2 22       1 1 1 02                    Q 42f     466563342910 9 711    85.0   85.0
 21 6600.836952 1.903E-28 1.798E-03.07090.094 2219.79630.72-.006359       3 3 3 11       0 3 3 01                    R 23e     466663342910 9 711    49.0   47.0
 21 6600.839651 1.719E-29 1.428E-03.06080.068 2862.86350.71-.009099       3 2 2 11       0 2 2 01                    R 62e     465553342910 9 711   127.0  125.0
 21 6600.939353 2.334E-30 1.511E-05.07620.104 2003.58080.68-.007005       2 2 2 22       1 1 1 02                    P 13e     466663342910 9 711    25.0   27.0
 21 6601.092288 7.424E-30 6.485E-05.06530.072 2360.38860.74-.009511       2 1 1 22       1 0 0 02                    Q 52e     565553342910 9 711   105.0  105.0
 21 6601.380563 2.161E-29 1.441E-03.06120.068 2814.44200.71-.009046       3 2 2 11       0 2 2 01                    R 61f     465553342910 9 711   125.0  123.0
 21 6601.404221 1.214E-30 2.456E-04.06580.073 3002.89860.74-.007227       5 2 2 01       0 3 3 01                    R 50f     366553342910 9 711   103.0  101.0
 21 6601.463770 1.901E-28 1.892E-03.07060.093 2238.62270.72-.006453       3 3 3 11       0 3 3 01                    R 24f     466663342910 9 711    51.0   49.0
 21 6601.466574 1.511E-28 2.118E-04.06690.080 1925.37750.75-.007595       4 0 0 11       1 0 0 02                    P 40e     566663342910 9 711    79.0   81.0
 21 6601.583040 1.937E-29 2.040E-04.07020.092 2258.23290.73-.005538       6 0 0 01       0 3 3 01                    R 25e     466663342910 9 711    53.0   51.0
 21 6601.670849 1.081E-29 1.410E-03.06010.067 2962.06080.70-.009203       3 2 2 11       0 2 2 01                    R 64e     465553342910 9 711   131.0  129.0
 21 6601.676559 1.592E-30 4.852E-03.06640.077 3535.42920.74-.008028       4 2 2 11       1 2 2 01                    R 44e     466563342910 9 711    91.0   89.0
 21 6601.698996 2.313E-30 1.551E-05.07700.105 1993.57010.68-.006921       2 2 2 22       1 1 1 02                    P 12f     466663342910 9 711    23.0   25.0
 21 6601.711591 4.183E-30 4.585E-04.07420.100 2654.73490.70-.005630       5 0 0 12       2 0 0 03                    R 16e     466663342910 9 711    35.0   33.0
 21 6601.808664 1.881E-30 6.029E-05.06690.080 2574.42230.75-.008735       2 2 2 22       1 1 1 02                    Q 40f     466663342910 9 711    81.0   81.0
 21 6601.826256 3.730E-28 4.447E-06.07620.103  738.47170.68-.006058       2 0 0 22       0 1 1 01                    R 13e     566663342910 9 711    29.0   27.0
 21 6602.016073 2.526E-30 8.849E-07.07130.095 1533.27970.72-.006223       4 0 0 11       0 2 2 01                    R 22e     566663342910 9 711    47.0   45.0
 21 6602.027933 1.267E-30 6.054E-05.06650.078 2671.22530.75-.008938       2 2 2 22       1 1 1 02                    Q 43e     466563342910 9 711    87.0   87.0
 21 6602.085078 2.182E-30 1.069E-04.07970.108 2383.98440.68-.005462       1 1 1 31       0 0 0 11                    R  9e     536663343010 9 711    21.0   19.0
 21 6602.098959 5.237E-29 1.397E-05.07420.101 1391.60780.69-.007233       2 1 1 22       1 0 0 02                    P 16e     566663342910 9 711    31.0   33.0
 21 6602.163512 1.053E-29 6.475E-05.06580.074 2280.12000.74-.009388       2 1 1 22       1 0 0 02                    Q 50e     566553342910 9 711   101.0  101.0
 21 6602.205670 1.601E-28 1.687E-03.07020.092 2258.23290.73-.006545       3 3 3 11       0 3 3 01                    R 25e     466663342910 9 711    53.0   51.0
 21 6602.226940 1.533E-30 4.043E-03.06650.077 3501.07460.74-.007960       4 2 2 11       1 2 2 01                    R 43f     466563342910 9 711    89.0   87.0
 21 6602.352992 1.375E-29 1.429E-03.06040.068 2912.08930.71-.009151       3 2 2 11       0 2 2 01                    R 63f     465553342910 9 711   129.0  127.0
 21 6602.478880 6.688E-30 1.392E-03.05950.067 3064.36320.70-.009305       3 2 2 11       0 2 2 01                    R 66e     465553342910 9 711   135.0  133.0
 21 6602.742883 2.264E-30 1.588E-05.07780.107 1984.04590.68-.006831       2 2 2 22       1 1 1 02                    P 11e     466663342910 9 711    21.0   23.0
 21 6602.778726 2.426E-30 6.059E-05.06720.082 2512.61220.75-.008596       2 2 2 22       1 1 1 02                    Q 38f     466663342910 9 711    77.0   77.0
 21 6602.784695 1.682E-28 1.886E-03.06990.091 2278.62670.73-.006636       3 3 3 11       0 3 3 01                    R 26f     466663342910 9 711    55.0   53.0
 21 6602.913311 1.675E-30 6.078E-05.06680.080 2604.89030.75-.008803       2 2 2 22       1 1 1 02                    Q 41e     466563342910 9 711    83.0   83.0
 21 6602.945984 4.270E-28 4.996E-06.07480.101  761.12550.69-.006331       2 0 0 22       0 1 1 01                    R 15e     566663342910 9 711    33.0   31.0
 21 6602.979316 1.154E-30 4.763E-03.06620.075 3606.58270.74-.008160       4 2 2 11       1 2 2 01                    R 46e     466563342910 9 711    95.0   93.0
 21 6602.991663 3.420E-29 4.102E-04.06960.090 2299.80410.73-.005696       6 0 0 01       0 3 3 01                    R 27e     466663342910 9 711    57.0   55.0
 21 6603.034582 4.064E-30 4.568E-04.07310.098 2682.10480.70-.005853       5 0 0 12       2 0 0 03                    R 18e     466663342910 9 711    39.0   37.0
 21 6603.191198 1.465E-29 6.449E-05.06600.075 2202.95620.74-.009263       2 1 1 22       1 0 0 02                    Q 48e     566563342910 9 711    97.0   97.0
 21 6603.263944 4.067E-30 1.373E-03.05910.066 3169.76890.69-.009404       3 2 2 11       0 2 2 01                    R 68e     465553342910 9 711   139.0  137.0
 21 6603.271852 1.974E-28 2.161E-04.06720.082 1863.75860.75-.007498       4 0 0 11       1 0 0 02                    P 38e     566663342910 9 711    75.0   77.0
 21 6603.285305 3.200E-30 1.236E-06.07060.093 1570.08200.72-.006412       4 0 0 11       0 2 2 01                    R 24e     566663342910 9 711    51.0   49.0
 21 6603.316213 8.597E-30 1.414E-03.05980.067 3012.84320.70-.009254       3 2 2 11       0 2 2 01                    R 65f     465553342910 9 711   133.0  131.0
 21 6603.362836 2.493E-30 1.111E-04.07780.105 2400.24310.68-.005794       1 1 1 31       0 0 0 11                    R 11e     536663343010 9 711    25.0   23.0
 21 6603.525079 2.167E-30 1.613E-05.07870.108 1975.55420.68-.006734       2 2 2 22       1 1 1 02                    P 10f     466663342910 9 711    19.0   21.0
 21 6603.591040 1.230E-28 1.475E-03.06960.090 2299.80410.73-.006725       3 3 3 11       0 3 3 01                    R 27e     466663342910 9 711    57.0   55.0
 21 6603.700357 3.072E-30 6.086E-05.06750.084 2453.92450.74-.008454       2 2 2 22       1 1 1 02                    Q 36f     466663342910 9 711    73.0   73.0
 21 6603.757622 2.174E-30 6.097E-05.06700.081 2541.66900.75-.008665       2 2 2 22       1 1 1 02                    Q 39e     466663342910 9 711    79.0   79.0
 21 6603.786449 1.078E-30 3.818E-03.06630.076 3570.67990.74-.008095       4 2 2 11       1 2 2 01                    R 45f     366563342910 9 711    93.0   91.0
 21 6604.008436 4.701E-28 5.562E-06.07370.099  786.90280.70-.006585       2 0 0 22       0 1 1 01                    R 17e     566663342910 9 711    37.0   35.0
 21 6604.010016 5.854E-29 1.595E-05.07550.103 1367.40260.68-.007085       2 1 1 22       1 0 0 02                    P 14e     566663342910 9 711    27.0   29.0
 21 6604.026321 2.432E-30 1.352E-03.05870.066 3278.27600.68-.009500       3 2 2 11       0 2 2 01                    R 70e     465553342910 9 711   143.0  141.0
 21 6604.088556 1.457E-28 1.879E-03.06930.089 2321.76500.73-.006812       3 3 3 11       0 3 3 01                    R 28f     466663342910 9 711    59.0   57.0
 21 6604.174266 1.998E-29 6.402E-05.06620.076 2128.89870.74-.009135       2 1 1 22       1 0 0 02                    Q 46e     566563342910 9 711    93.0   93.0
 21 6604.271340 5.283E-30 1.398E-03.05930.066 3116.70200.69-.009355       3 2 2 11       0 2 2 01                    R 67f     465553342910 9 711   137.0  135.0
 21 6604.332848 3.843E-30 4.546E-04.07220.096 2712.60060.71-.006063       5 0 0 12       2 0 0 03                    R 20e     466663342910 9 711    43.0   41.0
 21 6604.353085 5.090E-29 7.092E-04.06900.088 2344.50930.74-.005849       6 0 0 01       0 3 3 01                    R 29e     466663342910 9 711    61.0   59.0
 21 6604.481935 1.800E-30 7.089E-04.08660.116 2679.57620.69-.003737       3 4 4 11       0 4 4 01                    R  4e     466663342910 9 711    11.0    9.0
 21 6604.504675 2.033E-30 1.627E-05.07970.109 1967.63600.68-.006629       2 2 2 22       1 1 1 02                    P  9e     466663342910 9 711    17.0   19.0
 21 6604.531951 3.862E-30 1.680E-06.06990.091 1610.01380.73-.006595       4 0 0 11       0 2 2 01                    R 26e     566663342910 9 711    55.0   53.0
 21 6604.560767 2.773E-30 6.118E-05.06730.083 2481.56240.74-.008525       2 2 2 22       1 1 1 02                    Q 37e     466663342910 9 711    75.0   75.0
 21 6604.573460 3.819E-30 6.112E-05.06790.085 2398.36040.74-.008309       2 2 2 22       1 1 1 02                    Q 34f     466663342910 9 711    69.0   69.0
 21 6604.593475 2.736E-30 1.155E-04.07620.103 2419.59810.68-.006093       1 1 1 31       0 0 0 11                    R 13e     536663343010 9 711    29.0   27.0
 21 6604.766380 1.430E-30 1.331E-03.05840.065 3389.88260.68-.009595       3 2 2 11       0 2 2 01                    R 72e     465553342910 9 711   147.0  145.0
 21 6605.008516 8.382E-29 1.168E-03.06900.088 2344.50930.74-.006898       3 3 3 11       0 3 3 01                    R 29e     466663342910 9 711    61.0   59.0
 21 6605.013582 5.000E-28 6.146E-06.07260.097  815.80320.71-.006823       2 0 0 22       0 1 1 01                    R 19e     566663342910 9 711    41.0   39.0
 21 6605.069604 2.531E-28 2.204E-04.06750.084 1805.25230.74-.007401       4 0 0 11       1 0 0 02                    P 36e     566663342910 9 711    71.0   73.0
 21 6605.111254 2.668E-29 6.329E-05.06640.077 2057.94880.74-.009004       2 1 1 22       1 0 0 02                    Q 44e     566563342910 9 711    89.0   89.0
 21 6605.216972 3.272E-30 1.112E-03.08490.114 2683.50690.68-.003960       3 4 4 11       0 4 4 01                    R  5f     466663342910 9 711    13.0   11.0
 21 6605.219658 3.191E-30 1.381E-03.05890.066 3223.66410.69-.009452       3 2 2 11       0 2 2 01                    R 69f     465553342910 9 711   141.0  139.0
 21 6605.301869 1.850E-30 1.623E-05.08080.111 1960.67110.68-.006514       2 2 2 22       1 1 1 02                    P  8f     466663342910 9 711    15.0   17.0
 21 6605.322657 3.472E-30 6.135E-05.06770.084 2424.57170.74-.008382       2 2 2 22       1 1 1 02                    Q 35e     466663342910 9 711    71.0   71.0
 21 6605.375777 1.235E-28 1.869E-03.06880.088 2368.03680.74-.006982       3 3 3 11       0 3 3 01                    R 30f     466663342910 9 711    63.0   61.0
 21 6605.397938 4.658E-30 6.134E-05.06830.087 2345.92090.74-.008161       2 2 2 22       1 1 1 02                    Q 32f     466663342910 9 711    65.0   65.0
 21 6605.606840 3.544E-30 4.518E-04.07130.095 2746.22160.72-.006262       5 0 0 12       2 0 0 03                    R 22e     466663342910 9 711    47.0   45.0
 21 6605.664852 6.103E-29 1.007E-03.06850.087 2392.34760.74-.007065       3 3 3 11       0 3 3 01                    R 31e     466663342910 9 711    65.0   63.0
 21 6605.756451 4.463E-30 2.232E-06.06930.089 1653.07420.73-.006770       4 0 0 11       0 2 2 01                    R 28e     566663342910 9 711    59.0   57.0
 21 6605.776997 2.902E-30 1.201E-04.07480.101 2442.04910.69-.006367       1 1 1 31       0 0 0 11                    R 15e     536663343010 9 711    33.0   31.0
 21 6605.876436 6.246E-29 1.804E-05.07700.105 1346.31960.68-.006921       2 1 1 22       1 0 0 02                    P 12e     566663342910 9 711    23.0   25.0
 21 6605.943603 4.523E-30 1.363E-03.08340.112 2688.22380.68-.004165       3 4 4 11       0 4 4 01                    R  6e     466663342910 9 711    15.0   13.0
 21 6605.961388 5.153E-28 6.744E-06.07170.095  847.82630.71-.007049       2 0 0 22       0 1 1 01                    R 21e     566663342910 9 711    45.0   43.0
 21 6606.000101 3.477E-29 6.212E-05.06660.079 1990.10800.75-.008871       2 1 1 22       1 0 0 02                    Q 42e     466563342910 9 711    85.0   85.0
 21 6606.043209 4.268E-30 6.152E-05.06810.086 2370.69800.74-.008235       2 2 2 22       1 1 1 02                    Q 33e     466663342910 9 711    67.0   67.0
 21 6606.162645 1.894E-30 1.361E-03.05850.066 3333.72750.68-.009548       3 2 2 11       0 2 2 01                    R 71f     465553342910 9 711   145.0  143.0
 21 6606.173700 5.572E-30 6.154E-05.06880.088 2296.60700.74-.008009       2 2 2 22       1 1 1 02                    Q 30f     466663342910 9 711    61.0   61.0
 21 6606.224684 1.623E-30 1.594E-05.08200.112 1954.35140.68-.006385       2 2 2 22       1 1 1 02                    P  7e     466663342910 9 711    13.0   15.0
 21 6606.270569 1.721E-30 3.422E-07.06010.068 1621.00360.71-.009965       1 1 1 21       0 0 0 01                    P 64e     565553343010 9 711   127.0  129.0
 21 6606.462381 5.210E-29 8.601E-04.06850.087 2392.34760.74-.005996       6 0 0 01       0 3 3 01                    R 31e     466663342910 9 711    65.0   63.0
 21 6606.646832 1.026E-28 1.857E-03.06830.086 2417.44150.74-.007146       3 3 3 11       0 3 3 01                    R 32f     466663342910 9 711    67.0   65.0
 21 6606.661882 5.605E-30 1.531E-03.08200.111 2693.72670.68-.004355       3 4 4 11       0 4 4 01                    R  7f     466663342910 9 711    17.0   15.0
 21 6606.722344 5.149E-30 6.169E-05.06850.088 2319.94220.74-.008085       2 2 2 22       1 1 1 02                    Q 31e     466663342910 9 711    63.0   63.0
 21 6606.837806 4.409E-29 6.036E-05.06690.080 1925.37750.75-.008735       2 1 1 22       1 0 0 02                    Q 40e     466663342910 9 711    81.0   81.0
 21 6606.851823 5.160E-28 7.360E-06.07090.094  882.97140.72-.007265       2 0 0 22       0 1 1 01                    R 23e     566663342910 9 711    49.0   47.0
 21 6606.857066 3.193E-30 4.486E-04.07060.093 2782.96710.72-.006453       5 0 0 12       2 0 0 03                    R 24e     466663342910 9 711    51.0   49.0
 21 6606.858994 3.182E-28 2.244E-04.06790.085 1749.86000.74-.007304       4 0 0 11       1 0 0 02                    P 34e     566663342910 9 711    67.0   69.0
 21 6606.900656 6.535E-30 6.172E-05.06930.090 2250.41970.73-.007853       2 2 2 22       1 1 1 02                    Q 28f     466663342910 9 711    57.0   57.0
 21 6606.913414 2.988E-30 1.249E-04.07370.099 2467.59560.70-.006622       1 1 1 31       0 0 0 11                    R 17e     536663343010 9 711    37.0   35.0
 21 6606.934739 6.152E-29 1.226E-03.06810.085 2443.31820.74-.007226       3 3 3 11       0 3 3 01                    R 33e     466663342910 9 711    69.0   67.0
 21 6606.959295 4.957E-30 2.907E-06.06880.088 1699.26250.74-.006939       4 0 0 11       0 2 2 01                    R 30e     566663342910 9 711    63.0   61.0
 21 6607.029311 1.349E-30 1.525E-05.08340.114 1948.92090.68-.006241       2 2 2 22       1 1 1 02                    P  6f     466663342910 9 711    11.0   13.0
 21 6607.102008 1.105E-30 1.340E-03.05830.065 3446.89050.67-.009641       3 2 2 11       0 2 2 01                    R 73f     465553342910 9 711   149.0  147.0
 21 6607.359993 6.091E-30 6.183E-05.06900.089 2272.30520.73-.007932       2 2 2 22       1 1 1 02                    Q 29e     466663342910 9 711    59.0   59.0
 21 6607.371867 6.541E-30 1.649E-03.08080.109 2700.01580.68-.004531       3 4 4 11       0 4 4 01                    R  8e     466663342910 9 711    19.0   17.0
 21 6607.578721 7.509E-30 6.188E-05.06990.092 2207.35980.73-.007694       2 2 2 22       1 1 1 02                    Q 26f     466663342910 9 711    53.0   53.0
 21 6607.619914 5.401E-29 5.767E-05.06720.082 1863.75860.75-.008596       2 1 1 22       1 0 0 02                    Q 38e     466663342910 9 711    77.0   77.0
 21 6607.684858 5.029E-28 7.989E-06.07020.092  921.23810.73-.007471       2 0 0 22       0 1 1 01                    R 25e     566663342910 9 711    53.0   51.0
 21 6607.696253 6.304E-29 2.021E-05.07870.108 1328.35940.68-.006734       2 1 1 22       1 0 0 02                    P 10e     566663342910 9 711    19.0   21.0
 21 6607.902242 8.353E-29 1.842E-03.06790.084 2469.97800.74-.007305       3 3 3 11       0 3 3 01                    R 34f     466663342910 9 711    71.0   69.0
 21 6607.946667 3.161E-29 6.301E-04.06810.085 2443.31820.74-.006138       6 0 0 01       0 3 3 01                    R 33e     466663342910 9 711    69.0   67.0
 21 6607.956091 7.063E-30 6.195E-05.06960.091 2227.78800.73-.007774       2 2 2 22       1 1 1 02                    Q 27e     466663342910 9 711    55.0   55.0
 21 6608.002738 2.993E-30 1.299E-04.07260.097 2496.23730.71-.006861       1 1 1 31       0 0 0 11                    R 19e     536663343010 9 711    41.0   39.0
 21 6608.073624 7.347E-30 1.734E-03.07970.108 2707.09080.68-.004695       3 4 4 11       0 4 4 01                    R  9f     466663342910 9 711    21.0   19.0
 21 6608.084082 2.813E-30 4.451E-04.06990.091 2822.83620.73-.006636       5 0 0 12       2 0 0 03                    R 26e     466663342910 9 711    55.0   53.0
 21 6608.141012 5.306E-30 3.720E-06.06830.086 1748.57800.74-.007102       4 0 0 11       0 2 2 01                    R 32e     566663342910 9 711    67.0   65.0
 21 6608.171133 5.567E-29 1.364E-03.06770.084 2497.42030.74-.007382       3 3 3 11       0 3 3 01                    R 35e     466663342910 9 711    73.0   71.0
 21 6608.207815 8.446E-30 6.202E-05.07060.094 2167.42810.72-.007529       2 2 2 22       1 1 1 02                    Q 24f     466663342910 9 711    49.0   49.0
 21 6608.339835 6.326E-29 5.362E-05.06750.084 1805.25230.74-.008454       2 1 1 22       1 0 0 02                    Q 36e     466663342910 9 711    73.0   73.0
 21 6608.460463 4.777E-28 8.631E-06.06960.090  962.62570.73-.007670       2 0 0 22       0 1 1 01                    R 27e     566663342910 9 711    57.0   55.0
 21 6608.510581 8.023E-30 6.207E-05.07020.093 2186.39130.72-.007612       2 2 2 22       1 1 1 02                    Q 25e     466663342910 9 711    51.0   51.0
 21 6608.639235 3.923E-28 2.283E-04.06830.087 1697.58250.74-.007206       4 0 0 11       1 0 0 02                    P 32e     566663342910 9 711    63.0   65.0
 21 6608.767222 8.031E-30 1.799E-03.07870.107 2714.95190.68-.004850       3 4 4 11       0 4 4 01                    R 10e     466663342910 9 711    23.0   21.0
 21 6608.787861 9.291E-30 6.213E-05.07130.095 2130.62550.71-.007359       2 2 2 22       1 1 1 02                    Q 22f     466663342910 9 711    45.0   45.0
 21 6608.988376 6.963E-29 4.771E-05.06790.085 1749.86000.74-.008309       2 1 1 22       1 0 0 02                    Q 34e     466663342910 9 711    69.0   69.0
 21 6609.023407 8.918E-30 6.217E-05.07090.095 2148.11590.72-.007445       2 2 2 22       1 1 1 02                    Q 23e     466663342910 9 711    47.0   47.0
 21 6609.044988 2.925E-30 1.350E-04.07170.095 2527.97370.71-.007088       1 1 1 31       0 0 0 11                    R 21e     536663343010 9 711    45.0   43.0
 21 6609.142583 6.669E-29 1.825E-03.06750.083 2525.64550.74-.007458       3 3 3 11       0 3 3 01                    R 36f     466663342910 9 711    75.0   73.0
 21 6609.178611 4.428E-28 9.283E-06.06900.088 1007.13350.74-.007861       2 0 0 22       0 1 1 01                    R 29e     566663342910 9 711    61.0   59.0
 21 6609.272979 4.244E-30 5.394E-07.06080.068 1522.16110.71-.009866       1 1 1 21       0 0 0 01                    P 62e     565553343010 9 711   123.0  125.0
 21 6609.288503 2.426E-30 4.411E-04.06930.089 2865.82810.73-.006812       5 0 0 12       2 0 0 03                    R 28e     466663342910 9 711    59.0   57.0
 21 6609.302180 5.489E-30 4.688E-06.06790.084 1801.01980.74-.007260       4 0 0 11       0 2 2 01                    R 34e     566663342910 9 711    71.0   69.0
 21 6609.318789 9.982E-30 6.221E-05.07220.097 2096.95250.71-.007182       2 2 2 22       1 1 1 02                    Q 20f     466663342910 9 711    41.0   41.0
 21 6609.379463 4.720E-29 1.449E-03.06730.082 2554.65300.75-.007533       3 3 3 11       0 3 3 01                    R 37e     466663342910 9 711    77.0   75.0
 21 6609.452737 8.598E-30 1.848E-03.07780.105 2723.59890.68-.004996       3 4 4 11       0 4 4 01                    R 11f     466663342910 9 711    25.0   23.0
 21 6609.454699 1.951E-29 4.784E-04.06770.084 2497.42030.74-.006275       6 0 0 01       0 3 3 01                    R 35e     466663342910 9 711    73.0   71.0
 21 6609.468188 5.920E-29 2.238E-05.08080.111 1313.52210.68-.006514       2 1 1 22       1 0 0 02                    P  8e     566663342910 9 711    15.0   17.0
 21 6609.494525 9.690E-30 6.225E-05.07170.096 2112.96250.71-.007272       2 2 2 22       1 1 1 02                    Q 21e     466663342910 9 711    43.0   43.0
 21 6609.554769 7.049E-29 3.978E-05.06830.087 1697.58250.74-.008161       2 1 1 22       1 0 0 02                    Q 32e     466663342910 9 711    65.0   65.0
 21 6609.575719 1.345E-30 4.317E-06.06620.076 2128.89870.74-.008036       3 2 2 11       1 0 0 02                    Q 46e     466563342910 9 711    93.0   93.0
 21 6609.800534 1.046E-29 6.228E-05.07310.099 2066.41000.70-.006997       2 2 2 22       1 1 1 02                    Q 18f     466663342910 9 711    37.0   37.0
 21 6609.825984 2.270E-30 5.393E-06.06640.077 2057.94880.74-.007921       3 2 2 11       1 0 0 02                    Q 44e     466563342910 9 711    89.0   89.0
 21 6609.839276 4.009E-28 9.944E-06.06850.087 1054.76070.74-.008046       2 0 0 22       0 1 1 01                    R 31e     566663342910 9 711    65.0   63.0
 21 6609.923890 1.028E-29 6.232E-05.07260.098 2080.93170.70-.007091       2 2 2 22       1 1 1 02                    Q 19e     466663342910 9 711    39.0   39.0
 21 6610.031180 6.453E-29 3.056E-05.06880.088 1648.42100.74-.007045       3 2 2 11       1 0 0 02                    Q 30e     466663342910 9 711    61.0   61.0
 21 6610.040186 2.792E-30 1.402E-04.07090.094 2562.80430.72-.007305       1 1 1 31       0 0 0 11                    R 23e     536663343010 9 711    49.0   47.0
 21 6610.077666 3.840E-30 6.869E-06.06660.079 1990.10800.75-.007804       3 2 2 11       1 0 0 02                    Q 42e     466563342910 9 711    85.0   85.0
 21 6610.130247 9.052E-30 1.887E-03.07700.104 2733.03190.68-.005134       3 4 4 11       0 4 4 01                    R 12e     466663342910 9 711    27.0   25.0
 21 6610.233034 1.066E-29 6.230E-05.07420.101 2038.99840.69-.006800       2 2 2 22       1 1 1 02                    Q 16f     466663342910 9 711    33.0   33.0
 21 6610.311465 1.061E-29 6.228E-05.07370.100 2052.02410.70-.006900       2 2 2 22       1 1 1 02                    Q 17e     466663342910 9 711    35.0   35.0
 21 6610.332984 6.526E-30 8.944E-06.06690.080 1925.37750.75-.007684       3 2 2 11       1 0 0 02                    Q 40e     466663342910 9 711    81.0   81.0
 21 6610.368486 5.222E-29 1.807E-03.06720.081 2584.44300.75-.007607       3 3 3 11       0 3 3 01                    R 38f     466663342910 9 711    79.0   77.0
 21 6610.409588 4.740E-28 2.321E-04.06880.088 1648.42100.74-.007108       4 0 0 11       1 0 0 02                    P 30e     566663342910 9 711    59.0   61.0
 21 6610.419434 5.369E-29 2.175E-05.06930.090 1602.37630.73-.006909       3 2 2 11       1 0 0 02                    Q 28e     466663342910 9 711    57.0   57.0
 21 6610.442438 3.549E-28 1.061E-05.06810.085 1105.50660.74-.008225       2 0 0 22       0 1 1 01                    R 33e     566663342910 9 711    69.0   67.0
 21 6610.443423 5.497E-30 5.824E-06.06750.083 1856.58700.74-.007413       4 0 0 11       0 2 2 01                    R 36e     566663342910 9 711    75.0   73.0
 21 6610.470994 2.049E-30 4.367E-04.06880.088 2911.94190.74-.006982       5 0 0 12       2 0 0 03                    R 30e     466663342910 9 711    63.0   61.0
 21 6610.562814 3.833E-29 1.501E-03.06700.080 2615.01510.75-.007680       3 3 3 11       0 3 3 01                    R 39e     466663342910 9 711    81.0   79.0
 21 6610.595663 1.116E-29 1.193E-05.06720.082 1863.75860.75-.007562       3 2 2 11       1 0 0 02                    Q 38e     466663342910 9 711    77.0   77.0
 21 6610.616237 1.053E-29 6.224E-05.07550.103 2014.71830.68-.006589       2 2 2 22       1 1 1 02                    Q 14f     466663342910 9 711    29.0   29.0
 21 6610.657219 1.065E-29 6.228E-05.07480.102 2026.24040.69-.006697       2 2 2 22       1 1 1 02                    Q 15e     466663342910 9 711    31.0   31.0
 21 6610.732437 4.173E-29 1.476E-05.06990.092 1559.44940.73-.006768       3 2 2 11       1 0 0 02                    Q 26e     566663342910 9 711    53.0   53.0
 21 6610.799836 9.398E-30 1.917E-03.07620.103 2743.25080.68-.005266       3 4 4 11       0 4 4 01                    R 13f     466663342910 9 711    29.0   27.0
 21 6610.871606 1.917E-29 1.626E-05.06750.084 1805.25230.74-.007437       3 2 2 11       1 0 0 02                    Q 36e     466663342910 9 711    73.0   73.0
 21 6610.950096 1.004E-29 6.212E-05.07700.105 1993.57010.68-.006358       2 2 2 22       1 1 1 02                    Q 12f     466663342910 9 711    25.0   25.0
 21 6610.961123 1.034E-29 6.219E-05.07620.104 2003.58080.68-.006476       2 2 2 22       1 1 1 02                    Q 13e     466663342910 9 711    27.0   27.0
 21 6610.982573 1.235E-29 3.793E-04.06730.082 2554.65300.75-.006407       6 0 0 01       0 3 3 01                    R 37e     466663342910 9 711    77.0   75.0
 21 6610.987568 3.126E-29 9.857E-06.07060.094 1519.64110.72-.006623       3 2 2 11       1 0 0 02                    Q 24e     566663342910 9 711    49.0   49.0
 21 6610.988078 3.073E-28 1.129E-05.06770.084 1159.37030.74-.008399       2 0 0 22       0 1 1 01                    R 35e     566663342910 9 711    73.0   71.0
 21 6610.988362 2.606E-30 1.455E-04.07020.092 2600.72850.73-.007512       1 1 1 31       0 0 0 11                    R 25e     536663343010 9 711    53.0   51.0
 21 6611.169363 3.271E-29 2.243E-05.06790.085 1749.86000.74-.007309       3 2 2 11       1 0 0 02                    Q 34e     466663342910 9 711    69.0   69.0
 21 6611.191393 5.000E-29 2.436E-05.08340.114 1301.80820.68-.006241       2 1 1 22       1 0 0 02                    P  6e     566663342910 9 711    11.0   13.0
 21 6611.199883 2.297E-29 6.599E-06.07130.095 1482.95210.71-.006474       3 2 2 11       1 0 0 02                    Q 22e     566663342910 9 711    45.0   45.0
 21 6611.223152 9.655E-30 6.200E-05.07780.107 1984.04590.68-.006232       2 2 2 22       1 1 1 02                    Q 11e     466663342910 9 711    23.0   23.0
 21 6611.234567 9.162E-30 6.183E-05.07870.108 1975.55420.68-.006098       2 2 2 22       1 1 1 02                    Q 10f     466663342910 9 711    21.0   21.0
 21 6611.379958 1.665E-29 4.460E-06.07220.097 1449.38310.71-.006318       3 2 2 11       1 0 0 02                    Q 20e     566663342910 9 711    41.0   41.0
 21 6611.443288 8.583E-30 6.160E-05.07970.109 1967.63600.68-.005954       2 2 2 22       1 1 1 02                    Q  9e     466663342910 9 711    19.0   19.0
 21 6611.461583 9.642E-30 1.941E-03.07550.102 2754.25560.69-.005392       3 4 4 11       0 4 4 01                    R 14e     466663342910 9 711    31.0   29.0
 21 6611.469616 7.901E-30 6.127E-05.08080.111 1960.67110.68-.005799       2 2 2 22       1 1 1 02                    Q  8f     466663342910 9 711    17.0   17.0
 21 6611.476181 2.604E-28 1.197E-05.06730.082 1216.35090.75-.008567       2 0 0 22       0 1 1 01                    R 37e     566663342910 9 711    77.0   75.0
 21 6611.499100 5.423E-29 3.062E-05.06830.087 1697.58250.74-.007179       3 2 2 11       1 0 0 02                    Q 32e     466663342910 9 711    65.0   65.0
 21 6611.534595 1.187E-29 3.039E-06.07310.099 1418.93480.70-.006155       3 2 2 11       1 0 0 02                    Q 18e     566663342910 9 711    37.0   37.0
 21 6611.565411 5.339E-30 7.146E-06.06720.081 1915.27870.75-.007561       4 0 0 11       0 2 2 01                    R 38e     566663342910 9 711    79.0   77.0
 21 6611.580646 4.012E-29 1.786E-03.06690.080 2646.36960.75-.007752       3 3 3 11       0 3 3 01                    R 40f     466663342910 9 711    83.0   81.0
 21 6611.621513 7.133E-30 6.080E-05.08200.112 1954.35140.68-.005629       2 2 2 22       1 1 1 02                    Q  7e     466663342910 9 711    15.0   15.0
 21 6611.632280 1.697E-30 4.322E-04.06830.086 2961.17650.74-.007146       5 0 0 12       2 0 0 03                    R 32e     466663342910 9 711    67.0   65.0
 21 6611.655214 6.271E-30 6.007E-05.08340.114 1948.92090.68-.005442       2 2 2 22       1 1 1 02                    Q  6f     466663342910 9 711    13.0   13.0
 21 6611.668048 8.249E-30 2.073E-06.07420.101 1391.60780.69-.005982       3 2 2 11       1 0 0 02                    Q 16e     566663342910 9 711    33.0   33.0
 21 6611.722932 3.014E-29 1.532E-03.06680.079 2678.50580.75-.007822       3 3 3 11       0 3 3 01                    R 41e     466563342910 9 711    85.0   83.0
 21 6611.757815 5.322E-30 5.888E-05.08490.116 1944.19240.69-.005235       2 2 2 22       1 1 1 02                    Q  5e     466663342910 9 711    11.0   11.0
 21 6611.782983 5.529E-30 1.406E-06.07550.103 1367.40260.68-.005796       3 2 2 11       1 0 0 02                    Q 14e     566663342910 9 711    29.0   29.0
 21 6611.791337 4.280E-30 5.679E-05.08660.118 1940.30390.69-.005003       2 2 2 22       1 1 1 02                    Q  4f     466663342910 9 711     9.0    9.0
 21 6611.852184 3.130E-30 5.259E-05.08850.120 1937.15910.70-.004742       2 2 2 22       1 1 1 02                    Q  3e     466663342910 9 711     7.0    7.0
 21 6611.868088 8.458E-29 4.007E-05.06880.088 1648.42100.74-.008009       2 1 1 22       1 0 0 02                    Q 30e     466663342910 9 711    61.0   61.0
 21 6611.877969 1.809E-30 4.207E-05.09050.123 1934.82030.69-.004445       2 2 2 22       1 1 1 02                    Q  2f     466663342910 9 711     5.0    5.0
 21 6611.881092 3.515E-30 9.358E-07.07700.105 1346.31960.68-.005593       3 2 2 11       1 0 0 02                    Q 12e     566663342910 9 711    25.0   25.0
 21 6611.889547 2.381E-30 1.509E-04.06960.090 2641.74570.73-.007712       1 1 1 31       0 0 0 11                    R 27e     536663343010 9 711    57.0   55.0
 21 6611.906738 2.160E-28 1.264E-05.06700.080 1276.44760.75-.008731       2 0 0 22       0 1 1 01                    R 39e     566663342910 9 711    81.0   79.0
 21 6611.907159 1.946E-30 1.966E-05.05930.066 2444.32390.69-.010607       2 0 0 22       0 1 1 01                    R 67e     565553342910 9 711   137.0  135.0
 21 6611.963461 2.071E-30 6.015E-07.07870.108 1328.35940.68-.005364       3 2 2 11       1 0 0 02                    Q 10e     566663342910 9 711    21.0   21.0
 21 6612.030799 1.089E-30 3.635E-07.08080.111 1313.52210.68-.005101       3 2 2 11       1 0 0 02                    Q  8e     566663342910 9 711    17.0   17.0
 21 6612.115586 9.788E-30 1.961E-03.07480.101 2766.04610.69-.005513       3 4 4 11       0 4 4 01                    R 15f     466663342910 9 711    33.0   31.0
 21 6612.169366 5.610E-28 2.357E-04.06930.090 1602.37630.73-.007009       4 0 0 11       1 0 0 02                    P 28e     566663342910 9 711    55.0   57.0
 21 6612.223678 1.470E-30 9.515E-07.06470.071 1828.20620.73-.009457       1 2 2 21       0 1 1 01                    P 54f     565553343010 9 711   107.0  109.0
 21 6612.231048 9.449E-30 7.801E-07.06170.069 1426.41530.72-.009766       1 1 1 21       0 0 0 01                    P 60e     565553343010 9 711   119.0  121.0
 21 6612.273979 1.211E-28 4.910E-05.06930.090 1602.37630.73-.007853       2 1 1 22       1 0 0 02                    Q 28e     466663342910 9 711    57.0   57.0
 21 6612.277974 3.099E-30 1.949E-05.05980.067 2340.73210.70-.010494       2 0 0 22       0 1 1 01                    R 65e     565553342910 9 711   133.0  131.0
 21 6612.279746 1.756E-28 1.331E-05.06680.079 1339.65920.75-.008889       2 0 0 22       0 1 1 01                    R 41e     566563342910 9 711    85.0   83.0
 21 6612.528370 7.973E-30 3.123E-04.06700.080 2615.01510.75-.006536       6 0 0 01       0 3 3 01                    R 39e     466663342910 9 711    81.0   79.0
 21 6612.592274 4.835E-30 1.924E-05.06040.068 2240.23760.71-.010378       2 0 0 22       0 1 1 01                    R 63e     565553342910 9 711   129.0  127.0
 21 6612.595208 1.398E-28 1.398E-05.06650.077 1405.98470.74-.009044       2 0 0 22       0 1 1 01                    R 43e     566563342910 9 711    89.0   87.0
 21 6612.633160 1.431E-30 1.110E-06.06420.071 1869.26490.73-.009509       1 2 2 21       0 1 1 01                    P 55e     565553343010 9 711   109.0  111.0
 21 6612.668859 5.036E-30 8.667E-06.06690.080 1977.09380.75-.007705       4 0 0 11       0 2 2 01                    R 40e     566663342910 9 711    83.0   81.0
 21 6612.703381 1.591E-28 5.631E-05.06990.092 1559.44940.73-.007694       2 1 1 22       1 0 0 02                    Q 26e     566663342910 9 711    53.0   53.0
 21 6612.743780 2.132E-30 1.565E-04.06900.088 2685.85510.74-.007904       1 1 1 31       0 0 0 11                    R 29e     536663343010 9 711    61.0   59.0
 21 6612.761914 9.842E-30 1.976E-03.07420.100 2778.62240.70-.005630       3 4 4 11       0 4 4 01                    R 16e     466663342910 9 711    35.0   33.0
 21 6612.773138 1.377E-30 4.270E-04.06790.084 3013.53080.74-.007305       5 0 0 12       2 0 0 03                    R 34e     466663342910 9 711    71.0   69.0
 21 6612.779818 3.024E-29 1.762E-03.06660.078 2711.42410.75-.007892       3 3 3 11       0 3 3 01                    R 42f     466563342910 9 711    87.0   85.0
 21 6612.849861 6.183E-30 1.581E-05.06120.068 2142.84200.71-.010260       2 0 0 22       0 1 1 01                    R 61e     535553343010 9 711   125.0  123.0
 21 6612.853133 1.091E-28 1.463E-05.06630.076 1475.42300.74-.009194       2 0 0 22       0 1 1 01                    R 45e     566563342910 9 711    93.0   91.0
 21 6612.860818 2.309E-29 1.550E-03.06650.077 2745.12380.74-.007960       3 3 3 11       0 3 3 01                    R 43e     466563342910 9 711    89.0   87.0
 21 6612.865304 3.474E-29 2.552E-05.08660.118 1293.21780.69-.005878       2 1 1 22       1 0 0 02                    P  4e     566663342910 9 711     7.0    9.0
 21 6613.050556 1.109E-29 1.853E-05.06220.069 2048.54700.72-.010138       2 0 0 22       0 1 1 01                    R 59e     565553342910 9 711   121.0  119.0
 21 6613.053540 8.347E-29 1.527E-05.06620.075 1547.97310.74-.009340       2 0 0 22       0 1 1 01                    R 47e     566563342910 9 711    97.0   95.0
 21 6613.138464 1.946E-28 6.140E-05.07060.094 1519.64110.72-.007529       2 1 1 22       1 0 0 02                    Q 24e     566663342910 9 711    49.0   49.0
 21 6613.194220 1.630E-29 1.808E-05.06320.070 1957.35410.72-.010014       2 0 0 22       0 1 1 01                    R 57e     565553342910 9 711   117.0  115.0
 21 6613.196458 6.261E-29 1.589E-05.06590.074 1623.63350.74-.009482       2 0 0 22       0 1 1 01                    R 49e     566563342910 9 711   101.0   99.0
 21 6613.280734 2.350E-29 1.759E-05.06420.070 1869.26490.73-.009886       2 0 0 22       0 1 1 01                    R 55e     565553342910 9 711   113.0  111.0
 21 6613.281926 4.605E-29 1.649E-05.06560.072 1702.40320.74-.009620       2 0 0 22       0 1 1 01                    R 51e     565553342910 9 711   105.0  103.0
 21 6613.309996 3.322E-29 1.706E-05.06500.071 1784.28080.73-.009755       2 0 0 22       0 1 1 01                    R 53e     565553342910 9 711   109.0  107.0
 21 6613.400689 9.811E-30 1.989E-03.07370.099 2791.98440.70-.005743       3 4 4 11       0 4 4 01                    R 17f     466663342910 9 711    37.0   35.0
 21 6613.446616 3.519E-30 8.126E-05.09500.123 1933.25170.69-.003630       2 2 2 22       1 1 1 02                    R  1e     466663342910 9 711     5.0    3.0
 21 6613.551103 1.870E-30 1.621E-04.06850.087 2733.05620.74-.008090       1 1 1 31       0 0 0 11                    R 31e     536663343010 9 711    65.0   63.0
 21 6613.563762 2.255E-28 6.483E-05.07130.095 1482.95210.71-.007359       2 1 1 22       1 0 0 02                    Q 22e     566663342910 9 711    45.0   45.0
 21 6613.754528 4.619E-30 1.040E-05.06660.078 2042.03130.75-.007844       4 0 0 11       0 2 2 01                    R 42e     566563342910 9 711    87.0   85.0
 21 6613.894406 1.097E-30 4.219E-04.06750.083 3069.00370.74-.007458       5 0 0 12       2 0 0 03                    R 36e     466663342910 9 711    75.0   73.0
 21 6613.917931 6.499E-28 2.391E-04.06990.092 1559.44940.73-.006909       4 0 0 11       1 0 0 02                    P 26e     566663342910 9 711    51.0   53.0
 21 6613.966830 2.238E-29 1.738E-03.06640.077 2779.60550.74-.008028       3 3 3 11       0 3 3 01                    R 44f     466563342910 9 711    91.0   89.0
 21 6613.968314 2.505E-28 6.715E-05.07220.097 1449.38310.71-.007182       2 1 1 22       1 0 0 02                    Q 20e     566663342910 9 711    41.0   41.0
 21 6613.977026 1.729E-29 1.559E-03.06630.076 2814.86810.74-.008095       3 3 3 11       0 3 3 01                    R 45e     466563342910 9 711    93.0   91.0
 21 6614.031950 9.702E-30 1.999E-03.07310.098 2806.13200.70-.005853       3 4 4 11       0 4 4 01                    R 18e     466663342910 9 711    39.0   37.0
 21 6614.090766 5.202E-30 2.645E-04.06680.079 2678.50580.75-.006660       6 0 0 01       0 3 3 01                    R 41e     466563342910 9 711    85.0   83.0
 21 6614.190965 4.014E-30 6.673E-05.09050.120 1934.82030.70-.003856       2 2 2 22       1 1 1 02                    R  2f     466663342910 9 711     7.0    5.0
 21 6614.311563 1.610E-30 1.679E-04.06810.085 2783.34800.74-.008270       1 1 1 31       0 0 0 11                    R 33e     536663343010 9 711    69.0   67.0
 21 6614.344977 2.682E-28 6.872E-05.07310.099 1418.93480.70-.006997       2 1 1 22       1 0 0 02                    Q 18e     566663342910 9 711    37.0   37.0
 21 6614.489562 1.314E-29 2.195E-05.09050.123 1287.75110.69-.005259       2 1 1 22       1 0 0 02                    P  2e     566663342910 9 711     3.0    5.0
 21 6614.635375 1.631E-30 5.114E-06.06640.077 2110.09010.74-.008916       1 3 3 21       0 2 2 01                    P 44e     466563342910 9 711    87.0   89.0
 21 6614.655864 9.523E-30 2.008E-03.07260.097 2821.06520.71-.005959       3 4 4 11       0 4 4 01                    R 19f     466663342910 9 711    41.0   39.0
 21 6614.689184 2.775E-28 6.981E-05.07420.101 1391.60780.69-.006800       2 1 1 22       1 0 0 02                    Q 16e     566663342910 9 711    33.0   33.0
 21 6614.735834 1.746E-30 1.808E-05.06580.074 2382.42160.74-.009244       2 1 1 21       1 0 0 01                    P 50e     466553342910 9 711    99.0  101.0
 21 6614.823224 4.124E-30 1.236E-05.06640.077 2110.09010.74-.007980       4 0 0 11       0 2 2 01                    R 44e     566563342910 9 711    91.0   89.0
 21 6614.936163 4.616E-30 6.038E-05.08850.118 1937.15910.69-.004128       2 2 2 22       1 1 1 02                    R  3e     466663342910 9 711     9.0    7.0
 21 6614.975268 4.502E-30 2.018E-06.06530.072 1744.64440.74-.009351       1 2 2 21       0 1 1 01                    P 52f     565553342910 9 711   103.0  105.0
 21 6614.997992 2.774E-28 7.060E-05.07550.103 1367.40260.68-.006589       2 1 1 22       1 0 0 02                    Q 14e     566663342910 9 711    29.0   29.0
 21 6615.025214 1.360E-30 1.738E-04.06770.084 2836.72980.74-.008444       1 1 1 31       0 0 0 11                    R 35e     536663343010 9 711    73.0   71.0
 21 6615.071736 1.267E-29 1.561E-03.06620.075 2887.73740.74-.008225       3 3 3 11       0 3 3 01                    R 47e     466563342910 9 711    97.0   95.0
 21 6615.142580 1.625E-29 1.710E-03.06620.075 2850.91250.74-.008160       3 3 3 11       0 3 3 01                    R 46f     466563342910 9 711    95.0   93.0
 21 6615.144605 1.952E-29 1.064E-06.06270.070 1333.76790.72-.009665       1 1 1 21       0 0 0 01                    P 58e     565553343010 9 711   115.0  117.0
 21 6615.269463 2.671E-28 7.118E-05.07700.105 1346.31960.68-.006358       2 1 1 22       1 0 0 02                    Q 12e     566663342910 9 711    25.0   25.0
 21 6615.272410 9.281E-30 2.014E-03.07220.096 2836.78400.71-.006063       3 4 4 11       0 4 4 01                    R 20e     466663342910 9 711    43.0   41.0
 21 6615.286479 4.254E-30 2.269E-06.06500.072 1784.28080.73-.009404       1 2 2 21       0 1 1 01                    P 53e     565553342910 9 711   105.0  107.0
 21 6615.502298 2.463E-28 7.161E-05.07870.108 1328.35940.68-.006098       2 1 1 22       1 0 0 02                    Q 10e     566663342910 9 711    21.0   21.0
 21 6615.646284 5.261E-30 5.718E-05.08660.116 1940.30390.69-.004395       2 2 2 22       1 1 1 02                    R  4f     466663342910 9 711    11.0    9.0
 21 6615.654693 7.365E-28 2.425E-04.07060.094 1519.64110.72-.006808       4 0 0 11       1 0 0 02                    P 24e     566663342910 9 711    47.0   49.0
 21 6615.667308 3.409E-30 2.290E-04.06650.077 2745.12380.74-.006781       6 0 0 01       0 3 3 01                    R 43e     466563342910 9 711    89.0   87.0
 21 6615.692113 1.127E-30 1.797E-04.06730.082 2893.20070.75-.008613       1 1 1 31       0 0 0 11                    R 37e     536663343010 9 711    77.0   75.0
 21 6615.695606 2.152E-28 7.192E-05.08080.111 1313.52210.68-.005799       2 1 1 22       1 0 0 02                    Q  8e     566663342910 9 711    17.0   17.0
 21 6615.848776 1.747E-28 7.213E-05.08340.114 1301.80820.68-.005442       2 1 1 22       1 0 0 02                    Q  6e     566663342910 9 711    13.0   13.0
 21 6615.875796 3.587E-30 1.456E-05.06620.075 2181.26900.74-.008111       4 0 0 11       0 2 2 01                    R 46e     466563342910 9 711    95.0   93.0
 21 6615.876722 2.020E-30 5.487E-06.06650.078 2075.67110.75-.008861       1 3 3 21       0 2 2 01                    P 43f     466563342910 9 711    85.0   87.0
 21 6615.881837 8.985E-30 2.019E-03.07170.095 2853.28810.71-.006164       3 4 4 11       0 4 4 01                    R 21f     466663342910 9 711    45.0   43.0
 21 6615.961390 1.264E-28 7.230E-05.08660.118 1293.21780.69-.005003       2 1 1 22       1 0 0 02                    Q  4e     566663342910 9 711     9.0    9.0
 21 6616.033175 7.220E-29 7.239E-05.09050.123 1287.75110.69-.004445       2 1 1 22       1 0 0 02                    Q  2e     566663342910 9 711     5.0    5.0
 21 6616.144585 9.095E-30 1.558E-03.06590.074 2963.73050.74-.008352       3 3 3 11       0 3 3 01                    R 49e     466563342910 9 711   101.0   99.0
 21 6616.308044 1.159E-29 1.681E-03.06600.074 2925.34400.74-.008289       3 3 3 11       0 3 3 01                    R 48f     466563342910 9 711    99.0   97.0
 21 6616.320693 1.334E-30 6.597E-10.07220.096  163.86840.71-.007015       0 3 3 21       0 0 0 01                    R 20e     566663342910 9 711    43.0   41.0
 21 6616.383717 5.924E-30 5.553E-05.08490.114 1944.19240.68-.004643       2 2 2 22       1 1 1 02                    R  5e     466663342910 9 711    13.0   11.0
 21 6616.484008 8.643E-30 2.023E-03.07130.095 2870.57770.72-.006262       3 4 4 11       0 4 4 01                    R 22e     466663342910 9 711    47.0   45.0
 21 6616.832450 3.059E-29 5.055E-05.09500.127 1285.40820.69-.003626       2 1 1 22       1 0 0 02                    R  0e     566663342910 9 711     3.0    1.0
 21 6616.913136 3.042E-30 1.701E-05.06600.074 2255.56680.74-.008239       4 0 0 11       0 2 2 01                    R 48e     466563342910 9 711    99.0   97.0
 21 6617.052043 6.586E-30 5.476E-05.08340.112 1948.92090.68-.004872       2 2 2 22       1 1 1 02                    R  6f     466663342910 9 711    15.0   13.0
 21 6617.079326 8.263E-30 2.026E-03.07090.094 2888.65250.72-.006359       3 4 4 11       0 4 4 01                    R 23f     466663342910 9 711    49.0   47.0
 21 6617.107641 2.495E-30 5.895E-06.06660.079 2042.03130.75-.008805       1 3 3 21       0 2 2 01                    P 42e     466563342910 9 711    83.0   85.0
 21 6617.193622 6.386E-30 1.546E-03.06560.072 3042.84600.74-.008476       3 3 3 11       0 3 3 01                    R 51e     465553342910 9 711   105.0  103.0
 21 6617.249566 2.231E-30 2.014E-04.06630.076 2814.86810.74-.006898       6 0 0 01       0 3 3 01                    R 45e     466563342910 9 711    93.0   91.0
 21 6617.379112 8.154E-28 2.456E-04.07130.095 1482.95210.71-.006705       4 0 0 11       1 0 0 02                    P 22e     566663342910 9 711    43.0   45.0
 21 6617.407207 2.637E-30 1.957E-05.06600.075 2305.27510.74-.009136       2 1 1 21       1 0 0 01                    P 48e     466563342910 9 711    95.0   97.0
 21 6617.464279 8.112E-30 1.649E-03.06580.073 3002.89860.74-.008414       3 3 3 11       0 3 3 01                    R 50f     466553342910 9 711   103.0  101.0
 21 6617.533591 1.833E-30 9.765E-10.07130.095  197.41660.72-.007237       0 3 3 21       0 0 0 01                    R 22e     566663342910 9 711    47.0   45.0
 21 6617.667445 7.854E-30 2.028E-03.07060.093 2907.51260.72-.006453       3 4 4 11       0 4 4 01                    R 24e     466663342910 9 711    51.0   49.0
 21 6617.683011 7.770E-30 2.453E-06.06580.074 1664.19460.74-.009244       1 2 2 21       0 1 1 01                    P 50f     566553342910 9 711    99.0  101.0
 21 6617.789260 7.238E-30 5.454E-05.08200.111 1954.35140.68-.005083       2 2 2 22       1 1 1 02                    R  7e     466663342910 9 711    17.0   15.0
 21 6617.899234 7.242E-30 2.699E-06.06560.073 1702.40320.74-.009298       1 2 2 21       0 1 1 01                    P 51e     565553342910 9 711   101.0  103.0
 21 6617.936176 2.516E-30 1.971E-05.06580.073 2332.98210.74-.008364       4 0 0 11       0 2 2 01                    R 50e     466553342910 9 711   103.0  101.0
 21 6618.013484 3.801E-29 1.390E-06.06380.070 1244.22040.73-.009561       1 1 1 21       0 0 0 01                    P 56e     565553343010 9 711   111.0  113.0
 21 6618.207474 4.310E-30 1.500E-03.06500.071 3125.08260.73-.008596       3 3 3 11       0 3 3 01                    R 53e     465553342910 9 711   109.0  107.0
 21 6618.249037 7.422E-30 2.030E-03.07020.092 2927.15780.73-.006545       3 4 4 11       0 4 4 01                    R 25f     466663342910 9 711    53.0   51.0
 21 6618.328257 3.049E-30 6.295E-06.06680.080 2009.17250.75-.008748       1 3 3 21       0 2 2 01                    P 41f     466563342910 9 711    81.0   83.0
 21 6618.331999 6.601E-29 4.731E-05.09050.120 1287.75110.70-.003856       2 1 1 22       1 0 0 02                    R  2e     566663342910 9 711     7.0    5.0
 21 6618.408229 7.864E-30 5.468E-05.08080.109 1960.67110.68-.005279       2 2 2 22       1 1 1 02                    R  8f     466663342910 9 711    19.0   17.0
 21 6618.612426 5.575E-30 1.615E-03.06530.072 3083.57500.73-.008536       3 3 3 11       0 3 3 01                    R 52f     465553342910 9 711   107.0  105.0
 21 6618.715313 2.389E-30 1.402E-09.07060.093  234.08340.72-.007450       0 3 3 21       0 0 0 01                    R 24e     566663342910 9 711    51.0   49.0
 21 6618.790911 1.431E-30 1.766E-04.06620.075 2887.73740.74-.007012       6 0 0 01       0 3 3 01                    R 47e     366563342910 9 711    97.0   95.0
 21 6618.823402 6.975E-30 2.030E-03.06990.091 2947.58800.73-.006636       3 4 4 11       0 4 4 01                    R 26e     466663342910 9 711    55.0   53.0
 21 6618.945885 2.032E-30 2.267E-05.06530.072 2413.51370.73-.008485       4 0 0 11       0 2 2 01                    R 52e     465553342910 9 711   107.0  105.0
 21 6619.025880 1.693E-30 5.068E-07.08080.109 1313.52210.68-.004563       3 2 2 11       1 0 0 02                    R  8e     566663342910 9 711    19.0   17.0
 21 6619.090694 8.810E-28 2.487E-04.07220.097 1449.38310.71-.006601       4 0 0 11       1 0 0 02                    P 20e     566663342910 9 711    39.0   41.0
 21 6619.152776 8.462E-30 5.508E-05.07970.108 1967.63600.68-.005462       2 2 2 22       1 1 1 02                    R  9e     466663342910 9 711    21.0   19.0
 21 6619.391656 6.519E-30 2.030E-03.06960.090 2968.80320.73-.006725       3 4 4 11       0 4 4 01                    R 27f     466663342910 9 711    57.0   55.0
 21 6619.438509 2.075E-30 1.055E-03.06420.070 3210.43880.73-.008713       3 3 3 11       0 3 3 01                    R 55e     465553342910 9 711   113.0  111.0
 21 6619.538104 3.711E-30 6.724E-06.06690.080 1977.09380.75-.008692       1 3 3 21       0 2 2 01                    P 40e     466663342910 9 711    79.0   81.0
 21 6619.714836 9.014E-30 5.568E-05.07870.107 1975.55420.68-.005633       2 2 2 22       1 1 1 02                    R 10f     466663342910 9 711    23.0   21.0
 21 6619.753712 3.761E-30 1.579E-03.06470.071 3167.37170.73-.008655       3 3 3 11       0 3 3 01                    R 54f     465553342910 9 711   111.0  109.0
 21 6619.781789 1.047E-28 4.906E-05.08660.116 1293.21780.69-.004395       2 1 1 22       1 0 0 02                    R  4e     566663342910 9 711    11.0    9.0
 21 6619.865812 2.973E-30 1.964E-09.06990.091  273.86800.73-.007654       0 3 3 21       0 0 0 01                    R 26e     566663342910 9 711    55.0   53.0
 21 6619.943266 1.603E-30 2.590E-05.06470.071 2497.16010.73-.008603       4 0 0 11       0 2 2 01                    R 54e     465553342910 9 711   111.0  109.0
 21 6619.952531 6.061E-30 2.030E-03.06930.089 2990.80330.73-.006812       3 4 4 11       0 4 4 01                    R 28e     466663342910 9 711    59.0   57.0
