 21 6040.094118 2.364E-30 2.365E-05.07220.096 2241.19480.71-.005188       5 2 2 03       1 1 1 01                    R 20f     466663342910 9 711    43.0   41.0
 21 6040.123474 3.496E-28 6.996E-06.06470.071 1157.77410.73-.007489       4 1 1 03       0 0 0 01                    R 54e     465553342910 9 711   111.0  109.0
 21 6040.239144 1.361E-28 3.099E-03.06270.069 2619.80750.72-.008883       4 0 0 15       1 0 0 02                    R 58e     565553342910 9 711   119.0  117.0
 21 6040.554021 8.122E-28 9.732E-04.06750.084 1907.71230.74-.007401       4 0 0 14       1 0 0 01                    P 36e     566663342910 9 711    71.0   73.0
 21 6040.564193 1.080E-30 1.951E-07.06600.074 1586.85820.74-.007167       4 2 2 03       0 1 1 01                    R 48f     466563342910 9 711    99.0   97.0
 21 6040.598330 1.087E-29 2.718E-05.06640.077 2110.09010.74-.006937       4 3 3 03       0 2 2 01                    R 44e     466563342910 9 711    91.0   89.0
 21 6040.730256 2.211E-30 1.604E-03.06380.070 3324.76140.72-.008770       4 1 1 14       1 1 1 01                    R 56f     565553342910 9 711   115.0  113.0
 21 6040.752640 2.501E-25 7.388E-04.06660.079  704.30050.75-.007690       3 0 0 14       0 0 0 01                    P 42e     686563344510 9 711    83.0   85.0
 21 6040.752655 1.015E-30 4.268E-03.06580.073 3663.65750.74-.008414       5 0 0 15       2 0 0 02                    R 50e     466553342910 9 711   103.0  101.0
 21 6040.793735 1.560E-28 1.874E-06.07170.096  847.82630.71-.005740       5 0 0 03       0 1 1 01                    P 21e     436663342910 9 711    41.0   43.0
 21 6040.876025 2.446E-30 9.473E-04.08080.109 2825.25950.68-.004531       5 0 0 14       2 0 0 01                    R  8e     566663342910 9 711    19.0   17.0
 21 6040.920835 1.212E-29 3.950E-06.07420.100 1494.30710.70-.004800       5 1 1 03       1 0 0 01                    R 16e     466663342910 9 711    35.0   33.0
 21 6040.930720 7.056E-26 1.065E-03.06960.090  962.62570.73-.006725       3 1 1 14       0 1 1 01                    R 27e     566663342910 9 711    57.0   55.0
 21 6041.125771 7.598E-26 1.075E-03.06990.091  941.97360.73-.006636       3 1 1 14       0 1 1 01                    R 26f     566663342910 9 711    55.0   53.0
 21 6041.215296 1.393E-30 7.985E-06.06590.074 2293.88690.74-.006847       5 1 1 03       0 2 2 01                    P 49f     466563342910 9 711    97.0   99.0
 21 6041.261428 2.513E-30 2.598E-05.07170.095 2257.19830.71-.005278       5 2 2 03       1 1 1 01                    R 21e     466663342910 9 711    45.0   43.0
 21 6041.353288 2.384E-30 6.236E-06.06640.077 2110.09010.74-.006654       5 1 1 03       0 2 2 01                    P 44e     466563342910 9 711    87.0   89.0
 21 6041.381644 9.744E-30 2.829E-05.06630.076 2145.29050.74-.006996       4 3 3 03       0 2 2 01                    R 45f     466563342910 9 711    93.0   91.0
 21 6041.424098 9.080E-29 3.140E-03.06170.069 2712.47950.71-.008992       4 0 0 15       1 0 0 02                    R 60e     565553342910 9 711   123.0  121.0
 21 6041.428778 1.424E-29 3.603E-06.07060.093 1519.64110.72-.006494       3 2 2 14       1 0 0 02                    R 24e     566663342910 9 711    51.0   49.0
 21 6041.435784 2.544E-28 7.484E-06.06380.070 1244.22040.72-.007590       4 1 1 03       0 0 0 01                    R 56e     465553342910 9 711   115.0  113.0
 21 6041.441137 2.263E-29 7.345E-07.06770.084 1159.37030.74-.007397       2 3 3 13       0 1 1 01                    P 35e     566663342910 9 711    69.0   71.0
 21 6041.526587 2.328E-29 6.839E-07.06790.085 1132.78030.74-.007348       2 3 3 13       0 1 1 01                    P 34f     566663342910 9 711    67.0   69.0
 21 6041.566910 1.257E-30 1.705E-05.07020.093 2330.56900.72-.005902       6 0 0 03       1 1 1 01                    P 25e     466663342910 9 711    49.0   51.0
 21 6041.603555 2.588E-30 2.791E-05.07130.095 2274.83980.72-.005367       5 2 2 03       1 1 1 01                    R 22f     466663342910 9 711    47.0   45.0
 21 6041.612524 1.499E-30 1.626E-03.06270.069 3414.58430.72-.008883       4 1 1 14       1 1 1 01                    R 58f     465553342910 9 711   119.0  117.0
 21 6041.722010 2.297E-29 4.568E-05.05810.065 2161.60910.67-.009150       2 2 2 13       0 0 0 01                    P 74e     565553342910 9 711   147.0  149.0
 21 6042.160049 8.792E-30 2.978E-05.06620.075 2181.26900.74-.007054       4 3 3 03       0 2 2 01                    R 46e     466563342910 9 711    95.0   93.0
 21 6042.208198 2.782E-30 9.570E-04.07870.107 2840.10190.68-.004850       5 0 0 14       2 0 0 01                    R 10e     566663342910 9 711    23.0   21.0
 21 6042.235637 6.136E-26 1.075E-03.06900.088 1007.13350.74-.006898       3 1 1 14       0 1 1 01                    R 29e     566663342910 9 711    61.0   59.0
 21 6042.377541 1.406E-29 4.698E-06.07310.098 1521.61540.70-.005000       5 1 1 03       1 0 0 01                    R 18e     466663342910 9 711    39.0   37.0
 21 6042.480591 1.311E-28 1.494E-06.07260.098  815.80320.70-.005656       5 0 0 03       0 1 1 01                    P 19e     436663342910 9 711    37.0   39.0
 21 6042.530906 9.938E-28 9.648E-04.06790.085 1852.34660.74-.007304       4 0 0 14       1 0 0 01                    P 34e     566663342910 9 711    67.0   69.0
 21 6042.560996 3.229E-25 7.321E-04.06690.080  639.60040.75-.007595       3 0 0 14       0 0 0 01                    P 40e     686663344510 9 711    79.0   81.0
 21 6042.564162 6.684E-26 1.087E-03.06930.089  984.98900.73-.006812       3 1 1 14       0 1 1 01                    R 28f     566663342910 9 711    59.0   57.0
 21 6042.587996 5.963E-29 3.182E-03.06080.068 2808.24800.71-.009099       4 0 0 15       1 0 0 02                    R 62e     465553342910 9 711   127.0  125.0
 21 6042.739042 1.818E-28 7.990E-06.06270.069 1333.76790.72-.007689       4 1 1 03       0 0 0 01                    R 58e     465553342910 9 711   119.0  117.0
 21 6042.845214 2.710E-30 3.054E-05.07090.094 2292.32370.72-.005453       5 2 2 03       1 1 1 01                    R 23e     466663342910 9 711    49.0   47.0
 21 6042.890747 1.759E-30 7.278E-06.06620.075 2218.02950.74-.006770       5 1 1 03       0 2 2 01                    P 47f     466563342910 9 711    93.0   95.0
 21 6042.938675 1.713E-29 4.879E-06.06990.091 1559.44940.73-.006678       3 2 2 14       1 0 0 02                    R 26e     566663342910 9 711    55.0   53.0
 21 6042.942953 7.798E-30 3.093E-05.06620.075 2218.02950.74-.007111       4 3 3 03       0 2 2 01                    R 47f     466563342910 9 711    97.0   95.0
 21 6043.072820 2.172E-29 5.763E-07.06810.086 1105.50660.74-.007299       2 3 3 13       0 1 1 01                    P 33e     566663342910 9 711    65.0   67.0
 21 6043.107701 2.735E-30 3.252E-05.07060.093 2311.61270.72-.005537       5 2 2 03       1 1 1 01                    R 24f     466663342910 9 711    51.0   49.0
 21 6043.199895 1.161E-30 1.425E-05.07090.095 2292.32370.72-.005821       6 0 0 03       1 1 1 01                    P 23e     466663342910 9 711    45.0   47.0
 21 6043.238030 2.186E-29 5.297E-07.06830.087 1080.39310.74-.007250       2 3 3 13       0 1 1 01                    P 32f     566663342910 9 711    63.0   65.0
 21 6043.389997 2.858E-30 5.633E-06.06660.079 2042.03130.75-.006576       5 1 1 03       0 2 2 01                    P 42e     466563342910 9 711    83.0   85.0
 21 6043.496667 3.013E-30 9.639E-04.07700.104 2858.06860.68-.005134       5 0 0 14       2 0 0 01                    R 12e     566663342910 9 711    27.0   25.0
 21 6043.520963 3.473E-29 4.076E-05.05840.066 2047.30810.68-.009070       2 2 2 13       0 0 0 01                    P 72e     565553342910 9 711   143.0  145.0
 21 6043.521870 5.235E-26 1.086E-03.06850.087 1054.76070.74-.007065       3 1 1 14       0 1 1 01                    R 31e     566663342910 9 711    65.0   63.0
 21 6043.720061 6.975E-30 3.254E-05.06600.074 2255.56680.74-.007167       4 3 3 03       0 2 2 01                    R 48e     466563342910 9 711    99.0   97.0
 21 6043.730279 3.854E-29 3.226E-03.06010.067 2907.11140.70-.009203       4 0 0 15       1 0 0 02                    R 64e     465553342910 9 711   131.0  129.0
 21 6043.822806 1.567E-29 5.509E-06.07220.096 1552.04330.71-.005188       5 1 1 03       1 0 0 01                    R 20e     466663342910 9 711    43.0   41.0
 21 6043.991854 5.766E-26 1.100E-03.06880.088 1031.12910.74-.006982       3 1 1 14       0 1 1 01                    R 30f     566663342910 9 711    63.0   61.0
 21 6044.033277 1.275E-28 8.509E-06.06170.069 1426.41530.71-.007785       4 1 1 03       0 0 0 01                    R 60e     465553342910 9 711   123.0  121.0
 21 6044.155401 1.042E-28 1.158E-06.07370.100  786.90280.70-.005570       5 0 0 03       0 1 1 01                    P 17e     436663342910 9 711    33.0   35.0
 21 6044.206779 1.597E-30 4.776E-07.06560.072 1702.40320.74-.007332       4 2 2 03       0 1 1 01                    R 51e     435553342910 9 711   105.0  103.0
 21 6044.353858 4.097E-25 7.258E-04.06720.082  578.01160.75-.007498       3 0 0 14       0 0 0 01                    P 38e     686663344510 9 711    75.0   77.0
 21 6044.429311 2.827E-30 3.548E-05.07020.092 2330.56900.73-.005620       5 2 2 03       1 1 1 01                    R 25e     466663342910 9 711    53.0   51.0
 21 6044.445421 1.976E-29 6.467E-06.06930.089 1602.37630.73-.006854       3 2 2 14       1 0 0 02                    R 28e     566663342910 9 711    59.0   57.0
 21 6044.480942 1.195E-27 9.576E-04.06830.087 1800.09570.74-.007206       4 0 0 14       1 0 0 01                    P 32e     566663342910 9 711    63.0   65.0
 21 6044.502526 6.120E-30 3.373E-05.06590.074 2293.88690.74-.007223       4 3 3 03       0 2 2 01                    R 49f     466563342910 9 711   101.0   99.0
 21 6044.564119 2.175E-30 6.606E-06.06630.077 2145.29050.74-.006693       5 1 1 03       0 2 2 01                    P 45f     466563342910 9 711    89.0   91.0
 21 6044.606492 2.799E-30 3.749E-05.06990.091 2351.51260.73-.005701       5 2 2 03       1 1 1 01                    R 26f     466663342910 9 711    55.0   53.0
 21 6044.699853 2.015E-29 4.454E-07.06850.088 1054.76070.74-.007200       2 3 3 13       0 1 1 01                    P 31e     566663342910 9 711    61.0   63.0
 21 6044.741488 3.139E-30 9.695E-04.07550.102 2879.15940.69-.005392       5 0 0 14       2 0 0 01                    R 14e     566663342910 9 711    31.0   29.0
 21 6044.789223 4.383E-26 1.096E-03.06810.085 1105.50660.74-.007226       3 1 1 14       0 1 1 01                    R 33e     566663342910 9 711    69.0   67.0
 21 6044.828243 1.027E-30 1.167E-05.07170.096 2257.19830.71-.005740       6 0 0 03       1 1 1 01                    P 21e     466663342910 9 711    41.0   43.0
 21 6044.850401 2.452E-29 3.270E-03.05950.067 3009.06770.70-.009305       4 0 0 15       1 0 0 02                    R 66e     465553342910 9 711   135.0  133.0
 21 6044.940036 1.982E-29 4.038E-07.06880.088 1031.12910.74-.007150       2 3 3 13       0 1 1 01                    P 30f     566663342910 9 711    59.0   61.0
 21 6045.256584 1.686E-29 6.386E-06.07130.095 1585.59040.72-.005367       5 1 1 03       1 0 0 01                    R 22e     466663342910 9 711    47.0   45.0
 21 6045.278175 5.427E-30 3.548E-05.06580.073 2332.98210.74-.007278       4 3 3 03       0 2 2 01                    R 50e     466553342910 9 711   103.0  101.0
 21 6045.310730 5.153E-29 3.626E-05.05870.066 1936.09530.69-.008989       2 2 2 13       0 0 0 01                    P 70e     565553342910 9 711   139.0  141.0
 21 6045.318531 8.787E-29 9.049E-06.06080.068 1522.16110.71-.007879       4 1 1 03       0 0 0 01                    R 62e     465553342910 9 711   127.0  125.0
 21 6045.405972 3.350E-30 5.063E-06.06690.080 1977.09380.75-.006497       5 1 1 03       0 2 2 01                    P 40e     466663342910 9 711    79.0   81.0
 21 6045.408496 4.881E-26 1.113E-03.06830.086 1080.39310.74-.007146       3 1 1 14       0 1 1 01                    R 32f     566663342910 9 711    67.0   65.0
 21 6045.768138 2.148E-30 9.217E-07.06500.071 1784.28080.73-.007437       4 2 2 03       0 1 1 01                    R 53e     435553342910 9 711   109.0  107.0
 21 6045.817944 7.732E-29 8.630E-07.07480.102  761.12550.69-.005478       5 0 0 03       0 1 1 01                    P 15e     436663342910 9 711    29.0   31.0
 21 6045.942708 3.163E-30 9.737E-04.07420.100 2903.37400.70-.005630       5 0 0 14       2 0 0 01                    R 16e     566663342910 9 711    35.0   33.0
 21 6045.947836 1.536E-29 3.316E-03.05910.066 3114.11500.69-.009404       4 0 0 15       1 0 0 02                    R 68e     465553342910 9 711   139.0  137.0
 21 6045.949170 2.194E-29 8.416E-06.06880.088 1648.42100.74-.007025       3 2 2 14       1 0 0 02                    R 30e     566663342910 9 711    63.0   61.0
 21 6046.013335 2.861E-30 4.085E-05.06960.090 2371.93370.73-.005780       5 2 2 03       1 1 1 01                    R 27e     466663342910 9 711    57.0   55.0
 21 6046.037502 3.604E-26 1.107E-03.06770.084 1159.37030.74-.007382       3 1 1 14       0 1 1 01                    R 35e     566663342910 9 711    73.0   71.0
 21 6046.060181 4.712E-30 3.669E-05.06560.072 2372.86140.74-.007332       4 3 3 03       0 2 2 01                    R 51f     465553342910 9 711   105.0  103.0
 21 6046.099862 2.780E-30 4.280E-05.06930.089 2394.53920.73-.005858       5 2 2 03       1 1 1 01                    R 28f     466663342910 9 711    59.0   57.0
 21 6046.131704 5.110E-25 7.200E-04.06750.084  519.53500.74-.007401       3 0 0 14       0 0 0 01                    P 36e     686663344510 9 711    71.0   73.0
 21 6046.235085 2.633E-30 5.973E-06.06650.078 2075.67110.75-.006615       5 1 1 03       0 2 2 01                    P 43f     466563342910 9 711    85.0   87.0
 21 6046.322348 1.801E-29 3.382E-07.06900.089 1007.13350.73-.007100       2 3 3 13       0 1 1 01                    P 29e     566663342910 9 711    57.0   59.0
 21 6046.404613 1.410E-27 9.508E-04.06880.088 1750.96060.74-.007108       4 0 0 14       1 0 0 01                    P 30e     566663342910 9 711    59.0   61.0
 21 6046.594854 5.947E-29 9.604E-06.06010.067 1621.00360.70-.007970       4 1 1 03       0 0 0 01                    R 64e     465553342910 9 711   131.0  129.0
 21 6046.632700 1.728E-29 3.020E-07.06930.090  984.98900.73-.007050       2 3 3 13       0 1 1 01                    P 28f     566663342910 9 711    55.0   57.0
 21 6046.678828 1.754E-29 7.320E-06.07060.093 1622.25620.72-.005537       5 1 1 03       1 0 0 01                    R 24e     466663342910 9 711    51.0   49.0
 21 6046.813721 4.057E-26 1.127E-03.06790.084 1132.78030.74-.007305       3 1 1 14       0 1 1 01                    R 34f     566663342910 9 711    71.0   69.0
 21 6046.834190 4.144E-30 3.859E-05.06530.072 2413.51370.73-.007385       4 3 3 03       0 2 2 01                    R 52e     465553342910 9 711   107.0  105.0
 21 6047.022073 9.473E-30 3.364E-03.05870.066 3222.25130.68-.009500       4 0 0 15       1 0 0 02                    R 70e     465553342910 9 711   143.0  141.0
 21 6047.091716 7.502E-29 3.215E-05.05910.066 1827.97240.69-.008907       2 2 2 13       0 0 0 01                    P 68e     565553342910 9 711   135.0  137.0
 21 6047.100353 3.098E-30 9.779E-04.07310.098 2930.71230.70-.005853       5 0 0 14       2 0 0 01                    R 18e     566663342910 9 711    39.0   37.0
 21 6047.266520 2.911E-26 1.119E-03.06730.082 1216.35090.75-.007533       3 1 1 14       0 1 1 01                    R 37e     566663342910 9 711    77.0   75.0
 21 6047.322678 2.629E-30 1.646E-06.06420.070 1869.26490.73-.007540       4 2 2 03       0 1 1 01                    R 55e     435553342910 9 711   113.0  111.0
 21 6047.401002 3.837E-30 4.526E-06.06720.082 1915.27870.75-.006418       5 1 1 03       0 2 2 01                    P 38e     466663342910 9 711    75.0   77.0
 21 6047.450081 2.352E-29 1.078E-05.06830.086 1697.58250.74-.007190       3 2 2 14       1 0 0 02                    R 32e     566663342910 9 711    67.0   65.0
 21 6047.468027 5.267E-29 6.112E-07.07620.104  738.47170.68-.005378       5 0 0 03       0 1 1 01                    P 13e     436663342910 9 711    25.0   27.0
 21 6047.587743 2.684E-30 4.846E-05.06880.088 2440.69170.74-.006009       5 2 2 03       1 1 1 01                    R 30f     466663342910 9 711    63.0   61.0
 21 6047.596870 2.814E-30 4.663E-05.06900.088 2416.41710.74-.005934       5 2 2 03       1 1 1 01                    R 29e     466663342910 9 711    61.0   59.0
 21 6047.615726 3.560E-30 3.981E-05.06500.071 2454.95170.73-.007437       4 3 3 03       0 2 2 01                    R 53f     465553342910 9 711   109.0  107.0
 21 6047.862309 3.955E-29 1.018E-05.05950.067 1722.94130.70-.008059       4 1 1 03       0 0 0 01                    R 66e     465553342910 9 711   135.0  133.0
 21 6047.894996 6.261E-25 7.146E-04.06790.085  464.17170.74-.007304       3 0 0 14       0 0 0 01                    P 34e     686663344510 9 711    67.0   69.0
 21 6047.903337 3.119E-30 5.377E-06.06680.080 2009.17250.75-.006536       5 1 1 03       0 2 2 01                    P 41f     466563342910 9 711    81.0   83.0
 21 6047.940407 1.545E-29 2.514E-07.06960.091  962.62570.73-.007000       2 3 3 13       0 1 1 01                    P 27e     566663342910 9 711    53.0   55.0
 21 6048.072618 5.752E-30 3.413E-03.05840.065 3333.47470.68-.009595       4 0 0 15       1 0 0 02                    R 72e     465553342910 9 711   147.0  145.0
 21 6048.089490 1.771E-29 8.320E-06.06990.091 1662.04020.73-.005701       5 1 1 03       1 0 0 01                    R 26e     466663342910 9 711    55.0   53.0
 21 6048.207138 3.312E-26 1.141E-03.06750.083 1188.28970.74-.007458       3 1 1 14       0 1 1 01                    R 36f     566663342910 9 711    75.0   73.0
 21 6048.214425 2.956E-30 9.817E-04.07220.096 2961.17370.71-.006063       5 0 0 14       2 0 0 01                    R 20e     566663342910 9 711    43.0   41.0
 21 6048.302376 1.632E-27 9.445E-04.06930.090 1704.94190.73-.007009       4 0 0 14       1 0 0 01                    P 28e     566663342910 9 711    55.0   57.0
 21 6048.316108 1.445E-29 2.211E-07.06990.092  941.97360.73-.006950       2 3 3 13       0 1 1 01                    P 26f     566663342910 9 711    51.0   53.0
 21 6048.387894 3.106E-30 4.189E-05.06470.071 2497.16010.73-.007489       4 3 3 03       0 2 2 01                    R 54e     465553342910 9 711   111.0  109.0
 21 6048.476094 2.310E-26 1.131E-03.06700.080 1276.44760.75-.007680       3 1 1 14       0 1 1 01                    R 39e     566663342910 9 711    81.0   79.0
 21 6048.864293 1.071E-28 2.841E-05.05950.067 1722.94130.70-.008823       2 2 2 13       0 0 0 01                    P 66e     565553342910 9 711   131.0  133.0
 21 6048.869046 3.009E-30 2.793E-06.06320.070 1957.35410.72-.007640       4 2 2 03       0 1 1 01                    R 57e     435553342910 9 711   117.0  115.0
 21 6048.948313 2.440E-29 1.361E-05.06790.084 1749.86000.74-.007349       3 2 2 14       1 0 0 02                    R 34e     566663342910 9 711    71.0   69.0
 21 6049.070067 2.524E-30 5.447E-05.06830.086 2489.96950.74-.006155       5 2 2 03       1 1 1 01                    R 32f     466663342910 9 711    67.0   65.0
 21 6049.098996 3.439E-30 3.464E-03.05810.065 3447.78310.67-.009687       4 0 0 15       1 0 0 02                    R 74e     465553342910 9 711   151.0  149.0
 21 6049.105474 3.198E-29 4.020E-07.07780.107  718.94190.68-.005265       5 0 0 03       0 1 1 01                    P 11e     436663342910 9 711    21.0   23.0
 21 6049.120971 2.584E-29 1.076E-05.05910.066 1827.97240.69-.008145       4 1 1 03       0 0 0 01                    R 68e     465553342910 9 711   139.0  137.0
 21 6049.168963 2.640E-30 4.312E-05.06420.070 2540.15640.73-.007540       4 3 3 03       0 2 2 01                    R 55f     465553342910 9 711   113.0  111.0
 21 6049.179464 2.696E-30 5.287E-05.06850.087 2464.01850.74-.006083       5 2 2 03       1 1 1 01                    R 31e     466663342910 9 711    65.0   63.0
 21 6049.284895 2.754E-30 9.855E-04.07130.095 2994.75810.72-.006262       5 0 0 14       2 0 0 01                    R 22e     566663342910 9 711    47.0   45.0
 21 6049.374891 4.290E-30 4.021E-06.06750.084 1856.58700.74-.006339       5 1 1 03       0 2 2 01                    P 36e     466663342910 9 711    71.0   73.0
 21 6049.488522 1.737E-29 9.375E-06.06930.089 1704.94190.73-.005858       5 1 1 03       1 0 0 01                    R 28e     466663342910 9 711    59.0   57.0
 21 6049.554125 1.268E-29 1.826E-07.07020.093  921.23810.72-.006899       2 3 3 13       0 1 1 01                    P 25e     566663342910 9 711    49.0   51.0
 21 6049.568581 3.612E-30 4.817E-06.06700.081 1945.79590.75-.006458       5 1 1 03       0 2 2 01                    P 39f     466663342910 9 711    77.0   79.0
 21 6049.588343 2.656E-26 1.155E-03.06720.081 1246.92050.75-.007607       3 1 1 14       0 1 1 01                    R 38f     566663342910 9 711    79.0   77.0
 21 6049.644175 7.533E-25 7.098E-04.06830.087  411.92250.74-.007206       3 0 0 14       0 0 0 01                    P 32e     686663344510 9 711    63.0   65.0
 21 6049.666058 1.802E-26 1.144E-03.06680.079 1339.65920.75-.007822       3 1 1 14       0 1 1 01                    R 41e     566563342910 9 711    85.0   83.0
 21 6049.939064 2.286E-30 4.539E-05.06380.070 2583.91980.72-.007590       4 3 3 03       0 2 2 01                    R 56e     465553342910 9 711   115.0  113.0
 21 6049.990337 1.153E-29 1.578E-07.07060.094  902.08370.72-.006848       2 3 3 13       0 1 1 01                    P 24f     566663342910 9 711    47.0   49.0
 21 6050.100746 2.024E-30 3.515E-03.05790.065 3565.17420.66-.009777       4 0 0 15       1 0 0 02                    R 76e     465553342910 9 711   155.0  153.0
 21 6050.174661 1.853E-27 9.394E-04.06990.092 1662.04020.73-.006909       4 0 0 14       1 0 0 01                    P 26e     566663342910 9 711    51.0   53.0
 21 6050.311700 2.510E-30 9.897E-04.07060.093 3031.46490.72-.006453       5 0 0 14       2 0 0 01                    R 24e     566663342910 9 711    51.0   49.0
 21 6050.370930 1.659E-29 1.137E-05.05870.066 1936.09530.68-.008230       4 1 1 03       0 0 0 01                    R 70e     465553342910 9 711   143.0  141.0
 21 6050.405620 3.270E-30 4.574E-06.06220.069 2048.54700.72-.007737       4 2 2 03       0 1 1 01                    R 59e     435553342910 9 711   121.0  119.0
 21 6050.444021 2.454E-29 1.697E-05.06750.083 1805.25230.74-.007504       3 2 2 14       1 0 0 02                    R 36e     566663342910 9 711    75.0   73.0
 21 6050.546766 2.314E-30 6.083E-05.06790.084 2542.37180.74-.006296       5 2 2 03       1 1 1 01                    R 34f     466663342910 9 711    71.0   69.0
 21 6050.628802 1.500E-28 2.502E-05.06010.068 1621.00360.71-.008738       2 2 2 13       0 0 0 01                    P 64e     565553342910 9 711   127.0  129.0
 21 6050.719683 1.922E-30 4.659E-05.06320.070 2628.47400.72-.007640       4 3 3 03       0 2 2 01                    R 57f     465553342910 9 711   117.0  115.0
 21 6050.730137 1.641E-29 2.354E-07.07970.109  702.53630.68-.005133       5 0 0 03       0 1 1 01                    P  9e     436663342910 9 711    17.0   19.0
 21 6050.760631 2.518E-30 5.955E-05.06810.085 2514.73720.74-.006226       5 2 2 03       1 1 1 01                    R 33e     466663342910 9 711    69.0   67.0
 21 6050.836264 1.382E-26 1.157E-03.06650.077 1405.98470.74-.007960       3 1 1 14       0 1 1 01                    R 43e     566563342910 9 711    89.0   87.0
 21 6050.875873 1.659E-29 1.049E-05.06880.088 1750.96060.74-.006009       5 1 1 03       1 0 0 01                    R 30e     466663342910 9 711    63.0   61.0
 21 6050.956908 2.094E-26 1.171E-03.06690.080 1308.67160.75-.007752       3 1 1 14       0 1 1 01                    R 40f     566663342910 9 711    83.0   81.0
 21 6051.077423 1.174E-30 3.571E-03.05770.064 3685.64600.66-.009865       4 0 0 15       1 0 0 02                    R 78e     465553342910 9 711   159.0  157.0
 21 6051.163584 9.897E-30 1.289E-07.07090.095  882.97140.72-.006797       2 3 3 13       0 1 1 01                    P 23e     566663342910 9 711    45.0   47.0
 21 6051.230538 4.086E-30 4.290E-06.06730.083 1885.54220.74-.006379       5 1 1 03       0 2 2 01                    P 37f     466663342910 9 711    73.0   75.0
 21 6051.294738 2.240E-30 9.943E-04.06990.091 3071.29380.73-.006636       5 0 0 14       2 0 0 01                    R 26e     566663342910 9 711    55.0   53.0
 21 6051.327457 4.678E-30 3.549E-06.06790.085 1801.01980.74-.006260       5 1 1 03       0 2 2 01                    P 34e     466663342910 9 711    67.0   69.0
 21 6051.379659 8.898E-25 7.055E-04.06880.088  362.78830.74-.007108       3 0 0 14       0 0 0 01                    P 30e     686663344510 9 711    59.0   61.0
 21 6051.487462 1.653E-30 4.912E-05.06270.069 2673.79130.72-.007689       4 3 3 03       0 2 2 01                    R 58e     465553342910 9 711   119.0  117.0
 21 6051.612287 1.047E-29 1.199E-05.05840.065 2047.30810.68-.008312       4 1 1 03       0 0 0 01                    R 72e     465553342910 9 711   147.0  145.0
 21 6051.655457 8.725E-30 1.092E-07.07130.095  865.31990.71-.006745       2 3 3 13       0 1 1 01                    P 22f     566663342910 9 711    43.0   45.0
 21 6051.930424 3.412E-30 7.309E-06.06120.068 2142.84200.71-.007832       4 2 2 03       0 1 1 01                    R 61e     435553342910 9 711   125.0  123.0
 21 6051.937355 2.395E-29 2.091E-05.06720.081 1863.75860.75-.007653       3 2 2 14       1 0 0 02                    R 38e     566663342910 9 711    79.0   77.0
 21 6051.986594 1.042E-26 1.170E-03.06630.076 1475.42300.74-.008095       3 1 1 14       0 1 1 01                    R 45e     566563342910 9 711    93.0   91.0
 21 6052.017771 2.071E-30 6.753E-05.06750.083 2597.89790.74-.006433       5 2 2 03       1 1 1 01                    R 36f     466663342910 9 711    75.0   73.0
 21 6052.021868 2.062E-27 9.355E-04.07060.094 1622.25620.72-.006808       4 0 0 14       1 0 0 01                    P 24e     566663342910 9 711    47.0   49.0
 21 6052.233867 1.959E-30 9.991E-04.06930.089 3114.24430.73-.006812       5 0 0 14       2 0 0 01                    R 28e     566663342910 9 711    59.0   57.0
 21 6052.251492 1.544E-29 1.166E-05.06830.086 1800.09570.74-.006155       5 1 1 03       1 0 0 01                    R 32e     466663342910 9 711    67.0   65.0
 21 6052.267672 1.375E-30 5.029E-05.06220.069 2719.90300.72-.007737       4 3 3 03       0 2 2 01                    R 59f     465553342910 9 711   121.0  119.0
 21 6052.312394 1.623E-26 1.188E-03.06660.078 1373.54200.75-.007892       3 1 1 14       0 1 1 01                    R 42f     566563342910 9 711    87.0   85.0
 21 6052.339848 2.297E-30 6.674E-05.06770.084 2568.57240.74-.006365       5 2 2 03       1 1 1 01                    R 35e     466663342910 9 711    73.0   71.0
 21 6052.341886 6.355E-30 1.118E-07.08200.112  689.25530.68-.004971       5 0 0 03       0 1 1 01                    P  7e     436663342910 9 711    13.0   15.0
 21 6052.385553 2.058E-28 2.193E-05.06080.068 1522.16110.71-.008653       2 2 2 13       0 0 0 01                    P 62e     565553342910 9 711   123.0  125.0
 21 6052.768858 7.301E-30 8.805E-08.07170.096  847.82630.71-.006692       2 3 3 13       0 1 1 01                    P 21e     566663342910 9 711    41.0   43.0
 21 6052.845164 6.490E-30 1.261E-05.05810.065 2161.60910.67-.008392       4 1 1 03       0 0 0 01                    R 74e     465553342910 9 711   151.0  149.0
 21 6052.888947 4.510E-30 3.797E-06.06770.084 1828.41260.74-.006300       5 1 1 03       0 2 2 01                    P 35f     466663342910 9 711    69.0   71.0
 21 6053.032836 1.173E-30 5.302E-05.06170.069 2766.77310.71-.007785       4 3 3 03       0 2 2 01                    R 60e     465553342910 9 711   123.0  121.0
 21 6053.101849 1.031E-24 7.017E-04.06930.090  316.76990.73-.007009       3 0 0 14       0 0 0 01                    P 28e     686663344510 9 711    55.0   57.0
 21 6053.116966 7.726E-27 1.184E-03.06620.075 1547.97310.74-.008225       3 1 1 14       0 1 1 01                    R 47e     566563342910 9 711    97.0   95.0
 21 6053.128905 1.682E-30 1.005E-03.06880.088 3160.31590.74-.006982       5 0 0 14       2 0 0 01                    R 30e     566663342910 9 711    63.0   61.0
 21 6053.258529 4.969E-30 3.109E-06.06830.087 1748.57800.74-.006181       5 1 1 03       0 2 2 01                    P 32e     466663342910 9 711    63.0   65.0
 21 6053.311530 6.217E-30 7.289E-08.07220.097  831.68290.71-.006639       2 3 3 13       0 1 1 01                    P 20f     566663342910 9 711    39.0   41.0
 21 6053.428456 2.273E-29 2.549E-05.06690.080 1925.37750.75-.007799       3 2 2 14       1 0 0 02                    R 40e     566663342910 9 711    83.0   81.0
 21 6053.441015 3.443E-30 1.148E-05.06040.068 2240.23760.71-.007925       4 2 2 03       0 1 1 01                    R 63e     465553342910 9 711   129.0  127.0
 21 6053.483016 1.811E-30 7.460E-05.06720.081 2656.54690.75-.006565       5 2 2 03       1 1 1 01                    R 38f     466663342910 9 711    79.0   77.0
 21 6053.615329 1.401E-29 1.288E-05.06790.084 1852.34660.74-.006296       5 1 1 03       1 0 0 01                    R 34e     466663342910 9 711    71.0   69.0
 21 6053.619168 1.058E-30 1.054E-07.06640.077 1441.53070.74-.006742       5 0 0 03       0 1 1 01                    Q 44f     436563342910 9 711    89.0   89.0
 21 6053.654339 1.237E-26 1.205E-03.06640.077 1441.53070.74-.008028       3 1 1 14       0 1 1 01                    R 44f     566563342910 9 711    91.0   89.0
 21 6053.844371 2.245E-27 9.321E-04.07130.095 1585.59040.71-.006705       4 0 0 14       1 0 0 01                    P 22e     566663342910 9 711    43.0   45.0
 21 6053.916554 2.047E-30 7.441E-05.06730.082 2625.52330.75-.006499       5 2 2 03       1 1 1 01                    R 37e     466663342910 9 711    77.0   75.0
 21 6053.940616 1.331E-30 3.222E-08.08490.116  679.09900.69-.004760       5 0 0 03       0 1 1 01                    P  5e     436663342910 9 711     9.0   11.0
 21 6053.974254 1.386E-30 1.039E-07.06660.079 1373.54200.75-.006642       5 0 0 03       0 1 1 01                    Q 42f     436563342910 9 711    85.0   85.0
 21 6053.979629 1.417E-30 1.012E-03.06830.086 3209.50800.74-.007146       5 0 0 14       2 0 0 01                    R 32e     566663342910 9 711    67.0   65.0
 21 6054.069696 3.956E-30 1.326E-05.05790.065 2278.99640.66-.008471       4 1 1 03       0 0 0 01                    R 76e     465553342910 9 711   155.0  153.0
 21 6054.134827 2.768E-28 1.916E-05.06170.069 1426.41530.72-.008566       2 2 2 13       0 0 0 01                    P 60e     565553342910 9 711   119.0  121.0
 21 6054.227353 5.636E-27 1.199E-03.06590.074 1623.63350.74-.008352       3 1 1 14       0 1 1 01                    R 49e     566563342910 9 711   101.0   99.0
 21 6054.316622 1.786E-30 1.025E-07.06690.080 1308.67160.75-.006540       5 0 0 03       0 1 1 01                    Q 40f     436663342910 9 711    81.0   81.0
 21 6054.370010 5.044E-30 5.772E-08.07260.098  815.80320.70-.006585       2 3 3 13       0 1 1 01                    P 19e     566663342910 9 711    37.0   39.0
 21 6054.543558 4.853E-30 3.338E-06.06810.086 1774.40790.74-.006221       5 1 1 03       0 2 2 01                    P 33f     466663342910 9 711    65.0   67.0
 21 6054.645726 2.262E-30 1.011E-07.06720.082 1246.92050.75-.006436       5 0 0 03       0 1 1 01                    Q 38f     436663342910 9 711    77.0   77.0
 21 6054.785773 1.173E-30 1.019E-03.06790.084 3261.82000.74-.007305       5 0 0 14       2 0 0 01                    R 34e     566663342910 9 711    71.0   69.0
 21 6054.811118 1.172E-24 6.984E-04.06990.092  273.86800.73-.006909       3 0 0 14       0 0 0 01                    P 26e     686663344510 9 711    51.0   53.0
 21 6054.917454 2.100E-29 3.080E-05.06660.078 1990.10800.75-.007940       3 2 2 14       1 0 0 02                    R 42e     566563342910 9 711    87.0   85.0
 21 6054.934325 3.377E-30 1.781E-05.05980.067 2340.73210.70-.008015       4 2 2 03       0 1 1 01                    R 65e     465553342910 9 711   133.0  131.0
 21 6054.942434 1.548E-30 8.198E-05.06690.080 2718.31800.75-.006693       5 2 2 03       1 1 1 01                    R 40f     466663342910 9 711    83.0   81.0
 21 6054.958607 4.127E-30 4.651E-08.07310.099  801.17310.70-.006530       2 3 3 13       0 1 1 01                    P 18f     566663342910 9 711    35.0   37.0
 21 6054.961055 2.815E-30 9.984E-08.06750.084 1188.28970.74-.006330       5 0 0 03       0 1 1 01                    Q 36f     436663342910 9 711    73.0   73.0
 21 6054.967333 1.242E-29 1.416E-05.06750.083 1907.71230.74-.006433       5 1 1 03       1 0 0 01                    R 36e     466663342910 9 711    75.0   73.0
 21 6054.967363 1.230E-30 5.731E-06.07370.099 2052.02410.70-.004864       6 0 0 04       1 1 1 02                    R 17e     366663342910 9 711    37.0   35.0
 21 6054.982271 9.269E-27 1.222E-03.06620.075 1512.63650.74-.008160       3 1 1 14       0 1 1 01                    R 46f     566563342910 9 711    95.0   93.0
 21 6055.167951 5.132E-30 2.700E-06.06880.088 1699.26250.74-.006101       5 1 1 03       0 2 2 01                    P 30e     466663342910 9 711    59.0   61.0
 21 6055.262133 3.442E-30 9.863E-08.06790.085 1132.78030.74-.006221       5 0 0 03       0 1 1 01                    Q 34f     436663342910 9 711    69.0   69.0
 21 6055.286039 2.371E-30 1.392E-05.05770.064 2399.46790.66-.008547       4 1 1 03       0 0 0 01                    R 78e     465553342910 9 711   159.0  157.0
 21 6055.317794 4.044E-27 1.214E-03.06560.072 1702.40320.74-.008476       3 1 1 14       0 1 1 01                    R 51e     565553342910 9 711   105.0  103.0
 21 6055.490149 1.785E-30 8.264E-05.06700.080 2685.58900.75-.006629       5 2 2 03       1 1 1 01                    R 39e     466663342910 9 711    81.0   79.0
 21 6055.548514 4.134E-30 9.749E-08.06830.087 1080.39310.74-.006110       5 0 0 03       0 1 1 01                    Q 32f     436663342910 9 711    65.0   65.0
 21 6055.642510 2.389E-27 9.296E-04.07220.097 1552.04330.71-.006601       4 0 0 14       1 0 0 01                    P 20e     566663342910 9 711    39.0   41.0
 21 6055.819787 4.874E-30 9.640E-08.06880.088 1031.12910.74-.005996       5 0 0 03       0 1 1 01                    Q 30f     436663342910 9 711    61.0   61.0
 21 6055.876877 3.646E-28 1.665E-05.06270.070 1333.76790.72-.008478       2 2 2 13       0 0 0 01                    P 58e     565553342910 9 711   115.0  117.0
 21 6055.967098 3.225E-30 3.598E-08.07370.100  786.90280.70-.006473       2 3 3 13       0 1 1 01                    P 17e     566663342910 9 711    33.0   35.0
 21 6056.075567 5.640E-30 9.540E-08.06930.090  984.98900.73-.005880       5 0 0 03       0 1 1 01                    Q 28f     436663342910 9 711    57.0   57.0
 21 6056.194139 5.082E-30 2.910E-06.06850.088 1723.52920.74-.006141       5 1 1 03       0 2 2 01                    P 31f     466663342910 9 711    61.0   63.0
 21 6056.295699 6.833E-27 1.241E-03.06600.074 1586.85820.74-.008289       3 1 1 14       0 1 1 01                    R 48f     566563342910 9 711    99.0   97.0
 21 6056.306412 1.444E-30 6.990E-06.07260.097 2080.93170.71-.005057       6 0 0 04       1 1 1 02                    R 19e     366663342910 9 711    41.0   39.0
 21 6056.307454 1.076E-29 1.548E-05.06720.081 1966.19230.75-.006565       5 1 1 03       1 0 0 01                    R 38e     466663342910 9 711    79.0   77.0
 21 6056.315503 6.399E-30 9.446E-08.06990.092  941.97360.73-.005761       5 0 0 03       0 1 1 01                    Q 26f     436663342910 9 711    53.0   53.0
 21 6056.388426 2.855E-27 1.229E-03.06500.071 1784.28080.73-.008596       3 1 1 14       0 1 1 01                    R 53e     565553342910 9 711   109.0  107.0
 21 6056.395959 1.295E-30 8.974E-05.06660.078 2783.21020.75-.006817       5 2 2 03       1 1 1 01                    R 42f     466563342910 9 711    87.0   85.0
 21 6056.404464 1.891E-29 3.689E-05.06640.077 2057.94880.74-.008076       3 2 2 14       1 0 0 02                    R 44e     566563342910 9 711    91.0   89.0
 21 6056.406451 3.232E-30 2.739E-05.05930.066 2444.32390.69-.008102       4 2 2 03       0 1 1 01                    R 67e     465553342910 9 711   137.0  135.0
 21 6056.494368 1.397E-30 1.459E-05.05750.064 2523.02190.65-.008622       4 1 1 03       0 0 0 01                    R 80e     465553342910 9 711   163.0  161.0
 21 6056.507819 1.304E-24 6.957E-04.07060.094  234.08340.72-.006808       3 0 0 14       0 0 0 01                    P 24e     686663344510 9 711    47.0   49.0
 21 6056.539269 7.116E-30 9.360E-08.07060.094  902.08370.72-.005637       5 0 0 03       0 1 1 01                    Q 24f     436663342910 9 711    49.0   49.0
 21 6056.596736 2.517E-30 2.805E-08.07420.101  773.79110.69-.006415       2 3 3 13       0 1 1 01                    P 16f     566663342910 9 711    31.0   33.0
 21 6056.746567 7.746E-30 9.279E-08.07130.095  865.31990.71-.005510       5 0 0 03       0 1 1 01                    Q 22f     436663342910 9 711    45.0   45.0
 21 6056.937125 8.245E-30 9.206E-08.07220.097  831.68290.71-.005378       5 0 0 03       0 1 1 01                    Q 20f     436663342910 9 711    41.0   41.0
 21 6057.055579 5.145E-30 2.321E-06.06930.090 1653.07420.73-.006022       5 1 1 03       0 2 2 01                    P 28e     466663342910 9 711    55.0   57.0
 21 6057.059992 1.524E-30 9.145E-05.06680.079 2748.76860.75-.006755       5 2 2 03       1 1 1 01                    R 41e     466563342910 9 711    85.0   83.0
 21 6057.110699 8.568E-30 9.140E-08.07310.099  801.17310.70-.005239       5 0 0 03       0 1 1 01                    Q 18f     436663342910 9 711    37.0   37.0
 21 6057.267067 8.672E-30 9.080E-08.07420.101  773.79110.69-.005092       5 0 0 03       0 1 1 01                    Q 16f     436663342910 9 711    33.0   33.0
 21 6057.406034 8.524E-30 9.027E-08.07550.103  749.53740.68-.004933       5 0 0 03       0 1 1 01                    Q 14f     436663342910 9 711    29.0   29.0
 21 6057.416600 2.482E-27 9.287E-04.07310.099 1521.61540.70-.006493       4 0 0 14       1 0 0 01                    P 18e     566663342910 9 711    35.0   37.0
 21 6057.439506 1.983E-27 1.245E-03.06420.070 1869.26490.73-.008713       3 1 1 14       0 1 1 01                    R 55e     565553342910 9 711   113.0  111.0
 21 6057.527428 8.102E-30 8.982E-08.07700.105  728.41230.68-.004760       5 0 0 03       0 1 1 01                    Q 12f     436663342910 9 711    25.0   25.0
 21 6057.560166 1.876E-30 2.102E-08.07480.102  761.12550.69-.006355       2 3 3 13       0 1 1 01                    P 15e     566663342910 9 711    29.0   31.0
 21 6057.594120 4.956E-27 1.260E-03.06580.073 1664.19460.74-.008414       3 1 1 14       0 1 1 01                    R 50f     566553342910 9 711   103.0  101.0
 21 6057.611928 4.702E-28 1.441E-05.06380.070 1244.22040.73-.008389       2 2 2 13       0 0 0 01                    P 56e     565553342910 9 711   111.0  113.0
 21 6057.623039 1.627E-30 8.389E-06.07170.095 2112.96250.71-.005239       6 0 0 04       1 1 1 02                    R 21e     366663342910 9 711    45.0   43.0
 21 6057.631099 7.395E-30 8.943E-08.07870.108  710.41630.68-.004566       5 0 0 03       0 1 1 01                    Q 10f     436663342910 9 711    21.0   21.0
 21 6057.635642 9.118E-30 1.685E-05.06690.080 2027.78570.75-.006693       5 1 1 03       1 0 0 01                    R 40e     466663342910 9 711    83.0   81.0
 21 6057.716921 6.412E-30 8.911E-08.08080.111  695.54960.68-.004342       5 0 0 03       0 1 1 01                    Q  8f     436663342910 9 711    17.0   17.0
 21 6057.784790 5.176E-30 8.885E-08.08340.114  683.81240.68-.004075       5 0 0 03       0 1 1 01                    Q  6f     436663342910 9 711    13.0   13.0
 21 6057.834626 3.729E-30 8.868E-08.08660.118  675.20500.69-.003746       5 0 0 03       0 1 1 01                    Q  4f     436663342910 9 711     9.0    9.0
 21 6057.840471 5.171E-30 2.514E-06.06900.089 1675.77720.73-.006062       5 1 1 03       0 2 2 01                    P 29f     466663342910 9 711    57.0   59.0
 21 6057.843530 1.061E-30 9.788E-05.06640.077 2851.22260.74-.006937       5 2 2 03       1 1 1 01                    R 44f     466563342910 9 711    91.0   89.0
 21 6057.852368 3.025E-30 4.186E-05.05890.066 2551.01130.69-.008188       4 2 2 03       0 1 1 01                    R 69e     465553342910 9 711   141.0  139.0
 21 6057.866368 2.124E-30 8.853E-08.09050.123  669.72740.69-.003328       5 0 0 03       0 1 1 01                    Q  2f     436663342910 9 711     5.0    5.0
 21 6057.889584 1.660E-29 4.381E-05.06620.075 2128.89870.74-.008210       3 2 2 14       1 0 0 02                    R 46e     566563342910 9 711    95.0   93.0
 21 6058.192277 1.422E-24 6.937E-04.07130.095  197.41660.71-.006705       3 0 0 14       0 0 0 01                    P 22e     686663344510 9 711    43.0   45.0
 21 6058.225953 1.381E-30 1.571E-08.07550.103  749.53740.68-.006292       2 3 3 13       0 1 1 01                    P 14f     566663342910 9 711    27.0   29.0
 21 6058.471461 1.355E-27 1.262E-03.06320.070 1957.35410.72-.008827       3 1 1 14       0 1 1 01                    R 57e     565553342910 9 711   117.0  115.0
 21 6058.625403 1.275E-30 1.009E-04.06650.077 2815.06110.74-.006877       5 2 2 03       1 1 1 01                    R 43e     466563342910 9 711    89.0   87.0
 21 6058.877018 3.537E-27 1.281E-03.06530.072 1744.64440.73-.008536       3 1 1 14       0 1 1 01                    R 52f     565553342910 9 711   107.0  105.0
 21 6058.917431 1.766E-30 9.925E-06.07090.094 2148.11590.72-.005413       6 0 0 04       1 1 1 02                    R 23e     366663342910 9 711    49.0   47.0
 21 6058.921277 4.993E-30 1.971E-06.06990.092 1610.01380.73-.005942       5 1 1 03       0 2 2 01                    P 26e     466663342910 9 711    51.0   53.0
 21 6058.951849 7.558E-30 1.826E-05.06660.078 2092.49160.75-.006817       5 1 1 03       1 0 0 01                    R 42e     466563342910 9 711    87.0   85.0
 21 6059.166920 2.509E-27 9.288E-04.07420.101 1494.30710.69-.006379       4 0 0 14       1 0 0 01                    P 16e     566663342910 9 711    31.0   33.0
 21 6059.265584 2.771E-30 6.360E-05.05850.066 2660.79240.68-.008271       4 2 2 03       0 1 1 01                    R 71e     465553342910 9 711   145.0  143.0
 21 6059.340180 5.934E-28 1.240E-05.06470.071 1157.77410.73-.008298       2 2 2 13       0 0 0 01                    P 54e     565553342910 9 711   107.0  109.0
 21 6059.372889 1.422E-29 5.164E-05.06600.074 2202.95620.74-.008339       3 2 2 14       1 0 0 02                    R 48e     566563342910 9 711    99.0   97.0
 21 6059.432613 1.233E-30 5.103E-08.09500.123  668.16120.69-.002514       5 0 0 03       0 1 1 01                    R  1e     436663342910 9 711     5.0    3.0
 21 6059.482348 5.101E-30 2.148E-06.06960.091 1631.15270.73-.005982       5 1 1 03       0 2 2 01                    P 27f     466663342910 9 711    53.0   55.0
 21 6059.484946 9.109E-28 1.278E-03.06220.069 2048.54700.72-.008938       3 1 1 14       0 1 1 01                    R 59e     465553342910 9 711   121.0  119.0
 21 6059.864792 1.513E-24 6.923E-04.07220.097  163.86840.71-.006601       3 0 0 14       0 0 0 01                    P 20e     686663344510 9 711    39.0   41.0
 21 6060.143866 2.483E-27 1.301E-03.06470.071 1828.20620.73-.008655       3 1 1 14       0 1 1 01                    R 54f     565553342910 9 711   111.0  109.0
 21 6060.185659 1.045E-30 1.110E-04.06630.076 2884.46540.74-.006996       5 2 2 03       1 1 1 01                    R 45e     466563342910 9 711    93.0   91.0
 21 6060.189798 1.854E-30 1.161E-05.07020.092 2186.39130.73-.005579       6 0 0 04       1 1 1 02                    R 25e     366663342910 9 711    53.0   51.0
 21 6060.256028 6.131E-30 1.969E-05.06640.077 2160.30910.74-.006937       5 1 1 03       1 0 0 01                    R 44e     466563342910 9 711    91.0   89.0
 21 6060.480922 6.023E-28 1.294E-03.06120.068 2142.84200.71-.009046       3 1 1 14       0 1 1 01                    R 61e     465553342910 9 711   125.0  123.0
 21 6060.637785 2.480E-30 9.593E-05.05830.065 2773.66540.67-.008352       4 2 2 03       0 1 1 01                    R 73e     465553342910 9 711   149.0  147.0
 21 6060.764922 4.678E-30 1.652E-06.07060.094 1570.08200.72-.005862       5 1 1 03       0 2 2 01                    P 24e     466663342910 9 711    47.0   49.0
 21 6060.854433 1.190E-29 6.047E-05.06580.073 2280.12000.74-.008465       3 2 2 14       1 0 0 02                    R 50e     566553342910 9 711   103.0  101.0
 21 6060.893719 2.462E-27 9.308E-04.07550.103 1470.11880.68-.006257       4 0 0 14       1 0 0 01                    P 14e     566663342910 9 711    27.0   29.0
 21 6060.972016 7.230E-30 1.695E-07.08850.118  672.06760.69-.002871       5 0 0 03       0 1 1 01                    R  3e     436663342910 9 711     9.0    7.0
 21 6061.061806 7.326E-28 1.061E-05.06530.072 1074.43060.74-.008207       2 2 2 13       0 0 0 01                    P 52e     565553342910 9 711   103.0  105.0
 21 6061.119581 4.865E-30 1.812E-06.07020.093 1589.65660.72-.005902       5 1 1 03       0 2 2 01                    P 25f     466663342910 9 711    49.0   51.0
 21 6061.208308 1.115E-30 3.428E-02.06900.089 3949.84940.73-.007058       4 0 0 24       1 0 0 12                    P 29e     466663342910 9 711    57.0   59.0
 21 6061.394130 1.716E-27 1.324E-03.06380.070 1914.87870.72-.008770       3 1 1 14       0 1 1 01                    R 56f     565553342910 9 711   115.0  113.0
 21 6061.440377 1.886E-30 1.343E-05.06960.090 2227.78800.73-.005738       6 0 0 04       1 1 1 02                    R 27e     366663342910 9 711    57.0   55.0
 21 6061.460773 3.917E-28 1.310E-03.06040.068 2240.23760.71-.009151       3 1 1 14       0 1 1 01                    R 63e     465553342910 9 711   129.0  127.0
 21 6061.525640 1.572E-24 6.916E-04.07310.099  133.43930.70-.006493       3 0 0 14       0 0 0 01                    P 18e     686663344510 9 711    35.0   37.0
 21 6061.548133 4.871E-30 2.117E-05.06620.075 2231.23730.74-.007054       5 1 1 03       1 0 0 01                    R 46e     466563342910 9 711    95.0   93.0
 21 6061.958628 2.161E-30 1.431E-04.05800.065 2889.62850.67-.008432       4 2 2 03       0 1 1 01                    R 75e     465553342910 9 711   153.0  151.0
 21 6062.052886 1.054E-30 3.440E-02.06620.075 4062.77950.74-.007926       5 1 1 15       2 1 1 03                    P 47e     466563342910 9 711    93.0   95.0
 21 6062.334239 9.730E-30 7.035E-05.06530.072 2360.38860.73-.008587       3 2 2 14       1 0 0 02                    R 52e     565553342910 9 711   107.0  105.0
 21 6062.426460 2.504E-28 1.324E-03.05980.067 2340.73210.70-.009254       3 1 1 14       0 1 1 01                    R 65e     465553342910 9 711   133.0  131.0
 21 6062.498198 1.944E-29 3.267E-07.08490.114  679.09900.68-.003276       5 0 0 03       0 1 1 01                    R  5e     466663342910 9 711    13.0   11.0
 21 6062.586399 2.742E-30 8.854E-07.07130.095 1533.27970.71-.005781       5 1 1 03       0 2 2 01                    P 22e     436663343010 9 711    43.0   45.0
 21 6062.597217 2.332E-27 9.348E-04.07700.105 1449.05090.68-.006122       4 0 0 14       1 0 0 01                    P 12e     566663342910 9 711    23.0   25.0
 21 6062.627265 1.167E-27 1.346E-03.06270.069 2004.66030.72-.008883       3 1 1 14       0 1 1 01                    R 58f     465553342910 9 711   119.0  117.0
 21 6062.669434 1.864E-30 1.541E-05.06900.088 2272.30520.74-.005892       6 0 0 04       1 1 1 02                    R 29e     366663342910 9 711    61.0   59.0
 21 6062.751990 2.987E-30 1.006E-06.07090.095 1551.28950.72-.005821       5 1 1 03       0 2 2 01                    P 23f     436663343010 9 711    45.0   47.0
 21 6062.776959 8.842E-28 9.025E-06.06580.074  994.19130.74-.008115       2 2 2 13       0 0 0 01                    P 50e     566553342910 9 711    99.0  101.0
 21 6062.828124 3.791E-30 2.266E-05.06600.074 2305.27510.74-.007167       5 1 1 03       1 0 0 01                    R 48e     466563342910 9 711    99.0   97.0
 21 6063.084799 1.283E-30 3.425E-02.06960.091 3905.70320.73-.006959       4 0 0 24       1 0 0 12                    P 27e     466663342910 9 711    53.0   55.0
 21 6063.175066 1.590E-24 6.919E-04.07420.101  106.12970.69-.006379       3 0 0 14       0 0 0 01                    P 16e     686663344510 9 711    31.0   33.0
 21 6063.216023 1.819E-30 2.095E-04.05780.065 3008.67980.66-.008509       4 2 2 03       0 1 1 01                    R 77e     465553342910 9 711   157.0  155.0
 21 6063.380738 1.572E-28 1.335E-03.05930.066 2444.32390.69-.009355       3 1 1 14       0 1 1 01                    R 67e     465553342910 9 711   137.0  135.0
 21 6063.544492 1.042E-30 6.772E-07.06810.085 1774.40790.74-.007270       2 4 4 13       0 2 2 01                    R 33f     466663342910 9 711    69.0   67.0
 21 6063.812304 7.780E-30 8.135E-05.06470.071 2443.76040.73-.008706       3 2 2 14       1 0 0 02                    R 54e     465553342910 9 711   111.0  109.0
 21 6063.842725 7.815E-28 1.371E-03.06170.069 2097.54970.71-.008992       3 1 1 14       0 1 1 01                    R 60f     465553342910 9 711   123.0  121.0
 21 6063.877259 1.793E-30 1.754E-05.06850.087 2319.94220.74-.006039       6 0 0 04       1 1 1 02                    R 31e     366663342910 9 711    65.0   63.0
 21 6064.011192 3.898E-29 5.265E-07.08200.111  689.25530.68-.003626       5 0 0 03       0 1 1 01                    R  7e     466663342910 9 711    17.0   15.0
 21 6064.095959 2.890E-30 2.417E-05.06580.073 2382.42160.74-.007278       5 1 1 03       1 0 0 01                    R 50e     466553342910 9 711   103.0  101.0
 21 6064.266690 1.058E-30 7.607E-07.06790.084 1801.01980.74-.007349       2 4 4 13       0 2 2 01                    R 34e     466663342910 9 711    71.0   69.0
 21 6064.277598 2.116E-27 9.415E-04.07870.108 1431.10360.68-.005968       4 0 0 14       1 0 0 01                    P 10e     566663342910 9 711    19.0   21.0
 21 6064.280992 1.433E-30 3.436E-02.06630.077 3990.18060.74-.007832       5 1 1 15       2 1 1 03                    P 45e     466563342910 9 711    89.0   91.0
 21 6064.327436 9.684E-29 1.343E-03.05890.066 2551.01130.69-.009452       3 1 1 14       0 1 1 01                    R 69e     465553342910 9 711   141.0  139.0
 21 6064.379410 2.530E-30 7.884E-07.07170.096 1516.05210.71-.005740       5 1 1 03       0 2 2 01                    P 21f     436663343010 9 711    41.0   43.0
 21 6064.385603 2.260E-30 6.835E-07.07220.097 1499.60730.71-.005698       5 1 1 03       0 2 2 01                    P 20e     436663343010 9 711    39.0   41.0
 21 6064.397373 1.464E-30 2.978E-04.05760.064 3130.81720.65-.008585       4 2 2 03       0 1 1 01                    R 79e     465553342910 9 711   161.0  159.0
 21 6064.485769 1.043E-27 7.630E-06.06600.075  917.05730.74-.008022       2 2 2 13       0 0 0 01                    P 48e     566563342910 9 711    95.0   97.0
 21 6064.652616 1.234E-30 3.494E-02.06620.076 4028.90540.74-.007879       5 1 1 15       2 1 1 03                    P 46f     466563342910 9 711    91.0   93.0
 21 6064.813290 1.560E-24 6.933E-04.07550.103   81.94010.68-.006257       3 0 0 14       0 0 0 01                    P 14e     686663344510 9 711    27.0   29.0
 21 6064.936840 1.408E-30 3.332E-02.07020.093 3864.65130.72-.006858       4 0 0 24       1 0 0 12                    P 25e     436663343010 9 711    49.0   51.0
 21 6064.987277 1.064E-30 8.502E-07.06770.084 1828.41260.74-.007427       2 4 4 13       0 2 2 01                    R 35f     466663342910 9 711    73.0   71.0
 21 6065.039960 5.150E-28 1.395E-03.06080.068 2193.54520.71-.009099       3 1 1 14       0 1 1 01                    R 62f     465553342910 9 711   127.0  125.0
 21 6065.064177 1.681E-30 1.983E-05.06810.085 2370.69800.74-.006182       6 0 0 04       1 1 1 02                    R 33e     366663342910 9 711    69.0   67.0
 21 6065.271805 5.845E-29 1.344E-03.05850.066 2660.79240.68-.009548       3 1 1 14       0 1 1 01                    R 71e     465553342910 9 711   145.0  143.0
 21 6065.288589 6.085E-30 9.355E-05.06380.070 2530.23390.72-.008823       3 2 2 14       1 0 0 02                    R 56e     465553342910 9 711   115.0  113.0
 21 6065.351605 2.160E-30 2.570E-05.06530.072 2462.67570.73-.007385       5 1 1 03       1 0 0 01                    R 52e     465553342910 9 711   107.0  105.0
 21 6065.491947 1.116E-30 4.072E-04.05730.064 3256.03870.65-.008658       4 2 2 03       0 1 1 01                    R 81e     465553342910 9 711   165.0  163.0
 21 6065.511051 6.599E-29 7.700E-07.07970.108  702.53630.68-.003929       5 0 0 03       0 1 1 01                    R  9e     466663342910 9 711    21.0   19.0
 21 6065.677347 1.308E-30 1.106E-02.06640.077 3770.91730.74-.007785       3 1 1 23       0 1 1 11                    P 44e     466563342910 9 711    87.0   89.0
 21 6065.705474 1.063E-30 9.483E-07.06750.083 1856.58700.74-.007504       2 4 4 13       0 2 2 01                    R 36e     466663342910 9 711    75.0   73.0
 21 6065.935015 1.817E-27 9.534E-04.08080.111 1416.27720.68-.005785       4 0 0 14       1 0 0 01                    P  8e     566663342910 9 711    15.0   17.0
 21 6066.001690 2.020E-30 5.971E-07.07260.098 1483.94500.70-.005656       5 1 1 03       0 2 2 01                    P 19f     436663343010 9 711    37.0   39.0
 21 6066.162437 1.746E-30 5.075E-07.07310.099 1469.06550.70-.005613       5 1 1 03       0 2 2 01                    P 18e     436663343010 9 711    35.0   37.0
 21 6066.188344 1.200E-27 6.398E-06.06620.076  843.03010.74-.007928       2 2 2 13       0 0 0 01                    P 46e     566563342910 9 711    91.0   93.0
 21 6066.218424 3.341E-28 1.421E-03.06010.067 2292.64530.70-.009203       3 1 1 14       0 1 1 01                    R 64f     465553342910 9 711   131.0  129.0
 21 6066.220878 3.447E-29 1.336E-03.05830.065 2773.66540.67-.009641       3 1 1 14       0 1 1 01                    R 73e     465553342910 9 711   149.0  147.0
 21 6066.230544 1.538E-30 2.229E-05.06770.084 2424.57170.74-.006320       6 0 0 04       1 1 1 02                    R 35e     366663342910 9 711    73.0   71.0
 21 6066.421920 1.054E-30 1.055E-06.06730.082 1885.54220.75-.007579       2 4 4 13       0 2 2 01                    R 37f     466663342910 9 711    77.0   75.0
 21 6066.440502 1.478E-24 6.962E-04.07700.105   60.87090.68-.006122       3 0 0 14       0 0 0 01                    P 12e     686663344510 9 711    23.0   25.0
 21 6066.478904 1.917E-30 3.436E-02.06650.078 3920.69360.75-.007738       5 1 1 15       2 1 1 03                    P 43e     466563342910 9 711    85.0   87.0
 21 6066.595027 1.582E-30 2.722E-05.06470.071 2546.03630.73-.007489       5 1 1 03       1 0 0 01                    R 54e     465553342910 9 711   111.0  109.0
 21 6066.736566 1.664E-30 3.488E-02.06640.077 3957.62980.74-.007785       5 1 1 15       2 1 1 03                    P 44f     466563342910 9 711    87.0   89.0
 21 6066.763020 4.658E-30 1.070E-04.06270.069 2619.80750.72-.008936       3 2 2 14       1 0 0 02                    R 58e     465553342910 9 711   119.0  117.0
 21 6066.764597 1.595E-30 3.420E-02.07090.095 3826.69450.72-.006757       4 0 0 24       1 0 0 12                    P 23e     466663342910 9 711    45.0   47.0
 21 6066.997853 9.963E-29 1.058E-06.07780.105  718.94190.68-.004197       5 0 0 03       0 1 1 01                    R 11e     466663342910 9 711    25.0   23.0
 21 6067.136071 1.038E-30 1.170E-06.06720.081 1915.27870.75-.007653       2 4 4 13       0 2 2 01                    R 38e     466663342910 9 711    79.0   77.0
 21 6067.183678 1.981E-29 1.314E-03.05800.065 2889.62850.67-.009732       3 1 1 14       0 1 1 01                    R 75e     465553342910 9 711   153.0  151.0
 21 6067.376748 1.374E-30 2.492E-05.06730.082 2481.56240.75-.006453       6 0 0 04       1 1 1 02                    R 37e     366663342910 9 711    77.0   75.0
 21 6067.377577 2.134E-28 1.448E-03.05950.067 2394.84830.70-.009305       3 1 1 14       0 1 1 01                    R 66f     465553342910 9 711   135.0  133.0
 21 6067.569587 1.442E-27 9.752E-04.08340.114 1404.57190.68-.005557       4 0 0 14       1 0 0 01                    P  6e     566663342910 9 711    11.0   13.0
 21 6067.618690 1.500E-30 4.320E-07.07370.100 1454.96860.70-.005570       5 1 1 03       0 2 2 01                    P 17f     436663343010 9 711    33.0   35.0
 21 6067.809179 1.695E-30 1.083E-02.06660.079 3703.56490.75-.007690       3 1 1 23       0 1 1 11                    P 42e     466563342910 9 711    83.0   85.0
 21 6067.826199 1.136E-30 2.873E-05.06380.070 2632.50220.72-.007590       5 1 1 03       1 0 0 01                    R 56e     465553342910 9 711   115.0  113.0
 21 6067.840230 1.307E-30 9.644E-03.06650.078 3737.98250.75-.007738       3 1 1 23       0 1 1 11                    P 43f     466563342910 9 711    85.0   87.0
 21 6067.884775 1.348E-27 5.329E-06.06640.077  772.11070.74-.007833       2 2 2 13       0 0 0 01                    P 44e     566563342910 9 711    87.0   89.0
 21 6067.916813 1.242E-30 3.570E-07.07420.101 1441.65470.69-.005525       5 1 1 03       0 2 2 01                    P 16e     436663343010 9 711    31.0   33.0
 21 6068.056863 1.341E-24 7.014E-04.07870.108   42.92250.68-.005968       3 0 0 14       0 0 0 01                    P 10e     686663344510 9 711    19.0   21.0
 21 6068.077745 1.269E-30 3.302E-02.06080.068 4073.30330.71-.008599       5 0 0 15       2 0 0 03                    P 62e     465553342910 9 711   123.0  125.0
 21 6068.170933 1.082E-29 1.248E-03.05780.065 3008.67980.66-.009821       3 1 1 14       0 1 1 01                    R 77e     465553343010 9 711   157.0  155.0
 21 6068.235486 3.492E-30 1.218E-04.06170.069 2712.47950.71-.009046       3 2 2 14       1 0 0 02                    R 60e     465553342910 9 711   123.0  121.0
 21 6068.471696 1.381E-28 1.391E-06.07620.103  738.47170.68-.004438       5 0 0 03       0 1 1 01                    R 13e     466663342910 9 711    29.0   27.0
 21 6068.503214 1.200E-30 2.772E-05.06700.080 2541.66900.75-.006583       6 0 0 04       1 1 1 02                    R 39e     366663342910 9 711    81.0   79.0
 21 6068.516888 1.342E-28 1.476E-03.05910.066 2500.15240.69-.009404       3 1 1 14       0 1 1 01                    R 68f     465553342910 9 711   139.0  137.0
 21 6068.568226 1.722E-30 3.423E-02.07170.096 3791.83360.71-.006653       4 0 0 24       1 0 0 12                    P 21e     466663342910 9 711    41.0   43.0
 21 6068.646756 2.519E-30 3.434E-02.06680.080 3854.32000.75-.007642       5 1 1 15       2 1 1 03                    P 41e     466563342910 9 711    81.0   83.0
 21 6068.795792 2.206E-30 3.482E-02.06660.079 3889.47630.75-.007690       5 1 1 15       2 1 1 03                    P 42f     466563342910 9 711    83.0   85.0
 21 6069.181402 1.003E-27 1.023E-03.08660.118 1395.98790.69-.005249       4 0 0 14       1 0 0 01                    P  4e     566663342910 9 711     7.0    9.0
 21 6069.193851 5.802E-30 1.182E-03.05760.064 3130.81720.65-.009908       3 1 1 14       0 1 1 01                    R 79e     465553343010 9 711   161.0  159.0
 21 6069.230283 1.013E-30 2.930E-07.07480.102 1429.12360.69-.005478       5 1 1 03       0 2 2 01                    P 15f     436663343010 9 711    29.0   31.0
 21 6069.575135 1.476E-27 4.401E-06.06660.079  704.30050.75-.007737       2 2 2 13       0 0 0 01                    P 42e     566563342910 9 711    83.0   85.0
 21 6069.610405 1.026E-30 3.072E-05.06680.079 2604.89030.75-.006708       6 0 0 04       1 1 1 02                    R 41e     366563342910 9 711    85.0   83.0
 21 6069.635848 8.306E-29 1.505E-03.05870.066 2608.55600.68-.009500       3 1 1 14       0 1 1 01                    R 70f     465553342910 9 711   143.0  141.0
 21 6069.648651 1.630E-30 4.783E-07.07550.103 1417.37550.68-.005429       5 1 1 03       0 2 2 01                    P 14e     436663342910 9 711    27.0   29.0
 21 6069.662507 1.152E-24 7.102E-04.08080.111   28.09510.68-.005785       3 0 0 14       0 0 0 01                    P  8e     686663344510 9 711    15.0   17.0
 21 6069.705837 2.563E-30 1.380E-04.06080.068 2808.24800.71-.009153       3 2 2 14       1 0 0 02                    R 62e     465553342910 9 711   127.0  125.0
 21 6069.797838 1.625E-30 9.139E-03.06680.080 3672.07350.75-.007642       3 1 1 23       0 1 1 11                    P 41f     466563342910 9 711    81.0   83.0
 21 6069.906849 2.146E-30 1.055E-02.06690.080 3639.30160.75-.007595       3 1 1 23       0 1 1 11                    P 40e     466663342910 9 711    79.0   81.0
 21 6069.928853 1.120E-30 1.811E-02.06690.080 3884.17820.75-.007595       4 3 3 14       1 3 3 02                    P 40f     466663342910 9 711    79.0   81.0
 21 6069.932700 1.791E-28 1.771E-06.07480.101  761.12550.69-.004659       5 0 0 03       0 1 1 01                    R 15e     466663342910 9 711    33.0   31.0
 21 6069.971638 1.125E-30 1.869E-02.06220.069 3970.58580.72-.008469       4 2 2 14       1 2 2 02                    P 59f     465553342910 9 711   117.0  119.0
 21 6070.261737 3.000E-30 1.096E-03.05730.064 3256.03870.65-.009992       3 1 1 14       0 1 1 01                    R 81e     465553343010 9 711   165.0  163.0
 21 6070.347866 1.814E-30 3.426E-02.07260.098 3760.06920.70-.006547       4 0 0 24       1 0 0 12                    P 19e     466663342910 9 711    37.0   39.0
 21 6070.421818 1.948E-30 3.290E-02.06170.069 3977.42250.72-.008513       5 0 0 15       2 0 0 03                    P 60e     465553342910 9 711   119.0  121.0
 21 6070.733974 5.062E-29 1.535E-03.05840.065 2720.05720.68-.009595       3 1 1 14       0 1 1 01                    R 72f     465553342910 9 711   147.0  145.0
 21 6070.770513 5.154E-28 1.195E-03.09050.123 1390.52530.69-.004701       4 0 0 14       1 0 0 01                    P  2e     566663342910 9 711     3.0    5.0
 21 6070.784675 3.255E-30 3.435E-02.06700.081 3791.06120.75-.007546       5 1 1 15       2 1 1 03                    P 39e     466663342910 9 711    77.0   79.0
 21 6070.830513 2.874E-30 3.477E-02.06690.080 3824.44640.75-.007595       5 1 1 15       2 1 1 03                    P 40f     466663342910 9 711    79.0   81.0
 21 6070.836352 1.330E-30 3.998E-07.07620.104 1406.41030.68-.005378       5 1 1 03       0 2 2 01                    P 13f     436663342910 9 711    25.0   27.0
 21 6070.933616 1.271E-30 1.811E-02.06700.081 3852.80350.75-.007546       4 3 3 14       1 3 3 02                    P 39e     466663342910 9 711    77.0   79.0
 21 6071.173878 1.844E-30 1.557E-04.06010.067 2907.11140.70-.009258       3 2 2 14       1 0 0 02                    R 64e     465553342910 9 711   131.0  129.0
 21 6071.257535 9.137E-25 7.262E-04.08340.114   16.38900.68-.005557       3 0 0 14       0 0 0 01                    P  6e     686663344510 9 711    11.0   13.0
 21 6071.259479 1.573E-27 3.600E-06.06690.080  639.60040.75-.007641       2 2 2 13       0 0 0 01                    P 40e     566663342910 9 711    79.0   81.0
 21 6071.368108 1.393E-30 1.884E-02.06270.070 3924.58610.72-.008425       4 2 2 14       1 2 2 02                    P 58e     465553342910 9 711   115.0  117.0
 21 6071.379226 1.555E-30 1.036E-03.05710.064 3384.34230.64-.008731       4 2 2 03       0 1 1 01                    R 83e     435553342910 9 711   169.0  167.0
 21 6071.381010 2.196E-28 2.196E-06.07370.099  786.90280.70-.004864       5 0 0 03       0 1 1 01                    R 17e     466663342910 9 711    37.0   35.0
 21 6071.722782 1.960E-30 8.550E-03.06700.081 3609.25880.75-.007546       3 1 1 23       0 1 1 11                    P 39f     466663342910 9 711    77.0   79.0
 21 6071.810818 3.038E-29 1.565E-03.05810.065 2834.65420.67-.009687       3 1 1 14       0 1 1 01                    R 74f     465553342910 9 711   151.0  149.0
 21 6071.938602 1.437E-30 1.812E-02.06720.082 3822.21220.75-.007498       4 3 3 14       1 3 3 02                    P 38f     466663342910 9 711    75.0   77.0
 21 6071.968784 2.649E-30 1.020E-02.06720.082 3578.12850.75-.007498       3 1 1 23       0 1 1 11                    P 38e     466663342910 9 711    75.0   77.0
 21 6072.103643 1.863E-30 3.434E-02.07370.100 3731.40200.70-.006437       4 0 0 24       1 0 0 12                    P 17e     466663342910 9 711    33.0   35.0
 21 6072.256913 1.692E-30 1.868E-02.06320.070 3879.11560.72-.008381       4 2 2 14       1 2 2 02                    P 57f     465553342910 9 711   113.0  115.0
 21 6072.639375 1.300E-30 1.750E-04.05950.067 3009.06770.70-.009360       3 2 2 14       1 0 0 02                    R 66e     465553342910 9 711   135.0  133.0
 21 6072.737211 2.943E-30 3.279E-02.06270.070 3884.63950.72-.008425       5 0 0 15       2 0 0 03                    P 58e     465553342910 9 711   115.0  117.0
 21 6072.816793 2.568E-28 2.668E-06.07260.097  815.80320.71-.005057       5 0 0 03       0 1 1 01                    R 19e     466663342910 9 711    41.0   39.0
 21 6072.840938 3.679E-30 3.472E-02.06720.082 3762.54160.75-.007498       5 1 1 15       2 1 1 03                    P 38f     466663342910 9 711    75.0   77.0
 21 6072.842020 6.351E-25 7.612E-04.08660.118    7.80430.69-.005249       3 0 0 14       0 0 0 01                    P  4e     686663344510 9 711     7.0    9.0
 21 6072.865985 1.795E-29 1.597E-03.05790.065 2952.34500.66-.009777       3 1 1 14       0 1 1 01                    R 76f     465553342910 9 711   155.0  153.0
 21 6072.892785 4.131E-30 3.435E-02.06730.083 3730.91830.74-.007450       5 1 1 15       2 1 1 03                    P 37e     566663342910 9 711    73.0   75.0
 21 6072.932713 1.617E-30 1.813E-02.06730.083 3792.40280.74-.007450       4 3 3 14       1 3 3 02                    P 37e     466663342910 9 711    73.0   75.0
 21 6072.937851 1.630E-27 2.915E-06.06720.082  578.01160.75-.007544       2 2 2 13       0 0 0 01                    P 38e     566663342910 9 711    75.0   77.0
 21 6073.046970 1.018E-30 1.905E-02.05830.065 4038.92980.68-.009053       4 1 1 14       1 1 1 02                    P 73e     465553342910 9 711   145.0  147.0
 21 6073.111642 2.614E-28 5.997E-04.09500.127 1388.18420.69-.003111       4 0 0 14       1 0 0 01                    R  0e     566663342910 9 711     3.0    1.0
 21 6073.610673 2.076E-30 1.880E-02.06380.070 3834.65720.73-.008337       4 2 2 14       1 2 2 02                    P 56e     465553342910 9 711   111.0  113.0
 21 6073.613651 2.286E-30 7.873E-03.06730.083 3549.53950.74-.007450       3 1 1 23       0 1 1 11                    P 37f     466663342910 9 711    73.0   75.0
 21 6073.832051 1.187E-30 1.110E-05.07480.101 2170.54690.69-.004659       6 0 0 03       1 1 1 01                    R 15e     466663342910 9 711    33.0   31.0
 21 6073.835668 1.859E-30 3.445E-02.07480.102 3705.83250.69-.006319       4 0 0 24       1 0 0 12                    P 15e     466663342910 9 711    29.0   31.0
 21 6073.899146 1.044E-29 1.629E-03.05770.064 3073.12770.66-.009865       3 1 1 14       0 1 1 01                    R 78f     465553342910 9 711   159.0  157.0
 21 6073.925398 1.811E-30 1.814E-02.06750.084 3763.37680.74-.007401       4 3 3 14       1 3 3 02                    P 36f     466663342910 9 711    71.0   73.0
 21 6073.992869 3.179E-30 9.755E-03.06750.084 3520.04650.74-.007401       3 1 1 23       0 1 1 11                    P 36e     466663342910 9 711    71.0   73.0
 21 6074.240241 2.880E-28 3.187E-06.07170.095  847.82630.71-.005239       5 0 0 03       0 1 1 01                    R 21e     466663342910 9 711    45.0   43.0
 21 6074.416005 3.263E-25 8.890E-04.09050.123    2.34130.69-.004701       3 0 0 14       0 0 0 01                    P  2e     686663344510 9 711     3.0    5.0
 21 6074.515996 2.504E-30 1.866E-02.06420.071 3790.75680.73-.008292       4 2 2 14       1 2 2 02                    P 55f     465553342910 9 711   109.0  111.0
 21 6074.610279 1.641E-27 2.334E-06.06750.084  519.53500.74-.007447       2 2 2 13       0 0 0 01                    P 36e     566663342910 9 711    71.0   73.0
 21 6074.644005 7.776E-28 7.737E-04.09050.120 1390.52530.70-.003261       4 0 0 14       1 0 0 01                    R  2e     566663342910 9 711     7.0    5.0
 21 6074.827271 4.627E-30 3.469E-02.06750.084 3703.76300.74-.007401       5 1 1 15       2 1 1 03                    P 36f     566663342910 9 711    71.0   73.0
 21 6074.908672 2.019E-30 1.814E-02.06770.084 3735.13320.74-.007353       4 3 3 14       1 3 3 02                    P 35e     466663342910 9 711    69.0   71.0
 21 6074.910063 5.983E-30 1.664E-03.05750.064 3197.00030.65-.009950       3 1 1 14       0 1 1 01                    R 80f     465553342910 9 711   163.0  161.0
 21 6074.971207 5.150E-30 3.436E-02.06770.084 3673.89260.74-.007353       5 1 1 15       2 1 1 03                    P 35e     566663342910 9 711    69.0   71.0
 21 6075.024089 4.375E-30 3.268E-02.06380.070 3794.95640.73-.008337       5 0 0 15       2 0 0 03                    P 56e     465553342910 9 711   111.0  113.0
 21 6075.335505 1.451E-30 1.372E-05.07370.099 2196.30940.70-.004864       6 0 0 03       1 1 1 01                    R 17e     466663342910 9 711    37.0   35.0
 21 6075.469108 2.568E-30 7.110E-03.06770.084 3492.91660.74-.007353       3 1 1 23       0 1 1 11                    P 35f     466663342910 9 711    69.0   71.0
 21 6075.544039 1.795E-30 3.462E-02.07620.104 3683.36110.68-.006192       4 0 0 24       1 0 0 12                    P 13e     466663342910 9 711    25.0   27.0
 21 6075.651570 3.113E-28 3.755E-06.07090.094  882.97140.72-.005413       5 0 0 03       0 1 1 01                    R 23e     466663342910 9 711    49.0   47.0
 21 6075.674848 1.708E-30 1.900E-02.05850.066 3926.06690.68-.008973       4 1 1 14       1 1 1 02                    P 71e     465553342910 9 711   141.0  143.0
 21 6075.829393 3.044E-30 1.877E-02.06470.071 3747.84150.73-.008247       4 2 2 14       1 2 2 02                    P 54e     465553342910 9 711   107.0  109.0
 21 6075.889275 2.241E-30 1.815E-02.06790.085 3707.67310.74-.007304       4 3 3 14       1 3 3 02                    P 34f     466663342910 9 711    67.0   69.0
 21 6075.898619 3.374E-30 1.698E-03.05720.064 3323.96060.64-.010034       3 1 1 14       0 1 1 01                    R 82f     465553342910 9 711   167.0  165.0
 21 6075.976301 3.688E-30 9.186E-03.06790.085 3465.05660.74-.007304       3 1 1 23       0 1 1 11                    P 34e     466663342910 9 711    67.0   69.0
 21 6076.153587 1.266E-27 8.235E-04.08660.116 1395.98790.69-.003737       4 0 0 14       1 0 0 01                    R  4e     566663342910 9 711    11.0    9.0
 21 6076.276780 1.601E-27 1.845E-06.06790.085  464.17170.74-.007348       2 2 2 13       0 0 0 01                    P 34e     566663342910 9 711    67.0   69.0
 21 6076.748854 1.147E-30 6.392E-05.06080.068 2808.24800.71-.007385       5 1 1 03       1 0 0 02                    P 62e     465553342910 9 711   123.0  125.0
 21 6076.748989 3.644E-30 1.864E-02.06500.072 3705.51100.73-.008202       4 2 2 14       1 2 2 02                    P 53f     465553342910 9 711   105.0  107.0
 21 6076.757314 1.654E-25 4.458E-04.09500.127    0.00000.69-.003111       3 0 0 14       0 0 0 01                    R  0e     686663344510 9 711     3.0    1.0
 21 6076.789705 5.714E-30 3.466E-02.06790.085 3648.11210.74-.007304       5 1 1 15       2 1 1 03                    P 34f     566663342910 9 711    67.0   69.0
 21 6076.833153 1.691E-30 1.662E-05.07260.097 2225.19330.71-.005057       6 0 0 03       1 1 1 01                    R 19e     466663342910 9 711    41.0   39.0
 21 6076.861567 2.475E-30 1.816E-02.06810.086 3680.99580.74-.007255       4 3 3 14       1 3 3 02                    P 33e     466663342910 9 711    65.0   67.0
 21 6076.864853 1.873E-30 1.733E-03.05700.064 3454.00660.64-.010116       3 1 1 14       0 1 1 01                    R 84f     465553342910 9 711   171.0  169.0
 21 6077.020055 6.304E-30 3.438E-02.06810.086 3619.98510.74-.007255       5 1 1 15       2 1 1 03                    P 33e     566663342910 9 711    65.0   67.0
 21 6077.051021 3.252E-28 4.370E-06.07020.092  921.23810.73-.005579       5 0 0 03       0 1 1 01                    R 25e     466663342910 9 711    53.0   51.0
 21 6077.140947 1.263E-30 1.452E-02.06040.068 3907.93520.71-.008642       3 0 0 23       0 0 0 11                    P 63e     465553342910 9 711   125.0  127.0
 21 6077.149559 1.502E-30 5.179E-03.06730.083 3549.53950.74-.006424       4 2 2 12       0 1 1 11                    P 37f     466663342910 9 711    73.0   75.0
 21 6077.228837 1.668E-30 3.487E-02.07780.107 3663.98840.68-.006048       4 0 0 24       1 0 0 12                    P 11e     466663342910 9 711    21.0   23.0
 21 6077.282637 6.399E-30 3.258E-02.06470.071 3708.37490.73-.008247       5 0 0 15       2 0 0 03                    P 54e     465553342910 9 711   107.0  109.0
 21 6077.288173 2.767E-30 6.273E-03.06810.086 3439.39090.74-.006264       4 2 2 12       0 1 1 11                    P 33f     466663342910 9 711    65.0   67.0
 21 6077.640289 1.708E-27 8.499E-04.08340.112 1404.57190.68-.004165       4 0 0 14       1 0 0 01                    R  6e     566663342910 9 711    15.0   13.0
 21 6077.809016 1.024E-30 1.769E-03.05680.063 3587.13620.63-.010196       3 1 1 14       0 1 1 01                    R 86f     465553342910 9 711   175.0  173.0
 21 6077.830263 2.721E-30 1.817E-02.06830.087 3655.10210.74-.007206       4 3 3 14       1 3 3 02                    P 32f     466663342910 9 711    63.0   65.0
 21 6077.915504 4.111E-30 8.467E-03.06830.087 3413.15970.74-.007206       3 1 1 23       0 1 1 11                    P 32e     466663342910 9 711    63.0   65.0
 21 6077.937361 1.511E-27 1.437E-06.06830.087  411.92250.74-.007250       2 2 2 13       0 0 0 01                    P 32e     566663342910 9 711    63.0   65.0
 21 6078.024340 4.391E-30 1.874E-02.06530.072 3664.14070.74-.008156       4 2 2 14       1 2 2 02                    P 52e     465553342910 9 711   103.0  105.0
 21 6078.152377 1.356E-30 2.001E-02.05840.066 3986.89180.68-.009013       4 1 1 14       1 1 1 02                    P 72f     435553343010 9 711   143.0  145.0
 21 6078.251047 1.046E-30 5.777E-03.06560.073 3713.16460.74-.008111       3 4 4 13       0 4 4 01                    P 51f     465553342910 9 711   101.0  103.0
 21 6078.271433 2.821E-30 1.896E-02.05890.066 3816.29370.69-.008892       4 1 1 14       1 1 1 02                    P 69e     465553342910 9 711   137.0  139.0
 21 6078.305037 4.916E-25 5.747E-04.09050.120    2.34130.70-.003261       3 0 0 14       0 0 0 01                    R  2e     686663344510 9 711     7.0    5.0
 21 6078.325289 1.889E-30 1.977E-05.07170.095 2257.19830.71-.005239       6 0 0 03       1 1 1 01                    R 21e     466663342910 9 711    45.0   43.0
 21 6078.438863 3.293E-28 5.033E-06.06960.090  962.62570.73-.005738       5 0 0 03       0 1 1 01                    R 27e     466663342910 9 711    57.0   55.0
 21 6078.637875 1.580E-30 5.718E-05.06170.069 2712.47950.72-.007312       5 1 1 03       1 0 0 02                    P 60e     465553342910 9 711   119.0  121.0
 21 6078.679079 1.395E-30 1.487E-08.07780.105  718.94190.68-.005029       2 3 3 13       0 1 1 01                    R 11e     566663342910 9 711    25.0   23.0
 21 6078.725540 2.138E-30 5.926E-03.06770.084 3492.91660.74-.006344       4 2 2 12       0 1 1 11                    P 35f     466663342910 9 711    69.0   71.0
 21 6078.728424 6.928E-30 3.464E-02.06830.087 3595.58990.74-.007206       5 1 1 15       2 1 1 03                    P 32f     566663342910 9 711    63.0   65.0
 21 6078.791462 2.977E-30 1.817E-02.06850.088 3629.99150.74-.007157       4 3 3 14       1 3 3 02                    P 31e     466663342910 9 711    61.0   63.0
 21 6078.841932 1.105E-30 5.086E-08.06270.070 1333.76790.72-.007291       3 3 3 02       0 0 0 01                    P 58e     465553342910 9 711   115.0  117.0
 21 6078.890125 1.476E-30 3.524E-02.07970.109 3647.71480.68-.005881       4 0 0 24       1 0 0 12                    P  9e     466663342910 9 711    17.0   19.0
 21 6078.955999 5.218E-30 1.863E-02.06560.073 3623.37980.74-.008111       4 2 2 14       1 2 2 02                    P 51f     465553342910 9 711   101.0  103.0
 21 6079.039440 7.572E-30 3.440E-02.06850.088 3569.19710.74-.007157       5 1 1 15       2 1 1 03                    P 31e     566663342910 9 711    61.0   63.0
 21 6079.070601 2.850E-30 5.392E-03.06850.088 3388.96350.74-.006184       4 2 2 12       0 1 1 11                    P 31f     466663342910 9 711    61.0   63.0
 21 6079.103982 2.085E-27 8.675E-04.08080.109 1416.27720.68-.004531       4 0 0 14       1 0 0 01                    R  8e     566663342910 9 711    19.0   17.0
 21 6079.290212 1.249E-30 5.795E-03.06580.074 3673.14600.74-.008065       3 4 4 13       0 4 4 01                    P 50e     466553342910 9 711    99.0  101.0
 21 6079.351015 1.971E-30 2.038E-08.07700.104  728.41230.68-.005168       2 3 3 13       0 1 1 01                    R 12f     566663342910 9 711    27.0   25.0
 21 6079.513054 9.206E-30 3.248E-02.06530.072 3624.89710.74-.008156       5 0 0 15       2 0 0 03                    P 52e     465553342910 9 711   103.0  105.0
 21 6079.555749 1.942E-30 1.444E-02.06120.069 3811.40960.71-.008556       3 0 0 23       0 0 0 11                    P 61e     465553342910 9 711   121.0  123.0
 21 6079.592018 1.377E-27 1.102E-06.06880.088  362.78830.74-.007150       2 2 2 13       0 0 0 01                    P 30e     566663342910 9 711    59.0   61.0
 21 6079.690363 1.480E-30 3.691E-03.06790.085 3465.05660.74-.006304       4 2 2 12       0 1 1 11                    P 34e     466663342910 9 711    67.0   69.0
 21 6079.748390 3.241E-30 1.818E-02.06880.088 3605.66470.74-.007108       4 3 3 14       1 3 3 02                    P 30f     466663342910 9 711    59.0   61.0
 21 6079.806261 4.362E-30 7.572E-03.06880.088 3364.35680.74-.007108       3 1 1 23       0 1 1 11                    P 30e     466663342910 9 711    59.0   61.0
 21 6079.812246 2.032E-30 2.318E-05.07090.094 2292.32370.72-.005413       6 0 0 03       1 1 1 01                    R 23e     466663342910 9 711    49.0   47.0
 21 6079.815390 3.239E-28 5.746E-06.06900.088 1007.13350.74-.005892       5 0 0 03       0 1 1 01                    R 29e     466663342910 9 711    61.0   59.0
 21 6079.842170 8.000E-25 6.115E-04.08660.116    7.80430.69-.003737       3 0 0 14       0 0 0 01                    R  4e     686663344510 9 711    11.0    9.0
 21 6080.027326 1.381E-30 4.263E-08.06380.070 1244.22040.73-.007216       3 3 3 02       0 0 0 01                    P 56e     465553342910 9 711   111.0  113.0
 21 6080.195575 6.230E-30 1.871E-02.06580.074 3583.55630.74-.008065       4 2 2 14       1 2 2 02                    P 50e     466553342910 9 711    99.0  101.0
 21 6080.213917 2.658E-30 2.688E-08.07620.103  738.47170.68-.005301       2 3 3 13       0 1 1 01                    R 13e     566663342910 9 711    29.0   27.0
 21 6080.320733 2.974E-30 6.749E-03.06810.086 3439.39090.74-.007255       3 1 1 23       0 1 1 11                    P 33f     466663342910 9 711    65.0   67.0
 21 6080.327872 1.485E-30 5.813E-03.06590.074 3633.90920.74-.008019       3 4 4 13       0 4 4 01                    P 49f     466563342910 9 711    97.0   99.0
 21 6080.520893 2.140E-30 5.110E-05.06270.070 2619.80750.72-.007238       5 1 1 03       1 0 0 02                    P 58e     465553342910 9 711   115.0  117.0
 21 6080.527955 1.224E-30 3.586E-02.08200.112 3634.54040.68-.005678       4 0 0 24       1 0 0 12                    P  7e     466663342910 9 711    13.0   15.0
 21 6080.544501 2.384E-27 8.810E-04.07870.107 1431.10360.68-.004850       4 0 0 14       1 0 0 01                    R 10e     566663342910 9 711    23.0   21.0
 21 6080.564968 2.228E-30 1.968E-02.05870.066 3875.32310.69-.008933       4 1 1 14       1 1 1 02                    P 70f     465553342910 9 711   139.0  141.0
 21 6080.643602 8.241E-30 3.463E-02.06880.088 3546.19760.74-.007108       5 1 1 15       2 1 1 03                    P 30f     566663342910 9 711    59.0   61.0
 21 6080.698413 3.511E-30 1.819E-02.06900.089 3582.12130.73-.007058       4 3 3 14       1 3 3 02                    P 29e     466663342910 9 711    57.0   59.0
 21 6080.817240 2.802E-30 4.510E-03.06900.089 3341.63510.73-.006104       4 2 2 12       0 1 1 11                    P 29f     466663342910 9 711    57.0   59.0
 21 6080.836823 4.656E-30 1.921E-02.05930.067 3709.61200.70-.008810       4 1 1 14       1 1 1 02                    P 67e     435553343010 9 711   133.0  135.0
 21 6080.850459 3.549E-30 3.543E-08.07550.102  749.53740.69-.005428       2 3 3 13       0 1 1 01                    R 14f     566663342910 9 711    31.0   29.0
 21 6081.029466 8.923E-30 3.443E-02.06900.089 3521.52940.73-.007058       5 1 1 15       2 1 1 03                    P 29e     566663342910 9 711    57.0   59.0
 21 6081.137136 7.347E-30 1.862E-02.06590.074 3544.36470.74-.008019       4 2 2 14       1 2 2 02                    P 49f     466563342910 9 711    97.0   99.0
 21 6081.180927 3.099E-28 6.507E-06.06850.087 1054.76070.74-.006039       5 0 0 03       0 1 1 01                    R 31e     466663342910 9 711    65.0   63.0
 21 6081.193362 2.142E-30 4.416E-03.06830.087 3413.15970.74-.006224       4 2 2 12       0 1 1 11                    P 32e     466663342910 9 711    63.0   65.0
 21 6081.224642 1.683E-30 3.542E-08.06470.071 1157.77410.73-.007140       3 3 3 02       0 0 0 01                    P 54e     465553342910 9 711   107.0  109.0
 21 6081.235574 1.035E-30 6.251E-03.05930.067 3788.00100.70-.008810       3 3 3 13       0 3 3 01                    P 67e     465553342910 9 711   133.0  135.0
 21 6081.240741 1.207E-27 8.289E-07.06930.090  316.76990.73-.007050       2 2 2 13       0 0 0 01                    P 28e     566663342910 9 711    55.0   57.0
 21 6081.294391 2.112E-30 2.683E-05.07020.092 2330.56900.73-.005579       6 0 0 03       1 1 1 01                    R 25e     466663342910 9 711    53.0   51.0
 21 6081.357876 1.758E-30 5.831E-03.06600.075 3595.45440.74-.007973       3 4 4 13       0 4 4 01                    P 48e     466563342910 9 711    95.0   97.0
 21 6081.368619 1.078E-24 6.303E-04.08340.112   16.38900.68-.004165       3 0 0 14       0 0 0 01                    R  6e     686663344510 9 711    15.0   13.0
 21 6081.503521 1.064E-30 2.714E-06.06660.079 2092.49160.75-.007737       3 2 2 13       1 0 0 01                    P 42e     566563342910 9 711    83.0   85.0
 21 6081.643682 3.784E-30 1.819E-02.06930.090 3559.36190.73-.007009       4 3 3 14       1 3 3 02                    P 28f     466663342910 9 711    55.0   57.0
 21 6081.644344 4.361E-30 6.507E-03.06930.090 3318.64860.73-.007009       3 1 1 23       0 1 1 11                    P 28e     466663342910 9 711    55.0   57.0
 21 6081.715550 1.303E-29 3.238E-02.06580.074 3544.52450.74-.008065       5 0 0 15       2 0 0 03                    P 50e     466553342910 9 711    99.0  101.0
 21 6081.744397 4.531E-30 4.497E-08.07480.101  761.12550.69-.005549       2 3 3 13       0 1 1 01                    R 15e     566663342910 9 711    33.0   31.0
 21 6081.935171 4.024E-30 7.620E-03.06850.088 3388.96350.74-.007157       3 1 1 23       0 1 1 11                    P 31f     466663342910 9 711    61.0   63.0
 21 6081.939405 2.939E-30 1.436E-02.06220.069 3717.95690.72-.008469       3 0 0 23       0 0 0 11                    P 59e     465553342910 9 711   117.0  119.0
 21 6081.961650 2.599E-27 8.932E-04.07700.104 1449.05090.68-.005134       4 0 0 14       1 0 0 01                    R 12e     566663342910 9 711    27.0   25.0
 21 6082.340585 5.789E-30 5.763E-08.07420.100  773.79110.70-.005667       2 3 3 13       0 1 1 01                    R 16f     566663342910 9 711    35.0   33.0
 21 6082.343143 8.693E-30 1.868E-02.06600.075 3506.08980.74-.007973       4 2 2 14       1 2 2 02                    P 48e     466563342910 9 711    95.0   97.0
 21 6082.385325 2.071E-30 5.845E-03.06620.075 3557.78170.74-.007926       3 4 4 13       0 4 4 01                    P 47f     466563342910 9 711    93.0   95.0
 21 6082.387397 1.321E-30 6.281E-03.05950.067 3735.59510.70-.008768       3 3 3 13       0 3 3 01                    P 66f     465553342910 9 711   131.0  133.0
 21 6082.397410 2.852E-30 4.568E-05.06380.070 2530.23390.73-.007164       5 1 1 03       1 0 0 02                    P 56e     465553342910 9 711   111.0  113.0
 21 6082.434082 1.997E-30 2.913E-08.06530.072 1074.43060.74-.007063       3 3 3 02       0 0 0 01                    P 52e     465553342910 9 711   103.0  105.0
 21 6082.530217 2.628E-30 3.671E-03.06960.091 3297.40660.73-.006023       4 2 2 12       0 1 1 11                    P 27f     466663342910 9 711    53.0   55.0
 21 6082.535404 9.614E-30 3.463E-02.06930.090 3499.93630.73-.007009       5 1 1 15       2 1 1 03                    P 28f     566663342910 9 711    55.0   57.0
 21 6082.535824 2.890E-28 7.318E-06.06810.085 1105.50660.74-.006182       5 0 0 03       0 1 1 01                    R 33e     466663342910 9 711    69.0   67.0
 21 6082.582466 4.057E-30 1.820E-02.06960.091 3537.38620.73-.006959       4 3 3 14       1 3 3 02                    P 27e     466663342910 9 711    53.0   55.0
 21 6082.723593 3.061E-30 5.319E-03.06880.088 3364.35680.74-.006144       4 2 2 12       0 1 1 11                    P 30e     466663342910 9 711    59.0   61.0
 21 6082.772131 2.128E-30 3.075E-05.06960.090 2371.93370.73-.005738       6 0 0 03       1 1 1 01                    R 27e     466663342910 9 711    57.0   55.0
 21 6082.883513 1.015E-27 6.106E-07.06990.092  273.86800.73-.006950       2 2 2 13       0 0 0 01                    P 26e     566663342910 9 711    51.0   53.0
 21 6082.884261 1.314E-24 6.427E-04.08080.109   28.09510.68-.004531       3 0 0 14       0 0 0 01                    R  8e     686663344510 9 711    19.0   17.0
 21 6082.950666 3.648E-30 1.960E-02.05910.066 3766.85090.69-.008851       4 1 1 14       1 1 1 02                    P 68f     465553342910 9 711   135.0  137.0
 21 6082.990229 1.031E-29 3.448E-02.06960.091 3476.98310.73-.006959       5 1 1 15       2 1 1 03                    P 27e     566663342910 9 711    53.0   55.0
 21 6083.270430 7.067E-30 7.095E-08.07370.099  786.90280.70-.005780       2 3 3 13       0 1 1 01                    R 17e     566663342910 9 711    37.0   35.0
 21 6083.292512 1.034E-29 1.891E-02.06620.075 3468.46730.74-.007926       4 2 2 14       1 2 2 02                    P 47f     436563343010 9 711    93.0   95.0
 21 6083.331577 1.131E-30 2.214E-06.06690.080 2027.78570.75-.007641       3 2 2 13       1 0 0 01                    P 40e     566663342910 9 711    79.0   81.0
 21 6083.355199 2.726E-27 9.043E-04.07550.102 1470.11880.69-.005392       4 0 0 14       1 0 0 01                    R 14e     566663342910 9 711    31.0   29.0
 21 6083.371119 7.341E-30 1.889E-02.05980.067 3606.02380.70-.008726       4 1 1 14       1 1 1 02                    P 65e     465553342910 9 711   129.0  131.0
 21 6083.405951 2.431E-30 5.862E-03.06620.076 3520.89130.74-.007879       3 4 4 13       0 4 4 01                    P 46e     466563342910 9 711    91.0   93.0
 21 6083.426891 4.070E-30 5.327E-03.06990.092 3276.03580.73-.005983       4 2 2 12       0 1 1 11                    P 26e     466663342910 9 711    51.0   53.0
 21 6083.516160 4.328E-30 1.820E-02.06990.092 3516.19450.73-.006909       4 3 3 14       1 3 3 02                    P 26f     466663342910 9 711    51.0   53.0
 21 6083.567811 5.274E-30 8.496E-03.06900.089 3341.63510.73-.007058       3 1 1 23       0 1 1 11                    P 29f     466663342910 9 711    57.0   59.0
 21 6083.571873 1.664E-30 6.254E-03.05980.067 3683.96020.70-.008726       3 3 3 13       0 3 3 01                    P 65e     465553342910 9 711   129.0  131.0
 21 6083.655830 2.308E-30 2.372E-08.06580.074  994.19130.74-.006986       3 3 3 02       0 0 0 01                    P 50e     466553342910 9 711    99.0  101.0
 21 6083.821305 8.716E-30 8.899E-08.07310.098  801.17310.70-.005890       2 3 3 13       0 1 1 01                    R 18f     566663342910 9 711    39.0   37.0
 21 6083.880464 2.628E-28 8.176E-06.06770.084 1159.37030.74-.006320       5 0 0 03       0 1 1 01                    R 35e     466663342910 9 711    73.0   71.0
 21 6083.890347 1.814E-29 3.229E-02.06600.075 3467.25910.74-.007973       5 0 0 15       2 0 0 03                    P 48e     466563342910 9 711    95.0   97.0
 21 6084.212830 2.354E-30 2.914E-03.07020.093 3256.27860.72-.005943       4 2 2 12       0 1 1 11                    P 25f     466663342910 9 711    49.0   51.0
 21 6084.245912 2.081E-30 3.490E-05.06900.088 2416.41710.74-.005892       6 0 0 03       1 1 1 01                    R 29e     466663342910 9 711    61.0   59.0
 21 6084.266946 3.738E-30 4.082E-05.06470.071 2443.76040.73-.007088       5 1 1 03       1 0 0 02                    P 54e     465553342910 9 711   107.0  109.0
 21 6084.285360 4.282E-30 6.395E-03.06930.090 3318.64860.73-.006064       4 2 2 12       0 1 1 11                    P 28e     466663342910 9 711    55.0   57.0
 21 6084.292135 4.377E-30 1.428E-02.06320.070 3627.57880.72-.008381       3 0 0 23       0 0 0 11                    P 57e     465553342910 9 711   113.0  115.0
 21 6084.388942 1.502E-24 6.522E-04.07870.107   42.92250.68-.004850       3 0 0 14       0 0 0 01                    R 10e     686663344510 9 711    23.0   21.0
 21 6084.403984 1.099E-29 3.464E-02.06990.092 3456.80700.73-.006909       5 1 1 15       2 1 1 03                    P 26f     566663342910 9 711    51.0   53.0
 21 6084.423265 2.840E-30 5.877E-03.06630.077 3484.78330.74-.007832       3 4 4 13       0 4 4 01                    P 45f     466563342910 9 711    89.0   91.0
 21 6084.443660 4.591E-30 1.821E-02.07020.093 3495.78680.72-.006858       4 3 3 14       1 3 3 02                    P 25e     466663342910 9 711    49.0   51.0
 21 6084.467080 1.213E-29 1.897E-02.06620.076 3431.74250.74-.007879       4 2 2 14       1 2 2 02                    P 46e     436563343010 9 711    91.0   93.0
 21 6084.520310 8.154E-28 4.389E-07.07060.094  234.08340.72-.006848       2 2 2 13       0 0 0 01                    P 24e     566663342910 9 711    47.0   49.0
 21 6084.716201 2.105E-30 6.278E-03.06010.068 3633.10850.71-.008684       3 3 3 13       0 3 3 01                    P 64f     465553342910 9 711   127.0  129.0
 21 6084.724887 2.768E-27 9.152E-04.07420.100 1494.30710.70-.005630       4 0 0 14       1 0 0 01                    R 16e     566663342910 9 711    35.0   33.0
 21 6084.791916 1.024E-29 1.068E-07.07260.097  815.80320.71-.005997       2 3 3 13       0 1 1 01                    R 19e     566663342910 9 711    41.0   39.0
 21 6084.890055 2.595E-30 1.911E-08.06600.075  917.05730.74-.006908       3 3 3 02       0 0 0 01                    P 48e     466563342910 9 711    95.0   97.0
 21 6084.921821 1.166E-29 3.451E-02.07020.093 3435.55910.72-.006858       5 1 1 15       2 1 1 03                    P 25e     566663342910 9 711    49.0   51.0
 21 6085.145114 1.169E-30 1.788E-06.06720.082 1966.19230.75-.007544       3 2 2 13       1 0 0 01                    P 38e     566663342910 9 711    75.0   77.0
 21 6085.154263 3.531E-30 4.141E-03.07060.094 3236.51930.72-.005902       4 2 2 12       0 1 1 11                    P 24e     466663342910 9 711    47.0   49.0
 21 6085.215260 2.333E-28 9.081E-06.06730.082 1216.35090.75-.006453       5 0 0 03       0 1 1 01                    R 37e     466663342910 9 711    77.0   75.0
 21 6085.216349 6.676E-30 9.334E-03.06960.091 3297.40660.73-.006959       3 1 1 23       0 1 1 11                    P 27f     466663342910 9 711    53.0   55.0
 21 6085.292522 1.227E-29 1.319E-07.07220.096  831.68290.71-.006102       2 3 3 13       0 1 1 01                    R 20f     566663342910 9 711    43.0   41.0
 21 6085.309696 5.881E-30 1.952E-02.05950.067 3661.47730.70-.008768       4 1 1 14       1 1 1 02                    P 66f     465553342910 9 711   131.0  133.0
 21 6085.365842 4.844E-30 1.821E-02.07060.094 3476.16330.72-.006808       4 3 3 14       1 3 3 02                    P 24f     466663342910 9 711    47.0   49.0
 21 6085.422240 1.408E-29 1.890E-02.06630.077 3395.68880.74-.007832       4 2 2 14       1 2 2 02                    P 45f     436563343010 9 711    89.0   91.0
 21 6085.434343 3.303E-30 5.891E-03.06640.077 3449.45800.74-.007785       3 4 4 13       0 4 4 01                    P 44e     466563342910 9 711    87.0   89.0
 21 6085.538206 1.051E-30 5.883E-03.07130.095 3539.74260.71-.006705       3 5 5 13       0 5 5 01                    P 22f     466663342910 9 711    43.0   45.0
 21 6085.716222 1.979E-30 3.928E-05.06850.087 2464.01850.74-.006039       6 0 0 03       1 1 1 01                    R 31e     466663342910 9 711    65.0   63.0
 21 6085.869142 2.018E-30 2.262E-03.07090.095 3218.25190.72-.005861       4 2 2 12       0 1 1 11                    P 23f     466663342910 9 711    45.0   47.0
 21 6085.874429 1.156E-29 1.885E-02.06040.068 3505.53110.71-.008642       4 1 1 14       1 1 1 02                    P 63e     465553342910 9 711   125.0  127.0
 21 6085.881587 5.794E-30 7.589E-03.06990.092 3276.03580.73-.006909       3 1 1 23       0 1 1 11                    P 26e     466663342910 9 711    51.0   53.0
 21 6085.882478 1.636E-24 6.604E-04.07700.104   60.87090.68-.005134       3 0 0 14       0 0 0 01                    R 12e     686663344510 9 711    27.0   25.0
 21 6085.884762 2.634E-30 6.260E-03.06040.068 3583.02930.71-.008642       3 3 3 13       0 3 3 01                    P 63e     465553342910 9 711   125.0  127.0
 21 6086.037675 2.483E-29 3.220E-02.06620.076 3393.10240.74-.007879       5 0 0 15       2 0 0 03                    P 46e     566563342910 9 711    91.0   93.0
 21 6086.070421 2.732E-27 9.261E-04.07310.098 1521.61540.70-.005853       4 0 0 14       1 0 0 01                    R 18e     566663342910 9 711    39.0   37.0
 21 6086.129044 4.816E-30 3.646E-05.06530.072 2360.38860.74-.007012       5 1 1 03       1 0 0 02                    P 52e     465553342910 9 711   103.0  105.0
 21 6086.136910 2.834E-30 1.521E-08.06620.076  843.03010.74-.006829       3 3 3 02       0 0 0 01                    P 46e     466563342910 9 711    91.0   93.0
 21 6086.151105 6.217E-28 3.062E-07.07130.095  197.41660.71-.006745       2 2 2 13       0 0 0 01                    P 22e     566663342910 9 711    43.0   45.0
 21 6086.249481 1.230E-29 3.466E-02.07060.094 3416.81050.72-.006808       5 1 1 15       2 1 1 03                    P 24f     566663342910 9 711    47.0   49.0
 21 6086.262228 1.147E-30 2.130E-02.05700.064 4065.52230.64-.009471       4 0 0 14       1 0 0 02                    P 84e     565553342910 9 711   167.0  169.0
 21 6086.282028 5.081E-30 1.821E-02.07090.095 3457.32400.72-.006757       4 3 3 14       1 3 3 02                    P 23e     466663342910 9 711    45.0   47.0
 21 6086.308749 1.394E-29 1.549E-07.07170.095  847.82630.71-.006203       2 3 3 13       0 1 1 01                    R 21e     566663342910 9 711    45.0   43.0
 21 6086.441564 3.825E-30 5.906E-03.06650.078 3414.91540.75-.007738       3 4 4 13       0 4 4 01                    P 43f     466563342910 9 711    85.0   87.0
 21 6086.453034 1.087E-30 5.867E-03.07170.096 3522.42260.71-.006653       3 5 5 13       0 5 5 01                    P 21e     466663342910 9 711    41.0   43.0
 21 6086.540658 2.025E-28 1.004E-05.06700.080 1276.44760.75-.006583       5 0 0 03       0 1 1 01                    R 39e     466663342910 9 711    81.0   79.0
 21 6086.567407 1.610E-29 1.864E-02.06640.077 3360.51590.74-.007785       4 2 2 14       1 2 2 02                    P 44e     566563342910 9 711    87.0   89.0
 21 6086.614163 6.417E-30 1.421E-02.06420.071 3540.27680.73-.008292       3 0 0 23       0 0 0 11                    P 55e     465553342910 9 711   109.0  111.0
 21 6086.754128 1.630E-29 1.888E-07.07130.095  865.31990.72-.006302       2 3 3 13       0 1 1 01                    R 22f     566663342910 9 711    47.0   45.0
 21 6086.824324 1.292E-29 3.458E-02.07090.095 3397.25810.72-.006757       5 1 1 15       2 1 1 03                    P 23e     566663342910 9 711    45.0   47.0
 21 6086.831188 2.856E-30 3.068E-03.07130.095 3200.09960.71-.005820       4 2 2 12       0 1 1 11                    P 22e     466663342910 9 711    43.0   45.0
 21 6086.877327 8.148E-30 1.009E-02.07020.093 3256.27860.72-.006858       3 1 1 23       0 1 1 11                    P 25f     466663342910 9 711    49.0   51.0
 21 6086.944373 1.174E-30 1.428E-06.06750.084 1907.71230.74-.007447       3 2 2 13       1 0 0 01                    P 36e     566663342910 9 711    71.0   73.0
 21 6087.020638 3.301E-30 6.276E-03.06080.068 3533.73270.71-.008599       3 3 3 13       0 3 3 01                    P 62f     465553342910 9 711   123.0  125.0
 21 6087.183587 1.833E-30 4.387E-05.06810.085 2514.73720.74-.006182       6 0 0 03       1 1 1 01                    R 33e     466663342910 9 711    69.0   67.0
 21 6087.192745 5.299E-30 1.821E-02.07130.095 3439.26910.71-.006705       4 3 3 14       1 3 3 02                    P 22f     466663342910 9 711    43.0   45.0
 21 6087.361883 1.116E-30 5.846E-03.07220.097 3505.88930.71-.006601       3 5 5 13       0 5 5 01                    P 20f     466663342910 9 711    39.0   41.0
 21 6087.364656 1.713E-24 6.680E-04.07550.102   81.94010.69-.005392       3 0 0 14       0 0 0 01                    R 14e     686663344510 9 711    31.0   29.0
 21 6087.391474 2.629E-27 9.376E-04.07220.096 1552.04330.71-.006063       4 0 0 14       1 0 0 01                    R 20e     566663342910 9 711    43.0   41.0
 21 6087.396533 3.004E-30 1.195E-08.06640.077  772.11070.74-.006750       3 3 3 02       0 0 0 01                    P 44e     466563342910 9 711    87.0   89.0
 21 6087.442955 4.410E-30 5.920E-03.06660.079 3381.15570.75-.007690       3 4 4 13       0 4 4 01                    P 42e     466563342910 9 711    83.0   85.0
 21 6087.503465 1.657E-30 1.721E-03.07170.096 3183.32720.71-.005779       4 2 2 12       0 1 1 11                    P 21f     466663342910 9 711    41.0   43.0
 21 6087.511970 7.495E-30 8.796E-03.07060.094 3236.51930.72-.006808       3 1 1 23       0 1 1 11                    P 24e     466663342910 9 711    47.0   49.0
 21 6087.526432 1.854E-29 1.859E-02.06650.078 3326.03080.75-.007738       4 2 2 14       1 2 2 02                    P 43f     566563342910 9 711    85.0   87.0
 21 6087.642278 9.331E-30 1.945E-02.06010.068 3559.20430.71-.008684       4 1 1 14       1 1 1 02                    P 64f     465553342910 9 711   127.0  129.0
 21 6087.775866 4.468E-28 2.062E-07.07220.097  163.86840.71-.006639       2 2 2 13       0 0 0 01                    P 20e     566663342910 9 711    39.0   41.0
 21 6087.820812 1.798E-29 2.177E-07.07090.094  882.97140.72-.006399       2 3 3 13       0 1 1 01                    R 23e     566663342910 9 711    49.0   47.0
 21 6087.857136 1.718E-28 1.104E-05.06680.079 1339.65920.75-.006708       5 0 0 03       0 1 1 01                    R 41e     466563342910 9 711    85.0   83.0
 21 6087.926812 1.067E-30 3.442E-07.08080.109 1363.33080.68-.003783       5 1 1 03       0 2 2 01                    R  8e     466663342910 9 711    19.0   17.0
 21 6087.983268 6.097E-30 3.252E-05.06580.074 2280.12000.74-.006936       5 1 1 03       1 0 0 02                    P 50e     466553342910 9 711    99.0  101.0
 21 6088.072028 1.347E-29 3.470E-02.07130.095 3379.94780.71-.006705       5 1 1 15       2 1 1 03                    P 22f     566663342910 9 711    43.0   45.0
 21 6088.097594 5.492E-30 1.820E-02.07170.096 3421.99850.71-.006653       4 3 3 14       1 3 3 02                    P 21e     466663342910 9 711    41.0   43.0
 21 6088.157771 3.343E-29 3.213E-02.06640.077 3322.05600.74-.007785       5 0 0 15       2 0 0 03                    P 44e     566563342910 9 711    87.0   89.0
 21 6088.174112 4.100E-30 6.262E-03.06120.069 3485.21000.71-.008556       3 3 3 13       0 3 3 01                    P 61e     465553342910 9 711   121.0  123.0
 21 6088.206012 2.059E-29 2.629E-07.07060.093  902.08370.72-.006494       2 3 3 13       0 1 1 01                    R 24f     566663342910 9 711    51.0   49.0
 21 6088.264744 1.137E-30 5.817E-03.07260.098 3490.14280.70-.006547       3 5 5 13       0 5 5 01                    P 19e     466663342910 9 711    37.0   39.0
 21 6088.346862 1.793E-29 1.883E-02.06120.069 3408.13560.71-.008556       4 1 1 14       1 1 1 02                    P 61e     465553342910 9 711   121.0  123.0
 21 6088.440103 5.061E-30 5.932E-03.06680.080 3348.17910.75-.007642       3 4 4 13       0 4 4 01                    P 41f     466563342910 9 711    81.0   83.0
 21 6088.466067 2.171E-30 2.188E-03.07220.097 3166.77730.71-.005737       4 2 2 12       0 1 1 11                    P 20e     466663342910 9 711    39.0   41.0
 21 6088.546536 9.586E-30 1.076E-02.07090.095 3218.25190.72-.006757       3 1 1 23       0 1 1 11                    P 23f     466663342910 9 711    45.0   47.0
 21 6088.644136 2.135E-29 1.862E-02.06660.079 3292.41120.75-.007690       4 2 2 14       1 2 2 02                    P 42e     566563342910 9 711    83.0   85.0
 21 6088.648577 1.656E-30 4.869E-05.06770.084 2568.57240.74-.006320       6 0 0 03       1 1 1 01                    R 35e     466663342910 9 711    73.0   71.0
 21 6088.669052 3.087E-30 9.263E-09.06660.079  704.30050.75-.006670       3 3 3 02       0 0 0 01                    P 42e     466563342910 9 711    83.0   85.0
 21 6088.687692 2.470E-27 9.490E-04.07130.095 1585.59040.72-.006262       4 0 0 14       1 0 0 01                    R 22e     566663342910 9 711    47.0   45.0
 21 6088.697815 1.399E-29 3.466E-02.07170.096 3362.08090.71-.006653       5 1 1 15       2 1 1 03                    P 21e     566663342910 9 711    41.0   43.0
 21 6088.729571 1.143E-30 1.127E-06.06790.085 1852.34660.74-.007348       3 2 2 13       1 0 0 01                    P 34e     566663342910 9 711    67.0   69.0
 21 6088.835234 1.737E-24 6.751E-04.07420.100  106.12970.70-.005630       3 0 0 14       0 0 0 01                    R 16e     686663344510 9 711    35.0   33.0
 21 6088.885514 1.395E-30 4.215E-07.07970.108 1370.38040.68-.003929       5 1 1 03       0 2 2 01                    R  9f     466663342910 9 711    21.0   19.0
 21 6088.905724 9.255E-30 1.414E-02.06500.072 3456.05220.73-.008202       3 0 0 23       0 0 0 11                    P 53e     465553342910 9 711   105.0  107.0
 21 6088.916838 1.074E-30 5.982E-03.05760.064 3804.95700.66-.009286       3 2 2 13       0 2 2 01                    P 79f     465553342910 9 711   157.0  159.0
 21 6088.979036 2.086E-30 2.114E-02.05720.064 3935.82240.65-.009398       4 0 0 14       1 0 0 02                    P 82e     565553342910 9 711   163.0  165.0
 21 6088.996880 5.657E-30 1.820E-02.07220.097 3405.51240.71-.006601       4 3 3 14       1 3 3 02                    P 20f     466663342910 9 711    39.0   41.0
 21 6089.119903 1.303E-30 1.286E-03.07260.098 3151.50500.70-.005694       4 2 2 12       0 1 1 11                    P 19f     466663342910 9 711    37.0   39.0
 21 6089.136671 1.251E-30 4.825E-02.06650.078 4076.81060.75-.007738       5 1 1 14       2 1 1 02                    P 43e     466563342910 9 711    85.0   87.0
 21 6089.161608 1.149E-30 5.780E-03.07310.099 3475.18330.70-.006493       3 5 5 13       0 5 5 01                    P 18f     466663342910 9 711    35.0   37.0
 21 6089.165210 1.426E-28 1.209E-05.06650.077 1405.98470.74-.006829       5 0 0 03       0 1 1 01                    R 43e     466563342910 9 711    89.0   87.0
 21 6089.171819 9.201E-30 9.893E-03.07130.095 3200.09960.71-.006705       3 1 1 23       0 1 1 11                    P 22e     466663342910 9 711    43.0   45.0
 21 6089.271247 1.081E-30 4.865E-02.06640.077 4113.33880.74-.007785       5 1 1 14       2 1 1 02                    P 44f     466563342910 9 711    87.0   89.0
 21 6089.300793 5.095E-30 6.276E-03.06170.069 3437.46950.72-.008513       3 3 3 13       0 3 3 01                    P 60f     465553342910 9 711   119.0  121.0
 21 6089.327980 2.209E-29 2.980E-07.07020.092  921.23810.73-.006587       2 3 3 13       0 1 1 01                    R 25e     566663342910 9 711    53.0   51.0
 21 6089.372867 1.766E-30 5.061E-07.07870.107 1378.21320.68-.004067       5 1 1 03       0 2 2 01                    R 10e     466663342910 9 711    23.0   21.0
 21 6089.394559 2.997E-28 1.330E-07.07310.099  133.43930.70-.006530       2 2 2 13       0 0 0 01                    P 18e     566663342910 9 711    35.0   37.0
 21 6089.431696 5.783E-30 5.945E-03.06690.080 3315.98570.75-.007595       3 4 4 13       0 4 4 01                    P 40e     466663342910 9 711    79.0   81.0
 21 6089.605198 2.438E-29 1.858E-02.06680.080 3259.49440.75-.007642       4 2 2 14       1 2 2 02                    P 41f     566563342910 9 711    81.0   83.0
 21 6089.648051 2.485E-29 3.574E-07.06990.091  941.97360.73-.006678       2 3 3 13       0 1 1 01                    R 26f     566663342910 9 711    55.0   53.0
 21 6089.829197 7.582E-30 2.898E-05.06600.075 2202.95620.74-.006858       5 1 1 03       1 0 0 02                    P 48e     466563342910 9 711    95.0   97.0
 21 6089.871741 1.441E-29 3.476E-02.07220.097 3346.21960.71-.006601       5 1 1 15       2 1 1 03                    P 20f     566663342910 9 711    39.0   41.0
 21 6089.890378 5.787E-30 1.819E-02.07260.098 3389.81090.70-.006547       4 3 3 14       1 3 3 02                    P 19e     466663342910 9 711    37.0   39.0
 21 6089.948636 1.457E-29 1.938E-02.06080.068 3460.03390.71-.008599       4 1 1 14       1 1 1 02                    P 62f     465553342910 9 711   123.0  125.0
 21 6089.954582 3.068E-30 7.065E-09.06690.080  639.60040.75-.006590       3 3 3 02       0 0 0 01                    P 40e     466663342910 9 711    79.0   81.0
 21 6089.958690 2.270E-27 9.610E-04.07060.093 1622.25620.72-.006453       4 0 0 14       1 0 0 01                    R 24e     566663342910 9 711    51.0   49.0
 21 6090.052463 1.152E-30 5.739E-03.07370.100 3461.01060.70-.006437       3 5 5 13       0 5 5 01                    P 17e     466663342910 9 711    33.0   35.0
 21 6090.068797 1.564E-30 1.517E-03.07310.099 3136.55310.70-.005651       4 2 2 12       0 1 1 11                    P 18e     466663342910 9 711    35.0   37.0
 21 6090.111805 1.459E-30 5.367E-05.06730.082 2625.52330.75-.006453       6 0 0 03       1 1 1 01                    R 37e     466663342910 9 711    77.0   75.0
 21 6090.219530 1.088E-29 1.131E-02.07170.096 3183.32720.71-.006653       3 1 1 23       0 1 1 11                    P 21f     466663342910 9 711    41.0   43.0
 21 6090.250872 4.424E-29 3.206E-02.06660.079 3254.12150.75-.007690       5 0 0 15       2 0 0 03                    P 42e     566563342910 9 711    83.0   85.0
 21 6090.293944 1.712E-24 6.823E-04.07310.098  133.43930.70-.005853       3 0 0 14       0 0 0 01                    R 18e     686663344510 9 711    39.0   37.0
 21 6090.417524 2.173E-30 5.977E-07.07780.105 1386.82910.68-.004197       5 1 1 03       0 2 2 01                    R 11f     466663342910 9 711    25.0   23.0
 21 6090.418774 6.577E-30 5.957E-03.06700.081 3284.57570.75-.007546       3 4 4 13       0 4 4 01                    P 39f     466663342910 9 711    77.0   79.0
 21 6090.439841 6.280E-30 6.264E-03.06220.069 3390.50410.72-.008469       3 3 3 13       0 3 3 01                    P 59e     465553342910 9 711   117.0  119.0
 21 6090.465428 1.158E-28 1.317E-05.06630.076 1475.42300.74-.006947       5 0 0 03       0 1 1 01                    R 45e     466563342910 9 711    93.0   91.0
 21 6090.500909 1.077E-30 8.763E-07.06830.087 1800.09570.74-.007250       3 2 2 13       1 0 0 01                    P 32e     566663342910 9 711    63.0   65.0
 21 6090.542361 1.478E-29 3.475E-02.07260.098 3330.02830.70-.006547       5 1 1 15       2 1 1 03                    P 19e     566663342910 9 711    37.0   39.0
 21 6090.602685 1.111E-30 3.110E-02.08490.114 3624.46570.68-.003960       4 0 0 24       1 0 0 12                    R  5e     466663342910 9 711    13.0   11.0
 21 6090.697268 2.783E-29 1.861E-02.06690.080 3227.42970.75-.007595       4 2 2 14       1 2 2 02                    P 40e     566663342910 9 711    79.0   81.0
 21 6090.778256 5.880E-30 1.818E-02.07310.099 3374.89410.70-.006493       4 3 3 14       1 3 3 02                    P 18f     466663342910 9 711    35.0   37.0
 21 6090.788529 2.735E-29 1.880E-02.06220.069 3313.83910.72-.008469       4 1 1 14       1 1 1 02                    P 59e     565553342910 9 711   117.0  119.0
 21 6090.795939 2.613E-30 6.967E-07.07700.104 1396.22820.68-.004320       5 1 1 03       0 2 2 01                    R 12e     466663342910 9 711    27.0   25.0
 21 6090.830118 2.599E-29 3.989E-07.06960.090  962.62570.73-.006767       2 3 3 13       0 1 1 01                    R 27e     566663342910 9 711    57.0   55.0
 21 6090.852763 1.071E-29 1.080E-02.07220.097 3166.77730.71-.006601       3 1 1 23       0 1 1 11                    P 20e     466663342910 9 711    39.0   41.0
 21 6090.937303 1.144E-30 5.686E-03.07420.101 3447.62510.69-.006379       3 5 5 13       0 5 5 01                    P 16f     466663342910 9 711    31.0   33.0
 21 6091.007148 1.852E-28 8.132E-08.07420.101  106.12970.69-.006415       2 2 2 13       0 0 0 01                    P 16e     566663342910 9 711    31.0   33.0
 21 6091.080115 2.878E-29 4.758E-07.06930.089  984.98900.73-.006854       2 3 3 13       0 1 1 01                    R 28f     566663342910 9 711    59.0   57.0
 21 6091.167054 1.314E-29 1.408E-02.06560.073 3374.90640.74-.008111       3 0 0 23       0 0 0 11                    P 51e     465553342910 9 711   101.0  103.0
 21 6091.204050 2.044E-27 9.740E-04.06990.091 1662.04020.73-.006636       4 0 0 14       1 0 0 01                    R 26e     566663342910 9 711    55.0   53.0
 21 6091.253226 2.946E-30 5.300E-09.06720.082  578.01160.75-.006510       3 3 3 02       0 0 0 01                    P 38e     466663342910 9 711    75.0   77.0
 21 6091.374893 1.647E-30 4.835E-02.06680.080 4010.58890.75-.007642       5 1 1 14       2 1 1 02                    P 41e     466563342910 9 711    81.0   83.0
 21 6091.400477 7.447E-30 5.969E-03.06720.082 3253.94910.75-.007498       3 4 4 13       0 4 4 01                    P 38e     466663342910 9 711    75.0   77.0
 21 6091.406993 1.402E-30 4.757E-02.06660.079 4045.36540.75-.007690       5 1 1 14       2 1 1 02                    P 42f     466563342910 9 711    83.0   85.0
 21 6091.556745 7.737E-30 6.275E-03.06270.070 3344.32050.72-.008425       3 3 3 13       0 3 3 01                    P 58f     465553342910 9 711   115.0  117.0
 21 6091.573927 1.257E-30 5.889E-05.06700.080 2685.58900.75-.006583       6 0 0 03       1 1 1 01                    R 39e     466663342910 9 711    81.0   79.0
 21 6091.648650 1.072E-30 1.030E-03.07420.101 3109.42740.69-.005561       4 2 2 12       0 1 1 11                    P 16e     466663342910 9 711    31.0   33.0
 21 6091.648725 1.503E-29 3.484E-02.07310.099 3315.62670.70-.006493       5 1 1 15       2 1 1 03                    P 18f     566663342910 9 711    35.0   37.0
 21 6091.658646 3.152E-29 1.858E-02.06700.081 3196.08090.75-.007546       4 2 2 14       1 2 2 02                    P 39f     566663342910 9 711    77.0   79.0
 21 6091.660394 5.929E-30 1.815E-02.07370.100 3360.76190.70-.006437       4 3 3 14       1 3 3 02                    P 17e     466663342910 9 711    33.0   35.0
 21 6091.664341 3.737E-30 2.100E-02.05750.064 3809.19610.65-.009323       4 0 0 14       1 0 0 02                    P 80e     565553342910 9 711   159.0  161.0
 21 6091.666434 9.257E-30 2.579E-05.06620.076 2128.89870.74-.006780       5 1 1 03       1 0 0 02                    P 46e     466563342910 9 711    91.0   93.0
 21 6091.710591 1.621E-30 5.114E-03.05780.065 3682.50720.66-.009209       3 2 2 13       0 2 2 01                    P 77f     465553343010 9 711   153.0  155.0
 21 6091.740486 1.645E-24 6.895E-04.07220.096  163.86840.71-.006063       3 0 0 14       0 0 0 01                    R 20e     686663344510 9 711    43.0   41.0
 21 6091.758379 9.218E-29 1.431E-05.06620.075 1547.97310.74-.007062       5 0 0 03       0 1 1 01                    R 47e     466563342910 9 711    97.0   95.0
 21 6091.816116 1.124E-30 5.619E-03.07480.102 3435.02660.69-.006319       3 5 5 13       0 5 5 01                    P 15e     466663342910 9 711    29.0   31.0
 21 6091.892080 1.192E-29 1.177E-02.07260.098 3151.50500.70-.006547       3 1 1 23       0 1 1 11                    P 19f     466663342910 9 711    37.0   39.0
 21 6091.943578 3.076E-30 8.026E-07.07620.103 1406.41030.68-.004438       5 1 1 03       0 2 2 01                    R 13f     466663342910 9 711    29.0   27.0
 21 6092.064451 1.415E-30 3.183E-02.08200.111 3634.54040.68-.004355       4 0 0 24       1 0 0 12                    R  7e     466663342910 9 711    17.0   15.0
 21 6092.196043 3.560E-30 9.166E-07.07550.102 1417.37550.69-.004550       5 1 1 03       0 2 2 01                    R 14e     466663342910 9 711    31.0   29.0
 21 6092.228990 2.239E-29 1.931E-02.06170.069 3363.96780.72-.008513       4 1 1 14       1 1 1 02                    P 60f     465553342910 9 711   119.0  121.0
 21 6092.317221 5.754E-29 3.199E-02.06690.080 3189.30040.75-.007595       5 0 0 15       2 0 0 03                    P 40e     566663342910 9 711    79.0   81.0
 21 6092.327081 2.940E-29 5.237E-07.06900.088 1007.13350.74-.006940       2 3 3 13       0 1 1 01                    R 29e     566663342910 9 711    61.0   59.0
 21 6092.358022 1.521E-29 3.485E-02.07370.100 3301.10090.70-.006437       5 1 1 15       2 1 1 03                    P 17e     566663342910 9 711    33.0   35.0
 21 6092.377473 8.392E-30 5.979E-03.06730.083 3224.10620.74-.007450       3 4 4 13       0 4 4 01                    P 37f     466663342910 9 711    73.0   75.0
 21 6092.423328 1.803E-27 9.870E-04.06930.089 1704.94190.73-.006812       4 0 0 14       1 0 0 01                    R 28e     566663342910 9 711    59.0   57.0
 21 6092.502066 3.212E-29 6.226E-07.06880.088 1031.12910.74-.007025       2 3 3 13       0 1 1 01                    R 30f     566663342910 9 711    63.0   61.0
 21 6092.536878 5.932E-30 1.812E-02.07420.101 3347.41450.69-.006379       4 3 3 14       1 3 3 02                    P 16f     466663342910 9 711    31.0   33.0
 21 6092.544926 1.186E-29 1.152E-02.07310.099 3136.55310.70-.006493       3 1 1 23       0 1 1 11                    P 18e     466663342910 9 711    35.0   37.0
 21 6092.565078 2.726E-30 3.900E-09.06750.084  519.53500.74-.006430       3 3 3 02       0 0 0 01                    P 36e     466663342910 9 711    71.0   73.0
 21 6092.613596 1.034E-28 4.637E-08.07550.103   81.94010.68-.006292       2 2 2 13       0 0 0 01                    P 14e     566663342910 9 711    27.0   29.0
 21 6092.681900 9.462E-30 6.266E-03.06320.070 3298.91310.72-.008381       3 3 3 13       0 3 3 01                    P 57e     465553342910 9 711   113.0  115.0
 21 6092.688895 1.091E-30 5.532E-03.07550.103 3423.21520.68-.006257       3 5 5 13       0 5 5 01                    P 14f     466663342910 9 711    27.0   29.0
 21 6092.726794 3.565E-29 1.860E-02.06720.082 3165.57240.75-.007498       4 2 2 14       1 2 2 02                    P 38e     566663342910 9 711    75.0   77.0
 21 6093.035641 1.057E-30 6.418E-05.06680.079 2748.76860.75-.006708       6 0 0 03       1 1 1 01                    R 41e     466563342910 9 711    85.0   83.0
 21 6093.044688 7.186E-29 1.548E-05.06590.074 1623.63350.74-.007173       5 0 0 03       0 1 1 01                    R 49e     466563342910 9 711   101.0   99.0
 21 6093.174535 1.543E-24 6.970E-04.07130.095  197.41660.72-.006262       3 0 0 14       0 0 0 01                    R 22e     686663344510 9 711    47.0   45.0
 21 6093.179292 2.661E-30 6.354E-03.05790.065 3622.38610.67-.009171       3 2 2 13       0 2 2 01                    P 76e     465553343010 9 711   151.0  153.0
 21 6093.199545 4.107E-29 1.877E-02.06320.070 3222.64330.72-.008381       4 1 1 14       1 1 1 02                    P 57e     565553342910 9 711   113.0  115.0
 21 6093.349211 9.414E-30 5.990E-03.06750.084 3195.04700.74-.007401       3 4 4 13       0 4 4 01                    P 36e     466663342910 9 711    71.0   73.0
 21 6093.398392 1.834E-29 1.401E-02.06590.074 3296.84090.74-.008019       3 0 0 23       0 0 0 11                    P 49e     466563342910 9 711    97.0   99.0
 21 6093.403075 1.525E-29 3.495E-02.07420.101 3288.16960.69-.006379       5 1 1 15       2 1 1 03                    P 16f     566663342910 9 711    31.0   33.0
 21 6093.407649 5.884E-30 1.808E-02.07480.102 3334.85190.69-.006319       4 3 3 14       1 3 3 02                    P 15e     466663342910 9 711    29.0   31.0
 21 6093.463724 4.049E-30 1.037E-06.07480.101 1429.12360.69-.004659       5 1 1 03       0 2 2 01                    R 15f     466663342910 9 711    33.0   31.0
 21 6093.494598 1.109E-29 2.290E-05.06640.077 2057.94880.74-.006702       5 1 1 03       1 0 0 02                    P 44e     466563342910 9 711    87.0   89.0
 21 6093.502500 1.664E-30 3.232E-02.07970.108 3647.71480.68-.004695       4 0 0 24       1 0 0 12                    R  9e     466663342910 9 711    21.0   19.0
 21 6093.555632 1.045E-30 5.426E-03.07620.104 3412.19100.68-.006192       3 5 5 13       0 5 5 01                    P 13e     466663342910 9 711    25.0   27.0
 21 6093.560461 1.260E-29 1.214E-02.07370.100 3122.78580.70-.006437       3 1 1 23       0 1 1 11                    P 17f     466663342910 9 711    33.0   35.0
 21 6093.573198 4.543E-30 1.166E-06.07420.100 1441.65470.70-.004763       5 1 1 03       0 2 2 01                    R 16e     466663342910 9 711    35.0   33.0
 21 6093.580003 2.129E-30 4.842E-02.06700.081 3947.47620.75-.007546       5 1 1 14       2 1 1 02                    P 39e     466663342910 9 711    77.0   79.0
 21 6093.616053 1.561E-27 1.001E-03.06880.088 1750.96060.74-.006982       4 0 0 14       1 0 0 01                    R 30e     566663342910 9 711    63.0   61.0
 21 6093.686881 4.003E-29 1.857E-02.06730.083 3135.79150.74-.007450       4 2 2 14       1 2 2 02                    P 37f     566663342910 9 711    73.0   75.0
 21 6093.788575 1.156E-29 6.275E-03.06380.070 3254.28740.73-.008337       3 3 3 13       0 3 3 01                    P 56f     465553342910 9 711   111.0  113.0
 21 6093.818714 3.207E-29 6.761E-07.06850.087 1054.76070.74-.007108       2 3 3 13       0 1 1 01                    R 31e     566663342910 9 711    65.0   63.0
 21 6093.890224 2.425E-30 2.810E-09.06790.085  464.17170.74-.006349       3 3 3 02       0 0 0 01                    P 34e     466663342910 9 711    67.0   69.0
 21 6093.913759 3.461E-29 8.019E-07.06830.086 1080.39310.74-.007190       2 3 3 13       0 1 1 01                    R 32f     566663342910 9 711    67.0   65.0
 21 6094.116148 3.497E-30 6.347E-03.05800.065 3563.15100.67-.009132       3 2 2 13       0 2 2 01                    P 75f     465553343010 9 711   149.0  151.0
 21 6094.144849 1.520E-29 3.498E-02.07480.102 3275.29930.69-.006319       5 1 1 15       2 1 1 03                    P 15e     566663342910 9 711    29.0   31.0
 21 6094.213866 5.072E-29 2.411E-08.07700.105   60.87090.68-.006156       2 2 2 13       0 0 0 01                    P 12e     566663342910 9 711    23.0   25.0
 21 6094.239044 1.253E-29 1.205E-02.07420.101 3109.42740.69-.006379       3 1 1 23       0 1 1 11                    P 16e     466663342910 9 711    31.0   33.0
 21 6094.272747 5.782E-30 1.803E-02.07550.103 3323.07420.68-.006257       4 3 3 14       1 3 3 02                    P 14f     466663342910 9 711    27.0   29.0
 21 6094.316108 1.051E-29 5.999E-03.06770.084 3166.77170.74-.007353       3 4 4 13       0 4 4 01                    P 35f     466663342910 9 711    69.0   71.0
 21 6094.318081 6.591E-30 2.086E-02.05770.065 3685.64600.66-.009248       4 0 0 14       1 0 0 02                    P 78e     565553342910 9 711   155.0  157.0
 21 6094.325022 5.490E-29 1.669E-05.06560.072 1702.40320.74-.007281       5 0 0 03       0 1 1 01                    R 51e     465553342910 9 711   105.0  103.0
 21 6094.357058 7.355E-29 3.193E-02.06720.082 3127.59400.75-.007498       5 0 0 15       2 0 0 03                    P 38e     566663342910 9 711    75.0   77.0
 21 6094.450198 1.014E-30 1.469E-02.06470.071 3922.35600.73-.008247       4 2 2 13       1 2 2 01                    P 54e     465553342910 9 711   107.0  109.0
 21 6094.483557 3.387E-29 1.925E-02.06270.070 3271.00810.72-.008425       4 1 1 14       1 1 1 02                    P 58f     565553342910 9 711   115.0  117.0
 21 6094.595740 1.416E-24 7.047E-04.07060.093  234.08340.72-.006453       3 0 0 14       0 0 0 01                    R 24e     686663344510 9 711    51.0   49.0
 21 6094.732698 4.485E-29 1.859E-02.06750.084 3106.84060.74-.007401       4 2 2 14       1 2 2 02                    P 36e     566663342910 9 711    71.0   73.0
 21 6094.781722 1.326E-27 1.016E-03.06830.086 1800.09570.74-.007146       4 0 0 14       1 0 0 01                    R 32e     566663342910 9 711    67.0   65.0
 21 6094.900264 1.403E-29 6.270E-03.06420.071 3210.43880.73-.008292       3 3 3 13       0 3 3 01                    P 55e     465553342910 9 711   109.0  111.0
 21 6094.916724 1.850E-30 3.268E-02.07780.105 3663.98840.68-.004996       4 0 0 24       1 0 0 12                    R 11e     466663342910 9 711    25.0   23.0
 21 6094.927431 5.493E-30 1.447E-06.07310.098 1469.06550.70-.004962       5 1 1 03       0 2 2 01                    R 18e     466663342910 9 711    39.0   37.0
 21 6094.978026 5.023E-30 1.302E-06.07370.099 1454.96860.70-.004864       5 1 1 03       0 2 2 01                    R 17f     466663342910 9 711    37.0   35.0
 21 6095.132146 5.622E-30 1.795E-02.07620.104 3312.08140.68-.006192       4 3 3 14       1 3 3 02                    P 13e     466663342910 9 711    25.0   27.0
 21 6095.134869 1.500E-29 3.508E-02.07550.103 3263.84910.68-.006257       5 1 1 15       2 1 1 03                    P 14f     566663342910 9 711    27.0   29.0
 21 6095.221562 1.286E-29 1.246E-02.07480.102 3097.17010.69-.006319       3 1 1 23       0 1 1 11                    P 15f     466663342910 9 711    29.0   31.0
 21 6095.228741 2.067E-30 1.977E-09.06830.087  411.92250.74-.006268       3 3 3 02       0 0 0 01                    P 32e     466663342910 9 711    63.0   65.0
 21 6095.277817 1.168E-29 6.009E-03.06790.085 3139.28040.74-.007304       3 4 4 13       0 4 4 01                    P 34e     466663342910 9 711    67.0   69.0
 21 6095.304852 3.381E-29 8.598E-07.06810.085 1105.50660.74-.007270       2 3 3 13       0 1 1 01                    R 33e     566663342910 9 711    69.0   67.0
 21 6095.313326 1.304E-29 2.031E-05.06660.079 1990.10800.75-.006623       5 1 1 03       1 0 0 02                    P 42e     466563342910 9 711    83.0   85.0
 21 6095.315039 3.610E-29 1.019E-06.06790.084 1132.78030.74-.007349       2 3 3 13       0 1 1 01                    R 34f     566663342910 9 711    71.0   69.0
 21 6095.580019 6.067E-29 1.875E-02.06420.071 3134.54990.73-.008292       4 1 1 14       1 1 1 02                    P 55e     565553342910 9 711   109.0  111.0
 21 6095.599978 2.519E-29 1.395E-02.06620.075 3221.85690.74-.007926       3 0 0 23       0 0 0 11                    P 47e     466563342910 9 711    93.0   95.0
 21 6095.600090 4.111E-29 1.793E-05.06500.071 1784.28080.73-.007386       5 0 0 03       0 1 1 01                    R 53e     465553342910 9 711   109.0  107.0
 21 6095.619489 2.401E-30 4.879E-02.06720.082 3918.77210.75-.007498       5 1 1 14       2 1 1 02                    P 38f     466663342910 9 711    75.0   77.0
 21 6095.633386 1.221E-30 1.470E-02.06500.072 3880.28650.73-.008202       4 2 2 13       1 2 2 01                    P 53f     465553342910 9 711   105.0  107.0
 21 6095.639471 4.704E-30 6.513E-03.05810.065 3504.58670.67-.009093       3 2 2 13       0 2 2 01                    P 74e     465553343010 9 711   147.0  149.0
 21 6095.690003 4.993E-29 1.858E-02.06770.084 3078.62740.74-.007353       4 2 2 14       1 2 2 02                    P 35f     566663342910 9 711    69.0   71.0
 21 6095.751866 2.701E-30 4.843E-02.06730.083 3887.47350.74-.007450       5 1 1 14       2 1 1 02                    P 37e     466663342910 9 711    73.0   75.0
 21 6095.753813 1.215E-30 5.647E-02.06080.068 4190.74540.71-.008599       5 0 0 14       2 0 0 02                    P 62e     465553342910 9 711   123.0  125.0
 21 6095.807922 2.088E-29 1.102E-08.07870.108   42.92250.68-.006001       2 2 2 13       0 0 0 01                    P 10e     566663342910 9 711    19.0   21.0
 21 6095.902885 1.469E-29 3.515E-02.07620.104 3252.62400.68-.006192       5 1 1 15       2 1 1 03                    P 13e     566663342910 9 711    25.0   27.0
 21 6095.919811 1.106E-27 1.031E-03.06790.084 1852.34660.74-.007305       4 0 0 14       1 0 0 01                    R 34e     566663342910 9 711    71.0   69.0
 21 6095.927554 1.267E-29 1.245E-02.07550.103 3085.40070.68-.006257       3 1 1 23       0 1 1 11                    P 14e     466663342910 9 711    27.0   29.0
 21 6095.985863 5.403E-30 1.785E-02.07700.105 3301.87360.68-.006122       4 3 3 14       1 3 3 02                    P 12f     466663342910 9 711    23.0   25.0
 21 6095.996359 1.699E-29 6.276E-03.06470.071 3167.37170.73-.008247       3 3 3 13       0 3 3 01                    P 54f     465553342910 9 711   107.0  109.0
 21 6096.003724 1.272E-24 7.126E-04.06990.091  273.86800.73-.006636       3 0 0 14       0 0 0 01                    R 26e     686663344510 9 711    55.0   53.0
 21 6096.175160 1.019E-30 9.902E-02.07220.097 4106.14080.71-.006601       6 0 0 15       3 0 0 03                    P 20e     466663342910 9 711    39.0   41.0
 21 6096.234592 1.291E-29 6.015E-03.06810.086 3112.57330.74-.007255       3 4 4 13       0 4 4 01                    P 33f     466663342910 9 711    65.0   67.0
 21 6096.258778 6.342E-30 1.758E-06.07220.096 1499.60730.71-.005149       5 1 1 03       0 2 2 01                    R 20e     466663342910 9 711    43.0   41.0
 21 6096.306997 1.972E-30 3.301E-02.07620.103 3683.36110.68-.005266       4 0 0 24       1 0 0 12                    R 13e     466663342910 9 711    29.0   27.0
 21 6096.370622 9.237E-29 3.188E-02.06750.084 3069.00370.74-.007401       5 0 0 15       2 0 0 03                    P 36e     566663342910 9 711    71.0   73.0
 21 6096.486557 5.931E-30 1.598E-06.07260.097 1483.94500.71-.005057       5 1 1 03       0 2 2 01                    R 19f     466663342910 9 711    41.0   39.0
 21 6096.580696 1.682E-30 1.354E-09.06880.088  362.78830.74-.006187       3 3 3 02       0 0 0 01                    P 30e     466663342910 9 711    59.0   61.0
 21 6096.595214 6.060E-30 6.428E-03.05830.065 3446.89050.68-.009053       3 2 2 13       0 2 2 01                    P 73f     465553343010 9 711   145.0  147.0
 21 6096.705742 3.653E-29 1.279E-06.06750.083 1188.28970.74-.007504       2 3 3 13       0 1 1 01                    R 36f     566663342910 9 711    75.0   73.0
 21 6096.712553 5.041E-29 1.920E-02.06380.070 3181.15630.73-.008337       4 1 1 14       1 1 1 02                    P 56f     565553342910 9 711   111.0  113.0
 21 6096.714956 5.542E-29 1.859E-02.06790.085 3051.23520.74-.007304       4 2 2 14       1 2 2 02                    P 34e     566663342910 9 711    67.0   69.0
 21 6096.757395 1.468E-30 1.473E-02.06530.072 3838.74160.74-.008156       4 2 2 13       1 2 2 01                    P 52e     465553342910 9 711   103.0  105.0
 21 6096.785319 3.454E-29 1.079E-06.06770.084 1159.37030.74-.007427       2 3 3 13       0 1 1 01                    R 35e     566663342910 9 711    73.0   71.0
 21 6096.833885 5.121E-30 1.771E-02.07780.107 3292.45090.68-.006048       4 3 3 14       1 3 3 02                    P 11e     466663342910 9 711    21.0   23.0
 21 6096.844173 1.423E-29 3.527E-02.07700.105 3242.66560.68-.006122       5 1 1 15       2 1 1 03                    P 12f     566663342910 9 711    23.0   25.0
 21 6096.870640 3.019E-29 1.921E-05.06420.070 1869.26490.73-.007488       5 0 0 03       0 1 1 01                    R 55e     465553342910 9 711   113.0  111.0
 21 6096.872882 1.262E-29 1.272E-02.07620.104 3074.65840.68-.006192       3 1 1 23       0 1 1 11                    P 13f     466663342910 9 711    25.0   27.0
 21 6096.940255 1.144E-29 2.071E-02.05790.065 3565.17420.67-.009171       4 0 0 14       1 0 0 02                    P 76e     565553342910 9 711   151.0  153.0
 21 6097.029764 9.063E-28 1.047E-03.06750.083 1907.71230.74-.007458       4 0 0 14       1 0 0 01                    R 36e     566663342910 9 711    75.0   73.0
 21 6097.066808 1.019E-30 1.411E-02.06900.089 3783.33910.73-.007058       4 3 3 13       1 3 3 01                    P 29e     466663342910 9 711    57.0   59.0
 21 6097.094929 2.045E-29 6.270E-03.06500.072 3125.08260.73-.008202       3 3 3 13       0 3 3 01                    P 53e     465553342910 9 711   105.0  107.0
 21 6097.122274 1.502E-29 1.796E-05.06690.080 1925.37750.75-.006544       5 1 1 03       1 0 0 02                    P 40e     466663342910 9 711    79.0   81.0
 21 6097.186217 1.421E-29 6.024E-03.06830.087 3086.65040.74-.007206       3 4 4 13       0 4 4 01                    P 32e     466663342910 9 711    63.0   65.0
 21 6097.395726 6.659E-30 4.144E-09.08080.111   28.09510.68-.005816       2 2 2 13       0 0 0 01                    P  8e     566663342910 9 711    15.0   17.0
 21 6097.398083 1.120E-24 7.211E-04.06930.089  316.76990.73-.006812       3 0 0 14       0 0 0 01                    R 28e     686663344510 9 711    59.0   57.0
 21 6097.406483 1.506E-30 6.862E-03.05660.063 3787.72350.62-.009649       3 1 1 13       0 1 1 01                    P 89e     465553342910 9 711   177.0  179.0
 21 6097.567280 7.032E-30 2.101E-06.07130.095 1533.27970.72-.005327       5 1 1 03       0 2 2 01                    R 22e     466663342910 9 711    47.0   45.0
 21 6097.604757 1.224E-29 1.276E-02.07700.105 3064.47340.68-.006122       3 1 1 23       0 1 1 11                    P 12e     466663342910 9 711    23.0   25.0
 21 6097.632163 1.364E-29 3.535E-02.07780.107 3233.07540.68-.006048       5 1 1 15       2 1 1 03                    P 11e     566663342910 9 711    21.0   23.0
 21 6097.668110 6.113E-29 1.858E-02.06810.086 3024.58950.74-.007255       4 2 2 14       1 2 2 02                    P 33f     566663342910 9 711    65.0   67.0
 21 6097.670994 3.034E-30 4.901E-02.06750.084 3860.15430.74-.007401       5 1 1 14       2 1 1 02                    P 36f     466663342910 9 711    71.0   73.0
 21 6097.673176 2.028E-30 3.329E-02.07480.101 3705.83250.69-.005513       4 0 0 24       1 0 0 12                    R 15e     466663342910 9 711    33.0   31.0
 21 6097.676218 4.775E-30 1.750E-02.07870.108 3283.81320.68-.005968       4 3 3 14       1 3 3 02                    P 10f     466663342910 9 711    19.0   21.0
 21 6097.772053 3.403E-29 1.389E-02.06630.077 3149.95560.74-.007832       3 0 0 23       0 0 0 11                    P 45e     466563342910 9 711    89.0   91.0
 21 6097.889375 3.321E-30 4.782E-02.06770.084 3830.58190.74-.007353       5 1 1 14       2 1 1 02                    P 35e     466663342910 9 711    69.0   71.0
 21 6097.918944 1.753E-30 1.473E-02.06560.073 3798.20940.74-.008111       4 2 2 13       1 2 2 01                    P 51f     465553342910 9 711   101.0  103.0
 21 6097.930066 8.817E-29 1.873E-02.06500.072 3049.56050.73-.008202       4 1 1 14       1 1 1 02                    P 53e     565553342910 9 711   105.0  107.0
 21 6097.946151 1.302E-30 8.991E-10.06930.090  316.76990.73-.006106       3 3 3 02       0 0 0 01                    P 28e     466663342910 9 711    55.0   57.0
 21 6097.989404 6.707E-30 1.925E-06.07170.095 1516.05210.71-.005239       5 1 1 03       0 2 2 01                    R 21f     466663342910 9 711    45.0   43.0
 21 6098.023644 1.101E-30 1.415E-02.06930.090 3760.60400.73-.007009       4 3 3 13       1 3 3 01                    P 28f     466663342910 9 711    55.0   57.0
 21 6098.054460 1.068E-30 9.983E-02.07310.099 4075.76280.70-.006493       6 0 0 15       3 0 0 03                    P 18e     466663342910 9 711    35.0   37.0
 21 6098.085696 3.591E-29 1.587E-06.06720.081 1246.92050.75-.007653       2 3 3 13       0 1 1 01                    R 38f     566663342910 9 711    79.0   77.0
 21 6098.094039 8.109E-30 6.614E-03.05840.066 3389.88260.68-.009013       3 2 2 13       0 2 2 01                    P 72e     465553342910 9 711   143.0  145.0
 21 6098.111007 7.299E-28 1.064E-03.06720.081 1966.19230.75-.007607       4 0 0 14       1 0 0 01                    R 38e     566663342910 9 711    79.0   77.0
 21 6098.132843 1.556E-29 6.031E-03.06850.088 3061.51180.74-.007157       3 4 4 13       0 4 4 01                    P 31f     466663342910 9 711    61.0   63.0
 21 6098.137468 2.174E-29 2.051E-05.06320.070 1957.35410.72-.007587       5 0 0 03       0 1 1 01                    R 57e     465553342910 9 711   117.0  115.0
 21 6098.180170 2.455E-29 6.273E-03.06530.072 3083.57500.74-.008156       3 3 3 13       0 3 3 01                    P 52f     465553342910 9 711   103.0  105.0
 21 6098.259929 3.424E-29 1.339E-06.06730.082 1216.35090.75-.007579       2 3 3 13       0 1 1 01                    R 37e     566663342910 9 711    77.0   75.0
 21 6098.347905 1.868E-30 5.644E-02.06170.069 4095.15860.72-.008513       5 0 0 14       2 0 0 02                    P 60e     465553342910 9 711   119.0  121.0
 21 6098.358149 1.139E-28 3.183E-02.06790.085 3013.53080.74-.007304       5 0 0 15       2 0 0 03                    P 34e     566663342910 9 711    67.0   69.0
 21 6098.512465 1.185E-29 1.294E-02.07780.107 3055.25100.68-.006048       3 1 1 23       0 1 1 11                    P 11f     466663342910 9 711    21.0   23.0
 21 6098.512858 4.363E-30 1.721E-02.07970.109 3275.96070.68-.005881       4 3 3 14       1 3 3 02                    P  9e     466663342910 9 711    17.0   19.0
 21 6098.531042 1.290E-29 3.547E-02.07870.108 3224.61960.68-.005968       5 1 1 15       2 1 1 03                    P 10f     566663342910 9 711    19.0   21.0
 21 6098.673538 6.721E-29 1.859E-02.06830.087 2998.75730.74-.007206       4 2 2 14       1 2 2 02                    P 32e     566663342910 9 711    63.0   65.0
 21 6098.778392 9.676E-25 7.297E-04.06880.088  362.78830.74-.006982       3 0 0 14       0 0 0 01                    R 30e     686663344510 9 711    63.0   61.0
 21 6098.852990 7.521E-30 2.478E-06.07060.093 1570.08200.72-.005497       5 1 1 03       0 2 2 01                    R 24e     466663342910 9 711    51.0   49.0
 21 6098.916187 7.381E-29 1.914E-02.06470.071 3094.41420.73-.008247       4 1 1 14       1 1 1 02                    P 54f     565553342910 9 711   107.0  109.0
 21 6098.921113 1.695E-29 1.583E-05.06720.082 1863.75860.75-.006464       5 1 1 03       1 0 0 02                    P 38e     466663342910 9 711    75.0   77.0
 21 6098.964721 1.181E-30 1.416E-02.06960.091 3738.65190.73-.006959       4 3 3 13       1 3 3 01                    P 27e     466663342910 9 711    53.0   55.0
 21 6098.977244 1.398E-30 1.121E-09.08340.114   16.38900.68-.005586       2 2 2 13       0 0 0 01                    P  6e     566663342910 9 711    11.0   13.0
 21 6099.015106 2.024E-30 3.357E-02.07370.099 3731.40200.70-.005743       4 0 0 24       1 0 0 12                    R 17e     466663342910 9 711    37.0   35.0
 21 6099.034842 2.091E-30 1.477E-02.06580.074 3758.24030.74-.008065       4 2 2 13       1 2 2 01                    P 50e     466553342910 9 711    99.0  101.0
 21 6099.059583 1.037E-29 6.532E-03.05850.066 3333.72750.68-.008973       3 2 2 13       0 2 2 01                    P 71f     465553342910 9 711   141.0  143.0
 21 6099.074338 1.696E-29 6.039E-03.06880.088 3037.15770.74-.007108       3 4 4 13       0 4 4 01                    P 30e     466663342910 9 711    59.0   61.0
 21 6099.162937 5.778E-28 1.082E-03.06690.080 2027.78570.75-.007752       4 0 0 14       1 0 0 01                    R 40e     566663342910 9 711    83.0   81.0
 21 6099.265903 2.932E-29 6.270E-03.06560.073 3042.84600.74-.008111       3 3 3 13       0 3 3 01                    P 51e     465553342910 9 711   101.0  103.0
 21 6099.266548 1.124E-29 1.302E-02.07870.108 3046.64580.68-.005968       3 1 1 23       0 1 1 11                    P 10e     466663342910 9 711    19.0   21.0
 21 6099.332707 1.205E-29 3.564E-02.07970.109 3216.65390.68-.005881       5 1 1 15       2 1 1 03                    P  9e     566663342910 9 711    17.0   19.0
 21 6099.343804 3.883E-30 1.678E-02.08080.111 3268.89330.68-.005785       4 3 3 14       1 3 3 02                    P  8f     466663342910 9 711    15.0   17.0
 21 6099.401412 1.536E-29 2.183E-05.06220.069 2048.54700.72-.007684       5 0 0 03       0 1 1 01                    R 59e     465553342910 9 711   121.0  119.0
 21 6099.454720 3.434E-29 1.952E-06.06690.080 1308.67160.75-.007799       2 3 3 13       0 1 1 01                    R 40f     566663342910 9 711    83.0   81.0
 21 6099.486668 7.301E-30 2.286E-06.07090.094 1551.28950.72-.005413       5 1 1 03       0 2 2 01                    R 23f     466663342910 9 711    49.0   47.0
 21 6099.530915 1.956E-29 2.058E-02.05810.065 3447.78310.67-.009093       4 0 0 14       1 0 0 02                    P 74e     565553342910 9 711   147.0  149.0
 21 6099.697938 3.753E-30 4.909E-02.06790.085 3804.65700.74-.007304       5 1 1 14       2 1 1 02                    P 34f     466663342910 9 711    67.0   69.0
 21 6099.728485 3.300E-29 1.643E-06.06700.080 1276.44760.75-.007726       2 3 3 13       0 1 1 01                    R 39e     566663342910 9 711    81.0   79.0
 21 6099.900306 1.089E-30 1.007E-01.07420.101 4048.49870.69-.006379       6 0 0 15       3 0 0 03                    P 16e     466663342910 9 711    31.0   33.0
 21 6099.907752 1.262E-30 1.420E-02.06990.092 3717.48310.73-.006909       4 3 3 13       1 3 3 01                    P 26f     466663342910 9 711    51.0   53.0
 21 6099.914854 4.521E-29 1.384E-02.06650.078 3081.13820.75-.007738       3 0 0 23       0 0 0 11                    P 43e     466563342910 9 711    85.0   87.0
 21 6100.008482 4.104E-30 4.833E-02.06810.086 3776.80220.74-.007255       5 1 1 14       2 1 1 02                    P 33e     466663342910 9 711    65.0   67.0
 21 6100.010788 1.838E-29 6.043E-03.06900.089 3013.58820.73-.007058       3 4 4 13       0 4 4 01                    P 29f     466663342910 9 711    57.0   59.0
 21 6100.115968 7.781E-30 2.888E-06.06990.091 1610.01380.73-.005659       5 1 1 03       0 2 2 01                    R 26e     466663342910 9 711    55.0   53.0
 21 6100.138811 1.055E-29 1.316E-02.07970.109 3038.94830.68-.005881       3 1 1 23       0 1 1 11                    P  9f     466663342910 9 711    17.0   19.0
 21 6100.144201 8.202E-25 7.388E-04.06830.086  411.92250.74-.007146       3 0 0 14       0 0 0 01                    R 32e     686663344510 9 711    67.0   65.0
 21 6100.144529 1.122E-30 3.695E-02.07170.096 3893.58070.71-.006653       4 0 0 23       1 0 0 11                    P 21e     466663342910 9 711    41.0   43.0
 21 6100.169055 3.329E-30 1.610E-02.08200.112 3262.61110.68-.005678       4 3 3 14       1 3 3 02                    P  7e     466663342910 9 711    13.0   15.0
 21 6100.176329 2.476E-30 1.477E-02.06590.074 3719.24850.74-.008019       4 2 2 13       1 2 2 01                    P 49f     466563342910 9 711    97.0   99.0
 21 6100.184930 4.498E-28 1.101E-03.06660.078 2092.49160.75-.007892       4 0 0 14       1 0 0 01                    R 42e     566563342910 9 711    87.0   85.0
 21 6100.195513 1.104E-29 3.579E-02.08080.111 3209.71150.68-.005785       5 1 1 15       2 1 1 03                    P  8f     566663342910 9 711    15.0   17.0
 21 6100.249796 1.261E-28 1.872E-02.06560.073 2967.67660.74-.008111       4 1 1 14       1 1 1 02                    P 51e     565553342910 9 711   101.0  103.0
 21 6100.291907 2.864E-30 6.849E-03.05680.063 3650.18690.63-.009579       3 1 1 13       0 1 1 01                    P 87e     465553342910 9 711   173.0  175.0
 21 6100.319867 1.379E-28 3.180E-02.06830.087 2961.17650.74-.007206       5 0 0 15       2 0 0 03                    P 32e     566663342910 9 711    63.0   65.0
 21 6100.332616 1.965E-30 3.382E-02.07260.097 3760.06920.71-.005959       4 0 0 24       1 0 0 12                    R 19e     466663342910 9 711    41.0   39.0
 21 6100.340081 3.491E-29 6.275E-03.06580.074 3002.89860.74-.008065       3 3 3 13       0 3 3 01                    P 50f     466553342910 9 711    99.0  101.0
 21 6100.404440 1.156E-30 1.571E-02.05890.066 3959.60870.69-.008892       4 1 1 13       1 1 1 01                    P 69e     465553342910 9 711   137.0  139.0
 21 6100.527246 1.353E-29 6.605E-03.05870.066 3278.27600.69-.008933       3 2 2 13       0 2 2 01                    P 70e     465553342910 9 711   139.0  141.0
 21 6100.608408 7.998E-29 1.860E-02.06880.088 2949.40770.74-.007108       4 2 2 14       1 2 2 02                    P 30e     566663342910 9 711    59.0   61.0
 21 6100.663357 1.064E-29 2.316E-05.06120.068 2142.84200.71-.007778       5 0 0 03       0 1 1 01                    R 61e     465553342910 9 711   125.0  123.0
 21 6100.709534 1.872E-29 1.390E-05.06750.084 1805.25230.74-.006384       5 1 1 03       1 0 0 02                    P 36e     466663342910 9 711    71.0   73.0
 21 6100.812625 3.198E-29 2.378E-06.06660.078 1373.54200.75-.007940       2 3 3 13       0 1 1 01                    R 42f     566563342910 9 711    87.0   85.0
 21 6100.838476 1.339E-30 1.420E-02.07020.093 3697.09740.72-.006858       4 3 3 13       1 3 3 01                    P 25e     466663342910 9 711    49.0   51.0
 21 6100.907418 2.825E-30 5.639E-02.06270.070 4002.66540.72-.008425       5 0 0 14       2 0 0 02                    P 58e     465553342910 9 711   115.0  117.0
 21 6100.910038 9.700E-30 1.325E-02.08080.111 3031.91820.68-.005785       3 1 1 23       0 1 1 11                    P  8e     466663342910 9 711    15.0   17.0
 21 6100.942112 1.983E-29 6.050E-03.06930.090 2990.80330.73-.007009       3 4 4 13       0 4 4 01                    P 28e     466663342910 9 711    55.0   57.0
 21 6100.978458 7.677E-30 2.679E-06.07020.092 1589.65660.73-.005579       5 1 1 03       0 2 2 01                    R 25f     466663342910 9 711    53.0   51.0
 21 6100.988608 2.694E-30 1.500E-02.08340.114 3257.11410.68-.005557       4 3 3 14       1 3 3 02                    P  6f     466663342910 9 711    11.0   13.0
 21 6101.004531 9.920E-30 3.598E-02.08200.112 3203.35990.68-.005678       5 1 1 15       2 1 1 03                    P  7e     566663342910 9 711    13.0   15.0
 21 6101.094666 1.063E-28 1.909E-02.06530.072 3010.78350.74-.008156       4 1 1 14       1 1 1 02                    P 52f     565553342910 9 711   103.0  105.0
 21 6101.176342 3.443E-28 1.121E-03.06640.077 2160.30910.74-.008028       4 0 0 14       1 0 0 01                    R 44e     566563342910 9 711    91.0   89.0
 21 6101.190777 3.095E-29 1.998E-06.06680.079 1339.65920.75-.007870       2 3 3 13       0 1 1 01                    R 41e     566563342910 9 711    85.0   83.0
 21 6101.282826 2.928E-30 1.480E-02.06600.075 3680.85350.74-.007973       4 2 2 13       1 2 2 01                    P 48e     466563342910 9 711    95.0   97.0
 21 6101.356284 7.810E-30 3.332E-06.06930.089 1653.07420.73-.005816       5 1 1 03       0 2 2 01                    R 28e     466663342910 9 711    59.0   57.0
 21 6101.413205 4.134E-29 6.271E-03.06590.074 2963.73050.74-.008019       3 3 3 13       0 3 3 01                    P 49e     466563342910 9 711    97.0   99.0
 21 6101.495039 6.826E-25 7.484E-04.06790.084  464.17170.74-.007305       3 0 0 14       0 0 0 01                    R 34e     686663344510 9 711    71.0   69.0
 21 6101.500755 1.718E-29 6.528E-03.05890.066 3223.66410.69-.008892       3 2 2 13       0 2 2 01                    P 69f     465553342910 9 711   137.0  139.0
 21 6101.549638 8.657E-29 1.859E-02.06900.089 2925.89670.73-.007058       4 2 2 14       1 2 2 02                    P 29f     566663342910 9 711    57.0   59.0
 21 6101.624637 1.108E-30 7.195E-03.05650.063 3862.63680.62-.009684       3 1 1 13       0 1 1 01                    P 90f     465543342910 9 711   179.0  181.0
 21 6101.625517 1.861E-30 3.407E-02.07170.095 3791.83360.71-.006164       4 0 0 24       1 0 0 12                    R 21e     466663342910 9 711    45.0   43.0
 21 6101.698134 4.555E-30 4.915E-02.06830.087 3752.28130.74-.007206       5 1 1 14       2 1 1 02                    P 32f     466663342910 9 711    63.0   65.0
 21 6101.712350 1.076E-30 1.017E-01.07550.103 4024.34900.68-.006257       6 0 0 15       3 0 0 03                    P 14e     466663342910 9 711    27.0   29.0
 21 6101.750795 8.740E-30 1.337E-02.08200.112 3025.75050.68-.005678       3 1 1 23       0 1 1 11                    P  7f     466663342910 9 711    13.0   15.0
 21 6101.768278 1.415E-30 1.423E-02.07060.094 3677.49530.72-.006808       4 3 3 13       1 3 3 01                    P 24f     466663342910 9 711    47.0   49.0
 21 6101.802462 1.961E-30 1.304E-02.08490.116 3252.40230.69-.005417       4 3 3 14       1 3 3 02                    P  5e     466663342910 9 711     9.0   11.0
 21 6101.837613 8.665E-30 3.619E-02.08340.114 3197.94160.68-.005557       5 1 1 15       2 1 1 03                    P  6f     566663342910 9 711    11.0   13.0
 21 6101.868356 2.127E-29 6.053E-03.06960.091 2968.80320.73-.006959       3 4 4 13       0 4 4 01                    P 27f     466663342910 9 711    53.0   55.0
 21 6101.924234 7.234E-30 2.451E-05.06040.068 2240.23760.71-.007870       5 0 0 03       0 1 1 01                    R 63e     465553342910 9 711   129.0  127.0
 21 6102.028613 5.905E-29 1.379E-02.06680.080 3015.40590.75-.007642       3 0 0 23       0 0 0 11                    P 41e     466563342910 9 711    81.0   83.0
 21 6102.075189 4.973E-30 4.881E-02.06850.088 3726.13530.74-.007157       5 1 1 14       2 1 1 02                    P 31e     466663342910 9 711    61.0   63.0
 21 6102.084289 1.191E-30 3.728E-02.07260.098 3861.84940.70-.006547       4 0 0 23       1 0 0 11                    P 19e     466663342910 9 711    37.0   39.0
 21 6102.090152 3.293E-29 2.045E-02.05840.066 3333.47470.68-.009013       4 0 0 14       1 0 0 02                    P 72e     565553342910 9 711   143.0  145.0
 21 6102.136508 2.593E-28 1.142E-03.06620.075 2231.23730.74-.008160       4 0 0 14       1 0 0 01                    R 46e     566563342910 9 711    95.0   93.0
 21 6102.159211 2.905E-29 2.875E-06.06640.077 1441.53070.74-.008076       2 3 3 13       0 1 1 01                    R 44f     566563342910 9 711    91.0   89.0
 21 6102.256000 1.639E-28 3.179E-02.06880.088 2911.94190.74-.007108       5 0 0 15       2 0 0 03                    P 30e     566663342910 9 711    59.0   61.0
 21 6102.405561 3.439E-30 1.481E-02.06620.075 3643.40490.74-.007926       4 2 2 13       1 2 2 01                    P 47f     466563342910 9 711    93.0   95.0
 21 6102.464902 7.823E-30 3.107E-06.06960.090 1631.15270.73-.005738       5 1 1 03       0 2 2 01                    R 27f     466663342910 9 711    57.0   55.0
 21 6102.476158 4.880E-29 6.274E-03.06600.075 2925.34400.74-.007973       3 3 3 13       0 3 3 01                    P 48f     466563342910 9 711    95.0   97.0
 21 6102.487242 2.022E-29 1.217E-05.06790.085 1749.86000.74-.006304       5 1 1 03       1 0 0 02                    P 34e     466663342910 9 711    67.0   69.0
 21 6102.519527 9.331E-29 1.861E-02.06930.090 2903.18730.73-.007009       4 2 2 14       1 2 2 02                    P 28e     566663342910 9 711    55.0   57.0
 21 6102.533230 7.656E-30 1.349E-02.08340.114 3020.29090.68-.005557       3 1 1 23       0 1 1 11                    P  6e     466663342910 9 711    11.0   13.0
 21 6102.539317 1.773E-28 1.870E-02.06590.074 2888.89970.74-.008019       4 1 1 14       1 1 1 02                    P 49e     566563342910 9 711    97.0   99.0
 21 6102.574017 7.619E-30 3.812E-06.06880.088 1699.26250.74-.005966       5 1 1 03       0 2 2 01                    R 30e     466663342910 9 711    63.0   61.0
 21 6102.610613 1.094E-30 9.182E-03.08660.118 3248.47580.69-.005249       4 3 3 14       1 3 3 02                    P  4f     466663342910 9 711     7.0    9.0
 21 6102.646586 2.828E-29 2.408E-06.06650.077 1405.98470.74-.008008       2 3 3 13       0 1 1 01                    R 43e     566563342910 9 711    89.0   87.0
 21 6102.647640 7.301E-30 3.643E-02.08490.116 3193.19370.69-.005417       5 1 1 15       2 1 1 03                    P  5e     566663342910 9 711     9.0   11.0
 21 6102.688169 1.485E-30 1.424E-02.07090.095 3658.67640.72-.006757       4 3 3 13       1 3 3 01                    P 23e     466663342910 9 711    45.0   47.0
 21 6102.789473 2.269E-29 6.055E-03.06990.092 2947.58800.73-.006909       3 4 4 13       0 4 4 01                    P 26e     466663342910 9 711    51.0   53.0
 21 6102.802835 1.070E-30 9.944E-10.06830.087  411.92250.74-.007179       2 2 2 13       0 0 0 01                    Q 32e     566663342910 9 711    65.0   65.0
 21 6102.830414 5.580E-25 7.584E-04.06750.083  519.53500.74-.007458       3 0 0 14       0 0 0 01                    R 36e     686663344510 9 711    75.0   73.0
 21 6102.893612 1.675E-30 3.338E-02.07090.094 3826.69450.72-.006359       4 0 0 24       1 0 0 12                    R 23e     436663343010 9 711    49.0   47.0
 21 6102.911715 1.115E-30 8.696E-10.06880.088  362.78830.74-.007045       2 2 2 13       0 0 0 01                    Q 30e     566663342910 9 711    61.0   61.0
 21 6102.936109 2.221E-29 6.593E-03.05910.066 3169.76890.69-.008851       3 2 2 13       0 2 2 01                    P 68e     465553342910 9 711   135.0  137.0
 21 6103.012752 1.130E-30 7.542E-10.06930.090  316.76990.73-.006909       2 2 2 13       0 0 0 01                    Q 28e     566663342910 9 711    57.0   57.0
 21 6103.064742 1.921E-28 1.164E-03.06600.074 2305.27510.74-.008289       4 0 0 14       1 0 0 01                    R 48e     566563342910 9 711    99.0   97.0
 21 6103.086228 1.889E-30 1.576E-02.05930.067 3852.95850.70-.008810       4 1 1 13       1 1 1 01                    P 67e     465553342910 9 711   133.0  135.0
 21 6103.106130 1.112E-30 6.479E-10.06990.092  273.86800.73-.006768       2 2 2 13       0 0 0 01                    Q 26e     566663342910 9 711    53.0   53.0
 21 6103.146168 5.364E-30 6.837E-03.05690.064 3515.72570.64-.009507       3 1 1 13       0 1 1 01                    P 85e     465553342910 9 711   169.0  171.0
 21 6103.185021 4.826E-30 2.586E-05.05980.067 2340.73210.70-.007960       5 0 0 03       0 1 1 01                    R 65e     435553342910 9 711   133.0  131.0
 21 6103.192020 1.061E-30 5.511E-10.07060.094  234.08340.72-.006623       2 2 2 13       0 0 0 01                    Q 24e     566663342910 9 711    49.0   49.0
 21 6103.248191 1.507E-28 1.905E-02.06580.074 2930.26570.74-.008065       4 1 1 14       1 1 1 02                    P 50f     566553342910 9 711    99.0  101.0
 21 6103.347599 6.460E-30 1.360E-02.08490.116 3015.65780.69-.005417       3 1 1 23       0 1 1 11                    P  5f     466663342910 9 711     9.0   11.0
 21 6103.432387 4.205E-30 5.635E-02.06380.070 3913.26740.73-.008337       5 0 0 14       2 0 0 02                    P 56e     465553342910 9 711   111.0  113.0
 21 6103.453227 1.000E-28 1.860E-02.06960.091 2881.24350.73-.006959       4 2 2 14       1 2 2 02                    P 27f     566663342910 9 711    53.0   55.0
 21 6103.457354 5.814E-30 3.661E-02.08660.118 3189.31010.69-.005249       5 1 1 15       2 1 1 03                    P  4f     566663342910 9 711     7.0    9.0
 21 6103.490248 1.026E-30 1.028E-01.07700.105 4003.31450.68-.006122       6 0 0 15       3 0 0 03                    P 12e     466663342910 9 711    23.0   25.0
 21 6103.494269 2.574E-29 3.449E-06.06620.075 1512.63650.74-.008210       2 3 3 13       0 1 1 01                    R 46f     566563342910 9 711    95.0   93.0
 21 6103.501600 4.031E-30 1.484E-02.06620.076 3606.58270.74-.007879       4 2 2 13       1 2 2 01                    P 46e     466563342910 9 711    91.0   93.0
 21 6103.536862 5.732E-29 6.273E-03.06620.075 2887.73740.74-.007926       3 3 3 13       0 3 3 01                    P 47e     466563342910 9 711    93.0   95.0
 21 6103.605178 1.550E-30 1.425E-02.07130.095 3640.64120.71-.006705       4 3 3 13       1 3 3 01                    P 22f     466663342910 9 711    43.0   45.0
 21 6103.671241 5.423E-30 4.921E-02.06880.088 3703.02790.74-.007108       5 1 1 14       2 1 1 02                    P 30f     466663342910 9 711    59.0   61.0
 21 6103.705484 2.408E-29 6.058E-03.07020.093 2927.15780.72-.006858       3 4 4 13       0 4 4 01                    P 25f     466663342910 9 711    49.0   51.0
 21 6103.769259 7.237E-30 4.329E-06.06830.086 1748.57800.74-.006111       5 1 1 03       0 2 2 01                    R 32e     466663342910 9 711    67.0   65.0
 21 6103.916705 2.802E-29 6.526E-03.05930.067 3116.70200.70-.008810       3 2 2 13       0 2 2 01                    P 67f     465553342910 9 711   133.0  135.0
 21 6103.946136 7.740E-30 3.570E-06.06900.088 1675.77720.74-.005892       5 1 1 03       0 2 2 01                    R 29f     466663342910 9 711    61.0   59.0
 21 6103.960342 1.400E-28 1.186E-03.06580.073 2382.42160.74-.008414       4 0 0 14       1 0 0 01                    R 50e     566553342910 9 711   103.0  101.0
 21 6104.095679 2.520E-29 2.879E-06.06630.076 1475.42300.74-.008143       2 3 3 13       0 1 1 01                    R 45e     566563342910 9 711    93.0   91.0
 21 6104.113561 7.582E-29 1.375E-02.06700.081 2952.75970.75-.007546       3 0 0 23       0 0 0 11                    P 39e     466663342910 9 711    77.0   79.0
 21 6104.115315 5.868E-30 4.895E-02.06900.089 3678.58220.73-.007058       5 1 1 14       2 1 1 02                    P 29e     466663342910 9 711    57.0   59.0
 21 6104.134784 5.154E-30 1.370E-02.08660.118 3011.76400.69-.005249       3 1 1 23       0 1 1 11                    P  4e     466663342910 9 711     7.0    9.0
 21 6104.136685 1.561E-30 3.460E-02.07020.092 3864.65130.73-.006545       4 0 0 24       1 0 0 12                    R 25e     466663342910 9 711    53.0   51.0
 21 6104.149814 4.483E-25 7.689E-04.06720.081  578.01160.75-.007607       3 0 0 14       0 0 0 01                    R 38e     686663344510 9 711    79.0   77.0
 21 6104.166760 1.910E-28 3.178E-02.06930.090 2865.82810.73-.007009       5 0 0 15       2 0 0 03                    P 28e     566663342910 9 711    55.0   57.0
 21 6104.178138 1.167E-30 1.033E-02.08490.116 3352.34150.69-.004577       3 5 5 13       0 5 5 01                    Q  5e     466663342910 9 711    11.0   11.0
 21 6104.253958 2.133E-29 1.059E-05.06830.087 1697.58250.74-.006224       5 1 1 03       1 0 0 02                    P 32e     466663342910 9 711    63.0   65.0
 21 6104.262030 4.201E-30 3.648E-02.08850.120 3186.15540.70-.005032       5 1 1 15       2 1 1 03                    P  3e     566663342910 9 711     5.0    7.0
 21 6104.296059 2.123E-30 7.171E-03.05670.063 3723.34700.62-.009614       3 1 1 13       0 1 1 01                    P 88f     465553342910 9 711   175.0  177.0
 21 6104.406852 1.067E-28 1.862E-02.06990.092 2860.09700.73-.006909       4 2 2 14       1 2 2 02                    P 26e     566663342910 9 711    51.0   53.0
 21 6104.446742 3.160E-30 2.721E-05.05930.066 2444.32390.69-.008047       5 0 0 03       0 1 1 01                    R 67e     435553342910 9 711   137.0  135.0
 21 6104.466174 1.481E-30 1.609E-02.05910.066 3910.33370.69-.008851       4 1 1 13       1 1 1 01                    P 68f     465553342910 9 711   135.0  137.0
 21 6104.513879 1.608E-30 1.426E-02.07170.096 3623.38960.71-.006653       4 3 3 13       1 3 3 01                    P 21e     466663342910 9 711    41.0   43.0
 21 6104.588467 6.709E-29 6.275E-03.06620.076 2850.91250.74-.007879       3 3 3 13       0 3 3 01                    P 46f     466563342910 9 711    91.0   93.0
 21 6104.606660 4.694E-30 1.485E-02.06630.077 3570.67990.74-.007832       4 2 2 13       1 2 2 01                    P 45f     566563342910 9 711    89.0   91.0
 21 6104.616361 2.540E-29 6.057E-03.07060.094 2907.51260.72-.006808       3 4 4 13       0 4 4 01                    P 24e     466663342910 9 711    47.0   49.0
 21 6104.618093 5.455E-29 2.031E-02.05870.066 3222.25130.69-.008933       4 0 0 14       1 0 0 02                    P 70e     565553342910 9 711   139.0  141.0
 21 6104.798737 2.452E-28 1.869E-02.06620.075 2813.23130.74-.007926       4 1 1 14       1 1 1 02                    P 47e     566563342910 9 711    93.0   95.0
 21 6104.817582 2.228E-29 4.111E-06.06600.074 1586.85820.74-.008339       2 3 3 13       0 1 1 01                    R 48f     566563342910 9 711    99.0   97.0
 21 6104.822592 1.004E-28 1.210E-03.06530.072 2462.67570.73-.008536       4 0 0 14       1 0 0 01                    R 52e     565553342910 9 711   107.0  105.0
 21 6104.928653 3.727E-30 1.366E-02.08850.120 3008.67050.70-.005032       3 1 1 23       0 1 1 11                    P  3f     466663342910 9 711     5.0    7.0
 21 6104.942110 6.702E-30 4.883E-06.06790.084 1801.01980.74-.006251       5 1 1 03       0 2 2 01                    R 34e     466663342910 9 711    71.0   69.0
 21 6105.054733 2.391E-30 3.422E-02.09050.123 3183.81720.69-.004701       5 1 1 15       2 1 1 03                    P  2f     566663342910 9 711     3.0    5.0
 21 6105.319802 3.588E-29 6.581E-03.05950.067 3064.36320.70-.008768       3 2 2 13       0 2 2 01                    P 66e     465553342910 9 711   131.0  133.0
 21 6105.332135 1.131E-28 1.861E-02.07020.093 2839.72040.72-.006858       4 2 2 14       1 2 2 02                    P 25f     566663342910 9 711    49.0   51.0
 21 6105.354511 1.385E-30 3.486E-02.06960.090 3905.70320.73-.006725       4 0 0 24       1 0 0 12                    R 27e     466663342910 9 711    57.0   55.0
 21 6105.376957 2.101E-28 1.901E-02.06600.075 2852.86230.74-.007973       4 1 1 14       1 1 1 02                    P 48f     566563342910 9 711    95.0   97.0
 21 6105.418411 1.658E-30 1.428E-02.07220.097 3606.92160.71-.006601       4 3 3 13       1 3 3 01                    P 20f     466663342910 9 711    39.0   41.0
 21 6105.422314 7.451E-30 4.070E-06.06850.087 1723.52920.74-.006039       5 1 1 03       0 2 2 01                    R 31f     466663342910 9 711    65.0   63.0
 21 6105.452709 3.540E-25 7.798E-04.06690.080  639.60040.75-.007752       3 0 0 14       0 0 0 01                    R 40e     686663344510 9 711    83.0   81.0
 21 6105.522111 2.664E-29 6.056E-03.07090.095 2888.65250.72-.006757       3 4 4 13       0 4 4 01                    P 23f     466663342910 9 711    45.0   47.0
 21 6105.528769 1.042E-30 3.686E-03.07970.109 3275.96070.68-.005206       4 3 3 14       1 3 3 02                    Q  9e     366663242910 9 711    19.0   19.0
 21 6105.537813 2.192E-29 3.418E-06.06620.075 1547.97310.74-.008275       2 3 3 13       0 1 1 01                    R 47e     566563342910 9 711    97.0   95.0
 21 6105.580255 1.206E-30 4.607E-03.08080.111 3268.89330.68-.005070       4 3 3 14       1 3 3 02                    Q  8f     466663342910 9 711    17.0   17.0
 21 6105.617220 6.331E-30 4.928E-02.06930.090 3656.89780.73-.007009       5 1 1 14       2 1 1 02                    P 28f     466663342910 9 711    55.0   57.0
 21 6105.626017 1.410E-30 5.921E-03.08200.112 3262.61110.68-.004922       4 3 3 14       1 3 3 02                    Q  7e     466663342910 9 711    15.0   15.0
 21 6105.636904 7.813E-29 6.274E-03.06630.077 2814.86810.74-.007832       3 3 3 13       0 3 3 01                    P 45e     466563342910 9 711    89.0   91.0
 21 6105.650756 7.092E-29 1.236E-03.06470.071 2546.03630.73-.008655       4 0 0 14       1 0 0 01                    R 54e     565553342910 9 711   111.0  109.0
 21 6105.666054 1.673E-30 7.893E-03.08340.114 3257.11410.68-.004758       4 3 3 14       1 3 3 02                    Q  6f     466663342910 9 711    13.0   13.0
 21 6105.691384 5.455E-30 1.488E-02.06640.077 3535.42920.74-.007785       4 2 2 13       1 2 2 01                    P 44e     566563342910 9 711    87.0   89.0
 21 6105.700368 2.028E-30 1.105E-02.08490.116 3252.40230.69-.004577       4 3 3 14       1 3 3 02                    Q  5e     466663342910 9 711    11.0   11.0
 21 6105.710466 2.030E-30 2.854E-05.05890.066 2551.01130.69-.008132       5 0 0 03       0 1 1 01                    R 69e     465553342910 9 711   141.0  139.0
 21 6105.713854 2.123E-30 1.283E-02.09050.123 3006.33780.69-.004701       3 1 1 23       0 1 1 11                    P  2e     466663342910 9 711     3.0    5.0
 21 6105.728961 2.537E-30 1.658E-02.08660.118 3248.47580.69-.004375       4 3 3 14       1 3 3 02                    Q  4f     466663342910 9 711     9.0    9.0
 21 6105.735174 3.036E-30 1.580E-02.05980.067 3749.40420.70-.008726       4 1 1 13       1 1 1 01                    P 65e     465553342910 9 711   129.0  131.0
 21 6105.751834 3.339E-30 2.763E-02.08850.120 3245.33460.70-.004146       4 3 3 14       1 3 3 02                    Q  3e     466663342910 9 711     7.0    7.0
 21 6105.860004 1.242E-30 3.816E-02.07480.102 3807.67050.69-.006319       4 0 0 23       1 0 0 11                    P 15e     466663342910 9 711    29.0   31.0
 21 6105.922886 6.158E-30 5.633E-02.06470.071 3826.96580.73-.008247       5 0 0 14       2 0 0 02                    P 54e     465553342910 9 711   107.0  109.0
 21 6105.969083 9.892E-30 6.825E-03.05710.064 3384.34230.64-.009435       3 1 1 13       0 1 1 01                    P 83e     465553342910 9 711   165.0  167.0
 21 6106.009421 2.195E-29 9.170E-06.06880.088 1648.42100.74-.006144       5 1 1 03       1 0 0 02                    P 30e     466663342910 9 711    59.0   61.0
 21 6106.052352 2.181E-28 3.177E-02.06990.092 2822.83620.73-.006909       5 0 0 15       2 0 0 03                    P 26e     566663342910 9 711    51.0   53.0
 21 6106.092685 6.057E-30 5.476E-06.06750.083 1856.58700.74-.006387       5 1 1 03       0 2 2 01                    R 36e     466663342910 9 711    75.0   73.0
 21 6106.123234 6.785E-30 4.908E-02.06960.091 3634.14370.73-.006959       5 1 1 14       2 1 1 02                    P 27e     466663342910 9 711    53.0   55.0
 21 6106.128920 1.885E-29 4.871E-06.06580.073 1664.19460.74-.008465       2 3 3 13       0 1 1 01                    R 50f     566553342910 9 711   103.0  101.0
 21 6106.169919 9.568E-29 1.371E-02.06730.083 2893.20070.74-.007450       3 0 0 23       0 0 0 11                    P 37e     466663342910 9 711    73.0   75.0
 21 6106.270337 1.194E-28 1.863E-02.07060.094 2820.13750.72-.006808       4 2 2 14       1 2 2 02                    P 24e     566663342910 9 711    47.0   49.0
 21 6106.306763 4.495E-29 6.520E-03.05980.067 3012.84320.70-.008726       3 2 2 13       0 2 2 01                    P 65f     465553342910 9 711   129.0  131.0
 21 6106.315663 1.697E-30 1.427E-02.07260.098 3591.23730.70-.006547       4 3 3 13       1 3 3 01                    P 19e     466663342910 9 711    37.0   39.0
 21 6106.422717 2.778E-29 6.054E-03.07130.095 2870.57770.71-.006705       3 4 4 13       0 4 4 01                    P 22e     466663342910 9 711    43.0   45.0
 21 6106.444090 4.928E-29 1.262E-03.06380.070 2632.50220.72-.008770       4 0 0 14       1 0 0 01                    R 56e     565553342910 9 711   115.0  113.0
 21 6106.546851 1.204E-30 3.511E-02.06900.088 3949.84940.74-.006898       4 0 0 24       1 0 0 12                    R 29e     466663342910 9 711    61.0   59.0
 21 6106.600187 1.330E-30 1.143E-02.09050.123 3183.81720.69-.003886       5 1 1 15       2 1 1 03                    Q  2f     566663342910 9 711     5.0    5.0
 21 6106.626787 2.413E-30 3.429E-02.09500.127 3182.24520.69-.003589       5 1 1 15       2 1 1 03                    Q  1e     566663342910 9 711     3.0    3.0
 21 6106.677070 9.066E-29 6.276E-03.06640.077 2779.60550.74-.007785       3 3 3 13       0 3 3 01                    P 44f     466563342910 9 711    87.0   89.0
 21 6106.738552 2.748E-25 7.913E-04.06660.078  704.30050.75-.007892       3 0 0 14       0 0 0 01                    R 42e     686563344510 9 711    87.0   85.0
 21 6106.779651 6.298E-30 1.488E-02.06650.078 3501.07460.75-.007738       4 2 2 13       1 2 2 01                    P 43f     566563342910 9 711    85.0   87.0
 21 6106.893600 6.989E-30 4.607E-06.06810.085 1774.40790.74-.006182       5 1 1 03       0 2 2 01                    R 33f     466663342910 9 711    69.0   67.0
 21 6106.939307 4.005E-30 7.147E-03.05680.064 3587.13620.63-.009543       3 1 1 13       0 1 1 01                    P 86f     465553342910 9 711   171.0  173.0
 21 6106.972731 1.863E-29 4.032E-06.06590.074 1623.63350.74-.008402       2 3 3 13       0 1 1 01                    R 49e     566563342910 9 711   101.0   99.0
 21 6106.977178 2.399E-30 1.611E-02.05950.067 3804.97070.70-.008768       4 1 1 13       1 1 1 01                    P 66f     465553342910 9 711   131.0  133.0
 21 6106.977311 1.280E-30 2.985E-05.05850.066 2660.79240.68-.008214       5 0 0 03       0 1 1 01                    R 71e     465553342910 9 711   145.0  143.0
 21 6107.028159 3.335E-28 1.868E-02.06630.077 2740.67270.74-.007832       4 1 1 14       1 1 1 02                    P 45e     566563342910 9 711    89.0   91.0
 21 6107.114896 8.897E-29 2.018E-02.05910.066 3114.11500.69-.008851       4 0 0 14       1 0 0 02                    P 68e     565553342910 9 711   135.0  137.0
 21 6107.186431 1.253E-28 1.864E-02.07090.095 2801.32800.72-.006757       4 2 2 14       1 2 2 02                    P 23f     566663342910 9 711    45.0   47.0
 21 6107.201836 3.371E-29 1.290E-03.06270.069 2722.07220.72-.008883       4 0 0 14       1 0 0 01                    R 58e     565553342910 9 711   119.0  117.0
 21 6107.207940 1.725E-30 1.427E-02.07310.099 3576.33690.70-.006493       4 3 3 13       1 3 3 01                    P 18f     466663342910 9 711    35.0   37.0
 21 6107.221111 5.348E-30 6.107E-06.06720.081 1915.27870.75-.006518       5 1 1 03       0 2 2 01                    R 38e     466663342910 9 711    79.0   77.0
 21 6107.261368 1.180E-30 4.280E-03.09050.123 3006.33780.69-.003886       3 1 1 23       0 1 1 11                    Q  2e     466663342910 9 711     5.0    5.0
 21 6107.263024 2.142E-30 1.285E-02.09500.127 3004.78860.69-.003589       3 1 1 23       0 1 1 11                    Q  1f     466663342910 9 711     3.0    3.0
 21 6107.318180 2.877E-29 6.048E-03.07170.096 2853.28810.71-.006653       3 4 4 13       0 4 4 01                    P 21f     466663342910 9 711    41.0   43.0
 21 6107.428045 1.559E-29 5.736E-06.06530.072 1744.64440.73-.008587       2 3 3 13       0 1 1 01                    R 52f     465553342910 9 711   107.0  105.0
 21 6107.481153 2.879E-28 1.896E-02.06620.076 2778.57490.74-.007879       4 1 1 14       1 1 1 02                    P 46f     566563342910 9 711    91.0   93.0
 21 6107.536106 7.243E-30 4.937E-02.06990.092 3613.89170.73-.006909       5 1 1 14       2 1 1 02                    P 26f     466663342910 9 711    51.0   53.0
 21 6107.561880 1.825E-30 1.408E-09.08660.116    7.80430.69-.003765       2 2 2 13       0 0 0 01                    R  4e     566663342910 9 711    11.0    9.0
 21 6107.678100 5.705E-29 6.570E-03.06010.068 2962.06080.71-.008684       3 2 2 13       0 2 2 01                    P 64e     565553342910 9 711   127.0  129.0
 21 6107.694017 1.212E-30 3.876E-02.07620.104 3785.22360.68-.006192       4 0 0 23       1 0 0 11                    P 13e     466663342910 9 711    25.0   27.0
 21 6107.713365 1.047E-28 6.276E-03.06650.078 2745.12380.75-.007738       3 3 3 13       0 3 3 01                    P 43e     466563342910 9 711    85.0   87.0
 21 6107.753384 2.200E-29 7.887E-06.06930.090 1602.37630.73-.006064       5 1 1 03       1 0 0 02                    P 28e     466663342910 9 711    55.0   57.0
 21 6107.852370 7.255E-30 1.491E-02.06660.079 3467.39430.75-.007690       4 2 2 13       1 2 2 01                    P 42e     566563342910 9 711    83.0   85.0
 21 6107.912968 2.440E-28 3.180E-02.07060.094 2782.96710.72-.006808       5 0 0 15       2 0 0 03                    P 24e     566663342910 9 711    47.0   49.0
 21 6107.923228 2.270E-29 1.319E-03.06170.069 2814.74520.71-.008992       4 0 0 14       1 0 0 01                    R 60e     565553342910 9 711   123.0  121.0
 21 6108.006779 2.097E-25 8.032E-04.06640.077  772.11070.74-.008028       3 0 0 14       0 0 0 01                    R 44e     686563344510 9 711    91.0   89.0
 21 6108.093564 1.741E-30 1.427E-02.07370.100 3562.22040.70-.006437       4 3 3 13       1 3 3 01                    P 17e     466663342910 9 711    33.0   35.0
 21 6108.098607 7.684E-30 4.921E-02.07020.093 3592.82040.72-.006858       5 1 1 14       2 1 1 02                    P 25e     466663342910 9 711    49.0   51.0
 21 6108.109935 1.307E-28 1.865E-02.07130.095 2783.30940.71-.006705       4 2 2 14       1 2 2 02                    P 22e     566663342910 9 711    43.0   45.0
 21 6108.172242 2.415E-30 2.060E-02.09500.123 3182.24520.69-.003072       5 1 1 15       2 1 1 03                    R  1e     566663342910 9 711     5.0    3.0
 21 6108.197904 1.186E-28 1.367E-02.06770.084 2836.72980.74-.007353       3 0 0 23       0 0 0 11                    P 35e     466663342910 9 711    69.0   71.0
 21 6108.208488 2.961E-29 6.041E-03.07220.097 2836.78400.71-.006601       3 4 4 13       0 4 4 01                    P 20e     466663342910 9 711    39.0   41.0
 21 6108.327528 4.618E-30 6.781E-06.06690.080 1977.09380.75-.006646       5 1 1 03       0 2 2 01                    R 40e     466663342910 9 711    83.0   81.0
 21 6108.351202 4.803E-30 1.584E-02.06040.068 3648.94750.71-.008642       4 1 1 13       1 1 1 01                    P 63e     465553342910 9 711   125.0  127.0
 21 6108.360177 6.395E-30 5.183E-06.06770.084 1828.41260.74-.006320       5 1 1 03       0 2 2 01                    R 35f     466663342910 9 711    73.0   71.0
 21 6108.379011 8.872E-30 5.631E-02.06530.072 3743.76200.74-.008156       5 0 0 14       2 0 0 02                    P 52e     465553342910 9 711   103.0  105.0
 21 6108.400164 1.548E-29 4.728E-06.06560.072 1702.40320.74-.008526       2 3 3 13       0 1 1 01                    R 51e     465553342910 9 711   105.0  103.0
 21 6108.607492 1.505E-29 1.349E-03.06080.068 2910.51970.71-.009099       4 0 0 14       1 0 0 01                    R 62e     565553342910 9 711   127.0  125.0
 21 6108.670690 7.096E-29 6.514E-03.06040.068 2912.08930.71-.008642       3 2 2 13       0 2 2 01                    P 63f     565553342910 9 711   125.0  127.0
 21 6108.714708 1.262E-29 6.721E-06.06470.071 1828.20620.73-.008706       2 3 3 13       0 1 1 01                    R 54f     465553342910 9 711   111.0  109.0
 21 6108.742025 1.204E-28 6.276E-03.06660.079 2711.42410.75-.007690       3 3 3 13       0 3 3 01                    P 42f     466563342910 9 711    83.0   85.0
 21 6108.760575 1.796E-29 6.813E-03.05730.064 3256.03870.65-.009361       3 1 1 13       0 1 1 01                    P 81e     565553342910 9 711   161.0  163.0
 21 6108.810538 2.144E-30 7.722E-03.09500.123 3004.78860.69-.003072       3 1 1 23       0 1 1 11                    R  1f     466663342910 9 711     5.0    3.0
 21 6108.870182 1.116E-30 7.189E-03.08850.118 3245.33460.69-.003500       4 3 3 14       1 3 3 02                    R  3e     466663342910 9 711     9.0    7.0
 21 6108.924556 8.305E-30 1.492E-02.06680.080 3434.59000.75-.007642       4 2 2 13       1 2 2 01                    P 41f     566563342910 9 711    81.0   83.0
 21 6108.950206 4.266E-30 2.620E-02.09050.120 3183.81720.70-.003261       5 1 1 15       2 1 1 03                    R  2f     566663342910 9 711     7.0    5.0
 21 6108.973733 1.743E-30 1.426E-02.07420.101 3548.88770.69-.006379       4 3 3 13       1 3 3 01                    P 16f     466663342910 9 711    31.0   33.0
 21 6109.016176 1.355E-28 1.865E-02.07170.096 2766.06710.71-.006653       4 2 2 14       1 2 2 02                    P 21f     566663342910 9 711    41.0   43.0
 21 6109.093639 3.025E-29 6.028E-03.07260.098 2821.06520.70-.006547       3 4 4 13       0 4 4 01                    P 19f     466663342910 9 711    37.0   39.0
 21 6109.101838 8.350E-30 4.927E-09.08340.112   16.38900.68-.004195       2 2 2 13       0 0 0 01                    R  6e     566663342910 9 711    15.0   13.0
 21 6109.227683 4.459E-28 1.867E-02.06650.078 2671.22530.75-.007738       4 1 1 14       1 1 1 02                    P 43e     566563342910 9 711    85.0   87.0
 21 6109.253851 9.824E-30 1.381E-03.06010.067 3009.39450.70-.009203       4 0 0 14       1 0 0 01                    R 64e     565553342910 9 711   131.0  129.0
 21 6109.256815 1.574E-25 8.156E-04.06620.075  843.03010.74-.008160       3 0 0 14       0 0 0 01                    R 46e     686563344510 9 711    95.0   93.0
 21 6109.412091 3.901E-30 7.496E-06.06660.078 2042.03130.75-.006769       5 1 1 03       0 2 2 01                    R 42e     466563342910 9 711    87.0   85.0
 21 6109.427964 8.113E-30 4.946E-02.07060.094 3574.01030.72-.006808       5 1 1 14       2 1 1 02                    P 24f     466663342910 9 711    47.0   49.0
 21 6109.459188 3.826E-30 1.614E-02.06010.068 3702.71270.71-.008684       4 1 1 13       1 1 1 01                    P 64f     465553342910 9 711   127.0  129.0
 21 6109.485616 2.144E-29 6.732E-06.06990.092 1559.44940.73-.005983       5 1 1 03       1 0 0 02                    P 26e     466663342910 9 711    51.0   53.0
 21 6109.490412 1.137E-30 3.942E-02.07780.107 3765.87230.68-.006048       4 0 0 23       1 0 0 11                    P 11e     466663342910 9 711    21.0   23.0
 21 6109.554485 7.440E-30 7.124E-03.05700.064 3454.00660.64-.009471       3 1 1 13       0 1 1 01                    P 84f     465553342910 9 711   167.0  169.0
 21 6109.560961 3.881E-28 1.893E-02.06640.077 2707.40490.74-.007785       4 1 1 14       1 1 1 02                    P 44f     566563342910 9 711    87.0   89.0
 21 6109.561031 3.780E-30 9.800E-03.09050.120 3006.33780.70-.003261       3 1 1 23       0 1 1 11                    R  2e     466663342910 9 711     7.0    5.0
 21 6109.580740 1.428E-28 2.005E-02.05950.067 3009.06770.70-.008768       4 0 0 14       1 0 0 02                    P 66e     565553342910 9 711   131.0  133.0
 21 6109.626868 2.011E-30 1.077E-02.08660.116 3248.47580.69-.003737       4 3 3 14       1 3 3 02                    R  4f     466663342910 9 711    11.0    9.0
 21 6109.685938 5.933E-30 2.867E-02.08850.118 3186.15540.69-.003500       5 1 1 15       2 1 1 03                    R  3e     566663342910 9 711     9.0    7.0
 21 6109.748787 2.670E-28 3.183E-02.07130.095 2746.22160.71-.006705       5 0 0 15       2 0 0 03                    P 22e     566663342910 9 711    43.0   45.0
 21 6109.766281 1.379E-28 6.279E-03.06680.080 2678.50580.75-.007642       3 3 3 13       0 3 3 01                    P 41e     466563342910 9 711    81.0   83.0
 21 6109.819831 1.257E-29 5.509E-06.06500.071 1784.28080.73-.008647       2 3 3 13       0 1 1 01                    R 53e     465553342910 9 711   109.0  107.0
 21 6109.822237 5.715E-30 5.800E-06.06730.082 1885.54220.75-.006453       5 1 1 03       0 2 2 01                    R 37f     466663342910 9 711    77.0   75.0
 21 6109.847606 1.729E-30 1.423E-02.07480.102 3536.33910.69-.006319       4 3 3 13       1 3 3 01                    P 15e     466663342910 9 711    29.0   31.0
 21 6109.861525 6.314E-30 1.414E-03.05950.067 3111.36830.70-.009305       4 0 0 14       1 0 0 01                    R 66e     565553342910 9 711   135.0  133.0
 21 6109.925599 1.397E-28 1.867E-02.07220.097 2749.61350.71-.006601       4 2 2 14       1 2 2 02                    P 20e     566663342910 9 711    39.0   41.0
 21 6109.973624 3.068E-29 6.012E-03.07310.099 2806.13200.70-.006493       3 4 4 13       0 4 4 01                    P 18e     466663342910 9 711    35.0   37.0
 21 6109.984723 9.482E-30 1.494E-02.06690.080 3402.47930.75-.007595       4 2 2 13       1 2 2 01                    P 40e     566663342910 9 711    79.0   81.0
 21 6109.988648 1.000E-29 7.837E-06.06380.070 1914.87870.72-.008823       2 3 3 13       0 1 1 01                    R 56f     465553342910 9 711   115.0  113.0
 21 6110.010989 8.925E-29 6.557E-03.06080.068 2862.86350.71-.008599       3 2 2 13       0 2 2 01                    P 62e     565553342910 9 711   123.0  125.0
 21 6110.041377 8.515E-30 4.935E-02.07090.095 3554.61310.72-.006757       5 1 1 14       2 1 1 02                    P 23e     466663342910 9 711    45.0   47.0
 21 6110.197725 1.444E-28 1.364E-02.06810.086 2783.34800.74-.007255       3 0 0 23       0 0 0 11                    P 33e     466663342910 9 711    65.0   67.0
 21 6110.334922 5.255E-30 1.072E-02.08850.118 3008.67050.69-.003500       3 1 1 23       0 1 1 11                    R  3f     466663342910 9 711     9.0    7.0
 21 6110.377814 2.776E-30 1.282E-02.08490.114 3252.40230.68-.003960       4 3 3 14       1 3 3 02                    R  5e     466663342910 9 711    13.0   11.0
 21 6110.429734 3.996E-30 1.449E-03.05910.066 3216.43970.69-.009404       4 0 0 14       1 0 0 01                    R 68e     565553342910 9 711   139.0  137.0
 21 6110.469099 7.489E-30 3.008E-02.08660.116 3189.31010.69-.003737       5 1 1 15       2 1 1 03                    R  4f     566663342910 9 711    11.0    9.0
 21 6110.474970 3.226E-30 8.253E-06.06640.077 2110.09010.74-.006889       5 1 1 03       0 2 2 01                    R 44e     466563342910 9 711    91.0   89.0
 21 6110.488066 1.163E-25 8.287E-04.06600.074  917.05730.74-.008289       3 0 0 14       0 0 0 01                    R 48e     586563344510 9 711    99.0   97.0
 21 6110.635319 2.578E-29 1.272E-08.08080.109   28.09510.68-.004563       2 2 2 13       0 0 0 01                    R  8e     566663342910 9 711    19.0   17.0
 21 6110.715756 1.700E-30 1.419E-02.07550.103 3524.57450.68-.006257       4 3 3 13       1 3 3 01                    P 14f     466663342910 9 711    27.0   29.0
 21 6110.783388 1.572E-28 6.280E-03.06690.080 2646.36960.75-.007595       3 3 3 13       0 3 3 01                    P 40f     466663342910 9 711    79.0   81.0
 21 6110.800874 1.258E-29 5.632E-02.06580.074 3663.65750.74-.008065       5 0 0 14       2 0 0 02                    P 50e     466553342910 9 711    99.0  101.0
 21 6110.821426 1.430E-28 1.867E-02.07260.098 2733.93840.70-.006547       4 2 2 14       1 2 2 02                    P 19f     566663342910 9 711    37.0   39.0
 21 6110.848439 3.087E-29 5.992E-03.07370.100 2791.98440.70-.006437       3 4 4 13       0 4 4 01                    P 17f     466663342910 9 711    33.0   35.0
 21 6110.934247 7.476E-30 1.588E-02.06120.069 3551.59000.71-.008556       4 1 1 13       1 1 1 01                    P 61e     465553342910 9 711   121.0  123.0
 21 6110.957705 2.491E-30 1.486E-03.05870.066 3324.60720.68-.009500       4 0 0 14       1 0 0 01                    R 70e     565553342910 9 711   143.0  141.0
 21 6111.008416 1.102E-28 6.507E-03.06120.069 2814.44200.71-.008556       3 2 2 13       0 2 2 01                    P 61f     565553342910 9 711   121.0  123.0
 21 6111.041403 1.076E-29 1.495E-02.06700.081 3371.22730.75-.007546       4 2 2 13       1 2 2 01                    P 39f     566663342910 9 711    77.0   79.0
 21 6111.060082 6.613E-30 1.121E-02.08660.116 3011.76400.69-.003737       3 1 1 23       0 1 1 11                    R  4e     466663342910 9 711    11.0    9.0
 21 6111.123016 3.448E-30 1.412E-02.08340.112 3257.11410.68-.004165       4 3 3 14       1 3 3 02                    R  6f     466663342910 9 711    15.0   13.0
 21 6111.170773 8.931E-30 3.094E-02.08490.114 3193.19370.68-.003960       5 1 1 15       2 1 1 03                    R  5e     566663342910 9 711    13.0   11.0
 21 6111.205900 2.027E-29 5.694E-06.07060.094 1519.64110.72-.005902       5 1 1 03       1 0 0 02                    P 24e     466663342910 9 711    47.0   49.0
 21 6111.231437 9.999E-30 6.392E-06.06420.070 1869.26490.73-.008765       2 3 3 13       0 1 1 01                    R 55e     465553342910 9 711   113.0  111.0
 21 6111.239797 1.050E-30 1.766E-02.05720.064 4038.54550.65-.009398       4 0 0 13       1 0 0 01                    P 82e     465553342910 9 711   163.0  165.0
 21 6111.249595 7.761E-30 9.097E-06.06270.069 2004.66030.72-.008936       2 3 3 13       0 1 1 01                    R 58f     465553342910 9 711   119.0  117.0
 21 6111.279992 4.992E-30 6.458E-06.06700.080 1945.79590.75-.006583       5 1 1 03       0 2 2 01                    R 39f     466663342910 9 711    81.0   79.0
 21 6111.292863 8.888E-30 4.957E-02.07130.095 3537.25420.71-.006705       5 1 1 14       2 1 1 02                    P 22f     466663342910 9 711    43.0   45.0
 21 6111.397404 5.861E-28 1.867E-02.06680.080 2604.89030.75-.007642       4 1 1 14       1 1 1 02                    P 41e     566563342910 9 711    81.0   83.0
 21 6111.444672 1.529E-30 1.524E-03.05840.065 3435.86930.68-.009595       4 0 0 14       1 0 0 01                    R 72e     565553342910 9 711   147.0  145.0
 21 6111.516353 2.614E-30 9.057E-06.06620.075 2181.26900.74-.007005       5 1 1 03       0 2 2 01                    R 46e     466563342910 9 711    95.0   93.0
 21 6111.520622 3.211E-29 6.802E-03.05760.064 3130.81720.66-.009286       3 1 1 13       0 1 1 01                    P 79e     565553342910 9 711   157.0  159.0
 21 6111.559976 2.854E-28 3.187E-02.07220.097 2712.60060.71-.006601       5 0 0 15       2 0 0 03                    P 20e     566663342910 9 711    39.0   41.0
 21 6111.577800 1.654E-30 1.414E-02.07620.104 3513.59390.68-.006192       4 3 3 13       1 3 3 01                    P 13e     466663342910 9 711    25.0   27.0
 21 6111.616556 5.143E-28 1.890E-02.06660.079 2639.35360.75-.007690       4 1 1 14       1 1 1 02                    P 42f     566563342910 9 711    83.0   85.0
 21 6111.699933 8.448E-26 8.423E-04.06580.073  994.19130.74-.008414       3 0 0 14       0 0 0 01                    R 50e     586553344510 9 711   103.0  101.0
 21 6111.717278 1.455E-28 1.868E-02.07310.099 2719.05030.70-.006493       4 2 2 14       1 2 2 02                    P 18e     566663342910 9 711    35.0   37.0
 21 6111.718077 3.080E-29 5.965E-03.07420.101 2778.62240.69-.006379       3 4 4 13       0 4 4 01                    P 16e     466663342910 9 711    31.0   33.0
 21 6111.795690 1.784E-28 6.280E-03.06700.081 2615.01510.75-.007546       3 3 3 13       0 3 3 01                    P 39e     466663342910 9 711    77.0   79.0
 21 6111.843441 7.883E-30 1.152E-02.08490.114 3015.65780.68-.003960       3 1 1 23       0 1 1 11                    R  5f     466663342910 9 711    13.0   11.0
 21 6111.862468 4.042E-30 1.501E-02.08200.111 3262.61110.68-.004355       4 3 3 14       1 3 3 02                    R  7e     466663342910 9 711    17.0   15.0
 21 6111.912205 6.004E-30 1.616E-02.06080.068 3603.56140.71-.008599       4 1 1 13       1 1 1 01                    P 62f     465553342910 9 711   123.0  125.0
 21 6111.951543 9.224E-30 4.950E-02.07170.096 3519.52250.71-.006653       5 1 1 14       2 1 1 02                    P 21e     466663342910 9 711    41.0   43.0
 21 6111.965446 1.028E-29 3.159E-02.08340.112 3197.94160.68-.004165       5 1 1 15       2 1 1 03                    R  6f     566663342910 9 711    15.0   13.0
 21 6112.015827 2.257E-28 1.993E-02.06010.068 2907.11140.71-.008684       4 0 0 14       1 0 0 02                    P 64e     565553342910 9 711   127.0  129.0
 21 6112.088589 1.217E-29 1.497E-02.06720.082 3340.68530.75-.007498       4 2 2 13       1 2 2 01                    P 38e     566663342910 9 711    75.0   77.0
 21 6112.141713 1.361E-29 7.102E-03.05720.064 3323.96060.65-.009398       3 1 1 13       0 1 1 01                    P 82f     465553342910 9 711   163.0  165.0
 21 6112.162306 6.238E-29 2.734E-08.07870.107   42.92250.68-.004883       2 2 2 13       0 0 0 01                    R 10e     566663342910 9 711    23.0   21.0
 21 6112.169581 1.726E-28 1.362E-02.06850.088 2733.05620.74-.007157       3 0 0 23       0 0 0 11                    P 31e     466663342910 9 711    61.0   63.0
 21 6112.194896 1.424E-30 2.803E-05.05720.064 2649.65610.65-.008064       4 1 1 02       0 0 0 01                    P 82e     465553342910 9 711   163.0  165.0
 21 6112.318541 1.374E-28 6.546E-03.06170.069 2766.77310.72-.008513       3 2 2 13       0 2 2 01                    P 60e     565553342910 9 711   119.0  121.0
 21 6112.433980 1.590E-30 1.407E-02.07700.105 3503.39750.68-.006122       4 3 3 13       1 3 3 01                    P 12f     466663342910 9 711    23.0   25.0
 21 6112.497265 5.901E-30 1.052E-05.06170.069 2097.54970.71-.009046       2 3 3 13       0 1 1 01                    R 60f     465553342910 9 711   123.0  121.0
 21 6112.536444 2.075E-30 9.903E-06.06600.074 2255.56680.74-.007118       5 1 1 03       0 2 2 01                    R 48e     466563342910 9 711    99.0   97.0
 21 6112.537354 9.026E-30 1.170E-02.08340.112 3020.29090.68-.004165       3 1 1 23       0 1 1 11                    R  6e     466663342910 9 711    15.0   13.0
 21 6112.582534 3.044E-29 5.930E-03.07480.102 2766.04610.69-.006319       3 4 4 13       0 4 4 01                    P 15f     466663342910 9 711    29.0   31.0
 21 6112.596166 4.566E-30 1.564E-02.08080.109 3268.89330.68-.004531       4 3 3 14       1 3 3 02                    R  8f     466663342910 9 711    19.0   17.0
 21 6112.602229 1.469E-28 1.869E-02.07370.100 2704.94240.70-.006437       4 2 2 14       1 2 2 02                    P 17f     566663342910 9 711    33.0   35.0
 21 6112.626688 1.149E-29 3.199E-02.08200.111 3203.35990.68-.004355       5 1 1 15       2 1 1 03                    R  7e     566663342910 9 711    17.0   15.0
 21 6112.634676 7.784E-30 7.377E-06.06320.070 1957.35410.72-.008879       2 3 3 13       0 1 1 01                    R 57e     465553342910 9 711   117.0  115.0
 21 6112.685409 1.487E-30 2.557E-02.06470.071 3956.38720.73-.008247       5 0 0 13       2 0 0 01                    P 54e     535553343010 9 711   107.0  109.0
 21 6112.733666 4.266E-30 7.160E-06.06680.079 2009.17250.75-.006708       5 1 1 03       0 2 2 01                    R 41f     466563342910 9 711    85.0   83.0
 21 6112.801209 2.016E-28 6.282E-03.06720.082 2584.44300.75-.007498       3 3 3 13       0 3 3 01                    P 38f     466663342910 9 711    75.0   77.0
 21 6112.891802 6.039E-26 8.563E-04.06530.072 1074.43060.73-.008536       3 0 0 14       0 0 0 01                    R 52e     585553344510 9 711   107.0  105.0
 21 6112.914036 1.853E-29 4.763E-06.07130.095 1482.95210.71-.005820       5 1 1 03       1 0 0 02                    P 22e     466663342910 9 711    43.0   45.0
 21 6113.058485 1.063E-30 2.529E-02.06830.087 3914.20310.74-.007206       5 1 1 13       2 1 1 01                    P 32f     466663342910 9 711    63.0   65.0
 21 6113.130216 1.369E-29 1.498E-02.06730.083 3310.98740.74-.007450       4 2 2 13       1 2 2 01                    P 37f     566663342910 9 711    73.0   75.0
 21 6113.130871 9.512E-30 4.970E-02.07220.097 3503.62430.71-.006601       5 1 1 14       2 1 1 02                    P 20f     466663342910 9 711    39.0   41.0
 21 6113.188596 1.753E-29 5.629E-02.06600.075 3586.65330.74-.007973       5 0 0 14       2 0 0 02                    P 48e     466563342910 9 711    95.0   97.0
 21 6113.242224 1.045E-30 4.963E-03.07780.105 3392.50440.68-.004996       3 5 5 13       0 5 5 01                    R 11e     466663342910 9 711    25.0   23.0
 21 6113.284143 1.508E-30 1.396E-02.07780.107 3493.98530.68-.006048       4 3 3 13       1 3 3 01                    P 11e     466663342910 9 711    21.0   23.0
 21 6113.319951 1.685E-28 6.503E-03.06220.069 2719.90300.72-.008469       3 2 2 13       0 2 2 01                    P 59f     565553342910 9 711   117.0  119.0
 21 6113.324102 5.022E-30 1.611E-02.07970.108 3275.96070.68-.004695       4 3 3 14       1 3 3 02                    R  9e     466663342910 9 711    21.0   19.0
 21 6113.336609 1.009E-29 1.185E-02.08200.111 3025.75050.68-.004355       3 1 1 23       0 1 1 11                    R  7f     466663342910 9 711    17.0   15.0
 21 6113.346685 2.976E-28 3.195E-02.07310.099 2682.10480.70-.006493       5 0 0 15       2 0 0 03                    P 18e     566663342910 9 711    35.0   37.0
 21 6113.439169 1.261E-29 3.241E-02.08080.109 3209.71150.68-.004531       5 1 1 15       2 1 1 03                    R  8f     566663342910 9 711    19.0   17.0
 21 6113.441803 2.977E-29 5.884E-03.07550.103 2754.25560.68-.006257       3 4 4 13       0 4 4 01                    P 14e     466663342910 9 711    27.0   29.0
 21 6113.484252 1.145E-29 1.592E-02.06220.069 3457.33300.72-.008469       4 1 1 13       1 1 1 01                    P 59e     465553342910 9 711   117.0  119.0
 21 6113.484926 1.473E-28 1.870E-02.07420.101 2691.62030.69-.006379       4 2 2 14       1 2 2 02                    P 16e     566663342910 9 711    31.0   33.0
 21 6113.535466 1.615E-30 1.080E-05.06580.073 2332.98210.74-.007227       5 1 1 03       0 2 2 01                    R 50e     466553342910 9 711   103.0  101.0
 21 6113.537414 7.571E-28 1.867E-02.06700.081 2541.66900.75-.007546       4 1 1 14       1 1 1 02                    P 39e     566663342910 9 711    77.0   79.0
 21 6113.648106 6.699E-28 1.888E-02.06690.080 2574.42230.75-.007595       4 1 1 14       1 1 1 02                    P 40f     566663342910 9 711    79.0   81.0
 21 6113.662079 1.164E-30 2.517E-02.06850.088 3887.82090.74-.007157       5 1 1 13       2 1 1 01                    P 31e     466663342910 9 711    61.0   63.0
 21 6113.682784 1.275E-28 5.197E-08.07700.104   60.87090.68-.005168       2 2 2 13       0 0 0 01                    R 12e     566663342910 9 711    27.0   25.0
 21 6113.731364 4.397E-30 1.211E-05.06080.068 2193.54520.71-.009153       2 3 3 13       0 1 1 01                    R 62f     465553342910 9 711   127.0  125.0
 21 6113.801626 2.267E-28 6.282E-03.06730.083 2554.65300.74-.007450       3 3 3 13       0 3 3 01                    P 37e     466663342910 9 711    73.0   75.0
 21 6113.829117 9.752E-30 4.968E-02.07260.098 3487.54910.70-.006547       5 1 1 14       2 1 1 02                    P 19e     466663342910 9 711    37.0   39.0
 21 6113.835943 2.104E-30 2.295E-05.05750.064 2523.02190.65-.008000       4 1 1 02       0 0 0 01                    P 80e     465553342910 9 711   159.0  161.0
 21 6113.950009 1.115E-30 5.135E-03.07700.104 3401.95410.68-.005134       3 5 5 13       0 5 5 01                    R 12f     466663342910 9 711    27.0   25.0
 21 6113.994134 1.098E-29 1.189E-02.08080.109 3031.91820.68-.004531       3 1 1 23       0 1 1 11                    R  8e     466663342910 9 711    19.0   17.0
 21 6114.029228 5.935E-30 8.477E-06.06220.069 2048.54700.72-.008991       2 3 3 13       0 1 1 01                    R 59e     465553342910 9 711   121.0  119.0
 21 6114.046275 5.412E-30 1.648E-02.07870.107 3283.81320.68-.004850       4 3 3 14       1 3 3 02                    R 10f     466663342910 9 711    23.0   21.0
 21 6114.053617 1.357E-29 3.264E-02.07970.108 3216.65390.68-.004695       5 1 1 15       2 1 1 03                    R  9e     566663342910 9 711    21.0   19.0
 21 6114.063050 4.248E-26 8.711E-04.06470.071 1157.77410.73-.008655       3 0 0 14       0 0 0 01                    R 54e     585553344510 9 711   111.0  109.0
 21 6114.113662 2.025E-28 1.360E-02.06900.089 2685.85510.73-.007058       3 0 0 23       0 0 0 11                    P 29e     466663342910 9 711    57.0   59.0
 21 6114.128377 1.407E-30 1.381E-02.07870.108 3485.35730.68-.005968       4 3 3 13       1 3 3 01                    P 10f     466663342910 9 711    19.0   21.0
 21 6114.164092 1.535E-29 1.501E-02.06750.084 3282.01350.74-.007401       4 2 2 13       1 2 2 01                    P 36e     566663342910 9 711    71.0   73.0
 21 6114.183501 3.568E-30 7.905E-06.06650.077 2075.67110.74-.006829       5 1 1 03       0 2 2 01                    R 43f     466563342910 9 711    89.0   87.0
 21 6114.246102 1.902E-30 1.773E-02.05750.064 3911.83360.65-.009323       4 0 0 13       1 0 0 01                    P 80e     465553342910 9 711   159.0  161.0
 21 6114.249241 5.650E-29 6.789E-03.05780.065 3008.67980.66-.009209       3 1 1 13       0 1 1 01                    P 77e     565553342910 9 711   153.0  155.0
 21 6114.295879 2.878E-29 5.825E-03.07620.104 2743.25080.68-.006192       3 4 4 13       0 4 4 01                    P 13f     466663342910 9 711    25.0   27.0
 21 6114.336236 9.269E-30 1.618E-02.06170.069 3507.51810.72-.008513       4 1 1 13       1 1 1 01                    P 60f     465553342910 9 711   119.0  121.0
 21 6114.358625 1.465E-28 1.871E-02.07480.102 2679.07960.69-.006319       4 2 2 14       1 2 2 02                    P 15f     566663342910 9 711    29.0   31.0
 21 6114.420375 3.511E-28 1.981E-02.06080.068 2808.24800.71-.008599       4 0 0 14       1 0 0 02                    P 62e     565553342910 9 711   123.0  125.0
 21 6114.513661 1.233E-30 1.174E-05.06530.072 2413.51370.73-.007334       5 1 1 03       0 2 2 01                    R 52e     465553342910 9 711   107.0  105.0
 21 6114.600858 2.082E-28 6.536E-03.06270.070 2673.79130.72-.008425       3 2 2 13       0 2 2 01                    P 58e     565553342910 9 711   115.0  117.0
 21 6114.609836 1.632E-29 3.931E-06.07220.097 1449.38310.71-.005737       5 1 1 03       1 0 0 02                    P 20e     466663342910 9 711    39.0   41.0
 21 6114.651656 1.171E-30 5.278E-03.07620.103 3412.19100.68-.005266       3 5 5 13       0 5 5 01                    R 13e     466663342910 9 711    29.0   27.0
 21 6114.701129 2.450E-29 7.077E-03.05750.064 3197.00030.65-.009323       3 1 1 13       0 1 1 01                    P 80f     465553342910 9 711   159.0  161.0
 21 6114.762670 5.739E-30 1.677E-02.07780.105 3292.45090.68-.004996       4 3 3 14       1 3 3 02                    R 11e     466663342910 9 711    25.0   23.0
 21 6114.795536 2.539E-28 6.284E-03.06750.084 2525.64550.74-.007401       3 3 3 13       0 3 3 01                    P 36f     466663342910 9 711    71.0   73.0
 21 6114.815194 1.182E-29 1.199E-02.07970.108 3038.94830.68-.004695       3 1 1 23       0 1 1 11                    R  9f     466663342910 9 711    21.0   19.0
 21 6114.890174 1.443E-29 3.296E-02.07870.107 3224.61960.68-.004850       5 1 1 15       2 1 1 03                    R 10f     566663342910 9 711    23.0   21.0
 21 6114.942054 9.925E-30 4.985E-02.07310.099 3473.12090.70-.006493       5 1 1 14       2 1 1 02                    P 18f     466663342910 9 711    35.0   37.0
 21 6114.951585 3.212E-30 1.388E-05.06010.067 2292.64530.70-.009258       2 3 3 13       0 1 1 01                    R 64f     465553342910 9 711   131.0  129.0
 21 6114.966627 1.286E-30 1.358E-02.07970.109 3477.51360.68-.005881       4 3 3 13       1 3 3 01                    P  9e     466663342910 9 711    17.0   19.0
 21 6115.087772 1.268E-30 2.537E-02.06880.088 3864.87410.74-.007108       5 1 1 13       2 1 1 01                    P 30f     466663342910 9 711    59.0   61.0
 21 6115.109052 3.019E-28 3.206E-02.07420.101 2654.73490.69-.006379       5 0 0 15       2 0 0 03                    P 16e     566663342910 9 711    31.0   33.0
 21 6115.144758 2.743E-29 5.744E-03.07700.105 2733.03190.68-.006122       3 4 4 13       0 4 4 01                    P 12e     466663342910 9 711    23.0   25.0
 21 6115.191022 1.711E-29 1.502E-02.06770.084 3253.87130.74-.007353       4 2 2 13       1 2 2 01                    P 35f     566663342910 9 711    69.0   71.0
 21 6115.196737 2.298E-28 9.042E-08.07550.102   81.94010.69-.005428       2 2 2 13       0 0 0 01                    R 14e     566663342910 9 711    31.0   29.0
 21 6115.201089 2.125E-30 2.532E-02.06530.072 3872.91460.74-.008156       5 0 0 13       2 0 0 01                    P 52e     565553342910 9 711   103.0  105.0
 21 6115.213050 2.941E-26 8.864E-04.06380.070 1244.22040.72-.008770       3 0 0 14       0 0 0 01                    R 56e     585553344510 9 711   115.0  113.0
 21 6115.228496 1.444E-28 1.872E-02.07550.103 2667.32400.68-.006257       4 2 2 14       1 2 2 02                    P 14e     566663342910 9 711    27.0   29.0
 21 6115.347169 1.212E-30 5.393E-03.07550.102 3423.21520.69-.005392       3 5 5 13       0 5 5 01                    R 14f     466663342910 9 711    31.0   29.0
 21 6115.414758 4.435E-30 9.701E-06.06120.068 2142.84200.71-.009100       2 3 3 13       0 1 1 01                    R 61e     465553342910 9 711   125.0  123.0
 21 6115.432366 1.240E-29 1.192E-02.07870.107 3046.64580.68-.004850       3 1 1 23       0 1 1 11                    R 10e     466663342910 9 711    23.0   21.0
 21 6115.451480 1.511E-29 3.309E-02.07780.105 3233.07540.68-.004996       5 1 1 15       2 1 1 03                    R 11e     566663342910 9 711    25.0   23.0
 21 6115.473293 6.002E-30 1.700E-02.07700.104 3301.87360.68-.005134       4 3 3 14       1 3 3 02                    R 12f     466663342910 9 711    27.0   25.0
 21 6115.480615 3.073E-30 1.887E-05.05770.065 2399.46790.66-.007936       4 1 1 02       0 0 0 01                    P 78e     465553342910 9 711   155.0  157.0
 21 6115.542297 2.404E-29 5.631E-02.06620.076 3512.75070.74-.007879       5 0 0 14       2 0 0 02                    P 46e     466563342910 9 711    91.0   93.0
 21 6115.605347 2.534E-28 6.498E-03.06320.070 2628.47400.72-.008381       3 2 2 13       0 2 2 01                    P 57f     565553342910 9 711   113.0  115.0
 21 6115.629752 2.923E-30 8.697E-06.06630.076 2145.29050.74-.006947       5 1 1 03       0 2 2 01                    R 45f     466563342910 9 711    93.0   91.0
 21 6115.647798 9.609E-28 1.868E-02.06730.083 2481.56240.74-.007450       4 1 1 14       1 1 1 02                    P 37e     566663342910 9 711    73.0   75.0
 21 6115.655772 8.574E-28 1.886E-02.06720.082 2512.61220.75-.007498       4 1 1 14       1 1 1 02                    P 38f     566663342910 9 711    75.0   77.0
 21 6115.674115 1.004E-29 4.987E-02.07370.100 3458.69340.70-.006437       5 1 1 14       2 1 1 02                    P 17e     466663342910 9 711    33.0   35.0
 21 6115.675362 1.135E-30 9.778E-04.07550.102 3085.40070.69-.004586       4 2 2 12       0 1 1 11                    R 14e     466663342910 9 711    31.0   29.0
 21 6115.733398 1.376E-30 2.528E-02.06900.089 3840.22030.73-.007058       5 1 1 13       2 1 1 01                    P 29e     466663342910 9 711    57.0   59.0
 21 6115.784127 2.829E-28 6.283E-03.06770.084 2497.42030.74-.007353       3 3 3 13       0 3 3 01                    P 35e     466663342910 9 711    69.0   71.0
 21 6115.798918 1.144E-30 1.324E-02.08080.111 3470.45410.68-.005785       4 3 3 13       1 3 3 01                    P  8f     466663342910 9 711    15.0   17.0
 21 6115.988434 2.572E-29 5.636E-03.07780.107 2723.59890.68-.006048       3 4 4 13       0 4 4 01                    P 11f     466663342910 9 711    21.0   23.0
 21 6116.001172 1.725E-29 1.596E-02.06320.070 3366.17800.72-.008381       4 1 1 13       1 1 1 01                    P 57e     565553342910 9 711   113.0  115.0
 21 6116.030148 2.329E-28 1.358E-02.06960.091 2641.74570.73-.006959       3 0 0 23       0 0 0 11                    P 27e     466663342910 9 711    53.0   55.0
 21 6116.036548 1.239E-30 5.486E-03.07480.101 3435.02660.69-.005513       3 5 5 13       0 5 5 01                    R 15e     466663342910 9 711    33.0   31.0
 21 6116.090649 1.410E-28 1.872E-02.07620.104 2656.35070.68-.006192       4 2 2 14       1 2 2 02                    P 13f     566663342910 9 711    25.0   27.0
 21 6116.157608 2.301E-30 1.587E-05.05950.067 2394.84830.70-.009360       2 3 3 13       0 1 1 01                    R 66f     465553342910 9 711   135.0  133.0
 21 6116.178118 6.204E-30 1.720E-02.07620.103 3312.08140.68-.005266       4 3 3 14       1 3 3 02                    R 13e     466663342910 9 711    29.0   27.0
 21 6116.198240 2.102E-30 8.159E-03.05570.062 3773.36180.59-.009951       3 0 0 13       0 0 0 01                    P 98e     685443344510 9 711   195.0  197.0
 21 6116.211341 1.901E-29 1.504E-02.06790.085 3226.46480.74-.007304       4 2 2 13       1 2 2 01                    P 34e     566663342910 9 711    67.0   69.0
 21 6116.280268 1.302E-29 1.201E-02.07780.105 3055.25100.68-.004996       3 1 1 23       0 1 1 11                    R 11f     466663342910 9 711    25.0   23.0
 21 6116.293128 1.379E-29 3.194E-06.07310.099 1418.93480.70-.005651       5 1 1 03       1 0 0 02                    P 18e     466663342910 9 711    35.0   37.0
 21 6116.318354 1.570E-29 3.336E-02.07700.104 3242.66560.68-.005134       5 1 1 15       2 1 1 03                    R 12f     566663342910 9 711    27.0   25.0
 21 6116.337742 1.052E-30 9.017E-04.07480.101 3097.17010.69-.004695       4 2 2 12       0 1 1 11                    R 15f     466663342910 9 711    33.0   31.0
 21 6116.341165 2.004E-26 9.024E-04.06270.069 1333.76790.72-.008883       3 0 0 14       0 0 0 01                    R 58e     585553344510 9 711   119.0  117.0
 21 6116.704153 3.754E-28 1.472E-07.07420.100  106.12970.70-.005667       2 2 2 13       0 0 0 01                    R 16e     566663342910 9 711    35.0   33.0
 21 6116.719795 1.254E-30 5.567E-03.07420.100 3447.62510.70-.005630       3 5 5 13       0 5 5 01                    R 16f     466663342910 9 711    35.0   33.0
 21 6116.726469 1.007E-29 5.002E-02.07420.101 3445.74460.69-.006379       5 1 1 14       2 1 1 02                    P 16f     466663342910 9 711    31.0   33.0
 21 6116.731299 1.408E-29 1.620E-02.06270.070 3414.58430.72-.008425       4 1 1 13       1 1 1 01                    P 58f     565553342910 9 711   115.0  117.0
 21 6116.766415 3.139E-28 6.285E-03.06790.085 2469.97800.74-.007304       3 3 3 13       0 3 3 01                    P 34f     466663342910 9 711    67.0   69.0
 21 6116.790921 3.248E-30 1.106E-05.06040.068 2240.23760.71-.009206       2 3 3 13       0 1 1 01                    R 63e     465553342910 9 711   129.0  127.0
 21 6116.794613 5.374E-28 1.969E-02.06170.069 2712.47950.72-.008513       4 0 0 14       1 0 0 02                    P 60e     565553342910 9 711   119.0  121.0
 21 6116.820192 1.609E-29 3.341E-02.07620.103 3252.62400.68-.005266       5 1 1 15       2 1 1 03                    R 13e     566663342910 9 711    29.0   27.0
 21 6116.826904 2.362E-29 5.486E-03.07870.108 2714.95190.68-.005968       3 4 4 13       0 4 4 01                    P 10e     466663342910 9 711    19.0   21.0
 21 6116.847195 2.971E-28 3.221E-02.07550.103 2630.49150.68-.006257       5 0 0 15       2 0 0 03                    P 14e     566663342910 9 711    27.0   29.0
 21 6116.854889 1.324E-29 1.183E-02.07700.104 3064.47340.68-.005134       3 1 1 23       0 1 1 11                    R 12e     466663342910 9 711    27.0   25.0
 21 6116.858055 3.104E-28 6.528E-03.06380.070 2583.91980.73-.008337       3 2 2 13       0 2 2 01                    P 56e     565553342910 9 711   111.0  113.0
 21 6116.877169 6.345E-30 1.736E-02.07550.102 3323.07420.69-.005392       4 3 3 14       1 3 3 02                    R 14f     466663342910 9 711    31.0   29.0
 21 6116.946471 9.790E-29 6.778E-03.05800.065 2889.62850.67-.009132       3 1 1 13       0 1 1 01                    P 75e     565553342910 9 711   149.0  151.0
 21 6116.947941 1.362E-28 1.871E-02.07700.105 2646.16180.68-.006122       4 2 2 14       1 2 2 02                    P 12e     566663342910 9 711    23.0   25.0
 21 6117.072695 2.347E-30 9.540E-06.06620.075 2218.02950.74-.007062       5 1 1 03       0 2 2 01                    R 47f     466563342910 9 711    97.0   95.0
 21 6117.087001 1.484E-30 2.546E-02.06930.090 3818.67400.73-.007009       5 1 1 13       2 1 1 01                    P 28f     466663342910 9 711    55.0   57.0
 21 6117.128527 4.434E-30 1.557E-05.05790.065 2278.99640.67-.007870       4 1 1 02       0 0 0 01                    P 76e     465553342910 9 711   151.0  153.0
 21 6117.194484 1.703E-30 1.461E-03.07420.100 3109.42740.70-.004800       4 2 2 12       0 1 1 11                    R 16e     466663342910 9 711    35.0   33.0
 21 6117.218274 3.390E-30 1.780E-02.05770.065 3788.20830.66-.009248       4 0 0 13       1 0 0 01                    P 78e     465553342910 9 711   155.0  157.0
 21 6117.223847 2.099E-29 1.505E-02.06810.086 3199.87980.74-.007255       4 2 2 13       1 2 2 01                    P 33f     566663342910 9 711    65.0   67.0
 21 6117.232881 4.344E-29 7.055E-03.05770.065 3073.12770.66-.009248       3 1 1 13       0 1 1 01                    P 78f     565553342910 9 711   155.0  157.0
 21 6117.349102 1.617E-30 1.808E-05.05910.066 2500.15240.69-.009460       2 3 3 13       0 1 1 01                    R 68f     465553342910 9 711   139.0  137.0
 21 6117.396914 1.258E-30 5.639E-03.07370.099 3461.01060.70-.005743       3 5 5 13       0 5 5 01                    R 17e     466663342910 9 711    37.0   35.0
 21 6117.446753 1.344E-26 9.191E-04.06170.069 1426.41530.71-.008992       3 0 0 14       0 0 0 01                    R 60e     585553344510 9 711   123.0  121.0
 21 6117.486552 1.004E-29 5.011E-02.07480.102 3432.95600.69-.006319       5 1 1 14       2 1 1 02                    P 15e     466663342910 9 711    29.0   31.0
 21 6117.570393 6.430E-30 1.751E-02.07480.101 3334.85190.69-.005513       4 3 3 14       1 3 3 02                    R 15e     466663342910 9 711    33.0   31.0
 21 6117.639703 1.078E-27 1.885E-02.06750.084 2453.92450.74-.007401       4 1 1 14       1 1 1 02                    P 36f     566663342910 9 711    71.0   73.0
 21 6117.660161 2.112E-29 5.279E-03.07970.109 2707.09080.68-.005881       3 4 4 13       0 4 4 01                    P  9f     466663342910 9 711    17.0   19.0
 21 6117.682899 3.032E-30 2.546E-02.06580.074 3792.55450.74-.008065       5 0 0 13       2 0 0 01                    P 50e     566553342910 9 711    99.0  101.0
 21 6117.723590 1.642E-29 3.370E-02.07550.102 3263.84910.69-.005392       5 1 1 15       2 1 1 03                    R 14f     566663342910 9 711    31.0   29.0
 21 6117.728637 1.198E-27 1.869E-02.06770.084 2424.57170.74-.007353       4 1 1 14       1 1 1 02                    P 35e     566663342910 9 711    69.0   71.0
 21 6117.733279 1.366E-29 1.195E-02.07620.103 3074.65840.68-.005266       3 1 1 23       0 1 1 11                    R 13f     466663342910 9 711    29.0   27.0
 21 6117.743226 3.466E-28 6.286E-03.06810.086 2443.31820.74-.007255       3 3 3 13       0 3 3 01                    P 33e     466663342910 9 711    65.0   67.0
 21 6117.770590 1.594E-30 2.539E-02.06960.091 3795.73790.73-.006959       5 1 1 13       2 1 1 01                    P 27e     466663342910 9 711    53.0   55.0
 21 6117.798324 1.300E-28 1.869E-02.07780.107 2636.75590.68-.006048       4 2 2 14       1 2 2 02                    P 11f     566663342910 9 711    21.0   23.0
 21 6117.839098 1.439E-30 1.247E-03.07370.099 3122.78580.70-.004901       4 2 2 12       0 1 1 11                    R 17f     466663342910 9 711    37.0   35.0
 21 6117.862094 3.242E-29 5.635E-02.06640.077 3441.95090.74-.007785       5 0 0 14       2 0 0 02                    P 44e     466563342910 9 711    87.0   89.0
 21 6117.864675 3.750E-28 6.494E-03.06420.071 2540.15640.73-.008292       3 2 2 13       0 2 2 01                    P 55f     565553342910 9 711   109.0  111.0
 21 6117.919208 2.626E-28 1.358E-02.07020.093 2600.72850.72-.006858       3 0 0 23       0 0 0 11                    P 25e     466663342910 9 711    49.0   51.0
 21 6117.963754 1.144E-29 2.621E-06.07420.101 1391.60780.69-.005561       5 1 1 03       1 0 0 02                    P 16e     436663343010 9 711    31.0   33.0
 21 6118.067906 1.250E-30 5.697E-03.07310.098 3475.18330.70-.005853       3 5 5 13       0 5 5 01                    R 18f     466663342910 9 711    39.0   37.0
 21 6118.157357 2.333E-30 1.256E-05.05980.067 2340.73210.70-.009309       2 3 3 13       0 1 1 01                    R 65e     465553342910 9 711   133.0  131.0
 21 6118.159656 1.652E-29 3.368E-02.07480.101 3275.29930.69-.005513       5 1 1 15       2 1 1 03                    R 15e     566663342910 9 711    33.0   31.0
 21 6118.205017 5.657E-28 2.275E-07.07310.098  133.43930.70-.005890       2 2 2 13       0 0 0 01                    R 18e     566663342910 9 711    39.0   37.0
 21 6118.230429 2.309E-29 1.507E-02.06830.087 3174.04040.74-.007206       4 2 2 13       1 2 2 01                    P 32e     566663342910 9 711    63.0   65.0
 21 6118.257847 6.459E-30 1.763E-02.07420.100 3347.41450.70-.005630       4 3 3 14       1 3 3 02                    R 16f     466663342910 9 711    35.0   33.0
 21 6118.265756 1.347E-29 1.161E-02.07550.102 3085.40070.69-.005392       3 1 1 23       0 1 1 11                    R 14e     466663342910 9 711    31.0   29.0
 21 6118.484167 9.910E-30 5.026E-02.07550.103 3421.49590.68-.006257       5 1 1 14       2 1 1 02                    P 14f     466663342910 9 711    27.0   29.0
 21 6118.484967 2.557E-29 1.600E-02.06420.071 3278.12640.73-.008292       4 1 1 13       1 1 1 01                    P 55e     565553342910 9 711   109.0  111.0
 21 6118.488202 1.817E-29 4.974E-03.08080.111 2700.01580.68-.005785       3 4 4 13       0 4 4 01                    P  8e     466663342910 9 711    15.0   17.0
 21 6118.512617 1.847E-30 1.043E-05.06590.074 2293.88690.74-.007173       5 1 1 03       0 2 2 01                    R 49f     466563342910 9 711   101.0   99.0
 21 6118.525719 1.115E-30 2.053E-05.05870.066 2608.55600.68-.009557       2 3 3 13       0 1 1 01                    R 70f     465553342910 9 711   143.0  141.0
 21 6118.529170 8.875E-27 9.363E-04.06080.068 1522.16110.71-.009099       3 0 0 14       0 0 0 01                    R 62e     585553344510 9 711   127.0  125.0
 21 6118.561217 2.821E-28 3.242E-02.07700.105 2609.37520.68-.006122       5 0 0 15       2 0 0 03                    P 12e     566663342910 9 711    23.0   25.0
 21 6118.643218 1.224E-28 1.865E-02.07870.108 2628.13420.68-.005968       4 2 2 14       1 2 2 02                    P 10e     566663342910 9 711    19.0   21.0
 21 6118.690278 2.425E-30 2.131E-03.07310.098 3136.55310.70-.005000       4 2 2 12       0 1 1 11                    R 18e     466663342910 9 711    39.0   37.0
 21 6118.713885 3.809E-28 6.287E-03.06830.087 2417.44150.74-.007206       3 3 3 13       0 3 3 01                    P 32f     466663342910 9 711    63.0   65.0
 21 6118.732774 1.233E-30 5.749E-03.07260.097 3490.14280.71-.005959       3 5 5 13       0 5 5 01                    R 19e     466663342910 9 711    41.0   39.0
 21 6118.779260 6.317E-30 1.289E-05.05810.065 2161.60910.67-.007804       4 1 1 02       0 0 0 01                    P 74e     465553342910 9 711   147.0  149.0
 21 6118.939431 6.437E-30 1.774E-02.07370.099 3360.76190.70-.005743       4 3 3 14       1 3 3 02                    R 17e     466663342910 9 711    37.0   35.0
 21 6119.056123 1.702E-30 2.556E-02.06990.092 3775.60330.73-.006909       5 1 1 13       2 1 1 01                    P 26f     466663342910 9 711    51.0   53.0
 21 6119.090246 4.552E-28 6.518E-03.06470.071 2497.16010.73-.008247       3 2 2 13       0 2 2 01                    P 54e     565553342910 9 711   107.0  109.0
 21 6119.097415 2.104E-29 1.622E-02.06380.070 3324.76140.73-.008337       4 1 1 13       1 1 1 01                    P 56f     565553342910 9 711   111.0  113.0
 21 6119.105747 1.660E-29 3.398E-02.07420.100 3288.16960.70-.005630       5 1 1 15       2 1 1 03                    R 16f     566663342910 9 711    35.0   33.0
 21 6119.138784 8.097E-28 1.958E-02.06270.070 2619.80750.72-.008425       4 0 0 14       1 0 0 02                    P 58e     565553342910 9 711   115.0  117.0
 21 6119.176132 1.376E-29 1.180E-02.07480.101 3097.17010.69-.005513       3 1 1 23       0 1 1 11                    R 15f     466663342910 9 711    33.0   31.0
 21 6119.209908 4.296E-30 8.169E-03.05590.062 3622.16410.60-.009886       3 0 0 13       0 0 0 01                    P 96e     685443344510 9 711   191.0  193.0
 21 6119.228716 2.527E-29 1.509E-02.06850.088 3149.01380.74-.007157       4 2 2 13       1 2 2 01                    P 31f     566663342910 9 711    61.0   63.0
 21 6119.266438 9.705E-30 5.036E-02.07620.104 3410.33730.68-.006192       5 1 1 14       2 1 1 02                    P 13e     466663342910 9 711    25.0   27.0
 21 6119.311022 1.473E-29 4.514E-03.08200.112 2693.72670.68-.005678       3 4 4 13       0 4 4 01                    P  7f     466663342910 9 711    13.0   15.0
 21 6119.325700 1.876E-30 1.687E-03.07260.097 3151.50500.71-.005095       4 2 2 12       0 1 1 11                    R 19f     466663342910 9 711    41.0   39.0
 21 6119.391521 1.207E-30 5.795E-03.07220.096 3505.88930.71-.006063       3 5 5 13       0 5 5 01                    R 20f     466663342910 9 711    43.0   41.0
 21 6119.469767 1.645E-29 3.392E-02.07370.099 3301.10090.70-.005743       5 1 1 15       2 1 1 03                    R 17e     566663342910 9 711    37.0   35.0
 21 6119.481670 1.133E-28 1.858E-02.07970.109 2620.29580.68-.005881       4 2 2 14       1 2 2 02                    P  9f     566663342910 9 711    17.0   19.0
 21 6119.513693 1.644E-30 1.422E-05.05930.066 2444.32390.69-.009410       2 3 3 13       0 1 1 01                    R 67e     465553342910 9 711   137.0  135.0
 21 6119.587766 5.769E-27 9.543E-04.06010.067 1621.00360.70-.009203       3 0 0 14       0 0 0 01                    R 64e     585553344510 9 711   131.0  129.0
 21 6119.600046 1.331E-27 1.883E-02.06790.085 2398.36040.74-.007304       4 1 1 14       1 1 1 02                    P 34f     566663342910 9 711    67.0   69.0
 21 6119.612369 1.670E-28 6.768E-03.05830.065 2773.66540.68-.009053       3 1 1 13       0 1 1 01                    P 73e     565553342910 9 711   145.0  147.0
 21 6119.615268 6.368E-30 1.783E-02.07310.098 3374.89410.70-.005853       4 3 3 14       1 3 3 02                    R 18f     466663342910 9 711    39.0   37.0
 21 6119.621570 8.659E-30 2.026E-06.07550.103 1367.40260.68-.005464       5 1 1 03       1 0 0 02                    P 14e     436663343010 9 711    27.0   29.0
 21 6119.670614 1.307E-29 1.122E-02.07420.100 3109.42740.70-.005630       3 1 1 23       0 1 1 11                    R 16e     466663342910 9 711    35.0   33.0
 21 6119.678956 4.166E-28 6.288E-03.06850.088 2392.34760.74-.007157       3 3 3 13       0 3 3 01                    P 31e     466663342910 9 711    61.0   63.0
 21 6119.699314 7.969E-28 3.371E-07.07220.096  163.86840.71-.006102       2 2 2 13       0 0 0 01                    R 20e     566663342910 9 711    43.0   41.0
 21 6119.737130 7.580E-29 7.031E-03.05790.065 2952.34500.67-.009171       3 1 1 13       0 1 1 01                    P 76f     565553342910 9 711   151.0  153.0
 21 6119.773569 1.809E-30 2.551E-02.07020.093 3754.37430.72-.006858       5 1 1 13       2 1 1 01                    P 25e     466663342910 9 711    49.0   51.0
 21 6119.780006 1.466E-27 1.869E-02.06810.086 2370.69800.74-.007255       4 1 1 14       1 1 1 02                    P 33e     566663342910 9 711    65.0   67.0
 21 6119.780999 2.898E-28 1.358E-02.07090.095 2562.80430.72-.006757       3 0 0 23       0 0 0 11                    P 23e     466663342910 9 711    45.0   47.0
 21 6119.949826 1.426E-30 1.138E-05.06560.072 2372.86140.74-.007281       5 1 1 03       0 2 2 01                    R 51f     465553342910 9 711   105.0  103.0
 21 6120.044149 1.174E-30 5.838E-03.07170.095 3522.42260.71-.006164       3 5 5 13       0 5 5 01                    R 21e     466663342910 9 711    45.0   43.0
 21 6120.098023 5.459E-28 6.491E-03.06500.072 2454.95170.73-.008202       3 2 2 13       0 2 2 01                    P 53f     565553342910 9 711   105.0  107.0
 21 6120.128618 1.071E-29 3.777E-03.08340.114 2688.22380.68-.005557       3 4 4 13       0 4 4 01                    P  6e     466663342910 9 711    11.0   13.0
 21 6120.130531 4.255E-30 2.559E-02.06600.075 3715.30760.74-.007973       5 0 0 13       2 0 0 01                    P 48e     566563342910 9 711    95.0   97.0
 21 6120.148097 4.299E-29 5.640E-02.06660.079 3374.25500.75-.007690       5 0 0 14       2 0 0 02                    P 42e     466563342910 9 711    83.0   85.0
 21 6120.153416 3.269E-30 3.020E-03.07220.096 3166.77730.71-.005188       4 2 2 12       0 1 1 11                    R 20e     466663342910 9 711    43.0   41.0
 21 6120.155258 5.940E-30 1.783E-02.05790.065 3667.67140.67-.009171       4 0 0 13       1 0 0 01                    P 76e     565553342910 9 711   151.0  153.0
 21 6120.215190 9.400E-30 5.053E-02.07700.105 3400.37520.68-.006122       5 1 1 14       2 1 1 02                    P 12f     466663342910 9 711    23.0   25.0
 21 6120.221433 2.753E-29 1.511E-02.06880.088 3124.74100.74-.007108       4 2 2 13       1 2 2 01                    P 30e     566663342910 9 711    59.0   61.0
 21 6120.251201 2.565E-28 3.271E-02.07870.108 2591.38640.68-.005968       5 0 0 15       2 0 0 03                    P 10e     566663342910 9 711    19.0   21.0
 21 6120.285169 6.256E-30 1.792E-02.07260.097 3389.81090.71-.005959       4 3 3 14       1 3 3 02                    R 19e     466663342910 9 711    41.0   39.0
 21 6120.314284 1.029E-28 1.849E-02.08080.111 2613.24130.68-.005785       4 2 2 14       1 2 2 02                    P  8e     566663342910 9 711    15.0   17.0
 21 6120.432367 8.883E-30 1.069E-05.05840.066 2047.30810.68-.007736       4 1 1 02       0 0 0 01                    P 72e     465553342910 9 711   143.0  145.0
 21 6120.464678 1.629E-29 3.421E-02.07310.098 3315.62670.70-.005853       5 1 1 15       2 1 1 03                    R 18f     566663342910 9 711    39.0   37.0
 21 6120.611274 1.333E-29 1.156E-02.07370.099 3122.78580.70-.005743       3 1 1 23       0 1 1 11                    R 17f     466663342910 9 711    37.0   35.0
 21 6120.621890 3.693E-27 9.731E-04.05950.067 1722.94130.70-.009305       3 0 0 14       0 0 0 01                    R 66e     585553344510 9 711   135.0  133.0
 21 6120.637984 4.535E-28 6.291E-03.06880.088 2368.03680.74-.007108       3 3 3 13       0 3 3 01                    P 30f     466663342910 9 711    59.0   61.0
 21 6120.690663 1.133E-30 5.869E-03.07130.095 3539.74260.72-.006262       3 5 5 13       0 5 5 01                    R 22f     466663342910 9 711    47.0   45.0
 21 6120.750412 1.593E-29 3.413E-02.07260.097 3330.02830.71-.005959       5 1 1 15       2 1 1 03                    R 19e     566663342910 9 711    41.0   39.0
 21 6120.793884 2.339E-30 2.238E-03.07170.095 3183.32720.71-.005278       4 2 2 12       0 1 1 11                    R 21f     466663342910 9 711    45.0   43.0
 21 6120.859543 1.136E-30 1.605E-05.05890.066 2551.01130.69-.009509       2 3 3 13       0 1 1 01                    R 69e     465553342910 9 711   141.0  139.0
 21 6120.935606 3.728E-29 1.604E-02.06500.072 3193.17960.73-.008202       4 1 1 13       1 1 1 01                    P 53e     565553342910 9 711   105.0  107.0
 21 6120.940984 5.919E-30 2.494E-03.08490.116 2683.50690.69-.005417       3 4 4 13       0 4 4 01                    P  5f     466663342910 9 711     9.0   11.0
 21 6120.949370 6.104E-30 1.800E-02.07220.096 3405.51240.71-.006063       4 3 3 14       1 3 3 02                    R 20f     466663342910 9 711    43.0   41.0
 21 6120.995093 1.910E-30 2.564E-02.07060.094 3735.66270.72-.006808       5 1 1 13       2 1 1 01                    P 24f     466663342910 9 711    47.0   49.0
 21 6121.013783 9.016E-30 5.069E-02.07780.107 3390.83760.68-.006048       5 1 1 14       2 1 1 02                    P 11e     466663342910 9 711    21.0   23.0
 21 6121.076973 1.209E-29 1.063E-02.07310.098 3136.55310.70-.005853       3 1 1 23       0 1 1 11                    R 18e     466663342910 9 711    39.0   37.0
 21 6121.140695 9.093E-29 1.829E-02.08200.112 2606.97050.68-.005678       4 2 2 14       1 2 2 02                    P  7f     566663342910 9 711    13.0   15.0
 21 6121.187027 1.059E-27 4.827E-07.07130.095  197.41660.72-.006302       2 2 2 13       0 0 0 01                    R 22e     566663342910 9 711    47.0   45.0
 21 6121.205652 2.983E-29 1.512E-02.06900.089 3101.27410.73-.007058       4 2 2 13       1 2 2 01                    P 29f     566663342910 9 711    57.0   59.0
 21 6121.266447 6.100E-30 1.513E-06.07700.105 1346.31960.68-.005357       5 1 1 03       1 0 0 02                    P 12e     436663343010 9 711    23.0   25.0
 21 6121.297541 6.568E-28 6.511E-03.06530.072 2413.51370.74-.008156       3 2 2 13       0 2 2 01                    P 52e     565553342910 9 711   103.0  105.0
 21 6121.331066 1.088E-30 5.904E-03.07090.094 3557.84930.72-.006359       3 5 5 13       0 5 5 01                    R 23e     466663342910 9 711    49.0   47.0
 21 6121.384645 1.080E-30 1.238E-05.06500.071 2454.95170.73-.007386       5 1 1 03       0 2 2 01                    R 53f     465553342910 9 711   109.0  107.0
 21 6121.409387 1.041E-30 9.617E-02.07870.107 3985.39530.68-.004850       6 0 0 15       3 0 0 03                    R 10e     466663342910 9 711    23.0   21.0
 21 6121.434613 3.093E-29 1.624E-02.06470.071 3238.05060.73-.008247       4 1 1 13       1 1 1 01                    P 54f     565553342910 9 711   107.0  109.0
 21 6121.453139 1.200E-27 1.947E-02.06380.070 2530.23390.73-.008337       4 0 0 14       1 0 0 02                    P 56e     565553342910 9 711   111.0  113.0
 21 6121.536933 1.614E-27 1.884E-02.06830.087 2345.92090.74-.007206       4 1 1 14       1 1 1 02                    P 32f     566663342910 9 711    63.0   65.0
 21 6121.573954 4.135E-30 4.111E-03.07130.095 3200.09960.72-.005367       4 2 2 12       0 1 1 11                    R 22e     466663342910 9 711    47.0   45.0
 21 6121.591346 4.911E-28 6.291E-03.06900.089 2344.50930.73-.007058       3 3 3 13       0 3 3 01                    P 29e     466663342910 9 711    57.0   59.0
 21 6121.607534 5.919E-30 1.807E-02.07170.095 3421.99850.71-.006164       4 3 3 14       1 3 3 02                    R 21e     466663342910 9 711    45.0   43.0
 21 6121.615666 3.127E-28 1.359E-02.07170.096 2527.97370.71-.006653       3 0 0 23       0 0 0 11                    P 21e     466663342910 9 711    41.0   43.0
 21 6121.630890 2.326E-27 9.926E-04.05910.066 1827.97240.69-.009404       3 0 0 14       0 0 0 01                    R 68e     585553344510 9 711   139.0  137.0
 21 6121.742256 2.008E-30 2.561E-02.07090.095 3716.13020.72-.006757       5 1 1 13       2 1 1 01                    P 23e     466663342910 9 711    45.0   47.0
 21 6121.800223 1.558E-29 3.445E-02.07220.096 3346.21960.71-.006063       5 1 1 15       2 1 1 03                    R 20f     566663342910 9 711    43.0   41.0
 21 6121.801974 1.761E-27 1.871E-02.06850.088 2319.94220.74-.007157       4 1 1 14       1 1 1 02                    P 31e     566663342910 9 711    61.0   63.0
 21 6121.917215 2.206E-28 3.317E-02.08080.111 2576.52550.68-.005785       5 0 0 15       2 0 0 03                    P  8e     566663342910 9 711    15.0   17.0
 21 6121.919573 8.529E-30 5.088E-02.07870.108 3382.38290.68-.005968       5 1 1 14       2 1 1 02                    P 10f     466663342910 9 711    19.0   21.0
 21 6121.961102 7.751E-29 1.794E-02.08340.114 2601.48350.68-.005557       4 2 2 14       1 2 2 02                    P  6e     566663342910 9 711    11.0   13.0
 21 6121.965360 1.038E-30 5.934E-03.07060.093 3576.74260.72-.006453       3 5 5 13       0 5 5 01                    R 24f     466663342910 9 711    51.0   49.0
 21 6122.001469 1.504E-29 3.433E-02.07170.095 3362.08090.71-.006164       5 1 1 15       2 1 1 03                    R 21e     566663342910 9 711    45.0   43.0
 21 6122.041765 1.246E-29 1.121E-02.07260.097 3151.50500.71-.005959       3 1 1 23       0 1 1 11                    R 19f     466663342910 9 711    41.0   39.0
 21 6122.087377 1.232E-29 8.891E-06.05870.066 1936.09530.69-.007668       4 1 1 02       0 0 0 01                    P 70e     465553342910 9 711   139.0  141.0
 21 6122.184421 3.217E-29 1.514E-02.06930.090 3078.56770.73-.007009       4 2 2 13       1 2 2 01                    P 28e     566663342910 9 711    55.0   57.0
 21 6122.199566 8.629E-30 8.167E-03.05610.063 3474.02860.60-.009820       3 0 0 13       0 0 0 01                    P 94e     685443344510 9 711   187.0  189.0
 21 6122.214044 1.302E-28 7.007E-03.05810.065 2834.65420.67-.009093       3 1 1 13       0 1 1 01                    P 74f     565553342910 9 711   147.0  149.0
 21 6122.239493 2.792E-30 2.909E-03.07090.094 3218.25190.72-.005453       4 2 2 12       0 1 1 11                    R 23f     466663342910 9 711    49.0   47.0
 21 6122.247004 2.804E-28 6.757E-03.05850.066 2660.79240.68-.008973       3 1 1 13       0 1 1 01                    P 71e     565553342910 9 711   141.0  143.0
 21 6122.260085 5.704E-30 1.814E-02.07130.095 3439.26910.72-.006262       4 3 3 14       1 3 3 02                    R 22f     466663342910 9 711    47.0   45.0
 21 6122.305482 7.815E-28 6.486E-03.06560.073 2372.86140.74-.008111       3 2 2 13       0 2 2 01                    P 51f     565553342910 9 711   101.0  103.0
 21 6122.400404 5.603E-29 5.646E-02.06690.080 3309.66420.75-.007595       5 0 0 14       2 0 0 02                    P 40e     466663342910 9 711    79.0   81.0
 21 6122.494048 1.063E-29 9.827E-03.07220.096 3166.77730.71-.006063       3 1 1 23       0 1 1 11                    R 20e     466663342910 9 711    43.0   41.0
 21 6122.538744 5.292E-28 6.292E-03.06930.090 2321.76500.73-.007009       3 3 3 13       0 3 3 01                    P 28f     466663342910 9 711    55.0   57.0
 21 6122.543698 5.870E-30 2.573E-02.06620.076 3641.17480.74-.007879       5 0 0 13       2 0 0 01                    P 46e     566563342910 9 711    91.0   93.0
 21 6122.614112 1.444E-27 1.013E-03.05870.066 1936.09530.68-.009500       3 0 0 14       0 0 0 01                    R 70e     585553344510 9 711   143.0  141.0
 21 6122.668135 1.337E-27 6.715E-07.07060.093  234.08340.72-.006494       2 2 2 13       0 0 0 01                    R 24e     566663342910 9 711    51.0   49.0
 21 6122.728589 7.963E-30 5.110E-02.07970.109 3374.45740.68-.005881       5 1 1 14       2 1 1 02                    P  9e     466663342910 9 711    17.0   19.0
 21 6122.746943 1.125E-30 9.663E-02.07700.104 4003.31450.68-.005134       6 0 0 15       3 0 0 03                    R 12e     466663342910 9 711    27.0   25.0
 21 6122.775401 6.248E-29 1.728E-02.08490.116 2596.78030.69-.005417       4 2 2 14       1 2 2 02                    P  5f     566663342910 9 711     9.0   11.0
 21 6122.898268 3.918E-30 1.079E-06.07870.108 1328.35940.68-.005235       5 1 1 03       1 0 0 02                    P 10e     436663343010 9 711    19.0   21.0
 21 6122.903868 2.097E-30 2.575E-02.07130.095 3698.85280.71-.006705       5 1 1 13       2 1 1 01                    P 22f     466663342910 9 711    43.0   45.0
 21 6122.906448 5.465E-30 1.820E-02.07090.094 3457.32400.72-.006359       4 3 3 14       1 3 3 02                    R 23e     466663342910 9 711    49.0   47.0
 21 6122.943437 4.872E-30 5.331E-03.07060.093 3236.51930.72-.005537       4 2 2 12       0 1 1 11                    R 24e     466663342910 9 711    51.0   49.0
 21 6123.055216 1.022E-29 1.782E-02.05810.065 3550.22460.67-.009093       4 0 0 13       1 0 0 01                    P 74e     565553342910 9 711   147.0  149.0
 21 6123.083568 1.092E-30 2.823E-04.06990.092 2947.58800.73-.006727       3 4 4 13       0 4 4 01                    Q 26e     466663342910 9 711    53.0   53.0
 21 6123.112210 1.454E-29 3.467E-02.07130.095 3379.94780.72-.006262       5 1 1 15       2 1 1 03                    R 22f     566663342910 9 711    47.0   45.0
 21 6123.154679 3.451E-29 1.516E-02.06960.091 3056.66140.73-.006959       4 2 2 13       1 2 2 01                    P 27f     566663342910 9 711    53.0   55.0
 21 6123.219723 1.255E-30 3.053E-04.07020.093 2927.15780.72-.006656       3 4 4 13       0 4 4 01                    Q 25f     466663342910 9 711    51.0   51.0
 21 6123.222807 1.386E-29 3.448E-02.07090.094 3397.25810.72-.006359       5 1 1 15       2 1 1 03                    R 23e     566663342910 9 711    49.0   47.0
 21 6123.350683 1.438E-30 3.309E-04.07060.094 2907.51260.72-.006583       3 4 4 13       0 4 4 01                    Q 24e     466663342910 9 711    49.0   49.0
 21 6123.353062 5.347E-29 1.608E-02.06560.073 3111.33890.74-.008111       4 1 1 13       1 1 1 01                    P 51e     565553342910 9 711   101.0  103.0
 21 6123.423341 3.296E-28 1.361E-02.07260.098 2496.23730.70-.006547       3 0 0 23       0 0 0 11                    P 19e     466663342910 9 711    37.0   39.0
 21 6123.450492 1.919E-27 1.883E-02.06880.088 2296.60700.74-.007108       4 1 1 14       1 1 1 02                    P 30f     566663342910 9 711    59.0   61.0
 21 6123.471278 1.123E-29 1.075E-02.07170.095 3183.32720.71-.006164       3 1 1 23       0 1 1 11                    R 21f     466663342910 9 711    45.0   43.0
 21 6123.476422 1.645E-30 3.601E-04.07090.095 2888.65250.72-.006510       3 4 4 13       0 4 4 01                    Q 23f     466663342910 9 711    47.0   47.0
 21 6123.480039 9.321E-28 6.504E-03.06580.074 2332.98210.74-.008065       3 2 2 13       0 2 2 01                    P 50e     566553342910 9 711    99.0  101.0
 21 6123.480424 5.673E-28 6.293E-03.06960.091 2299.80410.73-.006959       3 3 3 13       0 3 3 01                    P 27e     466663342910 9 711    53.0   55.0
 21 6123.547344 5.206E-30 1.826E-02.07060.093 3476.16330.72-.006453       4 3 3 14       1 3 3 02                    R 24f     466663342910 9 711    51.0   49.0
 21 6123.559306 1.753E-28 3.397E-02.08340.114 2564.79280.68-.005557       5 0 0 15       2 0 0 03                    P  6e     566663342910 9 711    11.0   13.0
 21 6123.570902 8.820E-28 1.034E-03.05840.065 2047.30810.68-.009595       3 0 0 14       0 0 0 01                    R 72e     585553344510 9 711   147.0  145.0
 21 6123.583633 4.551E-29 1.589E-02.08660.118 2592.86090.69-.005249       4 2 2 14       1 2 2 02                    P  4e     566663342910 9 711     7.0    9.0
 21 6123.596953 1.877E-30 3.931E-04.07130.095 2870.57770.71-.006435       3 4 4 13       0 4 4 01                    Q 22e     466663342910 9 711    45.0   45.0
 21 6123.597339 7.299E-30 5.134E-02.08080.111 3367.51920.68-.005785       5 1 1 14       2 1 1 02                    P  8f     466663342910 9 711    15.0   17.0
 21 6123.612218 1.197E-30 3.129E-04.06470.071 3094.41420.73-.007088       5 2 2 03       1 1 1 02                    P 54f     465553342910 9 711   107.0  109.0
 21 6123.658162 3.186E-30 3.693E-03.07020.092 3256.27860.73-.005620       4 2 2 12       0 1 1 11                    R 25f     466663342910 9 711    53.0   51.0
 21 6123.676577 2.179E-30 2.574E-02.07170.096 3681.00610.71-.006653       5 1 1 13       2 1 1 01                    P 21e     466663342910 9 711    41.0   43.0
 21 6123.712261 2.138E-30 4.308E-04.07170.096 2853.28810.71-.006358       3 4 4 13       0 4 4 01                    Q 21f     466663342910 9 711    43.0   43.0
 21 6123.737933 1.751E-27 1.937E-02.06470.071 2443.76040.73-.008247       4 0 0 14       1 0 0 02                    P 54e     565553342910 9 711   107.0  109.0
 21 6123.742929 4.473E-29 1.627E-02.06530.072 3154.45330.74-.008156       4 1 1 13       1 1 1 01                    P 52f     565553342910 9 711   103.0  105.0
 21 6123.743763 1.685E-29 7.406E-06.05910.066 1827.97240.69-.007599       4 1 1 02       0 0 0 01                    P 68e     465553342910 9 711   135.0  137.0
 21 6123.794602 2.075E-27 1.873E-02.06900.089 2272.30520.73-.007058       4 1 1 14       1 1 1 02                    P 29e     566663342910 9 711    57.0   59.0
 21 6123.822351 2.431E-30 4.742E-04.07220.097 2836.78400.71-.006280       3 4 4 13       0 4 4 01                    Q 20e     466663342910 9 711    41.0   41.0
 21 6123.927214 2.761E-30 5.245E-04.07260.098 2821.06520.70-.006200       3 4 4 13       0 4 4 01                    Q 19f     466663342910 9 711    39.0   39.0
 21 6123.931661 8.853E-30 8.808E-03.07130.095 3200.09960.72-.006262       3 1 1 23       0 1 1 11                    R 22e     466663342910 9 711    47.0   45.0
 21 6124.026851 3.131E-30 5.831E-04.07310.099 2806.13200.70-.006118       3 4 4 13       0 4 4 01                    Q 18e     466663342910 9 711    37.0   37.0
 21 6124.049912 1.170E-30 9.699E-02.07550.102 4024.34900.69-.005392       6 0 0 15       3 0 0 03                    R 14e     466663342910 9 711    31.0   29.0
 21 6124.119448 3.683E-29 1.518E-02.06990.092 3035.52110.73-.006909       4 2 2 13       1 2 2 01                    P 26e     566663342910 9 711    51.0   53.0
 21 6124.121258 3.548E-30 6.521E-04.07370.100 2791.98440.70-.006033       3 4 4 13       0 4 4 01                    Q 17f     466663342910 9 711    35.0   35.0
 21 6124.142616 1.614E-27 9.125E-07.06990.091  273.86800.73-.006678       2 2 2 13       0 0 0 01                    R 26e     566663342910 9 711    55.0   53.0
 21 6124.181830 4.932E-30 1.832E-02.07020.092 3495.78680.73-.006545       4 3 3 14       1 3 3 02                    R 25e     466663342910 9 711    53.0   51.0
 21 6124.210432 4.018E-30 7.340E-04.07420.101 2778.62240.69-.005946       3 4 4 13       0 4 4 01                    Q 16e     466663342910 9 711    33.0   33.0
 21 6124.257084 5.332E-30 6.558E-03.06990.091 3276.03580.73-.006636       3 1 1 23       0 1 1 11                    R 26e     466663342910 9 711    55.0   53.0
 21 6124.294372 4.549E-30 8.322E-04.07480.102 2766.04610.69-.005855       3 4 4 13       0 4 4 01                    Q 15f     466663342910 9 711    31.0   31.0
 21 6124.373075 5.153E-30 9.516E-04.07550.103 2754.25560.68-.005761       3 4 4 13       0 4 4 01                    Q 14e     466663342910 9 711    29.0   29.0
 21 6124.385782 2.568E-29 1.236E-02.08850.120 2589.72540.70-.005032       4 2 2 14       1 2 2 02                    P  3f     566663342910 9 711     5.0    7.0
 21 6124.400453 1.327E-29 3.489E-02.07060.093 3416.81050.72-.006453       5 1 1 15       2 1 1 03                    R 24f     566663342910 9 711    51.0   49.0
 21 6124.410856 6.558E-30 5.163E-02.08200.112 3361.19690.68-.005678       5 1 1 14       2 1 1 02                    P  7e     466663342910 9 711    13.0   15.0
 21 6124.414288 1.251E-29 3.467E-02.07020.092 3435.55910.73-.006545       5 1 1 15       2 1 1 03                    R 25e     566663342910 9 711    53.0   51.0
 21 6124.416195 6.049E-28 6.293E-03.06990.092 2278.62670.73-.006909       3 3 3 13       0 3 3 01                    P 26f     566663342910 9 711    51.0   53.0
 21 6124.446539 5.842E-30 1.098E-03.07620.104 2743.25080.68-.005663       3 4 4 13       0 4 4 01                    Q 13f     466663342910 9 711    27.0   27.0
 21 6124.463299 1.101E-30 1.988E-04.06960.091 2881.24350.73-.006797       4 2 2 14       1 2 2 02                    Q 27f     566663342910 9 711    55.0   55.0
 21 6124.487150 1.101E-27 6.486E-03.06590.074 2293.88690.74-.008019       3 2 2 13       0 2 2 01                    P 49f     566563342910 9 711    97.0   99.0
 21 6124.500606 5.307E-28 1.056E-03.05810.065 2161.60910.67-.009687       3 0 0 14       0 0 0 01                    R 74e     585553344510 9 711   151.0  149.0
 21 6124.514763 6.635E-30 1.282E-03.07700.105 2733.03190.68-.005559       3 4 4 13       0 4 4 01                    Q 12e     466663342910 9 711    25.0   25.0
 21 6124.516933 2.215E-30 7.190E-07.08080.111 1313.52210.68-.005088       5 1 1 03       1 0 0 02                    P  8e     436663343010 9 711    15.0   17.0
 21 6124.577745 7.555E-30 1.516E-03.07780.107 2723.59890.68-.005449       3 4 4 13       0 4 4 01                    Q 11f     466663342910 9 711    23.0   23.0
 21 6124.599777 1.264E-30 2.137E-04.06990.092 2860.09700.73-.006727       4 2 2 14       1 2 2 02                    Q 26e     566663342910 9 711    53.0   53.0
 21 6124.619095 7.178E-29 5.655E-02.06720.082 3248.17940.75-.007498       5 0 0 14       2 0 0 02                    P 38e     466663342910 9 711    75.0   77.0
 21 6124.635483 8.636E-30 1.820E-03.07870.108 2714.95190.68-.005332       3 4 4 13       0 4 4 01                    Q 10e     466663342910 9 711    21.0   21.0
 21 6124.663802 2.203E-28 6.988E-03.05840.066 2720.05720.68-.009013       3 1 1 13       0 1 1 01                    P 72f     565553342910 9 711   143.0  145.0
 21 6124.687977 9.924E-30 2.224E-03.07970.109 2707.09080.68-.005206       3 4 4 13       0 4 4 01                    Q  9f     466663342910 9 711    19.0   19.0
 21 6124.735224 1.149E-29 2.781E-03.08080.111 2700.01580.68-.005070       3 4 4 13       0 4 4 01                    Q  8e     466663342910 9 711    17.0   17.0
 21 6124.777225 1.344E-29 3.576E-03.08200.112 2693.72670.68-.004922       3 4 4 13       0 4 4 01                    Q  7f     466663342910 9 711    15.0   15.0
 21 6124.782408 2.248E-30 2.585E-02.07220.097 3665.17390.71-.006601       5 1 1 13       2 1 1 01                    P 20f     466663342910 9 711    39.0   41.0
 21 6124.783450 1.450E-30 2.307E-04.07020.093 2839.72040.72-.006656       4 2 2 14       1 2 2 02                    Q 25f     566663342910 9 711    51.0   51.0
 21 6124.811073 4.648E-30 1.837E-02.06990.091 3516.19450.73-.006636       4 3 3 14       1 3 3 02                    R 26f     466663342910 9 711    55.0   53.0
 21 6124.813977 1.596E-29 4.770E-03.08340.114 2688.22380.68-.004758       3 4 4 13       0 4 4 01                    Q  6e     466663342910 9 711    13.0   13.0
 21 6124.845481 1.935E-29 6.680E-03.08490.116 2683.50690.69-.004577       3 4 4 13       0 4 4 01                    Q  5f     466663342910 9 711    11.0   11.0
 21 6124.850454 4.635E-28 6.748E-03.05890.066 2551.01130.69-.008892       3 1 1 13       0 1 1 01                    P 69e     565553342910 9 711   137.0  139.0
 21 6124.871735 2.420E-29 1.002E-02.08660.118 2679.57620.69-.004375       3 4 4 13       0 4 4 01                    Q  4e     466663342910 9 711     9.0    9.0
 21 6124.903989 9.755E-30 1.017E-02.07090.094 3218.25190.72-.006359       3 1 1 23       0 1 1 11                    R 23f     466663342910 9 711    49.0   47.0
 21 6124.915072 1.659E-30 2.498E-04.07060.094 2820.13750.72-.006583       4 2 2 14       1 2 2 02                    Q 24e     566663342910 9 711    49.0   49.0
 21 6124.922127 7.961E-30 2.586E-02.06640.077 3570.15700.74-.007785       5 0 0 13       2 0 0 01                    P 44e     566563342910 9 711    87.0   89.0
 21 6124.988934 1.040E-30 3.246E-04.06420.071 3134.54990.73-.007126       5 2 2 03       1 1 1 02                    P 55e     465553342910 9 711   109.0  111.0
 21 6125.045775 3.471E-30 4.572E-03.06960.090 3297.40660.73-.005780       4 2 2 12       0 1 1 11                    R 27f     466663342910 9 711    57.0   55.0
 21 6125.075817 3.909E-29 1.519E-02.07020.093 3015.17650.72-.006858       4 2 2 13       1 2 2 01                    P 25f     566663342910 9 711    49.0   51.0
 21 6125.079783 1.894E-30 2.714E-04.07090.095 2801.32800.72-.006510       4 2 2 14       1 2 2 02                    Q 23f     566663342910 9 711    47.0   47.0
 21 6125.164018 1.705E-29 8.154E-03.05630.063 3328.95780.61-.009752       3 0 0 13       0 0 0 01                    P 92e     985443344510 9 711   183.0  185.0
 21 6125.177502 1.219E-28 3.562E-02.08660.118 2556.18860.69-.005249       5 0 0 15       2 0 0 03                    P  4e     566663342910 9 711     7.0    9.0
 21 6125.204144 3.384E-28 1.364E-02.07370.100 2467.59560.70-.006437       3 0 0 23       0 0 0 11                    P 17e     466663342910 9 711    33.0   35.0
 21 6125.205035 2.158E-30 2.959E-04.07130.095 2783.30940.71-.006435       4 2 2 14       1 2 2 02                    Q 22e     566663342910 9 711    45.0   45.0
 21 6125.248505 5.730E-30 5.194E-02.08340.114 3355.78440.68-.005557       5 1 1 14       2 1 1 02                    P  6f     466663342910 9 711    11.0   13.0
 21 6125.318576 1.177E-30 9.722E-02.07420.100 4048.49870.70-.005630       6 0 0 15       3 0 0 03                    R 16e     466663342910 9 711    35.0   33.0
 21 6125.337138 1.633E-30 2.955E-04.06530.072 3010.78350.74-.007012       5 2 2 03       1 1 1 02                    P 52f     465553342910 9 711   103.0  105.0
 21 6125.340840 2.239E-27 1.884E-02.06930.090 2250.41970.73-.007009       4 1 1 14       1 1 1 02                    P 28f     566663342910 9 711    55.0   57.0
 21 6125.346215 6.416E-28 6.294E-03.07020.093 2258.23290.72-.006858       3 3 3 13       0 3 3 01                    P 25e     566663342910 9 711    49.0   51.0
 21 6125.352229 2.455E-30 3.239E-04.07170.096 2766.06710.71-.006358       4 2 2 14       1 2 2 02                    Q 21f     566663342910 9 711    43.0   43.0
 21 6125.398133 6.993E-30 7.658E-03.07060.093 3236.51930.72-.006453       3 1 1 23       0 1 1 11                    R 24e     466663342910 9 711    51.0   49.0
 21 6125.400431 2.265E-29 6.161E-06.05950.067 1722.94130.70-.007528       4 1 1 02       0 0 0 01                    P 66e     435553342910 9 711   131.0  133.0
 21 6125.402571 3.145E-28 1.078E-03.05790.065 2278.99640.66-.009777       3 0 0 14       0 0 0 01                    R 76e     585553344510 9 711   155.0  153.0
 21 6125.433587 4.356E-30 1.842E-02.06960.090 3537.38620.73-.006725       4 3 3 14       1 3 3 02                    R 27e     466663342910 9 711    57.0   55.0
 21 6125.469810 2.787E-30 3.560E-04.07220.097 2749.61350.71-.006280       4 2 2 14       1 2 2 02                    Q 20e     566663342910 9 711    41.0   41.0
 21 6125.514485 5.444E-30 7.682E-03.06930.089 3318.64860.73-.006812       3 1 1 23       0 1 1 11                    R 28e     466663342910 9 711    59.0   57.0
 21 6125.575767 1.105E-29 3.484E-02.06960.090 3476.98310.73-.006725       5 1 1 15       2 1 1 03                    R 27e     566663342910 9 711    57.0   55.0
 21 6125.576465 2.308E-30 2.587E-02.07260.098 3649.00250.70-.006547       5 1 1 13       2 1 1 01                    P 19e     466663342910 9 711    37.0   39.0
 21 6125.600719 3.161E-30 3.934E-04.07260.098 2733.93840.70-.006200       4 2 2 14       1 2 2 02                    Q 19f     566663342910 9 711    39.0   39.0
 21 6125.610441 1.868E-27 1.213E-06.06930.089  316.76990.73-.006854       2 2 2 13       0 0 0 01                    R 28e     566663342910 9 711    59.0   57.0
 21 6125.637834 1.301E-27 6.498E-03.06600.075 2255.56680.74-.007973       3 2 2 13       0 2 2 01                    P 48e     566563342910 9 711    95.0   97.0
 21 6125.664756 1.185E-29 3.511E-02.06990.091 3456.80700.73-.006636       5 1 1 15       2 1 1 03                    R 26f     566663342910 9 711    55.0   53.0
 21 6125.709527 3.580E-30 4.369E-04.07310.099 2719.05030.70-.006118       4 2 2 14       1 2 2 02                    Q 18e     566663342910 9 711    37.0   37.0
 21 6125.737316 7.541E-29 1.612E-02.06590.074 3032.60550.74-.008019       4 1 1 13       1 1 1 01                    P 49e     566563342910 9 711    97.0   99.0
 21 6125.745998 1.135E-30 3.656E-02.07970.108 3749.61670.68-.004695       4 0 0 23       1 0 0 11                    R  9e     466663342910 9 711    21.0   19.0
 21 6125.757948 2.398E-27 1.876E-02.06960.091 2227.78800.73-.006959       4 1 1 14       1 1 1 02                    P 27e     566663342910 9 711    53.0   55.0
 21 6125.825185 4.051E-30 4.880E-04.07370.100 2704.94240.70-.006033       4 2 2 14       1 2 2 02                    Q 17f     566663342910 9 711    35.0   35.0
 21 6125.913733 1.720E-29 1.770E-02.05840.066 3435.86930.68-.009013       4 0 0 13       1 0 0 01                    P 72e     565553342910 9 711   143.0  145.0
 21 6125.924310 4.582E-30 5.487E-04.07420.101 2691.62030.69-.005946       4 2 2 14       1 2 2 02                    Q 16e     566663342910 9 711    33.0   33.0
 21 6125.993427 2.513E-27 1.927E-02.06530.072 2360.38860.74-.008156       4 0 0 14       1 0 0 02                    P 52e     565553342910 9 711   103.0  105.0
 21 6126.022401 6.361E-29 1.629E-02.06580.074 3073.97060.74-.008065       4 1 1 13       1 1 1 01                    P 50f     566553342910 9 711    99.0  101.0
 21 6126.025564 5.183E-30 6.217E-04.07480.102 2679.07960.69-.005855       4 2 2 14       1 2 2 02                    Q 15f     566663342910 9 711    31.0   31.0
 21 6126.026560 4.128E-29 1.521E-02.07060.094 2995.60220.72-.006808       4 2 2 13       1 2 2 01                    P 24e     566663342910 9 711    47.0   49.0
 21 6126.051197 4.062E-30 1.847E-02.06930.089 3559.36190.73-.006812       4 3 3 14       1 3 3 02                    R 28f     466663342910 9 711    59.0   57.0
 21 6126.060576 4.828E-30 5.229E-02.08490.116 3351.05630.69-.005417       5 1 1 14       2 1 1 02                    P  5e     466663342910 9 711     9.0   11.0
 21 6126.114267 5.865E-30 7.102E-04.07550.103 2667.32400.68-.005761       4 2 2 14       1 2 2 02                    Q 14e     566663342910 9 711    29.0   29.0
 21 6126.201798 6.643E-30 8.192E-04.07620.104 2656.35070.68-.005663       4 2 2 14       1 2 2 02                    Q 13f     566663342910 9 711    27.0   27.0
 21 6126.270363 6.767E-28 6.293E-03.07060.094 2238.62270.72-.006808       3 3 3 13       0 3 3 01                    P 24f     566663342910 9 711    47.0   49.0
 21 6126.276144 1.835E-28 1.102E-03.05770.064 2399.46790.66-.009865       3 0 0 14       0 0 0 01                    R 78e     585553344510 9 711   159.0  157.0
 21 6126.279500 7.538E-30 9.554E-04.07700.105 2646.16180.68-.005559       4 2 2 14       1 2 2 02                    Q 12e     566663342910 9 711    25.0   25.0
 21 6126.344293 8.165E-30 9.474E-03.07020.092 3256.27860.73-.006545       3 1 1 23       0 1 1 11                    R 25f     466663342910 9 711    53.0   51.0
 21 6126.353834 8.576E-30 1.129E-03.07780.107 2636.75590.68-.005449       4 2 2 14       1 2 2 02                    Q 11f     566663342910 9 711    23.0   23.0
 21 6126.398986 3.605E-30 5.503E-03.06900.088 3341.63510.74-.005934       4 2 2 12       0 1 1 11                    R 29f     466663342910 9 711    61.0   59.0
 21 6126.420096 9.796E-30 1.354E-03.07870.108 2628.13420.68-.005332       4 2 2 14       1 2 2 02                    Q 10e     566663342910 9 711    21.0   21.0
 21 6126.481623 1.125E-29 1.655E-03.07970.109 2620.29580.68-.005206       4 2 2 14       1 2 2 02                    Q  9f     566663342910 9 711    19.0   19.0
 21 6126.536129 1.302E-29 2.068E-03.08080.111 2613.24130.68-.005070       4 2 2 14       1 2 2 02                    Q  8e     566663342910 9 711    17.0   17.0
 21 6126.553218 1.150E-30 9.737E-02.07310.098 4075.76280.70-.005853       6 0 0 15       3 0 0 03                    R 18e     466663342910 9 711    39.0   37.0
 21 6126.585126 1.522E-29 2.658E-03.08200.112 2606.97050.68-.004922       4 2 2 14       1 2 2 02                    Q  7f     566663342910 9 711    15.0   15.0
 21 6126.606023 1.419E-30 3.043E-04.06500.072 3049.56050.73-.007050       5 2 2 03       1 1 1 02                    P 53e     465553342910 9 711   105.0  107.0
 21 6126.627664 1.806E-29 3.543E-03.08340.114 2601.48350.68-.004758       4 2 2 14       1 2 2 02                    Q  6e     566663342910 9 711    13.0   13.0
 21 6126.630678 2.349E-30 2.596E-02.07310.099 3634.62650.70-.006493       5 1 1 13       2 1 1 01                    P 18f     466663342910 9 711    35.0   37.0
 21 6126.643126 1.524E-27 6.481E-03.06620.075 2218.02950.74-.007926       3 2 2 13       0 2 2 01                    P 47f     566563342910 9 711    93.0   95.0
 21 6126.661623 3.769E-30 1.852E-02.06900.088 3582.12130.74-.006898       4 3 3 14       1 3 3 02                    R 29e     466663342910 9 711    61.0   59.0
 21 6126.664308 2.189E-29 4.961E-03.08490.116 2596.78030.69-.004577       4 2 2 14       1 2 2 02                    Q  5f     566663342910 9 711    11.0   11.0
 21 6126.694749 2.737E-29 7.438E-03.08660.118 2592.86090.69-.004375       4 2 2 14       1 2 2 02                    Q  4e     566663342910 9 711     9.0    9.0
 21 6126.707091 9.560E-30 3.499E-02.06900.088 3521.52940.74-.006898       5 1 1 15       2 1 1 03                    R 29e     566663342910 9 711    61.0   59.0
 21 6126.718449 5.236E-30 8.644E-03.06880.088 3364.35680.74-.006982       3 1 1 23       0 1 1 11                    R 30e     466663342910 9 711    63.0   61.0
 21 6126.719143 3.603E-29 1.240E-02.08850.120 2589.72540.70-.004146       4 2 2 14       1 2 2 02                    Q  3f     566663342910 9 711     7.0    7.0
 21 6126.737423 5.205E-29 2.479E-02.09050.123 2587.37380.69-.003886       4 2 2 14       1 2 2 02                    Q  2e     566663342910 9 711     5.0    5.0
 21 6126.771812 6.266E-29 4.162E-02.09050.123 2550.71320.69-.004701       5 0 0 15       2 0 0 03                    P  2e     566663342910 9 711     3.0    5.0
 21 6126.804236 9.034E-29 5.665E-02.06750.084 3189.80160.74-.007401       5 0 0 14       2 0 0 02                    P 36e     566663342910 9 711    71.0   73.0
 21 6126.873074 3.845E-30 5.255E-02.08660.118 3347.17870.69-.005249       5 1 1 14       2 1 1 02                    P  4f     466663342910 9 711     7.0    9.0
 21 6126.898100 5.279E-30 6.499E-03.06990.091 3276.03580.73-.005701       4 2 2 12       0 1 1 11                    R 26e     466663342910 9 711    55.0   53.0
 21 6126.904910 1.037E-29 3.534E-02.06930.089 3499.93630.73-.006812       5 1 1 15       2 1 1 03                    R 28f     566663342910 9 711    59.0   57.0
 21 6126.958179 3.377E-28 1.368E-02.07480.102 2442.04910.69-.006319       3 0 0 23       0 0 0 11                    P 15e     466663342910 9 711    29.0   31.0
 21 6126.969085 4.333E-29 1.523E-02.07090.095 2976.81990.72-.006757       4 2 2 13       1 2 2 01                    P 23f     566663342910 9 711    45.0   47.0
 21 6127.045380 1.250E-30 3.661E-02.07780.105 3765.87230.68-.004996       4 0 0 23       1 0 0 11                    R 11e     466663342910 9 711    25.0   23.0
 21 6127.058745 3.011E-29 5.150E-06.06010.068 1621.00360.71-.007457       4 1 1 02       0 0 0 01                    P 64e     435553342910 9 711   127.0  129.0
 21 6127.058833 2.184E-30 2.782E-04.06580.074 2930.26570.74-.006936       5 2 2 03       1 1 1 02                    P 50f     466553342910 9 711    99.0  101.0
 21 6127.071578 2.082E-27 1.585E-06.06880.088  362.78830.74-.007025       2 2 2 13       0 0 0 01                    R 30e     566663342910 9 711    63.0   61.0
 21 6127.086585 3.667E-28 6.965E-03.05870.066 2608.55600.69-.008933       3 1 1 13       0 1 1 01                    P 70f     565553342910 9 711   139.0  141.0
 21 6127.120673 1.055E-28 1.127E-03.05750.064 2523.02190.65-.009950       3 0 0 14       0 0 0 01                    R 80e     585553344510 9 711   163.0  161.0
 21 6127.188739 7.098E-28 6.293E-03.07090.095 2219.79630.72-.006757       3 3 3 13       0 3 3 01                    P 23e     566663342910 9 711    45.0   47.0
 21 6127.208085 2.560E-27 1.885E-02.06990.092 2207.35980.73-.006909       4 1 1 14       1 1 1 02                    P 26f     566663342910 9 711    51.0   53.0
 21 6127.265563 1.061E-29 2.599E-02.06660.079 3502.25510.75-.007690       5 0 0 13       2 0 0 01                    P 42e     566563342910 9 711    83.0   85.0
 21 6127.267635 3.479E-30 1.856E-02.06880.088 3605.66470.74-.006982       4 3 3 14       1 3 3 02                    R 30f     466663342910 9 711    63.0   61.0
 21 6127.422805 7.540E-28 6.737E-03.05930.067 2444.32390.70-.008810       3 1 1 13       0 1 1 01                    P 67e     565553342910 9 711   133.0  135.0
 21 6127.441855 2.380E-30 2.601E-02.07370.100 3620.11980.70-.006437       5 1 1 13       2 1 1 01                    P 17e     466663342910 9 711    33.0   35.0
 21 6127.564904 1.017E-30 1.116E-02.08340.112 3458.68810.68-.004165       4 3 3 13       1 3 3 01                    R  6f     466663342910 9 711    15.0   13.0
 21 6127.677739 2.778E-30 5.237E-02.08850.120 3344.03570.70-.005032       5 1 1 14       2 1 1 02                    P  3e     466663342910 9 711     5.0    7.0
 21 6127.692059 2.714E-27 1.879E-02.07020.093 2186.39130.72-.006858       4 1 1 14       1 1 1 02                    P 25e     566663342910 9 711    49.0   51.0
 21 6127.715612 3.572E-30 6.444E-03.06850.087 3388.96350.74-.006083       4 2 2 12       0 1 1 11                    R 31f     466663342910 9 711    65.0   63.0
 21 6127.754114 1.095E-30 9.751E-02.07220.096 4106.14080.71-.006063       6 0 0 15       3 0 0 03                    R 20e     466663342910 9 711    43.0   41.0
 21 6127.771007 1.786E-27 6.495E-03.06620.076 2181.26900.74-.007879       3 2 2 13       0 2 2 01                    P 46e     566563342910 9 711    91.0   93.0
 21 6127.796347 6.586E-30 8.682E-03.06960.090 3297.40660.73-.006725       3 1 1 23       0 1 1 11                    R 27f     466663342910 9 711    57.0   55.0
 21 6127.808102 8.115E-30 3.516E-02.06850.087 3569.19710.74-.007065       5 1 1 15       2 1 1 03                    R 31e     566663342910 9 711    65.0   63.0
 21 6127.865833 3.196E-30 1.861E-02.06850.087 3629.99150.74-.007065       4 3 3 14       1 3 3 02                    R 31e     466663342910 9 711    65.0   63.0
 21 6127.873152 4.792E-30 9.434E-03.06830.086 3413.15970.74-.007146       3 1 1 23       0 1 1 11                    R 32e     466663342910 9 711    67.0   65.0
 21 6127.905795 4.524E-29 1.525E-02.07130.095 2958.81150.71-.006705       4 2 2 13       1 2 2 01                    P 22e     566663342910 9 711    43.0   45.0
 21 6127.935506 5.971E-29 1.153E-03.05720.064 2649.65610.64-.010034       3 0 0 14       0 0 0 01                    R 82e     585553344510 9 711   167.0  165.0
 21 6128.088352 1.046E-28 1.616E-02.06620.075 2956.98060.74-.007926       4 1 1 13       1 1 1 01                    P 47e     566563342910 9 711    93.0   95.0
 21 6128.101001 3.315E-29 8.135E-03.05650.063 3186.95410.62-.009684       3 0 0 13       0 0 0 01                    P 90e     985543344510 9 711   179.0  181.0
 21 6128.101270 7.400E-28 6.292E-03.07130.095 2201.75370.71-.006705       3 3 3 13       0 3 3 01                    P 22f     566663342910 9 711    43.0   45.0
 21 6128.120695 8.890E-30 3.554E-02.06880.088 3546.19760.74-.006982       5 1 1 15       2 1 1 03                    R 30f     566663342910 9 711    63.0   61.0
 21 6128.216463 1.900E-30 2.846E-04.06560.073 2967.67660.74-.006974       5 2 2 03       1 1 1 02                    P 51e     465553342910 9 711   101.0  103.0
 21 6128.219886 3.549E-27 1.918E-02.06580.074 2280.12000.74-.008065       4 0 0 14       1 0 0 02                    P 50e     566553342910 9 711    99.0  101.0
 21 6128.273073 8.896E-29 1.631E-02.06600.075 2996.60390.74-.007973       4 1 1 13       1 1 1 01                    P 48f     566563342910 9 711    95.0   97.0
 21 6128.301263 1.191E-30 1.184E-02.08200.111 3464.17890.68-.004355       4 3 3 13       1 3 3 01                    R  7e     466663342910 9 711    17.0   15.0
 21 6128.306870 1.319E-30 3.661E-02.07620.103 3785.22360.68-.005266       4 0 0 23       1 0 0 11                    R 13e     466663342910 9 711    29.0   27.0
 21 6128.431817 3.853E-30 5.442E-03.06930.089 3318.64860.73-.005858       4 2 2 12       0 1 1 11                    R 28e     466663342910 9 711    59.0   57.0
 21 6128.448642 2.388E-30 2.610E-02.07420.101 3607.21110.69-.006379       5 1 1 13       2 1 1 01                    P 16f     466663342910 9 711    31.0   33.0
 21 6128.460303 2.922E-30 1.865E-02.06830.086 3655.10210.74-.007146       4 3 3 14       1 3 3 02                    R 32f     466663342910 9 711    67.0   65.0
 21 6128.471043 1.581E-30 4.912E-02.09050.123 3341.70230.69-.004701       5 1 1 14       2 1 1 02                    P  2f     466663342910 9 711     3.0    5.0
 21 6128.525985 2.240E-27 2.037E-06.06830.086  411.92250.74-.007190       2 2 2 13       0 0 0 01                    R 32e     566663342910 9 711    67.0   65.0
 21 6128.685539 3.261E-28 1.375E-02.07620.104 2419.59810.68-.006192       3 0 0 23       0 0 0 11                    P 13e     466663342910 9 711    25.0   27.0
 21 6128.714046 2.754E-29 1.700E-02.05870.066 3324.60720.69-.008933       4 0 0 13       1 0 0 01                    P 70e     465553342910 9 711   139.0  141.0
 21 6128.715023 3.920E-29 4.284E-06.06080.068 1522.16110.71-.007385       4 1 1 02       0 0 0 01                    P 62e     435553342910 9 711   123.0  125.0
 21 6128.719993 3.329E-29 1.180E-03.05700.064 2779.36870.64-.010116       3 0 0 14       0 0 0 01                    R 84e     585553344510 9 711   171.0  169.0
 21 6128.773508 2.075E-27 6.479E-03.06630.077 2145.29050.74-.007832       3 2 2 13       0 2 2 01                    P 45f     566563342910 9 711    89.0   91.0
 21 6128.776231 6.069E-30 2.058E-03.08660.116 2679.57620.69-.003737       3 4 4 13       0 4 4 01                    R  4e     466663342910 9 711    11.0    9.0
 21 6128.776965 2.862E-30 2.609E-04.06600.075 2852.86230.74-.006858       5 2 2 03       1 1 1 02                    P 48f     466563342910 9 711    95.0   97.0
 21 6128.834499 4.694E-29 1.526E-02.07170.096 2941.59230.71-.006653       4 2 2 13       1 2 2 01                    P 21f     566663342910 9 711    41.0   43.0
 21 6128.878633 6.758E-30 3.531E-02.06810.085 3619.98510.74-.007226       5 1 1 15       2 1 1 03                    R 33e     566663342910 9 711    69.0   67.0
 21 6128.921530 1.017E-30 9.754E-02.07130.095 4139.63220.72-.006262       6 0 0 15       3 0 0 03                    R 22e     466663342910 9 711    47.0   45.0
 21 6128.955866 1.117E-28 5.678E-02.06790.085 3134.53170.74-.007304       5 0 0 14       2 0 0 02                    P 34e     566663342910 9 711    67.0   69.0
 21 6128.982759 4.211E-30 1.007E-02.06790.084 3465.05660.74-.007305       3 1 1 23       0 1 1 11                    R 34e     466663342910 9 711    71.0   69.0
 21 6128.994754 3.382E-30 7.347E-03.06810.085 3439.39090.74-.007226       3 1 1 23       0 1 1 11                    R 33f     466663342910 9 711    69.0   67.0
 21 6129.008015 7.669E-28 6.290E-03.07170.096 2184.49500.71-.006653       3 3 3 13       0 3 3 01                    P 21e     566663342910 9 711    41.0   43.0
 21 6129.031607 1.345E-30 1.234E-02.08080.109 3470.45410.68-.004531       4 3 3 13       1 3 3 01                    R  8f     466663342910 9 711    19.0   17.0
 21 6129.046102 2.659E-30 1.869E-02.06810.085 3680.99580.74-.007226       4 3 3 14       1 3 3 02                    R 33e     466663342910 9 711    69.0   67.0
 21 6129.052325 2.865E-27 1.887E-02.07060.094 2167.42810.72-.006808       4 1 1 14       1 1 1 02                    P 24f     566663342910 9 711    47.0   49.0
 21 6129.070783 2.608E-29 8.880E-03.09050.120 2587.37380.70-.003261       4 2 2 14       1 2 2 02                    R  2e     566663342910 9 711     7.0    5.0
 21 6129.118464 3.175E-29 2.087E-02.09500.127 2548.36650.69-.003111       5 0 0 15       2 0 0 03                    R  0e     566663342910 9 711     3.0    1.0
 21 6129.122212 1.135E-30 1.241E-07.06080.068 1522.16110.71-.008707       1 4 4 12       0 0 0 01                    P 62e     465553342910 9 711   123.0  125.0
 21 6129.263556 5.129E-30 7.837E-03.06900.088 3341.63510.74-.006898       3 1 1 23       0 1 1 11                    R 29f     466663342910 9 711    61.0   59.0
 21 6129.272691 2.382E-30 2.615E-02.07480.102 3594.35850.69-.006319       5 1 1 13       2 1 1 01                    P 15e     466663342910 9 711    29.0   31.0
 21 6129.311879 7.479E-30 3.575E-02.06830.086 3595.58990.74-.007146       5 1 1 15       2 1 1 03                    R 32f     566663342910 9 711    67.0   65.0
 21 6129.473484 1.829E-29 1.208E-03.05680.063 2912.15730.63-.010196       3 0 0 14       0 0 0 01                    R 86e     585553344510 9 711   175.0  173.0
 21 6129.482581 6.009E-28 6.944E-03.05910.066 2500.15240.69-.008851       3 1 1 13       0 1 1 01                    P 68f     565553342910 9 711   135.0  137.0
 21 6129.530840 1.103E-29 3.227E-03.08490.114 2683.50690.68-.003960       3 4 4 13       0 4 4 01                    R  5f     466663342910 9 711    13.0   11.0
 21 6129.573766 1.389E-29 2.611E-02.06690.080 3437.46960.75-.007595       5 0 0 13       2 0 0 01                    P 40e     566663342910 9 711    79.0   81.0
 21 6129.596979 3.006E-27 1.883E-02.07090.095 2148.11590.72-.006757       4 1 1 14       1 1 1 02                    P 23e     566663342910 9 711    45.0   47.0
 21 6129.629117 2.408E-30 1.873E-02.06790.084 3707.67310.74-.007305       4 3 3 14       1 3 3 02                    R 34f     466663342910 9 711    71.0   69.0
 21 6129.755905 1.479E-30 1.271E-02.07970.108 3477.51360.68-.004695       4 3 3 13       1 3 3 01                    R  9e     466663342910 9 711    21.0   19.0
 21 6129.757179 4.840E-29 1.528E-02.07220.097 2925.14970.71-.006601       4 2 2 13       1 2 2 01                    P 20e     566663342910 9 711    39.0   41.0
 21 6129.820854 2.495E-30 2.655E-04.06590.074 2888.89970.74-.006897       5 2 2 03       1 1 1 02                    P 49e     466563342910 9 711    97.0   99.0
 21 6129.830259 4.644E-29 1.244E-02.08850.118 2589.72540.69-.003500       4 2 2 14       1 2 2 02                    R  3f     566663342910 9 711     9.0    7.0
 21 6129.879629 2.410E-27 6.490E-03.06640.077 2110.09010.74-.007785       3 2 2 13       0 2 2 01                    P 44e     566563342910 9 711    87.0   89.0
 21 6129.908933 7.897E-28 6.287E-03.07220.097 2168.02030.71-.006601       3 3 3 13       0 3 3 01                    P 20f     466663342910 9 711    39.0   41.0
 21 6129.918515 5.525E-30 3.548E-02.06770.084 3673.89260.74-.007382       5 1 1 15       2 1 1 03                    R 35e     566663342910 9 711    73.0   71.0
 21 6129.964148 1.207E-27 6.726E-03.05980.067 2340.73210.70-.008726       3 1 1 13       0 1 1 01                    P 65e     565553342910 9 711   129.0  131.0
 21 6129.973614 2.333E-27 2.582E-06.06790.084  464.17170.74-.007349       2 2 2 13       0 0 0 01                    R 34e     566663342910 9 711    71.0   69.0
 21 6129.996307 2.752E-30 4.548E-03.06880.088 3364.35680.74-.006009       4 2 2 12       0 1 1 11                    R 30e     466663342910 9 711    63.0   61.0
 21 6130.038016 1.596E-30 4.924E-02.09500.127 3340.13540.69-.003589       5 1 1 14       2 1 1 02                    Q  1e     466663342910 9 711     3.0    3.0
 21 6130.050796 3.578E-30 1.059E-02.06750.083 3520.04650.74-.007458       3 1 1 23       0 1 1 11                    R 36e     466663342910 9 711    75.0   73.0
 21 6130.195327 9.896E-30 1.237E-03.05670.063 3048.01980.62-.010274       3 0 0 14       0 0 0 01                    R 88e     585553344510 9 711   179.0  177.0
 21 6130.202307 2.170E-30 1.877E-02.06770.084 3735.13320.74-.007382       4 3 3 14       1 3 3 02                    R 35e     466663342910 9 711    73.0   71.0
 21 6130.236268 2.352E-30 2.624E-02.07550.103 3582.92800.68-.006257       5 1 1 13       2 1 1 01                    P 14f     466663342910 9 711    27.0   29.0
 21 6130.236607 3.071E-30 8.183E-03.06770.084 3492.91660.74-.007382       3 1 1 23       0 1 1 11                    R 35f     466663342910 9 711    73.0   71.0
 21 6130.280180 1.526E-29 3.960E-03.08340.112 2688.22380.68-.004165       3 4 4 13       0 4 4 01                    R  6e     466663342910 9 711    15.0   13.0
 21 6130.367813 4.981E-29 3.535E-06.06170.069 1426.41530.72-.007312       4 1 1 02       0 0 0 01                    P 60e     435553342910 9 711   119.0  121.0
 21 6130.386300 3.030E-28 1.385E-02.07780.107 2400.24310.68-.006048       3 0 0 23       0 0 0 11                    P 11e     466663342910 9 711    21.0   23.0
 21 6130.406160 1.426E-28 1.619E-02.06630.077 2884.46540.74-.007832       4 1 1 13       1 1 1 01                    P 45e     566563342910 9 711    89.0   91.0
 21 6130.417572 4.929E-27 1.909E-02.06600.075 2202.95620.74-.007973       4 0 0 14       1 0 0 02                    P 48e     566563342910 9 711    95.0   97.0
 21 6130.474205 1.594E-30 1.299E-02.07870.107 3485.35730.68-.004850       4 3 3 13       1 3 3 01                    R 10f     466663342910 9 711    23.0   21.0
 21 6130.478223 6.175E-30 3.597E-02.06790.084 3648.11210.74-.007305       5 1 1 15       2 1 1 03                    R 34f     566663342910 9 711    71.0   69.0
 21 6130.491213 3.672E-30 2.437E-04.06620.076 2778.57490.74-.006780       5 2 2 03       1 1 1 02                    P 46f     466563342910 9 711    91.0   93.0
 21 6130.494992 1.223E-28 1.633E-02.06620.076 2922.35420.74-.007879       4 1 1 13       1 1 1 01                    P 46f     566563342910 9 711    91.0   93.0
 21 6130.583656 6.408E-29 1.427E-02.08660.116 2592.86090.69-.003737       4 2 2 14       1 2 2 02                    R  4e     566663342910 9 711    11.0    9.0
 21 6130.650410 2.360E-30 1.675E-07.06170.069 1426.41530.72-.008619       1 4 4 12       0 0 0 01                    P 60e     435553342910 9 711   119.0  121.0
 21 6130.652972 9.431E-29 2.688E-02.09050.120 2550.71320.70-.003261       5 0 0 15       2 0 0 03                    R  2e     566663342910 9 711     7.0    5.0
 21 6130.672072 4.959E-29 1.530E-02.07260.098 2909.49430.70-.006547       4 2 2 13       1 2 2 01                    P 19f     566663342910 9 711    37.0   39.0
 21 6130.697665 2.032E-30 1.255E-03.05870.066 3324.60720.69-.007724       4 3 3 02       1 0 0 01                    P 70e     465553342910 9 711   139.0  141.0
 21 6130.721165 1.330E-30 3.656E-02.07370.099 3833.21250.70-.005743       4 0 0 23       1 0 0 11                    R 17e     466663342910 9 711    37.0   35.0
 21 6130.748172 3.869E-30 6.986E-03.06850.087 3388.96350.74-.007065       3 1 1 23       0 1 1 11                    R 31f     466663342910 9 711    65.0   63.0
 21 6130.773986 1.947E-30 1.880E-02.06750.083 3763.37680.74-.007458       4 3 3 14       1 3 3 02                    R 36f     466663342910 9 711    75.0   73.0
 21 6130.804057 8.078E-28 6.283E-03.07260.098 2152.32960.70-.006547       3 3 3 13       0 3 3 01                    P 19e     466663342910 9 711    37.0   39.0
 21 6130.873650 3.138E-27 1.890E-02.07130.095 2130.62550.71-.006705       4 1 1 14       1 1 1 02                    P 22f     566663342910 9 711    43.0   45.0
 21 6130.878396 2.777E-27 6.477E-03.06650.078 2075.67110.75-.007738       3 2 2 13       0 2 2 01                    P 43f     566563342910 9 711    85.0   87.0
 21 6130.884873 5.275E-30 1.267E-03.05650.063 3186.95410.61-.010350       3 0 0 14       0 0 0 01                    R 90e     585443344510 9 711   183.0  181.0
 21 6130.927569 4.436E-30 3.564E-02.06730.082 3730.91830.75-.007533       5 1 1 15       2 1 1 03                    R 37e     466663342910 9 711    77.0   75.0
 21 6131.008884 6.342E-29 8.112E-03.05670.063 3048.01980.62-.009614       3 0 0 13       0 0 0 01                    P 88e     985553344510 9 711   175.0  177.0
 21 6131.024247 1.891E-29 4.448E-03.08200.111 2693.72670.68-.004355       3 4 4 13       0 4 4 01                    R  7f     466663342910 9 711    17.0   15.0
 21 6131.068919 2.306E-30 2.632E-02.07620.104 3571.71900.68-.006192       5 1 1 13       2 1 1 01                    P 13e     466663342910 9 711    25.0   27.0
 21 6131.074004 1.356E-28 5.693E-02.06830.087 3082.37080.74-.007206       5 0 0 14       2 0 0 02                    P 32e     566663342910 9 711    63.0   65.0
 21 6131.080013 2.953E-30 1.100E-02.06720.081 3578.12850.75-.007607       3 1 1 23       0 1 1 11                    R 38e     466663342910 9 711    79.0   77.0
 21 6131.186412 1.689E-30 1.321E-02.07780.105 3493.98530.68-.004996       4 3 3 13       1 3 3 01                    R 11e     466663342910 9 711    25.0   23.0
 21 6131.312818 3.031E-29 1.139E-02.05910.066 3216.43970.69-.008851       4 0 0 13       1 0 0 01                    P 68e     465553343010 9 711   135.0  137.0
 21 6131.330870 7.991E-29 1.535E-02.08490.114 2596.78030.68-.003960       4 2 2 14       1 2 2 02                    R  5f     566663342910 9 711    13.0   11.0
 21 6131.334315 1.739E-30 1.884E-02.06730.082 3792.40280.75-.007533       4 3 3 14       1 3 3 02                    R 37e     466663342910 9 711    77.0   75.0
 21 6131.414407 2.356E-27 3.232E-06.06750.083  519.53500.74-.007504       2 2 2 13       0 0 0 01                    R 36e     566663342910 9 711    75.0   73.0
 21 6131.419766 3.213E-30 2.470E-04.06620.075 2813.23130.74-.006819       5 2 2 03       1 1 1 02                    P 47e     466563342910 9 711    93.0   95.0
 21 6131.442096 2.686E-30 8.938E-03.06730.082 3549.53950.75-.007533       3 1 1 23       0 1 1 11                    R 37f     466663342910 9 711    77.0   75.0
 21 6131.472744 3.254E-27 1.887E-02.07170.096 2112.96250.71-.006653       4 1 1 14       1 1 1 02                    P 21e     566663342910 9 711    41.0   43.0
 21 6131.541473 2.770E-30 1.299E-03.05630.063 3328.95780.61-.010425       3 0 0 14       0 0 0 01                    R 92e     585443344510 9 711   187.0  185.0
 21 6131.578080 1.598E-30 2.959E-02.09500.123 3340.13540.69-.003072       5 1 1 14       2 1 1 02                    R  1e     466663342910 9 711     5.0    3.0
 21 6131.580736 5.047E-29 1.531E-02.07310.099 2894.61740.70-.006493       4 2 2 13       1 2 2 01                    P 18e     566663342910 9 711    35.0   37.0
 21 6131.587214 1.941E-30 3.826E-03.06830.086 3413.15970.74-.006155       4 2 2 12       0 1 1 11                    R 32e     466663342910 9 711    67.0   65.0
 21 6131.619475 5.006E-30 3.620E-02.06750.083 3703.76300.74-.007458       5 1 1 15       2 1 1 03                    R 36f     466663342910 9 711    75.0   73.0
 21 6131.693366 8.206E-28 6.277E-03.07310.099 2137.42310.70-.006493       3 3 3 13       0 3 3 01                    P 18f     466663342910 9 711    35.0   37.0
 21 6131.763040 2.209E-29 4.795E-03.08080.109 2700.01580.68-.004531       3 4 4 13       0 4 4 01                    R  8e     466663342910 9 711    19.0   17.0
 21 6131.846509 1.788E-29 2.626E-02.06720.082 3375.80150.75-.007498       5 0 0 13       2 0 0 01                    P 38e     566663342910 9 711    75.0   77.0
 21 6131.851981 9.607E-28 6.862E-03.05950.067 2394.84830.70-.008768       3 1 1 13       0 1 1 01                    P 66f     565553343010 9 711   131.0  133.0
 21 6131.875824 1.282E-30 3.657E-02.07260.097 3861.84940.71-.005959       4 0 0 23       1 0 0 11                    R 19e     466663342910 9 711    41.0   39.0
 21 6131.892675 1.766E-30 1.339E-02.07700.104 3503.39750.68-.005134       4 3 3 13       1 3 3 01                    R 12f     466663342910 9 711    27.0   25.0
 21 6131.894819 1.546E-30 1.888E-02.06720.081 3822.21220.75-.007607       4 3 3 14       1 3 3 02                    R 38f     466663342910 9 711    79.0   77.0
 21 6131.905616 3.498E-30 3.580E-02.06700.080 3791.06120.75-.007680       5 1 1 15       2 1 1 03                    R 39e     466663342910 9 711    81.0   79.0
 21 6131.963763 3.197E-27 6.487E-03.06660.079 2042.03130.75-.007690       3 2 2 13       0 2 2 01                    P 42e     566563342910 9 711    83.0   85.0
 21 6131.993526 2.234E-30 2.642E-02.07700.105 3561.77750.68-.006122       5 1 1 13       2 1 1 01                    P 12f     466663342910 9 711    23.0   25.0
 21 6132.008784 6.039E-29 2.828E-06.06270.070 1333.76790.72-.007238       4 1 1 02       0 0 0 01                    P 58e     435553342910 9 711   115.0  117.0
 21 6132.060524 2.683E-28 1.401E-02.07970.109 2383.98440.68-.005881       3 0 0 23       0 0 0 11                    P  9e     466663342910 9 711    17.0   19.0
 21 6132.072095 9.422E-29 1.605E-02.08340.112 2601.48350.68-.004165       4 2 2 14       1 2 2 02                    R  6e     566663342910 9 711    15.0   13.0
 21 6132.072474 2.377E-30 1.135E-02.06690.080 3639.30160.75-.007752       3 1 1 23       0 1 1 11                    R 40e     466663342910 9 711    83.0   81.0
 21 6132.163473 1.533E-28 2.857E-02.08660.116 2556.18860.69-.003737       5 0 0 15       2 0 0 03                    R  4e     566663342910 9 711    11.0    9.0
 21 6132.164478 1.433E-30 1.332E-03.05610.063 3474.02860.60-.010498       3 0 0 14       0 0 0 01                    R 94e     485443344510 9 711   191.0  189.0
 21 6132.169605 1.865E-29 7.013E-03.05910.066 3216.43970.69-.007654       4 3 3 02       1 0 0 01                    P 68e     435553343010 9 711   135.0  137.0
 21 6132.190265 6.091E-30 2.853E-07.06270.070 1333.76790.72-.008530       1 4 4 12       0 0 0 01                    P 58e     465553342910 9 711   115.0  117.0
 21 6132.201272 4.611E-30 2.266E-04.06640.077 2707.40490.74-.006702       5 2 2 03       1 1 1 02                    P 44f     466563342910 9 711    87.0   89.0
 21 6132.251186 2.838E-30 6.172E-03.06810.085 3439.39090.74-.006226       4 2 2 12       0 1 1 11                    R 33f     466663342910 9 711    69.0   67.0
 21 6132.349473 2.821E-30 3.761E-02.09050.120 3341.70230.70-.003261       5 1 1 14       2 1 1 02                    R  2f     466663342910 9 711     7.0    5.0
 21 6132.441982 1.369E-30 1.892E-02.06700.080 3852.80350.75-.007680       4 3 3 14       1 3 3 02                    R 39e     466663342910 9 711    81.0   79.0
 21 6132.474576 1.903E-27 6.720E-03.06040.068 2240.23760.71-.008642       3 1 1 13       0 1 1 01                    P 63e     565553342910 9 711   125.0  127.0
 21 6132.481816 5.099E-29 1.533E-02.07370.100 2880.52630.70-.006437       4 2 2 13       1 2 2 01                    P 17f     566663342910 9 711    33.0   35.0
 21 6132.496557 2.484E-29 5.050E-03.07970.108 2707.09080.68-.004695       3 4 4 13       0 4 4 01                    R  9f     466663342910 9 711    21.0   19.0
 21 6132.576877 8.274E-28 6.269E-03.07370.100 2123.30070.70-.006437       3 3 3 13       0 3 3 01                    P 17e     466663342910 9 711    33.0   35.0
 21 6132.586749 6.734E-27 1.901E-02.06620.076 2128.89870.74-.007879       4 0 0 14       1 0 0 02                    P 46e     566563342910 9 711    91.0   93.0
 21 6132.592742 1.824E-30 1.354E-02.07620.103 3513.59390.68-.005266       4 3 3 13       1 3 3 01                    R 13e     466663342910 9 711    29.0   27.0
 21 6132.612509 2.270E-30 9.603E-03.06700.080 3609.25880.75-.007680       3 1 1 23       0 1 1 11                    R 39f     466663342910 9 711    81.0   79.0
 21 6132.672140 3.356E-27 1.893E-02.07220.097 2096.95250.71-.006601       4 1 1 14       1 1 1 02                    P 20f     566663342910 9 711    39.0   41.0
 21 6132.688207 1.654E-28 1.636E-02.06640.077 2851.22260.74-.007785       4 1 1 13       1 1 1 01                    P 44f     566563342910 9 711    87.0   89.0
 21 6132.690732 1.911E-28 1.622E-02.06650.078 2815.06110.75-.007738       4 1 1 13       1 1 1 01                    P 43e     566563342910 9 711    85.0   87.0
 21 6132.735375 3.986E-30 3.642E-02.06720.081 3762.54160.75-.007607       5 1 1 15       2 1 1 03                    R 38f     466663342910 9 711    79.0   77.0
 21 6132.806970 1.071E-28 1.654E-02.08200.111 2606.97050.68-.004355       4 2 2 14       1 2 2 02                    R  7f     566663342910 9 711    17.0   15.0
 21 6132.830489 2.144E-30 2.651E-02.07780.107 3552.20150.68-.006048       5 1 1 13       2 1 1 01                    P 11e     466663342910 9 711    21.0   23.0
 21 6132.848297 2.310E-27 3.999E-06.06720.081  578.01160.75-.007653       2 2 2 13       0 0 0 01                    R 38e     566663342910 9 711    79.0   77.0
 21 6132.852470 2.711E-30 3.597E-02.06680.079 3854.32000.75-.007822       5 1 1 15       2 1 1 03                    R 41e     466563342910 9 711    85.0   83.0
 21 6132.957884 3.654E-27 6.478E-03.06680.080 2009.17250.75-.007642       3 2 2 13       0 2 2 01                    P 41f     566563342910 9 711    81.0   83.0
 21 6132.991521 1.206E-30 1.895E-02.06690.080 3884.17820.75-.007752       4 3 3 14       1 3 3 02                    R 40f     466663342910 9 711    83.0   81.0
 21 6132.996310 1.206E-30 3.658E-02.07170.095 3893.58070.71-.006164       4 0 0 23       1 0 0 11                    R 21e     466663342910 9 711    45.0   43.0
 21 6133.013738 4.055E-30 2.291E-04.06630.077 2740.67270.74-.006741       5 2 2 03       1 1 1 02                    P 45e     466563342910 9 711    89.0   91.0
 21 6133.020557 5.031E-30 1.170E-03.05950.067 3111.36830.70-.007583       4 3 3 02       1 0 0 01                    P 66e     435553343010 9 711   131.0  133.0
 21 6133.029701 1.870E-30 1.165E-02.06660.078 3703.56490.75-.007892       3 1 1 23       0 1 1 11                    R 42e     466563342910 9 711    87.0   85.0
 21 6133.081120 3.924E-30 4.117E-02.08850.118 3344.03570.69-.003500       5 1 1 14       2 1 1 02                    R  3e     466663342910 9 711     9.0    7.0
 21 6133.158642 1.615E-28 5.708E-02.06880.088 3033.31960.74-.007108       5 0 0 14       2 0 0 02                    P 30e     566663342910 9 711    59.0   61.0
 21 6133.200177 1.360E-30 3.257E-03.06790.084 3465.05660.74-.006296       4 2 2 12       0 1 1 11                    R 34e     466663342910 9 711    71.0   69.0
 21 6133.224794 2.718E-29 5.243E-03.07870.107 2714.95190.68-.004850       3 4 4 13       0 4 4 01                    R 10e     466663342910 9 711    23.0   21.0
 21 6133.286992 1.865E-30 1.366E-02.07550.102 3524.57450.69-.005392       4 3 3 13       1 3 3 01                    R 14f     466663342910 9 711    31.0   29.0
 21 6133.319383 3.439E-27 1.892E-02.07260.098 2080.93170.70-.006547       4 1 1 14       1 1 1 02                    P 19e     566663342910 9 711    37.0   39.0
 21 6133.376481 5.114E-29 1.534E-02.07420.101 2867.21520.69-.006379       4 2 2 13       1 2 2 01                    P 16e     566663342910 9 711    31.0   33.0
 21 6133.454579 8.277E-28 6.259E-03.07420.101 2109.96260.69-.006379       3 3 3 13       0 3 3 01                    P 16f     466663342910 9 711    31.0   33.0
 21 6133.525154 1.059E-30 1.900E-02.06680.079 3916.33420.75-.007822       4 3 3 14       1 3 3 02                    R 41e     466563342910 9 711    85.0   83.0
 21 6133.536083 1.186E-28 1.689E-02.08080.109 2613.24130.68-.004531       4 2 2 14       1 2 2 02                    R  8e     566663342910 9 711    19.0   17.0
 21 6133.610926 6.129E-29 1.925E-06.06380.070 1244.22040.73-.008441       1 4 4 12       0 0 0 01                    P 56e     565553342910 9 711   111.0  113.0
 21 6133.649887 2.063E-28 2.942E-02.08340.112 2564.79280.68-.004165       5 0 0 15       2 0 0 03                    R  6e     566663342910 9 711    15.0   13.0
 21 6133.708259 2.225E-28 1.426E-02.08200.112 2370.82230.68-.005678       3 0 0 23       0 0 0 11                    P  7e     466663342910 9 711    13.0   15.0
 21 6133.720386 2.029E-30 2.662E-02.07870.108 3543.75990.68-.005968       5 1 1 13       2 1 1 01                    P 10f     466663342910 9 711    19.0   21.0
 21 6133.749202 1.861E-30 1.018E-02.06680.079 3672.07350.75-.007822       3 1 1 23       0 1 1 11                    R 41f     466563342910 9 711    85.0   83.0
 21 6133.767941 2.065E-30 3.614E-02.06650.077 3920.69360.74-.007960       5 1 1 15       2 1 1 03                    R 43e     466563342910 9 711    89.0   87.0
 21 6133.768470 2.216E-29 6.962E-07.06380.070 1244.22040.73-.007164       4 1 1 02       0 0 0 01                    P 56e     565553342910 9 711   111.0  113.0
 21 6133.772515 2.034E-30 5.426E-03.06770.084 3492.91660.74-.006365       4 2 2 12       0 1 1 11                    R 35f     466663342910 9 711    73.0   71.0
 21 6133.825655 3.118E-30 3.665E-02.06690.080 3824.44640.75-.007752       5 1 1 15       2 1 1 03                    R 40f     466663342910 9 711    83.0   81.0
 21 6133.854164 4.953E-30 4.318E-02.08660.116 3347.17870.69-.003737       5 1 1 14       2 1 1 02                    R  4f     466663342910 9 711    11.0    9.0
 21 6133.886486 1.194E-28 8.084E-03.05680.064 2912.15730.63-.009543       3 0 0 13       0 0 0 01                    P 86e     985553344510 9 711   171.0  173.0
 21 6133.906853 5.663E-30 2.097E-04.06660.079 2639.35360.75-.006623       5 2 2 03       1 1 1 02                    P 42f     466563342910 9 711    83.0   85.0
 21 6133.947750 2.913E-29 5.393E-03.07780.105 2723.59890.68-.004996       3 4 4 13       0 4 4 01                    R 11f     466663342910 9 711    25.0   23.0
 21 6133.952806 1.440E-30 1.190E-02.06640.077 3770.91730.74-.008028       3 1 1 23       0 1 1 11                    R 44e     466563342910 9 711    91.0   89.0
 21 6133.974842 1.889E-30 1.377E-02.07480.101 3536.33910.69-.005513       4 3 3 13       1 3 3 01                    R 15e     466663342910 9 711    33.0   31.0
 21 6134.023462 4.168E-27 6.485E-03.06690.080 1977.09380.75-.007595       3 2 2 13       0 2 2 01                    P 40e     566663342910 9 711    79.0   81.0
 21 6134.082992 1.110E-30 3.664E-02.07090.094 3928.40600.72-.006359       4 0 0 23       1 0 0 11                    R 23e     466663342910 9 711    49.0   47.0
 21 6134.083581 2.259E-29 2.638E-02.06750.084 3317.25140.74-.007401       5 0 0 13       2 0 0 01                    P 36e     566663342910 9 711    71.0   73.0
 21 6134.194980 1.526E-27 6.847E-03.06010.068 2292.64530.71-.008684       3 1 1 13       0 1 1 01                    P 64f     565553343010 9 711   127.0  129.0
 21 6134.258501 1.288E-28 1.718E-02.07970.108 2620.29580.68-.004695       4 2 2 14       1 2 2 02                    R  9f     566663342910 9 711    21.0   19.0
 21 6134.263739 5.087E-29 1.536E-02.07480.102 2854.68880.69-.006319       4 2 2 13       1 2 2 01                    P 15f     566663342910 9 711    29.0   31.0
 21 6134.275204 2.204E-27 4.901E-06.06690.080  639.60040.75-.007799       2 2 2 13       0 0 0 01                    R 40e     566663342910 9 711    83.0   81.0
 21 6134.283509 1.160E-30 2.734E-03.06620.076 3512.75070.74-.006780       6 1 1 03       2 0 0 02                    P 46e     466563342910 9 711    91.0   93.0
 21 6134.326481 8.208E-28 6.244E-03.07480.102 2097.40880.69-.006319       3 3 3 13       0 3 3 01                    P 15e     466663342910 9 711    29.0   31.0
 21 6134.348603 1.586E-30 2.319E-04.06010.068 3009.39450.71-.007512       4 3 3 02       1 0 0 01                    P 64e     435553343010 9 711   127.0  129.0
 21 6134.447866 3.501E-27 1.898E-02.07310.099 2066.41000.70-.006493       4 1 1 14       1 1 1 02                    P 18f     566663342910 9 711    35.0   37.0
 21 6134.496817 7.443E-29 1.732E-02.05950.067 3111.36830.70-.008768       4 0 0 13       1 0 0 01                    P 66e     565553343010 9 711   131.0  133.0
 21 6134.551484 5.907E-30 4.441E-02.08490.114 3351.05630.68-.003960       5 1 1 14       2 1 1 02                    R  5e     466663342910 9 711    13.0   11.0
 21 6134.557358 1.895E-30 2.675E-02.07970.109 3535.80630.68-.005881       5 1 1 13       2 1 1 01                    P  9e     466663342910 9 711    17.0   19.0
 21 6134.603276 5.013E-30 2.117E-04.06650.078 2671.22530.75-.006662       5 2 2 03       1 1 1 02                    P 43e     466563342910 9 711    85.0   87.0
 21 6134.651839 1.546E-30 3.631E-02.06630.076 3990.18060.74-.008095       5 1 1 15       2 1 1 03                    R 45e     466563342910 9 711    93.0   91.0
 21 6134.657133 1.896E-30 1.385E-02.07420.100 3548.88770.70-.005630       4 3 3 13       1 3 3 01                    R 16f     466663342910 9 711    35.0   33.0
 21 6134.665423 3.071E-29 5.513E-03.07700.104 2733.03190.68-.005134       3 4 4 13       0 4 4 01                    R 12e     466663342910 9 711    27.0   25.0
 21 6134.727679 9.046E-27 1.894E-02.06640.077 2057.94880.74-.007785       4 0 0 14       1 0 0 02                    P 44e     566563342910 9 711    87.0   89.0
 21 6134.842600 1.087E-30 1.212E-02.06620.075 3841.35760.74-.008160       3 1 1 23       0 1 1 11                    R 46e     466563342910 9 711    95.0   93.0
 21 6134.852769 2.197E-28 1.637E-02.06660.079 2783.21020.75-.007690       4 1 1 13       1 1 1 01                    P 42f     566563342910 9 711    83.0   85.0
 21 6134.853433 1.485E-30 1.070E-02.06650.077 3737.98250.74-.007960       3 1 1 23       0 1 1 11                    R 43f     466563342910 9 711    89.0   87.0
 21 6134.890038 2.397E-30 3.689E-02.06660.078 3889.47630.75-.007892       5 1 1 15       2 1 1 03                    R 42f     466563342910 9 711    87.0   85.0
 21 6134.942064 2.518E-28 1.627E-02.06680.080 2748.76860.75-.007642       4 1 1 13       1 1 1 01                    P 41e     566563342910 9 711    81.0   83.0
 21 6134.954187 2.952E-27 6.713E-03.06120.069 2142.84200.71-.008556       3 1 1 13       0 1 1 01                    P 61e     565553342910 9 711   121.0  123.0
 21 6134.975605 1.375E-28 1.740E-02.07870.107 2628.13420.68-.004850       4 2 2 14       1 2 2 02                    R 10e     566663342910 9 711    23.0   21.0
 21 6135.012067 4.724E-27 6.479E-03.06700.081 1945.79590.75-.007546       3 2 2 13       0 2 2 01                    P 39f     566663342910 9 711    77.0   79.0
 21 6135.112116 2.511E-28 2.994E-02.08080.109 2576.52550.68-.004531       5 0 0 15       2 0 0 03                    R  8e     566663342910 9 711    19.0   17.0
 21 6135.136918 3.540E-27 1.899E-02.07370.100 2052.02410.70-.006437       4 1 1 14       1 1 1 02                    P 17e     566663342910 9 711    33.0   35.0
 21 6135.144422 5.016E-29 1.537E-02.07550.103 2842.94350.68-.006257       4 2 2 13       1 2 2 01                    P 14e     566663342910 9 711    27.0   29.0
 21 6135.162392 2.950E-29 6.319E-07.06470.071 1157.77410.73-.008350       1 4 4 12       0 0 0 01                    P 54e     465553342910 9 711   107.0  109.0
 21 6135.192578 8.065E-28 6.225E-03.07550.103 2085.63930.68-.006257       3 3 3 13       0 3 3 01                    P 14f     466663342910 9 711    27.0   29.0
 21 6135.209745 1.887E-28 5.726E-02.06930.090 2987.37880.73-.007009       5 0 0 14       2 0 0 02                    P 28e     566663342910 9 711    55.0   57.0
 21 6135.311363 1.430E-30 4.765E-03.06730.082 3549.53950.75-.006499       4 2 2 12       0 1 1 11                    R 37f     466663342910 9 711    77.0   75.0
 21 6135.329538 1.670E-28 1.473E-02.08490.116 2360.75690.69-.005417       3 0 0 23       0 0 0 11                    P  5e     466663342910 9 711     9.0   11.0
 21 6135.332112 6.799E-30 4.534E-02.08340.112 3355.78440.68-.004165       5 1 1 14       2 1 1 02                    R  6f     466663342910 9 711    15.0   13.0
 21 6135.332651 1.889E-30 1.393E-02.07370.099 3562.22040.70-.005743       4 3 3 13       1 3 3 01                    R 17e     466663342910 9 711    37.0   35.0
 21 6135.377812 3.193E-29 5.610E-03.07620.103 2743.25080.68-.005266       3 4 4 13       0 4 4 01                    R 13f     466663342910 9 711    29.0   27.0
 21 6135.396660 7.365E-29 1.578E-06.06470.071 1157.77410.73-.007088       4 1 1 02       0 0 0 01                    P 54e     465553342910 9 711   107.0  109.0
 21 6135.416823 1.737E-30 2.687E-02.08080.111 3528.87540.68-.005785       5 1 1 13       2 1 1 01                    P  8f     466663342910 9 711    15.0   17.0
 21 6135.503967 1.138E-30 3.648E-02.06620.075 4062.77950.74-.008225       5 1 1 15       2 1 1 03                    R 47e     466563342910 9 711    97.0   95.0
 21 6135.517494 1.014E-30 4.357E-07.07060.093 1622.25620.72-.006494       3 2 2 13       1 0 0 01                    R 24e     566663342910 9 711    51.0   49.0
 21 6135.607683 6.800E-30 1.930E-04.06690.080 2574.42230.75-.006544       5 2 2 03       1 1 1 02                    P 40f     466663342910 9 711    79.0   81.0
 21 6135.685393 1.447E-28 1.757E-02.07780.105 2636.75590.68-.004996       4 2 2 14       1 2 2 02                    R 11f     566663342910 9 711    25.0   23.0
 21 6135.695033 2.047E-27 5.951E-06.06660.078  704.30050.75-.007940       2 2 2 13       0 0 0 01                    R 42e     566563342910 9 711    87.0   85.0
 21 6135.926279 1.156E-30 1.115E-02.06630.076 3806.98460.74-.008095       3 1 1 23       0 1 1 11                    R 45f     466563342910 9 711    93.0   91.0
 21 6135.928241 1.812E-30 3.714E-02.06640.077 3957.62980.74-.008028       5 1 1 15       2 1 1 03                    R 44f     466563342910 9 711    91.0   89.0
 21 6135.943687 1.511E-30 2.642E-03.06640.077 3441.95090.74-.006702       6 1 1 03       2 0 0 02                    P 44e     466563342910 9 711    87.0   89.0
 21 6135.989128 7.601E-30 4.593E-02.08200.111 3361.19690.68-.004355       5 1 1 14       2 1 1 02                    R  7e     466663342910 9 711    17.0   15.0
 21 6136.003079 1.867E-30 1.399E-02.07310.098 3576.33690.70-.005853       4 3 3 13       1 3 3 01                    R 18f     466663342910 9 711    39.0   37.0
 21 6136.017845 4.899E-29 1.537E-02.07620.104 2831.98220.68-.006192       4 2 2 13       1 2 2 01                    P 13f     566663342910 9 711    25.0   27.0
 21 6136.052874 7.841E-28 6.198E-03.07620.104 2074.65430.68-.006192       3 3 3 13       0 3 3 01                    P 13e     466663342910 9 711    25.0   27.0
 21 6136.058770 5.340E-27 6.484E-03.06720.082 1915.27870.75-.007498       3 2 2 13       0 2 2 01                    P 38e     566663342910 9 711    75.0   77.0
 21 6136.084913 3.282E-29 5.692E-03.07550.102 2754.25560.69-.005392       3 4 4 13       0 4 4 01                    R 14e     466663342910 9 711    31.0   29.0
 21 6136.188856 6.066E-30 1.948E-04.06680.080 2604.89030.75-.006583       5 2 2 03       1 1 1 02                    P 41e     466563342910 9 711    81.0   83.0
 21 6136.200887 3.552E-27 1.904E-02.07420.101 2038.99840.69-.006379       4 1 1 14       1 1 1 02                    P 16f     566663342910 9 711    31.0   33.0
 21 6136.249483 1.562E-30 2.704E-02.08200.112 3522.53380.68-.005678       5 1 1 13       2 1 1 01                    P  7e     466663342910 9 711    13.0   15.0
 21 6136.284782 2.802E-29 2.651E-02.06790.085 3261.82000.74-.007304       5 0 0 13       2 0 0 01                    P 34e     566663342910 9 711    67.0   69.0
 21 6136.390650 1.506E-28 1.773E-02.07700.104 2646.16180.68-.005134       4 2 2 14       1 2 2 02                    R 12e     566663342910 9 711    27.0   25.0
 21 6136.511771 2.386E-27 6.833E-03.06080.068 2193.54520.71-.008599       3 1 1 13       0 1 1 01                    P 62f     565553343010 9 711   123.0  125.0
 21 6136.550044 2.863E-28 3.033E-02.07870.107 2591.38640.68-.004850       5 0 0 15       2 0 0 03                    R 10e     566663342910 9 711    23.0   21.0
 21 6136.666090 1.833E-30 1.405E-02.07260.097 3591.23730.71-.005959       4 3 3 13       1 3 3 01                    R 19e     466663342910 9 711    41.0   39.0
 21 6136.694269 9.448E-30 1.403E-07.06530.072 1074.43060.74-.008258       1 4 4 12       0 0 0 01                    P 52e     435553342910 9 711   103.0  105.0
 21 6136.732945 2.214E-28 8.054E-03.05700.064 2779.36870.64-.009471       3 0 0 13       0 0 0 01                    P 84e     985553344510 9 711   167.0  169.0
 21 6136.783259 8.341E-30 4.652E-02.08080.109 3367.51920.68-.004531       5 1 1 14       2 1 1 02                    R  8f     466663342910 9 711    19.0   17.0
 21 6136.786727 3.337E-29 5.758E-03.07480.101 2766.04610.69-.005513       3 4 4 13       0 4 4 01                    R 15f     466663342910 9 711    33.0   31.0
 21 6136.840621 1.195E-26 1.887E-02.06660.079 1990.10800.75-.007690       4 0 0 14       1 0 0 02                    P 42e     566563342910 9 711    83.0   85.0
 21 6136.884564 4.734E-29 1.537E-02.07700.105 2821.80280.68-.006122       4 2 2 13       1 2 2 01                    P 12e     566663342910 9 711    23.0   25.0
 21 6136.904375 1.224E-30 5.920E-07.06990.091 1662.04020.73-.006678       3 2 2 13       1 0 0 01                    R 26e     566663342910 9 711    55.0   53.0
 21 6136.907366 7.534E-28 6.162E-03.07700.105 2064.45370.68-.006122       3 3 3 13       0 3 3 01                    P 12f     466663342910 9 711    23.0   25.0
 21 6136.924377 1.037E-28 1.592E-02.08850.120 2353.78850.70-.005032       3 0 0 23       0 0 0 11                    P  3e     466663342910 9 711     5.0    7.0
 21 6136.925368 3.538E-27 1.906E-02.07480.102 2026.24040.69-.006319       4 1 1 14       1 1 1 02                    P 15e     566663342910 9 711    29.0   31.0
 21 6136.939973 1.346E-30 3.738E-02.06620.075 4028.90540.74-.008160       5 1 1 15       2 1 1 03                    R 46f     466563342910 9 711    95.0   93.0
 21 6136.988731 2.869E-28 1.640E-02.06690.080 2718.31800.75-.007595       4 1 1 13       1 1 1 01                    P 40f     566663342910 9 711    79.0   81.0
 21 6137.041036 5.999E-27 6.479E-03.06730.083 1885.54220.74-.007450       3 2 2 13       0 2 2 01                    P 37f     566663342910 9 711    73.0   75.0
 21 6137.043576 1.161E-28 1.724E-06.06530.072 1074.43060.74-.007012       4 1 1 02       0 0 0 01                    P 52e     435553342910 9 711   103.0  105.0
 21 6137.082809 1.365E-30 2.721E-02.08340.114 3517.12430.68-.005557       5 1 1 13       2 1 1 01                    P  6f     466663342910 9 711    11.0   13.0
 21 6137.087570 1.550E-28 1.786E-02.07620.103 2656.35070.68-.005266       4 2 2 14       1 2 2 02                    R 13f     566663342910 9 711    29.0   27.0
 21 6137.107679 1.853E-27 7.164E-06.06640.077  772.11070.74-.008076       2 2 2 13       0 0 0 01                    R 44e     566563342910 9 711    91.0   89.0
 21 6137.160155 3.259E-28 1.630E-02.06700.081 2685.58900.75-.007546       4 1 1 13       1 1 1 01                    P 39e     566663342910 9 711    77.0   79.0
 21 6137.168879 1.253E-28 1.834E-02.06010.068 3009.39450.71-.008684       4 0 0 13       1 0 0 01                    P 64e     565553343010 9 711   127.0  129.0
 21 6137.227250 2.162E-28 5.749E-02.06990.092 2944.54940.73-.006909       5 0 0 14       2 0 0 02                    P 26e     566663342910 9 711    51.0   53.0
 21 6137.303504 7.974E-30 1.767E-04.06720.082 2512.61220.75-.006464       5 2 2 03       1 1 1 02                    P 38f     466663342910 9 711    75.0   77.0
 21 6137.324810 1.788E-30 1.411E-02.07220.096 3606.92160.71-.006063       4 3 3 13       1 3 3 01                    R 20f     466663342910 9 711    43.0   41.0
 21 6137.384489 1.285E-30 5.888E-10.07130.095  197.41660.72-.005406       3 3 3 02       0 0 0 01                    R 22e     466663342910 9 711    47.0   45.0
 21 6137.394008 8.972E-30 4.683E-02.07970.108 3374.45740.68-.004695       5 1 1 14       2 1 1 02                    R  9e     466663342910 9 711    21.0   19.0
 21 6137.403079 4.479E-27 6.667E-03.06220.069 2048.54700.72-.008469       3 1 1 13       0 1 1 01                    P 59e     565553343010 9 711   117.0  119.0
 21 6137.483251 3.362E-29 5.816E-03.07420.100 2778.62240.70-.005630       3 4 4 13       0 4 4 01                    R 16e     466663342910 9 711    35.0   33.0
 21 6137.599410 1.926E-30 2.541E-03.06660.079 3374.25500.75-.006623       6 1 1 03       2 0 0 02                    P 42e     466563342910 9 711    83.0   85.0
 21 6137.735509 2.142E-30 5.513E-07.08080.109 1313.52210.68-.003815       5 1 1 03       1 0 0 02                    R  8e     436663343010 9 711    19.0   17.0
 21 6137.744135 4.521E-29 1.536E-02.07780.107 2812.40680.68-.006048       4 2 2 13       1 2 2 01                    P 11f     566663342910 9 711    21.0   23.0
 21 6137.756055 7.141E-28 6.112E-03.07780.107 2055.03760.68-.006048       3 3 3 13       0 3 3 01                    P 11e     466663342910 9 711    21.0   23.0
 21 6137.770920 7.180E-30 1.785E-04.06700.081 2541.66900.75-.006504       5 2 2 03       1 1 1 02                    P 39e     466663342910 9 711    77.0   79.0
 21 6137.781206 1.581E-28 1.798E-02.07550.102 2667.32400.69-.005392       4 2 2 14       1 2 2 02                    R 14e     566663342910 9 711    31.0   29.0
 21 6137.906830 1.150E-30 2.739E-02.08490.116 3512.38400.69-.005417       5 1 1 13       2 1 1 01                    P  5e     466663342910 9 711     9.0   11.0
 21 6137.931255 3.493E-27 1.912E-02.07550.103 2014.71830.68-.006257       4 1 1 14       1 1 1 02                    P 14f     566663342910 9 711    27.0   29.0
 21 6137.963534 3.109E-28 3.063E-02.07700.104 2609.37520.68-.005134       5 0 0 15       2 0 0 03                    R 12e     566663342910 9 711    27.0   25.0
 21 6137.975065 1.731E-30 1.414E-02.07170.095 3623.38960.71-.006164       4 3 3 13       1 3 3 01                    R 21e     466663342910 9 711    45.0   43.0
 21 6138.069724 6.720E-27 6.485E-03.06750.084 1856.58700.74-.007401       3 2 2 13       0 2 2 01                    P 36e     566663342910 9 711    71.0   73.0
 21 6138.174485 3.357E-29 5.863E-03.07370.099 2791.98440.70-.005743       3 4 4 13       0 4 4 01                    R 17f     466663342910 9 711    37.0   35.0
 21 6138.207537 9.542E-30 4.728E-02.07870.107 3382.38290.68-.004850       5 1 1 14       2 1 1 02                    R 10f     466663342910 9 711    23.0   21.0
 21 6138.220821 4.118E-30 4.309E-08.06580.074  994.19130.74-.008165       1 4 4 12       0 0 0 01                    P 50e     536553342910 9 711    99.0  101.0
 21 6138.277280 1.418E-30 7.880E-07.06930.089 1704.94190.73-.006854       3 2 2 13       1 0 0 01                    R 28e     566663342910 9 711    59.0   57.0
 21 6138.449927 3.411E-29 2.663E-02.06830.087 3209.50800.74-.007206       5 0 0 13       2 0 0 01                    P 32e     566663342910 9 711    63.0   65.0
 21 6138.464947 1.598E-28 1.808E-02.07480.101 2679.07960.69-.005513       4 2 2 14       1 2 2 02                    R 15f     566663342910 9 711    33.0   31.0
 21 6138.492777 3.526E-29 2.658E-02.09500.127 2349.91710.69-.004066       3 0 0 23       0 0 0 11                    P  1e     466663342910 9 711     1.0    3.0
 21 6138.513016 1.637E-27 8.562E-06.06620.075  843.03010.74-.008210       2 2 2 13       0 0 0 01                    R 46e     566563342910 9 711    95.0   93.0
 21 6138.596904 4.257E-29 1.534E-02.07870.108 2803.79330.68-.005968       4 2 2 13       1 2 2 01                    P 10e     566663342910 9 711    19.0   21.0
 21 6138.598939 6.658E-28 6.041E-03.07870.108 2046.40600.68-.005968       3 3 3 13       0 3 3 01                    P 10f     466663342910 9 711    19.0   21.0
 21 6138.622310 1.668E-30 1.419E-02.07130.095 3640.64120.72-.006262       4 3 3 13       1 3 3 01                    R 22f     466663342910 9 711    47.0   45.0
 21 6138.684742 3.420E-27 1.915E-02.07620.104 2003.58080.68-.006192       4 1 1 14       1 1 1 02                    P 13e     566663342910 9 711    25.0   27.0
 21 6138.694804 1.463E-28 1.531E-06.06580.074  994.19130.74-.006936       4 1 1 02       0 0 0 01                    P 50e     436553342910 9 711    99.0  101.0
 21 6138.766071 9.988E-30 4.745E-02.07780.105 3390.83760.68-.004996       5 1 1 14       2 1 1 02                    R 11e     466663342910 9 711    25.0   23.0
 21 6138.802550 3.696E-27 6.866E-03.06170.069 2097.54970.72-.008513       3 1 1 13       0 1 1 01                    P 60f     565553342910 9 711   119.0  121.0
 21 6138.860426 3.327E-29 5.907E-03.07310.098 2806.13200.70-.005853       3 4 4 13       0 4 4 01                    R 18e     466663342910 9 711    39.0   37.0
 21 6138.925827 1.551E-26 1.880E-02.06690.080 1925.37750.75-.007595       4 0 0 14       1 0 0 02                    P 40e     566663342910 9 711    79.0   81.0
 21 6138.994072 9.126E-30 1.607E-04.06750.084 2453.92450.74-.006384       5 2 2 03       1 1 1 02                    P 36f     466663342910 9 711    71.0   73.0
 21 6139.044878 7.482E-27 6.480E-03.06770.084 1828.41260.74-.007353       3 2 2 13       0 2 2 01                    P 35f     566663342910 9 711    69.0   71.0
 21 6139.096146 3.681E-28 1.643E-02.06720.082 2656.54690.75-.007498       4 1 1 13       1 1 1 01                    P 38f     566663342910 9 711    75.0   77.0
 21 6139.109783 1.845E-30 9.317E-10.07060.093  234.08340.72-.005578       3 3 3 02       0 0 0 01                    R 24e     466663342910 9 711    51.0   49.0
 21 6139.147266 1.602E-28 1.817E-02.07420.100 2691.62030.70-.005630       4 2 2 14       1 2 2 02                    R 16e     566663342910 9 711    35.0   33.0
 21 6139.211068 2.425E-28 5.773E-02.07060.094 2904.83190.72-.006808       5 0 0 14       2 0 0 02                    P 24e     566663342910 9 711    47.0   49.0
 21 6139.226710 3.848E-30 8.798E-07.07870.107 1328.35940.68-.004100       5 1 1 03       1 0 0 02                    R 10e     436663343010 9 711    23.0   21.0
 21 6139.250453 2.474E-30 2.507E-03.06690.080 3309.66420.75-.006544       6 1 1 03       2 0 0 02                    P 40e     436663343010 9 711    79.0   81.0
 21 6139.259465 1.595E-30 1.421E-02.07090.094 3658.67640.72-.006359       4 3 3 13       1 3 3 01                    R 23e     466663342910 9 711    49.0   47.0
 21 6139.345006 4.145E-28 1.634E-02.06730.083 2625.52330.74-.007450       4 1 1 13       1 1 1 01                    P 37e     566663342910 9 711    73.0   75.0
 21 6139.349878 8.306E-30 1.627E-04.06730.083 2481.56240.74-.006424       5 2 2 03       1 1 1 02                    P 37e     466663342910 9 711    73.0   75.0
 21 6139.352434 3.247E-28 3.089E-02.07550.102 2630.49150.69-.005392       5 0 0 15       2 0 0 03                    R 14e     566663342910 9 711    31.0   29.0
 21 6139.436020 6.084E-28 5.941E-03.07970.109 2038.55900.68-.005881       3 3 3 13       0 3 3 01                    P  9e     466663342910 9 711    17.0   19.0
 21 6139.442606 3.943E-29 1.529E-02.07970.109 2795.96300.68-.005881       4 2 2 13       1 2 2 01                    P  9f     566663342910 9 711    17.0   19.0
 21 6139.541077 3.272E-29 5.943E-03.07260.097 2821.06520.71-.005959       3 4 4 13       0 4 4 01                    R 19f     466663342910 9 711    41.0   39.0
 21 6139.547637 4.039E-28 8.021E-03.05720.064 2649.65610.65-.009398       3 0 0 13       0 0 0 01                    P 82e     985553344510 9 711   163.0  165.0
 21 6139.604866 1.038E-29 4.783E-02.07700.104 3400.37520.68-.005134       5 1 1 14       2 1 1 02                    R 12f     466663342910 9 711    27.0   25.0
 21 6139.636019 1.582E-30 1.030E-06.06880.088 1750.96060.74-.007025       3 2 2 13       1 0 0 01                    R 30e     566663342910 9 711    63.0   61.0
 21 6139.639012 3.313E-27 1.922E-02.07700.105 1993.57010.68-.006122       4 1 1 14       1 1 1 02                    P 12f     566663342910 9 711    23.0   25.0
 21 6139.745778 2.246E-30 1.684E-08.06600.075  917.05730.74-.008071       1 4 4 12       0 0 0 01                    P 48e     566563342910 9 711    95.0   97.0
 21 6139.817434 1.594E-28 1.825E-02.07370.099 2704.94240.70-.005743       4 2 2 14       1 2 2 02                    R 17f     566663342910 9 711    37.0   35.0
 21 6139.821351 6.731E-27 6.664E-03.06320.070 1957.35410.72-.008381       3 1 1 13       0 1 1 01                    P 57e     565553343010 9 711   113.0  115.0
 21 6139.847397 1.971E-28 1.844E-02.06080.068 2910.51970.71-.008599       4 0 0 13       1 0 0 01                    P 62e     565553342910 9 711   123.0  125.0
 21 6139.895567 1.520E-30 1.426E-02.07060.093 3677.49530.72-.006453       4 3 3 13       1 3 3 01                    R 24f     466663342910 9 711    51.0   49.0
 21 6139.910904 1.412E-27 1.016E-05.06600.074  917.05730.74-.008339       2 2 2 13       0 0 0 01                    R 48e     566563342910 9 711    99.0   97.0
 21 6140.056352 8.304E-27 6.486E-03.06790.085 1801.01980.74-.007304       3 2 2 13       0 2 2 01                    P 34e     566663342910 9 711    67.0   69.0
 21 6140.105262 1.063E-29 4.788E-02.07620.103 3410.33730.68-.005266       5 1 1 14       2 1 1 02                    R 13e     466663342910 9 711    29.0   27.0
 21 6140.216433 3.196E-29 5.976E-03.07220.096 2836.78400.71-.006063       3 4 4 13       0 4 4 01                    R 20e     466663342910 9 711    43.0   41.0
 21 6140.267294 5.413E-28 5.790E-03.08080.111 2031.49660.68-.005785       3 3 3 13       0 3 3 01                    P  8f     466663342910 9 711    15.0   17.0
 21 6140.281437 3.580E-29 1.521E-02.08080.111 2788.91550.68-.005785       4 2 2 13       1 2 2 01                    P  8e     566663342910 9 711    15.0   17.0
 21 6140.346475 1.751E-28 1.313E-06.06600.075  917.05730.74-.006858       4 1 1 02       0 0 0 01                    P 48e     536563342910 9 711    95.0   97.0
 21 6140.415045 3.176E-27 1.927E-02.07780.107 1984.04590.68-.006048       4 1 1 14       1 1 1 02                    P 11e     566663342910 9 711    21.0   23.0
 21 6140.488820 1.576E-28 1.833E-02.07310.098 2719.05030.70-.005853       4 2 2 14       1 2 2 02                    R 18e     566663342910 9 711    39.0   37.0
 21 6140.519158 1.437E-30 1.428E-02.07020.092 3697.09740.73-.006545       4 3 3 13       1 3 3 01                    R 25e     466663342910 9 711    53.0   51.0
 21 6140.578844 4.074E-29 2.676E-02.06880.088 3160.31590.74-.007108       5 0 0 13       2 0 0 01                    P 30e     566663342910 9 711    59.0   61.0
 21 6140.679160 1.018E-29 1.450E-04.06790.085 2398.36040.74-.006304       5 2 2 03       1 1 1 02                    P 34f     466663342910 9 711    67.0   69.0
 21 6140.704509 6.067E-30 1.290E-06.07700.104 1346.31960.68-.004355       5 1 1 03       1 0 0 02                    R 12e     436663343010 9 711    27.0   25.0
 21 6140.716571 3.282E-28 3.112E-02.07420.100 2654.73490.70-.005630       5 0 0 15       2 0 0 03                    R 16e     566663342910 9 711    35.0   33.0
 21 6140.795772 7.069E-29 1.066E-02.09500.123 2349.91710.69-.003072       3 0 0 23       0 0 0 11                    R  1e     466663342910 9 711     5.0    3.0
 21 6140.848026 2.498E-30 1.420E-09.06990.091  273.86800.73-.005742       3 3 3 02       0 0 0 01                    R 26e     466663342910 9 711    55.0   53.0
 21 6140.886498 3.101E-29 6.005E-03.07170.095 2853.28810.71-.006164       3 4 4 13       0 4 4 01                    R 21f     466663342910 9 711    45.0   43.0
 21 6140.896629 3.013E-30 2.386E-03.06720.082 3248.17940.75-.006464       6 1 1 03       2 0 0 02                    P 38e     436663343010 9 711    75.0   77.0
 21 6140.926109 9.379E-30 1.474E-04.06770.084 2424.57170.74-.006344       5 2 2 03       1 1 1 02                    P 35e     466663342910 9 711    69.0   71.0
 21 6140.975162 1.085E-29 4.828E-02.07550.102 3421.49590.69-.005392       5 1 1 14       2 1 1 02                    R 14f     466663342910 9 711    31.0   29.0
 21 6140.980388 1.705E-30 1.326E-06.06830.086 1800.09570.74-.007190       3 2 2 13       1 0 0 01                    R 32e     566663342910 9 711    67.0   65.0
 21 6140.983545 1.979E-26 1.874E-02.06720.082 1863.75860.75-.007498       4 0 0 14       1 0 0 02                    P 38e     566663342910 9 711    75.0   77.0
 21 6141.023677 9.162E-27 6.483E-03.06810.086 1774.40790.74-.007255       3 2 2 13       0 2 2 01                    P 33f     566663342910 9 711    65.0   67.0
 21 6141.067510 5.593E-27 6.851E-03.06270.070 2004.66030.72-.008425       3 1 1 13       0 1 1 01                    P 58f     565553342910 9 711   115.0  117.0
 21 6141.092761 4.641E-28 5.557E-03.08200.112 2025.21880.68-.005678       3 3 3 13       0 3 3 01                    P  7e     466663342910 9 711    13.0   15.0
 21 6141.113254 3.165E-29 1.505E-02.08200.112 2782.65110.68-.005678       4 2 2 13       1 2 2 01                    P  7f     566663342910 9 711    13.0   15.0
 21 6141.144571 1.354E-30 1.432E-02.06990.091 3717.48310.73-.006636       4 3 3 13       1 3 3 01                    R 26f     466663342910 9 711    55.0   53.0
 21 6141.144930 1.546E-28 1.840E-02.07260.097 2733.93840.71-.005959       4 2 2 14       1 2 2 02                    R 19f     566663342910 9 711    41.0   39.0
 21 6141.158774 1.034E-30 6.122E-05.06650.078 2745.12380.75-.007815       3 3 3 13       0 3 3 01                    Q 43e     466563342910 9 711    87.0   87.0
 21 6141.161082 2.661E-28 5.799E-02.07130.095 2868.22710.71-.006705       5 0 0 14       2 0 0 02                    P 22e     566663342910 9 711    43.0   45.0
 21 6141.175067 4.639E-28 1.645E-02.06750.084 2597.89790.74-.007401       4 1 1 13       1 1 1 01                    P 36f     566663342910 9 711    71.0   73.0
 21 6141.301182 1.190E-27 1.198E-05.06580.073  994.19130.74-.008465       2 2 2 13       0 0 0 01                    R 50e     566553342910 9 711   103.0  101.0
 21 6141.324189 3.005E-27 1.934E-02.07870.108 1975.55420.68-.005968       4 1 1 14       1 1 1 02                    P 10f     566663342910 9 711    19.0   21.0
 21 6141.411518 1.092E-29 4.827E-02.07480.101 3432.95600.69-.005513       5 1 1 14       2 1 1 02                    R 15e     466663342910 9 711    33.0   31.0
 21 6141.413035 1.245E-30 6.405E-05.06660.079 2711.42410.75-.007756       3 3 3 13       0 3 3 01                    Q 42f     466563342910 9 711    85.0   85.0
 21 6141.496618 5.176E-28 1.638E-02.06770.084 2568.57240.74-.007353       4 1 1 13       1 1 1 01                    P 35e     566663342910 9 711    69.0   71.0
 21 6141.551265 2.989E-29 6.029E-03.07130.095 2870.57770.72-.006262       3 4 4 13       0 4 4 01                    R 22e     466663342910 9 711    47.0   45.0
 21 6141.660398 1.496E-30 6.717E-05.06680.080 2678.50580.75-.007697       3 3 3 13       0 3 3 01                    Q 41e     466563342910 9 711    83.0   83.0
 21 6141.753994 1.266E-30 1.432E-02.06960.090 3738.65190.73-.006725       4 3 3 13       1 3 3 01                    R 27e     466663342910 9 711    57.0   55.0
 21 6141.805864 1.508E-28 1.847E-02.07220.096 2749.61350.71-.006063       4 2 2 14       1 2 2 02                    R 20e     566663342910 9 711    43.0   41.0
 21 6141.902448 1.791E-30 7.049E-05.06690.080 2646.36960.75-.007637       3 3 3 13       0 3 3 01                    Q 40f     466663342910 9 711    81.0   81.0
 21 6141.912419 3.755E-28 5.175E-03.08340.114 2019.72570.68-.005557       3 3 3 13       0 3 3 01                    P  6f     466663342910 9 711    11.0   13.0
 21 6141.938152 2.698E-29 1.477E-02.08340.114 2777.16960.68-.005557       4 2 2 13       1 2 2 01                    P  6e     566663342910 9 711    11.0   13.0
 21 6141.997185 2.045E-28 1.118E-06.06620.076  843.03010.74-.006780       4 1 1 02       0 0 0 01                    P 46e     536563342910 9 711    91.0   93.0
 21 6142.018676 1.007E-26 6.487E-03.06830.087 1748.57800.74-.007206       3 2 2 13       0 2 2 01                    P 32e     566663342910 9 711    63.0   65.0
 21 6142.055758 3.222E-28 3.134E-02.07310.098 2682.10480.70-.005853       5 0 0 15       2 0 0 03                    R 18e     566663342910 9 711    39.0   37.0
 21 6142.116277 2.805E-27 1.942E-02.07970.109 1967.63600.68-.005881       4 1 1 14       1 1 1 02                    P  9e     566663342910 9 711    17.0   19.0
 21 6142.137872 2.138E-30 7.409E-05.06700.081 2615.01510.75-.007577       3 3 3 13       0 3 3 01                    Q 39e     466663342910 9 711    79.0   79.0
 21 6142.168962 8.705E-30 1.787E-06.07550.102 1367.40260.69-.004586       5 1 1 03       1 0 0 02                    R 14e     436663343010 9 711    31.0   29.0
 21 6142.209103 1.000E-26 6.694E-03.06420.071 1869.26490.73-.008292       3 1 1 13       0 1 1 01                    P 55e     565553342910 9 711   109.0  111.0
 21 6142.210744 2.864E-29 6.051E-03.07090.094 2888.65250.72-.006359       3 4 4 13       0 4 4 01                    R 23f     466663342910 9 711    49.0   47.0
 21 6142.297982 1.390E-28 1.188E-02.08850.118 2353.78850.69-.003500       3 0 0 23       0 0 0 11                    R  3e     466663342910 9 711     9.0    7.0
 21 6142.310162 1.778E-30 1.683E-06.06790.084 1852.34660.74-.007349       3 2 2 13       1 0 0 01                    R 34e     566663342910 9 711    71.0   69.0
 21 6142.318328 1.097E-29 4.866E-02.07420.100 3445.74460.70-.005630       5 1 1 14       2 1 1 02                    R 16f     466663342910 9 711    35.0   33.0
 21 6142.330115 7.254E-28 7.988E-03.05750.064 2523.02190.65-.009323       3 0 0 13       0 0 0 01                    P 80e     985553344510 9 711   159.0  161.0
 21 6142.358550 1.106E-29 1.299E-04.06830.087 2345.92090.74-.006224       5 2 2 03       1 1 1 02                    P 32f     466663342910 9 711    63.0   65.0
 21 6142.367785 2.543E-30 7.793E-05.06720.082 2584.44300.75-.007516       3 3 3 13       0 3 3 01                    Q 38f     466663342910 9 711    77.0   77.0
 21 6142.369320 1.181E-30 1.436E-02.06930.089 3760.60400.73-.006812       4 3 3 13       1 3 3 01                    R 28f     466663342910 9 711    59.0   57.0
 21 6142.447329 1.461E-28 1.852E-02.07170.095 2766.06710.71-.006164       4 2 2 14       1 2 2 02                    R 21f     566663342910 9 711    45.0   43.0
 21 6142.499963 1.033E-29 1.327E-04.06810.086 2370.69800.74-.006264       5 2 2 03       1 1 1 02                    P 33e     466663342910 9 711    65.0   67.0
 21 6142.500723 3.052E-28 1.854E-02.06170.069 2814.74520.72-.008513       4 0 0 13       1 0 0 01                    P 60e     565553342910 9 711   119.0  121.0
 21 6142.537791 3.478E-30 2.192E-03.06750.084 3189.80160.74-.006384       6 1 1 03       2 0 0 02                    P 36e     466663342910 9 711    71.0   73.0
 21 6142.591274 3.017E-30 8.214E-05.06730.083 2554.65300.74-.007454       3 3 3 13       0 3 3 01                    Q 37e     466663342910 9 711    75.0   75.0
 21 6142.594198 1.126E-30 2.434E-05.06720.082 2512.61220.75-.007516       4 1 1 14       1 1 1 02                    Q 38f     566663342910 9 711    77.0   77.0
 21 6142.599120 3.212E-30 2.098E-09.06930.089  316.76990.73-.005900       3 3 3 02       0 0 0 01                    R 28e     466663342910 9 711    59.0   57.0
 21 6142.671369 4.770E-29 2.688E-02.06930.090 3114.24430.73-.007009       5 0 0 13       2 0 0 01                    P 28e     566663342910 9 711    55.0   57.0
 21 6142.683669 9.800E-28 1.403E-05.06530.072 1074.43060.73-.008587       2 2 2 13       0 0 0 01                    R 52e     565553342910 9 711   107.0  105.0
 21 6142.684777 1.087E-29 4.858E-02.07370.099 3458.69340.70-.005743       5 1 1 14       2 1 1 02                    R 17e     466663342910 9 711    37.0   35.0
 21 6142.726266 2.734E-28 4.502E-03.08490.116 2015.01730.69-.005417       3 3 3 13       0 3 3 01                    P  5e     466663342910 9 711     9.0   11.0
 21 6142.756067 2.175E-29 1.423E-02.08490.116 2772.47110.69-.005417       4 2 2 13       1 2 2 01                    P  5f     566663342910 9 711     9.0   11.0
 21 6142.809113 3.567E-30 8.666E-05.06750.084 2525.64550.74-.007392       3 3 3 13       0 3 3 01                    Q 36f     466663342910 9 711    73.0   73.0
 21 6142.864922 2.728E-29 6.070E-03.07060.093 2907.51260.72-.006453       3 4 4 13       0 4 4 01                    R 24e     466663342910 9 711    51.0   49.0
 21 6142.963804 1.092E-30 1.435E-02.06900.088 3783.33910.74-.006898       4 3 3 13       1 3 3 01                    R 29e     466663342910 9 711    61.0   59.0
 21 6142.977511 1.101E-26 6.487E-03.06850.088 1723.52920.74-.007157       3 2 2 13       0 2 2 01                    P 31f     566663342910 9 711    61.0   63.0
 21 6142.986808 2.571E-27 1.951E-02.08080.111 1960.67110.68-.005785       4 1 1 14       1 1 1 02                    P  8f     566663342910 9 711    15.0   17.0
 21 6143.014016 2.481E-26 1.868E-02.06750.084 1805.25230.74-.007401       4 0 0 14       1 0 0 02                    P 36e     566663342910 9 711    71.0   73.0
 21 6143.020677 4.205E-30 9.157E-05.06770.084 2497.42030.74-.007329       3 3 3 13       0 3 3 01                    Q 35e     466663342910 9 711    71.0   71.0
 21 6143.077152 2.853E-28 5.829E-02.07220.097 2834.73550.71-.006601       5 0 0 14       2 0 0 02                    P 20e     566663342910 9 711    39.0   41.0
 21 6143.098388 1.408E-28 1.859E-02.07130.095 2783.30940.72-.006262       4 2 2 14       1 2 2 02                    R 22e     566663342910 9 711    47.0   45.0
 21 6143.225547 5.740E-28 1.648E-02.06790.085 2542.37180.74-.007304       4 1 1 13       1 1 1 01                    P 34f     566663342910 9 711    67.0   69.0
 21 6143.226497 4.942E-30 9.692E-05.06790.085 2469.97800.74-.007265       3 3 3 13       0 3 3 01                    Q 34f     466663342910 9 711    69.0   69.0
 21 6143.285668 1.585E-30 2.718E-05.06750.084 2453.92450.74-.007392       4 1 1 14       1 1 1 02                    Q 36f     566663342910 9 711    73.0   73.0
 21 6143.306845 8.326E-27 6.834E-03.06380.070 1914.87870.73-.008337       3 1 1 13       0 1 1 01                    P 56f     565553342910 9 711   111.0  113.0
 21 6143.369789 3.082E-28 3.154E-02.07220.096 2712.60060.71-.006063       5 0 0 15       2 0 0 03                    R 20e     566663342910 9 711    43.0   41.0
 21 6143.426151 5.791E-30 1.028E-04.06810.086 2443.31820.74-.007200       3 3 3 13       0 3 3 01                    Q 33e     466663342910 9 711    67.0   67.0
 21 6143.513818 2.584E-29 6.089E-03.07020.092 2927.15780.73-.006545       3 4 4 13       0 4 4 01                    R 25f     466663342910 9 711    53.0   51.0
 21 6143.534300 1.525E-28 3.169E-03.08660.118 2011.09350.69-.005249       3 3 3 13       0 3 3 01                    P  4f     466663342910 9 711     7.0    9.0
 21 6143.567035 1.585E-29 1.308E-02.08660.118 2768.55570.69-.005249       4 2 2 13       1 2 2 01                    P  4e     566663342910 9 711     7.0    9.0
 21 6143.614995 6.346E-28 1.642E-02.06810.086 2514.73720.74-.007255       4 1 1 13       1 1 1 01                    P 33e     566663342910 9 711    65.0   67.0
 21 6143.619999 6.766E-30 1.091E-04.06830.087 2417.44150.74-.007135       3 3 3 13       0 3 3 01                    Q 32f     466663342910 9 711    65.0   65.0
 21 6143.620138 1.047E-29 2.142E-06.07420.100 1391.60780.70-.004800       5 1 1 03       1 0 0 02                    R 16e     466663342910 9 711    35.0   33.0
 21 6143.625101 1.799E-30 2.111E-06.06750.083 1907.71230.74-.007504       3 2 2 13       1 0 0 01                    R 36e     566663342910 9 711    75.0   73.0
 21 6143.634260 1.076E-29 4.895E-02.07310.098 3473.12090.70-.005853       5 1 1 14       2 1 1 02                    R 18f     466663342910 9 711    39.0   37.0
 21 6143.646228 2.341E-28 9.487E-07.06640.077  772.11070.74-.006702       4 1 1 02       0 0 0 01                    P 44e     536563342910 9 711    87.0   89.0
 21 6143.724518 1.349E-28 1.865E-02.07090.094 2801.32800.72-.006359       4 2 2 14       1 2 2 02                    R 23f     566663342910 9 711    49.0   47.0
 21 6143.773638 2.020E-28 1.237E-02.08490.114 2360.75690.68-.003960       3 0 0 23       0 0 0 11                    R  5e     466663342910 9 711    13.0   11.0
 21 6143.788432 2.310E-27 1.962E-02.08200.112 1954.35140.68-.005678       4 1 1 14       1 1 1 02                    P  7e     566663342910 9 711    13.0   15.0
 21 6143.807763 7.883E-30 1.161E-04.06850.088 2392.34760.74-.007069       3 3 3 13       0 3 3 01                    Q 31e     466663342910 9 711    63.0   63.0
 21 6143.924970 1.052E-29 4.884E-02.07260.097 3487.54910.71-.005959       5 1 1 14       2 1 1 02                    R 19e     466663342910 9 711    41.0   39.0
 21 6143.939942 2.204E-30 3.052E-05.06790.085 2398.36040.74-.007265       4 1 1 14       1 1 1 02                    Q 34f     566663342910 9 711    69.0   69.0
 21 6143.956710 1.199E-26 6.493E-03.06880.088 1699.26250.74-.007108       3 2 2 13       0 2 2 01                    P 30e     566663342910 9 711    59.0   61.0
 21 6143.989680 9.159E-30 1.238E-04.06880.088 2368.03680.74-.007003       3 3 3 13       0 3 3 01                    Q 30f     466663342910 9 711    61.0   61.0
 21 6144.032041 1.168E-29 1.154E-04.06880.088 2296.60700.74-.006144       5 2 2 03       1 1 1 02                    P 30f     466663342910 9 711    59.0   61.0
 21 6144.058164 7.899E-28 1.636E-05.06470.071 1157.77410.73-.008706       2 2 2 13       0 0 0 01                    R 54e     565553342910 9 711   111.0  109.0
 21 6144.071759 1.107E-29 1.185E-04.06850.088 2319.94220.74-.006184       5 2 2 03       1 1 1 02                    P 31e     466663342910 9 711    61.0   63.0
 21 6144.157406 2.434E-29 6.105E-03.06990.091 2947.58800.73-.006636       3 4 4 13       0 4 4 01                    R 26e     466663342910 9 711    55.0   53.0
 21 6144.165575 1.061E-29 1.323E-04.06900.089 2344.50930.73-.006935       3 3 3 13       0 3 3 01                    Q 29e     466663342910 9 711    59.0   59.0
 21 6144.173828 4.031E-30 2.059E-03.06790.085 3134.53170.74-.006304       6 1 1 03       2 0 0 02                    P 34e     466663342910 9 711    67.0   69.0
 21 6144.335600 1.226E-29 1.417E-04.06930.090 2321.76500.73-.006867       3 3 3 13       0 3 3 01                    Q 28f     466663342910 9 711    57.0   57.0
 21 6144.362958 3.938E-30 3.014E-09.06880.088  362.78830.74-.006052       3 3 3 02       0 0 0 01                    R 30e     466663342910 9 711    63.0   61.0
 21 6144.366386 1.285E-28 1.871E-02.07060.093 2820.13750.72-.006453       4 2 2 14       1 2 2 02                    R 24e     566663342910 9 711    51.0   49.0
 21 6144.371032 8.944E-30 1.018E-02.08850.120 2765.42340.70-.005032       4 2 2 13       1 2 2 01                    P  3f     566663342910 9 711     5.0    7.0
 21 6144.499646 1.414E-29 1.522E-04.06960.091 2299.80410.73-.006797       3 3 3 13       0 3 3 01                    Q 27e     466663342910 9 711    55.0   55.0
 21 6144.557076 3.028E-30 3.451E-05.06830.087 2345.92090.74-.007135       4 1 1 14       1 1 1 02                    Q 32f     566663342910 9 711    65.0   65.0
 21 6144.566433 1.454E-26 6.690E-03.06500.072 1784.28080.73-.008202       3 1 1 13       0 1 1 01                    P 53e     565553342910 9 711   105.0  107.0
 21 6144.626880 2.018E-27 1.973E-02.08340.114 1948.92090.68-.005557       4 1 1 14       1 1 1 02                    P  6f     566663342910 9 711    11.0   13.0
 21 6144.657813 1.625E-29 1.638E-04.06990.092 2278.62670.73-.006727       3 3 3 13       0 3 3 01                    Q 26f     466663342910 9 711    53.0   53.0
 21 6144.658446 2.878E-28 3.175E-02.07130.095 2746.22160.72-.006262       5 0 0 15       2 0 0 03                    R 22e     566663342910 9 711    47.0   45.0
 21 6144.727353 5.473E-29 2.701E-02.06990.092 3071.29380.73-.006909       5 0 0 13       2 0 0 01                    P 26e     566663342910 9 711    51.0   53.0
 21 6144.795725 2.280E-29 6.119E-03.06960.090 2968.80320.73-.006725       3 4 4 13       0 4 4 01                    R 27f     466663342910 9 711    57.0   55.0
 21 6144.810034 1.864E-29 1.768E-04.07020.093 2258.23290.72-.006656       3 3 3 13       0 3 3 01                    Q 25e     566663342910 9 711    51.0   51.0
 21 6144.906455 1.298E-26 6.493E-03.06900.089 1675.77720.73-.007058       3 2 2 13       0 2 2 01                    P 29f     566663342910 9 711    57.0   59.0
 21 6144.922848 1.029E-29 4.927E-02.07220.096 3503.62430.71-.006063       5 1 1 14       2 1 1 02                    R 20f     466663342910 9 711    43.0   41.0
 21 6144.924944 1.769E-30 2.620E-06.06720.081 1966.19230.75-.007653       3 2 2 13       1 0 0 01                    R 38e     566663342910 9 711    79.0   77.0
 21 6144.956372 2.134E-29 1.915E-04.07060.094 2238.62270.72-.006583       3 3 3 13       0 3 3 01                    Q 24f     566663342910 9 711    49.0   49.0
 21 6144.959116 2.983E-28 5.862E-02.07310.099 2804.35760.70-.006493       5 0 0 14       2 0 0 02                    P 18e     566663342910 9 711    35.0   37.0
 21 6144.976375 1.217E-28 1.876E-02.07020.092 2839.72040.73-.006545       4 2 2 14       1 2 2 02                    R 25f     566663342910 9 711    53.0   51.0
 21 6145.017472 3.056E-26 1.864E-02.06790.085 1749.86000.74-.007304       4 0 0 14       1 0 0 02                    P 34e     566663342910 9 711    67.0   69.0
 21 6145.058122 1.323E-29 2.776E-06.07310.098 1418.93480.70-.005000       5 1 1 03       1 0 0 02                    R 18e     466663342910 9 711    39.0   37.0
 21 6145.080070 1.282E-27 7.953E-03.05770.065 2399.46790.66-.009248       3 0 0 13       0 0 0 01                    P 78e     985553344510 9 711   155.0  157.0
 21 6145.096789 2.437E-29 2.081E-04.07090.095 2219.79630.72-.006510       3 3 3 13       0 3 3 01                    Q 23e     566663342910 9 711    47.0   47.0
 21 6145.122398 4.642E-28 1.861E-02.06270.070 2722.07220.72-.008425       4 0 0 13       1 0 0 01                    P 58e     565553342910 9 711   115.0  117.0
 21 6145.132030 9.923E-30 4.905E-02.07170.095 3519.52250.71-.006164       5 1 1 14       2 1 1 02                    R 21e     466663342910 9 711    45.0   43.0
 21 6145.137125 4.112E-30 3.930E-05.06880.088 2296.60700.74-.007003       4 1 1 14       1 1 1 02                    Q 30f     566663342910 9 711    61.0   61.0
 21 6145.222671 2.572E-28 1.265E-02.08200.111 2370.82230.68-.004355       3 0 0 23       0 0 0 11                    R  7e     466663342910 9 711    17.0   15.0
 21 6145.231326 2.778E-29 2.270E-04.07130.095 2201.75370.71-.006435       3 3 3 13       0 3 3 01                    Q 22f     566663342910 9 711    45.0   45.0
 21 6145.247638 6.971E-28 1.651E-02.06830.087 2489.96950.74-.007206       4 1 1 13       1 1 1 01                    P 32f     566663342910 9 711    63.0   65.0
 21 6145.293153 2.633E-28 8.048E-07.06660.079  704.30050.75-.006623       4 1 1 02       0 0 0 01                    P 42e     536563342910 9 711    83.0   85.0
 21 6145.359961 3.161E-29 2.485E-04.07170.096 2184.49500.71-.006358       3 3 3 13       0 3 3 01                    Q 21e     566663342910 9 711    43.0   43.0
 21 6145.412586 1.094E-30 3.217E-04.07260.098 2909.49430.70-.006200       4 2 2 13       1 2 2 01                    Q 19f     566663342910 9 711    39.0   39.0
 21 6145.424440 6.230E-28 1.896E-05.06380.070 1244.22040.72-.008823       2 2 2 13       0 0 0 01                    R 56e     565553342910 9 711   115.0  113.0
 21 6145.428723 2.125E-29 6.132E-03.06930.089 2990.80330.73-.006812       3 4 4 13       0 4 4 01                    R 28e     466663342910 9 711    59.0   57.0
 21 6145.431499 1.700E-27 1.986E-02.08490.116 1944.19240.69-.005417       4 1 1 14       1 1 1 02                    P  5e     566663342910 9 711     9.0   11.0
 21 6145.482720 3.590E-29 2.733E-04.07220.097 2168.02030.71-.006280       3 3 3 13       0 3 3 01                    Q 20f     566663342910 9 711    41.0   41.0
 21 6145.520743 1.220E-26 6.822E-03.06470.071 1828.20620.73-.008247       3 1 1 13       0 1 1 01                    P 54f     565553342910 9 711   107.0  109.0
 21 6145.548931 1.241E-30 3.578E-04.07310.099 2894.61740.70-.006118       4 2 2 13       1 2 2 01                    Q 18e     566663342910 9 711    37.0   37.0
 21 6145.599593 4.072E-29 3.019E-04.07260.098 2152.32960.70-.006200       3 3 3 13       0 3 3 01                    Q 19e     466663342910 9 711    39.0   39.0
 21 6145.609849 1.147E-28 1.881E-02.06990.091 2860.09700.73-.006636       4 2 2 14       1 2 2 02                    R 26e     566663342910 9 711    55.0   53.0
 21 6145.641790 1.154E-29 1.049E-04.06900.089 2272.30520.73-.006104       5 2 2 03       1 1 1 02                    P 29e     466663342910 9 711    57.0   59.0
 21 6145.671876 1.405E-30 3.999E-04.07370.100 2880.52630.70-.006033       4 2 2 13       1 2 2 01                    Q 17f     566663342910 9 711    35.0   35.0
 21 6145.680136 5.523E-30 4.514E-05.06930.090 2250.41970.73-.006867       4 1 1 14       1 1 1 02                    Q 28f     566663342910 9 711    57.0   57.0
 21 6145.699444 1.198E-29 1.015E-04.06930.090 2250.41970.73-.006064       5 2 2 03       1 1 1 02                    P 28f     466663342910 9 711    55.0   57.0
 21 6145.700140 7.635E-28 1.647E-02.06850.088 2464.01850.74-.007157       4 1 1 13       1 1 1 01                    P 31e     566663342910 9 711    61.0   63.0
 21 6145.700404 1.180E-30 2.262E-02.08660.116 3508.50670.69-.003737       5 1 1 13       2 1 1 01                    R  4f     466663342910 9 711    11.0    9.0
 21 6145.710596 4.614E-29 3.354E-04.07310.099 2137.42310.70-.006118       3 3 3 13       0 3 3 01                    Q 18f     466663342910 9 711    37.0   37.0
 21 6145.792898 1.590E-30 4.500E-04.07420.101 2867.21520.69-.005946       4 2 2 13       1 2 2 01                    Q 16e     566663342910 9 711    33.0   33.0
 21 6145.804667 4.550E-30 1.919E-03.06830.087 3082.37080.74-.006224       6 1 1 03       2 0 0 02                    P 32e     466663342910 9 711    63.0   65.0
 21 6145.815726 5.223E-29 3.748E-04.07370.100 2123.30070.70-.006033       3 3 3 13       0 3 3 01                    Q 17e     466663342910 9 711    35.0   35.0
 21 6145.870464 1.399E-26 6.497E-03.06930.090 1653.07420.73-.007009       3 2 2 13       0 2 2 01                    P 28e     566663342910 9 711    55.0   57.0
 21 6145.902905 1.799E-30 5.100E-04.07480.102 2854.68880.69-.005855       4 2 2 13       1 2 2 01                    Q 15f     566663342910 9 711    31.0   31.0
 21 6145.914994 5.910E-29 4.215E-04.07420.101 2109.96260.69-.005946       3 3 3 13       0 3 3 01                    Q 16f     466663342910 9 711    33.0   33.0
 21 6145.921493 2.628E-28 3.195E-02.07060.093 2782.96710.72-.006453       5 0 0 15       2 0 0 03                    R 24e     566663342910 9 711    51.0   49.0
 21 6146.008398 6.686E-29 4.776E-04.07480.102 2097.40880.69-.005855       3 3 3 13       0 3 3 01                    Q 15e     466663342910 9 711    31.0   31.0
 21 6146.009015 2.036E-30 5.827E-04.07550.103 2842.94350.68-.005761       4 2 2 13       1 2 2 01                    Q 14e     566663342910 9 711    29.0   29.0
 21 6146.056473 1.970E-29 6.144E-03.06900.088 3013.58820.74-.006898       3 4 4 13       0 4 4 01                    R 29f     466663342910 9 711    61.0   59.0
 21 6146.095946 7.567E-29 5.457E-04.07550.103 2085.63930.68-.005761       3 3 3 13       0 3 3 01                    Q 14f     466663342910 9 711    29.0   29.0
 21 6146.105752 2.308E-30 6.727E-04.07620.104 2831.98220.68-.005663       4 2 2 13       1 2 2 01                    Q 13f     566663342910 9 711    27.0   27.0
 21 6146.139429 4.622E-30 4.227E-09.06830.086  411.92250.74-.006199       3 3 3 02       0 0 0 01                    R 32e     466663342910 9 711    67.0   65.0
 21 6146.177641 8.573E-29 6.295E-04.07620.104 2074.65430.68-.005663       3 3 3 13       0 3 3 01                    Q 13e     466663342910 9 711    27.0   27.0
 21 6146.183975 9.600E-30 4.954E-02.07130.095 3537.25420.72-.006262       5 1 1 14       2 1 1 02                    R 22f     466663342910 9 711    47.0   45.0
 21 6146.186155 7.341E-30 5.235E-05.06990.092 2207.35980.73-.006727       4 1 1 14       1 1 1 02                    Q 26f     566663342910 9 711    53.0   53.0
 21 6146.197269 2.619E-30 7.847E-04.07700.105 2821.80280.68-.005559       4 2 2 13       1 2 2 01                    Q 12e     566663342910 9 711    25.0   25.0
 21 6146.202774 1.075E-28 1.886E-02.06960.090 2881.24350.73-.006725       4 2 2 14       1 2 2 02                    R 27f     566663342910 9 711    57.0   55.0
 21 6146.209408 1.691E-30 3.217E-06.06690.080 2027.78570.75-.007799       3 2 2 13       1 0 0 01                    R 40e     566663342910 9 711    83.0   81.0
 21 6146.244407 1.354E-27 1.996E-02.08660.118 1940.30390.69-.005249       4 1 1 14       1 1 1 02                    P  4f     566663342910 9 711     7.0    9.0
 21 6146.253486 9.730E-29 7.344E-04.07700.105 2064.45370.68-.005559       3 3 3 13       0 3 3 01                    Q 12f     466663342910 9 711    25.0   25.0
 21 6146.280490 2.981E-30 9.275E-04.07780.107 2812.40680.68-.005449       4 2 2 13       1 2 2 01                    Q 11f     566663342910 9 711    23.0   23.0
 21 6146.305892 9.146E-30 4.926E-02.07090.094 3554.61310.72-.006359       5 1 1 14       2 1 1 02                    R 23e     466663342910 9 711    49.0   47.0
 21 6146.323483 1.107E-28 8.675E-04.07780.107 2055.03760.68-.005449       3 3 3 13       0 3 3 01                    Q 11e     466663342910 9 711    23.0   23.0
 21 6146.357650 3.406E-30 1.113E-03.07870.108 2803.79330.68-.005332       4 2 2 13       1 2 2 01                    Q 10e     566663342910 9 711    21.0   21.0
 21 6146.387638 1.265E-28 1.041E-03.07870.108 2046.40600.68-.005332       3 3 3 13       0 3 3 01                    Q 10f     466663342910 9 711    21.0   21.0
 21 6146.399275 1.407E-30 2.326E-02.08490.114 3512.38400.68-.003960       5 1 1 13       2 1 1 01                    R  5e     466663342910 9 711    13.0   11.0
 21 6146.401395 1.085E-30 2.636E-05.06700.081 2541.66900.75-.007577       4 1 1 14       1 1 1 02                    Q 39e     566663342910 9 711    79.0   79.0
 21 6146.427177 3.913E-30 1.361E-03.07970.109 2795.96300.68-.005206       4 2 2 13       1 2 2 01                    Q  9f     566663342910 9 711    19.0   19.0
 21 6146.445951 1.453E-28 1.272E-03.07970.109 2038.55900.68-.005206       3 3 3 13       0 3 3 01                    Q  9e     466663342910 9 711    19.0   19.0
 21 6146.483011 1.589E-29 3.508E-06.07220.096 1449.38310.71-.005188       5 1 1 03       1 0 0 02                    R 20e     466663342910 9 711    43.0   41.0
 21 6146.490150 4.529E-30 1.701E-03.08080.111 2788.91550.68-.005070       4 2 2 13       1 2 2 01                    Q  8e     566663342910 9 711    17.0   17.0
 21 6146.498426 1.681E-28 1.590E-03.08080.111 2031.49660.68-.005070       3 3 3 13       0 3 3 01                    Q  8f     466663342910 9 711    17.0   17.0
 21 6146.545064 1.966E-28 2.044E-03.08200.112 2025.21880.68-.004922       3 3 3 13       0 3 3 01                    Q  7e     466663342910 9 711    15.0   15.0
 21 6146.545862 5.297E-30 2.187E-03.08200.112 2782.65110.68-.004922       4 2 2 13       1 2 2 01                    Q  7f     566663342910 9 711    15.0   15.0
 21 6146.585869 2.333E-28 2.725E-03.08340.114 2019.72570.68-.004758       3 3 3 13       0 3 3 01                    Q  6f     466663342910 9 711    13.0   13.0
 21 6146.594761 6.287E-30 2.916E-03.08340.114 2777.16960.68-.004758       4 2 2 13       1 2 2 01                    Q  6e     566663342910 9 711    13.0   13.0
 21 6146.620841 2.828E-28 3.815E-03.08490.116 2015.01730.69-.004577       3 3 3 13       0 3 3 01                    Q  5e     466663342910 9 711    11.0   11.0
 21 6146.636585 7.620E-30 4.083E-03.08490.116 2772.47110.69-.004577       4 2 2 13       1 2 2 01                    Q  5f     566663342910 9 711    11.0   11.0
 21 6146.644998 3.024E-28 1.284E-02.07970.108 2383.98440.68-.004695       3 0 0 23       0 0 0 11                    R  9e     466663342910 9 711    21.0   19.0
 21 6146.649982 3.537E-28 5.722E-03.08660.118 2011.09350.69-.004375       3 3 3 13       0 3 3 01                    Q  4f     466663342910 9 711     9.0    9.0
 21 6146.655223 9.663E-30 6.139E-05.07060.094 2167.42810.72-.006583       4 1 1 14       1 1 1 02                    Q 24f     566663342910 9 711    49.0   49.0
 21 6146.671480 9.531E-30 6.124E-03.08660.118 2768.55570.69-.004375       4 2 2 13       1 2 2 01                    Q  4e     566663342910 9 711     9.0    9.0
 21 6146.673293 4.655E-28 9.536E-03.08850.120 2007.95450.70-.004146       3 3 3 13       0 3 3 01                    Q  3e     466663342910 9 711     7.0    7.0
 21 6146.678883 1.817E-29 6.154E-03.06880.088 3037.15770.74-.006982       3 4 4 13       0 4 4 01                    R 30e     466663342910 9 711    63.0   61.0
 21 6146.699375 1.255E-29 1.021E-02.08850.120 2765.42340.70-.004146       4 2 2 13       1 2 2 01                    Q  3f     566663342910 9 711     7.0    7.0
 21 6146.705551 1.516E-30 2.897E-05.06730.083 2481.56240.74-.007454       4 1 1 14       1 1 1 02                    Q 37e     566663342910 9 711    75.0   75.0
 21 6146.720302 1.813E-29 2.042E-02.09050.123 2763.07410.69-.003886       4 2 2 13       1 2 2 01                    Q  2e     566663342910 9 711     5.0    5.0
 21 6146.746657 6.147E-29 2.715E-02.07060.094 3031.46490.72-.006808       5 0 0 13       2 0 0 01                    P 24e     566663342910 9 711    47.0   49.0
 21 6146.782247 4.812E-28 2.188E-05.06270.069 1333.76790.72-.008936       2 2 2 13       0 0 0 01                    R 58e     565553342910 9 711   119.0  117.0
 21 6146.806796 3.035E-28 5.902E-02.07420.101 2777.09410.69-.006379       5 0 0 14       2 0 0 02                    P 16e     566663342910 9 711    31.0   33.0
 21 6146.810577 1.499E-26 6.496E-03.06960.091 1631.15270.73-.006959       3 2 2 13       0 2 2 01                    P 27f     566663342910 9 711    53.0   55.0
 21 6146.828766 1.004E-28 1.893E-02.06930.089 2903.18730.73-.006812       4 2 2 14       1 2 2 02                    R 28e     566663342910 9 711    59.0   57.0
 21 6146.893437 2.080E-26 6.688E-03.06560.073 1702.40320.74-.008111       3 1 1 13       0 1 1 01                    P 51e     565553342910 9 711   101.0  103.0
 21 6146.937627 2.910E-28 6.827E-07.06690.080  639.60040.75-.006544       4 1 1 02       0 0 0 01                    P 40e     536663342910 9 711    79.0   81.0
 21 6146.992504 2.094E-30 3.205E-05.06770.084 2424.57170.74-.007329       4 1 1 14       1 1 1 02                    Q 35e     566663342910 9 711    71.0   71.0
 21 6146.994138 3.694E-26 1.860E-02.06830.087 1697.58250.74-.007206       4 0 0 14       1 0 0 02                    P 32e     566663342910 9 711    63.0   65.0
 21 6147.045461 9.784E-28 1.989E-02.08850.120 1937.15910.70-.005032       4 1 1 14       1 1 1 02                    P  3e     566663342910 9 711     5.0    7.0
 21 6147.087377 1.261E-29 7.295E-05.07130.095 2130.62550.71-.006435       4 1 1 14       1 1 1 02                    Q 22f     566663342910 9 711    45.0   45.0
 21 6147.158685 2.349E-28 3.216E-02.06990.091 2822.83620.73-.006636       5 0 0 15       2 0 0 03                    R 26e     566663342910 9 711    55.0   53.0
 21 6147.167919 1.619E-30 2.375E-02.08340.112 3517.12430.68-.004165       5 1 1 13       2 1 1 01                    R  6f     466663342910 9 711    15.0   13.0
 21 6147.210321 1.166E-29 9.185E-05.06960.091 2227.78800.73-.006023       5 2 2 03       1 1 1 02                    P 27e     466663342910 9 711    53.0   55.0
 21 6147.218455 1.019E-30 2.184E-04.05760.064 3130.81720.66-.007968       4 2 2 02       0 1 1 01                    P 79e     465553342910 9 711   157.0  159.0
 21 6147.241390 8.307E-28 1.655E-02.06880.088 2440.69170.74-.007108       4 1 1 13       1 1 1 01                    P 30f     566663342910 9 711    59.0   61.0
 21 6147.262476 2.859E-30 3.569E-05.06810.086 2370.69800.74-.007200       4 1 1 14       1 1 1 02                    Q 33e     566663342910 9 711    67.0   67.0
 21 6147.296077 1.667E-29 6.161E-03.06850.087 3061.51180.74-.007065       3 4 4 13       0 4 4 01                    R 31f     466663342910 9 711    65.0   63.0
 21 6147.360582 1.189E-29 8.814E-05.06990.092 2207.35980.73-.005983       5 2 2 03       1 1 1 02                    P 26f     466663342910 9 711    51.0   53.0
 21 6147.417519 8.755E-30 4.980E-02.07060.093 3574.01030.72-.006453       5 1 1 14       2 1 1 02                    R 24f     466663342910 9 711    51.0   49.0
 21 6147.430271 4.992E-30 1.773E-03.06880.088 3033.31960.74-.006144       6 1 1 03       2 0 0 02                    P 30e     466663342910 9 711    59.0   61.0
 21 6147.446504 8.245E-30 4.945E-02.07020.092 3592.82040.73-.006545       5 1 1 14       2 1 1 02                    R 25e     466663342910 9 711    53.0   51.0
 21 6147.478190 1.575E-30 3.916E-06.06660.078 2092.49160.75-.007940       3 2 2 13       1 0 0 01                    R 42e     566563342910 9 711    87.0   85.0
 21 6147.482652 1.634E-29 8.810E-05.07220.097 2096.95250.71-.006280       4 1 1 14       1 1 1 02                    Q 20f     566663342910 9 711    41.0   41.0
 21 6147.515677 3.861E-30 4.005E-05.06850.088 2319.94220.74-.007069       4 1 1 14       1 1 1 02                    Q 31e     566663342910 9 711    63.0   63.0
 21 6147.709390 1.757E-26 6.804E-03.06530.072 1744.64440.74-.008156       3 1 1 13       0 1 1 01                    P 52f     565553342910 9 711   103.0  105.0
 21 6147.710240 6.943E-28 1.868E-02.06380.070 2632.50220.73-.008337       4 0 0 13       1 0 0 01                    P 56e     565553342910 9 711   111.0  113.0
 21 6147.752059 9.010E-28 1.651E-02.06900.089 2416.41710.73-.007058       4 1 1 13       1 1 1 01                    P 29e     566663342910 9 711    57.0   59.0
 21 6147.752305 5.158E-30 4.533E-05.06900.089 2272.30520.73-.006935       4 1 1 14       1 1 1 02                    Q 29e     566663342910 9 711    59.0   59.0
 21 6147.759943 1.599E-26 6.500E-03.06990.092 1610.01380.73-.006909       3 2 2 13       0 2 2 01                    P 26e     566663342910 9 711    51.0   53.0
 21 6147.797298 2.232E-27 7.917E-03.05790.065 2278.99640.67-.009171       3 0 0 13       0 0 0 01                    P 76e     985553344510 9 711   151.0  153.0
 21 6147.829923 1.809E-30 2.404E-02.08200.111 3522.53380.68-.004355       5 1 1 13       2 1 1 01                    R  7e     466663342910 9 711    17.0   15.0
 21 6147.839382 5.568E-28 1.866E-02.09050.123 1934.82030.69-.004701       4 1 1 14       1 1 1 02                    P  2f     566663342910 9 711     3.0    5.0
 21 6147.841076 2.104E-29 1.084E-04.07310.099 2066.41000.70-.006118       4 1 1 14       1 1 1 02                    Q 18f     566663342910 9 711    37.0   37.0
 21 6147.894917 1.828E-29 4.348E-06.07130.095 1482.95210.72-.005367       5 1 1 03       1 0 0 02                    R 22e     466663342910 9 711    47.0   45.0
 21 6147.907899 1.523E-29 6.172E-03.06830.086 3086.65040.74-.007146       3 4 4 13       0 4 4 01                    R 32e     466663342910 9 711    67.0   65.0
 21 6147.928413 5.211E-30 5.800E-09.06790.084  464.17170.74-.006341       3 3 3 02       0 0 0 01                    R 34e     466663342910 9 711    71.0   69.0
 21 6147.972548 6.822E-30 5.180E-05.06960.091 2227.78800.73-.006797       4 1 1 14       1 1 1 02                    Q 27e     566663342910 9 711    55.0   55.0
 21 6148.023122 8.603E-29 1.903E-02.06880.088 2949.40770.74-.006982       4 2 2 14       1 2 2 02                    R 30e     566663342910 9 711    63.0   61.0
 21 6148.040520 3.364E-28 1.299E-02.07780.105 2400.24310.68-.004996       3 0 0 23       0 0 0 11                    R 11e     466663342910 9 711    25.0   23.0
 21 6148.131309 3.640E-28 2.514E-05.06170.069 1426.41530.71-.009046       2 2 2 13       0 0 0 01                    R 60e     565553342910 9 711   123.0  121.0
 21 6148.162675 2.700E-29 1.365E-04.07420.101 2038.99840.69-.005946       4 1 1 14       1 1 1 02                    Q 16f     566663342910 9 711    33.0   33.0
 21 6148.176582 8.939E-30 5.986E-05.07020.093 2186.39130.72-.006656       4 1 1 14       1 1 1 02                    Q 25e     566663342910 9 711    51.0   51.0
 21 6148.364569 1.161E-29 7.005E-05.07090.095 2148.11590.72-.006510       4 1 1 14       1 1 1 02                    Q 23e     566663342910 9 711    47.0   47.0
 21 6148.369760 2.056E-28 3.235E-02.06930.089 2865.82810.73-.006812       5 0 0 15       2 0 0 03                    R 28e     566663342910 9 711    59.0   57.0
 21 6148.447472 3.464E-29 1.771E-04.07550.103 2014.71830.68-.005761       4 1 1 14       1 1 1 02                    Q 14f     566663342910 9 711    29.0   29.0
 21 6148.514557 1.384E-29 6.179E-03.06810.085 3112.57330.74-.007226       3 4 4 13       0 4 4 01                    R 33f     466663342910 9 711    69.0   67.0
 21 6148.536662 1.498E-29 8.327E-05.07170.096 2112.96250.71-.006358       4 1 1 14       1 1 1 02                    Q 21e     566663342910 9 711    43.0   43.0
 21 6148.553872 7.277E-30 4.963E-02.06960.090 3634.14370.73-.006725       5 1 1 14       2 1 1 02                    R 27e     466663342910 9 711    57.0   55.0
 21 6148.578656 7.902E-29 1.907E-02.06850.087 2973.67900.74-.007065       4 2 2 14       1 2 2 02                    R 31f     566663342910 9 711    65.0   63.0
 21 6148.579376 3.161E-28 5.794E-07.06720.082  578.01160.75-.006464       4 1 1 02       0 0 0 01                    P 38e     536663342910 9 711    75.0   77.0
 21 6148.604827 1.985E-30 2.435E-02.08080.109 3528.87540.68-.004531       5 1 1 13       2 1 1 01                    R  8f     466663342910 9 711    19.0   17.0
 21 6148.620004 2.993E-28 5.946E-02.07550.103 2752.94520.68-.006257       5 0 0 14       2 0 0 02                    P 14e     566663342910 9 711    27.0   29.0
 21 6148.623358 7.814E-30 5.005E-02.06990.091 3613.89170.73-.006636       5 1 1 14       2 1 1 02                    R 26f     466663342910 9 711    55.0   53.0
 21 6148.689942 1.696E-26 6.502E-03.07020.093 1589.65660.72-.006858       3 2 2 13       0 2 2 01                    P 25f     566663342910 9 711    49.0   51.0
 21 6148.693000 1.920E-29 1.007E-04.07260.098 2080.93170.70-.006200       4 1 1 14       1 1 1 02                    Q 19e     566663342910 9 711    39.0   39.0
 21 6148.695484 4.460E-29 2.387E-04.07700.105 1993.57010.68-.005559       4 1 1 14       1 1 1 02                    Q 12f     566663342910 9 711    25.0   25.0
 21 6148.729152 6.752E-29 2.728E-02.07130.095 2994.75810.71-.006705       5 0 0 13       2 0 0 01                    P 22e     566663342910 9 711    43.0   45.0
 21 6148.730962 1.431E-30 4.732E-06.06640.077 2160.30910.74-.008076       3 2 2 13       1 0 0 01                    R 44e     566563342910 9 711    91.0   89.0
 21 6148.777592 1.141E-29 7.954E-05.07020.093 2186.39130.72-.005943       5 2 2 03       1 1 1 02                    P 25e     466663342910 9 711    49.0   51.0
 21 6148.828043 1.523E-30 1.426E-04.05790.065 2952.34500.67-.007870       4 2 2 02       0 1 1 01                    P 76f     465553342910 9 711   151.0  153.0
 21 6148.832924 1.722E-30 2.093E-04.05780.065 3008.67980.66-.007903       4 2 2 02       0 1 1 01                    P 77e     465553342910 9 711   153.0  155.0
 21 6148.833711 2.451E-29 1.245E-04.07370.100 2052.02410.70-.006033       4 1 1 14       1 1 1 02                    Q 17e     566663342910 9 711    35.0   35.0
 21 6148.906729 5.806E-29 3.389E-04.07870.108 1975.55420.68-.005332       4 1 1 14       1 1 1 02                    Q 10f     566663342910 9 711    21.0   21.0
 21 6148.944228 4.383E-26 1.857E-02.06880.088 1648.42100.74-.007108       4 0 0 14       1 0 0 02                    P 30e     566663342910 9 711    59.0   61.0
 21 6148.958910 3.125E-29 1.581E-04.07480.102 2026.24040.69-.005855       4 1 1 14       1 1 1 02                    Q 15e     566663342910 9 711    31.0   31.0
 21 6149.015290 1.140E-29 7.556E-05.07060.094 2167.42810.72-.005902       5 2 2 03       1 1 1 02                    P 24f     466663342910 9 711    47.0   49.0
 21 6149.048645 9.082E-30 7.311E-03.09050.120 2763.07410.70-.003261       4 2 2 13       1 2 2 01                    R  2e     566663342910 9 711     7.0    5.0
 21 6149.050641 5.313E-30 1.620E-03.06930.090 2987.37880.73-.006064       6 1 1 03       2 0 0 02                    P 28e     466663342910 9 711    55.0   57.0
 21 6149.068699 3.993E-29 2.078E-04.07620.104 2003.58080.68-.005663       4 1 1 14       1 1 1 02                    Q 13e     566663342910 9 711    27.0   27.0
 21 6149.081218 7.727E-29 5.183E-04.08080.111 1960.67110.68-.005070       4 1 1 14       1 1 1 02                    Q  8f     566663342910 9 711    17.0   17.0
 21 6149.115789 1.251E-29 6.181E-03.06790.084 3139.28040.74-.007305       3 4 4 13       0 4 4 01                    R 34e     466663342910 9 711    71.0   69.0
 21 6149.163169 5.140E-29 2.855E-04.07780.107 1984.04590.68-.005449       4 1 1 14       1 1 1 02                    Q 11e     566663342910 9 711    23.0   23.0
 21 6149.190209 2.926E-26 6.685E-03.06590.074 1623.63350.74-.008019       3 1 1 13       0 1 1 01                    P 49e     566563342910 9 711    97.0   99.0
 21 6149.192900 7.234E-29 1.913E-02.06830.086 2998.75730.74-.007146       4 2 2 14       1 2 2 02                    R 32e     566663342910 9 711    67.0   65.0
 21 6149.206851 9.706E-28 1.658E-02.06930.090 2394.53920.73-.007009       4 1 1 13       1 1 1 01                    P 28f     566663342910 9 711    55.0   57.0
 21 6149.218962 1.073E-28 8.890E-04.08340.114 1948.92090.68-.004758       4 1 1 14       1 1 1 02                    Q  6f     566663342910 9 711    13.0   13.0
 21 6149.225637 2.134E-30 2.450E-02.07970.108 3535.80630.68-.004695       5 1 1 13       2 1 1 01                    R  9e     466663342910 9 711    21.0   19.0
 21 6149.242398 6.728E-29 4.177E-04.07970.109 1967.63600.68-.005206       4 1 1 14       1 1 1 02                    Q  9e     566663342910 9 711    19.0   19.0
 21 6149.293969 2.023E-29 5.303E-06.07060.093 1519.64110.72-.005537       5 1 1 03       1 0 0 02                    R 24e     466663342910 9 711    51.0   49.0
 21 6149.306452 9.086E-29 6.699E-04.08200.112 1954.35140.68-.004922       4 1 1 14       1 1 1 02                    Q  7e     566663342910 9 711    15.0   15.0
 21 6149.319968 1.628E-28 1.869E-03.08660.118 1940.30390.69-.004375       4 1 1 14       1 1 1 02                    Q  4f     566663342910 9 711     9.0    9.0
 21 6149.355383 1.305E-28 1.249E-03.08490.116 1944.19240.69-.004577       4 1 1 14       1 1 1 02                    Q  5e     566663342910 9 711    11.0   11.0
 21 6149.384242 3.097E-28 6.230E-03.09050.123 1934.82030.69-.003886       4 1 1 14       1 1 1 02                    Q  2f     566663342910 9 711     5.0    5.0
 21 6149.389233 2.145E-28 3.117E-03.08850.120 1937.15910.70-.004146       4 1 1 14       1 1 1 02                    Q  3e     566663342910 9 711     7.0    7.0
 21 6149.408029 5.619E-28 1.870E-02.09500.127 1933.25170.69-.003589       4 1 1 14       1 1 1 02                    Q  1e     566663342910 9 711     3.0    3.0
 21 6149.409124 3.585E-28 1.312E-02.07620.103 2419.59810.68-.005266       3 0 0 23       0 0 0 11                    R 13e     466663342910 9 711    29.0   27.0
 21 6149.471322 2.699E-28 2.876E-05.06080.068 1522.16110.71-.009153       2 2 2 13       0 0 0 01                    R 62e     565553342910 9 711   127.0  125.0
 21 6149.554448 1.765E-28 3.256E-02.06880.088 2911.94190.74-.006982       5 0 0 15       2 0 0 03                    R 30e     566663342910 9 711    63.0   61.0
 21 6149.625146 1.790E-26 6.507E-03.07060.094 1570.08200.72-.006808       3 2 2 13       0 2 2 01                    P 24e     566663342910 9 711    47.0   49.0
 21 6149.628280 6.290E-30 4.977E-02.06900.088 3678.58220.74-.006898       5 1 1 14       2 1 1 02                    R 29e     466663342910 9 711    61.0   59.0
 21 6149.711937 1.126E-29 6.186E-03.06770.084 3166.77170.74-.007382       3 4 4 13       0 4 4 01                    R 35f     466663342910 9 711    73.0   71.0
 21 6149.727856 6.580E-29 1.916E-02.06810.085 3024.58950.74-.007226       4 2 2 14       1 2 2 02                    R 33f     566663342910 9 711    69.0   67.0
 21 6149.729782 5.657E-30 7.806E-09.06750.083  519.53500.74-.006478       3 3 3 02       0 0 0 01                    R 36e     466663342910 9 711    75.0   73.0
 21 6149.770755 1.042E-27 1.655E-02.06960.091 2371.93370.73-.006959       4 1 1 13       1 1 1 01                    P 27e     566663342910 9 711    53.0   55.0
 21 6149.788975 1.556E-28 2.482E-03.08850.118 2007.95450.69-.003500       3 3 3 13       0 3 3 01                    R  3e     466663342910 9 711     9.0    7.0
 21 6149.801378 6.831E-30 5.029E-02.06930.089 3656.89780.73-.006812       5 1 1 14       2 1 1 02                    R 28f     466663342910 9 711    59.0   57.0
 21 6149.803820 1.617E-29 1.024E-02.08850.118 2765.42340.69-.003500       4 2 2 13       1 2 2 01                    R  3f     566663342910 9 711     9.0    7.0
 21 6149.872968 2.491E-26 6.793E-03.06580.074 1664.19460.74-.008065       3 1 1 13       0 1 1 01                    P 50f     566553342910 9 711    99.0  101.0
 21 6149.967373 1.268E-30 5.672E-06.06620.075 2231.23730.74-.008210       3 2 2 13       1 0 0 01                    R 46e     566563342910 9 711    95.0   93.0
 21 6150.011114 2.269E-30 2.473E-02.07870.107 3543.75990.68-.004850       5 1 1 13       2 1 1 01                    R 10f     466663342910 9 711    23.0   21.0
 21 6150.218163 3.373E-28 4.918E-07.06750.084  519.53500.74-.006384       4 1 1 02       0 0 0 01                    P 36e     536663342910 9 711    71.0   73.0
 21 6150.263279 1.021E-27 1.873E-02.06470.071 2546.03630.73-.008247       4 0 0 13       1 0 0 01                    P 54e     565553342910 9 711   107.0  109.0
 21 6150.302575 1.009E-29 6.192E-03.06750.083 3195.04700.74-.007458       3 4 4 13       0 4 4 01                    R 36e     466663342910 9 711    75.0   73.0
 21 6150.324054 2.576E-30 1.399E-04.05810.065 2834.65420.67-.007804       4 2 2 02       0 1 1 01                    P 74f     465553342910 9 711   147.0  149.0
 21 6150.338078 5.970E-29 1.924E-02.06790.084 3051.23520.74-.007305       4 2 2 14       1 2 2 02                    R 34e     566663342910 9 711    71.0   69.0
 21 6150.343820 1.076E-29 6.785E-05.07090.095 2148.11590.72-.005861       5 2 2 03       1 1 1 02                    P 23e     466663342910 9 711    45.0   47.0
 21 6150.398546 2.849E-28 6.002E-02.07700.105 2731.91150.68-.006122       5 0 0 14       2 0 0 02                    P 12e     566663342910 9 711    23.0   25.0
 21 6150.436294 2.864E-30 2.005E-04.05800.065 2889.62850.67-.007837       4 2 2 02       0 1 1 01                    P 75e     465553342910 9 711   149.0  151.0
 21 6150.481681 3.823E-27 7.881E-03.05810.065 2161.60910.67-.009093       3 0 0 13       0 0 0 01                    P 74e     985553344510 9 711   147.0  149.0
 21 6150.544557 2.804E-28 3.716E-03.08660.116 2011.09350.69-.003737       3 3 3 13       0 3 3 01                    R  4f     466663342910 9 711    11.0    9.0
 21 6150.544609 1.878E-26 6.509E-03.07090.095 1551.28950.72-.006757       3 2 2 13       0 2 2 01                    P 23f     566663342910 9 711    45.0   47.0
 21 6150.551998 2.231E-29 1.174E-02.08660.116 2768.55570.69-.003737       4 2 2 13       1 2 2 01                    R  4e     566663342910 9 711    11.0    9.0
 21 6150.586413 2.374E-30 2.480E-02.07780.105 3552.20150.68-.004996       5 1 1 13       2 1 1 01                    R 11e     466663342910 9 711    25.0   23.0
 21 6150.663415 1.052E-29 6.377E-05.07130.095 2130.62550.71-.005820       5 2 2 03       1 1 1 02                    P 22f     466663342910 9 711    43.0   45.0
 21 6150.665810 5.474E-30 1.462E-03.06990.092 2944.54940.73-.005983       6 1 1 03       2 0 0 02                    P 26e     466663342910 9 711    51.0   53.0
 21 6150.674719 7.245E-29 2.743E-02.07220.097 2961.17370.71-.006601       5 0 0 13       2 0 0 01                    P 20e     566663342910 9 711    39.0   41.0
 21 6150.675307 5.293E-30 4.954E-02.06850.087 3726.13530.74-.007065       5 1 1 14       2 1 1 02                    R 31e     466663342910 9 711    65.0   63.0
 21 6150.680307 2.163E-29 6.383E-06.06990.091 1559.44940.73-.005701       5 1 1 03       1 0 0 02                    R 26e     466663342910 9 711    55.0   53.0
 21 6150.712469 1.487E-28 3.278E-02.06830.086 2961.17650.74-.007146       5 0 0 15       2 0 0 03                    R 32e     566663342910 9 711    67.0   65.0
 21 6150.750682 3.687E-28 1.323E-02.07480.101 2442.04910.69-.005513       3 0 0 23       0 0 0 11                    R 15e     466663342910 9 711    33.0   31.0
 21 6150.801955 1.961E-28 3.277E-05.06010.067 1621.00360.70-.009258       2 2 2 13       0 0 0 01                    R 64e     565553342910 9 711   131.0  129.0
 21 6150.851029 5.379E-29 1.926E-02.06770.084 3078.62740.74-.007382       4 2 2 14       1 2 2 02                    R 35f     566663342910 9 711    73.0   71.0
 21 6150.867944 5.101E-26 1.855E-02.06930.090 1602.37630.73-.007009       4 0 0 14       1 0 0 02                    P 28e     566663342910 9 711    55.0   57.0
 21 6150.888250 8.999E-30 6.196E-03.06730.082 3224.10620.75-.007533       3 4 4 13       0 4 4 01                    R 37f     466663342910 9 711    77.0   75.0
 21 6150.951488 5.855E-30 5.054E-02.06880.088 3703.02790.74-.006982       5 1 1 14       2 1 1 02                    R 30f     466663342910 9 711    63.0   61.0
 21 6150.952889 5.625E-28 1.124E-02.09500.123 1933.25170.69-.003072       4 1 1 14       1 1 1 02                    R  1e     566663342910 9 711     5.0    3.0
 21 6151.144067 1.111E-27 1.662E-02.06990.092 2351.51260.73-.006909       4 1 1 13       1 1 1 01                    P 26f     566663342910 9 711    51.0   53.0
 21 6151.187049 1.097E-30 6.751E-06.06600.074 2305.27510.74-.008339       3 2 2 13       1 0 0 01                    R 48e     566563342910 9 711    99.0   97.0
 21 6151.293195 2.782E-29 1.263E-02.08490.114 2772.47110.68-.003960       4 2 2 13       1 2 2 01                    R  5f     566663342910 9 711    13.0   11.0
 21 6151.294291 3.872E-28 4.427E-03.08490.114 2015.01730.68-.003960       3 3 3 13       0 3 3 01                    R  5e     466663342910 9 711    13.0   11.0
 21 6151.386763 2.466E-30 2.500E-02.07700.104 3561.77750.68-.005134       5 1 1 13       2 1 1 01                    R 12f     466663342910 9 711    27.0   25.0
 21 6151.456841 4.048E-26 6.683E-03.06620.075 1547.97310.74-.007926       3 1 1 13       0 1 1 01                    P 47e     566563342910 9 711    93.0   95.0
 21 6151.458625 4.836E-29 1.934E-02.06750.083 3106.84060.74-.007458       4 2 2 14       1 2 2 02                    R 36e     566663342910 9 711    75.0   73.0
 21 6151.466068 1.959E-26 6.512E-03.07130.095 1533.27970.71-.006705       3 2 2 13       0 2 2 01                    P 22e     566663342910 9 711    43.0   45.0
 21 6151.468284 7.988E-30 6.199E-03.06720.081 3253.94910.75-.007607       3 4 4 13       0 4 4 01                    R 38e     466663342910 9 711    79.0   77.0
 21 6151.543400 5.929E-30 1.033E-08.06720.081  578.01160.75-.006611       3 3 3 02       0 0 0 01                    R 38e     466663342910 9 711    79.0   77.0
 21 6151.669078 4.367E-30 4.927E-02.06810.085 3776.80220.74-.007226       5 1 1 14       2 1 1 02                    R 33e     466663342910 9 711    69.0   67.0
 21 6151.728014 9.935E-28 1.429E-02.09050.120 1934.82030.70-.003261       4 1 1 14       1 1 1 02                    R  2f     566663342910 9 711     7.0    5.0
 21 6151.756232 1.181E-27 1.661E-02.07020.093 2330.56900.72-.006858       4 1 1 13       1 1 1 01                    P 25e     566663342910 9 711    49.0   51.0
 21 6151.826447 4.287E-30 1.372E-04.05840.066 2720.05720.68-.007736       4 2 2 02       0 1 1 01                    P 72f     465553342910 9 711   143.0  145.0
 21 6151.843534 1.229E-28 3.298E-02.06790.084 3013.53080.74-.007305       5 0 0 15       2 0 0 03                    R 34e     566663342910 9 711    71.0   69.0
 21 6151.853780 3.536E-28 4.176E-07.06790.085  464.17170.74-.006304       4 1 1 02       0 0 0 01                    P 34e     536663342910 9 711    67.0   69.0
 21 6151.909196 9.757E-30 5.695E-05.07170.096 2112.96250.71-.005779       5 2 2 03       1 1 1 02                    P 21e     466663342910 9 711    41.0   43.0
 21 6151.912250 2.525E-30 2.502E-02.07620.103 3571.71900.68-.005266       5 1 1 13       2 1 1 01                    R 13e     466663342910 9 711    29.0   27.0
 21 6151.948022 4.317E-29 1.936E-02.06730.082 3135.79150.75-.007533       4 2 2 14       1 2 2 02                    R 37f     566663342910 9 711    77.0   75.0
 21 6152.011651 3.473E-26 6.782E-03.06600.075 1586.85820.74-.007973       3 1 1 13       0 1 1 01                    P 48f     566563342910 9 711    95.0   97.0
 21 6152.027370 3.280E-29 1.321E-02.08340.112 2777.16960.68-.004165       4 2 2 13       1 2 2 01                    R  6e     566663342910 9 711    15.0   13.0
 21 6152.028881 4.684E-30 1.918E-04.05830.065 2773.66540.68-.007770       4 2 2 02       0 1 1 01                    P 73e     465553342910 9 711   145.0  147.0
 21 6152.038172 4.809E-28 4.876E-03.08340.112 2019.72570.68-.004165       3 3 3 13       0 3 3 01                    R  6f     466663342910 9 711    15.0   13.0
 21 6152.043532 7.058E-30 6.200E-03.06700.080 3284.57570.75-.007680       3 4 4 13       0 4 4 01                    R 39f     466663342910 9 711    81.0   79.0
 21 6152.054089 2.242E-29 7.601E-06.06930.089 1602.37630.73-.005858       5 1 1 03       1 0 0 02                    R 28e     466663342910 9 711    59.0   57.0
 21 6152.065051 3.679E-28 1.334E-02.07370.099 2467.59560.70-.005743       3 0 0 23       0 0 0 11                    R 17e     466663342910 9 711    37.0   35.0
 21 6152.073678 4.921E-30 5.076E-02.06830.086 3752.28130.74-.007146       5 1 1 14       2 1 1 02                    R 32f     466663342910 9 711    67.0   65.0
 21 6152.122846 1.397E-28 3.720E-05.05950.067 1722.94130.70-.009360       2 2 2 13       0 0 0 01                    R 66e     565553342910 9 711   135.0  133.0
 21 6152.142231 2.596E-28 6.071E-02.07870.108 2713.99330.68-.005968       5 0 0 14       2 0 0 02                    P 10e     466663342910 9 711    19.0   21.0
 21 6152.275846 5.443E-30 1.301E-03.07060.094 2904.83190.72-.005902       6 1 1 03       2 0 0 02                    P 24e     466663342910 9 711    47.0   49.0
 21 6152.304815 9.305E-30 5.283E-05.07220.097 2096.95250.71-.005737       5 2 2 03       1 1 1 02                    P 20f     466663342910 9 711    39.0   41.0
 21 6152.374628 2.032E-26 6.517E-03.07170.096 1516.05210.71-.006653       3 2 2 13       0 2 2 01                    P 21f     566663342910 9 711    41.0   43.0
 21 6152.464794 1.382E-27 1.564E-02.08850.118 1937.15910.69-.003500       4 1 1 14       1 1 1 02                    R  3e     566663342910 9 711     9.0    7.0
 21 6152.554509 3.848E-29 1.944E-02.06720.081 3165.57240.75-.007607       4 2 2 14       1 2 2 02                    R 38e     566663342910 9 711    79.0   77.0
 21 6152.583250 7.578E-29 2.759E-02.07310.099 2930.71230.70-.006493       5 0 0 13       2 0 0 01                    P 18e     566663342910 9 711    35.0   37.0
 21 6152.612945 6.208E-30 6.201E-03.06690.080 3315.98570.75-.007752       3 4 4 13       0 4 4 01                    R 40e     466663342910 9 711    83.0   81.0
 21 6152.643543 3.621E-30 5.017E-02.06770.084 3830.58190.74-.007382       5 1 1 14       2 1 1 02                    R 35e     466663342910 9 711    73.0   71.0
 21 6152.731764 2.574E-30 2.520E-02.07550.102 3582.92800.69-.005392       5 1 1 13       2 1 1 01                    R 14f     466663342910 9 711    31.0   29.0
 21 6152.754576 3.728E-29 1.361E-02.08200.111 2782.65110.68-.004355       4 2 2 13       1 2 2 01                    R  7f     566663342910 9 711    17.0   15.0
 21 6152.765478 5.820E-26 1.853E-02.06990.092 1559.44940.73-.006909       4 0 0 14       1 0 0 02                    P 26e     566663342910 9 711    51.0   53.0
 21 6152.776196 5.638E-28 5.182E-03.08200.111 2025.21880.68-.004355       3 3 3 13       0 3 3 01                    R  7e     466663342910 9 711    17.0   15.0
 21 6152.780997 1.478E-27 1.880E-02.06530.072 2462.67570.74-.008156       4 0 0 13       1 0 0 01                    P 52e     565553342910 9 711   103.0  105.0
 21 6152.947348 9.975E-29 3.320E-02.06750.083 3069.00370.74-.007458       5 0 0 15       2 0 0 03                    R 36e     566663342910 9 711    75.0   73.0
 21 6153.018675 3.404E-29 1.946E-02.06700.080 3196.08090.75-.007680       4 2 2 14       1 2 2 02                    R 39f     566663342910 9 711    81.0   79.0
 21 6153.053079 1.246E-27 1.667E-02.07060.094 2311.61270.72-.006808       4 1 1 13       1 1 1 01                    P 24f     566663342910 9 711    47.0   49.0
 21 6153.133167 6.447E-27 7.845E-03.05840.066 2047.30810.68-.009013       3 0 0 13       0 0 0 01                    P 72e     985553344510 9 711   143.0  145.0
 21 6153.168237 4.057E-30 5.096E-02.06790.084 3804.65700.74-.007305       5 1 1 14       2 1 1 02                    R 34f     466663342910 9 711    71.0   69.0
 21 6153.177831 5.435E-30 6.200E-03.06680.079 3348.17910.75-.007822       3 4 4 13       0 4 4 01                    R 41f     466563342910 9 711    85.0   83.0
 21 6153.203153 2.589E-30 2.517E-02.07480.101 3594.35850.69-.005513       5 1 1 13       2 1 1 01                    R 15e     466663342910 9 711    33.0   31.0
 21 6153.243853 1.744E-27 1.640E-02.08660.116 1940.30390.69-.003737       4 1 1 14       1 1 1 02                    R  4f     566663342910 9 711    11.0    9.0
 21 6153.282702 2.094E-26 6.520E-03.07220.097 1499.60730.71-.006601       3 2 2 13       0 2 2 01                    P 20e     566663342910 9 711    39.0   41.0
 21 6153.334794 7.014E-30 1.344E-04.05870.066 2608.55600.69-.007668       4 2 2 02       0 1 1 01                    P 70f     465553342910 9 711   139.0  141.0
 21 6153.352076 3.572E-28 1.344E-02.07260.097 2496.23730.71-.005959       3 0 0 23       0 0 0 11                    R 19e     466663342910 9 711    41.0   39.0
 21 6153.369121 6.009E-30 1.345E-08.06690.080  639.60040.75-.006740       3 3 3 02       0 0 0 01                    R 40e     466663342910 9 711    83.0   81.0
 21 6153.415487 2.259E-29 8.976E-06.06880.088 1648.42100.74-.006009       5 1 1 03       1 0 0 02                    R 30e     466663342910 9 711    63.0   61.0
 21 6153.433603 9.766E-29 4.210E-05.05910.066 1827.97240.69-.009460       2 2 2 13       0 0 0 01                    R 68e     565553342910 9 711   139.0  137.0
 21 6153.473893 8.454E-30 4.682E-05.07260.098 2080.93170.70-.005694       5 2 2 03       1 1 1 02                    P 19e     466663342910 9 711    37.0   39.0
 21 6153.474721 4.128E-29 1.390E-02.08080.109 2788.91550.68-.004531       4 2 2 13       1 2 2 01                    R  8e     566663342910 9 711    19.0   17.0
 21 6153.486036 3.639E-28 3.548E-07.06830.087  411.92250.74-.006224       4 1 1 02       0 0 0 01                    P 32e     566663342910 9 711    63.0   65.0
 21 6153.508357 6.369E-28 5.401E-03.08080.109 2031.49660.68-.004531       3 3 3 13       0 3 3 01                    R  8f     466663342910 9 711    19.0   17.0
 21 6153.582694 2.908E-30 5.038E-02.06730.082 3887.47350.75-.007533       5 1 1 14       2 1 1 02                    R 37e     466663342910 9 711    77.0   75.0
 21 6153.611079 7.535E-30 1.834E-04.05850.066 2660.79240.68-.007702       4 2 2 02       0 1 1 01                    P 71e     465553342910 9 711   141.0  143.0
 21 6153.625684 3.008E-29 1.954E-02.06690.080 3227.42970.75-.007752       4 2 2 14       1 2 2 02                    R 40e     566663342910 9 711    83.0   81.0
 21 6153.693420 5.507E-26 6.682E-03.06630.077 1475.42300.74-.007832       3 1 1 13       0 1 1 01                    P 45e     566563342910 9 711    89.0   91.0
 21 6153.708493 1.309E-27 1.666E-02.07090.095 2292.32370.72-.006757       4 1 1 13       1 1 1 01                    P 23e     566663342910 9 711    45.0   47.0
 21 6153.736593 4.738E-30 6.200E-03.06660.078 3381.15570.75-.007892       3 4 4 13       0 4 4 01                    R 42e     466563342910 9 711    87.0   85.0
 21 6153.850877 2.236E-28 6.168E-02.08080.111 2699.19090.68-.005785       5 0 0 14       2 0 0 02                    P  8e     466663342910 9 711    15.0   17.0
 21 6153.880844 5.205E-30 1.139E-03.07130.095 2868.22710.71-.005820       6 1 1 03       2 0 0 02                    P 22e     466663342910 9 711    43.0   45.0
 21 6153.939359 7.840E-30 4.278E-05.07310.099 2066.41000.70-.005651       5 2 2 03       1 1 1 02                    P 18f     466663342910 9 711    35.0   37.0
 21 6153.947465 2.080E-27 1.687E-02.08490.114 1944.19240.68-.003960       4 1 1 14       1 1 1 02                    R  5e     566663342910 9 711    13.0   11.0
 21 6154.023610 7.953E-29 3.342E-02.06720.081 3127.59400.75-.007607       5 0 0 15       2 0 0 03                    R 38e     566663342910 9 711    79.0   77.0
 21 6154.046103 2.599E-30 2.537E-02.07420.100 3607.21110.70-.005630       5 1 1 13       2 1 1 01                    R 16f     466663342910 9 711    35.0   33.0
 21 6154.062826 2.636E-29 1.955E-02.06680.079 3259.49440.75-.007822       4 2 2 14       1 2 2 02                    R 41f     566563342910 9 711    85.0   83.0
 21 6154.125609 4.762E-26 6.772E-03.06620.076 1512.63650.74-.007879       3 1 1 13       0 1 1 01                    P 46f     566563342910 9 711    91.0   93.0
 21 6154.180048 2.144E-26 6.523E-03.07260.098 1483.94500.70-.006547       3 2 2 13       0 2 2 01                    P 19f     566663342910 9 711    37.0   39.0
 21 6154.187924 4.480E-29 1.413E-02.07970.108 2795.96300.68-.004695       4 2 2 13       1 2 2 01                    R  9f     566663342910 9 711    21.0   19.0
 21 6154.234649 7.006E-28 5.565E-03.07970.108 2038.55900.68-.004695       3 3 3 13       0 3 3 01                    R  9e     466663342910 9 711    21.0   19.0
 21 6154.237302 3.273E-30 5.099E-02.06750.083 3860.15430.74-.007458       5 1 1 14       2 1 1 02                    R 36f     466663342910 9 711    75.0   73.0
 21 6154.291199 4.111E-30 6.198E-03.06650.077 3414.91540.74-.007960       3 4 4 13       0 4 4 01                    R 43f     466563342910 9 711    89.0   87.0
 21 6154.454645 7.711E-29 2.777E-02.07420.101 2903.37400.69-.006379       5 0 0 13       2 0 0 01                    P 16e     566663342910 9 711    31.0   33.0
 21 6154.459131 2.573E-30 2.530E-02.07370.099 3620.11980.70-.005743       5 1 1 13       2 1 1 01                    R 17e     466663342910 9 711    37.0   35.0
 21 6154.487592 2.292E-30 5.054E-02.06700.080 3947.47620.75-.007680       5 1 1 14       2 1 1 02                    R 39e     466663342910 9 711    81.0   79.0
 21 6154.611585 3.384E-28 1.354E-02.07170.095 2527.97370.71-.006164       3 0 0 23       0 0 0 11                    R 21e     466663342910 9 711    45.0   43.0
 21 6154.637009 6.502E-26 1.853E-02.07060.094 1519.64110.72-.006808       4 0 0 14       1 0 0 02                    P 24e     566663342910 9 711    47.0   49.0
 21 6154.672100 2.311E-29 1.965E-02.06660.078 3292.41120.75-.007892       4 2 2 14       1 2 2 02                    R 42e     566563342910 9 711    87.0   85.0
 21 6154.733803 6.696E-29 4.747E-05.05870.066 1936.09530.68-.009557       2 2 2 13       0 0 0 01                    R 70e     565553342910 9 711   143.0  141.0
 21 6154.736981 2.394E-27 1.722E-02.08340.112 1948.92090.68-.004165       4 1 1 14       1 1 1 02                    R  6f     566663342910 9 711    15.0   13.0
 21 6154.764688 2.214E-29 1.051E-05.06830.086 1697.58250.74-.006155       5 1 1 03       1 0 0 02                    R 32e     466663342910 9 711    67.0   65.0
 21 6154.839263 3.552E-30 6.196E-03.06640.077 3449.45800.74-.008028       3 4 4 13       0 4 4 01                    R 44e     466563342910 9 711    91.0   89.0
 21 6154.848683 1.128E-29 1.314E-04.05910.066 2500.15240.69-.007599       4 2 2 02       0 1 1 01                    P 68f     465553342910 9 711   135.0  137.0
 21 6154.894006 4.781E-29 1.430E-02.07870.107 2803.79330.68-.004850       4 2 2 13       1 2 2 01                    R 10e     566663342910 9 711    23.0   21.0
 21 6154.933929 1.366E-27 1.671E-02.07130.095 2274.83980.71-.006705       4 1 1 13       1 1 1 01                    P 22f     566663342910 9 711    43.0   45.0
 21 6154.955066 7.552E-28 5.691E-03.07870.107 2046.40600.68-.004850       3 3 3 13       0 3 3 01                    R 10f     466663342910 9 711    23.0   21.0
 21 6155.038059 6.951E-30 3.752E-05.07370.100 2052.02410.70-.005606       5 2 2 03       1 1 1 02                    P 17e     466663342910 9 711    33.0   35.0
 21 6155.072016 6.230E-29 3.365E-02.06690.080 3189.30040.75-.007752       5 0 0 15       2 0 0 03                    R 40e     566663342910 9 711    83.0   81.0
 21 6155.075037 2.181E-26 6.527E-03.07310.099 1469.06550.70-.006493       3 2 2 13       0 2 2 01                    P 18e     566663342910 9 711    35.0   37.0
 21 6155.080309 2.032E-29 1.989E-02.06650.077 3326.03080.74-.007960       4 2 2 14       1 2 2 02                    R 43f     436563343010 9 711    89.0   87.0
 21 6155.114757 3.674E-28 3.014E-07.06880.088  362.78830.74-.006144       4 1 1 02       0 0 0 01                    P 30e     566663342910 9 711    59.0   61.0
 21 6155.183346 1.192E-29 1.753E-04.05890.066 2551.01130.69-.007633       4 2 2 02       0 1 1 01                    P 69e     465553342910 9 711   137.0  139.0
 21 6155.206791 5.900E-30 1.726E-08.06660.078  704.30050.75-.006864       3 3 3 02       0 0 0 01                    R 42e     466563342910 9 711    87.0   85.0
 21 6155.263086 2.103E-27 1.886E-02.06580.074 2382.42160.74-.008065       4 0 0 13       1 0 0 01                    P 50e     566553342910 9 711    99.0  101.0
 21 6155.329772 2.547E-30 2.550E-02.07310.098 3634.62650.70-.005853       5 1 1 13       2 1 1 01                    R 18f     466663342910 9 711    39.0   37.0
 21 6155.358317 1.774E-30 5.068E-02.06680.079 4010.58890.75-.007822       5 1 1 14       2 1 1 02                    R 41e     466563342910 9 711    85.0   83.0
 21 6155.361487 2.358E-30 4.639E-02.06720.081 3918.77210.75-.006611       5 4 4 03       2 1 1 02                    R 38f     466663342910 9 711    79.0   77.0
 21 6155.383700 3.055E-30 6.192E-03.06630.076 3484.78330.74-.008095       3 4 4 13       0 4 4 01                    R 45f     466563342910 9 711    93.0   91.0
 21 6155.400862 2.677E-27 1.745E-02.08200.111 1954.35140.68-.004355       4 1 1 14       1 1 1 02                    R  7e     566663342910 9 711    17.0   15.0
 21 6155.480927 4.765E-30 9.774E-04.07220.097 2834.73550.71-.005737       6 1 1 03       2 0 0 02                    P 20e     466663342910 9 711    39.0   41.0
 21 6155.524322 1.779E-28 6.325E-02.08340.114 2687.50450.68-.005557       5 0 0 14       2 0 0 02                    P  6e     466663342910 9 711    11.0   13.0
 21 6155.566929 6.242E-30 3.367E-05.07420.101 2038.99840.69-.005561       5 2 2 03       1 1 1 02                    P 16f     466663342910 9 711    31.0   33.0
 21 6155.593196 5.033E-29 1.445E-02.07780.105 2812.40680.68-.004996       4 2 2 13       1 2 2 01                    R 11f     566663342910 9 711    25.0   23.0
 21 6155.627540 1.419E-27 1.672E-02.07170.096 2257.19830.71-.006653       4 1 1 13       1 1 1 01                    P 21e     566663342910 9 711    41.0   43.0
 21 6155.669603 8.009E-28 5.792E-03.07780.105 2055.03760.68-.004996       3 3 3 13       0 3 3 01                    R 11e     466663342910 9 711    25.0   23.0
 21 6155.680197 2.486E-30 2.539E-02.07260.097 3649.00250.71-.005959       5 1 1 13       2 1 1 01                    R 19e     466663342910 9 711    41.0   39.0
 21 6155.693693 1.767E-29 2.001E-02.06640.077 3360.51590.74-.008028       4 2 2 14       1 2 2 02                    R 44e     436563343010 9 711    91.0   89.0
 21 6155.751760 1.071E-26 7.809E-03.05870.066 1936.09530.69-.008933       3 0 0 13       0 0 0 01                    P 70e     985553344510 9 711   139.0  141.0
 21 6155.843396 3.132E-28 1.364E-02.07090.094 2562.80430.72-.006359       3 0 0 23       0 0 0 11                    R 23e     466663342910 9 711    49.0   47.0
 21 6155.900031 7.366E-26 6.682E-03.06650.078 1405.98470.75-.007738       3 1 1 13       0 1 1 01                    P 43e     566563342910 9 711    85.0   87.0
 21 6155.920995 2.617E-30 6.190E-03.06620.075 3520.89130.74-.008160       3 4 4 13       0 4 4 01                    R 46e     466563342910 9 711    95.0   93.0
 21 6155.960908 2.203E-26 6.531E-03.07370.100 1454.96860.70-.006437       3 2 2 13       0 2 2 01                    P 17f     566663342910 9 711    33.0   35.0
 21 6156.022991 4.505E-29 5.337E-05.05840.065 2047.30810.68-.009652       2 2 2 13       0 0 0 01                    R 72e     565553342910 9 711   147.0  145.0
 21 6156.070957 1.520E-29 1.998E-02.06630.076 3395.68880.74-.008095       4 2 2 14       1 2 2 02                    R 45f     436563343010 9 711    93.0   91.0
 21 6156.092261 4.796E-29 3.387E-02.06660.078 3254.12150.75-.007892       5 0 0 15       2 0 0 03                    R 42e     566563342910 9 711    87.0   85.0
 21 6156.101895 2.117E-29 1.223E-05.06790.084 1749.86000.74-.006296       5 1 1 03       1 0 0 02                    R 34e     466663342910 9 711    71.0   69.0
 21 6156.194829 1.350E-30 5.083E-02.06650.077 4076.81060.74-.007960       5 1 1 14       2 1 1 02                    R 43e     466563342910 9 711    89.0   87.0
 21 6156.207339 2.938E-27 1.767E-02.08080.109 1960.67110.68-.004531       4 1 1 14       1 1 1 02                    R  8f     566663342910 9 711    19.0   17.0
 21 6156.215005 6.421E-26 6.765E-03.06640.077 1441.53070.74-.007785       3 1 1 13       0 1 1 01                    P 44f     566563342910 9 711    87.0   89.0
 21 6156.262937 1.986E-30 5.021E-02.06690.080 3980.50950.75-.007752       5 1 1 14       2 1 1 02                    R 40f     466663342910 9 711    83.0   81.0
 21 6156.285177 5.234E-29 1.457E-02.07700.104 2821.80280.68-.005134       4 2 2 13       1 2 2 01                    R 12e     566663342910 9 711    27.0   25.0
 21 6156.288816 7.606E-29 2.798E-02.07550.103 2879.15940.68-.006257       5 0 0 13       2 0 0 01                    P 14e     566663342910 9 711    27.0   29.0
 21 6156.367720 1.784E-29 1.285E-04.05950.067 2394.84830.70-.007528       4 2 2 02       0 1 1 01                    P 66f     465553342910 9 711   131.0  133.0
 21 6156.378253 8.378E-28 5.874E-03.07700.104 2064.45370.68-.005134       3 3 3 13       0 3 3 01                    R 12f     466663342910 9 711    27.0   25.0
 21 6156.455407 2.231E-30 6.184E-03.06620.075 3557.78170.74-.008225       3 4 4 13       0 4 4 01                    R 47f     466563342910 9 711    97.0   95.0
 21 6156.482704 7.108E-26 1.853E-02.07130.095 1482.95210.71-.006705       4 0 0 14       1 0 0 02                    P 22e     566663342910 9 711    43.0   45.0
 21 6156.582764 2.431E-30 2.562E-02.07220.096 3665.17390.71-.006063       5 1 1 13       2 1 1 01                    R 20f     466663342910 9 711    43.0   41.0
 21 6156.601824 5.373E-30 2.913E-05.07480.102 2026.24040.69-.005514       5 2 2 03       1 1 1 02                    P 15e     466663342910 9 711    29.0   31.0
 21 6156.690392 1.295E-29 1.986E-02.06620.075 3431.74250.74-.008160       4 2 2 14       1 2 2 02                    R 46e     466563342910 9 711    95.0   93.0
 21 6156.739783 3.637E-28 2.560E-07.06930.090  316.76990.73-.006064       4 1 1 02       0 0 0 01                    P 28e     566663342910 9 711    55.0   57.0
 21 6156.746199 1.855E-29 1.673E-04.05930.067 2444.32390.70-.007564       4 2 2 02       0 1 1 01                    P 67e     465553342910 9 711   133.0  135.0
 21 6156.786649 1.463E-27 1.677E-02.07220.097 2241.19480.71-.006601       4 1 1 13       1 1 1 01                    P 20f     566663342910 9 711    39.0   41.0
 21 6156.824938 3.161E-27 1.780E-02.07970.108 1967.63600.68-.004695       4 1 1 14       1 1 1 02                    R  9e     566663342910 9 711    21.0   19.0
 21 6156.843057 2.209E-26 6.536E-03.07420.101 1441.65470.69-.006379       3 2 2 13       0 2 2 01                    P 16e     566663342910 9 711    31.0   33.0
 21 6156.866369 2.342E-30 2.548E-02.07170.095 3681.00610.71-.006164       5 1 1 13       2 1 1 01                    R 21e     466663342910 9 711    45.0   43.0
 21 6156.970345 5.387E-29 1.467E-02.07620.103 2831.98220.68-.005266       4 2 2 13       1 2 2 01                    R 13f     566663342910 9 711    29.0   27.0
 21 6156.981827 1.894E-30 6.179E-03.06600.074 3595.45440.74-.008289       3 4 4 13       0 4 4 01                    R 48e     466563342910 9 711    99.0   97.0
 21 6156.997054 1.009E-30 5.094E-02.06630.076 4146.14010.74-.008095       5 1 1 14       2 1 1 02                    R 45e     466563342910 9 711    93.0   91.0
 21 6157.034599 1.105E-29 1.985E-02.06620.075 3468.46730.74-.008225       4 2 2 14       1 2 2 02                    R 47f     466563342910 9 711    97.0   95.0
 21 6157.047312 2.837E-28 1.374E-02.07020.092 2600.72850.73-.006545       3 0 0 23       0 0 0 11                    R 25e     466663342910 9 711    53.0   51.0
 21 6157.056244 5.620E-30 2.187E-08.06640.077  772.11070.74-.006985       3 3 3 02       0 0 0 01                    R 44e     466563342910 9 711    91.0   89.0
 21 6157.076239 4.152E-30 8.192E-04.07310.099 2804.35760.70-.005651       6 1 1 03       2 0 0 02                    P 18e     466663342910 9 711    35.0   37.0
 21 6157.081009 8.660E-28 5.942E-03.07620.103 2074.65430.68-.005266       3 3 3 13       0 3 3 01                    R 13e     466663342910 9 711    29.0   27.0
 21 6157.084040 3.630E-29 3.411E-02.06640.077 3322.05600.74-.008028       5 0 0 15       2 0 0 03                    R 44e     566563342910 9 711    91.0   89.0
 21 6157.162427 1.239E-28 6.644E-02.08660.118 2678.93430.69-.005249       5 0 0 14       2 0 0 02                    P  4e     466663342910 9 711     7.0    9.0
 21 6157.187414 4.641E-30 2.556E-05.07550.103 2014.71830.68-.005464       5 2 2 03       1 1 1 02                    P 14f     466663342910 9 711    27.0   29.0
 21 6157.244652 1.560E-30 5.159E-02.06660.078 4045.36540.75-.007892       5 1 1 14       2 1 1 02                    R 42f     466563342910 9 711    87.0   85.0
 21 6157.300679 2.976E-29 5.985E-05.05810.065 2161.60910.67-.009744       2 2 2 13       0 0 0 01                    R 74e     465553342910 9 711   151.0  149.0
 21 6157.427328 1.977E-29 1.416E-05.06750.083 1805.25230.74-.006433       5 1 1 03       1 0 0 02                    R 36e     466663342910 9 711    75.0   73.0
 21 6157.506401 1.600E-30 6.169E-03.06590.074 3633.90920.74-.008352       3 4 4 13       0 4 4 01                    R 49f     466563342910 9 711   101.0   99.0
 21 6157.513374 1.501E-27 1.678E-02.07260.098 2225.19330.70-.006547       4 1 1 13       1 1 1 01                    P 19e     566663342910 9 711    37.0   39.0
 21 6157.648180 5.491E-29 1.476E-02.07550.102 2842.94350.69-.005392       4 2 2 13       1 2 2 01                    R 14e     566663342910 9 711    31.0   29.0
 21 6157.654853 3.361E-27 1.796E-02.07870.107 1975.55420.68-.004850       4 1 1 14       1 1 1 02                    R 10f     566663342910 9 711    23.0   21.0
 21 6157.662112 9.457E-30 1.999E-02.06600.074 3506.08980.74-.008289       4 2 2 14       1 2 2 02                    R 48e     466563342910 9 711    99.0   97.0
 21 6157.709339 2.942E-27 1.891E-02.06600.075 2305.27510.74-.007973       4 0 0 13       1 0 0 01                    P 48e     566563342910 9 711    95.0   97.0
 21 6157.717241 2.196E-26 6.538E-03.07480.102 1429.12360.69-.006319       3 2 2 13       0 2 2 01                    P 15f     566663342910 9 711    29.0   31.0
 21 6157.777864 8.860E-28 6.000E-03.07550.102 2085.63930.69-.005392       3 3 3 13       0 3 3 01                    R 14f     466663342910 9 711    31.0   29.0
 21 6157.805075 2.264E-30 2.572E-02.07130.095 3698.85280.72-.006262       5 1 1 13       2 1 1 01                    R 22f     466663342910 9 711    47.0   45.0
 21 6157.891529 2.773E-29 1.254E-04.06010.068 2292.64530.71-.007457       4 2 2 02       0 1 1 01                    P 64f     465553342910 9 711   127.0  129.0
 21 6157.971066 7.992E-30 1.994E-02.06590.074 3544.36470.74-.008352       4 2 2 14       1 2 2 02                    R 49f     466563342910 9 711   101.0   99.0
 21 6158.017671 2.154E-30 2.553E-02.07090.094 3716.13020.72-.006359       5 1 1 13       2 1 1 01                    R 23e     466663342910 9 711    49.0   47.0
 21 6158.021797 1.347E-30 6.164E-03.06580.073 3673.14600.74-.008414       3 4 4 13       0 4 4 01                    R 50e     466553342910 9 711   103.0  101.0
 21 6158.047050 2.701E-29 3.435E-02.06620.075 3393.10240.74-.008160       5 0 0 15       2 0 0 03                    R 46e     466563342910 9 711    95.0   93.0
 21 6158.076752 9.685E-26 6.683E-03.06680.080 1339.65920.75-.007642       3 1 1 13       0 1 1 01                    P 41e     566563342910 9 711    81.0   83.0
 21 6158.085681 7.238E-29 2.822E-02.07700.105 2858.06860.68-.006122       5 0 0 13       2 0 0 01                    P 12e     566663342910 9 711    23.0   25.0
 21 6158.165298 3.848E-30 2.169E-05.07620.104 2003.58080.68-.005412       5 2 2 03       1 1 1 02                    P 13e     466663342910 9 711    25.0   27.0
 21 6158.194546 1.182E-30 5.202E-02.06640.077 4113.33880.74-.008028       5 1 1 14       2 1 1 02                    R 44f     466563342910 9 711    91.0   89.0
 21 6158.219641 3.519E-27 1.804E-02.07780.105 1984.04590.68-.004996       4 1 1 14       1 1 1 02                    R 11e     566663342910 9 711    25.0   23.0
 21 6158.223126 2.517E-28 1.384E-02.06960.090 2641.74570.73-.006725       3 0 0 23       0 0 0 11                    R 27e     466663342910 9 711    57.0   55.0
 21 6158.279992 8.510E-26 6.757E-03.06660.079 1373.54200.75-.007690       3 1 1 13       0 1 1 01                    P 42f     566563342910 9 711    83.0   85.0
 21 6158.300208 2.837E-29 1.596E-04.05980.067 2340.73210.70-.007493       4 2 2 02       0 1 1 01                    P 65e     465553342910 9 711   129.0  131.0
 21 6158.302715 7.593E-26 1.855E-02.07220.097 1449.38310.71-.006601       4 0 0 14       1 0 0 02                    P 20e     566663342910 9 711    39.0   41.0
 21 6158.319321 5.548E-29 1.483E-02.07480.101 2854.68880.69-.005513       4 2 2 13       1 2 2 01                    R 15f     566663342910 9 711    33.0   31.0
 21 6158.337505 1.749E-26 7.773E-03.05910.066 1827.97240.69-.008851       3 0 0 13       0 0 0 01                    P 68e     985553344510 9 711   135.0  137.0
 21 6158.360965 3.527E-28 2.175E-07.06990.092  273.86800.73-.005983       4 1 1 02       0 0 0 01                    P 26e     566663342910 9 711    51.0   53.0
 21 6158.468813 8.979E-28 6.050E-03.07480.101 2097.40880.69-.005513       3 3 3 13       0 3 3 01                    R 15e     466663342910 9 711    33.0   31.0
 21 6158.536778 1.129E-30 6.157E-03.06560.072 3713.16460.74-.008476       3 4 4 13       0 4 4 01                    R 51f     465553342910 9 711   105.0  103.0
 21 6158.566344 1.929E-29 6.689E-05.05790.065 2278.99640.66-.009835       2 2 2 13       0 0 0 01                    R 76e     465553342910 9 711   155.0  153.0
 21 6158.586748 2.165E-26 6.540E-03.07550.103 1417.37550.68-.006257       3 2 2 13       0 2 2 01                    P 14e     566663342910 9 711    27.0   29.0
 21 6158.608754 6.789E-30 2.010E-02.06580.073 3583.55630.74-.008414       4 2 2 14       1 2 2 02                    R 50e     466553342910 9 711   103.0  101.0
 21 6158.611273 1.527E-27 1.682E-02.07310.099 2210.67790.70-.006493       4 1 1 13       1 1 1 01                    P 18f     566663342910 9 711    35.0   37.0
 21 6158.666940 3.415E-30 6.666E-04.07420.101 2777.09410.69-.005561       6 1 1 03       2 0 0 02                    P 16e     466663342910 9 711    31.0   33.0
 21 6158.741222 1.804E-29 1.631E-05.06720.081 1863.75860.75-.006565       5 1 1 03       1 0 0 02                    R 38e     466663342910 9 711    79.0   77.0
 21 6158.765084 6.370E-29 7.765E-02.09050.123 2673.48050.69-.004701       5 0 0 14       2 0 0 02                    P  2e     466663342910 9 711     3.0    5.0
 21 6158.800714 3.168E-30 1.849E-05.07700.105 1993.57010.68-.005357       5 2 2 03       1 1 1 02                    P 12f     466663342910 9 711    23.0   25.0
 21 6158.880188 5.686E-30 2.005E-02.06560.072 3623.37980.74-.008476       4 2 2 14       1 2 2 02                    R 51f     465553342910 9 711   105.0  103.0
 21 6158.917302 5.200E-30 2.738E-08.06620.075  843.03010.74-.007103       3 3 3 02       0 0 0 01                    R 46e     466563342910 9 711    95.0   93.0
 21 6158.980991 1.976E-29 3.459E-02.06600.074 3467.25910.74-.008289       5 0 0 15       2 0 0 03                    R 48e     466563342910 9 711    99.0   97.0
 21 6158.982958 5.560E-29 1.490E-02.07420.100 2867.21520.70-.005630       4 2 2 13       1 2 2 01                    R 16e     566663342910 9 711    35.0   33.0
 21 6158.996701 2.061E-30 2.582E-02.07060.093 3735.66270.72-.006453       5 1 1 13       2 1 1 01                    R 24f     466663342910 9 711    51.0   49.0
 21 6159.079441 3.657E-27 1.818E-02.07700.104 1993.57010.68-.005134       4 1 1 14       1 1 1 02                    R 12f     566663342910 9 711    27.0   25.0
 21 6159.134132 1.938E-30 2.559E-02.07020.092 3754.37430.73-.006545       5 1 1 13       2 1 1 01                    R 25e     466663342910 9 711    53.0   51.0
 21 6159.153843 9.022E-28 6.093E-03.07420.100 2109.96260.70-.005630       3 3 3 13       0 3 3 01                    R 16f     466663342910 9 711    35.0   33.0
 21 6159.365995 1.546E-27 1.685E-02.07370.100 2196.30940.70-.006437       4 1 1 13       1 1 1 01                    P 17e     566663342910 9 711    33.0   35.0
 21 6159.370616 2.190E-28 1.395E-02.06900.088 2685.85510.74-.006898       3 0 0 23       0 0 0 11                    R 29e     466663342910 9 711    61.0   59.0
 21 6159.419748 4.236E-29 1.222E-04.06080.068 2193.54520.71-.007385       4 2 2 02       0 1 1 01                    P 62f     465553342910 9 711   123.0  125.0
 21 6159.449077 2.114E-26 6.541E-03.07620.104 1406.41030.68-.006192       3 2 2 13       0 2 2 01                    P 13f     566663342910 9 711    25.0   27.0
 21 6159.530209 4.794E-30 2.022E-02.06530.072 3664.14070.73-.008536       4 2 2 14       1 2 2 02                    R 52e     465553342910 9 711   107.0  105.0
 21 6159.584915 3.748E-27 1.822E-02.07620.103 2003.58080.68-.005266       4 1 1 14       1 1 1 02                    R 13e     566663342910 9 711    29.0   27.0
 21 6159.640071 5.531E-29 1.496E-02.07370.099 2880.52630.70-.005743       4 2 2 13       1 2 2 01                    R 17f     566663342910 9 711    37.0   35.0
 21 6159.728571 2.498E-30 1.525E-05.07780.107 1984.04590.68-.005299       5 2 2 03       1 1 1 02                    P 11e     466663342910 9 711    21.0   23.0
 21 6159.761797 3.979E-30 2.015E-02.06500.071 3705.51100.73-.008596       4 2 2 14       1 2 2 02                    R 53f     465553342910 9 711   109.0  107.0
 21 6159.819430 1.228E-29 7.459E-05.05770.064 2399.46790.66-.009923       2 2 2 13       0 0 0 01                    R 78e     465553342910 9 711   159.0  157.0
 21 6159.832957 8.993E-28 6.132E-03.07370.099 2123.30070.70-.005743       3 3 3 13       0 3 3 01                    R 17e     466663342910 9 711    37.0   35.0
 21 6159.845169 6.595E-29 2.854E-02.07870.108 2840.10190.68-.005968       5 0 0 13       2 0 0 01                    P 10e     566663342910 9 711    19.0   21.0
 21 6159.845981 4.268E-29 1.521E-04.06040.068 2240.23760.71-.007421       4 2 2 02       0 1 1 01                    P 63e     465553342910 9 711   125.0  127.0
 21 6159.885572 1.422E-29 3.484E-02.06580.073 3544.52450.74-.008414       5 0 0 15       2 0 0 03                    R 50e     466553342910 9 711   103.0  101.0
 21 6159.978167 3.346E-28 1.846E-07.07060.094  234.08340.72-.005902       4 1 1 02       0 0 0 01                    P 24e     566663342910 9 711    47.0   49.0
 21 6160.043829 1.611E-29 1.871E-05.06690.080 1925.37750.75-.006693       5 1 1 03       1 0 0 02                    R 40e     466663342910 9 711    83.0   81.0
 21 6160.097180 7.910E-26 1.858E-02.07310.099 1418.93480.70-.006493       4 0 0 14       1 0 0 02                    P 18e     566663342910 9 711    35.0   37.0
 21 6160.119613 4.048E-27 1.897E-02.06620.076 2231.23730.74-.007879       4 0 0 13       1 0 0 01                    P 46e     566563342910 9 711    91.0   93.0
 21 6160.157644 1.835E-30 2.589E-02.06990.091 3775.60330.73-.006636       5 1 1 13       2 1 1 01                    R 26f     466663342910 9 711    55.0   53.0
 21 6160.215788 1.707E-30 2.563E-02.06960.090 3795.73790.73-.006725       5 1 1 13       2 1 1 01                    R 27e     466663342910 9 711    57.0   55.0
 21 6160.223656 1.252E-25 6.689E-03.06700.081 1276.44760.75-.007546       3 1 1 13       0 1 1 01                    P 39e     566663342910 9 711    77.0   79.0
 21 6160.253201 2.623E-30 5.230E-04.07550.103 2752.94520.68-.005464       6 1 1 03       2 0 0 02                    P 14e     466663342910 9 711    27.0   29.0
 21 6160.289444 5.463E-29 1.502E-02.07310.098 2894.61740.70-.005853       4 2 2 13       1 2 2 01                    R 18e     566663342910 9 711    39.0   37.0
 21 6160.306091 2.042E-26 6.538E-03.07700.105 1396.22820.68-.006122       3 2 2 13       0 2 2 01                    P 12e     566663342910 9 711    23.0   25.0
 21 6160.320716 1.109E-25 6.754E-03.06690.080 1308.67160.75-.007595       3 1 1 13       0 1 1 01                    P 40f     566663342910 9 711    79.0   81.0
 21 6160.406741 1.930E-30 1.250E-05.07870.108 1975.55420.68-.005235       5 2 2 03       1 1 1 02                    P 10f     466663342910 9 711    19.0   21.0
 21 6160.407827 1.551E-27 1.690E-02.07420.101 2183.28970.69-.006379       4 1 1 13       1 1 1 01                    P 16f     566663342910 9 711    31.0   33.0
 21 6160.426353 3.330E-30 2.035E-02.06470.071 3747.84150.73-.008655       4 2 2 14       1 2 2 02                    R 54e     465553342910 9 711   111.0  109.0
 21 6160.481013 3.823E-27 1.836E-02.07550.102 2014.71830.69-.005392       4 1 1 14       1 1 1 02                    R 14f     566663342910 9 711    31.0   29.0
 21 6160.489554 1.868E-28 1.405E-02.06850.087 2733.05620.74-.007065       3 0 0 23       0 0 0 11                    R 31e     466663342910 9 711    65.0   63.0
 21 6160.506132 8.898E-28 6.166E-03.07310.098 2137.42310.70-.005853       3 3 3 13       0 3 3 01                    R 18f     466663342910 9 711    39.0   37.0
 21 6160.615308 1.304E-30 1.861E-04.05950.067 3009.06770.70-.008823       3 2 2 13       1 0 0 02                    P 66e     465553342910 9 711   131.0  133.0
 21 6160.615729 2.739E-30 2.025E-02.06420.070 3790.75680.73-.008713       4 2 2 14       1 2 2 02                    R 55f     465553342910 9 711   113.0  111.0
 21 6160.621473 1.011E-30 1.743E-05.06420.071 2540.15640.73-.008473       3 2 2 13       0 2 2 01                    Q 55f     565553342910 9 711   111.0  111.0
 21 6160.760509 1.007E-29 3.512E-02.06530.072 3624.89710.73-.008536       5 0 0 15       2 0 0 03                    R 52e     465553342910 9 711   107.0  105.0
 21 6160.789774 4.678E-30 3.389E-08.06600.074  917.05730.74-.007217       3 3 3 02       0 0 0 01                    R 48e     466563342910 9 711    99.0   97.0
 21 6160.860975 1.267E-30 1.805E-05.06470.071 2497.16010.73-.008421       3 2 2 13       0 2 2 01                    Q 54e     565553342910 9 711   109.0  109.0
 21 6160.890487 2.812E-26 7.738E-03.05950.067 1722.94130.70-.008768       3 0 0 13       0 0 0 01                    P 66e     985553344510 9 711   131.0  133.0
 21 6160.920698 3.849E-27 1.836E-02.07480.101 2026.24040.69-.005513       4 1 1 14       1 1 1 02                    R 15e     566663342910 9 711    33.0   31.0
 21 6160.932537 5.359E-29 1.507E-02.07260.097 2909.49430.71-.005959       4 2 2 13       1 2 2 01                    R 19f     566663342910 9 711    41.0   39.0
 21 6160.952032 6.354E-29 1.189E-04.06170.069 2097.54970.72-.007312       4 2 2 02       0 1 1 01                    P 60f     465553342910 9 711   119.0  121.0
 21 6161.059348 7.682E-30 8.301E-05.05750.064 2523.02190.65-.010009       2 2 2 13       0 0 0 01                    R 80e     465553342910 9 711   163.0  161.0
 21 6161.102452 3.228E-29 3.894E-02.09500.127 2671.14310.69-.003111       5 0 0 14       2 0 0 02                    R  0e     466663342910 9 711     3.0    1.0
 21 6161.156434 1.949E-26 6.531E-03.07780.107 1386.82910.68-.006048       3 2 2 13       0 2 2 01                    P 11f     566663342910 9 711    21.0   23.0
 21 6161.173380 8.743E-28 6.198E-03.07260.097 2152.32960.71-.005959       3 3 3 13       0 3 3 01                    R 19e     566663342910 9 711    41.0   39.0
 21 6161.185398 1.546E-27 1.693E-02.07480.102 2170.54690.69-.006319       4 1 1 13       1 1 1 01                    P 15e     566663342910 9 711    29.0   31.0
 21 6161.262680 1.473E-30 2.567E-02.06900.088 3840.22030.74-.006898       5 1 1 13       2 1 1 01                    R 29e     466663342910 9 711    61.0   59.0
 21 6161.287909 1.601E-30 2.597E-02.06930.089 3818.67400.73-.006812       5 1 1 13       2 1 1 01                    R 28f     466663342910 9 711    59.0   57.0
 21 6161.291716 1.417E-30 9.872E-06.07970.109 1967.63600.68-.005165       5 2 2 03       1 1 1 02                    P  9e     466663342910 9 711    17.0   19.0
 21 6161.297047 2.276E-30 2.047E-02.06380.070 3834.65720.72-.008770       4 2 2 14       1 2 2 02                    R 56e     465553342910 9 711   115.0  113.0
 21 6161.298615 1.583E-30 1.872E-05.06500.072 2454.95170.73-.008369       3 2 2 13       0 2 2 01                    Q 53f     565553342910 9 711   107.0  107.0
 21 6161.335420 1.409E-29 2.140E-05.06660.078 1990.10800.75-.006817       5 1 1 03       1 0 0 02                    R 42e     466563342910 9 711    87.0   85.0
 21 6161.384163 6.311E-29 1.448E-04.06120.069 2142.84200.71-.007349       4 2 2 02       0 1 1 01                    P 61e     465553342910 9 711   121.0  123.0
 21 6161.441826 1.854E-30 2.035E-02.06320.070 3879.11560.72-.008827       4 2 2 14       1 2 2 02                    R 57f     465553342910 9 711   117.0  115.0
 21 6161.536021 1.971E-30 1.942E-05.06530.072 2413.51370.74-.008316       3 2 2 13       0 2 2 01                    Q 52e     565553342910 9 711   105.0  105.0
 21 6161.567217 5.681E-29 2.899E-02.08080.111 2825.25950.68-.005785       5 0 0 13       2 0 0 01                    P  8e     566663342910 9 711    15.0   17.0
 21 6161.567569 5.223E-29 1.511E-02.07220.096 2925.14970.71-.006063       4 2 2 13       1 2 2 01                    R 20e     566663342910 9 711    43.0   41.0
 21 6161.579697 1.565E-28 1.416E-02.06810.085 2783.34800.74-.007226       3 0 0 23       0 0 0 11                    R 33e     466663342910 9 711    69.0   67.0
 21 6161.591263 3.101E-28 1.565E-07.07130.095  197.41660.71-.005820       4 1 1 02       0 0 0 01                    P 22e     566663342910 9 711    43.0   45.0
 21 6161.605528 7.008E-30 3.536E-02.06470.071 3708.37490.73-.008655       5 0 0 15       2 0 0 03                    R 54e     465553342910 9 711   111.0  109.0
 21 6161.834666 8.534E-28 6.227E-03.07220.096 2168.02030.71-.006063       3 3 3 13       0 3 3 01                    R 20f     566663342910 9 711    43.0   41.0
 21 6161.835194 1.850E-30 3.912E-04.07700.105 2731.91150.68-.005357       6 1 1 03       2 0 0 02                    P 12e     466663342910 9 711    23.0   25.0
 21 6161.859468 3.865E-27 1.850E-02.07420.100 2038.99840.70-.005630       4 1 1 14       1 1 1 02                    R 16f     566663342910 9 711    35.0   33.0
 21 6161.866223 8.020E-26 1.864E-02.07420.101 1391.60780.69-.006379       4 0 0 14       1 0 0 02                    P 16e     566663342910 9 711    31.0   33.0
 21 6161.949825 2.447E-30 2.017E-05.06560.073 2372.86140.74-.008263       3 2 2 13       0 2 2 01                    Q 51f     565553342910 9 711   103.0  103.0
 21 6162.001066 1.835E-26 6.519E-03.07870.108 1378.21320.68-.005968       3 2 2 13       0 2 2 01                    P 10e     566663342910 9 711    19.0   21.0
 21 6162.142143 1.530E-30 2.060E-02.06270.069 3924.58610.72-.008883       4 2 2 14       1 2 2 02                    R 58e     465553342910 9 711   119.0  117.0
 21 6162.176333 1.526E-27 1.698E-02.07550.103 2159.03060.68-.006257       4 1 1 13       1 1 1 01                    P 14f     566663342910 9 711    27.0   29.0
 21 6162.184750 3.024E-30 2.095E-05.06580.074 2332.98210.74-.008209       3 2 2 13       0 2 2 01                    Q 50e     566553342910 9 711   101.0  101.0
 21 6162.196660 5.059E-29 1.515E-02.07170.095 2941.59230.71-.006164       4 2 2 13       1 2 2 01                    R 21f     566663342910 9 711    45.0   43.0
 21 6162.226921 3.831E-27 1.849E-02.07370.099 2052.02410.70-.005743       4 1 1 14       1 1 1 02                    R 17e     566663342910 9 711    37.0   35.0
 21 6162.239939 1.235E-30 2.045E-02.06220.069 3970.58580.72-.008938       4 2 2 14       1 2 2 02                    R 59f     465553342910 9 711   121.0  119.0
 21 6162.274856 1.246E-30 2.569E-02.06850.087 3887.82090.74-.007065       5 1 1 13       2 1 1 01                    R 31e     466663342910 9 711    65.0   63.0
 21 6162.285471 4.719E-30 9.215E-05.05720.064 2649.65610.64-.010093       2 2 2 13       0 0 0 01                    R 82e     465553342910 9 711   167.0  165.0
 21 6162.337314 1.419E-25 6.747E-03.06720.082 1246.92050.75-.007498       3 1 1 13       0 1 1 01                    P 38f     566663342910 9 711    75.0   77.0
 21 6162.340811 1.589E-25 6.691E-03.06730.083 1216.35090.74-.007450       3 1 1 13       0 1 1 01                    P 37e     566663342910 9 711    73.0   75.0
 21 6162.387502 1.369E-30 2.605E-02.06880.088 3864.87410.74-.006982       5 1 1 13       2 1 1 01                    R 30f     466663342910 9 711    63.0   61.0
 21 6162.420370 4.801E-30 3.562E-02.06380.070 3794.95640.72-.008770       5 0 0 15       2 0 0 03                    R 56e     465553342910 9 711   115.0  113.0
 21 6162.488053 9.362E-29 1.155E-04.06270.070 2004.66030.72-.007238       4 2 2 02       0 1 1 01                    P 58f     465553342910 9 711   115.0  117.0
 21 6162.490016 8.277E-28 6.253E-03.07170.095 2184.49500.71-.006164       3 3 3 13       0 3 3 01                    R 21e     566663342910 9 711    45.0   43.0
 21 6162.493803 5.475E-27 1.902E-02.06640.077 2160.30910.74-.007785       4 0 0 13       1 0 0 01                    P 44e     566563342910 9 711    87.0   89.0
 21 6162.575281 3.729E-30 2.179E-05.06590.074 2293.88690.74-.008154       3 2 2 13       0 2 2 01                    Q 49f     566563342910 9 711    99.0   99.0
 21 6162.616250 9.584E-29 5.013E-02.09050.120 2673.48050.70-.003261       5 0 0 14       2 0 0 02                    R  2e     466663342910 9 711     7.0    5.0
 21 6162.616280 1.208E-29 2.440E-05.06640.077 2057.94880.74-.006937       5 1 1 03       1 0 0 02                    R 44e     466563342910 9 711    91.0   89.0
 21 6162.627490 1.838E-30 1.650E-04.06010.068 2907.11140.71-.008738       3 2 2 13       1 0 0 02                    P 64e     565553342910 9 711   127.0  129.0
 21 6162.640794 1.287E-28 1.427E-02.06770.084 2836.72980.74-.007382       3 0 0 23       0 0 0 11                    R 35e     466663342910 9 711    73.0   71.0
 21 6162.673458 4.097E-30 4.153E-08.06580.073  994.19130.74-.007328       3 3 3 02       0 0 0 01                    R 50e     466553342910 9 711   103.0  101.0
 21 6162.807239 4.579E-30 2.267E-05.06600.075 2255.56680.74-.008099       3 2 2 13       0 2 2 01                    Q 48e     566563342910 9 711    97.0   97.0
 21 6162.817255 4.872E-29 1.519E-02.07130.095 2958.81150.72-.006262       4 2 2 13       1 2 2 01                    R 22e     566663342910 9 711    47.0   45.0
 21 6162.839327 1.699E-26 6.496E-03.07970.109 1370.38040.68-.005881       3 2 2 13       0 2 2 01                    P  9f     566663342910 9 711    17.0   19.0
 21 6162.915421 9.174E-29 1.377E-04.06220.069 2048.54700.72-.007275       4 2 2 02       0 1 1 01                    P 59e     465553342910 9 711   117.0  119.0
 21 6162.961477 1.012E-30 2.072E-02.06170.069 4017.62670.71-.008992       4 2 2 14       1 2 2 02                    R 60e     465553342910 9 711   123.0  121.0
 21 6162.971581 1.495E-27 1.702E-02.07620.104 2147.90620.68-.006192       4 1 1 13       1 1 1 01                    P 13e     566663342910 9 711    25.0   27.0
 21 6163.139376 7.979E-28 6.278E-03.07130.095 2201.75370.72-.006262       3 3 3 13       0 3 3 01                    R 22f     566663342910 9 711    47.0   45.0
 21 6163.175145 5.608E-30 2.363E-05.06620.075 2218.02950.74-.008043       3 2 2 13       0 2 2 01                    Q 47f     566563342910 9 711    95.0   95.0
 21 6163.200134 2.801E-28 1.325E-07.07220.097  163.86840.71-.005737       4 1 1 02       0 0 0 01                    P 20e     536663342910 9 711    39.0   41.0
 21 6163.204791 3.236E-30 3.589E-02.06270.069 3884.63950.72-.008883       5 0 0 15       2 0 0 03                    R 58e     465553342910 9 711   119.0  117.0
 21 6163.214694 3.795E-27 1.864E-02.07310.098 2066.41000.70-.005853       4 1 1 14       1 1 1 02                    R 18f     566663342910 9 711    39.0   37.0
 21 6163.251770 4.518E-29 2.972E-02.08340.114 2813.54170.68-.005557       5 0 0 13       2 0 0 01                    P  6e     566663342910 9 711    11.0   13.0
 21 6163.252372 1.034E-30 2.570E-02.06810.085 3938.53900.74-.007226       5 1 1 13       2 1 1 01                    R 33e     466663342910 9 711    69.0   67.0
 21 6163.403575 6.840E-30 2.462E-05.06620.076 2181.26900.74-.007987       3 2 2 13       0 2 2 01                    Q 46e     566563342910 9 711    93.0   93.0
 21 6163.410819 4.451E-26 7.704E-03.06010.068 1621.00360.71-.008684       3 0 0 13       0 0 0 01                    P 64e     985553344510 9 711   127.0  129.0
 21 6163.413086 1.168E-30 2.742E-04.07870.108 2713.99330.68-.005235       6 1 1 03       2 0 0 02                    P 10e     466663342910 9 711    19.0   21.0
 21 6163.432377 4.664E-29 1.523E-02.07090.094 2976.81990.72-.006359       4 2 2 13       1 2 2 01                    R 23f     566663342910 9 711    49.0   47.0
 21 6163.456436 1.148E-30 2.611E-02.06830.086 3914.20310.74-.007146       5 1 1 13       2 1 1 01                    R 32f     466663342910 9 711    67.0   65.0
 21 6163.497139 2.848E-30 1.021E-04.05700.064 2779.36870.64-.010176       2 2 2 13       0 0 0 01                    R 84e     465553342910 9 711   171.0  169.0
 21 6163.503512 3.710E-27 1.860E-02.07260.097 2080.93170.71-.005959       4 1 1 14       1 1 1 02                    R 19e     566663342910 9 711    41.0   39.0
 21 6163.609951 7.885E-26 1.871E-02.07550.103 1367.40260.68-.006257       4 0 0 14       1 0 0 02                    P 14e     566663342910 9 711    27.0   29.0
 21 6163.671651 1.542E-26 6.458E-03.08080.111 1363.33080.68-.005785       3 2 2 13       0 2 2 01                    P  8e     566663342910 9 711    15.0   17.0
 21 6163.672588 1.039E-28 1.438E-02.06730.082 2893.20070.75-.007533       3 0 0 23       0 0 0 11                    R 37e     466663342910 9 711    77.0   75.0
 21 6163.749564 8.322E-30 2.571E-05.06630.077 2145.29050.74-.007930       3 2 2 13       0 2 2 01                    Q 45f     566563342910 9 711    91.0   91.0
 21 6163.782798 7.646E-28 6.300E-03.07090.094 2219.79630.72-.006359       3 3 3 13       0 3 3 01                    R 23e     566663342910 9 711    49.0   47.0
 21 6163.886715 1.015E-29 2.773E-05.06620.075 2128.89870.74-.007054       5 1 1 03       1 0 0 02                    R 46e     466563342910 9 711    95.0   93.0
 21 6163.916808 1.448E-27 1.707E-02.07700.105 2137.90100.68-.006122       4 1 1 13       1 1 1 01                    P 12f     566663342910 9 711    23.0   25.0
 21 6163.958564 2.146E-30 3.616E-02.06170.069 3977.42250.71-.008992       5 0 0 15       2 0 0 03                    R 60e     465553342910 9 711   123.0  121.0
 21 6163.973849 1.008E-29 2.683E-05.06640.077 2110.09010.74-.007873       3 2 2 13       0 2 2 01                    Q 44e     566563342910 9 711    89.0   89.0
 21 6164.027500 1.354E-28 1.119E-04.06380.070 1914.87870.73-.007164       4 2 2 02       0 1 1 01                    P 56f     465553342910 9 711   111.0  113.0
 21 6164.038417 4.440E-29 1.527E-02.07060.093 2995.60220.72-.006453       4 2 2 13       1 2 2 01                    R 24e     566663342910 9 711    51.0   49.0
 21 6164.094508 1.557E-28 5.325E-02.08660.116 2678.93430.69-.003737       5 0 0 14       2 0 0 02                    R  4e     466663342910 9 711    11.0    9.0
 21 6164.298670 1.219E-29 2.808E-05.06650.078 2075.67110.75-.007815       3 2 2 13       0 2 2 01                    Q 43f     566563342910 9 711    87.0   87.0
 21 6164.329913 1.785E-25 6.747E-03.06750.084 1188.28970.74-.007401       3 1 1 13       0 1 1 01                    P 36f     566663342910 9 711    71.0   73.0
 21 6164.420191 7.286E-28 6.322E-03.07060.093 2238.62270.72-.006453       3 3 3 13       0 3 3 01                    R 24f     566663342910 9 711    51.0   49.0
 21 6164.428276 1.981E-25 6.694E-03.06770.084 1159.37030.74-.007353       3 1 1 13       0 1 1 01                    P 35e     566663342910 9 711    69.0   71.0
 21 6164.440439 1.311E-28 1.308E-04.06320.070 1957.35410.72-.007201       4 2 2 02       0 1 1 01                    P 57e     465553342910 9 711   113.0  115.0
 21 6164.497763 1.363E-26 6.391E-03.08200.112 1357.06440.68-.005678       3 2 2 13       0 2 2 01                    P  7f     566663342910 9 711    13.0   15.0
 21 6164.518156 1.467E-29 2.938E-05.06660.079 2042.03130.75-.007756       3 2 2 13       0 2 2 01                    Q 42e     566563342910 9 711    85.0   85.0
 21 6164.546570 3.630E-27 1.877E-02.07220.096 2096.95250.71-.006063       4 1 1 14       1 1 1 02                    R 20f     566663342910 9 711    43.0   41.0
 21 6164.568132 3.496E-30 5.042E-08.06530.072 1074.43060.73-.007436       3 3 3 02       0 0 0 01                    R 52e     465553342910 9 711   107.0  105.0
 21 6164.626453 2.537E-30 1.455E-04.06080.068 2808.24800.71-.008653       3 2 2 13       1 0 0 02                    P 62e     565553342910 9 711   123.0  125.0
 21 6164.639623 4.203E-29 1.530E-02.07020.092 3015.17650.73-.006545       4 2 2 13       1 2 2 01                    R 25f     566663342910 9 711    53.0   51.0
 21 6164.674810 8.250E-29 1.450E-02.06700.080 2952.75970.75-.007680       3 0 0 23       0 0 0 11                    R 39e     466663342910 9 711    81.0   79.0
 21 6164.681485 1.400E-30 3.642E-02.06080.068 4073.30330.71-.009099       5 0 0 15       2 0 0 03                    R 62e     465553342910 9 711   127.0  125.0
 21 6164.693656 1.689E-30 1.128E-04.05680.063 2912.15730.63-.010256       2 2 2 13       0 0 0 01                    R 86e     465553342910 9 711   175.0  173.0
 21 6164.724535 1.390E-27 1.714E-02.07780.107 2128.38770.68-.006048       4 1 1 13       1 1 1 01                    P 11e     566663342910 9 711    21.0   23.0
 21 6164.750389 3.502E-27 1.870E-02.07170.095 2112.96250.71-.006164       4 1 1 14       1 1 1 02                    R 21e     566663342910 9 711    45.0   43.0
 21 6164.804675 2.460E-28 1.119E-07.07310.099  133.43930.70-.005651       4 1 1 02       0 0 0 01                    P 18e     536663342910 9 711    35.0   37.0
 21 6164.822583 1.762E-29 3.080E-05.06680.080 2009.17250.75-.007697       3 2 2 13       0 2 2 01                    Q 41f     566563342910 9 711    83.0   83.0
 21 6164.831828 7.279E-27 1.908E-02.06660.079 2092.49160.75-.007690       4 0 0 13       1 0 0 01                    P 42e     566563342910 9 711    83.0   85.0
 21 6164.898783 3.146E-29 3.120E-02.08660.118 2804.94850.69-.005249       5 0 0 13       2 0 0 01                    P  4e     566663342910 9 711     7.0    9.0
 21 6165.036595 2.107E-29 3.230E-05.06690.080 1977.09380.75-.007637       3 2 2 13       0 2 2 01                    Q 40e     566663342910 9 711    81.0   81.0
 21 6165.051652 6.904E-28 6.343E-03.07020.092 2258.23290.73-.006545       3 3 3 13       0 3 3 01                    R 25e     466663342910 9 711    53.0   51.0
 21 6165.147047 8.374E-30 3.148E-05.06600.074 2202.95620.74-.007167       5 1 1 03       1 0 0 02                    R 48e     466563342910 9 711    99.0   97.0
 21 6165.230961 3.959E-29 1.533E-02.06990.091 3035.52110.73-.006636       4 2 2 13       1 2 2 01                    R 26e     566663342910 9 711    55.0   53.0
 21 6165.317824 1.162E-26 6.272E-03.08340.114 1351.58130.68-.005557       3 2 2 13       0 2 2 01                    P  6e     566663342910 9 711    11.0   13.0
 21 6165.321405 2.514E-29 3.394E-05.06700.081 1945.79590.75-.007577       3 2 2 13       0 2 2 01                    Q 39f     566663342910 9 711    79.0   79.0
 21 6165.328457 7.483E-26 1.883E-02.07700.105 1346.31960.68-.006122       4 0 0 14       1 0 0 02                    P 12e     566663342910 9 711    23.0   25.0
 21 6165.529262 2.988E-29 3.568E-05.06720.082 1915.27870.75-.007516       3 2 2 13       0 2 2 01                    Q 38e     566663342910 9 711    77.0   77.0
 21 6165.537283 2.092E-28 5.472E-02.08340.112 2687.50450.68-.004165       5 0 0 14       2 0 0 02                    R  6e     466663342910 9 711    15.0   13.0
 21 6165.570074 1.922E-28 1.082E-04.06470.071 1828.20620.73-.007088       4 2 2 02       0 1 1 01                    P 54f     465553342910 9 711   107.0  109.0
 21 6165.629264 1.315E-27 1.721E-02.07870.108 2119.90110.68-.005968       4 1 1 13       1 1 1 01                    P 10f     566663342910 9 711    19.0   21.0
 21 6165.647186 6.436E-29 1.463E-02.06680.079 3015.40590.75-.007822       3 0 0 23       0 0 0 11                    R 41e     466563342910 9 711    85.0   83.0
 21 6165.677035 6.508E-28 6.363E-03.06990.091 2278.62670.73-.006636       3 3 3 13       0 3 3 01                    R 26f     466663342910 9 711    55.0   53.0
 21 6165.795231 3.543E-29 3.759E-05.06730.083 1885.54220.74-.007454       3 2 2 13       0 2 2 01                    Q 37f     566663342910 9 711    75.0   75.0
 21 6165.818331 3.708E-29 1.536E-02.06960.090 3056.66140.73-.006725       4 2 2 13       1 2 2 01                    R 27f     566663342910 9 711    57.0   55.0
 21 6165.854967 3.388E-27 1.888E-02.07130.095 2130.62550.72-.006262       4 1 1 14       1 1 1 02                    R 22f     566663342910 9 711    47.0   45.0
 21 6165.898638 6.933E-26 7.670E-03.06080.068 1522.16110.71-.008599       3 0 0 13       0 0 0 01                    P 62e     985553344510 9 711   123.0  125.0
 21 6165.959907 1.840E-28 1.241E-04.06420.071 1869.26490.73-.007126       4 2 2 02       0 1 1 01                    P 55e     465553342910 9 711   109.0  111.0
 21 6165.967467 3.230E-27 1.880E-02.07090.094 2148.11590.72-.006359       4 1 1 14       1 1 1 02                    R 23e     566663342910 9 711    49.0   47.0
 21 6165.996258 4.185E-29 3.964E-05.06750.084 1856.58700.74-.007392       3 2 2 13       0 2 2 01                    Q 36e     566663342910 9 711    73.0   73.0
 21 6166.131743 9.369E-27 6.042E-03.08490.116 1346.88140.69-.005417       3 2 2 13       0 2 2 01                    P  5f     566663342910 9 711     9.0   11.0
 21 6166.244141 4.932E-29 4.188E-05.06770.084 1828.41260.74-.007329       3 2 2 13       0 2 2 01                    Q 35f     566663342910 9 711    71.0   71.0
 21 6166.296503 6.101E-28 6.381E-03.06960.090 2299.80410.73-.006725       3 3 3 13       0 3 3 01                    R 27e     466663342910 9 711    57.0   55.0
 21 6166.298629 2.204E-25 6.744E-03.06790.085 1132.78030.74-.007304       3 1 1 13       0 1 1 01                    P 34f     566663342910 9 711    67.0   69.0
 21 6166.394785 3.457E-29 1.539E-02.06930.089 3078.56770.73-.006812       4 2 2 13       1 2 2 01                    R 28e     566663342910 9 711    59.0   57.0
 21 6166.397619 6.781E-30 3.567E-05.06580.073 2280.12000.74-.007278       5 1 1 03       1 0 0 02                    R 50e     466553342910 9 711   103.0  101.0
 21 6166.404785 2.092E-28 9.414E-08.07420.101  106.12970.69-.005561       4 1 1 02       0 0 0 01                    P 16e     566663342910 9 711    31.0   33.0
 21 6166.437681 5.792E-29 4.431E-05.06790.085 1801.01980.74-.007265       3 2 2 13       0 2 2 01                    Q 34e     566663342910 9 711    69.0   69.0
 21 6166.444252 1.228E-27 1.729E-02.07970.109 2111.99170.68-.005881       4 1 1 13       1 1 1 01                    P  9e     566663342910 9 711    17.0   19.0
 21 6166.473562 2.907E-30 6.063E-08.06470.071 1157.77410.73-.007541       3 3 3 02       0 0 0 01                    R 54e     465553342910 9 711   111.0  109.0
 21 6166.486107 2.426E-25 6.703E-03.06810.086 1105.50660.74-.007255       3 1 1 13       0 1 1 01                    P 33e     566663342910 9 711    65.0   67.0
 21 6166.508218 1.618E-29 3.648E-02.09050.123 2799.48000.69-.004701       5 0 0 13       2 0 0 01                    P  2e     566663342910 9 711     3.0    5.0
 21 6166.589436 4.937E-29 1.475E-02.06650.077 3081.13820.74-.007960       3 0 0 23       0 0 0 11                    R 43e     466563342910 9 711    89.0   87.0
 21 6166.612173 3.432E-30 1.278E-04.06170.069 2712.47950.72-.008566       3 2 2 13       1 0 0 02                    P 60e     565553342910 9 711   119.0  121.0
 21 6166.668204 6.784E-29 4.696E-05.06810.086 1774.40790.74-.007200       3 2 2 13       0 2 2 01                    Q 33f     566663342910 9 711    67.0   67.0
 21 6166.853628 7.921E-29 4.985E-05.06830.087 1748.57800.74-.007135       3 2 2 13       0 2 2 01                    Q 32e     566663342910 9 711    65.0   65.0
 21 6166.909829 5.691E-28 6.400E-03.06930.089 2321.76500.73-.006812       3 3 3 13       0 3 3 01                    R 28f     466663342910 9 711    59.0   57.0
 21 6166.939561 6.824E-27 5.553E-03.08660.118 1342.96480.69-.005249       3 2 2 13       0 2 2 01                    P  4e     566663342910 9 711     7.0    9.0
 21 6166.944663 2.542E-28 5.559E-02.08080.109 2699.19090.68-.004531       5 0 0 14       2 0 0 02                    R  8e     466663342910 9 711    19.0   17.0
 21 6166.968430 3.205E-29 1.541E-02.06900.088 3101.27410.74-.006898       4 2 2 13       1 2 2 01                    R 29f     566663342910 9 711    61.0   59.0
 21 6167.021817 6.802E-26 1.900E-02.07870.108 1328.35940.68-.005968       4 0 0 14       1 0 0 02                    P 10e     566663342910 9 711    19.0   21.0
 21 6167.067481 9.225E-29 5.304E-05.06850.088 1723.52920.74-.007069       3 2 2 13       0 2 2 01                    Q 31f     566663342910 9 711    63.0   63.0
 21 6167.115495 2.677E-28 1.043E-04.06530.072 1744.64440.74-.007012       4 2 2 02       0 1 1 01                    P 52f     465553342910 9 711   103.0  105.0
 21 6167.133622 9.510E-27 1.914E-02.06690.080 2027.78570.75-.007595       4 0 0 13       1 0 0 01                    P 40e     566663342910 9 711    79.0   81.0
 21 6167.139745 3.091E-27 1.899E-02.07060.093 2167.42810.72-.006453       4 1 1 14       1 1 1 02                    R 24f     566663342910 9 711    51.0   49.0
 21 6167.154651 2.913E-27 1.889E-02.07020.092 2186.39130.73-.006545       4 1 1 14       1 1 1 02                    R 25e     566663342910 9 711    53.0   51.0
 21 6167.194968 1.257E-30 9.777E-05.06620.075 2813.23130.74-.006770       6 0 0 03       1 1 1 02                    P 47e     466563342910 9 711    93.0   95.0
 21 6167.244194 1.071E-28 5.653E-05.06880.088 1699.26250.74-.007003       3 2 2 13       0 2 2 01                    Q 30e     566663342910 9 711    61.0   61.0
 21 6167.313707 1.125E-27 1.736E-02.08080.111 2105.03130.68-.005785       4 1 1 13       1 1 1 01                    P  8f     566663342910 9 711    15.0   17.0
 21 6167.442024 1.241E-28 6.042E-05.06900.089 1675.77720.73-.006935       3 2 2 13       0 2 2 01                    Q 29f     566663342910 9 711    59.0   59.0
 21 6167.474520 2.537E-28 1.176E-04.06500.072 1784.28080.73-.007050       4 2 2 02       0 1 1 01                    P 53e     465553342910 9 711   105.0  107.0
 21 6167.501277 3.723E-29 1.488E-02.06630.076 3149.95560.74-.008095       3 0 0 23       0 0 0 11                    R 45e     466563342910 9 711    93.0   91.0
 21 6167.517271 5.282E-28 6.418E-03.06900.088 2344.50930.74-.006898       3 3 3 13       0 3 3 01                    R 29e     466663342910 9 711    61.0   59.0
 21 6167.529775 2.958E-29 1.544E-02.06880.088 3124.74100.74-.006982       4 2 2 13       1 2 2 01                    R 30e     566663342910 9 711    63.0   61.0
 21 6167.609473 1.433E-28 6.467E-05.06930.090 1653.07420.73-.006867       3 2 2 13       0 2 2 01                    Q 28e     566663342910 9 711    57.0   57.0
 21 6167.638791 5.393E-30 4.036E-05.06530.072 2360.38860.73-.007385       5 1 1 03       1 0 0 02                    R 52e     465553342910 9 711   107.0  105.0
 21 6167.741258 3.851E-27 4.322E-03.08850.120 1339.83150.70-.005032       3 2 2 13       0 2 2 01                    P  3f     566663342910 9 711     5.0    7.0
 21 6167.791877 1.651E-28 6.942E-05.06960.091 1631.15270.73-.006797       3 2 2 13       0 2 2 01                    Q 27f     566663342910 9 711    55.0   55.0
 21 6167.949554 1.897E-28 7.469E-05.06990.092 1610.01380.73-.006727       3 2 2 13       0 2 2 01                    Q 26e     566663342910 9 711    53.0   53.0
 21 6168.000376 1.714E-28 7.878E-08.07550.103   81.94010.68-.005464       4 1 1 02       0 0 0 01                    P 14e     536663342910 9 711    27.0   29.0
 21 6168.089850 2.716E-29 1.546E-02.06850.087 3149.01380.74-.007065       4 2 2 13       1 2 2 01                    R 31f     566663342910 9 711    65.0   63.0
 21 6168.117077 2.176E-28 8.065E-05.07020.093 1589.65660.72-.006656       3 2 2 13       0 2 2 01                    Q 25f     566663342910 9 711    51.0   51.0
 21 6168.118487 4.878E-28 6.435E-03.06880.088 2368.03680.74-.006982       3 3 3 13       0 3 3 01                    R 30f     466663342910 9 711    63.0   61.0
 21 6168.130720 1.011E-27 1.746E-02.08200.112 2098.71840.68-.005678       4 1 1 13       1 1 1 01                    P  7e     566663342910 9 711    13.0   15.0
 21 6168.243571 2.673E-25 6.748E-03.06830.087 1080.39310.74-.007206       3 1 1 13       0 1 1 01                    P 32f     566663342910 9 711    63.0   65.0
 21 6168.264522 2.489E-28 8.731E-05.07060.094 1570.08200.72-.006583       3 2 2 13       0 2 2 01                    Q 24e     566663342910 9 711    49.0   49.0
 21 6168.311844 2.573E-27 1.898E-02.06960.090 2227.78800.73-.006725       4 1 1 14       1 1 1 02                    R 27e     566663342910 9 711    57.0   55.0
 21 6168.316758 2.892E-28 5.617E-02.07870.107 2713.99330.68-.004850       5 0 0 14       2 0 0 02                    R 10e     566663342910 9 711    23.0   21.0
 21 6168.354101 1.063E-25 7.637E-03.06170.069 1426.41530.72-.008513       3 0 0 13       0 0 0 01                    P 60e     985553344510 9 711   119.0  121.0
 21 6168.382420 2.761E-29 1.501E-02.06620.075 3221.85690.74-.008225       3 0 0 23       0 0 0 11                    R 47e     466563342910 9 711    97.0   95.0
 21 6168.382684 1.307E-30 3.023E-05.06830.087 2489.96950.74-.007135       4 1 1 13       1 1 1 01                    Q 32f     566663342910 9 711    65.0   65.0
 21 6168.389495 2.359E-30 7.234E-08.06380.070 1244.22040.72-.007643       3 3 3 02       0 0 0 01                    R 56e     465553342910 9 711   115.0  113.0
 21 6168.400755 2.761E-27 1.911E-02.06990.091 2207.35980.73-.006636       4 1 1 14       1 1 1 02                    R 26f     566663342910 9 711    55.0   53.0
 21 6168.417653 2.841E-28 9.483E-05.07090.095 1551.28950.72-.006510       3 2 2 13       0 2 2 01                    Q 23f     566663342910 9 711    47.0   47.0
 21 6168.514349 2.915E-25 6.710E-03.06850.088 1054.76070.74-.007157       3 1 1 13       0 1 1 01                    P 31e     566663342910 9 711    61.0   63.0
 21 6168.554459 3.237E-28 1.034E-04.07130.095 1533.27970.71-.006435       3 2 2 13       0 2 2 01                    Q 22e     566663342910 9 711    45.0   45.0
 21 6168.584649 4.546E-30 1.117E-04.06270.070 2619.80750.72-.008478       3 2 2 13       1 0 0 02                    P 58e     565553342910 9 711   115.0  117.0
 21 6168.635806 2.483E-29 1.549E-02.06830.086 3174.04040.74-.007146       4 2 2 13       1 2 2 01                    R 32e     566663342910 9 711    67.0   65.0
 21 6168.663497 3.655E-28 1.003E-04.06580.074 1664.19460.74-.006936       4 2 2 02       0 1 1 01                    P 50f     466553342910 9 711    99.0  101.0
 21 6168.690090 5.848E-26 1.926E-02.08080.111 1313.52210.68-.005785       4 0 0 14       1 0 0 02                    P  8e     566663342910 9 711    15.0   17.0
 21 6168.693633 3.682E-28 1.132E-04.07170.096 1516.05210.71-.006358       3 2 2 13       0 2 2 01                    Q 21f     566663342910 9 711    43.0   43.0
 21 6168.713876 4.482E-28 6.451E-03.06850.087 2392.34760.74-.007065       3 3 3 13       0 3 3 01                    R 31e     466663342910 9 711    65.0   63.0
 21 6168.819443 4.181E-28 1.245E-04.07220.097 1499.60730.71-.006280       3 2 2 13       0 2 2 01                    Q 20e     566663342910 9 711    41.0   41.0
 21 6168.851851 8.199E-30 1.829E-02.09500.127 2797.13640.69-.003111       5 0 0 13       2 0 0 01                    R  0e     566663342910 9 711     3.0    1.0
 21 6168.870944 4.215E-30 4.562E-05.06470.071 2443.76040.73-.007489       5 1 1 03       1 0 0 02                    R 54e     465553342910 9 711   111.0  109.0
 21 6168.886026 1.599E-30 9.139E-05.06630.077 2740.67270.74-.006693       6 0 0 03       1 1 1 02                    P 45e     466563342910 9 711    89.0   91.0
 21 6168.945035 4.741E-28 1.375E-04.07260.098 1483.94500.70-.006200       3 2 2 13       0 2 2 01                    Q 19f     566663342910 9 711    39.0   39.0
 21 6168.970139 8.836E-28 1.757E-02.08340.114 2093.29160.68-.005557       4 1 1 13       1 1 1 01                    P  6f     566663342910 9 711    11.0   13.0
 21 6168.984964 3.435E-28 1.112E-04.06560.073 1702.40320.74-.006974       4 2 2 02       0 1 1 01                    P 51e     465553342910 9 711   101.0  103.0
 21 6169.026902 1.779E-30 3.452E-05.06880.088 2440.69170.74-.007003       4 1 1 13       1 1 1 01                    Q 30f     566663342910 9 711    61.0   61.0
 21 6169.059544 5.370E-28 1.527E-04.07310.099 1469.06550.70-.006118       3 2 2 13       0 2 2 01                    Q 18e     566663342910 9 711    37.0   37.0
 21 6169.171876 6.077E-28 1.706E-04.07370.100 1454.96860.70-.006033       3 2 2 13       0 2 2 01                    Q 17f     566663342910 9 711    35.0   35.0
 21 6169.182517 2.258E-29 1.551E-02.06810.085 3199.87980.74-.007226       4 2 2 13       1 2 2 01                    R 33f     566663342910 9 711    69.0   67.0
 21 6169.232574 2.014E-29 1.514E-02.06590.074 3296.84090.74-.008352       3 0 0 23       0 0 0 11                    R 49e     466563342910 9 711   101.0   99.0
 21 6169.274829 6.874E-28 1.918E-04.07420.101 1441.65470.69-.005946       3 2 2 13       0 2 2 01                    Q 16e     566663342910 9 711    33.0   33.0
 21 6169.302924 4.099E-28 6.468E-03.06830.086 2417.44150.74-.007146       3 3 3 13       0 3 3 01                    R 32f     466663342910 9 711    67.0   65.0
 21 6169.374170 7.774E-28 2.173E-04.07480.102 1429.12360.69-.005855       3 2 2 13       0 2 2 01                    Q 15f     566663342910 9 711    31.0   31.0
 21 6169.399135 1.221E-26 1.920E-02.06720.082 1966.19230.75-.007498       4 0 0 13       1 0 0 01                    P 38e     566663342910 9 711    75.0   77.0
 21 6169.438937 2.227E-27 1.906E-02.06900.088 2272.30520.74-.006898       4 1 1 14       1 1 1 02                    R 29e     566663342910 9 711    61.0   59.0
 21 6169.465359 8.797E-28 2.483E-04.07550.103 1417.37550.68-.005761       3 2 2 13       0 2 2 01                    Q 14e     566663342910 9 711    29.0   29.0
 21 6169.551926 9.964E-28 2.864E-04.07620.104 1406.41030.68-.005663       3 2 2 13       0 2 2 01                    Q 13f     566663342910 9 711    27.0   27.0
 21 6169.591366 1.343E-28 6.544E-08.07700.105   60.87090.68-.005357       4 1 1 02       0 0 0 01                    P 12e     536663342910 9 711    23.0   25.0
 21 6169.629919 2.393E-30 3.971E-05.06930.090 2394.53920.73-.006867       4 1 1 13       1 1 1 01                    Q 28f     566663342910 9 711    57.0   57.0
 21 6169.631187 1.131E-27 3.341E-04.07700.105 1396.22820.68-.005559       3 2 2 13       0 2 2 01                    Q 12e     566663342910 9 711    25.0   25.0
 21 6169.637838 2.415E-27 1.922E-02.06930.089 2250.41970.73-.006812       4 1 1 14       1 1 1 02                    R 28f     566663342910 9 711    59.0   57.0
 21 6169.653698 3.134E-28 5.659E-02.07700.104 2731.91150.68-.005134       5 0 0 14       2 0 0 02                    R 12e     566663342910 9 711    27.0   25.0
 21 6169.705153 1.286E-27 3.945E-04.07780.107 1386.82910.68-.005449       3 2 2 13       0 2 2 01                    Q 11f     566663342910 9 711    23.0   23.0
 21 6169.712742 2.045E-29 1.554E-02.06790.084 3226.46480.74-.007305       4 2 2 13       1 2 2 01                    R 34e     566663342910 9 711    71.0   69.0
 21 6169.772362 1.469E-27 4.734E-04.07870.108 1378.21320.68-.005332       3 2 2 13       0 2 2 01                    Q 10e     566663342910 9 711    21.0   21.0
 21 6169.783925 7.446E-28 1.769E-02.08490.116 2088.56800.69-.005417       4 1 1 13       1 1 1 01                    P  5e     566663342910 9 711     9.0   11.0
 21 6169.833856 1.687E-27 5.784E-04.07970.109 1370.38040.68-.005206       3 2 2 13       0 2 2 01                    Q  9f     566663342910 9 711    19.0   19.0
 21 6169.886233 3.731E-28 6.484E-03.06810.085 2443.31820.74-.007226       3 3 3 13       0 3 3 01                    R 33e     466663342910 9 711    69.0   67.0
 21 6169.888924 1.952E-27 7.228E-04.08080.111 1363.33080.68-.005070       3 2 2 13       0 2 2 01                    Q  8e     566663342910 9 711    17.0   17.0
 21 6169.938040 2.283E-27 9.294E-04.08200.112 1357.06440.68-.004922       3 2 2 13       0 2 2 01                    Q  7f     566663342910 9 711    15.0   15.0
 21 6169.980908 2.709E-27 1.239E-03.08340.114 1351.58130.68-.004758       3 2 2 13       0 2 2 01                    Q  6e     566663342910 9 711    13.0   13.0
 21 6170.017707 3.282E-27 1.734E-03.08490.116 1346.88140.69-.004577       3 2 2 13       0 2 2 01                    Q  5f     566663342910 9 711    11.0   11.0
 21 6170.048341 4.105E-27 2.601E-03.08660.118 1342.96480.69-.004375       3 2 2 13       0 2 2 01                    Q  4e     566663342910 9 711     9.0    9.0
 21 6170.051449 1.446E-29 1.529E-02.06560.072 3374.90640.74-.008476       3 0 0 23       0 0 0 11                    R 51e     465553342910 9 711   105.0  103.0
 21 6170.072860 5.403E-27 4.335E-03.08850.120 1339.83150.70-.004146       3 2 2 13       0 2 2 01                    Q  3f     566663342910 9 711     7.0    7.0
 21 6170.091244 7.806E-27 8.668E-03.09050.123 1337.48150.69-.003886       3 2 2 13       0 2 2 01                    Q  2e     566663342910 9 711     5.0    5.0
 21 6170.094479 3.238E-30 5.151E-05.06380.070 2530.23390.72-.007590       5 1 1 03       1 0 0 02                    R 56e     465553342910 9 711   115.0  113.0
 21 6170.164832 3.180E-25 6.751E-03.06880.088 1031.12910.74-.007108       3 1 1 13       0 1 1 01                    P 30f     666663342910 9 711    59.0   61.0
 21 6170.191790 3.187E-30 4.615E-05.06990.092 2351.51260.73-.006727       4 1 1 13       1 1 1 01                    Q 26f     566663342910 9 711    53.0   53.0
 21 6170.213829 4.893E-28 9.611E-05.06600.075 1586.85820.74-.006858       4 2 2 02       0 1 1 01                    P 48f     466563342910 9 711    95.0   97.0
 21 6170.246359 1.842E-29 1.556E-02.06770.084 3253.87130.74-.007382       4 2 2 13       1 2 2 01                    R 35f     566663342910 9 711    73.0   71.0
 21 6170.315658 1.868E-30 8.560E-08.06270.069 1333.76790.72-.007742       3 3 3 02       0 0 0 01                    R 58e     465553342910 9 711   119.0  117.0
 21 6170.333319 4.644E-26 1.971E-02.08340.114 1301.80820.68-.005557       4 0 0 14       1 0 0 02                    P  6e     566663342910 9 711    11.0   13.0
 21 6170.367232 2.435E-29 2.356E-02.09050.120 2799.48000.70-.003261       5 0 0 13       2 0 0 01                    R  2e     566663342910 9 711     7.0    5.0
 21 6170.463047 3.380E-28 6.499E-03.06790.084 2469.97800.74-.007305       3 3 3 13       0 3 3 01                    R 34f     466663342910 9 711    71.0   69.0
 21 6170.491915 4.565E-28 1.050E-04.06590.074 1623.63350.74-.006897       4 2 2 02       0 1 1 01                    P 49e     466563342910 9 711    97.0   99.0
 21 6170.513039 3.437E-25 6.722E-03.06900.089 1007.13350.73-.007058       3 1 1 13       0 1 1 01                    P 29e     666663342910 9 711    57.0   59.0
 21 6170.535820 1.891E-27 1.915E-02.06850.087 2319.94220.74-.007065       4 1 1 14       1 1 1 02                    R 31e     566663342910 9 711    65.0   63.0
 21 6170.543889 5.895E-30 9.718E-05.06380.070 2530.23390.73-.008389       3 2 2 13       1 0 0 02                    P 56e     565553342910 9 711   111.0  113.0
 21 6170.578926 1.988E-30 8.493E-05.06650.078 2671.22530.75-.006615       6 0 0 03       1 1 1 02                    P 43e     466563342910 9 711    85.0   87.0
 21 6170.598556 5.931E-28 1.778E-02.08660.118 2084.68250.69-.005249       4 1 1 13       1 1 1 01                    P  4f     566663342910 9 711     7.0    9.0
 21 6170.712567 4.201E-30 5.421E-05.07060.094 2311.61270.72-.006583       4 1 1 13       1 1 1 01                    Q 24f     566663342910 9 711    49.0   49.0
 21 6170.760431 1.653E-29 1.558E-02.06750.083 3282.01350.74-.007458       4 2 2 13       1 2 2 01                    R 36e     566663342910 9 711    75.0   73.0
 21 6170.777383 1.604E-25 7.605E-03.06270.070 1333.76790.72-.008425       3 0 0 13       0 0 0 01                    P 58e     985553344510 9 711   115.0  117.0
 21 6170.838754 1.021E-29 1.543E-02.06500.071 3456.05220.73-.008596       3 0 0 23       0 0 0 11                    R 53e     465553342910 9 711   109.0  107.0
 21 6170.850828 2.072E-27 1.933E-02.06880.088 2296.60700.74-.006982       4 1 1 14       1 1 1 02                    R 30f     566663342910 9 711    63.0   61.0
 21 6170.860177 1.230E-30 3.116E-05.06810.086 2514.73720.74-.007200       4 1 1 13       1 1 1 01                    Q 33e     566663342910 9 711    67.0   67.0
 21 6170.955623 3.266E-28 5.692E-02.07550.102 2752.94520.69-.005392       5 0 0 14       2 0 0 02                    R 14e     566663342910 9 711    31.0   29.0
 21 6171.034254 3.048E-28 6.515E-03.06770.084 2497.42030.74-.007382       3 3 3 13       0 3 3 01                    R 35e     466663342910 9 711    73.0   71.0
 21 6171.177680 9.946E-29 5.379E-08.07870.108   42.92250.68-.005235       4 1 1 02       0 0 0 01                    P 10e     536663342910 9 711    19.0   21.0
 21 6171.192299 5.490E-30 6.453E-05.07130.095 2274.83980.71-.006435       4 1 1 13       1 1 1 01                    Q 22f     566663342910 9 711    45.0   45.0
 21 6171.198662 1.665E-30 3.506E-05.06850.088 2464.01850.74-.007069       4 1 1 13       1 1 1 01                    Q 31e     566663342910 9 711    63.0   63.0
 21 6171.281300 1.476E-29 1.561E-02.06730.082 3310.98740.75-.007533       4 2 2 13       1 2 2 01                    R 37f     566663342910 9 711    77.0   75.0
 21 6171.309819 2.446E-30 5.815E-05.06270.069 2619.80750.72-.007689       5 1 1 03       1 0 0 02                    R 58e     465553342910 9 711   119.0  117.0
 21 6171.403850 4.286E-28 1.772E-02.08850.120 2081.54070.70-.005032       4 1 1 13       1 1 1 01                    P  3e     566663342910 9 711     5.0    7.0
 21 6171.516052 2.228E-30 3.975E-05.06900.089 2416.41710.73-.006935       4 1 1 13       1 1 1 01                    Q 29e     566663342910 9 711    59.0   59.0
 21 6171.594201 7.093E-30 1.558E-02.06420.070 3540.27680.73-.008713       3 0 0 23       0 0 0 11                    R 55e     465553342910 9 711   113.0  111.0
 21 6171.598761 2.736E-28 6.530E-03.06750.083 2525.64550.74-.007458       3 3 3 13       0 3 3 01                    R 36f     466663342910 9 711    75.0   73.0
 21 6171.602372 1.575E-27 1.924E-02.06810.085 2370.69800.74-.007226       4 1 1 14       1 1 1 02                    R 33e     566663342910 9 711    69.0   67.0
 21 6171.628322 1.539E-26 1.925E-02.06750.084 1907.71230.74-.007401       4 0 0 13       1 0 0 01                    P 36e     566663342910 9 711    71.0   73.0
 21 6171.631033 7.120E-30 7.800E-05.07220.097 2241.19480.71-.006280       4 1 1 13       1 1 1 01                    Q 20f     566663342910 9 711    41.0   41.0
 21 6171.766257 6.416E-28 9.176E-05.06620.076 1512.63650.74-.006780       4 2 2 02       0 1 1 01                    P 46f     466563342910 9 711    91.0   93.0
 21 6171.778706 1.312E-29 1.562E-02.06720.081 3340.68530.75-.007607       4 2 2 13       1 2 2 01                    R 38e     566663342910 9 711    79.0   77.0
 21 6171.812389 2.953E-30 4.553E-05.06960.091 2371.93370.73-.006797       4 1 1 13       1 1 1 01                    Q 27e     566663342910 9 711    55.0   55.0
 21 6171.844970 3.957E-29 2.503E-02.08660.116 2804.94850.69-.003737       5 0 0 13       2 0 0 01                    R  4e     566663342910 9 711    11.0    9.0
 21 6171.951531 3.230E-26 2.067E-02.08660.118 1293.21780.69-.005249       4 0 0 14       1 0 0 02                    P  4e     566663342910 9 711     7.0    9.0
 21 6171.996033 5.954E-28 9.895E-05.06620.075 1547.97310.74-.006819       4 2 2 02       0 1 1 01                    P 47e     466563342910 9 711    93.0   95.0
 21 6172.028813 9.180E-30 9.609E-05.07310.099 2210.67790.70-.006118       4 1 1 13       1 1 1 01                    Q 18f     566663342910 9 711    37.0   37.0
 21 6172.039546 1.743E-27 1.944E-02.06830.086 2345.92090.74-.007146       4 1 1 14       1 1 1 02                    R 32f     566663342910 9 711    67.0   65.0
 21 6172.062498 3.711E-25 6.757E-03.06930.090  984.98900.73-.007009       3 1 1 13       0 1 1 01                    P 28f     666663342910 9 711    55.0   57.0
 21 6172.087717 3.876E-30 5.272E-05.07020.093 2330.56900.72-.006656       4 1 1 13       1 1 1 01                    Q 25e     566663342910 9 711    51.0   51.0
 21 6172.157851 2.445E-28 6.546E-03.06730.082 2554.65300.75-.007533       3 3 3 13       0 3 3 01                    R 37e     466663342910 9 711    77.0   75.0
 21 6172.198946 2.440E-28 1.663E-02.09050.123 2079.20380.69-.004701       4 1 1 13       1 1 1 01                    P  2f     566663342910 9 711     3.0    5.0
 21 6172.222675 3.292E-28 5.717E-02.07420.100 2777.09410.70-.005630       5 0 0 14       2 0 0 02                    R 16e     566663342910 9 711    35.0   33.0
 21 6172.251755 1.445E-30 1.006E-07.06170.069 1426.41530.71-.007839       3 3 3 02       0 0 0 01                    R 60e     465553342910 9 711   123.0  121.0
 21 6172.272634 2.414E-30 7.844E-05.06680.080 2604.89030.75-.006536       6 0 0 03       1 1 1 02                    P 41e     466563342910 9 711    81.0   83.0
 21 6172.287266 1.161E-29 1.564E-02.06700.080 3371.22730.75-.007680       4 2 2 13       1 2 2 01                    R 39f     566663342910 9 711    81.0   79.0
 21 6172.317507 4.849E-30 1.573E-02.06320.070 3627.57880.72-.008827       3 0 0 23       0 0 0 11                    R 57e     465553342910 9 711   117.0  115.0
 21 6172.342079 5.044E-30 6.182E-05.07090.095 2292.32370.72-.006510       4 1 1 13       1 1 1 01                    Q 23e     566663342910 9 711    47.0   47.0
 21 6172.385678 1.179E-29 1.211E-04.07420.101 2183.28970.69-.005946       4 1 1 13       1 1 1 01                    Q 16f     566663342910 9 711    33.0   33.0
 21 6172.422846 3.911E-27 3.104E-03.09050.120 1337.48150.70-.003261       3 2 2 13       0 2 2 01                    R  2e     566663342910 9 711     7.0    5.0
 21 6172.482209 3.972E-25 6.733E-03.06960.091  962.62570.73-.006959       3 1 1 13       0 1 1 01                    P 27e     666663342910 9 711    53.0   55.0
 21 6172.489898 7.478E-30 8.405E-05.06470.071 2443.76040.73-.008298       3 2 2 13       1 0 0 02                    P 54e     565553342910 9 711   107.0  109.0
 21 6172.517405 1.817E-30 6.559E-05.06170.069 2712.47950.71-.007785       5 1 1 03       1 0 0 02                    R 60e     465553342910 9 711   123.0  121.0
 21 6172.575516 6.514E-30 7.357E-05.07170.096 2257.19830.71-.006358       4 1 1 13       1 1 1 01                    Q 21e     566663342910 9 711    43.0   43.0
 21 6172.638468 1.288E-27 1.933E-02.06770.084 2424.57170.74-.007382       4 1 1 14       1 1 1 02                    R 35e     566663342910 9 711    73.0   71.0
 21 6172.701666 1.514E-29 1.573E-04.07550.103 2159.03060.68-.005761       4 1 1 13       1 1 1 01                    Q 14f     566663342910 9 711    29.0   29.0
 21 6172.709968 2.175E-28 6.561E-03.06720.081 2584.44300.75-.007607       3 3 3 13       0 3 3 01                    R 38f     466663342910 9 711    79.0   77.0
 21 6172.759254 6.826E-29 4.353E-08.08080.111   28.09510.68-.005088       4 1 1 02       0 0 0 01                    P  8e     536663342910 9 711    15.0   17.0
 21 6172.767380 1.023E-29 1.566E-02.06690.080 3402.47930.75-.007752       4 2 2 13       1 2 2 01                    R 40e     566663342910 9 711    83.0   81.0
 21 6172.788066 8.362E-30 8.913E-05.07260.098 2225.19330.70-.006200       4 1 1 13       1 1 1 01                    Q 19e     566663342910 9 711    39.0   39.0
 21 6172.976811 1.951E-29 2.123E-04.07700.105 2137.90100.68-.005559       4 1 1 13       1 1 1 01                    Q 12f     566663342910 9 711    25.0   25.0
 21 6172.979766 1.069E-29 1.103E-04.07370.100 2196.30940.70-.006033       4 1 1 13       1 1 1 01                    Q 17e     566663342910 9 711    35.0   35.0
 21 6173.008394 3.263E-30 1.588E-02.06220.069 3717.95690.72-.008938       3 0 0 23       0 0 0 11                    R 59e     465553342910 9 711   121.0  119.0
 21 6173.080160 1.351E-30 5.148E-04.05910.066 3216.43970.69-.007599       5 1 1 02       1 0 0 01                    P 68e     465553342910 9 711   135.0  137.0
 21 6173.150650 1.364E-29 1.403E-04.07480.102 2170.54690.69-.005855       4 1 1 13       1 1 1 01                    Q 15e     566663342910 9 711    31.0   31.0
 21 6173.168669 2.380E-25 7.573E-03.06380.070 1244.22040.73-.008337       3 0 0 13       0 0 0 01                    P 56e     985553344510 9 711   111.0  113.0
 21 6173.181640 6.966E-27 4.351E-03.08850.118 1339.83150.69-.003500       3 2 2 13       0 2 2 01                    R  3f     566663342910 9 711     9.0    7.0
 21 6173.203809 1.439E-27 1.955E-02.06790.084 2398.36040.74-.007305       4 1 1 14       1 1 1 02                    R 34f     566663342910 9 711    71.0   69.0
 21 6173.211140 2.541E-29 3.016E-04.07870.108 2119.90110.68-.005332       4 1 1 13       1 1 1 01                    Q 10f     566663342910 9 711    21.0   21.0
 21 6173.256932 1.926E-28 6.576E-03.06700.080 2615.01510.75-.007680       3 3 3 13       0 3 3 01                    R 39e     466663342910 9 711    81.0   79.0
 21 6173.264183 8.971E-30 1.568E-02.06680.079 3434.59000.75-.007822       4 2 2 13       1 2 2 01                    R 41f     566563342910 9 711    85.0   83.0
 21 6173.285064 5.318E-29 2.573E-02.08340.112 2813.54170.68-.004165       5 0 0 13       2 0 0 01                    R  6e     566663342910 9 711    15.0   13.0
 21 6173.300747 1.744E-29 1.845E-04.07620.104 2147.90620.68-.005663       4 1 1 13       1 1 1 01                    Q 13e     566663342910 9 711    27.0   27.0
 21 6173.320558 8.236E-28 8.725E-05.06640.077 1441.53070.74-.006702       4 2 2 02       0 1 1 01                    P 44f     466563342910 9 711    87.0   89.0
 21 6173.404680 3.383E-29 4.614E-04.08080.111 2105.03130.68-.005070       4 1 1 13       1 1 1 01                    Q  8f     566663342910 9 711    17.0   17.0
 21 6173.430087 2.248E-29 2.539E-04.07780.107 2128.38770.68-.005449       4 1 1 13       1 1 1 01                    Q 11e     566663342910 9 711    23.0   23.0
 21 6173.454993 3.224E-28 5.739E-02.07310.098 2804.35760.70-.005853       5 0 0 14       2 0 0 02                    R 18e     566663342910 9 711    39.0   37.0
 21 6173.497956 7.616E-28 9.300E-05.06630.077 1475.42300.74-.006741       4 2 2 02       0 1 1 01                    P 45e     466563342910 9 711    89.0   91.0
 21 6173.538692 2.944E-29 3.716E-04.07970.109 2111.99170.68-.005206       4 1 1 13       1 1 1 01                    Q  9e     566663342910 9 711    19.0   19.0
 21 6173.544733 1.660E-26 2.415E-02.09050.123 1287.75110.69-.004701       4 0 0 14       1 0 0 02                    P  2e     566663342910 9 711     3.0    5.0
 21 6173.557450 4.700E-29 7.918E-04.08340.114 2093.29160.68-.004758       4 1 1 13       1 1 1 01                    Q  6f     566663342910 9 711    13.0   13.0
 21 6173.626584 3.978E-29 5.963E-04.08200.112 2098.71840.68-.004922       4 1 1 13       1 1 1 01                    Q  7e     566663342910 9 711    15.0   15.0
 21 6173.643977 1.034E-27 1.942E-02.06730.082 2481.56240.75-.007533       4 1 1 14       1 1 1 02                    R 37e     566663342910 9 711    77.0   75.0
 21 6173.666595 2.161E-30 1.604E-02.06120.068 3811.40960.71-.009046       3 0 0 23       0 0 0 11                    R 61e     465553342910 9 711   125.0  123.0
 21 6173.669469 7.131E-29 1.664E-03.08660.118 2084.68250.69-.004375       4 1 1 13       1 1 1 01                    Q  4f     566663342910 9 711     9.0    9.0
 21 6173.693779 5.714E-29 1.112E-03.08490.116 2088.56800.69-.004577       4 1 1 13       1 1 1 01                    Q  5e     566663342910 9 711    11.0   11.0
 21 6173.717702 1.329E-30 7.404E-05.06080.068 2808.24800.71-.007879       5 1 1 03       1 0 0 02                    R 62e     465553342910 9 711   127.0  125.0
 21 6173.726250 7.838E-30 1.570E-02.06660.078 3467.39430.75-.007892       4 2 2 13       1 2 2 01                    R 42e     566563342910 9 711    87.0   85.0
 21 6173.740291 9.398E-29 2.777E-03.08850.120 2081.54070.70-.004146       4 1 1 13       1 1 1 01                    Q  3e     566663342910 9 711     7.0    7.0
 21 6173.740748 1.357E-28 5.551E-03.09050.123 2079.20380.69-.003886       4 1 1 13       1 1 1 01                    Q  2f     566663342910 9 711     5.0    5.0
 21 6173.755589 1.196E-30 8.657E-06.08340.112 1948.92090.68-.003488       5 2 2 03       1 1 1 02                    R  6f     466663342910 9 711    15.0   13.0
 21 6173.766127 2.462E-28 1.666E-02.09500.127 2077.63670.69-.003589       4 1 1 13       1 1 1 01                    Q  1e     566663342910 9 711     3.0    3.0
 21 6173.796564 1.698E-28 6.590E-03.06690.080 2646.36960.75-.007752       3 3 3 13       0 3 3 01                    R 40f     466663342910 9 711    83.0   81.0
 21 6173.821145 1.906E-26 1.932E-02.06790.085 1852.34660.74-.007304       4 0 0 13       1 0 0 01                    P 34e     566663342910 9 711    67.0   69.0
 21 6173.934306 9.612E-27 4.989E-03.08660.116 1342.96480.69-.003737       3 2 2 13       0 2 2 01                    R  4e     566663342910 9 711    11.0    9.0
 21 6173.936643 4.243E-25 6.764E-03.06990.092  941.97360.73-.006909       3 1 1 13       0 1 1 01                    P 26f     666663342910 9 711    51.0   53.0
 21 6173.966171 2.862E-30 7.198E-05.06700.081 2541.66900.75-.006458       6 0 0 03       1 1 1 02                    P 39e     466663342910 9 711    77.0   79.0
 21 6174.197471 1.091E-30 1.172E-07.06080.068 1522.16110.71-.007933       3 3 3 02       0 0 0 01                    R 62e     465553342910 9 711   127.0  125.0
 21 6174.211977 6.812E-30 1.571E-02.06650.077 3501.07460.74-.007960       4 2 2 13       1 2 2 01                    R 43f     566563342910 9 711    89.0   87.0
 21 6174.291851 1.408E-30 1.619E-02.06040.068 3907.93520.71-.009151       3 0 0 23       0 0 0 11                    R 63e     465553342910 9 711   129.0  127.0
 21 6174.331407 1.490E-28 6.603E-03.06680.079 2678.50580.75-.007822       3 3 3 13       0 3 3 01                    R 41e     466563342910 9 711    85.0   83.0
 21 6174.336030 4.180E-29 3.436E-08.08340.114   16.38900.68-.004902       4 1 1 02       0 0 0 01                    P  6e     536663342910 9 711    11.0   13.0
 21 6174.343421 1.167E-27 1.967E-02.06750.083 2453.92450.74-.007458       4 1 1 14       1 1 1 02                    R 36f     566663342910 9 711    75.0   73.0
 21 6174.421880 4.496E-25 6.746E-03.07020.093  921.23810.72-.006858       3 1 1 13       0 1 1 01                    P 25e     666663342910 9 711    49.0   51.0
 21 6174.422671 9.276E-30 7.227E-05.06530.072 2360.38860.74-.008207       3 2 2 13       1 0 0 02                    P 52e     565553342910 9 711   103.0  105.0
 21 6174.576301 1.691E-30 1.109E-05.08200.111 1954.35140.68-.003657       5 2 2 03       1 1 1 02                    R  7e     466663342910 9 711    17.0   15.0
 21 6174.618762 8.157E-28 1.951E-02.06700.080 2541.66900.75-.007680       4 1 1 14       1 1 1 02                    R 39e     566663342910 9 711    81.0   79.0
 21 6174.652703 3.075E-28 5.757E-02.07220.096 2834.73550.71-.006063       5 0 0 14       2 0 0 02                    R 20e     566663342910 9 711    43.0   41.0
 21 6174.655087 5.900E-30 1.573E-02.06640.077 3535.42920.74-.008028       4 2 2 13       1 2 2 01                    R 44e     466563342910 9 711    91.0   89.0
 21 6174.680791 1.199E-26 5.368E-03.08490.114 1346.88140.68-.003960       3 2 2 13       0 2 2 01                    R  5f     566663342910 9 711    13.0   11.0
 21 6174.687523 6.466E-29 2.616E-02.08080.109 2825.25950.68-.004531       5 0 0 13       2 0 0 01                    R  8e     566663342910 9 711    19.0   17.0
 21 6174.746494 2.115E-30 4.987E-04.05950.067 3111.36830.70-.007528       5 1 1 02       1 0 0 01                    P 66e     465553342910 9 711   131.0  133.0
 21 6174.858443 1.303E-28 6.621E-03.06660.078 2711.42410.75-.007892       3 3 3 13       0 3 3 01                    R 42f     466563342910 9 711    87.0   85.0
 21 6174.876528 1.035E-27 8.263E-05.06660.079 1373.54200.75-.006623       4 2 2 02       0 1 1 01                    P 42f     466563342910 9 711    83.0   85.0
 21 6174.998299 9.549E-28 8.716E-05.06650.078 1405.98470.75-.006662       4 2 2 02       0 1 1 01                    P 43e     466563342910 9 711    85.0   87.0
 21 6175.130574 5.084E-30 1.575E-02.06630.076 3570.67990.74-.008095       4 2 2 13       1 2 2 01                    R 45f     466563342910 9 711    93.0   91.0
 21 6175.289891 2.298E-30 1.391E-05.08080.109 1960.67110.68-.003815       5 2 2 03       1 1 1 02                    R  8f     466663342910 9 711    19.0   17.0
 21 6175.307929 2.465E-28 1.001E-02.09500.123 2077.63670.69-.003072       4 1 1 13       1 1 1 01                    R  1e     566663342910 9 711     5.0    3.0
 21 6175.381183 1.133E-28 6.631E-03.06650.077 2745.12380.74-.007960       3 3 3 13       0 3 3 01                    R 43e     466563342910 9 711    89.0   87.0
 21 6175.421184 1.413E-26 5.611E-03.08340.112 1351.58130.68-.004165       3 2 2 13       0 2 2 01                    R  6e     566663342910 9 711    15.0   13.0
 21 6175.458180 9.296E-28 1.980E-02.06720.081 2512.61220.75-.007607       4 1 1 14       1 1 1 02                    R 38f     566663342910 9 711    79.0   77.0
 21 6175.528156 3.476E-25 7.543E-03.06470.071 1157.77410.73-.008247       3 0 0 13       0 0 0 01                    P 54e     985553344510 9 711   107.0  109.0
 21 6175.553638 4.366E-30 1.576E-02.06620.075 3606.58270.74-.008160       4 2 2 13       1 2 2 01                    R 46e     466563342910 9 711    95.0   93.0
 21 6175.562680 6.323E-28 1.960E-02.06680.079 2604.89030.75-.007822       4 1 1 14       1 1 1 02                    R 41e     566563342910 9 711    85.0   83.0
 21 6175.658606 3.311E-30 6.562E-05.06730.083 2481.56240.74-.006379       6 0 0 03       1 1 1 02                    P 37e     466663342910 9 711    73.0   75.0
 21 6175.787330 4.752E-25 6.775E-03.07060.094  902.08370.72-.006808       3 1 1 13       0 1 1 01                    P 24f     666663342910 9 711    47.0   49.0
 21 6175.815916 2.864E-28 5.775E-02.07130.095 2868.22710.72-.006262       5 0 0 14       2 0 0 02                    R 22e     566663342910 9 711    47.0   45.0
 21 6175.887621 8.412E-27 1.211E-02.09500.127 1285.40820.69-.003111       4 0 0 14       1 0 0 02                    R  0e     566663342910 9 711     3.0    1.0
 21 6175.895496 9.822E-29 6.649E-03.06640.077 2779.60550.74-.008028       3 3 3 13       0 3 3 01                    R 44f     466563342910 9 711    91.0   89.0
 21 6175.907957 2.079E-29 2.577E-08.08660.118    7.80430.69-.004648       4 1 1 02       0 0 0 01                    P  4e     536663342910 9 711     7.0    9.0
 21 6175.977571 2.316E-26 1.938E-02.06830.087 1800.09570.74-.007206       4 0 0 13       1 0 0 01                    P 32e     566663342910 9 711    63.0   65.0
 21 6176.019904 3.730E-30 1.578E-02.06620.075 3643.40490.74-.008225       4 2 2 13       1 2 2 01                    R 47f     466563342910 9 711    97.0   95.0
 21 6176.052364 7.360E-29 2.645E-02.07870.107 2840.10190.68-.004850       5 0 0 13       2 0 0 01                    R 10e     566663342910 9 711    23.0   21.0
 21 6176.077189 4.353E-28 1.273E-02.09050.120 2079.20380.70-.003261       4 1 1 13       1 1 1 01                    R  2f     566663342910 9 711     7.0    5.0
 21 6176.138463 2.978E-30 1.688E-05.07970.108 1967.63600.68-.003962       5 2 2 03       1 1 1 02                    R  9e     466663342910 9 711    21.0   19.0
 21 6176.155313 1.607E-26 5.784E-03.08200.111 1357.06440.68-.004355       3 2 2 13       0 2 2 01                    R  7f     566663342910 9 711    17.0   15.0
 21 6176.332064 4.982E-25 6.762E-03.07090.095  882.97140.72-.006757       3 1 1 13       0 1 1 01                    P 23e     666663342910 9 711    45.0   47.0
 21 6176.342193 1.125E-29 6.177E-05.06580.074 2280.12000.74-.008115       3 2 2 13       1 0 0 02                    P 50e     566553342910 9 711    99.0  101.0
 21 6176.406169 8.470E-29 6.660E-03.06630.076 2814.86810.74-.008095       3 3 3 13       0 3 3 01                    R 45e     466563342910 9 711    93.0   91.0
 21 6176.414525 3.253E-30 4.822E-04.06010.068 3009.39450.71-.007457       5 1 1 02       1 0 0 01                    P 64e     465553342910 9 711   127.0  129.0
 21 6176.421620 3.176E-30 1.579E-02.06600.074 3680.85350.74-.008289       4 2 2 13       1 2 2 01                    R 48e     466563342910 9 711    99.0   97.0
 21 6176.433974 1.270E-27 7.775E-05.06690.080 1308.67160.75-.006544       4 2 2 02       0 1 1 01                    P 40f     466663342910 9 711    79.0   81.0
 21 6176.475584 4.817E-28 1.969E-02.06650.077 2671.22530.74-.007960       4 1 1 14       1 1 1 02                    R 43e     566563342910 9 711    89.0   87.0
 21 6176.497652 1.173E-27 8.143E-05.06680.080 1339.65920.75-.006583       4 2 2 02       0 1 1 01                    P 41e     466563342910 9 711    81.0   83.0
 21 6176.547874 7.275E-28 1.992E-02.06690.080 2574.42230.75-.007752       4 1 1 14       1 1 1 02                    R 40f     566663342910 9 711    83.0   81.0
 21 6176.811204 6.054E-28 1.393E-02.08850.118 2081.54070.69-.003500       4 1 1 13       1 1 1 01                    R  3e     566663342910 9 711     9.0    7.0
 21 6176.816554 3.782E-30 2.034E-05.07870.107 1975.55420.68-.004100       5 2 2 03       1 1 1 02                    R 10f     466663342910 9 711    23.0   21.0
 21 6176.879897 2.690E-30 1.580E-02.06590.074 3719.24850.74-.008352       4 2 2 13       1 2 2 01                    R 49f     466563342910 9 711   101.0   99.0
 21 6176.883453 1.780E-26 5.911E-03.08080.109 1363.33080.68-.004531       3 2 2 13       0 2 2 01                    R  8e     566663342910 9 711    19.0   17.0
 21 6176.907609 7.279E-29 6.677E-03.06620.075 2850.91250.74-.008160       3 3 3 13       0 3 3 01                    R 46f     466563342910 9 711    95.0   93.0
 21 6176.944722 2.608E-28 5.792E-02.07060.093 2904.83190.72-.006453       5 0 0 14       2 0 0 02                    R 24e     566663342910 9 711    51.0   49.0
 21 6177.258720 2.271E-30 1.581E-02.06580.073 3758.24030.74-.008414       4 2 2 13       1 2 2 01                    R 50e     466553342910 9 711   103.0  101.0
 21 6177.349064 3.734E-30 5.938E-05.06770.084 2424.57170.74-.006300       6 0 0 03       1 1 1 02                    P 35e     466663342910 9 711    69.0   71.0
 21 6177.357322 3.608E-28 1.979E-02.06630.076 2740.67270.74-.008095       4 1 1 14       1 1 1 02                    R 45e     566563342910 9 711    93.0   91.0
 21 6177.379613 7.977E-29 2.666E-02.07700.104 2858.06860.68-.005134       5 0 0 13       2 0 0 01                    R 12e     566663342910 9 711    27.0   25.0
 21 6177.406275 6.223E-29 6.688E-03.06620.075 2887.73740.74-.008225       3 3 3 13       0 3 3 01                    R 47e     466563342910 9 711    97.0   95.0
 21 6177.418226 2.499E-26 1.560E-02.09050.120 1287.75110.70-.003261       4 0 0 14       1 0 0 02                    R  2e     566663342910 9 711     7.0    5.0
 21 6177.474993 5.514E-30 1.554E-08.09050.123    2.34130.69-.004166       4 1 1 02       0 0 0 01                    P  2e     536663342910 9 711     3.0    5.0
 21 6177.579324 7.641E-28 1.461E-02.08660.116 2084.68250.69-.003737       4 1 1 13       1 1 1 01                    R  4f     566663342910 9 711    11.0    9.0
 21 6177.605152 1.932E-26 6.008E-03.07970.108 1370.38040.68-.004695       3 2 2 13       0 2 2 01                    R  9f     566663342910 9 711    21.0   19.0
 21 6177.612286 5.595E-28 2.005E-02.06660.078 2639.35360.75-.007892       4 1 1 14       1 1 1 02                    R 42f     566563342910 9 711    87.0   85.0
 21 6177.614612 5.205E-25 6.788E-03.07130.095  865.31990.71-.006705       3 1 1 13       0 1 1 01                    P 22f     666663342910 9 711    43.0   45.0
 21 6177.700197 4.610E-30 2.378E-05.07780.105 1984.04590.68-.004231       5 2 2 03       1 1 1 02                    R 11e     466663342910 9 711    25.0   23.0
 21 6177.710486 1.908E-30 1.583E-02.06560.072 3798.20940.74-.008476       4 2 2 13       1 2 2 01                    R 51f     465553342910 9 711   105.0  103.0
 21 6177.856046 4.994E-25 7.514E-03.06530.072 1074.43060.74-.008156       3 0 0 13       0 0 0 01                    P 52e     985553344510 9 711   103.0  105.0
 21 6177.894665 5.304E-29 6.706E-03.06600.074 2925.34400.74-.008289       3 3 3 13       0 3 3 01                    R 48f     466563342910 9 711    99.0   97.0
 21 6177.992719 1.524E-27 7.283E-05.06720.082 1246.92050.75-.006464       4 2 2 02       0 1 1 01                    P 38f     466663342910 9 711    75.0   77.0
 21 6177.996575 1.409E-27 7.571E-05.06700.081 1276.44760.75-.006504       4 2 2 02       0 1 1 01                    P 39e     466663342910 9 711    77.0   79.0
 21 6178.039189 2.324E-28 5.807E-02.06990.091 2944.54940.73-.006636       5 0 0 14       2 0 0 02                    R 26e     566663342910 9 711    55.0   53.0
 21 6178.064583 1.597E-30 1.584E-02.06530.072 3838.74160.73-.008536       4 2 2 13       1 2 2 01                    R 52e     465553342910 9 711   107.0  105.0
 21 6178.083531 4.913E-30 4.653E-04.06080.068 2910.51970.71-.007385       5 1 1 02       1 0 0 01                    P 62e     465553342910 9 711   123.0  125.0
 21 6178.097567 2.761E-26 1.944E-02.06880.088 1750.96060.74-.007108       4 0 0 13       1 0 0 01                    P 30e     566663342910 9 711    59.0   61.0
 21 6178.207737 2.657E-28 1.988E-02.06620.075 2813.23130.74-.008225       4 1 1 14       1 1 1 02                    R 47e     566563342910 9 711    97.0   95.0
 21 6178.212768 5.396E-25 6.780E-03.07170.096  847.82630.71-.006653       3 1 1 13       0 1 1 01                    P 21e     666663342910 9 711    41.0   43.0
 21 6178.215518 1.245E-30 2.733E-04.08080.109 2699.19090.68-.003815       6 1 1 03       2 0 0 02                    R  8e     466663342910 9 711    19.0   17.0
 21 6178.248437 1.332E-29 5.241E-05.06600.075 2202.95620.74-.008022       3 2 2 13       1 0 0 02                    P 48e     566563342910 9 711    95.0   97.0
 21 6178.281090 9.114E-28 1.503E-02.08490.114 2088.56800.68-.003960       4 1 1 13       1 1 1 01                    R  5e     566663342910 9 711    13.0   11.0
 21 6178.321081 2.062E-26 6.084E-03.07870.107 1378.21320.68-.004850       3 2 2 13       0 2 2 01                    R 10e     566663342910 9 711    23.0   21.0
 21 6178.335599 5.580E-30 2.792E-05.07700.104 1993.57010.68-.004355       5 2 2 03       1 1 1 02                    R 12f     466663342910 9 711    27.0   25.0
 21 6178.381414 4.496E-29 6.716E-03.06590.074 2963.73050.74-.008352       3 3 3 13       0 3 3 01                    R 49e     466563342910 9 711   101.0   99.0
 21 6178.511608 1.330E-30 1.585E-02.06500.071 3880.28650.73-.008596       4 2 2 13       1 2 2 01                    R 53f     465553342910 9 711   109.0  107.0
 21 6178.651189 4.230E-28 2.018E-02.06640.077 2707.40490.74-.008028       4 1 1 14       1 1 1 02                    R 44f     566563342910 9 711    91.0   89.0
 21 6178.669305 8.313E-29 2.682E-02.07550.102 2879.15940.69-.005392       5 0 0 13       2 0 0 01                    R 14e     566663342910 9 711    31.0   29.0
 21 6178.838814 1.105E-30 1.586E-02.06470.071 3922.35600.73-.008655       4 2 2 13       1 2 2 01                    R 54e     465553342910 9 711   111.0  109.0
 21 6178.856543 3.800E-29 6.735E-03.06580.073 3002.89860.74-.008414       3 3 3 13       0 3 3 01                    R 50f     466553342910 9 711   103.0  101.0
 21 6178.923715 4.064E-26 1.659E-02.08660.116 1293.21780.69-.003737       4 0 0 14       1 0 0 02                    R  4e     566663342910 9 711    11.0    9.0
 21 6179.026671 1.924E-28 1.998E-02.06590.074 2888.89970.74-.008352       4 1 1 14       1 1 1 02                    R 49e     566563342910 9 711   101.0   99.0
 21 6179.030249 2.171E-26 6.146E-03.07780.105 1386.82910.68-.004996       3 2 2 13       0 2 2 01                    R 11f     566663342910 9 711    25.0   23.0
 21 6179.036721 4.100E-30 5.330E-05.06810.086 2370.69800.74-.006221       6 0 0 03       1 1 1 02                    P 33e     466663342910 9 711    65.0   67.0
 21 6179.045084 2.062E-29 3.488E-08.09050.123    2.34130.69-.003352       4 1 1 02       0 0 0 01                    Q  2e     536663342910 9 711     5.0    5.0
 21 6179.053315 1.049E-27 1.534E-02.08340.112 2093.29160.68-.004165       4 1 1 13       1 1 1 01                    R  6f     566663342910 9 711    15.0   13.0
 21 6179.063714 3.612E-29 3.486E-08.08660.118    7.80430.69-.003773       4 1 1 02       0 0 0 01                    Q  4e     536663342910 9 711     9.0    9.0
 21 6179.093016 4.999E-29 3.482E-08.08340.114   16.38900.68-.004104       4 1 1 02       0 0 0 01                    Q  6e     536663342910 9 711    13.0   13.0
 21 6179.099355 2.030E-28 5.825E-02.06930.089 2987.37880.73-.006812       5 0 0 14       2 0 0 02                    R 28e     566663342910 9 711    59.0   57.0
 21 6179.133024 6.168E-29 3.478E-08.08080.111   28.09510.68-.004372       4 1 1 02       0 0 0 01                    Q  8e     536663342910 9 711    17.0   17.0
 21 6179.166941 1.122E-30 3.206E-06.06080.068 2193.54520.71-.008822       3 1 1 13       0 1 1 01                    Q 62f     565553342910 9 711   125.0  125.0
 21 6179.183788 7.079E-29 3.473E-08.07870.108   42.92250.68-.004598       4 1 1 02       0 0 0 01                    Q 10e     536663342910 9 711    21.0   21.0
 21 6179.245367 7.708E-29 3.466E-08.07700.105   60.87090.68-.004794       4 1 1 02       0 0 0 01                    Q 12e     536663342910 9 711    25.0   25.0
 21 6179.261371 6.493E-30 3.176E-05.07620.103 2003.58080.68-.004473       5 2 2 03       1 1 1 02                    R 13e     466663342910 9 711    29.0   27.0
 21 6179.317835 8.054E-29 3.459E-08.07550.103   81.94010.68-.004969       4 1 1 02       0 0 0 01                    Q 14e     536663342910 9 711    29.0   29.0
 21 6179.331506 3.194E-29 6.744E-03.06560.072 3042.84600.74-.008476       3 3 3 13       0 3 3 01                    R 51e     465553342910 9 711   105.0  103.0
 21 6179.401277 8.127E-29 3.450E-08.07420.101  106.12970.69-.005128       4 1 1 02       0 0 0 01                    Q 16e     536663342910 9 711    33.0   33.0
 21 6179.418531 5.569E-25 6.804E-03.07220.097  831.68290.71-.006601       3 1 1 13       0 1 1 01                    P 20f     666663342910 9 711    39.0   41.0
 21 6179.495599 1.656E-27 7.012E-05.06730.083 1216.35090.74-.006424       4 2 2 02       0 1 1 01                    P 37e     466663342910 9 711    73.0   75.0
 21 6179.495795 7.957E-29 3.440E-08.07310.099  133.43930.70-.005276       4 1 1 02       0 0 0 01                    Q 18e     566663342910 9 711    37.0   37.0
 21 6179.552599 1.784E-27 6.776E-05.06750.084 1188.28970.74-.006384       4 2 2 02       0 1 1 01                    P 36f     466663342910 9 711    71.0   73.0
 21 6179.601500 7.581E-29 3.430E-08.07220.097  163.86840.71-.005416       4 1 1 02       0 0 0 01                    Q 20e     566663342910 9 711    41.0   41.0
 21 6179.664348 3.144E-28 2.031E-02.06620.075 2778.57490.74-.008160       4 1 1 14       1 1 1 02                    R 46f     566563342910 9 711    95.0   93.0
 21 6179.717557 1.173E-27 1.555E-02.08200.111 2098.71840.68-.004355       4 1 1 13       1 1 1 01                    R  7e     566663342910 9 711    17.0   15.0
 21 6179.718517 7.043E-29 3.417E-08.07130.095  197.41660.71-.005549       4 1 1 02       0 0 0 01                    Q 22e     566663342910 9 711    45.0   45.0
 21 6179.734036 2.259E-26 6.200E-03.07700.104 1396.22820.68-.005134       3 2 2 13       0 2 2 01                    R 12e     566663342910 9 711    27.0   25.0
 21 6179.752855 7.287E-30 4.480E-04.06170.069 2814.74520.72-.007312       5 1 1 02       1 0 0 01                    P 60e     465553342910 9 711   119.0  121.0
 21 6179.753406 2.017E-30 3.932E-04.07870.107 2713.99330.68-.004100       6 1 1 03       2 0 0 02                    R 10e     466663342910 9 711    23.0   21.0
 21 6179.793121 2.677E-29 6.762E-03.06530.072 3083.57500.73-.008536       3 3 3 13       0 3 3 01                    R 52f     465553342910 9 711   107.0  105.0
 21 6179.813961 1.371E-28 2.009E-02.06560.072 2967.67660.74-.008476       4 1 1 14       1 1 1 02                    R 51e     565553342910 9 711   105.0  103.0
 21 6179.816302 7.088E-30 1.976E-08.09500.127    0.00000.69-.002617       4 1 1 02       0 0 0 01                    R  0e     536663342910 9 711     3.0    1.0
 21 6179.846987 6.393E-29 3.405E-08.07060.094  234.08340.72-.005678       4 1 1 02       0 0 0 01                    Q 24e     566663342910 9 711    49.0   49.0
 21 6179.847055 7.579E-30 3.662E-05.07550.102 2014.71830.69-.004586       5 2 2 03       1 1 1 02                    R 14f     466663342910 9 711    31.0   29.0
 21 6179.921482 8.381E-29 2.696E-02.07420.100 2903.37400.70-.005630       5 0 0 13       2 0 0 01                    R 16e     566663342910 9 711    35.0   33.0
 21 6179.987060 5.675E-29 3.391E-08.06990.092  273.86800.73-.005802       4 1 1 02       0 0 0 01                    Q 26e     566663342910 9 711    53.0   53.0
