 11 2880.268114 1.580E-30 4.886E-04.07920.352 3109.91160.71-.004690          0 1 1          0 1 0  6  3  4        7  7  1      432230837294713152    13.0   15.0
 11 2880.283584 1.083E-28 4.255E-01.08400.391 3598.51590.67-.004930          0 4 0          0 2 0  5  1  5        5  2  4      434233837294713152    11.0   11.0
 11 2880.374434 4.093E-30 8.145E-09.07340.352  842.35660.650.000000          0 2 0          0 0 0  5  3  2        7  3  4     q5322308079917122 0    33.0   45.0
 11 2880.516921 6.148E-28 5.145E-01.03420.235 3465.07000.35-.005090          0 2 0          0 0 0 13  7  7       14  8  6      434223837260713049    27.0   29.0
 11 2880.544947 1.033E-29 1.718E+00.03190.183 4833.20850.30-.020990          0 0 1          0 0 0 17  5 13       18  7 12      434233837260713049   105.0  111.0
 11 2880.558671 2.719E-30 1.703E-04.06400.281 2915.89430.640.007660          0 2 0          0 1 0 12  6  6       11  1 11      432230837294713152    25.0   23.0
 11 2880.706768 1.021E-27 1.319E-05.07710.315 1360.23530.74-.003610          0 1 0          0 0 0 10  9  2        9  4  5      574223837260713049    63.0   57.0
 11 2880.745364 5.109E-28 2.026E-03.03970.221 2631.26890.460.009530          0 1 0          0 0 0 16  6 11       15  1 14      474223837260713049    99.0   93.0
 11 2881.037378 1.804E-27 5.030E-01.03420.235 3464.88740.35-.004530          0 2 0          0 0 0 13  7  6       14  8  7      434223837260713049    81.0   87.0
 11 2881.108270 1.943E-29 6.021E-05.05180.235 2327.88380.610.006230          0 1 0          0 0 0 14  8  6       14  1 13      474233837260713049    29.0   29.0
 11 2881.109622 8.542E-30 3.638E-03.08310.298 3253.73800.71-.008950          1 1 0          0 1 0  9  1  9       10  4  6      432230837294713152    19.0   21.0
 11 2881.410056 1.623E-28 5.112E-04.07340.265 2300.68500.72-.013620          0 2 0          0 0 0 12  2 10       12  5  7      534233837260713049    25.0   25.0
 11 2881.450598 8.706E-26 8.591E-01.03880.298 2705.13960.30-.004800          0 3 0          0 1 0  9  0  9       10  1 10      464423837294713159    57.0   63.0
 11 2881.494185 1.910E-30 6.344E-01.05100.298 4644.21720.460.002860          0 4 0          0 2 0 10  1  9       10  2  8      432230837294713152    21.0   21.0
 11 2881.701430 3.086E-26 3.680E-01.08320.352 2439.95450.700.002000          0 3 0          0 1 0  6  2  4        7  3  5      464423837294713159    13.0   15.0
 11 2882.121074 2.650E-26 7.847E-01.03870.298 2705.09690.30-.004500          0 3 0          0 1 0  9  1  9       10  0 10      454423835994713159    19.0   21.0
 11 2882.221064 1.332E-30 1.039E-03.05040.235 3465.07000.54-.023860          1 0 0          0 0 0 14  3 11       14  8  6      432230837360713049    29.0   29.0
 11 2882.244728 2.670E-29 2.093E+00.03430.208 4427.22680.32-.002790          0 0 1          0 0 0 15  7  8       16  9  7      434233837260713049    31.0   33.0
 11 2882.433694 2.695E-30 4.275E-01.01230.172 4608.5562-.07-.005540          0 2 0          0 0 0 18  3 15       19  4 16      432230837260713049    37.0   39.0
 11 2882.892717 1.182E-28 2.108E-03.05250.208 2952.39370.56-.001850          0 1 0          0 0 0 17  5 12       16  2 15      474233837260713049   105.0   99.0
 11 2882.958333 3.602E-29 1.412E-07.07450.298 1114.54990.710.001690          0 1 0          0 0 0 10  8  3       10  1 10      572230837260713049    63.0   63.0
 11 2883.027701 4.308E-25 2.518E-01.04790.303 2144.04630.57-.013315          0 2 0          0 0 0 10  5  6       11  6  5      587777835910162545    63.0   69.0
 11 2883.310644 1.933E-30 3.360E+00.05560.172 5326.98310.57-.025840          1 0 0          0 0 0 18  6 13       19  7 12      432230837360713049   111.0  117.0
 11 2883.387143 4.157E-27 2.772E-02.06110.265 2437.50190.60-.021730          1 0 0          0 0 0 11  3  9       12  6  6      434223837360713049    23.0   25.0
 11 2883.992014 4.093E-31 2.468E-02.03680.195 4409.34430.340.000000          0 1 0          0 0 0 18 10  8       17  7 11      4333308387659336 0    37.0   35.0
 11 2884.344371 1.300E-27 1.371E-01.05320.235 3264.33740.68-.019350          1 0 0          0 0 0 13  4  9       14  7  8      434223837378713049    81.0   87.0
 11 2884.845869 6.891E-27 8.449E-06.08560.391  742.07630.73-.001230          0 2 0          0 0 0  5  2  3        5  5  0      534223837260713049    33.0   33.0
 11 2884.865219 3.519E-27 9.270E-05.06380.265 1557.84770.640.009700          0 1 0          0 0 0 13  6  7       12  1 12      574426837260713049    81.0   75.0
 11 2884.870726 3.300E-30 6.366E+00.02100.195 5324.66660.14-.012900          1 0 0          0 0 0 16 10  7       17 11  6      432230837360713049    99.0  105.0
 11 2884.876565 1.101E-30 6.372E+00.02100.195 5324.66540.14-.012890          1 0 0          0 0 0 16 10  6       17 11  7      432230837360713049    33.0   35.0
 11 2884.921444 1.031E-27 1.259E+00.09860.456 3316.14530.75-.002400          0 4 0          0 2 0  1  1  0        2  2  1      434223837294713152     9.0   15.0
 11 2884.961952 2.269E-27 3.956E-03.06290.281 2142.59770.61-.017230          0 0 1          0 0 0 10  2  9       11  6  6      534223837260713049    21.0   23.0
 11 2885.032579 4.580E-26 5.305E-01.07320.371 2399.16550.64-.006100          0 3 0          0 1 0  5  3  3        6  4  2      454423835994713159    11.0   13.0
 11 2885.310531 6.520E-30 4.099E-04.02130.208 3211.21260.20-.004560          0 2 0          0 0 0 17  0 17       16  3 14      432230837260713049   105.0   99.0
 11 2885.465181 2.376E-30 4.478E-04.02120.208 3211.05580.19-.004500          0 2 0          0 0 0 17  1 17       16  2 14      432230837260713049    35.0   33.0
 11 2885.576327 7.839E-29 8.291E-01.02630.195 4027.50600.25-.018910          0 0 1          0 0 0 16  3 14       17  5 13      434233837260713049    33.0   35.0
 11 2885.595346 4.215E-30 5.666E-01.05320.315 4436.94050.48-.008130          0 4 0          0 2 0  9  2  8        9  3  7      432230837294713152    19.0   19.0
 11 2885.652310 2.012E-30 6.356E-06.07650.265 2300.68500.71-.011150          1 0 0          0 0 0 12  0 12       12  5  7      532230837360713049    25.0   25.0
 11 2885.671107 2.042E-28 1.077E+00.04260.298 3770.72440.45-.004030          0 3 0          0 1 0  9  6  4       10  7  3      434243837294713152    19.0   21.0
 11 2885.786477 6.047E-28 1.063E+00.04290.298 3770.71130.45-.003900          0 3 0          0 1 0  9  6  3       10  7  4      434223837294713152    57.0   63.0
 11 2885.797909 8.774E-31 2.410E+00.03590.285 5008.96280.600.000000          0 4 0          0 2 0  7  6  2        8  7  1      4333308387659336 0    15.0   17.0
 11 2885.799427 2.625E-30 2.403E+00.03520.333 5008.96250.37-.000050          0 4 0          0 2 0  7  6  1        8  7  2      432230837294713152    45.0   51.0
 11 2885.825785 7.983E-28 1.672E-03.09280.412 2005.91700.73-.006290          0 3 0          0 1 0  4  0  4        4  3  1      534223837294713152     9.0    9.0
 11 2885.826775 1.105E-30 5.014E-03.05230.250 4052.81090.550.013570          0 2 0          0 1 0 14  8  7       13  3 10      432230837294713152    87.0   81.0
 11 2885.896379 3.719E-26 5.170E-02.05610.281 2321.90570.540.000000          1 0 0          0 0 0 10  4  7       11  7  4      564423837360713059    63.0   69.0
 11 2886.007442 2.374E-30 9.233E+00.01700.208 5455.88860.10-.013910          1 0 0          0 0 0 15 12  3       16 13  4      432230837360713049    93.0   99.0
 11 2886.007442 7.739E-31 9.030E+00.00440.208 5455.88860.040.000000          1 0 0          0 0 0 15 12  4       16 13  3      4333308387659336 0    31.0   33.0
 11 2886.167665 3.251E-27 7.108E-01.03180.281 3136.41250.23-.003730          0 3 0          0 1 0 10  1  9       11  2 10      434223837294713152    21.0   23.0
 11 2886.338295 1.370E-29 1.572E-03.03910.221 3083.86520.46-.014940          1 0 0          0 0 0 15  1 15       15  4 12      434233837360713049    31.0   31.0
 11 2886.525662 6.888E-30 7.507E-02.07580.265 3959.25340.71-.014510          0 1 1          0 1 0 11  1 10       12  5  7      432230837294713152    23.0   25.0
 11 2886.597759 4.720E-26 7.493E-01.05860.352 2724.16710.54-.006500          0 3 0          0 1 0  6  4  3        7  5  2      464423835994713159    39.0   45.0
 11 2887.055986 1.501E-26 7.147E-01.05910.352 2724.04140.55-.002800          0 3 0          0 1 0  6  4  2        7  5  3      464423837294713159    13.0   15.0
 11 2887.065496 4.532E-30 3.170E-03.06730.333 3306.29550.64-.003470          1 1 0          0 1 0  7  4  4        8  7  1      432230837294713152    15.0   17.0
 11 2887.069158 2.926E-29 6.822E-03.07300.333 3306.29520.69-.002780          1 1 0          0 1 0  7  4  3        8  7  2      434233837294713152    45.0   51.0
 11 2887.212830 1.565E-25 2.733E-01.05050.261 2142.59770.49-.001000          0 2 0          0 0 0 10  5  5       11  6  6      564723835960163059    21.0   23.0
 11 2887.230319 1.687E-30 8.799E-05.06650.315 2841.43080.660.001120          0 2 0          0 1 0 10  8  2        9  3  7      432230837294713152    21.0   19.0
 11 2887.243398 8.337E-30 4.415E-01.01220.172 4608.2236-.06-.002410          0 2 0          0 0 0 18  4 15       19  3 16      432230837260713049   111.0  117.0
 11 2887.288314 1.023E-30 1.532E-06.08470.371 2041.78050.710.003700          0 0 1          0 1 0  7  6  1        6  0  6      532230837294713152    15.0   13.0
 11 2887.838983 2.347E-29 1.194E-02.08110.281 3535.87040.71-.008590          0 1 1          0 1 0 10  0 10       11  4  7      434233837294713152    63.0   69.0
 11 2888.056822 3.123E-29 1.502E-04.05860.265 2612.79980.62-.015900          0 0 1          0 0 0 12  1 11       12  7  6      534233837260713049    75.0   75.0
 11 2888.181415 1.468E-25 5.659E-01.07460.273 2398.38150.650.002500          0 3 0          0 1 0  5  3  2        6  4  3      464723835994163159    33.0   39.0
 11 2888.321794 1.063E-29 2.139E+00.03560.371 4407.15760.37-.002410          0 4 0          0 2 0  5  5  1        6  6  0      434233837294713152    11.0   13.0
 11 2888.439482 2.977E-29 1.996E+00.03560.371 4407.04630.37-.002370          0 4 0          0 2 0  5  5  0        6  6  1      434233837294713152    33.0   39.0
 11 2888.796571 4.189E-31 1.643E-02.00940.172 4331.0892-.120.000000          0 1 0          0 0 0 19  8 12       19  3 17      4333308387659336 0    39.0   39.0
 11 2888.907674 4.200E-30 1.323E-08.07340.352  709.60820.650.000000          0 2 0          0 0 0  5  2  4        7  2  6     q5322308079917122 0    11.0   15.0
 11 2889.263812 6.552E-31 2.991E-04.05480.299 3323.26980.560.000000          0 3 0          0 1 0 12  0 12       11  3  9      4333308387659336 0    25.0   23.0
 11 2889.484708 3.466E-28 3.924E-01.01070.195 3567.2548-.16-.003640          0 2 0          0 0 0 16  2 14       17  3 15      434223837260713049    33.0   35.0
 11 2889.893935 5.394E-30 7.059E-02.00880.172 4331.0667-.17-.004490          0 2 0          0 0 0 19  1 18       19  2 17      432230837260713049   117.0  117.0
 11 2890.024106 4.213E-29 1.587E-03.04040.221 3080.17870.46-.010470          1 0 0          0 0 0 15  0 15       15  3 12      434233837360713049    93.0   93.0
 11 2890.163112 1.311E-24 3.764E-01.01320.196 1806.67150.20-.005345          0 2 0          0 0 0 12  0 12       13  1 13      587777835910162545    25.0   27.0
 11 2890.195765 3.931E-24 3.762E-01.01280.195 1806.67000.26-.005630          0 2 0          0 0 0 12  1 12       13  0 13      587777835910162545    75.0   81.0
 11 2890.214181 1.965E-28 4.416E-01.02730.250 3877.08860.20-.000810          0 3 0          0 1 0 12  3 10       13  2 11      434233837294713152    75.0   81.0
 11 2890.224617 1.119E-29 2.809E-04.06480.315 2690.59370.610.007000          0 0 1          0 1 0 10  6  5        9  2  8      534233837294713152    21.0   19.0
 11 2890.269425 7.308E-30 4.756E-01.04150.235 4585.34910.41-.022980          1 1 0          0 1 0 13  2 11       14  5 10      432230837294713152    81.0   87.0
 11 2890.341575 4.007E-28 2.149E-04.06350.281 2144.04630.59-.014690          0 2 0          0 0 0 11  3  8       11  6  5      534223837260713049    69.0   69.0
 11 2890.352616 3.264E-30 3.961E-01.02690.221 4728.22120.210.003430          0 3 0          0 1 0 14  4 11       15  3 12      432230837294713152    87.0   93.0
 11 2890.367514 1.414E-30 5.554E-02.00880.172 4331.0892-.17-.004580          0 2 0          0 0 0 19  2 18       19  3 17      432230837260713049    39.0   39.0
 11 2890.837305 1.048E-27 3.957E-01.01090.195 3567.1738-.15-.003500          0 2 0          0 0 0 16  3 14       17  2 15      434223837260713049    99.0  105.0
 11 2890.897167 2.952E-25 3.789E-01.08230.378 2130.49430.80-.003500          0 3 0          0 1 0  4  2  3        5  3  2      577773835910162559    27.0   33.0
 11 2890.924830 1.443E-27 1.043E+00.09460.412 3381.70420.73-.004230          0 4 0          0 2 0  3  0  3        4  1  4      434223837294713152    21.0   27.0
 11 2891.109861 1.220E-30 1.098E+01.00860.221 5614.0874-.05-.015840          1 0 0          0 0 0 14 14  1       15 15  0      332230837360713049    87.0   93.0
 11 2891.109861 3.976E-31 1.074E+01.00660.221 5614.0874-.040.000000          1 0 0          0 0 0 14 14  0       15 15  1      3333308387659336 0    29.0   31.0
 11 2891.123974 2.521E-30 2.377E+00.03250.250 5119.37560.37-.005290          0 3 0          0 1 0 12  8  5       13  9  4      432230837294713152    75.0   81.0
 11 2891.129207 8.437E-31 2.386E+00.04320.253 5119.37420.460.000000          0 3 0          0 1 0 12  8  4       13  9  5      4333308387659336 0    25.0   27.0
 11 2891.569889 3.140E-26 4.283E-01.01220.221 2631.2835-.14-.006500          0 2 0          0 0 0 14  1 13       15  2 14      454423835960713059    29.0   31.0
 11 2891.592620 1.571E-27 4.768E-01.03590.221 3269.53980.36-.021190          1 0 0          0 0 0 14  2 12       15  5 11      434223837360713049    29.0   31.0
 11 2891.758246 2.423E-30 3.249E-04.06440.235 3101.44100.65-.022480          0 2 0          0 0 0 14  3 11       14  6  8      432230837260713049    29.0   29.0
 11 2891.778128 4.932E-29 3.843E-01.01520.183 4201.85820.01-.006870          0 2 0          0 0 0 17  3 14       18  4 15      434233837260713049   105.0  111.0
 11 2891.848517 9.250E-26 4.206E-01.01220.182 2631.2689-.14-.007000          0 2 0          0 0 0 14  2 13       15  1 14      564723835960163059    87.0   93.0
 11 2892.113700 1.099E-30 5.487E-06.07700.333 2337.46330.700.002620          0 2 0          0 1 0  9  7  3        8  0  8      432230837294713152    19.0   17.0
 11 2892.211162 8.229E-30 8.312E-02.02520.221 4243.10960.23-.014380          0 0 1          0 1 0 16  3 13       15  1 14      432230837294713152    99.0   93.0
 11 2892.318986 1.864E-25 3.893E-01.08700.371 2271.71220.720.001500          0 3 0          0 1 0  5  2  3        6  3  4      464723835994163159    33.0   39.0
 11 2892.343479 1.094E-26 1.972E-03.07250.315 1631.24550.66-.019670          1 0 0          0 0 0  8  1  7        9  6  4      5642238373607130 8    17.0   19.0
 11 2892.373607 7.670E-26 4.021E-01.04200.265 2612.79980.43-.005000          0 2 0          0 0 0 11  6  5       12  7  6      564423835960713059    69.0   75.0
 11 2892.379145 7.023E-30 7.300E-04.08380.352 3109.91160.74-.003200          0 1 1          0 1 0  6  3  3        7  7  0      432230837294713152    39.0   45.0
 11 2892.518012 2.017E-26 3.178E-01.04220.265 2613.10460.430.000000          0 2 0          0 0 0 11  6  6       12  7  5      464423837260713059    23.0   25.0
 11 2892.743041 2.927E-29 1.692E-08.07340.352  586.24350.650.000000          0 2 0          0 0 0  5  0  5        7  0  7     q5322308079917122 0    33.0   45.0
 11 2893.075974 2.298E-24 1.891E-01.06080.346 1718.71880.730.006580          0 2 0          0 0 0  9  4  5       10  5  6      587777835910162545    57.0   63.0
 11 2893.112154 2.051E-27 8.528E-01.02720.265 3512.40490.32-.011190          0 0 1          0 0 0 11  9  3       12 11  2      434223837260713049    69.0   75.0
 11 2893.112346 6.836E-28 8.527E-01.02720.265 3512.40490.32-.011180          0 0 1          0 0 0 11  9  2       12 11  1      434223837260713049    23.0   25.0
 11 2893.165730 5.044E-30 1.159E-08.07810.371  602.77350.670.000000          0 2 0          0 0 0  4  2  2        6  2  4     q5322308079917122 0     9.0   13.0
 11 2893.231983 2.829E-30 8.581E-02.02400.221 4243.15400.20-.009140          0 0 1          0 1 0 16  4 13       15  2 14      432230837294713152    33.0   31.0
 11 2893.299277 1.315E-28 1.735E+00.02950.221 4045.28560.30-.004680          0 2 0          0 0 0 14  8  6       15  9  7      434233837260713049    29.0   31.0
 11 2893.315812 3.468E-28 1.525E+00.02940.221 4045.32180.30-.004840          0 2 0          0 0 0 14  8  7       15  9  6      434223837260713049    87.0   93.0
 11 2893.370389 3.030E-30 5.910E-03.06320.298 3565.00350.59-.014910          1 1 0          0 1 0  9  3  7       10  6  4      432230837294713152    19.0   21.0
 11 2893.476758 1.009E-26 7.367E-01.03090.281 3135.76490.22-.008940          0 3 0          0 1 0 10  2  9       11  1 10      4642238072947131 8    63.0   69.0
 11 2893.477473 2.723E-29 2.360E-01.02100.235 4184.83120.12-.003780          0 3 0          0 1 0 14  2 13       14  3 12      434223837294713152    87.0   87.0
 11 2893.596523 2.512E-26 1.102E-05.09160.412  488.10770.72-.005640          0 2 0          0 0 0  4  1  4        4  4  1      564426837260713049    27.0   27.0
 11 2893.782917 6.143E-30 2.771E-05.07200.250 2629.33450.71-.008900          0 2 0          0 0 0 14  2 13       13  5  8      532230837260713049    87.0   81.0
 11 2893.814184 3.224E-23 5.479E-02.08920.438  842.35660.77-.002753          0 2 0          0 0 0  6  2  5        7  3  4      587777835910162545    39.0   45.0
 11 2894.025478 9.237E-30 2.386E-01.02050.235 4183.38900.10-.002330          0 3 0          0 1 0 14  1 13       14  2 12      432230837294713152    29.0   29.0
 11 2894.232793 1.522E-29 1.014E-02.07090.315 3320.92980.65-.012400          0 1 1          0 1 0  8  2  7        9  6  4      434233837294713152    17.0   19.0
 11 2894.448494 3.786E-28 4.701E-05.07670.298 1616.45310.74-.003930          0 1 0          0 0 0 11  9  3       10  4  6      574223837260713049    23.0   21.0
 11 2894.618129 3.819E-30 1.145E-03.05140.235 3266.51420.56-.024290          1 0 0          0 0 0 14  2 12       14  7  7      432230837360713049    29.0   29.0
 11 2894.657756 3.130E-26 1.318E-02.06420.298 2054.34520.61-.006000          0 0 1          0 0 0  9  3  7       10  7  4      564423837260713059    57.0   63.0
 11 2894.659320 1.923E-28 6.512E-01.03060.195 4017.90840.30-.009240          0 0 1          0 0 0 16  2 14       17  4 13      434233837260713049    99.0  105.0
 11 2894.729828 2.154E-30 1.098E-05.07740.352 2318.53990.690.000900          1 0 0          0 1 0  8  7  1        7  2  6      532230837294713152    17.0   15.0
 11 2895.126977 1.347E-29 9.918E-03.03270.235 3465.07000.37-.007840          0 1 0          0 0 0 15 11  5       14  8  6      474233837260713049    31.0   29.0
 11 2895.309726 4.047E-29 9.925E-03.03250.235 3464.88740.37-.007720          0 1 0          0 0 0 15 11  4       14  8  7      474233837260713049    93.0   87.0
 11 2895.620951 3.519E-27 9.134E-01.04860.333 3101.14220.48-.001240          0 3 0          0 1 0  7  5  3        8  6  2      434223837294713152    15.0   17.0
 11 2895.669235 8.488E-30 1.460E-08.07810.371  542.90580.670.000000          0 2 0          0 0 0  4  1  3        6  1  5     q5322308079917122 0     9.0   13.0
 11 2895.719515 1.054E-26 9.119E-01.04840.333 3101.12380.48-.005118          0 3 0          0 1 0  7  5  2        8  6  3      464223837294713110    45.0   51.0
 11 2895.785569 2.907E-30 5.374E-04.05710.281 3136.41250.610.006800          0 2 0          0 1 0 12  7  5       11  2 10      432230837294713152    25.0   23.0
 11 2895.942824 7.288E-28 1.819E-05.08540.352 1394.81420.73-.007920          0 0 1          0 0 0  6  1  5        7  7  0      534223837260713049    39.0   45.0
 11 2896.000981 9.833E-30 1.711E-08.07340.352  586.47920.650.000000          0 2 0          0 0 0  5  1  5        7  1  7     q5322308079917122 0    11.0   15.0
 11 2896.017537 1.537E-29 2.779E+00.03300.195 4610.02210.30-.013880          0 0 1          0 0 0 16  6 11       17  8 10      434233837260713049    33.0   35.0
 11 2896.046512 5.953E-27 3.807E-05.08280.371  888.63270.71-.001860          0 2 0          0 0 0  6  2  4        6  5  1      534223837260713049    13.0   13.0
 11 2896.200904 5.549E-30 9.285E-01.04070.183 4606.16820.42-.004240          0 0 1          0 0 0 17  3 14       18  5 13      432230837260713049    35.0   37.0
 11 2896.252558 1.965E-25 2.899E-04.08700.352  842.35660.72-.004000          0 2 0          0 0 0  7  0  7        7  3  4      574423835960713059    45.0   45.0
 11 2896.497267 5.010E-28 4.605E-01.09000.412 3482.06450.71-.004680          0 4 0          0 2 0  4  1  4        4  2  3      434223837294713152    27.0   27.0
 11 2896.542053 8.397E-30 8.530E-05.06390.281 2522.26130.65-.013700          0 0 1          0 0 0 11  2  9       11  8  4      534233837260713049    23.0   23.0
 11 2896.624279 6.049E-27 1.686E-01.05010.315 2690.59370.44-.002670          0 3 0          0 1 0  9  1  9        9  2  8      434223837294713152    19.0   19.0
 11 2896.691497 6.000E-30 1.331E+00.03770.265 4803.82000.39-.007660          0 1 1          0 1 0 11  7  5       12  9  4      432230837294713152    69.0   75.0
 11 2896.776664 2.002E-30 1.333E+00.03780.265 4803.82030.39-.007500          0 1 1          0 1 0 11  7  4       12  9  3      432230837294713152    23.0   25.0
 11 2897.124528 2.486E-26 6.533E-01.04090.298 2904.42840.34-.014000          0 3 0          0 1 0  9  1  8       10  2  9      464423837294713159    57.0   63.0
 11 2897.297181 1.154E-27 6.475E-04.09690.434 1907.61570.74-.007520          0 3 0          0 1 0  3  0  3        3  3  0      534223837294713152    21.0   21.0
 11 2897.454947 4.208E-30 6.250E-07.08110.333 1590.69070.71-.006780          0 0 1          0 0 0  8  1  8        8  7  1      532230837260713049    17.0   17.0
 11 2897.603505 3.335E-29 5.999E-01.06230.333 4224.58650.55-.009060          0 4 0          0 2 0  8  2  7        8  3  6      434243837294713152    51.0   51.0
 11 2897.625679 6.415E-30 1.581E-01.06530.265 4125.59900.64-.024460          0 1 1          0 1 0 11  2  9       12  6  6      432230837294713152    23.0   25.0
 11 2897.861497 8.940E-26 1.622E-01.09720.412 1922.90110.74-.003500          0 3 0          0 1 0  3  1  3        4  2  2      464423835994713159     7.0    9.0
 11 2898.366091 9.347E-29 8.425E-04.06190.250 2756.41530.68-.009530          0 1 0          0 0 0 13 11  2       13  6  7      474233837260713049    81.0   81.0
 11 2898.510178 1.882E-26 1.730E-01.05040.315 2688.07990.44-.000300          0 3 0          0 1 0  9  0  9        9  1  8      464423307294713159    57.0   57.0
 11 2898.599480 1.948E-30 7.236E-01.05580.298 4644.21720.510.006690          0 4 0          0 2 0  9  3  7       10  2  8      432230837294713152    19.0   21.0
 11 2898.825174 5.542E-29 3.436E-04.06300.265 2437.50190.60-.019480          0 2 0          0 0 0 12  3  9       12  6  6      434233837260713049    25.0   25.0
 11 2899.032134 1.966E-29 7.413E-01.06310.315 4399.54210.560.004080          0 4 0          0 2 0  9  1  8        9  2  7      434223837294713152    57.0   57.0
 11 2899.058893 8.662E-28 5.802E-02.06860.250 2927.07520.63-.013600          1 0 0          0 0 0 12  4  8       13  7  7      534223837360713049    25.0   27.0
 11 2899.249240 5.630E-26 4.736E-02.02310.250 2042.37410.130.000000          0 2 0          0 0 0 13  1 13       13  2 12      564423835960713059    27.0   27.0
 11 2899.296021 1.653E-25 4.634E-02.02310.164 2042.31060.13-.006000          0 2 0          0 0 0 13  0 13       13  1 12      574723835960163059    81.0   81.0
 11 2899.533760 1.722E-29 4.035E-01.01450.183 4201.2514-.01-.001520          0 2 0          0 0 0 17  4 14       18  3 15      434233837260713049    35.0   37.0
 11 2899.575274 1.243E-27 1.128E+00.08450.391 3478.98650.67-.002120          0 4 0          0 2 0  4  1  4        5  0  5      434223837294713152    27.0   33.0
 11 2899.655842 9.264E-29 3.472E-01.01910.195 3812.04690.09-.008530          0 2 0          0 0 0 16  3 13       17  4 14      434233837260713049    33.0   35.0
 11 2900.057239 3.555E-28 1.271E-05.06840.315 1340.88490.69-.002510          0 1 0          0 0 0 10  9  1        9  4  6      574223837260713049    21.0   19.0
 11 2900.116146 1.368E-30 5.213E-01.02960.221 4736.24170.28-.017680          0 1 1          0 1 0 14  2 13       15  4 12      432230837294713152    29.0   31.0
 11 2900.231576 2.513E-28 3.292E-06.07990.315 1360.23530.71-.005080          0 2 0          0 0 0 10  1 10        9  4  5      532230837260713049    63.0   57.0
 11 2900.285792 1.594E-30 6.221E-07.08370.333 1789.04280.75-.001270          1 0 0          0 0 0  8  3  5        8  8  0      532230837360713049    17.0   17.0
 11 2900.627329 6.790E-26 8.919E-01.04740.315 2512.37570.39-.005100          0 3 0          0 1 0  8  0  8        9  1  9      464423835994713159    17.0   19.0
 11 2900.996325 1.149E-29 6.312E-04.05720.250 3127.86190.59-.021830          1 0 0          0 0 0 13  3 10       13  8  5      434233837360713049    81.0   81.0
 11 2901.059295 5.454E-28 6.171E-01.08980.391 3565.45460.710.000090          0 4 0          0 2 0  5  0  5        5  1  4      434223837294713152    33.0   33.0
 11 2901.178413 1.196E-28 1.586E+00.03140.221 4045.28560.29-.009760          0 0 1          0 0 0 14  7  8       15  9  7      434233837260713049    29.0   31.0
 11 2901.249751 2.647E-30 8.308E+00.01960.208 5183.59100.14-.013330          1 0 0          0 0 0 15 11  5       16 12  4      432230837360713049    31.0   33.0
 11 2901.249876 7.939E-30 8.306E+00.01960.208 5183.59100.14-.013320          1 0 0          0 0 0 15 11  4       16 12  5      432230837360713049    93.0   99.0
 11 2901.564436 8.875E-29 1.585E+00.03610.281 4265.97630.40-.004150          0 3 0          0 1 0 10  7  4       11  8  3      434233837294713152    63.0   69.0
 11 2901.572493 2.957E-29 1.584E+00.03610.281 4265.97440.40-.004110          0 3 0          0 1 0 10  7  3       11  8  4      434233837294713152    21.0   23.0
 11 2901.838953 6.822E-24 1.238E-01.08060.404 1131.77560.74-.005831          0 2 0          0 0 0  7  3  5        8  4  4      587777835910162545    15.0   17.0
 11 2901.843913 1.919E-25 8.406E-01.04710.315 2512.28290.38-.004400          0 3 0          0 1 0  8  1  8        9  0  9      464423837294713159    51.0   57.0
 11 2902.161980 9.494E-30 2.409E+00.02880.208 4665.98060.33-.004090          0 2 0          0 0 0 15  9  7       16 10  6      434233837260713049    31.0   33.0
 11 2902.165926 1.701E-28 7.494E-01.07080.352 3879.33620.590.002450          0 4 0          0 2 0  6  2  5        7  1  6      534223837294713152    39.0   45.0
 11 2902.181105 2.853E-29 2.413E+00.02880.208 4665.97390.33-.004050          0 2 0          0 0 0 15  9  6       16 10  7      434233837260713049    93.0   99.0
 11 2902.297815 5.161E-27 3.706E-01.01350.208 3211.2126-.07-.003900          0 2 0          0 0 0 15  2 13       16  3 14      434223837260713049    93.0   99.0
 11 2902.317949 7.346E-27 1.651E-01.04860.250 2927.94130.64-.024210          0 0 1          0 0 0 12  3  9       13  7  6      534223837265713049    75.0   81.0
 11 2902.643070 1.434E-30 1.028E+01.01220.221 5339.67110.01-.014950          1 0 0          0 0 0 14 13  1       15 14  2      432230837360713049    29.0   31.0
 11 2902.643070 4.303E-30 1.029E+01.01220.221 5339.67110.01-.014960          1 0 0          0 0 0 14 13  2       15 14  1      432230837360713049    87.0   93.0
 11 2902.798611 1.738E-30 9.302E-09.07340.352  816.69420.650.000000          0 2 0          0 0 0  5  3  3        7  3  5     q5322308079917122 0    11.0   15.0
 11 2902.908598 2.202E-29 2.288E-03.03360.265 3032.69040.47-.007600          0 1 0          0 0 0 13 12  2       12  9  3      474233837260713049    27.0   25.0
 11 2902.909210 6.605E-29 2.288E-03.03360.265 3032.68980.47-.007590          0 1 0          0 0 0 13 12  1       12  9  4      474233837260713049    81.0   75.0
 11 2902.915104 3.981E-26 5.774E-04.07910.315 1360.23530.71-.005000          0 2 0          0 0 0  9  1  8        9  4  5      564423837260713059    57.0   57.0
 11 2903.220656 2.416E-28 5.261E-02.02580.208 3439.30680.24-.016940          0 0 1          0 0 0 15  2 14       16  4 13      434233837260713049    93.0   99.0
 11 2904.099127 9.640E-28 6.864E-01.04710.221 3443.19190.48-.026760          1 0 0          0 0 0 14  3 11       15  6 10      434223837360713049    29.0   31.0
 11 2904.125174 3.682E-28 6.672E-01.03470.265 3587.66670.300.001550          0 3 0          0 1 0 11  3  9       12  2 10      434223837294713152    23.0   25.0
 11 2904.218983 9.075E-27 5.396E-01.03640.250 3127.86190.39-.006250          0 2 0          0 0 0 12  7  6       13  8  5      434223837260713049    75.0   81.0
 11 2904.258123 4.095E-28 1.815E+00.03410.221 4045.32180.32-.004700          0 0 1          0 0 0 14  7  7       15  9  6      434223837260713049    87.0   93.0
 11 2904.389425 5.802E-31 7.299E-02.07730.383 4308.21130.660.000000          1 2 0          1 0 0  5  2  4        6  3  3      4333308387659336 0    11.0   13.0
 11 2904.395253 3.002E-27 5.354E-01.03640.250 3127.80280.39-.006030          0 2 0          0 0 0 12  7  5       13  8  6      434223837260713049    25.0   27.0
 11 2904.437996 6.921E-24 1.984E-01.06340.325 1477.29740.62-.010244          0 2 0          0 0 0  8  4  5        9  5  4      587777835910162545    51.0   57.0
 11 2904.452676 5.187E-28 1.068E+00.09950.434 3299.99110.75-.005750          0 4 0          0 2 0  2  0  2        3  1  3      434223837294713152     5.0    7.0
 11 2904.555913 1.353E-30 4.738E-07.07120.298 2054.34520.69-.009000          1 0 0          0 0 0 11  0 11       10  7  4      532230837360713049    69.0   63.0
 11 2904.600424 1.739E-27 3.749E-01.01380.208 3211.0558-.06-.003480          0 2 0          0 0 0 15  3 13       16  2 14      434223837260713049    31.0   33.0
 11 2904.641673 4.281E-30 2.433E-09.08870.412  488.10770.710.000000          0 2 0          0 0 0  3  2  1        4  4  1     q5322308079917122 0    21.0   27.0
 11 2904.775974 2.690E-29 1.313E-04.05350.250 2629.33450.72-.010320          0 0 1          0 0 0 13  1 13       13  5  8      534233837265713049    81.0   81.0
 11 2904.811832 8.968E-28 1.358E-04.07400.281 1899.00820.72-.004210          0 1 0          0 0 0 12  9  4       11  4  7      474223837260713049    75.0   69.0
 11 2905.300088 2.202E-30 2.285E-01.06430.250 4437.39980.62-.026570          1 1 0          0 1 0 12  3  9       13  6  8      432230837294713152    25.0   27.0
 11 2905.636391 9.684E-28 1.583E+00.03150.250 3583.37450.34-.007530          0 0 1          0 0 0 12  8  5       13 10  4      434223837260713049    25.0   27.0
 11 2905.664307 2.905E-27 1.583E+00.03160.250 3583.37460.34-.007520          0 0 1          0 0 0 12  8  4       13 10  3      434223837260713049    75.0   81.0
 11 2905.687384 3.547E-29 7.412E-02.01010.183 3940.5873-.13-.004250          0 2 0          0 0 0 18  2 17       18  3 16      434233837260713049   111.0  111.0
 11 2905.696401 1.182E-29 7.409E-02.01010.183 3940.5449-.13-.004210          0 2 0          0 0 0 18  1 17       18  2 16      434233837260713049    37.0   37.0
 11 2906.060012 1.687E-29 1.529E-04.06450.250 2756.41530.66-.019730          1 0 0          0 0 0 13  1 12       13  6  7      434233837360713049    81.0   81.0
 11 2906.156322 5.331E-28 3.455E-01.02630.208 3437.27720.25-.013180          0 0 1          0 0 0 15  1 14       16  3 13      434223837260713049    31.0   33.0
 11 2906.359959 2.872E-30 2.677E-05.05010.235 2550.88250.600.005840          0 1 0          0 0 0 14  9  5       14  2 12      472230837260713049    29.0   29.0
 11 2906.521188 3.434E-29 1.337E-05.07110.315 1810.58330.67-.009680          1 0 0          0 0 0  9  2  8        9  7  3      532230837360713049    19.0   19.0
 11 2906.575713 8.925E-30 1.319E-03.05590.281 3314.85560.550.014710          1 0 0          0 1 0 12  7  6       11  2  9      532230837294713152    75.0   69.0
 11 2906.589421 1.887E-26 5.919E-01.05150.315 2690.59370.44-.015000          0 3 0          0 1 0  8  1  7        9  2  8      464423837294713159    17.0   19.0
 11 2906.614932 2.887E-27 6.301E-01.02430.208 3439.30680.17-.010230          0 2 0          0 0 0 15  3 12       16  4 13      534223837260713049    93.0   99.0
 11 2906.658236 2.213E-27 5.930E-04.07380.281 1998.99530.71-.015280          0 2 0          0 0 0 11  2  9       11  5  6      534223837260713049    69.0   69.0
 11 2906.725620 5.825E-24 1.984E-03.09720.467  382.51690.80-.008638          0 2 0          0 0 0  3  0  3        4  3  2      587777835910162545    21.0   27.0
 11 2906.793406 3.738E-27 5.536E-04.06250.333 1789.04280.66-.001800          1 0 0          0 0 0  7  5  2        8  8  1      534223837360713049    45.0   51.0
 11 2906.793558 1.178E-27 5.234E-04.06190.333 1789.04280.65-.001920          1 0 0          0 0 0  7  5  3        8  8  0      534223837360713049    15.0   17.0
 11 2906.843952 5.818E-30 3.545E-01.02890.298 4497.19240.36-.006010          0 1 1          0 1 0  9  8  2       10 10  1      432230837294713152    57.0   63.0
 11 2906.844036 1.939E-30 3.545E-01.02890.298 4497.19240.36-.006010          0 1 1          0 1 0  9  8  1       10 10  0      432230837294713152    19.0   21.0
 11 2907.230512 3.187E-30 1.685E-04.06290.315 2841.43080.600.000020          0 0 1          0 1 0 10  7  4        9  3  7      532230837294713152    21.0   19.0
 11 2907.301821 1.262E-25 4.819E-01.08830.391 2126.40770.720.001200          0 3 0          0 1 0  4  2  2        5  3  3      564423835994713159     9.0   11.0
 11 2907.653008 2.611E-26 1.118E-04.07760.352 1059.83550.67-.003000          0 2 0          0 0 0  7  2  5        7  5  2      564423837260713059    45.0   45.0
 11 2907.954262 1.045E-29 9.580E-06.05820.235 2073.51500.640.007150          0 1 0          0 0 0 14  7  7       14  0 14      472230837260713049    29.0   29.0
 11 2908.021041 2.553E-29 6.215E-01.07090.352 4033.61450.61-.008970          0 4 0          0 2 0  7  2  6        7  3  5      434263837294713152    15.0   15.0
 11 2908.044819 3.113E-25 3.519E-01.01100.139 2327.91400.78-.006808          0 2 0          0 0 0 13  1 12       14  2 13      577777835910162545    81.0   87.0
 11 2908.178848 5.145E-25 2.750E-01.04830.279 1875.46180.51-.011182          0 2 0          0 0 0  9  5  5       10  6  4      487777835910162545    19.0   21.0
 11 2908.429638 1.654E-29 5.662E-06.08000.315 2009.80510.72-.005780          1 0 0          0 0 0  9  3  6        9  8  1      532230837360713049    57.0   57.0
 11 2908.548318 1.034E-25 3.507E-01.01520.146 2327.8838-.06-.008500          0 2 0          0 0 0 13  2 12       14  1 13      564723835960163059    27.0   29.0
 11 2908.578260 5.440E-30 6.685E-01.03110.221 4728.22120.30-.011750          0 1 1          0 1 0 14  1 13       15  3 12      432230837294713152    87.0   93.0
 11 2908.679913 3.417E-27 2.949E-02.03980.231 2746.02350.490.000000         -2 1-2          0 0 0 13 11  2       14  4 11      1333308287659336 0    81.0   87.0
 11 2908.757904 5.337E-26 4.607E-01.06140.235 2746.02350.690.000540          0 1 0          0 0 0 13 11  2       14  4 11      472230837260713049    81.0   87.0
 11 2908.936236 6.529E-30 2.559E-04.02480.221 2872.58050.24-.004110          0 2 0          0 0 0 16  0 16       15  3 13      432230837260713049    33.0   31.0
 11 2909.238493 8.737E-27 6.903E-01.03900.298 2903.14600.32-.002280          0 3 0          0 1 0  9  2  8       10  1  9      434223837294713152    19.0   21.0
 11 2909.246377 1.908E-29 2.490E-04.02440.221 2872.27430.23-.003750          0 2 0          0 0 0 16  1 16       15  2 13      434233837260713049    99.0   93.0
 11 2909.333979 1.608E-27 2.004E-01.03130.221 3083.86520.27-.011130          0 2 0          0 0 0 14  3 11       15  4 12      434223837260713049    29.0   31.0
 11 2909.399783 3.974E-29 2.546E-01.02540.250 3879.72080.19-.004180          0 3 0          0 1 0 13  2 12       13  3 11      434223837294713152    27.0   27.0
 11 2909.436444 3.496E-25 1.731E-01.04600.334 2124.95140.49-.004000          0 2 0          0 0 0 11  3  8       12  4  9      577723835910163059    69.0   75.0
 11 2909.471931 2.022E-27 3.873E-04.05070.265 1962.50690.560.006210          0 1 0          0 0 0 13  8  5       12  3 10      474426837260713049    81.0   75.0
 11 2909.689062 1.565E-24 2.784E-01.05060.274 1874.97300.63-.005728          0 2 0          0 0 0  9  5  4       10  6  5      587777835910162545    57.0   63.0
 11 2909.703308 4.012E-25 1.659E-01.06090.389 1843.02960.53-.006000          0 2 0          0 0 0 10  3  7       11  4  8      574723835960163059    21.0   23.0
 11 2909.797816 2.082E-28 4.708E-01.09420.434 3387.68070.72-.004570          0 4 0          0 2 0  3  1  3        3  2  2      534223837294713152     7.0    7.0
 11 2909.887762 1.949E-27 1.189E+00.03990.315 3526.62750.42-.001330          0 3 0          0 1 0  8  6  3        9  7  2      434223837294713152    51.0   57.0
 11 2909.913667 6.479E-28 1.185E+00.03990.315 3526.62490.42-.001190          0 3 0          0 1 0  8  6  2        9  7  3      434223837294713152    17.0   19.0
 11 2910.130548 3.497E-26 2.068E-01.04780.250 2426.19650.44-.007000          0 2 0          0 0 0 12  3  9       13  4 10      464423837260713059    25.0   27.0
 11 2910.239785 4.036E-30 2.580E-04.07520.281 2915.89430.670.000300          1 0 0          0 1 0 12  4  8       11  1 11      532230837294713152    25.0   23.0
 11 2910.412597 6.609E-30 2.728E+00.02690.352 4812.19270.28-.003070          0 4 0          0 2 0  6  6  1        7  7  0      432230837294713152    39.0   45.0
 11 2910.412762 2.203E-30 2.728E+00.02690.352 4812.19270.28-.003080          0 4 0          0 2 0  6  6  0        7  7  1      432230837294713152    13.0   15.0
 11 2910.564882 1.232E-28 2.600E-01.02540.250 3877.08860.18-.001480          0 3 0          0 1 0 13  1 12       13  2 11      434233837294713152    81.0   81.0
 11 2910.779419 3.226E-25 7.573E-01.07060.362 2251.86250.61-.004000          0 3 0          0 1 0  4  3  2        5  4  1      564723835994163159    27.0   33.0
 11 2911.000844 5.203E-30 3.849E-01.03490.235 4382.77980.320.006660          0 3 0          0 1 0 13  4 10       14  3 11      432230837294713152    27.0   29.0
 11 2911.332383 1.742E-24 1.488E-01.06580.336 1474.98080.66-.001073          0 2 0          0 0 0  8  4  4        9  5  5      587777835910162545    17.0   19.0
 11 2911.382411 3.330E-26 8.292E-01.05690.371 2552.87970.53-.003800          0 3 0          0 1 0  5  4  2        6  5  1      454423835994713159    11.0   13.0
 11 2911.474836 9.620E-26 7.985E-01.05680.214 2552.85720.53-.002700          0 3 0          0 1 0  5  4  1        6  5  2      464723835994163159    33.0   39.0
 11 2911.568407 9.450E-26 6.654E-01.07200.391 2251.69530.620.001200          0 3 0          0 1 0  4  3  1        5  4  2      464423835994713159     9.0   11.0
 11 2911.769367 2.655E-27 1.411E-02.07040.265 2612.79980.65-.004960          1 0 0          0 0 0 11  4  7       12  7  6      534223837360713049    69.0   75.0
 11 2911.889633 1.172E-23 3.692E-01.01610.221 1557.84770.10-.005001          0 2 0          0 0 0 11  0 11       12  1 12      587777835910162545    69.0   75.0
 11 2911.952150 3.894E-24 3.681E-01.01580.218 1557.84440.21-.005165          0 2 0          0 0 0 11  1 11       12  0 12      487777835910162545    23.0   25.0
 11 2912.079182 2.959E-28 3.708E-01.01710.195 3810.93670.04-.000690          0 2 0          0 0 0 16  4 13       17  3 14      434223837260713049    99.0  105.0
 11 2912.301519 2.535E-29 4.867E-03.03500.208 3211.05580.400.012760          0 1 0          0 0 0 17  7 11       16  2 14      474233837260713049    35.0   33.0
 11 2912.376392 7.506E-25 6.418E-02.06930.331 1474.98080.67-.006800          1 0 0          0 0 0  8  0  8        9  5  5      587773835910162559    17.0   19.0
 11 2912.437111 7.297E-30 6.386E+00.02200.208 4919.25320.17-.012750          1 0 0          0 0 0 15 10  6       16 11  5      332230837360713049    31.0   33.0
 11 2912.440079 2.150E-29 6.272E+00.02200.208 4919.25280.17-.012750          1 0 0          0 0 0 15 10  5       16 11  6      432230837260713049    93.0   99.0
 11 2912.468392 3.507E-24 1.500E-01.06900.401 1581.33600.720.008697          0 2 0          0 0 0  9  3  6       10  4  7      587777835910162545    57.0   63.0
 11 2912.533556 7.753E-30 3.018E-04.06460.265 2813.52870.65-.018530          1 0 0          0 0 0 12  3  9       12  8  4      532230837360713049    25.0   25.0
 11 2912.634426 1.797E-29 1.894E-03.07040.352 3109.91160.68-.003130          1 1 0          0 1 0  6  4  3        7  7  0      434233837294713152    39.0   45.0
 11 2912.872899 6.885E-30 2.177E-03.07250.352 3109.91160.69-.003090          1 1 0          0 1 0  6  4  2        7  7  1      432230837294713152    13.0   15.0
 11 2913.603992 4.738E-30 2.357E-04.05240.298 3072.72640.50-.004650          0 3 0          0 1 0 11  0 11       10  3  8      432230837294713152    69.0   63.0
 11 2913.681408 9.967E-30 5.435E-03.03620.208 3639.53800.42-.017700          1 0 0          0 0 0 16  2 15       16  5 12      434233837360713049    99.0   99.0
 11 2913.721444 1.855E-28 3.486E-04.06720.265 2205.65270.65-.000970          0 1 0          0 0 0 13  9  5       12  4  8      474233837260713049    27.0   25.0
 11 2914.083926 2.228E-29 1.386E-03.05610.281 3135.76480.560.014000          1 0 0          0 1 0 12  6  7       11  1 10      534233837294713152    75.0   69.0
 11 2914.163803 2.318E-29 2.189E-01.03250.235 4184.83120.32-.015480          0 1 1          0 1 0 13  1 13       14  3 12      434233837294713152    81.0   87.0
 11 2914.272130 6.256E-27 2.801E-01.01750.221 2872.58050.03-.004770          0 2 0          0 0 0 14  2 12       15  3 13      434223837260713049    29.0   31.0
 11 2914.532134 1.227E-25 5.654E-01.06360.333 2495.16580.54-.012000          0 3 0          0 1 0  7  1  6        8  2  7      464423835994713159    45.0   51.0
 11 2914.638575 1.187E-29 6.854E-03.03400.208 3437.27720.370.014500          0 1 0          0 0 0 17  8 10       16  3 13      474233837260713049    35.0   33.0
 11 2914.754795 9.669E-30 2.961E-05.07430.298 2254.28450.69-.009480          1 0 0          0 0 0 10  3  7       10  8  2      532230837360713049    21.0   21.0
 11 2914.826738 1.023E-30 2.011E-01.07750.352 4658.97470.670.003030          0 2 1          0 0 1  6  3  3        7  4  4      432230837294713152    39.0   45.0
 11 2915.136108 2.027E-29 8.625E-01.07380.333 4173.22570.630.001980          0 4 0          0 2 0  8  1  7        8  2  6      434253837294713152    17.0   17.0
 11 2915.346604 4.240E-29 1.173E+00.03230.195 4221.03940.32-.020320          0 0 1          0 0 0 16  4 13       17  6 12      434233837260713049    33.0   35.0
 11 2915.606947 9.460E-26 4.025E-01.04370.267 2321.81310.46-.004000          0 2 0          0 0 0 10  6  4       11  7  5      564723835960163059    21.0   23.0
 11 2915.637428 8.217E-30 2.314E-01.03230.235 4183.38900.31-.014900          0 1 1          0 1 0 13  0 13       14  2 12      432230837294713152    27.0   29.0
 11 2915.767339 3.611E-30 2.436E+00.03120.265 4803.82030.35-.003740          0 3 0          0 1 0 11  8  4       12  9  3      432230837294713152    23.0   25.0
 11 2915.768249 1.084E-29 2.437E+00.03120.265 4803.82000.35-.003720          0 3 0          0 1 0 11  8  3       12  9  4      434233837294713152    69.0   75.0
 11 2915.772058 7.681E-27 7.000E-01.04650.221 3244.60060.46-.003870          1 0 0          0 0 0 14  3 12       15  4 11      434223837360713049    87.0   93.0
 11 2916.148539 1.785E-30 1.848E-09.08870.412  383.84250.710.000000          0 2 0          0 0 0  3  1  3        4  3  1     q5222308079917122 0     7.0    9.0
 11 2916.284452 1.490E-29 9.517E+00.01590.221 5066.22880.09-.014090          1 0 0          0 0 0 14 12  3       15 13  2      434233837360713049    87.0   93.0
 11 2916.284465 4.969E-30 9.522E+00.01590.221 5066.22880.09-.014090          1 0 0          0 0 0 14 12  2       15 13  3      432230837360713049    29.0   31.0
 11 2916.451825 9.485E-27 8.230E-02.03460.235 2746.02350.34-.017440          1 0 0          0 0 0 13  1 12       14  4 11      434223837360713049    81.0   87.0
 11 2916.479584 2.561E-25 3.636E-01.04350.255 2321.90570.46-.001000          0 2 0          0 0 0 10  6  5       11  7  4      474723835960163059    63.0   69.0
 11 2916.494901 4.067E-30 2.030E-09.09400.434  285.41860.730.000000          0 2 0          0 0 0  1  1  0        3  3  0     q5222308079917122 0     9.0   21.0
 11 2916.536082 1.503E-28 6.236E-01.07770.371 3864.96610.66-.008130          0 4 0          0 2 0  6  2  5        6  3  4      534233837294713152    39.0   39.0
 11 2916.776116 3.717E-29 3.800E-05.07010.298 2254.28380.68-.011150          0 0 1          0 0 0 10  2  8       10  8  3      534233837260713049    63.0   63.0
 11 2916.791153 3.198E-29 1.098E-04.07060.281 2522.26520.68-.014180          1 0 0          0 0 0 11  3  8       11  8  3      534233837360713049    69.0   69.0
 11 2916.891992 2.868E-26 3.679E-02.06010.298 2054.36870.570.000000          1 0 0          0 0 0  9  4  6       10  7  3      564423837360713059    19.0   21.0
 11 2917.049483 5.671E-28 1.420E+00.03150.235 3685.41920.34-.005700          0 2 0          0 0 0 13  8  6       14  9  5      434223837260713049    27.0   29.0
 11 2917.052083 1.764E-27 1.473E+00.03160.235 3685.40830.35-.005620          0 2 0          0 0 0 13  8  5       14  9  6      434223837260713049    81.0   87.0
 11 2917.314113 8.653E-27 2.560E-04.07570.333 1255.91160.67-.010380          0 2 0          0 0 0  8  2  6        8  5  3      534223837260713049    17.0   17.0
 11 2918.158235 1.745E-26 2.607E-01.01750.221 2872.27430.03-.005000          0 2 0          0 0 0 14  3 12       15  2 13      564423837260713059    87.0   93.0
 11 2918.428667 1.454E-27 4.917E-06.07030.315 1079.07960.680.003210          0 1 0          0 0 0 10  8  3        9  1  8      574223837260713049    63.0   57.0
 11 2918.433327 1.616E-29 2.894E-01.04010.250 4074.03860.39-.018180          1 1 0          0 1 0 12  1 11       13  4 10      434233837294713152    25.0   27.0
 11 2918.781893 1.677E-29 2.846E-05.07610.333 2337.66680.680.003100          1 0 0          0 1 0  9  6  3        8  1  8      534233837294713152    57.0   51.0
 11 2918.960938 5.780E-26 2.357E-01.05910.333 2495.16580.51-.004800          0 3 0          0 1 0  8  1  8        8  2  7      454423835994713159    51.0   51.0
 11 2918.991567 3.428E-24 1.534E-01.07400.398 1340.88490.690.008661          0 2 0          0 0 0  8  3  5        9  4  6      587777835910162545    17.0   19.0
 11 2919.178500 4.031E-25 8.666E-01.04690.349 2337.66680.57-.005280          0 3 0          0 1 0  7  0  7        8  1  8      477777835910162545    45.0   51.0
 11 2919.412878 3.256E-29 5.307E-05.06750.281 2142.59770.66-.012560          0 0 1          0 0 0 11  0 11       11  6  6      534233837260713049    23.0   23.0
 11 2919.511769 2.607E-27 6.105E-04.07390.298 1724.70540.69-.015550          0 2 0          0 0 0 10  2  8       10  5  5      534223837260713049    21.0   21.0
 11 2919.834893 1.477E-27 1.263E+00.10220.456 3237.91730.75-.007260          0 4 0          0 2 0  1  0  1        2  1  2      534223837294713152     9.0   15.0
 11 2919.902050 1.030E-29 1.389E-02.03060.221 3824.99790.33-.008270          0 1 0          0 0 0 16 11  6       15  8  7      474233837260713049    99.0   93.0
 11 2919.913819 5.426E-28 4.072E-01.09810.456 3316.14530.74-.004760          0 4 0          0 2 0  2  1  2        2  2  1      434223837294713152    15.0   15.0
 11 2920.198643 2.669E-26 1.047E+00.04470.352 2905.43350.45-.004300          0 3 0          0 1 0  6  5  2        7  6  1      464423837294713159    39.0   45.0
 11 2920.217965 8.892E-27 1.046E+00.04470.352 2905.43060.450.000460          0 3 0          0 1 0  6  5  1        7  6  2      434223837294713152    13.0   15.0
 11 2920.401861 3.447E-30 1.392E-02.03030.221 3824.49850.32-.007880          0 1 0          0 0 0 16 11  5       15  8  8      472230837260713049    33.0   31.0
 11 2920.944928 1.993E-25 5.498E-01.08670.459 2005.91700.70-.003500          0 3 0          0 1 0  3  2  2        4  3  1      564623837294163159     7.0    9.0
 11 2920.975527 1.580E-26 3.996E-01.03760.235 2739.42850.37-.003000          1 0 0          0 0 0 13  2 12       14  3 11      564423837360713059    27.0   29.0
 11 2921.131941 2.962E-27 2.122E-04.08060.333 1411.64190.70-.008480          0 0 1          0 0 0  7  0  7        8  6  2      534223837260713049    15.0   17.0
 11 2921.261826 1.069E-30 4.484E-03.04120.221 4045.32180.44-.015540          0 0 1          0 0 0 15  5 11       15  9  6      432230837260713049    93.0   93.0
 11 2921.405304 1.337E-25 8.628E-01.05620.333 2337.46330.46-.005000          0 3 0          0 1 0  7  1  7        8  0  8      464423835994713159    15.0   17.0
 11 2921.529715 7.030E-26 4.775E-01.07540.352 2318.53990.63-.009000          0 3 0          0 1 0  6  1  5        7  2  6      464423835994713159    13.0   15.0
 11 2921.794048 1.612E-28 5.234E-04.05020.221 2358.30170.55-.003520          0 1 0          0 0 0 16  4 12       15  1 15      474233837260713049    33.0   31.0
 11 2921.845647 7.152E-29 7.807E-02.01190.195 3567.2548-.08-.003930          0 2 0          0 0 0 17  2 16       17  3 15      434233837260713049    35.0   35.0
 11 2921.860643 5.112E-30 3.647E-01.02170.183 4427.16500.140.003130          0 2 0          0 0 0 17  5 13       18  4 14      432230837260713049    35.0   37.0
 11 2921.875638 2.147E-28 7.809E-02.01180.195 3567.1738-.09-.003920          0 2 0          0 0 0 17  1 16       17  2 15      434233837260713049   105.0  105.0
 11 2921.934813 3.426E-28 7.781E-01.09590.412 3438.57500.73-.001060          0 4 0          0 2 0  4  0  4        4  1  3      534223837294713152     9.0    9.0
 11 2922.108231 1.057E-29 1.141E-04.06980.315 2512.37570.640.007600          0 0 1          0 1 0 10  5  6        9  1  9      534233837294713152    21.0   19.0
 11 2922.114704 6.037E-25 5.057E-02.02390.201 1774.75110.57-.005220          0 2 0          0 0 0 12  1 12       12  2 11      587777835910162545    75.0   75.0
 11 2922.151325 2.730E-29 1.895E+00.03520.195 4409.34430.34-.021010          0 0 1          0 0 0 16  5 12       17  7 11      434233837260713049    33.0   35.0
 11 2922.180528 4.738E-28 1.017E+00.09240.412 3375.29800.72-.001310          0 4 0          0 2 0  3  1  3        4  0  4      534223837294713152     7.0    9.0
 11 2922.218373 2.040E-25 5.124E-02.02490.205 1774.61630.42-.006000          0 2 0          0 0 0 12  0 12       12  1 11      577773835910162559    25.0   25.0
 11 2922.244761 1.764E-26 4.580E-04.07500.315 1477.29740.68-.015614          0 2 0          0 0 0  9  2  7        9  5  4      5642238372607130 8    57.0   57.0
 11 2922.564401 1.871E-29 5.259E-03.07570.315 3139.47580.67-.011530          0 1 1          0 1 0  8  1  8        9  5  5      434233837294713152    17.0   19.0
 11 2922.648930 1.659E-26 1.988E-01.06030.333 2490.35410.510.001500          0 3 0          0 1 0  8  0  8        8  1  7      464423837294713159    17.0   17.0
 11 2922.717079 2.265E-29 1.901E-02.07440.298 3387.40070.68-.016250          1 1 0          0 1 0  9  2  8       10  5  5      434233837294713152    19.0   21.0
 11 2922.822438 3.201E-27 5.696E-01.04430.281 3314.85560.400.004300          0 3 0          0 1 0 10  3  8       11  2  9      434223837294713152    63.0   69.0
 11 2922.992863 8.190E-29 5.967E-01.08230.391 3719.49290.68-.007210          0 4 0          0 2 0  5  2  4        5  3  3      434233837294713152    11.0   11.0
 11 2923.130502 1.350E-27 4.462E-01.02380.281 3216.19320.30-.007990          0 0 1          0 0 0 10  9  2       11 11  1      434223837260713049    21.0   23.0
 11 2923.130524 4.050E-27 4.462E-01.02380.281 3216.19320.30-.007990          0 0 1          0 0 0 10  9  1       11 11  0      434223837260713049    63.0   69.0
 11 2923.288926 1.181E-30 2.794E-01.05860.352 4695.83620.54-.002230          1 2 0          1 0 0  6  4  3        7  5  2      432230837294713152    39.0   45.0
 11 2923.387444 1.251E-29 2.370E-02.02660.235 3655.48280.24-.011240          0 0 1          0 1 0 15  2 13       14  0 14      434233837294713152    31.0   29.0
 11 2923.389946 1.963E-30 4.142E-01.03880.298 4750.38770.30-.001680          1 2 0          1 0 0  9  0  9       10  1 10      432230837294713152    57.0   63.0
 11 2923.443830 2.813E-28 8.139E-04.06240.250 2533.79320.610.006550          0 1 0          0 0 0 14  9  6       13  4  9      474223837260713049    87.0   81.0
 11 2923.771472 3.913E-31 2.778E-01.06950.349 4695.83640.640.000000          1 2 0          1 0 0  6  4  2        7  5  3      4333308387659336 0    13.0   15.0
 11 2923.819289 7.748E-28 8.559E-06.06810.298 1114.53220.670.003640          0 1 0          0 0 0 11  7  5       10  0 10      574223837260713049    23.0   21.0
 11 2924.254944 5.157E-29 3.258E-02.02640.235 3655.48510.24-.009070          0 0 1          0 1 0 15  3 13       14  1 14      434233837294713152    93.0   87.0
 11 2924.259625 3.698E-25 3.418E-01.01320.179 2042.37410.49-.008255          0 2 0          0 0 0 12  1 11       13  2 12      577777835910162545    25.0   27.0
 11 2924.305784 4.498E-27 2.028E-01.02810.221 2872.58050.28-.015380          0 0 1          0 0 0 14  1 14       15  3 13      434223837260713049    29.0   31.0
 11 2924.333285 5.934E-30 1.062E+00.03800.281 4510.90150.41-.003940          0 1 1          0 1 0 10  7  4       11  9  3      432230837294713152    21.0   23.0
 11 2924.354986 1.781E-29 1.062E+00.03810.281 4510.90160.41-.003920          0 1 1          0 1 0 10  7  3       11  9  2      434233837294713152    63.0   69.0
 11 2924.449791 4.410E-30 2.211E-04.06120.298 3072.72640.630.002230          0 2 0          0 1 0 11  8  3       10  3  8      432230837294713152    69.0   63.0
 11 2924.668322 1.531E-26 2.298E-01.02760.221 2872.27430.270.000000          0 0 1          0 0 0 14  0 14       15  2 13      464423837260713059    87.0   93.0
 11 2924.987073 3.549E-28 1.520E-03.07370.281 2321.81310.68-.001670          1 0 0          0 0 0 10  4  6       11  7  5      534223837360713049    21.0   23.0
 11 2925.039132 3.795E-28 1.187E+00.05260.208 3758.39680.50-.007010          1 0 0          0 0 0 15  4 12       16  5 11      434223837360713049    31.0   33.0
 11 2925.180177 1.118E-24 3.446E-01.01760.176 2042.31060.28-.006627          0 2 0          0 0 0 12  2 11       13  1 12      587777835910162545    75.0   81.0
 11 2925.280323 1.888E-30 1.775E-07.06000.298 1718.71880.570.000000          1 0 0          0 0 0  8  3  6       10  5  6     q5422308079917122 0    51.0   63.0
 11 2925.292875 1.930E-30 1.679E+00.04150.250 4871.94800.40-.007170          0 1 1          0 1 0 12  6  7       13  8  6      432230837294713152    25.0   27.0
 11 2925.297760 3.003E-28 2.763E+00.03500.208 4206.33130.33-.011030          0 0 1          0 0 0 15  6 10       16  8  9      434223837260713049    93.0   99.0
 11 2925.363064 5.641E-28 3.705E-01.02100.208 3437.27720.120.000540          0 2 0          0 0 0 15  4 12       16  3 13      434223837260713049    31.0   33.0
 11 2925.387961 4.775E-28 2.756E-01.03070.265 3592.42390.26-.004850          0 3 0          0 1 0 12  2 11       12  3 10      434223837294713152    75.0   75.0
 11 2925.522337 8.330E-26 2.825E-01.02090.235 2551.48350.09-.015000          0 2 0          0 0 0 13  2 11       14  3 12      464423835960713059    81.0   87.0
 11 2925.836327 1.035E-28 1.690E+00.03320.298 3997.50860.36-.001720          0 3 0          0 1 0  9  7  3       10  8  2      434233837294713152    19.0   21.0
 11 2925.837810 3.104E-28 1.689E+00.03320.298 3997.50830.36-.001710          0 3 0          0 1 0  9  7  2       10  8  3      434223837294713152    57.0   63.0
 11 2926.189748 5.730E-26 5.998E-01.04850.315 2688.07990.410.000500          0 3 0          0 1 0  8  2  7        9  1  8      464423305994713159    51.0   57.0
 11 2926.455900 6.189E-25 5.682E-01.07720.375 2004.81570.790.002000          0 3 0          0 1 0  3  2  1        4  3  2      587773835910162559    21.0   27.0
 11 2926.682387 1.625E-28 2.325E+00.02940.221 4283.30770.35-.005510          0 2 0          0 0 0 14  9  6       15 10  5      434233837260713049    87.0   93.0
 11 2926.687718 5.419E-29 2.326E+00.02940.221 4283.30580.35-.005490          0 2 0          0 0 0 14  9  5       15 10  6      434233837260713049    29.0   31.0
 11 2926.742435 1.530E-29 3.859E-04.07900.298 2705.09690.690.004700          0 0 1          0 1 0 11  4  7       10  0 10      534233837294713152    23.0   21.0
 11 2926.917284 1.607E-26 1.595E-01.06490.250 2756.41530.65-.002000          0 0 1          0 0 0 12  2 10       13  6  7      564423837260713059    75.0   81.0
 11 2927.139926 1.877E-27 1.578E+00.03470.235 3685.40830.34-.005870          0 0 1          0 0 0 13  7  7       14  9  6      434223837260713049    81.0   87.0
 11 2927.279312 1.552E-29 1.287E-01.07220.265 4123.28530.68-.021950          1 1 0          0 1 0 11  3  8       12  6  7      434233837294713152    69.0   75.0
 11 2927.351618 7.660E-26 2.280E-02.07550.281 1998.99530.71-.015000          1 0 0          0 0 0 10  2  9       11  5  6      554423835960713059    63.0   69.0
 11 2927.432874 3.184E-28 5.248E-01.08440.412 3597.86600.69-.005310          0 4 0          0 2 0  4  2  3        4  3  2      434223837294713152    27.0   27.0
 11 2927.661505 2.158E-30 2.240E-01.07320.371 4491.36980.64-.005630          0 2 1          0 0 1  5  3  3        6  4  2      432230837294713152    33.0   39.0
 11 2927.715306 1.690E-28 2.864E-01.03190.265 3587.66670.27-.000330          0 3 0          0 1 0 12  1 11       12  2 10      434233837294713152    25.0   25.0
 11 2927.862614 1.326E-26 5.670E-01.03760.265 2813.52870.420.000000          0 2 0          0 0 0 11  7  5       12  8  4      464423837260713059    23.0   25.0
 11 2927.914904 4.790E-26 6.827E-01.03760.265 2813.51220.42-.004000          0 2 0          0 0 0 11  7  4       12  8  5      454423835960713059    69.0   75.0
 11 2928.137372 1.800E-30 2.531E-04.05750.298 3058.39840.540.002270          0 3 0          0 1 0 11  1 11       10  2  8      432230837294713152    23.0   21.0
 11 2928.375215 1.641E-28 9.792E-01.08220.352 3967.48850.68-.001300          0 4 0          0 2 0  7  1  6        7  2  5      434263837294713152    45.0   45.0
 11 2928.415815 6.485E-28 1.637E+00.03500.235 3685.41920.34-.006010          0 0 1          0 0 0 13  7  6       14  9  5      434223837260713049    27.0   29.0
 11 2928.506521 8.444E-29 1.396E-05.07420.315 1631.24550.68-.009700          1 0 0          0 0 0  9  1  9        9  6  4      532230837360713049    19.0   19.0
 11 2928.601366 1.700E-29 1.874E-08.07810.371  446.69660.670.000000          0 2 0          0 0 0  4  0  4        6  0  6     q5322308079917122 0     9.0   13.0
 11 2928.666700 5.789E-30 1.683E+00.04550.250 4871.97880.44-.001250          0 1 1          0 1 0 12  6  6       13  8  5      432230837294713152    75.0   81.0
 11 2928.752684 3.423E-25 4.286E-01.08420.410 2161.28600.68-.004000          0 3 0          0 1 0  5  1  4        6  2  5      574723835994163159    33.0   39.0
 11 2928.929520 5.291E-30 1.006E-02.04510.235 3655.48280.520.005520          0 2 0          0 1 0 15  5 11       14  0 14      432230837294713152    31.0   29.0
 11 2929.153198 2.223E-29 1.369E-08.07810.371  552.91140.670.000000          0 2 0          0 0 0  4  2  3        6  2  5     q5322308079917122 0    27.0   39.0
 11 2929.312128 1.505E-28 8.163E-01.04540.250 4052.81090.430.011050          0 3 0          0 1 0 12  4  9       13  3 10      434223837294713152    75.0   81.0
 11 2929.332056 4.477E-30 6.340E+00.03460.183 5040.85820.32-.018410          1 0 0          0 0 0 17  7 11       18  8 10      332230837360713049    35.0   37.0
 11 2929.338935 1.345E-29 5.787E-01.06800.315 4399.54210.610.006710          0 4 0          0 2 0  8  3  6        9  2  7      434253837294713152    51.0   57.0
 11 2929.403277 8.423E-29 5.974E-01.08120.371 3713.08250.660.002950          0 4 0          0 2 0  5  2  4        6  1  5      434223837294713152    11.0   13.0
 11 2929.442725 3.710E-30 5.682E-03.04320.208 3623.76500.48-.006230          1 0 0          0 0 0 16  1 15       16  4 12      432230837360713049    33.0   33.0
 11 2929.541257 2.348E-29 5.342E-03.06660.315 3321.01330.60-.010810          1 1 0          0 1 0  8  3  6        9  6  3      434233837294713152    51.0   57.0
 11 2929.565608 1.179E-27 4.214E-05.06320.298 1581.33600.65-.002270          0 1 0          0 0 0 11  9  2       10  4  7      574223837260713049    69.0   63.0
 11 2929.989233 1.005E-29 1.047E-05.07630.315 2009.80500.71-.008870          0 0 1          0 0 0  9  2  7        9  8  2      532230837260713049    19.0   19.0
 11 2930.110587 9.347E-29 3.709E-01.08650.434 3500.51070.70-.002440          0 4 0          0 2 0  3  2  2        3  3  1      434263837294713152     7.0    7.0
 11 2930.128378 2.830E-23 1.670E-01.07700.383 1122.70850.790.006469          0 2 0          0 0 0  7  3  4        8  4  5      587777835910162545    45.0   51.0
 11 2930.268652 8.581E-31 5.461E-05.02490.189 2981.35950.190.000000          0 1 0          0 0 0 17  6 12       17  1 17      4333308387659336 0    35.0   35.0
 11 2930.483759 1.955E-26 8.650E-03.06900.315 1810.58330.65-.003000          0 0 1          0 0 0  8  3  6        9  7  3      564423837260713059    17.0   19.0
 11 2930.532072 6.083E-27 9.837E-02.03770.265 2613.10460.68-.019130          0 0 1          0 0 0 11  3  8       12  7  5      534223837278713049    23.0   25.0
 11 2930.573718 4.907E-29 8.550E+00.01940.221 4796.97050.15-.013320          1 0 0          0 0 0 14 11  4       15 12  3      434233837360713049    87.0   93.0
 11 2930.573732 1.636E-29 8.552E+00.01940.221 4796.97050.15-.013320          1 0 0          0 0 0 14 11  3       15 12  4      434233837360713049    29.0   31.0
 11 2930.657872 6.987E-24 2.364E-01.05950.327 1255.91160.55-.008416          0 2 0          0 0 0  7  4  4        8  5  3      587777835910162545    15.0   17.0
 11 2931.062514 5.562E-26 9.084E-04.08030.333 1131.77560.71-.002000          0 2 0          0 0 0  8  1  7        8  4  4      564423837260713059    17.0   17.0
 11 2932.219737 6.370E-26 3.851E-02.06140.281 2144.04630.59-.003000          1 0 0          0 0 0 10  3  8       11  6  5      554423835960713059    63.0   69.0
 11 2932.242235 2.892E-26 2.947E-01.02160.235 2550.88250.11-.001000          0 2 0          0 0 0 13  3 11       14  2 12      464423837260713059    27.0   29.0
 11 2932.398045 2.220E-28 3.679E-06.09010.371 1045.05830.73-.007290          1 0 0          0 0 0  5  1  5        6  6  0      532230837360713049    11.0   13.0
 11 2932.409199 3.140E-30 6.340E-03.02080.183 3940.58730.520.004790          0 1 0          0 0 0 19  6 13       18  3 16      472230837265713049   117.0  111.0
 11 2932.512543 5.443E-29 1.616E-04.02890.235 2551.48350.29-.004010          0 2 0          0 0 0 15  0 15       14  3 12      534233837260713049    93.0   87.0
 11 2932.651765 5.021E-24 3.104E-01.04900.267 1631.38300.64-.008135          0 2 0          0 0 0  8  5  4        9  6  3      587777835910162545    51.0   57.0
 11 2932.778744 2.949E-29 4.490E-03.03220.250 3347.78340.42-.007340          0 1 0          0 0 0 14 12  3       13  9  4      474233837260713049    87.0   81.0
 11 2932.781588 9.830E-30 4.490E-03.03220.250 3347.78050.42-.007340          0 1 0          0 0 0 14 12  2       13  9  5      474233837260713049    29.0   27.0
 11 2932.936926 7.649E-31 2.375E-01.07730.383 4490.06390.660.000000          0 2 1          0 0 1  5  3  2        6  4  3      4333308387659336 0    11.0   13.0
 11 2933.117728 1.793E-29 1.593E-04.02850.235 2550.88250.28-.002840          0 2 0          0 0 0 15  1 15       14  2 12      534233837260713049    31.0   29.0
 11 2933.119290 1.088E-30 1.746E-01.07580.333 4643.99910.64-.002210          1 2 0          1 0 0  7  2  5        8  3  6      432230837294713152    45.0   51.0
 11 2933.121130 1.677E-24 3.109E-01.04850.266 1631.24550.83-.005811          0 2 0          0 0 0  8  5  3        9  6  4      587777835910162545    17.0   19.0
 11 2933.227544 2.095E-23 2.358E-01.05910.291 1255.16680.52-.001764          0 2 0          0 0 0  7  4  3        8  5  4      587777835910162545    45.0   51.0
 11 2933.234177 1.107E-23 3.788E-01.02130.233 1327.11760.06-.004565          0 2 0          0 0 0 10  0 10       11  1 11      587777835910162545    21.0   23.0
 11 2933.356924 3.161E-23 3.606E-01.02080.235 1327.11000.12-.004945          0 2 0          0 0 0 10  1 10       11  0 11      587777835910162545    63.0   69.0
 11 2933.392175 3.765E-29 1.481E-04.06210.281 2321.81310.63-.013870          0 0 1          0 0 0 11  1 10       11  7  5      534233837260713049    23.0   23.0
 11 2933.432052 9.497E-31 3.840E+00.02910.183 5256.11640.230.000000          1 0 0          0 0 0 17  8 10       18  9  9      3333308387659336 0    35.0   37.0
 11 2933.550369 2.909E-28 3.859E-01.08880.434 3500.63870.720.000080          0 4 0          0 2 0  3  2  1        3  3  0      434223837294713152    21.0   21.0
 11 2933.728969 6.271E-23 1.687E-01.07680.401  931.23710.69-.006701          0 2 0          0 0 0  6  3  4        7  4  3      587777835910162545    39.0   45.0
 11 2934.030573 1.505E-25 3.806E-01.02950.216 2248.06450.23-.017000          0 2 0          0 0 0 12  2 10       13  3 11      564723835960163059    25.0   27.0
 11 2934.127584 9.513E-27 1.233E+00.03150.265 3266.76440.35-.007260          0 0 1          0 0 0 11  8  4       12 10  3      434426837260713049    69.0   75.0
 11 2934.133994 3.171E-27 1.233E+00.03150.265 3266.76450.35-.007260          0 0 1          0 0 0 11  8  3       12 10  2      434223837260713049    23.0   25.0
 11 2934.152917 2.474E-29 1.061E+01.00950.235 4967.0416-.02-.015610          1 0 0          0 0 0 13 13  0       14 14  1      434233837360713049    81.0   87.0
 11 2934.152917 8.249E-30 1.061E+01.00950.235 4967.0416-.02-.015610          1 0 0          0 0 0 13 13  1       14 14  0      432230837360713049    27.0   29.0
 11 2934.187730 1.839E-27 1.329E+00.03520.333 3306.29550.37-.000100          0 3 0          0 1 0  7  6  2        8  7  1      434223837294713152    15.0   17.0
 11 2934.192075 5.515E-27 1.328E+00.03520.333 3306.29520.37-.000050          0 3 0          0 1 0  7  6  1        8  7  2      434223837294713152    45.0   51.0
 11 2934.369592 1.396E-30 3.294E-03.04560.235 3685.41920.48-.012280          0 0 1          0 0 0 14  5 10       14  9  5      432230837260713049    29.0   29.0
 11 2934.395858 6.725E-30 4.069E+00.05480.183 4865.22650.56-.026100          1 0 0          0 0 0 17  6 12       18  7 11      432230837360713049    35.0   37.0
 11 2934.397631 5.665E-29 1.205E-03.05310.250 2927.94130.56-.022520          1 0 0          0 0 0 13  2 11       13  7  6      434233837360713049    81.0   81.0
 11 2934.451924 5.160E-29 1.909E-08.07810.371  447.25240.670.000000          0 2 0          0 0 0  4  1  4        6  1  6     q5322308079917122 0    27.0   39.0
 11 2935.017767 8.875E-30 3.274E-05.07230.333 2495.16580.670.001830          1 0 0          0 1 0  9  7  2        8  2  7      532230837294713152    57.0   51.0
 11 2935.169083 4.350E-29 1.641E-08.08330.391  399.45750.690.000000          0 2 0          0 0 0  3  1  2        5  1  4     q5322308079917122 0    21.0   33.0
 11 2935.193556 7.704E-23 2.841E-02.09890.492  446.51070.77-.003218          0 2 0          0 0 0  4  1  4        5  2  3      587777835910162545    27.0   33.0
 11 2935.274058 9.729E-29 4.943E-06.07620.333 1590.69010.69-.007830          1 0 0          0 0 0  8  2  7        8  7  2      532230837360713049    51.0   51.0
 11 2935.741920 9.936E-30 2.078E-03.03510.208 3439.30680.43-.015020          0 0 1          0 0 0 16  0 16       16  4 13      434233837260713049    99.0   99.0
 11 2935.743227 1.958E-25 9.956E-01.06590.311 2129.61860.59-.002000          0 3 0          0 1 0  3  3  1        4  4  0      464723835994163159     7.0    9.0
 11 2935.747043 6.082E-30 1.841E-05.07200.265 2300.68500.71-.009820          0 2 0          0 0 0 13  2 12       12  5  7      532230837260713049    27.0   25.0
 11 2935.854376 5.483E-25 9.293E-01.06590.280 2129.59920.59-.001000          0 3 0          0 1 0  3  3  0        4  4  1      587723835910163159    21.0   27.0
 11 2935.935468 3.244E-30 4.365E+00.02790.183 5255.44870.23-.007410          1 0 0          0 0 0 17  8  9       18  9 10      432230837360713049   105.0  111.0
 11 2936.019409 9.814E-30 1.308E-06.08220.333 1789.04280.73-.007180          0 0 1          0 0 0  8  2  6        8  8  1      532230837260713049    51.0   51.0
 11 2936.029778 2.957E-30 1.966E-07.06860.333 1590.69010.620.000000          1 0 0          0 0 0  6  5  2        8  7  2     q5422308079917122 0    39.0   51.0
 11 2936.044153 2.051E-25 1.037E+00.04840.187 2406.14310.48-.005800          0 3 0          0 1 0  4  4  1        5  5  0      464723835994163159    27.0   33.0
 11 2936.054562 7.070E-26 1.072E+00.04830.391 2406.14090.47-.004200          0 3 0          0 1 0  4  4  0        5  5  1      554423835994713159     9.0   11.0
 11 2936.068158 1.400E-30 9.790E-01.06150.281 5034.38790.550.002690          0 4 0          0 2 0 11  2  9       11  3  8      432230837294713152    69.0   69.0
 11 2936.245836 3.879E-29 1.717E-03.05760.235 2880.83420.590.011680          0 1 0          0 0 0 15  9  7       14  4 10      474233837260713049    31.0   29.0
 11 2936.256275 4.173E-30 2.251E-04.05990.315 2841.43080.55-.005280          0 3 0          0 1 0 10  0 10        9  3  7      432230837294713152    21.0   19.0
 11 2936.405336 5.649E-31 4.330E-04.06220.305 3387.40070.620.000000          1 1 0          0 1 0 10  0 10       10  5  5      4333308387659336 0    21.0   21.0
 11 2936.730382 1.171E-28 5.852E-01.08960.412 3598.72690.72-.000300          0 4 0          0 2 0  4  2  2        4  3  1      434233837294713152     9.0    9.0
 11 2936.741817 7.101E-25 6.463E-04.09960.474  285.21930.75-.009000          0 2 0          0 0 0  2  0  2        3  3  1      575723835960163059     5.0    7.0
 11 2936.803286 6.160E-26 1.487E-03.07790.333 1411.61150.69-.002000          1 0 0          0 0 0  7  1  6        8  6  3      554423835960713059    45.0   51.0
 11 2936.898166 2.200E-25 7.742E-01.06650.370 2181.08990.54-.007300          0 3 0          0 1 0  6  0  6        7  1  7      444723835994163159    13.0   15.0
 11 2936.967011 3.586E-23 9.243E-02.08910.431  661.54890.75-.002318          0 2 0          0 0 0  5  2  4        6  3  3      587777835910162545    11.0   13.0
 11 2937.085175 8.076E-30 3.544E-05.04890.221 2631.26890.590.007460          0 1 0          0 0 0 15  8  7       15  1 14      472230837260713049    93.0   93.0
 11 2937.155518 1.959E-28 2.875E-06.07990.333 1131.77560.70-.005370          0 2 0          0 0 0  9  1  9        8  4  4      532230837260713049    19.0   17.0
 11 2937.178129 2.382E-30 7.505E-09.07810.371  661.54890.670.000000          0 2 0          0 0 0  4  3  1        6  3  3     q5322308079917122 0     9.0   13.0
 11 2937.390947 1.664E-28 2.198E+00.05970.195 4291.90720.58-.021000          1 0 0          0 0 0 16  5 12       17  6 11      434233837360713049    99.0  105.0
 11 2937.533989 1.833E-25 4.347E-01.09000.459 2024.15260.71-.003800          0 3 0          0 1 0  4  1  3        5  2  4      464723835994163159     9.0   11.0
 11 2937.644418 2.485E-28 5.693E-01.09920.456 3317.21060.75-.002640          0 4 0          0 2 0  2  1  1        2  2  0      434243837294713152     5.0    5.0
 11 2937.738663 8.594E-31 8.971E-01.04880.219 4938.25370.440.000000          0 1 1          0 1 0 14  3 12       15  5 11      4333308387659336 0    29.0   31.0
 11 2937.771248 3.354E-30 2.087E-03.03550.208 3437.27720.43-.012060          0 0 1          0 0 0 16  1 16       16  3 13      432230837260713049    33.0   33.0
 11 2937.776383 5.858E-25 2.541E-01.06500.336 2054.34520.980.000000          1 0 0          0 0 0  9  4  5       10  7  4      587773835910162559    57.0   63.0
 11 2937.821656 1.244E-28 1.063E+00.08860.371 3784.67920.71-.002720          0 4 0          0 2 0  6  1  5        6  2  4      434223837294713152    13.0   13.0
 11 2937.849449 2.353E-25 1.977E-01.03750.213 2246.88480.37-.007000          1 0 0          0 0 0 12  1 12       13  2 11      574723835960163059    75.0   81.0
 11 2937.921494 3.924E-28 2.495E+00.10320.480 3196.09340.75-.006620          0 4 0          0 2 0  0  0  0        1  1  1      434223837294713152     1.0    3.0
 11 2938.002507 1.606E-27 9.536E-01.10050.434 3334.62660.75-.002910          0 4 0          0 2 0  3  0  3        3  1  2      434223837294713152    21.0   21.0
 11 2938.098070 8.254E-30 1.838E-07.08650.352 1394.81420.73-.006000          0 0 1          0 0 0  7  1  7        7  7  0      532230837260713049    45.0   45.0
 11 2938.150369 1.575E-28 9.966E-02.04410.265 3592.42390.43-.014800          1 1 0          0 1 0 11  0 11       12  3 10      434233837294713152    69.0   75.0
 11 2938.272827 1.682E-28 4.266E-04.03790.250 2248.06450.38-.014810          1 0 0          0 0 0 12  0 12       13  3 11      534233837360713049    25.0   27.0
 11 2938.281073 1.195E-27 8.262E-02.01420.208 3211.2126-.02-.003590          0 2 0          0 0 0 16  2 15       16  3 14      434223837260713049    99.0   99.0
 11 2938.282993 6.249E-31 8.772E-02.01360.200 4564.08610.310.000000          0 0 1          0 1 0 17  3 14       16  1 15      4333308387659336 0    35.0   33.0
 11 2938.351235 3.989E-28 8.268E-02.01390.208 3211.0558-.03-.003490          0 2 0          0 0 0 16  1 15       16  2 14      434223837260713049    33.0   33.0
 11 2938.503476 2.957E-25 6.456E-04.08890.413  661.54890.72-.003000          0 2 0          0 0 0  6  0  6        6  3  3      574723835960163059    13.0   13.0
 11 2938.856763 8.657E-30 2.715E-07.07020.281 1327.11760.700.002100          0 1 0          0 0 0 11  8  4       11  1 11      572230837260713049    23.0   23.0
 11 2938.960955 5.312E-29 1.187E-01.06940.281 3833.14440.66-.021890          0 1 1          0 1 0 10  2  8       11  6  5      434233837294713152    63.0   69.0
 11 2939.095173 4.921E-28 3.961E-04.05030.250 2042.37410.560.010610          0 1 0          0 0 0 14  7  7       13  2 12      474223837260713049    29.0   27.0
 11 2939.198846 1.067E-29 4.613E-01.04980.250 4252.44820.49-.024590          1 1 0          0 1 0 12  2 10       13  5  9      434233837294713152    25.0   27.0
 11 2939.208671 9.422E-29 3.289E-01.02790.195 4017.90840.240.006920          0 2 0          0 0 0 16  5 12       17  4 13      434233837260713049    99.0  105.0
 11 2939.331036 7.530E-31 1.699E-01.07740.379 4457.81870.670.000000          1 2 0          1 0 0  6  2  4        7  3  5      4333308387659336 0    13.0   15.0
 11 2939.653003 5.542E-27 2.308E-01.02650.221 3080.17870.200.004070          0 2 0          0 0 0 14  4 11       15  3 12      434223837260713049    87.0   93.0
 11 2939.688469 5.977E-25 3.147E-01.08890.423 1819.33510.68-.005200          0 3 0          0 1 0  2  1  2        3  2  1      577773835910162559    15.0   21.0
 11 2939.778877 6.159E-31 2.220E-07.06150.303 1810.58330.600.000000          1 0 0          0 0 0 10  0 10        9  7  3      5333308387659336 0    21.0   19.0
 11 2939.947448 5.875E-29 5.239E-03.07530.333 3101.12380.67-.009730          0 1 1          0 1 0  7  2  6        8  6  3      434233837294713152    45.0   51.0
 11 2939.986636 1.313E-28 6.443E+00.02250.221 4534.96360.19-.012620          1 0 0          0 0 0 14 10  5       15 11  4      434233837360713049    87.0   93.0
 11 2939.987023 4.376E-29 6.442E+00.02250.221 4534.96350.19-.012630          1 0 0          0 0 0 14 10  4       15 11  5      434233837360713049    29.0   31.0
 11 2940.067878 3.497E-24 3.224E-01.02050.198 1774.75110.38-.009423          0 2 0          0 0 0 11  1 10       12  2 11      587777835910162545    69.0   75.0
 11 2940.202055 1.315E-27 7.773E-01.03090.208 3639.53800.30-.019210          0 0 1          0 0 0 15  3 13       16  5 12      434223837260713049    93.0   99.0
 11 2940.328681 3.573E-26 2.130E-01.06810.352 2318.53990.57-.005100          0 3 0          0 1 0  7  1  7        7  2  6      464423837294713159    15.0   15.0
 11 2940.333763 2.947E-25 3.841E-01.04140.231 2054.36871.07-.007000          0 2 0          0 0 0  9  6  4       10  7  3      577773835910162559    19.0   21.0
 11 2940.397118 4.163E-29 2.510E+00.02810.281 4510.90160.31-.001880          0 3 0          0 1 0 10  8  3       11  9  2      434233837294713152    63.0   69.0
 11 2940.397240 1.388E-29 2.511E+00.02810.281 4510.90150.31-.001880          0 3 0          0 1 0 10  8  2       11  9  3      434233837294713152    21.0   23.0
 11 2940.639539 5.224E-30 2.648E-04.05740.298 3072.72640.560.002310          0 0 1          0 1 0 11  7  5       10  3  8      432230837294713152    69.0   63.0
 11 2940.766808 7.269E-27 1.291E+00.03240.250 3347.78340.37-.006190          0 2 0          0 0 0 12  8  5       13  9  4      434223837260713049    75.0   81.0
 11 2940.769832 2.442E-27 1.301E+00.03240.250 3347.78050.37-.006140          0 2 0          0 0 0 12  8  4       13  9  5      434223837260713049    25.0   27.0
 11 2940.935129 1.904E-30 4.810E-08.06000.298 1446.12830.570.000000          1 0 0          0 0 0  8  1  8       10  3  8     q5322308079917122 0    51.0   63.0
 11 2940.957698 6.803E-25 7.984E-01.05340.367 2180.64290.65-.005313          0 3 0          0 1 0  6  1  6        7  0  7      587777835910162545    39.0   45.0
 11 2941.017443 7.670E-31 3.564E-01.05390.302 4661.42650.560.000000          0 2 1          0 0 1  8  1  8        9  0  9      4333308387659336 0    17.0   19.0
 11 2941.063236 2.114E-30 1.489E-07.06460.315 1631.38300.600.000000          1 0 0          0 0 0  7  4  3        9  6  3     q5422308079917122 0    45.0   57.0
 11 2941.197024 5.810E-28 2.987E-01.03720.281 3323.26980.33-.005850          0 3 0          0 1 0 11  2 10       11  3  9      434223837294713152    23.0   23.0
 11 2941.224979 1.475E-29 3.300E-04.06000.298 2904.42840.580.011400          0 0 1          0 1 0 11  6  6       10  2  9      534233837294713152    69.0   63.0
 11 2941.622742 2.978E-28 7.441E-01.08990.391 3722.73100.73-.001410          0 4 0          0 2 0  5  2  3        5  3  2      434223837294713152    33.0   33.0
 11 2941.750001 3.754E-30 3.371E-06.08020.352 2180.64290.690.003120          0 0 1          0 1 0  8  6  2        7  0  7      532230837294713152    51.0   45.0
 11 2941.763292 1.171E-24 3.240E-01.01980.194 1774.61630.50-.006308          0 2 0          0 0 0 11  2 10       12  1 11      587777835910162545    23.0   25.0
 11 2941.986365 4.113E-25 1.789E-01.05770.298 2054.34520.83-.005366          0 2 0          0 0 0  9  6  3       10  7  4      577777835910162545    57.0   63.0
 11 2942.144457 1.061E-27 8.380E-01.09790.434 3392.74930.75-.003720          0 4 0          0 2 0  3  1  2        3  2  1      434223837294713152    21.0   21.0
 11 2942.319308 2.386E-30 7.384E-01.05960.315 4600.49730.54-.010600          0 4 0          0 2 0  9  3  7        9  4  6      432230837294713152    19.0   19.0
 11 2942.729717 5.620E-26 4.785E-03.07200.298 1718.71880.66-.008000          0 0 1          0 0 0  9  1  9       10  5  6      554423835960713059    57.0   63.0
 11 2942.762733 7.310E-26 1.330E-02.06660.298 1874.97300.63-.006000          0 0 1          0 0 0  9  2  8       10  6  5      564423835960713059    57.0   63.0
 11 2943.042876 2.135E-30 1.082E-02.05410.250 4052.81090.55-.006440          1 1 0          0 1 0 13  0 13       13  3 10      432230837294713152    81.0   81.0
 11 2943.124835 4.000E-29 7.445E-02.04420.265 3587.66670.42-.011210          1 1 0          0 1 0 11  1 11       12  2 10      434233837294713152    23.0   25.0
 11 2943.144757 6.901E-28 1.083E+00.09340.391 3626.92220.73-.003850          0 4 0          0 2 0  5  1  4        5  2  3      434223837294713152    33.0   33.0
 11 2943.146643 1.125E-24 2.589E-01.03970.260 1962.50690.46-.020690          0 2 0          0 0 0 11  2  9       12  3 10      587777835910162545    69.0   75.0
 11 2943.298952 2.227E-26 3.461E-03.08240.298 1616.45310.71-.007000          1 0 0          0 0 0  9  1  9       10  4  6      564423837360713059    19.0   21.0
 11 2943.599164 1.417E-30 4.024E-01.04740.315 4559.75200.39-.001960          1 2 0          1 0 0  8  0  8        9  1  9      432230837294713152    17.0   19.0
 11 2943.701407 9.071E-30 1.260E-03.04800.235 3101.44100.69-.018760          0 0 1          0 0 0 14  2 13       14  6  8      434233837265713049    29.0   29.0
 11 2943.764512 2.688E-30 1.472E-02.04600.250 4052.81090.44-.006710          1 1 0          0 1 0 12  2 11       13  3 10      432230837294713152    75.0   81.0
 11 2943.811540 1.324E-30 2.100E-03.05010.265 3587.66670.510.016230          1 0 0          0 1 0 13  7  7       12  2 10      432230837294713152    27.0   25.0
 11 2944.018304 6.483E-30 3.778E+00.02300.195 5070.03100.16-.012090          1 0 0          0 0 0 16  9  8       17 10  7      432230837360713049    99.0  105.0
 11 2944.022532 1.277E-26 5.861E-01.05560.235 3084.83570.55-.002000          1 0 0          0 0 0 13  3 10       14  6  9      464423837360713059    81.0   87.0
 11 2944.093997 2.828E-26 5.776E-01.04220.235 2918.24490.42-.008000          1 0 0          0 0 0 13  2 11       14  5 10      464423837360713059    81.0   87.0
 11 2944.103656 2.169E-30 3.792E+00.02300.195 5070.00960.16-.011930          1 0 0          0 0 0 16  9  7       17 10  8      432230837360713049    33.0   35.0
 11 2944.163797 4.294E-30 4.066E-01.04710.315 4559.70760.38-.002000          1 2 0          1 0 0  8  1  8        9  0  9      432230837294713152    51.0   57.0
 11 2944.208021 5.520E-30 1.373E-01.08690.391 4153.93810.71-.004680          1 2 0          1 0 0  4  2  3        5  3  2      432230837294713152    27.0   33.0
 11 2944.279406 9.408E-30 6.302E-02.07390.281 3832.25180.67-.016510          1 1 0          0 1 0 10  3  7       11  6  6      434233837294713152    21.0   23.0
 11 2944.336248 1.285E-29 2.118E-03.04850.250 3347.78340.51-.006860          0 0 1          0 0 0 13  5  9       13  9  4      434233837260713049    81.0   81.0
 11 2944.415747 3.316E-28 1.011E+00.09650.412 3495.93920.74-.003930          0 4 0          0 2 0  4  1  3        4  2  2      434223837294713152     9.0    9.0
 11 2944.478328 1.119E-29 1.302E-08.08610.352  586.47920.730.001780          0 1 0          0 0 0  8  8  0        7  1  7      572230837260713049    17.0   15.0
 11 2944.628099 2.483E-30 1.213E-07.06000.298 1581.33600.570.000000          1 0 0          0 0 0  8  2  7       10  4  7     q5422308079917122 0    51.0   63.0
 11 2944.660555 6.912E-25 5.699E-02.03280.249 1525.13600.51-.005486          0 2 0          0 0 0 11  1 11       11  2 10      487777835910162545    23.0   23.0
 11 2944.764695 2.003E-26 1.231E+00.03560.371 2733.96290.37-.012400          0 3 0          0 1 0  5  5  1        6  6  0      464423837294713159    11.0   13.0
 11 2944.766607 6.390E-26 1.309E+00.03560.371 2733.96270.37-.012400          0 3 0          0 1 0  5  5  0        6  6  1      464423835994713159    33.0   39.0
 11 2944.814109 1.809E-30 1.063E+00.07010.298 4752.73290.61-.002320          0 4 0          0 2 0 10  2  8       10  3  7      432230837294713152    21.0   21.0
 11 2944.856134 2.353E-28 1.938E-03.04370.235 2746.02350.49-.014540          1 0 0          0 0 0 14  1 14       14  4 11      434233837360713049    87.0   87.0
 11 2944.889464 2.022E-24 5.550E-02.03210.238 1524.84790.54-.003529          0 2 0          0 0 0 11  0 11       11  1 10      587777835910162545    69.0   69.0
 11 2945.052440 2.791E-27 4.806E-01.05580.298 3058.39840.510.006690          0 3 0          0 1 0  9  3  7       10  2  8      434223837294713152    19.0   21.0
 11 2945.057330 4.050E-26 5.585E-01.05920.333 2490.35410.500.002400          0 3 0          0 1 0  7  2  6        8  1  7      454423835994713159    15.0   17.0
 11 2945.578769 1.938E-27 3.198E-01.04040.281 3314.85560.360.001170          0 3 0          0 1 0 11  1 10       11  2  9      434223837294713152    69.0   69.0
 11 2945.806082 1.652E-25 2.462E-02.06410.299 1810.58790.61-.001000          1 0 0          0 0 0  8  4  5        9  7  2      564723835960163059    51.0   57.0
 11 2946.049838 2.382E-23 1.906E-01.07550.373  927.74390.700.004716          0 2 0          0 0 0  6  3  3        7  4  4      587777835910162545    13.0   15.0
 11 2946.060553 1.959E-30 4.782E+00.02380.265 5064.14140.26-.001390          0 3 0          0 1 0 11  9  3       12 10  2      432230837294713152    23.0   25.0
 11 2946.060669 5.878E-30 4.782E+00.02380.265 5064.14140.26-.001390          0 3 0          0 1 0 11  9  2       12 10  3      432230837294713152    69.0   75.0
 11 2946.238706 2.349E-29 1.122E-08.08330.391  446.51070.690.000000          0 2 0          0 0 0  3  2  1        5  2  3     q5322308079917122 0    21.0   33.0
 11 2946.599977 7.572E-29 4.788E+00.05340.195 4612.79070.510.001290          0 0 1          0 0 0 16  6 10       17  8  9      434233837260713049    99.0  105.0
 11 2946.781662 2.805E-29 9.826E+00.01360.235 4697.66110.05-.014560          1 0 0          0 0 0 13 12  2       14 13  1      434233837360713049    27.0   29.0
 11 2946.781662 8.417E-29 9.829E+00.01360.235 4697.66110.05-.014560          1 0 0          0 0 0 13 12  1       14 13  2      434233837360713049    81.0   87.0
 11 2946.816575 1.270E-27 8.518E-01.09810.434 3289.24250.740.000090          0 4 0          0 2 0  2  1  2        3  0  3      434223837294713152    15.0   21.0
 11 2946.997349 2.346E-25 1.984E-01.02710.207 2246.88480.20-.003000          0 2 0          0 0 0 12  3 10       13  2 11      574723835960163059    75.0   81.0
 11 2947.010326 6.741E-29 8.943E-01.08920.371 3873.79370.73-.003050          0 4 0          0 2 0  6  2  4        6  3  3      434263837294713152    13.0   13.0
 11 2947.115079 1.234E-25 2.361E-01.07130.352 2309.73020.590.001000          0 3 0          0 1 0  7  0  7        7  1  6      464423835994713159    45.0   45.0
 11 2947.145700 1.806E-29 7.214E-01.06580.333 4381.73540.59-.009520          0 4 0          0 2 0  8  3  6        8  4  5      434253837294713152    51.0   51.0
 11 2947.308058 6.157E-30 6.026E-08.07330.298 1293.63410.710.001530          0 1 0          0 0 0 10  9  2       10  2  9      572230837260713049    63.0   63.0
 11 2947.683657 1.014E-24 8.245E-01.07720.381 1907.61570.76-.002489          0 3 0          0 1 0  2  2  1        3  3  0      587777835910162545    15.0   21.0
 11 2947.788891 9.016E-31 3.380E-01.05510.333 4526.72040.610.000000          1 2 0          1 0 0  5  4  2        6  5  1      4333308387659336 0    11.0   13.0
 11 2947.894414 2.692E-30 3.364E-01.05680.371 4526.71980.530.001250          1 2 0          1 0 0  5  4  1        6  5  2      432230837294713152    33.0   39.0
 11 2948.099125 3.953E-25 9.309E-04.08230.394  931.23710.74-.008500          0 2 0          0 0 0  7  1  6        7  4  3      577773835910162559    45.0   45.0
 11 2948.763781 3.283E-25 8.007E-01.07200.356 1907.45140.570.001000          0 3 0          0 1 0  2  2  0        3  3  1      577773835910162559     5.0    7.0
 11 2948.794917 4.412E-30 1.771E-01.08700.371 4292.90990.72-.000130          1 2 0          1 0 0  5  2  3        6  3  4      432230837294713152    33.0   39.0
 11 2948.887442 8.288E-30 8.254E-09.07810.371  648.97870.670.000000          0 2 0          0 0 0  4  3  2        6  3  4     q5322308079917122 0    27.0   39.0
 11 2948.901014 7.902E-25 4.602E-01.08630.473 1908.01630.73-.002900          0 3 0          0 1 0  3  1  2        4  2  3      587723835910163159    21.0   27.0
 11 2949.097697 6.508E-28 1.112E+00.10450.456 3255.34600.76-.005290          0 4 0          0 2 0  2  0  2        2  1  1      434223837294713152     5.0    5.0
 11 2949.148545 1.080E-24 2.234E-01.05210.315 1695.06860.54-.019047          0 2 0          0 0 0 10  2  8       11  3  9      587777835910162545    21.0   23.0
 11 2949.416976 2.641E-30 1.312E-04.08440.352 2724.04140.70-.009350          1 1 0          0 1 0  6  0  6        7  5  3      432230837294713152    13.0   15.0
 11 2949.645552 3.636E-31 6.965E-01.09550.460 4820.76260.770.000000          0 5 0          0 3 0  4  0  4        3  1  3      4333308387659336 0     9.0    7.0
 11 2949.983832 3.692E-31 2.207E-04.04240.259 3386.05230.510.000000          0 0 1          0 1 0 13  5  8       12  1 11      4333308387659336 0    27.0   25.0
 11 2950.059977 5.867E-30 8.910E-01.05470.235 4525.23910.52-.003480          1 1 0          0 1 0 13  3 11       14  4 10      432230837294713152    27.0   29.0
 11 2950.166746 9.680E-28 1.818E+00.02840.315 3752.41620.30-.000760          0 3 0          0 1 0  8  7  2        9  8  1      434223837294713152    51.0   57.0
 11 2950.166954 3.227E-28 1.819E+00.02840.315 3752.41620.30-.000680          0 3 0          0 1 0  8  7  1        9  8  2      434223837294713152    17.0   19.0
 11 2950.321376 1.795E-29 1.108E+00.08030.315 4493.80440.69-.005320          0 4 0          0 2 0  9  2  7        9  3  6      434253837294713152    57.0   57.0
 11 2950.440843 4.360E-26 5.966E-05.09020.412  488.13420.73-.006000          0 2 0          0 0 0  4  1  3        4  4  0      564423837260713059     9.0    9.0
 11 2950.528379 1.293E-29 6.816E-01.06970.352 4186.56940.62-.008470          0 4 0          0 2 0  7  3  5        7  4  4      434253837294713152    15.0   15.0
 11 2950.603145 2.703E-30 5.667E-02.09720.412 4066.12260.74-.005210          0 2 1          0 0 1  3  1  3        4  2  2      432230837294713152    21.0   27.0
 11 2950.643977 7.067E-30 3.999E-03.05180.221 3629.09610.58-.024910          0 0 1          0 0 0 15  3 13       15  7  8      432230837260713049    93.0   93.0
 11 2951.079965 2.760E-28 2.238E+00.02840.235 3922.33110.33-.006350          0 2 0          0 0 0 13  9  5       14 10  4      434223837260713049    27.0   29.0
 11 2951.081327 8.283E-28 2.239E+00.02840.235 3922.33060.33-.006340          0 2 0          0 0 0 13  9  4       14 10  5      434223837260713049    81.0   87.0
 11 2951.082146 1.113E-28 1.021E+00.08800.352 4052.83690.72-.004280          0 4 0          0 2 0  7  2  5        7  3  4      434223837294713152    45.0   45.0
 11 2951.204033 2.055E-29 1.430E+00.04310.265 4557.54630.42-.004870          0 1 1          0 1 0 11  6  6       12  8  5      434233837294713152    69.0   75.0
 11 2951.449012 8.281E-29 1.991E-03.04650.235 2739.42850.50-.008130          1 0 0          0 0 0 14  0 14       14  3 11      434233837360713049    29.0   29.0
 11 2951.538066 1.647E-25 6.342E-01.03660.224 2522.26520.41-.006000          0 2 0          0 0 0 10  7  4       11  8  3      564723835960163059    63.0   69.0
 11 2951.550244 5.090E-26 5.880E-01.03660.281 2522.26130.41-.006000          0 2 0          0 0 0 10  7  3       11  8  4      454423835960713059    21.0   23.0
 11 2951.726900 3.274E-26 4.761E-02.07310.281 2321.90570.670.000000          0 0 1          0 0 0 10  3  7       11  7  4      564423837260713059    63.0   69.0
 11 2951.938371 5.050E-28 5.579E-04.04150.221 2358.30140.490.004470          0 1 0          0 0 0 16  5 12       15  0 15      474223837260713049    99.0   93.0
 11 2951.984735 1.002E-29 1.163E-03.05380.265 3032.69040.57-.004140          0 0 1          0 0 0 12  5  8       12  9  3      534233837260713049    25.0   25.0
 11 2952.109713 5.506E-30 1.935E-09.08870.412  382.51690.710.000000          0 2 0          0 0 0  3  1  2        4  3  2     q5322308079917122 0    21.0   27.0
 11 2952.352962 1.145E-30 7.167E-06.08000.371 2552.85720.69-.003630          0 3 0          0 1 0  7  2  5        6  5  2      432230837294713152    45.0   39.0
 11 2952.383938 4.266E-29 7.717E-01.03640.298 4240.94210.40-.004990          0 1 1          0 1 0  9  7  3       10  9  2      434233837294713152    57.0   63.0
 11 2952.388520 1.422E-29 7.717E-01.03640.298 4240.94210.40-.005000          0 1 1          0 1 0  9  7  2       10  9  1      434233837294713152    19.0   21.0
 11 2952.395385 1.650E-29 1.097E+00.08590.333 4259.87640.72-.004450          0 4 0          0 2 0  8  2  6        8  3  5      434253837294713152    17.0   17.0
 11 2952.498780 7.601E-30 2.333E-09.09400.434  285.41860.730.000000          0 2 0          0 0 0  2  1  2        3  3  0     q5222308079917122 0    15.0   21.0
 11 2952.533864 6.849E-30 1.431E+00.04500.265 4557.55490.45-.004410          0 1 1          0 1 0 11  6  5       12  8  4      532230837294713152    23.0   25.0
 11 2952.707802 6.935E-29 6.131E-01.07180.371 4015.51510.62-.007070          0 4 0          0 2 0  6  3  4        6  4  3      434223837294713152    39.0   39.0
 11 2952.832312 1.511E-30 2.880E-01.07060.391 4345.55910.61-.001220          0 2 1          0 0 1  4  3  2        5  4  1      432230837294713152     9.0   11.0
 11 2952.880167 3.124E-30 2.160E-09.07810.371  648.97870.670.000000          0 2 0          0 0 0  6  1  6        6  3  4     q5322308079917122 0    39.0   39.0
 11 2953.029725 5.608E-28 2.635E+00.03720.221 3824.49850.35-.007140          0 0 1          0 0 0 14  6  9       15  8  8      434223837260713049    29.0   31.0
 11 2953.413891 8.306E-24 1.893E-01.06150.370 1446.12820.61-.015247          0 2 0          0 0 0  9  2  7       10  3  8      587777835910162545    57.0   63.0
 11 2953.530834 1.050E-24 7.514E-01.07190.443 2042.75330.79-.007873          0 3 0          0 1 0  5  0  5        6  1  6      487777835910162545    33.0   39.0
 11 2953.597712 6.073E-31 1.598E-05.07540.352 2670.78970.650.000000          1 0 0          0 1 0  9  8  2        8  3  5      4333308387659336 0    19.0   17.0
 11 2953.626666 2.722E-27 1.463E+00.03580.250 3347.78050.36-.006200          0 0 1          0 0 0 12  7  6       13  9  5      434223837260713049    25.0   27.0
 11 2953.657554 1.425E-30 1.774E-01.07200.391 4257.78670.620.002740          1 2 0          1 0 0  4  3  1        5  4  2      432230837294713152     9.0   11.0
 11 2953.734086 1.502E-30 5.835E-02.09720.412 3966.55930.74-.005210          1 2 0          1 0 0  3  1  3        4  2  2      432230837294713152     7.0    9.0
 11 2953.741028 4.211E-26 7.850E-03.08030.281 1899.00820.71-.002000          0 0 1          0 0 0 10  0 10       11  4  7      564423837260713059    63.0   69.0
 11 2953.862322 2.438E-30 8.183E-04.03140.265 3266.76450.50-.008030          0 1 0          0 0 0 13 13  1       12 10  2      472230837260713049    27.0   25.0
 11 2953.862338 7.315E-30 8.184E-04.03140.265 3266.76440.50-.008040          0 1 0          0 0 0 13 13  0       12 10  3      472230837260713049    81.0   75.0
 11 2953.971233 3.914E-29 3.217E-03.05040.221 3244.60060.530.014730          0 1 0          0 0 0 16  9  8       15  4 11      474233837260713049    99.0   93.0
 11 2953.995898 3.289E-29 5.059E-01.07170.391 3868.87300.63-.003780          0 4 0          0 2 0  5  3  3        5  4  2      434263837294713152    11.0   11.0
 11 2954.089896 8.231E-27 1.475E+00.03590.250 3347.78340.36-.005940          0 0 1          0 0 0 12  7  5       13  9  4      434223837260713049    75.0   81.0
 11 2954.153881 7.757E-23 3.530E-01.02740.254 1114.54990.30-.004597          0 2 0          0 0 0  9  0  9       10  1 10      587727835910163045    57.0   63.0
 11 2954.189043 4.598E-30 2.919E-01.07200.391 4345.27190.620.002740          0 2 1          0 0 1  4  3  1        5  4  2      432230807294713152    27.0   33.0
 11 2954.398857 2.586E-23 3.531E-01.02750.255 1114.53220.16-.004755          0 2 0          0 0 0  9  1  9       10  0 10      587777835910162545    19.0   21.0
 11 2954.520204 1.534E-26 5.522E-02.07580.265 2300.68500.72-.003000          0 0 1          0 0 0 11  1 10       12  5  7      564423837260713059    23.0   25.0
 11 2954.717305 9.533E-29 3.301E-01.07440.412 3746.76270.660.000690          0 4 0          0 2 0  4  3  2        4  4  1      434223837294713152    27.0   27.0
 11 2954.801788 4.375E-30 2.028E+00.04290.235 4980.22310.41-.015060          0 1 1          0 1 0 13  5  9       14  7  8      432230837294713152    81.0   87.0
 11 2954.905620 2.039E-27 8.780E-02.01730.221 2872.58050.05-.003450          0 2 0          0 0 0 15  2 14       15  3 13      434223837260713049    31.0   31.0
 11 2955.063904 6.142E-27 8.803E-02.01680.221 2872.27430.03-.002970          0 2 0          0 0 0 15  1 14       15  2 13      434223837260713049    93.0   93.0
 11 2955.105211 2.292E-28 3.803E-01.03750.208 3623.76500.38-.005880          0 0 1          0 0 0 15  2 13       16  4 12      434233837260713049    31.0   33.0
 11 2955.108242 3.189E-29 3.314E-01.07630.412 3746.77600.670.002340          0 4 0          0 2 0  4  3  1        4  4  0      434263837294713152     9.0    9.0
 11 2955.113463 3.869E-25 2.624E-04.08630.414  610.34120.71-.006000          0 2 0          0 0 0  5  1  4        5  4  1      574723835960163059    33.0   33.0
 11 2955.256437 3.349E-24 3.046E-01.02760.226 1525.13600.43-.011544          0 2 0          0 0 0 10  1  9       11  2 10      587777835910162545    21.0   23.0
 11 2955.302276 1.832E-25 6.458E-04.08390.371  757.78020.70-.007000          0 2 0          0 0 0  6  1  5        6  4  2      574423835960713059    13.0   13.0
 11 2955.432190 9.998E-29 5.133E-01.07610.391 3868.98700.660.002160          0 4 0          0 2 0  5  3  2        5  4  1      434223837294713152    33.0   33.0
 11 2955.505462 6.359E-30 2.622E-01.07060.391 4256.24130.61-.001220          1 2 0          1 0 0  4  3  2        5  4  1      432230837294713152    27.0   33.0
 11 2955.679600 5.467E-23 2.790E-01.05700.309 1059.83550.52-.006338          0 2 0          0 0 0  6  4  3        7  5  2      587777835910162545    39.0   45.0
 11 2955.838773 1.669E-27 1.228E+00.10550.480 3201.91340.76-.007530          0 4 0          0 2 0  1  0  1        1  1  0      534223837294713152     9.0    9.0
 11 2955.944135 5.037E-29 1.115E-04.03360.250 2248.06450.34-.003890          0 2 0          0 0 0 14  0 14       13  3 11      434233837260713049    29.0   27.0
 11 2956.009223 1.843E-30 2.071E-07.07450.281 1813.22340.720.002380          0 1 0          0 0 0 11 10  1       11  3  8      472230837260713049    69.0   69.0
 11 2956.199272 2.108E-30 2.421E-09.07340.352  782.40980.650.000000          0 2 0          0 0 0  7  0  7        7  2  5     q5322308079917122 0    45.0   45.0
 11 2956.397636 3.557E-29 2.567E-04.06730.333 2630.19260.60-.005760          0 3 0          0 1 0  9  0  9        8  3  6      434233837294713152    57.0   51.0
 11 2956.406151 1.834E-23 2.806E-01.05750.284 1059.64670.53-.002681          0 2 0          0 0 0  6  4  2        7  5  3      587777835910162545    13.0   15.0
 11 2956.454509 7.498E-27 1.943E-01.03380.235 2739.42850.300.006210          0 2 0          0 0 0 13  4 10       14  3 11      434223837260713049    27.0   29.0
 11 2956.515125 5.762E-27 3.233E-01.04490.298 3072.72640.41-.007020          0 3 0          0 1 0 10  2  9       10  3  8      434223837294713152    63.0   63.0
 11 2956.555317 2.393E-29 6.380E-01.07880.371 4016.05280.680.001590          0 4 0          0 2 0  6  3  3        6  4  2      434263837294713152    13.0   13.0
 11 2956.904164 4.825E-24 3.543E-01.04600.246 1411.64190.62-.006288          0 2 0          0 0 0  7  5  3        8  6  2      587777835910162545    15.0   17.0
 11 2956.994398 6.736E-24 1.688E-01.06670.385 1216.23130.59-.007798          0 2 0          0 0 0  8  2  6        9  3  7      587777835910162545    17.0   19.0
 11 2957.025488 1.437E-23 3.517E-01.04720.243 1411.61150.56-.005617          0 2 0          0 0 0  7  5  2        8  6  3      587777835910162545    45.0   51.0
 11 2957.133888 1.430E-28 1.050E-04.03360.250 2246.88480.34-.001710          0 2 0          0 0 0 14  1 14       13  2 11      434233837260713049    87.0   81.0
 11 2957.304361 9.390E-29 9.152E-02.07580.281 3659.90400.70-.016050          0 1 1          0 1 0 10  1  9       11  5  6      434233837294713152    63.0   69.0
 11 2958.068554 5.145E-29 5.247E-04.05910.281 2740.42090.62-.002150          0 0 1          0 0 0 11  5  7       11  9  2      534233837260713049    69.0   69.0
 11 2958.273501 8.712E-31 1.122E-06.05620.273 2105.86790.550.000000          0 1 0          0 0 0 12 10  2       12  3  9      4333308387659336 0    25.0   25.0
 11 2958.351289 4.056E-29 2.753E-02.07720.298 3564.70500.68-.008680          1 1 0          0 1 0  9  3  6       10  6  5      434233837294713152    57.0   63.0
 11 2958.379925 1.017E-23 3.085E-01.02800.221 1524.84790.25-.004889          0 2 0          0 0 0 10  2  9       11  1 10      587777835910162545    63.0   69.0
 11 2958.417184 1.449E-29 9.813E-07.08160.352 1394.81420.72-.003550          1 0 0          0 0 0  7  2  6        7  7  1      532230837360713049    15.0   15.0
 11 2958.455169 1.265E-25 5.704E-02.07540.315 1810.58330.71-.001000          1 0 0          0 0 0  8  4  4        9  7  3      564423835960713059    17.0   19.0
 11 2958.512383 8.361E-31 7.673E+00.00320.264 5334.86020.240.000000          1 1 0          0 1 0 11 10  2       12 11  1      4333308387659336 0    23.0   25.0
 11 2958.512556 2.503E-30 7.657E+00.01770.265 5334.86020.13-.013750          1 1 0          0 1 0 11 10  1       12 11  2      432230837294713152    69.0   75.0
 11 2958.583450 1.390E-26 1.512E+00.02690.352 3109.91160.28-.010800          0 3 0          0 1 0  6  6  1        7  7  0      464423837294713159    39.0   45.0
 11 2958.583805 4.632E-27 1.511E+00.02690.352 3109.91160.28-.003080          0 3 0          0 1 0  6  6  0        7  7  1      434223837294713152    13.0   15.0
 11 2958.820861 4.164E-29 7.423E-01.08090.352 4188.39430.690.000710          0 4 0          0 2 0  7  3  4        7  4  3      434263837294713152    45.0   45.0
 11 2959.241608 4.037E-29 2.276E-03.03650.208 2952.38660.440.008030          0 1 0          0 0 0 17  6 12       16  1 15      474233837260713049    35.0   33.0
 11 2959.328522 1.920E-29 5.219E-01.03450.235 4396.05140.33-.017630          0 1 1          0 1 0 13  2 12       14  4 11      434233837294713152    81.0   87.0
 11 2959.545312 3.935E-30 7.905E-04.05360.265 3386.37950.580.008640          0 2 0          0 1 0 13  7  6       12  2 11      432230837294713152    81.0   75.0
 11 2959.644013 1.838E-29 3.002E-04.06740.315 2818.39810.610.002980          0 3 0          0 1 0 10  1 10        9  2  7      434223837294713152    63.0   57.0
 11 2959.775492 1.288E-28 3.661E+00.03770.208 4207.56200.520.004070          0 0 1          0 0 0 15  6  9       16  8  8      434233837265713049    31.0   33.0
 11 2959.844267 3.060E-28 4.405E-01.08840.391 3565.45460.700.002350          0 4 0          0 2 0  4  2  3        5  1  4      434223837294713152    27.0   33.0
 11 2959.905817 5.023E-28 1.396E-04.07610.281 1998.99530.70-.011780          1 0 0          0 0 0 11  0 11       11  5  6      534223837360713049    69.0   69.0
 11 2960.037178 9.077E-29 8.805E+00.01810.235 4431.63810.13-.013530          1 0 0          0 0 0 13 11  3       14 12  2      434233837360713049    27.0   29.0
 11 2960.037180 2.723E-28 8.804E+00.01810.235 4431.63810.13-.013530          1 0 0          0 0 0 13 11  2       14 12  3      434233837360713049    81.0   87.0
 11 2960.298165 2.360E-29 4.348E+00.02670.195 4830.89390.21-.011290          1 0 0          0 0 0 16  8  9       17  9  8      434233837360713049    99.0  105.0
 11 2960.314574 2.087E-25 2.259E-01.07650.340 2161.28600.63-.005900          0 3 0          0 1 0  6  1  6        6  2  5      564723835994163159    39.0   39.0
 11 2960.439524 1.252E-29 1.373E-05.08820.412 2129.59920.72-.005400          0 3 0          0 1 0  5  1  4        4  4  1      532230837294713152    33.0   27.0
 11 2960.475247 1.495E-30 3.436E-01.05680.333 4488.14570.47-.002270          0 2 1          0 0 1  7  0  7        8  1  8      432230837294713152    15.0   17.0
 11 2960.510422 5.917E-28 2.106E+00.03830.208 4006.07320.37-.019830          0 0 1          0 0 0 15  5 11       16  7 10      434223837260713049    93.0   99.0
 11 2960.647287 3.417E-28 5.691E-01.03630.208 3623.76500.340.010640          0 2 0          0 0 0 15  5 11       16  4 12      434223837260713049    31.0   33.0
 11 2960.748753 1.078E-28 6.972E-04.06310.265 2437.50190.64-.019180          1 0 0          0 0 0 12  1 11       12  6  6      434233837360713049    25.0   25.0
 11 2960.788158 3.464E-25 7.438E-01.07470.343 2041.78050.60-.003500          0 3 0          0 1 0  5  1  5        6  0  6      474723835994163159    11.0   13.0
 11 2960.790668 2.949E-28 1.060E-04.05760.281 1843.02960.61-.000940          0 1 0          0 0 0 12  9  3       11  4  8      474223837260713049    25.0   23.0
 11 2960.927512 2.584E-28 5.737E-04.04640.250 2248.06450.520.007930          0 1 0          0 0 0 14  8  6       13  3 11      474233837260713049    29.0   27.0
 11 2960.933106 2.542E-30 6.321E-05.07810.315 2904.67040.71-.005170          1 0 0          0 1 0 10  8  3        9  3  6      432230837294713152    63.0   57.0
 11 2961.033270 1.246E-28 9.441E-01.04690.195 4174.28750.46-.004010          0 0 1          0 0 0 16  3 13       17  5 12      434233837260713049    99.0  105.0
 11 2961.110638 4.495E-30 3.445E-01.05620.333 4488.09050.46-.002330          0 2 1          0 0 1  7  1  7        8  0  8      432230837294713152    45.0   51.0
 11 2961.114779 5.645E-30 2.204E-01.08830.391 4244.30470.720.000450          0 2 1          0 0 1  4  2  2        5  3  3      432230837294713152    27.0   33.0
 11 2961.277140 3.470E-27 4.480E-01.02970.221 3083.86520.28-.016650          0 0 1          0 0 0 14  2 13       15  4 12      434223837260713049    29.0   31.0
 11 2961.372517 4.558E-23 1.559E-01.07500.415 1006.11590.640.001082          0 2 0          0 0 0  7  2  5        8  3  6      587777835910162545    45.0   51.0
 11 2961.393818 1.560E-30 3.194E-01.04850.315 4715.96680.41-.001210          1 2 0          1 0 0  8  2  7        9  1  8      432230837294713152    51.0   57.0
 11 2961.404359 8.228E-30 4.545E+00.02730.195 4830.61440.22-.009080          1 0 0          0 0 0 16  8  8       17  9  9      432230837360713049    33.0   35.0
 11 2961.520355 3.215E-30 1.187E-05.07240.315 2512.28290.690.002690          0 2 0          0 1 0 10  7  4        9  0  9      532230837294713152    63.0   57.0
 11 2961.535257 3.284E-30 7.385E-03.03050.235 3685.41920.37-.007120          0 1 0          0 0 0 15 12  4       14  9  5      472230837260713049    31.0   29.0
 11 2961.545580 2.468E-30 3.069E-01.08260.333 4387.35720.700.003900          0 4 0          1 0 0  8  3  5        8  0  8      432230837294713152    17.0   17.0
 11 2961.546192 9.851E-30 7.384E-03.03050.235 3685.40830.37-.007110          0 1 0          0 0 0 15 12  3       14  9  6      474233837260713049    93.0   87.0
 11 2961.559435 1.262E-28 4.952E-01.05650.265 3738.54320.540.011370          0 3 0          0 1 0 11  4  8       12  3  9      434223837294713152    23.0   25.0
 11 2961.591769 1.424E-30 1.351E-04.04900.281 2972.82740.58-.002850          1 0 0          0 0 0 11  7  5       11 10  2      432230837360713049    23.0   23.0
 11 2961.650223 4.301E-30 1.361E-04.04920.281 2972.82740.58-.002730          1 0 0          0 0 0 11  7  4       11 10  1      532230837360713049    69.0   69.0
 11 2961.690217 4.363E-30 6.446E-03.04240.221 3824.99790.46-.022050          0 0 1          0 0 0 15  4 12       15  8  7      432230837260713049    93.0   93.0
 11 2961.712690 5.199E-23 2.175E-01.07220.380  757.78020.64-.005689          0 2 0          0 0 0  5  3  3        6  4  2      587777835910162545    11.0   13.0
 11 2961.804282 5.564E-31 2.501E-01.06980.355 4625.93690.630.000000          0 2 1          0 0 1  7  1  6        8  2  7      4333308387659336 0    15.0   17.0
 11 2961.882544 4.338E-25 2.999E-01.03600.269 1960.20740.510.001563          0 2 0          0 0 0 11  3  9       12  2 10      577777835910162545    23.0   25.0
 11 2962.241541 1.222E-29 3.319E-03.07050.333 3101.14220.63-.007210          1 1 0          0 1 0  7  3  5        8  6  2      434233837294713152    15.0   17.0
 11 2962.352448 2.687E-30 1.995E-01.08830.391 4150.28730.720.000450          1 2 0          1 0 0  4  2  2        5  3  3      432230837294713152     9.0   11.0
 11 2962.527700 3.100E-30 3.697E-01.02460.221 4728.22120.19-.000720          0 3 0          0 1 0 15  2 13       15  3 12      432230837294713152    93.0   93.0
 11 2962.583444 7.956E-26 4.667E-03.07390.333 1590.69010.68-.018000          0 0 1          0 0 0  7  3  5        8  7  2      564423837260713059    45.0   51.0
 11 2962.589589 4.338E-30 5.371E-01.08110.333 4386.31320.69-.001290          0 4 0          0 2 0  8  3  5        8  4  4      432230837294713152    17.0   17.0
 11 2963.003614 8.244E-27 8.577E-01.03010.281 2972.82740.34-.006710          0 0 1          0 0 0 10  8  3       11 10  2      434223837260713049    21.0   23.0
 11 2963.004872 2.473E-26 8.576E-01.03010.281 2972.82740.340.001710          0 0 1          0 0 0 10  8  2       11 10  1      464426837260713024    63.0   69.0
 11 2963.088613 8.047E-30 3.779E-01.05680.333 4387.06290.47-.002270          1 2 0          1 0 0  7  0  7        8  1  8      432230837294713152    45.0   51.0
 11 2963.228920 1.974E-29 1.794E-04.06430.298 2471.25500.67-.001450          0 0 1          0 0 0 10  5  6       10  9  1      534233837260713049    21.0   21.0
 11 2963.412381 3.480E-25 5.437E-01.08800.460 1813.78760.54-.001500          0 3 0          0 1 0  2  1  1        3  2  2      577773835910162559     5.0    7.0
 11 2963.750673 1.314E-30 5.154E-01.03560.371 4759.85310.37-.002410          0 2 1          0 0 1  5  5  1        6  6  0      432230837294713152    33.0   39.0
 11 2963.773345 4.406E-31 5.185E-01.05510.333 4759.85250.610.000000          0 2 1          0 0 1  5  5  0        6  6  1      4333308387659336 0    11.0   13.0
 11 2963.869538 1.427E-30 2.014E-01.05620.333 4387.35720.46-.002330          1 2 0          1 0 0  7  1  7        8  0  8      432230837294713152    15.0   17.0
 11 2963.872138 8.923E-30 4.448E-01.07650.333 4173.22570.660.004420          0 4 0          0 2 0  7  3  5        8  2  6      432230837294713152    15.0   17.0
 11 2963.894654 7.803E-29 2.093E-08.08330.391  325.34790.690.000000          0 2 0          0 0 0  3  0  3        5  0  5     q5322308079917122 0    21.0   33.0
 11 2964.015789 1.411E-27 2.964E-06.08040.352  931.23710.69-.005410          0 2 0          0 0 0  8  1  8        7  4  3      534223837260713049    51.0   45.0
 11 2964.181723 2.302E-27 3.633E-01.05100.298 3058.39840.460.002860          0 3 0          0 1 0 10  1  9       10  2  8      434223837294713152    21.0   21.0
 11 2964.216945 2.917E-24 4.402E-01.03970.213 1810.58790.61-.006304          0 2 0          0 0 0  8  6  3        9  7  2      587777835910162545    51.0   57.0
 11 2964.442138 8.651E-28 1.263E+00.03650.208 3822.24600.36-.021240          0 0 1          0 0 0 15  4 12       16  6 11      434223837260713049    93.0   99.0
 11 2964.485253 9.371E-27 1.192E+00.03160.265 3032.69040.36-.005780          0 2 0          0 0 0 11  8  4       12  9  3      434223837260713049    23.0   25.0
 11 2964.486404 2.815E-26 1.194E+00.03160.265 3032.68980.36-.006339          0 2 0          0 0 0 11  8  3       12  9  4      464426837260713024    69.0   75.0
 11 2964.504891 8.900E-25 4.030E-01.03960.218 1810.58330.67-.005111          0 2 0          0 0 0  8  6  2        9  7  3      587777835910162545    17.0   19.0
 11 2964.752854 1.274E-28 6.198E-03.08420.315 2998.76630.71-.009330          1 1 0          0 1 0  8  1  8        9  4  5      434233837294713152    51.0   57.0
 11 2964.849400 7.359E-30 8.526E-03.03130.195 3810.93670.350.014150          0 1 0          0 0 0 18  8 11       17  3 14      472230837260713049   111.0  105.0
 11 2964.913547 1.404E-30 1.973E-01.08530.333 4386.31320.71-.009680          1 2 0          0 2 0  7  1  7        8  4  4      432230837294713152    15.0   17.0
 11 2964.992798 1.093E-26 4.632E-01.03110.221 3080.17870.300.000500          0 0 1          0 0 0 14  1 13       15  3 12      464423807260713059    87.0   93.0
 11 2965.039320 4.782E-29 2.618E+00.02350.298 4240.94210.24-.001320          0 3 0          0 1 0  9  8  2       10  9  1      434233837294713152    19.0   21.0
 11 2965.039325 1.435E-28 2.618E+00.02340.298 4240.94210.24-.001310          0 3 0          0 1 0  9  8  1       10  9  2      434233837294713152    57.0   63.0
 11 2965.256386 8.788E-31 9.255E-03.03800.195 4027.50600.320.000000          0 0 1          0 0 0 17  1 16       17  5 13      4333308387659336 0    35.0   35.0
 11 2965.280528 9.647E-31 4.638E-04.05430.299 3323.26980.560.000000          0 2 0          0 1 0 12  8  4       11  3  9      4333308387659336 0    25.0   23.0
 11 2966.006210 1.628E-22 2.266E-01.07210.352  756.72480.620.002594          0 2 0          0 0 0  5  3  2        6  4  3      587777835910162545    33.0   39.0
 11 2966.069029 8.536E-30 9.454E-01.08170.315 4611.79480.70-.004500          0 4 0          0 2 0  9  3  6        9  4  5      432230837294713152    57.0   57.0
 11 2966.457417 1.240E-30 4.339E-01.04840.391 4468.69770.48-.001170          0 2 1          0 0 1  4  4  1        5  5  0      432230837294713152     9.0   11.0
 11 2966.479984 3.721E-30 4.341E-01.04830.391 4468.69330.47-.000990          0 2 1          0 0 1  4  4  0        5  5  1      432230837294713152    27.0   33.0
 11 2966.734148 2.133E-25 4.771E-01.07080.348 2309.73020.590.001000          0 3 0          0 1 0  6  2  5        7  1  6      464723835994163159    39.0   45.0
 11 2966.829337 2.117E-30 3.798E-06.06130.250 2414.72340.660.005490          0 1 0          0 0 0 13 10  3       13  3 10      472230837260713049    81.0   81.0
 11 2966.832866 6.145E-24 6.094E-02.03810.255 1293.63410.42-.004638          0 2 0          0 0 0 10  1 10       10  2  9      587777835910162545    63.0   63.0
 11 2966.888659 3.497E-30 2.179E-04.06330.265 3144.57880.640.009270          0 2 0          0 1 0 13  6  7       12  1 12      432230837294713152    81.0   75.0
 11 2967.333641 2.042E-24 6.059E-02.03610.249 1293.01810.52-.002080          0 2 0          0 0 0 10  0 10       10  1  9      587777835910162545    21.0   21.0
 11 2967.339554 5.055E-31 1.871E-06.05760.288 2321.81310.570.000000          0 0 1          0 0 0 12  1 12       11  7  5      5333308387659336 0    25.0   23.0
 11 2967.438758 2.319E-28 6.404E+00.02230.235 4172.15250.20-.012600          1 0 0          0 0 0 13 10  4       14 11  3      434233837360713049    27.0   29.0
 11 2967.438838 6.956E-28 6.403E+00.02230.235 4172.15250.20-.012600          1 0 0          0 0 0 13 10  3       14 11  4      434223837360713049    81.0   87.0
 11 2967.722296 8.361E-31 2.001E-04.06630.323 3162.25890.620.000000          1 0 0          0 1 0 11  8  4       10  3  7      4333308387659336 0    23.0   21.0
 11 2967.776883 3.065E-30 1.586E+00.05900.221 5015.70410.55-.015570          1 1 0          0 1 0 14  4 11       15  5 10      432230837294713152    87.0   93.0
 11 2967.912590 1.446E-26 1.920E-02.07640.298 2054.36870.69-.002000          0 0 1          0 0 0  9  3  6       10  7  3      564423837260713059    19.0   21.0
 11 2967.984926 3.239E-23 1.533E-01.08280.433  816.69420.710.002064          0 2 0          0 0 0  6  2  4        7  3  5      587777835910162545    13.0   15.0
 11 2967.988437 3.578E-29 3.639E-05.06810.315 2225.46920.70-.002800          0 0 1          0 0 0  9  5  5        9  9  0      534233837260713049    57.0   57.0
 11 2968.004780 6.407E-29 9.777E-04.05660.265 2613.10460.59-.020430          1 0 0          0 0 0 12  2 10       12  7  5      434233837360713049    25.0   25.0
 11 2968.495444 4.888E-29 1.257E-05.07040.281 1998.99530.70-.011110          0 2 0          0 0 0 12  2 11       11  5  6      534233837260713049    75.0   69.0
 11 2968.702638 2.184E-29 6.537E-03.04050.221 3269.53980.45-.018010          1 0 0          0 0 0 15  2 14       15  5 11      434233837360713049    31.0   31.0
 11 2968.726802 3.873E-30 3.613E-05.05370.298 2701.88850.65-.002460          1 0 0          0 0 0 10  7  4       10 10  1      532230837360713049    63.0   63.0
 11 2968.741414 1.294E-30 3.621E-05.05370.298 2701.88850.65-.002420          1 0 0          0 0 0 10  7  3       10 10  0      532230837360713049    21.0   21.0
 11 2968.913751 4.771E-25 7.062E-01.08780.434 1922.82900.69-.007400          0 3 0          0 1 0  4  0  4        5  1  5      574723835994163159     9.0   11.0
 11 2969.017569 1.651E-30 7.679E-08.07960.333 1590.69010.71-.003850          1 0 0          0 0 0  9  0  9        8  7  2      532230837360713049    57.0   51.0
 11 2969.190828 1.006E-30 1.034E+00.08250.298 4864.37330.71-.006290          0 4 0          0 2 0 10  3  7       10  4  6      432230837294713152    21.0   21.0
 11 2969.516394 2.570E-23 2.822E-01.03770.260 1293.63410.27-.014018          0 2 0          0 0 0  9  1  8       10  2  9      587777835910162545    57.0   63.0
 11 2970.126690 2.673E-30 2.488E-09.09400.434  285.21930.730.000000          0 2 0          0 0 0  2  1  1        3  3  1     q5222308079917122 0     5.0    7.0
 11 2970.174417 2.718E-24 1.137E-03.09100.467  508.81210.72-.004426          0 2 0          0 0 0  5  0  5        5  3  2      587777835910162545    33.0   33.0
 11 2970.503633 1.548E-29 4.115E+00.02420.208 4665.98060.19-.012010          1 0 0          0 0 0 15  9  7       16 10  6      432230837360713049    31.0   33.0
 11 2970.531935 4.536E-29 4.019E+00.02430.208 4665.97390.19-.011940          1 0 0          0 0 0 15  9  6       16 10  7      432230837260713049    93.0   99.0
 11 2970.808048 8.234E-30 1.114E-02.09130.391 3626.92220.73-.002930          0 4 0          0 2 0  6  1  6        5  2  3      432230837294713152    39.0   33.0
 11 2970.842810 6.467E-29 1.969E-04.06870.298 2471.25500.70-.000480          0 0 1          0 0 0 10  5  5       10  9  2      534233837260713049    63.0   63.0
 11 2970.953743 5.703E-27 3.481E-01.05320.315 2841.43080.48-.008130          0 3 0          0 1 0  9  2  8        9  3  7      434223837294713152    19.0   19.0
 11 2971.031357 1.233E-29 3.769E-05.07040.315 2225.46920.72-.001920          0 0 1          0 0 0  9  5  4        9  9  1      534233837260713049    19.0   19.0
 11 2971.471925 1.052E-29 1.323E-08.08330.391  416.20870.690.000000          0 2 0          0 0 0  3  2  2        5  2  4     q5322308079917122 0     7.0   11.0
 11 2971.512908 3.528E-31 4.646E-02.07730.383 4308.21130.660.000000          0 2 1          1 0 0  5  1  4        6  3  3      4333308387659336 0    11.0   13.0
 11 2971.606479 7.141E-30 2.036E-01.08670.412 4126.46340.70-.003620          0 2 1          0 0 1  3  2  2        4  3  1      432230837294713152    21.0   27.0
 11 2971.633897 2.876E-26 9.370E-02.02100.235 2551.48350.12-.002000          0 2 0          0 0 0 14  2 13       14  3 12      564423837260713059    87.0   87.0
 11 2971.716114 1.902E-26 3.869E-01.06800.315 2818.39810.610.004500          0 3 0          0 1 0  8  3  6        9  2  7      464423837294713159    51.0   57.0
 11 2971.724326 9.100E-26 2.768E-01.08210.371 2146.26380.67-.000300          0 3 0          0 1 0  6  0  6        6  1  5      444423305994713159    13.0   13.0
 11 2971.781067 1.542E-29 1.083E-02.08120.315 3320.92980.71-.004740          1 1 0          0 1 0  8  3  5        9  6  4      434233837294713152    17.0   19.0
 11 2971.891230 3.598E-30 7.994E-05.06150.281 2915.87430.600.007970          1 0 0          0 1 0 12  5  8       11  0 11      432230837294713152    75.0   69.0
 11 2971.970901 9.661E-27 9.417E-02.02040.235 2550.88250.10-.002330          0 2 0          0 0 0 14  1 13       14  2 12      434223837260713049    29.0   29.0
 11 2972.051327 2.233E-29 4.829E+00.01980.281 4769.23260.19-.000060          0 3 0          0 1 0 10  9  2       11 10  1      434233837294713152    63.0   69.0
 11 2972.051338 7.444E-30 4.830E+00.01980.281 4769.23260.19-.000060          0 3 0          0 1 0 10  9  1       11 10  2      432230837294713152    21.0   23.0
 11 2972.054127 5.150E-26 3.177E-01.04040.250 2426.19650.39-.002000          1 0 0          0 0 0 12  1 11       13  4 10      454423835960713059    25.0   27.0
 11 2972.089788 3.495E-29 7.192E-02.07480.298 3565.00350.69-.017620          0 1 1          0 1 0  9  2  7       10  6  4      434233837294713152    19.0   21.0
 11 2972.190683 5.480E-30 4.208E-01.04840.391 4381.90400.48-.001170          1 2 0          1 0 0  4  4  1        5  5  0      432230837294713152    27.0   33.0
 11 2972.202915 1.826E-30 4.207E-01.04830.391 4381.90400.47-.000990          1 2 0          1 0 0  4  4  0        5  5  1      432230837294713152     9.0   11.0
 11 2972.487927 2.882E-30 2.158E-01.07540.352 4452.35280.63-.006800          0 2 1          0 0 1  6  1  5        7  2  6      432230837294713152    39.0   45.0
 11 2972.603566 6.945E-30 5.358E-01.03760.235 4382.77980.37-.009020          0 1 1          0 1 0 13  1 12       14  3 11      432230837294713152    27.0   29.0
 11 2972.826726 2.484E-28 6.113E-01.10420.456 3221.96120.760.002150          0 4 0          0 2 0  1  1  1        2  0  2      434223837294713152     3.0    5.0
 11 2972.911470 2.956E-28 1.188E-04.06650.298 2054.34520.65-.011960          0 0 1          0 0 0 10  1  9       10  7  4      534223837260713049    63.0   63.0
 11 2972.956227 4.244E-28 1.154E-05.06480.298 1293.01810.660.003890          0 1 0          0 0 0 11  8  4       10  1  9      574223837260713049    23.0   21.0
 11 2973.048564 3.295E-29 3.198E-04.07420.352 2439.95450.64-.005730          0 3 0          0 1 0  8  0  8        7  3  5      434233837294713152    17.0   15.0
 11 2973.134983 3.752E-30 1.243E+00.05610.183 4735.84490.54-.019390          0 0 1          0 0 0 17  4 13       18  6 12      432230837260713049    35.0   37.0
 11 2973.252424 2.861E-22 1.465E-01.08810.442  508.81210.72-.003437          0 2 0          0 0 0  4  2  3        5  3  2      587777835910162545    27.0   33.0
 11 2973.298919 7.018E-26 1.244E-02.06730.333 1590.69070.65-.000100          1 0 0          0 0 0  7  4  4        8  7  1      564423307360713059    15.0   17.0
 11 2973.317654 1.463E-29 3.738E-01.02720.235 4396.05140.23-.006760          0 3 0          0 1 0 14  3 12       14  4 11      434233837294713152    87.0   87.0
 11 2973.365587 2.603E-29 2.121E-08.08330.391  326.62550.690.000000          0 2 0          0 0 0  3  1  3        5  1  5     q5322308079917122 0     7.0   11.0
 11 2973.473292 1.720E-30 2.389E-01.07540.352 4353.23140.63-.006800          1 2 0          1 0 0  6  1  5        7  2  6      432230837294713152    13.0   15.0
 11 2973.496807 4.195E-30 2.269E-01.08670.412 4031.85360.70-.003620          1 2 0          1 0 0  3  2  2        4  3  1      432230837294713152     7.0    9.0
 11 2973.720958 1.883E-27 2.998E+00.04980.221 3824.99790.480.003540          0 0 1          0 0 0 14  6  8       15  8  7      434223837260713049    87.0   93.0
 11 2973.974224 2.098E-30 1.508E-01.04630.235 4382.77980.50-.007230          0 1 1          0 1 0 14  1 14       14  3 11      432230837294713152    29.0   29.0
 11 2973.987895 3.869E-25 7.210E-01.10030.462 1743.48630.75-.007200          0 3 0          0 1 0  1  1  1        2  2  0      474723835994163159     3.0    5.0
 11 2974.072398 3.560E-26 1.180E-03.08320.352 1216.18980.71-.003000          1 0 0          0 0 0  6  1  5        7  6  2      564423837360713059    13.0   15.0
 11 2974.111079 2.103E-29 6.504E-04.06890.281 2740.42080.690.001120          0 0 1          0 0 0 11  5  6       11  9  3      534233837260713049    23.0   23.0
 11 2974.567721 8.654E-30 4.096E+00.05530.183 5035.12650.570.004670          1 0 0          0 0 0 17  7 10       18  8 11      432230837360713049   105.0  111.0
 11 2974.577272 8.979E-28 1.987E+00.02120.333 3530.95750.21-.003360          0 3 0          0 1 0  7  7  1        8  8  0      434223837294713152    15.0   17.0
 11 2974.577287 2.694E-27 1.987E+00.02120.333 3530.95750.21-.003370          0 3 0          0 1 0  7  7  0        8  8  1      434223837294713152    45.0   51.0
 11 2974.588897 5.712E-23 3.436E-01.03580.295  920.21000.12-.004920          0 2 0          0 0 0  8  0  8        9  1  9      587777835910162545    17.0   19.0
 11 2974.828881 2.097E-25 4.085E-01.04440.266 2414.72340.420.003000          0 2 0          0 0 0 12  4  9       13  3 10      464723835960163059    75.0   81.0
 11 2974.979506 4.980E-26 2.785E-02.06350.298 1875.46180.59-.005000          1 0 0          0 0 0  9  3  7       10  6  4      554423835960713059    19.0   21.0
 11 2974.996022 1.382E-29 3.345E-02.02250.221 3937.57170.18-.009510          0 0 1          0 1 0 16  2 14       15  0 15      434233837294713152    99.0   93.0
 11 2975.084547 1.714E-22 3.437E-01.03620.293  920.16840.15-.004536          0 2 0          0 0 0  8  1  8        9  0  9      587777835910162545    51.0   57.0
 11 2975.222788 8.778E-24 2.894E-01.03640.256 1293.01810.35-.002287          0 2 0          0 0 0  9  2  8       10  1  9      587777835910162545    19.0   21.0
 11 2975.292519 1.800E-25 6.348E-01.03380.298 2254.28450.38-.002000          0 2 0          0 0 0  9  7  3       10  8  2      464423837260713059    19.0   21.0
 11 2975.295182 5.225E-25 6.143E-01.03420.183 2254.28380.96-.006728          0 2 0          0 0 0  9  7  2       10  8  3      587777835910162545    57.0   63.0
 11 2975.367025 1.643E-30 2.902E-01.04030.183 4606.16820.400.013950          0 2 0          0 0 0 17  6 12       18  5 13      432230837260713049    35.0   37.0
 11 2975.376834 3.780E-27 2.159E+00.02620.250 3583.37460.29-.005080          0 2 0          0 0 0 12  9  4       13 10  3      434223837260713049    75.0   81.0
 11 2975.377120 1.260E-27 2.159E+00.02620.250 3583.37450.29-.005080          0 2 0          0 0 0 12  9  3       13 10  4      434223837260713049    25.0   27.0
 11 2975.451405 4.356E-28 9.524E-06.07830.333 1411.61150.69-.008420          1 0 0          0 0 0  8  1  8        8  6  3      534223837360713049    51.0   51.0
 11 2975.509426 4.926E-30 3.578E-02.02220.221 3937.57290.18-.012670          0 0 1          0 1 0 16  3 14       15  1 15      432230837294713152    33.0   31.0
 11 2975.980660 2.056E-28 3.178E-01.04710.265 3770.87890.45-.019010          1 1 0          0 1 0 11  1 10       12  4  9      434233837294713152    69.0   75.0
 11 2976.256380 1.870E-30 5.352E-04.06650.281 3441.03950.630.010860          1 0 0          0 1 0 12  8  5       11  3  8      432230837294713152    75.0   69.0
 11 2976.550765 2.925E-29 2.119E-01.03770.250 3879.72080.37-.014870          0 1 1          0 1 0 12  1 12       13  3 11      434233837294713152    25.0   27.0
 11 2976.942019 8.233E-30 3.801E-01.06590.412 4224.85090.59-.000890          0 2 1          0 0 1  3  3  1        4  4  0      432230837294713152    21.0   27.0
 11 2977.017717 4.730E-26 5.484E-04.07960.333 1255.16680.69-.004000          1 0 0          0 0 0  7  0  7        8  5  4      554423835960713059    45.0   51.0
 11 2977.135884 2.749E-30 3.807E-01.06550.412 4224.81680.590.000620          0 2 1          0 0 1  3  3  0        4  4  1      432230837294713152     7.0    9.0
 11 2977.264208 1.902E-28 1.864E-02.07450.315 3141.04600.67-.015030          1 1 0          0 1 0  8  2  7        9  5  4      434233837294713152    51.0   57.0
 11 2977.476976 1.422E-28 1.017E+01.01070.250 4350.59110.01-.015330          1 0 0          0 0 0 12 12  0       13 13  1      434233837360713049    25.0   27.0
 11 2977.476976 4.265E-28 1.016E+01.01070.250 4350.59110.01-.015330          1 0 0          0 0 0 12 12  1       13 13  0      434223837360713049    75.0   81.0
 11 2977.515408 2.913E-30 1.774E-03.05250.265 3386.05230.540.014300          1 0 0          0 1 0 13  6  8       12  1 11      432230837294713152    27.0   25.0
 11 2977.523268 2.076E-29 1.171E+00.04500.281 4265.97440.46-.006050          0 1 1          0 1 0 10  6  5       11  8  4      434233837294713152    21.0   23.0
 11 2977.612368 3.573E-30 5.331E-03.04240.208 3623.76500.460.015700          0 1 0          0 0 0 17  9  9       16  4 12      472230837260713049    35.0   33.0
 11 2977.776217 3.824E-28 6.446E-05.07060.298 1874.97300.67-.010960          0 0 1          0 0 0 10  0 10       10  6  5      534223837260713049    63.0   63.0
 11 2977.943464 1.961E-22 1.629E-01.08600.461  648.97870.710.001333          0 2 0          0 0 0  5  2  3        6  3  4      587777835910162545    33.0   39.0
 11 2977.962681 1.461E-26 4.326E-01.06480.250 2748.09960.63-.006000          1 0 0          0 0 0 12  3  9       13  6  8      564423837360713059    25.0   27.0
 11 2977.975842 6.228E-29 1.171E+00.04570.281 4265.97630.46-.005550          0 1 1          0 1 0 10  6  4       11  8  3      434233837294713152    63.0   69.0
 11 2978.137362 6.964E-31 3.377E-04.05790.299 3323.26980.560.000000          0 0 1          0 1 0 12  7  6       11  3  9      4333308387659336 0    25.0   23.0
 11 2978.328390 3.486E-28 9.163E-05.06480.250 1806.67150.660.011010          0 1 0          0 0 0 14  6  8       13  1 13      474223837260713049    29.0   27.0
 11 2978.350044 1.214E-30 1.111E+00.00960.208 4919.25320.31-.007480          0 2 0          0 0 0 15 10  6       16 11  5      432230837265713049    31.0   33.0
 11 2978.351491 3.643E-30 1.111E+00.02640.208 4919.25280.31-.007470          0 2 0          0 0 0 15 10  5       16 11  6      432230837260713049    93.0   99.0
 11 2978.416042 1.266E-25 2.525E-01.08400.358 2024.15260.67-.005700          0 3 0          0 1 0  5  1  5        5  2  4      464723835994163159    11.0   11.0
 11 2978.464403 2.833E-30 2.419E-01.08780.412 4125.14870.710.000620          0 2 1          0 0 1  3  2  1        4  3  2      432230837294713152     7.0    9.0
 11 2978.512062 1.747E-30 2.153E-09.08330.391  503.96810.690.000000          0 2 0          0 0 0  5  1  5        5  3  3     q5222308079917122 0    11.0   11.0
 11 2978.691928 2.085E-30 1.115E-01.01100.172 4608.2236-.09-.003400          0 2 0          0 0 0 19  2 17       19  3 16      432230837260713049   117.0  117.0
 11 2978.825613 3.583E-30 2.584E-01.03170.235 4382.77980.290.000830          0 3 0          0 1 0 14  2 12       14  3 11      432230837294713152    29.0   29.0
 11 2978.837570 1.839E-28 4.843E+00.05050.195 4428.11420.50-.024360          1 0 0          0 0 0 16  6 11       17  7 10      434233837360713049    99.0  105.0
 11 2979.071496 3.569E-24 2.458E-01.04780.284 1690.66440.480.007090          0 2 0          0 0 0 10  3  8       11  2  9      587777835910162545    63.0   69.0
 11 2979.099695 3.782E-28 7.595E-05.03910.265 1962.50690.39-.003940          0 2 0          0 0 0 13  0 13       12  3 10      534223837260713049    81.0   75.0
 11 2979.188878 9.015E-29 2.153E-01.03740.250 3877.08860.36-.012800          0 1 1          0 1 0 12  0 12       13  2 11      434233837294713152    75.0   81.0
 11 2979.282744 6.289E-27 6.972E-05.08520.352 1216.19450.71-.007850          0 0 1          0 0 0  6  0  6        7  6  1      534223837260713049    39.0   45.0
 11 2979.393802 1.318E-29 2.374E-01.08780.412 4030.83890.710.000620          1 2 0          1 0 0  3  2  1        4  3  2      434243837294713152    21.0   27.0
 11 2979.421443 1.045E-30 2.890E-01.05920.333 4523.58900.500.000450          1 2 0          1 0 0  7  2  6        8  1  7      432230837294713152    15.0   17.0
 11 2979.446029 2.371E-30 2.817E-09.07810.371  756.72480.670.000000          0 2 0          0 0 0  6  2  5        6  4  3     q5322308079917122 0    39.0   39.0
 11 2979.547311 1.554E-29 5.560E-03.03260.195 3567.17380.380.011430          0 1 0          0 0 0 18  7 12       17  2 15      474233837260713049   111.0  105.0
 11 2979.580065 7.856E-30 3.308E-01.06650.352 4332.91230.54-.002330          0 2 1          0 0 1  6  0  6        7  1  7      432230837294713152    39.0   45.0
 11 2979.617331 1.087E-29 3.249E-01.06550.412 4135.01760.590.000620          1 2 0          1 0 0  3  3  0        4  4  1      434243837294713152    21.0   27.0
 11 2979.747674 8.118E-27 2.421E+00.03810.235 3464.88740.36-.011620          0 0 1          0 0 0 13  6  8       14  8  7      434223837260713049    81.0   87.0
 11 2979.813324 3.897E-30 3.491E-01.06590.412 4134.79840.59-.000890          1 2 0          1 0 0  3  3  1        4  4  0      432230837294713152     7.0    9.0
 11 2979.848991 2.024E-29 1.809E-08.08870.412  275.49700.710.000000          0 2 0          0 0 0  2  1  1        4  1  3     q5322308079917122 0     5.0    9.0
 11 2980.036233 2.674E-30 7.137E-05.06760.315 2690.59370.640.003690          1 0 0          0 1 0 10  7  3        9  2  8      532230837294713152    21.0   19.0
 11 2980.210574 4.085E-29 1.862E-02.08300.298 3253.73800.71-.008820          0 1 1          0 1 0  9  0  9       10  4  6      434233837294713152    19.0   21.0
 11 2980.240303 4.161E-23 3.330E-01.05470.278  888.63270.51-.003920          0 2 0          0 0 0  5  4  2        6  5  1      587777835910162545    11.0   13.0
 11 2980.267847 2.054E-29 3.459E-02.09880.456 3317.21060.74-.004180          0 4 0          0 2 0  3  1  3        2  2  0      534263837294713152     7.0    5.0
 11 2980.304749 1.903E-29 2.332E-03.08080.352 2905.43060.70-.007770          0 1 1          0 1 0  6  2  5        7  6  2      434233837294713152    13.0   15.0
 11 2980.388216 1.249E-22 3.332E-01.05460.268  888.59870.49-.002554          0 2 0          0 0 0  5  4  1        6  5  2      587777835910162545    33.0   39.0
 11 2980.675500 2.964E-26 1.271E+00.03710.265 3032.69030.390.001000          0 0 1          0 0 0 11  7  5       12  9  4      564423807260713059    69.0   75.0
 11 2980.728735 2.375E-29 4.427E-01.03490.315 3994.26020.42-.002670          0 1 1          0 1 0  8  7  2        9  9  1      434233837294713152    17.0   19.0
 11 2980.729340 7.126E-29 4.427E-01.03490.315 3994.26020.42-.002670          0 1 1          0 1 0  8  7  1        9  9  0      434233837294713152    51.0   57.0
 11 2980.758117 4.551E-29 1.795E-03.06970.265 3032.68980.690.001920          0 0 1          0 0 0 12  5  7       12  9  4      534233837260713049    75.0   75.0
 11 2980.820106 9.894E-27 1.272E+00.03710.265 3032.69040.39-.006040          0 0 1          0 0 0 11  7  4       12  9  3      534426837260713049    23.0   25.0
 11 2980.937224 2.634E-30 3.328E-01.06550.352 4332.77380.53-.002440          0 2 1          0 0 1  6  1  6        7  0  7      432230837294713152    13.0   15.0
 11 2981.144278 3.646E-23 4.047E-01.04320.224 1216.19450.44-.004922          0 2 0          0 0 0  6  5  2        7  6  1      587777835910162545    39.0   45.0
 11 2981.171276 1.210E-23 4.030E-01.04330.223 1216.18980.56-.004655          0 2 0          0 0 0  6  5  1        7  6  2      587777835910162545    13.0   15.0
 11 2981.239352 1.283E-24 7.963E-01.09140.435 1742.30560.71-.003500          0 3 0          0 1 0  1  1  0        2  2  1      587773835910162559     9.0   15.0
 11 2981.270266 3.337E-30 9.671E-01.04610.221 4894.58570.45-.003950          0 1 1          0 1 0 14  2 12       15  4 11      432230837294713152    87.0   93.0
 11 2981.301502 2.296E-26 1.637E-01.06570.265 2437.50190.64-.006000          0 0 1          0 0 0 11  2  9       12  6  6      564423837260713059    23.0   25.0
 11 2981.363848 1.455E-24 7.167E-01.07870.413 1920.76650.80-.002880          0 3 0          0 1 0  4  1  4        5  0  5      587777835910162545    27.0   33.0
 11 2981.415924 1.271E-28 7.584E-05.04020.265 1960.20740.40-.000350          0 2 0          0 0 0 13  1 13       12  2 10      534233837260713049    27.0   25.0
 11 2981.595017 8.306E-30 2.334E-03.04760.195 3291.15210.53-.004190          0 1 0          0 0 0 18  5 13       17  2 16      472230837260713049    37.0   35.0
 11 2981.632406 1.505E-26 7.886E-01.05460.235 2880.83420.520.001000          1 0 0          0 0 0 13  3 11       14  4 10      464423837360713059    27.0   29.0
 11 2981.669935 3.631E-31 8.908E-06.04720.231 2739.42850.490.000000          0 1 0          0 0 0 14 10  4       14  3 11      4333308387659336 0    29.0   29.0
 11 2981.738600 9.728E-28 3.025E-06.08210.371  757.78020.69-.005040          0 2 0          0 0 0  7  1  7        6  4  2      534223837260713049    15.0   13.0
 11 2981.752359 4.571E-26 6.979E-03.08030.315 1810.58790.72-.004000          0 0 1          0 0 0  8  3  5        9  7  2      564423837260713059    51.0   57.0
 11 2981.756222 2.996E-25 1.780E-02.07340.329 1590.69010.700.000000          1 0 0          0 0 0  7  4  3        8  7  2      574723835960163059    45.0   51.0
 11 2982.003826 1.383E-30 3.535E+00.06210.221 5342.34650.56-.007260          0 1 1          0 1 0 14  5  9       15  7  8      432230837294713152    87.0   93.0
 11 2982.246760 2.455E-30 7.435E-10.08330.391  399.45750.690.000000          0 2 0          0 0 0  4  1  4        5  1  4     q5222308079917122 0    27.0   33.0
 11 2982.256630 4.318E-29 6.166E-02.05460.265 3770.87890.55-.014430          1 1 0          0 1 0 12  1 12       12  4  9      434233837294713152    75.0   75.0
 11 2982.350578 4.790E-30 3.719E-01.06650.352 4232.38430.54-.002330          1 2 0          1 0 0  6  0  6        7  1  7      432230837294713152    13.0   15.0
 11 2982.429838 8.216E-30 2.141E-01.08420.371 4199.39090.68-.004330          1 2 0          1 0 0  5  1  4        6  2  5      432230837294713152    33.0   39.0
 11 2982.452644 1.960E-23 2.582E-01.05140.308 1080.38540.43-.015015          0 2 0          0 0 0  8  1  7        9  2  8      587777835910162545    17.0   19.0
 11 2982.545874 1.983E-30 1.437E-02.05000.195 4174.28750.530.002160          1 0 0          0 0 0 17  2 15       17  5 12      432230837360713049   105.0  105.0
 11 2982.626954 3.800E-26 1.340E-01.03270.235 2551.48350.33-.010500          0 0 1          0 0 0 13  1 13       14  3 12      544423835960713059    81.0   87.0
 11 2982.837897 1.914E-30 1.946E-07.06460.315 1474.98080.600.000000          1 0 0          0 0 0  7  3  5        9  5  5     q5322308079917122 0    15.0   19.0
 11 2982.852881 6.408E-30 1.841E-07.06860.333 1411.61150.620.000000          1 0 0          0 0 0  6  4  3        8  6  3     q5422308079917122 0    39.0   51.0
 11 2982.860278 8.743E-30 2.238E-02.09410.412 3495.93920.73-.003560          0 4 0          0 2 0  5  1  5        4  2  2      432230837294713152    11.0    9.0
 11 2983.154805 2.292E-26 4.204E-01.06310.315 2818.39810.560.001700          0 3 0          0 1 0  9  1  8        9  2  7      464423837294713159    57.0   57.0
 11 2983.160807 1.240E-30 1.555E-01.08420.371 4296.56340.68-.004330          0 2 1          0 0 1  5  1  4        6  2  5      432230837294713152    11.0   13.0
 11 2983.168279 6.365E-30 1.896E+00.04530.250 4643.38030.43-.012100          0 1 1          0 1 0 12  5  8       13  7  7      432230837294713152    25.0   27.0
 11 2983.228423 1.648E-26 1.739E-01.03200.235 2550.88250.310.001000          0 0 1          0 0 0 13  0 13       14  2 12      464423807260713059    27.0   29.0
 11 2983.316132 1.740E-24 6.814E-01.09110.472 1821.59680.85-.009258          0 3 0          0 1 0  3  0  3        4  1  4      487777835910162545    21.0   27.0
 11 2983.640756 1.137E-28 4.029E-01.05790.265 3940.51940.56-.024890          1 1 0          0 1 0 11  2  9       12  5  8      434233837294713152    69.0   75.0
 11 2984.045103 7.117E-30 8.553E-06.05710.221 2358.30140.640.008860          0 1 0          0 0 0 15  7  8       15  0 15      472230837260713049    93.0   93.0
 11 2984.077300 4.900E-26 4.026E-01.06230.333 2630.19260.55-.010200          0 3 0          0 1 0  8  2  7        8  3  6      454423835994713159    51.0   51.0
 11 2984.113050 1.449E-29 3.751E-01.06550.352 4232.18450.53-.002440          1 2 0          1 0 0  6  1  6        7  0  7      434233837294713152    39.0   45.0
 11 2984.211530 7.515E-23 5.852E-02.09910.461  315.77950.78-.003632          0 2 0          0 0 0  3  1  3        4  2  2      587777835910162545     7.0    9.0
 11 2984.245962 1.043E-30 7.964E-01.05440.298 5027.07400.51-.008820          0 4 0          0 2 0 10  4  7       10  5  6      432230837294713152    63.0   63.0
 11 2984.291405 9.176E-29 1.274E-04.09460.434 1907.45140.73-.005470          0 3 0          0 1 0  4  0  4        3  3  1      534233837294713152     9.0    7.0
 11 2984.384365 2.222E-29 3.852E-01.03230.250 4074.03860.29-.007610          0 3 0          0 1 0 13  3 11       13  4 10      434233837294713152    27.0   27.0
 11 2984.607873 8.540E-26 1.675E-01.04580.250 2414.72340.44-.003000          1 0 0          0 0 0 12  2 11       13  3 10      464423835960713059    75.0   81.0
 11 2984.839558 3.763E-30 4.237E-05.07150.315 2512.37570.660.004000          1 0 0          0 1 0 10  6  4        9  1  9      532230837294713152    21.0   19.0
 11 2985.133053 2.388E-28 3.896E-04.08000.371 2271.71220.67-.005350          0 3 0          0 1 0  7  0  7        6  3  4      434233837294713152    45.0   39.0
 11 2985.293515 1.462E-27 1.397E-01.04630.221 3244.60060.450.013300          0 2 0          0 0 0 14  5 10       15  4 11      434223837260713049    87.0   93.0
 11 2985.420726 9.844E-30 1.370E-02.03960.208 3822.24600.45-.022440          1 0 0          0 0 0 16  3 14       16  6 11      434233837360713049    99.0   99.0
 11 2985.765557 2.723E-30 2.308E-07.06820.281 1525.13600.700.002000          0 1 0          0 0 0 11  9  3       11  2 10      572230837260713049    23.0   23.0
 11 2985.812425 5.593E-29 3.539E-02.09600.434 3392.74930.73-.004090          0 4 0          0 2 0  4  1  4        3  2  1      434263837294713152    27.0   21.0
 11 2986.034696 4.778E-30 2.370E-03.02980.250 3583.37460.43-.007580          0 1 0          0 0 0 14 13  2       13 10  3      472230837260713049    87.0   81.0
 11 2986.034795 1.593E-30 2.371E-03.02980.250 3583.37450.43-.007580          0 1 0          0 0 0 14 13  1       13 10  4      472230837260713049    29.0   27.0
 11 2986.302452 2.938E-29 1.908E+00.03340.195 4612.79070.30-.015630          1 0 0          0 0 0 16  7 10       17  8  9      434233837360713049    99.0  105.0
 11 2986.726295 4.024E-29 3.704E-03.08260.333 3101.12380.72-.003520          1 1 0          0 1 0  7  3  4        8  6  3      434233837294713152    45.0   51.0
 11 2986.844559 3.564E-30 7.542E-04.06970.315 3321.01330.65-.013470          1 1 0          0 1 0  9  1  8        9  6  3      432230837294713152    57.0   57.0
 11 2986.921162 9.549E-30 1.939E-07.07020.352 1394.81420.70-.000650          0 2 0          0 0 0  8  4  5        7  7  0      532230837260713049    51.0   45.0
 11 2987.011541 9.757E-30 7.846E+00.01410.281 5037.34010.10-.015360          1 1 0          0 1 0 10 10  1       11 11  0      434233837294713152    63.0   69.0
 11 2987.011547 3.252E-30 7.845E+00.01410.281 5037.34010.10-.015330          1 1 0          0 1 0 10 10  0       11 11  1      432230837294713152    21.0   23.0
 11 2987.089777 7.058E-30 2.215E-07.07340.352 1394.81420.650.000000          1 0 0          0 0 0  5  5  0        7  7  0     q5422308079917122 0    33.0   45.0
 11 2987.089819 2.352E-30 2.214E-07.07340.352 1394.81420.650.000000          1 0 0          0 0 0  5  5  1        7  7  1     q5322308079917122 0    11.0   15.0
 11 2987.104397 9.795E-31 7.610E-01.06650.332 4783.64070.630.000000          0 4 0          0 2 0  9  4  6        9  5  5      4333308387659336 0    19.0   19.0
 11 2987.295927 5.549E-29 4.673E+00.02740.208 4427.22680.22-.010830          1 0 0          0 0 0 15  8  8       16  9  7      434233837360713049    31.0   33.0
 11 2987.449289 7.626E-31 1.003E-02.03910.222 4045.28560.360.000000          1 0 0          0 0 0 15  6 10       15  9  7      4333308387659336 0    31.0   31.0
 11 2987.524856 3.268E-22 2.768E-01.06940.345  610.34120.61-.003753          0 2 0          0 0 0  4  3  2        5  4  1      587777835910162545    27.0   33.0
 11 2987.737907 1.695E-28 4.758E+00.02770.208 4427.12110.23-.009950          1 0 0          0 0 0 15  8  7       16  9  8      434233837360713049    93.0   99.0
 11 2988.191570 2.781E-24 4.979E-01.03530.195 1590.69070.64-.005768          0 2 0          0 0 0  7  6  2        8  7  1      587777835910162545    15.0   17.0
 11 2988.240098 9.010E-26 1.027E+00.02880.127 2740.42090.33-.003000          0 2 0          0 0 0 10  8  3       11  9  2      464723835960163059    63.0   69.0
 11 2988.240337 3.316E-26 1.134E+00.02880.281 2740.42080.33-.003000          0 2 0          0 0 0 10  8  2       11  9  3      464423837260713059    21.0   23.0
 11 2988.255639 8.576E-30 4.368E-03.04440.250 3347.78050.670.001850          0 0 1          0 0 0 13  5  8       13  9  5      432230837265713049    27.0   27.0
 11 2988.282480 1.171E-28 4.465E-03.07960.333 2919.63300.68-.010190          0 1 1          0 1 0  7  1  7        8  5  4      434233837294713152    45.0   51.0
 11 2988.287764 8.228E-24 4.911E-01.03610.199 1590.69010.64-.005652          0 2 0          0 0 0  7  6  1        8  7  2      587777835910162545    45.0   51.0
 11 2988.367560 4.090E-26 9.935E-02.02540.250 2248.06450.18-.002000          0 2 0          0 0 0 13  2 12       13  3 11      564423835960713059    27.0   27.0
 11 2988.374321 1.297E-29 6.660E-05.08340.391 2251.69530.69-.005980          0 3 0          0 1 0  6  1  5        5  4  2      434223837294713152    13.0   11.0
 11 2988.467583 8.794E-29 2.980E-04.07650.265 2300.68500.71-.010930          0 0 1          0 0 0 12  1 12       12  5  7      534233837260713049    25.0   25.0
 11 2988.545648 5.660E-24 6.698E-02.04610.286 1080.38540.51-.004271          0 2 0          0 0 0  9  1  9        9  2  8      587777835910162545    19.0   19.0
 11 2988.556185 1.936E-29 2.444E-07.07560.371 1045.05830.70-.002770          0 2 0          0 0 0  7  3  5        6  6  0      532230837260713049    15.0   13.0
 11 2988.612516 1.102E-22 2.799E-01.06920.325  610.11440.610.001436          0 2 0          0 0 0  4  3  1        5  4  2      587777835910162545     9.0   11.0
 11 2988.775237 3.628E-31 1.235E-03.05490.273 3738.54320.550.000000          1 0 0          0 1 0 13  8  6       12  3  9      4333308387659336 0    27.0   25.0
 11 2988.835624 5.891E-31 2.299E-05.06950.349 2724.04140.640.000000          0 3 0          0 1 0  8  2  6        7  5  3      4333308387659336 0    17.0   15.0
 11 2988.940646 7.013E-30 6.989E-01.06090.333 4564.03480.57-.006540          0 4 0          0 2 0  8  4  5        8  5  4      532230837294713152    51.0   51.0
 11 2989.004477 6.322E-30 1.715E-01.09000.391 4165.47380.71-.003600          0 2 1          0 0 1  4  1  3        5  2  4      432230837294713152    27.0   33.0
 11 2989.031279 2.655E-30 1.095E-02.02850.221 4045.32180.32-.007000          0 1 0          0 0 0 16 12  5       15  9  6      372230837260713049    99.0   93.0
 11 2989.063737 7.151E-30 6.000E-03.04520.235 3465.07000.48-.019340          0 0 1          0 0 0 14  4 11       14  8  6      432230837260713049    29.0   29.0
 11 2989.067406 8.901E-31 1.101E-02.03640.222 4045.28560.360.000000          0 1 0          0 0 0 16 12  4       15  9  7      3333308387659336 0    33.0   31.0
 11 2989.074003 1.328E-25 1.070E-01.02530.199 2246.88480.180.000000          0 2 0          0 0 0 13  1 12       13  2 11      564723835960163059    81.0   81.0
 11 2989.597785 1.354E-27 9.075E+00.01540.250 4087.98010.09-.014060          1 0 0          0 0 0 12 11  2       13 12  1      434223837360713049    75.0   81.0
 11 2989.597786 4.513E-28 9.075E+00.01540.250 4087.98010.09-.014060          1 0 0          0 0 0 12 11  1       13 12  2      434223837360713049    25.0   27.0
 11 2989.624215 1.734E-23 6.801E-02.04770.285 1079.07960.47-.000513          0 2 0          0 0 0  9  0  9        9  1  8      587777835910162545    57.0   57.0
 11 2989.715730 1.486E-28 2.786E+00.01730.315 3994.26020.15-.003570          0 3 0          0 1 0  8  8  0        9  9  1      434233837294713152    17.0   19.0
 11 2989.715731 4.457E-28 2.786E+00.01730.315 3994.26020.15-.003580          0 3 0          0 1 0  8  8  1        9  9  0      434223837294713152    51.0   57.0
 11 2990.037917 1.916E-30 3.312E-09.07810.371  756.72480.670.000000          0 2 0          0 0 0  4  4  1        6  4  3     q5322308079917122 0    27.0   39.0
 11 2990.130143 4.683E-30 6.140E-01.06050.352 4368.54610.57-.004260          0 4 0          0 2 0  7  4  4        7  5  3      432230837294713152    15.0   15.0
 11 2990.553678 2.357E-30 7.066E-01.06560.333 4564.36660.600.001880          0 4 0          0 2 0  8  4  4        8  5  3      532230837294713152    17.0   17.0
 11 2990.561703 1.360E-29 9.475E-01.04090.235 4585.34910.40-.020340          0 1 1          0 1 0 13  3 11       14  5 10      434233837294713152    81.0   87.0
 11 2990.671713 2.835E-27 2.558E+00.04620.235 3465.07000.450.000900          0 0 1          0 0 0 13  6  7       14  8  6      434223837260713049    27.0   29.0
 11 2990.832748 8.973E-30 1.565E+00.04550.235 4774.04420.44-.022560          0 1 1          0 1 0 13  4 10       14  6  9      432230837294713152    81.0   87.0
 11 2990.913341 2.244E-29 4.926E-01.06020.371 4197.33880.56-.000740          0 4 0          0 2 0  6  4  3        6  5  2      434233837294713152    39.0   39.0
 11 2990.974165 2.672E-30 6.972E-01.06800.315 4784.66210.620.003570          0 4 0          0 2 0  9  4  5        9  5  4      432230837294713152    57.0   57.0
 11 2990.977211 1.369E-29 5.989E-01.06270.352 4368.63690.580.000640          0 4 0          0 2 0  7  4  3        7  5  2      434233837294713152    45.0   45.0
 11 2991.023939 8.371E-29 4.383E-01.04050.250 4052.81090.380.003650          0 3 0          0 1 0 13  2 11       13  3 10      434233837294713152    81.0   81.0
 11 2991.039505 3.629E-31 8.463E-01.05750.305 5029.81050.620.000000          0 4 0          0 2 0 10  4  6       10  5  5      4333308387659336 0    21.0   21.0
 11 2991.047719 7.469E-30 4.920E-01.06150.371 4197.36100.570.001110          0 4 0          0 2 0  6  4  2        6  5  1      432230837294713152    13.0   13.0
 11 2991.061002 9.541E-30 7.798E-03.04200.235 3685.40830.43-.007340          1 0 0          0 0 0 14  6  9       14  9  6      432230837360713049    87.0   87.0
 11 2991.254216 8.263E-27 1.393E+00.05940.221 3360.60020.56-.013990          1 0 0          0 0 0 14  4 11       15  5 10      434223837360713049    87.0   93.0
 11 2991.405009 2.601E-29 4.878E-04.07600.333 2595.81290.660.001920          0 3 0          0 1 0  9  1  9        8  2  6      434233837294713152    19.0   17.0
 11 2991.452887 8.090E-30 3.085E-01.06230.391 4050.50380.610.003160          0 4 0          0 2 0  5  4  2        5  5  1      432230837294713152    11.0   11.0
 11 2991.455449 1.286E-24 1.090E-03.09530.436  383.84250.79-.007069          0 2 0          0 0 0  4  0  4        4  3  1      587777835910162545     9.0    9.0
 11 2991.468494 5.136E-28 3.136E-04.08930.412 2004.81570.71-.005020          0 3 0          0 1 0  5  0  5        4  3  2      534223837294713152    33.0   27.0
 11 2991.480415 2.408E-29 3.061E-01.06260.391 4050.51250.610.003780          0 4 0          0 2 0  5  4  1        5  5  0      434233837294713152    33.0   33.0
 11 2991.499002 2.763E-30 1.688E-07.07320.352 1394.81420.710.003160          0 2 0          0 0 0  8  4  4        7  7  1      532230837260713049    17.0   15.0
 11 2991.517684 4.152E-27 2.441E-06.08550.391  610.34120.70-.004790          0 2 0          0 0 0  6  1  6        5  4  1      534223837260713049    39.0   33.0
 11 2991.580323 1.462E-28 4.092E-04.08490.391 2126.40770.69-.005080          0 3 0          0 1 0  6  0  6        5  3  3      534233837294713152    13.0   11.0
 11 2991.627062 1.843E-30 1.127E-05.06760.265 2437.50190.68-.014060          1 0 0          0 0 0 13  1 13       12  6  6      432230837360713049    27.0   25.0
 11 2991.674160 4.057E-29 9.108E-06.06830.298 1724.70540.67-.011680          0 2 0          0 0 0 11  2 10       10  5  5      532230837260713049    23.0   21.0
 11 2991.826694 7.897E-30 5.266E-09.08330.391  508.81210.690.000000          0 2 0          0 0 0  3  3  0        5  3  2     q5322308079917122 0    21.0   33.0
 11 2991.924474 1.225E-25 4.464E-01.08120.371 2146.26370.660.001400          0 3 0          0 1 0  5  2  4        6  1  5      554423835994713159    11.0   13.0
 11 2991.971130 1.238E-22 1.882E-01.08680.432  503.96810.740.001506          0 2 0          0 0 0  4  2  2        5  3  3      587777835910162545     9.0   11.0
 11 2991.986556 4.028E-30 2.017E-01.09000.391 4065.13180.71-.003600          1 2 0          1 0 0  4  1  3        5  2  4      432230837294713152     9.0   11.0
 11 2992.046245 9.539E-29 2.921E-01.09400.412 3438.57500.730.002480          0 4 0          0 2 0  3  2  2        4  1  3      434223837294713152     7.0    9.0
 11 2992.107358 1.486E-29 1.173E-01.01360.183 4201.8582-.01-.004770          0 2 0          0 0 0 18  3 16       18  4 15      434233837260713049   111.0  111.0
 11 2992.159682 4.130E-26 4.326E-01.02830.298 2701.88850.36-.000500          0 0 1          0 0 0  9  8  2       10 10  1      464423835960713059    57.0   63.0
 11 2992.159836 1.434E-26 4.506E-01.02830.298 2701.88850.36-.000500          0 0 1          0 0 0  9  8  1       10 10  0      464423837260713059    19.0   21.0
 11 2992.170996 2.231E-30 1.223E-01.09880.434 3962.91790.74-.005800          0 2 1          0 0 1  2  1  2        3  2  1      432230837294713152     5.0    7.0
 11 2992.259719 4.981E-30 1.176E-01.01310.183 4201.2514-.03-.003080          0 2 0          0 0 0 18  2 16       18  3 15      432230837260713049    37.0   37.0
 11 2992.367983 3.720E-29 1.532E-03.07460.352 2905.43350.66-.005530          1 1 0          0 1 0  6  3  4        7  6  1      434233837294713152    39.0   45.0
 11 2992.399068 9.630E-26 2.618E-02.07450.298 1724.70540.69-.015000          1 0 0          0 0 0  9  2  8       10  5  5      564423835960713059    19.0   21.0
 11 2992.420598 1.936E-26 1.548E-03.07840.352 1394.81420.71-.019000          0 0 1          0 0 0  6  3  4        7  7  1      564423837260713059    13.0   15.0
 11 2992.543011 4.927E-31 3.013E-08.06600.317 1394.81420.610.000000          1 0 0          0 0 0  8  0  8        7  7  1      5333308387659336 0    17.0   15.0
 11 2992.653773 6.112E-23 2.685E-01.04680.280 1079.07960.360.000438          0 2 0          0 0 0  8  2  7        9  1  8      587777835910162545    51.0   57.0
 11 2993.240678 1.890E-29 2.332E-03.03900.221 3083.86520.46-.014530          0 0 1          0 0 0 15  0 15       15  4 12      434233837260713049    31.0   31.0
 11 2993.349814 1.136E-29 9.993E-05.06560.298 2705.13960.620.008280          0 0 1          0 1 0 11  5  7       10  1 10      534233837294713152    69.0   63.0
 11 2993.613013 8.145E-29 7.319E-03.05080.221 3244.60060.53-.004500          1 0 0          0 0 0 15  1 14       15  4 11      434233837360713049    93.0   93.0
 11 2993.674694 8.186E-30 7.256E-04.07600.315 3141.04600.68-.011350          1 1 0          0 1 0  9  0  9        9  5  4      432230837294713152    57.0   57.0
 11 2993.720552 1.825E-30 2.622E+00.06810.235 4981.46930.640.000460          0 1 1          0 1 0 13  5  8       14  7  7      432230837294713152    27.0   29.0
 11 2993.736018 1.193E-22 2.321E-01.06640.352  885.60020.54-.012602          0 2 0          0 0 0  7  1  6        8  2  7      587777835910162545    45.0   51.0
 11 2993.956886 2.463E-30 1.157E-09.08870.412  488.10770.710.000000          0 2 0          0 0 0  4  2  3        4  4  1     q5222308079917122 0    27.0   27.0
 11 2994.094488 4.887E-28 5.461E-07.08160.391  742.07630.70-.004270          0 2 0          0 0 0  6  2  5        5  5  0      534223837260713049    39.0   33.0
 11 2994.100651 2.124E-29 4.105E+00.03960.195 4610.02210.38-.001850          1 0 0          0 0 0 16  7  9       17  8 10      434233837360713049    33.0   35.0
 11 2994.114055 6.215E-25 2.902E-01.08580.435 1908.01630.73-.005800          0 3 0          0 1 0  4  1  4        4  2  3      587773835910162559    27.0   27.0
 11 2994.194850 1.776E-30 1.315E-05.07320.333 2630.19260.69-.004180          1 0 0          0 1 0  9  8  1        8  3  6      432230837294713152    57.0   51.0
 11 2994.345996 9.746E-28 1.124E-06.09050.412  488.13420.72-.004780          0 2 0          0 0 0  5  1  5        4  4  0      534223837260713049    11.0    9.0
 11 2994.380039 2.525E-27 8.219E-01.03590.221 3269.53980.36-.019560          0 0 1          0 0 0 14  3 12       15  5 11      434223837260713049    29.0   31.0
 11 2994.424184 4.963E-28 2.218E-04.05220.265 2124.95140.560.001210          0 1 0          0 0 0 13  9  4       12  4  9      474223837260713049    81.0   75.0
 11 2994.446496 3.397E-22 3.324E-01.04680.340  744.16270.26-.005807          0 2 0          0 0 0  7  0  7        8  1  8      587777835910162545    45.0   51.0
 11 2994.579629 4.510E-26 6.157E-01.04950.250 2586.52970.49-.006000          1 0 0          0 0 0 12  2 10       13  5  9      454423835960713059    25.0   27.0
 11 2994.610181 1.143E-29 1.299E-01.09880.434 3864.76380.74-.005800          1 2 0          1 0 0  2  1  2        3  2  1      434243837294713152    15.0   21.0
 11 2994.691456 4.980E-26 9.623E-03.07080.315 1631.24550.65-.005000          0 0 1          0 0 0  8  2  7        9  6  4      564423835960713059    17.0   19.0
 11 2994.720387 3.270E-27 6.312E+00.02090.250 3831.17920.18-.012820          1 0 0          0 0 0 12 10  3       13 11  2      434223837360713049    75.0   81.0
 11 2994.720398 1.090E-27 6.312E+00.02090.250 3831.17920.18-.012820          1 0 0          0 0 0 12 10  2       13 11  3      434223837360713049    25.0   27.0
 11 2994.898454 4.808E-28 6.572E-04.06170.281 2321.90570.62-.018000          1 0 0          0 0 0 11  2  9       11  7  4      534223837360713049    69.0   69.0
 11 2995.421151 5.980E-25 3.591E-01.08980.477 2000.86300.71-.000500          0 3 0          0 1 0  5  0  5        5  1  4      464723835994163159    33.0   33.0
 11 2995.455124 1.139E-22 3.344E-01.04670.341  744.06370.27-.004261          0 2 0          0 0 0  7  1  7        8  0  8      587777835910162545    15.0   17.0
 11 2995.456964 3.463E-26 3.867E-01.07090.352 2439.95450.61-.009200          0 3 0          0 1 0  7  2  6        7  3  5      464423837294713159    15.0   15.0
 11 2995.458558 1.051E-27 3.627E-01.06640.281 3441.03950.610.009320          0 3 0          0 1 0 10  4  7       11  3  8      434223837294713152    63.0   69.0
 11 2995.607482 1.264E-27 2.308E+00.04150.221 3624.18130.40-.018270          0 0 1          0 0 0 14  5 10       15  7  9      434223837260713049    29.0   31.0
 11 2995.666710 4.791E-28 2.706E+00.06470.208 3870.20170.64-.022570          1 0 0          0 0 0 15  5 11       16  6 10      434223837360713049    31.0   33.0
 11 2995.992503 1.944E-26 3.499E-03.08160.333 1590.69070.73-.018000          0 0 1          0 0 0  7  3  4        8  7  1      564423837260713059    15.0   17.0
 11 2996.394224 4.980E-25 1.188E-01.04270.250 1962.50690.58-.010541          1 0 0          0 0 0 11  0 11       12  3 10      587777835910162545    69.0   75.0
 11 2996.423881 2.482E-28 3.578E-01.03860.265 3770.87890.36-.009080          0 3 0          0 1 0 12  3 10       12  4  9      434233837294713152    75.0   75.0
 11 2996.542567 2.823E-30 5.533E-09.08330.391  503.96810.690.000000          0 2 0          0 0 0  3  3  1        5  3  3     q5222308079917122 0     7.0   11.0
 11 2996.848396 1.259E-30 8.306E-02.06810.352 4452.35280.57-.004100          0 2 1          0 0 1  7  1  7        7  2  6      432230837294713152    45.0   45.0
 11 2996.925622 5.670E-29 2.296E-03.04030.221 3080.17870.46-.010080          0 0 1          0 0 0 15  1 15       15  3 12      434233837260713049    93.0   93.0
 11 2997.044014 4.434E-30 3.385E-01.08510.434 4030.30610.69-.002600          0 2 1          0 0 1  2  2  1        3  3  0      432230837294713152     5.0    7.0
 11 2997.278851 1.715E-30 2.927E-09.07810.371  602.77350.670.000000          0 2 0          0 0 0  6  0  6        6  2  4     q5222308079917122 0    13.0   13.0
 11 2997.285916 2.975E-28 4.465E+00.02540.221 4283.30770.22-.011880          1 0 0          0 0 0 14  9  6       15 10  5      434223837360713049    87.0   93.0
 11 2997.294573 9.917E-29 4.465E+00.02540.221 4283.30580.22-.011860          1 0 0          0 0 0 14  9  5       15 10  6      434233837360713049    29.0   31.0
 11 2997.361811 1.704E-30 3.375E-04.05610.281 3136.41250.560.013690          0 0 1          0 1 0 12  6  7       11  2 10      532230837294713152    25.0   23.0
 11 2997.405548 1.571E-29 5.049E-03.05110.235 3266.51420.56-.023110          0 0 1          0 0 0 14  3 12       14  7  7      434233837260713049    29.0   29.0
 11 2997.482403 5.644E-31 3.462E-05.03180.200 2952.38660.310.000000          0 1 0          0 0 0 16  8  8       16  1 15      4333308387659336 0    33.0   33.0
 11 2997.703368 1.418E-28 3.378E-02.07880.315 3321.01330.70-.012800          0 1 1          0 1 0  8  2  6        9  6  3      434233837294713152    51.0   57.0
 11 2997.718811 6.122E-25 6.821E-01.09380.463 1739.48371.00-.006000          0 3 0          0 1 0  2  0  2        3  1  3      587773835910162559     5.0    7.0
 11 2997.760817 1.037E-30 1.626E-01.05680.235 4525.23910.540.012340          0 3 0          0 1 0 13  5  9       14  4 10      432230837294713152    27.0   29.0
 11 2997.826092 4.071E-30 3.160E-01.07720.371 4195.81810.62-.002620          0 2 1          0 0 1  5  0  5        6  1  6      432230837294713152    11.0   13.0
 11 2997.955033 2.528E-29 4.916E+00.01460.298 4497.19240.11-.002550          0 3 0          0 1 0  9  9  1       10 10  0      434233837294713152    19.0   21.0
 11 2997.955033 7.585E-29 4.917E+00.01460.298 4497.19240.11-.002550          0 3 0          0 1 0  9  9  0       10 10  1      434233837294713152    57.0   63.0
 11 2998.479622 1.355E-29 3.447E-01.08530.434 4030.06980.70-.000430          0 2 1          0 0 1  2  2  0        3  3  1      434223837294713152    15.0   21.0
 11 2998.729335 1.476E-25 1.046E-01.04140.222 1960.20740.42-.005000          1 0 0          0 0 0 11  1 11       12  2 10      567723835910163059    23.0   25.0
 11 2998.971940 3.102E-24 2.102E-01.06090.343 1437.96860.580.007118          0 2 0          0 0 0  9  3  7       10  2  8      587777835910162545    19.0   21.0
 11 2999.157440 1.639E-24 6.668E-01.02910.175 2009.80510.65-.006065          0 2 0          0 0 0  8  7  2        9  8  1      587777835910162545    51.0   57.0
 11 2999.157781 5.584E-25 6.815E-01.02860.315 2009.80500.30-.004000          0 2 0          0 0 0  8  7  1        9  8  2      564423837260713059    17.0   19.0
 11 2999.187389 6.957E-30 1.962E-09.08870.412  382.51690.710.000000          0 2 0          0 0 0  4  1  4        4  3  2     q5322308079917122 0    27.0   27.0
 11 2999.426687 5.475E-30 2.519E-01.07080.352 4348.41470.590.002450          1 2 0          1 0 0  6  2  5        7  1  6      432230837294713152    39.0   45.0
 11 2999.607046 5.165E-27 2.099E+00.02440.265 3266.76450.27-.001860          0 2 0          0 0 0 11  9  3       12 10  2      434223837260713049    23.0   25.0
 11 2999.607126 1.549E-26 2.098E+00.02440.265 3266.76440.27-.005000          0 2 0          0 0 0 11  9  2       12 10  3      464423837260713059    69.0   75.0
 11 2999.650117 1.361E-25 3.645E-03.07210.293 1394.81420.720.001000          1 0 0          0 0 0  6  4  3        7  7  0      567773305910162559    39.0   45.0
 11 2999.661360 2.157E-29 3.465E-01.08510.434 3935.34470.69-.002600          1 2 0          1 0 0  2  2  1        3  3  0      434243837294713152    15.0   21.0
 11 2999.698556 1.326E-29 4.079E-07.06630.265 1557.84770.690.002650          0 1 0          0 0 0 12  8  5       12  1 12      572230837260713049    75.0   75.0
 11 2999.861806 1.447E-25 2.083E-01.05290.307 2105.86790.160.005000          0 2 0          0 0 0 11  4  8       12  3  9      567773835910162559    23.0   25.0
 11 2999.908390 3.491E-29 2.439E-08.08870.412  222.05280.710.000000          0 2 0          0 0 0  2  0  2        4  0  4     q5322308079917122 0     5.0    9.0
