 11 6480.089100 5.097E-29 9.866E-05.07150.315 1810.58330.67-.020660          1 0 1          0 0 0  9  1  8        9  7  3      434233837294713152    19.0   19.0
 11 6480.204519 4.786E-27 9.288E-02.08210.371 2398.38150.69-.001110          1 3 0          0 1 0  5  3  2        6  4  3      534423837294713152    33.0   39.0
 11 6480.251785 1.264E-28 1.335E-03.07900.412 2005.91700.71-.003480          0 5 0          0 1 0  4  4  0        4  3  1      534253837294713152     9.0    9.0
 11 6480.501591 3.269E-30 3.174E-01.05170.315 4263.15050.45-.010450          0 4 1          0 2 0  9  1  9        9  1  8      432230837294713152    57.0   57.0
 11 6480.808765 8.823E-30 1.475E-01.06280.265 3940.51940.61-.031320          2 1 0          0 1 0 11  2  9       12  5  8      432230837294713152    69.0   75.0
 11 6480.963172 2.975E-28 6.438E-04.07620.315 1810.58330.71-.007860          2 0 0          0 0 0  8  4  4        9  7  3      434223837260713049    17.0   19.0
 11 6481.125833 5.567E-25 7.947E-02.07850.315 1477.29740.71-.005000          0 2 1          0 0 0  8  3  5        9  5  4      564523838378713159    51.0   57.0
 11 6481.146420 4.507E-30 9.903E-02.07420.352 3879.33620.610.001860          1 4 0          0 2 0  6  2  5        7  1  6      532230837294713152    39.0   45.0
 11 6481.293397 2.865E-26 2.593E-03.07230.333 1131.77560.70-.010000          0 4 0          0 0 0  7  5  3        8  4  4      584223838260713059    15.0   17.0
 11 6481.315787 1.917E-27 1.868E-04.05230.315 1216.23130.45-.003330          0 4 0          0 0 0 10  2  8        9  3  7      484223838260713049    21.0   19.0
 11 6481.344977 3.043E-30 2.505E-01.10670.456 3849.38540.76-.009060          2 2 0          0 0 1  1  1  0        2  1  1      332230837294713152     9.0   15.0
 11 6481.362701 3.916E-28 1.372E-03.07680.412 2004.81570.69-.004330          0 5 0          0 1 0  4  4  1        4  3  2      534223837294713152    27.0   27.0
 11 6481.534085 2.340E-29 1.531E-06.07840.315 1360.23530.74-.011250          1 1 0          0 0 0 10  9  2        9  4  5      432230837294713152    63.0   57.0
 11 6481.577342 9.326E-26 3.718E-04.09180.391  610.34120.72-.014000          0 2 1          0 0 0  4  0  4        5  4  1      564623838394713159    27.0   33.0
 11 6481.631239 1.276E-28 1.364E+00.01780.235 3655.48280.60-.018010          0 3 1          0 1 0 13  0 13       14  0 14      43420383729471 052    27.0   29.0
 11 6481.742043 1.244E-28 1.932E-03.07090.391 2126.40770.63-.001590          0 5 0          0 1 0  5  4  2        5  3  3      534253837294713152    11.0   11.0
 11 6482.119315 1.890E-29 3.644E-03.05320.265 2813.52870.55-.026530          1 0 1          0 0 0 12  4  9       12  8  4      434233837294713152    25.0   25.0
 11 6482.146391 1.549E-29 5.923E-04.07140.352 2572.13920.69-.006420          0 5 0          0 1 0  6  5  2        7  4  3      434223837294713152    39.0   45.0
 11 6482.234931 4.802E-30 3.516E-01.10660.456 3825.21310.76-.016660          2 2 0          0 0 1  1  0  1        2  0  2      332230837294713152     9.0   15.0
 11 6482.313055 1.034E-29 3.048E-01.06420.281 4038.40340.620.002370          1 1 1          0 1 0 10  5  5       11  7  4      534233837294713152    63.0   69.0
 11 6482.431391 1.846E-30 1.536E-01.09420.434 3956.66580.72-.011340          2 2 0          0 0 1  2  2  1        3  2  2      432230837294713152    15.0   21.0
 11 6482.456154 1.365E-29 3.925E+00.04050.298 4260.35180.32-.014910          0 4 1          0 2 0  9  0  9       10  0 10      334233837294713152    19.0   21.0
 11 6482.464556 2.361E-28 2.096E-03.06920.371 2271.71220.63-.001390          0 5 0          0 1 0  6  4  3        6  3  4      534233837294713152    39.0   39.0
 11 6482.641101 3.564E-30 8.715E-07.06070.315 1631.38300.69-.017650          0 1 1          0 0 0 10 10  0        9  6  3      462230838394713152    63.0   57.0
 11 6482.700522 6.398E-28 2.983E-04.07370.298 1538.14950.670.005200          0 4 0          0 0 0 10  4  6       10  3  7      484423838260713049    21.0   21.0
 11 6482.778645 1.186E-30 8.695E-07.06040.315 1631.24550.69-.017520          0 1 1          0 0 0 10 10  1        9  6  4      462230838394713152    21.0   19.0
 11 6482.817830 5.190E-30 4.099E+00.03490.281 4714.81900.27-.017920          0 4 1          0 2 0 10  1  9       11  1 10      432230837294713152    63.0   69.0
 11 6482.844218 7.768E-27 5.428E-01.04320.265 2813.51220.42-.010130          1 0 1          0 0 0 11  6  6       12  8  5      434323837294713152    69.0   75.0
 11 6482.855351 5.973E-27 1.753E-01.04470.250 2426.19650.45-.028100          2 0 0          0 0 0 12  1 11       13  4 10      434223837260713049    25.0   27.0
 11 6482.899011 8.809E-30 9.364E-02.02490.250 3654.21500.17-.019650          0 3 1          0 1 0 13  0 13       13  2 12      532230837294713152    27.0   27.0
 11 6482.907735 1.223E-30 1.043E-01.09120.412 4030.83890.72-.003900          2 2 0          1 0 0  3  2  1        4  3  2      332230837294713152    21.0   27.0
 11 6482.924210 4.711E-29 1.844E+00.02930.235 3922.33110.29-.018520          2 0 0          0 0 0 13  9  5       14 10  4      334233837260713049    27.0   29.0
 11 6482.930127 1.413E-28 1.843E+00.02930.235 3922.33060.29-.018520          2 0 0          0 0 0 13  9  4       14 10  5      334233837260713049    81.0   87.0
 11 6483.031148 9.884E-28 1.301E-01.04480.298 2904.42840.38-.019220          1 3 0          0 1 0  9  1  8       10  2  9      534223837294713152    57.0   63.0
 11 6483.048479 4.058E-31 1.489E-01.07020.362 4232.38430.610.000000          2 2 0          1 0 0  6  0  6        7  1  7      3333308387659336 0    13.0   15.0
 11 6483.057441 5.109E-31 1.917E-07.06660.317 1394.81420.610.000000          0 0 2          0 0 0  6  0  6        7  7  1      5333308387659336 0    13.0   15.0
 11 6483.149126 3.596E-29 2.224E-04.06890.265 2105.86790.670.012140          0 4 0          0 0 0 12  4  8       12  3  9      384233838260713049    25.0   25.0
 11 6483.176245 1.243E-28 3.354E-04.05550.281 2144.04630.68-.034900          1 2 0          0 0 0 11  3  8       11  6  5      464233838365713152    69.0   69.0
 11 6483.185119 4.086E-29 3.919E+00.04050.298 4260.46690.32-.014960          0 4 1          0 2 0  9  1  9       10  1 10      434233837294713152    57.0   63.0
 11 6483.287326 1.075E-29 4.950E-02.09170.412 3482.06450.71-.012050          1 4 0          0 2 0  4  1  4        4  2  3      534243837294713152    27.0   27.0
 11 6483.348313 7.041E-30 3.175E-04.06870.250 2756.41530.67-.040000          1 2 0          0 0 0 13  3 10       13  6  7      462230838394713152    81.0   81.0
 11 6483.663520 2.484E-27 5.209E-01.04500.265 2813.52870.45-.009150          1 0 1          0 0 0 11  6  5       12  8  4      434223837294713152    23.0   25.0
 11 6483.689718 7.146E-30 5.728E-01.03440.298 3997.50860.35-.010990          1 3 0          0 1 0  9  7  3       10  8  2      332230837294713152    19.0   21.0
 11 6483.693737 2.153E-29 5.753E-01.03440.298 3997.50830.35-.010950          1 3 0          0 1 0  9  7  2       10  8  3      334233837294713152    57.0   63.0
 11 6483.755595 8.200E-30 1.067E-02.08260.333 3101.14220.71-.018460          1 1 1          0 1 0  7  2  5        8  6  2      532230837294713152    15.0   17.0
 11 6484.038076 4.176E-26 1.821E-04.07530.352  704.21410.680.000000          0 4 0          0 0 0  6  4  3        7  1  6      584523838260713059    39.0   45.0
 11 6484.059485 3.818E-29 1.997E-03.06840.352 2439.95450.62-.003070          0 5 0          0 1 0  7  4  4        7  3  5      434233837294713152    15.0   15.0
 11 6484.367519 6.184E-27 2.929E-04.04330.298 1293.63410.41-.010460          0 4 0          0 0 0 10  3  8       10  2  9      484223838260713049    63.0   63.0
 11 6484.424189 8.981E-25 4.989E-02.08180.315 1282.91910.69-.012000          0 2 1          0 0 0  8  1  7        9  3  6      564323838394713159    51.0   57.0
 11 6484.480835 5.362E-29 5.919E-04.06330.265 2433.80040.63-.026020          0 0 2          0 0 0 11  1 10       12  6  7      434233837260713049    69.0   75.0
 11 6484.506197 3.812E-26 5.510E-02.02170.250 1806.67150.07-.017290          1 2 0          0 0 0 12  0 12       13  1 13      464323838394713152    25.0   27.0
 11 6484.636436 5.429E-30 5.106E-05.05710.265 2433.80040.60-.031060          0 2 1          0 0 0 13  2 12       12  6  7      462230838394713152    81.0   75.0
 11 6484.641948 3.550E-27 4.978E-03.02500.250 2042.31060.17-.020040          1 2 0          0 0 0 13  0 13       13  1 12      464623838394713152    81.0   81.0
 11 6484.850424 1.259E-29 7.117E-02.09040.391 3565.45460.71-.003520          1 4 0          0 2 0  5  0  5        5  1  4      534243837294713152    33.0   33.0
 11 6484.854901 1.148E-30 1.301E-04.06310.352 2569.50800.61-.004740          0 5 0          0 1 0  6  5  1        7  4  4      532230837294713152    13.0   15.0
 11 6485.089266 1.143E-27 2.833E-01.05560.235 2880.83420.53-.011910          2 0 0          0 0 0 13  3 11       14  4 10      434223837260713049    27.0   29.0
 11 6485.138090 1.239E-25 9.348E-02.08480.298 1616.45310.73-.010000          0 2 1          0 0 0  9  2  7       10  4  6      464623838394713159    19.0   21.0
 11 6485.223242 1.908E-30 2.360E-06.03060.265 1774.61630.24-.001030          0 4 0          0 0 0 12  2 10       12  1 11      382230838260713049    25.0   25.0
 11 6485.234655 1.646E-30 7.863E-01.00770.161 4738.6338-.25-.018930          0 2 1          0 0 0 19  3 17       20  3 18      362230838394713152   117.0  123.0
 11 6485.236676 1.436E-28 2.006E-02.05190.315 2690.59370.45-.014900          1 3 0          0 1 0  9  1  9        9  2  8      534233837294713152    19.0   19.0
 11 6485.315358 1.995E-29 6.864E-05.08820.391 2000.86300.720.003530          0 5 0          0 1 0  4  4  1        5  1  4      532230837294713152    27.0   33.0
 11 6485.393018 5.940E-31 8.189E-01.05550.302 4559.75200.560.000000          1 2 1          1 0 0  8  1  8        9  1  9      4333308387659336 0    17.0   19.0
 11 6485.405451 1.294E-27 5.448E-03.02460.250 2042.37410.16-.019600          1 2 0          0 0 0 13  1 13       13  2 12      464223838394713152    27.0   27.0
 11 6485.597316 2.766E-29 8.931E-02.03340.205 3437.27720.370.000000          1 2 0          0 0 0 15  4 12       16  3 13      2633308383659336 0    31.0   33.0
 11 6485.614506 7.022E-28 5.564E-01.06220.221 3360.60020.59-.021000          2 0 0          0 0 0 14  4 11       15  5 10      434223837260713049    87.0   93.0
 11 6485.651666 7.776E-30 9.524E-07.05120.285 1524.84790.530.000000          0 3 0          0 0 0 12  8  5       11  1 10      4333308387659336 0    75.0   69.0
 11 6485.673140 2.860E-30 1.973E-03.04790.298 3058.39840.45-.000910          0 5 0          0 1 0 11  3  9       10  2  8      332230837294713152    23.0   21.0
 11 6485.710159 6.761E-31 8.187E-02.08060.379 4033.61450.670.000000          1 4 0          0 2 0  7  2  6        7  3  5      4333308387659336 0    15.0   15.0
 11 6485.777051 1.367E-25 2.155E-02.06310.352 1216.18980.59-.006000          0 2 1          0 0 0  6  4  3        7  6  2      564623838394713159    13.0   15.0
 11 6486.365333 4.032E-29 1.831E-01.08720.391 3478.98650.68-.007970          1 4 0          0 2 0  4  1  4        5  0  5      534243837294713152    27.0   33.0
 11 6486.416734 1.091E-28 6.756E-02.04260.216 3083.86520.440.000000          1 2 0          0 0 0 14  3 11       15  4 12      2633308383659336 0    29.0   31.0
 11 6486.472040 2.352E-26 3.430E-03.05250.281 1524.84790.540.000000          0 4 0          0 0 0 10  4  7       11  1 10      484623838260713059    63.0   69.0
 11 6486.517865 4.100E-25 2.155E-02.06680.352 1216.19450.63-.008000          0 2 1          0 0 0  6  4  2        7  6  1      564523838394713159    39.0   45.0
 11 6486.601143 4.285E-28 1.972E-02.05170.315 2688.07990.45-.010740          1 3 0          0 1 0  9  0  9        9  1  8      534223837294713152    57.0   57.0
 11 6486.744769 3.192E-29 1.096E-05.07160.315 1474.98080.66-.017830          0 2 1          0 0 0 10  1 10        9  5  5      462230838394713152    21.0   19.0
 11 6486.804087 3.700E-27 8.689E-02.09210.371 2211.19060.72-.009970          0 3 1          0 1 0  5  0  5        6  2  4      534223837294713152    11.0   13.0
 11 6487.093112 4.240E-29 1.646E-03.06370.333 2630.19260.60-.008040          0 5 0          0 1 0  8  4  5        8  3  6      434233837294713152    51.0   51.0
 11 6487.193646 6.561E-30 1.862E-02.03370.265 3592.42390.29-.020870          1 3 0          0 1 0 12  2 11       12  3 10      432230837294713152    75.0   75.0
 11 6487.341649 9.505E-30 4.422E-03.07750.315 3141.04600.69-.019380          2 1 0          0 1 0  8  2  7        9  5  4      432230837294713152    51.0   57.0
 11 6487.453022 1.138E-27 1.599E-01.06940.250 2748.09960.68-.031860          2 0 0          0 0 0 12  3  9       13  6  8      434323837260713049    25.0   27.0
 11 6487.545617 1.757E-29 1.636E-05.09380.434 1731.89670.730.007650          0 5 0          0 1 0  4  3  2        3  0  3      532230837294713152    27.0   21.0
 11 6487.597610 3.875E-27 5.018E-04.03040.298 1293.01810.22-.004790          0 4 0          0 0 0 11  2 10       10  1  9      484423838260713049    23.0   21.0
 11 6487.810923 4.532E-27 7.649E-02.01790.235 2327.88380.01-.019240          1 2 0          0 0 0 13  2 12       14  1 13      464423838394713152    27.0   29.0
 11 6487.880138 1.190E-27 8.790E-02.02070.221 2872.27430.10-.017640          1 2 0          0 0 0 14  3 12       15  2 13      364223838394713152    87.0   93.0
 11 6488.072031 1.567E-29 4.866E-04.05250.265 2437.50190.67-.040000          1 2 0          0 0 0 12  3  9       12  6  6      464233838365713152    25.0   25.0
 11 6488.169787 1.156E-25 4.784E-02.07630.298 1718.71880.690.000000          1 2 0          0 0 0  9  4  5       10  5  6      464623838394713159    57.0   63.0
 11 6488.521775 3.016E-27 1.145E-03.06920.315 1474.98080.64-.027740          0 2 1          0 0 0  9  1  8        9  5  5      464623838394713152    19.0   19.0
 11 6488.555064 2.745E-30 1.708E-02.02620.195 3810.93670.28-.027400          0 0 2          0 0 0 16  2 15       17  3 14      432230837260713049    99.0  105.0
 11 6488.747850 8.677E-30 9.188E-05.09400.412 2005.91700.73-.015500          1 3 0          0 1 0  4  0  4        4  3  1      532230837294713152     9.0    9.0
 11 6488.848465 5.293E-30 6.953E-05.07710.352 2181.08990.640.003780          0 5 0          0 1 0  8  2  6        7  1  7      432230837294713152    17.0   15.0
 11 6488.990525 5.274E-30 1.628E-02.04400.265 3592.42390.43-.029220          1 1 1          0 1 0 11  1 11       12  3 10      532230837294713152    69.0   75.0
 11 6489.010463 6.979E-29 7.259E-03.05180.250 2927.94130.55-.040000          1 0 1          0 0 0 13  3 11       13  7  6      434233837294713152    81.0   81.0
 11 6489.155431 2.176E-28 2.132E-06.08860.391  610.11440.71-.014050          1 2 0          0 0 0  5  1  5        5  4  2      562230838394713152    11.0   11.0
 11 6489.217521 3.163E-29 1.432E+00.04000.208 4206.33130.38-.018260          2 0 0          0 0 0 15  7  8       16  8  9      334233837260713049    93.0   99.0
 11 6489.323604 1.004E-25 5.792E-05.09500.434  212.15640.72-.013000          0 4 0          0 0 0  4  3  2        3  2  1      486520838277713038    27.0   21.0
 11 6489.381733 4.272E-29 1.060E-02.06470.235 2880.83420.63-.000580          0 5 0          0 0 0 13  1 13       14  4 10      434233837294713152    27.0   29.0
 11 6489.439889 1.376E-30 4.342E+00.08370.298 4752.73290.700.002210          0 4 1          0 2 0  9  3  6       10  3  7      432230837294713152    19.0   21.0
 11 6489.648953 1.141E-30 3.718E-07.08220.352 1394.81420.72-.005030          2 0 0          0 0 0  7  2  6        7  7  1      532230837260713049    15.0   15.0
 11 6489.722908 5.902E-28 7.398E-05.08380.352 1394.81420.74-.006560          1 0 1          0 0 0  6  3  3        7  7  0      434223837294713152    39.0   45.0
 11 6489.759445 1.480E-30 9.609E-03.09620.434 3500.63870.73-.014540          0 4 1          0 2 0  3  1  3        3  3  0      532230837294713152    21.0   21.0
 11 6489.763379 4.358E-27 2.099E-01.03640.298 2471.25500.41-.010350          1 0 1          0 0 0  9  7  2       10  9  1      434223837294713152    19.0   21.0
 11 6489.770605 1.062E-26 6.870E-02.08950.391 2130.49430.72-.011000          1 3 0          0 1 0  4  2  3        5  3  2      564523837294713159    27.0   33.0
 11 6489.791091 4.906E-30 1.036E+00.06990.315 4399.54210.610.011120          1 4 0          0 2 0  8  3  6        9  2  7      432230837294713152    51.0   57.0
 11 6489.804456 1.312E-26 2.107E-01.03640.298 2471.25500.400.000000          1 0 1          0 0 0  9  7  3       10  9  2      464323837294713159    57.0   63.0
 11 6489.940056 7.551E-30 1.585E-05.05200.273 2124.95140.550.000000          0 3 0          0 0 0 13  9  4       12  4  9      4333308387659336 0    81.0   75.0
 11 6489.947781 6.709E-27 7.055E-02.08100.371 2271.71220.72-.005000          1 3 0          0 1 0  5  2  3        6  3  4      538321837277713138    33.0   39.0
 11 6489.957679 3.429E-28 7.614E-02.02050.221 2872.58050.10-.020630          1 2 0          0 0 0 14  2 12       15  3 13      364223838394713152    29.0   31.0
 11 6490.011904 2.036E-26 1.014E-03.08210.315 1282.91910.700.000000          0 2 1          0 0 0  9  1  9        9  3  6      564423838394713159    57.0   57.0
 11 6490.092694 3.875E-30 1.654E-01.03190.235 3939.74650.34-.009030          0 5 0          0 1 0 13  4 10       14  1 13      332230837294713152    27.0   29.0
 11 6490.212514 3.057E-29 1.769E+00.01450.221 4243.1096-.06-.019090          0 3 1          0 1 0 14  1 13       15  1 14      434233837294713152    87.0   93.0
 11 6490.355208 4.303E-30 1.264E+00.02870.281 4510.90160.29-.014300          1 3 0          0 1 0 10  8  3       11  9  2      432230837294713152    63.0   69.0
 11 6490.355660 1.434E-30 1.264E+00.02870.281 4510.90150.29-.014270          1 3 0          0 1 0 10  8  2       11  9  3      432230837294713152    21.0   23.0
 11 6490.409842 7.387E-31 2.766E-03.06380.305 3387.40070.620.000000          1 1 1          0 1 0 10  1 10       10  5  5      5333308387659336 0    21.0   21.0
 11 6490.464630 1.739E-30 4.162E+00.03520.281 4716.37960.28-.015940          0 4 1          0 2 0 10  2  9       11  2 10      332230837294713152    21.0   23.0
 11 6490.607559 8.106E-26 5.798E-04.09160.391  503.96810.72-.014000          1 2 0          0 0 0  4  0  4        5  3  3      564523838394713159     9.0   11.0
 11 6490.670713 6.751E-26 1.954E-03.05950.333 1122.70850.58-.011600          0 4 0          0 0 0  7  5  2        8  4  5      584223838260713059    45.0   51.0
 11 6491.160184 1.120E-29 8.104E-06.07460.315 1810.58790.68-.014210          0 0 2          0 0 0  8  2  7        9  7  2      432230837260713049    51.0   57.0
 11 6491.229498 1.033E-30 2.369E-01.10270.456 3833.57670.75-.011510          2 2 0          0 0 1  1  1  1        2  1  2      332230837294713152     3.0    5.0
 11 6491.352156 2.673E-27 2.215E-02.08680.412 2129.59920.71-.009500          0 3 1          0 1 0  3  2  2        4  4  1      534223837294713152    21.0   27.0
 11 6491.839165 3.128E-28 6.112E-03.08830.352 2462.87530.72-.012640          0 3 1          0 1 0  7  1  7        7  3  4      534223837294713152    45.0   45.0
 11 6491.903633 3.232E-30 9.420E-04.06020.315 2841.43080.58-.011280          0 5 0          0 1 0  9  4  6        9  3  7      432230837294713152    19.0   19.0
 11 6492.185506 2.974E-29 2.250E-05.07920.281 1899.00820.71-.012550          0 2 1          0 0 0 12  0 12       11  4  7      462230838394713152    75.0   69.0
 11 6492.324815 2.171E-27 1.429E-01.04930.315 2512.37570.40-.014670          1 3 0          0 1 0  8  0  8        9  1  9      534523837294713152    17.0   19.0
 11 6492.498861 1.192E-26 6.716E-02.01790.235 2327.91400.01-.019000          1 2 0          0 0 0 13  1 12       14  2 13      464623838394713159    81.0   87.0
 11 6492.679228 7.834E-28 1.404E-04.06530.315 1340.88490.590.001960          0 4 0          0 0 0 10  3  7        9  4  6      484223838260713049    21.0   19.0
 11 6492.717097 1.019E-27 5.078E-05.07600.315 1282.91910.68-.000100          0 4 0          0 0 0  9  4  5        9  3  6      584223838260713049    57.0   57.0
 11 6492.725159 4.271E-31 1.329E-04.05530.256 2927.07520.510.000000          0 4 0          0 0 0 13  6  8       13  7  7      3633308383659336 0    27.0   27.0
 11 6492.862927 1.524E-29 8.434E-04.04510.250 2586.52970.46-.011840          0 1 1          0 0 0 14  9  6       13  5  9      464233838394713152    29.0   27.0
 11 6492.917554 2.617E-27 1.112E-03.07570.315 1474.98080.67-.023220          1 0 1          0 0 0  8  1  8        9  5  5      434323837294713152    17.0   19.0
 11 6493.139984 4.199E-27 7.908E-05.06510.352 1059.83550.64-.010440          0 4 0          0 0 0  8  4  5        7  5  2      684223838260713049    51.0   45.0
 11 6493.340563 3.789E-31 1.047E-03.01950.232 3391.13080.400.000000          0 2 1          0 1 0 14  5 10       13  1 13      4333308387659336 0    29.0   27.0
 11 6493.359007 1.552E-29 1.598E-01.10150.434 3299.99110.75-.013830          1 4 0          0 2 0  2  0  2        3  1  3      534243837294713152     5.0    7.0
 11 6493.496601 1.152E-29 1.576E+00.03860.208 4207.56200.38-.028390          2 0 0          0 0 0 15  7  9       16  8  8      332230837260713049    31.0   33.0
 11 6493.594324 8.171E-30 5.106E-06.07820.298 1616.45310.74-.011890          1 1 0          0 0 0 11  9  3       10  4  6      432230837294713152    23.0   21.0
 11 6493.740126 1.449E-27 6.235E-02.04470.235 2746.02350.43-.035600          1 2 0          0 0 0 13  3 10       14  4 11      464323838394713152    81.0   87.0
 11 6493.751250 6.400E-27 1.404E-01.04910.315 2512.28290.40-.014570          1 3 0          0 1 0  8  1  8        9  0  9      534223837294713152    51.0   57.0
 11 6493.777678 1.439E-30 1.304E-02.04420.265 3587.66670.42-.022100          1 1 1          0 1 0 11  0 11       12  2 10      532230837294713152    23.0   25.0
 11 6493.969893 2.151E-26 5.732E-02.06620.298 1875.46180.62-.026360          2 0 0          0 0 0  9  3  7       10  6  4      4642238372607130 8    19.0   21.0
 11 6494.012182 1.554E-30 3.841E-04.05400.298 3072.72640.52-.017730          1 3 0          0 1 0 11  0 11       10  3  8      532230837294713152    69.0   63.0
 11 6494.176810 2.995E-28 1.882E+00.02170.265 3512.40490.23-.027860          2 0 0          0 0 0 11 10  2       12 11  1      434223837260713049    23.0   25.0
 11 6494.176814 8.985E-28 1.882E+00.02170.265 3512.40490.23-.027860          2 0 0          0 0 0 11 10  1       12 11  2      434323837260713049    69.0   75.0
 11 6494.178602 1.991E-29 4.168E-08.08670.391  326.62550.710.003010          0 4 0          0 0 0  6  2  4        5  1  5      482230838260713049    13.0   11.0
 11 6494.253309 1.869E-27 1.006E-01.05020.281 2740.42090.54-.011290          0 0 2          0 0 0 10  6  5       11  9  2      434323837260713049    63.0   69.0
 11 6494.292421 1.337E-28 1.174E-01.04720.281 3314.85560.410.000530          1 3 0          0 1 0 10  3  8       11  2  9      434233837294713152    63.0   69.0
 11 6494.348320 9.991E-31 1.341E-06.03540.232 1806.67150.400.000000          0 1 1          0 0 0 13  7  6       13  1 13      4633308383659336 0    27.0   27.0
 11 6494.556132 1.778E-28 3.449E-02.08550.352 2905.43350.72-.013340          1 1 1          0 1 0  6  2  4        7  6  1      534233837294713152    39.0   45.0
 11 6494.851783 1.235E-29 2.148E+00.01450.221 4243.1540-.06-.019280          0 3 1          0 1 0 14  2 13       15  2 14      434233837294713152    29.0   31.0
 11 6494.874374 4.289E-29 4.094E-05.05130.265 1962.50690.540.005350          1 1 0          0 0 0 13  8  5       12  3 10      434233837294713152    81.0   75.0
 11 6495.030542 6.030E-28 9.741E-02.05070.281 2740.42080.54-.009860          0 0 2          0 0 0 10  6  4       11  9  3      434223837260713049    21.0   23.0
 11 6495.067115 1.503E-26 4.458E-02.06950.281 2144.04630.66-.036200          1 0 1          0 0 0 10  2  8       11  6  5      4643238372947131 9    63.0   69.0
 11 6495.093178 1.665E-26 1.546E-01.04800.250 2414.72340.46-.016390          2 0 0          0 0 0 12  2 11       13  3 10      464623837260713049    75.0   81.0
 11 6495.120069 1.532E-29 2.993E-03.04010.221 2872.58050.440.014740          0 1 1          0 0 0 16  7 10       15  3 13      464233838394713152    33.0   31.0
 11 6495.203723 2.838E-28 1.118E-01.04320.298 2903.14600.36-.012770          1 3 0          0 1 0  9  2  8       10  1  9      534223837294713152    19.0   21.0
 11 6495.206763 1.410E-28 2.735E-02.08390.352 2905.43350.71-.010370          0 6 0          0 1 0  6  1  6        7  6  1      534233837294713110    39.0   45.0
 11 6495.273632 1.326E-27 7.490E-05.05760.352 1059.64670.56-.001830          0 4 0          0 0 0  8  4  4        7  5  3      584223838260713049    17.0   15.0
 11 6495.516576 3.615E-30 7.440E-02.07960.371 3864.96610.66-.018610          1 4 0          0 2 0  6  2  5        6  3  4      532230837294713152    39.0   39.0
 11 6495.582771 3.786E-26 6.381E-05.08600.434  206.30140.69-.005000          0 4 0          0 0 0  4  3  1        3  2  2      584623838278713059     9.0    7.0
 11 6495.618573 4.925E-30 4.143E+00.04400.298 4480.39240.37-.016770          0 4 1          0 2 0  9  1  8       10  1  9      432230837294713152    19.0   21.0
 11 6495.713254 1.035E-30 6.742E-02.09400.412 3974.63100.72-.005470          1 2 1          0 0 1  3  1  3        4  0  4      432230837294713152    21.0   27.0
 11 6495.793835 2.064E-30 5.022E-05.05140.265 2612.79980.60-.014260          0 4 0          0 0 0 12  6  7       12  7  6      482230838260713049    75.0   75.0
 11 6495.917622 1.046E-28 2.186E-02.08090.315 2998.76630.71-.016900          0 3 1          0 1 0  9  2  8        9  4  5      434233837294713152    57.0   57.0
 11 6496.010242 1.684E-29 3.563E+00.07590.315 4399.54210.64-.004480          0 4 1          0 2 0  8  2  6        9  2  7      434233837294713152    51.0   57.0
 11 6496.378349 9.420E-28 2.345E-02.08940.412 2129.61860.72-.005460          0 3 1          0 1 0  3  2  1        4  4  0      534223837294713152     7.0    9.0
 11 6496.461031 3.245E-28 1.889E-01.04850.352 2905.43060.46-.006720          1 3 0          0 1 0  6  5  1        7  6  2      434223837294713152    13.0   15.0
 11 6496.471162 2.525E-30 9.735E-03.04400.235 3685.40830.46-.016780          2 0 0          0 0 0 14  6  9       14  9  6      432230837260713049    87.0   87.0
 11 6496.496369 3.262E-25 3.091E-03.10100.371  602.77350.72-.013000          1 2 0          0 0 0  5  1  5        6  2  4      566520838377713138    11.0   13.0
 11 6496.635161 3.007E-25 4.999E-02.08290.333 1255.91160.72-.006000          0 2 1          0 0 0  7  3  4        8  5  3      564523838394713159    15.0   17.0
 11 6496.637574 5.092E-31 5.845E-06.04900.248 2248.06450.480.000000          0 1 1          0 0 0 13  9  4       13  3 11      4633308383659336 0    27.0   27.0
 11 6496.664045 7.096E-31 5.188E-05.04770.268 2613.10460.530.000000          0 4 0          0 0 0 12  6  6       12  7  5      3633308383659336 0    25.0   25.0
 11 6496.780334 7.435E-28 1.165E-01.05530.315 2690.59370.47-.020740          1 3 0          0 1 0  8  1  7        9  2  8      434223837294713152    17.0   19.0
 11 6496.785382 1.744E-29 1.501E-04.06200.250 2414.72340.620.017190          0 4 0          0 0 0 13  4  9       13  3 10      384233838260713049    81.0   81.0
 11 6496.799585 6.368E-28 1.236E-01.04820.352 2905.43350.46-.007250          1 3 0          0 1 0  6  5  2        7  6  1      534223837294713152    39.0   45.0
 11 6496.831039 1.096E-27 1.359E-01.06060.371 2552.87970.54-.004610          1 3 0          0 1 0  5  4  2        6  5  1      634223837294713152    11.0   13.0
 11 6496.835938 1.802E-26 1.270E-01.04480.281 2321.90570.44-.015840          1 2 0          0 0 0 10  6  5       11  7  4      464323838394713152    63.0   69.0
 11 6496.909835 6.934E-30 3.786E-03.03770.221 3083.86520.400.020000          0 1 1          0 0 0 16  8  9       15  4 12      462230838394713152    33.0   31.0
 11 6496.922514 3.296E-27 1.362E-01.06170.371 2552.85720.55-.002790          1 3 0          0 1 0  5  4  1        6  5  2      534723837294713152    33.0   39.0
 11 6497.016824 6.391E-25 1.450E-02.08130.352  816.69420.67-.012000          0 2 1          0 0 0  6  1  6        7  3  5      564623838394713159    13.0   15.0
 11 6497.184080 5.860E-27 1.239E-01.04520.281 2321.81310.44-.014570          1 2 0          0 0 0 10  6  4       11  7  5      464423838394713152    21.0   23.0
 11 6497.688411 2.659E-29 4.357E-05.03170.235 2073.51570.32-.002660          0 4 0          0 0 0 13  2 11       14  1 14      482230838260713049    81.0   87.0
 11 6497.906564 1.225E-26 1.797E-02.07580.281 1998.99530.71-.024640          1 0 1          0 0 0 10  1  9       11  5  6      4642238372947131 8    63.0   69.0
 11 6497.920482 7.402E-31 1.429E-05.05330.288 2321.81310.570.000000          0 4 0          0 0 0 11  6  6       11  7  5      3633308383659336 0    23.0   23.0
 11 6498.237219 2.751E-30 1.770E-05.04840.281 2321.90570.56-.010250          0 4 0          0 0 0 11  6  5       11  7  4      382230838260713049    69.0   69.0
 11 6498.250549 4.379E-30 4.938E-02.09570.434 3387.68070.73-.011640          1 4 0          0 2 0  3  1  3        3  2  2      532230837294713152     7.0    7.0
 11 6498.578382 8.523E-27 1.151E-02.04720.265 1774.61630.51-.008700          0 4 0          0 0 0 11  4  8       12  1 11      484223838260713049    23.0   25.0
 11 6498.706829 1.421E-27 1.414E-01.04100.235 2918.24490.40-.040000          1 0 1          0 0 0 13  3 11       14  5 10      434523837294713152    81.0   87.0
 11 6498.838400 7.540E-30 3.409E-05.07490.371 2161.28600.640.008100          0 5 0          0 1 0  7  3  4        6  2  5      532230837294713152    45.0   39.0
 11 6498.972130 1.711E-29 6.515E-05.03830.250 2246.88480.350.009450          0 4 0          0 0 0 13  3 10       13  2 11      384233838260713049    81.0   81.0
 11 6498.994324 8.380E-26 7.437E-02.05610.298 1874.97300.53-.007000          1 2 0          0 0 0  9  5  4       10  6  5      464623838394713159    57.0   63.0
 11 6499.050934 1.017E-26 7.210E-05.08100.371  542.90580.700.005030          0 4 0          0 0 0  5  4  2        6  1  5      484223838260713049    11.0   13.0
 11 6499.071248 6.933E-26 5.691E-05.08800.391  325.34790.70-.015000          0 4 0          0 0 0  5  3  2        5  0  5      486621838277713038    33.0   33.0
 11 6499.104732 1.639E-27 2.735E-01.02100.270 2972.82740.410.000000          0 4 0          0 0 0 10  9  2       11 10  1      4633308383659336 0    63.0   69.0
 11 6499.104741 5.465E-28 2.736E-01.03110.267 2972.82740.460.000000          0 4 0          0 0 0 10  9  1       11 10  2      4633308383659336 0    21.0   23.0
 11 6499.156752 1.122E-28 1.504E-04.05960.281 1998.99530.73-.033700          1 2 0          0 0 0 11  2  9       11  5  6      464233838365713152    69.0   69.0
 11 6499.217306 1.059E-29 4.552E-02.07300.281 3659.90400.70-.033070          0 3 1          0 1 0 11  3  9       11  5  6      434233837294713152    69.0   69.0
 11 6499.249849 1.174E-30 2.255E-06.04510.298 2054.34520.52-.004960          0 4 0          0 0 0 10  6  5       10  7  4      482230838260713049    63.0   63.0
 11 6499.350486 2.110E-30 5.297E-03.04830.281 3323.26980.49-.010580          0 5 0          0 1 0 11  4  8       11  3  9      532230837294713152    23.0   23.0
 11 6499.368007 4.000E-31 2.305E-06.04390.281 2054.36870.580.000000          0 4 0          0 0 0 10  6  4       10  7  3      4633308383659336 0    21.0   21.0
 11 6499.377405 4.691E-28 1.383E-02.05370.250 2426.19650.51-.032940          1 2 0          0 0 0 12  3  9       13  4 10      464223838394713152    25.0   27.0
 11 6499.423375 3.978E-30 5.270E-01.02340.235 4172.15240.23-.018990          1 2 0          0 0 0 13 10  4       14 11  3      362230808394713152    27.0   29.0
 11 6499.435595 1.193E-29 5.270E-01.02340.235 4172.15250.23-.018980          1 2 0          0 0 0 13 10  3       14 11  4      364233838394713152    81.0   87.0
 11 6499.490359 4.586E-30 3.830E-02.03390.265 3587.66670.29-.011360          1 3 0          0 1 0 12  1 11       12  2 10      532230837294713152    25.0   25.0
 11 6499.628520 5.772E-28 3.592E-06.08870.391  742.07630.74-.006780          1 2 0          0 0 0  5  2  3        5  5  0      564223838394713152    33.0   33.0
 11 6499.663414 2.011E-30 2.063E+00.01680.208 4847.62210.03-.019330          0 3 1          0 1 0 15  3 13       16  3 14      432230837294713152    93.0   99.0
 11 6499.946539 1.040E-29 3.400E-06.03710.352 1394.81420.460.002500          0 4 0          0 0 0  7  6  2        7  7  1      482230838260713049    15.0   15.0
 11 6499.947758 3.111E-29 3.390E-06.03700.352 1394.81420.460.002510          0 4 0          0 0 0  7  6  1        7  7  0      482230838260713049    45.0   45.0
 11 6500.030076 4.099E-30 2.516E+00.03500.221 4728.22120.32-.020540          0 3 1          0 1 0 14  3 11       15  3 12      432230837294713152    87.0   93.0
 11 6500.128256 7.426E-30 1.850E-06.03780.333 1590.69010.430.000590          0 4 0          0 0 0  8  6  3        8  7  2      482230838260713049    51.0   51.0
 11 6500.137032 2.530E-30 1.891E-06.03750.333 1590.69070.420.000770          0 4 0          0 0 0  8  6  2        8  7  1      582230838260713049    17.0   17.0
 11 6500.212330 6.090E-27 1.625E-02.05370.298 1875.46180.50-.015530          1 2 0          0 0 0  9  5  5       10  6  4      464423818394713152    19.0   21.0
 11 6500.220985 7.077E-30 3.047E-01.06100.333 4071.73340.52-.014530          0 4 1          0 2 0  8  0  8        8  2  7      432230817294713152    51.0   51.0
 11 6500.227487 1.120E-28 1.910E-03.05790.281 2522.26510.59-.019240          1 0 1          0 0 0 11  4  8       11  8  3      434233817294713152    69.0   69.0
 11 6500.378338 1.089E-27 2.295E-01.03720.265 2813.52860.37-.017170          1 2 0          0 0 0 11  7  5       12  8  4      464223818394713152    23.0   25.0
 11 6500.422850 3.309E-27 2.324E-01.03730.265 2813.51210.37-.016780          1 2 0          0 0 0 11  7  4       12  8  5      464223818394713152    69.0   75.0
 11 6500.580816 1.102E-29 1.118E-02.01570.208 3211.05480.02-.020250          1 2 0          0 0 0 16  1 15       16  2 14      464233818394713152    33.0   33.0
 11 6500.884704 8.645E-30 1.554E-06.06910.315 1340.88490.69-.009880          1 1 0          0 0 0 10  9  1        9  4  6      432230817294713152    21.0   19.0
 11 6500.967294 2.695E-30 4.590E-03.02250.195 3567.17380.570.013890          0 1 1          0 0 0 18  6 12       17  2 15      362230808365713152   111.0  105.0
 11 6501.034344 2.849E-28 7.579E-01.00840.183 3647.4603-.24-.019740          0 2 1          0 0 0 17  2 16       18  2 17      464223818394713152   105.0  111.0
 11 6501.077850 3.408E-29 1.154E-02.01590.208 3211.21270.03-.017970          1 2 0          0 0 0 16  2 15       16  3 14      464233818394713152    99.0   99.0
 11 6501.230227 9.568E-29 7.637E-01.00830.183 3647.4606-.25-.018850          0 2 1          0 0 0 17  1 16       18  1 17      464233818394713152    35.0   37.0
 11 6501.316452 6.152E-28 1.977E+00.02160.250 3391.13080.07-.016840          0 3 1          0 1 0 12  1 12       13  1 13      434323817294713152    25.0   27.0
 11 6501.526160 3.200E-30 2.360E+00.06810.235 4525.23940.600.002350          0 3 1          0 1 0 13  4  9       14  4 10      432230817294713152    27.0   29.0
 11 6501.563604 4.479E-28 2.009E-04.02090.250 1806.67000.10-.002890          0 4 0          0 0 0 13  1 12       13  0 13      484223818260713049    81.0   81.0
 11 6501.705427 2.756E-27 2.516E-02.09860.412 1922.90100.75-.012780          1 3 0          0 1 0  3  1  3        4  2  2      434223817294713152     7.0    9.0
 11 6501.738838 1.837E-27 1.968E+00.02160.250 3391.12610.07-.016820          0 3 1          0 1 0 12  0 12       13  0 13      434223817294713152    75.0   81.0
 11 6501.804946 1.342E-28 8.837E-06.08130.315 1360.23530.71-.014110          1 2 0          0 0 0 10  1 10        9  4  5      462230818394713152    63.0   57.0
 11 6501.956800 8.165E-29 2.896E-01.03820.333 3306.29550.38-.009120          1 3 0          0 1 0  7  6  2        8  7  1      434233817294713152    15.0   17.0
 11 6501.957636 2.449E-28 2.896E-01.03820.333 3306.29520.38-.009010          1 3 0          0 1 0  7  6  1        8  7  2      434233817294713152    45.0   51.0
 11 6501.987805 1.025E-29 2.896E-05.09820.434 1907.61570.74-.017460          1 3 0          0 1 0  3  0  3        3  3  0      432230817294713152    21.0   21.0
 11 6502.002025 3.189E-30 2.910E-02.06070.315 3752.41620.61-.009540          0 1 2          0 1 0  8  5  4        9  8  1      432230817294713152    51.0   57.0
 11 6502.083332 1.758E-29 1.334E-05.07470.281 1899.00820.71-.013020          1 1 0          0 0 0 12  9  4       11  4  7      432230817294713152    75.0   69.0
 11 6502.272010 2.376E-26 5.877E-02.06420.265 2124.95140.59-.027480          1 2 0          0 0 0 11  3  8       12  4  9      464523818394713152    69.0   75.0
 11 6502.471025 1.354E-27 3.032E-01.04560.235 3084.83570.45-.040000          1 0 1          0 0 0 13  4 10       14  6  9      434323817294713152    81.0   87.0
 11 6502.707673 3.265E-30 3.612E-02.02890.183 3940.58680.290.001870          0 4 0          0 0 0 17  4 13       18  3 16      482230818260713049   105.0  111.0
 11 6502.897367 4.640E-29 3.934E-05.06900.333 1590.69070.65-.009440          2 0 0          0 0 0  7  4  4        8  7  1      432230817260713049    15.0   17.0
 11 6502.969784 7.213E-30 2.952E-01.05130.265 4123.28530.48-.036790          1 1 1          0 1 0 11  4  8       12  6  7      432230817294713152    69.0   75.0
 11 6503.000626 5.802E-30 7.636E-02.02520.221 3937.57150.25-.005460          0 5 0          0 1 0 14  3 12       15  0 15      432230817294713152    87.0   93.0
 11 6503.250724 9.392E-29 3.989E+00.04920.315 4068.70370.40-.014290          0 4 1          0 2 0  8  0  8        9  0  9      434233817294713152    51.0   57.0
 11 6503.436772 1.791E-30 1.341E-01.07860.371 4095.80320.63-.012390          2 2 0          1 0 0  5  0  5        6  1  6      432230817294713152    33.0   39.0
 11 6503.556702 1.600E-25 2.300E-02.06460.315 1477.29740.58-.010000          1 2 0          0 0 0  8  4  5        9  5  4      464223808394713159    51.0   57.0
 11 6503.565460 4.009E-25 2.969E-02.06700.352 1059.64670.62-.015000          0 2 1          0 0 0  6  3  4        7  5  3      467621818377713138    13.0   15.0
 11 6503.622789 3.938E-30 7.452E-02.05670.265 3738.54320.53-.012760          2 1 0          0 1 0 11  2 10       12  3  9      432230817294713152    23.0   25.0
 11 6503.755236 1.401E-30 1.058E-01.08890.434 3935.34460.71-.009570          2 2 0          1 0 0  2  2  1        3  3  0      432230817294713152    15.0   21.0
 11 6503.818821 1.823E-30 6.575E-02.08400.391 3719.49280.68-.016080          1 4 0          0 2 0  5  2  4        5  3  3      432230817294713152    11.0   11.0
 11 6503.924253 3.875E-28 1.139E+00.04400.221 3629.09650.56-.014850          1 0 1          0 0 0 14  5  9       15  7  8      434223817265713152    87.0   93.0
 11 6504.003640 2.707E-26 6.729E-01.01170.208 2660.9457-.14-.022000          0 2 1          0 0 0 15  1 15       16  1 16      464523798394713159    93.0   99.0
 11 6504.064595 3.474E-27 2.237E-01.05510.250 2586.52970.55-.032750          2 0 0          0 0 0 12  2 10       13  5  9      434223817260713049    25.0   27.0
 11 6504.092229 9.055E-27 6.752E-01.01300.208 2660.9460-.10-.022250          0 2 1          0 0 0 15  0 15       16  0 16      464323818394713152    31.0   33.0
 11 6504.157976 3.669E-26 5.591E-02.02240.250 2042.31060.10-.015000          1 2 0          0 0 0 12  2 11       13  1 12      464223808394713159    75.0   81.0
 11 6504.667991 8.236E-27 9.656E-02.07540.391 2251.86240.63-.006230          1 3 0          0 1 0  4  3  2        5  4  1      434323817294713152    27.0   33.0
 11 6504.670340 3.122E-29 3.984E+00.04910.315 4068.93110.40-.014280          0 4 1          0 2 0  8  1  8        9  1  9      434233817294713152    17.0   19.0
 11 6504.762624 6.990E-27 3.781E-04.07960.333 1050.15770.72-.001640          0 4 0          0 0 0  8  4  4        8  3  5      484423818260713049    17.0   17.0
 11 6504.872908 1.027E-30 5.456E-01.10710.480 3779.49310.75-.011220          2 2 0          0 0 1  0  0  0        1  0  1      432230817294713152     1.0    3.0
 11 6504.894097 4.910E-31 1.112E-01.09250.444 3935.21120.710.000000          2 2 0          1 0 0  2  2  0        3  3  1      4333308387659336 0     5.0    7.0
 11 6504.901480 1.100E-27 9.558E-01.03130.250 3347.78290.31-.016120          1 2 0          0 0 0 12  8  5       13  9  4      464323818394713152    75.0   81.0
 11 6504.921684 3.662E-28 9.544E-01.03140.250 3347.78270.31-.016070          1 2 0          0 0 0 12  8  4       13  9  5      464223818394713152    25.0   27.0
 11 6505.017377 1.163E-28 4.674E-03.04350.235 2746.02350.48-.029420          1 0 1          0 0 0 14  0 14       14  4 11      434233817294713152    87.0   87.0
 11 6505.170145 1.799E-27 2.236E-02.03780.250 2248.06450.37-.030110          1 0 1          0 0 0 12  1 12       13  3 11      434223817294713152    25.0   27.0
 11 6505.181262 1.570E-27 5.812E-04.02490.281 1525.13600.14-.003650          0 4 0          0 0 0 12  1 11       11  2 10      484423818260713049    25.0   23.0
 11 6505.362926 2.184E-28 1.591E-05.08130.315 1360.23530.72-.017430          1 2 0          0 0 0  9  1  8        9  4  5      462230818394713152    57.0   57.0
 11 6505.385219 2.146E-28 6.200E-02.01510.208 2952.38650.01-.019320          0 2 1          0 0 0 16  1 16       16  1 15      464233818394713152    33.0   33.0
 11 6505.399179 6.437E-28 6.201E-02.01490.208 2952.39370.60-.022230          0 2 1          0 0 0 16  0 16       16  2 15      46420381839471 052    99.0   99.0
 11 6505.443331 2.893E-27 1.017E-01.07840.391 2251.69520.66-.001230          1 3 0          0 1 0  4  3  1        5  4  2      434223817294713152     9.0   11.0
 11 6505.484859 1.567E-24 1.346E-02.09100.352  842.35660.72-.009000          1 2 0          0 0 0  6  2  5        7  3  4      466621808378713138    39.0   45.0
 11 6505.903920 4.804E-28 1.359E-04.07430.333 1590.69010.70-.008370          2 0 0          0 0 0  7  4  3        8  7  2      434223817260713049    45.0   51.0
 11 6505.921896 2.260E-30 5.456E-03.04690.250 3347.78270.49-.014300          2 0 0          0 0 0 13  6  8       13  9  5      432230817260713049    27.0   27.0
 11 6506.146885 8.041E-30 8.512E-02.04310.333 3530.95750.49-.004670          1 1 1          0 1 0  7  6  1        8  8  0      432230817294713152    15.0   17.0
 11 6506.173752 2.419E-29 8.536E-02.04300.333 3530.95750.49-.004720          1 1 1          0 1 0  7  6  2        8  8  1      434233817294713152    45.0   51.0
 11 6506.331427 3.458E-27 1.677E-03.03380.250 1806.67000.36-.007340          0 4 0          0 0 0 12  3 10       13  0 13      484323818260713049    75.0   81.0
 11 6506.347243 6.729E-30 7.035E-07.07960.333 1411.61150.70-.012840          2 0 0          0 0 0  8  1  8        8  6  3      432230817260713049    51.0   51.0
 11 6506.364740 5.567E-27 2.295E-02.03740.250 2246.88480.36-.025970          1 0 1          0 0 0 12  0 12       13  2 11      434423817294713152    75.0   81.0
 11 6506.394898 5.361E-29 1.684E-01.02940.265 3386.05230.23-.017450          0 3 1          0 1 0 12  1 12       12  1 11      434233817294713152    25.0   25.0
 11 6506.421728 1.632E-28 2.199E-04.02080.250 1806.67150.10-.004100          0 4 0          0 0 0 13  2 12       13  1 13      484233818260713049    27.0   27.0
 11 6506.485536 1.555E-28 1.631E-01.02950.265 3386.37950.23-.017570          0 3 1          0 1 0 12  0 12       12  2 11      434233817294713152    75.0   75.0
 11 6506.563202 4.241E-27 7.114E-02.02600.235 2551.48350.19-.021160          1 2 0          0 0 0 13  2 11       14  3 12      464223818394713152    81.0   87.0
 11 6506.569607 3.859E-30 8.095E-01.00910.172 4331.0884-.19-.020820          0 2 1          0 0 0 18  3 16       19  3 17      362230808394713152    37.0   39.0
 11 6506.610148 8.515E-29 6.950E-05.07410.315 1631.24550.67-.019520          1 0 1          0 0 0  9  0  9        9  6  4      434233817294713152    19.0   19.0
 11 6506.686814 3.717E-27 7.109E-02.09130.391 2126.40760.73-.003940          1 3 0          0 1 0  4  2  2        5  3  3      434323817294713152     9.0   11.0
 11 6506.754491 3.338E-28 6.812E-02.02920.221 3080.17870.23-.006190          1 2 0          0 0 0 14  4 11       15  3 12      464223818394713152    87.0   93.0
 11 6506.893793 1.264E-29 3.484E-02.05480.281 3323.26980.52-.022400          2 1 0          0 1 0 10  0 10       11  3  9      434233817294713152    21.0   23.0
 11 6507.007730 2.154E-26 4.454E-02.06970.281 1843.02960.62-.015824          1 2 0          0 0 0 10  3  7       11  4  8      4643237983947131 8    21.0   23.0
 11 6507.089420 5.921E-27 1.395E-05.08820.412  315.77950.74-.000650          0 4 0          0 0 0  5  3  3        4  2  2      484423818260713049    11.0    9.0
 11 6507.220988 4.084E-25 3.726E-02.08100.333 1131.77560.70-.013000          1 2 0          0 0 0  7  3  5        8  4  4      464523808394713159    15.0   17.0
 11 6507.394166 1.045E-29 2.190E+00.01980.221 4506.73380.08-.019320          0 3 1          0 1 0 14  2 12       15  2 13      434233817294713152    87.0   93.0
 11 6507.545087 4.674E-31 5.425E-03.03920.235 3685.41920.350.000000          2 0 0          0 0 0 14  6  8       14  9  5      4333308387659336 0    29.0   29.0
 11 6507.624174 1.242E-29 8.687E-01.00910.172 4331.0661-.19-.020290          0 2 1          0 0 0 18  2 16       19  2 17      464233818394713152   111.0  117.0
 11 6507.640882 1.531E-27 7.686E-02.02510.235 2550.88250.17-.014040          1 2 0          0 0 0 13  3 11       14  2 12      464323818394713152    27.0   29.0
 11 6507.661908 3.229E-29 2.886E-01.05310.298 3770.71130.52-.009280          1 1 1          0 1 0  9  5  5       10  7  4      434233817294713152    57.0   63.0
 11 6507.740604 4.151E-30 1.223E-01.08390.352 3967.48860.69-.007080          1 4 0          0 2 0  7  1  6        7  2  5      432230817294713152    45.0   45.0
 11 6507.756986 2.791E-30 1.645E-04.07180.371 2399.16540.70-.006590          0 5 0          0 1 0  5  5  1        6  4  2      432230817294713152    11.0   13.0
 11 6507.758017 3.694E-30 8.367E-01.05850.333 4387.06340.48-.013860          1 2 1          1 0 0  7  1  7        8  1  8      432230817294713152    45.0   51.0
 11 6507.779924 1.814E-28 7.305E-05.03480.281 1525.13600.32-.009210          0 4 0          0 0 0 11  3  9       11  2 10      484233818260713049    23.0   23.0
 11 6507.780006 1.492E-30 7.728E+00.10240.434 4804.91280.75-.009540          0 5 1          0 3 0  2  0  2        3  0  3      3322338072947131 9    15.0   21.0
 11 6507.794850 1.558E-27 1.161E-05.08830.352  842.35660.72-.012830          1 2 0          0 0 0  7  0  7        7  3  4      464423818394713152    45.0   45.0
 11 6507.814118 3.823E-29 4.184E+00.05440.315 4263.15040.46-.016290          0 4 1          0 2 0  8  1  7        9  1  8      434233817294713152    51.0   57.0
 11 6507.848928 7.807E-30 8.796E-02.09660.412 3438.57500.73-.005040          1 4 0          0 2 0  4  0  4        4  1  3      432230817294713152     9.0    9.0
 11 6507.877005 1.466E-29 4.184E+00.04370.298 4483.22780.37-.014710          0 4 1          0 2 0  9  2  8       10  2  9      434233817294713152    57.0   63.0
 11 6508.016447 3.266E-29 4.774E-04.03130.235 2551.48350.34-.022180          1 2 0          0 0 0 15  0 15       14  3 12      464233818394713152    93.0   87.0
 11 6508.142360 3.194E-30 7.061E-06.05740.298 1875.46180.65-.020880          0 1 1          0 0 0 11 10  1       10  6  4      462230818394713152    23.0   21.0
 11 6508.273474 7.284E-31 9.613E-01.07180.355 4523.58900.630.000000          1 2 1          1 0 0  7  1  6        8  1  7      5333308387659336 0    15.0   17.0
 11 6508.281911 3.941E-27 3.256E-03.07690.281 1899.00820.70-.017500          0 2 1          0 0 0 11  2 10       11  4  7      464323818394713152    69.0   69.0
 11 6508.383706 5.209E-29 1.159E+00.03470.221 4045.32230.37-.025130          2 0 0          0 0 0 14  8  7       15  9  6      334923807260712249    87.0   93.0
 11 6508.418471 4.718E-27 1.578E-01.09300.371 2282.58950.74-.015530          0 3 1          0 1 0  5  1  4        6  3  3      434323817294713152    11.0   13.0
 11 6508.484406 1.740E-27 5.874E-01.04540.250 2927.07520.43-.024520          1 0 1          0 0 0 12  5  8       13  7  7      434423817294713152    25.0   27.0
 11 6508.517080 3.625E-28 1.171E-05.08570.371  888.63270.72-.008900          1 2 0          0 0 0  6  2  4        6  5  1      464223818394713152    13.0   13.0
 11 6508.541148 5.228E-30 1.023E-04.07010.371 2398.38140.68-.006690          0 5 0          0 1 0  5  5  0        6  4  3      432230817294713152    33.0   39.0
 11 6508.570286 1.300E-30 1.348E+00.02440.281 4769.23280.25-.025020          2 1 0          0 1 0 10  9  2       11 10  1      232230807294713152    63.0   69.0
 11 6508.578000 4.463E-27 1.026E-01.06770.333 2495.16590.57-.022420          1 3 0          0 1 0  7  1  6        8  2  7      434423817294713152    45.0   51.0
 11 6508.631194 9.548E-30 7.020E-06.05660.298 1874.97300.64-.020360          0 1 1          0 0 0 11 10  2       10  6  5      462230818394713152    69.0   63.0
 11 6508.662716 1.741E-29 1.162E+00.03470.221 4045.28510.34-.024920          2 0 0          0 0 0 14  8  6       15  9  7      434233807260713049    29.0   31.0
 11 6508.663018 1.829E-29 1.221E+00.04060.222 4045.28560.360.000000          1 2 0          0 0 0 14  8  6       15  9  7      4633308383659336 0    29.0   31.0
 11 6508.688216 1.075E-29 4.701E-04.02970.235 2550.88250.30-.017230          1 2 0          0 0 0 15  1 15       14  2 12      462230818394713152    31.0   29.0
 11 6508.741015 1.373E-30 8.017E-02.09680.412 3951.31500.74-.009560          2 2 0          1 0 0  3  1  2        4  2  3      332230807294713152    21.0   27.0
 11 6508.820497 2.665E-29 5.192E-03.07600.352 2905.43340.68-.010460          2 1 0          0 1 0  6  3  4        7  6  1      434233817294713152    39.0   45.0
 11 6508.873571 3.207E-30 3.007E-05.06720.265 2205.65280.64-.007730          1 1 0          0 0 0 13  9  5       12  4  8      432230817294713152    27.0   25.0
 11 6509.129234 1.030E-29 2.764E-01.05750.298 3770.72440.56-.001340          1 1 1          0 1 0  9  5  4       10  7  3      434233817294713152    19.0   21.0
 11 6509.199590 3.837E-25 6.041E-02.01400.265 1557.84770.16-.018000          1 2 0          0 0 0 11  0 11       12  1 12      465620818377713138    69.0   75.0
 11 6509.259086 1.015E-28 1.611E-05.08450.352 1216.18980.72-.013770          2 0 0          0 0 0  6  1  5        7  6  2      732230807260713049    13.0   15.0
 11 6509.445015 3.327E-30 2.148E-05.06500.281 2321.90570.65-.024650          2 0 0          0 0 0 11  2  9       11  7  4      432230817260713049    69.0   69.0
 11 6509.588241 4.018E-29 1.708E-01.10450.456 3237.91730.76-.015800          1 4 0          0 2 0  1  0  1        2  1  2      434223817294713152     9.0   15.0
 11 6509.611862 1.123E-29 4.189E-02.09960.456 3316.14520.74-.012090          1 4 0          0 2 0  2  1  2        2  2  1      434233817294713152    15.0   15.0
 11 6509.887129 4.052E-30 1.186E-08.07340.352  586.24350.650.000000          1 2 0          0 0 0  5  0  5        7  0  7     q4222308079917122 0    33.0   45.0
 11 6510.042440 1.091E-25 4.661E-02.07390.315 1474.98080.67-.004000          1 2 0          0 0 0  8  4  4        9  5  5      466523798394713159    17.0   19.0
 11 6510.053014 6.662E-30 5.430E-02.08720.412 3597.86600.70-.012550          1 4 0          0 2 0  4  2  3        4  3  2      432230817294713152    27.0   27.0
 11 6510.092891 5.361E-31 2.972E-02.05200.274 3959.25340.560.000000          0 5 0          0 1 0 11  6  6       12  5  7      4333308387659336 0    23.0   25.0
 11 6510.223001 5.041E-30 4.062E-03.05520.250 3347.78330.56-.005970          2 0 0          0 0 0 13  6  7       13  9  4      432230817260713049    81.0   81.0
 11 6510.229181 1.895E-30 6.638E-02.08400.371 3713.08250.670.002290          1 4 0          0 2 0  5  2  4        6  1  5      432230817294713152    11.0   13.0
 11 6510.355940 1.179E-25 5.570E-02.02680.265 1557.84440.16-.015000          1 2 0          0 0 0 11  1 11       12  0 12      464523798394713159    23.0   25.0
 11 6510.427044 6.992E-30 2.587E+00.04500.235 4382.78010.42-.020150          0 3 1          0 1 0 13  3 10       14  3 11      432230817294713152    27.0   29.0
 11 6510.478925 6.649E-31 4.352E+00.05650.299 4922.09000.560.000000          0 4 1          0 2 0 10  3  8       11  3  9      3333308387659336 0    21.0   23.0
 11 6510.633202 1.432E-29 1.526E-01.09400.412 3375.29790.72-.005470          1 4 0          0 2 0  3  1  3        4  0  4      434223817294713152     7.0    9.0
 11 6510.748983 3.208E-29 1.737E-01.10380.434 3392.74930.76-.019160          0 4 1          0 2 0  2  0  2        3  2  1      434233817294713152    15.0   21.0
 11 6510.763424 2.567E-30 3.186E-01.06120.333 4062.83800.52-.007000          0 4 1          0 2 0  8  1  8        8  1  7      432230817294713152    17.0   17.0
 11 6510.807460 4.987E-27 2.766E-04.08140.333 1255.16680.70-.014600          2 0 0          0 0 0  7  0  7        8  5  4      434323817260713049    45.0   51.0
 11 6510.868112 1.059E-27 2.149E-02.06100.333 2495.16580.52-.014720          1 3 0          0 1 0  8  1  8        8  2  7      434223817294713152    51.0   51.0
 11 6510.890713 8.456E-29 8.685E-03.02870.208 2952.39370.29-.002650          0 4 0          0 0 0 15  3 12       16  2 15      484233818260713049    93.0   99.0
 11 6510.903235 1.948E-29 5.347E-01.03030.315 3752.41610.30-.010220          1 3 0          0 1 0  8  7  1        9  8  2      434233817294713152    17.0   19.0
 11 6510.905812 5.838E-29 5.342E-01.03030.315 3752.41620.30-.010310          1 3 0          0 1 0  8  7  2        9  8  1      434233817294713152    51.0   57.0
 11 6511.068574 6.817E-29 2.931E-04.05800.235 2073.51550.59-.014010          0 1 1          0 0 0 15  4 11       14  0 14      464233818394713152    31.0   29.0
 11 6511.092622 4.679E-28 1.398E-01.04920.250 3127.86190.49-.012450          0 0 2          0 0 0 12  5  8       13  8  5      434223817260713049    75.0   81.0
 11 6511.098424 1.543E-28 3.858E-05.07790.333 1590.69010.70-.017210          1 0 1          0 0 0  8  1  7        8  7  2      734233807294713152    51.0   51.0
 11 6511.099135 9.123E-26 1.209E-03.07600.352  931.23710.68-.015000          0 4 0          0 0 0  6  5  2        7  4  3      486520818277713038    39.0   45.0
 11 6511.178106 1.269E-28 3.508E-05.05890.281 1690.66440.590.008870          0 1 1          0 0 0 12  8  4       11  2  9      464233818394713152    75.0   69.0
 11 6511.240950 1.128E-30 2.810E+00.06910.221 5015.70420.600.007200          0 3 1          0 1 0 14  5  9       15  5 10      432230817294713152    87.0   93.0
 11 6511.315570 3.986E-25 1.086E-02.06200.371 1045.05800.62-.006000          0 2 1          0 0 0  5  4  2        6  6  1      466621818377713138    33.0   39.0
 11 6511.468029 1.331E-25 1.088E-02.06520.371 1045.05830.63-.001000          0 2 1          0 0 0  5  4  1        6  6  0      764523308394713159    11.0   13.0
 11 6511.499116 5.225E-30 3.897E-05.05980.281 2142.59770.61-.028440          0 2 1          0 0 0 12  2 11       11  6  6      462230818394713152    25.0   23.0
 11 6511.519577 1.056E-26 4.393E-03.02960.265 1774.75110.23-.018010          1 2 0          0 0 0 12  1 12       12  2 11      464543818394713152    75.0   75.0
 11 6511.612102 3.978E-29 4.655E-03.04640.235 2739.42860.50-.014790          1 0 1          0 0 0 14  1 14       14  3 11      434233817294713152    29.0   29.0
 11 6512.172458 1.755E-29 4.223E+00.08550.333 4173.22570.70-.001760          0 4 1          0 2 0  7  2  5        8  2  6      434233817294713152    15.0   17.0
 11 6512.176628 1.601E-26 7.838E-04.07370.333 1255.16680.66-.013000          0 2 1          0 0 0  8  1  7        8  5  4      464323308394713159    51.0   51.0
 11 6512.187802 3.089E-30 1.953E+00.02130.221 4507.52260.12-.018010          0 3 1          0 1 0 14  3 12       15  3 13      432230817294713152    29.0   31.0
 11 6512.343605 1.886E-28 4.190E-07.09290.412  488.10770.73-.013800          1 2 0          0 0 0  4  1  4        4  4  1      462230818394713152    27.0   27.0
 11 6512.365770 1.274E-28 2.076E-01.04520.235 3266.51430.640.000630          1 0 1          0 0 0 13  5  8       14  7  7      434233817265713152    27.0   29.0
 11 6512.499141 1.153E-30 6.853E+00.09320.412 4902.13030.72-.008000          0 5 1          0 3 0  3  1  3        4  1  4      4322338172947131 9    21.0   27.0
 11 6512.813600 5.560E-27 6.867E-04.02400.281 1524.84790.12-.004890          0 4 0          0 0 0 12  2 11       11  1 10      484523818260713049    75.0   69.0
 11 6512.861890 3.769E-29 8.614E-01.06190.221 3824.49940.58-.008770          0 0 2          0 0 0 14  5  9       15  8  8      434233817260713049    29.0   31.0
 11 6512.992608 1.445E-26 6.626E-02.02210.250 2042.37410.09-.023000          1 2 0          0 0 0 12  1 11       13  2 12      464323808394713159    25.0   27.0
 11 6513.435810 8.324E-27 4.683E-01.04500.281 2522.26160.46-.012450          1 0 1          0 0 0 10  6  5       11  8  4      434423817294713152    21.0   23.0
 11 6513.481734 2.769E-30 8.763E-01.09060.352 4426.06640.72-.001720          1 2 1          1 0 0  6  2  4        7  2  5      432230807294713152    39.0   45.0
 11 6513.506400 1.792E-25 3.833E-02.07000.298 1581.33600.660.002000          1 2 0          0 0 0  9  3  6       10  4  7      466621818377713138    57.0   63.0
 11 6513.519916 2.441E-26 4.578E-01.04580.281 2522.26510.46-.011430          1 0 1          0 0 0 10  6  4       11  8  3      464223817294713152    63.0   69.0
 11 6513.751836 1.661E-28 4.548E-01.01890.250 3583.37430.41-.012888          0 4 0          0 0 0 12 -4 -4       13 10  3      4842238082297122 9    75.0   81.0
 11 6513.753224 6.917E-28 1.894E+00.03330.250 3583.37460.350.000000          2 0 0          0 0 0 12  9  4       13 10  3      3333308387659336 0    75.0   81.0
 11 6513.758446 2.353E-28 1.933E+00.02930.250 3583.37420.30-.019980          2 0 0          0 0 0 12  9  3       13 10  4      444233813260713049    25.0   27.0
 11 6513.966067 1.321E-24 3.274E-02.08220.352 1059.83550.71-.004700          0 2 1          0 0 0  6  3  3        7  5  2      465623808394713159    39.0   45.0
 11 6514.077094 3.734E-29 6.291E-07.07090.315 1079.07960.680.001310          1 1 0          0 0 0 10  8  3        9  1  8      432230817294713152    63.0   57.0
 11 6514.163812 1.504E-28 2.157E+00.01780.235 3939.83180.01-.018790          0 3 1          0 1 0 13  2 12       14  2 13      434233817294713152    81.0   87.0
 11 6514.185650 1.259E-26 1.348E-01.05870.333 2337.66680.48-.014140          1 3 0          0 1 0  7  0  7        8  1  8      464323817294713152    45.0   51.0
 11 6514.258197 1.862E-30 3.652E-02.08940.434 3500.51060.71-.008460          1 4 0          0 2 0  3  2  2        3  3  1      432230817294713152     7.0    7.0
 11 6514.347118 3.725E-28 2.217E-02.06130.333 2490.35400.52-.007310          1 3 0          0 1 0  8  0  8        8  1  7      434223817294713152    17.0   17.0
 11 6514.354619 3.919E-30 1.075E-04.05230.250 2426.19650.56-.023020          2 0 0          0 0 0 13  1 13       13  4 10      432230817260713049    27.0   27.0
 11 6514.450913 7.017E-30 5.129E-03.06290.235 3101.44300.70-.028510          0 0 2          0 0 0 13  3 11       14  6  8      432230817254713049    27.0   29.0
 11 6514.491398 9.417E-30 4.296E-01.06140.208 4206.33240.59-.023600          0 0 2          0 0 0 15  5 10       16  8  9      432230817260713049    93.0   99.0
 11 6514.554241 5.365E-29 8.207E-04.06330.298 2254.28440.63-.011950          1 0 1          0 0 0 10  4  7       10  8  2      434233817294713152    21.0   21.0
 11 6514.581880 3.920E-31 1.406E-04.05090.236 2983.39640.480.000000          0 2 1          0 0 0 15  1 14       14  5  9      3633308383659336 0    31.0   29.0
 11 6514.643326 1.293E-26 5.060E-04.06320.352  927.74390.62-.004790          0 4 0          0 0 0  6  5  1        7  4  4      484223818260713049    13.0   15.0
 11 6514.737619 8.272E-25 3.237E-02.07830.352  927.74390.66-.016000          0 2 1          0 0 0  6  2  5        7  4  4      464623808394713159    13.0   15.0
 11 6514.833555 8.674E-28 1.145E-04.06700.333 1255.91160.67-.015040          0 4 0          0 0 0  9  4  6        8  5  3      484223818260713049    19.0   17.0
 11 6514.839393 3.984E-30 9.659E-04.08440.352 2724.04140.70-.018220          1 1 1          0 1 0  6  1  6        7  5  3      432230817294713152    13.0   15.0
 11 6515.008680 8.069E-30 1.203E-04.07380.265 2300.68500.72-.023890          1 2 0          0 0 0 13  2 12       12  5  7      462230818394713152    27.0   25.0
 11 6515.024967 1.624E-29 3.792E-07.07380.315  920.21000.680.001890          0 1 1          0 0 0 10  7  4        9  1  9      462230818394713152    21.0   19.0
 11 6515.032960 1.981E-27 1.028E-01.05270.315 2688.07990.45-.009800          1 3 0          0 1 0  8  2  7        9  1  8      434423817294713152    51.0   57.0
 11 6515.044355 2.562E-29 5.443E-04.07020.281 2321.81300.68-.023360          0 0 2          0 0 0 10  2  8       11  7  5      434233817260713049    21.0   23.0
 11 6515.127159 1.623E-29 3.058E-03.04980.265 3032.68980.53-.011920          2 0 0          0 0 0 12  6  7       12  9  4      434233817260713049    75.0   75.0
 11 6515.148395 1.121E-30 3.877E-02.05000.195 4174.28700.520.004990          1 0 1          0 0 0 17  3 15       17  5 12      432230817294713152   105.0  105.0
 11 6515.278464 2.156E-30 6.484E-04.08860.371 2733.96290.74-.010370          1 1 1          0 1 0  5  2  3        6  6  0      432230817294713152    11.0   13.0
 11 6515.355875 1.984E-30 8.849E-01.06210.333 4525.96410.52-.012190          1 2 1          1 0 0  7  2  6        8  2  7      332230807294713152    45.0   51.0
 11 6515.441550 4.696E-30 2.655E-03.05470.265 3032.69040.57-.007570          2 0 0          0 0 0 12  6  6       12  9  3      432230817260713049    25.0   25.0
 11 6515.713191 1.106E-30 7.395E+00.10350.434 4856.91720.75-.002420          0 5 1          0 3 0  2  1  1        3  1  2      4322338172947131 9    15.0   21.0
 11 6515.788287 1.809E-30 2.701E-04.05320.352 2905.43340.58-.002610          0 5 0          0 1 0  8  5  4        7  6  1      332230807294713152    51.0   45.0
 11 6515.791119 1.696E-30 8.466E-02.10340.456 3849.38530.76-.014670          2 2 0          0 0 1  2  1  2        2  1  1      332230807294713152    15.0   15.0
 11 6515.875854 1.697E-30 1.369E-02.03910.207 3623.76500.380.000000          1 2 0          0 0 0 15  5 11       16  4 12      1633308383659336 0    31.0   33.0
 11 6515.991344 2.002E-29 1.770E-02.05510.281 3314.85560.51-.017260          2 1 0          0 1 0 10  1 10       11  2  9      434233817294713152    63.0   69.0
 11 6516.166612 4.182E-30 6.012E-05.06220.250 2533.79320.590.006830          1 1 0          0 0 0 14  9  6       13  4  9      432230817294713152    87.0   81.0
 11 6516.203090 1.208E-29 6.563E-01.05040.208 4016.13440.50-.029270          2 0 0          0 0 0 15  6 10       16  7  9      434233817260713049    31.0   33.0
 11 6516.204851 4.584E-29 1.973E+00.01780.235 3939.74650.01-.018760          0 3 1          0 1 0 13  1 12       14  1 13      434233817294713152    27.0   29.0
 11 6516.277120 5.629E-26 6.349E-02.04400.265 1962.50690.48-.026000          2 0 0          0 0 0 11  0 11       12  3 10      467621817277713038    69.0   75.0
 11 6516.419575 4.137E-27 1.328E-01.05860.333 2337.46320.48-.014040          1 3 0          0 1 0  7  1  7        8  0  8      434323817294713152    15.0   17.0
 11 6516.561227 5.600E-27 6.995E-03.02950.265 1774.61630.23-.017850          1 2 0          0 0 0 12  0 12       12  1 11      464323818394713152    25.0   25.0
 11 6516.812358 7.260E-29 8.470E-05.07770.298 1724.70540.72-.034290          1 2 0          0 0 0 10  2  8       10  5  5      464233818394713152    21.0   21.0
 11 6517.126040 5.757E-27 7.425E-03.07750.298 1724.70540.71-.020450          2 0 0          0 0 0  9  2  8       10  5  5      434323817260713049    19.0   21.0
 11 6517.202249 1.018E-29 3.686E-03.02830.208 3211.21270.32-.028540          0 0 2          0 0 0 15  0 15       16  3 14      432230817260713049    93.0   99.0
 11 6517.257450 5.311E-26 3.968E-04.08700.352  842.35660.72-.013000          0 4 0          0 0 0  7  4  3        7  3  4      485521818277713038    45.0   45.0
 11 6517.282936 1.112E-27 2.390E-05.08290.352 1059.83550.70-.013650          1 2 0          0 0 0  7  2  5        7  5  2      464223818394713152    45.0   45.0
 11 6517.360622 3.356E-30 3.643E-03.02820.208 3211.05480.31-.028550          0 0 2          0 0 0 15  1 15       16  2 14      432230817260713049    31.0   33.0
 11 6517.590903 1.727E-29 1.505E-03.04090.235 2918.24490.41-.005100          0 1 1          0 0 0 15  9  7       14  5 10      464233818394713152    93.0   87.0
 11 6517.764343 9.468E-28 4.154E-05.07500.333 1255.16680.67-.015410          0 2 1          0 0 0  9  1  9        8  5  4      464223818394713152    57.0   51.0
 11 6517.775913 1.798E-30 1.336E-03.03670.281 3314.85560.33-.002620          0 5 0          0 1 0 12  3 10       11  2  9      332230807294713152    75.0   69.0
 11 6517.777356 5.224E-30 3.421E-02.09220.434 3500.63860.73-.004510          1 4 0          0 2 0  3  2  1        3  3  0      432230817294713152    21.0   21.0
 11 6517.832868 1.870E-29 1.026E-06.06970.298 1114.53230.670.001740          1 1 0          0 0 0 11  7  5       10  0 10      432230817294713152    23.0   21.0
 11 6517.840400 1.243E-29 1.793E-02.04150.221 3269.53880.46-.039450          1 0 1          0 0 0 15  1 14       15  5 11      434233817294713152    31.0   31.0
 11 6518.020525 1.107E-30 6.488E-04.08290.352 2905.43060.73-.008290          2 1 0          0 1 0  6  3  3        7  6  2      432230817294713152    13.0   15.0
 11 6518.169725 6.135E-30 3.582E-01.02650.221 4243.10960.27-.006430          0 5 0          0 1 0 14  4 11       15  1 14      232230807294713152    87.0   93.0
 11 6518.292770 9.532E-27 4.342E-02.09390.412 2004.81570.73-.015700          0 3 1          0 1 0  3  1  3        4  3  2      434523817294713152    21.0   27.0
 11 6518.331954 1.281E-29 4.316E+00.08790.315 4493.80440.72-.000680          0 4 1          0 2 0  8  3  5        9  3  6      434233817294713152    51.0   57.0
 11 6518.436177 3.920E-30 2.854E-08.07590.333  885.60020.70-.000210          0 1 1          0 0 0  9  8  2        8  2  7      462230818394713152    57.0   51.0
 11 6518.563473 4.499E-30 1.190E+00.02500.298 4240.94220.24-.014140          1 3 0          0 1 0  9  8  2       10  9  1      432230817294713152    19.0   21.0
 11 6518.563527 1.350E-29 1.191E+00.02500.298 4240.94220.24-.014130          1 3 0          0 1 0  9  8  1       10  9  2      432230817294713152    57.0   63.0
 11 6518.672190 1.770E-26 5.927E-02.04750.265 1960.20740.46-.008000          2 0 0          0 0 0 11  1 11       12  2 10      464423797260713059    23.0   25.0
 11 6518.885128 2.645E-27 8.945E-02.07980.352 2318.53980.66-.018200          1 3 0          0 1 0  6  1  5        7  2  6      434223817294713152    13.0   15.0
 11 6518.887548 7.788E-30 6.379E-07.09080.371 1045.05830.73-.015340          1 0 1          0 0 0  5  0  5        6  6  0      432230817294713152    11.0   13.0
 11 6519.015698 1.014E-24 8.290E-02.08640.315 1360.23530.73-.011500          0 2 1          0 0 0  8  2  6        9  4  5      464623308394713159    51.0   57.0
 11 6519.048409 1.676E-28 2.937E-03.07310.265 2300.68500.74-.010500          0 4 0          0 0 0 11  6  6       12  5  7      484233818260713049    23.0   25.0
 11 6519.294501 1.180E-26 1.014E-04.09670.412  488.13420.740.000000          0 2 1          0 0 0  3  0  3        4  4  0      464323308394713159     7.0    9.0
 11 6519.362702 2.248E-30 5.536E-02.09280.412 3598.72690.73-.005000          1 4 0          0 2 0  4  2  2        4  3  1      432230817294713152     9.0    9.0
 11 6519.498632 1.436E-30 7.598E-06.05280.235 2327.91400.600.005730          0 1 1          0 0 0 14  8  6       14  2 13      462230808394713152    87.0   87.0
 11 6519.726170 6.636E-31 3.583E-02.04040.195 4027.50600.320.000000          0 0 2          0 0 0 16  2 14       17  5 13      4333308387659336 0    33.0   35.0
 11 6519.934771 3.016E-29 4.254E+00.06630.333 4062.83800.55-.015780          0 4 1          0 2 0  7  1  6        8  1  7      434233817294713152    15.0   17.0
 11 6520.087217 1.408E-30 3.442E-02.04900.298 3997.50830.52-.005000          0 3 1          0 1 0 10  6  4       10  8  3      332230807294713152    63.0   63.0
 11 6520.172589 1.058E-29 4.191E-05.05330.250 2042.37410.570.013850          1 1 0          0 0 0 14  7  7       13  2 12      432230817294713152    29.0   27.0
 11 6520.278090 8.555E-27 9.549E-02.05970.265 2433.80040.72-.026650          2 0 0          0 0 0 11  3  8       12  6  7      434423817265713049    69.0   75.0
 11 6520.286326 3.043E-30 1.281E-01.09020.371 3784.67910.72-.009310          1 4 0          0 2 0  6  1  5        6  2  4      432230817294713152    13.0   13.0
 11 6520.358058 1.625E-29 4.609E-04.07610.333 2337.46320.670.005450          0 5 0          0 1 0  8  3  5        8  0  8      434233817294713152    17.0   17.0
 11 6520.469653 1.763E-27 7.742E-05.05800.333 1255.16680.57-.003310          0 4 0          0 0 0  9  4  5        8  5  4      484223818260713049    57.0   51.0
 11 6520.479317 7.662E-27 1.109E-05.08680.391  399.45750.730.003520          0 4 0          0 0 0  4  4  1        5  1  4      484523818260713049    27.0   33.0
 11 6520.511370 1.187E-30 3.158E-04.06150.315 2841.43070.57-.017850          1 3 0          0 1 0 10  0 10        9  3  7      432230817294713152    21.0   19.0
 11 6520.875742 2.052E-30 5.589E-02.05020.281 4038.40340.49-.012110          0 3 1          0 1 0 11  5  7       11  7  4      432230817294713152    69.0   69.0
 11 6520.877124 1.282E-26 4.356E-04.08060.352  927.74390.68-.018999          0 2 1          0 0 0  7  0  7        7  4  4      464320808394713146    15.0   15.0
 11 6521.116826 1.176E-29 4.446E-02.07060.298 3387.40060.66-.033680          0 3 1          0 1 0 10  3  8       10  5  5      434233817294713152    21.0   21.0
 11 6521.216365 5.292E-29 2.564E+00.07390.250 4174.03860.640.005410          0 3 1          0 1 0 12  4  8       13  4  9      434233817294713152    75.0   81.0
 11 6521.310160 1.677E-26 1.996E-03.07530.333 1411.61150.67-.021420          1 0 1          0 0 0  7  2  6        8  6  3      4644237972947131 8    45.0   51.0
 11 6521.402575 3.363E-27 2.566E-03.08300.298 1616.45310.71-.017790          1 0 1          0 0 0  9  0  9       10  4  6      434223817294713152    19.0   21.0
 11 6521.403714 6.201E-27 8.527E-02.08960.412 2005.91690.71-.010580          1 3 0          0 1 0  3  2  2        4  3  1      434223817294713152     7.0    9.0
 11 6521.469801 3.911E-30 2.903E-02.04730.265 3770.87890.45-.036750          1 1 1          0 1 0 11  2 10       12  4  9      432230817294713152    69.0   75.0
 11 6521.702411 4.080E-31 1.324E-01.07430.352 4259.87640.650.000000          1 4 0          0 2 0  8  2  6        8  3  5      4333308387659336 0    17.0   17.0
 11 6521.712421 8.756E-28 1.104E-06.08660.391  446.51070.73-.002790          0 4 0          0 0 0  6  3  4        5  2  3      484223818260713049    39.0   33.0
 11 6522.000868 1.529E-29 2.154E+00.02510.235 4183.38900.17-.017840          0 3 1          0 1 0 13  2 11       14  2 12      434233817294713152    27.0   29.0
 11 6522.042560 5.305E-27 6.630E-02.03360.250 2248.06450.29-.024400          1 2 0          0 0 0 12  2 10       13  3 11      464323818394713152    25.0   27.0
 11 6522.133700 5.064E-29 4.096E-02.04230.281 3314.85560.38-.007530          1 3 0          0 1 0 11  1 10       11  2  9      434243817294713152    69.0   69.0
 11 6522.175500 9.863E-29 2.652E+00.05460.250 4052.81090.49-.012220          0 3 1          0 1 0 12  3  9       13  3 10      434233817294713152    75.0   81.0
 11 6522.175922 6.177E-30 7.587E-02.09260.391 3722.73100.74-.006400          1 4 0          0 2 0  5  2  3        5  3  2      432230817294713152    33.0   33.0
 11 6522.195557 7.298E-29 6.164E-02.05780.298 3058.39840.510.008680          1 3 0          0 1 0  9  3  7       10  2  8      434243817294713152    19.0   21.0
 11 6522.289825 2.927E-29 1.451E-03.05470.281 2740.42090.58-.008820          2 0 0          0 0 0 11  6  5       11  9  2      434233817260713049    69.0   69.0
 11 6522.292272 7.724E-31 6.313E-02.05630.288 4038.35150.570.000000          0 3 1          0 1 0 11  5  6       11  7  5      5333308387659336 0    23.0   23.0
 11 6522.374402 1.476E-28 1.030E-02.01970.221 2872.27430.10-.021010          1 2 0          0 0 0 15  1 14       15  2 13      464233818394713152    93.0   93.0
 11 6522.416646 7.849E-31 1.219E-01.08600.425 3977.45640.670.000000          2 2 0          1 0 0  4  0  4        5  1  5      4333308387659336 0     9.0   11.0
 11 6522.579028 1.464E-30 1.249E+00.05560.183 4833.20780.52-.013850          2 0 0          0 0 0 17  6 11       18  7 12      432230817260713049   105.0  111.0
 11 6522.639318 1.107E-29 5.563E-03.01830.195 3291.14850.630.001690          0 1 1          0 0 0 16  9  7       17  1 16      464233818365713152    99.0  105.0
 11 6522.655550 4.751E-28 7.163E-01.00990.195 3291.1503-.19-.016760          0 2 1          0 0 0 16  2 15       17  2 16      464223818394713152    33.0   35.0
 11 6522.957960 2.193E-26 1.204E-01.03200.315 2225.46920.42-.006000          1 0 1          0 0 0  8  7  1        9  9  0      464320817277713138    51.0   57.0
 11 6522.960068 7.316E-27 1.205E-01.03490.315 2225.46910.42-.005710          1 0 1          0 0 0  8  7  2        9  9  1      434223817294713152    17.0   19.0
 11 6523.143957 3.488E-30 1.222E-05.08890.412 1817.45110.710.004980          0 5 0          0 1 0  5  3  3        4  0  4      432230817294713152    11.0    9.0
 11 6523.171419 1.557E-25 3.480E-02.07700.315 1340.88490.700.002000          1 2 0          0 0 0  8  3  5        9  4  6      466620818377713138    17.0   19.0
 11 6523.207122 1.307E-27 6.362E-02.05230.298 2471.25500.57-.010710          0 0 2          0 0 0  9  6  4       10  9  1      434223817260713049    19.0   21.0
 11 6523.237456 6.332E-29 4.102E-03.05230.250 2586.52970.57-.010150          0 4 0          0 0 0 12  6  6       13  5  9      484233818260713049    25.0   27.0
 11 6523.257979 6.353E-28 1.915E-01.04070.371 2733.96290.41-.011360          1 3 0          0 1 0  5  5  1        6  6  0      434223817294713152    11.0   13.0
 11 6523.273960 1.916E-27 1.925E-01.04080.371 2733.96260.41-.011250          1 3 0          0 1 0  5  5  0        6  6  1      434223817294713152    33.0   39.0
 11 6523.302767 5.877E-27 1.467E-01.05440.391 2406.14300.51-.007830          1 3 0          0 1 0  4  4  1        5  5  0      434723817294713152    27.0   33.0
 11 6523.302829 6.496E-29 4.053E+00.05850.333 3894.79890.48-.013750          0 4 1          0 2 0  7  0  7        8  0  8      434233817294713152    15.0   17.0
 11 6523.310171 1.960E-27 1.468E-01.05460.391 2406.14080.52-.007320          1 3 0          0 1 0  4  4  0        5  5  1      434223817294713152     9.0   11.0
 11 6523.387838 5.881E-30 5.911E-02.05460.281 3833.14430.52-.030020          0 3 1          0 1 0 11  4  8       11  6  5      432230817294713152    69.0   69.0
 11 6523.433926 3.879E-27 6.294E-02.05170.298 2471.25500.57-.011400          0 0 2          0 0 0  9  6  3       10  9  2      434323817260713049    57.0   63.0
 11 6523.494327 2.089E-30 1.717E-02.05020.315 3752.41620.55-.002800          0 3 1          0 1 0  9  6  4        9  8  1      432230807294713152    57.0   57.0
 11 6523.501906 2.601E-28 3.847E-05.08050.333 1255.91160.70-.022030          1 2 0          0 0 0  8  2  6        8  5  3      462230818394713152    17.0   17.0
 11 6523.633552 1.150E-28 3.611E-03.06310.265 2437.50190.64-.038770          1 0 1          0 0 0 12  2 11       12  6  6      434233817294713152    25.0   25.0
 11 6523.640035 5.582E-30 4.537E-02.06370.298 3770.71130.630.004390          0 3 1          0 1 0 10  5  5       10  7  4      432230817294713152    63.0   63.0
 11 6523.645023 1.454E-30 5.040E-04.07870.333 3101.12370.69-.005660          1 3 0          0 1 0  9  3  6        8  6  3      332230807294713152    57.0   51.0
 11 6523.697800 1.506E-27 7.570E-01.00990.195 3291.1485-.19-.019410          0 2 1          0 0 0 16  1 15       17  1 16      464323818394713152    99.0  105.0
 11 6523.724750 6.351E-30 4.220E-02.03940.208 3822.24590.44-.040000          1 0 1          0 0 0 16  2 14       16  6 11      432230817294713152    99.0   99.0
 11 6523.753865 1.299E-30 3.328E-05.04760.253 2426.19650.510.000000          0 3 0          0 0 0 14  9  5       13  4 10      4333308387659336 0    29.0   27.0
 11 6523.860234 1.661E-30 4.050E-02.05320.298 3770.72440.53-.007340          0 3 1          0 1 0 10  5  6       10  7  3      432230817294713152    21.0   21.0
 11 6523.890041 5.498E-29 1.154E-02.01930.221 2872.58050.10-.019700          1 2 0          0 0 0 15  2 14       15  3 13      464233818394713152    31.0   31.0
 11 6523.933985 4.775E-30 2.971E-01.07010.352 3894.16770.58-.014840          0 4 1          0 2 0  7  0  7        7  2  6      432230817294713152    15.0   15.0
 11 6523.937074 4.518E-30 9.835E-01.07910.352 4348.41470.64-.010150          1 2 1          1 0 0  6  1  5        7  1  6      432230817294713152    39.0   45.0
 11 6524.029491 9.239E-30 1.022E-04.07760.265 2205.65280.69-.012790          0 0 2          0 0 0 11  1 11       12  4  8      432230817260713049    23.0   25.0
 11 6524.046738 1.066E-29 1.586E-03.05210.281 2740.42090.56-.010660          2 0 0          0 0 0 11  6  6       11  9  3      434233817260713049    23.0   23.0
 11 6524.057266 2.977E-26 2.181E-05.07960.412  300.36230.67-.001688          0 4 0          0 0 0  5  3  2        4  2  3      4845238082607130 8    33.0   27.0
 11 6524.121579 3.946E-30 3.685E-04.04960.235 2918.24490.54-.028250          2 0 0          0 0 0 14  2 13       14  5 10      432230817260713049    87.0   87.0
 11 6524.136900 1.940E-26 1.245E-01.04430.298 2054.36870.43-.010000          1 2 0          0 0 0  9  6  4       10  7  3      464223798394713159    19.0   21.0
 11 6524.232050 5.777E-26 1.236E-01.04460.298 2054.34520.44-.013880          1 2 0          0 0 0  9  6  3       10  7  4      4644237983947131 9    57.0   63.0
 11 6524.305250 8.562E-30 1.164E-01.07200.281 3650.50900.68-.028950          2 1 0          0 1 0 10  2  8       11  5  7      432230817294713152    21.0   23.0
 11 6524.328322 2.874E-27 2.641E-04.04380.298 1446.12830.38-.004110          0 4 0          0 0 0 11  2  9       10  3  8      484223818260713049    69.0   63.0
 11 6524.333290 4.321E-28 5.593E-05.07940.315 1477.29740.72-.029370          1 2 0          0 0 0  9  2  7        9  5  4      464223818394713152    57.0   57.0
 11 6524.385819 1.097E-30 3.189E-07.07790.352 1394.81420.71-.008200          0 2 1          0 0 0  8  3  6        7  7  1      762230808394713152    17.0   15.0
 11 6524.644891 4.018E-30 1.086E+00.01450.172 4608.22330.60-.021190          0 2 1          0 0 0 18  3 15       19  3 16      46220081839471 052   111.0  117.0
 11 6524.710679 1.695E-29 3.994E-03.08420.315 2998.76630.71-.018550          1 1 1          0 1 0  8  0  8        9  4  5      434233817294713152    51.0   57.0
 11 6524.808020 2.487E-25 7.610E-02.05400.315 1631.38300.51-.017000          1 2 0          0 0 0  8  5  4        9  6  3      466621818377713138    51.0   57.0
 11 6524.853454 1.507E-30 9.800E-02.09190.371 3873.79370.74-.009840          1 4 0          0 2 0  6  2  4        6  3  3      432230817294713152    13.0   13.0
 11 6524.900259 2.428E-30 1.588E-06.07780.315 1810.58790.70-.012170          0 0 2          0 0 0  9  0  9        9  7  2      432230817260713049    57.0   57.0
 11 6524.947456 1.507E-30 1.332E+00.02420.172 4851.82140.20-.019580          0 2 1          0 0 0 18  4 14       19  4 15      362230808394713152   111.0  117.0
 11 6525.279600 3.537E-30 2.911E-02.05930.315 3526.62480.590.000340          0 3 1          0 1 0  9  5  4        9  7  3      432230817294713152    19.0   19.0
 11 6525.331826 2.646E-30 1.187E-01.09060.352 4052.83700.73-.012240          1 4 0          0 2 0  7  2  5        7  3  4      432230817294713152    45.0   45.0
 11 6525.493800 5.673E-27 2.008E+00.02670.265 3144.57870.15-.016330          0 3 1          0 1 0 11  1 11       12  1 12      434323817294713152    69.0   75.0
 11 6525.577632 1.891E-27 2.008E+00.02670.265 3144.56920.15-.016310          0 3 1          0 1 0 11  0 11       12  0 12      434223817294713152    23.0   25.0
 11 6525.607929 8.089E-26 7.422E-02.05450.315 1631.24550.52-.016000          1 2 0          0 0 0  8  5  3        9  6  4      464723808394713159    17.0   19.0
 11 6525.629478 3.610E-29 1.057E-01.10150.434 3334.62650.75-.008350          1 4 0          0 2 0  3  0  3        3  1  2      434233817294713152    21.0   21.0
 11 6525.673000 4.677E-30 1.619E+00.06240.195 4409.34470.60-.004800          2 0 0          0 0 0 16  6 10       17  7 11      432230817260713049    33.0   35.0
 11 6525.697980 1.651E-27 2.467E-01.06000.298 2701.88850.57-.018156          1 2 0          0 0 0  9  9  1       10 10  0      4642238183917122 7    19.0   21.0
 11 6525.697980 4.951E-27 2.467E-01.06000.298 2701.88850.57-.022588          1 2 0          0 0 0  9  9  0       10 10  1      4642238183917122 7    57.0   63.0
 11 6525.782947 1.244E-29 4.210E+00.05290.315 4268.24080.45-.014160          0 4 1          0 2 0  8  2  7        9  2  8      434233817294713152    17.0   19.0
 11 6525.789100 1.942E-28 4.051E+00.05850.333 3895.25290.48-.013860          0 4 1          0 2 0  7  1  7        8  1  8      434233817294713152    45.0   51.0
 11 6525.815746 3.761E-30 2.450E-04.05950.265 2813.51210.63-.021050          0 0 2          0 0 0 12  3 10       12  8  5      432230817260713049    75.0   75.0
 11 6525.828212 1.570E-29 1.363E-04.05570.250 2414.72340.56-.014280          2 0 0          0 0 0 13  0 13       13  3 10      434233817260713049    81.0   81.0
 11 6525.851213 2.199E-28 1.686E+00.03820.221 3824.99780.37-.026350          2 0 0          0 0 0 14  7  8       15  8  7      434233817260713049    87.0   93.0
 11 6525.852100 3.167E-29 6.034E-01.05680.265 3738.54320.510.017420          1 3 0          0 1 0 11  4  8       12  3  9      434223817294713152    23.0   25.0
 11 6525.911389 1.973E-26 7.476E-05.07800.371  446.69660.69-.002692          0 4 0          0 0 0  6  3  3        6  0  6      4846238082777130 8    13.0   13.0
 11 6525.922688 1.557E-28 2.683E-04.06850.315 2009.80510.67-.008680          1 0 1          0 0 0  9  4  6        9  8  1      434233817294713152    57.0   57.0
 11 6526.116200 2.101E-29 7.733E-01.06060.195 4174.28700.540.001990          0 2 1          0 0 0 16  5 11       17  5 12      464233818394713152    99.0  105.0
 11 6526.319659 1.212E-30 9.627E-01.06730.333 4643.99910.57-.009130          1 2 1          1 0 0  7  3  5        8  3  6      432230817294713152    45.0   51.0
 11 6526.335588 9.732E-30 2.671E-02.05580.315 3526.62740.56-.005360          0 3 1          0 1 0  9  5  5        9  7  2      432230817294713152    57.0   57.0
 11 6526.403744 6.778E-29 7.863E-05.05460.265 1774.61630.570.010400          0 1 1          0 0 0 13  7  6       12  1 11      464233818394713152    27.0   25.0
 11 6526.610060 3.133E-27 1.721E+00.01790.281 3216.19310.21-.029250          2 0 0          0 0 0 10 10  1       11 11  0      434823817260713049    63.0   69.0
 11 6526.610260 1.044E-27 1.720E+00.01790.281 3216.19310.21-.029250          2 0 0          0 0 0 10 10  0       11 11  1      434223817260713049    21.0   23.0
 11 6526.687912 2.325E-30 7.285E-03.05360.333 3530.95750.610.001600          0 3 1          0 1 0  8  6  2        8  8  1      432230807294713152    51.0   51.0
 11 6526.859819 3.895E-26 4.195E-04.08800.371  661.54890.72-.011000          0 4 0          0 0 0  6  4  2        6  3  3      486520818277713038    13.0   13.0
 11 6527.136807 1.480E-29 1.556E-02.05940.333 3306.29520.60-.001530          0 3 1          0 1 0  8  5  3        8  7  2      434233817294713152    51.0   51.0
 11 6527.171256 1.026E-30 1.481E+00.04020.250 4871.97880.39-.020860          2 1 0          0 1 0 12  7  6       13  8  5      232230807294713152    75.0   81.0
 11 6527.273855 1.609E-26 6.675E-02.03110.250 2246.88480.25-.013444          1 2 0          0 0 0 12  3 10       13  2 11      4643238083947131 8    75.0   81.0
 11 6527.307110 1.539E-26 7.030E-02.09120.412 2004.81570.72-.006288          1 3 0          0 1 0  3  2  1        4  3  2      4644237972947131 7    21.0   27.0
 11 6527.421675 4.231E-31 2.180E-03.01840.193 3567.25480.270.000000          0 2 1          0 0 0 18  1 18       17  3 15      4633308383659336 0    37.0   35.0
 11 6527.430741 5.262E-30 3.741E+00.05230.298 4669.73570.46-.010020          0 4 1          0 2 0  9  3  7       10  3  8      432230817294713152    57.0   63.0
 11 6527.435090 5.264E-30 5.954E-02.10170.456 3317.21060.75-.008130          1 4 0          0 2 0  2  1  1        2  2  0      432230817294713152     5.0    5.0
 11 6527.506724 1.253E-30 2.152E-03.02000.195 3567.17380.20-.022350          0 2 1          0 0 0 18  0 18       17  2 15      362230808394713152   111.0  105.0
 11 6527.711461 1.135E-26 2.137E-01.03700.281 2522.26510.38-.011500          1 2 0          0 0 0 10  7  4       11  8  3      464623818394713152    63.0   69.0
 11 6527.722428 3.789E-27 2.141E-01.03700.281 2522.26130.38-.011440          1 2 0          0 0 0 10  7  3       11  8  4      464223818394713152    21.0   23.0
 11 6527.725038 2.032E-30 1.048E-01.08720.391 3976.30810.68-.007970          2 2 0          1 0 0  4  1  4        5  0  5      332230807294713152    27.0   33.0
 11 6527.732922 1.682E-25 2.890E-04.09620.412  382.51690.74-.015000          1 2 0          0 0 0  3  0  3        4  3  2      464723308394713159    21.0   27.0
 11 6527.822330 8.352E-27 1.282E-02.04050.250 2042.31060.44-.009380          0 4 0          0 0 0 12  4  9       13  1 12      484323818260713049    75.0   81.0
 11 6527.825309 1.266E-30 2.458E-01.10610.480 3796.98160.76-.014270          2 2 0          0 0 1  1  1  1        1  1  0      432230817294713152     3.0    3.0
 11 6528.007113 6.429E-29 5.896E-01.00280.250 3831.17910.19-.016500          1 2 0          0 0 0 12 10  3       13 11  2      462230818365713152    75.0   81.0
 11 6528.007145 2.142E-29 5.895E-01.02090.250 3831.17910.19-.016500          1 2 0          0 0 0 12 10  2       13 11  3      462230818394713152    25.0   27.0
 11 6528.088504 1.089E-28 2.556E-02.08150.333 2771.69000.71-.018230          0 3 1          0 1 0  8  2  7        8  4  4      434233817294713152    17.0   17.0
 11 6528.093969 9.604E-30 3.015E-01.10550.480 3196.09340.75-.015600          1 4 0          0 2 0  0  0  0        1  1  1      432230817294713152     1.0    3.0
 11 6528.094580 6.337E-27 4.097E-04.07860.352 1059.64670.68-.019120          0 2 1          0 0 0  7  1  6        7  5  3      464323818394713152    15.0   15.0
 11 6528.153046 1.628E-29 1.257E-01.09530.391 3626.92210.74-.010860          1 4 0          0 2 0  5  1  4        5  2  3      434223817294713152    33.0   33.0
 11 6528.267791 8.551E-29 6.313E-03.05460.265 2613.10450.57-.037010          1 0 1          0 0 0 12  3 10       12  7  5      434233817294713152    25.0   25.0
 11 6528.304494 6.393E-31 1.259E-02.09250.444 3500.51070.710.000000          0 4 1          0 2 0  3  1  2        3  3  1      4333308387659336 0     7.0    7.0
 11 6528.312650 6.264E-31 3.979E-01.05590.213 4507.52260.430.000000          0 6 0          0 1 0 14  0 14       15  3 13      1333308387659336 0    29.0   31.0
 11 6528.384500 2.429E-26 4.480E-01.01400.221 2358.3018-.08-.018000          0 2 1          0 0 0 14  1 14       15  1 15      364323798394713159    29.0   31.0
 11 6528.471464 2.623E-29 8.773E-01.01060.183 3940.5451-.14-.023040          0 2 1          0 0 0 17  2 15       18  2 16      464233818394713152    35.0   37.0
 11 6528.545670 4.724E-30 1.491E-02.05810.333 3306.29550.59-.003440          0 3 1          0 1 0  8  5  4        8  7  1      432230817294713152    17.0   17.0
 11 6528.546811 3.391E-30 4.669E-03.06190.352 3109.91150.640.001120          0 3 1          0 1 0  7  5  2        7  7  1      432230817294713152    15.0   15.0
 11 6528.711154 2.544E-29 4.516E-06.06380.298 1581.33600.65-.009890          1 1 0          0 0 0 11  9  2       10  4  7      432230817294713152    69.0   63.0
 11 6528.747512 1.779E-28 2.826E-01.03100.352 3109.91150.32-.013890          1 3 0          0 1 0  6  6  0        7  7  1      434233817294713152    13.0   15.0
 11 6528.747911 5.337E-28 2.826E-01.03100.352 3109.91150.32-.013900          1 3 0          0 1 0  6  6  1        7  7  0      434223817294713152    39.0   45.0
 11 6528.820900 1.265E-26 7.871E-02.08770.371 2161.28610.70-.010364          1 3 0          0 1 0  5  1  4        6  2  5      3643237972947131 7    33.0   39.0
 11 6528.859105 6.983E-30 8.653E-01.06770.352 4232.18440.55-.012680          1 2 1          1 0 0  6  0  6        7  0  7      432230817294713152    39.0   45.0
 11 6528.893900 1.721E-27 2.447E-03.02460.250 2042.31060.17-.003890          0 4 0          0 0 0 13  2 11       13  1 12      484323818260713049    81.0   81.0
 11 6528.923547 1.359E-30 1.107E+00.01480.172 4608.55600.02-.019100          0 2 1          0 0 0 18  4 15       19  4 16      262230808394713152    37.0   39.0
 11 6528.951930 1.519E-30 3.806E-02.08270.391 3868.98700.70-.002080          1 4 0          0 2 0  5  3  2        5  4  1      332230807294713152    33.0   33.0
 11 6529.047801 1.978E-30 3.356E-02.05420.265 3940.51940.58-.010910          0 5 0          0 1 0 11  6  5       12  5  8      232230807294713152    69.0   75.0
 11 6529.201763 5.070E-31 3.014E-01.02030.213 4507.52260.430.000000          0 3 1          0 1 0 15  1 14       15  3 13      3333308387659336 0    31.0   31.0
 11 6529.338493 1.936E-30 5.791E-02.05860.281 4038.40340.56-.017250          0 1 2          0 1 0 10  4  7       11  7  4      432230817294713152    63.0   69.0
 11 6529.407008 1.273E-29 5.617E-04.05820.298 2471.25500.62-.010310          2 0 0          0 0 0 10  6  4       10  9  1      434233817260713049    21.0   21.0
 11 6529.596200 3.683E-28 4.654E-02.03770.235 2739.42860.340.002150          1 2 0          0 0 0 13  4 10       14  3 11      464223818394713152    27.0   29.0
 11 6529.661301 2.302E-30 8.568E-01.06790.352 4232.38430.55-.012440          1 2 1          1 0 0  6  1  6        7  1  7      432230817294713152    13.0   15.0
 11 6529.663940 4.439E-28 7.272E-01.05390.235 3266.51430.55-.031430          0 0 2          0 0 0 13  4 10       14  7  7      434223817260713049    27.0   29.0
 11 6529.865718 3.837E-28 9.466E-03.07320.250 2629.33450.71-.027660          0 2 1          0 0 0 13  3 11       13  5  8      464223818394713152    81.0   81.0
 11 6529.959712 1.260E-30 1.344E-02.06330.333 3530.95750.65-.008370          0 1 2          0 1 0  7  5  3        8  8  0      432230817294713152    15.0   17.0
 11 6530.082508 2.951E-24 1.908E-02.08950.429  782.40980.70-.007300          0 2 1          0 0 0  6  0  6        7  2  5      465520818367623136    39.0   45.0
 11 6530.101553 1.412E-30 2.388E-02.07920.412 3746.76260.68-.003370          1 4 0          0 2 0  4  3  2        4  4  1      332230807294713152    27.0   27.0
 11 6530.107763 4.639E-29 2.145E-04.01740.235 2073.51550.04-.003060          0 4 0          0 0 0 14  1 13       14  0 14      484233818260713049    29.0   29.0
 11 6530.161709 3.700E-30 1.315E-02.06390.333 3530.95750.66-.008170          0 1 2          0 1 0  7  5  2        8  8  1      432230817294713152    45.0   51.0
 11 6530.222953 2.267E-28 3.247E-01.06630.235 3464.88740.63-.004640          0 0 2          0 0 0 13  5  8       14  8  7      434233817260713049    81.0   87.0
 11 6530.314635 4.890E-30 4.396E-02.05690.298 3565.00350.53-.019640          0 3 1          0 1 0 10  4  7       10  6  4      432230817294713152    21.0   21.0
 11 6530.400593 4.033E-29 1.901E-02.07660.315 3141.04590.68-.031440          1 1 1          0 1 0  8  1  7        9  5  4      434233817294713152    51.0   57.0
 11 6530.432441 1.546E-24 1.980E-02.07200.371  888.59880.64-.010000          0 2 1          0 0 0  5  3  3        6  5  2      467621818377713138    33.0   39.0
 11 6530.608504 1.574E-30 1.339E+00.05310.183 4606.16850.50-.002820          0 2 1          0 0 0 17  5 12       18  5 13      462230818394713152    35.0   37.0
 11 6530.609161 1.233E-29 5.662E-03.06140.352 3109.91150.640.000680          0 3 1          0 1 0  7  5  3        7  7  0      434233817294713152    45.0   45.0
 11 6530.729706 4.523E-29 1.205E-03.06990.250 2629.33450.73-.017900          0 0 2          0 0 0 12  2 11       13  5  8      434233817254713049    75.0   81.0
 11 6530.756301 4.717E-29 2.237E+00.02570.235 4184.83120.19-.016520          0 3 1          0 1 0 13  3 11       14  3 12      434233817294713152    81.0   87.0
 11 6530.771815 2.326E-29 9.052E-02.10020.434 3392.74930.75-.010250          1 4 0          0 2 0  3  1  2        3  2  1      434223817294713152    21.0   21.0
 11 6530.858949 6.132E-30 1.041E-01.05270.265 3940.51940.50-.040000          1 1 1          0 1 0 11  3  9       12  5  8      432230817294713152    69.0   75.0
 11 6530.876260 1.085E-25 6.677E-01.00900.221 2358.3016-.08-.023000          0 2 1          0 0 0 14  0 14       15  0 15      465421818377713138    87.0   93.0
 11 6530.937751 1.593E-29 4.038E-02.04060.281 3323.26980.37-.021420          1 3 0          0 1 0 11  2 10       11  3  9      432230817294713152    23.0   23.0
 11 6531.027025 4.680E-27 1.178E-01.07200.412 2129.61850.62-.006420          1 3 0          0 1 0  3  3  1        4  4  0      434223817294713152     7.0    9.0
 11 6531.135057 1.414E-26 1.186E-01.07280.412 2129.59910.63-.009476          1 3 0          0 1 0  3  3  0        4  4  1      4642238072947131 7    21.0   27.0
 11 6531.243556 2.228E-30 9.441E-01.09030.352 4484.99220.74-.004680          1 2 1          1 0 0  6  3  3        7  3  4      432230817294713152    39.0   45.0
 11 6531.462734 7.540E-30 1.131E-01.09860.412 3495.93920.75-.010920          1 4 0          0 2 0  4  1  3        4  2  2      432230817294713152     9.0    9.0
 11 6531.550616 1.687E-30 4.084E-01.07920.333 4173.22570.670.006450          1 4 0          0 2 0  7  3  5        8  2  6      432230817294713152    15.0   17.0
 11 6531.568102 1.443E-30 1.861E+00.07420.235 4638.34760.650.000670          0 3 1          0 1 0 13  5  8       14  5  9      432230817294713152    27.0   29.0
 11 6531.600868 5.537E-28 7.493E-04.07600.281 1998.99530.70-.023710          1 0 1          0 0 0 11  1 11       11  5  6      434223817294713152    69.0   69.0
 11 6531.736312 3.696E-29 3.740E-02.06000.315 3321.01330.56-.012560          0 3 1          0 1 0  9  4  6        9  6  3      434233817294713152    57.0   57.0
 11 6531.757646 1.197E-29 3.016E-05.05530.281 2144.04630.61-.024680          0 1 1          0 0 0 12 10  2       11  6  5      462230818394713152    75.0   69.0
 11 6531.913629 7.588E-29 8.471E-01.01090.183 3940.5868-.13-.019870          0 2 1          0 0 0 17  3 15       18  3 16      464233818394713152   105.0  111.0
 11 6531.978502 2.343E-25 3.938E-02.06420.333 1255.91160.57-.013000          1 2 0          0 0 0  7  4  4        8  5  3      464623808394713159    15.0   17.0
 11 6532.027800 2.183E-27 1.085E-02.02890.235 2073.51550.30-.006110          0 4 0          0 0 0 13  3 11       14  0 14      484223818260713049    27.0   29.0
 11 6532.180187 8.092E-29 1.028E-05.07190.352 1394.81420.69-.008630          2 0 0          0 0 0  6  4  3        7  7  0      432230817260713049    39.0   45.0
 11 6532.313562 9.021E-30 4.444E-05.08040.315 2225.46910.75-.006460          0 0 2          0 0 0  9  4  5        9  9  0      432230817260713049    57.0   57.0
 11 6532.317101 3.653E-29 2.705E-05.06290.298 1874.97300.63-.024640          0 2 1          0 0 0 11  2 10       10  6  5      464233818394713152    69.0   63.0
 11 6532.446829 1.019E-30 5.509E-02.10380.434 3864.76380.76-.019160          1 2 1          1 0 0  2  0  2        3  2  1      332230807294713152    15.0   21.0
 11 6532.581565 4.162E-31 7.039E+00.09760.460 4820.76260.770.000000          0 5 1          0 3 0  2  1  2        3  1  3      3333308387659336 0     5.0    7.0
 11 6532.714390 4.625E-29 6.809E-04.05710.298 2471.25500.61-.010960          2 0 0          0 0 0 10  6  5       10  9  2      434233817260713049    63.0   63.0
 11 6532.894657 4.667E-29 2.198E-03.03090.235 2550.88250.260.007900          0 4 0          0 0 0 14  3 11       14  2 12      484233818260713049    29.0   29.0
 11 6532.986961 5.543E-28 2.152E+00.02200.250 3654.04890.09-.018250          0 3 1          0 1 0 12  1 11       13  1 12      434223817294713152    75.0   81.0
 11 6532.988182 4.256E-29 3.422E-02.06320.221 3360.60040.59-.036110          1 0 1          0 0 0 14  3 11       15  5 10      434233817294713152    87.0   93.0
 11 6533.035600 1.386E-27 8.565E-01.03100.265 3032.69040.32-.014690          1 2 0          0 0 0 11  8  4       12  9  3      464223818394713152    23.0   25.0
 11 6533.035777 4.156E-27 8.558E-01.03110.265 3032.68980.32-.014670          1 2 0          0 0 0 11  8  3       12  9  4      464223818394713152    69.0   75.0
 11 6533.105826 4.383E-29 1.670E-05.07380.352 1394.81420.70-.008420          2 0 0          0 0 0  6  4  2        7  7  1      432230817260713049    13.0   15.0
 11 6533.180310 2.005E-25 4.057E-04.08100.391  508.81210.70-.008000          0 4 0          0 0 0  5  4  1        5  3  2      486720818277713038    33.0   33.0
 11 6533.202423 1.418E-30 2.802E-01.01860.221 4506.73380.07-.018420          0 3 1          0 1 0 15  2 14       15  2 13      332230807294713152    93.0   93.0
 11 6533.206241 3.961E-30 2.975E-05.05330.281 2142.59770.60-.022900          0 1 1          0 0 0 12 10  3       11  6  6      462230818394713152    25.0   23.0
 11 6533.238595 1.958E-28 4.371E+00.07910.352 3879.33610.64-.010150          0 4 1          0 2 0  6  1  5        7  1  6      434233817294713152    39.0   45.0
 11 6533.325748 7.532E-29 2.311E-05.07810.315 1631.38300.69-.014070          0 0 2          0 0 0  8  1  8        9  6  3      434233817260713049    51.0   57.0
 11 6533.333539 1.422E-28 2.193E-04.01750.235 2073.51560.04-.003920          0 4 0          0 0 0 14  2 13       14  1 14      484233818260713049    87.0   87.0
 11 6533.403109 1.857E-28 2.165E+00.02230.250 3654.21500.10-.018420          0 3 1          0 1 0 12  2 11       13  2 12      434233817294713152    25.0   27.0
 11 6533.430434 1.019E-27 1.812E-04.05560.298 1581.33600.490.002870          0 4 0          0 0 0 11  3  8       10  4  7      484223818260713049    69.0   63.0
 11 6533.482515 1.816E-27 7.042E-04.01930.265 1774.75110.04-.004170          0 4 0          0 0 0 13  1 12       12  2 11      484223818260713049    81.0   75.0
 11 6533.518060 1.369E-25 6.232E-02.02100.265 1774.75110.18-.023000          1 2 0          0 0 0 11  1 10       12  2 11      466521818377713138    69.0   75.0
 11 6533.609848 1.546E-26 1.014E-01.09480.391 2130.49420.74-.011208          0 3 1          0 1 0  4  1  3        5  3  2      4645238072947131 7    27.0   33.0
 11 6533.676546 8.344E-30 5.423E-04.05710.250 2586.52970.58-.009880          0 5 0          0 0 0 12  0 12       13  5  9      432230817294713152    25.0   27.0
 11 6533.680550 2.821E-27 6.127E-02.01740.221 2631.26880.05-.021380          0 2 1          0 0 0 15  1 15       15  1 14      464323818394713152    93.0   93.0
 11 6533.734359 1.620E-28 1.657E-01.03590.281 3136.41250.30-.016110          0 3 1          0 1 0 11  0 11       11  2 10      434233817294713152    23.0   23.0
 11 6533.754788 9.400E-28 6.125E-02.01870.221 2631.28340.09-.024970          0 2 1          0 0 0 15  0 15       15  2 14      464823818394713152    31.0   31.0
 11 6534.022274 1.314E-27 1.543E-04.06940.315 1477.29740.69-.016630          0 4 0          0 0 0 10  4  7        9  5  4      484223818260713049    63.0   57.0
 11 6534.136015 3.917E-30 2.281E-05.07040.298 2054.36870.68-.020930          2 0 0          0 0 0 10  2  8       10  7  3      432230817260713049    21.0   21.0
 11 6534.228168 2.669E-27 3.019E-06.09750.456   70.09080.750.009000          0 4 0          0 0 0  3  3  1        2  0  2      484223818260713049     7.0    5.0
 11 6534.255292 1.808E-29 1.116E-01.05970.281 3487.39920.57-.027110          2 1 0          0 1 0 10  1  9       11  4  8      434233817294713152    21.0   23.0
 11 6534.307189 4.939E-28 1.679E-01.03550.281 3135.76480.30-.015580          0 3 1          0 1 0 11  1 11       11  1 10      434223817294713152    69.0   69.0
 11 6534.324461 6.211E-28 4.367E-06.08310.371  602.77350.71-.003050          0 4 0          0 0 0  7  3  5        6  2  4      484223818260713049    15.0   13.0
 11 6534.368169 5.314E-25 2.045E-02.08060.371  888.63270.70-.007000          0 2 1          0 0 0  5  3  2        6  5  1      464523808394713159    11.0   13.0
 11 6534.377988 8.372E-25 4.677E-02.07070.333 1255.16680.64-.005000          1 2 0          0 0 0  7  4  3        8  5  4      764223808394713159    45.0   51.0
 11 6534.396379 9.282E-31 1.280E-03.05570.317 3109.91160.610.000000          1 1 1          0 1 0  7  3  4        7  7  1      5333308387659336 0    15.0   15.0
 11 6534.518139 3.474E-25 5.900E-02.03300.281 1327.11760.24-.014800          1 2 0          0 0 0 10  0 10       11  1 11      466523808394713159    21.0   23.0
 11 6534.568190 4.151E-30 1.233E-04.08210.352 2572.13910.70-.014530          0 3 1          0 1 0  8  0  8        7  4  3      432230817294713152    51.0   45.0
 11 6534.884906 4.407E-29 1.014E+00.03890.221 3824.49940.37-.021380          2 0 0          0 0 0 14  7  7       15  8  8      434233817260713049    29.0   31.0
 11 6534.889575 7.215E-27 1.257E-01.06800.352 2181.08980.55-.013200          1 3 0          0 1 0  6  0  6        7  1  7      434223817294713152    13.0   15.0
 11 6534.925836 8.391E-29 1.603E+00.06490.265 3738.54320.57-.004500          0 3 1          0 1 0 11  3  8       12  3  9      434233817294713152    23.0   25.0
 11 6534.930290 1.025E-24 5.803E-02.03310.281 1327.11000.24-.015700          1 2 0          0 0 0 10  1 10       11  0 11      466623808394713159    63.0   69.0
 11 6534.938986 2.635E-27 7.858E-02.04040.250 2426.19650.39-.036450          1 0 1          0 0 0 12  2 11       13  4 10      434223817294713152    25.0   27.0
 11 6535.080382 1.315E-30 8.821E-01.07080.352 4353.23140.58-.010380          1 2 1          1 0 0  6  2  5        7  2  6      432230817294713152    13.0   15.0
 11 6535.148563 2.626E-29 5.204E-05.07470.333 1789.04280.71-.007230          1 0 1          0 0 0  8  4  5        8  8  0      432230817294713152    17.0   17.0
 11 6535.171781 2.279E-29 7.532E-06.08310.352 1394.81420.72-.009040          1 0 1          0 0 0  7  1  6        7  7  1      432230817294713152    15.0   15.0
 11 6535.197750 1.287E-28 4.413E+00.09060.352 3967.48860.72-.001720          0 4 1          0 2 0  6  2  4        7  2  5      434233817294713152    39.0   45.0
 11 6535.334343 1.007E-28 4.254E-02.06830.315 3141.04590.62-.028430          0 3 1          0 1 0  9  3  7        9  5  4      434233817294713152    57.0   57.0
 11 6535.342939 7.944E-28 2.340E-02.07010.352 2318.53980.59-.014960          1 3 0          0 1 0  7  1  7        7  2  6      434223817294713152    15.0   15.0
 11 6535.451940 1.781E-28 2.047E+00.03270.250 3877.08860.27-.018790          0 3 1          0 1 0 12  2 10       13  2 11      434233817294713152    75.0   81.0
 11 6535.473347 2.442E-28 6.147E-02.05430.235 2880.83420.51-.009550          1 0 1          0 0 0 13  2 11       14  4 10      434233817294713152    27.0   29.0
 11 6535.645570 3.779E-26 4.288E-02.04000.265 1962.50690.38-.030000          1 2 0          0 0 0 11  2  9       12  3 10      468423798377713159    69.0   75.0
 11 6535.794607 4.826E-30 3.965E-02.09340.412 3597.86600.73-.013720          0 4 1          0 2 0  4  1  3        4  3  2      432230817294713152    27.0   27.0
 11 6535.882982 1.224E-30 2.207E+00.07060.352 4782.66210.63-.008870          2 0 1          0 0 1  6  4  2        7  5  3      332230807294713152    39.0   45.0
 11 6535.909770 1.004E-27 1.394E+00.07010.221 3472.88130.69-.029610          2 0 0          0 0 0 14  5 10       15  6  9      434223817260713049    87.0   93.0
 11 6535.986821 2.166E-29 2.527E-02.06360.333 3101.14220.59-.008000          0 3 1          0 1 0  8  4  5        8  6  2      434233817294713152    17.0   17.0
 11 6536.098732 7.312E-26 2.958E-04.07600.412  383.84250.71-.011000          0 4 0          0 0 0  4  4  0        4  3  1      485620818277713038     9.0    9.0
 11 6536.128557 1.983E-30 9.499E-01.09440.371 4249.52440.74-.002100          1 2 1          1 0 0  5  2  3        6  2  4      432230817294713152    11.0   13.0
 11 6536.241973 1.314E-26 1.426E-04.08420.371  888.59880.710.000000          0 2 1          0 0 0  6  1  5        6  5  2      464423308394713159    39.0   39.0
 11 6536.514616 3.555E-29 1.173E-01.09940.434 3289.24250.74-.002790          1 4 0          0 2 0  2  1  2        3  0  3      434243817294713152    15.0   21.0
 11 6536.662186 4.834E-27 5.510E-01.04830.250 2927.94120.660.003910          1 0 1          0 0 0 12  5  7       13  7  6      434223817265713152    75.0   81.0
 11 6536.689448 1.144E-29 3.296E-02.04010.265 3592.42390.41-.010460          0 5 0          0 1 0 12  4  9       12  3 10      434233817294713152    75.0   75.0
 11 6536.844268 1.791E-30 1.199E-01.01020.172 4331.0661-.11-.022240          0 2 1          0 0 0 19  2 18       19  2 17      362230808394713152   117.0  117.0
 11 6536.851558 5.994E-31 1.204E-01.01720.172 4331.0892-.120.000000          0 2 1          0 0 0 19  1 18       19  3 17      3633308383659336 0    39.0   39.0
 11 6536.863922 1.278E-27 8.682E-02.06260.333 2490.35400.52-.004070          1 3 0          0 1 0  7  2  6        8  1  7      434223817294713152    15.0   17.0
 11 6536.917193 3.890E-29 4.209E-04.03490.250 2248.06450.36-.018620          1 2 0          0 0 0 14  0 14       13  3 11      464233818394713152    29.0   27.0
 11 6536.947836 1.120E-24 3.289E-02.08400.333 1122.70850.71-.004000          1 2 0          0 0 0  7  3  4        8  4  5      466622818377713138    45.0   51.0
 11 6537.073236 3.217E-28 9.186E-03.09010.371 2282.58950.72-.013750          0 3 1          0 1 0  6  1  6        6  3  3      434223817294713152    13.0   13.0
 11 6537.170270 1.154E-26 3.116E-02.07490.298 1875.46180.69-.035410          1 0 1          0 0 0  9  2  7       10  6  4      464423817294713152    19.0   21.0
 11 6537.253839 2.564E-29 2.368E-01.05390.315 3526.62480.53-.008500          1 1 1          0 1 0  8  5  4        9  7  3      434233817294713152    17.0   19.0
 11 6537.332080 3.812E-26 5.209E-02.02100.265 1774.61630.18-.017000          1 2 0          0 0 0 11  2 10       12  1 11      465422818377713138    23.0   25.0
 11 6537.332174 3.116E-30 9.434E-04.07960.371 2733.96290.70-.009230          2 1 0          0 1 0  5  3  3        6  6  0      432230817294713152    11.0   13.0
 11 6537.419946 2.186E-25 2.930E-04.07600.412  382.51690.69-.007000          0 4 0          0 0 0  4  4  1        4  3  2      486720818277713038    27.0   27.0
 11 6537.583617 9.856E-25 6.104E-02.08710.333 1050.15770.72-.009000          0 2 1          0 0 0  7  1  6        8  3  5      464623308394713159    15.0   17.0
 11 6537.614867 7.546E-29 2.323E-01.05570.315 3526.62740.55-.005760          1 1 1          0 1 0  8  5  3        9  7  2      434233817294713152    51.0   57.0
 11 6537.622010 2.713E-30 2.204E-07.08260.333 1131.77560.72-.018200          1 2 0          0 0 0  8  1  7        8  4  4      462230818394713152    17.0   17.0
 11 6537.651257 1.353E-27 2.555E-05.08910.391  742.07300.73-.014360          0 2 1          0 0 0  5  1  4        5  5  1      464223818394713152    11.0   11.0
 11 6537.698980 1.945E-26 3.966E-04.07090.371  757.78020.70-.006590          0 4 0          0 0 0  5  5  1        6  4  2      484323818260713049    11.0   13.0
 11 6537.735425 1.501E-30 1.388E+00.00640.294 4497.19240.410.000000          2 1 0          0 1 0  9  9  1       10 10  0      3333308387659336 0    19.0   21.0
 11 6537.735426 4.504E-30 1.388E+00.02300.278 4497.19240.480.000000          2 1 0          0 1 0  9  9  0       10 10  1      3333308387659336 0    57.0   63.0
 11 6537.823102 7.461E-30 4.095E-03.07830.333 2920.13200.68-.016960          2 1 0          0 1 0  7  2  6        8  5  3      432230817294713152    15.0   17.0
 11 6537.837378 4.661E-29 4.982E-01.02420.333 3530.95750.25-.015840          1 3 0          0 1 0  7  7  1        8  8  0      434233817294713152    15.0   17.0
 11 6537.837423 1.399E-28 4.985E-01.02420.333 3530.95750.25-.015850          1 3 0          0 1 0  7  7  0        8  8  1      434233817294713152    45.0   51.0
 11 6537.955374 8.239E-29 1.404E-02.06660.352 2905.43340.62-.005240          0 3 1          0 1 0  7  4  4        7  6  1      434233817294713152    45.0   45.0
 11 6537.963140 3.555E-30 1.270E+00.03030.183 4427.16430.28-.018010          0 2 1          0 0 0 17  4 13       18  4 14      262230808394713152    35.0   37.0
 11 6537.976711 8.555E-30 1.930E-06.07130.333 1590.69010.68-.011630          0 2 1          0 0 0  9  3  7        8  7  2      462230818394713152    57.0   51.0
 11 6537.988704 7.356E-26 4.368E-04.07100.391  503.96810.64-.009000          0 4 0          0 0 0  5  4  2        5  3  3      487620818277713038    11.0   11.0
 11 6537.998160 2.130E-29 8.899E-05.07080.281 1985.78490.66-.019430          0 0 2          0 0 0 10  0 10       11  5  7      432230817260713049    21.0   23.0
 11 6538.006766 1.444E-29 1.213E-01.10610.456 3255.34600.76-.012610          1 4 0          0 2 0  2  0  2        2  1  1      434223817294713152     5.0    5.0
 11 6538.017964 4.642E-31 1.256E+00.01720.173 4855.15200.090.000000          0 2 1          0 0 0 18  5 14       19  5 15      2633308383659336 0    37.0   39.0
 11 6538.130005 1.010E-28 1.271E+00.03510.235 3685.41880.35-.024340          2 0 0          0 0 0 13  8  6       14  9  5      434233817260713049    27.0   29.0
 11 6538.133870 4.562E-27 1.402E-03.06920.315 1631.38300.63-.017290          2 0 0          0 0 0  8  3  6        9  6  3      434323817260713049    51.0   57.0
 11 6538.230684 3.033E-28 1.272E+00.03510.235 3685.40690.35-.024260          2 0 0          0 0 0 13  8  5       14  9  6      434223817260713049    81.0   87.0
 11 6538.250337 7.096E-27 2.976E-03.02720.265 1774.75110.22-.008340          0 4 0          0 0 0 12  3 10       12  2 11      484323818260713049    75.0   75.0
 11 6538.272367 1.130E-28 4.056E-04.03450.250 2246.88480.35-.013310          1 2 0          0 0 0 14  1 14       13  2 11      464233818394713152    87.0   81.0
 11 6538.476982 6.149E-28 7.160E-04.01920.265 1774.61630.04-.005290          0 4 0          0 0 0 13  2 12       12  1 11      484223818260713049    27.0   25.0
 11 6538.529730 1.251E-26 2.315E-01.02720.221 2358.30180.27-.004750          0 4 0          0 0 0 14  2 12       15  1 15      484323818260713049    29.0   31.0
 11 6538.761037 2.133E-26 1.237E-01.06780.352 2180.64280.55-.012400          1 3 0          0 1 0  6  1  6        7  0  7      464223817294713152    39.0   45.0
 11 6538.761494 5.570E-26 3.767E-04.07400.371  756.72480.68-.014000          0 4 0          0 0 0  5  5  0        6  4  3      485621818277713038    33.0   39.0
 11 6538.784783 2.880E-30 5.179E-01.07540.250 4442.71290.68-.032120          1 1 1          0 1 0 12  4  8       13  6  7      332230807294713152    75.0   81.0
 11 6538.932418 1.800E-28 2.602E-04.04760.235 2073.51560.520.003000          0 1 1          0 0 0 15  5 11       14  1 14      464233818394713152    93.0   87.0
 11 6538.937408 9.368E-30 3.095E-01.05460.281 3832.25170.50-.026890          1 1 1          0 1 0 10  4  7       11  6  6      432230817294713152    21.0   23.0
 11 6539.030281 3.884E-30 2.459E-01.10590.480 3791.70090.76-.001680          2 2 0          0 0 1  1  1  0        1  1  1      432230817294713152     9.0    9.0
 11 6539.070475 4.927E-31 3.401E-01.06970.339 4436.94050.630.000000          0 4 1          0 2 0  9  1  8        9  3  7      4333308387659336 0    19.0   19.0
 11 6539.273597 1.375E-25 4.662E-04.06880.371  648.97870.63-.006000          0 4 0          0 0 0  6  4  3        6  3  4      484223808260713059    39.0   39.0
 11 6539.281422 4.238E-30 1.103E-04.07370.352 2318.53980.640.006600          0 5 0          0 1 0  8  3  5        7  2  6      432230817294713152    17.0   15.0
 11 6539.651588 2.638E-30 1.087E-01.09590.412 3877.57520.73-.011350          2 2 0          1 0 0  3  0  3        4  1  4      432230817294713152    21.0   27.0
 11 6539.662314 2.094E-29 5.368E-03.07000.371 2733.96290.67-.001600          0 3 1          0 1 0  6  4  3        6  6  0      434233817294713152    13.0   13.0
 11 6539.731531 2.760E-29 1.411E-02.07190.352 2905.43060.67-.000190          0 3 1          0 1 0  7  4  3        7  6  2      434233817294713152    15.0   15.0
 11 6539.744361 6.095E-27 7.163E-02.09300.391 2024.15260.72-.010720          1 3 0          0 1 0  4  1  3        5  2  4      434423817294713152     9.0   11.0
 11 6539.941844 2.839E-30 1.021E+00.08890.371 4190.26220.70-.006110          1 2 1          1 0 0  5  1  4        6  1  5      432230817294713152    11.0   13.0
 11 6539.988217 4.435E-30 8.392E-02.10590.456 3317.21060.76-.022600          0 4 1          0 2 0  1  0  1        2  2  0      432230817294713152     3.0    5.0
 11 6540.184191 6.270E-29 5.359E-03.07200.371 2733.96260.68-.000440          0 3 1          0 1 0  6  4  2        6  6  1      434233817294713152    39.0   39.0
 11 6540.397335 4.665E-30 4.567E-03.03700.208 3439.30660.400.020000          0 1 1          0 0 0 17  8 10       16  4 13      462230818394713152   105.0   99.0
 11 6540.529153 1.912E-29 1.173E-03.04200.221 2631.28340.470.008090          0 1 1          0 0 0 16  6 11       15  2 14      464233818394713152    33.0   31.0
 11 6540.562490 6.529E-29 2.543E-02.07390.333 3101.12370.690.002070          0 3 1          0 1 0  8  4  4        8  6  3      434233817294713152    51.0   51.0
 11 6540.863193 1.626E-28 4.466E-02.04830.298 3072.72630.43-.022040          1 3 0          0 1 0 10  2  9       10  3  8      434233817294713152    63.0   63.0
 11 6541.115588 4.025E-30 4.067E-04.08270.371 2733.96260.73-.008510          2 1 0          0 1 0  5  3  2        6  6  1      432230817294713152    33.0   39.0
 11 6541.157696 1.262E-29 1.870E-04.06150.315 2225.46910.67-.009840          2 0 0          0 0 0  9  6  4        9  9  1      432230817260713049    19.0   19.0
 11 6541.288716 3.560E-24 4.762E-02.08200.352  931.23710.67-.008000          1 2 0          0 0 0  6  3  4        7  4  3      467621818377713138    39.0   45.0
 11 6541.379003 1.439E-30 7.170E-06.02800.213 2073.51500.440.000000          0 3 0          0 0 0 13  9  5       14  0 14      4333308387659336 0    27.0   29.0
 11 6541.617030 2.510E-26 1.137E-01.09670.391 2053.96870.74-.012680          0 3 1          0 1 0  4  0  4        5  2  3      464423817294713152    27.0   33.0
 11 6541.650490 2.094E-26 5.616E-01.04790.265 2612.79990.45-.021950          1 0 1          0 0 0 11  5  7       12  7  6      464323817294713152    69.0   75.0
 11 6541.705857 1.681E-29 3.261E-01.07170.352 3879.33610.59-.002480          0 4 1          0 2 0  7  1  7        7  1  6      434233817294713152    45.0   45.0
 11 6541.981992 2.417E-26 4.818E-04.06850.352  816.69420.64-.006000          0 4 0          0 0 0  7  4  4        7  3  5      484523808260713059    15.0   15.0
 11 6542.036777 1.344E-30 8.392E-02.10130.456 3788.69440.75-.008150          2 2 0          1 0 0  1  1  0        2  2  1      332230807294713152     9.0   15.0
 11 6542.122080 2.722E-27 2.566E-02.07170.352 2309.73020.59-.002670          1 3 0          0 1 0  7  0  7        7  1  6      434223817294713152    45.0   45.0
 11 6542.199423 5.170E-26 7.003E-03.03200.281 1524.84790.30-.015000          1 2 0          0 0 0 11  0 11       11  1 10      468521818377713138    69.0   69.0
 11 6542.217379 5.732E-30 6.213E-05.04720.250 2248.06450.510.007880          1 1 0          0 0 0 14  8  6       13  3 11      432230817294713152    29.0   27.0
 11 6542.328229 6.036E-29 1.660E-06.08950.371 1045.05800.74-.012370          2 0 0          0 0 0  5  1  4        6  6  1      732230807260713049    33.0   39.0
 11 6542.333266 4.765E-28 1.017E-01.05130.265 2813.52860.51-.016990          0 0 2          0 0 0 11  5  7       12  8  4      434223817260713049    23.0   25.0
 11 6542.361680 1.538E-28 1.120E-05.08150.333 1131.77560.71-.014680          1 2 0          0 0 0  9  1  9        8  4  4      462230818394713152    19.0   17.0
 11 6542.377904 8.854E-30 1.057E+00.01790.183 4201.25110.08-.024450          0 2 1          0 0 0 17  3 14       18  3 15      462230818394713152    35.0   37.0
 11 6542.448778 3.648E-28 4.121E+00.06770.352 3738.60910.55-.012680          0 4 1          0 2 0  6  0  6        7  0  7      434223817294713152    39.0   45.0
 11 6542.464407 4.651E-30 3.271E-02.09060.391 3565.45460.710.001390          1 4 0          0 2 0  4  2  3        5  1  4      432230817294713152    27.0   33.0
 11 6542.694117 2.263E-30 8.260E-02.08970.391 3719.49280.72-.014900          0 4 1          0 2 0  5  1  4        5  3  3      432230817294713152    11.0   11.0
 11 6542.700700 8.148E-29 1.398E-03.03380.235 2327.88370.37-.009180          0 4 0          0 0 0 13  4 10       14  1 13      484233818260713049    27.0   29.0
 11 6542.776128 4.154E-29 1.783E-02.05090.221 3244.60070.53-.009210          1 0 1          0 0 0 15  2 14       15  4 11      434233817294713152    93.0   93.0
 11 6542.797622 6.094E-29 3.493E-06.07960.352 1059.64670.69-.013240          0 2 1          0 0 0  8  1  8        7  5  3      462230818394713152    17.0   15.0
 11 6543.064616 1.826E-26 7.433E-03.03590.281 1525.13600.30-.016500          1 2 0          0 0 0 11  1 11       11  2 10      464323818394713152    23.0   23.0
 11 6543.260039 2.912E-29 1.439E-04.06190.315 2225.46910.67-.009650          2 0 0          0 0 0  9  6  3        9  9  0      434233817260713049    57.0   57.0
 11 6543.444267 1.299E-30 1.319E-03.06890.315 3321.01330.64-.024940          1 1 1          0 1 0  9  2  8        9  6  3      432230807294713152    57.0   57.0
 11 6543.476515 1.275E-29 3.883E-02.07610.315 3320.92970.700.003890          0 3 1          0 1 0  9  4  5        9  6  4      434233817294713152    19.0   19.0
 11 6543.853817 1.813E-30 1.297E-01.02900.221 4283.30810.36-.005840          0 4 0          0 0 0 14  9  6       15 10  5      382230808260713049    87.0   93.0
 11 6544.160246 1.782E-30 2.434E-03.03650.221 3269.53880.360.003930          0 1 1          0 0 0 16  9  8       15  5 11      462230818394713152    33.0   31.0
 11 6544.319176 2.248E-26 3.836E-01.04550.298 2254.28440.47-.010000          1 0 1          0 0 0  9  6  3       10  8  2      464423807294713159    19.0   21.0
 11 6544.326430 4.700E-30 2.243E-02.06920.281 3659.90400.70-.012360          0 5 0          0 1 0 10  6  5       11  5  6      432230817294713152    63.0   69.0
 11 6544.357980 6.809E-26 3.873E-01.04510.298 2254.28380.46-.007000          1 0 1          0 0 0  9  6  4       10  8  3      464423797294713159    57.0   63.0
 11 6544.382901 3.999E-27 3.587E-02.07810.281 2142.59770.71-.020900          2 0 0          0 0 0 10  3  7       11  6  6      434223817260713049    21.0   23.0
 11 6544.390701 8.542E-29 4.225E+00.06210.333 4071.73340.52-.012190          0 4 1          0 2 0  7  2  6        8  2  7      434233817294713152    45.0   51.0
 11 6544.408223 9.858E-28 1.907E+00.02760.265 3266.76440.28-.021910          2 0 0          0 0 0 11  9  3       12 10  2      434223817260713049    23.0   25.0
 11 6544.411724 2.958E-27 1.907E+00.02760.265 3266.76440.28-.021910          2 0 0          0 0 0 11  9  2       12 10  3      434223817260713049    69.0   75.0
 11 6544.487913 6.178E-30 2.185E-04.06900.333 2630.19250.61-.017650          1 3 0          0 1 0  9  0  9        8  3  6      432230817294713152    57.0   51.0
 11 6544.521649 6.436E-25 5.939E-02.08720.333 1131.77560.72-.013000          0 2 1          0 0 0  7  2  5        8  4  4      464723808394713159    15.0   17.0
 11 6544.722280 1.712E-26 4.468E-02.10030.434 1819.33510.75-.014180          1 3 0          0 1 0  2  1  2        3  2  1      464323817294713152    15.0   21.0
 11 6544.769658 5.086E-29 2.648E-04.05390.265 2275.37290.58-.009770          0 4 0          0 0 0 11  6  5       12  5  8      484233818260713049    69.0   75.0
 11 6544.887129 2.516E-29 2.811E-01.07840.371 3736.17070.64-.014710          0 4 1          0 2 0  6  0  6        6  2  5      434233817294713152    39.0   39.0
 11 6544.942680 1.648E-28 1.493E-01.06570.250 3127.80540.64-.003350          0 0 2          0 0 0 12  5  7       13  8  6      434233817260713049    25.0   27.0
 11 6544.973373 2.643E-30 1.172E-04.07870.298 2471.25500.74-.006830          0 0 2          0 0 0 10  4  6       10  9  1      432230817260713049    21.0   21.0
 11 6545.013430 5.391E-26 1.351E-01.05160.265 2124.95140.51-.025000          2 0 0          0 0 0 11  1 10       12  4  9      464523797260713059    69.0   75.0
 11 6545.234739 3.859E-30 1.187E-08.07810.371  552.91140.670.000000          1 2 0          0 0 0  4  2  3        6  2  5     q4222308079917122 0    27.0   39.0
 11 6545.250000 1.837E-29 2.443E+00.03370.235 4396.05140.29-.014830          0 3 1          0 1 0 13  4 10       14  4 11      434233817294713152    81.0   87.0
 11 6545.253620 2.022E-30 1.615E-04.06760.315 2818.39800.60-.000320          1 3 0          0 1 0 10  1 10        9  2  7      432230807294713152    63.0   57.0
 11 6545.504973 5.871E-29 4.518E-02.05240.298 3058.39840.46-.003190          1 3 0          0 1 0 10  1  9       10  2  8      434243817294713152    21.0   21.0
 11 6545.518464 6.951E-29 3.374E-02.06870.333 2920.13200.61-.021230          0 3 1          0 1 0  8  3  6        8  5  3      434233817294713152    17.0   17.0
 11 6545.592121 3.669E-29 1.324E-01.10760.480 3201.91340.77-.016560          1 4 0          0 2 0  1  0  1        1  1  0      434243817294713152     9.0    9.0
 11 6545.592405 2.404E-27 7.485E-01.01300.208 2952.3865-.09-.021610          0 2 1          0 0 0 15  1 14       16  1 15      464623818394713152    31.0   33.0
 11 6545.628377 1.932E-30 8.360E-02.04370.208 4206.33240.45-.040000          1 0 1          0 0 0 16  4 12       16  8  9      332230807294713152    99.0   99.0
 11 6545.809412 8.092E-29 5.362E-05.07940.333 1789.04280.74-.005390          1 0 1          0 0 0  8  4  4        8  8  1      434233817294713152    51.0   51.0
 11 6545.868889 4.254E-28 1.488E-04.05990.315 1474.98080.59-.001730          0 4 0          0 0 0 10  4  6        9  5  5      484223818260713049    21.0   19.0
 11 6545.970955 2.540E-29 1.166E-02.04710.221 3244.60070.440.015970          1 2 0          0 0 0 14  5 10       15  4 11      464233818394713152    87.0   93.0
 11 6546.065160 5.073E-27 4.786E-02.04580.250 2414.72340.44-.012480          1 0 1          0 0 0 12  1 11       13  3 10      434223817294713152    75.0   81.0
 11 6546.264967 7.224E-28 1.142E-02.02320.235 2551.48350.16-.020170          1 2 0          0 0 0 14  2 13       14  3 12      464223818394713152    87.0   87.0
 11 6546.328584 3.701E-29 1.109E+00.02350.315 3994.26020.27-.026150          2 1 0          0 1 0  8  8  1        9  9  0      434233817294713152    51.0   57.0
 11 6546.328587 1.234E-29 1.109E+00.02350.315 3994.26020.27-.026150          2 1 0          0 1 0  8  8  0        9  9  1      434233817294713152    17.0   19.0
 11 6546.378100 3.065E-30 2.814E-01.06840.333 4224.58640.59-.027520          0 4 1          0 2 0  8  1  7        8  3  6      432230817294713152    51.0   51.0
 11 6546.400429 2.388E-30 5.464E-05.05250.265 2612.79980.56-.030700          0 2 1          0 0 0 13  3 11       12  7  6      462230818394713152    81.0   75.0
 11 6546.449530 5.549E-26 5.657E-02.05340.281 1695.06860.49-.018000          1 2 0          0 0 0 10  2  8       11  3  9      464523798394713159    21.0   23.0
 11 6546.471087 5.780E-27 2.873E-05.07800.352  782.40980.68-.003180          0 4 0          0 0 0  8  3  6        7  2  5      484223818260713049    51.0   45.0
 11 6546.601471 4.626E-31 2.398E+00.02030.219 4938.25370.440.000000          0 3 1          0 1 0 14  5 10       15  5 11      3333308387659336 0    29.0   31.0
 11 6546.614300 1.209E-28 4.121E+00.06790.352 3739.51880.55-.012440          0 4 1          0 2 0  6  1  6        7  1  7      434233817294713152    13.0   15.0
 11 6546.616476 1.172E-30 2.197E-01.09540.434 3962.91790.73-.014260          2 2 0          0 0 1  3  2  2        3  2  1      432230817294713152     7.0    7.0
 11 6546.680835 9.934E-28 1.638E+00.07440.281 3441.03950.630.003450          0 3 1          0 1 0 10  3  7       11  3  8      434223817294713152    63.0   69.0
 11 6546.777617 2.668E-29 1.066E+00.01790.183 4201.85780.08-.018110          0 2 1          0 0 0 17  4 14       18  4 15      464233818394713152   105.0  111.0
 11 6546.793091 1.031E-28 1.795E+00.04280.208 4006.07320.63-.004520          2 0 0          0 0 0 15  6  9       16  7 10      434233817265713049    93.0   99.0
 11 6546.853739 2.198E-29 1.643E-05.06640.315 1631.24550.64-.020670          0 2 1          0 0 0 10  2  9        9  6  4      462230818394713152    21.0   19.0
 11 6546.859140 3.185E-26 4.696E-04.06590.333 1006.11590.62-.007060          0 4 0          0 0 0  8  4  5        8  3  6      484323818260713049    51.0   51.0
 11 6546.938467 1.274E-26 4.303E-02.03850.265 1960.20740.33-.005440          1 2 0          0 0 0 11  3  9       12  2 10      464423818394713152    23.0   25.0
 11 6547.054311 1.580E-30 1.863E-07.07110.315 1477.29740.73-.013660          1 1 0          0 0 0 10 10  1        9  5  4      432230817294713152    63.0   57.0
 11 6547.083749 6.346E-29 2.026E+00.07930.265 3843.41040.670.004170          0 3 1          0 1 0 11  4  7       12  4  8      434233817294713152    23.0   25.0
 11 6547.163167 3.906E-24 1.569E-02.09100.371  648.97870.70-.013000          0 2 1          0 0 0  5  1  5        6  3  4      466721818377713138    33.0   39.0
 11 6547.264417 1.307E-30 3.230E-05.06160.265 2612.79980.64-.022490          0 0 2          0 0 0 12  2 11       12  7  6      432230817260713049    75.0   75.0
 11 6547.432350 1.985E-28 1.828E+00.04150.265 3587.66660.36-.017700          0 3 1          0 1 0 11  2  9       12  2 10      434233817294713152    23.0   25.0
 11 6547.439144 7.629E-31 8.540E-01.08060.379 4457.81870.670.000000          1 2 1          1 0 0  6  3  4        7  3  5      3333308387659336 0    13.0   15.0
 11 6547.473245 1.734E-28 2.169E-04.07270.281 1998.99530.70-.026590          1 2 0          0 0 0 12  2 11       11  5  6      464233818394713152    75.0   69.0
 11 6547.548320 2.603E-27 3.726E-01.04890.250 2748.09970.47-.040000          1 0 1          0 0 0 12  4  9       13  6  8      434323817294713152    25.0   27.0
 11 6547.608703 6.773E-30 1.416E-01.08610.371 3864.96600.71-.017790          0 4 1          0 2 0  6  1  5        6  3  4      432230817294713152    39.0   39.0
 11 6547.829600 7.368E-27 7.653E-01.01190.208 2952.3937-.13-.019200          0 2 1          0 0 0 15  2 14       16  2 15      464323818394713152    93.0   99.0
 11 6547.879248 2.349E-30 1.294E-08.07810.371  446.69660.670.000000          1 2 0          0 0 0  4  0  4        6  0  6     q4222308079917122 0     9.0   13.0
 11 6548.034151 3.501E-30 6.260E-06.06580.315 1810.58330.64-.016320          0 2 1          0 0 0 10  3  8        9  7  3      462230818394713152    21.0   19.0
 11 6548.387641 4.487E-28 8.694E-01.01320.195 3567.1738-.07-.019930          0 2 1          0 0 0 16  2 14       17  2 15      464323818394713152    99.0  105.0
 11 6548.428844 5.390E-29 2.806E-04.07880.315 2009.80500.73-.005250          1 0 1          0 0 0  9  4  5        9  8  2      434233817294713152    19.0   19.0
 11 6548.489124 1.859E-28 2.000E-04.06990.298 1724.70540.70-.017070          0 4 0          0 0 0 11  4  8       10  5  5      484233818260713049    23.0   21.0
 11 6548.489166 6.276E-30 2.786E-01.02310.235 4184.83120.16-.019590          0 3 1          0 1 0 14  1 13       14  3 12      432230817294713152    87.0   87.0
 11 6548.577600 6.544E-29 1.026E+00.06500.208 3758.39680.570.006090          0 2 1          0 0 0 15  5 10       16  5 11      464233818394713152    31.0   33.0
 11 6548.758658 6.551E-29 2.297E+00.03140.250 3879.72080.26-.016090          0 3 1          0 1 0 12  3 10       13  3 11      434233817294713152    25.0   27.0
 11 6549.046590 5.214E-30 4.035E+00.06000.315 4436.94050.52-.009410          0 4 1          0 2 0  8  3  6        9  3  7      432230817294713152    17.0   19.0
 11 6549.104477 1.273E-28 4.513E+00.08890.371 3713.08250.70-.006110          0 4 1          0 2 0  5  1  4        6  1  5      434233817294713152    11.0   13.0
 11 6549.124850 1.588E-26 2.040E+00.02500.281 2915.87430.24-.019000          0 3 1          0 1 0 10  0 10       11  0 11      463320817277713138    63.0   69.0
 11 6549.158357 1.713E-30 2.115E-01.07900.352 4033.61450.67-.024560          0 4 1          0 2 0  7  1  6        7  3  5      432230817294713152    15.0   15.0
 11 6549.188100 5.288E-27 2.038E+00.03300.281 2915.89430.24-.015600          0 3 1          0 1 0 10  1 10       11  1 11      434423817294713152    21.0   23.0
 11 6549.214759 1.755E-29 2.289E-02.06500.221 3472.88130.67-.040000          0 2 1          0 0 0 15  4 12       15  6  9      464233818394713152    93.0   93.0
 11 6549.300530 3.921E-30 8.912E-01.07830.371 4095.31530.62-.011240          1 2 1          1 0 0  5  0  5        6  0  6      432230817294713152    11.0   13.0
 11 6549.336110 2.672E-26 1.073E-01.08890.434 1907.61580.71-.007800          1 3 0          0 1 0  2  2  1        3  3  0      464623797294713159    15.0   21.0
 11 6549.370883 4.999E-31 1.750E-07.06890.332 1474.98080.630.000000          1 1 0          0 0 0 10 10  0        9  5  5      4333308387659336 0    21.0   19.0
 11 6549.400133 9.513E-30 1.054E-02.03000.208 3439.30660.33-.029190          0 0 2          0 0 0 15  1 14       16  4 13      432230817260713049    93.0   99.0
 11 6549.437729 1.858E-29 5.592E-02.07460.298 3564.70500.680.005540          0 3 1          0 1 0 10  4  6       10  6  5      434233817294713152    63.0   63.0
 11 6549.445804 1.135E-29 4.210E+00.09010.333 4259.87640.74-.002750          0 4 1          0 2 0  7  3  4        8  3  5      434233817294713152    15.0   17.0
 11 6549.587275 7.182E-29 1.245E+00.03890.195 4017.90830.37-.017100          0 2 1          0 0 0 16  4 12       17  4 13      464233818394713152    99.0  105.0
 11 6549.764289 4.122E-24 2.797E-02.07660.370  756.72480.67-.011980          0 2 1          0 0 0  5  2  4        6  4  3      467520818382623134    33.0   39.0
 11 6549.858951 3.031E-30 3.572E-06.07750.298 1724.70540.70-.016590          2 0 0          0 0 0 10  0 10       10  5  5      432230817260713049    21.0   21.0
 11 6549.954583 1.840E-30 2.564E-07.08400.352 1216.18980.71-.011590          2 0 0          0 0 0  7  1  7        7  6  2      432230817260713049    15.0   15.0
 11 6550.117681 2.178E-30 7.073E-02.03040.250 3879.72080.28-.009900          0 5 0          0 1 0 13  4 10       13  3 11      432230817294713152    27.0   27.0
 11 6550.315790 9.753E-27 1.174E-01.08960.434 1907.45140.72-.006230          1 3 0          0 1 0  2  2  0        3  3  1      434423817294713152     5.0    7.0
 11 6550.454893 1.532E-28 8.916E-01.01350.195 3567.2542-.05-.024290          0 2 1          0 0 0 16  3 14       17  3 15      464233818394713152    33.0   35.0
 11 6550.830810 6.282E-28 2.174E+00.02770.265 3386.05230.18-.018090          0 3 1          0 1 0 11  1 10       12  1 11      434223817294713152    23.0   25.0
 11 6550.947313 6.897E-31 2.406E-01.05590.195 4409.34430.340.000000          0 0 2          0 0 0 16  4 12       17  7 11      3333308387659336 0    33.0   35.0
 11 6550.976174 1.154E-29 8.768E-01.07720.371 4095.80320.61-.010930          1 2 1          1 0 0  5  1  5        6  1  6      434233817294713152    33.0   39.0
 11 6551.051781 1.523E-24 1.953E-02.09200.371  661.54890.72-.010000          1 2 0          0 0 0  5  2  4        6  3  3      467620818377713138    11.0   13.0
 11 6551.103063 2.430E-30 1.452E-02.01770.195 3810.93660.08-.020640          1 2 0          0 0 0 17  2 15       17  3 14      462230818394713152   105.0  105.0
 11 6551.121451 1.647E-25 1.214E-01.04220.315 1810.58790.41-.010000          1 2 0          0 0 0  8  6  3        9  7  2      464523808394713159    51.0   57.0
 11 6551.142275 5.480E-26 1.212E-01.04230.315 1810.58330.42-.010000          1 2 0          0 0 0  8  6  2        9  7  3      464223808394713159    17.0   19.0
 11 6551.196852 2.419E-29 1.595E-05.07620.315 1810.58790.70-.017010          2 0 0          0 0 0  9  2  7        9  7  2      432230817260713049    57.0   57.0
 11 6551.246626 4.284E-29 2.726E-05.08070.298 1616.45310.72-.013250          0 2 1          0 0 0 11  0 11       10  4  6      462230818394713152    23.0   21.0
 11 6551.397675 1.919E-30 6.321E-03.02970.208 3437.27720.31-.025510          0 0 2          0 0 0 15  2 14       16  3 13      432230817260713049    31.0   33.0
 11 6551.454457 7.592E-28 2.570E-02.08090.352 2572.13910.69-.019170          0 3 1          0 1 0  7  2  6        7  4  3      434423817294713152    45.0   45.0
 11 6551.520316 3.436E-30 1.835E-01.10670.504 3755.92850.75-.004960          2 2 0          0 0 1  1  0  1        0  0  0      432230817294713152     9.0    3.0
 11 6551.880947 3.340E-28 2.367E-02.07120.352 2724.16700.63-.014770          0 3 1          0 1 0  7  3  5        7  5  2      434223817294713152    45.0   45.0
 11 6551.985660 7.058E-30 4.279E-01.09580.456 3887.11420.74-.012110          2 2 0          0 0 1  2  2  1        2  2  0      432230817294713152    15.0   15.0
 11 6552.050245 4.796E-31 4.436E-05.05940.333 2552.87970.610.000000          0 3 1          0 1 0  7  1  6        6  5  1      6333308387659336 0    15.0   13.0
 11 6552.078370 5.050E-27 2.797E-02.05380.315 2225.46920.61-.009580          0 0 2          0 0 0  8  6  3        9  9  0      434223817260713049    51.0   57.0
 11 6552.130536 1.678E-27 2.788E-02.05390.315 2225.46910.61-.009540          0 0 2          0 0 0  8  6  2        9  9  1      434223817260713049    17.0   19.0
 11 6552.133114 2.084E-25 7.513E-02.05160.333 1411.64190.48-.012000          1 2 0          0 0 0  7  5  3        8  6  2      464723308394713159    15.0   17.0
 11 6552.276753 1.422E-30 7.115E-05.04120.281 2740.42090.72-.007940          0 0 2          0 0 0 11  4  7       11  9  2      432230817265713049    69.0   69.0
 11 6552.286610 1.986E-26 1.090E-03.08600.333 1050.15770.72-.010910          0 2 1          0 0 0  8  1  8        8  3  5      464223818394713152    17.0   17.0
 11 6552.319612 6.215E-25 7.468E-02.05100.333 1411.61150.49-.017000          1 2 0          0 0 0  7  5  2        8  6  3      468621818377713138    45.0   51.0
 11 6552.480568 1.881E-27 2.174E+00.02810.265 3386.37950.19-.017430          0 3 1          0 1 0 11  2 10       12  2 11      434223817294713152    69.0   75.0
 11 6552.550859 1.781E-30 3.215E-05.05630.281 2321.81300.59-.026150          0 2 1          0 0 0 12  3 10       11  7  5      462230818394713152    25.0   23.0
 11 6552.751937 2.407E-26 6.922E-02.09680.412 1908.01620.74-.007236          1 3 0          0 1 0  3  1  2        4  2  3      4646238072947131 7    21.0   27.0
 11 6552.752619 3.187E-30 9.347E-05.05520.265 2437.50190.60-.029680          0 1 1          0 0 0 13 10  3       12  6  6      462230818394713152    27.0   25.0
 11 6552.783157 3.636E-28 1.085E+00.04700.221 3629.09650.46-.026150          2 0 0          0 0 0 14  6  9       15  7  8      434223817260713049    87.0   93.0
 11 6552.974982 8.944E-30 1.595E-05.06060.298 2054.34520.61-.021100          0 2 1          0 0 0 11  3  9       10  7  4      462230818394713152    69.0   63.0
 11 6553.185849 1.875E-27 2.036E-05.09020.371  661.54890.73-.014060          1 2 0          0 0 0  6  0  6        6  3  3      464223818394713152    13.0   13.0
 11 6553.198956 7.109E-30 1.311E-08.07810.371  447.25240.670.000000          1 2 0          0 0 0  4  1  4        6  1  6     q4222308079917122 0    27.0   39.0
 11 6553.214016 2.415E-29 6.962E-05.05310.265 1960.20740.550.010580          0 1 1          0 0 0 13  8  5       12  2 10      462230818394713152    27.0   25.0
 11 6553.278628 1.882E-28 1.862E-02.06990.315 2818.39800.610.011120          1 3 0          0 1 0  8  3  6        9  2  7      434253817294713152    51.0   57.0
 11 6553.292238 3.018E-29 6.106E-07.08220.371 1045.05800.71-.010250          0 2 1          0 0 0  7  2  6        6  6  1      462230818394713152    45.0   39.0
 11 6553.315842 1.288E-25 5.760E-02.03550.281 1525.13600.28-.018600          1 2 0          0 0 0 10  1  9       11  2 10      464523808394713159    21.0   23.0
 11 6553.434311 1.754E-28 9.051E-04.07730.298 2254.28370.72-.003910          1 0 1          0 0 0 10  4  6       10  8  3      434233817294713152    63.0   63.0
 11 6553.446760 1.137E-27 1.023E-02.06680.281 2142.59770.65-.023900          0 0 2          0 0 0 10  1  9       11  6  6      434223817260713049    21.0   23.0
 11 6553.776796 1.747E-30 2.397E-02.05460.281 3650.50900.58-.009550          0 5 0          0 1 0 10  6  4       11  5  7      432230817294713152    21.0   23.0
 11 6553.900962 1.058E-30 5.053E-02.03670.235 4184.83120.39-.025960          0 1 2          0 1 0 13  0 13       14  3 12      432230817294713152    81.0   87.0
 11 6553.940558 2.842E-24 5.225E-03.09870.477  446.51070.74-.008800          1 2 0          0 0 0  4  1  4        5  2  3      466520818367623136    27.0   33.0
 11 6554.018673 2.614E-30 6.572E-02.04200.250 4052.81090.39-.002370          1 3 0          0 1 0 13  2 11       13  3 10      432230817294713152    81.0   81.0
 11 6554.102862 9.532E-30 2.555E-03.08600.333 2771.69000.72-.013420          2 1 0          0 1 0  7  1  7        8  4  4      432230817294713152    15.0   17.0
 11 6554.141753 3.279E-26 1.156E-01.07860.371 2042.75320.63-.012700          1 3 0          0 1 0  5  0  5        6  1  6      464423807294713159    33.0   39.0
 11 6554.190834 1.181E-30 1.337E-01.07170.265 4329.32430.65-.011130          0 1 2          0 1 0 11  4  7       12  7  6      432230817294713152    69.0   75.0
 11 6554.219943 1.576E-27 6.569E-01.07380.235 2983.39630.70-.023960          2 0 0          0 0 0 13  4 10       14  5  9      434223817260713049    27.0   29.0
 11 6554.221141 3.226E-30 1.550E+00.04730.250 4643.87080.46-.021390          2 1 0          0 1 0 12  6  7       13  7  6      432230817294713152    75.0   81.0
 11 6554.226231 3.768E-27 5.234E-02.09650.412 2005.91690.74-.013260          0 3 1          0 1 0  3  1  2        4  3  1      434423817294713152     7.0    9.0
 11 6554.259488 2.039E-30 8.939E-05.08390.371 2399.16540.70-.013600          0 3 1          0 1 0  7  0  7        6  4  2      432230817294713152    15.0   13.0
 11 6554.316249 2.577E-29 1.340E-03.06370.281 2522.26130.65-.018070          0 0 2          0 0 0 11  3  9       11  8  4      434233817260713049    23.0   23.0
 11 6554.368149 2.312E-30 4.180E-01.09560.456 3885.73770.73-.007970          2 2 0          0 0 1  2  2  0        2  2  1      432230817294713152     5.0    5.0
 11 6554.513840 3.717E-27 4.095E-04.06060.315 1216.23130.58-.011080          0 4 0          0 0 0  9  4  6        9  3  7      484323818260713049    19.0   19.0
 11 6554.540663 5.651E-31 1.580E-03.05850.299 3323.26980.560.000000          1 1 1          0 1 0 10  1 10       11  3  9      5333308387659336 0    21.0   23.0
 11 6554.595323 1.183E-30 1.537E+00.07590.235 4638.34760.71-.039250          1 1 1          0 1 0 13  3 10       14  5  9      432230817294713152    27.0   29.0
 11 6554.600032 1.344E-27 2.006E-03.06760.281 1998.99530.69-.011360          0 4 0          0 0 0 10  6  5       11  5  6      484223818260713049    63.0   69.0
 11 6554.607580 2.110E-30 2.796E-01.02240.235 4183.38900.14-.016940          0 3 1          0 1 0 14  2 13       14  2 12      432230817294713152    29.0   29.0
 11 6554.754040 1.136E-26 1.944E-01.03440.298 2254.28440.35-.013412          1 2 0          0 0 0  9  7  3       10  8  2      4642237983947131 9    19.0   21.0
 11 6554.756420 3.403E-26 1.942E-01.03440.298 2254.28380.35-.013768          1 2 0          0 0 0  9  7  2       10  8  3      4643237983947131 9    57.0   63.0
 11 6554.842540 2.412E-27 1.578E-01.04710.250 2586.52980.46-.040000          1 0 1          0 0 0 12  3 10       13  5  9      434323817294713152    25.0   27.0
 11 6555.011641 3.447E-28 4.155E-03.09750.434 1907.45130.74-.016200          0 3 1          0 1 0  2  1  2        3  3  1      434223817294713152     5.0    7.0
 11 6555.043258 1.110E-29 3.602E-03.03710.208 3211.21270.410.010890          0 1 1          0 0 0 17  7 11       16  3 14      464233818394713152   105.0   99.0
 11 6555.067057 8.640E-29 8.203E-06.07100.333 1411.61150.66-.016750          0 2 1          0 0 0  9  2  8        8  6  3      462230818394713152    57.0   51.0
 11 6555.131537 8.120E-25 3.217E-02.08350.352  927.74390.71-.003000          1 2 0          0 0 0  6  3  3        7  4  4      464523808394713159    13.0   15.0
 11 6555.223630 3.157E-27 2.986E-02.04690.250 2414.72340.430.012330          1 2 0          0 0 0 12  4  9       13  3 10      464223818394713152    75.0   81.0
 11 6555.361906 6.969E-30 8.772E-01.07850.371 4199.39090.63-.008950          1 2 1          1 0 0  5  2  4        6  2  5      432230817294713152    33.0   39.0
 11 6555.365914 1.674E-30 7.002E-02.03040.235 4172.15230.34-.010850          1 0 1          0 0 0 14  9  5       14 11  4      432230817294713152    87.0   87.0
 11 6555.375759 8.116E-30 1.527E-08.08330.391  399.45750.690.000000          1 2 0          0 0 0  3  1  2        5  1  4     q4222308079917122 0    21.0   33.0
 11 6555.502419 4.055E-25 4.554E-02.06900.298 1446.12830.59-.026000          1 2 0          0 0 0  9  2  7       10  3  8      467820818377713138    57.0   63.0
 11 6555.546462 5.662E-31 7.105E-02.02230.234 4172.15250.230.000000          1 0 1          0 0 0 14  9  6       14 11  3      2333308387659336 0    29.0   29.0
 11 6555.664642 1.285E-28 1.373E-02.07450.371 2552.87970.65-.010090          0 3 1          0 1 0  6  3  4        6  5  1      434233817294713152    13.0   13.0
 11 6555.665437 4.326E-28 9.342E-04.07580.298 2054.34520.71-.018720          0 0 2          0 0 0  9  2  7       10  7  4      434223817260713049    57.0   63.0
 11 6555.767553 6.028E-26 3.468E-04.08510.371  756.72480.700.000000          0 2 1          0 0 0  6  0  6        6  4  3      464423308394713159    39.0   39.0
 11 6555.792891 3.408E-29 5.190E-02.02060.192 3291.15210.230.000000          0 4 0          0 0 0 16  3 13       17  2 16      2633308383659336 0    33.0   35.0
 11 6555.807418 2.195E-29 1.444E+00.06580.195 4291.90970.580.002020          0 2 1          0 0 0 16  6 10       17  6 11      464233818394713152    99.0  105.0
 11 6555.883587 8.421E-31 9.874E-02.09760.460 3796.53970.770.000000          2 2 0          1 0 0  2  0  2        3  1  3      3333308387659336 0     5.0    7.0
 11 6555.978020 4.231E-26 2.210E-01.05700.265 2275.37290.61-.030000          2 0 0          0 0 0 11  2  9       12  5  8      468523797277713059    69.0   75.0
 11 6556.033200 2.770E-29 5.326E-01.05510.265 3738.54320.51-.008890          1 1 1          0 1 0 11  1 10       12  3  9      434233817294713152    23.0   25.0
 11 6556.239498 6.644E-30 4.585E-02.04210.265 3770.87890.39-.026140          1 3 0          0 1 0 12  3 10       12  4  9      432230817294713152    75.0   75.0
 11 6556.240877 5.398E-28 5.730E-05.07940.333 1411.61150.69-.016910          1 0 1          0 0 0  8  0  8        8  6  3      434223817294713152    51.0   51.0
 11 6556.318569 4.314E-25 1.002E-02.07500.391  742.07300.68-.007000          0 2 1          0 0 0  4  3  2        5  5  1      466721818377713138     9.0   11.0
 11 6556.395954 9.541E-30 1.175E+00.02220.183 4432.86000.14-.015920          0 2 1          0 0 0 17  5 13       18  5 14      462230818394713152   105.0  111.0
 11 6556.399238 1.762E-27 5.811E-06.07730.391  416.20870.660.007210          0 4 0          0 0 0  6  3  3        5  2  4      484223818260713049    13.0   11.0
 11 6556.400397 1.035E-28 6.630E-01.01750.265 3512.40410.13-.017410          1 2 0          0 0 0 11 10  2       12 11  1      464233818394713152    23.0   25.0
 11 6556.400402 3.104E-28 6.629E-01.01750.265 3512.40410.13-.017390          1 2 0          0 0 0 11 10  1       12 11  2      464223818394713152    69.0   75.0
 11 6556.454016 9.449E-30 9.085E-05.05070.265 2433.80040.56-.025190          0 1 1          0 0 0 13 10  4       12  6  7      462230818394713152    81.0   75.0
 11 6556.479872 3.151E-30 1.023E-03.02270.208 3211.21270.23-.021040          0 2 1          0 0 0 17  1 17       16  3 14      462230818394713152   105.0   99.0
 11 6556.634968 1.624E-30 1.580E-03.02220.208 3211.05480.22-.020910          0 2 1          0 0 0 17  0 17       16  2 14      462230818394713152    35.0   33.0
 11 6556.666485 6.582E-28 7.293E-07.08280.371  447.25240.690.002450          0 4 0          0 0 0  7  2  5        6  1  6      482230818260713049    45.0   39.0
 11 6556.821096 3.606E-25 5.374E-02.03490.281 1524.84790.27-.014000          1 2 0          0 0 0 10  2  9       11  1 10      464723808394713159    63.0   69.0
 11 6556.831319 2.721E-30 2.290E-03.04970.250 3127.80540.50-.020130          2 0 0          0 0 0 13  5  9       13  8  6      432230817260713049    27.0   27.0
 11 6556.919949 1.479E-28 4.397E-02.05690.315 2841.43070.51-.022760          1 3 0          0 1 0  9  2  8        9  3  7      434243817294713152    19.0   19.0
 11 6557.000181 1.593E-30 4.045E-06.07030.281 2144.04630.69-.018310          2 0 0          0 0 0 12  1 12       11  6  5      432230807260713049    75.0   69.0
 11 6557.036828 7.683E-30 3.764E-01.06160.250 4174.03860.56-.017870          1 1 1          0 1 0 12  2 10       13  4  9      432230817294713152    75.0   81.0
 11 6557.050512 1.024E-30 3.057E-02.02990.250 4087.98080.40-.016860          1 0 1          0 0 0 13 10  4       13 12  1      332230807294713152    81.0   81.0
 11 6557.057611 2.264E-29 2.619E-01.04810.250 3877.08860.54-.004840          0 5 0          0 1 0 12  5  8       13  2 11      434233817294713152    75.0   81.0
 11 6557.082968 3.410E-30 2.074E-01.09540.434 3956.66580.73-.005780          2 2 0          0 0 1  3  2  1        3  2  2      432230817294713152    21.0   21.0
 11 6557.096920 1.826E-26 3.083E-01.06300.250 2533.79310.58-.013820          2 0 0          0 0 0 12  3 10       13  4  9      464423817260713049    75.0   81.0
 11 6557.100863 2.436E-29 3.002E-06.07600.352 1216.18980.68-.013500          0 2 1          0 0 0  8  2  7        7  6  2      462230818394713152    17.0   15.0
 11 6557.137760 6.712E-27 5.434E-01.06760.265 2613.10480.650.003050          1 0 1          0 0 0 11  5  6       12  7  5      434323817294713152    23.0   25.0
 11 6557.349366 1.475E-30 1.520E+00.03200.265 4557.55490.490.000000          2 1 0          0 1 0 11  7  5       12  8  4      3333308387659336 0    23.0   25.0
 11 6557.384686 1.304E-24 1.010E-02.07900.391  742.07630.70-.006000          0 2 1          0 0 0  4  3  1        5  5  0      466621818377713138    27.0   33.0
 11 6557.432984 4.419E-30 1.518E+00.04100.265 4557.54630.41-.020140          2 1 0          0 1 0 11  7  4       12  8  5      432230817294713152    69.0   75.0
 11 6557.474117 4.056E-28 1.759E+00.03850.235 3465.06940.37-.025030          2 0 0          0 0 0 13  7  7       14  8  6      434223817260713049    27.0   29.0
 11 6557.643397 1.015E-30 1.446E-01.04270.235 4183.38900.49-.004810          0 5 0          0 1 0 13  5  9       14  2 12      432230817294713152    27.0   29.0
 11 6557.723350 2.130E-26 1.762E-03.08490.315 1360.23530.720.000000          2 0 0          0 0 0  8  1  8        9  4  5      464423797260713059    51.0   57.0
 11 6557.743400 1.493E-27 1.337E+00.05260.281 3314.85570.47-.016780          0 3 1          0 1 0 10  2  8       11  2  9      434223817294713152    63.0   69.0
 11 6557.782055 1.745E-30 7.569E-03.03950.235 3465.06940.66-.015240          1 3 0          0 0 0 13  1 13       14  8  6      432230817265713152    27.0   29.0
 11 6557.910179 2.606E-28 5.378E-03.07900.391 2406.14300.69-.005960          0 3 1          0 1 0  5  3  3        5  5  0      434233817294713152    33.0   33.0
 11 6558.061824 6.461E-30 1.140E-05.05790.281 1843.02960.60-.007330          1 1 0          0 0 0 12  9  3       11  4  8      432230817294713152    25.0   23.0
 11 6558.117913 4.816E-27 2.558E-02.07840.371 2161.28590.64-.014500          1 3 0          0 1 0  6  1  6        6  2  5      434423817294713152    39.0   39.0
 11 6558.136870 1.383E-29 1.028E+00.09540.391 4049.53610.73-.004800          1 2 1          1 0 0  4  1  3        5  1  4      434223817294713152    27.0   33.0
 11 6558.242434 2.588E-30 7.853E-02.07020.281 3832.25170.630.001340          0 3 1          0 1 0 11  4  7       11  6  6      432230817294713152    23.0   23.0
 11 6558.275393 4.888E-29 1.996E-05.06740.265 1557.84440.660.011630          0 1 1          0 0 0 13  6  7       12  0 12      462230818394713152    27.0   25.0
 11 6558.410098 3.651E-29 2.119E-04.01470.221 2358.3016-.02-.003400          0 4 0          0 0 0 15  1 14       15  0 15      484233818260713049    93.0   93.0
 11 6558.420994 2.031E-28 2.367E-06.08420.352  931.23710.72-.018670          1 2 0          0 0 0  7  1  6        7  4  3      464223818394713152    45.0   45.0
 11 6558.445994 6.526E-31 1.989E+00.07420.349 4663.15070.640.000000          2 0 1          0 0 1  6  3  4        7  4  3      3333308387659336 0    13.0   15.0
 11 6558.582330 4.204E-25 7.019E-01.01750.235 2073.51560.60-.019000          0 2 1          0 0 0 13  1 13       14  1 14      46360330839471 059    81.0   87.0
 11 6558.678435 3.280E-30 1.047E-01.01140.183 3940.5451-.08-.022720          0 2 1          0 0 0 18  2 17       18  2 16      362230808394713152    37.0   37.0
 11 6558.801748 2.890E-27 4.640E-02.02020.235 2327.88370.09-.019040          0 2 1          0 0 0 14  1 14       14  1 13      464623818394713152    29.0   29.0
 11 6558.923259 1.619E-28 1.029E+00.02160.195 3810.93660.14-.018890          0 2 1          0 0 0 16  3 13       17  3 14      464233818394713152    99.0  105.0
 11 6558.981030 1.379E-25 6.906E-01.01780.235 2073.51550.60-.018600          0 2 1          0 0 0 13  0 13       14  0 14      46450379839471 059    27.0   29.0
 11 6559.015670 1.680E-26 7.627E-05.10140.434  285.21930.75-.021370          1 2 0          0 0 0  2  0  2        3  3  1      464423818394713152     5.0    7.0
 11 6559.028562 4.291E-31 2.832E+00.07650.352 4851.53780.650.000000          2 0 1          0 0 1  7  3  4        8  4  5      3333308387659336 0    15.0   17.0
 11 6559.135388 1.096E-29 1.168E-01.01160.183 3940.5868-.07-.021600          0 2 1          0 0 0 18  1 17       18  3 16      464233818394713152   111.0  111.0
 11 6559.159390 3.421E-30 4.321E-01.07210.265 4125.59900.64-.013710          1 1 1          0 1 0 11  4  7       12  6  6      432230817294713152    23.0   25.0
 11 6559.227575 2.534E-24 5.685E-02.02800.298 1114.54990.32-.018000          1 2 0          0 0 0  9  0  9       10  1 10      467621818377713138    57.0   63.0
 11 6559.272894 4.768E-30 7.827E-02.04060.208 4006.07320.44-.040000          1 0 1          0 0 0 16  3 13       16  7 10      432230817294713152    99.0   99.0
 11 6559.289665 1.880E-24 4.725E-02.06200.352 1059.83550.56-.014000          1 2 0          0 0 0  6  4  3        7  5  2      468621818377713138    39.0   45.0
 11 6559.535432 1.221E-30 7.835E-01.08950.371 4308.21130.73-.006060          1 2 1          1 0 0  5  3  2        6  3  3      432230817294713152    11.0   13.0
 11 6559.605006 8.369E-25 5.633E-02.02900.298 1114.53230.32-.019000          1 2 0          0 0 0  9  1  9       10  0 10      468621818377713138    19.0   21.0
 11 6559.905138 2.232E-27 7.923E-05.07070.333  982.91170.63-.001490          0 4 0          0 0 0  9  3  7        8  2  6      484223818260713049    19.0   17.0
 11 6559.961488 6.574E-25 4.953E-02.06100.352 1059.64670.60-.012000          1 2 0          0 0 0  6  4  2        7  5  3      467620818377713138    13.0   15.0
 11 6560.045609 2.682E-28 1.273E-02.04360.227 2550.88250.480.000000          1 2 0          0 0 0 14  1 13       14  2 12      2633308383659336 0    29.0   29.0
 11 6560.137510 3.695E-30 1.192E-01.00280.248 4087.98010.180.000000          1 2 0          0 0 0 12 11  2       13 12  1      1633308283659336 0    75.0   81.0
 11 6560.137515 1.231E-30 1.192E-01.00280.248 4087.98010.270.000000          1 2 0          0 0 0 12 11  1       13 12  2      1633308283659336 0    25.0   27.0
 11 6560.142157 1.023E-29 7.789E-06.08090.333 1590.69070.72-.013680          2 0 0          0 0 0  8  2  6        8  7  1      432230817260713049    17.0   17.0
 11 6560.480306 1.091E-27 1.577E+00.03890.235 3464.88740.37-.022980          2 0 0          0 0 0 13  7  6       14  8  7      434223817260713049    81.0   87.0
 11 6560.493580 2.947E-26 1.659E-03.07200.333 1255.16680.68-.015000          1 0 1          0 0 0  7  1  7        8  5  4      466420817277713138    45.0   51.0
 11 6560.497907 1.406E-28 1.149E+00.04860.208 3623.76450.46-.010420          0 2 1          0 0 0 15  4 11       16  4 12      464233818394713152    31.0   33.0
 11 6560.570620 1.365E-27 1.664E-01.04330.298 2904.42840.38-.015120          0 3 1          0 1 0 10  0 10       10  2  9      434823817294713152    63.0   63.0
 11 6560.596039 1.251E-29 2.180E-04.01490.221 2358.3016-.01-.003940          0 4 0          0 0 0 15  2 14       15  1 15      484233818260713049    31.0   31.0
 11 6560.602200 1.846E-28 1.750E-06.08390.371  888.59880.70-.011800          0 2 1          0 0 0  7  1  7        6  5  2      462230818394713152    45.0   39.0
 11 6560.604955 2.046E-28 4.202E+00.07830.371 3600.05230.62-.011240          0 4 1          0 2 0  5  0  5        6  0  6      434233817294713152    11.0   13.0
 11 6560.625017 5.377E-29 4.973E-01.05070.265 3587.66660.55-.004730          0 5 0          0 1 0 11  5  7       12  2 10      434233817294713152    23.0   25.0
 11 6560.672617 1.381E-26 7.587E-01.02870.281 2740.42090.29-.012524          1 2 0          0 0 0 10  8  3       11  9  2      4643238083947131 9    63.0   69.0
 11 6560.673700 4.604E-27 7.588E-01.02870.281 2740.42090.29-.014270          1 2 0          0 0 0 10  8  2       11  9  3      464223818394713152    21.0   23.0
 11 6560.787880 1.059E-26 2.479E-01.02720.221 2631.26880.29-.006340          0 4 0          0 0 0 14  4 11       15  1 14      484323818260713049    87.0   93.0
 11 6560.817660 5.446E-29 7.525E-02.08010.298 3383.26540.73-.023310          2 1 0          0 1 0  9  2  7       10  5  6      434233817294713152    57.0   63.0
 11 6560.840091 8.516E-31 1.227E+00.06240.256 4643.38030.510.000000          2 1 0          0 1 0 12  6  6       13  7  7      3333308387659336 0    25.0   27.0
 11 6560.841952 1.368E-30 3.729E-02.06140.298 3770.72440.58-.013040          0 1 2          0 1 0  9  4  6       10  7  3      432230817294713152    19.0   21.0
 11 6560.955480 8.786E-29 5.445E-03.08230.391 2406.14080.71-.002520          0 3 1          0 1 0  5  3  2        5  5  1      434233817294713152    11.0   11.0
 11 6560.971356 3.588E-26 7.823E-05.07780.352  586.24350.67-.005096          0 4 0          0 0 0  7  3  4        7  0  7      4845238082607130 8    45.0   45.0
 11 6561.010472 1.074E-26 1.132E-01.07700.371 2041.78040.61-.009644          1 3 0          0 1 0  5  1  5        6  0  6      4643238072947131 7    11.0   13.0
 11 6561.131689 7.474E-28 4.903E-03.05820.281 2321.90570.59-.030960          1 0 1          0 0 0 11  3  9       11  7  4      434223817294713152    69.0   69.0
 11 6561.230876 8.663E-29 4.366E+00.09440.371 3784.67910.74-.002100          0 4 1          0 2 0  5  2  3        6  2  4      434233817294713152    11.0   13.0
 11 6561.249163 2.058E-28 8.256E-04.01540.250 2042.3741-.04-.004780          0 4 0          0 0 0 14  1 13       13  2 12      484233818260713049    29.0   27.0
 11 6561.251514 1.000E-29 9.321E-01.09700.391 4095.92000.75-.002980          1 2 1          1 0 0  4  2  2        5  2  3      434233817294713152    27.0   33.0
 11 6561.254830 6.105E-27 6.679E-02.07420.352 2309.73010.610.001860          1 3 0          0 1 0  6  2  5        7  1  6      434223817294713152    39.0   45.0
 11 6561.264157 1.130E-26 6.054E-02.02050.235 2327.91400.10-.020320          0 2 1          0 0 0 14  0 14       14  2 13      464423818394713152    87.0   87.0
 11 6561.269927 1.284E-27 9.190E-02.06480.265 2813.51210.63-.003980          0 0 2          0 0 0 11  5  6       12  8  5      434223817260713049    69.0   75.0
 11 6561.417660 3.713E-27 2.306E-02.02520.221 2358.30160.26-.005590          0 4 0          0 0 0 14  3 12       15  0 15      484323818260713049    87.0   93.0
 11 6561.487901 3.147E-30 7.435E-04.05940.235 2880.83420.59-.012810          2 0 0          0 0 0 14  1 13       14  4 10      432230817260713049    29.0   29.0
 11 6561.646170 6.659E-27 4.653E-03.07990.298 1616.45310.72-.016570          0 2 1          0 0 0 10  2  9       10  4  6      464223818394713152    21.0   21.0
 11 6561.899240 1.670E-29 6.212E-01.04900.195 4174.28700.470.016930          1 2 0          0 0 0 16  6 11       17  5 12      464233818394713152    99.0  105.0
 11 6561.937862 4.623E-28 1.681E-01.04290.298 2903.14610.37-.013170          0 3 1          0 1 0 10  1 10       10  1  9      434223817294713152    21.0   21.0
 11 6562.141350 1.223E-29 2.494E-01.08710.391 3598.51590.69-.013570          0 4 1          0 2 0  5  0  5        5  2  4      434233817294713152    11.0   11.0
 11 6562.444704 4.352E-29 2.867E-03.05260.265 2813.51210.53-.016650          2 0 0          0 0 0 12  5  8       12  8  5      434233817260713049    75.0   75.0
 11 6562.532908 1.492E-30 1.260E-01.07880.250 4285.64750.74-.021260          2 1 0          0 1 0 12  4  9       13  5  8      432230817294713152    75.0   81.0
 11 6562.535355 1.247E-30 1.941E-06.06080.235 2073.51560.650.008230          0 1 1          0 0 0 14  7  7       14  1 14      462230818394713152    87.0   87.0
 11 6562.721866 8.406E-30 1.950E-04.07010.250 2629.33450.71-.014940          0 4 0          0 0 0 14  4 11       13  5  8      482230818260713049    87.0   81.0
 11 6562.854492 1.360E-29 1.511E-06.08540.352 1394.81420.74-.011140          2 0 0          0 0 0  7  2  5        7  7  0      432230817260713049    45.0   45.0
 11 6562.977406 8.033E-30 1.025E-05.03580.250 1806.67150.680.012040          1 1 0          0 0 0 14  6  8       13  1 13      432230817265713152    29.0   27.0
 11 6563.056980 4.132E-31 8.820E-02.02880.172 4331.0892-.120.000000          0 5 0          0 0 0 18  0 18       19  3 17      3333308387659336 0    37.0   39.0
 11 6563.169200 1.050E-27 4.527E-03.02210.250 2042.37410.14-.007440          0 4 0          0 0 0 13  3 11       13  2 12      484223818260713049    27.0   27.0
 11 6563.182192 3.128E-25 3.862E-02.07400.315 1216.23130.66-.017000          1 2 0          0 0 0  8  2  6        9  3  7      466820818377713138    17.0   19.0
 11 6563.253550 2.401E-26 1.655E-01.05650.265 2105.86790.520.000000          2 0 0          0 0 0 11  2 10       12  3  9      464523797260713059    23.0   25.0
 11 6563.306441 2.396E-30 7.442E-03.03340.205 3437.27720.370.000000          1 2 0          0 0 0 16  2 14       16  3 13      1633308383659336 0    33.0   33.0
 11 6563.306854 2.143E-30 2.025E+00.06380.371 4613.57320.56-.011490          2 0 1          0 0 1  5  4  2        6  5  1      332230807294713152    33.0   39.0
 11 6563.339721 4.321E-29 3.126E-04.08960.391 1922.82890.720.002390          0 5 0          0 1 0  4  4  0        5  1  5      434233817294713152     9.0   11.0
 11 6563.348780 6.447E-30 7.733E-02.10470.456 3221.96110.750.001690          1 4 0          0 2 0  1  1  1        2  0  2      432230817294713152     3.0    5.0
 11 6563.402780 1.203E-29 1.032E-04.06760.333 2337.66670.580.004910          0 5 0          0 1 0  9  2  7        8  1  8      432230817294713152    57.0   51.0
 11 6563.721930 4.602E-30 1.091E-08.08330.391  446.51070.690.000000          1 2 0          0 0 0  3  2  1        5  2  3     q4222308079917122 0    21.0   33.0
 11 6563.894932 5.817E-29 4.227E+00.07080.352 3894.16770.58-.010380          0 4 1          0 2 0  6  2  5        7  2  6      434233817294713152    13.0   15.0
 11 6563.946389 2.860E-28 2.566E-01.05230.281 3314.85560.48-.017400          1 1 1          0 1 0 10  0 10       11  2  9      434223817294713152    63.0   69.0
 11 6564.022355 1.953E-30 1.226E-04.07560.352 2724.16700.67-.018660          0 3 1          0 1 0  8  1  7        7  5  2      432230817294713152    51.0   45.0
 11 6564.023051 3.993E-28 1.425E-02.08260.371 2552.85720.71-.000880          0 3 1          0 1 0  6  3  3        6  5  2      434223817294713152    39.0   39.0
 11 6564.076980 2.440E-24 3.287E-02.08600.352  931.23710.72-.011000          0 2 1          0 0 0  6  2  4        7  4  3      466820308378713138    39.0   45.0
 11 6564.186036 1.409E-29 7.351E-04.07400.281 2522.26130.69-.006950          1 0 1          0 0 0 11  4  7       11  8  4      434233817294713152    23.0   23.0
 11 6564.347701 5.544E-31 1.242E-01.09310.443 4050.05230.720.000000          2 2 0          0 0 1  4  2  2        4  2  3      4333308387659336 0     9.0    9.0
 11 6564.439398 4.996E-30 1.386E-03.05340.208 2952.38650.56-.007890          0 1 1          0 0 0 17  5 12       16  1 15      462230818394713152    35.0   33.0
 11 6564.445705 4.398E-28 4.289E-04.04080.265 1962.50690.41-.018440          1 2 0          0 0 0 13  0 13       12  3 10      464223818394713152    81.0   75.0
 11 6564.538578 6.239E-28 8.348E-04.01550.250 2042.3106-.04-.005630          0 4 0          0 0 0 14  2 13       13  1 12      484223818260713049    87.0   81.0
 11 6564.718435 1.197E-26 4.899E-06.09230.434  136.76170.740.003808          0 4 0          0 0 0  4  3  2        3  0  3      4845238082607130 7    27.0   21.0
 11 6564.746745 2.685E-30 1.270E-04.07580.352 2439.95440.65-.016450          1 3 0          0 1 0  8  0  8        7  3  5      432230817294713152    17.0   15.0
 11 6564.752860 3.026E-30 6.574E-02.05510.221 3824.49940.57-.040000          1 0 1          0 0 0 15  4 11       15  8  8      432230817294713152    31.0   31.0
 11 6564.770054 5.089E-28 4.382E-04.03590.281 1695.06860.30-.004700          0 4 0          0 0 0 12  2 10       11  3  9      484223818260713049    25.0   23.0
 11 6564.829284 5.345E-29 1.027E+00.02070.195 3812.04670.12-.020440          0 2 1          0 0 0 16  4 13       17  4 14      464233818394713152    33.0   35.0
 11 6564.851501 1.747E-30 2.889E-06.08120.391 1920.76640.670.001850          0 5 0          0 1 0  6  3  4        5  0  5      432230807294713152    39.0   33.0
 11 6564.900400 2.707E-29 2.453E+00.03950.250 4074.03860.35-.009990          0 3 1          0 1 0 12  4  9       13  4 10      434233817294713152    25.0   27.0
 11 6565.012813 5.724E-28 9.488E-01.06710.281 3441.03950.600.015710          1 3 0          0 1 0 10  4  7       11  3  8      434223817294713152    63.0   69.0
 11 6565.029356 6.375E-27 1.030E-03.08080.352 1216.18980.70-.015700          1 0 1          0 0 0  6  2  5        7  6  2      734423807294713152    13.0   15.0
 11 6565.191403 2.658E-27 2.709E-04.05530.298 1446.12830.55-.011690          0 4 0          0 0 0 10  4  7       10  3  8      484823818260713049    63.0   63.0
 11 6565.380801 5.992E-30 4.955E-05.08710.391 2251.86240.71-.012760          0 3 1          0 1 0  6  0  6        5  4  1      432230817294713152    39.0   33.0
 11 6565.495531 6.851E-29 2.423E-04.08430.371 2042.75320.700.003540          0 5 0          0 1 0  5  4  1        6  1  6      434233817294713152    33.0   39.0
 11 6565.509808 1.198E-29 1.589E-06.06580.298 1293.01810.650.002200          1 1 0          0 0 0 11  8  4       10  1  9      432230817294713152    23.0   21.0
 11 6565.967620 1.939E-26 2.538E-02.07560.298 1724.70540.69-.020000          1 0 1          0 0 0  9  1  8       10  5  5      464323797294713159    19.0   21.0
 11 6566.235360 1.331E-25 4.454E-02.04720.281 1690.66440.410.000000          1 2 0          0 0 0 10  3  8       11  2  9      464523798394713159    63.0   69.0
 11 6566.506500 2.687E-30 1.389E-07.07060.315 1080.38540.680.000320          0 1 1          0 0 0 10  8  3        9  2  8      462230818394713152    21.0   19.0
 11 6566.609100 1.927E-26 1.746E-02.08500.298 1874.97300.70-.008000          2 0 0          0 0 0  9  3  6       10  6  5      464420817277713038    57.0   63.0
 11 6566.698000 7.276E-28 2.300E+00.03780.265 3592.42390.33-.014450          0 3 1          0 1 0 11  3  9       12  3 10      434223817294713152    69.0   75.0
 11 6566.929238 1.449E-28 1.748E-01.05350.333 3306.29520.53-.007670          1 1 1          0 1 0  7  5  3        8  7  2      434233817294713152    45.0   51.0
 11 6566.990371 4.799E-29 1.737E-01.05430.333 3306.29550.54-.007070          1 1 1          0 1 0  7  5  2        8  7  1      434233817294713152    15.0   17.0
 11 6567.199774 5.848E-28 4.047E+00.07720.371 3601.85880.61-.010930          0 4 1          0 2 0  5  1  5        6  1  6      434223817294713152    33.0   39.0
 11 6567.266890 1.902E-28 5.304E-03.04910.250 2426.19650.52-.029500          1 0 1          0 0 0 13  0 13       13  4 10      434233817294713152    27.0   27.0
 11 6567.317190 7.647E-28 8.428E-01.01690.208 3211.05480.03-.021340          0 2 1          0 0 0 15  2 13       16  2 14      464223818394713152    31.0   33.0
 11 6567.444313 6.231E-31 5.655E-02.05820.288 4038.35150.570.000000          0 1 2          0 1 0 10  4  6       11  7  5      3333308387659336 0    21.0   23.0
 11 6567.571789 1.252E-28 3.625E-04.04110.265 1960.20740.41-.010830          1 2 0          0 0 0 13  1 13       12  2 10      464233818394713152    27.0   25.0
 11 6567.625626 4.241E-28 2.154E-02.08130.371 2399.16540.68-.017730          0 3 1          0 1 0  6  2  5        6  4  2      434223817294713152    13.0   13.0
 11 6567.629213 9.050E-28 1.062E-02.02790.250 2248.06450.23-.020230          1 2 0          0 0 0 13  2 12       13  3 11      464223818394713152    27.0   27.0
 11 6567.693963 1.049E-30 6.876E-01.07550.352 4572.44630.66-.012060          1 2 1          1 0 0  6  4  2        7  4  3      332230807294713152    39.0   45.0
 11 6567.715320 5.449E-31 2.383E-04.06210.315 2920.13210.630.000000          0 3 1          0 1 0  9  1  8        8  5  3      5333308387659336 0    19.0   17.0
 11 6567.886710 1.561E-27 1.383E+00.03530.250 3347.78290.36-.023490          2 0 0          0 0 0 12  8  5       13  9  4      434323817260713049    75.0   81.0
 11 6567.916000 5.206E-28 1.383E+00.03530.250 3347.78270.36-.023470          2 0 0          0 0 0 12  8  4       13  9  5      434223817260713049    25.0   27.0
 11 6567.951950 2.799E-28 1.180E-03.05350.281 1985.78490.57-.008030          0 4 0          0 0 0 10  6  4       11  5  7      484223818260713049    21.0   23.0
 11 6568.010698 3.923E-28 2.392E-05.05440.371 1045.05830.620.002450          0 4 0          0 0 0  7  5  3        6  6  0      484223818260713049    15.0   13.0
 11 6568.089280 2.694E-26 3.087E-02.04400.265 1962.50690.43-.020000          1 0 1          0 0 0 11  1 11       12  3 10      464323797294713159    69.0   75.0
 11 6568.204950 5.805E-27 2.184E+00.03490.281 3135.76490.27-.017920          0 3 1          0 1 0 10  1  9       11  1 10      434323817294713152    63.0   69.0
 11 6568.206000 6.539E-28 4.635E+00.09540.391 3565.45460.73-.004800          0 4 1          0 2 0  4  1  3        5  1  4      434223817294713152    27.0   33.0
 11 6568.321366 1.139E-27 2.315E-05.05410.371 1045.05800.620.002580          0 4 0          0 0 0  7  5  2        6  6  1      484223818260713049    45.0   39.0
 11 6568.405610 1.554E-25 7.554E-03.04350.298 1293.63410.38-.009500          1 2 0          0 0 0 10  1 10       10  2  9      464723798394713159    63.0   63.0
 11 6568.455420 9.652E-27 7.409E-02.09960.434 1813.78750.74-.007830          1 3 0          0 1 0  2  1  1        3  2  2      434423817294713152     5.0    7.0
 11 6568.572779 1.744E-30 4.499E-02.03180.250 3831.17910.38-.009670          1 0 1          0 0 0 13  9  4       13 11  3      432230817294713152    27.0   27.0
 11 6568.617601 5.083E-26 7.390E-03.04300.298 1293.01810.37-.008000          1 2 0          0 0 0 10  0 10       10  1  9      464223808394713159    21.0   21.0
 11 6568.634144 5.254E-30 4.518E-02.03180.250 3831.17910.38-.009700          1 0 1          0 0 0 13  9  5       13 11  2      432230817294713152    81.0   81.0
 11 6568.667343 1.127E-30 1.220E-06.07010.298 1724.70540.72-.017660          1 1 0          0 0 0 11 10  2       10  5  5      432230817294713152    23.0   21.0
 11 6568.684407 1.765E-29 9.219E-01.08940.391 3976.30810.70-.009430          1 2 1          1 0 0  4  0  4        5  0  5      434223817294713152    27.0   33.0
 11 6568.783709 2.051E-28 1.801E+00.05370.221 3624.18110.51-.006820          2 0 0          0 0 0 14  6  8       15  7  9      434233817260713049    29.0   31.0
 11 6568.924640 1.619E-28 2.820E-06.08610.371  757.78020.71-.017460          1 2 0          0 0 0  6  1  5        6  4  2      462230818394713152    13.0   13.0
 11 6568.947456 8.783E-28 1.415E-02.02030.235 2327.88370.10-.006560          0 4 0          0 0 0 14  2 12       14  1 13      484223818260713049    29.0   29.0
 11 6568.984070 7.333E-30 4.974E-08.09290.412  488.13420.73-.014630          1 2 0          0 0 0  4  1  3        4  4  0      462230818394713152     9.0    9.0
 11 6568.990427 3.479E-30 1.398E-01.02870.235 3922.33110.300.000000          0 4 0          0 0 0 13  9  5       14 10  4      3633308383659336 0    27.0   29.0
 11 6568.992066 1.044E-29 1.398E-01.03800.235 3922.33060.350.000000          0 4 0          0 0 0 13  9  4       14 10  5      3633308383659336 0    81.0   87.0
 11 6569.026680 1.109E-26 7.804E-01.01450.221 2631.2834-.06-.019280          0 2 1          0 0 0 14  2 13       15  2 14      464323818394713152    29.0   31.0
 11 6569.061140 5.741E-28 5.106E-02.06440.315 2818.39800.560.000980          1 3 0          0 1 0  9  1  8        9  2  7      434223817294713152    57.0   57.0
 11 6569.176664 5.502E-31 1.298E-03.05650.299 3323.26980.560.000000          0 3 1          0 1 0 12  1 12       11  3  9      4333308387659336 0    25.0   23.0
 11 6569.319484 8.489E-28 7.630E-01.05640.281 3314.85560.57-.001060          0 5 0          0 1 0 10  5  6       11  2  9      434223817294713152    63.0   69.0
 11 6569.319986 1.341E-30 1.882E-03.04620.221 3472.88130.76-.040000          1 0 1          0 0 0 14  4 10       15  6  9      332230807265713152    87.0   93.0
 11 6569.327813 2.399E-29 4.819E-04.07390.315 2512.28290.660.005150          0 5 0          0 1 0  9  3  6        9  0  9      434233817294713152    57.0   57.0
 11 6569.376016 1.803E-30 1.222E-02.03170.265 3766.38700.48-.010680          1 0 1          0 0 0 12 10  2       12 12  1      432230807294713152    75.0   75.0
 11 6569.426500 1.539E-27 2.185E+00.08370.298 3162.25890.700.002210          0 3 1          0 1 0  9  3  6       10  3  7      434423817294713152    19.0   21.0
 11 6569.437350 2.175E-29 1.506E-01.08430.371 3601.85880.70-.001516          0 6 0          0 2 0  5  4  1        6  1  6      4342338172947131 8    33.0   39.0
 11 6569.715728 2.062E-27 3.065E-02.08250.371 2146.26360.66-.001620          1 3 0          0 1 0  6  0  6        6  1  5      434223817294713152    13.0   13.0
 11 6569.848900 2.408E-27 8.859E-01.01680.208 3211.21270.03-.019330          0 2 1          0 0 0 15  3 13       16  3 14      464523818394713152    93.0   99.0
 11 6569.899410 6.885E-30 1.044E-04.07180.265 2300.68500.72-.016000          0 4 0          0 0 0 13  4 10       12  5  7      482230818260713049    27.0   25.0
 11 6569.987982 2.257E-27 2.599E-01.05600.250 2927.94120.56-.027610          0 0 2          0 0 0 12  4  9       13  7  6      434323817260713049    75.0   81.0
 11 6570.053905 7.833E-30 2.634E+00.04080.235 4585.34810.37-.009200          0 3 1          0 1 0 13  5  9       14  5 10      432230817294713152    81.0   87.0
 11 6570.173049 5.523E-30 2.382E-04.05520.250 2756.41530.59-.032650          0 1 1          0 0 0 14 10  4       13  6  7      462230818394713152    87.0   81.0
 11 6570.174278 1.308E-29 5.529E-04.08820.371 2552.85720.72-.016910          1 1 1          0 1 0  5  1  5        6  5  2      434233817294713152    33.0   39.0
 11 6570.257502 2.202E-30 3.666E+00.05740.298 4842.13160.51-.009900          0 4 1          0 2 0  9  4  6       10  4  7      332230807294713152    57.0   63.0
 11 6570.310677 1.222E-28 2.612E-02.08290.352 2724.04140.72-.000240          0 3 1          0 1 0  7  3  4        7  5  3      434233817294713152    15.0   15.0
 11 6570.376300 8.653E-27 2.944E-02.04420.265 1960.20740.42-.022100          1 0 1          0 0 0 11  0 11       12  2 10      434323817294713152    23.0   25.0
 11 6570.440209 2.933E-30 9.861E-01.02920.183 4638.64460.25-.012790          0 2 1          0 0 0 17  6 12       18  6 13      362230808394713152   105.0  111.0
 11 6570.761099 4.194E-30 8.357E-01.07760.371 4292.90990.64-.006690          1 2 1          1 0 0  5  3  3        6  3  4      432230817294713152    33.0   39.0
 11 6570.840566 2.907E-24 5.987E-02.07600.371  757.78020.64-.012000          1 2 0          0 0 0  5  3  3        6  4  2      466620818377713138    11.0   13.0
 11 6570.903192 2.861E-28 7.258E-03.02230.208 2660.94480.21-.002490          0 4 0          0 0 0 15  2 13       16  1 16      484223818260713049    93.0   99.0
 11 6571.002446 1.996E-24 3.360E-02.07800.333 1006.11590.68-.006000          1 2 0          0 0 0  7  2  5        8  3  6      466721818377713138    45.0   51.0
 11 6571.137041 1.818E-29 2.291E-05.07110.281 1998.99530.71-.017230          0 4 0          0 0 0 12  4  9       11  5  6      482230818260713049    75.0   69.0
 11 6571.180370 5.310E-26 1.648E-02.07880.315 1631.38300.70-.020000          1 0 1          0 0 0  8  2  6        9  6  3      464423797294713159    51.0   57.0
 11 6571.299263 3.985E-29 4.178E+00.06730.333 4224.58640.57-.009130          0 4 1          0 2 0  7  3  5        8  3  6      434233817294713152    45.0   51.0
 11 6571.311353 1.238E-30 4.317E-01.09450.371 4408.02880.75-.024910          3 0 0          0 0 1  5  1  4        6  3  3      332230807294713152    33.0   39.0
 11 6571.343543 1.098E-30 5.272E-02.03070.235 4184.83120.29-.006200          0 6 0          0 1 0 13  0 13       14  3 12      2322338072947131 9    81.0   87.0
 11 6571.408377 1.925E-27 2.182E+00.03520.281 3136.41250.28-.015940          0 3 1          0 1 0 10  2  9       11  2 10      434223817294713152    21.0   23.0
 11 6571.479803 2.404E-28 8.060E-07.08900.391  610.34120.72-.015870          1 2 0          0 0 0  5  1  4        5  4  1      464223818394713152    33.0   33.0
 11 6571.531868 2.544E-29 2.842E-01.07610.281 3833.14430.68-.004800          1 1 1          0 1 0 10  4  6       11  6  5      434233817294713152    63.0   69.0
 11 6571.547690 5.062E-30 1.755E-01.08430.352 3967.48860.690.000770          1 4 0          0 2 0  6  3  4        7  2  5      432230817294713152    39.0   45.0
 11 6571.638135 2.953E-29 4.768E-07.08910.391  742.07300.72-.010800          0 2 1          0 0 0  6  1  6        5  5  1      462230818394713152    13.0   11.0
 11 6571.729666 2.366E-27 2.029E+00.06430.298 3058.39840.56-.013380          0 3 1          0 1 0  9  2  7       10  2  8      434323817294713152    19.0   21.0
 11 6571.742896 1.129E-28 3.460E-02.06240.298 3072.72630.57-.020980          2 1 0          0 1 0  9  0  9       10  3  8      434233817294713152    57.0   63.0
 11 6571.835400 1.451E-26 1.052E-01.08950.391 1922.82890.70-.011000          1 3 0          0 1 0  4  0  4        5  1  5      464323817294713152     9.0   11.0
 11 6571.943904 5.671E-30 8.945E-01.08720.391 3977.45640.68-.009900          1 2 1          1 0 0  4  1  4        5  1  5      432230817294713152     9.0   11.0
 11 6571.958675 3.729E-27 7.119E-02.05380.281 2522.26510.54-.013710          0 0 2          0 0 0 10  5  6       11  8  3      434223817260713049    63.0   69.0
 11 6571.964213 9.794E-25 5.267E-02.04000.298 1293.63410.38-.026000          1 2 0          0 0 0  9  1  8       10  2  9      467621818377713138    57.0   63.0
 11 6571.969663 2.221E-30 8.540E-02.06820.265 4123.28530.62-.012590          0 3 1          0 1 0 12  4  8       12  6  7      332230807294713152    75.0   75.0
 11 6571.988003 2.124E-27 1.153E-02.09120.391 2130.49420.72-.013660          0 3 1          0 1 0  5  1  5        5  3  2      434223817294713152    33.0   33.0
 11 6572.059239 1.485E-28 1.123E-05.08480.352 1059.64670.71-.013290          2 0 0          0 0 0  6  0  6        7  5  3      432230817260713049    13.0   15.0
 11 6572.112038 1.345E-26 2.071E+00.04050.298 2705.09690.32-.015000          0 3 1          0 1 0  9  0  9       10  0 10      464423807294713159    19.0   21.0
 11 6572.131748 9.035E-29 3.026E-01.05770.298 3564.70500.53-.018400          1 1 1          0 1 0  9  4  6       10  6  5      434233817294713152    57.0   63.0
 11 6572.319209 6.346E-30 3.618E-02.04900.281 3487.39920.45-.027340          1 3 0          0 1 0 11  3  9       11  4  8      432230817294713152    23.0   23.0
 11 6572.338830 4.029E-26 2.068E+00.03100.298 2705.13960.32-.022000          0 3 1          0 1 0  9  1  9       10  1 10      468521817277713138    57.0   63.0
 11 6572.551964 2.047E-30 9.932E-02.10450.456 3734.89690.76-.015800          2 2 0          1 0 0  1  0  1        2  1  2      432230817294713152     9.0   15.0
 11 6572.634562 9.693E-28 1.001E-05.08210.352  931.23710.70-.014660          1 2 0          0 0 0  8  1  8        7  4  3      464223818394713152    51.0   45.0
 11 6572.919973 1.094E-27 4.361E-02.06590.333 2630.19250.57-.023470          1 3 0          0 1 0  8  2  7        8  3  6      434223817294713152    51.0   51.0
 11 6572.930843 2.012E-30 2.183E-01.10620.480 3779.49310.760.000020          2 2 0          0 0 1  2  0  2        1  0  1      432230817294713152     5.0    3.0
 11 6573.050584 1.149E-29 3.472E-01.08250.371 3713.08250.67-.001300          0 4 1          0 2 0  6  1  6        6  1  5      434233817294713152    13.0   13.0
 11 6573.106594 1.373E-30 3.594E-03.03370.208 3639.53850.330.010620          0 1 1          0 0 0 17  9  9       16  5 12      462230818394713152   105.0   99.0
 11 6573.146050 2.355E-26 5.093E-01.05100.281 2321.81210.48-.008000          1 0 1          0 0 0 10  5  6       11  7  5      464320817277713138    21.0   23.0
 11 6573.223212 5.015E-27 2.028E-02.09800.434 1907.61570.74-.011680          0 3 1          0 1 0  2  1  1        3  3  0      434223817294713152    15.0   21.0
 11 6573.237106 2.217E-26 5.209E-01.01450.221 2631.2688-.06-.016000          0 2 1          0 0 0 14  1 13       15  1 14      464423808394713159    87.0   93.0
 11 6573.294332 2.036E-30 3.589E-05.07720.352 2181.08980.680.004320          0 5 0          0 1 0  6  4  2        7  1  7      432230817294713152    13.0   15.0
 11 6573.307404 5.452E-28 1.913E-04.05990.298 1718.71880.58-.000610          0 4 0          0 0 0 11  4  7       10  5  6      484423818260713049    69.0   63.0
 11 6573.459278 4.736E-30 1.009E-03.05280.235 3084.83570.57-.032230          2 0 0          0 0 0 14  3 12       14  6  9      432230817260713049    87.0   87.0
 11 6573.475602 3.886E-30 1.491E-01.10240.480 3791.70090.75-.006420          2 2 0          0 0 1  2  1  2        1  1  1      432230817294713152    15.0    9.0
 11 6573.527994 3.754E-27 1.463E-02.02750.250 2246.88480.21-.014800          1 2 0          0 0 0 13  1 12       13  2 11      464223818394713152    81.0   81.0
 11 6573.643348 4.837E-27 1.755E-03.07220.333 1411.64190.65-.013060          2 0 0          0 0 0  7  3  5        8  6  2      434323817260713049    15.0   17.0
 11 6573.678800 7.512E-28 1.232E-02.07420.265 2300.68500.71-.029470          0 2 1          0 0 0 12  3 10       12  5  7      464223818394713152    25.0   25.0
 11 6573.804360 1.526E-30 5.848E-02.09940.434 3791.37210.74-.002790          2 2 0          1 0 0  2  1  2        3  0  3      332230807294713152    15.0   21.0
 11 6573.966947 2.446E-27 1.133E+00.05950.221 3244.60070.54-.003670          0 2 1          0 0 0 14  4 10       15  4 11      464623818394713152    87.0   93.0
 11 6574.123142 3.054E-28 1.013E+00.02720.208 3437.27720.22-.018880          0 2 1          0 0 0 15  3 12       16  3 13      464323818394713152    31.0   33.0
 11 6574.336220 1.421E-27 1.157E+00.06910.221 3360.60030.600.007200          0 2 1          0 0 0 14  5  9       15  5 10      464223818394713152    87.0   93.0
 11 6574.429700 3.690E-30 1.567E-02.06120.298 3387.40060.65-.011600          0 5 0          0 1 0  9  6  4       10  5  5      432230817294713152    19.0   21.0
 11 6574.558311 6.952E-31 5.316E-07.05850.285 1590.69070.600.000000          0 0 2          0 0 0  8  0  8        8  7  1      1333308387659336 0    17.0   17.0
 11 6574.653972 2.436E-30 8.552E-07.06500.298 1718.71880.69-.015890          1 1 0          0 0 0 11 10  1       10  5  6      432230817294713152    69.0   63.0
 11 6574.775216 1.678E-29 1.761E-02.02110.208 3439.30660.14-.028200          1 2 0          0 0 0 16  3 14       16  4 13      464233818394713152    99.0   99.0
 11 6574.830530 3.689E-27 1.890E+00.02430.281 2972.82790.25-.024300          2 0 0          0 0 0 10  9  1       11 10  2      434223817260713049    21.0   23.0
 11 6574.830690 1.107E-26 1.890E+00.02430.281 2972.82790.25-.019780          2 0 0          0 0 0 10  9  2       11 10  1      4645237972607130 9    63.0   69.0
 11 6574.924397 4.144E-29 1.962E-01.09260.412 3482.06450.72-.012520          0 4 1          0 2 0  4  0  4        4  2  3      434233817294713152    27.0   27.0
 11 6575.179700 2.036E-29 1.118E+00.02610.195 4027.50600.19-.013260          0 2 1          0 0 0 16  5 12       17  5 13      464233818394713152    33.0   35.0
 11 6575.494120 1.440E-27 3.669E-01.05710.235 2880.83420.530.018200          1 2 0          0 0 0 13  5  9       14  4 10      464223818394713152    27.0   29.0
 11 6575.554345 3.739E-29 3.169E+00.07470.250 4285.64750.65-.007200          0 3 1          0 1 0 12  5  7       13  5  8      434233817294713152    75.0   81.0
 11 6575.587630 1.538E-25 3.008E-01.04450.315 2009.80510.47-.007000          1 0 1          0 0 0  8  6  2        9  8  1      464423797294713159    51.0   57.0
 11 6575.609101 4.369E-30 7.775E-02.05220.265 3738.54320.48-.000800          1 3 0          0 1 0 12  2 10       12  3  9      432230817294713152    25.0   25.0
 11 6575.610432 5.143E-26 3.017E-01.04430.315 2009.80500.47-.012000          1 0 1          0 0 0  8  6  3        9  8  2      464323807294713159    17.0   19.0
 11 6576.079008 1.380E-29 4.714E-02.04430.221 3443.19190.48-.040000          1 0 1          0 0 0 15  2 13       15  6 10      434233817294713152    31.0   31.0
 11 6576.080394 4.911E-27 1.532E-04.06030.315 1201.92150.56-.000100          0 4 0          0 0 0 10  3  8        9  2  7      464623818360713049    63.0   57.0
 11 6576.095048 9.355E-29 2.178E-04.05790.265 2124.95140.59-.021970          2 0 0          0 0 0 12  1 12       12  4  9      434233817260713049    75.0   75.0
 11 6576.189730 1.477E-27 4.101E-03.06350.281 2144.04630.63-.035040          1 0 1          0 0 0 11  2 10       11  6  5      434523817294713152    69.0   69.0
 11 6576.191002 4.354E-31 6.440E-03.09310.443 3438.57500.720.000000          1 4 0          0 2 0  3  2  2        4  1  3      5333308387659336 0     7.0    9.0
 11 6576.230541 6.608E-30 2.163E-01.02780.250 3879.72080.22-.019800          0 3 1          0 1 0 13  1 12       13  3 11      432230817294713152    27.0   27.0
 11 6576.242463 3.795E-30 6.053E-01.10020.412 3927.80280.75-.003480          1 2 1          1 0 0  3  1  2        4  1  3      432230817294713152     7.0    9.0
 11 6576.442277 2.154E-28 2.044E-02.04530.235 2918.24490.49-.038490          1 0 1          0 0 0 14  1 13       14  5 10      434233817294713152    87.0   87.0
 11 6576.558094 3.558E-30 8.606E-01.08560.391 4065.13180.68-.006130          1 2 1          1 0 0  4  2  3        5  2  4      432230817294713152     9.0   11.0
 11 6576.652757 1.295E-28 2.297E-04.04710.281 1843.02960.410.000490          0 4 0          0 0 0 12  3  9       11  4  8      464233818360713049    25.0   23.0
 11 6576.707606 8.726E-31 2.652E+00.03400.183 4865.22650.350.000000          0 2 1          0 0 0 17  7 10       18  7 11      3633308383659336 0    35.0   37.0
 11 6576.819020 5.832E-26 8.573E-03.07730.315 1477.29740.69-.015000          2 0 0          0 0 0  8  2  7        9  5  4      464523797260713059    51.0   57.0
 11 6576.907087 2.542E-29 2.739E-01.02740.250 3877.08860.21-.014380          0 3 1          0 1 0 13  2 12       13  2 11      434233817294713152    81.0   81.0
 11 6577.063918 4.806E-24 3.289E-02.07500.361  756.72480.69-.004000          1 2 0          0 0 0  5  3  2        6  4  3      465420818377623138    33.0   39.0
 11 6577.154238 1.013E-30 2.527E+00.05180.352 4846.77590.49-.015860          3 0 0          1 0 0  6  5  2        7  6  1      332230807294713152    39.0   45.0
 11 6577.313868 3.270E-29 4.424E-02.04520.235 3464.88740.64-.040000          1 0 1          0 0 0 14  4 10       14  8  7      434233817265713152    87.0   87.0
 11 6577.316698 3.080E-25 4.962E-02.03600.298 1293.01810.36-.015000          1 2 0          0 0 0  9  2  8       10  1  9      466620818377713138    19.0   21.0
 11 6577.606164 2.394E-30 2.397E+00.08510.352 4658.97470.72-.008050          2 0 1          0 0 1  6  3  3        7  4  4      432230817294713152    39.0   45.0
 11 6577.827244 2.699E-29 1.500E-02.07950.333 2920.13200.69-.026980          1 1 1          0 1 0  7  1  6        8  5  3      434233817294713152    15.0   17.0
 11 6577.856516 1.359E-25 1.179E-01.03820.333 1590.69070.38-.009120          1 2 0          0 0 0  7  6  2        8  7  1      464223818394713152    15.0   17.0
 11 6577.858385 4.078E-25 1.180E-01.03700.333 1590.69010.38-.017000          1 2 0          0 0 0  7  6  1        8  7  2      468621818377713138    45.0   51.0
 11 6578.002400 9.246E-28 4.318E+00.08940.391 3478.98640.70-.009430          0 4 1          0 2 0  4  0  4        5  0  5      434223817294713152    27.0   33.0
 11 6578.009353 1.284E-30 9.720E-04.04880.281 3314.85560.47-.006590          0 3 1          0 1 0 12  0 12       11  2  9      432230807294713152    75.0   69.0
 11 6578.126026 7.868E-31 7.394E-07.05710.299 1695.06860.560.000000          0 4 0          0 0 0 11  4  8       11  3  9      4633308383659336 0    23.0   23.0
 11 6578.154397 6.420E-31 1.493E+00.05550.302 4661.42650.560.000000          0 2 2          0 0 1  8  0  8        9  0  9      3333308387659336 0    17.0   19.0
 11 6578.240818 3.653E-31 6.905E-05.07210.349 2724.04140.640.000000          1 3 0          0 1 0  8  2  6        7  5  3      5333308387659336 0    17.0   15.0
 11 6578.272250 8.281E-28 2.185E+00.08260.281 3535.87040.69-.001970          0 3 1          0 1 0 10  4  6       11  4  7      434223817294713152    63.0   69.0
 11 6578.310320 1.454E-27 1.426E-02.08400.391 2251.86250.69-.014530          0 3 1          0 1 0  5  2  4        5  4  1      434223817294713152    33.0   33.0
 11 6578.435667 1.917E-30 1.486E+00.04910.315 4661.44850.40-.014280          0 2 2          0 0 1  8  1  8        9  1  9      332230807294713152    51.0   57.0
 11 6578.488693 1.812E-30 2.257E-04.04500.250 2748.09960.49-.015650          0 1 1          0 0 0 14 10  5       13  6  8      462230818394713152    29.0   27.0
 11 6578.494211 2.808E-30 8.476E-01.03210.281 4510.90190.34-.023790          2 1 0          0 1 0 10  8  3       11  9  2      332230807294713152    63.0   69.0
 11 6578.514390 8.911E-30 1.232E-01.05860.281 3650.50900.55-.040000          1 1 1          0 1 0 10  3  8       11  5  7      432230817294713152    21.0   23.0
 11 6578.519802 9.376E-31 8.490E-01.04100.271 4510.90150.510.000000          2 1 0          0 1 0 10  8  2       11  9  3      3333308387659336 0    21.0   23.0
 11 6578.563880 4.777E-28 1.075E-03.06890.434 1907.61570.65-.006160          0 5 0          0 1 0  4  4  1        3  3  0      434223817294713152    27.0   21.0
 11 6578.576426 1.200E-29 1.667E-02.05310.298 3383.26540.56-.008260          0 5 0          0 1 0  9  6  3       10  5  6      434223817294713152    57.0   63.0
 11 6578.638348 2.854E-27 2.777E-02.08650.391 2024.15260.68-.013310          1 3 0          0 1 0  5  1  5        5  2  4      434523817294713152    11.0   11.0
 11 6578.717376 1.594E-28 1.075E-03.06730.434 1907.45130.64-.006270          0 5 0          0 1 0  4  4  0        3  3  1      434233817294713152     9.0    7.0
 11 6578.725755 6.001E-31 8.547E-04.07150.332 3139.47580.630.000000          0 1 2          0 1 0  8  0  8        9  5  5      5333308387659336 0    17.0   19.0
 11 6578.739866 5.923E-28 5.225E-03.05400.250 2414.72340.55-.012030          1 0 1          0 0 0 13  1 13       13  3 10      434223817294713152    81.0   81.0
 11 6578.847154 9.533E-29 3.251E-04.05270.265 1960.20740.57-.004680          0 4 0          0 0 0 11  5  7       12  2 10      464233818360713049    23.0   25.0
 11 6578.873875 1.402E-24 7.580E-02.04820.352 1216.19450.46-.014000          1 2 0          0 0 0  6  5  2        7  6  1      765623808394713159    39.0   45.0
 11 6578.883035 4.648E-28 1.959E-03.04860.250 2246.88480.54-.004650          0 4 0          0 0 0 12  5  8       13  2 11      464223818360713049    75.0   81.0
 11 6578.908900 4.665E-25 7.565E-02.04850.352 1216.18980.46-.010000          1 2 0          0 0 0  6  5  1        7  6  2      464323808394713159    13.0   15.0
 11 6579.495840 4.686E-26 4.825E-02.05480.281 1695.06860.52-.014000          2 0 0          0 0 0 10  0 10       11  3  9      464623797260713059    21.0   23.0
 11 6579.805509 9.107E-27 8.307E-02.10160.456 1743.48620.75-.014090          1 3 0          0 1 0  1  1  1        2  2  0      434323817294713152     3.0    5.0
 11 6579.885798 5.505E-31 1.013E+01.07150.332 5087.01710.630.000000          3 0 0          0 0 1  8  4  4        9  4  5      3333308387659336 0    17.0   19.0
 11 6579.909653 2.608E-30 5.952E-04.03210.221 2872.58050.35-.027180          0 0 2          0 0 0 14  0 14       15  3 13      432230817260713049    29.0   31.0
 11 6580.013484 2.592E-28 4.228E-02.08160.333 2919.63290.71-.002150          0 3 1          0 1 0  8  3  5        8  5  4      434233817294713152    51.0   51.0
 11 6580.018185 1.524E-30 1.383E-04.07680.333 2595.81280.66-.001140          1 3 0          0 1 0  9  1  9        8  2  6      432230817294713152    19.0   17.0
 11 6580.062282 5.990E-30 1.773E-02.03520.208 3639.53850.38-.031410          0 0 2          0 0 0 15  2 13       16  5 12      432230817260713049    93.0   99.0
 11 6580.085550 6.847E-26 4.948E-01.06420.281 2321.90570.62-.001000          1 0 1          0 0 0 10  5  5       11  7  4      464523797294713159    63.0   69.0
 11 6580.116822 1.993E-28 1.514E-02.03160.221 2872.27430.34-.027030          0 0 2          0 0 0 14  1 14       15  2 13      434233817260713049    87.0   93.0
 11 6580.140616 7.077E-30 5.610E-05.08140.371 2271.71210.68-.014850          1 3 0          0 1 0  7  0  7        6  3  4      432230817294713152    45.0   39.0
 11 6580.388898 1.750E-30 3.146E-06.07740.333 1789.04280.72-.003770          2 0 0          0 0 0  9  3  7        8  8  0      432230817260713049    19.0   17.0
 11 6580.454039 2.164E-30 2.354E-01.08500.412 4126.46340.69-.017450          2 2 0          0 0 1  4  3  2        4  3  1      332230807294713152    27.0   27.0
 11 6580.455494 1.301E-24 3.029E-02.08900.352  816.69420.71-.006000          1 2 0          0 0 0  6  2  4        7  3  5      466721818377713138    13.0   15.0
 11 6580.673476 1.235E-30 1.624E-01.08730.391 4165.47380.700.002720          1 2 1          0 0 1  4  3  1        5  2  4      432230817294713152    27.0   33.0
 11 6580.874139 6.679E-30 4.070E+00.08230.315 4611.79470.70-.008490          0 4 1          0 2 0  8  4  4        9  4  5      432230817294713152    51.0   57.0
 11 6580.968233 1.086E-29 6.630E-04.05470.250 2586.52970.58-.027950          2 0 0          0 0 0 13  2 12       13  5  9      434233817260713049    27.0   27.0
 11 6581.040700 1.115E-27 6.404E-02.06240.281 2522.26160.61-.005510          0 0 2          0 0 0 10  5  5       11  8  4      434223817260713049    21.0   23.0
 11 6581.145000 7.689E-29 4.048E+00.09030.352 4052.83700.74-.004680          0 4 1          0 2 0  6  3  3        7  3  4      434233817294713152    39.0   45.0
 11 6581.207673 3.963E-25 8.187E-03.08910.371  757.78020.73-.008000          0 2 1          0 0 0  5  2  3        6  4  2      464423808394713159    11.0   13.0
 11 6581.259163 1.762E-24 2.170E-02.08450.391  610.11440.69-.009000          0 2 1          0 0 0  4  2  3        5  4  2      464623308394713159     9.0   11.0
 11 6581.320877 6.172E-29 1.139E-01.01330.195 3567.1738-.03-.020840          0 2 1          0 0 0 17  2 16       17  2 15      464233818394713152   105.0  105.0
 11 6581.436586 2.054E-29 1.138E-01.01320.195 3567.2542-.04-.020020          0 2 1          0 0 0 17  1 16       17  3 15      464233818394713152    35.0   35.0
 11 6581.553640 8.596E-26 1.684E-01.03030.315 2009.80510.30-.010000          1 2 0          0 0 0  8  7  2        9  8  1      464623798394713159    51.0   57.0
 11 6581.553690 2.862E-26 1.682E-01.03030.315 2009.80500.30-.010220          1 2 0          0 0 0  8  7  1        9  8  2      464223818394713152    17.0   19.0
 11 6581.632033 2.666E-29 8.602E-01.07170.265 3843.41040.65-.017580          2 1 0          0 1 0 11  3  9       12  4  8      434233817294713152    23.0   25.0
 11 6581.731526 2.758E-30 4.407E-01.09570.412 3927.80280.730.001620          2 2 0          1 0 0  3  2  2        4  1  3      432230817294713152     7.0    9.0
 11 6581.845544 1.229E-29 2.433E-02.03350.265 3512.40410.43-.008830          1 0 1          0 0 0 12  9  3       12 11  2      434233817294713152    75.0   75.0
 11 6581.869355 4.101E-30 2.436E-02.03350.265 3512.40410.43-.008850          1 0 1          0 0 0 12  9  4       12 11  1      432230817294713152    25.0   25.0
 11 6581.877040 1.970E-30 1.007E-03.04900.235 3264.33750.52-.031300          2 0 0          0 0 0 14  4 11       14  7  8      432230817260713049    87.0   87.0
 11 6581.938101 2.145E-30 5.641E-01.08230.434 4030.30610.68-.016090          2 2 0          0 0 1  3  3  1        3  3  0      432230817294713152     7.0    7.0
 11 6581.953744 3.292E-29 2.717E-03.08040.352 2724.16700.69-.014280          2 1 0          0 1 0  6  2  5        7  5  2      434233817294713152    39.0   45.0
 11 6582.130416 3.119E-28 2.683E-01.06160.298 3058.39840.610.003760          0 5 0          0 1 0  9  5  5       10  2  8      434223817294713152    19.0   21.0
 11 6582.314999 3.461E-30 3.165E-02.07760.298 3770.71130.72-.007740          0 1 2          0 1 0  9  4  5       10  7  4      432230817294713152    57.0   63.0
 11 6582.316710 6.437E-30 5.637E-01.08220.434 4030.06980.68-.013800          2 2 0          0 0 1  3  3  0        3  3  1      432230817294713152    21.0   21.0
 11 6582.484122 7.720E-24 6.789E-02.09180.475  842.35660.73-.010580          0 2 1          0 0 0  6  1  5        7  3  4      465520818367623136    39.0   45.0
 11 6582.715809 6.017E-30 1.097E+00.06040.250 4442.71290.57-.026080          2 1 0          0 1 0 12  5  8       13  6  7      432230817294713152    75.0   81.0
 11 6582.789466 8.888E-28 9.951E-01.02390.208 3439.30660.17-.016640          0 2 1          0 0 0 15  4 12       16  4 13      464223818394713152    93.0   99.0
 11 6582.912576 5.226E-29 2.624E-03.06690.250 2756.41530.67-.029240          0 0 2          0 0 0 12  3 10       13  6  7      434233817260713049    75.0   81.0
 11 6582.935180 3.704E-29 2.574E-02.06130.235 3101.44300.62-.040000          0 2 1          0 0 0 14  4 11       14  6  8      464233818394713152    29.0   29.0
 11 6583.071888 1.084E-29 1.255E-01.09780.434 3387.68060.74-.014450          0 4 1          0 2 0  3  0  3        3  2  2      434233817294713152     7.0    7.0
 11 6583.141371 1.843E-24 5.428E-02.03700.315  920.21000.40-.017000          1 2 0          0 0 0  8  0  8        9  1  9      467621818377713138    17.0   19.0
 11 6583.193658 2.086E-27 1.557E+00.06550.235 3101.44300.63-.028630          2 0 0          0 0 0 13  5  9       14  6  8      434223817260713049    27.0   29.0
 11 6583.200985 1.220E-30 1.031E+00.06990.235 4774.04420.65-.007250          2 1 0          0 1 0 13  5  8       14  6  9      232230807294713152    81.0   87.0
 11 6583.239600 1.460E-25 4.911E-02.05500.281 1690.66440.51-.008000          2 0 0          0 0 0 10  1 10       11  2  9      464423307260713059    63.0   69.0
 11 6583.366087 1.357E-29 1.912E-02.06540.221 3472.88130.69-.016210          0 4 0          0 0 0 14  7  8       15  6  9      464233818360713049    87.0   93.0
 11 6583.373342 2.653E-30 4.210E-06.07220.315 2009.80510.70-.012550          2 0 0          0 0 0 10  3  8        9  8  1      432230807260713049    63.0   57.0
 11 6583.381580 4.328E-30 5.583E-07.08400.352 1394.81420.72-.010060          0 0 2          0 0 0  6  2  5        7  7  0      432230817260713049    39.0   45.0
 11 6583.499500 6.410E-28 3.293E-02.04310.235 2550.88250.49-.004750          0 4 0          0 0 0 13  5  9       14  2 12      464223818360713049    27.0   29.0
 11 6583.529816 2.026E-26 2.043E-04.08890.391  610.11440.71-.014390          0 2 1          0 0 0  5  0  5        5  4  2      464323818394713152    11.0   11.0
 11 6583.604531 4.201E-26 1.009E-01.08720.391 1920.76640.68-.007300          1 3 0          0 1 0  4  1  4        5  0  5      464323807294713159    27.0   33.0
 11 6583.659093 5.297E-29 8.831E-02.06540.281 3441.03950.58-.010880          2 1 0          0 1 0 10  2  9       11  3  8      434233817294713152    63.0   69.0
 11 6583.703320 5.487E-24 5.388E-02.03780.318  920.16840.40-.015480          1 2 0          0 0 0  8  1  8        9  0  9      465420818367623136    51.0   57.0
 11 6583.726689 8.074E-27 6.140E-01.01980.221 2872.27430.08-.019320          0 2 1          0 0 0 14  2 12       15  2 13      464223808394713152    87.0   93.0
 11 6583.961652 4.658E-27 4.935E-03.03370.265 1962.50690.29-.020870          1 2 0          0 0 0 12  2 11       12  3 10      464423818394713152    75.0   75.0
 11 6584.389427 2.137E-30 1.482E-05.05680.265 2105.86790.510.017420          1 2 0          0 0 0 11  4  8       12  3  9      462230818394713152    23.0   25.0
 11 6584.415799 3.137E-28 4.192E+00.07850.371 3736.17070.63-.008950          0 4 1          0 2 0  5  2  4        6  2  5      434223817294713152    33.0   39.0
 11 6584.458797 4.789E-25 7.136E-01.02160.250 1806.67150.07-.018500          0 2 1          0 0 0 12  1 12       13  1 13      464623808394713159    25.0   27.0
 11 6584.523904 1.436E-24 7.131E-01.01300.250 1806.67000.07-.021000          0 2 1          0 0 0 12  0 12       13  0 13      465621818377713138    75.0   81.0
 11 6584.602607 7.486E-29 4.358E-02.05640.298 3224.54650.51-.028230          1 3 0          0 1 0 10  3  8       10  4  7      434243817294713152    63.0   63.0
 11 6584.702129 5.415E-27 2.192E+00.04400.298 2903.14610.37-.016770          0 3 1          0 1 0  9  1  8       10  1  9      434223817294713152    19.0   21.0
 11 6584.710930 1.401E-29 7.832E-03.01120.281 3216.19310.04-.011150          0 4 0          0 0 0 10 10  1       11 11  0      464233818360713049    63.0   69.0
 11 6584.710931 4.672E-30 7.835E-03.01120.281 3216.19310.04-.011150          0 4 0          0 0 0 10 10  0       11 11  1      462230818360713049    21.0   23.0
 11 6584.753361 2.814E-29 2.389E-02.04830.250 3127.80540.67-.033370          1 0 1          0 0 0 13  4  9       13  8  6      434233817265713152    27.0   27.0
 11 6584.901883 1.086E-29 1.438E-08.08330.391  325.34790.690.000000          1 2 0          0 0 0  3  0  3        5  0  5     q4222308079917122 0    21.0   33.0
 11 6584.924115 8.472E-30 5.084E-06.07020.333 1789.04280.71-.000480          1 2 0          0 0 0  9  5  4        8  8  1      462230818394713152    57.0   51.0
 11 6584.958083 6.125E-27 5.723E-03.08150.315 1631.24550.72-.009560          2 0 0          0 0 0  8  3  5        9  6  4      432230817260713049    17.0   19.0
 11 6584.990480 3.096E-28 6.160E-03.08680.412 2129.61850.71-.010560          0 3 1          0 1 0  4  2  3        4  4  0      434223817294713152     9.0    9.0
 11 6585.098520 4.229E-26 1.382E-02.05700.298 1437.96860.63-.002000          0 4 0          0 0 0  9  5  5       10  2  8      466420818377713038    19.0   21.0
 11 6585.150171 4.660E-30 1.598E+00.04730.265 4329.49580.46-.019980          2 1 0          0 1 0 11  6  6       12  7  5      432230817294713152    23.0   25.0
 11 6585.191260 5.913E-30 1.188E-03.02620.221 2872.58050.27-.017300          0 2 1          0 0 0 16  1 16       15  3 13      462230818394713152    33.0   31.0
 11 6585.247637 8.172E-28 2.307E+00.04500.281 3323.26980.40-.013100          0 3 1          0 1 0 10  3  8       11  3  9      434323817294713152    21.0   23.0
 11 6585.518548 1.771E-29 1.184E-03.02570.221 2872.27430.26-.019130          0 2 1          0 0 0 16  0 16       15  2 13      464233818394713152    99.0   93.0
 11 6585.653300 3.253E-28 2.462E+00.04590.265 3770.87890.41-.009660          0 3 1          0 1 0 11  4  8       12  4  9      434223817294713152    69.0   75.0
 11 6585.739677 3.660E-30 4.632E-06.07090.281 1998.99530.72-.020710          1 1 0          0 0 0 12 10  3       11  5  6      432230817294713152    75.0   69.0
 11 6585.761487 8.703E-30 4.536E-05.06840.298 2254.28370.67-.014590          0 0 2          0 0 0 10  3  8       10  8  3      432230817260713049    63.0   63.0
 11 6585.801165 1.487E-30 7.806E-08.07120.281 1327.11000.69-.000530          0 1 1          0 0 0 11  8  4       11  0 11      462230808394713152    69.0   69.0
 11 6585.815714 9.146E-28 1.205E-03.06090.298 1724.70540.63-.010930          0 4 0          0 0 0  9  6  4       10  5  5      464223818360713049    19.0   21.0
 11 6585.867794 1.299E-30 1.540E-01.10680.480 3796.98160.76-.006970          2 2 0          0 0 1  2  1  1        1  1  0      432230817294713152     5.0    3.0
 11 6585.876675 1.349E-24 5.271E-02.05600.371  888.63270.54-.014000          1 2 0          0 0 0  5  4  2        6  5  1      467520818377713138    11.0   13.0
 11 6585.961770 3.264E-29 6.098E-07.06970.298 1114.54990.670.001920          0 1 1          0 0 0 11  7  5       10  1 10      462230818394713152    69.0   63.0
 11 6586.015504 4.086E-24 5.322E-02.05800.371  888.59880.55-.010000          1 2 0          0 0 0  5  4  1        6  5  2      467522818377713138    33.0   39.0
 11 6586.039868 5.089E-29 5.024E-06.07410.352 1394.81420.70-.004670          1 2 0          0 0 0  8  4  5        7  7  0      462230818394713152    51.0   45.0
 11 6586.149560 5.827E-27 1.962E-03.05820.281 1690.66440.60-.000640          0 4 0          0 0 0 10  5  6       11  2  9      464223818360713049    63.0   69.0
 11 6586.267600 2.337E-26 2.335E+00.07590.315 2818.39810.64-.008844          0 3 1          0 1 0  8  2  6        9  2  7      3643237972947131 7    51.0   57.0
 11 6586.416000 8.209E-29 7.070E-02.06350.298 3058.39840.56-.013830          2 1 0          0 1 0  9  1  9       10  2  8      434233817294713152    19.0   21.0
 11 6586.444908 1.139E-29 2.116E-04.07190.333 2495.16580.640.007500          0 5 0          0 1 0  9  3  6        8  2  7      432230817294713152    57.0   51.0
 11 6586.554002 9.784E-31 5.102E-02.04640.209 4016.13450.350.000000          0 2 1          0 0 0 16  5 12       16  7  9      3633308383659336 0    33.0   33.0
 11 6586.615342 1.160E-27 1.672E-01.05180.315 2690.59360.45-.014590          0 3 1          0 1 0  9  0  9        9  2  8      434223817294713152    19.0   19.0
 11 6586.631056 1.104E-30 1.988E-06.06820.333 1789.04280.70-.002400          1 2 0          0 0 0  9  5  5        8  8  0      462230818394713152    19.0   17.0
 11 6586.878865 2.426E-30 1.743E-04.01250.208 2660.9460-.07-.003650          0 4 0          0 0 0 16  1 15       16  0 16      462230818360713049    33.0   33.0
 11 6586.883827 1.496E-28 1.638E-03.07260.333 2337.66670.660.004670          0 5 0          0 1 0  7  4  3        8  1  8      434233817294713152    45.0   51.0
 11 6587.029603 2.444E-30 5.765E-08.08900.371 1045.05800.73-.010340          2 0 0          0 0 0  6  1  6        6  6  1      432230807260713049    39.0   39.0
 11 6587.060630 3.225E-26 9.771E-02.10130.456 1742.30570.75-.004500          1 3 0          0 1 0  1  1  0        2  2  1      464523797294713159     9.0   15.0
 11 6587.190263 8.189E-28 1.365E+00.04560.235 3266.51430.44-.022970          2 0 0          0 0 0 13  6  8       14  7  7      434223817260713049    27.0   29.0
 11 6587.201751 7.800E-30 9.658E-01.09640.412 3875.01710.73-.009070          1 2 1          1 0 0  3  0  3        4  0  4      432230817294713152     7.0    9.0
 11 6587.203156 1.547E-30 2.726E-02.05990.208 4006.07320.61-.035490          0 0 2          0 0 0 15  4 11       16  7 10      432230817260713049    93.0   99.0
 11 6587.242977 2.072E-29 2.256E-05.07100.298 1724.70540.68-.027770          1 2 0          0 0 0 11  2 10       10  5  5      462230818394713152    23.0   21.0
 11 6587.263549 7.961E-28 4.299E-02.07380.352 2439.95440.63-.021590          1 3 0          0 1 0  7  2  6        7  3  5      434323817294713152    15.0   15.0
 11 6587.318530 2.479E-26 5.100E-05.09150.391  508.81210.72-.014000          1 2 0          0 0 0  5  0  5        5  3  2      464623798394713159    33.0   33.0
 11 6587.353047 1.417E-29 5.413E-02.10320.456 3316.14520.76-.017370          0 4 1          0 2 0  2  0  2        2  2  1      434233817294713152    15.0   15.0
 11 6587.373906 1.687E-29 1.552E+00.04070.281 4265.97640.41-.016580          2 1 0          0 1 0 10  7  4       11  8  3      434233817294713152    63.0   69.0
 11 6587.393775 1.334E-29 1.525E+00.04830.265 4329.32430.46-.016220          2 1 0          0 1 0 11  6  5       12  7  6      434233817294713152    69.0   75.0
 11 6587.396308 5.624E-30 1.553E+00.04080.281 4265.97430.41-.016530          2 1 0          0 1 0 10  7  3       11  8  4      432230817294713152    21.0   23.0
 11 6587.473400 1.366E-26 1.280E-01.10040.412 1922.90110.75-.015490          0 3 1          0 1 0  3  0  3        4  2  2      464523817294713152     7.0    9.0
 11 6587.522700 4.584E-27 9.589E-01.03500.221 3080.17870.32-.020540          0 2 1          0 0 0 14  3 11       15  3 12      464323818394713152    87.0   93.0
 11 6587.575627 3.137E-30 4.675E-02.05550.208 3758.39680.56-.021750          1 0 1          0 0 0 16  3 14       16  5 11      432230817294713152    33.0   33.0
 11 6587.639714 2.325E-29 3.543E-02.07060.281 3441.03950.64-.010420          2 1 0          0 1 0 11  0 11       11  3  8      434233817294713152    69.0   69.0
 11 6587.783733 8.079E-29 9.307E-03.07920.333 2595.81280.670.006450          1 3 0          0 1 0  7  3  5        8  2  6      434223817294713152    15.0   17.0
 11 6587.889430 1.348E-26 6.690E-01.02500.298 2471.25530.24-.018300          1 2 0          0 0 0  9  8  2       10  9  1      4622337983947131 9    19.0   21.0
 11 6587.889720 4.042E-26 6.688E-01.02500.298 2471.25510.24-.016056          1 2 0          0 0 0  9  8  1       10  9  2      4648237983947131 9    57.0   63.0
 11 6587.911033 2.340E-30 1.424E-05.06410.281 2321.90570.66-.020210          2 0 0          0 0 0 12  2 11       11  7  4      432230817260713049    75.0   69.0
 11 6587.920400 2.990E-28 4.273E+00.08720.391 3482.48010.68-.009900          0 4 1          0 2 0  4  1  4        5  1  5      434223817294713152     9.0   11.0
 11 6587.976477 5.551E-28 3.286E-03.06280.298 2054.36870.61-.024850          1 0 1          0 0 0 10  3  8       10  7  3      434223817294713152    21.0   21.0
 11 6588.006759 5.040E-26 9.625E-02.09590.412 1821.59670.73-.001508          1 3 0          0 1 0  3  0  3        4  1  4      4644238072947131 7    21.0   27.0
 11 6588.279747 1.019E-30 3.572E-01.08510.371 4408.02880.72-.007760          1 2 1          0 0 1  5  4  2        6  3  3      332230807294713152    33.0   39.0
 11 6588.326994 7.348E-30 1.761E-04.01270.208 2660.9448-.06-.003980          0 4 0          0 0 0 16  2 15       16  1 16      462230818360713049    99.0   99.0
 11 6588.451159 2.153E-30 3.734E+00.06260.315 4600.49730.55-.011570          0 4 1          0 2 0  8  4  5        9  4  6      432230817294713152    17.0   19.0
 11 6588.675980 5.982E-27 1.831E+00.03930.250 3127.86200.39-.024270          2 0 0          0 0 0 12  7  6       13  8  5      434223817260713049    75.0   81.0
 11 6588.676596 1.641E-29 1.216E-01.01200.265 3766.38700.05-.020140          1 2 0          0 0 0 11 11  0       12 12  1      364233808394713152    69.0   75.0
 11 6588.676598 5.471E-30 1.216E-01.01200.265 3766.38700.05-.020130          1 2 0          0 0 0 11 11  1       12 12  0      362230808394713152    23.0   25.0
 11 6588.692950 3.845E-26 4.382E-01.04500.265 2433.80040.48-.025000          1 0 1          0 0 0 11  4  8       12  6  7      466523797277713159    69.0   75.0
 11 6588.768225 1.304E-30 7.283E+00.06700.315 5067.07680.59-.025220          3 0 0          0 0 1  8  4  5        9  4  6      432230817294713152    51.0   57.0
 11 6588.781750 6.080E-29 4.653E-03.02190.208 2660.94600.21-.004270          0 4 0          0 0 0 15  3 13       16  0 16      264233808360713049    31.0   33.0
 11 6588.796068 1.123E-30 6.691E+00.10590.480 4723.54500.76-.006900          0 5 1          0 3 0  1  1  1        1  1  0      4322338172947131 9     9.0    9.0
 11 6588.797725 1.640E-28 8.289E-04.01240.235 2327.9140-.12-.005500          0 4 0          0 0 0 15  1 14       14  2 13      464233818360713049    93.0   87.0
 11 6588.816000 2.552E-27 4.510E-02.08400.371 2146.26380.670.002290          1 3 0          0 1 0  5  2  4        6  1  5      434223817294713152    11.0   13.0
 11 6588.866468 2.362E-28 5.283E-04.07990.315 1810.58330.72-.014830          0 0 2          0 0 0  8  2  6        9  7  3      434233817260713049    17.0   19.0
 11 6589.012140 7.396E-25 4.755E-02.05600.315 1080.38540.47-.027000          1 2 0          0 0 0  8  1  7        9  2  8      467621818377713138    17.0   19.0
 11 6589.055840 3.842E-27 8.793E-01.02130.221 2872.58050.12-.018010          0 2 1          0 0 0 14  3 12       15  3 13      464223818394713152    29.0   31.0
 11 6589.059845 6.619E-30 4.776E-02.04160.208 3822.24590.47-.005830          0 4 0          0 0 0 15  7  8       16  6 11      462230818360713049    93.0   99.0
 11 6589.141744 1.832E-30 1.133E-08.08330.391  416.20870.690.000000          1 2 0          0 0 0  3  2  2        5  2  4     q4222308079917122 0     7.0   11.0
 11 6589.164088 4.133E-30 7.991E-01.09760.412 3966.55930.75-.002960          1 2 1          1 0 0  3  2  1        4  2  2      432230817294713152     7.0    9.0
 11 6589.311162 1.210E-30 2.011E+00.05290.315 4817.73580.45-.014160          0 2 2          0 0 1  8  2  7        9  2  8      432230817294713152    51.0   57.0
 11 6589.334145 1.055E-23 2.654E-02.09200.391  508.81210.72-.008000          1 2 0          0 0 0  4  2  3        5  3  2      466621818377713138    27.0   33.0
 11 6589.398460 3.569E-27 1.695E-01.05170.315 2688.07990.45-.010450          0 3 1          0 1 0  9  1  9        9  1  8      434223817294713152    57.0   57.0
 11 6589.419365 5.403E-29 1.476E+00.06620.208 3870.20160.59-.008880          0 2 1          0 0 0 15  6  9       16  6 10      464233818394713152    31.0   33.0
 11 6589.542076 4.340E-28 4.174E+00.09700.391 3626.92210.75-.002980          0 4 1          0 2 0  4  2  2        5  2  3      434223817294713152    27.0   33.0
 11 6589.571735 1.004E-30 1.363E-05.08660.391 2126.40760.70-.013680          1 3 0          0 1 0  6  0  6        5  3  3      432230817294713152    13.0   11.0
 11 6589.576362 1.054E-29 2.281E-05.05220.265 2124.95140.55-.004030          1 1 0          0 0 0 13  9  4       12  4  9      432230817294713152    81.0   75.0
 11 6589.620990 1.943E-27 1.784E+00.03960.250 3127.80540.39-.023500          2 0 0          0 0 0 12  7  5       13  8  6      434223817260713049    25.0   27.0
 11 6589.723485 1.764E-30 2.118E+00.08550.333 4725.06220.70-.001760          0 2 2          0 0 1  7  2  5        8  2  6      432230817294713152    45.0   51.0
 11 6589.778014 1.143E-28 1.949E-03.07010.250 2533.79320.65-.002420          0 5 0          0 0 0 12  1 12       13  4  9      434233817294713152    75.0   81.0
 11 6589.787510 4.050E-26 5.866E-02.02200.250 2042.31060.16-.019000          0 2 1          0 0 0 13  1 13       13  1 12      465621818377713138    81.0   81.0
 11 6589.834099 1.417E-30 4.644E-02.10150.434 3827.39270.75-.008350          2 2 0          1 0 0  3  0  3        3  1  2      432230817294713152    21.0   21.0
 11 6590.122560 1.293E-26 5.620E-02.02490.250 2042.37410.17-.019650          0 2 1          0 0 0 13  0 13       13  2 12      464423818394713152    27.0   27.0
 11 6590.208869 1.555E-29 4.612E-06.07850.352 1394.81420.73-.000350          1 2 0          0 0 0  8  4  4        7  7  1      462230818394713152    17.0   15.0
 11 6590.226786 1.558E-28 1.004E-01.06780.298 3224.54650.62-.025570          2 1 0          0 1 0  9  1  8       10  4  7      434233817294713152    57.0   63.0
 11 6590.241275 3.163E-28 4.699E+00.10020.412 3438.57500.75-.003480          0 4 1          0 2 0  3  1  2        4  1  3      434223817294713152     7.0    9.0
 11 6590.255976 1.609E-26 2.188E+00.04370.298 2904.42830.37-.014710          0 3 1          0 1 0  9  2  8       10  2  9      464423817294713152    57.0   63.0
 11 6590.371478 7.243E-30 2.266E-02.06550.315 3526.62740.62-.009860          0 1 2          0 1 0  8  4  5        9  7  2      432230817294713152    51.0   57.0
 11 6590.405739 2.696E-29 1.363E-04.05370.235 2327.91400.580.017220          1 1 0          0 0 0 15  7  8       14  2 13      434233817294713152    93.0   87.0
 11 6590.460973 2.678E-29 3.828E-02.08310.315 3139.47570.73-.017560          2 1 0          0 1 0  8  2  6        9  5  5      434233817294713152    17.0   19.0
 11 6590.523010 1.349E-25 7.832E-01.01780.235 2327.91400.01-.018000          0 2 1          0 0 0 13  2 12       14  2 13      464623798394713159    81.0   87.0
 11 6590.587965 1.472E-28 9.780E-03.07010.265 2813.51210.66-.021150          1 0 1          0 0 0 12  4  8       12  8  5      434233817294713152    75.0   75.0
 11 6590.671897 2.973E-29 3.009E-01.07780.298 3565.00350.71-.005410          1 1 1          0 1 0  9  4  5       10  6  4      434233817294713152    19.0   21.0
 11 6590.764873 4.473E-26 7.791E-01.01780.235 2327.88370.01-.017000          0 2 1          0 0 0 13  1 12       14  1 13      464323808394713159    27.0   29.0
 11 6590.849529 7.858E-29 2.481E-02.02280.208 2952.38650.23-.007480          0 4 0          0 0 0 15  4 12       16  1 15      464233818360713049    31.0   33.0
 11 6590.870565 2.676E-24 2.609E-02.09640.371  602.77350.72-.009000          0 2 1          0 0 0  5  0  5        6  2  4      466621308378713138    11.0   13.0
 11 6590.948800 1.596E-27 6.622E-05.05270.352 1216.19450.57-.000940          0 4 0          0 0 0  8  5  4        7  6  1      464223818360713049    51.0   45.0
 11 6591.010082 1.305E-28 9.305E-03.02490.221 2872.27430.19-.003030          0 4 0          0 0 0 15  3 12       15  2 13      464233818360713049    93.0   93.0
 11 6591.013887 5.906E-29 8.960E-04.01260.235 2327.8837-.11-.006030          0 4 0          0 0 0 15  2 14       14  1 13      464233818360713049    31.0   29.0
 11 6591.071377 4.614E-31 1.655E-01.08710.428 3693.29360.740.000000          2 2 0          1 0 0  0  0  0        1  1  1      3333308387659336 0     1.0    3.0
 11 6591.412592 4.805E-31 5.949E+00.05690.308 5027.55960.550.000000          3 0 0          0 0 1  9  2  8       10  2  9      3333308387659336 0    19.0   21.0
 11 6591.548872 1.915E-30 1.941E-01.09780.456 3833.57670.74-.005870          2 2 0          0 0 1  3  1  3        2  1  2      432230817294713152     7.0    5.0
 11 6591.560885 1.142E-30 4.829E-02.04430.235 4172.15230.52-.004320          0 0 2          0 0 0 14  8  7       14 11  4      432230817260713049    87.0   87.0
 11 6591.561466 5.746E-28 5.847E-02.07500.333 2595.81280.63-.001710          1 3 0          0 1 0  8  1  7        8  2  6      434223817294713152    17.0   17.0
 11 6591.562697 2.380E-30 4.639E-01.06420.315 4399.54210.560.003210          0 4 1          0 2 0  9  2  8        9  2  7      332230807294713152    57.0   57.0
 11 6591.596501 1.071E-30 1.851E+00.05840.391 4468.69780.54-.013910          2 0 1          0 0 1  4  4  1        5  5  0      432230817294713152     9.0   11.0
 11 6591.640560 3.213E-30 1.851E+00.05870.391 4468.69330.55-.013550          2 0 1          0 0 1  4  4  0        5  5  1      432230817294713152    27.0   33.0
 11 6591.657030 1.637E-30 2.074E-02.06460.281 3650.50900.64-.025560          2 1 0          0 1 0 11  2 10       11  5  7      432230817294713152    23.0   23.0
 11 6591.735878 1.669E-30 2.656E-02.05540.265 3940.51940.56-.039880          1 1 1          0 1 0 12  1 11       12  5  8      432230817294713152    75.0   75.0
 11 6591.758061 6.285E-31 8.325E+00.03700.259 5062.01050.490.000000          3 0 0          0 0 1 10  0 10       11  0 11      3333308387659336 0    21.0   23.0
 11 6591.759121 1.892E-30 8.354E+00.04120.281 5062.01320.36-.040000          3 0 0          0 0 1 10  1 10       11  1 11      332230807294713152    63.0   69.0
 11 6591.788384 3.767E-31 4.779E-02.02060.234 4172.15250.230.000000          0 0 2          0 0 0 14  8  6       14 11  3      2333308387659336 0    29.0   29.0
 11 6591.804813 3.106E-29 1.680E-04.01840.235 2327.91400.07-.007300          0 4 0          0 0 0 14  3 12       14  2 13      464233818360713049    87.0   87.0
 11 6591.841120 2.307E-27 9.855E-04.05270.298 1718.71880.55-.007120          0 4 0          0 0 0  9  6  3       10  5  6      464223818360713049    57.0   63.0
 11 6591.989885 3.778E-30 1.988E+00.07910.371 4491.36970.66-.011400          2 0 1          0 0 1  5  3  3        6  4  2      432230817294713152    33.0   39.0
 11 6592.013749 7.187E-30 2.332E-01.10190.456 3825.21300.75-.000260          2 2 0          0 0 1  3  0  3        2  0  2      432230817294713152    21.0   15.0
 11 6592.117762 4.879E-28 6.075E-05.05160.352 1216.18980.56-.000580          0 4 0          0 0 0  8  5  3        7  6  2      464223818360713049    17.0   15.0
 11 6592.178508 2.681E-30 1.821E-01.03280.221 4283.30810.34-.019810          1 0 1          0 0 0 15  8  8       15 10  5      332230807294713152    93.0   93.0
 11 6592.206132 5.210E-29 6.666E-02.07730.315 3139.47570.67-.007950          0 3 1          0 1 0  9  3  6        9  5  5      434233817294713152    19.0   19.0
 11 6592.209195 4.841E-30 6.039E-01.08710.391 4153.93810.71-.005180          1 2 1          1 0 0  4  3  1        5  3  2      432230817294713152    27.0   33.0
 11 6592.318319 3.326E-29 1.610E-06.06520.281 1327.11000.640.003310          1 1 0          0 0 0 12  7  6       11  0 11      432230817294713152    75.0   69.0
 11 6592.368536 4.675E-30 1.756E-01.04810.195 4174.28700.47-.012640          0 0 2          0 0 0 16  4 13       17  5 12      432230817260713049    99.0  105.0
 11 6592.726226 6.970E-24 2.839E-02.08970.371  648.97870.72-.005000          1 2 0          0 0 0  5  2  3        6  3  4      466523808394713159    33.0   39.0
 11 6592.753901 2.454E-24 1.811E-02.09070.391  503.96810.72-.008000          0 2 1          0 0 0  4  1  4        5  3  3      464523308394713159     9.0   11.0
 11 6592.768737 2.179E-29 9.122E-01.09320.412 3877.57520.72-.008000          1 2 1          1 0 0  3  1  3        4  1  4      434223817294713152    21.0   27.0
 11 6593.183792 3.574E-30 1.126E+01.08010.315 4949.00300.70-.018040          2 0 1          0 0 1  8  2  6        9  3  7      432230817294713152    51.0   57.0
 11 6593.262234 5.763E-30 2.855E-01.06240.250 4174.03860.560.010520          1 3 0          0 1 0 12  5  8       13  4  9      432230817294713152    75.0   81.0
 11 6593.272650 1.332E-30 6.048E-06.06290.315 2225.46910.69-.002020          1 2 0          0 0 0 10  6  5        9  9  0      462230818394713152    63.0   57.0
 11 6593.315780 1.600E-27 4.987E-06.08840.391  326.62550.730.002390          0 4 0          0 0 0  4  4  0        5  1  5      464323818360713049     9.0   11.0
 11 6593.322650 6.866E-30 9.714E-01.03310.195 4221.03930.30-.012260          0 2 1          0 0 0 16  6 11       17  6 12      462230818394713152    33.0   35.0
 11 6593.354594 3.727E-31 7.507E-02.06040.255 4252.44820.520.000000          1 3 0          0 1 0 13  4 10       13  5  9      1333308287659336 0    27.0   27.0
 11 6593.437986 9.748E-30 1.096E-01.06590.281 3833.14430.63-.025220          0 1 2          0 1 0 10  3  8       11  6  5      432230817294713152    63.0   69.0
 11 6593.446808 4.252E-28 6.467E-06.08390.371  757.78020.70-.013730          1 2 0          0 0 0  7  1  7        6  4  2      464223818394713152    15.0   13.0
 11 6593.486949 1.885E-30 7.773E+00.05100.298 5027.25670.45-.040000          3 0 0          0 0 1  9  1  8       10  1  9      332230807294713152    57.0   63.0
 11 6593.527956 4.366E-31 5.947E-06.04400.277 2225.46920.570.000000          1 2 0          0 0 0 10  6  4        9  9  1      4633308383659336 0    21.0   19.0
 11 6593.638296 5.752E-30 8.631E-05.04450.235 2551.48350.490.009150          1 1 0          0 0 0 15  8  7       14  3 12      432230817294713152    93.0   87.0
 11 6593.667838 3.585E-30 1.437E-08.08330.391  326.62550.690.000000          1 2 0          0 0 0  3  1  3        5  1  5     q4222308079917122 0     7.0   11.0
 11 6593.668831 3.250E-27 1.791E+00.05150.235 3264.33750.49-.008890          2 0 0          0 0 0 13  6  7       14  7  8      434223817260713049    81.0   87.0
 11 6593.677503 1.508E-30 7.028E-02.09260.412 3951.31500.72-.012520          1 2 1          1 0 0  4  0  4        4  2  3      332230807294713152    27.0   27.0
 11 6593.740394 6.781E-29 9.156E-05.05320.250 2042.31060.570.014210          0 1 1          0 0 0 14  7  7       13  1 12      464233818394713152    87.0   81.0
 11 6593.751400 1.392E-25 8.016E-03.05190.315 1080.38540.45-.010000          1 2 0          0 0 0  9  1  9        9  2  8      464523798394713159    19.0   19.0
 11 6593.803682 2.081E-30 3.470E+00.09010.333 4792.34030.74-.002750          0 2 2          0 0 1  7  3  4        8  3  5      332230807294713152    45.0   51.0
 11 6593.840460 6.225E-29 1.747E-01.04290.250 3583.37460.350.000000         -2 4-2          0 0 0 12  9  4       13 10  3      1333308287659336 0    75.0   81.0
 11 6593.840838 2.075E-29 1.747E-01.04300.251 3583.37450.410.000000         -2 4-2          0 0 0 12  9  3       13 10  4      1333308287659336 0    25.0   27.0
 11 6593.938220 9.028E-30 5.549E-07.07870.371 1045.05830.70-.008270          1 2 0          0 0 0  7  3  5        6  6  0      462230818394713152    15.0   13.0
 11 6594.045728 3.218E-30 1.847E-02.06070.281 3487.39920.59-.028250          1 1 1          0 1 0 11  0 11       11  4  8      432230817294713152    23.0   23.0
 11 6594.066716 1.215E-29 2.644E+00.04550.250 4252.44810.41-.010740          0 3 1          0 1 0 12  5  8       13  5  9      334233807294713152    25.0   27.0
 11 6594.177277 6.155E-31 5.564E+00.07090.339 4939.79420.630.000000          3 0 0          0 0 1  8  2  6        9  2  7      3333308387659336 0    17.0   19.0
 11 6594.303510 1.476E-28 2.765E-07.07480.371  552.91140.640.007990          0 4 0          0 0 0  7  3  4        6  2  5      462230818360713049    45.0   39.0
 11 6594.425310 9.296E-26 2.103E+00.04920.315 2512.28290.40-.015100          0 3 1          0 1 0  8  0  8        9  0  9      464523797294713159    51.0   57.0
 11 6594.439258 2.815E-29 4.066E+00.07340.352 4033.61450.61-.008980          0 4 1          0 2 0  6  3  4        7  3  5      434233817294713152    13.0   15.0
 11 6594.611907 8.568E-29 2.513E-01.03330.265 3592.42390.29-.020400          0 3 1          0 1 0 12  1 11       12  3 10      434233817294713152    75.0   75.0
 11 6594.698110 4.187E-25 7.992E-03.04600.315 1079.07960.45-.012000          1 2 0          0 0 0  9  0  9        9  1  8      465521818377713138    57.0   57.0
 11 6594.740010 1.951E-26 2.982E-05.08240.371  447.25240.700.003470          0 4 0          0 0 0  5  4  1        6  1  6      464323818360713049    33.0   39.0
 11 6594.755576 3.711E-28 1.103E+00.03120.208 3639.53850.27-.012650          0 2 1          0 0 0 15  5 11       16  5 12      464223818394713152    93.0   99.0
 11 6594.841060 3.058E-26 2.076E+00.04910.315 2512.37570.40-.014280          0 3 1          0 1 0  8  1  8        9  1  9      464323817294713152    17.0   19.0
 11 6594.852871 2.010E-30 7.396E-01.08010.391 4150.28730.66-.005030          1 2 1          1 0 0  4  3  2        5  3  3      432230817294713152     9.0   11.0
 11 6594.947329 1.078E-27 2.918E-04.04810.298 1437.96860.46-.001010          0 4 0          0 0 0 11  3  9       10  2  8      464223818360713049    23.0   21.0
 11 6594.958379 3.088E-29 1.850E-02.04260.216 3083.86520.440.000000          1 2 0          0 0 0 15  3 13       15  4 12      2633308383659336 0    31.0   31.0
 11 6594.976034 1.482E-26 2.258E+00.08790.315 2904.67030.72-.000680          0 3 1          0 1 0  8  3  5        9  3  6      464223817294713152    51.0   57.0
 11 6594.989682 3.633E-30 3.169E+00.03170.183 4833.20780.29-.016040          0 2 1          0 0 0 17  7 11       18  7 12      462230818394713152   105.0  111.0
 11 6595.000930 3.635E-28 1.534E-01.05010.235 2983.39630.71-.039250          1 0 1          0 0 0 13  3 10       14  5  9      434223817265713152    27.0   29.0
 11 6595.078379 1.120E-23 4.623E-02.08420.407  610.34120.73-.005210          0 2 1          0 0 0  4  2  2        5  4  1      465520818367623136    27.0   33.0
 11 6595.147815 1.736E-29 8.889E-03.03590.281 3216.19310.51-.007220          1 0 1          0 0 0 11  9  3       11 11  0      434233817294713152    69.0   69.0
 11 6595.148018 5.786E-30 8.888E-03.03590.281 3216.19310.51-.007210          1 0 1          0 0 0 11  9  2       11 11  1      432230817294713152    23.0   23.0
 11 6595.159292 4.738E-27 1.494E-02.03390.265 1960.20740.29-.011360          1 2 0          0 0 0 12  1 11       12  2 10      464223818394713152    25.0   25.0
 11 6595.173386 4.787E-29 3.064E-04.06330.265 2105.86790.60-.011800          2 0 0          0 0 0 12  0 12       12  3  9      434233817260713049    25.0   25.0
 11 6595.266280 3.082E-27 7.902E-01.06810.235 2880.83420.600.002350          0 2 1          0 0 0 13  4  9       14  4 10      464223818394713152    27.0   29.0
 11 6595.285550 3.126E-26 7.956E-02.04730.265 2124.95140.45-.030000          1 0 1          0 0 0 11  2 10       12  4  9      464523797294713159    69.0   75.0
 11 6595.292226 1.002E-30 3.944E-02.10020.434 3864.76380.75-.010250          2 2 0          1 0 0  3  1  2        3  2  1      332230807294713152    21.0   21.0
 11 6595.352704 4.539E-30 1.243E-02.01980.183 3647.46030.17-.004630          0 4 0          0 0 0 17  3 14       18  2 17      462230818360713049   105.0  111.0
 11 6595.454600 4.128E-28 4.516E+00.09640.412 3375.29790.73-.009070          0 4 1          0 2 0  3  0  3        4  0  4      434223817294713152     7.0    9.0
 11 6595.606295 1.447E-27 4.105E-04.04890.281 1690.66440.47-.006920          1 2 0          0 0 0 12  1 12       11  2  9      464223818394713152    75.0   69.0
 11 6596.032069 1.293E-26 3.765E-02.09040.391 2000.86290.71-.003520          1 3 0          0 1 0  5  0  5        5  1  4      464423817294713152    33.0   33.0
 11 6596.108883 9.849E-29 8.563E-05.04680.281 1695.06860.46-.017700          1 2 0          0 0 0 12  0 12       11  3  9      464233818394713152    25.0   23.0
 11 6596.232715 1.035E-29 8.556E-02.04000.208 3623.76450.41-.016820          0 0 2          0 0 0 15  3 13       16  4 12      434233817260713049    31.0   33.0
 11 6596.318391 1.263E-26 4.615E-03.08260.333 1411.64190.71-.024220          1 0 1          0 0 0  7  2  5        8  6  2      7644238072947131 8    15.0   17.0
 11 6596.348574 3.366E-30 2.319E-06.07990.333 1590.69070.72-.005500          0 2 1          0 0 0  9  3  6        8  7  1      462230818394713152    19.0   17.0
 11 6596.354734 1.301E-26 2.949E-02.09170.412 1908.01620.71-.010952          1 3 0          0 1 0  4  1  4        4  2  3      4643238072947131 7    27.0   27.0
 11 6596.688668 6.075E-29 9.854E-02.05320.352 3109.91150.56-.003330          1 1 1          0 1 0  6  5  2        7  7  1      434233817294713152    13.0   15.0
 11 6596.694043 1.820E-28 9.840E-02.05350.352 3109.91150.56-.003160          1 1 1          0 1 0  6  5  1        7  7  0      434233817294713152    39.0   45.0
 11 6596.700959 2.431E-30 4.835E-05.06470.281 2321.81300.65-.019850          0 0 2          0 0 0 11  2 10       11  7  5      432230817260713049    23.0   23.0
 11 6596.741923 7.914E-30 2.682E+00.05740.183 4638.64460.60-.034320          2 0 0          0 0 0 17  5 12       18  6 13      432230817260713049   105.0  111.0
 11 6597.243288 1.505E-30 9.261E-02.09010.391 4049.53610.71-.002630          1 2 1          1 0 0  5  1  5        5  1  4      432230817294713152    33.0   33.0
 11 6597.259406 3.955E-30 2.536E-02.10500.480 3196.09340.76-.007780          1 4 0          0 2 0  2  0  2        1  1  1      432230817294713152     5.0    3.0
 11 6597.271000 7.487E-29 4.492E-02.06240.315 2983.32300.56-.026330          1 3 0          0 1 0  9  3  7        9  4  6      434253817294713152    19.0   19.0
 11 6597.337484 9.653E-30 7.999E-02.04450.221 3624.18110.47-.040000          1 0 1          0 0 0 15  3 12       15  7  9      432230817294713152    31.0   31.0
 11 6597.345656 3.916E-30 9.990E-04.05390.298 3072.72630.51-.017450          0 3 1          0 1 0 11  1 11       10  3  8      432230817294713152    69.0   63.0
 11 6597.400157 8.745E-31 1.337E-05.05520.274 2300.68500.560.000000          1 1 0          0 0 0 13 10  4       12  5  7      4333308387659336 0    27.0   25.0
 11 6597.542006 6.730E-29 3.547E-03.05600.281 2522.26130.56-.012970          2 0 0          0 0 0 11  5  7       11  8  4      434233817260713049    23.0   23.0
 11 6597.573451 1.033E-27 1.131E-02.09320.412 2005.91690.73-.014310          0 3 1          0 1 0  4  1  4        4  3  1      434323817294713152     9.0    9.0
 11 6597.611300 3.366E-29 2.435E-01.04540.208 3822.24590.48-.034940          0 0 2          0 0 0 15  3 12       16  6 11      434233817260713049    93.0   99.0
 11 6597.698465 2.361E-27 1.488E+00.03490.265 3032.69040.36-.023370          2 0 0          0 0 0 11  8  4       12  9  3      434223817260713049    23.0   25.0
 11 6597.705847 7.084E-27 1.488E+00.03490.265 3032.68980.36-.023370          2 0 0          0 0 0 11  8  3       12  9  4      434323817260713049    69.0   75.0
 11 6597.811735 1.500E-30 2.602E-04.07810.352 2905.43340.68-.016230          1 1 1          0 1 0  7  2  6        7  6  1      432230807294713152    45.0   45.0
 11 6597.875081 2.612E-29 3.993E-02.06210.281 3441.03950.55-.001990          1 3 0          0 1 0 11  2  9       11  3  8      434223817294713152    69.0   69.0
 11 6597.926660 3.189E-26 5.452E-01.07390.250 2533.79310.64-.005000          0 2 1          0 0 0 12  4  8       13  4  9      464323798394713159    75.0   81.0
 11 6598.258105 3.027E-27 2.312E-01.03730.221 2872.27430.43-.006670          0 4 0          0 0 0 14  5 10       15  2 13      464223818360713049    87.0   93.0
 11 6598.281056 2.058E-24 4.394E-02.04730.277 1079.07960.45-.009550          1 2 0          0 0 0  8  2  7        9  1  8      466520818367623136    51.0   57.0
 11 6598.628370 1.347E-29 8.084E-01.09030.412 3951.31500.70-.004180          1 2 1          1 0 0  3  2  2        4  2  3      434233817294713152    21.0   27.0
 11 6598.804878 1.298E-30 3.486E+00.05640.235 4784.99940.52-.022360          0 3 1          0 1 0 13  6  7       14  6  8      332230807294713152    27.0   29.0
 11 6598.873150 1.095E-27 7.292E-03.09030.412 2129.59920.73-.005410          0 3 1          0 1 0  4  2  2        4  4  1      434323817294713152    27.0   27.0
 11 6598.950146 1.494E-30 5.341E-06.06050.281 1985.78490.65-.017330          1 1 0          0 0 0 12 10  2       11  5  7      432230817294713152    25.0   23.0
 11 6599.141218 2.204E-30 5.344E-03.07430.281 3535.87040.71-.006160          0 5 0          0 1 0 11  5  6       11  4  7      332230807294713152    69.0   69.0
 11 6599.272803 4.491E-27 4.132E-02.07960.371 2271.71210.66-.018610          1 3 0          0 1 0  6  2  5        6  3  4      434323817294713152    39.0   39.0
 11 6599.282894 1.352E-30 2.125E+00.08410.371 4490.06390.71-.008670          2 0 1          0 0 1  5  3  2        6  4  3      432230817294713152    11.0   13.0
 11 6599.358088 2.232E-28 3.157E-05.08370.352 1216.18980.71-.015120          1 0 1          0 0 0  7  0  7        7  6  2      432230817294713152    15.0   15.0
 11 6599.598228 2.414E-30 4.849E-04.04100.235 3084.83570.43-.013500          0 1 1          0 0 0 15 10  6       14  6  9      362230808394713152    93.0   87.0
 11 6599.715740 7.432E-27 9.595E-01.04500.235 2739.42860.42-.020150          0 2 1          0 0 0 13  3 10       14  3 11      464523818394713152    27.0   29.0
 11 6599.912280 1.486E-30 2.612E-05.04060.281 2522.26510.50-.005810          0 4 0          0 0 0 11  7  4       11  8  3      462230808360713049    69.0   69.0
 11 6599.951504 3.103E-29 2.672E-01.03400.265 3587.66660.29-.011110          0 3 1          0 1 0 12  2 11       12  2 10      434233817294713152    25.0   25.0
 11 6600.109564 4.133E-26 2.201E+00.05440.315 2688.07980.46-.019600          0 3 1          0 1 0  8  1  7        9  1  8      464223807294713159    51.0   57.0
 11 6600.292437 2.078E-29 9.564E-01.10350.434 3827.39270.75-.002420          1 2 1          1 0 0  2  1  1        3  1  2      434223817294713152    15.0   21.0
 11 6600.512680 1.404E-27 9.005E-01.02750.221 3083.86530.21-.018400          0 2 1          0 0 0 14  4 11       15  4 12      464223818394713152    29.0   31.0
 11 6600.514637 2.162E-29 5.878E-03.08530.333 2771.69000.71-.019310          1 1 1          0 1 0  7  0  7        8  4  4      434233817294713152    15.0   17.0
 11 6600.527815 3.138E-29 1.148E-04.04760.250 2246.88480.510.011550          0 1 1          0 0 0 14  8  6       13  2 11      464233818394713152    87.0   81.0
 11 6600.637310 2.643E-27 4.588E-02.05570.298 2254.28440.56-.012820          0 0 2          0 0 0  9  5  5       10  8  2      434223817260713049    19.0   21.0
 11 6600.645433 2.083E-30 1.961E-02.07630.315 3526.62480.71-.007650          0 1 2          0 1 0  8  4  4        9  7  3      432230817294713152    17.0   19.0
 11 6600.651340 1.027E-27 1.229E-03.07550.298 1724.70540.69-.023990          1 0 1          0 0 0 10  1 10       10  5  5      434223817294713152    21.0   21.0
 11 6600.816192 3.547E-27 5.453E-06.08810.412  222.05280.720.005120          0 4 0          0 0 0  5  3  3        4  0  4      464223818360713049    11.0    9.0
 11 6600.972071 1.313E-30 1.500E+00.05850.333 4488.14560.48-.013860          0 2 2          0 0 1  7  1  7        8  1  8      432230817294713152    15.0   17.0
 11 6600.993791 2.229E-30 3.307E-09.08330.391  399.45750.690.000000          1 2 0          0 0 0  4  1  4        5  1  4     q4222308079917122 0    27.0   33.0
 11 6601.109128 4.550E-30 2.382E-05.03610.298 2254.28370.43-.002230          0 4 0          0 0 0 10  7  4       10  8  3      462230818360713049    63.0   63.0
 11 6601.112129 1.334E-30 2.095E-05.03600.298 2254.28440.43-.002190          0 4 0          0 0 0 10  7  3       10  8  2      462230818360713049    21.0   21.0
 11 6601.134105 3.818E-30 1.454E+00.05850.333 4488.09050.48-.013750          0 2 2          0 0 1  7  0  7        8  0  8      432230817294713152    45.0   51.0
 11 6601.198805 1.065E-29 1.341E-01.03290.235 3922.33040.34-.016500          1 0 1          0 0 0 14  8  6       14 10  5      434233817294713152    87.0   87.0
 11 6601.257964 3.576E-30 1.351E-01.03280.235 3922.33070.34-.017340          1 0 1          0 0 0 14  8  7       14 10  4      432230817294713152    29.0   29.0
 11 6601.263193 3.843E-30 1.686E-08.08870.412  275.49700.710.000000          1 2 0          0 0 0  2  1  1        4  1  3     q4222308079917122 0     5.0    9.0
 11 6601.300410 5.042E-26 1.656E-02.05780.298 1437.96860.510.008680          1 2 0          0 0 0  9  3  7       10  2  8      464223818394713152    19.0   21.0
 11 6601.330111 2.940E-24 3.643E-02.07840.391  610.11440.66-.005000          1 2 0          0 0 0  4  3  1        5  4  2      464623808394713159     9.0   11.0
 11 6601.337345 3.757E-31 6.545E+00.08710.428 4717.47420.740.000000          0 5 1          0 3 0  1  1  0        1  1  1      3333308387659336 0     3.0    3.0
 11 6601.389922 2.065E-29 1.177E+00.07270.265 3959.25340.64-.012810          0 3 1          0 1 0 11  5  6       12  5  7      434233817294713152    23.0   25.0
 11 6601.405643 3.139E-24 1.298E-02.07540.391  610.34120.63-.007000          1 2 0          0 0 0  4  3  2        5  4  1      464623308394713159    27.0   33.0
 11 6601.443303 2.040E-29 9.827E-03.05640.315 3141.04590.58-.008710          0 5 0          0 1 0  8  6  3        9  5  4      434233817294713152    51.0   57.0
 11 6601.462637 4.801E-28 3.258E-05.08120.315 1360.23530.71-.013960          0 2 1          0 0 0 10  0 10        9  4  5      464223818394713152    63.0   57.0
 11 6601.487542 1.297E-30 3.379E-02.04180.250 3831.17910.50-.017970          0 0 2          0 0 0 13  8  6       13 11  3      432230817260713049    27.0   27.0
 11 6601.561766 3.869E-30 3.360E-02.04260.250 3831.17910.51-.018640          0 0 2          0 0 0 13  8  5       13 11  2      432230817260713049    81.0   81.0
 11 6601.689380 9.599E-30 1.693E-05.03250.315 2009.80510.390.000240          0 4 0          0 0 0  9  7  2        9  8  1      462230818360713049    57.0   57.0
 11 6601.689836 3.434E-30 1.817E-05.03250.315 2009.80500.390.000230          0 4 0          0 0 0  9  7  3        9  8  2      462230818360713049    19.0   19.0
 11 6601.760918 1.834E-29 1.236E-05.03100.333 1789.04280.410.002000          0 4 0          0 0 0  8  7  2        8  8  1      462230818360713049    51.0   51.0
 11 6601.760988 6.109E-30 1.235E-05.03090.333 1789.04280.410.002000          0 4 0          0 0 0  8  7  1        8  8  0      462230818360713049    17.0   17.0
 11 6601.844239 1.050E-30 3.460E-01.06780.371 4394.46430.59-.009910          1 2 1          1 0 0  5  4  2        6  4  3      332230807294713152    33.0   39.0
 11 6601.929552 2.479E-26 1.897E-04.07710.352  586.47920.690.000000          0 4 0          0 0 0  6  4  2        7  1  7      464223308360713059    13.0   15.0
 11 6601.948436 2.355E-30 1.739E+00.06630.333 4624.30280.55-.015780          0 2 2          0 0 1  7  1  6        8  1  7      332230807294713152    45.0   51.0
 11 6601.958833 6.158E-31 5.853E-02.08710.428 3750.46450.740.000000          2 2 0          1 0 0  2  0  2        2  1  1      3333308387659336 0     5.0    5.0
 11 6601.967108 6.533E-30 5.582E-01.08320.250 4285.64750.76-.032100          1 1 1          0 1 0 12  3  9       13  5  8      432230817294713152    75.0   81.0
 11 6602.231882 4.914E-29 4.408E-04.07500.412 2005.91690.68-.003020          0 5 0          0 1 0  5  4  2        4  3  1      434233817294713152    11.0    9.0
 11 6602.508046 4.134E-27 1.513E-03.08190.333 1411.64190.70-.012530          0 0 2          0 0 0  7  1  7        8  6  2      434223817260713049    15.0   17.0
 11 6602.575191 3.061E-30 1.069E-03.04400.208 3211.21270.540.012290          0 1 1          0 0 0 16  9  7       16  3 14      462230818394713152    99.0   99.0
 11 6602.719500 4.354E-26 1.855E-01.07190.281 1985.78490.68-.018000          2 0 0          0 0 0 10  2  8       11  5  7      464223797260713059    21.0   23.0
 11 6602.751066 1.045E-28 1.094E-01.01560.208 3211.05480.02-.017340          0 2 1          0 0 0 16  2 15       16  2 14      464233818394713152    33.0   33.0
 11 6602.823731 5.015E-28 5.036E-02.06990.315 2818.39800.660.006240          0 5 0          0 1 0  8  5  4        9  2  7      434223817294713152    51.0   57.0
 11 6602.962340 1.234E-26 1.506E-03.08300.333 1411.61150.73-.008170          2 0 0          0 0 0  7  3  4        8  6  3      464223817260713049    45.0   51.0
 11 6603.010900 7.157E-30 1.027E-02.05210.315 3139.47570.54-.006580          0 5 0          0 1 0  8  6  2        9  5  5      432230817294713152    17.0   19.0
 11 6603.054927 2.105E-29 3.355E-01.04310.208 3758.39680.380.000000          1 2 0          0 0 0 15  6 10       16  5 11      2633308383659336 0    31.0   33.0
 11 6603.136504 9.562E-30 3.277E-03.01930.195 2981.35840.17-.002110          0 4 0          0 0 0 16  2 14       17  1 17      464233818360713049    33.0   35.0
 11 6603.232802 6.335E-29 2.268E-04.05760.281 1985.78490.560.002420          0 4 0          0 0 0 12  4  8       11  5  7      464233818360713049    25.0   23.0
 11 6603.249263 1.918E-30 2.188E-02.01700.183 3940.58680.11-.008390          0 5 0          0 0 0 17  0 17       18  3 16      432230817294713152   105.0  111.0
 11 6603.253928 7.983E-29 2.767E-01.06130.315 3320.92970.56-.010160          1 1 1          0 1 0  8  4  5        9  6  4      434233817294713152    17.0   19.0
 11 6603.268893 4.969E-29 2.747E-04.05100.221 2358.30160.56-.014870          0 1 1          0 0 0 16  4 12       15  0 15      464233818394713152    99.0   93.0
 11 6603.417456 2.607E-30 5.934E-06.07180.298 1875.46180.68-.016500          2 0 0          0 0 0 11  1 11       10  6  4      432230817260713049    23.0   21.0
 11 6603.433185 1.508E-28 4.486E-04.06990.412 2004.81560.62-.003500          0 5 0          0 1 0  5  4  1        4  3  2      434233817294713152    33.0   27.0
 11 6603.477149 8.928E-31 4.411E-04.06610.315 2920.13210.630.000000          1 1 1          0 1 0  8  1  8        8  5  3      5333308387659336 0    17.0   17.0
 11 6603.565019 2.001E-25 4.385E-01.05310.298 2054.34520.52-.009000          1 0 1          0 0 0  9  5  5       10  7  4      464623807294713159    57.0   63.0
 11 6603.571497 2.047E-29 3.263E-01.06500.208 3758.39680.680.000020          0 3 0          0 0 0 15 12  4       16  5 11      444233813260713049    31.0   33.0
 11 6603.604014 6.652E-29 3.899E-01.09010.391 3565.45460.71-.002630          0 4 1          0 2 0  5  1  5        5  1  4      434233817294713152    33.0   33.0
 11 6603.621019 5.194E-30 1.633E-02.03200.205 3437.27720.370.000000          0 4 0          0 0 0 16  4 12       16  3 13      1633308383659336 0    33.0   33.0
 11 6603.633673 3.152E-28 1.101E-01.01580.208 3211.21270.02-.019880          0 2 1          0 0 0 16  1 15       16  3 14      464223818394713152    99.0   99.0
 11 6603.653961 6.759E-27 2.091E+00.05230.298 3072.72630.46-.010020          0 3 1          0 1 0  9  3  7       10  3  8      434223817294713152    57.0   63.0
 11 6603.676638 6.960E-26 1.482E-01.05980.281 1843.02960.57-.005000          2 0 0          0 0 0 10  1  9       11  4  8      464223807260713059    21.0   23.0
 11 6603.697584 1.689E-26 9.132E-02.10150.434 1739.48360.75-.013830          1 3 0          0 1 0  2  0  2        3  1  3      464223817294713152     5.0    7.0
 11 6603.708687 1.692E-26 4.741E-04.08500.371 1045.05800.72-.013040          1 0 1          0 0 0  5  2  4        6  6  1      464223817294713152    33.0   39.0
 11 6603.725125 6.822E-31 3.013E-07.06600.323 1538.14950.620.000000          0 1 1          0 0 0 11  9  2       10  3  7      4633308383659336 0    23.0   21.0
 11 6603.735273 1.393E-30 3.272E-05.07100.250 2629.33450.71-.022700          1 1 0          0 0 0 14 10  5       13  5  8      432230817294713152    87.0   81.0
 11 6603.740407 7.732E-30 3.368E-04.06080.250 2756.41530.64-.040000          1 2 0          0 0 0 14  3 12       13  6  7      462230818394713152    87.0   81.0
 11 6603.810816 2.822E-26 6.449E-05.09370.412  488.10770.73-.014960          0 2 1          0 0 0  4  0  4        4  4  1      464223818394713152    27.0   27.0
 11 6603.856276 2.080E-26 2.408E+00.08550.333 2595.81280.70-.001760          0 3 1          0 1 0  7  2  5        8  2  6      464223817294713152    15.0   17.0
 11 6604.020875 2.389E-30 1.281E+00.07090.250 4437.39980.67-.006610          2 1 0          0 1 0 12  5  7       13  6  8      432230817294713152    25.0   27.0
 11 6604.057888 4.466E-24 4.228E-02.06720.349  885.60020.57-.016500          1 2 0          0 0 0  7  1  6        8  2  7      467721818382623134    45.0   51.0
 11 6604.072897 1.336E-29 2.133E-05.06300.315 2009.80510.65-.003180          1 2 0          0 0 0 10  5  6        9  8  1      462230818394713152    63.0   57.0
 11 6604.314149 7.443E-27 4.311E-02.06100.298 2254.28370.61-.007190          0 0 2          0 0 0  9  5  4       10  8  3      434223817260713049    57.0   63.0
 11 6604.361120 2.948E-25 1.148E-01.03100.352 1394.81420.32-.013890          1 2 0          0 0 0  6  6  0        7  7  1      464223818394713152    13.0   15.0
 11 6604.361310 8.845E-25 1.148E-01.03100.352 1394.81420.32-.020500          1 2 0          0 0 0  6  6  1        7  7  0      465523798394713159    39.0   45.0
 11 6604.371616 3.034E-28 3.640E-05.07000.315 1477.29740.66-.025820          1 2 0          0 0 0 10  2  9        9  5  4      464223818394713152    63.0   57.0
 11 6604.454931 8.672E-29 1.099E-01.07390.298 3383.26540.66-.023380          0 3 1          0 1 0 10  3  7       10  5  6      434233817294713152    63.0   63.0
 11 6604.513700 2.454E-24 9.361E-03.09860.412  315.77950.75-.008500          1 2 0          0 0 0  3  1  3        4  2  2      466723798394713159     7.0    9.0
 11 6604.536264 3.304E-29 1.750E-04.07360.315 2009.80500.70-.011620          0 0 2          0 0 0  9  3  7        9  8  2      434233817260713049    19.0   19.0
 11 6604.838854 5.724E-27 7.210E-05.07600.333  744.06370.670.005310          0 4 0          0 0 0  8  3  5        8  0  8      464223818360713049    17.0   17.0
 11 6604.933040 1.128E-26 1.727E+00.01150.298 2701.88850.51-.018156          0 4 0          0 0 0  9  9  1       10 10  0      5642238083297122 9    19.0   21.0
 11 6604.933060 3.386E-26 1.728E+00.01340.298 2701.88850.51-.014928          0 4 0          0 0 0  9  9  0       10 10  1      5642238083297122 9    57.0   63.0
 11 6605.197508 1.693E-29 4.802E-02.04360.221 3629.09650.43-.040000          0 2 1          0 0 0 15  5 11       15  7  8      464233818394713152    93.0   93.0
 11 6605.222170 9.285E-26 3.610E-03.07030.315 1201.92150.670.000000          0 4 0          0 0 0  8  5  4        9  2  7      464223798360713059    51.0   57.0
 11 6605.267209 6.137E-30 9.805E-02.04850.265 3940.51940.45-.028290          1 3 0          0 1 0 12  4  9       12  5  8      432230817294713152    75.0   75.0
 11 6605.271464 9.234E-25 7.765E-02.04070.371 1045.05830.41-.011360          1 2 0          0 0 0  5  5  1        6  6  0      464223818394713152    11.0   13.0
 11 6605.275512 2.762E-24 7.743E-02.04080.371 1045.05800.41-.018500          1 2 0          0 0 0  5  5  0        6  6  1      766623808394713159    33.0   39.0
 11 6605.364477 4.045E-30 5.981E-05.08110.371 2398.38140.69-.019210          1 3 0          0 1 0  7  1  6        6  4  3      432230817294713152    45.0   39.0
 11 6605.477418 2.434E-28 1.276E-03.05960.298 2254.28370.60-.010510          2 0 0          0 0 0 10  5  6       10  8  3      434233817260713049    63.0   63.0
 11 6605.492672 4.661E-30 3.964E+00.04250.235 4774.04420.40-.013640          0 3 1          0 1 0 13  6  8       14  6  9      432230817294713152    81.0   87.0
 11 6605.494911 2.020E-26 1.101E-03.07600.352 1216.19450.68-.010640          2 0 0          0 0 0  6  3  4        7  6  1      764223807260713049    39.0   45.0
 11 6605.582500 1.207E-28 2.375E-02.02720.221 3080.17870.23-.014060          1 2 0          0 0 0 15  2 13       15  3 12      464233818394713152    93.0   93.0
 11 6605.679628 1.606E-30 1.603E-03.02490.208 3439.30660.26-.022300          1 2 0          0 0 0 17  1 16       16  4 13      362230808394713152   105.0   99.0
 11 6605.699941 2.133E-30 2.790E+00.04490.371 4677.87630.45-.018100          3 0 0          1 0 0  5  5  0        6  6  1      332230807294713152    33.0   39.0
 11 6605.705480 5.040E-30 2.415E-05.06900.315 2009.80500.700.002150          1 2 0          0 0 0 10  5  5        9  8  2      462230818394713152    21.0   19.0
 11 6605.765163 2.796E-28 1.521E-06.08400.391  742.07630.71-.011030          1 2 0          0 0 0  6  2  5        5  5  0      462230818394713152    39.0   33.0
 11 6605.838492 2.693E-29 1.042E+00.10240.434 3791.37210.75-.009540          1 2 1          1 0 0  2  0  2        3  0  3      434233817294713152    15.0   21.0
 11 6605.841590 1.298E-30 7.614E-03.08640.391 3565.45460.710.005500          0 6 0          0 2 0  5  4  1        5  1  4      4322338172947131 9    33.0   33.0
 11 6605.956255 9.905E-28 2.840E-06.08700.391  610.34120.71-.012770          1 2 0          0 0 0  6  1  6        5  4  1      464223818394713152    39.0   33.0
 11 6605.975308 1.613E-28 4.074E+00.08560.391 3598.51590.68-.006130          0 4 1          0 2 0  4  2  3        5  2  4      434233817294713152     9.0   11.0
 11 6605.989003 1.062E-23 5.059E-02.05870.333  744.16270.48-.013600          1 2 0          0 0 0  7  0  7        8  1  8      466523308394713159    45.0   51.0
 11 6606.012667 6.542E-26 4.304E-01.05750.298 2054.36870.56-.001340          1 0 1          0 0 0  9  5  4       10  7  3      464223817294713152    19.0   21.0
 11 6606.073078 3.905E-31 2.733E-05.05060.268 2613.10460.530.000000          1 0 1          0 0 0 13  1 12       12  7  5      4333308387659336 0    27.0   25.0
 11 6606.150317 1.597E-26 8.259E-01.02510.235 2550.88250.17-.017840          0 2 1          0 0 0 13  2 11       14  2 12      464223818394713152    27.0   29.0
 11 6606.180722 3.376E-30 9.173E-01.02890.298 4240.94220.31-.024720          2 1 0          0 1 0  9  8  2       10  9  1      432230817294713152    19.0   21.0
 11 6606.180792 1.013E-29 9.175E-01.02890.298 4240.94220.31-.024720          2 1 0          0 1 0  9  8  1       10  9  2      434233817294713152    57.0   63.0
 11 6606.443164 8.900E-26 6.686E-03.08090.315 1360.23530.71-.010000          0 2 1          0 0 0  9  2  8        9  4  5      464623808394713159    57.0   57.0
 11 6606.463460 3.695E-28 2.518E-02.06870.315 2512.37570.650.005310          0 5 0          0 1 0  8  4  4        9  1  9      434223817294713152    17.0   19.0
 11 6606.524900 2.135E-30 3.574E+00.09190.333 4792.34030.75-.014270          3 0 0          0 0 1  7  3  4        8  3  5      332230807294713152    45.0   51.0
 11 6606.525710 7.447E-29 1.312E-03.07050.281 2522.26520.69-.006150          2 0 0          0 0 0 11  5  6       11  8  3      434233817260713049    69.0   69.0
 11 6606.553292 4.371E-30 3.362E-03.06540.221 3360.60040.64-.021080          2 0 0          0 0 0 15  2 13       15  5 10      432230817260713049    93.0   93.0
 11 6606.691018 2.202E-28 3.161E-01.07310.298 3162.25890.630.006410          1 3 0          0 1 0  9  4  6       10  3  7      434233817294713152    19.0   21.0
 11 6606.700045 2.762E-30 1.039E-08.08110.333  744.16270.71-.000060          1 1 0          0 0 0  9  8  1        8  1  8      432230817294713152    57.0   51.0
 11 6606.844350 2.382E-25 1.829E-03.08830.352  842.35660.72-.007000          0 2 1          0 0 0  7  1  7        7  3  4      464523808394713159    45.0   45.0
 11 6606.898633 1.165E-25 2.674E-01.04310.333 1789.04290.49-.004670          1 0 1          0 0 0  7  6  1        8  8  0      464223817294713152    15.0   17.0
 11 6606.903721 3.503E-25 2.680E-01.04300.333 1789.04280.49-.004720          1 0 1          0 0 0  7  6  2        8  8  1      466520817294713152    45.0   51.0
 11 6606.904420 7.384E-28 2.190E-02.08890.391 2251.69530.72-.006290          0 3 1          0 1 0  5  2  3        5  4  2      434223817294713152    11.0   11.0
 11 6606.949168 2.616E-27 1.108E+00.07420.235 2983.39630.650.000670          0 2 1          0 0 0 13  5  8       14  5  9      464223818394713152    27.0   29.0
 11 6606.979267 5.918E-28 4.583E-02.06800.333 2764.69740.60-.022870          1 3 0          0 1 0  8  3  6        8  4  5      434223817294713152    51.0   51.0
 11 6607.155354 1.518E-26 8.573E-02.09400.412 1817.45110.72-.005470          1 3 0          0 1 0  3  1  3        4  0  4      464223807294713152     7.0    9.0
 11 6607.163099 3.572E-24 5.103E-02.05860.333  744.06370.48-.013300          1 2 0          0 0 0  7  1  7        8  0  8      466623308394713159    15.0   17.0
 11 6607.375879 1.924E-30 5.281E-03.09960.456 3316.14520.74-.008210          1 4 0          0 2 0  3  1  2        2  2  1      332230807294713152    21.0   15.0
 11 6607.385280 3.336E-28 9.747E-04.08640.391 2000.86300.710.005500          0 5 0          0 1 0  5  4  1        5  1  4      434223817294713152    33.0   33.0
 11 6607.617040 6.449E-26 5.417E-03.08420.315 1360.23530.710.000000          1 0 1          0 0 0  8  0  8        9  4  5      464523797294713159    51.0   57.0
 11 6607.625448 1.009E-26 1.077E-02.04040.265 1962.50690.41-.010550          0 4 0          0 0 0 12  4  9       12  3 10      464223818360713049    75.0   75.0
 11 6607.665060 3.511E-26 1.863E-01.05270.265 2275.37290.50-.035000          1 0 1          0 0 0 11  3  9       12  5  8      464523797294713159    69.0   75.0
 11 6607.717640 4.962E-26 8.585E-01.02570.235 2551.48350.19-.017000          0 2 1          0 0 0 13  3 11       14  3 12      464223798394713159    81.0   87.0
 11 6607.803600 1.994E-26 3.419E-01.06160.250 2533.79310.560.000000          1 0 1          0 0 0 12  2 10       13  4  9      464223797294713159    75.0   81.0
 11 6607.844345 1.179E-30 1.890E+00.09060.352 4527.94940.72-.001720          0 2 2          0 0 1  6  2  4        7  2  5      432230817294713152    13.0   15.0
 11 6607.918868 3.936E-28 2.484E+00.05180.281 3487.39920.46-.008210          0 3 1          0 1 0 10  4  7       11  4  8      434223817294713152    21.0   23.0
 11 6607.964720 5.445E-29 8.570E-04.06890.298 2254.28440.68-.006680          2 0 0          0 0 0 10  5  5       10  8  2      434233817260713049    21.0   21.0
 11 6607.996689 5.221E-31 1.550E-03.03340.205 3437.27720.370.000000          1 2 0          0 0 0 17  2 16       16  3 13      1633308283659336 0    35.0   33.0
 11 6608.120410 7.602E-29 1.143E-03.07980.371 2146.26380.690.006410          0 5 0          0 1 0  6  4  2        6  1  5      434233817294713152    13.0   13.0
 11 6608.222240 7.177E-30 1.438E-03.04660.265 2813.52780.69-.005940          2 0 0          0 0 0 12  5  7       12  8  4      432230817265713049    25.0   25.0
 11 6608.246000 3.110E-26 7.143E-02.02420.333 1789.04290.25-.018000          1 2 0          0 0 0  7  7  1        8  8  0      464223798394713159    15.0   17.0
 11 6608.247100 9.268E-26 7.094E-02.02420.333 1789.04280.25-.015440          1 2 0          0 0 0  7  7  0        8  8  1      464423798394713159    45.0   51.0
 11 6608.283456 2.368E-30 5.532E+00.03010.183 5035.12660.27-.022330          1 0 1          0 0 0 17  8 10       18  8 11      332230807294713152   105.0  111.0
 11 6608.325040 1.092E-26 1.513E-02.07300.281 1998.99530.70-.033070          0 2 1          0 0 0 11  3  9       11  5  6      464223818394713152    69.0   69.0
 11 6608.339650 1.206E-30 1.775E-04.07590.333 2919.63290.69-.026830          1 3 0          0 1 0  9  2  7        8  5  4      432230817294713152    57.0   51.0
 11 6608.445045 6.184E-30 2.208E-01.09320.434 3895.58810.72-.007870          2 2 0          0 0 1  4  1  4        3  1  3      432230817294713152    27.0   21.0
 11 6608.521690 5.954E-28 2.791E-02.05870.250 2756.41530.58-.040000          0 2 1          0 0 0 13  4 10       13  6  7      464223818394713152    81.0   81.0
 11 6608.671638 3.532E-24 2.619E-02.09130.391  503.96810.73-.003500          1 2 0          0 0 0  4  2  2        5  3  3      465723808394713159     9.0   11.0
 11 6608.671900 2.348E-27 3.790E-02.08400.391 2126.40770.68-.016080          1 3 0          0 1 0  5  2  4        5  3  3      434223817294713152    11.0   11.0
 11 6608.695479 1.150E-27 4.343E+00.09320.412 3381.70420.72-.008000          0 4 1          0 2 0  3  1  3        4  1  4      434223817294713152    21.0   27.0
 11 6608.697576 2.857E-28 2.824E-04.02920.265 1962.50690.23-.006240          0 4 0          0 0 0 13  2 11       12  3 10      464223818360713049    81.0   75.0
 11 6608.780362 8.330E-31 1.864E+00.07180.355 4625.93690.630.000000          0 2 2          0 0 1  7  2  6        8  2  7      3333308387659336 0    15.0   17.0
 11 6608.957589 1.641E-30 6.745E-02.10760.480 3698.49130.77-.016560          2 2 0          1 0 0  1  0  1        1  1  0      432230817294713152     9.0    9.0
 11 6608.963417 3.322E-29 3.708E-02.02980.208 3211.05480.34-.004900          0 4 0          0 0 0 15  5 11       16  2 14      464233818360713049    31.0   33.0
 11 6609.044531 2.331E-30 2.440E-01.09610.434 3890.82930.73-.003720          2 2 0          0 0 1  4  0  4        3  0  3      432230817294713152     9.0    7.0
 11 6609.184975 1.350E-26 2.189E+00.05290.315 2690.59360.45-.014160          0 3 1          0 1 0  8  2  7        9  2  8      464223817294713152    17.0   19.0
 11 6609.202850 4.633E-30 1.195E-05.06690.281 2144.04630.66-.016950          1 0 1          0 0 0 12  0 12       11  6  5      432230817294713152    75.0   69.0
 11 6609.205170 2.765E-27 1.856E-03.06750.315 1810.58790.64-.017920          1 0 1          0 0 0  9  3  7        9  7  2      434223817294713152    57.0   57.0
 11 6609.476510 1.589E-29 4.464E-06.07200.315 1631.38300.67-.018670          2 0 0          0 0 0  9  1  8        9  6  3      432230817260713049    57.0   57.0
 11 6609.534300 3.294E-29 2.278E-05.06780.333 1590.69070.66-.006890          1 2 0          0 0 0  9  4  6        8  7  1      462230818394713152    19.0   17.0
 11 6609.733790 3.202E-30 1.347E-02.09930.434 3334.62650.740.001690          1 4 0          0 2 0  2  2  1        3  1  2      432230817294713152    15.0   21.0
 11 6609.841440 4.461E-24 7.241E-01.02670.265 1557.84770.15-.019000          0 2 1          0 0 0 11  1 11       12  1 12      465523798394713159    69.0   75.0
 11 6609.854890 1.488E-24 7.244E-01.02670.265 1557.84440.15-.019000          0 2 1          0 0 0 11  0 11       12  0 12      464523798394713159    23.0   25.0
 11 6609.962040 4.190E-24 1.233E-02.08120.423  488.10770.71-.007670          0 2 1          0 0 0  3  2  2        4  4  1      467721818382623134    21.0   27.0
 11 6610.026500 1.203E-29 9.425E-02.03500.250 3583.37460.39-.008030          0 2 1          0 0 0 13  8  5       13 10  4      464233818394713152    27.0   27.0
 11 6610.055030 3.616E-29 9.440E-02.03490.250 3583.37470.39-.008100          0 2 1          0 0 0 13  8  6       13 10  3      464233818394713152    81.0   81.0
 11 6610.097574 8.304E-29 1.103E-05.07790.315 1477.29740.70-.015890          2 0 0          0 0 0  9  0  9        9  5  4      432230817260713049    57.0   57.0
 11 6610.103592 2.068E-30 1.452E+00.08010.333 4387.35710.690.004030          0 4 1          1 0 0  7  4  3        8  0  8      432230817294713152    15.0   17.0
 11 6610.281268 2.195E-27 1.806E-01.05440.265 2613.10450.53-.021910          0 0 2          0 0 0 11  4  8       12  7  5      434223817260713049    23.0   25.0
 11 6610.308423 4.571E-30 9.817E-02.03350.221 4045.32230.33-.011260          0 2 1          0 0 0 15  7  9       15  9  6      462230818394713152    93.0   93.0
 11 6610.318718 4.152E-30 1.372E+00.08170.371 4394.46430.68-.019560          2 0 1          1 0 0  5  2  4        6  4  3      432230817294713152    33.0   39.0
 11 6610.397500 6.406E-29 8.330E-02.07170.298 3162.25890.62-.011310          1 3 0          0 1 0 10  2  8       10  3  7      434233817294713152    21.0   21.0
 11 6610.541080 4.350E-30 1.403E-03.05360.250 2927.07520.56-.030970          2 0 0          0 0 0 13  4 10       13  7  7      432230817260713049    27.0   27.0
 11 6610.668307 9.646E-28 2.163E+00.08420.298 3253.73800.71-.005610          0 3 1          0 1 0  9  4  5       10  4  6      434223817294713152    19.0   21.0
 11 6610.670650 5.474E-30 2.009E-01.10400.456 3849.38530.76-.009750          2 2 0          0 0 1  3  1  2        2  1  1      432230817294713152    21.0   15.0
 11 6610.733322 1.449E-26 5.998E-05.09400.412  383.84250.73-.015500          1 2 0          0 0 0  4  0  4        4  3  1      464223818394713152     9.0    9.0
 11 6610.818947 5.342E-27 2.967E-02.09570.434 1813.78750.73-.011640          1 3 0          0 1 0  3  1  3        3  2  2      434223817294713152     7.0    7.0
 11 6610.822275 2.005E-29 2.601E+00.04730.195 4428.11470.44-.023070          0 2 1          0 0 0 16  7  9       17  7 10      464233818394713152    99.0  105.0
 11 6610.933622 6.777E-31 2.799E-05.03230.278 2471.25500.480.000000          1 2 0          0 0 0 11  6  6       10  9  1      4633308383659336 0    23.0   21.0
 11 6611.078200 9.733E-30 1.944E-02.04500.265 3512.40420.56-.015730          0 0 2          0 0 0 12  8  5       12 11  2      434233817260713049    75.0   75.0
 11 6611.098954 3.239E-30 1.941E-02.04510.265 3512.40410.56-.015600          0 0 2          0 0 0 12  8  4       12 11  1      432230817260713049    25.0   25.0
 11 6611.109487 1.451E-30 5.969E+00.06560.333 4977.04420.60-.032750          3 0 0          0 0 1  7  5  2        8  5  3      332230807294713152    45.0   51.0
 11 6611.115700 1.243E-28 9.357E-02.04830.235 3101.44300.75-.038190          1 0 1          0 0 0 13  4  9       14  6  8      434233817265713152    27.0   29.0
 11 6611.136023 1.188E-28 6.679E-07.09160.412  488.13420.72-.012220          1 2 0          0 0 0  5  1  5        4  4  0      462230818394713152    11.0    9.0
 11 6611.147602 3.537E-30 2.471E+00.07950.333 4386.31310.69-.011250          0 4 1          0 2 0  7  4  3        8  4  4      432230817294713152    15.0   17.0
 11 6611.151300 4.614E-27 6.645E-02.08390.352 2392.59260.69-.007080          1 3 0          0 1 0  7  1  6        7  2  5      434223817294713152    45.0   45.0
 11 6611.233120 1.006E-25 9.675E-01.05460.250 2414.72340.49-.010000          0 2 1          0 0 0 12  3  9       13  3 10      464423798394713159    75.0   81.0
 11 6611.425275 4.496E-28 1.303E-04.05470.333 1411.64190.59-.005860          0 4 0          0 0 0  9  5  5        8  6  2      464223818360713049    19.0   17.0
 11 6611.502910 4.990E-25 7.856E-01.02200.250 2042.31060.09-.019500          0 2 1          0 0 0 12  1 11       13  1 12      464523798394713159    75.0   81.0
 11 6611.534690 1.137E-28 7.317E-02.03390.221 3083.86530.36-.028600          0 0 2          0 0 0 14  1 13       15  4 12      434233817260713049    29.0   31.0
 11 6611.541507 8.039E-27 1.682E-01.06100.333 2495.16580.52-.014530          0 3 1          0 1 0  8  0  8        8  2  7      434223817294713152    51.0   51.0
 11 6611.564954 1.868E-30 9.558E-02.08830.371 3784.67910.71-.002210          1 4 0          0 2 0  5  3  3        6  2  4      432230817294713152    11.0   13.0
 11 6611.601200 2.040E-29 8.516E-07.07290.352 1216.19450.67-.012090          1 2 0          0 0 0  8  3  6        7  6  1      462230818394713152    51.0   45.0
 11 6611.707183 1.541E-30 7.117E-02.09930.434 3827.39270.740.001690          2 2 0          1 0 0  2  2  1        3  1  2      432230817294713152    15.0   21.0
 11 6611.723060 1.661E-25 7.848E-01.02230.250 2042.37410.10-.019000          0 2 1          0 0 0 12  2 11       13  2 12      464223798394713159    25.0   27.0
 11 6611.748393 1.103E-30 7.908E-04.05790.298 3058.39840.54-.002970          0 3 1          0 1 0 11  0 11       10  2  8      432230817294713152    23.0   21.0
 11 6611.751970 4.806E-29 3.793E+00.08950.371 3873.79370.73-.006060          0 4 1          0 2 0  5  3  2        6  3  3      434233817294713152    11.0   13.0
 11 6611.878270 2.367E-28 2.743E-01.07530.315 3321.01330.70-.004200          1 1 1          0 1 0  8  4  4        9  6  3      434233817294713152    51.0   57.0
 11 6611.978640 2.279E-28 4.032E-04.06700.315 2009.80510.67-.007850          2 0 0          0 0 0  9  5  4        9  8  1      434233817260713049    57.0   57.0
 11 6612.018734 7.437E-24 5.855E-02.05440.391  742.07630.51-.015500          1 2 0          0 0 0  4  4  1        5  5  0      465523808394713159    27.0   33.0
 11 6612.034014 2.481E-24 5.859E-02.05460.391  742.07300.52-.011500          1 2 0          0 0 0  4  4  0        5  5  1      464223808394713159     9.0   11.0
 11 6612.138696 1.720E-30 2.368E-05.05880.298 2471.25500.65-.000380          1 2 0          0 0 0 11  6  5       10  9  2      462230818394713152    69.0   63.0
 11 6612.252500 3.776E-30 8.875E+00.08330.333 4861.80310.72-.021490          3 0 0          0 0 1  7  4  3        8  4  4      432230817294713152    45.0   51.0
 11 6612.288275 2.372E-30 6.770E-04.04610.250 3127.86190.66-.006180          2 0 0          0 0 0 13  5  8       13  8  5      432230807265713049    81.0   81.0
 11 6612.442807 1.566E-30 8.395E-04.05780.298 3224.54650.56-.029890          1 3 0          0 1 0 11  1 10       10  4  7      332230807294713152    69.0   63.0
 11 6613.057520 1.690E-27 1.553E-03.07050.298 1874.97300.66-.021080          0 0 2          0 0 0  9  1  8       10  6  5      434223817260713049    57.0   63.0
 11 6613.307106 1.085E-29 4.007E-02.04630.221 3443.19190.53-.009920          0 4 0          0 0 0 14  7  7       15  6 10      464233818360713049    29.0   31.0
 11 6613.441000 5.224E-30 6.643E-05.08320.352 2392.59260.69-.004130          1 3 0          0 1 0  8  1  8        7  2  5      432230817294713152    51.0   45.0
 11 6613.465500 6.150E-29 9.284E-04.03020.235 2551.48350.32-.019050          0 2 1          0 0 0 15  1 15       14  3 12      464233818394713152    93.0   87.0
 11 6613.520632 5.390E-27 8.012E-04.05650.315 1477.29740.58-.008950          0 4 0          0 0 0  8  6  3        9  5  4      464223818360713049    51.0   57.0
 11 6613.571870 8.715E-29 1.628E-02.08400.333 2919.63300.72-.014170          2 1 0          0 1 0  7  2  5        8  5  4      434233817294713152    45.0   51.0
 11 6613.599980 6.149E-29 4.303E-04.05510.265 2105.86790.51-.008890          1 0 1          0 0 0 11  1 10       12  3  9      434233817294713152    23.0   25.0
 11 6613.613322 9.550E-29 2.483E-01.04020.281 3323.26980.36-.021760          0 3 1          0 1 0 11  1 10       11  3  9      434233817294713152    23.0   23.0
 11 6613.692858 7.775E-30 9.278E-01.09790.434 3796.53970.74-.006930          1 2 1          1 0 0  2  1  2        3  1  3      432230817294713152     5.0    7.0
 11 6613.855400 8.652E-29 2.077E-02.05820.235 2880.83420.57-.009880          1 0 1          0 0 0 14  2 13       14  4 10      434233817294713152    29.0   29.0
 11 6613.886200 8.432E-30 1.076E-01.05260.281 3650.50900.48-.027800          1 3 0          0 1 0 11  4  8       11  5  7      432230817294713152    23.0   23.0
 11 6613.922404 1.354E-30 8.733E-02.03690.221 4045.28510.360.001300          0 2 1          0 0 0 15  7  8       15  9  7      262230808394713152    31.0   31.0
 11 6614.088663 4.920E-28 5.027E-02.07140.352 2569.50790.61-.018120          1 3 0          0 1 0  7  3  5        7  4  4      434223817294713152    15.0   15.0
 11 6614.130444 1.961E-30 7.693E+00.08390.333 4741.06710.70-.013100          2 0 1          0 0 1  7  2  5        8  3  6      432230817294713152    15.0   17.0
 11 6614.132219 4.470E-28 1.857E-02.03040.235 2746.02350.27-.024510          1 2 0          0 0 0 14  3 12       14  4 11      464223818394713152    87.0   87.0
 11 6614.155240 2.009E-29 9.075E-04.03060.235 2550.88250.32-.019710          0 2 1          0 0 0 15  0 15       14  2 12      464233818394713152    31.0   29.0
 11 6614.194970 4.461E-31 2.062E-01.08840.406 4195.97100.690.000000          3 0 0          0 0 1  4  0  4        5  2  3      3333308387659336 0     9.0   11.0
 11 6614.255800 1.436E-27 4.852E+00.10240.434 3289.24250.75-.009540          0 4 1          0 2 0  2  0  2        3  0  3      434223817294713152    15.0   21.0
 11 6614.264828 1.173E-29 1.101E-03.03850.208 2952.39370.450.005690          0 1 1          0 0 0 17  6 12       16  2 15      464233818394713152   105.0   99.0
 11 6614.364447 1.743E-29 2.482E+00.04480.195 4221.03940.340.000000          2 0 0          0 0 0 16  5 11       17  6 12      1333308387659336 0    33.0   35.0
 11 6614.377800 2.276E-28 6.578E-06.07950.371  888.63270.68-.014250          1 2 0          0 0 0  7  2  6        6  5  1      462230818394713152    15.0   13.0
 11 6614.387492 6.620E-31 1.833E+00.01490.173 4855.15200.090.000000          2 0 0          0 0 0 18  4 14       19  5 15      2333308387659336 0    37.0   39.0
 11 6614.423510 2.101E-28 2.858E-05.07120.333 1255.91160.65-.022140          1 2 0          0 0 0  9  2  8        8  5  3      462230818394713152    19.0   17.0
 11 6614.448700 1.102E-27 4.643E+00.10350.434 3334.62650.75-.002420          0 4 1          0 2 0  2  1  1        3  1  2      434223817294713152    15.0   21.0
 11 6614.490400 8.021E-30 5.911E-02.03690.221 3824.99790.36-.019820          0 2 1          0 0 0 15  6 10       15  8  7      462230818394713152    93.0   93.0
 11 6614.550500 1.713E-29 3.906E+00.06650.333 4381.73530.58-.011940          0 4 1          0 2 0  7  4  4        8  4  5      434233817294713152    45.0   51.0
 11 6614.575508 3.192E-26 2.220E+00.06630.333 2490.35400.55-.017400          0 3 1          0 1 0  7  1  6        8  1  7      464223807294713159    15.0   17.0
 11 6614.598620 8.039E-29 1.657E-06.08440.371 1045.05800.74-.001870          1 2 0          0 0 0  7  3  4        6  6  1      462230818394713152    45.0   39.0
 11 6614.752669 2.951E-30 1.608E-05.06720.298 2054.36870.67-.017520          2 0 0          0 0 0 11  2 10       10  7  3      432230817260713049    23.0   21.0
 11 6614.754060 1.043E-25 5.885E-01.01940.315 2225.46920.18-.017000          1 2 0          0 0 0  8  8  1        9  9  0      464223798394713159    51.0   57.0
 11 6614.754180 3.475E-26 5.886E-01.01940.315 2225.46910.18-.017290          1 2 0          0 0 0  8  8  0        9  9  1      464223818394713152    17.0   19.0
 11 6614.820406 2.382E-28 2.296E-03.07370.352 2309.73010.660.007660          0 5 0          0 1 0  7  4  3        7  1  6      434233817294713152    45.0   45.0
 11 6614.931380 6.293E-28 9.995E-01.03570.221 3269.53920.32-.014930          0 2 1          0 0 0 14  5 10       15  5 11      464223818394713152    29.0   31.0
 11 6615.044540 5.794E-29 3.078E-04.06340.315 2009.80500.64-.009340          2 0 0          0 0 0  9  5  5        9  8  2      434233817260713049    19.0   19.0
 11 6615.117342 3.967E-28 1.160E-04.08340.333 1590.69010.73-.012010          0 0 2          0 0 0  7  2  5        8  7  2      434223817260713049    45.0   51.0
 11 6615.140640 1.957E-28 4.128E-02.03430.221 3080.17870.35-.022860          0 0 2          0 0 0 14  2 13       15  3 12      434233817260713049    87.0   93.0
 11 6615.402106 3.100E-30 1.649E-05.06160.265 2275.37290.61-.009890          0 5 0          0 0 0 11  0 11       12  5  8      432230817294713152    69.0   75.0
 11 6615.414410 1.166E-27 1.128E-04.05200.333 1411.61150.56-.003470          0 4 0          0 0 0  9  5  4        8  6  3      464223818360713049    57.0   51.0
 11 6615.448854 8.736E-27 3.188E-02.08720.412 2004.81560.70-.012550          1 3 0          0 1 0  4  2  3        4  3  2      434223817294713152    27.0   27.0
 11 6615.451503 1.692E-25 8.081E-04.07240.333  744.16270.670.004900          0 4 0          0 0 0  7  4  3        8  1  8      464223818360713049    45.0   51.0
 11 6615.460840 1.438E-28 9.733E-05.06780.333 1789.04280.69-.008620          2 0 0          0 0 0  8  5  4        8  8  1      434233817260713049    51.0   51.0
 11 6615.479037 1.773E-24 1.568E-02.08940.412  488.13420.72-.009000          0 2 1          0 0 0  3  2  1        4  4  0      466723808394713159     7.0    9.0
 11 6615.492410 2.944E-27 8.612E-03.09620.434 1907.61580.73-.014540          0 3 1          0 1 0  3  1  3        3  3  0      434223817294713152    21.0   21.0
 11 6615.564326 5.333E-29 1.637E+00.04890.281 4038.40340.48-.019690          2 1 0          0 1 0 10  6  5       11  7  4      434233817294713152    63.0   69.0
 11 6615.586500 6.212E-30 7.451E-02.03530.235 3685.41910.35-.007700          0 2 1          0 0 0 14  7  8       14  9  5      462230818394713152    29.0   29.0
 11 6615.663520 2.556E-28 1.575E-04.06710.281 1813.22340.600.015710          1 2 0          0 0 0 10  4  7       11  3  8      464243818394713152    63.0   69.0
 11 6615.690600 3.356E-27 5.744E-02.08640.371 2398.38150.71-.008380          0 3 1          0 1 0  6  2  4        6  4  3      434223817294713152    39.0   39.0
 11 6615.751576 2.529E-29 2.900E-03.01920.195 2981.35840.18-.003660          0 4 0          0 0 0 16  3 14       17  0 17      464233818360713049    99.0  105.0
 11 6615.771520 1.590E-30 1.719E-04.01090.195 2981.3584-.11-.003910          0 4 0          0 0 0 17  1 16       17  0 17      362230808360713049   105.0  105.0
 11 6615.847791 1.562E-27 6.892E-04.05210.315 1474.98080.54-.006590          0 4 0          0 0 0  8  6  2        9  5  5      464223818360713049    17.0   19.0
 11 6615.926030 1.965E-29 1.016E-02.01960.195 3291.14850.18-.006840          0 4 0          0 0 0 16  4 13       17  1 16      464233818360713049    99.0  105.0
 11 6615.961684 6.452E-26 2.135E+00.05850.333 2337.46320.48-.014000          0 3 1          0 1 0  7  0  7        8  0  8      464223807294713159    15.0   17.0
 11 6616.005700 5.517E-30 1.121E-02.07750.298 3253.73790.72-.005650          0 5 0          0 1 0 10  5  5       10  4  6      432230817294713152    21.0   21.0
 11 6616.162025 4.349E-29 1.409E-01.10710.480 3175.44120.760.010810          1 4 0          0 2 0  1  1  0        1  0  1      234223807294713152     9.0    9.0
 11 6616.198140 9.525E-29 2.200E-05.07780.333 1590.69010.720.001310          1 2 0          0 0 0  9  4  5        8  7  2      462230818394713152    57.0   51.0
 11 6616.268100 1.760E-29 1.621E+00.04950.281 4038.35150.48-.018060          2 1 0          0 1 0 10  6  4       11  7  5      434233817294713152    21.0   23.0
 11 6616.442825 1.371E-25 5.890E-02.02950.265 1774.75110.23-.016000          0 2 1          0 0 0 12  0 12       12  2 11      464423308394713159    75.0   75.0
 11 6616.496322 1.008E-30 1.370E-06.03840.242 2042.31060.450.000000          0 3 0          0 0 0 14  8  7       13  1 12      4333308387659336 0    87.0   81.0
 11 6616.513760 4.606E-26 5.932E-02.02940.265 1774.61630.23-.018000          0 2 1          0 0 0 12  1 12       12  1 11      464223798394713159    25.0   25.0
 11 6616.541424 1.591E-29 9.985E-04.01020.221 2631.2834-.19-.006020          0 4 0          0 0 0 16  1 15       15  2 14      464233818360713049    33.0   31.0
 11 6616.701353 5.357E-31 1.738E-04.02060.189 2981.35950.190.000000          0 4 0          0 0 0 17  2 16       17  1 17      3633308383659336 0    35.0   35.0
 11 6616.769372 7.226E-28 3.110E-04.07450.298 1718.71880.68-.017770          0 0 2          0 0 0  9  0  9       10  5  6      434223817260713049    57.0   63.0
 11 6616.789668 1.170E-29 6.490E-01.09690.434 3864.76380.74-.004030          1 2 1          1 0 0  2  2  0        3  2  1      434233817294713152    15.0   21.0
 11 6616.803930 1.024E-28 8.542E-03.08430.352 2724.16710.71-.022090          1 1 1          0 1 0  6  1  5        7  5  2      434233817294713152    39.0   45.0
 11 6616.862460 2.813E-27 1.728E-01.06120.333 2490.35410.52-.007000          0 3 1          0 1 0  8  1  8        8  1  7      434223817294713152    17.0   17.0
 11 6616.879680 1.718E-26 1.634E-02.04060.281 1695.06860.37-.021420          1 2 0          0 0 0 11  2 10       11  3  9      464223818394713152    23.0   23.0
 11 6616.945660 2.322E-26 6.352E-01.05630.250 2629.33440.74-.021670          2 0 0          0 0 0 12  4  9       13  5  8      464223817265713049    75.0   81.0
 11 6616.964100 2.416E-30 1.062E+00.03110.208 4665.97620.33-.033620          0 0 2          0 0 0 15  9  6       16 10  7      232230807260713049    93.0   99.0
 11 6617.047850 1.931E-25 2.133E+00.05850.333 2337.66680.48-.013900          0 3 1          0 1 0  7  1  7        8  1  8      464223797294713159    45.0   51.0
 11 6617.084620 4.692E-30 8.343E+00.04830.298 4852.74910.42-.040000          3 0 0          0 0 1  9  0  9       10  0 10      432230817294713152    57.0   63.0
 11 6617.096370 2.653E-24 3.710E-02.07980.352  709.60820.66-.014000          1 2 0          0 0 0  6  1  5        7  2  6      464623798394713159    13.0   15.0
 11 6617.149402 1.766E-29 7.063E-02.03690.235 3685.40690.37-.003890          0 2 1          0 0 0 14  7  7       14  9  6      464233818394713152    87.0   87.0
 11 6617.161977 1.584E-30 8.450E+00.04830.298 4852.75530.42-.040000          3 0 0          0 0 1  9  1  9       10  1 10      432230817294713152    19.0   21.0
 11 6617.243300 1.315E-28 9.573E-01.03690.208 3822.24630.34-.011600          0 2 1          0 0 0 15  6 10       16  6 11      464233818394713152    93.0   99.0
 11 6617.258300 1.898E-29 1.585E+00.03760.298 3997.50850.38-.019250          2 1 0          0 1 0  9  7  3       10  8  2      434233817294713152    19.0   21.0
 11 6617.267016 5.695E-29 1.585E+00.03760.298 3997.50830.38-.019220          2 1 0          0 1 0  9  7  2       10  8  3      434233817294713152    57.0   63.0
 11 6617.290508 9.793E-30 1.259E+00.05660.265 4125.59900.53-.020640          2 1 0          0 1 0 11  5  7       12  6  6      434233817294713152    23.0   25.0
 11 6617.398259 1.335E-29 1.508E-06.08730.352 1394.81420.73-.009580          0 0 2          0 0 0  7  0  7        7  7  0      432230817260713049    45.0   45.0
 11 6617.525275 8.298E-28 1.623E-05.07430.352 1059.83550.66-.018330          1 2 0          0 0 0  8  2  7        7  5  2      464223818394713152    51.0   45.0
 11 6617.536374 1.557E-30 1.706E+00.07910.352 4448.97070.64-.010150          0 2 2          0 0 1  6  1  5        7  1  6      332230807294713152    13.0   15.0
 11 6617.539170 5.489E-29 1.115E-04.06920.333 1789.04290.70-.008260          2 0 0          0 0 0  8  5  3        8  8  0      434233817260713049    17.0   17.0
 11 6617.580966 6.298E-31 4.932E-01.07150.362 4345.55910.640.000000          2 2 0          0 0 1  5  4  2        5  4  1      3333308387659336 0    11.0   11.0
 11 6617.604780 5.094E-26 1.580E-02.04230.281 1690.66440.38-.006816          1 2 0          0 0 0 11  1 10       11  2  9      4642237983947131 7    69.0   69.0
 11 6617.644683 2.008E-30 5.235E-01.06880.391 4345.27190.59-.019490          2 2 0          0 0 1  5  4  1        5  4  2      432230817294713152    33.0   33.0
 11 6617.722972 3.443E-30 3.170E+00.02690.195 4830.89630.23-.037260          1 0 1          0 0 0 16  9  7       17  9  8      432230817294713152    99.0  105.0
 11 6617.823948 1.027E-29 1.391E-03.05520.250 2748.09960.58-.030470          2 0 0          0 0 0 13  3 11       13  6  8      434233817260713049    27.0   27.0
 11 6617.828880 1.342E-28 2.424E-03.06990.265 2300.68500.73-.018360          0 0 2          0 0 0 11  2 10       12  5  7      434233817254713049    23.0   25.0
 11 6617.834173 5.677E-31 3.007E-03.02250.193 3567.25480.270.000000          0 1 1          0 0 0 18  7 12       17  3 15      4633308383659336 0    37.0   35.0
 11 6617.866395 1.700E-30 1.535E-04.07620.352 2569.50790.67-.023200          1 3 0          0 1 0  8  1  7        7  4  4      432230817294713152    17.0   15.0
 11 6617.957190 2.706E-29 4.240E-02.04280.235 3266.51390.41-.035870          0 2 1          0 0 0 14  5 10       14  7  7      464233818394713152    29.0   29.0
 11 6617.963583 7.552E-30 1.162E-04.07370.265 2300.68500.72-.023740          0 2 1          0 0 0 13  1 12       12  5  7      462230818394713152    27.0   25.0
 11 6618.002972 4.809E-29 1.006E-03.01040.221 2631.2688-.18-.006350          0 4 0          0 0 0 16  2 15       15  1 14      464233818360713049    99.0   93.0
 11 6618.076600 2.618E-30 3.314E-01.02940.235 4396.05140.25-.026300          0 3 1          0 1 0 14  2 12       14  4 11      332230807294713152    87.0   87.0
 11 6618.113887 7.058E-31 2.527E-02.05590.248 3879.72080.480.000000          0 6 0          0 1 0 12  0 12       13  3 11      4333308387659336 0    25.0   27.0
 11 6618.175369 4.705E-24 6.158E-02.07940.371  661.54890.74-.010500          0 2 1          0 0 0  5  1  4        6  3  3      466623808365713159    11.0   13.0
 11 6618.271450 1.034E-24 8.672E-03.06100.333  885.60020.52-.012000          1 2 0          0 0 0  8  1  8        8  2  7      464523798394713159    51.0   51.0
 11 6618.298490 6.016E-29 3.664E-05.06250.315 1810.58790.61-.010000          1 2 0          0 0 0 10  4  7        9  7  2      464233818394713152    63.0   57.0
 11 6618.342780 5.321E-29 3.228E-02.03650.265 3266.76430.42-.011150          1 0 1          0 0 0 12  8  4       12 10  3      434233817294713152    75.0   75.0
 11 6618.348930 1.748E-29 3.181E-02.03650.265 3266.76430.42-.011110          1 0 1          0 0 0 12  8  5       12 10  2      434233817294713152    25.0   25.0
 11 6618.368285 1.882E-30 5.042E-01.08530.412 4031.85360.70-.006500          1 2 1          1 0 0  3  3  0        4  3  1      432230817294713152     7.0    9.0
 11 6618.454492 9.976E-29 1.973E-01.01960.265 3266.76440.18-.001340          0 4 0          0 0 0 11  9  3       12 10  2      462230818360713049    23.0   25.0
 11 6618.456400 2.992E-28 1.973E-01.01960.265 3266.76430.18-.001350          0 4 0          0 0 0 11  9  2       12 10  3      462230818360713049    69.0   75.0
 11 6618.461088 1.511E-28 3.815E+00.07760.371 3864.96600.64-.006690          0 4 1          0 2 0  5  3  3        6  3  4      434233817294713152    33.0   39.0
 11 6618.471517 1.547E-30 7.755E+00.06110.315 4816.99090.53-.040000          3 0 0          0 0 1  8  1  7        9  1  8      432230817294713152    17.0   19.0
 11 6618.624520 8.760E-31 5.887E+00.07650.352 4851.53780.650.000000          3 0 0          0 0 1  7  4  4        8  4  5      3333308387659336 0    15.0   17.0
 11 6618.688724 3.210E-30 1.180E-02.06870.333 3306.29550.65-.008910          0 1 2          0 1 0  7  4  4        8  7  1      432230817294713152    15.0   17.0
 11 6618.712402 4.757E-30 7.978E+00.06010.315 4817.73580.53-.037520          3 0 0          0 0 1  8  2  7        9  2  8      432230817294713152    51.0   57.0
 11 6618.759300 1.500E-28 2.616E+00.04970.265 3940.51950.46-.013400          0 3 1          0 1 0 11  5  7       12  5  8      434233817294713152    69.0   75.0
 11 6618.759349 5.200E-30 6.300E+00.08690.333 4725.06220.71-.017040          3 0 0          0 0 1  7  2  5        8  2  6      432230817294713152    45.0   51.0
 11 6618.859556 1.919E-28 3.800E+00.09760.412 3495.93920.75-.002960          0 4 1          0 2 0  3  2  1        4  2  2      434233817294713152     7.0    9.0
 11 6618.862314 4.587E-30 2.377E-06.06880.281 1813.22340.660.006690          0 1 1          0 0 0 12  9  3       11  3  8      462230818394713152    75.0   69.0
 11 6618.883238 2.651E-30 2.776E-05.06910.265 2205.65280.65-.001380          0 4 0          0 0 0 12  5  7       12  4  8      462230818360713049    25.0   25.0
 11 6618.913460 2.048E-26 9.154E-01.03370.235 2746.02340.29-.014830          0 2 1          0 0 0 13  4 10       14  4 11      464223818394713152    81.0   87.0
 11 6618.923442 1.210E-30 3.339E+00.02670.195 4830.61340.23-.036960          1 0 1          0 0 0 16  9  8       17  9  9      432230817294713152    33.0   35.0
 11 6619.009586 2.467E-30 1.902E-04.09260.391 2406.14080.73-.016210          1 1 1          0 1 0  4  1  4        5  5  1      432230817294713152     9.0   11.0
 11 6619.019248 5.393E-31 2.830E-02.02320.195 4027.50600.320.000000          1 2 0          0 0 0 17  4 14       17  5 13      1633308283659336 0    35.0   35.0
 11 6619.193807 5.821E-30 5.174E-01.08320.412 4030.83890.68-.007530          1 2 1          1 0 0  3  3  1        4  3  2      432230817294713152    21.0   27.0
 11 6619.194756 8.295E-27 4.848E-02.09660.412 1875.46960.73-.005040          1 3 0          0 1 0  4  0  4        4  1  3      434223817294713152     9.0    9.0
 11 6619.241177 1.486E-30 7.913E-01.06600.412 4224.81680.59-.022010          2 2 0          0 0 1  4  4  0        4  4  1      432230817294713152     9.0    9.0
 11 6619.277108 9.316E-30 4.198E-07.06580.298 1293.63410.650.001610          0 1 1          0 0 0 11  8  4       10  2  9      462230818394713152    69.0   63.0
 11 6619.324946 1.012E-30 9.024E-03.06850.221 3624.18110.67-.029760          0 0 2          0 0 0 14  4 10       15  7  9      432230817260713049    29.0   31.0
 11 6619.331098 1.159E-30 1.886E-05.06140.281 2522.26510.64-.027490          1 0 1          0 0 0 12  2 10       11  8  3      432230807294713152    75.0   69.0
 11 6619.401515 7.119E-27 2.552E-02.09060.391 2000.86290.710.001390          1 3 0          0 1 0  4  2  3        5  1  4      434223817294713152    27.0   33.0
 11 6619.408279 4.364E-30 7.748E-01.06610.412 4224.85080.60-.023070          2 2 0          0 0 1  4  4  1        4  4  0      432230817294713152    27.0   27.0
 11 6619.541610 2.751E-26 1.397E+00.06060.250 2756.41530.570.000000          2 0 0          0 0 0 12  5  8       13  6  7      464223797260713059    75.0   81.0
 11 6619.629150 8.614E-27 1.883E+00.04010.265 2813.52780.41-.024050          2 0 0          0 0 0 11  7  5       12  8  4      434223817260713049    23.0   25.0
 11 6619.870960 2.441E-27 2.143E-02.08940.434 1907.45140.71-.008460          1 3 0          0 1 0  3  2  2        3  3  1      434223817294713152     7.0    7.0
 11 6619.872900 8.760E-30 1.970E-02.08130.298 3253.73790.71-.006200          0 6 0          0 1 0  9  1  9       10  4  6      4322338172947131 9    19.0   21.0
 11 6619.875590 1.309E-26 1.530E+00.04530.250 2927.94120.43-.020080          2 0 0          0 0 0 12  6  7       13  7  6      464223817260713049    75.0   81.0
 11 6619.877944 7.043E-28 2.190E-01.05890.298 3072.72630.54-.027570          1 1 1          0 1 0  9  1  9       10  3  8      434223817294713152    57.0   63.0
 11 6619.905470 2.568E-26 1.871E+00.04030.265 2813.51210.41-.021960          2 0 0          0 0 0 11  7  4       12  8  5      4642237972607130 9    69.0   75.0
