 11 2950.059977 5.867E-30 8.910E-01.05470.235 4525.23910.52-.003480          1 1 0          0 1 0 13  3 11       14  4 10      432230837294713152    27.0   29.0
 11 2950.166746 9.680E-28 1.818E+00.02840.315 3752.41620.30-.000760          0 3 0          0 1 0  8  7  2        9  8  1      434223837294713152    51.0   57.0
 11 2950.166954 3.227E-28 1.819E+00.02840.315 3752.41620.30-.000680          0 3 0          0 1 0  8  7  1        9  8  2      434223837294713152    17.0   19.0
 11 2950.321376 1.795E-29 1.108E+00.08030.315 4493.80440.69-.005320          0 4 0          0 2 0  9  2  7        9  3  6      434253837294713152    57.0   57.0
 11 2950.440843 4.360E-26 5.966E-05.09020.412  488.13420.73-.006000          0 2 0          0 0 0  4  1  3        4  4  0      564423837260713059     9.0    9.0
 11 2950.528379 1.293E-29 6.816E-01.06970.352 4186.56940.62-.008470          0 4 0          0 2 0  7  3  5        7  4  4      434253837294713152    15.0   15.0
 11 2950.603145 2.703E-30 5.667E-02.09720.412 4066.12260.74-.005210          0 2 1          0 0 1  3  1  3        4  2  2      432230837294713152    21.0   27.0
 11 2950.643977 7.067E-30 3.999E-03.05180.221 3629.09610.58-.024910          0 0 1          0 0 0 15  3 13       15  7  8      432230837260713049    93.0   93.0
 11 2951.079965 2.760E-28 2.238E+00.02840.235 3922.33110.33-.006350          0 2 0          0 0 0 13  9  5       14 10  4      434223837260713049    27.0   29.0
 11 2951.081327 8.283E-28 2.239E+00.02840.235 3922.33060.33-.006340          0 2 0          0 0 0 13  9  4       14 10  5      434223837260713049    81.0   87.0
 11 2951.082146 1.113E-28 1.021E+00.08800.352 4052.83690.72-.004280          0 4 0          0 2 0  7  2  5        7  3  4      434223837294713152    45.0   45.0
 11 2951.204033 2.055E-29 1.430E+00.04310.265 4557.54630.42-.004870          0 1 1          0 1 0 11  6  6       12  8  5      434233837294713152    69.0   75.0
 11 2951.449012 8.281E-29 1.991E-03.04650.235 2739.42850.50-.008130          1 0 0          0 0 0 14  0 14       14  3 11      434233837360713049    29.0   29.0
 11 2951.538066 1.647E-25 6.342E-01.03660.224 2522.26520.41-.006000          0 2 0          0 0 0 10  7  4       11  8  3      564723835960163059    63.0   69.0
 11 2951.550244 5.090E-26 5.880E-01.03660.281 2522.26130.41-.006000          0 2 0          0 0 0 10  7  3       11  8  4      454423835960713059    21.0   23.0
 11 2951.726900 3.274E-26 4.761E-02.07310.281 2321.90570.670.000000          0 0 1          0 0 0 10  3  7       11  7  4      564423837260713059    63.0   69.0
 11 2951.938371 5.050E-28 5.579E-04.04150.221 2358.30140.490.004470          0 1 0          0 0 0 16  5 12       15  0 15      474223837260713049    99.0   93.0
 11 2951.984735 1.002E-29 1.163E-03.05380.265 3032.69040.57-.004140          0 0 1          0 0 0 12  5  8       12  9  3      534233837260713049    25.0   25.0
 11 2952.109713 5.506E-30 1.935E-09.08870.412  382.51690.710.000000          0 2 0          0 0 0  3  1  2        4  3  2     q5322308079917122 0    21.0   27.0
 11 2952.352962 1.145E-30 7.167E-06.08000.371 2552.85720.69-.003630          0 3 0          0 1 0  7  2  5        6  5  2      432230837294713152    45.0   39.0
 11 2952.383938 4.266E-29 7.717E-01.03640.298 4240.94210.40-.004990          0 1 1          0 1 0  9  7  3       10  9  2      434233837294713152    57.0   63.0
 11 2952.388520 1.422E-29 7.717E-01.03640.298 4240.94210.40-.005000          0 1 1          0 1 0  9  7  2       10  9  1      434233837294713152    19.0   21.0
 11 2952.395385 1.650E-29 1.097E+00.08590.333 4259.87640.72-.004450          0 4 0          0 2 0  8  2  6        8  3  5      434253837294713152    17.0   17.0
 11 2952.498780 7.601E-30 2.333E-09.09400.434  285.41860.730.000000          0 2 0          0 0 0  2  1  2        3  3  0     q5222308079917122 0    15.0   21.0
 11 2952.533864 6.849E-30 1.431E+00.04500.265 4557.55490.45-.004410          0 1 1          0 1 0 11  6  5       12  8  4      532230837294713152    23.0   25.0
 11 2952.707802 6.935E-29 6.131E-01.07180.371 4015.51510.62-.007070          0 4 0          0 2 0  6  3  4        6  4  3      434223837294713152    39.0   39.0
 11 2952.832312 1.511E-30 2.880E-01.07060.391 4345.55910.61-.001220          0 2 1          0 0 1  4  3  2        5  4  1      432230837294713152     9.0   11.0
 11 2952.880167 3.124E-30 2.160E-09.07810.371  648.97870.670.000000          0 2 0          0 0 0  6  1  6        6  3  4     q5322308079917122 0    39.0   39.0
 11 2953.029725 5.608E-28 2.635E+00.03720.221 3824.49850.35-.007140          0 0 1          0 0 0 14  6  9       15  8  8      434223837260713049    29.0   31.0
 11 2953.413891 8.306E-24 1.893E-01.06150.370 1446.12820.61-.015247          0 2 0          0 0 0  9  2  7       10  3  8      587777835910162545    57.0   63.0
 11 2953.530834 1.050E-24 7.514E-01.07190.443 2042.75330.79-.007873          0 3 0          0 1 0  5  0  5        6  1  6      487777835910162545    33.0   39.0
 11 2953.597712 6.073E-31 1.598E-05.07540.352 2670.78970.650.000000          1 0 0          0 1 0  9  8  2        8  3  5      4333308387659336 0    19.0   17.0
 11 2953.626666 2.722E-27 1.463E+00.03580.250 3347.78050.36-.006200          0 0 1          0 0 0 12  7  6       13  9  5      434223837260713049    25.0   27.0
 11 2953.657554 1.425E-30 1.774E-01.07200.391 4257.78670.620.002740          1 2 0          1 0 0  4  3  1        5  4  2      432230837294713152     9.0   11.0
 11 2953.734086 1.502E-30 5.835E-02.09720.412 3966.55930.74-.005210          1 2 0          1 0 0  3  1  3        4  2  2      432230837294713152     7.0    9.0
 11 2953.741028 4.211E-26 7.850E-03.08030.281 1899.00820.71-.002000          0 0 1          0 0 0 10  0 10       11  4  7      564423837260713059    63.0   69.0
 11 2953.862322 2.438E-30 8.183E-04.03140.265 3266.76450.50-.008030          0 1 0          0 0 0 13 13  1       12 10  2      472230837260713049    27.0   25.0
 11 2953.862338 7.315E-30 8.184E-04.03140.265 3266.76440.50-.008040          0 1 0          0 0 0 13 13  0       12 10  3      472230837260713049    81.0   75.0
 11 2953.971233 3.914E-29 3.217E-03.05040.221 3244.60060.530.014730          0 1 0          0 0 0 16  9  8       15  4 11      474233837260713049    99.0   93.0
 11 2953.995898 3.289E-29 5.059E-01.07170.391 3868.87300.63-.003780          0 4 0          0 2 0  5  3  3        5  4  2      434263837294713152    11.0   11.0
 11 2954.089896 8.231E-27 1.475E+00.03590.250 3347.78340.36-.005940          0 0 1          0 0 0 12  7  5       13  9  4      434223837260713049    75.0   81.0
 11 2954.153881 7.757E-23 3.530E-01.02740.254 1114.54990.30-.004597          0 2 0          0 0 0  9  0  9       10  1 10      587727835910163045    57.0   63.0
 11 2954.189043 4.598E-30 2.919E-01.07200.391 4345.27190.620.002740          0 2 1          0 0 1  4  3  1        5  4  2      432230807294713152    27.0   33.0
 11 2954.398857 2.586E-23 3.531E-01.02750.255 1114.53220.16-.004755          0 2 0          0 0 0  9  1  9       10  0 10      587777835910162545    19.0   21.0
 11 2954.520204 1.534E-26 5.522E-02.07580.265 2300.68500.72-.003000          0 0 1          0 0 0 11  1 10       12  5  7      564423837260713059    23.0   25.0
 11 2954.717305 9.533E-29 3.301E-01.07440.412 3746.76270.660.000690          0 4 0          0 2 0  4  3  2        4  4  1      434223837294713152    27.0   27.0
 11 2954.801788 4.375E-30 2.028E+00.04290.235 4980.22310.41-.015060          0 1 1          0 1 0 13  5  9       14  7  8      432230837294713152    81.0   87.0
 11 2954.905620 2.039E-27 8.780E-02.01730.221 2872.58050.05-.003450          0 2 0          0 0 0 15  2 14       15  3 13      434223837260713049    31.0   31.0
 11 2955.063904 6.142E-27 8.803E-02.01680.221 2872.27430.03-.002970          0 2 0          0 0 0 15  1 14       15  2 13      434223837260713049    93.0   93.0
 11 2955.105211 2.292E-28 3.803E-01.03750.208 3623.76500.38-.005880          0 0 1          0 0 0 15  2 13       16  4 12      434233837260713049    31.0   33.0
 11 2955.108242 3.189E-29 3.314E-01.07630.412 3746.77600.670.002340          0 4 0          0 2 0  4  3  1        4  4  0      434263837294713152     9.0    9.0
 11 2955.113463 3.869E-25 2.624E-04.08630.414  610.34120.71-.006000          0 2 0          0 0 0  5  1  4        5  4  1      574723835960163059    33.0   33.0
 11 2955.256437 3.349E-24 3.046E-01.02760.226 1525.13600.43-.011544          0 2 0          0 0 0 10  1  9       11  2 10      587777835910162545    21.0   23.0
 11 2955.302276 1.832E-25 6.458E-04.08390.371  757.78020.70-.007000          0 2 0          0 0 0  6  1  5        6  4  2      574423835960713059    13.0   13.0
 11 2955.432190 9.998E-29 5.133E-01.07610.391 3868.98700.660.002160          0 4 0          0 2 0  5  3  2        5  4  1      434223837294713152    33.0   33.0
 11 2955.505462 6.359E-30 2.622E-01.07060.391 4256.24130.61-.001220          1 2 0          1 0 0  4  3  2        5  4  1      432230837294713152    27.0   33.0
 11 2955.679600 5.467E-23 2.790E-01.05700.309 1059.83550.52-.006338          0 2 0          0 0 0  6  4  3        7  5  2      587777835910162545    39.0   45.0
 11 2955.838773 1.669E-27 1.228E+00.10550.480 3201.91340.76-.007530          0 4 0          0 2 0  1  0  1        1  1  0      534223837294713152     9.0    9.0
 11 2955.944135 5.037E-29 1.115E-04.03360.250 2248.06450.34-.003890          0 2 0          0 0 0 14  0 14       13  3 11      434233837260713049    29.0   27.0
 11 2956.009223 1.843E-30 2.071E-07.07450.281 1813.22340.720.002380          0 1 0          0 0 0 11 10  1       11  3  8      472230837260713049    69.0   69.0
 11 2956.199272 2.108E-30 2.421E-09.07340.352  782.40980.650.000000          0 2 0          0 0 0  7  0  7        7  2  5     q5322308079917122 0    45.0   45.0
 11 2956.397636 3.557E-29 2.567E-04.06730.333 2630.19260.60-.005760          0 3 0          0 1 0  9  0  9        8  3  6      434233837294713152    57.0   51.0
 11 2956.406151 1.834E-23 2.806E-01.05750.284 1059.64670.53-.002681          0 2 0          0 0 0  6  4  2        7  5  3      587777835910162545    13.0   15.0
 11 2956.454509 7.498E-27 1.943E-01.03380.235 2739.42850.300.006210          0 2 0          0 0 0 13  4 10       14  3 11      434223837260713049    27.0   29.0
 11 2956.515125 5.762E-27 3.233E-01.04490.298 3072.72640.41-.007020          0 3 0          0 1 0 10  2  9       10  3  8      434223837294713152    63.0   63.0
 11 2956.555317 2.393E-29 6.380E-01.07880.371 4016.05280.680.001590          0 4 0          0 2 0  6  3  3        6  4  2      434263837294713152    13.0   13.0
 11 2956.904164 4.825E-24 3.543E-01.04600.246 1411.64190.62-.006288          0 2 0          0 0 0  7  5  3        8  6  2      587777835910162545    15.0   17.0
 11 2956.994398 6.736E-24 1.688E-01.06670.385 1216.23130.59-.007798          0 2 0          0 0 0  8  2  6        9  3  7      587777835910162545    17.0   19.0
 11 2957.025488 1.437E-23 3.517E-01.04720.243 1411.61150.56-.005617          0 2 0          0 0 0  7  5  2        8  6  3      587777835910162545    45.0   51.0
 11 2957.133888 1.430E-28 1.050E-04.03360.250 2246.88480.34-.001710          0 2 0          0 0 0 14  1 14       13  2 11      434233837260713049    87.0   81.0
 11 2957.304361 9.390E-29 9.152E-02.07580.281 3659.90400.70-.016050          0 1 1          0 1 0 10  1  9       11  5  6      434233837294713152    63.0   69.0
 11 2958.068554 5.145E-29 5.247E-04.05910.281 2740.42090.62-.002150          0 0 1          0 0 0 11  5  7       11  9  2      534233837260713049    69.0   69.0
 11 2958.273501 8.712E-31 1.122E-06.05620.273 2105.86790.550.000000          0 1 0          0 0 0 12 10  2       12  3  9      4333308387659336 0    25.0   25.0
 11 2958.351289 4.056E-29 2.753E-02.07720.298 3564.70500.68-.008680          1 1 0          0 1 0  9  3  6       10  6  5      434233837294713152    57.0   63.0
 11 2958.379925 1.017E-23 3.085E-01.02800.221 1524.84790.25-.004889          0 2 0          0 0 0 10  2  9       11  1 10      587777835910162545    63.0   69.0
 11 2958.417184 1.449E-29 9.813E-07.08160.352 1394.81420.72-.003550          1 0 0          0 0 0  7  2  6        7  7  1      532230837360713049    15.0   15.0
 11 2958.455169 1.265E-25 5.704E-02.07540.315 1810.58330.71-.001000          1 0 0          0 0 0  8  4  4        9  7  3      564423835960713059    17.0   19.0
 11 2958.512383 8.361E-31 7.673E+00.00320.264 5334.86020.240.000000          1 1 0          0 1 0 11 10  2       12 11  1      4333308387659336 0    23.0   25.0
 11 2958.512556 2.503E-30 7.657E+00.01770.265 5334.86020.13-.013750          1 1 0          0 1 0 11 10  1       12 11  2      432230837294713152    69.0   75.0
 11 2958.583450 1.390E-26 1.512E+00.02690.352 3109.91160.28-.010800          0 3 0          0 1 0  6  6  1        7  7  0      464423837294713159    39.0   45.0
 11 2958.583805 4.632E-27 1.511E+00.02690.352 3109.91160.28-.003080          0 3 0          0 1 0  6  6  0        7  7  1      434223837294713152    13.0   15.0
 11 2958.820861 4.164E-29 7.423E-01.08090.352 4188.39430.690.000710          0 4 0          0 2 0  7  3  4        7  4  3      434263837294713152    45.0   45.0
 11 2959.241608 4.037E-29 2.276E-03.03650.208 2952.38660.440.008030          0 1 0          0 0 0 17  6 12       16  1 15      474233837260713049    35.0   33.0
 11 2959.328522 1.920E-29 5.219E-01.03450.235 4396.05140.33-.017630          0 1 1          0 1 0 13  2 12       14  4 11      434233837294713152    81.0   87.0
 11 2959.545312 3.935E-30 7.905E-04.05360.265 3386.37950.580.008640          0 2 0          0 1 0 13  7  6       12  2 11      432230837294713152    81.0   75.0
 11 2959.644013 1.838E-29 3.002E-04.06740.315 2818.39810.610.002980          0 3 0          0 1 0 10  1 10        9  2  7      434223837294713152    63.0   57.0
 11 2959.775492 1.288E-28 3.661E+00.03770.208 4207.56200.520.004070          0 0 1          0 0 0 15  6  9       16  8  8      434233837265713049    31.0   33.0
 11 2959.844267 3.060E-28 4.405E-01.08840.391 3565.45460.700.002350          0 4 0          0 2 0  4  2  3        5  1  4      434223837294713152    27.0   33.0
 11 2959.905817 5.023E-28 1.396E-04.07610.281 1998.99530.70-.011780          1 0 0          0 0 0 11  0 11       11  5  6      534223837360713049    69.0   69.0
 11 2960.037178 9.077E-29 8.805E+00.01810.235 4431.63810.13-.013530          1 0 0          0 0 0 13 11  3       14 12  2      434233837360713049    27.0   29.0
 11 2960.037180 2.723E-28 8.804E+00.01810.235 4431.63810.13-.013530          1 0 0          0 0 0 13 11  2       14 12  3      434233837360713049    81.0   87.0
 11 2960.298165 2.360E-29 4.348E+00.02670.195 4830.89390.21-.011290          1 0 0          0 0 0 16  8  9       17  9  8      434233837360713049    99.0  105.0
 11 2960.314574 2.087E-25 2.259E-01.07650.340 2161.28600.63-.005900          0 3 0          0 1 0  6  1  6        6  2  5      564723835994163159    39.0   39.0
 11 2960.439524 1.252E-29 1.373E-05.08820.412 2129.59920.72-.005400          0 3 0          0 1 0  5  1  4        4  4  1      532230837294713152    33.0   27.0
 11 2960.475247 1.495E-30 3.436E-01.05680.333 4488.14570.47-.002270          0 2 1          0 0 1  7  0  7        8  1  8      432230837294713152    15.0   17.0
 11 2960.510422 5.917E-28 2.106E+00.03830.208 4006.07320.37-.019830          0 0 1          0 0 0 15  5 11       16  7 10      434223837260713049    93.0   99.0
 11 2960.647287 3.417E-28 5.691E-01.03630.208 3623.76500.340.010640          0 2 0          0 0 0 15  5 11       16  4 12      434223837260713049    31.0   33.0
 11 2960.748753 1.078E-28 6.972E-04.06310.265 2437.50190.64-.019180          1 0 0          0 0 0 12  1 11       12  6  6      434233837360713049    25.0   25.0
 11 2960.788158 3.464E-25 7.438E-01.07470.343 2041.78050.60-.003500          0 3 0          0 1 0  5  1  5        6  0  6      474723835994163159    11.0   13.0
 11 2960.790668 2.949E-28 1.060E-04.05760.281 1843.02960.61-.000940          0 1 0          0 0 0 12  9  3       11  4  8      474223837260713049    25.0   23.0
 11 2960.927512 2.584E-28 5.737E-04.04640.250 2248.06450.520.007930          0 1 0          0 0 0 14  8  6       13  3 11      474233837260713049    29.0   27.0
 11 2960.933106 2.542E-30 6.321E-05.07810.315 2904.67040.71-.005170          1 0 0          0 1 0 10  8  3        9  3  6      432230837294713152    63.0   57.0
 11 2961.033270 1.246E-28 9.441E-01.04690.195 4174.28750.46-.004010          0 0 1          0 0 0 16  3 13       17  5 12      434233837260713049    99.0  105.0
 11 2961.110638 4.495E-30 3.445E-01.05620.333 4488.09050.46-.002330          0 2 1          0 0 1  7  1  7        8  0  8      432230837294713152    45.0   51.0
 11 2961.114779 5.645E-30 2.204E-01.08830.391 4244.30470.720.000450          0 2 1          0 0 1  4  2  2        5  3  3      432230837294713152    27.0   33.0
 11 2961.277140 3.470E-27 4.480E-01.02970.221 3083.86520.28-.016650          0 0 1          0 0 0 14  2 13       15  4 12      434223837260713049    29.0   31.0
 11 2961.372517 4.558E-23 1.559E-01.07500.415 1006.11590.640.001082          0 2 0          0 0 0  7  2  5        8  3  6      587777835910162545    45.0   51.0
 11 2961.393818 1.560E-30 3.194E-01.04850.315 4715.96680.41-.001210          1 2 0          1 0 0  8  2  7        9  1  8      432230837294713152    51.0   57.0
 11 2961.404359 8.228E-30 4.545E+00.02730.195 4830.61440.22-.009080          1 0 0          0 0 0 16  8  8       17  9  9      432230837360713049    33.0   35.0
 11 2961.520355 3.215E-30 1.187E-05.07240.315 2512.28290.690.002690          0 2 0          0 1 0 10  7  4        9  0  9      532230837294713152    63.0   57.0
 11 2961.535257 3.284E-30 7.385E-03.03050.235 3685.41920.37-.007120          0 1 0          0 0 0 15 12  4       14  9  5      472230837260713049    31.0   29.0
 11 2961.545580 2.468E-30 3.069E-01.08260.333 4387.35720.700.003900          0 4 0          1 0 0  8  3  5        8  0  8      432230837294713152    17.0   17.0
 11 2961.546192 9.851E-30 7.384E-03.03050.235 3685.40830.37-.007110          0 1 0          0 0 0 15 12  3       14  9  6      474233837260713049    93.0   87.0
 11 2961.559435 1.262E-28 4.952E-01.05650.265 3738.54320.540.011370          0 3 0          0 1 0 11  4  8       12  3  9      434223837294713152    23.0   25.0
 11 2961.591769 1.424E-30 1.351E-04.04900.281 2972.82740.58-.002850          1 0 0          0 0 0 11  7  5       11 10  2      432230837360713049    23.0   23.0
 11 2961.650223 4.301E-30 1.361E-04.04920.281 2972.82740.58-.002730          1 0 0          0 0 0 11  7  4       11 10  1      532230837360713049    69.0   69.0
 11 2961.690217 4.363E-30 6.446E-03.04240.221 3824.99790.46-.022050          0 0 1          0 0 0 15  4 12       15  8  7      432230837260713049    93.0   93.0
 11 2961.712690 5.199E-23 2.175E-01.07220.380  757.78020.64-.005689          0 2 0          0 0 0  5  3  3        6  4  2      587777835910162545    11.0   13.0
 11 2961.804282 5.564E-31 2.501E-01.06980.355 4625.93690.630.000000          0 2 1          0 0 1  7  1  6        8  2  7      4333308387659336 0    15.0   17.0
 11 2961.882544 4.338E-25 2.999E-01.03600.269 1960.20740.510.001563          0 2 0          0 0 0 11  3  9       12  2 10      577777835910162545    23.0   25.0
 11 2962.241541 1.222E-29 3.319E-03.07050.333 3101.14220.63-.007210          1 1 0          0 1 0  7  3  5        8  6  2      434233837294713152    15.0   17.0
 11 2962.352448 2.687E-30 1.995E-01.08830.391 4150.28730.720.000450          1 2 0          1 0 0  4  2  2        5  3  3      432230837294713152     9.0   11.0
 11 2962.527700 3.100E-30 3.697E-01.02460.221 4728.22120.19-.000720          0 3 0          0 1 0 15  2 13       15  3 12      432230837294713152    93.0   93.0
 11 2962.583444 7.956E-26 4.667E-03.07390.333 1590.69010.68-.018000          0 0 1          0 0 0  7  3  5        8  7  2      564423837260713059    45.0   51.0
 11 2962.589589 4.338E-30 5.371E-01.08110.333 4386.31320.69-.001290          0 4 0          0 2 0  8  3  5        8  4  4      432230837294713152    17.0   17.0
 11 2963.003614 8.244E-27 8.577E-01.03010.281 2972.82740.34-.006710          0 0 1          0 0 0 10  8  3       11 10  2      434223837260713049    21.0   23.0
 11 2963.004872 2.473E-26 8.576E-01.03010.281 2972.82740.340.001710          0 0 1          0 0 0 10  8  2       11 10  1      464426837260713024    63.0   69.0
 11 2963.088613 8.047E-30 3.779E-01.05680.333 4387.06290.47-.002270          1 2 0          1 0 0  7  0  7        8  1  8      432230837294713152    45.0   51.0
 11 2963.228920 1.974E-29 1.794E-04.06430.298 2471.25500.67-.001450          0 0 1          0 0 0 10  5  6       10  9  1      534233837260713049    21.0   21.0
 11 2963.412381 3.480E-25 5.437E-01.08800.460 1813.78760.54-.001500          0 3 0          0 1 0  2  1  1        3  2  2      577773835910162559     5.0    7.0
 11 2963.750673 1.314E-30 5.154E-01.03560.371 4759.85310.37-.002410          0 2 1          0 0 1  5  5  1        6  6  0      432230837294713152    33.0   39.0
 11 2963.773345 4.406E-31 5.185E-01.05510.333 4759.85250.610.000000          0 2 1          0 0 1  5  5  0        6  6  1      4333308387659336 0    11.0   13.0
 11 2963.869538 1.427E-30 2.014E-01.05620.333 4387.35720.46-.002330          1 2 0          1 0 0  7  1  7        8  0  8      432230837294713152    15.0   17.0
 11 2963.872138 8.923E-30 4.448E-01.07650.333 4173.22570.660.004420          0 4 0          0 2 0  7  3  5        8  2  6      432230837294713152    15.0   17.0
 11 2963.894654 7.803E-29 2.093E-08.08330.391  325.34790.690.000000          0 2 0          0 0 0  3  0  3        5  0  5     q5322308079917122 0    21.0   33.0
 11 2964.015789 1.411E-27 2.964E-06.08040.352  931.23710.69-.005410          0 2 0          0 0 0  8  1  8        7  4  3      534223837260713049    51.0   45.0
 11 2964.181723 2.302E-27 3.633E-01.05100.298 3058.39840.460.002860          0 3 0          0 1 0 10  1  9       10  2  8      434223837294713152    21.0   21.0
 11 2964.216945 2.917E-24 4.402E-01.03970.213 1810.58790.61-.006304          0 2 0          0 0 0  8  6  3        9  7  2      587777835910162545    51.0   57.0
 11 2964.442138 8.651E-28 1.263E+00.03650.208 3822.24600.36-.021240          0 0 1          0 0 0 15  4 12       16  6 11      434223837260713049    93.0   99.0
 11 2964.485253 9.371E-27 1.192E+00.03160.265 3032.69040.36-.005780          0 2 0          0 0 0 11  8  4       12  9  3      434223837260713049    23.0   25.0
 11 2964.486404 2.815E-26 1.194E+00.03160.265 3032.68980.36-.006339          0 2 0          0 0 0 11  8  3       12  9  4      464426837260713024    69.0   75.0
 11 2964.504891 8.900E-25 4.030E-01.03960.218 1810.58330.67-.005111          0 2 0          0 0 0  8  6  2        9  7  3      587777835910162545    17.0   19.0
 11 2964.752854 1.274E-28 6.198E-03.08420.315 2998.76630.71-.009330          1 1 0          0 1 0  8  1  8        9  4  5      434233837294713152    51.0   57.0
 11 2964.849400 7.359E-30 8.526E-03.03130.195 3810.93670.350.014150          0 1 0          0 0 0 18  8 11       17  3 14      472230837260713049   111.0  105.0
 11 2964.913547 1.404E-30 1.973E-01.08530.333 4386.31320.71-.009680          1 2 0          0 2 0  7  1  7        8  4  4      432230837294713152    15.0   17.0
 11 2964.992798 1.093E-26 4.632E-01.03110.221 3080.17870.300.000500          0 0 1          0 0 0 14  1 13       15  3 12      464423807260713059    87.0   93.0
 11 2965.039320 4.782E-29 2.618E+00.02350.298 4240.94210.24-.001320          0 3 0          0 1 0  9  8  2       10  9  1      434233837294713152    19.0   21.0
 11 2965.039325 1.435E-28 2.618E+00.02340.298 4240.94210.24-.001310          0 3 0          0 1 0  9  8  1       10  9  2      434233837294713152    57.0   63.0
 11 2965.256386 8.788E-31 9.255E-03.03800.195 4027.50600.320.000000          0 0 1          0 0 0 17  1 16       17  5 13      4333308387659336 0    35.0   35.0
 11 2965.280528 9.647E-31 4.638E-04.05430.299 3323.26980.560.000000          0 2 0          0 1 0 12  8  4       11  3  9      4333308387659336 0    25.0   23.0
 11 2966.006210 1.628E-22 2.266E-01.07210.352  756.72480.620.002594          0 2 0          0 0 0  5  3  2        6  4  3      587777835910162545    33.0   39.0
 11 2966.069029 8.536E-30 9.454E-01.08170.315 4611.79480.70-.004500          0 4 0          0 2 0  9  3  6        9  4  5      432230837294713152    57.0   57.0
 11 2966.457417 1.240E-30 4.339E-01.04840.391 4468.69770.48-.001170          0 2 1          0 0 1  4  4  1        5  5  0      432230837294713152     9.0   11.0
 11 2966.479984 3.721E-30 4.341E-01.04830.391 4468.69330.47-.000990          0 2 1          0 0 1  4  4  0        5  5  1      432230837294713152    27.0   33.0
 11 2966.734148 2.133E-25 4.771E-01.07080.348 2309.73020.590.001000          0 3 0          0 1 0  6  2  5        7  1  6      464723835994163159    39.0   45.0
 11 2966.829337 2.117E-30 3.798E-06.06130.250 2414.72340.660.005490          0 1 0          0 0 0 13 10  3       13  3 10      472230837260713049    81.0   81.0
 11 2966.832866 6.145E-24 6.094E-02.03810.255 1293.63410.42-.004638          0 2 0          0 0 0 10  1 10       10  2  9      587777835910162545    63.0   63.0
 11 2966.888659 3.497E-30 2.179E-04.06330.265 3144.57880.640.009270          0 2 0          0 1 0 13  6  7       12  1 12      432230837294713152    81.0   75.0
 11 2967.333641 2.042E-24 6.059E-02.03610.249 1293.01810.52-.002080          0 2 0          0 0 0 10  0 10       10  1  9      587777835910162545    21.0   21.0
 11 2967.339554 5.055E-31 1.871E-06.05760.288 2321.81310.570.000000          0 0 1          0 0 0 12  1 12       11  7  5      5333308387659336 0    25.0   23.0
 11 2967.438758 2.319E-28 6.404E+00.02230.235 4172.15250.20-.012600          1 0 0          0 0 0 13 10  4       14 11  3      434233837360713049    27.0   29.0
 11 2967.438838 6.956E-28 6.403E+00.02230.235 4172.15250.20-.012600          1 0 0          0 0 0 13 10  3       14 11  4      434223837360713049    81.0   87.0
 11 2967.722296 8.361E-31 2.001E-04.06630.323 3162.25890.620.000000          1 0 0          0 1 0 11  8  4       10  3  7      4333308387659336 0    23.0   21.0
 11 2967.776883 3.065E-30 1.586E+00.05900.221 5015.70410.55-.015570          1 1 0          0 1 0 14  4 11       15  5 10      432230837294713152    87.0   93.0
 11 2967.912590 1.446E-26 1.920E-02.07640.298 2054.36870.69-.002000          0 0 1          0 0 0  9  3  6       10  7  3      564423837260713059    19.0   21.0
 11 2967.984926 3.239E-23 1.533E-01.08280.433  816.69420.710.002064          0 2 0          0 0 0  6  2  4        7  3  5      587777835910162545    13.0   15.0
 11 2967.988437 3.578E-29 3.639E-05.06810.315 2225.46920.70-.002800          0 0 1          0 0 0  9  5  5        9  9  0      534233837260713049    57.0   57.0
 11 2968.004780 6.407E-29 9.777E-04.05660.265 2613.10460.59-.020430          1 0 0          0 0 0 12  2 10       12  7  5      434233837360713049    25.0   25.0
 11 2968.495444 4.888E-29 1.257E-05.07040.281 1998.99530.70-.011110          0 2 0          0 0 0 12  2 11       11  5  6      534233837260713049    75.0   69.0
 11 2968.702638 2.184E-29 6.537E-03.04050.221 3269.53980.45-.018010          1 0 0          0 0 0 15  2 14       15  5 11      434233837360713049    31.0   31.0
 11 2968.726802 3.873E-30 3.613E-05.05370.298 2701.88850.65-.002460          1 0 0          0 0 0 10  7  4       10 10  1      532230837360713049    63.0   63.0
 11 2968.741414 1.294E-30 3.621E-05.05370.298 2701.88850.65-.002420          1 0 0          0 0 0 10  7  3       10 10  0      532230837360713049    21.0   21.0
 11 2968.913751 4.771E-25 7.062E-01.08780.434 1922.82900.69-.007400          0 3 0          0 1 0  4  0  4        5  1  5      574723835994163159     9.0   11.0
 11 2969.017569 1.651E-30 7.679E-08.07960.333 1590.69010.71-.003850          1 0 0          0 0 0  9  0  9        8  7  2      532230837360713049    57.0   51.0
 11 2969.190828 1.006E-30 1.034E+00.08250.298 4864.37330.71-.006290          0 4 0          0 2 0 10  3  7       10  4  6      432230837294713152    21.0   21.0
 11 2969.516394 2.570E-23 2.822E-01.03770.260 1293.63410.27-.014018          0 2 0          0 0 0  9  1  8       10  2  9      587777835910162545    57.0   63.0
 11 2970.126690 2.673E-30 2.488E-09.09400.434  285.21930.730.000000          0 2 0          0 0 0  2  1  1        3  3  1     q5222308079917122 0     5.0    7.0
 11 2970.174417 2.718E-24 1.137E-03.09100.467  508.81210.72-.004426          0 2 0          0 0 0  5  0  5        5  3  2      587777835910162545    33.0   33.0
 11 2970.503633 1.548E-29 4.115E+00.02420.208 4665.98060.19-.012010          1 0 0          0 0 0 15  9  7       16 10  6      432230837360713049    31.0   33.0
 11 2970.531935 4.536E-29 4.019E+00.02430.208 4665.97390.19-.011940          1 0 0          0 0 0 15  9  6       16 10  7      432230837260713049    93.0   99.0
 11 2970.808048 8.234E-30 1.114E-02.09130.391 3626.92220.73-.002930          0 4 0          0 2 0  6  1  6        5  2  3      432230837294713152    39.0   33.0
 11 2970.842810 6.467E-29 1.969E-04.06870.298 2471.25500.70-.000480          0 0 1          0 0 0 10  5  5       10  9  2      534233837260713049    63.0   63.0
 11 2970.953743 5.703E-27 3.481E-01.05320.315 2841.43080.48-.008130          0 3 0          0 1 0  9  2  8        9  3  7      434223837294713152    19.0   19.0
 11 2971.031357 1.233E-29 3.769E-05.07040.315 2225.46920.72-.001920          0 0 1          0 0 0  9  5  4        9  9  1      534233837260713049    19.0   19.0
 11 2971.471925 1.052E-29 1.323E-08.08330.391  416.20870.690.000000          0 2 0          0 0 0  3  2  2        5  2  4     q5322308079917122 0     7.0   11.0
 11 2971.512908 3.528E-31 4.646E-02.07730.383 4308.21130.660.000000          0 2 1          1 0 0  5  1  4        6  3  3      4333308387659336 0    11.0   13.0
 11 2971.606479 7.141E-30 2.036E-01.08670.412 4126.46340.70-.003620          0 2 1          0 0 1  3  2  2        4  3  1      432230837294713152    21.0   27.0
 11 2971.633897 2.876E-26 9.370E-02.02100.235 2551.48350.12-.002000          0 2 0          0 0 0 14  2 13       14  3 12      564423837260713059    87.0   87.0
 11 2971.716114 1.902E-26 3.869E-01.06800.315 2818.39810.610.004500          0 3 0          0 1 0  8  3  6        9  2  7      464423837294713159    51.0   57.0
 11 2971.724326 9.100E-26 2.768E-01.08210.371 2146.26380.67-.000300          0 3 0          0 1 0  6  0  6        6  1  5      444423305994713159    13.0   13.0
 11 2971.781067 1.542E-29 1.083E-02.08120.315 3320.92980.71-.004740          1 1 0          0 1 0  8  3  5        9  6  4      434233837294713152    17.0   19.0
 11 2971.891230 3.598E-30 7.994E-05.06150.281 2915.87430.600.007970          1 0 0          0 1 0 12  5  8       11  0 11      432230837294713152    75.0   69.0
 11 2971.970901 9.661E-27 9.417E-02.02040.235 2550.88250.10-.002330          0 2 0          0 0 0 14  1 13       14  2 12      434223837260713049    29.0   29.0
 11 2972.051327 2.233E-29 4.829E+00.01980.281 4769.23260.19-.000060          0 3 0          0 1 0 10  9  2       11 10  1      434233837294713152    63.0   69.0
 11 2972.051338 7.444E-30 4.830E+00.01980.281 4769.23260.19-.000060          0 3 0          0 1 0 10  9  1       11 10  2      432230837294713152    21.0   23.0
 11 2972.054127 5.150E-26 3.177E-01.04040.250 2426.19650.39-.002000          1 0 0          0 0 0 12  1 11       13  4 10      454423835960713059    25.0   27.0
 11 2972.089788 3.495E-29 7.192E-02.07480.298 3565.00350.69-.017620          0 1 1          0 1 0  9  2  7       10  6  4      434233837294713152    19.0   21.0
 11 2972.190683 5.480E-30 4.208E-01.04840.391 4381.90400.48-.001170          1 2 0          1 0 0  4  4  1        5  5  0      432230837294713152    27.0   33.0
 11 2972.202915 1.826E-30 4.207E-01.04830.391 4381.90400.47-.000990          1 2 0          1 0 0  4  4  0        5  5  1      432230837294713152     9.0   11.0
 11 2972.487927 2.882E-30 2.158E-01.07540.352 4452.35280.63-.006800          0 2 1          0 0 1  6  1  5        7  2  6      432230837294713152    39.0   45.0
 11 2972.603566 6.945E-30 5.358E-01.03760.235 4382.77980.37-.009020          0 1 1          0 1 0 13  1 12       14  3 11      432230837294713152    27.0   29.0
 11 2972.826726 2.484E-28 6.113E-01.10420.456 3221.96120.760.002150          0 4 0          0 2 0  1  1  1        2  0  2      434223837294713152     3.0    5.0
 11 2972.911470 2.956E-28 1.188E-04.06650.298 2054.34520.65-.011960          0 0 1          0 0 0 10  1  9       10  7  4      534223837260713049    63.0   63.0
 11 2972.956227 4.244E-28 1.154E-05.06480.298 1293.01810.660.003890          0 1 0          0 0 0 11  8  4       10  1  9      574223837260713049    23.0   21.0
 11 2973.048564 3.295E-29 3.198E-04.07420.352 2439.95450.64-.005730          0 3 0          0 1 0  8  0  8        7  3  5      434233837294713152    17.0   15.0
 11 2973.134983 3.752E-30 1.243E+00.05610.183 4735.84490.54-.019390          0 0 1          0 0 0 17  4 13       18  6 12      432230837260713049    35.0   37.0
 11 2973.252424 2.861E-22 1.465E-01.08810.442  508.81210.72-.003437          0 2 0          0 0 0  4  2  3        5  3  2      587777835910162545    27.0   33.0
 11 2973.298919 7.018E-26 1.244E-02.06730.333 1590.69070.65-.000100          1 0 0          0 0 0  7  4  4        8  7  1      564423307360713059    15.0   17.0
 11 2973.317654 1.463E-29 3.738E-01.02720.235 4396.05140.23-.006760          0 3 0          0 1 0 14  3 12       14  4 11      434233837294713152    87.0   87.0
 11 2973.365587 2.603E-29 2.121E-08.08330.391  326.62550.690.000000          0 2 0          0 0 0  3  1  3        5  1  5     q5322308079917122 0     7.0   11.0
 11 2973.473292 1.720E-30 2.389E-01.07540.352 4353.23140.63-.006800          1 2 0          1 0 0  6  1  5        7  2  6      432230837294713152    13.0   15.0
 11 2973.496807 4.195E-30 2.269E-01.08670.412 4031.85360.70-.003620          1 2 0          1 0 0  3  2  2        4  3  1      432230837294713152     7.0    9.0
 11 2973.720958 1.883E-27 2.998E+00.04980.221 3824.99790.480.003540          0 0 1          0 0 0 14  6  8       15  8  7      434223837260713049    87.0   93.0
 11 2973.974224 2.098E-30 1.508E-01.04630.235 4382.77980.50-.007230          0 1 1          0 1 0 14  1 14       14  3 11      432230837294713152    29.0   29.0
 11 2973.987895 3.869E-25 7.210E-01.10030.462 1743.48630.75-.007200          0 3 0          0 1 0  1  1  1        2  2  0      474723835994163159     3.0    5.0
 11 2974.072398 3.560E-26 1.180E-03.08320.352 1216.18980.71-.003000          1 0 0          0 0 0  6  1  5        7  6  2      564423837360713059    13.0   15.0
 11 2974.111079 2.103E-29 6.504E-04.06890.281 2740.42080.690.001120          0 0 1          0 0 0 11  5  6       11  9  3      534233837260713049    23.0   23.0
 11 2974.567721 8.654E-30 4.096E+00.05530.183 5035.12650.570.004670          1 0 0          0 0 0 17  7 10       18  8 11      432230837360713049   105.0  111.0
 11 2974.577272 8.979E-28 1.987E+00.02120.333 3530.95750.21-.003360          0 3 0          0 1 0  7  7  1        8  8  0      434223837294713152    15.0   17.0
 11 2974.577287 2.694E-27 1.987E+00.02120.333 3530.95750.21-.003370          0 3 0          0 1 0  7  7  0        8  8  1      434223837294713152    45.0   51.0
 11 2974.588897 5.712E-23 3.436E-01.03580.295  920.21000.12-.004920          0 2 0          0 0 0  8  0  8        9  1  9      587777835910162545    17.0   19.0
 11 2974.828881 2.097E-25 4.085E-01.04440.266 2414.72340.420.003000          0 2 0          0 0 0 12  4  9       13  3 10      464723835960163059    75.0   81.0
 11 2974.979506 4.980E-26 2.785E-02.06350.298 1875.46180.59-.005000          1 0 0          0 0 0  9  3  7       10  6  4      554423835960713059    19.0   21.0
 11 2974.996022 1.382E-29 3.345E-02.02250.221 3937.57170.18-.009510          0 0 1          0 1 0 16  2 14       15  0 15      434233837294713152    99.0   93.0
 11 2975.084547 1.714E-22 3.437E-01.03620.293  920.16840.15-.004536          0 2 0          0 0 0  8  1  8        9  0  9      587777835910162545    51.0   57.0
 11 2975.222788 8.778E-24 2.894E-01.03640.256 1293.01810.35-.002287          0 2 0          0 0 0  9  2  8       10  1  9      587777835910162545    19.0   21.0
 11 2975.292519 1.800E-25 6.348E-01.03380.298 2254.28450.38-.002000          0 2 0          0 0 0  9  7  3       10  8  2      464423837260713059    19.0   21.0
 11 2975.295182 5.225E-25 6.143E-01.03420.183 2254.28380.96-.006728          0 2 0          0 0 0  9  7  2       10  8  3      587777835910162545    57.0   63.0
 11 2975.367025 1.643E-30 2.902E-01.04030.183 4606.16820.400.013950          0 2 0          0 0 0 17  6 12       18  5 13      432230837260713049    35.0   37.0
 11 2975.376834 3.780E-27 2.159E+00.02620.250 3583.37460.29-.005080          0 2 0          0 0 0 12  9  4       13 10  3      434223837260713049    75.0   81.0
 11 2975.377120 1.260E-27 2.159E+00.02620.250 3583.37450.29-.005080          0 2 0          0 0 0 12  9  3       13 10  4      434223837260713049    25.0   27.0
 11 2975.451405 4.356E-28 9.524E-06.07830.333 1411.61150.69-.008420          1 0 0          0 0 0  8  1  8        8  6  3      534223837360713049    51.0   51.0
 11 2975.509426 4.926E-30 3.578E-02.02220.221 3937.57290.18-.012670          0 0 1          0 1 0 16  3 14       15  1 15      432230837294713152    33.0   31.0
 11 2975.980660 2.056E-28 3.178E-01.04710.265 3770.87890.45-.019010          1 1 0          0 1 0 11  1 10       12  4  9      434233837294713152    69.0   75.0
 11 2976.256380 1.870E-30 5.352E-04.06650.281 3441.03950.630.010860          1 0 0          0 1 0 12  8  5       11  3  8      432230837294713152    75.0   69.0
 11 2976.550765 2.925E-29 2.119E-01.03770.250 3879.72080.37-.014870          0 1 1          0 1 0 12  1 12       13  3 11      434233837294713152    25.0   27.0
 11 2976.942019 8.233E-30 3.801E-01.06590.412 4224.85090.59-.000890          0 2 1          0 0 1  3  3  1        4  4  0      432230837294713152    21.0   27.0
 11 2977.017717 4.730E-26 5.484E-04.07960.333 1255.16680.69-.004000          1 0 0          0 0 0  7  0  7        8  5  4      554423835960713059    45.0   51.0
 11 2977.135884 2.749E-30 3.807E-01.06550.412 4224.81680.590.000620          0 2 1          0 0 1  3  3  0        4  4  1      432230837294713152     7.0    9.0
 11 2977.264208 1.902E-28 1.864E-02.07450.315 3141.04600.67-.015030          1 1 0          0 1 0  8  2  7        9  5  4      434233837294713152    51.0   57.0
 11 2977.476976 1.422E-28 1.017E+01.01070.250 4350.59110.01-.015330          1 0 0          0 0 0 12 12  0       13 13  1      434233837360713049    25.0   27.0
 11 2977.476976 4.265E-28 1.016E+01.01070.250 4350.59110.01-.015330          1 0 0          0 0 0 12 12  1       13 13  0      434223837360713049    75.0   81.0
 11 2977.515408 2.913E-30 1.774E-03.05250.265 3386.05230.540.014300          1 0 0          0 1 0 13  6  8       12  1 11      432230837294713152    27.0   25.0
 11 2977.523268 2.076E-29 1.171E+00.04500.281 4265.97440.46-.006050          0 1 1          0 1 0 10  6  5       11  8  4      434233837294713152    21.0   23.0
 11 2977.612368 3.573E-30 5.331E-03.04240.208 3623.76500.460.015700          0 1 0          0 0 0 17  9  9       16  4 12      472230837260713049    35.0   33.0
 11 2977.776217 3.824E-28 6.446E-05.07060.298 1874.97300.67-.010960          0 0 1          0 0 0 10  0 10       10  6  5      534223837260713049    63.0   63.0
 11 2977.943464 1.961E-22 1.629E-01.08600.461  648.97870.710.001333          0 2 0          0 0 0  5  2  3        6  3  4      587777835910162545    33.0   39.0
 11 2977.962681 1.461E-26 4.326E-01.06480.250 2748.09960.63-.006000          1 0 0          0 0 0 12  3  9       13  6  8      564423837360713059    25.0   27.0
 11 2977.975842 6.228E-29 1.171E+00.04570.281 4265.97630.46-.005550          0 1 1          0 1 0 10  6  4       11  8  3      434233837294713152    63.0   69.0
 11 2978.137362 6.964E-31 3.377E-04.05790.299 3323.26980.560.000000          0 0 1          0 1 0 12  7  6       11  3  9      4333308387659336 0    25.0   23.0
 11 2978.328390 3.486E-28 9.163E-05.06480.250 1806.67150.660.011010          0 1 0          0 0 0 14  6  8       13  1 13      474223837260713049    29.0   27.0
 11 2978.350044 1.214E-30 1.111E+00.00960.208 4919.25320.31-.007480          0 2 0          0 0 0 15 10  6       16 11  5      432230837265713049    31.0   33.0
 11 2978.351491 3.643E-30 1.111E+00.02640.208 4919.25280.31-.007470          0 2 0          0 0 0 15 10  5       16 11  6      432230837260713049    93.0   99.0
 11 2978.416042 1.266E-25 2.525E-01.08400.358 2024.15260.67-.005700          0 3 0          0 1 0  5  1  5        5  2  4      464723835994163159    11.0   11.0
 11 2978.464403 2.833E-30 2.419E-01.08780.412 4125.14870.710.000620          0 2 1          0 0 1  3  2  1        4  3  2      432230837294713152     7.0    9.0
 11 2978.512062 1.747E-30 2.153E-09.08330.391  503.96810.690.000000          0 2 0          0 0 0  5  1  5        5  3  3     q5222308079917122 0    11.0   11.0
 11 2978.691928 2.085E-30 1.115E-01.01100.172 4608.2236-.09-.003400          0 2 0          0 0 0 19  2 17       19  3 16      432230837260713049   117.0  117.0
 11 2978.825613 3.583E-30 2.584E-01.03170.235 4382.77980.290.000830          0 3 0          0 1 0 14  2 12       14  3 11      432230837294713152    29.0   29.0
 11 2978.837570 1.839E-28 4.843E+00.05050.195 4428.11420.50-.024360          1 0 0          0 0 0 16  6 11       17  7 10      434233837360713049    99.0  105.0
 11 2979.071496 3.569E-24 2.458E-01.04780.284 1690.66440.480.007090          0 2 0          0 0 0 10  3  8       11  2  9      587777835910162545    63.0   69.0
 11 2979.099695 3.782E-28 7.595E-05.03910.265 1962.50690.39-.003940          0 2 0          0 0 0 13  0 13       12  3 10      534223837260713049    81.0   75.0
 11 2979.188878 9.015E-29 2.153E-01.03740.250 3877.08860.36-.012800          0 1 1          0 1 0 12  0 12       13  2 11      434233837294713152    75.0   81.0
 11 2979.282744 6.289E-27 6.972E-05.08520.352 1216.19450.71-.007850          0 0 1          0 0 0  6  0  6        7  6  1      534223837260713049    39.0   45.0
 11 2979.393802 1.318E-29 2.374E-01.08780.412 4030.83890.710.000620          1 2 0          1 0 0  3  2  1        4  3  2      434243837294713152    21.0   27.0
 11 2979.421443 1.045E-30 2.890E-01.05920.333 4523.58900.500.000450          1 2 0          1 0 0  7  2  6        8  1  7      432230837294713152    15.0   17.0
 11 2979.446029 2.371E-30 2.817E-09.07810.371  756.72480.670.000000          0 2 0          0 0 0  6  2  5        6  4  3     q5322308079917122 0    39.0   39.0
 11 2979.547311 1.554E-29 5.560E-03.03260.195 3567.17380.380.011430          0 1 0          0 0 0 18  7 12       17  2 15      474233837260713049   111.0  105.0
 11 2979.580065 7.856E-30 3.308E-01.06650.352 4332.91230.54-.002330          0 2 1          0 0 1  6  0  6        7  1  7      432230837294713152    39.0   45.0
 11 2979.617331 1.087E-29 3.249E-01.06550.412 4135.01760.590.000620          1 2 0          1 0 0  3  3  0        4  4  1      434243837294713152    21.0   27.0
 11 2979.747674 8.118E-27 2.421E+00.03810.235 3464.88740.36-.011620          0 0 1          0 0 0 13  6  8       14  8  7      434223837260713049    81.0   87.0
 11 2979.813324 3.897E-30 3.491E-01.06590.412 4134.79840.59-.000890          1 2 0          1 0 0  3  3  1        4  4  0      432230837294713152     7.0    9.0
 11 2979.848991 2.024E-29 1.809E-08.08870.412  275.49700.710.000000          0 2 0          0 0 0  2  1  1        4  1  3     q5322308079917122 0     5.0    9.0
 11 2980.036233 2.674E-30 7.137E-05.06760.315 2690.59370.640.003690          1 0 0          0 1 0 10  7  3        9  2  8      532230837294713152    21.0   19.0
 11 2980.210574 4.085E-29 1.862E-02.08300.298 3253.73800.71-.008820          0 1 1          0 1 0  9  0  9       10  4  6      434233837294713152    19.0   21.0
 11 2980.240303 4.161E-23 3.330E-01.05470.278  888.63270.51-.003920          0 2 0          0 0 0  5  4  2        6  5  1      587777835910162545    11.0   13.0
 11 2980.267847 2.054E-29 3.459E-02.09880.456 3317.21060.74-.004180          0 4 0          0 2 0  3  1  3        2  2  0      534263837294713152     7.0    5.0
 11 2980.304749 1.903E-29 2.332E-03.08080.352 2905.43060.70-.007770          0 1 1          0 1 0  6  2  5        7  6  2      434233837294713152    13.0   15.0
 11 2980.388216 1.249E-22 3.332E-01.05460.268  888.59870.49-.002554          0 2 0          0 0 0  5  4  1        6  5  2      587777835910162545    33.0   39.0
 11 2980.675500 2.964E-26 1.271E+00.03710.265 3032.69030.390.001000          0 0 1          0 0 0 11  7  5       12  9  4      564423807260713059    69.0   75.0
 11 2980.728735 2.375E-29 4.427E-01.03490.315 3994.26020.42-.002670          0 1 1          0 1 0  8  7  2        9  9  1      434233837294713152    17.0   19.0
 11 2980.729340 7.126E-29 4.427E-01.03490.315 3994.26020.42-.002670          0 1 1          0 1 0  8  7  1        9  9  0      434233837294713152    51.0   57.0
 11 2980.758117 4.551E-29 1.795E-03.06970.265 3032.68980.690.001920          0 0 1          0 0 0 12  5  7       12  9  4      534233837260713049    75.0   75.0
 11 2980.820106 9.894E-27 1.272E+00.03710.265 3032.69040.39-.006040          0 0 1          0 0 0 11  7  4       12  9  3      534426837260713049    23.0   25.0
 11 2980.937224 2.634E-30 3.328E-01.06550.352 4332.77380.53-.002440          0 2 1          0 0 1  6  1  6        7  0  7      432230837294713152    13.0   15.0
 11 2981.144278 3.646E-23 4.047E-01.04320.224 1216.19450.44-.004922          0 2 0          0 0 0  6  5  2        7  6  1      587777835910162545    39.0   45.0
 11 2981.171276 1.210E-23 4.030E-01.04330.223 1216.18980.56-.004655          0 2 0          0 0 0  6  5  1        7  6  2      587777835910162545    13.0   15.0
 11 2981.239352 1.283E-24 7.963E-01.09140.435 1742.30560.71-.003500          0 3 0          0 1 0  1  1  0        2  2  1      587773835910162559     9.0   15.0
 11 2981.270266 3.337E-30 9.671E-01.04610.221 4894.58570.45-.003950          0 1 1          0 1 0 14  2 12       15  4 11      432230837294713152    87.0   93.0
 11 2981.301502 2.296E-26 1.637E-01.06570.265 2437.50190.64-.006000          0 0 1          0 0 0 11  2  9       12  6  6      564423837260713059    23.0   25.0
 11 2981.363848 1.455E-24 7.167E-01.07870.413 1920.76650.80-.002880          0 3 0          0 1 0  4  1  4        5  0  5      587777835910162545    27.0   33.0
 11 2981.415924 1.271E-28 7.584E-05.04020.265 1960.20740.40-.000350          0 2 0          0 0 0 13  1 13       12  2 10      534233837260713049    27.0   25.0
 11 2981.595017 8.306E-30 2.334E-03.04760.195 3291.15210.53-.004190          0 1 0          0 0 0 18  5 13       17  2 16      472230837260713049    37.0   35.0
 11 2981.632406 1.505E-26 7.886E-01.05460.235 2880.83420.520.001000          1 0 0          0 0 0 13  3 11       14  4 10      464423837360713059    27.0   29.0
 11 2981.669935 3.631E-31 8.908E-06.04720.231 2739.42850.490.000000          0 1 0          0 0 0 14 10  4       14  3 11      4333308387659336 0    29.0   29.0
 11 2981.738600 9.728E-28 3.025E-06.08210.371  757.78020.69-.005040          0 2 0          0 0 0  7  1  7        6  4  2      534223837260713049    15.0   13.0
 11 2981.752359 4.571E-26 6.979E-03.08030.315 1810.58790.72-.004000          0 0 1          0 0 0  8  3  5        9  7  2      564423837260713059    51.0   57.0
 11 2981.756222 2.996E-25 1.780E-02.07340.329 1590.69010.700.000000          1 0 0          0 0 0  7  4  3        8  7  2      574723835960163059    45.0   51.0
 11 2982.003826 1.383E-30 3.535E+00.06210.221 5342.34650.56-.007260          0 1 1          0 1 0 14  5  9       15  7  8      432230837294713152    87.0   93.0
 11 2982.246760 2.455E-30 7.435E-10.08330.391  399.45750.690.000000          0 2 0          0 0 0  4  1  4        5  1  4     q5222308079917122 0    27.0   33.0
 11 2982.256630 4.318E-29 6.166E-02.05460.265 3770.87890.55-.014430          1 1 0          0 1 0 12  1 12       12  4  9      434233837294713152    75.0   75.0
 11 2982.350578 4.790E-30 3.719E-01.06650.352 4232.38430.54-.002330          1 2 0          1 0 0  6  0  6        7  1  7      432230837294713152    13.0   15.0
 11 2982.429838 8.216E-30 2.141E-01.08420.371 4199.39090.68-.004330          1 2 0          1 0 0  5  1  4        6  2  5      432230837294713152    33.0   39.0
 11 2982.452644 1.960E-23 2.582E-01.05140.308 1080.38540.43-.015015          0 2 0          0 0 0  8  1  7        9  2  8      587777835910162545    17.0   19.0
 11 2982.545874 1.983E-30 1.437E-02.05000.195 4174.28750.530.002160          1 0 0          0 0 0 17  2 15       17  5 12      432230837360713049   105.0  105.0
 11 2982.626954 3.800E-26 1.340E-01.03270.235 2551.48350.33-.010500          0 0 1          0 0 0 13  1 13       14  3 12      544423835960713059    81.0   87.0
 11 2982.837897 1.914E-30 1.946E-07.06460.315 1474.98080.600.000000          1 0 0          0 0 0  7  3  5        9  5  5     q5322308079917122 0    15.0   19.0
 11 2982.852881 6.408E-30 1.841E-07.06860.333 1411.61150.620.000000          1 0 0          0 0 0  6  4  3        8  6  3     q5422308079917122 0    39.0   51.0
 11 2982.860278 8.743E-30 2.238E-02.09410.412 3495.93920.73-.003560          0 4 0          0 2 0  5  1  5        4  2  2      432230837294713152    11.0    9.0
 11 2983.154805 2.292E-26 4.204E-01.06310.315 2818.39810.560.001700          0 3 0          0 1 0  9  1  8        9  2  7      464423837294713159    57.0   57.0
 11 2983.160807 1.240E-30 1.555E-01.08420.371 4296.56340.68-.004330          0 2 1          0 0 1  5  1  4        6  2  5      432230837294713152    11.0   13.0
 11 2983.168279 6.365E-30 1.896E+00.04530.250 4643.38030.43-.012100          0 1 1          0 1 0 12  5  8       13  7  7      432230837294713152    25.0   27.0
 11 2983.228423 1.648E-26 1.739E-01.03200.235 2550.88250.310.001000          0 0 1          0 0 0 13  0 13       14  2 12      464423807260713059    27.0   29.0
 11 2983.316132 1.740E-24 6.814E-01.09110.472 1821.59680.85-.009258          0 3 0          0 1 0  3  0  3        4  1  4      487777835910162545    21.0   27.0
 11 2983.640756 1.137E-28 4.029E-01.05790.265 3940.51940.56-.024890          1 1 0          0 1 0 11  2  9       12  5  8      434233837294713152    69.0   75.0
 11 2984.045103 7.117E-30 8.553E-06.05710.221 2358.30140.640.008860          0 1 0          0 0 0 15  7  8       15  0 15      472230837260713049    93.0   93.0
 11 2984.077300 4.900E-26 4.026E-01.06230.333 2630.19260.55-.010200          0 3 0          0 1 0  8  2  7        8  3  6      454423835994713159    51.0   51.0
 11 2984.113050 1.449E-29 3.751E-01.06550.352 4232.18450.53-.002440          1 2 0          1 0 0  6  1  6        7  0  7      434233837294713152    39.0   45.0
 11 2984.211530 7.515E-23 5.852E-02.09910.461  315.77950.78-.003632          0 2 0          0 0 0  3  1  3        4  2  2      587777835910162545     7.0    9.0
 11 2984.245962 1.043E-30 7.964E-01.05440.298 5027.07400.51-.008820          0 4 0          0 2 0 10  4  7       10  5  6      432230837294713152    63.0   63.0
 11 2984.291405 9.176E-29 1.274E-04.09460.434 1907.45140.73-.005470          0 3 0          0 1 0  4  0  4        3  3  1      534233837294713152     9.0    7.0
 11 2984.384365 2.222E-29 3.852E-01.03230.250 4074.03860.29-.007610          0 3 0          0 1 0 13  3 11       13  4 10      434233837294713152    27.0   27.0
 11 2984.607873 8.540E-26 1.675E-01.04580.250 2414.72340.44-.003000          1 0 0          0 0 0 12  2 11       13  3 10      464423835960713059    75.0   81.0
 11 2984.839558 3.763E-30 4.237E-05.07150.315 2512.37570.660.004000          1 0 0          0 1 0 10  6  4        9  1  9      532230837294713152    21.0   19.0
 11 2985.133053 2.388E-28 3.896E-04.08000.371 2271.71220.67-.005350          0 3 0          0 1 0  7  0  7        6  3  4      434233837294713152    45.0   39.0
 11 2985.293515 1.462E-27 1.397E-01.04630.221 3244.60060.450.013300          0 2 0          0 0 0 14  5 10       15  4 11      434223837260713049    87.0   93.0
 11 2985.420726 9.844E-30 1.370E-02.03960.208 3822.24600.45-.022440          1 0 0          0 0 0 16  3 14       16  6 11      434233837360713049    99.0   99.0
 11 2985.765557 2.723E-30 2.308E-07.06820.281 1525.13600.700.002000          0 1 0          0 0 0 11  9  3       11  2 10      572230837260713049    23.0   23.0
 11 2985.812425 5.593E-29 3.539E-02.09600.434 3392.74930.73-.004090          0 4 0          0 2 0  4  1  4        3  2  1      434263837294713152    27.0   21.0
 11 2986.034696 4.778E-30 2.370E-03.02980.250 3583.37460.43-.007580          0 1 0          0 0 0 14 13  2       13 10  3      472230837260713049    87.0   81.0
 11 2986.034795 1.593E-30 2.371E-03.02980.250 3583.37450.43-.007580          0 1 0          0 0 0 14 13  1       13 10  4      472230837260713049    29.0   27.0
 11 2986.302452 2.938E-29 1.908E+00.03340.195 4612.79070.30-.015630          1 0 0          0 0 0 16  7 10       17  8  9      434233837360713049    99.0  105.0
 11 2986.726295 4.024E-29 3.704E-03.08260.333 3101.12380.72-.003520          1 1 0          0 1 0  7  3  4        8  6  3      434233837294713152    45.0   51.0
 11 2986.844559 3.564E-30 7.542E-04.06970.315 3321.01330.65-.013470          1 1 0          0 1 0  9  1  8        9  6  3      432230837294713152    57.0   57.0
 11 2986.921162 9.549E-30 1.939E-07.07020.352 1394.81420.70-.000650          0 2 0          0 0 0  8  4  5        7  7  0      532230837260713049    51.0   45.0
 11 2987.011541 9.757E-30 7.846E+00.01410.281 5037.34010.10-.015360          1 1 0          0 1 0 10 10  1       11 11  0      434233837294713152    63.0   69.0
 11 2987.011547 3.252E-30 7.845E+00.01410.281 5037.34010.10-.015330          1 1 0          0 1 0 10 10  0       11 11  1      432230837294713152    21.0   23.0
 11 2987.089777 7.058E-30 2.215E-07.07340.352 1394.81420.650.000000          1 0 0          0 0 0  5  5  0        7  7  0     q5422308079917122 0    33.0   45.0
 11 2987.089819 2.352E-30 2.214E-07.07340.352 1394.81420.650.000000          1 0 0          0 0 0  5  5  1        7  7  1     q5322308079917122 0    11.0   15.0
 11 2987.104397 9.795E-31 7.610E-01.06650.332 4783.64070.630.000000          0 4 0          0 2 0  9  4  6        9  5  5      4333308387659336 0    19.0   19.0
 11 2987.295927 5.549E-29 4.673E+00.02740.208 4427.22680.22-.010830          1 0 0          0 0 0 15  8  8       16  9  7      434233837360713049    31.0   33.0
 11 2987.449289 7.626E-31 1.003E-02.03910.222 4045.28560.360.000000          1 0 0          0 0 0 15  6 10       15  9  7      4333308387659336 0    31.0   31.0
 11 2987.524856 3.268E-22 2.768E-01.06940.345  610.34120.61-.003753          0 2 0          0 0 0  4  3  2        5  4  1      587777835910162545    27.0   33.0
 11 2987.737907 1.695E-28 4.758E+00.02770.208 4427.12110.23-.009950          1 0 0          0 0 0 15  8  7       16  9  8      434233837360713049    93.0   99.0
 11 2988.191570 2.781E-24 4.979E-01.03530.195 1590.69070.64-.005768          0 2 0          0 0 0  7  6  2        8  7  1      587777835910162545    15.0   17.0
 11 2988.240098 9.010E-26 1.027E+00.02880.127 2740.42090.33-.003000          0 2 0          0 0 0 10  8  3       11  9  2      464723835960163059    63.0   69.0
 11 2988.240337 3.316E-26 1.134E+00.02880.281 2740.42080.33-.003000          0 2 0          0 0 0 10  8  2       11  9  3      464423837260713059    21.0   23.0
 11 2988.255639 8.576E-30 4.368E-03.04440.250 3347.78050.670.001850          0 0 1          0 0 0 13  5  8       13  9  5      432230837265713049    27.0   27.0
 11 2988.282480 1.171E-28 4.465E-03.07960.333 2919.63300.68-.010190          0 1 1          0 1 0  7  1  7        8  5  4      434233837294713152    45.0   51.0
 11 2988.287764 8.228E-24 4.911E-01.03610.199 1590.69010.64-.005652          0 2 0          0 0 0  7  6  1        8  7  2      587777835910162545    45.0   51.0
 11 2988.367560 4.090E-26 9.935E-02.02540.250 2248.06450.18-.002000          0 2 0          0 0 0 13  2 12       13  3 11      564423835960713059    27.0   27.0
 11 2988.374321 1.297E-29 6.660E-05.08340.391 2251.69530.69-.005980          0 3 0          0 1 0  6  1  5        5  4  2      434223837294713152    13.0   11.0
 11 2988.467583 8.794E-29 2.980E-04.07650.265 2300.68500.71-.010930          0 0 1          0 0 0 12  1 12       12  5  7      534233837260713049    25.0   25.0
 11 2988.545648 5.660E-24 6.698E-02.04610.286 1080.38540.51-.004271          0 2 0          0 0 0  9  1  9        9  2  8      587777835910162545    19.0   19.0
 11 2988.556185 1.936E-29 2.444E-07.07560.371 1045.05830.70-.002770          0 2 0          0 0 0  7  3  5        6  6  0      532230837260713049    15.0   13.0
 11 2988.612516 1.102E-22 2.799E-01.06920.325  610.11440.610.001436          0 2 0          0 0 0  4  3  1        5  4  2      587777835910162545     9.0   11.0
 11 2988.775237 3.628E-31 1.235E-03.05490.273 3738.54320.550.000000          1 0 0          0 1 0 13  8  6       12  3  9      4333308387659336 0    27.0   25.0
 11 2988.835624 5.891E-31 2.299E-05.06950.349 2724.04140.640.000000          0 3 0          0 1 0  8  2  6        7  5  3      4333308387659336 0    17.0   15.0
 11 2988.940646 7.013E-30 6.989E-01.06090.333 4564.03480.57-.006540          0 4 0          0 2 0  8  4  5        8  5  4      532230837294713152    51.0   51.0
 11 2989.004477 6.322E-30 1.715E-01.09000.391 4165.47380.71-.003600          0 2 1          0 0 1  4  1  3        5  2  4      432230837294713152    27.0   33.0
 11 2989.031279 2.655E-30 1.095E-02.02850.221 4045.32180.32-.007000          0 1 0          0 0 0 16 12  5       15  9  6      372230837260713049    99.0   93.0
 11 2989.063737 7.151E-30 6.000E-03.04520.235 3465.07000.48-.019340          0 0 1          0 0 0 14  4 11       14  8  6      432230837260713049    29.0   29.0
 11 2989.067406 8.901E-31 1.101E-02.03640.222 4045.28560.360.000000          0 1 0          0 0 0 16 12  4       15  9  7      3333308387659336 0    33.0   31.0
 11 2989.074003 1.328E-25 1.070E-01.02530.199 2246.88480.180.000000          0 2 0          0 0 0 13  1 12       13  2 11      564723835960163059    81.0   81.0
 11 2989.597785 1.354E-27 9.075E+00.01540.250 4087.98010.09-.014060          1 0 0          0 0 0 12 11  2       13 12  1      434223837360713049    75.0   81.0
 11 2989.597786 4.513E-28 9.075E+00.01540.250 4087.98010.09-.014060          1 0 0          0 0 0 12 11  1       13 12  2      434223837360713049    25.0   27.0
 11 2989.624215 1.734E-23 6.801E-02.04770.285 1079.07960.47-.000513          0 2 0          0 0 0  9  0  9        9  1  8      587777835910162545    57.0   57.0
 11 2989.715730 1.486E-28 2.786E+00.01730.315 3994.26020.15-.003570          0 3 0          0 1 0  8  8  0        9  9  1      434233837294713152    17.0   19.0
 11 2989.715731 4.457E-28 2.786E+00.01730.315 3994.26020.15-.003580          0 3 0          0 1 0  8  8  1        9  9  0      434223837294713152    51.0   57.0
 11 2990.037917 1.916E-30 3.312E-09.07810.371  756.72480.670.000000          0 2 0          0 0 0  4  4  1        6  4  3     q5322308079917122 0    27.0   39.0
 11 2990.130143 4.683E-30 6.140E-01.06050.352 4368.54610.57-.004260          0 4 0          0 2 0  7  4  4        7  5  3      432230837294713152    15.0   15.0
 11 2990.553678 2.357E-30 7.066E-01.06560.333 4564.36660.600.001880          0 4 0          0 2 0  8  4  4        8  5  3      532230837294713152    17.0   17.0
 11 2990.561703 1.360E-29 9.475E-01.04090.235 4585.34910.40-.020340          0 1 1          0 1 0 13  3 11       14  5 10      434233837294713152    81.0   87.0
 11 2990.671713 2.835E-27 2.558E+00.04620.235 3465.07000.450.000900          0 0 1          0 0 0 13  6  7       14  8  6      434223837260713049    27.0   29.0
 11 2990.832748 8.973E-30 1.565E+00.04550.235 4774.04420.44-.022560          0 1 1          0 1 0 13  4 10       14  6  9      432230837294713152    81.0   87.0
 11 2990.913341 2.244E-29 4.926E-01.06020.371 4197.33880.56-.000740          0 4 0          0 2 0  6  4  3        6  5  2      434233837294713152    39.0   39.0
 11 2990.974165 2.672E-30 6.972E-01.06800.315 4784.66210.620.003570          0 4 0          0 2 0  9  4  5        9  5  4      432230837294713152    57.0   57.0
 11 2990.977211 1.369E-29 5.989E-01.06270.352 4368.63690.580.000640          0 4 0          0 2 0  7  4  3        7  5  2      434233837294713152    45.0   45.0
 11 2991.023939 8.371E-29 4.383E-01.04050.250 4052.81090.380.003650          0 3 0          0 1 0 13  2 11       13  3 10      434233837294713152    81.0   81.0
 11 2991.039505 3.629E-31 8.463E-01.05750.305 5029.81050.620.000000          0 4 0          0 2 0 10  4  6       10  5  5      4333308387659336 0    21.0   21.0
 11 2991.047719 7.469E-30 4.920E-01.06150.371 4197.36100.570.001110          0 4 0          0 2 0  6  4  2        6  5  1      432230837294713152    13.0   13.0
 11 2991.061002 9.541E-30 7.798E-03.04200.235 3685.40830.43-.007340          1 0 0          0 0 0 14  6  9       14  9  6      432230837360713049    87.0   87.0
 11 2991.254216 8.263E-27 1.393E+00.05940.221 3360.60020.56-.013990          1 0 0          0 0 0 14  4 11       15  5 10      434223837360713049    87.0   93.0
 11 2991.405009 2.601E-29 4.878E-04.07600.333 2595.81290.660.001920          0 3 0          0 1 0  9  1  9        8  2  6      434233837294713152    19.0   17.0
 11 2991.452887 8.090E-30 3.085E-01.06230.391 4050.50380.610.003160          0 4 0          0 2 0  5  4  2        5  5  1      432230837294713152    11.0   11.0
 11 2991.455449 1.286E-24 1.090E-03.09530.436  383.84250.79-.007069          0 2 0          0 0 0  4  0  4        4  3  1      587777835910162545     9.0    9.0
 11 2991.468494 5.136E-28 3.136E-04.08930.412 2004.81570.71-.005020          0 3 0          0 1 0  5  0  5        4  3  2      534223837294713152    33.0   27.0
 11 2991.480415 2.408E-29 3.061E-01.06260.391 4050.51250.610.003780          0 4 0          0 2 0  5  4  1        5  5  0      434233837294713152    33.0   33.0
 11 2991.499002 2.763E-30 1.688E-07.07320.352 1394.81420.710.003160          0 2 0          0 0 0  8  4  4        7  7  1      532230837260713049    17.0   15.0
 11 2991.517684 4.152E-27 2.441E-06.08550.391  610.34120.70-.004790          0 2 0          0 0 0  6  1  6        5  4  1      534223837260713049    39.0   33.0
 11 2991.580323 1.462E-28 4.092E-04.08490.391 2126.40770.69-.005080          0 3 0          0 1 0  6  0  6        5  3  3      534233837294713152    13.0   11.0
 11 2991.627062 1.843E-30 1.127E-05.06760.265 2437.50190.68-.014060          1 0 0          0 0 0 13  1 13       12  6  6      432230837360713049    27.0   25.0
 11 2991.674160 4.057E-29 9.108E-06.06830.298 1724.70540.67-.011680          0 2 0          0 0 0 11  2 10       10  5  5      532230837260713049    23.0   21.0
 11 2991.826694 7.897E-30 5.266E-09.08330.391  508.81210.690.000000          0 2 0          0 0 0  3  3  0        5  3  2     q5322308079917122 0    21.0   33.0
 11 2991.924474 1.225E-25 4.464E-01.08120.371 2146.26370.660.001400          0 3 0          0 1 0  5  2  4        6  1  5      554423835994713159    11.0   13.0
 11 2991.971130 1.238E-22 1.882E-01.08680.432  503.96810.740.001506          0 2 0          0 0 0  4  2  2        5  3  3      587777835910162545     9.0   11.0
 11 2991.986556 4.028E-30 2.017E-01.09000.391 4065.13180.71-.003600          1 2 0          1 0 0  4  1  3        5  2  4      432230837294713152     9.0   11.0
 11 2992.046245 9.539E-29 2.921E-01.09400.412 3438.57500.730.002480          0 4 0          0 2 0  3  2  2        4  1  3      434223837294713152     7.0    9.0
 11 2992.107358 1.486E-29 1.173E-01.01360.183 4201.8582-.01-.004770          0 2 0          0 0 0 18  3 16       18  4 15      434233837260713049   111.0  111.0
 11 2992.159682 4.130E-26 4.326E-01.02830.298 2701.88850.36-.000500          0 0 1          0 0 0  9  8  2       10 10  1      464423835960713059    57.0   63.0
 11 2992.159836 1.434E-26 4.506E-01.02830.298 2701.88850.36-.000500          0 0 1          0 0 0  9  8  1       10 10  0      464423837260713059    19.0   21.0
 11 2992.170996 2.231E-30 1.223E-01.09880.434 3962.91790.74-.005800          0 2 1          0 0 1  2  1  2        3  2  1      432230837294713152     5.0    7.0
 11 2992.259719 4.981E-30 1.176E-01.01310.183 4201.2514-.03-.003080          0 2 0          0 0 0 18  2 16       18  3 15      432230837260713049    37.0   37.0
 11 2992.367983 3.720E-29 1.532E-03.07460.352 2905.43350.66-.005530          1 1 0          0 1 0  6  3  4        7  6  1      434233837294713152    39.0   45.0
 11 2992.399068 9.630E-26 2.618E-02.07450.298 1724.70540.69-.015000          1 0 0          0 0 0  9  2  8       10  5  5      564423835960713059    19.0   21.0
 11 2992.420598 1.936E-26 1.548E-03.07840.352 1394.81420.71-.019000          0 0 1          0 0 0  6  3  4        7  7  1      564423837260713059    13.0   15.0
 11 2992.543011 4.927E-31 3.013E-08.06600.317 1394.81420.610.000000          1 0 0          0 0 0  8  0  8        7  7  1      5333308387659336 0    17.0   15.0
 11 2992.653773 6.112E-23 2.685E-01.04680.280 1079.07960.360.000438          0 2 0          0 0 0  8  2  7        9  1  8      587777835910162545    51.0   57.0
 11 2993.240678 1.890E-29 2.332E-03.03900.221 3083.86520.46-.014530          0 0 1          0 0 0 15  0 15       15  4 12      434233837260713049    31.0   31.0
 11 2993.349814 1.136E-29 9.993E-05.06560.298 2705.13960.620.008280          0 0 1          0 1 0 11  5  7       10  1 10      534233837294713152    69.0   63.0
 11 2993.613013 8.145E-29 7.319E-03.05080.221 3244.60060.53-.004500          1 0 0          0 0 0 15  1 14       15  4 11      434233837360713049    93.0   93.0
 11 2993.674694 8.186E-30 7.256E-04.07600.315 3141.04600.68-.011350          1 1 0          0 1 0  9  0  9        9  5  4      432230837294713152    57.0   57.0
 11 2993.720552 1.825E-30 2.622E+00.06810.235 4981.46930.640.000460          0 1 1          0 1 0 13  5  8       14  7  7      432230837294713152    27.0   29.0
 11 2993.736018 1.193E-22 2.321E-01.06640.352  885.60020.54-.012602          0 2 0          0 0 0  7  1  6        8  2  7      587777835910162545    45.0   51.0
 11 2993.956886 2.463E-30 1.157E-09.08870.412  488.10770.710.000000          0 2 0          0 0 0  4  2  3        4  4  1     q5222308079917122 0    27.0   27.0
 11 2994.094488 4.887E-28 5.461E-07.08160.391  742.07630.70-.004270          0 2 0          0 0 0  6  2  5        5  5  0      534223837260713049    39.0   33.0
 11 2994.100651 2.124E-29 4.105E+00.03960.195 4610.02210.38-.001850          1 0 0          0 0 0 16  7  9       17  8 10      434233837360713049    33.0   35.0
 11 2994.114055 6.215E-25 2.902E-01.08580.435 1908.01630.73-.005800          0 3 0          0 1 0  4  1  4        4  2  3      587773835910162559    27.0   27.0
 11 2994.194850 1.776E-30 1.315E-05.07320.333 2630.19260.69-.004180          1 0 0          0 1 0  9  8  1        8  3  6      432230837294713152    57.0   51.0
 11 2994.345996 9.746E-28 1.124E-06.09050.412  488.13420.72-.004780          0 2 0          0 0 0  5  1  5        4  4  0      534223837260713049    11.0    9.0
 11 2994.380039 2.525E-27 8.219E-01.03590.221 3269.53980.36-.019560          0 0 1          0 0 0 14  3 12       15  5 11      434223837260713049    29.0   31.0
 11 2994.424184 4.963E-28 2.218E-04.05220.265 2124.95140.560.001210          0 1 0          0 0 0 13  9  4       12  4  9      474223837260713049    81.0   75.0
 11 2994.446496 3.397E-22 3.324E-01.04680.340  744.16270.26-.005807          0 2 0          0 0 0  7  0  7        8  1  8      587777835910162545    45.0   51.0
 11 2994.579629 4.510E-26 6.157E-01.04950.250 2586.52970.49-.006000          1 0 0          0 0 0 12  2 10       13  5  9      454423835960713059    25.0   27.0
 11 2994.610181 1.143E-29 1.299E-01.09880.434 3864.76380.74-.005800          1 2 0          1 0 0  2  1  2        3  2  1      434243837294713152    15.0   21.0
 11 2994.691456 4.980E-26 9.623E-03.07080.315 1631.24550.65-.005000          0 0 1          0 0 0  8  2  7        9  6  4      564423835960713059    17.0   19.0
 11 2994.720387 3.270E-27 6.312E+00.02090.250 3831.17920.18-.012820          1 0 0          0 0 0 12 10  3       13 11  2      434223837360713049    75.0   81.0
 11 2994.720398 1.090E-27 6.312E+00.02090.250 3831.17920.18-.012820          1 0 0          0 0 0 12 10  2       13 11  3      434223837360713049    25.0   27.0
 11 2994.898454 4.808E-28 6.572E-04.06170.281 2321.90570.62-.018000          1 0 0          0 0 0 11  2  9       11  7  4      534223837360713049    69.0   69.0
 11 2995.421151 5.980E-25 3.591E-01.08980.477 2000.86300.71-.000500          0 3 0          0 1 0  5  0  5        5  1  4      464723835994163159    33.0   33.0
 11 2995.455124 1.139E-22 3.344E-01.04670.341  744.06370.27-.004261          0 2 0          0 0 0  7  1  7        8  0  8      587777835910162545    15.0   17.0
 11 2995.456964 3.463E-26 3.867E-01.07090.352 2439.95450.61-.009200          0 3 0          0 1 0  7  2  6        7  3  5      464423837294713159    15.0   15.0
 11 2995.458558 1.051E-27 3.627E-01.06640.281 3441.03950.610.009320          0 3 0          0 1 0 10  4  7       11  3  8      434223837294713152    63.0   69.0
 11 2995.607482 1.264E-27 2.308E+00.04150.221 3624.18130.40-.018270          0 0 1          0 0 0 14  5 10       15  7  9      434223837260713049    29.0   31.0
 11 2995.666710 4.791E-28 2.706E+00.06470.208 3870.20170.64-.022570          1 0 0          0 0 0 15  5 11       16  6 10      434223837360713049    31.0   33.0
 11 2995.992503 1.944E-26 3.499E-03.08160.333 1590.69070.73-.018000          0 0 1          0 0 0  7  3  4        8  7  1      564423837260713059    15.0   17.0
 11 2996.394224 4.980E-25 1.188E-01.04270.250 1962.50690.58-.010541          1 0 0          0 0 0 11  0 11       12  3 10      587777835910162545    69.0   75.0
 11 2996.423881 2.482E-28 3.578E-01.03860.265 3770.87890.36-.009080          0 3 0          0 1 0 12  3 10       12  4  9      434233837294713152    75.0   75.0
 11 2996.542567 2.823E-30 5.533E-09.08330.391  503.96810.690.000000          0 2 0          0 0 0  3  3  1        5  3  3     q5222308079917122 0     7.0   11.0
 11 2996.848396 1.259E-30 8.306E-02.06810.352 4452.35280.57-.004100          0 2 1          0 0 1  7  1  7        7  2  6      432230837294713152    45.0   45.0
 11 2996.925622 5.670E-29 2.296E-03.04030.221 3080.17870.46-.010080          0 0 1          0 0 0 15  1 15       15  3 12      434233837260713049    93.0   93.0
 11 2997.044014 4.434E-30 3.385E-01.08510.434 4030.30610.69-.002600          0 2 1          0 0 1  2  2  1        3  3  0      432230837294713152     5.0    7.0
 11 2997.278851 1.715E-30 2.927E-09.07810.371  602.77350.670.000000          0 2 0          0 0 0  6  0  6        6  2  4     q5222308079917122 0    13.0   13.0
 11 2997.285916 2.975E-28 4.465E+00.02540.221 4283.30770.22-.011880          1 0 0          0 0 0 14  9  6       15 10  5      434223837360713049    87.0   93.0
 11 2997.294573 9.917E-29 4.465E+00.02540.221 4283.30580.22-.011860          1 0 0          0 0 0 14  9  5       15 10  6      434233837360713049    29.0   31.0
 11 2997.361811 1.704E-30 3.375E-04.05610.281 3136.41250.560.013690          0 0 1          0 1 0 12  6  7       11  2 10      532230837294713152    25.0   23.0
 11 2997.405548 1.571E-29 5.049E-03.05110.235 3266.51420.56-.023110          0 0 1          0 0 0 14  3 12       14  7  7      434233837260713049    29.0   29.0
 11 2997.482403 5.644E-31 3.462E-05.03180.200 2952.38660.310.000000          0 1 0          0 0 0 16  8  8       16  1 15      4333308387659336 0    33.0   33.0
 11 2997.703368 1.418E-28 3.378E-02.07880.315 3321.01330.70-.012800          0 1 1          0 1 0  8  2  6        9  6  3      434233837294713152    51.0   57.0
 11 2997.718811 6.122E-25 6.821E-01.09380.463 1739.48371.00-.006000          0 3 0          0 1 0  2  0  2        3  1  3      587773835910162559     5.0    7.0
 11 2997.760817 1.037E-30 1.626E-01.05680.235 4525.23910.540.012340          0 3 0          0 1 0 13  5  9       14  4 10      432230837294713152    27.0   29.0
 11 2997.826092 4.071E-30 3.160E-01.07720.371 4195.81810.62-.002620          0 2 1          0 0 1  5  0  5        6  1  6      432230837294713152    11.0   13.0
 11 2997.955033 2.528E-29 4.916E+00.01460.298 4497.19240.11-.002550          0 3 0          0 1 0  9  9  1       10 10  0      434233837294713152    19.0   21.0
 11 2997.955033 7.585E-29 4.917E+00.01460.298 4497.19240.11-.002550          0 3 0          0 1 0  9  9  0       10 10  1      434233837294713152    57.0   63.0
 11 2998.479622 1.355E-29 3.447E-01.08530.434 4030.06980.70-.000430          0 2 1          0 0 1  2  2  0        3  3  1      434223837294713152    15.0   21.0
 11 2998.729335 1.476E-25 1.046E-01.04140.222 1960.20740.42-.005000          1 0 0          0 0 0 11  1 11       12  2 10      567723835910163059    23.0   25.0
 11 2998.971940 3.102E-24 2.102E-01.06090.343 1437.96860.580.007118          0 2 0          0 0 0  9  3  7       10  2  8      587777835910162545    19.0   21.0
 11 2999.157440 1.639E-24 6.668E-01.02910.175 2009.80510.65-.006065          0 2 0          0 0 0  8  7  2        9  8  1      587777835910162545    51.0   57.0
 11 2999.157781 5.584E-25 6.815E-01.02860.315 2009.80500.30-.004000          0 2 0          0 0 0  8  7  1        9  8  2      564423837260713059    17.0   19.0
 11 2999.187389 6.957E-30 1.962E-09.08870.412  382.51690.710.000000          0 2 0          0 0 0  4  1  4        4  3  2     q5322308079917122 0    27.0   27.0
 11 2999.426687 5.475E-30 2.519E-01.07080.352 4348.41470.590.002450          1 2 0          1 0 0  6  2  5        7  1  6      432230837294713152    39.0   45.0
 11 2999.607046 5.165E-27 2.099E+00.02440.265 3266.76450.27-.001860          0 2 0          0 0 0 11  9  3       12 10  2      434223837260713049    23.0   25.0
 11 2999.607126 1.549E-26 2.098E+00.02440.265 3266.76440.27-.005000          0 2 0          0 0 0 11  9  2       12 10  3      464423837260713059    69.0   75.0
 11 2999.650117 1.361E-25 3.645E-03.07210.293 1394.81420.720.001000          1 0 0          0 0 0  6  4  3        7  7  0      567773305910162559    39.0   45.0
 11 2999.661360 2.157E-29 3.465E-01.08510.434 3935.34470.69-.002600          1 2 0          1 0 0  2  2  1        3  3  0      434243837294713152    15.0   21.0
 11 2999.698556 1.326E-29 4.079E-07.06630.265 1557.84770.690.002650          0 1 0          0 0 0 12  8  5       12  1 12      572230837260713049    75.0   75.0
 11 2999.861806 1.447E-25 2.083E-01.05290.307 2105.86790.160.005000          0 2 0          0 0 0 11  4  8       12  3  9      567773835910162559    23.0   25.0
 11 2999.908390 3.491E-29 2.439E-08.08870.412  222.05280.710.000000          0 2 0          0 0 0  2  0  2        4  0  4     q5322308079917122 0     5.0    9.0
 11 3000.327457 2.217E-29 3.533E-01.07720.371 4095.80320.62-.002620          1 2 0          1 0 0  5  0  5        6  1  6      434243837294713152    33.0   39.0
 11 3000.536157 2.062E-28 1.208E-01.05100.281 3323.26980.48-.014280          1 1 0          0 1 0 10  0 10       11  3  9      434233837294713152    21.0   23.0
 11 3000.664600 1.234E-29 3.193E-01.07470.371 4195.47730.60-.002300          0 2 1          0 0 1  5  1  5        6  0  6      434223837294713152    33.0   39.0
 11 3000.734394 4.566E-29 3.301E-01.08170.352 3967.48850.690.001740          0 4 0          0 2 0  6  3  4        7  2  5      434263837294713152    39.0   45.0
 11 3000.865454 7.318E-30 3.528E-01.08530.434 3935.21120.70-.000430          1 2 0          1 0 0  2  2  0        3  3  1      432230837294713152     5.0    7.0
 11 3001.200347 9.925E-31 4.142E-02.05470.255 4252.44820.520.000000          1 1 0          0 1 0 13  2 12       13  5  9      4333308387659336 0    27.0   27.0
 11 3001.370151 2.334E-26 4.924E-01.07380.333 2595.81290.63-.001000          0 3 0          0 1 0  8  1  7        8  2  6      464423837294713159    17.0   17.0
 11 3001.431101 8.094E-30 8.927E-09.08870.412  315.77950.710.000000          0 2 0          0 0 0  2  2  0        4  2  2     q5322308079917122 0     5.0    9.0
 11 3001.438422 3.200E-30 1.926E-01.09430.412 4050.05230.73-.003230          0 2 1          0 0 1  3  1  2        4  2  3      432230837294713152     7.0    9.0
 11 3001.736732 2.211E-30 8.830E-02.07130.352 4348.41470.590.002010          1 2 0          1 0 0  7  0  7        7  1  6      432230837294713152    45.0   45.0
 11 3001.766017 3.501E-28 6.303E-05.04540.281 1695.06860.45-.004170          0 2 0          0 0 0 12  0 12       11  3  9      534223837260713049    25.0   23.0
 11 3001.976979 1.073E-29 9.469E-05.08840.371 2552.85720.72-.008940          1 1 0          0 1 0  5  0  5        6  5  2      434233837294713152    33.0   39.0
 11 3002.214288 1.179E-27 1.183E-05.06410.281 1327.11000.650.004470          0 1 0          0 0 0 12  7  6       11  0 11      574223837260713049    75.0   69.0
 11 3002.518593 2.638E-29 1.350E+00.02730.221 4534.96360.34-.006800          0 2 0          0 0 0 14 10  5       15 11  4      434233837260713049    87.0   93.0
 11 3002.518824 8.795E-30 1.350E+00.02730.221 4534.96350.34-.006800          0 2 0          0 0 0 14 10  4       15 11  5      432230837260713049    29.0   31.0
 11 3002.764905 1.229E-26 2.941E-01.07650.333 2595.81290.660.002400          0 3 0          0 1 0  7  3  5        8  2  6      464423837294713159    15.0   17.0
 11 3002.932436 4.849E-28 2.827E-03.04890.250 2426.19650.52-.014240          1 0 0          0 0 0 13  1 13       13  4 10      434223837360713049    27.0   27.0
 11 3003.311527 5.711E-25 6.664E-01.08870.448 1817.45120.52-.000300          0 3 0          0 1 0  3  1  3        4  0  4      477773805910162559     7.0    9.0
 11 3003.474247 7.215E-23 2.079E-01.07740.390  709.60820.63-.008743          0 2 0          0 0 0  6  1  5        7  2  6      587777835910162545    13.0   15.0
 11 3003.518355 1.663E-29 2.068E-01.09430.412 3951.31500.73-.003230          1 2 0          1 0 0  3  1  2        4  2  3      434243837294713152    21.0   27.0
 11 3003.639406 1.277E-28 4.742E-01.05130.265 3738.54320.480.004070          0 3 0          0 1 0 12  2 10       12  3  9      434233837294713152    25.0   25.0
 11 3003.823931 2.163E-24 4.908E-04.09700.467  285.41860.74-.008000          0 2 0          0 0 0  3  0  3        3  3  0      564723835960163059    21.0   21.0
 11 3003.838161 1.986E-22 2.182E-01.08570.411  383.84250.68-.003288          0 2 0          0 0 0  3  2  2        4  3  1      587777835910162545     7.0    9.0
 11 3003.954624 7.496E-30 3.584E-01.07470.371 4095.31520.60-.002300          1 2 0          1 0 0  5  1  5        6  0  6      432230837294713152    11.0   13.0
 11 3004.103031 4.038E-30 2.580E-04.07120.265 3144.57880.66-.005260          1 0 0          0 1 0 13  4  9       12  1 12      432230837294713152    81.0   75.0
 11 3004.307157 1.572E-28 9.019E-01.04510.298 3997.50830.46-.004290          0 1 1          0 1 0  9  6  4       10  8  3      434233837294713152    57.0   63.0
 11 3004.392592 3.689E-28 4.395E-01.04580.281 3487.39920.43-.010080          0 3 0          0 1 0 11  3  9       11  4  8      434223837294713152    23.0   23.0
 11 3004.435869 5.241E-29 9.021E-01.04540.298 3997.50860.47-.004570          0 1 1          0 1 0  9  6  3       10  8  2      434233837294713152    19.0   21.0
 11 3004.478176 7.076E-25 4.104E-03.08390.394 1045.05800.68-.001000          1 0 0          0 0 0  5  1  4        6  6  1      587773835910162559    33.0   39.0
 11 3004.686372 2.519E-22 4.095E-01.04990.249  742.07630.59-.007722          0 2 0          0 0 0  4  4  1        5  5  0      587777835910162545    27.0   33.0
 11 3004.702927 8.422E-23 4.107E-01.04900.253  742.07300.56-.007223          0 2 0          0 0 0  4  4  0        5  5  1      587777835910162545     9.0   11.0
 11 3004.752122 2.020E-25 3.853E-01.07770.300 2271.71220.66-.008000          0 3 0          0 1 0  6  2  5        6  3  4      454723835994163159    39.0   39.0
 11 3004.888892 7.706E-30 9.599E-04.08260.352 2905.43060.72-.003780          1 1 0          0 1 0  6  3  3        7  6  2      432230837294713152    13.0   15.0
 11 3004.983851 4.758E-25 1.050E-01.02870.201 1962.50690.63-.010197          0 2 0          0 0 0 12  2 11       12  3 10      587777835910162545    75.0   75.0
 11 3005.255889 1.140E-25 2.703E-01.07180.380 2433.80040.680.000000          1 0 0          0 0 0 11  3  8       12  6  7      564723835960163059    69.0   75.0
 11 3005.445479 2.745E-23 4.779E-01.04000.192 1045.05830.61-.010743          0 2 0          0 0 0  5  5  1        6  6  0      587777835910162545    11.0   13.0
 11 3005.454579 8.113E-23 4.708E-01.03750.196 1045.05800.45-.010546          0 2 0          0 0 0  5  5  0        6  6  1      587777835910162545    33.0   39.0
 11 3005.463071 3.259E-29 1.237E-01.01590.195 3812.04690.04-.005380          0 2 0          0 0 0 17  3 15       17  4 14      434233837260713049    35.0   35.0
 11 3005.535129 3.038E-28 1.813E-06.07630.371  888.63270.67-.005790          0 2 0          0 0 0  7  2  6        6  5  1      534223837260713049    15.0   13.0
 11 3005.817644 9.892E-29 1.245E-01.01590.195 3810.93670.04-.002700          0 2 0          0 0 0 17  2 15       17  3 14      434233837260713049   105.0  105.0
 11 3005.930444 2.799E-28 6.958E-06.06740.315 1477.29740.65-.010760          0 2 0          0 0 0 10  2  9        9  5  4      534223837260713049    63.0   57.0
 11 3005.970772 1.126E-26 2.151E+00.03990.250 3127.80320.380.001000          0 0 1          0 0 0 12  6  7       13  8  6      464423807260713059    25.0   27.0
 11 3006.201423 1.089E-27 6.416E-05.04830.281 1690.66440.470.001050          0 2 0          0 0 0 12  1 12       11  2  9      534223837260713049    75.0   69.0
 11 3006.407652 1.748E-28 7.283E-05.07150.315 1810.58330.67-.010060          0 0 1          0 0 0  9  1  8        9  7  3      534233837260713049    19.0   19.0
 11 3006.426309 1.677E-25 1.099E-01.03180.220 1960.20740.270.000000          0 2 0          0 0 0 12  1 11       12  2 10      574723835960163059    25.0   25.0
 11 3006.477978 2.094E-29 2.116E+00.06940.250 4643.87080.660.002100          0 1 1          0 1 0 12  5  7       13  7  6      434233837294713152    75.0   81.0
 11 3006.510794 1.915E-30 1.216E+00.04030.183 4865.22650.70-.028000          0 0 1          0 0 0 17  5 12       18  7 11      432230837265713049    35.0   37.0
 11 3006.975017 2.555E-25 2.936E-01.09420.425 1813.78760.72-.005000          0 3 0          0 1 0  3  1  3        3  2  2      474723835994163159     7.0    7.0
 11 3007.127737 9.140E-26 7.379E-03.07290.352 1394.81420.700.000800          1 0 0          0 0 0  6  4  2        7  7  1      564423835960713059    13.0   15.0
 11 3007.668026 2.175E-30 8.167E-07.07110.298 2054.34520.69-.008740          0 0 1          0 0 0 11  1 11       10  7  4      532230837260713049    69.0   63.0
 11 3007.694779 6.205E-30 2.162E-07.06460.315 1477.29740.600.000000          1 0 0          0 0 0  7  3  4        9  5  4     q5422308079917122 0    45.0   57.0
 11 3007.778970 6.103E-29 2.601E-07.08070.371 1045.05800.730.001470          0 2 0          0 0 0  7  3  4        6  6  1      532230837260713049    45.0   39.0
 11 3007.789012 2.154E-28 2.091E-03.06440.250 2756.41530.66-.019460          0 0 1          0 0 0 13  2 12       13  6  7      434233837260713049    81.0   81.0
 11 3007.962501 3.052E-29 2.387E-01.04700.195 4174.28750.460.013430          0 2 0          0 0 0 16  6 11       17  5 12      434233837260713049    99.0  105.0
 11 3008.240530 2.940E-26 1.019E+00.03720.281 2740.42080.40-.000400          0 0 1          0 0 0 10  7  4       11  9  3      554423835960713059    21.0   23.0
 11 3008.253538 8.771E-29 6.839E-08.08070.333  744.16270.720.001910          0 1 0          0 0 0  9  8  1        8  1  8      572230807260713049    57.0   51.0
 11 3008.277610 8.460E-26 9.772E-01.03720.203 2740.42090.40-.000500          0 0 1          0 0 0 10  7  3       11  9  2      564723835960163059    63.0   69.0
 11 3008.350337 2.277E-28 3.036E-01.10360.480 3196.09340.75-.002720          0 4 0          0 2 0  2  0  2        1  1  1      434233837294713152     5.0    3.0
 11 3008.391965 1.138E-28 9.838E-07.06960.352 1216.19450.66-.004740          0 2 0          0 0 0  8  3  6        7  6  1      532230837260713049    51.0   45.0
 11 3009.054900 5.890E-28 1.111E-01.05240.281 3314.85560.48-.008870          1 1 0          0 1 0 10  1 10       11  2  9      434223837294713152    63.0   69.0
 11 3009.142215 1.333E-27 7.749E-04.06360.281 2144.04630.63-.017620          1 0 0          0 0 0 11  1 10       11  6  5      534223837360713049    69.0   69.0
 11 3009.404508 6.911E-29 2.800E-01.05540.265 3738.54320.51-.004400          1 1 0          0 1 0 11  2 10       12  3  9      434233837294713152    23.0   25.0
 11 3009.652682 4.309E-23 7.475E-02.05590.324  885.60020.51-.004670          0 2 0          0 0 0  8  1  8        8  2  7      587777835910162545    51.0   51.0
 11 3009.806634 5.859E-30 8.402E-07.06420.333 1590.69070.65-.001860          0 2 0          0 0 0  9  4  6        8  7  1      532230837260713049    19.0   17.0
 11 3010.036465 1.469E-30 8.310E-04.05130.265 3592.42390.560.005810          0 2 0          0 1 0 13  8  5       12  3 10      432230837294713152    81.0   75.0
 11 3010.192480 7.115E-29 1.699E+00.04780.265 4329.32430.45-.010860          0 1 1          0 1 0 11  5  7       12  7  6      434233837294713152    69.0   75.0
 11 3010.232438 6.479E-22 2.367E-01.08570.425  382.51690.720.001630          0 2 0          0 0 0  3  2  1        4  3  2      587777835910162545    21.0   27.0
 11 3010.681432 4.193E-31 2.178E-03.04690.281 3770.72440.580.000000          0 1 1          0 1 0 10  3  8       10  7  3      4333308387659336 0    21.0   21.0
 11 3010.941800 1.819E-27 1.392E+00.04080.221 3443.19190.40-.021470          0 0 1          0 0 0 14  4 11       15  6 10      434223837260713049    29.0   31.0
 11 3011.027577 3.730E-26 2.384E+00.04450.250 3127.86190.430.003000          0 0 1          0 0 0 12  6  6       13  8  5      444423835960713059    75.0   81.0
 11 3011.167622 8.406E-29 4.975E-03.04890.250 3127.86190.51-.016230          0 0 1          0 0 0 13  4 10       13  8  5      534233837260713049    81.0   81.0
 11 3011.277446 4.189E-23 2.441E-01.05980.346  882.89030.500.002267          0 2 0          0 0 0  7  2  6        8  1  7      587777835910162545    15.0   17.0
 11 3011.316502 5.715E-29 1.756E-04.07870.371 2398.38150.68-.007660          0 3 0          0 1 0  7  1  6        6  4  3      434243837294713152    45.0   39.0
 11 3011.348464 1.037E-29 7.758E-08.08160.333  982.91170.740.002350          0 1 0          0 0 0  9  9  1        8  2  6      572230837260713049    19.0   17.0
 11 3011.780480 1.056E-25 3.540E-01.08230.373 2126.40770.68-.007400          0 3 0          0 1 0  5  2  4        5  3  3      564723835994163159    11.0   11.0
 11 3011.897904 8.663E-28 3.510E-06.07170.352 1059.83550.65-.007490          0 2 0          0 0 0  8  2  7        7  5  2      534223837260713049    51.0   45.0
 11 3011.908571 1.495E-23 7.690E-02.05950.351  882.89030.550.000435          0 2 0          0 0 0  8  0  8        8  1  7      587777835910162545    17.0   17.0
 11 3012.068126 1.071E-25 1.111E+00.02370.298 2471.25500.25-.009500          0 2 0          0 0 0  9  8  2       10  9  1      464423837260713059    19.0   21.0
 11 3012.068158 3.110E-25 1.076E+00.02180.150 2471.25500.93-.004930          0 2 0          0 0 0  9  8  1       10  9  2      477777835910162545    57.0   63.0
 11 3012.232108 1.948E-23 5.260E-01.03410.186 1394.81420.61-.010595          0 2 0          0 0 0  6  6  1        7  7  0      587777835910162545    39.0   45.0
 11 3012.329381 1.858E-28 5.243E-06.06850.333 1255.91160.64-.009190          0 2 0          0 0 0  9  2  8        8  5  3      532230837260713049    19.0   17.0
 11 3012.343433 7.042E-24 5.705E-01.03000.171 1394.81420.67-.012021          0 2 0          0 0 0  6  6  0        7  7  1      587777835910162545    13.0   15.0
 11 3012.346448 2.698E-30 1.458E-07.06460.315 1340.88490.600.000000          1 0 0          0 0 0  7  2  6        9  4  6     q5322308079917122 0    15.0   19.0
 11 3012.376501 1.987E-22 3.644E-01.06490.309  488.13420.65-.004130          0 2 0          0 0 0  3  3  1        4  4  0      587777835910162545     7.0    9.0
 11 3012.530961 5.961E-22 3.644E-01.06410.304  488.10770.61-.002798          0 2 0          0 0 0  3  3  0        4  4  1      587777835910162545    21.0   27.0
 11 3012.543245 3.548E-22 1.891E-01.08350.471  552.91140.65-.006290          0 2 0          0 0 0  5  1  4        6  2  5      587777835910162545    33.0   39.0
 11 3012.556778 1.066E-28 3.139E+00.03330.208 4207.56200.30-.013100          1 0 0          0 0 0 15  7  9       16  8  8      434233837360713049    31.0   33.0
 11 3012.616084 2.530E-25 1.650E-02.06650.251 1631.38300.61-.006000          1 0 0          0 0 0  8  3  6        9  6  3      554723835960163059    51.0   57.0
 11 3012.696011 2.583E-30 5.392E-05.05650.250 2927.94130.62-.017650          1 0 0          0 0 0 14  2 13       13  7  6      432230837360713049    87.0   81.0
 11 3012.910766 1.867E-30 4.629E-04.07450.333 3101.14220.67-.011220          1 1 0          0 1 0  8  1  7        8  6  2      432230837294713152    17.0   17.0
 11 3013.078972 9.777E-29 2.328E-08.08870.412  224.83840.710.000000          0 2 0          0 0 0  2  1  2        4  1  4     q5322308079917122 0    15.0   27.0
 11 3013.131472 3.718E-27 4.533E-01.05260.298 3224.54660.48-.010730          0 3 0          0 1 0 10  3  8       10  4  7      434223837294713152    63.0   63.0
 11 3013.164874 4.900E-26 4.485E-03.07580.315 1474.98080.67-.005000          0 0 1          0 0 0  8  1  8        9  5  5      554423835960713059    17.0   19.0
 11 3013.214608 1.837E-24 4.964E-02.07790.345 1394.81420.94-.008147          0 0 1          0 0 0  6  3  3        7  7  0      587777835910162545    39.0   45.0
 11 3013.518402 1.743E-24 8.049E-01.10220.480 1677.06150.75-.006300          0 3 0          0 1 0  1  0  1        2  1  2      474723805994163159     9.0   15.0
 11 3013.573208 2.013E-22 3.209E-01.05990.372  586.47920.41-.007044          0 2 0          0 0 0  6  0  6        7  1  7      587777835910162545    13.0   15.0
 11 3014.394951 1.693E-27 3.136E-03.05390.250 2414.72340.55-.005880          1 0 0          0 0 0 13  0 13       13  3 10      534223837360713049    81.0   81.0
 11 3014.432485 4.208E-28 4.452E-04.04910.235 2327.91400.560.012520          0 1 0          0 0 0 15  7  8       14  2 13      474223837260713049    93.0   87.0
 11 3014.488204 1.038E-27 4.956E+00.02850.221 4045.32180.24-.010720          1 0 0          0 0 0 14  8  7       15  9  6      434223837360713049    87.0   93.0
 11 3014.647945 3.484E-28 4.990E+00.02870.221 4045.28560.25-.010420          1 0 0          0 0 0 14  8  6       15  9  7      434223837360713049    29.0   31.0
 11 3014.719580 2.795E-28 3.465E-04.06790.298 2054.36870.66-.015170          1 0 0          0 0 0 10  2  8       10  7  3      534223837360713049    21.0   21.0
 11 3014.771710 2.030E-30 1.391E-09.09400.434  285.21930.730.000000          0 2 0          0 0 0  3  1  3        3  3  1     q5222308079917122 0     7.0    7.0
 11 3015.022658 1.646E-29 2.953E-01.08780.391 4076.89590.69-.003470          0 2 1          0 0 1  4  0  4        5  1  5      434223837294713152    27.0   33.0
 11 3015.615312 6.084E-22 3.234E-01.05900.376  586.24350.41-.004004          0 2 0          0 0 0  6  1  6        7  0  7      587777835910162545    39.0   45.0
 11 3015.699940 3.189E-29 6.849E-04.08500.371 2733.96270.72-.006450          0 1 1          0 1 0  5  2  4        6  6  1      434233837294713152    33.0   39.0
 11 3015.731971 4.471E-30 1.857E-01.08120.371 4290.75700.660.002950          0 2 1          0 0 1  5  2  4        6  1  5      432230837294713152    33.0   39.0
 11 3015.783028 2.988E-29 1.029E-08.08870.412  300.36230.710.000000          0 2 0          0 0 0  2  2  1        4  2  3     q5322308079917122 0    15.0   27.0
 11 3015.913959 3.509E-30 3.654E+00.06460.221 5152.96440.64-.024820          1 1 0          0 1 0 14  5 10       15  6  9      432230837294713152    87.0   93.0
 11 3015.938734 1.579E-27 8.465E-02.05530.235 2880.83420.530.012590          0 2 0          0 0 0 13  5  9       14  4 10      434223837260713049    27.0   29.0
 11 3016.072111 1.264E-29 2.277E-01.09690.434 3956.66580.74-.002380          0 2 1          0 0 1  2  1  1        3  2  2      434223837294713152    15.0   21.0
 11 3016.153031 2.074E-30 6.128E-08.06460.315 1216.23130.600.000000          1 0 0          0 0 0  7  1  7        9  3  7     q5322308079917122 0    15.0   19.0
 11 3016.194487 1.611E-28 4.759E-06.08290.352 1216.18980.71-.007510          1 0 0          0 0 0  7  1  7        7  6  2      532230837360713049    15.0   15.0
 11 3016.273103 3.685E-25 4.472E-01.09590.455 1875.46970.73-.002500          0 3 0          0 1 0  4  0  4        4  1  3      574723835994163159     9.0    9.0
 11 3016.575781 4.502E-25 3.416E-01.08360.399 2004.81570.91-.007500          0 3 0          0 1 0  4  2  3        4  3  2      577773835910162559    27.0   27.0
 11 3016.581100 3.272E-30 2.312E-09.08330.391  610.34120.690.000000          0 2 0          0 0 0  5  2  3        5  4  1     q5322308079917122 0    33.0   33.0
 11 3016.600354 4.833E-28 5.627E+00.04630.208 4016.13450.45-.020940          1 0 0          0 0 0 15  6 10       16  7  9      434223837360713049    31.0   33.0
 11 3016.629255 4.274E-28 4.181E+00.03700.208 4206.33130.34-.004550          1 0 0          0 0 0 15  7  8       16  8  9      434223837360713049    93.0   99.0
 11 3016.717934 6.825E-25 2.602E-01.09200.445 1742.30560.62-.003600          0 3 0          0 1 0  2  1  2        2  2  1      587773835910162559    15.0   15.0
 11 3016.870555 2.484E-28 7.803E-04.04280.235 2551.48350.490.009620          0 1 0          0 0 0 15  8  7       14  3 12      474233837260713049    93.0   87.0
 11 3016.906583 4.265E-30 9.621E-02.07650.371 4199.39090.63-.004740          1 2 0          1 0 0  6  1  6        6  2  5      432230837294713152    39.0   39.0
 11 3017.105428 1.912E-25 5.735E-01.08220.442 2392.59250.68-.003500          0 3 0          0 1 0  7  1  6        7  2  5      474723835994163159    45.0   45.0
 11 3017.119271 9.994E-30 3.322E-01.08780.391 3977.45640.69-.003470          1 2 0          1 0 0  4  0  4        5  1  5      434223837294713152     9.0   11.0
 11 3017.147645 7.335E-31 7.962E-02.08200.413 4296.56340.680.000000          0 2 1          0 0 1  6  1  6        6  2  5      4333308387659336 0    13.0   13.0
 11 3017.158906 1.057E-29 4.271E-04.04850.265 3032.68980.51-.003380          1 0 0          0 0 0 12  6  7       12  9  4      532230837360713049    75.0   75.0
 11 3017.268872 3.652E-30 1.217E-06.05930.315 2009.80510.640.000170          0 2 0          0 0 0 10  5  6        9  8  1      532230837260713049    63.0   57.0
 11 3017.478738 9.611E-30 3.602E-02.06200.265 3738.54320.59-.004700          1 1 0          0 1 0 12  0 12       12  3  9      434233837294713152    25.0   25.0
 11 3017.491815 4.287E-29 1.208E-02.08260.333 3101.14220.70-.009160          0 1 1          0 1 0  7  2  5        8  6  2      434233837294713152    15.0   17.0
 11 3017.595867 8.853E-30 1.533E-03.05230.250 3347.78340.540.001560          1 0 0          0 0 0 13  6  7       13  9  4      432230837360713049    81.0   81.0
 11 3017.672097 1.093E-29 2.504E-04.07520.281 2915.87430.670.000520          0 0 1          0 1 0 12  4  8       11  0 11      534233837294713152    75.0   69.0
 11 3017.672230 1.065E-28 1.105E+00.06130.250 4174.03860.56-.006290          1 1 0          0 1 0 12  3 10       13  4  9      434233837294713152    75.0   81.0
 11 3017.884889 7.155E-30 2.407E-01.09690.434 3858.87550.74-.002380          1 2 0          1 0 0  2  1  1        3  2  2      432230837294713152     5.0    7.0
 11 3017.913380 2.854E-29 5.465E-01.04040.250 4074.03860.39-.018050          0 1 1          0 1 0 12  2 11       13  4 10      434233837294713152    25.0   27.0
 11 3018.012131 6.671E-31 4.553E-01.06240.323 4752.73290.620.000000          0 4 0          0 2 0  9  4  6       10  3  7      4333308387659336 0    19.0   21.0
 11 3018.180825 4.810E-26 4.470E-01.03450.235 2746.02350.34-.002000          0 0 1          0 0 0 13  2 12       14  4 11      464423835960713059    81.0   87.0
 11 3018.416906 1.805E-27 5.775E-01.06150.281 3441.03950.550.002690          0 3 0          0 1 0 11  2  9       11  3  8      434223837294713152    69.0   69.0
 11 3018.582228 7.152E-30 8.678E-04.05280.265 3032.69040.550.000230          1 0 0          0 0 0 12  6  6       12  9  3      432230837360713049    25.0   25.0
 11 3018.622000 1.095E-28 9.804E-02.07550.298 3387.40070.69-.016710          0 1 1          0 1 0  9  1  8       10  5  5      434233837294713152    19.0   21.0
 11 3018.634317 4.103E-31 9.351E-03.02470.182 4201.25140.150.000000          0 1 0          0 0 0 19  8 12       18  3 15      4333308387659336 0    39.0   37.0
 11 3018.704276 5.922E-28 1.310E-01.01870.208 3439.30680.09-.005990          0 2 0          0 0 0 16  3 14       16  4 13      434223837260713049    99.0   99.0
 11 3018.748519 1.379E-28 7.901E-02.09720.456 3316.14530.74-.002650          0 4 0          0 2 0  3  1  2        2  2  1      434223837294713152    21.0   15.0
 11 3019.098432 7.970E-27 7.787E-01.04590.221 3244.60060.45-.004450          0 0 1          0 0 0 14  2 12       15  4 11      434223837260713049    87.0   93.0
 11 3019.211605 2.006E-27 9.366E+00.01210.265 3766.38720.05-.014960          1 0 0          0 0 0 11 11  1       12 12  0      434223837360713049    23.0   25.0
 11 3019.211605 6.017E-27 9.365E+00.01210.265 3766.38720.05-.014960          1 0 0          0 0 0 11 11  0       12 12  1      434223837360713049    69.0   75.0
 11 3019.410548 1.255E-25 2.292E-01.08650.385 1907.45140.70-.003900          0 3 0          0 1 0  3  2  2        3  3  1      564723835994163159     7.0    7.0
 11 3019.462214 2.017E-28 1.326E-01.01950.208 3437.27720.11-.002000          0 2 0          0 0 0 16  2 14       16  3 13      434233837260713049    33.0   33.0
 11 3019.603876 1.244E-28 5.903E-04.04380.208 2660.94600.52-.003110          0 1 0          0 0 0 17  4 13       16  1 16      474233837260713049   105.0   99.0
 11 3019.626044 1.057E-30 2.641E-03.03590.235 3685.41920.670.008160          1 0 0          0 0 0 14  6  8       14  9  5      432230837365713049    29.0   29.0
 11 3019.894978 6.131E-29 1.538E-06.07040.315 1477.29740.73-.004470          0 1 0          0 0 0 10 10  1        9  5  4      572230837260713049    63.0   57.0
 11 3019.909616 1.991E-29 1.166E-02.03610.208 3639.53800.42-.017300          0 0 1          0 0 0 16  1 15       16  5 12      434233837260713049    99.0   99.0
 11 3020.127790 3.633E-27 4.567E-01.05960.315 2983.32310.54-.010600          0 3 0          0 1 0  9  3  7        9  4  6      434223837294713152    19.0   19.0
 11 3020.185259 1.109E-30 9.241E-04.04170.235 3685.40830.61-.000660          0 0 1          0 0 0 14  5  9       14  9  6      432230837265713049    87.0   87.0
 11 3020.528438 3.840E-25 2.866E-01.08040.417 2000.86300.550.001500          0 3 0          0 1 0  4  2  3        5  1  4      477773835910162559    27.0   33.0
 11 3020.578726 5.574E-30 3.000E-01.08450.391 4076.14330.67-.002120          0 2 1          0 0 1  4  1  4        5  0  5      432230837294713152     9.0   11.0
 11 3020.779729 6.911E-30 4.468E-04.07910.371 2733.96290.70-.004730          1 1 0          0 1 0  5  3  3        6  6  0      432230837294713152    11.0   13.0
 11 3020.981688 1.152E-29 3.676E-04.05170.281 2740.42080.56-.002350          1 0 0          0 0 0 11  6  6       11  9  3      534233837360713049    23.0   23.0
 11 3021.104729 1.577E-29 7.595E-07.07120.333 1590.69010.690.005670          0 2 0          0 0 0  9  4  5        8  7  2      532230837260713049    57.0   51.0
 11 3021.310936 5.824E-25 1.155E-01.03530.242 1695.06860.49-.009621          0 2 0          0 0 0 11  2 10       11  3  9      587777835910162545    23.0   23.0
 11 3021.534232 3.707E-28 9.839E-04.08230.352 2392.59250.69-.000010          0 3 0          0 1 0  8  1  8        7  2  5      434223837294713152    51.0   45.0
 11 3021.638994 4.289E-29 4.564E-04.05390.281 2740.42090.57-.000900          1 0 0          0 0 0 11  6  5       11  9  2      434233837360713049    69.0   69.0
 11 3021.771081 4.538E-27 6.176E+00.01780.265 3512.40490.13-.013410          1 0 0          0 0 0 11 10  2       12 11  1      434223837360713049    23.0   25.0
 11 3021.771083 1.361E-26 6.174E+00.01780.265 3512.40490.13-.004000          1 0 0          0 0 0 11 10  1       12 11  2      464423837360713059    69.0   75.0
 11 3022.211572 2.056E-29 1.533E-06.06840.315 1474.98080.72-.004060          0 1 0          0 0 0 10 10  0        9  5  5      572230837260713049    21.0   19.0
 11 3022.269418 1.057E-28 3.084E-01.06770.281 3650.50900.64-.023760          1 1 0          0 1 0 10  2  8       11  5  7      434233837294713152    21.0   23.0
 11 3022.338572 2.670E-30 2.050E-01.08120.371 4190.26220.660.002950          1 2 0          1 0 0  5  2  4        6  1  5      432230837294713152    11.0   13.0
 11 3022.366282 1.789E-22 1.811E-01.08980.481  416.20870.72-.003711          0 2 0          0 0 0  4  1  3        5  2  4      587777835910162545     9.0   11.0
 11 3022.392377 4.242E-28 8.501E-03.04540.235 2918.24490.49-.018930          1 0 0          0 0 0 14  2 13       14  5 10      434223837360713049    87.0   87.0
 11 3022.434891 2.455E-29 1.774E+00.06750.265 4329.49580.650.001670          0 1 1          0 1 0 11  5  6       12  7  5      434233837294713152    23.0   25.0
 11 3022.609461 3.710E-30 6.879E-09.07340.352  842.35660.650.000000          0 2 0          0 0 0  6  3  4        7  3  4     q5322308079917122 0    39.0   45.0
 11 3022.664973 2.108E-23 1.716E-01.07200.384 1201.92150.650.004792          0 2 0          0 0 0  8  3  6        9  2  7      587777835910162545    51.0   57.0
 11 3022.939645 1.904E-30 5.866E-05.07160.333 2919.63300.65-.010940          0 3 0          0 1 0  9  2  7        8  5  4      432230837294713152    57.0   51.0
 11 3023.149878 1.546E-24 7.430E-01.02200.333 1789.04280.45-.011500          0 2 0          0 0 0  7  7  1        8  8  0      564423837233712759    15.0   17.0
 11 3023.149902 4.493E-24 7.198E-01.02410.149 1789.04280.71-.012918          0 2 0          0 0 0  7  7  0        8  8  1      587777835910162545    45.0   51.0
 11 3023.609113 3.167E-27 6.250E-05.05240.298 1446.12820.50-.004640          0 2 0          0 0 0 11  0 11       10  3  8      534223837260713049    69.0   63.0
 11 3023.655820 4.201E-25 2.567E-01.08400.390 1907.61570.69-.002200          0 3 0          0 1 0  3  2  1        3  3  0      577773835910162559    21.0   21.0
 11 3023.810413 5.750E-26 2.077E+00.02010.120 2972.82740.20-.005500          0 2 0          0 0 0 10  9  2       11 10  1      564723835960163059    63.0   69.0
 11 3023.810416 1.904E-26 2.063E+00.02010.281 2972.82740.20-.001090          0 2 0          0 0 0 10  9  1       11 10  2      564426837260713049    21.0   23.0
 11 3024.143115 3.045E-29 3.371E-01.08450.391 3976.30810.67-.002120          1 2 0          1 0 0  4  1  4        5  0  5      434243837294713152    27.0   33.0
 11 3024.154597 1.877E-24 1.216E-01.04010.257 1690.66440.490.000503          0 2 0          0 0 0 11  1 10       11  2  9      587777835910162545    69.0   69.0
 11 3024.173178 7.564E-31 4.328E-05.07020.339 2841.43080.630.000000          1 0 0          0 1 0 10  8  2        9  3  7      4333308387659336 0    21.0   19.0
 11 3024.368995 5.661E-28 4.821E+00.02610.235 3922.33110.24-.011740          1 0 0          0 0 0 13  9  5       14 10  4      434223837360713049    27.0   29.0
 11 3024.371242 1.698E-27 4.821E+00.02610.235 3922.33060.24-.011740          1 0 0          0 0 0 13  9  4       14 10  5      434223837360713049    81.0   87.0
 11 3024.421032 1.712E-28 1.508E-01.09740.434 3334.62660.740.002740          0 4 0          0 2 0  2  2  1        3  1  2      434263837294713152    15.0   21.0
 11 3024.472667 1.636E-30 1.064E-01.08210.371 4190.26220.670.001610          1 2 0          1 0 0  6  0  6        6  1  5      432230837294713152    13.0   13.0
 11 3024.494011 3.365E-30 2.213E-09.08870.412  275.49700.710.000000          0 2 0          0 0 0  3  1  3        4  1  3     q5222308079917122 0     7.0    9.0
 11 3024.660239 2.884E-29 3.163E-02.08710.434 3500.63870.70-.003580          0 4 0          0 2 0  4  2  3        3  3  0      434263837294713152    27.0   21.0
 11 3024.756783 1.706E-26 4.626E-01.03760.235 2739.42850.370.001000          0 0 1          0 0 0 13  1 12       14  3 11      564423837260713059    27.0   29.0
 11 3024.795260 1.246E-28 1.464E-02.07580.333 2920.13210.66-.012510          1 1 0          0 1 0  7  2  6        8  5  3      434233837294713152    15.0   17.0
 11 3025.298628 3.995E-29 2.424E-06.06410.333 1411.64190.62-.006930          0 2 0          0 0 0  9  3  7        8  6  2      532230837260713049    19.0   17.0
 11 3025.416762 2.758E-26 4.479E-01.06580.333 2764.69740.59-.010200          0 3 0          0 1 0  8  3  6        8  4  5      464423837294713159    51.0   51.0
 11 3025.457039 3.523E-30 3.570E-02.01960.208 4237.32090.15-.008880          0 0 1          0 1 0 17  3 15       16  1 16      432230837294713152   105.0   99.0
 11 3025.478854 1.190E-30 3.617E-02.01890.208 4237.32040.12-.011270          0 0 1          0 1 0 17  2 15       16  0 16      432230837294713152    35.0   33.0
 11 3025.625473 1.892E-27 1.282E+00.10570.480 3175.44120.770.006950          0 4 0          0 2 0  1  1  0        1  0  1      434223837294713152     9.0    9.0
 11 3025.656757 9.098E-28 2.288E-04.07550.298 1724.70540.69-.011920          1 0 0          0 0 0 10  0 10       10  5  5      534223837360713049    21.0   21.0
 11 3025.725501 5.918E-29 1.869E-04.05530.298 2471.25500.61-.002330          1 0 0          0 0 0 10  6  5       10  9  2      534233837360713049    63.0   63.0
 11 3025.760939 5.465E-22 1.234E-01.09910.471  212.15640.75-.005569          0 2 0          0 0 0  2  1  2        3  2  1      587777835910162545    15.0   21.0
 11 3025.960247 2.104E-29 1.994E-04.05630.298 2471.25500.61-.001860          1 0 0          0 0 0 10  6  4       10  9  1      534233837360713049    21.0   21.0
 11 3026.008175 4.684E-31 4.853E-01.04750.219 4938.25370.440.000000          0 3 0          0 1 0 15  4 12       15  5 11      4333308387659336 0    31.0   31.0
 11 3026.156900 6.319E-30 2.208E-02.03990.208 4006.07320.43-.024200          1 0 0          0 0 0 16  4 13       16  7 10      432230837360713049    99.0   99.0
 11 3026.307721 2.859E-28 9.572E-01.05370.208 3758.39680.51-.010020          0 0 1          0 0 0 15  3 12       16  5 11      434223837260713049    31.0   33.0
 11 3026.441585 7.020E-26 1.347E-01.07300.281 2142.59770.66-.004000          1 0 0          0 0 0 10  3  7       11  6  6      564423835960713059    21.0   23.0
 11 3026.553932 1.277E-29 2.753E-01.10030.456 3887.11420.75-.005700          0 2 1          0 0 1  1  1  1        2  2  0      434233837294713152     9.0   15.0
 11 3026.570836 2.097E-30 1.238E-03.06750.315 3526.62750.64-.008860          0 1 1          0 1 0  9  3  7        9  7  2      432230837294713152    57.0   57.0
 11 3026.827509 3.590E-25 6.327E-03.08350.441 1360.23530.71-.004000          1 0 0          0 0 0  8  1  8        9  4  5      574723835960163059    51.0   57.0
 11 3026.962651 5.755E-29 1.654E+00.02660.235 4172.15250.34-.005320          0 2 0          0 0 0 13 10  4       14 11  3      434233837260713049    27.0   29.0
 11 3026.962730 1.726E-28 1.653E+00.02660.235 4172.15250.34-.005310          0 2 0          0 0 0 13 10  3       14 11  4      434233837260713049    81.0   87.0
 11 3027.013601 2.203E-25 1.419E-01.06960.323 2144.04630.66-.010000          0 0 1          0 0 0 10  2  8       11  6  5      574723835960163059    63.0   69.0
 11 3027.066100 4.950E-30 1.071E-04.08230.371 2733.96270.72-.004190          1 1 0          0 1 0  5  3  2        6  6  1      432230837294713152    33.0   39.0
 11 3027.111634 9.293E-28 1.308E-04.07420.315 1810.58790.69-.012040          1 0 0          0 0 0  9  2  7        9  7  2      534223837360713049    57.0   57.0
 11 3027.126889 1.514E-24 5.526E-01.09520.473 1731.89670.91-.001886          0 3 0          0 1 0  2  1  2        3  0  3      587777835910162545    15.0   21.0
 11 3027.317843 3.766E-30 3.893E+00.03110.250 5119.37560.30-.010830          1 1 0          0 1 0 12  8  5       13  9  4      432230837294713152    75.0   81.0
 11 3027.325241 1.256E-30 3.895E+00.03110.250 5119.37420.30-.010820          1 1 0          0 1 0 12  8  4       13  9  5      432230837294713152    25.0   27.0
 11 3027.675082 1.651E-29 3.119E-04.07340.352 2569.50800.65-.009360          0 3 0          0 1 0  8  1  7        7  4  4      434223837294713152    17.0   15.0
 11 3027.782200 2.093E-26 2.431E+00.04170.235 3264.33740.39-.002000          0 0 1          0 0 0 13  5  9       14  7  8      464423837260713059    81.0   87.0
 11 3027.792522 1.731E-25 3.991E-01.08960.373 2005.91700.72-.002100          0 3 0          0 1 0  4  2  2        4  3  1      564723835994163159     9.0    9.0
 11 3028.110189 5.997E-30 8.117E-08.07340.352 1216.19450.650.000000          0 0 1          0 0 0  5  3  3        7  6  1     q5322308079917122 0    33.0   45.0
 11 3028.237084 6.590E-25 3.536E-01.04640.287 2124.95140.67-.021211          1 0 0          0 0 0 11  1 10       12  4  9      587777835910162545    69.0   75.0
 11 3028.261374 2.524E-25 8.041E-02.07820.413 1998.99530.850.000000          0 0 1          0 0 0 10  1  9       11  5  6      567773835910162559    63.0   69.0
 11 3028.334041 8.638E-29 3.635E-03.05320.265 2813.52870.55-.012910          0 0 1          0 0 0 12  4  9       12  8  4      534233837260713049    25.0   25.0
 11 3028.341572 7.179E-30 2.899E-01.10030.456 3789.96940.75-.005700          1 2 0          1 0 0  1  1  1        2  2  0      432230837294713152     3.0    5.0
 11 3028.388100 1.474E-29 1.662E+00.04880.250 4437.39980.47-.020320          0 1 1          0 1 0 12  4  9       13  6  8      434233837294713152    25.0   27.0
 11 3028.547667 5.908E-29 1.844E-08.09400.434  173.36580.730.000000          0 2 0          0 0 0  1  1  0        3  1  2     q5322308079917122 0     9.0   21.0
 11 3028.878994 1.345E-25 5.827E-01.08860.385 2211.19060.71-.003700          0 3 0          0 1 0  6  1  5        6  2  4      464723835994163159    13.0   13.0
 11 3028.907886 1.230E-24 1.589E-01.06840.364 1813.22340.650.005635          0 2 0          0 0 0 10  4  7       11  3  8      587777835910162545    63.0   69.0
 11 3029.001708 6.974E-30 1.935E+00.06930.235 4638.35060.66-.018330          1 1 0          0 1 0 13  4 10       14  5  9      432230837294713152    27.0   29.0
 11 3029.068901 5.335E-30 4.803E-07.06350.265 1774.75110.690.002580          0 1 0          0 0 0 12  9  4       12  2 11      472230837260713049    75.0   75.0
 11 3029.069836 1.977E-26 4.237E-01.06970.352 2569.50800.62-.009600          0 3 0          0 1 0  7  3  5        7  4  4      464423837294713159    15.0   15.0
 11 3029.198970 4.457E-31 6.029E-03.03970.222 4045.28560.360.000000          0 0 1          0 0 0 15  5 10       15  9  7      4333308387659336 0    31.0   31.0
 11 3029.847886 2.352E-27 6.426E-01.07010.298 3162.25890.61-.002320          0 3 0          0 1 0 10  2  8       10  3  7      434223837294713152    21.0   21.0
 11 3029.910571 3.300E-23 8.385E-02.06620.376  709.60820.54-.005018          0 2 0          0 0 0  7  1  7        7  2  6      587777835910162545    15.0   15.0
 11 3030.049228 5.303E-30 1.259E-04.06180.298 2904.42840.610.004600          1 0 0          0 1 0 11  7  4       10  2  9      532230837294713152    69.0   63.0
 11 3030.160930 4.451E-31 3.476E+00.05630.221 5339.48800.420.000000          1 1 0          0 1 0 14  6  8       15  7  9      4333308387659336 0    29.0   31.0
 11 3030.167127 6.489E-30 2.795E-01.09460.412 3977.26160.73-.004230          0 2 1          0 0 1  3  0  3        4  1  4      432230837294713152     7.0    9.0
 11 3030.180995 3.663E-28 6.484E-05.07420.315 1631.24550.68-.009510          0 0 1          0 0 0  9  0  9        9  6  4      534223837260713049    19.0   19.0
 11 3030.262980 6.609E-30 6.129E-08.06460.315 1201.92150.600.000000          1 0 0          0 0 0  7  0  7        9  2  7     q5322308079917122 0    45.0   57.0
 11 3030.668049 3.817E-30 8.709E-02.08400.391 4165.47380.67-.004930          0 2 1          0 0 1  5  1  5        5  2  4      432230837294713152    33.0   33.0
 11 3030.726687 1.015E-21 3.283E-01.08340.404  285.41860.68-.003007          0 2 0          0 0 0  2  2  1        3  3  0      587777835910162545    15.0   21.0
 11 3030.912255 1.715E-29 5.456E-05.05990.315 2225.46920.67-.002250          1 0 0          0 0 0  9  6  4        9  9  1      534233837360713049    19.0   19.0
 11 3030.979474 5.232E-29 5.549E-05.06020.315 2225.46920.67-.002120          1 0 0          0 0 0  9  6  3        9  9  0      534233837360713049    57.0   57.0
 11 3031.045933 7.278E-29 4.025E-04.04690.250 2426.19650.520.003590          0 1 0          0 0 0 14  9  5       13  4 10      474233837260713049    29.0   27.0
 11 3031.084919 1.636E-27 2.897E-05.09030.371 1045.05830.73-.007550          0 0 1          0 0 0  5  0  5        6  6  0      534223837260713049    11.0   13.0
 11 3031.202382 9.485E-29 1.334E+00.06940.195 4291.90720.68-.024510          0 0 1          0 0 0 16  4 12       17  6 11      434233837260713049    99.0  105.0
 11 3031.252203 1.568E-28 3.716E-06.08430.352 1394.81420.73-.007190          1 0 0          0 0 0  7  2  5        7  7  0      532230837360713049    45.0   45.0
 11 3031.312939 1.108E-25 3.981E-01.07180.303 2398.38150.62-.009000          0 3 0          0 1 0  6  3  4        6  4  3      464723835994163159    39.0   39.0
 11 3031.318045 2.451E-28 3.255E-01.05500.281 3487.39920.52-.019940          1 1 0          0 1 0 10  1  9       11  4  8      434233837294713152    21.0   23.0
 11 3031.507138 1.044E-28 6.212E-01.04430.315 3752.41620.47-.004290          0 1 1          0 1 0  8  6  3        9  8  2      534233837294713152    17.0   19.0
 11 3031.535972 3.132E-28 6.212E-01.04450.315 3752.41620.47-.004220          0 1 1          0 1 0  8  6  2        9  8  1      434223837294713152    51.0   57.0
 11 3031.543362 1.796E-29 2.295E-06.05860.315 1810.58790.60-.003180          0 2 0          0 0 0 10  4  7        9  7  2      532230837260713049    63.0   57.0
 11 3031.603571 5.274E-30 1.932E-04.08070.352 2905.43350.70-.009340          1 1 0          0 1 0  7  1  6        7  6  1      432230837294713152    45.0   45.0
 11 3031.734124 9.517E-22 3.074E-01.07450.438  447.25240.56-.007740          0 2 0          0 0 0  5  0  5        6  1  6      587777835910162545    33.0   39.0
 11 3031.790958 1.101E-27 1.394E-01.02250.221 3083.86520.16-.006530          0 2 0          0 0 0 15  3 13       15  4 12      434223837260713049    31.0   31.0
 11 3031.822303 4.630E-25 1.587E+00.10320.447 1634.96710.75-.004400          0 3 0          0 1 0  0  0  0        1  1  1      464723835994163159     1.0    3.0
 11 3031.827960 1.182E-27 6.763E-05.05760.298 1437.96860.540.002270          0 2 0          0 0 0 11  1 11       10  2  8      434223837260713049    23.0   21.0
 11 3031.956727 2.234E-22 2.130E-01.07390.399  704.21410.580.002035          0 2 0          0 0 0  6  2  5        7  1  6      587777835910162545    39.0   45.0
 11 3031.962747 3.420E-30 1.392E-07.07340.352 1216.18980.650.000000          0 0 1          0 0 0  5  3  2        7  6  2     q5322308079917122 0    11.0   15.0
 11 3031.991301 3.432E-22 3.329E-01.08330.420  285.21930.70-.000177          0 2 0          0 0 0  2  2  0        3  3  1      587777835910162545     5.0    7.0
 11 3032.141150 1.160E-25 1.773E+00.04170.242 2813.51220.410.000000          0 0 1          0 0 0 11  6  6       12  8  5      564723835960163059    69.0   75.0
 11 3032.215402 1.921E-28 3.125E-05.07950.333 1590.69070.71-.009220          1 0 0          0 0 0  8  2  6        8  7  1      534233837360713049    17.0   17.0
 11 3032.254125 2.229E-29 1.619E-02.04370.221 3443.19190.48-.023140          1 0 0          0 0 0 15  3 13       15  6 10      434233837360713049    31.0   31.0
 11 3032.475917 1.153E-29 3.713E-09.08330.391  446.51070.690.000000          0 2 0          0 0 0  5  0  5        5  2  3     q5322308079917122 0    33.0   33.0
 11 3032.499483 1.800E-24 5.735E-01.09630.456 1772.41340.87-.004646          0 3 0          0 1 0  3  0  3        3  1  2      587777835910162545    21.0   21.0
 11 3032.502744 5.015E-26 3.134E-01.07170.391 2251.69530.63-.006800          0 3 0          0 1 0  5  3  3        5  4  2      464423837294713159    11.0   11.0
 11 3032.674625 3.530E-29 3.127E-01.09460.412 3877.57520.73-.004230          1 2 0          1 0 0  3  0  3        4  1  4      434243837294713152    21.0   27.0
 11 3032.698387 7.893E-28 2.114E-05.05990.281 1524.84790.640.004640          0 1 0          0 0 0 12  8  5       11  1 10      574223837260713049    75.0   69.0
 11 3032.715705 8.961E-28 2.711E-01.07170.298 3162.25890.640.004130          0 3 0          0 1 0  9  4  6       10  3  7      434223837294713152    19.0   21.0
 11 3032.893902 7.235E-28 1.112E+00.10380.456 3221.96120.760.004920          0 4 0          0 2 0  2  1  1        2  0  2      434223837294713152     5.0    5.0
 11 3033.042735 1.363E-25 1.918E-01.07440.255 2129.59920.66-.002700          0 3 0          0 1 0  4  3  2        4  4  1      564723835994163159    27.0   27.0
 11 3033.224727 6.260E-30 4.177E-01.03390.235 4585.34910.31-.009810          0 3 0          0 1 0 14  4 11       14  5 10      432230837294713152    87.0   87.0
 11 3033.331770 3.443E-27 1.428E-01.02440.221 3080.17870.19-.000710          0 2 0          0 0 0 15  2 13       15  3 12      434223837260713049    93.0   93.0
 11 3033.536932 4.296E-25 4.968E-01.08990.347 2130.49430.73-.002100          0 3 0          0 1 0  5  2  3        5  3  2      574723835994163159    33.0   33.0
 11 3033.612731 5.542E-28 3.008E-05.07700.333 1590.69010.70-.008360          0 0 1          0 0 0  8  1  7        8  7  2      534223837260713049    51.0   51.0
 11 3033.644956 4.500E-26 1.900E-01.07630.412 2129.61870.67-.000300          0 3 0          0 1 0  4  3  1        4  4  0      454423805994713159     9.0    9.0
 11 3033.713632 3.195E-25 3.717E-01.09920.436 1743.48630.75-.002200          0 3 0          0 1 0  2  1  1        2  2  0      464723835994163159     5.0    5.0
 11 3033.833817 5.212E-30 3.365E-01.09860.456 3885.73770.75-.002400          0 2 1          0 0 1  1  1  0        2  2  1      432230837294713152     3.0    5.0
 11 3033.902732 7.512E-29 3.180E-03.08550.352 2905.43350.72-.006600          0 1 1          0 1 0  6  2  4        7  6  1      434233837294713152    39.0   45.0
 11 3034.017259 4.030E-30 3.706E-05.05730.250 2756.41530.61-.017550          0 2 0          0 0 0 14  3 12       13  6  7      532230837260713049    87.0   81.0
 11 3034.138077 2.577E-30 1.086E-01.08400.391 4065.13180.67-.004930          1 2 0          1 0 0  5  1  5        5  2  4      432230837294713152    11.0   11.0
 11 3034.178934 4.059E-26 1.864E+00.04450.265 2813.52780.440.001000          0 0 1          0 0 0 11  6  5       12  8  4      464423807260713059    23.0   25.0
 11 3034.186693 1.268E-30 4.759E-01.05040.352 4578.88230.520.000300          0 4 0          0 2 0  7  5  3        7  6  2      432230837294713152    15.0   15.0
 11 3034.264265 7.565E-22 1.884E-01.09380.482  300.36230.72-.002587          0 2 0          0 0 0  3  1  2        4  2  3      587777835910162545    21.0   27.0
 11 3034.395101 1.067E-22 8.830E-02.07220.391  704.21410.550.000505          0 2 0          0 0 0  7  0  7        7  1  6      587777835910162545    45.0   45.0
 11 3034.401427 3.777E-30 4.728E-01.05070.352 4578.97780.520.000720          0 4 0          0 2 0  7  5  2        7  6  1      432230837294713152    45.0   45.0
 11 3034.700393 1.362E-25 2.844E-01.07610.236 2251.86250.66-.002000          0 3 0          0 1 0  5  3  2        5  4  1      564723835994163159    33.0   33.0
 11 3034.711751 1.216E-27 4.814E-01.09850.456 3237.91730.74-.001060          0 4 0          0 2 0  3  0  3        2  1  2      434223837294713152    21.0   15.0
 11 3034.946650 1.090E-29 3.609E-02.08990.434 3500.51070.72-.000010          0 4 0          0 2 0  4  2  2        3  3  1      434263837294713152     9.0    7.0
 11 3035.229630 1.450E-30 2.727E-01.05080.371 4407.15760.560.004390          0 4 0          0 2 0  6  5  1        6  6  0      432230837294713152    13.0   13.0
 11 3035.289600 4.410E-30 2.763E-01.05080.371 4407.04630.560.004210          0 4 0          0 2 0  6  5  2        6  6  1      432230837294713152    39.0   39.0
 11 3035.423077 2.621E-29 3.523E-01.09860.456 3788.69440.75-.002400          1 2 0          1 0 0  1  1  0        2  2  1      434223837294713152     9.0   15.0
 11 3035.553920 1.609E-29 6.346E-09.08330.391  446.51070.690.000000          0 2 0          0 0 0  4  2  3        5  2  3     q5322308079917122 0    27.0   33.0
 11 3035.601741 1.302E-30 1.852E-02.09750.412 3974.63100.740.006480          1 2 0          0 0 1  3  2  1        4  0  4      432230837294713152    21.0   27.0
 11 3035.668579 2.930E-26 4.727E-04.08360.352 1059.64670.700.000000          1 0 0          0 0 0  6  0  6        7  5  3      564423837360713059    13.0   15.0
 11 3035.675085 7.176E-30 1.180E-02.04320.208 3623.76500.48-.005790          0 0 1          0 0 0 16  2 15       16  4 12      432230837260713049    33.0   33.0
 11 3035.783587 3.209E-22 3.110E-01.07130.391  446.69660.53-.003171          0 2 0          0 0 0  5  1  5        6  0  6      587777835910162545    11.0   13.0
 11 3035.887803 3.893E-30 4.399E-04.05480.298 3224.54660.53-.011420          0 3 0          0 1 0 11  1 10       10  4  7      432230837294713152    69.0   63.0
 11 3035.974021 8.930E-31 4.045E+00.04420.172 5276.80240.370.000000          1 0 0          0 0 0 18  6 12       19  7 13      3333308387659336 0    37.0   39.0
 11 3036.002190 9.088E-25 1.081E+00.01880.141 2225.46920.15-.012192          0 2 0          0 0 0  8  8  1        9  9  0      487727835910163045    51.0   57.0
 11 3036.002193 3.141E-25 1.121E+00.01730.315 2225.46920.15-.010000          0 2 0          0 0 0  8  8  0        9  9  1      464423837260713059    17.0   19.0
 11 3036.070028 8.516E-25 6.801E-01.09340.436 2053.96870.73-.007500          0 3 0          0 1 0  5  1  4        5  2  3      584723835994163159    33.0   33.0
 11 3036.219907 1.962E-25 6.896E-01.03600.195 2471.25500.400.000000          0 0 1          0 0 0  9  7  3       10  9  2      574723835960163059    57.0   63.0
 11 3036.227367 6.861E-26 7.235E-01.03600.298 2471.25500.400.000000          0 0 1          0 0 0  9  7  2       10  9  1      464423837260713059    19.0   21.0
 11 3036.251408 2.005E-30 5.008E-09.07340.352  931.23710.650.000000          0 2 0          0 0 0  7  2  5        7  4  3     q5322308079917122 0    45.0   45.0
 11 3036.319784 5.995E-31 4.914E-04.06220.305 3387.40070.620.000000          0 1 1          0 1 0 10  1 10       10  5  5      4333308387659336 0    21.0   21.0
 11 3036.372975 3.223E-29 8.819E-01.04080.195 4428.11420.63-.024580          0 0 1          0 0 0 16  5 11       17  7 10      434233837265713049    99.0  105.0
 11 3036.463326 7.538E-29 1.462E+00.05060.281 4038.35150.48-.006360          0 1 1          0 1 0 10  5  6       11  7  5      434233837294713152    21.0   23.0
 11 3036.855453 2.821E-29 4.130E-04.06790.333 2764.69740.62-.010940          0 3 0          0 1 0  9  1  8        8  4  5      434223837294713152    57.0   51.0
 11 3036.979710 3.911E-30 6.345E-09.07340.352  842.35660.650.000000          0 2 0          0 0 0  7  1  6        7  3  4     q5322308079917122 0    45.0   45.0
 11 3037.099574 5.794E-24 1.264E-01.04670.285 1446.12820.51-.010487          0 2 0          0 0 0 10  2  9       10  3  8      587777835910162545    63.0   63.0
 11 3037.101865 6.058E-26 2.124E-01.08170.352 2392.59250.69-.001000          0 3 0          0 1 0  6  3  4        7  2  5      564423837294713159    39.0   45.0
 11 3037.112051 3.718E-26 4.039E-01.07880.371 2399.16550.68-.000200          0 3 0          0 1 0  6  3  3        6  4  2      464423837294713159    13.0   13.0
 11 3037.533584 2.444E-28 5.570E-03.05210.250 2927.94130.56-.020730          0 0 1          0 0 0 13  3 11       13  7  6      534233837260713049    81.0   81.0
 11 3037.582232 1.393E-24 5.593E-01.09270.411 1819.33510.95-.004861          0 3 0          0 1 0  3  1  2        3  2  1      587777835910162545    21.0   21.0
 11 3037.743144 1.507E-29 2.099E-07.06860.333 1255.16680.620.000000          1 0 0          0 0 0  6  3  4        8  5  4     q5422308079917122 0    39.0   51.0
 11 3037.902183 2.390E-26 6.914E-01.08030.315 2904.67040.69-.008200          0 3 0          0 1 0  9  2  7        9  3  6      464423837294713159    57.0   57.0
 11 3038.189689 2.171E-29 2.346E-01.08610.371 3784.67920.710.000450          0 4 0          0 2 0  5  3  3        6  2  4      434253837294713152    11.0   13.0
 11 3038.243149 7.780E-31 5.317E-04.04020.285 3306.29550.600.000000          0 1 1          0 1 0  8  3  6        8  7  1      4333308387659336 0    17.0   17.0
 11 3038.284571 1.482E-28 8.538E-03.08530.333 2771.69010.71-.009680          1 1 0          0 1 0  7  1  7        8  4  4      434233837294713152    15.0   17.0
 11 3038.352858 8.863E-29 4.760E-06.05930.315 1631.38300.59-.009370          0 2 0          0 0 0 10  3  8        9  6  3      532230837260713049    63.0   57.0
 11 3038.679627 1.197E-28 3.149E-08.09400.434  136.76170.730.000000          0 2 0          0 0 0  1  0  1        3  0  3     q5322308079917122 0     9.0   21.0
 11 3038.745396 3.242E-28 2.194E-01.04400.265 3592.42390.43-.014450          0 1 1          0 1 0 11  1 11       12  3 10      434223837294713152    69.0   75.0
 11 3038.785536 4.136E-25 6.416E-01.09650.415 1922.90110.74-.009500          0 3 0          0 1 0  4  1  3        4  2  2      484723835994163159     9.0    9.0
 11 3039.011481 9.155E-29 5.344E-01.04580.250 4052.81090.44-.006070          0 1 1          0 1 0 12  1 11       13  3 10      434233837294713152    75.0   81.0
 11 3039.020607 1.108E-28 7.382E-07.07550.315 1201.92150.710.003050          0 1 0          0 0 0 10  9  2        9  2  7      572230837260713049    63.0   57.0
 11 3039.066307 9.950E-26 6.140E-01.08920.371 2282.58960.73-.008100          0 3 0          0 1 0  6  2  4        6  3  3      564423835994713159    13.0   13.0
 11 3039.257073 3.888E-30 4.479E-04.06160.315 2983.32310.58-.011880          0 3 0          0 1 0 10  1  9        9  4  6      432230837294713152    21.0   19.0
 11 3039.301516 2.518E-29 2.450E-03.03350.195 3291.14860.410.006600          0 1 0          0 0 0 18  6 13       17  1 16      474233837260713049   111.0  105.0
 11 3039.396584 2.328E-27 3.872E+00.03370.221 3824.99790.30-.011050          1 0 0          0 0 0 14  7  8       15  8  7      434223837360713049    87.0   93.0
 11 3039.506375 1.347E-30 4.096E-06.05410.298 2254.28450.590.000120          0 2 0          0 0 0 11  5  7       10  8  2      432230837260713049    23.0   21.0
 11 3039.536204 4.236E-29 6.110E-04.03790.208 2660.94580.470.003850          0 1 0          0 0 0 17  5 13       16  0 16      474233837260713049    35.0   33.0
 11 3040.046746 1.122E-29 1.531E-07.07340.352 1216.19450.650.000000          1 0 0          0 0 0  5  4  1        7  6  1     q5422308079917122 0    33.0   45.0
 11 3040.539646 1.259E-29 3.286E-09.09940.456  134.90160.740.000000          0 2 0          0 0 0  1  0  1        2  2  1     q5222308079917122 0     9.0   15.0
 11 3040.688006 2.279E-29 1.245E-05.06810.281 2144.04630.67-.012700          1 0 0          0 0 0 12  1 12       11  6  5      534233837360713049    75.0   69.0
 11 3040.741333 2.846E-25 7.365E-03.07520.351 1411.61150.67-.008500          0 0 1          0 0 0  7  2  6        8  6  3      574723835960163059    45.0   51.0
 11 3040.812979 2.208E-29 1.022E+00.04700.250 4252.44820.46-.020740          0 1 1          0 1 0 12  3 10       13  5  9      434233837294713152    25.0   27.0
 11 3041.088100 5.950E-26 1.617E-01.03790.250 2248.06450.38-.010000          0 0 1          0 0 0 12  1 12       13  3 11      564423835960713059    25.0   27.0
 11 3041.134573 6.103E-28 2.278E-03.05830.281 2522.26520.59-.008880          0 0 1          0 0 0 11  4  8       11  8  3      534223837260713049    69.0   69.0
 11 3041.228748 8.688E-28 4.330E+00.03540.221 3824.49850.32-.006810          1 0 0          0 0 0 14  7  7       15  8  8      434223837360713049    29.0   31.0
 11 3041.230130 6.420E-26 4.683E-01.08090.352 2572.13920.69-.000200          0 3 0          0 1 0  7  3  4        7  4  3      464423835994713159    45.0   45.0
 11 3041.332464 1.058E-29 4.534E-01.03920.250 4252.44820.36-.010940          0 3 0          0 1 0 13  4 10       13  5  9      434233837294713152    27.0   27.0
 11 3041.369841 3.593E-30 1.675E-02.03970.221 3824.49850.40-.019030          1 0 0          0 0 0 15  5 11       15  8  8      432230837360713049    31.0   31.0
 11 3041.431300 4.745E-25 5.335E-01.05630.325 2275.37290.24-.024344          1 0 0          0 0 0 11  2  9       12  5  8      587777835910162545    69.0   75.0
 11 3041.474272 1.737E-30 1.357E-01.08840.391 4149.89920.700.002350          0 2 1          0 0 1  4  2  3        5  1  4      432230837294713152     9.0   11.0
 11 3041.596967 2.308E-30 9.455E-08.07340.352 1216.18980.650.000000          1 0 0          0 0 0  5  4  2        7  6  2     q5322308079917122 0    11.0   15.0
 11 3041.603582 1.202E-28 4.072E-01.04440.265 3940.51940.41-.009510          0 3 0          0 1 0 12  4  9       12  5  8      434223837294713152    75.0   75.0
 11 3041.759802 1.123E-30 3.188E-02.03540.195 4221.03940.41-.020950          0 0 1          0 0 0 17  2 15       17  6 12      432230837260713049    35.0   35.0
 11 3041.899266 1.917E-27 5.222E+00.02970.235 3685.41920.27-.010680          1 0 0          0 0 0 13  8  6       14  9  5      434223837360713049    27.0   29.0
 11 3041.949571 5.764E-27 5.233E+00.02980.235 3685.40830.27-.010570          1 0 0          0 0 0 13  8  5       14  9  6      434223837360713049    81.0   87.0
 11 3042.039993 2.289E-28 1.486E+00.06410.281 4038.40340.620.001320          0 1 1          0 1 0 10  5  5       11  7  4      434233837294713152    63.0   69.0
 11 3042.078771 3.651E-30 5.489E-01.05360.235 4525.23910.500.001930          0 3 0          0 1 0 14  3 11       14  4 10      432230837294713152    29.0   29.0
 11 3042.087395 2.264E-26 7.065E-01.08590.333 2670.78970.72-.007000          0 3 0          0 1 0  8  2  6        8  3  5      464423837294713159    17.0   17.0
 11 3042.094768 1.819E-29 2.599E-01.09240.412 3974.63100.72-.001310          0 2 1          0 0 1  3  1  3        4  0  4      434223837294713152    21.0   27.0
 11 3042.172027 7.052E-31 2.722E-07.06210.303 1810.58330.600.000000          0 0 1          0 0 0 10  1 10        9  7  3      5333308387659336 0    21.0   19.0
 11 3042.267094 2.015E-25 1.816E-01.03760.250 2246.88480.37-.005500          0 0 1          0 0 0 12  0 12       13  2 11      564423837260713059    75.0   81.0
 11 3042.334940 1.495E-25 6.416E-01.06080.362 2462.87530.72-.008100          0 3 0          0 1 0  7  2  5        7  3  4      467723835910163159    45.0   45.0
 11 3042.423842 2.136E-24 1.348E-01.05270.309 1437.96860.590.001563          0 2 0          0 0 0 10  1  9       10  2  8      587777835910162545    21.0   21.0
 11 3042.606136 3.674E-28 1.272E-06.08480.391  742.07300.72-.002010          0 2 0          0 0 0  6  2  4        5  5  1      534223837260713049    13.0   11.0
 11 3043.125773 3.243E-29 3.403E-03.07800.333 2920.13210.68-.010170          1 1 0          0 1 0  8  0  8        8  5  3      434233837294713152    17.0   17.0
 11 3043.157898 4.605E-28 8.437E-01.10430.504 3151.63000.750.006190          0 4 0          0 2 0  1  1  1        0  0  0      434223837294713152     3.0    1.0
 11 3043.225811 2.135E-29 3.964E+00.05420.183 4833.20850.51-.011680          1 0 0          0 0 0 17  6 11       18  7 12      434233837360713049   105.0  111.0
 11 3043.261753 3.599E-25 7.004E-02.08110.409 1874.97300.74-.005500          1 0 0          0 0 0  9  3  6       10  6  5      577773835910162559    57.0   63.0
 11 3043.499777 1.109E-28 2.207E-01.04420.265 3587.66670.42-.010880          0 1 1          0 1 0 11  0 11       12  2 10      434233837294713152    23.0   25.0
 11 3043.552572 7.570E-25 6.958E-01.09850.462 1693.64990.76-.004000          0 3 0          0 1 0  2  0  2        2  1  1      587723835910163159     5.0    5.0
 11 3043.686675 4.381E-29 1.163E-06.07870.352 1216.18980.710.001460          0 2 0          0 0 0  8  3  5        7  6  2      532230837260713049    17.0   15.0
 11 3043.744946 1.960E-30 1.254E-01.08980.391 4149.89920.710.000090          0 2 1          0 0 1  5  0  5        5  1  4      432230837294713152    11.0   11.0
 11 3043.758796 1.188E-29 5.218E-02.08570.412 3598.72690.70-.004790          0 4 0          0 2 0  5  2  4        4  3  1      434263837294713152    11.0    9.0
 11 3044.120519 3.427E-27 7.368E-05.05990.315 1216.23130.55-.005280          0 2 0          0 0 0 10  0 10        9  3  7      534223837260713049    21.0   19.0
 11 3044.409072 1.536E-26 1.352E-01.02720.235 2746.02350.23-.004000          0 2 0          0 0 0 14  3 12       14  4 11      564423837260713059    87.0   87.0
 11 3044.527228 3.669E-29 8.531E-06.06900.298 1724.70540.72-.006200          0 1 0          0 0 0 11 10  2       10  5  5      472230837260713049    23.0   21.0
 11 3044.973426 7.300E-26 1.214E-02.08240.298 1616.45310.71-.002000          0 0 1          0 0 0  9  0  9       10  4  6      564423835960713059    19.0   21.0
 11 3045.005285 6.706E-29 2.273E-01.05110.208 3758.39680.480.008880          0 2 0          0 0 0 15  6 10       16  5 11      434233837260713049    31.0   33.0
 11 3045.071009 2.296E-30 7.866E-09.07340.352  931.23710.650.000000          1 0 0          0 0 0  5  0  5        7  4  3     q5322308079917122 0    33.0   45.0
 11 3045.191742 7.545E-31 1.583E-01.07740.379 4457.81870.670.000000          1 2 0          1 0 0  7  2  6        7  3  5      4333308387659336 0    15.0   15.0
 11 3045.276249 1.158E-29 3.065E-01.09240.412 3875.01710.72-.001310          1 2 0          1 0 0  3  1  3        4  0  4      434223837294713152     7.0    9.0
 11 3045.574760 2.078E-29 2.837E-01.09950.434 3895.58810.75-.005750          0 2 1          0 0 1  2  0  2        3  1  3      434243837294713152    15.0   21.0
 11 3045.622835 2.956E-30 1.873E-05.05480.265 2437.50190.58-.016570          0 2 0          0 0 0 13  3 11       12  6  6      432230837260713049    27.0   25.0
 11 3045.651275 1.733E-27 8.869E-01.09920.434 3289.24250.750.002260          0 4 0          0 2 0  3  1  2        3  0  3      434223837294713152    21.0   21.0
 11 3045.696159 2.331E-25 8.492E-01.06140.341 2533.79320.56-.002500          1 0 0          0 0 0 12  3 10       13  4  9      474723835960163059    75.0   81.0
 11 3045.905841 3.134E-30 2.726E+00.02440.265 5064.14140.23-.011200          1 1 0          0 1 0 11  9  2       12 10  3      432230837294713152    69.0   75.0
 11 3045.905968 1.045E-30 2.726E+00.02440.265 5064.14140.23-.011210          1 1 0          0 1 0 11  9  3       12 10  2      432230837294713152    23.0   25.0
 11 3046.176767 1.521E-25 1.185E-02.07070.398 1411.64190.64-.004000          1 0 0          0 0 0  7  3  5        8  6  2      564723835960163059    15.0   17.0
 11 3046.184153 2.636E-30 1.432E-02.05400.250 4052.81090.55-.005870          0 1 1          0 1 0 13  1 13       13  3 10      432230837294713152    81.0   81.0
 11 3046.590842 1.297E-30 1.296E-04.07890.352 3109.91160.71-.005000          0 1 1          0 1 0  7  3  5        7  7  0      432230837294713152    45.0   45.0
 11 3046.591567 1.906E-30 2.836E+00.04260.235 4981.46930.40-.014070          1 1 0          0 1 0 13  6  8       14  7  7      432230837294713152    27.0   29.0
 11 3046.594542 1.006E-29 1.320E-01.08980.391 4049.53610.710.000090          1 2 0          1 0 0  5  0  5        5  1  4      434243837294713152    33.0   33.0
 11 3046.628129 1.749E-29 8.474E-06.05610.298 1875.46180.57-.012110          0 2 0          0 0 0 11  3  9       10  6  4      532230837260713049    23.0   21.0
 11 3046.640676 1.090E-26 5.571E-01.08110.333 2771.69010.69-.002500          0 3 0          0 1 0  8  3  5        8  4  4      464423837294713159    17.0   17.0
 11 3046.669700 2.181E-30 1.052E-01.09000.412 4050.05230.71-.004680          0 2 1          0 0 1  4  1  4        4  2  3      432230837294713152     9.0    9.0
 11 3046.721034 2.322E-30 8.404E-09.06860.333 1006.11590.620.000000          0 2 0          0 0 0  7  3  4        8  3  6     q5322308079917122 0    45.0   51.0
 11 3047.145413 6.827E-29 6.688E-01.06180.250 4174.03860.56-.004420          0 3 0          0 1 0 13  3 10       13  4  9      434233837294713152    81.0   81.0
 11 3047.229950 4.650E-26 1.017E+00.04130.235 2918.24490.41-.004000          0 0 1          0 0 0 13  3 11       14  5 10      554423835960713059    81.0   87.0
 11 3047.299434 2.564E-30 3.819E-05.05850.265 2613.10460.63-.015690          1 0 0          0 0 0 13  2 12       12  7  5      532230837360713049    27.0   25.0
 11 3047.373177 9.485E-27 6.120E+00.04350.221 3629.09610.41-.016880          1 0 0          0 0 0 14  6  9       15  7  8      434223837360713049    87.0   93.0
 11 3047.424161 5.711E-27 1.464E-01.03130.235 2739.42850.280.000910          0 2 0          0 0 0 14  2 12       14  3 11      434223837260713049    29.0   29.0
 11 3047.429254 1.574E-30 2.572E-05.09330.391 2406.14090.74-.008970          1 1 0          0 1 0  4  0  4        5  5  1      532230837294713152     9.0   11.0
 11 3047.449078 1.278E-29 4.022E+00.03610.250 4871.97880.34-.011320          1 1 0          0 1 0 12  7  6       13  8  5      434233837294713152    75.0   81.0
 11 3047.625743 4.278E-30 4.039E+00.03610.250 4871.94800.34-.011700          1 1 0          0 1 0 12  7  5       13  8  6      432230837294713152    25.0   27.0
 11 3047.666577 2.216E-25 3.293E-01.05520.284 2105.86790.51-.003000          1 0 0          0 0 0 11  2 10       12  3  9      474723835960163059    23.0   25.0
 11 3047.674812 6.193E-29 3.286E-03.08440.352 2724.04140.70-.009040          0 1 1          0 1 0  6  1  6        7  5  3      434233837294713152    13.0   15.0
 11 3047.677960 5.827E-28 2.215E-03.08710.371 2211.19060.71-.001610          0 3 0          0 1 0  7  1  7        6  2  4      434223837294713152    15.0   13.0
 11 3047.695456 1.215E-29 3.079E-01.09950.434 3796.53970.75-.005750          1 2 0          1 0 0  2  0  2        3  1  3      434243837294713152     5.0    7.0
 11 3047.725633 1.101E-26 3.325E+00.06470.221 3472.88130.63-.007000          1 0 0          0 0 0 14  5 10       15  6  9      464423837360713059    87.0   93.0
 11 3048.030383 1.669E-25 1.814E+00.01450.106 2701.88850.11-.008047          0 2 0          0 0 0  9  9  0       10 10  1      567727835910163045    57.0   63.0
 11 3048.030383 6.325E-26 2.062E+00.01460.298 2701.88850.11-.005000          0 2 0          0 0 0  9  9  1       10 10  0      564423837260713059    19.0   21.0
 11 3048.552126 1.672E-26 6.010E+00.01400.281 3216.19320.09-.006000          1 0 0          0 0 0 10 10  0       11 11  1      464423837360713059    21.0   23.0
 11 3048.552126 5.220E-26 6.255E+00.01400.281 3216.19320.09-.005000          1 0 0          0 0 0 10 10  1       11 11  0      464423835960713059    63.0   69.0
 11 3048.609983 9.347E-30 1.501E-01.08840.391 4049.53610.700.002350          1 2 0          1 0 0  4  2  3        5  1  4      432230837294713152    27.0   33.0
 11 3048.666746 8.665E-25 2.737E-02.07450.315 1477.29740.67-.012000          1 0 0          0 0 0  8  2  7        9  5  4      564423837360713059    51.0   57.0
 11 3048.672497 4.373E-22 2.914E-01.08680.457  326.62550.68-.007224          0 2 0          0 0 0  4  0  4        5  1  5      587777835910162545     9.0   11.0
 11 3048.937955 1.152E-30 4.550E-05.05610.265 2813.52870.61-.014420          1 0 0          0 0 0 13  3 11       12  8  4      432230837360713049    27.0   25.0
 11 3048.947466 2.033E-22 9.393E-02.07630.423  552.91140.58-.005299          0 2 0          0 0 0  6  1  6        6  2  5      587777835910162545    39.0   39.0
 11 3049.035032 6.472E-30 2.066E-02.05540.208 3758.39680.56-.008710          1 0 0          0 0 0 16  2 14       16  5 11      432230837360713049    33.0   33.0
 11 3049.044616 3.312E-22 2.214E-01.09620.456  206.30140.74-.001233          0 2 0          0 0 0  2  1  1        3  2  2      587777835910162545     5.0    7.0
 11 3049.136199 1.204E-29 1.200E-01.09000.412 3951.31500.71-.004680          1 2 0          1 0 0  4  1  4        4  2  3      434243837294713152    27.0   27.0
 11 3049.208024 8.747E-30 2.045E-09.09400.434  285.41860.730.000000          0 2 0          0 0 0  3  1  2        3  3  0     q5222308079917122 0    21.0   21.0
 11 3049.414593 5.531E-30 8.975E-01.05430.235 4525.23910.51-.004620          0 1 1          0 1 0 13  2 11       14  4 10      432230837294713152    27.0   29.0
 11 3049.440066 7.636E-30 5.031E-04.08860.371 2733.96290.74-.005120          0 1 1          0 1 0  5  2  3        6  6  0      432230837294713152    11.0   13.0
 11 3049.593668 1.863E-28 5.053E-01.04970.281 3650.50900.46-.010070          0 3 0          0 1 0 11  4  8       11  5  7      434233837294713152    23.0   23.0
 11 3049.835906 1.484E-29 8.153E-06.05440.281 2144.04630.56-.014640          0 2 0          0 0 0 12  3 10       11  6  5      532230837260713049    75.0   69.0
 11 3050.073998 1.965E-24 7.783E-01.10380.471 1640.50580.93-.008555          0 3 0          0 1 0  1  0  1        1  1  0      587777835910162545     9.0    9.0
 11 3050.325014 1.386E-27 7.373E-04.06580.298 1875.46180.64-.015500          1 0 0          0 0 0 10  1  9       10  6  4      534223837360713049    21.0   21.0
 11 3050.443069 3.458E-28 1.160E-03.06370.298 2254.28450.63-.006070          0 0 1          0 0 0 10  4  7       10  8  2      534223837260713049    21.0   21.0
 11 3050.513812 1.115E-28 8.427E-06.06400.298 1718.71880.69-.005010          0 1 0          0 0 0 11 10  1       10  5  6      474233837260713049    69.0   63.0
 11 3050.702810 1.346E-23 1.309E-01.07930.411  982.91170.650.002465          0 2 0          0 0 0  7  3  5        8  2  6      587777835910162545    15.0   17.0
 11 3050.745261 2.628E-28 1.330E-06.08820.371 1045.05800.73-.006770          1 0 0          0 0 0  6  1  6        6  6  1      532230837360713049    39.0   39.0
 11 3050.919159 1.798E-27 1.590E-02.04360.235 2746.02350.48-.014130          0 0 1          0 0 0 14  0 14       14  4 11      434223837260713049    87.0   87.0
 11 3051.361044 4.588E-30 5.320E-06.05310.298 2054.36870.55-.005490          0 2 0          0 0 0 11  4  8       10  7  3      532230837260713049    23.0   21.0
 11 3051.392246 1.222E-25 1.951E-01.09400.412 1875.46970.730.003700          0 3 0          0 1 0  3  2  2        4  1  3      564423835994713159     7.0    9.0
 11 3051.450371 1.330E-30 8.982E-02.04520.235 4585.34910.49-.019090          0 1 1          0 1 0 14  1 13       14  5 10      432230837294713152    87.0   87.0
 11 3051.533525 2.621E-30 6.171E-09.07810.371  661.54890.670.000000          0 2 0          0 0 0  6  1  5        6  3  3     q5322308079917122 0    13.0   13.0
 11 3051.544683 2.179E-30 1.592E-03.06840.250 3654.04890.650.013300          0 0 1          0 1 0 14  5  9       13  1 12      432230837294713152    87.0   81.0
 11 3051.733775 8.629E-27 5.186E+00.02600.250 3583.37460.25-.011690          1 0 0          0 0 0 12  9  4       13 10  3      434223837360713049    75.0   81.0
 11 3051.734247 2.877E-27 5.187E+00.02600.250 3583.37450.25-.011690          1 0 0          0 0 0 12  9  3       13 10  4      434223837360713049    25.0   27.0
 11 3051.768820 1.013E-27 2.031E+00.02270.250 3831.17920.28-.003610          0 2 0          0 0 0 12 10  3       13 11  2      434223837260713049    75.0   81.0
 11 3051.768832 3.375E-28 2.030E+00.02270.250 3831.17920.28-.003610          0 2 0          0 0 0 12 10  2       13 11  3      434223837260713049    25.0   27.0
 11 3051.823153 4.254E-31 2.693E-04.03210.205 3437.27720.370.000000          0 2 0          0 0 0 17  2 16       16  3 13      4333308387659336 0    35.0   33.0
 11 3051.957872 4.035E-30 7.713E-05.05340.235 2918.24490.59-.015090          1 0 0          0 0 0 15  0 15       14  5 10      432230837360713049    93.0   87.0
 11 3051.985962 1.372E-26 6.329E-01.08170.315 2998.76630.70-.009100          0 3 0          0 1 0  9  3  6        9  4  5      464423837294713159    57.0   57.0
 11 3052.009666 5.697E-24 1.361E-01.05540.325 1216.23130.52-.010943          0 2 0          0 0 0  9  2  8        9  3  7      587777835910162545    19.0   19.0
 11 3052.104287 7.077E-30 3.501E+00.04780.235 4980.22310.45-.001580          1 1 0          0 1 0 13  6  7       14  7  8      432230837294713152    81.0   87.0
 11 3052.283185 5.076E-29 3.844E+00.06390.195 4409.34430.620.003080          1 0 0          0 0 0 16  6 10       17  7 11      434233837360713049    33.0   35.0
 11 3052.299785 3.999E-30 1.693E-07.06860.333 1255.91160.620.000000          1 0 0          0 0 0  6  3  3        8  5  3     q5322308079917122 0    13.0   17.0
 11 3052.484807 1.559E-28 1.256E-01.09440.412 3381.70420.730.004330          0 4 0          0 2 0  3  2  1        4  1  4      434223837294713152    21.0   27.0
 11 3052.509656 2.858E-25 3.831E-01.10420.436 1664.96460.76-.003000          0 3 0          0 1 0  1  1  1        2  0  2      474723835994163159     3.0    5.0
 11 3052.630973 5.043E-31 1.252E-04.06650.332 3139.47580.630.000000          0 3 0          0 1 0 10  2  8        9  5  5      4333308387659336 0    21.0   19.0
 11 3052.674305 7.960E-29 1.541E-01.09350.434 3387.68070.72-.002990          0 4 0          0 2 0  4  1  3        3  2  2      434243837294713152     9.0    7.0
 11 3052.696112 8.879E-31 1.590E-02.05580.288 4038.35150.570.000000          1 1 0          0 1 0 11  4  8       11  7  5      4333308387659336 0    23.0   23.0
 11 3052.923053 1.073E-30 2.108E-03.06540.298 3565.00350.63-.014950          0 1 1          0 1 0 10  2  9       10  6  4      432230837294713152    21.0   21.0
 11 3052.977155 3.992E-29 1.225E-01.09230.391 3482.48020.730.003530          0 4 0          0 2 0  4  2  2        5  1  5      434253837294713152     9.0   11.0
 11 3053.232657 1.812E-27 4.906E-01.05440.298 3383.26540.51-.008820          0 3 0          0 1 0 10  4  7       10  5  6      434223837294713152    63.0   63.0
 11 3053.691031 1.115E-28 7.125E-01.07010.265 3843.41040.62-.009250          0 3 0          0 1 0 12  3  9       12  4  8      434233837294713152    25.0   25.0
 11 3053.725508 2.519E-26 9.225E-02.06060.250 2533.79320.560.002000          0 2 0          0 0 0 12  5  8       13  4  9      564423837260713059    75.0   81.0
 11 3053.789994 4.879E-30 1.898E-06.07050.315 1810.58330.680.008080          0 2 0          0 0 0 10  4  6        9  7  3      532230837260713049    21.0   19.0
 11 3053.814907 2.903E-29 2.377E-08.09400.434  142.27850.730.000000          0 2 0          0 0 0  1  1  1        3  1  3     q5322308079917122 0     3.0    7.0
 11 3054.156520 8.479E-29 6.120E-06.08290.352 1394.81420.72-.007140          0 0 1          0 0 0  7  1  6        7  7  1      532230837260713049    15.0   15.0
 11 3054.193829 3.110E-26 1.536E+00.04510.235 3084.83570.44-.006000          0 0 1          0 0 0 13  4 10       14  6  9      554423835960713059    81.0   87.0
 11 3054.206809 6.647E-28 1.990E-01.07660.298 3383.26540.70-.019740          1 1 0          0 1 0  9  2  7       10  5  6      434223837294713152    57.0   63.0
 11 3054.478490 1.884E-26 1.706E+00.06900.235 2983.39640.65-.004000          1 0 0          0 0 0 13  4 10       14  5  9      464423837360713059    27.0   29.0
 11 3054.707313 5.477E-30 4.055E+00.03100.265 4803.82030.31-.010950          1 1 0          0 1 0 11  8  4       12  9  3      432230837294713152    23.0   25.0
 11 3054.709103 1.643E-29 4.055E+00.03100.265 4803.82000.31-.010940          1 1 0          0 1 0 11  8  3       12  9  4      434233837294713152    69.0   75.0
 11 3054.732499 4.173E-30 3.687E-09.08870.412  383.84250.710.000000          0 2 0          0 0 0  4  1  3        4  3  1     q5222308079917122 0     9.0    9.0
 11 3054.931523 4.458E-30 1.625E-01.07770.371 4292.90990.66-.008130          1 2 0          1 0 0  6  2  5        6  3  4      432230837294713152    39.0   39.0
 11 3055.293533 5.969E-25 1.325E-01.04680.268 1695.06860.48-.012173          1 0 0          0 0 0 10  0 10       11  3  9      587777835910162545    21.0   23.0
 11 3055.445018 5.284E-30 1.820E-01.01790.235 4431.63810.16-.003540          0 2 0          0 0 0 13 11  2       14 12  3      432230837260713049    81.0   87.0
 11 3055.445021 1.761E-30 1.820E-01.01790.235 4431.63810.16-.003540          0 2 0          0 0 0 13 11  3       14 12  2      432230837260713049    27.0   29.0
 11 3055.498792 1.686E-27 4.635E-01.05860.315 3139.47580.55-.007770          0 3 0          0 1 0  9  4  6        9  5  5      434223837294713152    19.0   19.0
 11 3055.593738 1.596E-27 6.918E-01.08250.298 3253.73800.71-.006290          0 3 0          0 1 0 10  3  7       10  4  6      434223837294713152    21.0   21.0
 11 3055.610149 1.108E-22 1.736E-01.08380.429  542.90580.660.001273          0 2 0          0 0 0  5  2  4        6  1  5      587777835910162545    11.0   13.0
 11 3055.674332 7.440E-30 4.285E+00.06020.235 4784.99990.58-.022570          1 1 0          0 1 0 13  5  9       14  6  8      432230837294713152    27.0   29.0
 11 3055.719560 4.482E-29 1.309E-02.04270.235 3464.88740.43-.015190          1 0 0          0 0 0 14  5 10       14  8  7      434233837360713049    87.0   87.0
 11 3056.055966 2.908E-29 9.946E-02.05570.265 3940.51940.56-.020140          1 1 0          0 1 0 12  2 11       12  5  8      434233837294713152    75.0   75.0
 11 3056.315570 1.383E-27 7.193E-01.07990.281 3535.87040.70-.008310          0 3 0          0 1 0 11  3  8       11  4  7      434223837294713152    69.0   69.0
 11 3056.356322 1.328E-21 2.946E-01.08250.464  325.34790.63-.001910          0 2 0          0 0 0  4  1  4        5  0  5      587777835910162545    27.0   33.0
 11 3056.642689 1.167E-29 5.169E-09.08330.391  508.81210.690.000000          0 2 0          0 0 0  5  1  4        5  3  2     q5322308079917122 0    33.0   33.0
 11 3056.826202 1.205E-26 4.242E-01.06090.333 2919.63300.57-.005500          0 3 0          0 1 0  8  4  5        8  5  4      464423837294713159    51.0   51.0
 11 3056.920254 5.845E-30 5.362E-05.06860.298 2705.13960.650.006470          1 0 0          0 1 0 11  6  5       10  1 10      432230837294713152    69.0   63.0
 11 3056.928209 2.541E-26 1.535E-01.03220.250 2426.19650.29-.004000          0 2 0          0 0 0 13  3 11       13  4 10      464423837260713059    27.0   27.0
 11 3057.099469 2.204E-30 1.107E-08.07340.352  816.69420.650.000000          0 2 0          0 0 0  6  3  3        7  3  5     q5322308079917122 0    13.0   15.0
 11 3057.146614 7.887E-23 1.047E-01.08290.428  542.90580.63-.000050          0 2 0          0 0 0  6  0  6        6  1  5      587771835910162554    13.0   13.0
 11 3057.224176 6.965E-30 2.417E-05.06050.281 2522.26520.64-.012000          1 0 0          0 0 0 12  3 10       11  8  3      432230837360713049    75.0   69.0
 11 3057.257368 1.931E-30 1.058E-04.06130.298 3072.72640.61-.000710          1 0 0          0 1 0 11  8  3       10  3  8      432230837294713152    69.0   63.0
 11 3057.271647 1.149E-27 4.346E-04.06820.315 2009.80510.67-.003930          0 0 1          0 0 0  9  4  6        9  8  1      534223837260713049    57.0   57.0
 11 3057.457815 4.473E-28 1.154E-02.04650.235 2739.42850.50-.007720          0 0 1          0 0 0 14  1 14       14  3 11      434223837260713049    29.0   29.0
 11 3057.539271 8.005E-27 3.705E-01.06050.352 2724.04140.57-.004260          0 3 0          0 1 0  7  4  4        7  5  3      434223837294713152    15.0   15.0
 11 3057.599938 2.770E-26 2.064E+00.04460.250 2927.07520.420.000000          0 0 1          0 0 0 12  5  8       13  7  7      554423835960713059    25.0   27.0
 11 3057.907625 3.970E-26 3.076E-01.06020.371 2552.85720.56-.001500          0 3 0          0 1 0  6  4  3        6  5  2      464423835994713159    39.0   39.0
 11 3057.943933 4.125E-30 1.153E-08.07810.371  661.54890.670.000000          0 2 0          0 0 0  5  3  3        6  3  3     q5322308079917122 0    11.0   13.0
 11 3058.083154 1.419E-25 2.859E-02.08050.315 1631.24550.71-.003000          1 0 0          0 0 0  8  3  5        9  6  4      564423837360713059    17.0   19.0
 11 3058.121248 1.367E-26 1.841E-01.06230.391 2406.14090.610.001000          0 3 0          0 1 0  5  4  2        5  5  1      464423837294713159    11.0   11.0
 11 3058.189018 4.090E-26 1.836E-01.06260.391 2406.14310.61-.001000          0 3 0          0 1 0  5  4  1        5  5  0      464423835994713159    33.0   33.0
 11 3058.217692 1.274E-26 2.962E-01.06150.371 2552.87970.57-.003500          0 3 0          0 1 0  6  4  2        6  5  1      464423837294713159    13.0   13.0
 11 3058.350035 3.057E-29 3.659E-01.04050.208 4016.13450.56-.016640          0 0 1          0 0 0 15  5 10       16  7  9      434233837265713049    31.0   33.0
 11 3058.506037 1.979E-30 1.088E+00.06310.221 5015.70410.59-.017940          0 1 1          0 1 0 14  3 11       15  5 10      432230837294713152    87.0   93.0
 11 3058.541522 2.670E-26 4.124E-01.06270.352 2724.16710.58-.004200          0 3 0          0 1 0  7  4  3        7  5  2      444423835994713159    45.0   45.0
 11 3058.545415 1.349E-26 9.104E-05.06740.315 1201.92150.61-.002162          0 2 0          0 0 0 10  1 10        9  2  7      5642238372607130 8    63.0   57.0
 11 3058.556939 1.185E-25 1.470E+00.04290.246 2522.26130.440.002000          0 0 1          0 0 0 10  6  5       11  8  4      564723835960163059    21.0   23.0
 11 3058.771162 2.443E-29 5.584E-02.08460.391 3722.73100.70-.004870          0 4 0          0 2 0  6  2  5        5  3  2      534233837294713152    39.0   33.0
 11 3059.011063 4.150E-28 3.237E-01.04300.333 3530.95750.49-.002200          0 1 1          0 1 0  7  6  2        8  8  1      434223837294713152    45.0   51.0
 11 3059.015954 1.383E-28 3.237E-01.04300.333 3530.95750.49-.002170          0 1 1          0 1 0  7  6  1        8  8  0      434233837294713152    15.0   17.0
 11 3059.171058 4.722E-30 3.504E-01.07740.315 4493.80440.68-.001460          0 4 0          0 2 0  8  4  5        9  3  6      532230837294713152    51.0   57.0
 11 3059.254622 1.261E-29 2.247E-02.04250.221 3624.18130.45-.023910          1 0 0          0 0 0 15  4 12       15  7  9      434233837360713049    31.0   31.0
 11 3059.259670 3.739E-25 1.547E+00.04950.298 2522.26520.780.004672          0 0 1          0 0 0 10  6  4       11  8  3      577777835910162545    63.0   69.0
 11 3059.284738 3.814E-31 2.340E-04.02200.232 3391.13080.400.000000          0 2 0          0 1 0 14  6  8       13  1 13      4333308387659336 0    29.0   27.0
 11 3059.518421 7.361E-30 4.686E-09.08870.412  315.77950.710.000000          0 2 0          0 0 0  4  0  4        4  2  2     q5222308079917122 0     9.0    9.0
 11 3059.587281 4.068E-27 4.315E-01.06560.333 2920.13210.600.001880          0 3 0          0 1 0  8  4  4        8  5  3      434223837294713152    17.0   17.0
 11 3059.704074 2.317E-28 1.190E-02.05810.235 2880.83420.58-.004780          1 0 0          0 0 0 14  1 13       14  4 10      434233837360713049    29.0   29.0
 11 3059.723335 1.833E-24 1.332E-01.05260.298 1690.66440.62-.003431          1 0 0          0 0 0 10  1 10       11  2  9      587777835910162545    63.0   69.0
 11 3059.782875 3.303E-26 1.665E-02.05470.265 2124.95140.55-.003000          1 0 0          0 0 0 12  1 12       12  4  9      564423837360713059    75.0   75.0
 11 3059.789951 4.035E-29 9.223E-02.09720.434 3299.99110.740.004170          0 4 0          0 2 0  2  2  0        3  1  3      534263837294713152     5.0    7.0
 11 3059.791838 6.880E-31 2.050E-01.07740.379 4527.94940.670.000000          0 2 1          0 0 1  7  1  6        7  2  5      4333308387659336 0    15.0   15.0
 11 3059.929482 3.402E-22 2.715E-01.09950.463  136.16390.71-.007059          0 2 0          0 0 0  1  1  1        2  2  0      587777835910162545     3.0    5.0
 11 3060.059902 9.131E-30 1.210E-01.09420.434 3956.66580.72-.004570          0 2 1          0 0 1  3  1  3        3  2  2      432230837294713152    21.0   21.0
 11 3060.518772 4.853E-28 6.165E-01.09310.434 3299.99110.72-.000090          0 4 0          0 2 0  4  0  4        3  1  3      534223837294713152     9.0    7.0
 11 3060.617848 1.796E-27 7.473E-01.10350.480 3175.44120.760.005770          0 4 0          0 2 0  2  1  2        1  0  1      434223837294713152    15.0    9.0
 11 3061.228943 2.062E-23 1.541E-01.06650.339 1201.92150.600.001368          0 2 0          0 0 0  9  1  8        9  2  7      587777835910162545    57.0   57.0
 11 3061.382194 5.266E-27 4.881E-01.06800.315 3141.04600.620.003570          0 3 0          0 1 0  9  4  5        9  5  4      434223837294713152    57.0   57.0
 11 3061.417872 5.085E-30 1.257E-01.09420.434 3858.87550.72-.004570          1 2 0          1 0 0  3  1  3        3  2  2      432230837294713152     7.0    7.0
 11 3061.571138 6.382E-30 3.256E-01.10220.456 3833.57670.75-.007260          0 2 1          0 0 1  1  0  1        2  1  2      432230837294713152     3.0    5.0
 11 3061.788018 5.922E-30 1.060E-02.05880.298 3770.71130.57-.008270          1 1 0          0 1 0 10  4  7       10  7  4      432230837294713152    63.0   63.0
 11 3061.994317 2.034E-27 1.353E-01.05880.298 3072.72640.54-.013950          1 1 0          0 1 0  9  0  9       10  3  8      434223837294713152    57.0   63.0
 11 3062.184305 3.907E-30 1.335E-01.08230.391 4244.30470.68-.007210          0 2 1          0 0 1  5  2  4        5  3  3      432230837294713152    33.0   33.0
 11 3062.282407 8.910E-26 1.703E-01.03960.265 2414.72340.38-.001000          0 2 0          0 0 0 13  2 11       13  3 10      464723835960163059    81.0   81.0
 11 3062.313460 2.448E-30 1.589E-01.08230.391 4150.28730.68-.007210          1 2 0          1 0 0  5  2  4        5  3  3      432230837294713152    11.0   11.0
 11 3062.347870 1.011E-24 1.163E-01.07290.381 1538.14950.750.002000          0 2 0          0 0 0  9  4  6       10  3  7      587773835910162559    19.0   21.0
 11 3062.494080 6.080E-28 1.204E+00.05310.298 3770.71130.51-.004490          0 1 1          0 1 0  9  5  5       10  7  4      434223837294713152    57.0   63.0
 11 3062.494882 6.889E-29 1.037E-01.08960.371 3601.85890.720.002260          0 4 0          0 2 0  5  2  3        6  1  6      434253837294713152    33.0   39.0
 11 3062.494965 2.142E-28 9.321E-05.07360.333 1789.04280.71-.003370          0 0 1          0 0 0  8  4  5        8  8  0      534233837260713049    17.0   17.0
 11 3062.567725 1.878E-28 1.705E+00.05120.265 4123.28530.48-.018270          0 1 1          0 1 0 11  4  8       12  6  7      434233837294713152    69.0   75.0
 11 3062.587855 3.400E-26 9.816E-05.06730.333 1006.11590.60-.003000          0 2 0          0 0 0  9  0  9        8  3  6      564423837260713059    57.0   51.0
 11 3062.606789 6.433E-30 1.635E-01.01810.183 4432.86020.09-.006190          0 2 0          0 0 0 18  4 15       18  5 14      432230837260713049   111.0  111.0
 11 3063.017930 1.937E-27 5.764E-04.07600.281 1998.99530.70-.011560          0 0 1          0 0 0 11  1 11       11  5  6      534223837260713049    69.0   69.0
 11 3063.152848 5.354E-28 2.781E-02.08420.315 2998.76630.71-.009210          0 1 1          0 1 0  8  0  8        9  4  5      434223837294713152    51.0   57.0
 11 3063.413847 4.221E-28 2.922E-03.06320.265 2437.50190.64-.019010          0 0 1          0 0 0 12  2 11       12  6  6      434223837260713049    25.0   25.0
 11 3063.591587 3.604E-30 2.187E-01.08220.352 4426.06640.68-.001300          1 2 0          1 0 0  7  1  6        7  2  5      432230837294713152    45.0   45.0
 11 3063.622010 3.331E-29 3.512E-01.10220.456 3734.89690.75-.007260          1 2 0          1 0 0  1  0  1        2  1  2      434223837294713152     9.0   15.0
 11 3063.667988 1.009E-30 5.205E-01.06110.221 5015.70410.55-.009410          0 3 0          0 1 0 15  4 11       15  5 10      432230837294713152    93.0   93.0
 11 3063.824843 2.264E-30 1.680E-01.02100.183 4427.16500.15-.001830          0 2 0          0 0 0 18  3 15       18  4 14      432230837260713049    37.0   37.0
 11 3064.114527 1.104E-29 1.612E-01.09590.412 4027.80400.73-.001060          0 2 1          0 0 1  4  0  4        4  1  3      434223807294713152    27.0   27.0
 11 3064.259544 5.811E-30 2.354E-01.09810.434 3890.82930.740.000090          0 2 1          0 0 1  2  1  2        3  0  3      432230837294713152     5.0    7.0
 11 3064.320757 6.521E-28 5.444E-01.06850.298 3387.40070.610.002950          0 3 0          0 1 0 10  4  6       10  5  5      434223837294713152    21.0   21.0
 11 3064.332419 1.700E-25 1.009E-01.07520.298 1875.46180.700.000000          0 0 1          0 0 0  9  2  7       10  6  4      554423835960713059    19.0   21.0
 11 3064.404122 1.579E-21 2.778E-01.09480.495  224.83840.75-.006983          0 2 0          0 0 0  3  0  3        4  1  4      587777835910162545    21.0   27.0
 11 3064.488775 1.058E-25 3.846E-01.03440.315 2225.46920.420.000000          0 0 1          0 0 0  8  7  2        9  9  1      464423837260713059    17.0   19.0
 11 3064.489863 3.170E-25 3.841E-01.03440.167 2225.46920.420.000000          0 0 1          0 0 0  8  7  1        9  9  0      564723835960163059    51.0   57.0
 11 3064.551546 3.311E-29 6.350E-09.09400.434  173.36580.730.000000          0 2 0          0 0 0  2  1  2        3  1  2     q5322308079917122 0    15.0   21.0
 11 3064.563515 9.864E-28 3.762E+00.06400.208 4006.07320.630.003210          1 0 0          0 0 0 15  6  9       16  7 10      434223837360713049    93.0   99.0
 11 3064.664606 2.035E-28 1.210E+00.05750.298 3770.72440.56-.000530          0 1 1          0 1 0  9  5  4       10  7  3      434233837294713152    19.0   21.0
 11 3065.057017 3.625E-28 6.661E-01.09420.412 3375.29800.730.000510          0 4 0          0 2 0  4  1  3        4  0  4      434223837294713152     9.0    9.0
 11 3065.146082 1.045E-28 2.865E-05.06970.281 1998.99530.72-.007820          0 1 0          0 0 0 12 10  3       11  5  6      474233837260713049    75.0   69.0
 11 3065.276513 1.690E-30 5.054E-07.06270.250 1806.67150.680.003350          0 1 0          0 0 0 13  8  6       13  1 13      472230837260713049    27.0   27.0
 11 3065.495672 1.297E-29 1.825E-07.06460.315 1282.91910.600.000000          1 0 0          0 0 0  7  1  6        9  3  6     q5422308079917122 0    45.0   57.0
 11 3065.541769 1.655E-30 2.012E-04.02690.221 3083.86520.27-.005830          0 2 0          0 0 0 16  1 15       15  4 12      432230837260713049    33.0   31.0
 11 3065.617413 4.508E-23 1.458E-01.06410.341 1006.11590.59-.010260          0 2 0          0 0 0  8  2  7        8  3  6      587777835910162545    51.0   51.0
 11 3065.685773 2.054E-30 1.327E-08.06860.333 1122.70850.620.000000          0 2 0          0 0 0  7  4  3        8  4  5     q5322308079917122 0    45.0   51.0
 11 3065.831050 1.435E-29 2.941E-07.06460.315 1360.23530.600.000000          1 0 0          0 0 0  7  2  5        9  4  5     q5422308079917122 0    45.0   57.0
 11 3066.224787 1.786E-30 1.257E-01.08440.412 4125.14870.69-.005310          0 2 1          0 0 1  4  2  3        4  3  2      432230837294713152     9.0    9.0
 11 3066.271435 1.231E-22 1.049E-01.08450.428  416.20870.65-.005530          0 2 0          0 0 0  5  1  5        5  2  4      587777835910162545    11.0   11.0
 11 3066.343683 5.129E-28 9.188E-03.07850.352 2724.16710.67-.009950          1 1 0          0 1 0  6  2  5        7  5  2      434223837294713152    39.0   45.0
 11 3066.408225 4.584E-27 4.347E+00.03440.235 3465.07000.31-.009920          1 0 0          0 0 0 13  7  7       14  8  6      434223837360713049    27.0   29.0
 11 3066.410644 8.717E-31 1.479E-01.07060.339 4436.94050.630.000000          1 2 0          0 2 0  8  0  8        9  3  7      4333308387659336 0    17.0   19.0
 11 3066.460908 4.571E-30 1.574E-06.07100.315 2009.80510.69-.007350          1 0 0          0 0 0 10  3  8        9  8  1      532230837360713049    63.0   57.0
 11 3066.487710 4.803E-29 7.107E-02.08850.412 3597.86600.72-.000400          0 4 0          0 2 0  5  2  3        4  3  2      434243837294713152    33.0   27.0
 11 3066.500355 5.205E-29 9.582E-03.04620.250 3127.80280.46-.011060          1 0 0          0 0 0 13  5  9       13  8  6      434233837360713049    27.0   27.0
 11 3066.604569 1.756E-30 5.435E-06.06560.298 2254.28450.67-.009580          1 0 0          0 0 0 11  3  9       10  8  2      432230837360713049    23.0   21.0
 11 3066.772841 6.424E-30 1.733E-01.09590.412 3927.80280.73-.001060          1 2 0          1 0 0  4  0  4        4  1  3      432230837294713152     9.0    9.0
 11 3067.011785 1.232E-21 3.272E-01.09830.472  134.90160.71-.001778          0 2 0          0 0 0  1  1  0        2  2  1      587777835910162545     9.0   15.0
 11 3067.132617 1.435E-26 4.535E+00.03520.235 3464.88740.320.001000          1 0 0          0 0 0 13  7  6       14  8  7      464423837360713059    81.0   87.0
 11 3067.307223 9.557E-30 1.419E-01.08440.412 4030.83890.69-.005310          1 2 0          1 0 0  4  2  3        4  3  2      434243837294713152    27.0   27.0
 11 3067.401472 2.984E-30 8.574E-10.08330.391  325.34790.690.000000          0 2 0          0 0 0  3  2  1        5  0  5     q5222308079917122 0    21.0   33.0
 11 3067.631918 7.406E-27 5.109E-03.09130.391 2053.96870.73-.002930          0 3 0          0 1 0  6  1  6        5  2  3      534223837294713152    39.0   33.0
 11 3067.646598 1.375E-29 1.814E-05.04770.281 2321.90570.50-.007390          0 2 0          0 0 0 12  4  9       11  7  4      434233837260713049    75.0   69.0
 11 3067.841830 3.684E-30 4.590E-02.08380.371 3873.79370.71-.005210          0 4 0          0 2 0  7  2  6        6  3  3      432230837294713152    15.0   13.0
 11 3068.000079 5.063E-30 9.632E-02.08650.434 4030.06980.70-.002440          0 2 1          0 0 1  3  2  2        3  3  1      432230837294713152    21.0   21.0
 11 3068.001845 3.085E-29 2.575E-01.09810.434 3791.37210.740.000090          1 2 0          1 0 0  2  1  2        3  0  3      434243837294713152    15.0   21.0
 11 3068.034122 6.271E-28 6.006E-01.06880.281 3659.90400.61-.002400          0 3 0          0 1 0 11  4  7       11  5  6      434223837294713152    69.0   69.0
 11 3068.149779 3.320E-30 6.042E-03.06350.315 3526.62490.61-.005300          1 1 0          0 1 0  9  4  6        9  7  3      432230837294713152    19.0   19.0
 11 3068.331937 1.171E-30 6.738E-02.08610.371 4350.69930.710.000450          0 2 1          0 0 1  5  3  3        6  2  4      432230837294713152    33.0   39.0
 11 3068.425541 1.691E-29 1.417E-01.05430.265 4123.28530.55-.021730          1 1 0          0 1 0 12  3 10       12  6  7      434233837294713152    75.0   75.0
 11 3068.780830 1.204E-30 8.558E-05.06150.281 2915.89430.600.008200          0 0 1          0 1 0 12  5  8       11  1 11      532230837294713152    25.0   23.0
 11 3068.930775 2.850E-25 1.445E-01.03820.261 2124.95140.35-.002000          0 2 0          0 0 0 12  3 10       12  4  9      574723835960163059    75.0   75.0
 11 3069.315028 4.885E-30 1.949E-04.02940.221 3080.17870.31-.000440          0 2 0          0 0 0 16  2 15       15  3 12      432230837260713049    99.0   93.0
 11 3069.351155 2.727E-30 1.081E-01.09810.456 3885.73770.74-.004760          0 2 1          0 0 1  2  1  2        2  2  1      432230837294713152     5.0    5.0
 11 3069.353061 3.477E-30 3.045E-02.08250.352 4052.83690.71-.004920          0 4 0          0 2 0  8  2  7        7  3  4      432230837294713152    51.0   45.0
 11 3069.512532 2.860E-26 5.533E+00.03070.250 3347.78340.290.000900          1 0 0          0 0 0 12  8  5       13  9  4      454423835960713059    75.0   81.0
 11 3069.521922 1.385E-26 5.014E+00.05800.235 3266.51420.62-.000500          0 0 1          0 0 0 13  5  8       14  7  7      464423837278713059    27.0   29.0
 11 3069.526268 9.456E-27 5.488E+00.03070.250 3347.78050.29-.010540          1 0 0          0 0 0 12  8  4       13  9  5      434223837360713049    25.0   27.0
 11 3069.924219 1.288E-30 3.921E-04.08460.352 3109.91160.74-.003020          0 1 1          0 1 0  7  3  4        7  7  1      432230837294713152    15.0   15.0
 11 3070.139196 2.800E-30 1.009E-01.08650.434 3935.21120.70-.002440          1 2 0          1 0 0  3  2  2        3  3  1      432230837294713152     7.0    7.0
 11 3070.265889 4.579E-30 8.629E-02.09400.412 4027.80400.730.002480          0 2 1          0 0 1  3  2  2        4  1  3      432230837294713152    21.0   27.0
 11 3070.679585 1.349E-29 1.113E-01.09810.456 3788.69440.74-.004760          1 2 0          1 0 0  2  1  2        2  2  1      434233837294713152    15.0   15.0
 11 3070.993373 8.480E-28 8.840E-02.07660.315 3141.04600.68-.015650          0 1 1          0 1 0  8  1  7        9  5  4      434223837294713152    51.0   57.0
 11 3071.073292 7.807E-29 6.543E-04.04210.235 2746.02350.470.005680          0 1 0          0 0 0 15  9  6       14  4 11      474233837260713049    93.0   87.0
 11 3071.425638 3.286E-28 5.370E-03.05430.265 2613.10460.56-.017400          0 0 1          0 0 0 12  3 10       12  7  5      434223837260713049    25.0   25.0
 11 3071.628928 5.773E-29 6.554E-01.07210.265 3959.25340.64-.009320          0 3 0          0 1 0 12  4  8       12  5  7      434233837294713152    25.0   25.0
 11 3071.722895 1.101E-29 2.564E-03.06850.333 3306.29520.65-.003960          1 1 0          0 1 0  8  4  5        8  7  2      434233837294713152    51.0   51.0
 11 3071.788740 6.129E-27 2.026E-01.07740.315 2904.67040.68-.001460          0 3 0          0 1 0  8  4  5        9  3  6      434223837294713152    51.0   57.0
 11 3071.901133 1.555E-29 1.283E-08.08870.412  315.77950.710.000000          0 2 0          0 0 0  3  2  2        4  2  2     q5322308079917122 0     7.0    9.0
 11 3072.536796 1.281E-29 2.961E+00.02080.281 4769.23260.18-.012320          1 1 0          0 1 0 10  9  2       11 10  1      434233837294713152    63.0   69.0
 11 3072.536813 4.269E-30 2.960E+00.02080.281 4769.23260.18-.012320          1 1 0          0 1 0 10  9  1       11 10  2      432230837294713152    21.0   23.0
 11 3072.760351 7.912E-28 1.155E-04.07780.333 1789.04280.74-.002240          0 0 1          0 0 0  8  4  4        8  8  1      534223837260713049    51.0   51.0
 11 3072.932962 5.727E-29 3.366E-06.06910.298 1437.96860.690.003930          0 1 0          0 0 0 11  9  3       10  2  8      572230837260713049    23.0   21.0
 11 3073.007417 2.763E-26 1.456E-01.08610.371 2211.19060.71-.002000          0 3 0          0 1 0  5  3  3        6  2  4      464423837294713159    11.0   13.0
 11 3073.148157 5.395E-31 1.556E-01.07730.383 4490.06390.660.000000          0 2 1          0 0 1  6  3  4        6  4  3      4333308387659336 0    13.0   13.0
 11 3073.279167 1.519E-29 1.718E-01.02090.195 4027.50600.14-.006580          0 2 0          0 0 0 17  4 14       17  5 13      434233837260713049    35.0   35.0
 11 3073.307052 1.751E-30 1.004E-01.08880.434 4030.30610.720.000080          0 2 1          0 0 1  3  2  1        3  3  0      432230837294713152     7.0    7.0
 11 3073.310076 2.702E-30 7.185E-01.07010.235 4638.35060.64-.012700          0 3 0          0 1 0 14  4 10       14  5  9      432230837294713152    29.0   29.0
 11 3073.380734 3.971E-25 1.050E-02.08160.416 1411.61150.72-.005000          1 0 0          0 0 0  7  3  4        8  6  3      574723835960163059    45.0   51.0
 11 3073.574655 7.348E-31 8.436E-02.07880.395 4224.81680.710.000000          0 2 1          0 0 1  4  3  2        4  4  1      4333308387659336 0     9.0    9.0
 11 3073.752334 1.674E-29 1.482E-08.07810.371  648.97870.670.000000          0 2 0          0 0 0  5  3  2        6  3  4     q5322308079917122 0    33.0   39.0
 11 3073.759328 2.291E-30 1.288E-01.07170.391 4345.27190.63-.003780          0 2 1          0 0 1  5  3  3        5  4  2      432230837294713152    33.0   33.0
 11 3073.824931 4.073E-29 6.985E-01.07390.250 4285.64750.66-.010080          0 3 0          0 1 0 13  4  9       13  5  8      434233837294713152    81.0   81.0
 11 3073.874283 1.079E-27 1.437E-02.05050.250 2586.52970.53-.019510          1 0 0          0 0 0 13  2 12       13  5  9      534223837360713049    27.0   27.0
 11 3073.893810 3.208E-29 1.029E-02.04050.221 3269.53980.45-.017850          0 0 1          0 0 0 15  1 14       15  5 11      434233837260713049    31.0   31.0
 11 3073.895788 1.111E-28 7.819E-01.06600.265 3843.41040.600.000010          0 3 0          0 1 0 11  5  7       12  4  8      434233837294713152    23.0   25.0
 11 3073.948916 3.126E-29 3.303E+00.04260.250 4643.87080.40-.011260          1 1 0          0 1 0 12  6  7       13  7  6      434233837294713152    75.0   81.0
 11 3074.010882 1.528E-29 8.481E-09.07810.371  552.91140.670.000000          0 2 0          0 0 0  5  2  3        6  2  5     q5322308079917122 0    33.0   39.0
 11 3074.141385 4.920E-30 2.405E-01.08860.371 4350.69930.71-.002720          0 2 1          0 0 1  6  1  5        6  2  4      432230837294713152    39.0   39.0
 11 3074.253378 4.555E-28 6.585E-03.05030.265 2813.51220.51-.007320          1 0 0          0 0 0 12  5  8       12  8  5      434223837360713049    75.0   75.0
 11 3074.557808 7.261E-29 1.520E-01.08890.391 3626.92220.730.000190          0 4 0          0 2 0  4  3  2        5  2  3      434253837294713152    27.0   33.0
 11 3074.610114 2.217E-30 8.492E-02.07630.412 4224.85090.670.002340          0 2 1          0 0 1  4  3  1        4  4  0      432230837294713152    27.0   27.0
 11 3074.719221 8.220E-26 5.427E-01.04060.250 2426.19650.40-.019000          0 0 1          0 0 0 12  2 11       13  4 10      464423835960713059    25.0   27.0
 11 3074.810433 1.839E-29 4.167E+00.03710.265 4557.55490.36-.011120          1 1 0          0 1 0 11  7  5       12  8  4      434233837294713152    23.0   25.0
 11 3074.862870 5.525E-29 4.173E+00.03730.265 4557.54630.36-.010950          1 1 0          0 1 0 11  7  4       12  8  5      434233837294713152    69.0   75.0
 11 3074.888036 8.750E-30 1.055E-01.08880.434 3935.34470.720.000080          1 2 0          1 0 0  3  2  1        3  3  0      432230837294713152    21.0   21.0
 11 3075.070911 2.033E-30 6.140E-09.07340.352  709.60820.650.000000          0 2 0          0 0 0  6  2  4        7  2  6     q5322308079917122 0    13.0   15.0
 11 3075.227959 3.545E-28 5.850E-01.04720.265 3770.87890.45-.018220          0 1 1          0 1 0 11  2 10       12  4  9      434223837294713152    69.0   75.0
 11 3075.481803 2.235E-29 2.442E-01.08150.333 4071.73340.710.005130          0 4 0          0 2 0  7  3  4        8  2  7      434243837294713152    45.0   51.0
 11 3075.517331 6.569E-28 7.415E-01.09980.456 3221.96120.740.004630          0 4 0          0 2 0  3  1  3        2  0  2      534223837294713152     7.0    5.0
 11 3075.537001 4.281E-28 1.997E-02.04770.235 3084.83570.51-.023210          1 0 0          0 0 0 14  3 12       14  6  9      434223837360713049    87.0   87.0
 11 3075.727946 5.005E-29 1.804E-01.02680.195 4017.90840.240.000060          0 2 0          0 0 0 17  3 14       17  4 13      434233837260713049   105.0  105.0
 11 3076.092898 2.523E-30 2.324E-02.07670.412 3746.77600.67-.001600          0 4 0          0 2 0  5  3  3        4  4  0      432230837294713152    11.0    9.0
 11 3076.227181 1.203E-25 1.675E-01.05080.360 2105.86790.47-.000800          0 2 0          0 0 0 12  2 10       12  3  9      564723835960163059    25.0   25.0
 11 3076.231007 1.558E-30 3.662E-02.09180.391 4165.47380.72-.004140          1 2 0          0 0 1  5  2  3        5  2  4      432230837294713152    33.0   33.0
 11 3076.355755 1.131E-29 3.582E+00.04540.250 4643.38030.42-.003980          1 1 0          0 1 0 12  6  6       13  7  7      434233837294713152    25.0   27.0
 11 3076.449164 6.909E-28 1.298E-01.06150.298 3058.39840.55-.006530          1 1 0          0 1 0  9  1  9       10  2  8      434223837294713152    19.0   21.0
 11 3076.479091 2.191E-27 5.121E-05.07840.333 1411.61150.69-.008300          0 0 1          0 0 0  8  0  8        8  6  3      534223837260713049    51.0   51.0
 11 3076.497434 5.222E-30 3.434E-03.04300.221 3629.09610.56-.004330          0 0 1          0 0 0 14  5  9       15  7  8      434233837265713049    87.0   93.0
 11 3076.645903 1.208E-30 8.972E-02.07630.412 4134.79840.670.002340          1 2 0          1 0 0  4  3  1        4  4  0      432230837294713152     9.0    9.0
 11 3076.682395 2.293E-29 1.721E-07.06860.333 1122.70850.620.000000          1 0 0          0 0 0  6  2  5        8  4  5     q5422308079917122 0    39.0   51.0
 11 3076.715385 3.997E-25 4.726E-03.07470.370 1216.19450.67-.003500          1 0 0          0 0 0  6  3  4        7  6  1      574723835960163059    39.0   45.0
 11 3076.729103 4.359E-30 1.080E-01.07440.412 4135.01760.660.000690          1 2 0          1 0 0  4  3  2        4  4  1      432230837294713152    27.0   27.0
 11 3076.772341 2.974E-30 9.096E-04.06210.281 3441.03950.590.003040          0 3 0          0 1 0 12  2 11       11  3  8      432230837294713152    75.0   69.0
 11 3076.919319 5.740E-31 1.819E-04.04540.237 3266.51420.430.000000          0 0 1          0 0 0 15  1 14       14  7  7      4333308387659336 0    31.0   29.0
 11 3077.008391 1.759E-27 2.482E+00.01670.265 3512.40490.14-.004350          0 2 0          0 0 0 11 10  2       12 11  1      534223837260713049    23.0   25.0
 11 3077.008393 5.277E-27 2.482E+00.01670.265 3512.40490.14-.004350          0 2 0          0 0 0 11 10  1       12 11  2      534223837260713049    69.0   75.0
 11 3077.086192 3.200E-29 5.337E-09.09400.434  212.15640.730.000000          0 2 0          0 0 0  3  0  3        3  2  1     q5322308079917122 0    21.0   21.0
 11 3077.180221 2.862E-30 2.571E-01.08860.371 4249.52440.71-.002720          1 2 0          1 0 0  6  1  5        6  2  4      432230837294713152    13.0   13.0
 11 3077.212098 6.002E-28 6.900E-04.07730.315 2009.80500.73-.002010          0 0 1          0 0 0  9  4  5        9  8  2      534223837260713049    19.0   19.0
 11 3077.276268 2.379E-26 2.034E-02.09880.456 1743.48630.74-.003600          0 3 0          0 1 0  3  1  3        2  2  0      464423837294713159     7.0    5.0
 11 3077.288440 2.187E-29 9.594E-04.04000.221 2872.58050.470.011350          0 1 0          0 0 0 16  8  8       15  3 13      474233837260713049    33.0   31.0
 11 3077.298605 3.674E-29 1.915E-07.07590.315  920.21000.710.001960          0 1 0          0 0 0 10  8  2        9  1  9      572230837260713049    21.0   19.0
 11 3077.346933 3.291E-26 1.336E-05.08810.412  488.10770.710.001000          0 2 0          0 0 0  5  1  4        4  4  1      564423837260713059    33.0   27.0
 11 3077.425590 7.986E-30 1.060E-05.06150.281 2321.90570.64-.013680          1 0 0          0 0 0 12  2 11       11  7  4      432230837360713049    75.0   69.0
 11 3077.441732 7.905E-31 1.339E-01.06760.362 4345.55910.640.000000          0 2 1          0 0 1  5  3  2        5  4  1      4333308387659336 0    11.0   11.0
 11 3077.473543 3.476E-23 1.533E-01.07210.368  816.69420.67-.009024          0 2 0          0 0 0  7  2  6        7  3  5      587777835910162545    15.0   15.0
 11 3077.547240 3.514E-30 1.285E-01.07610.391 4256.24130.660.002160          1 2 0          1 0 0  5  3  2        5  4  1      432230837294713152    33.0   33.0
 11 3077.547557 2.734E-30 9.551E-02.09400.412 3927.80280.730.002480          1 2 0          1 0 0  3  2  2        4  1  3      432230837294713152     7.0    9.0
 11 3077.656487 7.691E-30 2.364E-02.07960.412 3746.76270.690.001540          0 4 0          0 2 0  5  3  2        4  4  1      432230837294713152    33.0   27.0
 11 3077.745526 3.952E-25 4.898E-03.07960.369 1255.16680.690.000000          0 0 1          0 0 0  7  1  7        8  5  4      574723835960163059    45.0   51.0
 11 3077.938302 5.124E-22 2.692E-01.09140.454  222.05280.71-.000627          0 2 0          0 0 0  3  1  3        4  0  4      587777835910162545     7.0    9.0
 11 3078.104668 3.512E-26 1.368E-04.07420.352  816.69420.64-.003000          0 2 0          0 0 0  8  0  8        7  3  5      564423837260713059    17.0   15.0
 11 3078.356509 3.565E-29 2.774E-05.05960.281 1985.78490.65-.005540          0 1 0          0 0 0 12 10  2       11  5  7      474233837260713049    25.0   23.0
 11 3078.399744 4.638E-30 2.483E-03.01850.183 3647.46130.50-.004860          0 1 0          0 0 0 19  5 14       18  2 17      472230837265713049   117.0  111.0
 11 3078.440347 1.443E-29 2.306E-01.08210.352 3894.16780.700.005440          0 4 0          0 2 0  6  3  3        7  2  6      434253837294713152    13.0   15.0
 11 3078.461447 3.176E-29 2.257E-01.01440.250 4087.98010.08-.002870          0 2 0          0 0 0 12 11  2       13 12  1      434233837260713049    75.0   81.0
 11 3078.461448 1.059E-29 2.258E-01.01440.250 4087.98010.08-.002870          0 2 0          0 0 0 12 11  1       13 12  2      434233837260713049    25.0   27.0
 11 3078.889714 3.366E-27 7.027E-06.07980.371  888.59870.69-.003690          0 2 0          0 0 0  7  2  5        6  5  2      534223837260713049    45.0   39.0
 11 3078.956081 5.804E-30 1.382E-01.08960.412 4126.46340.72-.000300          0 2 1          0 0 1  4  2  2        4  3  1      432230837294713152    27.0   27.0
 11 3078.975385 1.028E-27 3.748E-01.06460.281 3441.03950.58-.003630          1 1 0          0 1 0 10  2  9       11  3  8      434223837294713152    63.0   69.0
 11 3079.060323 4.136E-25 1.748E-01.04850.308 1843.02960.75-.013348          0 2 0          0 0 0 11  3  9       11  4  8      577777835910162545    23.0   23.0
 11 3079.270118 3.684E-28 4.229E-03.05430.281 2522.26130.55-.004280          1 0 0          0 0 0 11  5  7       11  8  4      534223837360713049    23.0   23.0
 11 3079.343603 1.299E-26 5.562E+00.02440.265 3266.76450.23-.005000          1 0 0          0 0 0 11  9  3       12 10  2      464423837360713059    23.0   25.0
 11 3079.343681 3.980E-26 5.681E+00.02440.265 3266.76440.23-.005000          1 0 0          0 0 0 11  9  2       12 10  3      454423835960713059    69.0   75.0
 11 3079.448722 2.494E-28 7.995E-05.03600.235 2073.51570.680.011180          0 1 0          0 0 0 15  6  9       14  1 14      474233837265713049    93.0   87.0
 11 3079.528959 4.877E-22 1.289E-01.09090.469  399.45750.67-.001035          0 2 0          0 0 0  5  0  5        5  1  4      587777835910162545    33.0   33.0
 11 3079.575558 3.411E-28 1.065E-01.08080.315 3139.47580.71-.013920          1 1 0          0 1 0  8  2  6        9  5  5      434223837294713152    17.0   19.0
 11 3079.667589 8.438E-27 1.100E-02.09410.412 1922.90110.73-.003560          0 3 0          0 1 0  5  1  5        4  2  2      434223837294713152    11.0    9.0
 11 3079.682674 5.543E-22 2.769E-01.10010.436  142.27850.77-.006142          0 2 0          0 0 0  2  0  2        3  1  3      587777835910162545     5.0    7.0
 11 3079.730483 1.178E-29 1.238E-08.08330.391  416.20870.690.000000          0 2 0          0 0 0  4  2  2        5  2  4     q5322308079917122 0     9.0   11.0
 11 3079.819522 1.518E-29 6.395E-01.10320.480 3791.70090.75-.006620          0 2 1          0 0 1  0  0  0        1  1  1      434243837294713152     3.0    9.0
 11 3079.926371 2.051E-23 1.794E-01.07560.393  982.91170.65-.000921          0 2 0          0 0 0  8  1  7        8  2  6      587777835910162545    17.0   17.0
 11 3080.090385 2.931E-30 6.550E-08.07810.371 1045.05830.670.000000          0 0 1          0 0 0  4  3  2        6  6  0     q5322308079917122 0     9.0   13.0
 11 3080.373646 1.449E-25 5.152E-03.07970.375 1216.18980.69-.001000          0 0 1          0 0 0  6  2  5        7  6  2      564723835960163059    13.0   15.0
 11 3080.468282 1.078E-30 1.139E-01.08580.391 4248.15250.71-.014560          1 2 0          0 0 1  5  3  3        5  3  2      432230837294713152    11.0   11.0
 11 3080.469435 2.740E-26 3.827E-02.06190.265 2105.86790.590.001000          1 0 0          0 0 0 12  0 12       12  3  9      564423837360713059    25.0   25.0
 11 3080.566483 6.084E-30 2.120E-01.10050.434 3926.86220.75-.002910          0 2 1          0 0 1  3  0  3        3  1  2      432230837294713152     7.0    7.0
 11 3080.661826 3.194E-30 2.409E-01.07950.315 4268.24090.700.005190          0 4 0          0 2 0  8  3  5        9  2  8      432230837294713152    17.0   19.0
 11 3080.704522 1.997E-27 2.277E-03.05820.298 2254.28380.59-.002770          1 0 0          0 0 0 10  5  6       10  8  3      534223837360713049    63.0   63.0
 11 3080.786158 3.470E-30 1.567E-01.08960.412 4031.85360.72-.000300          1 2 0          1 0 0  4  2  2        4  3  1      432230837294713152     9.0    9.0
 11 3080.863934 1.922E-27 3.713E+00.06160.221 3624.18130.610.002880          1 0 0          0 0 0 14  6  8       15  7  9      434223837360713049    29.0   31.0
 11 3080.867692 2.288E-29 7.629E-05.07060.265 2300.68500.72-.008510          0 1 0          0 0 0 13 10  4       12  5  7      474233837260713049    27.0   25.0
 11 3081.201103 1.428E-30 1.582E-01.08920.391 4257.78670.73-.011590          0 2 1          1 0 0  5  2  3        5  4  2      432230837294713152    11.0   11.0
 11 3081.285277 1.109E-29 8.374E-02.08600.352 3739.51880.710.001530          0 4 0          0 2 0  6  2  4        7  1  7      434243837294713152    13.0   15.0
 11 3081.314741 1.762E-29 1.486E-04.03110.235 2746.02350.32-.006300          0 2 0          0 0 0 15  1 14       14  4 11      434233837260713049    93.0   87.0
 11 3081.341942 5.752E-22 1.149E-01.09150.467  300.36230.69-.005481          0 2 0          0 0 0  4  1  4        4  2  3      587777835910162545    27.0   27.0
 11 3081.405451 1.074E-29 8.008E-08.07810.371 1045.05800.670.000000          0 0 1          0 0 0  4  3  1        6  6  1     q5322308079917122 0    27.0   39.0
 11 3081.539164 3.322E-29 5.850E-08.09940.456   70.09080.740.000000          0 2 0          0 0 0  0  0  0        2  0  2     q5322308079917122 0     1.0    5.0
 11 3081.799365 8.718E-30 6.838E-01.10320.480 3693.29360.75-.006620          1 2 0          1 0 0  0  0  0        1  1  1      432230837294713152     1.0    3.0
 11 3081.888301 2.289E-30 4.719E-09.06860.333  885.60020.620.000000          0 2 0          0 0 0  7  2  5        8  2  7     q5322308079917122 0    45.0   51.0
 11 3081.987672 2.352E-28 1.406E+00.04210.208 3870.20170.74-.022910          0 0 1          0 0 0 15  4 11       16  6 10      434233837265713049    31.0   33.0
 11 3082.192932 1.656E-28 3.476E-06.07380.333 1411.61150.670.001640          0 2 0          0 0 0  9  3  6        8  6  3      532230837260713049    57.0   51.0
 11 3082.254469 6.381E-29 4.228E+00.02880.281 4510.90160.28-.012410          1 1 0          0 1 0 10  8  3       11  9  2      434233837294713152    63.0   69.0
 11 3082.254806 2.127E-29 4.228E+00.02880.281 4510.90150.28-.012390          1 1 0          0 1 0 10  8  2       11  9  3      434233837294713152    21.0   23.0
 11 3082.410257 1.240E-26 3.582E-04.07600.315 1477.29740.68-.005000          1 0 0          0 0 0  9  0  9        9  5  4      564423837360713059    57.0   57.0
 11 3082.431730 1.748E-30 1.702E-01.07880.371 4491.36980.680.001590          0 2 1          0 0 1  6  3  3        6  4  2      432230837294713152    39.0   39.0
 11 3082.556245 6.466E-23 9.318E-02.08350.432  782.40980.660.000684          0 2 0          0 0 0  6  3  4        7  2  5      587777835910162545    39.0   45.0
 11 3082.606966 3.934E-22 1.273E-01.09020.461  399.45750.700.001872          0 2 0          0 0 0  4  2  3        5  1  4      587777835910162545    27.0   33.0
 11 3082.757208 7.637E-25 3.544E-01.05350.292 1843.02960.70-.019363          1 0 0          0 0 0 10  1  9       11  4  8      577777835910162545    21.0   23.0
 11 3082.778416 7.437E-31 1.134E-05.04700.268 2613.10460.530.000000          0 2 0          0 0 0 13  4 10       12  7  5      4333308387659336 0    27.0   25.0
 11 3082.795273 5.650E-26 1.817E-02.09600.434 1819.33510.73-.003000          0 3 0          0 1 0  4  1  4        3  2  1      554423835994713159    27.0   21.0
 11 3082.857136 3.180E-29 2.281E-01.10050.434 3827.39270.75-.002910          1 2 0          1 0 0  3  0  3        3  1  2      434233837294713152    21.0   21.0
 11 3082.885959 2.127E-25 9.805E-02.09740.477 1772.41340.740.002600          0 3 0          0 1 0  2  2  1        3  1  2      564723835994163159    15.0   21.0
 11 3083.303350 4.639E-25 4.310E-01.06640.326 1985.78490.65-.018000          1 0 0          0 0 0 10  2  8       11  5  7      587773835910162559    21.0   23.0
 11 3083.311257 2.225E-27 3.139E-01.06370.298 3224.54660.58-.019740          1 1 0          0 1 0  9  1  8       10  4  7      434223837294713152    57.0   63.0
 11 3083.449440 9.941E-31 3.053E-04.05250.317 3109.91160.610.000000          1 1 0          0 1 0  7  4  4        7  7  1      4333308387659336 0    15.0   15.0
 11 3083.452733 5.899E-30 6.039E-04.07610.352 3109.91160.72-.003230          1 1 0          0 1 0  7  4  3        7  7  0      432230837294713152    45.0   45.0
 11 3083.474920 9.993E-30 4.959E-06.06990.298 1875.46180.67-.011100          1 0 0          0 0 0 11  1 11       10  6  4      532230837360713049    23.0   21.0
 11 3083.477883 2.964E-28 1.810E-01.02410.208 3639.53800.18-.007520          0 2 0          0 0 0 16  4 13       16  5 12      434223837260713049    99.0   99.0
 11 3083.688045 3.451E-30 2.430E-03.07730.333 3306.29550.72-.002830          1 1 0          0 1 0  8  4  4        8  7  1      432230837294713152    17.0   17.0
 11 3083.753264 3.281E-30 2.697E-01.09340.391 4195.97100.73-.003850          0 2 1          0 0 1  5  1  4        5  2  3      432230837294713152    11.0   11.0
 11 3083.970343 1.269E-28 2.366E+00.07480.250 4285.64750.70-.017630          1 1 0          0 1 0 12  4  9       13  5  8      434233837294713152    75.0   81.0
 11 3084.078554 1.430E-26 8.016E-01.05410.235 2880.83420.510.000800          0 0 1          0 0 0 13  2 11       14  4 10      564423837260713059    27.0   29.0
 11 3084.278002 5.201E-30 1.547E-08.07340.352  931.23710.650.000000          0 2 0          0 0 0  6  4  3        7  4  3     q5322308079917122 0    39.0   45.0
 11 3084.483496 7.856E-30 1.408E-03.05460.221 3360.60020.510.000300          0 2 0          0 0 0 14  6  9       15  5 10      532230837260713049    87.0   93.0
 11 3084.583789 9.903E-27 6.059E-04.06960.315 1631.38300.65-.013300          1 0 0          0 0 0  9  1  8        9  6  3      534223837360713049    57.0   57.0
 11 3084.809705 1.377E-27 7.211E-01.08610.412 3381.70420.680.000850          0 4 0          0 2 0  5  0  5        4  1  4      434223837294713152    33.0   27.0
 11 3085.054432 6.649E-29 4.465E-01.04790.281 3832.25180.46-.005800          0 3 0          0 1 0 11  5  7       11  6  6      434233837294713152    23.0   23.0
 11 3085.357617 9.562E-25 1.209E+00.04520.282 2254.28380.510.001433          0 0 1          0 0 0  9  6  4       10  8  3      587777835910162545    57.0   63.0
 11 3085.398578 8.794E-30 1.344E-02.05450.265 3770.87890.55-.014160          0 1 1          0 1 0 12  0 12       12  4  9      432230837294713152    75.0   75.0
 11 3085.446406 5.752E-30 9.042E-05.08230.352 2724.16710.70-.009010          1 1 0          0 1 0  7  0  7        7  5  2      432230837294713152    45.0   45.0
 11 3085.506624 1.396E-25 3.545E+00.05900.344 2927.94130.630.000000          0 0 1          0 0 0 12  5  7       13  7  6      564723835978163059    75.0   81.0
 11 3085.535953 1.592E-28 1.439E-05.06070.265 1557.84440.640.005600          0 1 0          0 0 0 13  7  7       12  0 12      574233837260713049    27.0   25.0
 11 3085.558848 3.186E-25 1.208E+00.04910.293 2254.28450.820.001000          0 0 1          0 0 0  9  6  3       10  8  2      577773835910162559    19.0   21.0
 11 3085.600109 4.327E-30 4.690E-01.04130.250 4437.39980.39-.008530          0 3 0          0 1 0 13  5  9       13  6  8      432230837294713152    27.0   27.0
 11 3085.623702 1.235E-29 1.661E-01.09920.456 3887.11420.75-.002640          0 2 1          0 0 1  2  1  1        2  2  0      434243837294713152    15.0   15.0
 11 3085.689640 3.912E-25 2.334E+00.05080.333 2612.79980.640.002000          0 0 1          0 0 0 11  5  7       12  7  6      577773835910162559    69.0   75.0
 11 3085.713302 3.384E-31 1.036E-05.04620.271 2740.42080.510.000000          1 0 0          0 0 0 12  4  8       11  9  3      5333308387659336 0    25.0   23.0
 11 3085.797232 9.872E-30 4.807E-09.09940.456  136.16390.740.000000          0 2 0          0 0 0  2  0  2        2  2  0     q5222308079917122 0     5.0    5.0
 11 3085.900750 1.671E-29 2.819E-01.09340.391 4095.92000.73-.003850          1 2 0          1 0 0  5  1  4        5  2  3      434223837294713152    33.0   33.0
 11 3086.019375 1.940E-26 1.524E-04.07610.333  982.91170.66-.002000          0 2 0          0 0 0  9  1  9        8  2  6      564423837260713059    19.0   17.0
 11 3086.133189 2.369E-25 4.967E-01.04570.272 2414.72340.44-.013000          0 0 1          0 0 0 12  1 11       13  3 10      574723835960163059    75.0   81.0
 11 3086.791033 6.748E-30 1.699E-01.09920.456 3789.96940.75-.002640          1 2 0          1 0 0  2  1  1        2  2  0      432230837294713152     5.0    5.0
 11 3086.971087 1.130E-29 6.939E-03.07800.315 3526.62750.72-.002680          1 1 0          0 1 0  9  4  5        9  7  2      434233837294713152    57.0   57.0
 11 3087.192083 2.070E-22 1.564E-01.07680.413  648.97870.60-.008030          0 2 0          0 0 0  6  2  5        6  3  4      587777835910162545    39.0   39.0
 11 3087.285194 3.324E-30 2.165E-01.08920.371 4408.02880.73-.003050          0 2 1          0 0 1  6  2  4        6  3  3      432230837294713152    39.0   39.0
 11 3087.517002 1.939E-28 2.181E-02.04500.235 3264.33740.47-.023050          1 0 0          0 0 0 14  4 11       14  7  8      434233837360713049    87.0   87.0
 11 3087.709334 8.150E-26 2.333E-04.08780.371  888.59870.72-.004000          1 0 0          0 0 0  5  0  5        6  5  2      564423835960713059    33.0   39.0
 11 3087.766725 8.433E-30 1.888E-01.08990.391 4153.93810.73-.001410          1 2 0          1 0 0  5  2  3        5  3  2      432230837294713152    33.0   33.0
 11 3087.775648 2.940E-28 1.116E+00.05260.265 3940.51940.50-.020640          0 1 1          0 1 0 11  3  9       12  5  8      434223837294713152    69.0   75.0
 11 3087.937668 1.157E-28 1.969E-01.03470.208 3623.76500.330.001890          0 2 0          0 0 0 16  3 13       16  4 12      434233837260713049    33.0   33.0
 11 3088.002436 2.662E-28 2.275E-01.08880.412 3482.06450.70-.003510          0 4 0          0 2 0  5  1  4        4  2  3      434243837294713152    33.0   27.0
 11 3088.057651 6.317E-30 1.555E-04.03590.235 2739.42850.380.001520          0 2 0          0 0 0 15  2 14       14  3 11      432230837260713049    31.0   29.0
 11 3088.138081 7.880E-26 1.953E-01.06580.265 2205.65270.600.000000          0 2 0          0 0 0 11  5  7       12  4  8      464423835960713059    23.0   25.0
 11 3088.248371 6.681E-29 1.964E-01.08260.371 3736.17080.690.005100          0 4 0          0 2 0  5  3  2        6  2  5      434253837294713152    33.0   39.0
 11 3088.308955 1.867E-30 1.642E-08.07340.352  927.74390.650.000000          0 2 0          0 0 0  6  4  2        7  4  4     q5322308079917122 0    13.0   15.0
 11 3088.355713 1.538E-29 2.748E-01.09650.412 4066.12260.74-.003930          0 2 1          0 0 1  4  1  3        4  2  2      434243837294713152    27.0   27.0
 11 3088.399897 4.130E-24 1.797E-01.05440.325 1581.33600.57-.013703          0 2 0          0 0 0 10  3  8       10  4  7      587777835910162545    63.0   63.0
 11 3088.416198 1.209E-28 4.850E+00.05560.250 4442.71290.52-.019370          1 1 0          0 1 0 12  5  8       13  6  7      434233837294713152    75.0   81.0
 11 3088.455105 1.005E-29 1.670E-01.10420.456 3825.21310.760.002150          0 2 1          0 0 1  1  1  1        2  0  2      434223837294713152     9.0   15.0
 11 3088.490509 4.605E-30 3.579E-02.04970.195 4174.28750.52-.004710          0 0 1          0 0 0 17  3 15       17  5 12      432230837260713049   105.0  105.0
 11 3088.572848 5.796E-30 2.419E-01.09790.434 3962.91790.75-.003720          0 2 1          0 0 1  3  1  2        3  2  1      432230837294713152     7.0    7.0
 11 3088.639182 4.512E-28 9.300E-01.05390.315 3526.62490.53-.004110          0 1 1          0 1 0  8  5  4        9  7  3      434223837294713152    17.0   19.0
 11 3088.677050 6.974E-28 4.668E-01.05080.298 3564.70500.50-.005660          0 3 0          0 1 0 10  5  6       10  6  5      434223837294713152    63.0   63.0
 11 3088.938384 1.866E-30 2.247E-01.08920.371 4308.21130.73-.003050          1 2 0          1 0 0  6  2  4        6  3  3      432230837294713152    13.0   13.0
 11 3089.054082 3.214E-29 1.777E-08.08330.391  508.81210.690.000000          0 2 0          0 0 0  4  3  2        5  3  2     q5322308079917122 0    27.0   33.0
 11 3089.319243 1.894E-27 7.756E-01.09440.434 3289.24250.730.002700          0 4 0          0 2 0  4  1  4        3  0  3      434223837294713152    27.0   21.0
 11 3089.341529 1.355E-27 9.314E-01.05570.315 3526.62750.55-.002750          0 1 1          0 1 0  8  5  3        9  7  2      434223837294713152    51.0   57.0
 11 3089.369298 1.508E-30 7.388E-05.06450.235 2880.83420.64-.004820          1 0 0          0 0 0 15  1 15       14  4 10      432230837360713049    31.0   29.0
 11 3089.396013 3.507E-31 2.055E-01.06950.349 4663.15070.640.000000          0 2 1          0 0 1  7  3  4        7  4  3      4333308387659336 0    15.0   15.0
 11 3089.630457 2.904E-25 1.905E-04.08000.423  648.97870.67-.003000          0 2 0          0 0 0  7  0  7        6  3  4      574723835960163059    45.0   39.0
 11 3089.687335 1.845E-29 7.924E-08.06860.333 1006.11590.620.000000          1 0 0          0 0 0  6  1  6        8  3  6     q5322308079917122 0    39.0   51.0
 11 3089.740045 8.550E-30 1.923E-07.07810.371 1045.05830.670.000000          1 0 0          0 0 0  4  4  0        6  6  0     q5322308079917122 0     9.0   13.0
 11 3089.959663 2.369E-29 1.776E-07.07810.371 1045.05800.670.000000          1 0 0          0 0 0  4  4  1        6  6  1     q5422308079917122 0    27.0   39.0
 11 3090.063787 9.980E-30 3.956E-06.06640.298 2054.34520.640.008140          0 2 0          0 0 0 11  4  7       10  7  4      532230837260713049    69.0   63.0
 11 3090.067606 6.251E-28 4.246E-01.05210.315 3320.92980.52-.004800          0 3 0          0 1 0  9  5  5        9  6  4      434223837294713152    19.0   19.0
 11 3090.067624 4.466E-29 3.797E-01.04450.265 4123.28530.42-.007960          0 3 0          0 1 0 12  5  8       12  6  7      434233837294713152    75.0   75.0
 11 3090.069573 2.889E-29 2.496E-01.09790.434 3864.76380.75-.003720          1 2 0          1 0 0  3  1  2        3  2  1      434223837294713152    21.0   21.0
 11 3090.078620 1.494E-25 8.363E-05.09460.430  285.21930.73-.005000          0 2 0          0 0 0  4  0  4        3  3  1      564723835960163059     9.0    7.0
 11 3090.084518 5.090E-31 2.991E-01.07120.352 4689.32860.650.000000          1 2 0          1 0 0  8  2  6        8  3  5      4333308387659336 0    17.0   17.0
 11 3090.321673 2.529E-29 3.771E-02.03940.208 3822.24600.44-.022190          0 0 1          0 0 0 16  2 14       16  6 11      434233837260713049    99.0   99.0
 11 3090.480974 6.900E-27 1.241E+00.06310.221 3360.60020.59-.017330          0 0 1          0 0 0 14  3 11       15  5 10      434223837260713049    87.0   93.0
 11 3090.559048 8.443E-30 2.793E-01.09650.412 3966.55930.74-.003930          1 2 0          1 0 0  4  1  3        4  2  2      432230837294713152     9.0    9.0
 11 3090.627308 2.361E-28 4.754E-01.05350.298 3565.00350.53-.000200          0 3 0          0 1 0 10  5  5       10  6  4      434233837294713152    21.0   21.0
 11 3090.640641 1.143E-29 2.259E-07.07340.352 1059.64670.650.000000          1 0 0          0 0 0  5  3  3        7  5  3     q5322308079917122 0    11.0   15.0
 11 3090.645777 2.291E-28 5.169E-01.05380.281 3833.14440.520.003770          0 3 0          0 1 0 11  5  6       11  6  5      434233837294713152    69.0   69.0
 11 3090.841939 4.204E-27 3.656E-01.05080.333 3101.12380.51-.002710          0 3 0          0 1 0  8  5  4        8  6  3      434223837294713152    51.0   51.0
 11 3090.862279 1.888E-27 4.278E-01.05270.315 3321.01330.53-.002130          0 3 0          0 1 0  9  5  4        9  6  3      434223837294713152    57.0   57.0
 11 3091.006814 2.155E-29 5.562E-01.05460.265 4125.59900.520.005920          0 3 0          0 1 0 12  5  7       12  6  6      434233837294713152    25.0   25.0
 11 3091.053493 6.619E-29 4.710E-01.06880.265 3843.41040.62-.011640          1 1 0          0 1 0 11  3  9       12  4  8      434233837294713152    23.0   25.0
 11 3091.080443 5.889E-28 4.968E-01.08820.391 3478.98650.70-.000440          0 4 0          0 2 0  5  1  4        5  0  5      434223837294713152    33.0   33.0
 11 3091.102426 1.399E-27 3.651E-01.05140.333 3101.14220.52-.001640          0 3 0          0 1 0  8  5  3        8  6  2      434223837294713152    17.0   17.0
 11 3091.332530 2.505E-27 2.862E-01.05040.352 2905.43060.520.000300          0 3 0          0 1 0  7  5  3        7  6  2      434223837294713152    15.0   15.0
 11 3091.409796 7.509E-27 2.860E-01.05070.352 2905.43350.520.000720          0 3 0          0 1 0  7  5  2        7  6  1      434223837294713152    45.0   45.0
 11 3091.669450 9.074E-27 1.733E-01.05080.371 2733.96270.560.004210          0 3 0          0 1 0  6  5  2        6  6  1      434223837294713152    39.0   39.0
 11 3091.685673 3.024E-27 1.733E-01.05080.371 2733.96290.560.004390          0 3 0          0 1 0  6  5  1        6  6  0      434223837294713152    13.0   13.0
 11 3091.718819 1.600E-29 5.956E-01.05530.250 4442.71290.510.003480          0 3 0          0 1 0 13  5  8       13  6  7      434233837294713152    81.0   81.0
 11 3091.763734 3.496E-29 1.800E-04.06950.250 2629.33450.70-.008890          0 1 0          0 0 0 14 10  5       13  5  8      474233837260713049    87.0   81.0
 11 3091.777485 2.390E-29 2.686E-01.10450.456 3849.38540.76-.005290          0 2 1          0 0 1  2  0  2        2  1  1      434223837294713152    15.0   15.0
 11 3091.890403 1.211E-30 2.662E-05.04210.250 2927.94130.44-.014510          0 2 0          0 0 0 14  4 11       13  7  6      432230837260713049    87.0   81.0
 11 3092.021545 6.150E-26 2.203E-03.08170.352 1216.18980.72-.004000          1 0 0          0 0 0  6  3  3        7  6  2      554423835960713059    13.0   15.0
 11 3092.126219 3.558E-30 2.929E-01.08800.352 4484.99220.72-.004280          1 2 0          1 0 0  7  2  5        7  3  4      432230837294713152    45.0   45.0
 11 3092.285532 3.387E-25 9.834E-02.07210.384 1724.70540.59-.014000          0 0 1          0 0 0  9  1  8       10  5  5      577773835910162559    19.0   21.0
 11 3092.368979 5.863E-30 1.809E-01.10420.456 3725.94200.760.002150          1 2 0          1 0 0  1  1  1        2  0  2      432230837294713152     3.0    5.0
 11 3092.387092 7.318E-29 1.893E-08.08870.412  300.36230.710.000000          0 2 0          0 0 0  3  2  1        4  2  3     q5322308079917122 0    21.0   27.0
 11 3092.405332 1.099E-30 1.279E-01.06020.371 4526.71980.56-.000740          1 2 0          1 0 0  6  4  3        6  5  2      432230837294713152    39.0   39.0
 11 3092.430146 1.733E-24 2.131E-01.06020.351 1813.22340.55-.000604          0 2 0          0 0 0 11  2  9       11  3  8      587777835910162545    69.0   69.0
 11 3092.474201 1.157E-30 6.354E-01.05660.235 4784.99990.51-.003560          0 3 0          0 1 0 14  5  9       14  6  8      432230837294713152    29.0   29.0
 11 3092.605306 3.892E-31 7.943E-02.06760.362 4381.90400.640.000000          1 2 0          1 0 0  5  4  2        5  5  1      4333308387659336 0    11.0   11.0
 11 3092.710262 1.164E-30 7.919E-02.06260.391 4381.90400.610.003780          1 2 0          1 0 0  5  4  1        5  5  0      432230837294713152    33.0   33.0
 11 3092.862193 2.424E-26 3.993E+00.06060.235 3101.44100.58-.006000          1 0 0          0 0 0 13  5  9       14  6  8      464423837360713059    27.0   29.0
 11 3092.887444 3.669E-31 1.281E-01.05510.333 4526.72040.610.000000          1 2 0          1 0 0  6  4  2        6  5  1      4333308387659336 0    13.0   13.0
 11 3092.959078 2.504E-29 2.369E-03.07590.315 3141.04600.68-.011160          0 1 1          0 1 0  9  1  9        9  5  4      434233837294713152    57.0   57.0
 11 3093.024817 9.999E-31 7.331E-02.04140.195 4409.34430.340.000000          0 0 1          0 0 0 17  3 14       17  7 11      4333308387659336 0    35.0   35.0
 11 3093.100552 5.988E-28 1.945E-01.02820.221 3269.53980.24-.008940          0 2 0          0 0 0 15  4 12       15  5 11      434223837260713049    31.0   31.0
 11 3093.569437 6.870E-26 4.635E+00.03550.250 3127.86190.330.000000          1 0 0          0 0 0 12  7  6       13  8  5      564423835960713059    75.0   81.0
 11 3093.679221 7.252E-25 4.988E-02.07880.315 1631.38300.70-.012000          0 0 1          0 0 0  8  2  6        9  6  3      564423837260713059    51.0   57.0
 11 3093.689637 2.427E-22 1.193E-01.09630.447  206.30140.72-.005010          0 2 0          0 0 0  3  1  3        3  2  2      587777835910162545     7.0    7.0
 11 3093.763166 5.630E-26 1.799E+00.04890.250 2748.09960.470.000000          0 0 1          0 0 0 12  4  9       13  6  8      554423835960713059    25.0   27.0
 11 3093.770702 1.373E-29 2.866E-01.10450.456 3750.46450.76-.005290          1 2 0          1 0 0  2  0  2        2  1  1      434223837294713152     5.0    5.0
 11 3093.772163 3.409E-30 1.869E-02.07650.298 3770.72440.70-.001790          1 1 0          0 1 0 10  4  6       10  7  3      432230837294713152    21.0   21.0
 11 3093.820299 2.359E-26 4.774E+00.03590.250 3127.80280.34-.006000          1 0 0          0 0 0 12  7  5       13  8  6      464423837360713059    25.0   27.0
 11 3093.836268 2.235E-28 1.653E+00.05450.281 3832.25180.50-.013310          0 1 1          0 1 0 10  4  7       11  6  6      434233837294713152    21.0   23.0
 11 3094.036964 4.070E-31 2.130E-04.05790.299 3323.26980.560.000000          1 0 0          0 1 0 12  8  4       11  3  9      4333308387659336 0    25.0   23.0
 11 3094.102636 3.210E-29 2.121E-07.07340.352 1059.83550.650.000000          1 0 0          0 0 0  5  3  2        7  5  2     q5422308079917122 0    33.0   45.0
 11 3094.291592 1.083E-30 3.225E+00.06250.221 5132.52170.57-.002690          1 1 0          0 1 0 14  5  9       15  6 10      432230837294713152    29.0   31.0
 11 3094.547824 1.146E-22 1.524E-01.08130.397  503.96810.65-.007541          0 2 0          0 0 0  5  2  4        5  3  3      587777835910162545    11.0   11.0
 11 3094.636002 3.566E-30 2.301E-01.07470.298 4483.22780.680.005690          0 4 0          0 2 0  9  3  6       10  2  9      432230837294713152    57.0   63.0
 11 3094.758941 1.214E-29 1.974E-08.08330.391  503.96810.690.000000          0 2 0          0 0 0  4  3  1        5  3  3     q5322308079917122 0     9.0   11.0
 11 3095.424973 3.292E-29 4.522E-04.04950.221 2631.28350.570.014410          0 1 0          0 0 0 16  7  9       15  2 14      474233837260713049    33.0   31.0
 11 3095.944848 1.547E-21 3.198E-01.10300.471   79.49640.76-.006333          0 2 0          0 0 0  1  0  1        2  1  2      587777835910162545     9.0   15.0
 11 3096.055646 4.082E-24 1.839E-01.05940.361 1340.88490.58-.012456          0 2 0          0 0 0  9  3  7        9  4  6      587777835910162545    19.0   19.0
 11 3096.084289 1.873E-25 2.110E-04.08500.391  503.96810.69-.011300          0 2 0          0 0 0  6  0  6        5  3  3      564423837260713059    13.0   11.0
 11 3096.285700 1.684E-30 3.158E-10.09400.434  285.41860.730.000000          0 2 0          0 0 0  4  1  4        3  3  0     q5222308079917122 0    27.0   21.0
 11 3096.469589 7.197E-25 1.771E-04.09140.420  382.51690.95-.012400          0 2 0          0 0 0  5  0  5        4  3  2      587773835910162559    33.0   27.0
 11 3096.609703 2.859E-30 1.873E-05.06760.265 2437.50190.68-.013840          0 0 1          0 0 0 13  0 13       12  6  6      432230837260713049    27.0   25.0
 11 3096.656875 2.344E-29 1.353E-04.03610.250 2426.19650.37-.007220          0 2 0          0 0 0 14  1 13       13  4 10      434233837260713049    29.0   27.0
 11 3096.882308 3.227E-28 8.233E-01.09600.412 3438.57500.740.004130          0 4 0          0 2 0  4  2  2        4  1  3      434223837294713152     9.0    9.0
 11 3096.926401 1.677E-22 2.114E-01.08420.447  782.40980.70-.003562          0 2 0          0 0 0  7  1  6        7  2  5      587777835910162545    45.0   45.0
 11 3097.053498 2.830E-27 1.043E+00.04240.235 3266.51420.40-.012940          1 0 0          0 0 0 13  6  8       14  7  7      434223837360713049    27.0   29.0
 11 3097.124139 2.346E-28 8.112E-04.06900.298 2254.28450.69-.000390          1 0 0          0 0 0 10  5  5       10  8  2      534233837360713049    21.0   21.0
 11 3097.290807 4.144E-26 5.754E+00.03070.265 3032.69040.30-.005000          1 0 0          0 0 0 11  8  4       12  9  3      464423837360713059    23.0   25.0
 11 3097.293981 1.107E-25 5.124E+00.03070.154 3032.68980.30-.006000          1 0 0          0 0 0 11  8  3       12  9  4      464723835960163059    69.0   75.0
 11 3097.319800 6.061E-25 2.290E-02.07050.365 1255.91160.67-.012000          1 0 0          0 0 0  7  2  6        8  5  3      587723835910163059    15.0   17.0
 11 3097.331774 1.236E-28 3.229E-05.05570.265 1774.61630.620.005560          0 1 0          0 0 0 13  8  6       12  1 11      474233837260713049    27.0   25.0
 11 3097.923984 8.399E-28 3.262E-04.06520.315 2009.80510.66-.001290          1 0 0          0 0 0  9  5  4        9  8  1      534223837360713049    57.0   57.0
 11 3097.926799 2.064E-28 1.986E-02.05080.221 3244.60060.53-.004180          0 0 1          0 0 0 15  2 14       15  4 11      434233837260713049    93.0   93.0
 11 3098.000487 6.723E-26 9.823E-01.04670.250 2586.52970.45-.023000          0 0 1          0 0 0 12  3 10       13  5  9      464423837260713059    25.0   27.0
 11 3098.166163 7.172E-30 3.137E-01.10550.480 3796.98160.76-.007530          0 2 1          0 0 1  1  0  1        1  1  0      432230837294713152     3.0    3.0
 11 3098.490530 4.500E-31 2.832E-04.02060.232 3391.13080.400.000000          1 0 0          0 1 0 14  4 10       13  1 13      4333308387659336 0    29.0   27.0
 11 3098.544307 9.208E-29 1.073E-04.06210.315 2009.80500.64-.002440          1 0 0          0 0 0  9  5  5        9  8  2      534233837360713049    19.0   19.0
 11 3098.799758 3.227E-30 2.679E-01.08170.333 4259.87640.71-.002480          0 4 0          0 2 0  7  4  4        8  3  5      432230837294713152    15.0   17.0
 11 3098.816256 6.645E-24 8.430E-02.07890.389 1282.91910.69-.003884          0 2 0          0 0 0  8  4  5        9  3  6      587777835910162545    51.0   57.0
 11 3098.899103 6.390E-28 8.249E-01.09270.391 3565.45460.730.003700          0 4 0          0 2 0  5  2  3        5  1  4      434223837294713152    33.0   33.0
 11 3099.015435 4.905E-30 3.981E-04.06400.235 2983.39640.64-.007840          0 1 0          0 0 0 15 10  6       14  5  9      472230837260713049    31.0   29.0
 11 3099.069232 4.627E-28 1.794E-03.07040.281 2522.26520.700.000130          1 0 0          0 0 0 11  5  6       11  8  3      534223837360713049    69.0   69.0
 11 3099.165815 8.233E-30 9.849E-06.06530.298 2054.36870.66-.011710          1 0 0          0 0 0 11  2 10       10  7  3      432230837360713049    23.0   21.0
 11 3099.235892 9.427E-30 4.504E-02.07480.391 3868.98700.66-.005320          0 4 0          0 2 0  6  3  4        5  4  1      432230837294713152    39.0   33.0
 11 3099.361858 3.080E-27 4.509E-03.05840.281 2321.90570.59-.015270          0 0 1          0 0 0 11  3  9       11  7  4      534223837260713049    69.0   69.0
 11 3099.363934 3.379E-30 4.358E-04.06670.298 3224.54660.62-.013680          1 1 0          0 1 0 10  1 10       10  4  7      432230837294713152    63.0   63.0
 11 3099.419887 1.544E-29 3.209E+00.01660.298 4497.19240.14-.014340          1 1 0          0 1 0  9  9  1       10 10  0      434233837294713152    19.0   21.0
 11 3099.419887 4.633E-29 3.210E+00.01660.298 4497.19240.14-.014350          1 1 0          0 1 0  9  9  0       10 10  1      434233837294713152    57.0   63.0
 11 3099.506337 7.930E-25 2.024E-01.04400.261 1962.50690.43-.010000          0 0 1          0 0 0 11  1 11       12  3 10      564723835960163059    69.0   75.0
 11 3099.547596 4.499E-22 1.355E-01.08380.417  382.51690.66-.006542          0 2 0          0 0 0  4  2  3        4  3  2      587777835910162545    27.0   27.0
 11 3099.562484 1.113E-27 7.355E-01.09740.434 3334.62660.740.004120          0 4 0          0 2 0  3  2  1        3  1  2      434223837294713152    21.0   21.0
 11 3099.752213 1.165E-27 4.780E-02.08330.333 2919.63300.70-.010140          1 1 0          0 1 0  7  2  5        8  5  4      434223837294713152    45.0   51.0
 11 3099.800921 3.085E-22 1.658E-01.09630.485  275.49700.73-.002075          0 2 0          0 0 0  4  0  4        4  1  3      587777835910162545     9.0    9.0
