 11 1860.022358 3.207E-27 3.650E-01.08380.298 3162.25890.700.001740          0 0 1          0 1 0  9  3  6       10  3  7      534426837294713152    19.0   21.0
 11 1860.161760 6.055E-29 1.975E+00.08100.391 4248.15250.70-.001910          0 1 1          0 0 1  6  4  3        5  3  2      434233837294713152    13.0   11.0
 11 1860.340569 7.388E-30 2.647E-02.02330.235 4184.83120.16-.018370          0 0 1          0 1 0 14  1 13       14  3 12      434233837294713152    87.0   87.0
 11 1860.372353 4.372E-29 2.139E-07.07810.371 1045.05830.670.000000          0 1 0          0 0 0  7  6  2        6  6  0     q5422308079917122 0    15.0   13.0
 11 1860.375600 1.311E-28 2.138E-07.07810.371 1045.05800.670.000000          0 1 0          0 0 0  7  6  1        6  6  1     q5422308079917122 0    45.0   39.0
 11 1860.485440 5.221E-29 2.420E-07.07340.352 1059.64670.650.000000          0 1 0          0 0 0  8  5  3        7  5  3     q5422308079917122 0    17.0   15.0
 11 1860.916347 3.591E-22 1.088E+01.02190.214 1525.13600.06-.003662          0 1 0          0 0 0 12  1 11       11  2 10      587777835910162545    25.0   23.0
 11 1860.923776 3.897E-27 1.965E-07.08870.412  300.36230.710.000000          0 1 0          0 0 0  6  2  5        4  2  3     q5422308079917122 0    39.0   27.0
 11 1861.111941 1.261E-26 7.732E-01.03110.250 3347.78340.320.000000          0 1 0          0 0 0 14  8  7       13  9  4      474423837260713059    87.0   81.0
 11 1861.211498 4.203E-27 7.732E-01.03120.250 3347.78050.320.000810          0 1 0          0 0 0 14  8  6       13  9  5      474426837260713049    29.0   27.0
 11 1861.531559 1.079E-21 1.089E+01.02260.218 1524.84790.08-.001142          0 1 0          0 0 0 12  2 11       11  1 10      587777835910162545    75.0   69.0
 11 1861.649190 1.067E-28 1.476E+01.03910.281 4905.65360.350.005790          0 3 0          0 2 0 12  3 10       11  2  9      434233837294713152    75.0   69.0
 11 1861.666189 1.368E-29 3.070E+01.01290.235 5523.1174-.11-.000680          0 3 0          0 2 0 15  1 14       14  2 13      434233837294713152    93.0   87.0
 11 1861.753384 4.193E-30 4.482E-02.02260.235 4183.38900.14-.015620          0 0 1          0 1 0 14  2 13       14  2 12      432230837294713152    29.0   29.0
 11 1861.850130 2.182E-24 8.795E-01.09210.474 1922.82900.760.002600          0 2 0          0 1 0  6  2  4        5  1  5      587773835910162559    13.0   11.0
 11 1862.005744 1.805E-26 1.661E-01.07960.333 2595.81290.670.006000          1 0 0          0 1 0  7  3  5        8  2  6      564423837294713159    15.0   17.0
 11 1862.034157 2.144E-30 2.088E-01.08690.352 4527.94940.720.005980          1 1 0          0 0 1  8  4  4        7  2  5      432230837294713152    17.0   15.0
 11 1862.264665 7.881E-28 2.847E-05.06470.281 1525.13600.630.011150          0 1 0          0 0 0 10  5  5       11  2 10      574223837260713049    21.0   23.0
 11 1862.440381 5.210E-29 2.470E-01.09050.391 4076.89590.720.002680          0 1 1          0 0 1  6  2  4        5  1  5      434233837294713152    39.0   33.0
 11 1862.477878 9.796E-30 8.759E-10.07810.371  447.25240.670.000000          0 1 0          0 0 0  7  1  6        6  1  6     q5322308079917122 0    45.0   39.0
 11 1862.480699 4.563E-30 3.071E+01.01280.235 5522.8534-.11-.000590          0 3 0          0 2 0 15  2 14       14  1 13      432230837294713152    31.0   29.0
 11 1862.641775 2.045E-27 3.513E-02.08350.352 2724.04140.72-.000860          0 0 1          0 1 0  7  3  4        7  5  3      534426837294713152    15.0   15.0
 11 1862.787997 8.061E-27 3.592E-01.06030.333 2920.13210.55-.014640          0 0 1          0 1 0  7  5  2        8  5  3      534426837294713152    15.0   17.0
 11 1862.877250 6.550E-26 3.614E-01.06310.333 2490.35410.530.005760          1 0 0          0 1 0  7  2  6        8  1  7      564423835994713159    15.0   17.0
 11 1862.955955 1.125E-23 8.035E+00.07440.355 2005.91700.72-.005541          0 2 0          0 1 0  5  4  2        4  3  1      587777835910162545    11.0    9.0
 11 1862.981903 1.895E-26 2.234E+00.03310.221 3269.53980.29-.001600          0 1 0          0 0 0 15  6 10       15  5 11      474423837260713059    31.0   31.0
 11 1863.029096 2.423E-26 3.592E-01.05820.333 2919.63300.53-.006000          0 0 1          0 1 0  7  5  3        8  5  4      564423837294713159    45.0   51.0
 11 1863.032791 1.181E-29 3.098E+00.02330.208 5094.08430.160.002860          0 2 0          0 1 0 16  5 12       16  4 13      434233837294713152    99.0   99.0
 11 1863.034281 2.216E-29 1.396E-01.08480.250 4285.64750.76-.023820          1 0 0          0 1 0 13  4  9       13  5  8      434233837294713152    81.0   81.0
 11 1863.036847 2.340E-26 4.496E-01.08270.315 2998.76630.70-.002000          0 0 1          0 1 0  8  4  4        9  4  5      564423837294713159    51.0   57.0
 11 1863.067509 1.951E-26 3.703E+00.04700.281 3323.26980.470.000000          1 0 0          0 1 0 12  0 12       11  3  9      464423837294713159    25.0   23.0
 11 1863.490355 4.028E-29 3.537E-01.09050.391 3977.45640.720.002680          1 1 0          1 0 0  6  2  4        5  1  5      434233837294713152    13.0   11.0
 11 1863.592522 6.090E-30 7.159E-02.07410.371 4292.90990.62-.018110          0 1 1          1 0 0  7  3  5        6  3  4      432230837294713152    45.0   39.0
 11 1863.624653 3.275E-30 4.449E-02.06580.352 4348.41470.54-.003750          0 1 1          1 0 0  8  1  7        7  1  6      432230837294713152    51.0   45.0
 11 1863.638557 2.111E-28 2.146E-08.09400.434  142.27850.730.000000          0 1 0          0 0 0  4  3  1        3  1  3     q5322308079917122 0     9.0    7.0
 11 1863.661170 8.300E-26 1.422E+00.02180.182 2872.58050.140.003800          0 1 0          0 0 0 15  4 12       15  3 13      444723835960163059    31.0   31.0
 11 1863.691531 2.120E-25 1.208E+01.05000.326 3058.39840.460.008770          0 2 0          0 1 0 11  3  9       10  2  8      554723835994163159    23.0   21.0
 11 1864.056008 1.410E-22 1.656E+01.00820.152 2073.51570.08-.003869          0 1 0          0 0 0 15  0 15       14  1 14      487777835910162545    93.0   87.0
 11 1864.057889 4.693E-23 1.654E+01.00930.143 2073.51500.08-.004080          0 1 0          0 0 0 15  1 15       14  0 14      475720837233162754    31.0   29.0
 11 1864.171310 3.370E-23 7.991E+00.07050.354 2004.81570.63-.003601          0 2 0          0 1 0  5  4  1        4  3  2      587777835910162545    33.0   27.0
 11 1864.311302 2.689E-29 1.456E-07.06460.315 1360.23530.600.000000          0 1 0          0 0 0 10  4  7        9  4  5     q5422308079917122 0    63.0   57.0
 11 1864.513704 9.880E-30 2.345E+00.01920.208 4847.18900.09-.003480          0 2 0          0 1 0 16  3 13       16  2 14      434233837294713152    33.0   33.0
 11 1864.665203 2.375E-28 8.403E-02.07750.281 3659.90400.67-.012140          1 0 0          0 1 0 11  4  7       11  5  6      534436837294713152    69.0   69.0
 11 1864.952649 6.018E-28 1.168E-03.09220.371 2211.19060.72-.009720          0 0 1          0 1 0  5  0  5        6  2  4      534223837294713152    11.0   13.0
 11 1865.031474 2.470E-28 2.649E+00.07440.391 4244.30470.64-.000590          0 1 1          0 0 1  6  4  2        5  3  3      434233837294713152    39.0   33.0
 11 1865.148406 8.773E-30 3.454E+00.03310.221 4938.25370.290.005990          0 2 0          0 1 0 15  6 10       15  5 11      434233837294713152    31.0   31.0
 11 1865.177369 2.659E-30 2.155E-03.05070.298 3565.00350.52-.021480          1 0 0          0 1 0  9  7  3       10  6  4      532230837294713152    19.0   21.0
 11 1865.244041 9.241E-28 2.481E-08.10400.480   42.37170.760.000000          0 1 0          0 0 0  3  3  0        1  1  0     q5422308079917122 0    21.0    9.0
 11 1865.303721 1.266E-28 5.088E-01.06830.333 4071.73340.58-.022690          1 1 0          0 2 0  7  1  6        8  2  7      434223837294713152    45.0   51.0
 11 1865.375654 5.295E-30 5.308E+00.05000.298 5069.08830.460.008550          1 1 0          1 0 0 11  3  9       10  2  8      432230837294713152    23.0   21.0
 11 1865.478611 7.949E-30 2.145E-03.04980.298 3564.70500.51-.020490          1 0 0          0 1 0  9  7  2       10  6  5      534233837294713152    57.0   63.0
 11 1865.535197 6.458E-27 1.066E+01.07850.412 3598.72690.68-.002000          0 3 0          0 2 0  5  4  2        4  3  1      434426837294713152    11.0    9.0
 11 1865.829505 3.351E-29 9.171E-04.02010.195 2981.35950.170.001210          0 1 0          0 0 0 16  2 14       17  1 17      474233837260713049    33.0   35.0
 11 1865.969364 1.673E-24 1.289E-01.09320.471 1731.89670.720.005037          0 2 0          0 1 0  4  3  2        3  0  3      577777835910162545    27.0   21.0
 11 1866.007412 1.152E-26 1.342E+00.03610.235 3266.51420.330.000000          0 1 0          0 0 0 15  6 10       14  7  7      474423837260713059    31.0   29.0
 11 1866.231483 1.268E-24 4.788E-01.01520.166 2073.51500.65-.001750          0 1 0          0 0 0 14  1 13       14  0 14      587773835910162559    29.0   29.0
 11 1866.262665 1.013E-28 9.246E-04.02020.195 2981.35940.180.001300          0 1 0          0 0 0 16  3 14       17  0 17      474233837260713049    99.0  105.0
 11 1866.316170 3.800E-24 4.784E-01.01460.170 2073.51570.58-.002100          0 1 0          0 0 0 14  2 13       14  1 14      567773835910162559    87.0   87.0
 11 1866.380849 7.742E-21 2.069E+00.08820.440  416.20870.690.003852          0 1 0          0 0 0  6  3  3        5  2  4      587777835910162545    13.0   11.0
 11 1866.394578 8.951E-31 8.573E-02.07050.355 4523.58900.630.000000          1 1 0          1 0 0  8  4  4        8  1  7      4333308387659336 0    17.0   17.0
 11 1866.451764 4.647E-30 7.693E-01.05300.281 4905.65360.47-.017270          0 1 1          0 2 0 10  2  8       11  2  9      432230837294713152    63.0   69.0
 11 1866.466048 1.935E-26 1.061E+01.07440.412 3597.86600.64-.002500          0 3 0          0 2 0  5  4  1        4  3  2      464423837294713159    33.0   27.0
 11 1866.499725 2.686E-30 1.696E-02.03850.250 4074.03860.40-.023510          1 0 0          0 1 0 14  1 13       13  4 10      432230837294713152    29.0   27.0
 11 1866.606660 5.779E-30 1.432E-01.05210.315 4268.24090.46-.014600          1 1 0          0 2 0  9  1  9        9  2  8      432230837294713152    19.0   19.0
 11 1866.867089 1.768E-30 2.850E-01.05690.235 4980.22310.57-.040000          1 0 0          0 1 0 15  4 11       14  7  8      432230837294713152    93.0   87.0
 11 1866.880711 3.262E-29 1.368E-01.08320.265 3959.25340.73-.022020          1 0 0          0 1 0 12  4  8       12  5  7      534233837294713152    25.0   25.0
 11 1867.118258 4.919E-27 2.364E-01.06270.315 2983.32310.56-.024420          1 0 0          0 1 0  9  3  7        9  4  6      534426837294713152    19.0   19.0
 11 1867.309637 1.997E-27 5.499E-03.09320.371 2282.58960.74-.015340          0 0 1          0 1 0  5  1  4        6  3  3      534223837294713152    11.0   13.0
 11 1867.370567 1.109E-27 9.164E-01.01830.235 3655.48280.050.001080          0 2 0          0 1 0 14  1 13       14  0 14      434223837294713152    29.0   29.0
 11 1867.388416 2.850E-27 1.785E-01.05250.298 3058.39840.46-.002740          1 0 0          0 1 0 10  1  9       10  2  8      534426837294713152    21.0   21.0
 11 1867.632251 3.324E-27 9.159E-01.01830.235 3655.48510.050.001230          0 2 0          0 1 0 14  2 13       14  1 14      534426837294713152    87.0   87.0
 11 1867.647680 5.107E-30 5.149E-02.02960.235 4396.05140.25-.024770          0 0 1          0 1 0 14  2 12       14  4 11      432230837294713152    87.0   87.0
 11 1867.804582 3.777E-30 1.070E-03.07110.298 3387.40070.68-.027390          0 0 1          0 1 0 11  1 10       10  5  5      532230837294713152    23.0   21.0
 11 1867.843323 5.692E-29 3.372E+00.05160.235 4774.04420.470.000990          0 2 0          0 1 0 15  5 10       14  6  9      434233837294713152    93.0   87.0
 11 1867.852775 1.626E-20 4.395E+00.07930.387  383.84250.68-.003091          0 1 0          0 0 0  5  4  2        4  3  1      787777835910162545    11.0    9.0
 11 1867.917482 3.101E-30 3.195E+00.06490.281 5300.17820.63-.010760          0 3 0          0 2 0 11  6  5       11  5  6      432230837294713152    69.0   69.0
 11 1867.925095 3.064E-22 9.609E-02.08100.394  704.21410.690.005701          0 1 0          0 0 0  7  4  3        7  1  6      787777835910162545    45.0   45.0
 11 1868.053993 2.527E-21 8.375E-02.09710.488  136.76170.700.006580          0 1 0          0 0 0  4  3  2        3  0  3      587777835910162545    27.0   21.0
 11 1868.097466 1.735E-29 8.520E-01.08270.315 4611.79480.70-.007520          0 1 1          0 2 0  8  4  4        9  4  5      434233837294713152    51.0   57.0
 11 1868.123967 1.810E-25 4.228E-02.08640.391 2000.86300.720.004200          0 2 0          0 1 0  5  4  1        5  1  4      554423835994713159    33.0   33.0
 11 1868.214734 8.423E-27 4.529E-01.06280.315 2983.32310.55-.007950          0 0 1          0 1 0  8  4  5        9  4  6      534426837294713152    17.0   19.0
 11 1868.607914 3.703E-28 2.570E+00.08100.391 4153.93810.70-.001910          1 1 0          1 0 0  6  4  3        5  3  2      434223837294713152    39.0   33.0
 11 1868.638339 2.657E-26 2.185E+01.01610.250 3654.2150-.03-.003910          0 2 0          0 1 0 14  1 13       13  2 12      464423837294713159    29.0   27.0
 11 1868.727385 8.695E-22 6.556E+00.04740.293 1446.12820.37-.018111          0 1 0          0 0 0 11  2  9       10  3  8      587777835910162545    69.0   63.0
 11 1868.819180 2.032E-29 3.264E-01.06820.333 4381.73540.59-.020510          1 1 0          0 2 0  8  3  6        8  4  5      434253837294713152    51.0   51.0
 11 1868.967280 4.671E-27 4.393E-01.02850.265 3386.37950.19-.015960          0 0 1          0 1 0 11  2 10       12  2 11      534426837294713152    69.0   75.0
 11 1868.980786 3.139E-30 1.078E-03.06430.298 3387.40070.61-.026770          1 0 0          0 1 0  9  6  4       10  5  5      532230837294713152    19.0   21.0
 11 1869.053346 1.021E-29 5.499E-03.09830.434 3500.63870.74-.017120          1 1 0          0 2 0  3  0  3        3  3  0      434253837294713152    21.0   21.0
 11 1869.068533 8.700E-26 2.384E+01.01600.250 3654.0489-.03-.003090          0 2 0          0 1 0 14  2 13       13  1 12      544423835994713159    87.0   81.0
 11 1869.100131 1.057E-26 9.288E-03.09410.412 2005.91700.73-.006460          1 0 0          0 1 0  4  0  4        4  3  1      564423837294713159     9.0    9.0
 11 1869.109621 4.970E-30 1.428E-01.09110.371 4249.52440.73-.011140          0 1 1          1 0 0  7  2  5        6  2  4      432230837294713152    15.0   13.0
 11 1869.147865 3.998E-28 1.774E-01.02890.265 3512.40490.400.002410          0 1 0          0 0 0 13 10  4       12 11  1      474223837260713049    27.0   25.0
 11 1869.147908 1.200E-27 1.774E-01.02890.265 3512.40490.400.002410          0 1 0          0 0 0 13 10  3       12 11  2      474223837260713049    81.0   75.0
 11 1869.152900 1.555E-27 4.382E-01.02800.265 3386.05230.18-.017150          0 0 1          0 1 0 11  1 10       12  1 11      534223837294713152    23.0   25.0
 11 1869.158355 8.484E-27 9.848E-02.05210.315 2690.59370.46-.014600          1 0 0          0 1 0  9  1  9        9  2  8      534426837294713152    19.0   19.0
 11 1869.345600 4.890E-20 4.385E+00.07350.386  382.51690.68-.002779          0 1 0          0 0 0  5  4  1        4  3  2      586727835967162445    33.0   27.0
 11 1869.355049 4.180E-30 7.149E+00.03660.281 5421.26760.31-.006670          0 1 1          0 0 1 12  2 10       11  3  9      432230837294713152    75.0   69.0
 11 1869.391926 3.166E-30 5.529E-01.04370.352 4846.77590.51-.008190          1 1 0          1 0 0  7  7  0        7  6  1      432230837294713152    45.0   45.0
 11 1869.394172 1.055E-30 5.527E-01.04370.352 4846.77360.51-.008170          1 1 0          1 0 0  7  7  1        7  6  2      432230837294713152    15.0   15.0
 11 1869.465183 2.137E-26 2.272E+00.05450.221 3472.88130.53-.011500          0 1 0          0 0 0 15  7  8       15  6  9      474423837260713059    93.0   93.0
 11 1869.613092 3.376E-27 1.644E+00.02790.195 3810.93670.25-.006540          0 1 0          0 0 0 17  4 13       17  3 14      474426837260713049   105.0  105.0
 11 1869.778016 8.943E-31 5.646E-02.07240.362 4381.90400.640.000000          0 1 1          1 0 0  6  5  2        5  5  1      4333308387659336 0    13.0   11.0
 11 1869.789104 8.270E-26 9.960E-02.08330.371 2146.26370.700.004040          0 2 0          0 1 0  6  4  2        6  1  5      554423835994713159    13.0   13.0
 11 1869.810454 2.628E-30 5.530E-02.05680.391 4381.90400.55-.002700          0 1 1          1 0 0  6  5  1        5  5  0      432230837294713152    39.0   33.0
 11 1869.834157 9.728E-29 2.015E+00.08190.371 4408.02880.72-.002590          0 1 1          0 0 1  7  4  4        6  3  3      434233837294713152    45.0   39.0
 11 1869.878647 8.919E-27 5.457E-01.04900.281 3314.85560.47-.006370          1 0 0          0 1 0 12  1 12       11  2  9      534426837294713152    75.0   69.0
 11 1869.934863 3.529E-28 2.936E-05.05590.281 1695.06860.560.006880          0 1 0          0 0 0 10  6  4       11  3  9      574223837260713049    21.0   23.0
 11 1869.974428 6.222E-30 2.782E-08.06860.333 1050.15770.620.000000          0 1 0          0 0 0  8  5  3        8  3  5     q5422308079917122 0    17.0   17.0
 11 1870.037017 7.538E-28 1.222E-03.08840.352 2462.87530.72-.012290          0 0 1          0 1 0  7  1  7        7  3  4      534223837294713152    45.0   45.0
 11 1870.134445 3.201E-28 3.923E-03.07680.315 2904.67040.70-.000010          0 2 0          0 1 0  8  6  3        9  3  6      534223837294713152    51.0   57.0
 11 1870.314293 3.079E-28 2.431E-08.10400.480   37.13710.760.000000          0 1 0          0 0 0  3  3  1        1  1  1     q5322308079917122 0     7.0    3.0
 11 1870.400874 3.653E-28 1.643E+00.01600.221 4243.10960.01-.001180          0 2 0          0 1 0 15  2 13       15  1 14      434223837294713152    93.0   93.0
 11 1870.475036 3.733E-30 3.405E+00.06220.298 5029.81050.61-.010560          0 3 0          0 2 0 10  6  4       10  5  5      432230837294713152    21.0   21.0
 11 1870.637452 7.390E-30 6.870E-07.05270.265 1962.50690.540.009960          0 1 0          0 0 0 11  6  5       12  3 10      572230837260713049    69.0   75.0
 11 1870.667961 6.131E-30 8.573E-01.06280.315 4600.49730.55-.007950          0 1 1          0 2 0  8  4  5        9  4  6      432230837294713152    17.0   19.0
 11 1870.750825 5.097E-30 7.197E+00.08630.371 5276.46430.720.004140          0 4 0          0 3 0  7  3  4        6  2  5      432230837294713152    45.0   39.0
 11 1870.758008 2.337E-30 7.372E+00.03660.281 5320.88900.31-.006670          1 1 0          1 0 0 12  2 10       11  3  9      432230837294713152    25.0   23.0
 11 1870.766711 1.384E-27 1.875E-07.08870.412  275.49700.710.000000          0 1 0          0 0 0  6  1  5        4  1  3     q5422308079917122 0    13.0    9.0
 11 1870.804886 2.302E-21 5.813E+00.06930.365 1201.92150.580.006728          0 1 0          0 0 0 10  3  8        9  2  7      587777835910162545    63.0   57.0
 11 1870.816657 9.143E-30 1.886E-01.07310.371 4407.04630.69-.003230          0 1 1          0 2 0  7  4  4        6  6  1      434233837294713152    45.0   39.0
 11 1870.932980 2.047E-26 1.739E+00.02350.208 3439.30680.160.013000          0 1 0          0 0 0 16  5 12       16  4 13      474423837260713059    99.0   99.0
 11 1870.946240 2.616E-30 1.357E-07.06000.298 1616.45310.570.000000          0 1 0          0 0 0 11  4  8       10  4  6     q5422308079917122 0    23.0   21.0
 11 1871.134310 5.763E-29 1.486E+00.05390.371 4197.36100.57-.007280          0 3 0          0 2 0  6  6  0        6  5  1      434436837294713152    13.0   13.0
 11 1871.156237 1.730E-28 1.487E+00.05370.371 4197.33880.57-.007210          0 3 0          0 2 0  6  6  1        6  5  2      434436837294713152    39.0   39.0
 11 1871.306273 1.761E-26 8.227E-03.09080.412 1875.46970.740.005000          0 2 0          0 1 0  4  4  0        4  1  3      564423837294713159     9.0    9.0
 11 1871.343356 1.208E-29 2.395E-02.04000.315 3994.26020.52-.000990          1 0 0          0 1 0 10  8  3        9  9  0      434233837294713152    63.0   57.0
 11 1871.343790 4.028E-30 2.396E-02.04000.315 3994.26020.52-.000990          1 0 0          0 1 0 10  8  2        9  9  1      432230837294713152    21.0   19.0
 11 1871.570260 1.987E-29 1.609E-01.05180.315 4263.15050.45-.010560          1 1 0          0 2 0  9  0  9        9  1  8      434223837294713152    57.0   57.0
 11 1871.624455 4.339E-30 1.663E-01.09080.371 4308.21130.74-.008460          0 1 1          1 0 0  7  3  4        6  3  3      432230837294713152    15.0   13.0
 11 1871.627725 2.704E-26 1.036E-01.05180.315 2688.07990.450.001410          1 0 0          0 1 0  9  0  9        9  1  8      564423837294713159    57.0   57.0
 11 1871.703159 3.598E-28 2.694E-05.07420.281 1899.00820.70-.004470          0 1 0          0 0 0 10  7  4       11  4  7      574223837260713049    63.0   69.0
 11 1871.722274 1.063E-25 2.964E-01.08030.352 2318.53990.66-.005620          1 0 0          0 1 0  6  1  5        7  2  6      564423835994713159    13.0   15.0
 11 1871.820300 2.405E-30 6.314E-01.08380.298 4752.73290.700.001740          0 1 1          0 2 0  9  3  6       10  3  7      432230837294713152    19.0   21.0
 11 1871.835763 3.240E-29 3.312E+00.05910.315 4784.66210.58-.008830          0 3 0          0 2 0  9  6  3        9  5  4      434436837294713152    57.0   57.0
 11 1871.843358 9.670E-30 2.613E-09.07810.371  446.69660.670.000000          0 1 0          0 0 0  7  2  6        6  0  6     q5322308079917122 0    15.0   13.0
 11 1871.850292 1.395E-28 2.391E+00.05410.352 4368.63690.54-.004430          0 3 0          0 2 0  7  6  1        7  5  2      434436837294713152    45.0   45.0
 11 1871.863072 1.765E-30 8.428E+00.01600.250 5662.4753-.03-.000320          1 1 0          1 0 0 14  2 13       13  1 12      432230837294713152    87.0   81.0
 11 1871.870713 2.089E-30 1.314E-07.05570.281 1899.00820.550.000000          0 1 0          0 0 0 12  4  9       11  4  7     q5422308079917122 0    75.0   69.0
 11 1871.880697 3.493E-29 1.202E-01.08890.412 3974.63100.710.005500          0 1 1          0 0 1  5  3  3        4  0  4      434233837294713152    33.0   27.0
 11 1871.937165 4.656E-29 2.393E+00.05340.352 4368.54610.53-.004240          0 3 0          0 2 0  7  6  2        7  5  3      434436837294713152    15.0   15.0
 11 1872.010192 4.501E-30 3.409E+00.02870.208 5310.23980.240.005910          0 2 0          0 1 0 16  6 11       16  5 12      432230837294713152    99.0   99.0
 11 1872.085598 4.071E-30 6.191E+00.03540.265 5186.33730.34-.010180          0 3 0          1 0 0 13  3 11       12  0 12      432230837294713152    27.0   25.0
 11 1872.171918 2.522E-29 2.963E+00.05600.333 4564.36660.55-.006260          0 3 0          0 2 0  8  6  2        8  5  3      434436837294713152    17.0   17.0
 11 1872.194033 1.750E-25 7.214E-02.08640.390 2180.64290.720.000710          0 2 0          0 1 0  7  3  4        7  0  7      554723835994163159    45.0   45.0
 11 1872.254740 1.325E-28 1.095E-08.08330.391  399.45750.690.000000          0 1 0          0 0 0  6  3  4        5  1  4     q5422308079917122 0    39.0   33.0
 11 1872.476209 9.332E-27 2.102E+00.02910.208 3639.53800.240.005830          0 1 0          0 0 0 16  6 11       16  5 12      474426837260713049    99.0   99.0
 11 1872.480432 7.598E-29 2.972E+00.05420.333 4564.03480.53-.005400          0 3 0          0 2 0  8  6  3        8  5  4      434436837294713152    51.0   51.0
 11 1872.497170 1.687E-28 3.465E+00.07440.391 4150.28730.64-.000590          1 1 0          1 0 0  6  4  2        5  3  3      434233837294713152    13.0   11.0
 11 1872.502147 1.205E-28 1.630E+00.01660.221 4243.15400.03-.000380          0 2 0          0 1 0 15  3 13       15  2 14      434233837294713152    31.0   31.0
 11 1872.595133 1.417E-30 1.110E+01.01610.250 5764.2043-.03-.000500          0 1 1          0 0 1 14  1 13       13  2 12      432230837294713152    87.0   81.0
 11 1872.707321 2.944E-27 3.891E-02.08220.333 2919.63300.71-.002380          0 0 1          0 1 0  8  3  5        8  5  4      534426837294713152    51.0   51.0
 11 1872.754877 1.095E-29 3.344E+00.05450.315 4783.64070.54-.006650          0 3 0          0 2 0  9  6  4        9  5  5      434436837294713152    19.0   19.0
 11 1872.836641 1.182E-29 3.555E+00.05260.298 5027.07400.52-.006650          0 3 0          0 2 0 10  6  5       10  5  6      434436837294713152    63.0   63.0
 11 1873.040983 1.177E-30 3.546E+00.04880.281 5293.79080.47-.003520          0 3 0          0 2 0 11  6  6       11  5  7      432230837294713152    23.0   23.0
 11 1873.177209 4.775E-30 2.705E-01.05730.315 4436.94050.51-.021160          1 1 0          0 2 0  9  2  8        9  3  7      432230837294713152    19.0   19.0
 11 1873.183234 1.025E-29 1.155E-03.05590.298 3383.26540.53-.018140          1 0 0          0 1 0  9  6  3       10  5  6      534223837294713152    57.0   63.0
 11 1873.209172 3.793E-28 9.558E-04.08410.371 2552.85720.71-.012250          1 0 0          0 1 0  7  2  5        6  5  2      534223837294713152    45.0   39.0
 11 1873.399399 8.968E-28 1.351E-01.09380.434 3289.24250.730.007060          0 3 0          0 2 0  4  3  2        3  0  3      434223837294713152    27.0   21.0
 11 1873.471101 5.129E-28 9.767E-04.07200.333 2495.16580.660.004500          0 2 0          0 1 0  7  5  2        8  2  7      534223837294713152    45.0   51.0
 11 1873.629314 1.625E-30 9.753E+00.03470.250 5483.12470.36-.016560          0 1 1          0 2 0 14  1 14       13  3 11      432230837294713152    29.0   27.0
 11 1873.638622 1.177E-25 8.925E-02.09870.429 1922.90110.75-.002750          1 0 0          0 1 0  3  1  3        4  2  2      564723835994163159     7.0    9.0
 11 1873.772964 6.597E-29 8.601E-04.06730.315 2690.59370.630.005640          0 2 0          0 1 0  8  5  3        9  2  8      534233837294713152    17.0   19.0
 11 1873.862433 2.636E-27 5.150E-01.02970.250 3583.37460.340.000880          0 1 0          0 0 0 14  9  6       13 10  3      474426837260713049    87.0   81.0
 11 1873.867973 8.787E-28 5.150E-01.02970.250 3583.37450.340.000890          0 1 0          0 0 0 14  9  5       13 10  4      474223837260713049    29.0   27.0
 11 1873.937467 2.874E-26 1.576E-01.07780.315 2512.37570.690.000000          0 2 0          0 1 0  8  4  4        9  1  9      564423837294713159    17.0   19.0
 11 1874.040008 2.696E-29 1.865E+00.03260.172 4851.82100.32-.007610          0 1 0          0 0 0 19  5 14       19  4 15      474233837260713049   117.0  117.0
 11 1874.253788 9.473E-29 7.595E-01.04070.298 4260.46690.32-.015150          1 1 0          0 2 0  9  0  9       10  1 10      434233837294713152    57.0   63.0
 11 1874.289975 2.635E-30 1.358E+00.01830.235 5204.01870.050.001230          0 3 0          0 2 0 14  2 13       14  1 14      432230837294713152    87.0   87.0
 11 1874.310375 1.957E-27 3.367E+01.00700.195 4554.6524-.34-.001010          0 2 0          0 1 0 18  1 18       17  0 17      434223837294713152   111.0  105.0
 11 1874.318974 6.519E-28 3.365E+01.00700.195 4554.6528-.34-.000930          0 2 0          0 1 0 18  0 18       17  1 17      434223837294713152    37.0   35.0
 11 1874.351311 5.842E-29 1.315E-02.07250.298 3564.70500.68-.030940          1 0 0          0 1 0 11  3  8       10  6  5      534233837294713152    69.0   63.0
 11 1874.418001 3.881E-27 1.198E+00.03080.235 3465.07000.280.000320          0 1 0          0 0 0 15  7  9       14  8  6      434426831860713049    31.0   29.0
 11 1874.457782 1.414E-30 7.208E+00.03910.281 5418.80340.350.005790          0 1 1          0 0 1 12  3 10       11  2  9      432230837294713152    25.0   23.0
 11 1874.495807 3.166E-29 7.613E-01.04080.298 4260.35180.33-.015030          1 1 0          0 2 0  9  1  9       10  0 10      434233837294713152    19.0   21.0
 11 1874.500106 1.935E-30 2.720E-01.05250.298 4644.21720.46-.002740          1 1 0          0 2 0 10  1  9       10  2  8      432230837294713152    21.0   21.0
 11 1874.760124 1.730E-28 1.391E-01.08640.352 3738.60920.720.004170          0 3 0          0 2 0  7  3  4        7  0  7      434233837294713152    45.0   45.0
 11 1874.779993 2.576E-25 4.710E-01.04110.333 2512.28290.41-.002690          1 0 0          0 1 0  8  1  8        9  0  9      567723835910163159    51.0   57.0
 11 1874.885049 5.801E-27 5.329E-05.06040.298 1446.12820.590.004250          0 1 0          0 0 0  9  6  3       10  3  8      574426837260713049    57.0   63.0
 11 1874.906685 5.963E-30 6.174E+00.03910.281 5316.80420.350.005790          1 1 0          1 0 0 12  3 10       11  2  9      432230837294713152    75.0   69.0
 11 1874.981476 5.430E-26 2.981E-01.04950.315 2512.37570.41-.003350          1 0 0          0 1 0  8  0  8        9  1  9      564423835994713159    17.0   19.0
 11 1875.278398 1.654E-29 1.439E-02.09400.412 3597.86600.73-.015230          0 1 1          0 2 0  3  1  3        4  3  2      534233837294713152    21.0   27.0
 11 1875.393823 2.805E-29 2.250E+00.01780.208 4847.62210.070.001780          0 2 0          0 1 0 16  4 13       16  3 14      434233837294713152    99.0   99.0
 11 1875.464939 4.802E-25 8.592E-01.01490.147 2631.26890.01-.003910          0 1 0          0 0 0 15  2 13       15  1 14      587727835910163045    93.0   93.0
 11 1875.673676 7.768E-27 1.890E-01.05730.315 2841.43080.51-.021160          1 0 0          0 1 0  9  2  8        9  3  7      534426837294713152    19.0   19.0
 11 1875.764641 1.914E-27 2.365E-01.06220.281 3441.03950.55-.001970          1 0 0          0 1 0 11  2  9       11  3  8      534426837294713152    69.0   69.0
 11 1876.057832 5.644E-29 1.078E-07.06860.333 1122.70850.620.000000          0 1 0          0 0 0  9  4  5        8  4  5     q5422308079917122 0    57.0   51.0
 11 1876.239092 1.702E-25 9.145E-01.01700.175 2631.28350.51-.002600          0 1 0          0 0 0 15  3 13       15  2 14      567773835910162559    31.0   31.0
 11 1876.276589 1.836E-26 4.586E-01.05250.298 3072.72640.46-.007000          0 0 1          0 1 0  9  3  7       10  3  8      564423837294713159    57.0   63.0
 11 1876.327852 8.136E-30 1.218E+01.03040.265 5182.09510.250.003470          0 3 0          0 2 0 13  3 11       12  2 10      434233837294713152    27.0   25.0
 11 1876.631718 1.589E-22 2.835E-02.08970.429  586.24350.690.000463          0 1 0          0 0 0  7  3  4        7  0  7      787777835910162545    45.0   45.0
 11 1876.814346 1.717E-29 3.662E-01.07150.352 4186.56940.61-.015290          1 1 0          0 2 0  7  3  5        7  4  4      434253837294713152    15.0   15.0
 11 1877.198498 6.185E-27 4.927E+00.08630.371 3736.17080.720.004140          0 3 0          0 2 0  7  3  4        6  2  5      434426837294713152    45.0   39.0
 11 1877.459110 1.168E-26 1.205E+00.03170.235 3464.88740.280.000000          0 1 0          0 0 0 15  7  8       14  8  7      474423837260713059    93.0   87.0
 11 1877.534444 3.837E-29 3.974E-05.05090.250 2248.06450.530.013250          0 1 0          0 0 0 12  6  6       13  3 11      574233837260713049    25.0   27.0
 11 1878.105851 1.042E-27 7.933E-01.08940.434 3500.63870.71-.009700          1 1 0          0 2 0  2  2  1        3  3  0      434223837294713152    15.0   21.0
 11 1878.280438 1.448E-26 1.227E+00.01910.208 3211.05580.09-.012200          0 1 0          0 0 0 16  3 13       16  2 14      474423837260713059    33.0   33.0
 11 1878.473263 2.295E-30 3.975E-07.08330.391 2000.86300.690.000000          0 2 0          0 1 0  7  1  6        5  1  4     q5422308079917122 0    45.0   33.0
 11 1878.480703 1.677E-30 1.012E+01.02340.250 5483.12470.14-.003210          0 3 0          0 2 0 14  2 12       13  3 11      432230837294713152    29.0   27.0
 11 1878.500129 4.931E-30 3.734E-05.04730.208 2952.39370.590.008820          0 0 0          0 0 0 17  9  8       16  2 15      432230837260713049   105.0   99.0
 11 1878.616060 4.195E-30 8.677E-01.02850.265 4967.49080.19-.015960          0 1 1          0 2 0 11  2 10       12  2 11      432230837294713152    69.0   75.0
 11 1878.625308 1.614E-27 4.833E-01.01760.235 3655.48510.60-.016680          0 0 1          0 1 0 13  1 13       14  1 14      53420383729471 052    81.0   87.0
 11 1878.628769 5.378E-28 4.831E-01.01800.235 3655.48280.01-.017310          0 0 1          0 1 0 13  0 13       14  0 14      434223837294713152    27.0   29.0
 11 1878.664112 1.988E-25 1.546E-01.08000.381 2309.73020.690.004800          0 2 0          0 1 0  7  4  3        7  1  6      564723835994163159    45.0   45.0
 11 1878.693016 3.623E-30 1.217E+01.07850.412 5163.26370.68-.002000          0 4 0          0 3 0  5  4  2        4  3  1      432230837294713152    11.0    9.0
 11 1878.738240 4.905E-29 1.710E-06.06360.250 1806.67000.680.003990          0 0 0          0 0 0 14  9  6       13  0 13      534433837260713049    87.0   81.0
 11 1878.821152 3.777E-28 1.061E-03.07640.352 2318.53990.680.003470          0 2 0          0 1 0  6  5  1        7  2  6      534223837294713152    13.0   15.0
 11 1879.018646 1.267E-23 1.702E+01.00620.165 2358.30170.16-.004180          0 1 0          0 0 0 16  0 16       15  1 15      474426837233662754    33.0   31.0
 11 1879.019532 3.814E-23 1.707E+01.00730.142 2358.30140.16-.004225          0 1 0          0 0 0 16  1 16       15  0 15      487777835910162545    99.0   93.0
 11 1879.026547 2.006E-25 1.239E+01.03910.281 3314.85560.350.007390          0 2 0          0 1 0 12  3 10       11  2  9      564423837294713159    75.0   69.0
 11 1879.097252 3.559E-29 2.407E-08.06860.333  885.60020.620.000000          0 1 0          0 0 0  8  4  5        8  2  7     q5422308079917122 0    51.0   51.0
 11 1879.145309 1.395E-30 8.625E-01.02800.265 4966.63370.18-.017150          0 1 1          0 2 0 11  1 10       12  1 11      432230837294713152    23.0   25.0
 11 1879.291622 7.559E-30 4.605E-01.07610.371 4401.94190.66-.007430          0 1 1          1 0 0  7  4  3        6  4  2      434233837294713152    15.0   13.0
 11 1879.297755 3.565E-22 1.144E+01.01690.184 1774.75110.06-.003609          0 1 0          0 0 0 13  1 12       12  2 11      587777835910162545    81.0   75.0
 11 1879.301679 4.174E-26 2.616E-01.06820.333 2764.69740.59-.008180          1 0 0          0 1 0  8  3  6        8  4  5      564423837294713159    51.0   51.0
 11 1879.351038 1.086E-29 1.214E+01.07440.412 5162.64190.64-.001630          0 4 0          0 3 0  5  4  1        4  3  2      434233837294713152    33.0   27.0
 11 1879.428219 3.483E-28 7.961E-01.09030.434 3500.51070.72-.006790          1 1 0          0 2 0  2  2  0        3  3  1      434223837294713152     5.0    7.0
 11 1879.598768 1.190E-22 1.145E+01.01710.185 1774.61630.03-.002459          0 1 0          0 0 0 13  2 12       12  1 11      587777835910162545    27.0   25.0
 11 1879.725538 2.094E-29 1.344E-01.08890.412 3875.01710.710.005500          1 1 0          1 0 0  5  3  3        4  0  4      434233837294713152    11.0    9.0
 11 1879.896541 2.769E-29 2.475E-02.02500.250 3654.21500.17-.018980          0 0 1          0 1 0 13  0 13       13  2 12      434233837294713152    27.0   27.0
 11 1879.921722 3.258E-30 8.294E-04.04760.315 3526.62750.58-.023200          1 0 0          0 1 0  8  8  1        9  7  2      432230837294713152    51.0   57.0
 11 1879.924323 1.086E-30 8.294E-04.04760.315 3526.62490.58-.023180          1 0 0          0 1 0  8  8  0        9  7  3      432230837294713152    17.0   19.0
 11 1880.020020 2.081E-29 2.284E-06.06030.250 2042.31060.680.003950          0 0 0          0 0 0 14 10  5       13  1 12      534433837260713049    87.0   81.0
 11 1880.028308 3.970E-26 2.250E+00.05120.235 3101.44100.50-.011500          0 1 0          0 0 0 14  7  7       14  6  8      454423835960713059    29.0   29.0
 11 1880.061590 8.602E-29 2.562E-02.02460.250 3654.04890.16-.018400          0 0 1          0 1 0 13  1 13       13  1 12      534233837294713152    81.0   81.0
 11 1880.148315 1.630E-29 6.609E-04.02730.183 3319.44830.660.001370          0 0 0          0 0 0 19  6 13       18  1 18      434233837265713049   117.0  111.0
 11 1880.195953 3.587E-30 5.876E-02.05460.250 4252.44820.53-.040000          0 0 1          0 1 0 13  3 10       13  5  9      432230837294713152    27.0   27.0
 11 1880.213630 1.320E-28 3.681E-04.08110.352 2572.13920.69-.018020          0 0 1          0 1 0  7  2  6        7  4  3      534233837294713152    45.0   45.0
 11 1880.233693 5.805E-29 6.426E-04.06460.298 2904.42840.620.007700          0 2 0          0 1 0  9  5  4       10  2  9      534233837294713152    57.0   63.0
 11 1880.481529 1.100E-30 3.799E+00.05670.281 5563.39970.52-.014550          0 1 1          0 0 1 12  3  9       11  4  8      432230837294713152    75.0   69.0
 11 1880.675677 8.298E-30 1.725E-02.08430.391 3868.98700.69-.013180          0 1 1          0 2 0  5  2  4        5  4  1      434233837294713152    33.0   33.0
 11 1880.845450 1.094E-28 1.750E-01.09870.412 3495.93920.75-.012400          1 1 0          0 2 0  3  1  3        4  2  2      434223837294713152     7.0    9.0
 11 1881.078642 1.520E-24 5.034E-01.08560.457 1907.61570.77-.006665          1 0 0          0 1 0  2  2  1        3  3  0      587777835910162545    15.0   21.0
 11 1881.139991 2.927E-30 8.420E-02.03420.235 4382.77980.32-.004400          0 0 1          0 1 0 14  3 12       14  3 11      432230837294713152    29.0   29.0
 11 1881.395821 6.104E-27 4.290E-01.06470.298 3058.39840.56-.015210          0 0 1          0 1 0  9  2  7       10  2  8      534426837294713152    19.0   21.0
 11 1881.445950 3.832E-28 4.497E+00.05320.412 4224.85090.52-.003640          0 1 1          0 0 1  5  5  1        4  4  0      434223837294713152    33.0   27.0
 11 1881.483173 1.277E-28 4.496E+00.05280.412 4224.81680.51-.003340          0 1 1          0 0 1  5  5  0        4  4  1      434233837294713152    11.0    9.0
 11 1881.810546 3.985E-29 2.482E-08.07340.352  842.35660.650.000000          0 1 0          0 0 0  7  5  2        7  3  4     q5422308079917122 0    45.0   45.0
 11 1881.923020 3.339E-31 8.839E-01.06250.221 5339.48800.420.000000          1 0 0          0 1 0 16  4 12       15  7  9      4333308387659336 0    33.0   31.0
 11 1882.089217 4.249E-29 4.995E-01.06310.333 4062.83810.53-.001570          1 1 0          0 2 0  7  2  6        8  1  7      434253837294713152    15.0   17.0
 11 1882.286437 1.023E-28 3.676E-01.07400.371 4015.51510.63-.011720          1 1 0          0 2 0  6  3  4        6  4  3      434223837294713152    39.0   39.0
 11 1882.318481 2.520E-30 1.697E+00.08420.371 5121.60060.690.001690          0 4 0          0 3 0  7  2  5        6  1  6      432230837294713152    45.0   39.0
 11 1882.359001 1.105E-30 3.137E+01.01040.221 5827.4861-.19-.000840          0 3 0          0 2 0 16  1 15       15  2 14      432230837294713152    33.0   31.0
 11 1882.433692 4.572E-31 3.986E-02.07050.355 4523.58900.630.000000          0 1 1          1 0 0  9  1  8        8  1  7      4333308387659336 0    19.0   17.0
 11 1882.468978 3.059E-28 4.677E+00.05420.250 4252.44820.50-.013210          0 2 0          0 1 0 14  4 10       13  5  9      434223837294713152    29.0   27.0
 11 1882.517984 5.134E-25 5.104E-01.09150.450 1907.45140.94-.000550          1 0 0          0 1 0  2  2  0        3  3  1      587773835910162559     5.0    7.0
 11 1882.623667 7.875E-29 4.708E-01.08030.352 3894.16780.66-.018480          1 1 0          0 2 0  6  1  5        7  2  6      434253837294713152    13.0   15.0
 11 1882.651823 1.233E-28 2.995E-01.07470.265 3843.41040.66-.025940          1 0 0          0 1 0 12  3  9       12  4  8      534233837294713152    25.0   25.0
 11 1882.672052 1.018E-27 9.252E-01.02840.235 3685.41920.270.000570          0 1 0          0 0 0 15  8  8       14  9  5      474223837260713049    31.0   29.0
 11 1882.805445 4.336E-28 4.526E-02.07820.315 3139.47580.68-.008600          0 0 1          0 1 0  9  3  6        9  5  5      534223837294713152    19.0   19.0
 11 1882.858266 3.313E-30 3.135E+01.01040.221 5827.3382-.19-.000790          0 3 0          0 2 0 16  2 15       15  1 14      432230837294713152    99.0   93.0
 11 1882.871632 4.410E-26 1.252E+00.01810.208 3211.21260.070.002000          0 1 0          0 0 0 16  4 13       16  3 14      554423835960713059    99.0   99.0
 11 1882.918131 6.112E-27 1.323E+00.03690.221 3629.09610.35-.011640          0 1 0          0 0 0 16  6 11       15  7  8      474426837260713049    99.0   93.0
 11 1882.945767 3.057E-27 9.263E-01.02860.235 3685.40830.270.000790          0 1 0          0 0 0 15  8  7       14  9  6      474426837260713049    93.0   87.0
 11 1883.077509 2.937E-29 5.877E-01.05810.352 4368.63690.54-.012390          0 1 1          0 2 0  6  5  1        7  5  2      434233837294713152    39.0   45.0
 11 1883.135972 9.794E-30 5.877E-01.05720.352 4368.54610.53-.012490          0 1 1          0 2 0  6  5  2        7  5  3      434233837294713152    13.0   15.0
 11 1883.272354 3.173E-29 1.163E+00.08630.371 4296.56340.720.004140          0 1 1          0 0 1  7  3  4        6  2  5      434233837294713152    15.0   13.0
 11 1883.398648 4.081E-29 8.027E-01.06800.371 4394.46430.59-.016400          0 1 1          1 0 0  7  4  4        6  4  3      434233837294713152    45.0   39.0
 11 1883.462413 1.519E-29 8.991E-01.05250.298 4669.73590.46-.007140          0 1 1          0 2 0  9  3  7       10  3  8      434233837294713152    57.0   63.0
 11 1883.564317 2.041E-29 2.252E-07.06860.333 1255.91160.620.000000          0 1 0          0 0 0  9  5  5        8  5  3     q5422308079917122 0    19.0   17.0
 11 1883.756382 1.681E-26 3.988E-03.09830.434 1907.61570.74-.007150          1 0 0          0 1 0  3  0  3        3  3  0      564423837294713159    21.0   21.0
 11 1883.824514 7.165E-28 3.780E-01.04640.273 3770.87890.550.000000         -2 1-2          0 1 0 13 11  2       12  4  9      1333308287659336 0    81.0   75.0
 11 1883.902505 1.121E-26 5.915E+00.06250.265 3770.87890.670.000390          0 1 0          0 1 0 13 11  2       12  4  9      462230837294713152    81.0   75.0
 11 1884.122160 4.551E-28 1.935E+00.02520.195 4027.50600.190.004900          0 1 0          0 0 0 17  6 12       17  5 13      474223837260713049    35.0   35.0
 11 1884.213668 1.749E-29 4.924E-01.07920.315 4493.80440.67-.003130          1 1 0          0 2 0  8  4  5        9  3  6      434233837294713152    51.0   57.0
 11 1884.216424 1.938E-27 3.588E-06.07820.298 1114.54990.700.005670          0 1 0          0 0 0  9  4  5       10  1 10      674426837260713049    57.0   63.0
 11 1884.464441 1.986E-29 5.339E-02.02810.250 3879.72080.23-.018670          0 0 1          0 1 0 13  1 12       13  3 11      434233837294713152    27.0   27.0
 11 1884.482092 1.883E-29 2.499E+00.08190.352 4586.68320.72-.002230          0 1 1          0 0 1  8  4  5        7  3  4      434233837294713152    17.0   15.0
 11 1884.565150 2.082E-21 3.671E-01.09500.471  326.62550.720.002377          0 1 0          0 0 0  6  2  4        5  1  5      787777835910162545    13.0   11.0
 11 1884.581931 6.353E-26 1.409E+01.02890.265 3592.42390.22-.010110          0 2 0          0 1 0 13  2 11       12  3 10      464423837294713159    81.0   75.0
 11 1884.613975 1.012E-29 1.460E-05.08660.391 2406.14310.72-.012950          0 0 1          0 1 0  6  1  5        5  5  0      534233837294713152    39.0   33.0
 11 1884.808170 8.310E-25 3.984E-01.01320.150 2358.30140.71-.000508          0 1 0          0 0 0 15  1 14       15  0 15      567777835910162545    93.0   93.0
 11 1884.852319 2.740E-25 3.941E-01.01240.148 2358.30170.53-.000608          0 1 0          0 0 0 15  2 14       15  1 15      547777835910162545    31.0   31.0
 11 1884.910962 4.664E-27 4.750E-05.06580.315 1216.23130.630.002300          0 1 0          0 0 0  8  6  2        9  3  7      674426837260713049    17.0   19.0
 11 1884.929315 8.197E-29 2.782E-07.07340.352 1216.19450.650.000000          0 1 0          0 0 0  8  6  3        7  6  1     q5422308079917122 0    51.0   45.0
 11 1884.952508 2.731E-29 2.781E-07.07340.352 1216.18980.650.000000          0 1 0          0 0 0  8  6  2        7  6  2     q5422308079917122 0    17.0   15.0
 11 1885.020786 1.805E-23 6.821E+00.07840.383 2130.49430.73-.004072          0 2 0          0 1 0  6  4  3        5  3  2      587777835910162545    39.0   33.0
 11 1885.149676 7.718E-29 3.000E+00.08190.371 4308.21130.72-.002590          1 1 0          1 0 0  7  4  4        6  3  3      434233837294713152    15.0   13.0
 11 1885.152852 2.603E-28 9.866E-06.06620.265 1774.75110.660.012770          0 1 0          0 0 0 11  5  6       12  2 11      574233837260713049    69.0   75.0
 11 1885.300258 3.696E-29 1.679E-03.01770.183 3319.44830.140.001640          0 1 0          0 0 0 17  2 15       18  1 18      474233837260713049   105.0  111.0
 11 1885.301249 2.993E-22 6.622E+00.05660.322 1437.96860.460.008485          0 1 0          0 0 0 11  3  9       10  2  8      587777835910162545    23.0   21.0
 11 1885.539749 1.236E-29 1.685E-03.01770.183 3319.44830.140.001670          0 1 0          0 0 0 17  3 15       18  0 18      474233837260713049    35.0   37.0
 11 1885.554462 7.181E-30 9.011E-03.09510.391 3722.73100.74-.014060          0 1 1          0 2 0  4  1  3        5  3  2      534233837294713152    27.0   33.0
 11 1885.869714 5.205E-29 3.263E-01.07630.391 3868.87300.64-.008000          1 1 0          0 2 0  5  3  3        5  4  2      434263837294713152    11.0   11.0
 11 1885.879294 5.889E-29 2.164E-07.06860.333 1255.16680.620.000000          0 1 0          0 0 0  9  5  4        8  5  4     q5422308079917122 0    57.0   51.0
 11 1886.029960 3.191E-29 1.093E-08.06860.333  744.16270.620.000000          0 1 0          0 0 0  8  3  6        8  1  8     q5422308079917122 0    51.0   51.0
 11 1886.174746 1.136E-27 2.369E-02.05410.298 3072.72640.52-.017330          1 0 0          0 1 0 11  0 11       10  3  8      534223837294713152    69.0   63.0
 11 1886.204751 1.740E-30 1.512E-09.07340.352  709.60820.650.000000          0 1 0          0 0 0  8  2  6        7  2  6     q5322308079917122 0    17.0   15.0
 11 1886.210680 2.450E-29 7.800E-04.07060.315 3141.04600.66-.025950          0 0 1          0 1 0 10  1  9        9  5  4      534233837294713152    63.0   57.0
 11 1886.574314 1.264E-30 1.643E-01.05800.298 4644.21720.54-.002780          1 1 0          0 2 0 11  1 11       10  2  8      432230837294713152    23.0   21.0
 11 1886.615744 2.079E-29 8.807E-02.08710.412 3746.77600.71-.009790          0 1 1          0 2 0  4  2  3        4  4  0      434233837294713152     9.0    9.0
 11 1886.719981 3.926E-31 2.791E-02.07940.379 4457.81870.670.000000          0 1 1          1 0 0  8  3  6        7  3  5      4333308387659336 0    17.0   15.0
 11 1886.853179 1.781E-30 6.623E-01.02810.250 5119.37560.27-.015080          0 0 1          0 1 0 13  9  5       13  9  4      432230837294713152    81.0   81.0
 11 1886.859828 5.954E-31 6.643E-01.04390.253 5119.37420.460.000000          0 0 1          0 1 0 13  9  4       13  9  5      4333308387659336 0    27.0   27.0
 11 1887.115726 6.649E-29 5.899E-02.02770.250 3877.08860.21-.013140          0 0 1          0 1 0 13  2 12       13  2 11      434233837294713152    81.0   81.0
 11 1887.160999 1.725E-29 1.314E-08.07340.352  931.23710.650.000000          0 1 0          0 0 0  9  2  7        7  4  3     q5422308079917122 0    57.0   45.0
 11 1887.455472 4.862E-25 1.859E+00.05070.329 2756.41530.52-.019233          0 1 0          0 0 0 13  7  6       13  6  7      577777835910162545    81.0   81.0
 11 1887.506369 2.020E-26 2.118E+01.01290.235 3939.8318-.11-.003850          0 2 0          0 1 0 15  1 14       14  2 13      454423835994713159    93.0   87.0
 11 1887.669834 3.035E-26 3.789E-01.08830.315 2904.67050.72-.000300          0 0 1          0 1 0  8  3  5        9  3  6      564423307294713159    51.0   57.0
 11 1887.739640 7.183E-27 2.260E+01.01280.235 3939.7465-.11-.000590          0 2 0          0 1 0 15  2 14       14  1 13      434426837294713152    31.0   29.0
 11 1887.826411 1.791E-30 3.478E-03.04500.250 4052.81090.46-.001730          1 0 0          0 1 0 14  2 13       13  3 10      432230837294713152    87.0   81.0
 11 1888.033869 1.046E-26 9.111E+00.08100.391 3722.73100.70-.001250          0 3 0          0 2 0  6  4  3        5  3  2      464423837294713159    39.0   33.0
 11 1888.060844 2.530E-30 8.374E-07.07340.352 2180.64290.650.000000          0 2 0          0 1 0  9  0  9        7  0  7     q5422308079917122 0    57.0   45.0
 11 1888.099804 1.207E-30 4.375E+00.05060.265 5587.51870.51-.038620          1 1 0          0 2 0 13  2 11       12  5  8      432230837294713152    81.0   75.0
 11 1888.250115 5.405E-25 2.813E-01.08630.448 2161.28600.64-.004790          1 0 0          0 1 0  5  1  4        6  2  5      577773835910162559    33.0   39.0
 11 1888.251395 1.580E-28 2.235E-01.07980.412 3746.76270.68-.003360          1 1 0          0 2 0  4  3  2        4  4  1      434223837294713152    27.0   27.0
 11 1888.310675 2.920E-26 2.432E-01.07150.352 2569.50800.61-.007600          1 0 0          0 1 0  7  3  5        7  4  4      554423835994713159    15.0   15.0
 11 1888.316204 1.030E-28 5.342E-02.04630.264 3766.38720.240.000000         -2 1-2          0 0 0 13 11  2       12 12  1      1333308287659336 0    81.0   75.0
 11 1888.393821 3.657E-29 5.691E-02.02750.265 3766.38720.450.003850          0 1 0          0 0 0 13 11  3       12 12  0      474233837260713049    27.0   25.0
 11 1888.394195 6.959E-30 3.610E-03.02070.264 3766.38720.240.000000          0 1 0          0 0 0 13 11  2       12 12  1      4333308387659336 0    81.0   75.0
 11 1888.435132 1.013E-27 1.518E+00.02020.195 3812.04690.110.001530          0 1 0          0 0 0 17  5 13       17  4 14      474223837260713049    35.0   35.0
 11 1888.459144 1.604E-28 1.229E+00.08630.371 4199.39090.720.004140          1 1 0          1 0 0  7  3  4        6  2  5      434233837294713152    45.0   39.0
 11 1888.536301 1.827E-30 1.423E-01.08590.333 4725.06220.720.007810          1 1 0          0 0 1  9  4  5        8  2  6      432230837294713152    57.0   51.0
 11 1888.551668 3.892E-30 1.347E-04.06350.235 2983.39640.62-.007550          0 1 0          0 0 0 13  8  6       14  5  9      472230837260713049    27.0   29.0
 11 1888.626969 3.794E-26 1.494E+00.04640.235 3264.33740.440.000000          0 1 0          0 0 0 15  6  9       14  7  8      474423837260713059    93.0   87.0
 11 1888.763024 7.870E-30 3.007E+00.05490.221 5152.96440.53-.013040          0 2 0          0 1 0 15  7  8       15  6  9      434233837294713152    93.0   93.0
 11 1888.799787 4.523E-23 9.150E-02.07970.420  882.89030.680.006486          0 1 0          0 0 0  8  4  4        8  1  7      687777835910162545    17.0   17.0
 11 1888.887778 4.537E-30 1.975E+00.01540.195 5204.74850.01-.002930          0 2 0          0 1 0 17  3 14       17  2 15      432230837294713152   105.0  105.0
 11 1889.039080 3.532E-30 6.483E-02.03760.298 4240.94210.44-.004920          1 0 0          0 1 0 11  8  4       10  9  1      432230837294713152    23.0   21.0
 11 1889.041647 1.060E-29 6.486E-02.03770.298 4240.94210.44-.004910          1 0 0          0 1 0 11  8  3       10  9  2      434233837294713152    69.0   63.0
 11 1889.195370 1.513E-27 1.172E-07.08870.412  382.51690.710.000000          0 1 0          0 0 0  6  3  4        4  3  2     q5422308079917122 0    39.0   27.0
 11 1889.226518 5.797E-27 3.020E-03.08210.371 2161.28600.710.002210          0 2 0          0 1 0  5  5  0        6  2  5      534426837294713152    33.0   39.0
 11 1889.304452 4.056E-28 3.425E+01.00580.183 4889.4878-.40-.000670          0 2 0          0 1 0 19  0 19       18  1 18      434223837294713152   117.0  111.0
 11 1889.308141 1.352E-28 3.425E+01.00580.183 4889.4873-.40-.000890          0 2 0          0 1 0 19  1 19       18  0 18      434233837294713152    39.0   37.0
 11 1889.355035 2.344E-30 5.678E-02.04020.235 4585.34910.42-.034010          1 0 0          0 1 0 15  2 13       14  5 10      432230837294713152    93.0   87.0
 11 1889.406064 4.568E-26 3.107E-01.05810.352 2724.16710.54-.005600          0 0 1          0 1 0  6  5  1        7  5  2      564423837294713159    39.0   45.0
 11 1889.484841 1.523E-26 3.106E-01.05720.352 2724.04140.53-.006700          0 0 1          0 1 0  6  5  2        7  5  3      564423837294713159    13.0   15.0
 11 1889.569406 2.597E-20 3.720E+00.08270.413  508.81210.71-.001804          0 1 0          0 0 0  6  4  3        5  3  2      787777835910162545    39.0   33.0
 11 1889.645110 6.000E-24 6.701E+00.06590.377 2126.40770.58-.001100          0 2 0          0 1 0  6  4  2        5  3  3      577773835910162559    13.0   11.0
 11 1889.660752 3.320E-25 3.013E-01.07470.352 2309.73020.610.007300          1 0 0          0 1 0  6  2  5        7  1  6      554423835994713159    39.0   45.0
 11 1889.736357 1.201E-29 2.113E-04.08160.333 2771.69010.71-.014250          0 0 1          0 1 0  9  0  9        8  4  4      534233837294713152    19.0   17.0
 11 1889.739803 5.606E-29 7.332E-02.06370.265 3940.51940.60-.040000          0 0 1          0 1 0 12  3  9       12  5  8      534233837294713152    75.0   75.0
 11 1889.766531 7.323E-28 7.614E-01.01530.221 3937.5717-.010.001250          0 2 0          0 1 0 15  1 14       15  0 15      434223837294713152    93.0   93.0
 11 1889.772324 1.261E-30 3.653E-01.06220.281 5034.38790.55-.001970          1 1 0          0 2 0 11  2  9       11  3  8      432230837294713152    69.0   69.0
 11 1889.913234 2.439E-28 7.609E-01.01530.221 3937.5729-.010.001330          0 2 0          0 1 0 15  2 14       15  1 15      434233837294713152    31.0   31.0
 11 1889.919047 4.572E-28 3.030E-01.02780.250 3831.17920.350.001590          0 1 0          0 0 0 14 10  5       13 11  2      474223837260713049    87.0   81.0
 11 1889.919251 1.524E-28 3.030E-01.02780.250 3831.17920.350.001590          0 1 0          0 0 0 14 10  4       13 11  3      474233837260713049    29.0   27.0
 11 1890.158105 1.305E-29 2.646E-01.07960.333 4173.22570.670.008240          1 1 0          0 2 0  7  3  5        8  2  6      434223837294713152    15.0   17.0
 11 1890.251051 1.671E-25 1.719E+00.05730.320 2748.09960.530.011000          0 1 0          0 0 0 14  5  9       13  6  8      464723835960163059    29.0   27.0
 11 1890.367186 5.391E-28 5.596E-02.07500.298 3383.26540.67-.025440          0 0 1          0 1 0 10  3  7       10  5  6      534223837294713152    63.0   63.0
 11 1890.414457 5.158E-27 4.192E-07.07810.371  447.25240.670.000000          0 1 0          0 0 0  8  1  8        6  1  6     q5422308079917122 0    51.0   39.0
 11 1890.690747 1.685E-28 3.334E-03.07950.315 2998.76630.71-.014630          1 0 0          0 1 0  8  5  4        9  4  5      534233837294713152    51.0   57.0
 11 1890.758094 2.967E-30 7.743E-01.02810.265 4803.82030.28-.013920          0 0 1          0 1 0 12  9  4       12  9  3      432230837294713152    25.0   25.0
 11 1890.759519 8.902E-30 7.744E-01.02810.265 4803.82000.28-.013890          0 0 1          0 1 0 12  9  3       12  9  4      434233837294713152    75.0   75.0
 11 1890.766723 1.717E-27 4.177E-07.07810.371  446.69660.670.000000          0 1 0          0 0 0  8  0  8        6  0  6     q5422308079917122 0    17.0   13.0
 11 1890.772429 1.720E-26 6.593E-03.09400.412 2004.81570.73-.007900          0 0 1          0 1 0  3  1  3        4  3  2      564423837294713159    21.0   27.0
 11 1890.874205 1.142E-29 7.949E-02.03600.250 4074.03860.33-.027180          0 0 1          0 1 0 13  2 11       13  4 10      434233837294713152    27.0   27.0
 11 1891.147130 4.951E-27 4.648E-01.03570.281 3136.41250.28-.014140          0 0 1          0 1 0 10  2  9       11  2 10      534426837294713152    21.0   23.0
 11 1891.229448 1.636E-28 2.319E-04.05140.235 2551.48350.550.016280          0 1 0          0 0 0 13  6  7       14  3 12      574233837260713049    81.0   87.0
 11 1891.330870 2.202E-29 1.992E-08.07810.371  661.54890.670.000000          0 1 0          0 0 0  6  5  1        6  3  3     q5322308079917122 0    13.0   13.0
 11 1891.460576 2.055E-26 4.589E-01.07970.333 2771.69010.69-.005100          0 0 1          0 1 0  7  4  3        8  4  4      564423837294713159    15.0   17.0
 11 1891.491936 1.496E-26 4.668E-01.03530.281 3135.76480.28-.013000          0 0 1          0 1 0 10  1  9       11  1 10      564423837294713159    63.0   69.0
 11 1891.550909 7.607E-24 2.914E+00.08400.412 2161.28600.660.005695          0 2 0          0 1 0  7  3  4        6  2  5      587777835910162545    45.0   39.0
 11 1891.564345 5.462E-28 4.187E+00.05280.412 4135.01760.51-.003340          1 1 0          1 0 0  5  5  0        4  4  1      434223837294713152    33.0   27.0
 11 1891.596426 3.860E-27 2.053E+00.04450.265 3770.87890.45-.025390          1 0 0          0 1 0 13  1 12       12  4  9      434426837294713152    81.0   75.0
 11 1891.604545 3.469E-27 8.957E+00.07440.391 3719.49290.64-.000590          0 3 0          0 2 0  6  4  2        5  3  3      434426837294713152    13.0   11.0
 11 1891.606102 2.336E-26 1.697E-05.08350.352  842.35660.740.000000          0 1 0          0 0 0  6  6  1        7  3  4      774423837260713059    39.0   45.0
 11 1891.781980 1.910E-28 4.389E+00.05320.412 4134.79840.52-.003640          1 1 0          1 0 0  5  5  1        4  4  0      434233837294713152    11.0    9.0
 11 1891.785839 4.789E-29 1.747E-01.06110.333 4071.73340.52-.014440          1 1 0          0 2 0  8  1  8        8  2  7      434233837294713152    51.0   51.0
 11 1891.897018 6.890E-26 1.181E-01.06110.333 2495.16580.52-.002610          1 0 0          0 1 0  8  1  8        8  2  7      554423835994713159    51.0   51.0
 11 1891.993908 6.573E-25 1.736E+00.05000.316 2437.50190.51-.016540          0 1 0          0 0 0 12  7  5       12  6  6      587777835910162545    25.0   25.0
 11 1892.041837 1.614E-28 3.397E-01.08370.391 3868.98700.70-.002310          1 1 0          0 2 0  5  3  2        5  4  1      434223837294713152    33.0   33.0
 11 1892.256047 1.517E-29 1.440E-03.05170.315 3321.01330.54-.018280          1 0 0          0 1 0  8  7  2        9  6  3      534233837294713152    51.0   57.0
 11 1892.273072 1.696E-30 5.881E-03.03030.235 4184.83120.32-.018260          0 0 1          0 1 0 15  1 15       14  3 12      432230837294713152    93.0   87.0
 11 1892.339964 5.052E-30 1.438E-03.05140.315 3320.92980.54-.017990          1 0 0          0 1 0  8  7  1        9  6  4      432230837294713152    17.0   19.0
 11 1892.363215 9.529E-30 1.888E+01.02390.250 5477.00580.150.001600          0 3 0          0 2 0 14  3 12       13  2 11      434233837294713152    87.0   81.0
 11 1892.578193 1.349E-30 7.827E+00.03040.265 5683.33260.250.003470          0 1 1          0 0 1 13  3 11       12  2 10      432230837294713152    81.0   75.0
 11 1892.598024 1.026E-22 7.344E+00.03520.253 1695.06860.21-.014061          0 1 0          0 0 0 12  2 10       11  3  9      587777835910162545    25.0   23.0
 11 1892.650250 5.918E-30 1.209E-01.08600.352 4426.06640.70-.011650          0 1 1          1 0 0  8  2  6        7  2  5      432230837294713152    51.0   45.0
 11 1892.653318 2.234E-29 1.380E+00.01330.208 4564.0861-.06-.000720          0 2 0          0 1 0 16  2 14       16  1 15      434233837294713152    33.0   33.0
 11 1892.876106 5.209E-30 8.253E-01.06470.298 4644.21720.56-.015210          0 1 1          0 2 0  9  2  7       10  2  8      432230837294713152    19.0   21.0
 11 1892.954603 3.664E-29 1.562E-01.08190.412 3746.77600.70-.002440          1 1 0          0 2 0  4  3  1        4  4  0      434263837294713152     9.0    9.0
 11 1893.025866 7.249E-29 1.974E+00.08190.352 4484.99220.72-.002230          1 1 0          1 0 0  8  4  5        7  3  4      434233837294713152    51.0   45.0
 11 1893.127632 6.483E-29 6.777E-02.07270.281 3650.50900.67-.036290          0 0 1          0 1 0 11  3  8       11  5  7      534233837294713152    23.0   23.0
 11 1893.199947 1.254E-26 1.718E-01.08400.333 2670.78970.71-.002760          1 0 0          0 1 0  7  4  4        8  3  5      564423837294713159    15.0   17.0
 11 1893.398008 4.575E-29 4.305E-03.06420.281 3136.41250.630.010380          0 2 0          0 1 0 10  5  5       11  2 10      534233837294713152    21.0   23.0
 11 1893.706429 9.393E-24 1.753E+01.00540.135 2660.94600.29-.004178          0 1 0          0 0 0 17  0 17       16  1 16      487777835910162545   105.0   99.0
 11 1893.707024 3.118E-24 1.746E+01.00850.208 2660.9458-.27-.005000          0 1 0          0 0 0 17  1 17       16  0 16      474423837260713059    35.0   33.0
 11 1893.717065 1.385E-22 5.377E-01.04680.222 1216.19450.69-.011938          0 1 0          0 0 0  7  7  0        7  6  1      687777835910162545    45.0   45.0
 11 1893.721781 4.628E-23 5.390E-01.04750.218 1216.18980.53-.012317          0 1 0          0 0 0  7  7  1        7  6  2      687777835910162545    15.0   15.0
 11 1893.723744 4.207E-29 3.232E-01.06620.333 4224.58650.58-.021760          1 1 0          0 2 0  8  2  7        8  3  6      434243837294713152    51.0   51.0
 11 1893.810467 1.058E-29 2.463E-02.06660.281 3832.25180.64-.040000          1 0 0          0 1 0 12  3  9       11  6  6      534233837294713152    25.0   23.0
 11 1893.876348 5.514E-30 3.178E-01.08150.333 4387.35720.690.004200          0 1 1          1 0 0  7  4  3        8  0  8      432230837294713152    15.0   17.0
 11 1893.901435 6.660E-29 1.373E+00.01350.208 4564.1096-.05-.000300          0 2 0          0 1 0 16  3 14       16  2 15      434233837294713152    99.0   99.0
 11 1893.998761 3.656E-29 2.106E+00.07380.371 4387.23480.630.002010          0 1 1          0 0 1  7  4  3        6  3  4      434233837294713152    15.0   13.0
 11 1894.261716 1.466E-28 1.387E+00.02190.183 4201.25140.16-.005190          0 1 0          0 0 0 18  4 14       18  3 15      474233837260713049    37.0   37.0
 11 1894.266729 3.765E-29 4.121E-01.08540.371 4016.05280.72-.001830          1 1 0          0 2 0  6  3  3        6  4  2      434263837294713152    13.0   13.0
 11 1894.277315 7.120E-26 5.138E-01.06660.333 2764.69740.58-.003700          0 0 1          0 1 0  7  4  4        8  4  5      564423835994713159    45.0   51.0
 11 1894.326726 6.995E-29 7.571E-01.04950.315 4068.93110.41-.014540          1 1 0          0 2 0  8  0  8        9  1  9      434233837294713152    17.0   19.0
 11 1894.357110 6.821E-24 1.572E+00.05060.303 2144.04630.63-.014161          0 1 0          0 0 0 11  7  4       11  6  5      587777835910162545    69.0   69.0
 11 1894.517706 5.067E-25 4.589E-01.04570.351 2337.66680.28-.004430          1 0 0          0 1 0  7  0  7        8  1  8      577773835910162559    45.0   51.0
 11 1894.528431 1.750E-25 2.456E-01.07400.374 2398.38150.63-.005860          1 0 0          0 1 0  6  3  4        6  4  3      554723835994163159    39.0   39.0
 11 1894.615416 4.020E-29 9.190E-01.02650.281 4510.90160.26-.013810          0 0 1          0 1 0 11  9  3       11  9  2      434233837294713152    69.0   69.0
 11 1894.615659 1.340E-29 9.190E-01.02650.281 4510.90150.26-.013800          0 0 1          0 1 0 11  9  2       11  9  3      434233837294713152    23.0   23.0
 11 1894.639991 2.821E-30 1.068E-01.05690.371 4526.71980.52-.015040          0 1 1          1 0 0  7  5  3        6  5  2      432230837294713152    45.0   39.0
 11 1894.653599 3.417E-23 9.090E-01.04630.245 1411.64190.62-.009358          0 1 0          0 0 0  8  7  1        8  6  2      587777835910162545    17.0   17.0
 11 1894.683705 1.024E-22 9.079E-01.04590.242 1411.61150.60-.009131          0 1 0          0 0 0  8  7  2        8  6  3      587777835910162545    51.0   51.0
 11 1894.748973 2.278E-28 6.633E-01.02750.235 3922.33110.290.000460          0 1 0          0 0 0 15  9  7       14 10  4      474233837260713049    31.0   29.0
 11 1894.766151 6.835E-28 6.634E-01.02750.235 3922.33060.290.000470          0 1 0          0 0 0 15  9  6       14 10  5      474223837260713049    93.0   87.0
 11 1894.802461 3.370E-26 8.262E-01.01340.208 2952.3866-.06-.004250          0 1 0          0 0 0 16  2 14       16  1 15      554423835960713059    33.0   33.0
 11 1894.815397 2.118E-28 7.637E-01.04930.315 4068.70380.41-.014270          1 1 0          0 2 0  8  1  8        9  0  9      434223837294713152    51.0   57.0
 11 1894.819084 8.746E-31 9.935E-02.06010.333 4526.72040.610.000000          0 1 1          1 0 0  7  5  2        6  5  1      4333308387659336 0    15.0   13.0
 11 1894.920357 9.565E-30 5.491E-01.07970.333 4386.31320.69-.010590          0 1 1          0 2 0  7  4  3        8  4  4      434233837294713152    15.0   17.0
 11 1894.920986 1.616E-25 4.388E-01.05880.327 2337.46330.48-.002560          1 0 0          0 1 0  7  1  7        8  0  8      564723835994163159    15.0   17.0
 11 1894.976305 1.721E-30 9.741E-01.01760.235 5204.01870.60-.016680          0 1 1          0 2 0 13  1 13       14  1 14      43220083729471 052    81.0   87.0
 11 1895.190569 2.479E-29 2.696E+00.08070.333 4792.34030.71-.001880          0 1 1          0 0 1  9  4  6        8  3  5      434233837294713152    57.0   51.0
 11 1895.197351 8.500E-21 3.589E+00.07520.391  503.96810.60-.001794          0 1 0          0 0 0  6  4  2        5  3  3      787777835910162545    13.0   11.0
 11 1895.228364 8.851E-26 7.237E-01.01360.208 2952.3937-.05-.003250          0 1 0          0 0 0 16  3 14       16  2 15      574423837260713059    99.0   99.0
 11 1895.244435 5.103E-23 1.179E+00.04880.274 1631.38300.74-.009651          0 1 0          0 0 0  9  7  2        9  6  3      587777835910162545    57.0   57.0
 11 1895.262618 6.697E-24 1.375E+00.04640.270 1875.46180.48-.010000          0 1 0          0 0 0 10  7  3       10  6  4      584723835960163059    21.0   21.0
 11 1895.280795 1.680E-25 1.866E+00.03910.250 2748.09960.37-.009700          0 1 0          0 0 0 13  7  7       13  6  8      544423835960713059    27.0   27.0
 11 1895.379381 1.703E-23 1.180E+00.04730.267 1631.24550.65-.009790          0 1 0          0 0 0  9  7  3        9  6  4      587777835910162545    19.0   19.0
 11 1895.387426 1.069E-25 1.894E+00.03630.235 3084.83570.34-.009700          0 1 0          0 0 0 14  7  8       14  6  9      574423837260713059    87.0   87.0
 11 1895.411132 7.956E-28 1.346E-07.08870.412  315.77950.710.000000          0 1 0          0 0 0  6  2  4        4  2  2     q5422308079917122 0    13.0    9.0
 11 1895.458061 2.150E-26 1.414E+01.03040.265 3587.66670.250.004250          0 2 0          0 1 0 13  3 11       12  2 10      464423837294713159    27.0   25.0
 11 1895.493613 3.001E-28 1.222E+00.03990.208 4016.13450.39-.016250          0 1 0          0 0 0 17  6 12       16  7  9      474223837260713049    35.0   33.0
 11 1895.513612 2.758E-23 4.065E+00.05930.332 1843.02960.54-.022504          0 1 0          0 0 0 12  3  9       11  4  8      587777835910162545    25.0   23.0
 11 1895.523871 1.952E-24 1.694E+00.04190.279 2433.80040.41-.009600          0 1 0          0 0 0 12  7  6       12  6  7      574723835960163059    75.0   75.0
 11 1895.721091 2.271E-27 1.291E+00.02920.221 3824.99790.25-.001310          0 1 0          0 0 0 16  7 10       15  8  7      474426837260713049    99.0   93.0
 11 1895.738348 2.036E-23 1.391E+00.04740.278 1874.97300.61-.011148          0 1 0          0 0 0 10  7  4       10  6  5      587777835910162545    63.0   63.0
 11 1895.753865 2.261E-24 1.554E+00.04430.292 2142.59770.47-.012526          0 1 0          0 0 0 11  7  5       11  6  6      587777835910162545    23.0   23.0
 11 1895.771540 6.540E-26 2.169E-01.06620.333 2630.19260.58-.008660          1 0 0          0 1 0  8  2  7        8  3  6      544423835994713159    51.0   51.0
 11 1895.797165 1.457E-30 1.919E+00.01530.195 5204.98800.020.001200          0 2 0          0 1 0 17  4 14       17  3 15      432230837294713152    35.0   35.0
 11 1895.959068 5.572E-26 2.810E-01.07850.333 2490.35410.690.008680          0 2 0          0 1 0  8  4  4        8  1  7      564426837294713152    17.0   17.0
 11 1896.090952 1.075E-29 8.327E-05.08140.371 2552.87970.69-.014700          0 0 1          0 1 0  7  1  6        6  5  1      534233837294713152    15.0   13.0
 11 1896.127603 4.641E-29 8.697E-01.06660.333 4381.73540.58-.010740          0 1 1          0 2 0  7  4  4        8  4  5      434233837294713152    45.0   51.0
 11 1896.129153 1.044E-30 3.670E+00.02890.265 5579.48930.22-.003980          1 1 0          1 0 0 13  2 11       12  3 10      432230837294713152    81.0   75.0
 11 1896.296064 6.858E-27 1.948E+00.03400.221 3443.19190.310.001090          0 1 0          0 0 0 15  7  9       15  6 10      434426831860713049    31.0   31.0
 11 1896.797575 4.917E-31 1.828E-02.08290.413 4296.56340.680.000000          1 1 0          0 0 1  7  4  4        6  2  5      4333308387659336 0    15.0   13.0
 11 1896.858888 1.344E-29 4.903E-04.07220.333 2920.13210.66-.022530          0 0 1          0 1 0  9  1  8        8  5  3      534233837294713152    19.0   17.0
 11 1897.003077 1.054E-28 5.321E-04.06140.333 2490.35410.52-.007160          1 0 0          0 1 0  8  0  8        8  1  7      532230837294713152    17.0   17.0
 11 1897.048741 1.285E-29 5.693E-09.07810.371  542.90580.670.000000          0 1 0          0 0 0  7  3  5        6  1  5     q5322308079917122 0    15.0   13.0
 11 1897.309722 1.439E-26 7.958E-03.09510.391 2130.49430.74-.007800          0 0 1          0 1 0  4  1  3        5  3  2      564423837294713159    27.0   33.0
 11 1897.331040 6.767E-29 1.155E-08.08330.391  508.81210.690.000000          0 1 0          0 0 0  5  5  0        5  3  2     q5322308079917122 0    33.0   33.0
 11 1897.372394 3.568E-23 1.197E+01.01310.166 2042.37410.09-.003762          0 1 0          0 0 0 14  1 13       13  2 12      587777835910162545    29.0   27.0
 11 1897.397963 4.485E-27 1.902E-02.08150.371 2399.16550.68-.016300          0 0 1          0 1 0  6  2  5        6  4  2      534426837294713152    13.0   13.0
 11 1897.457599 1.377E-29 2.847E+00.05150.235 4784.99990.50-.013150          0 2 0          0 1 0 14  7  7       14  6  8      434233837294713152    29.0   29.0
 11 1897.521251 1.068E-22 1.194E+01.01320.166 2042.31060.08-.003274          0 1 0          0 0 0 14  2 13       13  1 12      587777835910162545    87.0   81.0
 11 1897.568736 2.699E-26 2.003E-01.06460.315 2818.39810.560.003720          1 0 0          0 1 0  9  1  8        9  2  7      564423837294713159    57.0   57.0
 11 1897.589893 1.795E-28 1.751E+00.02170.183 4432.86020.130.003580          0 1 0          0 0 0 18  6 13       18  5 14      474233837260713049   111.0  111.0
 11 1897.604041 1.148E-29 6.086E-04.03950.221 3083.86520.420.012150          0 1 0          0 0 0 14  7  7       15  4 12      474233837260713049    29.0   31.0
 11 1897.847285 8.017E-29 2.946E-04.04250.235 2746.02350.450.009310          0 1 0          0 0 0 13  7  6       14  4 11      574233837260713049    81.0   87.0
 11 1897.922510 7.239E-31 3.983E-03.08010.383 3873.79370.660.000000          0 1 1          0 2 0  6  1  6        6  3  3      4333308387659336 0    13.0   13.0
 11 1897.950261 3.944E-28 4.380E-01.08800.371 3736.17080.70-.012650          1 1 0          0 2 0  5  1  4        6  2  5      434223837294713152    33.0   39.0
 11 1898.014959 3.399E-29 8.565E-02.08330.371 3713.08250.700.006100          0 3 0          0 2 0  6  4  2        6  1  5      434233837294713152    13.0   13.0
 11 1898.021837 1.853E-27 5.077E-01.02170.250 3391.13080.07-.016190          0 0 1          0 1 0 12  1 12       13  1 13      434223837294713152    25.0   27.0
 11 1898.025774 5.559E-27 5.077E-01.02170.250 3391.12620.07-.016250          0 0 1          0 1 0 12  0 12       13  0 13      534426837294713152    75.0   81.0
 11 1898.229760 1.113E-29 8.130E-09.06460.315  920.16830.600.000000          0 1 0          0 0 0  9  2  7        9  0  9     q5422308079917122 0    57.0   57.0
 11 1898.381547 5.466E-29 1.110E+00.02340.298 4240.94210.22-.013810          0 0 1          0 1 0 10  9  2       10  9  1      434233837294713152    21.0   21.0
 11 1898.381574 1.640E-28 1.110E+00.02340.298 4240.94210.22-.013800          0 0 1          0 1 0 10  9  1       10  9  2      434233837294713152    63.0   63.0
 11 1898.473012 3.521E-27 1.981E+00.03170.208 3822.24600.280.002980          0 1 0          0 0 0 16  7 10       16  6 11      474426837260713049    99.0   99.0
 11 1898.554521 1.831E-29 2.032E-08.06860.333 1006.11590.620.000000          0 1 0          0 0 0  9  3  6        8  3  6     q5422308079917122 0    57.0   51.0
 11 1898.581403 2.870E-29 1.144E-03.06250.315 3141.04600.60-.022150          1 0 0          0 1 0  8  6  3        9  5  4      534233837294713152    51.0   57.0
 11 1898.591992 9.330E-26 2.286E-01.07630.407 2251.69530.64-.002510          1 0 0          0 1 0  5  3  3        5  4  2      554723835994163159    11.0   11.0
 11 1898.665755 6.657E-24 2.485E+00.05300.346 2275.37290.37-.006160          0 1 0          0 0 0 13  4  9       12  5  8      587777835910162545    81.0   75.0
 11 1898.747126 4.353E-28 1.029E-07.08870.412  383.84250.710.000000          0 1 0          0 0 0  6  3  3        4  3  1     q5422308079917122 0    13.0    9.0
 11 1898.864674 1.910E-28 3.009E-03.08040.352 2724.04140.70-.019230          1 0 0          0 1 0  8  2  6        7  5  3      534233837294713152    17.0   15.0
 11 1898.877441 6.498E-29 3.150E-02.08640.391 3565.45460.720.005580          0 3 0          0 2 0  5  4  1        5  1  4      434233837294713152    33.0   33.0
 11 1899.223349 2.435E-29 1.734E-02.04630.333 3530.95750.560.000990          1 0 0          0 1 0  9  7  3        8  8  0      534233837294713152    19.0   17.0
 11 1899.226094 7.304E-29 1.734E-02.04630.333 3530.95750.560.001020          1 0 0          0 1 0  9  7  2        8  8  1      534233837294713152    57.0   51.0
 11 1899.228727 6.768E-27 1.040E+00.01530.195 3567.17380.01-.002470          0 1 0          0 0 0 17  3 14       17  2 15      474426837260713049   105.0  105.0
 11 1899.317563 1.794E-26 2.524E-05.07190.333 1006.11590.670.000000          0 1 0          0 0 0  7  6  1        8  3  6      674423837260713059    45.0   51.0
 11 1899.455784 6.013E-29 4.418E-01.08630.352 4188.39430.72-.002840          1 1 0          0 2 0  7  3  4        7  4  3      434263837294713152    45.0   45.0
 11 1899.512148 3.029E-30 2.168E+00.04520.172 5326.98310.44-.010470          0 1 0          0 0 0 19  8 11       19  7 12      472230837260713049   117.0  117.0
 11 1899.636247 1.776E-26 4.954E-01.06020.315 2841.43080.52-.004500          0 0 1          0 1 0  8  3  6        9  3  7      564423837294713159    17.0   19.0
 11 1900.118559 9.299E-29 6.900E-01.07990.412 4126.46340.70-.012560          1 1 0          0 0 1  5  5  0        4  3  1      434233837294713152    33.0   27.0
 11 1900.135688 4.628E-29 2.435E-04.07580.352 2724.16710.67-.018420          0 0 1          0 1 0  8  1  7        7  5  2      534233837294713152    51.0   45.0
 11 1900.166311 9.648E-30 1.146E-03.05850.315 3139.47580.56-.017770          1 0 0          0 1 0  8  6  2        9  5  5      534233837294713152    17.0   19.0
 11 1900.177974 1.725E-30 3.656E-03.09590.434 3827.39270.740.007300          0 1 1          1 0 0  4  3  1        3  1  2      532230837294713152    27.0   21.0
 11 1900.316326 2.371E-30 2.033E+01.01860.235 5790.43250.06-.002400          0 3 0          0 2 0 15  2 13       14  3 12      432230837294713152    93.0   87.0
 11 1900.317357 9.500E-26 1.304E-01.08460.352 2392.59250.690.002850          1 0 0          0 1 0  6  3  4        7  2  5      564423835994713159    39.0   45.0
 11 1900.419730 1.951E-29 2.063E-01.06140.333 4062.83810.52-.007160          1 1 0          0 2 0  8  0  8        8  1  7      434253837294713152    17.0   17.0
 11 1900.439817 1.685E-29 4.826E-01.08830.315 4493.80440.72-.000750          0 1 1          0 2 0  8  3  5        9  3  6      434233837294713152    51.0   57.0
 11 1900.454413 2.304E-28 2.817E+00.07380.371 4292.90990.630.002010          1 1 0          1 0 0  7  4  3        6  3  4      434233837294713152    45.0   39.0
 11 1900.538322 7.549E-28 4.473E-02.05800.298 3058.39840.54-.002780          1 0 0          0 1 0 11  1 11       10  2  8      434223837294713152    23.0   21.0
 11 1901.239673 2.777E-25 1.535E-01.07980.380 2129.59920.680.000380          1 0 0          0 1 0  4  3  2        4  4  1      574723305994163159    27.0   27.0
 11 1901.431642 2.203E-29 4.879E-01.07720.412 4125.14870.68-.014530          1 1 0          0 0 1  5  5  1        4  3  2      434233837294713152    11.0    9.0
 11 1901.546980 4.514E-30 9.273E-01.03570.281 4716.37960.28-.014140          0 1 1          0 2 0 10  2  9       11  2 10      432230837294713152    21.0   23.0
 11 1901.689250 5.915E-30 1.046E+01.08100.391 5286.56290.70-.001910          0 4 0          0 3 0  6  4  3        5  3  2      432230837294713152    39.0   33.0
 11 1901.759516 3.131E-22 7.383E+00.04250.277 1690.66440.310.007270          0 1 0          0 0 0 12  3 10       11  2  9      587777835910162545    75.0   69.0
 11 1901.929145 2.223E-27 1.028E+00.01540.195 3567.25480.020.000930          0 1 0          0 0 0 17  4 14       17  3 15      474426837260713049    35.0   35.0
 11 1902.011988 6.040E-28 1.367E+00.02010.315 3994.26020.22-.016290          0 0 1          0 1 0  9  9  1        9  9  0      434223837294713152    57.0   57.0
 11 1902.011989 2.013E-28 1.367E+00.02010.315 3994.26020.22-.016300          0 0 1          0 1 0  9  9  0        9  9  1      434233837294713152    19.0   19.0
 11 1902.041717 6.939E-25 2.067E-01.08940.438 1817.45120.760.002039          0 2 0          0 1 0  5  3  3        4  0  4      587777835910162545    11.0    9.0
 11 1902.075601 2.037E-25 1.671E-01.08370.400 2251.86250.700.001400          1 0 0          0 1 0  5  3  2        5  4  1      564723835994163159    33.0   33.0
 11 1902.172841 2.348E-29 1.180E-08.08330.391  503.96810.690.000000          0 1 0          0 0 0  5  5  1        5  3  3     q5322308079917122 0    11.0   11.0
 11 1902.209920 7.751E-28 1.328E+00.03120.221 3824.49850.270.006770          0 1 0          0 0 0 16  7  9       15  8  8      474223837260713049    33.0   31.0
 11 1902.234943 9.030E-26 1.499E-01.08190.412 2129.61860.700.001240          1 0 0          0 1 0  4  3  1        4  4  0      564423835994713159     9.0    9.0
 11 1902.317863 1.770E-28 1.966E+00.02910.195 4221.03940.250.004150          0 1 0          0 0 0 17  7 11       17  6 12      474233837260713049    35.0   35.0
 11 1902.331206 1.029E-27 2.476E-07.08330.391  416.20870.690.000000          0 1 0          0 0 0  7  2  6        5  2  4     q5422308079917122 0    15.0   11.0
 11 1902.335900 1.093E-28 1.047E+00.04450.195 4428.11420.46-.019550          0 1 0          0 0 0 18  6 13       17  7 10      474233837260713049   111.0  105.0
 11 1902.369319 3.630E-30 8.286E-01.04880.183 4865.22650.52-.020630          0 1 0          0 0 0 19  6 14       18  7 11      472230837260713049    39.0   37.0
 11 1902.389335 1.352E-29 9.197E-01.03530.281 4714.81900.28-.017380          0 1 1          0 2 0 10  1  9       11  1 10      434233837294713152    63.0   69.0
 11 1902.772469 3.429E-28 3.075E-02.02960.265 3386.37950.23-.017020          0 0 1          0 1 0 12  0 12       12  2 11      534223837294713152    75.0   75.0
 11 1902.937681 4.446E-30 2.133E-08.06460.315 1080.38540.600.000000          0 1 0          0 0 0  9  4  6        9  2  8     q5322308079917122 0    19.0   19.0
 11 1903.039712 1.221E-29 1.143E-03.03830.208 3439.30680.410.014920          0 1 0          0 0 0 15  7  8       16  4 13      474233837260713049    93.0   99.0
 11 1903.100279 1.161E-28 3.120E-02.02950.265 3386.05230.23-.016830          0 0 1          0 1 0 12  1 12       12  1 11      434233837294713152    25.0   25.0
 11 1903.140340 6.660E-26 3.995E-01.01320.182 2660.9458-.07-.001100          0 1 0          0 0 0 16  1 15       16  0 16      567723835910163059    33.0   33.0
 11 1903.163678 1.641E-25 3.281E-01.01240.208 2660.9460-.07-.001691          0 1 0          0 0 0 16  2 15       16  1 16      577427835910713045    99.0   99.0
 11 1903.185857 1.756E-27 3.542E-01.08550.281 3535.87040.74-.019910          1 0 0          0 1 0 11  3  8       11  4  7      534426837294713152    69.0   69.0
 11 1903.211821 1.906E-28 2.689E+00.04830.250 4442.71290.47-.011390          0 2 0          0 1 0 13  7  6       13  6  7      434233837294713152    81.0   81.0
 11 1903.299282 5.243E-29 1.326E-04.04660.250 2426.19650.480.006120          0 1 0          0 0 0 12  7  5       13  4 10      574233837260713049    25.0   27.0
 11 1903.351346 2.141E-27 9.127E-01.08420.371 3601.85890.690.001690          0 3 0          0 2 0  7  2  5        6  1  6      434426837294713152    45.0   39.0
 11 1903.372396 9.937E-29 1.632E-01.08000.352 3879.33620.690.007670          0 3 0          0 2 0  7  4  3        7  1  6      434233837294713152    45.0   45.0
 11 1903.620437 6.908E-30 6.660E-03.09080.412 3438.57500.740.005190          0 3 0          0 2 0  4  4  0        4  1  3      434233837294713152     9.0    9.0
 11 1903.650188 2.826E-25 2.815E-01.09330.466 2024.15260.73-.003350          1 0 0          0 1 0  4  1  3        5  2  4      574723835994163159     9.0   11.0
 11 1903.806775 3.322E-30 3.026E+00.07520.315 5022.28130.660.000000          0 1 1          0 0 1 10  4  7        9  3  6      4322308372947131 0    21.0   19.0
 11 1903.874964 3.470E-30 1.688E-09.07340.352  586.47920.650.000000          0 1 0          0 0 0  8  1  7        7  1  7     q5322308079917122 0    17.0   15.0
 11 1903.878568 7.232E-29 2.079E-08.07810.371  648.97870.670.000000          0 1 0          0 0 0  6  5  2        6  3  4     q5422308079917122 0    39.0   39.0
 11 1903.894236 6.331E-28 1.060E+00.02600.221 4045.32180.220.000460          0 1 0          0 0 0 16  8  9       15  9  6      474223837260713049    99.0   93.0
 11 1903.979833 2.859E-24 6.002E+00.08020.386 2282.58960.77-.004307          0 2 0          0 1 0  7  4  4        6  3  3      577777835910162545    15.0   13.0
 11 1904.210733 1.962E-30 1.032E+01.07440.391 5284.19800.64-.000590          0 4 0          0 3 0  6  4  2        5  3  3      432230837294713152    13.0   11.0
 11 1904.239289 2.561E-29 3.474E+01.00490.172 5241.7412-.45-.002130          0 2 0          0 1 0 20  0 20       19  1 19      434233837294713152    41.0   39.0
 11 1904.239713 7.682E-29 3.473E+01.00500.172 5241.7429-.45-.002240          0 2 0          0 1 0 20  1 20       19  0 19      434233837294713152   123.0  117.0
 11 1904.244488 3.588E-30 2.658E-03.01570.172 3675.11310.110.001880          0 1 0          0 0 0 18  2 16       19  1 19      472230837260713049    37.0   39.0
 11 1904.354940 9.780E-22 1.252E-01.09240.474  222.05280.680.004524          0 1 0          0 0 0  5  3  3        4  0  4      587777835910162545    11.0    9.0
 11 1904.378155 1.078E-29 2.663E-03.01570.172 3675.11310.110.001820          0 1 0          0 0 0 18  3 16       19  0 19      474233837260713049   111.0  117.0
 11 1904.583343 2.116E-28 1.063E+00.02620.221 4045.28560.220.001100          0 1 0          0 0 0 16  8  8       15  9  7      474233837260713049    33.0   31.0
 11 1904.760786 2.069E-23 1.094E-03.09410.434  224.83840.740.004138          0 1 0          0 0 0  4  4  1        4  1  4      587777835910162545    27.0   27.0
 11 1905.353649 2.129E-30 1.096E-01.08400.333 4387.35720.710.003420          1 1 0          1 0 0  8  3  5        8  0  8      432230837294713152    17.0   17.0
 11 1905.446006 1.339E-29 2.677E+00.08070.333 4689.32860.71-.001880          1 1 0          1 0 0  9  4  6        8  3  5      434233837294713152    19.0   17.0
 11 1905.572924 1.421E-29 4.254E-02.06040.265 4123.28530.60-.040000          1 0 0          0 1 0 13  3 10       12  6  7      434233837294713152    81.0   75.0
 11 1905.655929 3.393E-28 1.469E-08.08870.412  224.83840.710.000000          0 1 0          0 0 0  5  3  2        4  1  4     q5422308079917122 0    33.0   27.0
 11 1905.968031 2.035E-29 2.034E-07.06460.315 1477.29740.600.000000          0 1 0          0 0 0 10  5  6        9  5  4     q5422308079917122 0    63.0   57.0
 11 1906.080990 2.165E-30 1.212E-04.06320.315 2983.32310.57-.008280          1 0 0          0 1 0  8  5  3        9  4  6      532230837294713152    17.0   19.0
 11 1906.122924 6.666E-29 3.665E+00.06140.391 4345.55910.57-.004460          0 1 1          0 0 1  6  5  2        5  4  1      434233837294713152    13.0   11.0
 11 1906.252958 1.763E-27 2.322E+01.01040.221 4243.1540-.19-.000840          0 2 0          0 1 0 16  1 15       15  2 14      434223837294713152    33.0   31.0
 11 1906.263386 1.497E-29 2.158E-02.09080.412 3746.76270.73-.005650          0 1 1          0 2 0  4  2  2        4  4  1      534233837294713152    27.0   27.0
 11 1906.384132 5.290E-27 2.322E+01.01040.221 4243.1096-.19-.000790          0 2 0          0 1 0 16  2 15       15  1 14      434426837294713152    99.0   93.0
 11 1906.394309 5.566E-30 1.185E-01.03620.281 4510.90160.40-.006810          1 0 0          0 1 0 12  8  5       11  9  2      432230837294713152    75.0   69.0
 11 1906.397658 7.154E-30 3.668E-01.08660.333 4386.31320.72-.007080          1 1 0          0 2 0  8  3  5        8  4  4      434233837294713152    17.0   17.0
 11 1906.405251 1.855E-30 1.185E-01.03620.281 4510.90150.40-.006780          1 0 0          0 1 0 12  8  4       11  9  3      432230837294713152    25.0   23.0
 11 1906.422621 4.112E-28 1.317E+00.01740.183 4201.85820.070.001160          0 1 0          0 0 0 18  5 14       18  4 15      474426837260713049   111.0  111.0
 11 1906.442513 1.999E-28 3.660E+00.06000.391 4345.27190.55-.003650          0 1 1          0 0 1  6  5  1        5  4  2      434233837294713152    39.0   33.0
 11 1906.599094 2.564E-28 2.518E+00.04700.265 4125.59900.47-.009990          0 2 0          0 1 0 12  7  5       12  6  6      434233837294713152    25.0   25.0
 11 1906.655173 3.769E-29 1.629E-04.07820.298 2705.13960.700.006340          0 2 0          0 1 0  9  4  5       10  1 10      534233837294713152    57.0   63.0
 11 1906.664168 4.670E-26 3.911E-01.07610.315 2818.39810.64-.009200          0 0 1          0 1 0  8  2  6        9  2  7      554423835994713159    51.0   57.0
 11 1906.759233 4.680E-26 6.782E-01.04370.127 2905.43350.51-.009800          0 2 0          0 1 0  7  7  0        7  6  1      554723835994163159    45.0   45.0
 11 1906.762076 1.911E-26 8.308E-01.04370.352 2905.43060.51-.009800          0 2 0          0 1 0  7  7  1        7  6  2      564423837294713159    15.0   15.0
 11 1906.829348 2.596E-27 2.809E-01.07180.298 3162.25890.62-.011450          1 0 0          0 1 0 10  2  8       10  3  7      534426837294713152    21.0   21.0
 11 1907.131819 5.845E-27 1.498E+01.02340.250 3879.72080.14-.003210          0 2 0          0 1 0 14  2 12       13  3 11      434426837294713152    29.0   27.0
 11 1907.175691 2.433E-30 2.961E-01.06670.352 4563.98960.58-.017470          0 1 1          1 0 0  8  4  5        7  4  4      432230837294713152    17.0   15.0
 11 1907.221654 2.693E-30 2.850E+00.03470.221 5132.52170.320.000870          0 2 0          0 1 0 15  7  9       15  6 10      432230837294713152    31.0   31.0
 11 1907.347253 1.541E-29 2.612E-08.07340.352  816.69420.650.000000          0 1 0          0 0 0  7  5  3        7  3  5     q5322308079917122 0    15.0   15.0
 11 1907.445973 4.600E-30 1.945E-01.07990.352 4572.44630.69-.007150          0 1 1          1 0 0  8  4  4        7  4  3      432230837294713152    51.0   45.0
 11 1907.548271 4.189E-29 2.767E+00.03720.235 4774.04420.35-.001340          0 2 0          0 1 0 14  7  8       14  6  9      434233837294713152    87.0   87.0
 11 1907.565913 6.502E-30 1.020E-09.08870.412  222.05280.710.000000          0 1 0          0 0 0  4  4  0        4  0  4     q5322308079917122 0     9.0    9.0
 11 1907.584244 3.777E-30 1.024E-02.09680.412 3598.72690.74-.012960          0 1 1          0 2 0  3  1  2        4  3  1      532230837294713152     7.0    9.0
 11 1907.598120 1.481E-29 9.724E-01.06020.315 4436.94050.52-.005710          0 1 1          0 2 0  8  3  6        9  3  7      434233837294713152    17.0   19.0
 11 1907.786969 1.672E-27 8.057E+00.08190.371 3873.79370.72-.002590          0 3 0          0 2 0  7  4  4        6  3  3      434426837294713152    15.0   13.0
 11 1907.820569 1.398E-26 1.390E+00.04420.333 3101.14220.47-.011790          0 2 0          0 1 0  8  7  1        8  6  2      564423837294713159    17.0   17.0
 11 1907.838754 4.194E-26 1.390E+00.04400.333 3101.12380.47-.010000          0 2 0          0 1 0  8  7  2        8  6  3      564423837294713159    51.0   51.0
 11 1907.959073 4.112E-21 3.280E+00.08510.427  661.54890.72-.001423          0 1 0          0 0 0  7  4  4        6  3  3      687777835910162545    15.0   13.0
 11 1907.959333 3.559E-30 2.200E-01.04540.235 4774.04420.47-.040000          1 0 0          0 1 0 15  3 12       14  6  9      432230837294713152    93.0   87.0
 11 1908.075841 7.117E-29 1.909E+00.02650.183 4638.64520.210.004680          0 1 0          0 0 0 18  7 12       18  6 13      474233837260713049   111.0  111.0
 11 1908.092613 2.653E-28 3.692E-03.08100.333 2670.78970.73-.000810          0 2 0          0 1 0  7  6  2        8  3  5      534233837294713152    15.0   17.0
 11 1908.127806 7.005E-25 1.788E+01.00700.195 2981.3595-.34-.003580          0 1 0          0 0 0 18  0 18       17  1 17      474423837260713059    37.0   35.0
 11 1908.128370 2.070E-24 1.761E+01.00420.122 2981.35940.29-.004716          0 1 0          0 0 0 18  1 18       17  0 17      487777835910162545   111.0  105.0
 11 1908.187114 6.391E-29 2.650E+00.03980.250 4437.39980.38-.003720          0 2 0          0 1 0 13  7  7       13  6  8      434233837294713152    27.0   27.0
 11 1908.282725 2.701E-27 2.323E+00.04740.281 3833.14440.49-.009540          0 2 0          0 1 0 11  7  4       11  6  5      434426837294713152    69.0   69.0
 11 1908.315717 1.932E-29 3.157E-01.06460.315 4399.54210.560.001200          1 1 0          0 2 0  9  1  8        9  2  7      434223837294713152    57.0   57.0
 11 1908.432713 2.573E-28 6.320E-02.03360.265 3592.42390.29-.019360          0 0 1          0 1 0 12  1 11       12  3 10      534233837294713152    75.0   75.0
 11 1908.565644 2.070E-26 1.789E+00.04550.315 3321.01330.48-.010500          0 2 0          0 1 0  9  7  2        9  6  3      564423837294713159    57.0   57.0
 11 1908.647213 6.901E-27 1.788E+00.04510.315 3320.92980.47-.005850          0 2 0          0 1 0  9  7  3        9  6  4      434426837294713152    19.0   19.0
 11 1908.684192 1.754E-29 2.757E-01.04430.250 4252.44820.46-.036310          1 0 0          0 1 0 14  2 12       13  5  9      434233837294713152    29.0   27.0
 11 1908.710027 6.203E-29 1.461E-01.02580.250 4087.98010.360.002710          0 1 0          0 0 0 14 11  4       13 12  1      474233837260713049    87.0   81.0
 11 1908.710150 2.068E-29 1.461E-01.02580.250 4087.98010.360.002710          0 1 0          0 0 0 14 11  3       13 12  2      474233837260713049    29.0   27.0
 11 1908.795582 7.710E-28 2.501E+00.04250.265 4123.28530.42-.006150          0 2 0          0 1 0 12  7  6       12  6  7      434223837294713152    75.0   75.0
 11 1908.808080 2.718E-27 2.088E+00.04690.298 3565.00350.49-.007960          0 2 0          0 1 0 10  7  3       10  6  4      434426837294713152    21.0   21.0
 11 1908.900070 4.084E-28 2.382E-01.08890.412 3375.29800.710.005500          0 3 0          0 2 0  5  3  3        4  0  4      434223837294713152    11.0    9.0
 11 1908.922325 1.583E-29 2.578E-09.07340.352  586.24350.650.000000          0 1 0          0 0 0  8  2  7        7  0  7     q5322308079917122 0    51.0   45.0
 11 1908.931365 3.425E-28 7.810E-03.06160.315 2841.43080.57-.017530          1 0 0          0 1 0 10  0 10        9  3  7      534223837294713152    21.0   19.0
 11 1908.938892 1.251E-29 3.967E-01.05800.371 4197.36100.57-.019300          0 1 1          0 2 0  5  5  0        6  5  1      434233837294713152    11.0   13.0
 11 1908.958020 3.756E-29 3.970E-01.05770.371 4197.33880.56-.019250          0 1 1          0 2 0  5  5  1        6  5  2      434233837294713152    33.0   39.0
 11 1909.045862 6.080E-26 2.610E-01.08540.371 2399.16550.720.001200          1 0 0          0 1 0  6  3  3        6  4  2      554423835994713159    13.0   13.0
 11 1909.098224 8.156E-27 2.086E+00.04590.298 3564.70500.48-.007450          0 2 0          0 1 0 10  7  4       10  6  5      534426837294713152    63.0   63.0
 11 1909.139525 9.009E-28 2.317E+00.04500.281 3832.25180.46-.008070          0 2 0          0 1 0 11  7  5       11  6  6      434223837294713152    23.0   23.0
 11 1909.252015 4.206E-29 1.165E+00.09060.352 4484.99220.74-.010780          0 1 1          1 0 0  8  3  5        7  3  4      434233837294713152    51.0   45.0
 11 1909.287823 1.186E-29 2.867E-07.06860.333 1411.64190.620.000000          0 1 0          0 0 0  9  6  4        8  6  2     q5422308079917122 0    19.0   17.0
 11 1909.401832 3.550E-29 2.860E-07.06860.333 1411.61150.620.000000          0 1 0          0 0 0  9  6  3        8  6  3     q5422308079917122 0    57.0   51.0
 11 1909.891257 1.990E-30 7.695E-02.05290.250 4437.39980.54-.040000          1 0 0          0 1 0 14  3 11       13  6  8      432230837294713152    29.0   27.0
 11 1909.963872 8.081E-21 1.270E+00.08820.453  552.91140.700.003895          0 1 0          0 0 0  7  3  4        6  2  5      787777835910162545    45.0   39.0
 11 1910.171812 1.375E-29 9.002E-07.07710.298 1616.45310.73-.004000          0 1 0          0 0 0  9  7  3       10  4  6      572230837260713049    19.0   21.0
 11 1910.259267 4.363E-29 4.349E-01.02630.235 4172.15250.300.000940          0 1 0          0 0 0 15 10  6       14 11  3      474233837260713049    31.0   29.0
 11 1910.260031 1.309E-28 4.350E-01.02630.235 4172.15250.300.000940          0 1 0          0 0 0 15 10  5       14 11  4      474233837260713049    93.0   87.0
 11 1910.272713 3.101E-27 2.312E-07.08330.391  399.45750.690.000000          0 1 0          0 0 0  7  1  6        5  1  4     q5422308079917122 0    45.0   33.0
 11 1910.273802 3.859E-28 5.108E-08.08870.412  488.10770.710.000000          0 1 0          0 0 0  6  4  3        4  4  1     q5422308079917122 0    39.0   27.0
 11 1910.741103 1.107E-28 9.408E-09.09940.456   95.17590.740.000000          0 1 0          0 0 0  4  3  1        2  1  1     q5322308079917122 0     9.0    5.0
 11 1910.788234 5.687E-31 6.263E-03.05100.302 4068.93110.560.000000          0 3 0          0 2 0  8  4  4        9  1  9      4333308387659336 0    17.0   19.0
 11 1910.851397 9.232E-29 4.093E-02.05100.281 3487.39920.50-.027470          1 0 0          0 1 0 12  1 11       11  4  8      434233837294713152    25.0   23.0
 11 1910.900401 3.334E-30 7.878E-03.09760.434 3500.51070.74-.015930          0 1 1          0 2 0  2  1  2        3  3  1      532230837294713152     5.0    7.0
 11 1911.031327 1.271E-28 5.052E-08.08870.412  488.13420.710.000000          0 1 0          0 0 0  6  4  2        4  4  0     q5422308079917122 0    13.0    9.0
 11 1911.174557 2.321E-28 4.435E-01.07470.352 3879.33620.610.004150          1 1 0          0 2 0  6  2  5        7  1  6      434223837294713152    39.0   45.0
 11 1911.261485 1.072E-29 4.930E-01.08680.315 4611.79480.73-.012530          1 1 0          0 2 0  9  3  6        9  4  5      434253837294713152    57.0   57.0
 11 1911.312778 3.473E-29 3.653E-01.07400.352 4033.61450.63-.019870          1 1 0          0 2 0  7  2  6        7  3  5      434263837294713152    15.0   15.0
 11 1911.480924 2.655E-29 2.208E-07.07340.352 1394.81420.650.000000          0 1 0          0 0 0  8  7  2        7  7  0     q5422308079917122 0    51.0   45.0
 11 1911.481291 8.851E-30 2.208E-07.07340.352 1394.81420.650.000000          0 1 0          0 0 0  8  7  1        7  7  1     q5422308079917122 0    17.0   15.0
 11 1912.086631 4.900E-29 6.311E-01.01300.208 4237.3204-.060.001350          0 2 0          0 1 0 16  1 15       16  0 16      434233837294713152    33.0   33.0
 11 1912.157894 1.187E-30 5.063E-01.08650.298 4864.37330.74-.015710          1 1 0          0 2 0 10  3  7       10  4  6      432230837294713152    21.0   21.0
 11 1912.172770 1.469E-28 6.307E-01.01290.208 4237.3209-.060.001390          0 2 0          0 1 0 16  2 15       16  1 16      434233837294713152    99.0   99.0
 11 1912.220423 3.738E-30 3.548E+00.06850.298 5273.63260.620.006120          0 1 1          0 0 1 11  4  8       10  3  7      432230837294713152    69.0   63.0
 11 1912.403734 2.013E-28 4.262E-01.09330.391 3598.51590.73-.010580          1 1 0          0 2 0  4  1  3        5  2  4      434223837294713152     9.0   11.0
 11 1912.419412 3.175E-29 6.122E-04.05390.221 2872.58050.580.018400          0 1 0          0 0 0 14  6  8       15  3 13      474233837260713049    29.0   31.0
 11 1912.419831 6.172E-30 1.842E-07.06460.315 1474.98080.600.000000          0 1 0          0 0 0 10  5  5        9  5  5     q5422308079917122 0    21.0   19.0
 11 1912.443871 7.119E-30 1.564E+00.01870.172 4855.15200.080.002220          0 1 0          0 0 0 19  6 14       19  5 15      474233837260713049    39.0   39.0
 11 1912.453698 1.538E-28 9.032E-02.04460.265 3770.87890.42-.032400          0 0 1          0 1 0 12  2 10       12  4  9      534233837294713152    75.0   75.0
 11 1912.663984 4.382E-29 9.383E-02.04270.250 4052.81090.400.002440          0 0 1          0 1 0 13  3 11       13  3 10      534233837294713152    81.0   81.0
 11 1912.853031 1.120E-25 3.232E-01.08630.437 2572.13920.720.001150          1 0 0          0 1 0  7  3  4        7  4  3      544723835994163159    45.0   45.0
 11 1912.853050 4.635E-30 7.213E-08.06460.315 1340.88490.600.000000          0 1 0          0 0 0 10  4  6        9  4  6     q5422308079917122 0    21.0   19.0
 11 1912.912369 3.396E-30 3.396E+00.04840.221 5132.52170.44-.008500          0 2 0          0 1 0 16  5 11       15  6 10      432230837294713152    33.0   31.0
 11 1913.228491 5.497E-28 1.345E-03.09020.371 2282.58960.73-.013370          0 0 1          0 1 0  6  1  6        6  3  3      534223837294713152    13.0   13.0
 11 1913.249073 9.196E-29 6.655E-02.03430.265 3587.66670.29-.009980          0 0 1          0 1 0 12  2 11       12  2 10      434233837294713152    25.0   25.0
 11 1913.276884 4.670E-26 2.127E-01.07400.352 2439.95450.63-.007600          1 0 0          0 1 0  7  2  6        7  3  5      554423835994713159    15.0   15.0
 11 1913.307364 4.160E-26 4.769E-01.04420.298 2904.42840.37-.011800          0 0 1          0 1 0  9  2  8       10  2  9      554423835994713159    57.0   63.0
 11 1913.343657 1.740E-26 1.478E+01.02390.250 3877.08870.150.000770          0 2 0          0 1 0 14  3 12       13  2 11      464423807294713159    87.0   81.0
 11 1913.451979 2.692E-28 5.767E-05.05120.265 2124.95140.530.002740          0 1 0          0 0 0 11  7  4       12  4  9      574223837260713049    69.0   75.0
 11 1913.517071 2.265E-29 2.853E-08.06860.333 1006.11590.620.000000          0 1 0          0 0 0  8  5  4        8  3  6     q5422308079917122 0    51.0   51.0
 11 1913.568617 7.306E-29 2.642E+00.06000.391 4257.78670.55-.003650          1 1 0          1 0 0  6  5  1        5  4  2      434233837294713152    13.0   11.0
 11 1913.599994 1.500E-26 6.118E-01.01130.195 3291.1486-.11-.003650          0 1 0          0 0 0 17  2 15       17  1 16      444423835960713059   105.0  105.0
 11 1913.611319 7.290E-26 6.052E-02.08430.391 2251.86250.69-.006000          0 0 1          0 1 0  5  2  4        5  4  1      564423835994713159    33.0   33.0
 11 1913.690279 7.979E-30 1.943E+00.04400.183 4865.22650.43-.013470          0 1 0          0 0 0 18  8 10       18  7 11      474233837260713049    37.0   37.0
 11 1913.835891 5.005E-27 6.125E-01.01140.195 3291.1521-.11-.000200          0 1 0          0 0 0 17  3 15       17  2 16      474426837260713049    35.0   35.0
 11 1913.844363 5.280E-26 1.334E-01.07030.352 2318.53990.59-.003200          1 0 0          0 1 0  7  1  7        7  2  6      564423835994713159    15.0   15.0
 11 1913.844890 1.454E-26 4.972E-01.04440.298 2903.14600.37-.013000          0 0 1          0 1 0  9  1  8       10  1  9      564423837294713159    19.0   21.0
 11 1914.036401 7.738E-30 1.158E-01.08430.391 4076.14330.690.005710          0 1 1          0 0 1  6  3  4        5  0  5      434233837294713152    13.0   11.0
 11 1914.140358 1.122E-29 1.155E+00.01120.195 4902.6140-.11-.000380          0 2 0          0 1 0 17  2 15       17  1 16      434233837294713152   105.0  105.0
 11 1914.225381 2.977E-25 4.451E-01.06820.365 2181.08990.55-.005370          1 0 0          0 1 0  6  0  6        7  1  7      564723835994163159    13.0   15.0
 11 1914.264613 1.659E-29 3.071E+00.07520.315 4918.23470.66-.003384          1 1 0          1 0 0 10  4  7        9  3  6      4342338372947131 8    63.0   57.0
 11 1914.360616 4.259E-28 7.645E-01.05880.333 3895.25290.48-.014130          1 1 0          0 2 0  7  0  7        8  1  8      434223837294713152    45.0   51.0
 11 1914.530051 5.169E-30 3.340E-02.08930.391 3868.87300.73-.006290          0 1 1          0 2 0  5  2  3        5  4  2      432230837294713152    11.0   11.0
 11 1914.581652 9.656E-23 8.010E+00.02690.216 1962.50690.10-.010215          0 1 0          0 0 0 13  2 11       12  3 10      587777835910162545    81.0   75.0
 11 1914.648250 1.960E-30 1.025E+00.02170.250 4941.62330.07-.016190          0 1 1          0 2 0 12  1 12       13  1 13      432230837294713152    25.0   27.0
 11 1914.661592 1.181E-30 1.930E-03.03920.195 3812.04690.430.017720          0 1 0          0 0 0 16  7  9       17  4 14      472230837260713049    33.0   35.0
 11 1914.670835 5.878E-30 1.024E+00.02170.250 4941.60660.07-.016250          0 1 1          0 2 0 12  0 12       13  0 13      432230837294713152    75.0   81.0
 11 1914.883409 3.725E-30 1.151E+00.01130.195 4902.6265-.10-.000130          0 2 0          0 1 0 17  3 15       17  2 16      432230837294713152    35.0   35.0
 11 1915.096415 2.946E-28 3.531E+00.06140.391 4256.24130.57-.004460          1 1 0          1 0 0  6  5  2        5  4  1      434223837294713152    39.0   33.0
 11 1915.160324 9.299E-25 4.629E-01.05920.377 2180.64290.41-.001850          1 0 0          0 1 0  6  1  6        7  0  7      587773835910162559    39.0   45.0
 11 1915.175787 1.421E-28 7.642E-01.05880.333 3894.79890.48-.013720          1 1 0          0 2 0  7  1  7        8  0  8      434223837294713152    15.0   17.0
 11 1915.195552 2.903E-23 1.240E+01.01040.155 2327.91400.06-.003970          0 1 0          0 0 0 15  1 14       14  2 13      587777835910162545    93.0   87.0
 11 1915.264167 1.490E-28 8.025E-01.02510.221 4283.30770.230.000160          0 1 0          0 0 0 16  9  8       15 10  5      474233837260713049    99.0   93.0
 11 1915.270283 9.678E-24 1.240E+01.01030.156 2327.88380.10-.003850          0 1 0          0 0 0 15  2 14       14  1 13      587777835910162545    31.0   29.0
 11 1915.301279 2.242E-27 3.818E-01.08650.298 3253.73800.74-.015710          1 0 0          0 1 0 10  3  7       10  4  6      534426837294713152    21.0   21.0
 11 1915.318481 4.969E-29 8.029E-01.02520.221 4283.30580.230.000180          0 1 0          0 0 0 16  9  7       15 10  6      474233837260713049    33.0   31.0
 11 1915.561827 9.220E-25 2.061E-01.10180.510 1819.33510.89-.006737          1 0 0          0 1 0  2  1  2        3  2  1      577777835910162545    15.0   21.0
 11 1915.795284 1.284E-28 1.354E+00.02820.208 4207.56200.23-.003920          0 1 0          0 0 0 17  7 11       16  8  8      474233837260713049    35.0   33.0
 11 1915.806912 3.851E-29 2.066E-01.07030.352 3894.16780.59-.014620          1 1 0          0 2 0  7  1  7        7  2  6      434253837294713152    15.0   15.0
 11 1915.817984 1.933E-26 2.085E-01.05800.371 2552.87970.57-.010000          0 0 1          0 1 0  5  5  0        6  5  1      564423837294713159    11.0   13.0
 11 1915.832066 2.839E-30 1.815E+00.02370.172 5074.22160.170.004350          0 1 0          0 0 0 19  7 13       19  6 14      372230837260713049    39.0   39.0
 11 1915.836030 5.380E-26 1.934E-01.05770.371 2552.85720.56-.010000          0 0 1          0 1 0  5  5  1        6  5  2      564423835994713159    33.0   39.0
 11 1915.893546 2.609E-26 3.660E-01.09060.333 2670.78970.74-.000700          0 0 1          0 1 0  7  3  4        8  3  5      564423837294713159    15.0   17.0
 11 1915.951388 7.134E-29 1.822E-04.08230.352 2572.13920.70-.014250          0 0 1          0 1 0  8  0  8        7  4  3      534233837294713152    51.0   45.0
 11 1916.682086 8.254E-24 5.552E+00.06780.344 2271.71220.60-.000572          0 2 0          0 1 0  7  4  3        6  3  4      587777835910162545    45.0   39.0
 11 1916.830046 5.322E-29 1.179E+00.01740.172 4608.22360.08-.004050          0 1 0          0 0 0 19  4 15       19  3 16      474233837260713049   117.0  117.0
 11 1916.879272 3.219E-28 1.279E-04.06810.250 2042.37410.680.012640          0 1 0          0 0 0 12  5  7       13  2 12      574223837260713049    25.0   27.0
 11 1916.881238 1.593E-29 1.714E-01.07850.333 4062.83810.690.008680          0 3 0          0 2 0  8  4  4        8  1  7      434233837294713152    17.0   17.0
 11 1917.165473 7.175E-29 1.859E-01.03470.250 3879.72080.36-.016560          0 0 1          0 1 0 14  1 14       13  3 11      434446837294713152    29.0   27.0
 11 1917.268702 3.494E-27 6.904E-06.07750.352  816.69420.710.000140          0 1 0          0 0 0  6  6  0        7  3  5      774426837260713049    13.0   15.0
 11 1917.434489 1.747E-26 5.339E-01.02690.265 3144.57870.16-.013100          0 0 1          0 1 0 11  1 11       12  1 12      564423807294713159    69.0   75.0
 11 1917.441318 5.824E-27 5.339E-01.02690.265 3144.56920.16-.015890          0 0 1          0 1 0 11  0 11       12  0 12      534426837294713152    23.0   25.0
 11 1917.442853 5.789E-28 2.916E-08.09400.434  212.15640.730.000000          0 1 0          0 0 0  4  4  1        3  2  1     q5422308079917122 0    27.0   21.0
 11 1917.638516 1.720E-26 3.483E-01.08660.333 2771.69010.72-.002000          1 0 0          0 1 0  8  3  5        8  4  4      564423837294713159    17.0   17.0
 11 1917.742552 4.911E-27 7.636E+00.07380.371 3864.96610.630.002010          0 3 0          0 2 0  7  4  3        6  3  4      434426837294713152    45.0   39.0
 11 1918.006718 9.980E-21 4.722E+00.05660.320  488.13420.60-.008165          0 1 0          0 0 0  5  5  1        4  4  0      587777835910162545    11.0    9.0
 11 1918.035356 3.002E-20 4.735E+00.05590.315  488.10770.62-.007686          0 1 0          0 0 0  5  5  0        4  4  1      787777835910162545    33.0   27.0
 11 1918.066596 5.473E-28 6.789E-03.07650.333 2919.63300.69-.027030          1 0 0          0 1 0  9  2  7        8  5  4      534223837294713152    57.0   51.0
 11 1918.199071 7.073E-29 4.548E-02.04380.315 3752.41620.49-.003090          1 0 0          0 1 0 10  7  4        9  8  1      534233837294713152    63.0   57.0
 11 1918.213728 2.357E-29 4.546E-02.04380.315 3752.41620.49-.003040          1 0 0          0 1 0 10  7  3        9  8  2      534233837294713152    21.0   19.0
 11 1918.860109 3.687E-24 5.555E+00.08250.389 2462.87530.76-.003399          0 2 0          0 1 0  8  4  5        7  3  4      587777835910162545    51.0   45.0
 11 1918.868079 1.610E-25 2.413E-01.08440.371 2146.26370.680.002670          1 0 0          0 1 0  5  2  4        6  1  5      564423837294713159    11.0   13.0
 11 1918.883893 5.914E-30 6.741E-04.05510.333 3101.14220.61-.020740          1 0 0          0 1 0  7  7  1        8  6  2      532230837294713152    15.0   17.0
 11 1918.902358 1.774E-29 6.740E-04.05500.333 3101.12380.61-.020710          1 0 0          0 1 0  7  7  0        8  6  3      534233837294713152    45.0   51.0
 11 1919.070139 3.234E-28 8.843E-01.01260.183 3940.5449-.06-.002170          0 1 0          0 0 0 18  3 15       18  2 16      474223837260713049    37.0   37.0
 11 1919.160633 1.382E-27 9.226E+00.03720.250 4074.03860.34-.011700          0 2 0          0 1 0 14  3 11       13  4 10      434223837294713152    29.0   27.0
 11 1919.174526 4.791E-29 8.849E-01.07610.315 4399.54210.64-.006570          0 1 1          0 2 0  8  2  6        9  2  7      434233837294713152    51.0   57.0
 11 1919.177070 1.341E-29 3.540E+01.00430.161 5611.3298-.48-.001500          0 2 0          0 1 0 21  0 21       20  1 20      344233833294713152   129.0  123.0
 11 1919.180577 4.445E-30 3.520E+01.00840.161 5611.3293-.300.000000          0 2 0          0 1 0 21  1 21       20  0 20      3333308387659336 0    43.0   41.0
 11 1919.230604 1.280E-25 4.291E-01.07590.351 2572.13920.66-.004900          0 0 1          0 1 0  6  4  2        7  4  3      544723835994163159    39.0   45.0
 11 1919.376394 1.165E-24 2.875E-01.09660.502 1908.01630.86-.001910          1 0 0          0 1 0  3  1  2        4  2  3      587773835910162559    21.0   27.0
 11 1919.395216 5.674E-30 1.483E-04.07850.298 3072.72640.700.008620          1 0 0          0 1 0  9  4  5       10  3  8      532230837294713152    57.0   63.0
 11 1919.427643 7.274E-31 1.702E-01.07070.349 4695.83640.640.000000          0 1 1          1 0 0  8  5  4        7  5  3      4333308387659336 0    17.0   15.0
 11 1919.468398 2.061E-26 3.761E-01.08680.315 2998.76630.73-.009890          1 0 0          0 1 0  9  3  6        9  4  5      564423837294713159    57.0   57.0
 11 1919.513409 3.249E-23 8.037E+00.03070.226 1960.20740.140.004000          0 1 0          0 0 0 13  3 11       12  2 10      587777835910162545    27.0   25.0
 11 1919.686758 3.869E-23 6.258E-02.08040.389 1079.07960.760.006194          0 1 0          0 0 0  9  4  5        9  1  8      687777835910162545    57.0   57.0
 11 1919.854060 4.828E-28 4.128E-01.03470.250 3877.08860.35-.013230          0 0 1          0 1 0 14  0 14       13  2 11      434223837294713152    87.0   81.0
 11 1919.936955 1.171E-25 5.402E-02.09060.440 2129.59920.720.002500          1 0 0          0 1 0  5  1  4        4  4  1      554723835994163159    33.0   27.0
 11 1919.959325 2.925E-29 9.324E-01.09060.333 4259.87640.74-.002420          0 1 1          0 2 0  7  3  4        8  3  5      434233837294713152    15.0   17.0
 11 1920.045489 1.799E-30 4.496E-01.07180.298 4752.73290.62-.011450          1 1 0          0 2 0 10  2  8       10  3  7      432230837294713152    21.0   21.0
 11 1920.132746 1.670E-30 1.304E-01.05970.352 4695.83620.54-.014100          0 1 1          1 0 0  8  5  3        7  5  2      432230837294713152    51.0   45.0
 11 1920.433663 8.610E-27 1.457E-02.08710.412 2129.61860.71-.009790          0 0 1          0 1 0  4  2  3        4  4  0      534426837294713152     9.0    9.0
 11 1920.555926 4.630E-26 4.603E-01.06810.352 2569.50800.59-.002200          0 0 1          0 1 0  6  4  3        7  4  4      544423835994713159    13.0   15.0
 11 1920.651456 9.615E-28 8.780E-01.01320.183 3940.5873-.030.000220          0 1 0          0 0 0 18  4 15       18  3 16      474223837260713049   111.0  111.0
 11 1920.662280 9.480E-27 3.703E-03.09680.391 2053.96870.74-.012410          0 0 1          0 1 0  4  0  4        5  2  3      534426837294713152    27.0   33.0
 11 1920.885197 5.947E-24 8.239E+00.05050.265 2129.61860.69-.009544          0 2 0          0 1 0  5  5  1        4  4  0      587777835910162545    11.0    9.0
 11 1920.913358 1.770E-23 8.173E+00.05050.265 2129.59920.55-.009030          0 2 0          0 1 0  5  5  0        4  4  1      587777835910162545    33.0   27.0
 11 1920.941876 9.738E-29 8.443E-01.07590.352 4188.39430.66-.011590          0 1 1          0 2 0  6  4  2        7  4  3      434233837294713152    39.0   45.0
 11 1920.945203 6.798E-27 8.112E-03.09680.412 2005.91700.74-.012960          0 0 1          0 1 0  3  1  2        4  3  1      534426837294713152     7.0    9.0
 11 1921.220839 4.005E-30 8.992E-09.06460.315  920.21000.600.000000          0 1 0          0 0 0  9  3  7        9  1  9     q5322308079917122 0    19.0   19.0
 11 1921.254592 3.240E-26 2.955E-01.01110.195 2981.3594-.11-.000700          0 1 0          0 0 0 17  1 16       17  0 17      464423835960713059   105.0  105.0
 11 1921.267029 1.010E-26 2.763E-01.01110.195 2981.3595-.11-.000700          0 1 0          0 0 0 17  2 16       17  1 17      474423837260713059    35.0   35.0
 11 1921.493409 4.396E-29 1.360E-01.08430.391 3976.30810.690.005710          1 1 0          1 0 0  6  3  4        5  0  5      434233837294713152    39.0   33.0
 11 1921.744840 3.276E-29 8.453E-01.06810.352 4186.56940.59-.009740          0 1 1          0 2 0  6  4  3        7  4  4      434233837294713152    13.0   15.0
 11 1921.819485 4.070E-29 5.097E-02.05060.265 3940.51940.51-.038620          1 0 0          0 1 0 13  2 11       12  5  8      434233837294713152    81.0   75.0
 11 1921.860761 2.494E-29 3.511E-02.05410.265 3738.54320.530.000930          1 0 0          0 1 0 13  2 12       12  3  9      434233837294713152    27.0   25.0
 11 1922.008392 2.065E-30 3.572E+00.06850.298 5169.03920.620.006120          1 1 0          1 0 0 11  4  8       10  3  7      432230837294713152    23.0   21.0
 11 1922.292959 1.437E-25 1.827E+01.00580.183 3319.4483-.39-.002900          0 1 0          0 0 0 19  1 19       18  0 18      474223837260713059    39.0   37.0
 11 1922.294641 4.750E-25 2.013E+01.00580.183 3319.4483-.39-.002900          0 1 0          0 0 0 19  0 19       18  1 18      454223835960713059   117.0  111.0
 11 1922.340833 5.311E-21 3.046E+00.08590.437  842.35660.67-.002492          0 1 0          0 0 0  8  4  5        7  3  4      787727835910162445    51.0   45.0
 11 1922.362955 4.842E-31 2.273E-03.03490.195 4027.50600.320.000000          0 1 0          0 0 0 16  8  8       17  5 13      4333308387659336 0    33.0   35.0
 11 1922.398699 9.574E-31 9.313E+00.07870.383 5436.27750.660.000000          0 4 0          0 3 0  7  4  4        6  3  3      4333308387659336 0    15.0   13.0
 11 1922.413174 1.359E-26 3.351E-02.08400.333 2337.46330.710.001730          0 2 0          0 1 0  8  3  5        8  0  8      564423837294713159    17.0   17.0
 11 1922.454285 1.380E-25 1.123E-01.07170.352 2309.73020.590.002270          1 0 0          0 1 0  7  0  7        7  1  6      554423835994713159    45.0   45.0
 11 1922.557603 2.456E-27 1.624E+00.04840.221 3624.18130.460.012480          0 1 0          0 0 0 16  6 10       15  7  9      474426837260713049    33.0   31.0
 11 1922.679155 2.643E-30 3.872E-03.01410.161 4048.24960.090.002980          0 1 0          0 0 0 19  2 17       20  1 20      472230837260713049   117.0  123.0
 11 1922.750762 7.376E-28 3.484E-01.10040.434 3392.74930.75-.013910          1 1 0          0 2 0  2  1  2        3  2  1      434223837294713152    15.0   21.0
 11 1922.815962 6.367E-30 1.491E-01.08420.371 4195.81810.690.001690          0 1 1          0 0 1  7  2  5        6  1  6      432230837294713152    15.0   13.0
 11 1923.080926 1.332E-25 5.152E-01.06750.333 2630.19260.57-.003200          0 0 1          0 1 0  7  3  5        8  3  6      564423837294713159    45.0   51.0
 11 1923.160451 1.148E-20 2.918E+00.07400.399  648.97870.640.000863          0 1 0          0 0 0  7  4  3        6  3  4      787777835910162545    45.0   39.0
 11 1923.202837 4.179E-29 1.457E+00.08160.391 4248.15250.71-.012060          1 1 0          0 0 1  6  5  1        5  3  2      434233837294713152    13.0   11.0
 11 1923.244604 3.035E-30 2.879E-08.06460.315 1216.23130.600.000000          0 1 0          0 0 0  9  5  5        9  3  7     q5422308079917122 0    19.0   19.0
 11 1923.317248 2.029E-28 2.999E-08.09400.434  206.30140.730.000000          0 1 0          0 0 0  4  4  0        3  2  2     q5322308079917122 0     9.0    7.0
 11 1923.465633 1.128E-30 9.796E-03.09460.412 3927.80280.740.007970          0 1 1          1 0 0  5  3  2        4  1  3      432230837294713152    11.0    9.0
 11 1923.498181 7.309E-31 1.828E-01.03020.263 4803.82030.430.000000          1 0 0          0 1 0 13  8  6       12  9  3      4333308387659336 0    27.0   25.0
 11 1923.531892 1.530E-29 7.324E-02.08400.333 3894.79890.710.003420          0 3 0          0 2 0  8  3  5        8  0  8      434233837294713152    17.0   17.0
 11 1923.537849 2.186E-30 1.822E-01.03500.265 4803.82000.37-.007280          1 0 0          0 1 0 13  8  5       12  9  4      432230837294713152    81.0   75.0
 11 1923.581972 4.038E-29 1.940E-01.08420.371 4095.80320.690.001690          1 1 0          1 0 0  7  2  5        6  1  6      434233837294713152    45.0   39.0
 11 1923.622252 2.146E-27 7.383E+00.08190.352 4052.83690.72-.002230          0 3 0          0 2 0  8  4  5        7  3  4      434426837294713152    51.0   45.0
 11 1923.714885 3.278E-26 1.327E-01.07840.315 2688.07990.700.006600          0 2 0          0 1 0  9  4  5        9  1  8      564423837294713159    57.0   57.0
 11 1923.749068 5.614E-30 4.603E-03.09680.391 3626.92220.74-.012410          0 1 1          0 2 0  4  0  4        5  2  3      532230837294713152    27.0   33.0
 11 1923.821186 1.236E-29 4.639E-02.08690.371 4015.51510.71-.008300          0 1 1          0 2 0  6  2  4        6  4  3      434233837294713152    39.0   39.0
 11 1924.146282 1.104E-29 2.551E-04.07790.333 2771.69010.70-.015410          1 0 0          0 1 0  7  5  3        8  4  4      534243837294713152    15.0   17.0
 11 1924.163017 6.835E-28 3.264E+00.08380.352 3894.16780.710.004330          0 3 0          0 2 0  8  3  5        7  2  6      434426837294713152    17.0   15.0
 11 1924.275822 3.943E-29 9.840E-01.04420.298 4483.22780.37-.012680          0 1 1          0 2 0  9  2  8       10  2  9      434233837294713152    57.0   63.0
 11 1924.505549 1.699E-29 1.140E+00.01500.172 4608.55620.020.001230          0 1 0          0 0 0 19  5 15       19  4 16      474233837260713049    39.0   39.0
 11 1924.688996 3.791E-29 1.174E+00.02410.208 4427.22680.180.000260          0 1 0          0 0 0 17  8 10       16  9  7      474233837260713049    35.0   33.0
 11 1924.735148 2.146E-24 4.783E-01.08500.454 2042.75330.680.004958          0 2 0          0 1 0  7  2  5        6  1  6      587777835910162545    45.0   39.0
 11 1924.888494 2.269E-28 5.705E+00.04740.235 4585.34910.45-.015040          0 2 0          0 1 0 15  4 11       14  5 10      434233837294713152    93.0   87.0
 11 1924.939768 1.182E-27 2.374E+01.00850.208 4564.1096-.26-.000970          0 2 0          0 1 0 17  1 16       16  2 15      434223837294713152   105.0   99.0
 11 1925.012046 4.567E-30 2.931E-05.07310.371 2733.96270.69-.003230          0 0 1          0 1 0  7  4  4        6  6  1      532230837294713152    45.0   39.0
 11 1925.014257 3.939E-28 2.373E+01.00850.208 4564.0861-.26-.000940          0 2 0          0 1 0 17  2 16       16  1 15      434223837294713152    35.0   33.0
 11 1925.069823 1.087E-23 2.363E-03.08890.403  326.62550.710.003616          0 1 0          0 0 0  5  4  2        5  1  5      787777835910162545    11.0   11.0
 11 1925.165884 1.199E-26 1.521E-03.09090.412 1821.59680.730.004900          0 2 0          0 1 0  4  4  1        4  1  4      564423837294713159    27.0   27.0
 11 1925.288432 1.701E-28 1.765E+00.04060.195 4428.11420.40-.013660          0 1 0          0 0 0 17  8  9       17  7 10      474233837260713049   105.0  105.0
 11 1925.319319 3.753E-28 1.000E-08.09940.456   79.49640.740.000000          0 1 0          0 0 0  4  3  2        2  1  2     q5322308079917122 0    27.0   15.0
 11 1925.544713 2.177E-28 3.938E-01.07970.371 3864.96610.66-.016910          1 1 0          0 2 0  6  2  5        6  3  4      434233837294713152    39.0   39.0
 11 1925.598056 3.910E-28 3.475E-02.03600.281 3136.41250.31-.015700          0 0 1          0 1 0 11  0 11       11  2 10      534223837294713152    23.0   23.0
 11 1925.630228 1.323E-29 9.783E-01.04440.298 4480.39240.37-.016590          0 1 1          0 2 0  9  1  8       10  1  9      434233837294713152    19.0   21.0
 11 1925.665267 9.170E-30 2.204E-01.07220.352 4452.35280.620.012080          1 1 0          0 0 1  8  4  5        7  2  6      434233837294713152    51.0   45.0
 11 1925.803646 1.979E-30 1.841E-07.06000.298 1724.70540.570.000000          0 1 0          0 0 0 11  5  7       10  5  5     q5422308079917122 0    23.0   21.0
 11 1925.896516 1.071E-27 4.771E-07.07340.352  586.47920.650.000000          0 1 0          0 0 0  9  1  9        7  1  7     q5422308079917122 0    19.0   15.0
 11 1925.978565 1.025E-29 3.015E-09.07340.352  704.21410.650.000000          0 1 0          0 0 0  8  3  6        7  1  6     q5322308079917122 0    51.0   45.0
 11 1926.039368 3.213E-27 4.767E-07.07340.352  586.24350.650.000000          0 1 0          0 0 0  9  0  9        7  0  7     q5422308079917122 0    57.0   45.0
 11 1926.125274 4.514E-27 4.698E-03.09760.434 1907.45140.74-.015930          0 0 1          0 1 0  2  1  2        3  3  1      534426837294713152     5.0    7.0
 11 1926.248492 1.191E-27 3.519E-02.03570.281 3135.76480.30-.015060          0 0 1          0 1 0 11  1 11       11  1 10      534223837294713152    69.0   69.0
 11 1926.281539 1.144E-28 1.182E+00.02420.208 4427.12110.170.001850          0 1 0          0 0 0 17  8  9       16  9  8      474233837260713049   105.0   99.0
 11 1926.514628 2.947E-29 2.126E-09.08330.391  325.34790.690.000000          0 1 0          0 0 0  5  4  1        5  0  5     q5322308079917122 0    33.0   33.0
 11 1926.556965 1.834E-29 9.255E-01.04370.352 4578.97780.51-.008190          0 3 0          0 2 0  7  7  0        7  6  1      434436837294713152    45.0   45.0
 11 1926.618751 4.282E-29 1.683E+00.07480.352 4553.27350.650.005960          0 1 1          0 0 1  8  4  4        7  3  5      434233837294713152    51.0   45.0
 11 1926.620362 8.195E-28 1.210E-05.07770.281 1327.11760.710.005230          0 1 0          0 0 0 10  4  6       11  1 11      574223837260713049    21.0   23.0
 11 1926.622843 2.935E-30 1.677E-08.06860.333 1131.77560.620.000000          0 1 0          0 0 0 10  2  8        8  4  4     q5322308079917122 0    21.0   17.0
 11 1926.641577 2.028E-29 9.668E-04.06170.333 2920.13210.60-.016910          1 0 0          0 1 0  7  6  2        8  5  3      534233837294713152    15.0   17.0
 11 1926.652502 6.198E-30 9.380E-01.04370.352 4578.88230.51-.008170          0 3 0          0 2 0  7  7  1        7  6  2      432230837294713152    15.0   15.0
 11 1926.726002 1.087E-23 1.165E-02.08950.435  744.06370.770.001273          0 1 0          0 0 0  8  3  5        8  0  8      687777835910162545    17.0   17.0
 11 1927.014473 3.943E-30 1.195E+00.04550.315 4996.33160.48-.006000          0 3 0          0 2 0  9  7  2        9  6  3      432230837294713152    57.0   57.0
 11 1927.032968 5.011E-29 5.738E-01.07500.391 4244.30470.65-.014600          1 1 0          0 0 1  6  5  2        5  3  3      434233837294713152    39.0   33.0
 11 1927.142921 6.069E-29 9.626E-04.06020.333 2919.63300.59-.015580          1 0 0          0 1 0  7  6  1        8  5  4      534233837294713152    45.0   51.0
 11 1927.482695 8.671E-28 4.538E-01.09720.412 3482.06450.74-.009370          1 1 0          0 2 0  3  1  2        4  2  3      434223837294713152    21.0   27.0
 11 1927.494933 4.262E-30 1.478E+00.04420.333 4775.08820.47-.004930          0 3 0          0 2 0  8  7  1        8  6  2      432230837294713152    17.0   17.0
 11 1927.533175 1.005E-29 8.059E-03.09830.434 3500.63870.74-.011710          0 1 1          0 2 0  2  1  1        3  3  0      534233837294713152    15.0   21.0
 11 1927.607657 1.169E-28 3.357E-03.07820.315 2841.43080.690.008080          1 0 0          0 1 0  8  4  4        9  3  7      534243837294713152    17.0   19.0
 11 1927.678726 3.240E-25 2.544E-01.07970.442 2271.71220.66-.007390          1 0 0          0 1 0  6  2  5        6  3  4      554723835994163159    39.0   39.0
 11 1927.694812 1.382E-28 2.508E-05.05630.281 1843.02960.57-.000100          0 1 0          0 0 0 10  7  3       11  4  8      574233837260713049    21.0   23.0
 11 1927.776043 2.645E-26 2.302E-01.07510.333 2595.81290.630.001640          1 0 0          0 1 0  8  1  7        8  2  6      564423837294713159    17.0   17.0
 11 1927.778066 1.351E-29 1.560E+00.04400.333 4774.80490.47-.004950          0 3 0          0 2 0  8  7  2        8  6  3      434436837294713152    51.0   51.0
 11 1927.859466 2.623E-23 4.859E+00.04920.296 2124.95140.41-.024737          0 1 0          0 0 0 13  3 10       12  4  9      587777835910162545    81.0   75.0
 11 1927.978064 4.578E-30 5.340E-01.03260.250 4871.97880.30-.016020          0 0 1          0 1 0 13  8  6       13  8  5      432230837294713152    81.0   81.0
 11 1928.107385 1.525E-30 5.337E-01.03260.250 4871.94800.30-.015880          0 0 1          0 1 0 13  8  5       13  8  6      432230837294713152    27.0   27.0
 11 1928.211805 7.039E-29 1.635E-04.06960.250 2629.33450.69-.009230          0 1 0          0 0 0 12  8  5       13  5  8      574233837260713049    75.0   81.0
 11 1928.218377 2.315E-30 1.384E+00.01620.161 5294.03720.030.001200          0 1 0          0 0 0 20  6 15       20  5 16      372230837260713049   123.0  123.0
 11 1928.558881 7.031E-30 2.522E-01.02470.235 4431.63810.310.001810          0 1 0          0 0 0 15 11  5       14 12  2      474233837260713049    31.0   29.0
 11 1928.559053 2.109E-29 2.521E-01.02470.235 4431.63810.310.001810          0 1 0          0 0 0 15 11  4       14 12  3      474233837260713049    93.0   87.0
 11 1928.566864 4.050E-28 1.434E+00.03280.208 4206.33130.290.010030          0 1 0          0 0 0 17  7 10       16  8  9      474223837260713049   105.0   99.0
 11 1928.641890 3.630E-28 1.656E-02.05800.298 3224.54660.56-.029200          1 0 0          0 1 0 11  1 10       10  4  7      534223837294713152    69.0   63.0
 11 1928.642508 2.206E-30 1.993E+00.04510.315 4994.70240.47-.005850          0 3 0          0 2 0  9  7  3        9  6  4      432230837294713152    19.0   19.0
 11 1928.679220 4.453E-27 1.604E+01.01860.235 4184.83120.06-.002400          0 2 0          0 1 0 15  2 13       14  3 12      434223837294713152    93.0   87.0
 11 1928.816020 5.996E-30 1.525E-03.03460.208 3639.53800.350.006920          0 1 0          0 0 0 15  8  7       16  5 12      474233837260713049    93.0   99.0
 11 1928.894638 2.123E-30 1.283E-01.05160.235 4525.23910.480.006740          0 0 1          0 1 0 14  4 11       14  4 10      432230837294713152    29.0   29.0
 11 1929.187758 3.721E-30 7.195E-05.07630.371 2733.96290.71-.000990          0 0 1          0 1 0  7  4  3        6  6  0      532230837294713152    15.0   13.0
 11 1929.265785 2.195E-30 4.796E-03.09270.434 3827.39270.740.004920          1 1 0          1 0 0  4  4  1        3  1  2      432230837294713152    27.0   21.0
 11 1929.515051 1.090E-27 3.351E-03.06920.333 2630.19260.61-.017390          1 0 0          0 1 0  9  0  9        8  3  6      534223837294713152    57.0   51.0
 11 1929.612435 1.214E-28 1.204E-02.07100.315 3139.47580.66-.033680          1 0 0          0 1 0 10  2  8        9  5  5      534233837294713152    21.0   19.0
 11 1929.643291 7.586E-31 7.176E-03.08040.379 4033.61450.670.000000          1 1 0          0 2 0  8  0  8        7  3  5      4333308387659336 0    17.0   15.0
 11 1929.707677 4.850E-25 5.449E+00.07860.407 2670.78970.57-.004240          0 2 0          0 1 0  9  4  6        8  3  5      567773835910162559    19.0   17.0
 11 1929.715839 4.131E-28 1.462E-02.05400.352 3109.91160.590.000900          1 0 0          0 1 0  8  6  3        7  7  0      534223837294713152    51.0   45.0
 11 1929.730574 1.377E-28 1.462E-02.05410.352 3109.91160.590.001030          1 0 0          0 1 0  8  6  2        7  7  1      534233837294713152    17.0   15.0
 11 1929.919741 2.796E-30 8.849E+00.07380.371 5429.69440.630.002010          0 4 0          0 3 0  7  4  3        6  3  4      432230837294713152    45.0   39.0
 11 1929.971029 1.782E-30 4.614E-02.02480.250 4350.59110.420.003760          0 1 0          0 0 0 14 12  2       13 13  1      472230837260713049    29.0   27.0
 11 1929.971029 5.347E-30 4.615E-02.02480.250 4350.59110.420.003770          0 1 0          0 0 0 14 12  3       13 13  0      472230837260713049    87.0   81.0
 11 1929.990075 9.277E-29 3.069E+00.06580.371 4491.36980.61-.005590          0 1 1          0 0 1  7  5  3        6  4  2      434233837294713152    45.0   39.0
