 11 6040.337342 7.185E-31 9.990E-03.05340.273 3738.54320.550.000000          1 0 1          0 1 0 13  5  8       12  3  9      4333308387659336 0    27.0   25.0
 11 6040.561909 2.914E-29 4.554E-04.06600.333 2495.16580.580.014220          1 0 1          0 1 0  9  4  6        8  2  7      534233837294713152    57.0   51.0
 11 6040.611140 6.051E-31 1.155E-02.04580.281 3770.72440.580.000000          1 0 1          0 1 0 11  9  2       10  7  3      4333308387659336 0    23.0   21.0
 11 6040.629751 1.818E-30 1.157E-02.03840.298 3770.71130.42-.036250          1 0 1          0 1 0 11  9  3       10  7  4      432230837294713152    69.0   63.0
 11 6040.815215 1.324E-29 3.723E-01.06430.195 4174.28750.610.020000          0 1 1          0 0 0 18  7 11       17  5 12      464233838394713152   111.0  105.0
 11 6040.831524 1.176E-29 6.316E-05.06150.265 2105.86790.600.012490          1 1 0          0 0 0 12  8  4       12  3  9      432230837294713152    25.0   25.0
 11 6040.886342 6.523E-30 2.413E-03.05650.333 2920.13210.56-.034670          1 0 1          0 1 0  9  7  2        8  5  3      432230837294713152    19.0   17.0
 11 6041.012574 1.049E-30 2.208E-05.05790.265 2612.79980.61-.026350          0 2 1          0 0 0 12  1 11       12  7  6      462230838394713152    75.0   75.0
 11 6041.184819 2.003E-30 1.722E-02.02160.250 3654.21500.11-.028320          0 0 2          0 1 0 14  1 13       13  2 12      432230837294713152    29.0   27.0
 11 6041.271486 9.384E-30 2.686E-02.02160.250 3654.04890.11-.028070          0 0 2          0 1 0 14  2 13       13  1 12      432230837294713152    87.0   81.0
 11 6041.363038 1.479E-29 1.007E-03.07110.315 2818.39810.640.014150          2 0 0          0 1 0 10  5  6        9  2  7      434233837294713152    63.0   57.0
 11 6041.426483 1.914E-29 2.355E-03.05460.333 2919.63300.54-.032470          1 0 1          0 1 0  9  7  3        8  5  4      434233837294713152    57.0   51.0
 11 6041.630328 2.453E-28 1.284E-02.02530.221 2631.28350.23-.014820          1 1 0          0 0 0 16  3 13       15  2 14      334233837294713152    33.0   31.0
 11 6041.765141 5.602E-30 7.634E-05.06480.235 2327.88380.660.018260          1 1 0          0 0 0 14  6  8       14  1 13      432230837294713152    29.0   29.0
 11 6041.915539 3.774E-30 6.361E-02.03310.221 4045.32180.320.000000          0 3 0          0 0 0 16 10  7       15  9  6      3333308387659336 0    99.0   93.0
 11 6041.955844 1.258E-30 6.360E-02.03310.222 4045.28560.360.000000          0 3 0          0 0 0 16 10  6       15  9  7      3333308387659336 0    33.0   31.0
 11 6042.030635 2.779E-25 7.319E-03.07400.315 1201.92150.450.000000          0 1 1          0 0 0 10  6  4        9  2  7      464723838333712759    63.0   57.0
 11 6042.589494 3.546E-30 5.158E-05.04330.298 2254.28450.720.003270          0 2 1          0 0 0  9  4  5       10  8  2      462230838365713152    19.0   21.0
 11 6042.604700 3.250E-30 1.382E-05.06720.235 2073.51500.680.015080          0 1 1          0 0 0 13  6  7       14  0 14      462230838394713152    27.0   29.0
 11 6042.657858 1.616E-29 1.203E-04.05410.250 2414.72340.540.015850          1 1 0          0 0 0 13  8  5       13  3 10      434233837294713152    81.0   81.0
 11 6042.998497 6.994E-31 3.583E-05.07160.355 2490.35410.630.000000          0 0 2          0 1 0  8  4  4        8  1  7      4333308387659336 0    17.0   17.0
 11 6043.110398 1.009E-25 1.807E-03.04900.315 1079.07960.49-.001000          0 4 0          0 0 0  8  2  7        9  1  8      484623838233712754    51.0   57.0
 11 6043.113215 1.557E-29 1.671E-04.03750.250 2248.06450.37-.019560          1 2 0          0 0 0 12  0 12       13  3 11      464233838394713152    25.0   27.0
 11 6043.369414 4.216E-27 7.812E-05.07100.333  882.89030.640.007590          1 1 0          0 0 0  9  6  4        8  1  7      434323837294713152    19.0   17.0
 11 6043.436007 4.021E-30 3.970E-01.03760.235 4396.05140.350.008180          0 2 1          0 1 0 15  6 10       14  4 11      432230837294713152    93.0   87.0
 11 6043.454229 9.984E-31 1.546E-03.07790.298 3253.73800.71-.024010          1 0 1          0 1 0 11  6  5       10  4  6      432230837294713152    23.0   21.0
 11 6044.066303 1.229E-30 5.003E-03.07520.281 3659.90400.70-.028400          0 3 1          0 1 0 10  1  9       11  5  6      532230837294713152    63.0   69.0
 11 6044.342656 4.851E-30 2.813E-04.06450.333 2764.69740.62-.014010          1 2 0          0 1 0  9  7  2        8  4  5      432230837294713152    57.0   51.0
 11 6044.701884 2.131E-30 4.800E-06.10050.456 1664.96460.750.012340          0 0 2          0 1 0  3  3  1        2  0  2      532230837294713152     7.0    5.0
 11 6044.748859 2.744E-29 5.846E-02.03810.315 3526.62750.40-.028900          0 0 2          0 1 0 10  8  3        9  7  2      434233837294713152    63.0   57.0
 11 6044.752238 9.149E-30 5.847E-02.03810.315 3526.62490.40-.028890          0 0 2          0 1 0 10  8  2        9  7  3      432230837294713152    21.0   19.0
 11 6044.818819 4.448E-27 8.078E-06.07570.371  552.91140.62-.006300          0 4 0          0 0 0  6  1  6        6  2  5      584323838260713049    39.0   39.0
 11 6044.864224 1.290E-26 4.346E-04.07750.352  927.74390.59-.007000          0 4 0          0 0 0  6  3  3        7  4  4      484323838233712754    13.0   15.0
 11 6045.084619 1.964E-29 1.648E-05.10350.480 1618.55710.760.005510          0 5 0          0 1 0  2  1  2        1  0  1      532230837294713152    15.0    9.0
 11 6045.222935 2.992E-30 7.590E-06.08500.371 2042.75330.700.003710          1 0 1          0 1 0  6  5  1        6  1  6      432230837294713152    39.0   39.0
 11 6045.305702 5.443E-29 2.558E-05.06870.281 1813.22340.650.007060          1 1 0          0 0 0 11  8  3       11  3  8      434233837294713152    69.0   69.0
 11 6045.553285 6.439E-31 6.495E-05.04590.231 2739.42850.490.000000          1 2 0          0 0 0 14  0 14       14  3 11      3633308383659336 0    29.0   29.0
 11 6046.039669 5.782E-28 6.418E-04.06170.298 1724.70540.73-.015970          0 4 0          0 0 0  9  4  6       10  5  5      484323838278713049    19.0   21.0
 11 6046.222245 1.470E-30 3.676E-03.03080.208 3639.53800.30-.031810          1 2 0          0 0 0 15  2 13       16  5 12      362230838394713152    93.0   99.0
 11 6046.318590 3.891E-31 7.014E-05.03230.213 2872.58050.430.000000          0 4 0          0 0 0 15  2 14       15  3 13      3633308383659336 0    31.0   31.0
 11 6046.778753 3.827E-26 1.703E-04.08240.412  383.84250.73-.006000          0 4 0          0 0 0  3  2  2        4  3  1      586520838233712754     7.0    9.0
 11 6046.829655 1.065E-27 5.531E-06.08240.371  542.90580.670.001470          0 4 0          0 0 0  6  0  6        6  1  5      582230838260713049    13.0   13.0
 11 6046.923861 1.474E-28 5.501E-03.07000.371 2399.16550.63-.022130          0 0 2          0 1 0  7  5  3        6  4  2      434233837294713152    15.0   13.0
 11 6047.046077 6.178E-29 2.993E-06.07050.315 1080.38540.670.001650          1 1 0          0 0 0  9  7  3        9  2  8      432230837294713152    19.0   19.0
 11 6047.301668 2.414E-28 5.112E-03.08530.371 2282.58960.72-.012440          0 0 2          0 1 0  7  4  4        6  3  3      734233837294713152    15.0   13.0
 11 6047.443602 9.502E-29 6.097E-03.01640.221 2872.27430.02-.008460          0 4 0          0 0 0 14  3 12       15  2 13      484233838260713049    87.0   93.0
 11 6047.562975 4.558E-27 2.188E-01.04130.250 2586.52970.38-.004410          0 1 1          0 0 0 14  7  8       13  5  9      464323838394713152    29.0   27.0
 11 6047.790671 7.857E-25 5.384E-04.09250.412  224.83840.73-.007000          0 4 0          0 0 0  3  0  3        4  1  4      486720838233712754    21.0   27.0
 11 6048.029224 4.336E-28 5.375E-03.06650.371 2398.38150.59-.019340          0 0 2          0 1 0  7  5  2        6  4  3      734223837294713152    45.0   39.0
 11 6048.326897 2.866E-28 1.086E-03.05070.265 2275.37290.55-.008920          0 3 0          0 0 0 13  8  5       12  5  8      464223833360713049    81.0   75.0
 11 6048.367544 4.941E-27 1.785E-03.04760.250 1806.67000.540.001620          0 3 0          0 0 0 14  5 10       13  0 13      464323833360713049    87.0   81.0
 11 6048.553636 6.506E-26 1.712E-04.09600.434  206.30140.770.001000          0 4 0          0 0 0  2  1  1        3  2  2      484523838233712754     5.0    7.0
 11 6048.554702 2.658E-30 4.195E-01.04130.250 4252.44820.38-.004410          0 2 1          0 1 0 14  7  8       13  5  9      432230837294713152    29.0   27.0
 11 6048.877320 4.276E-30 4.605E-02.01890.235 3939.83180.07-.029440          0 0 2          0 1 0 15  1 14       14  2 13      432230837294713152    93.0   87.0
 11 6048.907984 2.192E-29 3.077E-05.08750.391 1920.76650.710.008480          1 0 1          0 1 0  6  4  2        5  0  5      532230837294713152    39.0   33.0
 11 6048.926509 1.557E-30 5.028E-02.01860.235 3939.74650.06-.029570          0 0 2          0 1 0 15  2 14       14  1 13      432230837294713152    31.0   29.0
 11 6049.461992 8.699E-30 3.083E-01.03330.235 4184.83120.310.003110          0 2 1          0 1 0 15  5 11       14  3 12      432230837294713152    93.0   87.0
 11 6049.498243 4.842E-31 2.565E-04.03370.263 3032.69040.430.000000          1 2 0          0 0 0 11  6  6       12  9  3      4633308383659336 0    23.0   25.0
 11 6049.594849 1.269E-28 3.288E-02.02550.265 3144.57880.16-.027210          0 0 2          0 1 0 13  0 13       12  1 12      434233837294713152    81.0   75.0
 11 6049.604150 4.258E-29 3.310E-02.02520.265 3144.56920.15-.027150          0 0 2          0 1 0 13  1 13       12  0 12      434233837294713152    27.0   25.0
 11 6050.230066 2.712E-29 3.578E-01.05470.195 4017.90840.510.015050          0 1 1          0 0 0 18  6 12       17  4 13      464233838394713152   111.0  105.0
 11 6050.240484 6.219E-29 4.771E-03.07710.333 2595.81290.680.008790          0 2 1          0 1 0  9  6  3        8  2  6      434233837294713152    19.0   17.0
 11 6050.564176 6.617E-27 2.152E-01.03760.235 2746.02350.350.008180          0 1 1          0 0 0 15  6 10       14  4 11      464323838394713152    93.0   87.0
 11 6050.703822 1.399E-30 2.471E-04.04800.265 3032.68980.51-.002290          1 2 0          0 0 0 11  6  5       12  9  4      462230838394713152    69.0   75.0
 11 6050.853960 1.811E-30 1.830E-04.04710.235 2739.42850.490.016480          1 1 0          0 0 0 14  8  6       14  3 11      432230837294713152    29.0   29.0
 11 6051.073166 3.363E-27 5.129E-04.05500.298 1581.33600.53-.010440          1 1 0          0 0 0 11  7  4       10  4  7      434423837294713152    69.0   63.0
 11 6051.497544 1.644E-30 5.083E-03.04880.221 3443.19190.54-.040000          1 0 1          0 0 0 14  2 13       15  6 10      432230837294713152    29.0   31.0
 11 6051.642633 9.177E-29 3.382E-04.09400.412 1817.45120.730.000500          0 5 0          0 1 0  4  1  3        4  0  4      434223837294713152     9.0    9.0
 11 6051.672146 1.388E-25 2.050E-04.07840.412  382.51690.73-.003000          0 4 0          0 0 0  3  2  1        4  3  2      486620838233712754    21.0   27.0
 11 6051.961735 2.327E-29 1.852E-01.05840.288 3833.14440.570.000000          1 0 1          0 1 0 12  8  4       11  6  5      4333308387659336 0    75.0   69.0
 11 6051.979976 4.135E-30 2.943E-05.07680.352 2309.73020.680.006160          1 2 0          0 1 0  8  6  3        7  1  6      432230837294713152    51.0   45.0
 11 6051.988682 3.008E-30 1.081E-02.04560.235 3685.40830.47-.019630          1 0 1          0 0 0 13  5  9       14  9  6      432230837294713152    81.0   87.0
 11 6052.163791 1.850E-28 3.197E-06.07000.298 1114.54990.660.002930          1 1 0          0 0 0 10  6  5       10  1 10      432230837294713152    63.0   63.0
 11 6052.398178 6.423E-30 1.697E-07.06720.315 1201.92150.610.002030          0 4 0          0 0 0 10  1 10        9  2  7      482230838260713049    63.0   57.0
 11 6052.440428 8.662E-30 1.680E-03.04700.235 3084.83570.490.000640          0 4 0          0 0 0 13  5  8       14  6  9      382230838260713049    81.0   87.0
 11 6052.640786 5.158E-29 5.895E-04.07860.352 2181.08990.680.004900          0 2 1          0 1 0  8  5  4        7  1  7      634233837294713152    17.0   15.0
 11 6052.741214 1.479E-30 5.980E-05.02010.235 2550.88250.10-.005120          0 4 0          0 0 0 14  1 13       14  2 12      382230838260713049    29.0   29.0
 11 6052.826382 1.119E-30 7.795E-08.07870.333 1131.77560.74-.010210          0 1 1          0 0 0  8  8  1        8  4  4      462230838394713152    17.0   17.0
 11 6052.861815 7.825E-30 1.861E-01.06390.297 3832.25180.590.000000          1 0 1          0 1 0 12  8  5       11  6  6      4333308387659336 0    25.0   23.0
 11 6052.955338 3.620E-31 3.608E-06.04900.248 2248.06450.480.000000          0 1 1          0 0 0 13  7  6       13  3 11      4633308383659336 0    27.0   27.0
 11 6053.002920 1.261E-30 3.053E-08.07530.371  888.63270.68-.009690          0 4 0          0 0 0  7  2  6        6  5  1      582230838260713049    15.0   13.0
 11 6053.014624 1.834E-30 9.510E-08.04740.278 1114.53220.500.000000          0 3 0          0 0 0 10  7  3       10  0 10      4333308387659336 0    21.0   21.0
 11 6053.213846 1.042E-24 9.068E-04.08000.391  325.34790.69-.006000          0 4 0          0 0 0  4  1  4        5  0  5      486621838233712754    27.0   33.0
 11 6053.380222 9.141E-29 4.880E-03.05610.352 2724.16710.53-.023530          0 0 2          0 1 0  8  6  3        7  5  2      434233837294713152    51.0   45.0
 11 6053.527631 6.735E-31 1.544E-04.07210.339 2841.43080.630.000000          1 0 1          0 1 0 10  5  6        9  3  7      4333308387659336 0    21.0   19.0
 11 6053.545798 1.008E-29 1.591E-07.04740.278 1114.54990.500.000000          0 3 0          0 0 0 11  6  5       10  1 10      4333308387659336 0    69.0   63.0
 11 6053.558435 3.038E-29 4.863E-03.05540.352 2724.04140.52-.022980          0 0 2          0 1 0  8  6  2        7  5  3      434233837294713152    17.0   15.0
 11 6053.844674 1.031E-29 1.454E-02.02220.265 3266.76450.25-.007210          0 3 0          0 0 0 13 11  3       12 10  2      444233833260713049    27.0   25.0
 11 6053.844693 3.093E-29 1.454E-02.02220.265 3266.76440.25-.007210          0 3 0          0 0 0 13 11  2       12 10  3      444233833260713049    81.0   75.0
 11 6053.871308 3.593E-29 2.981E-02.02600.203 3211.05580.340.000000          1 1 0          0 0 0 17  5 13       16  2 14      1333308287659336 0    35.0   33.0
 11 6054.211412 4.950E-30 7.346E-05.03940.221 2358.30170.45-.012120          0 1 1          0 0 0 15  3 12       15  1 15      462230838394713152    31.0   31.0
 11 6054.212201 1.976E-29 7.119E-06.07160.298 1718.71880.65-.020990          0 2 1          0 0 0  9  1  9       10  5  6      462230838394713152    57.0   63.0
 11 6054.659507 4.413E-29 1.918E-03.02030.235 2550.88250.10-.008170          0 4 0          0 0 0 13  3 11       14  2 12      384233838260713049    27.0   29.0
 11 6054.778911 3.534E-30 8.807E-08.07970.315  920.21000.710.002810          0 1 1          0 0 0  8  7  2        9  1  9      462230838394713152    17.0   19.0
 11 6055.006877 1.912E-29 7.777E-06.07440.298 1538.14950.690.000200          1 1 0          0 0 0 10  8  2       10  3  7      432230837294713152    21.0   21.0
 11 6055.058563 1.052E-30 7.327E-03.03910.207 3623.76500.380.000000          1 2 0          0 0 0 15  3 13       16  4 12      2633308383659336 0    31.0   33.0
 11 6055.264097 4.784E-30 5.399E-08.06720.333 1006.11590.60-.006180          0 4 0          0 0 0  9  0  9        8  3  6      582230838260713049    57.0   51.0
 11 6055.270010 2.210E-29 2.381E-03.05050.371 2552.87970.48-.000310          0 5 0          0 1 0  5  4  2        6  5  1      534223837294713152    11.0   13.0
 11 6055.306231 6.241E-29 2.262E-04.09320.434 1813.78760.72-.003550          0 5 0          0 1 0  4  1  3        3  2  2      434243837294713152     9.0    7.0
 11 6055.365922 4.744E-30 6.418E-05.02090.235 2551.48350.13-.007390          0 4 0          0 0 0 14  2 13       14  3 12      482230838260713049    87.0   87.0
 11 6055.391086 6.633E-29 2.382E-03.04970.371 2552.85720.480.000350          0 5 0          0 1 0  5  4  1        6  5  2      434223837294713152    33.0   39.0
 11 6055.591589 6.194E-30 3.912E-03.06540.235 3101.44100.67-.040000          0 2 1          0 0 0 13  2 11       14  6  8      462230838394713152    27.0   29.0
 11 6055.627624 3.807E-30 1.894E-05.06780.315 2009.80500.67-.004780          0 2 1          0 0 0  8  4  5        9  8  2      462230838394713152    17.0   19.0
 11 6055.910348 2.030E-30 1.867E-06.06830.298 1724.70540.68-.013670          0 4 0          0 0 0 11  2 10       10  5  5      482230838260713049    23.0   21.0
 11 6056.064742 3.801E-29 2.992E-02.04810.315 3321.01330.47-.024330          0 0 2          0 1 0 10  7  4        9  6  3      434233837294713152    63.0   57.0
 11 6056.181921 1.266E-29 2.988E-02.04770.315 3320.92980.47-.024020          0 0 2          0 1 0 10  7  3        9  6  4      434233837294713152    21.0   19.0
 11 6056.265675 1.349E-29 4.427E-03.05860.315 3141.04600.57-.038500          1 0 1          0 1 0 10  7  3        9  5  4      434233837294713152    63.0   57.0
 11 6056.317058 2.137E-28 3.802E-04.09740.434 1772.41340.740.004070          0 5 0          0 1 0  2  2  1        3  1  2      534263837294713152    15.0   21.0
 11 6056.382232 1.093E-30 4.841E-02.01410.221 4243.1096-.05-.029480          0 0 2          0 1 0 16  2 15       15  1 14      432230837294713152    99.0   93.0
 11 6056.514770 8.487E-28 8.717E-04.09570.412 1821.59680.740.000260          0 0 2          0 1 0  5  2  3        4  1  4      734323837294713152    33.0   27.0
 11 6056.735592 3.087E-30 1.121E-04.07160.315 2688.07990.62-.009680          1 0 1          0 1 0 10  3  7        9  1  8      732230837294713152    63.0   57.0
 11 6056.889782 7.328E-30 8.685E-03.06250.281 3441.03950.560.005590          0 0 2          0 1 0 12  4  9       11  3  8      432230837294713152    75.0   69.0
 11 6056.917394 2.543E-27 9.172E-04.05590.298 1718.71880.55-.004830          0 4 0          0 0 0  9  4  5       10  5  6      484623838260713049    57.0   63.0
 11 6056.951642 8.008E-28 8.226E-04.08610.412 1821.59680.680.001240          0 5 0          0 1 0  5  0  5        4  1  4      734223837294713152    33.0   27.0
 11 6057.683741 1.353E-30 8.907E-07.08280.298 1616.45310.71-.014080          1 2 0          0 0 0  9  1  9       10  4  6      462230838394713152    19.0   21.0
 11 6057.796379 6.193E-26 1.342E-01.05400.281 2144.04630.39-.024000          0 1 1          0 0 0 12  8  4       11  6  5      464423838333712754    75.0   69.0
 11 6057.979472 4.280E-30 4.184E-03.05400.315 3139.47580.53-.031600          1 0 1          0 1 0 10  7  4        9  5  5      432230837294713152    21.0   19.0
 11 6058.090218 3.451E-28 5.182E-03.08520.352 2462.87530.72-.012190          0 0 2          0 1 0  8  4  5        7  3  4      434223837294713152    51.0   45.0
 11 6058.164793 2.680E-28 1.871E-03.08910.391 2024.15260.72-.000360          0 0 2          0 1 0  6  3  3        5  2  4      434223837294713152    13.0   11.0
 11 6058.310504 3.925E-29 3.824E-03.07240.333 2595.81290.62-.001530          0 5 0          0 1 0  7  3  5        8  2  6      434223837294713152    15.0   17.0
 11 6058.623966 2.568E-26 8.033E-05.09990.456  136.16390.76-.010000          0 4 0          0 0 0  1  1  1        2  2  0      484323838260713059     3.0    5.0
 11 6058.745237 6.017E-26 1.419E-03.05800.333  882.89030.53-.005900          0 4 0          0 0 0  7  2  6        8  1  7      584623838233712754    15.0   17.0
 11 6058.912535 7.424E-26 8.385E-03.06800.298 1293.01810.410.003000          0 1 1          0 0 0 11  5  6       10  1  9      464623838333712754    23.0   21.0
 11 6058.942510 1.379E-29 6.830E-05.03740.221 2358.30140.42-.003700          0 1 1          0 0 0 15  4 12       15  0 15      464233838394713152    93.0   93.0
 11 6059.229482 2.076E-26 1.341E-01.04500.281 2142.59770.39-.014000          0 1 1          0 0 0 12  8  5       11  6  6      464523838333712754    25.0   23.0
 11 6059.751939 5.066E-31 8.575E-07.05820.303 1810.58330.600.000000          1 2 0          0 0 0  9  2  8        9  7  3      4633308383659336 0    19.0   19.0
 11 6059.797405 7.595E-29 1.719E-04.09980.456 1664.96460.740.004250          0 5 0          0 1 0  3  1  3        2  0  2      432230837294713152     7.0    5.0
 11 6060.363929 5.714E-29 1.585E-02.04070.208 3211.21260.460.016840          0 3 0          0 0 0 17  6 11       16  3 14      344233833260713049   105.0   99.0
 11 6060.701015 7.382E-30 2.081E-02.02670.208 3437.27720.26-.018010          0 2 1          0 0 0 15  1 14       16  3 13      362230838394713152    31.0   33.0
 11 6060.915318 2.688E-29 2.551E-02.02540.208 3439.30680.24-.023620          0 2 1          0 0 0 15  2 14       16  4 13      464233838394713152    93.0   99.0
 11 6060.964432 1.153E-26 1.462E-01.02800.235 2551.48350.36-.002000          0 1 1          0 0 0 15  5 11       14  3 12      464423838333712754    93.0   87.0
 11 6061.126856 7.467E-30 7.454E-03.06950.298 3162.25890.61-.000770          0 0 2          0 1 0 11  4  8       10  3  7      432230837294713152    23.0   21.0
 11 6061.169340 1.660E-30 8.588E-07.07480.281 1813.22340.710.004440          0 1 1          0 0 0 10  9  1       11  3  8      462230838394713152    63.0   69.0
 11 6061.265424 7.906E-29 6.347E-02.02020.250 3391.12620.07-.028270          0 0 2          0 1 0 14  1 14       13  0 13      434233837294713152    87.0   81.0
 11 6061.348614 1.142E-29 3.783E-05.02490.250 2246.88480.18-.003920          0 4 0          0 0 0 13  1 12       13  2 11      484233838260713049    81.0   81.0
 11 6061.359387 2.087E-29 5.027E-02.02110.250 3391.13080.09-.028560          0 0 2          0 1 0 14  0 14       13  1 13      434233837294713152    29.0   27.0
 11 6061.539304 2.576E-28 2.939E-04.04610.250 2042.31060.530.004520          0 3 0          0 0 0 14  6  9       13  1 12      444233833260713049    87.0   81.0
 11 6061.893420 5.494E-30 1.225E-07.07440.333 1122.70850.72-.008860          0 1 1          0 0 0  8  8  0        8  4  5      462230838394713152    51.0   51.0
 11 6062.165253 1.854E-25 3.589E-04.10220.434  142.27850.75-.009300          0 4 0          0 0 0  2  0  2        3  1  3      587720838233712754     5.0    7.0
 11 6062.202626 1.097E-29 1.824E-05.07540.315 2009.80510.720.001090          0 2 1          0 0 0  8  4  4        9  8  1      462230838394713152    51.0   57.0
 11 6062.260853 7.433E-29 2.106E-02.07350.298 2903.14600.680.016040          0 2 1          0 1 0 11  5  6       10  1  9      434233837294713152    23.0   21.0
 11 6062.354529 8.169E-30 1.341E-07.07090.352 1059.83550.66-.011540          0 4 0          0 0 0  8  2  7        7  5  2      482230838260713049    51.0   45.0
 11 6062.590771 6.328E-28 2.109E-06.08340.391  416.20870.67-.006580          0 4 0          0 0 0  5  1  5        5  2  4      584323838260713049    11.0   11.0
 11 6062.669825 2.866E-30 5.255E-04.04970.265 2813.52870.50-.009310          1 2 0          0 0 0 11  5  7       12  8  4      462230838394713152    23.0   25.0
 11 6062.689854 2.008E-28 1.577E-04.08080.281 1899.00820.71-.013240          0 2 1          0 0 0 10  0 10       11  4  7      464233838394713152    63.0   69.0
 11 6062.999566 7.266E-31 4.782E-01.03760.183 4606.16820.290.000000          0 1 1          0 0 0 19  7 12       18  5 13      3633308383659336 0    39.0   37.0
 11 6063.151514 2.610E-30 4.510E-07.06870.315 1340.88490.68-.010050          0 1 1          0 0 0  9  8  1        9  4  6      462230838394713152    19.0   19.0
 11 6063.243001 5.482E-28 3.690E-03.07970.371 2271.71220.68-.004250          0 0 2          0 1 0  7  4  3        6  3  4      434223837294713152    45.0   39.0
 11 6063.422891 4.985E-29 5.530E-03.08360.333 2670.78970.71-.012030          0 0 2          0 1 0  9  4  6        8  3  5      434233837294713152    19.0   17.0
 11 6063.741780 1.556E-30 1.845E-04.06460.298 2705.09690.600.006190          1 0 1          0 1 0 10  4  7       10  0 10      432230837294713152    21.0   21.0
 11 6063.804816 9.568E-26 4.891E-02.04200.315 1810.58790.45-.019000          0 1 1          0 0 0 10  9  1        9  7  2      464623838333712754    63.0   57.0
 11 6063.809454 3.190E-26 4.891E-02.03730.315 1810.58330.42-.022120          0 1 1          0 0 0 10  9  2        9  7  3      464223838394713152    21.0   19.0
 11 6063.983427 6.007E-29 6.265E-03.07750.315 2904.67040.67-.010290          0 0 2          0 1 0 10  4  7        9  3  6      434233837294713152    63.0   57.0
 11 6064.848803 9.431E-30 9.543E-07.06710.315 1477.29740.66-.013450          0 4 0          0 0 0 10  2  9        9  5  4      482230838260713049    63.0   57.0
 11 6064.874841 4.853E-29 3.901E-02.03050.250 3391.12620.28-.009510          0 2 1          0 1 0 14  2 12       13  0 13      434233837294713152    87.0   81.0
 11 6064.943306 1.409E-30 2.337E-04.04210.221 3080.17870.450.014870          1 1 0          0 0 0 15  8  7       15  3 12      432230837294713152    93.0   93.0
 11 6064.944274 3.274E-30 1.643E-05.04240.281 2054.36870.580.000000          0 3 0          0 0 0 10 10  0       10  7  3      4333308387659336 0    21.0   21.0
 11 6064.967719 9.824E-30 1.643E-05.05050.292 2054.34520.610.000000          0 3 0          0 0 0 10 10  1       10  7  4      4333308387659336 0    63.0   63.0
 11 6065.029096 5.330E-30 5.333E-05.02500.250 2248.06450.19-.007830          0 4 0          0 0 0 13  2 12       13  3 11      482230838260713049    27.0   27.0
 11 6065.088662 2.045E-26 3.588E-04.07000.371  757.78020.64-.007600          0 4 0          0 0 0  5  3  3        6  4  2      484423838233712754    11.0   13.0
 11 6065.302385 6.581E-30 2.575E-05.08200.391 2130.49430.73-.010460          2 0 0          0 1 0  6  6  1        5  3  2      732230837294713152    39.0   33.0
 11 6065.520002 3.317E-28 4.641E-03.02250.221 2358.30170.19-.009970          1 1 0          0 0 0 16  2 14       15  1 15      434223837294713152    33.0   31.0
 11 6065.556634 6.061E-30 1.017E-06.06310.298 1581.33600.63-.010260          0 1 1          0 0 0 10  8  2       10  4  7      462230838394713152    63.0   63.0
 11 6065.615917 4.099E-30 7.889E-02.04030.298 3770.72440.41-.028180          0 0 2          0 1 0 11  8  4       10  7  3      432230837294713152    23.0   21.0
 11 6065.634147 1.230E-29 7.891E-02.04030.298 3770.71130.41-.028130          0 0 2          0 1 0 11  8  3       10  7  4      434233837294713152    69.0   63.0
 11 6066.116872 4.807E-28 1.722E-03.02590.250 2246.88480.19-.008390          0 4 0          0 0 0 12  3 10       13  2 11      484223838260713049    75.0   81.0
 11 6066.165067 1.149E-25 1.194E-04.09800.456  134.90160.78-.001000          0 4 0          0 0 0  1  1  0        2  2  1      588620838233712754     9.0   15.0
 11 6066.563685 2.075E-28 5.314E-03.07470.352 2572.13920.67-.022430          0 0 2          0 1 0  8  5  4        7  4  3      434233837294713152    51.0   45.0
 11 6066.624321 3.531E-30 4.041E-07.06790.333 1255.91160.65-.012690          0 4 0          0 0 0  9  2  8        8  5  3      482230838260713049    19.0   17.0
 11 6067.056414 3.450E-28 3.538E-07.08980.391  399.45750.71-.000240          0 4 0          0 0 0  5  0  5        5  1  4      482230838260713049    33.0   33.0
 11 6067.222982 1.079E-27 5.035E-03.02220.221 2358.30140.18-.013000          1 1 0          0 0 0 16  3 14       15  0 15      434223837294713152    99.0   93.0
 11 6067.694365 6.631E-26 3.862E-04.06200.371  756.72480.64-.000300          0 4 0          0 0 0  5  3  2        6  4  3      485420838233712754    33.0   39.0
 11 6067.800556 2.167E-30 1.995E-01.04750.265 4125.59900.47-.030190          0 2 1          0 1 0 13  8  5       12  6  6      332230837294713152    27.0   25.0
 11 6067.943618 3.902E-29 1.698E-06.07990.315 1282.91910.72-.004400          1 1 0          0 0 0  9  8  1        9  3  6      432230837294713152    57.0   57.0
 11 6068.051756 4.897E-30 5.720E-06.07580.281 1998.99530.70-.019460          1 2 0          0 0 0 11  0 11       11  5  6      462230838394713152    69.0   69.0
 11 6069.134934 2.310E-30 4.244E-04.06080.265 2813.52870.62-.033690          1 0 1          0 0 0 11  2  9       12  8  4      432230837294713152    23.0   25.0
 11 6069.157042 1.575E-27 1.495E-06.08460.371  447.25240.710.003320          1 1 0          0 0 0  7  6  1        6  1  6      534223837294713152    45.0   39.0
 11 6069.185942 7.726E-26 2.811E-02.03200.250 1806.67000.36-.012000          0 1 1          0 0 0 14  2 12       13  0 13      468520838333712754    87.0   81.0
 11 6069.320826 2.722E-26 2.971E-02.03200.250 1806.67150.36-.010000          0 1 1          0 0 0 14  3 12       13  1 13      464323838333712754    29.0   27.0
 11 6069.352512 1.909E-29 8.149E-04.06420.250 2756.41530.67-.018640          0 4 0          0 0 0 12  5  8       13  6  7      484233838260713049    75.0   81.0
 11 6069.391764 2.318E-30 2.671E-05.07910.391 2126.40770.71-.010160          2 0 0          0 1 0  6  6  0        5  3  3      432230837294713152    13.0   11.0
 11 6069.530681 6.700E-30 1.635E-02.03660.333 3306.29550.46-.028190          0 2 1          0 1 0  9  9  0        8  7  1      432230837294713152    19.0   17.0
 11 6069.531024 2.010E-29 1.635E-02.03660.333 3306.29520.46-.028180          0 2 1          0 1 0  9  9  1        8  7  2      434233837294713152    57.0   51.0
 11 6069.643607 5.540E-30 1.637E-04.05980.265 2437.50190.58-.039580          1 2 0          0 0 0 11  3  9       12  6  6      462230838394713152    23.0   25.0
 11 6069.703021 1.799E-30 7.250E-05.08040.315 2688.07990.710.004710          0 0 2          0 1 0  9  4  5        9  1  8      432230837294713152    57.0   57.0
 11 6069.722867 1.657E-28 1.138E-02.07090.315 2818.39810.650.014990          0 2 1          0 1 0 10  6  4        9  2  7      434233837294713152    63.0   57.0
 11 6069.748185 2.519E-30 7.533E-03.06230.298 3387.40070.61-.040000          1 0 1          0 1 0 11  7  4       10  5  5      432230837294713152    23.0   21.0
 11 6069.820502 5.837E-28 4.866E-04.05760.265 1962.50690.570.020000          1 1 0          0 0 0 13  6  7       12  3 10      434223837294713152    81.0   75.0
 11 6069.884621 1.192E-30 1.958E-06.05730.281 1843.02960.58-.007490          0 1 1          0 0 0 11  8  3       11  4  8      462230838394713152    23.0   23.0
 11 6070.109711 1.310E-29 3.499E-05.03130.265 1960.20740.26-.002380          0 4 0          0 0 0 12  1 11       12  2 10      482230838260713049    25.0   25.0
 11 6070.141043 6.680E-30 2.029E-01.04240.265 4123.28530.41-.022770          0 2 1          0 1 0 13  8  6       12  6  7      432230837294713152    81.0   75.0
 11 6070.250871 9.847E-30 5.530E-05.04370.279 2321.90570.550.000000          0 3 0          0 0 0 11 10  1       11  7  4      4333308387659336 0    69.0   69.0
 11 6070.281637 1.871E-30 4.678E-01.03850.235 4585.34910.35-.001250          0 2 1          0 1 0 15  7  9       14  5 10      432230837294713152    93.0   87.0
 11 6070.343521 3.283E-30 5.529E-05.05030.288 2321.81310.570.000000          0 3 0          0 0 0 11 10  2       11  7  5      4333308387659336 0    23.0   23.0
 11 6070.366081 2.418E-29 3.662E-07.07400.352  816.69420.64-.006080          0 4 0          0 0 0  8  0  8        7  3  5      582230838260713049    17.0   15.0
 11 6070.421264 6.491E-29 4.930E-03.06710.352 2569.50800.59-.016760          0 0 2          0 1 0  8  5  3        7  4  4      434233837294713152    17.0   15.0
 11 6070.498229 8.998E-31 3.619E-06.09360.443 1875.46970.720.000000          1 0 1          0 1 0  5  5  0        4  1  3      5333308387659336 0    11.0    9.0
 11 6070.505073 2.590E-29 6.257E-02.03110.250 3391.13080.30-.007920          0 2 1          0 1 0 14  3 12       13  1 13      434233837294713152    29.0   27.0
 11 6071.399023 2.107E-26 1.424E-04.07220.315  920.16840.450.008000          1 1 0          0 0 0 10  5  6        9  0  9      566421837233712738    63.0   57.0
 11 6071.653539 5.336E-30 1.736E-01.03030.235 3939.74650.29-.015750          0 2 1          0 1 0 15  3 12       14  1 13      332230837294713152    31.0   29.0
 11 6071.844774 3.200E-27 2.421E-01.03850.235 2918.24490.35-.001250          0 1 1          0 0 0 15  7  9       14  5 10      564423838394713152    93.0   87.0
 11 6071.945959 5.898E-30 1.677E-03.05220.298 2903.14600.480.000890          2 0 0          0 1 0 11  4  8       10  1  9      432230837294713152    23.0   21.0
 11 6072.081304 4.219E-27 6.948E-05.06300.352 1059.83550.67-.018210          1 1 0          0 0 0  8  8  1        7  5  2      534223837294713152    51.0   45.0
 11 6072.120163 5.286E-26 1.213E-02.07000.298 1437.96860.410.001000          0 1 1          0 0 0 11  6  5       10  2  8      564623838333712754    23.0   21.0
 11 6072.120563 5.065E-29 1.999E-04.07930.371 2161.28600.690.001630          0 2 1          0 1 0  7  6  2        6  2  5      534233837294713152    45.0   39.0
 11 6072.190836 1.058E-30 2.102E-02.04210.221 3824.49850.44-.040000          1 0 1          0 0 0 14  4 11       15  8  8      432230837294713152    29.0   31.0
 11 6072.270101 1.409E-27 6.956E-05.06240.352 1059.64670.67-.018130          1 1 0          0 0 0  8  8  0        7  5  3      534823837294713152    17.0   15.0
 11 6072.280277 5.162E-30 4.355E-03.03140.205 3439.30680.370.000000          0 3 0          0 0 0 17  7 10       16  4 13      3333308387659336 0   105.0   99.0
 11 6072.310014 2.755E-29 1.333E-03.04600.250 2586.52970.50-.006430          0 3 0          0 0 0 14  8  6       13  5  9      444233833260713049    29.0   27.0
 11 6072.630149 2.309E-30 3.272E-03.05850.235 3266.51420.59-.040000          0 2 1          0 0 0 13  3 10       14  7  7      462230838394713152    27.0   29.0
 11 6072.643498 1.414E-29 6.872E-02.02660.195 3810.93670.230.007270          1 1 0          0 0 0 18  6 13       17  3 14      334233837294713152   111.0  105.0
 11 6072.708503 1.012E-27 2.941E-03.03410.265 1960.20740.31-.008100          0 4 0          0 0 0 11  3  9       12  2 10      584423838260713049    23.0   25.0
 11 6072.889317 2.333E-29 9.128E-06.03580.250 1806.67000.700.007940          1 1 0          0 0 0 13  5  8       13  0 13      432230837265713152    81.0   81.0
 11 6072.931116 1.572E-29 4.284E-02.01830.235 3655.48510.05-.028580          0 0 2          0 1 0 15  0 15       14  1 14      434233837294713152    93.0   87.0
 11 6072.932303 5.231E-30 4.276E-02.01800.235 3655.48280.04-.029790          0 0 2          0 1 0 15  1 15       14  0 14      432230837294713152    31.0   29.0
 11 6073.017694 1.105E-30 1.441E-05.08090.352 2181.08990.690.003320          1 0 1          0 1 0  7  5  2        7  1  7      432230837294713152    15.0   15.0
 11 6073.350273 7.312E-30 5.191E-02.04940.298 3565.00350.49-.029860          0 0 2          0 1 0 11  7  5       10  6  4      432230837294713152    23.0   21.0
 11 6073.406485 5.046E-29 4.119E-05.09540.434 1731.89670.730.007640          0 0 2          0 1 0  4  3  2        3  0  3      534233837294713152    27.0   21.0
 11 6073.629005 1.124E-25 1.460E-04.08050.434  285.41860.77-.004800          0 4 0          0 0 0  2  2  1        3  3  0      485520838233712754    15.0   21.0
 11 6073.733216 6.181E-28 5.046E-04.09440.434 1731.89670.730.002050          0 5 0          0 1 0  4  1  4        3  0  3      734223837294713152    27.0   21.0
 11 6073.773478 2.188E-29 5.171E-02.04860.298 3564.70500.48-.028590          0 0 2          0 1 0 11  7  4       10  6  5      434233837294713152    69.0   63.0
 11 6074.265964 6.895E-30 6.746E-03.05190.298 3383.26540.50-.036020          1 0 1          0 1 0 11  7  5       10  5  6      432230837294713152    69.0   63.0
 11 6074.315073 3.366E-26 3.033E-04.07300.352  709.60820.530.000000          0 1 1          0 0 0  8  6  3        7  2  6      664423838333712759    17.0   15.0
 11 6074.321603 7.150E-29 1.326E-04.06340.298 2054.34520.61-.018690          0 2 1          0 0 0  9  3  7       10  7  4      464233838394713152    57.0   63.0
 11 6074.329982 1.157E-29 4.328E-03.05850.333 2920.13210.55-.024970          0 0 2          0 1 0  9  6  4        8  5  3      432230837294713152    19.0   17.0
 11 6074.389410 4.697E-29 1.768E-03.03400.235 2746.02350.33-.025200          1 2 0          0 0 0 13  1 12       14  4 11      464233838394713152    81.0   87.0
 11 6074.561671 3.960E-26 1.542E-04.07700.434  285.21930.77-.004900          0 4 0          0 0 0  2  2  0        3  3  1      684523838233712754     5.0    7.0
 11 6074.576444 1.834E-30 1.172E-04.04460.268 2613.10460.530.000000          0 3 0          0 0 0 12 10  2       12  7  5      4333308387659336 0    25.0   25.0
 11 6074.656806 1.239E-28 5.151E-06.06610.298 1293.63410.650.003330          1 1 0          0 0 0 10  7  4       10  2  9      532230837294713152    63.0   63.0
 11 6074.881214 5.510E-30 1.172E-04.04950.271 2612.79980.550.000000          0 3 0          0 0 0 12 10  3       12  7  6      4333308387659336 0    75.0   75.0
 11 6075.055706 3.436E-29 4.275E-03.05710.333 2919.63300.54-.022890          0 0 2          0 1 0  9  6  3        8  5  4      434233837294713152    57.0   51.0
 11 6075.154000 3.517E-29 3.172E-05.02990.265 1962.50690.25-.008630          0 4 0          0 0 0 12  2 11       12  3 10      484223838260713049    75.0   75.0
 11 6075.168477 6.549E-30 1.443E-04.07120.333 2337.46330.61-.020430          1 0 1          0 1 0  9  2  7        8  0  8      432230837294713152    19.0   17.0
 11 6075.218252 1.201E-29 1.045E-03.05440.235 2918.24490.57-.031120          1 0 1          0 0 0 13  1 13       14  5 10      434233837294713152    81.0   87.0
 11 6075.237399 1.204E-28 9.536E-03.02160.208 2952.39370.17-.018290          1 1 0          0 0 0 17  3 14       16  2 15      434233837294713152   105.0   99.0
 11 6075.290492 6.584E-29 1.425E-07.09450.434  285.21930.73-.006050          0 4 0          0 0 0  4  0  4        3  3  1      582230838260713049     9.0    7.0
 11 6075.425730 3.094E-25 6.332E-04.09350.412  222.05280.73-.002000          0 4 0          0 0 0  3  1  3        4  0  4      486620808233712754     7.0    9.0
 11 6075.678060 6.243E-27 7.832E-04.06810.315 1477.29740.68-.013200          0 4 0          0 0 0  8  4  5        9  5  4      684323838260713049    51.0   57.0
 11 6075.919549 6.542E-27 1.650E-01.04750.265 2437.50190.47-.030190          0 1 1          0 0 0 13  8  5       12  6  6      564323838394713152    27.0   25.0
 11 6076.128875 1.019E-30 4.755E-05.06340.315 2512.37570.57-.019330          2 0 0          0 1 0 10  2  8        9  1  9      432230837294713152    21.0   19.0
 11 6076.206683 1.992E-30 6.611E-09.08240.352  704.21410.720.001650          0 1 1          0 0 0  7  7  1        7  1  6      462230838394713152    45.0   45.0
 11 6076.266200 3.286E-29 3.596E-03.03740.235 2739.42850.36-.008560          1 2 0          0 0 0 13  2 12       14  3 11      464233838394713152    27.0   29.0
 11 6076.436724 1.388E-29 1.711E-03.04940.250 2748.09960.53-.005830          0 4 0          0 0 0 12  5  7       13  6  8      384233838260713049    25.0   27.0
 11 6076.544155 3.491E-28 5.287E-04.05010.281 1843.02960.48-.003910          1 1 0          0 0 0 12  7  5       11  4  8      534223837294713152    25.0   23.0
 11 6077.288105 2.764E-25 1.059E-03.07250.352  704.21410.59-.003800          0 4 0          0 0 0  6  2  5        7  1  6      586820838233712754    39.0   45.0
 11 6077.477604 2.196E-30 2.004E-04.04520.255 2927.94130.490.000000          0 3 0          0 0 0 13 10  3       13  7  6      4333308387659336 0    81.0   81.0
 11 6077.517749 1.538E-29 3.814E-05.04900.268 1960.20740.530.000000          0 3 0          0 0 0 13  7  7       12  2 10      3333308387659336 0    27.0   25.0
 11 6077.647093 1.143E-29 3.095E-02.04360.265 3592.42390.42-.019040          0 3 1          0 1 0 11  1 11       12  3 10      534233837294713152    69.0   75.0
 11 6077.841421 3.713E-30 1.659E-02.01990.193 3567.25480.270.000000          1 1 0          0 0 0 18  4 14       17  3 15      1333308287659336 0    37.0   35.0
 11 6078.046554 1.509E-29 1.560E-06.07740.333 1411.61150.68-.018070          1 2 0          0 0 0  7  1  6        8  6  3      562230838394713152    45.0   51.0
 11 6078.199466 3.222E-28 2.504E-07.08950.412  300.36230.71-.005880          0 4 0          0 0 0  4  1  4        4  2  3      484223838260713049    27.0   27.0
 11 6078.244985 3.351E-30 3.721E-04.05880.315 2690.59370.530.013190          1 0 1          0 1 0 10  4  7        9  2  8      432230837294713152    21.0   19.0
 11 6078.255812 3.045E-25 2.426E-04.10400.456   79.49640.78-.006000          0 4 0          0 0 0  1  0  1        2  1  2      586821838233712754     9.0   15.0
 11 6078.320768 4.079E-30 1.923E-04.04860.281 2740.42090.53-.004660          1 2 0          0 0 0 10  6  5       11  9  2      462230838394713152    63.0   69.0
 11 6078.343642 7.350E-31 2.004E-04.04880.256 2927.07520.510.000000          0 3 0          0 0 0 13 10  4       13  7  7      4333308387659336 0    27.0   27.0
 11 6078.576363 1.333E-30 1.886E-04.04930.281 2740.42080.54-.003720          1 2 0          0 0 0 10  6  4       11  9  3      462230838394713152    21.0   23.0
 11 6078.776131 1.425E-29 2.746E-07.07510.298 1114.54990.700.000080          0 1 1          0 0 0  9  7  3       10  1 10      462230838394713152    57.0   63.0
 11 6078.908659 8.428E-29 2.207E-05.03970.281 1690.66440.36-.000140          0 4 0          0 0 0 11  1 10       11  2  9      482230838260713049    69.0   69.0
 11 6079.192014 2.146E-28 3.596E-04.08820.391 1920.76650.700.000010          0 5 0          0 1 0  5  1  4        5  0  5      534243837294713152    33.0   33.0
 11 6079.404402 1.409E-29 1.138E-02.04920.250 3391.12620.550.001510          0 4 0          0 1 0 14  5 10       13  0 13      434233837294713152    87.0   81.0
 11 6079.548122 6.350E-29 1.595E-01.04930.208 3437.27720.50-.019140          0 1 1          0 0 0 17  5 12       16  3 13      464233838394713152    35.0   33.0
 11 6079.566800 1.994E-26 1.649E-01.04500.265 2433.80040.37-.022000          0 1 1          0 0 0 13  8  6       12  6  7      564320308333712754    81.0   75.0
 11 6079.749732 1.530E-28 9.497E-04.08830.391 1922.82900.700.004760          0 5 0          0 1 0  4  2  2        5  1  5      534253837294713152     9.0   11.0
 11 6079.811108 3.670E-30 7.856E-05.08310.371 2282.58960.73-.011510          2 0 0          0 1 0  7  6  2        6  3  3      732230837294713152    15.0   13.0
 11 6079.939507 2.181E-27 8.128E-04.05570.315 1474.98080.55-.004160          0 4 0          0 0 0  8  4  4        9  5  5      584323838260713049    17.0   19.0
 11 6080.027888 2.886E-29 1.877E-03.04220.391 2406.14090.43-.007750          0 5 0          0 1 0  4  4  0        5  5  1      534243837294713152     9.0   11.0
 11 6080.035294 8.678E-29 1.882E-03.04230.391 2406.14310.43-.007850          0 5 0          0 1 0  4  4  1        5  5  0      534243837294713152    27.0   33.0
 11 6080.492286 3.499E-30 1.211E-02.06720.281 3659.90400.66-.040000          1 0 1          0 1 0 12  7  5       11  5  6      432230837294713152    75.0   69.0
 11 6080.509930 4.044E-29 1.233E-06.07580.333  982.91170.660.001090          0 4 0          0 0 0  9  1  9        8  2  6      482230838260713049    19.0   17.0
 11 6080.614494 6.034E-28 8.841E-03.03220.235 2551.48350.32-.019770          0 2 1          0 0 0 13  1 13       14  3 12      464223838394713152    81.0   87.0
 11 6080.619767 1.022E-29 2.102E-02.02040.250 3583.37460.350.000000          0 3 0          0 0 0 14 11  4       13 10  3      4333308387659336 0    87.0   81.0
 11 6080.619883 3.408E-30 2.103E-02.03120.251 3583.37450.410.000000          0 3 0          0 0 0 14 11  3       13 10  4      4333308387659336 0    29.0   27.0
 11 6080.918735 3.397E-28 8.631E-07.07970.371  648.97870.67-.005710          0 4 0          0 0 0  7  0  7        6  3  4      484223838260713049    45.0   39.0
 11 6081.172290 1.154E-30 5.879E-04.03960.221 3083.86520.46-.022720          0 2 1          0 0 0 15  0 15       15  4 12      462230838394713152    31.0   31.0
 11 6081.287162 3.972E-28 6.463E-04.09080.412 1821.59680.700.005430          0 5 0          0 1 0  3  2  1        4  1  4      434223837294713152    21.0   27.0
 11 6081.613542 2.244E-28 9.836E-03.03190.235 2550.88250.31-.018020          0 2 1          0 0 0 13  0 13       14  2 12      464233838394713152    27.0   29.0
 11 6081.641130 4.425E-28 1.903E-03.07620.391 1922.82900.610.002720          0 5 0          0 1 0  6  0  6        5  1  5      534223837294713152    13.0   11.0
 11 6081.759089 4.587E-30 2.169E-07.08390.333 1050.15770.75-.006100          1 1 0          0 0 0  8  8  0        8  3  5      532230837294713152    17.0   17.0
 11 6081.766347 2.418E-30 1.685E-03.06860.221 3360.60020.67-.018270          2 0 0          0 0 0 14  2 13       15  5 10      432230837260713049    87.0   93.0
 11 6081.959216 6.682E-30 1.060E-08.08690.412  488.10770.72-.005720          0 4 0          0 0 0  5  1  4        4  4  1      482230838260713049    33.0   27.0
 11 6082.126420 3.896E-29 2.871E-04.06480.333 2337.66680.570.003570          1 0 1          0 1 0  9  3  7        8  1  8      434233837294713152    57.0   51.0
 11 6082.264358 1.680E-29 1.829E-01.02800.235 3939.83180.25-.004950          0 2 1          0 1 0 15  4 12       14  2 13      434233837294713152    93.0   87.0
 11 6082.482587 4.154E-30 3.302E-02.04390.265 3587.66670.42-.011890          0 3 1          0 1 0 11  0 11       12  2 10      532230837294713152    23.0   25.0
 11 6082.585118 3.883E-30 7.608E-04.05680.235 3084.83570.61-.028710          2 0 0          0 0 0 13  1 12       14  6  9      432230837260713049    81.0   87.0
 11 6082.673471 4.071E-30 5.233E-06.07490.281 1998.99530.70-.027890          1 2 0          0 0 0 10  2  9       11  5  6      462230838394713152    63.0   69.0
 11 6082.717026 6.282E-30 4.074E-06.07190.333 1789.04280.71-.003040          0 2 1          0 0 0  7  4  4        8  8  1      662230838394713152    45.0   51.0
 11 6083.231539 2.799E-29 5.103E-03.07890.333 2771.69010.71-.020980          0 0 2          0 1 0  9  5  5        8  4  4      434233837294713152    19.0   17.0
 11 6083.505493 1.670E-28 4.097E-05.05280.333 1411.64190.64-.008520          0 3 0          0 0 0  9  9  1        8  6  2      444233833260713049    19.0   17.0
 11 6083.535941 5.022E-28 4.107E-05.05270.333 1411.61150.64-.008500          0 3 0          0 0 0  9  9  0        8  6  3      474223833360713049    57.0   51.0
 11 6083.662967 2.395E-30 4.454E-06.07390.298 2054.34520.68-.018340          1 0 1          0 0 0  9  1  9       10  7  4      432230837294713152    57.0   63.0
 11 6083.972123 1.406E-30 4.270E-02.01560.221 3937.57290.60-.030740          0 0 2          0 1 0 16  0 16       15  1 15      43220083729471 052    33.0   31.0
 11 6083.997044 5.336E-28 5.068E-07.08910.412  382.51690.71-.005370          0 4 0          0 0 0  5  0  5        4  3  2      484223838260713049    33.0   27.0
 11 6084.077073 8.531E-31 1.413E-02.05440.273 3738.54320.550.000000          0 5 0          0 1 0 11  4  8       12  3  9      5333308387659336 0    23.0   25.0
 11 6084.088426 4.769E-30 4.828E-02.01360.221 3937.5717-.07-.029410          0 0 2          0 1 0 16  1 16       15  0 15      332230837294713152    99.0   93.0
 11 6084.195819 6.207E-29 1.479E-02.02150.208 2952.38660.18-.009210          1 1 0          0 0 0 17  4 14       16  1 15      334233837294713152    35.0   33.0
 11 6084.629376 5.943E-27 7.683E-02.03030.235 2327.88380.29-.015750          0 1 1          0 0 0 15  3 12       14  1 13      464323838394713152    31.0   29.0
 11 6084.689389 8.621E-31 1.459E-05.05570.288 2321.81310.570.000000          0 2 1          0 0 0 11  1 10       11  7  5      4633308383659336 0    23.0   23.0
 11 6084.770998 3.491E-30 5.828E-04.04010.221 3080.17870.46-.011610          0 2 1          0 0 0 15  1 15       15  3 12      462230838394713152    93.0   93.0
 11 6085.012793 2.140E-27 4.431E-06.09580.412  275.49700.74-.001670          0 4 0          0 0 0  4  0  4        4  1  3      584323838260713049     9.0    9.0
 11 6085.079785 4.369E-30 9.534E-02.04090.281 4038.40340.41-.029780          0 0 2          0 1 0 12  8  5       11  7  4      432230837294713152    75.0   69.0
 11 6085.151479 1.456E-30 9.529E-02.04070.281 4038.35150.41-.029570          0 0 2          0 1 0 12  8  4       11  7  5      432230837294713152    25.0   23.0
 11 6085.213843 2.100E-30 4.089E-06.07480.333 1789.04280.73-.000340          0 2 1          0 0 0  7  4  3        8  8  0      462230838394713152    15.0   17.0
 11 6085.547124 3.878E-29 3.119E-05.03610.281 1695.06860.33-.010150          0 4 0          0 0 0 11  2 10       11  3  9      482230838260713049    23.0   23.0
 11 6085.767330 1.535E-28 6.682E-07.08460.391  503.96810.69-.005500          0 4 0          0 0 0  6  0  6        5  3  3      582230838260713049    13.0   11.0
 11 6086.320010 2.021E-30 1.524E-02.04660.221 3624.18130.51-.040000          1 0 1          0 0 0 14  3 12       15  7  9      432230837294713152    29.0   31.0
 11 6086.369107 3.944E-28 1.199E-03.08530.371 2042.75330.690.003860          0 5 0          0 1 0  5  2  3        6  1  6      434223837294713152    33.0   39.0
 11 6086.670568 1.444E-30 3.154E-07.07570.333 1590.69010.69-.012920          1 2 0          0 0 0  8  2  7        8  7  2      462230838394713152    51.0   51.0
 11 6086.725043 8.140E-30 5.733E-06.07020.298 1874.97300.66-.017320          0 2 1          0 0 0 10  0 10       10  6  5      462230838394713152    63.0   63.0
 11 6087.113252 7.133E-30 1.497E-05.08660.391 2000.86300.710.009190          1 0 1          0 1 0  6  5  1        5  1  4      432230837294713152    39.0   33.0
 11 6087.161415 7.826E-30 3.476E-07.06300.328 1080.38540.600.000000          0 3 0          0 0 0 10  7  3        9  2  8      4333308387659336 0    21.0   19.0
 11 6087.236252 4.527E-30 6.559E-05.07180.371 2398.38150.65-.011200          0 5 0          0 1 0  6  3  4        6  4  3      432230837294713152    39.0   39.0
 11 6087.337184 7.591E-27 2.183E-03.04390.281 1690.66440.41-.007600          0 4 0          0 0 0 10  3  8       11  2  9      484323838260713049    63.0   69.0
 11 6087.505931 1.649E-26 7.611E-02.04200.298 2054.36870.45-.019000          0 1 1          0 0 0 11  9  2       10  7  3      464323838333712754    23.0   21.0
 11 6087.529277 4.947E-26 7.610E-02.04700.298 2054.34520.45-.020000          0 1 1          0 0 0 11  9  3       10  7  4      464423838333712754    69.0   63.0
 11 6087.595889 4.338E-29 8.357E-05.08710.434 1907.61570.70-.004920          0 5 0          0 1 0  4  2  3        3  3  0      534263837294713152    27.0   21.0
 11 6087.634125 7.604E-27 1.119E-04.06520.315 1079.07960.610.008930          1 1 0          0 0 0 10  6  5        9  1  8      434323837294713152    63.0   57.0
 11 6087.699157 1.259E-30 2.452E-02.03660.221 4045.32180.590.005250          1 0 1          0 0 0 14  5  9       15  9  6      432230837265713152    87.0   93.0
 11 6087.730240 4.505E-31 1.860E-02.06040.274 3959.25340.560.000000          1 0 1          0 1 0 13  7  6       12  5  7      4333308387659336 0    27.0   25.0
 11 6087.742774 4.211E-29 1.064E-05.05030.298 1437.96860.460.002360          0 4 0          0 0 0 10  1  9       10  2  8      482230838260713049    21.0   21.0
 11 6087.778548 2.802E-30 6.396E-03.05000.250 3347.78050.52-.013540          1 0 1          0 0 0 12  5  8       13  9  5      432230837294713152    25.0   27.0
 11 6087.947106 4.520E-28 2.168E-01.03330.221 3083.86520.310.005030          0 1 1          0 0 0 16  6 11       15  4 12      464223838394713152    33.0   31.0
 11 6088.151193 1.212E-30 5.638E-05.07100.333 2490.35410.640.007590          1 2 0          0 1 0  9  6  4        8  1  7      432230837294713152    19.0   17.0
 11 6088.369670 3.586E-28 1.094E-03.08740.412 1817.45120.690.001410          0 5 0          0 1 0  5  1  5        4  0  4      434243837294713152    11.0    9.0
 11 6088.898939 2.519E-30 6.346E-05.07100.391 2251.69530.63-.005030          0 5 0          0 1 0  5  3  3        5  4  2      432230837294713152    11.0   11.0
 11 6088.999329 1.199E-30 5.235E-05.06750.371 2399.16550.600.001000          0 5 0          0 1 0  6  3  3        6  4  2      532230837294713152    13.0   13.0
 11 6089.042755 1.147E-25 3.664E-04.07500.333  744.16270.49-.001000          0 1 1          0 0 0  9  5  5        8  1  8      564623838333712759    57.0   51.0
 11 6089.295982 2.268E-27 1.297E-01.03780.221 2872.27430.38-.022870          0 1 1          0 0 0 16  4 12       15  2 13      464523838394713152    99.0   93.0
 11 6089.329892 1.809E-26 7.809E-02.03000.235 2327.91400.36-.010000          0 1 1          0 0 0 15  4 12       14  2 13      464323838333712754    93.0   87.0
 11 6089.622144 7.014E-30 5.897E-05.06670.391 2251.86250.590.002320          0 5 0          0 1 0  5  3  2        5  4  1      432230837294713152    33.0   33.0
 11 6089.767361 6.844E-29 3.147E-04.09720.434 1739.48370.720.005020          0 5 0          0 1 0  2  2  0        3  1  3      534263837294713152     5.0    7.0
 11 6089.833560 1.038E-29 1.575E-04.08340.352 2462.87530.73-.011930          2 0 0          0 1 0  8  6  3        7  3  4      732230837294713152    51.0   45.0
 11 6089.843111 8.596E-30 4.875E-05.07100.412 2129.59920.650.001420          0 5 0          0 1 0  4  3  2        4  4  1      532230837294713152    27.0   27.0
 11 6089.966465 1.896E-30 8.911E-04.06640.235 3264.33740.64-.023380          1 2 0          0 0 0 13  4  9       14  7  8      462230838394713152    81.0   87.0
 11 6090.055113 2.814E-30 4.789E-05.06950.412 2129.61860.640.003360          0 5 0          0 1 0  4  3  1        4  4  0      432230837294713152     9.0    9.0
 11 6090.059105 1.037E-29 8.357E-02.05000.281 3833.14440.49-.031750          0 0 2          0 1 0 12  7  6       11  6  5      434233837294713152    75.0   69.0
 11 6090.203690 1.095E-30 5.161E-02.02560.195 4027.50600.23-.031930          0 2 1          0 0 0 16  3 14       17  5 13      362230838394713152    33.0   35.0
 11 6090.445102 2.402E-30 3.380E-05.05690.265 2300.68500.71-.018120          0 2 1          0 0 0 12  1 12       12  5  7      462230838365713152    25.0   25.0
 11 6090.672684 1.010E-30 1.005E-02.04860.281 3650.50900.46-.030600          1 0 1          0 1 0 12  7  6       11  5  7      432230837294713152    25.0   23.0
 11 6090.725131 1.314E-29 8.925E-05.07580.371 2271.71220.68-.010380          2 0 0          0 1 0  7  6  1        6  3  4      734233837294713152    45.0   39.0
 11 6090.997164 5.303E-27 1.965E-01.05050.250 2756.41530.50-.034450          0 1 1          0 0 0 14  8  6       13  6  7      464423838394713152    87.0   81.0
 11 6091.138797 9.191E-26 3.236E-04.06400.391  610.34120.69-.006000          0 4 0          0 0 0  4  3  2        5  4  1      486820838233712754    27.0   33.0
 11 6091.177065 3.737E-28 7.121E-07.09330.434  206.30140.72-.005330          0 4 0          0 0 0  3  1  3        3  2  2      482230808260713049     7.0    7.0
 11 6091.332882 3.437E-30 8.277E-02.04780.281 3832.25180.46-.027700          0 0 2          0 1 0 12  7  5       11  6  6      432230837294713152    25.0   23.0
 11 6091.612661 9.686E-30 1.589E-04.05310.281 2522.26520.54-.005570          1 2 0          0 0 0 10  5  6       11  8  3      462230838394713152    63.0   69.0
 11 6091.705543 2.143E-28 1.671E-04.06590.298 1874.97300.62-.025680          0 2 1          0 0 0  9  2  8       10  6  5      464233838394713152    57.0   63.0
 11 6091.769765 3.172E-26 3.348E-04.07000.391  610.11440.69-.006000          0 4 0          0 0 0  4  3  1        5  4  2      584623838233712754     9.0   11.0
 11 6091.936014 7.964E-31 2.425E-04.03030.259 2915.89430.490.000000          1 0 1          0 1 0 11  3  8       11  1 11      4333308387659336 0    23.0   23.0
 11 6091.942221 2.683E-28 4.243E-04.08880.412 1908.01630.70-.003620          0 5 0          0 1 0  5  1  4        4  2  3      534243837294713152    33.0   27.0
 11 6092.098585 2.859E-30 6.018E-08.07650.333  882.89030.690.002380          0 1 1          0 0 0  8  7  2        8  1  7      462230838394713152    17.0   17.0
 11 6092.259984 4.771E-30 4.372E-07.07890.333 1411.61150.69-.012960          1 2 0          0 0 0  8  1  8        8  6  3      462230838394713152    51.0   51.0
 11 6092.501001 1.019E-30 1.292E-07.07550.265 1557.84770.700.008900          0 1 1          0 0 0 12  5  7       12  1 12      462230838394713152    75.0   75.0
 11 6092.914202 1.019E-30 2.837E-01.02920.183 4427.16430.270.014340          1 1 0          0 0 0 19  7 13       18  4 14      232230807294713152    39.0   37.0
 11 6092.998435 3.038E-30 4.094E-03.03460.221 3269.53980.34-.033820          1 2 0          0 0 0 14  2 12       15  5 11      362230838394713152    29.0   31.0
 11 6093.025178 1.844E-28 2.603E-03.08000.352 2392.59250.67-.001280          0 5 0          0 1 0  6  3  4        7  2  5      534263837294713152    39.0   45.0
 11 6093.081620 9.398E-30 2.798E-04.06930.265 2437.50190.67-.028720          1 0 1          0 0 0 11  0 11       12  6  6      432230837294713152    23.0   25.0
 11 6093.249147 2.621E-30 1.290E-04.06340.281 2522.26130.640.005140          1 2 0          0 0 0 10  5  5       11  8  4      462230838394713152    21.0   23.0
 11 6093.398131 6.009E-29 2.450E-03.08110.352 2439.95450.690.000410          0 0 2          0 1 0  8  4  4        7  3  5      434233837294713152    17.0   15.0
 11 6093.461371 5.348E-31 5.845E-03.03540.235 3685.41920.350.000000          1 0 1          0 0 0 13  5  8       14  9  5      4333308387659336 0    27.0   29.0
 11 6093.628177 1.099E-29 3.652E-03.06280.315 3141.04600.59-.030870          0 0 2          0 1 0 10  6  5        9  5  4      432230837294713152    63.0   57.0
 11 6093.645655 1.890E-29 4.092E-02.03740.315 3526.62750.42-.022130          0 2 1          0 1 0 10  9  1        9  7  2      434233837294713152    63.0   57.0
 11 6093.648269 6.299E-30 4.091E-02.03730.315 3526.62490.42-.022120          0 2 1          0 1 0 10  9  2        9  7  3      432230837294713152    21.0   19.0
 11 6093.899958 7.104E-29 4.188E-03.06640.333 2764.69740.59-.012170          0 0 2          0 1 0  9  5  4        8  4  5      434233837294713152    57.0   51.0
 11 6094.487431 1.034E-30 4.251E-02.01240.208 4237.3209-.08-.031470          0 0 2          0 1 0 17  0 17       16  1 16      432230837294713152   105.0   99.0
 11 6094.709036 1.331E-27 8.130E-07.08970.391  325.34790.730.004470          0 1 1          0 0 0  6  6  0        5  0  5      564423838394713152    39.0   33.0
 11 6094.790554 5.863E-31 2.992E-06.08640.425 1922.82900.670.000000          0 0 2          0 1 0  5  4  2        5  1  5      5333308387659336 0    11.0   11.0
 11 6094.951152 1.509E-27 1.743E-04.06150.333 1255.91160.64-.019580          1 1 0          0 0 0  9  8  2        8  5  3      434423837294713152    19.0   17.0
 11 6094.984710 2.226E-28 1.082E-05.07940.333 1255.16680.68-.016650          1 2 0          0 0 0  7  0  7        8  5  4      562230838394713152    45.0   51.0
 11 6095.127386 1.476E-29 8.545E-05.08470.434 1907.45140.690.001440          0 5 0          0 1 0  4  2  2        3  3  1      532230837294713152     9.0    7.0
 11 6095.165963 6.724E-31 3.272E-01.02260.213 4507.52260.430.000000          0 2 1          0 1 0 16  5 12       15  3 13      3333308387659336 0    33.0   31.0
 11 6095.457184 2.966E-29 4.938E-03.08040.315 2998.76630.73-.019130          0 0 2          0 1 0 10  5  6        9  4  5      434233837294713152    63.0   57.0
 11 6095.609055 3.479E-29 2.120E-02.06430.298 3058.39840.600.020000          0 2 1          0 1 0 11  6  5       10  2  8      434233837294713152    23.0   21.0
 11 6095.621490 5.214E-31 1.107E-04.07210.349 2724.04140.640.000000          0 3 1          0 1 0  6  1  6        7  5  3      5333308387659336 0    13.0   15.0
 11 6095.695980 4.555E-27 1.748E-04.05990.333 1255.16680.62-.018760          1 1 0          0 0 0  9  8  1        8  5  4      434323837294713152    57.0   51.0
 11 6095.837283 2.267E-30 2.542E-04.08220.333 2670.78970.73-.011700          2 0 0          0 1 0  9  6  4        8  3  5      432230837294713152    19.0   17.0
 11 6095.975506 3.564E-30 3.528E-03.05830.315 3139.47580.55-.024720          0 0 2          0 1 0 10  6  4        9  5  5      432230837294713152    21.0   19.0
 11 6096.017933 1.574E-28 1.383E-05.04340.298 1446.12820.40-.011950          0 4 0          0 0 0 10  2  9       10  3  8      484233838260713049    63.0   63.0
 11 6096.139427 1.220E-30 6.700E-03.01640.195 3810.93670.04-.007750          0 4 0          0 0 0 16  4 13       17  3 14      382230838260713049    99.0  105.0
 11 6096.297834 2.380E-29 1.104E-06.08550.352 1216.19450.71-.012630          0 2 1          0 0 0  6  0  6        7  6  1      562230838394713152    39.0   45.0
 11 6096.652768 9.090E-29 2.694E-06.06270.315 1201.92150.560.004370          0 4 0          0 0 0  9  1  8        9  2  7      482230838260713049    57.0   57.0
 11 6096.877771 3.963E-26 2.327E-04.09800.480   37.13710.78-.009000          0 4 0          0 0 0  0  0  0        1  1  1      485521838233712754     1.0    3.0
 11 6097.030641 5.052E-30 3.374E-05.08540.371 2041.78050.700.007910          1 0 1          0 1 0  7  4  3        6  0  6      432230837294713152    15.0   13.0
 11 6097.355434 2.031E-29 1.550E-03.04080.235 2918.24490.44-.002430          0 3 0          0 0 0 15  8  7       14  5 10      444233833260713049    93.0   87.0
 11 6097.516004 3.405E-31 1.069E-04.05600.308 2903.14600.550.000000          2 0 0          0 1 0 10  6  4       10  1  9      4333308387659336 0    21.0   21.0
 11 6097.651541 3.219E-30 4.837E-02.03040.195 4017.90840.30-.008710          0 2 1          0 0 0 16  2 14       17  4 13      362230838394713152    99.0  105.0
 11 6098.014655 1.930E-29 1.915E-03.06270.250 2927.94130.61-.040000          0 2 1          0 0 0 12  3  9       13  7  6      464233838394713152    75.0   81.0
 11 6098.151919 2.073E-29 3.107E-02.02150.195 3567.17380.17-.009910          1 1 0          0 0 0 18  5 14       17  2 15      234233807294713152   111.0  105.0
 11 6098.160825 2.203E-28 2.613E-01.03560.221 3269.53980.330.002400          0 1 1          0 0 0 16  7 10       15  5 11      464233838394713152    33.0   31.0
 11 6099.146888 1.833E-27 1.963E-01.04040.250 2748.09960.39-.020730          0 1 1          0 0 0 14  8  7       13  6  8      464223838394713152    29.0   27.0
 11 6099.263246 2.528E-26 1.372E-05.09800.434  173.36580.77-.007000          0 4 0          0 0 0  3  0  3        3  1  2      484423838233712754    21.0   21.0
 11 6099.297423 6.156E-25 3.915E-04.09550.434  136.76170.77-.002500          0 4 0          0 0 0  2  1  2        3  0  3      484823838233712754    15.0   21.0
 11 6099.298661 3.306E-30 3.488E-04.07730.315 2904.67040.68-.009840          2 0 0          0 1 0 10  6  5        9  3  6      432230837294713152    63.0   57.0
 11 6099.579966 1.174E-25 7.331E-04.08000.371  542.90580.64-.002500          0 4 0          0 0 0  5  2  4        6  1  5      486620838233712754    11.0   13.0
 11 6099.841275 2.492E-28 9.925E-04.08780.371 2161.28600.72-.000550          0 0 2          0 1 0  7  3  4        6  2  5      734233837294713152    45.0   39.0
 11 6100.207898 7.314E-30 7.215E-03.04900.315 3321.01330.51-.006000          0 5 0          0 1 0  8  5  4        9  6  3      532230837294713152    51.0   57.0
 11 6100.446714 1.316E-30 4.812E-03.07490.298 3387.40070.69-.029700          0 3 1          0 1 0  9  1  8       10  5  5      532230837294713152    19.0   21.0
 11 6100.918776 2.283E-30 4.322E-05.03020.221 2631.26890.690.017280          1 1 0          0 0 0 15  6  9       15  1 14      432230837265713152    93.0   93.0
 11 6101.157442 1.056E-27 6.659E-07.09750.456  134.90160.74-.005300          0 4 0          0 0 0  2  1  2        2  2  1      484223838260713049    15.0   15.0
 11 6101.433750 1.722E-28 1.683E-03.05070.265 2433.80040.54-.011560          0 4 0          0 0 0 11  5  6       12  6  7      384233838260713049    69.0   75.0
 11 6101.552446 3.413E-29 1.019E-03.06290.265 2437.50190.67-.018130          0 4 0          0 0 0 11  5  7       12  6  6      484233838260713049    23.0   25.0
 11 6101.583044 2.752E-30 6.625E-05.04860.250 2426.19650.51-.020540          1 2 0          0 0 0 13  1 13       13  4 10      462230838394713152    27.0   27.0
 11 6101.594950 6.057E-30 9.496E-05.06980.315 2512.28290.640.007440          1 2 0          0 1 0 10  5  6        9  0  9      432230837294713152    63.0   57.0
 11 6101.752564 9.255E-29 1.406E-03.08220.352 2181.08990.680.001670          0 5 0          0 1 0  6  2  4        7  1  7      434243837294713152    13.0   15.0
 11 6101.797326 3.683E-31 5.552E-06.02310.204 2358.30170.400.000000          0 3 0          0 0 0 15  6 10       15  1 15      4333308387659336 0    31.0   31.0
 11 6101.864038 2.090E-30 6.186E-03.04720.315 3320.92980.49-.004670          0 5 0          0 1 0  8  5  3        9  6  4      432230837294713152    17.0   19.0
 11 6101.954662 5.675E-30 1.499E-03.05840.298 3072.72640.53-.019740          1 3 0          0 1 0  9  0  9       10  3  8      532230837294713152    57.0   63.0
 11 6102.124014 3.090E-30 4.877E-03.08030.298 3253.73800.72-.018990          0 0 2          0 1 0 11  5  7       10  4  6      432230837294713152    23.0   21.0
 11 6102.168334 4.098E-28 2.289E-01.05660.235 3101.44100.57-.038230          0 1 1          0 0 0 15  8  7       14  6  8      464223838394713152    31.0   29.0
 11 6102.208886 4.141E-31 4.190E-04.06850.323 3162.25890.620.000000          2 0 0          0 1 0 11  6  6       10  3  7      4333308387659336 0    23.0   21.0
 11 6102.764654 4.890E-27 7.174E-04.06160.333 1255.91160.61-.005600          0 4 0          0 0 0  7  4  4        8  5  3      484323838260713049    15.0   17.0
 11 6103.170889 4.315E-31 1.083E-01.04880.268 4329.49580.530.000000          0 0 2          0 1 0 13  8  6       12  7  5      4333308387659336 0    27.0   25.0
 11 6103.325365 4.058E-31 1.240E-02.03440.204 3937.57290.400.000000          0 4 0          0 1 0 16  4 12       15  1 15      1333308387659336 0    33.0   31.0
 11 6103.416590 1.291E-30 1.079E-01.04020.265 4329.32430.40-.029470          0 0 2          0 1 0 13  8  5       12  7  6      432230837294713152    81.0   75.0
 11 6103.520306 2.074E-29 2.806E-06.06620.281 1327.11760.640.005480          1 1 0          0 0 0 11  6  6       11  1 11      432230837294713152    23.0   23.0
 11 6103.825288 1.034E-29 4.172E-03.00560.280 3216.19320.340.000000          0 3 0          0 0 0 12 12  1       11 11  0      3333308387659336 0    75.0   69.0
 11 6103.825288 3.448E-30 4.174E-03.01640.270 3216.19320.410.000000          0 3 0          0 0 0 12 12  0       11 11  1      3333308387659336 0    25.0   23.0
 11 6104.177554 1.284E-27 1.836E-03.07660.391 1920.76650.610.001310          0 5 0          0 1 0  6  1  6        5  0  5      534223837294713152    39.0   33.0
 11 6104.219025 1.722E-26 2.349E-02.03100.315 2009.80510.45-.024000          0 1 1          0 0 0 10 10  0        9  8  1      464423838333712754    63.0   57.0
 11 6104.219114 5.740E-27 2.349E-02.03060.315 2009.80500.41-.027220          0 1 1          0 0 0 10 10  1        9  8  2      464223838394713152    21.0   19.0
 11 6104.447391 1.511E-26 7.367E-04.07000.333 1255.16680.53-.005000          0 4 0          0 0 0  7  4  3        8  5  4      585420838233712754    45.0   51.0
 11 6104.462812 1.322E-30 6.243E-04.05470.235 3264.33740.59-.032440          2 0 0          0 0 0 13  2 11       14  7  8      432230837260713049    81.0   87.0
 11 6104.540163 5.461E-28 5.405E-04.04370.265 1962.50690.42-.019380          1 2 0          0 0 0 11  0 11       12  3 10      464223838394713152    69.0   75.0
 11 6104.696805 2.699E-28 5.013E-04.04640.265 2124.95140.440.003660          1 1 0          0 0 0 13  7  6       12  4  9      434223837294713152    81.0   75.0
 11 6104.808256 2.565E-28 8.684E-05.07250.265 1774.75110.690.013850          1 1 0          0 0 0 13  5  8       12  2 11      434233837294713152    81.0   75.0
 11 6104.830386 1.217E-27 2.729E-03.06650.371 2042.75330.540.002450          0 5 0          0 1 0  7  0  7        6  1  6      334223837294713152    45.0   39.0
 11 6104.848069 6.415E-27 1.801E-03.05430.298 1437.96860.50-.006410          0 4 0          0 0 0  9  3  7       10  2  8      484423838260713049    19.0   21.0
 11 6105.593790 1.347E-30 2.772E-05.03430.208 2660.94600.41-.010740          0 1 1          0 0 0 16  3 13       16  1 16      462230838394713152    99.0   99.0
 11 6105.667317 1.331E-30 1.241E-01.05190.265 4125.59900.51-.034760          0 0 2          0 1 0 13  7  7       12  6  6      332230837294713152    27.0   25.0
 11 6105.817418 8.170E-29 1.256E-03.07530.265 2300.68500.71-.025290          0 2 1          0 0 0 11  1 10       12  5  7      464233838394713152    23.0   25.0
 11 6105.961524 2.590E-30 7.411E-03.02060.208 3437.27720.13-.007180          0 4 0          0 0 0 15  4 12       16  3 13      382230838260713049    31.0   33.0
 11 6106.304606 1.489E-28 1.424E-05.05200.315 1216.23130.48-.014050          0 4 0          0 0 0  9  2  8        9  3  7      482230838260713049    19.0   19.0
 11 6106.363092 1.831E-29 1.286E-03.06000.265 2613.10460.61-.033620          1 0 1          0 0 0 11  1 10       12  7  5      434233837294713152    23.0   25.0
 11 6106.914892 8.194E-28 1.416E-01.02860.221 2872.58050.260.001130          0 1 1          0 0 0 16  5 12       15  3 13      464223838394713152    33.0   31.0
 11 6106.974076 2.501E-29 1.919E-04.08570.412 2005.91700.70-.006540          0 5 0          0 1 0  5  2  4        4  3  1      534263837294713152    11.0    9.0
 11 6106.980816 1.605E-30 9.988E-06.05500.281 2321.90570.53-.016260          1 2 0          0 0 0 10  4  7       11  7  4      462230838394713152    63.0   69.0
 11 6107.041148 2.376E-30 1.973E-05.07770.333 2337.66680.680.004190          1 0 1          0 1 0  8  5  3        8  1  8      432230837294713152    51.0   51.0
 11 6107.139120 2.461E-30 4.729E-06.07970.315 1810.58330.70-.012400          2 0 0          0 0 0  8  0  8        9  7  3      632230837260713049    17.0   19.0
 11 6107.146414 1.070E-29 3.285E-05.09090.412 1817.45120.720.004050          0 0 2          0 1 0  5  3  3        4  0  4      732230837294713152    11.0    9.0
 11 6107.229327 1.953E-29 6.926E-06.06040.281 1525.13600.610.003960          1 1 0          0 0 0 11  7  5       11  2 10      432230837294713152    23.0   23.0
 11 6107.250281 2.755E-30 1.176E-04.05050.298 2471.25500.56-.001670          1 2 0          0 0 0  9  6  4       10  9  1      462230838394713152    19.0   21.0
 11 6107.322011 8.225E-30 1.169E-04.05070.298 2471.25500.57-.001710          1 2 0          0 0 0  9  6  3       10  9  2      462230838394713152    57.0   63.0
 11 6107.634489 1.117E-30 1.413E-02.04530.265 3940.51940.42-.023200          1 0 1          0 1 0 13  7  7       12  5  8      432230837294713152    81.0   75.0
 11 6107.790877 3.859E-30 1.743E-07.04320.259 1327.11000.490.000000          0 3 0          0 0 0 11  7  4       11  0 11      4333308387659336 0    69.0   69.0
 11 6107.843845 2.967E-30 3.304E-05.08220.371 2146.26370.690.010180          1 0 1          0 1 0  7  5  2        6  1  5      532230837294713152    15.0   13.0
 11 6107.860403 8.793E-28 3.804E-06.08200.352  782.40980.69-.000760          0 4 0          0 0 0  8  1  8        7  2  5      584223838260713049    51.0   45.0
 11 6107.940737 7.409E-30 1.530E-03.08390.315 2998.76630.71-.014870          0 3 1          0 1 0  8  0  8        9  4  5      432230837294713152    51.0   57.0
 11 6107.992977 7.831E-29 2.302E-04.04400.265 1960.20740.42-.012230          1 2 0          0 0 0 11  1 11       12  2 10      464233838394713152    23.0   25.0
 11 6108.117225 4.093E-30 6.073E-07.07150.281 1327.11760.690.004260          0 1 1          0 0 0 10  7  4       11  1 11      462230838394713152    21.0   23.0
 11 6108.281588 4.745E-29 2.058E-04.09180.391 1922.82900.72-.002580          0 0 2          0 1 0  6  2  4        5  1  5      534233837294713152    13.0   11.0
 11 6108.616700 2.800E-29 5.383E-05.06840.315 1810.58330.64-.013760          0 2 1          0 0 0  8  3  6        9  7  3      662230838394713152    17.0   19.0
 11 6108.985426 3.957E-30 1.217E-01.04690.265 4123.28530.45-.024920          0 0 2          0 1 0 13  7  6       12  6  7      432230837294713152    81.0   75.0
 11 6108.989001 2.469E-28 2.634E-01.05830.221 3472.88130.59-.036620          0 1 1          0 0 0 16  8  8       15  6  9      464233838394713152    99.0   93.0
 11 6109.231291 2.399E-29 5.449E-04.07450.352 2318.53990.660.002950          0 2 1          0 1 0  8  6  3        7  2  6      434233837294713152    17.0   15.0
 11 6109.267799 1.488E-26 2.327E-05.09970.456   95.17590.78-.010000          0 4 0          0 0 0  2  0  2        2  1  1      586320838233712754     5.0    5.0
 11 6109.900933 5.678E-28 1.233E-04.05050.315 1631.38300.59-.006850          0 3 0          0 0 0 10  9  2        9  6  3      474223833360713049    63.0   57.0
 11 6109.981155 6.538E-26 1.591E-02.06500.281 1690.66440.390.004000          0 1 1          0 0 0 12  6  6       11  2  9      464523838333712754    75.0   69.0
 11 6110.038487 1.887E-28 1.229E-04.05010.315 1631.24550.59-.006720          0 3 0          0 0 0 10  9  1        9  6  4      444233833260713049    21.0   19.0
 11 6110.179603 2.007E-26 1.050E-01.04500.281 2321.90570.39-.022000          0 1 1          0 0 0 12  9  3       11  7  4      464423838333712754    75.0   69.0
 11 6110.271674 6.689E-27 1.050E-01.03810.281 2321.81310.40-.021450          0 1 1          0 0 0 12  9  4       11  7  5      464423838394713152    25.0   23.0
 11 6110.402254 4.481E-30 2.084E-07.07370.298 1293.63410.700.002580          0 1 1          0 0 0  9  8  2       10  2  9      462230838394713152    57.0   63.0
 11 6110.456599 4.906E-31 5.715E-06.07110.362 2181.08990.610.000000          2 0 0          0 1 0  8  4  4        7  1  7      4333308387659336 0    17.0   15.0
 11 6110.514553 4.172E-30 1.141E-03.04600.281 3135.76480.43-.005960          2 0 0          0 1 0 12  4  9       11  1 10      432230837294713152    75.0   69.0
 11 6110.514871 4.309E-30 6.029E-07.08350.352 1216.18980.71-.015500          1 2 0          0 0 0  6  1  5        7  6  2      562230838394713152    13.0   15.0
 11 6110.579183 9.631E-31 2.919E-03.06320.305 3387.40070.620.000000          0 0 2          0 1 0 11  6  6       10  5  5      4333308387659336 0    23.0   21.0
 11 6110.759185 7.108E-31 7.813E-03.04060.235 3685.41920.350.000000          0 0 2          0 0 0 13  4 10       14  9  5      4333308387659336 0    27.0   29.0
 11 6111.877103 1.452E-29 2.614E-03.02690.221 3080.17870.24-.004070          0 4 0          0 0 0 14  4 11       15  3 12      484233838260713049    87.0   93.0
 11 6111.949000 1.454E-29 3.028E-01.05890.208 3870.20160.57-.031240          0 1 1          0 0 0 17  8  9       16  6 10      364233808394713152    35.0   33.0
 11 6112.229106 8.176E-30 6.226E-05.05400.250 2414.72340.55-.004690          1 2 0          0 0 0 13  0 13       13  3 10      462230838394713152    81.0   81.0
 11 6112.302345 8.886E-29 3.847E-03.06420.250 2756.41530.64-.040000          0 2 1          0 0 0 12  2 10       13  6  7      464233838394713152    75.0   81.0
 11 6112.386388 6.119E-30 4.501E-08.08180.391  610.11440.69-.005730          0 4 0          0 0 0  6  1  5        5  4  2      482230838260713049    13.0   11.0
 11 6112.394970 6.767E-31 6.323E-02.02320.182 4201.25140.150.000000          1 1 0          0 0 0 19  6 14       18  3 15      1333308287659336 0    39.0   37.0
 11 6112.617250 6.882E-30 3.511E-01.05360.195 4291.90720.51-.019490          0 1 1          0 0 0 18  8 10       17  6 11      362230838394713152   111.0  105.0
 11 6112.628991 4.689E-30 1.033E-03.06510.235 2880.83420.62-.010600          1 0 1          0 0 0 13  0 13       14  4 10      432230837294713152    27.0   29.0
 11 6112.816687 5.015E-29 3.884E-04.08000.371 2041.78050.650.001900          0 5 0          0 1 0  6  1  5        6  0  6      434253837294713152    13.0   13.0
 11 6112.853124 1.791E-28 4.707E-04.06070.281 2144.04630.58-.033990          1 2 0          0 0 0 10  3  8       11  6  5      464233838394713152    63.0   69.0
 11 6113.038125 5.641E-30 2.315E-04.07180.352 2439.95450.65-.010520          2 0 0          0 1 0  8  6  2        7  3  5      432230837294713152    17.0   15.0
 11 6113.394304 1.268E-28 7.804E-07.08600.371  602.77350.74-.000820          1 1 0          0 0 0  7  7  1        6  2  4      432230837294713152    15.0   13.0
 11 6113.453843 2.482E-27 1.219E-05.08160.352  782.40980.68-.000420          0 4 0          0 0 0  7  1  6        7  2  5      484323838260713049    45.0   45.0
 11 6113.578772 1.110E-30 8.722E-02.03970.250 4074.03860.38-.026370          0 3 1          0 1 0 12  2 11       13  4 10      432230837294713152    25.0   27.0
 11 6114.131947 1.077E-28 8.019E-04.07460.333 2337.66680.660.006060          0 2 1          0 1 0  9  5  5        8  1  8      434233837294713152    57.0   51.0
 11 6114.246465 1.925E-29 3.157E-07.07080.315 1079.07960.670.003060          0 1 1          0 0 0  9  7  3        9  1  8      462230838394713152    57.0   57.0
 11 6114.329721 5.117E-29 6.391E-06.07520.281 1327.11760.670.000300          1 1 0          0 0 0 12  4  8       11  1 11      432230837294713152    25.0   23.0
 11 6114.459500 2.868E-28 5.580E-03.01890.208 2660.94600.13-.011690          1 1 0          0 0 0 17  2 15       16  1 16      434223837294713152   105.0   99.0
 11 6114.510323 3.379E-30 1.923E-04.06240.250 2586.52970.63-.022320          2 0 0          0 0 0 12  0 12       13  5  9      432230837260713049    25.0   27.0
 11 6114.686549 8.070E-29 6.475E-03.04500.208 2952.39370.510.007510          0 3 0          0 0 0 17  5 12       16  2 15      344233833260713049   105.0   99.0
 11 6115.120720 9.796E-29 5.719E-03.01960.208 2660.94580.15-.009350          1 1 0          0 0 0 17  3 15       16  0 16      334233837294713152    35.0   33.0
 11 6115.147269 3.680E-30 5.483E-05.06840.298 2254.28450.66-.005270          2 0 0          0 0 0  9  3  7       10  8  2      432230837260713049    19.0   21.0
 11 6115.364809 1.322E-30 2.860E-05.07060.250 2629.33450.70-.023330          0 1 1          0 0 0 13  9  5       13  5  8      462230838394713152    81.0   81.0
 11 6115.380456 4.828E-26 3.251E-05.10390.480   42.37170.78-.008000          0 4 0          0 0 0  1  0  1        1  1  0      584523838233712754     9.0    9.0
 11 6115.553796 1.995E-29 7.996E-03.04650.221 3244.60060.460.000150          1 2 0          0 0 0 14  3 12       15  4 11      364233838394713152    87.0   93.0
 11 6115.858687 2.750E-27 2.830E-04.05600.315 1477.29740.63-.002000          1 1 0          0 0 0 10  8  3        9  5  4      433320837277713138    63.0   57.0
 11 6116.055755 2.145E-30 1.169E-04.06300.352 2724.16710.67-.018210          1 2 0          0 1 0  8  8  1        7  5  2      432230837294713152    51.0   45.0
 11 6116.074038 6.701E-28 8.623E-06.06170.333 1006.11590.56-.015520          0 4 0          0 0 0  8  2  7        8  3  6      482230838260713049    51.0   51.0
 11 6116.181431 7.170E-31 1.172E-04.07170.349 2724.04140.640.000000          1 2 0          0 1 0  8  8  0        7  5  3      4333308387659336 0    17.0   15.0
 11 6116.185017 3.541E-26 2.677E-04.06800.412  488.13420.73-.008000          0 4 0          0 0 0  3  3  1        4  4  0      484423838233712754     7.0    9.0
 11 6116.215192 8.802E-26 5.642E-04.06400.333  885.60020.50-.001000          0 1 1          0 0 0  9  6  4        8  2  7      564523838333712754    57.0   51.0
 11 6116.271236 1.058E-25 2.666E-04.06800.412  488.10770.73-.008100          0 4 0          0 0 0  3  3  0        4  4  1      484623838233712754    21.0   27.0
 11 6116.444967 4.641E-29 2.556E-02.02920.221 3083.86520.28-.024150          0 2 1          0 0 0 14  2 13       15  4 12      464233838394713152    29.0   31.0
 11 6116.819790 8.304E-30 6.379E-03.03710.250 3347.78340.700.002600          1 0 1          0 0 0 12  5  7       13  9  4      432230837265713152    75.0   81.0
 11 6116.848240 2.239E-29 3.703E-04.06750.281 2522.26520.66-.028410          1 0 1          0 0 0 10  2  8       11  8  3      434233837294713152    63.0   69.0
 11 6116.950472 2.725E-30 2.704E-03.05590.298 3383.26540.52-.020220          0 0 2          0 1 0 11  6  5       10  5  6      532230837294713152    69.0   63.0
 11 6117.055199 8.017E-30 5.649E-04.04890.265 2613.10460.66-.032360          0 2 1          0 0 0 11  3  8       12  7  5      462230838365713152    23.0   25.0
 11 6117.084909 3.777E-30 7.393E-02.03840.298 3770.72440.42-.021220          0 2 1          0 1 0 11  9  2       10  7  3      432230837294713152    23.0   21.0
 11 6117.098108 1.133E-29 7.392E-02.03830.298 3770.71130.42-.021170          0 2 1          0 1 0 11  9  3       10  7  4      434233837294713152    69.0   63.0
 11 6117.431899 1.920E-30 1.427E-03.06130.298 3058.39840.55-.005370          1 3 0          0 1 0  9  1  9       10  2  8      532230837294713152    19.0   21.0
 11 6117.864681 1.283E-30 3.541E-05.06240.265 2437.50190.63-.033180          1 2 0          0 0 0 12  1 11       12  6  6      462230838394713152    25.0   25.0
 11 6118.064183 3.480E-30 3.369E-04.05150.298 2904.42840.470.007970          1 0 1          0 1 0 11  4  8       10  2  9      432230837294713152    69.0   63.0
 11 6118.175568 9.373E-28 2.863E-04.05780.315 1474.98080.59-.021010          1 1 0          0 0 0 10  8  2        9  5  5      434223837294713152    21.0   19.0
 11 6118.297096 7.519E-27 2.854E-02.02500.235 2073.51500.24-.007000          0 1 1          0 0 0 15  2 13       14  0 14      463322838377713138    31.0   29.0
 11 6118.325241 1.320E-27 2.279E-01.03950.235 3084.83570.38-.016690          0 1 1          0 0 0 15  8  8       14  6  9      464223838394713152    93.0   87.0
 11 6118.691142 2.201E-27 4.213E-06.09650.456  136.16390.74-.002110          0 4 0          0 0 0  2  1  1        2  2  0      484423838260713049     5.0    5.0
 11 6118.871869 1.905E-27 1.563E-05.08330.371  661.54890.74-.007500          0 1 1          0 0 0  7  7  0        6  3  3      464623838394713152    15.0   13.0
 11 6119.134240 2.101E-30 5.461E-06.08420.371 2042.75330.690.000690          0 0 2          0 1 0  6  4  3        6  1  6      732230837294713152    39.0   39.0
 11 6119.683553 1.980E-29 9.847E-05.05940.298 2254.28380.610.001300          1 2 0          0 0 0  9  5  4       10  8  3      464233838394713152    57.0   63.0
 11 6119.727326 1.598E-27 1.137E-05.08770.371  602.77350.71-.002590          0 4 0          0 0 0  6  1  5        6  2  4      484523838260713049    13.0   13.0
 11 6119.841598 2.118E-26 2.682E-02.02700.235 2073.51570.36-.010000          0 1 1          0 0 0 15  3 13       14  1 14      434323831833712754    93.0   87.0
 11 6119.841922 4.132E-30 1.569E-05.03400.235 2073.51500.740.000680          0 2 0          0 0 0 15 11  5       14  0 14      432230837265713049    31.0   29.0
 11 6119.979049 6.783E-30 3.168E-03.06960.315 2983.32310.62-.001020          0 0 2          0 1 0 10  5  5        9  4  6      432230837294713152    21.0   19.0
 11 6120.870570 4.019E-28 2.705E-03.06620.371 2041.78050.540.000790          0 5 0          0 1 0  7  1  7        6  0  6      434223837294713152    15.0   13.0
 11 6121.389403 3.417E-30 5.101E-05.05580.298 2254.28450.57-.003910          1 2 0          0 0 0  9  5  5       10  8  2      462230838394713152    19.0   21.0
 11 6121.584383 3.363E-29 3.192E-04.06220.250 2248.06450.620.020000          1 1 0          0 0 0 14  6  8       13  3 11      434233837294713152    29.0   27.0
 11 6121.755993 1.861E-30 7.261E-07.06870.281 1525.13600.690.003620          0 1 1          0 0 0 10  8  3       11  2 10      462230838394713152    21.0   23.0
 11 6121.760302 1.863E-29 3.369E-03.05460.265 3032.68980.57-.010600          1 0 1          0 0 0 11  5  7       12  9  4      434233837294713152    69.0   75.0
 11 6122.121000 4.719E-30 8.040E-06.06600.298 2054.34520.65-.019740          0 2 1          0 0 0 10  1  9       10  7  4      462230838394713152    63.0   63.0
 11 6122.338700 6.828E-29 2.722E-04.08460.391 2130.49430.70-.007330          0 5 0          0 1 0  6  2  5        5  3  2      534233837294713152    39.0   33.0
 11 6122.351321 1.313E-26 6.358E-04.05000.298 1114.53220.41-.001000          0 1 1          0 0 0 11  4  7       10  0 10      464323838333712759    23.0   21.0
 11 6122.392954 2.799E-29 3.089E-03.07900.298 2705.09690.690.004700          0 2 1          0 1 0 11  4  7       10  0 10      434233837294713152    23.0   21.0
 11 6122.419231 1.388E-29 1.748E-02.04620.235 3464.88740.48-.039770          1 0 1          0 0 0 13  4 10       14  8  7      434233837294713152    81.0   87.0
 11 6122.737416 1.739E-26 1.148E-05.09240.434  212.15640.77-.009900          0 4 0          0 0 0  3  1  2        3  2  1      584323838233712754    21.0   21.0
 11 6122.885000 9.069E-30 7.536E-02.02660.235 3655.48280.24-.011240          0 2 1          0 1 0 15  2 13       14  0 14      432230837294713152    31.0   29.0
 11 6122.982420 6.250E-28 3.145E-06.08010.352  586.47920.690.002870          1 1 0          0 0 0  8  6  2        7  1  7      434223837294713152    17.0   15.0
 11 6123.556249 1.434E-26 1.883E-05.08900.391  446.51070.69-.008100          0 4 0          0 0 0  5  1  4        5  2  3      483420838233712754    33.0   33.0
 11 6123.658018 5.098E-30 3.340E-02.03060.315 3752.41620.41-.027230          0 2 1          0 1 0 10 10  0        9  8  1      332230837294713152    63.0   57.0
 11 6123.658070 1.699E-30 3.340E-02.03060.315 3752.41620.41-.027220          0 2 1          0 1 0 10 10  1        9  8  2      332230837294713152    21.0   19.0
 11 6123.671340 1.541E-30 4.015E-03.05090.221 3629.09610.56-.017370          0 4 0          0 0 0 14  6  9       15  7  8      382230838260713049    87.0   93.0
 11 6124.149659 1.437E-30 1.719E-03.04410.219 3269.53980.440.000000          0 3 0          0 0 0 16  8  8       15  5 11      4333308387659336 0    33.0   31.0
 11 6124.306767 8.342E-29 2.135E-04.08110.412 2004.81570.67-.000200          0 5 0          0 1 0  5  2  3        4  3  2      534243837294713152    33.0   27.0
 11 6124.327388 1.437E-28 2.597E-02.03080.221 3080.17870.30-.012720          0 2 1          0 0 0 14  1 13       15  3 12      464233838394713152    87.0   93.0
 11 6124.369680 1.390E-30 1.460E-06.09160.412 1821.59680.730.006960          1 0 1          0 1 0  5  5  1        4  1  4      432230837294713152    33.0   27.0
 11 6124.575447 6.755E-27 1.723E-05.09610.412  315.77950.73-.006200          0 4 0          0 0 0  4  1  3        4  2  2      483521838233712754     9.0    9.0
 11 6124.639146 5.434E-30 6.310E-03.04330.333 3101.14220.44-.001970          0 5 0          0 1 0  7  5  3        8  6  2      432230837294713152    15.0   17.0
 11 6124.697071 8.439E-26 1.957E-04.10450.456   70.09080.78-.001100          0 4 0          0 0 0  1  1  1        2  0  2      488820838233712754     3.0    5.0
 11 6124.941334 2.819E-28 4.926E-06.07120.352  816.69420.64-.015020          0 4 0          0 0 0  7  2  6        7  3  5      582230838260713049    15.0   15.0
 11 6125.053552 1.579E-29 6.112E-03.04280.333 3101.12380.43-.001410          0 5 0          0 1 0  7  5  2        8  6  3      434253837294713152    45.0   51.0
 11 6125.500832 5.863E-26 6.406E-03.07300.281 1524.84790.400.002000          0 1 1          0 0 0 12  5  7       11  1 10      464523838333712754    75.0   69.0
 11 6125.576333 2.668E-29 7.397E-02.02640.235 3655.48510.24-.009070          0 2 1          0 1 0 15  3 13       14  1 14      434233837294713152    93.0   87.0
 11 6125.684172 1.235E-29 3.890E-05.04590.250 2246.88480.530.005240          0 3 0          0 0 0 14  7  8       13  2 11      444233833260713049    87.0   81.0
 11 6125.751564 1.718E-28 1.626E-03.08000.333 2337.66680.670.001310          0 5 0          0 1 0  7  2  5        8  1  8      434233837294713152    45.0   51.0
 11 6125.800813 1.009E-29 1.303E-07.07750.333 1006.11590.72-.004130          1 1 0          0 0 0  8  8  1        8  3  6      532230837294713152    51.0   51.0
 11 6125.841386 3.575E-25 4.568E-04.08800.391  399.45750.69-.000500          0 4 0          0 0 0  4  2  3        5  1  4      586721838233712754    27.0   33.0
 11 6126.504213 1.219E-29 1.446E-02.01870.195 3291.15210.13-.014180          1 1 0          0 0 0 18  3 15       17  2 16      334233837294713152    37.0   35.0
 11 6126.568690 3.134E-28 3.670E-03.05700.352 2181.08990.470.001910          0 5 0          0 1 0  8  0  8        7  1  7      434223837294713152    17.0   15.0
 11 6126.713556 7.061E-29 1.942E-02.07390.281 3135.76480.690.015600          0 2 1          0 1 0 12  5  7       11  1 10      434233837294713152    75.0   69.0
 11 6126.717816 1.196E-28 2.720E-01.03280.208 3639.53800.300.000830          0 1 1          0 0 0 17  7 11       16  5 12      464233838394713152   105.0   99.0
 11 6126.755229 4.121E-30 1.868E-01.02520.221 4243.10960.23-.014380          0 2 1          0 1 0 16  3 13       15  1 14      332230837294713152    99.0   93.0
 11 6126.777966 2.103E-28 1.653E-03.05150.281 2142.59770.55-.009840          0 4 0          0 0 0 10  5  5       11  6  6      384233838260713049    21.0   23.0
 11 6126.830529 8.662E-30 1.369E-04.06150.315 2512.28290.55-.022210          1 0 1          0 1 0 10  2  8        9  0  9      432230837294713152    63.0   57.0
 11 6126.901852 1.262E-30 2.079E-08.06300.328 1079.07960.600.000000          0 3 0          0 0 0  9  8  1        9  1  8      4333308387659336 0    57.0   57.0
 11 6126.959569 3.861E-26 1.292E-03.06800.315 1201.92150.500.001000          0 4 0          0 0 0  8  3  6        9  2  7      484523838233712754    51.0   57.0
 11 6127.072636 9.005E-29 1.286E-03.04900.221 2358.30170.54-.000570          0 3 0          0 0 0 16  4 12       15  1 15      444233833260713049    33.0   31.0
 11 6127.109084 1.268E-28 6.350E-04.09230.412 1875.46970.710.005000          0 5 0          0 1 0  4  2  2        4  1  3      534233837294713152     9.0    9.0
 11 6127.351834 2.508E-28 2.154E-01.02950.208 3439.30680.270.002350          0 1 1          0 0 0 17  6 12       16  4 13      464233838394713152   105.0   99.0
 11 6127.463137 2.144E-28 8.115E-05.07540.315 1474.98080.67-.018640          0 2 1          0 0 0  8  1  8        9  5  5      464233838394713152    17.0   19.0
 11 6127.582303 1.223E-27 5.325E-06.08170.352  782.40980.720.002050          1 1 0          0 0 0  8  7  2        7  2  5      434423837294713152    51.0   45.0
 11 6127.590347 3.064E-29 9.498E-04.08140.333 2630.19260.700.003110          0 0 2          0 1 0  9  4  5        8  3  6      434233837294713152    57.0   51.0
 11 6128.154644 1.903E-30 4.329E-03.04330.208 3639.53800.53-.014310          0 2 1          0 0 0 17  1 17       16  5 12      362230838394713152   105.0   99.0
 11 6128.259424 2.683E-28 6.744E-04.08870.391 2000.86300.700.004290          0 5 0          0 1 0  5  2  3        5  1  4      434223837294713152    33.0   33.0
 11 6128.416678 3.139E-26 6.886E-04.06000.352 1059.83550.59-.007000          0 4 0          0 0 0  6  4  3        7  5  2      584423838233712754    39.0   45.0
 11 6128.634027 3.068E-30 1.394E-02.03140.193 3567.25480.270.000000         -2 2-2          0 0 0 18  4 14       17  3 15      1333308287659336 0    37.0   35.0
 11 6128.762106 1.057E-26 6.951E-04.06800.352 1059.64670.59-.008000          0 4 0          0 0 0  6  4  2        7  5  3      584323838233712754    13.0   15.0
 11 6128.965399 3.264E-30 1.735E-07.07000.298 1114.53220.660.003150          0 1 1          0 0 0 10  6  5       10  0 10      462230838394713152    21.0   21.0
 11 6128.998123 4.803E-29 3.157E-02.06060.281 3314.85560.580.020000          0 2 1          0 1 0 12  6  6       11  2  9      434233837294713152    75.0   69.0
 11 6129.170055 7.813E-29 2.049E-03.03960.250 2426.19650.38-.026690          1 2 0          0 0 0 12  1 11       13  4 10      464233838394713152    25.0   27.0
 11 6129.207173 2.684E-30 2.368E-02.02100.183 3940.58730.18-.017320          1 1 0          0 0 0 19  4 15       18  3 16      332230837294713152   117.0  111.0
 11 6129.311336 3.298E-30 3.648E-04.05070.298 2705.09690.47-.011200          2 0 0          0 1 0 11  3  9       10  0 10      432230837294713152    23.0   21.0
 11 6129.319056 3.985E-27 4.927E-02.03160.298 2254.28450.38-.024390          0 1 1          0 0 0 11 10  1       10  8  2      464223838394713152    23.0   21.0
 11 6129.319748 1.195E-26 4.925E-02.03160.298 2254.28380.38-.018000          0 1 1          0 0 0 11 10  2       10  8  3      464323838394713159    69.0   63.0
 11 6129.403612 7.979E-29 1.673E-03.08610.371 2211.19060.71-.000100          0 5 0          0 1 0  5  3  3        6  2  4      434253837294713152    11.0   13.0
 11 6129.507609 7.338E-30 1.060E-02.06390.281 3441.03950.59-.002620          0 5 0          0 1 0 10  4  7       11  3  8      532230837294713152    63.0   69.0
 11 6129.756057 1.420E-30 1.610E-04.08070.333 2670.78970.71-.006320          0 5 0          0 1 0  9  2  8        8  3  5      432230837294713152    19.0   17.0
 11 6129.857783 8.179E-29 2.161E-04.07270.281 2144.04630.68-.018150          2 0 0          0 0 0 10  1 10       11  6  5      434233837260713049    63.0   69.0
 11 6129.924272 3.906E-30 7.434E-09.08610.352  586.24350.730.000640          1 1 0          0 0 0  7  7  0        7  0  7      432230837294713152    45.0   45.0
 11 6129.969511 5.780E-30 2.745E-04.05680.315 2512.37570.51-.002940          1 0 1          0 1 0 10  3  8        9  1  9      432230837294713152    21.0   19.0
 11 6130.099920 4.119E-29 1.631E-02.01810.195 3291.14860.12-.010400          1 1 0          0 0 0 18  4 15       17  1 16      434233837294713152   111.0  105.0
 11 6130.231860 9.256E-29 5.806E-04.04980.281 2321.90570.66-.018420          0 2 1          0 0 0 10  3  7       11  7  4      464233838365713152    63.0   69.0
 11 6130.437712 4.210E-30 4.140E-02.02360.183 3940.58730.29-.031780          2 0 0          0 0 0 17  0 17       18  3 16      432230837260713049   105.0  111.0
 11 6130.444571 9.502E-29 6.794E-04.08210.391 2024.15260.65-.002150          0 5 0          0 1 0  6  1  5        5  2  4      434233837294713152    13.0   11.0
 11 6130.470513 4.386E-28 5.711E-04.09680.434 1772.41340.730.005020          0 5 0          0 1 0  3  2  1        3  1  2      534223837294713152    21.0   21.0
 11 6130.480122 1.404E-30 4.141E-02.02360.183 3940.54490.29-.031800          2 0 0          0 0 0 17  1 17       18  2 16      432230837260713049    35.0   37.0
 11 6130.661740 2.247E-30 8.358E-05.06520.315 2688.07990.610.008930          1 2 0          0 1 0 10  6  5        9  1  8      432230837294713152    63.0   57.0
 11 6131.154566 6.610E-30 7.365E-04.03610.235 2739.42850.35-.004480          0 4 0          0 0 0 13  4 10       14  3 11      382230838260713049    27.0   29.0
 11 6131.399703 1.470E-30 2.097E-05.07180.265 2300.68500.71-.022470          0 1 1          0 0 0 12  9  4       12  5  7      462230838394713152    25.0   25.0
 11 6131.442039 5.387E-27 1.392E-05.07850.371  648.97870.71-.004820          0 1 1          0 0 0  7  7  1        6  3  4      464423838394713152    45.0   39.0
 11 6131.597516 2.248E-27 1.355E-01.03710.265 2613.10460.38-.023580          0 1 1          0 0 0 13  9  4       12  7  5      464223838394713152    27.0   25.0
 11 6131.744873 5.762E-28 4.769E-03.04570.250 2414.72340.44-.004070          1 2 0          0 0 0 12  2 11       13  3 10      464223838394713152    75.0   81.0
 11 6131.874421 1.312E-29 2.857E-04.08380.371 2282.58960.71-.007810          0 5 0          0 1 0  7  2  6        6  3  3      534253837294713152    15.0   13.0
 11 6131.899492 6.750E-27 1.355E-01.03660.265 2612.79980.37-.023050          0 1 1          0 0 0 13  9  5       12  7  6      464323838394713152    81.0   75.0
 11 6132.205220 1.052E-27 6.514E-06.08680.371  602.77350.71-.002320          0 4 0          0 0 0  7  1  7        6  2  4      484323838260713049    15.0   13.0
 11 6132.215290 5.059E-30 6.643E-05.03010.221 2327.88380.460.000000          0 3 0          0 0 0 15  6 10       14  1 13      4333308387659336 0    31.0   29.0
 11 6132.523461 9.332E-28 2.782E-06.07830.371  648.97870.68-.012730          0 4 0          0 0 0  6  2  5        6  3  4      582230838260713049    39.0   39.0
 11 6132.632925 1.606E-26 9.374E-05.07200.352  842.35660.53-.016000          0 1 1          0 0 0  8  7  1        7  3  4      464423838333712754    51.0   45.0
 11 6132.670457 1.023E-29 5.801E-05.05140.298 2054.36870.69-.005500          0 2 1          0 0 0  9  3  6       10  7  3      462230838365713152    19.0   21.0
 11 6132.767298 2.711E-28 7.169E-04.05990.281 2144.04630.64-.014340          0 4 0          0 0 0 10  5  6       11  6  5      484223838260713049    63.0   69.0
 11 6133.721876 1.377E-30 1.877E-01.02400.221 4243.15400.20-.009140          0 2 1          0 1 0 16  4 13       15  2 14      332230837294713152    33.0   31.0
 11 6133.765999 4.437E-30 7.064E-03.01700.262 3512.40490.350.000000          0 3 0          0 0 0 13 12  1       12 11  2      4333308387659336 0    81.0   75.0
 11 6133.766000 1.479E-30 7.064E-03.00330.264 3512.40490.240.000000          0 3 0          0 0 0 13 12  2       12 11  1      4333308387659336 0    27.0   25.0
 11 6133.822211 3.876E-28 3.658E-04.06410.298 1724.70540.64-.027970          1 1 0          0 0 0 11  8  4       10  5  5      434223837294713152    23.0   21.0
 11 6133.867809 3.462E-29 1.717E-01.04390.195 3810.93670.46-.025130          0 1 1          0 0 0 18  5 13       17  3 14      464233838394713152   111.0  105.0
 11 6133.918100 1.009E-30 1.268E-07.04320.259 1327.11760.490.000000          0 3 0          0 0 0 12  6  6       11  1 11      4333308387659336 0    25.0   23.0
 11 6133.947722 4.848E-31 9.130E-06.05550.288 2321.81310.570.000000          1 2 0          0 0 0 10  4  6       11  7  5      4633308383659336 0    21.0   23.0
 11 6134.086967 8.472E-30 6.005E-03.06600.221 3360.60020.64-.024130          1 0 1          0 0 0 14  1 13       15  5 10      432230837294713152    87.0   93.0
 11 6134.223307 4.205E-30 1.000E-01.04550.250 4052.81090.44-.003560          0 3 1          0 1 0 12  1 11       13  3 10      532230837294713152    75.0   81.0
 11 6134.266423 2.709E-29 5.398E-03.05240.235 3084.83570.56-.040000          1 0 1          0 0 0 13  2 12       14  6  9      434233837294713152    81.0   87.0
 11 6134.338900 1.535E-29 2.363E-04.08250.352 2462.87530.71-.007210          0 5 0          0 1 0  8  2  7        7  3  4      434233837294713152    51.0   45.0
 11 6134.631437 7.379E-30 7.121E-07.07190.315 1216.23130.69-.003290          1 1 0          0 0 0  9  8  2        9  3  7      432230837294713152    19.0   19.0
 11 6134.740133 1.242E-28 2.440E-04.04990.298 1875.46180.58-.008180          0 3 0          0 0 0 11  9  3       10  6  4      444233833260713049    23.0   21.0
 11 6134.977727 6.601E-30 4.828E-05.07790.352 2309.73020.680.013930          1 0 1          0 1 0  8  5  3        7  1  6      432230837294713152    51.0   45.0
 11 6135.036944 1.572E-30 1.921E-07.08340.352 1216.18980.71-.011670          1 2 0          0 0 0  7  1  7        7  6  2      562230838394713152    15.0   15.0
 11 6135.229083 3.754E-28 2.453E-04.04890.298 1874.97300.57-.007740          0 3 0          0 0 0 11  9  2       10  6  5      474223833360713049    69.0   63.0
 11 6135.270862 4.230E-27 7.608E-02.02520.221 2631.26890.23-.014380          0 1 1          0 0 0 16  3 13       15  1 14      464323838394713152    99.0   93.0
 11 6135.601122 1.190E-28 4.445E-04.09900.456 1693.64990.740.003790          0 5 0          0 1 0  2  2  0        2  1  1      534243837294713152     5.0    5.0
 11 6136.240978 9.659E-30 4.693E-05.05310.315 2225.46920.620.001880          1 2 0          0 0 0  8  6  3        9  9  0      462230838394713152    51.0   57.0
 11 6136.256414 3.215E-30 4.687E-05.05320.315 2225.46920.620.002030          1 2 0          0 0 0  8  6  2        9  9  1      362230838394713152    17.0   19.0
 11 6136.349504 1.965E-29 4.454E-04.04430.250 2426.19650.430.013240          1 1 0          0 0 0 14  7  7       13  4 10      434233837294713152    29.0   27.0
 11 6136.578715 5.355E-29 6.946E-04.08750.371 2146.26370.700.003050          0 5 0          0 1 0  6  2  4        6  1  5      534223837294713152    13.0   13.0
 11 6136.712453 2.415E-28 9.224E-04.04290.235 2073.51500.510.001160          0 3 0          0 0 0 15  5 11       14  0 14      444233833260713049    31.0   29.0
 11 6136.762826 4.969E-30 1.202E-07.08860.371 1045.05800.73-.014210          1 2 0          0 0 0  5  1  4        6  6  1      562230838394713152    33.0   39.0
 11 6136.930453 7.131E-30 7.379E-06.07520.298 1724.70540.69-.019610          1 2 0          0 0 0 10  0 10       10  5  5      462230838394713152    21.0   21.0
 11 6137.552291 6.166E-30 3.362E-03.03770.265 3032.69040.700.001020          1 0 1          0 0 0 11  5  6       12  9  3      432230837265713152    23.0   25.0
 11 6137.583160 9.260E-29 2.588E-01.03500.221 3443.19190.33-.010350          0 1 1          0 0 0 16  8  9       15  6 10      464233838394713152    33.0   31.0
 11 6137.619770 1.242E-27 1.440E-04.06000.298 1293.01810.580.012530          1 1 0          0 0 0 11  6  6       10  1  9      434323837294713152    23.0   21.0
 11 6138.034972 9.391E-28 3.671E-03.05670.352 2180.64290.470.000320          0 5 0          0 1 0  8  1  8        7  0  7      534223837294713152    51.0   45.0
 11 6138.142507 1.412E-27 7.626E-02.02400.221 2631.28350.20-.009140          0 1 1          0 0 0 16  4 13       15  2 14      464323838394713152    33.0   31.0
 11 6138.159665 4.445E-30 1.786E-06.06430.265 1774.75110.670.005040          0 1 1          0 0 0 11  8  4       12  2 11      462230838394713152    69.0   75.0
 11 6138.517641 3.253E-28 1.703E-06.08260.391  503.96810.70-.009290          0 4 0          0 0 0  5  2  4        5  3  3      482230838260713049    11.0   11.0
 11 6138.536638 2.299E-29 7.152E-04.06680.333 2630.19260.61-.008070          2 0 0          0 1 0  9  6  3        8  3  6      434233837294713152    57.0   51.0
 11 6139.012454 7.843E-31 2.997E-04.06270.315 2920.13210.630.000000          1 2 0          0 1 0  9  8  2        8  5  3      4333308387659336 0    19.0   17.0
 11 6139.138888 2.654E-29 1.160E-07.07660.371  756.72480.66-.007430          0 4 0          0 0 0  7  1  6        6  4  3      482230838260713049    45.0   39.0
 11 6139.494906 8.305E-29 2.092E-05.07320.333 1590.69010.67-.009890          0 2 1          0 0 0  7  3  5        8  7  2      462230838394713152    45.0   51.0
 11 6139.511613 2.361E-30 3.000E-04.05990.333 2919.63300.62-.018760          1 2 0          0 1 0  9  8  1        8  5  4      432230837294713152    57.0   51.0
 11 6139.672725 5.175E-30 1.150E-01.03830.281 4038.40340.41-.021620          0 2 1          0 1 0 12  9  3       11  7  4      432230837294713152    75.0   69.0
 11 6139.724927 1.725E-30 1.149E-01.03810.281 4038.35150.40-.021450          0 2 1          0 1 0 12  9  4       11  7  5      432230837294713152    25.0   23.0
 11 6139.801658 4.229E-29 3.756E-03.04080.235 2918.24490.40-.036660          1 2 0          0 0 0 13  2 11       14  5 10      364233838394713152    81.0   87.0
 11 6139.810291 1.238E-27 3.790E-04.05480.298 1718.71880.55-.021590          1 1 0          0 0 0 11  8  3       10  5  6      434323837294713152    69.0   63.0
 11 6141.266819 2.222E-29 8.621E-07.05610.308 1293.63410.550.000000          0 3 0          0 0 0 11  7  4       10  2  9      4333308387659336 0    69.0   63.0
 11 6141.523444 2.034E-29 5.245E-02.03020.208 3639.53800.29-.029760          0 2 1          0 0 0 15  3 13       16  5 12      464233838394713152    93.0   99.0
 11 6141.619316 7.422E-29 4.345E-07.07350.367  842.35660.660.000000          0 3 0          0 0 0  8  8  1        7  3  4      4333308387659336 0    51.0   45.0
 11 6141.814166 1.332E-29 3.271E-02.05060.281 3323.26980.48-.019080          0 3 1          0 1 0 10  1 10       11  3  9      534233837294713152    21.0   23.0
 11 6141.887557 1.240E-30 3.295E-02.01870.183 3940.54510.12-.007140          1 1 0          0 0 0 19  5 15       18  2 16      232230807294713152    39.0   37.0
 11 6141.938501 5.294E-30 3.850E-06.07390.315 1631.24550.67-.014820          0 2 1          0 0 0  9  0  9        9  6  4      462230838394713152    19.0   19.0
 11 6142.010920 1.522E-28 1.300E-01.02990.208 3211.05580.29-.019450          0 1 1          0 0 0 17  4 13       16  2 14      464233838394713152    35.0   33.0
 11 6142.045054 1.369E-28 1.113E-04.07020.315 1631.24550.65-.021530          0 2 1          0 0 0  8  2  7        9  6  4      464233838394713152    17.0   19.0
 11 6142.216689 9.040E-30 1.150E-06.06610.298 1293.01810.640.004390          0 1 1          0 0 0 10  7  4       10  1  9      462230838394713152    21.0   21.0
 11 6142.663778 7.613E-30 1.068E-06.06670.265 1557.84770.670.000930          0 1 1          0 0 0 11  7  5       12  1 12      462230838394713152    69.0   75.0
 11 6142.782016 1.038E-27 1.228E-06.08330.412  382.51690.69-.006240          0 4 0          0 0 0  4  2  3        4  3  2      582230838260713049    27.0   27.0
 11 6142.879181 9.994E-30 1.196E-05.07070.281 1998.99530.71-.020880          0 1 1          0 0 0 11  9  3       11  5  6      462230838394713152    69.0   69.0
 11 6143.065619 8.132E-28 9.015E-03.03740.250 2248.06450.37-.019210          0 2 1          0 0 0 12  1 12       13  3 11      464223838394713152    25.0   27.0
 11 6143.152915 1.466E-29 5.255E-04.04320.235 2746.02350.48-.020060          0 2 1          0 0 0 14  0 14       14  4 11      464233838394713152    87.0   87.0
 11 6143.172966 8.407E-27 3.629E-04.06000.333 1050.15770.49-.006740          0 1 1          0 0 0  9  7  2        8  3  5      464323838333712752    19.0   17.0
 11 6143.276878 1.285E-27 3.741E-06.08470.371  446.69660.710.003700          0 1 1          0 0 0  7  6  1        6  0  6      464223838394713152    15.0   13.0
 11 6143.551112 5.945E-27 2.899E-04.06560.298 1114.53220.620.008090          1 1 0          0 0 0 11  5  7       10  0 10      434623837294713152    23.0   21.0
 11 6144.308852 2.535E-27 9.318E-03.03710.250 2246.88480.36-.014960          0 2 1          0 0 0 12  0 12       13  2 11      464423838394713152    75.0   81.0
 11 6144.519804 6.409E-28 1.996E-05.07700.333  982.91170.690.005330          1 1 0          0 0 0  9  7  3        8  2  6      434223837294713152    19.0   17.0
 11 6144.676814 2.076E-29 7.690E-06.05650.265 1774.75110.590.006410          1 1 0          0 0 0 12  7  6       12  2 11      432230837294713152    75.0   75.0
 11 6145.401924 3.267E-28 9.300E-07.08540.434  285.21930.70-.002310          0 4 0          0 0 0  3  2  2        3  3  1      582230838260713049     7.0    7.0
 11 6145.629819 4.262E-31 4.888E-07.06250.305 1724.70540.620.000000          1 2 0          0 0 0  9  2  8       10  5  5      4633308383659336 0    19.0   21.0
 11 6145.856416 3.548E-29 2.021E-04.05920.298 2054.36870.57-.010480          1 2 0          0 0 0  9  4  6       10  7  3      464233838394713152    19.0   21.0
 11 6146.043346 2.558E-29 3.707E-05.08610.391 1920.76650.690.003470          0 0 2          0 1 0  6  3  4        5  0  5      532230837294713152    39.0   33.0
 11 6146.385998 3.643E-29 6.225E-05.05810.315 2009.80510.60-.002200          1 2 0          0 0 0  8  5  4        9  8  1      464233838394713152    51.0   57.0
 11 6146.984287 2.128E-29 4.893E-04.08500.352 2318.53990.71-.001480          0 0 2          0 1 0  8  3  5        7  2  6      434233837294713152    17.0   15.0
 11 6147.027817 2.376E-29 2.123E-06.06540.298 1446.12820.65-.002170          1 1 0          0 0 0 10  8  3       10  3  8      432230837294713152    63.0   63.0
 11 6147.048510 1.175E-29 6.022E-05.05950.315 2009.80500.62-.000420          1 2 0          0 0 0  8  5  3        9  8  2      462230838394713152    17.0   19.0
 11 6147.086145 6.236E-28 4.693E-03.04760.333 2337.66680.390.001020          0 5 0          0 1 0  9  0  9        8  1  8      434223837294713152    57.0   51.0
 11 6147.142479 8.839E-30 3.692E-03.07590.315 3141.04600.68-.027290          0 3 1          0 1 0  8  1  7        9  5  4      432230837294713152    51.0   57.0
 11 6147.257243 3.600E-30 3.754E-04.04620.235 2739.42850.50-.006750          0 2 1          0 0 0 14  1 14       14  3 11      462230838394713152    29.0   29.0
 11 6147.604660 4.479E-28 1.070E-03.05350.298 1875.46180.57-.009070          0 4 0          0 0 0  9  5  5       10  6  4      484223838260713049    19.0   21.0
 11 6147.698112 3.591E-28 3.960E-04.06750.281 1998.99530.67-.029710          1 1 0          0 0 0 12  8  5       11  5  6      434223837294713152    75.0   69.0
 11 6147.835277 8.735E-29 5.670E-05.05230.315 1810.58790.72-.001810          0 2 1          0 0 0  8  3  5        9  7  2      464233838365713152    51.0   57.0
 11 6148.005645 4.043E-31 2.135E-05.05250.302 2512.37570.560.000000          1 0 1          0 1 0  9  5  4        9  1  9      4333308387659336 0    19.0   19.0
 11 6148.585826 3.383E-30 2.465E-07.09050.371 1045.05830.73-.012370          0 2 1          0 0 0  5  0  5        6  6  0      562230838394713152    11.0   13.0
 11 6148.770457 3.874E-28 3.684E-07.08410.434  285.41860.700.001690          0 4 0          0 0 0  3  2  1        3  3  0      482230838260713049    21.0   21.0
 11 6148.801399 5.829E-31 7.792E-06.07110.362 2181.08990.610.000000          0 0 2          0 1 0  7  4  4        7  1  7      6333308387659336 0    15.0   15.0
 11 6148.852034 3.150E-29 5.477E-03.03850.352 2905.43350.39-.001260          0 5 0          0 1 0  6  5  2        7  6  1      434253837294713152    39.0   45.0
 11 6148.932242 1.044E-29 5.445E-03.03840.352 2905.43060.38-.001280          0 5 0          0 1 0  6  5  1        7  6  2      534243837294713152    13.0   15.0
 11 6149.069605 1.002E-30 2.385E-02.06480.208 3870.20170.66-.033530          1 0 1          0 0 0 15  2 13       16  6 10      432230837294713152    31.0   33.0
 11 6149.560306 1.239E-30 7.381E-02.03160.298 3997.50860.38-.024390          0 2 1          0 1 0 11 10  1       10  8  2      332230837294713152    23.0   21.0
 11 6149.560784 3.717E-30 7.381E-02.03160.298 3997.50830.38-.024380          0 2 1          0 1 0 11 10  2       10  8  3      332230837294713152    69.0   63.0
 11 6149.624510 1.393E-30 5.158E-05.08780.371 2552.85720.71-.013980          0 3 1          0 1 0  5  1  5        6  5  2      532230837294713152    33.0   39.0
 11 6149.687334 4.754E-30 4.939E-06.06980.298 1724.70540.71-.017290          0 1 1          0 0 0 10  9  2       10  5  5      462230838394713152    21.0   21.0
 11 6150.144619 4.431E-29 3.491E-02.05210.281 3314.85560.48-.008400          0 3 1          0 1 0 10  0 10       11  2  9      534233837294713152    63.0   69.0
 11 6150.235875 4.394E-30 2.038E-03.07220.298 3224.54660.650.007670          0 0 2          0 1 0 11  5  6       10  4  7      532230837294713152    69.0   63.0
 11 6150.793419 6.766E-29 1.096E-03.06970.333 2495.16580.640.004920          0 2 1          0 1 0  9  6  4        8  2  7      534233837294713152    57.0   51.0
 11 6151.027163 9.604E-29 4.273E-04.06960.352 2180.64290.570.002460          0 5 0          0 1 0  7  1  6        7  0  7      534253837294713152    45.0   45.0
 11 6151.219540 8.531E-27 9.565E-06.09280.391  446.51070.64-.007000          0 4 0          0 0 0  6  1  6        5  2  3      584423838233712754    39.0   33.0
 11 6151.461357 1.923E-27 1.674E-01.03610.250 2927.94130.35-.024960          0 1 1          0 0 0 14  9  5       13  7  6      464323838394713152    87.0   81.0
 11 6151.614816 6.885E-31 2.467E-09.08060.395  383.84250.710.000000          0 4 0          0 0 0  4  2  2        4  3  1      5633308383659336 0     9.0    9.0
 11 6151.669064 3.823E-28 4.414E-04.09730.456 1677.06140.740.006210          0 5 0          0 1 0  2  2  1        2  1  2      534223837294713152    15.0   15.0
 11 6152.053008 1.993E-27 1.585E-03.04950.298 1874.97300.53-.006330          0 4 0          0 0 0  9  5  4       10  6  5      484523838260713049    57.0   63.0
 11 6152.317464 6.437E-28 1.674E-01.03520.250 2927.07520.34-.023180          0 1 1          0 0 0 14  9  6       13  7  7      464223838394713152    29.0   27.0
 11 6152.337464 2.816E-26 1.140E-03.06800.315 1282.91910.45-.005000          0 1 1          0 0 0 10  7  3        9  3  6      564623838333712754    63.0   57.0
 11 6152.543384 1.339E-29 2.547E-05.07530.298 2054.34520.710.004010          1 2 0          0 0 0  9  4  5       10  7  4      462230838394713152    57.0   63.0
 11 6152.614313 3.306E-29 1.586E-02.04870.235 3264.33740.52-.040000          1 0 1          0 0 0 13  3 11       14  7  8      434233837294713152    81.0   87.0
 11 6152.661737 1.011E-29 1.164E-06.07110.315 1477.29740.72-.013690          0 1 1          0 0 0  9  9  1        9  5  4      462230838394713152    57.0   57.0
 11 6152.919275 2.001E-30 3.492E-06.07110.315 1810.58330.67-.016180          0 2 1          0 0 0  9  1  8        9  7  3      462230838394713152    19.0   19.0
 11 6153.068541 4.814E-28 1.377E-01.02420.208 3211.21260.20-.002600          0 1 1          0 0 0 17  5 13       16  3 14      464223838394713152   105.0   99.0
 11 6153.286100 2.595E-30 3.775E-03.05200.235 3266.51420.59-.016500          0 4 0          0 0 0 13  6  8       14  7  7      382230838260713049    27.0   29.0
 11 6153.324060 1.773E-26 6.049E-04.05030.371  888.63270.48-.010000          0 4 0          0 0 0  5  4  2        6  5  1      484523838260713059    11.0   13.0
 11 6153.394198 5.416E-26 6.159E-04.06000.371  888.59870.64-.010000          0 4 0          0 0 0  5  4  1        6  5  2      486522838233712754    33.0   39.0
 11 6153.538326 5.489E-27 7.717E-02.03270.281 2522.26520.37-.022800          0 1 1          0 0 0 12 10  2       11  8  3      464523838394713152    75.0   69.0
 11 6153.542134 1.829E-27 7.716E-02.03270.281 2522.26130.37-.022800          0 1 1          0 0 0 12 10  3       11  8  4      464223838394713152    25.0   23.0
 11 6153.688143 8.378E-29 6.988E-04.08140.352 2309.73020.680.004050          0 5 0          0 1 0  7  2  5        7  1  6      434223837294713152    45.0   45.0
 11 6153.971607 5.507E-31 3.070E-06.05350.273 2105.86790.550.000000          0 4 0          0 0 0 12  2 10       12  3  9      3633308383659336 0    25.0   25.0
 11 6154.186080 2.415E-26 9.558E-04.07250.333  982.91170.63-.008000          0 4 0          0 0 0  7  3  5        8  2  6      484323838260713059    15.0   17.0
 11 6154.209417 6.671E-30 2.622E-05.08410.352 2180.64290.700.007400          1 0 1          0 1 0  8  4  4        7  0  7      532230837294713152    51.0   45.0
 11 6154.537649 1.053E-29 1.527E-03.05870.281 2740.42090.61-.005720          1 0 1          0 0 0 10  5  6       11  9  3      434233807294713152    21.0   23.0
 11 6154.602767 6.593E-30 4.745E-02.03790.208 3623.76500.38-.004680          0 2 1          0 0 0 15  2 13       16  4 12      462230838394713152    31.0   33.0
 11 6154.604845 1.803E-26 3.758E-04.05500.315  920.21000.45-.001000          0 1 1          0 0 0 10  5  6        9  1  9      464323838333712754    21.0   19.0
 11 6154.927890 8.865E-30 1.779E-03.05590.235 3084.83570.56-.040000          1 2 0          0 0 0 13  3 10       14  6  9      462230838394713152    81.0   87.0
 11 6154.978331 3.493E-30 1.194E-06.06900.315 1474.98080.71-.013050          0 1 1          0 0 0  9  9  0        9  5  5      462230838394713152    19.0   19.0
 11 6155.088176 6.360E-29 4.219E-06.08410.352 1059.64670.70-.015050          1 2 0          0 0 0  6  0  6        7  5  3      562230838394713152    13.0   15.0
 11 6155.124225 9.100E-26 2.479E-04.09200.412  275.49700.730.001000          0 4 0          0 0 0  3  2  2        4  1  3      588620838233712738     7.0    9.0
 11 6155.378630 2.078E-28 4.700E-03.04750.333 2337.46330.39-.000260          0 5 0          0 1 0  9  1  9        8  0  8      434233837294713152    19.0   17.0
 11 6155.409534 1.971E-30 1.644E-05.04650.250 2414.72340.46-.002590          0 4 0          0 0 0 12  4  9       13  3 10      482230838260713049    75.0   81.0
 11 6155.541680 2.115E-27 3.799E-06.08460.391  508.81210.70-.002120          0 4 0          0 0 0  5  2  3        5  3  2      584423838260713049    33.0   33.0
 11 6155.673929 1.570E-29 5.291E-06.06450.298 1718.71880.67-.015040          0 1 1          0 0 0 10  9  1       10  5  6      462230838394713152    63.0   63.0
 11 6155.763605 7.590E-31 3.680E-02.04280.209 4016.13450.350.000000          2 0 0          0 0 0 15  4 12       16  7  9      4333308387659336 0    31.0   33.0
 11 6155.823766 4.475E-29 1.940E-06.07120.352 1050.15770.650.000000          0 3 0          0 0 0  9  8  2        8  3  5      4333308387659336 0    19.0   17.0
 11 6155.912295 6.788E-27 1.727E-02.05960.265 1960.20740.580.020000          0 1 1          0 0 0 13  6  7       12  2 10      464323838394713152    27.0   25.0
 11 6156.089701 4.149E-30 1.403E-05.05970.281 1985.78490.62-.016690          0 1 1          0 0 0 11  9  2       11  5  7      462230838394713152    23.0   23.0
 11 6156.434721 3.082E-29 3.653E-04.08110.391 2126.40770.67-.002460          0 5 0          0 1 0  6  2  4        5  3  3      534253837294713152    13.0   11.0
 11 6156.672368 2.688E-29 3.579E-04.07040.265 2300.68500.69-.028430          1 1 0          0 0 0 13  8  6       12  5  7      434233837294713152    27.0   25.0
 11 6156.712449 6.834E-30 2.897E-05.05440.265 2275.37290.57-.015330          0 1 1          0 0 0 12  9  3       12  5  8      462230838394713152    75.0   75.0
 11 6156.730932 3.967E-28 2.698E-04.08270.298 1616.45310.71-.013950          0 2 1          0 0 0  9  0  9       10  4  6      464223838394713152    19.0   21.0
 11 6157.002260 8.028E-31 5.272E-05.04780.268 2613.10460.530.000000          1 2 0          0 0 0 12  2 10       12  7  5      4633308383659336 0    25.0   25.0
 11 6157.232597 2.947E-30 1.436E-06.06150.281 1813.22340.560.005330          0 4 0          0 0 0 11  2  9       11  3  8      482230838260713049    69.0   69.0
 11 6157.315054 3.860E-30 7.539E-06.07780.315 1810.58330.69-.010070          1 0 1          0 0 0  8  1  8        9  7  3      432230837294713152    17.0   19.0
 11 6157.403143 1.337E-30 1.399E-04.03220.235 2739.42850.30-.002130          0 4 0          0 0 0 14  2 12       14  3 11      482230838260713049    29.0   29.0
 11 6157.457532 5.165E-29 2.883E-01.03410.208 3822.24600.32-.004750          0 1 1          0 0 0 17  8 10       16  6 11      464233838394713152   105.0   99.0
 11 6157.480031 1.781E-28 3.988E-04.05010.281 2144.04630.57-.011930          0 3 0          0 0 0 12  9  4       11  6  5      444233833260713049    75.0   69.0
 11 6157.562622 3.305E-29 1.956E-03.07220.315 2512.37570.630.002110          0 5 0          0 1 0  8  2  6        9  1  9      434233837294713152    17.0   19.0
 11 6157.582926 6.680E-30 2.870E-01.02880.195 4027.50600.250.003210          0 1 1          0 0 0 18  7 12       17  5 13      462230838394713152    37.0   35.0
 11 6158.172365 9.685E-31 5.178E-05.05290.255 2586.52970.520.000000          0 1 1          0 0 0 13  9  4       13  5  9      4633308383659336 0    27.0   27.0
 11 6158.280644 5.793E-31 7.403E-08.05610.308 1293.01810.550.000000          0 3 0          0 0 0 10  8  2       10  1  9      4333308387659336 0    21.0   21.0
 11 6158.294682 4.634E-27 7.223E-05.07430.352  816.69420.68-.004170          0 1 1          0 0 0  8  7  2        7  3  5      464323838394713152    17.0   15.0
 11 6158.347296 9.588E-30 1.449E-04.07380.298 2254.28450.69-.022560          1 0 1          0 0 0  9  2  7       10  8  2      432230837294713152    19.0   21.0
 11 6158.501530 3.577E-30 1.719E-03.04610.235 3264.33740.53-.011670          0 4 0          0 0 0 13  6  7       14  7  8      482230838260713049    81.0   87.0
 11 6158.929313 6.004E-29 4.007E-04.04790.281 2142.59770.55-.010690          0 3 0          0 0 0 12  9  3       11  6  6      444233833260713049    25.0   23.0
 11 6159.255152 1.903E-27 1.825E-05.08680.371  661.54890.72-.004150          0 4 0          0 0 0  6  2  4        6  3  3      484323838260713049    13.0   13.0
 11 6159.397576 1.689E-29 7.109E-06.06940.298 1538.14950.610.001800          0 4 0          0 0 0 10  2  8       10  3  7      482230838260713049    21.0   21.0
 11 6159.552384 1.085E-28 3.301E-03.06450.265 2437.50190.63-.040000          0 2 1          0 0 0 11  2  9       12  6  6      464233838394713152    23.0   25.0
 11 6159.971939 1.577E-29 2.046E-06.06290.265 1557.84770.630.007010          1 1 0          0 0 0 12  6  7       12  1 12      432230837294713152    75.0   75.0
 11 6160.047570 1.473E-30 5.001E-04.06200.315 3141.04600.63-.023840          1 2 0          0 1 0 10  8  3        9  5  4      432230837294713152    63.0   57.0
 11 6160.617867 7.940E-30 2.125E-07.07180.352  927.74390.64-.009180          0 4 0          0 0 0  8  1  7        7  4  4      482230838260713049    17.0   15.0
 11 6160.851138 1.674E-28 5.627E-04.09350.434 1739.48370.720.003520          0 5 0          0 1 0  3  2  2        3  1  3      534243837294713152     7.0    7.0
 11 6160.875048 1.244E-29 2.543E-04.06960.250 2629.33450.68-.027310          1 1 0          0 0 0 14  8  7       13  5  8      434233837294713152    87.0   81.0
 11 6160.914532 1.398E-28 4.356E-04.05080.281 1985.78490.51-.020260          1 1 0          0 0 0 12  8  4       11  5  7      434233837294713152    25.0   23.0
 11 6160.952303 8.110E-30 1.028E-03.06000.250 2748.09960.62-.027820          2 0 0          0 0 0 12  1 11       13  6  8      432230837260713049    25.0   27.0
 11 6161.199069 6.403E-31 1.638E-01.04670.268 4329.49580.530.000000          0 2 1          0 1 0 13  9  4       12  7  5      3333308387659336 0    27.0   25.0
 11 6161.206638 7.427E-28 3.333E-05.07740.315 1282.91910.66-.002930          0 4 0          0 0 0  9  2  7        9  3  6      484323838260713049    57.0   57.0
 11 6161.314571 4.327E-27 5.999E-06.09800.456  136.16390.74-.004720          0 4 0          0 0 0  3  1  3        2  2  0      484523808260713049     7.0    5.0
 11 6161.319386 3.180E-29 6.497E-05.05430.265 2124.95140.55-.020940          1 2 0          0 0 0 12  1 12       12  4  9      464233838394713152    75.0   75.0
 11 6161.371114 1.914E-30 1.631E-01.03660.265 4329.32430.37-.023050          0 2 1          0 1 0 13  9  5       12  7  6      332230837294713152    81.0   75.0
 11 6161.527779 3.602E-31 1.156E-04.04870.236 2983.39640.480.000000          1 1 0          0 0 0 15  8  8       14  5  9      4333308387659336 0    31.0   29.0
 11 6161.562469 2.625E-27 1.753E-05.09100.352  842.35660.61-.009000          0 4 0          0 0 0  7  2  5        7  3  4      484423838233712754    45.0   45.0
 11 6161.570221 3.130E-29 1.517E-03.03810.281 2740.42090.69-.000320          1 0 1          0 0 0 10  5  5       11  9  2      434233837265713152    63.0   69.0
 11 6161.618452 4.998E-31 5.055E-04.06850.332 3139.47580.630.000000          1 2 0          0 1 0 10  8  2        9  5  5      4333308387659336 0    21.0   19.0
 11 6161.667833 2.408E-29 6.409E-03.01730.195 2981.35950.11-.009420          1 1 0          0 0 0 18  2 16       17  1 17      334233837294713152    37.0   35.0
 11 6161.855999 2.750E-29 2.094E-05.08200.333 1590.69070.73-.001000          0 2 1          0 0 0  7  3  4        8  7  1      562230838394713152    15.0   17.0
 11 6161.996919 7.303E-29 6.480E-03.01720.195 2981.35940.11-.009730          1 1 0          0 0 0 18  3 16       17  0 17      434233837294713152   111.0  105.0
 11 6162.021570 5.056E-30 2.060E-04.06390.250 2756.41530.66-.034210          0 2 1          0 0 0 13  2 12       13  6  7      462230838394713152    81.0   81.0
 11 6162.114159 7.274E-28 3.531E-05.08370.333 1050.15770.71-.003960          0 4 0          0 0 0  8  2  6        8  3  5      484223838260713049    17.0   17.0
 11 6162.447491 7.948E-27 3.057E-03.07100.298 1538.14950.640.005400          0 1 1          0 0 0 11  7  4       10  3  7      464323838394713152    23.0   21.0
 11 6162.478580 1.459E-30 1.028E-02.00690.248 3831.17920.270.000000          0 3 0          0 0 0 14 12  3       13 11  2      4333308387659336 0    87.0   81.0
 11 6162.478631 4.863E-31 1.028E-02.02040.250 3831.17920.350.000000          0 3 0          0 0 0 14 12  2       13 11  3      4333308387659336 0    29.0   27.0
 11 6162.912906 4.933E-30 2.781E-03.06290.298 3224.54660.57-.032900          1 3 0          0 1 0  9  1  8       10  4  7      532230837294713152    57.0   63.0
 11 6163.019978 5.786E-27 1.223E-05.09350.412  315.77950.73-.004230          0 4 0          0 0 0  5  1  5        4  2  2      584323838260713049    11.0    9.0
 11 6163.054152 3.928E-29 8.976E-05.08720.371 2042.75330.70-.006120          0 0 2          0 1 0  7  2  5        6  1  6      434233837294713152    45.0   39.0
 11 6163.112190 1.857E-26 8.456E-04.05800.315 1080.38540.450.000000          0 1 1          0 0 0 10  6  5        9  2  8      464423838333712759    21.0   19.0
 11 6163.256426 2.418E-28 3.956E-07.08260.371  552.91140.72-.000320          1 1 0          0 0 0  7  7  0        6  2  5      432230837294713152    45.0   39.0
 11 6163.263815 6.651E-28 2.387E-02.02600.298 2471.25500.36-.027990          0 1 1          0 0 0 11 11  0       10  9  1      464223838394713152    23.0   21.0
 11 6163.263827 1.995E-27 2.387E-02.02600.298 2471.25500.36-.027980          0 1 1          0 0 0 11 11  1       10  9  2      464423838394713152    69.0   63.0
 11 6163.269719 5.630E-30 1.653E-03.06660.315 2841.43080.59-.020300          1 3 0          0 1 0  8  0  8        9  3  7      532230837294713152    17.0   19.0
 11 6163.458987 5.435E-30 4.484E-06.05990.281 1695.06860.610.000090          1 1 0          0 0 0 11  8  4       11  3  9      432230837294713152    23.0   23.0
 11 6163.519118 2.767E-30 8.377E-04.05910.250 2927.07520.61-.030820          2 0 0          0 0 0 12  2 10       13  7  7      432230837260713049    25.0   27.0
 11 6163.806702 1.788E-28 4.292E-04.06250.298 1875.46180.58-.026130          1 2 0          0 0 0  9  3  7       10  6  4      464233838394713152    19.0   21.0
 11 6164.222567 1.329E-29 3.242E-05.06290.281 2144.04630.63-.030250          1 2 0          0 0 0 11  1 10       11  6  5      462230838394713152    69.0   69.0
 11 6164.477742 1.535E-30 2.133E-02.04310.208 3758.39680.380.000000          1 2 0          0 0 0 15  4 12       16  5 11      2633308383659336 0    31.0   33.0
 11 6164.958578 1.897E-28 3.911E-03.07020.333 2495.16580.630.009930          0 5 0          0 1 0  7  3  4        8  2  7      534243837294713152    45.0   51.0
 11 6165.128600 1.008E-30 4.454E-06.08710.391 1922.82900.710.005720          1 0 1          0 1 0  6  5  2        5  1  5      532230837294713152    13.0   11.0
 11 6165.473615 2.405E-28 9.681E-04.08890.391 2053.96870.730.000660          0 5 0          0 1 0  4  3  2        5  2  3      534253837294713152    27.0   33.0
 11 6165.928778 2.652E-30 2.911E-08.08090.333  744.06370.710.000760          1 1 0          0 0 0  8  7  1        8  0  8      432230837294713152    17.0   17.0
 11 6166.162543 1.130E-30 2.488E-05.08330.371 2282.58960.74-.007500          0 2 1          0 1 0  7  7  0        6  3  3      532230837294713152    15.0   13.0
 11 6166.369355 1.851E-27 5.077E-05.07110.315 1201.92150.660.009760          1 1 0          0 0 0 10  7  4        9  2  7      534323837294713152    63.0   57.0
 11 6166.405384 2.173E-26 1.132E-05.09800.434  212.15640.73-.010000          0 4 0          0 0 0  4  1  4        3  2  1      485320838233712754    27.0   21.0
 11 6166.567229 7.428E-28 6.719E-04.05070.281 1695.06860.48-.019350          1 2 0          0 0 0 10  0 10       11  3  9      464223838394713152    21.0   23.0
 11 6166.672158 1.182E-28 5.681E-03.03900.315 2512.37570.300.000050          0 5 0          0 1 0 10  0 10        9  1  9      334233837294713152    21.0   19.0
 11 6166.705284 1.893E-29 1.096E-03.05910.250 2586.52970.60-.031000          1 0 1          0 0 0 12  1 12       13  5  9      434233837294713152    25.0   27.0
 11 6167.227346 3.544E-29 5.005E-03.06940.315 2690.59370.630.007480          0 5 0          0 1 0  8  3  5        9  2  8      434223837294713152    17.0   19.0
 11 6167.253404 2.312E-29 3.453E-04.07210.250 2533.79320.67-.012240          2 0 0          0 0 0 12  1 12       13  4  9      434233837260713049    75.0   81.0
 11 6167.281677 2.129E-29 3.328E-07.07700.379  816.69420.670.000000          0 3 0          0 0 0  8  8  0        7  3  5      4333308387659336 0    17.0   15.0
 11 6167.306614 4.670E-28 5.613E-07.10260.480   37.13710.75-.003340          0 4 0          0 0 0  2  0  2        1  1  1      584223838260713049     5.0    3.0
 11 6167.326747 5.197E-28 3.162E-03.05700.265 2105.86790.56-.001860          0 4 0          0 0 0 11  4  8       12  3  9      484223838260713049    23.0   25.0
 11 6167.611630 3.397E-30 1.204E-01.02460.183 4201.85820.29-.031040          2 0 0          0 0 0 17  1 16       18  4 15      332230837260713049   105.0  111.0
 11 6167.845192 1.625E-29 1.307E-02.04980.250 3127.80280.51-.031130          1 0 1          0 0 0 12  4  9       13  8  6      434233837294713152    25.0   27.0
 11 6167.983685 1.366E-29 9.069E-02.04650.265 3770.87890.45-.028200          0 3 1          0 1 0 11  2 10       12  4  9      534233837294713152    69.0   75.0
 11 6168.222130 1.136E-30 1.205E-01.02370.183 4201.25140.27-.029740          2 0 0          0 0 0 17  2 16       18  3 15      332230837260713049    35.0   37.0
 11 6168.262960 1.395E-29 2.110E-01.02640.195 3812.04690.230.002740          0 1 1          0 0 0 18  6 13       17  4 14      464233838394713152    37.0   35.0
 11 6168.379596 1.598E-28 6.503E-06.06720.340 1282.91910.640.000000          0 3 0          0 0 0 10  8  3        9  3  6      4333308387659336 0    63.0   57.0
 11 6168.397906 1.360E-29 4.621E-06.07840.352 1394.81420.71-.006710          0 2 1          0 0 0  6  3  4        7  7  1      562230838394713152    13.0   15.0
 11 6168.518289 9.948E-31 1.204E-06.03540.232 1806.67150.400.000000          0 1 1          0 0 0 13  5  8       13  1 13      4633308383659336 0    27.0   27.0
 11 6168.683656 6.128E-27 2.957E-02.02250.221 2358.30140.18-.009510          0 1 1          0 0 0 16  2 14       15  0 15      464423838394713152    99.0   93.0
 11 6168.693805 3.494E-29 4.217E-05.07580.281 1998.99530.70-.019300          0 2 1          0 0 0 11  1 11       11  5  6      464233838394713152    69.0   69.0
 11 6169.353868 1.574E-28 2.005E-01.03590.235 3266.51420.34-.025720          0 1 1          0 0 0 15  9  6       14  7  7      464233838394713152    31.0   29.0
 11 6169.624888 9.506E-29 2.879E-03.07300.352 2318.53990.640.009800          0 5 0          0 1 0  6  3  3        7  2  6      534253837294713152    13.0   15.0
 11 6169.768030 1.981E-27 2.869E-02.02220.221 2358.30170.18-.012670          0 1 1          0 0 0 16  3 14       15  1 15      464223838394713152    33.0   31.0
 11 6170.027246 1.060E-30 5.065E-05.07410.333 2490.35410.660.018490          1 0 1          0 1 0  9  5  4        8  1  7      432230837294713152    19.0   17.0
 11 6170.243042 5.613E-30 3.911E-02.05960.265 3587.66670.580.020000          0 2 1          0 1 0 13  6  7       12  2 10      432230837294713152    27.0   25.0
 11 6170.266046 8.728E-29 5.707E-05.06320.315 1810.58790.61-.006680          1 2 0          0 0 0  8  4  5        9  7  2      464233838394713152    51.0   57.0
 11 6170.384039 2.444E-28 9.960E-04.06970.371 2161.28600.57-.001760          0 5 0          0 1 0  7  1  6        6  2  5      534233837294713152    45.0   39.0
 11 6171.075528 5.961E-30 7.467E-03.07040.298 3162.25890.63-.004860          0 5 0          0 1 0  9  4  6       10  3  7      432230837294713152    19.0   21.0
 11 6171.101648 1.728E-30 1.938E-04.06560.298 2705.09690.620.008090          1 2 0          0 1 0 11  5  7       10  0 10      432230837294713152    23.0   21.0
 11 6171.375516 1.958E-27 5.788E-04.05220.281 1690.66440.48-.008740          1 2 0          0 0 0 10  1 10       11  2  9      464323838394713152    63.0   69.0
 11 6171.497663 4.769E-28 2.005E-01.03400.235 3264.33740.32-.020990          0 1 1          0 0 0 15  9  7       14  7  8      464223838394713152    93.0   87.0
 11 6172.296420 1.055E-29 3.571E-04.04460.235 2746.02350.450.020000          1 1 0          0 0 0 15  7  8       14  4 11      434233837294713152    93.0   87.0
 11 6172.413383 6.811E-28 2.647E-02.03390.235 2746.02350.33-.024810          0 2 1          0 0 0 13  2 12       14  4 11      464223838394713152    81.0   87.0
 11 6172.548945 3.186E-30 4.669E-03.06430.281 3441.03950.58-.001290          1 3 0          0 1 0 10  2  9       11  3  8      532230837294713152    63.0   69.0
 11 6172.764807 3.589E-28 5.759E-03.03890.315 2512.28290.30-.000850          0 5 0          0 1 0 10  1 10        9  0  9      434223837294713152    63.0   57.0
 11 6172.939728 7.911E-30 1.703E-02.01680.183 3647.46130.12-.015530          1 1 0          0 0 0 19  3 16       18  2 17      432230837294713152   117.0  111.0
 11 6172.952553 1.690E-29 4.562E-03.03130.371 2733.96290.33-.009200          0 5 0          0 1 0  5  5  1        6  6  0      434233837294713152    11.0   13.0
 11 6172.961171 5.066E-29 4.559E-03.03130.371 2733.96270.33-.009190          0 5 0          0 1 0  5  5  0        6  6  1      534233837294713152    33.0   39.0
 11 6173.614840 4.762E-28 6.211E-04.08840.412 1821.59680.700.000800          0 5 0          0 1 0  4  2  3        4  1  4      434223837294713152    27.0   27.0
 11 6174.439568 1.499E-29 2.944E-05.07320.315 1810.58330.700.002220          1 2 0          0 0 0  8  4  4        9  7  3      462230838394713152    17.0   19.0
 11 6174.731812 1.215E-29 2.437E-05.06100.333 1789.04280.650.001220          1 2 0          0 0 0  7  5  3        8  8  0      462230838394713152    15.0   17.0
 11 6174.797432 3.975E-30 9.483E-04.07910.315 2841.43080.690.005090          0 0 2          0 1 0 10  4  6        9  3  7      432230837294713152    21.0   19.0
 11 6174.868512 2.785E-30 1.799E-02.01160.182 3647.45950.060.000000          1 1 0          0 0 0 19  4 16       18  1 17      1333308287659336 0    39.0   37.0
 11 6174.888018 3.602E-29 2.408E-05.06150.333 1789.04280.650.001660          1 2 0          0 0 0  7  5  2        8  8  1      462230838394713152    45.0   51.0
 11 6174.996172 8.731E-29 5.557E-04.06400.281 2321.90570.63-.029670          1 0 1          0 0 0 10  1  9       11  7  4      434233837294713152    63.0   69.0
 11 6175.663609 2.620E-29 3.163E-06.06030.281 1524.84790.610.004580          0 1 1          0 0 0 11  7  5       11  1 10      462230838394713152    69.0   69.0
 11 6175.761783 5.173E-27 1.418E-03.04790.315 1631.38300.51-.003440          0 4 0          0 0 0  8  5  4        9  6  3      484323838260713049    51.0   57.0
 11 6175.865729 1.316E-29 2.723E-07.06690.333 1122.70850.62-.011120          0 4 0          0 0 0  9  1  8        8  4  5      482230838260713049    57.0   51.0
 11 6175.879365 1.654E-30 1.257E-05.08350.333 2337.66680.710.001910          2 0 0          0 1 0  9  4  5        8  1  8      432230837294713152    57.0   51.0
 11 6175.987827 1.537E-26 6.932E-03.06100.281 1813.22340.390.000000          0 1 1          0 0 0 12  7  5       11  3  8      464323838333712759    75.0   69.0
 11 6176.028631 8.568E-31 1.635E-01.06040.255 4252.44820.520.000000          0 3 1          0 1 0 12  3 10       13  5  9      4333308387659336 0    25.0   27.0
 11 6176.246360 5.493E-30 3.193E-05.06100.281 2321.90570.61-.030350          1 2 0          0 0 0 11  2  9       11  7  4      462230838394713152    69.0   69.0
 11 6176.653241 4.631E-30 1.042E-06.07740.333 1590.69010.70-.013060          0 2 1          0 0 0  8  1  7        8  7  2      462230838394713152    51.0   51.0
 11 6176.726134 6.601E-28 1.070E-01.03350.265 2813.52870.37-.024570          0 1 1          0 0 0 13 10  3       12  8  4      464223838394713152    27.0   25.0
 11 6176.742537 1.980E-27 1.070E-01.03350.265 2813.51220.37-.024550          0 1 1          0 0 0 13 10  4       12  8  5      464823838394713152    81.0   75.0
 11 6177.039887 3.283E-30 2.293E-05.07850.371 2271.71220.71-.004820          0 2 1          0 1 0  7  7  1        6  3  4      432230837294713152    45.0   39.0
 11 6177.061249 1.825E-27 1.500E-03.04630.315 1631.24550.48-.003000          0 4 0          0 0 0  8  5  3        9  6  4      484323838260713049    17.0   19.0
 11 6177.182256 5.186E-29 6.196E-03.06810.298 2904.42840.640.007440          0 5 0          0 1 0  9  3  6       10  2  9      434223837294713152    57.0   63.0
 11 6177.272350 2.360E-25 1.482E-04.10500.480   23.79440.770.008000          0 4 0          0 0 0  1  1  0        1  0  1      585721838233712754     9.0    9.0
 11 6177.392133 2.223E-29 5.795E-04.05120.265 2437.50190.57-.015720          0 3 0          0 0 0 13  9  5       12  6  6      444233833260713049    27.0   25.0
 11 6177.470904 1.276E-27 1.691E-03.07520.281 1998.99530.70-.028400          0 2 1          0 0 0 10  1  9       11  5  6      464223838394713152    63.0   69.0
 11 6177.689151 4.058E-29 9.129E-03.05450.235 2880.83420.520.000070          1 2 0          0 0 0 13  3 11       14  4 10      464233838394713152    27.0   29.0
 11 6177.859684 7.337E-26 5.042E-04.05000.391  742.07630.69-.016000          0 4 0          0 0 0  4  4  1        5  5  0      484523838233712754    27.0   33.0
 11 6177.867580 2.582E-26 5.323E-04.04240.391  742.07300.43-.007880          0 4 0          0 0 0  4  4  0        5  5  1      484223838260713049     9.0   11.0
 11 6177.897822 8.985E-30 3.367E-04.04950.298 2705.13960.46-.006960          1 0 1          0 1 0 11  3  9       10  1 10      432230837294713152    69.0   63.0
 11 6177.988243 7.693E-30 8.030E-02.02250.221 3937.57170.18-.009510          0 2 1          0 1 0 16  2 14       15  0 15      332230837294713152    99.0   93.0
 11 6178.313156 1.189E-30 4.686E-05.03450.227 2550.88250.480.000000          0 3 0          0 0 0 15  7  9       14  2 12      4333308387659336 0    31.0   29.0
 11 6178.488227 2.827E-30 3.132E-01.03000.195 4221.03930.26-.004680          0 1 1          0 0 0 18  8 11       17  6 12      362230808394713152    37.0   35.0
 11 6178.987273 4.039E-29 4.589E-06.08300.352 1394.81420.74-.001460          0 2 1          0 0 0  6  3  3        7  7  0      462230838394713152    39.0   45.0
 11 6179.042587 3.728E-31 1.098E-04.05520.308 2903.14600.550.000000          1 2 0          0 1 0 11  6  6       10  1  9      4333308387659336 0    23.0   21.0
 11 6179.220204 2.500E-28 2.829E-02.03730.235 2739.42850.36-.008150          0 2 1          0 0 0 13  1 12       14  3 11      464233838394713152    27.0   29.0
 11 6179.345481 1.058E-30 2.612E-05.03190.250 2426.19650.30-.012940          0 4 0          0 0 0 13  3 11       13  4 10      382230838260713049    27.0   27.0
 11 6179.503284 2.855E-30 2.391E-04.04490.235 2918.24490.48-.030010          1 2 0          0 0 0 14  2 13       14  5 10      362230838394713152    87.0   87.0
 11 6179.584223 1.299E-29 6.958E-04.07020.333 2490.35410.620.006570          0 5 0          0 1 0  8  2  6        8  1  7      434243837294713152    17.0   17.0
