111 6480.162500 5.480E-23 0.000E+00.06830.297  539.80000.78-.007000                                                            3544331216 4 2 2 1     0.0    0.0
111 6480.216300 9.276E-24 0.000E+00.10320.364    0.00000.70-.010000                                                            3444331216 4 2 2 1     0.0    0.0
111 6480.251400 9.074E-23 3.332E-01.09570.486  263.72320.66-.009000 1010 10 1 E'   0000 00 0 A1'  4  4 s E' A2'  5  3 s A2"A2" 3566531216 4 2 2 1    54.0   66.0
111 6480.333900 3.581E-23 0.000E+00.08750.452  358.30000.63-.009000                                                            3644331216 4 2 2 1     0.0    0.0
111 6480.389700 8.994E-23 3.314E-01.09570.486  264.43320.66-.009000 1010 10 1 E"   0000 00 0 A2"  4  4 a E' A2"  5  3 a A2"A2' 3566531216 4 2 2 1    54.0   66.0
111 6480.445100 4.750E-24 0.000E+00.06500.521  333.00000.60-.007000                                                            3414331216 4 2 2 1     0.0    0.0
111 6480.683400 3.936E-23 0.000E+00.09500.473  721.10000.61-.009000                                                            3544331216 4 2 2 1     0.0    0.0
111 6480.877400 4.315E-24 0.000E+00.06500.521  333.00000.60-.007000                                                            3414331216 4 2 2 1     0.0    0.0
111 6480.938500 1.448E-23 0.000E+00.08580.455  463.00000.65-.009000                                                            3444331216 4 2 2 1     0.0    0.0
111 6481.028500 5.969E-23 0.000E+00.09500.473  721.10000.61-.009000                                                            3644331216 4 2 2 1     0.0    0.0
111 6481.068400 4.356E-24 0.000E+00.06500.521  333.00000.60-.007000                                                            3414331216 4 2 2 1     0.0    0.0
111 6481.395200 2.500E-23 0.000E+00.07400.345  521.60000.72-.007000                                                            3544331216 4 2 2 1     0.0    0.0
111 6481.409000 2.140E-23 0.000E+00.06500.521  333.00000.60-.007000                                                            3514331216 4 2 2 1     0.0    0.0
111 6481.484700 2.492E-23 0.000E+00.07980.397  496.70000.66-.008000                                                            3544331216 4 2 2 1     0.0    0.0
111 6481.563700 1.399E-23 0.000E+00.09850.585  374.20000.52-.010000                                                            3444331216 4 2 2 1     0.0    0.0
111 6481.752300 3.089E-23 0.000E+00.09060.501  532.90000.72-.009000                                                            3444331216 4 2 2 1     0.0    0.0
111 6481.802900 1.718E-22 8.145E-01.09460.510  357.49110.72-.009000 1002 02 2 E"   0000 00 0 A2"  5  3 a A1"E'   6  4 a E' E"  4566531216 4 2 2 1    66.0   78.0
111 6481.940100 6.130E-24 0.000E+00.06500.521  333.00000.60-.007000                                                            3514331216 4 2 2 1     0.0    0.0
111 6482.034100 6.977E-24 0.000E+00.06500.521  333.00000.60-.007000                                                            3514331216 4 2 2 1     0.0    0.0
111 6482.120700 5.485E-23 8.024E-01.07980.397  653.07720.79-.007000 0012 12 1 E'   0000 00 0 A1'  7  5 s E" E"   8  4 s E' E'  3566431216 4 2 2 1    90.0  102.0
111 6482.370400 1.246E-23 0.000E+00.09340.521  324.40000.60-.009000                                                            3544331216 4 2 2 1     0.0    0.0
111 6482.397200 2.617E-23 0.000E+00.08580.455  463.00000.65-.009000                                                            3444331216 4 2 2 1     0.0    0.0
111 6482.436700 6.291E-23 0.000E+00.09630.524  593.50000.61-.010000                                                            3544331216 4 2 2 1     0.0    0.0
111 6482.508100 6.574E-23 0.000E+00.04690.239 1052.50000.88-.005000                                                            3544331216 4 2 2 1     0.0    0.0
111 6482.699400 5.969E-22 1.882E+00.07360.238  416.09440.52-.007000 1010 10 1 E"   0000 00 0 A2"  5  1 a E" A2'  6  0 a A1'A2" 4566531216 4 2 2 1   132.0  156.0
111 6482.773800 5.606E-24 0.000E+00.06500.521  333.00000.60-.007000                                                            3514331216 4 2 2 1     0.0    0.0
111 6482.884800 4.961E-24 0.000E+00.06500.521  333.00000.60-.007000                                                            3414331216 4 2 2 1     0.0    0.0
111 6483.109200 2.988E-23 0.000E+00.08400.295 1098.30000.61-.008000                                                            3544331216 4 2 2 1     0.0    0.0
111 6483.143900 1.904E-22 0.000E+00.09340.521  325.10000.60-.009000                                                            4544331216 4 2 2 1     0.0    0.0
111 6483.315500 6.412E-23 0.000E+00.09850.585  374.20000.52-.010000                                                            3644331216 4 2 2 1     0.0    0.0
111 6483.487300 1.331E-23 0.000E+00.07550.375  758.40000.80-.008000                                                            3544331216 4 2 2 1     0.0    0.0
111 6483.686800 6.480E-23 2.191E-01.09190.360  194.81790.67-.009000 1002 02 2 E"   0000 00 0 A2"  3  0 a A2'E"   4  1 a E" E'  3666531216 4 2 2 1    42.0   54.0
111 6483.706500 3.010E-23 0.000E+00.10030.591  205.30000.64-.010000                                                            3544331216 4 2 2 1     0.0    0.0
111 6483.972600 1.024E-23 0.000E+00.06830.297  539.80000.78-.007000                                                            3444331216 4 2 2 1     0.0    0.0
111 6484.105300 4.678E-24 0.000E+00.06500.521  333.00000.60-.007000                                                            3414331216 4 2 2 1     0.0    0.0
111 6484.336500 1.266E-23 0.000E+00.06500.521  333.00000.60-.007000                                                            3414331216 4 2 2 1     0.0    0.0
111 6484.429100 7.905E-23 7.671E-01.07630.328  539.05150.63-.007000 1010 10 1 E'   0000 00 0 A1'  6  1 s E" E"   7  2 s E' E'  3566531216 4 2 2 1    78.0   90.0
111 6484.624100 1.024E-23 0.000E+00.06500.521  333.00000.60-.007000                                                            3414331216 4 2 2 1     0.0    0.0
111 6484.714500 2.121E-23 0.000E+00.09500.473  721.10000.61-.009000                                                            3544331216 4 2 2 1     0.0    0.0
111 6484.738700 6.695E-23 2.256E-01.09190.360  194.11290.67-.009000 1002 02 2 E'   0000 00 0 A1'  3  0 s A2'E'   4  1 s E" E"  3566531216 4 2 2 1    42.0   54.0
111 6484.758700 9.397E-24 0.000E+00.06500.521  333.00000.60-.007000                                                            3514331216 4 2 2 1     0.0    0.0
111 6484.975200 1.399E-23 0.000E+00.10030.591  206.10000.64-.010000                                                            3544331216 4 2 2 1     0.0    0.0
111 6485.142100 1.609E-22 2.015E+00.08580.455  620.89950.87-.008000 1010 10 1 E"   0000 00 0 A2"  7  4 a E' E"   8  5 a E" E'  4566431216 4 2 2 1    90.0  102.0
111 6485.464500 1.585E-23 0.000E+00.07550.375  759.00000.80-.008000                                                            3544331216 4 2 2 1     0.0    0.0
111 6485.549300 2.218E-23 0.000E+00.09190.360  115.50000.71-.009000                                                            3444331216 4 2 2 1     0.0    0.0
111 6485.565200 3.109E-23 0.000E+00.08410.444  580.80000.80-.008000                                                            3544331216 4 2 2 1     0.0    0.0
111 6485.666900 6.816E-24 0.000E+00.08910.435  264.50000.66-.009000                                                            3544331216 4 2 2 1     0.0    0.0
111 6485.763200 4.719E-23 0.000E+00.08370.364  282.90000.67-.008000                                                            3544331216 4 2 2 1     0.0    0.0
111 6485.983200 2.460E-22 0.000E+00.08180.388  384.00000.64-.008000                                                            4544331216 4 2 2 1     0.0    0.0
111 6486.507900 3.392E-23 5.637E-01.07400.344  679.04330.75-.007000 0012 12 1 E"   0000 00 0 A2"  7  4 a E' A2"  8  3 a A2"A2' 3546531216 6 2 2 1    90.0  102.0
111 6486.677300 1.496E-22 1.868E+00.08580.455  620.27220.87-.008000 1010 10 1 E'   0000 00 0 A1'  7  4 s E' E'   8  5 s E" E"  4566431216 4 2 2 1    90.0  102.0
111 6486.953000 7.421E-24 0.000E+00.08910.435  265.20000.66-.009000                                                            3544331216 4 2 2 1     0.0    0.0
111 6487.018900 1.186E-23 0.000E+00.09340.521  325.10000.60-.009000                                                            3544331216 4 2 2 1     0.0    0.0
111 6487.059200 5.162E-23 0.000E+00.07980.397  496.70000.66-.008000                                                            3544331216 4 2 2 1     0.0    0.0
111 6487.267500 1.347E-23 0.000E+00.07980.397  496.70000.66-.008000                                                            3444331216 4 2 2 1     0.0    0.0
111 6487.391400 1.085E-23 0.000E+00.07400.345  521.60000.72-.007000                                                            3544331216 4 2 2 1     0.0    0.0
111 6487.462100 1.145E-22 0.000E+00.09850.585  374.20000.52-.010000                                                            4544331216 4 2 2 1     0.0    0.0
111 6487.532600 2.811E-23 0.000E+00.05770.215  554.90000.83-.006000                                                            3444331216 4 2 2 1     0.0    0.0
111 6487.667200 4.275E-24 0.000E+00.06500.521  333.00000.60-.007000                                                            3414331216 4 2 2 1     0.0    0.0
111 6487.773100 6.009E-24 0.000E+00.06500.521  333.00000.60-.007000                                                            3514331216 4 2 2 1     0.0    0.0
111 6487.822500 7.703E-24 0.000E+00.06500.521  333.00000.60-.007000                                                            3414331216 4 2 2 1     0.0    0.0
111 6487.844900 4.315E-22 3.848E+00.08180.388  521.42950.65-.007000 1010 10 1 E"   0000 00 0 A2"  6  2 a E' A2"  7  3 a A2"A2' 4566531216 4 2 2 1    78.0   90.0
111 6488.029300 9.200E-24 0.000E+00.08750.452  358.30000.63-.009000                                                            3544331216 4 2 2 1     0.0    0.0
111 6488.047100 4.200E-22 0.000E+00.08750.452  358.30000.63-.009000                                                            4544331216 4 2 2 1     0.0    0.0
111 6488.199000 3.950E-22 2.650E+00.09330.521  462.91370.80-.009000 0012 12 1 E"   0000 00 0 A2"  6  6 a A1'E"   7  5 a E" E'  4566531216 4 2 2 1    78.0   90.0
111 6488.288600 8.348E-24 0.000E+00.06500.521  333.00000.60-.007000                                                            3514331216 4 2 2 1     0.0    0.0
111 6488.365500 9.276E-24 0.000E+00.06500.521  333.00000.60-.007000                                                            3514331216 4 2 2 1     0.0    0.0
111 6488.453300 2.428E-22 0.000E+00.09850.585  375.10000.52-.010000                                                            4544331216 4 2 2 1     0.0    0.0
111 6488.626600 7.501E-24 0.000E+00.06500.521  333.00000.60-.007000                                                            3514331216 4 2 2 1     0.0    0.0
111 6488.818400 9.236E-23 3.731E-01.09050.404  282.82330.66-.008000 1010 10 1 E"   0000 00 0 A2"  4  3 a A1"E'   5  2 a E' E"  3566531216 4 2 2 1    54.0   66.0
111 6488.850200 1.391E-23 0.000E+00.07400.345  521.60000.72-.007000                                                            3444331216 4 2 2 1     0.0    0.0
111 6488.876500 9.397E-23 3.784E-01.09050.404  282.14380.66-.008000 1010 10 1 E'   0000 00 0 A1'  4  3 s A1"E"   5  2 s E' E'  3666531216 4 2 2 1    54.0   66.0
111 6488.980300 8.308E-24 0.000E+00.06500.521  333.00000.60-.007000                                                            3514331216 4 2 2 1     0.0    0.0
111 6489.063600 6.533E-24 4.370E-02.09330.521  462.21970.80-.009000 0012 12 1 E'   0000 00 0 A1'  6  6 s A1'E'   7  5 s E" E"  3566531216 4 2 2 1    78.0   90.0
111 6489.269500 2.565E-23 0.000E+00.06900.335  798.40000.79-.007000                                                            3544331216 4 2 2 1     0.0    0.0
111 6489.394200 5.203E-24 0.000E+00.06500.521  333.00000.60-.007000                                                            3514331216 4 2 2 1     0.0    0.0
111 6489.475900 3.408E-22 1.259E+00.09570.486  264.43320.66-.009000 1002 02 2 E"   0000 00 0 A2"  4  2 a E' A2"  5  3 a A2"A2' 4566531216 4 2 2 1    54.0   66.0
111 6489.608700 2.698E-23 0.000E+00.09500.473  721.10000.61-.009000                                                            3444331216 4 2 2 1     0.0    0.0
111 6489.639000 5.001E-24 0.000E+00.06500.521  333.00000.60-.007000                                                            3514331216 4 2 2 1     0.0    0.0
111 6489.706200 1.795E-23 0.000E+00.07550.375  759.00000.80-.008000                                                            3544331216 4 2 2 1     0.0    0.0
111 6489.719700 1.367E-22 2.236E-01.09310.302  118.44450.70-.009000 1002 02 2 E'   0000 00 0 A1'  2  1 s E" A2"  3  0 s A2'A2' 4566231216 4 2 1 1    60.0   84.0
111 6489.778700 3.650E-22 1.344E+00.09570.486  263.72320.66-.009000 1002 02 2 E'   0000 00 0 A1'  4  2 s E' A2'  5  3 s A2'A2" 4566531216 4 2 2 1    54.0   66.0
111 6489.842900 1.069E-23 0.000E+00.09740.561  478.10000.61-.010000                                                            3444331216 4 2 2 1     0.0    0.0
111 6490.188900 3.981E-22 3.542E+00.08180.388  520.82850.65-.007000 1010 10 1 E'   0000 00 0 A1'  6  2 s E' A2'  7  3 s A2"A2" 4566531216 4 2 2 1    78.0   90.0
111 6490.302900 8.000E-24 0.000E+00.08750.425  790.70000.61-.009000                                                            3544331216 4 2 2 1     0.0    0.0
111 6490.422400 3.089E-23 0.000E+00.08400.295 1098.30000.61-.008000                                                            3544331216 4 2 2 1     0.0    0.0
111 6490.489900 5.324E-23 0.000E+00.07550.375  759.00000.80-.008000                                                            3544331216 4 2 2 1     0.0    0.0
111 6490.570400 6.049E-24 0.000E+00.09460.510  239.40000.63-.009000                                                            3544331216 4 2 2 1     0.0    0.0
111 6490.593300 2.686E-23 0.000E+00.08750.425  790.70000.61-.009000                                                            3444331216 4 2 2 1     0.0    0.0
111 6490.965800 1.020E-23 0.000E+00.09740.561  478.10000.61-.010000                                                            3544331216 4 2 2 1     0.0    0.0
111 6491.268000 2.025E-23 0.000E+00.08750.425  790.70000.61-.009000                                                            3544331216 4 2 2 1     0.0    0.0
111 6491.312200 7.864E-24 0.000E+00.06500.521  333.00000.60-.007000                                                            3514331216 4 2 2 1     0.0    0.0
111 6491.351800 4.678E-24 0.000E+00.06500.521  333.00000.60-.007000                                                            3414331216 4 2 2 1     0.0    0.0
111 6491.411300 2.815E-22 1.139E+00.10030.591  324.33390.71-.009000 1002 02 2 E"   0000 00 0 A2"  5  4 a E' E"   6  5 a E" E'  4566531216 4 2 2 1    66.0   78.0
111 6491.452500 2.343E-22 9.448E-01.10030.591  323.57560.71-.009000 1002 02 2 E'   0000 00 0 A1'  5  4 s E' E'   6  5 s E" E"  4566531216 4 2 2 1    66.0   78.0
111 6491.552800 2.206E-23 0.000E+00.09340.521  324.40000.60-.009000                                                            3544331216 4 2 2 1     0.0    0.0
111 6491.628900 3.593E-23 0.000E+00.08750.425  790.70000.61-.009000                                                            3444331216 4 2 2 1     0.0    0.0
111 6491.648400 3.408E-22 0.000E+00.05770.215  554.90000.83-.006000                                                            4544331216 4 2 2 1     0.0    0.0
111 6491.927000 1.609E-23 0.000E+00.06500.521  333.00000.60-.007000                                                            3514331216 4 2 2 1     0.0    0.0
111 6491.993100 5.445E-24 0.000E+00.06500.521  333.00000.60-.007000                                                            3514331216 4 2 2 1     0.0    0.0
111 6492.076400 5.283E-24 0.000E+00.06500.521  333.00000.60-.007000                                                            3514331216 4 2 2 1     0.0    0.0
111 6492.164600 4.315E-24 0.000E+00.06500.521  333.00000.60-.007000                                                            3414331216 4 2 2 1     0.0    0.0
111 6492.860900 1.520E-23 0.000E+00.08750.452  358.30000.63-.009000                                                            3544331216 4 2 2 1     0.0    0.0
111 6493.072300 5.646E-24 0.000E+00.06500.521  333.00000.60-.007000                                                            3514331216 4 2 2 1     0.0    0.0
111 6493.147500 3.170E-22 3.262E+00.09210.518  579.98640.82-.008000 1010 10 1 E'   0000 00 0 A1'  7  5 s E" A2"  8  6 s A2'A2' 4546531216 6 2 2 1    90.0  102.0
111 6493.160800 8.308E-23 0.000E+00.06830.297  540.40000.78-.007000                                                            3544331216 4 2 2 1     0.0    0.0
111 6493.205100 1.028E-23 0.000E+00.08750.452  357.60000.63-.009000                                                            3544331216 4 2 2 1     0.0    0.0
111 6493.262000 5.404E-24 0.000E+00.06500.521  333.00000.60-.007000                                                            3514331216 4 2 2 1     0.0    0.0
111 6493.379100 5.203E-24 0.000E+00.10110.573  140.20000.70-.010000                                                            3544331216 4 2 2 1     0.0    0.0
111 6493.626000 6.049E-24 0.000E+00.06500.521  333.00000.60-.007000                                                            3514331216 4 2 2 1     0.0    0.0
111 6494.010900 6.977E-24 0.000E+00.06500.521  333.00000.60-.007000                                                            3514331216 4 2 2 1     0.0    0.0
111 6494.049100 1.766E-22 1.095E+00.07860.299  411.83100.58-.007000 1010 10 1 E'   0000 00 0 A1'  5  0 s A2'E'   6  1 s E" E"  4566531216 4 2 2 1    66.0   78.0
111 6494.147200 1.851E-22 1.151E+00.07860.299  412.44440.58-.007000 1010 10 1 E"   0000 00 0 A2"  5  0 a A2'E"   6  1 a E" E'  4566531216 4 2 2 1    66.0   78.0
111 6494.284600 2.480E-23 0.000E+00.08750.452  358.30000.63-.009000                                                            3544331216 4 2 2 1     0.0    0.0
111 6494.356600 2.045E-23 0.000E+00.06500.521  333.00000.60-.007000                                                            3414331216 4 2 2 1     0.0    0.0
111 6494.376700 8.469E-23 0.000E+00.06830.297  539.80000.78-.007000                                                            3544331216 4 2 2 1     0.0    0.0
111 6494.503300 4.114E-24 0.000E+00.06500.521  333.00000.60-.007000                                                            3414331216 4 2 2 1     0.0    0.0
111 6494.534200 2.871E-23 0.000E+00.07630.328  401.60000.71-.008000                                                            3544331216 4 2 2 1     0.0    0.0
111 6494.558000 8.873E-24 0.000E+00.06500.521  333.00000.60-.007000                                                            3514331216 4 2 2 1     0.0    0.0
111 6494.789200 1.190E-22 0.000E+00.08750.425  790.70000.61-.009000                                                            4544331216 4 2 2 1     0.0    0.0
111 6495.058900 2.033E-23 0.000E+00.07860.299  294.60000.72-.008000                                                            3544331216 4 2 2 1     0.0    0.0
111 6495.092100 2.178E-23 0.000E+00.08560.327  194.90000.69-.009000                                                            3544331216 4 2 2 1     0.0    0.0
111 6495.380900 3.283E-23 0.000E+00.08910.435  265.20000.66-.009000                                                            3544331216 4 2 2 1     0.0    0.0
111 6495.476900 6.800E-23 0.000E+00.09060.501  532.90000.72-.009000                                                            3544331216 4 2 2 1     0.0    0.0
111 6495.499900 2.440E-23 0.000E+00.08750.425  790.70000.61-.009000                                                            3444331216 4 2 2 1     0.0    0.0
111 6495.543300 5.480E-23 0.000E+00.09340.521  324.40000.60-.009000                                                            3544331216 4 2 2 1     0.0    0.0
111 6495.595000 1.690E-23 0.000E+00.10030.591  206.10000.64-.010000                                                            3544331216 4 2 2 1     0.0    0.0
111 6495.651000 8.913E-24 1.622E-01.06830.296  697.12370.77-.006000 0012 12 1 E"   0000 00 0 A2"  7  3 a A1"E'   8  2 a E' E"  3566431216 4 2 2 1    90.0  102.0
111 6495.674700 1.720E-23 0.000E+00.09850.585  374.20000.52-.010000                                                            3544331216 4 2 2 1     0.0    0.0
111 6495.948200 2.450E-23 0.000E+00.06500.521  333.00000.60-.007000                                                            3514331216 4 2 2 1     0.0    0.0
111 6495.980700 1.198E-22 0.000E+00.10030.591  206.10000.64-.010000                                                            4544331216 4 2 2 1     0.0    0.0
111 6495.997400 7.824E-23 0.000E+00.10030.591  206.10000.64-.010000                                                            3544331216 4 2 2 1     0.0    0.0
111 6496.031800 9.000E-24 0.000E+00.06500.521  333.00000.60-.007000                                                            1414331216 4 2 2 1     0.0    0.0
111 6496.042900 1.410E-22 0.000E+00.08580.455  463.00000.65-.009000                                                            4544331216 4 2 2 1     0.0    0.0
111 6496.115800 1.170E-22 3.763E-01.09670.448  183.75960.70-.009000 1002 02 2 E"   0000 00 0 A2"  3  1 a E" E'   4  2 a E' E"  4566531216 4 2 2 1    42.0   54.0
111 6496.242700 1.339E-23 0.000E+00.07550.375  759.00000.80-.008000                                                            3444331216 4 2 2 1     0.0    0.0
111 6496.346700 6.775E-23 0.000E+00.09850.585  374.20000.52-.010000                                                            3644331216 4 2 2 1     0.0    0.0
111 6496.563300 1.589E-23 0.000E+00.06830.297  539.80000.78-.007000                                                            3444331216 4 2 2 1     0.0    0.0
111 6496.615100 3.452E-23 0.000E+00.07400.345  522.20000.72-.007000                                                            3544331216 4 2 2 1     0.0    0.0
111 6496.633900 1.847E-22 0.000E+00.08370.364  282.90000.67-.008000                                                            4544331216 4 2 2 1     0.0    0.0
111 6496.758000 1.363E-22 4.369E-01.09670.448  183.03570.70-.009000 1002 02 2 E'   0000 00 0 A1'  3  1 s E" E"   4  2 s E' E'  4566531216 4 2 2 1    42.0   54.0
111 6496.908500 1.758E-22 7.511E-01.08550.327  293.83660.62-.008000 1010 10 1 E"   0000 00 0 A2"  4  2 a E' E"   5  1 a E" E'  4566531216 4 2 2 1    54.0   66.0
111 6497.046500 5.243E-23 4.128E-01.08750.452  495.24170.73-.008000 0012 12 1 E'   0000 00 0 A1'  6  5 s E" E"   7  4 s E' E'  3566531216 4 2 2 1    78.0   90.0
111 6497.287000 5.283E-22 0.000E+00.07860.299  294.60000.72-.008000                                                            4544331216 4 2 2 1     0.0    0.0
111 6497.361600 1.650E-22 7.028E-01.08550.327  293.17490.62-.008000 1010 10 1 E'   0000 00 0 A1'  4  2 s E' E'   5  1 s E" E"  4566531216 4 2 2 1    54.0   66.0
111 6497.436000 7.542E-22 0.000E+00.09950.595  284.40000.64-.010000                                                            4544331216 4 2 2 1     0.0    0.0
111 6497.524200 1.529E-22 0.000E+00.07980.397  496.70000.66-.008000                                                            4544331216 4 2 2 1     0.0    0.0
111 6497.678800 1.428E-23 0.000E+00.10110.573  139.40000.70-.010000                                                            3544331216 4 2 2 1     0.0    0.0
111 6497.750300 1.815E-22 1.434E+00.08750.452  495.88280.73-.008000 1010 10 1 E"   0000 00 0 A2"  6  3 a A2"E'   7  4 a E' E"  4566531216 4 2 2 1    78.0   90.0
111 6498.192200 1.149E-22 0.000E+00.09210.518  423.20000.54-.009000                                                            4544331216 4 2 2 1     0.0    0.0
111 6498.320900 1.879E-22 1.109E+00.08370.364  401.48440.62-.008000 1010 10 1 E"   0000 00 0 A2"  5  1 a E" E'   6  2 a E' E"  4566531216 4 2 2 1    66.0   78.0
111 6498.334600 1.081E-22 0.000E+00.08580.455  463.00000.65-.009000                                                            4544331216 4 2 2 1     0.0    0.0
111 6498.527000 1.403E-23 0.000E+00.10230.496   45.60000.74-.010000                                                            3544331216 4 2 2 1     0.0    0.0
111 6498.644000 5.566E-24 0.000E+00.06500.521  333.00000.60-.007000                                                            3514331216 4 2 2 1     0.0    0.0
111 6498.891000 4.880E-24 0.000E+00.06500.521  333.00000.60-.007000                                                            3414331216 4 2 2 1     0.0    0.0
111 6498.907300 6.170E-24 0.000E+00.06500.521  333.00000.60-.007000                                                            3514331216 4 2 2 1     0.0    0.0
111 6499.042200 1.609E-23 0.000E+00.08910.435  264.50000.66-.009000                                                            3544331216 4 2 2 1     0.0    0.0
111 6499.095300 1.073E-23 0.000E+00.06500.521  333.00000.60-.007000                                                            3414331216 4 2 2 1     0.0    0.0
111 6499.118000 5.848E-24 0.000E+00.06500.521  333.00000.60-.007000                                                            3514331216 4 2 2 1     0.0    0.0
111 6499.189400 2.779E-22 9.084E-01.10110.573  238.61490.73-.009000 1002 02 2 E"   0000 00 0 A2"  4  3 a A1"E'   5  4 a E' E"  4566531216 4 2 2 1    54.0   66.0
111 6499.299200 2.021E-22 0.000E+00.09740.561  478.10000.61-.010000                                                            4544331216 4 2 2 1     0.0    0.0
111 6499.329600 8.389E-24 0.000E+00.10110.573  140.20000.70-.010000                                                            3544331216 4 2 2 1     0.0    0.0
111 6499.502000 2.751E-22 8.961E-01.10110.573  237.85930.73-.009000 1002 02 2 E'   0000 00 0 A1'  4  3 s A1"E"   5  4 s E' E'  4566531216 4 2 2 1    54.0   66.0
111 6499.650700 2.307E-23 0.000E+00.07630.328  401.60000.71-.008000                                                            3444331216 4 2 2 1     0.0    0.0
111 6499.902700 1.387E-23 0.000E+00.08580.455  463.00000.65-.009000                                                            3544331216 4 2 2 1     0.0    0.0
111 6500.135400 3.000E-24 0.000E+00.06500.521  333.00000.60-.007000                                                            3414331216 4 2 2 1     0.0    0.0
111 6500.160800 8.440E-24 0.000E+00.06500.521  333.00000.60-.007000                                                            3514331216 4 2 2 1     0.0    0.0
111 6500.454400 6.533E-24 0.000E+00.06500.521  333.00000.60-.007000                                                            3514331216 4 2 2 1     0.0    0.0
111 6500.836100 4.759E-24 0.000E+00.06500.521  333.00000.60-.007000                                                            3414331216 4 2 2 1     0.0    0.0
111 6500.940200 1.694E-23 0.000E+00.07400.345  521.60000.72-.007000                                                            3544331216 4 2 2 1     0.0    0.0
111 6501.189400 1.496E-23 0.000E+00.10180.541   86.70000.72-.010000                                                            3544331216 4 2 2 1     0.0    0.0
111 6501.398100 1.799E-23 0.000E+00.06350.271 1124.00000.72-.006000                                                            3544331216 4 2 2 1     0.0    0.0
111 6501.598800 2.202E-23 0.000E+00.07980.397  496.70000.66-.008000                                                            3544331216 4 2 2 1     0.0    0.0
111 6501.635500 7.663E-24 0.000E+00.08910.435  265.20000.66-.009000                                                            3444331216 4 2 2 1     0.0    0.0
111 6501.681200 5.082E-24 0.000E+00.06500.521  333.00000.60-.007000                                                            3514331216 4 2 2 1     0.0    0.0
111 6501.728600 2.146E-23 0.000E+00.09850.585  375.10000.52-.010000                                                            3544331216 4 2 2 1     0.0    0.0
111 6502.075200 4.920E-23 0.000E+00.08560.327  194.90000.69-.009000                                                            3544331216 4 2 2 1     0.0    0.0
111 6502.176500 6.372E-24 0.000E+00.06500.521  333.00000.60-.007000                                                            3514331216 4 2 2 1     0.0    0.0
111 6502.346900 1.569E-23 0.000E+00.06500.521  333.00000.60-.007000                                                            3414331216 4 2 2 1     0.0    0.0
111 6502.500900 1.948E-22 0.000E+00.08750.452  357.60000.63-.009000                                                            4544331216 4 2 2 1     0.0    0.0
111 6502.575800 7.905E-23 2.550E-01.09760.396  114.74320.73-.009000 1002 02 2 E'   0000 00 0 A1'  2  0 s A1'E'   3  1 s E" E"  3566531216 4 2 2 1    30.0   42.0
111 6502.655800 4.396E-23 0.000E+00.07550.375  758.40000.80-.008000                                                            3544331216 4 2 2 1     0.0    0.0
111 6502.688200 1.871E-22 0.000E+00.09950.595  284.40000.64-.010000                                                            4544331216 4 2 2 1     0.0    0.0
111 6502.738800 1.448E-23 0.000E+00.08080.255  199.30000.75-.008000                                                            3444331216 4 2 2 1     0.0    0.0
111 6502.772400 4.154E-23 1.345E-01.09760.396  115.48490.73-.009000 1002 02 2 E"   0000 00 0 A2"  2  0 a A1'E"   3  1 a E" E'  3566531216 4 2 2 1    30.0   42.0
111 6502.858200 2.246E-22 1.323E+00.08370.364  400.85450.62-.008000 1010 10 1 E'   0000 00 0 A1'  5  1 s E" E"   6  2 s E' E'  4566531216 4 2 2 1    66.0   78.0
111 6503.099100 1.533E-23 0.000E+00.09460.510  238.70000.63-.009000                                                            3544331216 4 2 2 1     0.0    0.0
111 6503.414500 8.260E-24 0.000E+00.07400.345  521.60000.72-.007000                                                            3544331216 4 2 2 1     0.0    0.0
111 6503.426600 3.360E-24 0.000E+00.07400.345  521.60000.72-.007000                                                            3444331216 4 2 2 1     0.0    0.0
111 6503.648200 1.410E-23 0.000E+00.06500.521  333.00000.60-.007000                                                            3414331216 4 2 2 1     0.0    0.0
111 6503.675200 2.351E-22 0.000E+00.08910.435  264.50000.66-.009000                                                            4644331216 4 2 2 1     0.0    0.0
111 6503.732000 7.461E-22 1.621E+00.08070.255  296.84840.60-.007000 1010 10 1 E'   0000 00 0 A1'  4  1 s E" A2"  5  0 s A2'A2' 4566231216 4 2 1 1   108.0  132.0
111 6503.993500 3.150E-22 2.124E+00.09330.521  462.91370.80-.009000 1010 10 1 E"   0000 00 0 A2"  6  4 a E' E"   7  5 a E" E'  4566531216 4 2 2 1    78.0   90.0
111 6504.058200 4.275E-24 0.000E+00.10280.437   17.00000.73-.010000                                                            3444331216 4 2 2 1     0.0    0.0
111 6504.213100 3.880E-23 0.000E+00.03490.215 1080.60000.93-.003000                                                            3544331216 4 2 2 1     0.0    0.0
111 6504.283400 2.525E-23 0.000E+00.09460.510  239.40000.63-.009000                                                            3544331216 4 2 2 1     0.0    0.0
111 6504.394700 3.037E-23 0.000E+00.08180.388  384.00000.64-.008000                                                            3544331216 4 2 2 1     0.0    0.0
111 6504.432500 5.082E-24 0.000E+00.09050.404  184.60000.71-.009000                                                            3544331216 4 2 2 1     0.0    0.0
111 6504.502600 2.880E-23 0.000E+00.09340.521  325.10000.60-.009000                                                            3544331216 4 2 2 1     0.0    0.0
111 6504.614300 2.194E-23 0.000E+00.09460.510  238.70000.63-.009000                                                            3544331216 4 2 2 1     0.0    0.0
111 6504.631500 1.012E-22 0.000E+00.09340.521  325.10000.60-.009000                                                            4544331216 4 2 2 1     0.0    0.0
111 6504.701700 2.053E-22 0.000E+00.07370.238  297.60000.77-.007000                                                            4544331216 4 2 2 1     0.0    0.0
111 6504.936700 6.493E-24 0.000E+00.08910.435  265.20000.66-.009000                                                            3544331216 4 2 2 1     0.0    0.0
111 6505.055200 8.308E-24 0.000E+00.06500.521  333.00000.60-.007000                                                            3514331216 4 2 2 1     0.0    0.0
111 6505.267300 3.307E-22 0.000E+00.08580.455  463.70000.65-.009000                                                            4544331216 4 2 2 1     0.0    0.0
111 6505.520200 6.372E-24 0.000E+00.06500.521  333.00000.60-.007000                                                            3514331216 4 2 2 1     0.0    0.0
111 6505.647700 1.412E-23 0.000E+00.08580.455  463.00000.65-.009000                                                            3544331216 4 2 2 1     0.0    0.0
111 6505.736700 8.469E-24 0.000E+00.09850.585  374.20000.52-.010000                                                            3544331216 4 2 2 1     0.0    0.0
111 6505.772900 4.396E-24 0.000E+00.06500.521  333.00000.60-.007000                                                            3414331216 4 2 2 1     0.0    0.0
111 6505.900700 3.291E-23 0.000E+00.09340.521  325.10000.60-.009000                                                            3544331216 4 2 2 1     0.0    0.0
111 6505.927200 1.077E-23 0.000E+00.08730.277  120.00000.72-.009000                                                            3544331216 4 2 2 1     0.0    0.0
111 6506.074800 8.227E-24 1.583E-01.06290.253  707.95330.68-.005000 0012 12 1 E"   0000 00 0 A2"  7  2 a E' E"   8  1 a E" E'  3566531216 4 2 2 1    90.0  102.0
111 6506.124900 1.670E-23 0.000E+00.06290.253  551.30000.77-.006000                                                            3544331216 4 2 2 1     0.0    0.0
111 6506.184300 9.397E-24 1.804E-01.06290.253  707.44520.68-.005000 0012 12 1 E'   0000 00 0 A1'  7  2 s E' E'   8  1 s E" E"  3566531216 4 2 2 1    90.0  102.0
111 6506.253800 4.001E-23 3.588E-01.08180.388  521.42950.65-.007000 0012 12 1 E"   0000 00 0 A2"  6  4 a E' A2"  7  3 a E' A2' 3566531216 4 2 2 1    78.0   90.0
111 6506.428000 7.703E-24 0.000E+00.06500.521  333.00000.60-.007000                                                            3514331216 4 2 2 1     0.0    0.0
111 6506.451100 2.976E-23 0.000E+00.09630.524  592.60000.61-.010000                                                            3544331216 4 2 2 1     0.0    0.0
111 6506.721700 5.243E-24 0.000E+00.06500.521  333.00000.60-.007000                                                            3514331216 4 2 2 1     0.0    0.0
111 6506.805900 2.605E-23 0.000E+00.09630.524  593.50000.61-.010000                                                            3444331216 4 2 2 1     0.0    0.0
111 6506.956100 4.799E-22 1.416E+00.10170.541  165.29450.69-.010000 1002 02 2 E"   0000 00 0 A2"  3  2 a E' A2"  4  3 a A2"A2' 4566531216 4 2 2 1    42.0   54.0
111 6507.005200 1.226E-23 0.000E+00.06500.521  333.00000.60-.007000                                                            3414331216 4 2 2 1     0.0    0.0
111 6507.073700 6.574E-24 0.000E+00.10110.573  140.20000.70-.010000                                                            3444331216 4 2 2 1     0.0    0.0
111 6507.156200 2.093E-22 0.000E+00.08080.255  199.30000.75-.008000                                                            4544331216 4 2 2 1     0.0    0.0
111 6507.175500 5.566E-23 4.978E-01.08180.388  520.82850.65-.007000 0012 12 1 E'   0000 00 0 A1'  6  4 s E' A2'  7  3 s A2"A2" 3566531216 4 2 2 1    78.0   90.0
111 6507.218800 4.154E-23 0.000E+00.07550.375  758.40000.80-.008000                                                            3644331216 4 2 2 1     0.0    0.0
111 6507.377000 2.650E-22 0.000E+00.09460.510  238.70000.63-.009000                                                            4544331216 4 2 2 1     0.0    0.0
111 6507.385000 2.650E-22 0.000E+00.09460.510  238.70000.63-.009000                                                            4544331216 4 2 2 1     0.0    0.0
111 6507.422000 1.968E-23 0.000E+00.09340.521  324.40000.60-.009000                                                            3444331216 4 2 2 1     0.0    0.0
111 6507.468500 6.412E-24 0.000E+00.06500.521  333.00000.60-.007000                                                            3514331216 4 2 2 1     0.0    0.0
111 6507.570000 1.141E-23 0.000E+00.09740.561  478.10000.61-.010000                                                            3544331216 4 2 2 1     0.0    0.0
111 6507.713500 5.041E-24 0.000E+00.06500.521  333.00000.60-.007000                                                            3514331216 4 2 2 1     0.0    0.0
111 6507.732100 1.347E-23 0.000E+00.09500.473  721.10000.61-.009000                                                            3544331216 4 2 2 1     0.0    0.0
111 6507.892200 3.134E-23 0.000E+00.09850.585  374.20000.52-.010000                                                            3644331216 4 2 2 1     0.0    0.0
111 6507.954900 3.057E-23 0.000E+00.09950.595  284.40000.64-.010000                                                            3444331216 4 2 2 1     0.0    0.0
111 6508.009800 5.041E-23 0.000E+00.09950.595  284.40000.64-.010000                                                            3544331216 4 2 2 1     0.0    0.0
111 6508.301000 4.430E-22 1.303E+00.10170.541  164.53770.69-.010000 1002 02 2 E'   0000 00 0 A1'  3  2 s E' A2'  4  3 s A2"A2" 4566531216 4 2 2 1    42.0   54.0
111 6508.343700 3.493E-23 0.000E+00.08750.425  790.70000.61-.009000                                                            3544331216 4 2 2 1     0.0    0.0
111 6508.576800 5.687E-23 1.830E-01.09670.448  183.03570.70-.009000 1010 10 1 E'   0000 00 0 A1'  3  3 s A1"E"   4  2 s E' E'  3566531216 4 2 2 1    42.0   54.0
111 6508.655700 7.461E-22 4.028E+00.08900.435  382.52500.64-.008000 1010 10 1 E'   0000 00 0 A1'  5  2 s E' A2'  6  3 s E' A2" 4566531216 4 2 2 1    66.0   78.0
111 6508.713800 5.767E-23 1.862E-01.09670.448  183.75960.70-.009000 1010 10 1 E"   0000 00 0 A2"  3  3 a A1"E'   4  2 a E' E"  3566531216 4 2 2 1    42.0   54.0
111 6508.747800 1.109E-23 0.000E+00.06290.253  551.30000.77-.006000                                                            3444331216 4 2 2 1     0.0    0.0
111 6508.828800 5.040E-23 1.153E-01.10170.541  164.53770.69-.010000 1002 02 2 E'   0000 00 0 A1'  4  4 s E' A2'  4  3 s A2"A2" 3566531216 4 2 2 1    54.0   54.0
111 6508.849800 8.720E-23 1.797E-01.09840.331   59.61960.72-.009000 1002 02 2 E"   0000 00 0 A2"  1  1 a E" A2'  2  0 a A1'A2" 3566531216 4 2 2 1    36.0   60.0
111 6508.886400 9.074E-24 0.000E+00.06500.521  333.00000.60-.007000                                                            3414331216 4 2 2 1     0.0    0.0
111 6509.017700 3.751E-22 0.000E+00.05770.215  554.40000.83-.006000                                                            4544331216 4 2 2 1     0.0    0.0
111 6509.131300 5.969E-24 0.000E+00.06500.521  333.00000.60-.007000                                                            3514331216 4 2 2 1     0.0    0.0
111 6509.173000 7.098E-24 0.000E+00.06500.521  333.00000.60-.007000                                                            3514331216 4 2 2 1     0.0    0.0
111 6509.283400 1.036E-23 0.000E+00.06500.521  333.00000.60-.007000                                                            3514331216 4 2 2 1     0.0    0.0
111 6509.431700 5.404E-23 1.241E-01.10170.541  165.29450.69-.010000 1002 02 2 E"   0000 00 0 A2"  4  4 a E' A2"  4  3 a A2"A2' 3666531216 4 2 2 1    54.0   54.0
111 6509.514500 1.391E-23 0.000E+00.09630.524  592.60000.61-.010000                                                            3444331216 4 2 2 1     0.0    0.0
111 6509.551400 7.501E-24 0.000E+00.10180.541   86.70000.72-.010000                                                            3544331216 4 2 2 1     0.0    0.0
111 6509.998100 1.480E-23 0.000E+00.09460.510  239.40000.63-.009000                                                            3544331216 4 2 2 1     0.0    0.0
111 6510.006400 2.220E-22 0.000E+00.09460.510  239.40000.63-.009000                                                            4544331216 4 2 2 1     0.0    0.0
111 6510.024900 3.505E-22 9.777E-01.10660.664  205.29410.77-.010000 1002 02 2 E"   0000 00 0 A2"  4  4 a E' E"   5  5 a E" E'  4566531216 4 2 2 1    54.0   66.0
111 6510.095400 7.300E-22 0.000E+00.07630.328  401.60000.71-.008000                                                            4544331216 4 2 2 1     0.0    0.0
111 6510.224600 6.090E-22 3.300E+00.08900.435  383.18410.64-.008000 1010 10 1 E"   0000 00 0 A2"  5  2 a E' A2"  6  3 a A2"A2' 4566531216 4 2 2 1    66.0   78.0
111 6510.552300 9.962E-24 0.000E+00.07980.397  496.70000.66-.008000                                                            3544331216 4 2 2 1     0.0    0.0
111 6510.714800 4.275E-24 0.000E+00.06500.521  333.00000.60-.007000                                                            3414331216 4 2 2 1     0.0    0.0
111 6510.992600 7.300E-22 4.037E+00.09940.595  421.66490.79-.009000 1010 10 1 E'   0000 00 0 A1'  6  5 s E" A2"  7  6 s A2'A2' 4566531216 4 2 2 1    78.0   90.0
111 6511.509100 4.360E-23 0.000E+00.07980.397  496.70000.66-.008000                                                            3544331216 4 2 2 1     0.0    0.0
111 6511.522500 1.040E-23 0.000E+00.06500.521  333.00000.60-.007000                                                            3414331216 4 2 2 1     0.0    0.0
111 6511.835000 5.727E-24 0.000E+00.10110.573  140.20000.70-.010000                                                            3544331216 4 2 2 1     0.0    0.0
111 6512.076100 1.077E-23 0.000E+00.06500.521  333.00000.60-.007000                                                            3514331216 4 2 2 1     0.0    0.0
111 6512.110500 1.150E-23 0.000E+00.07370.238  298.30000.77-.007000                                                            3544331216 4 2 2 1     0.0    0.0
111 6512.258100 2.504E-23 0.000E+00.09850.585  374.20000.52-.010000                                                            3444331216 4 2 2 1     0.0    0.0
111 6512.318500 7.380E-24 0.000E+00.06500.521  333.00000.60-.007000                                                            3514331216 4 2 2 1     0.0    0.0
111 6512.428500 1.210E-23 0.000E+00.07550.375  758.40000.80-.008000                                                            3544331216 4 2 2 1     0.0    0.0
111 6512.525200 6.775E-23 2.056E-01.09570.486  263.72320.66-.009000 1002 02 2 E'   0000 00 0 A1'  5  4 s E' A2'  5  3 s A2"A2" 3566531216 4 2 2 1    66.0   66.0
111 6512.839800 8.026E-24 0.000E+00.06500.521  333.00000.60-.007000                                                            3514331216 4 2 2 1     0.0    0.0
111 6512.897800 8.026E-24 0.000E+00.06500.521  333.00000.60-.007000                                                            3514331216 4 2 2 1     0.0    0.0
111 6512.928900 5.082E-24 0.000E+00.10230.496   44.80000.74-.010000                                                            3544331216 4 2 2 1     0.0    0.0
111 6512.970700 6.009E-24 0.000E+00.06500.521  333.00000.60-.007000                                                            3514331216 4 2 2 1     0.0    0.0
111 6513.014700 6.453E-24 0.000E+00.06500.521  333.00000.60-.007000                                                            3514331216 4 2 2 1     0.0    0.0
111 6513.209000 2.815E-23 0.000E+00.08750.425  790.70000.61-.009000                                                            3544331216 4 2 2 1     0.0    0.0
111 6513.329900 1.371E-23 0.000E+00.09500.473  721.10000.61-.009000                                                            3544331216 4 2 2 1     0.0    0.0
111 6513.416900 5.566E-24 0.000E+00.06500.521  333.00000.60-.007000                                                            3514331216 4 2 2 1     0.0    0.0
111 6513.541300 6.816E-24 0.000E+00.06500.521  333.00000.60-.007000                                                            3514331216 4 2 2 1     0.0    0.0
111 6513.655700 3.198E-22 1.373E+00.08550.327  293.83660.62-.008000 1010 10 1 E"   0000 00 0 A2"  4  0 a A1'E"   5  1 a E" E'  4566531216 4 2 2 1    54.0   66.0
111 6513.723100 4.799E-24 0.000E+00.06500.521  333.00000.60-.007000                                                            3414331216 4 2 2 1     0.0    0.0
111 6513.772500 3.339E-22 1.429E+00.08550.327  293.17490.62-.008000 1010 10 1 E'   0000 00 0 A1'  4  0 s A1'E'   5  1 s E" E"  4566531216 4 2 2 1    54.0   66.0
111 6513.835200 1.371E-23 0.000E+00.06500.521  333.00000.60-.007000                                                            3514331216 4 2 2 1     0.0    0.0
111 6513.869400 9.841E-24 0.000E+00.06500.521  333.00000.60-.007000                                                            3414331216 4 2 2 1     0.0    0.0
111 6513.932400 7.259E-23 0.000E+00.09190.360  116.30000.71-.009000                                                            3544331216 4 2 2 1     0.0    0.0
111 6514.027200 6.937E-24 0.000E+00.06500.521  333.00000.60-.007000                                                            3514331216 4 2 2 1     0.0    0.0
111 6514.073000 3.517E-22 0.000E+00.08750.452  358.30000.63-.009000                                                            4544331216 4 2 2 1     0.0    0.0
111 6514.128800 1.621E-23 0.000E+00.09500.473  721.10000.61-.009000                                                            3444331216 4 2 2 1     0.0    0.0
111 6514.203600 2.855E-23 0.000E+00.09740.561  478.10000.61-.010000                                                            3544331216 4 2 2 1     0.0    0.0
111 6514.246900 3.368E-22 0.000E+00.08750.452  358.30000.63-.009000                                                            4544331216 4 2 2 1     0.0    0.0
111 6514.414100 1.625E-22 5.003E-01.10230.496  104.39040.71-.010000 1002 02 2 E"   0000 00 0 A2"  2  1 a E" E'   3  2 a E' E"  4566531216 4 2 2 1    30.0   42.0
111 6514.524500 6.251E-23 0.000E+00.07550.375  759.00000.80-.008000                                                            3544331216 4 2 2 1     0.0    0.0
111 6514.585300 8.000E-24 0.000E+00.06500.521  333.00000.60-.007000                                                            3514331216 4 2 2 1     0.0    0.0
111 6514.628600 1.000E-22 3.068E-01.10230.496  103.62870.71-.010000 1002 02 2 E'   0000 00 0 A1'  2  1 s E" E"   3  2 s E' E'  4566531216 4 2 2 1    30.0   42.0
111 6514.743400 1.125E-23 0.000E+00.06500.521  333.00000.60-.007000                                                            3514331216 4 2 2 1     0.0    0.0
111 6514.864500 2.260E-23 2.220E-01.07630.328  539.62830.63-.007000 0012 12 1 E"   0000 00 0 A2"  6  3 a A1"E'   7  2 a E' E"  3466531216 4 2 2 1    78.0   90.0
111 6514.962400 5.080E-24 0.000E+00.06500.521  333.00000.60-.007000                                                            1414331216 4 2 2 1     0.0    0.0
111 6514.981700 6.000E-23 1.828E-01.09570.486  264.43320.66-.009000 1002 02 2 E"   0000 00 0 A2"  5  4 a E' A2"  5  3 a A2"A2' 3566531216 4 2 2 1    66.0   66.0
111 6515.616600 9.679E-24 0.000E+00.09340.521  325.10000.60-.009000                                                            3544331216 4 2 2 1     0.0    0.0
111 6515.703600 2.496E-23 1.143E-01.08900.435  382.52500.64-.008000 1002 02 2 E'   0000 00 0 A1'  6  4 s E' A2'  6  3 s A2"A2" 3566531216 4 2 2 1    78.0   78.0
111 6515.747200 4.557E-23 0.000E+00.09340.521  324.40000.60-.009000                                                            3544331216 4 2 2 1     0.0    0.0
111 6515.868100 2.835E-22 1.358E+00.09460.510  357.49110.72-.009000 1010 10 1 E"   0000 00 0 A2"  5  3 a A2"E'   6  4 a E' E"  4566531216 4 2 2 1    66.0   78.0
111 6515.961900 2.190E-23 2.146E-01.07630.328  539.05150.63-.007000 0012 12 1 E'   0000 00 0 A1'  6  3 s A1"E"   7  2 s E' E'  3466531216 4 2 2 1    78.0   90.0
111 6515.978100 5.848E-24 0.000E+00.06500.521  333.00000.60-.007000                                                            3514331216 4 2 2 1     0.0    0.0
111 6516.054700 4.920E-24 0.000E+00.06500.521  333.00000.60-.007000                                                            3414331216 4 2 2 1     0.0    0.0
111 6516.201400 4.638E-24 0.000E+00.06500.521  333.00000.60-.007000                                                            3414331216 4 2 2 1     0.0    0.0
111 6516.286200 2.476E-25 0.000E+00.06500.521  333.00000.60-.007000                                                            3414331216 4 2 2 1     0.0    0.0
111 6516.416800 2.154E-25 0.000E+00.06500.521  333.00000.60-.007000                                                            3414331216 4 2 2 1     0.0    0.0
111 6516.472000 3.850E-23 0.000E+00.06500.521  333.00000.60-.007000                                                            1414331216 4 2 2 1     0.0    0.0
111 6516.492200 1.500E-22 0.000E+00.09340.521  325.10000.60-.009000                                                            4544331216 4 2 2 1     0.0    0.0
111 6516.506600 3.283E-22 8.530E-01.10700.639  138.56470.76-.010000 1002 02 2 E'   0000 00 0 A1'  3  3 s A1"E"   4  4 s E' E'  4566531216 4 2 2 1    42.0   54.0
111 6516.560800 6.493E-24 0.000E+00.06500.521  333.00000.60-.007000                                                            3514331216 4 2 2 1     0.0    0.0
111 6516.619200 4.840E-24 0.000E+00.06500.521  333.00000.60-.007000                                                            3414331216 4 2 2 1     0.0    0.0
111 6516.737400 1.206E-23 5.541E-02.08900.435  383.18410.64-.008000 1002 02 2 E"   0000 00 0 A2"  6  4 a E' A2"  6  3 a A2"A2' 3466531216 4 2 2 1    78.0   78.0
111 6516.851700 1.089E-23 0.000E+00.06500.521  333.00000.60-.007000                                                            3414331216 4 2 2 1     0.0    0.0
111 6516.936500 9.400E-23 0.000E+00.09950.595  284.40000.64-.010000                                                            3544331216 4 2 2 1     0.0    0.0
111 6516.970300 2.370E-22 8.095E-01.09190.360  194.81790.67-.009000 1010 10 1 E"   0000 00 0 A2"  3  2 a E' E"   4  1 a E" E'  4566531216 4 2 2 1    42.0   54.0
111 6516.977700 3.150E-22 8.217E-01.10700.639  139.36990.76-.010000 1002 02 2 E"   0000 00 0 A2"  3  3 a A1"E'   4  4 a E' E"  4566531216 4 2 2 1    42.0   54.0
111 6517.019500 1.800E-22 6.127E-01.09190.360  194.11290.67-.009000 1010 10 1 E'   0000 00 0 A1'  3  2 s E' E'   4  1 s E" E"  4566531216 4 2 2 1    42.0   54.0
111 6517.215300 1.194E-23 0.000E+00.06500.521  333.00000.60-.007000                                                            3514331216 4 2 2 1     0.0    0.0
111 6517.342700 1.036E-23 0.000E+00.08580.455  463.00000.65-.009000                                                            3544331216 4 2 2 1     0.0    0.0
111 6517.373500 1.621E-23 0.000E+00.07080.298 1069.80000.61-.007000                                                            3544331216 4 2 2 1     0.0    0.0
111 6517.427700 1.089E-23 0.000E+00.08580.455  463.00000.65-.009000                                                            3544331216 4 2 2 1     0.0    0.0
111 6517.488100 8.792E-24 0.000E+00.06500.521  333.00000.60-.007000                                                            3514331216 4 2 2 1     0.0    0.0
111 6517.579900 1.295E-23 0.000E+00.10030.591  206.10000.64-.010000                                                            3544331216 4 2 2 1     0.0    0.0
111 6517.617500 7.945E-24 0.000E+00.06500.521  333.00000.60-.007000                                                            3514331216 4 2 2 1     0.0    0.0
111 6517.653000 4.073E-24 0.000E+00.06500.521  333.00000.60-.007000                                                            3414331216 4 2 2 1     0.0    0.0
111 6517.732400 4.477E-22 2.139E+00.09460.510  356.79080.72-.009000 1010 10 1 E'   0000 00 0 A1'  5  3 s A2"E"   6  4 s E' E'  4566531216 4 2 2 1    66.0   78.0
111 6517.817900 6.896E-24 0.000E+00.07370.238  298.30000.77-.007000                                                            3544331216 4 2 2 1     0.0    0.0
111 6517.867000 5.808E-24 0.000E+00.06500.521  333.00000.60-.007000                                                            3514331216 4 2 2 1     0.0    0.0
111 6517.914600 1.795E-23 0.000E+00.09060.238 1177.30000.61-.009000                                                            3444331216 4 2 2 1     0.0    0.0
111 6517.957200 4.598E-24 0.000E+00.06500.521  333.00000.60-.007000                                                            3414331216 4 2 2 1     0.0    0.0
111 6518.040300 7.703E-24 0.000E+00.06500.521  333.00000.60-.007000                                                            3514331216 4 2 2 1     0.0    0.0
111 6518.132900 1.004E-23 0.000E+00.09850.585  375.10000.52-.010000                                                            3544331216 4 2 2 1     0.0    0.0
111 6518.251100 1.569E-23 0.000E+00.07980.397  496.70000.66-.008000                                                            3444331216 4 2 2 1     0.0    0.0
111 6518.336500 4.436E-24 0.000E+00.06500.521  333.00000.60-.007000                                                            3414331216 4 2 2 1     0.0    0.0
111 6518.393500 1.662E-23 0.000E+00.08910.435  264.50000.66-.009000                                                            3544331216 4 2 2 1     0.0    0.0
111 6518.595600 7.259E-24 0.000E+00.06500.521  333.00000.60-.007000                                                            3514331216 4 2 2 1     0.0    0.0
111 6518.706900 5.485E-24 0.000E+00.06500.521  333.00000.60-.007000                                                            3514331216 4 2 2 1     0.0    0.0
111 6518.740100 7.300E-24 0.000E+00.06500.521  333.00000.60-.007000                                                            3514331216 4 2 2 1     0.0    0.0
111 6518.921000 6.654E-24 0.000E+00.09670.448  104.40000.73-.010000                                                            3544331216 4 2 2 1     0.0    0.0
111 6519.047300 9.236E-23 0.000E+00.07980.397  496.00000.66-.008000                                                            3544331216 4 2 2 1     0.0    0.0
111 6519.081300 4.598E-24 0.000E+00.09670.448  104.40000.73-.010000                                                            3444331216 4 2 2 1     0.0    0.0
111 6519.169200 3.279E-23 0.000E+00.08750.425  790.70000.61-.009000                                                            3544331216 4 2 2 1     0.0    0.0
111 6519.192600 2.335E-23 0.000E+00.09340.521  325.10000.60-.009000                                                            3444331216 4 2 2 1     0.0    0.0
111 6519.220100 1.710E-23 0.000E+00.08180.388  383.30000.64-.008000                                                            3544331216 4 2 2 1     0.0    0.0
111 6519.370800 6.170E-23 0.000E+00.09460.510  239.40000.63-.009000                                                            3544331216 4 2 2 1     0.0    0.0
111 6519.512600 1.996E-23 0.000E+00.08560.327  195.60000.69-.009000                                                            3544331216 4 2 2 1     0.0    0.0
111 6519.702200 2.500E-23 0.000E+00.07980.397  496.00000.66-.008000                                                            3444331216 4 2 2 1     0.0    0.0
111 6519.761900 1.678E-23 0.000E+00.06500.521  333.00000.60-.007000                                                            3514331216 4 2 2 1     0.0    0.0
111 6519.926700 9.000E-24 0.000E+00.06500.521  333.00000.60-.007000                                                            3414331216 4 2 2 1     0.0    0.0
111 6519.970200 8.227E-24 0.000E+00.06500.521  333.00000.60-.007000                                                            3414331216 4 2 2 1     0.0    0.0
111 6520.050400 1.561E-23 0.000E+00.05770.215  554.90000.83-.006000                                                            3544331216 4 2 2 1     0.0    0.0
111 6520.471400 1.129E-23 0.000E+00.07400.345  521.60000.72-.007000                                                            3444331216 4 2 2 1     0.0    0.0
111 6520.520700 2.371E-23 0.000E+00.09340.521  325.10000.60-.009000                                                            3444331216 4 2 2 1     0.0    0.0
111 6520.635100 1.464E-23 0.000E+00.06500.521  333.00000.60-.007000                                                            3514331216 4 2 2 1     0.0    0.0
111 6520.658300 1.484E-23 0.000E+00.06500.521  333.00000.60-.007000                                                            3514331216 4 2 2 1     0.0    0.0
111 6520.683900 5.525E-24 0.000E+00.10230.496   44.80000.74-.010000                                                            3544331216 4 2 2 1     0.0    0.0
111 6520.821700 1.359E-23 0.000E+00.08580.455  463.00000.65-.009000                                                            3444331216 4 2 2 1     0.0    0.0
111 6521.007000 3.230E-23 0.000E+00.07370.238  298.30000.77-.007000                                                            3644331216 4 2 2 1     0.0    0.0
111 6521.031900 3.222E-23 0.000E+00.09340.521  325.10000.60-.009000                                                            3544331216 4 2 2 1     0.0    0.0
111 6521.059300 7.864E-23 3.183E-01.10280.437   55.14530.72-.010000 1002 02 2 E'   0000 00 0 A1'  1  0 s A2'E'   2  1 s E" E"  3566531216 4 2 2 1    18.0   30.0
111 6521.154300 8.429E-24 0.000E+00.06500.521  333.00000.60-.007000                                                            3414331216 4 2 2 1     0.0    0.0
111 6521.216700 1.496E-23 0.000E+00.09850.585  375.10000.52-.010000                                                            3544331216 4 2 2 1     0.0    0.0
111 6521.260900 6.090E-23 0.000E+00.06500.521  333.00000.60-.007000                                                            3514331216 4 2 2 1     0.0    0.0
111 6521.353100 1.662E-23 0.000E+00.07370.238  298.30000.77-.007000                                                            3544331216 4 2 2 1     0.0    0.0
111 6521.495000 1.875E-23 0.000E+00.06500.521  333.00000.60-.007000                                                            3414331216 4 2 2 1     0.0    0.0
111 6521.518300 7.461E-23 3.031E-01.10280.437   55.91580.72-.010000 1002 02 2 E"   0000 00 0 A2"  1  0 a A2'E"   2  1 a E" E'  3666531216 4 2 2 1    18.0   30.0
111 6521.715200 7.703E-24 0.000E+00.06500.521  333.00000.60-.007000                                                            3414331216 4 2 2 1     0.0    0.0
111 6521.795000 3.827E-23 1.179E+00.09740.500  852.41810.95-.008000 0012 12 1 E'   0000 00 0 A1'  9  7 s E" E"  10  8 s E' E'  3544231216 6 2 1 1   114.0  126.0
111 6521.877700 5.888E-23 0.000E+00.10110.573  139.40000.70-.010000                                                            3544331216 4 2 2 1     0.0    0.0
111 6521.971100 4.396E-22 1.788E+00.09050.404  282.14380.66-.008000 1010 10 1 E'   0000 00 0 A1'  4  1 s E" E"   5  2 s E' E'  4566531216 4 2 2 1    54.0   66.0
111 6522.023400 4.880E-24 0.000E+00.10180.541   86.70000.72-.010000                                                            3444331216 4 2 2 1     0.0    0.0
111 6522.188600 1.879E-23 0.000E+00.09460.510  239.40000.63-.009000                                                            3444331216 4 2 2 1     0.0    0.0
111 6522.233700 3.803E-22 1.552E+00.09050.404  282.82330.66-.008000 1010 10 1 E"   0000 00 0 A2"  4  1 a E" E'   5  2 a E' E"  4566531216 4 2 2 1    54.0   66.0
111 6522.360500 1.968E-23 0.000E+00.09050.404  184.60000.71-.009000                                                            3544331216 4 2 2 1     0.0    0.0
111 6522.476300 2.767E-23 0.000E+00.10320.364    0.00000.70-.010000                                                            3444331216 4 2 2 1     0.0    0.0
111 6522.490400 8.640E-23 0.000E+00.05770.215  554.90000.83-.006000                                                            3544331216 4 2 2 1     0.0    0.0
111 6522.774100 6.453E-24 0.000E+00.06500.521  333.00000.60-.007000                                                            3514331216 4 2 2 1     0.0    0.0
111 6522.959700 7.219E-24 0.000E+00.06500.521  333.00000.60-.007000                                                            3414331216 4 2 2 1     0.0    0.0
111 6523.029400 4.080E-23 8.996E-02.10230.496  104.39040.71-.010000 1002 02 2 E"   0000 00 0 A2"  3  3 a A2"E'   3  2 a E' E"  3566531216 4 2 2 1    42.0   42.0
111 6523.042800 4.040E-23 0.000E+00.09670.448  104.40000.73-.010000                                                            3544331216 4 2 2 1     0.0    0.0
111 6523.208400 6.130E-22 2.505E+00.10030.591  324.33390.71-.009000 1010 10 1 E"   0000 00 0 A2"  5  4 a E' E"   6  5 a E" E'  4566531216 4 2 2 1    66.0   78.0
111 6523.309600 4.114E-22 0.000E+00.10030.591  206.10000.64-.010000                                                            4544331216 4 2 2 1     0.0    0.0
111 6523.476200 5.283E-23 0.000E+00.10110.573  140.20000.70-.010000                                                            3544331216 4 2 2 1     0.0    0.0
111 6523.554800 1.710E-23 0.000E+00.06500.521  333.00000.60-.007000                                                            3414331216 4 2 2 1     0.0    0.0
111 6523.606700 9.679E-24 0.000E+00.08580.455  463.00000.65-.009000                                                            3544331216 4 2 2 1     0.0    0.0
111 6523.693000 1.073E-22 0.000E+00.08580.455  463.00000.65-.009000                                                            4544331216 4 2 2 1     0.0    0.0
111 6523.830400 4.880E-24 0.000E+00.06500.521  333.00000.60-.007000                                                            3414331216 4 2 2 1     0.0    0.0
111 6523.948600 6.170E-22 2.513E+00.10030.591  323.57560.71-.009000 1010 10 1 E'   0000 00 0 A1'  5  4 s E' E'   6  5 s E" E"  4566531216 4 2 2 1    66.0   78.0
111 6523.968200 1.202E-22 0.000E+00.09460.510  239.40000.63-.009000                                                            4544331216 4 2 2 1     0.0    0.0
111 6524.021200 2.630E-22 0.000E+00.07980.397  496.00000.66-.008000                                                            4544331216 4 2 2 1     0.0    0.0
111 6524.233800 1.323E-23 0.000E+00.06500.521  333.00000.60-.007000                                                            3514331216 4 2 2 1     0.0    0.0
111 6524.305900 1.589E-23 1.651E-01.07100.274  550.52700.51-.006000 0012 12 1 E"   0000 00 0 A2"  6  2 a E' E"   7  1 a E" E'  3566531216 4 2 2 1    78.0   90.0
111 6524.361300 1.000E-22 0.000E+00.07400.345  521.60000.72-.007000                                                            4544331216 4 2 2 1     0.0    0.0
111 6524.399100 1.500E-23 0.000E+00.08370.364  282.90000.67-.008000                                                            3544331216 4 2 2 1     0.0    0.0
111 6524.499400 1.432E-23 0.000E+00.06500.521  333.00000.60-.007000                                                            3514331216 4 2 2 1     0.0    0.0
111 6524.532300 4.678E-24 0.000E+00.09850.331   19.90000.73-.010000                                                            3444331216 4 2 2 1     0.0    0.0
111 6524.769800 3.351E-23 0.000E+00.04970.231 1210.10000.79-.005000                                                            3644331216 4 2 2 1     0.0    0.0
111 6524.822200 5.888E-24 0.000E+00.06500.521  333.00000.60-.007000                                                            3514331216 4 2 2 1     0.0    0.0
111 6524.838400 1.488E-23 0.000E+00.08750.425  790.70000.61-.009000                                                            3444331216 4 2 2 1     0.0    0.0
111 6524.890900 4.517E-23 2.459E-01.08900.435  383.18410.64-.008000 0012 12 1 E"   0000 00 0 A2"  5  4 a E' A2"  6  3 a A2"A2' 3566531216 4 2 2 1    66.0   78.0
111 6524.937300 4.500E-23 0.000E+00.06500.521  333.00000.60-.007000                                                            1414331216 4 2 2 1     0.0    0.0
111 6524.955300 7.420E-22 2.086E+00.10720.600   85.06820.73-.010000 1002 02 2 E'   0000 00 0 A1'  2  2 s E' A2'  3  3 s A2"A2" 4566531216 4 2 2 1    30.0   42.0
111 6525.052600 2.363E-23 2.448E-01.07100.274  549.96530.51-.006000 0012 12 1 E'   0000 00 0 A1'  6  2 s E' E'   7  1 s E" E"  3566531216 4 2 2 1    78.0   90.0
111 6525.122300 7.421E-22 1.293E+00.08720.277  198.50050.67-.008000 1010 10 1 E"   0000 00 0 A2"  3  1 a E" A2'  4  0 a A1'A2" 4566531216 4 2 2 1    84.0  108.0
111 6525.177700 4.000E-24 0.000E+00.06500.521  333.00000.60-.007000                                                            3414331216 4 2 2 1     0.0    0.0
111 6525.228500 1.600E-23 0.000E+00.09630.524  592.60000.61-.010000                                                            3544331216 4 2 2 1     0.0    0.0
111 6525.294400 8.560E-24 0.000E+00.06500.521  333.00000.60-.007000                                                            3414331216 4 2 2 1     0.0    0.0
111 6525.353400 2.980E-23 0.000E+00.08750.425  790.70000.61-.009000                                                            3444331216 4 2 2 1     0.0    0.0
111 6525.372900 3.450E-22 0.000E+00.09050.404  183.80000.71-.009000                                                            4544331216 4 2 2 1     0.0    0.0
111 6525.382800 3.840E-22 1.084E+00.10720.600   85.86440.73-.010000 1002 02 2 E"   0000 00 0 A2"  2  2 a E' A2"  3  3 a A2"A2' 4566531216 4 2 2 1    30.0   42.0
111 6525.598300 6.493E-24 0.000E+00.06500.521  333.00000.60-.007000                                                            3514331216 4 2 2 1     0.0    0.0
111 6525.812500 6.090E-23 3.305E-01.08900.435  382.52500.64-.008000 0012 12 1 E'   0000 00 0 A1'  5  4 s E' A2'  6  3 s A2"A2" 3566531216 4 2 2 1    66.0   78.0
111 6525.898900 8.711E-24 0.000E+00.09850.585  374.20000.52-.010000                                                            3444331216 4 2 2 1     0.0    0.0
111 6525.944200 9.518E-24 0.000E+00.06500.521  333.00000.60-.007000                                                            3514331216 4 2 2 1     0.0    0.0
111 6526.062600 8.389E-23 0.000E+00.04300.219 1242.10000.81-.004000                                                            3544331216 4 2 2 1     0.0    0.0
111 6526.124000 5.445E-24 0.000E+00.06500.521  333.00000.60-.007000                                                            3514331216 4 2 2 1     0.0    0.0
111 6526.397200 2.609E-23 0.000E+00.08400.295 1098.30000.61-.008000                                                            3544331216 4 2 2 1     0.0    0.0
111 6526.466000 4.477E-24 0.000E+00.06500.521  333.00000.60-.007000                                                            3414331216 4 2 2 1     0.0    0.0
111 6526.498700 1.339E-23 0.000E+00.09460.510  238.70000.63-.009000                                                            3444331216 4 2 2 1     0.0    0.0
111 6526.666300 5.001E-24 0.000E+00.06500.521  333.00000.60-.007000                                                            3514331216 4 2 2 1     0.0    0.0
111 6526.695900 4.638E-24 0.000E+00.06500.521  333.00000.60-.007000                                                            3414331216 4 2 2 1     0.0    0.0
111 6526.741600 2.408E-23 0.000E+00.04970.231 1210.10000.79-.005000                                                            3544331216 4 2 2 1     0.0    0.0
111 6526.796800 7.340E-23 0.000E+00.04690.239 1052.50000.88-.005000                                                            3544331216 4 2 2 1     0.0    0.0
111 6526.934300 1.157E-23 0.000E+00.09850.585  375.10000.52-.010000                                                            3444331216 4 2 2 1     0.0    0.0
111 6527.002900 1.440E-23 0.000E+00.09460.510  238.70000.63-.009000                                                            3544331216 4 2 2 1     0.0    0.0
111 6527.142300 2.234E-23 0.000E+00.06830.297  539.80000.78-.007000                                                            3444331216 4 2 2 1     0.0    0.0
111 6527.322600 9.357E-24 0.000E+00.06500.521  333.00000.60-.007000                                                            3514331216 4 2 2 1     0.0    0.0
111 6527.625900 6.493E-24 0.000E+00.06500.521  333.00000.60-.007000                                                            3514331216 4 2 2 1     0.0    0.0
111 6527.766300 4.638E-24 0.000E+00.06500.521  333.00000.60-.007000                                                            3414331216 4 2 2 1     0.0    0.0
111 6527.852300 4.517E-24 0.000E+00.06500.521  333.00000.60-.007000                                                            3414331216 4 2 2 1     0.0    0.0
111 6527.872100 2.444E-23 0.000E+00.08080.255  199.30000.75-.008000                                                            3444331216 4 2 2 1     0.0    0.0
111 6527.924300 8.106E-24 0.000E+00.08750.452  357.60000.63-.009000                                                            3544331216 4 2 2 1     0.0    0.0
111 6528.024900 4.275E-24 0.000E+00.06500.521  333.00000.60-.007000                                                            3414331216 4 2 2 1     0.0    0.0
111 6528.058800 1.073E-23 0.000E+00.07400.345  521.60000.72-.007000                                                            3444331216 4 2 2 1     0.0    0.0
111 6528.235700 6.896E-24 0.000E+00.06500.521  333.00000.60-.007000                                                            3514331216 4 2 2 1     0.0    0.0
111 6528.487700 6.735E-24 0.000E+00.09950.595  284.40000.64-.010000                                                            3544331216 4 2 2 1     0.0    0.0
111 6528.768500 1.174E-21 4.391E+00.09570.486  264.43320.66-.009000 1010 10 1 E"   0000 00 0 A2"  4  2 a E' A2"  5  3 a A2"A2' 4566531216 4 2 2 1    54.0   66.0
111 6528.773200 1.174E-21 4.391E+00.09570.486  264.43320.66-.009000 1010 10 1 E"   0000 00 0 A2"  4  2 a E' A2"  5  3 a A2"A2' 4566531216 4 2 2 1    54.0   66.0
111 6528.899800 1.350E-21 0.000E+00.07370.238  298.30000.77-.007000                                                            4544331216 4 2 2 1     0.0    0.0
111 6529.190100 1.230E-21 4.585E+00.09570.486  263.72320.66-.009000 1010 10 1 E'   0000 00 0 A1'  4  2 s E' A2'  5  3 s A2"A2" 4566531216 4 2 2 1    54.0   66.0
111 6529.213100 1.947E-23 0.000E+00.09950.595  284.40000.64-.010000                                                            3544331216 4 2 2 1     0.0    0.0
111 6530.183000 1.500E-23 0.000E+00.09670.448  104.40000.73-.010000                                                            3544331216 4 2 2 1     0.0    0.0
111 6530.600900 9.500E-24 0.000E+00.09460.510  239.40000.63-.009000                                                            3544331216 4 2 2 1     0.0    0.0
111 6530.705000 1.327E-23 0.000E+00.06500.521  333.00000.60-.007000                                                            3414331216 4 2 2 1     0.0    0.0
111 6530.722100 1.766E-23 0.000E+00.09460.510  238.70000.63-.009000                                                            3544331216 4 2 2 1     0.0    0.0
111 6530.758100 1.936E-23 0.000E+00.06500.521  333.00000.60-.007000                                                            3414331216 4 2 2 1     0.0    0.0
111 6530.861600 4.557E-24 0.000E+00.10180.541   86.70000.72-.010000                                                            3444331216 4 2 2 1     0.0    0.0
111 6530.898900 1.746E-23 0.000E+00.05770.215  554.90000.83-.006000                                                            3544331216 4 2 2 1     0.0    0.0
111 6531.054200 1.012E-23 0.000E+00.06500.521  333.00000.60-.007000                                                            3514331216 4 2 2 1     0.0    0.0
111 6531.098900 2.416E-23 0.000E+00.05650.249 1170.80000.80-.006000                                                            3444331216 4 2 2 1     0.0    0.0
111 6531.148900 5.520E-24 0.000E+00.06500.521  333.00000.60-.007000                                                            1414331216 4 2 2 1     0.0    0.0
111 6531.170300 3.570E-23 0.000E+00.08750.425  790.70000.61-.009000                                                            3544331216 4 2 2 1     0.0    0.0
111 6531.338400 1.117E-23 0.000E+00.06500.521  333.00000.60-.007000                                                            3514331216 4 2 2 1     0.0    0.0
111 6531.415400 6.816E-24 0.000E+00.06500.521  333.00000.60-.007000                                                            3514331216 4 2 2 1     0.0    0.0
111 6531.507300 1.101E-23 0.000E+00.06500.521  333.00000.60-.007000                                                            3514331216 4 2 2 1     0.0    0.0
111 6531.630700 4.154E-24 0.000E+00.06500.521  333.00000.60-.007000                                                            3414331216 4 2 2 1     0.0    0.0
111 6531.800500 4.235E-23 0.000E+00.04970.231 1210.10000.79-.005000                                                            3644331216 4 2 2 1     0.0    0.0
111 6531.919500 3.295E-23 0.000E+00.07980.397  496.00000.66-.008000                                                            3544331216 4 2 2 1     0.0    0.0
111 6531.964900 2.351E-23 0.000E+00.07550.375  759.00000.80-.008000                                                            3544331216 4 2 2 1     0.0    0.0
111 6532.075000 1.156E-23 0.000E+00.05650.249 1170.80000.80-.006000                                                            3444331216 4 2 2 1     0.0    0.0
111 6532.084000 9.288E-24 0.000E+00.05650.249 1170.80000.80-.006000                                                            3444331216 4 2 2 1     0.0    0.0
111 6532.205900 1.432E-23 0.000E+00.09850.585  374.20000.52-.010000                                                            3544331216 4 2 2 1     0.0    0.0
111 6532.249300 1.153E-23 0.000E+00.08580.455  463.00000.65-.009000                                                            3544331216 4 2 2 1     0.0    0.0
111 6532.349200 4.396E-24 0.000E+00.06500.521  333.00000.60-.007000                                                            3414331216 4 2 2 1     0.0    0.0
111 6532.612200 3.980E-23 1.056E+00.07770.500  798.14140.91-.007000 0012 12 1 E"   0000 00 0 A2"  8  4 a E' E"   9  5 a E" E'  3444231216 6 2 1 1   102.0  114.0
111 6532.640400 3.250E-23 0.000E+00.10030.591  206.10000.64-.010000                                                            3544331216 4 2 2 1     0.0    0.0
111 6532.674700 5.960E-24 0.000E+00.06500.521  333.00000.60-.007000                                                            3514331216 4 2 2 1     0.0    0.0
111 6532.738600 1.694E-22 6.518E-01.10730.548   44.00260.71-.010000 1002 02 2 E'   0000 00 0 A1'  1  1 s E" E"   2  2 s E' E'  4566531216 4 2 2 1    18.0   30.0
111 6532.835400 1.976E-23 0.000E+00.09460.510  239.40000.63-.009000                                                            3544331216 4 2 2 1     0.0    0.0
111 6532.930700 5.243E-24 0.000E+00.06500.521  333.00000.60-.007000                                                            3514331216 4 2 2 1     0.0    0.0
111 6532.966100 1.726E-23 0.000E+00.06500.521  333.00000.60-.007000                                                            3514331216 4 2 2 1     0.0    0.0
111 6533.026700 4.073E-24 0.000E+00.06500.521  333.00000.60-.007000                                                            3414331216 4 2 2 1     0.0    0.0
111 6533.072400 8.308E-24 0.000E+00.08080.255  199.30000.75-.008000                                                            3544331216 4 2 2 1     0.0    0.0
111 6533.295700 5.041E-24 0.000E+00.06500.521  333.00000.60-.007000                                                            3514331216 4 2 2 1     0.0    0.0
111 6533.344600 1.904E-22 7.355E-01.10730.548   44.79390.71-.010000 1002 02 2 E"   0000 00 0 A2"  1  1 a E" E'   2  2 a E' E"  4566531216 4 2 2 1    18.0   30.0
111 6533.386100 4.396E-22 1.509E+00.09190.360  194.81790.67-.009000 1010 10 1 E"   0000 00 0 A2"  3  0 a A2'E"   4  1 a E" E'  4566531216 4 2 2 1    42.0   54.0
111 6533.433100 1.839E-23 0.000E+00.09190.360  115.50000.71-.009000                                                            3544331216 4 2 2 1     0.0    0.0
111 6533.461500 4.436E-22 1.518E+00.09190.360  194.11290.67-.009000 1010 10 1 E'   0000 00 0 A1'  3  0 s A2'E'   4  1 s E" E"  4566531216 4 2 2 1    42.0   54.0
111 6533.596800 5.203E-24 0.000E+00.06500.521  333.00000.60-.007000                                                            3514331216 4 2 2 1     0.0    0.0
111 6533.720100 5.404E-24 0.000E+00.06500.521  333.00000.60-.007000                                                            3514331216 4 2 2 1     0.0    0.0
111 6533.813800 3.718E-23 0.000E+00.08750.452  357.60000.63-.009000                                                            3644331216 4 2 2 1     0.0    0.0
111 6533.872800 3.400E-23 0.000E+00.08400.295 1097.40000.61-.008000                                                            3544331216 4 2 2 1     0.0    0.0
111 6534.039000 1.710E-23 0.000E+00.07400.345  522.20000.72-.007000                                                            3544331216 4 2 2 1     0.0    0.0
111 6534.122000 2.932E-23 0.000E+00.09500.473  721.10000.61-.009000                                                            3544331216 4 2 2 1     0.0    0.0
111 6534.176700 3.182E-23 1.899E-01.08370.364  401.48440.62-.008000 0012 12 1 E"   0000 00 0 A2"  5  3 a A1"E'   6  2 a E' E"  3466531216 4 2 2 1    66.0   78.0
111 6534.205900 1.379E-23 0.000E+00.07980.397  496.70000.66-.008000                                                            3544331216 4 2 2 1     0.0    0.0
111 6534.256000 3.751E-23 0.000E+00.08750.425  790.70000.61-.009000                                                            3544331216 4 2 2 1     0.0    0.0
111 6534.552300 4.436E-22 0.000E+00.08910.435  264.50000.66-.009000                                                            4544331216 4 2 2 1     0.0    0.0
111 6534.617900 8.550E-23 5.087E-01.08370.364  400.85450.62-.008000 0012 12 1 E'   0000 00 0 A1'  5  3 s A1"E"   6  2 s E' E'  3566531216 4 2 2 1    66.0   78.0
111 6534.662300 1.428E-22 7.552E-01.06590.224  553.59980.45-.006000 0012 12 1 E'   0000 00 0 A1'  6  1 s E" A2"  7  0 s A2'A2' 4566231216 4 2 1 1   156.0  180.0
111 6534.937600 3.190E-23 0.000E+00.02920.211 1084.60000.91-.003000                                                            3544331216 4 2 2 1     0.0    0.0
111 6535.187800 5.162E-23 1.206E-01.09760.396  115.48490.73-.009000 1002 02 2 E"   0000 00 0 A2"  3  2 a E' E"   3  1 a E" E'  3566531216 4 2 2 1    42.0   42.0
111 6535.315200 5.687E-23 1.387E-01.10280.437   55.14530.72-.010000 1002 02 2 E'   0000 00 0 A1'  2  2 s E' E'   2  1 s E" E"  3566531216 4 2 2 1    30.0   30.0
111 6535.389300 1.468E-23 0.000E+00.09340.521  325.10000.60-.009000                                                            3444331216 4 2 2 1     0.0    0.0
111 6535.403300 2.085E-23 0.000E+00.09460.510  239.40000.63-.009000                                                            3444331216 4 2 2 1     0.0    0.0
111 6535.591200 7.138E-24 0.000E+00.06500.521  333.00000.60-.007000                                                            3514331216 4 2 2 1     0.0    0.0
111 6535.610200 4.759E-24 0.000E+00.06500.521  333.00000.60-.007000                                                            3414331216 4 2 2 1     0.0    0.0
111 6535.781500 6.856E-24 0.000E+00.06500.521  333.00000.60-.007000                                                            3514331216 4 2 2 1     0.0    0.0
111 6535.973900 7.219E-23 1.768E-01.10280.437   55.91580.72-.010000 1002 02 2 E"   0000 00 0 A2"  2  2 a E' E"   2  1 a E" E'  3566531216 4 2 2 1    30.0   30.0
111 6535.997700 4.598E-23 0.000E+00.09460.510  239.40000.63-.009000                                                            3544331216 4 2 2 1     0.0    0.0
111 6536.026900 3.343E-23 0.000E+00.09320.302   60.40000.71-.009000                                                            3644331216 4 2 2 1     0.0    0.0
111 6536.105000 1.621E-23 0.000E+00.08750.452  357.60000.63-.009000                                                            3544331216 4 2 2 1     0.0    0.0
111 6536.146500 1.036E-23 0.000E+00.08370.364  282.90000.67-.008000                                                            3544331216 4 2 2 1     0.0    0.0
111 6536.196700 7.582E-23 0.000E+00.10030.591  205.30000.64-.010000                                                            3544331216 4 2 2 1     0.0    0.0
111 6536.255300 9.155E-24 0.000E+00.06500.521  333.00000.60-.007000                                                            3414331216 4 2 2 1     0.0    0.0
111 6536.379100 8.469E-23 0.000E+00.07860.299  294.00000.72-.008000                                                            3544331216 4 2 2 1     0.0    0.0
111 6536.593000 8.469E-22 2.790E+00.10110.573  237.85930.73-.009000 1010 10 1 E'   0000 00 0 A1'  4  3 s A2"E"   5  4 s E' E'  4566531216 4 2 2 1    54.0   66.0
111 6536.630900 3.890E-24 0.000E+00.06500.521  333.00000.60-.007000                                                            1414331216 4 2 2 1     0.0    0.0
111 6536.714300 4.160E-23 0.000E+00.06500.521  333.00000.60-.007000                                                            3514331216 4 2 2 1     0.0    0.0
111 6536.750800 1.424E-22 4.642E-01.09760.396  114.74320.73-.009000 1010 10 1 E'   0000 00 0 A1'  2  2 s E' E'   3  1 s E" E"  4566531216 4 2 2 1    30.0   42.0
111 6536.844200 4.275E-24 0.000E+00.06500.521  333.00000.60-.007000                                                            3414331216 4 2 2 1     0.0    0.0
111 6536.875800 1.097E-22 3.589E-01.09760.396  115.48490.73-.009000 1010 10 1 E"   0000 00 0 A2"  2  2 a E' E"   3  1 a E" E'  4566531216 4 2 2 1    30.0   42.0
111 6537.021900 2.589E-23 0.000E+00.07980.397  496.70000.66-.008000                                                            3444331216 4 2 2 1     0.0    0.0
111 6537.102400 2.410E-23 0.000E+00.07370.238  298.30000.77-.007000                                                            3544331216 4 2 2 1     0.0    0.0
111 6537.116000 1.810E-23 0.000E+00.06500.521  333.00000.60-.007000                                                            1414331216 4 2 2 1     0.0    0.0
111 6537.146100 7.160E-24 0.000E+00.06500.521  333.00000.60-.007000                                                            3514331216 4 2 2 1     0.0    0.0
111 6537.255700 4.194E-24 0.000E+00.06500.521  333.00000.60-.007000                                                            3414331216 4 2 2 1     0.0    0.0
111 6537.397000 7.663E-24 0.000E+00.06500.521  333.00000.60-.007000                                                            3414331216 4 2 2 1     0.0    0.0
111 6537.463500 4.356E-24 0.000E+00.06500.521  333.00000.60-.007000                                                            3414331216 4 2 2 1     0.0    0.0
111 6537.489500 7.985E-23 1.860E-01.09760.396  114.74320.73-.009000 1002 02 2 E'   0000 00 0 A1'  3  2 s E' E'   3  1 s E" E"  3566531216 4 2 2 1    42.0   42.0
111 6537.680600 4.154E-22 1.374E+00.10110.573  238.61490.73-.009000 1010 10 1 E"   0000 00 0 A2"  4  3 a A2"E'   5  4 a E' E"  4566531216 4 2 2 1    54.0   66.0
111 6537.803700 9.962E-24 0.000E+00.08580.455  463.00000.65-.009000                                                            3544331216 4 2 2 1     0.0    0.0
111 6537.995600 3.146E-23 0.000E+00.09460.510  238.70000.63-.009000                                                            3644331216 4 2 2 1     0.0    0.0
111 6538.061900 3.206E-23 0.000E+00.09060.501  532.90000.72-.009000                                                            3644331216 4 2 2 1     0.0    0.0
111 6538.411000 8.308E-23 0.000E+00.04690.239 1052.50000.88-.005000                                                            3644331216 4 2 2 1     0.0    0.0
111 6538.505500 2.061E-23 0.000E+00.09060.501  532.90000.72-.009000                                                            3544331216 4 2 2 1     0.0    0.0
111 6538.541000 1.649E-22 0.000E+00.08180.388  384.00000.64-.008000                                                            4544331216 4 2 2 1     0.0    0.0
111 6538.583600 4.477E-23 0.000E+00.08750.452  357.60000.63-.009000                                                            3544331216 4 2 2 1     0.0    0.0
111 6538.710000 9.760E-24 0.000E+00.08750.452  358.30000.63-.009000                                                            3544331216 4 2 2 1     0.0    0.0
111 6538.813800 1.900E-23 0.000E+00.08410.444  580.80000.80-.008000                                                            3544331216 4 2 2 1     0.0    0.0
111 6538.836600 6.372E-24 0.000E+00.09460.510  238.70000.63-.009000                                                            3544331216 4 2 2 1     0.0    0.0
111 6538.856600 8.429E-23 0.000E+00.07550.375  758.40000.80-.008000                                                            3544331216 4 2 2 1     0.0    0.0
111 6538.916300 1.234E-23 0.000E+00.06500.521  333.00000.60-.007000                                                            3514331216 4 2 2 1     0.0    0.0
111 6539.217100 5.566E-24 0.000E+00.06500.521  333.00000.60-.007000                                                            3514331216 4 2 2 1     0.0    0.0
111 6539.362500 1.036E-23 0.000E+00.06500.521  333.00000.60-.007000                                                            3414331216 4 2 2 1     0.0    0.0
111 6539.405000 8.429E-24 0.000E+00.06500.521  333.00000.60-.007000                                                            3514331216 4 2 2 1     0.0    0.0
111 6539.527700 8.873E-23 0.000E+00.09340.521  325.10000.60-.009000                                                            3544331216 4 2 2 1     0.0    0.0
111 6539.586300 1.125E-23 0.000E+00.10110.573  139.40000.70-.010000                                                            3444331216 4 2 2 1     0.0    0.0
111 6539.659800 9.900E-24 0.000E+00.06500.521  333.00000.60-.007000                                                            3414331216 4 2 2 1     0.0    0.0
111 6539.973300 1.278E-23 0.000E+00.08560.327  195.60000.69-.009000                                                            3544331216 4 2 2 1     0.0    0.0
111 6540.115700 2.250E-23 0.000E+00.06500.521  333.00000.60-.007000                                                            3414331216 4 2 2 1     0.0    0.0
111 6540.143100 7.743E-23 2.065E-01.09190.360  194.11290.67-.009000 1002 02 2 E'   0000 00 0 A1'  4  2 s E' E'   4  1 s E" E"  3566531216 4 2 2 1    54.0   54.0
111 6540.248600 5.660E-23 5.698E-01.10730.481   15.37960.74-.010000 1002 02 2 E'   0000 00 0 A1'  0  0 s A1'E'   1  1 s E" E"  3566531216 4 2 2 1     6.0   18.0
111 6540.425100 3.259E-23 0.000E+00.08910.435  265.20000.66-.009000                                                            3544331216 4 2 2 1     0.0    0.0
111 6540.487100 1.827E-23 0.000E+00.10110.573  139.40000.70-.010000                                                            3444331216 4 2 2 1     0.0    0.0
111 6540.515100 1.311E-23 0.000E+00.06500.521  333.00000.60-.007000                                                            3514331216 4 2 2 1     0.0    0.0
111 6540.573700 1.718E-22 0.000E+00.08750.452  357.60000.63-.009000                                                            4544331216 4 2 2 1     0.0    0.0
111 6540.887000 7.582E-23 1.661E+00.08410.500  758.20900.82-.008000 0012 12 1 E"   0000 00 0 A2"  8  5 a E" A2'  9  6 a A1'A2" 3544231216 6 2 1 1   102.0  114.0
111 6540.967000 5.888E-23 5.951E-01.10730.481   16.17000.74-.010000 1002 02 2 E"   0000 00 0 A2"  0  0 a A1'E"   1  1 a E" E'  3566531216 4 2 2 1     6.0   18.0
111 6541.006400 2.291E-22 0.000E+00.08180.388  383.30000.64-.008000                                                            4544331216 4 2 2 1     0.0    0.0
111 6541.064200 2.755E-22 0.000E+00.08750.452  357.60000.63-.009000                                                            4544331216 4 2 2 1     0.0    0.0
111 6541.176200 1.810E-24 0.000E+00.06500.521  333.00000.60-.007000                                                            1414331216 4 2 2 1     0.0    0.0
111 6541.302700 1.569E-23 0.000E+00.06500.521  333.00000.60-.007000                                                            3414331216 4 2 2 1     0.0    0.0
111 6541.387300 6.370E-22 2.070E+00.09670.448  183.03570.70-.009000 1010 10 1 E'   0000 00 0 A1'  3  1 s E" E"   4  2 s E' E'  4566531216 4 2 2 1    42.0   54.0
111 6541.404500 6.370E-22 2.077E+00.09670.448  183.75960.70-.009000 1010 10 1 E"   0000 00 0 A2"  3  1 a E" E'   4  2 a E' E"  3566531216 4 2 2 1    42.0   54.0
111 6541.436300 5.040E-23 0.000E+00.08180.388  384.00000.64-.008000                                                            3544331216 4 2 2 1     0.0    0.0
111 6541.516700 1.811E-23 0.000E+00.07550.375  758.40000.80-.008000                                                            3544331216 4 2 2 1     0.0    0.0
111 6541.545800 9.639E-24 0.000E+00.06500.521  333.00000.60-.007000                                                            3514331216 4 2 2 1     0.0    0.0
111 6541.678700 1.581E-23 0.000E+00.08180.388  384.00000.64-.008000                                                            3544331216 4 2 2 1     0.0    0.0
111 6541.736000 2.976E-23 6.502E-01.08410.500  757.59190.82-.008000 0012 12 1 E'   0000 00 0 A1'  8  5 s E" A2"  9  6 s A2'A2' 3544231216 6 2 1 1   102.0  114.0
111 6542.038200 3.735E-23 0.000E+00.06350.271 1124.60000.72-.006000                                                            3444331216 4 2 2 1     0.0    0.0
111 6542.105400 2.740E-23 0.000E+00.08580.455  463.00000.65-.009000                                                            3444331216 4 2 2 1     0.0    0.0
111 6542.123900 6.000E-23 3.785E-01.07860.299  412.44440.58-.007000 0012 12 1 E"   0000 00 0 A2"  5  2 a E' E"   6  1 a E" E'  3566531216 4 2 2 1    66.0   78.0
111 6542.293500 4.000E-23 0.000E+00.09210.518  423.20000.54-.009000                                                            3544331216 4 2 2 1     0.0    0.0
111 6542.373700 6.160E-23 0.000E+00.07400.345  521.60000.72-.007000                                                            3544331216 4 2 2 1     0.0    0.0
111 6542.393500 9.250E-24 0.000E+00.07400.345  521.60000.72-.007000                                                            3544331216 4 2 2 1     0.0    0.0
111 6542.424400 9.650E-22 2.719E+00.10660.664  205.29410.77-.010000 1010 10 1 E"   0000 00 0 A2"  4  4 a E' E"   5  5 a E" E'  4566531216 4 2 2 1    54.0   66.0
111 6542.558200 1.960E-23 0.000E+00.07550.375  759.00000.80-.008000                                                            3444331216 4 2 2 1     0.0    0.0
111 6542.580700 3.783E-23 0.000E+00.09340.521  324.40000.60-.009000                                                            3444331216 4 2 2 1     0.0    0.0
111 6542.623700 1.008E-21 2.829E+00.10660.664  204.47580.77-.010000 1010 10 1 E'   0000 00 0 A1'  4  4 s E' E'   5  5 s E" E"  4566531216 4 2 2 1    54.0   66.0
111 6542.848900 2.214E-23 1.393E-01.07860.299  411.83100.58-.007000 0012 12 1 E'   0000 00 0 A1'  5  2 s E' E'   6  1 s E" E"  3466531216 4 2 2 1    66.0   78.0
111 6543.016400 6.453E-23 0.000E+00.09500.473  721.10000.61-.009000                                                            3544331216 4 2 2 1     0.0    0.0
111 6543.062400 6.291E-24 0.000E+00.06500.521  333.00000.60-.007000                                                            3514331216 4 2 2 1     0.0    0.0
111 6543.097300 1.924E-23 0.000E+00.06350.271 1124.60000.72-.006000                                                            3544331216 4 2 2 1     0.0    0.0
111 6543.132200 2.263E-23 0.000E+00.06290.253  550.80000.77-.006000                                                            3444331216 4 2 2 1     0.0    0.0
111 6543.208500 3.726E-23 5.554E-01.07980.397  653.07720.79-.007000 0012 12 1 E'   0000 00 0 A1'  7  3 s A2"E"   8  4 s E' E'  3466431216 4 2 2 1    90.0  102.0
111 6543.390000 6.130E-24 0.000E+00.06500.521  333.00000.60-.007000                                                            3514331216 4 2 2 1     0.0    0.0
111 6543.483000 1.073E-23 0.000E+00.08750.452  357.60000.63-.009000                                                            3544331216 4 2 2 1     0.0    0.0
111 6543.524200 8.147E-24 0.000E+00.06500.521  333.00000.60-.007000                                                            3514331216 4 2 2 1     0.0    0.0
111 6543.550100 4.436E-24 0.000E+00.06500.521  333.00000.60-.007000                                                            3414331216 4 2 2 1     0.0    0.0
111 6543.638900 1.100E-23 0.000E+00.06500.521  333.00000.60-.007000                                                            3414331216 4 2 2 1     0.0    0.0
111 6543.670000 4.400E-24 0.000E+00.09500.473  721.10000.61-.009000                                                            3444331216 4 2 2 1     0.0    0.0
111 6543.791800 5.525E-24 0.000E+00.06500.521  333.00000.60-.007000                                                            3514331216 4 2 2 1     0.0    0.0
111 6543.841300 2.200E-22 0.000E+00.07550.375  758.40000.80-.008000                                                            4544331216 4 2 2 1     0.0    0.0
111 6543.873700 6.614E-23 1.027E+00.09060.500  710.06310.94-.008000 1010 10 1 E'   0000 00 0 A1'  9  8 s E' E'   9  7 s E" E"  3544231216 4 2 1 1   114.0  114.0
111 6543.907700 8.550E-23 6.271E-01.09850.585  532.87590.93-.009000 1010 10 1 E"   0000 00 0 A2"  8  8 a E' E"   8  7 a E" E'  3646531216 6 2 2 1   102.0  102.0
111 6544.008200 9.720E-24 0.000E+00.06500.521  333.00000.60-.007000                                                            3514331216 4 2 2 1     0.0    0.0
111 6544.147800 1.621E-23 0.000E+00.09740.561  478.10000.61-.010000                                                            3544331216 4 2 2 1     0.0    0.0
111 6544.201600 1.125E-23 0.000E+00.06500.521  333.00000.60-.007000                                                            3514331216 4 2 2 1     0.0    0.0
111 6544.253200 8.227E-24 0.000E+00.06500.521  333.00000.60-.007000                                                            3414331216 4 2 2 1     0.0    0.0
111 6544.321500 8.711E-22 1.449E+00.09310.302  118.44450.70-.009000 1010 10 1 E'   0000 00 0 A1'  2  1 s E" A2"  3  0 s A2'A2' 4566231216 4 2 1 1    60.0   84.0
111 6544.382200 4.154E-24 0.000E+00.06500.521  333.00000.60-.007000                                                            3414331216 4 2 2 1     0.0    0.0
111 6544.465500 9.115E-24 0.000E+00.06500.521  333.00000.60-.007000                                                            3514331216 4 2 2 1     0.0    0.0
111 6544.546300 3.545E-23 1.332E-01.09570.486  264.43320.66-.009000 0012 12 1 E"   0000 00 0 A2"  4  4 a E' A2"  5  3 a A2"A2' 3566531216 4 2 2 1    54.0   66.0
111 6544.756300 1.299E-22 0.000E+00.07550.375  759.00000.80-.008000                                                            4544331216 4 2 2 1     0.0    0.0
111 6544.917500 4.517E-23 1.692E-01.09570.486  263.72320.66-.009000 0012 12 1 E'   0000 00 0 A1'  4  4 s E' A2'  5  3 s A2"A2" 3566531216 4 2 2 1    54.0   66.0
111 6544.957100 2.000E-23 0.000E+00.09670.448  105.20000.73-.010000                                                            3544331216 4 2 2 1     0.0    0.0
111 6545.306800 7.542E-24 0.000E+00.08910.435  265.20000.66-.009000                                                            3544331216 4 2 2 1     0.0    0.0
111 6545.415800 1.101E-23 0.000E+00.06500.521  333.00000.60-.007000                                                            3514331216 4 2 2 1     0.0    0.0
111 6545.680800 2.279E-22 0.000E+00.08730.277  120.00000.72-.009000                                                            4544331216 4 2 2 1     0.0    0.0
111 6545.885500 4.920E-24 0.000E+00.06500.521  333.00000.60-.007000                                                            3414331216 4 2 2 1     0.0    0.0
111 6546.067500 6.130E-24 0.000E+00.06500.521  333.00000.60-.007000                                                            3514331216 4 2 2 1     0.0    0.0
111 6546.100100 8.348E-24 0.000E+00.09850.585  374.20000.52-.010000                                                            3544331216 4 2 2 1     0.0    0.0
111 6546.130800 8.671E-24 0.000E+00.09670.448  104.40000.73-.010000                                                            3544331216 4 2 2 1     0.0    0.0
111 6546.442300 5.767E-24 0.000E+00.06500.521  333.00000.60-.007000                                                            3514331216 4 2 2 1     0.0    0.0
111 6546.563000 1.190E-23 0.000E+00.06500.521  333.00000.60-.007000                                                            3514331216 4 2 2 1     0.0    0.0
111 6546.666000 1.162E-23 0.000E+00.08410.444  580.80000.80-.008000                                                            3544331216 4 2 2 1     0.0    0.0
111 6546.967400 6.453E-24 0.000E+00.06500.521  333.00000.60-.007000                                                            3514331216 4 2 2 1     0.0    0.0
111 6547.794500 5.404E-23 0.000E+00.07550.375  758.40000.80-.008000                                                            3544331216 4 2 2 1     0.0    0.0
111 6547.868000 1.028E-23 0.000E+00.06500.521  333.00000.60-.007000                                                            3414331216 4 2 2 1     0.0    0.0
111 6547.946900 2.952E-22 5.055E-01.10310.364   19.09650.70-.010000 1002 02 2 E'   0000 00 0 A1'  1  1 s E" A2"  1  0 s A2'A2' 4566231216 4 2 1 1    36.0   36.0
111 6547.972500 3.626E-23 0.000E+00.09060.238 1177.30000.61-.009000                                                            3444331216 4 2 2 1     0.0    0.0
111 6548.022100 3.085E-23 0.000E+00.09340.521  325.10000.60-.009000                                                            3444331216 4 2 2 1     0.0    0.0
111 6548.045100 1.049E-23 0.000E+00.06500.521  333.00000.60-.007000                                                            3414331216 4 2 2 1     0.0    0.0
111 6548.199600 1.008E-23 0.000E+00.06500.521  333.00000.60-.007000                                                            3414331216 4 2 2 1     0.0    0.0
111 6548.220600 1.807E-23 0.000E+00.07370.238  298.30000.77-.007000                                                            3444331216 4 2 2 1     0.0    0.0
111 6548.301500 3.694E-23 0.000E+00.09500.473  721.10000.61-.009000                                                            3544331216 4 2 2 1     0.0    0.0
111 6548.365500 2.650E-23 0.000E+00.09500.473  721.10000.61-.009000                                                            3544331216 4 2 2 1     0.0    0.0
111 6548.611000 1.879E-21 5.594E+00.10170.541  164.53770.69-.010000 1010 10 1 E'   0000 00 0 A1'  3  2 s E' A2'  4  3 s A2"A2" 4566531216 4 2 2 1    42.0   54.0
111 6548.645300 3.100E-23 0.000E+00.09460.510  239.40000.63-.009000                                                            3444331216 4 2 2 1     0.0    0.0
111 6548.798300 1.847E-21 5.519E+00.10170.541  165.29450.69-.010000 1010 10 1 E"   0000 00 0 A2"  3  2 a E' A2"  4  3 a A2"A2' 4566531216 4 2 2 1    42.0   54.0
111 6548.888400 1.280E-23 0.000E+00.10030.591  206.10000.64-.010000                                                            3444331216 4 2 2 1     0.0    0.0
111 6548.924700 3.561E-22 4.456E-01.09840.331   59.61960.72-.009000 1002 02 2 E"   0000 00 0 A2"  2  1 a E" A2'  2  0 a A1'A2" 4566531216 4 2 2 1    60.0   60.0
111 6549.093000 8.026E-24 0.000E+00.08750.452  358.30000.63-.009000                                                            3444331216 4 2 2 1     0.0    0.0
111 6549.141700 5.767E-24 0.000E+00.10110.573  140.20000.70-.010000                                                            3544331216 4 2 2 1     0.0    0.0
111 6549.194400 3.420E-23 0.000E+00.09630.524  592.60000.61-.010000                                                            3544331216 4 2 2 1     0.0    0.0
111 6549.287000 7.200E-23 0.000E+00.06830.297  540.40000.78-.007000                                                            3544331216 4 2 2 1     0.0    0.0
111 6549.307000 1.000E-23 0.000E+00.06830.297  540.40000.78-.007000                                                            3544331216 4 2 2 1     0.0    0.0
111 6549.459600 5.122E-24 0.000E+00.06500.521  333.00000.60-.007000                                                            3514331216 4 2 2 1     0.0    0.0
111 6549.490800 7.461E-24 0.000E+00.06500.521  333.00000.60-.007000                                                            3514331216 4 2 2 1     0.0    0.0
111 6549.579400 5.969E-24 0.000E+00.06500.521  333.00000.60-.007000                                                            3514331216 4 2 2 1     0.0    0.0
111 6549.631700 6.937E-23 0.000E+00.09500.473  721.10000.61-.009000                                                            3544331216 4 2 2 1     0.0    0.0
111 6549.877200 2.448E-23 0.000E+00.07400.345  521.60000.72-.007000                                                            3544331216 4 2 2 1     0.0    0.0
111 6549.957500 1.097E-23 0.000E+00.06500.521  333.00000.60-.007000                                                            3414331216 4 2 2 1     0.0    0.0
111 6549.998300 5.122E-24 0.000E+00.06500.521  333.00000.60-.007000                                                            3514331216 4 2 2 1     0.0    0.0
111 6550.037200 1.379E-23 0.000E+00.08180.388  384.00000.64-.008000                                                            3444331216 4 2 2 1     0.0    0.0
111 6550.126400 5.888E-23 0.000E+00.07600.265 1174.60000.61-.008000                                                            3544331216 4 2 2 1     0.0    0.0
111 6550.256600 1.004E-23 0.000E+00.06500.521  333.00000.60-.007000                                                            3514331216 4 2 2 1     0.0    0.0
111 6550.405400 4.638E-23 0.000E+00.09670.448  104.40000.73-.010000                                                            3544331216 4 2 2 1     0.0    0.0
111 6550.619200 3.174E-23 0.000E+00.10110.573  140.20000.70-.010000                                                            3544331216 4 2 2 1     0.0    0.0
111 6550.815500 1.524E-22 2.481E+00.09060.500  719.38620.95-.009000 0012 12 1 E'   0000 00 0 A1'  9  9 s A2"E"  10 10 s E' E'  4544231216 4 2 1 1   114.0  126.0
111 6550.962600 3.400E-23 0.000E+00.05650.249 1170.80000.80-.006000                                                            3544331216 4 2 2 1     0.0    0.0
111 6550.997600 2.440E-23 0.000E+00.10110.573  140.20000.70-.010000                                                            3544331216 4 2 2 1     0.0    0.0
111 6551.020200 5.767E-24 0.000E+00.06500.521  333.00000.60-.007000                                                            3514331216 4 2 2 1     0.0    0.0
111 6551.060600 2.117E-23 0.000E+00.06290.253  550.80000.77-.006000                                                            3544331216 4 2 2 1     0.0    0.0
111 6551.183500 1.452E-22 0.000E+00.07550.375  758.40000.80-.008000                                                            4544331216 4 2 2 1     0.0    0.0
111 6551.315000 1.932E-23 0.000E+00.07980.397  496.70000.66-.008000                                                            3444331216 4 2 2 1     0.0    0.0
111 6551.335600 1.408E-22 2.769E+00.08410.500  758.20900.82-.008000 1010 10 1 E"   0000 00 0 A2"  9  7 a E" A2'  9  6 a A1'A2" 4544231216 6 2 1 1   114.0  114.0
111 6551.464200 2.178E-22 2.593E-01.09310.302  118.44450.70-.009000 1002 02 2 E'   0000 00 0 A1'  3  1 s E" A2"  3  0 s A2'A2' 4566231216 4 2 1 1    84.0   84.0
111 6551.464200 2.178E-22 2.977E-01.08720.277  198.50050.67-.008000 1002 02 2 E"   0000 00 0 A2"  4  1 a E" A2'  4  0 a A1'A2" 4566531216 4 2 2 1   108.0  108.0
111 6551.595200 1.120E-23 0.000E+00.08910.435  264.50000.66-.009000                                                            3444331216 4 2 2 1     0.0    0.0
111 6551.717900 3.275E-22 0.000E+00.10030.591  206.10000.64-.010000                                                            4544331216 4 2 2 1     0.0    0.0
111 6551.810700 1.633E-22 0.000E+00.08910.435  265.20000.66-.009000                                                            4544331216 4 2 2 1     0.0    0.0
111 6552.115900 1.722E-23 0.000E+00.08750.452  357.60000.63-.009000                                                            3544331216 4 2 2 1     0.0    0.0
111 6552.186300 1.166E-23 0.000E+00.06500.521  333.00000.60-.007000                                                            3514331216 4 2 2 1     0.0    0.0
111 6552.217800 3.259E-23 0.000E+00.08750.452  357.60000.63-.009000                                                            3544331216 4 2 2 1     0.0    0.0
111 6552.309500 7.058E-23 0.000E+00.07400.345  521.60000.72-.007000                                                            3544331216 4 2 2 1     0.0    0.0
111 6552.354400 2.037E-23 0.000E+00.07080.298 1069.80000.61-.007000                                                            3544331216 4 2 2 1     0.0    0.0
111 6552.393300 2.392E-22 2.219E+00.09210.518  580.67750.82-.008000 1010 10 1 E"   0000 00 0 A2"  8  7 a E" A2'  8  6 a A1'A2" 4546531216 6 2 2 1   102.0  102.0
111 6552.469200 1.504E-23 0.000E+00.09340.521  325.10000.60-.009000                                                            3544331216 4 2 2 1     0.0    0.0
111 6552.616900 2.730E-22 8.793E-01.07360.238  416.09440.52-.007000 0203 01 1 E"   0000 00 0 A2"  5  1 a E" A2'  6  0 a A1'A2" 4566531216 4 2 2 1   132.0  156.0
111 6552.691200 6.856E-23 8.738E-01.08580.455  620.27220.87-.008000 0012 12 1 E'   0000 00 0 A1'  7  4 s E' E'   8  5 s E" E"  3566431216 4 2 2 1    90.0  102.0
111 6552.725400 4.120E-24 0.000E+00.06500.521  333.00000.60-.007000                                                            3414331216 4 2 2 1     0.0    0.0
111 6552.803700 3.271E-23 1.348E-01.09050.404  282.82330.66-.008000 0012 12 1 E"   0000 00 0 A2"  4  3 a A1"E'   5  2 a E' E"  3666531216 4 2 2 1    54.0   66.0
111 6552.864200 2.359E-22 2.181E+00.09210.518  579.98640.82-.008000 1010 10 1 E'   0000 00 0 A1'  8  7 s E" A2"  8  6 s E" A2' 4546531216 6 2 2 1   102.0  102.0
111 6552.955800 2.880E-22 0.000E+00.08180.388  383.30000.64-.008000                                                            4544331216 4 2 2 1     0.0    0.0
111 6553.030000 2.565E-22 1.250E+00.09940.595  422.42960.79-.009000 1010 10 1 E"   0000 00 0 A2"  7  7 a E" A2'  7  6 a A1'A2" 4566531216 4 2 2 1    90.0   90.0
111 6553.138300 4.960E-22 1.625E+00.09760.396  114.74320.73-.009000 1010 10 1 E'   0000 00 0 A1'  2  0 s A1'E'   3  1 s E" E"  4566531216 4 2 2 1    30.0   42.0
111 6553.155400 4.960E-22 1.631E+00.09760.396  115.48490.73-.009000 1010 10 1 E"   0000 00 0 A2"  2  0 a A1'E"   3  1 a E" E'  4566531216 4 2 2 1    30.0   42.0
111 6553.236400 4.557E-24 0.000E+00.06500.521  333.00000.60-.007000                                                            3414331216 4 2 2 1     0.0    0.0
111 6553.282800 3.162E-23 0.000E+00.07370.238  298.30000.77-.007000                                                            3544331216 4 2 2 1     0.0    0.0
111 6553.382600 7.138E-23 1.400E+00.08410.500  757.59190.82-.008000 1010 10 1 E'   0000 00 0 A1'  9  7 s E" A2"  9  6 s A2'A2' 3644231216 6 2 1 1   114.0  114.0
111 6553.452400 3.178E-23 0.000E+00.07400.345  522.20000.72-.007000                                                            3544331216 4 2 2 1     0.0    0.0
111 6553.504600 2.242E-23 0.000E+00.07630.328  401.60000.71-.008000                                                            3544331216 4 2 2 1     0.0    0.0
111 6553.530300 2.630E-23 0.000E+00.09630.524  592.60000.61-.010000                                                            3544331216 4 2 2 1     0.0    0.0
111 6553.662500 4.033E-23 1.656E-01.09050.404  282.14380.66-.008000 0012 12 1 E'   0000 00 0 A1'  4  3 s A1"E"   5  2 s E' E'  3566531216 4 2 2 1    54.0   66.0
111 6553.708100 9.518E-24 0.000E+00.07370.238  298.30000.77-.007000                                                            3544331216 4 2 2 1     0.0    0.0
111 6553.805900 1.654E-23 0.000E+00.09670.448  104.40000.73-.010000                                                            3544331216 4 2 2 1     0.0    0.0
111 6553.830800 4.759E-24 0.000E+00.06500.521  333.00000.60-.007000                                                            3414331216 4 2 2 1     0.0    0.0
111 6553.896000 7.421E-24 0.000E+00.06500.521  333.00000.60-.007000                                                            3414331216 4 2 2 1     0.0    0.0
111 6553.978900 2.121E-23 0.000E+00.09740.561  478.10000.61-.010000                                                            3544331216 4 2 2 1     0.0    0.0
111 6554.053500 7.098E-24 0.000E+00.06500.521  333.00000.60-.007000                                                            3514331216 4 2 2 1     0.0    0.0
111 6554.136000 6.453E-24 0.000E+00.06500.521  333.00000.60-.007000                                                            3514331216 4 2 2 1     0.0    0.0
111 6554.317700 1.133E-24 0.000E+00.06500.521  333.00000.60-.007000                                                            3414331216 4 2 2 1     0.0    0.0
111 6554.396700 1.496E-23 0.000E+00.04690.239 1052.10000.88-.005000                                                            3544331216 4 2 2 1     0.0    0.0
111 6554.439600 1.004E-23 0.000E+00.06500.521  333.00000.60-.007000                                                            3414331216 4 2 2 1     0.0    0.0
111 6554.646900 3.698E-23 0.000E+00.10110.573  140.20000.70-.010000                                                            3544331216 4 2 2 1     0.0    0.0
111 6554.667700 1.053E-23 0.000E+00.06500.521  333.00000.60-.007000                                                            3514331216 4 2 2 1     0.0    0.0
111 6554.767000 1.800E-23 0.000E+00.07550.375  758.40000.80-.008000                                                            3444331216 4 2 2 1     0.0    0.0
111 6554.842300 9.518E-24 0.000E+00.10030.591  206.10000.64-.010000                                                            3544331216 4 2 2 1     0.0    0.0
111 6554.971100 2.444E-23 0.000E+00.10030.591  206.10000.64-.010000                                                            3544331216 4 2 2 1     0.0    0.0
111 6555.001900 1.811E-23 0.000E+00.10030.591  206.10000.64-.010000                                                            3544331216 4 2 2 1     0.0    0.0
111 6555.248500 7.824E-24 0.000E+00.09050.404  184.60000.71-.009000                                                            3544331216 4 2 2 1     0.0    0.0
111 6555.568000 6.130E-23 0.000E+00.08750.452  358.30000.63-.009000                                                            3544331216 4 2 2 1     0.0    0.0
111 6555.610500 2.488E-23 0.000E+00.10180.541   86.70000.72-.010000                                                            3544331216 4 2 2 1     0.0    0.0
111 6555.685000 1.254E-21 3.297E+00.10700.639  138.56470.76-.010000 1010 10 1 E'   0000 00 0 A1'  3  3 s A2"E"   4  4 s E' E'  4566531216 4 2 2 1    42.0   54.0
111 6555.751100 1.323E-22 1.762E+00.09740.500  654.85330.95-.009000 0012 12 1 E'   0000 00 0 A1'  8  7 s E" E"   9  8 s E' E'  4544231216 6 2 1 1   102.0  114.0
111 6555.980200 1.081E-23 0.000E+00.06500.521  333.00000.60-.007000                                                            3414331216 4 2 2 1     0.0    0.0
111 6555.996400 1.125E-21 2.970E+00.10700.639  139.36990.76-.010000 1010 10 1 E"   0000 00 0 A2"  3  3 a A2"E'   4  4 a E' E"  4566531216 4 2 2 1    42.0   54.0
111 6556.060700 2.771E-23 0.000E+00.08180.388  384.00000.64-.008000                                                            3444331216 4 2 2 1     0.0    0.0
111 6556.105000 4.300E-24 0.000E+00.08180.388  384.00000.64-.008000                                                            3444331216 4 2 2 1     0.0    0.0
111 6556.202200 1.569E-23 0.000E+00.09740.561  478.10000.61-.010000                                                            3544331216 4 2 2 1     0.0    0.0
111 6556.274500 5.082E-23 0.000E+00.08750.452  358.30000.63-.009000                                                            3544331216 4 2 2 1     0.0    0.0
111 6556.323100 2.718E-23 0.000E+00.10110.573  140.20000.70-.010000                                                            3544331216 4 2 2 1     0.0    0.0
111 6556.412000 3.174E-23 0.000E+00.08750.452  357.60000.63-.009000                                                            3444331216 4 2 2 1     0.0    0.0
111 6556.544400 2.121E-22 0.000E+00.09340.521  324.40000.60-.009000                                                            4544331216 4 2 2 1     0.0    0.0
111 6556.569600 1.129E-23 0.000E+00.06500.521  333.00000.60-.007000                                                            3514331216 4 2 2 1     0.0    0.0
111 6556.786100 8.550E-24 0.000E+00.09340.521  325.10000.60-.009000                                                            3444331216 4 2 2 1     0.0    0.0
111 6556.806400 1.867E-23 0.000E+00.08750.425  791.50000.61-.009000                                                            3544331216 4 2 2 1     0.0    0.0
111 6557.037000 8.800E-24 0.000E+00.06500.521  333.00000.60-.007000                                                            3514331216 4 2 2 1     0.0    0.0
111 6557.047100 7.000E-23 0.000E+00.08750.452  357.60000.63-.009000                                                            3544331216 4 2 2 1     0.0    0.0
111 6557.089700 7.663E-23 1.025E+00.09740.500  655.64240.95-.009000 0012 12 1 E"   0000 00 0 A2"  8  7 a E" E'   9  8 a E' E"  3544231216 6 2 1 1   102.0  114.0
111 6557.180500 6.251E-24 0.000E+00.06500.521  333.00000.60-.007000                                                            3514331216 4 2 2 1     0.0    0.0
111 6557.275600 2.916E-23 0.000E+00.08910.435  265.20000.66-.009000                                                            3544331216 4 2 2 1     0.0    0.0
111 6557.315800 2.775E-23 0.000E+00.09950.595  284.40000.64-.010000                                                            3444331216 4 2 2 1     0.0    0.0
111 6557.367600 1.319E-23 0.000E+00.05770.215  554.90000.83-.006000                                                            3444331216 4 2 2 1     0.0    0.0
111 6557.551600 4.275E-22 0.000E+00.07860.299  294.00000.72-.008000                                                            4544331216 4 2 2 1     0.0    0.0
111 6557.579300 1.883E-22 0.000E+00.08180.388  383.30000.64-.008000                                                            4544331216 4 2 2 1     0.0    0.0
111 6557.627200 1.355E-23 0.000E+00.06500.521  333.00000.60-.007000                                                            3514331216 4 2 2 1     0.0    0.0
111 6557.671900 2.876E-23 0.000E+00.09740.561  478.10000.61-.010000                                                            3544331216 4 2 2 1     0.0    0.0
111 6557.701300 1.000E-23 0.000E+00.06500.521  333.00000.60-.007000                                                            3514331216 4 2 2 1     0.0    0.0
111 6557.729600 3.162E-23 0.000E+00.09060.501  533.70000.72-.009000                                                            3444331216 4 2 2 1     0.0    0.0
111 6558.022500 4.598E-24 0.000E+00.06500.521  333.00000.60-.007000                                                            3414331216 4 2 2 1     0.0    0.0
111 6558.091700 8.026E-24 0.000E+00.06500.521  333.00000.60-.007000                                                            3514331216 4 2 2 1     0.0    0.0
111 6558.319500 4.678E-22 0.000E+00.09950.595  284.40000.64-.010000                                                            4544331216 4 2 2 1     0.0    0.0
111 6558.377500 4.356E-24 0.000E+00.06500.521  333.00000.60-.007000                                                            3414331216 4 2 2 1     0.0    0.0
111 6558.562700 4.154E-24 0.000E+00.06500.521  333.00000.60-.007000                                                            3414331216 4 2 2 1     0.0    0.0
111 6558.715800 1.242E-22 0.000E+00.07860.299  294.00000.72-.008000                                                            4544331216 4 2 2 1     0.0    0.0
111 6558.779500 1.194E-23 0.000E+00.06500.521  333.00000.60-.007000                                                            3414331216 4 2 2 1     0.0    0.0
111 6558.921800 8.590E-23 0.000E+00.07370.238  298.30000.77-.007000                                                            3544331216 4 2 2 1     0.0    0.0
111 6559.041400 6.856E-24 0.000E+00.06500.521  333.00000.60-.007000                                                            3514331216 4 2 2 1     0.0    0.0
111 6559.085700 1.218E-23 0.000E+00.10030.591  206.10000.64-.010000                                                            3544331216 4 2 2 1     0.0    0.0
111 6559.456200 9.034E-24 0.000E+00.06500.521  333.00000.60-.007000                                                            3514331216 4 2 2 1     0.0    0.0
111 6559.590200 1.984E-23 0.000E+00.06500.521  333.00000.60-.007000                                                            3514331216 4 2 2 1     0.0    0.0
111 6559.754600 2.771E-22 2.920E+00.09210.518  580.67750.82-.008000 0012 12 1 E"   0000 00 0 A2"  7  5 a E" A2'  8  6 a A1'A2" 4546531216 6 2 2 1    90.0  102.0
111 6559.787000 6.049E-23 0.000E+00.08750.425  790.70000.61-.009000                                                            3644331216 4 2 2 1     0.0    0.0
111 6559.927700 6.009E-24 0.000E+00.06500.521  333.00000.60-.007000                                                            3514331216 4 2 2 1     0.0    0.0
111 6560.184100 4.114E-24 0.000E+00.06500.521  333.00000.60-.007000                                                            3414331216 4 2 2 1     0.0    0.0
111 6560.281700 3.122E-23 0.000E+00.08750.452  357.60000.63-.009000                                                            3444331216 4 2 2 1     0.0    0.0
111 6560.393900 1.553E-23 0.000E+00.09340.521  325.10000.60-.009000                                                            3444331216 4 2 2 1     0.0    0.0
111 6560.575200 1.141E-23 0.000E+00.10110.573  140.20000.70-.010000                                                            3444331216 4 2 2 1     0.0    0.0
111 6560.594000 7.320E-24 0.000E+00.08410.444  580.80000.80-.008000                                                            3544331216 4 2 2 1     0.0    0.0
111 6560.614600 1.420E-22 1.606E+00.08580.455  620.89950.87-.008000 1010 10 1 E"   0000 00 0 A2"  8  6 a A1'E"   8  5 a E" E'  4566431216 4 2 2 1   102.0  102.0
111 6560.669700 2.319E-22 2.436E+00.09210.518  579.98640.82-.008000 0012 12 1 E'   0000 00 0 A1'  7  5 s E" A2"  8  6 s E' A2' 4546531216 6 2 2 1    90.0  102.0
111 6560.753900 1.218E-23 0.000E+00.08410.444  580.80000.80-.008000                                                            3544331216 4 2 2 1     0.0    0.0
111 6560.825700 8.550E-23 2.887E-01.10730.481   15.37960.74-.010000 1002 02 2 E'   0000 00 0 A1'  1  0 s A2'E'   1  1 s E" E"  3566531216 4 2 2 1    18.0   18.0
111 6560.941100 8.590E-22 2.673E+00.10230.496  103.62870.71-.010000 1010 10 1 E'   0000 00 0 A1'  2  1 s E" E"   3  2 s E' E'  4566531216 4 2 2 1    30.0   42.0
111 6560.991900 8.832E-22 2.758E+00.10230.496  104.39040.71-.010000 1010 10 1 E"   0000 00 0 A2"  2  1 a E" E'   3  2 a E' E"  4566531216 4 2 2 1    30.0   42.0
111 6561.042000 9.990E-24 0.000E+00.06500.521  333.00000.60-.007000                                                            3514331216 4 2 2 1     0.0    0.0
111 6561.264400 7.300E-23 2.475E-01.10730.481   16.17000.74-.010000 1002 02 2 E"   0000 00 0 A2"  1  0 a A2'E"   1  1 a E" E'  3566531216 4 2 2 1    18.0   18.0
111 6561.286100 8.880E-23 5.281E-01.09330.521  462.91370.80-.009000 1010 10 1 E"   0000 00 0 A2"  7  6 a A1'E"   7  5 a E" E'  3566531216 4 2 2 1    90.0   90.0
111 6561.317000 4.477E-24 0.000E+00.06500.521  333.00000.60-.007000                                                            3414331216 4 2 2 1     0.0    0.0
111 6561.366500 7.542E-24 0.000E+00.10030.591  206.10000.64-.010000                                                            3544331216 4 2 2 1     0.0    0.0
111 6561.413600 5.969E-24 0.000E+00.06500.521  333.00000.60-.007000                                                            3514331216 4 2 2 1     0.0    0.0
111 6561.449000 6.372E-23 0.000E+00.07980.397  496.70000.66-.008000                                                            3544331216 4 2 2 1     0.0    0.0
111 6561.474800 5.082E-23 0.000E+00.09670.448  105.20000.73-.010000                                                            3544331216 4 2 2 1     0.0    0.0
111 6561.564000 8.913E-24 0.000E+00.06500.521  333.00000.60-.007000                                                            3514331216 4 2 2 1     0.0    0.0
111 6561.583100 1.198E-22 0.000E+00.07400.345  522.20000.72-.007000                                                            4544331216 4 2 2 1     0.0    0.0
111 6561.638300 1.600E-22 1.804E+00.08580.455  620.27220.87-.008000 1010 10 1 E'   0000 00 0 A1'  8  6 s A1'E'   8  5 s E" E"  4566431216 4 2 2 1   102.0  102.0
111 6561.801100 2.061E-22 1.222E+00.09330.521  462.21970.80-.009000 1010 10 1 E'   0000 00 0 A1'  7  6 s A1'E'   7  5 s E" E"  4566531216 4 2 2 1    90.0   90.0
111 6561.839700 3.392E-23 1.478E-01.08550.327  293.83660.62-.008000 0012 12 1 E"   0000 00 0 A2"  4  2 a E' E"   5  1 a E" E'  3566531216 4 2 2 1    54.0   66.0
111 6561.930400 2.206E-22 7.691E-01.10030.591  323.57560.71-.009000 1010 10 1 E'   0000 00 0 A1'  6  6 s A1'E'   6  5 s E" E"  4566531216 4 2 2 1    78.0   78.0
111 6561.957200 8.700E-23 7.009E-01.08750.452  495.88280.73-.008000 0012 12 1 E"   0000 00 0 A2"  6  3 a A2"E'   7  4 a E' E"  3566531216 4 2 2 1    78.0   90.0
111 6562.014400 2.100E-22 7.349E-01.10030.591  324.33390.71-.009000 1010 10 1 E"   0000 00 0 A2"  6  6 a A1'E"   6  5 a E" E'  4566531216 4 2 2 1    78.0   78.0
111 6562.040800 3.928E-23 1.707E-01.08550.327  293.17490.62-.008000 0012 12 1 E'   0000 00 0 A1'  4  2 s E' E'   5  1 s E" E"  3566531216 4 2 2 1    54.0   66.0
111 6562.173800 1.198E-22 2.946E-01.10280.437   55.14530.72-.010000 1002 02 2 E'   0000 00 0 A1'  2  0 s A1'E'   2  1 s E" E"  4666531216 4 2 2 1    30.0   30.0
111 6562.226500 3.283E-23 0.000E+00.07550.375  759.00000.80-.008000                                                            3544331216 4 2 2 1     0.0    0.0
111 6562.291500 1.061E-23 0.000E+00.08910.435  264.50000.66-.009000                                                            3444331216 4 2 2 1     0.0    0.0
111 6562.341400 5.646E-23 1.394E-01.10280.437   55.91580.72-.010000 1002 02 2 E"   0000 00 0 A2"  2  0 a A1'E"   2  1 a E" E'  3666531216 4 2 2 1    30.0   30.0
111 6562.432400 8.147E-24 0.000E+00.07370.238  297.60000.77-.007000                                                            3544331216 4 2 2 1     0.0    0.0
111 6562.493500 6.200E-24 0.000E+00.07550.375  759.00000.80-.008000                                                            3444331216 4 2 2 1     0.0    0.0
111 6562.515000 1.460E-23 0.000E+00.07550.375  759.00000.80-.008000                                                            3444331216 4 2 2 1     0.0    0.0
111 6562.574400 3.944E-23 0.000E+00.07550.375  758.40000.80-.008000                                                            3544331216 4 2 2 1     0.0    0.0
111 6562.608000 3.420E-23 0.000E+00.08750.425  791.50000.61-.009000                                                            3544331216 4 2 2 1     0.0    0.0
111 6562.654900 9.558E-23 7.678E-01.08750.452  495.24170.73-.008000 0012 12 1 E'   0000 00 0 A1'  6  3 s A2"E"   7  4 s E' E'  3666531216 4 2 2 1    78.0   90.0
111 6562.686200 6.493E-24 0.000E+00.06500.521  333.00000.60-.007000                                                            3514331216 4 2 2 1     0.0    0.0
111 6562.741800 1.020E-23 0.000E+00.06500.521  333.00000.60-.007000                                                            3514331216 4 2 2 1     0.0    0.0
111 6562.808900 3.537E-23 0.000E+00.06820.239 1243.80000.61-.007000                                                            3444331216 4 2 2 1     0.0    0.0
111 6562.836100 3.097E-23 0.000E+00.05770.215  554.90000.83-.006000                                                            3444331216 4 2 2 1     0.0    0.0
111 6562.906000 1.218E-23 0.000E+00.08580.455  463.00000.65-.009000                                                            3444331216 4 2 2 1     0.0    0.0
111 6563.019300 1.016E-22 2.393E-01.09760.396  115.48490.73-.009000 1002 02 2 E"   0000 00 0 A2"  3  0 a A2'E"   3  1 a E" E'  4566531216 4 2 2 1    42.0   42.0
111 6563.165100 5.001E-22 4.913E+00.10440.500  591.79360.95-.010000 0012 12 1 E'   0000 00 0 A1'  8  8 s E' A2'  9  9 s E' A2" 4544231216 6 2 1 1   102.0  114.0
111 6563.335500 3.540E-23 0.000E+00.09460.510  239.40000.63-.009000                                                            3544331216 4 2 2 1     0.0    0.0
111 6563.353900 6.412E-24 0.000E+00.08910.435  264.50000.66-.009000                                                            3444331216 4 2 2 1     0.0    0.0
111 6563.445800 2.226E-23 0.000E+00.07550.375  758.40000.80-.008000                                                            3544331216 4 2 2 1     0.0    0.0
111 6563.487600 4.799E-22 4.736E+00.10440.500  592.71010.95-.010000 0012 12 1 E"   0000 00 0 A2"  8  8 a E' A2"  9  9 a A2"A2' 4544231216 6 2 1 1   102.0  114.0
111 6563.583300 1.702E-23 0.000E+00.07550.375  758.40000.80-.008000                                                            3444331216 4 2 2 1     0.0    0.0
111 6563.620800 5.606E-24 0.000E+00.06500.521  333.00000.60-.007000                                                            3514331216 4 2 2 1     0.0    0.0
111 6563.659200 4.799E-24 0.000E+00.06500.521  333.00000.60-.007000                                                            3414331216 4 2 2 1     0.0    0.0
111 6563.791600 5.404E-24 0.000E+00.06500.521  333.00000.60-.007000                                                            3514331216 4 2 2 1     0.0    0.0
111 6563.989600 3.343E-23 0.000E+00.09340.521  324.40000.60-.009000                                                            3444331216 4 2 2 1     0.0    0.0
111 6564.088900 5.404E-23 4.933E-01.08180.388  521.42950.65-.007000 0012 12 1 E"   0000 00 0 A2"  6  2 a E' A2"  7  3 a A2"A2' 3566531216 4 2 2 1    78.0   90.0
111 6564.108400 1.145E-22 2.688E-01.09760.396  114.74320.73-.009000 1002 02 2 E'   0000 00 0 A1'  3  0 s A2'E'   3  1 s E" E"  4566531216 4 2 2 1    42.0   42.0
111 6564.213500 2.202E-23 0.000E+00.08180.388  384.00000.64-.008000                                                            3544331216 4 2 2 1     0.0    0.0
111 6564.270400 1.645E-23 0.000E+00.06500.521  333.00000.60-.007000                                                            3514331216 4 2 2 1     0.0    0.0
111 6564.310300 2.496E-23 5.771E-01.10440.500  790.69500.95-.009000 1010 10 1 E"   0000 00 0 A2"  9  8 a E' A2" 10  9 a A2"A2' 3544231216 6 2 1 1   114.0  126.0
111 6564.370500 1.968E-23 4.550E-01.10440.500  790.69500.95-.009000 0012 12 1 E"   0000 00 0 A2"  9  8 a E' A2" 10  9 a A2"A2' 3544231216 6 2 1 1   114.0  126.0
111 6564.604000 5.767E-24 0.000E+00.06500.521  333.00000.60-.007000                                                            3514331216 4 2 2 1     0.0    0.0
111 6564.816100 7.058E-24 0.000E+00.06500.521  333.00000.60-.007000                                                            3514331216 4 2 2 1     0.0    0.0
111 6564.862000 6.695E-22 1.403E+00.09840.331   59.61960.72-.009000 1010 10 1 E"   0000 00 0 A2"  1  1 a E" A2'  2  0 a A1'A2" 4566531216 4 2 2 1    36.0   60.0
111 6564.952200 1.012E-22 2.728E-01.09190.360  194.81790.67-.009000 1002 02 2 E"   0000 00 0 A2"  4  0 a A1'E"   4  1 a E" E'  4566531216 4 2 2 1    54.0   54.0
111 6565.036400 4.194E-24 0.000E+00.06500.521  333.00000.60-.007000                                                            3414331216 4 2 2 1     0.0    0.0
111 6565.133400 3.259E-23 0.000E+00.10030.591  206.10000.64-.010000                                                            3444331216 4 2 2 1     0.0    0.0
111 6565.423100 7.824E-24 0.000E+00.06500.521  333.00000.60-.007000                                                            3514331216 4 2 2 1     0.0    0.0
111 6565.461900 7.200E-24 0.000E+00.06500.521  333.00000.60-.007000                                                            3514331216 4 2 2 1     0.0    0.0
111 6565.500300 1.140E-22 0.000E+00.06830.297  540.40000.78-.007000                                                            4544331216 4 2 2 1     0.0    0.0
111 6565.550900 5.364E-24 0.000E+00.06500.521  333.00000.60-.007000                                                            3514331216 4 2 2 1     0.0    0.0
111 6565.698600 3.791E-23 8.734E-01.10440.500  789.88760.95-.009000 0012 12 1 E'   0000 00 0 A1'  9  8 s E' A2' 10  9 s A2"A2" 3644231216 6 2 1 1   114.0  126.0
111 6565.698600 3.791E-23 8.734E-01.10440.500  789.88760.95-.009000 1010 10 1 E'   0000 00 0 A1'  9  8 s E' A2' 10  9 s A2"A2" 3644231216 6 2 1 1   114.0  126.0
111 6565.815300 3.735E-23 2.373E-01.07860.299  412.44440.58-.007000 0012 12 1 E"   0000 00 0 A2"  5  0 a A2'E"   6  1 a E" E'  3566531216 4 2 2 1    66.0   78.0
111 6566.366500 4.880E-24 0.000E+00.06500.521  333.00000.60-.007000                                                            3414331216 4 2 2 1     0.0    0.0
111 6566.393800 5.525E-23 0.000E+00.10030.591  206.10000.64-.010000                                                            3544331216 4 2 2 1     0.0    0.0
111 6566.543600 4.000E-24 0.000E+00.06500.521  333.00000.60-.007000                                                            3414331216 4 2 2 1     0.0    0.0
111 6566.687200 1.101E-23 0.000E+00.06500.521  333.00000.60-.007000                                                            3514331216 4 2 2 1     0.0    0.0
111 6566.800000 5.243E-24 0.000E+00.09190.360  116.30000.71-.009000                                                            3544331216 4 2 2 1     0.0    0.0
111 6566.833100 3.005E-23 0.000E+00.05770.215  554.90000.83-.006000                                                            3544331216 4 2 2 1     0.0    0.0
111 6566.922800 7.017E-23 5.874E-01.09850.585  532.87590.93-.009000 0012 12 1 E"   0000 00 0 A2"  7  6 a A2'E"   8  7 a E" E'  3546531216 6 2 2 1    90.0  102.0
111 6566.963800 1.061E-23 0.000E+00.10030.591  206.10000.64-.010000                                                            3544331216 4 2 2 1     0.0    0.0
111 6567.199300 2.137E-23 0.000E+00.09050.404  184.60000.71-.009000                                                            3544331216 4 2 2 1     0.0    0.0
111 6567.271200 3.847E-23 0.000E+00.09340.521  324.40000.60-.009000                                                            3644331216 4 2 2 1     0.0    0.0
111 6567.328700 1.436E-23 0.000E+00.07860.299  294.00000.72-.008000                                                            3444331216 4 2 2 1     0.0    0.0
111 6567.369600 7.461E-23 2.006E-01.09190.360  194.11290.67-.009000 1002 02 2 E'   0000 00 0 A1'  4  0 s A1'E'   4  1 s E" E"  3666531216 4 2 2 1    54.0   54.0
111 6567.450800 4.638E-24 0.000E+00.06500.521  333.00000.60-.007000                                                            3414331216 4 2 2 1     0.0    0.0
111 6567.668500 1.779E-23 0.000E+00.08180.388  384.00000.64-.008000                                                            3544331216 4 2 2 1     0.0    0.0
111 6567.747000 8.187E-23 2.925E-01.08550.327  293.83660.62-.008000 1002 02 2 E"   0000 00 0 A2"  5  0 a A2'E"   5  1 a E" E'  3566531216 4 2 2 1    66.0   66.0
111 6568.266100 1.930E-22 1.610E+00.09850.585  532.10090.93-.009000 0012 12 1 E'   0000 00 0 A1'  7  6 s A2'E'   8  7 s E" E"  4546531216 6 2 2 1    90.0  102.0
111 6568.307000 2.560E-21 7.294E+00.10720.600   85.06820.73-.010000 1010 10 1 E'   0000 00 0 A1'  2  2 s E' A2'  3  3 s E" A2" 4566531216 4 2 2 1    30.0   42.0
111 6568.408600 2.520E-21 7.208E+00.10720.600   85.86440.73-.010000 1010 10 1 E"   0000 00 0 A2"  2  2 a E' A2"  3  3 a A1'A2' 4566531216 4 2 2 1    30.0   42.0
111 6568.470000 2.050E-22 3.219E-01.10310.364    0.00000.69-.010000 1002 02 2 E"   0000 00 0 A2"  1  1 a E" A2'  0  0 a A1'A2" 4666531216 4 2 2 1    36.0   12.0
111 6568.644700 8.913E-24 0.000E+00.07630.328  401.60000.71-.008000                                                            3544331216 4 2 2 1     0.0    0.0
111 6568.783400 7.421E-24 0.000E+00.06500.521  333.00000.60-.007000                                                            3514331216 4 2 2 1     0.0    0.0
111 6568.854700 9.518E-24 0.000E+00.06500.521  333.00000.60-.007000                                                            3514331216 4 2 2 1     0.0    0.0
111 6568.916500 2.061E-23 0.000E+00.07370.238  298.30000.77-.007000                                                            3544331216 4 2 2 1     0.0    0.0
111 6569.156000 1.242E-22 0.000E+00.09340.521  325.10000.60-.009000                                                            4644331216 4 2 2 1     0.0    0.0
111 6569.205900 2.460E-23 0.000E+00.07370.238  298.30000.77-.007000                                                            3544331216 4 2 2 1     0.0    0.0
111 6569.540700 3.714E-23 0.000E+00.07550.375  759.00000.80-.008000                                                            3644331216 4 2 2 1     0.0    0.0
111 6569.756500 1.629E-23 0.000E+00.06500.521  333.00000.60-.007000                                                            3414331216 4 2 2 1     0.0    0.0
111 6569.866900 4.275E-24 0.000E+00.06500.521  333.00000.60-.007000                                                            3414331216 4 2 2 1     0.0    0.0
111 6569.895700 1.916E-23 0.000E+00.08180.388  384.00000.64-.008000                                                            3544331216 4 2 2 1     0.0    0.0
111 6569.937100 2.061E-22 1.443E+00.08750.452  495.88280.73-.008000 1010 10 1 E"   0000 00 0 A2"  7  5 a E" E'   7  4 a E' E"  4566531216 4 2 2 1    90.0   90.0
111 6570.008800 1.101E-23 0.000E+00.10030.591  206.10000.64-.010000                                                            3544331216 4 2 2 1     0.0    0.0
111 6570.046800 1.299E-23 0.000E+00.06290.253  550.80000.77-.006000                                                            3444331216 4 2 2 1     0.0    0.0
111 6570.249300 1.016E-22 3.621E-01.08550.327  293.17490.62-.008000 1002 02 2 E'   0000 00 0 A1'  5  0 s A2'E'   5  1 s E" E"  4566531216 4 2 2 1    66.0   66.0
111 6570.358300 8.469E-23 1.126E+00.07980.397  653.65690.79-.007000 1010 10 1 E"   0000 00 0 A2"  8  5 a E" E'   8  4 a E' E"  3566431216 4 2 2 1   102.0  102.0
111 6570.392000 3.077E-22 1.268E+00.09460.510  357.49110.72-.009000 1010 10 1 E"   0000 00 0 A2"  6  5 a E" E'   6  4 a E' E"  4566531216 4 2 2 1    78.0   78.0
111 6570.439500 7.905E-23 0.000E+00.09950.595  284.40000.64-.010000                                                            3544331216 4 2 2 1     0.0    0.0
111 6570.544000 4.315E-23 0.000E+00.08750.425  790.70000.61-.009000                                                            3544331216 4 2 2 1     0.0    0.0
111 6570.582700 1.137E-23 0.000E+00.06500.521  333.00000.60-.007000                                                            3514331216 4 2 2 1     0.0    0.0
111 6570.637200 3.001E-22 1.233E+00.09460.510  356.79080.72-.009000 1010 10 1 E'   0000 00 0 A1'  6  5 s E" E"   6  4 s E' E'  4566531216 4 2 2 1    78.0   78.0
111 6570.731600 9.720E-23 0.000E+00.09340.521  325.10000.60-.009000                                                            3544331216 4 2 2 1     0.0    0.0
111 6570.759300 2.940E-22 8.008E-01.10110.573  237.85930.73-.009000 1010 10 1 E'   0000 00 0 A1'  5  5 s E" E"   5  4 s E' E'  4566531216 4 2 2 1    66.0   66.0
111 6570.848400 2.940E-22 8.038E-01.10110.573  238.61490.73-.009000 1010 10 1 E"   0000 00 0 A2"  5  5 a E" E'   5  4 a E' E"  4566531216 4 2 2 1    66.0   66.0
111 6570.885600 3.037E-23 0.000E+00.09340.521  324.40000.60-.009000                                                            3444331216 4 2 2 1     0.0    0.0
111 6570.930600 2.924E-23 0.000E+00.09850.585  375.10000.52-.010000                                                            3544331216 4 2 2 1     0.0    0.0
111 6570.966800 1.537E-23 0.000E+00.06500.521  333.00000.60-.007000                                                            3514331216 4 2 2 1     0.0    0.0
111 6571.159100 6.211E-24 0.000E+00.06500.521  333.00000.60-.007000                                                            3514331216 4 2 2 1     0.0    0.0
111 6571.417400 6.614E-24 0.000E+00.06500.521  333.00000.60-.007000                                                            3514331216 4 2 2 1     0.0    0.0
111 6571.520700 1.073E-23 0.000E+00.09460.510  239.40000.63-.009000                                                            3544331216 4 2 2 1     0.0    0.0
111 6571.572200 1.162E-23 0.000E+00.06500.521  333.00000.60-.007000                                                            3414331216 4 2 2 1     0.0    0.0
111 6571.719700 2.710E-22 0.000E+00.08180.388  384.00000.64-.008000                                                            4544331216 4 2 2 1     0.0    0.0
111 6571.780400 2.500E-23 0.000E+00.09950.595  284.40000.64-.010000                                                            3544331216 4 2 2 1     0.0    0.0
111 6571.864100 5.001E-23 2.694E-01.07860.299  412.44440.58-.007000 1002 02 2 E"   0000 00 0 A2"  6  0 a A1'E"   6  1 a E" E'  3566531216 4 2 2 1    78.0   78.0
111 6571.971100 1.875E-22 1.286E+00.09330.521  462.21970.80-.009000 0012 12 1 E'   0000 00 0 A1'  6  4 s E' E'   7  5 s E" E"  4566531216 4 2 2 1    78.0   90.0
111 6572.005100 9.195E-23 2.918E+00.06550.500  855.38540.75-.006000 1010 10 1 E'   0000 00 0 A1'  9  4 s E' A2'  9  3 s E" A2" 3544231216 6 2 1 1   114.0  114.0
111 6572.256800 4.029E-23 5.346E-01.07980.397  653.07720.79-.007000 1010 10 1 E'   0000 00 0 A1'  8  5 s E" E"   8  4 s E' E'  3566431216 4 2 2 1   102.0  102.0
111 6572.395700 4.045E-22 0.000E+00.09340.521  324.40000.60-.009000                                                            4544331216 4 2 2 1     0.0    0.0
111 6572.409600 4.780E-23 0.000E+00.06500.521  333.00000.60-.007000                                                            3514331216 4 2 2 1     0.0    0.0
111 6572.448200 2.170E-23 7.144E-02.09670.448  183.75960.70-.009000 0012 12 1 E"   0000 00 0 A2"  3  3 a A1"E'   4  2 a E' E"  3466531216 4 2 2 1    42.0   54.0
111 6572.519600 8.389E-23 2.669E+00.06550.500  855.86490.75-.006000 1010 10 1 E"   0000 00 0 A2"  9  4 a E' A2"  9  3 a E' A2' 3544231216 6 2 1 1   114.0  114.0
111 6572.606000 4.033E-24 0.000E+00.06500.521  333.00000.60-.007000                                                            3414331216 4 2 2 1     0.0    0.0
111 6572.644600 1.032E-22 0.000E+00.09460.510  238.70000.63-.009000                                                            4544331216 4 2 2 1     0.0    0.0
111 6572.673400 8.308E-24 0.000E+00.06500.521  333.00000.60-.007000                                                            3514331216 4 2 2 1     0.0    0.0
111 6572.853800 5.283E-22 2.172E+00.10280.437   55.14530.72-.010000 1010 10 1 E'   0000 00 0 A1'  1  0 s A2'E'   2  1 s E" E"  4566531216 4 2 2 1    18.0   30.0
111 6572.952000 5.525E-22 2.280E+00.10280.437   55.91580.72-.010000 1010 10 1 E"   0000 00 0 A2"  1  0 a A2'E"   2  1 a E" E'  4566531216 4 2 2 1    18.0   30.0
111 6573.018600 5.243E-23 2.817E-01.07860.299  411.83100.58-.007000 1002 02 2 E'   0000 00 0 A1'  6  0 s A1'E'   6  1 s E" E"  3566531216 4 2 2 1    78.0   78.0
111 6573.038800 7.200E-23 4.334E-01.08370.364  400.85450.62-.008000 0012 12 1 E'   0000 00 0 A1'  5  1 s E" E"   6  2 s E' E'  3566531216 4 2 2 1    66.0   78.0
111 6573.218200 4.880E-24 0.000E+00.06500.521  333.00000.60-.007000                                                            3414331216 4 2 2 1     0.0    0.0
111 6573.372700 4.235E-24 0.000E+00.06500.521  333.00000.60-.007000                                                            3414331216 4 2 2 1     0.0    0.0
111 6573.436600 2.581E-23 0.000E+00.07630.328  401.60000.71-.008000                                                            3544331216 4 2 2 1     0.0    0.0
111 6573.530100 9.074E-24 0.000E+00.08910.435  264.50000.66-.009000                                                            3544331216 4 2 2 1     0.0    0.0
111 6573.559100 5.767E-23 5.270E-01.07100.274  550.52700.51-.006000 1002 02 2 E"   0000 00 0 A2"  7  0 a A2'E"   7  1 a E" E'  3566531216 4 2 2 1    90.0   90.0
111 6573.731900 1.831E-22 2.750E+00.07400.344  678.49450.75-.007000 1010 10 1 E'   0000 00 0 A1'  8  4 s E' A2'  8  3 s E' A2" 4546531216 6 2 2 1   102.0  102.0
111 6573.923600 1.430E-23 0.000E+00.06500.521  333.00000.60-.007000                                                            3414331216 4 2 2 1     0.0    0.0
111 6573.981700 1.944E-23 0.000E+00.08410.444  581.50000.80-.008000                                                            3444331216 4 2 2 1     0.0    0.0
111 6574.007100 2.400E-22 5.632E-01.10730.548   44.79390.71-.010000 1002 02 2 E"   0000 00 0 A2"  2  1 a E" E'   2  2 a E' E"  4566531216 4 2 2 1    30.0   30.0
111 6574.088600 2.101E-22 3.165E+00.07400.344  679.04330.75-.007000 1010 10 1 E"   0000 00 0 A2"  8  4 a E' A2"  8  3 a E' A2' 4546531216 6 2 2 1   102.0  102.0
111 6574.254700 6.130E-23 1.433E-01.10730.548   44.00260.71-.010000 1002 02 2 E'   0000 00 0 A1'  2  1 s E" E"   2  2 s E' E'  3566531216 4 2 2 1    30.0   30.0
111 6574.460400 1.315E-23 0.000E+00.10230.496   44.80000.74-.010000                                                            3544331216 4 2 2 1     0.0    0.0
111 6574.479600 4.400E-23 0.000E+00.07370.238  298.30000.77-.007000                                                            3544331216 4 2 2 1     0.0    0.0
111 6574.561500 4.194E-24 0.000E+00.06500.521  333.00000.60-.007000                                                            3414331216 4 2 2 1     0.0    0.0
111 6574.681800 1.541E-23 0.000E+00.06500.521  333.00000.60-.007000                                                            3514331216 4 2 2 1     0.0    0.0
111 6574.875900 1.053E-22 0.000E+00.08910.435  264.50000.66-.009000                                                            4544331216 4 2 2 1     0.0    0.0
111 6574.912400 2.392E-23 0.000E+00.08410.444  580.80000.80-.008000                                                            3544331216 4 2 2 1     0.0    0.0
111 6575.068900 3.650E-23 0.000E+00.08750.452  357.60000.63-.009000                                                            3444331216 4 2 2 1     0.0    0.0
111 6575.082400 1.274E-22 2.592E-01.10280.437   15.37960.74-.010000 1002 02 2 E'   0000 00 0 A1'  2  2 s E' E'   1  1 s E" E"  4666531216 4 2 2 1    30.0   18.0
111 6575.235200 1.580E-23 1.441E-01.07100.274  549.96530.51-.006000 1002 02 2 E'   0000 00 0 A1'  7  0 s A2'E'   7  1 s E" E"  3466531216 4 2 2 1    90.0   90.0
111 6575.432200 3.940E-22 2.514E+00.10510.657  476.47110.95-.010000 0012 12 1 E'   0000 00 0 A1'  7  7 s E" E"   8  8 s E' E'  4566231216 4 2 1 1    90.0  102.0
111 6575.484900 1.133E-22 2.538E-01.10230.496  104.39040.71-.010000 1002 02 2 E"   0000 00 0 A2"  3  1 a E" E'   3  2 a E' E"  4566531216 4 2 2 1    42.0   42.0
111 6575.538100 1.280E-23 0.000E+00.06500.521  333.00000.60-.007000                                                            3414331216 4 2 2 1     0.0    0.0
111 6575.599400 1.561E-23 0.000E+00.06500.521  333.00000.60-.007000                                                            3414331216 4 2 2 1     0.0    0.0
111 6575.622500 1.400E-22 0.000E+00.09460.510  239.40000.63-.009000                                                            4544331216 4 2 2 1     0.0    0.0
111 6575.680100 5.520E-23 0.000E+00.07370.238  298.30000.77-.007000                                                            3544331216 4 2 2 1     0.0    0.0
111 6575.718900 4.880E-22 9.970E-01.10280.437   16.17000.74-.010000 1002 02 2 E"   0000 00 0 A2"  2  2 a E' E"   1  1 a E" E'  4566531216 4 2 2 1    30.0   18.0
111 6575.814300 1.601E-23 0.000E+00.08410.444  581.50000.80-.008000                                                            3544331216 4 2 2 1     0.0    0.0
111 6575.853800 3.412E-22 2.709E+00.08180.388  521.42950.65-.007000 1010 10 1 E"   0000 00 0 A2"  7  4 a E' A2"  7  3 a A2"A2' 4566531216 4 2 2 1    90.0   90.0
111 6575.907000 1.900E-23 0.000E+00.06500.521  333.00000.60-.007000                                                            3514331216 4 2 2 1     0.0    0.0
111 6576.007600 1.278E-23 0.000E+00.08580.455  463.00000.65-.009000                                                            3444331216 4 2 2 1     0.0    0.0
111 6576.165100 1.113E-22 2.485E-01.10230.496  103.62870.71-.010000 1002 02 2 E'   0000 00 0 A1'  3  1 s E" E"   3  2 s E' E'  4566531216 4 2 2 1    42.0   42.0
111 6576.265100 5.122E-23 0.000E+00.09460.510  238.70000.63-.009000                                                            3544331216 4 2 2 1     0.0    0.0
111 6576.338800 5.566E-24 0.000E+00.06500.521  333.00000.60-.007000                                                            3514331216 4 2 2 1     0.0    0.0
111 6576.375200 1.420E-23 0.000E+00.09210.518  423.20000.54-.009000                                                            3444331216 4 2 2 1     0.0    0.0
111 6576.397600 1.468E-22 0.000E+00.10030.591  206.10000.64-.010000                                                            4544331216 4 2 2 1     0.0    0.0
111 6576.527800 7.824E-24 0.000E+00.09460.510  239.40000.63-.009000                                                            3444331216 4 2 2 1     0.0    0.0
111 6576.641000 1.412E-23 0.000E+00.07400.345  522.20000.72-.007000                                                            3444331216 4 2 2 1     0.0    0.0
111 6576.702900 1.940E-22 1.536E+00.08180.388  520.82850.65-.007000 1010 10 1 E'   0000 00 0 A1'  7  4 s E' A2'  7  3 s A2"A2" 4566531216 4 2 2 1    90.0   90.0
111 6576.746300 7.400E-23 1.897E-01.09670.448  183.75960.70-.009000 1002 02 2 E"   0000 00 0 A2"  4  1 a E" E'   4  2 a E' E"  3566531216 4 2 2 1    54.0   54.0
111 6576.827700 1.000E-23 0.000E+00.06830.297  540.40000.78-.007000                                                            3444331216 4 2 2 1     0.0    0.0
111 6576.930700 9.074E-24 0.000E+00.06500.521  333.00000.60-.007000                                                            3414331216 4 2 2 1     0.0    0.0
111 6577.008000 3.134E-22 1.462E+00.08900.435  382.52500.64-.008000 1010 10 1 E'   0000 00 0 A1'  6  4 s E' A2'  6  3 s A2"A2" 4566531216 4 2 2 1    78.0   78.0
111 6577.185700 5.082E-22 2.378E+00.08900.435  383.18410.64-.008000 1010 10 1 E"   0000 00 0 A2"  6  4 a E' A2"  6  3 a A1'A2' 4566531216 4 2 2 1    78.0   78.0
111 6577.310300 1.746E-22 0.000E+00.06830.297  540.40000.78-.007000                                                            4544331216 4 2 2 1     0.0    0.0
111 6577.481700 1.339E-23 0.000E+00.09740.561  478.10000.61-.010000                                                            3544331216 4 2 2 1     0.0    0.0
111 6577.693600 4.799E-24 0.000E+00.06500.521  333.00000.60-.007000                                                            3414331216 4 2 2 1     0.0    0.0
111 6577.722700 5.001E-23 0.000E+00.08080.255  199.30000.75-.008000                                                            3544331216 4 2 2 1     0.0    0.0
111 6577.850200 7.138E-24 0.000E+00.06500.521  333.00000.60-.007000                                                            3514331216 4 2 2 1     0.0    0.0
111 6577.871300 1.274E-23 0.000E+00.06500.521  333.00000.60-.007000                                                            3514331216 4 2 2 1     0.0    0.0
111 6577.899600 8.711E-24 0.000E+00.06500.521  333.00000.60-.007000                                                            3514331216 4 2 2 1     0.0    0.0
111 6577.949000 6.453E-23 0.000E+00.08910.435  265.20000.66-.009000                                                            3544331216 4 2 2 1     0.0    0.0
111 6578.057500 1.157E-23 0.000E+00.05770.215  554.90000.83-.006000                                                            3444331216 4 2 2 1     0.0    0.0
111 6578.261000 6.130E-24 0.000E+00.10230.496   44.80000.74-.010000                                                            3544331216 4 2 2 1     0.0    0.0
111 6578.424500 7.461E-24 0.000E+00.08910.435  265.20000.66-.009000                                                            3444331216 4 2 2 1     0.0    0.0
111 6578.445300 7.985E-23 0.000E+00.09340.521  324.40000.60-.009000                                                            3544331216 4 2 2 1     0.0    0.0
111 6578.555300 8.308E-23 0.000E+00.07630.328  401.60000.71-.008000                                                            3544331216 4 2 2 1     0.0    0.0
111 6578.608900 6.856E-24 0.000E+00.10230.496   44.80000.74-.010000                                                            3444331216 4 2 2 1     0.0    0.0
111 6578.748400 1.121E-22 2.866E-01.09670.448  183.03570.70-.009000 1002 02 2 E'   0000 00 0 A1'  4  1 s E" E"   4  2 s E' E'  4566531216 4 2 2 1    54.0   54.0
111 6578.875200 1.839E-23 0.000E+00.08370.364  282.90000.67-.008000                                                            3444331216 4 2 2 1     0.0    0.0
111 6579.054500 1.658E-23 0.000E+00.08580.455  463.00000.65-.009000                                                            3544331216 4 2 2 1     0.0    0.0
111 6579.170000 8.550E-22 2.657E+00.09570.486  264.43320.66-.009000 1010 10 1 E"   0000 00 0 A2"  5  4 a E' A2"  5  3 a A2"A2' 4566531216 4 2 2 1    66.0   66.0
111 6579.182000 1.800E-22 0.000E+00.06500.521  333.00000.60-.007000                                                            3514331216 4 2 2 1     0.0    0.0
111 6579.269400 7.985E-23 0.000E+00.08910.435  264.50000.66-.009000                                                            3544331216 4 2 2 1     0.0    0.0
111 6579.315100 1.258E-23 0.000E+00.09190.360  116.30000.71-.009000                                                            3544331216 4 2 2 1     0.0    0.0
111 6579.349800 8.550E-22 2.648E+00.09570.486  263.72320.66-.009000 1010 10 1 E'   0000 00 0 A1'  5  4 s E' A2'  5  3 s A2"A2" 4566531216 4 2 2 1    66.0   66.0
111 6579.437100 7.622E-22 1.781E+00.10170.541  164.53770.69-.010000 1010 10 1 E'   0000 00 0 A1'  4  4 s E' A2'  4  3 s A2"A2" 4566531216 4 2 2 1    54.0   54.0
111 6579.528400 7.864E-22 1.845E+00.10170.541  165.29450.69-.010000 1010 10 1 E"   0000 00 0 A2"  4  4 a E' A2"  4  3 a A1'A2' 4566531216 4 2 2 1    54.0   54.0
111 6579.631800 6.614E-24 0.000E+00.06500.521  333.00000.60-.007000                                                            3514331216 4 2 2 1     0.0    0.0
111 6579.657600 1.682E-23 0.000E+00.07550.375  759.00000.80-.008000                                                            3544331216 4 2 2 1     0.0    0.0
111 6579.702000 1.371E-23 0.000E+00.08750.425  790.70000.61-.009000                                                            3444331216 4 2 2 1     0.0    0.0
111 6579.765600 5.243E-22 2.972E+00.09940.595  422.42960.79-.009000 0012 12 1 E"   0000 00 0 A2"  6  5 a E" A2'  7  6 a A1'A2" 4566531216 4 2 2 1    78.0   90.0
111 6580.031500 6.896E-22 3.895E+00.09940.595  421.66490.79-.009000 0012 12 1 E'   0000 00 0 A1'  6  5 s E" A2"  7  6 s A2"A2' 4566531216 4 2 2 1    78.0   90.0
111 6580.171100 1.153E-23 0.000E+00.06500.521  333.00000.60-.007000                                                            3414331216 4 2 2 1     0.0    0.0
111 6580.304200 9.962E-24 0.000E+00.06500.521  333.00000.60-.007000                                                            3514331216 4 2 2 1     0.0    0.0
111 6580.520700 2.170E-23 0.000E+00.09670.448  104.40000.73-.010000                                                            3544331216 4 2 2 1     0.0    0.0
111 6580.605300 1.000E-21 3.904E+00.10730.548   44.00260.71-.010000 1010 10 1 E'   0000 00 0 A1'  1  1 s E" E"   2  2 s E' E'  4566531216 4 2 2 1    18.0   30.0
111 6580.727200 9.800E-22 3.841E+00.10730.548   44.79390.71-.010000 1010 10 1 E"   0000 00 0 A2"  1  1 a E" E'   2  2 a E' E"  4566531216 4 2 2 1    18.0   30.0
111 6580.791000 9.276E-23 0.000E+00.08910.435  265.20000.66-.009000                                                            3544331216 4 2 2 1     0.0    0.0
111 6580.825800 1.613E-23 0.000E+00.09500.473  721.10000.61-.009000                                                            3544331216 4 2 2 1     0.0    0.0
111 6580.866800 4.517E-23 7.425E-01.06830.296  696.60200.77-.006000 1010 10 1 E'   0000 00 0 A1'  8  3 s A1"E"   8  2 s E' E'  3566431216 4 2 2 1   102.0  102.0
111 6581.013700 1.516E-23 0.000E+00.09500.473  721.10000.61-.009000                                                            3544331216 4 2 2 1     0.0    0.0
111 6581.034500 1.549E-23 0.000E+00.06500.521  333.00000.60-.007000                                                            3414331216 4 2 2 1     0.0    0.0
111 6581.098800 2.230E-22 0.000E+00.08750.452  357.60000.63-.009000                                                            4544331216 4 2 2 1     0.0    0.0
111 6581.162800 2.496E-23 0.000E+00.07980.397  496.70000.66-.008000                                                            3544331216 4 2 2 1     0.0    0.0
111 6581.234900 5.445E-23 1.890E-01.09190.360  194.11290.67-.009000 0012 12 1 E'   0000 00 0 A1'  3  2 s E' E'   4  1 s E" E"  3566531216 4 2 2 1    42.0   54.0
111 6581.269200 8.792E-24 0.000E+00.08910.435  265.20000.66-.009000                                                            3444331216 4 2 2 1     0.0    0.0
111 6581.339700 3.158E-22 1.749E+00.08900.435  383.18410.64-.008000 0012 12 1 E"   0000 00 0 A2"  5  2 a E' A2"  6  3 a A2"A2' 4566531216 4 2 2 1    66.0   78.0
111 6581.607000 3.105E-23 0.000E+00.07860.299  294.00000.72-.008000                                                            3544331216 4 2 2 1     0.0    0.0
111 6581.697300 2.351E-22 1.298E+00.08900.435  382.52500.64-.008000 0012 12 1 E'   0000 00 0 A1'  5  2 s E' A2'  6  3 s A2"A2" 4566531216 4 2 2 1    66.0   78.0
111 6581.743900 6.937E-23 2.351E-01.09050.404  282.14380.66-.008000 1002 02 2 E'   0000 00 0 A1'  5  1 s E" E"   5  2 s E' E'  3566531216 4 2 2 1    66.0   66.0
111 6581.801100 5.687E-24 0.000E+00.06500.521  333.00000.60-.007000                                                            3514331216 4 2 2 1     0.0    0.0
111 6581.994200 1.847E-23 0.000E+00.08750.452  357.60000.63-.009000                                                            3544331216 4 2 2 1     0.0    0.0
111 6582.022000 2.263E-23 1.961E-01.07630.328  539.05150.63-.007000 1002 02 2 E'   0000 00 0 A1'  7  1 s E" E"   7  2 s E' E'  3466531216 4 2 2 1    90.0   90.0
111 6582.104200 3.311E-22 1.619E+00.09460.510  357.49110.72-.009000 0012 12 1 E"   0000 00 0 A2"  5  3 a A2"E'   6  4 a E' E"  4566531216 4 2 2 1    66.0   78.0
111 6582.157900 5.122E-24 0.000E+00.06500.521  333.00000.60-.007000                                                            3514331216 4 2 2 1     0.0    0.0
111 6582.180600 4.719E-23 7.780E-01.06830.296  697.12370.77-.006000 1010 10 1 E"   0000 00 0 A2"  8  3 a A1"E'   8  2 a E' E"  3566431216 4 2 2 1   102.0  102.0
111 6582.472300 1.129E-23 0.000E+00.07370.238  298.30000.77-.007000                                                            3444331216 4 2 2 1     0.0    0.0
111 6582.532200 2.198E-22 1.071E+00.09460.510  356.79080.72-.009000 0012 12 1 E'   0000 00 0 A1'  5  3 s A2"E"   6  4 s E' E'  4566531216 4 2 2 1    66.0   78.0
111 6582.558800 1.057E-23 0.000E+00.06500.521  333.00000.60-.007000                                                            3514331216 4 2 2 1     0.0    0.0
111 6582.627400 1.424E-22 2.393E-01.10230.496   44.79390.71-.010000 1002 02 2 E"   0000 00 0 A2"  3  3 a A2"E'   2  2 a E' E"  4666531216 4 2 2 1    42.0   30.0
111 6582.716700 7.703E-24 0.000E+00.06500.521  333.00000.60-.007000                                                            3514331216 4 2 2 1     0.0    0.0
111 6582.935400 5.727E-24 0.000E+00.06500.521  333.00000.60-.007000                                                            3514331216 4 2 2 1     0.0    0.0
111 6583.050700 3.674E-23 0.000E+00.09340.521  325.10000.60-.009000                                                            3444331216 4 2 2 1     0.0    0.0
111 6583.105800 5.203E-23 4.523E-01.07630.328  539.62830.63-.007000 1010 10 1 E"   0000 00 0 A2"  7  3 a A1"E'   7  2 a E' E"  3566531216 4 2 2 1    90.0   90.0
111 6583.306100 1.012E-22 4.439E-01.08550.327  293.83660.62-.008000 0012 12 1 E"   0000 00 0 A2"  4  0 a A1'E"   5  1 a E" E'  4566531216 4 2 2 1    54.0   66.0
111 6583.365100 1.891E-23 9.692E-02.08370.364  401.48440.62-.008000 1002 02 2 E"   0000 00 0 A2"  6  1 a E" E'   6  2 a E' E"  3466531216 4 2 2 1    78.0   78.0
111 6583.457600 2.133E-23 0.000E+00.09210.518  423.20000.54-.009000                                                            3544331216 4 2 2 1     0.0    0.0
111 6583.629300 1.057E-23 0.000E+00.08910.435  265.20000.66-.009000                                                            3544331216 4 2 2 1     0.0    0.0
111 6583.679200 1.049E-23 0.000E+00.06500.521  333.00000.60-.007000                                                            3514331216 4 2 2 1     0.0    0.0
111 6583.759700 2.101E-23 0.000E+00.08750.452  357.60000.63-.009000                                                            3544331216 4 2 2 1     0.0    0.0
111 6583.849400 9.437E-24 0.000E+00.06500.521  333.00000.60-.007000                                                            3414331216 4 2 2 1     0.0    0.0
111 6583.964000 1.573E-23 0.000E+00.10110.573  140.20000.70-.010000                                                            3444331216 4 2 2 1     0.0    0.0
111 6584.002500 1.319E-23 0.000E+00.09630.524  593.50000.61-.010000                                                            3544331216 4 2 2 1     0.0    0.0
111 6584.045000 8.106E-24 0.000E+00.09770.397   56.70000.73-.010000                                                            3544331216 4 2 2 1     0.0    0.0
111 6584.159400 9.437E-24 0.000E+00.08750.452  357.60000.63-.009000                                                            3544331216 4 2 2 1     0.0    0.0
111 6584.231400 7.945E-23 3.475E-01.08550.327  293.17490.62-.008000 0012 12 1 E'   0000 00 0 A1'  4  0 s A1'E'   5  1 s E" E"  3566531216 4 2 2 1    54.0   66.0
111 6584.347700 1.371E-23 0.000E+00.06500.521  333.00000.60-.007000                                                            3514331216 4 2 2 1     0.0    0.0
111 6584.502000 7.098E-23 0.000E+00.08580.455  463.00000.65-.009000                                                            3544331216 4 2 2 1     0.0    0.0
111 6584.670300 7.582E-24 0.000E+00.06500.521  333.00000.60-.007000                                                            3514331216 4 2 2 1     0.0    0.0
111 6584.697700 8.066E-24 0.000E+00.06500.521  333.00000.60-.007000                                                            3514331216 4 2 2 1     0.0    0.0
111 6584.823100 8.792E-24 0.000E+00.06500.521  333.00000.60-.007000                                                            3514331216 4 2 2 1     0.0    0.0
111 6584.890900 1.573E-22 0.000E+00.08750.452  358.30000.63-.009000                                                            4544331216 4 2 2 1     0.0    0.0
111 6584.942800 3.573E-23 0.000E+00.07550.375  759.00000.80-.008000                                                            3444331216 4 2 2 1     0.0    0.0
111 6585.037400 4.920E-23 4.267E-01.07630.328  539.05150.63-.007000 1010 10 1 E'   0000 00 0 A1'  7  3 s A1"E"   7  2 s E' E'  3566531216 4 2 2 1    90.0   90.0
111 6585.048000 3.226E-23 0.000E+00.09460.510  238.70000.63-.009000                                                            3544331216 4 2 2 1     0.0    0.0
111 6585.078700 9.400E-23 0.000E+00.07370.238  298.30000.77-.007000                                                            3544331216 4 2 2 1     0.0    0.0
111 6585.548300 4.275E-24 0.000E+00.06500.521  333.00000.60-.007000                                                            3414331216 4 2 2 1     0.0    0.0
111 6585.574700 6.130E-23 0.000E+00.08580.455  463.00000.65-.009000                                                            3544331216 4 2 2 1     0.0    0.0
111 6585.685300 7.461E-24 0.000E+00.08370.364  283.60000.67-.008000                                                            3544331216 4 2 2 1     0.0    0.0
111 6585.733100 1.141E-23 0.000E+00.10030.591  206.10000.64-.010000                                                            3544331216 4 2 2 1     0.0    0.0
111 6586.102600 1.859E-23 0.000E+00.07980.397  496.70000.66-.008000                                                            3444331216 4 2 2 1     0.0    0.0
111 6586.187600 1.682E-23 1.463E-01.07630.328  539.62830.63-.007000 1002 02 2 E"   0000 00 0 A2"  7  1 a E" E'   7  2 a E' E"  3466531216 4 2 2 1    90.0   90.0
111 6586.276800 4.154E-24 0.000E+00.06500.521  333.00000.60-.007000                                                            3414331216 4 2 2 1     0.0    0.0
111 6586.333900 7.421E-24 0.000E+00.06500.521  333.00000.60-.007000                                                            3514331216 4 2 2 1     0.0    0.0
111 6586.386100 2.077E-22 4.267E-01.10720.600   85.86440.73-.010000 1002 02 2 E"   0000 00 0 A2"  3  2 a E' A2"  3  3 a A2"A2' 4566531216 4 2 2 1    42.0   42.0
111 6586.570700 4.840E-24 0.000E+00.06500.521  333.00000.60-.007000                                                            3414331216 4 2 2 1     0.0    0.0
111 6586.644400 1.057E-23 0.000E+00.06500.521  333.00000.60-.007000                                                            3414331216 4 2 2 1     0.0    0.0
111 6586.680500 4.194E-22 2.152E+00.08370.364  401.48440.62-.008000 1010 10 1 E"   0000 00 0 A2"  6  3 a A1"E'   6  2 a E' E"  4566531216 4 2 2 1    78.0   78.0
111 6586.849100 1.996E-22 0.000E+00.09670.448  105.20000.73-.010000                                                            4544331216 4 2 2 1     0.0    0.0
111 6586.910500 6.049E-24 0.000E+00.06500.521  333.00000.60-.007000                                                            3514331216 4 2 2 1     0.0    0.0
111 6587.133400 1.662E-23 0.000E+00.08750.425  790.70000.61-.009000                                                            3444331216 4 2 2 1     0.0    0.0
111 6587.159300 1.000E-23 0.000E+00.08910.435  265.20000.66-.009000                                                            3544331216 4 2 2 1     0.0    0.0
111 6587.200900 1.113E-23 0.000E+00.09460.510  238.70000.63-.009000                                                            3444331216 4 2 2 1     0.0    0.0
111 6587.260900 1.016E-21 3.461E+00.09050.404  282.82330.66-.008000 1010 10 1 E"   0000 00 0 A2"  5  3 a A1"E'   5  2 a E' E"  4566531216 4 2 2 1    66.0   66.0
111 6587.391400 1.533E-23 0.000E+00.08750.425  790.70000.61-.009000                                                            3544331216 4 2 2 1     0.0    0.0
111 6587.468900 2.936E-23 0.000E+00.08750.452  357.60000.63-.009000                                                            3444331216 4 2 2 1     0.0    0.0
111 6587.502700 5.767E-22 1.958E+00.09050.404  282.14380.66-.008000 1010 10 1 E'   0000 00 0 A1'  5  3 s A1"E"   5  2 s E' E'  4566531216 4 2 2 1    66.0   66.0
111 6587.704400 2.525E-23 0.000E+00.08910.435  264.50000.66-.009000                                                            3544331216 4 2 2 1     0.0    0.0
111 6587.733400 1.287E-23 0.000E+00.06500.521  333.00000.60-.007000                                                            3514331216 4 2 2 1     0.0    0.0
111 6587.769500 5.203E-22 1.065E+00.10720.600   85.06820.73-.010000 1002 02 2 E'   0000 00 0 A1'  3  2 s E' A2'  3  3 s A2"A2" 4566531216 4 2 2 1    42.0   42.0
111 6587.818600 1.658E-22 0.000E+00.07980.397  496.70000.66-.008000                                                            4544331216 4 2 2 1     0.0    0.0
111 6587.848600 3.263E-23 0.000E+00.09060.238 1177.30000.61-.009000                                                            3544331216 4 2 2 1     0.0    0.0
111 6587.882200 6.332E-22 1.629E+00.09670.448  183.75960.70-.009000 1010 10 1 E"   0000 00 0 A2"  4  3 a A1"E'   4  2 a E' E"  4566531216 4 2 2 1    54.0   54.0
111 6587.935300 1.101E-23 0.000E+00.08370.364  282.90000.67-.008000                                                            3544331216 4 2 2 1     0.0    0.0
111 6587.957300 2.371E-23 0.000E+00.06500.521  333.00000.60-.007000                                                            3514331216 4 2 2 1     0.0    0.0
111 6587.980000 5.080E-22 0.000E+00.10030.591  206.10000.64-.010000                                                            4544331216 4 2 2 1     0.0    0.0
111 6587.987000 3.600E-22 8.067E-01.10230.496  103.62870.71-.010000 1010 10 1 E'   0000 00 0 A1'  3  3 s A1"E"   3  2 s E' E'  4566531216 4 2 2 1    42.0   42.0
111 6587.987000 3.600E-22 9.229E-01.09670.448  183.03570.70-.009000 1010 10 1 E'   0000 00 0 A1'  4  3 s A1"E"   4  2 s E' E'  4566531216 4 2 2 1    54.0   54.0
111 6588.035700 2.174E-23 0.000E+00.09740.561  478.10000.61-.010000                                                            3544331216 4 2 2 1     0.0    0.0
111 6588.083200 5.082E-22 1.143E+00.10230.496  104.39040.71-.010000 1010 10 1 E"   0000 00 0 A2"  3  3 a A1"E'   3  2 a E' E"  4566531216 4 2 2 1    42.0   42.0
111 6588.115100 5.041E-22 2.267E+00.10570.673  374.31360.84-.010000 0012 12 1 E"   0000 00 0 A2"  6  6 a A2'E"   7  7 a E" E'  4566531216 4 2 2 1    78.0   90.0
111 6588.198000 5.646E-24 0.000E+00.06500.521  333.00000.60-.007000                                                            3514331216 4 2 2 1     0.0    0.0
111 6588.245500 4.073E-23 0.000E+00.07980.397  496.70000.66-.008000                                                            3544331216 4 2 2 1     0.0    0.0
111 6588.299300 2.831E-22 4.509E-01.10170.541   85.06820.73-.010000 1002 02 2 E'   0000 00 0 A1'  4  4 s E' A2'  3  3 s A2"A2" 4566531216 4 2 2 1    54.0   42.0
111 6588.409700 1.202E-23 0.000E+00.09500.473  721.10000.61-.009000                                                            3444331216 4 2 2 1     0.0    0.0
111 6588.542000 1.896E-23 0.000E+00.08410.444  580.80000.80-.008000                                                            3544331216 4 2 2 1     0.0    0.0
111 6588.614700 3.218E-22 7.570E-01.10170.541  165.29450.69-.010000 1002 02 2 E"   0000 00 0 A2"  4  2 a E' A2"  4  3 a A2"A2' 4566531216 4 2 2 1    54.0   54.0
111 6588.689600 4.840E-24 0.000E+00.06500.521  333.00000.60-.007000                                                            3414331216 4 2 2 1     0.0    0.0
111 6588.776700 1.516E-23 2.633E-01.06290.253  707.44520.68-.005000 1010 10 1 E'   0000 00 0 A1'  8  2 s E' E'   8  1 s E" E"  3566531216 4 2 2 1   102.0  102.0
111 6588.836600 3.194E-23 0.000E+00.08370.364  283.60000.67-.008000                                                            3544331216 4 2 2 1     0.0    0.0
111 6588.861700 3.283E-22 5.250E-01.10170.541   85.86440.73-.010000 1002 02 2 E"   0000 00 0 A2"  4  4 a E' A2"  3  3 a A2"A2' 4566531216 4 2 2 1    54.0   42.0
111 6588.888700 5.687E-23 0.000E+00.08750.425  790.70000.61-.009000                                                            3644331216 4 2 2 1     0.0    0.0
111 6588.923000 1.416E-22 0.000E+00.05650.249 1170.80000.80-.006000                                                            4544331216 4 2 2 1     0.0    0.0
111 6588.962800 4.557E-22 1.068E+00.10170.541  164.53770.69-.010000 1002 02 2 E'   0000 00 0 A1'  4  2 s E' A2'  4  3 s A2"A2" 4566531216 4 2 2 1    54.0   54.0
111 6589.067200 2.932E-22 3.050E-01.09840.331   19.09650.70-.010000 1002 02 2 E'   0000 00 0 A1'  2  1 s E" A2"  1  0 s A2'A2' 4566231216 4 2 1 1    60.0   36.0
111 6589.218200 1.649E-23 0.000E+00.08750.425  790.70000.61-.009000                                                            3544331216 4 2 2 1     0.0    0.0
111 6589.263000 8.400E-24 0.000E+00.06500.521  333.00000.60-.007000                                                            3414331216 4 2 2 1     0.0    0.0
111 6589.307000 2.660E-23 0.000E+00.06290.253  550.80000.77-.006000                                                            3544331216 4 2 2 1     0.0    0.0
111 6589.322700 1.460E-22 0.000E+00.06290.253  550.80000.77-.006000                                                            4544331216 4 2 2 1     0.0    0.0
111 6589.485100 6.000E-24 0.000E+00.06500.521  333.00000.60-.007000                                                            3414331216 4 2 2 1     0.0    0.0
111 6589.573100 3.130E-23 0.000E+00.08580.455  463.00000.65-.009000                                                            3444331216 4 2 2 1     0.0    0.0
111 6589.594000 5.480E-24 0.000E+00.06500.521  333.00000.60-.007000                                                            3414331216 4 2 2 1     0.0    0.0
111 6589.650700 9.962E-24 0.000E+00.06500.521  333.00000.60-.007000                                                            3514331216 4 2 2 1     0.0    0.0
111 6589.763900 9.881E-24 0.000E+00.07980.397  496.70000.66-.008000                                                            3544331216 4 2 2 1     0.0    0.0
111 6589.803800 3.041E-23 0.000E+00.08910.435  265.20000.66-.009000                                                            3444331216 4 2 2 1     0.0    0.0
111 6589.900400 1.327E-22 0.000E+00.07860.299  294.00000.72-.008000                                                            4544331216 4 2 2 1     0.0    0.0
111 6589.961500 5.364E-23 0.000E+00.05650.249 1170.80000.80-.006000                                                            3644331216 4 2 2 1     0.0    0.0
111 6590.016500 2.125E-23 0.000E+00.08410.444  580.80000.80-.008000                                                            3544331216 4 2 2 1     0.0    0.0
111 6590.084300 1.787E-22 7.446E-01.09050.404  282.82330.66-.008000 0012 10 1 E"   0000 00 0 A2"  4  1 a E" E'   5  2 a E' E"  4566531216 4 2 2 1    54.0   66.0
111 6590.205700 1.553E-23 0.000E+00.07860.299  294.00000.72-.008000                                                            3544331216 4 2 2 1     0.0    0.0
111 6590.323800 4.396E-23 0.000E+00.08750.425  790.70000.61-.009000                                                            3544331216 4 2 2 1     0.0    0.0
111 6590.430000 5.122E-23 0.000E+00.09340.521  324.40000.60-.009000                                                            3644331216 4 2 2 1     0.0    0.0
111 6590.564900 1.053E-23 0.000E+00.09210.518  423.20000.54-.009000                                                            3544331216 4 2 2 1     0.0    0.0
111 6590.729700 1.674E-22 6.953E-01.09050.404  282.14380.66-.008000 0012 12 1 E'   0000 00 0 A1'  4  1 s E" E"   5  2 s E' E'  4566531216 4 2 2 1    54.0   66.0
111 6590.764400 8.389E-24 0.000E+00.06500.521  333.00000.60-.007000                                                            3514331216 4 2 2 1     0.0    0.0
111 6590.839300 5.000E-24 0.000E+00.06500.521  333.00000.60-.007000                                                            3514331216 4 2 2 1     0.0    0.0
111 6590.888600 7.461E-24 0.000E+00.06500.521  333.00000.60-.007000                                                            3514331216 4 2 2 1     0.0    0.0
111 6590.978900 4.194E-23 0.000E+00.07550.375  759.00000.80-.008000                                                            3544331216 4 2 2 1     0.0    0.0
111 6591.019600 5.808E-23 0.000E+00.09460.510  238.70000.63-.009000                                                            3544331216 4 2 2 1     0.0    0.0
111 6591.130700 2.496E-22 0.000E+00.09950.595  284.40000.64-.010000                                                            4544331216 4 2 2 1     0.0    0.0
111 6591.165900 4.073E-22 7.244E-01.08720.277  198.50050.67-.008000 0012 12 1 E"   0000 00 0 A2"  3  1 a E" A2'  4  0 a A1'A2" 4566531216 4 2 2 1    84.0  108.0
111 6591.221700 5.767E-24 0.000E+00.06500.521  333.00000.60-.007000                                                            3514331216 4 2 2 1     0.0    0.0
111 6591.336200 3.247E-23 0.000E+00.08750.425  790.70000.61-.009000                                                            3444331216 4 2 2 1     0.0    0.0
111 6591.439100 2.355E-23 0.000E+00.07400.345  521.60000.72-.007000                                                            3444331216 4 2 2 1     0.0    0.0
111 6591.486600 1.649E-23 0.000E+00.07370.238  298.30000.77-.007000                                                            3444331216 4 2 2 1     0.0    0.0
111 6591.596400 1.258E-23 0.000E+00.09460.510  238.70000.63-.009000                                                            3444331216 4 2 2 1     0.0    0.0
111 6591.654400 6.816E-23 6.246E-01.07100.274  549.96530.51-.006000 1010 10 1 E'   0000 00 0 A1'  7  2 s E' E'   7  1 s E" E"  3566531216 4 2 2 1    90.0   90.0
111 6591.666100 5.445E-23 0.000E+00.05770.215  554.90000.83-.006000                                                            3444331216 4 2 2 1     0.0    0.0
111 6591.732700 4.194E-22 1.750E+00.10030.591  324.33390.71-.009000 0012 12 1 E"   0000 00 0 A2"  5  4 a E' E"   6  5 a E" E'  4566531216 4 2 2 1    66.0   78.0
111 6591.813800 4.396E-22 1.828E+00.10030.591  323.57560.71-.009000 0012 12 1 E'   0000 00 0 A1'  5  4 s E' E'   6  5 s E" E"  4566531216 4 2 2 1    66.0   78.0
111 6591.940300 4.275E-23 0.000E+00.05770.215  554.90000.83-.006000                                                            3544331216 4 2 2 1     0.0    0.0
111 6592.059900 4.799E-23 0.000E+00.06350.271 1124.60000.72-.006000                                                            3544331216 4 2 2 1     0.0    0.0
111 6592.100400 4.799E-24 0.000E+00.06500.521  333.00000.60-.007000                                                            3414331216 4 2 2 1     0.0    0.0
111 6592.274100 5.162E-24 0.000E+00.06500.521  333.00000.60-.007000                                                            3514331216 4 2 2 1     0.0    0.0
111 6592.306200 1.754E-23 0.000E+00.07550.375  758.40000.80-.008000                                                            3544331216 4 2 2 1     0.0    0.0
111 6592.442600 5.929E-24 0.000E+00.09460.510  238.70000.63-.009000                                                            3544331216 4 2 2 1     0.0    0.0
111 6592.479400 4.073E-24 0.000E+00.06500.521  333.00000.60-.007000                                                            3414331216 4 2 2 1     0.0    0.0
111 6592.525700 6.251E-24 2.185E-02.09190.360  194.81790.67-.009000 0012 11 1 E"   0000 00 0 A2"  3  2 a E' E"   4  1 a E" E'  3566531216 4 2 2 1    42.0   54.0
111 6592.540900 1.823E-23 0.000E+00.06830.297  540.40000.78-.007000                                                            3444331216 4 2 2 1     0.0    0.0
111 6592.618800 1.810E-23 0.000E+00.08580.455  463.00000.65-.009000                                                            3544331216 4 2 2 1     0.0    0.0
111 6592.648900 3.880E-22 3.969E+00.10730.481   15.37960.74-.010000 1010 10 1 E'   0000 00 0 A1'  0  0 s A1'E'   1  1 s E" E"  4566531216 4 2 2 1     6.0   18.0
111 6592.740500 4.275E-24 0.000E+00.06500.521  333.00000.60-.007000                                                            3414331216 4 2 2 1     0.0    0.0
111 6592.790000 3.973E-22 4.080E+00.10730.481   16.17000.74-.010000 1010 10 1 E"   0000 00 0 A2"  0  0 a A1'E"   1  1 a E" E'  4566531216 4 2 2 1     6.0   18.0
111 6592.971900 1.484E-23 0.000E+00.08410.444  581.50000.80-.008000                                                            3544331216 4 2 2 1     0.0    0.0
111 6593.012100 4.880E-24 0.000E+00.06500.521  333.00000.60-.007000                                                            3414331216 4 2 2 1     0.0    0.0
111 6593.072100 1.658E-23 0.000E+00.06500.521  333.00000.60-.007000                                                            3514331216 4 2 2 1     0.0    0.0
111 6593.130600 3.251E-22 1.011E+00.09570.486  263.72320.66-.009000 1002 02 2 E'   0000 00 0 A1'  5  2 s E' A2'  5  3 s A2"A2" 4566531216 4 2 2 1    66.0   66.0
111 6593.265900 2.077E-23 0.000E+00.09340.521  325.10000.60-.009000                                                            3544331216 4 2 2 1     0.0    0.0
111 6593.285600 1.694E-23 0.000E+00.08410.444  580.80000.80-.008000                                                            3444331216 4 2 2 1     0.0    0.0
111 6593.332200 5.001E-24 0.000E+00.10320.364    0.80000.70-.010000                                                            3544331216 4 2 2 1     0.0    0.0
111 6593.460100 3.700E-23 0.000E+00.04970.231 1210.10000.79-.005000                                                            3544331216 4 2 2 1     0.0    0.0
111 6593.560900 1.476E-22 1.357E+00.07100.274  550.52700.51-.006000 1010 10 1 E"   0000 00 0 A2"  7  2 a E' E"   7  1 a E" E'  4566531216 4 2 2 1    90.0   90.0
111 6593.582500 6.896E-23 0.000E+00.10110.573  140.20000.70-.010000                                                            3544331216 4 2 2 1     0.0    0.0
111 6593.619400 6.009E-23 0.000E+00.09740.561  478.10000.61-.010000                                                            3544331216 4 2 2 1     0.0    0.0
111 6593.788000 1.863E-23 0.000E+00.07550.375  759.00000.80-.008000                                                            3544331216 4 2 2 1     0.0    0.0
111 6593.987700 2.041E-23 0.000E+00.08560.327  194.90000.69-.009000                                                            3444331216 4 2 2 1     0.0    0.0
111 6594.157200 2.980E-22 1.616E+00.07860.299  412.44440.58-.007000 1010 10 1 E"   0000 00 0 A2"  6  2 a E' E"   6  1 a E" E'  4566531216 4 2 2 1    78.0   78.0
111 6594.172700 5.520E-23 0.000E+00.06500.521  333.00000.60-.007000                                                            3514331216 4 2 2 1     0.0    0.0
111 6594.293600 8.510E-23 4.602E-01.07860.299  411.83100.58-.007000 1010 10 1 E'   0000 00 0 A1'  6  2 s E' E'   6  1 s E" E"  3566531216 4 2 2 1    78.0   78.0
111 6594.354300 1.222E-22 0.000E+00.10110.573  140.20000.70-.010000                                                            4544331216 4 2 2 1     0.0    0.0
111 6594.409900 1.278E-23 0.000E+00.09460.510  238.70000.63-.009000                                                            3544331216 4 2 2 1     0.0    0.0
111 6594.515300 5.203E-23 0.000E+00.09500.473  721.10000.61-.009000                                                            3544331216 4 2 2 1     0.0    0.0
111 6594.606100 5.041E-23 0.000E+00.08560.327  194.90000.69-.009000                                                            3544331216 4 2 2 1     0.0    0.0
111 6594.648800 3.025E-22 1.423E+00.08900.435  383.18410.64-.008000 1002 02 2 E"   0000 00 0 A2"  6  2 a E' A2"  6  3 a A2"A2' 4566531216 4 2 2 1    78.0   78.0
111 6594.757700 8.913E-23 1.587E-01.09760.396   55.91580.72-.010000 1002 02 2 E"   0000 00 0 A2"  3  2 a E' E"   2  1 a E" E'  3566531216 4 2 2 1    42.0   30.0
111 6594.920100 1.621E-22 0.000E+00.08080.255  199.30000.75-.008000                                                            4544331216 4 2 2 1     0.0    0.0
111 6594.953000 6.614E-23 0.000E+00.09670.448  105.20000.73-.010000                                                            3544331216 4 2 2 1     0.0    0.0
111 6594.980300 9.276E-24 0.000E+00.06500.521  333.00000.60-.007000                                                            3514331216 4 2 2 1     0.0    0.0
111 6595.068200 7.784E-22 2.804E+00.08550.327  293.83660.62-.008000 1010 10 1 E"   0000 00 0 A2"  5  2 a E' E"   5  1 a E" E'  4566531216 4 2 2 1    66.0   66.0
111 6595.245900 4.013E-22 1.441E+00.08550.327  293.17490.62-.008000 1010 10 1 E'   0000 00 0 A1'  5  2 s E' E'   5  1 s E" E"  4566531216 4 2 2 1    66.0   66.0
111 6595.441200 3.218E-23 0.000E+00.09460.510  238.70000.63-.009000                                                            3544331216 4 2 2 1     0.0    0.0
111 6595.471100 1.577E-23 0.000E+00.03490.215 1080.60000.93-.003000                                                            3444331216 4 2 2 1     0.0    0.0
111 6595.520800 8.106E-24 0.000E+00.06500.521  333.00000.60-.007000                                                            3514331216 4 2 2 1     0.0    0.0
111 6595.549600 1.053E-23 0.000E+00.06500.521  333.00000.60-.007000                                                            3414331216 4 2 2 1     0.0    0.0
111 6595.620600 2.472E-22 0.000E+00.08580.455  463.00000.65-.009000                                                            4544331216 4 2 2 1     0.0    0.0
111 6595.711900 3.739E-23 0.000E+00.08750.425  790.70000.61-.009000                                                            3544331216 4 2 2 1     0.0    0.0
111 6595.811800 2.100E-23 0.000E+00.08730.277  120.00000.72-.009000                                                            3444331216 4 2 2 1     0.0    0.0
111 6595.888400 1.440E-23 0.000E+00.04970.231 1210.50000.79-.005000                                                            3544331216 4 2 2 1     0.0    0.0
111 6595.927200 6.977E-22 1.899E+00.09190.360  194.81790.67-.009000 1010 10 1 E"   0000 00 0 A2"  4  2 a E' E"   4  1 a E" E'  4566531216 4 2 2 1    54.0   54.0
111 6596.065400 1.049E-23 0.000E+00.06500.521  333.00000.60-.007000                                                            3414331216 4 2 2 1     0.0    0.0
111 6596.210000 5.525E-23 0.000E+00.07980.397  496.00000.66-.008000                                                            3644331216 4 2 2 1     0.0    0.0
111 6596.279600 1.800E-23 0.000E+00.07980.397  496.00000.66-.008000                                                            3644331216 4 2 2 1     0.0    0.0
111 6596.301800 7.864E-22 1.871E+00.09760.396  115.48490.73-.009000 1010 10 1 E"   0000 00 0 A2"  3  2 a E' E"   3  1 a E" E'  4566531216 4 2 2 1    42.0   42.0
111 6596.349000 5.566E-22 1.383E+00.10280.437   55.14530.72-.010000 1010 10 1 E'   0000 00 0 A1'  2  2 s E' E'   2  1 s E" E"  4566531216 4 2 2 1    30.0   30.0
111 6596.388500 7.542E-22 1.788E+00.09760.396  114.74320.73-.009000 1010 10 1 E'   0000 00 0 A1'  3  2 s E' E'   3  1 s E" E"  4566531216 4 2 2 1    42.0   42.0
111 6596.423000 6.251E-22 1.696E+00.09190.360  194.11290.67-.009000 1010 10 1 E'   0000 00 0 A1'  4  2 s E' E'   4  1 s E" E"  4566531216 4 2 2 1    54.0   54.0
111 6596.445200 5.404E-22 1.348E+00.10280.437   55.91580.72-.010000 1010 10 1 E"   0000 00 0 A2"  2  2 a E' E"   2  1 a E" E'  4566531216 4 2 2 1    30.0   30.0
111 6596.540300 2.174E-22 0.000E+00.07980.397  496.70000.66-.008000                                                            4544331216 4 2 2 1     0.0    0.0
111 6596.693200 3.263E-23 0.000E+00.04970.231 1210.10000.79-.005000                                                            3444331216 4 2 2 1     0.0    0.0
111 6596.718200 1.387E-23 0.000E+00.07370.238  298.30000.77-.007000                                                            3444331216 4 2 2 1     0.0    0.0
111 6596.736500 1.920E-23 0.000E+00.06500.521  333.00000.60-.007000                                                            3414331216 4 2 2 1     0.0    0.0
111 6596.799600 5.283E-24 0.000E+00.06500.521  333.00000.60-.007000                                                            3514331216 4 2 2 1     0.0    0.0
111 6596.910100 1.432E-22 0.000E+00.10030.591  206.10000.64-.010000                                                            4544331216 4 2 2 1     0.0    0.0
111 6597.087300 1.202E-22 2.134E-01.09760.396   55.14530.72-.010000 1002 02 2 E'   0000 00 0 A1'  3  2 s E' E'   2  1 s E" E"  4566531216 4 2 2 1    42.0   30.0
111 6597.137700 6.412E-24 0.000E+00.08910.435  265.20000.66-.009000                                                            3544331216 4 2 2 1     0.0    0.0
111 6597.253000 1.533E-23 0.000E+00.08750.452  357.60000.63-.009000                                                            3444331216 4 2 2 1     0.0    0.0
111 6597.319400 1.097E-23 0.000E+00.06500.521  333.00000.60-.007000                                                            3414331216 4 2 2 1     0.0    0.0
111 6597.473800 5.082E-23 0.000E+00.08080.255  199.30000.75-.008000                                                            3544331216 4 2 2 1     0.0    0.0
111 6597.489300 9.155E-24 0.000E+00.06500.521  333.00000.60-.007000                                                            3514331216 4 2 2 1     0.0    0.0
111 6597.515300 1.109E-23 0.000E+00.07370.238  298.30000.77-.007000                                                            3444331216 4 2 2 1     0.0    0.0
111 6597.591000 2.025E-22 0.000E+00.08750.425  790.70000.61-.009000                                                            4544331216 4 2 2 1     0.0    0.0
111 6597.650100 6.695E-24 0.000E+00.08080.255  199.30000.75-.008000                                                            3544331216 4 2 2 1     0.0    0.0
111 6597.764300 3.493E-23 0.000E+00.09190.360  115.50000.71-.009000                                                            3544331216 4 2 2 1     0.0    0.0
111 6597.817000 2.077E-23 0.000E+00.07370.238  298.30000.77-.007000                                                            3544331216 4 2 2 1     0.0    0.0
111 6597.875600 5.767E-22 2.203E+00.09570.486  264.43320.66-.009000 0012 12 1 E"   0000 00 0 A2"  4  2 a E' A2"  5  3 a A2"A2' 4566531216 4 2 2 1    54.0   66.0
111 6598.089400 5.888E-22 2.241E+00.09570.486  263.72320.66-.009000 0012 12 1 E'   0000 00 0 A1'  4  2 s E' A2'  5  3 s A2'A2" 4566531216 4 2 2 1    54.0   66.0
111 6598.141000 4.194E-24 0.000E+00.06500.521  333.00000.60-.007000                                                            3414331216 4 2 2 1     0.0    0.0
111 6598.194500 7.663E-24 0.000E+00.06500.521  333.00000.60-.007000                                                            3514331216 4 2 2 1     0.0    0.0
111 6598.261400 9.437E-24 0.000E+00.06500.521  333.00000.60-.007000                                                            3514331216 4 2 2 1     0.0    0.0
111 6598.309400 9.518E-24 0.000E+00.09460.510  238.70000.63-.009000                                                            3444331216 4 2 2 1     0.0    0.0
111 6598.367000 1.496E-22 0.000E+00.07860.299  294.00000.72-.008000                                                            4544331216 4 2 2 1     0.0    0.0
111 6598.434400 1.032E-22 2.147E-01.10700.639  139.36990.76-.010000 1002 02 2 E"   0000 00 0 A2"  4  3 a A1"E'   4  4 a E' E"  4566531216 4 2 2 1    54.0   54.0
111 6598.530600 3.770E-23 0.000E+00.09630.524  592.60000.61-.010000                                                            3544331216 4 2 2 1     0.0    0.0
111 6598.544200 1.040E-22 0.000E+00.09630.524  592.60000.61-.010000                                                            4544331216 4 2 2 1     0.0    0.0
111 6598.577100 1.700E-23 0.000E+00.08580.455  463.70000.65-.009000                                                            3544331216 4 2 2 1     0.0    0.0
111 6598.613300 1.323E-22 0.000E+00.09950.595  284.40000.64-.010000                                                            4544331216 4 2 2 1     0.0    0.0
111 6598.774700 1.416E-23 1.709E-01.09740.500  654.85330.95-.009000 0012 12 1 E'   0000 00 0 A1'  9  9 s A1"E"   9  8 s E' E'  3544231216 6 2 1 1   114.0  114.0
111 6598.795100 1.090E-22 2.259E-01.10700.639  138.56470.76-.010000 1002 02 2 E'   0000 00 0 A1'  4  3 s A1"E"   4  4 s E' E'  3566531216 4 2 2 1    54.0   54.0
111 6598.957000 1.137E-23 0.000E+00.06500.521  333.00000.60-.007000                                                            3514331216 4 2 2 1     0.0    0.0
111 6598.983500 2.238E-23 0.000E+00.08730.277  120.00000.72-.009000                                                            3544331216 4 2 2 1     0.0    0.0
111 6599.046200 4.880E-23 0.000E+00.08750.452  357.60000.63-.009000                                                            3544331216 4 2 2 1     0.0    0.0
111 6599.097900 2.000E-23 0.000E+00.08730.277  120.00000.72-.009000                                                            3444331216 4 2 2 1     0.0    0.0
111 6599.155500 1.924E-23 0.000E+00.10110.573  139.40000.70-.010000                                                            3544331216 4 2 2 1     0.0    0.0
111 6599.190300 1.395E-23 0.000E+00.08750.452  357.60000.63-.009000                                                            3444331216 4 2 2 1     0.0    0.0
111 6599.233500 2.287E-23 0.000E+00.08750.425  790.70000.61-.009000                                                            3444331216 4 2 2 1     0.0    0.0
111 6599.331900 4.920E-23 2.553E+00.08410.500  954.85730.82-.007000 0020 00 0 A1'  0000 00 0 A2"  9  6 s A2'A2' 10  6 a A1'A2" 3544231216 6 2 1 1   114.0  126.0
111 6599.400200 6.332E-24 0.000E+00.06500.521  333.00000.60-.007000                                                            3514331216 4 2 2 1     0.0    0.0
111 6599.436900 7.945E-23 0.000E+00.09630.524  593.50000.61-.010000                                                            3544331216 4 2 2 1     0.0    0.0
111 6599.470800 2.045E-23 0.000E+00.03490.215 1080.60000.93-.003000                                                            3544331216 4 2 2 1     0.0    0.0
111 6599.531400 1.561E-23 0.000E+00.08750.452  358.30000.63-.009000                                                            3444331216 4 2 2 1     0.0    0.0
111 6599.614300 2.100E-23 0.000E+00.08410.444  580.80000.80-.008000                                                            3544331216 4 2 2 1     0.0    0.0
111 6599.692200 2.057E-23 6.860E-02.09760.396  115.48490.73-.009000 0012 12 1 E"   0000 00 0 A2"  2  2 a E' E"   3  1 a E" E'  3666531216 4 2 2 1    30.0   42.0
111 6599.692200 2.057E-23 6.860E-02.09760.396  115.48490.73-.009000 0012 12 3      0000 00 0 A2"  2  1 s E" E"   3  1 a E" E'  3666531216 4 2 2 1    30.0   42.0
111 6599.899700 1.387E-21 4.742E+00.10620.676  282.78110.77-.010000 0012 12 1 E'   0000 00 0 A1'  5  5 s E" A2"  6  6 s E' A2' 4666531216 4 2 2 1    66.0   78.0
111 6600.039800 8.106E-23 0.000E+00.10110.573  140.20000.70-.010000                                                            3644331216 4 2 2 1     0.0    0.0
111 6600.087900 2.242E-22 0.000E+00.07980.397  496.70000.66-.008000                                                            4544331216 4 2 2 1     0.0    0.0
111 6600.187700 1.387E-21 4.761E+00.10620.676  283.61690.77-.010000 0012 12 1 E"   0000 00 0 A2"  5  5 a E" A2'  6  6 a A1'A2" 4566531216 4 2 2 1    66.0   78.0
111 6600.260200 8.227E-24 0.000E+00.09340.521  325.10000.60-.009000                                                            3544331216 4 2 2 1     0.0    0.0
111 6600.519800 3.392E-23 1.127E-01.09760.396  114.74320.73-.009000 0012 12 1 E'   0000 00 0 A1'  2  2 s E' E'   3  1 s E" E"  3566531216 4 2 2 1    30.0   42.0
111 6600.604800 1.028E-22 0.000E+00.09460.510  238.70000.63-.009000                                                            4544331216 4 2 2 1     0.0    0.0
111 6600.679000 1.347E-22 3.716E-01.10110.573  238.61490.73-.009000 1002 02 2 E"   0000 00 0 A2"  5  3 a A1"E'   5  4 a E' E"  4566531216 4 2 2 1    66.0   66.0
111 6600.753700 4.114E-24 0.000E+00.06500.521  333.00000.60-.007000                                                            3414331216 4 2 2 1     0.0    0.0
111 6600.817100 5.203E-24 0.000E+00.06500.521  333.00000.60-.007000                                                            3514331216 4 2 2 1     0.0    0.0
111 6600.862900 1.714E-23 0.000E+00.06500.521  333.00000.60-.007000                                                            3414331216 4 2 2 1     0.0    0.0
111 6600.912000 1.166E-23 0.000E+00.06500.521  333.00000.60-.007000                                                            3514331216 4 2 2 1     0.0    0.0
111 6601.071900 7.800E-23 9.459E-01.09740.500  655.64240.95-.009000 0012 12 1 E"   0000 00 0 A2"  9  9 a A1"E'   9  8 a E' E"  3544231216 6 2 1 1   114.0  114.0
111 6601.106000 1.468E-23 0.000E+00.08910.435  264.50000.66-.009000                                                            3444331216 4 2 2 1     0.0    0.0
111 6601.148500 1.220E-23 0.000E+00.06500.521  333.00000.60-.007000                                                            3514331216 4 2 2 1     0.0    0.0
111 6601.165700 7.040E-24 0.000E+00.06500.521  333.00000.60-.007000                                                            3514331216 4 2 2 1     0.0    0.0
111 6601.217900 7.743E-23 0.000E+00.09460.510  239.40000.63-.009000                                                            3544331216 4 2 2 1     0.0    0.0
111 6601.241400 1.355E-23 0.000E+00.06500.521  333.00000.60-.007000                                                            3414331216 4 2 2 1     0.0    0.0
111 6601.302000 2.250E-22 0.000E+00.07550.375  758.40000.80-.008000                                                            4544331216 4 2 2 1     0.0    0.0
111 6601.357400 1.843E-22 0.000E+00.07550.375  759.00000.80-.008000                                                            4544331216 4 2 2 1     0.0    0.0
111 6601.390800 1.561E-23 0.000E+00.09320.302   60.40000.71-.009000                                                            3544331216 4 2 2 1     0.0    0.0
111 6601.495600 6.332E-24 0.000E+00.09190.360  116.30000.71-.009000                                                            3544331216 4 2 2 1     0.0    0.0
111 6601.562500 2.250E-23 0.000E+00.08750.452  357.60000.63-.009000                                                            3444331216 4 2 2 1     0.0    0.0
111 6601.581900 9.478E-24 0.000E+00.06500.521  333.00000.60-.007000                                                            3414331216 4 2 2 1     0.0    0.0
111 6601.613300 1.081E-22 0.000E+00.04690.239 1052.50000.88-.005000                                                            4544331216 4 2 2 1     0.0    0.0
111 6601.676400 1.387E-23 0.000E+00.07980.397  496.70000.66-.008000                                                            3444331216 4 2 2 1     0.0    0.0
111 6601.759900 1.262E-22 0.000E+00.09630.524  593.50000.61-.010000                                                            4544331216 4 2 2 1     0.0    0.0
111 6601.919100 5.606E-24 0.000E+00.06500.521  333.00000.60-.007000                                                            3514331216 4 2 2 1     0.0    0.0
111 6601.938500 3.263E-23 6.694E-02.10280.437   15.37960.74-.010000 1002 02 2 E'   0000 00 0 A1'  2  0 s A1'E'   1  1 s E" E"  3566531216 4 2 2 1    30.0   18.0
111 6601.991600 5.203E-23 0.000E+00.08750.425  790.70000.61-.009000                                                            3544331216 4 2 2 1     0.0    0.0
111 6602.064000 1.990E-22 2.762E-01.08720.277  198.50050.67-.008000 1010 10 1 E"   0000 00 0 A2"  4  1 a E" A2'  4  0 a A1'A2" 3566531216 4 2 2 1   108.0  108.0
111 6602.078000 1.070E-22 2.204E-01.10280.437   16.17000.74-.010000 1002 02 2 E"   0000 00 0 A2"  2  0 a A1'E"   1  1 a E" E'  3466531216 4 2 2 1    30.0   18.0
111 6602.217800 1.266E-23 0.000E+00.07980.397  496.00000.66-.008000                                                            3444331216 4 2 2 1     0.0    0.0
111 6602.261000 2.932E-23 0.000E+00.07550.375  759.00000.80-.008000                                                            3544331216 4 2 2 1     0.0    0.0
111 6602.317500 4.638E-24 0.000E+00.06500.521  333.00000.60-.007000                                                            3414331216 4 2 2 1     0.0    0.0
111 6602.356900 1.230E-23 0.000E+00.03490.215 1081.00000.93-.003000                                                            3444331216 4 2 2 1     0.0    0.0
111 6602.374300 4.200E-24 0.000E+00.03490.215 1081.00000.93-.003000                                                            3444331216 4 2 2 1     0.0    0.0
111 6602.415000 4.194E-24 0.000E+00.06500.521  333.00000.60-.007000                                                            3414331216 4 2 2 1     0.0    0.0
111 6602.512800 1.843E-22 6.439E-01.09190.360  194.11290.67-.009000 0012 12 1 E'   0000 00 0 A1'  3  0 s A2'E'   4  1 s E" E"  4566531216 4 2 2 1    42.0   54.0
111 6602.540200 7.905E-23 0.000E+00.04970.231 1210.10000.79-.005000                                                            3544331216 4 2 2 1     0.0    0.0
111 6602.586300 6.775E-23 0.000E+00.08180.388  384.00000.64-.008000                                                            3544331216 4 2 2 1     0.0    0.0
111 6602.788000 2.300E-22 7.732E-01.10110.573  237.85930.73-.009000 0012 12 1 E'   0000 00 0 A1'  4  3 s A2"E"   5  4 s E' E'  4566531216 4 2 2 1    54.0   66.0
111 6602.792000 1.570E-22 0.000E+00.08910.435  264.50000.66-.009000                                                            4544331216 4 2 2 1     0.0    0.0
111 6602.955400 2.404E-23 0.000E+00.10110.573  139.40000.70-.010000                                                            3444331216 4 2 2 1     0.0    0.0
111 6603.043200 4.436E-24 0.000E+00.06500.521  333.00000.60-.007000                                                            3414331216 4 2 2 1     0.0    0.0
111 6603.073300 4.356E-23 0.000E+00.10030.591  206.10000.64-.010000                                                            3544331216 4 2 2 1     0.0    0.0
111 6603.144100 2.585E-22 8.723E-01.10110.573  238.61490.73-.009000 0012 12 1 E"   0000 00 0 A2"  4  3 a A2"E'   5  4 a E' E"  4566531216 4 2 2 1    54.0   66.0
111 6603.217900 8.026E-23 0.000E+00.09460.510  239.40000.63-.009000                                                            3544331216 4 2 2 1     0.0    0.0
111 6603.263600 1.706E-22 0.000E+00.09850.585  374.20000.52-.010000                                                            4544331216 4 2 2 1     0.0    0.0
111 6603.292700 8.147E-24 0.000E+00.06500.521  333.00000.60-.007000                                                            3514331216 4 2 2 1     0.0    0.0
111 6603.317000 1.863E-23 0.000E+00.07550.375  759.00000.80-.008000                                                            3544331216 4 2 2 1     0.0    0.0
111 6603.363600 2.045E-23 0.000E+00.07370.238  298.30000.77-.007000                                                            3544331216 4 2 2 1     0.0    0.0
111 6603.433000 1.153E-22 0.000E+00.09340.521  325.10000.60-.009000                                                            4644331216 4 2 2 1     0.0    0.0
111 6603.506400 2.218E-23 0.000E+00.07980.397  496.70000.66-.008000                                                            3544331216 4 2 2 1     0.0    0.0
111 6603.538700 2.900E-23 0.000E+00.07980.397  496.70000.66-.008000                                                            3544331216 4 2 2 1     0.0    0.0
111 6603.587000 7.340E-24 0.000E+00.10030.591  206.10000.64-.010000                                                            3544331216 4 2 2 1     0.0    0.0
111 6603.878600 1.149E-23 0.000E+00.09340.521  324.40000.60-.009000                                                            3444331216 4 2 2 1     0.0    0.0
111 6603.902600 2.908E-23 0.000E+00.07980.397  496.00000.66-.008000                                                            3444331216 4 2 2 1     0.0    0.0
111 6603.953700 5.162E-23 0.000E+00.08750.452  358.30000.63-.009000                                                            3544331216 4 2 2 1     0.0    0.0
111 6604.007200 2.170E-23 0.000E+00.08580.455  463.00000.65-.009000                                                            3444331216 4 2 2 1     0.0    0.0
111 6604.071500 8.994E-24 0.000E+00.06500.521  333.00000.60-.007000                                                            3414331216 4 2 2 1     0.0    0.0
111 6604.134000 5.082E-24 0.000E+00.06500.521  333.00000.60-.007000                                                            3514331216 4 2 2 1     0.0    0.0
111 6604.309900 1.557E-23 4.211E-01.07770.500  797.58100.91-.007000 0020 00 0 A2"  0000 00 0 A1'  8  5 a E" E'   9  5 s E" E"  3544231216 6 2 1 1   102.0  114.0
111 6604.364800 1.331E-23 0.000E+00.07400.345  522.20000.72-.007000                                                            3444331216 4 2 2 1     0.0    0.0
111 6604.429500 8.711E-24 0.000E+00.06500.521  333.00000.60-.007000                                                            3514331216 4 2 2 1     0.0    0.0
111 6604.461400 1.791E-23 0.000E+00.06500.521  333.00000.60-.007000                                                            3514331216 4 2 2 1     0.0    0.0
111 6604.524800 4.880E-23 0.000E+00.08730.277  120.00000.72-.009000                                                            3544331216 4 2 2 1     0.0    0.0
111 6604.551300 7.501E-23 0.000E+00.09190.360  116.30000.71-.009000                                                            3544331216 4 2 2 1     0.0    0.0
111 6604.727500 2.384E-21 4.153E+00.10310.364   19.09650.70-.010000 1010 10 1 E'   0000 00 0 A1'  1  1 s E" A2"  1  0 s A2'A2' 4566231216 4 2 1 1    36.0   36.0
111 6604.765700 1.137E-22 0.000E+00.09670.448  105.20000.73-.010000                                                            4544331216 4 2 2 1     0.0    0.0
111 6604.811900 1.541E-23 0.000E+00.10030.591  206.10000.64-.010000                                                            3544331216 4 2 2 1     0.0    0.0
111 6604.909200 1.097E-23 0.000E+00.06500.521  333.00000.60-.007000                                                            3514331216 4 2 2 1     0.0    0.0
111 6604.958900 1.823E-23 0.000E+00.10110.573  140.20000.70-.010000                                                            3544331216 4 2 2 1     0.0    0.0
111 6605.019800 5.727E-24 0.000E+00.06500.521  333.00000.60-.007000                                                            3514331216 4 2 2 1     0.0    0.0
111 6605.038000 6.493E-24 0.000E+00.06500.521  333.00000.60-.007000                                                            3514331216 4 2 2 1     0.0    0.0
111 6605.104200 3.307E-21 4.210E+00.09840.331   59.61960.72-.009000 1010 10 1 E"   0000 00 0 A2"  2  1 a E" A2'  2  0 a A1'A2" 4566531216 4 2 2 1    60.0   60.0
111 6605.190100 1.452E-21 0.000E+00.09210.518  423.20000.54-.009000                                                            4644331216 4 2 2 1     0.0    0.0
111 6605.316400 3.263E-23 0.000E+00.07550.375  758.40000.80-.008000                                                            3544331216 4 2 2 1     0.0    0.0
111 6605.410400 8.469E-22 0.000E+00.09060.501  533.70000.72-.009000                                                            4544331216 4 2 2 1     0.0    0.0
111 6605.440600 1.262E-22 0.000E+00.09340.521  324.40000.60-.009000                                                            4544331216 4 2 2 1     0.0    0.0
111 6605.513000 1.315E-22 5.460E-01.09460.510  356.79080.72-.009000 1002 02 2 E'   0000 00 0 A1'  6  3 s A1"E"   6  4 s E' E'  4566531216 4 2 2 1    78.0   78.0
111 6605.556000 1.577E-21 2.891E+00.08070.255  296.84840.60-.007000 1010 10 1 E'   0000 00 0 A1'  5  1 s E" A2"  5  0 s A2'A2' 4666231216 4 2 1 1   132.0  132.0
111 6605.608800 3.606E-21 4.365E+00.09310.302  118.44450.70-.009000 1010 10 1 E'   0000 00 0 A1'  3  1 s E" A2"  3  0 s A2'A2' 4566231216 4 2 1 1    84.0   84.0
111 6605.651800 3.146E-21 0.000E+00.09460.510  238.70000.63-.009000                                                            4544331216 4 2 2 1     0.0    0.0
111 6605.678600 4.396E-23 0.000E+00.09460.510  238.70000.63-.009000                                                            3544331216 4 2 2 1     0.0    0.0
111 6605.912000 4.880E-24 0.000E+00.06500.521  333.00000.60-.007000                                                            3414331216 4 2 2 1     0.0    0.0
111 6605.957600 2.049E-23 0.000E+00.07550.375  759.00000.80-.008000                                                            3444331216 4 2 2 1     0.0    0.0
111 6606.018400 1.400E-22 0.000E+00.08910.435  264.50000.66-.009000                                                            4544331216 4 2 2 1     0.0    0.0
111 6606.027800 4.040E-23 0.000E+00.06500.521  333.00000.60-.007000                                                            1414331216 4 2 2 1     0.0    0.0
111 6606.176100 9.236E-24 0.000E+00.07630.328  401.60000.71-.008000                                                            3444331216 4 2 2 1     0.0    0.0
111 6606.272200 1.045E-22 0.000E+00.08400.295 1097.40000.61-.008000                                                            4544331216 4 2 2 1     0.0    0.0
111 6606.381100 1.274E-23 0.000E+00.06500.521  333.00000.60-.007000                                                            3414331216 4 2 2 1     0.0    0.0
111 6606.527800 2.384E-22 0.000E+00.09060.501  532.90000.72-.009000                                                            4544331216 4 2 2 1     0.0    0.0
111 6606.553500 1.710E-23 0.000E+00.08580.455  463.00000.65-.009000                                                            3544331216 4 2 2 1     0.0    0.0
111 6606.559500 2.360E-24 0.000E+00.08180.388  384.00000.64-.008000                                                            3444331216 4 2 2 1     0.0    0.0
111 6606.593600 1.040E-22 0.000E+00.08580.455  463.00000.65-.009000                                                            4544331216 4 2 2 1     0.0    0.0
111 6606.616000 1.214E-23 0.000E+00.05770.215  554.90000.83-.006000                                                            3444331216 4 2 2 1     0.0    0.0
111 6606.774500 9.357E-24 0.000E+00.10110.573  140.20000.70-.010000                                                            3444331216 4 2 2 1     0.0    0.0
111 6606.812800 9.115E-22 0.000E+00.07860.299  294.60000.72-.008000                                                            4544331216 4 2 2 1     0.0    0.0
111 6606.919300 8.440E-23 0.000E+00.08910.435  265.20000.66-.009000                                                            3544331216 4 2 2 1     0.0    0.0
111 6606.976100 1.430E-23 0.000E+00.09060.501  532.90000.72-.009000                                                            3544331216 4 2 2 1     0.0    0.0
111 6607.060500 1.470E-23 0.000E+00.08410.444  581.50000.80-.008000                                                            3444331216 4 2 2 1     0.0    0.0
111 6607.124500 9.160E-24 0.000E+00.06500.521  333.00000.60-.007000                                                            3514331216 4 2 2 1     0.0    0.0
111 6607.228300 2.640E-23 0.000E+00.10030.591  206.10000.64-.010000                                                            3544331216 4 2 2 1     0.0    0.0
111 6607.243300 6.240E-23 0.000E+00.09460.510  239.40000.63-.009000                                                            3544331216 4 2 2 1     0.0    0.0
111 6607.417800 8.631E-23 0.000E+00.07550.375  759.00000.80-.008000                                                            3544331216 4 2 2 1     0.0    0.0
111 6607.473200 2.117E-23 0.000E+00.09060.238 1177.30000.61-.009000                                                            3544331216 4 2 2 1     0.0    0.0
111 6607.518200 1.883E-23 0.000E+00.06290.253  550.80000.77-.006000                                                            3544331216 4 2 2 1     0.0    0.0
111 6607.534400 1.758E-22 0.000E+00.09460.510  239.40000.63-.009000                                                            4544331216 4 2 2 1     0.0    0.0
111 6607.673300 4.396E-24 0.000E+00.06500.521  333.00000.60-.007000                                                            3414331216 4 2 2 1     0.0    0.0
111 6607.748500 3.448E-23 0.000E+00.10110.573  140.20000.70-.010000                                                            3644331216 4 2 2 1     0.0    0.0
111 6607.984100 5.041E-24 0.000E+00.06500.521  333.00000.60-.007000                                                            3514331216 4 2 2 1     0.0    0.0
111 6608.030100 1.121E-23 0.000E+00.06500.521  333.00000.60-.007000                                                            3414331216 4 2 2 1     0.0    0.0
111 6608.197200 1.553E-22 0.000E+00.08910.435  264.50000.66-.009000                                                            4544331216 4 2 2 1     0.0    0.0
111 6608.213900 3.025E-23 0.000E+00.07400.345  521.60000.72-.007000                                                            3444331216 4 2 2 1     0.0    0.0
111 6608.299400 3.550E-23 0.000E+00.09740.561  477.30000.61-.010000                                                            3544331216 4 2 2 1     0.0    0.0
111 6608.331500 3.060E-23 0.000E+00.09500.473  721.10000.61-.009000                                                            3544331216 4 2 2 1     0.0    0.0
111 6608.348600 1.560E-23 0.000E+00.09500.473  721.10000.61-.009000                                                            3544331216 4 2 2 1     0.0    0.0
111 6608.490600 1.020E-22 0.000E+00.09850.585  375.10000.52-.010000                                                            4544331216 4 2 2 1     0.0    0.0
111 6608.582300 5.566E-23 0.000E+00.07550.375  758.40000.80-.008000                                                            3544331216 4 2 2 1     0.0    0.0
111 6608.780700 2.900E-22 4.919E-01.09310.302  118.44450.70-.009000 0012 12 1 E'   0000 00 0 A1'  2  1 s E" A2"  3  0 s A2'A2' 4566231216 4 2 1 1    60.0   84.0
111 6608.831600 1.226E-22 0.000E+00.07630.328  401.60000.71-.008000                                                            4544331216 4 2 2 1     0.0    0.0
111 6608.860500 7.259E-24 0.000E+00.09460.510  238.70000.63-.009000                                                            3444331216 4 2 2 1     0.0    0.0
111 6608.920600 2.589E-22 8.588E-01.09670.448  183.03570.70-.009000 0012 12 1 E'   0000 00 0 A1'  3  1 s E" E"   4  2 s E' E'  4566531216 4 2 2 1    42.0   54.0
111 6608.964100 1.464E-23 0.000E+00.07370.238  298.30000.77-.007000                                                            3444331216 4 2 2 1     0.0    0.0
111 6609.027200 3.650E-22 1.215E+00.09670.448  183.75960.70-.009000 0012 12 1 E"   0000 00 0 A2"  3  1 a E" E'   4  2 a E' E"  4566531216 4 2 2 1    42.0   54.0
111 6609.061500 8.026E-23 0.000E+00.08750.425  790.70000.61-.009000                                                            3544331216 4 2 2 1     0.0    0.0
111 6609.179900 1.254E-23 0.000E+00.06500.521  333.00000.60-.007000                                                            3414331216 4 2 2 1     0.0    0.0
111 6609.203900 2.706E-22 2.464E-01.09310.302   59.61960.72-.009000 1002 02 2 E"   0000 00 0 A2"  3  1 a E" A2'  2  0 a A1'A2" 4566531216 4 2 2 1    84.0   60.0
111 6609.242100 1.218E-23 0.000E+00.06500.521  333.00000.60-.007000                                                            3514331216 4 2 2 1     0.0    0.0
111 6609.297900 1.589E-23 0.000E+00.09460.510  238.70000.63-.009000                                                            3444331216 4 2 2 1     0.0    0.0
111 6609.349800 1.020E-23 0.000E+00.06500.521  333.00000.60-.007000                                                            3414331216 4 2 2 1     0.0    0.0
111 6609.430000 5.485E-24 0.000E+00.06500.521  333.00000.60-.007000                                                            3514331216 4 2 2 1     0.0    0.0
111 6609.475500 6.614E-24 0.000E+00.09950.595  284.40000.64-.010000                                                            3544331216 4 2 2 1     0.0    0.0
111 6609.512900 5.283E-24 0.000E+00.06500.521  333.00000.60-.007000                                                            3514331216 4 2 2 1     0.0    0.0
111 6609.538500 2.053E-23 0.000E+00.09500.473  721.10000.61-.009000                                                            3444331216 4 2 2 1     0.0    0.0
111 6609.633700 1.617E-23 0.000E+00.07550.375  758.40000.80-.008000                                                            3544331216 4 2 2 1     0.0    0.0
111 6609.690100 7.461E-23 0.000E+00.08410.444  581.50000.80-.008000                                                            3544331216 4 2 2 1     0.0    0.0
111 6609.760800 1.791E-23 0.000E+00.09500.473  721.10000.61-.009000                                                            3544331216 4 2 2 1     0.0    0.0
111 6609.875500 4.154E-23 0.000E+00.08910.435  265.20000.66-.009000                                                            3544331216 4 2 2 1     0.0    0.0
111 6610.013400 2.726E-23 0.000E+00.04970.231 1210.10000.79-.005000                                                            3544331216 4 2 2 1     0.0    0.0
111 6610.059200 4.315E-24 0.000E+00.06500.521  333.00000.60-.007000                                                            3414331216 4 2 2 1     0.0    0.0
111 6610.091600 1.516E-22 0.000E+00.10030.591  205.30000.64-.010000                                                            4544331216 4 2 2 1     0.0    0.0
111 6610.163900 4.114E-23 1.376E-01.09760.396  115.48490.73-.009000 0012 10 1 E"   0000 00 0 A2"  2  0 a A1'E"   3  1 a E" E'  3566531216 4 2 2 1    30.0   42.0
111 6610.333200 1.274E-23 0.000E+00.09210.518  423.20000.54-.009000                                                            3444331216 4 2 2 1     0.0    0.0
111 6610.362900 4.073E-24 0.000E+00.06500.521  333.00000.60-.007000                                                            3414331216 4 2 2 1     0.0    0.0
111 6610.386500 5.485E-24 0.000E+00.06500.521  333.00000.60-.007000                                                            3514331216 4 2 2 1     0.0    0.0
111 6610.420100 4.840E-24 0.000E+00.10110.573  139.40000.70-.010000                                                            3444331216 4 2 2 1     0.0    0.0
111 6610.450300 8.348E-23 1.964E-01.10660.664  205.29410.77-.010000 1002 02 2 E"   0000 00 0 A2"  5  4 a E' E"   5  5 a E" E'  3566531216 4 2 2 1    66.0   66.0
111 6610.552400 5.980E-23 1.402E-01.10660.664  204.47580.77-.010000 1002 02 2 E'   0000 00 0 A1'  5  4 s E' E'   5  5 s E" E"  3566531216 4 2 2 1    66.0   66.0
111 6610.586400 1.040E-23 0.000E+00.06500.521  333.00000.60-.007000                                                            3414331216 4 2 2 1     0.0    0.0
111 6610.609600 8.560E-24 0.000E+00.10320.364    0.00000.70-.010000                                                            3544331216 4 2 2 1     0.0    0.0
111 6610.666600 1.680E-23 0.000E+00.08410.444  581.50000.80-.008000                                                            3444331216 4 2 2 1     0.0    0.0
111 6610.688200 6.200E-24 0.000E+00.06500.521  333.00000.60-.007000                                                            3514331216 4 2 2 1     0.0    0.0
111 6610.757000 1.416E-23 0.000E+00.06500.521  333.00000.60-.007000                                                            3514331216 4 2 2 1     0.0    0.0
111 6610.837600 2.424E-23 0.000E+00.09740.561  477.30000.61-.010000                                                            3544331216 4 2 2 1     0.0    0.0
111 6610.896200 1.553E-23 0.000E+00.06500.521  333.00000.60-.007000                                                            3414331216 4 2 2 1     0.0    0.0
111 6610.944000 7.663E-24 0.000E+00.08910.435  264.50000.66-.009000                                                            3444331216 4 2 2 1     0.0    0.0
111 6611.036200 9.236E-23 0.000E+00.09850.585  374.20000.52-.010000                                                            3544331216 4 2 2 1     0.0    0.0
111 6611.138400 9.679E-24 0.000E+00.08580.455  463.70000.65-.009000                                                            3444331216 4 2 2 1     0.0    0.0
111 6611.207700 2.984E-23 0.000E+00.09340.521  324.40000.60-.009000                                                            3544331216 4 2 2 1     0.0    0.0
111 6611.227900 5.283E-24 0.000E+00.06500.521  333.00000.60-.007000                                                            3514331216 4 2 2 1     0.0    0.0
111 6611.282800 1.585E-23 0.000E+00.09500.473  721.10000.61-.009000                                                            3544331216 4 2 2 1     0.0    0.0
111 6611.484500 7.542E-23 0.000E+00.09630.524  592.60000.61-.010000                                                            3544331216 4 2 2 1     0.0    0.0
111 6611.661600 1.113E-23 0.000E+00.09460.510  238.70000.63-.009000                                                            3544331216 4 2 2 1     0.0    0.0
111 6611.710300 2.300E-22 4.441E-01.09570.486  164.53770.69-.010000 1002 02 2 E'   0000 00 0 A1'  5  4 s E' A2'  4  3 s A2"A2" 4666531216 4 2 2 1    66.0   54.0
111 6611.813800 9.639E-24 0.000E+00.06500.521  333.00000.60-.007000                                                            3514331216 4 2 2 1     0.0    0.0
111 6611.867200 3.771E-23 0.000E+00.09670.448  105.20000.73-.010000                                                            3544331216 4 2 2 1     0.0    0.0
111 6611.906900 6.937E-24 0.000E+00.06500.521  333.00000.60-.007000                                                            3514331216 4 2 2 1     0.0    0.0
111 6611.961700 8.510E-22 2.439E+00.10660.664  204.47580.77-.010000 0012 12 1 E'   0000 00 0 A1'  4  4 s E' E'   5  5 s E" E"  4566531216 4 2 2 1    54.0   66.0
111 6611.985100 5.200E-23 0.000E+00.08750.425  790.70000.61-.009000                                                            3544331216 4 2 2 1     0.0    0.0
111 6612.019600 2.420E-23 0.000E+00.08750.425  790.70000.61-.009000                                                            3544331216 4 2 2 1     0.0    0.0
111 6612.032200 1.050E-23 0.000E+00.09850.585  374.20000.52-.010000                                                            3544331216 4 2 2 1     0.0    0.0
111 6612.067500 1.480E-23 0.000E+00.06350.271 1124.00000.72-.006000                                                            3544331216 4 2 2 1     0.0    0.0
111 6612.090000 5.929E-24 0.000E+00.06500.521  333.00000.60-.007000                                                            3514331216 4 2 2 1     0.0    0.0
111 6612.248500 8.187E-22 2.356E+00.10660.664  205.29410.77-.010000 0012 12 1 E"   0000 00 0 A2"  4  4 a E' E"   5  5 a E" E'  4566531216 4 2 2 1    54.0   66.0
111 6612.297100 3.541E-23 0.000E+00.08080.255  198.60000.75-.008000                                                            3444331216 4 2 2 1     0.0    0.0
111 6612.399400 3.981E-23 0.000E+00.04690.239 1052.10000.88-.005000                                                            3544331216 4 2 2 1     0.0    0.0
111 6612.488500 1.412E-23 0.000E+00.07550.375  758.40000.80-.008000                                                            3544331216 4 2 2 1     0.0    0.0
111 6612.618600 5.900E-22 2.024E+00.10730.481   15.37960.74-.010000 1010 10 1 E'   0000 00 0 A1'  1  0 s A2'E'   1  1 s E" E"  4666531216 4 2 2 1    18.0   18.0
111 6612.652600 2.050E-23 1.115E-01.07860.299  411.83100.58-.007000 1010 10 1 E'   0000 00 0 A1'  6  0 s A1'E'   6  1 s E" E"  3566531216 4 2 2 1    78.0   78.0
111 6612.672500 1.050E-21 2.872E+00.09190.360  194.81790.67-.009000 1010 10 1 E"   0000 00 0 A2"  4  0 a A1'E"   4  1 a E" E'  3566531216 4 2 2 1    54.0   54.0
111 6612.679800 1.130E-22 0.000E+00.02920.211 1084.20000.91-.003000                                                            3544331216 4 2 2 1     0.0    0.0
111 6612.703700 6.650E-22 2.290E+00.10730.481   16.17000.74-.010000 1010 10 1 E"   0000 00 0 A2"  1  0 a A2'E"   1  1 a E" E'  3566531216 4 2 2 1    18.0   18.0
111 6612.703700 6.650E-22 2.400E+00.08550.327  293.17490.62-.008000 1010 10 1 E'   0000 00 0 A1'  5  0 s A2'E'   5  1 s E" E"  3566531216 4 2 2 1    66.0   66.0
111 6612.725800 2.260E-21 5.664E+00.10280.437   55.91580.72-.010000 1010 10 1 E"   0000 00 0 A2"  2  0 a A1'E"   2  1 a E" E'  3566531216 4 2 2 1    30.0   30.0
111 6612.752400 8.910E-22 3.227E+00.08550.327  293.83660.62-.008000 1010 10 1 E"   0000 00 0 A2"  5  0 a A2'E"   5  1 a E" E'  3566531216 4 2 2 1    66.0   66.0
111 6612.832800 9.700E-22 2.311E+00.09760.396  114.74320.73-.009000 1010 10 1 E'   0000 00 0 A1'  3  0 s A2'E'   3  1 s E" E"  4666531216 4 2 2 1    42.0   42.0
111 6612.832800 9.700E-22 2.644E+00.09190.360  194.11290.67-.009000 1010 10 1 E'   0000 00 0 A1'  4  0 s A1'E'   4  1 s E" E"  4666531216 4 2 2 1    54.0   54.0
111 6612.938800 1.557E-22 0.000E+00.08750.452  357.60000.63-.009000                                                            4544331216 4 2 2 1     0.0    0.0
111 6613.038900 5.203E-24 0.000E+00.06500.521  333.00000.60-.007000                                                            3514331216 4 2 2 1     0.0    0.0
111 6613.054800 1.718E-23 0.000E+00.06500.521  333.00000.60-.007000                                                            3414331216 4 2 2 1     0.0    0.0
111 6613.169200 2.025E-22 1.868E+00.07100.274  549.96530.51-.006000 1010 10 1 E'   0000 00 0 A1'  7  0 s A2'E'   7  1 s E" E"  4566531216 4 2 2 1    90.0   90.0
111 6613.267700 1.960E-23 0.000E+00.08750.452  357.60000.63-.009000                                                            3544331216 4 2 2 1     0.0    0.0
111 6613.287000 8.680E-24 0.000E+00.09190.360  115.50000.71-.009000                                                            3544331216 4 2 2 1     0.0    0.0
111 6613.302000 5.320E-24 0.000E+00.06500.521  333.00000.60-.007000                                                            3514331216 4 2 2 1     0.0    0.0
111 6613.423100 4.235E-23 0.000E+00.08400.295 1097.40000.61-.008000                                                            3544331216 4 2 2 1     0.0    0.0
111 6613.596300 3.981E-23 0.000E+00.10180.541   86.70000.72-.010000                                                            3444331216 4 2 2 1     0.0    0.0
111 6613.774900 1.250E-22 4.444E-01.10030.591  324.33390.71-.009000 1002 02 2 E"   0000 00 0 A2"  6  4 a E' E"   6  5 a E" E'  4566531216 4 2 2 1    78.0   78.0
111 6613.820600 1.153E-23 0.000E+00.08580.455  463.00000.65-.009000                                                            3544331216 4 2 2 1     0.0    0.0
111 6613.877800 2.222E-22 1.212E+00.07860.299  412.44440.58-.007000 1010 10 1 E"   0000 00 0 A2"  6  0 a A1'E"   6  1 a E" E'  4566531216 4 2 2 1    78.0   78.0
111 6613.902800 7.824E-24 0.000E+00.06500.521  333.00000.60-.007000                                                            3414331216 4 2 2 1     0.0    0.0
111 6613.935800 3.666E-23 0.000E+00.08580.455  463.70000.65-.009000                                                            3444331216 4 2 2 1     0.0    0.0
111 6613.996200 5.808E-23 0.000E+00.09190.360  116.30000.71-.009000                                                            3544331216 4 2 2 1     0.0    0.0
111 6614.018500 2.694E-23 0.000E+00.06350.271 1124.60000.72-.006000                                                            3444331216 4 2 2 1     0.0    0.0
111 6614.072900 2.069E-23 0.000E+00.09850.585  374.20000.52-.010000                                                            3544331216 4 2 2 1     0.0    0.0
111 6614.121100 1.803E-22 3.497E-01.09570.486  165.29450.69-.010000 1002 02 2 E"   0000 00 0 A2"  5  4 a E' A2"  4  3 a A2"A2' 4566531216 4 2 2 1    66.0   54.0
111 6614.138700 7.824E-24 0.000E+00.06500.521  333.00000.60-.007000                                                            3514331216 4 2 2 1     0.0    0.0
111 6614.220000 5.727E-24 0.000E+00.06500.521  333.00000.60-.007000                                                            3514331216 4 2 2 1     0.0    0.0
111 6614.305400 8.429E-23 0.000E+00.09740.561  477.30000.61-.010000                                                            3544331216 4 2 2 1     0.0    0.0
111 6614.354700 4.114E-24 0.000E+00.06500.521  333.00000.60-.007000                                                            3414331216 4 2 2 1     0.0    0.0
111 6614.394300 4.073E-24 0.000E+00.06500.521  333.00000.60-.007000                                                            3414331216 4 2 2 1     0.0    0.0
111 6614.412500 1.230E-23 0.000E+00.06500.521  333.00000.60-.007000                                                            3414331216 4 2 2 1     0.0    0.0
111 6614.516100 1.000E-22 3.543E-01.10030.591  323.57560.71-.009000 1002 02 2 E'   0000 00 0 A1'  6  4 s E' E'   6  5 s E" E"  4566531216 4 2 2 1    78.0   78.0
111 6614.613400 1.290E-23 0.000E+00.08750.452  357.60000.63-.009000                                                            3444331216 4 2 2 1     0.0    0.0
111 6614.644400 2.460E-23 0.000E+00.04970.231 1210.50000.79-.005000                                                            3544331216 4 2 2 1     0.0    0.0
111 6614.668700 9.880E-23 1.641E+00.06830.296  696.60200.77-.006000 0012 10 1 E'   0000 00 0 A1'  8  1 s E" E"   8  2 s E' E'  3566431216 4 2 2 1   102.0  102.0
111 6614.771700 2.154E-23 0.000E+00.08560.327  194.90000.69-.009000                                                            3444331216 4 2 2 1     0.0    0.0
111 6614.809900 1.766E-23 0.000E+00.09320.302   60.40000.71-.009000                                                            3544331216 4 2 2 1     0.0    0.0
111 6614.854100 1.783E-22 9.197E-01.08370.364  400.85450.62-.008000 0012 10 1 E'   0000 00 0 A1'  6  1 s E" E"   6  2 s E' E'  4566531216 4 2 2 1    78.0   78.0
111 6614.952300 2.980E-23 0.000E+00.09850.585  374.20000.52-.010000                                                            3544331216 4 2 2 1     0.0    0.0
111 6614.981200 1.775E-22 0.000E+00.07980.397  496.70000.66-.008000                                                            4544331216 4 2 2 1     0.0    0.0
111 6615.057300 1.266E-22 0.000E+00.09950.595  284.40000.64-.010000                                                            4544331216 4 2 2 1     0.0    0.0
111 6615.097400 1.827E-23 0.000E+00.08730.277  120.00000.72-.009000                                                            3444331216 4 2 2 1     0.0    0.0
111 6615.191800 6.251E-24 0.000E+00.06500.521  333.00000.60-.007000                                                            3514331216 4 2 2 1     0.0    0.0
111 6615.237300 8.187E-23 0.000E+00.07980.397  496.70000.66-.008000                                                            3544331216 4 2 2 1     0.0    0.0
111 6615.366200 4.356E-23 0.000E+00.09190.360  116.30000.71-.009000                                                            3644331216 4 2 2 1     0.0    0.0
111 6615.430400 7.219E-24 0.000E+00.06500.521  333.00000.60-.007000                                                            3514331216 4 2 2 1     0.0    0.0
111 6615.523500 6.480E-23 0.000E+00.08180.388  383.30000.64-.008000                                                            3544331216 4 2 2 1     0.0    0.0
111 6615.543000 8.560E-23 0.000E+00.09850.585  375.10000.52-.010000                                                            3544331216 4 2 2 1     0.0    0.0
111 6615.586700 1.800E-23 0.000E+00.09320.302   59.60000.71-.009000                                                            3544331216 4 2 2 1     0.0    0.0
111 6615.626700 2.871E-23 0.000E+00.10110.573  139.40000.70-.010000                                                            3544331216 4 2 2 1     0.0    0.0
111 6615.645400 1.851E-23 0.000E+00.06500.521  333.00000.60-.007000                                                            3514331216 4 2 2 1     0.0    0.0
111 6615.711800 5.888E-23 0.000E+00.09670.448  104.40000.73-.010000                                                            3644331216 4 2 2 1     0.0    0.0
111 6615.777000 8.631E-24 0.000E+00.09050.404  183.80000.71-.009000                                                            3544331216 4 2 2 1     0.0    0.0
111 6615.819700 1.020E-23 0.000E+00.06500.521  333.00000.60-.007000                                                            3514331216 4 2 2 1     0.0    0.0
111 6615.843400 3.247E-22 0.000E+00.10110.573  140.20000.70-.010000                                                            4544331216 4 2 2 1     0.0    0.0
111 6615.899100 7.945E-24 0.000E+00.10230.496   44.80000.74-.010000                                                            3544331216 4 2 2 1     0.0    0.0
111 6616.000700 1.408E-22 0.000E+00.08560.327  194.90000.69-.009000                                                            4544331216 4 2 2 1     0.0    0.0
111 6616.198800 3.400E-24 0.000E+00.06500.521  333.00000.60-.007000                                                            3414331216 4 2 2 1     0.0    0.0
111 6616.276600 4.280E-24 0.000E+00.06500.521  333.00000.60-.007000                                                            3414331216 4 2 2 1     0.0    0.0
111 6616.295300 8.320E-23 2.419E-01.10620.676  282.78110.77-.010000 1002 02 2 E'   0000 00 0 A1'  6  5 s E" A2"  6  6 s A2'A2' 3566531216 4 2 2 1    78.0   78.0
111 6616.430800 4.194E-23 0.000E+00.09060.501  533.70000.72-.009000                                                            3544331216 4 2 2 1     0.0    0.0
111 6616.474400 4.840E-23 0.000E+00.08750.425  790.70000.61-.009000                                                            3544331216 4 2 2 1     0.0    0.0
111 6616.595000 8.320E-24 0.000E+00.10180.541   85.90000.72-.010000                                                            3544331216 4 2 2 1     0.0    0.0
111 6616.632900 1.073E-21 3.273E+00.10170.541  165.29450.69-.010000 0012 12 1 E"   0000 00 0 A2"  3  2 a E' A2"  4  3 a A2"A2' 4566531216 4 2 2 1    42.0   54.0
111 6616.693300 1.460E-23 0.000E+00.06500.521  333.00000.60-.007000                                                            3514331216 4 2 2 1     0.0    0.0
111 6616.722800 1.028E-22 3.001E-01.10620.676  283.61690.77-.010000 1002 02 2 E"   0000 00 0 A2"  6  5 a E" A2'  6  6 a A1'A2" 4566531216 4 2 2 1    78.0   78.0
111 6616.871200 1.141E-22 0.000E+00.09850.585  374.20000.52-.010000                                                            3544331216 4 2 2 1     0.0    0.0
111 6616.902100 1.065E-21 3.237E+00.10170.541  164.53770.69-.010000 0012 12 1 E'   0000 00 0 A1'  3  2 s E' A2'  4  3 s A2"A2" 4566531216 4 2 2 1    42.0   54.0
111 6616.982400 3.795E-22 1.304E+00.09050.404  282.82330.66-.008000 1010 10 1 E"   0000 00 0 A2"  5  1 a E" E'   5  2 a E' E"  4566531216 4 2 2 1    66.0   66.0
111 6617.002200 1.081E-22 0.000E+00.09340.521  325.10000.60-.009000                                                            4544331216 4 2 2 1     0.0    0.0
111 6617.147100 2.638E-23 0.000E+00.06830.297  539.80000.78-.007000                                                            3444331216 4 2 2 1     0.0    0.0
111 6617.233600 9.034E-24 0.000E+00.06500.521  333.00000.60-.007000                                                            3514331216 4 2 2 1     0.0    0.0
111 6617.400100 3.755E-22 1.944E+00.08370.364  401.48440.62-.008000 1010 10 1 E"   0000 00 0 A2"  6  1 a E" E'   6  2 a E' E"  4566531216 4 2 2 1    78.0   78.0
111 6617.462800 2.025E-22 1.779E+00.07630.328  539.62830.63-.007000 1010 10 1 E"   0000 00 0 A2"  7  1 a E" E'   7  2 a E' E"  4566531216 4 2 2 1    90.0   90.0
111 6617.588700 1.218E-23 0.000E+00.09500.473  721.10000.61-.009000                                                            3544331216 4 2 2 1     0.0    0.0
111 6617.615100 6.009E-23 5.667E-01.09210.518  579.98640.82-.008000 0012 12 1 E'   0000 00 0 A1'  8  7 s E" A2"  8  6 s A2'A2' 3646531216 6 2 2 1   102.0  102.0
111 6617.649600 6.453E-23 3.904E-01.09330.521  462.91370.80-.009000 1002 02 2 E"   0000 00 0 A2"  7  4 a E' E"   7  5 a E" E'  3566531216 4 2 2 1    90.0   90.0
111 6617.768500 1.178E-23 0.000E+00.06500.521  333.00000.60-.007000                                                            3414331216 4 2 2 1     0.0    0.0
111 6618.101300 3.702E-23 0.000E+00.08580.455  463.00000.65-.009000                                                            3544331216 4 2 2 1     0.0    0.0
111 6618.174900 1.400E-23 0.000E+00.06500.521  333.00000.60-.007000                                                            3514331216 4 2 2 1     0.0    0.0
111 6618.192500 4.000E-23 0.000E+00.07550.375  759.00000.80-.008000                                                            3544331216 4 2 2 1     0.0    0.0
111 6618.219400 1.028E-22 6.199E-01.09330.521  462.21970.80-.009000 1002 02 2 E'   0000 00 0 A1'  7  4 s E' E'   7  5 s E" E"  4566531216 4 2 2 1    90.0   90.0
111 6618.258000 2.722E-23 0.000E+00.09050.404  184.60000.71-.009000                                                            3444331216 4 2 2 1     0.0    0.0
111 6618.306100 4.154E-23 0.000E+00.04970.231 1210.50000.79-.005000                                                            3544331216 4 2 2 1     0.0    0.0
111 6618.367800 4.033E-23 2.004E-01.09940.595  422.42960.79-.009000 0012 12 1 E"   0000 00 0 A2"  7  7 a E" A2'  7  6 a A1'A2" 3666531216 4 2 2 1    90.0   90.0
111 6618.460200 2.174E-23 0.000E+00.09340.521  325.10000.60-.009000                                                            3444331216 4 2 2 1     0.0    0.0
111 6618.524900 5.203E-23 0.000E+00.06830.297  540.40000.78-.007000                                                            3544331216 4 2 2 1     0.0    0.0
111 6618.584800 1.160E-22 0.000E+00.08180.388  383.30000.64-.008000                                                            4644331216 4 2 2 1     0.0    0.0
111 6618.598000 3.670E-23 3.474E-01.09210.518  580.67750.82-.008000 0012 12 1 E"   0000 00 0 A2"  8  7 a E" A2'  8  6 a A1'A2" 3646531216 6 2 2 1   102.0  102.0
111 6618.630000 2.660E-23 0.000E+00.05770.215  554.40000.83-.006000                                                            3444331216 4 2 2 1     0.0    0.0
111 6618.657000 4.840E-24 0.000E+00.05770.215  554.40000.83-.006000                                                            3444331216 4 2 2 1     0.0    0.0
111 6618.874900 6.977E-24 0.000E+00.06500.521  333.00000.60-.007000                                                            3514331216 4 2 2 1     0.0    0.0
111 6618.918400 4.477E-24 0.000E+00.06500.521  333.00000.60-.007000                                                            3414331216 4 2 2 1     0.0    0.0
111 6618.992100 6.574E-24 0.000E+00.06500.521  333.00000.60-.007000                                                            3514331216 4 2 2 1     0.0    0.0
111 6619.010500 3.610E-23 0.000E+00.10030.591  206.10000.64-.010000                                                            3444331216 4 2 2 1     0.0    0.0
111 6619.091100 6.251E-23 0.000E+00.09630.524  593.50000.61-.010000                                                            3544331216 4 2 2 1     0.0    0.0
111 6619.226700 1.190E-23 0.000E+00.08580.455  463.00000.65-.009000                                                            3544331216 4 2 2 1     0.0    0.0
111 6619.261500 5.485E-24 0.000E+00.06500.521  333.00000.60-.007000                                                            3514331216 4 2 2 1     0.0    0.0
111 6619.313900 4.759E-24 0.000E+00.06500.521  333.00000.60-.007000                                                            3414331216 4 2 2 1     0.0    0.0
111 6619.377900 6.049E-24 0.000E+00.06500.521  333.00000.60-.007000                                                            3514331216 4 2 2 1     0.0    0.0
111 6619.512400 1.202E-22 2.232E-01.09190.360  114.74320.73-.009000 1002 02 2 E'   0000 00 0 A1'  4  2 s E' E'   3  1 s E" E"  4566531216 4 2 2 1    54.0   42.0
111 6619.605800 9.921E-24 0.000E+00.06500.521  333.00000.60-.007000                                                            3414331216 4 2 2 1     0.0    0.0
111 6619.643200 3.835E-23 0.000E+00.08560.327  194.90000.69-.009000                                                            3444331216 4 2 2 1     0.0    0.0
111 6619.672800 3.775E-23 0.000E+00.08180.388  384.00000.64-.008000                                                            3544331216 4 2 2 1     0.0    0.0
111 6619.865700 1.754E-23 0.000E+00.08750.452  358.30000.63-.009000                                                            3444331216 4 2 2 1     0.0    0.0
111 6619.927400 1.065E-23 0.000E+00.09670.448  105.20000.73-.010000                                                            3544331216 4 2 2 1     0.0    0.0
