 81 1860.040307 1.794E-65 3.327E+01.02070.02522519.48140.70-.001200       X3/2   6       X3/2   5                 RR 91.5e     1622231111 8 3 1 3   558.0  552.0
 81 1860.050458 1.784E-65 3.326E+01.02070.02522520.58190.70-.001200       X3/2   6       X3/2   5                 RR 91.5f     1622231111 8 3 1 3   558.0  552.0
 81 1860.056846 3.754E-54 4.642E-03.03230.04915214.72330.60-.002220       X3/2   7       X1/2   6                 RQ 52.5f     3622231111 8 3 1 3   318.0  318.0
 81 1860.066211 1.463E-71 3.449E-04.03270.05022922.95010.60-.002220       X3/2  12       X1/2  11                 SR 50.5f     2622231111 8 3 1 3   312.0  306.0
 81 1860.083563 5.534E-34 2.119E-04.03150.049 5029.49380.60-.001280       X3/2   1       X1/2   0                 QP 54.5f     4622231111 8 3 1 3   324.0  330.0
 81 1860.090384 1.456E-71 3.427E-04.03270.05022922.63550.60-.002220       X3/2  12       X1/2  11                 SR 50.5e     2622231111 8 3 1 3   312.0  306.0
 81 1860.117836 5.465E-21 5.969E+00.06210.068  161.03250.63-.001180       X3/2   1       X3/2   0            2.5   P  4.5f  3.5455443 4 4 8 3 1 3     6.0    8.0
 81 1860.118014 6.927E-21 5.674E+00.06210.068  161.03250.63-.001180       X3/2   1       X3/2   0            3.5   P  4.5f  4.5455443 4 4 8 3 1 3     8.0   10.0
 81 1860.118136 5.465E-21 5.969E+00.06210.068  161.03190.63-.001180       X3/2   1       X3/2   0            2.5   P  4.5e  3.5455443 4 4 8 3 1 3     6.0    8.0
 81 1860.118264 8.745E-21 5.731E+00.06210.068  161.03250.63-.001180       X3/2   1       X3/2   0            4.5   P  4.5f  5.5455443 4 4 8 3 1 3    10.0   12.0
 81 1860.118312 6.927E-21 5.674E+00.06210.068  161.03190.63-.001180       X3/2   1       X3/2   0            3.5   P  4.5e  4.5455443 4 4 8 3 1 3     8.0   10.0
 81 1860.118578 8.745E-21 5.731E+00.06210.068  161.03190.63-.001180       X3/2   1       X3/2   0            4.5   P  4.5e  5.5455443 4 4 8 3 1 3    10.0   12.0
 81 1860.118584 3.599E-22 2.948E-01.06210.068  161.03250.63-.001180       X3/2   1       X3/2   0            3.5   P  4.5f  3.5455443 4 4 8 3 1 3     8.0    8.0
 81 1860.118910 3.599E-22 2.948E-01.06210.068  161.03190.63-.001180       X3/2   1       X3/2   0            3.5   P  4.5e  3.5455443 4 4 8 3 1 3     8.0    8.0
 81 1860.119044 3.599E-22 2.359E-01.06210.068  161.03250.63-.001180       X3/2   1       X3/2   0            4.5   P  4.5f  4.5455443 4 4 8 3 1 3    10.0   10.0
 81 1860.119303 3.599E-22 2.359E-01.06210.068  161.03190.63-.001180       X3/2   1       X3/2   0            4.5   P  4.5e  4.5455443 4 4 8 3 1 3    10.0   10.0
 81 1860.119614 4.498E-24 2.948E-03.06210.068  161.03250.63-.001180       X3/2   1       X3/2   0            4.5   P  4.5f  3.5455443 4 4 8 3 1 3    10.0    8.0
 81 1860.119901 4.498E-24 2.948E-03.06210.068  161.03190.63-.001180       X3/2   1       X3/2   0            4.5   P  4.5e  3.5455443 4 4 8 3 1 3    10.0    8.0
 81 1860.122322 2.037E-65 3.327E+01.02090.04022495.52470.60-.002220       X1/2   6       X1/2   5                 RR 92.5e     1622231111 8 3 1 3   564.0  558.0
 81 1860.122586 2.038E-65 3.328E+01.02090.04022495.50110.60-.002220       X1/2   6       X1/2   5                 RR 92.5f     1622231111 8 3 1 3   564.0  558.0
 81 1860.140320 8.285E-54 4.732E-03.03270.05015051.91640.60-.002220       X3/2   7       X1/2   6                 RQ 51.5e     3622231111 8 3 1 3   312.0  312.0
 81 1860.158692 1.198E-54 2.560E-03.04660.05715180.75880.60-.002220       X3/2   9       X1/2   8                 SR 24.5f     3643231111 8 3 1 3   156.0  150.0
 81 1860.171418 2.323E-33 6.918E-04.03680.052 4926.01790.60-.001280       X3/2   2       X1/2   1                 QP 42.5f     4632231111 8 3 1 3   252.0  258.0
 81 1860.185355 3.830E-50 3.355E+01.02830.03415176.03540.70-.001200       X3/2   6       X3/2   5                 RR 60.5e     3622231111 8 3 1 3   372.0  366.0
 81 1860.186893 1.803E-97 1.135E+01.01370.03137558.38700.60-.002220       X1/2   2       X1/2   1                 RR151.5f     0222231211 8 3 1 3   918.0  912.0
 81 1860.190745 1.802E-97 1.135E+01.01370.03137558.43640.60-.002220       X1/2   2       X1/2   1                 RR151.5e     0222231211 8 3 1 3   918.0  912.0
 81 1860.194619 3.821E-50 3.354E+01.02830.03415176.49700.70-.001200       X3/2   6       X3/2   5                 RR 60.5f     3622231111 8 3 1 3   372.0  366.0
 81 1860.211460 1.654E-97 1.135E+01.01360.01737574.83630.70-.001200       X3/2   2       X3/2   1                 RR150.5e     0222231211 8 3 1 3   912.0  906.0
 81 1860.225073 1.642E-97 1.135E+01.01360.01737576.33960.70-.001200       X3/2   2       X3/2   1                 RR150.5f     0222231211 8 3 1 3   912.0  906.0
 81 1860.233965 2.077E-67 2.317E-03.02310.04221444.09020.60-.002220       X3/2   7       X1/2   6                 RQ 82.5f     1622231111 8 3 1 3   498.0  498.0
 81 1860.244214 2.320E-33 6.900E-04.03680.052 4925.73390.60-.001280       X3/2   2       X1/2   1                 QP 42.5e     4632231111 8 3 1 3   252.0  258.0
 81 1860.265480 9.641E-39 2.819E+01.03890.053 9644.13770.60-.002220       X1/2   5       X1/2   4                 RR 37.5e     4632231111 8 3 1 3   234.0  228.0
 81 1860.269356 9.627E-39 2.819E+01.03890.053 9644.42520.60-.002220       X1/2   5       X1/2   4                 RR 37.5f     4632231111 8 3 1 3   234.0  228.0
 81 1860.305116 2.926E-42 1.058E-02.05230.060 9504.41080.63-.001190       X3/2   6       X1/2   5                 RQ 15.5f     3654431111 8 3 1 3    96.0   96.0
 81 1860.321930 4.638E-26 3.320E-03.04410.056 1501.93850.60-.002220       X1/2   1       X1/2   0           30.5   Q 29.5f 30.5453323 4 4 8 3 1 3    62.0   62.0
 81 1860.322976 4.991E-29 3.692E-06.04410.056 1501.93850.60-.002220       X1/2   1       X1/2   0           29.5   Q 29.5f 30.5453323 4 4 8 3 1 3    60.0   62.0
 81 1860.324082 4.991E-29 3.573E-06.04410.056 1501.93850.60-.002220       X1/2   1       X1/2   0           30.5   Q 29.5f 29.5453323 4 4 8 3 1 3    62.0   60.0
 81 1860.325128 4.483E-26 3.316E-03.04410.056 1501.93850.60-.002220       X1/2   1       X1/2   0           29.5   Q 29.5f 29.5453323 4 4 8 3 1 3    60.0   60.0
 81 1860.326366 4.991E-29 3.819E-06.04410.056 1501.93850.60-.002220       X1/2   1       X1/2   0           28.5   Q 29.5f 29.5453323 4 4 8 3 1 3    58.0   60.0
 81 1860.327348 4.991E-29 3.692E-06.04410.056 1501.93850.60-.002220       X1/2   1       X1/2   0           29.5   Q 29.5f 28.5453323 4 4 8 3 1 3    60.0   58.0
 81 1860.328586 4.339E-26 3.320E-03.04410.056 1501.93850.60-.002220       X1/2   1       X1/2   0           28.5   Q 29.5f 28.5453323 4 4 8 3 1 3    58.0   58.0
 81 1860.342470 1.195E-54 2.551E-03.04660.05715180.51770.60-.002220       X3/2   9       X1/2   8                 SR 24.5e     3643231111 8 3 1 3   156.0  150.0
 81 1860.367453 1.023E-59 1.473E-03.04170.05517523.25810.60-.002220       X3/2  10       X1/2   9                 SR 32.5f     3632231111 8 3 1 3   204.0  198.0
 81 1860.440781 2.423E-32 2.259E+01.04720.058 6475.15670.60-.002220       X1/2   4       X1/2   3                 RR 23.5e     4643231111 8 3 1 3   150.0  144.0
 81 1860.444333 1.881E-85 2.235E+01.01560.03431974.08530.60-.002220       X1/2   4       X1/2   3                 RR130.5f     0222231211 8 3 1 3   792.0  786.0
 81 1860.445031 1.708E-85 2.235E+01.01550.01931992.38460.70-.001200       X3/2   4       X3/2   3                 RR129.5e     0222231211 8 3 1 3   786.0  780.0
 81 1860.445992 1.880E-85 2.234E+01.01560.03431974.15830.60-.002220       X1/2   4       X1/2   3                 RR130.5e     0222231211 8 3 1 3   792.0  786.0
 81 1860.447423 2.421E-32 2.260E+01.04720.058 6475.38850.60-.002220       X1/2   4       X1/2   3                 RR 23.5f     4643231111 8 3 1 3   150.0  144.0
 81 1860.452547 4.587E-50 3.357E+01.02860.04715142.28560.60-.002220       X1/2   6       X1/2   5                 RR 61.5e     1622231111 8 3 1 3   378.0  372.0
 81 1860.454072 4.582E-50 3.357E+01.02860.04715142.54050.60-.002220       X1/2   6       X1/2   5                 RR 61.5f     1622231111 8 3 1 3   378.0  372.0
 81 1860.456671 1.696E-85 2.235E+01.01550.01931993.80440.70-.001200       X3/2   4       X3/2   3                 RR129.5f     0222231211 8 3 1 3   786.0  780.0
 81 1860.493508 2.920E-42 1.055E-02.05230.060 9504.23870.63-.001190       X3/2   6       X1/2   5                 RQ 15.5e     3654431111 8 3 1 3    96.0   96.0
 81 1860.538782 1.020E-59 1.467E-03.04170.05517522.97580.60-.002220       X3/2  10       X1/2   9                 SR 32.5e     3632231111 8 3 1 3   204.0  198.0
 81 1860.554300 1.668E-54 4.527E-03.03190.04915380.22480.60-.002220       X3/2   7       X1/2   6                 RQ 53.5f     3622231111 8 3 1 3   324.0  324.0
 81 1860.616098 6.026E-68 2.254E-03.02290.04221695.30090.60-.002220       X3/2   7       X1/2   6                 RQ 83.5e     1622231111 8 3 1 3   504.0  504.0
 81 1860.676791 3.736E-54 4.616E-03.03230.04915214.43270.60-.002220       X3/2   7       X1/2   6                 RQ 52.5e     3622231111 8 3 1 3   318.0  318.0
 81 1860.705643 3.290E-25 3.199E-02.04470.053 1558.14770.70-.001200       X3/2   1       X3/2   0           29.5   Q 28.5f 29.5453323 4 4 8 3 1 3    60.0   60.0
 81 1860.705655 3.785E-28 3.681E-05.04470.053 1558.14770.70-.001200       X3/2   1       X3/2   0           29.5   Q 28.5f 28.5453323 4 4 8 3 1 3    60.0   58.0
 81 1860.706030 3.785E-28 3.808E-05.04470.053 1558.14770.70-.001200       X3/2   1       X3/2   0           28.5   Q 28.5f 27.5453323 4 4 8 3 1 3    58.0   56.0
 81 1860.706233 3.785E-28 3.808E-05.04470.053 1558.14770.70-.001200       X3/2   1       X3/2   0           28.5   Q 28.5f 29.5453323 4 4 8 3 1 3    58.0   60.0
 81 1860.706245 3.176E-25 3.195E-02.04470.053 1558.14770.70-.001200       X3/2   1       X3/2   0           28.5   Q 28.5f 28.5453323 4 4 8 3 1 3    58.0   58.0
 81 1860.706467 3.070E-25 3.199E-02.04470.053 1558.14770.70-.001200       X3/2   1       X3/2   0           27.5   Q 28.5f 27.5453323 4 4 8 3 1 3    56.0   56.0
 81 1860.706682 3.785E-28 3.944E-05.04470.053 1558.14770.70-.001200       X3/2   1       X3/2   0           27.5   Q 28.5f 28.5453323 4 4 8 3 1 3    56.0   58.0
 81 1860.765894 1.093E-20 6.639E+00.06000.064   40.16240.71-.001380       X1/2   1       X1/2   0            2.5   P  4.5f  3.5455443 4 4 8 3 1 3     6.0    8.0
 81 1860.765896 1.386E-20 6.314E+00.06000.064   40.16240.71-.001380       X1/2   1       X1/2   0            3.5   P  4.5f  4.5455443 4 4 8 3 1 3     8.0   10.0
 81 1860.766036 1.749E-20 6.374E+00.06000.064   40.16240.71-.001380       X1/2   1       X1/2   0            4.5   P  4.5f  5.5455443 4 4 8 3 1 3    10.0   12.0
 81 1860.767963 7.198E-22 3.279E-01.06000.064   40.16240.71-.001380       X1/2   1       X1/2   0            3.5   P  4.5f  3.5455443 4 4 8 3 1 3     8.0    8.0
 81 1860.768568 7.198E-22 2.623E-01.06000.064   40.16240.71-.001380       X1/2   1       X1/2   0            4.5   P  4.5f  4.5455443 4 4 8 3 1 3    10.0   10.0
 81 1860.770634 8.997E-24 3.279E-03.06000.064   40.16240.71-.001380       X1/2   1       X1/2   0            4.5   P  4.5f  3.5455443 4 4 8 3 1 3    10.0    8.0
 81 1860.774779 9.000E-24 3.279E-03.06000.064   40.10360.71-.001380       X1/2   1       X1/2   0            4.5   P  4.5e  3.5455443 4 4 8 3 1 3    10.0    8.0
 81 1860.775707 6.875E-65 3.333E+01.02090.02522241.07000.70-.001200       X3/2   6       X3/2   5                 RR 90.5e     1622231111 8 3 1 3   552.0  546.0
 81 1860.776156 7.200E-22 2.623E-01.06000.064   40.10360.71-.001380       X1/2   1       X1/2   0            4.5   P  4.5e  4.5455443 4 4 8 3 1 3    10.0   10.0
 81 1860.776357 7.200E-22 3.279E-01.06000.064   40.10360.71-.001380       X1/2   1       X1/2   0            3.5   P  4.5e  3.5455443 4 4 8 3 1 3     8.0    8.0
 81 1860.777654 1.093E-20 6.637E+00.06000.064   40.10360.71-.001380       X1/2   1       X1/2   0            2.5   P  4.5e  3.5455443 4 4 8 3 1 3     6.0    8.0
 81 1860.777734 1.386E-20 6.312E+00.06000.064   40.10360.71-.001380       X1/2   1       X1/2   0            3.5   P  4.5e  4.5455443 4 4 8 3 1 3     8.0   10.0
 81 1860.777741 1.750E-20 6.376E+00.06000.064   40.10360.71-.001380       X1/2   1       X1/2   0            4.5   P  4.5e  5.5455443 4 4 8 3 1 3    10.0   12.0
 81 1860.785844 6.839E-65 3.333E+01.02090.02522242.14550.70-.001200       X3/2   6       X3/2   5                 RR 90.5f     1622231111 8 3 1 3   552.0  546.0
 81 1860.789431 7.015E-67 2.368E-03.02330.04221195.50330.60-.002220       X3/2   7       X1/2   6                 RQ 81.5f     1622231111 8 3 1 3   492.0  492.0
 81 1860.798700 1.700E-27 1.679E+01.05320.061 3999.10750.72-.001150       X1/2   3       X1/2   2                 RR 12.5e     4654431111 8 3 1 3    84.0   78.0
 81 1860.808254 1.699E-27 1.679E+01.05320.061 3999.25160.72-.001150       X1/2   3       X1/2   2                 RR 12.5f     4654431111 8 3 1 3    84.0   78.0
 81 1860.840685 4.345E-26 3.322E-03.04410.056 1501.67960.60-.002220       X1/2   1       X1/2   0           28.5   Q 29.5e 28.5453323 4 4 8 3 1 3    58.0   58.0
 81 1860.841921 4.999E-29 3.823E-06.04410.056 1501.67960.60-.002220       X1/2   1       X1/2   0           28.5   Q 29.5e 29.5453323 4 4 8 3 1 3    58.0   60.0
 81 1860.842907 4.999E-29 3.695E-06.04410.056 1501.67960.60-.002220       X1/2   1       X1/2   0           29.5   Q 29.5e 28.5453323 4 4 8 3 1 3    60.0   58.0
 81 1860.844143 4.490E-26 3.319E-03.04410.056 1501.67960.60-.002220       X1/2   1       X1/2   0           29.5   Q 29.5e 29.5453323 4 4 8 3 1 3    60.0   60.0
 81 1860.845183 4.999E-29 3.695E-06.04410.056 1501.67960.60-.002220       X1/2   1       X1/2   0           29.5   Q 29.5e 30.5453323 4 4 8 3 1 3    60.0   62.0
 81 1860.846295 4.999E-29 3.576E-06.04410.056 1501.67960.60-.002220       X1/2   1       X1/2   0           30.5   Q 29.5e 29.5453323 4 4 8 3 1 3    62.0   60.0
 81 1860.847336 4.645E-26 3.323E-03.04410.056 1501.67960.60-.002220       X1/2   1       X1/2   0           30.5   Q 29.5e 30.5453323 4 4 8 3 1 3    62.0   62.0
 81 1860.861054 7.817E-65 3.333E+01.02110.04022216.88670.60-.002220       X1/2   6       X1/2   5                 RR 91.5e     1622231111 8 3 1 3   558.0  552.0
 81 1860.861345 7.817E-65 3.333E+01.02110.04022216.87650.60-.002220       X1/2   6       X1/2   5                 RR 91.5f     1622231111 8 3 1 3   558.0  552.0
 81 1860.883452 3.787E-28 3.809E-05.04470.053 1558.05800.70-.001200       X3/2   1       X3/2   0           28.5   Q 28.5e 27.5453323 4 4 8 3 1 3    58.0   56.0
 81 1860.883667 3.072E-25 3.200E-02.04470.053 1558.05800.70-.001200       X3/2   1       X3/2   0           27.5   Q 28.5e 27.5453323 4 4 8 3 1 3    56.0   56.0
 81 1860.883892 3.178E-25 3.196E-02.04470.053 1558.05800.70-.001200       X3/2   1       X3/2   0           28.5   Q 28.5e 28.5453323 4 4 8 3 1 3    58.0   58.0
 81 1860.883902 3.787E-28 3.682E-05.04470.053 1558.05800.70-.001200       X3/2   1       X3/2   0           29.5   Q 28.5e 28.5453323 4 4 8 3 1 3    60.0   58.0
 81 1860.884107 3.787E-28 3.945E-05.04470.053 1558.05800.70-.001200       X3/2   1       X3/2   0           27.5   Q 28.5e 28.5453323 4 4 8 3 1 3    56.0   58.0
 81 1860.884487 3.787E-28 3.809E-05.04470.053 1558.05800.70-.001200       X3/2   1       X3/2   0           28.5   Q 28.5e 29.5453323 4 4 8 3 1 3    58.0   60.0
 81 1860.884497 3.292E-25 3.201E-02.04470.053 1558.05800.70-.001200       X3/2   1       X3/2   0           29.5   Q 28.5e 29.5453323 4 4 8 3 1 3    60.0   60.0
 81 1860.885033 1.517E-50 3.358E+01.02800.03415369.88740.70-.001200       X3/2   6       X3/2   5                 RR 61.5e     1622231111 8 3 1 3   378.0  372.0
 81 1860.894348 1.514E-50 3.359E+01.02800.03415370.36540.70-.001200       X3/2   6       X3/2   5                 RR 61.5f     1622231111 8 3 1 3   378.0  372.0
 81 1861.009253 2.364E-42 1.038E-02.05180.060 9556.72190.51-.001210       X3/2   6       X1/2   5                 RQ 16.5f     3654431111 8 3 1 3   102.0  102.0
 81 1861.023610 7.305E-55 4.418E-03.03150.04915548.70680.60-.002220       X3/2   7       X1/2   6                 RQ 54.5f     3622231111 8 3 1 3   330.0  330.0
 81 1861.142222 1.813E-50 3.360E+01.02820.04615336.57670.60-.002220       X1/2   6       X1/2   5                 RR 62.5e     1622231111 8 3 1 3   384.0  378.0
 81 1861.143683 1.811E-50 3.361E+01.02820.04615336.82670.60-.002220       X1/2   6       X1/2   5                 RR 62.5f     1622231111 8 3 1 3   384.0  378.0
 81 1861.185889 1.660E-54 4.502E-03.03190.04915379.93640.60-.002220       X3/2   7       X1/2   6                 RQ 53.5e     3622231111 8 3 1 3   324.0  324.0
 81 1861.203109 2.063E-67 2.303E-03.02310.04221443.98270.60-.002220       X3/2   7       X1/2   6                 RQ 82.5e     1622231111 8 3 1 3   498.0  498.0
 81 1861.209384 2.358E-42 1.034E-02.05180.060 9556.54100.51-.001210       X3/2   6       X1/2   5                 RQ 16.5e     3654431111 8 3 1 3   102.0  102.0
 81 1861.220792 1.114E-33 1.778E-03.04410.056 5194.99240.60-.001280       X3/2   3       X1/2   2                 QP 29.5f     4633231111 8 3 1 3   174.0  180.0
 81 1861.245267 1.849E-35 3.496E-03.05120.060 6067.40660.60-.002320       X3/2   4       X1/2   3                 QP 17.5f     4653231111 8 3 1 3   102.0  108.0
 81 1861.302087 2.338E-66 2.420E-03.02360.04320949.64800.60-.002220       X3/2   7       X1/2   6                 RQ 80.5f     1622231111 8 3 1 3   486.0  486.0
 81 1861.347411 7.755E-26 3.559E-03.04470.056 1403.49820.60-.002220       X1/2   1       X1/2   0           29.5   Q 28.5f 29.5453323 4 4 8 3 1 3    60.0   60.0
 81 1861.348477 8.921E-29 4.235E-06.04470.056 1403.49820.60-.002220       X1/2   1       X1/2   0           28.5   Q 28.5f 29.5453323 4 4 8 3 1 3    58.0   60.0
 81 1861.349569 8.921E-29 4.094E-06.04470.056 1403.49820.60-.002220       X1/2   1       X1/2   0           29.5   Q 28.5f 28.5453323 4 4 8 3 1 3    60.0   58.0
 81 1861.350635 7.487E-26 3.554E-03.04470.056 1403.49820.60-.002220       X1/2   1       X1/2   0           28.5   Q 28.5f 28.5453323 4 4 8 3 1 3    58.0   58.0
 81 1861.351887 8.921E-29 4.386E-06.04470.056 1403.49820.60-.002220       X1/2   1       X1/2   0           27.5   Q 28.5f 28.5453323 4 4 8 3 1 3    56.0   58.0
 81 1861.352854 8.921E-29 4.235E-06.04470.056 1403.49820.60-.002220       X1/2   1       X1/2   0           28.5   Q 28.5f 27.5453323 4 4 8 3 1 3    58.0   56.0
 81 1861.354106 7.237E-26 3.558E-03.04470.056 1403.49820.60-.002220       X1/2   1       X1/2   0           27.5   Q 28.5f 27.5453323 4 4 8 3 1 3    56.0   56.0
 81 1861.354673 4.203E-39 2.822E+01.03840.046 9814.89110.70-.001200       X3/2   5       X3/2   4                 RR 37.5e     4632231111 8 3 1 3   234.0  228.0
 81 1861.361998 4.200E-39 2.822E+01.03840.046 9815.05290.70-.001200       X3/2   5       X3/2   4                 RR 37.5f     4632231111 8 3 1 3   234.0  228.0
 81 1861.392187 1.520E-91 1.692E+01.01460.03334819.19910.60-.002220       X1/2   3       X1/2   2                 RR141.5f     0222231211 8 3 1 3   858.0  852.0
 81 1861.394867 1.519E-91 1.691E+01.01460.03334819.25880.60-.002220       X1/2   3       X1/2   2                 RR141.5e     0222231211 8 3 1 3   858.0  852.0
 81 1861.397049 1.112E-33 1.773E-03.04410.056 5194.73110.60-.001280       X3/2   3       X1/2   2                 QP 29.5e     4633231111 8 3 1 3   174.0  180.0
 81 1861.406601 1.388E-91 1.692E+01.01440.01834836.44600.70-.001200       X3/2   3       X3/2   2                 RR140.5e     0222231211 8 3 1 3   852.0  846.0
 81 1861.414055 1.846E-35 3.488E-03.05120.060 6067.21770.60-.002320       X3/2   4       X1/2   3                 QP 17.5e     4653231111 8 3 1 3   102.0  108.0
 81 1861.419146 1.378E-91 1.692E+01.01440.01834837.90890.70-.001200       X3/2   3       X3/2   2                 RR140.5f     0222231211 8 3 1 3   852.0  846.0
 81 1861.460551 2.600E-64 3.338E+01.02110.02621965.31780.70-.001200       X3/2   6       X3/2   5                 RR 89.5e     1622231111 8 3 1 3   546.0  540.0
 81 1861.464030 3.152E-55 4.310E-03.03110.04915720.16230.60-.002220       X3/2   7       X1/2   6                 RQ 55.5f     3622231111 8 3 1 3   336.0  336.0
 81 1861.470672 2.587E-64 3.338E+01.02110.02621966.36850.70-.001200       X3/2   6       X3/2   5                 RR 89.5f     1622231111 8 3 1 3   546.0  540.0
 81 1861.539426 5.923E-51 3.361E+01.02770.03315566.70010.70-.001200       X3/2   6       X3/2   5                 RR 62.5e     1622231111 8 3 1 3   384.0  378.0
 81 1861.548790 5.909E-51 3.362E+01.02770.03315567.19480.70-.001200       X3/2   6       X3/2   5                 RR 62.5f     1622231111 8 3 1 3   384.0  378.0
 81 1861.549340 2.960E-64 3.338E+01.02130.04021940.90360.60-.002220       X1/2   6       X1/2   5                 RR 90.5e     1622231111 8 3 1 3   552.0  546.0
 81 1861.549658 2.960E-64 3.338E+01.02130.04021940.90650.60-.002220       X1/2   6       X1/2   5                 RR 90.5f     1622231111 8 3 1 3   552.0  546.0
 81 1861.557723 1.208E-32 2.257E+01.04760.056 6617.96740.70-.001200       X3/2   4       X3/2   3                 RR 23.5e     4643231111 8 3 1 3   150.0  144.0
 81 1861.562510 1.208E-32 2.258E+01.04760.056 6618.01960.70-.001200       X3/2   4       X3/2   3                 RR 23.5f     4643231111 8 3 1 3   150.0  144.0
 81 1861.576343 9.086E-28 1.665E+01.05550.064 4126.03730.66-.001370       X3/2   3       X3/2   2                 RR 12.5e     4654431111 8 3 1 3    84.0   78.0
 81 1861.578407 9.086E-28 1.665E+01.05550.064 4126.04710.66-.001370       X3/2   3       X3/2   2                 RR 12.5f     4654431111 8 3 1 3    84.0   78.0
 81 1861.666841 7.269E-55 4.393E-03.03150.04915548.42090.60-.002220       X3/2   7       X1/2   6                 RQ 54.5e     3622231111 8 3 1 3   330.0  330.0
 81 1861.732926 5.475E-25 3.437E-02.04540.054 1460.92360.70-.001200       X3/2   1       X3/2   0           28.5   Q 27.5f 28.5453323 4 4 8 3 1 3    58.0   58.0
 81 1861.732940 6.749E-28 4.237E-05.04540.054 1460.92360.70-.001200       X3/2   1       X3/2   0           28.5   Q 27.5f 27.5453323 4 4 8 3 1 3    58.0   56.0
 81 1861.733296 6.749E-28 4.389E-05.04540.054 1460.92360.70-.001200       X3/2   1       X3/2   0           27.5   Q 27.5f 26.5453323 4 4 8 3 1 3    56.0   54.0
 81 1861.733491 6.749E-28 4.389E-05.04540.054 1460.92360.70-.001200       X3/2   1       X3/2   0           27.5   Q 27.5f 28.5453323 4 4 8 3 1 3    56.0   58.0
 81 1861.733505 5.280E-25 3.433E-02.04540.054 1460.92360.70-.001200       X3/2   1       X3/2   0           27.5   Q 27.5f 27.5453323 4 4 8 3 1 3    56.0   56.0
 81 1861.733711 5.097E-25 3.437E-02.04540.054 1460.92360.70-.001200       X3/2   1       X3/2   0           26.5   Q 27.5f 26.5453323 4 4 8 3 1 3    54.0   54.0
 81 1861.733920 6.749E-28 4.551E-05.04540.054 1460.92360.70-.001200       X3/2   1       X3/2   0           26.5   Q 27.5f 27.5453323 4 4 8 3 1 3    54.0   56.0
 81 1861.741129 1.872E-42 1.017E-02.05120.060 9612.19740.60-.001400       X3/2   6       X1/2   5                 RQ 17.5f     3653231111 8 3 1 3   108.0  108.0
 81 1861.746935 6.969E-67 2.353E-03.02330.04221195.38570.60-.002220       X3/2   7       X1/2   6                 RQ 81.5e     1622231111 8 3 1 3   492.0  492.0
 81 1861.772315 7.692E-66 2.474E-03.02380.04320706.53540.60-.002220       X3/2   7       X1/2   6                 RQ 79.5f     1622231111 8 3 1 3   480.0  480.0
 81 1861.787011 7.061E-51 3.364E+01.02790.04615533.81720.60-.002220       X1/2   6       X1/2   5                 RR 63.5e     1622231111 8 3 1 3   390.0  384.0
 81 1861.787716 3.067E-77 2.785E+01.01720.02128102.22620.70-.001200       X3/2   5       X3/2   4                 RR114.5e     0222231211 8 3 1 3   696.0  690.0
 81 1861.788411 7.053E-51 3.364E+01.02790.04615534.06220.60-.002220       X1/2   6       X1/2   5                 RR 63.5f     1622231111 8 3 1 3   390.0  384.0
 81 1861.798565 3.047E-77 2.786E+01.01720.02128103.59280.70-.001200       X3/2   5       X3/2   4                 RR114.5f     0222231211 8 3 1 3   696.0  690.0
 81 1861.811080 3.411E-77 2.786E+01.01740.03628082.14020.60-.002220       X1/2   5       X1/2   4                 RR115.5f     0222231211 8 3 1 3   702.0  696.0
 81 1861.811780 3.410E-77 2.786E+01.01740.03628082.23790.60-.002220       X1/2   5       X1/2   4                 RR115.5e     0222231211 8 3 1 3   702.0  696.0
 81 1861.858106 7.248E-26 3.561E-03.04470.056 1403.24330.60-.002220       X1/2   1       X1/2   0           27.5   Q 28.5e 27.5453323 4 4 8 3 1 3    56.0   56.0
 81 1861.859356 8.935E-29 4.390E-06.04470.056 1403.24330.60-.002220       X1/2   1       X1/2   0           27.5   Q 28.5e 28.5453323 4 4 8 3 1 3    56.0   58.0
 81 1861.860326 8.935E-29 4.239E-06.04470.056 1403.24330.60-.002220       X1/2   1       X1/2   0           28.5   Q 28.5e 27.5453323 4 4 8 3 1 3    58.0   56.0
 81 1861.861576 7.498E-26 3.557E-03.04470.056 1403.24330.60-.002220       X1/2   1       X1/2   0           28.5   Q 28.5e 28.5453323 4 4 8 3 1 3    58.0   58.0
 81 1861.862637 8.935E-29 4.239E-06.04470.056 1403.24330.60-.002220       X1/2   1       X1/2   0           28.5   Q 28.5e 29.5453323 4 4 8 3 1 3    58.0   60.0
 81 1861.863734 8.935E-29 4.098E-06.04470.056 1403.24330.60-.002220       X1/2   1       X1/2   0           29.5   Q 28.5e 28.5453323 4 4 8 3 1 3    60.0   58.0
 81 1861.864795 7.767E-26 3.562E-03.04470.056 1403.24330.60-.002220       X1/2   1       X1/2   0           29.5   Q 28.5e 29.5453323 4 4 8 3 1 3    60.0   60.0
 81 1861.874836 1.341E-55 4.207E-03.03070.04815894.58420.60-.002220       X3/2   7       X1/2   6                 RQ 56.5f     3622231111 8 3 1 3   342.0  342.0
 81 1861.895686 6.752E-28 4.390E-05.04540.054 1460.84150.70-.001200       X3/2   1       X3/2   0           27.5   Q 27.5e 26.5453323 4 4 8 3 1 3    56.0   54.0
 81 1861.895896 5.100E-25 3.438E-02.04540.054 1460.84150.70-.001200       X3/2   1       X3/2   0           26.5   Q 27.5e 26.5453323 4 4 8 3 1 3    54.0   54.0
 81 1861.896105 5.282E-25 3.434E-02.04540.054 1460.84150.70-.001200       X3/2   1       X3/2   0           27.5   Q 27.5e 27.5453323 4 4 8 3 1 3    56.0   56.0
 81 1861.896117 6.753E-28 4.239E-05.04540.054 1460.84150.70-.001200       X3/2   1       X3/2   0           28.5   Q 27.5e 27.5453323 4 4 8 3 1 3    58.0   56.0
 81 1861.896315 6.752E-28 4.552E-05.04540.054 1460.84150.70-.001200       X3/2   1       X3/2   0           26.5   Q 27.5e 27.5453323 4 4 8 3 1 3    54.0   56.0
 81 1861.896674 6.753E-28 4.390E-05.04540.054 1460.84150.70-.001200       X3/2   1       X3/2   0           27.5   Q 27.5e 28.5453323 4 4 8 3 1 3    56.0   58.0
 81 1861.896686 5.478E-25 3.439E-02.04540.054 1460.84150.70-.001200       X3/2   1       X3/2   0           28.5   Q 27.5e 28.5453323 4 4 8 3 1 3    58.0   58.0
 81 1861.904431 8.011E-46 5.811E-03.05470.06210991.40680.68-.000560       X3/2   7       X1/2   6                 SR  9.5f     3654431111 8 3 1 3    66.0   60.0
 81 1861.952994 1.868E-42 1.014E-02.05120.060 9612.00810.60-.001400       X3/2   6       X1/2   5                 RQ 17.5e     3653231111 8 3 1 3   108.0  108.0
 81 1862.012587 8.000E-46 5.800E-03.05470.06210991.29320.68-.000560       X3/2   7       X1/2   6                 SR  9.5e     3654431111 8 3 1 3    66.0   60.0
 81 1862.017559 5.452E-39 2.829E+01.03840.053 9766.90330.60-.002220       X1/2   5       X1/2   4                 RR 38.5e     4632231111 8 3 1 3   240.0  234.0
 81 1862.021278 5.444E-39 2.828E+01.03840.053 9767.19240.60-.002220       X1/2   5       X1/2   4                 RR 38.5f     4632231111 8 3 1 3   240.0  234.0
 81 1862.032408 2.003E-65 7.383E-04.03680.05220133.12400.60-.002220       X3/2  11       X1/2  10                 SR 41.5f     2632231111 8 3 1 3   258.0  252.0
 81 1862.095037 9.706E-64 3.343E+01.02120.02621692.23690.70-.001200       X3/2   6       X3/2   5                 RR 88.5e     1622231111 8 3 1 3   540.0  534.0
 81 1862.105143 9.657E-64 3.343E+01.02120.02621693.26330.70-.001200       X3/2   6       X3/2   5                 RR 88.5f     1622231111 8 3 1 3   540.0  534.0
 81 1862.118902 3.137E-55 4.287E-03.03110.04915719.87920.60-.002220       X3/2   7       X1/2   6                 RQ 55.5e     3622231111 8 3 1 3   336.0  336.0
 81 1862.148371 2.279E-51 3.365E+01.02730.03315766.46500.70-.001200       X3/2   6       X3/2   5                 RR 63.5e     1622231111 8 3 1 3   390.0  384.0
 81 1862.149144 1.995E-65 7.344E-04.03680.05220132.81600.60-.002220       X3/2  11       X1/2  10                 SR 41.5e     2632231111 8 3 1 3   258.0  252.0
 81 1862.157783 2.273E-51 3.364E+01.02730.03315766.97660.70-.001200       X3/2   6       X3/2   5                 RR 63.5f     1622231111 8 3 1 3   390.0  384.0
 81 1862.187386 1.106E-63 3.342E+01.02150.04121667.58750.60-.002220       X1/2   6       X1/2   5                 RR 89.5e     1622231111 8 3 1 3   546.0  540.0
 81 1862.187732 1.106E-63 3.343E+01.02150.04121667.60310.60-.002220       X1/2   6       X1/2   5                 RR 89.5f     1622231111 8 3 1 3   546.0  540.0
 81 1862.200500 2.496E-65 2.528E-03.02410.04320466.17580.60-.002220       X3/2   7       X1/2   6                 RQ 78.5f     1622231111 8 3 1 3   474.0  474.0
 81 1862.247950 2.323E-66 2.405E-03.02360.04320949.52060.60-.002220       X3/2   7       X1/2   6                 RQ 80.5e     1622231111 8 3 1 3   486.0  486.0
 81 1862.255333 5.619E-56 4.105E-03.03030.04816071.96530.60-.002220       X3/2   7       X1/2   6                 RQ 57.5f     3622231111 8 3 1 3   348.0  348.0
 81 1862.338116 1.277E-25 3.822E-03.04540.057 1308.37430.60-.002220       X1/2   1       X1/2   0           28.5   Q 27.5f 28.5453323 4 4 8 3 1 3    58.0   58.0
 81 1862.339202 1.575E-28 4.882E-06.04540.057 1308.37430.60-.002220       X1/2   1       X1/2   0           27.5   Q 27.5f 28.5453323 4 4 8 3 1 3    56.0   58.0
 81 1862.340279 1.575E-28 4.714E-06.04540.057 1308.37430.60-.002220       X1/2   1       X1/2   0           28.5   Q 27.5f 27.5453323 4 4 8 3 1 3    58.0   56.0
 81 1862.341365 1.232E-25 3.819E-03.04540.057 1308.37430.60-.002220       X1/2   1       X1/2   0           27.5   Q 27.5f 27.5453323 4 4 8 3 1 3    56.0   56.0
 81 1862.342632 1.575E-28 5.063E-06.04540.057 1308.37430.60-.002220       X1/2   1       X1/2   0           26.5   Q 27.5f 27.5453323 4 4 8 3 1 3    54.0   56.0
 81 1862.343583 1.575E-28 4.882E-06.04540.057 1308.37430.60-.002220       X1/2   1       X1/2   0           27.5   Q 27.5f 26.5453323 4 4 8 3 1 3    56.0   54.0
 81 1862.344850 1.189E-25 3.822E-03.04540.057 1308.37430.60-.002220       X1/2   1       X1/2   0           26.5   Q 27.5f 26.5453323 4 4 8 3 1 3    54.0   54.0
 81 1862.386732 2.710E-51 3.366E+01.02760.04615733.99910.60-.002220       X1/2   6       X1/2   5                 RR 64.5e     1622231111 8 3 1 3   396.0  390.0
 81 1862.388074 2.707E-51 3.366E+01.02760.04615734.23880.60-.002220       X1/2   6       X1/2   5                 RR 64.5f     1622231111 8 3 1 3   396.0  390.0
 81 1862.412036 1.356E-33 2.209E-04.03190.049 4849.23940.60-.001280       X3/2   1       X1/2   0                 QP 53.5e     4622231111 8 3 1 3   318.0  324.0
 81 1862.423269 4.672E-33 7.243E-04.03730.052 4786.26680.60-.001280       X3/2   2       X1/2   1                 QP 41.5f     4632231111 8 3 1 3   246.0  252.0
 81 1862.466269 4.145E-24 1.068E+01.06000.064 1900.88130.71-.000520       X1/2   2       X1/2   1            5.5   R  3.5e  4.5455443 3 3 8 3 1 3    12.0   10.0
 81 1862.466279 3.284E-24 1.016E+01.06000.064 1900.88130.71-.000520       X1/2   2       X1/2   1            4.5   R  3.5e  3.5455443 3 3 8 3 1 3    10.0    8.0
 81 1862.466359 2.591E-24 1.002E+01.06000.064 1900.88130.71-.000520       X1/2   2       X1/2   1            3.5   R  3.5e  2.5455443 3 3 8 3 1 3     8.0    6.0
 81 1862.467656 1.706E-25 6.596E-01.06000.064 1900.88130.71-.000520       X1/2   2       X1/2   1            3.5   R  3.5e  3.5455443 3 3 8 3 1 3     8.0    8.0
 81 1862.467857 1.706E-25 5.276E-01.06000.064 1900.88130.71-.000520       X1/2   2       X1/2   1            4.5   R  3.5e  4.5455443 3 3 8 3 1 3    10.0   10.0
 81 1862.469234 2.132E-27 8.243E-03.06000.064 1900.88130.71-.000520       X1/2   2       X1/2   1            3.5   R  3.5e  4.5455443 3 3 8 3 1 3     8.0   10.0
 81 1862.473250 2.132E-27 8.245E-03.06000.064 1900.92840.71-.000520       X1/2   2       X1/2   1            3.5   R  3.5f  4.5455443 3 3 8 3 1 3     8.0   10.0
 81 1862.475315 1.706E-25 5.278E-01.06000.064 1900.92840.71-.000520       X1/2   2       X1/2   1            4.5   R  3.5f  4.5455443 3 3 8 3 1 3    10.0   10.0
 81 1862.475921 1.706E-25 6.597E-01.06000.064 1900.92840.71-.000520       X1/2   2       X1/2   1            3.5   R  3.5f  3.5455443 3 3 8 3 1 3     8.0    8.0
 81 1862.477843 4.145E-24 1.069E+01.06000.064 1900.92840.71-.000520       X1/2   2       X1/2   1            5.5   R  3.5f  4.5455443 3 3 8 3 1 3    12.0   10.0
 81 1862.477987 3.283E-24 1.016E+01.06000.064 1900.92840.71-.000520       X1/2   2       X1/2   1            4.5   R  3.5f  3.5455443 3 3 8 3 1 3    10.0    8.0
 81 1862.477990 2.590E-24 1.002E+01.06000.064 1900.92840.71-.000520       X1/2   2       X1/2   1            3.5   R  3.5f  2.5455443 3 3 8 3 1 3     8.0    6.0
 81 1862.498568 1.454E-42 9.961E-03.05070.060 9670.83610.60-.001590       X3/2   6       X1/2   5                 RQ 18.5f     3653231111 8 3 1 3   114.0  114.0
 81 1862.507488 4.665E-33 7.223E-04.03730.052 4785.98280.60-.001280       X3/2   2       X1/2   1                 QP 41.5e     4632231111 8 3 1 3   246.0  252.0
 81 1862.511929 3.475E-42 9.624E-03.06370.069 9104.76280.78-.000430       X3/2   6       X1/2   5                 SR  1.5f     3654431111 8 3 1 3    18.0   12.0
 81 1862.512795 1.357E-33 2.213E-04.03190.049 4849.49990.60-.001280       X3/2   1       X1/2   0                 QP 53.5f     4622231111 8 3 1 3   318.0  324.0
 81 1862.535385 3.474E-42 9.621E-03.06370.069 9104.73920.78-.000430       X3/2   6       X1/2   5                 SR  1.5e     3654431111 8 3 1 3    18.0   12.0
 81 1862.541351 1.334E-55 4.183E-03.03070.04815894.30420.60-.002220       X3/2   7       X1/2   6                 RQ 56.5e     3622231111 8 3 1 3   342.0  342.0
 81 1862.587035 7.993E-65 2.585E-03.02430.04320228.58000.60-.002220       X3/2   7       X1/2   6                 RQ 77.5f     1622231111 8 3 1 3   468.0  468.0
 81 1862.604841 2.321E-56 4.006E-03.03000.04816252.29820.60-.002220       X3/2   7       X1/2   6                 RQ 58.5f     3622231111 8 3 1 3   354.0  354.0
 81 1862.628814 1.174E-38 4.363E-03.05760.063 7412.98460.64-.002450       X3/2   5       X1/2   4                 QP  6.5f     4654431111 8 3 1 3    36.0   42.0
 81 1862.652076 1.070E-27 7.424E-03.06210.068 2021.15030.63-.001480       X3/2   2       X3/2   1            3.5   R  3.5e  4.5455443 3 3 8 3 1 3     8.0   10.0
 81 1862.652340 1.070E-27 7.424E-03.06210.068 2021.15060.63-.001480       X3/2   2       X3/2   1            3.5   R  3.5f  4.5455443 3 3 8 3 1 3     8.0   10.0
 81 1862.652675 8.558E-26 4.750E-01.06210.068 2021.15030.63-.001480       X3/2   2       X3/2   1            4.5   R  3.5e  4.5455443 3 3 8 3 1 3    10.0   10.0
 81 1862.652912 8.558E-26 4.750E-01.06210.068 2021.15060.63-.001480       X3/2   2       X3/2   1            4.5   R  3.5f  4.5455443 3 3 8 3 1 3    10.0   10.0
 81 1862.653066 8.558E-26 5.938E-01.06210.068 2021.15030.63-.001480       X3/2   2       X3/2   1            3.5   R  3.5e  3.5455443 3 3 8 3 1 3     8.0    8.0
 81 1862.653371 8.558E-26 5.938E-01.06210.068 2021.15060.63-.001480       X3/2   2       X3/2   1            3.5   R  3.5f  3.5455443 3 3 8 3 1 3     8.0    8.0
 81 1862.653402 2.080E-24 9.621E+00.06210.068 2021.15030.63-.001480       X3/2   2       X3/2   1            5.5   R  3.5e  4.5455443 3 3 8 3 1 3    12.0   10.0
 81 1862.653666 1.647E-24 9.142E+00.06210.068 2021.15030.63-.001480       X3/2   2       X3/2   1            4.5   R  3.5e  3.5455443 3 3 8 3 1 3    10.0    8.0
 81 1862.653693 2.080E-24 9.621E+00.06210.068 2021.15060.63-.001480       X3/2   2       X3/2   1            5.5   R  3.5f  4.5455443 3 3 8 3 1 3    12.0   10.0
 81 1862.653841 1.300E-24 9.020E+00.06210.068 2021.15030.63-.001480       X3/2   2       X3/2   1            3.5   R  3.5e  2.5455443 3 3 8 3 1 3     8.0    6.0
 81 1862.653942 1.647E-24 9.142E+00.06210.068 2021.15060.63-.001480       X3/2   2       X3/2   1            4.5   R  3.5f  3.5455443 3 3 8 3 1 3    10.0    8.0
 81 1862.654119 1.300E-24 9.020E+00.06210.068 2021.15060.63-.001480       X3/2   2       X3/2   1            3.5   R  3.5f  2.5455443 3 3 8 3 1 3     8.0    6.0
 81 1862.679362 3.575E-63 3.347E+01.02140.02621421.83960.70-.001200       X3/2   6       X3/2   5                 RR 87.5e     1622231111 8 3 1 3   534.0  528.0
 81 1862.689452 3.558E-63 3.348E+01.02140.02621422.84180.70-.001200       X3/2   6       X3/2   5                 RR 87.5f     1622231111 8 3 1 3   534.0  528.0
 81 1862.706537 7.643E-66 2.459E-03.02380.04320706.39840.60-.002220       X3/2   7       X1/2   6                 RQ 79.5e     1622231111 8 3 1 3   480.0  480.0
 81 1862.709033 1.173E-38 4.358E-03.05760.063 7412.90340.64-.002450       X3/2   5       X1/2   4                 QP  6.5e     4654431111 8 3 1 3    36.0   42.0
 81 1862.711701 8.640E-52 3.367E+01.02700.03315969.17320.70-.001200       X3/2   6       X3/2   5                 RR 64.5e     1622231111 8 3 1 3   396.0  390.0
 81 1862.721159 8.618E-52 3.367E+01.02700.03315969.70200.70-.001200       X3/2   6       X3/2   5                 RR 64.5f     1622231111 8 3 1 3   396.0  390.0
 81 1862.722163 1.451E-42 9.934E-03.05070.060 9670.63880.60-.001590       X3/2   6       X1/2   5                 RQ 18.5e     3653231111 8 3 1 3   114.0  114.0
 81 1862.724361 8.976E-25 3.702E-02.04610.054 1367.06180.70-.001200       X3/2   1       X3/2   0           27.5   Q 26.5f 27.5454323 4 4 8 3 1 3    56.0   56.0
 81 1862.724377 1.189E-27 4.904E-05.04610.054 1367.06180.70-.001200       X3/2   1       X3/2   0           27.5   Q 26.5f 26.5454323 4 4 8 3 1 3    56.0   54.0
 81 1862.724713 1.189E-27 5.086E-05.04610.054 1367.06180.70-.001200       X3/2   1       X3/2   0           26.5   Q 26.5f 25.5454323 4 4 8 3 1 3    54.0   52.0
 81 1862.724900 1.189E-27 5.086E-05.04610.054 1367.06180.70-.001200       X3/2   1       X3/2   0           26.5   Q 26.5f 27.5454323 4 4 8 3 1 3    54.0   56.0
 81 1862.724915 8.643E-25 3.697E-02.04610.054 1367.06180.70-.001200       X3/2   1       X3/2   0           26.5   Q 26.5f 26.5454323 4 4 8 3 1 3    54.0   54.0
 81 1862.725106 8.334E-25 3.702E-02.04610.054 1367.06180.70-.001200       X3/2   1       X3/2   0           25.5   Q 26.5f 25.5454323 4 4 8 3 1 3    52.0   52.0
 81 1862.725309 1.189E-27 5.282E-05.04610.054 1367.06180.70-.001200       X3/2   1       X3/2   0           25.5   Q 26.5f 26.5454323 4 4 8 3 1 3    52.0   54.0
 81 1862.775392 4.081E-63 3.348E+01.02170.04121396.95030.60-.002220       X1/2   6       X1/2   5                 RR 88.5e     1622231111 8 3 1 3   540.0  534.0
 81 1862.775431 1.718E-32 2.270E+01.04660.057 6554.44010.60-.002220       X1/2   4       X1/2   3                 RR 24.5e     4643231111 8 3 1 3   156.0  150.0
 81 1862.775766 4.080E-63 3.348E+01.02170.04121396.97850.60-.002220       X1/2   6       X1/2   5                 RR 88.5f     1622231111 8 3 1 3   540.0  534.0
 81 1862.781825 1.716E-32 2.270E+01.04660.057 6554.67780.60-.002220       X1/2   4       X1/2   3                 RR 24.5f     4643231111 8 3 1 3   156.0  150.0
 81 1862.832034 4.276E-50 3.892E-03.05070.06013045.17800.60-.001590       X3/2   8       X1/2   7                 SR 17.5f     3653231111 8 3 1 3   114.0  108.0
 81 1862.840076 1.191E-25 3.826E-03.04540.057 1308.12370.60-.002220       X1/2   1       X1/2   0           26.5   Q 27.5e 26.5453323 4 4 8 3 1 3    54.0   54.0
 81 1862.841341 1.577E-28 5.066E-06.04540.057 1308.12370.60-.002220       X1/2   1       X1/2   0           26.5   Q 27.5e 27.5453323 4 4 8 3 1 3    54.0   56.0
 81 1862.842294 1.577E-28 4.885E-06.04540.057 1308.12370.60-.002220       X1/2   1       X1/2   0           27.5   Q 27.5e 26.5453323 4 4 8 3 1 3    56.0   54.0
 81 1862.843560 1.234E-25 3.823E-03.04540.057 1308.12370.60-.002220       X1/2   1       X1/2   0           27.5   Q 27.5e 27.5453323 4 4 8 3 1 3    56.0   56.0
 81 1862.844641 1.577E-28 4.885E-06.04540.057 1308.12370.60-.002220       X1/2   1       X1/2   0           27.5   Q 27.5e 28.5453323 4 4 8 3 1 3    56.0   58.0
 81 1862.845723 1.577E-28 4.717E-06.04540.057 1308.12370.60-.002220       X1/2   1       X1/2   0           28.5   Q 27.5e 27.5453323 4 4 8 3 1 3    58.0   56.0
 81 1862.846804 1.279E-25 3.825E-03.04540.057 1308.12370.60-.002220       X1/2   1       X1/2   0           28.5   Q 27.5e 28.5453323 4 4 8 3 1 3    58.0   58.0
 81 1862.872756 1.189E-27 5.085E-05.04610.054 1366.98690.70-.001200       X3/2   1       X3/2   0           26.5   Q 26.5e 25.5454323 4 4 8 3 1 3    54.0   52.0
 81 1862.872959 8.338E-25 3.703E-02.04610.054 1366.98690.70-.001200       X3/2   1       X3/2   0           25.5   Q 26.5e 25.5454323 4 4 8 3 1 3    52.0   52.0
 81 1862.873153 8.647E-25 3.698E-02.04610.054 1366.98690.70-.001200       X3/2   1       X3/2   0           26.5   Q 26.5e 26.5454323 4 4 8 3 1 3    54.0   54.0
 81 1862.873167 1.189E-27 4.903E-05.04610.054 1366.98690.70-.001200       X3/2   1       X3/2   0           27.5   Q 26.5e 26.5454323 4 4 8 3 1 3    56.0   54.0
 81 1862.873356 1.189E-27 5.281E-05.04610.054 1366.98690.70-.001200       X3/2   1       X3/2   0           25.5   Q 26.5e 26.5454323 4 4 8 3 1 3    52.0   54.0
 81 1862.873696 1.189E-27 5.085E-05.04610.054 1366.98690.70-.001200       X3/2   1       X3/2   0           26.5   Q 26.5e 27.5454323 4 4 8 3 1 3    54.0   56.0
 81 1862.873710 8.980E-25 3.703E-02.04610.054 1366.98690.70-.001200       X3/2   1       X3/2   0           27.5   Q 26.5e 27.5454323 4 4 8 3 1 3    56.0   56.0
 81 1862.922706 9.451E-57 3.911E-03.02960.04716435.57530.60-.002220       X3/2   7       X1/2   6                 RQ 59.5f     3622231111 8 3 1 3   360.0  360.0
 81 1862.932323 2.525E-64 2.643E-03.02450.04319993.75810.60-.002220       X3/2   7       X1/2   6                 RQ 76.5f     1622231111 8 3 1 3   462.0  462.0
 81 1862.933488 5.590E-56 4.081E-03.03030.04816071.68860.60-.002220       X3/2   7       X1/2   6                 RQ 57.5e     3622231111 8 3 1 3   348.0  348.0
 81 1862.941201 1.025E-51 3.368E+01.02730.04615937.11400.60-.002220       X1/2   6       X1/2   5                 RR 65.5e     1622231111 8 3 1 3   402.0  396.0
 81 1862.942486 1.024E-51 3.369E+01.02730.04615937.34800.60-.002220       X1/2   6       X1/2   5                 RR 65.5f     1622231111 8 3 1 3   402.0  396.0
 81 1862.996485 4.267E-50 3.881E-03.05070.06013044.98840.60-.001590       X3/2   8       X1/2   7                 SR 17.5e     3653231111 8 3 1 3   114.0  108.0
 81 1863.093910 2.351E-39 2.832E+01.03780.045 9939.93430.70-.001200       X3/2   5       X3/2   4                 RR 38.5e     4632231111 8 3 1 3   240.0  234.0
 81 1863.101377 2.349E-39 2.832E+01.03780.045 9940.10630.70-.001200       X3/2   5       X3/2   4                 RR 38.5f     4632231111 8 3 1 3   240.0  234.0
 81 1863.123081 2.481E-65 2.514E-03.02410.04320466.02970.60-.002220       X3/2   7       X1/2   6                 RQ 78.5e     1622231111 8 3 1 3   474.0  474.0
 81 1863.134080 1.070E-84 2.248E+01.01560.01931613.89310.70-.001200       X3/2   4       X3/2   3                 RR128.5e     0222231211 8 3 1 3   780.0  774.0
 81 1863.134528 1.179E-84 2.248E+01.01570.03431595.49640.60-.002220       X1/2   4       X1/2   3                 RR129.5f     0222231211 8 3 1 3   786.0  780.0
 81 1863.136145 1.178E-84 2.247E+01.01570.03431595.57200.60-.002220       X1/2   4       X1/2   3                 RR129.5e     0222231211 8 3 1 3   786.0  780.0
 81 1863.145690 1.062E-84 2.246E+01.01560.01931615.31060.70-.001200       X3/2   4       X3/2   3                 RR128.5f     0222231211 8 3 1 3   780.0  774.0
 81 1863.172041 6.527E-72 3.145E-04.03230.04923073.24120.60-.002220       X3/2  12       X1/2  11                 SR 51.5f     2622231111 8 3 1 3   318.0  312.0
 81 1863.182710 6.494E-72 3.124E-04.03230.04923072.92750.60-.002220       X3/2  12       X1/2  11                 SR 51.5e     2622231111 8 3 1 3   318.0  312.0
 81 1863.208292 3.793E-57 3.818E-03.02920.04716621.78900.60-.002220       X3/2   7       X1/2   6                 RQ 60.5f     3622231111 8 3 1 3   366.0  366.0
 81 1863.213726 1.300E-62 3.353E+01.02160.02621154.13770.70-.001200       X3/2   6       X3/2   5                 RR 86.5e     1622231111 8 3 1 3   528.0  522.0
 81 1863.223799 1.293E-62 3.351E+01.02160.02621155.11610.70-.001200       X3/2   6       X3/2   5                 RR 86.5f     1622231111 8 3 1 3   528.0  522.0
 81 1863.229252 3.229E-52 3.370E+01.02670.03216174.81590.70-.001200       X3/2   6       X3/2   5                 RR 65.5e     1622231111 8 3 1 3   402.0  396.0
 81 1863.236773 7.869E-64 2.702E-03.02480.04419761.72050.60-.002220       X3/2   7       X1/2   6                 RQ 75.5f     1622231111 8 3 1 3   456.0  456.0
 81 1863.238751 3.220E-52 3.370E+01.02670.03216175.36220.70-.001200       X3/2   6       X3/2   5                 RR 65.5f     1622231111 8 3 1 3   402.0  396.0
 81 1863.279386 1.109E-42 9.755E-03.05010.059 9732.63670.60-.002250       X3/2   6       X1/2   5                 RQ 19.5f     3653231111 8 3 1 3   120.0  120.0
 81 1863.294076 2.073E-25 4.117E-03.04600.057 1216.56950.60-.002220       X1/2   1       X1/2   0           27.5   Q 26.5f 27.5454323 4 4 8 3 1 3    56.0   56.0
 81 1863.294638 2.309E-56 3.983E-03.03000.04816252.02500.60-.002220       X3/2   7       X1/2   6                 RQ 58.5e     3622231111 8 3 1 3   354.0  354.0
 81 1863.295184 2.745E-28 5.654E-06.04600.057 1216.56950.60-.002220       X1/2   1       X1/2   0           26.5   Q 26.5f 27.5454323 4 4 8 3 1 3    54.0   56.0
 81 1863.296244 2.745E-28 5.452E-06.04600.057 1216.56950.60-.002220       X1/2   1       X1/2   0           27.5   Q 26.5f 26.5454323 4 4 8 3 1 3    56.0   54.0
 81 1863.297352 1.996E-25 4.111E-03.04600.057 1216.56950.60-.002220       X1/2   1       X1/2   0           26.5   Q 26.5f 26.5454323 4 4 8 3 1 3    54.0   54.0
 81 1863.298634 2.745E-28 5.871E-06.04600.057 1216.56950.60-.002220       X1/2   1       X1/2   0           25.5   Q 26.5f 26.5454323 4 4 8 3 1 3    52.0   54.0
 81 1863.299568 2.745E-28 5.654E-06.04600.057 1216.56950.60-.002220       X1/2   1       X1/2   0           26.5   Q 26.5f 25.5454323 4 4 8 3 1 3    54.0   52.0
 81 1863.300850 1.925E-25 4.117E-03.04600.057 1216.56950.60-.002220       X1/2   1       X1/2   0           25.5   Q 26.5f 25.5454323 4 4 8 3 1 3    52.0   52.0
 81 1863.313561 1.485E-62 3.352E+01.02190.04121129.00390.60-.002220       X1/2   6       X1/2   5                 RR 87.5e     1622231111 8 3 1 3   534.0  528.0
 81 1863.313964 1.485E-62 3.352E+01.02190.04121129.04420.60-.002220       X1/2   6       X1/2   5                 RR 87.5f     1622231111 8 3 1 3   534.0  528.0
 81 1863.450235 3.824E-52 3.372E+01.02700.04616143.15340.60-.002220       X1/2   6       X1/2   5                 RR 66.5e     1622231111 8 3 1 3   408.0  402.0
 81 1863.451466 3.819E-52 3.372E+01.02700.04616143.38150.60-.002220       X1/2   6       X1/2   5                 RR 66.5f     1622231111 8 3 1 3   408.0  402.0
 81 1863.457309 1.791E-33 1.858E-03.04470.056 5098.59680.60-.001280       X3/2   3       X1/2   2                 QP 28.5f     4633231111 8 3 1 3   168.0  174.0
 81 1863.460981 1.501E-57 3.729E-03.02890.04716810.93140.60-.002220       X3/2   7       X1/2   6                 RQ 61.5f     1622231111 8 3 1 3   372.0  372.0
 81 1863.497977 7.943E-65 2.569E-03.02430.04320228.42490.60-.002220       X3/2   7       X1/2   6                 RQ 77.5e     1622231111 8 3 1 3   468.0  468.0
 81 1863.500798 2.419E-63 2.763E-03.02510.04419532.47720.60-.002220       X3/2   7       X1/2   6                 RQ 74.5f     1622231111 8 3 1 3   450.0  450.0
 81 1863.514708 1.106E-42 9.721E-03.05010.059 9732.43150.60-.002250       X3/2   6       X1/2   5                 RQ 19.5e     3653231111 8 3 1 3   120.0  120.0
 81 1863.570480 1.476E-27 1.692E+01.05280.061 4043.30960.63-.000570       X1/2   3       X1/2   2                 RR 13.5e     4654431111 8 3 1 3    90.0   84.0
 81 1863.579765 1.475E-27 1.692E+01.05280.061 4043.46330.63-.000570       X1/2   3       X1/2   2                 RR 13.5f     4654431111 8 3 1 3    90.0   84.0
 81 1863.624143 9.403E-57 3.889E-03.02960.04716435.30590.60-.002220       X3/2   7       X1/2   6                 RQ 59.5e     3622231111 8 3 1 3   360.0  360.0
 81 1863.636608 1.787E-33 1.851E-03.04470.056 5098.33980.60-.001280       X3/2   3       X1/2   2                 QP 28.5e     4633231111 8 3 1 3   168.0  174.0
 81 1863.679936 1.450E-24 3.999E-02.04690.055 1276.56700.70-.001200       X3/2   1       X3/2   0           26.5   Q 25.5f 26.5454323 4 4 8 3 1 3    54.0   54.0
 81 1863.679955 2.067E-27 5.701E-05.04690.055 1276.56700.70-.001200       X3/2   1       X3/2   0           26.5   Q 25.5f 25.5454323 4 4 8 3 1 3    54.0   52.0
 81 1863.680175 5.854E-58 3.641E-03.02860.04717002.99460.60-.002220       X3/2   7       X1/2   6                 RQ 62.5f     1622231111 8 3 1 3   378.0  378.0
 81 1863.680271 2.067E-27 5.920E-05.04690.055 1276.56700.70-.001200       X3/2   1       X3/2   0           25.5   Q 25.5f 24.5454323 4 4 8 3 1 3    52.0   50.0
 81 1863.680447 2.067E-27 5.920E-05.04690.055 1276.56700.70-.001200       X3/2   1       X3/2   0           25.5   Q 25.5f 26.5454323 4 4 8 3 1 3    52.0   54.0
 81 1863.680466 1.394E-24 3.993E-02.04690.055 1276.56700.70-.001200       X3/2   1       X3/2   0           25.5   Q 25.5f 25.5454323 4 4 8 3 1 3    52.0   52.0
 81 1863.680641 1.342E-24 3.998E-02.04690.055 1276.56700.70-.001200       X3/2   1       X3/2   0           24.5   Q 25.5f 24.5454323 4 4 8 3 1 3    50.0   50.0
 81 1863.680837 2.067E-27 6.157E-05.04690.055 1276.56700.70-.001200       X3/2   1       X3/2   0           24.5   Q 25.5f 25.5454323 4 4 8 3 1 3    50.0   52.0
 81 1863.682311 3.750E-21 5.720E+00.06370.069  145.55410.68-.001030       X3/2   1       X3/2   0            1.5   P  3.5f  2.5455443 4 4 8 3 1 3     4.0    6.0
 81 1863.682490 3.750E-21 5.720E+00.06370.069  145.55380.68-.001030       X3/2   1       X3/2   0            1.5   P  3.5e  2.5455443 4 4 8 3 1 3     4.0    6.0
 81 1863.682583 5.166E-21 5.254E+00.06370.069  145.55410.68-.001030       X3/2   1       X3/2   0            2.5   P  3.5f  3.5455443 4 4 8 3 1 3     6.0    8.0
 81 1863.682759 5.166E-21 5.254E+00.06370.069  145.55380.68-.001030       X3/2   1       X3/2   0            2.5   P  3.5e  3.5455443 4 4 8 3 1 3     6.0    8.0
 81 1863.683023 7.031E-21 5.363E+00.06370.069  145.55410.68-.001030       X3/2   1       X3/2   0            3.5   P  3.5f  4.5455443 4 4 8 3 1 3     8.0   10.0
 81 1863.683214 7.031E-21 5.363E+00.06370.069  145.55380.68-.001030       X3/2   1       X3/2   0            3.5   P  3.5e  4.5455443 4 4 8 3 1 3     8.0   10.0
 81 1863.683330 4.592E-22 4.670E-01.06370.069  145.55410.68-.001030       X3/2   1       X3/2   0            2.5   P  3.5f  2.5455443 4 4 8 3 1 3     6.0    6.0
 81 1863.683533 4.592E-22 4.670E-01.06370.069  145.55380.68-.001030       X3/2   1       X3/2   0            2.5   P  3.5e  2.5455443 4 4 8 3 1 3     6.0    6.0
 81 1863.684054 4.592E-22 3.502E-01.06370.069  145.55410.68-.001030       X3/2   1       X3/2   0            3.5   P  3.5f  3.5455443 4 4 8 3 1 3     8.0    8.0
 81 1863.684204 4.592E-22 3.502E-01.06370.069  145.55380.68-.001030       X3/2   1       X3/2   0            3.5   P  3.5e  3.5455443 4 4 8 3 1 3     8.0    8.0
 81 1863.684533 1.591E-76 2.797E+01.01730.02127762.21620.70-.001200       X3/2   5       X3/2   4                 RR113.5e     0222231211 8 3 1 3   690.0  684.0
 81 1863.684801 9.566E-24 7.296E-03.06370.069  145.55410.68-.001030       X3/2   1       X3/2   0            3.5   P  3.5f  2.5455443 4 4 8 3 1 3     8.0    6.0
 81 1863.684978 9.566E-24 7.296E-03.06370.069  145.55380.68-.001030       X3/2   1       X3/2   0            3.5   P  3.5e  2.5455443 4 4 8 3 1 3     8.0    6.0
 81 1863.695364 1.580E-76 2.796E+01.01730.02127763.58050.70-.001200       X3/2   5       X3/2   4                 RR113.5f     0222231211 8 3 1 3   690.0  684.0
 81 1863.698324 4.662E-62 3.356E+01.02180.02620889.14300.70-.001200       X3/2   6       X3/2   5                 RR 85.5e     1622231111 8 3 1 3   522.0  516.0
 81 1863.700854 1.189E-52 3.372E+01.02640.03216383.38410.70-.001200       X3/2   6       X3/2   5                 RR 66.5e     1622231111 8 3 1 3   408.0  402.0
 81 1863.708378 4.640E-62 3.356E+01.02180.02620890.09790.70-.001200       X3/2   6       X3/2   5                 RR 85.5f     1622231111 8 3 1 3   522.0  516.0
 81 1863.709575 1.770E-76 2.796E+01.01750.03627742.00000.60-.002220       X1/2   5       X1/2   4                 RR114.5f     0222231211 8 3 1 3   696.0  690.0
 81 1863.710245 1.769E-76 2.796E+01.01750.03627742.10040.60-.002220       X1/2   5       X1/2   4                 RR114.5e     0222231211 8 3 1 3   696.0  690.0
 81 1863.710395 1.186E-52 3.372E+01.02640.03216383.94820.70-.001200       X3/2   6       X3/2   5                 RR 66.5f     1622231111 8 3 1 3   408.0  402.0
 81 1863.720495 2.349E-35 3.592E-03.05180.060 6010.71740.51-.001050       X3/2   4       X1/2   3                 QP 16.5f     4654431111 8 3 1 3    96.0  102.0
 81 1863.724823 7.336E-63 2.826E-03.02530.04419306.03820.60-.002220       X3/2   7       X1/2   6                 RQ 73.5f     1622231111 8 3 1 3   444.0  444.0
 81 1863.729278 3.034E-39 2.837E+01.03780.053 9892.80740.60-.002220       X1/2   5       X1/2   4                 RR 39.5e     4632231111 8 3 1 3   246.0  240.0
 81 1863.732845 3.030E-39 2.837E+01.03780.053 9893.09780.60-.002220       X1/2   5       X1/2   4                 RR 39.5f     4632231111 8 3 1 3   246.0  240.0
 81 1863.786621 1.928E-25 4.121E-03.04600.057 1216.32360.60-.002220       X1/2   1       X1/2   0           25.5   Q 26.5e 25.5454323 4 4 8 3 1 3    52.0   52.0
 81 1863.787901 2.749E-28 5.876E-06.04600.057 1216.32360.60-.002220       X1/2   1       X1/2   0           25.5   Q 26.5e 26.5454323 4 4 8 3 1 3    52.0   54.0
 81 1863.788837 2.749E-28 5.658E-06.04600.057 1216.32360.60-.002220       X1/2   1       X1/2   0           26.5   Q 26.5e 25.5454323 4 4 8 3 1 3    54.0   52.0
 81 1863.790118 1.999E-25 4.114E-03.04600.057 1216.32360.60-.002220       X1/2   1       X1/2   0           26.5   Q 26.5e 26.5454323 4 4 8 3 1 3    54.0   54.0
 81 1863.791220 2.749E-28 5.658E-06.04600.057 1216.32360.60-.002220       X1/2   1       X1/2   0           26.5   Q 26.5e 27.5454323 4 4 8 3 1 3    54.0   56.0
 81 1863.792286 2.749E-28 5.456E-06.04600.057 1216.32360.60-.002220       X1/2   1       X1/2   0           27.5   Q 26.5e 26.5454323 4 4 8 3 1 3    56.0   54.0
 81 1863.793388 2.076E-25 4.120E-03.04600.057 1216.32360.60-.002220       X1/2   1       X1/2   0           27.5   Q 26.5e 27.5454323 4 4 8 3 1 3    56.0   56.0
 81 1863.802095 5.335E-62 3.357E+01.02210.04120863.76000.60-.002220       X1/2   6       X1/2   5                 RR 86.5e     1622231111 8 3 1 3   528.0  522.0
 81 1863.802528 5.334E-62 3.357E+01.02210.04120863.81210.60-.002220       X1/2   6       X1/2   5                 RR 86.5f     1622231111 8 3 1 3   528.0  522.0
 81 1863.814657 2.068E-27 5.922E-05.04690.055 1276.49900.70-.001200       X3/2   1       X3/2   0           25.5   Q 25.5e 24.5454323 4 4 8 3 1 3    52.0   50.0
 81 1863.814853 1.343E-24 4.000E-02.04690.055 1276.49900.70-.001200       X3/2   1       X3/2   0           24.5   Q 25.5e 24.5454323 4 4 8 3 1 3    50.0   50.0
 81 1863.815031 1.395E-24 3.995E-02.04690.055 1276.49900.70-.001200       X3/2   1       X3/2   0           25.5   Q 25.5e 25.5454323 4 4 8 3 1 3    52.0   52.0
 81 1863.815048 2.068E-27 5.703E-05.04690.055 1276.49900.70-.001200       X3/2   1       X3/2   0           26.5   Q 25.5e 25.5454323 4 4 8 3 1 3    54.0   52.0
 81 1863.815226 2.068E-27 6.159E-05.04690.055 1276.49900.70-.001200       X3/2   1       X3/2   0           24.5   Q 25.5e 25.5454323 4 4 8 3 1 3    50.0   52.0
 81 1863.815546 2.068E-27 5.922E-05.04690.055 1276.49900.70-.001200       X3/2   1       X3/2   0           25.5   Q 25.5e 26.5454323 4 4 8 3 1 3    52.0   54.0
 81 1863.815563 1.450E-24 3.999E-02.04690.055 1276.49900.70-.001200       X3/2   1       X3/2   0           26.5   Q 25.5e 26.5454323 4 4 8 3 1 3    54.0   54.0
 81 1863.831626 2.509E-64 2.626E-03.02450.04319993.59430.60-.002220       X3/2   7       X1/2   6                 RQ 76.5e     1622231111 8 3 1 3   462.0  462.0
 81 1863.865291 2.251E-58 3.557E-03.02820.04617197.97040.60-.002220       X3/2   7       X1/2   6                 RQ 63.5f     1622231111 8 3 1 3   384.0  384.0
 81 1863.884107 2.344E-35 3.582E-03.05180.060 6010.53680.51-.001050       X3/2   4       X1/2   3                 QP 16.5e     4654431111 8 3 1 3    96.0  102.0
 81 1863.908255 8.493E-33 2.269E+01.04690.055 6699.07090.70-.001200       X3/2   4       X3/2   3                 RR 24.5e     4643231111 8 3 1 3   156.0  150.0
 81 1863.909282 2.195E-62 2.891E-03.02560.04419082.41330.60-.002220       X3/2   7       X1/2   6                 RQ 72.5f     1622231111 8 3 1 3   438.0  438.0
 81 1863.913275 8.491E-33 2.269E+01.04690.055 6699.12900.70-.001200       X3/2   4       X3/2   3                 RR 24.5f     4643231111 8 3 1 3   156.0  150.0
 81 1863.913651 1.405E-52 3.373E+01.02670.04516352.10860.60-.002220       X1/2   6       X1/2   5                 RR 67.5e     1622231111 8 3 1 3   414.0  408.0
 81 1863.914828 1.404E-52 3.375E+01.02670.04516352.33060.60-.002220       X1/2   6       X1/2   5                 RR 67.5f     1622231111 8 3 1 3   414.0  408.0
 81 1863.921368 3.774E-57 3.797E-03.02920.04716621.52370.60-.002220       X3/2   7       X1/2   6                 RQ 60.5e     3622231111 8 3 1 3   366.0  366.0
 81 1863.985822 7.897E-55 2.385E-03.04600.05715258.81060.60-.002220       X3/2   9       X1/2   8                 SR 25.5f     3643231111 8 3 1 3   162.0  156.0
 81 1864.015765 8.533E-59 3.474E-03.02790.04617395.85060.60-.002220       X3/2   7       X1/2   6                 RQ 64.5f     1622231111 8 3 1 3   390.0  390.0
 81 1864.024542 1.461E-96 1.144E+01.01380.03237127.30910.60-.002220       X1/2   2       X1/2   1                 RR150.5f     0222231211 8 3 1 3   912.0  906.0
 81 1864.028322 1.461E-96 1.144E+01.01380.03237127.36090.60-.002220       X1/2   2       X1/2   1                 RR150.5e     0222231211 8 3 1 3   912.0  906.0
 81 1864.048360 1.340E-96 1.144E+01.01370.01737143.82300.70-.001200       X3/2   2       X3/2   1                 RR149.5e     0222231211 8 3 1 3   906.0  900.0
 81 1864.054616 6.475E-62 2.956E-03.02590.04518861.61210.60-.002220       X3/2   7       X1/2   6                 RQ 71.5f     1622231111 8 3 1 3   432.0  432.0
 81 1864.061912 1.330E-96 1.144E+01.01370.01737145.32410.70-.001200       X3/2   2       X3/2   1                 RR149.5f     0222231211 8 3 1 3   906.0  900.0
 81 1864.081406 8.300E-43 9.543E-03.04960.059 9797.59750.60-.001920       X3/2   6       X1/2   5                 RQ 20.5f     3653231111 8 3 1 3   126.0  126.0
 81 1864.083969 5.939E-60 1.364E-03.04120.05517624.37050.60-.002220       X3/2  10       X1/2   9                 SR 33.5f     3632231111 8 3 1 3   210.0  204.0
 81 1864.124435 7.821E-64 2.686E-03.02480.04419761.54840.60-.002220       X3/2   7       X1/2   6                 RQ 75.5e     1622231111 8 3 1 3   456.0  456.0
 81 1864.126338 4.317E-53 3.374E+01.02620.03216594.86870.70-.001200       X3/2   6       X3/2   5                 RR 67.5e     1622231111 8 3 1 3   414.0  408.0
 81 1864.131045 3.189E-59 3.393E-03.02760.04617596.62680.60-.002220       X3/2   7       X1/2   6                 RQ 65.5f     1622231111 8 3 1 3   396.0  396.0
 81 1864.133347 1.650E-61 3.360E+01.02200.02720626.86720.70-.001200       X3/2   6       X3/2   5                 RR 84.5e     1622231111 8 3 1 3   516.0  510.0
 81 1864.135917 4.305E-53 3.374E+01.02620.03216595.45090.70-.001200       X3/2   6       X3/2   5                 RR 67.5f     1622231111 8 3 1 3   414.0  408.0
 81 1864.143385 1.643E-61 3.361E+01.02200.02720627.79890.70-.001200       X3/2   6       X3/2   5                 RR 84.5f     1622231111 8 3 1 3   516.0  510.0
 81 1864.161278 1.884E-61 3.024E-03.02610.04518643.64410.60-.002220       X3/2   7       X1/2   6                 RQ 70.5f     1622231111 8 3 1 3   426.0  426.0
 81 1864.169758 7.876E-55 2.376E-03.04600.05715258.56350.60-.002220       X3/2   9       X1/2   8                 SR 25.5e     3643231111 8 3 1 3   162.0  156.0
 81 1864.185697 1.493E-57 3.707E-03.02890.04716810.67040.60-.002220       X3/2   7       X1/2   6                 RQ 61.5e     1622231111 8 3 1 3   372.0  372.0
 81 1864.210597 1.175E-59 3.315E-03.02730.04617800.29050.60-.002220       X3/2   7       X1/2   6                 RQ 66.5f     1622231111 8 3 1 3   402.0  402.0
 81 1864.215326 3.316E-25 4.447E-03.04660.057 1128.08630.60-.002220       X1/2   1       X1/2   0           26.5   Q 25.5f 26.5454323 4 4 8 3 1 3    54.0   54.0
 81 1864.216455 4.729E-28 6.585E-06.04660.057 1128.08630.60-.002220       X1/2   1       X1/2   0           25.5   Q 25.5f 26.5454323 4 4 8 3 1 3    52.0   54.0
 81 1864.217499 4.729E-28 6.342E-06.04660.057 1128.08630.60-.002220       X1/2   1       X1/2   0           26.5   Q 25.5f 25.5454323 4 4 8 3 1 3    54.0   52.0
 81 1864.218628 3.188E-25 4.440E-03.04660.057 1128.08630.60-.002220       X1/2   1       X1/2   0           25.5   Q 25.5f 25.5454323 4 4 8 3 1 3    52.0   52.0
 81 1864.219925 4.729E-28 6.849E-06.04660.057 1128.08630.60-.002220       X1/2   1       X1/2   0           24.5   Q 25.5f 25.5454323 4 4 8 3 1 3    50.0   52.0
 81 1864.220842 4.729E-28 6.585E-06.04660.057 1128.08630.60-.002220       X1/2   1       X1/2   0           25.5   Q 25.5f 24.5454323 4 4 8 3 1 3    52.0   50.0
 81 1864.222139 3.070E-25 4.446E-03.04660.057 1128.08630.60-.002220       X1/2   1       X1/2   0           24.5   Q 25.5f 24.5454323 4 4 8 3 1 3    50.0   50.0
 81 1864.229401 8.083E-21 6.870E+00.06170.066   25.10900.69-.000880       X1/2   1       X1/2   0            1.5   P  3.5f  2.5455443 4 4 8 3 1 3     4.0    6.0
 81 1864.229415 1.114E-20 6.312E+00.06170.066   25.10900.69-.000880       X1/2   1       X1/2   0            2.5   P  3.5f  3.5455443 4 4 8 3 1 3     6.0    8.0
 81 1864.229678 1.516E-20 6.443E+00.06170.066   25.10900.69-.000880       X1/2   1       X1/2   0            3.5   P  3.5f  4.5455443 4 4 8 3 1 3     8.0   10.0
 81 1864.229728 5.407E-61 3.094E-03.02640.04518428.51880.60-.002220       X3/2   7       X1/2   6                 RQ 69.5f     1622231111 8 3 1 3   420.0  420.0
 81 1864.231484 9.898E-22 5.609E-01.06170.066   25.10900.69-.000880       X1/2   1       X1/2   0            2.5   P  3.5f  2.5455443 4 4 8 3 1 3     6.0    6.0
 81 1864.232353 9.898E-22 4.206E-01.06170.066   25.10900.69-.000880       X1/2   1       X1/2   0            3.5   P  3.5f  3.5455443 4 4 8 3 1 3     8.0    8.0
 81 1864.234422 2.062E-23 8.763E-03.06170.066   25.10900.69-.000880       X1/2   1       X1/2   0            3.5   P  3.5f  2.5455443 4 4 8 3 1 3     8.0    6.0
 81 1864.238661 2.063E-23 8.765E-03.06170.066   25.06180.69-.000880       X1/2   1       X1/2   0            3.5   P  3.5e  2.5455443 4 4 8 3 1 3     8.0    6.0
 81 1864.239957 9.900E-22 4.206E-01.06170.066   25.06180.69-.000880       X1/2   1       X1/2   0            3.5   P  3.5e  3.5455443 4 4 8 3 1 3     8.0    8.0
 81 1864.240201 9.900E-22 5.608E-01.06170.066   25.06180.69-.000880       X1/2   1       X1/2   0            2.5   P  3.5e  2.5455443 4 4 8 3 1 3     6.0    6.0
 81 1864.241192 1.891E-61 3.361E+01.02230.04120601.23000.60-.002220       X1/2   6       X1/2   5                 RR 85.5e     1622231111 8 3 1 3   522.0  516.0
 81 1864.241360 8.085E-21 6.870E+00.06170.066   25.06180.69-.000880       X1/2   1       X1/2   0            1.5   P  3.5e  2.5455443 4 4 8 3 1 3     4.0    6.0
 81 1864.241497 1.114E-20 6.311E+00.06170.066   25.06180.69-.000880       X1/2   1       X1/2   0            2.5   P  3.5e  3.5455443 4 4 8 3 1 3     6.0    8.0
 81 1864.241534 1.516E-20 6.441E+00.06170.066   25.06180.69-.000880       X1/2   1       X1/2   0            3.5   P  3.5e  4.5455443 4 4 8 3 1 3     8.0   10.0
 81 1864.241656 1.890E-61 3.360E+01.02230.04120601.29370.60-.002220       X1/2   6       X1/2   5                 RR 85.5f     1622231111 8 3 1 3   522.0  516.0
 81 1864.250831 5.920E-60 1.358E-03.04120.05517624.08450.60-.002220       X3/2  10       X1/2   9                 SR 33.5e     3632231111 8 3 1 3   210.0  204.0
 81 1864.253898 4.270E-60 3.239E-03.02700.04618006.83300.60-.002220       X3/2   7       X1/2   6                 RQ 67.5f     1622231111 8 3 1 3   408.0  408.0
 81 1864.260440 1.530E-60 3.165E-03.02670.04518216.24540.60-.002220       X3/2   7       X1/2   6                 RQ 68.5f     1622231111 8 3 1 3   414.0  414.0
 81 1864.328449 8.279E-43 9.512E-03.04960.059 9797.38490.60-.001920       X3/2   6       X1/2   5                 RQ 20.5e     3653231111 8 3 1 3   126.0  126.0
 81 1864.331263 5.091E-53 3.376E+01.02640.04516563.97090.60-.002220       X1/2   6       X1/2   5                 RR 68.5e     1622231111 8 3 1 3   420.0  414.0
 81 1864.332390 5.086E-53 3.376E+01.02640.04516564.18640.60-.002220       X1/2   6       X1/2   5                 RR 68.5f     1622231111 8 3 1 3   420.0  414.0
 81 1864.376821 2.405E-63 2.747E-03.02510.04419532.29700.60-.002220       X3/2   7       X1/2   6                 RQ 74.5e     1622231111 8 3 1 3   450.0  450.0
 81 1864.399061 7.856E-28 1.680E+01.05480.063 4171.41100.83-.001560       X3/2   3       X3/2   2                 RR 13.5e     4654431111 8 3 1 3    90.0   84.0
 81 1864.401379 7.855E-28 1.680E+01.05480.063 4171.42310.83-.001560       X3/2   3       X3/2   2                 RR 13.5f     4654431111 8 3 1 3    90.0   84.0
 81 1864.416530 5.823E-58 3.620E-03.02860.04717002.73820.60-.002220       X3/2   7       X1/2   6                 RQ 62.5e     1622231111 8 3 1 3   378.0  378.0
 81 1864.505534 1.545E-53 3.376E+01.02590.03116809.26050.70-.001200       X3/2   6       X3/2   5                 RR 68.5e     1622231111 8 3 1 3   420.0  414.0
 81 1864.515150 1.540E-53 3.375E+01.02590.03116809.86090.70-.001200       X3/2   6       X3/2   5                 RR 68.5f     1622231111 8 3 1 3   420.0  414.0
 81 1864.518991 5.762E-61 3.363E+01.02220.02720367.32190.70-.001200       X3/2   6       X3/2   5                 RR 83.5e     1622231111 8 3 1 3   510.0  504.0
 81 1864.529010 5.736E-61 3.363E+01.02220.02720368.23070.70-.001200       X3/2   6       X3/2   5                 RR 83.5f     1622231111 8 3 1 3   510.0  504.0
 81 1864.589207 7.293E-63 2.809E-03.02530.04419305.85010.60-.002220       X3/2   7       X1/2   6                 RQ 73.5e     1622231111 8 3 1 3   444.0  444.0
 81 1864.599639 2.307E-24 4.331E-02.04760.056 1189.44380.70-.001200       X3/2   1       X3/2   0           25.5   Q 24.5f 25.5454323 4 4 8 3 1 3    52.0   52.0
 81 1864.599662 3.554E-27 6.672E-05.04760.056 1189.44380.70-.001200       X3/2   1       X3/2   0           25.5   Q 24.5f 24.5454323 4 4 8 3 1 3    52.0   50.0
 81 1864.599957 3.553E-27 6.937E-05.04760.056 1189.44380.70-.001200       X3/2   1       X3/2   0           24.5   Q 24.5f 23.5454323 4 4 8 3 1 3    50.0   48.0
 81 1864.600122 3.554E-27 6.939E-05.04760.056 1189.44380.70-.001200       X3/2   1       X3/2   0           24.5   Q 24.5f 25.5454323 4 4 8 3 1 3    50.0   52.0
 81 1864.600144 2.215E-24 4.324E-02.04760.056 1189.44380.70-.001200       X3/2   1       X3/2   0           24.5   Q 24.5f 24.5454323 4 4 8 3 1 3    50.0   50.0
 81 1864.600304 2.129E-24 4.330E-02.04760.056 1189.44380.70-.001200       X3/2   1       X3/2   0           23.5   Q 24.5f 23.5454323 4 4 8 3 1 3    48.0   48.0
 81 1864.600491 3.553E-27 7.226E-05.04760.056 1189.44380.70-.001200       X3/2   1       X3/2   0           23.5   Q 24.5f 24.5454323 4 4 8 3 1 3    48.0   50.0
 81 1864.613287 2.239E-58 3.536E-03.02820.04617197.71890.60-.002220       X3/2   7       X1/2   6                 RQ 63.5e     1622231111 8 3 1 3   384.0  384.0
 81 1864.631053 6.612E-61 3.364E+01.02250.04220341.42540.60-.002220       X1/2   6       X1/2   5                 RR 84.5e     1622231111 8 3 1 3   516.0  510.0
 81 1864.631546 6.610E-61 3.364E+01.02250.04220341.50030.60-.002220       X1/2   6       X1/2   5                 RR 84.5f     1622231111 8 3 1 3   516.0  510.0
 81 1864.665905 9.247E-33 7.586E-04.03780.053 4649.74640.60-.001280       X3/2   2       X1/2   1                 QP 40.5f     4632231111 8 3 1 3   240.0  246.0
 81 1864.675356 1.092E-90 1.703E+01.01470.03334412.74150.60-.002220       X1/2   3       X1/2   2                 RR140.5f     0222231211 8 3 1 3   852.0  846.0
 81 1864.677981 1.091E-90 1.702E+01.01470.03334412.80370.60-.002220       X1/2   3       X1/2   2                 RR140.5e     0222231211 8 3 1 3   852.0  846.0
 81 1864.688870 9.964E-91 1.703E+01.01450.01834430.06700.70-.001200       X3/2   3       X3/2   2                 RR139.5e     0222231211 8 3 1 3   846.0  840.0
 81 1864.697768 3.075E-25 4.451E-03.04660.057 1127.84540.60-.002220       X1/2   1       X1/2   0           24.5   Q 25.5e 24.5454323 4 4 8 3 1 3    50.0   50.0
 81 1864.699063 4.736E-28 6.855E-06.04660.057 1127.84540.60-.002220       X1/2   1       X1/2   0           24.5   Q 25.5e 25.5454323 4 4 8 3 1 3    50.0   52.0
 81 1864.699982 4.736E-28 6.591E-06.04660.057 1127.84540.60-.002220       X1/2   1       X1/2   0           25.5   Q 25.5e 24.5454323 4 4 8 3 1 3    52.0   50.0
 81 1864.701278 3.193E-25 4.444E-03.04660.057 1127.84540.60-.002220       X1/2   1       X1/2   0           25.5   Q 25.5e 25.5454323 4 4 8 3 1 3    52.0   52.0
 81 1864.701371 9.894E-91 1.703E+01.01450.01834431.52760.70-.001200       X3/2   3       X3/2   2                 RR139.5f     0222231211 8 3 1 3   846.0  840.0
 81 1864.702402 4.736E-28 6.591E-06.04660.057 1127.84540.60-.002220       X1/2   1       X1/2   0           25.5   Q 25.5e 26.5454323 4 4 8 3 1 3    52.0   54.0
 81 1864.702887 1.818E-53 3.377E+01.02610.04516778.73130.60-.002220       X1/2   6       X1/2   5                 RR 69.5e     1622231111 8 3 1 3   426.0  420.0
 81 1864.703451 4.736E-28 6.347E-06.04660.057 1127.84540.60-.002220       X1/2   1       X1/2   0           26.5   Q 25.5e 25.5454323 4 4 8 3 1 3    54.0   52.0
 81 1864.703964 1.816E-53 3.377E+01.02610.04516778.94020.60-.002220       X1/2   6       X1/2   5                 RR 69.5f     1622231111 8 3 1 3   426.0  420.0
 81 1864.704575 3.321E-25 4.451E-03.04660.057 1127.84540.60-.002220       X1/2   1       X1/2   0           26.5   Q 25.5e 26.5454323 4 4 8 3 1 3    54.0   54.0
 81 1864.721380 3.555E-27 6.939E-05.04760.056 1189.38240.70-.001200       X3/2   1       X3/2   0           24.5   Q 24.5e 23.5454323 4 4 8 3 1 3    50.0   48.0
 81 1864.721568 2.130E-24 4.331E-02.04760.056 1189.38240.70-.001200       X3/2   1       X3/2   0           23.5   Q 24.5e 23.5454323 4 4 8 3 1 3    48.0   48.0
 81 1864.721730 2.216E-24 4.326E-02.04760.056 1189.38240.70-.001200       X3/2   1       X3/2   0           24.5   Q 24.5e 24.5454323 4 4 8 3 1 3    50.0   50.0
 81 1864.721751 3.555E-27 6.672E-05.04760.056 1189.38240.70-.001200       X3/2   1       X3/2   0           25.5   Q 24.5e 24.5454323 4 4 8 3 1 3    52.0   50.0
 81 1864.721917 3.555E-27 7.229E-05.04760.056 1189.38240.70-.001200       X3/2   1       X3/2   0           23.5   Q 24.5e 24.5454323 4 4 8 3 1 3    48.0   50.0
 81 1864.722217 3.555E-27 6.939E-05.04760.056 1189.38240.70-.001200       X3/2   1       X3/2   0           24.5   Q 24.5e 25.5454323 4 4 8 3 1 3    50.0   52.0
 81 1864.722238 2.308E-24 4.332E-02.04760.056 1189.38240.70-.001200       X3/2   1       X3/2   0           25.5   Q 24.5e 25.5454323 4 4 8 3 1 3    52.0   52.0
 81 1864.760958 9.232E-33 7.564E-04.03780.053 4649.46270.60-.001280       X3/2   2       X1/2   1                 QP 40.5e     4632231111 8 3 1 3   240.0  246.0
 81 1864.762027 2.182E-62 2.873E-03.02560.04419082.21760.60-.002220       X3/2   7       X1/2   6                 RQ 72.5e     1622231111 8 3 1 3   438.0  438.0
 81 1864.775399 8.486E-59 3.453E-03.02790.04617395.60420.60-.002220       X3/2   7       X1/2   6                 RQ 64.5e     1622231111 8 3 1 3   390.0  390.0
 81 1864.791343 1.294E-39 2.841E+01.03730.04410068.13910.70-.001200       X3/2   5       X3/2   4                 RR 39.5e     4632231111 8 3 1 3   246.0  240.0
 81 1864.798946 1.293E-39 2.841E+01.03730.04410068.32160.70-.001200       X3/2   5       X3/2   4                 RR 39.5f     4632231111 8 3 1 3   246.0  240.0
 81 1864.838268 5.450E-54 3.377E+01.02560.03117026.55000.70-.001200       X3/2   6       X3/2   5                 RR 69.5e     1622231111 8 3 1 3   426.0  420.0
 81 1864.839904 3.274E-33 2.307E-04.03230.049 4672.43870.60-.001280       X3/2   1       X1/2   0                 QP 52.5e     4622231111 8 3 1 3   312.0  318.0
 81 1864.847922 5.434E-54 3.377E+01.02560.03117027.16910.70-.001200       X3/2   6       X3/2   5                 RR 69.5f     1622231111 8 3 1 3   426.0  420.0
 81 1864.855447 1.985E-60 3.366E+01.02250.02720110.51840.70-.001200       X3/2   6       X3/2   5                 RR 82.5e     1622231111 8 3 1 3   504.0  498.0
 81 1864.865447 1.977E-60 3.367E+01.02250.02720111.40470.70-.001200       X3/2   6       X3/2   5                 RR 82.5f     1622231111 8 3 1 3   504.0  498.0
 81 1864.895722 6.437E-62 2.939E-03.02590.04518861.40910.60-.002220       X3/2   7       X1/2   6                 RQ 71.5e     1622231111 8 3 1 3   432.0  432.0
 81 1864.902318 3.172E-59 3.374E-03.02760.04617596.38590.60-.002220       X3/2   7       X1/2   6                 RQ 65.5e     1622231111 8 3 1 3   396.0  396.0
 81 1864.902459 6.101E-43 9.332E-03.04900.059 9865.71710.60-.002220       X3/2   6       X1/2   5                 RQ 21.5f     3653231111 8 3 1 3   132.0  132.0
 81 1864.922614 3.278E-33 2.313E-04.03230.049 4672.70250.60-.001280       X3/2   1       X1/2   0                 QP 52.5f     4622231111 8 3 1 3   312.0  318.0
 81 1864.971873 2.281E-60 3.366E+01.02270.04220084.35740.60-.002220       X1/2   6       X1/2   5                 RR 83.5e     1622231111 8 3 1 3   510.0  504.0
 81 1864.972400 2.280E-60 3.366E+01.02270.04220084.44320.60-.002220       X1/2   6       X1/2   5                 RR 83.5f     1622231111 8 3 1 3   510.0  504.0
 81 1864.990745 1.873E-61 3.006E-03.02610.04518643.43420.60-.002220       X3/2   7       X1/2   6                 RQ 70.5e     1622231111 8 3 1 3   426.0  426.0
 81 1864.993509 1.169E-59 3.297E-03.02730.04617800.05520.60-.002220       X3/2   7       X1/2   6                 RQ 66.5e     1622231111 8 3 1 3   402.0  402.0
 81 1865.028337 6.401E-54 3.379E+01.02590.04516996.38080.60-.002220       X1/2   6       X1/2   5                 RR 70.5e     1622231111 8 3 1 3   432.0  426.0
 81 1865.029367 6.395E-54 3.379E+01.02590.04516996.58270.60-.002220       X1/2   6       X1/2   5                 RR 70.5f     1622231111 8 3 1 3   432.0  426.0
 81 1865.047557 5.376E-61 3.076E-03.02640.04518428.30210.60-.002220       X3/2   7       X1/2   6                 RQ 69.5e     1622231111 8 3 1 3   420.0  420.0
 81 1865.048449 4.247E-60 3.221E-03.02700.04618006.60360.60-.002220       X3/2   7       X1/2   6                 RQ 67.5e     1622231111 8 3 1 3   408.0  408.0
 81 1865.066630 1.521E-60 3.146E-03.02670.04518216.02220.60-.002220       X3/2   7       X1/2   6                 RQ 68.5e     1622231111 8 3 1 3   414.0  414.0
 81 1865.072510 1.197E-32 2.280E+01.04600.057 6636.94500.60-.002220       X1/2   4       X1/2   3                 RR 25.5e     4643231111 8 3 1 3   162.0  156.0
 81 1865.078662 1.196E-32 2.281E+01.04600.057 6637.18830.60-.002220       X1/2   4       X1/2   3                 RR 25.5f     4643231111 8 3 1 3   162.0  156.0
 81 1865.101897 5.227E-25 4.816E-03.04720.058 1042.92720.60-.002220       X1/2   1       X1/2   0           25.5   Q 24.5f 25.5454323 4 4 8 3 1 3    52.0   52.0
 81 1865.103048 8.051E-28 7.715E-06.04720.058 1042.92720.60-.002220       X1/2   1       X1/2   0           24.5   Q 24.5f 25.5454323 4 4 8 3 1 3    50.0   52.0
 81 1865.104076 8.051E-28 7.418E-06.04720.058 1042.92720.60-.002220       X1/2   1       X1/2   0           25.5   Q 24.5f 24.5454323 4 4 8 3 1 3    52.0   50.0
 81 1865.105227 5.018E-25 4.809E-03.04720.058 1042.92720.60-.002220       X1/2   1       X1/2   0           24.5   Q 24.5f 24.5454323 4 4 8 3 1 3    50.0   50.0
 81 1865.106539 8.051E-28 8.037E-06.04720.058 1042.92720.60-.002220       X1/2   1       X1/2   0           23.5   Q 24.5f 24.5454323 4 4 8 3 1 3    48.0   50.0
 81 1865.107438 8.051E-28 7.715E-06.04720.058 1042.92720.60-.002220       X1/2   1       X1/2   0           24.5   Q 24.5f 23.5454323 4 4 8 3 1 3    50.0   48.0
 81 1865.108750 4.824E-25 4.815E-03.04720.058 1042.92720.60-.002220       X1/2   1       X1/2   0           23.5   Q 24.5f 23.5454323 4 4 8 3 1 3    48.0   48.0
 81 1865.124369 1.895E-54 3.378E+01.02530.03117246.72790.70-.001200       X3/2   6       X3/2   5                 RR 70.5e     1622231111 8 3 1 3   432.0  426.0
 81 1865.134057 1.889E-54 3.377E+01.02530.03117247.36580.70-.001200       X3/2   6       X3/2   5                 RR 70.5f     1622231111 8 3 1 3   432.0  426.0
 81 1865.142907 6.747E-60 3.369E+01.02270.02719856.46820.70-.001200       X3/2   6       X3/2   5                 RR 81.5e     1622231111 8 3 1 3   498.0  492.0
 81 1865.152886 6.718E-60 3.369E+01.02270.02719857.33220.70-.001200       X3/2   6       X3/2   5                 RR 81.5f     1622231111 8 3 1 3   498.0  492.0
 81 1865.161219 6.084E-43 9.299E-03.04900.059 9865.49740.60-.002220       X3/2   6       X1/2   5                 RQ 21.5e     3653231111 8 3 1 3   132.0  132.0
 81 1865.263852 7.765E-60 3.370E+01.02290.04219830.03710.60-.002220       X1/2   6       X1/2   5                 RR 82.5e     1622231111 8 3 1 3   504.0  498.0
 81 1865.264410 7.761E-60 3.370E+01.02290.04219830.13360.60-.002220       X1/2   6       X1/2   5                 RR 82.5f     1622231111 8 3 1 3   504.0  498.0
 81 1865.307429 2.222E-54 3.380E+01.02560.04417216.91020.60-.002220       X1/2   6       X1/2   5                 RR 71.5e     1622231111 8 3 1 3   438.0  432.0
 81 1865.308412 2.220E-54 3.380E+01.02560.04417217.10490.60-.002220       X1/2   6       X1/2   5                 RR 71.5f     1622231111 8 3 1 3   438.0  432.0
 81 1865.363664 6.498E-55 3.379E+01.02510.03017469.78440.70-.001200       X3/2   6       X3/2   5                 RR 71.5e     1622231111 8 3 1 3   438.0  432.0
 81 1865.373384 6.477E-55 3.379E+01.02510.03017470.44150.70-.001200       X3/2   6       X3/2   5                 RR 71.5f     1622231111 8 3 1 3   438.0  432.0
 81 1865.381557 2.262E-59 3.371E+01.02290.02819605.18240.70-.001200       X3/2   6       X3/2   5                 RR 80.5e     1622231111 8 3 1 3   492.0  486.0
 81 1865.391516 2.253E-59 3.372E+01.02290.02819606.02440.70-.001200       X3/2   6       X3/2   5                 RR 80.5f     1622231111 8 3 1 3   492.0  486.0
 81 1865.400450 1.662E-39 2.846E+01.03730.05210021.84540.60-.002220       X1/2   5       X1/2   4                 RR 40.5e     4632231111 8 3 1 3   252.0  246.0
 81 1865.403873 1.660E-39 2.846E+01.03730.05210022.13680.60-.002220       X1/2   5       X1/2   4                 RR 40.5f     4632231111 8 3 1 3   252.0  246.0
 81 1865.483455 3.618E-24 4.706E-02.04830.057 1105.69660.70-.001200       X3/2   1       X3/2   0           24.5   Q 23.5f 24.5454323 4 4 8 3 1 3    50.0   50.0
 81 1865.483483 6.037E-27 7.852E-05.04830.057 1105.69660.70-.001200       X3/2   1       X3/2   0           24.5   Q 23.5f 23.5454323 4 4 8 3 1 3    50.0   48.0
 81 1865.483758 6.037E-27 8.179E-05.04830.057 1105.69660.70-.001200       X3/2   1       X3/2   0           23.5   Q 23.5f 22.5454323 4 4 8 3 1 3    48.0   46.0
 81 1865.483908 6.037E-27 8.179E-05.04830.057 1105.69660.70-.001200       X3/2   1       X3/2   0           23.5   Q 23.5f 24.5454323 4 4 8 3 1 3    48.0   50.0
 81 1865.483936 3.467E-24 4.697E-02.04830.057 1105.69660.70-.001200       X3/2   1       X3/2   0           23.5   Q 23.5f 23.5454323 4 4 8 3 1 3    48.0   48.0
 81 1865.484080 3.328E-24 4.705E-02.04830.057 1105.69660.70-.001200       X3/2   1       X3/2   0           22.5   Q 23.5f 22.5454323 4 4 8 3 1 3    46.0   46.0
 81 1865.484258 6.037E-27 8.535E-05.04830.057 1105.69660.70-.001200       X3/2   1       X3/2   0           22.5   Q 23.5f 23.5454323 4 4 8 3 1 3    46.0   48.0
 81 1865.499414 1.017E-65 6.793E-04.03630.05220259.37510.60-.002220       X3/2  11       X1/2  10                 SR 42.5f     2622231111 8 3 1 3   264.0  258.0
 81 1865.507184 2.607E-59 3.372E+01.02310.04219578.47560.60-.002220       X1/2   6       X1/2   5                 RR 81.5e     1622231111 8 3 1 3   498.0  492.0
 81 1865.507775 2.606E-59 3.372E+01.02310.04219578.58250.60-.002220       X1/2   6       X1/2   5                 RR 81.5f     1622231111 8 3 1 3   498.0  492.0
 81 1865.526246 8.154E-76 2.807E+01.01750.02127424.58010.70-.001200       X3/2   5       X3/2   4                 RR112.5e     0222231211 8 3 1 3   684.0  678.0
 81 1865.537059 8.100E-76 2.807E+01.01750.02127425.94190.70-.001200       X3/2   5       X3/2   4                 RR112.5f     0222231211 8 3 1 3   684.0  678.0
 81 1865.539974 7.603E-55 3.380E+01.02530.04417440.31010.60-.002220       X1/2   6       X1/2   5                 RR 72.5e     1622231111 8 3 1 3   444.0  438.0
 81 1865.540912 7.597E-55 3.381E+01.02530.04417440.49730.60-.002220       X1/2   6       X1/2   5                 RR 72.5f     1622231111 8 3 1 3   444.0  438.0
 81 1865.553011 9.081E-76 2.808E+01.01760.03727404.23100.60-.002220       X1/2   5       X1/2   4                 RR113.5f     0222231211 8 3 1 3   690.0  684.0
 81 1865.553651 9.076E-76 2.807E+01.01760.03727404.33420.60-.002220       X1/2   5       X1/2   4                 RR113.5e     0222231211 8 3 1 3   690.0  684.0
 81 1865.554606 1.027E-38 4.152E-03.05870.063 7392.13740.70-.001720       X3/2   5       X1/2   4                 QP  5.5f     4654431111 8 3 1 3    30.0   36.0
 81 1865.555013 7.027E-46 5.505E-03.05420.06111024.34720.70-.000160       X3/2   7       X1/2   6                 SR 10.5f     3654431111 8 3 1 3    72.0   66.0
 81 1865.555974 2.196E-55 3.379E+01.02480.03017695.70990.70-.001200       X3/2   6       X3/2   5                 RR 72.5e     1622231111 8 3 1 3   444.0  438.0
 81 1865.565725 2.189E-55 3.379E+01.02480.03017696.38630.70-.001200       X3/2   6       X3/2   5                 RR 72.5f     1622231111 8 3 1 3   444.0  438.0
 81 1865.571588 7.481E-59 3.374E+01.02310.02819356.67190.70-.001200       X3/2   6       X3/2   5                 RR 79.5e     1622231111 8 3 1 3   486.0  480.0
 81 1865.573546 4.831E-25 4.819E-03.04720.058 1042.69160.60-.002220       X1/2   1       X1/2   0           23.5   Q 24.5e 23.5454323 4 4 8 3 1 3    48.0   48.0
 81 1865.574856 8.062E-28 8.042E-06.04720.058 1042.69160.60-.002220       X1/2   1       X1/2   0           23.5   Q 24.5e 24.5454323 4 4 8 3 1 3    48.0   50.0
 81 1865.575758 8.062E-28 7.721E-06.04720.058 1042.69160.60-.002220       X1/2   1       X1/2   0           24.5   Q 24.5e 23.5454323 4 4 8 3 1 3    50.0   48.0
 81 1865.577068 5.025E-25 4.812E-03.04720.058 1042.69160.60-.002220       X1/2   1       X1/2   0           24.5   Q 24.5e 24.5454323 4 4 8 3 1 3    50.0   50.0
 81 1865.578215 8.062E-28 7.721E-06.04720.058 1042.69160.60-.002220       X1/2   1       X1/2   0           24.5   Q 24.5e 25.5454323 4 4 8 3 1 3    50.0   52.0
 81 1865.579247 8.062E-28 7.424E-06.04720.058 1042.69160.60-.002220       X1/2   1       X1/2   0           25.5   Q 24.5e 24.5454323 4 4 8 3 1 3    52.0   50.0
 81 1865.580393 5.234E-25 4.820E-03.04720.058 1042.69160.60-.002220       X1/2   1       X1/2   0           25.5   Q 24.5e 25.5454323 4 4 8 3 1 3    52.0   52.0
 81 1865.581524 7.451E-59 3.374E+01.02310.02819357.49220.70-.001200       X3/2   6       X3/2   5                 RR 79.5f     1622231111 8 3 1 3   486.0  480.0
 81 1865.587150 3.821E-24 1.062E+01.05870.063 1915.76900.70-.000440       X1/2   2       X1/2   1            5.5   R  4.5e  4.5455443 3 3 8 3 1 3    12.0   10.0
 81 1865.587153 4.611E-24 1.099E+01.05870.063 1915.76900.70-.000440       X1/2   2       X1/2   1            6.5   R  4.5e  5.5455443 3 3 8 3 1 3    14.0   12.0
 81 1865.587200 3.162E-24 1.055E+01.05870.063 1915.76900.70-.000440       X1/2   2       X1/2   1            4.5   R  4.5e  3.5455443 3 3 8 3 1 3    10.0    8.0
 81 1865.588576 1.306E-25 4.357E-01.05870.063 1915.76900.70-.000440       X1/2   2       X1/2   1            4.5   R  4.5e  4.5455443 3 3 8 3 1 3    10.0   10.0
 81 1865.588737 1.306E-25 3.631E-01.05870.063 1915.76900.70-.000440       X1/2   2       X1/2   1            5.5   R  4.5e  5.5455443 3 3 8 3 1 3    12.0   12.0
 81 1865.590164 1.089E-27 3.633E-03.05870.063 1915.76900.70-.000440       X1/2   2       X1/2   1            4.5   R  4.5e  5.5455443 3 3 8 3 1 3    10.0   12.0
 81 1865.592917 6.039E-27 8.181E-05.04830.057 1105.64130.70-.001200       X3/2   1       X3/2   0           23.5   Q 23.5e 22.5454323 4 4 8 3 1 3    48.0   46.0
 81 1865.593095 3.329E-24 4.706E-02.04830.057 1105.64130.70-.001200       X3/2   1       X3/2   0           22.5   Q 23.5e 22.5454323 4 4 8 3 1 3    46.0   46.0
 81 1865.593242 3.468E-24 4.698E-02.04830.057 1105.64130.70-.001200       X3/2   1       X3/2   0           23.5   Q 23.5e 23.5454323 4 4 8 3 1 3    48.0   48.0
 81 1865.593268 6.039E-27 7.854E-05.04830.057 1105.64130.70-.001200       X3/2   1       X3/2   0           24.5   Q 23.5e 23.5454323 4 4 8 3 1 3    50.0   48.0
 81 1865.593420 6.039E-27 8.537E-05.04830.057 1105.64130.70-.001200       X3/2   1       X3/2   0           22.5   Q 23.5e 23.5454323 4 4 8 3 1 3    46.0   48.0
 81 1865.593699 6.039E-27 8.181E-05.04830.057 1105.64130.70-.001200       X3/2   1       X3/2   0           23.5   Q 23.5e 24.5454323 4 4 8 3 1 3    48.0   50.0
 81 1865.593726 3.619E-24 4.707E-02.04830.057 1105.64130.70-.001200       X3/2   1       X3/2   0           24.5   Q 23.5e 24.5454323 4 4 8 3 1 3    50.0   50.0
 81 1865.594043 1.088E-27 3.631E-03.05870.063 1915.82770.70-.000440       X1/2   2       X1/2   1            4.5   R  4.5f  5.5455443 3 3 8 3 1 3    10.0   12.0
 81 1865.596113 1.306E-25 3.632E-01.05870.063 1915.82770.70-.000440       X1/2   2       X1/2   1            5.5   R  4.5f  5.5455443 3 3 8 3 1 3    12.0   12.0
 81 1865.596572 1.306E-25 4.358E-01.05870.063 1915.82770.70-.000440       X1/2   2       X1/2   1            4.5   R  4.5f  4.5455443 3 3 8 3 1 3    10.0   10.0
 81 1865.598554 4.609E-24 1.099E+01.05870.063 1915.82770.70-.000440       X1/2   2       X1/2   1            6.5   R  4.5f  5.5455443 3 3 8 3 1 3    14.0   12.0
 81 1865.598638 3.161E-24 1.055E+01.05870.063 1915.82770.70-.000440       X1/2   2       X1/2   1            4.5   R  4.5f  3.5455443 3 3 8 3 1 3    10.0    8.0
 81 1865.598641 3.820E-24 1.062E+01.05870.063 1915.82770.70-.000440       X1/2   2       X1/2   1            5.5   R  4.5f  4.5455443 3 3 8 3 1 3    12.0   10.0
 81 1865.606953 1.013E-65 6.757E-04.03630.05220259.06570.60-.002220       X3/2  11       X1/2  10                 SR 42.5e     2622231111 8 3 1 3   264.0  258.0
 81 1865.623977 1.026E-38 4.147E-03.05870.063 7392.06750.70-.001720       X3/2   5       X1/2   4                 QP  5.5e     4654431111 8 3 1 3    30.0   36.0
 81 1865.672034 7.017E-46 5.495E-03.05420.06111024.22320.70-.000160       X3/2   7       X1/2   6                 SR 10.5e     3654431111 8 3 1 3    72.0   66.0
 81 1865.701123 7.320E-56 3.379E+01.02450.03017924.49440.70-.001200       X3/2   6       X3/2   5                 RR 73.5e     1622231111 8 3 1 3   450.0  444.0
 81 1865.702063 8.636E-59 3.374E+01.02330.04219329.68360.60-.002220       X1/2   6       X1/2   5                 RR 80.5e     1622231111 8 3 1 3   492.0  486.0
 81 1865.702690 8.631E-59 3.374E+01.02330.04219329.80060.60-.002220       X1/2   6       X1/2   5                 RR 80.5f     1622231111 8 3 1 3   492.0  486.0
 81 1865.703306 2.827E-33 1.938E-03.04540.057 5005.44740.60-.001280       X3/2   3       X1/2   2                 QP 27.5f     4633231111 8 3 1 3   162.0  168.0
 81 1865.710904 7.296E-56 3.380E+01.02450.03017925.19050.70-.001200       X3/2   6       X3/2   5                 RR 73.5f     1622231111 8 3 1 3   450.0  444.0
 81 1865.713186 2.440E-58 3.375E+01.02330.02819110.94780.70-.001200       X3/2   6       X3/2   5                 RR 78.5e     1622231111 8 3 1 3   480.0  474.0
 81 1865.723098 2.431E-58 3.376E+01.02330.02819111.74670.70-.001200       X3/2   6       X3/2   5                 RR 78.5f     1622231111 8 3 1 3   480.0  474.0
 81 1865.725786 2.565E-55 3.380E+01.02510.04417666.57120.60-.002220       X1/2   6       X1/2   5                 RR 73.5e     1622231111 8 3 1 3   450.0  444.0
 81 1865.726681 2.563E-55 3.380E+01.02510.04417666.75060.60-.002220       X1/2   6       X1/2   5                 RR 73.5f     1622231111 8 3 1 3   450.0  444.0
 81 1865.740396 4.404E-43 9.120E-03.04840.058 9936.99350.60-.002220       X3/2   6       X1/2   5                 RQ 22.5f     3643231111 8 3 1 3   138.0  138.0
 81 1865.764869 6.629E-84 2.259E+01.01570.01931237.56580.70-.001200       X3/2   4       X3/2   3                 RR127.5e     0222231211 8 3 1 3   774.0  768.0
 81 1865.766489 7.308E-84 2.259E+01.01580.03431219.06990.60-.002220       X1/2   4       X1/2   3                 RR128.5f     0222231211 8 3 1 3   780.0  774.0
 81 1865.768064 7.305E-84 2.259E+01.01580.03431219.14810.60-.002220       X1/2   4       X1/2   3                 RR128.5e     0222231211 8 3 1 3   780.0  774.0
 81 1865.776450 6.583E-84 2.259E+01.01570.01931238.98090.70-.001200       X3/2   4       X3/2   3                 RR127.5f     0222231211 8 3 1 3   774.0  768.0
 81 1865.798934 2.406E-56 3.380E+01.02430.02918156.12790.70-.001200       X3/2   6       X3/2   5                 RR 74.5e     1622231111 8 3 1 3   456.0  450.0
 81 1865.806535 7.851E-58 3.377E+01.02360.02918868.02070.70-.001200       X3/2   6       X3/2   5                 RR 77.5e     1622231111 8 3 1 3   474.0  468.0
 81 1865.808743 2.397E-56 3.379E+01.02430.02918156.84400.70-.001200       X3/2   6       X3/2   5                 RR 74.5f     1622231111 8 3 1 3   456.0  450.0
 81 1865.816424 7.821E-58 3.377E+01.02360.02918868.79850.70-.001200       X3/2   6       X3/2   5                 RR 77.5f     1622231111 8 3 1 3   474.0  468.0
 81 1865.848687 2.822E-58 3.377E+01.02360.04319083.67200.60-.002220       X1/2   6       X1/2   5                 RR 79.5e     1622231111 8 3 1 3   486.0  480.0
 81 1865.849227 7.796E-57 3.379E+01.02400.02918390.60030.70-.001200       X3/2   6       X3/2   5                 RR 75.5e     1622231111 8 3 1 3   462.0  456.0
 81 1865.849348 2.820E-58 3.377E+01.02360.04319083.79870.60-.002220       X1/2   6       X1/2   5                 RR 79.5f     1622231111 8 3 1 3   486.0  480.0
 81 1865.851821 2.491E-57 3.378E+01.02380.02918627.90140.70-.001200       X3/2   6       X3/2   5                 RR 76.5e     1622231111 8 3 1 3   468.0  462.0
 81 1865.855140 5.652E-28 3.391E-03.06090.067 2036.46620.67-.001580       X3/2   2       X3/2   1            4.5   R  4.5e  5.5455443 3 3 8 3 1 3    10.0   12.0
 81 1865.855526 5.652E-28 3.391E-03.06090.067 2036.46680.67-.001580       X3/2   2       X3/2   1            4.5   R  4.5f  5.5455443 3 3 8 3 1 3    10.0   12.0
 81 1865.855613 6.783E-26 3.392E-01.06090.067 2036.46620.67-.001580       X3/2   2       X3/2   1            5.5   R  4.5e  5.5455443 3 3 8 3 1 3    12.0   12.0
 81 1865.855652 3.885E-42 8.417E-03.06170.066 9112.69870.69-.000480       X3/2   6       X1/2   5                 SR  2.5f     3654431111 8 3 1 3    24.0   18.0
 81 1865.855866 6.783E-26 4.070E-01.06090.067 2036.46620.67-.001580       X3/2   2       X3/2   1            4.5   R  4.5e  4.5455443 3 3 8 3 1 3    10.0   10.0
 81 1865.855969 6.783E-26 3.392E-01.06090.067 2036.46680.67-.001580       X3/2   2       X3/2   1            5.5   R  4.5f  5.5455443 3 3 8 3 1 3    12.0   12.0
 81 1865.856161 2.394E-24 1.026E+01.06090.067 2036.46620.67-.001580       X3/2   2       X3/2   1            6.5   R  4.5e  5.5455443 3 3 8 3 1 3    14.0   12.0
 81 1865.856306 6.783E-26 4.070E-01.06090.067 2036.46680.67-.001580       X3/2   2       X3/2   1            4.5   R  4.5f  4.5455443 3 3 8 3 1 3    10.0   10.0
 81 1865.856338 1.984E-24 9.920E+00.06090.067 2036.46620.67-.001580       X3/2   2       X3/2   1            5.5   R  4.5e  4.5455443 3 3 8 3 1 3    12.0   10.0
 81 1865.856465 1.641E-24 9.846E+00.06090.067 2036.46620.67-.001580       X3/2   2       X3/2   1            4.5   R  4.5e  3.5455443 3 3 8 3 1 3    10.0    8.0
 81 1865.856588 2.394E-24 1.026E+01.06090.067 2036.46680.67-.001580       X3/2   2       X3/2   1            6.5   R  4.5f  5.5455443 3 3 8 3 1 3    14.0   12.0
 81 1865.856750 1.984E-24 9.920E+00.06090.067 2036.46680.67-.001580       X3/2   2       X3/2   1            5.5   R  4.5f  4.5455443 3 3 8 3 1 3    12.0   10.0
 81 1865.856877 1.641E-24 9.846E+00.06090.067 2036.46680.67-.001580       X3/2   2       X3/2   1            4.5   R  4.5f  3.5455443 3 3 8 3 1 3    10.0    8.0
 81 1865.859064 7.768E-57 3.379E+01.02400.02918391.33670.70-.001200       X3/2   6       X3/2   5                 RR 75.5f     1622231111 8 3 1 3   462.0  456.0
 81 1865.861685 2.482E-57 3.378E+01.02380.02918628.65830.70-.001200       X3/2   6       X3/2   5                 RR 76.5f     1622231111 8 3 1 3   468.0  462.0
 81 1865.864677 8.535E-56 3.381E+01.02480.04417895.68370.60-.002220       X1/2   6       X1/2   5                 RR 74.5e     1622231111 8 3 1 3   456.0  450.0
 81 1865.865530 8.528E-56 3.381E+01.02480.04417895.85500.60-.002220       X1/2   6       X1/2   5                 RR 74.5f     1622231111 8 3 1 3   456.0  450.0
 81 1865.884983 2.821E-33 1.932E-03.04540.057 5005.19480.60-.001280       X3/2   3       X1/2   2                 QP 27.5e     4633231111 8 3 1 3   162.0  168.0
 81 1865.890663 3.883E-42 8.412E-03.06170.066 9112.66340.69-.000480       X3/2   6       X1/2   5                 SR  2.5e     3654431111 8 3 1 3    24.0   18.0
 81 1865.947245 9.092E-58 3.378E+01.02380.04318840.45120.60-.002220       X1/2   6       X1/2   5                 RR 78.5e     1622231111 8 3 1 3   480.0  474.0
 81 1865.947942 9.086E-58 3.378E+01.02380.04318840.58740.60-.002220       X1/2   6       X1/2   5                 RR 78.5f     1622231111 8 3 1 3   480.0  474.0
 81 1865.953825 8.120E-25 5.232E-03.04780.058  961.09430.60-.002220       X1/2   1       X1/2   0           24.5   Q 23.5f 24.5454323 4 4 8 3 1 3    50.0   50.0
 81 1865.954999 1.355E-27 9.095E-06.04780.058  961.09430.60-.002220       X1/2   1       X1/2   0           23.5   Q 23.5f 24.5454323 4 4 8 3 1 3    48.0   50.0
 81 1865.956009 1.355E-27 8.731E-06.04780.058  961.09430.60-.002220       X1/2   1       X1/2   0           24.5   Q 23.5f 23.5454323 4 4 8 3 1 3    50.0   48.0
 81 1865.956457 2.800E-56 3.381E+01.02450.04318127.63790.60-.002220       X1/2   6       X1/2   5                 RR 75.5e     1622231111 8 3 1 3   462.0  456.0
 81 1865.957183 7.781E-25 5.223E-03.04780.058  961.09430.60-.002220       X1/2   1       X1/2   0           23.5   Q 23.5f 23.5454323 4 4 8 3 1 3    48.0   48.0
 81 1865.957271 2.798E-56 3.381E+01.02450.04318127.80090.60-.002220       X1/2   6       X1/2   5                 RR 75.5f     1622231111 8 3 1 3   462.0  456.0
 81 1865.958510 1.355E-27 9.491E-06.04780.058  961.09430.60-.002220       X1/2   1       X1/2   0           22.5   Q 23.5f 23.5454323 4 4 8 3 1 3    46.0   48.0
 81 1865.959391 1.355E-27 9.095E-06.04780.058  961.09430.60-.002220       X1/2   1       X1/2   0           23.5   Q 23.5f 22.5454323 4 4 8 3 1 3    48.0   46.0
 81 1865.960718 7.470E-25 5.232E-03.04780.058  961.09430.60-.002220       X1/2   1       X1/2   0           22.5   Q 23.5f 22.5454323 4 4 8 3 1 3    46.0   46.0
 81 1865.997932 2.890E-57 3.379E+01.02410.04318600.03170.60-.002220       X1/2   6       X1/2   5                 RR 77.5e     1622231111 8 3 1 3   474.0  468.0
 81 1865.998667 2.888E-57 3.379E+01.02410.04318600.17720.60-.002220       X1/2   6       X1/2   5                 RR 77.5f     1622231111 8 3 1 3   474.0  468.0
 81 1866.000940 9.058E-57 3.380E+01.02430.04318362.42390.60-.002220       X1/2   6       X1/2   5                 RR 76.5e     1622231111 8 3 1 3   468.0  462.0
 81 1866.001713 9.051E-57 3.380E+01.02430.04318362.57830.60-.002220       X1/2   6       X1/2   5                 RR 76.5f     1622231111 8 3 1 3   468.0  462.0
 81 1866.010870 4.391E-43 9.086E-03.04840.058 9936.76700.60-.002220       X3/2   6       X1/2   5                 RQ 22.5e     3643231111 8 3 1 3   138.0  138.0
 81 1866.218596 5.867E-33 2.281E+01.04610.054 6783.44310.70-.001200       X3/2   4       X3/2   3                 RR 25.5e     4643231111 8 3 1 3   162.0  156.0
 81 1866.223843 5.865E-33 2.281E+01.04610.054 6783.50750.70-.001200       X3/2   4       X3/2   3                 RR 25.5f     4643231111 8 3 1 3   162.0  156.0
 81 1866.229277 2.918E-35 3.681E-03.05230.060 5957.26260.63-.001810       X3/2   4       X1/2   3                 QP 15.5f     4654431111 8 3 1 3    90.0   96.0
 81 1866.238712 2.853E-72 2.844E-04.03190.04923226.02940.60-.002220       X3/2  12       X1/2  11                 SR 52.5e     2622231111 8 3 1 3   324.0  318.0
 81 1866.242048 2.868E-72 2.864E-04.03190.04923226.34200.60-.002220       X3/2  12       X1/2  11                 SR 52.5f     2622231111 8 3 1 3   324.0  318.0
 81 1866.306741 1.255E-27 1.704E+01.05230.060 4090.78390.63-.001190       X1/2   3       X1/2   2                 RR 14.5e     4654431111 8 3 1 3    96.0   90.0
 81 1866.315751 1.254E-27 1.704E+01.05230.060 4090.94680.63-.001190       X1/2   3       X1/2   2                 RR 14.5f     4654431111 8 3 1 3    96.0   90.0
 81 1866.331369 5.591E-24 5.130E-02.04910.058 1025.32980.70-.001200       X3/2   1       X3/2   0           23.5   Q 22.5f 23.5454323 4 4 8 3 1 3    48.0   48.0
 81 1866.331403 1.014E-26 9.304E-05.04910.058 1025.32980.70-.001200       X3/2   1       X3/2   0           23.5   Q 22.5f 22.5454323 4 4 8 3 1 3    48.0   46.0
 81 1866.331658 1.014E-26 9.709E-05.04910.058 1025.32980.70-.001200       X3/2   1       X3/2   0           22.5   Q 22.5f 21.5454323 4 4 8 3 1 3    46.0   44.0
 81 1866.331792 1.014E-26 9.709E-05.04910.058 1025.32980.70-.001200       X3/2   1       X3/2   0           22.5   Q 22.5f 23.5454323 4 4 8 3 1 3    46.0   48.0
 81 1866.331826 5.348E-24 5.121E-02.04910.058 1025.32980.70-.001200       X3/2   1       X3/2   0           22.5   Q 22.5f 22.5454323 4 4 8 3 1 3    46.0   46.0
 81 1866.331955 5.124E-24 5.129E-02.04910.058 1025.32980.70-.001200       X3/2   1       X3/2   0           21.5   Q 22.5f 21.5454323 4 4 8 3 1 3    44.0   44.0
 81 1866.332123 1.014E-26 1.015E-04.04910.058 1025.32980.70-.001200       X3/2   1       X3/2   0           21.5   Q 22.5f 22.5454323 4 4 8 3 1 3    44.0   46.0
 81 1866.387076 2.912E-35 3.671E-03.05230.060 5957.09060.63-.001810       X3/2   4       X1/2   3                 QP 15.5e     4654431111 8 3 1 3    90.0   96.0
 81 1866.413984 7.480E-25 5.236E-03.04780.058  960.86440.60-.002220       X1/2   1       X1/2   0           22.5   Q 23.5e 22.5454323 4 4 8 3 1 3    46.0   46.0
 81 1866.415310 1.357E-27 9.499E-06.04780.058  960.86440.60-.002220       X1/2   1       X1/2   0           22.5   Q 23.5e 23.5454323 4 4 8 3 1 3    46.0   48.0
 81 1866.416193 1.357E-27 9.103E-06.04780.058  960.86440.60-.002220       X1/2   1       X1/2   0           23.5   Q 23.5e 22.5454323 4 4 8 3 1 3    48.0   46.0
 81 1866.417519 7.792E-25 5.227E-03.04780.058  960.86440.60-.002220       X1/2   1       X1/2   0           23.5   Q 23.5e 23.5454323 4 4 8 3 1 3    48.0   48.0
 81 1866.418688 1.357E-27 9.103E-06.04780.058  960.86440.60-.002220       X1/2   1       X1/2   0           23.5   Q 23.5e 24.5454323 4 4 8 3 1 3    48.0   50.0
 81 1866.419702 1.357E-27 8.739E-06.04780.058  960.86440.60-.002220       X1/2   1       X1/2   0           24.5   Q 23.5e 23.5454323 4 4 8 3 1 3    50.0   48.0
 81 1866.420871 8.131E-25 5.236E-03.04780.058  960.86440.60-.002220       X1/2   1       X1/2   0           24.5   Q 23.5e 24.5454323 4 4 8 3 1 3    50.0   50.0
 81 1866.429254 1.015E-26 9.717E-05.04910.058 1025.28040.70-.001200       X3/2   1       X3/2   0           22.5   Q 22.5e 21.5454323 4 4 8 3 1 3    46.0   44.0
 81 1866.429422 5.126E-24 5.130E-02.04910.058 1025.28040.70-.001200       X3/2   1       X3/2   0           21.5   Q 22.5e 21.5454323 4 4 8 3 1 3    44.0   44.0
 81 1866.429554 5.349E-24 5.121E-02.04910.058 1025.28040.70-.001200       X3/2   1       X3/2   0           22.5   Q 22.5e 22.5454323 4 4 8 3 1 3    46.0   46.0
 81 1866.429586 1.015E-26 9.312E-05.04910.058 1025.28040.70-.001200       X3/2   1       X3/2   0           23.5   Q 22.5e 22.5454323 4 4 8 3 1 3    48.0   46.0
 81 1866.429722 1.015E-26 1.016E-04.04910.058 1025.28040.70-.001200       X3/2   1       X3/2   0           21.5   Q 22.5e 22.5454323 4 4 8 3 1 3    44.0   46.0
 81 1866.429981 1.015E-26 9.717E-05.04910.058 1025.28040.70-.001200       X3/2   1       X3/2   0           22.5   Q 22.5e 23.5454323 4 4 8 3 1 3    46.0   48.0
 81 1866.430013 5.593E-24 5.131E-02.04910.058 1025.28040.70-.001200       X3/2   1       X3/2   0           23.5   Q 22.5e 23.5454323 4 4 8 3 1 3    48.0   48.0
 81 1866.446847 7.009E-40 2.849E+01.03670.04410199.49960.70-.001200       X3/2   5       X3/2   4                 RR 40.5e     4632231111 8 3 1 3   252.0  246.0
 81 1866.454580 7.002E-40 2.849E+01.03670.04410199.69290.70-.001200       X3/2   5       X3/2   4                 RR 40.5f     4632231111 8 3 1 3   252.0  246.0
 81 1866.593098 3.123E-43 8.907E-03.04780.05810011.42480.60-.002220       X3/2   6       X1/2   5                 RQ 23.5f     3643231111 8 3 1 3   144.0  144.0
 81 1866.649702 3.185E-50 3.654E-03.05010.05913102.52580.60-.002250       X3/2   8       X1/2   7                 SR 18.5f     3653231111 8 3 1 3   120.0  114.0
 81 1866.771145 1.244E-24 5.706E-03.04840.058  882.58980.60-.002220       X1/2   1       X1/2   0           23.5   Q 22.5f 23.5454323 4 4 8 3 1 3    48.0   48.0
 81 1866.772341 2.256E-27 1.080E-05.04840.058  882.58980.60-.002220       X1/2   1       X1/2   0           22.5   Q 22.5f 23.5454323 4 4 8 3 1 3    46.0   48.0
 81 1866.773333 2.256E-27 1.035E-05.04840.058  882.58980.60-.002220       X1/2   1       X1/2   0           23.5   Q 22.5f 22.5454323 4 4 8 3 1 3    48.0   46.0
 81 1866.774530 1.189E-24 5.691E-03.04840.058  882.58980.60-.002220       X1/2   1       X1/2   0           22.5   Q 22.5f 22.5454323 4 4 8 3 1 3    46.0   46.0
 81 1866.775873 2.256E-27 1.129E-05.04840.058  882.58980.60-.002220       X1/2   1       X1/2   0           21.5   Q 22.5f 22.5454323 4 4 8 3 1 3    44.0   46.0
 81 1866.776735 2.256E-27 1.080E-05.04840.058  882.58980.60-.002220       X1/2   1       X1/2   0           22.5   Q 22.5f 21.5454323 4 4 8 3 1 3    46.0   44.0
 81 1866.778078 1.140E-24 5.705E-03.04840.058  882.58980.60-.002220       X1/2   1       X1/2   0           21.5   Q 22.5f 21.5454323 4 4 8 3 1 3    44.0   44.0
 81 1866.818551 3.178E-50 3.643E-03.05010.05913102.32800.60-.002250       X3/2   8       X1/2   7                 SR 18.5e     3653231111 8 3 1 3   120.0  114.0
 81 1866.875281 3.114E-43 8.874E-03.04780.05810011.19190.60-.002220       X3/2   6       X1/2   5                 RQ 23.5e     3643231111 8 3 1 3   144.0  144.0
 81 1866.900462 1.800E-32 7.942E-04.03840.053 4516.46160.60-.001280       X3/2   2       X1/2   1                 QP 39.5f     4632231111 8 3 1 3   234.0  240.0
 81 1867.005750 1.797E-32 7.919E-04.03840.053 4516.17850.60-.001280       X3/2   2       X1/2   1                 QP 39.5e     4632231111 8 3 1 3   234.0  240.0
 81 1867.030892 8.963E-40 2.855E+01.03680.05210154.01250.60-.002220       X1/2   5       X1/2   4                 RR 41.5e     4632231111 8 3 1 3   258.0  252.0
 81 1867.034175 8.950E-40 2.855E+01.03680.05210154.30460.60-.002220       X1/2   5       X1/2   4                 RR 41.5f     4632231111 8 3 1 3   258.0  252.0
 81 1867.143365 8.517E-24 5.614E-02.04980.059  948.34760.70-.001200       X3/2   1       X3/2   0           22.5   Q 21.5f 22.5455323 4 4 8 3 1 3    46.0   46.0
 81 1867.143405 1.686E-26 1.111E-04.04980.059  948.34760.70-.001200       X3/2   1       X3/2   0           22.5   Q 21.5f 21.5455323 4 4 8 3 1 3    46.0   44.0
 81 1867.143640 1.686E-26 1.162E-04.04980.059  948.34760.70-.001200       X3/2   1       X3/2   0           21.5   Q 21.5f 20.5455323 4 4 8 3 1 3    44.0   42.0
 81 1867.143757 1.686E-26 1.162E-04.04980.059  948.34760.70-.001200       X3/2   1       X3/2   0           21.5   Q 21.5f 22.5455323 4 4 8 3 1 3    44.0   46.0
 81 1867.143797 8.129E-24 5.602E-02.04980.059  948.34760.70-.001200       X3/2   1       X3/2   0           21.5   Q 21.5f 21.5455323 4 4 8 3 1 3    44.0   44.0
 81 1867.143911 7.775E-24 5.613E-02.04980.059  948.34760.70-.001200       X3/2   1       X3/2   0           20.5   Q 21.5f 20.5455323 4 4 8 3 1 3    42.0   42.0
 81 1867.144068 1.686E-26 1.217E-04.04980.059  948.34760.70-.001200       X3/2   1       X3/2   0           20.5   Q 21.5f 21.5455323 4 4 8 3 1 3    42.0   44.0
 81 1867.182826 6.647E-28 1.694E+01.05420.063 4220.13040.74-.001760       X3/2   3       X3/2   2                 RR 14.5e     4654431111 8 3 1 3    96.0   90.0
 81 1867.185403 6.647E-28 1.694E+01.05420.063 4220.14520.74-.001760       X3/2   3       X3/2   2                 RR 14.5f     4654431111 8 3 1 3    96.0   90.0
 81 1867.211213 1.674E-21 4.835E+00.06570.071  133.51420.74-.000270       X3/2   1       X3/2   0             .5   P  2.5f  1.5455443 4 4 8 3 1 3     2.0    4.0
 81 1867.211303 1.674E-21 4.835E+00.06570.071  133.51400.74-.000270       X3/2   1       X3/2   0             .5   P  2.5e  1.5455443 4 4 8 3 1 3     2.0    4.0
 81 1867.211705 2.812E-21 4.061E+00.06570.071  133.51420.74-.000270       X3/2   1       X3/2   0            1.5   P  2.5f  2.5455443 4 4 8 3 1 3     4.0    6.0
 81 1867.211790 2.812E-21 4.061E+00.06570.071  133.51400.74-.000270       X3/2   1       X3/2   0            1.5   P  2.5e  2.5455443 4 4 8 3 1 3     4.0    6.0
 81 1867.212714 4.463E-21 4.297E+00.06570.071  133.51420.74-.000270       X3/2   1       X3/2   0            2.5   P  2.5f  3.5455443 4 4 8 3 1 3     6.0    8.0
 81 1867.212725 5.356E-22 7.735E-01.06570.071  133.51420.74-.000270       X3/2   1       X3/2   0            1.5   P  2.5f  1.5455443 4 4 8 3 1 3     4.0    4.0
 81 1867.212811 4.463E-21 4.297E+00.06570.071  133.51400.74-.000270       X3/2   1       X3/2   0            2.5   P  2.5e  3.5455443 4 4 8 3 1 3     6.0    8.0
 81 1867.212832 5.356E-22 7.735E-01.06570.071  133.51400.74-.000270       X3/2   1       X3/2   0            1.5   P  2.5e  1.5455443 4 4 8 3 1 3     4.0    4.0
 81 1867.214185 5.356E-22 5.157E-01.06570.071  133.51420.74-.000270       X3/2   1       X3/2   0            2.5   P  2.5f  2.5455443 4 4 8 3 1 3     6.0    6.0
 81 1867.214255 5.356E-22 5.157E-01.06570.071  133.51400.74-.000270       X3/2   1       X3/2   0            2.5   P  2.5e  2.5455443 4 4 8 3 1 3     6.0    6.0
 81 1867.215204 2.232E-23 2.149E-02.06570.071  133.51420.74-.000270       X3/2   1       X3/2   0            2.5   P  2.5f  1.5455443 4 4 8 3 1 3     6.0    4.0
 81 1867.215298 2.232E-23 2.149E-02.06570.071  133.51400.74-.000270       X3/2   1       X3/2   0            2.5   P  2.5e  1.5455443 4 4 8 3 1 3     6.0    4.0
 81 1867.219115 1.141E-24 5.706E-03.04840.058  882.36600.60-.002220       X1/2   1       X1/2   0           21.5   Q 22.5e 21.5454323 4 4 8 3 1 3    44.0   44.0
 81 1867.220456 2.259E-27 1.130E-05.04840.058  882.36600.60-.002220       X1/2   1       X1/2   0           21.5   Q 22.5e 22.5454323 4 4 8 3 1 3    44.0   46.0
 81 1867.221320 2.259E-27 1.081E-05.04840.058  882.36600.60-.002220       X1/2   1       X1/2   0           22.5   Q 22.5e 21.5454323 4 4 8 3 1 3    46.0   44.0
 81 1867.222661 1.191E-24 5.697E-03.04840.058  882.36600.60-.002220       X1/2   1       X1/2   0           22.5   Q 22.5e 22.5454323 4 4 8 3 1 3    46.0   46.0
 81 1867.223853 2.259E-27 1.081E-05.04840.058  882.36600.60-.002220       X1/2   1       X1/2   0           22.5   Q 22.5e 23.5454323 4 4 8 3 1 3    46.0   48.0
 81 1867.224850 2.259E-27 1.036E-05.04840.058  882.36600.60-.002220       X1/2   1       X1/2   0           23.5   Q 22.5e 22.5454323 4 4 8 3 1 3    48.0   46.0
 81 1867.226042 1.245E-24 5.707E-03.04840.058  882.36600.60-.002220       X1/2   1       X1/2   0           23.5   Q 22.5e 23.5454323 4 4 8 3 1 3    48.0   48.0
 81 1867.230378 1.686E-26 1.162E-04.04980.059  948.30370.70-.001200       X3/2   1       X3/2   0           21.5   Q 21.5e 20.5455323 4 4 8 3 1 3    44.0   42.0
 81 1867.230534 7.777E-24 5.614E-02.04980.059  948.30370.70-.001200       X3/2   1       X3/2   0           20.5   Q 21.5e 20.5455323 4 4 8 3 1 3    42.0   42.0
 81 1867.230651 8.131E-24 5.603E-02.04980.059  948.30370.70-.001200       X3/2   1       X3/2   0           21.5   Q 21.5e 21.5455323 4 4 8 3 1 3    44.0   44.0
 81 1867.230690 1.686E-26 1.111E-04.04980.059  948.30370.70-.001200       X3/2   1       X3/2   0           22.5   Q 21.5e 21.5455323 4 4 8 3 1 3    46.0   44.0
 81 1867.230807 1.686E-26 1.217E-04.04980.059  948.30370.70-.001200       X3/2   1       X3/2   0           20.5   Q 21.5e 21.5455323 4 4 8 3 1 3    42.0   44.0
 81 1867.231046 1.686E-26 1.162E-04.04980.059  948.30370.70-.001200       X3/2   1       X3/2   0           21.5   Q 21.5e 22.5455323 4 4 8 3 1 3    44.0   46.0
 81 1867.231085 8.519E-24 5.615E-02.04980.059  948.30370.70-.001200       X3/2   1       X3/2   0           22.5   Q 21.5e 22.5455323 4 4 8 3 1 3    46.0   46.0
 81 1867.248463 7.784E-33 2.412E-04.03270.050 4498.84140.60-.001280       X3/2   1       X1/2   0                 QP 51.5e     4622231111 8 3 1 3   306.0  312.0
 81 1867.313081 4.131E-75 2.818E+01.01760.02127089.33330.70-.001200       X3/2   5       X3/2   4                 RR111.5e     0222231211 8 3 1 3   678.0  672.0
 81 1867.313688 7.792E-33 2.418E-04.03270.050 4499.10820.60-.001280       X3/2   1       X1/2   0                 QP 51.5f     4622231111 8 3 1 3   306.0  312.0
 81 1867.323877 4.104E-75 2.818E+01.01760.02127090.69270.70-.001200       X3/2   5       X3/2   4                 RR111.5f     0222231211 8 3 1 3   678.0  672.0
 81 1867.331824 8.204E-33 2.291E+01.04540.057 6722.66890.60-.002220       X1/2   4       X1/2   3                 RR 26.5e     4633231111 8 3 1 3   168.0  162.0
 81 1867.337739 8.195E-33 2.292E+01.04540.057 6722.91750.60-.002220       X1/2   4       X1/2   3                 RR 26.5f     4633231111 8 3 1 3   168.0  162.0
 81 1867.341617 4.604E-75 2.818E+01.01780.03727068.84880.60-.002220       X1/2   5       X1/2   4                 RR112.5f     0222231211 8 3 1 3   684.0  678.0
 81 1867.342228 4.601E-75 2.818E+01.01780.03727068.95470.60-.002220       X1/2   5       X1/2   4                 RR112.5e     0222231211 8 3 1 3   684.0  678.0
 81 1867.357749 6.496E-78 1.319E-03.01890.03826353.10900.60-.002220       X3/2   6       X1/2   5                 RQ105.5f     0222231211 8 3 1 3   636.0  636.0
 81 1867.458474 2.177E-43 8.699E-03.04720.05810089.00910.60-.002220       X3/2   6       X1/2   5                 RQ 24.5f     3643231111 8 3 1 3   150.0  150.0
 81 1867.553890 1.878E-24 6.243E-03.04900.059  807.41550.60-.002220       X1/2   1       X1/2   0           22.5   Q 21.5f 22.5455323 4 4 8 3 1 3    46.0   46.0
 81 1867.555111 3.716E-27 1.291E-05.04900.059  807.41550.60-.002220       X1/2   1       X1/2   0           21.5   Q 21.5f 22.5455323 4 4 8 3 1 3    44.0   46.0
 81 1867.556084 3.716E-27 1.235E-05.04900.059  807.41550.60-.002220       X1/2   1       X1/2   0           22.5   Q 21.5f 21.5455323 4 4 8 3 1 3    46.0   44.0
 81 1867.557305 1.792E-24 6.228E-03.04900.059  807.41550.60-.002220       X1/2   1       X1/2   0           21.5   Q 21.5f 21.5455323 4 4 8 3 1 3    44.0   44.0
 81 1867.558662 3.716E-27 1.353E-05.04900.059  807.41550.60-.002220       X1/2   1       X1/2   0           20.5   Q 21.5f 21.5455323 4 4 8 3 1 3    42.0   44.0
 81 1867.559505 3.716E-27 1.291E-05.04900.059  807.41550.60-.002220       X1/2   1       X1/2   0           21.5   Q 21.5f 20.5455323 4 4 8 3 1 3    44.0   42.0
 81 1867.560863 1.714E-24 6.240E-03.04900.059  807.41550.60-.002220       X1/2   1       X1/2   0           20.5   Q 21.5f 20.5455323 4 4 8 3 1 3    42.0   42.0
 81 1867.658464 4.502E-21 7.256E+00.06370.069   13.39940.78-.001890       X1/2   1       X1/2   0             .5   P  2.5f  1.5455443 4 4 8 3 1 3     2.0    4.0
 81 1867.658507 7.564E-21 6.096E+00.06370.069   13.39940.78-.001890       X1/2   1       X1/2   0            1.5   P  2.5f  2.5455443 4 4 8 3 1 3     4.0    6.0
 81 1867.659143 1.201E-20 6.452E+00.06370.069   13.39940.78-.001890       X1/2   1       X1/2   0            2.5   P  2.5f  3.5455443 4 4 8 3 1 3     6.0    8.0
 81 1867.660591 1.441E-21 1.161E+00.06370.069   13.39940.78-.001890       X1/2   1       X1/2   0            1.5   P  2.5f  1.5455443 4 4 8 3 1 3     4.0    4.0
 81 1867.662084 1.441E-21 7.742E-01.06370.069   13.39940.78-.001890       X1/2   1       X1/2   0            2.5   P  2.5f  2.5455443 4 4 8 3 1 3     6.0    6.0
 81 1867.664168 6.003E-23 3.225E-02.06370.069   13.39940.78-.001890       X1/2   1       X1/2   0            2.5   P  2.5f  1.5455443 4 4 8 3 1 3     6.0    4.0
 81 1867.668473 6.004E-23 3.225E-02.06370.069   13.36390.78-.001890       X1/2   1       X1/2   0            2.5   P  2.5e  1.5455443 4 4 8 3 1 3     6.0    4.0
 81 1867.669633 1.441E-21 7.741E-01.06370.069   13.36390.78-.001890       X1/2   1       X1/2   0            2.5   P  2.5e  2.5455443 4 4 8 3 1 3     6.0    6.0
 81 1867.669886 1.441E-21 1.161E+00.06370.069   13.36390.78-.001890       X1/2   1       X1/2   0            1.5   P  2.5e  1.5455443 4 4 8 3 1 3     4.0    4.0
 81 1867.670784 4.503E-21 7.257E+00.06370.069   13.36390.78-.001890       X1/2   1       X1/2   0             .5   P  2.5e  1.5455443 4 4 8 3 1 3     2.0    4.0
 81 1867.671046 7.565E-21 6.096E+00.06370.069   13.36390.78-.001890       X1/2   1       X1/2   0            1.5   P  2.5e  2.5455443 4 4 8 3 1 3     4.0    6.0
 81 1867.671170 1.201E-20 6.451E+00.06370.069   13.36390.78-.001890       X1/2   1       X1/2   0            2.5   P  2.5e  3.5455443 4 4 8 3 1 3     6.0    8.0
 81 1867.752362 2.170E-43 8.664E-03.04720.05810088.77000.60-.002220       X3/2   6       X1/2   5                 RQ 24.5e     3643231111 8 3 1 3   150.0  150.0
 81 1867.787857 3.393E-60 1.261E-03.04060.05417728.46270.60-.002220       X3/2  10       X1/2   9                 SR 34.5f     3632231111 8 3 1 3   216.0  210.0
 81 1867.799304 1.173E-95 1.152E+01.01390.03236698.07420.60-.002220       X1/2   2       X1/2   1                 RR149.5f     0222231211 8 3 1 3   906.0  900.0
 81 1867.803014 1.173E-95 1.152E+01.01390.03236698.12850.60-.002220       X1/2   2       X1/2   1                 RR149.5e     0222231211 8 3 1 3   906.0  900.0
 81 1867.815313 5.119E-55 2.220E-03.04540.05715339.90390.60-.002220       X3/2   9       X1/2   8                 SR 26.5f     3633231111 8 3 1 3   168.0  162.0
 81 1867.822363 1.075E-95 1.152E+01.01380.01736714.65390.70-.001200       X3/2   2       X3/2   1                 RR148.5e     0222231211 8 3 1 3   900.0  894.0
 81 1867.835857 1.068E-95 1.153E+01.01380.01736716.15280.70-.001200       X3/2   2       X3/2   1                 RR148.5f     0222231211 8 3 1 3   900.0  894.0
 81 1867.897902 7.764E-90 1.714E+01.01470.03334008.28440.60-.002220       X1/2   3       X1/2   2                 RR139.5f     0222231211 8 3 1 3   846.0  840.0
 81 1867.900472 7.762E-90 1.714E+01.01470.03334008.34910.60-.002220       X1/2   3       X1/2   2                 RR139.5e     0222231211 8 3 1 3   846.0  840.0
 81 1867.910499 7.085E-90 1.714E+01.01460.01834025.69000.70-.001200       X3/2   3       X3/2   2                 RR138.5e     0222231211 8 3 1 3   840.0  834.0
 81 1867.919425 1.279E-23 6.168E-02.05060.059  874.75430.70-.000650       X3/2   1       X3/2   0           21.5   Q 20.5f 21.5455323 4 4 8 3 1 3    44.0   44.0
 81 1867.919473 2.773E-26 1.337E-04.05060.059  874.75430.70-.000650       X3/2   1       X3/2   0           21.5   Q 20.5f 20.5455323 4 4 8 3 1 3    44.0   42.0
 81 1867.919688 2.773E-26 1.401E-04.05060.059  874.75430.70-.000650       X3/2   1       X3/2   0           20.5   Q 20.5f 19.5455323 4 4 8 3 1 3    42.0   40.0
 81 1867.919784 2.773E-26 1.401E-04.05060.059  874.75430.70-.000650       X3/2   1       X3/2   0           20.5   Q 20.5f 21.5455323 4 4 8 3 1 3    42.0   44.0
 81 1867.919832 1.218E-23 6.154E-02.05060.059  874.75430.70-.000650       X3/2   1       X3/2   0           20.5   Q 20.5f 20.5455323 4 4 8 3 1 3    42.0   42.0
 81 1867.919932 1.162E-23 6.165E-02.05060.059  874.75430.70-.000650       X3/2   1       X3/2   0           19.5   Q 20.5f 19.5455323 4 4 8 3 1 3    40.0   40.0
 81 1867.920075 2.773E-26 1.471E-04.05060.059  874.75430.70-.000650       X3/2   1       X3/2   0           19.5   Q 20.5f 20.5455323 4 4 8 3 1 3    40.0   42.0
 81 1867.922956 7.035E-90 1.714E+01.01460.01834027.14840.70-.001200       X3/2   3       X3/2   2                 RR138.5f     0222231211 8 3 1 3   840.0  834.0
 81 1867.949672 3.383E-60 1.256E-03.04060.05417728.17330.60-.002220       X3/2  10       X1/2   9                 SR 34.5e     3632231111 8 3 1 3   216.0  210.0
 81 1867.960647 4.383E-33 2.021E-03.04600.057 4915.54680.60-.001280       X3/2   3       X1/2   2                 QP 26.5f     4643231111 8 3 1 3   156.0  162.0
 81 1867.988970 1.716E-24 6.244E-03.04900.059  807.19810.60-.002220       X1/2   1       X1/2   0           20.5   Q 21.5e 20.5455323 4 4 8 3 1 3    42.0   42.0
 81 1867.990327 3.721E-27 1.354E-05.04900.059  807.19810.60-.002220       X1/2   1       X1/2   0           20.5   Q 21.5e 21.5455323 4 4 8 3 1 3    42.0   44.0
 81 1867.991171 3.721E-27 1.292E-05.04900.059  807.19810.60-.002220       X1/2   1       X1/2   0           21.5   Q 21.5e 20.5455323 4 4 8 3 1 3    44.0   42.0
 81 1867.992528 1.795E-24 6.234E-03.04900.059  807.19810.60-.002220       X1/2   1       X1/2   0           21.5   Q 21.5e 21.5455323 4 4 8 3 1 3    44.0   44.0
 81 1867.993743 3.721E-27 1.292E-05.04900.059  807.19810.60-.002220       X1/2   1       X1/2   0           21.5   Q 21.5e 22.5455323 4 4 8 3 1 3    44.0   46.0
 81 1867.994721 3.721E-27 1.236E-05.04900.059  807.19810.60-.002220       X1/2   1       X1/2   0           22.5   Q 21.5e 21.5455323 4 4 8 3 1 3    46.0   44.0
 81 1867.995937 1.880E-24 6.246E-03.04900.059  807.19810.60-.002220       X1/2   1       X1/2   0           22.5   Q 21.5e 22.5455323 4 4 8 3 1 3    46.0   46.0
 81 1867.996271 2.773E-26 1.401E-04.05060.059  874.71550.70-.000650       X3/2   1       X3/2   0           20.5   Q 20.5e 19.5455323 4 4 8 3 1 3    42.0   40.0
 81 1867.996414 1.163E-23 6.169E-02.05060.059  874.71550.70-.000650       X3/2   1       X3/2   0           19.5   Q 20.5e 19.5455323 4 4 8 3 1 3    40.0   40.0
 81 1867.996517 1.218E-23 6.153E-02.05060.059  874.71550.70-.000650       X3/2   1       X3/2   0           20.5   Q 20.5e 20.5455323 4 4 8 3 1 3    42.0   42.0
 81 1867.996564 2.773E-26 1.337E-04.05060.059  874.71550.70-.000650       X3/2   1       X3/2   0           21.5   Q 20.5e 20.5455323 4 4 8 3 1 3    44.0   42.0
 81 1867.996660 2.773E-26 1.471E-04.05060.059  874.71550.70-.000650       X3/2   1       X3/2   0           19.5   Q 20.5e 20.5455323 4 4 8 3 1 3    40.0   42.0
 81 1867.996879 2.773E-26 1.401E-04.05060.059  874.71550.70-.000650       X3/2   1       X3/2   0           20.5   Q 20.5e 21.5455323 4 4 8 3 1 3    42.0   44.0
 81 1867.996926 1.279E-23 6.168E-02.05060.059  874.71550.70-.000650       X3/2   1       X3/2   0           21.5   Q 20.5e 21.5455323 4 4 8 3 1 3    44.0   44.0
 81 1867.998781 5.105E-55 2.212E-03.04540.05715339.65110.60-.002220       X3/2   9       X1/2   8                 SR 26.5e     3633231111 8 3 1 3   168.0  162.0
 81 1868.060297 3.737E-40 2.858E+01.03620.04310334.00980.70-.001200       X3/2   5       X3/2   4                 RR 41.5e     4632231111 8 3 1 3   258.0  252.0
 81 1868.068156 3.733E-40 2.858E+01.03620.04310334.21420.70-.001200       X3/2   5       X3/2   4                 RR 41.5f     4632231111 8 3 1 3   258.0  252.0
 81 1868.144032 4.375E-33 2.015E-03.04600.057 4915.29910.60-.001280       X3/2   3       X1/2   2                 QP 26.5e     4643231111 8 3 1 3   156.0  162.0
 81 1868.302098 2.796E-24 6.858E-03.04960.059  735.57330.60-.001920       X1/2   1       X1/2   0           21.5   Q 20.5f 21.5455323 4 4 8 3 1 3    44.0   44.0
 81 1868.303342 6.061E-27 1.557E-05.04960.059  735.57330.60-.001920       X1/2   1       X1/2   0           20.5   Q 20.5f 21.5455323 4 4 8 3 1 3    42.0   44.0
 81 1868.304298 6.061E-27 1.487E-05.04960.059  735.57330.60-.001920       X1/2   1       X1/2   0           21.5   Q 20.5f 20.5455323 4 4 8 3 1 3    44.0   42.0
 81 1868.305541 2.662E-24 6.841E-03.04960.059  735.57330.60-.001920       X1/2   1       X1/2   0           20.5   Q 20.5f 20.5455323 4 4 8 3 1 3    42.0   42.0
 81 1868.306914 6.061E-27 1.635E-05.04960.059  735.57330.60-.001920       X1/2   1       X1/2   0           19.5   Q 20.5f 20.5455323 4 4 8 3 1 3    40.0   42.0
 81 1868.307738 6.061E-27 1.557E-05.04960.059  735.57330.60-.001920       X1/2   1       X1/2   0           20.5   Q 20.5f 19.5455323 4 4 8 3 1 3    42.0   40.0
 81 1868.309111 2.541E-24 6.856E-03.04960.059  735.57330.60-.001920       X1/2   1       X1/2   0           19.5   Q 20.5f 19.5455323 4 4 8 3 1 3    40.0   40.0
 81 1868.334476 1.491E-43 8.490E-03.04660.05710169.74390.60-.002220       X3/2   6       X1/2   5                 RQ 25.5f     3643231111 8 3 1 3   156.0  156.0
 81 1868.337646 4.064E-83 2.271E+01.01580.01930863.42030.70-.001200       X3/2   4       X3/2   3                 RR126.5e     0222231211 8 3 1 3   768.0  762.0
 81 1868.340464 4.483E-83 2.271E+01.01590.03430844.82340.60-.002220       X1/2   4       X1/2   3                 RR127.5f     0222231211 8 3 1 3   774.0  768.0
 81 1868.341999 4.481E-83 2.271E+01.01590.03430844.90430.60-.002220       X1/2   4       X1/2   3                 RR127.5e     0222231211 8 3 1 3   774.0  768.0
 81 1868.349198 4.036E-83 2.271E+01.01580.01930864.83310.70-.001200       X3/2   4       X3/2   3                 RR126.5f     0222231211 8 3 1 3   768.0  762.0
 81 1868.488648 3.983E-33 2.291E+01.04540.054 6871.07980.70-.001200       X3/2   4       X3/2   3                 RR 26.5e     4633231111 8 3 1 3   168.0  162.0
 81 1868.494116 3.982E-33 2.292E+01.04540.054 6871.15070.70-.001200       X3/2   4       X3/2   3                 RR 26.5f     4633231111 8 3 1 3   168.0  162.0
 81 1868.531106 8.212E-39 3.821E-03.06000.064 7374.49620.71-.001380       X3/2   5       X1/2   4                 QP  4.5f     4654431111 8 3 1 3    24.0   30.0
 81 1868.589341 8.206E-39 3.817E-03.06000.064 7374.43770.71-.001380       X3/2   5       X1/2   4                 QP  4.5e     4654431111 8 3 1 3    24.0   30.0
 81 1868.596574 6.444E-78 1.311E-03.01890.03826353.21860.60-.002220       X3/2   6       X1/2   5                 RQ105.5e     0222231211 8 3 1 3   636.0  636.0
 81 1868.620421 4.757E-40 2.863E+01.03630.05210289.30380.60-.002220       X1/2   5       X1/2   4                 RR 42.5e     4622231111 8 3 1 3   264.0  258.0
 81 1868.623569 4.751E-40 2.863E+01.03630.05210289.59640.60-.002220       X1/2   5       X1/2   4                 RR 42.5f     4622231111 8 3 1 3   264.0  258.0
 81 1868.640067 1.486E-43 8.454E-03.04660.05710169.49900.60-.002220       X3/2   6       X1/2   5                 RQ 25.5e     3643231111 8 3 1 3   156.0  156.0
 81 1868.659530 1.894E-23 6.808E-02.05130.060  804.55380.70-.000200       X3/2   1       X3/2   0           20.5   Q 19.5f 20.5455323 4 4 8 3 1 3    42.0   42.0
 81 1868.659588 4.517E-26 1.624E-04.05130.060  804.55380.70-.000200       X3/2   1       X3/2   0           20.5   Q 19.5f 19.5455323 4 4 8 3 1 3    42.0   40.0
 81 1868.659782 4.517E-26 1.705E-04.05130.060  804.55380.70-.000200       X3/2   1       X3/2   0           19.5   Q 19.5f 18.5455323 4 4 8 3 1 3    40.0   38.0
 81 1868.659854 4.517E-26 1.705E-04.05130.060  804.55380.70-.000200       X3/2   1       X3/2   0           19.5   Q 19.5f 20.5455323 4 4 8 3 1 3    40.0   42.0
 81 1868.659912 1.799E-23 6.790E-02.05130.060  804.55380.70-.000200       X3/2   1       X3/2   0           19.5   Q 19.5f 19.5455323 4 4 8 3 1 3    40.0   40.0
 81 1868.659998 1.713E-23 6.806E-02.05130.060  804.55380.70-.000200       X3/2   1       X3/2   0           18.5   Q 19.5f 18.5455323 4 4 8 3 1 3    38.0   38.0
 81 1868.660127 4.517E-26 1.795E-04.05130.060  804.55380.70-.000200       X3/2   1       X3/2   0           18.5   Q 19.5f 19.5455323 4 4 8 3 1 3    38.0   40.0
 81 1868.673549 4.192E-24 1.095E+01.05760.063 1933.96630.64-.000530       X1/2   2       X1/2   1            6.5   R  5.5e  5.5455443 3 3 8 3 1 3    14.0   12.0
 81 1868.673559 4.908E-24 1.122E+01.05760.063 1933.96630.64-.000530       X1/2   2       X1/2   1            7.5   R  5.5e  6.5455443 3 3 8 3 1 3    16.0   14.0
 81 1868.673580 3.578E-24 1.090E+01.05760.063 1933.96630.64-.000530       X1/2   2       X1/2   1            5.5   R  5.5e  4.5455443 3 3 8 3 1 3    12.0   10.0
 81 1868.675005 1.016E-25 3.096E-01.05760.063 1933.96630.64-.000530       X1/2   2       X1/2   1            5.5   R  5.5e  5.5455443 3 3 8 3 1 3    12.0   12.0
 81 1868.675132 1.016E-25 2.654E-01.05760.063 1933.96630.64-.000530       X1/2   2       X1/2   1            6.5   R  5.5e  6.5455443 3 3 8 3 1 3    14.0   14.0
 81 1868.676588 6.050E-28 1.844E-03.05760.063 1933.96630.64-.000530       X1/2   2       X1/2   1            5.5   R  5.5e  6.5455443 3 3 8 3 1 3    12.0   14.0
 81 1868.680312 6.048E-28 1.844E-03.05760.063 1934.03650.64-.000530       X1/2   2       X1/2   1            5.5   R  5.5f  6.5455443 3 3 8 3 1 3    12.0   14.0
 81 1868.682389 1.016E-25 2.655E-01.05760.063 1934.03650.64-.000530       X1/2   2       X1/2   1            6.5   R  5.5f  6.5455443 3 3 8 3 1 3    14.0   14.0
 81 1868.682754 1.016E-25 3.097E-01.05760.063 1934.03650.64-.000530       X1/2   2       X1/2   1            5.5   R  5.5f  5.5455443 3 3 8 3 1 3    12.0   12.0
 81 1868.684772 4.906E-24 1.122E+01.05760.063 1934.03650.64-.000530       X1/2   2       X1/2   1            7.5   R  5.5f  6.5455443 3 3 8 3 1 3    16.0   14.0
 81 1868.684824 3.577E-24 1.090E+01.05760.063 1934.03650.64-.000530       X1/2   2       X1/2   1            5.5   R  5.5f  4.5455443 3 3 8 3 1 3    12.0   10.0
 81 1868.684831 4.191E-24 1.095E+01.05760.063 1934.03650.64-.000530       X1/2   2       X1/2   1            6.5   R  5.5f  5.5455443 3 3 8 3 1 3    14.0   12.0
 81 1868.723586 2.544E-24 6.860E-03.04960.059  735.36260.60-.001920       X1/2   1       X1/2   0           19.5   Q 20.5e 19.5455323 4 4 8 3 1 3    40.0   40.0
 81 1868.724957 6.069E-27 1.637E-05.04960.059  735.36260.60-.001920       X1/2   1       X1/2   0           19.5   Q 20.5e 20.5455323 4 4 8 3 1 3    40.0   42.0
 81 1868.725782 6.069E-27 1.559E-05.04960.059  735.36260.60-.001920       X1/2   1       X1/2   0           20.5   Q 20.5e 19.5455323 4 4 8 3 1 3    42.0   40.0
 81 1868.726913 4.518E-26 1.705E-04.05130.060  804.51980.70-.000200       X3/2   1       X3/2   0           19.5   Q 19.5e 18.5455323 4 4 8 3 1 3    40.0   38.0
 81 1868.727042 1.713E-23 6.805E-02.05130.060  804.51980.70-.000200       X3/2   1       X3/2   0           18.5   Q 19.5e 18.5455323 4 4 8 3 1 3    38.0   38.0
 81 1868.727131 1.799E-23 6.790E-02.05130.060  804.51980.70-.000200       X3/2   1       X3/2   0           19.5   Q 19.5e 19.5455323 4 4 8 3 1 3    40.0   40.0
 81 1868.727153 2.666E-24 6.847E-03.04960.059  735.36260.60-.001920       X1/2   1       X1/2   0           20.5   Q 20.5e 20.5455323 4 4 8 3 1 3    42.0   42.0
 81 1868.727187 4.518E-26 1.624E-04.05130.060  804.51980.70-.000200       X3/2   1       X3/2   0           20.5   Q 19.5e 19.5455323 4 4 8 3 1 3    42.0   40.0
 81 1868.727260 4.518E-26 1.795E-04.05130.060  804.51980.70-.000200       X3/2   1       X3/2   0           18.5   Q 19.5e 19.5455323 4 4 8 3 1 3    38.0   40.0
 81 1868.727459 4.518E-26 1.705E-04.05130.060  804.51980.70-.000200       X3/2   1       X3/2   0           19.5   Q 19.5e 20.5455323 4 4 8 3 1 3    40.0   42.0
 81 1868.727515 1.894E-23 6.808E-02.05130.060  804.51980.70-.000200       X3/2   1       X3/2   0           20.5   Q 19.5e 20.5455323 4 4 8 3 1 3    42.0   42.0
 81 1868.728393 6.069E-27 1.559E-05.04960.059  735.36260.60-.001920       X1/2   1       X1/2   0           20.5   Q 20.5e 21.5455323 4 4 8 3 1 3    42.0   44.0
 81 1868.729352 6.069E-27 1.488E-05.04960.059  735.36260.60-.001920       X1/2   1       X1/2   0           21.5   Q 20.5e 20.5455323 4 4 8 3 1 3    44.0   42.0
 81 1868.730592 2.799E-24 6.862E-03.04960.059  735.36260.60-.001920       X1/2   1       X1/2   0           21.5   Q 20.5e 21.5455323 4 4 8 3 1 3    44.0   44.0
 81 1868.773740 3.542E-35 3.760E-03.05280.061 5907.04310.63-.001290       X3/2   4       X1/2   3                 QP 14.5f     4654431111 8 3 1 3    84.0   90.0
 81 1868.925103 3.536E-35 3.752E-03.05280.061 5906.88010.63-.001290       X3/2   4       X1/2   3                 QP 14.5e     4654431111 8 3 1 3    84.0   90.0
 81 1868.933067 2.986E-77 1.346E-03.01900.03826041.20390.60-.002220       X3/2   6       X1/2   5                 RQ104.5f     0222231211 8 3 1 3   630.0  630.0
 81 1868.940708 5.082E-66 6.241E-04.03580.05220388.52770.60-.002220       X3/2  11       X1/2  10                 SR 43.5f     2622231111 8 3 1 3   270.0  264.0
 81 1869.007331 1.046E-27 1.715E+01.05180.060 4141.52950.51-.001210       X1/2   3       X1/2   2                 RR 15.5e     4654431111 8 3 1 3   102.0   96.0
 81 1869.015804 4.106E-24 7.569E-03.05010.059  667.06460.60-.002250       X1/2   1       X1/2   0           20.5   Q 19.5f 20.5455323 4 4 8 3 1 3    42.0   42.0
 81 1869.016063 1.045E-27 1.715E+01.05180.060 4141.70140.51-.001210       X1/2   3       X1/2   2                 RR 15.5f     4654431111 8 3 1 3   102.0   96.0
 81 1869.017072 9.793E-27 1.895E-05.05010.059  667.06460.60-.002250       X1/2   1       X1/2   0           19.5   Q 19.5f 20.5455323 4 4 8 3 1 3    40.0   42.0
 81 1869.018008 9.793E-27 1.805E-05.05010.059  667.06460.60-.002250       X1/2   1       X1/2   0           20.5   Q 19.5f 19.5455323 4 4 8 3 1 3    42.0   40.0
 81 1869.019277 3.900E-24 7.548E-03.05010.059  667.06460.60-.002250       X1/2   1       X1/2   0           19.5   Q 19.5f 19.5455323 4 4 8 3 1 3    40.0   40.0
 81 1869.020664 9.793E-27 1.995E-05.05010.059  667.06460.60-.002250       X1/2   1       X1/2   0           18.5   Q 19.5f 19.5455323 4 4 8 3 1 3    38.0   40.0
 81 1869.020705 3.197E-28 1.757E-03.06000.066 2055.18330.65-.001450       X3/2   2       X3/2   1            5.5   R  5.5e  6.5455443 3 3 8 3 1 3    12.0   14.0
 81 1869.021079 5.371E-26 2.530E-01.06000.066 2055.18330.65-.001450       X3/2   2       X3/2   1            6.5   R  5.5e  6.5455443 3 3 8 3 1 3    14.0   14.0
 81 1869.021231 3.197E-28 1.757E-03.06000.066 2055.18440.65-.001450       X3/2   2       X3/2   1            5.5   R  5.5f  6.5455443 3 3 8 3 1 3    12.0   14.0
 81 1869.021252 5.371E-26 2.951E-01.06000.066 2055.18330.65-.001450       X3/2   2       X3/2   1            5.5   R  5.5e  5.5455443 3 3 8 3 1 3    12.0   12.0
 81 1869.021468 9.793E-27 1.895E-05.05010.059  667.06460.60-.002250       X1/2   1       X1/2   0           19.5   Q 19.5f 18.5455323 4 4 8 3 1 3    40.0   38.0
 81 1869.021495 2.593E-24 1.069E+01.06000.066 2055.18330.65-.001450       X3/2   2       X3/2   1            7.5   R  5.5e  6.5455443 3 3 8 3 1 3    16.0   14.0
 81 1869.021578 5.371E-26 2.530E-01.06000.066 2055.18440.65-.001450       X3/2   2       X3/2   1            6.5   R  5.5f  6.5455443 3 3 8 3 1 3    14.0   14.0
 81 1869.021626 2.216E-24 1.044E+01.06000.066 2055.18330.65-.001450       X3/2   2       X3/2   1            6.5   R  5.5e  5.5455443 3 3 8 3 1 3    14.0   12.0
 81 1869.021723 1.891E-24 1.039E+01.06000.066 2055.18330.65-.001450       X3/2   2       X3/2   1            5.5   R  5.5e  4.5455443 3 3 8 3 1 3    12.0   10.0
 81 1869.021849 5.371E-26 2.951E-01.06000.066 2055.18440.65-.001450       X3/2   2       X3/2   1            5.5   R  5.5f  5.5455443 3 3 8 3 1 3    12.0   12.0
 81 1869.022081 2.593E-24 1.069E+01.06000.066 2055.18440.65-.001450       X3/2   2       X3/2   1            7.5   R  5.5f  6.5455443 3 3 8 3 1 3    16.0   14.0
 81 1869.022196 2.215E-24 1.043E+01.06000.066 2055.18440.65-.001450       X3/2   2       X3/2   1            6.5   R  5.5f  5.5455443 3 3 8 3 1 3    14.0   12.0
 81 1869.022292 1.891E-24 1.039E+01.06000.066 2055.18440.65-.001450       X3/2   2       X3/2   1            5.5   R  5.5f  4.5455443 3 3 8 3 1 3    12.0   10.0
 81 1869.022855 3.714E-24 7.567E-03.05010.059  667.06460.60-.002250       X1/2   1       X1/2   0           18.5   Q 19.5f 18.5455323 4 4 8 3 1 3    38.0   38.0
 81 1869.038521 5.063E-66 6.209E-04.03580.05220388.21730.60-.002220       X3/2  11       X1/2  10                 SR 43.5e     2622231111 8 3 1 3   270.0  264.0
 81 1869.045265 2.068E-74 2.828E+01.01770.02226756.49130.70-.001200       X3/2   5       X3/2   4                 RR110.5e     0222231211 8 3 1 3   672.0  666.0
 81 1869.056044 2.054E-74 2.828E+01.01770.02226757.84840.70-.001200       X3/2   5       X3/2   4                 RR110.5f     0222231211 8 3 1 3   672.0  666.0
 81 1869.075621 2.306E-74 2.828E+01.01790.03726735.86870.60-.002220       X1/2   5       X1/2   4                 RR111.5f     0222231211 8 3 1 3   678.0  672.0
 81 1869.076203 2.305E-74 2.828E+01.01790.03726735.97730.60-.002220       X1/2   5       X1/2   4                 RR111.5e     0222231211 8 3 1 3   678.0  672.0
 81 1869.128127 3.448E-32 8.318E-04.03890.053 4386.41710.60-.001280       X3/2   2       X1/2   1                 QP 38.5f     4632231111 8 3 1 3   228.0  234.0
 81 1869.219095 1.004E-43 8.285E-03.04600.05710253.62690.60-.002220       X3/2   6       X1/2   5                 RQ 26.5f     3643231111 8 3 1 3   162.0  162.0
 81 1869.241911 6.024E-46 5.212E-03.05370.06111060.42220.67-.000510       X3/2   7       X1/2   6                 SR 11.5f     3654431111 8 3 1 3    78.0   72.0
 81 1869.243047 3.443E-32 8.296E-04.03890.053 4386.13490.60-.001280       X3/2   2       X1/2   1                 QP 38.5e     4632231111 8 3 1 3   228.0  234.0
 81 1869.248887 4.178E-42 7.671E-03.06000.064 9123.80640.71-.000520       X3/2   6       X1/2   5                 SR  3.5f     3654431111 8 3 1 3    30.0   24.0
 81 1869.295269 4.175E-42 7.664E-03.06000.064 9123.75950.71-.000520       X3/2   6       X1/2   5                 SR  3.5e     3654431111 8 3 1 3    30.0   24.0
 81 1869.363661 2.766E-23 7.551E-02.05200.061  737.75010.70-.000740       X3/2   1       X3/2   0           19.5   Q 18.5f 19.5455323 4 4 8 3 1 3    40.0   40.0
 81 1869.363729 7.292E-26 1.991E-04.05200.061  737.75010.70-.000740       X3/2   1       X3/2   0           19.5   Q 18.5f 18.5455323 4 4 8 3 1 3    40.0   38.0
 81 1869.363904 7.292E-26 2.095E-04.05200.061  737.75010.70-.000740       X3/2   1       X3/2   0           18.5   Q 18.5f 17.5455323 4 4 8 3 1 3    38.0   36.0
 81 1869.363949 7.292E-26 2.095E-04.05200.061  737.75010.70-.000740       X3/2   1       X3/2   0           18.5   Q 18.5f 19.5455323 4 4 8 3 1 3    38.0   40.0
 81 1869.364018 2.620E-23 7.529E-02.05200.061  737.75010.70-.000740       X3/2   1       X3/2   0           18.5   Q 18.5f 18.5455323 4 4 8 3 1 3    38.0   38.0
 81 1869.364090 2.488E-23 7.547E-02.05200.061  737.75010.70-.000740       X3/2   1       X3/2   0           17.5   Q 18.5f 17.5455323 4 4 8 3 1 3    36.0   36.0
 81 1869.364203 7.292E-26 2.212E-04.05200.061  737.75010.70-.000740       X3/2   1       X3/2   0           17.5   Q 18.5f 18.5455323 4 4 8 3 1 3    36.0   38.0
 81 1869.367295 6.015E-46 5.201E-03.05370.06111060.28800.67-.000510       X3/2   7       X1/2   6                 SR 11.5e     3654431111 8 3 1 3    78.0   72.0
 81 1869.422283 7.293E-26 2.096E-04.05200.061  737.72050.70-.000740       X3/2   1       X3/2   0           18.5   Q 18.5e 17.5455323 4 4 8 3 1 3    38.0   36.0
 81 1869.422397 2.489E-23 7.549E-02.05200.061  737.72050.70-.000740       X3/2   1       X3/2   0           17.5   Q 18.5e 17.5455323 4 4 8 3 1 3    36.0   36.0
 81 1869.422472 2.620E-23 7.528E-02.05200.061  737.72050.70-.000740       X3/2   1       X3/2   0           18.5   Q 18.5e 18.5455323 4 4 8 3 1 3    38.0   38.0
 81 1869.422539 7.293E-26 1.991E-04.05200.061  737.72050.70-.000740       X3/2   1       X3/2   0           19.5   Q 18.5e 18.5455323 4 4 8 3 1 3    40.0   38.0
 81 1869.422585 7.293E-26 2.212E-04.05200.061  737.72050.70-.000740       X3/2   1       X3/2   0           17.5   Q 18.5e 18.5455323 4 4 8 3 1 3    36.0   38.0
 81 1869.422763 7.293E-26 2.096E-04.05200.061  737.72050.70-.000740       X3/2   1       X3/2   0           18.5   Q 18.5e 19.5455323 4 4 8 3 1 3    38.0   40.0
 81 1869.422831 2.766E-23 7.550E-02.05200.061  737.72050.70-.000740       X3/2   1       X3/2   0           19.5   Q 18.5e 19.5455323 4 4 8 3 1 3    40.0   40.0
 81 1869.422997 3.718E-24 7.571E-03.05010.059  666.86110.60-.002250       X1/2   1       X1/2   0           18.5   Q 19.5e 18.5455323 4 4 8 3 1 3    38.0   38.0
 81 1869.424384 9.804E-27 1.996E-05.05010.059  666.86110.60-.002250       X1/2   1       X1/2   0           18.5   Q 19.5e 19.5455323 4 4 8 3 1 3    38.0   40.0
 81 1869.425188 9.804E-27 1.896E-05.05010.059  666.86110.60-.002250       X1/2   1       X1/2   0           19.5   Q 19.5e 18.5455323 4 4 8 3 1 3    40.0   38.0
 81 1869.426575 3.905E-24 7.554E-03.05010.059  666.86110.60-.002250       X1/2   1       X1/2   0           19.5   Q 19.5e 19.5455323 4 4 8 3 1 3    40.0   40.0
 81 1869.427838 9.805E-27 1.897E-05.05010.059  666.86110.60-.002250       X1/2   1       X1/2   0           19.5   Q 19.5e 20.5455323 4 4 8 3 1 3    40.0   42.0
 81 1869.428779 9.805E-27 1.806E-05.05010.059  666.86110.60-.002250       X1/2   1       X1/2   0           20.5   Q 19.5e 19.5455323 4 4 8 3 1 3    42.0   40.0
 81 1869.430042 4.111E-24 7.574E-03.05010.059  666.86110.60-.002250       X1/2   1       X1/2   0           20.5   Q 19.5e 20.5455323 4 4 8 3 1 3    42.0   42.0
 81 1869.536385 1.001E-43 8.253E-03.04600.05710253.37660.60-.002220       X3/2   6       X1/2   5                 RQ 26.5e     3643231111 8 3 1 3   162.0  162.0
 81 1869.553181 5.526E-33 2.301E+01.04470.056 6811.60950.60-.002220       X1/2   4       X1/2   3                 RR 27.5e     4633231111 8 3 1 3   174.0  168.0
 81 1869.558866 5.519E-33 2.301E+01.04470.056 6811.86310.60-.002220       X1/2   4       X1/2   3                 RR 27.5f     4633231111 8 3 1 3   174.0  168.0
 81 1869.631566 1.961E-40 2.867E+01.03570.04310471.66360.70-.001200       X3/2   5       X3/2   4                 RR 42.5e     4622231111 8 3 1 3   264.0  258.0
 81 1869.638414 1.822E-32 2.522E-04.03310.050 4328.45390.60-.001280       X3/2   1       X1/2   0                 QP 50.5e     4622231111 8 3 1 3   300.0  306.0
 81 1869.639546 1.959E-40 2.867E+01.03570.04310471.87940.70-.001200       X3/2   5       X3/2   4                 RR 42.5f     4622231111 8 3 1 3   264.0  258.0
 81 1869.686714 1.824E-32 2.528E-04.03310.050 4328.72340.60-.001280       X3/2   1       X1/2   0                 QP 50.5f     4622231111 8 3 1 3   300.0  306.0
 81 1869.695043 5.949E-24 8.394E-03.05070.060  601.89110.60-.001590       X1/2   1       X1/2   0           19.5   Q 18.5f 19.5455323 4 4 8 3 1 3    40.0   40.0
 81 1869.696335 1.569E-26 2.330E-05.05070.060  601.89110.60-.001590       X1/2   1       X1/2   0           18.5   Q 18.5f 19.5455323 4 4 8 3 1 3    38.0   40.0
 81 1869.697253 1.569E-26 2.214E-05.05070.060  601.89110.60-.001590       X1/2   1       X1/2   0           19.5   Q 18.5f 18.5455323 4 4 8 3 1 3    40.0   38.0
 81 1869.698546 5.635E-24 8.369E-03.05070.060  601.89110.60-.001590       X1/2   1       X1/2   0           18.5   Q 18.5f 18.5455323 4 4 8 3 1 3    38.0   38.0
 81 1869.699948 1.568E-26 2.458E-05.05070.060  601.89110.60-.001590       X1/2   1       X1/2   0           17.5   Q 18.5f 18.5455323 4 4 8 3 1 3    36.0   38.0
 81 1869.700731 1.568E-26 2.329E-05.05070.060  601.89110.60-.001590       X1/2   1       X1/2   0           18.5   Q 18.5f 17.5455323 4 4 8 3 1 3    38.0   36.0
 81 1869.702133 5.352E-24 8.391E-03.05070.060  601.89110.60-.001590       X1/2   1       X1/2   0           17.5   Q 18.5f 17.5455323 4 4 8 3 1 3    36.0   36.0
 81 1869.927511 5.510E-28 1.707E+01.05350.062 4272.19240.67-.001210       X3/2   3       X3/2   2                 RR 15.5e     4654431111 8 3 1 3   102.0   96.0
 81 1869.930349 5.509E-28 1.707E+01.05350.062 4272.21010.67-.001210       X3/2   3       X3/2   2                 RR 15.5f     4654431111 8 3 1 3   102.0   96.0
 81 1870.031797 3.985E-23 8.420E-02.05280.062  674.34690.70-.001180       X3/2   1       X3/2   0           18.5   Q 17.5f 18.5455323 4 4 8 3 1 3    38.0   38.0
 81 1870.031878 1.168E-25 2.468E-04.05280.062  674.34690.70-.001180       X3/2   1       X3/2   0           18.5   Q 17.5f 17.5455323 4 4 8 3 1 3    38.0   36.0
 81 1870.032033 1.168E-25 2.605E-04.05280.062  674.34690.70-.001180       X3/2   1       X3/2   0           17.5   Q 17.5f 16.5455323 4 4 8 3 1 3    36.0   34.0
 81 1870.032048 1.168E-25 2.605E-04.05280.062  674.34690.70-.001180       X3/2   1       X3/2   0           17.5   Q 17.5f 18.5455323 4 4 8 3 1 3    36.0   38.0
 81 1870.032129 3.763E-23 8.393E-02.05280.062  674.34690.70-.001180       X3/2   1       X3/2   0           17.5   Q 17.5f 17.5455323 4 4 8 3 1 3    36.0   36.0
 81 1870.032188 3.564E-23 8.417E-02.05280.062  674.34690.70-.001180       X3/2   1       X3/2   0           16.5   Q 17.5f 16.5455323 4 4 8 3 1 3    34.0   34.0
 81 1870.032284 1.168E-25 2.758E-04.05280.062  674.34690.70-.001180       X3/2   1       X3/2   0           16.5   Q 17.5f 17.5455323 4 4 8 3 1 3    34.0   36.0
 81 1870.082356 1.168E-25 2.605E-04.05280.062  674.32140.70-.001180       X3/2   1       X3/2   0           17.5   Q 17.5e 16.5455323 4 4 8 3 1 3    36.0   34.0
 81 1870.082451 3.564E-23 8.416E-02.05280.062  674.32140.70-.001180       X3/2   1       X3/2   0           16.5   Q 17.5e 16.5455323 4 4 8 3 1 3    34.0   34.0
 81 1870.082513 3.763E-23 8.392E-02.05280.062  674.32140.70-.001180       X3/2   1       X3/2   0           17.5   Q 17.5e 17.5455323 4 4 8 3 1 3    36.0   36.0
 81 1870.082593 1.168E-25 2.468E-04.05280.062  674.32140.70-.001180       X3/2   1       X3/2   0           18.5   Q 17.5e 17.5455323 4 4 8 3 1 3    38.0   36.0
 81 1870.082609 1.168E-25 2.758E-04.05280.062  674.32140.70-.001180       X3/2   1       X3/2   0           16.5   Q 17.5e 17.5455323 4 4 8 3 1 3    34.0   36.0
 81 1870.082767 1.168E-25 2.605E-04.05280.062  674.32140.70-.001180       X3/2   1       X3/2   0           17.5   Q 17.5e 18.5455323 4 4 8 3 1 3    36.0   38.0
 81 1870.082848 3.985E-23 8.420E-02.05280.062  674.32140.70-.001180       X3/2   1       X3/2   0           18.5   Q 17.5e 18.5455323 4 4 8 3 1 3    38.0   38.0
 81 1870.087243 5.358E-24 8.395E-03.05070.060  601.69500.60-.001590       X1/2   1       X1/2   0           17.5   Q 18.5e 17.5455323 4 4 8 3 1 3    36.0   36.0
 81 1870.088644 1.570E-26 2.460E-05.05070.060  601.69500.60-.001590       X1/2   1       X1/2   0           17.5   Q 18.5e 18.5455323 4 4 8 3 1 3    36.0   38.0
 81 1870.089429 1.570E-26 2.331E-05.05070.060  601.69500.60-.001590       X1/2   1       X1/2   0           18.5   Q 18.5e 17.5455323 4 4 8 3 1 3    38.0   36.0
 81 1870.090830 5.641E-24 8.374E-03.05070.060  601.69500.60-.001590       X1/2   1       X1/2   0           18.5   Q 18.5e 18.5455323 4 4 8 3 1 3    38.0   38.0
 81 1870.092118 1.570E-26 2.331E-05.05070.060  601.69500.60-.001590       X1/2   1       X1/2   0           18.5   Q 18.5e 19.5455323 4 4 8 3 1 3    38.0   40.0
 81 1870.093039 1.570E-26 2.214E-05.05070.060  601.69500.60-.001590       X1/2   1       X1/2   0           19.5   Q 18.5e 18.5455323 4 4 8 3 1 3    40.0   38.0
 81 1870.094327 5.956E-24 8.399E-03.05070.060  601.69500.60-.001590       X1/2   1       X1/2   0           19.5   Q 18.5e 19.5455323 4 4 8 3 1 3    40.0   40.0
 81 1870.110370 6.647E-44 8.082E-03.04540.05710340.65560.60-.002220       X3/2   6       X1/2   5                 RQ 27.5f     3633231111 8 3 1 3   168.0  168.0
 81 1870.160217 2.962E-77 1.338E-03.01900.03826041.31640.60-.002220       X3/2   6       X1/2   5                 RQ104.5e     0222231211 8 3 1 3   630.0  630.0
 81 1870.168852 2.486E-40 2.872E+01.03580.05210427.71430.60-.002220       X1/2   5       X1/2   4                 RR 43.5e     4622231111 8 3 1 3   270.0  264.0
 81 1870.171869 2.482E-40 2.871E+01.03580.05210428.00700.60-.002220       X1/2   5       X1/2   4                 RR 43.5f     4622231111 8 3 1 3   270.0  264.0
 81 1870.231254 6.676E-33 2.106E-03.04660.057 4828.89770.60-.001280       X3/2   3       X1/2   2                 QP 25.5f     4643231111 8 3 1 3   150.0  156.0
 81 1870.339851 8.505E-24 9.359E-03.05120.060  540.05400.60-.001400       X1/2   1       X1/2   0           18.5   Q 17.5f 18.5455323 4 4 8 3 1 3    38.0   38.0
 81 1870.341168 2.492E-26 2.895E-05.05120.060  540.05400.60-.001400       X1/2   1       X1/2   0           17.5   Q 17.5f 18.5455323 4 4 8 3 1 3    36.0   38.0
 81 1870.342067 2.492E-26 2.742E-05.05120.060  540.05400.60-.001400       X1/2   1       X1/2   0           18.5   Q 17.5f 17.5455323 4 4 8 3 1 3    38.0   36.0
 81 1870.343384 8.032E-24 9.330E-03.05120.060  540.05400.60-.001400       X1/2   1       X1/2   0           17.5   Q 17.5f 17.5455323 4 4 8 3 1 3    36.0   36.0
 81 1870.344800 2.492E-26 3.065E-05.05120.060  540.05400.60-.001400       X1/2   1       X1/2   0           16.5   Q 17.5f 17.5455323 4 4 8 3 1 3    34.0   36.0
 81 1870.345563 2.492E-26 2.895E-05.05120.060  540.05400.60-.001400       X1/2   1       X1/2   0           17.5   Q 17.5f 16.5455323 4 4 8 3 1 3    36.0   34.0
 81 1870.346980 7.607E-24 9.356E-03.05120.060  540.05400.60-.001400       X1/2   1       X1/2   0           16.5   Q 17.5f 16.5455323 4 4 8 3 1 3    34.0   34.0
 81 1870.415673 6.662E-33 2.099E-03.04660.057 4828.65520.60-.001280       X3/2   3       X1/2   2                 QP 25.5e     4643231111 8 3 1 3   150.0  156.0
 81 1870.439356 6.625E-44 8.048E-03.04540.05710340.40020.60-.002220       X3/2   6       X1/2   5                 RQ 27.5e     3633231111 8 3 1 3   168.0  168.0
 81 1870.458344 1.356E-76 1.374E-03.01920.03825731.77890.60-.002220       X3/2   6       X1/2   5                 RQ103.5f     0222231211 8 3 1 3   624.0  624.0
 81 1870.485393 2.328E-50 3.426E-03.04960.05913162.96490.60-.001920       X3/2   8       X1/2   7                 SR 19.5f     3653231111 8 3 1 3   126.0  120.0
 81 1870.658015 2.323E-50 3.416E-03.04960.05913162.75920.60-.001920       X3/2   8       X1/2   7                 SR 19.5e     3653231111 8 3 1 3   126.0  120.0
 81 1870.663919 5.665E-23 9.445E-02.05350.062  614.34800.67-.001210       X3/2   1       X3/2   0           17.5   Q 16.5f 17.5455443 4 4 8 3 1 3    36.0   36.0
 81 1870.664014 1.856E-25 3.095E-04.05350.062  614.34800.67-.001210       X3/2   1       X3/2   0           17.5   Q 16.5f 16.5455443 4 4 8 3 1 3    36.0   34.0
 81 1870.664130 1.856E-25 3.277E-04.05350.062  614.34800.67-.001210       X3/2   1       X3/2   0           16.5   Q 16.5f 17.5455443 4 4 8 3 1 3    34.0   36.0
 81 1870.664149 1.856E-25 3.277E-04.05350.062  614.34800.67-.001210       X3/2   1       X3/2   0           16.5   Q 16.5f 15.5455443 4 4 8 3 1 3    34.0   32.0
 81 1870.664226 5.331E-23 9.411E-02.05350.062  614.34800.67-.001210       X3/2   1       X3/2   0           16.5   Q 16.5f 16.5455443 4 4 8 3 1 3    34.0   34.0
 81 1870.664272 5.034E-23 9.442E-02.05350.062  614.34800.67-.001210       X3/2   1       X3/2   0           15.5   Q 16.5f 15.5455443 4 4 8 3 1 3    32.0   32.0
 81 1870.664348 1.856E-25 3.481E-04.05350.062  614.34800.67-.001210       X3/2   1       X3/2   0           15.5   Q 16.5f 16.5455443 4 4 8 3 1 3    32.0   34.0
 81 1870.707103 1.856E-25 3.276E-04.05350.062  614.32620.67-.001210       X3/2   1       X3/2   0           16.5   Q 16.5e 15.5455443 4 4 8 3 1 3    34.0   32.0
 81 1870.707179 5.035E-23 9.444E-02.05350.062  614.32620.67-.001210       X3/2   1       X3/2   0           15.5   Q 16.5e 15.5455443 4 4 8 3 1 3    32.0   32.0
 81 1870.707228 5.332E-23 9.413E-02.05350.062  614.32620.67-.001210       X3/2   1       X3/2   0           16.5   Q 16.5e 16.5455443 4 4 8 3 1 3    34.0   34.0
 81 1870.707304 1.856E-25 3.481E-04.05350.062  614.32620.67-.001210       X3/2   1       X3/2   0           15.5   Q 16.5e 16.5455443 4 4 8 3 1 3    32.0   34.0
 81 1870.707323 1.856E-25 3.094E-04.05350.062  614.32620.67-.001210       X3/2   1       X3/2   0           17.5   Q 16.5e 16.5455443 4 4 8 3 1 3    36.0   34.0
 81 1870.707443 1.856E-25 3.276E-04.05350.062  614.32620.67-.001210       X3/2   1       X3/2   0           16.5   Q 16.5e 17.5455443 4 4 8 3 1 3    34.0   36.0
 81 1870.707538 5.666E-23 9.446E-02.05350.062  614.32620.67-.001210       X3/2   1       X3/2   0           17.5   Q 16.5e 17.5455443 4 4 8 3 1 3    36.0   36.0
 81 1870.716365 7.616E-24 9.362E-03.05120.060  539.86570.60-.001400       X1/2   1       X1/2   0           16.5   Q 17.5e 16.5455323 4 4 8 3 1 3    34.0   34.0
 81 1870.717780 2.495E-26 3.067E-05.05120.060  539.86570.60-.001400       X1/2   1       X1/2   0           16.5   Q 17.5e 17.5455323 4 4 8 3 1 3    34.0   36.0
 81 1870.718313 2.658E-33 2.302E+01.04470.053 6961.97640.70-.001200       X3/2   4       X3/2   3                 RR 27.5e     4633231111 8 3 1 3   174.0  168.0
 81 1870.718544 2.495E-26 2.897E-05.05120.060  539.86570.60-.001400       X1/2   1       X1/2   0           17.5   Q 17.5e 16.5455323 4 4 8 3 1 3    36.0   34.0
 81 1870.719959 8.040E-24 9.334E-03.05120.060  539.86570.60-.001400       X1/2   1       X1/2   0           17.5   Q 17.5e 17.5455323 4 4 8 3 1 3    36.0   36.0
 81 1870.721272 2.495E-26 2.897E-05.05120.060  539.86570.60-.001400       X1/2   1       X1/2   0           17.5   Q 17.5e 18.5455323 4 4 8 3 1 3    36.0   38.0
 81 1870.722174 2.495E-26 2.744E-05.05120.060  539.86570.60-.001400       X1/2   1       X1/2   0           18.5   Q 17.5e 17.5455323 4 4 8 3 1 3    38.0   36.0
 81 1870.723020 1.023E-73 2.838E+01.01790.02226426.06950.70-.001200       X3/2   5       X3/2   4                 RR109.5e     0222231211 8 3 1 3   666.0  660.0
 81 1870.723487 8.515E-24 9.365E-03.05120.060  539.86570.60-.001400       X1/2   1       X1/2   0           18.5   Q 17.5e 18.5455323 4 4 8 3 1 3    38.0   38.0
 81 1870.723995 2.657E-33 2.302E+01.04470.053 6962.05410.70-.001200       X3/2   4       X3/2   3                 RR 27.5f     4633231111 8 3 1 3   174.0  168.0
 81 1870.733782 1.016E-73 2.837E+01.01790.02226427.42400.70-.001200       X3/2   5       X3/2   4                 RR109.5f     0222231211 8 3 1 3   666.0  660.0
 81 1870.755248 1.142E-73 2.838E+01.01800.03726405.30590.60-.002220       X1/2   5       X1/2   4                 RR110.5f     0222231211 8 3 1 3   672.0  666.0
 81 1870.755801 1.141E-73 2.837E+01.01800.03726405.41730.60-.002220       X1/2   5       X1/2   4                 RR110.5e     0222231211 8 3 1 3   672.0  666.0
 81 1870.852655 2.465E-82 2.283E+01.01590.01930491.47440.70-.001200       X3/2   4       X3/2   3                 RR125.5e     0222231211 8 3 1 3   762.0  756.0
 81 1870.856699 2.720E-82 2.282E+01.01610.03530472.77460.60-.002220       X1/2   4       X1/2   3                 RR126.5f     0222231211 8 3 1 3   768.0  762.0
 81 1870.858194 2.719E-82 2.282E+01.01610.03530472.85810.60-.002220       X1/2   4       X1/2   3                 RR126.5e     0222231211 8 3 1 3   768.0  762.0
 81 1870.864179 2.448E-82 2.283E+01.01590.01930492.88490.70-.001200       X3/2   4       X3/2   3                 RR125.5f     0222231211 8 3 1 3   762.0  756.0
 81 1870.950263 1.201E-23 1.050E-02.05180.060  481.55440.51-.001210       X1/2   1       X1/2   0           17.5   Q 16.5f 17.5455443 4 4 8 3 1 3    36.0   36.0
 81 1870.951605 3.933E-26 3.642E-05.05180.060  481.55440.51-.001210       X1/2   1       X1/2   0           16.5   Q 16.5f 17.5455443 4 4 8 3 1 3    34.0   36.0
 81 1870.952485 3.933E-26 3.440E-05.05180.060  481.55440.51-.001210       X1/2   1       X1/2   0           17.5   Q 16.5f 16.5455443 4 4 8 3 1 3    36.0   34.0
 81 1870.953827 1.130E-23 1.046E-02.05180.060  481.55440.51-.001210       X1/2   1       X1/2   0           16.5   Q 16.5f 16.5455443 4 4 8 3 1 3    34.0   34.0
 81 1870.955257 3.933E-26 3.870E-05.05180.060  481.55440.51-.001210       X1/2   1       X1/2   0           15.5   Q 16.5f 16.5455443 4 4 8 3 1 3    32.0   34.0
 81 1870.956000 3.933E-26 3.642E-05.05180.060  481.55440.51-.001210       X1/2   1       X1/2   0           16.5   Q 16.5f 15.5455443 4 4 8 3 1 3    34.0   32.0
 81 1870.957429 1.067E-23 1.050E-02.05180.060  481.55440.51-.001210       X1/2   1       X1/2   0           15.5   Q 16.5f 15.5455443 4 4 8 3 1 3    32.0   32.0
 81 1871.006386 4.327E-44 7.881E-03.04470.05610430.82730.60-.002220       X3/2   6       X1/2   5                 RQ 28.5f     3633231111 8 3 1 3   174.0  174.0
 81 1871.051213 2.901E-21 4.506E+00.06630.073    5.03370.79-.000570       X1/2   1       X1/2   0             .5   P  1.5f  1.5455443 4 4 8 3 1 3     2.0    4.0
 81 1871.053341 2.321E-21 3.605E+00.06630.073    5.03370.79-.000570       X1/2   1       X1/2   0             .5   P  1.5f   .5455443 4 4 8 3 1 3     2.0    2.0
 81 1871.054470 7.832E-21 6.082E+00.06630.073    5.03370.79-.000570       X1/2   1       X1/2   0            1.5   P  1.5f  2.5455443 4 4 8 3 1 3     4.0    6.0
 81 1871.058051 2.321E-21 1.802E+00.06630.073    5.03370.79-.000570       X1/2   1       X1/2   0            1.5   P  1.5f  1.5455443 4 4 8 3 1 3     4.0    4.0
 81 1871.060088 5.468E-89 1.725E+01.01480.03333605.84730.60-.002220       X1/2   3       X1/2   2                 RR138.5f     0222231211 8 3 1 3   840.0  834.0
 81 1871.060179 2.901E-22 2.253E-01.06630.073    5.03370.79-.000570       X1/2   1       X1/2   0            1.5   P  1.5f   .5455443 4 4 8 3 1 3     4.0    2.0
 81 1871.062604 5.467E-89 1.725E+01.01480.03333605.91450.60-.002220       X1/2   3       X1/2   2                 RR138.5e     0222231211 8 3 1 3   840.0  834.0
 81 1871.064521 2.901E-22 2.253E-01.06630.073    5.01000.79-.000570       X1/2   1       X1/2   0            1.5   P  1.5e   .5455443 4 4 8 3 1 3     4.0    2.0
 81 1871.065195 2.321E-21 3.605E+00.06630.073    5.01000.79-.000570       X1/2   1       X1/2   0             .5   P  1.5e   .5455443 4 4 8 3 1 3     2.0    2.0
 81 1871.065418 2.321E-21 1.802E+00.06630.073    5.01000.79-.000570       X1/2   1       X1/2   0            1.5   P  1.5e  1.5455443 4 4 8 3 1 3     4.0    4.0
 81 1871.066092 2.901E-21 4.505E+00.06630.073    5.01000.79-.000570       X1/2   1       X1/2   0             .5   P  1.5e  1.5455443 4 4 8 3 1 3     2.0    4.0
 81 1871.066829 7.833E-21 6.082E+00.06630.073    5.01000.79-.000570       X1/2   1       X1/2   0            1.5   P  1.5e  2.5455443 4 4 8 3 1 3     4.0    6.0
 81 1871.071750 4.987E-89 1.725E+01.01470.01833623.33440.70-.001200       X3/2   3       X3/2   2                 RR137.5e     0222231211 8 3 1 3   834.0  828.0
 81 1871.084165 4.952E-89 1.725E+01.01470.01833624.79060.70-.001200       X3/2   3       X3/2   2                 RR137.5f     0222231211 8 3 1 3   834.0  828.0
 81 1871.160527 1.013E-40 2.875E+01.03520.04210612.45470.70-.001200       X3/2   5       X3/2   4                 RR 43.5e     4622231111 8 3 1 3   270.0  264.0
 81 1871.168622 1.012E-40 2.876E+01.03520.04210612.68230.70-.001200       X3/2   5       X3/2   4                 RR 43.5f     4622231111 8 3 1 3   270.0  264.0
 81 1871.260004 7.953E-23 1.067E-01.05420.063  557.75690.74-.001760       X3/2   1       X3/2   0           16.5   Q 15.5f 16.5455443 4 4 8 3 1 3    34.0   34.0
 81 1871.260117 2.932E-25 3.934E-04.05420.063  557.75690.74-.001760       X3/2   1       X3/2   0           16.5   Q 15.5f 15.5455443 4 4 8 3 1 3    34.0   32.0
 81 1871.260175 2.932E-25 4.180E-04.05420.063  557.75690.74-.001760       X3/2   1       X3/2   0           15.5   Q 15.5f 16.5455443 4 4 8 3 1 3    32.0   34.0
 81 1871.260232 2.932E-25 4.180E-04.05420.063  557.75690.74-.001760       X3/2   1       X3/2   0           15.5   Q 15.5f 14.5455443 4 4 8 3 1 3    32.0   30.0
 81 1871.260287 7.454E-23 1.063E-01.05420.063  557.75690.74-.001760       X3/2   1       X3/2   0           15.5   Q 15.5f 15.5455443 4 4 8 3 1 3    32.0   32.0
 81 1871.260322 7.014E-23 1.067E-01.05420.063  557.75690.74-.001760       X3/2   1       X3/2   0           14.5   Q 15.5f 14.5455443 4 4 8 3 1 3    30.0   30.0
 81 1871.260376 2.932E-25 4.458E-04.05420.063  557.75690.74-.001760       X3/2   1       X3/2   0           14.5   Q 15.5f 15.5455443 4 4 8 3 1 3    30.0   32.0
 81 1871.296494 2.932E-25 4.180E-04.05420.063  557.73850.74-.001760       X3/2   1       X3/2   0           15.5   Q 15.5e 14.5455443 4 4 8 3 1 3    32.0   30.0
 81 1871.296548 7.015E-23 1.067E-01.05420.063  557.73850.74-.001760       X3/2   1       X3/2   0           14.5   Q 15.5e 14.5455443 4 4 8 3 1 3    30.0   30.0
 81 1871.296586 7.455E-23 1.063E-01.05420.063  557.73850.74-.001760       X3/2   1       X3/2   0           15.5   Q 15.5e 15.5455443 4 4 8 3 1 3    32.0   32.0
 81 1871.296640 2.932E-25 4.458E-04.05420.063  557.73850.74-.001760       X3/2   1       X3/2   0           14.5   Q 15.5e 15.5455443 4 4 8 3 1 3    30.0   32.0
 81 1871.296698 2.932E-25 3.934E-04.05420.063  557.73850.74-.001760       X3/2   1       X3/2   0           16.5   Q 15.5e 15.5455443 4 4 8 3 1 3    34.0   32.0
 81 1871.296759 2.932E-25 4.180E-04.05420.063  557.73850.74-.001760       X3/2   1       X3/2   0           15.5   Q 15.5e 16.5455443 4 4 8 3 1 3    32.0   34.0
 81 1871.296871 7.954E-23 1.067E-01.05420.063  557.73850.74-.001760       X3/2   1       X3/2   0           16.5   Q 15.5e 16.5455443 4 4 8 3 1 3    34.0   34.0
 81 1871.310404 1.068E-23 1.050E-02.05180.060  481.37430.51-.001210       X1/2   1       X1/2   0           15.5   Q 16.5e 15.5455443 4 4 8 3 1 3    32.0   32.0
 81 1871.311833 3.937E-26 3.872E-05.05180.060  481.37430.51-.001210       X1/2   1       X1/2   0           15.5   Q 16.5e 16.5455443 4 4 8 3 1 3    32.0   34.0
 81 1871.312576 3.937E-26 3.644E-05.05180.060  481.37430.51-.001210       X1/2   1       X1/2   0           16.5   Q 16.5e 15.5455443 4 4 8 3 1 3    34.0   32.0
 81 1871.314005 1.131E-23 1.047E-02.05180.060  481.37430.51-.001210       X1/2   1       X1/2   0           16.5   Q 16.5e 16.5455443 4 4 8 3 1 3    34.0   34.0
 81 1871.315343 3.937E-26 3.644E-05.05180.060  481.37430.51-.001210       X1/2   1       X1/2   0           16.5   Q 16.5e 17.5455443 4 4 8 3 1 3    34.0   36.0
 81 1871.316225 3.937E-26 3.442E-05.05180.060  481.37430.51-.001210       X1/2   1       X1/2   0           17.5   Q 16.5e 16.5455443 4 4 8 3 1 3    36.0   34.0
 81 1871.317564 1.202E-23 1.051E-02.05180.060  481.37430.51-.001210       X1/2   1       X1/2   0           17.5   Q 16.5e 17.5455443 4 4 8 3 1 3    36.0   36.0
 81 1871.347067 4.313E-44 7.848E-03.04470.05610430.56700.60-.002220       X3/2   6       X1/2   5                 RQ 28.5e     3633231111 8 3 1 3   174.0  174.0
 81 1871.350136 6.497E-32 8.712E-04.03950.054 4259.61730.60-.001280       X3/2   2       X1/2   1                 QP 37.5f     4632231111 8 3 1 3   222.0  228.0
 81 1871.355973 4.198E-35 3.830E-03.05320.061 5860.05990.72-.002070       X3/2   4       X1/2   3                 QP 13.5f     4654431111 8 3 1 3    78.0   84.0
 81 1871.474081 6.486E-32 8.687E-04.03950.054 4259.33640.60-.001280       X3/2   2       X1/2   1                 QP 37.5e     4632231111 8 3 1 3   222.0  228.0
 81 1871.477540 1.908E-60 1.166E-03.04000.05417835.53060.60-.002220       X3/2  10       X1/2   9                 SR 35.5f     3632231111 8 3 1 3   222.0  216.0
 81 1871.500294 4.191E-35 3.822E-03.05320.061 5859.90620.72-.002070       X3/2   4       X1/2   3                 QP 13.5e     4654431111 8 3 1 3    78.0   84.0
 81 1871.511459 9.337E-95 1.161E+01.01400.03236270.70330.60-.002220       X1/2   2       X1/2   1                 RR148.5f     0222231211 8 3 1 3   900.0  894.0
 81 1871.515100 9.334E-95 1.161E+01.01400.03236270.76000.60-.002220       X1/2   2       X1/2   1                 RR148.5e     0222231211 8 3 1 3   900.0  894.0
 81 1871.526314 1.674E-23 1.186E-02.05230.060  426.39350.63-.001190       X1/2   1       X1/2   0           16.5   Q 15.5f 16.5455443 4 4 8 3 1 3    34.0   34.0
 81 1871.527682 6.170E-26 4.646E-05.05230.060  426.39350.63-.001190       X1/2   1       X1/2   0           15.5   Q 15.5f 16.5455443 4 4 8 3 1 3    32.0   34.0
 81 1871.528543 6.170E-26 4.373E-05.05230.060  426.39350.63-.001190       X1/2   1       X1/2   0           16.5   Q 15.5f 15.5455443 4 4 8 3 1 3    34.0   32.0
 81 1871.529910 1.569E-23 1.181E-02.05230.060  426.39350.63-.001190       X1/2   1       X1/2   0           15.5   Q 15.5f 15.5455443 4 4 8 3 1 3    32.0   32.0
 81 1871.531353 6.169E-26 4.955E-05.05230.060  426.39350.63-.001190       X1/2   1       X1/2   0           14.5   Q 15.5f 15.5455443 4 4 8 3 1 3    30.0   32.0
 81 1871.532075 6.169E-26 4.645E-05.05230.060  426.39350.63-.001190       X1/2   1       X1/2   0           15.5   Q 15.5f 14.5455443 4 4 8 3 1 3    32.0   30.0
 81 1871.533517 1.476E-23 1.186E-02.05230.060  426.39350.63-.001190       X1/2   1       X1/2   0           14.5   Q 15.5f 14.5455443 4 4 8 3 1 3    30.0   30.0
 81 1871.533747 8.554E-95 1.161E+01.01380.01736287.35000.70-.001200       X3/2   2       X3/2   1                 RR147.5e     0222231211 8 3 1 3   894.0  888.0
 81 1871.547183 8.492E-95 1.161E+01.01380.01736288.84680.70-.001200       X3/2   2       X3/2   1                 RR147.5f     0222231211 8 3 1 3   894.0  888.0
 81 1871.559175 5.648E-39 3.277E-03.06170.066 7360.06110.69-.000880       X3/2   5       X1/2   4                 QP  3.5f     4654431111 8 3 1 3    18.0   24.0
 81 1871.606035 5.645E-39 3.275E-03.06170.066 7360.01420.69-.000880       X3/2   5       X1/2   4                 QP  3.5e     4654431111 8 3 1 3    18.0   24.0
 81 1871.633734 1.902E-60 1.161E-03.04000.05417835.23810.60-.002220       X3/2  10       X1/2   9                 SR 35.5e     3632231111 8 3 1 3   222.0  216.0
 81 1871.645198 3.262E-55 2.064E-03.04470.05615424.03630.60-.002220       X3/2   9       X1/2   8                 SR 27.5f     3633231111 8 3 1 3   174.0  168.0
 81 1871.672091 8.548E-28 1.726E+01.05120.060 4195.54570.60-.001400       X1/2   3       X1/2   2                 RR 16.5e     4653231111 8 3 1 3   108.0  102.0
 81 1871.673820 1.345E-76 1.365E-03.01920.03825731.89420.60-.002220       X3/2   6       X1/2   5                 RQ103.5e     0222231211 8 3 1 3   624.0  624.0
 81 1871.676003 1.279E-40 2.880E+01.03530.05110569.23860.60-.002220       X1/2   5       X1/2   4                 RR 44.5e     4622231111 8 3 1 3   276.0  270.0
 81 1871.678895 1.277E-40 2.880E+01.03530.05110569.53120.60-.002220       X1/2   5       X1/2   4                 RR 44.5f     4622231111 8 3 1 3   276.0  270.0
 81 1871.680544 8.541E-28 1.726E+01.05120.060 4195.72610.60-.001400       X1/2   3       X1/2   2                 RR 16.5f     4653231111 8 3 1 3   108.0  102.0
 81 1871.725415 4.399E-24 1.120E+01.05670.062 1955.47320.69-.000800       X1/2   2       X1/2   1            7.5   R  6.5e  6.5455443 3 3 8 3 1 3    16.0   14.0
 81 1871.725430 5.038E-24 1.140E+01.05670.062 1955.47320.69-.000800       X1/2   2       X1/2   1            8.5   R  6.5e  7.5455443 3 3 8 3 1 3    18.0   16.0
 81 1871.725435 3.839E-24 1.117E+01.05670.062 1955.47320.69-.000800       X1/2   2       X1/2   1            6.5   R  6.5e  5.5455443 3 3 8 3 1 3    14.0   12.0
 81 1871.726890 7.962E-26 2.316E-01.05670.062 1955.47320.69-.000800       X1/2   2       X1/2   1            6.5   R  6.5e  6.5455443 3 3 8 3 1 3    14.0   14.0
 81 1871.726986 7.962E-26 2.027E-01.05670.062 1955.47320.69-.000800       X1/2   2       X1/2   1            7.5   R  6.5e  7.5455443 3 3 8 3 1 3    16.0   16.0
 81 1871.728461 3.554E-28 1.034E-03.05670.062 1955.47320.69-.000800       X1/2   2       X1/2   1            6.5   R  6.5e  7.5455443 3 3 8 3 1 3    14.0   16.0
 81 1871.732011 3.553E-28 1.034E-03.05670.062 1955.55460.69-.000800       X1/2   2       X1/2   1            6.5   R  6.5f  7.5455443 3 3 8 3 1 3    14.0   16.0
 81 1871.734096 7.959E-26 2.027E-01.05670.062 1955.55460.69-.000800       X1/2   2       X1/2   1            7.5   R  6.5f  7.5455443 3 3 8 3 1 3    16.0   16.0
 81 1871.734395 7.959E-26 2.316E-01.05670.062 1955.55460.69-.000800       X1/2   2       X1/2   1            6.5   R  6.5f  6.5455443 3 3 8 3 1 3    14.0   14.0
 81 1871.736388 3.660E-33 2.312E+01.04410.056 6903.76410.60-.002220       X1/2   4       X1/2   3                 RR 28.5e     4633231111 8 3 1 3   180.0  174.0
 81 1871.736440 5.037E-24 1.140E+01.05670.062 1955.55460.69-.000800       X1/2   2       X1/2   1            8.5   R  6.5f  7.5455443 3 3 8 3 1 3    18.0   16.0
 81 1871.736472 3.837E-24 1.117E+01.05670.062 1955.55460.69-.000800       X1/2   2       X1/2   1            6.5   R  6.5f  5.5455443 3 3 8 3 1 3    14.0   12.0
 81 1871.736480 4.397E-24 1.120E+01.05670.062 1955.55460.69-.000800       X1/2   2       X1/2   1            7.5   R  6.5f  6.5455443 3 3 8 3 1 3    16.0   14.0
 81 1871.741852 3.655E-33 2.311E+01.04410.056 6904.02220.60-.002220       X1/2   4       X1/2   3                 RR 28.5f     4633231111 8 3 1 3   180.0  174.0
 81 1871.820034 1.103E-22 1.215E-01.05480.063  504.57700.83-.001560       X3/2   1       X3/2   0           15.5   Q 14.5f 15.5455443 4 4 8 3 1 3    32.0   32.0
 81 1871.820161 4.610E-25 5.416E-04.05480.063  504.57700.83-.001560       X3/2   1       X3/2   0           14.5   Q 14.5f 15.5455443 4 4 8 3 1 3    30.0   32.0
 81 1871.820166 4.610E-25 5.078E-04.05480.063  504.57700.83-.001560       X3/2   1       X3/2   0           15.5   Q 14.5f 14.5455443 4 4 8 3 1 3    32.0   30.0
 81 1871.820263 4.609E-25 5.415E-04.05480.063  504.57700.83-.001560       X3/2   1       X3/2   0           14.5   Q 14.5f 13.5455443 4 4 8 3 1 3    30.0   28.0
 81 1871.820293 1.029E-22 1.209E-01.05480.063  504.57700.83-.001560       X3/2   1       X3/2   0           14.5   Q 14.5f 14.5455443 4 4 8 3 1 3    30.0   30.0
 81 1871.820317 9.644E-23 1.214E-01.05480.063  504.57700.83-.001560       X3/2   1       X3/2   0           13.5   Q 14.5f 13.5455443 4 4 8 3 1 3    28.0   28.0
 81 1871.820347 4.609E-25 5.802E-04.05480.063  504.57700.83-.001560       X3/2   1       X3/2   0           13.5   Q 14.5f 14.5455443 4 4 8 3 1 3    28.0   30.0
 81 1871.827576 3.253E-55 2.056E-03.04470.05615423.77800.60-.002220       X3/2   9       X1/2   8                 SR 27.5e     3633231111 8 3 1 3   174.0  168.0
 81 1871.850497 4.609E-25 5.415E-04.05480.063  504.56160.83-.001560       X3/2   1       X3/2   0           14.5   Q 14.5e 13.5455443 4 4 8 3 1 3    30.0   28.0
 81 1871.850526 9.645E-23 1.214E-01.05480.063  504.56160.83-.001560       X3/2   1       X3/2   0           13.5   Q 14.5e 13.5455443 4 4 8 3 1 3    28.0   28.0
 81 1871.850553 1.029E-22 1.209E-01.05480.063  504.56160.83-.001560       X3/2   1       X3/2   0           14.5   Q 14.5e 14.5455443 4 4 8 3 1 3    30.0   30.0
 81 1871.850582 4.609E-25 5.802E-04.05480.063  504.56160.83-.001560       X3/2   1       X3/2   0           13.5   Q 14.5e 14.5455443 4 4 8 3 1 3    28.0   30.0
 81 1871.850682 4.610E-25 5.416E-04.05480.063  504.56160.83-.001560       X3/2   1       X3/2   0           14.5   Q 14.5e 15.5455443 4 4 8 3 1 3    30.0   32.0
 81 1871.850684 4.610E-25 5.078E-04.05480.063  504.56160.83-.001560       X3/2   1       X3/2   0           15.5   Q 14.5e 14.5455443 4 4 8 3 1 3    32.0   30.0
 81 1871.850814 1.103E-22 1.215E-01.05480.063  504.56160.83-.001560       X3/2   1       X3/2   0           15.5   Q 14.5e 15.5455443 4 4 8 3 1 3    32.0   32.0
 81 1871.869405 1.478E-23 1.187E-02.05230.060  426.22190.63-.001190       X1/2   1       X1/2   0           14.5   Q 15.5e 14.5455443 4 4 8 3 1 3    30.0   30.0
 81 1871.870846 6.176E-26 4.958E-05.05230.060  426.22190.63-.001190       X1/2   1       X1/2   0           14.5   Q 15.5e 15.5455443 4 4 8 3 1 3    30.0   32.0
 81 1871.871569 6.176E-26 4.648E-05.05230.060  426.22190.63-.001190       X1/2   1       X1/2   0           15.5   Q 15.5e 14.5455443 4 4 8 3 1 3    32.0   30.0
 81 1871.873011 1.570E-23 1.182E-02.05230.060  426.22190.63-.001190       X1/2   1       X1/2   0           15.5   Q 15.5e 15.5455443 4 4 8 3 1 3    32.0   32.0
 81 1871.874374 6.176E-26 4.648E-05.05230.060  426.22190.63-.001190       X1/2   1       X1/2   0           15.5   Q 15.5e 16.5455443 4 4 8 3 1 3    32.0   34.0
 81 1871.875238 6.176E-26 4.375E-05.05230.060  426.22190.63-.001190       X1/2   1       X1/2   0           16.5   Q 15.5e 15.5455443 4 4 8 3 1 3    34.0   32.0
 81 1871.876601 1.675E-23 1.187E-02.05230.060  426.22190.63-.001190       X1/2   1       X1/2   0           16.5   Q 15.5e 16.5455443 4 4 8 3 1 3    34.0   34.0
 81 1871.905283 2.770E-44 7.683E-03.04410.05610524.13910.60-.002220       X3/2   6       X1/2   5                 RQ 29.5f     3633231111 8 3 1 3   180.0  180.0
 81 1871.933880 6.084E-76 1.402E-03.01940.03825424.84810.60-.002220       X3/2   6       X1/2   5                 RQ102.5f     0222231211 8 3 1 3   618.0  618.0
 81 1872.010482 4.197E-32 2.637E-04.03350.050 4161.28250.60-.001280       X3/2   1       X1/2   0                 QP 49.5e     4622231111 8 3 1 3   294.0  300.0
 81 1872.042423 4.201E-32 2.643E-04.03350.050 4161.55460.60-.001280       X3/2   1       X1/2   0                 QP 49.5f     4622231111 8 3 1 3   294.0  300.0
 81 1872.068037 2.305E-23 1.350E-02.05280.061  374.57210.63-.000570       X1/2   1       X1/2   0           15.5   Q 14.5f 15.5455443 4 4 8 3 1 3    32.0   32.0
 81 1872.069430 9.636E-26 6.020E-05.05280.061  374.57210.63-.000570       X1/2   1       X1/2   0           14.5   Q 14.5f 15.5455443 4 4 8 3 1 3    30.0   32.0
 81 1872.070273 9.636E-26 5.644E-05.05280.061  374.57210.63-.000570       X1/2   1       X1/2   0           15.5   Q 14.5f 14.5455443 4 4 8 3 1 3    32.0   30.0
 81 1872.071666 2.151E-23 1.344E-02.05280.061  374.57210.63-.000570       X1/2   1       X1/2   0           14.5   Q 14.5f 14.5455443 4 4 8 3 1 3    30.0   30.0
 81 1872.073120 9.635E-26 6.449E-05.05280.061  374.57210.63-.000570       X1/2   1       X1/2   0           13.5   Q 14.5f 14.5455443 4 4 8 3 1 3    28.0   30.0
 81 1872.073822 9.635E-26 6.019E-05.05280.061  374.57210.63-.000570       X1/2   1       X1/2   0           14.5   Q 14.5f 13.5455443 4 4 8 3 1 3    30.0   28.0
 81 1872.075277 2.016E-23 1.349E-02.05280.061  374.57210.63-.000570       X1/2   1       X1/2   0           13.5   Q 14.5f 13.5455443 4 4 8 3 1 3    28.0   28.0
 81 1872.148602 1.896E-28 9.977E-04.05920.066 2077.30030.67-.001060       X3/2   2       X3/2   1            6.5   R  6.5e  7.5455443 3 3 8 3 1 3    14.0   16.0
 81 1872.148896 4.248E-26 1.956E-01.05920.066 2077.30030.67-.001060       X3/2   2       X3/2   1            7.5   R  6.5e  7.5455443 3 3 8 3 1 3    16.0   16.0
 81 1872.149016 4.248E-26 2.235E-01.05920.066 2077.30030.67-.001060       X3/2   2       X3/2   1            6.5   R  6.5e  6.5455443 3 3 8 3 1 3    14.0   14.0
 81 1872.149208 2.688E-24 1.100E+01.05920.066 2077.30030.67-.001060       X3/2   2       X3/2   1            8.5   R  6.5e  7.5455443 3 3 8 3 1 3    18.0   16.0
 81 1872.149287 1.896E-28 9.977E-04.05920.066 2077.30200.67-.001060       X3/2   2       X3/2   1            6.5   R  6.5f  7.5455443 3 3 8 3 1 3    14.0   16.0
 81 1872.149311 2.347E-24 1.081E+01.05920.066 2077.30030.67-.001060       X3/2   2       X3/2   1            7.5   R  6.5e  6.5455443 3 3 8 3 1 3    16.0   14.0
 81 1872.149389 2.048E-24 1.078E+01.05920.066 2077.30030.67-.001060       X3/2   2       X3/2   1            6.5   R  6.5e  5.5455443 3 3 8 3 1 3    14.0   12.0
 81 1872.149556 4.248E-26 1.956E-01.05920.066 2077.30200.67-.001060       X3/2   2       X3/2   1            7.5   R  6.5f  7.5455443 3 3 8 3 1 3    16.0   16.0
 81 1872.149790 4.248E-26 2.235E-01.05920.066 2077.30200.67-.001060       X3/2   2       X3/2   1            6.5   R  6.5f  6.5455443 3 3 8 3 1 3    14.0   14.0
 81 1872.149973 2.688E-24 1.100E+01.05920.066 2077.30200.67-.001060       X3/2   2       X3/2   1            8.5   R  6.5f  7.5455443 3 3 8 3 1 3    18.0   16.0
 81 1872.150059 2.347E-24 1.081E+01.05920.066 2077.30200.67-.001060       X3/2   2       X3/2   1            7.5   R  6.5f  6.5455443 3 3 8 3 1 3    16.0   14.0
 81 1872.150136 2.048E-24 1.078E+01.05920.066 2077.30200.67-.001060       X3/2   2       X3/2   1            6.5   R  6.5f  5.5455443 3 3 8 3 1 3    14.0   12.0
 81 1872.257654 2.761E-44 7.651E-03.04410.05610523.87430.60-.002220       X3/2   6       X1/2   5                 RQ 29.5e     3633231111 8 3 1 3   180.0  180.0
 81 1872.343989 1.511E-22 1.395E-01.05550.064  454.81160.66-.001370       X3/2   1       X3/2   0           14.5   Q 13.5f 14.5455443 4 4 8 3 1 3    30.0   30.0
 81 1872.344069 7.223E-25 7.143E-04.05550.064  454.81160.66-.001370       X3/2   1       X3/2   0           13.5   Q 13.5f 14.5455443 4 4 8 3 1 3    28.0   30.0
 81 1872.344144 7.223E-25 6.667E-04.05550.064  454.81160.66-.001370       X3/2   1       X3/2   0           14.5   Q 13.5f 13.5455443 4 4 8 3 1 3    30.0   28.0
 81 1872.344221 7.222E-25 7.142E-04.05550.064  454.81160.66-.001370       X3/2   1       X3/2   0           13.5   Q 13.5f 12.5455443 4 4 8 3 1 3    28.0   26.0
 81 1872.344224 1.403E-22 1.387E-01.05550.064  454.81160.66-.001370       X3/2   1       X3/2   0           13.5   Q 13.5f 13.5455443 4 4 8 3 1 3    28.0   28.0
 81 1872.344237 1.309E-22 1.394E-01.05550.064  454.81160.66-.001370       X3/2   1       X3/2   0           12.5   Q 13.5f 12.5455443 4 4 8 3 1 3    26.0   26.0
 81 1872.344240 7.222E-25 7.691E-04.05550.064  454.81160.66-.001370       X3/2   1       X3/2   0           12.5   Q 13.5f 13.5455443 4 4 8 3 1 3    26.0   28.0
 81 1872.346570 5.001E-73 2.847E+01.01800.02226098.08280.70-.001200       X3/2   5       X3/2   4                 RR108.5e     0222231211 8 3 1 3   660.0  654.0
 81 1872.355098 2.502E-66 5.732E-04.03530.05120520.57660.60-.002220       X3/2  11       X1/2  10                 SR 44.5f     2622231111 8 3 1 3   276.0  270.0
 81 1872.357315 4.968E-73 2.847E+01.01800.02226099.43500.70-.001200       X3/2   5       X3/2   4                 RR108.5f     0222231211 8 3 1 3   660.0  654.0
 81 1872.369075 7.222E-25 7.142E-04.05550.064  454.79900.66-.001370       X3/2   1       X3/2   0           13.5   Q 13.5e 12.5455443 4 4 8 3 1 3    28.0   26.0
 81 1872.369077 1.309E-22 1.394E-01.05550.064  454.79900.66-.001370       X3/2   1       X3/2   0           12.5   Q 13.5e 12.5455443 4 4 8 3 1 3    26.0   26.0
 81 1872.369093 1.403E-22 1.387E-01.05550.064  454.79900.66-.001370       X3/2   1       X3/2   0           13.5   Q 13.5e 13.5455443 4 4 8 3 1 3    28.0   28.0
 81 1872.369095 7.222E-25 7.691E-04.05550.064  454.79900.66-.001370       X3/2   1       X3/2   0           12.5   Q 13.5e 13.5455443 4 4 8 3 1 3    26.0   28.0
 81 1872.369176 7.224E-25 7.144E-04.05550.064  454.79900.66-.001370       X3/2   1       X3/2   0           13.5   Q 13.5e 14.5455443 4 4 8 3 1 3    28.0   30.0
 81 1872.369248 7.224E-25 6.668E-04.05550.064  454.79900.66-.001370       X3/2   1       X3/2   0           14.5   Q 13.5e 13.5455443 4 4 8 3 1 3    30.0   28.0
 81 1872.369331 1.512E-22 1.396E-01.05550.064  454.79900.66-.001370       X3/2   1       X3/2   0           14.5   Q 13.5e 14.5455443 4 4 8 3 1 3    30.0   30.0
 81 1872.380722 5.586E-73 2.847E+01.01820.03726077.17560.60-.002220       X1/2   5       X1/2   4                 RR109.5f     0222231211 8 3 1 3   666.0  660.0
 81 1872.381247 5.583E-73 2.847E+01.01820.03726077.28980.60-.002220       X1/2   5       X1/2   4                 RR109.5e     0222231211 8 3 1 3   666.0  660.0
 81 1872.393413 2.018E-23 1.350E-02.05280.061  374.40930.63-.000570       X1/2   1       X1/2   0           13.5   Q 14.5e 13.5455443 4 4 8 3 1 3    28.0   28.0
 81 1872.394867 9.644E-26 6.452E-05.05280.061  374.40930.63-.000570       X1/2   1       X1/2   0           13.5   Q 14.5e 14.5455443 4 4 8 3 1 3    28.0   30.0
 81 1872.395569 9.644E-26 6.022E-05.05280.061  374.40930.63-.000570       X1/2   1       X1/2   0           14.5   Q 14.5e 13.5455443 4 4 8 3 1 3    30.0   28.0
 81 1872.397023 2.153E-23 1.344E-02.05280.061  374.40930.63-.000570       X1/2   1       X1/2   0           14.5   Q 14.5e 14.5455443 4 4 8 3 1 3    30.0   30.0
 81 1872.398412 9.646E-26 6.023E-05.05280.061  374.40930.63-.000570       X1/2   1       X1/2   0           14.5   Q 14.5e 15.5455443 4 4 8 3 1 3    30.0   32.0
 81 1872.399257 9.646E-26 5.647E-05.05280.061  374.40930.63-.000570       X1/2   1       X1/2   0           15.5   Q 14.5e 14.5455443 4 4 8 3 1 3    32.0   30.0
 81 1872.400646 2.308E-23 1.351E-02.05280.061  374.40930.63-.000570       X1/2   1       X1/2   0           15.5   Q 14.5e 15.5455443 4 4 8 3 1 3    32.0   32.0
 81 1872.442655 2.492E-66 5.701E-04.03530.05120520.26530.60-.002220       X3/2  11       X1/2  10                 SR 44.5e     2622231111 8 3 1 3   276.0  270.0
 81 1872.517102 9.981E-33 2.192E-03.04720.058 4745.50250.60-.001280       X3/2   3       X1/2   2                 QP 24.5f     4643231111 8 3 1 3   144.0  150.0
 81 1872.575465 3.140E-23 1.551E-02.05320.061  326.09110.72-.001150       X1/2   1       X1/2   0           14.5   Q 13.5f 14.5455443 4 4 8 3 1 3    30.0   30.0
 81 1872.576883 1.501E-25 7.942E-05.05320.061  326.09110.72-.001150       X1/2   1       X1/2   0           13.5   Q 13.5f 14.5455443 4 4 8 3 1 3    28.0   30.0
 81 1872.577709 1.501E-25 7.412E-05.05320.061  326.09110.72-.001150       X1/2   1       X1/2   0           14.5   Q 13.5f 13.5455443 4 4 8 3 1 3    30.0   28.0
 81 1872.579126 2.915E-23 1.542E-02.05320.061  326.09110.72-.001150       X1/2   1       X1/2   0           13.5   Q 13.5f 13.5455443 4 4 8 3 1 3    28.0   28.0
 81 1872.580591 1.500E-25 8.547E-05.05320.061  326.09110.72-.001150       X1/2   1       X1/2   0           12.5   Q 13.5f 13.5455443 4 4 8 3 1 3    26.0   28.0
 81 1872.581274 1.500E-25 7.937E-05.05320.061  326.09110.72-.001150       X1/2   1       X1/2   0           13.5   Q 13.5f 12.5455443 4 4 8 3 1 3    28.0   26.0
 81 1872.582739 2.719E-23 1.549E-02.05320.061  326.09110.72-.001150       X1/2   1       X1/2   0           12.5   Q 13.5f 12.5455443 4 4 8 3 1 3    26.0   26.0
 81 1872.632997 4.476E-28 1.719E+01.05280.062 4327.59380.70-.001180       X3/2   3       X3/2   2                 RR 16.5e     4653231111 8 3 1 3   108.0  102.0
 81 1872.636098 4.476E-28 1.719E+01.05280.062 4327.61470.70-.001180       X3/2   3       X3/2   2                 RR 16.5f     4653231111 8 3 1 3   108.0  102.0
 81 1872.647048 5.149E-41 2.882E+01.03470.04210756.37690.70-.001200       X3/2   5       X3/2   4                 RR 44.5e     4622231111 8 3 1 3   276.0  270.0
 81 1872.655254 5.143E-41 2.882E+01.03470.04210756.61640.70-.001200       X3/2   5       X3/2   4                 RR 44.5f     4622231111 8 3 1 3   276.0  270.0
 81 1872.690730 4.330E-42 7.128E-03.05870.063 9138.08590.70-.000440       X3/2   6       X1/2   5                 SR  4.5f     3654431111 8 3 1 3    36.0   30.0
 81 1872.701878 9.961E-33 2.185E-03.04720.058 4745.26550.60-.001280       X3/2   3       X1/2   2                 QP 24.5e     4643231111 8 3 1 3   144.0  150.0
 81 1872.748249 4.327E-42 7.121E-03.05870.063 9138.02750.70-.000440       X3/2   6       X1/2   5                 SR  4.5e     3654431111 8 3 1 3    36.0   30.0
 81 1872.805250 1.745E-44 7.493E-03.04350.05610620.58780.60-.002220       X3/2   6       X1/2   5                 RQ 30.5f     3633231111 8 3 1 3   186.0  186.0
 81 1872.831849 2.049E-22 1.618E-01.05610.065  408.46380.68-.001020       X3/2   1       X3/2   0           13.5   Q 12.5f 13.5455443 4 4 8 3 1 3    28.0   28.0
 81 1872.831879 1.130E-24 9.612E-04.05610.065  408.46380.68-.001020       X3/2   1       X3/2   0           12.5   Q 12.5f 13.5455443 4 4 8 3 1 3    26.0   28.0
 81 1872.832031 1.130E-24 8.925E-04.05610.065  408.46380.68-.001020       X3/2   1       X3/2   0           13.5   Q 12.5f 12.5455443 4 4 8 3 1 3    28.0   26.0
 81 1872.832036 1.130E-24 1.041E-03.05610.065  408.46380.68-.001020       X3/2   1       X3/2   0           11.5   Q 12.5f 12.5455443 4 4 8 3 1 3    24.0   26.0
 81 1872.832061 1.890E-22 1.608E-01.05610.065  408.46380.68-.001020       X3/2   1       X3/2   0           12.5   Q 12.5f 12.5455443 4 4 8 3 1 3    26.0   26.0
 81 1872.832065 1.755E-22 1.617E-01.05610.065  408.46380.68-.001020       X3/2   1       X3/2   0           11.5   Q 12.5f 11.5455443 4 4 8 3 1 3    24.0   24.0
 81 1872.832089 1.130E-24 9.612E-04.05610.065  408.46380.68-.001020       X3/2   1       X3/2   0           12.5   Q 12.5f 11.5455443 4 4 8 3 1 3    26.0   24.0
 81 1872.852140 1.130E-24 1.041E-03.05610.065  408.45360.68-.001020       X3/2   1       X3/2   0           11.5   Q 12.5e 12.5455443 4 4 8 3 1 3    24.0   26.0
 81 1872.852163 1.755E-22 1.617E-01.05610.065  408.45360.68-.001020       X3/2   1       X3/2   0           11.5   Q 12.5e 11.5455443 4 4 8 3 1 3    24.0   24.0
 81 1872.852169 1.891E-22 1.608E-01.05610.065  408.45360.68-.001020       X3/2   1       X3/2   0           12.5   Q 12.5e 12.5455443 4 4 8 3 1 3    26.0   26.0
 81 1872.852192 1.130E-24 9.612E-04.05610.065  408.45360.68-.001020       X3/2   1       X3/2   0           12.5   Q 12.5e 11.5455443 4 4 8 3 1 3    26.0   24.0
 81 1872.852202 1.130E-24 9.612E-04.05610.065  408.45360.68-.001020       X3/2   1       X3/2   0           12.5   Q 12.5e 13.5455443 4 4 8 3 1 3    26.0   28.0
 81 1872.852351 1.130E-24 8.925E-04.05610.065  408.45360.68-.001020       X3/2   1       X3/2   0           13.5   Q 12.5e 12.5455443 4 4 8 3 1 3    28.0   26.0
 81 1872.852383 2.049E-22 1.618E-01.05610.065  408.45360.68-.001020       X3/2   1       X3/2   0           13.5   Q 12.5e 13.5455443 4 4 8 3 1 3    28.0   28.0
 81 1872.882477 2.722E-23 1.550E-02.05320.061  325.93750.72-.001150       X1/2   1       X1/2   0           12.5   Q 13.5e 12.5455443 4 4 8 3 1 3    26.0   26.0
 81 1872.883942 1.502E-25 8.555E-05.05320.061  325.93750.72-.001150       X1/2   1       X1/2   0           12.5   Q 13.5e 13.5455443 4 4 8 3 1 3    26.0   28.0
 81 1872.884624 1.502E-25 7.944E-05.05320.061  325.93750.72-.001150       X1/2   1       X1/2   0           13.5   Q 13.5e 12.5455443 4 4 8 3 1 3    28.0   26.0
 81 1872.886089 2.917E-23 1.543E-02.05320.061  325.93750.72-.001150       X1/2   1       X1/2   0           13.5   Q 13.5e 13.5455443 4 4 8 3 1 3    28.0   28.0
 81 1872.887503 1.502E-25 7.944E-05.05320.061  325.93750.72-.001150       X1/2   1       X1/2   0           13.5   Q 13.5e 14.5455443 4 4 8 3 1 3    28.0   30.0
 81 1872.888331 1.502E-25 7.414E-05.05320.061  325.93750.72-.001150       X1/2   1       X1/2   0           14.5   Q 13.5e 13.5455443 4 4 8 3 1 3    30.0   28.0
 81 1872.889745 3.143E-23 1.551E-02.05320.061  325.93750.72-.001150       X1/2   1       X1/2   0           14.5   Q 13.5e 14.5455443 4 4 8 3 1 3    30.0   30.0
 81 1872.907491 1.744E-33 2.313E+01.04400.052 7056.12820.70-.001200       X3/2   4       X3/2   3                 RR 28.5e     4633231111 8 3 1 3   180.0  174.0
 81 1872.913380 1.743E-33 2.313E+01.04400.052 7056.21320.70-.001200       X3/2   4       X3/2   3                 RR 28.5f     4633231111 8 3 1 3   180.0  174.0
 81 1872.963144 5.051E-46 4.929E-03.05320.06111099.63120.72-.001150       X3/2   7       X1/2   6                 SR 12.5f     3654431111 8 3 1 3    84.0   78.0
 81 1873.048628 4.232E-23 1.799E-02.05370.061  280.95120.67-.000510       X1/2   1       X1/2   0           13.5   Q 12.5f 13.5455443 4 4 8 3 1 3    28.0   28.0
 81 1873.050070 2.335E-25 1.069E-04.05370.061  280.95120.67-.000510       X1/2   1       X1/2   0           12.5   Q 12.5f 13.5455443 4 4 8 3 1 3    26.0   28.0
 81 1873.050881 2.335E-25 9.926E-05.05370.061  280.95120.67-.000510       X1/2   1       X1/2   0           13.5   Q 12.5f 12.5455443 4 4 8 3 1 3    28.0   26.0
 81 1873.052323 3.904E-23 1.787E-02.05370.061  280.95120.67-.000510       X1/2   1       X1/2   0           12.5   Q 12.5f 12.5455443 4 4 8 3 1 3    26.0   26.0
 81 1873.053797 2.334E-25 1.158E-04.05370.061  280.95120.67-.000510       X1/2   1       X1/2   0           11.5   Q 12.5f 12.5455443 4 4 8 3 1 3    24.0   26.0
 81 1873.054462 2.334E-25 1.068E-04.05370.061  280.95120.67-.000510       X1/2   1       X1/2   0           12.5   Q 12.5f 11.5455443 4 4 8 3 1 3    26.0   24.0
 81 1873.055935 3.624E-23 1.797E-02.05370.061  280.95120.67-.000510       X1/2   1       X1/2   0           11.5   Q 12.5f 11.5455443 4 4 8 3 1 3    24.0   24.0
 81 1873.096363 5.043E-46 4.919E-03.05320.06111099.48710.72-.001150       X3/2   7       X1/2   6                 SR 12.5e     3654431111 8 3 1 3    84.0   78.0
 81 1873.137682 6.035E-76 1.393E-03.01940.03825424.96610.60-.002220       X3/2   6       X1/2   5                 RQ102.5e     0222231211 8 3 1 3   618.0  618.0
 81 1873.141691 6.474E-41 2.886E+01.03490.05110713.87140.60-.002220       X1/2   5       X1/2   4                 RR 45.5e     4622231111 8 3 1 3   282.0  276.0
 81 1873.144463 6.465E-41 2.887E+01.03490.05110714.16370.60-.002220       X1/2   5       X1/2   4                 RR 45.5f     4622231111 8 3 1 3   282.0  276.0
 81 1873.169310 1.738E-44 7.456E-03.04350.05610620.31890.60-.002220       X3/2   6       X1/2   5                 RQ 30.5e     3633231111 8 3 1 3   186.0  186.0
 81 1873.283574 1.771E-24 1.325E-03.05670.065  365.53660.71-.001190       X3/2   1       X3/2   0           11.5   Q 11.5f 12.5455443 4 4 8 3 1 3    24.0   26.0
 81 1873.283597 2.750E-22 1.900E-01.05670.065  365.53660.71-.001190       X3/2   1       X3/2   0           12.5   Q 11.5f 12.5455443 4 4 8 3 1 3    26.0   26.0
 81 1873.283719 1.771E-24 1.446E-03.05670.065  365.53660.71-.001190       X3/2   1       X3/2   0           10.5   Q 11.5f 11.5455443 4 4 8 3 1 3    22.0   24.0
 81 1873.283782 2.324E-22 1.897E-01.05670.065  365.53660.71-.001190       X3/2   1       X3/2   0           10.5   Q 11.5f 10.5455443 4 4 8 3 1 3    22.0   22.0
 81 1873.283786 2.519E-22 1.885E-01.05670.065  365.53660.71-.001190       X3/2   1       X3/2   0           11.5   Q 11.5f 11.5455443 4 4 8 3 1 3    24.0   24.0
 81 1873.283810 1.771E-24 1.223E-03.05670.065  365.53660.71-.001190       X3/2   1       X3/2   0           12.5   Q 11.5f 11.5455443 4 4 8 3 1 3    26.0   24.0
 81 1873.283850 1.771E-24 1.325E-03.05670.065  365.53660.71-.001190       X3/2   1       X3/2   0           11.5   Q 11.5f 10.5455443 4 4 8 3 1 3    24.0   22.0
 81 1873.299676 1.771E-24 1.446E-03.05670.065  365.52850.71-.001190       X3/2   1       X3/2   0           10.5   Q 11.5e 11.5455443 4 4 8 3 1 3    22.0   24.0
 81 1873.299719 1.771E-24 1.325E-03.05670.065  365.52850.71-.001190       X3/2   1       X3/2   0           11.5   Q 11.5e 12.5455443 4 4 8 3 1 3    24.0   26.0
 81 1873.299740 2.519E-22 1.885E-01.05670.065  365.52850.71-.001190       X3/2   1       X3/2   0           11.5   Q 11.5e 11.5455443 4 4 8 3 1 3    24.0   24.0
 81 1873.299742 2.324E-22 1.897E-01.05670.065  365.52850.71-.001190       X3/2   1       X3/2   0           10.5   Q 11.5e 10.5455443 4 4 8 3 1 3    22.0   22.0
 81 1873.299806 1.771E-24 1.325E-03.05670.065  365.52850.71-.001190       X3/2   1       X3/2   0           11.5   Q 11.5e 10.5455443 4 4 8 3 1 3    24.0   22.0
 81 1873.299932 2.750E-22 1.900E-01.05670.065  365.52850.71-.001190       X3/2   1       X3/2   0           12.5   Q 11.5e 12.5455443 4 4 8 3 1 3    26.0   26.0
 81 1873.299953 1.771E-24 1.223E-03.05670.065  365.52850.71-.001190       X3/2   1       X3/2   0           12.5   Q 11.5e 11.5455443 4 4 8 3 1 3    26.0   24.0
 81 1873.310139 1.479E-81 2.295E+01.01600.02030121.74550.70-.001200       X3/2   4       X3/2   3                 RR124.5e     0222231211 8 3 1 3   756.0  750.0
 81 1873.315439 1.633E-81 2.294E+01.01620.03530102.94080.60-.002220       X1/2   4       X1/2   3                 RR125.5f     0222231211 8 3 1 3   762.0  756.0
 81 1873.316894 1.632E-81 2.294E+01.01620.03530103.02700.60-.002220       X1/2   4       X1/2   3                 RR125.5e     0222231211 8 3 1 3   762.0  756.0
 81 1873.321636 1.468E-81 2.293E+01.01600.02030123.15370.70-.001200       X3/2   4       X3/2   3                 RR124.5f     0222231211 8 3 1 3   756.0  750.0
 81 1873.336646 3.627E-23 1.798E-02.05370.061  280.80700.67-.000510       X1/2   1       X1/2   0           11.5   Q 12.5e 11.5455443 4 4 8 3 1 3    24.0   24.0
 81 1873.338120 2.336E-25 1.158E-04.05370.061  280.80700.67-.000510       X1/2   1       X1/2   0           11.5   Q 12.5e 12.5455443 4 4 8 3 1 3    24.0   26.0
 81 1873.338784 2.336E-25 1.069E-04.05370.061  280.80700.67-.000510       X1/2   1       X1/2   0           12.5   Q 12.5e 11.5455443 4 4 8 3 1 3    26.0   24.0
 81 1873.340258 3.908E-23 1.788E-02.05370.061  280.80700.67-.000510       X1/2   1       X1/2   0           12.5   Q 12.5e 12.5455443 4 4 8 3 1 3    26.0   26.0
 81 1873.341696 2.337E-25 1.069E-04.05370.061  280.80700.67-.000510       X1/2   1       X1/2   0           12.5   Q 12.5e 13.5455443 4 4 8 3 1 3    26.0   28.0
 81 1873.342509 2.337E-25 9.930E-05.05370.061  280.80700.67-.000510       X1/2   1       X1/2   0           13.5   Q 12.5e 12.5455443 4 4 8 3 1 3    28.0   26.0
 81 1873.343948 4.235E-23 1.800E-02.05370.061  280.80700.67-.000510       X1/2   1       X1/2   0           13.5   Q 12.5e 13.5455443 4 4 8 3 1 3    28.0   28.0
 81 1873.359976 2.697E-75 1.431E-03.01950.03925120.42550.60-.002220       X3/2   6       X1/2   5                 RQ101.5f     0222231211 8 3 1 3   612.0  612.0
 81 1873.487554 5.648E-23 2.111E-02.05420.061  239.15280.70-.000160       X1/2   1       X1/2   0           12.5   Q 11.5f 12.5455443 4 4 8 3 1 3    26.0   26.0
 81 1873.489020 3.638E-25 1.473E-04.05420.061  239.15280.70-.000160       X1/2   1       X1/2   0           11.5   Q 11.5f 12.5455443 4 4 8 3 1 3    24.0   26.0
 81 1873.489818 3.638E-25 1.360E-04.05420.061  239.15280.70-.000160       X1/2   1       X1/2   0           12.5   Q 11.5f 11.5455443 4 4 8 3 1 3    26.0   24.0
 81 1873.491285 5.174E-23 2.095E-02.05420.061  239.15280.70-.000160       X1/2   1       X1/2   0           11.5   Q 11.5f 11.5455443 4 4 8 3 1 3    24.0   24.0
 81 1873.492766 3.637E-25 1.607E-04.05420.061  239.15280.70-.000160       X1/2   1       X1/2   0           10.5   Q 11.5f 11.5455443 4 4 8 3 1 3    22.0   24.0
 81 1873.493413 3.637E-25 1.473E-04.05420.061  239.15280.70-.000160       X1/2   1       X1/2   0           11.5   Q 11.5f 10.5455443 4 4 8 3 1 3    24.0   22.0
 81 1873.494894 4.773E-23 2.108E-02.05420.061  239.15280.70-.000160       X1/2   1       X1/2   0           10.5   Q 11.5f 10.5455443 4 4 8 3 1 3    22.0   22.0
 81 1873.567782 1.204E-31 9.123E-04.04000.054 4136.06680.60-.001280       X3/2   2       X1/2   1                 QP 36.5f     4632231111 8 3 1 3   216.0  222.0
 81 1873.699135 2.787E-24 1.879E-03.05730.065  326.03270.70-.001260       X3/2   1       X3/2   0           10.5   Q 10.5f 11.5455443 4 4 8 3 1 3    22.0   24.0
 81 1873.699218 3.658E-22 2.260E-01.05730.065  326.03270.70-.001260       X3/2   1       X3/2   0           11.5   Q 10.5f 11.5455443 4 4 8 3 1 3    24.0   24.0
 81 1873.699270 2.786E-24 2.066E-03.05730.065  326.03270.70-.001260       X3/2   1       X3/2   0            9.5   Q 10.5f 10.5455443 4 4 8 3 1 3    20.0   22.0
 81 1873.699373 3.044E-22 2.257E-01.05730.065  326.03270.70-.001260       X3/2   1       X3/2   0            9.5   Q 10.5f  9.5455443 4 4 8 3 1 3    20.0   20.0
 81 1873.699385 3.323E-22 2.240E-01.05730.065  326.03270.70-.001260       X3/2   1       X3/2   0           10.5   Q 10.5f 10.5455443 4 4 8 3 1 3    22.0   22.0
 81 1873.699468 2.787E-24 1.722E-03.05730.065  326.03270.70-.001260       X3/2   1       X3/2   0           11.5   Q 10.5f 10.5455443 4 4 8 3 1 3    24.0   22.0
 81 1873.699488 2.786E-24 1.878E-03.05730.065  326.03270.70-.001260       X3/2   1       X3/2   0           10.5   Q 10.5f  9.5455443 4 4 8 3 1 3    22.0   20.0
 81 1873.700140 1.202E-31 9.097E-04.04000.054 4135.78730.60-.001280       X3/2   2       X1/2   1                 QP 36.5e     4632231111 8 3 1 3   216.0  222.0
 81 1873.704531 1.081E-44 7.303E-03.04290.05610720.17050.60-.002220       X3/2   6       X1/2   5                 RQ 31.5f     3633231111 8 3 1 3   192.0  192.0
 81 1873.711660 2.786E-24 2.066E-03.05730.065  326.02640.70-.001260       X3/2   1       X3/2   0            9.5   Q 10.5e 10.5455443 4 4 8 3 1 3    20.0   22.0
 81 1873.711683 2.787E-24 1.878E-03.05730.065  326.02640.70-.001260       X3/2   1       X3/2   0           10.5   Q 10.5e 11.5455443 4 4 8 3 1 3    22.0   24.0
 81 1873.711764 3.323E-22 2.240E-01.05730.065  326.02640.70-.001260       X3/2   1       X3/2   0           10.5   Q 10.5e 10.5455443 4 4 8 3 1 3    22.0   22.0
 81 1873.711773 3.044E-22 2.257E-01.05730.065  326.02640.70-.001260       X3/2   1       X3/2   0            9.5   Q 10.5e  9.5455443 4 4 8 3 1 3    20.0   20.0
 81 1873.711877 2.786E-24 1.878E-03.05730.065  326.02640.70-.001260       X3/2   1       X3/2   0           10.5   Q 10.5e  9.5455443 4 4 8 3 1 3    22.0   20.0
 81 1873.711933 3.658E-22 2.260E-01.05730.065  326.02640.70-.001260       X3/2   1       X3/2   0           11.5   Q 10.5e 11.5455443 4 4 8 3 1 3    24.0   24.0
 81 1873.712014 2.787E-24 1.722E-03.05730.065  326.02640.70-.001260       X3/2   1       X3/2   0           11.5   Q 10.5e 10.5455443 4 4 8 3 1 3    24.0   22.0
 81 1873.755971 4.777E-23 2.109E-02.05420.061  239.01840.70-.000160       X1/2   1       X1/2   0           10.5   Q 11.5e 10.5455443 4 4 8 3 1 3    22.0   22.0
 81 1873.757452 3.640E-25 1.607E-04.05420.061  239.01840.70-.000160       X1/2   1       X1/2   0           10.5   Q 11.5e 11.5455443 4 4 8 3 1 3    22.0   24.0
 81 1873.758099 3.640E-25 1.473E-04.05420.061  239.01840.70-.000160       X1/2   1       X1/2   0           11.5   Q 11.5e 10.5455443 4 4 8 3 1 3    24.0   22.0
 81 1873.759579 5.179E-23 2.096E-02.05420.061  239.01840.70-.000160       X1/2   1       X1/2   0           11.5   Q 11.5e 11.5455443 4 4 8 3 1 3    24.0   24.0
 81 1873.761043 3.641E-25 1.474E-04.05420.061  239.01840.70-.000160       X1/2   1       X1/2   0           11.5   Q 11.5e 12.5455443 4 4 8 3 1 3    24.0   26.0
 81 1873.761842 3.641E-25 1.360E-04.05420.061  239.01840.70-.000160       X1/2   1       X1/2   0           12.5   Q 11.5e 11.5455443 4 4 8 3 1 3    26.0   24.0
 81 1873.763306 5.653E-23 2.112E-02.05420.061  239.01840.70-.000160       X1/2   1       X1/2   0           12.5   Q 11.5e 12.5455443 4 4 8 3 1 3    26.0   26.0
 81 1873.881254 2.384E-33 2.322E+01.04350.056 6999.12980.60-.002220       X1/2   4       X1/2   3                 RR 29.5e     4633231111 8 3 1 3   186.0  180.0
 81 1873.886501 2.381E-33 2.322E+01.04350.056 6999.39220.60-.002220       X1/2   4       X1/2   3                 RR 29.5f     4633231111 8 3 1 3   186.0  180.0
 81 1873.892269 7.475E-23 2.512E-02.05470.062  200.69660.68-.000560       X1/2   1       X1/2   0           11.5   Q 10.5f 11.5455443 4 4 8 3 1 3    24.0   24.0
 81 1873.893760 5.695E-25 2.088E-04.05470.062  200.69660.68-.000560       X1/2   1       X1/2   0           10.5   Q 10.5f 11.5455443 4 4 8 3 1 3    22.0   24.0
 81 1873.894547 5.695E-25 1.914E-04.05470.062  200.69660.68-.000560       X1/2   1       X1/2   0           11.5   Q 10.5f 10.5455443 4 4 8 3 1 3    24.0   22.0
 81 1873.896038 6.791E-23 2.490E-02.05470.062  200.69660.68-.000560       X1/2   1       X1/2   0           10.5   Q 10.5f 10.5455443 4 4 8 3 1 3    22.0   22.0
 81 1873.897523 5.693E-25 2.296E-04.05470.062  200.69660.68-.000560       X1/2   1       X1/2   0            9.5   Q 10.5f 10.5455443 4 4 8 3 1 3    20.0   22.0
 81 1873.898156 5.693E-25 2.087E-04.05470.062  200.69660.68-.000560       X1/2   1       X1/2   0           10.5   Q 10.5f  9.5455443 4 4 8 3 1 3    22.0   20.0
 81 1873.899641 6.220E-23 2.508E-02.05470.062  200.69660.68-.000560       X1/2   1       X1/2   0            9.5   Q 10.5f  9.5455443 4 4 8 3 1 3    20.0   20.0
 81 1873.916135 2.415E-72 2.856E+01.01810.02225772.54630.70-.001200       X3/2   5       X3/2   4                 RR107.5e     0222231211 8 3 1 3   654.0  648.0
 81 1873.926864 2.400E-72 2.857E+01.01810.02225773.89610.70-.001200       X3/2   5       X3/2   4                 RR107.5f     0222231211 8 3 1 3   654.0  648.0
 81 1873.952267 2.700E-72 2.857E+01.01830.03725751.49270.60-.002220       X1/2   5       X1/2   4                 RR108.5f     0222231211 8 3 1 3   660.0  654.0
 81 1873.952763 2.699E-72 2.857E+01.01830.03725751.60960.60-.002220       X1/2   5       X1/2   4                 RR108.5e     0222231211 8 3 1 3   660.0  654.0
 81 1873.978016 4.851E-35 3.887E-03.05370.061 5816.31380.67-.001710       X3/2   4       X1/2   3                 QP 12.5f     4654431111 8 3 1 3    72.0   78.0
 81 1874.078548 4.422E-24 2.752E-03.05790.066  289.95480.64-.001050       X3/2   1       X3/2   0            9.5   Q  9.5f 10.5455443 4 4 8 3 1 3    20.0   22.0
 81 1874.078676 4.419E-24 3.056E-03.05790.066  289.95480.64-.001050       X3/2   1       X3/2   0            8.5   Q  9.5f  9.5455443 4 4 8 3 1 3    18.0   20.0
 81 1874.078697 4.831E-22 2.734E-01.05790.066  289.95480.64-.001050       X3/2   1       X3/2   0           10.5   Q  9.5f 10.5455443 4 4 8 3 1 3    22.0   22.0
 81 1874.078825 3.944E-22 2.728E-01.05790.066  289.95480.64-.001050       X3/2   1       X3/2   0            8.5   Q  9.5f  8.5455443 4 4 8 3 1 3    18.0   18.0
 81 1874.078843 4.343E-22 2.703E-01.05790.066  289.95480.64-.001050       X3/2   1       X3/2   0            9.5   Q  9.5f  9.5455443 4 4 8 3 1 3    20.0   20.0
 81 1874.078991 4.422E-24 2.502E-03.05790.066  289.95480.64-.001050       X3/2   1       X3/2   0           10.5   Q  9.5f  9.5455443 4 4 8 3 1 3    22.0   20.0
 81 1874.078992 4.419E-24 2.750E-03.05790.066  289.95480.64-.001050       X3/2   1       X3/2   0            9.5   Q  9.5f  8.5455443 4 4 8 3 1 3    20.0   18.0
 81 1874.080277 1.077E-44 7.270E-03.04290.05610719.89760.60-.002220       X3/2   6       X1/2   5                 RQ 31.5e     3633231111 8 3 1 3   192.0  192.0
 81 1874.088045 4.420E-24 3.057E-03.05790.066  289.95000.64-.001050       X3/2   1       X3/2   0            8.5   Q  9.5e  9.5455443 4 4 8 3 1 3    18.0   20.0
 81 1874.088049 4.422E-24 2.752E-03.05790.066  289.95000.64-.001050       X3/2   1       X3/2   0            9.5   Q  9.5e 10.5455443 4 4 8 3 1 3    20.0   22.0
 81 1874.088196 4.343E-22 2.703E-01.05790.066  289.95000.64-.001050       X3/2   1       X3/2   0            9.5   Q  9.5e  9.5455443 4 4 8 3 1 3    20.0   20.0
 81 1874.088211 3.944E-22 2.728E-01.05790.066  289.95000.64-.001050       X3/2   1       X3/2   0            8.5   Q  9.5e  8.5455443 4 4 8 3 1 3    18.0   18.0
 81 1874.088344 4.831E-22 2.734E-01.05790.066  289.95000.64-.001050       X3/2   1       X3/2   0           10.5   Q  9.5e 10.5455443 4 4 8 3 1 3    22.0   22.0
 81 1874.088361 4.420E-24 2.751E-03.05790.066  289.95000.64-.001050       X3/2   1       X3/2   0            9.5   Q  9.5e  8.5455443 4 4 8 3 1 3    20.0   18.0
 81 1874.088490 4.422E-24 2.502E-03.05790.066  289.95000.64-.001050       X3/2   1       X3/2   0           10.5   Q  9.5e  9.5455443 4 4 8 3 1 3    22.0   20.0
 81 1874.090996 2.577E-41 2.890E+01.03420.04110903.42370.70-.001200       X3/2   5       X3/2   4                 RR 45.5e     4622231111 8 3 1 3   282.0  276.0
 81 1874.099308 2.574E-41 2.890E+01.03420.04110903.67540.70-.001200       X3/2   5       X3/2   4                 RR 45.5f     4622231111 8 3 1 3   282.0  276.0
 81 1874.114711 4.843E-35 3.879E-03.05370.061 5816.16960.67-.001710       X3/2   4       X1/2   3                 QP 12.5e     4654431111 8 3 1 3    72.0   78.0
 81 1874.140503 6.224E-23 2.509E-02.05470.062  200.57230.68-.000560       X1/2   1       X1/2   0            9.5   Q 10.5e  9.5455443 4 4 8 3 1 3    20.0   20.0
 81 1874.141988 5.697E-25 2.297E-04.05470.062  200.57230.68-.000560       X1/2   1       X1/2   0            9.5   Q 10.5e 10.5455443 4 4 8 3 1 3    20.0   22.0
 81 1874.142621 5.697E-25 2.088E-04.05470.062  200.57230.68-.000560       X1/2   1       X1/2   0           10.5   Q 10.5e  9.5455443 4 4 8 3 1 3    22.0   20.0
 81 1874.144106 6.796E-23 2.491E-02.05470.062  200.57230.68-.000560       X1/2   1       X1/2   0           10.5   Q 10.5e 10.5455443 4 4 8 3 1 3    22.0   22.0
 81 1874.145593 5.700E-25 2.089E-04.05470.062  200.57230.68-.000560       X1/2   1       X1/2   0           10.5   Q 10.5e 11.5455443 4 4 8 3 1 3    22.0   24.0
 81 1874.146382 5.700E-25 1.915E-04.05470.062  200.57230.68-.000560       X1/2   1       X1/2   0           11.5   Q 10.5e 10.5455443 4 4 8 3 1 3    24.0   22.0
 81 1874.147869 7.481E-23 2.513E-02.05470.062  200.57230.68-.000560       X1/2   1       X1/2   0           11.5   Q 10.5e 11.5455443 4 4 8 3 1 3    24.0   24.0
 81 1874.162174 3.813E-88 1.736E+01.01490.03333205.44940.60-.002220       X1/2   3       X1/2   2                 RR137.5f     0222231211 8 3 1 3   834.0  828.0
 81 1874.164637 3.811E-88 1.735E+01.01490.03333205.51920.60-.002220       X1/2   3       X1/2   2                 RR137.5e     0222231211 8 3 1 3   834.0  828.0
 81 1874.172883 3.476E-88 1.736E+01.01480.01833223.01970.70-.001200       X3/2   3       X3/2   2                 RR136.5e     0222231211 8 3 1 3   828.0  822.0
 81 1874.185257 3.451E-88 1.736E+01.01480.01833224.47360.70-.001200       X3/2   3       X3/2   2                 RR136.5f     0222231211 8 3 1 3   828.0  822.0
 81 1874.262798 9.826E-23 3.038E-02.05530.062  165.58300.70-.001690       X1/2   1       X1/2   0           10.5   Q  9.5f 10.5455443 4 4 8 3 1 3    22.0   22.0
 81 1874.264311 8.994E-25 3.059E-04.05530.062  165.58300.70-.001690       X1/2   1       X1/2   0            9.5   Q  9.5f 10.5455443 4 4 8 3 1 3    20.0   22.0
 81 1874.265093 8.994E-25 2.781E-04.05530.062  165.58300.70-.001690       X1/2   1       X1/2   0           10.5   Q  9.5f  9.5455443 4 4 8 3 1 3    22.0   20.0
 81 1874.266606 8.834E-23 3.005E-02.05530.062  165.58300.70-.001690       X1/2   1       X1/2   0            9.5   Q  9.5f  9.5455443 4 4 8 3 1 3    20.0   20.0
 81 1874.268092 8.989E-25 3.397E-04.05530.062  165.58300.70-.001690       X1/2   1       X1/2   0            8.5   Q  9.5f  9.5455443 4 4 8 3 1 3    18.0   20.0
 81 1874.268714 8.989E-25 3.057E-04.05530.062  165.58300.70-.001690       X1/2   1       X1/2   0            9.5   Q  9.5f  8.5455443 4 4 8 3 1 3    20.0   18.0
 81 1874.270200 8.023E-23 3.032E-02.05530.062  165.58300.70-.001690       X1/2   1       X1/2   0            8.5   Q  9.5f  8.5455443 4 4 8 3 1 3    18.0   18.0
 81 1874.300855 6.853E-28 1.737E+01.05070.060 4252.83130.60-.001590       X1/2   3       X1/2   2                 RR 17.5e     4653231111 8 3 1 3   114.0  108.0
 81 1874.309029 6.847E-28 1.737E+01.05070.060 4253.02000.60-.001590       X1/2   3       X1/2   2                 RR 17.5f     4653231111 8 3 1 3   114.0  108.0
 81 1874.336908 1.670E-50 3.208E-03.04900.05913226.49390.60-.002220       X3/2   8       X1/2   7                 SR 20.5f     3653231111 8 3 1 3   132.0  126.0
 81 1874.365430 9.517E-32 2.758E-04.03400.050 3997.33360.60-.001280       X3/2   1       X1/2   0                 QP 48.5e     4622231111 8 3 1 3   288.0  294.0
 81 1874.381580 9.527E-32 2.765E-04.03400.050 3997.60780.60-.001280       X3/2   1       X1/2   0                 QP 48.5f     4622231111 8 3 1 3   288.0  294.0
 81 1874.421800 7.110E-24 4.197E-03.05850.066  257.30530.73-.001130       X3/2   1       X3/2   0            8.5   Q  8.5f  9.5455443 4 4 8 3 1 3    18.0   20.0
 81 1874.421923 7.106E-24 4.719E-03.05850.066  257.30530.73-.001130       X3/2   1       X3/2   0            7.5   Q  8.5f  8.5455443 4 4 8 3 1 3    16.0   18.0
 81 1874.422023 6.346E-22 3.371E-01.05850.066  257.30530.73-.001130       X3/2   1       X3/2   0            9.5   Q  8.5f  9.5455443 4 4 8 3 1 3    20.0   20.0
 81 1874.422126 5.063E-22 3.362E-01.05850.066  257.30530.73-.001130       X3/2   1       X3/2   0            7.5   Q  8.5f  7.5455443 4 4 8 3 1 3    16.0   16.0
 81 1874.422149 5.633E-22 3.325E-01.05850.066  257.30530.73-.001130       X3/2   1       X3/2   0            8.5   Q  8.5f  8.5455443 4 4 8 3 1 3    18.0   18.0
 81 1874.422352 7.106E-24 4.195E-03.05850.066  257.30530.73-.001130       X3/2   1       X3/2   0            8.5   Q  8.5f  7.5455443 4 4 8 3 1 3    18.0   16.0
 81 1874.422372 7.110E-24 3.777E-03.05850.066  257.30530.73-.001130       X3/2   1       X3/2   0            9.5   Q  8.5f  8.5455443 4 4 8 3 1 3    20.0   18.0
 81 1874.428770 7.111E-24 4.198E-03.05850.066  257.30180.73-.001130       X3/2   1       X3/2   0            8.5   Q  8.5e  9.5455443 4 4 8 3 1 3    18.0   20.0
 81 1874.428787 7.106E-24 4.719E-03.05850.066  257.30180.73-.001130       X3/2   1       X3/2   0            7.5   Q  8.5e  8.5455443 4 4 8 3 1 3    16.0   18.0
 81 1874.428991 5.633E-22 3.325E-01.05850.066  257.30180.73-.001130       X3/2   1       X3/2   0            8.5   Q  8.5e  8.5455443 4 4 8 3 1 3    18.0   18.0
 81 1874.429011 5.063E-22 3.362E-01.05850.066  257.30180.73-.001130       X3/2   1       X3/2   0            7.5   Q  8.5e  7.5455443 4 4 8 3 1 3    16.0   16.0
 81 1874.429119 6.346E-22 3.371E-01.05850.066  257.30180.73-.001130       X3/2   1       X3/2   0            9.5   Q  8.5e  9.5455443 4 4 8 3 1 3    20.0   20.0
 81 1874.429215 7.106E-24 4.195E-03.05850.066  257.30180.73-.001130       X3/2   1       X3/2   0            8.5   Q  8.5e  7.5455443 4 4 8 3 1 3    18.0   16.0
 81 1874.429340 7.111E-24 3.778E-03.05850.066  257.30180.73-.001130       X3/2   1       X3/2   0            9.5   Q  8.5e  8.5455443 4 4 8 3 1 3    20.0   18.0
 81 1874.490295 8.028E-23 3.033E-02.05530.062  165.46900.70-.001690       X1/2   1       X1/2   0            8.5   Q  9.5e  8.5455443 4 4 8 3 1 3    18.0   18.0
 81 1874.491781 8.995E-25 3.398E-04.05530.062  165.46900.70-.001690       X1/2   1       X1/2   0            8.5   Q  9.5e  9.5455443 4 4 8 3 1 3    18.0   20.0
 81 1874.492402 8.995E-25 3.058E-04.05530.062  165.46900.70-.001690       X1/2   1       X1/2   0            9.5   Q  9.5e  8.5455443 4 4 8 3 1 3    20.0   18.0
 81 1874.493888 8.840E-23 3.006E-02.05530.062  165.46900.70-.001690       X1/2   1       X1/2   0            9.5   Q  9.5e  9.5455443 4 4 8 3 1 3    20.0   20.0
 81 1874.495398 9.000E-25 3.060E-04.05530.062  165.46900.70-.001690       X1/2   1       X1/2   0            9.5   Q  9.5e 10.5455443 4 4 8 3 1 3    20.0   22.0
 81 1874.496181 9.000E-25 2.782E-04.05530.062  165.46900.70-.001690       X1/2   1       X1/2   0           10.5   Q  9.5e  9.5455443 4 4 8 3 1 3    22.0   20.0
 81 1874.497692 9.832E-23 3.039E-02.05530.062  165.46900.70-.001690       X1/2   1       X1/2   0           10.5   Q  9.5e 10.5455443 4 4 8 3 1 3    22.0   22.0
 81 1874.512673 1.666E-50 3.198E-03.04900.05913226.28060.60-.002220       X3/2   8       X1/2   7                 SR 20.5e     3653231111 8 3 1 3   132.0  126.0
 81 1874.552106 2.675E-75 1.422E-03.01950.03925120.54630.60-.002220       X3/2   6       X1/2   5                 RQ101.5e     0222231211 8 3 1 3   612.0  612.0
 81 1874.565737 3.228E-41 2.894E+01.03440.05110861.60720.60-.002220       X1/2   5       X1/2   4                 RR 46.5e     4622231111 8 3 1 3   288.0  282.0
 81 1874.568392 3.223E-41 2.894E+01.03440.05110861.89880.60-.002220       X1/2   5       X1/2   4                 RR 46.5f     4622231111 8 3 1 3   288.0  282.0
 81 1874.599159 1.285E-22 3.746E-02.05600.062  133.81220.73-.001460       X1/2   1       X1/2   0            9.5   Q  8.5f  9.5455443 4 4 8 3 1 3    20.0   20.0
 81 1874.600694 1.440E-24 4.665E-04.05600.062  133.81220.73-.001460       X1/2   1       X1/2   0            8.5   Q  8.5f  9.5455443 4 4 8 3 1 3    18.0   20.0
 81 1874.601424 6.586E-45 7.115E-03.04230.05510822.88360.60-.002220       X3/2   6       X1/2   5                 RQ 32.5f     3633231111 8 3 1 3   198.0  198.0
 81 1874.601476 1.440E-24 4.198E-04.05600.062  133.81220.73-.001460       X1/2   1       X1/2   0            9.5   Q  8.5f  8.5455443 4 4 8 3 1 3    20.0   18.0
 81 1874.603011 1.141E-22 3.696E-02.05600.062  133.81220.73-.001460       X1/2   1       X1/2   0            8.5   Q  8.5f  8.5455443 4 4 8 3 1 3    18.0   18.0
 81 1874.604494 1.439E-24 5.244E-04.05600.062  133.81220.73-.001460       X1/2   1       X1/2   0            7.5   Q  8.5f  8.5455443 4 4 8 3 1 3    16.0   18.0
 81 1874.605108 1.439E-24 4.662E-04.05600.062  133.81220.73-.001460       X1/2   1       X1/2   0            8.5   Q  8.5f  7.5455443 4 4 8 3 1 3    18.0   16.0
 81 1874.606591 1.025E-22 3.735E-02.05600.062  133.81220.73-.001460       X1/2   1       X1/2   0            7.5   Q  8.5f  7.5455443 4 4 8 3 1 3    16.0   16.0
 81 1874.639479 2.768E-39 2.289E-03.06370.069 7348.83240.78-.001890       X3/2   5       X1/2   4                 QP  2.5f     4654431111 8 3 1 3    12.0   18.0
 81 1874.674773 2.767E-39 2.287E-03.06370.069 7348.79710.78-.001890       X3/2   5       X1/2   4                 QP  2.5e     4654431111 8 3 1 3    12.0   18.0
 81 1874.728879 1.167E-23 6.726E-03.05920.066  228.08640.67-.001060       X3/2   1       X3/2   0            7.5   Q  7.5f  8.5455443 4 4 8 3 1 3    16.0   18.0
 81 1874.729002 1.166E-23 7.680E-03.05920.066  228.08640.67-.001060       X3/2   1       X3/2   0            6.5   Q  7.5f  7.5455443 4 4 8 3 1 3    14.0   16.0
 81 1874.729189 8.317E-22 4.261E-01.05920.066  228.08640.67-.001060       X3/2   1       X3/2   0            8.5   Q  7.5f  8.5455443 4 4 8 3 1 3    18.0   18.0
 81 1874.729269 6.443E-22 4.244E-01.05920.066  228.08640.67-.001060       X3/2   1       X3/2   0            6.5   Q  7.5f  6.5455443 4 4 8 3 1 3    14.0   14.0
 81 1874.729295 7.263E-22 4.186E-01.05920.066  228.08640.67-.001060       X3/2   1       X3/2   0            7.5   Q  7.5f  7.5455443 4 4 8 3 1 3    16.0   16.0
 81 1874.729562 1.166E-23 6.720E-03.05920.066  228.08640.67-.001060       X3/2   1       X3/2   0            7.5   Q  7.5f  6.5455443 4 4 8 3 1 3    16.0   14.0
 81 1874.729605 1.167E-23 5.979E-03.05920.066  228.08640.67-.001060       X3/2   1       X3/2   0            8.5   Q  7.5f  7.5455443 4 4 8 3 1 3    18.0   16.0
 81 1874.733795 1.167E-23 6.726E-03.05920.066  228.08390.67-.001060       X3/2   1       X3/2   0            7.5   Q  7.5e  8.5455443 4 4 8 3 1 3    16.0   18.0
 81 1874.733835 1.166E-23 7.680E-03.05920.066  228.08390.67-.001060       X3/2   1       X3/2   0            6.5   Q  7.5e  7.5455443 4 4 8 3 1 3    14.0   16.0
 81 1874.734103 7.263E-22 4.186E-01.05920.066  228.08390.67-.001060       X3/2   1       X3/2   0            7.5   Q  7.5e  7.5455443 4 4 8 3 1 3    16.0   16.0
 81 1874.734127 6.443E-22 4.244E-01.05920.066  228.08390.67-.001060       X3/2   1       X3/2   0            6.5   Q  7.5e  6.5455443 4 4 8 3 1 3    14.0   14.0
 81 1874.734211 8.317E-22 4.261E-01.05920.066  228.08390.67-.001060       X3/2   1       X3/2   0            8.5   Q  7.5e  8.5455443 4 4 8 3 1 3    18.0   18.0
 81 1874.734395 1.166E-23 6.720E-03.05920.066  228.08390.67-.001060       X3/2   1       X3/2   0            7.5   Q  7.5e  6.5455443 4 4 8 3 1 3    16.0   14.0
 81 1874.734519 1.167E-23 5.979E-03.05920.066  228.08390.67-.001060       X3/2   1       X3/2   0            8.5   Q  7.5e  7.5455443 4 4 8 3 1 3    18.0   16.0
 81 1874.736934 1.181E-74 1.461E-03.01970.03924818.52480.60-.002220       X3/2   6       X1/2   5                 RQ100.5f     0222231211 8 3 1 3   606.0  606.0
 81 1874.742677 4.450E-24 1.140E+01.05600.062 1980.28940.73-.001460       X1/2   2       X1/2   1            8.5   R  7.5e  7.5455443 3 3 8 3 1 3    18.0   16.0
 81 1874.742688 3.948E-24 1.138E+01.05600.062 1980.28940.73-.001460       X1/2   2       X1/2   1            7.5   R  7.5e  6.5455443 3 3 8 3 1 3    16.0   14.0
 81 1874.742694 5.014E-24 1.156E+01.05600.062 1980.28940.73-.001460       X1/2   2       X1/2   1            9.5   R  7.5e  8.5455443 3 3 8 3 1 3    20.0   18.0
 81 1874.744161 6.246E-26 1.800E-01.05600.062 1980.28940.73-.001460       X1/2   2       X1/2   1            7.5   R  7.5e  7.5455443 3 3 8 3 1 3    16.0   16.0
 81 1874.744231 6.246E-26 1.600E-01.05600.062 1980.28940.73-.001460       X1/2   2       X1/2   1            8.5   R  7.5e  8.5455443 3 3 8 3 1 3    18.0   18.0
 81 1874.745715 2.169E-28 6.249E-04.05600.062 1980.28940.73-.001460       X1/2   2       X1/2   1            7.5   R  7.5e  8.5455443 3 3 8 3 1 3    16.0   18.0
 81 1874.749075 2.168E-28 6.249E-04.05600.062 1980.38190.73-.001460       X1/2   2       X1/2   1            7.5   R  7.5f  8.5455443 3 3 8 3 1 3    16.0   18.0
 81 1874.751170 6.243E-26 1.600E-01.05600.062 1980.38190.73-.001460       X1/2   2       X1/2   1            8.5   R  7.5f  8.5455443 3 3 8 3 1 3    18.0   18.0
 81 1874.751419 6.243E-26 1.800E-01.05600.062 1980.38190.73-.001460       X1/2   2       X1/2   1            7.5   R  7.5f  7.5455443 3 3 8 3 1 3    16.0   16.0
 81 1874.753484 5.012E-24 1.156E+01.05600.062 1980.38190.73-.001460       X1/2   2       X1/2   1            9.5   R  7.5f  8.5455443 3 3 8 3 1 3    20.0   18.0
 81 1874.753505 3.947E-24 1.138E+01.05600.062 1980.38190.73-.001460       X1/2   2       X1/2   1            7.5   R  7.5f  6.5455443 3 3 8 3 1 3    16.0   14.0
 81 1874.753514 4.448E-24 1.140E+01.05600.062 1980.38190.73-.001460       X1/2   2       X1/2   1            8.5   R  7.5f  7.5455443 3 3 8 3 1 3    18.0   16.0
 81 1874.805399 1.026E-22 3.738E-02.05600.062  133.70880.73-.001460       X1/2   1       X1/2   0            7.5   Q  8.5e  7.5455443 4 4 8 3 1 3    16.0   16.0
 81 1874.806881 1.440E-24 5.246E-04.05600.062  133.70880.73-.001460       X1/2   1       X1/2   0            7.5   Q  8.5e  8.5455443 4 4 8 3 1 3    16.0   18.0
 81 1874.807495 1.440E-24 4.663E-04.05600.062  133.70880.73-.001460       X1/2   1       X1/2   0            8.5   Q  8.5e  7.5455443 4 4 8 3 1 3    18.0   16.0
 81 1874.808978 1.142E-22 3.698E-02.05600.062  133.70880.73-.001460       X1/2   1       X1/2   0            8.5   Q  8.5e  8.5455443 4 4 8 3 1 3    18.0   18.0
 81 1874.810510 1.441E-24 4.667E-04.05600.062  133.70880.73-.001460       X1/2   1       X1/2   0            8.5   Q  8.5e  9.5455443 4 4 8 3 1 3    18.0   20.0
 81 1874.811293 1.441E-24 4.200E-04.05600.062  133.70880.73-.001460       X1/2   1       X1/2   0            9.5   Q  8.5e  8.5455443 4 4 8 3 1 3    20.0   18.0
 81 1874.812825 1.286E-22 3.748E-02.05600.062  133.70880.73-.001460       X1/2   1       X1/2   0            9.5   Q  8.5e  9.5455443 4 4 8 3 1 3    20.0   20.0
 81 1874.820221 1.465E-32 2.280E-03.04780.058 4665.36360.60-.001280       X3/2   3       X1/2   2                 QP 23.5f     4643231111 8 3 1 3   138.0  144.0
 81 1874.901371 1.678E-22 4.736E-02.05670.062  105.38460.69-.000800       X1/2   1       X1/2   0            8.5   Q  7.5f  8.5455443 4 4 8 3 1 3    18.0   18.0
 81 1874.902925 2.355E-24 7.477E-04.05670.062  105.38460.69-.000800       X1/2   1       X1/2   0            7.5   Q  7.5f  8.5455443 4 4 8 3 1 3    16.0   18.0
 81 1874.903717 2.355E-24 6.646E-04.05670.062  105.38460.69-.000800       X1/2   1       X1/2   0            8.5   Q  7.5f  7.5455443 4 4 8 3 1 3    18.0   16.0
 81 1874.905271 1.465E-22 4.651E-02.05670.062  105.38460.69-.000800       X1/2   1       X1/2   0            7.5   Q  7.5f  7.5455443 4 4 8 3 1 3    16.0   16.0
 81 1874.906745 2.353E-24 8.538E-04.05670.062  105.38460.69-.000800       X1/2   1       X1/2   0            6.5   Q  7.5f  7.5455443 4 4 8 3 1 3    14.0   16.0
 81 1874.907359 2.353E-24 7.471E-04.05670.062  105.38460.69-.000800       X1/2   1       X1/2   0            7.5   Q  7.5f  6.5455443 4 4 8 3 1 3    16.0   14.0
 81 1874.908832 1.300E-22 4.717E-02.05670.062  105.38460.69-.000800       X1/2   1       X1/2   0            6.5   Q  7.5f  6.5455443 4 4 8 3 1 3    14.0   14.0
 81 1874.988853 6.562E-45 7.083E-03.04230.05510822.60720.60-.002220       X3/2   6       X1/2   5                 RQ 32.5e     3633231111 8 3 1 3   198.0  198.0
 81 1874.999774 1.976E-23 1.149E-02.06000.066  202.30010.65-.001450       X3/2   1       X3/2   0            6.5   Q  6.5f  7.5455443 4 4 8 3 1 3    14.0   16.0
 81 1874.999903 1.973E-23 1.338E-02.06000.066  202.30010.65-.001450       X3/2   1       X3/2   0            5.5   Q  6.5f  6.5455443 4 4 8 3 1 3    12.0   14.0
 81 1875.000189 1.092E-21 5.554E-01.06000.066  202.30010.65-.001450       X3/2   1       X3/2   0            7.5   Q  6.5f  7.5455443 4 4 8 3 1 3    16.0   16.0
 81 1875.000248 8.138E-22 5.519E-01.06000.066  202.30010.65-.001450       X3/2   1       X3/2   0            5.5   Q  6.5f  5.5455443 4 4 8 3 1 3    12.0   12.0
 81 1875.000277 9.329E-22 5.423E-01.06000.066  202.30010.65-.001450       X3/2   1       X3/2   0            6.5   Q  6.5f  6.5455443 4 4 8 3 1 3    14.0   14.0
 81 1875.000621 1.973E-23 1.147E-02.06000.066  202.30010.65-.001450       X3/2   1       X3/2   0            6.5   Q  6.5f  5.5455443 4 4 8 3 1 3    14.0   12.0
 81 1875.000691 1.976E-23 1.005E-02.06000.066  202.30010.65-.001450       X3/2   1       X3/2   0            7.5   Q  6.5f  6.5455443 4 4 8 3 1 3    16.0   14.0
 81 1875.003072 1.976E-23 1.149E-02.06000.066  202.29840.65-.001450       X3/2   1       X3/2   0            6.5   Q  6.5e  7.5455443 4 4 8 3 1 3    14.0   16.0
 81 1875.003139 1.973E-23 1.338E-02.06000.066  202.29840.65-.001450       X3/2   1       X3/2   0            5.5   Q  6.5e  6.5455443 4 4 8 3 1 3    12.0   14.0
 81 1875.003485 9.330E-22 5.423E-01.06000.066  202.29840.65-.001450       X3/2   1       X3/2   0            6.5   Q  6.5e  6.5455443 4 4 8 3 1 3    14.0   14.0
 81 1875.003512 8.138E-22 5.519E-01.06000.066  202.29840.65-.001450       X3/2   1       X3/2   0            5.5   Q  6.5e  5.5455443 4 4 8 3 1 3    12.0   12.0
 81 1875.003575 1.092E-21 5.554E-01.06000.066  202.29840.65-.001450       X3/2   1       X3/2   0            7.5   Q  6.5e  7.5455443 4 4 8 3 1 3    16.0   16.0
 81 1875.003857 1.973E-23 1.147E-02.06000.066  202.29840.65-.001450       X3/2   1       X3/2   0            6.5   Q  6.5e  5.5455443 4 4 8 3 1 3    14.0   12.0
 81 1875.003988 1.976E-23 1.005E-02.06000.066  202.29840.65-.001450       X3/2   1       X3/2   0            7.5   Q  6.5e  6.5455443 4 4 8 3 1 3    16.0   14.0
 81 1875.004671 1.462E-32 2.273E-03.04780.058 4665.13250.60-.001280       X3/2   3       X1/2   2                 QP 23.5e     4643231111 8 3 1 3   138.0  144.0
 81 1875.056080 1.124E-33 2.321E+01.04340.051 7153.53050.70-.001200       X3/2   4       X3/2   3                 RR 29.5e     4633231111 8 3 1 3   186.0  180.0
 81 1875.062170 1.124E-33 2.322E+01.04340.051 7153.62300.70-.001200       X3/2   4       X3/2   3                 RR 29.5f     4633231111 8 3 1 3   186.0  180.0
 81 1875.085867 1.301E-22 4.720E-02.05670.062  105.29200.69-.000800       X1/2   1       X1/2   0            6.5   Q  7.5e  6.5455443 4 4 8 3 1 3    14.0   14.0
 81 1875.087340 2.354E-24 8.540E-04.05670.062  105.29200.69-.000800       X1/2   1       X1/2   0            6.5   Q  7.5e  7.5455443 4 4 8 3 1 3    14.0   16.0
 81 1875.087953 2.354E-24 7.472E-04.05670.062  105.29200.69-.000800       X1/2   1       X1/2   0            7.5   Q  7.5e  6.5455443 4 4 8 3 1 3    16.0   14.0
 81 1875.089427 1.466E-22 4.653E-02.05670.062  105.29200.69-.000800       X1/2   1       X1/2   0            7.5   Q  7.5e  7.5455443 4 4 8 3 1 3    16.0   16.0
 81 1875.090978 2.356E-24 7.479E-04.05670.062  105.29200.69-.000800       X1/2   1       X1/2   0            7.5   Q  7.5e  8.5455443 4 4 8 3 1 3    16.0   18.0
 81 1875.091771 2.356E-24 6.648E-04.05670.062  105.29200.69-.000800       X1/2   1       X1/2   0            8.5   Q  7.5e  7.5455443 4 4 8 3 1 3    18.0   16.0
 81 1875.093322 1.679E-22 4.737E-02.05670.062  105.29200.69-.000800       X1/2   1       X1/2   0            8.5   Q  7.5e  8.5455443 4 4 8 3 1 3    18.0   18.0
 81 1875.151493 1.056E-60 1.077E-03.03950.05417945.57020.60-.002220       X3/2  10       X1/2   9                 SR 36.5f     3632231111 8 3 1 3   228.0  222.0
 81 1875.161281 7.362E-94 1.169E+01.01400.03235845.21710.60-.002220       X1/2   2       X1/2   1                 RR147.5f     0222231211 8 3 1 3   894.0  888.0
 81 1875.164854 7.360E-94 1.169E+01.01400.03235845.27630.60-.002220       X1/2   2       X1/2   1                 RR147.5e     0222231211 8 3 1 3   894.0  888.0
 81 1875.169446 2.195E-22 6.171E-02.05760.063   80.30030.64-.000530       X1/2   1       X1/2   0            7.5   Q  6.5f  7.5455443 4 4 8 3 1 3    16.0   16.0
 81 1875.171017 3.973E-24 1.277E-03.05760.063   80.30030.64-.000530       X1/2   1       X1/2   0            6.5   Q  6.5f  7.5455443 4 4 8 3 1 3    14.0   16.0
 81 1875.171833 3.973E-24 1.117E-03.05760.063   80.30030.64-.000530       X1/2   1       X1/2   0            7.5   Q  6.5f  6.5455443 4 4 8 3 1 3    16.0   14.0
 81 1875.173403 1.876E-22 6.028E-02.05760.063   80.30030.64-.000530       X1/2   1       X1/2   0            6.5   Q  6.5f  6.5455443 4 4 8 3 1 3    14.0   14.0
 81 1875.174859 3.967E-24 1.487E-03.05760.063   80.30030.64-.000530       X1/2   1       X1/2   0            5.5   Q  6.5f  6.5455443 4 4 8 3 1 3    12.0   14.0
 81 1875.175482 3.967E-24 1.275E-03.05760.063   80.30030.64-.000530       X1/2   1       X1/2   0            6.5   Q  6.5f  5.5455443 4 4 8 3 1 3    14.0   12.0
 81 1875.176937 1.636E-22 6.133E-02.05760.063   80.30030.64-.000530       X1/2   1       X1/2   0            5.5   Q  6.5f  5.5455443 4 4 8 3 1 3    12.0   12.0
 81 1875.182787 6.742E-94 1.170E+01.01390.01735861.93210.70-.001200       X3/2   2       X3/2   1                 RR146.5e     0222231211 8 3 1 3   888.0  882.0
 81 1875.196166 6.693E-94 1.169E+01.01390.01735863.42670.70-.001200       X3/2   2       X3/2   1                 RR146.5f     0222231211 8 3 1 3   888.0  882.0
 81 1875.234474 3.499E-23 2.129E-02.06090.067  179.94830.67-.001580       X3/2   1       X3/2   0            5.5   Q  5.5f  6.5455443 4 4 8 3 1 3    12.0   14.0
 81 1875.234620 3.491E-23 2.549E-02.06090.067  179.94830.67-.001580       X3/2   1       X3/2   0            4.5   Q  5.5f  5.5455443 4 4 8 3 1 3    10.0   12.0
 81 1875.235021 1.443E-21 7.526E-01.06090.067  179.94830.67-.001580       X3/2   1       X3/2   0            6.5   Q  5.5f  6.5455443 4 4 8 3 1 3    14.0   14.0
 81 1875.235063 1.021E-21 7.455E-01.06090.067  179.94830.67-.001580       X3/2   1       X3/2   0            4.5   Q  5.5f  4.5455443 4 4 8 3 1 3    10.0   10.0
 81 1875.235092 1.197E-21 7.284E-01.06090.067  179.94830.67-.001580       X3/2   1       X3/2   0            5.5   Q  5.5f  5.5455443 4 4 8 3 1 3    12.0   12.0
 81 1875.235534 3.491E-23 2.124E-02.06090.067  179.94830.67-.001580       X3/2   1       X3/2   0            5.5   Q  5.5f  4.5455443 4 4 8 3 1 3    12.0   10.0
 81 1875.235639 3.499E-23 1.825E-02.06090.067  179.94830.67-.001580       X3/2   1       X3/2   0            6.5   Q  5.5f  5.5455443 4 4 8 3 1 3    14.0   12.0
 81 1875.236545 3.499E-23 2.129E-02.06090.067  179.94720.67-.001580       X3/2   1       X3/2   0            5.5   Q  5.5e  6.5455443 4 4 8 3 1 3    12.0   14.0
 81 1875.236648 3.491E-23 2.549E-02.06090.067  179.94720.67-.001580       X3/2   1       X3/2   0            4.5   Q  5.5e  5.5455443 4 4 8 3 1 3    10.0   12.0
 81 1875.237091 1.197E-21 7.283E-01.06090.067  179.94720.67-.001580       X3/2   1       X3/2   0            5.5   Q  5.5e  5.5455443 4 4 8 3 1 3    12.0   12.0
 81 1875.237119 1.021E-21 7.455E-01.06090.067  179.94720.67-.001580       X3/2   1       X3/2   0            4.5   Q  5.5e  4.5455443 4 4 8 3 1 3    10.0   10.0
 81 1875.237163 1.443E-21 7.526E-01.06090.067  179.94720.67-.001580       X3/2   1       X3/2   0            6.5   Q  5.5e  6.5455443 4 4 8 3 1 3    14.0   14.0
 81 1875.237562 3.491E-23 2.124E-02.06090.067  179.94720.67-.001580       X3/2   1       X3/2   0            5.5   Q  5.5e  4.5455443 4 4 8 3 1 3    12.0   10.0
 81 1875.237709 3.499E-23 1.825E-02.06090.067  179.94720.67-.001580       X3/2   1       X3/2   0            6.5   Q  5.5e  5.5455443 4 4 8 3 1 3    14.0   12.0
 81 1875.238654 1.163E-28 6.082E-04.05850.066 2102.81560.73-.001130       X3/2   2       X3/2   1            7.5   R  7.5e  8.5455443 3 3 8 3 1 3    16.0   18.0
 81 1875.238881 3.348E-26 1.556E-01.05850.066 2102.81560.73-.001130       X3/2   2       X3/2   1            8.5   R  7.5e  8.5455443 3 3 8 3 1 3    18.0   18.0
 81 1875.238964 3.348E-26 1.751E-01.05850.066 2102.81560.73-.001130       X3/2   2       X3/2   1            7.5   R  7.5e  7.5455443 3 3 8 3 1 3    16.0   16.0
 81 1875.239106 2.688E-24 1.125E+01.05850.066 2102.81560.73-.001130       X3/2   2       X3/2   1            9.5   R  7.5e  8.5455443 3 3 8 3 1 3    20.0   18.0
 81 1875.239191 2.386E-24 1.109E+01.05850.066 2102.81560.73-.001130       X3/2   2       X3/2   1            8.5   R  7.5e  7.5455443 3 3 8 3 1 3    18.0   16.0
 81 1875.239257 2.117E-24 1.107E+01.05850.066 2102.81560.73-.001130       X3/2   2       X3/2   1            7.5   R  7.5e  6.5455443 3 3 8 3 1 3    16.0   14.0
 81 1875.239515 1.163E-28 6.082E-04.05850.066 2102.81810.73-.001130       X3/2   2       X3/2   1            7.5   R  7.5f  8.5455443 3 3 8 3 1 3    16.0   18.0
 81 1875.239720 3.348E-26 1.556E-01.05850.066 2102.81810.73-.001130       X3/2   2       X3/2   1            8.5   R  7.5f  8.5455443 3 3 8 3 1 3    18.0   18.0
 81 1875.239931 3.348E-26 1.751E-01.05850.066 2102.81810.73-.001130       X3/2   2       X3/2   1            7.5   R  7.5f  7.5455443 3 3 8 3 1 3    16.0   16.0
 81 1875.240070 2.688E-24 1.125E+01.05850.066 2102.81810.73-.001130       X3/2   2       X3/2   1            9.5   R  7.5f  8.5455443 3 3 8 3 1 3    20.0   18.0
 81 1875.240137 2.386E-24 1.109E+01.05850.066 2102.81810.73-.001130       X3/2   2       X3/2   1            8.5   R  7.5f  7.5455443 3 3 8 3 1 3    18.0   16.0
 81 1875.240199 2.117E-24 1.107E+01.05850.066 2102.81810.73-.001130       X3/2   2       X3/2   1            7.5   R  7.5f  6.5455443 3 3 8 3 1 3    16.0   14.0
 81 1875.299170 3.566E-28 1.731E+01.05200.061 4386.33110.70-.000740       X3/2   3       X3/2   2                 RR 17.5e     4653231111 8 3 1 3   114.0  108.0
 81 1875.301494 1.053E-60 1.072E-03.03950.05417945.27480.60-.002220       X3/2  10       X1/2   9                 SR 36.5e     3632231111 8 3 1 3   228.0  222.0
 81 1875.302534 3.565E-28 1.731E+01.05200.061 4386.35570.70-.000740       X3/2   3       X3/2   2                 RR 17.5f     4653231111 8 3 1 3   114.0  108.0
 81 1875.331749 1.637E-22 6.135E-02.05760.063   80.21880.64-.000530       X1/2   1       X1/2   0            5.5   Q  6.5e  5.5455443 4 4 8 3 1 3    12.0   12.0
 81 1875.333205 3.969E-24 1.487E-03.05760.063   80.21880.64-.000530       X1/2   1       X1/2   0            5.5   Q  6.5e  6.5455443 4 4 8 3 1 3    12.0   14.0
 81 1875.333827 3.969E-24 1.275E-03.05760.063   80.21880.64-.000530       X1/2   1       X1/2   0            6.5   Q  6.5e  5.5455443 4 4 8 3 1 3    14.0   12.0
 81 1875.335282 1.877E-22 6.030E-02.05760.063   80.21880.64-.000530       X1/2   1       X1/2   0            6.5   Q  6.5e  6.5455443 4 4 8 3 1 3    14.0   14.0
 81 1875.336851 3.974E-24 1.277E-03.05760.063   80.21880.64-.000530       X1/2   1       X1/2   0            6.5   Q  6.5e  7.5455443 4 4 8 3 1 3    14.0   16.0
 81 1875.337666 3.974E-24 1.117E-03.05760.063   80.21880.64-.000530       X1/2   1       X1/2   0            7.5   Q  6.5e  6.5455443 4 4 8 3 1 3    16.0   14.0
 81 1875.339235 2.196E-22 6.173E-02.05760.063   80.21880.64-.000530       X1/2   1       X1/2   0            7.5   Q  6.5e  7.5455443 4 4 8 3 1 3    16.0   16.0
 81 1875.360669 2.480E-99 5.902E+00.01330.03138308.96940.60-.002220       X1/2   1       X1/2   0                 RR156.5f     0222231211 8 3 1 3   948.0  942.0
 81 1875.365479 2.480E-99 5.904E+00.01330.03138309.02080.60-.002220       X1/2   1       X1/2   0                 RR156.5e     0222231211 8 3 1 3   948.0  942.0
 81 1875.390365 2.280E-99 5.904E+00.01320.01638325.03010.70-.001200       X3/2   1       X3/2   0                 RR155.5e     0222231211 8 3 1 3   942.0  936.0
 81 1875.403395 2.894E-22 8.368E-02.05870.063   58.55950.70-.000440       X1/2   1       X1/2   0            6.5   Q  5.5f  6.5455443 4 4 8 3 1 3    14.0   14.0
 81 1875.404891 2.263E-99 5.904E+00.01320.01638326.56280.70-.001200       X3/2   1       X3/2   0                 RR155.5f     0222231211 8 3 1 3   942.0  936.0
 81 1875.404978 7.015E-24 2.366E-03.05870.063   58.55950.70-.000440       X1/2   1       X1/2   0            5.5   Q  5.5f  6.5455443 4 4 8 3 1 3    12.0   14.0
 81 1875.405839 7.015E-24 2.028E-03.05870.063   58.55950.70-.000440       X1/2   1       X1/2   0            6.5   Q  5.5f  5.5455443 4 4 8 3 1 3    14.0   12.0
 81 1875.407422 2.400E-22 8.096E-02.05870.063   58.55950.70-.000440       X1/2   1       X1/2   0            5.5   Q  5.5f  5.5455443 4 4 8 3 1 3    12.0   12.0
 81 1875.408847 6.998E-24 2.833E-03.05870.063   58.55950.70-.000440       X1/2   1       X1/2   0            4.5   Q  5.5f  5.5455443 4 4 8 3 1 3    10.0   12.0
 81 1875.409493 6.998E-24 2.361E-03.05870.063   58.55950.70-.000440       X1/2   1       X1/2   0            5.5   Q  5.5f  4.5455443 4 4 8 3 1 3    12.0   10.0
 81 1875.410918 2.047E-22 8.287E-02.05870.063   58.55950.70-.000440       X1/2   1       X1/2   0            4.5   Q  5.5f  4.5455443 4 4 8 3 1 3    10.0   10.0
 81 1875.431934 1.152E-71 2.865E+01.01830.02225449.47490.70-.001200       X3/2   5       X3/2   4                 RR106.5e     0222231211 8 3 1 3   648.0  642.0
 81 1875.432963 6.634E-23 4.419E-02.06210.068  161.03250.63-.001480       X3/2   1       X3/2   0            4.5   Q  4.5f  5.5455443 4 4 8 3 1 3    10.0   12.0
 81 1875.433145 6.607E-23 5.502E-02.06210.068  161.03250.63-.001480       X3/2   1       X3/2   0            3.5   Q  4.5f  4.5455443 4 4 8 3 1 3     8.0   10.0
 81 1875.433689 1.941E-21 1.078E+00.06210.068  161.03250.63-.001480       X3/2   1       X3/2   0            5.5   Q  4.5f  5.5455443 4 4 8 3 1 3    12.0   12.0
 81 1875.433715 1.272E-21 1.059E+00.06210.068  161.03250.63-.001480       X3/2   1       X3/2   0            3.5   Q  4.5f  3.5455443 4 4 8 3 1 3     8.0    8.0
 81 1875.433744 1.540E-21 1.026E+00.06210.068  161.03250.63-.001480       X3/2   1       X3/2   0            4.5   Q  4.5f  4.5455443 4 4 8 3 1 3    10.0   10.0
 81 1875.434149 6.634E-23 4.419E-02.06210.068  161.03190.63-.001480       X3/2   1       X3/2   0            4.5   Q  4.5e  5.5455443 4 4 8 3 1 3    10.0   12.0
 81 1875.434303 6.607E-23 5.502E-02.06210.068  161.03190.63-.001480       X3/2   1       X3/2   0            3.5   Q  4.5e  4.5455443 4 4 8 3 1 3     8.0   10.0
 81 1875.434314 6.607E-23 4.401E-02.06210.068  161.03250.63-.001480       X3/2   1       X3/2   0            4.5   Q  4.5f  3.5455443 4 4 8 3 1 3    10.0    8.0
 81 1875.434470 6.634E-23 3.683E-02.06210.068  161.03250.63-.001480       X3/2   1       X3/2   0            5.5   Q  4.5f  4.5455443 4 4 8 3 1 3    12.0   10.0
 81 1875.434874 1.540E-21 1.026E+00.06210.068  161.03190.63-.001480       X3/2   1       X3/2   0            4.5   Q  4.5e  4.5455443 4 4 8 3 1 3    10.0   10.0
 81 1875.434902 1.272E-21 1.059E+00.06210.068  161.03190.63-.001480       X3/2   1       X3/2   0            3.5   Q  4.5e  3.5455443 4 4 8 3 1 3     8.0    8.0
 81 1875.434930 1.941E-21 1.078E+00.06210.068  161.03190.63-.001480       X3/2   1       X3/2   0            5.5   Q  4.5e  5.5455443 4 4 8 3 1 3    12.0   12.0
 81 1875.435472 6.607E-23 4.401E-02.06210.068  161.03190.63-.001480       X3/2   1       X3/2   0            4.5   Q  4.5e  3.5455443 4 4 8 3 1 3    10.0    8.0
 81 1875.435655 6.634E-23 3.683E-02.06210.068  161.03190.63-.001480       X3/2   1       X3/2   0            5.5   Q  4.5e  4.5455443 4 4 8 3 1 3    12.0   10.0
 81 1875.442647 1.145E-71 2.866E+01.01830.02225450.82230.70-.001200       X3/2   5       X3/2   4                 RR106.5f     0222231211 8 3 1 3   648.0  642.0
 81 1875.470104 1.289E-71 2.865E+01.01850.03725428.27190.60-.002220       X1/2   5       X1/2   4                 RR107.5f     0222231211 8 3 1 3   654.0  648.0
 81 1875.470572 1.289E-71 2.867E+01.01850.03725428.39160.60-.002220       X1/2   5       X1/2   4                 RR107.5e     0222231211 8 3 1 3   654.0  648.0
 81 1875.473554 2.044E-55 1.918E-03.04410.05615511.20470.60-.002220       X3/2   9       X1/2   8                 SR 28.5f     3633231111 8 3 1 3   180.0  174.0
 81 1875.492235 1.270E-41 2.898E+01.03380.04011053.58850.70-.001200       X3/2   5       X3/2   4                 RR 46.5e     4622231111 8 3 1 3   288.0  282.0
 81 1875.494281 3.949E-45 6.933E-03.04170.05510928.72370.60-.002220       X3/2   6       X1/2   5                 RQ 33.5f     3632231111 8 3 1 3   204.0  204.0
 81 1875.500650 1.268E-41 2.897E+01.03380.04011053.85280.70-.001200       X3/2   5       X3/2   4                 RR 46.5f     4622231111 8 3 1 3   288.0  282.0
 81 1875.543094 2.048E-22 8.289E-02.05870.063   58.48930.70-.000440       X1/2   1       X1/2   0            4.5   Q  5.5e  4.5455443 4 4 8 3 1 3    10.0   10.0
 81 1875.544520 7.001E-24 2.834E-03.05870.063   58.48930.70-.000440       X1/2   1       X1/2   0            4.5   Q  5.5e  5.5455443 4 4 8 3 1 3    10.0   12.0
 81 1875.545164 7.001E-24 2.361E-03.05870.063   58.48930.70-.000440       X1/2   1       X1/2   0            5.5   Q  5.5e  4.5455443 4 4 8 3 1 3    12.0   10.0
 81 1875.546590 2.401E-22 8.098E-02.05870.063   58.48930.70-.000440       X1/2   1       X1/2   0            5.5   Q  5.5e  5.5455443 4 4 8 3 1 3    12.0   12.0
 81 1875.548170 7.018E-24 2.367E-03.05870.063   58.48930.70-.000440       X1/2   1       X1/2   0            5.5   Q  5.5e  6.5455443 4 4 8 3 1 3    12.0   14.0
 81 1875.549031 7.018E-24 2.029E-03.05870.063   58.48930.70-.000440       X1/2   1       X1/2   0            6.5   Q  5.5e  5.5455443 4 4 8 3 1 3    14.0   12.0
 81 1875.550612 2.895E-22 8.369E-02.05870.063   58.48930.70-.000440       X1/2   1       X1/2   0            6.5   Q  5.5e  6.5455443 4 4 8 3 1 3    14.0   14.0
 81 1875.595209 1.399E-22 1.081E-01.06370.069  145.55410.68-.002110       X3/2   1       X3/2   0            3.5   Q  3.5f  4.5455443 4 4 8 3 1 3     8.0   10.0
 81 1875.595465 1.388E-22 1.430E-01.06370.069  145.55410.68-.002110       X3/2   1       X3/2   0            2.5   Q  3.5f  3.5455443 4 4 8 3 1 3     6.0    8.0
 81 1875.595800 1.399E-22 1.081E-01.06370.069  145.55380.68-.002110       X3/2   1       X3/2   0            3.5   Q  3.5e  4.5455443 4 4 8 3 1 3     8.0   10.0
 81 1875.596041 1.388E-22 1.430E-01.06370.069  145.55380.68-.002110       X3/2   1       X3/2   0            2.5   Q  3.5e  3.5455443 4 4 8 3 1 3     6.0    8.0
 81 1875.596199 2.694E-21 1.665E+00.06370.069  145.55410.68-.002110       X3/2   1       X3/2   0            4.5   Q  3.5f  4.5455443 4 4 8 3 1 3    10.0   10.0
 81 1875.596212 1.561E-21 1.608E+00.06370.069  145.55410.68-.002110       X3/2   1       X3/2   0            2.5   Q  3.5f  2.5455443 4 4 8 3 1 3     6.0    6.0
 81 1875.596239 1.988E-21 1.536E+00.06370.069  145.55410.68-.002110       X3/2   1       X3/2   0            3.5   Q  3.5f  3.5455443 4 4 8 3 1 3     8.0    8.0
 81 1875.596790 1.988E-21 1.536E+00.06370.069  145.55380.68-.002110       X3/2   1       X3/2   0            3.5   Q  3.5e  3.5455443 4 4 8 3 1 3     8.0    8.0
 81 1875.596815 1.561E-21 1.608E+00.06370.069  145.55380.68-.002110       X3/2   1       X3/2   0            2.5   Q  3.5e  2.5455443 4 4 8 3 1 3     6.0    6.0
 81 1875.596830 2.694E-21 1.665E+00.06370.069  145.55380.68-.002110       X3/2   1       X3/2   0            4.5   Q  3.5e  4.5455443 4 4 8 3 1 3    10.0   10.0
 81 1875.596987 1.388E-22 1.072E-01.06370.069  145.55410.68-.002110       X3/2   1       X3/2   0            3.5   Q  3.5f  2.5455443 4 4 8 3 1 3     8.0    6.0
 81 1875.597230 1.399E-22 8.646E-02.06370.069  145.55410.68-.002110       X3/2   1       X3/2   0            4.5   Q  3.5f  3.5455443 4 4 8 3 1 3    10.0    8.0
 81 1875.597564 1.388E-22 1.072E-01.06370.069  145.55380.68-.002110       X3/2   1       X3/2   0            3.5   Q  3.5e  2.5455443 4 4 8 3 1 3     8.0    6.0
 81 1875.597820 1.399E-22 8.646E-02.06370.069  145.55380.68-.002110       X3/2   1       X3/2   0            4.5   Q  3.5e  3.5455443 4 4 8 3 1 3    10.0    8.0
 81 1875.603226 3.880E-22 1.197E-01.06000.064   40.16240.71-.000520       X1/2   1       X1/2   0            5.5   Q  4.5f  5.5455443 4 4 8 3 1 3    12.0   12.0
 81 1875.604813 1.327E-23 4.913E-03.06000.064   40.16240.71-.000520       X1/2   1       X1/2   0            4.5   Q  4.5f  5.5455443 4 4 8 3 1 3    10.0   12.0
 81 1875.605757 1.327E-23 4.095E-03.06000.064   40.16240.71-.000520       X1/2   1       X1/2   0            5.5   Q  4.5f  4.5455443 4 4 8 3 1 3    12.0   10.0
 81 1875.607344 3.079E-22 1.140E-01.06000.064   40.16240.71-.000520       X1/2   1       X1/2   0            4.5   Q  4.5f  4.5455443 4 4 8 3 1 3    10.0   10.0
 81 1875.608721 1.321E-23 6.114E-03.06000.064   40.16240.71-.000520       X1/2   1       X1/2   0            3.5   Q  4.5f  4.5455443 4 4 8 3 1 3     8.0   10.0
 81 1875.609411 1.321E-23 4.891E-03.06000.064   40.16240.71-.000520       X1/2   1       X1/2   0            4.5   Q  4.5f  3.5455443 4 4 8 3 1 3    10.0    8.0
 81 1875.610788 2.543E-22 1.177E-01.06000.064   40.16240.71-.000520       X1/2   1       X1/2   0            3.5   Q  4.5f  3.5455443 4 4 8 3 1 3     8.0    8.0
 81 1875.654227 2.039E-55 1.911E-03.04410.05615510.94130.60-.002220       X3/2   9       X1/2   8                 SR 28.5e     3633231111 8 3 1 3   180.0  174.0
 81 1875.710340 8.773E-81 2.305E+01.01610.02029754.25090.70-.001200       X3/2   4       X3/2   3                 RR123.5e     0222231211 8 3 1 3   750.0  744.0
 81 1875.716925 9.694E-81 2.305E+01.01630.03529735.33940.60-.002220       X1/2   4       X1/2   3                 RR124.5f     0222231211 8 3 1 3   756.0  750.0
 81 1875.718343 9.690E-81 2.305E+01.01630.03529735.42820.60-.002220       X1/2   4       X1/2   3                 RR124.5e     0222231211 8 3 1 3   756.0  750.0
 81 1875.719943 2.544E-22 1.177E-01.06000.064   40.10360.71-.000520       X1/2   1       X1/2   0            3.5   Q  4.5e  3.5455443 4 4 8 3 1 3     8.0    8.0
 81 1875.721118 3.532E-22 3.432E-01.06570.071  133.51420.74-.001630       X3/2   1       X3/2   0            2.5   Q  2.5f  3.5455443 4 4 8 3 1 3     6.0    8.0
 81 1875.721320 1.322E-23 6.118E-03.06000.064   40.10360.71-.000520       X1/2   1       X1/2   0            3.5   Q  4.5e  4.5455443 4 4 8 3 1 3     8.0   10.0
 81 1875.721351 3.532E-22 3.432E-01.06570.071  133.51400.74-.001630       X3/2   1       X3/2   0            2.5   Q  2.5e  3.5455443 4 4 8 3 1 3     6.0    8.0
 81 1875.721546 3.461E-22 5.044E-01.06570.071  133.51420.74-.001630       X3/2   1       X3/2   0            1.5   Q  2.5f  2.5455443 4 4 8 3 1 3     4.0    6.0
 81 1875.721775 3.461E-22 5.044E-01.06570.071  133.51400.74-.001630       X3/2   1       X3/2   0            1.5   Q  2.5e  2.5455443 4 4 8 3 1 3     4.0    6.0
 81 1875.721811 8.713E-81 2.305E+01.01610.02029755.65670.70-.001200       X3/2   4       X3/2   3                 RR123.5f     0222231211 8 3 1 3   750.0  744.0
 81 1875.722009 1.322E-23 4.894E-03.06000.064   40.10360.71-.000520       X1/2   1       X1/2   0            4.5   Q  4.5e  3.5455443 4 4 8 3 1 3    10.0    8.0
 81 1875.722562 3.974E-21 2.896E+00.06570.071  133.51420.74-.001630       X3/2   1       X3/2   0            3.5   Q  2.5f  3.5455443 4 4 8 3 1 3     8.0    8.0
 81 1875.722565 1.817E-21 2.648E+00.06570.071  133.51420.74-.001630       X3/2   1       X3/2   0            1.5   Q  2.5f  1.5455443 4 4 8 3 1 3     4.0    4.0
 81 1875.722589 2.546E-21 2.474E+00.06570.071  133.51420.74-.001630       X3/2   1       X3/2   0            2.5   Q  2.5f  2.5455443 4 4 8 3 1 3     6.0    6.0
 81 1875.722794 2.546E-21 2.474E+00.06570.071  133.51400.74-.001630       X3/2   1       X3/2   0            2.5   Q  2.5e  2.5455443 4 4 8 3 1 3     6.0    6.0
 81 1875.722817 1.817E-21 2.648E+00.06570.071  133.51400.74-.001630       X3/2   1       X3/2   0            1.5   Q  2.5e  1.5455443 4 4 8 3 1 3     4.0    4.0
 81 1875.722821 3.974E-21 2.896E+00.06570.071  133.51400.74-.001630       X3/2   1       X3/2   0            3.5   Q  2.5e  3.5455443 4 4 8 3 1 3     8.0    8.0
 81 1875.723386 3.081E-22 1.141E-01.06000.064   40.10360.71-.000520       X1/2   1       X1/2   0            4.5   Q  4.5e  4.5455443 4 4 8 3 1 3    10.0   10.0
 81 1875.723608 3.461E-22 3.363E-01.06570.071  133.51420.74-.001630       X3/2   1       X3/2   0            2.5   Q  2.5f  1.5455443 4 4 8 3 1 3     6.0    4.0
 81 1875.723837 3.461E-22 3.363E-01.06570.071  133.51400.74-.001630       X3/2   1       X3/2   0            2.5   Q  2.5e  1.5455443 4 4 8 3 1 3     6.0    4.0
 81 1875.724033 3.532E-22 2.574E-01.06570.071  133.51420.74-.001630       X3/2   1       X3/2   0            3.5   Q  2.5f  2.5455443 4 4 8 3 1 3     8.0    6.0
 81 1875.724265 3.532E-22 2.574E-01.06570.071  133.51400.74-.001630       X3/2   1       X3/2   0            3.5   Q  2.5e  2.5455443 4 4 8 3 1 3     8.0    6.0
 81 1875.724971 1.327E-23 4.913E-03.06000.064   40.10360.71-.000520       X1/2   1       X1/2   0            4.5   Q  4.5e  5.5455443 4 4 8 3 1 3    10.0   12.0
 81 1875.725915 1.327E-23 4.094E-03.06000.064   40.10360.71-.000520       X1/2   1       X1/2   0            5.5   Q  4.5e  4.5455443 4 4 8 3 1 3    12.0   10.0
 81 1875.727500 3.882E-22 1.198E-01.06000.064   40.10360.71-.000520       X1/2   1       X1/2   0            5.5   Q  4.5e  5.5455443 4 4 8 3 1 3    12.0   12.0
 81 1875.741427 1.213E-66 5.259E-04.03490.05120655.51600.60-.002220       X3/2  11       X1/2  10                 SR 45.5f     2622231111 8 3 1 3   282.0  276.0
 81 1875.768944 5.375E-22 1.850E-01.06170.066   25.10900.69-.000480       X1/2   1       X1/2   0            4.5   Q  3.5f  4.5455443 4 4 8 3 1 3    10.0   10.0
 81 1875.770523 2.792E-23 1.201E-02.06170.066   25.10900.69-.000480       X1/2   1       X1/2   0            3.5   Q  3.5f  4.5455443 4 4 8 3 1 3     8.0   10.0
 81 1875.771619 2.792E-23 9.610E-03.06170.066   25.10900.69-.000480       X1/2   1       X1/2   0            4.5   Q  3.5f  3.5455443 4 4 8 3 1 3    10.0    8.0
 81 1875.773197 3.968E-22 1.707E-01.06170.066   25.10900.69-.000480       X1/2   1       X1/2   0            3.5   Q  3.5f  3.5455443 4 4 8 3 1 3     8.0    8.0
 81 1875.774494 2.770E-23 1.589E-02.06170.066   25.10900.69-.000480       X1/2   1       X1/2   0            2.5   Q  3.5f  3.5455443 4 4 8 3 1 3     6.0    8.0
 81 1875.775266 2.770E-23 1.192E-02.06170.066   25.10900.69-.000480       X1/2   1       X1/2   0            3.5   Q  3.5f  2.5455443 4 4 8 3 1 3     8.0    6.0
 81 1875.776563 3.116E-22 1.788E-01.06170.066   25.10900.69-.000480       X1/2   1       X1/2   0            2.5   Q  3.5f  2.5455443 4 4 8 3 1 3     6.0    6.0
 81 1875.782417 2.195E-31 9.556E-04.04060.054 4015.76970.60-.001280       X3/2   2       X1/2   1                 QP 35.5f     4632231111 8 3 1 3   210.0  216.0
 81 1875.810328 1.263E-21 1.765E+00.06830.074  124.91360.74-.001630       X3/2   1       X3/2   0            1.5   Q  1.5f  2.5455443 4 4 8 3 1 3     4.0    6.0
 81 1875.810383 1.263E-21 1.765E+00.06830.074  124.91360.74-.001630       X3/2   1       X3/2   0            1.5   Q  1.5e  2.5455443 4 4 8 3 1 3     4.0    6.0
 81 1875.811278 1.170E-21 3.271E+00.06830.074  124.91360.74-.001630       X3/2   1       X3/2   0             .5   Q  1.5f  1.5455443 4 4 8 3 1 3     2.0    4.0
 81 1875.811336 1.170E-21 3.271E+00.06830.074  124.91360.74-.001630       X3/2   1       X3/2   0             .5   Q  1.5e  1.5455443 4 4 8 3 1 3     2.0    4.0
 81 1875.812789 1.462E-21 4.087E+00.06830.074  124.91360.74-.001630       X3/2   1       X3/2   0             .5   Q  1.5f   .5455443 4 4 8 3 1 3     2.0    2.0
 81 1875.812794 6.632E-21 6.180E+00.06830.074  124.91360.74-.001630       X3/2   1       X3/2   0            2.5   Q  1.5f  2.5455443 4 4 8 3 1 3     6.0    6.0
 81 1875.812807 2.831E-21 3.957E+00.06830.074  124.91360.74-.001630       X3/2   1       X3/2   0            1.5   Q  1.5f  1.5455443 4 4 8 3 1 3     4.0    4.0
 81 1875.812848 2.831E-21 3.957E+00.06830.074  124.91360.74-.001630       X3/2   1       X3/2   0            1.5   Q  1.5e  1.5455443 4 4 8 3 1 3     4.0    4.0
 81 1875.812862 6.632E-21 6.180E+00.06830.074  124.91360.74-.001630       X3/2   1       X3/2   0            2.5   Q  1.5e  2.5455443 4 4 8 3 1 3     6.0    6.0
 81 1875.812865 1.462E-21 4.087E+00.06830.074  124.91360.74-.001630       X3/2   1       X3/2   0             .5   Q  1.5e   .5455443 4 4 8 3 1 3     2.0    2.0
 81 1875.814319 1.170E-21 1.635E+00.06830.074  124.91360.74-.001630       X3/2   1       X3/2   0            1.5   Q  1.5f   .5455443 4 4 8 3 1 3     4.0    2.0
 81 1875.814377 1.170E-21 1.635E+00.06830.074  124.91360.74-.001630       X3/2   1       X3/2   0            1.5   Q  1.5e   .5455443 4 4 8 3 1 3     4.0    2.0
 81 1875.815273 1.263E-21 1.177E+00.06830.074  124.91360.74-.001630       X3/2   1       X3/2   0            2.5   Q  1.5f  1.5455443 4 4 8 3 1 3     6.0    4.0
 81 1875.815327 1.263E-21 1.177E+00.06830.074  124.91360.74-.001630       X3/2   1       X3/2   0            2.5   Q  1.5e  1.5455443 4 4 8 3 1 3     6.0    4.0
 81 1875.818204 1.208E-66 5.230E-04.03490.05120655.20420.60-.002220       X3/2  11       X1/2  10                 SR 45.5e     2622231111 8 3 1 3   282.0  276.0
 81 1875.862326 3.117E-22 1.788E-01.06170.066   25.06180.69-.000480       X1/2   1       X1/2   0            2.5   Q  3.5e  2.5455443 4 4 8 3 1 3     6.0    6.0
 81 1875.863622 2.770E-23 1.589E-02.06170.066   25.06180.69-.000480       X1/2   1       X1/2   0            2.5   Q  3.5e  3.5455443 4 4 8 3 1 3     6.0    8.0
 81 1875.864394 2.770E-23 1.192E-02.06170.066   25.06180.69-.000480       X1/2   1       X1/2   0            3.5   Q  3.5e  2.5455443 4 4 8 3 1 3     8.0    6.0
 81 1875.865691 3.969E-22 1.707E-01.06170.066   25.06180.69-.000480       X1/2   1       X1/2   0            3.5   Q  3.5e  3.5455443 4 4 8 3 1 3     8.0    8.0
 81 1875.867267 2.793E-23 1.202E-02.06170.066   25.06180.69-.000480       X1/2   1       X1/2   0            3.5   Q  3.5e  4.5455443 4 4 8 3 1 3     8.0   10.0
 81 1875.868362 2.793E-23 9.612E-03.06170.066   25.06180.69-.000480       X1/2   1       X1/2   0            4.5   Q  3.5e  3.5455443 4 4 8 3 1 3    10.0    8.0
 81 1875.869939 5.377E-22 1.851E-01.06170.066   25.06180.69-.000480       X1/2   1       X1/2   0            4.5   Q  3.5e  4.5455443 4 4 8 3 1 3    10.0   10.0
 81 1875.893392 3.935E-45 6.902E-03.04170.05510928.44410.60-.002220       X3/2   6       X1/2   5                 RQ 33.5e     3632231111 8 3 1 3   204.0  204.0
 81 1875.900564 7.917E-22 3.218E-01.06370.069   13.39940.78-.000430       X1/2   1       X1/2   0            3.5   Q  2.5f  3.5455443 4 4 8 3 1 3     8.0    8.0
 81 1875.902104 7.037E-23 3.814E-02.06370.069   13.39940.78-.000430       X1/2   1       X1/2   0            2.5   Q  2.5f  3.5455443 4 4 8 3 1 3     6.0    8.0
 81 1875.903505 7.037E-23 2.861E-02.06370.069   13.39940.78-.000430       X1/2   1       X1/2   0            3.5   Q  2.5f  2.5455443 4 4 8 3 1 3     8.0    6.0
 81 1875.905045 5.072E-22 2.749E-01.06370.069   13.39940.78-.000430       X1/2   1       X1/2   0            2.5   Q  2.5f  2.5455443 4 4 8 3 1 3     6.0    6.0
 81 1875.906204 6.896E-23 5.607E-02.06370.069   13.39940.78-.000430       X1/2   1       X1/2   0            1.5   Q  2.5f  2.5455443 4 4 8 3 1 3     4.0    6.0
 81 1875.907129 6.896E-23 3.738E-02.06370.069   13.39940.78-.000430       X1/2   1       X1/2   0            2.5   Q  2.5f  1.5455443 4 4 8 3 1 3     6.0    4.0
 81 1875.908288 3.621E-22 2.944E-01.06370.069   13.39940.78-.000430       X1/2   1       X1/2   0            1.5   Q  2.5f  1.5455443 4 4 8 3 1 3     4.0    4.0
 81 1875.917393 1.171E-74 1.451E-03.01970.03924818.64850.60-.002220       X3/2   6       X1/2   5                 RQ100.5e     0222231211 8 3 1 3   606.0  606.0
 81 1875.922566 2.191E-31 9.527E-04.04060.054 4015.49200.60-.001280       X3/2   2       X1/2   1                 QP 35.5e     4632231111 8 3 1 3   210.0  216.0
 81 1875.947959 1.585E-41 2.902E+01.03400.05011012.44030.60-.002220       X1/2   5       X1/2   4                 RR 47.5e     4622231111 8 3 1 3   294.0  288.0
 81 1875.950501 1.582E-41 2.901E+01.03400.05011012.73090.60-.002220       X1/2   5       X1/2   4                 RR 47.5f     4622231111 8 3 1 3   294.0  288.0
 81 1875.970236 3.621E-22 2.944E-01.06370.069   13.36390.78-.000430       X1/2   1       X1/2   0            1.5   Q  2.5e  1.5455443 4 4 8 3 1 3     4.0    4.0
 81 1875.971396 6.898E-23 5.608E-02.06370.069   13.36390.78-.000430       X1/2   1       X1/2   0            1.5   Q  2.5e  2.5455443 4 4 8 3 1 3     4.0    6.0
 81 1875.972320 6.898E-23 3.738E-02.06370.069   13.36390.78-.000430       X1/2   1       X1/2   0            2.5   Q  2.5e  1.5455443 4 4 8 3 1 3     6.0    4.0
 81 1875.973479 5.073E-22 2.749E-01.06370.069   13.36390.78-.000430       X1/2   1       X1/2   0            2.5   Q  2.5e  2.5455443 4 4 8 3 1 3     6.0    6.0
 81 1875.975017 7.038E-23 3.814E-02.06370.069   13.36390.78-.000430       X1/2   1       X1/2   0            2.5   Q  2.5e  3.5455443 4 4 8 3 1 3     6.0    8.0
 81 1875.976417 7.038E-23 2.861E-02.06370.069   13.36390.78-.000430       X1/2   1       X1/2   0            3.5   Q  2.5e  2.5455443 4 4 8 3 1 3     8.0    6.0
 81 1875.977955 7.918E-22 3.218E-01.06370.069   13.36390.78-.000430       X1/2   1       X1/2   0            3.5   Q  2.5e  3.5455443 4 4 8 3 1 3     8.0    8.0
 81 1875.987586 1.527E-33 2.331E+01.04290.056 7097.70370.60-.002220       X1/2   4       X1/2   3                 RR 30.5e     4633231111 8 3 1 3   192.0  186.0
 81 1875.992624 1.525E-33 2.331E+01.04290.056 7097.97010.60-.002220       X1/2   4       X1/2   3                 RR 30.5f     4633231111 8 3 1 3   192.0  186.0
 81 1875.998123 1.320E-21 6.870E-01.06630.073    5.03370.790.000750       X1/2   1       X1/2   0            2.5   Q  1.5f  2.5455443 4 4 8 3 1 3     6.0    6.0
 81 1875.999537 2.514E-22 1.963E-01.06630.073    5.03370.790.000750       X1/2   1       X1/2   0            1.5   Q  1.5f  2.5455443 4 4 8 3 1 3     4.0    6.0
 81 1876.001705 2.514E-22 1.308E-01.06630.073    5.03370.790.000750       X1/2   1       X1/2   0            2.5   Q  1.5f  1.5455443 4 4 8 3 1 3     6.0    4.0
 81 1876.003118 5.633E-22 4.398E-01.06630.073    5.03370.790.000750       X1/2   1       X1/2   0            1.5   Q  1.5f  1.5455443 4 4 8 3 1 3     4.0    4.0
 81 1876.004015 2.328E-22 3.635E-01.06630.073    5.03370.790.000750       X1/2   1       X1/2   0             .5   Q  1.5f  1.5455443 4 4 8 3 1 3     2.0    4.0
 81 1876.005246 2.328E-22 1.817E-01.06630.073    5.03370.790.000750       X1/2   1       X1/2   0            1.5   Q  1.5f   .5455443 4 4 8 3 1 3     4.0    2.0
 81 1876.006143 2.910E-22 4.544E-01.06630.073    5.03370.790.000750       X1/2   1       X1/2   0             .5   Q  1.5f   .5455443 4 4 8 3 1 3     2.0    2.0
 81 1876.043529 2.910E-22 4.543E-01.06630.073    5.01000.790.000750       X1/2   1       X1/2   0             .5   Q  1.5e   .5455443 4 4 8 3 1 3     2.0    2.0
 81 1876.044426 2.328E-22 3.635E-01.06630.073    5.01000.790.000750       X1/2   1       X1/2   0             .5   Q  1.5e  1.5455443 4 4 8 3 1 3     2.0    4.0
 81 1876.045656 2.328E-22 1.817E-01.06630.073    5.01000.790.000750       X1/2   1       X1/2   0            1.5   Q  1.5e   .5455443 4 4 8 3 1 3     4.0    2.0
 81 1876.046553 5.634E-22 4.398E-01.06630.073    5.01000.790.000750       X1/2   1       X1/2   0            1.5   Q  1.5e  1.5455443 4 4 8 3 1 3     4.0    4.0
 81 1876.047963 2.514E-22 1.963E-01.06630.073    5.01000.790.000750       X1/2   1       X1/2   0            1.5   Q  1.5e  2.5455443 4 4 8 3 1 3     4.0    6.0
 81 1876.050130 2.514E-22 1.308E-01.06630.073    5.01000.790.000750       X1/2   1       X1/2   0            2.5   Q  1.5e  1.5455443 4 4 8 3 1 3     6.0    4.0
 81 1876.051540 1.320E-21 6.870E-01.06630.073    5.01000.790.000750       X1/2   1       X1/2   0            2.5   Q  1.5e  2.5455443 4 4 8 3 1 3     6.0    6.0
 81 1876.061796 2.982E-21 2.272E+00.06940.079    0.01190.790.000750       X1/2   1       X1/2   0            1.5   Q  0.5f  1.5455443 4 4 8 3 1 3     4.0    4.0
 81 1876.062469 2.385E-21 3.634E+00.06940.079    0.01190.790.000750       X1/2   1       X1/2   0             .5   Q  0.5f  1.5455443 4 4 8 3 1 3     2.0    4.0
 81 1876.065059 5.105E-74 1.491E-03.01980.03924519.15990.60-.002220       X3/2   6       X1/2   5                 RQ 99.5f     1622231211 8 3 1 3   600.0  600.0
 81 1876.068642 2.385E-21 1.817E+00.06940.079    0.01190.790.000750       X1/2   1       X1/2   0            1.5   Q  0.5f   .5455443 4 4 8 3 1 3     4.0    2.0
 81 1876.069316 2.982E-22 4.544E-01.06940.079    0.01190.790.000750       X1/2   1       X1/2   0             .5   Q  0.5f   .5455443 4 4 8 3 1 3     2.0    2.0
 81 1876.083040 2.982E-22 4.544E-01.06940.079    0.00000.790.000750       X1/2   1       X1/2   0             .5   Q  0.5e   .5455443 4 4 8 3 1 3     2.0    2.0
 81 1876.083707 2.386E-21 3.636E+00.06940.079    0.00000.790.000750       X1/2   1       X1/2   0             .5   Q  0.5e  1.5455443 4 4 8 3 1 3     2.0    4.0
 81 1876.089878 2.386E-21 1.818E+00.06940.079    0.00000.790.000750       X1/2   1       X1/2   0            1.5   Q  0.5e   .5455443 4 4 8 3 1 3     4.0    2.0
 81 1876.090545 2.982E-21 2.272E+00.06940.079    0.00000.790.000750       X1/2   1       X1/2   0            1.5   Q  0.5e  1.5455443 4 4 8 3 1 3     4.0    4.0
 81 1876.180094 4.340E-42 6.691E-03.05760.063 9155.53700.64-.000530       X3/2   6       X1/2   5                 SR  5.5f     3654431111 8 3 1 3    42.0   36.0
 81 1876.248468 4.337E-42 6.684E-03.05760.063 9155.46720.64-.000530       X3/2   6       X1/2   5                 SR  5.5e     3654431111 8 3 1 3    42.0   36.0
 81 1876.381508 2.330E-45 6.755E-03.04120.05511037.68710.60-.002220       X3/2   6       X1/2   5                 RQ 34.5f     3632231111 8 3 1 3   210.0  210.0
 81 1876.641841 5.457E-35 3.929E-03.05420.061 5775.80560.70-.001620       X3/2   4       X1/2   3                 QP 11.5f     4654431111 8 3 1 3    66.0   72.0
 81 1876.704054 2.124E-31 2.885E-04.03440.051 3836.61310.60-.001280       X3/2   1       X1/2   0                 QP 47.5e     4622231111 8 3 1 3   282.0  288.0
 81 1876.704983 2.127E-31 2.893E-04.03440.051 3836.88910.60-.001280       X3/2   1       X1/2   0                 QP 47.5f     4622231111 8 3 1 3   282.0  288.0
 81 1876.716655 4.145E-46 4.657E-03.05280.06111141.97350.63-.000570       X3/2   7       X1/2   6                 SR 13.5f     3654431111 8 3 1 3    90.0   84.0
 81 1876.770351 5.449E-35 3.921E-03.05420.061 5775.67120.70-.001620       X3/2   4       X1/2   3                 QP 11.5e     4654431111 8 3 1 3    66.0   72.0
 81 1876.792298 2.322E-45 6.726E-03.04120.05511037.40450.60-.002220       X3/2   6       X1/2   5                 RQ 34.5e     3632231111 8 3 1 3   210.0  210.0
 81 1876.850631 6.159E-42 2.904E+01.03330.04011206.86460.70-.001200       X3/2   5       X3/2   4                 RR 47.5e     4622231111 8 3 1 3   294.0  288.0
 81 1876.857158 4.137E-46 4.645E-03.05280.06111141.81970.63-.000570       X3/2   7       X1/2   6                 SR 13.5e     3654431111 8 3 1 3    90.0   84.0
 81 1876.859143 6.151E-42 2.904E+01.03330.04011207.14170.70-.001200       X3/2   5       X3/2   4                 RR 47.5f     4622231111 8 3 1 3   294.0  288.0
 81 1876.893451 5.391E-28 1.747E+01.05010.059 4313.38530.60-.002250       X1/2   3       X1/2   2                 RR 18.5e     4653231111 8 3 1 3   120.0  114.0
 81 1876.894186 5.433E-71 2.875E+01.01840.02225128.88330.70-.001200       X3/2   5       X3/2   4                 RR105.5e     0222231211 8 3 1 3   642.0  636.0
 81 1876.901349 5.386E-28 1.747E+01.05010.059 4313.58190.60-.002250       X1/2   3       X1/2   2                 RR 18.5f     4653231111 8 3 1 3   120.0  114.0
 81 1876.904883 5.397E-71 2.874E+01.01840.02225130.22820.70-.001200       X3/2   5       X3/2   4                 RR105.5f     0222231211 8 3 1 3   642.0  636.0
 81 1876.934453 6.083E-71 2.875E+01.01860.03825107.52780.60-.002220       X1/2   5       X1/2   4                 RR106.5f     0222231211 8 3 1 3   648.0  642.0
 81 1876.934893 6.080E-71 2.875E+01.01860.03825107.65030.60-.002220       X1/2   5       X1/2   4                 RR106.5e     0222231211 8 3 1 3   648.0  642.0
 81 1877.142686 2.109E-32 2.367E-03.04840.058 4588.48310.60-.001280       X3/2   3       X1/2   2                 QP 22.5f     4643231111 8 3 1 3   132.0  138.0
 81 1877.163980 7.131E-34 2.332E+01.04270.051 7254.17840.70-.001200       X3/2   4       X3/2   3                 RR 30.5e     4633231111 8 3 1 3   192.0  186.0
 81 1877.170264 7.127E-34 2.332E+01.04270.051 7254.27880.70-.001200       X3/2   4       X3/2   3                 RR 30.5f     4633231111 8 3 1 3   192.0  186.0
 81 1877.204420 2.632E-87 1.746E+01.01500.03332807.10990.60-.002220       X1/2   3       X1/2   2                 RR136.5f     0222231211 8 3 1 3   828.0  822.0
 81 1877.206831 2.631E-87 1.746E+01.01500.03332807.18220.60-.002220       X1/2   3       X1/2   2                 RR136.5e     0222231211 8 3 1 3   828.0  822.0
 81 1877.214157 2.398E-87 1.746E+01.01490.01832824.76480.70-.001200       X3/2   3       X3/2   2                 RR135.5e     0222231211 8 3 1 3   822.0  816.0
 81 1877.226491 2.381E-87 1.746E+01.01490.01832826.21640.70-.001200       X3/2   3       X3/2   2                 RR135.5f     0222231211 8 3 1 3   822.0  816.0
 81 1877.233847 5.064E-74 1.482E-03.01980.03924519.28640.60-.002220       X3/2   6       X1/2   5                 RQ 99.5e     1622231211 8 3 1 3   600.0  600.0
 81 1877.261565 1.353E-45 6.582E-03.04060.05411149.77000.60-.002220       X3/2   6       X1/2   5                 RQ 35.5f     3632231111 8 3 1 3   216.0  216.0
 81 1877.288176 7.659E-42 2.908E+01.03350.05011166.36470.60-.002220       X1/2   5       X1/2   4                 RR 48.5e     4622231111 8 3 1 3   300.0  294.0
 81 1877.290610 7.648E-42 2.908E+01.03350.05011166.65410.60-.002220       X1/2   5       X1/2   4                 RR 48.5f     4622231111 8 3 1 3   300.0  294.0
 81 1877.326126 2.105E-32 2.360E-03.04840.058 4588.25810.60-.001280       X3/2   3       X1/2   2                 QP 22.5e     4643231111 8 3 1 3   132.0  138.0
 81 1877.344655 2.181E-73 1.522E-03.02000.03924222.30250.60-.002220       X3/2   6       X1/2   5                 RQ 98.5f     1622231211 8 3 1 3   594.0  594.0
 81 1877.684033 1.348E-45 6.552E-03.04060.05411149.48480.60-.002220       X3/2   6       X1/2   5                 RQ 35.5e     3632231111 8 3 1 3   216.0  216.0
 81 1877.725250 4.362E-24 1.156E+01.05530.062 2008.41480.70-.001690       X1/2   2       X1/2   1            9.5   R  8.5e  8.5455443 3 3 8 3 1 3    20.0   18.0
 81 1877.725256 3.921E-24 1.155E+01.05530.062 2008.41480.70-.001690       X1/2   2       X1/2   1            8.5   R  8.5e  7.5455443 3 3 8 3 1 3    18.0   16.0
 81 1877.725269 4.852E-24 1.169E+01.05530.062 2008.41480.70-.001690       X1/2   2       X1/2   1           10.5   R  8.5e  9.5455443 3 3 8 3 1 3    22.0   20.0
 81 1877.726738 4.887E-26 1.440E-01.05530.062 2008.41480.70-.001690       X1/2   2       X1/2   1            8.5   R  8.5e  8.5455443 3 3 8 3 1 3    18.0   18.0
 81 1877.726785 4.887E-26 1.296E-01.05530.062 2008.41480.70-.001690       X1/2   2       X1/2   1            9.5   R  8.5e  9.5455443 3 3 8 3 1 3    20.0   20.0
 81 1877.728273 1.358E-28 4.000E-04.05530.062 2008.41480.70-.001690       X1/2   2       X1/2   1            8.5   R  8.5e  9.5455443 3 3 8 3 1 3    18.0   20.0
 81 1877.731427 1.357E-28 3.999E-04.05530.062 2008.51810.70-.001690       X1/2   2       X1/2   1            8.5   R  8.5f  9.5455443 3 3 8 3 1 3    18.0   20.0
 81 1877.733533 4.885E-26 1.296E-01.05530.062 2008.51810.70-.001690       X1/2   2       X1/2   1            9.5   R  8.5f  9.5455443 3 3 8 3 1 3    20.0   20.0
 81 1877.733742 4.885E-26 1.440E-01.05530.062 2008.51810.70-.001690       X1/2   2       X1/2   1            8.5   R  8.5f  8.5455443 3 3 8 3 1 3    18.0   18.0
 81 1877.735825 4.850E-24 1.169E+01.05530.062 2008.51810.70-.001690       X1/2   2       X1/2   1           10.5   R  8.5f  9.5455443 3 3 8 3 1 3    22.0   20.0
 81 1877.735839 3.919E-24 1.155E+01.05530.062 2008.51810.70-.001690       X1/2   2       X1/2   1            8.5   R  8.5f  7.5455443 3 3 8 3 1 3    18.0   16.0
 81 1877.735848 4.360E-24 1.156E+01.05530.062 2008.51810.70-.001690       X1/2   2       X1/2   1            9.5   R  8.5f  8.5455443 3 3 8 3 1 3    20.0   18.0
 81 1877.925921 2.786E-28 1.742E+01.05130.060 4448.40100.70-.000200       X3/2   3       X3/2   2                 RR 18.5e     4653231111 8 3 1 3   120.0  114.0
 81 1877.929546 2.786E-28 1.743E+01.05130.060 4448.42950.70-.000200       X3/2   3       X3/2   2                 RR 18.5f     4653231111 8 3 1 3   120.0  114.0
 81 1877.995448 3.933E-31 1.000E-03.04120.055 3898.73000.60-.001280       X3/2   2       X1/2   1                 QP 34.5f     4632231111 8 3 1 3   204.0  210.0
 81 1878.053498 5.148E-80 2.316E+01.01630.02029389.00780.70-.001200       X3/2   4       X3/2   3                 RR122.5e     0222231211 8 3 1 3   744.0  738.0
 81 1878.055192 9.617E-34 2.340E+01.04230.055 7199.48270.60-.002220       X1/2   4       X1/2   3                 RR 31.5e     4633231111 8 3 1 3   198.0  192.0
 81 1878.060027 9.604E-34 2.340E+01.04230.055 7199.75270.60-.002220       X1/2   4       X1/2   3                 RR 31.5f     4633231111 8 3 1 3   198.0  192.0
 81 1878.061400 5.692E-80 2.316E+01.01640.03529369.98740.60-.002220       X1/2   4       X1/2   3                 RR123.5f     0222231211 8 3 1 3   750.0  744.0
 81 1878.062779 5.689E-80 2.316E+01.01640.03529370.07890.60-.002220       X1/2   4       X1/2   3                 RR123.5e     0222231211 8 3 1 3   750.0  744.0
 81 1878.064942 5.113E-80 2.316E+01.01630.02029390.41130.70-.001200       X3/2   4       X3/2   3                 RR122.5f     0222231211 8 3 1 3   744.0  738.0
 81 1878.132964 7.733E-46 6.414E-03.04000.05411264.96830.60-.002220       X3/2   6       X1/2   5                 RQ 36.5f     3632231111 8 3 1 3   222.0  222.0
 81 1878.142761 3.926E-31 9.973E-04.04120.055 3898.45450.60-.001280       X3/2   2       X1/2   1                 QP 34.5e     4632231111 8 3 1 3   204.0  210.0
 81 1878.166045 2.942E-42 2.911E+01.03290.03911363.24540.70-.001200       X3/2   5       X3/2   4                 RR 48.5e     4622231111 8 3 1 3   300.0  294.0
 81 1878.174651 2.938E-42 2.912E+01.03290.03911363.53550.70-.001200       X3/2   5       X3/2   4                 RR 48.5f     4622231111 8 3 1 3   300.0  294.0
 81 1878.202058 1.177E-50 3.002E-03.04840.05813293.11100.60-.002220       X3/2   8       X1/2   7                 SR 21.5f     3643231111 8 3 1 3   138.0  132.0
 81 1878.290687 7.292E-29 3.914E-04.05790.066 2131.72740.64-.001050       X3/2   2       X3/2   1            8.5   R  8.5e  9.5455443 3 3 8 3 1 3    18.0   20.0
 81 1878.290856 2.625E-26 1.268E-01.05790.066 2131.72740.64-.001050       X3/2   2       X3/2   1            9.5   R  8.5e  9.5455443 3 3 8 3 1 3    20.0   20.0
 81 1878.290910 2.625E-26 1.409E-01.05790.066 2131.72740.64-.001050       X3/2   2       X3/2   1            8.5   R  8.5e  8.5455443 3 3 8 3 1 3    18.0   18.0
 81 1878.291007 2.606E-24 1.144E+01.05790.066 2131.72740.64-.001050       X3/2   2       X3/2   1           10.5   R  8.5e  9.5455443 3 3 8 3 1 3    22.0   20.0
 81 1878.291079 2.343E-24 1.132E+01.05790.066 2131.72740.64-.001050       X3/2   2       X3/2   1            9.5   R  8.5e  8.5455443 3 3 8 3 1 3    20.0   18.0
 81 1878.291136 2.106E-24 1.130E+01.05790.066 2131.72740.64-.001050       X3/2   2       X3/2   1            8.5   R  8.5e  7.5455443 3 3 8 3 1 3    18.0   16.0
 81 1878.291738 7.292E-29 3.914E-04.05790.066 2131.73080.64-.001050       X3/2   2       X3/2   1            8.5   R  8.5f  9.5455443 3 3 8 3 1 3    18.0   20.0
 81 1878.291890 2.625E-26 1.268E-01.05790.066 2131.73080.64-.001050       X3/2   2       X3/2   1            9.5   R  8.5f  9.5455443 3 3 8 3 1 3    20.0   20.0
 81 1878.292087 2.625E-26 1.409E-01.05790.066 2131.73080.64-.001050       X3/2   2       X3/2   1            8.5   R  8.5f  8.5455443 3 3 8 3 1 3    18.0   18.0
 81 1878.292185 2.606E-24 1.144E+01.05790.066 2131.73080.64-.001050       X3/2   2       X3/2   1           10.5   R  8.5f  9.5455443 3 3 8 3 1 3    22.0   20.0
 81 1878.292238 2.343E-24 1.132E+01.05790.066 2131.73080.64-.001050       X3/2   2       X3/2   1            9.5   R  8.5f  8.5455443 3 3 8 3 1 3    20.0   18.0
 81 1878.292291 2.106E-24 1.130E+01.05790.066 2131.73080.64-.001050       X3/2   2       X3/2   1            8.5   R  8.5f  7.5455443 3 3 8 3 1 3    18.0   16.0
 81 1878.303107 2.530E-70 2.883E+01.01860.02324810.78600.70-.001200       X3/2   5       X3/2   4                 RR104.5e     0222231211 8 3 1 3   636.0  630.0
 81 1878.313788 2.513E-70 2.883E+01.01860.02324812.12840.70-.001200       X3/2   5       X3/2   4                 RR104.5f     0222231211 8 3 1 3   636.0  630.0
 81 1878.345533 2.835E-70 2.883E+01.01870.03824789.27500.60-.002220       X1/2   5       X1/2   4                 RR105.5f     0222231211 8 3 1 3   642.0  636.0
 81 1878.345944 2.833E-70 2.883E+01.01870.03824789.40030.60-.002220       X1/2   5       X1/2   4                 RR105.5e     0222231211 8 3 1 3   642.0  636.0
 81 1878.380331 1.174E-50 2.992E-03.04840.05813292.89040.60-.002220       X3/2   8       X1/2   7                 SR 21.5e     3643231111 8 3 1 3   138.0  132.0
 81 1878.501774 2.164E-73 1.513E-03.02000.03924222.41330.60-.002220       X3/2   6       X1/2   5                 RQ 98.5e     1622231211 8 3 1 3   594.0  594.0
 81 1878.567108 7.703E-46 6.383E-03.04000.05411264.68080.60-.002220       X3/2   6       X1/2   5                 RQ 36.5e     3632231111 8 3 1 3   222.0  222.0
 81 1878.576032 9.202E-73 1.554E-03.02020.03923928.01140.60-.002220       X3/2   6       X1/2   5                 RQ 97.5f     1622231111 8 3 1 3   588.0  588.0
 81 1878.586211 3.645E-42 2.915E+01.03310.05011323.37460.60-.002220       X1/2   5       X1/2   4                 RR 49.5e     4622231111 8 3 1 3   306.0  300.0
 81 1878.588540 3.640E-42 2.915E+01.03310.05011323.66250.60-.002220       X1/2   5       X1/2   4                 RR 49.5f     4622231111 8 3 1 3   306.0  300.0
 81 1878.749045 5.749E-93 1.178E+01.01410.03235421.63630.60-.002220       X1/2   2       X1/2   1                 RR146.5f     0222231211 8 3 1 3   888.0  882.0
 81 1878.752551 5.748E-93 1.178E+01.01410.03235421.69800.60-.002220       X1/2   2       X1/2   1                 RR146.5e     0222231211 8 3 1 3   888.0  882.0
 81 1878.769756 5.264E-93 1.178E+01.01400.01735438.42090.70-.001200       X3/2   2       X3/2   1                 RR145.5e     0222231211 8 3 1 3   882.0  876.0
 81 1878.783080 5.226E-93 1.178E+01.01400.01735439.91330.70-.001200       X3/2   2       X3/2   1                 RR145.5f     0222231211 8 3 1 3   882.0  876.0
 81 1878.808228 5.755E-61 9.942E-04.03890.05318058.57720.60-.002220       X3/2  10       X1/2   9                 SR 37.5f     3632231111 8 3 1 3   234.0  228.0
 81 1878.951472 5.736E-61 9.896E-04.03890.05318058.27920.60-.002220       X3/2  10       X1/2   9                 SR 37.5e     3632231111 8 3 1 3   234.0  228.0
 81 1878.994270 4.350E-46 6.249E-03.03950.05411383.27790.60-.002220       X3/2   6       X1/2   5                 RQ 37.5f     3632231111 8 3 1 3   228.0  228.0
 81 1879.022613 1.761E-31 3.350E-04.03490.051 3679.39420.60-.001280       X3/2   1       X1/2   0           46.5   P 46.5f 47.5452223 4 4 8 3 1 3    94.0   96.0
 81 1879.024649 1.723E-31 3.349E-04.03490.051 3679.39420.60-.001280       X3/2   1       X1/2   0           45.5   P 46.5f 46.5452223 4 4 8 3 1 3    92.0   94.0
 81 1879.024678 7.974E-35 1.517E-07.03490.051 3679.39420.60-.001280       X3/2   1       X1/2   0           46.5   P 46.5f 46.5452223 4 4 8 3 1 3    94.0   94.0
 81 1879.026853 7.974E-35 1.550E-07.03490.051 3679.39420.60-.001280       X3/2   1       X1/2   0           45.5   P 46.5f 45.5452223 4 4 8 3 1 3    92.0   92.0
 81 1879.027094 1.687E-31 3.352E-04.03490.051 3679.39420.60-.001280       X3/2   1       X1/2   0           44.5   P 46.5f 45.5452223 4 4 8 3 1 3    90.0   92.0
 81 1879.037546 7.985E-35 1.550E-07.03490.051 3679.11640.60-.001280       X3/2   1       X1/2   0           45.5   P 46.5e 45.5452223 4 4 8 3 1 3    92.0   92.0
 81 1879.037662 7.985E-35 1.517E-07.03490.051 3679.11640.60-.001280       X3/2   1       X1/2   0           46.5   P 46.5e 46.5452223 4 4 8 3 1 3    94.0   94.0
 81 1879.038261 1.689E-31 3.352E-04.03490.051 3679.11640.60-.001280       X3/2   1       X1/2   0           44.5   P 46.5e 45.5452223 4 4 8 3 1 3    90.0   92.0
 81 1879.038433 1.763E-31 3.350E-04.03490.051 3679.11640.60-.001280       X3/2   1       X1/2   0           46.5   P 46.5e 47.5452223 4 4 8 3 1 3    94.0   96.0
 81 1879.038575 1.726E-31 3.351E-04.03490.051 3679.11640.60-.001280       X3/2   1       X1/2   0           45.5   P 46.5e 46.5452223 4 4 8 3 1 3    92.0   94.0
 81 1879.098571 5.790E-67 4.821E-04.03440.05120793.34020.60-.002220       X3/2  11       X1/2  10                 SR 46.5f     2622231111 8 3 1 3   288.0  282.0
 81 1879.164048 5.766E-67 4.794E-04.03440.05120793.02820.60-.002220       X3/2  11       X1/2  10                 SR 46.5e     2622231111 8 3 1 3   288.0  282.0
 81 1879.231087 4.447E-34 2.342E+01.04200.050 7358.06700.70-.001200       X3/2   4       X3/2   3                 RR 31.5e     4633231111 8 3 1 3   198.0  192.0
 81 1879.237560 4.444E-34 2.342E+01.04200.050 7358.17570.70-.001200       X3/2   4       X3/2   3                 RR 31.5f     4633231111 8 3 1 3   198.0  192.0
 81 1879.298505 1.260E-55 1.781E-03.04350.05615601.40620.60-.002220       X3/2   9       X1/2   8                 SR 29.5f     3633231111 8 3 1 3   186.0  180.0
 81 1879.349342 5.964E-35 3.952E-03.05470.062 5738.53570.68-.002360       X3/2   4       X1/2   3                 QP 10.5f     4654431111 8 3 1 3    60.0   66.0
 81 1879.438337 1.383E-42 2.917E+01.03240.03911522.72380.70-.001200       X3/2   5       X3/2   4                 RR 49.5e     4622231111 8 3 1 3   306.0  300.0
 81 1879.440090 4.333E-46 6.219E-03.03950.05411382.98840.60-.002220       X3/2   6       X1/2   5                 RQ 37.5e     3632231111 8 3 1 3   228.0  228.0
 81 1879.447034 1.381E-42 2.917E+01.03240.03911523.02730.70-.001200       X3/2   5       X3/2   4                 RR 49.5f     4622231111 8 3 1 3   306.0  300.0
 81 1879.449273 2.161E-98 5.951E+00.01340.03137863.08100.60-.002220       X1/2   1       X1/2   0                 RR155.5f     0222231211 8 3 1 3   942.0  936.0
 81 1879.449705 4.163E-28 1.757E+01.04960.059 4377.20650.60-.001920       X1/2   3       X1/2   2                 RR 19.5e     4653231111 8 3 1 3   126.0  120.0
 81 1879.454000 2.160E-98 5.950E+00.01340.03137863.13480.60-.002220       X1/2   1       X1/2   0                 RR155.5e     0222231211 8 3 1 3   942.0  936.0
 81 1879.457328 4.159E-28 1.757E+01.04960.059 4377.41070.60-.001920       X1/2   3       X1/2   2                 RR 19.5f     4653231111 8 3 1 3   126.0  120.0
 81 1879.469135 5.956E-35 3.945E-03.05470.062 5738.41150.68-.002360       X3/2   4       X1/2   3                 QP 10.5e     4654431111 8 3 1 3    60.0   66.0
 81 1879.476858 1.256E-55 1.773E-03.04350.05615601.13800.60-.002220       X3/2   9       X1/2   8                 SR 29.5e     3633231111 8 3 1 3   186.0  180.0
 81 1879.478287 1.985E-98 5.950E+00.01330.01637879.19980.70-.001200       X3/2   1       X3/2   0                 RR154.5e     0222231211 8 3 1 3   936.0  930.0
 81 1879.486612 2.980E-32 2.456E-03.04900.059 4514.86290.60-.001280       X3/2   3       X1/2   2                 QP 21.5f     4653231111 8 3 1 3   126.0  132.0
 81 1879.492741 1.971E-98 5.952E+00.01330.01637880.73030.70-.001200       X3/2   1       X3/2   0                 RR154.5f     0222231211 8 3 1 3   936.0  930.0
 81 1879.658912 1.163E-69 2.890E+01.01870.02324495.19730.70-.001200       X3/2   5       X3/2   4                 RR103.5e     0222231211 8 3 1 3   630.0  624.0
 81 1879.668360 2.974E-32 2.449E-03.04900.059 4514.64450.60-.001280       X3/2   3       X1/2   2                 QP 21.5e     4653231111 8 3 1 3   126.0  132.0
 81 1879.669577 1.156E-69 2.891E+01.01870.02324496.53730.70-.001200       X3/2   5       X3/2   4                 RR103.5f     0222231211 8 3 1 3   630.0  624.0
 81 1879.703561 1.305E-69 2.891E+01.01890.03824473.52760.60-.002220       X1/2   5       X1/2   4                 RR104.5f     0222231211 8 3 1 3   636.0  630.0
 81 1879.703944 1.304E-69 2.891E+01.01890.03824473.65570.60-.002220       X1/2   5       X1/2   4                 RR104.5e     0222231211 8 3 1 3   636.0  630.0
 81 1879.715716 4.219E-42 6.315E-03.05670.062 9176.15950.69-.000800       X3/2   6       X1/2   5                 SR  6.5f     3654431111 8 3 1 3    48.0   42.0
 81 1879.721482 9.129E-73 1.544E-03.02020.03923928.10680.60-.002220       X3/2   6       X1/2   5                 RQ 97.5e     1622231111 8 3 1 3   588.0  588.0
 81 1879.759499 3.834E-72 1.586E-03.02040.04023636.29960.60-.002220       X3/2   6       X1/2   5                 RQ 96.5f     1622231111 8 3 1 3   582.0  582.0
 81 1879.794617 4.215E-42 6.307E-03.05670.062 9176.07840.69-.000800       X3/2   6       X1/2   5                 SR  6.5e     3654431111 8 3 1 3    48.0   42.0
 81 1879.841880 1.708E-42 2.921E+01.03270.05011483.46370.60-.002220       X1/2   5       X1/2   4                 RR 50.5e     4622231111 8 3 1 3   312.0  306.0
 81 1879.844098 2.408E-46 6.087E-03.03890.05311504.69450.60-.002220       X3/2   6       X1/2   5                 RQ 38.5f     3632231111 8 3 1 3   234.0  234.0
 81 1879.844109 1.706E-42 2.921E+01.03270.05011483.74980.60-.002220       X1/2   5       X1/2   4                 RR 50.5f     4622231111 8 3 1 3   312.0  306.0
 81 1880.083881 5.959E-34 2.350E+01.04170.055 7304.46340.60-.002220       X1/2   4       X1/2   3                 RR 32.5e     4632231111 8 3 1 3   204.0  198.0
 81 1880.088519 5.951E-34 2.349E+01.04170.055 7304.73670.60-.002220       X1/2   4       X1/2   3                 RR 32.5f     4632231111 8 3 1 3   204.0  198.0
 81 1880.187082 1.798E-86 1.757E+01.01510.03332410.84750.60-.002220       X1/2   3       X1/2   2                 RR135.5f     0222231211 8 3 1 3   822.0  816.0
 81 1880.189442 1.797E-86 1.756E+01.01510.03332410.92250.60-.002220       X1/2   3       X1/2   2                 RR135.5e     0222231211 8 3 1 3   822.0  816.0
 81 1880.195828 1.637E-86 1.756E+01.01500.01832428.58870.70-.001200       X3/2   3       X3/2   2                 RR134.5e     0222231211 8 3 1 3   816.0  810.0
 81 1880.208122 1.626E-86 1.757E+01.01500.01832430.03800.70-.001200       X3/2   3       X3/2   2                 RR134.5f     0222231211 8 3 1 3   816.0  810.0
 81 1880.208340 6.931E-31 1.047E-03.04170.055 3784.95170.60-.001280       X3/2   2       X1/2   1                 QP 33.5f     4632231111 8 3 1 3   198.0  204.0
 81 1880.301592 2.399E-46 6.059E-03.03890.05311504.40320.60-.002220       X3/2   6       X1/2   5                 RQ 38.5e     3632231111 8 3 1 3   234.0  234.0
 81 1880.339851 2.987E-79 2.326E+01.01640.02029026.03320.70-.001200       X3/2   4       X3/2   3                 RR121.5e     0222231211 8 3 1 3   738.0  732.0
 81 1880.349102 3.305E-79 2.327E+01.01650.03529006.90180.60-.002220       X1/2   4       X1/2   3                 RR122.5f     0222231211 8 3 1 3   744.0  738.0
 81 1880.350444 3.304E-79 2.327E+01.01650.03529006.99590.60-.002220       X1/2   4       X1/2   3                 RR122.5e     0222231211 8 3 1 3   744.0  738.0
 81 1880.351269 2.967E-79 2.327E+01.01640.02029027.43430.70-.001200       X3/2   4       X3/2   3                 RR121.5f     0222231211 8 3 1 3   738.0  732.0
 81 1880.362186 6.918E-31 1.044E-03.04170.055 3784.67860.60-.001280       X3/2   2       X1/2   1                 QP 33.5e     4632231111 8 3 1 3   198.0  204.0
 81 1880.500324 3.330E-46 4.393E-03.05230.06011187.44830.63-.001190       X3/2   7       X1/2   6                 SR 14.5f     3654431111 8 3 1 3    96.0   90.0
 81 1880.513143 2.136E-28 1.753E+01.05060.059 4513.79970.70-.000650       X3/2   3       X3/2   2                 RR 19.5e     4653231111 8 3 1 3   126.0  120.0
 81 1880.517027 2.136E-28 1.753E+01.05060.059 4513.83240.70-.000650       X3/2   3       X3/2   2                 RR 19.5f     4653231111 8 3 1 3   126.0  120.0
 81 1880.647536 3.324E-46 4.382E-03.05230.06011187.28520.63-.001190       X3/2   7       X1/2   6                 SR 14.5e     3654431111 8 3 1 3    96.0   90.0
 81 1880.667366 6.406E-43 2.924E+01.03200.03811685.29280.70-.001200       X3/2   5       X3/2   4                 RR 50.5e     4622231111 8 3 1 3   312.0  306.0
 81 1880.673040 4.157E-24 1.171E+01.05470.062 2039.84930.68-.000560       X1/2   2       X1/2   1           10.5   R  9.5e  9.5455443 3 3 8 3 1 3    22.0   20.0
 81 1880.673041 3.775E-24 1.170E+01.05470.062 2039.84930.68-.000560       X1/2   2       X1/2   1            9.5   R  9.5e  8.5455443 3 3 8 3 1 3    20.0   18.0
 81 1880.673060 4.576E-24 1.182E+01.05470.062 2039.84930.68-.000560       X1/2   2       X1/2   1           11.5   R  9.5e 10.5455443 3 3 8 3 1 3    24.0   22.0
 81 1880.674528 3.805E-26 1.179E-01.05470.062 2039.84930.68-.000560       X1/2   2       X1/2   1            9.5   R  9.5e  9.5455443 3 3 8 3 1 3    20.0   20.0
 81 1880.674554 3.805E-26 1.072E-01.05470.062 2039.84930.68-.000560       X1/2   2       X1/2   1           10.5   R  9.5e 10.5455443 3 3 8 3 1 3    22.0   22.0
 81 1880.676041 8.647E-29 2.679E-04.05470.062 2039.84930.68-.000560       X1/2   2       X1/2   1            9.5   R  9.5e 10.5455443 3 3 8 3 1 3    20.0   22.0
 81 1880.676148 6.396E-43 2.924E+01.03200.03811685.61000.70-.001200       X3/2   5       X3/2   4                 RR 50.5f     4622231111 8 3 1 3   312.0  306.0
 81 1880.678977 8.643E-29 2.679E-04.05470.062 2039.96320.68-.000560       X1/2   2       X1/2   1            9.5   R  9.5f 10.5455443 3 3 8 3 1 3    20.0   22.0
 81 1880.681093 3.803E-26 1.072E-01.05470.062 2039.96320.68-.000560       X1/2   2       X1/2   1           10.5   R  9.5f 10.5455443 3 3 8 3 1 3    22.0   22.0
 81 1880.681115 1.313E-46 5.933E-03.03840.05311629.21360.60-.002220       X3/2   6       X1/2   5                 RQ 39.5f     3632231111 8 3 1 3   240.0  240.0
 81 1880.681270 3.803E-26 1.179E-01.05470.062 2039.96320.68-.000560       X1/2   2       X1/2   1            9.5   R  9.5f  9.5455443 3 3 8 3 1 3    20.0   20.0
 81 1880.683368 4.574E-24 1.182E+01.05470.062 2039.96320.68-.000560       X1/2   2       X1/2   1           11.5   R  9.5f 10.5455443 3 3 8 3 1 3    24.0   22.0
 81 1880.683377 3.773E-24 1.170E+01.05470.062 2039.96320.68-.000560       X1/2   2       X1/2   1            9.5   R  9.5f  8.5455443 3 3 8 3 1 3    20.0   18.0
 81 1880.683386 4.154E-24 1.171E+01.05470.062 2039.96320.68-.000560       X1/2   2       X1/2   1           10.5   R  9.5f  9.5455443 3 3 8 3 1 3    22.0   20.0
 81 1880.893282 3.804E-72 1.576E-03.02040.04023636.38000.60-.002220       X3/2   6       X1/2   5                 RQ 96.5e     1622231111 8 3 1 3   582.0  582.0
 81 1880.895368 1.577E-71 1.619E-03.02050.04023347.17990.60-.002220       X3/2   6       X1/2   5                 RQ 95.5f     1622231111 8 3 1 3   576.0  576.0
 81 1880.961814 5.285E-69 2.899E+01.01890.02324182.13160.70-.001200       X3/2   5       X3/2   4                 RR102.5e     0222231211 8 3 1 3   624.0  618.0
 81 1880.972463 5.251E-69 2.899E+01.01890.02324183.46910.70-.001200       X3/2   5       X3/2   4                 RR102.5f     0222231211 8 3 1 3   624.0  618.0
 81 1881.008754 5.933E-69 2.899E+01.01900.03824160.30000.60-.002220       X1/2   5       X1/2   4                 RR103.5f     0222231211 8 3 1 3   630.0  624.0
 81 1881.009109 5.930E-69 2.899E+01.01900.03824160.43100.60-.002220       X1/2   5       X1/2   4                 RR103.5e     0222231211 8 3 1 3   630.0  624.0
 81 1881.034198 8.076E-21 4.124E+00.06630.073    0.00000.790.000750       X1/2   1       X1/2   0            2.5   R  0.5e  1.5455443 4 4 8 3 1 3     6.0    4.0
 81 1881.034945 2.991E-21 2.291E+00.06630.073    0.00000.790.000750       X1/2   1       X1/2   0            1.5   R  0.5e   .5455443 4 4 8 3 1 3     4.0    2.0
 81 1881.035612 2.393E-21 1.833E+00.06630.073    0.00000.790.000750       X1/2   1       X1/2   0            1.5   R  0.5e  1.5455443 4 4 8 3 1 3     4.0    4.0
 81 1881.035842 2.393E-21 3.666E+00.06630.073    0.00000.790.000750       X1/2   1       X1/2   0             .5   R  0.5e   .5455443 4 4 8 3 1 3     2.0    2.0
 81 1881.036509 2.991E-22 4.582E-01.06630.073    0.00000.790.000750       X1/2   1       X1/2   0             .5   R  0.5e  1.5455443 4 4 8 3 1 3     2.0    4.0
 81 1881.040803 2.991E-22 4.582E-01.06630.073    0.01190.790.000750       X1/2   1       X1/2   0             .5   R  0.5f  1.5455443 4 4 8 3 1 3     2.0    4.0
 81 1881.042930 2.393E-21 1.833E+00.06630.073    0.01190.790.000750       X1/2   1       X1/2   0            1.5   R  0.5f  1.5455443 4 4 8 3 1 3     4.0    4.0
 81 1881.046507 8.075E-21 4.123E+00.06630.073    0.01190.790.000750       X1/2   1       X1/2   0            2.5   R  0.5f  1.5455443 4 4 8 3 1 3     6.0    4.0
 81 1881.047650 2.393E-21 3.666E+00.06630.073    0.01190.790.000750       X1/2   1       X1/2   0             .5   R  0.5f   .5455443 4 4 8 3 1 3     2.0    2.0
 81 1881.049777 2.991E-21 2.291E+00.06630.073    0.01190.790.000750       X1/2   1       X1/2   0            1.5   R  0.5f   .5455443 4 4 8 3 1 3     4.0    2.0
 81 1881.055007 7.885E-43 2.928E+01.03230.04911646.62580.60-.002220       X1/2   5       X1/2   4                 RR 51.5e     4622231111 8 3 1 3   318.0  312.0
 81 1881.057139 7.874E-43 2.928E+01.03230.04911646.90990.60-.002220       X1/2   5       X1/2   4                 RR 51.5f     4622231111 8 3 1 3   318.0  312.0
 81 1881.150279 1.307E-46 5.900E-03.03840.05311628.92090.60-.002220       X3/2   6       X1/2   5                 RQ 39.5e     3632231111 8 3 1 3   240.0  240.0
 81 1881.257297 2.727E-34 2.351E+01.04140.049 7465.19130.70-.001200       X3/2   4       X3/2   3                 RR 32.5e     4632231111 8 3 1 3   204.0  198.0
 81 1881.263950 2.725E-34 2.351E+01.04140.049 7465.30840.70-.001200       X3/2   4       X3/2   3                 RR 32.5f     4632231111 8 3 1 3   204.0  198.0
 81 1881.304532 4.644E-29 2.633E-04.05730.065 2164.03360.70-.001260       X3/2   2       X3/2   1            9.5   R  9.5e 10.5455443 3 3 8 3 1 3    20.0   22.0
 81 1881.304649 2.043E-26 1.053E-01.05730.065 2164.03360.70-.001260       X3/2   2       X3/2   1           10.5   R  9.5e 10.5455443 3 3 8 3 1 3    22.0   22.0
 81 1881.304681 2.043E-26 1.158E-01.05730.065 2164.03360.70-.001260       X3/2   2       X3/2   1            9.5   R  9.5e  9.5455443 3 3 8 3 1 3    20.0   20.0
 81 1881.304734 2.458E-24 1.161E+01.05730.065 2164.03360.70-.001260       X3/2   2       X3/2   1           11.5   R  9.5e 10.5455443 3 3 8 3 1 3    24.0   22.0
 81 1881.304797 2.232E-24 1.150E+01.05730.065 2164.03360.70-.001260       X3/2   2       X3/2   1           10.5   R  9.5e  9.5455443 3 3 8 3 1 3    22.0   20.0
 81 1881.304848 2.028E-24 1.150E+01.05730.065 2164.03360.70-.001260       X3/2   2       X3/2   1            9.5   R  9.5e  8.5455443 3 3 8 3 1 3    20.0   18.0
 81 1881.305785 4.644E-29 2.633E-04.05730.065 2164.03830.70-.001260       X3/2   2       X3/2   1            9.5   R  9.5f 10.5455443 3 3 8 3 1 3    20.0   22.0
 81 1881.305890 2.043E-26 1.053E-01.05730.065 2164.03830.70-.001260       X3/2   2       X3/2   1           10.5   R  9.5f 10.5455443 3 3 8 3 1 3    22.0   22.0
 81 1881.306079 2.043E-26 1.158E-01.05730.065 2164.03830.70-.001260       X3/2   2       X3/2   1            9.5   R  9.5f  9.5455443 3 3 8 3 1 3    20.0   20.0
 81 1881.306141 2.458E-24 1.161E+01.05730.065 2164.03830.70-.001260       X3/2   2       X3/2   1           11.5   R  9.5f 10.5455443 3 3 8 3 1 3    24.0   22.0
 81 1881.306185 2.232E-24 1.151E+01.05730.065 2164.03830.70-.001260       X3/2   2       X3/2   1           10.5   R  9.5f  9.5455443 3 3 8 3 1 3    22.0   20.0
 81 1881.306229 2.028E-24 1.150E+01.05730.065 2164.03830.70-.001260       X3/2   2       X3/2   1            9.5   R  9.5f  8.5455443 3 3 8 3 1 3    20.0   18.0
 81 1881.316078 3.798E-31 3.497E-04.03530.051 3525.15070.60-.001280       X3/2   1       X1/2   0           45.5   P 45.5f 46.5452223 4 4 8 3 1 3    92.0   94.0
 81 1881.318122 3.715E-31 3.497E-04.03530.051 3525.15070.60-.001280       X3/2   1       X1/2   0           44.5   P 45.5f 45.5452223 4 4 8 3 1 3    90.0   92.0
 81 1881.318149 1.795E-34 1.653E-07.03530.051 3525.15070.60-.001280       X3/2   1       X1/2   0           45.5   P 45.5f 45.5452223 4 4 8 3 1 3    92.0   92.0
 81 1881.320328 1.795E-34 1.689E-07.03530.051 3525.15070.60-.001280       X3/2   1       X1/2   0           44.5   P 45.5f 44.5452223 4 4 8 3 1 3    90.0   90.0
 81 1881.320570 3.634E-31 3.498E-04.03530.051 3525.15070.60-.001280       X3/2   1       X1/2   0           43.5   P 45.5f 44.5452223 4 4 8 3 1 3    88.0   90.0
 81 1881.345063 1.798E-34 1.690E-07.03530.051 3524.87160.60-.001280       X3/2   1       X1/2   0           44.5   P 45.5e 44.5452223 4 4 8 3 1 3    90.0   90.0
 81 1881.345203 1.798E-34 1.653E-07.03530.051 3524.87160.60-.001280       X3/2   1       X1/2   0           45.5   P 45.5e 45.5452223 4 4 8 3 1 3    92.0   92.0
 81 1881.345766 3.639E-31 3.498E-04.03530.051 3524.87160.60-.001280       X3/2   1       X1/2   0           43.5   P 45.5e 44.5452223 4 4 8 3 1 3    88.0   90.0
 81 1881.345987 3.803E-31 3.497E-04.03530.051 3524.87160.60-.001280       X3/2   1       X1/2   0           45.5   P 45.5e 46.5452223 4 4 8 3 1 3    92.0   94.0
 81 1881.346102 3.720E-31 3.497E-04.03530.051 3524.87160.60-.001280       X3/2   1       X1/2   0           44.5   P 45.5e 45.5452223 4 4 8 3 1 3    90.0   92.0
 81 1881.504032 7.044E-47 5.779E-03.03780.05311756.83060.60-.002220       X3/2   6       X1/2   5                 RQ 40.5f     3632231111 8 3 1 3   246.0  246.0
 81 1881.852987 2.921E-43 2.930E+01.03160.03811850.94540.70-.001200       X3/2   5       X3/2   4                 RR 51.5e     4622231111 8 3 1 3   318.0  312.0
 81 1881.854157 4.128E-32 2.544E-03.04960.059 4444.50480.60-.002200       X3/2   3       X1/2   2                 QP 20.5f     4653231111 8 3 1 3   120.0  126.0
 81 1881.861852 2.916E-43 2.930E+01.03160.03811851.27650.70-.001200       X3/2   5       X3/2   4                 RR 51.5f     4622231111 8 3 1 3   318.0  312.0
 81 1881.969437 3.157E-28 1.767E+01.04900.059 4444.29340.60-.002220       X1/2   3       X1/2   2                 RR 20.5e     4653231111 8 3 1 3   132.0  126.0
 81 1881.976788 3.153E-28 1.767E+01.04900.059 4444.50480.60-.002220       X1/2   3       X1/2   2                 RR 20.5f     4653231111 8 3 1 3   132.0  126.0
 81 1881.983954 6.407E-71 1.653E-03.02070.04023060.66530.60-.002220       X3/2   6       X1/2   5                 RQ 94.5f     1622231111 8 3 1 3   570.0  570.0
 81 1881.984867 7.015E-47 5.750E-03.03780.05311756.53670.60-.002220       X3/2   6       X1/2   5                 RQ 40.5e     3632231111 8 3 1 3   246.0  246.0
 81 1882.017484 1.565E-71 1.609E-03.02050.04023347.24570.60-.002220       X3/2   6       X1/2   5                 RQ 95.5e     1622231111 8 3 1 3   576.0  576.0
 81 1882.033528 4.119E-32 2.536E-03.04960.059 4444.29340.60-.002200       X3/2   3       X1/2   2                 QP 20.5e     4653231111 8 3 1 3   120.0  126.0
 81 1882.073463 3.632E-34 2.359E+01.04120.055 7412.64240.60-.002220       X1/2   4       X1/2   3                 RR 33.5e     4632231111 8 3 1 3   210.0  204.0
 81 1882.077910 3.627E-34 2.358E+01.04120.055 7412.91870.60-.002220       X1/2   4       X1/2   3                 RR 33.5f     4632231111 8 3 1 3   210.0  204.0
 81 1882.078673 8.142E-51 2.804E-03.04780.05813362.81420.60-.002220       X3/2   8       X1/2   7                 SR 22.5f     3643231111 8 3 1 3   144.0  138.0
 81 1882.102317 6.316E-35 3.953E-03.05530.062 5704.50490.70-.002030       X3/2   4       X1/2   3                 QP  9.5f     4654431111 8 3 1 3    54.0   60.0
 81 1882.212027 2.371E-68 2.907E+01.01900.02323871.60300.70-.001200       X3/2   5       X3/2   4                 RR101.5e     0222231211 8 3 1 3   618.0  612.0
 81 1882.212891 6.307E-35 3.946E-03.05530.062 5704.39110.70-.002030       X3/2   4       X1/2   3                 QP  9.5e     4654431111 8 3 1 3    54.0   60.0
 81 1882.222660 2.356E-68 2.907E+01.01900.02323872.93800.70-.001200       X3/2   5       X3/2   4                 RR101.5f     0222231211 8 3 1 3   618.0  612.0
 81 1882.225413 3.584E-43 2.934E+01.03190.04911812.85450.60-.002220       X1/2   5       X1/2   4                 RR 52.5e     4622231111 8 3 1 3   324.0  318.0
 81 1882.227451 3.579E-43 2.934E+01.03190.04911813.13620.60-.002220       X1/2   5       X1/2   4                 RR 52.5f     4622231111 8 3 1 3   324.0  318.0
 81 1882.258817 8.121E-51 2.795E-03.04780.05813362.58670.60-.002220       X3/2   8       X1/2   7                 SR 22.5e     3643231111 8 3 1 3   144.0  138.0
 81 1882.261325 2.664E-68 2.907E+01.01920.03823849.60620.60-.002220       X1/2   5       X1/2   4                 RR102.5f     0222231211 8 3 1 3   624.0  618.0
 81 1882.261652 2.662E-68 2.906E+01.01920.03823849.73990.60-.002220       X1/2   5       X1/2   4                 RR102.5e     0222231211 8 3 1 3   624.0  618.0
 81 1882.275022 4.448E-92 1.186E+01.01420.03234999.98130.60-.002220       X1/2   2       X1/2   1                 RR145.5f     0222231211 8 3 1 3   882.0  876.0
 81 1882.278462 4.447E-92 1.186E+01.01420.03235000.04550.60-.002220       X1/2   2       X1/2   1                 RR145.5e     0222231211 8 3 1 3   882.0  876.0
 81 1882.294924 4.071E-92 1.186E+01.01410.01735016.83670.70-.001200       X3/2   2       X3/2   1                 RR144.5e     0222231211 8 3 1 3   876.0  870.0
 81 1882.308194 4.042E-92 1.186E+01.01410.01735018.32690.70-.001200       X3/2   2       X3/2   1                 RR144.5f     0222231211 8 3 1 3   876.0  870.0
 81 1882.311610 3.722E-47 5.632E-03.03730.05211887.54070.60-.002220       X3/2   6       X1/2   5                 RQ 41.5f     3632231111 8 3 1 3   252.0  252.0
 81 1882.422624 1.201E-30 1.096E-03.04230.055 3674.43840.60-.001280       X3/2   2       X1/2   1                 QP 32.5f     4633231111 8 3 1 3   192.0  198.0
 81 1882.425440 2.722E-67 4.415E-04.03400.05020934.04340.60-.002220       X3/2  11       X1/2  10                 SR 47.5f     2622231111 8 3 1 3   294.0  288.0
 81 1882.446307 3.087E-61 9.172E-04.03840.05318174.54700.60-.002220       X3/2  10       X1/2   9                 SR 38.5f     3632231111 8 3 1 3   240.0  234.0
 81 1882.479096 2.710E-67 4.389E-04.03400.05020933.73130.60-.002220       X3/2  11       X1/2  10                 SR 47.5e     2622231111 8 3 1 3   294.0  288.0
 81 1882.569635 1.714E-78 2.337E+01.01650.02028665.34370.70-.001200       X3/2   4       X3/2   3                 RR120.5e     0222231211 8 3 1 3   732.0  726.0
 81 1882.580269 1.898E-78 2.337E+01.01660.03528646.09930.60-.002220       X1/2   4       X1/2   3                 RR121.5f     0222231211 8 3 1 3   738.0  732.0
 81 1882.581028 1.703E-78 2.338E+01.01650.02028666.74250.70-.001200       X3/2   4       X3/2   3                 RR120.5f     0222231211 8 3 1 3   732.0  726.0
 81 1882.581574 1.897E-78 2.337E+01.01660.03528646.19610.60-.002220       X1/2   4       X1/2   3                 RR121.5e     0222231211 8 3 1 3   738.0  732.0
 81 1882.582234 3.076E-61 9.127E-04.03840.05318174.24670.60-.002220       X3/2  10       X1/2   9                 SR 38.5e     3632231111 8 3 1 3   240.0  234.0
 81 1882.582361 1.199E-30 1.093E-03.04230.055 3674.16810.60-.001280       X3/2   2       X1/2   1                 QP 32.5e     4633231111 8 3 1 3   192.0  198.0
 81 1882.661722 1.117E-38 8.958E-03.06630.073 7340.81020.790.000750       X3/2   5       X1/2   4                 RQ  1.5f     4654431111 8 3 1 3    12.0   12.0
 81 1882.685344 1.116E-38 8.949E-03.06630.073 7340.78660.790.000750       X3/2   5       X1/2   4                 RQ  1.5e     4654431111 8 3 1 3    12.0   12.0
 81 1882.787769 1.835E-38 1.020E-02.06370.069 7348.83240.78-.000430       X3/2   5       X1/2   4                 RQ  2.5f     4654431111 8 3 1 3    18.0   18.0
 81 1882.804114 3.706E-47 5.603E-03.03730.05211887.24580.60-.002220       X3/2   6       X1/2   5                 RQ 41.5e     3632231111 8 3 1 3   252.0  252.0
 81 1882.823199 1.834E-38 1.020E-02.06370.069 7348.79710.78-.000430       X3/2   5       X1/2   4                 RQ  2.5e     4654431111 8 3 1 3    18.0   18.0
 81 1882.965858 2.400E-38 1.057E-02.06170.066 7360.06110.69-.000480       X3/2   5       X1/2   4                 RQ  3.5f     4654431111 8 3 1 3    24.0   24.0
 81 1882.995055 1.312E-43 2.937E+01.03120.03712019.67420.70-.001200       X3/2   5       X3/2   4                 RR 52.5e     4622231111 8 3 1 3   324.0  318.0
 81 1883.003999 1.309E-43 2.935E+01.03120.03712020.01950.70-.001200       X3/2   5       X3/2   4                 RR 52.5f     4622231111 8 3 1 3   324.0  318.0
 81 1883.013096 2.399E-38 1.057E-02.06170.066 7360.01420.69-.000480       X3/2   5       X1/2   4                 RQ  3.5e     4654431111 8 3 1 3    24.0   24.0
 81 1883.025574 2.570E-70 1.688E-03.02090.04022776.76820.60-.002220       X3/2   6       X1/2   5                 RQ 93.5f     1622231111 8 3 1 3   564.0  564.0
 81 1883.060735 1.608E-28 1.764E+01.04980.059 4582.52350.70-.001200       X3/2   3       X3/2   2                 RR 20.5e     4653231111 8 3 1 3   132.0  126.0
 81 1883.064876 1.607E-28 1.763E+01.04980.059 4582.56090.70-.001200       X3/2   3       X3/2   2                 RR 20.5f     4653231111 8 3 1 3   132.0  126.0
 81 1883.094404 6.359E-71 1.643E-03.02070.04023060.71660.60-.002220       X3/2   6       X1/2   5                 RQ 94.5e     1622231111 8 3 1 3   570.0  570.0
 81 1883.102653 1.936E-47 5.488E-03.03680.05212021.33880.60-.002220       X3/2   6       X1/2   5                 RQ 42.5f     3632231111 8 3 1 3   258.0  258.0
 81 1883.110416 1.216E-85 1.767E+01.01520.03432016.68110.60-.002220       X1/2   3       X1/2   2                 RR134.5f     0222231211 8 3 1 3   816.0  810.0
 81 1883.112725 1.215E-85 1.766E+01.01520.03432016.75860.60-.002220       X1/2   3       X1/2   2                 RR134.5e     0222231211 8 3 1 3   816.0  810.0
 81 1883.118151 1.107E-85 1.767E+01.01510.01832034.51010.70-.001200       X3/2   3       X3/2   2                 RR133.5e     0222231211 8 3 1 3   810.0  804.0
 81 1883.118216 7.637E-56 1.652E-03.04290.05615694.63780.60-.002220       X3/2   9       X1/2   8                 SR 30.5f     3633231111 8 3 1 3   192.0  186.0
 81 1883.130406 1.099E-85 1.767E+01.01510.01832035.95720.70-.001200       X3/2   3       X3/2   2                 RR133.5f     0222231211 8 3 1 3   810.0  804.0
 81 1883.195266 2.830E-38 1.070E-02.06000.064 7374.49620.71-.000520       X3/2   5       X1/2   4                 RQ  4.5f     4654431111 8 3 1 3    30.0   30.0
 81 1883.242501 1.645E-34 2.361E+01.04080.048 7575.54600.70-.001200       X3/2   4       X3/2   3                 RR 33.5e     4632231111 8 3 1 3   210.0  204.0
 81 1883.249330 1.644E-34 2.361E+01.04080.048 7575.67200.70-.001200       X3/2   4       X3/2   3                 RR 33.5f     4632231111 8 3 1 3   210.0  204.0
 81 1883.254309 2.828E-38 1.069E-02.06000.064 7374.43770.71-.000520       X3/2   5       X1/2   4                 RQ  4.5e     4654431111 8 3 1 3    30.0   30.0
 81 1883.293641 7.615E-56 1.645E-03.04290.05615694.36510.60-.002220       X3/2   9       X1/2   8                 SR 30.5e     3633231111 8 3 1 3   192.0  186.0
 81 1883.296172 3.985E-42 5.975E-03.05600.062 9199.95310.73-.001460       X3/2   6       X1/2   5                 SR  7.5f     3654431111 8 3 1 3    54.0   48.0
 81 1883.352918 1.604E-43 2.939E+01.03150.04911982.14300.60-.002220       X1/2   5       X1/2   4                 RR 53.5e     4622231111 8 3 1 3   330.0  324.0
 81 1883.354867 1.602E-43 2.939E+01.03150.04911982.42210.60-.002220       X1/2   5       X1/2   4                 RR 53.5f     4622231111 8 3 1 3   330.0  324.0
 81 1883.385230 3.981E-42 5.966E-03.05600.062 9199.86090.73-.001460       X3/2   6       X1/2   5                 SR  7.5e     3654431111 8 3 1 3    54.0   48.0
 81 1883.409760 1.050E-67 2.913E+01.01920.02323563.62530.70-.001200       X3/2   5       X3/2   4                 RR100.5e     0222231211 8 3 1 3   612.0  606.0
 81 1883.420377 1.044E-67 2.915E+01.01920.02323564.95790.70-.001200       X3/2   5       X3/2   4                 RR100.5f     0222231211 8 3 1 3   612.0  606.0
 81 1883.461490 1.181E-67 2.913E+01.01940.03823541.45990.60-.002220       X1/2   5       X1/2   4                 RR101.5f     0222231211 8 3 1 3   618.0  612.0
 81 1883.461789 1.181E-67 2.915E+01.01940.03823541.59650.60-.002220       X1/2   5       X1/2   4                 RR101.5e     0222231211 8 3 1 3   618.0  612.0
 81 1883.474061 1.866E-97 5.998E+00.01350.03137418.97530.60-.002220       X1/2   1       X1/2   0                 RR154.5f     0222231211 8 3 1 3   936.0  930.0
 81 1883.475070 3.121E-38 1.072E-02.05870.063 7392.13740.70-.000440       X3/2   5       X1/2   4                 RQ  5.5f     4654431111 8 3 1 3    36.0   36.0
 81 1883.478706 1.865E-97 5.996E+00.01350.03137419.03170.60-.002220       X1/2   1       X1/2   0                 RR154.5e     0222231211 8 3 1 3   936.0  930.0
 81 1883.502384 1.714E-97 5.999E+00.01340.01637435.15340.70-.001200       X3/2   1       X3/2   0                 RR153.5e     0222231211 8 3 1 3   930.0  924.0
 81 1883.516768 1.701E-97 5.998E+00.01340.01637436.68180.70-.001200       X3/2   1       X3/2   0                 RR153.5f     0222231211 8 3 1 3   930.0  924.0
 81 1883.545915 3.119E-38 1.071E-02.05870.063 7392.06750.70-.000440       X3/2   5       X1/2   4                 RQ  5.5e     4654431111 8 3 1 3    36.0   36.0
 81 1883.585939 3.536E-24 1.183E+01.05420.061 2074.59240.70-.000160       X1/2   2       X1/2   1           10.5   R 10.5e  9.5455443 3 3 8 3 1 3    22.0   20.0
 81 1883.585942 3.860E-24 1.184E+01.05420.061 2074.59240.70-.000160       X1/2   2       X1/2   1           11.5   R 10.5e 10.5455443 3 3 8 3 1 3    24.0   22.0
 81 1883.585962 4.214E-24 1.193E+01.05420.061 2074.59240.70-.000160       X1/2   2       X1/2   1           12.5   R 10.5e 11.5455443 3 3 8 3 1 3    26.0   24.0
 81 1883.587425 2.941E-26 9.838E-02.05420.061 2074.59240.70-.000160       X1/2   2       X1/2   1           10.5   R 10.5e 10.5455443 3 3 8 3 1 3    22.0   22.0
 81 1883.587432 2.941E-26 9.019E-02.05420.061 2074.59240.70-.000160       X1/2   2       X1/2   1           11.5   R 10.5e 11.5455443 3 3 8 3 1 3    24.0   24.0
 81 1883.588915 5.570E-29 1.863E-04.05420.061 2074.59240.70-.000160       X1/2   2       X1/2   1           10.5   R 10.5e 11.5455443 3 3 8 3 1 3    22.0   24.0
 81 1883.591622 5.567E-29 1.863E-04.05420.061 2074.71670.70-.000160       X1/2   2       X1/2   1           10.5   R 10.5f 11.5455443 3 3 8 3 1 3    22.0   24.0
 81 1883.593749 2.939E-26 9.018E-02.05420.061 2074.71670.70-.000160       X1/2   2       X1/2   1           11.5   R 10.5f 11.5455443 3 3 8 3 1 3    24.0   24.0
 81 1883.593898 2.939E-26 9.838E-02.05420.061 2074.71670.70-.000160       X1/2   2       X1/2   1           10.5   R 10.5f 10.5455443 3 3 8 3 1 3    22.0   22.0
 81 1883.596011 4.211E-24 1.193E+01.05420.061 2074.71670.70-.000160       X1/2   2       X1/2   1           12.5   R 10.5f 11.5455443 3 3 8 3 1 3    26.0   24.0
 81 1883.596016 3.534E-24 1.183E+01.05420.061 2074.71670.70-.000160       X1/2   2       X1/2   1           10.5   R 10.5f  9.5455443 3 3 8 3 1 3    22.0   20.0
 81 1883.596025 3.858E-24 1.184E+01.05420.061 2074.71670.70-.000160       X1/2   2       X1/2   1           11.5   R 10.5f 10.5455443 3 3 8 3 1 3    24.0   22.0
 81 1883.596478 8.060E-31 3.650E-04.03580.052 3374.15240.60-.001280       X3/2   1       X1/2   0           44.5   P 44.5f 45.5452223 4 4 8 3 1 3    90.0   92.0
 81 1883.598528 7.881E-31 3.650E-04.03580.052 3374.15240.60-.001280       X3/2   1       X1/2   0           43.5   P 44.5f 44.5452223 4 4 8 3 1 3    88.0   90.0
 81 1883.598553 3.982E-34 1.803E-07.03580.052 3374.15240.60-.001280       X3/2   1       X1/2   0           44.5   P 44.5f 44.5452223 4 4 8 3 1 3    90.0   90.0
 81 1883.600736 3.982E-34 1.844E-07.03580.052 3374.15240.60-.001280       X3/2   1       X1/2   0           43.5   P 44.5f 43.5452223 4 4 8 3 1 3    88.0   88.0
 81 1883.600979 7.706E-31 3.652E-04.03580.052 3374.15240.60-.001280       X3/2   1       X1/2   0           42.5   P 44.5f 43.5452223 4 4 8 3 1 3    86.0   88.0
 81 1883.606826 1.928E-47 5.460E-03.03680.05212021.04340.60-.002220       X3/2   6       X1/2   5                 RQ 42.5e     3632231111 8 3 1 3   258.0  258.0
 81 1883.638937 3.987E-34 1.844E-07.03580.052 3373.87230.60-.001280       X3/2   1       X1/2   0           43.5   P 44.5e 43.5452223 4 4 8 3 1 3    88.0   88.0
 81 1883.639102 3.987E-34 1.803E-07.03580.052 3373.87230.60-.001280       X3/2   1       X1/2   0           44.5   P 44.5e 44.5452223 4 4 8 3 1 3    90.0   90.0
 81 1883.639626 7.717E-31 3.653E-04.03580.052 3373.87230.60-.001280       X3/2   1       X1/2   0           42.5   P 44.5e 43.5452223 4 4 8 3 1 3    86.0   88.0
 81 1883.639899 8.071E-31 3.650E-04.03580.052 3373.87230.60-.001280       X3/2   1       X1/2   0           44.5   P 44.5e 45.5452223 4 4 8 3 1 3    90.0   92.0
 81 1883.639986 7.892E-31 3.650E-04.03580.052 3373.87230.60-.001280       X3/2   1       X1/2   0           43.5   P 44.5e 44.5452223 4 4 8 3 1 3    88.0   90.0
 81 1883.804164 3.279E-38 1.068E-02.05760.063 7412.98460.64-.000530       X3/2   5       X1/2   4                 RQ  6.5f     4654431111 8 3 1 3    42.0   42.0
 81 1883.876010 9.916E-48 5.347E-03.03630.05212158.22000.60-.002220       X3/2   6       X1/2   5                 RQ 43.5f     3622231111 8 3 1 3   264.0  264.0
 81 1883.886809 3.275E-38 1.067E-02.05760.063 7412.90340.64-.000530       X3/2   5       X1/2   4                 RQ  6.5e     4654431111 8 3 1 3    42.0   42.0
 81 1884.020548 1.018E-69 1.724E-03.02110.04022495.50110.60-.002220       X3/2   6       X1/2   5                 RQ 92.5f     1622231111 8 3 1 3   558.0  558.0
 81 1884.023746 2.177E-34 2.367E+01.04060.054 7524.01600.60-.002220       X1/2   4       X1/2   3                 RR 34.5e     4632231111 8 3 1 3   216.0  210.0
 81 1884.028011 2.174E-34 2.367E+01.04060.054 7524.29510.60-.002220       X1/2   4       X1/2   3                 RR 34.5f     4632231111 8 3 1 3   216.0  210.0
 81 1884.093425 5.801E-44 2.942E+01.03080.03712191.47200.70-.001200       X3/2   5       X3/2   4                 RR 53.5e     4622231111 8 3 1 3   330.0  324.0
 81 1884.102445 5.790E-44 2.942E+01.03080.03712191.83170.70-.001200       X3/2   5       X3/2   4                 RR 53.5f     4622231111 8 3 1 3   330.0  324.0
 81 1884.124359 2.551E-70 1.677E-03.02090.04022776.80550.60-.002220       X3/2   6       X1/2   5                 RQ 93.5e     1622231111 8 3 1 3   564.0  564.0
 81 1884.181271 3.311E-38 1.061E-02.05670.062 7437.03750.69-.000800       X3/2   5       X1/2   4                 RQ  7.5f     4654431111 8 3 1 3    48.0   48.0
 81 1884.247504 5.604E-32 2.630E-03.05010.059 4377.41070.60-.001690       X3/2   3       X1/2   2                 QP 19.5f     4653231111 8 3 1 3   114.0  120.0
 81 1884.275712 3.307E-38 1.060E-02.05670.062 7436.94530.69-.000800       X3/2   5       X1/2   4                 RQ  7.5e     4654431111 8 3 1 3    48.0   48.0
 81 1884.280027 2.987E-29 1.837E-04.05670.065 2199.73200.71-.001190       X3/2   2       X3/2   1           10.5   R 10.5e 11.5455443 3 3 8 3 1 3    22.0   24.0
 81 1884.280097 1.577E-26 8.891E-02.05670.065 2199.73200.71-.001190       X3/2   2       X3/2   1           11.5   R 10.5e 11.5455443 3 3 8 3 1 3    24.0   24.0
 81 1884.280110 1.577E-26 9.700E-02.05670.065 2199.73200.71-.001190       X3/2   2       X3/2   1           10.5   R 10.5e 10.5455443 3 3 8 3 1 3    22.0   22.0
 81 1884.280123 2.260E-24 1.176E+01.05670.065 2199.73200.71-.001190       X3/2   2       X3/2   1           12.5   R 10.5e 11.5455443 3 3 8 3 1 3    26.0   24.0
 81 1884.280179 2.070E-24 1.167E+01.05670.065 2199.73200.71-.001190       X3/2   2       X3/2   1           11.5   R 10.5e 10.5455443 3 3 8 3 1 3    24.0   22.0
 81 1884.280224 1.896E-24 1.166E+01.05670.065 2199.73200.71-.001190       X3/2   2       X3/2   1           10.5   R 10.5e  9.5455443 3 3 8 3 1 3    22.0   20.0
 81 1884.281491 2.987E-29 1.837E-04.05670.065 2199.73820.71-.001190       X3/2   2       X3/2   1           10.5   R 10.5f 11.5455443 3 3 8 3 1 3    22.0   24.0
 81 1884.281557 1.577E-26 8.892E-02.05670.065 2199.73820.71-.001190       X3/2   2       X3/2   1           11.5   R 10.5f 11.5455443 3 3 8 3 1 3    24.0   24.0
 81 1884.281741 1.577E-26 9.700E-02.05670.065 2199.73820.71-.001190       X3/2   2       X3/2   1           10.5   R 10.5f 10.5455443 3 3 8 3 1 3    22.0   22.0
 81 1884.281770 2.259E-24 1.176E+01.05670.065 2199.73820.71-.001190       X3/2   2       X3/2   1           12.5   R 10.5f 11.5455443 3 3 8 3 1 3    26.0   24.0
 81 1884.281807 2.070E-24 1.167E+01.05670.065 2199.73820.71-.001190       X3/2   2       X3/2   1           11.5   R 10.5f 10.5455443 3 3 8 3 1 3    24.0   22.0
 81 1884.281845 1.896E-24 1.166E+01.05670.065 2199.73820.71-.001190       X3/2   2       X3/2   1           10.5   R 10.5f  9.5455443 3 3 8 3 1 3    22.0   20.0
 81 1884.292961 1.264E-20 4.977E+00.06370.069    5.01000.78-.000430       X1/2   1       X1/2   0            3.5   R  1.5e  2.5455443 4 4 8 3 1 3     8.0    6.0
 81 1884.293090 7.960E-21 4.179E+00.06370.069    5.01000.78-.000430       X1/2   1       X1/2   0            2.5   R  1.5e  1.5455443 4 4 8 3 1 3     6.0    4.0
 81 1884.293353 4.738E-21 3.731E+00.06370.069    5.01000.78-.000430       X1/2   1       X1/2   0            1.5   R  1.5e   .5455443 4 4 8 3 1 3     4.0    2.0
 81 1884.294250 1.516E-21 1.194E+00.06370.069    5.01000.78-.000430       X1/2   1       X1/2   0            1.5   R  1.5e  1.5455443 4 4 8 3 1 3     4.0    4.0
 81 1884.294501 1.516E-21 7.959E-01.06370.069    5.01000.78-.000430       X1/2   1       X1/2   0            2.5   R  1.5e  2.5455443 4 4 8 3 1 3     6.0    6.0
 81 1884.295660 6.318E-23 4.976E-02.06370.069    5.01000.78-.000430       X1/2   1       X1/2   0            1.5   R  1.5e  2.5455443 4 4 8 3 1 3     4.0    6.0
 81 1884.299887 6.317E-23 4.975E-02.06370.069    5.03370.78-.000430       X1/2   1       X1/2   0            1.5   R  1.5f  2.5455443 4 4 8 3 1 3     4.0    6.0
 81 1884.301970 1.516E-21 7.960E-01.06370.069    5.03370.78-.000430       X1/2   1       X1/2   0            2.5   R  1.5f  2.5455443 4 4 8 3 1 3     6.0    6.0
 81 1884.303468 1.516E-21 1.194E+00.06370.069    5.03370.78-.000430       X1/2   1       X1/2   0            1.5   R  1.5f  1.5455443 4 4 8 3 1 3     4.0    4.0
 81 1884.304908 1.263E-20 4.974E+00.06370.069    5.03370.78-.000430       X1/2   1       X1/2   0            3.5   R  1.5f  2.5455443 4 4 8 3 1 3     8.0    6.0
 81 1884.305551 7.959E-21 4.179E+00.06370.069    5.03370.78-.000430       X1/2   1       X1/2   0            2.5   R  1.5f  1.5455443 4 4 8 3 1 3     6.0    4.0
 81 1884.305596 4.738E-21 3.732E+00.06370.069    5.03370.78-.000430       X1/2   1       X1/2   0            1.5   R  1.5f   .5455443 4 4 8 3 1 3     4.0    2.0
 81 1884.311977 2.622E-46 4.140E-03.05180.06011236.05460.51-.001210       X3/2   7       X1/2   6                 SR 15.5f     3654431111 8 3 1 3   102.0   96.0
 81 1884.320223 2.352E-23 3.318E-02.06570.071  124.91360.74-.001630       X3/2   1       X3/2   0            1.5   R  1.5e  2.5455443 4 4 8 3 1 3     4.0    6.0
 81 1884.320313 2.352E-23 3.318E-02.06570.071  124.91360.74-.001630       X3/2   1       X3/2   0            1.5   R  1.5f  2.5455443 4 4 8 3 1 3     4.0    6.0
 81 1884.321266 5.644E-22 5.307E-01.06570.071  124.91360.74-.001630       X3/2   1       X3/2   0            2.5   R  1.5e  2.5455443 4 4 8 3 1 3     6.0    6.0
 81 1884.321333 5.644E-22 5.307E-01.06570.071  124.91360.74-.001630       X3/2   1       X3/2   0            2.5   R  1.5f  2.5455443 4 4 8 3 1 3     6.0    6.0
 81 1884.322688 5.644E-22 7.961E-01.06570.071  124.91360.74-.001630       X3/2   1       X3/2   0            1.5   R  1.5e  1.5455443 4 4 8 3 1 3     4.0    4.0
 81 1884.322710 4.703E-21 3.317E+00.06570.071  124.91360.74-.001630       X3/2   1       X3/2   0            3.5   R  1.5e  2.5455443 4 4 8 3 1 3     8.0    6.0
 81 1884.322792 5.644E-22 7.961E-01.06570.071  124.91360.74-.001630       X3/2   1       X3/2   0            1.5   R  1.5f  1.5455443 4 4 8 3 1 3     4.0    4.0
 81 1884.322804 4.703E-21 3.317E+00.06570.071  124.91360.74-.001630       X3/2   1       X3/2   0            3.5   R  1.5f  2.5455443 4 4 8 3 1 3     8.0    6.0
 81 1884.323731 2.963E-21 2.786E+00.06570.071  124.91360.74-.001630       X3/2   1       X3/2   0            2.5   R  1.5e  1.5455443 4 4 8 3 1 3     6.0    4.0
 81 1884.323812 2.963E-21 2.786E+00.06570.071  124.91360.74-.001630       X3/2   1       X3/2   0            2.5   R  1.5f  1.5455443 4 4 8 3 1 3     6.0    4.0
 81 1884.324217 1.764E-21 2.488E+00.06570.071  124.91360.74-.001630       X3/2   1       X3/2   0            1.5   R  1.5e   .5455443 4 4 8 3 1 3     4.0    2.0
 81 1884.324304 1.764E-21 2.488E+00.06570.071  124.91360.74-.001630       X3/2   1       X3/2   0            1.5   R  1.5f   .5455443 4 4 8 3 1 3     4.0    2.0
 81 1884.391850 9.874E-48 5.320E-03.03630.05212157.92420.60-.002220       X3/2   6       X1/2   5                 RQ 43.5e     3622231111 8 3 1 3   264.0  264.0
 81 1884.423818 5.593E-32 2.623E-03.05010.059 4377.20650.60-.001690       X3/2   3       X1/2   2                 QP 19.5e     4653231111 8 3 1 3   114.0  120.0
 81 1884.437345 7.074E-44 2.945E+01.03110.04912154.48470.60-.002220       X1/2   5       X1/2   4                 RR 54.5e     4622231111 8 3 1 3   336.0  330.0
 81 1884.439206 7.064E-44 2.945E+01.03110.04912154.76100.60-.002220       X1/2   5       X1/2   4                 RR 54.5f     4622231111 8 3 1 3   336.0  330.0
 81 1884.452463 2.351E-28 1.776E+01.04840.058 4514.64450.60-.002220       X1/2   3       X1/2   2                 RR 21.5e     4643231111 8 3 1 3   138.0  132.0
 81 1884.459547 2.348E-28 1.776E+01.04840.058 4514.86290.60-.002220       X1/2   3       X1/2   2                 RR 21.5f     4643231111 8 3 1 3   138.0  132.0
 81 1884.465309 2.617E-46 4.129E-03.05180.06011235.88240.51-.001210       X3/2   7       X1/2   6                 SR 15.5e     3654431111 8 3 1 3   102.0   96.0
 81 1884.555223 4.595E-67 2.921E+01.01930.02423258.21250.70-.001200       X3/2   5       X3/2   4                 RR 99.5e     1622231211 8 3 1 3   606.0  600.0
 81 1884.565823 4.566E-67 2.921E+01.01930.02423259.54270.70-.001200       X3/2   5       X3/2   4                 RR 99.5f     1622231211 8 3 1 3   606.0  600.0
 81 1884.604951 3.231E-38 1.052E-02.05600.062 7464.29600.73-.001460       X3/2   5       X1/2   4                 RQ  8.5f     4654431111 8 3 1 3    54.0   54.0
 81 1884.609460 5.173E-67 2.921E+01.01950.03923235.87500.60-.002220       X1/2   5       X1/2   4                 RR100.5f     0222231211 8 3 1 3   612.0  606.0
 81 1884.609730 5.170E-67 2.921E+01.01950.03923236.01440.60-.002220       X1/2   5       X1/2   4                 RR100.5e     0222231211 8 3 1 3   612.0  606.0
 81 1884.630573 5.002E-48 5.212E-03.03580.05212298.17890.60-.002220       X3/2   6       X1/2   5                 RQ 44.5f     3622231111 8 3 1 3   270.0  270.0
 81 1884.639886 2.045E-30 1.147E-03.04290.056 3567.19380.60-.001280       X3/2   2       X1/2   1                 QP 31.5f     4633231111 8 3 1 3   186.0  192.0
 81 1884.711184 3.227E-38 1.050E-02.05600.062 7464.19290.73-.001460       X3/2   5       X1/2   4                 RQ  8.5e     4654431111 8 3 1 3    54.0   54.0
 81 1884.743085 9.726E-78 2.347E+01.01660.02028306.95630.70-.001200       X3/2   4       X3/2   3                 RR119.5e     0222231211 8 3 1 3   726.0  720.0
 81 1884.754453 9.660E-78 2.347E+01.01660.02028308.35260.70-.001200       X3/2   4       X3/2   3                 RR119.5f     0222231211 8 3 1 3   726.0  720.0
 81 1884.755137 1.077E-77 2.347E+01.01670.03528287.59660.60-.002220       X1/2   4       X1/2   3                 RR120.5f     0222231211 8 3 1 3   732.0  726.0
 81 1884.756405 1.077E-77 2.348E+01.01670.03528287.69610.60-.002220       X1/2   4       X1/2   3                 RR120.5e     0222231211 8 3 1 3   732.0  726.0
 81 1884.804869 2.041E-30 1.143E-03.04290.056 3566.92660.60-.001280       X3/2   2       X1/2   1                 QP 31.5e     4633231111 8 3 1 3   186.0  192.0
 81 1884.902447 6.455E-35 3.925E-03.05600.062 5673.71340.73-.002000       X3/2   4       X1/2   3                 QP  8.5f     4654431111 8 3 1 3    48.0   54.0
 81 1884.969198 3.979E-69 1.760E-03.02130.04022216.87650.60-.002220       X3/2   6       X1/2   5                 RQ 91.5f     1622231111 8 3 1 3   552.0  552.0
 81 1885.003337 6.448E-35 3.919E-03.05600.062 5673.61020.73-.002000       X3/2   4       X1/2   3                 QP  8.5e     4654431111 8 3 1 3    48.0   54.0
 81 1885.073620 3.061E-38 1.040E-02.05530.062 7494.75950.70-.001690       X3/2   5       X1/2   4                 RQ  9.5f     4654431111 8 3 1 3    60.0   60.0
 81 1885.107668 1.010E-69 1.712E-03.02110.04022495.52470.60-.002220       X3/2   6       X1/2   5                 RQ 92.5e     1622231111 8 3 1 3   558.0  558.0
 81 1885.147948 2.526E-44 2.947E+01.03040.03712366.33110.70-.001200       X3/2   5       X3/2   4                 RR 54.5e     4622231111 8 3 1 3   336.0  330.0
 81 1885.157041 2.522E-44 2.948E+01.03040.03712366.70560.70-.001200       X3/2   5       X3/2   4                 RR 54.5f     4622231111 8 3 1 3   336.0  330.0
 81 1885.158079 4.980E-48 5.184E-03.03580.05212297.88310.60-.002220       X3/2   6       X1/2   5                 RQ 44.5e     3622231111 8 3 1 3   270.0  270.0
 81 1885.186594 9.756E-35 2.369E+01.04010.048 7689.12600.70-.001200       X3/2   4       X3/2   3                 RR 34.5e     4632231111 8 3 1 3   216.0  210.0
 81 1885.191640 3.057E-38 1.038E-02.05530.062 7494.64580.70-.001690       X3/2   5       X1/2   4                 RQ  9.5e     4654431111 8 3 1 3    60.0   60.0
 81 1885.193591 9.749E-35 2.369E+01.04010.048 7689.26120.70-.001200       X3/2   4       X3/2   3                 RR 34.5f     4632231111 8 3 1 3   216.0  210.0
 81 1885.365273 2.485E-48 5.080E-03.03530.05112441.21010.60-.002220       X3/2   6       X1/2   5                 RQ 45.5f     3622231111 8 3 1 3   276.0  276.0
 81 1885.478514 3.072E-44 2.950E+01.03070.04812329.87280.60-.002220       X1/2   5       X1/2   4                 RR 55.5e     4622231111 8 3 1 3   342.0  336.0
 81 1885.480291 3.068E-44 2.951E+01.03070.04812330.14590.60-.002220       X1/2   5       X1/2   4                 RR 55.5f     4622231111 8 3 1 3   342.0  336.0
 81 1885.568597 1.188E-28 1.774E+01.04910.058 4654.56860.70-.001200       X3/2   3       X3/2   2                 RR 21.5e     4643231111 8 3 1 3   138.0  132.0
 81 1885.572989 1.187E-28 1.773E+01.04910.058 4654.61080.70-.001200       X3/2   3       X3/2   2                 RR 21.5f     4643231111 8 3 1 3   138.0  132.0
 81 1885.585560 2.822E-38 1.027E-02.05470.062 7528.42790.68-.000560       X3/2   5       X1/2   4                 RQ 10.5f     4654431111 8 3 1 3    66.0   66.0
 81 1885.648624 1.985E-66 2.927E+01.01950.02422955.34610.70-.001200       X3/2   5       X3/2   4                 RR 98.5e     1622231211 8 3 1 3   600.0  594.0
 81 1885.659208 1.973E-66 2.928E+01.01950.02422956.64820.70-.001200       X3/2   5       X3/2   4                 RR 98.5f     1622231211 8 3 1 3   600.0  594.0
 81 1885.705445 2.237E-66 2.928E+01.01970.03922932.86500.60-.002220       X1/2   5       X1/2   4                 RR 99.5f     1622231211 8 3 1 3   606.0  600.0
 81 1885.705688 2.235E-66 2.927E+01.01970.03922933.00730.60-.002220       X1/2   5       X1/2   4                 RR 99.5e     1622231211 8 3 1 3   606.0  600.0
 81 1885.715364 2.817E-38 1.025E-02.05470.062 7528.30380.68-.000560       X3/2   5       X1/2   4                 RQ 10.5e     4654431111 8 3 1 3    66.0   66.0
 81 1885.720973 1.260E-67 4.039E-04.03350.05021077.61940.60-.002220       X3/2  11       X1/2  10                 SR 48.5f     2622231111 8 3 1 3   300.0  294.0
 81 1885.739481 3.409E-91 1.194E+01.01430.03234580.27230.60-.002220       X1/2   2       X1/2   1                 RR144.5f     0222231211 8 3 1 3   876.0  870.0
 81 1885.742856 3.408E-91 1.194E+01.01430.03234580.33900.60-.002220       X1/2   2       X1/2   1                 RR144.5e     0222231211 8 3 1 3   876.0  870.0
 81 1885.758562 3.118E-91 1.194E+01.01420.01734597.19990.70-.001200       X3/2   2       X3/2   1                 RR143.5e     0222231211 8 3 1 3   870.0  864.0
 81 1885.762295 1.254E-67 4.014E-04.03350.05021077.30760.60-.002220       X3/2  11       X1/2  10                 SR 48.5e     2622231111 8 3 1 3   300.0  294.0
 81 1885.771779 3.096E-91 1.194E+01.01420.01734598.68790.70-.001200       X3/2   2       X3/2   1                 RR143.5f     0222231211 8 3 1 3   870.0  864.0
 81 1885.864765 1.683E-30 3.810E-04.03630.052 3226.40470.60-.001280       X3/2   1       X1/2   0           43.5   P 43.5f 44.5452223 4 4 8 3 1 3    88.0   90.0
 81 1885.866823 1.645E-30 3.811E-04.03630.052 3226.40470.60-.001280       X3/2   1       X1/2   0           42.5   P 43.5f 43.5452223 4 4 8 3 1 3    86.0   88.0
 81 1885.866845 8.699E-34 1.969E-07.03630.052 3226.40470.60-.001280       X3/2   1       X1/2   0           43.5   P 43.5f 43.5452223 4 4 8 3 1 3    88.0   88.0
 81 1885.869033 8.699E-34 2.015E-07.03630.052 3226.40470.60-.001280       X3/2   1       X1/2   0           42.5   P 43.5f 42.5452223 4 4 8 3 1 3    86.0   86.0
 81 1885.869276 1.608E-30 3.814E-04.03630.052 3226.40470.60-.001280       X3/2   1       X1/2   0           41.5   P 43.5f 42.5452223 4 4 8 3 1 3    84.0   86.0
 81 1885.871852 1.535E-68 1.796E-03.02150.04121940.90650.60-.002220       X3/2   6       X1/2   5                 RQ 90.5f     1622231111 8 3 1 3   546.0  546.0
 81 1885.904444 2.474E-48 5.053E-03.03530.05112440.91460.60-.002220       X3/2   6       X1/2   5                 RQ 45.5e     3622231111 8 3 1 3   276.0  276.0
 81 1885.920116 8.711E-34 2.015E-07.03630.052 3226.12390.60-.001280       X3/2   1       X1/2   0           42.5   P 43.5e 42.5452223 4 4 8 3 1 3    86.0   86.0
 81 1885.920307 8.711E-34 1.970E-07.03630.052 3226.12390.60-.001280       X3/2   1       X1/2   0           43.5   P 43.5e 43.5452223 4 4 8 3 1 3    88.0   88.0
 81 1885.920791 1.610E-30 3.814E-04.03630.052 3226.12390.60-.001280       X3/2   1       X1/2   0           41.5   P 43.5e 42.5452223 4 4 8 3 1 3    84.0   86.0
 81 1885.921117 1.686E-30 3.812E-04.03630.052 3226.12390.60-.001280       X3/2   1       X1/2   0           43.5   P 43.5e 44.5452223 4 4 8 3 1 3    88.0   90.0
 81 1885.921175 1.647E-30 3.811E-04.03630.052 3226.12390.60-.001280       X3/2   1       X1/2   0           42.5   P 43.5e 43.5452223 4 4 8 3 1 3    86.0   88.0
 81 1885.934544 1.284E-34 2.375E+01.04000.054 7638.58060.60-.002220       X1/2   4       X1/2   3                 RR 35.5e     4632231111 8 3 1 3   222.0  216.0
 81 1885.938632 1.283E-34 2.376E+01.04000.054 7638.86200.60-.002220       X1/2   4       X1/2   3                 RR 35.5f     4632231111 8 3 1 3   222.0  216.0
 81 1885.964606 5.534E-51 2.617E-03.04720.05813435.60170.60-.002220       X3/2   8       X1/2   7                 SR 23.5f     3643231111 8 3 1 3   150.0  144.0
 81 1885.974676 8.135E-85 1.777E+01.01530.03431624.62920.60-.002220       X1/2   3       X1/2   2                 RR133.5f     0222231211 8 3 1 3   810.0  804.0
 81 1885.976935 8.132E-85 1.777E+01.01530.03431624.70930.60-.002220       X1/2   3       X1/2   2                 RR133.5e     0222231211 8 3 1 3   810.0  804.0
 81 1885.981377 7.402E-85 1.777E+01.01520.01931642.54760.70-.001200       X3/2   3       X3/2   2                 RR132.5e     0222231211 8 3 1 3   804.0  798.0
 81 1885.993594 7.351E-85 1.777E+01.01520.01931643.99240.70-.001200       X3/2   3       X3/2   2                 RR132.5f     0222231211 8 3 1 3   804.0  798.0
 81 1886.044655 3.950E-69 1.749E-03.02130.04022216.88670.60-.002220       X3/2   6       X1/2   5                 RQ 91.5e     1622231111 8 3 1 3   552.0  552.0
 81 1886.064333 1.630E-61 8.455E-04.03780.05318293.47510.60-.002220       X3/2  10       X1/2   9                 SR 39.5f     3632231111 8 3 1 3   246.0  240.0
 81 1886.079080 1.215E-48 4.949E-03.03490.05112587.30810.60-.002220       X3/2   6       X1/2   5                 RQ 46.5f     3622231111 8 3 1 3   282.0  282.0
 81 1886.138938 2.536E-38 1.013E-02.05420.061 7565.30050.70-.000160       X3/2   5       X1/2   4                 RQ 11.5f     4654431111 8 3 1 3    72.0   72.0
 81 1886.145983 5.520E-51 2.608E-03.04720.05813435.36760.60-.002220       X3/2   8       X1/2   7                 SR 23.5e     3643231111 8 3 1 3   150.0  144.0
 81 1886.158475 1.084E-44 2.954E+01.03010.03612544.24410.70-.001200       X3/2   5       X3/2   4                 RR 55.5e     4622231111 8 3 1 3   342.0  336.0
 81 1886.167638 1.082E-44 2.954E+01.03010.03612544.63360.70-.001200       X3/2   5       X3/2   4                 RR 55.5f     4622231111 8 3 1 3   342.0  336.0
 81 1886.192387 1.624E-61 8.413E-04.03780.05318293.17290.60-.002220       X3/2  10       X1/2   9                 SR 39.5e     3632231111 8 3 1 3   246.0  240.0
 81 1886.280521 2.532E-38 1.011E-02.05420.061 7565.16620.70-.000160       X3/2   5       X1/2   4                 RQ 11.5e     4654431111 8 3 1 3    72.0   72.0
 81 1886.463833 3.228E-24 1.195E+01.05370.061 2112.64390.67-.000510       X1/2   2       X1/2   1           11.5   R 11.5e 10.5455443 3 3 8 3 1 3    24.0   22.0
 81 1886.463838 3.499E-24 1.195E+01.05370.061 2112.64390.67-.000510       X1/2   2       X1/2   1           12.5   R 11.5e 11.5455443 3 3 8 3 1 3    26.0   24.0
 81 1886.463859 3.793E-24 1.203E+01.05370.061 2112.64390.67-.000510       X1/2   2       X1/2   1           13.5   R 11.5e 12.5455443 3 3 8 3 1 3    28.0   26.0
 81 1886.465304 2.254E-26 7.700E-02.05370.061 2112.64390.67-.000510       X1/2   2       X1/2   1           12.5   R 11.5e 12.5455443 3 3 8 3 1 3    26.0   26.0
 81 1886.465314 2.254E-26 8.342E-02.05370.061 2112.64390.67-.000510       X1/2   2       X1/2   1           11.5   R 11.5e 11.5455443 3 3 8 3 1 3    24.0   24.0
 81 1886.466780 3.612E-29 1.337E-04.05370.061 2112.64390.67-.000510       X1/2   2       X1/2   1           11.5   R 11.5e 12.5455443 3 3 8 3 1 3    24.0   26.0
 81 1886.469251 3.610E-29 1.337E-04.05370.061 2112.77820.67-.000510       X1/2   2       X1/2   1           11.5   R 11.5f 12.5455443 3 3 8 3 1 3    24.0   26.0
 81 1886.471387 2.252E-26 7.698E-02.05370.061 2112.77820.67-.000510       X1/2   2       X1/2   1           12.5   R 11.5f 12.5455443 3 3 8 3 1 3    26.0   26.0
 81 1886.471513 2.252E-26 8.340E-02.05370.061 2112.77820.67-.000510       X1/2   2       X1/2   1           11.5   R 11.5f 11.5455443 3 3 8 3 1 3    24.0   24.0
 81 1886.473638 3.790E-24 1.203E+01.05370.061 2112.77820.67-.000510       X1/2   2       X1/2   1           13.5   R 11.5f 12.5455443 3 3 8 3 1 3    28.0   26.0
 81 1886.473641 3.226E-24 1.195E+01.05370.061 2112.77820.67-.000510       X1/2   2       X1/2   1           11.5   R 11.5f 10.5455443 3 3 8 3 1 3    24.0   22.0
 81 1886.473650 3.497E-24 1.195E+01.05370.061 2112.77820.67-.000510       X1/2   2       X1/2   1           12.5   R 11.5f 11.5455443 3 3 8 3 1 3    26.0   24.0
 81 1886.476247 1.314E-44 2.955E+01.03030.04812508.30010.60-.002220       X1/2   5       X1/2   4                 RR 56.5e     4622231111 8 3 1 3   348.0  342.0
 81 1886.477943 1.312E-44 2.955E+01.03030.04812508.56980.60-.002220       X1/2   5       X1/2   4                 RR 56.5f     4622231111 8 3 1 3   348.0  342.0
 81 1886.629915 1.210E-48 4.925E-03.03490.05112587.01310.60-.002220       X3/2   6       X1/2   5                 RQ 46.5e     3622231111 8 3 1 3   282.0  282.0
 81 1886.668860 7.455E-32 2.715E-03.05070.060 4313.58190.60-.001590       X3/2   3       X1/2   2                 QP 18.5f     4653231111 8 3 1 3   108.0  114.0
 81 1886.690170 8.468E-66 2.934E+01.01970.02422655.07490.70-.001200       X3/2   5       X3/2   4                 RR 97.5e     1622231111 8 3 1 3   594.0  588.0
 81 1886.700738 8.415E-66 2.934E+01.01970.02422656.34940.70-.001200       X3/2   5       X3/2   4                 RR 97.5f     1622231111 8 3 1 3   594.0  588.0
 81 1886.728838 5.849E-68 1.835E-03.02170.04121667.60310.60-.002220       X3/2   6       X1/2   5                 RQ 89.5f     1622231111 8 3 1 3   540.0  540.0
 81 1886.731818 2.225E-38 9.976E-03.05370.061 7605.37680.67-.000510       X3/2   5       X1/2   4                 RQ 12.5f     4654431111 8 3 1 3    78.0   78.0
 81 1886.749657 9.550E-66 2.934E+01.01980.03922632.41030.60-.002220       X1/2   5       X1/2   4                 RR 98.5f     1622231211 8 3 1 3   600.0  594.0
 81 1886.749870 9.544E-66 2.934E+01.01980.03922632.53660.60-.002220       X1/2   5       X1/2   4                 RR 98.5e     1622231211 8 3 1 3   600.0  594.0
 81 1886.771001 5.856E-49 4.826E-03.03440.05112736.46720.60-.002220       X3/2   6       X1/2   5                 RQ 47.5f     3622231111 8 3 1 3   288.0  288.0
 81 1886.841440 7.440E-32 2.707E-03.05070.060 4313.38530.60-.001590       X3/2   3       X1/2   2                 QP 18.5e     4653231111 8 3 1 3   108.0  114.0
 81 1886.860433 5.456E-77 2.357E+01.01670.02027950.88720.70-.001200       X3/2   4       X3/2   3                 RR118.5e     0222231211 8 3 1 3   720.0  714.0
 81 1886.861779 3.423E-30 1.199E-03.04350.056 3463.22120.60-.001280       X3/2   2       X1/2   1                 QP 30.5f     4633231111 8 3 1 3   180.0  186.0
 81 1886.871778 5.419E-77 2.357E+01.01670.02027952.28120.70-.001200       X3/2   4       X3/2   3                 RR118.5f     0222231211 8 3 1 3   720.0  714.0
 81 1886.873941 6.047E-77 2.357E+01.01690.03627931.41020.60-.002220       X1/2   4       X1/2   3                 RR119.5f     0222231211 8 3 1 3   726.0  720.0
 81 1886.875173 6.044E-77 2.357E+01.01690.03627931.51240.60-.002220       X1/2   4       X1/2   3                 RR119.5e     0222231211 8 3 1 3   726.0  720.0
 81 1886.885175 2.221E-38 9.953E-03.05370.061 7605.23270.67-.000510       X3/2   5       X1/2   4                 RQ 12.5e     4654431111 8 3 1 3    78.0   78.0
 81 1886.898597 1.719E-28 1.785E+01.04780.058 4588.25810.60-.002220       X1/2   3       X1/2   2                 RR 22.5e     4643231111 8 3 1 3   144.0  138.0
 81 1886.905418 1.718E-28 1.786E+01.04780.058 4588.48310.60-.002220       X1/2   3       X1/2   2                 RR 22.5f     4643231111 8 3 1 3   144.0  138.0
 81 1886.919886 3.666E-42 5.661E-03.05530.062 9226.91750.70-.001690       X3/2   6       X1/2   5                 SR  8.5f     3654431111 8 3 1 3    60.0   54.0
 81 1886.930904 4.554E-56 1.531E-03.04230.05515790.89610.60-.002220       X3/2   9       X1/2   8                 SR 31.5f     3633231111 8 3 1 3   198.0  192.0
 81 1886.935645 1.524E-68 1.785E-03.02150.04121940.90360.60-.002220       X3/2   6       X1/2   5                 RQ 90.5e     1622231111 8 3 1 3   546.0  546.0
 81 1887.018690 3.661E-42 5.651E-03.05530.062 9226.81450.70-.001690       X3/2   6       X1/2   5                 SR  8.5e     3654431111 8 3 1 3    60.0   54.0
 81 1887.031356 3.416E-30 1.195E-03.04350.056 3462.95740.60-.001280       X3/2   2       X1/2   1                 QP 30.5e     4633231111 8 3 1 3   180.0  186.0
 81 1887.089462 5.693E-35 2.378E+01.03950.047 7805.92590.70-.001200       X3/2   4       X3/2   3                 RR 35.5e     4632231111 8 3 1 3   222.0  216.0
 81 1887.096622 5.689E-35 2.378E+01.03950.047 7806.07050.70-.001200       X3/2   4       X3/2   3                 RR 35.5f     4632231111 8 3 1 3   222.0  216.0
 81 1887.102798 4.541E-56 1.525E-03.04230.05515790.61920.60-.002220       X3/2   9       X1/2   8                 SR 31.5e     3633231111 8 3 1 3   198.0  192.0
 81 1887.124854 4.578E-45 2.957E+01.02970.03612725.20320.70-.001200       X3/2   5       X3/2   4                 RR 56.5e     4622231111 8 3 1 3   348.0  342.0
 81 1887.134084 4.569E-45 2.957E+01.02970.03612725.60790.70-.001200       X3/2   5       X3/2   4                 RR 56.5f     4622231111 8 3 1 3   348.0  342.0
 81 1887.217017 2.028E-24 1.189E+01.05610.065 2238.82030.68-.001020       X3/2   2       X3/2   1           13.5   R 11.5e 12.5455443 3 3 8 3 1 3    28.0   26.0
 81 1887.217018 1.932E-29 1.321E-04.05610.065 2238.82030.68-.001020       X3/2   2       X3/2   1           11.5   R 11.5e 12.5455443 3 3 8 3 1 3    24.0   26.0
 81 1887.217041 1.205E-26 8.241E-02.05610.065 2238.82030.68-.001020       X3/2   2       X3/2   1           11.5   R 11.5e 11.5455443 3 3 8 3 1 3    24.0   24.0
 81 1887.217044 1.205E-26 7.607E-02.05610.065 2238.82030.68-.001020       X3/2   2       X3/2   1           12.5   R 11.5e 12.5455443 3 3 8 3 1 3    26.0   26.0
 81 1887.217068 1.871E-24 1.181E+01.05610.065 2238.82030.68-.001020       X3/2   2       X3/2   1           12.5   R 11.5e 11.5455443 3 3 8 3 1 3    26.0   24.0
 81 1887.217109 1.727E-24 1.181E+01.05610.065 2238.82030.68-.001020       X3/2   2       X3/2   1           11.5   R 11.5e 10.5455443 3 3 8 3 1 3    24.0   22.0
 81 1887.218702 1.932E-29 1.321E-04.05610.065 2238.82830.68-.001020       X3/2   2       X3/2   1           11.5   R 11.5f 12.5455443 3 3 8 3 1 3    24.0   26.0
 81 1887.218732 1.205E-26 7.608E-02.05610.065 2238.82830.68-.001020       X3/2   2       X3/2   1           12.5   R 11.5f 12.5455443 3 3 8 3 1 3    26.0   26.0
 81 1887.218914 1.205E-26 8.241E-02.05610.065 2238.82830.68-.001020       X3/2   2       X3/2   1           11.5   R 11.5f 11.5455443 3 3 8 3 1 3    24.0   24.0
 81 1887.218914 2.028E-24 1.189E+01.05610.065 2238.82830.68-.001020       X3/2   2       X3/2   1           13.5   R 11.5f 12.5455443 3 3 8 3 1 3    28.0   26.0
 81 1887.218945 1.871E-24 1.181E+01.05610.065 2238.82830.68-.001020       X3/2   2       X3/2   1           12.5   R 11.5f 11.5455443 3 3 8 3 1 3    26.0   24.0
 81 1887.218979 1.726E-24 1.180E+01.05610.065 2238.82830.68-.001020       X3/2   2       X3/2   1           11.5   R 11.5f 10.5455443 3 3 8 3 1 3    24.0   22.0
 81 1887.333500 5.830E-49 4.801E-03.03440.05112736.17300.60-.002220       X3/2   6       X1/2   5                 RQ 47.5e     3622231111 8 3 1 3   288.0  288.0
 81 1887.362182 1.909E-38 9.815E-03.05320.061 7648.65620.72-.001150       X3/2   5       X1/2   4                 RQ 13.5f     4654431111 8 3 1 3    84.0   84.0
 81 1887.430366 5.536E-45 2.960E+01.03000.04812689.75950.60-.002220       X1/2   5       X1/2   4                 RR 57.5e     4622231111 8 3 1 3   354.0  348.0
 81 1887.431984 5.529E-45 2.960E+01.03000.04812690.02560.60-.002220       X1/2   5       X1/2   4                 RR 57.5f     4622231111 8 3 1 3   354.0  348.0
 81 1887.435315 1.597E-96 6.044E+00.01350.03136976.67410.60-.002220       X1/2   1       X1/2   0                 RR153.5f     0222231211 8 3 1 3   930.0  924.0
 81 1887.439880 1.597E-96 6.046E+00.01350.03136976.73290.60-.002220       X1/2   1       X1/2   0                 RR153.5e     0222231211 8 3 1 3   930.0  924.0
 81 1887.440080 2.779E-49 4.705E-03.03400.05012888.68140.60-.002220       X3/2   6       X1/2   5                 RQ 48.5f     3622231111 8 3 1 3   294.0  294.0
 81 1887.462939 1.467E-96 6.047E+00.01350.01636992.91250.70-.001200       X3/2   1       X3/2   0                 RR152.5e     0222231211 8 3 1 3   924.0  918.0
 81 1887.477253 1.456E-96 6.046E+00.01350.01636994.43880.70-.001200       X3/2   1       X3/2   0                 RR152.5f     0222231211 8 3 1 3   924.0  918.0
 81 1887.477512 1.396E-38 1.099E-02.06630.073 7335.99440.790.000750       X3/2   5       X1/2   4                 SR  0.5f     4654431111 8 3 1 3    12.0    6.0
 81 1887.489295 1.396E-38 1.099E-02.06630.073 7335.98260.790.000750       X3/2   5       X1/2   4                 SR  0.5e     4654431111 8 3 1 3    12.0    6.0
 81 1887.517221 1.628E-20 5.359E+00.06170.066   13.36390.69-.000480       X1/2   1       X1/2   0            4.5   R  2.5e  3.5455443 4 4 8 3 1 3    10.0    8.0
 81 1887.517262 1.196E-20 4.921E+00.06170.066   13.36390.69-.000480       X1/2   1       X1/2   0            3.5   R  2.5e  2.5455443 4 4 8 3 1 3     8.0    6.0
 81 1887.517398 8.683E-21 4.764E+00.06170.066   13.36390.69-.000480       X1/2   1       X1/2   0            2.5   R  2.5e  1.5455443 4 4 8 3 1 3     6.0    4.0
 81 1887.518558 1.063E-21 5.832E-01.06170.066   13.36390.69-.000480       X1/2   1       X1/2   0            2.5   R  2.5e  2.5455443 4 4 8 3 1 3     6.0    6.0
 81 1887.518799 1.063E-21 4.374E-01.06170.066   13.36390.69-.000480       X1/2   1       X1/2   0            3.5   R  2.5e  3.5455443 4 4 8 3 1 3     8.0    8.0
 81 1887.520096 2.215E-23 1.215E-02.06170.066   13.36390.69-.000480       X1/2   1       X1/2   0            2.5   R  2.5e  3.5455443 4 4 8 3 1 3     6.0    8.0
 81 1887.524229 2.215E-23 1.215E-02.06170.066   13.39940.69-.000480       X1/2   1       X1/2   0            2.5   R  2.5f  3.5455443 4 4 8 3 1 3     6.0    8.0
 81 1887.526297 1.063E-21 4.375E-01.06170.066   13.39940.69-.000480       X1/2   1       X1/2   0            3.5   R  2.5f  3.5455443 4 4 8 3 1 3     8.0    8.0
 81 1887.527170 1.063E-21 5.833E-01.06170.066   13.39940.69-.000480       X1/2   1       X1/2   0            2.5   R  2.5f  2.5455443 4 4 8 3 1 3     6.0    6.0
 81 1887.527308 1.905E-38 9.789E-03.05320.061 7648.50250.72-.001150       X3/2   5       X1/2   4                 RQ 13.5e     4654431111 8 3 1 3    84.0   84.0
 81 1887.528969 1.628E-20 5.360E+00.06170.066   13.39940.69-.000480       X1/2   1       X1/2   0            4.5   R  2.5f  3.5455443 4 4 8 3 1 3    10.0    8.0
 81 1887.529238 1.196E-20 4.922E+00.06170.066   13.39940.69-.000480       X1/2   1       X1/2   0            3.5   R  2.5f  2.5455443 4 4 8 3 1 3     8.0    6.0
 81 1887.529254 8.681E-21 4.764E+00.06170.066   13.39940.69-.000480       X1/2   1       X1/2   0            2.5   R  2.5f  1.5455443 4 4 8 3 1 3     6.0    4.0
 81 1887.540488 2.199E-67 1.874E-03.02190.04121396.97850.60-.002220       X3/2   6       X1/2   5                 RQ 88.5f     1622231111 8 3 1 3   534.0  534.0
 81 1887.634232 1.029E-23 1.012E-02.06370.069  133.51400.68-.002110       X3/2   1       X3/2   0            2.5   R  2.5e  3.5455443 4 4 8 3 1 3     6.0    8.0
 81 1887.634400 1.029E-23 1.012E-02.06370.069  133.51420.68-.002110       X3/2   1       X3/2   0            2.5   R  2.5f  3.5455443 4 4 8 3 1 3     6.0    8.0
 81 1887.635007 4.941E-22 3.646E-01.06370.069  133.51400.68-.002110       X3/2   1       X3/2   0            3.5   R  2.5e  3.5455443 4 4 8 3 1 3     8.0    8.0
 81 1887.635148 4.941E-22 3.646E-01.06370.069  133.51420.68-.002110       X3/2   1       X3/2   0            3.5   R  2.5f  3.5455443 4 4 8 3 1 3     8.0    8.0
 81 1887.635676 4.941E-22 4.862E-01.06370.069  133.51400.68-.002110       X3/2   1       X3/2   0            2.5   R  2.5e  2.5455443 4 4 8 3 1 3     6.0    6.0
 81 1887.635871 4.941E-22 4.862E-01.06370.069  133.51420.68-.002110       X3/2   1       X3/2   0            2.5   R  2.5f  2.5455443 4 4 8 3 1 3     6.0    6.0
 81 1887.635997 7.566E-21 4.467E+00.06370.069  133.51400.68-.002110       X3/2   1       X3/2   0            4.5   R  2.5e  3.5455443 4 4 8 3 1 3    10.0    8.0
 81 1887.636179 7.566E-21 4.467E+00.06370.069  133.51420.68-.002110       X3/2   1       X3/2   0            4.5   R  2.5f  3.5455443 4 4 8 3 1 3    10.0    8.0
 81 1887.636451 5.559E-21 4.102E+00.06370.069  133.51400.68-.002110       X3/2   1       X3/2   0            3.5   R  2.5e  2.5455443 4 4 8 3 1 3     8.0    6.0
 81 1887.636619 5.559E-21 4.102E+00.06370.069  133.51420.68-.002110       X3/2   1       X3/2   0            3.5   R  2.5f  2.5455443 4 4 8 3 1 3     8.0    6.0
 81 1887.636719 4.035E-21 3.970E+00.06370.069  133.51400.68-.002110       X3/2   1       X3/2   0            2.5   R  2.5e  1.5455443 4 4 8 3 1 3     6.0    4.0
 81 1887.636890 4.035E-21 3.970E+00.06370.069  133.51420.68-.002110       X3/2   1       X3/2   0            2.5   R  2.5f  1.5455443 4 4 8 3 1 3     6.0    4.0
 81 1887.680066 3.566E-65 2.940E+01.01980.02422357.41220.70-.001200       X3/2   5       X3/2   4                 RR 96.5e     1622231111 8 3 1 3   588.0  582.0
 81 1887.690618 3.544E-65 2.940E+01.01980.02422358.65940.70-.001200       X3/2   5       X3/2   4                 RR 96.5f     1622231111 8 3 1 3   588.0  582.0
 81 1887.742303 4.026E-65 2.940E+01.02000.03922334.56020.60-.002220       X1/2   5       X1/2   4                 RR 97.5f     1622231111 8 3 1 3   594.0  588.0
 81 1887.742488 4.024E-65 2.940E+01.02000.03922334.67080.60-.002220       X1/2   5       X1/2   4                 RR 97.5e     1622231111 8 3 1 3   594.0  588.0
 81 1887.751289 6.334E-35 3.861E-03.05670.062 5646.16160.69-.001880       X3/2   4       X1/2   3                 QP  7.5f     4654431111 8 3 1 3    42.0   48.0
 81 1887.780969 5.807E-68 1.824E-03.02170.04121667.58750.60-.002220       X3/2   6       X1/2   5                 RQ 89.5e     1622231111 8 3 1 3   540.0  540.0
 81 1887.805667 7.453E-35 2.384E+01.03950.054 7756.33210.60-.002220       X1/2   4       X1/2   3                 RR 36.5e     4632231111 8 3 1 3   228.0  222.0
 81 1887.809584 7.443E-35 2.384E+01.03950.054 7756.61560.60-.002220       X1/2   4       X1/2   3                 RR 36.5f     4632231111 8 3 1 3   228.0  222.0
 81 1887.842066 6.327E-35 3.856E-03.05670.062 5646.06930.69-.001880       X3/2   4       X1/2   3                 QP  7.5e     4654431111 8 3 1 3    42.0   48.0
 81 1888.014241 2.766E-49 4.679E-03.03400.05012888.38820.60-.002220       X3/2   6       X1/2   5                 RQ 48.5e     3622231111 8 3 1 3   294.0  294.0
 81 1888.027937 1.602E-38 9.643E-03.05280.061 7695.13790.63-.000570       X3/2   5       X1/2   4                 RQ 14.5f     4654431111 8 3 1 3    90.0   90.0
 81 1888.036630 8.617E-29 1.784E+01.04830.057 4729.93080.70-.001200       X3/2   3       X3/2   2                 RR 22.5e     4643231111 8 3 1 3   144.0  138.0
 81 1888.041270 8.615E-29 1.784E+01.04830.057 4729.97840.70-.001200       X3/2   3       X3/2   2                 RR 22.5f     4643231111 8 3 1 3   144.0  138.0
 81 1888.046932 1.905E-45 2.962E+01.02930.03512909.20050.70-.001200       X3/2   5       X3/2   4                 RR 57.5e     4622231111 8 3 1 3   354.0  348.0
 81 1888.056227 1.902E-45 2.963E+01.02930.03512909.62080.70-.001200       X3/2   5       X3/2   4                 RR 57.5f     4622231111 8 3 1 3   354.0  348.0
 81 1888.085395 1.299E-49 4.588E-03.03350.05013043.94470.60-.002220       X3/2   6       X1/2   5                 RQ 49.5f     3622231111 8 3 1 3   300.0  300.0
 81 1888.121940 3.459E-30 3.980E-04.03680.052 3081.91300.60-.001280       X3/2   1       X1/2   0           42.5   P 42.5f 43.5453223 4 4 8 3 1 3    86.0   88.0
 81 1888.124005 3.379E-30 3.980E-04.03680.052 3081.91300.60-.001280       X3/2   1       X1/2   0           41.5   P 42.5f 42.5453223 4 4 8 3 1 3    84.0   86.0
 81 1888.124025 1.872E-33 2.154E-07.03680.052 3081.91300.60-.001280       X3/2   1       X1/2   0           42.5   P 42.5f 42.5453223 4 4 8 3 1 3    86.0   86.0
 81 1888.126216 1.872E-33 2.205E-07.03680.052 3081.91300.60-.001280       X3/2   1       X1/2   0           41.5   P 42.5f 41.5453223 4 4 8 3 1 3    84.0   84.0
 81 1888.126460 3.300E-30 3.982E-04.03680.052 3081.91300.60-.001280       X3/2   1       X1/2   0           40.5   P 42.5f 41.5453223 4 4 8 3 1 3    82.0   84.0
 81 1888.149406 2.023E-46 3.895E-03.05120.06011287.79150.60-.001400       X3/2   7       X1/2   6                 SR 16.5f     3653231111 8 3 1 3   108.0  102.0
 81 1888.189595 1.874E-33 2.205E-07.03680.052 3081.63180.60-.001280       X3/2   1       X1/2   0           41.5   P 42.5e 41.5453223 4 4 8 3 1 3    84.0   84.0
 81 1888.189813 1.874E-33 2.153E-07.03680.052 3081.63180.60-.001280       X3/2   1       X1/2   0           42.5   P 42.5e 42.5453223 4 4 8 3 1 3    86.0   86.0
 81 1888.190257 3.305E-30 3.983E-04.03680.052 3081.63180.60-.001280       X3/2   1       X1/2   0           40.5   P 42.5e 41.5453223 4 4 8 3 1 3    82.0   84.0
 81 1888.190637 3.464E-30 3.980E-04.03680.052 3081.63180.60-.001280       X3/2   1       X1/2   0           42.5   P 42.5e 43.5453223 4 4 8 3 1 3    86.0   88.0
 81 1888.190666 3.384E-30 3.981E-04.03680.052 3081.63180.60-.001280       X3/2   1       X1/2   0           41.5   P 42.5e 42.5453223 4 4 8 3 1 3    84.0   86.0
 81 1888.204827 1.599E-38 9.619E-03.05280.061 7694.97490.63-.000570       X3/2   5       X1/2   4                 RQ 14.5e     4654431111 8 3 1 3    90.0   90.0
 81 1888.307140 8.162E-67 1.914E-03.02210.04121129.04420.60-.002220       X3/2   6       X1/2   5                 RQ 87.5f     1622231111 8 3 1 3   528.0  528.0
 81 1888.308252 2.019E-46 3.884E-03.05120.06011287.61050.60-.001400       X3/2   7       X1/2   6                 SR 16.5e     3653231111 8 3 1 3   108.0  102.0
 81 1888.340693 2.298E-45 2.965E+01.02960.04712874.24370.60-.002220       X1/2   5       X1/2   4                 RR 58.5e     4622231111 8 3 1 3   360.0  354.0
 81 1888.342235 2.295E-45 2.965E+01.02960.04712874.50580.60-.002220       X1/2   5       X1/2   4                 RR 58.5f     4622231111 8 3 1 3   360.0  354.0
 81 1888.580957 2.184E-67 1.863E-03.02190.04121396.95030.60-.002220       X3/2   6       X1/2   5                 RQ 88.5e     1622231111 8 3 1 3   534.0  534.0
 81 1888.618516 1.482E-64 2.945E+01.02000.02422062.37100.70-.001200       X3/2   5       X3/2   4                 RR 95.5e     1622231111 8 3 1 3   582.0  576.0
 81 1888.629051 1.474E-64 2.946E+01.02000.02422063.59120.70-.001200       X3/2   5       X3/2   4                 RR 95.5f     1622231111 8 3 1 3   582.0  576.0
 81 1888.671217 1.293E-49 4.563E-03.03350.05013043.65290.60-.002220       X3/2   6       X1/2   5                 RQ 49.5e     3622231111 8 3 1 3   300.0  300.0
 81 1888.683590 1.675E-64 2.945E+01.02020.03922039.32780.60-.002220       X1/2   5       X1/2   4                 RR 96.5f     1622231111 8 3 1 3   588.0  582.0
 81 1888.683747 1.675E-64 2.947E+01.02020.03922039.42310.60-.002220       X1/2   5       X1/2   4                 RR 96.5e     1622231111 8 3 1 3   588.0  582.0
 81 1888.706054 5.982E-50 4.474E-03.03310.05013202.25100.60-.002220       X3/2   6       X1/2   5                 RQ 50.5f     3622231111 8 3 1 3   306.0  306.0
 81 1888.726936 1.317E-38 9.469E-03.05230.060 7744.82110.63-.001190       X3/2   5       X1/2   4                 RQ 15.5f     4654431111 8 3 1 3    96.0   96.0
 81 1888.780112 5.388E-84 1.787E+01.01540.03431234.71010.60-.002220       X1/2   3       X1/2   2                 RR132.5f     0222231211 8 3 1 3   804.0  798.0
 81 1888.782322 5.385E-84 1.786E+01.01540.03431234.79290.60-.002220       X1/2   3       X1/2   2                 RR132.5e     0222231211 8 3 1 3   804.0  798.0
 81 1888.785757 4.899E-84 1.787E+01.01530.01931252.71970.70-.001200       X3/2   3       X3/2   2                 RR131.5e     0222231211 8 3 1 3   798.0  792.0
 81 1888.797938 4.865E-84 1.787E+01.01530.01931254.16220.70-.001200       X3/2   3       X3/2   2                 RR131.5f     0222231211 8 3 1 3   798.0  792.0
 81 1888.915586 1.314E-38 9.442E-03.05230.060 7744.64910.63-.001190       X3/2   5       X1/2   4                 RQ 15.5e     4654431111 8 3 1 3    96.0   96.0
 81 1888.921912 3.025E-76 2.367E+01.01680.02127597.15300.70-.001200       X3/2   4       X3/2   3                 RR117.5e     0222231211 8 3 1 3   714.0  708.0
 81 1888.924556 7.812E-46 2.967E+01.02900.03513096.22810.70-.001200       X3/2   5       X3/2   4                 RR 58.5e     4622231111 8 3 1 3   360.0  354.0
 81 1888.933233 3.005E-76 2.367E+01.01680.02127598.54460.70-.001200       X3/2   4       X3/2   3                 RR117.5f     0222231211 8 3 1 3   714.0  708.0
 81 1888.933911 7.795E-46 2.967E+01.02900.03513096.66420.70-.001200       X3/2   5       X3/2   4                 RR 58.5f     4622231111 8 3 1 3   360.0  354.0
 81 1888.936913 3.355E-76 2.367E+01.01700.03627577.55630.60-.002220       X1/2   4       X1/2   3                 RR118.5f     0222231211 8 3 1 3   720.0  714.0
 81 1888.938109 3.354E-76 2.367E+01.01700.03627577.66120.60-.002220       X1/2   4       X1/2   3                 RR118.5e     0222231211 8 3 1 3   720.0  714.0
 81 1888.950994 3.268E-35 2.387E+01.03890.046 7925.94010.70-.001200       X3/2   4       X3/2   3                 RR 36.5e     4632231111 8 3 1 3   228.0  222.0
 81 1888.958310 3.265E-35 2.386E+01.03890.046 7926.09450.70-.001200       X3/2   4       X3/2   3                 RR 36.5f     4632231111 8 3 1 3   228.0  222.0
 81 1888.984140 5.745E-68 3.691E-04.03310.05021224.06210.60-.002220       X3/2  11       X1/2  10                 SR 49.5f     2622231111 8 3 1 3   306.0  300.0
 81 1889.012613 5.719E-68 3.669E-04.03310.05021223.75080.60-.002220       X3/2  11       X1/2  10                 SR 49.5e     2622231111 8 3 1 3   306.0  300.0
 81 1889.029136 2.990E-66 1.955E-03.02230.04120863.81210.60-.002220       X3/2   6       X1/2   5                 RQ 86.5f     1622231111 8 3 1 3   522.0  522.0
 81 1889.090018 5.630E-30 1.254E-03.04410.056 3362.52390.60-.001280       X3/2   2       X1/2   1                 QP 29.5f     4633231111 8 3 1 3   174.0  180.0
 81 1889.120442 9.710E-32 2.797E-03.05120.060 4253.02000.60-.002320       X3/2   3       X1/2   2                 QP 17.5f     4653231111 8 3 1 3   102.0  108.0
 81 1889.142689 2.587E-90 1.202E+01.01440.03234162.52940.60-.002220       X1/2   2       X1/2   1                 RR143.5f     0222231211 8 3 1 3   870.0  864.0
 81 1889.146001 2.586E-90 1.202E+01.01440.03234162.59860.60-.002220       X1/2   2       X1/2   1                 RR143.5e     0222231211 8 3 1 3   870.0  864.0
 81 1889.160935 2.365E-90 1.202E+01.01430.01734179.53050.70-.001200       X3/2   2       X3/2   1                 RR142.5e     0222231211 8 3 1 3   864.0  858.0
 81 1889.174100 2.348E-90 1.202E+01.01430.01734181.01630.70-.001200       X3/2   2       X3/2   1                 RR142.5f     0222231211 8 3 1 3   864.0  858.0
 81 1889.207048 9.395E-46 2.969E+01.02920.04713061.74520.60-.002220       X1/2   5       X1/2   4                 RR 59.5e     4622231111 8 3 1 3   366.0  360.0
 81 1889.208517 9.384E-46 2.969E+01.02920.04713062.00310.60-.002220       X1/2   5       X1/2   4                 RR 59.5f     4622231111 8 3 1 3   366.0  360.0
 81 1889.263528 5.619E-30 1.250E-03.04410.056 3362.26390.60-.001280       X3/2   2       X1/2   1                 QP 29.5e     4633231111 8 3 1 3   174.0  180.0
 81 1889.288621 9.691E-32 2.789E-03.05120.060 4252.83130.60-.002320       X3/2   3       X1/2   2                 QP 17.5e     4653231111 8 3 1 3   102.0  108.0
 81 1889.301201 2.714E-50 4.364E-03.03270.05013363.59390.60-.002220       X3/2   6       X1/2   5                 RQ 51.5f     3622231111 8 3 1 3   312.0  312.0
 81 1889.303538 5.954E-50 4.449E-03.03310.05013201.96080.60-.002220       X3/2   6       X1/2   5                 RQ 50.5e     3622231111 8 3 1 3   306.0  306.0
 81 1889.306596 2.878E-24 1.206E+01.05320.061 2154.00330.72-.001150       X1/2   2       X1/2   1           12.5   R 12.5e 11.5455443 3 3 8 3 1 3    26.0   24.0
 81 1889.306602 3.100E-24 1.206E+01.05320.061 2154.00330.72-.001150       X1/2   2       X1/2   1           13.5   R 12.5e 12.5455443 3 3 8 3 1 3    28.0   26.0
 81 1889.306623 3.340E-24 1.213E+01.05320.061 2154.00330.72-.001150       X1/2   2       X1/2   1           14.5   R 12.5e 13.5455443 3 3 8 3 1 3    30.0   28.0
 81 1889.307650 1.236E-28 1.795E+01.04720.058 4665.13250.60-.002220       X1/2   3       X1/2   2                 RR 23.5e     4643231111 8 3 1 3   150.0  144.0
 81 1889.308044 1.710E-26 6.652E-02.05320.061 2154.00330.72-.001150       X1/2   2       X1/2   1           13.5   R 12.5e 13.5455443 3 3 8 3 1 3    28.0   28.0
 81 1889.308070 1.710E-26 7.164E-02.05320.061 2154.00330.72-.001150       X1/2   2       X1/2   1           12.5   R 12.5e 12.5455443 3 3 8 3 1 3    26.0   26.0
 81 1889.309512 2.350E-29 9.845E-05.05320.061 2154.00330.72-.001150       X1/2   2       X1/2   1           12.5   R 12.5e 13.5455443 3 3 8 3 1 3    26.0   28.0
 81 1889.311739 2.348E-29 9.844E-05.05320.061 2154.14740.72-.001150       X1/2   2       X1/2   1           12.5   R 12.5f 13.5455443 3 3 8 3 1 3    26.0   28.0
 81 1889.313884 1.709E-26 6.653E-02.05320.061 2154.14740.72-.001150       X1/2   2       X1/2   1           13.5   R 12.5f 13.5455443 3 3 8 3 1 3    28.0   28.0
 81 1889.313990 1.709E-26 7.165E-02.05320.061 2154.14740.72-.001150       X1/2   2       X1/2   1           12.5   R 12.5f 12.5455443 3 3 8 3 1 3    26.0   26.0
 81 1889.314214 1.234E-28 1.794E+01.04720.058 4665.36360.60-.002220       X1/2   3       X1/2   2                 RR 23.5f     4643231111 8 3 1 3   150.0  144.0
 81 1889.316126 3.338E-24 1.213E+01.05320.061 2154.14740.72-.001150       X1/2   2       X1/2   1           14.5   R 12.5f 13.5455443 3 3 8 3 1 3    30.0   28.0
 81 1889.316128 2.876E-24 1.206E+01.05320.061 2154.14740.72-.001150       X1/2   2       X1/2   1           12.5   R 12.5f 11.5455443 3 3 8 3 1 3    26.0   24.0
 81 1889.316136 3.098E-24 1.206E+01.05320.061 2154.14740.72-.001150       X1/2   2       X1/2   1           13.5   R 12.5f 12.5455443 3 3 8 3 1 3    28.0   26.0
 81 1889.335948 8.105E-67 1.902E-03.02210.04121129.00390.60-.002220       X3/2   6       X1/2   5                 RQ 87.5e     1622231111 8 3 1 3   528.0  528.0
 81 1889.456989 1.061E-38 9.292E-03.05180.060 7797.70480.51-.001210       X3/2   5       X1/2   4                 RQ 16.5f     4654431111 8 3 1 3   102.0  102.0
 81 1889.505723 6.084E-64 2.951E+01.02020.02521769.96420.70-.001200       X3/2   5       X3/2   4                 RR 94.5e     1622231111 8 3 1 3   576.0  570.0
 81 1889.516242 6.048E-64 2.951E+01.02020.02521771.15770.70-.001200       X3/2   5       X3/2   4                 RR 94.5f     1622231111 8 3 1 3   576.0  570.0
 81 1889.573727 6.882E-64 2.951E+01.02040.04021746.72580.60-.002220       X1/2   5       X1/2   4                 RR 95.5f     1622231111 8 3 1 3   582.0  576.0
 81 1889.573853 6.880E-64 2.952E+01.02040.04021746.80610.60-.002220       X1/2   5       X1/2   4                 RR 95.5e     1622231111 8 3 1 3   582.0  576.0
 81 1889.636930 4.256E-35 2.392E+01.03890.053 7877.26640.60-.002220       X1/2   4       X1/2   3                 RR 37.5e     4632231111 8 3 1 3   234.0  228.0
 81 1889.640681 4.250E-35 2.392E+01.03890.053 7877.55170.60-.002220       X1/2   4       X1/2   3                 RR 37.5f     4632231111 8 3 1 3   234.0  228.0
 81 1889.657395 1.058E-38 9.259E-03.05180.060 7797.52410.51-.001210       X3/2   5       X1/2   4                 RQ 16.5e     4654431111 8 3 1 3   102.0  102.0
 81 1889.660949 8.471E-62 7.786E-04.03730.05218415.35680.60-.002220       X3/2  10       X1/2   9                 SR 40.5f     3632231111 8 3 1 3   252.0  246.0
 81 1889.706818 1.081E-65 1.997E-03.02250.04220601.29370.60-.002220       X3/2   6       X1/2   5                 RQ 85.5f     1622231111 8 3 1 3   516.0  516.0
 81 1889.757569 3.155E-46 2.971E+01.02860.03513286.27780.70-.001200       X3/2   5       X3/2   4                 RR 59.5e     4622231111 8 3 1 3   366.0  360.0
 81 1889.766985 3.148E-46 2.971E+01.02860.03513286.73000.70-.001200       X3/2   5       X3/2   4                 RR 59.5f     4622231111 8 3 1 3   366.0  360.0
 81 1889.780583 8.441E-62 7.748E-04.03730.05218415.05280.60-.002220       X3/2  10       X1/2   9                 SR 40.5e     3632231111 8 3 1 3   252.0  246.0
 81 1889.857740 3.695E-51 2.440E-03.04660.05713511.47120.60-.002220       X3/2   8       X1/2   7                 SR 24.5f     3643231111 8 3 1 3   156.0  150.0
 81 1889.870007 1.213E-50 4.257E-03.03230.04913527.96700.60-.002220       X3/2   6       X1/2   5                 RQ 52.5f     3622231111 8 3 1 3   318.0  318.0
 81 1889.910346 2.701E-50 4.340E-03.03270.05013363.30560.60-.002220       X3/2   6       X1/2   5                 RQ 51.5e     3622231111 8 3 1 3   312.0  312.0
 81 1890.029255 3.785E-46 2.973E+01.02890.04713252.25640.60-.002220       X1/2   5       X1/2   4                 RR 60.5e     4622231111 8 3 1 3   372.0  366.0
 81 1890.030652 3.780E-46 2.973E+01.02890.04713252.50980.60-.002220       X1/2   5       X1/2   4                 RR 60.5f     4622231111 8 3 1 3   372.0  366.0
 81 1890.039714 3.686E-51 2.431E-03.04660.05713511.23080.60-.002220       X3/2   8       X1/2   7                 SR 24.5e     3643231111 8 3 1 3   156.0  150.0
 81 1890.046282 2.969E-66 1.943E-03.02230.04120863.76000.60-.002220       X3/2   6       X1/2   5                 RQ 86.5e     1622231111 8 3 1 3   522.0  522.0
 81 1890.115269 1.780E-24 1.201E+01.05550.064 2281.29580.66-.001370       X3/2   2       X3/2   1           14.5   R 12.5e 13.5455443 3 3 8 3 1 3    30.0   28.0
 81 1890.115315 1.652E-24 1.194E+01.05550.064 2281.29580.66-.001370       X3/2   2       X3/2   1           13.5   R 12.5e 12.5455443 3 3 8 3 1 3    28.0   26.0
 81 1890.115329 9.116E-27 7.096E-02.05550.064 2281.29580.66-.001370       X3/2   2       X3/2   1           12.5   R 12.5e 12.5455443 3 3 8 3 1 3    26.0   26.0
 81 1890.115345 9.116E-27 6.590E-02.05550.064 2281.29580.66-.001370       X3/2   2       X3/2   1           13.5   R 12.5e 13.5455443 3 3 8 3 1 3    28.0   28.0
 81 1890.115353 1.534E-24 1.194E+01.05550.064 2281.29580.66-.001370       X3/2   2       X3/2   1           12.5   R 12.5e 11.5455443 3 3 8 3 1 3    26.0   24.0
 81 1890.115359 1.252E-29 9.746E-05.05550.064 2281.29580.66-.001370       X3/2   2       X3/2   1           12.5   R 12.5e 13.5455443 3 3 8 3 1 3    26.0   28.0
 81 1890.117268 9.115E-27 6.589E-02.05550.064 2281.30580.66-.001370       X3/2   2       X3/2   1           13.5   R 12.5f 13.5455443 3 3 8 3 1 3    28.0   28.0
 81 1890.117269 1.252E-29 9.747E-05.05550.064 2281.30580.66-.001370       X3/2   2       X3/2   1           12.5   R 12.5f 13.5455443 3 3 8 3 1 3    26.0   28.0
 81 1890.117424 1.780E-24 1.201E+01.05550.064 2281.30580.66-.001370       X3/2   2       X3/2   1           14.5   R 12.5f 13.5455443 3 3 8 3 1 3    30.0   28.0
 81 1890.117450 1.652E-24 1.194E+01.05550.064 2281.30580.66-.001370       X3/2   2       X3/2   1           13.5   R 12.5f 12.5455443 3 3 8 3 1 3    28.0   26.0
 81 1890.117450 9.115E-27 7.096E-02.05550.064 2281.30580.66-.001370       X3/2   2       X3/2   1           12.5   R 12.5f 12.5455443 3 3 8 3 1 3    26.0   26.0
 81 1890.117479 1.533E-24 1.193E+01.05550.064 2281.30580.66-.001370       X3/2   2       X3/2   1           12.5   R 12.5f 11.5455443 3 3 8 3 1 3    26.0   24.0
 81 1890.215878 8.374E-39 9.104E-03.05120.060 7853.78790.60-.001400       X3/2   5       X1/2   4                 RQ 17.5f     4653231111 8 3 1 3   108.0  108.0
 81 1890.340537 3.855E-65 2.040E-03.02270.04220341.50030.60-.002220       X3/2   6       X1/2   5                 RQ 84.5f     1622231111 8 3 1 3   510.0  510.0
 81 1890.341889 2.464E-63 2.956E+01.02030.02521480.20470.70-.001200       X3/2   5       X3/2   4                 RR 93.5e     1622231111 8 3 1 3   570.0  564.0
 81 1890.352390 2.450E-63 2.956E+01.02030.02521481.37180.70-.001200       X3/2   5       X3/2   4                 RR 93.5f     1622231111 8 3 1 3   570.0  564.0
 81 1890.369046 6.994E-30 4.157E-04.03730.052 2940.68240.60-.001280       X3/2   1       X1/2   0           41.5   P 41.5f 42.5453223 4 4 8 3 1 3    84.0   86.0
 81 1890.371119 6.828E-30 4.157E-04.03730.052 2940.68240.60-.001280       X3/2   1       X1/2   0           40.5   P 41.5f 41.5453223 4 4 8 3 1 3    82.0   84.0
 81 1890.371136 3.967E-33 2.358E-07.03730.052 2940.68240.60-.001280       X3/2   1       X1/2   0           41.5   P 41.5f 41.5453223 4 4 8 3 1 3    84.0   84.0
 81 1890.373332 3.967E-33 2.415E-07.03730.052 2940.68240.60-.001280       X3/2   1       X1/2   0           40.5   P 41.5f 40.5453223 4 4 8 3 1 3    82.0   82.0
 81 1890.373575 6.665E-30 4.159E-04.03730.052 2940.68240.60-.001280       X3/2   1       X1/2   0           39.5   P 41.5f 40.5453223 4 4 8 3 1 3    80.0   82.0
 81 1890.411671 5.339E-51 4.152E-03.03190.04913695.36360.60-.002220       X3/2   6       X1/2   5                 RQ 53.5f     3622231111 8 3 1 3   324.0  324.0
 81 1890.412916 2.791E-63 2.957E+01.02050.04021456.76700.60-.002220       X1/2   5       X1/2   4                 RR 94.5f     1622231111 8 3 1 3   576.0  570.0
 81 1890.413012 2.790E-63 2.957E+01.02050.04021456.83260.60-.002220       X1/2   5       X1/2   4                 RR 94.5e     1622231111 8 3 1 3   576.0  570.0
 81 1890.428035 8.355E-39 9.077E-03.05120.060 7853.59880.60-.001400       X3/2   5       X1/2   4                 RQ 17.5e     4653231111 8 3 1 3   108.0  108.0
 81 1890.448416 3.972E-33 2.415E-07.03730.052 2940.40110.60-.001280       X3/2   1       X1/2   0           40.5   P 41.5e 40.5453223 4 4 8 3 1 3    82.0   82.0
 81 1890.448661 3.972E-33 2.358E-07.03730.052 2940.40110.60-.001280       X3/2   1       X1/2   0           41.5   P 41.5e 41.5453223 4 4 8 3 1 3    84.0   84.0
 81 1890.449064 6.674E-30 4.159E-04.03730.052 2940.40110.60-.001280       X3/2   1       X1/2   0           39.5   P 41.5e 40.5453223 4 4 8 3 1 3    80.0   82.0
 81 1890.449498 6.837E-30 4.157E-04.03730.052 2940.40110.60-.001280       X3/2   1       X1/2   0           40.5   P 41.5e 41.5453223 4 4 8 3 1 3    82.0   84.0
 81 1890.449499 7.004E-30 4.157E-04.03730.052 2940.40110.60-.001280       X3/2   1       X1/2   0           41.5   P 41.5e 42.5453223 4 4 8 3 1 3    84.0   86.0
 81 1890.464739 6.141E-29 1.793E+01.04760.056 4808.60610.70-.001200       X3/2   3       X3/2   2                 RR 23.5e     4643231111 8 3 1 3   150.0  144.0
 81 1890.469622 6.139E-29 1.793E+01.04760.056 4808.65930.70-.001200       X3/2   3       X3/2   2                 RR 23.5f     4643231111 8 3 1 3   150.0  144.0
 81 1890.490812 1.207E-50 4.233E-03.03230.04913527.68080.60-.002220       X3/2   6       X1/2   5                 RQ 52.5e     3622231111 8 3 1 3   318.0  318.0
 81 1890.545816 1.255E-46 2.975E+01.02830.03413479.34160.70-.001200       X3/2   5       X3/2   4                 RR 60.5e     4622231111 8 3 1 3   372.0  366.0
 81 1890.555288 1.252E-46 2.974E+01.02830.03413479.81010.70-.001200       X3/2   5       X3/2   4                 RR 60.5f     4622231111 8 3 1 3   372.0  366.0
 81 1890.585145 3.287E-42 5.363E-03.05470.062 9257.05230.68-.000560       X3/2   6       X1/2   5                 SR  9.5f     3654431111 8 3 1 3    66.0   60.0
 81 1890.650252 5.915E-35 3.750E-03.05760.063 5621.85000.64-.002450       X3/2   4       X1/2   3                 QP  6.5f     4654431111 8 3 1 3    36.0   42.0
 81 1890.693249 3.283E-42 5.354E-03.05470.062 9256.93870.68-.000560       X3/2   6       X1/2   5                 SR  9.5e     3654431111 8 3 1 3    66.0   60.0
 81 1890.707128 1.918E-20 5.588E+00.06000.064   25.06180.71-.000520       X1/2   1       X1/2   0            5.5   R  3.5e  4.5455443 4 4 8 3 1 3    12.0   10.0
 81 1890.707139 1.519E-20 5.311E+00.06000.064   25.06180.71-.000520       X1/2   1       X1/2   0            4.5   R  3.5e  3.5455443 4 4 8 3 1 3    10.0    8.0
 81 1890.707219 1.199E-20 5.240E+00.06000.064   25.06180.71-.000520       X1/2   1       X1/2   0            3.5   R  3.5e  2.5455443 4 4 8 3 1 3     8.0    6.0
 81 1890.708516 7.891E-22 3.449E-01.06000.064   25.06180.71-.000520       X1/2   1       X1/2   0            3.5   R  3.5e  3.5455443 4 4 8 3 1 3     8.0    8.0
 81 1890.708716 7.891E-22 2.759E-01.06000.064   25.06180.71-.000520       X1/2   1       X1/2   0            4.5   R  3.5e  4.5455443 4 4 8 3 1 3    10.0   10.0
 81 1890.710092 9.864E-24 4.311E-03.06000.064   25.06180.71-.000520       X1/2   1       X1/2   0            3.5   R  3.5e  4.5455443 4 4 8 3 1 3     8.0   10.0
 81 1890.712305 1.073E-65 1.984E-03.02250.04220601.23000.60-.002220       X3/2   6       X1/2   5                 RQ 85.5e     1622231111 8 3 1 3   516.0  516.0
 81 1890.714108 9.862E-24 4.311E-03.06000.064   25.10900.71-.000520       X1/2   1       X1/2   0            3.5   R  3.5f  4.5455443 4 4 8 3 1 3     8.0   10.0
 81 1890.716174 7.890E-22 2.759E-01.06000.064   25.10900.71-.000520       X1/2   1       X1/2   0            4.5   R  3.5f  4.5455443 4 4 8 3 1 3    10.0   10.0
 81 1890.716783 7.890E-22 3.449E-01.06000.064   25.10900.71-.000520       X1/2   1       X1/2   0            3.5   R  3.5f  3.5455443 4 4 8 3 1 3     8.0    8.0
 81 1890.718703 1.917E-20 5.587E+00.06000.064   25.10900.71-.000520       X1/2   1       X1/2   0            5.5   R  3.5f  4.5455443 4 4 8 3 1 3    12.0   10.0
 81 1890.718849 1.519E-20 5.312E+00.06000.064   25.10900.71-.000520       X1/2   1       X1/2   0            4.5   R  3.5f  3.5455443 4 4 8 3 1 3    10.0    8.0
 81 1890.718852 1.198E-20 5.237E+00.06000.064   25.10900.71-.000520       X1/2   1       X1/2   0            3.5   R  3.5f  2.5455443 4 4 8 3 1 3     8.0    6.0
 81 1890.730530 5.909E-35 3.745E-03.05760.063 5621.76870.64-.002450       X3/2   4       X1/2   3                 QP  6.5e     4654431111 8 3 1 3    36.0   42.0
 81 1890.734832 2.671E-56 1.418E-03.04170.05515890.17760.60-.002220       X3/2   9       X1/2   8                 SR 32.5f     3632231111 8 3 1 3   204.0  198.0
 81 1890.771076 1.845E-35 2.394E+01.03840.046 8049.16320.70-.001200       X3/2   4       X3/2   3                 RR 37.5e     4632231111 8 3 1 3   234.0  228.0
 81 1890.778543 1.844E-35 2.395E+01.03840.046 8049.32770.70-.001200       X3/2   4       X3/2   3                 RR 37.5f     4632231111 8 3 1 3   234.0  228.0
 81 1890.807132 1.502E-46 2.977E+01.02860.04713445.76950.60-.002220       X1/2   5       X1/2   4                 RR 61.5e     1622231111 8 3 1 3   378.0  372.0
 81 1890.808462 1.500E-46 2.977E+01.02860.04713446.01820.60-.002220       X1/2   5       X1/2   4                 RR 61.5f     1622231111 8 3 1 3   378.0  372.0
 81 1890.810148 1.602E-38 8.640E-03.06370.069 7340.81020.78-.000430       X3/2   5       X1/2   4                 SR  1.5f     4654431111 8 3 1 3    18.0   12.0
 81 1890.833634 1.602E-38 8.639E-03.06370.069 7340.78660.78-.000430       X3/2   5       X1/2   4                 SR  1.5e     4654431111 8 3 1 3    18.0   12.0
 81 1890.902596 2.663E-56 1.412E-03.04170.05515889.89680.60-.002220       X3/2   9       X1/2   8                 SR 32.5e     3632231111 8 3 1 3   204.0  198.0
 81 1890.910931 4.943E-24 3.881E-03.06210.068  145.55380.63-.001480       X3/2   1       X3/2   0            3.5   R  3.5e  4.5455443 4 4 8 3 1 3     8.0   10.0
 81 1890.911200 4.943E-24 3.881E-03.06210.068  145.55410.63-.001480       X3/2   1       X3/2   0            3.5   R  3.5f  4.5455443 4 4 8 3 1 3     8.0   10.0
 81 1890.911530 3.954E-22 2.484E-01.06210.068  145.55380.63-.001480       X3/2   1       X3/2   0            4.5   R  3.5e  4.5455443 4 4 8 3 1 3    10.0   10.0
 81 1890.911770 3.954E-22 2.484E-01.06210.068  145.55410.63-.001480       X3/2   1       X3/2   0            4.5   R  3.5f  4.5455443 4 4 8 3 1 3    10.0   10.0
 81 1890.911921 3.954E-22 3.105E-01.06210.068  145.55380.63-.001480       X3/2   1       X3/2   0            3.5   R  3.5e  3.5455443 4 4 8 3 1 3     8.0    8.0
 81 1890.912230 3.954E-22 3.105E-01.06210.068  145.55410.63-.001480       X3/2   1       X3/2   0            3.5   R  3.5f  3.5455443 4 4 8 3 1 3     8.0    8.0
 81 1890.912256 9.609E-21 5.030E+00.06210.068  145.55380.63-.001480       X3/2   1       X3/2   0            5.5   R  3.5e  4.5455443 4 4 8 3 1 3    12.0   10.0
 81 1890.912520 7.612E-21 4.781E+00.06210.068  145.55380.63-.001480       X3/2   1       X3/2   0            4.5   R  3.5e  3.5455443 4 4 8 3 1 3    10.0    8.0
 81 1890.912551 9.609E-21 5.030E+00.06210.068  145.55410.63-.001480       X3/2   1       X3/2   0            5.5   R  3.5f  4.5455443 4 4 8 3 1 3    12.0   10.0
 81 1890.912695 6.006E-21 4.716E+00.06210.068  145.55380.63-.001480       X3/2   1       X3/2   0            3.5   R  3.5e  2.5455443 4 4 8 3 1 3     8.0    6.0
 81 1890.912801 7.612E-21 4.781E+00.06210.068  145.55410.63-.001480       X3/2   1       X3/2   0            4.5   R  3.5f  3.5455443 4 4 8 3 1 3    10.0    8.0
 81 1890.912978 6.006E-21 4.716E+00.06210.068  145.55410.63-.001480       X3/2   1       X3/2   0            3.5   R  3.5f  2.5455443 4 4 8 3 1 3     8.0    6.0
 81 1890.925419 2.316E-51 4.050E-03.03150.04913865.77700.60-.002220       X3/2   6       X1/2   5                 RQ 54.5f     3622231111 8 3 1 3   330.0  330.0
 81 1890.927752 1.658E-75 2.376E+01.01700.02127245.76980.70-.001200       X3/2   4       X3/2   3                 RR116.5e     0222231211 8 3 1 3   708.0  702.0
 81 1890.930648 1.357E-64 2.084E-03.02290.04220084.44320.60-.002220       X3/2   6       X1/2   5                 RQ 83.5f     1622231111 8 3 1 3   504.0  504.0
 81 1890.939049 1.647E-75 2.376E+01.01700.02127247.15900.70-.001200       X3/2   4       X3/2   3                 RR116.5f     0222231211 8 3 1 3   708.0  702.0
 81 1890.944284 1.841E-75 2.377E+01.01710.03627226.05100.60-.002220       X1/2   4       X1/2   3                 RR117.5f     0222231211 8 3 1 3   714.0  708.0
 81 1890.945445 1.840E-75 2.377E+01.01710.03627226.15870.60-.002220       X1/2   4       X1/2   3                 RR117.5e     0222231211 8 3 1 3   714.0  708.0
 81 1891.001369 6.484E-39 8.916E-03.05070.060 7913.06930.60-.001590       X3/2   5       X1/2   4                 RQ 18.5f     4653231111 8 3 1 3   114.0  114.0
 81 1891.044135 5.313E-51 4.128E-03.03190.04913695.07990.60-.002220       X3/2   6       X1/2   5                 RQ 53.5e     3622231111 8 3 1 3   324.0  324.0
 81 1891.127213 9.852E-63 2.961E+01.02050.02521193.10500.70-.001200       X3/2   5       X3/2   4                 RR 92.5e     1622231111 8 3 1 3   564.0  558.0
 81 1891.137695 9.797E-63 2.961E+01.02050.02521194.24610.70-.001200       X3/2   5       X3/2   4                 RR 92.5f     1622231111 8 3 1 3   564.0  558.0
 81 1891.201361 1.117E-62 2.962E+01.02070.04021169.46390.60-.002220       X1/2   5       X1/2   4                 RR 93.5f     1622231111 8 3 1 3   570.0  564.0
 81 1891.201428 1.117E-62 2.963E+01.02070.04021169.51520.60-.002220       X1/2   5       X1/2   4                 RR 93.5e     1622231111 8 3 1 3   570.0  564.0
 81 1891.225271 6.469E-39 8.889E-03.05070.060 7912.87220.60-.001590       X3/2   5       X1/2   4                 RQ 18.5e     4653231111 8 3 1 3   114.0  114.0
 81 1891.289137 4.919E-47 2.978E+01.02800.03413675.41100.70-.001200       X3/2   5       X3/2   4                 RR 61.5e     1622231111 8 3 1 3   378.0  372.0
 81 1891.298664 4.908E-47 2.979E+01.02800.03413675.89620.70-.001200       X3/2   5       X3/2   4                 RR 61.5f     1622231111 8 3 1 3   378.0  372.0
 81 1891.326381 9.098E-30 1.310E-03.04470.056 3265.10500.60-.001280       X3/2   2       X1/2   1                 QP 28.5f     4633231111 8 3 1 3   168.0  174.0
 81 1891.333316 1.355E-95 6.091E+00.01360.03136536.19880.60-.002220       X1/2   1       X1/2   0                 RR152.5f     0222231211 8 3 1 3   924.0  918.0
 81 1891.334365 3.829E-65 2.028E-03.02270.04220341.42540.60-.002220       X3/2   6       X1/2   5                 RQ 84.5e     1622231111 8 3 1 3   510.0  510.0
 81 1891.337803 1.354E-95 6.089E+00.01360.03136536.26000.60-.002220       X1/2   1       X1/2   0                 RR152.5e     0222231211 8 3 1 3   924.0  918.0
 81 1891.360231 1.244E-95 6.093E+00.01350.01736552.49870.70-.001200       X3/2   1       X3/2   0                 RR151.5e     0222231211 8 3 1 3   918.0  912.0
 81 1891.374479 1.234E-95 6.089E+00.01350.01736554.02280.70-.001200       X3/2   1       X3/2   0                 RR151.5f     0222231211 8 3 1 3   918.0  912.0
 81 1891.410507 9.898E-52 3.952E-03.03110.04914039.20020.60-.002220       X3/2   6       X1/2   5                 RQ 55.5f     3622231111 8 3 1 3   336.0  336.0
 81 1891.428145 2.391E-35 2.400E+01.03840.053 8001.37920.60-.002220       X1/2   4       X1/2   3                 RR 38.5e     4632231111 8 3 1 3   240.0  234.0
 81 1891.431738 2.388E-35 2.400E+01.03840.053 8001.66600.60-.002220       X1/2   4       X1/2   3                 RR 38.5f     4632231111 8 3 1 3   240.0  234.0
 81 1891.477510 4.712E-64 2.129E-03.02310.04219830.13360.60-.002220       X3/2   6       X1/2   5                 RQ 82.5f     1622231111 8 3 1 3   498.0  498.0
 81 1891.503158 9.079E-30 1.306E-03.04470.056 3264.84900.60-.001280       X3/2   2       X1/2   1                 QP 28.5e     4633231111 8 3 1 3   168.0  174.0
 81 1891.526974 3.530E-83 1.796E+01.01550.03430846.94210.60-.002220       X1/2   3       X1/2   2                 RR131.5f     0222231211 8 3 1 3   798.0  792.0
 81 1891.529137 3.529E-83 1.796E+01.01550.03430847.02750.60-.002220       X1/2   3       X1/2   2                 RR131.5e     0222231211 8 3 1 3   798.0  792.0
 81 1891.531541 3.209E-83 1.797E+01.01540.01930865.04460.70-.001200       X3/2   3       X3/2   2                 RR130.5e     0222231211 8 3 1 3   792.0  786.0
 81 1891.540502 5.873E-47 2.980E+01.02820.04613642.27670.60-.002220       X1/2   5       X1/2   4                 RR 62.5e     1622231111 8 3 1 3   384.0  378.0
 81 1891.541766 5.866E-47 2.980E+01.02820.04613642.52040.60-.002220       X1/2   5       X1/2   4                 RR 62.5f     1622231111 8 3 1 3   384.0  378.0
 81 1891.543685 3.186E-83 1.796E+01.01540.01930866.48480.70-.001200       X3/2   3       X3/2   2                 RR130.5f     0222231211 8 3 1 3   792.0  786.0
 81 1891.569543 2.305E-51 4.028E-03.03150.04913865.49590.60-.002220       X3/2   6       X1/2   5                 RQ 54.5e     3622231111 8 3 1 3   330.0  330.0
 81 1891.604474 1.238E-31 2.875E-03.05180.060 4195.72610.51-.001050       X3/2   3       X1/2   2                 QP 16.5f     4654431111 8 3 1 3    96.0  102.0
 81 1891.679434 8.725E-29 1.803E+01.04660.057 4745.26550.60-.002220       X1/2   3       X1/2   2                 RR 24.5e     4643231111 8 3 1 3   156.0  150.0
 81 1891.685745 8.715E-29 1.803E+01.04660.057 4745.50250.60-.002220       X1/2   3       X1/2   2                 RR 24.5f     4643231111 8 3 1 3   156.0  150.0
 81 1891.767589 1.235E-31 2.866E-03.05180.060 4195.54570.51-.001050       X3/2   3       X1/2   2                 QP 16.5e     4654431111 8 3 1 3    96.0  102.0
 81 1891.811220 4.927E-39 8.727E-03.05010.059 7975.54750.60-.002250       X3/2   5       X1/2   4                 RQ 19.5f     4653231111 8 3 1 3   120.0  120.0
 81 1891.861894 3.887E-62 2.966E+01.02070.02520908.67770.70-.001200       X3/2   5       X3/2   4                 RR 91.5e     1622231111 8 3 1 3   558.0  552.0
 81 1891.866211 4.169E-52 3.857E-03.03070.04814215.62620.60-.002220       X3/2   6       X1/2   5                 RQ 56.5f     3622231111 8 3 1 3   342.0  342.0
 81 1891.872359 3.866E-62 2.966E+01.02070.02520909.79320.70-.001200       X3/2   5       X3/2   4                 RR 91.5f     1622231111 8 3 1 3   558.0  552.0
 81 1891.912816 1.348E-64 2.072E-03.02290.04220084.35740.60-.002220       X3/2   6       X1/2   5                 RQ 83.5e     1622231111 8 3 1 3   504.0  504.0
 81 1891.939268 4.412E-62 2.966E+01.02090.04020884.82890.60-.002220       X1/2   5       X1/2   4                 RR 92.5f     1622231111 8 3 1 3   564.0  558.0
 81 1891.939305 4.412E-62 2.967E+01.02090.04020884.86620.60-.002220       X1/2   5       X1/2   4                 RR 92.5e     1622231111 8 3 1 3   564.0  558.0
 81 1891.981487 1.615E-63 2.176E-03.02330.04219578.58250.60-.002220       X3/2   6       X1/2   5                 RQ 81.5f     1622231111 8 3 1 3   492.0  492.0
 81 1891.987373 1.900E-47 2.982E+01.02770.03313874.47760.70-.001200       X3/2   5       X3/2   4                 RR 62.5e     1622231111 8 3 1 3   384.0  378.0
 81 1891.996952 1.895E-47 2.982E+01.02770.03313874.97960.70-.001200       X3/2   5       X3/2   4                 RR 62.5f     1622231111 8 3 1 3   384.0  378.0
 81 1892.010373 1.531E-46 3.661E-03.05070.06011342.65770.60-.001590       X3/2   7       X1/2   6                 SR 17.5f     3653231111 8 3 1 3   114.0  108.0
 81 1892.046864 4.914E-39 8.698E-03.05010.059 7975.34270.60-.002250       X3/2   5       X1/2   4                 RQ 19.5e     4653231111 8 3 1 3   120.0  120.0
 81 1892.066289 9.849E-52 3.930E-03.03110.04914038.92210.60-.002220       X3/2   6       X1/2   5                 RQ 55.5e     3622231111 8 3 1 3   336.0  336.0
 81 1892.114092 2.508E-24 1.216E+01.05280.061 2198.67010.63-.000570       X1/2   2       X1/2   1           13.5   R 13.5e 12.5455443 3 3 8 3 1 3    28.0   26.0
 81 1892.114099 2.688E-24 1.216E+01.05280.061 2198.67010.63-.000570       X1/2   2       X1/2   1           14.5   R 13.5e 13.5455443 3 3 8 3 1 3    30.0   28.0
 81 1892.114121 2.880E-24 1.222E+01.05280.061 2198.67010.63-.000570       X1/2   2       X1/2   1           15.5   R 13.5e 14.5455443 3 3 8 3 1 3    32.0   30.0
 81 1892.115517 1.284E-26 5.810E-02.05280.061 2198.67010.63-.000570       X1/2   2       X1/2   1           14.5   R 13.5e 14.5455443 3 3 8 3 1 3    30.0   30.0
 81 1892.115556 1.284E-26 6.225E-02.05280.061 2198.67010.63-.000570       X1/2   2       X1/2   1           13.5   R 13.5e 13.5455443 3 3 8 3 1 3    28.0   28.0
 81 1892.116974 1.529E-29 7.412E-05.05280.061 2198.67010.63-.000570       X1/2   2       X1/2   1           13.5   R 13.5e 14.5455443 3 3 8 3 1 3    28.0   30.0
 81 1892.118952 1.528E-29 7.413E-05.05280.061 2198.82370.63-.000570       X1/2   2       X1/2   1           13.5   R 13.5f 14.5455443 3 3 8 3 1 3    28.0   30.0
 81 1892.121107 1.283E-26 5.809E-02.05280.061 2198.82370.63-.000570       X1/2   2       X1/2   1           14.5   R 13.5f 14.5455443 3 3 8 3 1 3    30.0   30.0
 81 1892.121195 1.283E-26 6.224E-02.05280.061 2198.82370.63-.000570       X1/2   2       X1/2   1           13.5   R 13.5f 13.5455443 3 3 8 3 1 3    28.0   28.0
 81 1892.123341 2.878E-24 1.222E+01.05280.061 2198.82370.63-.000570       X1/2   2       X1/2   1           15.5   R 13.5f 14.5455443 3 3 8 3 1 3    32.0   30.0
 81 1892.123342 2.506E-24 1.216E+01.05280.061 2198.82370.63-.000570       X1/2   2       X1/2   1           13.5   R 13.5f 12.5455443 3 3 8 3 1 3    28.0   26.0
 81 1892.123349 2.686E-24 1.216E+01.05280.061 2198.82370.63-.000570       X1/2   2       X1/2   1           14.5   R 13.5f 13.5455443 3 3 8 3 1 3    30.0   28.0
 81 1892.174115 1.527E-46 3.648E-03.05070.06011342.46820.60-.001590       X3/2   7       X1/2   6                 SR 17.5e     3653231111 8 3 1 3   114.0  108.0
 81 1892.213941 2.579E-68 3.370E-04.03270.05021373.36500.60-.002220       X3/2  11       X1/2  10                 SR 50.5f     2622231111 8 3 1 3   312.0  306.0
 81 1892.229055 2.567E-68 3.349E-04.03270.05021373.05450.60-.002220       X3/2  11       X1/2  10                 SR 50.5e     2622231111 8 3 1 3   312.0  306.0
 81 1892.229185 2.263E-47 2.984E+01.02790.04613841.76990.60-.002220       X1/2   5       X1/2   4                 RR 63.5e     1622231111 8 3 1 3   390.0  384.0
 81 1892.230385 2.260E-47 2.984E+01.02790.04613842.00840.60-.002220       X1/2   5       X1/2   4                 RR 63.5f     1622231111 8 3 1 3   390.0  384.0
 81 1892.291831 1.730E-52 3.764E-03.03030.04814395.04780.60-.002220       X3/2   6       X1/2   5                 RQ 57.5f     3622231111 8 3 1 3   348.0  348.0
 81 1892.442950 5.460E-63 2.223E-03.02360.04319329.80060.60-.002220       X3/2   6       X1/2   5                 RQ 80.5f     1622231111 8 3 1 3   486.0  486.0
 81 1892.448019 4.681E-64 2.116E-03.02310.04219830.03710.60-.002220       X3/2   6       X1/2   5                 RQ 82.5e     1622231111 8 3 1 3   498.0  498.0
 81 1892.484913 1.944E-89 1.210E+01.01450.03333746.77240.60-.002220       X1/2   2       X1/2   1                 RR142.5f     0222231211 8 3 1 3   864.0  858.0
 81 1892.488162 1.944E-89 1.210E+01.01450.03333746.84420.60-.002220       X1/2   2       X1/2   1                 RR142.5e     0222231211 8 3 1 3   864.0  858.0
 81 1892.502309 1.777E-89 1.210E+01.01440.01833763.84850.70-.001200       X3/2   2       X3/2   1                 RR141.5e     0222231211 8 3 1 3   858.0  852.0
 81 1892.515422 1.764E-89 1.210E+01.01440.01833765.33200.70-.001200       X3/2   2       X3/2   1                 RR141.5f     0222231211 8 3 1 3   858.0  852.0
 81 1892.533651 4.148E-52 3.835E-03.03070.04814215.35130.60-.002220       X3/2   6       X1/2   5                 RQ 56.5e     3622231111 8 3 1 3   342.0  342.0
 81 1892.546130 1.514E-61 2.971E+01.02090.02520626.93520.70-.001200       X3/2   5       X3/2   4                 RR 90.5e     1622231111 8 3 1 3   552.0  546.0
 81 1892.549591 1.025E-35 2.402E+01.03780.045 8175.58950.70-.001200       X3/2   4       X3/2   3                 RR 38.5e     4632231111 8 3 1 3   240.0  234.0
 81 1892.556577 1.506E-61 2.971E+01.02090.02520628.02530.70-.001200       X3/2   5       X3/2   4                 RR 90.5f     1622231111 8 3 1 3   552.0  546.0
 81 1892.557201 1.024E-35 2.402E+01.03780.045 8175.76440.70-.001200       X3/2   4       X3/2   3                 RR 38.5f     4632231111 8 3 1 3   240.0  234.0
 81 1892.607179 1.391E-29 4.341E-04.03780.053 2802.71790.60-.001280       X3/2   1       X1/2   0           40.5   P 40.5f 41.5453223 4 4 8 3 1 3    82.0   84.0
 81 1892.609259 1.357E-29 4.341E-04.03780.053 2802.71790.60-.001280       X3/2   1       X1/2   0           39.5   P 40.5f 40.5453223 4 4 8 3 1 3    80.0   82.0
 81 1892.609274 8.280E-33 2.584E-07.03780.053 2802.71790.60-.001280       X3/2   1       X1/2   0           40.5   P 40.5f 40.5453223 4 4 8 3 1 3    82.0   82.0
 81 1892.611473 8.280E-33 2.649E-07.03780.053 2802.71790.60-.001280       X3/2   1       X1/2   0           39.5   P 40.5f 39.5453223 4 4 8 3 1 3    80.0   80.0
 81 1892.611716 1.324E-29 4.344E-04.03780.053 2802.71790.60-.001280       X3/2   1       X1/2   0           38.5   P 40.5f 39.5453223 4 4 8 3 1 3    78.0   80.0
 81 1892.626835 1.720E-61 2.971E+01.02110.04020602.87430.60-.002220       X1/2   5       X1/2   4                 RR 91.5f     1622231111 8 3 1 3   558.0  552.0
 81 1892.626842 1.720E-61 2.971E+01.02110.04020602.89790.60-.002220       X1/2   5       X1/2   4                 RR 91.5e     1622231111 8 3 1 3   558.0  552.0
 81 1892.640365 7.229E-48 2.985E+01.02730.03314076.53280.70-.001200       X3/2   5       X3/2   4                 RR 63.5e     1622231111 8 3 1 3   390.0  384.0
 81 1892.643197 3.674E-39 8.536E-03.04960.059 8041.22120.60-.001920       X3/2   5       X1/2   4                 RQ 20.5f     4653231111 8 3 1 3   126.0  126.0
 81 1892.649993 7.211E-48 2.985E+01.02730.03314077.05200.70-.001200       X3/2   5       X3/2   4                 RR 63.5f     1622231111 8 3 1 3   390.0  384.0
 81 1892.686692 7.075E-53 3.674E-03.03000.04814577.45760.60-.002220       X3/2   6       X1/2   5                 RQ 58.5f     3622231111 8 3 1 3   354.0  354.0
 81 1892.697667 8.292E-33 2.649E-07.03780.053 2802.43670.60-.001280       X3/2   1       X1/2   0           39.5   P 40.5e 39.5453223 4 4 8 3 1 3    80.0   80.0
 81 1892.697940 8.292E-33 2.584E-07.03780.053 2802.43670.60-.001280       X3/2   1       X1/2   0           40.5   P 40.5e 40.5453223 4 4 8 3 1 3    82.0   82.0
 81 1892.698300 1.326E-29 4.345E-04.03780.053 2802.43670.60-.001280       X3/2   1       X1/2   0           38.5   P 40.5e 39.5453223 4 4 8 3 1 3    78.0   80.0
 81 1892.698760 1.359E-29 4.342E-04.03780.053 2802.43670.60-.001280       X3/2   1       X1/2   0           39.5   P 40.5e 40.5453223 4 4 8 3 1 3    80.0   82.0
 81 1892.698792 1.393E-29 4.342E-04.03780.053 2802.43670.60-.001280       X3/2   1       X1/2   0           40.5   P 40.5e 41.5453223 4 4 8 3 1 3    82.0   84.0
 81 1892.852828 4.298E-29 1.802E+01.04690.055 4890.59030.70-.001200       X3/2   3       X3/2   2                 RR 24.5e     4643231111 8 3 1 3   156.0  150.0
 81 1892.857946 4.297E-29 1.802E+01.04690.055 4890.64950.70-.001200       X3/2   3       X3/2   2                 RR 24.5f     4643231111 8 3 1 3   156.0  150.0
 81 1892.862276 1.821E-62 2.272E-03.02380.04319083.79870.60-.002220       X3/2   6       X1/2   5                 RQ 79.5f     1622231111 8 3 1 3   480.0  480.0
 81 1892.873002 8.591E-48 2.987E+01.02760.04614044.24100.60-.002220       X1/2   5       X1/2   4                 RR 64.5e     1622231111 8 3 1 3   396.0  390.0
 81 1892.874140 8.581E-48 2.987E+01.02760.04614044.47390.60-.002220       X1/2   5       X1/2   4                 RR 64.5f     1622231111 8 3 1 3   396.0  390.0
 81 1892.878180 8.986E-75 2.386E+01.01710.02126896.75360.70-.001200       X3/2   4       X3/2   3                 RR115.5e     0222231211 8 3 1 3   702.0  696.0
 81 1892.889455 8.926E-75 2.386E+01.01710.02126898.14040.70-.001200       X3/2   4       X3/2   3                 RR115.5f     0222231211 8 3 1 3   702.0  696.0
 81 1892.890578 3.664E-39 8.506E-03.04960.059 8041.00900.60-.001920       X3/2   5       X1/2   4                 RQ 20.5e     4653231111 8 3 1 3   126.0  126.0
 81 1892.896285 9.980E-75 2.386E+01.01720.03626876.91050.60-.002220       X1/2   4       X1/2   3                 RR116.5f     0222231211 8 3 1 3   708.0  702.0
 81 1892.897411 9.975E-75 2.386E+01.01720.03626877.02080.60-.002220       X1/2   4       X1/2   3                 RR116.5e     0222231211 8 3 1 3   708.0  702.0
 81 1892.940339 1.604E-63 2.162E-03.02330.04219578.47560.60-.002220       X3/2   6       X1/2   5                 RQ 81.5e     1622231111 8 3 1 3   492.0  492.0
 81 1892.970929 1.721E-52 3.742E-03.03030.04814394.77630.60-.002220       X3/2   6       X1/2   5                 RQ 57.5e     3622231111 8 3 1 3   348.0  348.0
 81 1892.974739 1.529E-24 1.212E+01.05480.063 2327.15570.83-.001560       X3/2   2       X3/2   1           15.5   R 13.5e 14.5455443 3 3 8 3 1 3    32.0   30.0
 81 1892.974782 1.426E-24 1.206E+01.05480.063 2327.15570.83-.001560       X3/2   2       X3/2   1           14.5   R 13.5e 13.5455443 3 3 8 3 1 3    30.0   28.0
 81 1892.974817 1.331E-24 1.206E+01.05480.063 2327.15570.83-.001560       X3/2   2       X3/2   1           13.5   R 13.5e 12.5455443 3 3 8 3 1 3    28.0   26.0
 81 1892.974833 6.816E-27 6.176E-02.05480.063 2327.15570.83-.001560       X3/2   2       X3/2   1           13.5   R 13.5e 13.5455443 3 3 8 3 1 3    28.0   28.0
 81 1892.974862 6.816E-27 5.764E-02.05480.063 2327.15570.83-.001560       X3/2   2       X3/2   1           14.5   R 13.5e 14.5455443 3 3 8 3 1 3    30.0   30.0
 81 1892.974913 8.114E-30 7.352E-05.05480.063 2327.15570.83-.001560       X3/2   2       X3/2   1           13.5   R 13.5e 14.5455443 3 3 8 3 1 3    28.0   30.0
 81 1892.977025 6.815E-27 5.764E-02.05480.063 2327.16810.83-.001560       X3/2   2       X3/2   1           14.5   R 13.5f 14.5455443 3 3 8 3 1 3    30.0   30.0
 81 1892.977053 8.113E-30 7.352E-05.05480.063 2327.16810.83-.001560       X3/2   2       X3/2   1           13.5   R 13.5f 14.5455443 3 3 8 3 1 3    28.0   30.0
 81 1892.977157 1.528E-24 1.212E+01.05480.063 2327.16810.83-.001560       X3/2   2       X3/2   1           15.5   R 13.5f 14.5455443 3 3 8 3 1 3    32.0   30.0
 81 1892.977179 1.426E-24 1.206E+01.05480.063 2327.16810.83-.001560       X3/2   2       X3/2   1           14.5   R 13.5f 13.5455443 3 3 8 3 1 3    30.0   28.0
 81 1892.977206 1.331E-24 1.206E+01.05480.063 2327.16810.83-.001560       X3/2   2       X3/2   1           13.5   R 13.5f 12.5455443 3 3 8 3 1 3    28.0   26.0
 81 1892.977207 6.815E-27 6.175E-02.05480.063 2327.16810.83-.001560       X3/2   2       X3/2   1           13.5   R 13.5f 13.5455443 3 3 8 3 1 3    28.0   28.0
 81 1893.050138 2.851E-53 3.586E-03.02960.04714762.84810.60-.002220       X3/2   6       X1/2   5                 RQ 59.5f     3622231111 8 3 1 3   360.0  360.0
 81 1893.178405 2.074E-77 1.091E-03.01830.03726077.17560.60-.002220       X3/2   5       X1/2   4                 RQ109.5f     0222231211 8 3 1 3   660.0  660.0
 81 1893.179128 1.322E-35 2.408E+01.03780.053 8128.66630.60-.002220       X1/2   4       X1/2   3                 RR 39.5e     4632231111 8 3 1 3   246.0  240.0
 81 1893.180117 5.817E-61 2.975E+01.02110.02620347.88980.70-.001200       X3/2   5       X3/2   4                 RR 89.5e     1622231111 8 3 1 3   546.0  540.0
 81 1893.182566 1.320E-35 2.408E+01.03780.053 8128.95420.60-.002220       X1/2   4       X1/2   3                 RR 39.5f     4632231111 8 3 1 3   246.0  240.0
 81 1893.190545 5.787E-61 2.975E+01.02110.02620348.95490.70-.001200       X3/2   5       X3/2   4                 RR 89.5f     1622231111 8 3 1 3   546.0  540.0
 81 1893.234846 4.334E-62 7.165E-04.03680.05218540.18700.60-.002220       X3/2  10       X1/2   9                 SR 41.5f     3632231111 8 3 1 3   258.0  252.0
 81 1893.239847 5.992E-62 2.322E-03.02410.04318840.58740.60-.002220       X3/2   6       X1/2   5                 RQ 78.5f     1622231111 8 3 1 3   474.0  474.0
 81 1893.247947 2.710E-48 2.988E+01.02700.03314281.56790.70-.001200       X3/2   5       X3/2   4                 RR 64.5e     1622231111 8 3 1 3   396.0  390.0
 81 1893.257624 2.703E-48 2.988E+01.02700.03314282.10460.70-.001200       X3/2   5       X3/2   4                 RR 64.5f     1622231111 8 3 1 3   396.0  390.0
 81 1893.264241 6.617E-61 2.975E+01.02130.04020323.62240.60-.002220       X1/2   5       X1/2   4                 RR 90.5e     1622231111 8 3 1 3   552.0  546.0
 81 1893.264265 6.618E-61 2.975E+01.02130.04020323.61220.60-.002220       X1/2   5       X1/2   4                 RR 90.5f     1622231111 8 3 1 3   552.0  546.0
 81 1893.345511 4.319E-62 7.131E-04.03680.05218539.88160.60-.002220       X3/2  10       X1/2   9                 SR 41.5e     3632231111 8 3 1 3   258.0  252.0
 81 1893.377447 7.038E-53 3.653E-03.03000.04814577.18990.60-.002220       X3/2   6       X1/2   5                 RQ 58.5e     3622231111 8 3 1 3   354.0  354.0
 81 1893.381534 1.132E-53 3.500E-03.02920.04714951.21160.60-.002220       X3/2   6       X1/2   5                 RQ 60.5f     3622231111 8 3 1 3   366.0  366.0
 81 1893.390143 5.424E-63 2.210E-03.02360.04319329.68360.60-.002220       X3/2   6       X1/2   5                 RQ 80.5e     1622231111 8 3 1 3   486.0  486.0
 81 1893.471773 3.214E-48 2.990E+01.02730.04614249.68160.60-.002220       X1/2   5       X1/2   4                 RR 65.5e     1622231111 8 3 1 3   402.0  396.0
 81 1893.472851 3.210E-48 2.990E+01.02730.04614249.90870.60-.002220       X1/2   5       X1/2   4                 RR 65.5f     1622231111 8 3 1 3   402.0  396.0
 81 1893.495076 2.689E-39 8.342E-03.04900.059 8110.08870.60-.002220       X3/2   5       X1/2   4                 RQ 21.5f     4653231111 8 3 1 3   132.0  132.0
 81 1893.572708 1.444E-29 1.368E-03.04540.057 3170.96730.60-.001280       X3/2   2       X1/2   1                 QP 27.5f     4633231111 8 3 1 3   162.0  168.0
 81 1893.576053 1.945E-61 2.374E-03.02430.04318600.17720.60-.002220       X3/2   6       X1/2   5                 RQ 77.5f     1622231111 8 3 1 3   468.0  468.0
 81 1893.600590 5.183E-35 3.570E-03.05870.063 5600.77860.70-.001720       X3/2   4       X1/2   3                 QP  5.5f     4654431111 8 3 1 3    30.0   36.0
 81 1893.670025 5.179E-35 3.566E-03.05870.063 5600.70870.70-.001720       X3/2   4       X1/2   3                 QP  5.5e     4654431111 8 3 1 3    30.0   36.0
 81 1893.680264 4.433E-54 3.419E-03.02890.04715142.54050.60-.002220       X3/2   6       X1/2   5                 RQ 61.5f     1622231111 8 3 1 3   372.0  372.0
 81 1893.752079 1.441E-29 1.363E-03.04540.057 3170.71570.60-.001280       X3/2   2       X1/2   1                 QP 27.5e     4633231111 8 3 1 3   162.0  168.0
 81 1893.752550 2.837E-53 3.567E-03.02960.04714762.58440.60-.002220       X3/2   6       X1/2   5                 RQ 59.5e     3622231111 8 3 1 3   360.0  360.0
 81 1893.754190 2.682E-39 8.314E-03.04900.059 8109.86950.60-.002220       X3/2   5       X1/2   4                 RQ 21.5e     4653231111 8 3 1 3   132.0  132.0
 81 1893.755996 2.425E-51 2.272E-03.04600.05713590.42040.60-.002220       X3/2   8       X1/2   7                 SR 25.5f     3643231111 8 3 1 3   162.0  156.0
 81 1893.764050 2.206E-60 2.979E+01.02120.02620071.55370.70-.001200       X3/2   5       X3/2   4                 RR 88.5e     1622231111 8 3 1 3   540.0  534.0
 81 1893.774459 2.194E-60 2.978E+01.02120.02620072.59410.70-.001200       X3/2   5       X3/2   4                 RR 88.5f     1622231111 8 3 1 3   540.0  534.0
 81 1893.797812 1.809E-62 2.258E-03.02380.04319083.67200.60-.002220       X3/2   6       X1/2   5                 RQ 79.5e     1622231111 8 3 1 3   480.0  480.0
 81 1893.809958 1.001E-48 2.990E+01.02670.03214489.57410.70-.001200       X3/2   5       X3/2   4                 RR 65.5e     1622231111 8 3 1 3   402.0  396.0
 81 1893.819681 9.986E-49 2.991E+01.02670.03214490.12850.70-.001200       X3/2   5       X3/2   4                 RR 65.5f     1622231111 8 3 1 3   402.0  396.0
 81 1893.851701 2.512E-60 2.979E+01.02150.04120047.05190.60-.002220       X1/2   5       X1/2   4                 RR 89.5e     1622231111 8 3 1 3   546.0  540.0
 81 1893.851757 2.512E-60 2.979E+01.02150.04120047.05470.60-.002220       X1/2   5       X1/2   4                 RR 89.5f     1622231111 8 3 1 3   546.0  540.0
 81 1893.862684 1.766E-20 5.554E+00.05870.063   40.10360.70-.000440       X1/2   1       X1/2   0            5.5   R  4.5e  4.5455443 4 4 8 3 1 3    12.0   10.0
 81 1893.862686 2.131E-20 5.745E+00.05870.063   40.10360.70-.000440       X1/2   1       X1/2   0            6.5   R  4.5e  5.5455443 4 4 8 3 1 3    14.0   12.0
 81 1893.862732 1.461E-20 5.514E+00.05870.063   40.10360.70-.000440       X1/2   1       X1/2   0            4.5   R  4.5e  3.5455443 4 4 8 3 1 3    10.0    8.0
 81 1893.864109 6.037E-22 2.278E-01.05870.063   40.10360.70-.000440       X1/2   1       X1/2   0            4.5   R  4.5e  4.5455443 4 4 8 3 1 3    10.0   10.0
 81 1893.864269 6.037E-22 1.899E-01.05870.063   40.10360.70-.000440       X1/2   1       X1/2   0            5.5   R  4.5e  5.5455443 4 4 8 3 1 3    12.0   12.0
 81 1893.865694 5.031E-24 1.899E-03.05870.063   40.10360.70-.000440       X1/2   1       X1/2   0            4.5   R  4.5e  5.5455443 4 4 8 3 1 3    10.0   12.0
 81 1893.869572 5.030E-24 1.899E-03.05870.063   40.16240.70-.000440       X1/2   1       X1/2   0            4.5   R  4.5f  5.5455443 4 4 8 3 1 3    10.0   12.0
 81 1893.871291 6.227E-61 2.426E-03.02450.04318362.57830.60-.002220       X3/2   6       X1/2   5                 RQ 76.5f     1622231111 8 3 1 3   462.0  462.0
 81 1893.871642 6.036E-22 1.899E-01.05870.063   40.16240.70-.000440       X1/2   1       X1/2   0            5.5   R  4.5f  5.5455443 4 4 8 3 1 3    12.0   12.0
 81 1893.872103 6.036E-22 2.279E-01.05870.063   40.16240.70-.000440       X1/2   1       X1/2   0            4.5   R  4.5f  4.5455443 4 4 8 3 1 3    10.0   10.0
 81 1893.874084 2.130E-20 5.744E+00.05870.063   40.16240.70-.000440       X1/2   1       X1/2   0            6.5   R  4.5f  5.5455443 4 4 8 3 1 3    14.0   12.0
 81 1893.874170 1.461E-20 5.515E+00.05870.063   40.16240.70-.000440       X1/2   1       X1/2   0            4.5   R  4.5f  3.5455443 4 4 8 3 1 3    10.0    8.0
 81 1893.874174 1.765E-20 5.553E+00.05870.063   40.16240.70-.000440       X1/2   1       X1/2   0            5.5   R  4.5f  4.5455443 4 4 8 3 1 3    12.0   10.0
 81 1893.937931 2.419E-51 2.265E-03.04600.05713590.17400.60-.002220       X3/2   8       X1/2   7                 SR 25.5e     3643231111 8 3 1 3   162.0  156.0
 81 1893.945729 1.710E-54 3.338E-03.02860.04715336.82670.60-.002220       X3/2   6       X1/2   5                 RQ 62.5f     1622231111 8 3 1 3   378.0  378.0
 81 1894.013755 6.055E-29 1.812E+01.04600.057 4828.65520.60-.002220       X1/2   3       X1/2   2                 RR 25.5e     4643231111 8 3 1 3   162.0  156.0
 81 1894.019822 6.048E-29 1.812E+01.04600.057 4828.89770.60-.002220       X1/2   3       X1/2   2                 RR 25.5f     4643231111 8 3 1 3   162.0  156.0
 81 1894.025317 1.185E-48 2.993E+01.02700.04614458.08330.60-.002220       X1/2   5       X1/2   4                 RR 66.5e     1622231111 8 3 1 3   408.0  402.0
 81 1894.026338 1.184E-48 2.994E+01.02700.04614458.30420.60-.002220       X1/2   5       X1/2   4                 RR 66.5f     1622231111 8 3 1 3   408.0  402.0
 81 1894.095603 1.127E-53 3.483E-03.02920.04714950.95220.60-.002220       X3/2   6       X1/2   5                 RQ 60.5e     3622231111 8 3 1 3   366.0  366.0
 81 1894.123165 1.543E-31 2.948E-03.05230.060 4141.70140.63-.001810       X3/2   3       X1/2   2                 QP 15.5f     4654431111 8 3 1 3    90.0   96.0
 81 1894.125965 1.967E-60 2.481E-03.02480.04418127.80090.60-.002220       X3/2   6       X1/2   5                 RQ 75.5f     1622231111 8 3 1 3   456.0  456.0
 81 1894.150304 2.609E-24 1.773E-03.06090.067  161.03190.67-.001580       X3/2   1       X3/2   0            4.5   R  4.5e  5.5455443 4 4 8 3 1 3    10.0   12.0
 81 1894.150695 2.609E-24 1.773E-03.06090.067  161.03250.67-.001580       X3/2   1       X3/2   0            4.5   R  4.5f  5.5455443 4 4 8 3 1 3    10.0   12.0
 81 1894.150775 3.131E-22 1.773E-01.06090.067  161.03190.67-.001580       X3/2   1       X3/2   0            5.5   R  4.5e  5.5455443 4 4 8 3 1 3    12.0   12.0
 81 1894.151029 3.131E-22 2.128E-01.06090.067  161.03190.67-.001580       X3/2   1       X3/2   0            4.5   R  4.5e  4.5455443 4 4 8 3 1 3    10.0   10.0
 81 1894.151138 3.131E-22 1.773E-01.06090.067  161.03250.67-.001580       X3/2   1       X3/2   0            5.5   R  4.5f  5.5455443 4 4 8 3 1 3    12.0   12.0
 81 1894.151322 1.105E-20 5.363E+00.06090.067  161.03190.67-.001580       X3/2   1       X3/2   0            6.5   R  4.5e  5.5455443 4 4 8 3 1 3    14.0   12.0
 81 1894.151476 3.131E-22 2.128E-01.06090.067  161.03250.67-.001580       X3/2   1       X3/2   0            4.5   R  4.5f  4.5455443 4 4 8 3 1 3    10.0   10.0
 81 1894.151500 9.158E-21 5.186E+00.06090.067  161.03190.67-.001580       X3/2   1       X3/2   0            5.5   R  4.5e  4.5455443 4 4 8 3 1 3    12.0   10.0
 81 1894.151627 7.577E-21 5.149E+00.06090.067  161.03190.67-.001580       X3/2   1       X3/2   0            4.5   R  4.5e  3.5455443 4 4 8 3 1 3    10.0    8.0
 81 1894.151756 1.105E-20 5.363E+00.06090.067  161.03250.67-.001580       X3/2   1       X3/2   0            6.5   R  4.5f  5.5455443 4 4 8 3 1 3    14.0   12.0
 81 1894.151919 9.158E-21 5.186E+00.06090.067  161.03250.67-.001580       X3/2   1       X3/2   0            5.5   R  4.5f  4.5455443 4 4 8 3 1 3    12.0   10.0
 81 1894.152046 7.577E-21 5.149E+00.06090.067  161.03250.67-.001580       X3/2   1       X3/2   0            4.5   R  4.5f  3.5455443 4 4 8 3 1 3    10.0    8.0
 81 1894.163726 5.954E-62 2.308E-03.02410.04318840.45120.60-.002220       X3/2   6       X1/2   5                 RQ 78.5e     1622231111 8 3 1 3   474.0  474.0
 81 1894.177351 6.505E-55 3.261E-03.02820.04615534.06220.60-.002220       X3/2   6       X1/2   5                 RQ 63.5f     1622231111 8 3 1 3   384.0  384.0
 81 1894.194830 1.790E-38 7.555E-03.06170.066 7348.83240.69-.000480       X3/2   5       X1/2   4                 SR  2.5f     4654431111 8 3 1 3    24.0   18.0
 81 1894.215511 2.289E-82 1.806E+01.01560.03430461.34330.60-.002220       X1/2   3       X1/2   2                 RR130.5f     0222231211 8 3 1 3   792.0  786.0
 81 1894.217626 2.288E-82 1.806E+01.01560.03430461.43130.60-.002220       X1/2   3       X1/2   2                 RR130.5e     0222231211 8 3 1 3   792.0  786.0
 81 1894.218975 2.079E-82 1.806E+01.01550.01930479.54040.70-.001200       X3/2   3       X3/2   2                 RR129.5e     0222231211 8 3 1 3   786.0  780.0
 81 1894.229882 1.790E-38 7.554E-03.06170.066 7348.79710.69-.000480       X3/2   5       X1/2   4                 SR  2.5e     4654431111 8 3 1 3    24.0   18.0
 81 1894.231084 2.065E-82 1.806E+01.01550.01930480.97830.70-.001200       X3/2   3       X3/2   2                 RR129.5f     0222231211 8 3 1 3   786.0  780.0
 81 1894.280569 1.540E-31 2.940E-03.05230.060 4141.52950.63-.001810       X3/2   3       X1/2   2                 QP 15.5e     4654431111 8 3 1 3    90.0   96.0
 81 1894.286421 5.605E-36 2.411E+01.03730.044 8305.21320.70-.001200       X3/2   4       X3/2   3                 RR 39.5e     4632231111 8 3 1 3   246.0  240.0
 81 1894.290114 2.878E-42 5.081E-03.05420.061 9290.35720.70-.000160       X3/2   6       X1/2   5                 SR 10.5f     3654431111 8 3 1 3    72.0   66.0
 81 1894.294170 5.600E-36 2.411E+01.03730.044 8305.39870.70-.001200       X3/2   4       X3/2   3                 RR 39.5f     4632231111 8 3 1 3   246.0  240.0
 81 1894.298122 8.252E-60 2.982E+01.02140.02619797.93880.70-.001200       X3/2   5       X3/2   4                 RR 87.5e     1622231111 8 3 1 3   534.0  528.0
 81 1894.308511 8.211E-60 2.982E+01.02140.02619798.95480.70-.001200       X3/2   5       X3/2   4                 RR 87.5f     1622231111 8 3 1 3   534.0  528.0
 81 1894.326233 3.646E-49 2.993E+01.02640.03214700.54250.70-.001200       X3/2   5       X3/2   4                 RR 66.5e     1622231111 8 3 1 3   408.0  402.0
 81 1894.336000 3.636E-49 2.994E+01.02640.03214701.11490.70-.001200       X3/2   5       X3/2   4                 RR 66.5f     1622231111 8 3 1 3   408.0  402.0
 81 1894.340486 6.126E-60 2.537E-03.02510.04417895.85500.60-.002220       X3/2   6       X1/2   5                 RQ 74.5f     1622231111 8 3 1 3   450.0  450.0
 81 1894.364659 1.934E-39 8.154E-03.04840.058 8182.14830.60-.002220       X3/2   5       X1/2   4                 RQ 22.5f     4643231111 8 3 1 3   138.0  138.0
 81 1894.374565 2.439E-55 3.186E-03.02790.04615734.23880.60-.002220       X3/2   6       X1/2   5                 RQ 64.5f     1622231111 8 3 1 3   390.0  390.0
 81 1894.389421 9.412E-60 2.983E+01.02170.04119773.19800.60-.002220       X1/2   5       X1/2   4                 RR 88.5e     1622231111 8 3 1 3   540.0  534.0
 81 1894.389509 9.411E-60 2.983E+01.02170.04119773.21360.60-.002220       X1/2   5       X1/2   4                 RR 88.5f     1622231111 8 3 1 3   540.0  534.0
 81 1894.405989 4.410E-54 3.400E-03.02890.04715142.28560.60-.002220       X3/2   6       X1/2   5                 RQ 61.5e     1622231111 8 3 1 3   372.0  372.0
 81 1894.407035 2.874E-42 5.071E-03.05420.061 9290.23310.70-.000160       X3/2   6       X1/2   5                 SR 10.5e     3654431111 8 3 1 3    72.0   66.0
 81 1894.465772 2.057E-77 1.084E-03.01830.03726077.28980.60-.002220       X3/2   5       X1/2   4                 RQ109.5e     0222231211 8 3 1 3   660.0  660.0
 81 1894.488275 1.933E-61 2.360E-03.02430.04318600.03170.60-.002220       X3/2   6       X1/2   5                 RQ 77.5e     1622231111 8 3 1 3   468.0  468.0
 81 1894.515275 1.882E-59 2.594E-03.02530.04417666.75060.60-.002220       X3/2   6       X1/2   5                 RQ 73.5f     1622231111 8 3 1 3   444.0  444.0
 81 1894.528310 1.542E-56 1.313E-03.04120.05515992.47870.60-.002220       X3/2   9       X1/2   8                 SR 33.5f     3632231111 8 3 1 3   210.0  204.0
 81 1894.533454 4.305E-49 2.995E+01.02670.04514669.43740.60-.002220       X1/2   5       X1/2   4                 RR 67.5e     1622231111 8 3 1 3   414.0  408.0
 81 1894.534418 4.300E-49 2.995E+01.02670.04514669.65200.60-.002220       X1/2   5       X1/2   4                 RR 67.5f     1622231111 8 3 1 3   414.0  408.0
 81 1894.536823 9.012E-56 3.113E-03.02760.04615937.34800.60-.002220       X3/2   6       X1/2   5                 RQ 65.5f     1622231111 8 3 1 3   396.0  396.0
 81 1894.635502 1.928E-39 8.122E-03.04840.058 8181.92230.60-.002220       X3/2   5       X1/2   4                 RQ 22.5e     4643231111 8 3 1 3   138.0  138.0
 81 1894.650761 5.701E-59 2.652E-03.02560.04417440.49730.60-.002220       X3/2   6       X1/2   5                 RQ 72.5f     1622231111 8 3 1 3   438.0  438.0
 81 1894.663592 3.283E-56 3.041E-03.02730.04616143.38150.60-.002220       X3/2   6       X1/2   5                 RQ 66.5f     1622231111 8 3 1 3   402.0  402.0
 81 1894.683112 1.701E-54 3.319E-03.02860.04715336.57670.60-.002220       X3/2   6       X1/2   5                 RQ 62.5e     1622231111 8 3 1 3   378.0  378.0
 81 1894.691351 1.537E-56 1.307E-03.04120.05515992.19430.60-.002220       X3/2   9       X1/2   8                 SR 33.5e     3632231111 8 3 1 3   210.0  204.0
 81 1894.747383 1.703E-58 2.713E-03.02590.04517217.10490.60-.002220       X3/2   6       X1/2   5                 RQ 71.5f     1622231111 8 3 1 3   432.0  432.0
 81 1894.754352 1.179E-56 2.971E-03.02700.04616352.33060.60-.002220       X3/2   6       X1/2   5                 RQ 67.5f     1622231111 8 3 1 3   408.0  408.0
 81 1894.771856 6.189E-61 2.412E-03.02450.04318362.42390.60-.002220       X3/2   6       X1/2   5                 RQ 76.5e     1622231111 8 3 1 3   462.0  462.0
 81 1894.773423 4.812E-74 2.395E+01.01720.02126550.12040.70-.001200       X3/2   4       X3/2   3                 RR114.5e     0222231211 8 3 1 3   696.0  690.0
 81 1894.782528 3.046E-59 2.986E+01.02160.02619527.05710.70-.001200       X3/2   5       X3/2   4                 RR 86.5e     1622231111 8 3 1 3   528.0  522.0
 81 1894.784675 4.780E-74 2.395E+01.01720.02126551.50480.70-.001200       X3/2   4       X3/2   3                 RR114.5f     0222231211 8 3 1 3   696.0  690.0
 81 1894.792897 3.031E-59 2.985E+01.02160.02619528.04890.70-.001200       X3/2   5       X3/2   4                 RR 86.5f     1622231111 8 3 1 3   528.0  522.0
 81 1894.793143 5.348E-74 2.395E+01.01740.03626530.15050.60-.002220       X1/2   4       X1/2   3                 RR115.5f     0222231211 8 3 1 3   702.0  696.0
 81 1894.794235 5.345E-74 2.395E+01.01740.03626530.26360.60-.002220       X1/2   4       X1/2   3                 RR115.5e     0222231211 8 3 1 3   702.0  696.0
 81 1894.796605 1.308E-49 2.995E+01.02620.03214914.46390.70-.001200       X3/2   5       X3/2   4                 RR 67.5e     1622231111 8 3 1 3   414.0  408.0
 81 1894.805589 5.018E-58 2.775E-03.02610.04516996.58270.60-.002220       X3/2   6       X1/2   5                 RQ 70.5f     1622231111 8 3 1 3   426.0  426.0
 81 1894.806415 1.304E-49 2.995E+01.02620.03214915.05450.70-.001200       X3/2   5       X3/2   4                 RR 67.5f     1622231111 8 3 1 3   414.0  408.0
 81 1894.808599 4.175E-57 2.904E-03.02670.04516564.18640.60-.002220       X3/2   6       X1/2   5                 RQ 68.5f     1622231111 8 3 1 3   414.0  414.0
 81 1894.825839 1.458E-57 2.839E-03.02640.04516778.94020.60-.002220       X3/2   6       X1/2   5                 RQ 69.5f     1622231111 8 3 1 3   420.0  420.0
 81 1894.837482 2.722E-29 4.535E-04.03840.053 2668.02430.60-.001280       X3/2   1       X1/2   0           39.5   P 39.5f 40.5453223 4 4 8 3 1 3    80.0   82.0
 81 1894.839568 2.654E-29 4.535E-04.03840.053 2668.02430.60-.001280       X3/2   1       X1/2   0           38.5   P 39.5f 39.5453223 4 4 8 3 1 3    78.0   80.0
 81 1894.839582 1.702E-32 2.835E-07.03840.053 2668.02430.60-.001280       X3/2   1       X1/2   0           39.5   P 39.5f 39.5453223 4 4 8 3 1 3    80.0   80.0
 81 1894.841784 1.702E-32 2.908E-07.03840.053 2668.02430.60-.001280       X3/2   1       X1/2   0           38.5   P 39.5f 38.5453223 4 4 8 3 1 3    78.0   78.0
 81 1894.842026 2.588E-29 4.538E-04.03840.053 2668.02430.60-.001280       X3/2   1       X1/2   0           37.5   P 39.5f 38.5453223 4 4 8 3 1 3    76.0   78.0
 81 1894.877599 3.479E-59 2.986E+01.02190.04119502.07270.60-.002220       X1/2   5       X1/2   4                 RR 87.5e     1622231111 8 3 1 3   534.0  528.0
 81 1894.877720 3.478E-59 2.986E+01.02190.04119502.10070.60-.002220       X1/2   5       X1/2   4                 RR 87.5f     1622231111 8 3 1 3   534.0  528.0
 81 1894.886176 2.138E-24 1.225E+01.05230.060 2246.64360.63-.001190       X1/2   2       X1/2   1           14.5   R 14.5e 13.5455443 3 3 8 3 1 3    30.0   28.0
 81 1894.886185 2.281E-24 1.225E+01.05230.060 2246.64360.63-.001190       X1/2   2       X1/2   1           15.5   R 14.5e 14.5455443 3 3 8 3 1 3    32.0   30.0
 81 1894.886206 2.434E-24 1.231E+01.05230.060 2246.64360.63-.001190       X1/2   2       X1/2   1           16.5   R 14.5e 15.5455443 3 3 8 3 1 3    34.0   32.0
 81 1894.887577 9.535E-27 5.122E-02.05230.060 2246.64360.63-.001190       X1/2   2       X1/2   1           15.5   R 14.5e 15.5455443 3 3 8 3 1 3    32.0   32.0
 81 1894.887630 9.535E-27 5.463E-02.05230.060 2246.64360.63-.001190       X1/2   2       X1/2   1           14.5   R 14.5e 14.5455443 3 3 8 3 1 3    30.0   30.0
 81 1894.889023 9.933E-30 5.691E-05.05230.060 2246.64360.63-.001190       X1/2   2       X1/2   1           14.5   R 14.5e 15.5455443 3 3 8 3 1 3    30.0   32.0
 81 1894.889695 7.193E-36 2.416E+01.03730.052 8259.12280.60-.002220       X1/2   4       X1/2   3                 RR 40.5e     4632231111 8 3 1 3   252.0  246.0
 81 1894.890750 9.925E-30 5.691E-05.05230.060 2246.80650.63-.001190       X1/2   2       X1/2   1           14.5   R 14.5f 15.5455443 3 3 8 3 1 3    30.0   32.0
 81 1894.892913 9.528E-27 5.122E-02.05230.060 2246.80650.63-.001190       X1/2   2       X1/2   1           15.5   R 14.5f 15.5455443 3 3 8 3 1 3    32.0   32.0
 81 1894.892985 7.183E-36 2.416E+01.03730.052 8259.41160.60-.002220       X1/2   4       X1/2   3                 RR 40.5f     4632231111 8 3 1 3   252.0  246.0
 81 1894.892985 9.528E-27 5.464E-02.05230.060 2246.80650.63-.001190       X1/2   2       X1/2   1           14.5   R 14.5f 14.5455443 3 3 8 3 1 3    30.0   30.0
 81 1894.895140 2.432E-24 1.230E+01.05230.060 2246.80650.63-.001190       X1/2   2       X1/2   1           16.5   R 14.5f 15.5455443 3 3 8 3 1 3    34.0   32.0
 81 1894.895141 2.136E-24 1.225E+01.05230.060 2246.80650.63-.001190       X1/2   2       X1/2   1           14.5   R 14.5f 13.5455443 3 3 8 3 1 3    30.0   28.0
 81 1894.895147 2.280E-24 1.226E+01.05230.060 2246.80650.63-.001190       X1/2   2       X1/2   1           15.5   R 14.5f 14.5455443 3 3 8 3 1 3    32.0   30.0
 81 1894.898854 1.019E-76 1.112E-03.01850.03725751.49270.60-.002220       X3/2   5       X1/2   4                 RQ108.5f     0222231211 8 3 1 3   654.0  654.0
 81 1894.926389 6.470E-55 3.243E-03.02820.04615533.81720.60-.002220       X3/2   6       X1/2   5                 RQ 63.5e     1622231111 8 3 1 3   384.0  384.0
 81 1894.938486 1.705E-32 2.910E-07.03840.053 2667.74360.60-.001280       X3/2   1       X1/2   0           38.5   P 39.5e 38.5453223 4 4 8 3 1 3    78.0   78.0
 81 1894.938788 1.705E-32 2.837E-07.03840.053 2667.74360.60-.001280       X3/2   1       X1/2   0           39.5   P 39.5e 39.5453223 4 4 8 3 1 3    80.0   80.0
 81 1894.939104 2.591E-29 4.538E-04.03840.053 2667.74360.60-.001280       X3/2   1       X1/2   0           37.5   P 39.5e 38.5453223 4 4 8 3 1 3    76.0   78.0
 81 1894.939591 2.658E-29 4.536E-04.03840.053 2667.74360.60-.001280       X3/2   1       X1/2   0           38.5   P 39.5e 39.5453223 4 4 8 3 1 3    78.0   80.0
 81 1894.939655 2.726E-29 4.536E-04.03840.053 2667.74360.60-.001280       X3/2   1       X1/2   0           39.5   P 39.5e 40.5453223 4 4 8 3 1 3    80.0   82.0
 81 1894.996003 1.541E-49 2.996E+01.02640.04514883.73530.60-.002220       X1/2   5       X1/2   4                 RR 68.5e     1622231111 8 3 1 3   420.0  414.0
 81 1894.996913 1.540E-49 2.997E+01.02640.04514883.94320.60-.002220       X1/2   5       X1/2   4                 RR 68.5f     1622231111 8 3 1 3   420.0  414.0
 81 1895.014872 1.955E-60 2.466E-03.02480.04418127.63790.60-.002220       X3/2   6       X1/2   5                 RQ 75.5e     1622231111 8 3 1 3   456.0  456.0
 81 1895.135260 2.425E-55 3.167E-03.02790.04615733.99910.60-.002220       X3/2   6       X1/2   5                 RQ 64.5e     1622231111 8 3 1 3   390.0  390.0
 81 1895.168344 1.139E-94 6.137E+00.01370.03136097.57050.60-.002220       X1/2   1       X1/2   0                 RR151.5f     0222231211 8 3 1 3   918.0  912.0
 81 1895.172753 1.139E-94 6.139E+00.01370.03136097.63410.60-.002220       X1/2   1       X1/2   0                 RR151.5e     0222231211 8 3 1 3   918.0  912.0
 81 1895.194540 1.045E-94 6.137E+00.01360.01736113.93300.70-.001200       X3/2   1       X3/2   0                 RR150.5e     0222231211 8 3 1 3   912.0  906.0
 81 1895.200801 2.956E-29 1.811E+01.04610.054 4975.87900.70-.001200       X3/2   3       X3/2   2                 RR 25.5e     4643231111 8 3 1 3   162.0  156.0
 81 1895.206149 2.955E-29 1.811E+01.04610.054 4975.94450.70-.001200       X3/2   3       X3/2   2                 RR 25.5f     4643231111 8 3 1 3   162.0  156.0
 81 1895.208721 1.037E-94 6.135E+00.01360.01736115.45500.70-.001200       X3/2   1       X3/2   0                 RR150.5f     0222231211 8 3 1 3   912.0  906.0
 81 1895.217457 1.109E-58 2.988E+01.02180.02619258.92020.70-.001200       X3/2   5       X3/2   4                 RR 85.5e     1622231111 8 3 1 3   522.0  516.0
 81 1895.217738 6.089E-60 2.522E-03.02510.04417895.68370.60-.002220       X3/2   6       X1/2   5                 RQ 74.5e     1622231111 8 3 1 3   450.0  450.0
 81 1895.220909 4.626E-50 2.998E+01.02590.03115131.32910.70-.001200       X3/2   5       X3/2   4                 RR 68.5e     1622231111 8 3 1 3   420.0  414.0
 81 1895.227805 1.104E-58 2.988E+01.02180.02619259.88830.70-.001200       X3/2   5       X3/2   4                 RR 85.5f     1622231111 8 3 1 3   522.0  516.0
 81 1895.230758 4.612E-50 2.997E+01.02590.03115131.93830.70-.001200       X3/2   5       X3/2   4                 RR 68.5f     1622231111 8 3 1 3   420.0  414.0
 81 1895.249775 1.366E-39 7.964E-03.04780.058 8257.39800.60-.002220       X3/2   5       X1/2   4                 RQ 23.5f     4643231111 8 3 1 3   144.0  144.0
 81 1895.309174 8.963E-56 3.095E-03.02760.04615937.11400.60-.002220       X3/2   6       X1/2   5                 RQ 65.5e     1622231111 8 3 1 3   396.0  396.0
 81 1895.316432 1.269E-58 2.990E+01.02210.04119233.68750.60-.002220       X1/2   5       X1/2   4                 RR 86.5e     1622231111 8 3 1 3   528.0  522.0
 81 1895.316586 1.268E-58 2.988E+01.02210.04119233.72770.60-.002220       X1/2   5       X1/2   4                 RR 86.5f     1622231111 8 3 1 3   528.0  522.0
 81 1895.380871 1.871E-59 2.579E-03.02530.04417666.57120.60-.002220       X3/2   6       X1/2   5                 RQ 73.5e     1622231111 8 3 1 3   444.0  444.0
 81 1895.409401 1.140E-68 3.072E-04.03230.04921525.52180.60-.002220       X3/2  11       X1/2  10                 SR 51.5f     2622231111 8 3 1 3   318.0  312.0
 81 1895.410647 1.135E-68 3.054E-04.03230.04921525.21230.60-.002220       X3/2  11       X1/2  10                 SR 51.5e     2622231111 8 3 1 3   318.0  312.0
 81 1895.412782 5.439E-50 2.999E+01.02610.04515100.96800.60-.002220       X1/2   5       X1/2   4                 RR 69.5e     1622231111 8 3 1 3   426.0  420.0
 81 1895.413639 5.434E-50 2.999E+01.02610.04515101.16910.60-.002220       X1/2   5       X1/2   4                 RR 69.5f     1622231111 8 3 1 3   426.0  420.0
 81 1895.447598 3.265E-56 3.024E-03.02730.04616143.15340.60-.002220       X3/2   6       X1/2   5                 RQ 66.5e     1622231111 8 3 1 3   402.0  402.0
 81 1895.504702 5.667E-59 2.637E-03.02560.04417440.31010.60-.002220       X3/2   6       X1/2   5                 RQ 72.5e     1622231111 8 3 1 3   438.0  438.0
 81 1895.532343 1.362E-39 7.934E-03.04780.058 8257.16570.60-.002220       X3/2   5       X1/2   4                 RQ 23.5e     4643231111 8 3 1 3   144.0  144.0
 81 1895.550015 1.173E-56 2.956E-03.02700.04616352.10860.60-.002220       X3/2   6       X1/2   5                 RQ 67.5e     1622231111 8 3 1 3   408.0  408.0
 81 1895.589668 1.693E-58 2.696E-03.02590.04517216.91020.60-.002220       X3/2   6       X1/2   5                 RQ 71.5e     1622231111 8 3 1 3   432.0  432.0
 81 1895.598974 1.612E-50 2.999E+01.02560.03115351.12890.70-.001200       X3/2   5       X3/2   4                 RR 69.5e     1622231111 8 3 1 3   426.0  420.0
 81 1895.603100 3.985E-58 2.991E+01.02200.02718993.53990.70-.001200       X3/2   5       X3/2   4                 RR 84.5e     1622231111 8 3 1 3   516.0  510.0
 81 1895.608863 1.607E-50 2.999E+01.02560.03115351.75690.70-.001200       X3/2   5       X3/2   4                 RR 69.5f     1622231111 8 3 1 3   426.0  420.0
 81 1895.613426 3.967E-58 2.991E+01.02200.02718994.48450.70-.001200       X3/2   5       X3/2   4                 RR 84.5f     1622231111 8 3 1 3   516.0  510.0
 81 1895.615916 4.152E-57 2.888E-03.02670.04516563.97090.60-.002220       X3/2   6       X1/2   5                 RQ 68.5e     1622231111 8 3 1 3   414.0  414.0
 81 1895.636218 4.989E-58 2.759E-03.02610.04516996.38080.60-.002220       X3/2   6       X1/2   5                 RQ 70.5e     1622231111 8 3 1 3   426.0  426.0
 81 1895.644811 1.449E-57 2.821E-03.02640.04516778.73130.60-.002220       X3/2   6       X1/2   5                 RQ 69.5e     1622231111 8 3 1 3   420.0  420.0
 81 1895.706114 4.564E-58 2.992E+01.02230.04118968.05390.60-.002220       X1/2   5       X1/2   4                 RR 85.5e     1622231111 8 3 1 3   522.0  516.0
 81 1895.706302 4.562E-58 2.992E+01.02230.04118968.10580.60-.002220       X1/2   5       X1/2   4                 RR 85.5f     1622231111 8 3 1 3   522.0  516.0
 81 1895.766415 1.447E-88 1.218E+01.01460.03333333.02110.60-.002220       X1/2   2       X1/2   1                 RR141.5f     0222231211 8 3 1 3   858.0  852.0
 81 1895.769603 1.446E-88 1.217E+01.01460.03333333.09540.60-.002220       X1/2   2       X1/2   1                 RR141.5e     0222231211 8 3 1 3   858.0  852.0
 81 1895.782945 1.322E-88 1.218E+01.01440.01833350.17350.70-.001200       X3/2   2       X3/2   1                 RR140.5e     0222231211 8 3 1 3   852.0  846.0
 81 1895.783609 1.892E-50 3.000E+01.02590.04515321.12660.60-.002220       X1/2   5       X1/2   4                 RR 70.5e     1622231111 8 3 1 3   432.0  426.0
 81 1895.784415 1.890E-50 3.000E+01.02590.04515321.32050.60-.002220       X1/2   5       X1/2   4                 RR 70.5f     1622231111 8 3 1 3   432.0  426.0
 81 1895.795298 1.285E-24 1.222E+01.05420.063 2376.39720.74-.001760       X3/2   2       X3/2   1           16.5   R 14.5e 15.5455443 3 3 8 3 1 3    34.0   32.0
 81 1895.795337 1.205E-24 1.217E+01.05420.063 2376.39720.74-.001760       X3/2   2       X3/2   1           15.5   R 14.5e 14.5455443 3 3 8 3 1 3    32.0   30.0
 81 1895.795370 1.129E-24 1.217E+01.05420.063 2376.39720.74-.001760       X3/2   2       X3/2   1           14.5   R 14.5e 13.5455443 3 3 8 3 1 3    30.0   28.0
 81 1895.795424 5.035E-27 5.426E-02.05420.063 2376.39720.74-.001760       X3/2   2       X3/2   1           14.5   R 14.5e 14.5455443 3 3 8 3 1 3    30.0   30.0
 81 1895.795464 5.035E-27 5.087E-02.05420.063 2376.39720.74-.001760       X3/2   2       X3/2   1           15.5   R 14.5e 15.5455443 3 3 8 3 1 3    32.0   32.0
 81 1895.795550 5.245E-30 5.652E-05.05420.063 2376.39720.74-.001760       X3/2   2       X3/2   1           14.5   R 14.5e 15.5455443 3 3 8 3 1 3    30.0   32.0
 81 1895.796009 1.312E-88 1.217E+01.01440.01833351.65480.70-.001200       X3/2   2       X3/2   1                 RR140.5f     0222231211 8 3 1 3   852.0  846.0
 81 1895.797869 5.035E-27 5.087E-02.05420.063 2376.41230.74-.001760       X3/2   2       X3/2   1           15.5   R 14.5f 15.5455443 3 3 8 3 1 3    32.0   32.0
 81 1895.797922 5.245E-30 5.652E-05.05420.063 2376.41230.74-.001760       X3/2   2       X3/2   1           14.5   R 14.5f 15.5455443 3 3 8 3 1 3    30.0   32.0
 81 1895.797982 1.285E-24 1.222E+01.05420.063 2376.41230.74-.001760       X3/2   2       X3/2   1           16.5   R 14.5f 15.5455443 3 3 8 3 1 3    34.0   32.0
 81 1895.798001 1.205E-24 1.217E+01.05420.063 2376.41230.74-.001760       X3/2   2       X3/2   1           15.5   R 14.5f 14.5455443 3 3 8 3 1 3    32.0   30.0
 81 1895.798024 1.129E-24 1.217E+01.05420.063 2376.41230.74-.001760       X3/2   2       X3/2   1           14.5   R 14.5f 13.5455443 3 3 8 3 1 3    30.0   28.0
 81 1895.798053 5.035E-27 5.426E-02.05420.063 2376.41230.74-.001760       X3/2   2       X3/2   1           14.5   R 14.5f 14.5455443 3 3 8 3 1 3    30.0   30.0
 81 1895.830898 2.251E-29 1.427E-03.04600.057 3080.11360.60-.001280       X3/2   2       X1/2   1                 QP 26.5f     4643231111 8 3 1 3   156.0  162.0
 81 1895.892626 1.136E-46 3.435E-03.05010.05911400.65190.60-.002250       X3/2   7       X1/2   6                 SR 18.5f     3653231111 8 3 1 3   120.0  114.0
 81 1895.930630 5.538E-51 3.000E+01.02530.03115573.85380.70-.001200       X3/2   5       X3/2   4                 RR 70.5e     1622231111 8 3 1 3   432.0  426.0
 81 1895.939646 1.412E-57 2.993E+01.02220.02718730.92750.70-.001200       X3/2   5       X3/2   4                 RR 83.5e     1622231111 8 3 1 3   510.0  504.0
 81 1895.940557 5.520E-51 3.000E+01.02530.03115574.50090.70-.001200       X3/2   5       X3/2   4                 RR 70.5f     1622231111 8 3 1 3   432.0  426.0
 81 1895.949949 1.406E-57 2.994E+01.02220.02718731.84900.70-.001200       X3/2   5       X3/2   4                 RR 83.5f     1622231111 8 3 1 3   510.0  504.0
 81 1895.981445 3.015E-36 2.419E+01.03670.044 8438.02840.70-.001200       X3/2   4       X3/2   3                 RR 40.5e     4632231111 8 3 1 3   252.0  246.0
 81 1895.989328 3.012E-36 2.419E+01.03670.044 8438.22490.70-.001200       X3/2   4       X3/2   3                 RR 40.5f     4632231111 8 3 1 3   252.0  246.0
 81 1896.012187 2.247E-29 1.423E-03.04600.057 3079.86680.60-.001280       X3/2   2       X1/2   1                 QP 26.5e     4643231111 8 3 1 3   156.0  162.0
 81 1896.046841 1.620E-57 2.995E+01.02250.04218705.18320.60-.002220       X1/2   5       X1/2   4                 RR 84.5e     1622231111 8 3 1 3   516.0  510.0
 81 1896.047063 1.619E-57 2.994E+01.02250.04218705.24660.60-.002220       X1/2   5       X1/2   4                 RR 84.5f     1622231111 8 3 1 3   516.0  510.0
 81 1896.060637 1.133E-46 3.423E-03.05010.05911400.45430.60-.002250       X3/2   7       X1/2   6                 SR 18.5e     3653231111 8 3 1 3   120.0  114.0
 81 1896.108301 6.487E-51 3.002E+01.02560.04415544.20180.60-.002220       X1/2   5       X1/2   4                 RR 71.5e     1622231111 8 3 1 3   438.0  432.0
 81 1896.109058 6.481E-51 3.002E+01.02560.04415544.38830.60-.002220       X1/2   5       X1/2   4                 RR 71.5f     1622231111 8 3 1 3   438.0  432.0
 81 1896.148289 9.475E-40 7.772E-03.04720.058 8335.83590.60-.002220       X3/2   5       X1/2   4                 RQ 24.5f     4643231111 8 3 1 3   150.0  150.0
 81 1896.174524 1.011E-76 1.106E-03.01850.03725751.60960.60-.002220       X3/2   5       X1/2   4                 RQ108.5e     0222231211 8 3 1 3   654.0  654.0
 81 1896.215708 1.875E-51 3.001E+01.02510.03015799.49420.70-.001200       X3/2   5       X3/2   4                 RR 71.5e     1622231111 8 3 1 3   438.0  432.0
 81 1896.225671 1.869E-51 3.001E+01.02510.03015800.16070.70-.001200       X3/2   5       X3/2   4                 RR 71.5f     1622231111 8 3 1 3   438.0  432.0
 81 1896.227282 4.937E-57 2.996E+01.02250.02718471.09460.70-.001200       X3/2   5       X3/2   4                 RR 82.5e     1622231111 8 3 1 3   504.0  498.0
 81 1896.237562 4.915E-57 2.995E+01.02250.02718471.99320.70-.001200       X3/2   5       X3/2   4                 RR 82.5f     1622231111 8 3 1 3   504.0  498.0
 81 1896.310423 4.130E-29 1.820E+01.04540.057 4915.29910.60-.002220       X1/2   3       X1/2   2                 RR 26.5e     4633231111 8 3 1 3   168.0  162.0
 81 1896.316251 4.125E-29 1.820E+01.04540.057 4915.54680.60-.002220       X1/2   3       X1/2   2                 RR 26.5f     4633231111 8 3 1 3   168.0  162.0
 81 1896.338805 5.670E-57 2.997E+01.02270.04218445.08660.60-.002220       X1/2   5       X1/2   4                 RR 83.5e     1622231111 8 3 1 3   510.0  504.0
 81 1896.339063 5.668E-57 2.997E+01.02270.04218445.16130.60-.002220       X1/2   5       X1/2   4                 RR 83.5f     1622231111 8 3 1 3   510.0  504.0
 81 1896.386676 2.192E-51 3.002E+01.02530.04415770.18450.60-.002220       X1/2   5       X1/2   4                 RR 72.5e     1622231111 8 3 1 3   444.0  438.0
 81 1896.387385 2.191E-51 3.003E+01.02530.04415770.36320.60-.002220       X1/2   5       X1/2   4                 RR 72.5f     1622231111 8 3 1 3   444.0  438.0
 81 1896.442579 9.447E-40 7.742E-03.04720.058 8335.59750.60-.002220       X3/2   5       X1/2   4                 RQ 24.5e     4643231111 8 3 1 3   150.0  150.0
 81 1896.454036 6.259E-52 3.002E+01.02480.03016028.04030.70-.001200       X3/2   5       X3/2   4                 RR 72.5e     1622231111 8 3 1 3   444.0  438.0
 81 1896.464034 6.238E-52 3.002E+01.02480.03016028.72650.70-.001200       X3/2   5       X3/2   4                 RR 72.5f     1622231111 8 3 1 3   444.0  438.0
 81 1896.466194 1.702E-56 2.997E+01.02270.02718214.05230.70-.001200       X3/2   5       X3/2   4                 RR 81.5e     1622231111 8 3 1 3   498.0  492.0
 81 1896.476450 1.695E-56 2.998E+01.02270.02718214.92830.70-.001200       X3/2   5       X3/2   4                 RR 81.5f     1622231111 8 3 1 3   498.0  492.0
 81 1896.559660 3.852E-36 2.423E+01.03680.052 8392.74420.60-.002220       X1/2   4       X1/2   3                 RR 41.5e     4632231111 8 3 1 3   258.0  252.0
 81 1896.562807 3.846E-36 2.423E+01.03680.052 8393.03360.60-.002220       X1/2   4       X1/2   3                 RR 41.5f     4632231111 8 3 1 3   258.0  252.0
 81 1896.568454 4.949E-76 1.135E-03.01860.03825428.27190.60-.002220       X3/2   5       X1/2   4                 RQ107.5f     0222231211 8 3 1 3   648.0  648.0
 81 1896.582201 1.958E-56 2.999E+01.02290.04218187.77520.60-.002220       X1/2   5       X1/2   4                 RR 82.5e     1622231111 8 3 1 3   504.0  498.0
 81 1896.582494 1.957E-56 2.998E+01.02290.04218187.86080.60-.002220       X1/2   5       X1/2   4                 RR 82.5f     1622231111 8 3 1 3   504.0  498.0
 81 1896.603377 4.149E-35 3.286E-03.06000.064 5582.94780.71-.001380       X3/2   4       X1/2   3                 QP  4.5f     4654431111 8 3 1 3    24.0   30.0
 81 1896.613706 2.547E-73 2.404E+01.01730.02126205.88580.70-.001200       X3/2   4       X3/2   3                 RR113.5e     0222231211 8 3 1 3   690.0  684.0
 81 1896.618549 7.305E-52 3.004E+01.02510.04415999.06510.60-.002220       X1/2   5       X1/2   4                 RR 73.5e     1622231111 8 3 1 3   450.0  444.0
 81 1896.619211 7.299E-52 3.004E+01.02510.04415999.23580.60-.002220       X1/2   5       X1/2   4                 RR 73.5f     1622231111 8 3 1 3   450.0  444.0
 81 1896.624937 2.530E-73 2.404E+01.01730.02126207.26780.70-.001200       X3/2   4       X3/2   3                 RR113.5f     0222231211 8 3 1 3   690.0  684.0
 81 1896.635086 2.833E-73 2.404E+01.01750.03626185.78670.60-.002220       X1/2   4       X1/2   3                 RR114.5f     0222231211 8 3 1 3   696.0  690.0
 81 1896.636143 2.831E-73 2.404E+01.01750.03626185.90250.60-.002220       X1/2   4       X1/2   3                 RR114.5e     0222231211 8 3 1 3   696.0  690.0
 81 1896.645439 2.059E-52 3.002E+01.02450.03016259.48240.70-.001200       X3/2   5       X3/2   4                 RR 73.5e     1622231111 8 3 1 3   450.0  444.0
 81 1896.655470 2.052E-52 3.002E+01.02450.03016260.18850.70-.001200       X3/2   5       X3/2   4                 RR 73.5f     1622231111 8 3 1 3   450.0  444.0
 81 1896.656568 5.789E-56 2.999E+01.02290.02817959.81170.70-.001200       X3/2   5       X3/2   4                 RR 80.5e     1622231111 8 3 1 3   492.0  486.0
 81 1896.661676 4.146E-35 3.283E-03.06000.064 5582.88920.71-.001380       X3/2   4       X1/2   3                 QP  4.5e     4654431111 8 3 1 3    24.0   30.0
 81 1896.666800 5.765E-56 2.999E+01.02290.02817960.66540.70-.001200       X3/2   5       X3/2   4                 RR 80.5f     1622231111 8 3 1 3   492.0  486.0
 81 1896.678707 1.879E-31 3.013E-03.05280.061 4090.94680.63-.001290       X3/2   3       X1/2   2                 QP 14.5f     4654431111 8 3 1 3    84.0   90.0
 81 1896.777220 6.668E-56 3.000E+01.02310.04217933.25990.60-.002220       X1/2   5       X1/2   4                 RR 81.5e     1622231111 8 3 1 3   498.0  492.0
 81 1896.777550 6.665E-56 3.000E+01.02310.04217933.35610.60-.002220       X1/2   5       X1/2   4                 RR 81.5f     1622231111 8 3 1 3   498.0  492.0
 81 1896.784747 2.184E-62 6.591E-04.03630.05218667.96080.60-.002220       X3/2  10       X1/2   9                 SR 42.5f     3622231111 8 3 1 3   264.0  258.0
 81 1896.789743 6.681E-53 3.003E+01.02430.02916493.81060.70-.001200       X3/2   5       X3/2   4                 RR 74.5e     1622231111 8 3 1 3   456.0  450.0
 81 1896.798590 1.942E-55 3.001E+01.02310.02817708.38380.70-.001200       X3/2   5       X3/2   4                 RR 79.5e     1622231111 8 3 1 3   486.0  480.0
 81 1896.799806 6.657E-53 3.003E+01.02430.02916494.53690.70-.001200       X3/2   5       X3/2   4                 RR 74.5f     1622231111 8 3 1 3   456.0  450.0
 81 1896.803738 2.399E-52 3.004E+01.02480.04416230.83410.60-.002220       X1/2   5       X1/2   4                 RR 74.5e     1622231111 8 3 1 3   456.0  450.0
 81 1896.804353 2.397E-52 3.003E+01.02480.04416230.99650.60-.002220       X1/2   5       X1/2   4                 RR 74.5f     1622231111 8 3 1 3   456.0  450.0
 81 1896.808795 1.934E-55 3.001E+01.02310.02817709.21560.70-.001200       X3/2   5       X3/2   4                 RR 79.5f     1622231111 8 3 1 3   486.0  480.0
 81 1896.829766 1.876E-31 3.006E-03.05280.061 4090.78390.63-.001290       X3/2   3       X1/2   2                 QP 14.5e     4654431111 8 3 1 3    84.0   90.0
 81 1896.845968 1.468E-81 1.815E+01.01570.03430077.93150.60-.002220       X1/2   3       X1/2   2                 RR129.5f     0222231211 8 3 1 3   786.0  780.0
 81 1896.848037 1.467E-81 1.815E+01.01570.03430078.02210.60-.002220       X1/2   3       X1/2   2                 RR129.5e     0222231211 8 3 1 3   786.0  780.0
 81 1896.848305 1.333E-81 1.816E+01.01560.01930096.22500.70-.001200       X3/2   3       X3/2   2                 RR128.5e     0222231211 8 3 1 3   780.0  774.0
 81 1896.860380 1.324E-81 1.816E+01.01560.01930097.66050.70-.001200       X3/2   3       X3/2   2                 RR128.5f     0222231211 8 3 1 3   780.0  774.0
 81 1896.885903 2.176E-62 6.558E-04.03630.05218667.65420.60-.002220       X3/2  10       X1/2   9                 SR 42.5e     3622231111 8 3 1 3   264.0  258.0
 81 1896.886772 2.137E-53 3.004E+01.02400.02916731.01460.70-.001200       X3/2   5       X3/2   4                 RR 75.5e     1622231111 8 3 1 3   462.0  456.0
 81 1896.892439 6.422E-55 3.001E+01.02330.02817459.77950.70-.001200       X3/2   5       X3/2   4                 RR 78.5e     1622231111 8 3 1 3   480.0  474.0
 81 1896.896867 2.129E-53 3.003E+01.02400.02916731.76150.70-.001200       X3/2   5       X3/2   4                 RR 75.5f     1622231111 8 3 1 3   462.0  456.0
 81 1896.902618 6.397E-55 3.002E+01.02330.02817460.58960.70-.001200       X3/2   5       X3/2   4                 RR 78.5f     1622231111 8 3 1 3   480.0  474.0
 81 1896.924052 2.240E-55 3.002E+01.02330.04217681.55150.60-.002220       X1/2   5       X1/2   4                 RR 80.5e     1622231111 8 3 1 3   492.0  486.0
 81 1896.924420 2.239E-55 3.002E+01.02330.04217681.65800.60-.002220       X1/2   5       X1/2   4                 RR 80.5f     1622231111 8 3 1 3   492.0  486.0
 81 1896.936351 6.737E-54 3.003E+01.02380.02916971.08440.70-.001200       X3/2   5       X3/2   4                 RR 76.5e     1622231111 8 3 1 3   468.0  462.0
 81 1896.938299 2.095E-54 3.003E+01.02360.02917214.00950.70-.001200       X3/2   5       X3/2   4                 RR 77.5e     1622231111 8 3 1 3   474.0  468.0
 81 1896.942054 7.770E-53 3.004E+01.02450.04316465.48190.60-.002220       X1/2   5       X1/2   4                 RR 75.5e     1622231111 8 3 1 3   462.0  456.0
 81 1896.942626 7.764E-53 3.004E+01.02450.04316465.63560.60-.002220       X1/2   5       X1/2   4                 RR 75.5f     1622231111 8 3 1 3   462.0  456.0
 81 1896.946474 6.712E-54 3.003E+01.02380.02916971.85200.70-.001200       X3/2   5       X3/2   4                 RR 76.5f     1622231111 8 3 1 3   468.0  462.0
 81 1896.948452 2.087E-54 3.003E+01.02360.02917214.79820.70-.001200       X3/2   5       X3/2   4                 RR 77.5f     1622231111 8 3 1 3   474.0  468.0
 81 1896.983849 1.935E-20 5.723E+00.05760.063   58.48930.64-.000530       X1/2   1       X1/2   0            6.5   R  5.5e  5.5455443 4 4 8 3 1 3    14.0   12.0
 81 1896.983859 2.265E-20 5.861E+00.05760.063   58.48930.64-.000530       X1/2   1       X1/2   0            7.5   R  5.5e  6.5455443 4 4 8 3 1 3    16.0   14.0
 81 1896.983879 1.652E-20 5.700E+00.05760.063   58.48930.64-.000530       X1/2   1       X1/2   0            5.5   R  5.5e  4.5455443 4 4 8 3 1 3    12.0   10.0
 81 1896.985304 4.691E-22 1.619E-01.05760.063   58.48930.64-.000530       X1/2   1       X1/2   0            5.5   R  5.5e  5.5455443 4 4 8 3 1 3    12.0   12.0
 81 1896.985430 4.691E-22 1.387E-01.05760.063   58.48930.64-.000530       X1/2   1       X1/2   0            6.5   R  5.5e  6.5455443 4 4 8 3 1 3    14.0   14.0
 81 1896.986885 2.792E-24 9.633E-04.05760.063   58.48930.64-.000530       X1/2   1       X1/2   0            5.5   R  5.5e  6.5455443 4 4 8 3 1 3    12.0   14.0
 81 1896.990605 2.791E-24 9.633E-04.05760.063   58.55950.64-.000530       X1/2   1       X1/2   0            5.5   R  5.5f  6.5455443 4 4 8 3 1 3    12.0   14.0
 81 1896.992682 4.690E-22 1.388E-01.05760.063   58.55950.64-.000530       X1/2   1       X1/2   0            6.5   R  5.5f  6.5455443 4 4 8 3 1 3    14.0   14.0
 81 1896.993049 4.690E-22 1.619E-01.05760.063   58.55950.64-.000530       X1/2   1       X1/2   0            5.5   R  5.5f  5.5455443 4 4 8 3 1 3    12.0   12.0
 81 1896.995066 2.264E-20 5.861E+00.05760.063   58.55950.64-.000530       X1/2   1       X1/2   0            7.5   R  5.5f  6.5455443 4 4 8 3 1 3    16.0   14.0
 81 1896.995120 1.651E-20 5.698E+00.05760.063   58.55950.64-.000530       X1/2   1       X1/2   0            5.5   R  5.5f  4.5455443 4 4 8 3 1 3    12.0   10.0
 81 1896.995126 1.934E-20 5.722E+00.05760.063   58.55950.64-.000530       X1/2   1       X1/2   0            6.5   R  5.5f  5.5455443 4 4 8 3 1 3    14.0   12.0
 81 1897.022889 7.420E-55 3.003E+01.02360.04317432.66070.60-.002220       X1/2   5       X1/2   4                 RR 79.5e     1622231111 8 3 1 3   486.0  480.0
 81 1897.023296 7.416E-55 3.003E+01.02360.04317432.77730.60-.002220       X1/2   5       X1/2   4                 RR 79.5f     1622231111 8 3 1 3   486.0  480.0
 81 1897.033315 2.481E-53 3.005E+01.02430.04316702.99840.60-.002220       X1/2   5       X1/2   4                 RR 76.5e     1622231111 8 3 1 3   468.0  462.0
 81 1897.033843 2.479E-53 3.004E+01.02430.04316703.14330.60-.002220       X1/2   5       X1/2   4                 RR 76.5f     1622231111 8 3 1 3   468.0  462.0
 81 1897.058107 6.461E-40 7.585E-03.04660.057 8417.45960.60-.002220       X3/2   5       X1/2   4                 RQ 25.5f     4643231111 8 3 1 3   156.0  156.0
 81 1897.061151 5.240E-29 4.738E-04.03890.053 2536.60640.60-.001280       X3/2   1       X1/2   0           38.5   P 38.5f 39.5453223 4 4 8 3 1 3    78.0   80.0
 81 1897.063244 5.105E-29 4.737E-04.03890.053 2536.60640.60-.001280       X3/2   1       X1/2   0           37.5   P 38.5f 38.5453223 4 4 8 3 1 3    76.0   78.0
 81 1897.063256 3.447E-32 3.117E-07.03890.053 2536.60640.60-.001280       X3/2   1       X1/2   0           38.5   P 38.5f 38.5453223 4 4 8 3 1 3    78.0   78.0
 81 1897.065461 3.447E-32 3.199E-07.03890.053 2536.60640.60-.001280       X3/2   1       X1/2   0           37.5   P 38.5f 37.5453223 4 4 8 3 1 3    76.0   76.0
 81 1897.065703 4.974E-29 4.741E-04.03890.053 2536.60640.60-.001280       X3/2   1       X1/2   0           36.5   P 38.5f 37.5453223 4 4 8 3 1 3    74.0   76.0
 81 1897.073919 2.424E-54 3.003E+01.02380.04317186.59800.60-.002220       X1/2   5       X1/2   4                 RR 78.5e     1622231111 8 3 1 3   480.0  474.0
 81 1897.074366 2.423E-54 3.004E+01.02380.04317186.72430.60-.002220       X1/2   5       X1/2   4                 RR 78.5f     1622231111 8 3 1 3   480.0  474.0
 81 1897.077332 7.809E-54 3.004E+01.02410.04316943.37390.60-.002220       X1/2   5       X1/2   4                 RR 77.5e     1622231111 8 3 1 3   474.0  468.0
 81 1897.077820 7.804E-54 3.004E+01.02410.04316943.50960.60-.002220       X1/2   5       X1/2   4                 RR 77.5f     1622231111 8 3 1 3   474.0  468.0
 81 1897.172064 3.451E-32 3.198E-07.03890.053 2536.32640.60-.001280       X3/2   1       X1/2   0           37.5   P 38.5e 37.5453223 4 4 8 3 1 3    76.0   76.0
 81 1897.172397 3.451E-32 3.116E-07.03890.053 2536.32640.60-.001280       X3/2   1       X1/2   0           38.5   P 38.5e 38.5453223 4 4 8 3 1 3    78.0   78.0
 81 1897.172666 4.981E-29 4.741E-04.03890.053 2536.32640.60-.001280       X3/2   1       X1/2   0           36.5   P 38.5e 37.5453223 4 4 8 3 1 3    74.0   76.0
 81 1897.173181 5.112E-29 4.738E-04.03890.053 2536.32640.60-.001280       X3/2   1       X1/2   0           37.5   P 38.5e 38.5453223 4 4 8 3 1 3    76.0   78.0
 81 1897.173279 5.247E-29 4.738E-04.03890.053 2536.32640.60-.001280       X3/2   1       X1/2   0           38.5   P 38.5e 39.5453223 4 4 8 3 1 3    78.0   80.0
 81 1897.352214 1.474E-24 9.182E-04.06000.066  179.94720.65-.001450       X3/2   1       X3/2   0            5.5   R  5.5e  6.5455443 4 4 8 3 1 3    12.0   14.0
 81 1897.352587 2.476E-22 1.322E-01.06000.066  179.94720.65-.001450       X3/2   1       X3/2   0            6.5   R  5.5e  6.5455443 4 4 8 3 1 3    14.0   14.0
 81 1897.352748 1.474E-24 9.182E-04.06000.066  179.94830.65-.001450       X3/2   1       X3/2   0            5.5   R  5.5f  6.5455443 4 4 8 3 1 3    12.0   14.0
 81 1897.352759 2.476E-22 1.542E-01.06000.066  179.94720.65-.001450       X3/2   1       X3/2   0            5.5   R  5.5e  5.5455443 4 4 8 3 1 3    12.0   12.0
 81 1897.353001 1.196E-20 5.587E+00.06000.066  179.94720.65-.001450       X3/2   1       X3/2   0            7.5   R  5.5e  6.5455443 4 4 8 3 1 3    16.0   14.0
 81 1897.353093 2.476E-22 1.322E-01.06000.066  179.94830.65-.001450       X3/2   1       X3/2   0            6.5   R  5.5f  6.5455443 4 4 8 3 1 3    14.0   14.0
 81 1897.353133 1.021E-20 5.451E+00.06000.066  179.94720.65-.001450       X3/2   1       X3/2   0            6.5   R  5.5e  5.5455443 4 4 8 3 1 3    14.0   12.0
 81 1897.353230 8.718E-21 5.431E+00.06000.066  179.94720.65-.001450       X3/2   1       X3/2   0            5.5   R  5.5e  4.5455443 4 4 8 3 1 3    12.0   10.0
 81 1897.353366 2.476E-22 1.542E-01.06000.066  179.94830.65-.001450       X3/2   1       X3/2   0            5.5   R  5.5f  5.5455443 4 4 8 3 1 3    12.0   12.0
 81 1897.353596 1.196E-20 5.588E+00.06000.066  179.94830.65-.001450       X3/2   1       X3/2   0            7.5   R  5.5f  6.5455443 4 4 8 3 1 3    16.0   14.0
 81 1897.353711 1.021E-20 5.451E+00.06000.066  179.94830.65-.001450       X3/2   1       X3/2   0            6.5   R  5.5f  5.5455443 4 4 8 3 1 3    14.0   12.0
 81 1897.353808 8.718E-21 5.431E+00.06000.066  179.94830.65-.001450       X3/2   1       X3/2   0            5.5   R  5.5f  4.5455443 4 4 8 3 1 3    12.0   10.0
 81 1897.364116 6.441E-40 7.555E-03.04660.057 8417.21560.60-.002220       X3/2   5       X1/2   4                 RQ 25.5e     4643231111 8 3 1 3   156.0  156.0
 81 1897.508561 1.998E-29 1.820E+01.04540.054 5064.46780.70-.001200       X3/2   3       X3/2   2                 RR 26.5e     4633231111 8 3 1 3   168.0  162.0
 81 1897.514134 1.997E-29 1.820E+01.04540.054 5064.54000.70-.001200       X3/2   3       X3/2   2                 RR 26.5f     4633231111 8 3 1 3   168.0  162.0
 81 1897.622697 1.785E-24 1.234E+01.05180.060 2297.92330.51-.001210       X1/2   2       X1/2   1           15.5   R 15.5e 14.5455443 3 3 8 3 1 3    32.0   30.0
 81 1897.622706 1.897E-24 1.234E+01.05180.060 2297.92330.51-.001210       X1/2   2       X1/2   1           16.5   R 15.5e 15.5455443 3 3 8 3 1 3    34.0   32.0
 81 1897.622727 2.016E-24 1.239E+01.05180.060 2297.92330.51-.001210       X1/2   2       X1/2   1           17.5   R 15.5e 16.5455443 3 3 8 3 1 3    36.0   34.0
 81 1897.624074 6.995E-27 4.551E-02.05180.060 2297.92330.51-.001210       X1/2   2       X1/2   1           16.5   R 15.5e 16.5455443 3 3 8 3 1 3    34.0   34.0
 81 1897.624139 6.995E-27 4.835E-02.05180.060 2297.92330.51-.001210       X1/2   2       X1/2   1           15.5   R 15.5e 15.5455443 3 3 8 3 1 3    32.0   32.0
 81 1897.625506 6.429E-30 4.444E-05.05180.060 2297.92330.51-.001210       X1/2   2       X1/2   1           15.5   R 15.5e 16.5455443 3 3 8 3 1 3    32.0   34.0
 81 1897.626982 6.424E-30 4.444E-05.05180.060 2298.09500.51-.001210       X1/2   2       X1/2   1           15.5   R 15.5f 16.5455443 3 3 8 3 1 3    32.0   34.0
 81 1897.629152 6.989E-27 4.550E-02.05180.060 2298.09500.51-.001210       X1/2   2       X1/2   1           16.5   R 15.5f 16.5455443 3 3 8 3 1 3    34.0   34.0
 81 1897.629209 6.989E-27 4.835E-02.05180.060 2298.09500.51-.001210       X1/2   2       X1/2   1           15.5   R 15.5f 15.5455443 3 3 8 3 1 3    32.0   32.0
 81 1897.630826 1.924E-38 6.886E-03.06000.064 7360.06110.71-.000520       X3/2   5       X1/2   4                 SR  3.5f     4654431111 8 3 1 3    30.0   24.0
 81 1897.631373 1.784E-24 1.234E+01.05180.060 2298.09500.51-.001210       X1/2   2       X1/2   1           15.5   R 15.5f 14.5455443 3 3 8 3 1 3    32.0   30.0
 81 1897.631373 2.015E-24 1.239E+01.05180.060 2298.09500.51-.001210       X1/2   2       X1/2   1           17.5   R 15.5f 16.5455443 3 3 8 3 1 3    36.0   34.0
 81 1897.631380 1.896E-24 1.234E+01.05180.060 2298.09500.51-.001210       X1/2   2       X1/2   1           16.5   R 15.5f 15.5455443 3 3 8 3 1 3    34.0   32.0
 81 1897.634540 1.596E-36 2.426E+01.03620.043 8574.02900.70-.001200       X3/2   4       X3/2   3                 RR 41.5e     4632231111 8 3 1 3   258.0  252.0
 81 1897.642551 1.594E-36 2.426E+01.03620.043 8574.23690.70-.001200       X3/2   4       X3/2   3                 RR 41.5f     4632231111 8 3 1 3   258.0  252.0
 81 1897.657330 1.564E-51 2.114E-03.04540.05713672.44690.60-.002220       X3/2   8       X1/2   7                 SR 26.5f     3633231111 8 3 1 3   168.0  162.0
 81 1897.677256 1.923E-38 6.881E-03.06000.064 7360.01420.71-.000520       X3/2   5       X1/2   4                 SR  3.5e     4654431111 8 3 1 3    30.0   24.0
 81 1897.832428 4.909E-76 1.128E-03.01860.03825428.39160.60-.002220       X3/2   5       X1/2   4                 RQ107.5e     0222231211 8 3 1 3   648.0  648.0
 81 1897.838593 1.560E-51 2.107E-03.04540.05713672.19480.60-.002220       X3/2   8       X1/2   7                 SR 26.5e     3633231111 8 3 1 3   168.0  162.0
 81 1897.977179 4.330E-40 7.399E-03.04600.057 8502.26690.60-.002220       X3/2   5       X1/2   4                 RQ 26.5f     4643231111 8 3 1 3   162.0  162.0
 81 1898.032849 2.462E-42 4.809E-03.05370.061 9326.83160.67-.000510       X3/2   6       X1/2   5                 SR 11.5f     3654431111 8 3 1 3    78.0   72.0
 81 1898.102915 3.446E-29 1.488E-03.04660.057 2992.54660.60-.001280       X3/2   2       X1/2   1                 QP 25.5f     4643231111 8 3 1 3   150.0  156.0
 81 1898.158077 2.458E-42 4.799E-03.05370.061 9326.69730.67-.000510       X3/2   6       X1/2   5                 SR 11.5e     3654431111 8 3 1 3    78.0   72.0
 81 1898.187495 2.374E-75 1.158E-03.01870.03825107.52780.60-.002220       X3/2   5       X1/2   4                 RQ106.5f     0222231211 8 3 1 3   642.0  642.0
 81 1898.188844 2.030E-36 2.431E+01.03630.052 8529.52540.60-.002220       X1/2   4       X1/2   3                 RR 42.5e     4622231111 8 3 1 3   264.0  258.0
 81 1898.191853 2.027E-36 2.431E+01.03630.052 8529.81520.60-.002220       X1/2   4       X1/2   3                 RR 42.5f     4622231111 8 3 1 3   264.0  258.0
 81 1898.285438 3.439E-29 1.483E-03.04660.057 2992.30490.60-.001280       X3/2   2       X1/2   1                 QP 25.5e     4643231111 8 3 1 3   150.0  156.0
 81 1898.294903 4.316E-40 7.369E-03.04600.057 8502.01750.60-.002220       X3/2   5       X1/2   4                 RQ 26.5e     4643231111 8 3 1 3   162.0  162.0
 81 1898.309697 8.754E-57 1.214E-03.04060.05416097.79580.60-.002220       X3/2   9       X1/2   8                 SR 34.5f     3632231111 8 3 1 3   216.0  210.0
 81 1898.399254 1.332E-72 2.412E+01.01750.02125864.06560.70-.001200       X3/2   4       X3/2   3                 RR112.5e     0222231211 8 3 1 3   684.0  678.0
 81 1898.410463 1.323E-72 2.412E+01.01750.02125865.44520.70-.001200       X3/2   4       X3/2   3                 RR112.5f     0222231211 8 3 1 3   684.0  678.0
 81 1898.422338 1.482E-72 2.411E+01.01760.03725843.83460.60-.002220       X1/2   4       X1/2   3                 RR113.5f     0222231211 8 3 1 3   690.0  684.0
 81 1898.423362 1.482E-72 2.413E+01.01760.03725843.95320.60-.002220       X1/2   4       X1/2   3                 RR113.5e     0222231211 8 3 1 3   690.0  684.0
 81 1898.467429 8.728E-57 1.209E-03.04060.05416097.50800.60-.002220       X3/2   9       X1/2   8                 SR 34.5e     3632231111 8 3 1 3   216.0  210.0
 81 1898.556443 4.939E-69 2.780E-04.03190.04921680.21740.60-.002220       X3/2  11       X1/2  10                 SR 52.5e     2622231111 8 3 1 3   324.0  318.0
 81 1898.569245 2.769E-29 1.828E+01.04470.056 5005.19480.60-.002220       X1/2   3       X1/2   2                 RR 27.5e     4633231111 8 3 1 3   174.0  168.0
 81 1898.569574 4.964E-69 2.798E-04.03190.04921680.52560.60-.002220       X3/2  11       X1/2  10                 SR 52.5f     2622231111 8 3 1 3   324.0  318.0
 81 1898.574839 2.766E-29 1.828E+01.04470.056 5005.44740.60-.002220       X1/2   3       X1/2   2                 RR 27.5f     4633231111 8 3 1 3   174.0  168.0
 81 1898.576820 1.059E-24 1.232E+01.05350.062 2429.01710.67-.001210       X3/2   2       X3/2   1           17.5   R 15.5e 16.5455443 3 3 8 3 1 3    36.0   34.0
 81 1898.576857 9.964E-25 1.227E+01.05350.062 2429.01710.67-.001210       X3/2   2       X3/2   1           16.5   R 15.5e 15.5455443 3 3 8 3 1 3    34.0   32.0
 81 1898.576888 9.376E-25 1.227E+01.05350.062 2429.01710.67-.001210       X3/2   2       X3/2   1           15.5   R 15.5e 14.5455443 3 3 8 3 1 3    32.0   30.0
 81 1898.576977 3.673E-27 4.806E-02.05350.062 2429.01710.67-.001210       X3/2   2       X3/2   1           15.5   R 15.5e 15.5455443 3 3 8 3 1 3    32.0   32.0
 81 1898.577027 3.673E-27 4.523E-02.05350.062 2429.01710.67-.001210       X3/2   2       X3/2   1           16.5   R 15.5e 16.5455443 3 3 8 3 1 3    34.0   34.0
 81 1898.577147 3.376E-30 4.418E-05.05350.062 2429.01710.67-.001210       X3/2   2       X3/2   1           15.5   R 15.5e 16.5455443 3 3 8 3 1 3    32.0   34.0
 81 1898.579676 3.673E-27 4.524E-02.05350.062 2429.03510.67-.001210       X3/2   2       X3/2   1           16.5   R 15.5f 16.5455443 3 3 8 3 1 3    34.0   34.0
 81 1898.579751 3.376E-30 4.418E-05.05350.062 2429.03510.67-.001210       X3/2   2       X3/2   1           15.5   R 15.5f 16.5455443 3 3 8 3 1 3    32.0   34.0
 81 1898.579772 1.059E-24 1.232E+01.05350.062 2429.03510.67-.001210       X3/2   2       X3/2   1           17.5   R 15.5f 16.5455443 3 3 8 3 1 3    36.0   34.0
 81 1898.579788 9.963E-25 1.227E+01.05350.062 2429.03510.67-.001210       X3/2   2       X3/2   1           16.5   R 15.5f 15.5455443 3 3 8 3 1 3    34.0   32.0
 81 1898.579809 9.375E-25 1.227E+01.05350.062 2429.03510.67-.001210       X3/2   2       X3/2   1           15.5   R 15.5f 14.5455443 3 3 8 3 1 3    32.0   30.0
 81 1898.579863 3.673E-27 4.807E-02.05350.062 2429.03510.67-.001210       X3/2   2       X3/2   1           15.5   R 15.5f 15.5455443 3 3 8 3 1 3    32.0   32.0
 81 1898.903505 2.853E-40 7.217E-03.04540.057 8590.25530.60-.002220       X3/2   5       X1/2   4                 RQ 27.5f     4633231111 8 3 1 3   168.0  168.0
 81 1898.940674 9.486E-94 6.181E+00.01380.03235660.81030.60-.002220       X1/2   1       X1/2   0                 RR150.5f     0222231211 8 3 1 3   912.0  906.0
 81 1898.945006 9.483E-94 6.181E+00.01380.03235660.87640.60-.002220       X1/2   1       X1/2   0                 RR150.5e     0222231211 8 3 1 3   912.0  906.0
 81 1898.966142 8.701E-94 6.182E+00.01370.01735677.23670.70-.001200       X3/2   1       X3/2   0                 RR149.5e     0222231211 8 3 1 3   906.0  900.0
 81 1898.980257 8.637E-94 6.182E+00.01370.01735678.75650.70-.001200       X3/2   1       X3/2   0                 RR149.5f     0222231211 8 3 1 3   906.0  900.0
 81 1898.987458 1.066E-87 1.225E+01.01470.03332921.29490.60-.002220       X1/2   2       X1/2   1                 RR140.5f     0222231211 8 3 1 3   852.0  846.0
 81 1898.990584 1.066E-87 1.226E+01.01470.03332921.37180.60-.002220       X1/2   2       X1/2   1                 RR140.5e     0222231211 8 3 1 3   852.0  846.0
 81 1899.003106 9.736E-88 1.226E+01.01450.01832938.52510.70-.001200       X3/2   2       X3/2   1                 RR139.5e     0222231211 8 3 1 3   846.0  840.0
 81 1899.016120 9.666E-88 1.226E+01.01450.01832940.00420.70-.001200       X3/2   2       X3/2   1                 RR139.5f     0222231211 8 3 1 3   846.0  840.0
 81 1899.232941 2.843E-40 7.185E-03.04540.057 8590.00080.60-.002220       X3/2   5       X1/2   4                 RQ 27.5e     4633231111 8 3 1 3   168.0  168.0
 81 1899.245581 8.312E-37 2.433E+01.03570.043 8713.20920.70-.001200       X3/2   4       X3/2   3                 RR 42.5e     4622231111 8 3 1 3   264.0  258.0
 81 1899.253715 8.303E-37 2.433E+01.03570.043 8713.42850.70-.001200       X3/2   4       X3/2   3                 RR 42.5f     4622231111 8 3 1 3   264.0  258.0
 81 1899.273254 2.234E-31 3.071E-03.05320.061 4043.46330.72-.002070       X3/2   3       X1/2   2                 QP 13.5f     4654431111 8 3 1 3    78.0   84.0
 81 1899.279438 9.919E-29 4.949E-04.03950.054 2408.46850.60-.001280       X3/2   1       X1/2   0           37.5   P 37.5f 38.5453223 4 4 8 3 1 3    76.0   78.0
 81 1899.281537 9.658E-29 4.949E-04.03950.054 2408.46850.60-.001280       X3/2   1       X1/2   0           36.5   P 37.5f 37.5453223 4 4 8 3 1 3    74.0   76.0
 81 1899.281548 6.873E-32 3.429E-07.03950.054 2408.46850.60-.001280       X3/2   1       X1/2   0           37.5   P 37.5f 37.5453223 4 4 8 3 1 3    76.0   76.0
 81 1899.283756 6.873E-32 3.522E-07.03950.054 2408.46850.60-.001280       X3/2   1       X1/2   0           36.5   P 37.5f 36.5453223 4 4 8 3 1 3    74.0   74.0
 81 1899.283996 9.403E-29 4.952E-04.03950.054 2408.46850.60-.001280       X3/2   1       X1/2   0           35.5   P 37.5f 36.5453223 4 4 8 3 1 3    72.0   74.0
 81 1899.399647 6.882E-32 3.522E-07.03950.054 2408.18960.60-.001280       X3/2   1       X1/2   0           36.5   P 37.5e 36.5453223 4 4 8 3 1 3    74.0   74.0
 81 1899.400010 6.882E-32 3.430E-07.03950.054 2408.18960.60-.001280       X3/2   1       X1/2   0           37.5   P 37.5e 37.5453223 4 4 8 3 1 3    76.0   76.0
 81 1899.400233 9.417E-29 4.954E-04.03950.054 2408.18960.60-.001280       X3/2   1       X1/2   0           35.5   P 37.5e 36.5453223 4 4 8 3 1 3    72.0   74.0
 81 1899.400776 9.671E-29 4.950E-04.03950.054 2408.18960.60-.001280       X3/2   1       X1/2   0           36.5   P 37.5e 37.5453223 4 4 8 3 1 3    74.0   76.0
 81 1899.400908 9.933E-29 4.950E-04.03950.054 2408.18960.60-.001280       X3/2   1       X1/2   0           37.5   P 37.5e 38.5453223 4 4 8 3 1 3    76.0   78.0
 81 1899.417352 2.230E-31 3.064E-03.05320.061 4043.30960.72-.002070       X3/2   3       X1/2   2                 QP 13.5e     4654431111 8 3 1 3    78.0   84.0
 81 1899.418591 9.313E-81 1.824E+01.01580.03429696.72440.60-.002220       X1/2   3       X1/2   2                 RR128.5f     0222231211 8 3 1 3   780.0  774.0
 81 1899.419774 8.452E-81 1.824E+01.01570.01929715.11610.70-.001200       X3/2   3       X3/2   2                 RR127.5e     0222231211 8 3 1 3   774.0  768.0
 81 1899.420614 9.309E-81 1.824E+01.01580.03429696.81770.60-.002220       X1/2   3       X1/2   2                 RR128.5e     0222231211 8 3 1 3   780.0  774.0
 81 1899.431815 8.393E-81 1.824E+01.01570.01929716.54930.70-.001200       X3/2   3       X3/2   2                 RR127.5f     0222231211 8 3 1 3   774.0  768.0
 81 1899.439773 2.355E-75 1.151E-03.01870.03825107.65030.60-.002220       X3/2   5       X1/2   4                 RQ106.5e     0222231211 8 3 1 3   642.0  642.0
 81 1899.659509 2.857E-35 2.819E-03.06170.066 5568.35770.69-.000880       X3/2   4       X1/2   3                 QP  3.5f     4654431111 8 3 1 3    18.0   24.0
 81 1899.706426 2.855E-35 2.817E-03.06170.066 5568.31070.69-.000880       X3/2   4       X1/2   3                 QP  3.5e     4654431111 8 3 1 3    18.0   24.0
 81 1899.756267 1.125E-74 1.181E-03.01890.03824789.27500.60-.002220       X3/2   5       X1/2   4                 RQ105.5f     0222231211 8 3 1 3   636.0  636.0
 81 1899.776014 1.327E-29 1.829E+01.04470.053 5156.35220.70-.001200       X3/2   3       X3/2   2                 RR 27.5e     4633231111 8 3 1 3   174.0  168.0
 81 1899.777063 1.053E-36 2.438E+01.03580.052 8669.46150.60-.002220       X1/2   4       X1/2   3                 RR 43.5e     4622231111 8 3 1 3   270.0  264.0
 81 1899.779939 1.051E-36 2.437E+01.03580.052 8669.75130.60-.002220       X1/2   4       X1/2   3                 RR 43.5f     4622231111 8 3 1 3   270.0  264.0
 81 1899.781805 1.326E-29 1.828E+01.04470.053 5156.43140.70-.001200       X3/2   3       X3/2   2                 RR 27.5f     4633231111 8 3 1 3   174.0  168.0
 81 1899.793910 8.272E-47 3.219E-03.04960.05911461.77280.60-.001920       X3/2   7       X1/2   6                 SR 19.5f     3653231111 8 3 1 3   126.0  120.0
 81 1899.835134 1.848E-40 7.037E-03.04470.056 8681.42190.60-.002220       X3/2   5       X1/2   4                 RQ 28.5f     4633231111 8 3 1 3   174.0  174.0
 81 1899.965554 8.254E-47 3.210E-03.04960.05911461.56740.60-.001920       X3/2   7       X1/2   6                 SR 19.5e     3653231111 8 3 1 3   126.0  120.0
 81 1900.070578 2.028E-20 5.852E+00.05670.062   80.21880.69-.000800       X1/2   1       X1/2   0            7.5   R  6.5e  6.5455443 4 4 8 3 1 3    16.0   14.0
 81 1900.070593 2.322E-20 5.955E+00.05670.062   80.21880.69-.000800       X1/2   1       X1/2   0            8.5   R  6.5e  7.5455443 4 4 8 3 1 3    18.0   16.0
 81 1900.070596 1.770E-20 5.837E+00.05670.062   80.21880.69-.000800       X1/2   1       X1/2   0            6.5   R  6.5e  5.5455443 4 4 8 3 1 3    14.0   12.0
 81 1900.072052 3.670E-22 1.210E-01.05670.062   80.21880.69-.000800       X1/2   1       X1/2   0            6.5   R  6.5e  6.5455443 4 4 8 3 1 3    14.0   14.0
 81 1900.072147 3.670E-22 1.059E-01.05670.062   80.21880.69-.000800       X1/2   1       X1/2   0            7.5   R  6.5e  7.5455443 4 4 8 3 1 3    16.0   16.0
 81 1900.073620 1.638E-24 5.401E-04.05670.062   80.21880.69-.000800       X1/2   1       X1/2   0            6.5   R  6.5e  7.5455443 4 4 8 3 1 3    14.0   16.0
 81 1900.077163 1.638E-24 5.404E-04.05670.062   80.30030.69-.000800       X1/2   1       X1/2   0            6.5   R  6.5f  7.5455443 4 4 8 3 1 3    14.0   16.0
 81 1900.079250 3.669E-22 1.059E-01.05670.062   80.30030.69-.000800       X1/2   1       X1/2   0            7.5   R  6.5f  7.5455443 4 4 8 3 1 3    16.0   16.0
 81 1900.079550 3.669E-22 1.210E-01.05670.062   80.30030.69-.000800       X1/2   1       X1/2   0            6.5   R  6.5f  6.5455443 4 4 8 3 1 3    14.0   14.0
 81 1900.081594 2.322E-20 5.958E+00.05670.062   80.30030.69-.000800       X1/2   1       X1/2   0            8.5   R  6.5f  7.5455443 4 4 8 3 1 3    18.0   16.0
 81 1900.081628 1.769E-20 5.836E+00.05670.062   80.30030.69-.000800       X1/2   1       X1/2   0            6.5   R  6.5f  5.5455443 4 4 8 3 1 3    14.0   12.0
 81 1900.081636 2.027E-20 5.851E+00.05670.062   80.30030.69-.000800       X1/2   1       X1/2   0            7.5   R  6.5f  6.5455443 4 4 8 3 1 3    16.0   14.0
 81 1900.130288 6.884E-72 2.420E+01.01760.02125524.67510.70-.001200       X3/2   4       X3/2   3                 RR111.5e     0222231211 8 3 1 3   678.0  672.0
 81 1900.141475 6.838E-72 2.420E+01.01760.02125526.05220.70-.001200       X3/2   4       X3/2   3                 RR111.5f     0222231211 8 3 1 3   678.0  672.0
 81 1900.155124 7.667E-72 2.420E+01.01780.03725504.30980.60-.002220       X1/2   4       X1/2   3                 RR112.5f     0222231211 8 3 1 3   684.0  678.0
 81 1900.156115 7.663E-72 2.420E+01.01780.03725504.43110.60-.002220       X1/2   4       X1/2   3                 RR112.5e     0222231211 8 3 1 3   684.0  678.0
 81 1900.176280 1.841E-40 7.004E-03.04470.056 8681.16270.60-.002220       X3/2   5       X1/2   4                 RQ 28.5e     4633231111 8 3 1 3   174.0  174.0
 81 1900.309418 1.083E-62 6.055E-04.03580.05218798.67280.60-.002220       X3/2  10       X1/2   9                 SR 43.5f     3622231111 8 3 1 3   270.0  264.0
 81 1900.323493 1.461E-24 1.243E+01.05120.060 2352.50810.60-.001400       X1/2   2       X1/2   1           16.5   R 16.5e 15.5455323 3 3 8 3 1 3    34.0   32.0
 81 1900.323504 1.547E-24 1.243E+01.05120.060 2352.50810.60-.001400       X1/2   2       X1/2   1           17.5   R 16.5e 16.5455323 3 3 8 3 1 3    36.0   34.0
 81 1900.323524 1.638E-24 1.247E+01.05120.060 2352.50810.60-.001400       X1/2   2       X1/2   1           18.5   R 16.5e 17.5455323 3 3 8 3 1 3    38.0   36.0
 81 1900.324846 5.068E-27 4.071E-02.05120.060 2352.50810.60-.001400       X1/2   2       X1/2   1           17.5   R 16.5e 17.5455323 3 3 8 3 1 3    36.0   36.0
 81 1900.324923 5.068E-27 4.311E-02.05120.060 2352.50810.60-.001400       X1/2   2       X1/2   1           16.5   R 16.5e 16.5455323 3 3 8 3 1 3    34.0   34.0
 81 1900.326265 4.141E-30 3.522E-05.05120.060 2352.50810.60-.001400       X1/2   2       X1/2   1           16.5   R 16.5e 17.5455323 3 3 8 3 1 3    34.0   36.0
 81 1900.327489 4.137E-30 3.522E-05.05120.060 2352.68840.60-.001400       X1/2   2       X1/2   1           16.5   R 16.5f 17.5455323 3 3 8 3 1 3    34.0   36.0
 81 1900.329667 5.064E-27 4.072E-02.05120.060 2352.68840.60-.001400       X1/2   2       X1/2   1           17.5   R 16.5f 17.5455323 3 3 8 3 1 3    36.0   36.0
 81 1900.329710 5.064E-27 4.311E-02.05120.060 2352.68840.60-.001400       X1/2   2       X1/2   1           16.5   R 16.5f 16.5455323 3 3 8 3 1 3    34.0   34.0
 81 1900.331882 1.460E-24 1.243E+01.05120.060 2352.68840.60-.001400       X1/2   2       X1/2   1           16.5   R 16.5f 15.5455323 3 3 8 3 1 3    34.0   32.0
 81 1900.331882 1.637E-24 1.247E+01.05120.060 2352.68840.60-.001400       X1/2   2       X1/2   1           18.5   R 16.5f 17.5455323 3 3 8 3 1 3    38.0   36.0
 81 1900.331888 1.546E-24 1.243E+01.05120.060 2352.68840.60-.001400       X1/2   2       X1/2   1           17.5   R 16.5f 16.5455323 3 3 8 3 1 3    36.0   34.0
 81 1900.390774 5.179E-29 1.550E-03.04720.058 2908.26860.60-.001280       X3/2   2       X1/2   1                 QP 24.5f     4643231111 8 3 1 3   144.0  150.0
 81 1900.400528 1.079E-62 6.024E-04.03580.05218798.36530.60-.002220       X3/2  10       X1/2   9                 SR 43.5e     3622231111 8 3 1 3   270.0  264.0
 81 1900.516490 8.730E-25 5.213E-04.05920.066  202.29840.67-.001060       X3/2   1       X3/2   0            6.5   R  6.5e  7.5455443 4 4 8 3 1 3    14.0   16.0
 81 1900.516783 1.956E-22 1.022E-01.05920.066  202.29840.67-.001060       X3/2   1       X3/2   0            7.5   R  6.5e  7.5455443 4 4 8 3 1 3    16.0   16.0
 81 1900.516903 1.956E-22 1.168E-01.05920.066  202.29840.67-.001060       X3/2   1       X3/2   0            6.5   R  6.5e  6.5455443 4 4 8 3 1 3    14.0   14.0
 81 1900.517093 1.238E-20 5.750E+00.05920.066  202.29840.67-.001060       X3/2   1       X3/2   0            8.5   R  6.5e  7.5455443 4 4 8 3 1 3    18.0   16.0
 81 1900.517185 8.730E-25 5.213E-04.05920.066  202.30010.67-.001060       X3/2   1       X3/2   0            6.5   R  6.5f  7.5455443 4 4 8 3 1 3    14.0   16.0
 81 1900.517196 1.080E-20 5.643E+00.05920.066  202.29840.67-.001060       X3/2   1       X3/2   0            7.5   R  6.5e  6.5455443 4 4 8 3 1 3    16.0   14.0
 81 1900.517276 9.429E-21 5.631E+00.05920.066  202.29840.67-.001060       X3/2   1       X3/2   0            6.5   R  6.5e  5.5455443 4 4 8 3 1 3    14.0   12.0
 81 1900.517453 1.956E-22 1.022E-01.05920.066  202.30010.67-.001060       X3/2   1       X3/2   0            7.5   R  6.5f  7.5455443 4 4 8 3 1 3    16.0   16.0
 81 1900.517688 1.956E-22 1.168E-01.05920.066  202.30010.67-.001060       X3/2   1       X3/2   0            6.5   R  6.5f  6.5455443 4 4 8 3 1 3    14.0   14.0
 81 1900.517870 1.238E-20 5.750E+00.05920.066  202.30010.67-.001060       X3/2   1       X3/2   0            8.5   R  6.5f  7.5455443 4 4 8 3 1 3    18.0   16.0
 81 1900.517956 1.080E-20 5.643E+00.05920.066  202.30010.67-.001060       X3/2   1       X3/2   0            7.5   R  6.5f  6.5455443 4 4 8 3 1 3    16.0   14.0
 81 1900.518033 9.429E-21 5.631E+00.05920.066  202.30010.67-.001060       X3/2   1       X3/2   0            6.5   R  6.5f  5.5455443 4 4 8 3 1 3    14.0   12.0
 81 1900.573847 5.168E-29 1.545E-03.04720.058 2908.03230.60-.001280       X3/2   2       X1/2   1                 QP 24.5e     4643231111 8 3 1 3   144.0  150.0
 81 1900.770170 1.177E-40 6.860E-03.04410.056 8775.76410.60-.002220       X3/2   5       X1/2   4                 RQ 29.5f     4633231111 8 3 1 3   180.0  180.0
 81 1900.790028 1.825E-29 1.836E+01.04410.056 5098.33980.60-.002220       X1/2   3       X1/2   2                 RR 28.5e     4633231111 8 3 1 3   180.0  174.0
 81 1900.795396 1.823E-29 1.836E+01.04410.056 5098.59680.60-.002220       X1/2   3       X1/2   2                 RR 28.5f     4633231111 8 3 1 3   180.0  174.0
 81 1900.814441 4.261E-37 2.440E+01.03520.042 8855.56250.70-.001200       X3/2   4       X3/2   3                 RR 43.5e     4622231111 8 3 1 3   270.0  264.0
 81 1900.822694 4.256E-37 2.440E+01.03520.042 8855.79370.70-.001200       X3/2   4       X3/2   3                 RR 43.5f     4622231111 8 3 1 3   270.0  264.0
 81 1900.996851 1.116E-74 1.174E-03.01890.03824789.40030.60-.002220       X3/2   5       X1/2   4                 RQ105.5e     0222231211 8 3 1 3   636.0  636.0
 81 1901.117204 1.993E-38 6.399E-03.05870.063 7374.49620.70-.000440       X3/2   5       X1/2   4                 SR  4.5f     4654431111 8 3 1 3    36.0   30.0
 81 1901.123024 1.173E-40 6.831E-03.04410.056 8775.50050.60-.002220       X3/2   5       X1/2   4                 RQ 29.5e     4633231111 8 3 1 3   180.0  180.0
 81 1901.174773 1.991E-38 6.391E-03.05870.063 7374.43770.70-.000440       X3/2   5       X1/2   4                 SR  4.5e     4654431111 8 3 1 3    36.0   30.0
 81 1901.275062 5.270E-74 1.206E-03.01900.03824473.52760.60-.002220       X3/2   5       X1/2   4                 RQ104.5f     0222231211 8 3 1 3   630.0  630.0
 81 1901.319188 8.552E-25 1.241E+01.05280.062 2485.01210.70-.001180       X3/2   2       X3/2   1           18.5   R 16.5e 17.5455323 3 3 8 3 1 3    38.0   36.0
 81 1901.319223 8.076E-25 1.237E+01.05280.062 2485.01210.70-.001180       X3/2   2       X3/2   1           17.5   R 16.5e 16.5455323 3 3 8 3 1 3    36.0   34.0
 81 1901.319252 7.625E-25 1.236E+01.05280.062 2485.01210.70-.001180       X3/2   2       X3/2   1           16.5   R 16.5e 15.5455323 3 3 8 3 1 3    34.0   32.0
 81 1901.319375 2.646E-27 4.290E-02.05280.062 2485.01210.70-.001180       X3/2   2       X3/2   1           16.5   R 16.5e 16.5455323 3 3 8 3 1 3    34.0   34.0
 81 1901.319435 2.646E-27 4.052E-02.05280.062 2485.01210.70-.001180       X3/2   2       X3/2   1           17.5   R 16.5e 17.5455323 3 3 8 3 1 3    36.0   36.0
 81 1901.319586 2.161E-30 3.504E-05.05280.062 2485.01210.70-.001180       X3/2   2       X3/2   1           16.5   R 16.5e 17.5455323 3 3 8 3 1 3    34.0   36.0
 81 1901.322327 2.645E-27 4.051E-02.05280.062 2485.03350.70-.001180       X3/2   2       X3/2   1           17.5   R 16.5f 17.5455323 3 3 8 3 1 3    36.0   36.0
 81 1901.322407 8.551E-25 1.241E+01.05280.062 2485.03350.70-.001180       X3/2   2       X3/2   1           18.5   R 16.5f 17.5455323 3 3 8 3 1 3    38.0   36.0
 81 1901.322421 2.161E-30 3.504E-05.05280.062 2485.03350.70-.001180       X3/2   2       X3/2   1           16.5   R 16.5f 17.5455323 3 3 8 3 1 3    34.0   36.0
 81 1901.322422 8.075E-25 1.237E+01.05280.062 2485.03350.70-.001180       X3/2   2       X3/2   1           17.5   R 16.5f 16.5455323 3 3 8 3 1 3    36.0   34.0
 81 1901.322440 7.625E-25 1.236E+01.05280.062 2485.03350.70-.001180       X3/2   2       X3/2   1           16.5   R 16.5f 15.5455323 3 3 8 3 1 3    34.0   32.0
 81 1901.322516 2.645E-27 4.289E-02.05280.062 2485.03350.70-.001180       X3/2   2       X3/2   1           16.5   R 16.5f 16.5455323 3 3 8 3 1 3    34.0   34.0
 81 1901.324137 5.374E-37 2.444E+01.03530.051 8812.54730.60-.002220       X1/2   4       X1/2   3                 RR 44.5e     4622231111 8 3 1 3   276.0  270.0
 81 1901.326885 5.367E-37 2.444E+01.03530.051 8812.83680.60-.002220       X1/2   4       X1/2   3                 RR 44.5f     4622231111 8 3 1 3   276.0  270.0
 81 1901.493648 1.847E-28 5.171E-04.04000.054 2283.61510.60-.001280       X3/2   1       X1/2   0           36.5   P 36.5f 37.5453223 4 4 8 3 1 3    74.0   76.0
 81 1901.495755 1.797E-28 5.170E-04.04000.054 2283.61510.60-.001280       X3/2   1       X1/2   0           35.5   P 36.5f 36.5453223 4 4 8 3 1 3    72.0   74.0
 81 1901.495764 1.350E-31 3.779E-07.04000.054 2283.61510.60-.001280       X3/2   1       X1/2   0           36.5   P 36.5f 36.5453223 4 4 8 3 1 3    74.0   74.0
 81 1901.497974 1.350E-31 3.884E-07.04000.054 2283.61510.60-.001280       X3/2   1       X1/2   0           35.5   P 36.5f 35.5453223 4 4 8 3 1 3    72.0   72.0
 81 1901.498213 1.748E-28 5.173E-04.04000.054 2283.61510.60-.001280       X3/2   1       X1/2   0           34.5   P 36.5f 35.5453223 4 4 8 3 1 3    70.0   72.0
 81 1901.559740 9.918E-52 1.966E-03.04470.05613757.54800.60-.002220       X3/2   8       X1/2   7                 SR 27.5f     3633231111 8 3 1 3   174.0  168.0
 81 1901.622534 1.352E-31 3.885E-07.04000.054 2283.33760.60-.001280       X3/2   1       X1/2   0           35.5   P 36.5e 35.5453223 4 4 8 3 1 3    72.0   72.0
 81 1901.622930 1.352E-31 3.780E-07.04000.054 2283.33760.60-.001280       X3/2   1       X1/2   0           36.5   P 36.5e 36.5453223 4 4 8 3 1 3    74.0   74.0
 81 1901.623104 1.751E-28 5.176E-04.04000.054 2283.33760.60-.001280       X3/2   1       X1/2   0           34.5   P 36.5e 35.5453223 4 4 8 3 1 3    70.0   72.0
 81 1901.623676 1.799E-28 5.170E-04.04000.054 2283.33760.60-.001280       X3/2   1       X1/2   0           35.5   P 36.5e 36.5453223 4 4 8 3 1 3    72.0   74.0
 81 1901.623844 1.849E-28 5.170E-04.04000.054 2283.33760.60-.001280       X3/2   1       X1/2   0           36.5   P 36.5e 37.5453223 4 4 8 3 1 3    74.0   76.0
 81 1901.665524 2.117E-69 2.528E-04.03150.04921838.06310.60-.002220       X3/2  11       X1/2  10                 SR 53.5e     2622231111 8 3 1 3   330.0  324.0
 81 1901.693537 2.128E-69 2.545E-04.03150.04921838.36980.60-.002220       X3/2  11       X1/2  10                 SR 53.5f     2622231111 8 3 1 3   330.0  324.0
 81 1901.706772 7.370E-41 6.684E-03.04350.056 8873.27870.60-.002220       X3/2   5       X1/2   4                 RQ 30.5f     4633231111 8 3 1 3   186.0  186.0
 81 1901.739703 9.892E-52 1.959E-03.04470.05613757.29060.60-.002220       X3/2   8       X1/2   7                 SR 27.5e     3633231111 8 3 1 3   174.0  168.0
 81 1901.807029 3.515E-71 2.428E+01.01770.02225187.72960.70-.001200       X3/2   4       X3/2   3                 RR110.5e     0222231211 8 3 1 3   672.0  666.0
 81 1901.811312 2.059E-42 4.546E-03.05320.061 9366.47480.72-.001150       X3/2   6       X1/2   5                 SR 12.5f     3654431111 8 3 1 3    84.0   78.0
 81 1901.818195 3.492E-71 2.429E+01.01770.02225189.10430.70-.001200       X3/2   4       X3/2   3                 RR110.5f     0222231211 8 3 1 3   672.0  666.0
 81 1901.833666 3.918E-71 2.428E+01.01790.03725167.22720.60-.002220       X1/2   4       X1/2   3                 RR111.5f     0222231211 8 3 1 3   678.0  672.0
 81 1901.834624 3.916E-71 2.429E+01.01790.03725167.35130.60-.002220       X1/2   4       X1/2   3                 RR111.5e     0222231211 8 3 1 3   678.0  672.0
 81 1901.908909 2.589E-31 3.119E-03.05370.061 3999.25160.67-.001710       X3/2   3       X1/2   2                 QP 12.5f     4654431111 8 3 1 3    72.0   78.0
 81 1901.933621 5.844E-80 1.833E+01.01590.03429317.73970.60-.002220       X1/2   3       X1/2   2                 RR127.5f     0222231211 8 3 1 3   774.0  768.0
 81 1901.933624 5.301E-80 1.833E+01.01580.01929336.23140.70-.001200       X3/2   3       X3/2   2                 RR126.5e     0222231211 8 3 1 3   768.0  762.0
 81 1901.935599 5.842E-80 1.833E+01.01590.03429317.83560.60-.002220       X1/2   3       X1/2   2                 RR127.5e     0222231211 8 3 1 3   774.0  768.0
 81 1901.944310 2.055E-42 4.535E-03.05320.061 9366.33070.72-.001150       X3/2   6       X1/2   5                 SR 12.5e     3654431111 8 3 1 3    84.0   78.0
 81 1901.945631 5.264E-80 1.833E+01.01580.01929337.66230.70-.001200       X3/2   3       X3/2   2                 RR126.5f     0222231211 8 3 1 3   768.0  762.0
 81 1902.003063 8.661E-30 1.837E+01.04400.052 5251.52740.70-.001200       X3/2   3       X3/2   2                 RR 28.5e     4633231111 8 3 1 3   180.0  174.0
 81 1902.009065 8.658E-30 1.837E+01.04400.052 5251.61390.70-.001200       X3/2   3       X3/2   2                 RR 28.5f     4633231111 8 3 1 3   180.0  174.0
 81 1902.045452 2.585E-31 3.112E-03.05370.061 3999.10750.67-.001710       X3/2   3       X1/2   2                 QP 12.5e     4654431111 8 3 1 3    72.0   78.0
 81 1902.071330 7.345E-41 6.656E-03.04350.056 8873.01100.60-.002220       X3/2   5       X1/2   4                 RQ 30.5e     4633231111 8 3 1 3   186.0  186.0
 81 1902.077402 4.892E-57 1.122E-03.04000.05416206.12470.60-.002220       X3/2   9       X1/2   8                 SR 35.5f     3632231111 8 3 1 3   222.0  216.0
 81 1902.148300 7.776E-87 1.233E+01.01470.03332511.61330.60-.002220       X1/2   2       X1/2   1                 RR139.5f     0222231211 8 3 1 3   846.0  840.0
 81 1902.151367 7.773E-87 1.233E+01.01470.03332511.69270.60-.002220       X1/2   2       X1/2   1                 RR139.5e     0222231211 8 3 1 3   846.0  840.0
 81 1902.163049 7.098E-87 1.233E+01.01460.01832528.92270.70-.001200       X3/2   2       X3/2   1                 RR138.5e     0222231211 8 3 1 3   840.0  834.0
 81 1902.176016 7.048E-87 1.233E+01.01460.01832530.39950.70-.001200       X3/2   2       X3/2   1                 RR138.5f     0222231211 8 3 1 3   840.0  834.0
 81 1902.229240 4.876E-57 1.117E-03.04000.05416205.83400.60-.002220       X3/2   9       X1/2   8                 SR 35.5e     3632231111 8 3 1 3   222.0  216.0
 81 1902.340994 2.150E-37 2.447E+01.03470.042 9001.08270.70-.001200       X3/2   4       X3/2   3                 RR 44.5e     4622231111 8 3 1 3   276.0  270.0
 81 1902.349361 2.147E-37 2.447E+01.03470.042 9001.32610.70-.001200       X3/2   4       X3/2   3                 RR 44.5f     4622231111 8 3 1 3   276.0  270.0
 81 1902.503954 5.227E-74 1.198E-03.01900.03824473.65570.60-.002220       X3/2   5       X1/2   4                 RQ104.5e     0222231211 8 3 1 3   630.0  630.0
 81 1902.643154 4.540E-41 6.514E-03.04290.056 8973.96270.60-.002220       X3/2   5       X1/2   4                 RQ 31.5f     4633231111 8 3 1 3   192.0  192.0
 81 1902.650582 7.828E-93 6.226E+00.01390.03235225.93910.60-.002220       X1/2   1       X1/2   0                 RR149.5f     0222231211 8 3 1 3   906.0  900.0
 81 1902.654838 7.825E-93 6.226E+00.01390.03235226.00770.60-.002220       X1/2   1       X1/2   0                 RR149.5e     0222231211 8 3 1 3   906.0  900.0
 81 1902.675309 7.178E-93 6.227E+00.01380.01735242.43050.70-.001200       X3/2   1       X3/2   0                 RR148.5e     0222231211 8 3 1 3   900.0  894.0
 81 1902.689360 7.125E-93 6.227E+00.01380.01735243.94810.70-.001200       X3/2   1       X3/2   0                 RR148.5f     0222231211 8 3 1 3   900.0  894.0
 81 1902.696551 7.637E-29 1.613E-03.04780.058 2827.28180.60-.001280       X3/2   2       X1/2   1                 QP 23.5f     4643231111 8 3 1 3   138.0  144.0
 81 1902.744174 2.437E-73 1.230E-03.01920.03824160.30000.60-.002220       X3/2   5       X1/2   4                 RQ103.5f     0222231211 8 3 1 3   624.0  624.0
 81 1902.769681 1.401E-35 1.969E-03.06370.069 5557.00840.78-.001890       X3/2   4       X1/2   3                 QP  2.5f     4654431111 8 3 1 3    12.0   18.0
 81 1902.805022 1.401E-35 1.969E-03.06370.069 5556.97300.78-.001890       X3/2   4       X1/2   3                 QP  2.5e     4654431111 8 3 1 3    12.0   18.0
 81 1902.829885 2.701E-37 2.451E+01.03490.051 8958.77730.60-.002220       X1/2   4       X1/2   3                 RR 45.5e     4622231111 8 3 1 3   282.0  276.0
 81 1902.832509 2.697E-37 2.451E+01.03490.051 8959.06630.60-.002220       X1/2   4       X1/2   3                 RR 45.5f     4622231111 8 3 1 3   282.0  276.0
 81 1902.879481 7.621E-29 1.608E-03.04780.058 2827.05130.60-.001280       X3/2   2       X1/2   1                 QP 23.5e     4643231111 8 3 1 3   138.0  144.0
 81 1902.972580 1.183E-29 1.844E+01.04350.056 5194.73110.60-.002220       X1/2   3       X1/2   2                 RR 29.5e     4633231111 8 3 1 3   186.0  180.0
 81 1902.977727 1.181E-29 1.843E+01.04350.056 5194.99240.60-.002220       X1/2   3       X1/2   2                 RR 29.5f     4633231111 8 3 1 3   186.0  180.0
 81 1902.988400 1.172E-24 1.251E+01.05070.060 2410.39720.60-.001590       X1/2   2       X1/2   1           17.5   R 17.5e 16.5455323 3 3 8 3 1 3    36.0   34.0
 81 1902.988410 1.237E-24 1.251E+01.05070.060 2410.39720.60-.001590       X1/2   2       X1/2   1           18.5   R 17.5e 17.5455323 3 3 8 3 1 3    38.0   36.0
 81 1902.988431 1.306E-24 1.255E+01.05070.060 2410.39720.60-.001590       X1/2   2       X1/2   1           19.5   R 17.5e 18.5455323 3 3 8 3 1 3    40.0   38.0
 81 1902.989728 3.625E-27 3.666E-02.05070.060 2410.39720.60-.001590       X1/2   2       X1/2   1           18.5   R 17.5e 18.5455323 3 3 8 3 1 3    38.0   38.0
 81 1902.989816 3.625E-27 3.869E-02.05070.060 2410.39720.60-.001590       X1/2   2       X1/2   1           17.5   R 17.5e 17.5455323 3 3 8 3 1 3    36.0   36.0
 81 1902.991133 2.650E-30 2.829E-05.05070.060 2410.39720.60-.001590       X1/2   2       X1/2   1           17.5   R 17.5e 18.5455323 3 3 8 3 1 3    36.0   38.0
 81 1902.992109 2.648E-30 2.829E-05.05070.060 2410.58570.60-.001590       X1/2   2       X1/2   1           17.5   R 17.5f 18.5455323 3 3 8 3 1 3    36.0   38.0
 81 1902.994293 3.622E-27 3.666E-02.05070.060 2410.58570.60-.001590       X1/2   2       X1/2   1           18.5   R 17.5f 18.5455323 3 3 8 3 1 3    38.0   38.0
 81 1902.994323 3.622E-27 3.870E-02.05070.060 2410.58570.60-.001590       X1/2   2       X1/2   1           17.5   R 17.5f 17.5455323 3 3 8 3 1 3    36.0   36.0
 81 1902.996502 1.171E-24 1.251E+01.05070.060 2410.58570.60-.001590       X1/2   2       X1/2   1           17.5   R 17.5f 16.5455323 3 3 8 3 1 3    36.0   34.0
 81 1902.996502 1.305E-24 1.255E+01.05070.060 2410.58570.60-.001590       X1/2   2       X1/2   1           19.5   R 17.5f 18.5455323 3 3 8 3 1 3    40.0   38.0
 81 1902.996508 1.236E-24 1.251E+01.05070.060 2410.58570.60-.001590       X1/2   2       X1/2   1           18.5   R 17.5f 17.5455323 3 3 8 3 1 3    38.0   36.0
 81 1903.019414 4.524E-41 6.485E-03.04290.056 8973.69130.60-.002220       X3/2   5       X1/2   4                 RQ 31.5e     4633231111 8 3 1 3   192.0  192.0
 81 1903.122802 2.048E-20 5.953E+00.05600.062  105.29200.73-.001460       X1/2   1       X1/2   0            8.5   R  7.5e  7.5455443 4 4 8 3 1 3    18.0   16.0
 81 1903.122811 1.817E-20 5.941E+00.05600.062  105.29200.73-.001460       X1/2   1       X1/2   0            7.5   R  7.5e  6.5455443 4 4 8 3 1 3    16.0   14.0
 81 1903.122819 2.308E-20 6.037E+00.05600.062  105.29200.73-.001460       X1/2   1       X1/2   0            9.5   R  7.5e  8.5455443 4 4 8 3 1 3    20.0   18.0
 81 1903.124284 2.875E-22 9.401E-02.05600.062  105.29200.73-.001460       X1/2   1       X1/2   0            7.5   R  7.5e  7.5455443 4 4 8 3 1 3    16.0   16.0
 81 1903.124353 2.875E-22 8.356E-02.05600.062  105.29200.73-.001460       X1/2   1       X1/2   0            8.5   R  7.5e  8.5455443 4 4 8 3 1 3    18.0   18.0
 81 1903.125836 9.981E-25 3.264E-04.05600.062  105.29200.73-.001460       X1/2   1       X1/2   0            7.5   R  7.5e  8.5455443 4 4 8 3 1 3    16.0   18.0
 81 1903.129187 9.977E-25 3.264E-04.05600.062  105.38460.73-.001460       X1/2   1       X1/2   0            7.5   R  7.5f  8.5455443 4 4 8 3 1 3    16.0   18.0
 81 1903.131283 2.873E-22 8.354E-02.05600.062  105.38460.73-.001460       X1/2   1       X1/2   0            8.5   R  7.5f  8.5455443 4 4 8 3 1 3    18.0   18.0
 81 1903.131533 2.873E-22 9.399E-02.05600.062  105.38460.73-.001460       X1/2   1       X1/2   0            7.5   R  7.5f  7.5455443 4 4 8 3 1 3    16.0   16.0
 81 1903.133598 2.307E-20 6.038E+00.05600.062  105.38460.73-.001460       X1/2   1       X1/2   0            9.5   R  7.5f  8.5455443 4 4 8 3 1 3    20.0   18.0
 81 1903.133620 1.816E-20 5.941E+00.05600.062  105.38460.73-.001460       X1/2   1       X1/2   0            7.5   R  7.5f  6.5455443 4 4 8 3 1 3    16.0   14.0
 81 1903.133630 2.047E-20 5.952E+00.05600.062  105.38460.73-.001460       X1/2   1       X1/2   0            8.5   R  7.5f  7.5455443 4 4 8 3 1 3    18.0   16.0
 81 1903.429695 1.773E-70 2.436E+01.01790.02224853.24440.70-.001200       X3/2   4       X3/2   3                 RR109.5e     0222231211 8 3 1 3   666.0  660.0
 81 1903.440841 1.761E-70 2.436E+01.01790.02224854.61660.70-.001200       X3/2   4       X3/2   3                 RR109.5f     0222231211 8 3 1 3   666.0  660.0
 81 1903.458185 1.978E-70 2.436E+01.01800.03724832.60220.60-.002220       X1/2   4       X1/2   3                 RR110.5f     0222231211 8 3 1 3   672.0  666.0
 81 1903.459110 1.977E-70 2.436E+01.01800.03724832.72910.60-.002220       X1/2   4       X1/2   3                 RR110.5e     0222231211 8 3 1 3   672.0  666.0
 81 1903.577586 2.751E-41 6.347E-03.04230.055 9077.81270.60-.002220       X3/2   5       X1/2   4                 RQ 32.5f     4633231111 8 3 1 3   198.0  198.0
 81 1903.642956 5.344E-25 3.176E-04.05850.066  228.08390.73-.001130       X3/2   1       X3/2   0            7.5   R  7.5e  8.5455443 4 4 8 3 1 3    16.0   18.0
 81 1903.643182 1.539E-22 8.129E-02.05850.066  228.08390.73-.001130       X3/2   1       X3/2   0            8.5   R  7.5e  8.5455443 4 4 8 3 1 3    18.0   18.0
 81 1903.643264 1.539E-22 9.146E-02.05850.066  228.08390.73-.001130       X3/2   1       X3/2   0            7.5   R  7.5e  7.5455443 4 4 8 3 1 3    16.0   16.0
 81 1903.643404 1.235E-20 5.871E+00.05850.066  228.08390.73-.001130       X3/2   1       X3/2   0            9.5   R  7.5e  8.5455443 4 4 8 3 1 3    20.0   18.0
 81 1903.643490 1.097E-20 5.795E+00.05850.066  228.08390.73-.001130       X3/2   1       X3/2   0            8.5   R  7.5e  7.5455443 4 4 8 3 1 3    18.0   16.0
 81 1903.643556 9.729E-21 5.782E+00.05850.066  228.08390.73-.001130       X3/2   1       X3/2   0            7.5   R  7.5e  6.5455443 4 4 8 3 1 3    16.0   14.0
 81 1903.643829 5.344E-25 3.176E-04.05850.066  228.08640.73-.001130       X3/2   1       X3/2   0            7.5   R  7.5f  8.5455443 4 4 8 3 1 3    16.0   18.0
 81 1903.644033 1.539E-22 8.130E-02.05850.066  228.08640.73-.001130       X3/2   1       X3/2   0            8.5   R  7.5f  8.5455443 4 4 8 3 1 3    18.0   18.0
 81 1903.644245 1.539E-22 9.146E-02.05850.066  228.08640.73-.001130       X3/2   1       X3/2   0            7.5   R  7.5f  7.5455443 4 4 8 3 1 3    16.0   16.0
 81 1903.644381 1.235E-20 5.871E+00.05850.066  228.08640.73-.001130       X3/2   1       X3/2   0            9.5   R  7.5f  8.5455443 4 4 8 3 1 3    20.0   18.0
 81 1903.644449 1.097E-20 5.795E+00.05850.066  228.08640.73-.001130       X3/2   1       X3/2   0            8.5   R  7.5f  7.5455443 4 4 8 3 1 3    18.0   16.0
 81 1903.644512 9.729E-21 5.782E+00.05850.066  228.08640.73-.001130       X3/2   1       X3/2   0            7.5   R  7.5f  6.5455443 4 4 8 3 1 3    16.0   14.0
 81 1903.705149 3.381E-28 5.400E-04.04060.054 2162.05040.60-.001280       X3/2   1       X1/2   0           35.5   P 35.5f 36.5453223 4 4 8 3 1 3    72.0   74.0
 81 1903.707261 3.287E-28 5.400E-04.04060.054 2162.05040.60-.001280       X3/2   1       X1/2   0           34.5   P 35.5f 35.5453223 4 4 8 3 1 3    70.0   72.0
 81 1903.707269 2.610E-31 4.169E-07.04060.054 2162.05040.60-.001280       X3/2   1       X1/2   0           35.5   P 35.5f 35.5453223 4 4 8 3 1 3    72.0   72.0
 81 1903.709481 2.610E-31 4.288E-07.04060.054 2162.05040.60-.001280       X3/2   1       X1/2   0           34.5   P 35.5f 34.5453223 4 4 8 3 1 3    70.0   70.0
 81 1903.709718 3.195E-28 5.403E-04.04060.054 2162.05040.60-.001280       X3/2   1       X1/2   0           33.5   P 35.5f 34.5453223 4 4 8 3 1 3    68.0   70.0
 81 1903.711972 5.912E-47 3.014E-03.04900.05911526.01890.60-.002220       X3/2   7       X1/2   6                 SR 20.5f     3653231111 8 3 1 3   132.0  126.0
 81 1903.807662 5.290E-63 5.561E-04.03530.05118932.31780.60-.002220       X3/2  10       X1/2   9                 SR 44.5f     3622231111 8 3 1 3   276.0  270.0
 81 1903.825108 1.068E-37 2.455E+01.03420.041 9149.76340.70-.001200       X3/2   4       X3/2   3                 RR 45.5e     4622231111 8 3 1 3   282.0  276.0
 81 1903.833584 1.066E-37 2.453E+01.03420.041 9150.01920.70-.001200       X3/2   4       X3/2   3                 RR 45.5f     4622231111 8 3 1 3   282.0  276.0
 81 1903.842085 2.614E-31 4.289E-07.04060.054 2161.77460.60-.001280       X3/2   1       X1/2   0           34.5   P 35.5e 34.5453223 4 4 8 3 1 3    70.0   70.0
 81 1903.842513 2.614E-31 4.170E-07.04060.054 2161.77460.60-.001280       X3/2   1       X1/2   0           35.5   P 35.5e 35.5453223 4 4 8 3 1 3    72.0   72.0
 81 1903.842638 3.200E-28 5.405E-04.04060.054 2161.77460.60-.001280       X3/2   1       X1/2   0           33.5   P 35.5e 34.5453223 4 4 8 3 1 3    68.0   70.0
 81 1903.843239 3.291E-28 5.400E-04.04060.054 2161.77460.60-.001280       X3/2   1       X1/2   0           34.5   P 35.5e 35.5453223 4 4 8 3 1 3    70.0   72.0
 81 1903.843444 3.385E-28 5.400E-04.04060.054 2161.77460.60-.001280       X3/2   1       X1/2   0           35.5   P 35.5e 36.5453223 4 4 8 3 1 3    72.0   74.0
 81 1903.886609 5.898E-47 3.004E-03.04900.05911525.80600.60-.002220       X3/2   7       X1/2   6                 SR 20.5e     3653231111 8 3 1 3   132.0  126.0
 81 1903.888190 5.269E-63 5.531E-04.03530.05118932.00960.60-.002220       X3/2  10       X1/2   9                 SR 44.5e     3622231111 8 3 1 3   276.0  270.0
 81 1903.961374 2.418E-73 1.223E-03.01920.03824160.43100.60-.002220       X3/2   5       X1/2   4                 RQ103.5e     0222231211 8 3 1 3   624.0  624.0
 81 1903.965545 2.741E-41 6.318E-03.04230.055 9077.53780.60-.002220       X3/2   5       X1/2   4                 RQ 32.5e     4633231111 8 3 1 3   198.0  198.0
 81 1904.022291 6.774E-25 1.249E+01.05200.061 2544.37890.70-.000740       X3/2   2       X3/2   1           19.5   R 17.5e 18.5455323 3 3 8 3 1 3    40.0   38.0
 81 1904.022324 6.416E-25 1.246E+01.05200.061 2544.37890.70-.000740       X3/2   2       X3/2   1           18.5   R 17.5e 17.5455323 3 3 8 3 1 3    38.0   36.0
 81 1904.022351 6.077E-25 1.245E+01.05200.061 2544.37890.70-.000740       X3/2   2       X3/2   1           17.5   R 17.5e 16.5455323 3 3 8 3 1 3    36.0   34.0
 81 1904.022506 1.880E-27 3.853E-02.05200.061 2544.37890.70-.000740       X3/2   2       X3/2   1           17.5   R 17.5e 17.5455323 3 3 8 3 1 3    36.0   36.0
 81 1904.022575 1.880E-27 3.650E-02.05200.061 2544.37890.70-.000740       X3/2   2       X3/2   1           18.5   R 17.5e 18.5455323 3 3 8 3 1 3    38.0   38.0
 81 1904.022757 1.374E-30 2.816E-05.05200.061 2544.37890.70-.000740       X3/2   2       X3/2   1           17.5   R 17.5e 18.5455323 3 3 8 3 1 3    36.0   38.0
 81 1904.025707 1.880E-27 3.651E-02.05200.061 2544.40400.70-.000740       X3/2   2       X3/2   1           18.5   R 17.5f 18.5455323 3 3 8 3 1 3    38.0   38.0
 81 1904.025775 6.773E-25 1.249E+01.05200.061 2544.40400.70-.000740       X3/2   2       X3/2   1           19.5   R 17.5f 18.5455323 3 3 8 3 1 3    40.0   38.0
 81 1904.025787 6.415E-25 1.246E+01.05200.061 2544.40400.70-.000740       X3/2   2       X3/2   1           18.5   R 17.5f 17.5455323 3 3 8 3 1 3    38.0   36.0
 81 1904.025804 6.077E-25 1.246E+01.05200.061 2544.40400.70-.000740       X3/2   2       X3/2   1           17.5   R 17.5f 16.5455323 3 3 8 3 1 3    36.0   34.0
 81 1904.025819 1.374E-30 2.816E-05.05200.061 2544.40400.70-.000740       X3/2   2       X3/2   1           17.5   R 17.5f 18.5455323 3 3 8 3 1 3    36.0   38.0
 81 1904.025899 1.880E-27 3.853E-02.05200.061 2544.40400.70-.000740       X3/2   2       X3/2   1           17.5   R 17.5f 17.5455323 3 3 8 3 1 3    36.0   36.0
 81 1904.163897 1.114E-72 1.256E-03.01940.03823849.60620.60-.002220       X3/2   5       X1/2   4                 RQ102.5f     0222231211 8 3 1 3   618.0  618.0
 81 1904.189608 5.558E-30 1.845E+01.04340.051 5349.98880.70-.001200       X3/2   3       X3/2   2                 RR 29.5e     4633231111 8 3 1 3   186.0  180.0
 81 1904.195815 5.555E-30 1.845E+01.04340.051 5350.08300.70-.001200       X3/2   3       X3/2   2                 RR 29.5f     4633231111 8 3 1 3   186.0  180.0
 81 1904.294128 1.336E-37 2.458E+01.03440.051 9108.14610.60-.002220       X1/2   4       X1/2   3                 RR 46.5e     4622231111 8 3 1 3   288.0  282.0
 81 1904.296633 1.334E-37 2.457E+01.03440.051 9108.43420.60-.002220       X1/2   4       X1/2   3                 RR 46.5f     4622231111 8 3 1 3   288.0  282.0
 81 1904.390095 3.289E-79 1.842E+01.01590.01928959.58840.70-.001200       X3/2   3       X3/2   2                 RR125.5e     0222231211 8 3 1 3   762.0  756.0
 81 1904.391301 3.628E-79 1.842E+01.01610.03528940.99470.60-.002220       X1/2   3       X1/2   2                 RR126.5f     0222231211 8 3 1 3   768.0  762.0
 81 1904.393234 3.626E-79 1.842E+01.01610.03528941.09320.60-.002220       X1/2   3       X1/2   2                 RR126.5e     0222231211 8 3 1 3   768.0  762.0
 81 1904.402069 3.266E-79 1.842E+01.01590.01928961.01690.70-.001200       X3/2   3       X3/2   2                 RR125.5f     0222231211 8 3 1 3   762.0  756.0
 81 1904.508395 1.640E-41 6.184E-03.04170.055 9184.82530.60-.002220       X3/2   5       X1/2   4                 RQ 33.5f     4632231111 8 3 1 3   204.0  204.0
 81 1904.587711 2.920E-31 3.154E-03.05420.061 3958.31240.70-.001620       X3/2   3       X1/2   2                 QP 11.5f     4654431111 8 3 1 3    66.0   72.0
 81 1904.652846 1.995E-38 6.004E-03.05760.063 7392.13740.64-.000530       X3/2   5       X1/2   4                 SR  5.5f     4654431111 8 3 1 3    42.0   36.0
 81 1904.716129 2.916E-31 3.148E-03.05420.061 3958.17810.70-.001620       X3/2   3       X1/2   2                 QP 11.5e     4654431111 8 3 1 3    66.0   72.0
 81 1904.721265 1.994E-38 6.000E-03.05760.063 7392.06750.64-.000530       X3/2   5       X1/2   4                 SR  5.5e     4654431111 8 3 1 3    42.0   36.0
 81 1904.736992 8.931E-70 2.295E-04.03110.04921998.74230.60-.002220       X3/2  11       X1/2  10                 SR 54.5e     2622231111 8 3 1 3   336.0  330.0
 81 1904.780392 8.981E-70 2.311E-04.03110.04921999.04730.60-.002220       X3/2  11       X1/2  10                 SR 54.5f     2622231111 8 3 1 3   336.0  330.0
 81 1904.908052 1.634E-41 6.156E-03.04170.055 9184.54720.60-.002220       X3/2   5       X1/2   4                 RQ 33.5e     4632231111 8 3 1 3   204.0  204.0
 81 1904.998505 8.837E-70 2.443E+01.01800.02224521.23430.70-.001200       X3/2   4       X3/2   3                 RR108.5e     0222231211 8 3 1 3   660.0  654.0
 81 1905.009630 8.779E-70 2.444E+01.01800.02224522.60410.70-.001200       X3/2   4       X3/2   3                 RR108.5f     0222231211 8 3 1 3   660.0  654.0
 81 1905.022367 1.105E-28 1.676E-03.04840.058 2749.58850.60-.001280       X3/2   2       X1/2   1                 QP 22.5f     4643231111 8 3 1 3   132.0  138.0
 81 1905.028901 9.866E-70 2.444E+01.01820.03724500.44960.60-.002220       X1/2   4       X1/2   3                 RR109.5f     0222231211 8 3 1 3   666.0  660.0
 81 1905.029793 9.860E-70 2.444E+01.01820.03724500.57920.60-.002220       X1/2   4       X1/2   3                 RR109.5e     0222231211 8 3 1 3   666.0  660.0
 81 1905.116708 7.538E-30 1.852E+01.04290.056 5294.36590.60-.002220       X1/2   3       X1/2   2                 RR 30.5e     4633231111 8 3 1 3   192.0  186.0
 81 1905.121642 7.529E-30 1.852E+01.04290.056 5294.63110.60-.002220       X1/2   3       X1/2   2                 RR 30.5f     4633231111 8 3 1 3   192.0  186.0
 81 1905.204463 1.103E-28 1.672E-03.04840.058 2749.36410.60-.001280       X3/2   2       X1/2   1                 QP 22.5e     4643231111 8 3 1 3   132.0  138.0
 81 1905.249200 5.614E-86 1.240E+01.01480.03332103.99540.60-.002220       X1/2   2       X1/2   1                 RR138.5f     0222231211 8 3 1 3   840.0  834.0
 81 1905.252208 5.612E-86 1.240E+01.01480.03332104.07740.60-.002220       X1/2   2       X1/2   1                 RR138.5e     0222231211 8 3 1 3   840.0  834.0
 81 1905.263032 5.123E-86 1.240E+01.01470.01832121.38550.70-.001200       X3/2   2       X3/2   1                 RR137.5e     0222231211 8 3 1 3   834.0  828.0
 81 1905.266650 5.218E-38 2.460E+01.03380.040 9301.59800.70-.001200       X3/2   4       X3/2   3                 RR 46.5e     4622231111 8 3 1 3   288.0  282.0
 81 1905.275231 5.211E-38 2.460E+01.03380.040 9301.86650.70-.001200       X3/2   4       X3/2   3                 RR 46.5f     4622231111 8 3 1 3   288.0  282.0
 81 1905.275952 5.087E-86 1.241E+01.01470.01832122.86010.70-.001200       X3/2   2       X3/2   1                 RR137.5f     0222231211 8 3 1 3   834.0  828.0
 81 1905.369407 1.105E-72 1.248E-03.01940.03823849.73990.60-.002220       X3/2   5       X1/2   4                 RQ102.5e     0222231211 8 3 1 3   618.0  618.0
 81 1905.433965 9.619E-42 6.025E-03.04120.055 9294.99670.60-.002220       X3/2   5       X1/2   4                 RQ 34.5f     4632231111 8 3 1 3   210.0  210.0
 81 1905.461272 6.183E-52 1.826E-03.04410.05613845.72090.60-.002220       X3/2   8       X1/2   7                 SR 28.5f     3633231111 8 3 1 3   180.0  174.0
 81 1905.534526 5.025E-72 1.281E-03.01950.03923541.45990.60-.002220       X3/2   5       X1/2   4                 RQ101.5f     0222231211 8 3 1 3   612.0  612.0
 81 1905.617244 9.219E-25 1.259E+01.05010.059 2471.58960.60-.002250       X1/2   2       X1/2   1           18.5   R 18.5e 17.5455323 3 3 8 3 1 3    38.0   36.0
 81 1905.617255 9.706E-25 1.259E+01.05010.059 2471.58960.60-.002250       X1/2   2       X1/2   1           19.5   R 18.5e 18.5455323 3 3 8 3 1 3    40.0   38.0
 81 1905.617275 1.022E-24 1.262E+01.05010.059 2471.58960.60-.002250       X1/2   2       X1/2   1           20.5   R 18.5e 19.5455323 3 3 8 3 1 3    42.0   40.0
 81 1905.618548 2.559E-27 3.319E-02.05010.059 2471.58960.60-.002250       X1/2   2       X1/2   1           19.5   R 18.5e 19.5455323 3 3 8 3 1 3    40.0   40.0
 81 1905.618646 2.559E-27 3.494E-02.05010.059 2471.58960.60-.002250       X1/2   2       X1/2   1           18.5   R 18.5e 18.5455323 3 3 8 3 1 3    38.0   38.0
 81 1905.619939 1.684E-30 2.299E-05.05010.059 2471.58960.60-.002250       X1/2   2       X1/2   1           18.5   R 18.5e 19.5455323 3 3 8 3 1 3    38.0   40.0
 81 1905.620669 1.682E-30 2.299E-05.05010.059 2471.78590.60-.002250       X1/2   2       X1/2   1           18.5   R 18.5f 19.5455323 3 3 8 3 1 3    38.0   40.0
 81 1905.622859 2.557E-27 3.320E-02.05010.059 2471.78590.60-.002250       X1/2   2       X1/2   1           19.5   R 18.5f 19.5455323 3 3 8 3 1 3    40.0   40.0
 81 1905.622878 2.557E-27 3.494E-02.05010.059 2471.78590.60-.002250       X1/2   2       X1/2   1           18.5   R 18.5f 18.5455323 3 3 8 3 1 3    38.0   38.0
 81 1905.623389 1.685E-42 4.293E-03.05280.061 9409.28640.63-.000570       X3/2   6       X1/2   5                 SR 13.5f     3654431111 8 3 1 3    90.0   84.0
 81 1905.625063 1.021E-24 1.262E+01.05010.059 2471.78590.60-.002250       X1/2   2       X1/2   1           20.5   R 18.5f 19.5455323 3 3 8 3 1 3    42.0   40.0
 81 1905.625064 9.210E-25 1.259E+01.05010.059 2471.78590.60-.002250       X1/2   2       X1/2   1           18.5   R 18.5f 17.5455323 3 3 8 3 1 3    38.0   36.0
 81 1905.625068 9.697E-25 1.259E+01.05010.059 2471.78590.60-.002250       X1/2   2       X1/2   1           19.5   R 18.5f 18.5455323 3 3 8 3 1 3    40.0   38.0
 81 1905.639308 6.166E-52 1.819E-03.04410.05613845.45860.60-.002220       X3/2   8       X1/2   7                 SR 28.5e     3633231111 8 3 1 3   180.0  174.0
 81 1905.716687 6.506E-38 2.464E+01.03400.050 9260.64800.60-.002220       X1/2   4       X1/2   3                 RR 47.5e     4622231111 8 3 1 3   294.0  288.0
 81 1905.719076 6.497E-38 2.464E+01.03400.050 9260.93500.60-.002220       X1/2   4       X1/2   3                 RR 47.5f     4622231111 8 3 1 3   294.0  288.0
 81 1905.763591 1.682E-42 4.283E-03.05280.061 9409.13260.63-.000570       X3/2   6       X1/2   5                 SR 13.5e     3654431111 8 3 1 3    90.0   84.0
 81 1905.829875 2.690E-57 1.036E-03.03950.05416317.46150.60-.002220       X3/2   9       X1/2   8                 SR 36.5f     3632231111 8 3 1 3   228.0  222.0
 81 1905.845318 9.583E-42 5.997E-03.04120.055 9294.71580.60-.002220       X3/2   5       X1/2   4                 RQ 34.5e     4632231111 8 3 1 3   210.0  210.0
 81 1905.915363 6.085E-28 5.639E-04.04120.055 2043.77830.60-.001280       X3/2   1       X1/2   0           34.5   P 34.5f 35.5453223 4 4 8 3 1 3    70.0   72.0
 81 1905.917482 5.911E-28 5.639E-04.04120.055 2043.77830.60-.001280       X3/2   1       X1/2   0           33.5   P 34.5f 34.5453223 4 4 8 3 1 3    68.0   70.0
 81 1905.917489 4.971E-31 4.607E-07.04120.055 2043.77830.60-.001280       X3/2   1       X1/2   0           34.5   P 34.5f 34.5453223 4 4 8 3 1 3    70.0   70.0
 81 1905.919702 4.971E-31 4.742E-07.04120.055 2043.77830.60-.001280       X3/2   1       X1/2   0           33.5   P 34.5f 33.5453223 4 4 8 3 1 3    68.0   68.0
 81 1905.919937 5.742E-28 5.644E-04.04120.055 2043.77830.60-.001280       X3/2   1       X1/2   0           32.5   P 34.5f 33.5453223 4 4 8 3 1 3    66.0   68.0
 81 1905.975245 2.681E-57 1.031E-03.03950.05416317.16800.60-.002220       X3/2   9       X1/2   8                 SR 36.5e     3632231111 8 3 1 3   228.0  222.0
 81 1906.059718 4.978E-31 4.743E-07.04120.055 2043.50460.60-.001280       X3/2   1       X1/2   0           33.5   P 34.5e 33.5453223 4 4 8 3 1 3    68.0   68.0
 81 1906.060180 4.978E-31 4.608E-07.04120.055 2043.50460.60-.001280       X3/2   1       X1/2   0           34.5   P 34.5e 34.5453223 4 4 8 3 1 3    70.0   70.0
 81 1906.060253 5.750E-28 5.645E-04.04120.055 2043.50460.60-.001280       X3/2   1       X1/2   0           32.5   P 34.5e 33.5453223 4 4 8 3 1 3    66.0   68.0
 81 1906.060885 5.920E-28 5.641E-04.04120.055 2043.50460.60-.001280       X3/2   1       X1/2   0           33.5   P 34.5e 34.5453223 4 4 8 3 1 3    68.0   70.0
 81 1906.061128 6.094E-28 5.641E-04.04120.055 2043.50460.60-.001280       X3/2   1       X1/2   0           34.5   P 34.5e 35.5453223 4 4 8 3 1 3    70.0   72.0
 81 1906.140438 2.004E-20 6.038E+00.05530.062  133.70880.70-.001690       X1/2   1       X1/2   0            9.5   R  8.5e  8.5455443 4 4 8 3 1 3    20.0   18.0
 81 1906.140441 1.801E-20 6.029E+00.05530.062  133.70880.70-.001690       X1/2   1       X1/2   0            8.5   R  8.5e  7.5455443 4 4 8 3 1 3    18.0   16.0
 81 1906.140456 2.229E-20 6.105E+00.05530.062  133.70880.70-.001690       X1/2   1       X1/2   0           10.5   R  8.5e  9.5455443 4 4 8 3 1 3    22.0   20.0
 81 1906.141924 2.245E-22 7.515E-02.05530.062  133.70880.70-.001690       X1/2   1       X1/2   0            8.5   R  8.5e  8.5455443 4 4 8 3 1 3    18.0   18.0
 81 1906.141970 2.245E-22 6.764E-02.05530.062  133.70880.70-.001690       X1/2   1       X1/2   0            9.5   R  8.5e  9.5455443 4 4 8 3 1 3    20.0   20.0
 81 1906.143456 6.237E-25 2.088E-04.05530.062  133.70880.70-.001690       X1/2   1       X1/2   0            8.5   R  8.5e  9.5455443 4 4 8 3 1 3    18.0   20.0
 81 1906.146599 6.234E-25 2.088E-04.05530.062  133.81220.70-.001690       X1/2   1       X1/2   0            8.5   R  8.5f  9.5455443 4 4 8 3 1 3    18.0   20.0
 81 1906.148707 2.244E-22 6.764E-02.05530.062  133.81220.70-.001690       X1/2   1       X1/2   0            9.5   R  8.5f  9.5455443 4 4 8 3 1 3    20.0   20.0
 81 1906.148917 2.244E-22 7.516E-02.05530.062  133.81220.70-.001690       X1/2   1       X1/2   0            8.5   R  8.5f  8.5455443 4 4 8 3 1 3    18.0   18.0
 81 1906.151000 2.228E-20 6.106E+00.05530.062  133.81220.70-.001690       X1/2   1       X1/2   0           10.5   R  8.5f  9.5455443 4 4 8 3 1 3    22.0   20.0
 81 1906.151014 1.800E-20 6.029E+00.05530.062  133.81220.70-.001690       X1/2   1       X1/2   0            8.5   R  8.5f  7.5455443 4 4 8 3 1 3    18.0   16.0
 81 1906.151024 2.003E-20 6.038E+00.05530.062  133.81220.70-.001690       X1/2   1       X1/2   0            9.5   R  8.5f  8.5455443 4 4 8 3 1 3    20.0   18.0
 81 1906.298339 6.399E-92 6.270E+00.01400.03234792.97750.60-.002220       X1/2   1       X1/2   0                 RR148.5f     0222231211 8 3 1 3   900.0  894.0
 81 1906.302521 6.397E-92 6.270E+00.01400.03234793.04860.60-.002220       X1/2   1       X1/2   0                 RR148.5e     0222231211 8 3 1 3   900.0  894.0
 81 1906.322314 5.866E-92 6.271E+00.01380.01734809.53520.70-.001200       X3/2   1       X3/2   0                 RR147.5e     0222231211 8 3 1 3   894.0  888.0
 81 1906.335553 3.506E-30 1.853E+01.04270.051 5451.73150.70-.001200       X3/2   3       X3/2   2                 RR 30.5e     4633231111 8 3 1 3   192.0  186.0
 81 1906.336303 5.822E-92 6.270E+00.01380.01734811.05060.70-.001200       X3/2   1       X3/2   0                 RR147.5f     0222231211 8 3 1 3   894.0  888.0
 81 1906.341956 3.504E-30 1.853E+01.04270.051 5451.83370.70-.001200       X3/2   3       X3/2   2                 RR 30.5f     4633231111 8 3 1 3   192.0  186.0
 81 1906.352733 5.551E-42 5.870E-03.04060.054 9408.32310.60-.002220       X3/2   5       X1/2   4                 RQ 35.5f     4632231111 8 3 1 3   216.0  216.0
 81 1906.513675 4.351E-69 2.451E+01.01810.02224191.71430.70-.001200       X3/2   4       X3/2   3                 RR107.5e     0222231211 8 3 1 3   654.0  648.0
 81 1906.524780 4.322E-69 2.451E+01.01810.02224193.08160.70-.001200       X3/2   4       X3/2   3                 RR107.5f     0222231211 8 3 1 3   654.0  648.0
 81 1906.546031 4.861E-69 2.451E+01.01830.03724170.78410.60-.002220       X1/2   4       X1/2   3                 RR108.5f     0222231211 8 3 1 3   660.0  654.0
 81 1906.546890 4.858E-69 2.451E+01.01830.03724170.91660.60-.002220       X1/2   4       X1/2   3                 RR108.5e     0222231211 8 3 1 3   660.0  654.0
 81 1906.665487 2.510E-38 2.466E+01.03330.040 9456.57990.70-.001200       X3/2   4       X3/2   3                 RR 47.5e     4622231111 8 3 1 3   294.0  288.0
 81 1906.674168 2.507E-38 2.467E+01.03330.040 9456.86140.70-.001200       X3/2   4       X3/2   3                 RR 47.5f     4622231111 8 3 1 3   294.0  288.0
 81 1906.686021 5.263E-25 1.258E+01.05130.060 2607.11400.70-.000200       X3/2   2       X3/2   1           20.5   R 18.5e 19.5455323 3 3 8 3 1 3    42.0   40.0
 81 1906.686052 4.999E-25 1.254E+01.05130.060 2607.11400.70-.000200       X3/2   2       X3/2   1           19.5   R 18.5e 18.5455323 3 3 8 3 1 3    40.0   38.0
 81 1906.686078 4.749E-25 1.254E+01.05130.060 2607.11400.70-.000200       X3/2   2       X3/2   1           18.5   R 18.5e 17.5455323 3 3 8 3 1 3    38.0   36.0
 81 1906.686264 1.318E-27 3.481E-02.05130.060 2607.11400.70-.000200       X3/2   2       X3/2   1           18.5   R 18.5e 18.5455323 3 3 8 3 1 3    38.0   38.0
 81 1906.686341 1.318E-27 3.307E-02.05130.060 2607.11400.70-.000200       X3/2   2       X3/2   1           19.5   R 18.5e 19.5455323 3 3 8 3 1 3    40.0   40.0
 81 1906.686552 8.672E-31 2.290E-05.05130.060 2607.11400.70-.000200       X3/2   2       X3/2   1           18.5   R 18.5e 19.5455323 3 3 8 3 1 3    38.0   40.0
 81 1906.689709 1.318E-27 3.308E-02.05130.060 2607.14300.70-.000200       X3/2   2       X3/2   1           19.5   R 18.5f 19.5455323 3 3 8 3 1 3    40.0   40.0
 81 1906.689766 5.262E-25 1.258E+01.05130.060 2607.14300.70-.000200       X3/2   2       X3/2   1           20.5   R 18.5f 19.5455323 3 3 8 3 1 3    42.0   40.0
 81 1906.689776 4.998E-25 1.254E+01.05130.060 2607.14300.70-.000200       X3/2   2       X3/2   1           19.5   R 18.5f 18.5455323 3 3 8 3 1 3    40.0   38.0
 81 1906.689791 4.748E-25 1.254E+01.05130.060 2607.14300.70-.000200       X3/2   2       X3/2   1           18.5   R 18.5f 17.5455323 3 3 8 3 1 3    38.0   36.0
 81 1906.689837 8.671E-31 2.291E-05.05130.060 2607.14300.70-.000200       X3/2   2       X3/2   1           18.5   R 18.5f 19.5455323 3 3 8 3 1 3    38.0   40.0
 81 1906.689904 1.318E-27 3.482E-02.05130.060 2607.14300.70-.000200       X3/2   2       X3/2   1           18.5   R 18.5f 18.5455323 3 3 8 3 1 3    38.0   38.0
 81 1906.728346 4.984E-72 1.273E-03.01950.03923541.59650.60-.002220       X3/2   5       X1/2   4                 RQ101.5e     0222231211 8 3 1 3   612.0  612.0
 81 1906.731435 3.346E-25 2.044E-04.05790.066  257.30180.64-.001050       X3/2   1       X3/2   0            8.5   R  8.5e  9.5455443 4 4 8 3 1 3    18.0   20.0
 81 1906.731602 1.204E-22 6.619E-02.05790.066  257.30180.64-.001050       X3/2   1       X3/2   0            9.5   R  8.5e  9.5455443 4 4 8 3 1 3    20.0   20.0
 81 1906.731656 1.204E-22 7.354E-02.05790.066  257.30180.64-.001050       X3/2   1       X3/2   0            8.5   R  8.5e  8.5455443 4 4 8 3 1 3    18.0   18.0
 81 1906.731750 1.196E-20 5.977E+00.05790.066  257.30180.64-.001050       X3/2   1       X3/2   0           10.5   R  8.5e  9.5455443 4 4 8 3 1 3    22.0   20.0
 81 1906.731823 1.075E-20 5.910E+00.05790.066  257.30180.64-.001050       X3/2   1       X3/2   0            9.5   R  8.5e  8.5455443 4 4 8 3 1 3    20.0   18.0
 81 1906.731881 9.662E-21 5.902E+00.05790.066  257.30180.64-.001050       X3/2   1       X3/2   0            8.5   R  8.5e  7.5455443 4 4 8 3 1 3    18.0   16.0
 81 1906.732500 3.346E-25 2.044E-04.05790.066  257.30530.64-.001050       X3/2   1       X3/2   0            8.5   R  8.5f  9.5455443 4 4 8 3 1 3    18.0   20.0
 81 1906.732650 1.204E-22 6.619E-02.05790.066  257.30530.64-.001050       X3/2   1       X3/2   0            9.5   R  8.5f  9.5455443 4 4 8 3 1 3    20.0   20.0
 81 1906.732848 1.204E-22 7.354E-02.05790.066  257.30530.64-.001050       X3/2   1       X3/2   0            8.5   R  8.5f  8.5455443 4 4 8 3 1 3    18.0   18.0
 81 1906.732945 1.196E-20 5.977E+00.05790.066  257.30530.64-.001050       X3/2   1       X3/2   0           10.5   R  8.5f  9.5455443 4 4 8 3 1 3    22.0   20.0
 81 1906.732999 1.075E-20 5.910E+00.05790.066  257.30530.64-.001050       X3/2   1       X3/2   0            9.5   R  8.5f  8.5455443 4 4 8 3 1 3    20.0   18.0
 81 1906.733051 9.662E-21 5.902E+00.05790.066  257.30530.64-.001050       X3/2   1       X3/2   0            8.5   R  8.5f  7.5455443 4 4 8 3 1 3    18.0   16.0
 81 1906.775781 5.530E-42 5.842E-03.04060.054 9408.03980.60-.002220       X3/2   5       X1/2   4                 RQ 35.5e     4632231111 8 3 1 3   216.0  216.0
 81 1906.789424 2.018E-78 1.851E+01.01600.02028585.20420.70-.001200       X3/2   3       X3/2   2                 RR124.5e     0222231211 8 3 1 3   756.0  750.0
 81 1906.791868 2.227E-78 1.851E+01.01620.03528566.50660.60-.002220       X1/2   3       X1/2   2                 RR125.5f     0222231211 8 3 1 3   762.0  756.0
 81 1906.793758 2.226E-78 1.851E+01.01620.03528566.60780.60-.002220       X1/2   3       X1/2   2                 RR125.5e     0222231211 8 3 1 3   762.0  756.0
 81 1906.801367 2.004E-78 1.851E+01.01600.02028586.63040.70-.001200       X3/2   3       X3/2   2                 RR124.5f     0222231211 8 3 1 3   756.0  750.0
 81 1906.856360 2.239E-71 1.307E-03.01970.03923235.87500.60-.002220       X3/2   5       X1/2   4                 RQ100.5f     0222231211 8 3 1 3   606.0  606.0
 81 1907.097382 3.119E-38 2.470E+01.03350.050 9416.27720.60-.002220       X1/2   4       X1/2   3                 RR 48.5e     4622231111 8 3 1 3   300.0  294.0
 81 1907.099661 3.115E-38 2.470E+01.03350.050 9416.56280.60-.002220       X1/2   4       X1/2   3                 RR 48.5f     4622231111 8 3 1 3   300.0  294.0
 81 1907.222221 4.724E-30 1.860E+01.04230.055 5397.24110.60-.002220       X1/2   3       X1/2   2                 RR 31.5e     4633231111 8 3 1 3   198.0  192.0
 81 1907.226950 4.717E-30 1.859E+01.04230.055 5397.50980.60-.002220       X1/2   3       X1/2   2                 RR 31.5f     4633231111 8 3 1 3   198.0  192.0
 81 1907.263192 3.152E-42 5.718E-03.04000.054 9524.80070.60-.002220       X3/2   5       X1/2   4                 RQ 36.5f     4632231111 8 3 1 3   222.0  222.0
 81 1907.278316 2.544E-63 5.102E-04.03490.05119068.89000.60-.002220       X3/2  10       X1/2   9                 SR 45.5f     3622231111 8 3 1 3   282.0  276.0
 81 1907.311618 3.200E-31 3.175E-03.05470.062 3920.64630.68-.002360       X3/2   3       X1/2   2                 QP 10.5f     4654431111 8 3 1 3    60.0   66.0
 81 1907.347735 2.533E-63 5.073E-04.03490.05119068.58150.60-.002220       X3/2  10       X1/2   9                 SR 45.5e     3622231111 8 3 1 3   282.0  276.0
 81 1907.370391 1.568E-28 1.740E-03.04900.059 2675.19050.60-.001280       X3/2   2       X1/2   1                 QP 21.5f     4653231111 8 3 1 3   126.0  132.0
 81 1907.431367 3.195E-31 3.168E-03.05470.062 3920.52210.68-.002360       X3/2   3       X1/2   2                 QP 10.5e     4654431111 8 3 1 3    60.0   66.0
 81 1907.550958 1.565E-28 1.735E-03.04900.059 2674.97260.60-.001280       X3/2   2       X1/2   1                 QP 21.5e     4653231111 8 3 1 3   126.0  132.0
 81 1907.644573 4.148E-47 2.818E-03.04840.05811593.38840.60-.002220       X3/2   7       X1/2   6                 SR 21.5f     3643231111 8 3 1 3   138.0  132.0
 81 1907.697933 3.140E-42 5.691E-03.04000.054 9524.51510.60-.002220       X3/2   5       X1/2   4                 RQ 36.5e     4632231111 8 3 1 3   222.0  222.0
 81 1907.769973 3.710E-70 2.080E-04.03070.04822162.24800.60-.002220       X3/2  11       X1/2  10                 SR 55.5e     2622231111 8 3 1 3   342.0  336.0
 81 1907.821558 4.138E-47 2.808E-03.04840.05811593.16820.60-.002220       X3/2   7       X1/2   6                 SR 21.5e     3643231111 8 3 1 3   138.0  132.0
 81 1907.829264 3.732E-70 2.096E-04.03070.04822162.55090.60-.002220       X3/2  11       X1/2  10                 SR 55.5f     2622231111 8 3 1 3   342.0  336.0
 81 1907.975420 2.116E-68 2.458E+01.01830.02223864.69900.70-.001200       X3/2   4       X3/2   3                 RR106.5e     0222231211 8 3 1 3   648.0  642.0
 81 1907.986504 2.102E-68 2.458E+01.01830.02223866.06390.70-.001200       X3/2   4       X3/2   3                 RR106.5f     0222231211 8 3 1 3   648.0  642.0
 81 1908.009794 2.366E-68 2.458E+01.01850.03723843.62050.60-.002220       X1/2   4       X1/2   3                 RR107.5f     0222231211 8 3 1 3   654.0  648.0
 81 1908.010620 2.364E-68 2.458E+01.01850.03723843.75580.60-.002220       X1/2   4       X1/2   3                 RR107.5e     0222231211 8 3 1 3   654.0  648.0
 81 1908.021483 1.189E-38 2.473E+01.03290.039 9614.70230.70-.001200       X3/2   4       X3/2   3                 RR 48.5e     4622231111 8 3 1 3   300.0  294.0
 81 1908.030260 1.187E-38 2.472E+01.03290.039 9614.99700.70-.001200       X3/2   4       X3/2   3                 RR 48.5f     4622231111 8 3 1 3   300.0  294.0
 81 1908.038492 2.221E-71 1.299E-03.01970.03923236.01440.60-.002220       X3/2   5       X1/2   4                 RQ100.5e     0222231211 8 3 1 3   606.0  606.0
 81 1908.125778 1.077E-27 5.889E-04.04170.055 1928.80290.60-.001280       X3/2   1       X1/2   0           33.5   P 33.5f 34.5453223 4 4 8 3 1 3    68.0   70.0
 81 1908.127902 1.045E-27 5.887E-04.04170.055 1928.80290.60-.001280       X3/2   1       X1/2   0           32.5   P 33.5f 33.5453223 4 4 8 3 1 3    66.0   68.0
 81 1908.127909 9.322E-31 5.097E-07.04170.055 1928.80290.60-.001280       X3/2   1       X1/2   0           33.5   P 33.5f 33.5453223 4 4 8 3 1 3    68.0   68.0
 81 1908.129696 9.855E-71 1.334E-03.01980.03922932.86500.60-.002220       X3/2   5       X1/2   4                 RQ 99.5f     1622231211 8 3 1 3   600.0  600.0
 81 1908.130123 9.322E-31 5.252E-07.04170.055 1928.80290.60-.001280       X3/2   1       X1/2   0           32.5   P 33.5f 32.5453223 4 4 8 3 1 3    66.0   66.0
 81 1908.130355 1.014E-27 5.891E-04.04170.055 1928.80290.60-.001280       X3/2   1       X1/2   0           31.5   P 33.5f 32.5453223 4 4 8 3 1 3    64.0   66.0
 81 1908.163892 1.761E-42 5.569E-03.03950.054 9644.42520.60-.002220       X3/2   5       X1/2   4                 RQ 37.5f     4632231111 8 3 1 3   228.0  228.0
 81 1908.209849 7.117E-25 1.266E+01.04960.059 2536.08380.60-.001920       X1/2   2       X1/2   1           19.5   R 19.5e 18.5455323 3 3 8 3 1 3    40.0   38.0
 81 1908.209860 7.473E-25 1.266E+01.04960.059 2536.08380.60-.001920       X1/2   2       X1/2   1           20.5   R 19.5e 19.5455323 3 3 8 3 1 3    42.0   40.0
 81 1908.209880 7.848E-25 1.270E+01.04960.059 2536.08380.60-.001920       X1/2   2       X1/2   1           21.5   R 19.5e 20.5455323 3 3 8 3 1 3    44.0   42.0
 81 1908.211129 1.783E-27 3.022E-02.04960.059 2536.08380.60-.001920       X1/2   2       X1/2   1           20.5   R 19.5e 20.5455323 3 3 8 3 1 3    42.0   42.0
 81 1908.211237 1.783E-27 3.173E-02.04960.059 2536.08380.60-.001920       X1/2   2       X1/2   1           19.5   R 19.5e 19.5455323 3 3 8 3 1 3    40.0   40.0
 81 1908.212505 1.061E-30 1.888E-05.04960.059 2536.08380.60-.001920       X1/2   2       X1/2   1           19.5   R 19.5e 20.5455323 3 3 8 3 1 3    40.0   42.0
 81 1908.212995 1.060E-30 1.888E-05.04960.059 2536.28770.60-.001920       X1/2   2       X1/2   1           19.5   R 19.5f 20.5455323 3 3 8 3 1 3    40.0   42.0
 81 1908.215191 1.781E-27 3.021E-02.04960.059 2536.28770.60-.001920       X1/2   2       X1/2   1           20.5   R 19.5f 20.5455323 3 3 8 3 1 3    42.0   42.0
 81 1908.215199 1.781E-27 3.172E-02.04960.059 2536.28770.60-.001920       X1/2   2       X1/2   1           19.5   R 19.5f 19.5455323 3 3 8 3 1 3    40.0   40.0
 81 1908.217389 7.840E-25 1.269E+01.04960.059 2536.28770.60-.001920       X1/2   2       X1/2   1           21.5   R 19.5f 20.5455323 3 3 8 3 1 3    44.0   42.0
 81 1908.217390 7.109E-25 1.266E+01.04960.059 2536.28770.60-.001920       X1/2   2       X1/2   1           19.5   R 19.5f 18.5455323 3 3 8 3 1 3    40.0   38.0
 81 1908.217395 7.466E-25 1.267E+01.04960.059 2536.28770.60-.001920       X1/2   2       X1/2   1           20.5   R 19.5f 19.5455323 3 3 8 3 1 3    42.0   40.0
 81 1908.236449 1.937E-38 5.666E-03.05670.062 7412.98460.69-.000800       X3/2   5       X1/2   4                 SR  6.5f     4654431111 8 3 1 3    48.0   42.0
 81 1908.276911 9.335E-31 5.253E-07.04170.055 1928.53140.60-.001280       X3/2   1       X1/2   0           32.5   P 33.5e 32.5453223 4 4 8 3 1 3    66.0   66.0
 81 1908.277408 9.335E-31 5.098E-07.04170.055 1928.53140.60-.001280       X3/2   1       X1/2   0           33.5   P 33.5e 33.5453223 4 4 8 3 1 3    68.0   68.0
 81 1908.277428 1.016E-27 5.896E-04.04170.055 1928.53140.60-.001280       X3/2   1       X1/2   0           31.5   P 33.5e 32.5453223 4 4 8 3 1 3    64.0   66.0
 81 1908.278092 1.047E-27 5.892E-04.04170.055 1928.53140.60-.001280       X3/2   1       X1/2   0           32.5   P 33.5e 33.5453223 4 4 8 3 1 3    66.0   68.0
 81 1908.278373 1.078E-27 5.888E-04.04170.055 1928.53140.60-.001280       X3/2   1       X1/2   0           33.5   P 33.5e 34.5453223 4 4 8 3 1 3    68.0   70.0
 81 1908.290412 4.013E-85 1.248E+01.01490.03331698.46020.60-.002220       X1/2   2       X1/2   1                 RR137.5f     0222231211 8 3 1 3   834.0  828.0
 81 1908.293363 4.011E-85 1.248E+01.01490.03331698.54480.60-.002220       X1/2   2       X1/2   1                 RR137.5e     0222231211 8 3 1 3   834.0  828.0
 81 1908.303310 3.660E-85 1.248E+01.01480.01831715.93260.70-.001200       X3/2   2       X3/2   1                 RR136.5e     0222231211 8 3 1 3   828.0  822.0
 81 1908.315383 1.935E-38 5.659E-03.05670.062 7412.90340.69-.000800       X3/2   5       X1/2   4                 SR  6.5e     4654431111 8 3 1 3    48.0   42.0
 81 1908.316183 3.634E-85 1.248E+01.01480.01831717.40480.70-.001200       X3/2   2       X3/2   1                 RR136.5f     0222231211 8 3 1 3   828.0  822.0
 81 1908.436038 1.472E-38 2.476E+01.03310.050 9575.02770.60-.002220       X1/2   4       X1/2   3                 RR 49.5e     4622231111 8 3 1 3   306.0  300.0
 81 1908.438208 1.470E-38 2.476E+01.03310.050 9575.31160.60-.002220       X1/2   4       X1/2   3                 RR 49.5f     4622231111 8 3 1 3   306.0  300.0
 81 1908.440793 2.174E-30 1.860E+01.04200.050 5556.75050.70-.001200       X3/2   3       X3/2   2                 RR 31.5e     4633231111 8 3 1 3   198.0  192.0
 81 1908.447388 2.173E-30 1.861E+01.04200.050 5556.86110.70-.001200       X3/2   3       X3/2   2                 RR 31.5f     4633231111 8 3 1 3   198.0  192.0
 81 1908.610323 1.754E-42 5.541E-03.03950.054 9644.13770.60-.002220       X3/2   5       X1/2   4                 RQ 37.5e     4632231111 8 3 1 3   228.0  228.0
 81 1909.053429 9.687E-43 5.426E-03.03890.053 9767.19240.60-.002220       X3/2   5       X1/2   4                 RQ 38.5f     4632231111 8 3 1 3   234.0  234.0
 81 1909.123392 1.731E-20 6.105E+00.05470.062  165.46900.68-.000560       X1/2   1       X1/2   0            9.5   R  9.5e  8.5455443 4 4 8 3 1 3    20.0   18.0
 81 1909.123393 1.906E-20 6.111E+00.05470.062  165.46900.68-.000560       X1/2   1       X1/2   0           10.5   R  9.5e  9.5455443 4 4 8 3 1 3    22.0   20.0
 81 1909.123413 2.098E-20 6.166E+00.05470.062  165.46900.68-.000560       X1/2   1       X1/2   0           11.5   R  9.5e 10.5455443 4 4 8 3 1 3    24.0   22.0
 81 1909.124878 1.745E-22 6.154E-02.05470.062  165.46900.68-.000560       X1/2   1       X1/2   0            9.5   R  9.5e  9.5455443 4 4 8 3 1 3    20.0   20.0
 81 1909.124903 1.745E-22 5.595E-02.05470.062  165.46900.68-.000560       X1/2   1       X1/2   0           10.5   R  9.5e 10.5455443 4 4 8 3 1 3    22.0   22.0
 81 1909.126388 3.965E-25 1.398E-04.05470.062  165.46900.68-.000560       X1/2   1       X1/2   0            9.5   R  9.5e 10.5455443 4 4 8 3 1 3    20.0   22.0
 81 1909.129313 3.963E-25 1.398E-04.05470.062  165.58300.68-.000560       X1/2   1       X1/2   0            9.5   R  9.5f 10.5455443 4 4 8 3 1 3    20.0   22.0
 81 1909.131431 1.744E-22 5.595E-02.05470.062  165.58300.68-.000560       X1/2   1       X1/2   0           10.5   R  9.5f 10.5455443 4 4 8 3 1 3    22.0   22.0
 81 1909.131608 1.744E-22 6.154E-02.05470.062  165.58300.68-.000560       X1/2   1       X1/2   0            9.5   R  9.5f  9.5455443 4 4 8 3 1 3    20.0   20.0
 81 1909.131850 1.224E-77 1.859E+01.01610.02028213.09610.70-.001200       X3/2   3       X3/2   2                 RR123.5e     0222231211 8 3 1 3   750.0  744.0
 81 1909.133707 2.097E-20 6.167E+00.05470.062  165.58300.68-.000560       X1/2   1       X1/2   0           11.5   R  9.5f 10.5455443 4 4 8 3 1 3    24.0   22.0
 81 1909.133716 1.730E-20 6.105E+00.05470.062  165.58300.68-.000560       X1/2   1       X1/2   0            9.5   R  9.5f  8.5455443 4 4 8 3 1 3    20.0   18.0
 81 1909.133726 1.905E-20 6.111E+00.05470.062  165.58300.68-.000560       X1/2   1       X1/2   0           10.5   R  9.5f  9.5455443 4 4 8 3 1 3    22.0   20.0
 81 1909.135562 1.352E-77 1.859E+01.01630.03528194.29260.60-.002220       X1/2   3       X1/2   2                 RR124.5f     0222231211 8 3 1 3   756.0  750.0
 81 1909.137408 1.351E-77 1.859E+01.01630.03528194.39650.60-.002220       X1/2   3       X1/2   2                 RR124.5e     0222231211 8 3 1 3   756.0  750.0
 81 1909.143761 1.216E-77 1.860E+01.01610.02028214.51990.70-.001200       X3/2   3       X3/2   2                 RR123.5f     0222231211 8 3 1 3   750.0  744.0
 81 1909.288927 2.911E-30 1.867E+01.04170.055 5503.35340.60-.002220       X1/2   3       X1/2   2                 RR 32.5e     4632231111 8 3 1 3   204.0  198.0
 81 1909.293456 2.907E-30 1.867E+01.04170.055 5503.62530.60-.002220       X1/2   3       X1/2   2                 RR 32.5f     4632231111 8 3 1 3   204.0  198.0
 81 1909.300141 9.776E-71 1.326E-03.01980.03922933.00730.60-.002220       X3/2   5       X1/2   4                 RQ 99.5e     1622231211 8 3 1 3   600.0  600.0
 81 1909.310275 4.013E-25 1.266E+01.05060.059 2673.21360.70-.000650       X3/2   2       X3/2   1           21.5   R 19.5e 20.5455323 3 3 8 3 1 3    44.0   42.0
 81 1909.310305 3.821E-25 1.263E+01.05060.059 2673.21360.70-.000650       X3/2   2       X3/2   1           20.5   R 19.5e 19.5455323 3 3 8 3 1 3    42.0   40.0
 81 1909.310330 3.639E-25 1.263E+01.05060.059 2673.21360.70-.000650       X3/2   2       X3/2   1           19.5   R 19.5e 18.5455323 3 3 8 3 1 3    40.0   38.0
 81 1909.310545 9.115E-28 3.162E-02.05060.059 2673.21360.70-.000650       X3/2   2       X3/2   1           19.5   R 19.5e 19.5455323 3 3 8 3 1 3    40.0   40.0
 81 1909.310629 9.115E-28 3.012E-02.05060.059 2673.21360.70-.000650       X3/2   2       X3/2   1           20.5   R 19.5e 20.5455323 3 3 8 3 1 3    42.0   42.0
 81 1909.310869 5.425E-31 1.882E-05.05060.059 2673.21360.70-.000650       X3/2   2       X3/2   1           19.5   R 19.5e 20.5455323 3 3 8 3 1 3    40.0   42.0
 81 1909.314228 9.113E-28 3.012E-02.05060.059 2673.24700.70-.000650       X3/2   2       X3/2   1           20.5   R 19.5f 20.5455323 3 3 8 3 1 3    42.0   42.0
 81 1909.314275 4.012E-25 1.266E+01.05060.059 2673.24700.70-.000650       X3/2   2       X3/2   1           21.5   R 19.5f 20.5455323 3 3 8 3 1 3    44.0   42.0
 81 1909.314284 3.821E-25 1.263E+01.05060.059 2673.24700.70-.000650       X3/2   2       X3/2   1           20.5   R 19.5f 19.5455323 3 3 8 3 1 3    42.0   40.0
 81 1909.314298 3.638E-25 1.262E+01.05060.059 2673.24700.70-.000650       X3/2   2       X3/2   1           19.5   R 19.5f 18.5455323 3 3 8 3 1 3    40.0   38.0
 81 1909.314370 5.424E-31 1.882E-05.05060.059 2673.24700.70-.000650       X3/2   2       X3/2   1           19.5   R 19.5f 20.5455323 3 3 8 3 1 3    40.0   42.0
 81 1909.314427 9.113E-28 3.162E-02.05060.059 2673.24700.70-.000650       X3/2   2       X3/2   1           19.5   R 19.5f 19.5455323 3 3 8 3 1 3    40.0   40.0
 81 1909.334498 5.544E-39 2.479E+01.03240.039 9775.95830.70-.001200       X3/2   4       X3/2   3                 RR 49.5e     4622231111 8 3 1 3   306.0  300.0
 81 1909.343370 5.536E-39 2.479E+01.03240.039 9776.26660.70-.001200       X3/2   4       X3/2   3                 RR 49.5f     4622231111 8 3 1 3   306.0  300.0
 81 1909.354837 4.284E-70 1.361E-03.02000.03922632.41030.60-.002220       X3/2   5       X1/2   4                 RQ 98.5f     1622231211 8 3 1 3   594.0  594.0
 81 1909.360017 3.790E-52 1.695E-03.04350.05613936.96280.60-.002220       X3/2   8       X1/2   7                 SR 29.5f     3633231111 8 3 1 3   186.0  180.0
 81 1909.383952 1.016E-67 2.464E+01.01840.02223540.20310.70-.001200       X3/2   4       X3/2   3                 RR105.5e     0222231211 8 3 1 3   642.0  636.0
 81 1909.395016 1.010E-67 2.466E+01.01840.02223541.56550.70-.001200       X3/2   4       X3/2   3                 RR105.5f     0222231211 8 3 1 3   642.0  636.0
 81 1909.420403 1.137E-67 2.464E+01.01860.03823518.97330.60-.002220       X1/2   4       X1/2   3                 RR106.5f     0222231211 8 3 1 3   648.0  642.0
 81 1909.421198 1.137E-67 2.466E+01.01860.03823519.11140.60-.002220       X1/2   4       X1/2   3                 RR106.5e     0222231211 8 3 1 3   648.0  642.0
 81 1909.466897 1.350E-42 4.048E-03.05230.060 9455.26530.63-.001190       X3/2   6       X1/2   5                 SR 14.5f     3654431111 8 3 1 3    96.0   90.0
 81 1909.511549 9.649E-43 5.400E-03.03890.053 9766.90330.60-.002220       X3/2   5       X1/2   4                 RQ 38.5e     4632231111 8 3 1 3   234.0  234.0
 81 1909.535505 3.779E-52 1.688E-03.04350.05613936.69570.60-.002220       X3/2   8       X1/2   7                 SR 29.5e     3633231111 8 3 1 3   186.0  180.0
 81 1909.565621 1.456E-57 9.563E-04.03890.05316431.80180.60-.002220       X3/2   9       X1/2   8                 SR 37.5f     3632231111 8 3 1 3   234.0  228.0
 81 1909.613720 1.348E-42 4.040E-03.05230.060 9455.10220.63-.001190       X3/2   6       X1/2   5                 SR 14.5e     3654431111 8 3 1 3    96.0   90.0
 81 1909.703950 1.451E-57 9.518E-04.03890.05316431.50590.60-.002220       X3/2   9       X1/2   8                 SR 37.5e     3632231111 8 3 1 3   234.0  228.0
 81 1909.732475 6.840E-39 2.482E+01.03270.050 9736.89340.60-.002220       X1/2   4       X1/2   3                 RR 50.5e     4622231111 8 3 1 3   312.0  306.0
 81 1909.734542 6.831E-39 2.482E+01.03270.050 9737.17530.60-.002220       X1/2   4       X1/2   3                 RR 50.5f     4622231111 8 3 1 3   312.0  306.0
 81 1909.742831 2.181E-28 1.803E-03.04960.059 2604.08960.60-.002200       X3/2   2       X1/2   1                 QP 20.5f     4653231111 8 3 1 3   120.0  126.0
 81 1909.781758 2.126E-25 1.374E-04.05730.065  289.95000.70-.001260       X3/2   1       X3/2   0            9.5   R  9.5e 10.5455443 4 4 8 3 1 3    20.0   22.0
 81 1909.781873 9.357E-23 5.498E-02.05730.065  289.95000.70-.001260       X3/2   1       X3/2   0           10.5   R  9.5e 10.5455443 4 4 8 3 1 3    22.0   22.0
 81 1909.781904 9.357E-23 6.048E-02.05730.065  289.95000.70-.001260       X3/2   1       X3/2   0            9.5   R  9.5e  9.5455443 4 4 8 3 1 3    20.0   20.0
 81 1909.781955 1.125E-20 6.059E+00.05730.065  289.95000.70-.001260       X3/2   1       X3/2   0           11.5   R  9.5e 10.5455443 4 4 8 3 1 3    24.0   22.0
 81 1909.782019 1.022E-20 6.005E+00.05730.065  289.95000.70-.001260       X3/2   1       X3/2   0           10.5   R  9.5e  9.5455443 4 4 8 3 1 3    22.0   20.0
 81 1909.782070 9.284E-21 6.001E+00.05730.065  289.95000.70-.001260       X3/2   1       X3/2   0            9.5   R  9.5e  8.5455443 4 4 8 3 1 3    20.0   18.0
 81 1909.783027 2.126E-25 1.374E-04.05730.065  289.95480.70-.001260       X3/2   1       X3/2   0            9.5   R  9.5f 10.5455443 4 4 8 3 1 3    20.0   22.0
 81 1909.783131 9.356E-23 5.498E-02.05730.065  289.95480.70-.001260       X3/2   1       X3/2   0           10.5   R  9.5f 10.5455443 4 4 8 3 1 3    22.0   22.0
 81 1909.783321 9.356E-23 6.047E-02.05730.065  289.95480.70-.001260       X3/2   1       X3/2   0            9.5   R  9.5f  9.5455443 4 4 8 3 1 3    20.0   20.0
 81 1909.783381 1.125E-20 6.060E+00.05730.065  289.95480.70-.001260       X3/2   1       X3/2   0           11.5   R  9.5f 10.5455443 4 4 8 3 1 3    24.0   22.0
 81 1909.783426 1.022E-20 6.005E+00.05730.065  289.95480.70-.001260       X3/2   1       X3/2   0           10.5   R  9.5f  9.5455443 4 4 8 3 1 3    22.0   20.0
 81 1909.783471 9.284E-21 6.001E+00.05730.065  289.95480.70-.001260       X3/2   1       X3/2   0            9.5   R  9.5f  8.5455443 4 4 8 3 1 3    20.0   18.0
 81 1909.884215 5.182E-91 6.313E+00.01400.03234361.94610.60-.002220       X1/2   1       X1/2   0                 RR147.5f     0222231211 8 3 1 3   894.0  888.0
 81 1909.888324 5.180E-91 6.313E+00.01400.03234362.01970.60-.002220       X1/2   1       X1/2   0                 RR147.5e     0222231211 8 3 1 3   894.0  888.0
 81 1909.907427 4.748E-91 6.314E+00.01390.01734378.57140.70-.001200       X3/2   1       X3/2   0                 RR146.5e     0222231211 8 3 1 3   888.0  882.0
 81 1909.921177 2.177E-28 1.798E-03.04960.059 2603.87850.60-.002200       X3/2   2       X1/2   1                 QP 20.5e     4653231111 8 3 1 3   120.0  126.0
 81 1909.921354 4.713E-91 6.314E+00.01390.01734380.08460.70-.001200       X3/2   1       X3/2   0                 RR146.5f     0222231211 8 3 1 3   888.0  882.0
 81 1909.930452 5.244E-43 5.286E-03.03840.053 9893.09780.60-.002220       X3/2   5       X1/2   4                 RQ 39.5f     4632231111 8 3 1 3   240.0  240.0
 81 1910.082487 3.397E-31 3.177E-03.05530.062 3886.25380.70-.002030       X3/2   3       X1/2   2                 QP  9.5f     4654431111 8 3 1 3    54.0   60.0
 81 1910.193058 3.392E-31 3.171E-03.05530.062 3886.13990.70-.002030       X3/2   3       X1/2   2                 QP  9.5e     4654431111 8 3 1 3    54.0   60.0
 81 1910.337942 1.873E-27 6.146E-04.04230.055 1817.12770.60-.001280       X3/2   1       X1/2   0           32.5   P 32.5f 33.5453323 4 4 8 3 1 3    66.0   68.0
 81 1910.340071 1.817E-27 6.149E-04.04230.055 1817.12770.60-.001280       X3/2   1       X1/2   0           31.5   P 32.5f 32.5453323 4 4 8 3 1 3    64.0   66.0
 81 1910.340079 1.722E-30 5.650E-07.04230.055 1817.12770.60-.001280       X3/2   1       X1/2   0           32.5   P 32.5f 32.5453323 4 4 8 3 1 3    66.0   66.0
 81 1910.342293 1.722E-30 5.827E-07.04230.055 1817.12770.60-.001280       X3/2   1       X1/2   0           31.5   P 32.5f 31.5453323 4 4 8 3 1 3    64.0   64.0
 81 1910.342521 1.762E-27 6.155E-04.04230.055 1817.12770.60-.001280       X3/2   1       X1/2   0           30.5   P 32.5f 31.5453323 4 4 8 3 1 3    62.0   64.0
 81 1910.400262 5.223E-43 5.260E-03.03840.053 9892.80740.60-.002220       X3/2   5       X1/2   4                 RQ 39.5e     4632231111 8 3 1 3   240.0  240.0
 81 1910.495207 1.724E-30 5.827E-07.04230.055 1816.85890.60-.001280       X3/2   1       X1/2   0           31.5   P 32.5e 31.5453323 4 4 8 3 1 3    64.0   64.0
 81 1910.495705 1.764E-27 6.155E-04.04230.055 1816.85890.60-.001280       X3/2   1       X1/2   0           30.5   P 32.5e 31.5453323 4 4 8 3 1 3    62.0   64.0
 81 1910.495740 1.724E-30 5.651E-07.04230.055 1816.85890.60-.001280       X3/2   1       X1/2   0           32.5   P 32.5e 32.5453323 4 4 8 3 1 3    66.0   66.0
 81 1910.496401 1.819E-27 6.148E-04.04230.055 1816.85890.60-.001280       X3/2   1       X1/2   0           31.5   P 32.5e 32.5453323 4 4 8 3 1 3    64.0   66.0
 81 1910.496723 1.876E-27 6.149E-04.04230.055 1816.85890.60-.001280       X3/2   1       X1/2   0           32.5   P 32.5e 33.5453323 4 4 8 3 1 3    66.0   68.0
 81 1910.505229 1.326E-30 1.868E+01.04140.049 5665.04080.70-.001200       X3/2   3       X3/2   2                 RR 32.5e     4632231111 8 3 1 3   204.0  198.0
 81 1910.512008 1.325E-30 1.868E+01.04140.049 5665.16000.70-.001200       X3/2   3       X3/2   2                 RR 32.5f     4632231111 8 3 1 3   204.0  198.0
 81 1910.513595 4.250E-70 1.353E-03.02000.03922632.53660.60-.002220       X3/2   5       X1/2   4                 RQ 98.5e     1622231211 8 3 1 3   594.0  594.0
 81 1910.532086 1.839E-69 1.390E-03.02020.03922334.56020.60-.002220       X3/2   5       X1/2   4                 RQ 97.5f     1622231111 8 3 1 3   588.0  588.0
 81 1910.604396 2.545E-39 2.485E+01.03200.038 9940.34100.70-.001200       X3/2   4       X3/2   3                 RR 50.5e     4622231111 8 3 1 3   312.0  306.0
 81 1910.613357 2.541E-39 2.485E+01.03200.038 9940.66310.70-.001200       X3/2   4       X3/2   3                 RR 50.5f     4622231111 8 3 1 3   312.0  306.0
 81 1910.720254 1.204E-63 4.674E-04.03440.05119208.38390.60-.002220       X3/2  10       X1/2   9                 SR 46.5f     3622231111 8 3 1 3   288.0  282.0
 81 1910.739485 4.821E-67 2.471E+01.01860.02323218.24090.70-.001200       X3/2   4       X3/2   3                 RR104.5e     0222231211 8 3 1 3   636.0  630.0
 81 1910.750529 4.790E-67 2.472E+01.01860.02323219.60090.70-.001200       X3/2   4       X3/2   3                 RR104.5f     0222231211 8 3 1 3   636.0  630.0
 81 1910.763613 1.518E-70 1.883E-04.03030.04822328.57290.60-.002220       X3/2  11       X1/2  10                 SR 56.5e     2622231111 8 3 1 3   348.0  342.0
 81 1910.766034 5.391E-25 1.274E+01.04900.059 2603.87870.60-.002220       X1/2   2       X1/2   1           20.5   R 20.5e 19.5455323 3 3 8 3 1 3    42.0   40.0
 81 1910.766046 5.649E-25 1.274E+01.04900.059 2603.87870.60-.002220       X1/2   2       X1/2   1           21.5   R 20.5e 20.5455323 3 3 8 3 1 3    44.0   42.0
 81 1910.766065 5.918E-25 1.277E+01.04900.059 2603.87870.60-.002220       X1/2   2       X1/2   1           22.5   R 20.5e 21.5455323 3 3 8 3 1 3    46.0   44.0
 81 1910.767290 1.225E-27 2.762E-02.04900.059 2603.87870.60-.002220       X1/2   2       X1/2   1           21.5   R 20.5e 21.5455323 3 3 8 3 1 3    44.0   44.0
 81 1910.767407 1.225E-27 2.894E-02.04900.059 2603.87870.60-.002220       X1/2   2       X1/2   1           20.5   R 20.5e 20.5455323 3 3 8 3 1 3    42.0   42.0
 81 1910.768651 6.627E-31 1.566E-05.04900.059 2603.87870.60-.002220       X1/2   2       X1/2   1           20.5   R 20.5e 21.5455323 3 3 8 3 1 3    42.0   44.0
 81 1910.768908 6.620E-31 1.566E-05.04900.059 2604.08980.60-.002220       X1/2   2       X1/2   1           20.5   R 20.5f 21.5455323 3 3 8 3 1 3    42.0   44.0
 81 1910.771107 1.223E-27 2.892E-02.04900.059 2604.08980.60-.002220       X1/2   2       X1/2   1           20.5   R 20.5f 20.5455323 3 3 8 3 1 3    42.0   42.0
 81 1910.771108 1.223E-27 2.761E-02.04900.059 2604.08980.60-.002220       X1/2   2       X1/2   1           21.5   R 20.5f 21.5455323 3 3 8 3 1 3    44.0   44.0
 81 1910.773302 5.912E-25 1.277E+01.04900.059 2604.08980.60-.002220       X1/2   2       X1/2   1           22.5   R 20.5f 21.5455323 3 3 8 3 1 3    46.0   44.0
 81 1910.773303 5.386E-25 1.274E+01.04900.059 2604.08980.60-.002220       X1/2   2       X1/2   1           20.5   R 20.5f 19.5455323 3 3 8 3 1 3    42.0   40.0
 81 1910.773307 5.643E-25 1.274E+01.04900.059 2604.08980.60-.002220       X1/2   2       X1/2   1           21.5   R 20.5f 20.5455323 3 3 8 3 1 3    44.0   42.0
 81 1910.778035 1.199E-63 4.648E-04.03440.05119208.07520.60-.002220       X3/2  10       X1/2   9                 SR 46.5e     3622231111 8 3 1 3   288.0  282.0
 81 1910.778074 5.400E-67 2.472E+01.01870.03823196.85670.60-.002220       X1/2   4       X1/2   3                 RR105.5f     0222231211 8 3 1 3   642.0  636.0
 81 1910.778837 5.396E-67 2.472E+01.01870.03823196.99760.60-.002220       X1/2   4       X1/2   3                 RR105.5e     0222231211 8 3 1 3   642.0  636.0
 81 1910.793665 2.794E-43 5.149E-03.03780.05310022.13680.60-.002220       X3/2   5       X1/2   4                 RQ 40.5f     4632231111 8 3 1 3   246.0  246.0
 81 1910.839301 1.527E-70 1.897E-04.03030.04822328.87350.60-.002220       X3/2  11       X1/2  10                 SR 56.5f     2622231111 8 3 1 3   348.0  342.0
 81 1910.878080 5.659E-35 7.711E-03.06630.073 5548.89990.790.000750       X3/2   4       X1/2   3                 RQ  1.5f     4654431111 8 3 1 3    12.0   12.0
 81 1910.901734 5.657E-35 7.708E-03.06630.073 5548.87630.790.000750       X3/2   4       X1/2   3                 RQ  1.5e     4654431111 8 3 1 3    12.0   12.0
 81 1910.986516 3.130E-39 2.488E+01.03230.049 9901.86790.60-.002220       X1/2   4       X1/2   3                 RR 51.5e     4622231111 8 3 1 3   318.0  312.0
 81 1910.988483 3.125E-39 2.487E+01.03230.049 9902.14770.60-.002220       X1/2   4       X1/2   3                 RR 51.5f     4622231111 8 3 1 3   318.0  312.0
 81 1911.008728 9.291E-35 8.781E-03.06370.069 5557.00840.78-.000430       X3/2   4       X1/2   3                 RQ  2.5f     4654431111 8 3 1 3    18.0   18.0
 81 1911.044207 9.287E-35 8.776E-03.06370.069 5556.97300.78-.000430       X3/2   4       X1/2   3                 RQ  2.5e     4654431111 8 3 1 3    18.0   18.0
 81 1911.193239 1.215E-34 9.102E-03.06170.066 5568.35770.69-.000480       X3/2   4       X1/2   3                 RQ  3.5f     4654431111 8 3 1 3    24.0   24.0
 81 1911.240542 1.214E-34 9.093E-03.06170.066 5568.31070.69-.000480       X3/2   4       X1/2   3                 RQ  3.5e     4654431111 8 3 1 3    24.0   24.0
 81 1911.272192 2.838E-84 1.255E+01.01500.03331295.02670.60-.002220       X1/2   2       X1/2   1                 RR136.5f     0222231211 8 3 1 3   828.0  822.0
 81 1911.275086 2.837E-84 1.255E+01.01500.03331295.11380.60-.002220       X1/2   2       X1/2   1                 RR136.5e     0222231211 8 3 1 3   828.0  822.0
 81 1911.275161 2.783E-43 5.125E-03.03780.05310021.84540.60-.002220       X3/2   5       X1/2   4                 RQ 40.5e     4632231111 8 3 1 3   246.0  246.0
 81 1911.284136 2.587E-84 1.255E+01.01490.01831312.58280.70-.001200       X3/2   2       X3/2   1                 RR135.5e     0222231211 8 3 1 3   822.0  816.0
 81 1911.296964 2.569E-84 1.255E+01.01490.01831314.05270.70-.001200       X3/2   2       X3/2   1                 RR135.5f     0222231211 8 3 1 3   822.0  816.0
 81 1911.316637 1.764E-30 1.874E+01.04120.055 5612.69940.60-.002220       X1/2   3       X1/2   2                 RR 33.5e     4632231111 8 3 1 3   210.0  204.0
 81 1911.320973 1.762E-30 1.874E+01.04120.055 5612.97410.60-.002220       X1/2   3       X1/2   2                 RR 33.5f     4632231111 8 3 1 3   210.0  204.0
 81 1911.417606 7.343E-77 1.868E+01.01630.02027843.28090.70-.001200       X3/2   3       X3/2   2                 RR122.5e     0222231211 8 3 1 3   744.0  738.0
 81 1911.422617 8.114E-77 1.867E+01.01640.03527824.36950.60-.002220       X1/2   3       X1/2   2                 RR123.5f     0222231211 8 3 1 3   750.0  744.0
 81 1911.424421 8.110E-77 1.867E+01.01640.03527824.47610.60-.002220       X1/2   3       X1/2   2                 RR123.5e     0222231211 8 3 1 3   750.0  744.0
 81 1911.429487 7.292E-77 1.867E+01.01630.02027844.70240.70-.001200       X3/2   3       X3/2   2                 RR122.5f     0222231211 8 3 1 3   744.0  738.0
 81 1911.430858 1.431E-34 9.209E-03.06000.064 5582.94780.71-.000520       X3/2   4       X1/2   3                 RQ  4.5f     4654431111 8 3 1 3    30.0   30.0
 81 1911.489984 1.430E-34 9.200E-03.06000.064 5582.88920.71-.000520       X3/2   4       X1/2   3                 RQ  4.5e     4654431111 8 3 1 3    30.0   30.0
 81 1911.589495 2.858E-47 2.632E-03.04780.05811663.87940.60-.002220       X3/2   7       X1/2   6                 SR 22.5f     3643231111 8 3 1 3   144.0  138.0
 81 1911.641813 1.466E-43 5.019E-03.03730.05210154.30460.60-.002220       X3/2   5       X1/2   4                 RQ 41.5f     4632231111 8 3 1 3   252.0  252.0
 81 1911.661745 7.792E-69 1.418E-03.02040.04022039.32780.60-.002220       X3/2   5       X1/2   4                 RQ 96.5f     1622231111 8 3 1 3   582.0  582.0
 81 1911.679158 1.824E-69 1.381E-03.02020.03922334.67080.60-.002220       X3/2   5       X1/2   4                 RQ 97.5e     1622231111 8 3 1 3   588.0  588.0
 81 1911.720635 1.577E-34 9.226E-03.05870.063 5600.77860.70-.000440       X3/2   4       X1/2   3                 RQ  5.5f     4654431111 8 3 1 3    36.0   36.0
 81 1911.768182 2.851E-47 2.623E-03.04780.05811663.65250.60-.002220       X3/2   7       X1/2   6                 SR 22.5e     3643231111 8 3 1 3   144.0  138.0
 81 1911.791579 1.575E-34 9.211E-03.05870.063 5600.70870.70-.000440       X3/2   4       X1/2   3                 RQ  5.5e     4654431111 8 3 1 3    36.0   36.0
 81 1911.831035 1.150E-39 2.490E+01.03160.03810107.84320.70-.001200       X3/2   4       X3/2   3                 RR 51.5e     4622231111 8 3 1 3   318.0  312.0
 81 1911.840082 1.148E-39 2.489E+01.03160.03810108.17940.70-.001200       X3/2   4       X3/2   3                 RR 51.5f     4622231111 8 3 1 3   318.0  312.0
 81 1911.866545 1.827E-38 5.360E-03.05600.062 7437.03750.73-.001460       X3/2   5       X1/2   4                 SR  7.5f     4654431111 8 3 1 3    54.0   48.0
 81 1911.894954 3.003E-25 1.273E+01.04980.059 2742.67400.70-.001200       X3/2   2       X3/2   1           22.5   R 20.5e 21.5455323 3 3 8 3 1 3    46.0   44.0
 81 1911.894982 2.866E-25 1.270E+01.04980.059 2742.67400.70-.001200       X3/2   2       X3/2   1           21.5   R 20.5e 20.5455323 3 3 8 3 1 3    44.0   42.0
 81 1911.895006 2.736E-25 1.271E+01.04980.059 2742.67400.70-.001200       X3/2   2       X3/2   1           20.5   R 20.5e 19.5455323 3 3 8 3 1 3    42.0   40.0
 81 1911.895249 6.214E-28 2.886E-02.04980.059 2742.67400.70-.001200       X3/2   2       X3/2   1           20.5   R 20.5e 20.5455323 3 3 8 3 1 3    42.0   42.0
 81 1911.895341 6.214E-28 2.754E-02.04980.059 2742.67400.70-.001200       X3/2   2       X3/2   1           21.5   R 20.5e 21.5455323 3 3 8 3 1 3    44.0   44.0
 81 1911.895608 3.363E-31 1.562E-05.04980.059 2742.67400.70-.001200       X3/2   2       X3/2   1           20.5   R 20.5e 21.5455323 3 3 8 3 1 3    42.0   44.0
 81 1911.899163 6.213E-28 2.755E-02.04980.059 2742.71210.70-.001200       X3/2   2       X3/2   1           21.5   R 20.5f 21.5455323 3 3 8 3 1 3    44.0   44.0
 81 1911.899202 3.003E-25 1.273E+01.04980.059 2742.71210.70-.001200       X3/2   2       X3/2   1           22.5   R 20.5f 21.5455323 3 3 8 3 1 3    46.0   44.0
 81 1911.899210 2.866E-25 1.271E+01.04980.059 2742.71210.70-.001200       X3/2   2       X3/2   1           21.5   R 20.5f 20.5455323 3 3 8 3 1 3    44.0   42.0
 81 1911.899222 2.735E-25 1.270E+01.04980.059 2742.71210.70-.001200       X3/2   2       X3/2   1           20.5   R 20.5f 19.5455323 3 3 8 3 1 3    42.0   40.0
 81 1911.899318 3.362E-31 1.562E-05.04980.059 2742.71210.70-.001200       X3/2   2       X3/2   1           20.5   R 20.5f 21.5455323 3 3 8 3 1 3    42.0   44.0
 81 1911.899365 6.213E-28 2.886E-02.04980.059 2742.71210.70-.001200       X3/2   2       X3/2   1           20.5   R 20.5f 20.5455323 3 3 8 3 1 3    42.0   42.0
 81 1911.955616 1.825E-38 5.353E-03.05600.062 7436.94530.73-.001460       X3/2   5       X1/2   4                 SR  7.5e     4654431111 8 3 1 3    54.0   48.0
 81 1912.042227 2.259E-66 2.478E+01.01870.02322898.82680.70-.001200       X3/2   4       X3/2   3                 RR103.5e     0222231211 8 3 1 3   630.0  624.0
 81 1912.053252 2.244E-66 2.478E+01.01870.02322900.18430.70-.001200       X3/2   4       X3/2   3                 RR103.5f     0222231211 8 3 1 3   630.0  624.0
 81 1912.061424 1.654E-34 9.191E-03.05760.063 5621.85000.64-.000530       X3/2   4       X1/2   3                 RQ  6.5f     4654431111 8 3 1 3    42.0   42.0
 81 1912.071559 1.618E-20 6.172E+00.05420.061  200.57230.70-.000160       X1/2   1       X1/2   0           10.5   R 10.5e  9.5455443 4 4 8 3 1 3    22.0   20.0
 81 1912.071563 1.766E-20 6.175E+00.05420.061  200.57230.70-.000160       X1/2   1       X1/2   0           11.5   R 10.5e 10.5455443 4 4 8 3 1 3    24.0   22.0
 81 1912.071584 1.928E-20 6.223E+00.05420.061  200.57230.70-.000160       X1/2   1       X1/2   0           12.5   R 10.5e 11.5455443 4 4 8 3 1 3    26.0   24.0
 81 1912.073044 1.346E-22 5.134E-02.05420.061  200.57230.70-.000160       X1/2   1       X1/2   0           10.5   R 10.5e 10.5455443 4 4 8 3 1 3    22.0   22.0
 81 1912.073050 1.346E-22 4.706E-02.05420.061  200.57230.70-.000160       X1/2   1       X1/2   0           11.5   R 10.5e 11.5455443 4 4 8 3 1 3    24.0   24.0
 81 1912.074531 2.549E-25 9.723E-05.05420.061  200.57230.70-.000160       X1/2   1       X1/2   0           10.5   R 10.5e 11.5455443 4 4 8 3 1 3    22.0   24.0
 81 1912.077227 2.547E-25 9.721E-05.05420.061  200.69660.70-.000160       X1/2   1       X1/2   0           10.5   R 10.5f 11.5455443 4 4 8 3 1 3    22.0   24.0
 81 1912.079355 1.345E-22 4.706E-02.05420.061  200.69660.70-.000160       X1/2   1       X1/2   0           11.5   R 10.5f 11.5455443 4 4 8 3 1 3    24.0   24.0
 81 1912.079505 1.345E-22 5.134E-02.05420.061  200.69660.70-.000160       X1/2   1       X1/2   0           10.5   R 10.5f 10.5455443 4 4 8 3 1 3    22.0   22.0
 81 1912.081618 1.927E-20 6.223E+00.05420.061  200.69660.70-.000160       X1/2   1       X1/2   0           12.5   R 10.5f 11.5455443 4 4 8 3 1 3    26.0   24.0
 81 1912.081624 1.617E-20 6.172E+00.05420.061  200.69660.70-.000160       X1/2   1       X1/2   0           10.5   R 10.5f  9.5455443 4 4 8 3 1 3    22.0   20.0
 81 1912.081633 1.765E-20 6.175E+00.05420.061  200.69660.70-.000160       X1/2   1       X1/2   0           11.5   R 10.5f 10.5455443 4 4 8 3 1 3    24.0   22.0
 81 1912.083020 2.532E-66 2.478E+01.01890.03822877.28510.60-.002220       X1/2   4       X1/2   3                 RR104.5f     0222231211 8 3 1 3   636.0  630.0
 81 1912.083750 2.530E-66 2.478E+01.01890.03822877.42880.60-.002220       X1/2   4       X1/2   3                 RR104.5e     0222231211 8 3 1 3   636.0  630.0
 81 1912.134994 1.459E-43 4.990E-03.03730.05210154.01250.60-.002220       X3/2   5       X1/2   4                 RQ 41.5e     4632231111 8 3 1 3   252.0  252.0
 81 1912.141926 2.974E-28 1.866E-03.05010.059 2536.28750.60-.001690       X3/2   2       X1/2   1                 QP 19.5f     4653231111 8 3 1 3   114.0  120.0
 81 1912.144184 1.653E-34 9.183E-03.05760.063 5621.76870.64-.000530       X3/2   4       X1/2   3                 RQ  6.5e     4654431111 8 3 1 3    42.0   42.0
 81 1912.197984 1.410E-39 2.493E+01.03190.04910069.94500.60-.002220       X1/2   4       X1/2   3                 RR 52.5e     4622231111 8 3 1 3   324.0  318.0
 81 1912.199855 1.408E-39 2.493E+01.03190.04910070.22230.60-.002220       X1/2   4       X1/2   3                 RR 52.5f     4622231111 8 3 1 3   324.0  318.0
 81 1912.317360 2.968E-28 1.861E-03.05010.059 2536.08360.60-.001690       X3/2   2       X1/2   1                 QP 19.5e     4653231111 8 3 1 3   114.0  120.0
 81 1912.451903 1.668E-34 9.132E-03.05670.062 5646.16160.69-.000800       X3/2   4       X1/2   3                 RQ  7.5f     4654431111 8 3 1 3    48.0   48.0
 81 1912.473691 7.568E-44 4.889E-03.03680.05210289.59640.60-.002220       X3/2   5       X1/2   4                 RQ 42.5f     4632231111 8 3 1 3   258.0  258.0
 81 1912.528754 7.951E-31 1.876E+01.04080.048 5776.59730.70-.001200       X3/2   3       X3/2   2                 RR 33.5e     4632231111 8 3 1 3   210.0  204.0
 81 1912.535711 7.946E-31 1.876E+01.04080.048 5776.72550.70-.001200       X3/2   3       X3/2   2                 RR 33.5f     4632231111 8 3 1 3   210.0  204.0
 81 1912.546474 1.666E-34 9.118E-03.05670.062 5646.06930.69-.000800       X3/2   4       X1/2   3                 RQ  7.5e     4654431111 8 3 1 3    48.0   48.0
 81 1912.553468 3.203E-27 6.415E-04.04290.056 1708.75630.60-.001280       X3/2   1       X1/2   0           31.5   P 31.5f 32.5453323 4 4 8 3 1 3    64.0   66.0
 81 1912.555602 3.103E-27 6.415E-04.04290.056 1708.75630.60-.001280       X3/2   1       X1/2   0           30.5   P 31.5f 31.5453323 4 4 8 3 1 3    62.0   64.0
 81 1912.555609 3.131E-30 6.271E-07.04290.056 1708.75630.60-.001280       X3/2   1       X1/2   0           31.5   P 31.5f 31.5453323 4 4 8 3 1 3    64.0   64.0
 81 1912.557823 3.131E-30 6.473E-07.04290.056 1708.75630.60-.001280       X3/2   1       X1/2   0           30.5   P 31.5f 30.5453323 4 4 8 3 1 3    62.0   62.0
 81 1912.558048 3.006E-27 6.422E-04.04290.056 1708.75630.60-.001280       X3/2   1       X1/2   0           29.5   P 31.5f 30.5453323 4 4 8 3 1 3    60.0   62.0
 81 1912.716211 3.135E-30 6.474E-07.04290.056 1708.49050.60-.001280       X3/2   1       X1/2   0           30.5   P 31.5e 30.5453323 4 4 8 3 1 3    62.0   62.0
 81 1912.716689 3.010E-27 6.423E-04.04290.056 1708.49050.60-.001280       X3/2   1       X1/2   0           29.5   P 31.5e 30.5453323 4 4 8 3 1 3    60.0   62.0
 81 1912.716780 3.135E-30 6.272E-07.04290.056 1708.49050.60-.001280       X3/2   1       X1/2   0           31.5   P 31.5e 31.5453323 4 4 8 3 1 3    64.0   64.0
 81 1912.717419 3.107E-27 6.416E-04.04290.056 1708.49050.60-.001280       X3/2   1       X1/2   0           30.5   P 31.5e 31.5453323 4 4 8 3 1 3    62.0   64.0
 81 1912.717782 3.208E-27 6.418E-04.04290.056 1708.49050.60-.001280       X3/2   1       X1/2   0           31.5   P 31.5e 32.5453323 4 4 8 3 1 3    64.0   66.0
 81 1912.744125 3.260E-68 1.447E-03.02050.04021746.72580.60-.002220       X3/2   5       X1/2   4                 RQ 95.5f     1622231111 8 3 1 3   576.0  576.0
 81 1912.793763 1.365E-25 9.588E-05.05670.065  326.02640.71-.001190       X3/2   1       X3/2   0           10.5   R 10.5e 11.5455443 4 4 8 3 1 3    22.0   24.0
 81 1912.793830 7.205E-23 4.639E-02.05670.065  326.02640.71-.001190       X3/2   1       X3/2   0           11.5   R 10.5e 11.5455443 4 4 8 3 1 3    24.0   24.0
 81 1912.793843 7.205E-23 5.061E-02.05670.065  326.02640.71-.001190       X3/2   1       X3/2   0           10.5   R 10.5e 10.5455443 4 4 8 3 1 3    22.0   22.0
 81 1912.793854 1.032E-20 6.134E+00.05670.065  326.02640.71-.001190       X3/2   1       X3/2   0           12.5   R 10.5e 11.5455443 4 4 8 3 1 3    26.0   24.0
 81 1912.793911 9.457E-21 6.089E+00.05670.065  326.02640.71-.001190       X3/2   1       X3/2   0           11.5   R 10.5e 10.5455443 4 4 8 3 1 3    24.0   22.0
 81 1912.793957 8.663E-21 6.085E+00.05670.065  326.02640.71-.001190       X3/2   1       X3/2   0           10.5   R 10.5e  9.5455443 4 4 8 3 1 3    22.0   20.0
 81 1912.795247 1.365E-25 9.588E-05.05670.065  326.03270.71-.001190       X3/2   1       X3/2   0           10.5   R 10.5f 11.5455443 4 4 8 3 1 3    22.0   24.0
 81 1912.795311 7.205E-23 4.639E-02.05670.065  326.03270.71-.001190       X3/2   1       X3/2   0           11.5   R 10.5f 11.5455443 4 4 8 3 1 3    24.0   24.0
 81 1912.795497 7.205E-23 5.061E-02.05670.065  326.03270.71-.001190       X3/2   1       X3/2   0           10.5   R 10.5f 10.5455443 4 4 8 3 1 3    22.0   22.0
 81 1912.795524 1.032E-20 6.134E+00.05670.065  326.03270.71-.001190       X3/2   1       X3/2   0           12.5   R 10.5f 11.5455443 4 4 8 3 1 3    26.0   24.0
 81 1912.795561 9.457E-21 6.089E+00.05670.065  326.03270.71-.001190       X3/2   1       X3/2   0           11.5   R 10.5f 10.5455443 4 4 8 3 1 3    24.0   22.0
 81 1912.795600 8.663E-21 6.085E+00.05670.065  326.03270.71-.001190       X3/2   1       X3/2   0           10.5   R 10.5f  9.5455443 4 4 8 3 1 3    22.0   20.0
 81 1912.797133 7.732E-69 1.410E-03.02040.04022039.42310.60-.002220       X3/2   5       X1/2   4                 RQ 96.5e     1622231111 8 3 1 3   582.0  582.0
 81 1912.890585 1.625E-34 9.045E-03.05600.062 5673.71340.73-.001460       X3/2   4       X1/2   3                 RQ  8.5f     4654431111 8 3 1 3    54.0   54.0
 81 1912.902062 3.479E-31 3.156E-03.05600.062 3855.13520.73-.002000       X3/2   3       X1/2   2                 QP  8.5f     4654431111 8 3 1 3    48.0   54.0
 81 1912.978557 7.536E-44 4.864E-03.03680.05210289.30380.60-.002220       X3/2   5       X1/2   4                 RQ 42.5e     4632231111 8 3 1 3   258.0  258.0
 81 1912.996964 1.623E-34 9.031E-03.05600.062 5673.61020.73-.001460       X3/2   4       X1/2   3                 RQ  8.5e     4654431111 8 3 1 3    54.0   54.0
 81 1913.002978 3.475E-31 3.151E-03.05600.062 3855.03190.73-.002000       X3/2   3       X1/2   2                 QP  8.5e     4654431111 8 3 1 3    48.0   54.0
 81 1913.014272 5.118E-40 2.495E+01.03120.03710278.45770.70-.001200       X3/2   4       X3/2   3                 RR 52.5e     4622231111 8 3 1 3   324.0  318.0
 81 1913.023401 5.109E-40 2.495E+01.03120.03710278.80830.70-.001200       X3/2   4       X3/2   3                 RR 52.5f     4622231111 8 3 1 3   324.0  318.0
 81 1913.254112 2.285E-52 1.572E-03.04290.05614031.27050.60-.002220       X3/2   8       X1/2   7                 SR 30.5f     3633231111 8 3 1 3   192.0  186.0
 81 1913.283183 7.754E-58 8.817E-04.03840.05316549.14130.60-.002220       X3/2   9       X1/2   8                 SR 38.5f     3632231111 8 3 1 3   240.0  234.0
 81 1913.285615 4.010E-25 1.281E+01.04840.058 2674.97280.60-.002220       X1/2   2       X1/2   1           21.5   R 21.5e 20.5454323 3 3 8 3 1 3    44.0   42.0
 81 1913.285626 4.192E-25 1.281E+01.04840.058 2674.97280.60-.002220       X1/2   2       X1/2   1           22.5   R 21.5e 21.5454323 3 3 8 3 1 3    46.0   44.0
 81 1913.285645 4.383E-25 1.283E+01.04840.058 2674.97280.60-.002220       X1/2   2       X1/2   1           23.5   R 21.5e 22.5454323 3 3 8 3 1 3    48.0   46.0
 81 1913.286846 8.298E-28 2.535E-02.04840.058 2674.97280.60-.002220       X1/2   2       X1/2   1           22.5   R 21.5e 22.5454323 3 3 8 3 1 3    46.0   46.0
 81 1913.286973 8.298E-28 2.651E-02.04840.058 2674.97280.60-.002220       X1/2   2       X1/2   1           21.5   R 21.5e 21.5454323 3 3 8 3 1 3    44.0   44.0
 81 1913.288136 3.847E-44 4.763E-03.03630.05210428.00700.60-.002220       X3/2   5       X1/2   4                 RQ 43.5f     4622231111 8 3 1 3   264.0  264.0
 81 1913.288193 4.100E-31 1.310E-05.04840.058 2674.97280.60-.002220       X1/2   2       X1/2   1           21.5   R 21.5e 22.5454323 3 3 8 3 1 3    44.0   46.0
 81 1913.288225 4.095E-31 1.309E-05.04840.058 2675.19070.60-.002220       X1/2   2       X1/2   1           21.5   R 21.5f 22.5454323 3 3 8 3 1 3    44.0   46.0
 81 1913.290418 8.289E-28 2.651E-02.04840.058 2675.19070.60-.002220       X1/2   2       X1/2   1           21.5   R 21.5f 21.5454323 3 3 8 3 1 3    44.0   44.0
 81 1913.290429 8.289E-28 2.535E-02.04840.058 2675.19070.60-.002220       X1/2   2       X1/2   1           22.5   R 21.5f 22.5454323 3 3 8 3 1 3    46.0   46.0
 81 1913.292390 1.045E-65 2.484E+01.01890.02322581.97490.70-.001200       X3/2   4       X3/2   3                 RR102.5e     0222231211 8 3 1 3   624.0  618.0
 81 1913.292617 4.379E-25 1.284E+01.04840.058 2675.19070.60-.002220       X1/2   2       X1/2   1           23.5   R 21.5f 22.5454323 3 3 8 3 1 3    48.0   46.0
 81 1913.292619 4.006E-25 1.281E+01.04840.058 2675.19070.60-.002220       X1/2   2       X1/2   1           21.5   R 21.5f 20.5454323 3 3 8 3 1 3    44.0   42.0
 81 1913.292622 4.188E-25 1.281E+01.04840.058 2675.19070.60-.002220       X1/2   2       X1/2   1           22.5   R 21.5f 21.5454323 3 3 8 3 1 3    46.0   44.0
 81 1913.303394 1.038E-65 2.484E+01.01890.02322583.32990.70-.001200       X3/2   4       X3/2   3                 RR102.5f     0222231211 8 3 1 3   624.0  618.0
 81 1913.305162 1.052E-30 1.882E+01.04060.054 5725.27540.60-.002220       X1/2   3       X1/2   2                 RR 34.5e     4632231111 8 3 1 3   216.0  210.0
 81 1913.309311 1.050E-30 1.881E+01.04060.054 5725.55270.60-.002220       X1/2   3       X1/2   2                 RR 34.5f     4632231111 8 3 1 3   216.0  210.0
 81 1913.335451 1.172E-65 2.483E+01.01900.03822560.27230.60-.002220       X1/2   4       X1/2   3                 RR103.5f     0222231211 8 3 1 3   630.0  624.0
 81 1913.336150 1.172E-65 2.485E+01.01900.03822560.41890.60-.002220       X1/2   4       X1/2   3                 RR103.5e     0222231211 8 3 1 3   630.0  624.0
 81 1913.339606 1.060E-42 3.814E-03.05180.060 9504.41080.51-.001210       X3/2   6       X1/2   5                 SR 15.5f     3654431111 8 3 1 3   102.0   96.0
 81 1913.366704 6.254E-40 2.498E+01.03150.04910241.11800.60-.002220       X1/2   4       X1/2   3                 RR 53.5e     4622231111 8 3 1 3   330.0  324.0
 81 1913.368481 6.246E-40 2.498E+01.03150.04910241.39250.60-.002220       X1/2   4       X1/2   3                 RR 53.5f     4622231111 8 3 1 3   330.0  324.0
 81 1913.375831 1.537E-34 8.948E-03.05530.062 5704.50490.70-.001690       X3/2   4       X1/2   3                 RQ  9.5f     4654431111 8 3 1 3    60.0   60.0
 81 1913.408479 4.156E-90 6.356E+00.01410.03233932.86520.60-.002220       X1/2   1       X1/2   0                 RR146.5f     0222231211 8 3 1 3   888.0  882.0
 81 1913.412516 4.154E-90 6.355E+00.01410.03233932.94130.60-.002220       X1/2   1       X1/2   0                 RR146.5e     0222231211 8 3 1 3   888.0  882.0
 81 1913.413907 7.729E-58 8.778E-04.03840.05316548.84330.60-.002220       X3/2   9       X1/2   8                 SR 38.5e     3632231111 8 3 1 3   240.0  234.0
 81 1913.426437 2.278E-52 1.565E-03.04290.05614030.99900.60-.002220       X3/2   8       X1/2   7                 SR 30.5e     3633231111 8 3 1 3   192.0  186.0
 81 1913.430914 3.806E-90 6.356E+00.01400.01733949.55920.70-.001200       X3/2   1       X3/2   0                 RR145.5e     0222231211 8 3 1 3   882.0  876.0
 81 1913.444781 3.779E-90 6.357E+00.01400.01733951.07020.70-.001200       X3/2   1       X3/2   0                 RR145.5f     0222231211 8 3 1 3   882.0  876.0
 81 1913.492449 1.058E-42 3.805E-03.05180.060 9504.23870.51-.001210       X3/2   6       X1/2   5                 SR 15.5e     3654431111 8 3 1 3   102.0   96.0
 81 1913.494014 1.535E-34 8.932E-03.05530.062 5704.39110.70-.001690       X3/2   4       X1/2   3                 RQ  9.5e     4654431111 8 3 1 3    60.0   60.0
 81 1913.646926 4.355E-76 1.875E+01.01640.02027475.77560.70-.001200       X3/2   3       X3/2   2                 RR121.5e     0222231211 8 3 1 3   738.0  732.0
 81 1913.653270 4.815E-76 1.875E+01.01650.03527456.75420.60-.002220       X1/2   3       X1/2   2                 RR122.5f     0222231211 8 3 1 3   744.0  738.0
 81 1913.655032 4.813E-76 1.875E+01.01650.03527456.86350.60-.002220       X1/2   3       X1/2   2                 RR122.5e     0222231211 8 3 1 3   744.0  738.0
 81 1913.658777 4.325E-76 1.875E+01.01640.02027477.19460.70-.001200       X3/2   3       X3/2   2                 RR121.5f     0222231211 8 3 1 3   738.0  732.0
 81 1913.717083 6.110E-71 1.701E-04.03000.04822497.70950.60-.002220       X3/2  11       X1/2  10                 SR 57.5e     2622231111 8 3 1 3   354.0  348.0
 81 1913.779535 1.347E-67 1.478E-03.02070.04021456.76700.60-.002220       X3/2   5       X1/2   4                 RQ 94.5f     1622231111 8 3 1 3   570.0  570.0
 81 1913.804687 3.831E-44 4.739E-03.03630.05210427.71430.60-.002220       X3/2   5       X1/2   4                 RQ 43.5e     4622231111 8 3 1 3   264.0  264.0
 81 1913.809670 6.149E-71 1.714E-04.03000.04822498.00760.60-.002220       X3/2  11       X1/2  10                 SR 57.5f     2622231111 8 3 1 3   354.0  348.0
 81 1913.867829 3.235E-68 1.439E-03.02050.04021746.80610.60-.002220       X3/2   5       X1/2   4                 RQ 95.5e     1622231111 8 3 1 3   576.0  576.0
 81 1913.905867 1.414E-34 8.834E-03.05470.062 5738.53570.68-.000560       X3/2   4       X1/2   3                 RQ 10.5f     4654431111 8 3 1 3    66.0   66.0
 81 1914.035851 1.412E-34 8.818E-03.05470.062 5738.41150.68-.000560       X3/2   4       X1/2   3                 RQ 10.5e     4654431111 8 3 1 3    66.0   66.0
 81 1914.084034 1.926E-44 4.643E-03.03580.05210569.53120.60-.002220       X3/2   5       X1/2   4                 RQ 44.5f     4622231111 8 3 1 3   270.0  270.0
 81 1914.132382 5.614E-64 4.281E-04.03400.05019350.79350.60-.002220       X3/2  10       X1/2   9                 SR 47.5f     3622231111 8 3 1 3   294.0  288.0
 81 1914.153962 2.242E-40 2.500E+01.03080.03710452.17720.70-.001200       X3/2   4       X3/2   3                 RR 53.5e     4622231111 8 3 1 3   330.0  324.0
 81 1914.163170 2.238E-40 2.500E+01.03080.03710452.54240.70-.001200       X3/2   4       X3/2   3                 RR 53.5f     4622231111 8 3 1 3   330.0  324.0
 81 1914.178002 5.590E-64 4.257E-04.03400.05019350.48500.60-.002220       X3/2  10       X1/2   9                 SR 47.5e     3622231111 8 3 1 3   294.0  288.0
 81 1914.194791 1.987E-83 1.262E+01.01510.03330893.71330.60-.002220       X1/2   2       X1/2   1                 RR135.5f     0222231211 8 3 1 3   822.0  816.0
 81 1914.197628 1.986E-83 1.262E+01.01510.03330893.80310.60-.002220       X1/2   2       X1/2   1                 RR135.5e     0222231211 8 3 1 3   822.0  816.0
 81 1914.205761 1.810E-83 1.262E+01.01500.01830911.35480.70-.001200       X3/2   2       X3/2   1                 RR134.5e     0222231211 8 3 1 3   816.0  810.0
 81 1914.218545 1.798E-83 1.262E+01.01500.01830912.82240.70-.001200       X3/2   2       X3/2   1                 RR134.5f     0222231211 8 3 1 3   816.0  810.0
 81 1914.439960 2.207E-25 1.281E+01.04910.058 2815.49130.70-.001200       X3/2   2       X3/2   1           23.5   R 21.5e 22.5454323 3 3 8 3 1 3    48.0   46.0
 81 1914.439987 2.110E-25 1.278E+01.04910.058 2815.49130.70-.001200       X3/2   2       X3/2   1           22.5   R 21.5e 21.5454323 3 3 8 3 1 3    46.0   44.0
 81 1914.440009 2.019E-25 1.278E+01.04910.058 2815.49130.70-.001200       X3/2   2       X3/2   1           21.5   R 21.5e 20.5454323 3 3 8 3 1 3    44.0   42.0
 81 1914.440280 4.177E-28 2.645E-02.04910.058 2815.49130.70-.001200       X3/2   2       X3/2   1           21.5   R 21.5e 21.5454323 3 3 8 3 1 3    44.0   44.0
 81 1914.440378 4.177E-28 2.530E-02.04910.058 2815.49130.70-.001200       X3/2   2       X3/2   1           22.5   R 21.5e 22.5454323 3 3 8 3 1 3    46.0   46.0
 81 1914.440671 2.064E-31 1.307E-05.04910.058 2815.49130.70-.001200       X3/2   2       X3/2   1           21.5   R 21.5e 22.5454323 3 3 8 3 1 3    44.0   46.0
 81 1914.444415 4.176E-28 2.530E-02.04910.058 2815.53450.70-.001200       X3/2   2       X3/2   1           22.5   R 21.5f 22.5454323 3 3 8 3 1 3    46.0   46.0
 81 1914.444447 2.206E-25 1.281E+01.04910.058 2815.53450.70-.001200       X3/2   2       X3/2   1           23.5   R 21.5f 22.5454323 3 3 8 3 1 3    48.0   46.0
 81 1914.444454 2.110E-25 1.278E+01.04910.058 2815.53450.70-.001200       X3/2   2       X3/2   1           22.5   R 21.5f 21.5454323 3 3 8 3 1 3    46.0   44.0
 81 1914.444465 2.018E-25 1.278E+01.04910.058 2815.53450.70-.001200       X3/2   2       X3/2   1           21.5   R 21.5f 20.5454323 3 3 8 3 1 3    44.0   42.0
 81 1914.444582 2.063E-31 1.307E-05.04910.058 2815.53450.70-.001200       X3/2   2       X3/2   1           21.5   R 21.5f 22.5454323 3 3 8 3 1 3    44.0   46.0
 81 1914.444621 4.176E-28 2.645E-02.04910.058 2815.53450.70-.001200       X3/2   2       X3/2   1           21.5   R 21.5f 21.5454323 3 3 8 3 1 3    44.0   44.0
 81 1914.478803 1.268E-34 8.709E-03.05420.061 5775.80560.70-.000160       X3/2   4       X1/2   3                 RQ 11.5f     4654431111 8 3 1 3    72.0   72.0
 81 1914.490180 4.773E-65 2.490E+01.01900.02322267.69910.70-.001200       X3/2   4       X3/2   3                 RR101.5e     0222231211 8 3 1 3   618.0  612.0
 81 1914.492498 2.732E-40 2.503E+01.03110.04910415.38030.60-.002220       X1/2   4       X1/2   3                 RR 54.5e     4622231111 8 3 1 3   336.0  330.0
 81 1914.494185 2.728E-40 2.502E+01.03110.04910415.65170.60-.002220       X1/2   4       X1/2   3                 RR 54.5f     4622231111 8 3 1 3   336.0  330.0
 81 1914.501164 4.742E-65 2.490E+01.01900.02322269.05170.70-.001200       X3/2   4       X3/2   3                 RR101.5f     0222231211 8 3 1 3   618.0  612.0
 81 1914.511263 4.689E-31 1.883E+01.04010.048 5891.41460.70-.001200       X3/2   3       X3/2   2                 RR 34.5e     4632231111 8 3 1 3   216.0  210.0
 81 1914.518392 4.685E-31 1.883E+01.04010.048 5891.55210.70-.001200       X3/2   3       X3/2   2                 RR 34.5f     4632231111 8 3 1 3   216.0  210.0
 81 1914.535580 5.360E-65 2.490E+01.01920.03822245.83250.60-.002220       X1/2   4       X1/2   3                 RR102.5f     0222231211 8 3 1 3   624.0  618.0
 81 1914.536246 5.356E-65 2.490E+01.01920.03822245.98190.60-.002220       X1/2   4       X1/2   3                 RR102.5e     0222231211 8 3 1 3   624.0  618.0
 81 1914.569942 3.971E-28 1.927E-03.05070.060 2471.78570.60-.001590       X3/2   2       X1/2   1                 QP 18.5f     4653231111 8 3 1 3   108.0  114.0
 81 1914.612266 1.917E-44 4.617E-03.03580.05210569.23860.60-.002220       X3/2   5       X1/2   4                 RQ 44.5e     4622231111 8 3 1 3   270.0  270.0
 81 1914.620581 1.266E-34 8.691E-03.05420.061 5775.67120.70-.000160       X3/2   4       X1/2   3                 RQ 11.5e     4654431111 8 3 1 3    72.0   72.0
 81 1914.741779 3.964E-28 1.922E-03.05070.060 2471.58940.60-.001590       X3/2   2       X1/2   1                 QP 18.5e     4653231111 8 3 1 3   108.0  114.0
 81 1914.768285 5.490E-67 1.508E-03.02090.04021169.46390.60-.002220       X3/2   5       X1/2   4                 RQ 93.5f     1622231111 8 3 1 3   564.0  564.0
 81 1914.774032 5.383E-27 6.694E-04.04350.056 1603.69220.60-.001280       X3/2   1       X1/2   0           30.5   P 30.5f 31.5453323 4 4 8 3 1 3    62.0   64.0
 81 1914.776171 5.209E-27 6.693E-04.04350.056 1603.69220.60-.001280       X3/2   1       X1/2   0           29.5   P 30.5f 30.5453323 4 4 8 3 1 3    60.0   62.0
 81 1914.776179 5.605E-30 6.970E-07.04350.056 1603.69220.60-.001280       X3/2   1       X1/2   0           30.5   P 30.5f 30.5453323 4 4 8 3 1 3    62.0   62.0
 81 1914.778391 5.605E-30 7.202E-07.04350.056 1603.69220.60-.001280       X3/2   1       X1/2   0           29.5   P 30.5f 29.5453323 4 4 8 3 1 3    60.0   60.0
 81 1914.778612 5.041E-27 6.701E-04.04350.056 1603.69220.60-.001280       X3/2   1       X1/2   0           28.5   P 30.5f 29.5453323 4 4 8 3 1 3    58.0   60.0
 81 1914.860305 9.490E-45 4.524E-03.03530.05110714.16370.60-.002220       X3/2   5       X1/2   4                 RQ 45.5f     4622231111 8 3 1 3   276.0  276.0
 81 1914.891554 1.336E-67 1.468E-03.02070.04021456.83260.60-.002220       X3/2   5       X1/2   4                 RQ 94.5e     1622231111 8 3 1 3   570.0  570.0
 81 1914.941594 5.613E-30 7.205E-07.04350.056 1603.42970.60-.001280       X3/2   1       X1/2   0           29.5   P 30.5e 29.5453323 4 4 8 3 1 3    60.0   60.0
 81 1914.942051 5.047E-27 6.702E-04.04350.056 1603.42970.60-.001280       X3/2   1       X1/2   0           28.5   P 30.5e 29.5453323 4 4 8 3 1 3    58.0   60.0
 81 1914.942200 5.613E-30 6.972E-07.04350.056 1603.42970.60-.001280       X3/2   1       X1/2   0           30.5   P 30.5e 30.5453323 4 4 8 3 1 3    62.0   62.0
 81 1914.942815 5.216E-27 6.695E-04.04350.056 1603.42970.60-.001280       X3/2   1       X1/2   0           29.5   P 30.5e 30.5453323 4 4 8 3 1 3    60.0   62.0
 81 1914.943222 5.390E-27 6.695E-04.04350.056 1603.42970.60-.001280       X3/2   1       X1/2   0           30.5   P 30.5e 31.5453323 4 4 8 3 1 3    62.0   64.0
 81 1914.984827 1.474E-20 6.232E+00.05370.061  239.01840.67-.000510       X1/2   1       X1/2   0           11.5   R 11.5e 10.5455443 4 4 8 3 1 3    24.0   22.0
 81 1914.984833 1.597E-20 6.233E+00.05370.061  239.01840.67-.000510       X1/2   1       X1/2   0           12.5   R 11.5e 11.5455443 4 4 8 3 1 3    26.0   24.0
 81 1914.984854 1.731E-20 6.273E+00.05370.061  239.01840.67-.000510       X1/2   1       X1/2   0           13.5   R 11.5e 12.5455443 4 4 8 3 1 3    28.0   26.0
 81 1914.986297 1.029E-22 4.016E-02.05370.061  239.01840.67-.000510       X1/2   1       X1/2   0           12.5   R 11.5e 12.5455443 4 4 8 3 1 3    26.0   26.0
 81 1914.986307 1.029E-22 4.351E-02.05370.061  239.01840.67-.000510       X1/2   1       X1/2   0           11.5   R 11.5e 11.5455443 4 4 8 3 1 3    24.0   24.0
 81 1914.987771 1.649E-25 6.972E-05.05370.061  239.01840.67-.000510       X1/2   1       X1/2   0           11.5   R 11.5e 12.5455443 4 4 8 3 1 3    24.0   26.0
 81 1914.990229 1.648E-25 6.972E-05.05370.061  239.15280.67-.000510       X1/2   1       X1/2   0           11.5   R 11.5f 12.5455443 4 4 8 3 1 3    24.0   26.0
 81 1914.992367 1.028E-22 4.015E-02.05370.061  239.15280.67-.000510       X1/2   1       X1/2   0           12.5   R 11.5f 12.5455443 4 4 8 3 1 3    26.0   26.0
 81 1914.992494 1.028E-22 4.349E-02.05370.061  239.15280.67-.000510       X1/2   1       X1/2   0           11.5   R 11.5f 11.5455443 4 4 8 3 1 3    24.0   24.0
 81 1914.994619 1.730E-20 6.274E+00.05370.061  239.15280.67-.000510       X1/2   1       X1/2   0           13.5   R 11.5f 12.5455443 4 4 8 3 1 3    28.0   26.0
 81 1914.994622 1.473E-20 6.232E+00.05370.061  239.15280.67-.000510       X1/2   1       X1/2   0           11.5   R 11.5f 10.5455443 4 4 8 3 1 3    24.0   22.0
 81 1914.994632 1.596E-20 6.233E+00.05370.061  239.15280.67-.000510       X1/2   1       X1/2   0           12.5   R 11.5f 11.5455443 4 4 8 3 1 3    26.0   24.0
 81 1915.092641 1.110E-34 8.575E-03.05370.061 5816.31380.67-.000510       X3/2   4       X1/2   3                 RQ 12.5f     4654431111 8 3 1 3    78.0   78.0
 81 1915.246208 1.108E-34 8.555E-03.05370.061 5816.16960.67-.000510       X3/2   4       X1/2   3                 RQ 12.5e     4654431111 8 3 1 3    78.0   78.0
 81 1915.249960 9.674E-41 2.505E+01.03040.03710628.99410.70-.001200       X3/2   4       X3/2   3                 RR 54.5e     4622231111 8 3 1 3   336.0  330.0
 81 1915.254313 6.166E-31 1.888E+01.04000.054 5841.07780.60-.002220       X1/2   3       X1/2   2                 RR 35.5e     4632231111 8 3 1 3   222.0  216.0
 81 1915.258282 6.158E-31 1.888E+01.04000.054 5841.35730.60-.002220       X1/2   3       X1/2   2                 RR 35.5f     4632231111 8 3 1 3   222.0  216.0
 81 1915.259244 9.656E-41 2.505E+01.03040.03710629.37430.70-.001200       X3/2   4       X3/2   3                 RR 54.5f     4622231111 8 3 1 3   336.0  330.0
 81 1915.400219 9.448E-45 4.500E-03.03530.05110713.87140.60-.002220       X3/2   5       X1/2   4                 RQ 45.5e     4622231111 8 3 1 3   276.0  276.0
 81 1915.541508 1.678E-38 5.078E-03.05530.062 7464.29600.70-.001690       X3/2   5       X1/2   4                 SR  8.5f     4654431111 8 3 1 3    60.0   54.0
 81 1915.544545 1.934E-47 2.455E-03.04720.05811737.49010.60-.002220       X3/2   7       X1/2   6                 SR 23.5f     3643231111 8 3 1 3   150.0  144.0
 81 1915.575191 1.175E-40 2.507E+01.03070.04810592.72490.60-.002220       X1/2   4       X1/2   3                 RR 55.5e     4622231111 8 3 1 3   342.0  336.0
 81 1915.576791 1.174E-40 2.508E+01.03070.04810592.99300.60-.002220       X1/2   4       X1/2   3                 RR 55.5f     4622231111 8 3 1 3   342.0  336.0
 81 1915.615914 4.605E-45 4.409E-03.03490.05110861.89880.60-.002220       X3/2   5       X1/2   4                 RQ 46.5f     4622231111 8 3 1 3   282.0  282.0
 81 1915.635803 2.153E-64 2.496E+01.01920.02321956.01340.70-.001200       X3/2   4       X3/2   3                 RR100.5e     0222231211 8 3 1 3   612.0  606.0
 81 1915.640297 1.676E-38 5.070E-03.05530.062 7464.19290.70-.001690       X3/2   5       X1/2   4                 SR  8.5e     4654431111 8 3 1 3    60.0   54.0
 81 1915.646768 2.139E-64 2.496E+01.01920.02321957.36340.70-.001200       X3/2   4       X3/2   3                 RR100.5f     0222231211 8 3 1 3   612.0  606.0
 81 1915.683614 2.420E-64 2.496E+01.01940.03821933.97930.60-.002220       X1/2   4       X1/2   3                 RR101.5f     0222231211 8 3 1 3   618.0  612.0
 81 1915.684248 2.418E-64 2.496E+01.01940.03821934.13160.60-.002220       X1/2   4       X1/2   3                 RR101.5e     0222231211 8 3 1 3   618.0  612.0
 81 1915.710693 2.210E-66 1.540E-03.02110.04020884.82890.60-.002220       X3/2   5       X1/2   4                 RQ 92.5f     1622231111 8 3 1 3   558.0  558.0
 81 1915.724287 1.929E-47 2.447E-03.04720.05811737.25660.60-.002220       X3/2   7       X1/2   6                 SR 23.5e     3643231111 8 3 1 3   150.0  144.0
 81 1915.745298 9.499E-35 8.434E-03.05320.061 5860.05990.72-.001150       X3/2   4       X1/2   3                 RQ 13.5f     4654431111 8 3 1 3    84.0   84.0
 81 1915.745561 7.077E-35 9.466E-03.06630.073 5544.03250.790.000750       X3/2   4       X1/2   3                 SR  0.5f     4654431111 8 3 1 3    12.0    6.0
 81 1915.757361 7.076E-35 9.464E-03.06630.073 5544.02060.790.000750       X3/2   4       X1/2   3                 SR  0.5e     4654431111 8 3 1 3    12.0    6.0
 81 1915.767290 9.245E-21 6.202E+00.05610.065  365.52850.68-.001020       X3/2   1       X3/2   0           13.5   R 11.5e 12.5455443 4 4 8 3 1 3    28.0   26.0
 81 1915.767296 8.805E-26 6.891E-05.05610.065  365.52850.68-.001020       X3/2   1       X3/2   0           11.5   R 11.5e 12.5455443 4 4 8 3 1 3    24.0   26.0
 81 1915.767318 5.494E-23 4.300E-02.05610.065  365.52850.68-.001020       X3/2   1       X3/2   0           11.5   R 11.5e 11.5455443 4 4 8 3 1 3    24.0   24.0
 81 1915.767321 5.494E-23 3.969E-02.05610.065  365.52850.68-.001020       X3/2   1       X3/2   0           12.5   R 11.5e 12.5455443 4 4 8 3 1 3    26.0   26.0
 81 1915.767342 8.530E-21 6.162E+00.05610.065  365.52850.68-.001020       X3/2   1       X3/2   0           12.5   R 11.5e 11.5455443 4 4 8 3 1 3    26.0   24.0
 81 1915.767384 7.869E-21 6.158E+00.05610.065  365.52850.68-.001020       X3/2   1       X3/2   0           11.5   R 11.5e 10.5455443 4 4 8 3 1 3    24.0   22.0
 81 1915.768404 2.928E-25 1.288E+01.04780.058 2749.36430.60-.002220       X1/2   2       X1/2   1           22.5   R 22.5e 21.5454323 3 3 8 3 1 3    46.0   44.0
 81 1915.768415 3.056E-25 1.288E+01.04780.058 2749.36430.60-.002220       X1/2   2       X1/2   1           23.5   R 22.5e 22.5454323 3 3 8 3 1 3    48.0   46.0
 81 1915.768433 3.189E-25 1.290E+01.04780.058 2749.36430.60-.002220       X1/2   2       X1/2   1           24.5   R 22.5e 23.5454323 3 3 8 3 1 3    50.0   48.0
 81 1915.769004 8.804E-26 6.890E-05.05610.065  365.53660.68-.001020       X3/2   1       X3/2   0           11.5   R 11.5f 12.5455443 4 4 8 3 1 3    24.0   26.0
 81 1915.769033 5.494E-23 3.969E-02.05610.065  365.53660.68-.001020       X3/2   1       X3/2   0           12.5   R 11.5f 12.5455443 4 4 8 3 1 3    26.0   26.0
 81 1915.769214 9.244E-21 6.201E+00.05610.065  365.53660.68-.001020       X3/2   1       X3/2   0           13.5   R 11.5f 12.5455443 4 4 8 3 1 3    28.0   26.0
 81 1915.769217 5.494E-23 4.300E-02.05610.065  365.53660.68-.001020       X3/2   1       X3/2   0           11.5   R 11.5f 11.5455443 4 4 8 3 1 3    24.0   24.0
 81 1915.769246 8.529E-21 6.162E+00.05610.065  365.53660.68-.001020       X3/2   1       X3/2   0           12.5   R 11.5f 11.5455443 4 4 8 3 1 3    26.0   24.0
 81 1915.769280 7.869E-21 6.159E+00.05610.065  365.53660.68-.001020       X3/2   1       X3/2   0           11.5   R 11.5f 10.5455443 4 4 8 3 1 3    24.0   22.0
 81 1915.769612 5.544E-28 2.337E-02.04780.058 2749.36430.60-.002220       X1/2   2       X1/2   1           23.5   R 22.5e 23.5454323 3 3 8 3 1 3    48.0   48.0
 81 1915.769746 5.544E-28 2.438E-02.04780.058 2749.36430.60-.002220       X1/2   2       X1/2   1           22.5   R 22.5e 22.5454323 3 3 8 3 1 3    46.0   46.0
 81 1915.770758 2.508E-31 1.104E-05.04780.058 2749.58870.60-.002220       X1/2   2       X1/2   1           22.5   R 22.5f 23.5454323 3 3 8 3 1 3    46.0   48.0
 81 1915.770943 2.511E-31 1.104E-05.04780.058 2749.36430.60-.002220       X1/2   2       X1/2   1           22.5   R 22.5e 23.5454323 3 3 8 3 1 3    46.0   48.0
 81 1915.771955 3.420E-31 3.106E-03.05670.062 3827.29080.69-.001880       X3/2   3       X1/2   2                 QP  7.5f     4654431111 8 3 1 3    42.0   48.0
 81 1915.772947 5.538E-28 2.438E-02.04780.058 2749.58870.60-.002220       X1/2   2       X1/2   1           22.5   R 22.5f 22.5454323 3 3 8 3 1 3    46.0   46.0
 81 1915.772966 5.538E-28 2.337E-02.04780.058 2749.58870.60-.002220       X1/2   2       X1/2   1           23.5   R 22.5f 23.5454323 3 3 8 3 1 3    48.0   48.0
 81 1915.775150 3.186E-25 1.290E+01.04780.058 2749.58870.60-.002220       X1/2   2       X1/2   1           24.5   R 22.5f 23.5454323 3 3 8 3 1 3    50.0   48.0
 81 1915.775152 2.925E-25 1.288E+01.04780.058 2749.58870.60-.002220       X1/2   2       X1/2   1           22.5   R 22.5f 21.5454323 3 3 8 3 1 3    46.0   44.0
 81 1915.775155 3.053E-25 1.288E+01.04780.058 2749.58870.60-.002220       X1/2   2       X1/2   1           23.5   R 22.5f 22.5454323 3 3 8 3 1 3    48.0   46.0
 81 1915.820042 2.554E-75 1.884E+01.01650.02027110.59670.70-.001200       X3/2   3       X3/2   2                 RR120.5e     0222231211 8 3 1 3   732.0  726.0
 81 1915.827751 2.825E-75 1.883E+01.01660.03527091.46330.60-.002220       X1/2   3       X1/2   2                 RR121.5f     0222231211 8 3 1 3   738.0  732.0
 81 1915.829472 2.824E-75 1.883E+01.01660.03527091.57530.60-.002220       X1/2   3       X1/2   2                 RR121.5e     0222231211 8 3 1 3   738.0  732.0
 81 1915.831864 2.536E-75 1.883E+01.01650.02027112.01340.70-.001200       X3/2   3       X3/2   2                 RR120.5f     0222231211 8 3 1 3   732.0  726.0
 81 1915.862778 3.417E-31 3.103E-03.05670.062 3827.19850.69-.001880       X3/2   3       X1/2   2                 QP  7.5e     4654431111 8 3 1 3    42.0   48.0
 81 1915.868622 5.449E-67 1.499E-03.02090.04021169.51520.60-.002220       X3/2   5       X1/2   4                 RQ 93.5e     1622231111 8 3 1 3   564.0  564.0
 81 1915.910651 9.481E-35 8.413E-03.05320.061 5859.90620.72-.001150       X3/2   4       X1/2   3                 RQ 13.5e     4654431111 8 3 1 3    84.0   84.0
 81 1916.167509 4.585E-45 4.386E-03.03490.05110861.60720.60-.002220       X3/2   5       X1/2   4                 RQ 46.5e     4622231111 8 3 1 3   282.0  282.0
 81 1916.302119 4.110E-41 2.510E+01.03010.03610808.90100.70-.001200       X3/2   4       X3/2   3                 RR 55.5e     4622231111 8 3 1 3   342.0  336.0
 81 1916.311476 4.102E-41 2.510E+01.03010.03610809.29640.70-.001200       X3/2   4       X3/2   3                 RR 55.5f     4622231111 8 3 1 3   342.0  336.0
 81 1916.349861 2.201E-45 4.299E-03.03440.05111012.73090.60-.002220       X3/2   5       X1/2   4                 RQ 47.5f     4622231111 8 3 1 3   288.0  288.0
 81 1916.434619 7.952E-35 8.286E-03.05280.061 5907.04310.63-.000570       X3/2   4       X1/2   3                 RQ 14.5f     4654431111 8 3 1 3    90.0   90.0
 81 1916.452648 2.719E-31 1.890E+01.03950.047 6009.48750.70-.001200       X3/2   3       X3/2   2                 RR 35.5e     4632231111 8 3 1 3   222.0  216.0
 81 1916.459942 2.717E-31 1.890E+01.03950.047 6009.63460.70-.001200       X3/2   3       X3/2   2                 RR 35.5f     4632231111 8 3 1 3   222.0  216.0
 81 1916.607076 8.779E-66 1.572E-03.02130.04020602.87430.60-.002220       X3/2   5       X1/2   4                 RQ 91.5f     1622231111 8 3 1 3   552.0  552.0
 81 1916.611754 7.936E-35 8.265E-03.05280.061 5906.88010.63-.000570       X3/2   4       X1/2   3                 RQ 14.5e     4654431111 8 3 1 3    90.0   90.0
 81 1916.614606 4.979E-41 2.512E+01.03030.04810773.14490.60-.002220       X1/2   4       X1/2   3                 RR 56.5e     4622231111 8 3 1 3   348.0  342.0
 81 1916.616121 4.973E-41 2.512E+01.03030.04810773.40950.60-.002220       X1/2   4       X1/2   3                 RR 56.5f     4622231111 8 3 1 3   348.0  342.0
 81 1916.729466 9.585E-64 2.501E+01.01930.02421646.93140.70-.001200       X3/2   4       X3/2   3                 RR 99.5e     1622231211 8 3 1 3   606.0  600.0
 81 1916.740411 9.523E-64 2.501E+01.01930.02421648.27900.70-.001200       X3/2   4       X3/2   3                 RR 99.5f     1622231211 8 3 1 3   606.0  600.0
 81 1916.779761 1.078E-63 2.500E+01.01950.03921624.72630.60-.002220       X1/2   4       X1/2   3                 RR100.5f     0222231211 8 3 1 3   612.0  606.0
 81 1916.780363 1.078E-63 2.502E+01.01950.03921624.88150.60-.002220       X1/2   4       X1/2   3                 RR100.5e     0222231211 8 3 1 3   612.0  606.0
 81 1916.799350 2.194E-66 1.531E-03.02110.04020884.86620.60-.002220       X3/2   5       X1/2   4                 RQ 92.5e     1622231111 8 3 1 3   558.0  558.0
 81 1916.871397 3.301E-89 6.398E+00.01420.03233505.75480.60-.002220       X1/2   1       X1/2   0                 RR145.5f     0222231211 8 3 1 3   882.0  876.0
 81 1916.875363 3.300E-89 6.398E+00.01420.03233505.83350.60-.002220       X1/2   1       X1/2   0                 RR145.5e     0222231211 8 3 1 3   882.0  876.0
 81 1916.893043 3.022E-89 6.398E+00.01410.01733522.51900.70-.001200       X3/2   1       X3/2   0                 RR144.5e     0222231211 8 3 1 3   876.0  870.0
 81 1916.906850 3.000E-89 6.398E+00.01410.01733524.02780.70-.001200       X3/2   1       X3/2   0                 RR144.5f     0222231211 8 3 1 3   876.0  870.0
 81 1916.913137 2.191E-45 4.276E-03.03440.05111012.44030.60-.002220       X3/2   5       X1/2   4                 RQ 47.5e     4622231111 8 3 1 3   288.0  288.0
 81 1916.945198 1.592E-25 1.288E+01.04830.057 2891.66150.70-.001200       X3/2   2       X3/2   1           24.5   R 22.5e 23.5454323 3 3 8 3 1 3    50.0   48.0
 81 1916.945224 1.526E-25 1.286E+01.04830.057 2891.66150.70-.001200       X3/2   2       X3/2   1           23.5   R 22.5e 22.5454323 3 3 8 3 1 3    48.0   46.0
 81 1916.945245 1.462E-25 1.286E+01.04830.057 2891.66150.70-.001200       X3/2   2       X3/2   1           22.5   R 22.5e 21.5454323 3 3 8 3 1 3    46.0   44.0
 81 1916.945542 2.768E-28 2.434E-02.04830.057 2891.66150.70-.001200       X3/2   2       X3/2   1           22.5   R 22.5e 22.5454323 3 3 8 3 1 3    46.0   46.0
 81 1916.945647 2.768E-28 2.333E-02.04830.057 2891.66150.70-.001200       X3/2   2       X3/2   1           23.5   R 22.5e 23.5454323 3 3 8 3 1 3    48.0   48.0
 81 1916.945965 1.253E-31 1.102E-05.04830.057 2891.66150.70-.001200       X3/2   2       X3/2   1           22.5   R 22.5e 23.5454323 3 3 8 3 1 3    46.0   48.0
 81 1916.949889 2.767E-28 2.332E-02.04830.057 2891.71010.70-.001200       X3/2   2       X3/2   1           23.5   R 22.5f 23.5454323 3 3 8 3 1 3    48.0   48.0
 81 1916.949915 1.592E-25 1.288E+01.04830.057 2891.71010.70-.001200       X3/2   2       X3/2   1           24.5   R 22.5f 23.5454323 3 3 8 3 1 3    50.0   48.0
 81 1916.949921 1.525E-25 1.285E+01.04830.057 2891.71010.70-.001200       X3/2   2       X3/2   1           23.5   R 22.5f 22.5454323 3 3 8 3 1 3    48.0   46.0
 81 1916.949930 1.462E-25 1.286E+01.04830.057 2891.71010.70-.001200       X3/2   2       X3/2   1           22.5   R 22.5f 21.5454323 3 3 8 3 1 3    46.0   44.0
 81 1916.950066 1.253E-31 1.102E-05.04830.057 2891.71010.70-.001200       X3/2   2       X3/2   1           22.5   R 22.5f 23.5454323 3 3 8 3 1 3    46.0   48.0
 81 1916.950098 2.767E-28 2.434E-02.04830.057 2891.71010.70-.001200       X3/2   2       X3/2   1           22.5   R 22.5f 22.5454323 3 3 8 3 1 3    46.0   46.0
 81 1916.981156 4.065E-58 8.126E-04.03780.05316669.47540.60-.002220       X3/2   9       X1/2   8                 SR 39.5f     3632231111 8 3 1 3   246.0  240.0
 81 1917.001378 8.887E-27 6.980E-04.04410.056 1501.93850.60-.001280       X3/2   1       X1/2   0           29.5   P 29.5f 30.5453323 4 4 8 3 1 3    60.0   62.0
 81 1917.003520 8.590E-27 6.979E-04.04410.056 1501.93850.60-.001280       X3/2   1       X1/2   0           28.5   P 29.5f 29.5453323 4 4 8 3 1 3    58.0   60.0
 81 1917.003530 9.882E-30 7.762E-07.04410.056 1501.93850.60-.001280       X3/2   1       X1/2   0           29.5   P 29.5f 29.5453323 4 4 8 3 1 3    60.0   60.0
 81 1917.005740 9.882E-30 8.029E-07.04410.056 1501.93850.60-.001280       X3/2   1       X1/2   0           28.5   P 29.5f 28.5453323 4 4 8 3 1 3    58.0   58.0
 81 1917.005750 2.840E-33 2.231E-10.04410.056 1501.93850.60-.001280       X3/2   1       X1/2   0           29.5   P 29.5f 28.5453323 4 4 8 3 1 3    60.0   58.0
 81 1917.005955 8.304E-27 6.988E-04.04410.056 1501.93850.60-.001280       X3/2   1       X1/2   0           27.5   P 29.5f 28.5453323 4 4 8 3 1 3    56.0   58.0
 81 1917.029158 5.193E-28 1.987E-03.05120.060 2410.58560.60-.002320       X3/2   2       X1/2   1                 QP 17.5f     4653231111 8 3 1 3   102.0  108.0
 81 1917.058459 1.376E-82 1.268E+01.01520.03430494.53870.60-.002220       X1/2   2       X1/2   1                 RR134.5f     0222231211 8 3 1 3   816.0  810.0
 81 1917.061186 1.036E-45 4.192E-03.03400.05011166.65410.60-.002220       X3/2   5       X1/2   4                 RQ 48.5f     4622231111 8 3 1 3   294.0  294.0
 81 1917.061242 1.376E-82 1.269E+01.01520.03430494.63110.60-.002220       X1/2   2       X1/2   1                 RR134.5e     0222231211 8 3 1 3   816.0  810.0
 81 1917.068435 1.254E-82 1.269E+01.01510.01830512.26710.70-.001200       X3/2   2       X3/2   1                 RR133.5e     0222231211 8 3 1 3   810.0  804.0
 81 1917.081175 1.245E-82 1.269E+01.01510.01830513.73250.70-.001200       X3/2   2       X3/2   1                 RR133.5f     0222231211 8 3 1 3   810.0  804.0
 81 1917.103713 4.051E-58 8.087E-04.03780.05316669.17550.60-.002220       X3/2   9       X1/2   8                 SR 39.5e     3632231111 8 3 1 3   246.0  240.0
 81 1917.141749 1.355E-52 1.457E-03.04230.05514128.64070.60-.002220       X3/2   8       X1/2   7                 SR 31.5f     3633231111 8 3 1 3   198.0  192.0
 81 1917.158396 6.518E-35 8.134E-03.05230.060 5957.26260.63-.001190       X3/2   4       X1/2   3                 RQ 15.5f     4654431111 8 3 1 3    96.0   96.0
 81 1917.163902 3.557E-31 1.895E+01.03950.054 5960.10250.60-.002220       X1/2   3       X1/2   2                 RR 36.5e     4632231111 8 3 1 3   228.0  222.0
 81 1917.167697 3.552E-31 1.895E+01.03950.054 5960.38400.60-.002220       X1/2   3       X1/2   2                 RR 36.5f     4632231111 8 3 1 3   228.0  222.0
 81 1917.172499 2.844E-33 2.231E-10.04410.056 1501.67960.60-.001280       X3/2   1       X1/2   0           29.5   P 29.5e 28.5453323 4 4 8 3 1 3    60.0   58.0
 81 1917.173090 9.896E-30 8.032E-07.04410.056 1501.67960.60-.001280       X3/2   1       X1/2   0           28.5   P 29.5e 28.5453323 4 4 8 3 1 3    58.0   58.0
 81 1917.173527 8.315E-27 6.990E-04.04410.056 1501.67960.60-.001280       X3/2   1       X1/2   0           27.5   P 29.5e 28.5453323 4 4 8 3 1 3    56.0   58.0
 81 1917.173735 9.896E-30 7.764E-07.04410.056 1501.67960.60-.001280       X3/2   1       X1/2   0           29.5   P 29.5e 29.5453323 4 4 8 3 1 3    60.0   60.0
 81 1917.174326 8.602E-27 6.982E-04.04410.056 1501.67960.60-.001280       X3/2   1       X1/2   0           28.5   P 29.5e 29.5453323 4 4 8 3 1 3    58.0   60.0
 81 1917.174776 8.899E-27 6.982E-04.04410.056 1501.67960.60-.001280       X3/2   1       X1/2   0           29.5   P 29.5e 30.5453323 4 4 8 3 1 3    60.0   62.0
 81 1917.196716 5.183E-28 1.982E-03.05120.060 2410.39710.60-.002320       X3/2   2       X1/2   1                 QP 17.5e     4653231111 8 3 1 3   102.0  108.0
 81 1917.239245 8.151E-43 3.587E-03.05120.060 9556.72190.60-.001400       X3/2   6       X1/2   5                 SR 16.5f     3653231111 8 3 1 3   108.0  102.0
 81 1917.310291 1.720E-41 2.515E+01.02970.03610991.89020.70-.001200       X3/2   4       X3/2   3                 RR 56.5e     4622231111 8 3 1 3   348.0  342.0
 81 1917.310298 1.351E-52 1.451E-03.04230.05514128.36510.60-.002220       X3/2   8       X1/2   7                 SR 31.5e     3633231111 8 3 1 3   198.0  192.0
 81 1917.319717 1.716E-41 2.514E+01.02970.03610992.30100.70-.001200       X3/2   4       X3/2   3                 RR 56.5f     4622231111 8 3 1 3   348.0  342.0
 81 1917.347307 6.504E-35 8.111E-03.05230.060 5957.09060.63-.001190       X3/2   4       X1/2   3                 RQ 15.5e     4654431111 8 3 1 3    96.0   96.0
 81 1917.397492 8.135E-43 3.577E-03.05120.060 9556.54100.60-.001400       X3/2   6       X1/2   5                 SR 16.5e     3653231111 8 3 1 3   108.0  102.0
 81 1917.457756 3.442E-65 1.605E-03.02150.04120323.61220.60-.002220       X3/2   5       X1/2   4                 RQ 90.5f     1622231111 8 3 1 3   546.0  546.0
 81 1917.513638 2.577E-64 3.917E-04.03350.05019496.11290.60-.002220       X3/2  10       X1/2   9                 SR 48.5f     3622231111 8 3 1 3   300.0  294.0
 81 1917.546576 2.565E-64 3.893E-04.03350.05019495.80480.60-.002220       X3/2  10       X1/2   9                 SR 48.5e     3622231111 8 3 1 3   300.0  294.0
 81 1917.610566 2.078E-41 2.517E+01.03000.04810956.63310.60-.002220       X1/2   4       X1/2   3                 RR 57.5e     4622231111 8 3 1 3   354.0  348.0
 81 1917.612001 2.075E-41 2.517E+01.03000.04810956.89380.60-.002220       X1/2   4       X1/2   3                 RR 57.5f     4622231111 8 3 1 3   354.0  348.0
 81 1917.636140 1.031E-45 4.168E-03.03400.05011166.36470.60-.002220       X3/2   5       X1/2   4                 RQ 48.5e     4622231111 8 3 1 3   294.0  294.0
 81 1917.684052 8.715E-66 1.562E-03.02130.04020602.89790.60-.002220       X3/2   5       X1/2   4                 RQ 91.5e     1622231111 8 3 1 3   552.0  552.0
 81 1917.748961 4.800E-46 4.086E-03.03350.05011323.66250.60-.002220       X3/2   5       X1/2   4                 RQ 49.5f     4622231111 8 3 1 3   300.0  300.0
 81 1917.771372 4.214E-63 2.506E+01.01950.02421340.44110.70-.001200       X3/2   4       X3/2   3                 RR 98.5e     1622231211 8 3 1 3   600.0  594.0
 81 1917.782297 4.187E-63 2.506E+01.01950.02421341.76040.70-.001200       X3/2   4       X3/2   3                 RR 98.5f     1622231211 8 3 1 3   600.0  594.0
 81 1917.824230 4.745E-63 2.506E+01.01970.03921318.08720.60-.002220       X1/2   4       X1/2   3                 RR 99.5f     1622231211 8 3 1 3   606.0  600.0
 81 1917.824799 4.741E-63 2.506E+01.01970.03921318.24520.60-.002220       X1/2   4       X1/2   3                 RR 99.5e     1622231211 8 3 1 3   606.0  600.0
 81 1917.863069 1.310E-20 6.283E+00.05320.061  280.80700.72-.001150       X1/2   1       X1/2   0           12.5   R 12.5e 11.5455443 4 4 8 3 1 3    26.0   24.0
 81 1917.863078 1.412E-20 6.288E+00.05320.061  280.80700.72-.001150       X1/2   1       X1/2   0           13.5   R 12.5e 12.5455443 4 4 8 3 1 3    28.0   26.0
 81 1917.863099 1.521E-20 6.322E+00.05320.061  280.80700.72-.001150       X1/2   1       X1/2   0           14.5   R 12.5e 13.5455443 4 4 8 3 1 3    30.0   28.0
 81 1917.864516 7.789E-23 3.469E-02.05320.061  280.80700.72-.001150       X1/2   1       X1/2   0           13.5   R 12.5e 13.5455443 4 4 8 3 1 3    28.0   28.0
 81 1917.864543 7.789E-23 3.736E-02.05320.061  280.80700.72-.001150       X1/2   1       X1/2   0           12.5   R 12.5e 12.5455443 4 4 8 3 1 3    26.0   26.0
 81 1917.865981 1.070E-25 5.132E-05.05320.061  280.80700.72-.001150       X1/2   1       X1/2   0           12.5   R 12.5e 13.5455443 4 4 8 3 1 3    26.0   28.0
 81 1917.868197 1.069E-25 5.131E-05.05320.061  280.95120.72-.001150       X1/2   1       X1/2   0           12.5   R 12.5f 13.5455443 4 4 8 3 1 3    26.0   28.0
 81 1917.870344 7.784E-23 3.469E-02.05320.061  280.95120.72-.001150       X1/2   1       X1/2   0           13.5   R 12.5f 13.5455443 4 4 8 3 1 3    28.0   28.0
 81 1917.870450 7.784E-23 3.736E-02.05320.061  280.95120.72-.001150       X1/2   1       X1/2   0           12.5   R 12.5f 12.5455443 4 4 8 3 1 3    26.0   26.0
 81 1917.872586 1.520E-20 6.322E+00.05320.061  280.95120.72-.001150       X1/2   1       X1/2   0           14.5   R 12.5f 13.5455443 4 4 8 3 1 3    30.0   28.0
 81 1917.872588 1.309E-20 6.282E+00.05320.061  280.95120.72-.001150       X1/2   1       X1/2   0           12.5   R 12.5f 11.5455443 4 4 8 3 1 3    26.0   24.0
 81 1917.872597 1.411E-20 6.288E+00.05320.061  280.95120.72-.001150       X1/2   1       X1/2   0           13.5   R 12.5f 12.5455443 4 4 8 3 1 3    28.0   26.0
 81 1917.914376 5.233E-35 7.976E-03.05180.060 6010.71740.51-.001210       X3/2   4       X1/2   3                 RQ 16.5f     4654431111 8 3 1 3   102.0  102.0
 81 1917.937184 1.480E-74 1.891E+01.01660.02026747.76080.70-.001200       X3/2   3       X3/2   2                 RR119.5e     0222231211 8 3 1 3   726.0  720.0
 81 1917.946294 1.639E-74 1.891E+01.01670.03526728.51310.60-.002220       X1/2   3       X1/2   2                 RR120.5f     0222231211 8 3 1 3   732.0  726.0
 81 1917.947974 1.638E-74 1.891E+01.01670.03526728.62790.60-.002220       X1/2   3       X1/2   2                 RR120.5e     0222231211 8 3 1 3   732.0  726.0
 81 1917.948976 1.470E-74 1.891E+01.01660.02026749.17510.70-.001200       X3/2   3       X3/2   2                 RR119.5f     0222231211 8 3 1 3   726.0  720.0
 81 1918.115057 5.221E-35 7.953E-03.05180.060 6010.53680.51-.001210       X3/2   4       X1/2   3                 RQ 16.5e     4654431111 8 3 1 3   102.0  102.0
 81 1918.214211 2.100E-25 1.294E+01.04720.058 2827.05150.60-.002220       X1/2   2       X1/2   1           23.5   R 23.5e 22.5454323 3 3 8 3 1 3    48.0   46.0
 81 1918.214222 2.188E-25 1.295E+01.04720.058 2827.05150.60-.002220       X1/2   2       X1/2   1           24.5   R 23.5e 23.5454323 3 3 8 3 1 3    50.0   48.0
 81 1918.214239 2.279E-25 1.297E+01.04720.058 2827.05150.60-.002220       X1/2   2       X1/2   1           25.5   R 23.5e 24.5454323 3 3 8 3 1 3    52.0   50.0
 81 1918.215396 3.651E-28 2.160E-02.04720.058 2827.05150.60-.002220       X1/2   2       X1/2   1           24.5   R 23.5e 24.5454323 3 3 8 3 1 3    50.0   50.0
 81 1918.215538 3.651E-28 2.250E-02.04720.058 2827.05150.60-.002220       X1/2   2       X1/2   1           23.5   R 23.5e 23.5454323 3 3 8 3 1 3    48.0   48.0
 81 1918.216321 1.520E-31 9.380E-06.04720.058 2827.28200.60-.002220       X1/2   2       X1/2   1           23.5   R 23.5f 24.5454323 3 3 8 3 1 3    48.0   50.0
 81 1918.216712 1.521E-31 9.375E-06.04720.058 2827.05150.60-.002220       X1/2   2       X1/2   1           23.5   R 23.5e 24.5454323 3 3 8 3 1 3    48.0   50.0
 81 1918.218504 3.647E-28 2.251E-02.04720.058 2827.28200.60-.002220       X1/2   2       X1/2   1           23.5   R 23.5f 23.5454323 3 3 8 3 1 3    48.0   48.0
 81 1918.218532 3.647E-28 2.161E-02.04720.058 2827.28200.60-.002220       X1/2   2       X1/2   1           24.5   R 23.5f 24.5454323 3 3 8 3 1 3    50.0   50.0
 81 1918.220711 2.277E-25 1.297E+01.04720.058 2827.28200.60-.002220       X1/2   2       X1/2   1           25.5   R 23.5f 24.5454323 3 3 8 3 1 3    52.0   50.0
 81 1918.220713 2.098E-25 1.295E+01.04720.058 2827.28200.60-.002220       X1/2   2       X1/2   1           23.5   R 23.5f 22.5454323 3 3 8 3 1 3    48.0   46.0
 81 1918.220716 2.186E-25 1.295E+01.04720.058 2827.28200.60-.002220       X1/2   2       X1/2   1           24.5   R 23.5f 23.5454323 3 3 8 3 1 3    50.0   48.0
 81 1918.263058 1.332E-64 1.639E-03.02170.04120047.05470.60-.002220       X3/2   5       X1/2   4                 RQ 89.5f     1622231111 8 3 1 3   540.0  540.0
 81 1918.274323 7.086E-42 2.519E+01.02930.03511177.95370.70-.001200       X3/2   4       X3/2   3                 RR 57.5e     4622231111 8 3 1 3   354.0  348.0
 81 1918.283818 7.071E-42 2.519E+01.02930.03511178.38030.70-.001200       X3/2   4       X3/2   3                 RR 57.5f     4622231111 8 3 1 3   354.0  348.0
 81 1918.335594 4.778E-46 4.064E-03.03350.05011323.37460.60-.002220       X3/2   5       X1/2   4                 RQ 49.5e     4622231111 8 3 1 3   300.0  300.0
 81 1918.352798 1.551E-31 1.897E+01.03890.046 6130.81040.70-.001200       X3/2   3       X3/2   2                 RR 36.5e     4632231111 8 3 1 3   228.0  222.0
 81 1918.360251 1.550E-31 1.897E+01.03890.046 6130.96750.70-.001200       X3/2   3       X3/2   2                 RR 36.5f     4632231111 8 3 1 3   228.0  222.0
 81 1918.412292 2.191E-46 3.984E-03.03310.05011483.74980.60-.002220       X3/2   5       X1/2   4                 RQ 50.5f     4622231111 8 3 1 3   306.0  306.0
 81 1918.523052 3.417E-65 1.595E-03.02150.04120323.62240.60-.002220       X3/2   5       X1/2   4                 RQ 90.5e     1622231111 8 3 1 3   546.0  546.0
 81 1918.541136 5.167E-77 8.661E-04.01780.03725843.83460.60-.002220       X3/2   4       X1/2   3                 RQ113.5f     0222231211 8 3 1 3   684.0  684.0
 81 1918.562897 8.538E-42 2.521E+01.02960.04711143.18230.60-.002220       X1/2   4       X1/2   3                 RR 58.5e     4622231111 8 3 1 3   360.0  354.0
 81 1918.564253 8.527E-42 2.521E+01.02960.04711143.43890.60-.002220       X1/2   4       X1/2   3                 RR 58.5f     4622231111 8 3 1 3   360.0  354.0
 81 1918.693626 3.200E-31 3.019E-03.05760.063 3802.72110.64-.002450       X3/2   3       X1/2   2                 QP  6.5f     4654431111 8 3 1 3    36.0   42.0
 81 1918.700277 4.118E-35 7.815E-03.05120.060 6067.40660.60-.001400       X3/2   4       X1/2   3                 RQ 17.5f     4653231111 8 3 1 3   108.0  108.0
 81 1918.702118 8.092E-21 6.261E+00.05550.064  408.45360.66-.001370       X3/2   1       X3/2   0           14.5   R 12.5e 13.5455443 4 4 8 3 1 3    30.0   28.0
 81 1918.702165 7.511E-21 6.226E+00.05550.064  408.45360.66-.001370       X3/2   1       X3/2   0           13.5   R 12.5e 12.5455443 4 4 8 3 1 3    28.0   26.0
 81 1918.702181 4.144E-23 3.699E-02.05550.064  408.45360.66-.001370       X3/2   1       X3/2   0           12.5   R 12.5e 12.5455443 4 4 8 3 1 3    26.0   26.0
 81 1918.702198 4.144E-23 3.435E-02.05550.064  408.45360.66-.001370       X3/2   1       X3/2   0           13.5   R 12.5e 13.5455443 4 4 8 3 1 3    28.0   28.0
 81 1918.702204 6.972E-21 6.224E+00.05550.064  408.45360.66-.001370       X3/2   1       X3/2   0           12.5   R 12.5e 11.5455443 4 4 8 3 1 3    26.0   24.0
 81 1918.702214 5.692E-26 5.081E-05.05550.064  408.45360.66-.001370       X3/2   1       X3/2   0           12.5   R 12.5e 13.5455443 4 4 8 3 1 3    26.0   28.0
 81 1918.704150 4.144E-23 3.435E-02.05550.064  408.46380.66-.001370       X3/2   1       X3/2   0           13.5   R 12.5f 13.5455443 4 4 8 3 1 3    28.0   28.0
 81 1918.704151 5.692E-26 5.082E-05.05550.064  408.46380.66-.001370       X3/2   1       X3/2   0           12.5   R 12.5f 13.5455443 4 4 8 3 1 3    26.0   28.0
 81 1918.704304 8.092E-21 6.261E+00.05550.064  408.46380.66-.001370       X3/2   1       X3/2   0           14.5   R 12.5f 13.5455443 4 4 8 3 1 3    30.0   28.0
 81 1918.704331 7.511E-21 6.227E+00.05550.064  408.46380.66-.001370       X3/2   1       X3/2   0           13.5   R 12.5f 12.5455443 4 4 8 3 1 3    28.0   26.0
 81 1918.704333 4.144E-23 3.700E-02.05550.064  408.46380.66-.001370       X3/2   1       X3/2   0           12.5   R 12.5f 12.5455443 4 4 8 3 1 3    26.0   26.0
 81 1918.704361 6.971E-21 6.224E+00.05550.064  408.46380.66-.001370       X3/2   1       X3/2   0           12.5   R 12.5f 11.5455443 4 4 8 3 1 3    26.0   24.0
 81 1918.761723 1.829E-62 2.511E+01.01970.02421036.58440.70-.001200       X3/2   4       X3/2   3                 RR 97.5e     1622231111 8 3 1 3   594.0  588.0
 81 1918.772627 1.817E-62 2.510E+01.01970.02421037.87560.70-.001200       X3/2   4       X3/2   3                 RR 97.5f     1622231111 8 3 1 3   594.0  588.0
 81 1918.773962 3.197E-31 3.015E-03.05760.063 3802.63980.64-.002450       X3/2   3       X1/2   2                 QP  6.5e     4654431111 8 3 1 3    36.0   42.0
 81 1918.817224 2.061E-62 2.511E+01.01980.03921014.04780.60-.002220       X1/2   4       X1/2   3                 RR 98.5f     1622231211 8 3 1 3   600.0  594.0
 81 1918.817761 2.060E-62 2.511E+01.01980.03921014.18950.60-.002220       X1/2   4       X1/2   3                 RR 98.5e     1622231211 8 3 1 3   600.0  594.0
 81 1918.912724 4.109E-35 7.793E-03.05120.060 6067.21770.60-.001400       X3/2   4       X1/2   3                 RQ 17.5e     4653231111 8 3 1 3   108.0  108.0
 81 1919.010603 2.181E-46 3.963E-03.03310.05011483.46370.60-.002220       X3/2   5       X1/2   4                 RQ 50.5e     4622231111 8 3 1 3   306.0  306.0
 81 1919.023310 5.087E-64 1.673E-03.02190.04119773.21360.60-.002220       X3/2   5       X1/2   4                 RQ 88.5f     1622231111 8 3 1 3   534.0  534.0
 81 1919.033744 2.018E-31 1.901E+01.03890.053 6082.34550.60-.002220       X1/2   3       X1/2   2                 RR 37.5e     4632231111 8 3 1 3   234.0  228.0
 81 1919.037371 2.015E-31 1.901E+01.03890.053 6082.62870.60-.002220       X1/2   3       X1/2   2                 RR 37.5f     4632231111 8 3 1 3   234.0  228.0
 81 1919.050317 9.851E-47 3.885E-03.03270.05011646.90990.60-.002220       X3/2   5       X1/2   4                 RQ 51.5f     4622231111 8 3 1 3   312.0  312.0
 81 1919.117265 8.121E-35 7.441E-03.06370.069 5548.89990.78-.000430       X3/2   4       X1/2   3                 SR  1.5f     4654431111 8 3 1 3    18.0   12.0
 81 1919.140781 8.118E-35 7.438E-03.06370.069 5548.87630.78-.000430       X3/2   4       X1/2   3                 SR  1.5e     4654431111 8 3 1 3    18.0   12.0
 81 1919.194067 2.876E-42 2.523E+01.02900.03511367.08380.70-.001200       X3/2   4       X3/2   3                 RR 58.5e     4622231111 8 3 1 3   360.0  354.0
 81 1919.203625 2.869E-42 2.522E+01.02900.03511367.52640.70-.001200       X3/2   4       X3/2   3                 RR 58.5f     4622231111 8 3 1 3   360.0  354.0
 81 1919.237312 1.441E-26 7.273E-04.04470.056 1403.49820.60-.001280       X3/2   1       X1/2   0           28.5   P 28.5f 29.5453323 4 4 8 3 1 3    58.0   60.0
 81 1919.239458 1.392E-26 7.276E-04.04470.056 1403.49820.60-.001280       X3/2   1       X1/2   0           27.5   P 28.5f 28.5453323 4 4 8 3 1 3    56.0   58.0
 81 1919.239470 1.715E-29 8.656E-07.04470.056 1403.49820.60-.001280       X3/2   1       X1/2   0           28.5   P 28.5f 28.5453323 4 4 8 3 1 3    58.0   58.0
 81 1919.241677 1.715E-29 8.965E-07.04470.056 1403.49820.60-.001280       X3/2   1       X1/2   0           27.5   P 28.5f 27.5453323 4 4 8 3 1 3    56.0   56.0
 81 1919.241689 5.282E-33 2.666E-10.04470.056 1403.49820.60-.001280       X3/2   1       X1/2   0           28.5   P 28.5f 27.5453323 4 4 8 3 1 3    58.0   56.0
 81 1919.241887 1.344E-26 7.286E-04.04470.056 1403.49820.60-.001280       X3/2   1       X1/2   0           26.5   P 28.5f 27.5453323 4 4 8 3 1 3    54.0   56.0
 81 1919.259576 1.502E-38 4.810E-03.05470.062 7494.75950.68-.000560       X3/2   5       X1/2   4                 SR  9.5f     4654431111 8 3 1 3    66.0   60.0
 81 1919.316674 1.323E-64 1.629E-03.02170.04120047.05190.60-.002220       X3/2   5       X1/2   4                 RQ 89.5e     1622231111 8 3 1 3   540.0  540.0
 81 1919.367626 1.500E-38 4.802E-03.05470.062 7494.64580.68-.000560       X3/2   5       X1/2   4                 SR  9.5e     4654431111 8 3 1 3    66.0   60.0
 81 1919.410575 1.128E-25 1.295E+01.04760.056 2971.18040.70-.001200       X3/2   2       X3/2   1           25.5   R 23.5e 24.5454323 3 3 8 3 1 3    52.0   50.0
 81 1919.410599 1.083E-25 1.293E+01.04760.056 2971.18040.70-.001200       X3/2   2       X3/2   1           24.5   R 23.5e 23.5454323 3 3 8 3 1 3    50.0   48.0
 81 1919.410619 1.040E-25 1.293E+01.04760.056 2971.18040.70-.001200       X3/2   2       X3/2   1           23.5   R 23.5e 22.5454323 3 3 8 3 1 3    48.0   46.0
 81 1919.410942 1.807E-28 2.247E-02.04760.056 2971.18040.70-.001200       X3/2   2       X3/2   1           23.5   R 23.5e 23.5454323 3 3 8 3 1 3    48.0   48.0
 81 1919.411053 1.807E-28 2.157E-02.04760.056 2971.18040.70-.001200       X3/2   2       X3/2   1           24.5   R 23.5e 24.5454323 3 3 8 3 1 3    50.0   50.0
 81 1919.411395 7.530E-32 9.364E-06.04760.056 2971.18040.70-.001200       X3/2   2       X3/2   1           23.5   R 23.5e 24.5454323 3 3 8 3 1 3    48.0   50.0
 81 1919.411935 5.289E-33 2.667E-10.04470.056 1403.24330.60-.001280       X3/2   1       X1/2   0           28.5   P 28.5e 27.5453323 4 4 8 3 1 3    58.0   56.0
 81 1919.412500 1.718E-29 8.971E-07.04470.056 1403.24330.60-.001280       X3/2   1       X1/2   0           27.5   P 28.5e 27.5453323 4 4 8 3 1 3    56.0   56.0
 81 1919.412916 1.345E-26 7.283E-04.04470.056 1403.24330.60-.001280       X3/2   1       X1/2   0           26.5   P 28.5e 27.5453323 4 4 8 3 1 3    54.0   56.0
 81 1919.413186 1.718E-29 8.662E-07.04470.056 1403.24330.60-.001280       X3/2   1       X1/2   0           28.5   P 28.5e 28.5453323 4 4 8 3 1 3    58.0   58.0
 81 1919.413751 1.394E-26 7.279E-04.04470.056 1403.24330.60-.001280       X3/2   1       X1/2   0           27.5   P 28.5e 28.5453323 4 4 8 3 1 3    56.0   58.0
 81 1919.414247 1.443E-26 7.275E-04.04470.056 1403.24330.60-.001280       X3/2   1       X1/2   0           28.5   P 28.5e 29.5453323 4 4 8 3 1 3    58.0   60.0
 81 1919.415488 1.807E-28 2.158E-02.04760.056 2971.23470.70-.001200       X3/2   2       X3/2   1           24.5   R 23.5f 24.5454323 3 3 8 3 1 3    50.0   50.0
 81 1919.415509 1.128E-25 1.295E+01.04760.056 2971.23470.70-.001200       X3/2   2       X3/2   1           25.5   R 23.5f 24.5454323 3 3 8 3 1 3    52.0   50.0
 81 1919.415514 1.083E-25 1.293E+01.04760.056 2971.23470.70-.001200       X3/2   2       X3/2   1           24.5   R 23.5f 23.5454323 3 3 8 3 1 3    50.0   48.0
 81 1919.415523 1.039E-25 1.292E+01.04760.056 2971.23470.70-.001200       X3/2   2       X3/2   1           23.5   R 23.5f 22.5454323 3 3 8 3 1 3    48.0   46.0
 81 1919.415675 7.528E-32 9.364E-06.04760.056 2971.23470.70-.001200       X3/2   2       X3/2   1           23.5   R 23.5f 24.5454323 3 3 8 3 1 3    48.0   50.0
 81 1919.415701 1.807E-28 2.248E-02.04760.056 2971.23470.70-.001200       X3/2   2       X3/2   1           23.5   R 23.5f 23.5454323 3 3 8 3 1 3    48.0   48.0
 81 1919.471421 3.456E-42 2.525E+01.02920.04711332.78500.60-.002220       X1/2   4       X1/2   3                 RR 59.5e     4622231111 8 3 1 3   366.0  360.0
 81 1919.472701 3.452E-42 2.525E+01.02920.04711333.03710.60-.002220       X1/2   4       X1/2   3                 RR 59.5f     4622231111 8 3 1 3   366.0  360.0
 81 1919.507563 1.286E-47 2.289E-03.04660.05711814.21830.60-.002220       X3/2   7       X1/2   6                 SR 24.5f     3643231111 8 3 1 3   156.0  150.0
 81 1919.513805 3.178E-35 7.652E-03.05070.060 6127.32900.60-.001590       X3/2   4       X1/2   3                 RQ 18.5f     4653231111 8 3 1 3   114.0  114.0
 81 1919.521856 6.643E-28 2.044E-03.05180.060 2352.68820.51-.001050       X3/2   2       X1/2   1                 QP 16.5f     4654431111 8 3 1 3    96.0  102.0
 81 1919.660305 9.804E-47 3.864E-03.03270.05011646.62580.60-.002220       X3/2   5       X1/2   4                 RQ 51.5e     4622231111 8 3 1 3   312.0  312.0
 81 1919.662205 4.362E-47 3.789E-03.03230.04911813.13620.60-.002220       X3/2   5       X1/2   4                 RQ 52.5f     4622231111 8 3 1 3   318.0  318.0
 81 1919.684466 6.631E-28 2.039E-03.05180.060 2352.50790.51-.001050       X3/2   2       X1/2   1                 QP 16.5e     4654431111 8 3 1 3    96.0  102.0
 81 1919.687714 1.283E-47 2.281E-03.04660.05711813.97860.60-.002220       X3/2   7       X1/2   6                 SR 24.5e     3643231111 8 3 1 3   156.0  150.0
 81 1919.700720 7.834E-62 2.516E+01.01980.02420735.37420.70-.001200       X3/2   4       X3/2   3                 RR 96.5e     1622231111 8 3 1 3   588.0  582.0
 81 1919.711605 7.786E-62 2.516E+01.01980.02420736.63780.70-.001200       X3/2   4       X3/2   3                 RR 96.5f     1622231111 8 3 1 3   588.0  582.0
 81 1919.738013 3.170E-35 7.627E-03.05070.060 6127.13220.60-.001590       X3/2   4       X1/2   3                 RQ 18.5e     4653231111 8 3 1 3   114.0  114.0
 81 1919.738846 1.917E-63 1.708E-03.02210.04119502.10070.60-.002220       X3/2   5       X1/2   4                 RQ 87.5f     1622231111 8 3 1 3   528.0  528.0
 81 1919.758949 8.839E-62 2.516E+01.02000.03920712.65130.60-.002220       X1/2   4       X1/2   3                 RR 97.5f     1622231111 8 3 1 3   594.0  588.0
 81 1919.759453 8.833E-62 2.516E+01.02000.03920712.77710.60-.002220       X1/2   4       X1/2   3                 RR 97.5e     1622231111 8 3 1 3   594.0  588.0
 81 1919.863445 9.434E-82 1.276E+01.01530.03430097.52130.60-.002220       X1/2   2       X1/2   1                 RR133.5f     0222231211 8 3 1 3   810.0  804.0
 81 1919.866173 9.430E-82 1.276E+01.01530.03430097.61630.60-.002220       X1/2   2       X1/2   1                 RR133.5e     0222231211 8 3 1 3   810.0  804.0
 81 1919.872404 8.588E-82 1.276E+01.01520.01930115.33830.70-.001200       X3/2   2       X3/2   1                 RR132.5e     0222231211 8 3 1 3   804.0  798.0
 81 1919.877203 5.126E-77 8.609E-04.01780.03725843.95320.60-.002220       X3/2   4       X1/2   3                 RQ113.5e     0222231211 8 3 1 3   684.0  684.0
 81 1919.885102 8.527E-82 1.276E+01.01520.01930116.80130.70-.001200       X3/2   2       X3/2   1                 RR132.5f     0222231211 8 3 1 3   804.0  798.0
 81 1919.998579 8.482E-74 1.899E+01.01670.02026387.28430.70-.001200       X3/2   3       X3/2   2                 RR118.5e     0222231211 8 3 1 3   720.0  714.0
 81 1920.009127 9.396E-74 1.898E+01.01690.03626367.92010.60-.002220       X1/2   3       X1/2   2                 RR119.5f     0222231211 8 3 1 3   726.0  720.0
 81 1920.010344 8.424E-74 1.899E+01.01670.02026388.69610.70-.001200       X3/2   3       X3/2   2                 RR118.5f     0222231211 8 3 1 3   720.0  714.0
 81 1920.010767 9.391E-74 1.899E+01.01690.03626368.03760.60-.002220       X1/2   3       X1/2   2                 RR119.5e     0222231211 8 3 1 3   726.0  720.0
 81 1920.065247 5.051E-64 1.663E-03.02190.04119773.19800.60-.002220       X3/2   5       X1/2   4                 RQ 88.5e     1622231111 8 3 1 3   534.0  534.0
 81 1920.069367 1.149E-42 2.526E+01.02860.03511559.27220.70-.001200       X3/2   4       X3/2   3                 RR 59.5e     4622231111 8 3 1 3   366.0  360.0
 81 1920.078988 1.147E-42 2.527E+01.02860.03511559.73110.70-.001200       X3/2   4       X3/2   3                 RR 59.5f     4622231111 8 3 1 3   366.0  360.0
 81 1920.211601 8.703E-32 1.904E+01.03840.046 6255.37790.70-.001200       X3/2   3       X3/2   2                 RR 37.5e     4632231111 8 3 1 3   234.0  228.0
 81 1920.219208 8.696E-32 1.904E+01.03840.046 6255.54520.70-.001200       X3/2   3       X3/2   2                 RR 37.5f     4632231111 8 3 1 3   234.0  228.0
 81 1920.247153 1.903E-47 3.696E-03.03190.04911982.42210.60-.002220       X3/2   5       X1/2   4                 RQ 53.5f     4622231111 8 3 1 3   324.0  324.0
 81 1920.273233 2.596E-88 6.438E+00.01430.03233080.63510.60-.002220       X1/2   1       X1/2   0                 RR144.5f     0222231211 8 3 1 3   876.0  870.0
 81 1920.277129 2.596E-88 6.441E+00.01430.03233080.71630.60-.002220       X1/2   1       X1/2   0                 RR144.5e     0222231211 8 3 1 3   876.0  870.0
 81 1920.283870 4.342E-47 3.769E-03.03230.04911812.85450.60-.002220       X3/2   5       X1/2   4                 RQ 52.5e     4622231111 8 3 1 3   318.0  318.0
 81 1920.294075 2.376E-88 6.439E+00.01420.01733097.47070.70-.001200       X3/2   1       X3/2   0                 RR143.5e     0222231211 8 3 1 3   870.0  864.0
 81 1920.307824 2.359E-88 6.440E+00.01420.01733098.97730.70-.001200       X3/2   1       X3/2   0                 RR143.5f     0222231211 8 3 1 3   870.0  864.0
 81 1920.335963 1.378E-42 2.529E+01.02890.04711525.43360.60-.002220       X1/2   4       X1/2   3                 RR 60.5e     4622231111 8 3 1 3   372.0  366.0
 81 1920.337170 1.376E-42 2.528E+01.02890.04711525.68110.60-.002220       X1/2   4       X1/2   3                 RR 60.5f     4622231111 8 3 1 3   372.0  366.0
 81 1920.352660 2.406E-35 7.488E-03.05010.059 6190.48330.60-.002250       X3/2   4       X1/2   3                 RQ 19.5f     4653231111 8 3 1 3   120.0  120.0
 81 1920.410000 7.130E-63 1.745E-03.02230.04119233.72770.60-.002220       X3/2   5       X1/2   4                 RQ 86.5f     1622231111 8 3 1 3   522.0  522.0
 81 1920.411226 2.716E-76 8.835E-04.01790.03725504.30980.60-.002220       X3/2   4       X1/2   3                 RQ112.5f     0222231211 8 3 1 3   678.0  678.0
 81 1920.588565 3.312E-61 2.520E+01.02000.02420436.82370.70-.001200       X3/2   4       X3/2   3                 RR 95.5e     1622231111 8 3 1 3   582.0  576.0
 81 1920.588625 2.400E-35 7.463E-03.05010.059 6190.27880.60-.002250       X3/2   4       X1/2   3                 RQ 19.5e     4653231111 8 3 1 3   120.0  120.0
 81 1920.599428 3.293E-61 2.520E+01.02000.02420438.05990.70-.001200       X3/2   4       X3/2   3                 RR 95.5f     1622231111 8 3 1 3   582.0  576.0
 81 1920.622845 1.480E-25 1.301E+01.04660.057 2908.03240.60-.002220       X1/2   2       X1/2   1           24.5   R 24.5e 23.5454323 3 3 8 3 1 3    50.0   48.0
 81 1920.622856 1.539E-25 1.301E+01.04660.057 2908.03240.60-.002220       X1/2   2       X1/2   1           25.5   R 24.5e 24.5454323 3 3 8 3 1 3    52.0   50.0
 81 1920.622873 1.601E-25 1.304E+01.04660.057 2908.03240.60-.002220       X1/2   2       X1/2   1           26.5   R 24.5e 25.5454323 3 3 8 3 1 3    54.0   52.0
 81 1920.624007 2.371E-28 2.005E-02.04660.057 2908.03240.60-.002220       X1/2   2       X1/2   1           25.5   R 24.5e 25.5454323 3 3 8 3 1 3    52.0   52.0
 81 1920.624157 2.371E-28 2.085E-02.04660.057 2908.03240.60-.002220       X1/2   2       X1/2   1           24.5   R 24.5e 24.5454323 3 3 8 3 1 3    50.0   50.0
 81 1920.624723 9.107E-32 8.018E-06.04660.057 2908.26870.60-.002220       X1/2   2       X1/2   1           24.5   R 24.5f 25.5454323 3 3 8 3 1 3    50.0   52.0
 81 1920.625309 9.118E-32 8.018E-06.04660.057 2908.03240.60-.002220       X1/2   2       X1/2   1           24.5   R 24.5e 25.5454323 3 3 8 3 1 3    50.0   52.0
 81 1920.626901 2.368E-28 2.085E-02.04660.057 2908.26870.60-.002220       X1/2   2       X1/2   1           24.5   R 24.5f 24.5454323 3 3 8 3 1 3    50.0   50.0
 81 1920.626937 2.368E-28 2.005E-02.04660.057 2908.26870.60-.002220       X1/2   2       X1/2   1           25.5   R 24.5f 25.5454323 3 3 8 3 1 3    52.0   52.0
 81 1920.629110 1.599E-25 1.303E+01.04660.057 2908.26870.60-.002220       X1/2   2       X1/2   1           26.5   R 24.5f 25.5454323 3 3 8 3 1 3    54.0   52.0
 81 1920.629113 1.478E-25 1.301E+01.04660.057 2908.26870.60-.002220       X1/2   2       X1/2   1           24.5   R 24.5f 23.5454323 3 3 8 3 1 3    50.0   48.0
 81 1920.629115 1.537E-25 1.301E+01.04660.057 2908.26870.60-.002220       X1/2   2       X1/2   1           25.5   R 24.5f 24.5454323 3 3 8 3 1 3    52.0   50.0
 81 1920.649606 3.741E-61 2.520E+01.02020.03920413.91060.60-.002220       X1/2   4       X1/2   3                 RR 96.5f     1622231111 8 3 1 3   588.0  582.0
 81 1920.650078 3.739E-61 2.520E+01.02020.03920414.02070.60-.002220       X1/2   4       X1/2   3                 RR 96.5e     1622231111 8 3 1 3   588.0  582.0
 81 1920.658172 2.098E-58 7.484E-04.03730.05216792.79940.60-.002220       X3/2   9       X1/2   8                 SR 40.5f     3632231111 8 3 1 3   252.0  246.0
 81 1920.706151 1.139E-20 6.335E+00.05280.061  325.93750.63-.000570       X1/2   1       X1/2   0           13.5   R 13.5e 12.5455443 4 4 8 3 1 3    28.0   26.0
 81 1920.706161 1.221E-20 6.339E+00.05280.061  325.93750.63-.000570       X1/2   1       X1/2   0           14.5   R 13.5e 13.5455443 4 4 8 3 1 3    30.0   28.0
 81 1920.706182 1.308E-20 6.366E+00.05280.061  325.93750.63-.000570       X1/2   1       X1/2   0           15.5   R 13.5e 14.5455443 4 4 8 3 1 3    32.0   30.0
 81 1920.707575 5.833E-23 3.028E-02.05280.061  325.93750.63-.000570       X1/2   1       X1/2   0           14.5   R 13.5e 14.5455443 4 4 8 3 1 3    30.0   30.0
 81 1920.707615 5.833E-23 3.244E-02.05280.061  325.93750.63-.000570       X1/2   1       X1/2   0           13.5   R 13.5e 13.5455443 4 4 8 3 1 3    28.0   28.0
 81 1920.709029 6.944E-26 3.862E-05.05280.061  325.93750.63-.000570       X1/2   1       X1/2   0           13.5   R 13.5e 14.5455443 4 4 8 3 1 3    28.0   30.0
 81 1920.710997 6.939E-26 3.863E-05.05280.061  326.09110.63-.000570       X1/2   1       X1/2   0           13.5   R 13.5f 14.5455443 4 4 8 3 1 3    28.0   30.0
 81 1920.713153 5.829E-23 3.028E-02.05280.061  326.09110.63-.000570       X1/2   1       X1/2   0           14.5   R 13.5f 14.5455443 4 4 8 3 1 3    30.0   30.0
 81 1920.713240 5.829E-23 3.245E-02.05280.061  326.09110.63-.000570       X1/2   1       X1/2   0           13.5   R 13.5f 13.5455443 4 4 8 3 1 3    28.0   28.0
 81 1920.715387 1.307E-20 6.366E+00.05280.061  326.09110.63-.000570       X1/2   1       X1/2   0           15.5   R 13.5f 14.5455443 4 4 8 3 1 3    32.0   30.0
 81 1920.715388 1.138E-20 6.335E+00.05280.061  326.09110.63-.000570       X1/2   1       X1/2   0           13.5   R 13.5f 12.5455443 4 4 8 3 1 3    28.0   26.0
 81 1920.715396 1.220E-20 6.338E+00.05280.061  326.09110.63-.000570       X1/2   1       X1/2   0           14.5   R 13.5f 13.5455443 4 4 8 3 1 3    30.0   28.0
 81 1920.769104 1.904E-63 1.698E-03.02210.04119502.07270.60-.002220       X3/2   5       X1/2   4                 RQ 87.5e     1622231111 8 3 1 3   528.0  528.0
 81 1920.772005 2.091E-58 7.449E-04.03730.05216792.49790.60-.002220       X3/2   9       X1/2   8                 SR 40.5e     3632231111 8 3 1 3   252.0  246.0
 81 1920.804387 8.178E-48 3.607E-03.03150.04912154.76100.60-.002220       X3/2   5       X1/2   4                 RQ 54.5f     4622231111 8 3 1 3   330.0  330.0
 81 1920.862992 1.165E-64 3.581E-04.03310.05019644.33580.60-.002220       X3/2  10       X1/2   9                 SR 49.5f     3622231111 8 3 1 3   306.0  300.0
 81 1920.863654 1.127E-31 1.909E+01.03840.053 6207.80260.60-.002220       X1/2   3       X1/2   2                 RR 38.5e     4632231111 8 3 1 3   240.0  234.0
 81 1920.867119 1.125E-31 1.908E+01.03840.053 6208.08710.60-.002220       X1/2   3       X1/2   2                 RR 38.5f     4632231111 8 3 1 3   240.0  234.0
 81 1920.880494 1.894E-47 3.676E-03.03190.04911982.14300.60-.002220       X3/2   5       X1/2   4                 RQ 53.5e     4622231111 8 3 1 3   324.0  324.0
 81 1920.882729 1.159E-64 3.557E-04.03310.05019644.02840.60-.002220       X3/2  10       X1/2   9                 SR 49.5e     3622231111 8 3 1 3   306.0  300.0
 81 1920.900071 4.525E-43 2.530E+01.02830.03411754.51090.70-.001200       X3/2   4       X3/2   3                 RR 60.5e     4622231111 8 3 1 3   372.0  366.0
 81 1920.909751 4.515E-43 2.530E+01.02830.03411754.98640.70-.001200       X3/2   4       X3/2   3                 RR 60.5f     4622231111 8 3 1 3   372.0  366.0
 81 1921.021162 7.899E-53 1.348E-03.04170.05514229.07010.60-.002220       X3/2   8       X1/2   7                 SR 32.5f     3632231111 8 3 1 3   204.0  198.0
 81 1921.037114 2.616E-62 1.782E-03.02250.04218968.10580.60-.002220       X3/2   5       X1/2   4                 RQ 85.5f     1622231111 8 3 1 3   516.0  516.0
 81 1921.156347 5.411E-43 2.532E+01.02860.04711721.12040.60-.002220       X1/2   4       X1/2   3                 RR 61.5e     1622231111 8 3 1 3   378.0  372.0
 81 1921.157482 5.405E-43 2.532E+01.02860.04711721.36300.60-.002220       X1/2   4       X1/2   3                 RR 61.5f     1622231111 8 3 1 3   378.0  372.0
 81 1921.163520 6.147E-43 3.369E-03.05070.060 9612.19740.60-.001590       X3/2   6       X1/2   5                 SR 17.5f     3653231111 8 3 1 3   114.0  108.0
 81 1921.185332 7.876E-53 1.343E-03.04170.05514228.79070.60-.002220       X3/2   8       X1/2   7                 SR 32.5e     3632231111 8 3 1 3   204.0  198.0
 81 1921.214548 1.787E-35 7.320E-03.04960.059 6256.86800.60-.001920       X3/2   4       X1/2   3                 RQ 20.5f     4653231111 8 3 1 3   126.0  126.0
 81 1921.326543 6.134E-43 3.360E-03.05070.060 9612.00810.60-.001590       X3/2   6       X1/2   5                 SR 17.5e     3653231111 8 3 1 3   114.0  108.0
 81 1921.333158 3.462E-48 3.519E-03.03110.04912330.14590.60-.002220       X3/2   5       X1/2   4                 RQ 55.5f     4622231111 8 3 1 3   336.0  336.0
 81 1921.425454 1.382E-60 2.524E+01.02020.02520140.94560.70-.001200       X3/2   4       X3/2   3                 RR 94.5e     1622231111 8 3 1 3   576.0  570.0
 81 1921.428581 7.080E-63 1.734E-03.02230.04119233.68750.60-.002220       X3/2   5       X1/2   4                 RQ 86.5e     1622231111 8 3 1 3   522.0  522.0
 81 1921.436297 1.374E-60 2.524E+01.02020.02520142.15490.70-.001200       X3/2   4       X3/2   3                 RR 94.5f     1622231111 8 3 1 3   576.0  570.0
 81 1921.449404 8.138E-48 3.586E-03.03150.04912154.48470.60-.002220       X3/2   5       X1/2   4                 RQ 54.5e     4622231111 8 3 1 3   330.0  330.0
 81 1921.462268 1.783E-35 7.298E-03.04960.059 6256.65620.60-.001920       X3/2   4       X1/2   3                 RQ 20.5e     4653231111 8 3 1 3   126.0  126.0
 81 1921.483708 2.297E-26 7.580E-04.04540.057 1308.37430.60-.001280       X3/2   1       X1/2   0           27.5   P 27.5f 28.5453323 4 4 8 3 1 3    56.0   58.0
 81 1921.485857 2.214E-26 7.576E-04.04540.057 1308.37430.60-.001280       X3/2   1       X1/2   0           26.5   P 27.5f 27.5453323 4 4 8 3 1 3    54.0   56.0
 81 1921.485871 2.932E-29 9.675E-07.04540.057 1308.37430.60-.001280       X3/2   1       X1/2   0           27.5   P 27.5f 27.5453323 4 4 8 3 1 3    56.0   56.0
 81 1921.488075 2.932E-29 1.003E-06.04540.057 1308.37430.60-.001280       X3/2   1       X1/2   0           26.5   P 27.5f 26.5453323 4 4 8 3 1 3    54.0   54.0
 81 1921.488089 9.696E-33 3.199E-10.04540.057 1308.37430.60-.001280       X3/2   1       X1/2   0           27.5   P 27.5f 26.5453323 4 4 8 3 1 3    56.0   54.0
 81 1921.488278 2.135E-26 7.587E-04.04540.057 1308.37430.60-.001280       X3/2   1       X1/2   0           25.5   P 27.5f 26.5453323 4 4 8 3 1 3    52.0   54.0
 81 1921.489401 1.563E-60 2.525E+01.02040.04020117.83840.60-.002220       X1/2   4       X1/2   3                 RR 95.5f     1622231111 8 3 1 3   582.0  576.0
 81 1921.489839 1.562E-60 2.525E+01.02040.04020117.93320.60-.002220       X1/2   4       X1/2   3                 RR 95.5e     1622231111 8 3 1 3   582.0  576.0
 81 1921.598199 6.929E-21 6.315E+00.05480.063  454.79900.83-.001560       X3/2   1       X3/2   0           15.5   R 13.5e 14.5455443 4 4 8 3 1 3    32.0   30.0
 81 1921.598242 6.465E-21 6.285E+00.05480.063  454.79900.83-.001560       X3/2   1       X3/2   0           14.5   R 13.5e 13.5455443 4 4 8 3 1 3    30.0   28.0
 81 1921.598278 6.032E-21 6.283E+00.05480.063  454.79900.83-.001560       X3/2   1       X3/2   0           13.5   R 13.5e 12.5455443 4 4 8 3 1 3    28.0   26.0
 81 1921.598296 3.090E-23 3.218E-02.05480.063  454.79900.83-.001560       X3/2   1       X3/2   0           13.5   R 13.5e 13.5455443 4 4 8 3 1 3    28.0   28.0
 81 1921.598325 3.090E-23 3.004E-02.05480.063  454.79900.83-.001560       X3/2   1       X3/2   0           14.5   R 13.5e 14.5455443 4 4 8 3 1 3    30.0   30.0
 81 1921.598379 3.678E-26 3.831E-05.05480.063  454.79900.83-.001560       X3/2   1       X3/2   0           13.5   R 13.5e 14.5455443 4 4 8 3 1 3    28.0   30.0
 81 1921.600522 3.090E-23 3.004E-02.05480.063  454.81160.83-.001560       X3/2   1       X3/2   0           14.5   R 13.5f 14.5455443 4 4 8 3 1 3    30.0   30.0
 81 1921.600551 3.678E-26 3.831E-05.05480.063  454.81160.83-.001560       X3/2   1       X3/2   0           13.5   R 13.5f 14.5455443 4 4 8 3 1 3    28.0   30.0
 81 1921.600654 6.929E-21 6.315E+00.05480.063  454.81160.83-.001560       X3/2   1       X3/2   0           15.5   R 13.5f 14.5455443 4 4 8 3 1 3    32.0   30.0
 81 1921.600677 6.465E-21 6.285E+00.05480.063  454.81160.83-.001560       X3/2   1       X3/2   0           14.5   R 13.5f 13.5455443 4 4 8 3 1 3    30.0   28.0
 81 1921.600704 6.032E-21 6.283E+00.05480.063  454.81160.83-.001560       X3/2   1       X3/2   0           13.5   R 13.5f 12.5455443 4 4 8 3 1 3    28.0   26.0
 81 1921.600706 3.090E-23 3.219E-02.05480.063  454.81160.83-.001560       X3/2   1       X3/2   0           13.5   R 13.5f 13.5455443 4 4 8 3 1 3    28.0   28.0
 81 1921.620534 9.471E-62 1.820E-03.02270.04218705.24660.60-.002220       X3/2   5       X1/2   4                 RQ 84.5f     1622231111 8 3 1 3   510.0  510.0
 81 1921.661153 9.709E-33 3.200E-10.04540.057 1308.12370.60-.001280       X3/2   1       X1/2   0           27.5   P 27.5e 26.5453323 4 4 8 3 1 3    56.0   54.0
 81 1921.661692 2.936E-29 1.004E-06.04540.057 1308.12370.60-.001280       X3/2   1       X1/2   0           26.5   P 27.5e 26.5453323 4 4 8 3 1 3    54.0   54.0
 81 1921.662085 2.138E-26 7.590E-04.04540.057 1308.12370.60-.001280       X3/2   1       X1/2   0           25.5   P 27.5e 26.5453323 4 4 8 3 1 3    52.0   54.0
 81 1921.662419 2.936E-29 9.678E-07.04540.057 1308.12370.60-.001280       X3/2   1       X1/2   0           27.5   P 27.5e 27.5453323 4 4 8 3 1 3    56.0   56.0
 81 1921.662957 2.217E-26 7.579E-04.04540.057 1308.12370.60-.001280       X3/2   1       X1/2   0           26.5   P 27.5e 27.5453323 4 4 8 3 1 3    54.0   56.0
 81 1921.663500 2.300E-26 7.582E-04.04540.057 1308.12370.60-.001280       X3/2   1       X1/2   0           27.5   P 27.5e 28.5453323 4 4 8 3 1 3    56.0   58.0
 81 1921.668376 2.808E-31 2.875E-03.05870.063 3781.42610.70-.001720       X3/2   3       X1/2   2                 QP  5.5f     4654431111 8 3 1 3    30.0   36.0
 81 1921.686022 1.755E-43 2.534E+01.02800.03411952.79160.70-.001200       X3/2   4       X3/2   3                 RR 61.5e     1622231111 8 3 1 3   378.0  372.0
 81 1921.695760 1.751E-43 2.534E+01.02800.03411953.28390.70-.001200       X3/2   4       X3/2   3                 RR 61.5f     1622231111 8 3 1 3   378.0  372.0
 81 1921.735573 2.694E-76 8.781E-04.01790.03725504.43110.60-.002220       X3/2   4       X1/2   3                 RQ112.5e     0222231211 8 3 1 3   678.0  678.0
 81 1921.737877 2.806E-31 2.872E-03.05870.063 3781.35610.70-.001720       X3/2   3       X1/2   2                 QP  5.5e     4654431111 8 3 1 3    30.0   36.0
 81 1921.832743 1.444E-48 3.434E-03.03070.04812508.56980.60-.002220       X3/2   5       X1/2   4                 RQ 56.5f     4622231111 8 3 1 3   342.0  342.0
 81 1921.835997 7.853E-26 1.302E+01.04690.055 3054.04380.70-.001200       X3/2   2       X3/2   1           26.5   R 24.5e 25.5454323 3 3 8 3 1 3    54.0   52.0
 81 1921.836020 7.551E-26 1.300E+01.04690.055 3054.04380.70-.001200       X3/2   2       X3/2   1           25.5   R 24.5e 24.5454323 3 3 8 3 1 3    52.0   50.0
 81 1921.836039 7.260E-26 1.300E+01.04690.055 3054.04380.70-.001200       X3/2   2       X3/2   1           24.5   R 24.5e 23.5454323 3 3 8 3 1 3    50.0   48.0
 81 1921.836386 1.163E-28 2.082E-02.04690.055 3054.04380.70-.001200       X3/2   2       X3/2   1           24.5   R 24.5e 24.5454323 3 3 8 3 1 3    50.0   50.0
 81 1921.836502 1.163E-28 2.002E-02.04690.055 3054.04380.70-.001200       X3/2   2       X3/2   1           25.5   R 24.5e 25.5454323 3 3 8 3 1 3    52.0   52.0
 81 1921.836869 4.473E-32 8.008E-06.04690.055 3054.04380.70-.001200       X3/2   2       X3/2   1           24.5   R 24.5e 25.5454323 3 3 8 3 1 3    50.0   52.0
 81 1921.841120 1.163E-28 2.003E-02.04690.055 3054.10420.70-.001200       X3/2   2       X3/2   1           25.5   R 24.5f 25.5454323 3 3 8 3 1 3    52.0   52.0
 81 1921.841137 7.851E-26 1.302E+01.04690.055 3054.10420.70-.001200       X3/2   2       X3/2   1           26.5   R 24.5f 25.5454323 3 3 8 3 1 3    54.0   52.0
 81 1921.841141 7.548E-26 1.300E+01.04690.055 3054.10420.70-.001200       X3/2   2       X3/2   1           25.5   R 24.5f 24.5454323 3 3 8 3 1 3    52.0   50.0
 81 1921.841149 7.258E-26 1.300E+01.04690.055 3054.10420.70-.001200       X3/2   2       X3/2   1           24.5   R 24.5f 23.5454323 3 3 8 3 1 3    50.0   48.0
 81 1921.841315 4.472E-32 8.009E-06.04690.055 3054.10420.70-.001200       X3/2   2       X3/2   1           24.5   R 24.5f 25.5454323 3 3 8 3 1 3    50.0   52.0
 81 1921.841336 1.163E-28 2.083E-02.04690.055 3054.10420.70-.001200       X3/2   2       X3/2   1           24.5   R 24.5f 24.5454323 3 3 8 3 1 3    50.0   50.0
 81 1921.932395 2.093E-43 2.535E+01.02820.04611919.83750.60-.002220       X1/2   4       X1/2   3                 RR 62.5e     1622231111 8 3 1 3   384.0  378.0
 81 1921.933461 2.091E-43 2.536E+01.02820.04611920.07490.60-.002220       X1/2   4       X1/2   3                 RR 62.5f     1622231111 8 3 1 3   384.0  378.0
 81 1921.989850 3.445E-48 3.499E-03.03110.04912329.87280.60-.002220       X3/2   5       X1/2   4                 RQ 55.5e     4622231111 8 3 1 3   336.0  336.0
 81 1922.004456 4.804E-73 1.906E+01.01680.02126029.18330.70-.001200       X3/2   3       X3/2   2                 RR117.5e     0222231211 8 3 1 3   714.0  708.0
 81 1922.016193 4.771E-73 1.906E+01.01680.02126030.59270.70-.001200       X3/2   3       X3/2   2                 RR117.5f     0222231211 8 3 1 3   714.0  708.0
 81 1922.016480 5.325E-73 1.906E+01.01700.03626009.70040.60-.002220       X1/2   3       X1/2   2                 RR118.5f     0222231211 8 3 1 3   720.0  714.0
 81 1922.018079 5.322E-73 1.906E+01.01700.03626009.82060.60-.002220       X1/2   3       X1/2   2                 RR118.5e     0222231211 8 3 1 3   720.0  714.0
 81 1922.028943 4.804E-32 1.911E+01.03780.045 6383.18420.70-.001200       X3/2   3       X3/2   2                 RR 38.5e     4632231111 8 3 1 3   240.0  234.0
 81 1922.036698 4.799E-32 1.910E+01.03780.045 6383.36200.70-.001200       X3/2   3       X3/2   2                 RR 38.5f     4632231111 8 3 1 3   240.0  234.0
 81 1922.044018 2.598E-62 1.771E-03.02250.04218968.05390.60-.002220       X3/2   5       X1/2   4                 RQ 85.5e     1622231111 8 3 1 3   516.0  516.0
 81 1922.050313 8.310E-28 2.097E-03.05230.060 2298.09480.63-.001810       X3/2   2       X1/2   1                 QP 15.5f     4654431111 8 3 1 3    90.0   96.0
 81 1922.097195 1.304E-35 7.158E-03.04900.059 6326.48160.60-.002220       X3/2   4       X1/2   3                 RQ 21.5f     4653231111 8 3 1 3   132.0  132.0
 81 1922.160609 3.383E-61 1.859E-03.02290.04218445.16130.60-.002220       X3/2   5       X1/2   4                 RQ 83.5f     1622231111 8 3 1 3   504.0  504.0
 81 1922.207315 8.295E-28 2.092E-03.05230.060 2297.92310.63-.001810       X3/2   2       X1/2   1                 QP 15.5e     4654431111 8 3 1 3    90.0   96.0
 81 1922.211585 5.692E-60 2.528E+01.02030.02519847.75260.70-.001200       X3/2   4       X3/2   3                 RR 93.5e     1622231111 8 3 1 3   570.0  564.0
 81 1922.222407 5.660E-60 2.528E+01.02030.02519848.93530.70-.001200       X3/2   4       X3/2   3                 RR 93.5f     1622231111 8 3 1 3   570.0  564.0
 81 1922.229661 1.410E-75 9.007E-04.01800.03725167.22720.60-.002220       X3/2   4       X1/2   3                 RQ111.5f     0222231211 8 3 1 3   672.0  672.0
 81 1922.278531 6.443E-60 2.529E+01.02050.04019824.44730.60-.002220       X1/2   4       X1/2   3                 RR 94.5f     1622231111 8 3 1 3   576.0  570.0
 81 1922.278937 6.440E-60 2.529E+01.02050.04019824.52720.60-.002220       X1/2   4       X1/2   3                 RR 94.5e     1622231111 8 3 1 3   576.0  570.0
 81 1922.302442 5.932E-49 3.351E-03.03030.04812690.02560.60-.002220       X3/2   5       X1/2   4                 RQ 57.5f     4622231111 8 3 1 3   348.0  348.0
 81 1922.356662 1.300E-35 7.131E-03.04900.059 6326.26280.60-.002220       X3/2   4       X1/2   3                 RQ 21.5e     4653231111 8 3 1 3   132.0  132.0
 81 1922.427062 6.705E-44 2.537E+01.02770.03312154.10570.70-.001200       X3/2   4       X3/2   3                 RR 62.5e     1622231111 8 3 1 3   384.0  378.0
 81 1922.436856 6.688E-44 2.537E+01.02770.03312154.61520.70-.001200       X3/2   4       X3/2   3                 RR 62.5f     1622231111 8 3 1 3   384.0  378.0
 81 1922.501110 1.437E-48 3.416E-03.03070.04812508.30010.60-.002220       X3/2   5       X1/2   4                 RQ 56.5e     4622231111 8 3 1 3   342.0  342.0
 81 1922.542844 9.070E-35 6.507E-03.06170.066 5557.00840.69-.000480       X3/2   4       X1/2   3                 SR  2.5f     4654431111 8 3 1 3    24.0   18.0
 81 1922.577937 9.066E-35 6.503E-03.06170.066 5556.97300.69-.000480       X3/2   4       X1/2   3                 SR  2.5e     4654431111 8 3 1 3    24.0   18.0
 81 1922.609996 6.397E-81 1.282E+01.01540.03429702.67910.60-.002220       X1/2   2       X1/2   1                 RR132.5f     0222231211 8 3 1 3   804.0  798.0
 81 1922.612670 6.394E-81 1.282E+01.01540.03429702.77680.60-.002220       X1/2   2       X1/2   1                 RR132.5e     0222231211 8 3 1 3   804.0  798.0
 81 1922.615761 9.407E-62 1.809E-03.02270.04218705.18320.60-.002220       X3/2   5       X1/2   4                 RQ 84.5e     1622231111 8 3 1 3   510.0  510.0
 81 1922.617916 5.820E-81 1.282E+01.01530.01929720.58640.70-.001200       X3/2   2       X3/2   1                 RR131.5e     0222231211 8 3 1 3   798.0  792.0
 81 1922.630573 5.779E-81 1.282E+01.01530.01929722.04710.70-.001200       X3/2   2       X3/2   1                 RR131.5f     0222231211 8 3 1 3   798.0  792.0
 81 1922.653446 6.188E-32 1.915E+01.03780.053 6336.46940.60-.002220       X1/2   3       X1/2   2                 RR 39.5e     4632231111 8 3 1 3   246.0  240.0
 81 1922.656754 6.179E-32 1.914E+01.03780.053 6336.75490.60-.002220       X1/2   3       X1/2   2                 RR 39.5f     4632231111 8 3 1 3   246.0  240.0
 81 1922.657695 1.192E-60 1.899E-03.02310.04218187.86080.60-.002220       X3/2   5       X1/2   4                 RQ 82.5f     1622231111 8 3 1 3   498.0  498.0
 81 1922.663931 7.979E-44 2.539E+01.02790.04612121.57710.60-.002220       X1/2   4       X1/2   3                 RR 63.5e     1622231111 8 3 1 3   390.0  384.0
 81 1922.664930 7.970E-44 2.539E+01.02790.04612121.80900.60-.002220       X1/2   4       X1/2   3                 RR 63.5f     1622231111 8 3 1 3   390.0  384.0
 81 1922.741578 2.402E-49 3.272E-03.03000.04812874.50580.60-.002220       X3/2   5       X1/2   4                 RQ 58.5f     4622231111 8 3 1 3   354.0  354.0
 81 1922.947156 2.313E-59 2.532E+01.02050.02519557.25750.70-.001200       X3/2   4       X3/2   3                 RR 92.5e     1622231111 8 3 1 3   564.0  558.0
 81 1922.957956 2.300E-59 2.532E+01.02050.02519558.41390.70-.001200       X3/2   4       X3/2   3                 RR 92.5f     1622231111 8 3 1 3   564.0  558.0
 81 1922.982483 5.902E-49 3.332E-03.03030.04812689.75950.60-.002220       X3/2   5       X1/2   4                 RQ 57.5e     4622231111 8 3 1 3   348.0  348.0
 81 1922.994115 1.024E-25 1.307E+01.04600.057 2992.30490.60-.002220       X1/2   2       X1/2   1           25.5   R 25.5e 24.5454323 3 3 8 3 1 3    52.0   50.0
 81 1922.994126 1.064E-25 1.308E+01.04600.057 2992.30490.60-.002220       X1/2   2       X1/2   1           26.5   R 25.5e 25.5454323 3 3 8 3 1 3    54.0   52.0
 81 1922.994142 1.105E-25 1.310E+01.04600.057 2992.30490.60-.002220       X1/2   2       X1/2   1           27.5   R 25.5e 26.5454323 3 3 8 3 1 3    56.0   54.0
 81 1922.995255 1.517E-28 1.865E-02.04600.057 2992.30490.60-.002220       X1/2   2       X1/2   1           26.5   R 25.5e 26.5454323 3 3 8 3 1 3    54.0   54.0
 81 1922.995412 1.517E-28 1.937E-02.04600.057 2992.30490.60-.002220       X1/2   2       X1/2   1           25.5   R 25.5e 25.5454323 3 3 8 3 1 3    52.0   52.0
 81 1922.995772 5.396E-32 6.898E-06.04600.057 2992.54670.60-.002220       X1/2   2       X1/2   1           25.5   R 25.5f 26.5454323 3 3 8 3 1 3    52.0   54.0
 81 1922.996541 5.402E-32 6.897E-06.04600.057 2992.30490.60-.002220       X1/2   2       X1/2   1           25.5   R 25.5e 26.5454323 3 3 8 3 1 3    52.0   54.0
 81 1922.997945 1.515E-28 1.937E-02.04600.057 2992.54670.60-.002220       X1/2   2       X1/2   1           25.5   R 25.5f 25.5454323 3 3 8 3 1 3    52.0   52.0
 81 1922.997988 1.515E-28 1.865E-02.04600.057 2992.54670.60-.002220       X1/2   2       X1/2   1           26.5   R 25.5f 26.5454323 3 3 8 3 1 3    54.0   54.0
 81 1922.998346 9.334E-36 6.990E-03.04840.058 6399.32240.60-.002220       X3/2   4       X1/2   3                 RQ 22.5f     4643231111 8 3 1 3   138.0  138.0
 81 1923.000157 1.103E-25 1.309E+01.04600.057 2992.54670.60-.002220       X1/2   2       X1/2   1           27.5   R 25.5f 26.5454323 3 3 8 3 1 3    56.0   54.0
 81 1923.000160 1.023E-25 1.308E+01.04600.057 2992.54670.60-.002220       X1/2   2       X1/2   1           25.5   R 25.5f 24.5454323 3 3 8 3 1 3    52.0   50.0
 81 1923.000162 1.063E-25 1.308E+01.04600.057 2992.54670.60-.002220       X1/2   2       X1/2   1           26.5   R 25.5f 25.5454323 3 3 8 3 1 3    54.0   52.0
 81 1923.017199 2.621E-59 2.532E+01.02070.04019533.74980.60-.002220       X1/2   4       X1/2   3                 RR 93.5f     1622231111 8 3 1 3   570.0  564.0
 81 1923.017572 2.620E-59 2.532E+01.02070.04019533.81510.60-.002220       X1/2   4       X1/2   3                 RR 93.5e     1622231111 8 3 1 3   570.0  564.0
 81 1923.018856 1.312E-38 4.554E-03.05420.061 7528.42790.70-.000160       X3/2   5       X1/2   4                 SR 10.5f     4654431111 8 3 1 3    72.0   66.0
 81 1923.112153 4.144E-60 1.941E-03.02330.04217933.35610.60-.002220       X3/2   5       X1/2   4                 RQ 81.5f     1622231111 8 3 1 3   492.0  492.0
 81 1923.123036 2.523E-44 2.540E+01.02730.03312358.44490.70-.001200       X3/2   4       X3/2   3                 RR 63.5e     1622231111 8 3 1 3   390.0  384.0
 81 1923.132883 2.517E-44 2.540E+01.02730.03312358.97170.70-.001200       X3/2   4       X3/2   3                 RR 63.5f     1622231111 8 3 1 3   390.0  384.0
 81 1923.135677 1.310E-38 4.545E-03.05420.061 7528.30380.70-.000160       X3/2   5       X1/2   4                 SR 10.5e     4654431111 8 3 1 3    72.0   66.0
 81 1923.144160 3.360E-61 1.848E-03.02290.04218445.08660.60-.002220       X3/2   5       X1/2   4                 RQ 83.5e     1622231111 8 3 1 3   504.0  504.0
 81 1923.149496 9.581E-50 3.194E-03.02960.04713062.00310.60-.002220       X3/2   5       X1/2   4                 RQ 59.5f     4622231111 8 3 1 3   360.0  360.0
 81 1923.269559 9.307E-36 6.964E-03.04840.058 6399.09700.60-.002220       X3/2   4       X1/2   3                 RQ 22.5e     4643231111 8 3 1 3   138.0  138.0
 81 1923.350778 2.996E-44 2.542E+01.02760.04612326.33080.60-.002220       X1/2   4       X1/2   3                 RR 64.5e     1622231111 8 3 1 3   396.0  390.0
 81 1923.351712 2.993E-44 2.542E+01.02760.04612326.55700.60-.002220       X1/2   4       X1/2   3                 RR 64.5f     1622231111 8 3 1 3   396.0  390.0
 81 1923.433294 2.390E-49 3.254E-03.03000.04812874.24370.60-.002220       X3/2   5       X1/2   4                 RQ 58.5e     4622231111 8 3 1 3   354.0  354.0
 81 1923.476428 8.399E-48 2.131E-03.04600.05711894.06180.60-.002220       X3/2   7       X1/2   6                 SR 25.5f     3643231111 8 3 1 3   162.0  156.0
 81 1923.513928 9.682E-21 6.380E+00.05230.060  374.40930.63-.001190       X1/2   1       X1/2   0           14.5   R 14.5e 13.5455443 4 4 8 3 1 3    30.0   28.0
 81 1923.513939 1.033E-20 6.382E+00.05230.060  374.40930.63-.001190       X1/2   1       X1/2   0           15.5   R 14.5e 14.5455443 4 4 8 3 1 3    32.0   30.0
 81 1923.513960 1.102E-20 6.408E+00.05230.060  374.40930.63-.001190       X1/2   1       X1/2   0           16.5   R 14.5e 15.5455443 4 4 8 3 1 3    34.0   32.0
 81 1923.515328 4.318E-23 2.668E-02.05230.060  374.40930.63-.001190       X1/2   1       X1/2   0           15.5   R 14.5e 15.5455443 4 4 8 3 1 3    32.0   32.0
 81 1923.515381 4.318E-23 2.846E-02.05230.060  374.40930.63-.001190       X1/2   1       X1/2   0           14.5   R 14.5e 14.5455443 4 4 8 3 1 3    30.0   30.0
 81 1923.516770 4.498E-26 2.964E-05.05230.060  374.40930.63-.001190       X1/2   1       X1/2   0           14.5   R 14.5e 15.5455443 4 4 8 3 1 3    30.0   32.0
 81 1923.518487 4.494E-26 2.964E-05.05230.060  374.57210.63-.001190       X1/2   1       X1/2   0           14.5   R 14.5f 15.5455443 4 4 8 3 1 3    30.0   32.0
 81 1923.520651 4.315E-23 2.668E-02.05230.060  374.57210.63-.001190       X1/2   1       X1/2   0           15.5   R 14.5f 15.5455443 4 4 8 3 1 3    32.0   32.0
 81 1923.520722 4.315E-23 2.846E-02.05230.060  374.57210.63-.001190       X1/2   1       X1/2   0           14.5   R 14.5f 14.5455443 4 4 8 3 1 3    30.0   30.0
 81 1923.522878 1.101E-20 6.407E+00.05230.060  374.57210.63-.001190       X1/2   1       X1/2   0           16.5   R 14.5f 15.5455443 4 4 8 3 1 3    34.0   32.0
 81 1923.522879 9.675E-21 6.381E+00.05230.060  374.57210.63-.001190       X1/2   1       X1/2   0           14.5   R 14.5f 13.5455443 4 4 8 3 1 3    30.0   28.0
 81 1923.522887 1.032E-20 6.381E+00.05230.060  374.57210.63-.001190       X1/2   1       X1/2   0           15.5   R 14.5f 14.5455443 4 4 8 3 1 3    32.0   30.0
 81 1923.524350 1.421E-59 1.983E-03.02360.04317681.65800.60-.002220       X3/2   5       X1/2   4                 RQ 80.5f     1622231111 8 3 1 3   486.0  486.0
 81 1923.525561 3.766E-50 3.118E-03.02920.04713252.50980.60-.002220       X3/2   5       X1/2   4                 RQ 60.5f     4622231111 8 3 1 3   366.0  366.0
 81 1923.542290 1.399E-75 8.955E-04.01800.03725167.35130.60-.002220       X3/2   4       X1/2   3                 RQ111.5e     0222231211 8 3 1 3   672.0  672.0
 81 1923.614249 2.022E-87 6.480E+00.01440.03232657.52570.60-.002220       X1/2   1       X1/2   0                 RR143.5f     0222231211 8 3 1 3   870.0  864.0
 81 1923.618077 2.021E-87 6.479E+00.01440.03232657.60950.60-.002220       X1/2   1       X1/2   0                 RR143.5e     0222231211 8 3 1 3   870.0  864.0
 81 1923.629570 1.184E-60 1.888E-03.02310.04218187.77520.60-.002220       X3/2   5       X1/2   4                 RQ 82.5e     1622231111 8 3 1 3   498.0  498.0
 81 1923.632360 9.277E-59 2.536E+01.02070.02519269.47260.70-.001200       X3/2   4       X3/2   3                 RR 91.5e     1622231111 8 3 1 3   558.0  552.0
 81 1923.634273 1.850E-87 6.481E+00.01430.01732674.43420.70-.001200       X3/2   1       X3/2   0                 RR142.5e     0222231211 8 3 1 3   864.0  858.0
 81 1923.643139 9.226E-59 2.536E+01.02070.02519270.60300.70-.001200       X3/2   4       X3/2   3                 RR 91.5f     1622231111 8 3 1 3   558.0  552.0
 81 1923.647965 1.837E-87 6.483E+00.01430.01732675.93840.70-.001200       X3/2   1       X3/2   0                 RR142.5f     0222231211 8 3 1 3   864.0  858.0
 81 1923.656342 8.377E-48 2.123E-03.04600.05711893.81620.60-.002220       X3/2   7       X1/2   6                 SR 25.5e     3643231111 8 3 1 3   162.0  156.0
 81 1923.705603 1.052E-58 2.535E+01.02090.04019245.75830.60-.002220       X1/2   4       X1/2   3                 RR 92.5f     1622231111 8 3 1 3   564.0  558.0
 81 1923.705941 1.052E-58 2.536E+01.02090.04019245.80920.60-.002220       X1/2   4       X1/2   3                 RR 92.5e     1622231111 8 3 1 3   564.0  558.0
 81 1923.742503 3.593E-26 7.888E-04.04600.057 1216.56950.60-.001280       X3/2   1       X1/2   0           26.5   P 26.5f 27.5454323 4 4 8 3 1 3    54.0   56.0
 81 1923.744653 3.460E-26 7.888E-04.04600.057 1216.56950.60-.001280       X3/2   1       X1/2   0           25.5   P 26.5f 26.5454323 4 4 8 3 1 3    52.0   54.0
 81 1923.744671 4.934E-29 1.083E-06.04600.057 1216.56950.60-.001280       X3/2   1       X1/2   0           26.5   P 26.5f 26.5454323 4 4 8 3 1 3    54.0   54.0
 81 1923.746869 4.934E-29 1.125E-06.04600.057 1216.56950.60-.001280       X3/2   1       X1/2   0           25.5   P 26.5f 25.5454323 4 4 8 3 1 3    52.0   52.0
 81 1923.746887 1.757E-32 3.857E-10.04600.057 1216.56950.60-.001280       X3/2   1       X1/2   0           26.5   P 26.5f 25.5454323 4 4 8 3 1 3    54.0   52.0
 81 1923.747065 3.332E-26 7.900E-04.04600.057 1216.56950.60-.001280       X3/2   1       X1/2   0           24.5   P 26.5f 25.5454323 4 4 8 3 1 3    50.0   52.0
 81 1923.773782 9.355E-45 2.543E+01.02700.03312565.80030.70-.001200       X3/2   4       X3/2   3                 RR 64.5e     1622231111 8 3 1 3   396.0  390.0
 81 1923.783680 9.330E-45 2.543E+01.02700.03312566.34480.70-.001200       X3/2   4       X3/2   3                 RR 64.5f     1622231111 8 3 1 3   396.0  390.0
 81 1923.804706 2.608E-32 1.917E+01.03730.044 6514.22360.70-.001200       X3/2   3       X3/2   2                 RR 39.5e     4632231111 8 3 1 3   246.0  240.0
 81 1923.812603 2.606E-32 1.917E+01.03730.044 6514.41230.70-.001200       X3/2   3       X3/2   2                 RR 39.5f     4632231111 8 3 1 3   246.0  240.0
 81 1923.852885 9.531E-50 3.175E-03.02960.04713061.74520.60-.002220       X3/2   5       X1/2   4                 RQ 59.5e     4622231111 8 3 1 3   360.0  360.0
 81 1923.869158 1.459E-50 3.046E-03.02890.04713446.01820.60-.002220       X3/2   5       X1/2   4                 RQ 61.5f     1622231111 8 3 1 3   372.0  372.0
 81 1923.894658 4.805E-59 2.026E-03.02380.04317432.77730.60-.002220       X3/2   5       X1/2   4                 RQ 79.5f     1622231111 8 3 1 3   480.0  480.0
 81 1923.915783 6.564E-36 6.825E-03.04780.058 6475.38850.60-.002220       X3/2   4       X1/2   3                 RQ 23.5f     4643231111 8 3 1 3   144.0  144.0
 81 1923.922084 1.759E-32 3.858E-10.04600.057 1216.32360.60-.001280       X3/2   1       X1/2   0           26.5   P 26.5e 25.5454323 4 4 8 3 1 3    54.0   52.0
 81 1923.922595 4.940E-29 1.125E-06.04600.057 1216.32360.60-.001280       X3/2   1       X1/2   0           25.5   P 26.5e 25.5454323 4 4 8 3 1 3    52.0   52.0
 81 1923.922965 3.336E-26 7.902E-04.04600.057 1216.32360.60-.001280       X3/2   1       X1/2   0           24.5   P 26.5e 25.5454323 4 4 8 3 1 3    50.0   52.0
 81 1923.923364 4.940E-29 1.083E-06.04600.057 1216.32360.60-.001280       X3/2   1       X1/2   0           26.5   P 26.5e 26.5454323 4 4 8 3 1 3    54.0   54.0
 81 1923.923875 3.464E-26 7.889E-04.04600.057 1216.32360.60-.001280       X3/2   1       X1/2   0           25.5   P 26.5e 26.5454323 4 4 8 3 1 3    52.0   54.0
 81 1923.924467 3.598E-26 7.891E-04.04600.057 1216.32360.60-.001280       X3/2   1       X1/2   0           26.5   P 26.5e 27.5454323 4 4 8 3 1 3    54.0   56.0
 81 1923.955040 2.689E-72 1.913E+01.01700.02125673.47380.70-.001200       X3/2   3       X3/2   2                 RR116.5e     0222231211 8 3 1 3   708.0  702.0
 81 1923.966749 2.670E-72 1.913E+01.01700.02125674.88090.70-.001200       X3/2   3       X3/2   2                 RR116.5f     0222231211 8 3 1 3   708.0  702.0
 81 1923.968578 2.982E-72 1.913E+01.01710.03625653.87000.60-.002220       X1/2   3       X1/2   2                 RR117.5f     0222231211 8 3 1 3   714.0  708.0
 81 1923.970138 2.981E-72 1.913E+01.01710.03625653.99290.60-.002220       X1/2   3       X1/2   2                 RR117.5e     0222231211 8 3 1 3   714.0  708.0
 81 1923.992760 1.108E-44 2.544E+01.02730.04612534.09050.60-.002220       X1/2   4       X1/2   3                 RR 65.5e     1622231111 8 3 1 3   402.0  396.0
 81 1923.993630 1.107E-44 2.544E+01.02730.04612534.31060.60-.002220       X1/2   4       X1/2   3                 RR 65.5f     1622231111 8 3 1 3   402.0  396.0
 81 1923.996725 7.239E-75 9.191E-04.01820.03724832.60220.60-.002220       X3/2   4       X1/2   3                 RQ110.5f     0222231211 8 3 1 3   666.0  666.0
 81 1924.072353 4.116E-60 1.929E-03.02330.04217933.25990.60-.002220       X3/2   5       X1/2   4                 RQ 81.5e     1622231111 8 3 1 3   492.0  492.0
 81 1924.179441 5.182E-65 3.268E-04.03270.05019795.45600.60-.002220       X3/2  10       X1/2   9                 SR 50.5f     3622231111 8 3 1 3   312.0  306.0
 81 1924.179691 5.568E-51 2.974E-03.02860.04713642.52040.60-.002220       X3/2   5       X1/2   4                 RQ 62.5f     1622231111 8 3 1 3   378.0  378.0
 81 1924.185461 5.157E-65 3.247E-04.03270.05019795.14950.60-.002220       X3/2  10       X1/2   9                 SR 50.5e     3622231111 8 3 1 3   312.0  306.0
 81 1924.198737 6.545E-36 6.799E-03.04780.058 6475.15670.60-.002220       X3/2   4       X1/2   3                 RQ 23.5e     4643231111 8 3 1 3   144.0  144.0
 81 1924.221371 5.370E-26 1.308E+01.04610.054 3140.24730.70-.001200       X3/2   2       X3/2   1           27.5   R 25.5e 26.5454323 3 3 8 3 1 3    56.0   54.0
 81 1924.221393 5.171E-26 1.307E+01.04610.054 3140.24730.70-.001200       X3/2   2       X3/2   1           26.5   R 25.5e 25.5454323 3 3 8 3 1 3    54.0   52.0
 81 1924.221411 4.979E-26 1.307E+01.04610.054 3140.24730.70-.001200       X3/2   2       X3/2   1           25.5   R 25.5e 24.5454323 3 3 8 3 1 3    52.0   50.0
 81 1924.221782 7.374E-29 1.935E-02.04610.054 3140.24730.70-.001200       X3/2   2       X3/2   1           25.5   R 25.5e 25.5454323 3 3 8 3 1 3    52.0   52.0
 81 1924.221904 7.374E-29 1.863E-02.04610.054 3140.24730.70-.001200       X3/2   2       X3/2   1           26.5   R 25.5e 26.5454323 3 3 8 3 1 3    54.0   54.0
 81 1924.222293 2.626E-32 6.891E-06.04610.054 3140.24730.70-.001200       X3/2   2       X3/2   1           25.5   R 25.5e 26.5454323 3 3 8 3 1 3    52.0   54.0
 81 1924.223456 1.603E-58 2.070E-03.02410.04317186.72430.60-.002220       X3/2   5       X1/2   4                 RQ 78.5f     1622231111 8 3 1 3   474.0  474.0
 81 1924.226690 7.372E-29 1.863E-02.04610.054 3140.31420.70-.001200       X3/2   2       X3/2   1           26.5   R 25.5f 26.5454323 3 3 8 3 1 3    54.0   54.0
 81 1924.226703 5.369E-26 1.309E+01.04610.054 3140.31420.70-.001200       X3/2   2       X3/2   1           27.5   R 25.5f 26.5454323 3 3 8 3 1 3    56.0   54.0
 81 1924.226707 5.170E-26 1.307E+01.04610.054 3140.31420.70-.001200       X3/2   2       X3/2   1           26.5   R 25.5f 25.5454323 3 3 8 3 1 3    54.0   52.0
 81 1924.226714 4.978E-26 1.307E+01.04610.054 3140.31420.70-.001200       X3/2   2       X3/2   1           25.5   R 25.5f 24.5454323 3 3 8 3 1 3    52.0   50.0
 81 1924.226892 2.625E-32 6.890E-06.04610.054 3140.31420.70-.001200       X3/2   2       X3/2   1           25.5   R 25.5f 26.5454323 3 3 8 3 1 3    52.0   54.0
 81 1924.226909 7.372E-29 1.935E-02.04610.054 3140.31420.70-.001200       X3/2   2       X3/2   1           25.5   R 25.5f 25.5454323 3 3 8 3 1 3    52.0   52.0
 81 1924.240625 3.746E-50 3.100E-03.02920.04713252.25640.60-.002220       X3/2   5       X1/2   4                 RQ 60.5e     4622231111 8 3 1 3   366.0  366.0
 81 1924.267390 3.671E-58 2.539E+01.02090.02518984.41030.70-.001200       X3/2   4       X3/2   3                 RR 90.5e     1622231111 8 3 1 3   552.0  546.0
 81 1924.278148 3.651E-58 2.539E+01.02090.02518985.51500.70-.001200       X3/2   4       X3/2   3                 RR 90.5f     1622231111 8 3 1 3   552.0  546.0
 81 1924.312908 1.066E-58 6.889E-04.03680.05216919.10830.60-.002220       X3/2   9       X1/2   8                 SR 41.5f     3632231111 8 3 1 3   258.0  252.0
 81 1924.343939 4.169E-58 2.539E+01.02110.04018960.48490.60-.002220       X1/2   4       X1/2   3                 RR 91.5f     1622231111 8 3 1 3   558.0  552.0
 81 1924.344243 4.168E-58 2.539E+01.02110.04018960.52190.60-.002220       X1/2   4       X1/2   3                 RR 91.5e     1622231111 8 3 1 3   558.0  552.0
 81 1924.379139 3.417E-45 2.545E+01.02670.03212776.16330.70-.001200       X3/2   4       X3/2   3                 RR 65.5e     1622231111 8 3 1 3   402.0  396.0
 81 1924.389087 3.408E-45 2.546E+01.02670.03212776.72580.70-.001200       X3/2   4       X3/2   3                 RR 65.5f     1622231111 8 3 1 3   402.0  396.0
 81 1924.402940 3.344E-32 1.921E+01.03730.052 6468.34120.60-.002220       X1/2   3       X1/2   2                 RR 40.5e     4632231111 8 3 1 3   252.0  246.0
 81 1924.406096 3.339E-32 1.921E+01.03730.052 6468.62750.60-.002220       X1/2   3       X1/2   2                 RR 40.5f     4632231111 8 3 1 3   252.0  246.0
 81 1924.417467 1.062E-58 6.854E-04.03680.05216918.80550.60-.002220       X3/2   9       X1/2   8                 SR 41.5e     3632231111 8 3 1 3   258.0  252.0
 81 1924.455403 5.809E-21 6.365E+00.05420.063  504.56160.74-.001760       X3/2   1       X3/2   0           16.5   R 14.5e 15.5455443 4 4 8 3 1 3    34.0   32.0
 81 1924.455444 5.445E-21 6.339E+00.05420.063  504.56160.74-.001760       X3/2   1       X3/2   0           15.5   R 14.5e 14.5455443 4 4 8 3 1 3    32.0   30.0
 81 1924.455477 5.103E-21 6.337E+00.05420.063  504.56160.74-.001760       X3/2   1       X3/2   0           14.5   R 14.5e 13.5455443 4 4 8 3 1 3    30.0   28.0
 81 1924.455533 2.276E-23 2.826E-02.05420.063  504.56160.74-.001760       X3/2   1       X3/2   0           14.5   R 14.5e 14.5455443 4 4 8 3 1 3    30.0   30.0
 81 1924.455573 2.276E-23 2.650E-02.05420.063  504.56160.74-.001760       X3/2   1       X3/2   0           15.5   R 14.5e 15.5455443 4 4 8 3 1 3    32.0   32.0
 81 1924.455663 2.371E-26 2.944E-05.05420.063  504.56160.74-.001760       X3/2   1       X3/2   0           14.5   R 14.5e 15.5455443 4 4 8 3 1 3    30.0   32.0
 81 1924.456579 2.094E-51 2.904E-03.02820.04613842.00840.60-.002220       X3/2   5       X1/2   4                 RQ 63.5f     1622231111 8 3 1 3   384.0  384.0
 81 1924.458020 2.276E-23 2.650E-02.05420.063  504.57700.74-.001760       X3/2   1       X3/2   0           15.5   R 14.5f 15.5455443 4 4 8 3 1 3    32.0   32.0
 81 1924.458074 2.370E-26 2.943E-05.05420.063  504.57700.74-.001760       X3/2   1       X3/2   0           14.5   R 14.5f 15.5455443 4 4 8 3 1 3    30.0   32.0
 81 1924.458132 5.809E-21 6.366E+00.05420.063  504.57700.74-.001760       X3/2   1       X3/2   0           16.5   R 14.5f 15.5455443 4 4 8 3 1 3    34.0   32.0
 81 1924.458152 5.444E-21 6.338E+00.05420.063  504.57700.74-.001760       X3/2   1       X3/2   0           15.5   R 14.5f 14.5455443 4 4 8 3 1 3    32.0   30.0
 81 1924.458176 5.103E-21 6.337E+00.05420.063  504.57700.74-.001760       X3/2   1       X3/2   0           14.5   R 14.5f 13.5455443 4 4 8 3 1 3    30.0   28.0
 81 1924.458206 2.276E-23 2.827E-02.05420.063  504.57700.74-.001760       X3/2   1       X3/2   0           14.5   R 14.5f 14.5455443 4 4 8 3 1 3    30.0   30.0
 81 1924.472875 1.412E-59 1.971E-03.02360.04317681.55150.60-.002220       X3/2   5       X1/2   4                 RQ 80.5e     1622231111 8 3 1 3   486.0  486.0
 81 1924.511132 5.275E-58 2.116E-03.02430.04316943.50960.60-.002220       X3/2   5       X1/2   4                 RQ 77.5f     1622231111 8 3 1 3   468.0  468.0
 81 1924.589698 4.040E-45 2.547E+01.02700.04612744.84770.60-.002220       X1/2   4       X1/2   3                 RR 66.5e     1622231111 8 3 1 3   408.0  402.0
 81 1924.590507 4.036E-45 2.547E+01.02700.04612745.06150.60-.002220       X1/2   4       X1/2   3                 RR 66.5f     1622231111 8 3 1 3   408.0  402.0
 81 1924.595896 1.451E-50 3.028E-03.02890.04713445.76950.60-.002220       X3/2   5       X1/2   4                 RQ 61.5e     1622231111 8 3 1 3   372.0  372.0
 81 1924.616785 1.015E-27 2.144E-03.05280.061 2246.80640.63-.001290       X3/2   2       X1/2   1                 QP 14.5f     4654431111 8 3 1 3    84.0   90.0
 81 1924.697327 2.251E-31 2.647E-03.06000.064 3763.40610.71-.001380       X3/2   3       X1/2   2                 QP  4.5f     4654431111 8 3 1 3    24.0   30.0
 81 1924.699262 7.765E-52 2.838E-03.02790.04614044.47390.60-.002220       X3/2   5       X1/2   4                 RQ 64.5f     1622231111 8 3 1 3   390.0  390.0
 81 1924.755689 2.249E-31 2.645E-03.06000.064 3763.34750.71-.001380       X3/2   3       X1/2   2                 QP  4.5e     4654431111 8 3 1 3    24.0   30.0
 81 1924.758075 1.712E-57 2.164E-03.02450.04316703.14330.60-.002220       X3/2   5       X1/2   4                 RQ 76.5f     1622231111 8 3 1 3   462.0  462.0
 81 1924.767535 1.014E-27 2.141E-03.05280.061 2246.64350.63-.001290       X3/2   2       X1/2   1                 QP 14.5e     4654431111 8 3 1 3    84.0   90.0
 81 1924.831508 4.775E-59 2.014E-03.02380.04317432.66070.60-.002220       X3/2   5       X1/2   4                 RQ 79.5e     1622231111 8 3 1 3   480.0  480.0
 81 1924.847322 4.535E-36 6.661E-03.04720.058 6554.67780.60-.002220       X3/2   4       X1/2   3                 RQ 24.5f     4643231111 8 3 1 3   150.0  150.0
 81 1924.852441 1.433E-57 2.542E+01.02110.02618702.08280.70-.001200       X3/2   4       X3/2   3                 RR 89.5e     1622231111 8 3 1 3   546.0  540.0
 81 1924.863175 1.425E-57 2.541E+01.02110.02618703.16220.70-.001200       X3/2   4       X3/2   3                 RR 89.5f     1622231111 8 3 1 3   546.0  540.0
 81 1924.890643 4.532E-53 1.248E-03.04120.05514332.55500.60-.002220       X3/2   8       X1/2   7                 SR 33.5f     3632231111 8 3 1 3   210.0  204.0
 81 1924.907191 2.837E-52 2.772E-03.02760.04614249.90870.60-.002220       X3/2   5       X1/2   4                 RQ 65.5f     1622231111 8 3 1 3   396.0  396.0
 81 1924.918101 5.538E-51 2.957E-03.02860.04713642.27670.60-.002220       X3/2   5       X1/2   4                 RQ 62.5e     1622231111 8 3 1 3   378.0  378.0
 81 1924.932407 1.629E-57 2.542E+01.02130.04018677.94190.60-.002220       X1/2   4       X1/2   3                 RR 90.5f     1622231111 8 3 1 3   552.0  546.0
 81 1924.932676 1.629E-57 2.542E+01.02130.04018677.96520.60-.002220       X1/2   4       X1/2   3                 RR 90.5e     1622231111 8 3 1 3   552.0  546.0
 81 1924.938948 1.230E-45 2.548E+01.02640.03212989.52490.70-.001200       X3/2   4       X3/2   3                 RR 66.5e     1622231111 8 3 1 3   408.0  402.0
 81 1924.948942 1.226E-45 2.547E+01.02640.03212990.10560.70-.001200       X3/2   4       X3/2   3                 RR 66.5f     1622231111 8 3 1 3   408.0  402.0
 81 1924.964690 5.477E-57 2.211E-03.02480.04416465.63560.60-.002220       X3/2   5       X1/2   4                 RQ 75.5f     1622231111 8 3 1 3   456.0  456.0
 81 1925.049833 4.518E-53 1.242E-03.04120.05514332.27220.60-.002220       X3/2   8       X1/2   7                 SR 33.5e     3632231111 8 3 1 3   210.0  204.0
 81 1925.079836 1.022E-52 2.709E-03.02730.04614458.30420.60-.002220       X3/2   5       X1/2   4                 RQ 66.5f     1622231111 8 3 1 3   402.0  402.0
 81 1925.110123 4.546E-43 3.161E-03.05010.059 9670.83610.60-.002250       X3/2   6       X1/2   5                 SR 18.5f     3653231111 8 3 1 3   120.0  114.0
 81 1925.131384 1.728E-56 2.260E-03.02510.04416230.99650.60-.002220       X3/2   5       X1/2   4                 RQ 74.5f     1622231111 8 3 1 3   450.0  450.0
 81 1925.141413 1.451E-45 2.550E+01.02670.04512958.59390.60-.002220       X1/2   4       X1/2   3                 RR 67.5e     1622231111 8 3 1 3   414.0  408.0
 81 1925.142014 4.521E-36 6.635E-03.04720.058 6554.44010.60-.002220       X3/2   4       X1/2   3                 RQ 24.5e     4643231111 8 3 1 3   150.0  150.0
 81 1925.142163 1.449E-45 2.549E+01.02670.04512958.80110.60-.002220       X1/2   4       X1/2   3                 RR 67.5f     1622231111 8 3 1 3   414.0  408.0
 81 1925.148633 1.593E-58 2.058E-03.02410.04317186.59800.60-.002220       X3/2   5       X1/2   4                 RQ 78.5e     1622231111 8 3 1 3   474.0  474.0
 81 1925.206662 2.083E-51 2.888E-03.02820.04613841.76990.60-.002220       X3/2   5       X1/2   4                 RQ 63.5e     1622231111 8 3 1 3   384.0  384.0
 81 1925.216679 3.627E-53 2.647E-03.02700.04614669.65200.60-.002220       X3/2   5       X1/2   4                 RQ 67.5f     1622231111 8 3 1 3   408.0  408.0
 81 1925.258574 5.378E-56 2.311E-03.02530.04415999.23580.60-.002220       X3/2   5       X1/2   4                 RQ 73.5f     1622231111 8 3 1 3   444.0  444.0
 81 1925.277283 4.536E-43 3.151E-03.05010.059 9670.63880.60-.002250       X3/2   6       X1/2   5                 SR 18.5e     3653231111 8 3 1 3   120.0  114.0
 81 1925.297636 7.180E-75 9.134E-04.01820.03724832.72910.60-.002220       X3/2   4       X1/2   3                 RQ110.5e     0222231211 8 3 1 3   666.0  666.0
 81 1925.298356 4.291E-80 1.289E+01.01550.03429310.03030.60-.002220       X1/2   2       X1/2   1                 RR131.5f     0222231211 8 3 1 3   798.0  792.0
 81 1925.300978 4.289E-80 1.289E+01.01550.03429310.13060.60-.002220       X1/2   2       X1/2   1                 RR131.5e     0222231211 8 3 1 3   798.0  792.0
 81 1925.305214 3.903E-80 1.289E+01.01540.01929328.02950.70-.001200       X3/2   2       X3/2   1                 RR130.5e     0222231211 8 3 1 3   792.0  786.0
 81 1925.317218 1.269E-53 2.587E-03.02670.04514883.94320.60-.002220       X3/2   5       X1/2   4                 RQ 68.5f     1622231111 8 3 1 3   414.0  414.0
 81 1925.317830 3.875E-80 1.289E+01.01540.01929329.48790.70-.001200       X3/2   2       X3/2   1                 RR130.5f     0222231211 8 3 1 3   792.0  786.0
 81 1925.327826 6.967E-26 1.314E+01.04540.057 3079.86680.60-.002220       X1/2   2       X1/2   1           26.5   R 26.5e 25.5453323 3 3 8 3 1 3    54.0   52.0
 81 1925.327837 7.225E-26 1.314E+01.04540.057 3079.86680.60-.002220       X1/2   2       X1/2   1           27.5   R 26.5e 26.5453323 3 3 8 3 1 3    56.0   54.0
 81 1925.327852 7.493E-26 1.316E+01.04540.057 3079.86680.60-.002220       X1/2   2       X1/2   1           28.5   R 26.5e 27.5453323 3 3 8 3 1 3    58.0   56.0
 81 1925.328944 9.567E-29 1.740E-02.04540.057 3079.86680.60-.002220       X1/2   2       X1/2   1           27.5   R 26.5e 27.5453323 3 3 8 3 1 3    56.0   56.0
 81 1925.329108 9.567E-29 1.805E-02.04540.057 3079.86680.60-.002220       X1/2   2       X1/2   1           26.5   R 26.5e 26.5453323 3 3 8 3 1 3    54.0   54.0
 81 1925.329277 3.160E-32 5.968E-06.04540.057 3080.11370.60-.002220       X1/2   2       X1/2   1           26.5   R 26.5f 27.5453323 3 3 8 3 1 3    54.0   56.0
 81 1925.330216 3.164E-32 5.968E-06.04540.057 3079.86680.60-.002220       X1/2   2       X1/2   1           26.5   R 26.5e 27.5453323 3 3 8 3 1 3    54.0   56.0
 81 1925.331446 9.555E-29 1.805E-02.04540.057 3080.11370.60-.002220       X1/2   2       X1/2   1           26.5   R 26.5f 26.5453323 3 3 8 3 1 3    54.0   54.0
 81 1925.331496 9.555E-29 1.740E-02.04540.057 3080.11370.60-.002220       X1/2   2       X1/2   1           27.5   R 26.5f 27.5453323 3 3 8 3 1 3    56.0   56.0
 81 1925.333659 7.484E-26 1.316E+01.04540.057 3080.11370.60-.002220       X1/2   2       X1/2   1           28.5   R 26.5f 27.5453323 3 3 8 3 1 3    58.0   56.0
 81 1925.333662 6.959E-26 1.314E+01.04540.057 3080.11370.60-.002220       X1/2   2       X1/2   1           26.5   R 26.5f 25.5453323 3 3 8 3 1 3    54.0   52.0
 81 1925.333664 7.217E-26 1.314E+01.04540.057 3080.11370.60-.002220       X1/2   2       X1/2   1           27.5   R 26.5f 26.5453323 3 3 8 3 1 3    56.0   54.0
 81 1925.346686 1.650E-55 2.363E-03.02560.04415770.36320.60-.002220       X3/2   5       X1/2   4                 RQ 72.5f     1622231111 8 3 1 3   438.0  438.0
 81 1925.380960 4.379E-54 2.529E-03.02640.04515101.16910.60-.002220       X3/2   5       X1/2   4                 RQ 69.5f     1622231111 8 3 1 3   420.0  420.0
 81 1925.387702 5.519E-57 2.545E+01.02120.02618422.50210.70-.001200       X3/2   4       X3/2   3                 RR 88.5e     1622231111 8 3 1 3   540.0  534.0
 81 1925.396155 4.992E-55 2.417E-03.02590.04515544.38830.60-.002220       X3/2   5       X1/2   4                 RQ 71.5f     1622231111 8 3 1 3   432.0  432.0
 81 1925.398414 5.491E-57 2.545E+01.02120.02618423.55650.70-.001200       X3/2   4       X3/2   3                 RR 88.5f     1622231111 8 3 1 3   540.0  534.0
 81 1925.407429 1.489E-54 2.472E-03.02610.04515321.32050.60-.002220       X3/2   5       X1/2   4                 RQ 70.5f     1622231111 8 3 1 3   426.0  426.0
 81 1925.424634 5.242E-58 2.104E-03.02430.04316943.37390.60-.002220       X3/2   5       X1/2   4                 RQ 77.5e     1622231111 8 3 1 3   468.0  468.0
 81 1925.453041 4.361E-46 2.550E+01.02620.03213205.87610.70-.001200       X3/2   4       X3/2   3                 RR 67.5e     1622231111 8 3 1 3   414.0  408.0
 81 1925.461017 7.722E-52 2.821E-03.02790.04614044.24100.60-.002220       X3/2   5       X1/2   4                 RQ 64.5e     1622231111 8 3 1 3   390.0  390.0
 81 1925.463082 4.349E-46 2.550E+01.02620.03213206.47520.70-.001200       X3/2   4       X3/2   3                 RR 67.5f     1622231111 8 3 1 3   414.0  408.0
 81 1925.471201 6.283E-57 2.545E+01.02150.04118398.14100.60-.002220       X1/2   4       X1/2   3                 RR 89.5f     1622231111 8 3 1 3   546.0  540.0
 81 1925.471434 6.282E-57 2.545E+01.02150.04118398.15100.60-.002220       X1/2   4       X1/2   3                 RR 89.5e     1622231111 8 3 1 3   546.0  540.0
 81 1925.538774 1.393E-32 1.923E+01.03670.044 6648.49030.70-.001200       X3/2   3       X3/2   2                 RR 40.5e     4632231111 8 3 1 3   252.0  246.0
 81 1925.546807 1.392E-32 1.923E+01.03670.044 6648.69010.70-.001200       X3/2   3       X3/2   2                 RR 40.5f     4632231111 8 3 1 3   252.0  246.0
 81 1925.647730 5.135E-46 2.552E+01.02640.04513175.32030.60-.002220       X1/2   4       X1/2   3                 RR 68.5e     1622231111 8 3 1 3   420.0  414.0
 81 1925.648422 5.130E-46 2.552E+01.02640.04513175.52060.60-.002220       X1/2   4       X1/2   3                 RR 68.5f     1622231111 8 3 1 3   420.0  414.0
 81 1925.659905 1.701E-57 2.150E-03.02450.04316702.99840.60-.002220       X3/2   5       X1/2   4                 RQ 76.5e     1622231111 8 3 1 3   462.0  462.0
 81 1925.680620 2.821E-52 2.756E-03.02760.04614249.68160.60-.002220       X3/2   5       X1/2   4                 RQ 65.5e     1622231111 8 3 1 3   396.0  396.0
 81 1925.712699 3.670E-74 9.373E-04.01830.03724500.44960.60-.002220       X3/2   4       X1/2   3                 RQ109.5f     0222231211 8 3 1 3   660.0  660.0
 81 1925.790825 3.078E-36 6.499E-03.04660.057 6637.18830.60-.002220       X3/2   4       X1/2   3                 RQ 25.5f     4643231111 8 3 1 3   156.0  156.0
 81 1925.850553 1.487E-71 1.920E+01.01710.02125320.17190.70-.001200       X3/2   3       X3/2   2                 RR115.5e     0222231211 8 3 1 3   702.0  696.0
 81 1925.854846 5.444E-57 2.198E-03.02480.04416465.48190.60-.002220       X3/2   5       X1/2   4                 RQ 75.5e     1622231111 8 3 1 3   456.0  456.0
 81 1925.862235 1.477E-71 1.920E+01.01710.02125321.57650.70-.001200       X3/2   3       X3/2   2                 RR115.5f     0222231211 8 3 1 3   702.0  696.0
 81 1925.864937 1.016E-52 2.693E-03.02730.04614458.08330.60-.002220       X3/2   5       X1/2   4                 RQ 66.5e     1622231111 8 3 1 3   402.0  402.0
 81 1925.865646 1.651E-71 1.920E+01.01720.03625300.44470.60-.002220       X1/2   3       X1/2   2                 RR116.5f     0222231211 8 3 1 3   708.0  702.0
 81 1925.867168 1.650E-71 1.920E+01.01720.03625300.57040.60-.002220       X1/2   3       X1/2   2                 RR116.5e     0222231211 8 3 1 3   708.0  702.0
 81 1925.873365 2.097E-56 2.547E+01.02140.02618145.68030.70-.001200       X3/2   4       X3/2   3                 RR 87.5e     1622231111 8 3 1 3   534.0  528.0
 81 1925.884052 2.087E-56 2.548E+01.02140.02618146.71000.70-.001200       X3/2   4       X3/2   3                 RR 87.5f     1622231111 8 3 1 3   534.0  528.0
 81 1925.921258 1.524E-46 2.552E+01.02590.03113425.20770.70-.001200       X3/2   4       X3/2   3                 RR 68.5e     1622231111 8 3 1 3   420.0  414.0
 81 1925.931342 1.519E-46 2.551E+01.02590.03113425.82560.70-.001200       X3/2   4       X3/2   3                 RR 68.5f     1622231111 8 3 1 3   420.0  414.0
 81 1925.960515 2.390E-56 2.548E+01.02170.04118121.09420.60-.002220       X1/2   4       X1/2   3                 RR 88.5f     1622231111 8 3 1 3   540.0  534.0
 81 1925.960714 2.390E-56 2.548E+01.02170.04118121.09110.60-.002220       X1/2   4       X1/2   3                 RR 88.5e     1622231111 8 3 1 3   540.0  534.0
 81 1926.009867 1.718E-56 2.247E-03.02510.04416230.83410.60-.002220       X3/2   5       X1/2   4                 RQ 74.5e     1622231111 8 3 1 3   450.0  450.0
 81 1926.013453 3.607E-53 2.632E-03.02700.04614669.43740.60-.002220       X3/2   5       X1/2   4                 RQ 67.5e     1622231111 8 3 1 3   408.0  408.0
 81 1926.015695 5.520E-26 8.205E-04.04660.057 1128.08630.60-.001280       X3/2   1       X1/2   0           25.5   P 25.5f 26.5454323 4 4 8 3 1 3    52.0   54.0
 81 1926.017846 5.307E-26 8.204E-04.04660.057 1128.08630.60-.001280       X3/2   1       X1/2   0           24.5   P 25.5f 25.5454323 4 4 8 3 1 3    50.0   52.0
 81 1926.017868 8.174E-29 1.215E-06.04660.057 1128.08630.60-.001280       X3/2   1       X1/2   0           25.5   P 25.5f 25.5454323 4 4 8 3 1 3    52.0   52.0
 81 1926.020060 8.174E-29 1.264E-06.04660.057 1128.08630.60-.001280       X3/2   1       X1/2   0           24.5   P 25.5f 24.5454323 4 4 8 3 1 3    50.0   50.0
 81 1926.020082 3.144E-32 4.673E-10.04660.057 1128.08630.60-.001280       X3/2   1       X1/2   0           25.5   P 25.5f 24.5454323 4 4 8 3 1 3    52.0   50.0
 81 1926.020248 5.103E-26 8.217E-04.04660.057 1128.08630.60-.001280       X3/2   1       X1/2   0           23.5   P 25.5f 24.5454323 4 4 8 3 1 3    48.0   50.0
 81 1926.021547 9.742E-35 5.930E-03.06000.064 5568.35770.71-.000520       X3/2   4       X1/2   3                 SR  3.5f     4654431111 8 3 1 3    30.0   24.0
 81 1926.068023 9.737E-35 5.925E-03.06000.064 5568.31070.71-.000520       X3/2   4       X1/2   3                 SR  3.5e     4654431111 8 3 1 3    30.0   24.0
 81 1926.097252 3.068E-36 6.472E-03.04660.057 6636.94500.60-.002220       X3/2   4       X1/2   3                 RQ 25.5e     4643231111 8 3 1 3   156.0  156.0
 81 1926.108467 1.791E-46 2.554E+01.02610.04513395.01810.60-.002220       X1/2   4       X1/2   3                 RR 69.5e     1622231111 8 3 1 3   426.0  420.0
 81 1926.109103 1.789E-46 2.553E+01.02610.04513395.21140.60-.002220       X1/2   4       X1/2   3                 RR 69.5f     1622231111 8 3 1 3   426.0  420.0
 81 1926.111949 1.778E-32 1.927E+01.03680.052 6603.41350.60-.002220       X1/2   3       X1/2   2                 RR 41.5e     4632231111 8 3 1 3   258.0  252.0
 81 1926.114960 1.775E-32 1.926E+01.03680.052 6603.70020.60-.002220       X1/2   3       X1/2   2                 RR 41.5f     4632231111 8 3 1 3   258.0  252.0
 81 1926.125383 5.346E-56 2.298E-03.02530.04415999.06510.60-.002220       X3/2   5       X1/2   4                 RQ 73.5e     1622231111 8 3 1 3   444.0  444.0
 81 1926.125664 1.262E-53 2.572E-03.02670.04514883.73530.60-.002220       X3/2   5       X1/2   4                 RQ 68.5e     1622231111 8 3 1 3   414.0  414.0
 81 1926.196720 3.148E-32 4.675E-10.04660.057 1127.84540.60-.001280       X3/2   1       X1/2   0           25.5   P 25.5e 24.5454323 4 4 8 3 1 3    52.0   50.0
 81 1926.197203 8.185E-29 1.264E-06.04660.057 1127.84540.60-.001280       X3/2   1       X1/2   0           24.5   P 25.5e 24.5454323 4 4 8 3 1 3    50.0   50.0
 81 1926.197550 5.109E-26 8.219E-04.04660.057 1127.84540.60-.001280       X3/2   1       X1/2   0           23.5   P 25.5e 24.5454323 4 4 8 3 1 3    48.0   50.0
 81 1926.198016 8.185E-29 1.215E-06.04660.057 1127.84540.60-.001280       X3/2   1       X1/2   0           25.5   P 25.5e 25.5454323 4 4 8 3 1 3    52.0   52.0
 81 1926.198499 5.314E-26 8.207E-04.04660.057 1127.84540.60-.001280       X3/2   1       X1/2   0           24.5   P 25.5e 25.5454323 4 4 8 3 1 3    50.0   52.0
 81 1926.199140 5.527E-26 8.207E-04.04660.057 1127.84540.60-.001280       X3/2   1       X1/2   0           25.5   P 25.5e 26.5454323 4 4 8 3 1 3    52.0   54.0
 81 1926.201078 4.353E-54 2.514E-03.02640.04515100.96800.60-.002220       X3/2   5       X1/2   4                 RQ 69.5e     1622231111 8 3 1 3   420.0  420.0
 81 1926.201822 1.640E-55 2.349E-03.02560.04415770.18450.60-.002220       X3/2   5       X1/2   4                 RQ 72.5e     1622231111 8 3 1 3   438.0  438.0
 81 1926.239220 1.480E-54 2.457E-03.02610.04515321.12660.60-.002220       X3/2   5       X1/2   4                 RQ 70.5e     1622231111 8 3 1 3   426.0  426.0
 81 1926.239619 4.963E-55 2.403E-03.02590.04515544.20180.60-.002220       X3/2   5       X1/2   4                 RQ 71.5e     1622231111 8 3 1 3   432.0  432.0
 81 1926.286247 8.060E-21 6.424E+00.05180.060  426.22190.51-.001210       X1/2   1       X1/2   0           15.5   R 15.5e 14.5455443 4 4 8 3 1 3    32.0   30.0
 81 1926.286259 8.566E-21 6.426E+00.05180.060  426.22190.51-.001210       X1/2   1       X1/2   0           16.5   R 15.5e 15.5455443 4 4 8 3 1 3    34.0   32.0
 81 1926.286280 9.103E-21 6.449E+00.05180.060  426.22190.51-.001210       X1/2   1       X1/2   0           17.5   R 15.5e 16.5455443 4 4 8 3 1 3    36.0   34.0
 81 1926.287622 3.158E-23 2.369E-02.05180.060  426.22190.51-.001210       X1/2   1       X1/2   0           16.5   R 15.5e 16.5455443 4 4 8 3 1 3    34.0   34.0
 81 1926.287689 3.158E-23 2.517E-02.05180.060  426.22190.51-.001210       X1/2   1       X1/2   0           15.5   R 15.5e 15.5455443 4 4 8 3 1 3    32.0   32.0
 81 1926.289052 2.903E-26 2.314E-05.05180.060  426.22190.51-.001210       X1/2   1       X1/2   0           15.5   R 15.5e 16.5455443 4 4 8 3 1 3    32.0   34.0
 81 1926.290516 2.900E-26 2.313E-05.05180.060  426.39350.51-.001210       X1/2   1       X1/2   0           15.5   R 15.5f 16.5455443 4 4 8 3 1 3    32.0   34.0
 81 1926.292688 3.155E-23 2.369E-02.05180.060  426.39350.51-.001210       X1/2   1       X1/2   0           16.5   R 15.5f 16.5455443 4 4 8 3 1 3    34.0   34.0
 81 1926.292745 3.155E-23 2.517E-02.05180.060  426.39350.51-.001210       X1/2   1       X1/2   0           15.5   R 15.5f 15.5455443 4 4 8 3 1 3    32.0   32.0
 81 1926.294909 9.096E-21 6.450E+00.05180.060  426.39350.51-.001210       X1/2   1       X1/2   0           17.5   R 15.5f 16.5455443 4 4 8 3 1 3    36.0   34.0
 81 1926.294910 8.054E-21 6.425E+00.05180.060  426.39350.51-.001210       X1/2   1       X1/2   0           15.5   R 15.5f 14.5455443 4 4 8 3 1 3    32.0   30.0
 81 1926.294917 8.559E-21 6.426E+00.05180.060  426.39350.51-.001210       X1/2   1       X1/2   0           16.5   R 15.5f 15.5455443 4 4 8 3 1 3    34.0   32.0
 81 1926.309617 7.860E-56 2.550E+01.02160.02617871.62920.70-.001200       X3/2   4       X3/2   3                 RR 86.5e     1622231111 8 3 1 3   528.0  522.0
 81 1926.320281 7.822E-56 2.550E+01.02160.02617872.63450.70-.001200       X3/2   4       X3/2   3                 RR 86.5f     1622231111 8 3 1 3   528.0  522.0
 81 1926.343431 5.248E-47 2.554E+01.02560.03113647.51040.70-.001200       X3/2   4       X3/2   3                 RR 69.5e     1622231111 8 3 1 3   426.0  420.0
 81 1926.353558 5.232E-47 2.554E+01.02560.03113648.14730.70-.001200       X3/2   4       X3/2   3                 RR 69.5f     1622231111 8 3 1 3   426.0  420.0
 81 1926.400545 8.969E-56 2.550E+01.02190.04117846.81310.60-.002220       X1/2   4       X1/2   3                 RR 87.5f     1622231111 8 3 1 3   534.0  528.0
 81 1926.400707 8.970E-56 2.550E+01.02190.04117846.79730.60-.002220       X1/2   4       X1/2   3                 RR 87.5e     1622231111 8 3 1 3   534.0  528.0
 81 1926.523446 6.154E-47 2.555E+01.02590.04513617.67840.60-.002220       X1/2   4       X1/2   3                 RR 70.5e     1622231111 8 3 1 3   432.0  426.0
 81 1926.524028 6.149E-47 2.555E+01.02590.04513617.86420.60-.002220       X1/2   4       X1/2   3                 RR 70.5f     1622231111 8 3 1 3   432.0  426.0
 81 1926.566605 3.609E-26 1.315E+01.04540.054 3229.78660.70-.001200       X3/2   2       X3/2   1           28.5   R 26.5e 27.5453323 3 3 8 3 1 3    58.0   56.0
 81 1926.566626 3.479E-26 1.313E+01.04540.054 3229.78660.70-.001200       X3/2   2       X3/2   1           27.5   R 26.5e 26.5453323 3 3 8 3 1 3    56.0   54.0
 81 1926.566643 3.355E-26 1.313E+01.04540.054 3229.78660.70-.001200       X3/2   2       X3/2   1           26.5   R 26.5e 25.5453323 3 3 8 3 1 3    54.0   52.0
 81 1926.567037 4.607E-29 1.803E-02.04540.054 3229.78660.70-.001200       X3/2   2       X3/2   1           26.5   R 26.5e 26.5453323 3 3 8 3 1 3    54.0   54.0
 81 1926.567164 4.607E-29 1.739E-02.04540.054 3229.78660.70-.001200       X3/2   2       X3/2   1           27.5   R 26.5e 27.5453323 3 3 8 3 1 3    56.0   56.0
 81 1926.567575 1.523E-32 5.961E-06.04540.054 3229.78660.70-.001200       X3/2   2       X3/2   1           26.5   R 26.5e 27.5453323 3 3 8 3 1 3    54.0   56.0
 81 1926.572104 4.605E-29 1.739E-02.04540.054 3229.86020.70-.001200       X3/2   2       X3/2   1           27.5   R 26.5f 27.5453323 3 3 8 3 1 3    56.0   56.0
 81 1926.572115 3.607E-26 1.315E+01.04540.054 3229.86020.70-.001200       X3/2   2       X3/2   1           28.5   R 26.5f 27.5453323 3 3 8 3 1 3    58.0   56.0
 81 1926.572118 3.478E-26 1.313E+01.04540.054 3229.86020.70-.001200       X3/2   2       X3/2   1           27.5   R 26.5f 26.5453323 3 3 8 3 1 3    56.0   54.0
 81 1926.572124 3.354E-26 1.313E+01.04540.054 3229.86020.70-.001200       X3/2   2       X3/2   1           26.5   R 26.5f 25.5453323 3 3 8 3 1 3    54.0   52.0
 81 1926.572313 1.523E-32 5.964E-06.04540.054 3229.86020.70-.001200       X3/2   2       X3/2   1           26.5   R 26.5f 27.5453323 3 3 8 3 1 3    54.0   56.0
 81 1926.572327 4.605E-29 1.803E-02.04540.054 3229.86020.70-.001200       X3/2   2       X3/2   1           26.5   R 26.5f 26.5453323 3 3 8 3 1 3    54.0   54.0
 81 1926.696647 2.906E-55 2.552E+01.02180.02617600.36040.70-.001200       X3/2   4       X3/2   3                 RR 85.5e     1622231111 8 3 1 3   522.0  516.0
 81 1926.707285 2.892E-55 2.552E+01.02180.02617601.34160.70-.001200       X3/2   4       X3/2   3                 RR 85.5f     1622231111 8 3 1 3   522.0  516.0
 81 1926.719395 1.781E-47 2.556E+01.02530.03113872.77480.70-.001200       X3/2   4       X3/2   3                 RR 70.5e     1622231111 8 3 1 3   432.0  426.0
 81 1926.729562 1.775E-47 2.555E+01.02530.03113873.43110.70-.001200       X3/2   4       X3/2   3                 RR 70.5f     1622231111 8 3 1 3   432.0  426.0
 81 1926.744199 2.053E-36 6.338E-03.04600.057 6722.91750.60-.002220       X3/2   4       X1/2   3                 RQ 26.5f     4643231111 8 3 1 3   162.0  162.0
 81 1926.791482 3.320E-55 2.552E+01.02210.04117575.30930.60-.002220       X1/2   4       X1/2   3                 RR 86.5f     1622231111 8 3 1 3   528.0  522.0
 81 1926.791607 3.321E-55 2.552E+01.02210.04117575.28110.60-.002220       X1/2   4       X1/2   3                 RR 86.5e     1622231111 8 3 1 3   528.0  522.0
 81 1926.817347 1.120E-38 4.310E-03.05370.061 7565.30050.67-.000510       X3/2   5       X1/2   4                 SR 11.5f     4654431111 8 3 1 3    78.0   72.0
 81 1926.892488 2.084E-47 2.556E+01.02560.04413843.29200.60-.002220       X1/2   4       X1/2   3                 RR 71.5e     1622231111 8 3 1 3   438.0  432.0
 81 1926.893017 2.082E-47 2.556E+01.02560.04413843.47020.60-.002220       X1/2   4       X1/2   3                 RR 71.5f     1622231111 8 3 1 3   438.0  432.0
 81 1926.894706 1.559E-86 6.520E+00.01450.03332236.44640.60-.002220       X1/2   1       X1/2   0                 RR142.5f     0222231211 8 3 1 3   864.0  858.0
 81 1926.898466 1.559E-86 6.522E+00.01450.03332236.53270.60-.002220       X1/2   1       X1/2   0                 RR142.5e     0222231211 8 3 1 3   864.0  858.0
 81 1926.913897 1.426E-86 6.522E+00.01440.01832253.42900.70-.001200       X3/2   1       X3/2   0                 RR141.5e     0222231211 8 3 1 3   858.0  852.0
 81 1926.927533 1.416E-86 6.524E+00.01440.01832254.93100.70-.001200       X3/2   1       X3/2   0                 RR141.5f     0222231211 8 3 1 3   858.0  852.0
 81 1926.942416 1.118E-38 4.300E-03.05370.061 7565.16620.67-.000510       X3/2   5       X1/2   4                 SR 11.5e     4654431111 8 3 1 3    78.0   72.0
 81 1927.001894 3.641E-74 9.317E-04.01830.03724500.57920.60-.002220       X3/2   4       X1/2   3                 RQ109.5e     0222231211 8 3 1 3   660.0  660.0
 81 1927.034640 1.060E-54 2.554E+01.02200.02717331.88560.70-.001200       X3/2   4       X3/2   3                 RR 84.5e     1622231111 8 3 1 3   516.0  510.0
 81 1927.045254 1.055E-54 2.554E+01.02200.02717332.84300.70-.001200       X3/2   4       X3/2   3                 RR 84.5f     1622231111 8 3 1 3   516.0  510.0
 81 1927.048979 5.956E-48 2.557E+01.02510.03014100.99130.70-.001200       X3/2   4       X3/2   3                 RR 71.5e     1622231111 8 3 1 3   438.0  432.0
 81 1927.059186 5.936E-48 2.557E+01.02510.03014101.66730.70-.001200       X3/2   4       X3/2   3                 RR 71.5f     1622231111 8 3 1 3   438.0  432.0
 81 1927.062358 2.046E-36 6.311E-03.04600.057 6722.66890.60-.002220       X3/2   4       X1/2   3                 RQ 26.5e     4643231111 8 3 1 3   162.0  162.0
 81 1927.133519 1.212E-54 2.553E+01.02230.04117306.59410.60-.002220       X1/2   4       X1/2   3                 RR 85.5f     1622231111 8 3 1 3   522.0  516.0
 81 1927.133607 1.213E-54 2.555E+01.02230.04117306.55390.60-.002220       X1/2   4       X1/2   3                 RR 85.5e     1622231111 8 3 1 3   522.0  516.0
 81 1927.215413 6.958E-48 2.558E+01.02530.04414071.84970.60-.002220       X1/2   4       X1/2   3                 RR 72.5e     1622231111 8 3 1 3   444.0  438.0
 81 1927.215890 6.952E-48 2.558E+01.02530.04414072.01990.60-.002220       X1/2   4       X1/2   3                 RR 72.5f     1622231111 8 3 1 3   444.0  438.0
 81 1927.223491 1.211E-27 2.188E-03.05320.061 2198.82360.72-.002070       X3/2   2       X1/2   1                 QP 13.5f     4654431111 8 3 1 3    78.0   84.0
 81 1927.231025 7.321E-33 1.929E+01.03620.043 6785.97810.70-.001200       X3/2   3       X3/2   2                 RR 41.5e     4632231111 8 3 1 3   258.0  252.0
 81 1927.239189 7.314E-33 1.929E+01.03620.043 6786.18930.70-.001200       X3/2   3       X3/2   2                 RR 41.5f     4632231111 8 3 1 3   258.0  252.0
 81 1927.273609 4.771E-21 6.412E+00.05350.062  557.73850.67-.001210       X3/2   1       X3/2   0           17.5   R 15.5e 16.5455443 4 4 8 3 1 3    36.0   34.0
 81 1927.273647 4.489E-21 6.388E+00.05350.062  557.73850.67-.001210       X3/2   1       X3/2   0           16.5   R 15.5e 15.5455443 4 4 8 3 1 3    34.0   32.0
 81 1927.273679 4.224E-21 6.387E+00.05350.062  557.73850.67-.001210       X3/2   1       X3/2   0           15.5   R 15.5e 14.5455443 4 4 8 3 1 3    32.0   30.0
 81 1927.273770 1.655E-23 2.502E-02.05350.062  557.73850.67-.001210       X3/2   1       X3/2   0           15.5   R 15.5e 15.5455443 4 4 8 3 1 3    32.0   32.0
 81 1927.273821 1.655E-23 2.355E-02.05350.062  557.73850.67-.001210       X3/2   1       X3/2   0           16.5   R 15.5e 16.5455443 4 4 8 3 1 3    34.0   34.0
 81 1927.273943 1.521E-26 2.300E-05.05350.062  557.73850.67-.001210       X3/2   1       X3/2   0           15.5   R 15.5e 16.5455443 4 4 8 3 1 3    32.0   34.0
 81 1927.276519 1.655E-23 2.355E-02.05350.062  557.75690.67-.001210       X3/2   1       X3/2   0           16.5   R 15.5f 16.5455443 4 4 8 3 1 3    34.0   34.0
 81 1927.276595 1.521E-26 2.300E-05.05350.062  557.75690.67-.001210       X3/2   1       X3/2   0           15.5   R 15.5f 16.5455443 4 4 8 3 1 3    32.0   34.0
 81 1927.276614 4.770E-21 6.411E+00.05350.062  557.75690.67-.001210       X3/2   1       X3/2   0           17.5   R 15.5f 16.5455443 4 4 8 3 1 3    36.0   34.0
 81 1927.276631 4.489E-21 6.389E+00.05350.062  557.75690.67-.001210       X3/2   1       X3/2   0           16.5   R 15.5f 15.5455443 4 4 8 3 1 3    34.0   32.0
 81 1927.276653 4.224E-21 6.387E+00.05350.062  557.75690.67-.001210       X3/2   1       X3/2   0           15.5   R 15.5f 14.5455443 4 4 8 3 1 3    32.0   30.0
 81 1927.276707 1.655E-23 2.503E-02.05350.062  557.75690.67-.001210       X3/2   1       X3/2   0           15.5   R 15.5f 15.5455443 4 4 8 3 1 3    32.0   32.0
 81 1927.323781 3.811E-54 2.555E+01.02220.02717066.21610.70-.001200       X3/2   4       X3/2   3                 RR 83.5e     1622231111 8 3 1 3   510.0  504.0
 81 1927.332017 1.963E-48 2.558E+01.02480.03014332.15040.70-.001200       X3/2   4       X3/2   3                 RR 72.5e     1622231111 8 3 1 3   444.0  438.0
 81 1927.334370 3.794E-54 2.555E+01.02220.02717067.15010.70-.001200       X3/2   4       X3/2   3                 RR 83.5f     1622231111 8 3 1 3   510.0  504.0
 81 1927.342262 1.956E-48 2.557E+01.02480.03014332.84630.70-.001200       X3/2   4       X3/2   3                 RR 72.5f     1622231111 8 3 1 3   444.0  438.0
 81 1927.367363 1.209E-27 2.183E-03.05320.061 2198.66990.72-.002070       X3/2   2       X1/2   1                 QP 13.5e     4654431111 8 3 1 3    78.0   84.0
 81 1927.377867 1.839E-73 9.563E-04.01850.03724170.78410.60-.002220       X3/2   4       X1/2   3                 RQ108.5f     0222231211 8 3 1 3   654.0  654.0
 81 1927.426846 4.366E-54 2.556E+01.02250.04217040.67900.60-.002220       X1/2   4       X1/2   3                 RR 84.5f     1622231111 8 3 1 3   516.0  510.0
 81 1927.426897 4.367E-54 2.556E+01.02250.04217040.62700.60-.002220       X1/2   4       X1/2   3                 RR 84.5e     1622231111 8 3 1 3   516.0  510.0
 81 1927.449056 5.391E-48 1.982E-03.04540.05711977.01800.60-.002220       X3/2   7       X1/2   6                 SR 26.5f     3633231111 8 3 1 3   168.0  162.0
 81 1927.453800 2.259E-65 2.960E-04.03230.04919949.16170.60-.002220       X3/2  10       X1/2   9                 SR 51.5e     3622231111 8 3 1 3   318.0  312.0
 81 1927.462014 2.270E-65 2.979E-04.03230.04919949.46700.60-.002220       X3/2  10       X1/2   9                 SR 51.5f     3622231111 8 3 1 3   318.0  312.0
 81 1927.492038 2.289E-48 2.559E+01.02510.04414303.34210.60-.002220       X1/2   4       X1/2   3                 RR 73.5e     1622231111 8 3 1 3   450.0  444.0
 81 1927.492466 2.287E-48 2.559E+01.02510.04414303.50400.60-.002220       X1/2   4       X1/2   3                 RR 73.5f     1622231111 8 3 1 3   450.0  444.0
 81 1927.564257 1.352E-53 2.557E+01.02250.02716803.36330.70-.001200       X3/2   4       X3/2   3                 RR 82.5e     1622231111 8 3 1 3   504.0  498.0
 81 1927.568337 6.377E-49 2.559E+01.02450.03014566.24220.70-.001200       X3/2   4       X3/2   3                 RR 73.5e     1622231111 8 3 1 3   450.0  444.0
 81 1927.574819 1.346E-53 2.557E+01.02250.02716804.27420.70-.001200       X3/2   4       X3/2   3                 RR 82.5f     1622231111 8 3 1 3   504.0  498.0
 81 1927.578619 6.355E-49 2.559E+01.02450.03014566.95830.70-.001200       X3/2   4       X3/2   3                 RR 73.5f     1622231111 8 3 1 3   450.0  444.0
 81 1927.623786 4.657E-26 1.321E+01.04470.056 3170.71570.60-.002220       X1/2   2       X1/2   1           27.5   R 27.5e 26.5453323 3 3 8 3 1 3    56.0   54.0
 81 1927.623796 4.823E-26 1.320E+01.04470.056 3170.71570.60-.002220       X1/2   2       X1/2   1           28.5   R 27.5e 27.5453323 3 3 8 3 1 3    58.0   56.0
 81 1927.623812 4.996E-26 1.322E+01.04470.056 3170.71570.60-.002220       X1/2   2       X1/2   1           29.5   R 27.5e 28.5453323 3 3 8 3 1 3    60.0   58.0
 81 1927.624883 5.945E-29 1.628E-02.04470.056 3170.71570.60-.002220       X1/2   2       X1/2   1           28.5   R 27.5e 28.5453323 3 3 8 3 1 3    58.0   58.0
 81 1927.625046 1.828E-32 5.190E-06.04470.056 3170.96730.60-.002220       X1/2   2       X1/2   1           27.5   R 27.5f 28.5453323 3 3 8 3 1 3    56.0   58.0
 81 1927.625053 5.945E-29 1.686E-02.04470.056 3170.71570.60-.002220       X1/2   2       X1/2   1           27.5   R 27.5e 27.5453323 3 3 8 3 1 3    56.0   56.0
 81 1927.626140 1.830E-32 5.189E-06.04470.056 3170.71570.60-.002220       X1/2   2       X1/2   1           27.5   R 27.5e 28.5453323 3 3 8 3 1 3    56.0   58.0
 81 1927.627209 5.938E-29 1.686E-02.04470.056 3170.96730.60-.002220       X1/2   2       X1/2   1           27.5   R 27.5f 27.5453323 3 3 8 3 1 3    56.0   56.0
 81 1927.627265 5.938E-29 1.628E-02.04470.056 3170.96730.60-.002220       X1/2   2       X1/2   1           28.5   R 27.5f 28.5453323 3 3 8 3 1 3    58.0   58.0
 81 1927.628094 5.377E-48 1.975E-03.04540.05711976.76680.60-.002220       X3/2   7       X1/2   6                 SR 26.5e     3633231111 8 3 1 3   168.0  162.0
 81 1927.629424 4.990E-26 1.322E+01.04470.056 3170.96730.60-.002220       X1/2   2       X1/2   1           29.5   R 27.5f 28.5453323 3 3 8 3 1 3    60.0   58.0
 81 1927.629427 4.651E-26 1.320E+01.04470.056 3170.96730.60-.002220       X1/2   2       X1/2   1           27.5   R 27.5f 26.5453323 3 3 8 3 1 3    56.0   54.0
 81 1927.629428 4.817E-26 1.320E+01.04470.056 3170.96730.60-.002220       X1/2   2       X1/2   1           28.5   R 27.5f 27.5453323 3 3 8 3 1 3    58.0   56.0
 81 1927.671656 1.551E-53 2.557E+01.02270.04216777.57500.60-.002220       X1/2   4       X1/2   3                 RR 83.5f     1622231111 8 3 1 3   510.0  504.0
 81 1927.671666 1.551E-53 2.557E+01.02270.04216777.51150.60-.002220       X1/2   4       X1/2   3                 RR 83.5e     1622231111 8 3 1 3   510.0  504.0
 81 1927.691219 8.129E-71 1.927E+01.01720.02124969.29330.70-.001200       X3/2   3       X3/2   2                 RR114.5e     0222231211 8 3 1 3   696.0  690.0
 81 1927.702875 8.074E-71 1.927E+01.01720.02124970.69540.70-.001200       X3/2   3       X3/2   2                 RR114.5f     0222231211 8 3 1 3   696.0  690.0
 81 1927.705405 1.346E-36 6.180E-03.04540.057 6811.86310.60-.002220       X3/2   4       X1/2   3                 RQ 27.5f     4633231111 8 3 1 3   168.0  168.0
 81 1927.707910 9.029E-71 1.927E+01.01740.03624949.44020.60-.002220       X1/2   3       X1/2   2                 RR115.5f     0222231211 8 3 1 3   702.0  696.0
 81 1927.709393 9.024E-71 1.927E+01.01740.03624949.56870.60-.002220       X1/2   3       X1/2   2                 RR115.5e     0222231211 8 3 1 3   702.0  696.0
 81 1927.722183 7.423E-49 2.560E+01.02480.04414537.75970.60-.002220       X1/2   4       X1/2   3                 RR 74.5e     1622231111 8 3 1 3   456.0  450.0
 81 1927.722562 7.418E-49 2.560E+01.02480.04414537.91310.60-.002220       X1/2   4       X1/2   3                 RR 74.5f     1622231111 8 3 1 3   456.0  450.0
 81 1927.756248 4.729E-53 2.558E+01.02270.02716543.33830.70-.001200       X3/2   4       X3/2   3                 RR 81.5e     1622231111 8 3 1 3   498.0  492.0
 81 1927.757768 2.042E-49 2.559E+01.02430.02914803.25690.70-.001200       X3/2   4       X3/2   3                 RR 74.5e     1622231111 8 3 1 3   456.0  450.0
 81 1927.766783 4.708E-53 2.557E+01.02270.02716544.22640.70-.001200       X3/2   4       X3/2   3                 RR 81.5f     1622231111 8 3 1 3   498.0  492.0
 81 1927.768085 2.035E-49 2.560E+01.02430.02914803.99340.70-.001200       X3/2   4       X3/2   3                 RR 74.5f     1622231111 8 3 1 3   456.0  450.0
 81 1927.780295 9.303E-33 1.933E+01.03630.052 6741.68120.60-.002220       X1/2   3       X1/2   2                 RR 42.5e     4622231111 8 3 1 3   264.0  258.0
 81 1927.781406 1.551E-31 2.271E-03.06170.066 3748.66130.69-.000880       X3/2   3       X1/2   2                 QP  3.5f     4654431111 8 3 1 3    18.0   24.0
 81 1927.783165 9.290E-33 1.933E+01.03630.052 6741.96810.60-.002220       X1/2   3       X1/2   2                 RR 42.5f     4622231111 8 3 1 3   264.0  258.0
 81 1927.828379 1.551E-31 2.271E-03.06170.066 3748.61420.69-.000880       X3/2   3       X1/2   2                 QP  3.5e     4654431111 8 3 1 3    18.0   24.0
 81 1927.868107 5.434E-53 2.558E+01.02290.04216517.21850.60-.002220       X1/2   4       X1/2   3                 RR 82.5e     1622231111 8 3 1 3   504.0  498.0
 81 1927.868136 5.433E-53 2.559E+01.02290.04216517.29310.60-.002220       X1/2   4       X1/2   3                 RR 82.5f     1622231111 8 3 1 3   504.0  498.0
 81 1927.899938 1.631E-52 2.558E+01.02290.02816286.15230.70-.001200       X3/2   4       X3/2   3                 RR 80.5e     1622231111 8 3 1 3   492.0  486.0
 81 1927.900138 6.446E-50 2.560E+01.02400.02915043.18420.70-.001200       X3/2   4       X3/2   3                 RR 75.5e     1622231111 8 3 1 3   462.0  456.0
 81 1927.905667 2.373E-49 2.560E+01.02450.04314775.09280.60-.002220       X1/2   4       X1/2   3                 RR 75.5e     1622231111 8 3 1 3   462.0  456.0
 81 1927.905999 2.371E-49 2.560E+01.02450.04314775.23730.60-.002220       X1/2   4       X1/2   3                 RR 75.5f     1622231111 8 3 1 3   462.0  456.0
 81 1927.910445 1.624E-52 2.558E+01.02290.02816287.01780.70-.001200       X3/2   4       X3/2   3                 RR 80.5f     1622231111 8 3 1 3   492.0  486.0
 81 1927.910489 6.422E-50 2.560E+01.02400.02915043.94150.70-.001200       X3/2   4       X3/2   3                 RR 75.5f     1622231111 8 3 1 3   462.0  456.0
 81 1927.928768 2.848E-79 1.295E+01.01560.03428919.59260.60-.002220       X1/2   2       X1/2   1                 RR130.5f     0222231211 8 3 1 3   792.0  786.0
 81 1927.931338 2.847E-79 1.295E+01.01560.03428919.69560.60-.002220       X1/2   2       X1/2   1                 RR130.5e     0222231211 8 3 1 3   792.0  786.0
 81 1927.934540 2.589E-79 1.295E+01.01550.01928937.68560.70-.001200       X3/2   2       X3/2   1                 RR129.5e     0222231211 8 3 1 3   786.0  780.0
 81 1927.944084 5.328E-59 6.332E-04.03630.05217048.39720.60-.002220       X3/2   9       X1/2   8                 SR 42.5f     3622231111 8 3 1 3   264.0  258.0
 81 1927.947116 2.570E-79 1.295E+01.01550.01928939.14170.70-.001200       X3/2   2       X3/2   1                 RR129.5f     0222231211 8 3 1 3   786.0  780.0
 81 1927.995272 2.006E-50 2.560E+01.02380.02915286.01420.70-.001200       X3/2   4       X3/2   3                 RR 76.5e     1622231111 8 3 1 3   468.0  462.0
 81 1927.995507 5.548E-52 2.559E+01.02310.02816031.81620.70-.001200       X3/2   4       X3/2   3                 RR 79.5e     1622231111 8 3 1 3   486.0  480.0
 81 1928.005656 1.998E-50 2.560E+01.02380.02915286.79260.70-.001200       X3/2   4       X3/2   3                 RR 76.5f     1622231111 8 3 1 3   468.0  462.0
 81 1928.005984 5.525E-52 2.559E+01.02310.02816032.65940.70-.001200       X3/2   4       X3/2   3                 RR 79.5f     1622231111 8 3 1 3   486.0  480.0
 81 1928.016405 1.877E-52 2.559E+01.02310.04216259.75870.60-.002220       X1/2   4       X1/2   3                 RR 81.5e     1622231111 8 3 1 3   498.0  492.0
 81 1928.016474 1.877E-52 2.560E+01.02310.04216259.84430.60-.002220       X1/2   4       X1/2   3                 RR 81.5f     1622231111 8 3 1 3   498.0  492.0
 81 1928.035293 1.342E-36 6.156E-03.04540.057 6811.60950.60-.002220       X3/2   4       X1/2   3                 RQ 27.5e     4633231111 8 3 1 3   168.0  168.0
 81 1928.038821 5.309E-59 6.301E-04.03630.05217048.09330.60-.002220       X3/2   9       X1/2   8                 SR 42.5e     3622231111 8 3 1 3   264.0  258.0
 81 1928.042307 7.478E-50 2.561E+01.02430.04315015.33150.60-.002220       X1/2   4       X1/2   3                 RR 76.5e     1622231111 8 3 1 3   468.0  462.0
 81 1928.042592 7.473E-50 2.561E+01.02430.04315015.46700.60-.002220       X1/2   4       X1/2   3                 RR 76.5f     1622231111 8 3 1 3   468.0  462.0
 81 1928.042995 6.153E-51 2.560E+01.02360.02915531.73650.70-.001200       X3/2   4       X3/2   3                 RR 77.5e     1622231111 8 3 1 3   474.0  468.0
 81 1928.043132 1.861E-51 2.560E+01.02330.02815780.34070.70-.001200       X3/2   4       X3/2   3                 RR 78.5e     1622231111 8 3 1 3   480.0  474.0
 81 1928.053412 6.129E-51 2.560E+01.02360.02915532.53620.70-.001200       X3/2   4       X3/2   3                 RR 77.5f     1622231111 8 3 1 3   474.0  468.0
 81 1928.053580 1.853E-51 2.559E+01.02330.02815781.16200.70-.001200       X3/2   4       X3/2   3                 RR 78.5f     1622231111 8 3 1 3   480.0  474.0
 81 1928.116749 6.395E-52 2.560E+01.02330.04216005.14310.60-.002220       X1/2   4       X1/2   3                 RR 80.5e     1622231111 8 3 1 3   492.0  486.0
 81 1928.116859 6.392E-52 2.560E+01.02330.04216005.23920.60-.002220       X1/2   4       X1/2   3                 RR 80.5f     1622231111 8 3 1 3   492.0  486.0
 81 1928.131920 2.323E-50 2.561E+01.02410.04315258.46610.60-.002220       X1/2   4       X1/2   3                 RR 77.5e     1622231111 8 3 1 3   474.0  468.0
 81 1928.132159 2.321E-50 2.560E+01.02410.04315258.59220.60-.002220       X1/2   4       X1/2   3                 RR 77.5f     1622231111 8 3 1 3   474.0  468.0
 81 1928.169325 2.148E-51 2.560E+01.02360.04315753.38220.60-.002220       X1/2   4       X1/2   3                 RR 79.5e     1622231111 8 3 1 3   486.0  480.0
 81 1928.169478 2.147E-51 2.561E+01.02360.04315753.48860.60-.002220       X1/2   4       X1/2   3                 RR 79.5f     1622231111 8 3 1 3   486.0  480.0
 81 1928.174321 7.114E-51 2.561E+01.02380.04315504.48640.60-.002220       X1/2   4       X1/2   3                 RR 78.5e     1622231111 8 3 1 3   480.0  474.0
 81 1928.174516 7.110E-51 2.561E+01.02380.04315504.60280.60-.002220       X1/2   4       X1/2   3                 RR 78.5f     1622231111 8 3 1 3   480.0  474.0
 81 1928.305343 8.323E-26 8.525E-04.04720.058 1042.92720.60-.001280       X3/2   1       X1/2   0           24.5   P 24.5f 25.5454323 4 4 8 3 1 3    50.0   52.0
 81 1928.307495 7.990E-26 8.525E-04.04720.058 1042.92720.60-.001280       X3/2   1       X1/2   0           23.5   P 24.5f 24.5454323 4 4 8 3 1 3    48.0   50.0
 81 1928.307522 1.333E-28 1.365E-06.04720.058 1042.92720.60-.001280       X3/2   1       X1/2   0           24.5   P 24.5f 24.5454323 4 4 8 3 1 3    50.0   50.0
 81 1928.309707 1.333E-28 1.422E-06.04720.058 1042.92720.60-.001280       X3/2   1       X1/2   0           23.5   P 24.5f 23.5454323 4 4 8 3 1 3    48.0   48.0
 81 1928.309733 5.555E-32 5.690E-10.04720.058 1042.92720.60-.001280       X3/2   1       X1/2   0           24.5   P 24.5f 23.5454323 4 4 8 3 1 3    50.0   48.0
 81 1928.309885 7.670E-26 8.540E-04.04720.058 1042.92720.60-.001280       X3/2   1       X1/2   0           22.5   P 24.5f 23.5454323 4 4 8 3 1 3    46.0   48.0
 81 1928.487118 5.562E-32 5.692E-10.04720.058 1042.69160.60-.001280       X3/2   1       X1/2   0           24.5   P 24.5e 23.5454323 4 4 8 3 1 3    50.0   48.0
 81 1928.487571 1.335E-28 1.423E-06.04720.058 1042.69160.60-.001280       X3/2   1       X1/2   0           23.5   P 24.5e 23.5454323 4 4 8 3 1 3    48.0   48.0
 81 1928.487894 7.679E-26 8.541E-04.04720.058 1042.69160.60-.001280       X3/2   1       X1/2   0           22.5   P 24.5e 23.5454323 4 4 8 3 1 3    46.0   48.0
 81 1928.488428 1.335E-28 1.366E-06.04720.058 1042.69160.60-.001280       X3/2   1       X1/2   0           24.5   P 24.5e 24.5454323 4 4 8 3 1 3    50.0   50.0
 81 1928.488882 8.000E-26 8.528E-04.04720.058 1042.69160.60-.001280       X3/2   1       X1/2   0           23.5   P 24.5e 24.5454323 4 4 8 3 1 3    48.0   50.0
 81 1928.489575 8.334E-26 8.528E-04.04720.058 1042.69160.60-.001280       X3/2   1       X1/2   0           24.5   P 24.5e 25.5454323 4 4 8 3 1 3    50.0   52.0
 81 1928.655348 1.824E-73 9.504E-04.01850.03724170.91660.60-.002220       X3/2   4       X1/2   3                 RQ108.5e     0222231211 8 3 1 3   654.0  654.0
 81 1928.672457 8.673E-37 6.024E-03.04470.056 6904.02220.60-.002220       X3/2   4       X1/2   3                 RQ 28.5f     4633231111 8 3 1 3   174.0  174.0
 81 1928.748528 2.557E-53 1.153E-03.04060.05414439.09170.60-.002220       X3/2   8       X1/2   7                 SR 34.5f     3632231111 8 3 1 3   216.0  210.0
 81 1928.871605 2.383E-26 1.322E+01.04470.053 3322.65700.70-.001200       X3/2   2       X3/2   1           29.5   R 27.5e 28.5453323 3 3 8 3 1 3    60.0   58.0
 81 1928.871625 2.300E-26 1.320E+01.04470.053 3322.65700.70-.001200       X3/2   2       X3/2   1           28.5   R 27.5e 27.5453323 3 3 8 3 1 3    58.0   56.0
 81 1928.871642 2.221E-26 1.320E+01.04470.053 3322.65700.70-.001200       X3/2   2       X3/2   1           27.5   R 27.5e 26.5453323 3 3 8 3 1 3    56.0   54.0
 81 1928.872058 2.836E-29 1.685E-02.04470.053 3322.65700.70-.001200       X3/2   2       X3/2   1           27.5   R 27.5e 27.5453323 3 3 8 3 1 3    56.0   56.0
 81 1928.872190 2.836E-29 1.627E-02.04470.053 3322.65700.70-.001200       X3/2   2       X3/2   1           28.5   R 27.5e 28.5453323 3 3 8 3 1 3    58.0   58.0
 81 1928.872623 8.730E-33 5.187E-06.04470.053 3322.65700.70-.001200       X3/2   2       X3/2   1           27.5   R 27.5e 28.5453323 3 3 8 3 1 3    56.0   58.0
 81 1928.877269 2.835E-29 1.627E-02.04470.053 3322.73770.70-.001200       X3/2   2       X3/2   1           28.5   R 27.5f 28.5453323 3 3 8 3 1 3    58.0   58.0
 81 1928.877278 2.382E-26 1.322E+01.04470.053 3322.73770.70-.001200       X3/2   2       X3/2   1           29.5   R 27.5f 28.5453323 3 3 8 3 1 3    60.0   58.0
 81 1928.877280 2.299E-26 1.320E+01.04470.053 3322.73770.70-.001200       X3/2   2       X3/2   1           28.5   R 27.5f 27.5453323 3 3 8 3 1 3    58.0   56.0
 81 1928.877285 2.220E-26 1.320E+01.04470.053 3322.73770.70-.001200       X3/2   2       X3/2   1           27.5   R 27.5f 26.5453323 3 3 8 3 1 3    56.0   54.0
 81 1928.877483 8.727E-33 5.188E-06.04470.053 3322.73770.70-.001200       X3/2   2       X3/2   1           27.5   R 27.5f 28.5453323 3 3 8 3 1 3    56.0   58.0
 81 1928.877495 2.835E-29 1.685E-02.04470.053 3322.73770.70-.001200       X3/2   2       X3/2   1           27.5   R 27.5f 27.5453323 3 3 8 3 1 3    56.0   56.0
 81 1928.881336 3.786E-33 1.935E+01.03570.043 6926.68110.70-.001200       X3/2   3       X3/2   2                 RR 42.5e     4622231111 8 3 1 3   264.0  258.0
 81 1928.889626 3.782E-33 1.935E+01.03570.043 6926.90410.70-.001200       X3/2   3       X3/2   2                 RR 42.5f     4622231111 8 3 1 3   264.0  258.0
 81 1928.902144 2.550E-53 1.149E-03.04060.05414438.80570.60-.002220       X3/2   8       X1/2   7                 SR 34.5e     3632231111 8 3 1 3   216.0  210.0
 81 1928.992513 9.100E-73 9.753E-04.01860.03823843.62050.60-.002220       X3/2   4       X1/2   3                 RQ107.5f     0222231211 8 3 1 3   648.0  648.0
 81 1929.014070 8.645E-37 5.999E-03.04470.056 6903.76410.60-.002220       X3/2   4       X1/2   3                 RQ 28.5e     4633231111 8 3 1 3   174.0  174.0
 81 1929.022948 6.573E-21 6.465E+00.05120.060  481.37430.60-.001400       X1/2   1       X1/2   0           16.5   R 16.5e 15.5455323 4 4 8 3 1 3    34.0   32.0
 81 1929.022961 6.961E-21 6.466E+00.05120.060  481.37430.60-.001400       X1/2   1       X1/2   0           17.5   R 16.5e 16.5455323 4 4 8 3 1 3    36.0   34.0
 81 1929.022982 7.372E-21 6.488E+00.05120.060  481.37430.60-.001400       X1/2   1       X1/2   0           18.5   R 16.5e 17.5455323 4 4 8 3 1 3    38.0   36.0
 81 1929.024299 2.281E-23 2.119E-02.05120.060  481.37430.60-.001400       X1/2   1       X1/2   0           17.5   R 16.5e 17.5455323 4 4 8 3 1 3    36.0   36.0
 81 1929.024377 2.281E-23 2.244E-02.05120.060  481.37430.60-.001400       X1/2   1       X1/2   0           16.5   R 16.5e 16.5455323 4 4 8 3 1 3    34.0   34.0
 81 1929.025716 1.863E-26 1.832E-05.05120.060  481.37430.60-.001400       X1/2   1       X1/2   0           16.5   R 16.5e 17.5455323 4 4 8 3 1 3    34.0   36.0
 81 1929.026928 1.862E-26 1.833E-05.05120.060  481.55440.60-.001400       X1/2   1       X1/2   0           16.5   R 16.5f 17.5455323 4 4 8 3 1 3    34.0   36.0
 81 1929.029107 2.279E-23 2.119E-02.05120.060  481.55440.60-.001400       X1/2   1       X1/2   0           17.5   R 16.5f 17.5455323 4 4 8 3 1 3    36.0   36.0
 81 1929.029150 2.279E-23 2.244E-02.05120.060  481.55440.60-.001400       X1/2   1       X1/2   0           16.5   R 16.5f 16.5455323 4 4 8 3 1 3    34.0   34.0
 81 1929.031321 7.366E-21 6.488E+00.05120.060  481.55440.60-.001400       X1/2   1       X1/2   0           18.5   R 16.5f 17.5455323 4 4 8 3 1 3    38.0   36.0
 81 1929.031322 6.568E-21 6.466E+00.05120.060  481.55440.60-.001400       X1/2   1       X1/2   0           16.5   R 16.5f 15.5455323 4 4 8 3 1 3    34.0   32.0
 81 1929.031329 6.955E-21 6.466E+00.05120.060  481.55440.60-.001400       X1/2   1       X1/2   0           17.5   R 16.5f 16.5455323 4 4 8 3 1 3    36.0   34.0
 81 1929.076740 3.298E-43 2.961E-03.04960.059 9732.63670.60-.001920       X3/2   6       X1/2   5                 SR 19.5f     3653231111 8 3 1 3   126.0  120.0
 81 1929.247393 3.291E-43 2.953E-03.04960.059 9732.43150.60-.001920       X3/2   6       X1/2   5                 SR 19.5e     3653231111 8 3 1 3   126.0  120.0
 81 1929.407797 4.790E-33 1.939E+01.03580.052 6883.13950.60-.002220       X1/2   3       X1/2   2                 RR 43.5e     4622231111 8 3 1 3   270.0  264.0
 81 1929.410531 4.783E-33 1.938E+01.03580.052 6883.42620.60-.002220       X1/2   3       X1/2   2                 RR 43.5f     4622231111 8 3 1 3   270.0  264.0
 81 1929.477258 4.390E-70 1.933E+01.01730.02124620.85350.70-.001200       X3/2   3       X3/2   2                 RR113.5e     0222231211 8 3 1 3   690.0  684.0
 81 1929.488888 4.361E-70 1.933E+01.01730.02124622.25320.70-.001200       X3/2   3       X3/2   2                 RR113.5f     0222231211 8 3 1 3   690.0  684.0
 81 1929.495591 4.880E-70 1.933E+01.01750.03624600.87220.60-.002220       X1/2   3       X1/2   2                 RR114.5f     0222231211 8 3 1 3   696.0  690.0
 81 1929.497035 4.877E-70 1.933E+01.01750.03624601.00340.60-.002220       X1/2   3       X1/2   2                 RR114.5e     0222231211 8 3 1 3   696.0  690.0
 81 1929.552412 1.008E-34 5.509E-03.05870.063 5582.94780.70-.000440       X3/2   4       X1/2   3                 SR  4.5f     4654431111 8 3 1 3    36.0   30.0
 81 1929.610029 1.007E-34 5.502E-03.05870.063 5582.88920.70-.000440       X3/2   4       X1/2   3                 SR  4.5e     4654431111 8 3 1 3    36.0   30.0
 81 1929.643422 5.495E-37 5.871E-03.04410.056 6999.39220.60-.002220       X3/2   4       X1/2   3                 RQ 29.5f     4633231111 8 3 1 3   180.0  180.0
 81 1929.872604 1.407E-27 2.222E-03.05370.061 2154.14730.67-.001710       X3/2   2       X1/2   1                 QP 12.5f     4654431111 8 3 1 3    72.0   78.0
 81 1929.881801 3.059E-26 1.326E+01.04410.056 3264.84890.60-.002220       X1/2   2       X1/2   1           28.5   R 28.5e 27.5453323 3 3 8 3 1 3    58.0   56.0
 81 1929.881811 3.165E-26 1.327E+01.04410.056 3264.84890.60-.002220       X1/2   2       X1/2   1           29.5   R 28.5e 28.5453323 3 3 8 3 1 3    60.0   58.0
 81 1929.881826 3.274E-26 1.328E+01.04410.056 3264.84890.60-.002220       X1/2   2       X1/2   1           30.5   R 28.5e 29.5453323 3 3 8 3 1 3    62.0   60.0
 81 1929.882877 3.641E-29 1.526E-02.04410.056 3264.84890.60-.002220       X1/2   2       X1/2   1           29.5   R 28.5e 29.5453323 3 3 8 3 1 3    60.0   60.0
 81 1929.882885 1.045E-32 4.537E-06.04410.056 3265.10490.60-.002220       X1/2   2       X1/2   1           28.5   R 28.5f 29.5453323 3 3 8 3 1 3    58.0   60.0
 81 1929.883054 3.641E-29 1.579E-02.04410.056 3264.84890.60-.002220       X1/2   2       X1/2   1           28.5   R 28.5e 28.5453323 3 3 8 3 1 3    58.0   58.0
 81 1929.884119 1.046E-32 4.536E-06.04410.056 3264.84890.60-.002220       X1/2   2       X1/2   1           28.5   R 28.5e 29.5453323 3 3 8 3 1 3    58.0   60.0
 81 1929.885043 3.636E-29 1.579E-02.04410.056 3265.10490.60-.002220       X1/2   2       X1/2   1           28.5   R 28.5f 28.5453323 3 3 8 3 1 3    58.0   58.0
 81 1929.885106 3.636E-29 1.526E-02.04410.056 3265.10490.60-.002220       X1/2   2       X1/2   1           29.5   R 28.5f 29.5453323 3 3 8 3 1 3    60.0   60.0
 81 1929.887259 3.270E-26 1.328E+01.04410.056 3265.10490.60-.002220       X1/2   2       X1/2   1           30.5   R 28.5f 29.5453323 3 3 8 3 1 3    62.0   60.0
 81 1929.887263 3.055E-26 1.326E+01.04410.056 3265.10490.60-.002220       X1/2   2       X1/2   1           28.5   R 28.5f 27.5453323 3 3 8 3 1 3    58.0   56.0
 81 1929.887264 3.161E-26 1.327E+01.04410.056 3265.10490.60-.002220       X1/2   2       X1/2   1           29.5   R 28.5f 28.5453323 3 3 8 3 1 3    60.0   58.0
 81 1929.996758 5.477E-37 5.846E-03.04410.056 6999.12980.60-.002220       X3/2   4       X1/2   3                 RQ 29.5e     4633231111 8 3 1 3   180.0  180.0
