nu_cm-1,alpha_cm-1_at_x=0.06
2950.0,5.504125335426889e-08
2950.01,5.604179996674949e-08
2950.02,5.712234143616186e-08
2950.03,5.829618907739579e-08
2950.04,5.958008444548345e-08
2950.05,6.099592244205568e-08
2950.06,6.257344964737687e-08
2950.07,6.43538028360723e-08
2950.08,6.639343202952017e-08
2950.09,6.876818238876124e-08
2950.1,7.157687863583722e-08
2950.11,7.494061601957229e-08
2950.12,7.898552088345687e-08
2950.13,8.378097661724958e-08
2950.14,8.918674561042547e-08
2950.15,9.462898241243824e-08
2950.16,9.901854442456533e-08
2950.17,1.0128579193174833e-07
2950.18,1.0131092636271127e-07
2950.19,1.0006225571049055e-07
2950.2,9.873259230879891e-08
2950.21,9.805758986885403e-08
2950.22,9.829076496764585e-08
2950.23,9.943640320398807e-08
2950.24,1.014205422125691e-07
2950.25,1.0417037496075026e-07
2950.26,1.0763870093597989e-07
2950.27,1.118066783496156e-07
2950.28,1.166798058901044e-07
2950.29,1.222824351304838e-07
2950.3,1.2865207139567704e-07
2950.31,1.358842039151935e-07
2950.32,1.4392058496461135e-07
2950.33,1.5284424473329982e-07
2950.34,1.626611471704635e-07
2950.35,1.7333079585409474e-07
2950.36,1.8474050030494286e-07
2950.37,1.9667586716433315e-07
2950.38,2.087925570447003e-07
2950.39,2.2059891802617077e-07
2950.4,2.3146346498052862e-07
2950.41,2.4103602961106104e-07
2950.42,2.478449961726101e-07
2950.43,2.51665543426862e-07
2950.44,2.5215440807032295e-07
2950.45,2.493034660551756e-07
2950.46,2.4344220466789333e-07
2950.47,2.3515846922964755e-07
2950.48,2.2517224266329703e-07
2950.49,2.1420765420238605e-07
2950.5,2.028983756855572e-07
2950.51,1.917390624792008e-07
2950.52,1.8107672187063731e-07
2950.53,1.7112741618791738e-07
2950.54,1.620039704246641e-07
2950.55,1.5374475863414445e-07
2950.56,1.4633846563514976e-07
2950.57,1.3974318752896432e-07
2950.58,1.3390009236767087e-07
2950.59,1.2874259772449804e-07
2950.6,1.242022318844814e-07
2950.61,1.202123888234988e-07
2950.62,1.167110010788212e-07
2950.63,1.1364252169805653e-07
2950.64,1.1095876009449454e-07
2950.65,1.0861826087036866e-07
2950.66,1.065895481215104e-07
2950.67,1.0483136694027051e-07
2950.68,1.0331985778009042e-07
2950.69,1.0202976806543693e-07
2950.7,1.0093885606580143e-07
2950.71,1.0002765156231631e-07
2950.72,9.927918508157195e-08
2950.73,9.86787106998369e-08
2950.74,9.821344325961899e-08
2950.75,9.787232102617278e-08
2950.76,9.764579761740485e-08
2950.77,9.752566310249556e-08
2950.78,9.7504892415785e-08
2950.79,9.757751869544952e-08
2950.8,9.77385292357185e-08
2950.81,9.798378212305073e-08
2950.82,9.830994216576856e-08
2950.83,9.871486390327715e-08
2950.84,9.919585238031326e-08
2950.85,9.975222125651858e-08
2950.86,1.0038359828580164e-07
2950.87,1.0109039108711164e-07
2950.88,1.0187385687339718e-07
2950.89,1.0273621124919053e-07
2950.9,1.0368078865300242e-07
2950.91,1.047122731344426e-07
2950.92,1.0583702734383227e-07
2950.93,1.0706356158523912e-07
2950.94,1.0840320623165836e-07
2950.95,1.0987108375460216e-07
2950.96,1.1148752672683902e-07
2950.97,1.1328016162872772e-07
2950.98,1.1528697604058636e-07
2950.99,1.1756078148678236e-07
2951.0,1.201754426502033e-07
2951.01,1.2323358338684553e-07
2951.02,1.2687289875820955e-07
2951.03,1.3125745878443403e-07
2951.04,1.365202599995702e-07
2951.05,1.4258141577408612e-07
2951.06,1.4879079369078717e-07
2951.07,1.537207297088057e-07
2951.08,1.5593058707816585e-07
2951.09,1.5542381246447124e-07
2951.1,1.5365373937782422e-07
2951.11,1.5206862272430604e-07
2951.12,1.513411320632478e-07
2951.13,1.5157314181649287e-07
2951.14,1.526539288677353e-07
2951.15,1.5444155030094727e-07
2951.16,1.568217113331636e-07
2951.17,1.5971465230975723e-07
2951.18,1.630682232226904e-07
2951.19,1.668508345552797e-07
2951.2,1.7104933641024687e-07
2951.21,1.75671296496074e-07
2951.22,1.8074573376498995e-07
2951.23,1.863186248995043e-07
2951.24,1.9246710145110756e-07
2951.25,1.992163957195436e-07
2951.26,2.0666207514819464e-07
2951.27,2.148931333112266e-07
2951.28,2.2401603201388247e-07
2951.29,2.3415912331303116e-07
2951.3,2.4547785339823004e-07
2951.31,2.581612513809327e-07
2951.32,2.7244027621102335e-07
2951.33,2.8859872106851284e-07
2951.34,3.069875955290463e-07
2951.35,3.2804424570635937e-07
2951.36,3.5231796770507844e-07
2951.37,3.805045755367609e-07
2951.38,4.1349338152258107e-07
2951.39,4.5243145232221415e-07
2951.4,4.988120144544481e-07
2951.41,5.545968731154807e-07
2951.42,6.223872044393103e-07
2951.43,7.056626544042659e-07
2951.44,8.091088276166154e-07
2951.45,9.390321554357262e-07
2951.46,1.1037884972544703e-06
2951.47,1.3139737578921388e-06
2951.48,1.581681040297601e-06
2951.49,1.917144162265538e-06
2951.5,2.3196207704008367e-06
2951.51,2.7596548306509227e-06
2951.52,3.1602406816175594e-06
2951.53,3.4052107624631185e-06
2951.54,3.4039843381794673e-06
2951.55,3.163471440095088e-06
2951.56,2.7785449533676844e-06
2951.57,2.3582750296993327e-06
2951.58,1.973589442756821e-06
2951.59,1.6529115379459394e-06
2951.6,1.3983982934984265e-06
2951.61,1.201336394221485e-06
2951.62,1.0506768648447651e-06
2951.63,9.364553765536491e-07
2951.64,8.506719763295487e-07
2951.65,7.871696782483127e-07
2951.66,7.412048041579648e-07
2951.67,7.089690950371656e-07
2951.68,6.871483159448412e-07
2951.69,6.725654831722198e-07
2951.7,6.620381401096988e-07
2951.71,6.521775717295668e-07
2951.72,6.400940667931266e-07
2951.73,6.236906712728762e-07
2951.74,6.021716760792481e-07
2951.75,5.761010068178011e-07
2951.76,5.470066386065003e-07
2951.77,5.167603412018258e-07
2951.78,4.870452733289599e-07
2951.79,4.590785959610614e-07
2951.8,4.335714945896476e-07
2951.81,4.1082271293084396e-07
2951.82,3.9085019603906834e-07
2951.83,3.7350809069539215e-07
2951.84,3.585717061510169e-07
2951.85,3.457919750576091e-07
2951.86,3.3492685714938927e-07
2951.87,3.2575733582754626e-07
2951.88,3.18093265427149e-07
2951.89,3.1177147203356303e-07
2951.9,3.066444820504254e-07
2951.91,3.02557961166352e-07
2951.92,2.9931491544579586e-07
2951.93,2.9665036610029813e-07
2951.94,2.9426561370763517e-07
2951.95,2.9195125434586045e-07
2951.96,2.8969423587682437e-07
2951.97,2.876361270003343e-07
2951.98,2.8593497745337885e-07
2951.99,2.846781777019982e-07
2952.0,2.838821190705509e-07
2952.01,2.8352268041925126e-07
2952.02,2.8356122871693905e-07
2952.03,2.839579877502805e-07
2952.04,2.8467722822570065e-07
2952.05,2.856886042964926e-07
2952.06,2.8696696271045987e-07
2952.07,2.884916586941389e-07
2952.08,2.902457996472976e-07
2952.09,2.922155709946451e-07
2952.1,2.943896849287192e-07
2952.11,2.967589459580969e-07
2952.12,2.9931591029196796e-07
2952.13,3.020546139714004e-07
2952.14,7.233276510922218e-07
2952.15,7.306100730794976e-07
2952.16,9.04073890556339e-07
2952.17,9.127720269356138e-07
2952.18,9.217118473738385e-07
2952.19,9.308942428115695e-07
2952.2,9.403207385433369e-07
2952.21,9.499934641261693e-07
2952.22,9.599151364205025e-07
2952.23,9.70089054613112e-07
2952.24,9.805191073649502e-07
2952.25,9.912097933696534e-07
2952.26,1.0021662574476554e-06
2952.27,1.0133943446886557e-06
2952.28,1.0249006740828773e-06
2952.29,1.0366927280758834e-06
2952.3,1.0487789391878172e-06
2952.31,1.0611687144210363e-06
2952.32,1.0738722424063758e-06
2952.33,1.0868997303523007e-06
2952.34,1.100259410956016e-06
2952.35,1.1139536736605174e-06
2952.36,1.2654574911602932e-06
2952.37,1.2811402066997566e-06
2952.38,1.297118935390446e-06
2952.39,1.3133865379167094e-06
2952.4,1.3299688480199966e-06
2952.41,1.3469126878935132e-06
2952.42,1.3642520967994308e-06
2952.43,1.3820412215367891e-06
2952.44,1.4002896334301375e-06
2952.45,1.4190119486978448e-06
2952.46,1.4382208609036723e-06
2952.47,1.4579292278138522e-06
2952.48,1.4781508426394915e-06
2952.49,1.498900506298612e-06
2952.5,1.5201937375454025e-06
2952.51,1.5420464081723566e-06
2952.52,1.5644748047594151e-06
2952.53,1.5874966362551932e-06
2952.54,1.6111327294329323e-06
2952.55,1.635407889203058e-06
2952.56,1.660349997715014e-06
2952.57,1.685988373244171e-06
2952.58,1.7123528743086561e-06
2952.59,1.739473933071408e-06
2952.6,1.7673829945687472e-06
2952.61,1.7961129203207253e-06
2952.62,1.8256982200337825e-06
2952.63,1.8561751187043514e-06
2952.64,1.8875814975744525e-06
2952.65,1.919956759348946e-06
2952.66,1.953341708471053e-06
2952.67,1.9877786120970375e-06
2952.68,2.0233116714800757e-06
2952.69,2.0599880831355476e-06
2952.7,2.0978596068725368e-06
2952.71,2.1369841619580803e-06
2952.72,2.1774267752705524e-06
2952.73,2.219259504996129e-06
2952.74,2.2625605891773694e-06
2952.75,2.3074134797837363e-06
2952.76,2.3539063260714437e-06
2952.77,2.402133936758665e-06
2952.78,2.4521910034102952e-06
2952.79,2.5041840467290896e-06
2952.8,2.558225067092919e-06
2952.81,2.6144344279760453e-06
2952.82,2.690782302321009e-06
2952.83,2.751814253279542e-06
2952.84,2.8154375534565655e-06
2952.85,2.8818175104763627e-06
2952.86,2.9511340017360945e-06
2952.87,3.0235831161151354e-06
2952.88,3.099379042815238e-06
2952.89,3.1787562701208156e-06
2952.9,3.261972160272336e-06
2952.91,3.3493099808857373e-06
2952.92,3.441082495318513e-06
2952.93,3.5376362204231327e-06
2952.94,3.695798974583741e-06
2952.95,3.8034423005633286e-06
2952.96,3.917163308854772e-06
2952.97,4.0374924992220386e-06
2952.98,4.165004768506499e-06
2952.99,4.3002912229658216e-06
2953.0,4.4439003453946596e-06
2953.01,4.596280592338334e-06
2953.02,4.757834648878295e-06
2953.03,4.929193854579032e-06
2953.04,5.11149995779758e-06
2953.05,5.306342336850995e-06
2953.06,5.515469917668846e-06
2953.07,5.7406364946484285e-06
2953.08,5.9836517161879504e-06
2953.09,6.246488876692758e-06
2953.1,6.531385040049641e-06
2953.11,6.840933176304642e-06
2953.12,7.1781140799482075e-06
2953.13,7.546401893292955e-06
2953.14,7.949845068915576e-06
2953.15,8.393174545060086e-06
2953.16,8.881936092580585e-06
2953.17,9.422652553599766e-06
2953.18,1.0023022766921607e-05
2953.19,1.0692165312661252e-05
2953.2,1.144091661100721e-05
2953.21,1.2282194088545308e-05
2953.22,1.3231435505867459e-05
2953.23,1.4307124027444465e-05
2953.24,1.553140311397927e-05
2953.25,1.6930771990100296e-05
2953.26,1.8536824312131652e-05
2953.27,2.0386938010549447e-05
2953.28,2.252472120510521e-05
2953.29,2.4999838724975064e-05
2953.3,2.7866534677506148e-05
2953.31,3.117968236884891e-05
2953.32,3.498651393156926e-05
2953.33,3.933228447316582e-05
2953.34,4.4152275449676835e-05
2953.35,4.936047862694017e-05
2953.36,5.472542367527604e-05
2953.37,5.986098401352579e-05
2953.38,6.424084055631229e-05
2953.39,6.729095506068447e-05
2953.4,6.855807501774872e-05
2953.41,6.787892250609704e-05
2953.42,6.545625511908687e-05
2953.43,6.17693696579177e-05
2953.44,5.7399900933256374e-05
2953.45,5.2866585967868755e-05
2953.46,4.853857636131299e-05
2953.47,4.462397324414657e-05
2953.48,4.119958738316626e-05
2953.49,3.825142825483175e-05
2953.5,3.571142209118818e-05
2953.51,3.3487485809770524e-05
2953.52,3.148796336497843e-05
2953.53,2.96401120834432e-05
2953.54,2.7900236673412402e-05
2953.55,2.6253763405263132e-05
2953.56,2.470708842526578e-05
2953.57,2.3276202177435067e-05
2953.58,2.1976856353507404e-05
2953.59,2.0819148355885575e-05
2953.6,1.9805623838306433e-05
2953.61,1.8932036552330797e-05
2953.62,1.818970347005129e-05
2953.63,1.7568334982398176e-05
2953.64,1.70587740752794e-05
2953.65,1.6653019692399588e-05
2953.66,1.634353977616462e-05
2953.67,1.6122946758678802e-05
2953.68,1.598419941134037e-05
2953.69,1.592081322402813e-05
2953.7,1.5926930495318085e-05
2953.71,1.5997329751102013e-05
2953.72,1.612752039824463e-05
2953.73,1.631400936037434e-05
2953.74,1.6554701840960543e-05
2953.75,1.6849265706571712e-05
2953.76,1.7199253852846566e-05
2953.77,1.7607903395544572e-05
2953.78,1.8079726126063643e-05
2953.79,1.8620106678626742e-05
2953.8,1.923507307857555e-05
2953.81,1.993128217051222e-05
2953.82,2.0716174383394592e-05
2953.83,2.159823081629108e-05
2953.84,2.258728628572853e-05
2953.85,2.3694883055067803e-05
2953.86,2.4934674230431704e-05
2953.87,2.63228939266194e-05
2953.88,2.7878914157403567e-05
2953.89,2.96249047217658e-05
2953.9,3.159078419251631e-05
2953.91,3.3809170360723935e-05
2953.92,3.6320907351073275e-05
2953.93,3.917587871890848e-05
2953.94,4.243542419680531e-05
2953.95,4.617554147708574e-05
2953.96,5.049117246898916e-05
2953.97,5.550200493362492e-05
2953.98,6.136041456236115e-05
2953.99,6.826246950051627e-05
2954.0,7.646335148101231e-05
2954.01,8.629923868871119e-05
2954.02,9.821873176346513e-05
2954.03,0.00011282849044075112
2954.04,0.0001309600698488468
2954.05,0.00015376816004284094
2954.06,0.00018287419233354815
2954.07,0.00022057088541361613
2954.08,0.00027009477510542957
2954.09,0.00033592814487289334
2954.1,0.0004237503779356092
2954.11,0.0005394603502315939
2954.12,0.0006846839464873311
2954.13,0.000846404417354183
2954.14,0.0009836808749682693
2954.15,0.0010365439763759493
2954.16,0.0009756989958477909
2954.17,0.0008353599130156201
2954.18,0.0006754308752340486
2954.19,0.0005342092065724928
2954.2,0.0004228721654394227
2954.21,0.0003391480753904088
2954.22,0.0002771204761712968
2954.23,0.00023122550368530315
2954.24,0.00019719049968013207
2954.25,0.00017197020279809241
2954.26,0.00015346974280041524
2954.27,0.0001402912650789958
2954.28,0.0001315525596873022
2954.29,0.00012677433485731198
2954.3,0.00012582437715460452
2954.31,0.00012890964869080433
2954.32,0.00013660978869758477
2954.33,0.00014993837605480447
2954.34,0.00017038083634168775
2954.35,0.00019973691796031857
2954.36,0.0002392835828684589
2954.37,0.0002874156951977863
2954.38,0.0003353466742675301
2954.39,0.00036534885392163765
2954.4,0.00036087673221553776
2954.41,0.00032320937755874683
2954.42,0.00026994091939246936
2954.43,0.00021785116205181077
2954.44,0.0001745176581566916
2954.45,0.00014087403125562093
2954.46,0.00011535558984895743
2954.47,9.60098931890562e-05
2954.48,8.119824356941268e-05
2954.49,6.969621865204893e-05
2954.5,6.0625016316675546e-05
2954.51,5.336024835344768e-05
2954.52,4.745688559072215e-05
2954.53,4.259489338724194e-05
2954.54,3.854145600756601e-05
2954.55,3.51249946987973e-05
2954.56,3.221726946622782e-05
2954.57,2.9721016313791076e-05
2954.58,2.7561393298732916e-05
2954.59,2.568003000845156e-05
2954.6,2.4030847199081652e-05
2954.61,2.257707428461112e-05
2954.62,2.1289084665071173e-05
2954.63,2.0142798452663464e-05
2954.64,1.9118486624461642e-05
2954.65,1.8199864573986178e-05
2954.66,1.73733977208121e-05
2954.67,1.6627764640541123e-05
2954.68,1.5953438604861457e-05
2954.69,1.534236021057057e-05
2954.7,1.478767363366523e-05
2954.71,1.428352727162294e-05
2954.72,1.3824904878818248e-05
2954.73,1.3407494113135745e-05
2954.74,1.3027578515338765e-05
2954.75,1.2681949014456512e-05
2954.76,1.2367830369628245e-05
2954.77,1.2082821577005594e-05
2954.78,1.1824847964797043e-05
2954.79,1.1592124452950636e-05
2954.8,1.1383128445812501e-05
2954.81,1.1196580294384928e-05
2954.82,1.1031431486332238e-05
2954.83,1.0886864457774976e-05
2954.84,1.0762310015655201e-05
2954.85,1.0657489168047399e-05
2954.86,1.057247073554595e-05
2954.87,1.0507684576809253e-05
2954.88,1.0463528532831163e-05
2954.89,1.043866737040503e-05
2954.9,1.0427580667363094e-05
2954.91,1.0424471654148389e-05
2954.92,1.0432383512573826e-05
2954.93,1.0458990362967064e-05
2954.94,1.0508352831984465e-05
2954.95,1.0581533399516907e-05
2954.96,1.067908096050518e-05
2954.97,1.080194196928469e-05
2954.98,1.09515999333882e-05
2954.99,1.1130066824518021e-05
2955.0,1.133989402919215e-05
2955.01,1.158423960516295e-05
2955.02,1.1866966251046392e-05
2955.03,1.2192494436673276e-05
2955.04,1.256416424685117e-05
2955.05,1.297804792440008e-05
2955.06,1.3415646228576198e-05
2955.07,1.3860337165221184e-05
2955.08,1.4325006538195215e-05
2955.09,1.4834026280909854e-05
2955.1,1.5402321786336766e-05
2955.11,1.604276511155829e-05
2955.12,1.6776341806359475e-05
2955.13,1.7637117663598507e-05
2955.14,1.8675426222742284e-05
2955.15,1.9962060808383055e-05
2955.16,2.159524932062747e-05
2955.17,2.3711867726879154e-05
2955.18,2.650329290022985e-05
2955.19,3.0231832065598038e-05
2955.2,3.522801232775122e-05
2955.21,4.180201402670046e-05
2955.22,4.9921489576304e-05
2955.23,5.848504723249631e-05
2955.24,6.472362016150627e-05
2955.25,6.554944244649889e-05
2955.26,6.073516212776843e-05
2955.27,5.319048056698944e-05
2955.28,4.584728380227442e-05
2955.29,3.998937466737847e-05
2955.3,3.5732768214675734e-05
2955.31,3.2791581664950734e-05
2955.32,3.0841626312964434e-05
2955.33,2.9626950999210608e-05
2955.34,2.896705475007448e-05
2955.35,2.874031208072583e-05
2955.36,2.8866697338169096e-05
2955.37,2.929486099199804e-05
2955.38,2.9993463436740093e-05
2955.39,3.094564848028186e-05
2955.4,3.2145637043642994e-05
2955.41,3.3596718017403334e-05
2955.42,3.531021024931212e-05
2955.43,3.73050567218426e-05
2955.44,3.960799465526685e-05
2955.45,4.225416394879541e-05
2955.46,4.528816781245629e-05
2955.47,4.876560908982888e-05
2955.48,5.2755165216308806e-05
2955.49,5.7341295284970865e-05
2955.5,6.262769849328925e-05
2955.51,6.874165926388773e-05
2955.52,7.583940716058588e-05
2955.53,8.411256003389645e-05
2955.54,9.379554776323567e-05
2955.55,0.00010517351809400578
2955.56,0.00011858939471318159
2955.57,0.00013444711799077023
2955.58,0.0001532050399590193
2955.59,0.00017534811244155666
2955.6,0.00020131914326227245
2955.61,0.00023137877753793336
2955.62,0.0002653572934339391
2955.63,0.0003022782912709246
2955.64,0.00033991336922276457
2955.65,0.0003745018162104308
2955.66,0.00040106944127918354
2955.67,0.00041471403695680497
2955.68,0.0004125134585468962
2955.69,0.0003949575698022335
2955.7,0.0003656965677155659
2955.71,0.0003298302652616073
2955.72,0.00029208709036821704
2955.73,0.0002558088562396618
2955.74,0.0002228425509492681
2955.75,0.00019390185943288202
2955.76,0.00016900734494122786
2955.77,0.00014782921280397245
2955.78,0.0001299026291205818
2955.79,0.00011474480169602961
2955.8,0.00010191005288401639
2955.81,9.101031706381093e-05
2955.82,8.171820601217312e-05
2955.83,7.376227590962699e-05
2955.84,6.692014077673955e-05
2955.85,6.100803657631233e-05
2955.86,5.587738854117652e-05
2955.87,5.140606466937281e-05
2955.88,4.7493738735311856e-05
2955.89,4.405813257747233e-05
2955.9,4.103096667606267e-05
2955.91,3.835569125285846e-05
2955.92,3.5985204427220366e-05
2955.93,3.388011728383283e-05
2955.94,3.200737617807345e-05
2955.95,3.0339175405486504e-05
2955.96,2.885208118966687e-05
2955.97,2.752629996077532e-05
2955.98,2.634507507229213e-05
2955.99,2.5294209512171726e-05
2956.0,2.4361689989389883e-05
2956.01,2.353738484666255e-05
2956.02,2.2812779226892993e-05
2956.03,2.21808571816979e-05
2956.04,2.1635824516359046e-05
2956.05,2.1173066644925583e-05
2956.06,2.0789037073971518e-05
2956.07,2.0481193709773153e-05
2956.08,2.0247960957124483e-05
2956.09,2.008871660493694e-05
2956.1,2.0003804042742313e-05
2956.11,1.9994569381567108e-05
2956.12,2.0063430009196545e-05
2956.13,2.021397025504247e-05
2956.14,2.0451078862139903e-05
2956.15,2.0781128413293304e-05
2956.16,2.121220880801495e-05
2956.17,2.1754426615326147e-05
2956.18,2.201048591585838e-05
2956.19,2.281937845018629e-05
2956.2,2.3786118924545347e-05
2956.21,2.493385362137232e-05
2956.22,2.6290969905720155e-05
2956.23,2.789232105551638e-05
2956.24,2.978075506364674e-05
2956.25,3.200900110197861e-05
2956.26,3.464195019275187e-05
2956.27,3.775931434433267e-05
2956.28,4.1458521937411526e-05
2956.29,4.585743467865119e-05
2956.3,5.109605933261757e-05
2956.31,5.7334425354525965e-05
2956.32,6.47448051272621e-05
2956.33,7.348867662756954e-05
2956.34,8.366960124694614e-05
2956.35,9.524737913089594e-05
2956.36,0.00010790470465245953
2956.37,0.00012088447508564749
2956.38,0.00013288045479043216
2956.39,0.00014213442106871901
2956.4,0.0001468980684395954
2956.41,0.00014612299183967695
2956.42,0.0001399877810532344
2956.43,0.00012986581700023296
2956.44,0.00011744878810729529
2956.45,0.00010432241427902444
2956.46,9.190678283384321e-05
2956.47,8.068453696962296e-05
2956.48,7.088373812160467e-05
2956.49,6.249863763911186e-05
2956.5,5.540642332530175e-05
2956.51,4.9440107874181885e-05
2956.52,4.442954328223721e-05
2956.53,4.0220693097547194e-05
2956.54,3.6681370285281505e-05
2956.55,3.3701298039511305e-05
2956.56,3.1189610335447454e-05
2956.57,2.90720207376448e-05
2956.58,2.728815503493983e-05
2956.59,2.5789177828840886e-05
2956.6,2.4535753230404283e-05
2956.61,2.349634658934692e-05
2956.62,2.264584743781899e-05
2956.63,2.1964477492773692e-05
2956.64,2.1436942666776746e-05
2956.65,2.1051790767464664e-05
2956.66,2.0800943022310513e-05
2956.67,2.0679375311983985e-05
2956.68,2.0684932927430245e-05
2956.69,2.0818270484106328e-05
2956.7,2.108291649172742e-05
2956.71,2.148547038749151e-05
2956.72,2.203594913677942e-05
2956.73,2.2748311399524222e-05
2956.74,2.3641200312565877e-05
2956.75,2.48428396679281e-05
2956.76,2.6177337677090585e-05
2956.77,2.7788410579607736e-05
2956.78,2.9727543633312624e-05
2956.79,3.206032417788353e-05
2956.8,3.486982019011335e-05
2956.81,3.825993622383397e-05
2956.82,4.235728804780968e-05
2956.83,4.730804441269556e-05
2956.84,5.326212900410931e-05
2956.85,6.033086923757302e-05
2956.86,6.849942260577993e-05
2956.87,7.748873816738597e-05
2956.88,8.662765161609483e-05
2956.89,9.49163631652565e-05
2956.9,0.00010145792383423211
2956.91,0.00010608915867969762
2956.92,0.00010960244057466576
2956.93,0.00011330197456421124
2956.94,0.00011836549857589825
2956.95,0.00012552272898137988
2956.96,0.0001350375932033205
2956.97,0.00014677134075197936
2956.98,0.00016014681524706992
2956.99,0.0001739495451638777
2957.0,0.00018606614944561046
2957.01,0.00019356911177034546
2957.02,0.00019365418420557237
2957.03,0.00018525257067220581
2957.04,0.00016987172807390657
2957.05,0.0001506904840654737
2957.06,0.00013084094304830304
2957.07,0.0001123861167278456
2957.08,9.625183418926362e-05
2957.09,8.260968918262202e-05
2957.1,7.125905695573966e-05
2957.11,6.1868751952951e-05
2957.12,5.40971905871205e-05
2957.13,4.7640564507710316e-05
2957.14,4.224576277224159e-05
2957.15,3.77084246142471e-05
2957.16,3.3865881994156063e-05
2957.17,3.058926429953114e-05
2957.18,2.777643178586612e-05
2957.19,2.5346174092877166e-05
2957.2,2.3213598714001275e-05
2957.21,2.1366818293123337e-05
2957.22,1.9743475096095722e-05
2957.23,1.8309288785093675e-05
2957.24,1.703619010737384e-05
2957.25,1.590104978771205e-05
2957.26,1.4884691669543655e-05
2957.27,1.3971122948470184e-05
2957.28,1.3146931250175505e-05
2957.29,1.2400808860562935e-05
2957.3,1.1723175763128765e-05
2957.31,1.1081398688004263e-05
2957.32,1.0636012008709222e-05
2957.33,1.0120111511882739e-05
2957.34,9.646416820703179e-06
2957.35,9.210446238095813e-06
2957.36,8.808303481545218e-06
2957.37,8.436585168617176e-06
2957.38,8.092309121762026e-06
2957.39,7.772853810972647e-06
2957.4,7.475907700384311e-06
2957.41,7.199426661348553e-06
2957.42,6.9415980162628785e-06
2957.43,6.7008100683985256e-06
2957.44,6.475627361516737e-06
2957.45,6.26476390832504e-06
2957.46,6.06706945901555e-06
2957.47,5.881515843836012e-06
2957.48,5.7071732504100795e-06
2957.49,5.543205576641188e-06
2957.5,5.388857920980015e-06
2957.51,5.243447677978905e-06
2957.52,5.106356600732376e-06
2957.53,4.977023945324883e-06
2957.54,4.854940415876005e-06
2957.55,4.739642949872886e-06
2957.56,4.630709972736503e-06
2957.57,4.527757502837376e-06
2957.58,4.430435457448383e-06
2957.59,4.338424552411945e-06
2957.6,4.2514334044431025e-06
2957.61,4.169196236194603e-06
2957.62,4.091470590905484e-06
2957.63,4.018035437711148e-06
2957.64,3.948689473930635e-06
2957.65,3.8832496272026154e-06
2957.66,3.821549736617103e-06
2957.67,3.7634393948241955e-06
2957.68,3.7087829359518673e-06
2957.69,3.6574585563119844e-06
2957.7,3.6093575571162767e-06
2957.71,3.5643837001120094e-06
2957.72,3.5224526688815953e-06
2957.73,3.4834916299508684e-06
2957.74,3.44743888943222e-06
2957.75,3.4142436421797844e-06
2957.76,3.3838658118910364e-06
2957.77,3.356275981823475e-06
2957.78,3.3314554172142296e-06
2957.79,3.309396181891248e-06
2957.8,3.2901013530265204e-06
2957.81,3.273585339673176e-06
2957.82,3.2598743124596546e-06
2957.83,3.2490067538928155e-06
2957.84,3.2410341409674587e-06
2957.85,3.236021774470339e-06
2957.86,3.234049772411077e-06
2957.87,3.235214248654623e-06
2957.88,3.2396287020849553e-06
2957.89,3.247425646723596e-06
2957.9,3.258758519303025e-06
2957.91,3.273803908080729e-06
2957.92,3.2927641554743356e-06
2957.93,3.3158704182215816e-06
2957.94,3.3433861375456777e-06
2957.95,3.375611318652043e-06
2957.96,3.412887318032583e-06
2957.97,3.4556025767711282e-06
2957.98,3.504199331842356e-06
2957.99,3.5591815092856867e-06
2958.0,3.6211240173884287e-06
2958.01,3.690683707148302e-06
2958.02,3.7686123553016516e-06
2958.03,3.855772189917006e-06
2958.04,3.95397013529261e-06
2958.05,4.0627235121635975e-06
2958.06,4.1841725116218454e-06
2958.07,4.319866943323756e-06
2958.08,4.468586996042291e-06
2958.09,4.638547011083419e-06
2958.1,4.829221386972419e-06
2958.11,5.04359614824232e-06
2958.12,5.285227163168555e-06
2958.13,5.558379340502916e-06
2958.14,5.868179133589871e-06
2958.15,6.220869299518359e-06
2958.16,6.624080864010279e-06
2958.17,7.08722348129752e-06
2958.18,7.621998495704454e-06
2958.19,8.243089838658376e-06
2958.2,8.96910600475228e-06
2958.21,9.823754778906548e-06
2958.22,1.0838142947866438e-05
2958.23,1.2052614810927492e-05
2958.24,1.3520916027009223e-05
2958.25,1.5315643176372464e-05
2958.26,1.753522432502951e-05
2958.27,2.0316928816259978e-05
2958.28,2.3853409538481798e-05
2958.29,2.8418724751638357e-05
2958.3,3.4405337092515265e-05
2958.31,4.237238054062392e-05
2958.32,5.3091456805493555e-05
2958.33,6.752755060898826e-05
2958.34,8.65501155265531e-05
2958.35,0.00010993965323862985
2958.36,0.00013424014162726557
2958.37,0.00015116857357746282
2958.38,0.00015182650556919882
2958.39,0.00013584419610607063
2958.4,0.0001118259645707122
2958.41,8.831551405583246e-05
2958.42,6.906495259420267e-05
2958.43,5.4424310269205516e-05
2958.44,4.354888234870117e-05
2958.45,3.5461322192003896e-05
2958.46,2.9372904103739265e-05
2958.47,2.471272544343912e-05
2958.48,2.1083323006164236e-05
2958.49,1.8210733835915218e-05
2958.5,1.5905144241523186e-05
2958.51,1.4033159282736217e-05
2958.52,1.2499285462120974e-05
2958.53,1.1233612907391763e-05
2958.54,1.0183101793135535e-05
2958.55,9.304570872265529e-06
2958.56,8.558782375268734e-06
2958.57,7.908180845931012e-06
2958.58,7.322076758619726e-06
2958.59,6.784873010742765e-06
2958.6,6.295241582684098e-06
2958.61,5.8561447854292524e-06
2958.62,5.467372226207003e-06
2958.63,5.124901535687266e-06
2958.64,4.822965172868694e-06
2958.65,4.555729741408581e-06
2958.66,4.318028063148733e-06
2958.67,4.1055184324270264e-06
2958.68,3.91461754245385e-06
2958.69,3.7423744475656987e-06
2958.7,3.5863476726946297e-06
2958.71,3.44450258370919e-06
2958.72,3.3150790359735734e-06
2958.73,3.1967331209145666e-06
2958.74,3.0881292463695238e-06
2958.75,2.9883105675830777e-06
2958.76,2.896312235238821e-06
2958.77,2.8113407022763607e-06
2958.78,2.7327033789208107e-06
2958.79,2.6597929616486927e-06
2958.8,2.5920747877143705e-06
2958.81,2.5290766588984363e-06
2958.82,2.4703806198941633e-06
2958.83,2.4156161531082807e-06
2958.84,2.3644542777433773e-06
2958.85,2.316602205525756e-06
2958.86,2.2717984574590726e-06
2958.87,2.229808530116747e-06
2958.88,2.190421218535792e-06
2958.89,2.1534456049794236e-06
2958.9,2.1187086206425406e-06
2958.91,2.08605304546573e-06
2958.92,2.0553358238696962e-06
2958.93,2.026426609328464e-06
2958.94,1.999206483452847e-06
2958.95,1.9735668174556587e-06
2958.96,1.9494082560085108e-06
2958.97,1.9266399531650587e-06
2958.98,1.9051781875911726e-06
2958.99,1.8849464991171975e-06
2959.0,1.8658744700140232e-06
2959.01,1.8478972917038549e-06
2959.02,1.830955250171767e-06
2959.03,1.8149932662958732e-06
2959.04,1.7999604850029731e-06
2959.05,1.7858099078803986e-06
2959.06,1.7724980646312006e-06
2959.07,1.7599847194002671e-06
2959.08,1.7482326087086663e-06
2959.09,1.7372072083666932e-06
2959.1,1.7268765610481826e-06
2959.11,1.7172109623189234e-06
2959.12,1.708183007077119e-06
2959.13,1.699767328795433e-06
2959.14,1.6919405346536932e-06
2959.15,1.6846811399216498e-06
2959.16,1.6779695381705582e-06
2959.17,1.6717880055089684e-06
2959.18,1.666120717130381e-06
2959.19,1.6609536943604036e-06
2959.2,1.4915212175622433e-06
2959.21,1.4882475984401067e-06
2959.22,1.4854266353714891e-06
2959.23,1.4830354434503161e-06
2959.24,1.4810394149615646e-06
2959.25,1.4794292206537613e-06
2959.26,1.4781269133857877e-06
2959.27,1.47716963606801e-06
2959.28,1.4765776880292996e-06
2959.29,1.4763596774194258e-06
2959.3,1.4765038086755666e-06
2959.31,1.4769845227272409e-06
2959.32,1.477781499485684e-06
2959.33,1.4788913878463614e-06
2959.34,1.4803277927395973e-06
2959.35,1.4820940439915887e-06
2959.36,1.4841954331330684e-06
2959.37,1.4866285779655431e-06
2959.38,1.4893878907037063e-06
2959.39,1.4924676403264154e-06
2959.4,1.4958627526096443e-06
2959.41,1.4995689928912298e-06
2959.42,1.503582967317585e-06
2959.43,1.5079010006145053e-06
2959.44,1.5125228418449015e-06
2959.45,1.5197641503995956e-06
2959.46,1.5250064500111416e-06
2959.47,1.530516405489973e-06
2959.48,1.5363581245124653e-06
2959.49,1.5424994359993968e-06
2959.5,1.5489408308789322e-06
2959.51,1.5556829066977781e-06
2959.52,1.5627265765677579e-06
2959.53,1.5700727954777049e-06
2959.54,1.5777226297398354e-06
2959.55,1.5856774651454517e-06
2959.56,1.593939483235284e-06
2959.57,1.6025114905053005e-06
2959.58,1.611397485006702e-06
2959.59,1.6206018177654943e-06
2959.6,1.6301288986159586e-06
2959.61,1.63998299137652e-06
2959.62,1.6501682479093456e-06
2959.63,1.6606889678701402e-06
2959.64,1.6715500828666322e-06
2959.65,1.682757791737252e-06
2959.66,1.6943201405187234e-06
2959.67,1.7062473244849494e-06
2959.68,1.7185516860412958e-06
2959.69,1.7312476198113677e-06
2959.7,1.744351625441392e-06
2959.71,1.7578825244198457e-06
2959.72,1.7718614511604399e-06
2959.73,1.7668106028002393e-06
2959.74,1.7818850549048733e-06
2959.75,1.7974486600364741e-06
2959.76,1.8134677926302926e-06
2959.77,1.8298592858224866e-06
2959.78,1.8465219380625572e-06
2959.79,1.8634181658225655e-06
2959.8,1.8806187271444739e-06
2959.81,1.898245156884453e-06
2959.82,1.9163915784139104e-06
2959.83,1.935101232115506e-06
2959.84,1.9543833575323805e-06
2959.85,1.9742327185474742e-06
2959.86,1.9946410599644545e-06
2959.87,2.015602178989917e-06
2959.88,1.981085357395939e-06
2959.89,2.0034801154936414e-06
2959.9,1.969227425484144e-06
2959.91,1.993224971425107e-06
2959.92,2.0179060378741723e-06
2959.93,2.0433481713805574e-06
2959.94,2.069639814784085e-06
2959.95,2.096879207598913e-06
2959.96,2.1251789755875983e-06
2959.97,2.1546770763127747e-06
2959.98,2.1855519663361585e-06
2959.99,2.2180267769414694e-06
2960.0,2.2523001304703966e-06
2960.01,2.2882393001160158e-06
2960.02,2.3248666073606565e-06
2960.03,2.3608499293419884e-06
2960.04,2.3964159317039986e-06
2960.05,2.4331791823234683e-06
2960.06,2.472254480165838e-06
2960.07,2.5139673952710298e-06
2960.08,2.5583808927692458e-06
2960.09,2.6055754030360717e-06
2960.1,2.655712136688391e-06
2960.11,2.709035309402691e-06
2960.12,2.765866738259841e-06
2960.13,2.8266044654524483e-06
2960.14,2.8917258361505706e-06
2960.15,2.961792665955811e-06
2960.16,3.037457157075459e-06
2960.17,3.1194650680323243e-06
2960.18,3.208652065106359e-06
2960.19,3.3059263671758966e-06
2960.2,3.411855486831663e-06
2960.21,3.5280711470766482e-06
2960.22,3.6548904462291527e-06
2960.23,3.7925698987242527e-06
2960.24,3.940579947259941e-06
2960.25,4.0964088539989255e-06
2960.26,4.257920968772738e-06
2960.27,4.418563711594392e-06
2960.28,4.5702292341337345e-06
2960.29,4.703290588587318e-06
2960.3,4.808380266397161e-06
2960.31,4.87877647724348e-06
2960.32,4.912421455103703e-06
2960.33,4.9126022295855426e-06
2960.34,4.826148126109284e-06
2960.35,4.784900264084776e-06
2960.36,4.736984417203719e-06
2960.37,4.69019872118308e-06
2960.38,4.650051928816047e-06
2960.39,4.619898261031648e-06
2960.4,4.601410800193097e-06
2960.41,4.595115292422134e-06
2960.42,4.600843124582856e-06
2960.43,4.618061335953076e-06
2960.44,4.646086055389976e-06
2960.45,4.684198212299995e-06
2960.46,4.731676111547498e-06
2960.47,4.787756379404594e-06
2960.48,4.851585600463787e-06
2960.49,4.922298171461934e-06
2960.5,4.99931668845467e-06
2960.51,5.082601484440078e-06
2960.52,5.172510943003622e-06
2960.53,5.2694625553788074e-06
2960.54,5.373767708894231e-06
2960.55,5.485667867716087e-06
2960.56,5.6054166108940454e-06
2960.57,5.733339170986369e-06
2960.58,5.869863866382202e-06
2960.59,6.015539325650237e-06
2960.6,6.17104618310948e-06
2960.61,6.337204970970273e-06
2960.62,6.514975049767056e-06
2960.63,6.705434050624693e-06
2960.64,6.909737554096191e-06
2960.65,7.129099965802497e-06
2960.66,7.364894766769426e-06
2960.67,7.618834246463034e-06
2960.68,7.892946935941455e-06
2960.69,8.189225294932975e-06
2960.7,8.509153287466632e-06
2960.71,8.85321087047541e-06
2960.72,9.220241628781524e-06
2960.73,9.606616261612437e-06
2960.74,1.0005328581366178e-05
2960.75,1.0405409707586533e-05
2960.76,1.0792285871745556e-05
2960.77,1.1149711958385678e-05
2960.78,1.1463360201200783e-05
2960.79,1.1725281263368887e-05
2960.8,1.1935843308139163e-05
2960.81,1.2105147368113708e-05
2960.82,1.224911715734628e-05
2960.83,1.2385519975488513e-05
2960.84,1.2530414181073768e-05
2960.85,1.2696264541144646e-05
2960.86,1.2891628779296365e-05
2960.87,1.3121782611303628e-05
2960.88,1.3389532873695624e-05
2960.89,1.3696645098310454e-05
2960.9,1.4043729856130162e-05
2960.91,1.4431254276839377e-05
2960.92,1.4859712968931977e-05
2960.93,1.532982823052171e-05
2960.94,1.584269453753397e-05
2960.95,1.6399878602434096e-05
2960.96,1.7003473891310046e-05
2960.97,1.765605276054257e-05
2960.98,1.836073504459869e-05
2960.99,1.9121163396763617e-05
2961.0,1.9941558481094318e-05
2961.01,2.0826776443462588e-05
2961.02,2.1782385802542497e-05
2961.03,2.2814777012141032e-05
2961.04,2.3931304115379308e-05
2961.05,2.5140428392120212e-05
2961.06,2.6451847870510476e-05
2961.07,2.787664148371913e-05
2961.08,2.9427465326819226e-05
2961.09,3.111880882459898e-05
2961.1,3.2967306418123566e-05
2961.11,3.499210532592869e-05
2961.12,3.721529803579409e-05
2961.13,3.966243221077984e-05
2961.14,4.236311231251581e-05
2961.15,4.535170801803006e-05
2961.16,4.866818384705427e-05
2961.17,5.2341356080280414e-05
2961.18,5.6460897359106745e-05
2961.19,6.107207478887355e-05
2961.2,6.624813111882755e-05
2961.21,7.207377751990523e-05
2961.22,7.864623058310539e-05
2961.23,8.60755588700926e-05
2961.24,9.44836139231692e-05
2961.25,0.00010400071795854493
2961.26,0.00011476010570634136
2961.27,0.0001268897147290925
2961.28,0.0001404956114242859
2961.29,0.00015562882193845544
2961.3,0.0001722350283141283
2961.31,0.00019009033365736684
2961.32,0.00020872766604977514
2961.33,0.00022737024556008451
2961.34,0.00024490751281812807
2961.35,0.00025996246269600117
2961.36,0.00027108807820443225
2961.37,0.00027707753205734396
2961.38,0.0002772913762424343
2961.39,0.0002718547970655276
2961.4,0.0002616215080374437
2961.41,0.00024792404510583303
2961.42,0.0002322375396487979
2961.43,0.00021589695223913106
2961.44,0.00019994059906661062
2961.45,0.00018507540881166024
2961.46,0.00017171924774913983
2961.47,0.00016007389910942444
2961.48,0.00015019824650876011
2961.49,0.00014206789591449627
2961.5,0.00013561831763470237
2961.51,0.00013077368508353872
2961.52,0.00012746507040589045
2961.53,0.00012564143234891897
2961.54,0.00012527602948740594
2961.55,0.00012637002267337863
2961.56,0.00012895425045927173
2961.57,0.00013308950928342544
2961.58,0.00013886502476895984
2961.59,0.000146394035749829
2961.6,0.0001558045019270245
2961.61,0.00016722160123227531
2961.62,0.00018073746721104003
2961.63,0.0001963622898115703
2961.64,0.00021395147538129565
2961.65,0.0002331082644387192
2961.66,0.00025307414967709293
2961.67,0.0002726433486592098
2961.68,0.0002901669511432787
2961.69,0.00030409932992016134
2961.7,0.0003118679888666119
2961.71,0.0003126068941201178
2961.72,0.0003060530579901362
2961.73,0.00029300773329554546
2961.74,0.00027506617895009343
2961.75,0.0002541448037191503
2961.76,0.00023203769210040676
2961.77,0.00021015068464702832
2961.78,0.00018942771090142035
2961.79,0.00017041926633004636
2961.8,0.00015332641776360102
2961.81,0.00013819749359180226
2961.82,0.00012495176699799663
2961.83,0.00011345159020711954
2961.84,0.00010353329425528828
2961.85,9.501281185238431e-05
2961.86,8.766739046525792e-05
2961.87,8.121101671145429e-05
2961.88,7.531198641978038e-05
2961.89,6.97032602278234e-05
2961.9,6.430537607504345e-05
2961.91,5.920743251014915e-05
2961.92,5.453015405469838e-05
2961.93,5.0330805513648385e-05
2961.94,4.660003246759811e-05
2961.95,4.329257699236485e-05
2961.96,4.035325915934177e-05
2961.97,3.772963944411373e-05
2961.98,3.5376249152515413e-05
2961.99,3.325503201032734e-05
2962.0,3.133447460380929e-05
2962.01,2.9588466909678667e-05
2962.02,2.7995251545869423e-05
2962.03,2.6536580252212023e-05
2962.04,2.5197004418053396e-05
2962.05,2.39633609781306e-05
2962.06,2.2824352166671323e-05
2962.07,2.17748323504422e-05
2962.08,2.0797135466233806e-05
2962.09,1.9888433180525233e-05
2962.1,1.9042229490519532e-05
2962.11,1.825280047523536e-05
2962.12,1.7515081713048844e-05
2962.13,1.6824580413297092e-05
2962.14,1.6177292691431118e-05
2962.15,1.556964936185773e-05
2962.16,1.4998431430278844e-05
2962.17,1.4460768429670906e-05
2962.18,1.3954068989632426e-05
2962.19,1.3475994419193141e-05
2962.2,1.3024429571007593e-05
2962.21,1.2597457734593432e-05
2962.22,1.2193338991417856e-05
2962.23,1.1810491543831046e-05
2962.24,1.1447475547396458e-05
2962.25,1.1103256652006815e-05
2962.26,1.0776085330096397e-05
2962.27,1.0465144356626969e-05
2962.28,1.016943582693712e-05
2962.29,9.888047912743242e-06
2962.3,9.620147639708458e-06
2962.31,9.364974769074145e-06
2962.32,9.121836661264917e-06
2962.33,8.89010402821717e-06
2962.34,8.669207514664155e-06
2962.35,8.458635074965912e-06
2962.36,8.257930125914066e-06
2962.37,8.06669046242195e-06
2962.38,7.88456791909737e-06
2962.39,7.711268740373553e-06
2962.4,7.546554564171566e-06
2962.41,7.390243802673547e-06
2962.42,7.242212974768771e-06
2962.43,7.10239714597178e-06
2962.44,6.9707879622391475e-06
2962.45,6.847426685729113e-06
2962.46,6.732387985091314e-06
2962.47,6.625747884946473e-06
2962.48,6.527526384892731e-06
2962.49,6.4382979395071975e-06
2962.5,6.356230211596893e-06
2962.51,6.281110114708526e-06
2962.52,6.211310746741509e-06
2962.53,6.1443225838330095e-06
2962.54,6.076772028467524e-06
2962.55,6.004776011436398e-06
2962.56,5.924690239171082e-06
2962.57,5.834080928343563e-06
2962.58,5.7324862717539945e-06
2962.59,5.621534298893422e-06
2962.6,5.504344686783113e-06
2962.61,5.384564258064831e-06
2962.62,5.265509348713675e-06
2962.63,5.149687332001549e-06
2962.64,5.038696522327903e-06
2962.65,4.9333587002348515e-06
2962.66,4.83393423943518e-06
2962.67,4.740327147289491e-06
2962.68,4.652243109438643e-06
2962.69,4.569296759831407e-06
2962.7,4.491077894931677e-06
2962.71,4.417188869882114e-06
2962.72,4.347263509716916e-06
2962.73,4.280974969327753e-06
2962.74,4.218037264022406e-06
2962.75,4.1582045244025305e-06
2962.76,4.101267231535805e-06
2962.77,4.047049869662565e-06
2962.78,3.995408007142646e-06
2962.79,3.946226291751319e-06
2962.8,3.8990518553493494e-06
2962.81,3.854556755336835e-06
2962.82,3.8123425975174225e-06
2962.83,3.772409083303882e-06
2962.84,3.7347912979357125e-06
2962.85,3.699567182283092e-06
2962.86,3.666867832954977e-06
2962.87,3.6368930873461018e-06
2962.88,3.6099340420919454e-06
2962.89,3.586405521403834e-06
2962.9,3.566974223981286e-06
2962.91,3.5522975407004592e-06
2962.92,3.5435982967973168e-06
2962.93,3.542443520606595e-06
2962.94,3.550908694140573e-06
2962.95,3.5715141568032576e-06
2962.96,3.6066941060053686e-06
2962.97,3.722279696825572e-06
2962.98,3.783111876963425e-06
2962.99,3.8390522754809775e-06
2963.0,3.865504315687902e-06
2963.01,3.842198144906544e-06
2963.02,3.770849108152563e-06
2963.03,3.673766453205537e-06
2963.04,3.575041651297557e-06
2963.05,3.488186442670105e-06
2963.06,3.4168962543784696e-06
2963.07,3.3600640422594543e-06
2963.08,3.3151711547756787e-06
2963.09,3.2797837744219517e-06
2963.1,3.251961448416591e-06
2963.11,3.2302764320212303e-06
2963.12,3.2137206133263664e-06
2963.13,3.2016040270018324e-06
2963.14,3.193473110073016e-06
2963.15,3.189051003061715e-06
2963.16,3.188196467241364e-06
2963.17,3.1908759608598505e-06
2963.18,3.197145697418013e-06
2963.19,3.2071403199373677e-06
2963.2,3.2210664203850007e-06
2963.21,3.239199470612222e-06
2963.22,3.2618830385820604e-06
2963.23,3.2895290870976063e-06
2963.24,3.3226176127700856e-06
2963.25,3.3616937910282434e-06
2963.26,3.4073595796701214e-06
2963.27,3.4602575228991784e-06
2963.28,3.521040446399823e-06
2963.29,3.5903226268939263e-06
2963.3,3.66860201597014e-06
2963.31,3.7561158481827014e-06
2963.32,3.852787003919201e-06
2963.33,3.957835871771685e-06
2963.34,4.06962526941715e-06
2963.35,4.185349115036055e-06
2963.36,4.300803765511586e-06
2963.37,4.4103288497376216e-06
2963.38,4.507059999578503e-06
2963.39,4.58360563418765e-06
2963.4,4.6331364145106405e-06
2963.41,4.65067357165629e-06
2963.42,4.6341802267624775e-06
2963.43,4.585042393219826e-06
2963.44,4.507739646064454e-06
2963.45,4.408843471455996e-06
2963.46,4.295732495549513e-06
2963.47,4.17544078853142e-06
2963.48,4.053894441007232e-06
2963.49,3.935582778485479e-06
2963.5,3.823568168485899e-06
2963.51,3.719691978875069e-06
2963.52,3.6248539396662313e-06
2963.53,3.539285844998971e-06
2963.54,3.4627824948867346e-06
2963.55,3.394876276795826e-06
2963.56,3.3349629440602466e-06
2963.57,3.2824294891373462e-06
2963.58,3.236530964741327e-06
2963.59,3.1966863180383985e-06
2963.6,3.1623193978787824e-06
2963.61,3.1329104723081828e-06
2963.62,3.1079979826501997e-06
2963.63,3.0871768969164303e-06
2963.64,3.070095210966618e-06
2963.65,3.056449613036814e-06
2963.66,3.047153859206565e-06
2963.67,3.039648385136849e-06
2963.68,3.034917988366548e-06
2963.69,3.0328118112092376e-06
2963.7,3.033208187264735e-06
2963.71,3.0360119796323094e-06
2963.72,3.0411523499969324e-06
2963.73,3.048580968555261e-06
2963.74,3.0582707595317913e-06
2963.75,3.0702152964999437e-06
2963.76,3.084428751987689e-06
2963.77,3.1009450084832522e-06
2963.78,3.1198215284935813e-06
2963.79,3.141132603386085e-06
2963.8,3.1649790825821174e-06
2963.81,3.1914813342421685e-06
2963.82,3.2207862909763962e-06
2963.83,3.253068730758612e-06
2963.84,3.2885344591276518e-06
2963.85,3.3274243048664556e-06
2963.86,3.3700191541475694e-06
2963.87,3.4166462492039655e-06
2963.88,3.467686908805296e-06
2963.89,3.523585807743894e-06
2963.9,3.5848619290996344e-06
2963.91,3.652121550082498e-06
2963.92,3.726073800367523e-06
2963.93,3.8075496109978367e-06
2963.94,3.897525174364631e-06
2963.95,3.997151451684515e-06
2963.96,4.1077918977562204e-06
2963.97,4.231071540870464e-06
2963.98,4.368941980828124e-06
2963.99,4.5237673812278704e-06
2964.0,4.698440105055445e-06
2964.01,4.896530841701631e-06
2964.02,5.122483433060022e-06
2964.03,5.3818659488917764e-06
2964.04,5.68169906363673e-06
2964.05,6.030895708102469e-06
2964.06,6.440861725673435e-06
2964.07,6.926325537478125e-06
2964.08,7.506487860960749e-06
2964.09,8.206611530578333e-06
2964.1,9.060202256896518e-06
2964.11,1.0111940025241384e-05
2964.12,1.1421441501817359e-05
2964.13,1.3067583998741714e-05
2964.14,1.515204556001136e-05
2964.15,1.7797867897238204e-05
2964.16,2.113223944523051e-05
2964.17,2.5230312381606063e-05
2964.18,2.998453983630299e-05
2964.19,3.489025827242849e-05
2964.2,3.8898660683267026e-05
2964.21,4.069343953652608e-05
2964.22,3.955271972719837e-05
2964.23,3.5972428799105565e-05
2964.24,3.1228197240717547e-05
2964.25,2.6471346018076755e-05
2964.26,2.231076488432545e-05
2964.27,1.8917183442486934e-05
2964.28,1.6239500768100697e-05
2964.29,1.4155459417043788e-05
2964.3,1.2540062325119195e-05
2964.31,1.1288380009674098e-05
2964.32,1.0319057083546124e-05
2964.33,9.596739842462704e-06
2964.34,9.026713090658628e-06
2964.35,8.602587980010978e-06
2964.36,8.302799478763969e-06
2964.37,8.113800553822752e-06
2964.38,8.028902578168712e-06
2964.39,8.047748640393307e-06
2964.4,8.17632539707706e-06
2964.41,8.42747071479562e-06
2964.42,8.821866095474032e-06
2964.43,9.38898388108273e-06
2964.44,1.0165602794499632e-05
2964.45,1.118666169993031e-05
2964.46,1.2460647022343383e-05
2964.47,1.3921580620777058e-05
2964.48,1.537025446669592e-05
2964.49,1.6455511565006682e-05
2964.5,1.679497974880242e-05
2964.51,1.622902329954923e-05
2964.52,1.4962887734778247e-05
2964.53,1.3399970483335314e-05
2964.54,1.1877447007315257e-05
2964.55,1.056267342231844e-05
2964.56,9.495384090467258e-06
2964.57,8.653555520606878e-06
2964.58,7.996783729999678e-06
2964.59,7.4853132859391325e-06
2964.6,7.086065229018737e-06
2964.61,6.7732917931073566e-06
2964.62,6.527495975750643e-06
2964.63,6.334048692914721e-06
2964.64,6.181971317263741e-06
2964.65,6.062983124486038e-06
2964.66,5.970789732191915e-06
2964.67,5.900565877070411e-06
2964.68,5.848577532603201e-06
2964.69,5.816597020762605e-06
2964.7,5.792967710547964e-06
2964.71,5.780535652580565e-06
2964.72,5.77784011089155e-06
2964.73,5.783704750637151e-06
2964.74,5.797178223967036e-06
2964.75,5.817489285793318e-06
2964.76,5.844012558571281e-06
2964.77,5.876241488716027e-06
2964.78,5.913766702991361e-06
2964.79,5.956258756089152e-06
2964.8,6.002825867388023e-06
2964.81,6.054522304252788e-06
2964.82,6.110559555077596e-06
2964.83,6.170825285125235e-06
2964.84,6.2352480059792866e-06
2964.85,6.303794730169086e-06
2964.86,6.376473231596174e-06
2964.87,6.453344385650736e-06
2964.88,6.534540415308979e-06
2964.89,6.620277842740021e-06
2964.9,6.710872512997806e-06
2964.91,6.806771447650207e-06
2964.92,6.908601223360057e-06
2964.93,7.017219230162851e-06
2964.94,7.1337324224260255e-06
2964.95,7.26897106897021e-06
2964.96,7.404457570355539e-06
2964.97,7.5483186128768514e-06
2964.98,7.694541000938653e-06
2964.99,7.83229689293785e-06
2965.0,7.952852959247416e-06
2965.01,8.05848753412459e-06
2965.02,8.160065111615848e-06
2965.03,8.267140834159023e-06
2965.04,8.383828956954455e-06
2965.05,8.510703075829572e-06
2965.06,8.647258036483435e-06
2965.07,8.792848859095579e-06
2965.08,8.946874946510914e-06
2965.09,9.108851661848442e-06
2965.1,9.278453013927162e-06
2965.11,9.455506699263073e-06
2965.12,9.63996753076844e-06
2965.13,9.831888927332288e-06
2965.14,1.0031400207089564e-05
2965.15,1.0238690384884165e-05
2965.16,1.0453997197400285e-05
2965.17,1.0677599922576804e-05
2965.18,1.0909814863720667e-05
2965.19,1.1150992699891427e-05
2965.2,1.1401517158514978e-05
2965.21,1.166077308555472e-05
2965.22,1.193127764081965e-05
2965.23,1.2212238190525376e-05
2965.24,1.250465452723566e-05
2965.25,1.2808840111583712e-05
2965.26,1.3125389665173166e-05
2965.27,1.345494050598013e-05
2965.28,1.3798175643024226e-05
2965.29,1.415582666319551e-05
2965.3,1.4528677028239097e-05
2965.31,1.4917566108593386e-05
2965.32,1.532339379445536e-05
2965.33,1.574712559610017e-05
2965.34,1.618979826128723e-05
2965.35,1.665252597812486e-05
2965.36,1.713650723106644e-05
2965.37,1.7643032383836535e-05
2965.38,1.8173492077169905e-05
2965.39,1.8729386541366694e-05
2965.4,1.9312335930078585e-05
2965.41,1.9924091859408773e-05
2965.42,2.0566550183672495e-05
2965.43,2.124176525708916e-05
2965.44,2.195196597409954e-05
2965.45,2.2699573597912095e-05
2965.46,2.3487221776831214e-05
2965.47,2.4317779028246044e-05
2965.48,2.5194374019183503e-05
2965.49,2.6120424049051824e-05
2965.5,2.7099667201544863e-05
2965.51,2.8136198706859167e-05
2965.52,2.923451214825657e-05
2965.53,3.0399546282337547e-05
2965.54,3.1636738165396436e-05
2965.55,3.295208404550158e-05
2965.56,3.435220863726169e-05
2965.57,3.5844444638246114e-05
2965.58,3.7436923991240784e-05
2965.59,3.91386829186704e-05
2965.6,4.095978310109552e-05
2965.61,4.291145183426172e-05
2965.62,4.50062445493179e-05
2965.63,4.725823375979724e-05
2965.64,4.968322931323187e-05
2965.65,5.229903579814512e-05
2965.66,5.512575439647351e-05
2965.67,5.818613729101921e-05
2965.68,6.150600568417944e-05
2965.69,6.511474359090062e-05
2965.7,6.904588296482842e-05
2965.71,7.333781034353996e-05
2965.72,7.803454875755279e-05
2965.73,8.318681464646639e-05
2965.74,8.885315416906485e-05
2965.75,9.51013707910181e-05
2965.76,0.00010201022383127832
2965.77,0.0001096714667466298
2965.78,0.0001181922914044829
2965.79,0.0001276982533615152
2965.8,0.00013833675866886083
2965.81,0.00015028119109100198
2965.82,0.00016373574218958112
2965.83,0.00017894096190289115
2965.84,0.00019617995087237855
2965.85,0.00021578492826881168
2965.86,0.00023814356515850546
2965.87,0.00026370386853017406
2965.88,0.00029297537397152324
2965.89,0.00032652272486054386
2965.9,0.0003649450961995313
2965.91,0.00040883111520454096
2965.92,0.00045867404044611874
2965.93,0.0005147271834620392
2965.94,0.0005767786469118582
2965.95,0.0006438358029449081
2965.96,0.0007137474883592907
2965.97,0.000782869169080416
2965.98,0.0008459841121166066
2965.99,0.0008967620191039014
2966.0,0.0009289268773688198
2966.01,0.0009378208256425157
2966.02,0.0009222947594746336
2966.03,0.0008845663250761481
2966.04,0.0008298250362620598
2966.05,0.0007645141303975272
2966.06,0.0006947481503833722
2966.07,0.0006253366558998175
2966.08,0.0005594971388987407
2966.09,0.0004990298684592169
2966.1,0.0004446806867465181
2966.11,0.00039650834904441507
2966.12,0.00035405913046327673
2966.13,0.00031703733073687527
2966.14,0.00028472752580589516
2966.15,0.0002565367228536001
2966.16,0.0002319139281856294
2966.17,0.00021036605815865297
2966.18,0.0001914617862478922
2966.19,0.00017482905076832188
2966.2,0.0001601496101572899
2966.21,0.00014715255897207935
2966.22,0.00013560781920397255
2966.23,0.0001253201057226182
2966.24,0.00011612356841604553
2966.25,0.00010787715690987248
2966.26,0.0001004606742439923
2966.27,9.377145050026892e-05
2966.28,8.772155612452563e-05
2966.29,8.223547517104689e-05
2966.3,7.724816595342754e-05
2966.31,7.2703445078468e-05
2966.32,6.8552640141238e-05
2966.33,6.475346509983651e-05
2966.34,6.126907995672569e-05
2966.35,5.806730300718778e-05
2966.36,5.5119949481288716e-05
2966.37,5.240227506439524e-05
2966.38,4.9892506613893e-05
2966.39,4.7571445559600936e-05
2966.4,4.542213206035474e-05
2966.41,4.342956012324158e-05
2966.42,4.1580435631885096e-05
2966.43,3.986297068071377e-05
2966.44,3.826670876318098e-05
2966.45,3.678237671714309e-05
2966.46,3.540175914514118e-05
2966.47,3.4117593430496494e-05
2966.48,3.292348208261351e-05
2966.49,3.1813821209781656e-05
2966.5,3.078374305727767e-05
2966.51,2.9829071967789487e-05
2966.52,2.8946293571482774e-05
2966.53,2.813253730344678e-05
2966.54,2.7385572836331466e-05
2966.55,2.6703821312825237e-05
2966.56,2.6086382642683995e-05
2966.57,2.5533081152503355e-05
2966.58,2.5044531812021456e-05
2966.59,2.4622230522299812e-05
2966.6,2.4268671965852636e-05
2966.61,2.3987498772748325e-05
2966.62,2.3783685305933508e-05
2966.63,2.3663758150716896e-05
2966.64,2.3636053474702434e-05
2966.65,2.371101006617089e-05
2966.66,2.3886632950070267e-05
2966.67,2.420847563888844e-05
2966.68,2.468060416448463e-05
2966.69,2.5326317755681496e-05
2966.7,2.617483613377607e-05
2966.71,2.726448047337166e-05
2966.72,2.8648171968210306e-05
2966.73,3.040134906905578e-05
2966.74,3.263308418989058e-05
2966.75,3.549357567087205e-05
2966.76,3.9178338745449405e-05
2966.77,4.391457676954243e-05
2966.78,4.9909027176846574e-05
2966.79,5.721344948705066e-05
2966.8,6.545537125783599e-05
2966.81,7.349039256993754e-05
2966.82,7.93025930403896e-05
2966.83,8.078664372960584e-05
2966.84,7.721829068072952e-05
2966.85,6.987149247095796e-05
2966.86,6.096867757175475e-05
2966.87,5.229506669857105e-05
2966.88,4.4739644588748134e-05
2966.89,3.8517712413909485e-05
2966.9,3.3519974245658345e-05
2966.91,2.953563008234524e-05
2966.92,2.635212607267188e-05
2966.93,2.379131645169257e-05
2966.94,2.1712144646394517e-05
2966.95,2.0002406051840724e-05
2966.96,1.858980694969572e-05
2966.97,1.7408302588098238e-05
2966.98,1.64113102167998e-05
2966.99,1.556330824613809e-05
2967.0,1.4952839691712258e-05
2967.01,1.4328059333234627e-05
2967.02,1.3787414767446444e-05
2967.03,1.3318003117853611e-05
2967.04,1.290965654529497e-05
2967.05,1.255435150485167e-05
2967.06,1.2245764619870648e-05
2967.07,1.1978946135697164e-05
2967.08,1.1750080924289116e-05
2967.09,1.1556230780308415e-05
2967.1,1.1395563901169654e-05
2967.11,1.1266762757524705e-05
2967.12,1.1169342306292277e-05
2967.13,1.1103573172127726e-05
2967.14,1.1070535050645197e-05
2967.15,1.1072219770657981e-05
2967.16,1.1111695692984599e-05
2967.17,1.1193351728413477e-05
2967.18,1.1323248362782578e-05
2967.19,1.150961518820336e-05
2967.2,1.17635527484362e-05
2967.21,1.2100016527893201e-05
2967.22,1.2539187718617897e-05
2967.23,1.310835041923578e-05
2967.24,1.3844366648857928e-05
2967.25,1.4796663039238846e-05
2967.26,1.603004409365758e-05
2967.27,1.7624968621101397e-05
2967.28,1.9668820889745283e-05
2967.29,2.2223425188230148e-05
2967.3,2.5243173737645376e-05
2967.31,2.8434469370371907e-05
2967.32,3.1128340523523086e-05
2967.33,3.24333628785722e-05
2967.34,3.180824729398829e-05
2967.35,2.953840340985646e-05
2967.36,2.6474858777045134e-05
2967.37,2.3401797588977853e-05
2967.38,2.0732195845205278e-05
2967.39,1.8578205929703463e-05
2967.4,1.6902132115738507e-05
2967.41,1.5619621500520577e-05
2967.42,1.4644811275061065e-05
2967.43,1.3905255148464856e-05
2967.44,1.3346282630104317e-05
2967.45,1.2929453613630213e-05
2967.46,1.262696050973612e-05
2967.47,1.2417543334928938e-05
2967.48,1.228490999445987e-05
2967.49,1.2216812566147987e-05
2967.5,1.2204176833901946e-05
2967.51,1.2240354574711707e-05
2967.52,1.2320547561510072e-05
2967.53,1.2441385072778624e-05
2967.54,1.260062004856443e-05
2967.55,1.279691229336654e-05
2967.56,1.3029675201014096e-05
2967.57,1.3298969244049099e-05
2967.58,1.3605430573439082e-05
2967.59,1.3950253555986686e-05
2967.6,1.4335060803605715e-05
2967.61,1.4762059146368557e-05
2967.62,1.5233943634861056e-05
2967.63,1.5753949694368966e-05
2967.64,1.6325892510798317e-05
2967.65,1.6954220590399382e-05
2967.66,1.7644084269854403e-05
2967.67,1.8401420508130533e-05
2967.68,1.9233055822110796e-05
2967.69,2.014682976663942e-05
2967.7,2.115181609595433e-05
2967.71,2.2258200333806828e-05
2967.72,2.3477928793331876e-05
2967.73,2.4824653423441983e-05
2967.74,2.631408645922992e-05
2967.75,2.7964326357719094e-05
2967.76,2.9796232902560194e-05
2967.77,3.1833853574882405e-05
2967.78,3.410489933283144e-05
2967.79,3.6641261065355935e-05
2967.8,3.9479546258418354e-05
2967.81,4.266159560978329e-05
2967.82,4.623490704000358e-05
2967.83,5.025284248036639e-05
2967.84,5.4774418289817294e-05
2967.85,5.9863360243156444e-05
2967.86,6.558594766708324e-05
2967.87,7.200695387048759e-05
2967.88,7.918273450174965e-05
2967.89,8.715026473402828e-05
2967.9,9.591081307221227e-05
2967.91,0.00010540725360167384
2967.92,0.00011549528312196666
2967.93,0.00012591172076628062
2967.94,0.00013624804189790095
2967.95,0.00014594344035145487
2967.96,0.00015431553913914997
2967.97,0.00016115426397541756
2967.98,0.00016480422343103415
2967.99,0.0001653734086452237
2968.0,0.00016279442952597424
2968.01,0.00015735289574759858
2968.02,0.0001496119364919562
2968.03,0.00014027772945546883
2968.04,0.00013006049585717516
2968.05,0.0001195732215428967
2968.06,0.0001092826087460836
2968.07,9.950390186695832e-05
2968.08,9.042193383707308e-05
2968.09,8.212218109806466e-05
2968.1,7.462219810648586e-05
2968.11,6.789365839689569e-05
2968.12,6.188600802082132e-05
2968.13,5.653609337560059e-05
2968.14,5.1777245416256486e-05
2968.15,4.754424270667404e-05
2968.16,4.377603952282046e-05
2968.17,4.041705740065222e-05
2968.18,3.741759626220694e-05
2968.19,3.473373495026373e-05
2968.2,3.232695813039935e-05
2968.21,3.0163656201517148e-05
2968.22,2.8214585587058984e-05
2968.23,2.6454338936108852e-05
2968.24,2.4860851233031693e-05
2968.25,2.3414953561125758e-05
2968.26,2.2099977950540704e-05
2968.27,2.0901411978327502e-05
2968.28,1.9806599731165154e-05
2968.29,1.8804484145362426e-05
2968.3,1.7885386021875786e-05
2968.31,1.7040814848211275e-05
2968.32,1.6263307043043893e-05
2968.33,1.5546287651129024e-05
2968.34,1.4883952294623745e-05
2968.35,1.4271165764815177e-05
2968.36,1.3703375559401987e-05
2968.37,1.3176537448928132e-05
2968.38,1.268705172350117e-05
2968.39,1.2231708172464528e-05
2968.4,1.180763871392382e-05
2968.41,1.1412276444134447e-05
2968.42,1.1043320163957187e-05
2968.43,1.069870357598291e-05
2968.44,1.0376568538898769e-05
2968.45,1.0075241587815063e-05
2968.46,9.793214098438762e-06
2968.47,9.529124921809843e-06
2968.48,9.281745957926653e-06
2968.49,9.049969890986825e-06
2968.5,8.832799371583727e-06
2968.51,8.62933695963467e-06
2968.52,8.43877565257437e-06
2968.53,8.260390330708518e-06
2968.54,8.093530513545276e-06
2968.55,7.937614526792538e-06
2968.56,7.792124903796149e-06
2968.57,7.65660476918896e-06
2968.58,7.530655017278305e-06
2968.59,7.413932189030867e-06
2968.6,7.306147015737147e-06
2968.61,7.207063625632764e-06
2968.62,7.116499408362186e-06
2968.63,7.034325496282467e-06
2968.64,6.960467847894178e-06
2968.65,6.894908046461977e-06
2968.66,6.8376852739614985e-06
2968.67,6.788897920998069e-06
2968.68,6.748708892880896e-06
2968.69,6.7173568599309635e-06
2968.7,6.695166991520756e-06
2968.71,6.682570808573708e-06
2968.72,6.680087082378252e-06
2968.73,6.688333801115499e-06
2968.74,6.708027372487361e-06
2968.75,6.739982549290639e-06
2968.76,6.785103736196959e-06
2968.77,6.844360019445608e-06
2968.78,6.918739166416475e-06
2968.79,7.009165876921259e-06
2968.8,7.11555910640542e-06
2968.81,7.239880844778781e-06
2968.82,7.38098613114944e-06
2968.83,7.537502274447321e-06
2968.84,7.706576269522952e-06
2968.85,7.88342737853759e-06
2968.86,8.061031419470461e-06
2968.87,8.230144063149396e-06
2968.88,8.379901231671018e-06
2968.89,8.499138303198373e-06
2968.9,8.578306976775113e-06
2968.91,8.611509378042372e-06
2968.92,8.59793383813993e-06
2968.93,8.54209919270095e-06
2968.94,8.452801235444325e-06
2968.95,8.341211632570926e-06
2968.96,8.218849461330366e-06
2968.97,8.096018845708189e-06
2968.98,7.980960624587971e-06
2968.99,7.879651692793986e-06
2969.0,7.796031296464819e-06
2969.01,7.73242563302456e-06
2969.02,7.690007991756505e-06
2969.03,7.669200079883143e-06
2969.04,7.669997380288733e-06
2969.05,7.69219857288564e-06
2969.06,7.735568444921342e-06
2969.07,7.799946076512715e-06
2969.08,7.885315623681733e-06
2969.09,7.991852777289236e-06
2969.1,8.119956666251603e-06
2969.11,8.270274228800038e-06
2969.12,8.443722037321864e-06
2969.13,8.641509167309166e-06
2969.14,8.865165069370513e-06
2969.15,9.1165672168384e-06
2969.16,9.397989242884055e-06
2969.17,9.712146872043972e-06
2969.18,1.0062251643118076e-05
2969.19,1.045213435001141e-05
2969.2,1.088627671171234e-05
2969.21,1.1369978229357274e-05
2969.22,1.1909497249777638e-05
2969.23,1.2512241057634504e-05
2969.24,1.3187004153957322e-05
2969.25,1.3944268364570787e-05
2969.26,1.4796790746670576e-05
2969.27,1.57593393819252e-05
2969.28,1.685023159094861e-05
2969.29,1.809179817267083e-05
2969.3,1.9511308624944547e-05
2969.31,2.1142423061054276e-05
2969.32,2.302700427312504e-05
2969.33,2.521753280098281e-05
2969.34,2.7752986547102394e-05
2969.35,3.077289947814325e-05
2969.36,3.435849305177335e-05
2969.37,3.865093015901735e-05
2969.38,4.383483891915546e-05
2969.39,5.0153338960321493e-05
2969.4,5.792793180719193e-05
2969.41,6.758354839100106e-05
2969.42,7.96765700819712e-05
2969.43,9.4916472307538e-05
2969.44,0.00011415356786350712
2969.45,0.00013826463941954672
2969.46,0.0001677943604218892
2969.47,0.00020213347660734374
2969.48,0.00023815244836286275
2969.49,0.000269094628610724
2969.5,0.0002858223706665958
2969.51,0.00028201883037640065
2969.52,0.00025920746572113544
2969.53,0.00022545127624089113
2969.54,0.00018945368466791247
2969.55,0.00015663282037871632
2969.56,0.00012904760269572067
2969.57,0.00010676404121379515
2969.58,8.905398764224348e-05
2969.59,7.502572398010093e-05
2969.6,6.38734902692376e-05
2969.61,5.494368973274582e-05
2969.62,4.772998691699927e-05
2969.63,4.184751528386871e-05
2969.64,3.7005366416611566e-05
2969.65,3.298332020790326e-05
2969.66,2.961377885340659e-05
2969.67,2.6768254513364328e-05
2969.68,2.434742176090218e-05
2969.69,2.2273830439768538e-05
2969.7,2.0486562011823673e-05
2969.71,1.893729391543133e-05
2969.72,1.7577813790206637e-05
2969.73,1.6396197434318996e-05
2969.74,1.5357516978376702e-05
2969.75,1.4441115229124014e-05
2969.76,1.3630006618660904e-05
2969.77,1.291014603237668e-05
2969.78,1.2269861570996928e-05
2969.79,1.169941158822281e-05
2969.8,1.1190636535602872e-05
2969.81,1.0736683817705712e-05
2969.82,1.0331789305656667e-05
2969.83,9.971103188873656e-06
2969.84,9.650550884534306e-06
2969.85,9.366721751247763e-06
2969.86,9.116780487577317e-06
2969.87,8.898396549902626e-06
2969.88,8.709688932430268e-06
2969.89,8.549183460643576e-06
2969.9,8.415780844101609e-06
2969.91,8.308733985375285e-06
2969.92,8.22763337372601e-06
2969.93,8.17239959035651e-06
2969.94,8.143282034246419e-06
2969.95,8.140862923357693e-06
2969.96,8.166321049599216e-06
2969.97,8.220422763586966e-06
2969.98,8.305057186382826e-06
2969.99,8.422229262628355e-06
2970.0,8.574309072901903e-06
2970.01,8.764009628058433e-06
2970.02,8.99433228499963e-06
2970.03,9.268460171364838e-06
2970.04,9.58957177690758e-06
2970.05,9.960537928892265e-06
2970.06,1.0383454823420964e-05
2970.07,1.0858961235222534e-05
2970.08,1.1385293769233996e-05
2970.09,1.195706609923976e-05
2970.1,1.2563834511010415e-05
2970.11,1.318865128703148e-05
2970.12,1.3807009375470335e-05
2970.13,1.4386796131740427e-05
2970.14,1.4889968886890039e-05
2970.15,1.5276441792516115e-05
2970.16,1.5509987294385162e-05
2970.17,1.5564933457739082e-05
2970.18,1.5431608192892264e-05
2970.19,1.5118512846212666e-05
2970.2,1.4650351857094876e-05
2970.21,1.4062711230579133e-05
2970.22,1.3395369310399993e-05
2970.23,1.268631396474586e-05
2970.24,1.1967737793479603e-05
2970.25,1.1264255162430387e-05
2970.26,1.0592875089796573e-05
2970.27,9.964019128118114e-06
2970.28,9.382957125620792e-06
2970.29,8.8512459414017e-06
2970.3,8.367960954255534e-06
2970.31,7.930650046949684e-06
2970.32,7.536114485296187e-06
2970.33,6.805504789544686e-06
2970.34,6.4869873582044085e-06
2970.35,6.200217086373703e-06
2970.36,5.941851291833141e-06
2970.37,5.70883017565519e-06
2970.38,5.498392337027822e-06
2970.39,5.308069755242586e-06
2970.4,5.135671135702201e-06
2970.41,4.9792595058389725e-06
2970.42,4.8371277182971694e-06
2970.43,4.707774087768789e-06
2970.44,4.589879417832513e-06
2970.45,4.482285881360087e-06
2970.46,4.383977125476276e-06
2970.47,4.29405687520192e-06
2970.48,4.2117220743249905e-06
2970.49,4.136237764366594e-06
2970.5,4.066937441367811e-06
2970.51,4.003221380081458e-06
2970.52,3.944517056566106e-06
2970.53,3.890329819624145e-06
2970.54,3.840339887345388e-06
2970.55,3.7943215486535038e-06
2970.56,3.7520269014345972e-06
2970.57,3.7131826634461723e-06
2970.58,3.6775234883095978e-06
2970.59,3.6448079214750373e-06
2970.6,3.614820447555019e-06
2970.61,3.58736904703762e-06
2970.62,3.5622820872008037e-06
2970.63,3.539405585903165e-06
2970.64,3.5186009693472154e-06
2970.65,3.4997432471026583e-06
2970.66,3.4827195126746687e-06
2970.67,3.467427698393239e-06
2970.68,3.453775534440639e-06
2970.69,3.441679677358182e-06
2970.7,3.4310649842611264e-06
2970.71,3.4218638740071484e-06
2970.72,3.4140160201385245e-06
2970.73,3.40746773006253e-06
2970.74,3.402171860101568e-06
2970.75,3.3980876258561254e-06
2970.76,3.395180565433119e-06
2970.77,3.3934226157905244e-06
2970.78,3.3927923087992175e-06
2970.79,3.3932876555755788e-06
2970.8,3.3948765629489626e-06
2970.81,3.397572718838984e-06
2970.82,3.401387012523849e-06
2970.83,3.4063420384939554e-06
2970.84,3.4124745160080754e-06
2970.85,3.4198369456958942e-06
2970.86,3.4284960984595593e-06
2970.87,3.438524849475592e-06
2970.88,3.449982585228937e-06
2970.89,3.462877691713181e-06
2970.9,3.477105453233535e-06
2970.91,3.4923630381070397e-06
2970.92,3.508071949196944e-06
2970.93,3.5233768412143834e-06
2970.94,3.53733354769013e-06
2970.95,3.549257715955182e-06
2970.96,3.5590653445580575e-06
2970.97,3.567314513380599e-06
2970.98,3.5749098356239953e-06
2970.99,3.582029223041564e-06
2971.0,3.5907084898856157e-06
2971.01,3.600584930930057e-06
2971.02,3.6117841275017785e-06
2971.03,3.6243021905276853e-06
2971.04,3.6380729304109882e-06
2971.05,3.65300883294115e-06
2971.06,3.6690222830571404e-06
2971.07,3.686034778140938e-06
2971.08,3.7039797965319663e-06
2971.09,3.7228027216149114e-06
2971.1,3.742459612048601e-06
2971.11,3.7629156636315204e-06
2971.12,3.7841437216176624e-06
2971.13,3.8061229516524612e-06
2971.14,3.828837838503206e-06
2971.15,3.852277157522489e-06
2971.16,3.876433371014312e-06
2971.17,3.901301976195764e-06
2971.18,3.9268811640991904e-06
2971.19,3.9531714135898035e-06
2971.2,3.980175248480057e-06
2971.21,4.00806588283736e-06
2971.22,4.036512478216428e-06
2971.23,4.0656909813911785e-06
2971.24,4.095610508477781e-06
2971.25,4.126281863022723e-06
2971.26,4.1577173952472385e-06
2971.27,4.189931039336311e-06
2971.28,4.222938379409739e-06
2971.29,4.2567567449696455e-06
2971.3,4.291405337864069e-06
2971.31,4.32690539399101e-06
2971.32,4.3632803844881055e-06
2971.33,4.40055626272847e-06
2971.34,4.43876176558797e-06
2971.35,4.477928779909089e-06
2971.36,4.518092955449784e-06
2971.37,4.559293301313814e-06
2971.38,4.60157497704885e-06
2971.39,4.644987757264368e-06
2971.4,4.689588348196311e-06
2971.41,4.7354413824340984e-06
2971.42,4.78262103678232e-06
2971.43,4.831213104594651e-06
2971.44,4.881317683847484e-06
2971.45,4.933052708395983e-06
2971.46,4.986558645553556e-06
2971.47,5.042004826140133e-06
2971.48,5.0995980992348384e-06
2971.49,5.159594873273256e-06
2971.5,5.222318214375122e-06
2971.51,5.288182744565724e-06
2971.52,5.357731222603603e-06
2971.53,5.431690919742738e-06
2971.54,5.511059841633658e-06
2971.55,5.597242286007773e-06
2971.56,5.692260678549265e-06
2971.57,5.79907473134256e-06
2971.58,5.9219992833631275e-06
2971.59,6.066972172920872e-06
2971.6,6.240510086614269e-06
2971.61,6.443770690168755e-06
2971.62,6.656874675691209e-06
2971.63,6.827216051568548e-06
2971.64,6.909109147920504e-06
2971.65,6.92450343422835e-06
2971.66,6.931419322188859e-06
2971.67,6.962241403064372e-06
2971.68,7.01987390433213e-06
2971.69,7.0956426445698046e-06
2971.7,7.179052382822065e-06
2971.71,7.260828201260229e-06
2971.72,7.334010624465868e-06
2971.73,7.394646894791435e-06
2971.74,7.442037832294303e-06
2971.75,7.478267664921117e-06
2971.76,7.507134313589675e-06
2971.77,7.532935876134393e-06
2971.78,7.559544159651208e-06
2971.79,7.5899337520039256e-06
2971.8,7.626098069582653e-06
2971.81,7.669190842331044e-06
2971.82,7.719749662704016e-06
2971.83,7.777915143435694e-06
2971.84,7.843609612512852e-06
2971.85,7.916670027340288e-06
2971.86,7.996944127035472e-06
2971.87,8.084363771231627e-06
2971.88,8.179010587677357e-06
2971.89,8.28118981880373e-06
2971.9,8.391529642781821e-06
2971.91,8.511121679963723e-06
2971.92,8.641693985222507e-06
2971.93,8.785677814295217e-06
2971.94,8.945573497600813e-06
2971.95,9.120962159573618e-06
2971.96,9.302126454723518e-06
2971.97,9.469741225161055e-06
2971.98,9.615817378066748e-06
2971.99,9.757538227900657e-06
2972.0,9.917134886767126e-06
2972.01,1.01009730027848e-05
2972.02,1.0307602771214696e-05
2972.03,1.0526231253361225e-05
2972.04,1.0857952622158236e-05
2972.05,1.1043653150849226e-05
2972.06,1.1186821170943134e-05
2972.07,1.1292178889663131e-05
2972.08,1.137843291210212e-05
2972.09,1.1465122788036736e-05
2972.1,1.1564557812163377e-05
2972.11,1.1681576614726294e-05
2972.12,1.1816552297952408e-05
2972.13,1.1968003380486115e-05
2972.14,1.2134024487707133e-05
2972.15,1.2312881036842569e-05
2972.16,1.2503183901971588e-05
2972.17,1.2703892439853517e-05
2972.18,1.2914262470339967e-05
2972.19,1.313378621939865e-05
2972.2,1.3362139976201616e-05
2972.21,1.3599142548858529e-05
2972.22,1.3844723389608807e-05
2972.23,1.4098898559487467e-05
2972.24,1.4361753005768662e-05
2972.25,1.4633427606551093e-05
2972.26,1.4914067005835782e-05
2972.27,1.5203988134619898e-05
2972.28,1.550341216249178e-05
2972.29,1.581263713615166e-05
2972.3,1.613199416116666e-05
2972.31,1.646184256187667e-05
2972.32,1.6802571664327996e-05
2972.33,1.7154600074859762e-05
2972.34,1.7518375977508296e-05
2972.35,1.7894377784028973e-05
2972.36,1.8283115092256005e-05
2972.37,1.8685129921319815e-05
2972.38,1.910099820399582e-05
2972.39,1.9531331523702326e-05
2972.4,1.997677909152064e-05
2972.41,2.0438029971756434e-05
2972.42,2.0915815510101698e-05
2972.43,2.1411026946078885e-05
2972.44,2.1924259510076557e-05
2972.45,2.2456503265328557e-05
2972.46,2.300868886411375e-05
2972.47,2.3581805868610677e-05
2972.48,2.4176907115629563e-05
2972.49,2.4795113481156566e-05
2972.5,2.5437619057417467e-05
2972.51,2.6105696768395956e-05
2972.52,2.6800704319122102e-05
2972.53,2.8221267638889173e-05
2972.54,2.898008018794831e-05
2972.55,2.9770540927489532e-05
2972.56,3.0594421194923305e-05
2972.57,3.145361646771414e-05
2972.58,3.235015616283373e-05
2972.59,3.328621557799844e-05
2972.6,3.426413163564971e-05
2972.61,3.5286454487734753e-05
2972.62,3.6355828866992294e-05
2972.63,3.7475208978994255e-05
2972.64,3.864774114945212e-05
2972.65,3.987681828072977e-05
2972.66,4.116610440182432e-05
2972.67,4.25195617783094e-05
2972.68,4.394148061127701e-05
2972.69,4.543651183673683e-05
2972.7,4.737375301891255e-05
2972.71,4.903198305403107e-05
2972.72,5.0779837250618305e-05
2972.73,5.2623819884787985e-05
2972.74,5.457102712443032e-05
2972.75,5.662921188704309e-05
2972.76,5.88068565178601e-05
2972.77,6.111325513008475e-05
2972.78,6.35586067746739e-05
2972.79,6.619472345100152e-05
2972.8,6.89530769096656e-05
2972.81,7.18875453462209e-05
2972.82,7.501315943613527e-05
2972.83,7.834655000134679e-05
2972.84,8.190615011786322e-05
2972.85,8.571242593952399e-05
2972.86,8.978916945345385e-05
2972.87,9.415969794408335e-05
2972.88,9.885335065875186e-05
2972.89,0.00010390180976034543
2972.9,0.00010934059517233674
2972.91,0.0001152096131194446
2972.92,0.00012155378711844275
2972.93,0.0001284237834289651
2972.94,0.00013587685227851225
2972.95,0.00014397780944796457
2972.96,0.00015280018384683603
2972.97,0.00016242754639767188
2972.98,0.00017295505097538228
2972.99,0.0001844911941313877
2973.0,0.00019715983445378526
2973.01,0.000211037422096339
2973.02,0.00022641614681888185
2973.03,0.0002434156199484266
2973.04,0.00026224708068093737
2973.05,0.0002831513391678312
2973.06,0.0003064020079132316
2973.07,0.0003323083092123194
2973.08,0.0003612168875671003
2973.09,0.0003935116651270787
2973.1,0.00042961025206900947
2973.11,0.00046995465775871926
2973.12,0.0005149930076991539
2973.13,0.0005651476573436517
2973.14,0.000620763644084583
2973.15,0.000682030263504079
2973.16,0.0007488686638280267
2973.17,0.0008207815272575728
2973.18,0.0008966699047777043
2973.19,0.0009746401704080444
2973.2,0.0010518518998894933
2973.21,0.001124489444393883
2973.22,0.001187957767405043
2973.23,0.0012373765324639509
2973.24,0.0012683545470026712
2973.25,0.0012778540602256527
2973.26,0.001264908637766746
2973.27,0.0012308462662899314
2973.28,0.0011789684326513937
2973.29,0.0011138033812347111
2973.3,0.0010402284246709818
2973.31,0.0009627373458081318
2973.32,0.0008849964018333072
2973.33,0.0008096914580845469
2973.34,0.0007385802617876276
2973.35,0.0006726557901906427
2973.36,0.0006123394168965987
2973.37,0.0005576596458361774
2973.38,0.0005083965396142011
2973.39,0.00046418853611335855
2973.4,0.0004246062891494819
2973.41,0.0003892007675031941
2973.42,0.00035753269542786284
2973.43,0.0003291892287184441
2973.44,0.0003037919755562209
2973.45,0.0002810002064101382
2973.46,0.00026051041233291335
2973.47,0.00024205432732527375
2973.48,0.00022539601535543263
2973.49,0.00021032861747702974
2973.5,0.00019667108280621727
2973.51,0.00018426506374467853
2973.52,0.00017297206600008964
2973.53,0.00016267088930093713
2973.54,0.00015325536260564322
2973.55,0.00014463270298206468
2973.56,0.00013672041740574333
2973.57,0.00012944686185790928
2973.58,0.00012274858078467675
2973.59,0.00011656953506847553
2973.6,0.00011086014269984773
2973.61,0.00010557645281071291
2973.62,0.00010067943433434516
2973.63,9.613427719869003e-05
2973.64,9.19102061708807e-05
2973.65,8.797950447254656e-05
2973.66,8.431745627592634e-05
2973.67,8.090189894800725e-05
2973.68,7.771288766612254e-05
2973.69,7.473237248633952e-05
2973.7,7.194389623328266e-05
2973.71,6.933236389475986e-05
2973.72,6.688400319860584e-05
2973.73,6.458651683927841e-05
2973.74,6.242923571021238e-05
2973.75,6.04029789032946e-05
2973.76,5.849964752297083e-05
2973.77,5.6711850498883566e-05
2973.78,5.503273018804863e-05
2973.79,5.345593619866657e-05
2973.8,5.197564141448807e-05
2973.81,5.0586543905126883e-05
2973.82,4.928384677132017e-05
2973.83,4.806321425463168e-05
2973.84,4.6920718037390916e-05
2973.85,4.585276717369236e-05
2973.86,4.485602241633751e-05
2973.87,4.392728947197315e-05
2973.88,4.306338616494815e-05
2973.89,4.2260980537313195e-05
2973.9,4.151640286173629e-05
2973.91,4.0825445993685433e-05
2973.92,4.0183186282546115e-05
2973.93,3.958387936851195e-05
2973.94,3.9021003867861446e-05
2973.95,3.848752629423062e-05
2973.96,3.797642443769578e-05
2973.97,3.7481425356321795e-05
2973.98,3.699780730684125e-05
2973.99,3.652303544778549e-05
2974.0,3.605701084264355e-05
2974.01,3.5601831168888456e-05
2974.02,3.516113887447224e-05
2974.03,3.473927649686543e-05
2974.04,3.434051173072167e-05
2974.05,3.396853178009754e-05
2974.06,3.36262811313205e-05
2974.07,3.331608418602324e-05
2974.08,3.303990322450301e-05
2974.09,3.2799567189657616e-05
2974.1,3.2596879233322024e-05
2974.11,3.24336032348095e-05
2974.12,3.231140352801342e-05
2974.13,3.223180812265328e-05
2974.14,3.2196228031598576e-05
2974.15,3.22060266391631e-05
2974.16,3.226261619050546e-05
2974.17,3.236756018777964e-05
2974.18,3.2521508909987105e-05
2974.19,3.272893326243531e-05
2974.2,3.2991226402369417e-05
2974.21,3.331143581881529e-05
2974.22,3.3693176161541386e-05
2974.23,3.414071509703078e-05
2974.24,3.465907111688815e-05
2974.25,3.525412923392926e-05
2974.26,3.5932779834736975e-05
2974.27,3.670308716893849e-05
2974.28,3.757455667009946e-05
2974.29,3.8558142535214614e-05
2974.3,3.966692767889431e-05
2974.31,4.091626667292924e-05
2974.32,4.2324330525460114e-05
2974.33,4.391268719764609e-05
2974.34,4.570717371172429e-05
2974.35,4.773871088059658e-05
2974.36,5.004465552964181e-05
2974.37,5.267037973523114e-05
2974.38,5.5671356141203465e-05
2974.39,5.9115900986734506e-05
2974.4,6.30887162238736e-05
2974.41,6.769575805329927e-05
2974.42,7.307058548082425e-05
2974.43,7.938300939251618e-05
2974.44,8.685079626811462e-05
2974.45,9.575557909290643e-05
2974.46,0.00010646446256269117
2974.47,0.00011945910863229887
2974.48,0.0001353740241544034
2974.49,0.00015504446878768853
2974.5,0.00017955964835348912
2974.51,0.0002103033605184425
2974.52,0.00024893051852150765
2974.53,0.00029715323262079327
2974.54,0.00035607444366851236
2974.55,0.0004246662066937671
2974.56,0.000497201142118609
2974.57,0.0005610208022360334
2974.58,0.0005984003141964714
2974.59,0.000595971498780625
2974.6,0.0005549467230147365
2974.61,0.0004901029407297712
2974.62,0.0004188539162651783
2974.63,0.0003528094131733043
2974.64,0.0002968410346250139
2974.65,0.00025153682085685705
2974.66,0.0002156444125223563
2974.67,0.00018744392298390407
2974.68,0.000165323917804656
2974.69,0.00014795653129552535
2974.7,0.00013430611118762668
2974.71,0.00012358498098889958
2974.72,0.00011520074321063187
2974.73,0.00010871010265869504
2974.74,0.00010378247643892343
2974.75,0.00010017259683417319
2974.76,9.770019993119603e-05
2974.77,9.623474340723494e-05
2974.78,9.568312258199157e-05
2974.79,9.597838139914598e-05
2974.8,9.706795543080008e-05
2974.81,9.890255966885088e-05
2974.82,0.00010143294073850162
2974.83,0.00010462500769048605
2974.84,0.00010849328221468507
2974.85,0.00011312536537297363
2974.86,0.00011867278197614722
2974.87,0.00012532193004177882
2974.88,0.00013327743558344903
2974.89,0.00014276729873390266
2974.9,0.00015406128752562203
2974.91,0.00016749399091946088
2974.92,0.000183490708719316
2974.93,0.0002025984666620135
2974.94,0.00022552601764711455
2974.95,0.0002531975241025135
2974.96,0.00028682540454815826
2974.97,0.0003280080962760929
2974.98,0.00037885661549772625
2974.99,0.00044214616235733133
2975.0,0.000521466736865943
2975.01,0.0006212881715244409
2975.02,0.000746715128549755
2975.03,0.0009024175220851041
2975.04,0.0010897696547557394
2975.05,0.0013010447532609609
2975.06,0.0015112976647801725
2975.07,0.001675116653135488
2975.08,0.0017409226938061484
2975.09,0.0016840793797558494
2975.1,0.0015268960025863814
2975.11,0.0013205111827225414
2975.12,0.0011114464081286232
2975.13,0.0009260106478504626
2975.14,0.0007729173035701987
2975.15,0.0006514134564868767
2975.16,0.0005572644377497589
2975.17,0.0004857053067398797
2975.18,0.0004324248926477145
2975.19,0.0003934778151534432
2975.2,0.0003646668877086774
2975.21,0.00034100255524099584
2975.22,0.0003173881810405095
2975.23,0.00029080990839925073
2975.24,0.00026181225104800844
2975.25,0.00023314406913522797
2975.26,0.00020726118253380616
2975.27,0.0001851312085863985
2975.28,0.000166401665067621
2975.29,0.0001500760984221586
2975.3,0.00013535364355002098
2975.31,0.0001220541008030016
2975.32,0.00011031245012255575
2975.33,0.00010016443983525376
2975.34,9.147074992459553e-05
2975.35,8.40144204564867e-05
2975.36,7.757611617513987e-05
2975.37,7.19648743027925e-05
2975.38,6.702747400904613e-05
2975.39,6.264969721129131e-05
2975.4,5.8746892384198054e-05
2975.41,5.525131769572726e-05
2975.42,5.2105909610044096e-05
2975.43,4.9262593432019545e-05
2975.44,4.668126290660984e-05
2975.45,4.4328523978064333e-05
2975.46,4.2176456254289575e-05
2975.47,4.0201552767093305e-05
2975.48,3.838386878493991e-05
2975.49,3.6706351410861514e-05
2975.5,3.515431943511672e-05
2975.51,3.3715067495145864e-05
2975.52,3.237754671575672e-05
2975.53,3.1132090312055014e-05
2975.54,2.9970194271364335e-05
2975.55,2.8884347780598956e-05
2975.56,2.786789460413381e-05
2975.57,2.691491615687605e-05
2975.58,2.6020133112208408e-05
2975.59,2.517882128556821e-05
2975.6,2.438674204322034e-05
2975.61,2.364008163104616e-05
2975.62,2.2935399845229866e-05
2975.63,2.2269586292021154e-05
2975.64,2.163982218549917e-05
2975.65,2.1043547571354085e-05
2975.66,2.047843281095359e-05
2975.67,1.9937698713472208e-05
2975.68,1.9428731871018393e-05
2975.69,1.894508464613122e-05
2975.7,1.8485129444908483e-05
2975.71,1.8047371961058913e-05
2975.72,1.76304381508896e-05
2975.73,1.7233062702237885e-05
2975.74,1.685407876613424e-05
2975.75,1.6492335034223045e-05
2975.76,1.614698334780745e-05
2975.77,1.5817027261944344e-05
2975.78,1.55016120495107e-05
2975.79,1.519994467239369e-05
2975.8,1.4911288569023147e-05
2975.81,1.4634958977519338e-05
2975.82,1.4373250109803246e-05
2975.83,1.4119716751001786e-05
2975.84,1.3876726622305274e-05
2975.85,1.3643764302899188e-05
2975.86,1.3420349096565508e-05
2975.87,1.3206032567115348e-05
2975.88,1.3000396218899843e-05
2975.89,1.2803049119790467e-05
2975.9,1.2613625073638084e-05
2975.91,1.2431778650795859e-05
2975.92,1.2257179111879692e-05
2975.93,1.2089501649967086e-05
2975.94,1.192841790540493e-05
2975.95,1.1773594832332801e-05
2975.96,1.1624704237610224e-05
2975.97,1.1481464553960171e-05
2975.98,1.1343660590119074e-05
2975.99,1.1211135625748327e-05
2976.0,1.1083756247972141e-05
2976.01,1.0961383697599925e-05
2976.02,1.0843865615263473e-05
2976.03,1.0731041056478573e-05
2976.04,1.0622748159810747e-05
2976.05,1.053325104308756e-05
2976.06,1.0433652420642132e-05
2976.07,1.0338137331734031e-05
2976.08,1.0246572453100334e-05
2976.09,1.015883248280671e-05
2976.1,1.0074799616931535e-05
2976.11,9.994363152494597e-06
2976.12,9.917418829979952e-06
2976.13,9.843868512021081e-06
2976.14,9.773619763008227e-06
2976.15,9.706585499973559e-06
2976.16,9.6426836785091e-06
2976.17,9.581837018002677e-06
2976.18,9.523972736576594e-06
2976.19,9.469022324138349e-06
2976.2,9.416921324822379e-06
2976.21,9.367609135187395e-06
2976.22,9.321028814521542e-06
2976.23,9.277137185173307e-06
2976.24,9.235863737053669e-06
2976.25,9.19717163358711e-06
2976.26,9.16101713215218e-06
2976.27,9.127359475441202e-06
2976.28,9.096160954811491e-06
2976.29,9.067386792952881e-06
2976.3,9.041005009468462e-06
2976.31,9.016986271578965e-06
2976.32,8.995303767494571e-06
2976.33,8.975933117925933e-06
2976.34,8.958852318864913e-06
2976.35,8.94404170194692e-06
2976.36,8.93148390252382e-06
2976.37,8.921163682295245e-06
2976.38,8.913068502023877e-06
2976.39,8.907187546366528e-06
2976.4,8.903512543800687e-06
2976.41,8.902037242766441e-06
2976.42,8.902757733042383e-06
2976.43,8.905672291668587e-06
2976.44,8.910781500706924e-06
2976.45,8.91808828160449e-06
2976.46,8.92759795379872e-06
2976.47,8.939318260770277e-06
2976.48,8.953259262504032e-06
2976.49,8.969432860558842e-06
2976.5,8.98785152568557e-06
2976.51,9.008525775864103e-06
2976.52,9.031463125586372e-06
2976.53,9.056660187912668e-06
2976.54,9.084122790885883e-06
2976.55,9.11361669183721e-06
2976.56,9.145658489008248e-06
2976.57,9.180106727569023e-06
2976.58,9.216973077080963e-06
2976.59,9.256297273115242e-06
2976.6,9.298116460365682e-06
2976.61,9.346412617415888e-06
2976.62,9.393353517289503e-06
2976.63,9.442909983449047e-06
2976.64,9.49512847668758e-06
2976.65,9.550059093596268e-06
2976.66,9.607743188503104e-06
2976.67,9.668263596573945e-06
2976.68,9.731669540724485e-06
2976.69,9.798027100041048e-06
2976.7,9.867406874339886e-06
2976.71,9.939884123148103e-06
2976.72,1.0015539752545955e-05
2976.73,1.0094460494715614e-05
2976.74,1.0176737090681472e-05
2976.75,1.0262469029172115e-05
2976.76,1.0351762375178876e-05
2976.77,1.0444731053065886e-05
2976.78,1.0541496561394702e-05
2976.79,1.0642193889477333e-05
2976.8,1.07469652155054e-05
2976.81,1.0855966091965092e-05
2976.82,1.096936490767814e-05
2976.83,1.1087347703805652e-05
2976.84,1.121011506286614e-05
2976.85,1.1337887102569091e-05
2976.86,1.147090427226672e-05
2976.87,1.1609428472077353e-05
2976.88,1.1753743107006746e-05
2976.89,1.1904151119143373e-05
2976.9,1.2060969480485947e-05
2976.91,1.222451786910781e-05
2976.92,1.2524071707172807e-05
2976.93,1.2702717661194696e-05
2976.94,1.288879982219209e-05
2976.95,1.3082296371801525e-05
2976.96,1.3282926663991883e-05
2976.97,1.349007400885266e-05
2976.98,1.3702751306761821e-05
2976.99,1.391966835305299e-05
2977.0,1.4139447249953393e-05
2977.01,1.4360974080155911e-05
2977.02,1.4583779650792129e-05
2977.03,1.4808278478968194e-05
2977.04,1.5035739922691832e-05
2977.05,1.5268008014980098e-05
2977.06,1.5507115732330812e-05
2977.07,1.5754958325805784e-05
2977.08,1.601311264302699e-05
2977.09,1.6282797941874563e-05
2977.1,1.6955694429352325e-05
2977.11,1.7253343657508343e-05
2977.12,1.756470037599309e-05
2977.13,1.789025004690601e-05
2977.14,1.8230460478054965e-05
2977.15,1.8357084218847984e-05
2977.16,1.8729876182164426e-05
2977.17,1.91188835862902e-05
2977.18,1.9524735180864193e-05
2977.19,1.994824801021134e-05
2977.2,2.038992684712088e-05
2977.21,2.085072115247499e-05
2977.22,2.1331525741951387e-05
2977.23,2.1833310129894746e-05
2977.24,2.2357124873923657e-05
2977.25,2.2904109391197262e-05
2977.26,2.3475500421948425e-05
2977.27,2.407263949781342e-05
2977.28,2.4696978690872826e-05
2977.29,2.53500854884803e-05
2977.3,2.6033709132311235e-05
2977.31,2.674954672521445e-05
2977.32,2.74996159715999e-05
2977.33,2.8286027354211137e-05
2977.34,2.911080471120985e-05
2977.35,2.997692281247258e-05
2977.36,3.088331727329607e-05
2977.37,3.183987000457424e-05
2977.38,3.2846219150119706e-05
2977.39,3.390579859547835e-05
2977.4,3.50223690106671e-05
2977.41,3.62000755072563e-05
2977.42,3.744352791837802e-05
2977.43,3.8757902266488345e-05
2977.44,4.014892654150654e-05
2977.45,4.162210600609832e-05
2977.46,4.318061272204695e-05
2977.47,4.482779254593091e-05
2977.48,4.657121245355453e-05
2977.49,4.8424440893227806e-05
2977.5,5.039792343226658e-05
2977.51,5.250129116348875e-05
2977.52,5.4745095107048605e-05
2977.53,5.714126200602877e-05
2977.54,5.970329750915947e-05
2977.55,6.244604711117026e-05
2977.56,6.538638439972275e-05
2977.57,6.854306768984719e-05
2977.58,7.193708356376768e-05
2977.59,7.559194957518274e-05
2977.6,7.953406765172603e-05
2977.61,8.379313496269516e-05
2977.62,8.840262153318208e-05
2977.63,9.34003259622848e-05
2977.64,9.882902147765628e-05
2977.65,0.00010405053075354256
2977.66,0.00011049754414981273
2977.67,0.00011750285743576253
2977.68,0.00012521715934880523
2977.69,0.00013368172348186605
2977.7,0.0001429898021720453
2977.71,0.00015324807361433748
2977.72,0.00016457862047355174
2977.73,0.00017712111635005543
2977.74,0.0001910341661876117
2977.75,0.00020650179261901786
2977.76,0.000223729660338504
2977.77,0.00024295106381303392
2977.78,0.00026442688750162683
2977.79,0.0002884448285182175
2977.8,0.0003153155828112053
2977.81,0.0003453640788194134
2977.82,0.000378912987822134
2977.83,0.00041625469441096115
2977.84,0.0004576108535723412
2977.85,0.0005030499449484043
2977.86,0.0005524181277239606
2977.87,0.0006052022259416889
2977.88,0.0006603928611934969
2977.89,0.0007163481388069864
2977.9,0.0007707094015820654
2977.91,0.0008204386181319708
2977.92,0.0008620498185964515
2977.93,0.0008920668674582519
2977.94,0.0009076475181528154
2977.95,0.0009072017561900883
2977.96,0.0008907765613943552
2977.97,0.0008600443686889972
2977.98,0.0008179002106685752
2977.99,0.0007678369174748841
2978.0,0.000713326306963787
2978.01,0.0006573731385010688
2978.02,0.0006022958548408263
2978.03,0.0005496980787122529
2978.04,0.0005005575585317822
2978.05,0.00045536385743461053
2978.06,0.00041425862608241196
2978.07,0.0003771551816694805
2978.08,0.0003438301143182504
2978.09,0.0003139883263740526
2978.1,0.0002873064202958246
2978.11,0.00026345995459759765
2978.12,0.00024213940071222788
2978.13,0.0002230585578014638
2978.14,0.00020595814657858766
2978.15,0.00019060645931279105
2978.16,0.00017679831380082285
2978.17,0.00016435311438863927
2978.18,0.0001531125206413068
2978.19,0.00014293822036925706
2978.2,0.00013370880344711018
2978.21,0.00012531875713998194
2978.22,0.00011767572574444958
2978.23,0.00011069895695813811
2978.24,0.00010431777013526413
2978.25,9.847022065422322e-05
2978.26,9.31019409722429e-05
2978.27,8.816513665806994e-05
2978.28,8.361771528580255e-05
2978.29,7.94225264228462e-05
2978.3,7.554669186361971e-05
2978.31,7.196100552754622e-05
2978.32,6.863938314441057e-05
2978.33,6.55584085311497e-05
2978.34,6.269656460990897e-05
2978.35,6.003414827242745e-05
2978.36,5.755260430501338e-05
2978.37,5.5234216777643545e-05
2978.38,5.3061912782194954e-05
2978.39,5.1136371382061713e-05
2978.4,4.920913155603229e-05
2978.41,4.738383364921674e-05
2978.42,4.565027807286049e-05
2978.43,4.400121793880402e-05
2978.44,4.2432085131056856e-05
2978.45,4.093988065191548e-05
2978.46,3.952268008118011e-05
2978.47,3.817857582917346e-05
2978.48,3.6905319116295725e-05
2978.49,3.5700190326736813e-05
2978.5,3.471271356143804e-05
2978.51,3.363536700315434e-05
2978.52,3.26161650033279e-05
2978.53,3.165164834809383e-05
2978.54,3.078937792149755e-05
2978.55,2.94169359035633e-05
2978.56,2.8599458959944846e-05
2978.57,2.782444270096875e-05
2978.58,2.708935451838369e-05
2978.59,2.639186908318747e-05
2978.6,2.572985729474795e-05
2978.61,2.5101373790188298e-05
2978.62,2.450464433868993e-05
2978.63,2.393805391240776e-05
2978.64,2.3400135887139932e-05
2978.65,2.2889562797790014e-05
2978.66,2.2405138578772077e-05
2978.67,2.19457918231608e-05
2978.68,2.1510563188323775e-05
2978.69,2.1098582627882148e-05
2978.7,2.070909797560937e-05
2978.71,2.0341516587472232e-05
2978.72,1.9995347500323073e-05
2978.73,1.9670182989101725e-05
2978.74,1.9365760137647246e-05
2978.75,1.9081911162039393e-05
2978.76,1.881844360360172e-05
2978.77,1.8575805986608483e-05
2978.78,1.835409105698646e-05
2978.79,1.815371733980954e-05
2978.8,1.7975278955975835e-05
2978.81,1.781959402877712e-05
2978.82,1.768777872158166e-05
2978.83,1.7581336697514958e-05
2978.84,1.7502226489338087e-05
2978.85,1.745290824501521e-05
2978.86,1.7436410607401555e-05
2978.87,1.7456451607561314e-05
2978.88,1.751753489562585e-05
2978.89,1.762551251918961e-05
2978.9,1.7787387555241836e-05
2978.91,1.801202241145462e-05
2978.92,1.831054374782807e-05
2978.93,1.8696969796816242e-05
2978.94,1.9189021582445746e-05
2978.95,1.98091313186425e-05
2978.96,2.058568765991591e-05
2978.97,2.1554448503850436e-05
2978.98,2.275992403770865e-05
2978.99,2.425616779208566e-05
2979.0,2.6105677968581698e-05
2979.01,2.83736793246111e-05
2979.02,3.1112705917739576e-05
2979.03,3.432962012777556e-05
2979.04,3.7927452313587956e-05
2979.05,4.162753933551659e-05
2979.06,4.4916762791821686e-05
2979.07,4.711567533004388e-05
2979.08,4.763400701355159e-05
2979.09,4.6299590215138324e-05
2979.1,4.3468448731342826e-05
2979.11,3.980342436793181e-05
2979.12,3.594235516881781e-05
2979.13,3.231123401941408e-05
2979.14,2.9112763499284234e-05
2979.15,2.6397182007520043e-05
2979.16,2.4135339905301474e-05
2979.17,2.2267112710988033e-05
2979.18,2.0791542622730685e-05
2979.19,1.9519847768791234e-05
2979.2,1.8465567390674297e-05
2979.21,1.758738414349304e-05
2979.22,1.685220154616653e-05
2979.23,1.6233694308642774e-05
2979.24,1.5710951084916617e-05
2979.25,1.5267331908970324e-05
2979.26,1.4889557642132463e-05
2979.27,1.4567007304809818e-05
2979.28,1.4291180850717236e-05
2979.29,1.405528022710802e-05
2979.3,1.3853868955824431e-05
2979.31,1.3682586466294008e-05
2979.32,1.353790933438052e-05
2979.33,1.3416959376704883e-05
2979.34,1.3317357397555647e-05
2979.35,1.3237210992346272e-05
2979.36,1.317466124674642e-05
2979.37,1.3128392688569523e-05
2979.38,1.3097216050893466e-05
2979.39,1.3080130138340854e-05
2979.4,1.3076295900905288e-05
2979.41,1.3085014915969768e-05
2979.42,1.310571146653854e-05
2979.43,1.3137917170393432e-05
2979.44,1.3181258289965203e-05
2979.45,1.3235444954844064e-05
2979.46,1.3300262222855967e-05
2979.47,1.3375562744039564e-05
2979.48,1.3461260841451842e-05
2979.49,1.3557327821791213e-05
2979.5,1.3663788322179254e-05
2979.51,1.3780717444899888e-05
2979.52,1.3908238237519618e-05
2979.53,1.4046518774438772e-05
2979.54,1.419576806401804e-05
2979.55,1.4356233032856305e-05
2979.56,1.4528204667254409e-05
2979.57,1.471203583342645e-05
2979.58,1.4908151100970805e-05
2979.59,1.5117037742794261e-05
2979.6,1.533923866137782e-05
2979.61,1.5575359168672078e-05
2979.62,1.5826080941936548e-05
2979.63,1.609217773545513e-05
2979.64,1.637453298201103e-05
2979.65,1.6674159887021794e-05
2979.66,1.699222215305154e-05
2979.67,1.733004651700571e-05
2979.68,1.7689101599271757e-05
2979.69,1.807088249393979e-05
2979.7,1.847658670990095e-05
2979.71,1.890645495210466e-05
2979.72,1.9358961879141038e-05
2979.73,1.9830765541546948e-05
2979.74,2.0318916891145522e-05
2979.75,2.0824335352939895e-05
2979.76,2.1352587248736782e-05
2979.77,2.1910925847394287e-05
2979.78,2.250534334808218e-05
2979.79,2.314000089317024e-05
2979.8,2.381795728084251e-05
2979.81,2.4541978190430313e-05
2979.82,2.5315011171197404e-05
2979.83,2.61404072459707e-05
2979.84,2.70220199987551e-05
2979.85,2.796426160120998e-05
2979.86,2.8972152608104393e-05
2979.87,3.005138070724177e-05
2979.88,3.120837467543575e-05
2979.89,3.244958917307597e-05
2979.9,3.378485144652482e-05
2979.91,3.522264544242519e-05
2979.92,3.677351690704833e-05
2979.93,3.844946350768787e-05
2979.94,4.026417630835439e-05
2979.95,4.223333124006598e-05
2979.96,4.4374942026375206e-05
2979.97,4.670978916074505e-05
2979.98,4.926194356078822e-05
2979.99,5.2059407599241235e-05
2980.0,5.51349105971307e-05
2980.01,5.852688139441189e-05
2980.02,6.228067023633687e-05
2980.03,6.64500678405138e-05
2980.04,7.10992104633459e-05
2980.05,7.630497391483126e-05
2980.06,8.215998611857046e-05
2980.07,8.877641503887495e-05
2980.08,9.629071170918887e-05
2980.09,0.00010486949165071003
2980.1,0.0001147166932440969
2980.11,0.00012608198615233953
2980.12,0.00013926999313938686
2980.13,0.00015464896699821543
2980.14,0.00017265566136463858
2980.15,0.00019378944404891343
2980.16,0.00021858208432882595
2980.17,0.00024751919154633026
2980.18,0.00028087672933899545
2980.19,0.000318432466408157
2980.2,0.00035904977074455613
2980.21,0.0004002642802425008
2980.22,0.00043824413678649935
2980.23,0.0004686372723100998
2980.24,0.0004883470929720906
2980.25,0.0004973399369064681
2980.26,0.0004989843728816305
2980.27,0.0004986182578919008
2980.28,0.0005016653533591709
2980.29,0.0005124676153223139
2980.3,0.0005340775518009018
2980.31,0.0005685097877858097
2980.32,0.0006169284595468647
2980.33,0.0006794521313836477
2980.34,0.0007544195972640562
2980.35,0.0008371479251685691
2980.36,0.0009186613326446756
2980.37,0.0009856413412454303
2980.38,0.0010232490513015374
2980.39,0.0010208011433639652
2980.4,0.0009772259915662663
2980.41,0.0009015653639181397
2980.42,0.0008080235924416024
2980.43,0.0007100308364519043
2980.44,0.0006168618701467563
2980.45,0.0005333288098124527
2980.46,0.00046099636112565453
2980.47,0.00039956915835874377
2980.48,0.0003479018125790766
2980.49,0.0003045896129422359
2980.5,0.00026826239113150605
2980.51,0.0002377056357043362
2980.52,0.00021189308423854672
2980.53,0.00018997909439810918
2980.54,0.0001712757926507278
2980.55,0.00015522687306889117
2980.56,0.00014138311426305255
2980.57,0.00012938137616419246
2980.58,0.00011892734138212673
2980.59,0.00010978165739988152
2980.6,0.00010174893852395978
2980.61,9.466905656810011e-05
2980.62,8.8410157100374e-05
2980.63,8.286280769826865e-05
2980.64,7.793460498881377e-05
2980.65,7.354464462322474e-05
2980.66,6.961837483685765e-05
2980.67,6.608560992193899e-05
2980.68,6.288593871548408e-05
2980.69,5.997782449368264e-05
2980.7,5.733937966833838e-05
2980.71,5.4958217620937565e-05
2980.72,5.282170566008626e-05
2980.73,5.091456446721941e-05
2980.74,4.922054122531992e-05
2980.75,4.772442104079241e-05
2980.76,4.6413014525448245e-05
2980.77,4.5275284860152145e-05
2980.78,4.4301894055849606e-05
2980.79,4.348430683100436e-05
2980.8,4.2813918449739675e-05
2980.81,4.228239763378524e-05
2980.82,4.188448247588866e-05
2980.83,4.1621244462832e-05
2980.84,4.1499906584054976e-05
2980.85,4.153055962348714e-05
2980.86,4.172377962190136e-05
2980.87,4.209070108609362e-05
2980.88,4.264419159047452e-05
2980.89,4.340009442160807e-05
2980.9,4.4378277714980604e-05
2980.91,4.560363667070406e-05
2980.92,4.7107231376677585e-05
2980.93,4.892770097511732e-05
2980.94,5.1113099546399786e-05
2980.95,5.372330186897718e-05
2980.96,5.6833181694600686e-05
2980.97,6.053683240108736e-05
2980.98,6.495320006051087e-05
2980.99,7.023363389826918e-05
2981.0,7.657203323120327e-05
2981.01,8.421847551368934e-05
2981.02,9.349740070608118e-05
2981.03,0.00010483146189103009
2981.04,0.00011877163632654603
2981.05,0.00013603215584201837
2981.06,0.00015752308776671893
2981.07,0.00018435801933077298
2981.08,0.00021778402143341377
2981.09,0.0002589145714291023
2981.1,0.00030806460263276957
2981.11,0.0003634840808138746
2981.12,0.000419717766982864
2981.13,0.0004670795255589767
2981.14,0.0004944682203438629
2981.15,0.0004953073659660001
2981.16,0.0004710153361416049
2981.17,0.00042876344940779014
2981.18,0.0003772679418512685
2981.19,0.00032429396463248887
2981.2,0.0002753014442901456
2981.21,0.0002330053098477626
2981.22,0.00019795733886606082
2981.23,0.0001695061355297621
2981.24,0.00014657238689255188
2981.25,0.0001280682162621153
2981.26,0.00011306169101060111
2981.27,0.0001008098278301779
2981.28,9.073802210163566e-05
2981.29,8.240430946870729e-05
2981.3,7.54644211713654e-05
2981.31,6.964278969615587e-05
2981.32,6.471050478842189e-05
2981.33,6.04703070332292e-05
2981.34,5.674917555225408e-05
2981.35,5.339837708878567e-05
2981.36,5.0298900813848264e-05
2981.37,4.736775742152978e-05
2981.38,4.45599296052525e-05
2981.39,4.186314926414572e-05
2981.4,3.928686922799739e-05
2981.41,3.6849716138212376e-05
2981.42,3.4569548735812784e-05
2981.43,3.245794470782687e-05
2981.44,3.051865053964697e-05
2981.45,2.874848816903642e-05
2981.46,2.7139278606259867e-05
2981.47,2.5679846001612283e-05
2981.48,2.4357655904959676e-05
2981.49,2.3159973810949708e-05
2981.5,2.2074595808544017e-05
2981.51,2.1090257535660572e-05
2981.52,2.0196825237600424e-05
2981.53,1.9385350201151364e-05
2981.54,1.8648042424023795e-05
2981.55,1.7978196836311668e-05
2981.56,1.7370085974258303e-05
2981.57,1.6818815195053463e-05
2981.58,1.632011976815644e-05
2981.59,1.587008198212067e-05
2981.6,1.5464760576613815e-05
2981.61,1.5099746661750417e-05
2981.62,1.4770625498999958e-05
2981.63,1.4472976001224586e-05
2981.64,1.4204099720460693e-05
2981.65,1.396375730393767e-05
2981.66,1.3754008323882215e-05
2981.67,1.3577278774882794e-05
2981.68,1.3434949837920977e-05
2981.69,1.332613244275988e-05
2981.7,1.3246900699521628e-05
2981.71,1.3189637663752439e-05
2981.72,1.3142634883717456e-05
2981.73,1.3090452289051582e-05
2981.74,1.3015737534484059e-05
2981.75,1.2902695106791172e-05
2981.76,1.2741338388255856e-05
2981.77,1.253100107936155e-05
2981.78,1.227876459334664e-05
2981.79,1.1999167521676882e-05
2981.8,1.1708212536592677e-05
2981.81,1.1420171324445484e-05
2981.82,1.1145675186270755e-05
2981.83,1.0891420844709651e-05
2981.84,1.0660822482551797e-05
2981.85,1.0454968153497652e-05
2981.86,1.0273500660867695e-05
2981.87,1.0115289389396626e-05
2981.88,9.97886951876558e-06
2981.89,9.86271893944822e-06
2981.9,9.765408792764066e-06
2981.91,9.685678929302392e-06
2981.92,9.622468323456428e-06
2981.93,9.574920741423646e-06
2981.94,9.542378112729967e-06
2981.95,9.524368898181944e-06
2981.96,9.520595546109762e-06
2981.97,9.530923231393758e-06
2981.98,9.555370996557977e-06
2981.99,9.594105827318325e-06
2982.0,9.647439864595752e-06
2982.01,9.715829722678018e-06
2982.02,9.799884192693482e-06
2982.03,9.900364589242797e-06
2982.04,1.0018199088116735e-05
2982.05,1.0154495547672607e-05
2982.06,1.0310559567973027e-05
2982.07,1.0487917230483946e-05
2982.08,1.0688343185725812e-05
2982.09,1.0913894977960638e-05
2982.1,1.1166954761445922e-05
2982.11,1.1435893366937037e-05
2982.12,1.175277207899866e-05
2982.13,1.2106813831976431e-05
2982.14,1.2502324829679336e-05
2982.15,1.2944323275929394e-05
2982.16,1.3438673626301545e-05
2982.17,1.3992253753225713e-05
2982.18,1.461315877762461e-05
2982.19,1.531095476779947e-05
2982.2,1.609699415568384e-05
2982.21,1.6984751350162854e-05
2982.22,1.7990554222254304e-05
2982.23,1.913385668032896e-05
2982.24,2.043827065777344e-05
2982.25,2.193251753409184e-05
2982.26,2.3651710836203658e-05
2982.27,2.56389817446679e-05
2982.28,2.794753458796774e-05
2982.29,3.064322892416272e-05
2982.3,3.380777079448039e-05
2982.31,3.754253413342672e-05
2982.32,4.197286850501114e-05
2982.33,4.7252367355281375e-05
2982.34,5.3565753660160626e-05
2982.35,6.112740165008792e-05
2982.36,7.016945669114065e-05
2982.37,8.090838660834554e-05
2982.38,9.347180708463396e-05
2982.39,0.00010776258826239451
2982.4,0.00012324858899357644
2982.41,0.00013872262855420514
2982.42,0.00015219948764001701
2982.43,0.00016123158224726528
2982.44,0.00016376330939898341
2982.45,0.00015915619857379129
2982.46,0.00014854655794782685
2982.47,0.0001342188368993806
2982.48,0.00011855155547568164
2982.49,0.00010330989443157508
2982.5,8.948143647453351e-05
2982.51,7.744558801297569e-05
2982.52,6.721563704364929e-05
2982.53,5.86280917977889e-05
2982.54,5.145803009331181e-05
2982.55,4.547837361099851e-05
2982.56,4.0485487286700664e-05
2982.57,3.6306816679496376e-05
2982.58,3.279936582057183e-05
2982.59,2.984285962784621e-05
2982.6,2.732986018866423e-05
2982.61,2.5158342869086955e-05
2982.62,2.323902508572122e-05
2982.63,2.1515587710129034e-05
2982.64,1.9968728878243815e-05
2982.65,1.8593982447485296e-05
2982.66,1.7382122970092524e-05
2982.67,1.6316567635236088e-05
2982.68,1.5378176535308396e-05
2982.69,1.4548831602658914e-05
2982.7,1.3812844238242002e-05
2982.71,1.3157086904558468e-05
2982.72,1.2570680854163449e-05
2982.73,1.2044601981524355e-05
2982.74,1.1571325704981193e-05
2982.75,1.1144537051901569e-05
2982.76,1.0758901733576544e-05
2982.77,1.0409886873614994e-05
2982.78,1.0093619983662719e-05
2982.79,9.806777400572258e-06
2982.8,9.54649522101085e-06
2982.81,9.310297619227463e-06
2982.82,9.09603873525753e-06
2982.83,8.901855288517595e-06
2982.84,8.726127762060699e-06
2982.85,8.567448481017807e-06
2982.86,8.42459525014857e-06
2982.87,8.296509482019718e-06
2982.88,8.182278019051366e-06
2982.89,8.081118081223797e-06
2982.9,7.99236494549017e-06
2982.91,7.915462053319428e-06
2982.92,7.849953288727261e-06
2982.93,7.795477211241026e-06
2982.94,7.751763081099911e-06
2982.95,7.718628573508784e-06
2982.96,7.695979135646056e-06
2982.97,7.683808990732911e-06
2982.98,7.68220383549114e-06
2982.99,7.69134538891806e-06
2983.0,7.711517399437143e-06
2983.01,7.743114383115674e-06
2983.02,7.786651469008076e-06
2983.03,7.84277632619637e-06
2983.04,7.912282042237758e-06
2983.05,7.996119591417032e-06
2983.06,8.095407072706545e-06
2983.07,8.211430690507738e-06
2983.08,8.345629362757085e-06
2983.09,8.499551630817001e-06
2983.1,8.674773162505802e-06
2983.11,8.872772771671676e-06
2983.12,9.094796108158712e-06
2983.13,9.341795839513787e-06
2983.14,9.614597026825318e-06
2983.15,9.914406933747472e-06
2983.16,1.0243572638416035e-05
2983.17,1.0605947780957633e-05
2983.18,1.100754751167993e-05
2983.19,1.1454126230620887e-05
2983.2,1.1586951775472836e-05
2983.21,1.213075481537318e-05
2983.22,1.2710710520023646e-05
2983.23,1.33088850713767e-05
2983.24,1.3909489587048996e-05
2983.25,1.4503906579517701e-05
2983.26,1.5082570419557907e-05
2983.27,1.562560188642817e-05
2983.28,1.6102775136523008e-05
2983.29,1.6479580248327535e-05
2983.3,1.672626958981118e-05
2983.31,1.6822599296055712e-05
2983.32,1.676354914246503e-05
2983.33,1.656017042824107e-05
2983.34,1.6236489905209053e-05
2983.35,1.6581272553582116e-05
2983.36,1.6118925602647473e-05
2983.37,1.5634069811453452e-05
2983.38,1.5152650879854503e-05
2983.39,1.4693982274995517e-05
2983.4,1.4271045239001514e-05
2983.41,1.3891521412023522e-05
2983.42,1.3559061575980438e-05
2983.43,1.3274486446061817e-05
2983.44,1.3036779933444837e-05
2983.45,1.2843842010688448e-05
2983.46,1.2693023143707798e-05
2983.47,1.258148361152284e-05
2983.48,1.2506421796976741e-05
2983.49,1.2465210434504572e-05
2983.5,1.245547056331432e-05
2983.51,1.2475105107128743e-05
2983.52,1.2522307386942697e-05
2983.53,1.2595554900334807e-05
2983.54,1.269359511622009e-05
2983.55,1.2815427527243473e-05
2983.56,1.296028449339989e-05
2983.57,1.2999932264921036e-05
2983.58,1.3190135776273445e-05
2983.59,1.3402269004776945e-05
2983.6,1.3636324493098888e-05
2983.61,1.389245901630284e-05
2983.62,1.4170994991069496e-05
2983.63,1.447242450534877e-05
2983.64,1.4797409371968923e-05
2983.65,1.5146775265376051e-05
2983.66,1.5521505248327428e-05
2983.67,1.5922738356778585e-05
2983.68,1.635177426783688e-05
2983.69,1.642364665660251e-05
2983.7,1.6915210832516985e-05
2983.71,1.7439534164518892e-05
2983.72,1.7998685112956763e-05
2983.73,1.8594966810164033e-05
2983.74,1.92309389954734e-05
2983.75,1.9909443177699568e-05
2983.76,2.0633631518213575e-05
2983.77,2.1406999966839612e-05
2983.78,2.2233426270412962e-05
2983.79,2.311721338109529e-05
2983.8,2.391285445246169e-05
2983.81,2.487707243828088e-05
2983.82,2.5965293325126225e-05
2983.83,2.7133434826629794e-05
2983.84,2.838883550245843e-05
2983.85,2.9739690582727638e-05
2983.86,3.1195164813174266e-05
2983.87,3.276552198434693e-05
2983.88,3.44622735171491e-05
2983.89,3.629834879966996e-05
2983.9,3.828829021484183e-05
2983.91,4.04484759506824e-05
2983.92,4.2797373677335274e-05
2983.93,4.535582789945294e-05
2983.94,4.81473825266813e-05
2983.95,5.119863957761365e-05
2983.96,5.453964964718094e-05
2983.97,5.82043260280553e-05
2983.98,6.223086400002835e-05
2983.99,6.666213336660885e-05
2984.0,7.15459937642327e-05
2984.01,7.693546240692911e-05
2984.02,8.28886533031369e-05
2984.03,8.946842445620694e-05
2984.04,9.674172679675345e-05
2984.05,0.00010477869792157538
2984.06,0.0001136514184259067
2984.07,0.00012343175779747098
2984.08,0.00013418693312439425
2984.09,0.00014597122547406686
2984.1,0.00015881251912836208
2984.11,0.00017269372545347398
2984.12,0.00018752955026291848
2984.13,0.00020313982558261821
2984.14,0.00021922202806193384
2984.15,0.0002353283959336772
2984.16,0.0002508566325163122
2984.17,0.0002650658688750342
2984.18,0.000277128641994383
2984.19,0.0002862224850175214
2984.2,0.00029165034538733116
2984.21,0.00029296310282499925
2984.22,0.0002900475291249966
2984.23,0.0002831494884586582
2984.24,0.00027282389931583637
2984.25,0.00025982948530874983
2984.26,0.00024500303258464634
2984.27,0.00022914753915760026
2984.28,0.00021295534349367518
2984.29,0.00019697087825248054
2984.3,0.00018158594885678056
2984.31,0.0001670557674108367
2984.32,0.00015352466990487947
2984.33,0.00014105360375220175
2984.34,0.00012964488599911985
2984.35,0.00011926235123514557
2984.36,0.00010984662950912253
2984.37,0.00010132611054359398
2984.38,9.362444906055934e-05
2984.39,8.666546084520306e-05
2984.4,8.037612158649324e-05
2984.41,7.468823969083688e-05
2984.42,6.953925709598842e-05
2984.43,6.487250034599315e-05
2984.44,6.063709167738895e-05
2984.45,5.678766064750996e-05
2984.46,5.328395328039436e-05
2984.47,5.0090402986245675e-05
2984.48,4.7175704118368904e-05
2984.49,4.451241260991456e-05
2984.5,4.207658596530226e-05
2984.51,4.0106820271234636e-05
2984.52,3.806779529888724e-05
2984.53,3.620230485577901e-05
2984.54,3.4497173945949114e-05
2984.55,3.2940584501828285e-05
2984.56,3.152062989238302e-05
2984.57,3.0222837291997247e-05
2984.58,2.9026881818846543e-05
2984.59,2.790458665146579e-05
2984.6,2.6823521849615648e-05
2984.61,2.5758329538288055e-05
2984.62,2.4702546713772163e-05
2984.63,2.3668602783980836e-05
2984.64,2.2675901887216916e-05
2984.65,2.173926498869869e-05
2984.66,2.0865074483040325e-05
2984.67,2.0053052763178896e-05
2984.68,1.9299349139548943e-05
2984.69,1.8598810490883267e-05
2984.7,1.794619594122134e-05
2984.71,1.7336688872007826e-05
2984.72,1.6766046785214644e-05
2984.73,1.6230591036122705e-05
2984.74,1.572714231978862e-05
2984.75,1.5252943916392313e-05
2984.76,1.4805591013063376e-05
2984.77,1.4382970923787733e-05
2984.78,1.398321436706167e-05
2984.79,1.3604656324588284e-05
2984.8,1.3245804683940972e-05
2984.81,1.2905315031094984e-05
2984.82,1.258197025239883e-05
2984.83,1.2274589221817857e-05
2984.84,1.1982061490280332e-05
2984.85,1.1703891805530246e-05
2984.86,1.1438979035296416e-05
2984.87,1.1186543326823124e-05
2984.88,1.0945865082746219e-05
2984.89,1.0716279444022198e-05
2984.9,1.0497170828429542e-05
2984.91,1.0287968310304774e-05
2984.92,1.008814157776908e-05
2984.93,9.897197370686759e-06
2984.94,9.714676320890322e-06
2984.95,9.540150134027567e-06
2984.96,9.373219064813781e-06
2984.97,9.213509646962143e-06
2984.98,9.060672630291046e-06
2984.99,8.914381187468266e-06
2985.0,8.774329111656426e-06
2985.01,8.640229293680973e-06
2985.02,8.511812496255557e-06
2985.03,8.38882560991358e-06
2985.04,8.271030594107396e-06
2985.05,8.158203111178278e-06
2985.06,8.050131219789003e-06
2985.07,7.946614074450094e-06
2985.08,7.847373608576139e-06
2985.09,7.752402428295436e-06
2985.1,7.6614394080434e-06
2985.11,7.5743198379917175e-06
2985.12,7.49088909260857e-06
2985.13,7.411004343177314e-06
2985.14,7.334535960445215e-06
2985.15,7.2613678208039065e-06
2985.16,7.19139630365122e-06
2985.17,7.124528524974412e-06
2985.18,7.060680761678528e-06
2985.19,6.99977751101353e-06
2985.2,6.94175203330861e-06
2985.21,6.886547278699326e-06
2985.22,6.834117259429586e-06
2985.23,6.784427556413307e-06
2985.24,6.7374529105515285e-06
2985.25,6.6931677021753905e-06
2985.26,6.651521900281865e-06
2985.27,6.612393261083631e-06
2985.28,6.575516175354711e-06
2985.29,6.540426663582174e-06
2985.3,6.506522019519801e-06
2985.31,6.473305367679596e-06
2985.32,6.440677171231829e-06
2985.33,6.4089704184379576e-06
2985.34,6.378689945372726e-06
2985.35,6.350234534925027e-06
2985.36,6.323803424674053e-06
2985.37,6.299435013764634e-06
2985.38,6.277078822307363e-06
2985.39,6.256647993096518e-06
2985.4,6.238049356158286e-06
2985.41,6.2210890918339174e-06
2985.42,6.2059230621162554e-06
2985.43,6.192385988006513e-06
2985.44,6.180431891969068e-06
2985.45,6.17001910482829e-06
2985.46,6.161109709835185e-06
2985.47,6.153669585147641e-06
2985.48,6.14766827193387e-06
2985.49,6.143078645607419e-06
2985.5,6.1398764909741086e-06
2985.51,6.138040224091757e-06
2985.52,6.137550517333414e-06
2985.53,6.138389505624283e-06
2985.54,6.140541458285601e-06
2985.55,6.143992775696146e-06
2985.56,6.14873057212255e-06
2985.57,6.1547435810025014e-06
2985.58,6.162021817446408e-06
2985.59,6.1705565088444495e-06
2985.6,6.201002974152078e-06
2985.61,6.212169978587099e-06
2985.62,6.224575316919171e-06
2985.63,6.238214597919933e-06
2985.64,6.253084433748011e-06
2985.65,6.2691824138058245e-06
2985.66,6.286507080667955e-06
2985.67,6.305057906580447e-06
2985.68,6.324835268638343e-06
2985.69,6.345840420342151e-06
2985.7,6.368075456774104e-06
2985.71,6.391543270740763e-06
2985.72,6.416247498526439e-06
2985.73,6.378852825062381e-06
2985.74,6.406426431194083e-06
2985.75,6.435247770601823e-06
2985.76,6.465323003378543e-06
2985.77,6.496658955667524e-06
2985.78,6.529263250878554e-06
2985.79,6.56314447818345e-06
2985.8,6.598312375320182e-06
2985.81,6.634778002358121e-06
2985.82,6.672553870195577e-06
2985.83,6.711653979072424e-06
2985.84,6.752095763046898e-06
2985.85,6.793891871066175e-06
2985.86,6.837062017876708e-06
2985.87,6.881624803214612e-06
2985.88,6.9297229581051655e-06
2985.89,6.977137549714637e-06
2985.9,7.026005232146284e-06
2985.91,7.076347750740858e-06
2985.92,7.12818777411816e-06
2985.93,7.181548982653749e-06
2985.94,7.236456157892957e-06
2985.95,7.2929352717276934e-06
2985.96,7.351013573680277e-06
2985.97,7.410719663586078e-06
2985.98,7.47208350105553e-06
2985.99,7.535136209195344e-06
2986.0,7.5999093547448195e-06
2986.01,7.666433768017747e-06
2986.02,7.750182868554252e-06
2986.03,7.82043981969211e-06
2986.04,7.892543436520624e-06
2986.05,7.966538147721258e-06
2986.06,8.041640891844189e-06
2986.07,8.164335355810885e-06
2986.08,8.24493468688626e-06
2986.09,8.327381747237007e-06
2986.1,8.411958892060513e-06
2986.11,8.498715454923781e-06
2986.12,8.58770294596376e-06
2986.13,8.675060003949447e-06
2986.14,8.768689350683374e-06
2986.15,8.864717884993716e-06
2986.16,8.96320659555972e-06
2986.17,9.064219081105742e-06
2986.18,9.167821695064164e-06
2986.19,9.274083724035674e-06
2986.2,9.383077607827576e-06
2986.21,9.494879206580437e-06
2986.22,9.609569387840974e-06
2986.23,9.727229137981035e-06
2986.24,9.847947181457013e-06
2986.25,9.971813641847878e-06
2986.26,1.0098917373474904e-05
2986.27,1.0229338366860492e-05
2986.28,1.036314145832083e-05
2986.29,1.0500389176075085e-05
2986.3,1.0641175993920314e-05
2986.31,1.0785641208136352e-05
2986.32,1.0933815275567495e-05
2986.33,1.1086094557447764e-05
2986.34,1.1242486228219576e-05
2986.35,1.1403120004943504e-05
2986.36,1.1568128848379555e-05
2986.37,1.1737651790112156e-05
2986.38,1.1911834969307249e-05
2986.39,1.2090831969436768e-05
2986.4,1.2274804000148677e-05
2986.41,1.2463920095621267e-05
2986.42,1.2658357372557833e-05
2986.43,1.2858301333321749e-05
2986.44,1.3064240094629818e-05
2986.45,1.3275792651789167e-05
2986.46,1.3493462945024898e-05
2986.47,1.371747435056287e-05
2986.48,1.3948060994903011e-05
2986.49,1.4185468355481628e-05
2986.5,1.442996191503539e-05
2986.51,1.4681795850882407e-05
2986.52,1.4941261734179722e-05
2986.53,1.5208657386103682e-05
2986.54,1.548511826622634e-05
2986.55,1.5769337926314983e-05
2986.56,1.6062473189357844e-05
2986.57,1.6364891967370537e-05
2986.58,1.6676976003450176e-05
2986.59,1.6999127309023025e-05
2986.6,1.7393209865678456e-05
2986.61,1.7737203563689274e-05
2986.62,1.8092615142128803e-05
2986.63,1.8459943242505818e-05
2986.64,1.8839714955239465e-05
2986.65,1.9232486425854028e-05
2986.66,1.963592275608349e-05
2986.67,2.0056502124075523e-05
2986.68,2.049194859069184e-05
2986.69,2.0942958482858183e-05
2986.7,2.1410269620765953e-05
2986.71,2.1894664613079713e-05
2986.72,2.239697453584821e-05
2986.73,2.291808293661515e-05
2986.74,2.3458929879620557e-05
2986.75,2.4020516178166457e-05
2986.76,2.4603907653591953e-05
2986.77,2.5210239671452458e-05
2986.78,2.6065465966622152e-05
2986.79,2.672225770087117e-05
2986.8,2.7405873302692042e-05
2986.81,2.8117784620985068e-05
2986.82,2.885956575312895e-05
2986.83,2.963290187125841e-05
2986.84,3.0439598900005294e-05
2986.85,3.128159409031603e-05
2986.86,3.2160967573266866e-05
2986.87,3.307995504044634e-05
2986.88,3.4040961754110914e-05
2986.89,3.504657810874486e-05
2986.9,3.609959698702741e-05
2986.91,3.720303305131402e-05
2986.92,3.836014444184892e-05
2986.93,3.957445683686945e-05
2986.94,4.084979040426545e-05
2986.95,4.219028991185825e-05
2986.96,4.3600458140503015e-05
2986.97,4.508509735808727e-05
2986.98,4.664971793582361e-05
2986.99,4.829999496154895e-05
2987.0,5.0042198452735134e-05
2987.01,5.188323987818427e-05
2987.02,5.3830771710809985e-05
2987.03,5.589317600033933e-05
2987.04,5.8079616991973616e-05
2987.05,6.0400162977801716e-05
2987.06,6.286591462334576e-05
2987.07,6.548913641123452e-05
2987.08,6.828340673034875e-05
2987.09,7.126378191488811e-05
2987.1,7.444699357280926e-05
2987.11,7.785167227697295e-05
2987.12,8.149860709509426e-05
2987.13,8.541104702444258e-05
2987.14,8.961505162699047e-05
2987.15,9.414024720268126e-05
2987.16,9.901891882797233e-05
2987.17,0.00010428864996202408
2987.18,0.00010999159965836479
2987.19,0.00011617562826260514
2987.2,0.0001228952207000315
2987.21,0.0001302125825558536
2987.22,0.00013819894494738723
2987.23,0.00014693612226794972
2987.24,0.00015651837625930257
2987.25,0.00016705465043861286
2987.26,0.00017867125055011658
2987.27,0.00019151506239003158
2987.28,0.00020575744119846024
2987.29,0.0002215989779154662
2987.3,0.00023927531078655226
2987.31,0.00025906504726548406
2987.32,0.0002812937229659805
2987.33,0.0003063497760283941
2987.34,0.00033469195007536677
2987.35,0.0003668636408508688
2987.36,0.0004035077284062534
2987.37,0.00044538218039431713
2987.38,0.0004933747065711742
2987.39,0.0005485130039422363
2987.4,0.0006119641510632037
2987.41,0.00068501180409474
2987.42,0.0007689922120090544
2987.43,0.0008651591770628201
2987.44,0.0009744349037745371
2987.45,0.001096993473861353
2987.46,0.001231630709503886
2987.47,0.0013749321212283487
2987.48,0.0015203857379875482
2987.49,0.0016578518885309928
2987.5,0.0017740435846738485
2987.51,0.0018546364493494131
2987.52,0.0018879125535516464
2987.53,0.001868596627294818
2987.54,0.0017998043854844156
2987.55,0.0016918760393969453
2987.56,0.0015588414088569453
2987.57,0.0014145430624265898
2987.58,0.00127006269803694
2987.59,0.0011328523743322427
2987.6,0.001007068757839566
2987.61,0.0008944154970767959
2987.62,0.0007950140063810195
2987.63,0.0007080922713302288
2987.64,0.0006324546334217616
2987.65,0.0005667700227528402
2987.66,0.0005097325663534778
2987.67,0.00046014101516726193
2987.68,0.00041693024835390367
2987.69,0.00037917640625752377
2987.7,0.00034608871714995545
2987.71,0.00031699552097722857
2987.72,0.00029132861825883815
2987.73,0.00026860819415958515
2987.74,0.0002484293958309591
2987.75,0.00023045050323923435
2987.76,0.00021438241621402258
2987.77,0.00019997977849158316
2987.78,0.000187033783250112
2987.79,0.00017536627148165556
2987.8,0.00016482481945070246
2987.81,0.00015527864669798137
2987.82,0.00014661521726419568
2987.83,0.0001387374195139198
2987.84,0.00013156127370701095
2987.85,0.00012501379023975419
2987.86,0.00011903165947795363
2987.87,0.00011355963227053926
2987.88,0.00010854954758465276
2987.89,0.00010395935968678373
2987.9,9.975219220368132e-05
2987.91,9.589574965448373e-05
2987.92,9.236236033568064e-05
2987.93,8.91274189566651e-05
2987.94,8.616978530341834e-05
2987.95,8.347129994802394e-05
2987.96,8.101656153660114e-05
2987.97,7.879278053153718e-05
2987.98,7.678966658265948e-05
2987.99,7.499946073667467e-05
2988.0,7.341698397182592e-05
2988.01,7.203982512270491e-05
2988.02,7.086865236902611e-05
2988.03,6.990769899530259e-05
2988.04,6.916548529073093e-05
2988.05,6.865586954065237e-05
2988.06,6.839956415952127e-05
2988.07,6.842631643878492e-05
2988.08,6.87780224530363e-05
2988.09,6.951319487687436e-05
2988.1,7.071303572415052e-05
2988.11,7.248941532068804e-05
2988.12,7.499348690228771e-05
2988.13,7.84197530066349e-05
2988.14,8.298910805713239e-05
2988.15,8.886879781761295e-05
2988.16,9.596375536011098e-05
2988.17,0.00010356019610544005
2988.18,0.00011017244409387692
2988.19,0.0001143311361681021
2988.2,0.00011606751519668082
2988.21,0.00011715179610787011
2988.22,0.00011970116559821897
2988.23,0.0001250736302254409
2988.24,0.00013379960509903702
2988.25,0.00014580913369327184
2988.26,0.00016000790828769228
2988.27,0.0001732315631434129
2988.28,0.00018053339860935245
2988.29,0.0001783989640576946
2988.3,0.00016805611404224725
2988.31,0.00015417888717693938
2988.32,0.0001409970123475449
2988.33,0.00013054736309533752
2988.34,0.0001232384308352916
2988.35,0.00011875727181372095
2988.36,0.00011661335627559486
2988.37,0.0001163689872357604
2988.38,0.00011773786295517806
2988.39,0.00012058643051337777
2988.4,0.0001248723530214324
2988.41,0.00013060514215081925
2988.42,0.00013784326582540058
2988.43,0.00014670043494367018
2988.44,0.00015735002811590346
2988.45,0.0001700284074034909
2988.46,0.00018503729417303758
2988.47,0.00020274237950686013
2988.48,0.00022356113611260905
2988.49,0.0002479270982792618
2988.5,0.0002762128009153919
2988.51,0.00030859966218472904
2988.52,0.0003449232233141969
2988.53,0.0003846058576104681
2988.54,0.0004268161272442652
2988.55,0.0004707950583114773
2988.56,0.0005159227411227336
2988.57,0.0005611953869963867
2988.58,0.0006044304091372454
2988.59,0.0006419043260119878
2988.6,0.000668847416288589
2988.61,0.0006807495414087504
2988.62,0.0006749568666162549
2988.63,0.0006517341782355902
2988.64,0.0006141740207098831
2988.65,0.0005670572049399535
2988.66,0.0005153870626189123
2988.67,0.0004633097492379488
2988.68,0.00041367767670285943
2988.69,0.00036811193536759334
2988.7,0.00032729676386221304
2988.71,0.0002913057670156556
2988.72,0.0002598661366597757
2988.73,0.00023254035361784949
2988.74,0.00020883775709171104
2988.75,0.00018827648326735788
2988.76,0.0001704138688167929
2988.77,0.00015485834031837156
2988.78,0.00014127120617362637
2988.79,0.00012936342392639533
2988.8,0.00011888626007926004
2988.81,0.00010964127172745815
2988.82,0.00010145068691740994
2988.83,9.416819047684194e-05
2988.84,8.767045073286308e-05
2988.85,8.185331042575208e-05
2988.86,7.662859417427652e-05
2988.87,7.192145513201228e-05
2988.88,6.766818080688936e-05
2988.89,6.381438481589883e-05
2988.9,6.031351932242911e-05
2988.91,5.712565458081881e-05
2988.92,5.4216481263899274e-05
2988.93,5.155650105499491e-05
2988.94,4.912038002177184e-05
2988.95,4.6886448658651075e-05
2988.96,4.483789469988695e-05
2988.97,4.2956353828146897e-05
2988.98,4.12311682528807e-05
2988.99,3.965339405366578e-05
2989.0,3.8217848858512415e-05
2989.01,3.6923997555996214e-05
2989.02,3.5777133494342926e-05
2989.03,3.478892510429803e-05
2989.04,3.397348959713224e-05
2989.05,3.332787036964394e-05
2989.06,3.278169510211727e-05
2989.07,3.215106924546393e-05
2989.08,3.1243166525677436e-05
2989.09,3.0080009290948812e-05
2989.1,2.8862875580049764e-05
2989.11,2.7745443321957563e-05
2989.12,2.677035384285071e-05
2989.13,2.592480499924364e-05
2989.14,2.518446098811013e-05
2989.15,2.452825655443409e-05
2989.16,2.3940761310939933e-05
2989.17,2.3411158037820725e-05
2989.18,2.293189469284392e-05
2989.19,2.24976518608502e-05
2989.2,2.2104650699957177e-05
2989.21,2.175020016604816e-05
2989.22,2.1432413044116915e-05
2989.23,2.1150023223925762e-05
2989.24,2.0902271260520845e-05
2989.25,2.0688835751315903e-05
2989.26,2.0509790571894505e-05
2989.27,2.0365594619023235e-05
2989.28,2.025708914133263e-05
2989.29,2.0185515096136355e-05
2989.3,2.0152543577640246e-05
2989.31,2.016032035757213e-05
2989.32,2.0211526275994287e-05
2989.33,2.0309455112895393e-05
2989.34,2.045811275023802e-05
2989.35,2.0662342029535797e-05
2989.36,2.092797948247166e-05
2989.37,2.1262052058513757e-05
2989.38,2.167302454601569e-05
2989.39,2.217111176580212e-05
2989.4,2.2768674097591043e-05
2989.41,2.3480720850602983e-05
2989.42,2.432555389538245e-05
2989.43,2.5325594420602915e-05
2989.44,2.65084493423741e-05
2989.45,2.7908291380942694e-05
2989.46,2.9567648335414648e-05
2989.47,3.153972151151946e-05
2989.48,3.3891376165298134e-05
2989.49,3.670695600361663e-05
2989.5,4.009303916782527e-05
2989.51,4.418410899758411e-05
2989.52,4.91487096330353e-05
2989.53,5.5194697208390156e-05
2989.54,6.257008429544959e-05
2989.55,7.155165611629494e-05
2989.56,8.240555112402804e-05
2989.57,9.529182130859868e-05
2989.58,0.00011007646203388695
2989.59,0.00012603952786120537
2989.6,0.00014156488955068965
2989.61,0.0001540863422965012
2989.62,0.00016071362353185252
2989.63,0.0001595813642971537
2989.64,0.00015098450858901875
2989.65,0.00013718909674116176
2989.66,0.00012111548366041545
2989.67,0.00010564433488574672
2989.68,9.109795546405485e-05
2989.69,7.852699087230955e-05
2989.7,6.796212459073828e-05
2989.71,5.9201192580885285e-05
2989.72,5.1968619213338795e-05
2989.73,4.5993646479782825e-05
2989.74,4.1039745162987593e-05
2989.75,3.691034800356151e-05
2989.76,3.344624133834356e-05
2989.77,3.0520331757772864e-05
2989.78,2.803182118360782e-05
2989.79,2.5900841295657013e-05
2989.8,2.4063958001457514e-05
2989.81,2.2470575351718664e-05
2989.82,2.1080123071898133e-05
2989.83,1.9859879223258544e-05
2989.84,1.878329055726616e-05
2989.85,1.7828676300500112e-05
2989.86,1.697822581751245e-05
2989.87,1.62172216959838e-05
2989.88,1.5533429048859495e-05
2989.89,1.4916621797462058e-05
2989.9,1.4358206366914937e-05
2989.91,1.3850923806048851e-05
2989.92,1.338861229215272e-05
2989.93,1.2966016673263413e-05
2989.94,1.2578634816318784e-05
2989.95,1.2221785427313153e-05
2989.96,1.1895182564979224e-05
2989.97,1.1592241058409579e-05
2989.98,1.1312255885419192e-05
2989.99,1.105224111036771e-05
2990.0,1.0810649595369711e-05
2990.01,1.0585779822732255e-05
2990.02,1.037613077123521e-05
2990.03,1.0180374375343759e-05
2990.04,9.880931705038741e-06
2990.05,9.709953565209775e-06
2990.06,9.549704230839128e-06
2990.07,9.39934751508739e-06
2990.08,9.258133846579052e-06
2990.09,9.125389700580363e-06
2990.1,9.000508513049555e-06
2990.11,8.882942898226554e-06
2990.12,8.77219801831381e-06
2990.13,8.667825922507334e-06
2990.14,8.569420605228581e-06
2990.15,8.476613563229283e-06
2990.16,8.38906971542968e-06
2990.17,8.306483746133228e-06
2990.18,8.228576916373016e-06
2990.19,8.155094339388197e-06
2990.2,8.085802644890244e-06
2990.21,8.020487945121392e-06
2990.22,7.958954036815412e-06
2990.23,7.90102079708872e-06
2990.24,7.846522746964526e-06
2990.25,7.795307763631804e-06
2990.26,7.747235926070412e-06
2990.27,7.702178480237927e-06
2990.28,7.660016911356016e-06
2990.29,7.6206421120000955e-06
2990.3,7.583662470321923e-06
2990.31,7.549570848546928e-06
2990.32,7.517987984899907e-06
2990.33,7.48883566739465e-06
2990.34,7.4620420523191234e-06
2990.35,7.43754123184409e-06
2990.36,7.415272848094407e-06
2990.37,7.3951817502051844e-06
2990.38,7.36216042073613e-06
2990.39,7.346414077478883e-06
2990.4,7.332706130557366e-06
2990.41,7.3207656475535715e-06
2990.42,7.31102988183697e-06
2990.43,7.303233756989816e-06
2990.44,7.297352242590303e-06
2990.45,7.293364168575684e-06
2990.46,7.291252249088812e-06
2990.47,7.2910031507208826e-06
2990.48,7.29260758401866e-06
2990.49,7.296060358300476e-06
2990.5,7.3013602740587085e-06
2990.51,7.308509684265586e-06
2990.52,7.2737411428206384e-06
2990.53,7.284996393601185e-06
2990.54,7.298122829691092e-06
2990.55,7.313292395607192e-06
2990.56,7.330260148836813e-06
2990.57,7.349236625079604e-06
2990.58,7.370304362311608e-06
2990.59,7.393560817804179e-06
2990.6,7.419116901938372e-06
2990.61,7.447088645925879e-06
2990.62,7.477570340277566e-06
2990.63,7.5105726096842245e-06
2990.64,7.545912072071182e-06
2990.65,7.583071460135465e-06
2990.66,7.621158700390916e-06
2990.67,7.659144046787343e-06
2990.68,7.696420390147483e-06
2990.69,7.733239339393211e-06
2990.7,7.770553271392256e-06
2990.71,7.809440673180095e-06
2990.72,7.850681266904783e-06
2990.73,7.894675818941e-06
2990.74,7.941559634516252e-06
2990.75,7.991334716159707e-06
2990.76,8.04395646655665e-06
2990.77,8.099376963081589e-06
2990.78,8.15756193051037e-06
2990.79,8.218494907571955e-06
2990.8,8.282176780700763e-06
2990.81,8.348624299073272e-06
2990.82,8.417871028543034e-06
2990.83,8.48996650663724e-06
2990.84,8.564973708408636e-06
2990.85,8.641934929349602e-06
2990.86,8.723001474531444e-06
2990.87,8.807216741709887e-06
2990.88,8.894672065413247e-06
2990.89,8.985465249352695e-06
2990.9,9.079701306844199e-06
2990.91,9.1774935824538e-06
2990.92,9.27896530047695e-06
2990.93,9.384249495624639e-06
2990.94,9.493490819034206e-06
2990.95,9.60684420600671e-06
2990.96,9.724474971211005e-06
2990.97,9.84655882410044e-06
2990.98,9.973281798463844e-06
2990.99,1.0104838430755127e-05
2991.0,1.0241426926480905e-05
2991.01,1.0383243243104363e-05
2991.02,1.0530482650189034e-05
2991.03,1.0683359330668657e-05
2991.04,1.0842137544657168e-05
2991.05,1.1007143056585575e-05
2991.06,1.1178745331233711e-05
2991.07,1.135731122353189e-05
2991.08,1.1543299074844623e-05
2991.09,1.1737114005594258e-05
2991.1,1.193921774193937e-05
2991.11,1.2150112810193018e-05
2991.12,1.2370352148442334e-05
2991.13,1.2600546820962776e-05
2991.14,1.2841372952697126e-05
2991.15,1.3093576156228504e-05
2991.16,1.3357970058270201e-05
2991.17,1.3635423339172405e-05
2991.18,1.392682488212172e-05
2991.19,1.4233014350076787e-05
2991.2,1.4554788593349497e-05
2991.21,1.4892297150347476e-05
2991.22,1.5245678197038238e-05
2991.23,1.5614736183753637e-05
2991.24,1.5999525656684217e-05
2991.25,1.640099185040712e-05
2991.26,1.6821329771132253e-05
2991.27,1.8331158253373206e-05
2991.28,1.8806066721179948e-05
2991.29,1.931029443240273e-05
2991.3,1.9847045653949904e-05
2991.31,2.041919748142059e-05
2991.32,2.1029403186062798e-05
2991.33,2.1679879158578508e-05
2991.34,2.2372575279258412e-05
2991.35,2.310871115302962e-05
2991.36,2.388842519519077e-05
2991.37,2.4710249591943856e-05
2991.38,2.557050768202522e-05
2991.39,2.6462741061408166e-05
2991.4,2.7377357400077726e-05
2991.41,2.8301768999363684e-05
2991.42,2.922130628106718e-05
2991.43,3.0121060345721575e-05
2991.44,3.098849443618842e-05
2991.45,3.181624810079875e-05
2991.46,3.260426672347292e-05
2991.47,3.336047768479859e-05
2991.48,3.4099797287102326e-05
2991.49,3.484177682577107e-05
2991.5,3.558743595573607e-05
2991.51,3.6398720445967145e-05
2991.52,3.727396398493264e-05
2991.53,3.822939055518752e-05
2991.54,3.9278622027006e-05
2991.55,4.043317493317329e-05
2991.56,4.17031314639658e-05
2991.57,4.309782509661129e-05
2991.58,4.462668602544839e-05
2991.59,4.629887090257434e-05
2991.6,4.812505240590108e-05
2991.61,5.011690334547087e-05
2991.62,5.228763284931579e-05
2991.63,5.465232729627896e-05
2991.64,5.72282432274219e-05
2991.65,6.0035143368600585e-05
2991.66,6.30956624593497e-05
2991.67,6.643572179561295e-05
2991.68,7.008500562351702e-05
2991.69,7.407751254192726e-05
2991.7,7.845219599430258e-05
2991.71,8.250324858062373e-05
2991.72,8.778636855377085e-05
2991.73,9.360626761071717e-05
2991.74,0.00010003039819853539
2991.75,0.00010713617997133297
2991.76,0.00011501241747420442
2991.77,0.0001237608277435685
2991.78,0.00013349761528943886
2991.79,0.0001443549754429069
2991.8,0.00015648231719174926
2991.81,0.0001700468570208714
2991.82,0.00018523302399324883
2991.83,0.00020223980599050491
2991.84,0.00022127472958286283
2991.85,0.0002425425853886593
2991.86,0.0002662263110550408
2991.87,0.0002924567557688516
2991.88,0.00032126769884918477
2991.89,0.0003525331645108692
2991.9,0.0003858869151321604
2991.91,0.00042063056732583216
2991.92,0.0004556483112304664
2991.93,0.0004893618250445079
2991.94,0.00051977259960641
2991.95,0.0005446373224936015
2991.96,0.0005617894286252296
2991.97,0.0005695535723329451
2991.98,0.0005671277771255652
2991.99,0.0005547843108066694
2992.0,0.0005338012454268019
2992.01,0.0005061551071406825
2992.02,0.0004741031810543648
2992.03,0.0004398024631523641
2992.04,0.0004050579160760807
2992.05,0.00037121753165215944
2992.06,0.00033918033111662464
2992.07,0.00030946757134468235
2992.08,0.0002823152785101885
2992.09,0.0002577626047461342
2992.1,0.00023572389826788227
2992.11,0.00021604208969452064
2992.12,0.00019852454996122389
2992.13,0.00018296286094339432
2992.14,0.00016913925170240909
2992.15,0.00015682743188628288
2992.16,0.00014580756439668615
2992.17,0.0001359031459174439
2992.18,0.00012700106344735497
2992.19,0.00011902610828043405
2992.2,0.00011190099490269244
2992.21,0.00010554618110249476
2992.22,9.988132226524832e-05
2992.23,9.483277882005863e-05
2992.24,9.033604574765691e-05
2992.25,8.633576401695122e-05
2992.26,8.278485589355227e-05
2992.27,7.96435726344276e-05
2992.28,7.723609209854417e-05
2992.29,7.482181674998835e-05
2992.3,7.273298371697185e-05
2992.31,7.095075358022813e-05
2992.32,6.945991334067121e-05
2992.33,6.824833124674383e-05
2992.34,6.73064694966344e-05
2992.35,6.662706421198788e-05
2992.36,6.620518038589679e-05
2992.37,6.60388885913365e-05
2992.38,6.613066277882784e-05
2992.39,6.648922777279202e-05
2992.4,6.713122568194675e-05
2992.41,6.808212388510992e-05
2992.42,6.937634101135199e-05
2992.43,7.105717100522247e-05
2992.44,7.317725049419339e-05
2992.45,7.580005239581382e-05
2992.46,7.900255836254588e-05
2992.47,8.287911920460337e-05
2992.48,8.754656584909595e-05
2992.49,9.315078484787187e-05
2992.5,9.987514027232639e-05
2992.51,0.00010795126587010508
2992.52,0.00011767283022913602
2992.53,0.000129412806500514
2992.54,0.00014364434081583075
2992.55,0.0001609640186078968
2992.56,0.0001821131307417474
2992.57,0.00020798536091066452
2992.58,0.00023959441601398098
2992.59,0.00027794717566526533
2992.6,0.00032372424625721347
2992.61,0.0003766285706398485
2992.62,0.0004343104507092415
2992.63,0.0004911197740989605
2992.64,0.0005377416495281539
2992.65,0.0005633692455626769
2992.66,0.0005606552837009735
2992.67,0.0005304371784603123
2992.68,0.00048089853283850184
2992.69,0.0004228858866688046
2992.7,0.000365178676922822
2992.71,0.00031281893856357124
2992.72,0.00026773169919755993
2992.73,0.00022973253899736675
2992.74,0.00019856859536954721
2992.75,0.0001729554694785377
2992.76,0.00015189148424601828
2992.77,0.00013450466206294518
2992.78,0.00012007576455765016
2992.79,0.00010802708777226994
2992.8,9.79003243641047e-05
2992.81,8.933350130924578e-05
2992.82,8.20406776505019e-05
2992.83,7.579531050129186e-05
2992.84,7.041709778516102e-05
2992.85,6.576175294019704e-05
2992.86,6.171312246521497e-05
2992.87,5.817712518547361e-05
2992.88,5.5077088211409715e-05
2992.89,5.235014975838872e-05
2992.9,4.994446811867618e-05
2992.91,4.781705189606337e-05
2992.92,4.593205972791398e-05
2992.93,4.425946211680629e-05
2992.94,4.277398204096051e-05
2992.95,4.1454251556169395e-05
2992.96,4.02821366541769e-05
2992.97,3.924219392966593e-05
2992.98,3.832123108350163e-05
2992.99,3.750794969132173e-05
2993.0,3.6792653511882145e-05
2993.01,3.6167060098113566e-05
2993.02,3.562390134648102e-05
2993.03,3.515706384765509e-05
2993.04,3.4761252821723526e-05
2993.05,3.443193988882709e-05
2993.06,3.416523263010783e-05
2993.07,3.3957853410461596e-05
2993.08,3.380703773698187e-05
2993.09,3.3710490500578557e-05
2993.1,3.366634176374095e-05
2993.11,3.3673110979318706e-05
2993.12,3.372967788284553e-05
2993.13,3.383525947278523e-05
2993.14,3.398939235445174e-05
2993.15,3.419191979722681e-05
2993.16,3.444298380531729e-05
2993.17,3.4743020075268626e-05
2993.18,3.509275792140149e-05
2993.19,3.5493223039715454e-05
2993.2,3.594574354176486e-05
2993.21,3.645196013970153e-05
2993.22,3.7013839261332786e-05
2993.23,3.7633700927312004e-05
2993.24,3.831424903413699e-05
2993.25,3.905860377748967e-05
2993.26,3.9870331127182276e-05
2993.27,4.075347867309435e-05
2993.28,4.171262415078633e-05
2993.29,4.2752935425734525e-05
2993.3,4.388024027688084e-05
2993.31,4.510110816733802e-05
2993.32,4.642294237916323e-05
2993.33,4.785408987762064e-05
2993.34,4.9403968749306794e-05
2993.35,5.1083217446996985e-05
2993.36,5.290387069928153e-05
2993.37,5.4879565783891276e-05
2993.38,5.7025785852973804e-05
2993.39,5.936014726404338e-05
2993.4,6.190274018024128e-05
2993.41,6.467653366177062e-05
2993.42,6.770785892478433e-05
2993.43,7.102698733220935e-05
2993.44,7.466882412193516e-05
2993.45,7.867374173449584e-05
2993.46,8.308858560432718e-05
2993.47,8.796788917383727e-05
2993.48,9.337534525256495e-05
2993.49,9.938557191359642e-05
2993.5,0.00010608634960421344
2993.51,0.00011358113573788008
2993.52,0.00012199231136308529
2993.53,0.0001314649828951188
2993.54,0.00014217154122644424
2993.55,0.00015431702630340857
2993.56,0.00016814529331077345
2993.57,0.00018394582450979966
2993.58,0.00020206073085872695
2993.59,0.00022289092882627176
2993.6,0.0002468994786971155
2993.61,0.0002746083518117044
2993.62,0.0003065820761347644
2993.63,0.0003433874055363378
2993.64,0.000385512310000771
2993.65,0.0004332213838611016
2993.66,0.0004863226016024231
2993.67,0.0005438330656313078
2993.68,0.0006035777529287754
2993.69,0.0006618535554039611
2993.7,0.0007134241462137994
2993.71,0.0007521713290080993
2993.72,0.0007725252054483793
2993.73,0.0007712403068144738
2993.74,0.0007486305681036247
2993.75,0.0007084375080502572
2993.76,0.0006564500315827317
2993.77,0.0005987225591944881
2993.78,0.0005402642778058798
2993.79,0.0004845148656017121
2993.8,0.00043342748777050314
2993.81,0.00038783038201889696
2993.82,0.0003478228591031952
2993.83,0.00031309338811819147
2993.84,0.0002831366869668419
2993.85,0.0002573860285780516
2993.86,0.00023528611289612322
2993.87,0.00021632848197728323
2993.88,0.00020006515069110023
2993.89,0.0001861104352371054
2993.9,0.00017413699636355452
2993.91,0.0001638694728845994
2993.92,0.0001550775179774324
2993.93,0.0001475691367976909
2993.94,0.00014118471680027553
2993.95,0.0001357918711618981
2993.96,0.00013128108026634567
2993.97,0.00012756205219506563
2993.98,0.00012456069940966613
2993.99,0.0001222166224405299
2994.0,0.00012048099481060149
2994.01,0.00011931474977085024
2994.02,0.00011868698097740237
2994.03,0.000118573489265981
2994.04,0.00011895544627381098
2994.05,0.0001198182143170582
2994.06,0.00012115046693572499
2994.07,0.00012294387882211098
2994.08,0.00012519373494522383
2994.09,0.0001279007355654298
2994.1,0.00013107394913294278
2994.11,0.0001347343315999168
2994.12,0.0001389177889056499
2994.13,0.00014367682850002802
2994.14,0.00014908053291930675
2994.15,0.00015521347168893736
2994.16,0.00016217467583986528
2994.17,0.00017007770297765333
2994.18,0.00017905234697468671
2994.19,0.0001892480864329937
2994.2,0.0002008391537628739
2994.21,0.0002140311424320966
2994.22,0.0002290692458193222
2994.23,0.0002462484418753399
2994.24,0.0002659261613042768
2994.25,0.00028853820236022127
2994.26,0.00031461889629451627
2994.27,0.00034482679743506043
2994.28,0.00037997745832309864
2994.29,0.0004210851025178707
2994.3,0.00046941507494256923
2994.31,0.0005265484861245278
2994.32,0.0005944587194439223
2994.33,0.0006755948784578834
2994.34,0.0007729567509752136
2994.35,0.0008901232401480938
2994.36,0.0010311548725646707
2994.37,0.0012002015451624784
2994.38,0.001400531446814389
2994.39,0.0016325431031517178
2994.4,0.0018903601215393825
2994.41,0.0021572802166434143
2994.42,0.002402320085721097
2994.43,0.0025828939663356354
2994.44,0.0026579472284266473
2994.45,0.002607848626556838
2994.46,0.0024457715987785335
2994.47,0.0022099627292135673
2994.48,0.0019441159689475573
2994.49,0.0016821596295798333
2994.5,0.0014435873291133436
2994.51,0.0012361333767310241
2994.52,0.00106037226691491
2994.53,0.0009134245204975241
2994.54,0.0007912116056066726
2994.55,0.0006895996233832902
2994.56,0.0006048821782281315
2994.57,0.0005339255492255549
2994.58,0.00047416241815040577
2994.59,0.00042352634969215227
2994.6,0.00038036750712650946
2994.61,0.0003433689950451515
2994.62,0.0003114748996508233
2994.63,0.00028383358629589475
2994.64,0.0002597546181568673
2994.65,0.0002386752499155336
2994.66,0.00022013471909351884
2994.67,0.00020375397114356575
2994.68,0.00018921960420501902
2994.69,0.00017627010215411673
2994.7,0.00016468311683911395
2994.71,0.00015426820400371878
2994.72,0.00014487098216437797
2994.73,0.00013637347760688814
2994.74,0.000128678712610501
2994.75,0.00012169918492738427
2994.76,0.00011535588600732259
2994.77,0.00010957922723231156
2994.78,0.00010430867342274173
2994.79,9.949169655006825e-05
2994.8,9.508265625145523e-05
2994.81,9.104180251558694e-05
2994.82,8.733442922861644e-05
2994.83,8.393016278439331e-05
2994.84,8.08023640971867e-05
2994.85,7.792762561105545e-05
2994.86,7.528535003258222e-05
2994.87,7.285740182964571e-05
2994.88,7.062782276888079e-05
2994.89,6.85825974460508e-05
2994.9,6.67094499305514e-05
2994.91,6.499765677650376e-05
2994.92,6.34378773786202e-05
2994.93,6.202200902203407e-05
2994.94,6.07430717384568e-05
2994.95,5.95951200837637e-05
2994.96,5.8573175996002876e-05
2994.97,5.767317712543802e-05
2994.98,5.689193873244383e-05
2994.99,5.622712748803673e-05
2995.0,5.567724720174547e-05
2995.01,5.524163673690607e-05
2995.02,5.492048033124601e-05
2995.03,5.471483135580539e-05
2995.04,5.462665028438525e-05
2995.05,5.465885835407416e-05
2995.06,5.481540873682625e-05
2995.07,5.510137760503683e-05
2995.08,5.552307813949746e-05
2995.09,5.6088201343113645e-05
2995.1,5.6805988529110886e-05
2995.11,5.76874416060214e-05
2995.12,5.8745578851675144e-05
2995.13,5.999574585539141e-05
2995.14,6.145599382861135e-05
2995.15,6.314754071311389e-05
2995.16,6.509533465865583e-05
2995.17,6.732874482854567e-05
2995.18,6.988241123549018e-05
2995.19,7.280676449269198e-05
2995.2,7.61315005849324e-05
2995.21,7.9923871967385e-05
2995.22,8.425299265382572e-05
2995.23,8.920181631471175e-05
2995.24,9.48703694202643e-05
2995.25,0.00010137985447571697
2995.26,0.00010887787661783555
2995.27,0.00011754511945854736
2995.28,0.00012760388304250002
2995.29,0.00013932899230480205
2995.3,0.00015306166922601766
2995.31,0.0001692269867482133
2995.32,0.0001883553742353005
2995.33,0.00021110807593899028
2995.34,0.0002383049595600071
2995.35,0.00027094959396921304
2995.36,0.00031023908793244146
2995.37,0.00035753137336819787
2995.38,0.00041421553618544907
2995.39,0.0004813880418826703
2995.4,0.0005591901097024086
2995.41,0.0006456687173922105
2995.42,0.0007352465884514627
2995.43,0.0008175461481300416
2995.44,0.0008782594556257066
2995.45,0.0009035390736379503
2995.46,0.0008867011249180183
2995.47,0.0008321078556595188
2995.48,0.0007526081354785043
2995.49,0.0006629269089330618
2995.5,0.0005745161116343659
2995.51,0.0004939623155627285
2995.52,0.00042388262870659833
2995.53,0.00036447645465717657
2995.54,0.00031477547649509137
2995.55,0.0002734077689684967
2995.56,0.000238982814005985
2995.57,0.00021025489422972808
2995.58,0.00018617130796783787
2995.59,0.00016586878009844765
2995.6,0.00014865036068152017
2995.61,0.00013395749780712295
2995.62,0.00012134329344988549
2995.63,0.00011044940980159897
2995.64,0.00010098739029893617
2995.65,9.250635838267152e-05
2995.66,8.525354584491256e-05
2995.67,7.885515075597199e-05
2995.68,7.318417604737352e-05
2995.69,6.813578590445112e-05
2995.7,6.362295151787169e-05
2995.71,5.957303109821628e-05
2995.72,5.5925075120227114e-05
2995.73,5.2627688694861965e-05
2995.74,4.963732713275369e-05
2995.75,4.691692780587937e-05
2995.76,4.44348068631901e-05
2995.77,4.2163765049811265e-05
2995.78,4.0080359511552495e-05
2995.79,3.816430805150956e-05
2995.8,3.6397999530158176e-05
2995.81,3.476608968760869e-05
2995.82,3.325516596429611e-05
2995.83,3.1853468215464557e-05
2995.84,3.0550654658185156e-05
2995.85,2.9337604919220452e-05
2995.86,2.8206251600671525e-05
2995.87,2.714943588142967e-05
2995.88,2.6160780098046317e-05
2995.89,2.5234572839839995e-05
2995.9,2.43656618685272e-05
2995.91,2.3549351820897825e-05
2995.92,2.278130671889428e-05
2995.93,2.2057462692543546e-05
2995.94,2.1373965188645716e-05
2995.95,2.0727150294994084e-05
2995.96,2.0113588836271553e-05
2995.97,1.9530190628261495e-05
2995.98,1.8974331265062627e-05
2995.99,1.8443935832493363e-05
2996.0,1.7937465125383614e-05
2996.01,1.7453799218933198e-05
2996.02,1.6992071076799478e-05
2996.03,1.655151204499162e-05
2996.04,1.613135339487727e-05
2996.05,1.573078773253641e-05
2996.06,1.5348972751828485e-05
2996.07,1.498505530718803e-05
2996.08,1.463819982806323e-05
2996.09,1.4307612990901217e-05
2996.1,1.3992562268806041e-05
2996.11,1.3692388961722284e-05
2996.12,1.340651741521592e-05
2996.13,1.3134462283150924e-05
2996.14,1.2875835492411842e-05
2996.15,1.2630354335900739e-05
2996.16,1.2397851988640732e-05
2996.17,1.2179043306782844e-05
2996.18,1.197254399197699e-05
2996.19,1.1779388742339195e-05
2996.2,1.1600078622197209e-05
2996.21,1.1435375452791332e-05
2996.22,1.1286367529427948e-05
2996.23,1.1154558561572707e-05
2996.24,1.1041987577297948e-05
2996.25,1.0951390448186868e-05
2996.26,1.088641572849153e-05
2996.27,1.0851908308989825e-05
2996.28,1.0854269326737209e-05
2996.29,1.0901879684299726e-05
2996.3,1.1005513259767655e-05
2996.31,1.1178511442878498e-05
2996.32,1.1436139106161557e-05
2996.33,1.1792837085178725e-05
2996.34,1.2254978724911928e-05
2996.35,1.2806037404663487e-05
2996.36,1.3384169641787191e-05
2996.37,1.3866501471545156e-05
2996.38,1.4091245794651056e-05
2996.39,1.3940265387177949e-05
2996.4,1.3423174034298371e-05
2996.41,1.2669680935457075e-05
2996.42,1.183959545297179e-05
2996.43,1.1047184533302551e-05
2996.44,1.0346544963129562e-05
2996.45,9.749840346661514e-06
2996.46,9.248694499054662e-06
2996.47,8.828024552765964e-06
2996.48,8.473024531000383e-06
2996.49,8.169247915899873e-06
2996.5,7.90651428420704e-06
2996.51,7.676406687906295e-06
2996.52,7.472418028045802e-06
2996.53,7.289531601668334e-06
2996.54,7.123870717273447e-06
2996.55,6.97241490710817e-06
2996.56,6.832821977999611e-06
2996.57,6.703222954600224e-06
2996.58,6.582136386836482e-06
2996.59,6.468371710785687e-06
2996.6,6.360966851119372e-06
2996.61,6.259133414283861e-06
2996.62,6.162222497676814e-06
2996.63,6.0696950711713456e-06
2996.64,5.981099857698559e-06
2996.65,5.8960561929796695e-06
2996.66,5.813964308128447e-06
2996.67,5.735101458993628e-06
2996.68,5.658951694667607e-06
2996.69,5.585308464770571e-06
2996.7,5.513973208620401e-06
2996.71,5.444479279658435e-06
2996.72,5.377361769546587e-06
2996.73,5.312148743865211e-06
2996.74,5.248732821291583e-06
2996.75,5.18701436605733e-06
2996.76,5.126904999317708e-06
2996.77,5.068325058730634e-06
2996.78,5.011202408529804e-06
2996.79,4.955471584987588e-06
2996.8,4.901072889296038e-06
2996.81,4.847952301058203e-06
2996.82,4.796060179599434e-06
2996.83,4.745351415141321e-06
2996.84,4.695784990175837e-06
2996.85,4.647323669128637e-06
2996.86,4.5999334803085285e-06
2996.87,4.553582576773362e-06
2996.88,4.50823878680044e-06
2996.89,4.463865277153152e-06
2996.9,4.420415660691412e-06
2996.91,4.381117713581552e-06
2996.92,4.339384598098387e-06
2996.93,4.298444441093399e-06
2996.94,4.258298690924138e-06
2996.95,4.2189581847732755e-06
2996.96,4.18042625864148e-06
2996.97,4.1426954299168145e-06
2996.98,4.1057513628250144e-06
2996.99,4.0695773256922645e-06
2997.0,4.03415674987284e-06
2997.01,3.999426364600449e-06
2997.02,3.965468495521835e-06
2997.03,3.932222833038974e-06
2997.04,3.897652981840358e-06
2997.05,3.86580931309094e-06
2997.06,3.83465046645904e-06
2997.07,3.8041702117641596e-06
2997.08,3.7743637051959985e-06
2997.09,3.7452274851898987e-06
2997.1,3.7167595064969267e-06
2997.11,3.6889592245505253e-06
2997.12,3.6618277403863826e-06
2997.13,3.635368018676717e-06
2997.14,3.6095852000970376e-06
2997.15,3.5844870448160076e-06
2997.16,3.5600845686472377e-06
2997.17,3.312073504504531e-06
2997.18,3.2899739088864827e-06
2997.19,3.268629389721926e-06
2997.2,3.248079036126714e-06
2997.21,3.228376928743774e-06
2997.22,3.2095972596332825e-06
2997.23,3.191837217165675e-06
2997.24,3.1752029198379254e-06
2997.25,3.1597438391253527e-06
2997.26,3.145280471789304e-06
2997.27,3.131219404118761e-06
2997.28,3.116809352972381e-06
2997.29,3.1019273636309783e-06
2997.3,3.0872657743686247e-06
2997.31,3.0736134689881997e-06
2997.32,3.0613760031625413e-06
2997.33,3.062551083783407e-06
2997.34,3.053478888973092e-06
2997.35,3.045920118942849e-06
2997.36,3.039896607154905e-06
2997.37,3.0354609199475497e-06
2997.38,3.03268982220973e-06
2997.39,3.031690513980779e-06
2997.4,3.0325964954471564e-06
2997.41,3.0355685371976093e-06
2997.42,3.0407939758814488e-06
2997.43,3.0484871291216868e-06
2997.44,3.0588917187759244e-06
2997.45,3.0722849274477203e-06
2997.46,3.0889823135629733e-06
2997.47,3.1093433809745273e-06
2997.48,3.1337776615188104e-06
2997.49,3.1627516960182215e-06
2997.5,3.196796391155721e-06
2997.51,3.236513776901705e-06
2997.52,3.2825826156188514e-06
2997.53,3.3357645705618614e-06
2997.54,3.3969045186468716e-06
2997.55,3.4669289369308606e-06
2997.56,3.546833918938602e-06
2997.57,3.6376596879312643e-06
2997.58,3.740444055532009e-06
2997.59,3.855920954972778e-06
2997.6,3.9852972971779705e-06
2997.61,4.128725642551566e-06
2997.62,4.285954975910635e-06
2997.63,3.4003360723714035e-06
2997.64,3.586779149260727e-06
2997.65,3.778872493058409e-06
2997.66,3.9701933459605765e-06
2997.67,4.15212008005909e-06
2997.68,4.31416868853686e-06
2997.69,4.445113502901026e-06
2997.7,4.533777656210928e-06
2997.71,4.572026811829355e-06
2997.72,4.5557216831765185e-06
2997.73,4.485821079679226e-06
2997.74,4.368164524310988e-06
2997.75,4.2122065985902885e-06
2997.76,4.029183298335084e-06
2997.77,3.830311592807562e-06
2997.78,3.6254612508091592e-06
2997.79,3.4224537583449186e-06
2997.8,3.2269092800499565e-06
2997.81,2.7441746939828465e-06
2997.82,2.5742758542110712e-06
2997.83,2.418281689591665e-06
2997.84,2.276179004884543e-06
2997.85,2.1474272955831042e-06
2997.86,2.0311814427693337e-06
2997.87,1.926447999138886e-06
2997.88,1.8321895861006459e-06
2997.89,1.7473915660224094e-06
2997.9,1.6711027665333443e-06
2997.91,1.6024583753497617e-06
2997.92,1.540685811954779e-06
2997.93,1.4864110200897718e-06
2997.94,1.4362227111522874e-06
2997.95,1.390541332460083e-06
2997.96,1.3485174688803274e-06
2997.97,1.3098299622948644e-06
2997.98,1.2744856379705635e-06
2997.99,1.242356194021923e-06
2998.0,1.2131599979637026e-06
2998.01,1.186590820087497e-06
2998.02,1.1623745375308018e-06
2998.03,1.140276776460435e-06
2998.04,1.120097825207286e-06
2998.05,1.1016660129151684e-06
2998.06,1.0848329242153753e-06
2998.07,1.0728576418882844e-06
2998.08,1.0588625522755591e-06
2998.09,1.0461251626827368e-06
2998.1,1.0345586149992005e-06
2998.11,1.0240866427997856e-06
2998.12,1.014642309368192e-06
2998.13,1.006166948156776e-06
2998.14,9.986092669792779e-07
2998.15,9.919245873310558e-07
2998.16,9.860741970634924e-07
2998.17,9.810247993875911e-07
2998.18,9.767390066519553e-07
2998.19,9.732111655717953e-07
2998.2,9.704125869179105e-07
2998.21,9.683276300810341e-07
2998.22,9.669443676704892e-07
2998.23,9.66254403768263e-07
2998.24,9.662527339644719e-07
2998.25,9.669376443853297e-07
2998.26,9.683106477214293e-07
2998.27,9.703764550007364e-07
2998.28,9.731429825590518e-07
2998.29,9.766213943562957e-07
2998.3,9.808261805024645e-07
2998.31,9.858163894780233e-07
2998.32,9.915315062134285e-07
2998.33,9.980377935941875e-07
2998.34,1.0053646294870963e-06
2998.35,1.0135457400329147e-06
2998.36,1.0226195610035796e-06
2998.37,1.032629667813549e-06
2998.38,1.0436252848332008e-06
2998.39,1.0556618874150921e-06
2998.4,1.0688019139094642e-06
2998.41,1.083115610371924e-06
2998.42,1.0986820385139758e-06
2998.43,1.1155902882586708e-06
2998.44,1.1339409502398632e-06
2998.45,1.153847919218906e-06
2998.46,1.1754406140017694e-06
2998.47,1.198866710613666e-06
2998.48,1.224299059772814e-06
2998.49,1.2519255626594327e-06
2998.5,1.281975535809965e-06
2998.51,1.3147118213245105e-06
2998.52,1.3504422269912027e-06
2998.53,1.3895297272940925e-06
2998.54,1.4324038326348677e-06
2998.55,1.4795852426769452e-06
2998.56,1.5316976449364824e-06
2998.57,1.5895054376978712e-06
2998.58,1.65395247943874e-06
2998.59,1.7262166143505914e-06
2998.6,1.8077829402486957e-06
2998.61,1.900541592283395e-06
2998.62,2.0069156170965452e-06
2998.63,2.130020403998109e-06
2998.64,1.920295677468017e-06
2998.65,2.0920329232274234e-06
2998.66,2.2954031337807318e-06
2998.67,2.536641367451754e-06
2998.68,2.820198162170821e-06
2998.69,3.143972465399885e-06
2998.7,3.491205894580803e-06
2998.71,3.823271040484066e-06
2998.72,4.085049990214894e-06
2998.73,4.234384934787541e-06
2998.74,4.275320563888944e-06
2998.75,4.615887270380732e-06
2998.76,4.597946831159852e-06
2998.77,4.621186874113021e-06
2998.78,4.706284896609305e-06
2998.79,4.860584256471069e-06
2998.8,5.086206466262084e-06
2998.81,5.538014556202349e-06
2998.82,5.913669679776e-06
2998.83,6.371765594770886e-06
2998.84,6.921217180534221e-06
2998.85,7.574565433589362e-06
2998.86,8.347181296225064e-06
2998.87,9.257708466100702e-06
2998.88,1.0327334107588578e-05
2998.89,1.1578248311051378e-05
2998.9,1.303038508405003e-05
2998.91,1.4695303570211844e-05
2998.92,1.6565914640562044e-05
2998.93,1.8601400082795666e-05
2998.94,2.0709272057029243e-05
2998.95,2.2732129849252175e-05
2998.96,2.4453731645342304e-05
2998.97,2.5639658416867024e-05
2998.98,2.611122649560209e-05
2998.99,2.581749196133089e-05
2999.0,2.4863452910464865e-05
2999.01,2.3465909169915666e-05
2999.02,2.187782568225421e-05
2999.03,2.0323189519812297e-05
2999.04,1.8969041462372395e-05
2999.05,1.7929715397167247e-05
2999.06,1.7287393372990915e-05
2999.07,1.7116872219804246e-05
2999.08,1.7507194795574453e-05
2999.09,1.859335509347425e-05
2999.1,2.0558416199274547e-05
2999.11,2.3633931625961738e-05
2999.12,2.7998238838950315e-05
2999.13,3.344369181949097e-05
2999.14,3.8744362273927396e-05
2999.15,4.1477140083487246e-05
2999.16,3.978318017894067e-05
2999.17,3.4526110905285885e-05
2999.18,2.8185539003793654e-05
2999.19,2.2499961665996868e-05
2999.2,1.7999319319494594e-05
2999.21,1.4598505077158275e-05
2999.22,1.2053312085614177e-05
2999.23,1.0134480984651955e-05
2999.24,8.667088035969255e-06
2999.25,7.526224784646747e-06
2999.26,6.624389525136413e-06
2999.27,5.9002359297049636e-06
2999.28,5.308799450956134e-06
2999.29,4.8220018109808135e-06
2999.3,4.4156045021173184e-06
2999.31,4.072827284978632e-06
2999.32,3.781075829861282e-06
2999.33,3.5307839946934556e-06
2999.34,3.3145697989444205e-06
2999.35,3.1266839596574094e-06
2999.36,2.962599184827068e-06
2999.37,2.818718232245874e-06
2999.38,2.6921614494811537e-06
2999.39,2.580610623535915e-06
2999.4,2.482193353542501e-06
2999.41,2.39539710138581e-06
2999.42,2.3190054250887066e-06
2999.43,2.252050833092061e-06
2999.44,2.1937829450396563e-06
2999.45,2.1436440568998516e-06
2999.46,2.101258399851811e-06
2999.47,2.066429051859619e-06
2999.48,2.039146079733861e-06
2999.49,2.0196068176605995e-06
2999.5,2.008252243518402e-06
2999.51,2.005824537274024e-06
2999.52,2.0149703495158203e-06
2999.53,2.0342958271638877e-06
2999.54,2.067606364064427e-06
2999.55,2.11795692040337e-06
2999.56,2.1889835286976838e-06
2999.57,2.2836059426961114e-06
2999.58,2.4000248620151298e-06
2999.59,2.523926699996691e-06
2999.6,2.6249971312083097e-06
2999.61,2.6751761933583417e-06
2999.62,2.6758739876486712e-06
2999.63,2.650108601295556e-06
2999.64,2.614228772338712e-06
2999.65,2.5705977028413785e-06
2999.66,2.5161835362617587e-06
2999.67,2.449885460717008e-06
2999.68,2.374437971593824e-06
2999.69,2.295163023255707e-06
2999.7,2.2179190020832156e-06
2999.71,2.1476501038182306e-06
2999.72,2.0878590590053687e-06
2999.73,2.040622274403047e-06
2999.74,2.0074677573775557e-06
2999.75,1.989113672726328e-06
2999.76,1.9862797847087047e-06
2999.77,1.999789774166038e-06
2999.78,2.030650610399427e-06
2999.79,2.079957799149093e-06
2999.8,2.14854421067905e-06
2999.81,2.236235087236143e-06
2999.82,2.3405642500511813e-06
2999.83,2.4549840124968626e-06
2999.84,2.5671750486286398e-06
2999.85,2.6590276706684277e-06
2999.86,2.7103325109277527e-06
2999.87,2.7061478527333266e-06
2999.88,2.644091195347074e-06
2999.89,2.5355342212678446e-06
2999.9,2.399566369490991e-06
2999.91,2.255101207246879e-06
2999.92,2.115869176601603e-06
2999.93,1.9895001062735695e-06
2999.94,1.8789082127950326e-06
2999.95,1.784144589073358e-06
2999.96,1.7038494255287975e-06
2999.97,1.6361400535730148e-06
2999.98,1.579098953476845e-06
2999.99,1.5309773792757071e-06
3000.0,1.4902700052009398e-06
3000.01,1.4557191760503176e-06
3000.02,1.4262905585291337e-06
3000.03,1.4011398922383516e-06
3000.04,1.3795798485247245e-06
3000.05,1.3610505805077e-06
3000.06,1.345094958925854e-06
3000.07,1.3313383504342645e-06
3000.08,1.3194723664019128e-06
3000.09,1.309241927093251e-06
3000.1,1.3004349068594624e-06
3000.11,1.292874070982132e-06
3000.12,1.286410544822909e-06
3000.13,1.2809185567707937e-06
3000.14,1.2762914590745366e-06
3000.15,1.2724383061997453e-06
3000.16,1.2692812053493079e-06
3000.17,1.2667531499646016e-06
3000.18,1.2647962569125625e-06
3000.19,1.2633603249658282e-06
3000.2,1.2624016495835893e-06
3000.21,1.261882042237489e-06
3000.22,1.2617680125192648e-06
3000.23,1.2620300787405363e-06
3000.24,1.2626421784588175e-06
3000.25,1.263581155327363e-06
3000.26,1.2648263044187145e-06
3000.27,1.2663589669518622e-06
3000.28,1.2681621794393565e-06
3000.29,1.2702204014137495e-06
3000.3,1.2725193624761255e-06
3000.31,1.2750460652517547e-06
3000.32,1.2777889362848885e-06
3000.33,1.2807380382336847e-06
3000.34,1.2845237071325938e-06
3000.35,1.287865349044167e-06
3000.36,1.2913934773462156e-06
3000.37,1.2951041539593534e-06
3000.38,1.2989940715017304e-06
3000.39,1.3030605475702084e-06
3000.4,1.3073014678703961e-06
3000.41,1.311715366645351e-06
3000.42,1.316301543481186e-06
3000.43,1.3210601486667234e-06
3000.44,1.325992055736318e-06
3000.45,1.3310988881313236e-06
3000.46,1.3363815909427904e-06
3000.47,1.3418388684721258e-06
3000.48,1.3474636815382093e-06
3000.49,1.353238401361705e-06
3000.5,1.359130468637542e-06
3000.51,1.365094384896602e-06
3000.52,1.3710808202504545e-06
3000.53,1.377062645045347e-06
3000.54,1.3830471048980835e-06
3000.55,1.3890716971182554e-06
3000.56,1.3951835471720895e-06
3000.57,1.401421210630197e-06
3000.58,1.4078077414913044e-06
3000.59,1.4143527662079488e-06
3000.6,1.4210574222133765e-06
3000.61,1.4279190006637653e-06
3000.62,1.4349318728612568e-06
3000.63,1.4420913768438278e-06
3000.64,1.4493927381111248e-06
3000.65,1.4568317530661567e-06
3000.66,1.4644049123246103e-06
3000.67,1.472060116889084e-06
3000.68,1.4798940396893845e-06
3000.69,1.4878553696624466e-06
3000.7,1.4959423917980946e-06
3000.71,1.50415327049581e-06
3000.72,1.5124861237082816e-06
3000.73,1.520939393662987e-06
3000.74,1.5295123688548728e-06
3000.75,1.538205593384201e-06
3000.76,1.5470209275996485e-06
3000.77,1.5559612704032621e-06
3000.78,1.565029977902538e-06
3000.79,1.5742303826523577e-06
3000.8,1.5835654454805265e-06
3000.81,1.5930376242110759e-06
3000.82,1.6026488994711764e-06
3000.83,1.6124008864107371e-06
3000.84,1.6222949797487718e-06
3000.85,1.632332503953318e-06
3000.86,1.6425148535090943e-06
3000.87,1.6528436094414733e-06
3000.88,1.6633206170310306e-06
3000.89,1.6743246040059874e-06
3000.9,1.6836808321867792e-06
3000.91,1.694623446586959e-06
3000.92,1.7057243889759444e-06
3000.93,1.7169867125652589e-06
3000.94,1.728413653525836e-06
3000.95,1.7400086495010556e-06
3000.96,1.751775371358577e-06
3000.97,1.7637177629288332e-06
3000.98,1.7758407711762894e-06
3000.99,1.7881476557519423e-06
3001.0,1.789088087795745e-06
3001.01,1.801903702625511e-06
3001.02,1.8149185343200722e-06
3001.03,1.8281393178029778e-06
3001.04,1.8415734990129445e-06
3001.05,1.8552293405167123e-06
3001.06,1.8691160391062553e-06
3001.07,1.8832439026822124e-06
3001.08,1.8976244831459186e-06
3001.09,1.912270815443877e-06
3001.1,1.927197661348744e-06
3001.11,1.9424218095980464e-06
3001.12,1.9579624347160207e-06
3001.13,1.9738415254641163e-06
3001.14,1.9900843950117255e-06
3001.15,2.0067202860550553e-06
3001.16,2.023783085777357e-06
3001.17,2.0413121697973606e-06
3001.18,2.0593534022322123e-06
3001.19,2.0779603234020302e-06
3001.2,2.0971955271751495e-06
3001.21,2.1171321442982684e-06
3001.22,2.137855217849161e-06
3001.23,2.1594626656949327e-06
3001.24,2.1820654049485644e-06
3001.25,2.2057859075316795e-06
3001.26,2.2307538583020024e-06
3001.27,2.2570967533052422e-06
3001.28,2.284922256183341e-06
3001.29,2.3142881590703926e-06
3001.3,2.344416157961171e-06
3001.31,2.37658980571481e-06
3001.32,2.4096218718067176e-06
3001.33,2.4427587582909912e-06
3001.34,2.4749162397265467e-06
3001.35,2.5047702393756967e-06
3001.36,2.530995892369141e-06
3001.37,2.5526090988978034e-06
3001.38,2.569287751823265e-06
3001.39,2.5814818333862875e-06
3001.4,2.5902599183022354e-06
3001.41,2.596977576210906e-06
3001.42,2.599721887409063e-06
3001.43,2.606003707807998e-06
3001.44,2.6132847202086273e-06
3001.45,2.621972558008852e-06
3001.46,2.632832034074633e-06
3001.47,2.644723624845808e-06
3001.48,2.6581718969712774e-06
3001.49,2.6730731369568904e-06
3001.5,2.6893084440211737e-06
3001.51,2.706758423228584e-06
3001.52,2.7253119790628675e-06
3001.53,2.744685704914262e-06
3001.54,2.7651642821130027e-06
3001.55,2.786488222770387e-06
3001.56,2.8085960088655584e-06
3001.57,2.8314364955294045e-06
3001.58,2.854967580425531e-06
3001.59,2.8791549680246313e-06
3001.6,2.903971080474135e-06
3001.61,2.929394131790422e-06
3001.62,2.9554073644468706e-06
3001.63,2.9819984395622973e-06
3001.64,3.009158968361311e-06
3001.65,3.036884169415962e-06
3001.66,3.065172627860609e-06
3001.67,3.094026110703668e-06
3001.68,3.960083904123522e-06
3001.69,3.9956890676657204e-06
3001.7,4.031936168438503e-06
3001.71,4.068833116137064e-06
3001.72,4.388043316110134e-06
3001.73,4.4281306872083795e-06
3001.74,4.4688371117077536e-06
3001.75,4.510099765895535e-06
3001.76,4.551850492113417e-06
3001.77,4.594055346462342e-06
3001.78,4.6367428739160585e-06
3001.79,4.679991360958003e-06
3001.8,4.7238887730866595e-06
3001.81,4.76850279807073e-06
3001.82,4.813874257822194e-06
3001.83,4.860024421739344e-06
3001.84,4.9069643320598806e-06
3001.85,4.954701282324218e-06
3001.86,5.003242254148652e-06
3001.87,5.0525953984863165e-06
3001.88,5.102770506758496e-06
3001.89,5.153779034294418e-06
3001.9,5.205633958869274e-06
3001.91,5.258349601985731e-06
3001.92,5.311941462722284e-06
3001.93,5.366426107042713e-06
3001.94,5.42182189126205e-06
3001.95,5.4781456622509275e-06
3001.96,5.535417694538916e-06
3001.97,5.593658458026548e-06
3001.98,5.652889485544499e-06
3001.99,5.713133401547315e-06
3002.0,5.774413922359341e-06
3002.01,5.836755839755348e-06
3002.02,5.900185011481886e-06
3002.03,5.964728379969263e-06
3002.04,6.030414029587765e-06
3002.05,6.097271282237839e-06
3002.06,6.165330825127516e-06
3002.07,6.234624863038652e-06
3002.08,6.30518728586225e-06
3002.09,6.377053837399663e-06
3002.1,6.450262258325309e-06
3002.11,6.52485234999027e-06
3002.12,6.600865857437701e-06
3002.13,6.6783459899550524e-06
3002.14,6.757336277466627e-06
3002.15,6.837878316837173e-06
3002.16,6.9200078784489815e-06
3002.17,7.003749064680032e-06
3002.18,7.089107187863181e-06
3002.19,7.176063391994936e-06
3002.2,7.2645765894372015e-06
3002.21,7.354598812190357e-06
3002.22,7.4461066587983836e-06
3002.23,7.539126599760435e-06
3002.24,7.633748529785738e-06
3002.25,7.730104866437696e-06
3002.26,7.828343833442202e-06
3002.27,7.928598920538155e-06
3002.28,8.03098215617142e-06
3002.29,8.135582688525882e-06
3002.3,8.24247402090944e-06
3002.31,8.351721081616159e-06
3002.32,8.463385655255914e-06
3002.33,8.577529907206517e-06
3002.34,8.694218433952014e-06
3002.35,8.81351936213345e-06
3002.36,8.935504901708999e-06
3002.37,9.060251617652423e-06
3002.38,9.187840578256838e-06
3002.39,9.318357469810886e-06
3002.4,9.451892729196963e-06
3002.41,9.58854172649697e-06
3002.42,9.728405023210927e-06
3002.43,9.871588731053226e-06
3002.44,1.0018204975846952e-05
3002.45,1.0168372572638548e-05
3002.46,1.0322217492577972e-05
3002.47,1.047987288853282e-05
3002.48,1.0641476464072703e-05
3002.49,1.080716161363213e-05
3002.5,1.0977040485892059e-05
3002.51,1.1151199995130707e-05
3002.52,1.1329749722259971e-05
3002.53,1.1512882094186762e-05
3002.54,1.1700846067735764e-05
3002.55,1.1893882059605468e-05
3002.56,1.2092207026970044e-05
3002.57,1.2296031591440105e-05
3002.58,1.2505574598665804e-05
3002.59,1.272106959590288e-05
3002.6,1.2942766753547106e-05
3002.61,1.3170934771648373e-05
3002.62,1.3405861255177703e-05
3002.63,1.3647853570188026e-05
3002.64,1.3897239195026993e-05
3002.65,1.415436520878058e-05
3002.66,1.4419596143764514e-05
3002.67,1.4693309051557154e-05
3002.68,1.4975884198896153e-05
3002.69,1.5267689505022303e-05
3002.7,1.5569057116772235e-05
3002.71,1.588025229082207e-05
3002.72,1.6201439256501794e-05
3002.73,1.6532656678492264e-05
3002.74,1.6873824570304498e-05
3002.75,1.7224807177433342e-05
3002.76,1.7585540484748406e-05
3002.77,1.7946739130233845e-05
3002.78,1.8327899630921227e-05
3002.79,1.8720686637037437e-05
3002.8,1.912585516946223e-05
3002.81,1.9545038202279858e-05
3002.82,1.9979641846783398e-05
3002.83,2.0431000859972542e-05
3002.84,2.0900356907174086e-05
3002.85,2.1388879010247144e-05
3002.86,2.189770095491177e-05
3002.87,2.242795764520607e-05
3002.88,2.2980811274888814e-05
3002.89,2.3557465957973247e-05
3002.9,2.415917859010199e-05
3002.91,2.478728435432609e-05
3002.92,2.5443252951439285e-05
3002.93,2.612876188541527e-05
3002.94,2.6845735848507373e-05
3002.95,2.759632708532413e-05
3002.96,2.8382873582174437e-05
3002.97,2.9207883686110977e-05
3002.98,3.0074055041385123e-05
3002.99,3.098431175960828e-05
3003.0,3.194184554458409e-05
3003.01,3.2950156362376065e-05
3003.02,3.401309362209114e-05
3003.03,3.513490013347784e-05
3003.04,3.632026104238201e-05
3003.05,3.7574358614030097e-05
3003.06,3.902619027437141e-05
3003.07,4.043666935750332e-05
3003.08,4.193511394323187e-05
3003.09,4.353273090582445e-05
3003.1,4.523179668615531e-05
3003.11,4.70454649092823e-05
3003.12,4.8984830480396655e-05
3003.13,5.1062363420577404e-05
3003.14,5.329210555288227e-05
3003.15,5.5689895579304206e-05
3003.16,5.865329695955974e-05
3003.17,6.144654465236091e-05
3003.18,6.446891077387452e-05
3003.19,6.774632034604614e-05
3003.2,7.130811266201546e-05
3003.21,7.518746179406587e-05
3003.22,7.942182739622003e-05
3003.23,8.405344484390396e-05
3003.24,8.912988488905384e-05
3003.25,9.47041797453043e-05
3003.26,0.00010083672101477067
3003.27,0.00010759868817489352
3003.28,0.00011506826765142743
3003.29,0.00012333844816964098
3003.3,0.00013251924826577577
3003.31,0.00014274142184231737
3003.32,0.00015415921964382986
3003.33,0.00016695081721882917
3003.34,0.0001813149027283395
3003.35,0.00019746179573108284
3003.36,0.00021559696257857804
3003.37,0.00023589373196892778
3003.38,0.0002584507484029344
3003.39,0.0002832292732725238
3003.4,0.00030996780086297313
3003.41,0.00033807869294363694
3003.42,0.0003665490569451029
3003.43,0.0003938891506962477
3003.44,0.0004181951645204304
3003.45,0.00043738574117840894
3003.46,0.0004496119814605527
3003.47,0.0004537318248201103
3003.48,0.0004496512127187363
3003.49,0.00043836020929671857
3003.5,0.0004216449259973978
3003.51,0.00040162396055727623
3003.52,0.00038031334304719576
3003.53,0.00035935231031479725
3003.54,0.00033990995336365376
3003.55,0.0003227202944040128
3003.56,0.00030817802210203704
3003.57,0.00029644491623214726
3003.58,0.00028754129270366924
3003.59,0.0002814145658602708
3003.6,0.0002779863310623215
3003.61,0.00027718272894153626
3003.62,0.00027895311871013636
3003.63,0.0002832811543768924
3003.64,0.00029019118574987883
3003.65,0.00029975184321241874
3003.66,0.00031207781549239086
3003.67,0.0003273301293580959
3003.68,0.00034571462707937687
3003.69,0.0003674776841161491
3003.7,0.00039289741195945186
3003.71,0.00042226758272959357
3003.72,0.000455870286343388
3003.73,0.0004939319548614936
3003.74,0.0005365563427303108
3003.75,0.0005836281295183427
3003.76,0.0006346839298635624
3003.77,0.0006887562910148696
3003.78,0.0007442133477097039
3003.79,0.0007986460951841727
3003.8,0.0008488759508491981
3003.81,0.0008911788491600626
3003.82,0.0009217704904867724
3003.83,0.0009375007730049852
3003.84,0.000936564805629571
3003.85,0.0009189594418838997
3003.86,0.0008864831929317609
3003.87,0.0008422790295549275
3003.88,0.0007901218031496803
3003.89,0.000733721956031529
3003.9,0.0006762387014846756
3003.91,0.0006200573548165247
3003.92,0.0005667802286969304
3003.93,0.0005173418062280299
3003.94,0.0004721693429427476
3003.95,0.00043133897625938775
3003.96,0.0003947042926183346
3003.97,0.000361991872822714
3003.98,0.00033286715099935406
3003.99,0.00030697698720786573
3004.0,0.00028397543510349886
3004.01,0.00026353807986044704
3004.02,0.0002453689687817919
3004.03,0.00022920295775138706
3004.04,0.0002148053668262756
3004.05,0.00020197016925472609
3004.06,0.00019051747955858297
3004.07,0.00018029080244389534
3004.08,0.0001711543085566475
3004.09,0.00016299028000275878
3004.1,0.00015569679321258723
3004.11,0.00014918566197438004
3004.12,0.00014338063811767995
3004.13,0.0001382158548690305
3004.14,0.0001336344858791642
3004.15,0.00012958760693598253
3004.16,0.00012603322577671176
3004.17,0.00012293546275067094
3004.18,0.00012026386434594541
3004.19,0.00011799283115206475
3004.2,0.00011610114668197072
3004.21,0.00011457159341230616
3004.22,0.00011339065086217999
3004.23,0.00011254826200076499
3004.24,0.00011203766647676314
3004.25,0.00011185529438073511
3004.26,0.00011200071776237269
3004.27,0.00011247665867562764
3004.28,0.00011328905599495774
3004.29,0.00011444719919173991
3004.3,0.00011596496532804524
3004.31,0.00011785703157481352
3004.32,0.00012014535838713949
3004.33,0.00012285554832920388
3004.34,0.0001260183550070502
3004.35,0.00012967028159632297
3004.36,0.00013385430831922812
3004.37,0.0001386207671384401
3004.38,0.00014402838757937648
3004.39,0.00015014553261640055
3004.4,0.0001570516256851816
3004.41,0.00016483881537545189
3004.42,0.00017361408213423322
3004.43,0.00018350218812299528
3004.44,0.00019465003648435272
3004.45,0.00020723313626978804
3004.46,0.00022146484899765193
3004.47,0.00023760881244561745
3004.48,0.0002559943881349048
3004.49,0.00027703463416428733
3004.5,0.0003012466785446391
3004.51,0.0003292756439551153
3004.52,0.00036192473240173926
3004.53,0.00040019509656248235
3004.54,0.0004453392013022106
3004.55,0.0004989307886626887
3004.56,0.0005629531549492153
3004.57,0.0006399040597762963
3004.58,0.0007329071090725164
3004.59,0.00084579951567651
3004.6,0.0009831228150587725
3004.61,0.0011498568612906127
3004.62,0.0013505862961949286
3004.63,0.0015875847734323812
3004.64,0.0018572129846364217
3004.65,0.0021446067473008634
3004.66,0.0024188104996208507
3004.67,0.002634067548013274
3004.68,0.0027429853681382823
3004.69,0.0027184543299694553
3004.7,0.0025680166626522866
3004.71,0.0023286582438867254
3004.72,0.0020477140954232808
3004.73,0.0017651694969137686
3004.74,0.001505814382986536
3004.75,0.0012804034252195202
3004.76,0.0010904905988743724
3004.77,0.0009330076180288129
3004.78,0.0008032370799213864
3004.79,0.0006963492141396369
3004.8,0.0006080424723678181
3004.81,0.0005347234769178702
3004.82,0.00047348437112370277
3004.83,0.00042200806602881325
3004.84,0.00037846007282562455
3004.85,0.00034138997717393703
3004.86,0.00030964944372339077
3004.87,0.00028232697981835043
3004.88,0.0002586973721189172
3004.89,0.00023818325091681282
3004.9,0.0002203264670345981
3004.91,0.00020476725869968655
3004.92,0.00019122886666948617
3004.93,0.0001795027872707004
3004.94,0.00016942136683034028
3004.95,0.00016078980118998178
3004.96,0.0001532485340362819
3004.97,0.00014617917602426593
3004.98,0.000138983761923258
3004.99,0.00013161934281615437
3005.0,0.00012453465509048954
3005.01,0.00011811790174093439
3005.02,0.00011248219216587826
3005.03,0.00010757680767340083
3005.04,0.00010330759248540544
3005.05,9.958663237977838e-05
3005.06,9.634418252342183e-05
3005.07,9.352764623737636e-05
3005.08,9.109807224623573e-05
3005.09,8.902702918741822e-05
3005.1,8.729434560135229e-05
3005.11,8.704786945503588e-05
3005.12,8.596201197144947e-05
3005.13,8.519119286059096e-05
3005.14,8.473812924923188e-05
3005.15,8.461058822867835e-05
3005.16,8.482159339438927e-05
3005.17,8.53898164277922e-05
3005.18,8.63401540187463e-05
3005.19,8.770451380289289e-05
3005.2,8.952287596264506e-05
3005.21,9.184477097678214e-05
3005.22,9.47314368626459e-05
3005.23,9.825906775089034e-05
3005.24,0.00010252366018025907
3005.25,0.00010764789320616925
3005.26,0.00011379021072921546
3005.27,0.00012115611225814671
3005.28,0.0001300120221130806
3005.29,0.0001407031523354292
3005.3,0.00015367807024055496
3005.31,0.0001695237490332057
3005.32,0.0001890157523274493
3005.33,0.00021318920663413666
3005.34,0.0002434371613141053
3005.35,0.0002816421073865899
3005.36,0.00033033858466535244
3005.37,0.0003928760669633726
3005.38,0.0004734678601320441
3005.39,0.0005768033786834164
3005.4,0.0007064759988002139
3005.41,0.0008609378480966269
3005.42,0.001026236891887062
3005.43,0.0011693263373587204
3005.44,0.0012438326780907817
3005.45,0.0012179667369808843
3005.46,0.0011020748889647317
3005.47,0.000939884378167991
3005.48,0.0007747138022480208
3005.49,0.0006302107868258836
3005.5,0.0005129159106814145
3005.51,0.0004207617072814026
3005.52,0.00034907274374926353
3005.53,0.00029319477861107046
3005.54,0.0002492975086754782
3005.55,0.0002144476697505703
3005.56,0.00018646153667969102
3005.57,0.00016372695007017344
3005.58,0.00014505196903614938
3005.59,0.00012954962080391095
3005.6,0.00011655393577294971
3005.61,0.00010555981862745406
3005.62,9.618016917038402e-05
3005.63,8.811522549384338e-05
3005.64,8.113050920186435e-05
3005.65,7.504082941997178e-05
3005.66,6.969857516608625e-05
3005.67,6.498506474248348e-05
3005.68,6.080409267571372e-05
3005.69,5.707707055661906e-05
3005.7,5.373951304754092e-05
3005.71,5.0737414793364247e-05
3005.72,4.802644980261297e-05
3005.73,4.556907488547783e-05
3005.74,4.3333690190374274e-05
3005.75,4.129350111864583e-05
3005.76,3.942567787786833e-05
3005.77,3.771068475070432e-05
3005.78,3.6131741411230915e-05
3005.79,3.467437559539631e-05
3005.8,3.3325981155020244e-05
3005.81,3.2075280651193265e-05
3005.82,3.091211024390427e-05
3005.83,2.982808554139867e-05
3005.84,2.8816441887631568e-05
3005.85,2.7871050208338238e-05
3005.86,2.698625047938067e-05
3005.87,2.6157010530110513e-05
3005.88,2.5378939413263345e-05
3005.89,2.4648235582426097e-05
3005.9,2.3961627019692257e-05
3005.91,2.3316292507868437e-05
3005.92,2.270972884416428e-05
3005.93,2.213943185520183e-05
3005.94,2.1602313177847822e-05
3005.95,2.1093838723134424e-05
3005.96,2.060753594878355e-05
3005.97,2.01367172894732e-05
3005.98,1.9675451128794867e-05
3005.99,1.922442581642931e-05
3006.0,1.8787347312732646e-05
3006.01,1.8368036330808138e-05
3006.02,1.7968400002250034e-05
3006.03,1.75885150302224e-05
3006.04,1.7227417287206687e-05
3006.05,1.6883770335090785e-05
3006.06,1.6556215373727698e-05
3006.07,1.6243509101859912e-05
3006.08,1.5944558384995192e-05
3006.09,1.56584146414733e-05
3006.1,1.5384254099324102e-05
3006.11,1.5121361045482148e-05
3006.12,1.4869109435223251e-05
3006.13,1.4626948940993211e-05
3006.14,1.4520488160389515e-05
3006.15,1.4297814876340466e-05
3006.16,1.4083897433627282e-05
3006.17,1.38783258597662e-05
3006.18,1.3680669677887841e-05
3006.19,1.349047923246144e-05
3006.2,1.3307339534425732e-05
3006.21,1.3130970566009003e-05
3006.22,1.2961301820207134e-05
3006.23,1.2798452948267554e-05
3006.24,1.2642648569483986e-05
3006.25,1.2494154547329072e-05
3006.26,1.2353275816517815e-05
3006.27,1.2220401054029396e-05
3006.28,1.2096069298304024e-05
3006.29,1.1981049784633011e-05
3006.3,1.1876441221573564e-05
3006.31,1.1783805118310171e-05
3006.32,1.1705353515488444e-05
3006.33,1.164421697146086e-05
3006.34,1.1604821229932457e-05
3006.35,1.1593386830687586e-05
3006.36,1.1618490787159776e-05
3006.37,1.169136781888275e-05
3006.38,1.1824873401316586e-05
3006.39,1.2028192938147766e-05
3006.4,1.2292420867462171e-05
3006.41,1.2564057381670992e-05
3006.42,1.2730125862844208e-05
3006.43,1.2670718436658252e-05
3006.44,1.2367550804764802e-05
3006.45,1.192362513784848e-05
3006.46,1.146245114344498e-05
3006.47,1.1053177926105814e-05
3006.48,1.0713337045772592e-05
3006.49,1.043642818488683e-05
3006.5,1.0209582729007856e-05
3006.51,1.0020767178008845e-05
3006.52,9.860536628952834e-06
3006.53,9.721927900468859e-06
3006.54,9.599914796711636e-06
3006.55,9.490879473789856e-06
3006.56,9.392202790046837e-06
3006.57,9.301970274441448e-06
3006.58,9.218767043980578e-06
3006.59,9.141535931800587e-06
3006.6,9.069479197912722e-06
3006.61,9.00199001624751e-06
3006.62,8.93860433213761e-06
3006.63,8.878966752640105e-06
3006.64,8.822806204015847e-06
3006.65,8.769918473236352e-06
3006.66,8.720153848498023e-06
3006.67,8.673407445244912e-06
3006.68,8.629614034457112e-06
3006.69,8.58874286640091e-06
3006.7,8.550795300619753e-06
3006.71,8.515803198694314e-06
3006.72,8.483828459651196e-06
3006.73,8.454963375975389e-06
3006.74,8.429331696080035e-06
3006.75,8.407090262588927e-06
3006.76,8.388431075133693e-06
3006.77,8.373583571196222e-06
3006.78,8.362816037077262e-06
3006.79,8.356440359725627e-06
3006.8,8.35480719434184e-06
3006.81,8.358308902821845e-06
3006.82,8.3673697844764e-06
3006.83,8.382435330706921e-06
3006.84,8.403949220656724e-06
3006.85,8.432316352956609e-06
3006.86,8.46784575154667e-06
3006.87,8.510667038578323e-06
3006.88,8.557391568030541e-06
3006.89,8.613891216324665e-06
3006.9,8.675682511420665e-06
3006.91,8.740748352049987e-06
3006.92,8.806156194244843e-06
3006.93,8.86805882537809e-06
3006.94,8.92190634118307e-06
3006.95,8.96322282238218e-06
3006.96,8.987153038627126e-06
3006.97,8.991050810965572e-06
3006.98,8.973970472064316e-06
3006.99,8.93723090024187e-06
3007.0,8.884179469300993e-06
3007.01,8.819541876367533e-06
3007.02,8.748592591762151e-06
3007.03,8.67639125801324e-06
3007.04,8.607231775922725e-06
3007.05,8.544323740761499e-06
3007.06,8.489638609550067e-06
3007.07,8.443829629212758e-06
3007.08,8.40616813151733e-06
3007.09,8.374513574924783e-06
3007.1,8.345425939078183e-06
3007.11,8.31458745524984e-06
3007.12,8.277635632999977e-06
3007.13,8.231272933811327e-06
3007.14,8.174223900929178e-06
3007.15,8.107544116700066e-06
3007.16,8.034121587585896e-06
3007.17,7.957658742339938e-06
3007.18,7.881687633903233e-06
3007.19,7.808954526774654e-06
3007.2,7.741235560963945e-06
3007.21,7.679441798375684e-06
3007.22,7.623843819427533e-06
3007.23,7.574256846077836e-06
3007.24,7.530389750427044e-06
3007.25,7.491721860785677e-06
3007.26,7.457745246489165e-06
3007.27,7.427972122248547e-06
3007.28,7.401950550776272e-06
3007.29,7.379277574646354e-06
3007.3,7.3595993824600595e-06
3007.31,7.342608634216776e-06
3007.32,7.328040013648467e-06
3007.33,7.315662956948949e-06
3007.34,7.3052857915493364e-06
3007.35,7.296737577688926e-06
3007.36,7.289873181499219e-06
3007.37,7.940049665390055e-06
3007.38,7.938738054042631e-06
3007.39,7.9387984273215e-06
3007.4,7.940149402496653e-06
3007.41,7.942721256167171e-06
3007.42,7.946452258717447e-06
3007.43,7.951288838542496e-06
3007.44,7.957184150294192e-06
3007.45,7.96409717107867e-06
3007.46,7.971991936963138e-06
3007.47,7.980836896708014e-06
3007.48,7.990604363605942e-06
3007.49,8.004802742961074e-06
3007.5,8.01635711821222e-06
3007.51,8.028769862878855e-06
3007.52,8.156149074445433e-06
3007.53,8.170841245703996e-06
3007.54,8.186354112125374e-06
3007.55,8.202677264084294e-06
3007.56,8.219801878509042e-06
3007.57,8.237720589447394e-06
3007.58,8.256427378613917e-06
3007.59,8.275917483008058e-06
3007.6,8.296187316846096e-06
3007.61,8.317236566756632e-06
3007.62,8.339059501353198e-06
3007.63,8.361657863844433e-06
3007.64,8.385032225043674e-06
3007.65,8.409184115025545e-06
3007.66,8.434116008626578e-06
3007.67,8.45983129514861e-06
3007.68,8.486334194361452e-06
3007.69,8.235291503099347e-06
3007.7,7.440611244456931e-06
3007.71,7.476767172294956e-06
3007.72,7.5136551474243845e-06
3007.73,7.551273533883276e-06
3007.74,7.5896141585124414e-06
3007.75,7.628661919657181e-06
3007.76,7.298718294203992e-06
3007.77,7.342299883283664e-06
3007.78,7.386513301281522e-06
3007.79,7.431376104512803e-06
3007.8,7.476920649298396e-06
3007.81,7.5231857273306976e-06
3007.82,7.5702084055063324e-06
3007.83,7.61801989209072e-06
3007.84,7.546369398266155e-06
3007.85,7.596823191528872e-06
3007.86,7.648117299778784e-06
3007.87,7.700269749108988e-06
3007.88,7.753299046631125e-06
3007.89,7.80722518200039e-06
3007.9,7.862070173294201e-06
3007.91,7.917858392004653e-06
3007.92,7.97461663865189e-06
3007.93,8.032373816367624e-06
3007.94,8.091159976957418e-06
3007.95,8.151004779070445e-06
3007.96,8.211936626579126e-06
3007.97,8.273985198516757e-06
3007.98,8.337189551570014e-06
3007.99,8.40160708259508e-06
3008.0,8.467315061489863e-06
3008.01,8.53440466825553e-06
3008.02,8.602975939510048e-06
3008.03,8.673138723922428e-06
3008.04,8.74501780543882e-06
3008.05,8.81875976256422e-06
3008.06,8.894540665063022e-06
3008.07,8.9725751122075e-06
3008.08,9.053127612875895e-06
3008.09,9.136527546854825e-06
3008.1,9.22318925404318e-06
3008.11,9.313639281579493e-06
3008.12,9.408553487449848e-06
3008.13,9.50880746016458e-06
3008.14,9.615544416991964e-06
3008.15,9.57888377222436e-06
3008.16,9.745069982157902e-06
3008.17,9.883089843927384e-06
3008.18,1.0036801616798145e-05
3008.19,1.0209959749619107e-05
3008.2,1.040633502442761e-05
3008.21,1.0628360522740688e-05
3008.22,1.0874910862226776e-05
3008.23,1.1139541219901745e-05
3008.24,1.1411330283864736e-05
3008.25,1.1677004573511988e-05
3008.26,1.1915131156244021e-05
3008.27,1.208841221304721e-05
3008.28,1.2156269510524577e-05
3008.29,1.2113267834071952e-05
3008.3,1.2001577312410073e-05
3008.31,1.1877231569281884e-05
3008.32,1.1777024772013241e-05
3008.33,1.1713971781462711e-05
3008.34,1.1687417553743824e-05
3008.35,1.1691679154071422e-05
3008.36,1.1720476659138883e-05
3008.37,1.1768454041441072e-05
3008.38,1.1831451112860882e-05
3008.39,1.1906358566054392e-05
3008.4,1.1990886889867965e-05
3008.41,1.2083369557933728e-05
3008.42,1.2182545716884289e-05
3008.43,1.2287516240309453e-05
3008.44,1.2397603237794111e-05
3008.45,1.2512300224158485e-05
3008.46,1.2631227562620208e-05
3008.47,1.2754100937175497e-05
3008.48,1.2880708405543035e-05
3008.49,1.3010893952084276e-05
3008.5,1.314454529755464e-05
3008.51,1.3281584765281592e-05
3008.52,1.3907107276147713e-05
3008.53,1.4053323102545177e-05
3008.54,1.420286070758257e-05
3008.55,1.4355726951368736e-05
3008.56,1.4510852369854667e-05
3008.57,1.467045701760318e-05
3008.58,1.4833482368876252e-05
3008.59,1.499997816709713e-05
3008.6,1.5170001991189605e-05
3008.61,1.5343618585265715e-05
3008.62,1.5520899346210622e-05
3008.63,1.570192193891506e-05
3008.64,1.5886770015400936e-05
3008.65,1.6075533019924413e-05
3008.66,1.6268306065707254e-05
3008.67,1.646518987264072e-05
3008.68,1.6666290757227718e-05
3008.69,1.6871720668523438e-05
3008.7,1.7080266642064144e-05
3008.71,1.7294718327665803e-05
3008.72,1.899106535448366e-05
3008.73,1.9222833320732775e-05
3008.74,1.9459640099190162e-05
3008.75,1.9701634919876796e-05
3008.76,1.994897390251755e-05
3008.77,2.0201820361648457e-05
3008.78,2.0460345143940043e-05
3008.79,2.0724726999060876e-05
3008.8,2.099528433083837e-05
3008.81,2.1271950867984858e-05
3008.82,2.1555062408321776e-05
3008.83,2.184483377576521e-05
3008.84,2.214149014469339e-05
3008.85,2.244608181523334e-05
3008.86,2.275723269185046e-05
3008.87,2.307601289053958e-05
3008.88,2.340269596687449e-05
3008.89,2.3737569754688554e-05
3008.9,2.4080937281451064e-05
3008.91,2.4433117990725163e-05
3008.92,2.4794448989946893e-05
3008.93,2.5165286442202145e-05
3008.94,2.518946346485766e-05
3008.95,2.5581858288535073e-05
3008.96,2.598494930576072e-05
3008.97,2.639918345193499e-05
3008.98,2.6825032130581177e-05
3008.99,2.726298909432656e-05
3009.0,2.771356496713071e-05
3009.01,2.8177278320930892e-05
3009.02,2.8654645399659155e-05
3009.03,2.9146179648050344e-05
3009.04,2.9652415109317613e-05
3009.05,3.0173956393213693e-05
3009.06,3.071152947644847e-05
3009.07,3.1265987929985485e-05
3009.08,3.183826739783222e-05
3009.09,3.242932649124451e-05
3009.1,3.304011587509236e-05
3009.11,3.367158855242447e-05
3009.12,3.432474553445666e-05
3009.13,3.500069847318386e-05
3009.14,3.5700723393584435e-05
3009.15,3.642627821823067e-05
3009.16,3.717898324841608e-05
3009.17,3.7959959091161416e-05
3009.18,3.877234355096362e-05
3009.19,3.9617494511448436e-05
3009.2,4.049755169495052e-05
3009.21,4.141483206866766e-05
3009.22,4.2371863140124456e-05
3009.23,4.337141736814204e-05
3009.24,4.441654842738593e-05
3009.25,4.5510626464417576e-05
3009.26,4.665740020312149e-05
3009.27,4.786102196415782e-05
3009.28,4.9126124879097294e-05
3009.29,5.0457888464512805e-05
3009.3,5.186212109406527e-05
3009.31,5.3345357622445355e-05
3009.32,5.4914975387307574e-05
3009.33,5.657933255017285e-05
3009.34,5.8347933683648316e-05
3009.35,6.023162872908324e-05
3009.36,6.22428530998059e-05
3009.37,6.43959190213567e-05
3009.38,6.670737146502977e-05
3009.39,6.919642609189128e-05
3009.4,7.18855102071333e-05
3009.41,7.480093090627398e-05
3009.42,7.797369801408179e-05
3009.43,8.144054056220003e-05
3009.44,8.524517112072045e-05
3009.45,8.943835983804115e-05
3009.46,9.408595418034914e-05
3009.47,9.92622889858538e-05
3009.48,0.00010505931462193476
3009.49,0.00011158887287114616
3009.5,0.00011898728591313941
3009.51,0.000127420748190354
3009.52,0.00013709131851595186
3009.53,0.00014824285923965272
3009.54,0.00016116535543437104
3009.55,0.00017619429457323504
3009.56,0.00019369862038436816
3009.57,0.000214045509308527
3009.58,0.000237522660395508
3009.59,0.00026418785016225406
3009.6,0.0002936407149931506
3009.61,0.0003246749212521935
3009.62,0.00035498518949213535
3009.63,0.000381146700388103
3009.64,0.00039923972649365654
3009.65,0.00040615549738982096
3009.66,0.00040100387379297324
3009.67,0.0003855748939611416
3009.68,0.0003634386256376721
3009.69,0.00033848584145517303
3009.7,0.00031380960965944745
3009.71,0.0002913346556243836
3009.72,0.0002724768457159699
3009.73,0.0002564670465875033
3009.74,0.00024366828762118064
3009.75,0.00023377730506350867
3009.76,0.00022644577688251408
3009.77,0.000221341064842949
3009.78,0.0002181720420885231
3009.79,0.00021669653372214696
3009.8,0.00021672005772799933
3009.81,0.00021809107491792647
3009.82,0.000220695350443628
3009.83,0.0002244506190017613
3009.84,0.00022930204439673487
3009.85,0.00023521848127413042
3009.86,0.000242189802486965
3009.87,0.00025022482062860376
3009.88,0.0002593500017030895
3009.89,0.00026960877283000394
3009.9,0.00028106137950565345
3009.91,0.000293785250364104
3009.92,0.0003078758449257231
3009.93,0.0003234479797197435
3009.94,0.0003406376493526378
3009.95,0.0003596043577792112
3009.96,0.0003805340170911872
3009.97,0.00040364245413999564
3009.98,0.0004291795906788183
3009.99,0.00045743435975856734
3010.0,0.0004887404156221075
3010.01,0.000523482672490159
3010.02,0.0005621046604371375
3010.03,0.0006051165978307216
3010.04,0.0006531039248484161
3010.05,0.0007067357834921632
3010.06,0.0007667725093406239
3010.07,0.000834070537146623
3010.08,0.0009095821009003183
3010.09,0.0009943463756312428
3010.1,0.001089460939353675
3010.11,0.0011960360683905336
3010.12,0.001315102817599765
3010.13,0.001447469385453634
3010.14,0.0015936087564896496
3010.15,0.0017529115143969734
3010.16,0.0019239133511178151
3010.17,0.002103368224439555
3010.18,0.002285861123306767
3010.19,0.0024634849237862595
3010.2,0.002625942749076308
3010.21,0.002761347740395135
3010.22,0.002857847217730354
3010.23,0.0029058507190636088
3010.24,0.0029002177094946046
3010.25,0.0028415594038415284
3010.26,0.0027360793217115894
3010.27,0.0025940255528999743
3010.28,0.002427426161951235
3010.29,0.0022479457278883857
3010.3,0.0020654269401322554
3010.31,0.001887252689082618
3010.32,0.0017183547893830507
3010.33,0.001561590778404753
3010.34,0.0014182495126262296
3010.35,0.0012885365573476056
3010.36,0.0011719718089051357
3010.37,0.001067684325987959
3010.38,0.000974615432051125
3010.39,0.0008916500457108372
3010.4,0.000817696238358332
3010.41,0.0007517295428314174
3010.42,0.0006928143971505555
3010.43,0.0006401113902879711
3010.44,0.0005928761629993918
3010.45,0.0005504537389312462
3010.46,0.0005122706588149617
3010.47,0.00047782635173991794
3010.48,0.0004467284222385683
3010.49,0.00041850967783437144
3010.5,0.0003928824809653764
3010.51,0.0003695582398575181
3010.52,0.0003482850556417959
3010.53,0.0003288427318900332
3010.54,0.0003110384579222579
3010.55,0.0002947030901844326
3010.56,0.00027968795704142016
3010.57,0.0002658621168287352
3010.58,0.0002531100068760063
3010.59,0.00024132942614790687
3010.6,0.00023043007657063387
3010.61,0.0002203310020849934
3010.62,0.00021096090780820117
3010.63,0.0002022560028201836
3010.64,0.00019415931270510986
3010.65,0.00018661985932431256
3010.66,0.0001795951873360197
3010.67,0.0001730378505832109
3010.68,0.00016691415686194425
3010.69,0.00016119089632201164
3010.7,0.0001558381274890897
3010.71,0.00015082882549464162
3010.72,0.00014613857265349066
3010.73,0.0001417452902744267
3010.74,0.00013762900312336719
3010.75,0.00013377163367688205
3010.76,0.00013015682333966511
3010.77,0.00012676977131791624
3010.78,0.00012359710419478144
3010.79,0.00012062657621790058
3010.8,0.00011784767807095962
3010.81,0.00011525048324091355
3010.82,0.00011282628762075415
3010.83,0.00011056737118026561
3010.84,0.00010846695025127491
3010.85,0.00010651914030465379
3010.86,0.00010471892551868985
3010.87,0.00010306212667554643
3010.88,0.00010154535060555388
3010.89,0.00010016589834022552
3010.9,9.892163373408765e-05
3010.91,9.78109303677866e-05
3010.92,9.683294313301667e-05
3010.93,9.598831021963267e-05
3010.94,9.527972543935386e-05
3010.95,9.471177996805029e-05
3010.96,9.429038766377324e-05
3010.97,9.402240904598684e-05
3010.98,9.391543996259688e-05
3010.99,9.397727136255058e-05
3011.0,9.421472539335244e-05
3011.01,9.463229044742178e-05
3011.02,9.523245768628201e-05
3011.03,9.602023384023559e-05
3011.04,9.701130291453584e-05
3011.05,9.823708893493601e-05
3011.06,9.974188261438844e-05
3011.07,0.00010157633303371542
3011.08,0.0001037944021412596
3011.09,0.00010645488041887964
3011.1,0.00010962515363258663
3011.11,0.00011338530105585193
3011.12,0.00011783204453157876
3011.13,0.00012308267949804558
3011.14,0.00012927910488679008
3011.15,0.00013659176857252513
3011.16,0.00014522282176743906
3011.17,0.00015540689550422155
3011.18,0.00016740642806748902
3011.19,0.00018149605058912432
3011.2,0.0001979269183954393
3011.21,0.00021685736526896242
3011.22,0.00023823510305583405
3011.23,0.00026161097118892655
3011.24,0.00028592510618016673
3011.25,0.00030931839974772553
3011.26,0.0003291666022618153
3011.27,0.000342529088337303
3011.28,0.0003470344017927605
3011.29,0.00034180173455047695
3011.3,0.0003278655693805247
3011.31,0.0003076847686612706
3011.32,0.00028420250240522604
3011.33,0.00025998873777357585
3011.34,0.00023683177307321662
3011.35,0.00021573228470806593
3011.36,0.0001970946969264633
3011.37,0.0001809486249830364
3011.38,0.0001671238792953031
3011.39,0.0001553650068687705
3011.4,0.0001453971158837057
3011.41,0.00013695936185769786
3011.42,0.00012981930346367995
3011.43,0.00012377691265196803
3011.44,0.00011866348239450616
3011.45,0.00011433835839653913
3011.46,0.0001106850153617723
3011.47,0.00010760697878235887
3011.48,0.00010502534019739233
3011.49,0.00010287435973309675
3011.5,0.00010109997242364462
3011.51,9.965751519809682e-05
3011.52,9.851009309215313e-05
3011.53,9.762724020703163e-05
3011.54,9.698384942483108e-05
3011.55,9.655931135377048e-05
3011.56,9.63368252760401e-05
3011.57,9.63028504019021e-05
3011.58,9.644667234084499e-05
3011.59,9.676006471662053e-05
3011.6,9.723703096260401e-05
3011.61,9.787361431864041e-05
3011.62,9.866776740161262e-05
3011.63,9.961927497667314e-05
3011.64,0.00010072972546273362
3011.65,0.00010200252815778094
3011.66,0.00010344297424650823
3011.67,0.0001050595482856542
3011.68,0.00010685924809039651
3011.69,0.00010885500767171695
3011.7,0.00011106112290188818
3011.71,0.00011349476615090313
3011.72,0.00011617640656610176
3011.73,0.00011913041064522013
3011.74,0.00012238593126286777
3011.75,0.00012597820672666593
3011.76,0.0001299503355282229
3011.77,0.00013435542841777338
3011.78,0.00013925878597882555
3011.79,0.0001462693621946908
3011.8,0.00015242852561698142
3011.81,0.0001593629349098199
3011.82,0.00016718249132401827
3011.83,0.0001759883612861793
3011.84,0.00018584697355929008
3011.85,0.00019674594489337588
3011.86,0.00020852823547545243
3011.87,0.00022081163603925768
3011.88,0.00023292531888961275
3011.89,0.00024392806122047972
3011.9,0.00025277987969344885
3011.91,0.00025866822364069633
3011.92,0.00026133560051031575
3011.93,0.0002612161408181921
3011.94,0.0002592423621020906
3011.95,0.00025650263239839383
3011.96,0.00025394097737124966
3011.97,0.0002522225149123649
3011.98,0.0002517411038410813
3011.99,0.0002526945856025701
3012.0,0.0002551699530129875
3012.01,0.0002592135727290182
3012.02,0.00026488152439960194
3012.03,0.00027226352424436473
3012.04,0.0002814380583697654
3012.05,0.00029222664486826814
3012.06,0.00030377030708295095
3012.07,0.0003150287269161719
3012.08,0.0003264360443032392
3012.09,0.0003394087712595207
3012.1,0.0003547955955314337
3012.11,0.0003729163308723541
3012.12,0.0003940382707298389
3012.13,0.0004185805204439999
3012.14,0.0004471843542532053
3012.15,0.00048076740205613757
3012.16,0.0005205783054552233
3012.17,0.0005682018717671722
3012.18,0.0006253420591362219
3012.19,0.0006929530791977962
3012.2,0.0007691646566973018
3012.21,0.0008462904788589877
3012.22,0.0009113814712283558
3012.23,0.0009556223490678887
3012.24,0.0009843175957540626
3012.25,0.0010123035423207963
3012.26,0.0010522434571172484
3012.27,0.0011105658719993345
3012.28,0.0011897395554932256
3012.29,0.001290848610736367
3012.3,0.0014143950614736896
3012.31,0.0015593233127190684
3012.32,0.0017204886024040445
3012.33,0.0018871253236121606
3012.34,0.0020473829699952655
3012.35,0.0021950470375245454
3012.36,0.002327552840291785
3012.37,0.002441543212854209
3012.38,0.0025350494235965373
3012.39,0.002611860236108714
3012.4,0.002682106095499022
3012.41,0.0027596207827201486
3012.42,0.002858398981129399
3012.43,0.002990196764904217
3012.44,0.0031635862630917133
3012.45,0.0033837408009169292
3012.46,0.0036520668281095803
3012.47,0.003965082533700885
3012.48,0.004312359664337712
3012.49,0.004673946857072355
3012.5,0.005018641624660134
3012.51,0.0053055272832150105
3012.52,0.005491105403673554
3012.53,0.00554159958989928
3012.54,0.005444752527746866
3012.55,0.005214554619503451
3012.56,0.004884473590116969
3012.57,0.004495337430352886
3012.58,0.004084271649287707
3012.59,0.003678995148602391
3012.6,0.003297029712729082
3012.61,0.0029475468368262018
3012.62,0.002633902182463108
3012.63,0.0023558591095276756
3012.64,0.002111206234818086
3012.65,0.0018968120959891278
3012.66,0.0017092599623686829
3012.67,0.001545202807042343
3012.68,0.0014015435173667665
3012.69,0.0012755108660809924
3012.7,0.0011646762624433957
3012.71,0.0010669389876883741
3012.72,0.0009804965029667882
3012.73,0.0009038093189937236
3012.74,0.0008355657476251265
3012.75,0.000774648986289348
3012.76,0.0007201077752398039
3012.77,0.0006711308653417059
3012.78,0.0006270251664485862
3012.79,0.0005871972394120374
3012.8,0.0005511377179474019
3012.81,0.0005184082480740256
3012.82,0.0004886305589521832
3012.83,0.00046147732341824044
3012.84,0.00043666451297227904
3012.85,0.0004139449968198743
3012.86,0.00039310317486270413
3012.87,0.0003739504649976991
3012.88,0.0003563215284650001
3012.89,0.000340071041510489
3012.9,0.00032507101151057214
3012.91,0.0003112084813497136
3012.92,0.00029838358744587297
3012.93,0.0002865079084496151
3012.94,0.00027550306007940247
3012.95,0.00026529949827070793
3012.96,0.0002558354995513631
3012.97,0.0002470562930103164
3012.98,0.0002389133226569524
3012.99,0.00023136362263753149
3013.0,0.00022436929064293136
3013.01,0.0002178970470099956
3013.02,0.0002119178687004992
3013.03,0.00020640668455252327
3013.04,0.00020134212555229995
3013.05,0.00019670630524045078
3013.06,0.00019248461286513438
3013.07,0.00018866548200868494
3013.08,0.00018524008721257617
3013.09,0.0001822019115574981
3013.1,0.0001795461314896095
3013.11,0.00017726877421229102
3013.12,0.00017536556304997115
3013.13,0.00017383025247252624
3013.14,0.00017265215412911594
3013.15,0.00017181280765540032
3013.16,0.0001712824026055463
3013.17,0.00017089228708598556
3013.18,0.00017083734178863612
3013.19,0.00017093004244090015
3013.2,0.0001711168657468702
3013.21,0.00017136971739061687
3013.22,0.0001716995651704814
3013.23,0.00017215929747203
3013.24,0.0001728343005402704
3013.25,0.00017382618347413768
3013.26,0.00017523762803880061
3013.27,0.00017716354284746076
3013.28,0.00017968918930144897
3013.29,0.00018289314635143585
3013.3,0.00018685253473691145
3013.31,0.00019164873836858062
3013.32,0.00019737284310091059
3013.33,0.00020413068487476377
3013.34,0.00021204773215629508
3013.35,0.00022127414469968088
3013.36,0.00023199036713416934
3013.37,0.00024441359856924025
3013.38,0.00025880545414284066
3013.39,0.00027548109910389767
3013.4,0.0002948200671273812
3013.41,0.00031727882274371614
3013.42,0.0003434048028459955
3013.43,0.0003738510121186615
3013.44,0.00040938896687413263
3013.45,0.00045091539849716336
3013.46,0.0004994438671530792
3013.47,0.0005560652172851543
3013.48,0.0006218494786809585
3013.49,0.0006976433518587092
3013.5,0.000783723977312418
3013.51,0.000879204886080362
3013.52,0.0009812531928449525
3013.53,0.0010842292485882872
3013.54,0.0011792251640013805
3013.55,0.0012547501593847027
3013.56,0.0012991657235013232
3013.57,0.0013044600624266196
3013.58,0.0012693910553560413
3013.59,0.001200152810416586
3013.6,0.0011076869936660816
3013.61,0.0010039078423622566
3013.62,0.0008987114607980451
3013.63,0.0007987689073540493
3013.64,0.0007077119674693753
3013.65,0.0006269325369633599
3013.66,0.0005564293799515536
3013.67,0.0004954612647216619
3013.68,0.0004429725173662283
3013.69,0.0003978387248868901
3013.7,0.0003589930054837975
3013.71,0.000325481006585875
3013.72,0.00029647680023422865
3013.73,0.00027127914485329107
3013.74,0.000249299114719835
3013.75,0.000230044946913273
3013.76,0.00021310700336249003
3013.77,0.00019814412985939164
3013.78,0.0001848718501480235
3013.79,0.0001730524181902575
3013.8,0.00016248656705545396
3013.81,0.00015300672742981605
3013.82,0.00014447125785129044
3013.83,0.00013676081604198077
3013.84,0.00012977331999432706
3013.85,0.00012342183427715536
3013.86,0.00011763188342519054
3013.87,0.0001123394166377136
3013.88,0.00010748916797371714
3013.89,0.00010303327198780903
3013.9,9.893013346356959e-05
3013.91,9.514348627248427e-05
3013.92,9.164160929568956e-05
3013.93,8.839667098059875e-05
3013.94,8.538417953944547e-05
3013.95,8.25825201977623e-05
3013.96,7.997256440130137e-05
3013.97,7.75373387108863e-05
3013.98,7.526174336341097e-05
3013.99,7.31323123016926e-05
3014.0,7.113700793441226e-05
3014.01,6.926504508050647e-05
3014.02,6.750673950949107e-05
3014.03,6.585337727677339e-05
3014.04,6.429710169271412e-05
3014.05,6.28308152859882e-05
3014.06,6.144732397496815e-05
3014.07,6.0142352726983914e-05
3014.08,5.8909834095671825e-05
3014.09,5.774495683661211e-05
3014.1,5.664333765226101e-05
3014.11,5.560097728347598e-05
3014.12,5.4614221806942336e-05
3014.13,5.367972845266512e-05
3014.14,5.2794435997536167e-05
3014.15,5.195553493545321e-05
3014.16,5.1160449426268836e-05
3014.17,5.0406810542528845e-05
3014.18,4.969244028503732e-05
3014.19,4.901533408650484e-05
3014.2,4.837364588958295e-05
3014.21,4.7723017936147925e-05
3014.22,4.714764814309686e-05
3014.23,4.660297419820199e-05
3014.24,4.608766567218061e-05
3014.25,4.560049555272951e-05
3014.26,4.5140334194665686e-05
3014.27,4.470614280649792e-05
3014.28,4.429696769644161e-05
3014.29,4.3911935089625116e-05
3014.3,4.3550246155774856e-05
3014.31,4.32111754899663e-05
3014.32,4.2894048589430256e-05
3014.33,4.259825231262958e-05
3014.34,4.22186741069424e-05
3014.35,4.196477413267882e-05
3014.36,4.173074148220862e-05
3014.37,4.151528308178564e-05
3014.38,4.1318042350439344e-05
3014.39,4.1138428237390025e-05
3014.4,4.097606815838105e-05
3014.41,4.083086290936706e-05
3014.42,4.070290728250356e-05
3014.43,4.05923463549179e-05
3014.44,4.0499265098868584e-05
3014.45,4.042358344958847e-05
3014.46,4.036481098627433e-05
3014.47,4.0321719459519856e-05
3014.48,4.029269340900386e-05
3014.49,4.027717171218733e-05
3014.5,4.027631030047779e-05
3014.51,4.029171515531617e-05
3014.52,4.0324300780337054e-05
3014.53,4.037431373241628e-05
3014.54,4.0441732135309614e-05
3014.55,4.0526505420691164e-05
3014.56,4.062864234409367e-05
3014.57,4.074822904472619e-05
3014.58,4.0885426575311416e-05
3014.59,4.104046264650706e-05
3014.6,4.121361328990222e-05
3014.61,4.140515473232391e-05
3014.62,4.161525625874845e-05
3014.63,4.184386385379428e-05
3014.64,4.2090823589638374e-05
3014.65,4.23563652181699e-05
3014.66,4.2641322928982925e-05
3014.67,4.294671697862487e-05
3014.68,4.327337227092326e-05
3014.69,4.3621923034423994e-05
3014.7,4.399294857541042e-05
3014.71,4.438706042497265e-05
3014.72,4.4804937374379675e-05
3014.73,4.5247337863321266e-05
3014.74,4.5715090546966706e-05
3014.75,4.620909263229171e-05
3014.76,4.673030530502558e-05
3014.77,4.727975401902876e-05
3014.78,4.785854078487722e-05
3014.79,4.8467813729223925e-05
3014.8,4.910882627845325e-05
3014.81,4.9782907907928e-05
3014.82,5.0491479469311315e-05
3014.83,5.123605998776187e-05
3014.84,5.201827391170247e-05
3014.85,5.2839858936998065e-05
3014.86,5.3702674517049245e-05
3014.87,5.4608711158996454e-05
3014.88,5.5560100605868956e-05
3014.89,5.6559127005124894e-05
3014.9,5.760823917414908e-05
3014.91,5.871006408158089e-05
3014.92,5.9867421680145474e-05
3014.93,6.108334124049506e-05
3014.94,6.236107935868814e-05
3014.95,6.370413983044337e-05
3014.96,6.511629561731398e-05
3014.97,6.660161316041103e-05
3014.98,6.816447934086546e-05
3014.99,6.980963142570606e-05
3015.0,7.154219038538103e-05
3015.01,7.336769800427901e-05
3015.02,7.52921582479542e-05
3015.03,7.732208339937993e-05
3015.04,7.935047254170851e-05
3015.05,8.161376527222831e-05
3015.06,8.40056511989397e-05
3015.07,8.653525633539155e-05
3015.08,8.921254291666837e-05
3015.09,9.204840165490099e-05
3015.1,9.50547560706732e-05
3015.11,9.824468069842536e-05
3015.12,0.00010163253526259539
3015.13,0.00010523411730093472
3015.14,0.00010906683614577858
3015.15,0.00011314991171226034
3015.16,0.00011750460216442336
3015.17,0.00012215446530053632
3015.18,0.0001271256594035645
3015.19,0.00013244729042446177
3015.2,0.00013815181370047797
3015.21,0.00014427550006713792
3015.22,0.00015085897821525532
3015.23,0.00015794786762244467
3015.24,0.00016559351939959477
3015.25,0.0001738538861476275
3015.26,0.00018279454652393295
3015.27,0.0001924899159745265
3015.28,0.00020302468221887574
3015.29,0.00021449551298309894
3015.3,0.00022701309463837461
3015.31,0.00024070457433725148
3015.32,0.00025571649601941805
3015.33,0.00027221834099459087
3015.34,0.0002904068162599529
3015.35,0.0003105110601320343
3015.36,0.00033279898586676386
3015.37,0.0003564292126641585
3015.38,0.0003840883230606665
3015.39,0.0004150541100860954
3015.4,0.0004498466720427878
3015.41,0.0004890856448660882
3015.42,0.0005335117156658628
3015.43,0.0005840128394584883
3015.44,0.0006416558864596295
3015.45,0.0007077242267897745
3015.46,0.0007837611400528774
3015.47,0.0008716175437477189
3015.48,0.000973499696216196
3015.49,0.0010920070838683804
3015.5,0.0012301407339333282
3015.51,0.0013912447988340278
3015.52,0.0015788157336248784
3015.53,0.0017960709900961527
3015.54,0.0020451171730136507
3015.55,0.0023255226327623365
3015.56,0.002632158550923542
3015.57,0.0029524793146204356
3015.58,0.0032641446344263084
3015.59,0.00353495131123735
3015.6,0.0037275415621828814
3015.61,0.003809646531529033
3015.62,0.003765833458571373
3015.63,0.0036045007711979923
3015.64,0.0033538222067838164
3015.65,0.0030508882394820387
3015.66,0.0027302756063798204
3015.67,0.0024175083150220497
3015.68,0.002128051366428942
3015.69,0.0018689876964154187
3015.7,0.001641938475191641
3015.71,0.001445397640706726
3015.72,0.0012763789268844632
3015.73,0.0011314111158766311
3015.74,0.0010070738669528372
3015.75,0.0009002491078881386
3015.76,0.0008082117340169516
3015.77,0.000728636910568253
3015.78,0.0006595685980824561
3015.79,0.0005993734893270034
3015.8,0.0005466926353655244
3015.81,0.0005003964435450446
3015.82,0.0004595452318564513
3015.83,0.00042335577970041164
3015.84,0.00039117350301387375
3015.85,0.0003624495667516156
3015.86,0.00033672217608642866
3015.87,0.00031360132943045665
3015.88,0.0002927564024282833
3015.89,0.00027390602875540797
3015.9,0.00025681016207521116
3015.91,0.0002412619999059631
3015.92,0.00022708437260468233
3015.93,0.00021412387226565848
3015.94,0.00020224744582393735
3015.95,0.00019133938191288468
3015.96,0.0001812988649087055
3015.97,0.00017203789373328654
3015.98,0.00016347942162255052
3015.99,0.00015555570877323272
3016.0,0.00014820694420446297
3016.01,0.0001413801387959178
3016.02,0.00013502823157325684
3016.03,0.00012910934618954505
3016.04,0.00012358615613051893
3016.05,0.0001184253355746262
3016.06,0.00011359708328594844
3016.07,0.00010907470937583522
3016.08,0.00010483427643110126
3016.09,0.00010085428690877799
3016.1,9.711540917868053e-05
3016.11,9.360023490930856e-05
3016.12,9.029306041319226e-05
3016.13,8.717968479502421e-05
3016.14,8.424721640192654e-05
3016.15,8.14838790897882e-05
3016.16,7.887880866250079e-05
3016.17,7.642183006012229e-05
3016.18,7.410320792000133e-05
3016.19,7.191336925342185e-05
3016.2,6.984260767218303e-05
3016.21,6.788081525524045e-05
3016.22,6.601727277055724e-05
3016.23,6.424063235193714e-05
3016.24,6.205771025047424e-05
3016.25,6.042234062079977e-05
3016.26,5.884008861255596e-05
3016.27,5.730250203390646e-05
3016.28,5.58039566425423e-05
3016.29,5.434197906676331e-05
3016.3,5.291696747481894e-05
3016.31,5.153140834796079e-05
3016.32,5.018886108055353e-05
3016.33,4.8893011502812274e-05
3016.34,4.764704653188519e-05
3016.35,4.499087191117926e-05
3016.36,4.385791926301025e-05
3016.37,4.277871801127367e-05
3016.38,4.1753081823053925e-05
3016.39,4.07796087657501e-05
3016.4,3.985911145200824e-05
3016.41,3.8989931214417137e-05
3016.42,3.817129230036578e-05
3016.43,3.7402544448654494e-05
3016.44,3.668326777973613e-05
3016.45,3.6013129242837395e-05
3016.46,3.539187291945348e-05
3016.47,3.4819118547606044e-05
3016.48,3.429414203248801e-05
3016.49,3.381533705287725e-05
3016.5,3.337980906121677e-05
3016.51,3.298265806925598e-05
3016.52,3.261638981948996e-05
3016.53,3.227060549434493e-05
3016.54,3.193235186699435e-05
3016.55,3.158746713733724e-05
3016.56,3.1222959387096026e-05
3016.57,3.0829904230596546e-05
3016.58,3.0405827373286044e-05
3016.59,2.9955478084223767e-05
3016.6,2.9489482947034945e-05
3016.61,2.9021388288930115e-05
3016.62,2.856407449379057e-05
3016.63,2.8128501677015423e-05
3016.64,2.7720674247433753e-05
3016.65,2.7342213745602594e-05
3016.66,2.6989788970879126e-05
3016.67,2.665539912273224e-05
3016.68,2.63272870047542e-05
3016.69,2.5991480423710172e-05
3016.7,2.563390209949073e-05
3016.71,2.5242798216733454e-05
3016.72,2.4810950745631967e-05
3016.73,2.4337004720774967e-05
3016.74,2.382545578689536e-05
3016.75,2.3285341392489553e-05
3016.76,2.272816426870834e-05
3016.77,2.2165764708764216e-05
3016.78,2.1608689890144863e-05
3016.79,2.1065299599430218e-05
3016.8,2.0541518127444207e-05
3016.81,2.0041036032885473e-05
3016.82,1.956573007178531e-05
3016.83,1.9116134333541223e-05
3016.84,1.8691864864724855e-05
3016.85,1.8291956241544825e-05
3016.86,1.7915107100654832e-05
3016.87,1.7559859919720414e-05
3016.88,1.72247518613814e-05
3016.89,1.7210875138739192e-05
3016.9,1.691335436168495e-05
3016.91,1.6632578167387277e-05
3016.92,1.6367759702270247e-05
3016.93,1.6118237065221454e-05
3016.94,1.5883473933165804e-05
3016.95,1.566306533592136e-05
3016.96,1.5456734955931728e-05
3016.97,1.5264319521606956e-05
3016.98,1.5085737740151347e-05
3016.99,1.4920939548105118e-05
3017.0,1.4769823307044443e-05
3017.01,1.4632121370142511e-05
3017.02,1.4507229458235737e-05
3017.03,1.439398649137616e-05
3017.04,1.4290413079005868e-05
3017.05,1.4193454081692055e-05
3017.06,1.4098817053789165e-05
3017.07,1.400104434237378e-05
3017.08,1.3893961502894162e-05
3017.09,1.3771556023729367e-05
3017.1,1.3629142066704202e-05
3017.11,1.3464442567272848e-05
3017.12,1.3278142573650913e-05
3017.13,1.3073656848162857e-05
3017.14,1.285622082645113e-05
3017.15,1.2631703528911041e-05
3017.16,1.2405572678914399e-05
3017.17,1.2182257305482308e-05
3017.18,1.196492603627109e-05
3017.19,1.1755562155241684e-05
3017.2,1.1555188475616611e-05
3017.21,1.1364136620138982e-05
3017.22,1.1182254103063608e-05
3017.23,1.1009131710710303e-05
3017.24,1.0844206932060593e-05
3017.25,1.0686858723248694e-05
3017.26,1.053646213093376e-05
3017.27,1.039241990931126e-05
3017.28,1.0254178920281508e-05
3017.29,1.0121236928996039e-05
3017.3,9.993143477085307e-06
3017.31,9.869497568227622e-06
3017.32,9.749943669144221e-06
3017.33,9.634167206377302e-06
3017.34,9.521889928842424e-06
3017.35,9.412865542240711e-06
3017.36,9.306875694258413e-06
3017.37,9.203724339358914e-06
3017.38,9.10324267510413e-06
3017.39,9.005274113860946e-06
3017.4,8.909679972136303e-06
3017.41,8.816335246939501e-06
3017.42,8.725126675097568e-06
3017.43,8.635950999915211e-06
3017.44,8.05213910935099e-06
3017.45,7.969305326197876e-06
3017.46,7.888221575340959e-06
3017.47,7.808813407052248e-06
3017.48,7.731012926515372e-06
3017.49,7.654759026018582e-06
3017.5,7.5799970804598955e-06
3017.51,7.506677995347085e-06
3017.52,7.434756971924109e-06
3017.53,7.364192394314435e-06
3017.54,7.294814880805511e-06
3017.55,7.22684805998522e-06
3017.56,7.1601254397984555e-06
3017.57,7.094612512941249e-06
3017.58,7.030275839821956e-06
3017.59,6.9670830406640095e-06
3017.6,6.904995597356155e-06
3017.61,6.843999043292145e-06
3017.62,6.784056487153062e-06
3017.63,6.725136377979627e-06
3017.64,6.667202685132551e-06
3017.65,6.61021409818795e-06
3017.66,6.554128895815367e-06
3017.67,6.498911440747936e-06
3017.68,6.444539092683829e-06
3017.69,6.391003340972419e-06
3017.7,6.338304443772132e-06
3017.71,6.2864441323020054e-06
3017.72,6.230773865989834e-06
3017.73,5.531496631066895e-06
3017.74,5.48463420580845e-06
3017.75,5.43856308359261e-06
3017.76,5.3932692388628234e-06
3017.77,5.34873876697116e-06
3017.78,5.304958497580511e-06
3017.79,5.2619163434456275e-06
3017.8,5.219601557548519e-06
3017.81,5.1780046391726675e-06
3017.82,5.137117760440628e-06
3017.83,5.096934584805634e-06
3017.84,5.057450228334028e-06
3017.85,5.018660827745393e-06
3017.86,4.980680096355951e-06
3017.87,4.943268475710402e-06
3017.88,4.9065318576039466e-06
3017.89,4.870457281725011e-06
3017.9,4.835036649614693e-06
3017.91,4.8002772303855866e-06
3017.92,4.766204013786513e-06
3017.93,4.732854113302817e-06
3017.94,4.700259317422654e-06
3017.95,4.668459137380778e-06
3017.96,4.637494899719232e-06
3017.97,4.607416737525322e-06
3017.98,4.578288094568045e-06
3017.99,4.550190403027497e-06
3018.0,4.523228666007011e-06
3018.01,4.497538730270787e-06
3018.02,4.4732971265145115e-06
3018.03,4.450734608757503e-06
3018.04,4.430154974257668e-06
3018.05,4.411961450877573e-06
3018.06,4.396693873602407e-06
3018.07,4.385080993720523e-06
3018.08,4.378113187044574e-06
3018.09,4.377140188850567e-06
3018.1,4.383992075053131e-06
3018.11,4.401097861858961e-06
3018.12,4.431505342460803e-06
3018.13,4.478524913554287e-06
3018.14,4.544345050682386e-06
3018.15,4.626491928295476e-06
3018.16,4.7119484102130625e-06
3018.17,4.772960554219e-06
3018.18,4.7766715753993644e-06
3018.19,4.7100008293627674e-06
3018.2,4.592219725515772e-06
3018.21,4.4568877867782446e-06
3018.22,4.328802164142646e-06
3018.23,4.2181987667016055e-06
3018.24,4.126135419171323e-06
3018.25,4.049981534855494e-06
3018.26,3.986413881263193e-06
3018.27,3.985153511333787e-06
3018.28,3.9388492232686744e-06
3018.29,3.898197333552801e-06
3018.3,3.861939812389561e-06
3018.31,3.829157767150043e-06
3018.32,3.7991796745253473e-06
3018.33,3.7715114122211736e-06
3018.34,3.745785614637299e-06
3018.35,3.7217215482392035e-06
3018.36,3.699091059720947e-06
3018.37,3.6776854520771987e-06
3018.38,3.657282003789168e-06
3018.39,3.6376190693654568e-06
3018.4,3.6183870894747035e-06
3018.41,3.5992611219808814e-06
3018.42,3.5799758514366825e-06
3018.43,3.5604070559703234e-06
3018.44,3.54060787199208e-06
3018.45,3.5207605500043077e-06
3018.46,3.5010889025002915e-06
3018.47,3.481782364449409e-06
3018.48,3.462963193529887e-06
3018.49,3.444689279779265e-06
3018.5,3.4269724799399154e-06
3018.51,3.4097978157001716e-06
3018.52,3.393137662071129e-06
3018.53,3.376960387680276e-06
3018.54,3.3612348021098114e-06
3018.55,3.3459319537409728e-06
3018.56,3.3310255517955914e-06
3018.57,3.3164920852391677e-06
3018.58,3.3023115733331957e-06
3018.59,3.288469700365445e-06
3018.6,3.2749604766037013e-06
3018.61,3.261791095867848e-06
3018.62,3.248986055547543e-06
3018.63,3.2365936299571444e-06
3018.64,3.224696669955369e-06
3018.65,3.2134300763432472e-06
3018.66,3.2029962409358016e-06
3018.67,3.1936355818128243e-06
3018.68,3.185376584350137e-06
3018.69,3.1773161718714783e-06
3018.7,3.1683995350166443e-06
3018.71,3.155374766144316e-06
3018.72,3.141016240647303e-06
3018.73,3.1272229113197644e-06
3018.74,3.114549501506058e-06
3018.75,3.1028562243104206e-06
3018.76,3.09190464129925e-06
3018.77,3.081515193985599e-06
3018.78,3.0715739012722042e-06
3018.79,3.0620118966086313e-06
3018.8,3.0527883711995517e-06
3018.81,3.043879647639017e-06
3018.82,3.0352726711618676e-06
3018.83,3.02696125083696e-06
3018.84,3.0189439513525007e-06
3018.85,3.011222972338471e-06
3018.86,3.0038036290155573e-06
3018.87,2.996694217268836e-06
3018.88,2.9899061497823553e-06
3018.89,2.9834543146428662e-06
3018.9,2.977357650734516e-06
3018.91,2.9716399663432876e-06
3018.92,2.9663310558734913e-06
3018.93,2.961468199534472e-06
3018.94,2.9570981655888675e-06
3018.95,2.9532798757496078e-06
3018.96,2.9500840661140487e-06
3018.97,2.9476134538938713e-06
3018.98,2.949067996389034e-06
3018.99,2.9484641510437957e-06
3019.0,2.9490552427520567e-06
3019.01,2.9510880480518683e-06
3019.02,2.9548607128743257e-06
3019.03,2.9607063235162734e-06
3019.04,2.9689327410220793e-06
3019.05,2.979674046732469e-06
3019.06,2.9926029597020457e-06
3019.07,3.0065253884489373e-06
3019.08,3.019147099998987e-06
3019.09,3.0275703130628094e-06
3019.1,3.029859267975761e-06
3019.11,3.0265823318411667e-06
3019.12,3.0207367315189446e-06
3019.13,3.0162433756669316e-06
3019.14,3.01677415020015e-06
3019.15,3.0257821089431515e-06
3019.16,3.0472935854581923e-06
3019.17,3.08623031908027e-06
3019.18,3.1444070209586947e-06
3019.19,3.205064989783399e-06
3019.2,3.224878344791487e-06
3019.21,3.1874209634002918e-06
3019.22,3.1318803638528733e-06
3019.23,3.090557835666425e-06
3019.24,3.0683755794490005e-06
3019.25,3.0609755119988117e-06
3019.26,3.064135383333749e-06
3019.27,3.075217150059899e-06
3019.28,3.0927501035028777e-06
3019.29,3.115963483547748e-06
3019.3,3.144455355864374e-06
3019.31,3.1779697549913103e-06
3019.32,3.216220906485239e-06
3019.33,3.2587276661240188e-06
3019.34,3.3046423203790285e-06
3019.35,3.3525768251956638e-06
3019.36,3.4004820934951844e-06
3019.37,3.4455924701547666e-06
3019.38,3.4845891818844914e-06
3019.39,3.5139905325000663e-06
3019.4,3.5307656618060573e-06
3019.41,3.5330137635106808e-06
3019.42,3.5204572028908224e-06
3019.43,3.4945208810976095e-06
3019.44,3.4579107937771134e-06
3019.45,1.8973499682802822e-06
3019.46,1.85632739126639e-06
3019.47,1.8129900952678e-06
3019.48,1.7700180900226399e-06
3019.49,1.729610823146635e-06
3019.5,1.6929423073842323e-06
3019.51,1.6604331585582807e-06
3019.52,1.6321089181584542e-06
3019.53,1.6077929070737917e-06
3019.54,1.5872108161795046e-06
3019.55,1.566523921222325e-06
3019.56,1.5524390907517344e-06
3019.57,1.5410971106906836e-06
3019.58,1.5321719009300124e-06
3019.59,1.5253459205706545e-06
3019.6,1.5203246001882727e-06
3019.61,1.5168664275051985e-06
3019.62,1.5148038573574329e-06
3019.63,1.514016230260015e-06
3019.64,1.5144105118865095e-06
3019.65,1.5158922312127722e-06
3019.66,1.5183662946422967e-06
3019.67,1.5217416708307017e-06
3019.68,1.5259352543211333e-06
3019.69,1.5308734746103187e-06
3019.7,1.5364923465556703e-06
3019.71,1.5427367156279137e-06
3019.72,1.5495592325621856e-06
3019.73,1.5569193285357575e-06
3019.74,1.5647822969921616e-06
3019.75,1.5731185089967863e-06
3019.76,1.5819027571304852e-06
3019.77,1.5911137126080842e-06
3019.78,1.6007334783289458e-06
3019.79,1.610747220993037e-06
3019.8,1.6211428654335407e-06
3019.81,1.631910831932336e-06
3019.82,1.6430437897986497e-06
3019.83,1.6545363812906894e-06
3019.84,1.6663848228701437e-06
3019.85,1.6785861831365719e-06
3019.86,1.6911369422422353e-06
3019.87,1.7040305402073722e-06
3019.88,1.7172547112649134e-06
3019.89,1.730793422473775e-06
3019.9,2.570580217632184e-06
3019.91,2.5875692703172877e-06
3019.92,2.60491810474594e-06
3019.93,2.622657777509946e-06
3019.94,2.6408144705725125e-06
3019.95,2.659410531008702e-06
3019.96,2.678467951534261e-06
3019.97,2.698011185660931e-06
3019.98,2.7180689090750573e-06
3019.99,2.7386751809059596e-06
3020.0,2.759870225953305e-06
3020.01,2.781700812464812e-06
3020.02,2.8042197730456223e-06
3020.03,2.827483873072225e-06
3020.04,2.8515485848955736e-06
3020.05,2.8764574361666568e-06
3020.06,2.9022232467946645e-06
3020.07,2.9287992533071866e-06
3020.08,2.956043086623118e-06
3020.09,2.9836880804832546e-06
3020.1,3.011352178964944e-06
3020.11,3.0386178771511733e-06
3020.12,3.065181324517653e-06
3020.13,3.0909950021555453e-06
3020.14,3.1163144170016045e-06
3020.15,3.1418023932752495e-06
3020.16,3.167552687061304e-06
3020.17,3.194194444933062e-06
3020.18,3.2220316650064e-06
3020.19,3.2512599589869966e-06
3020.2,3.2820031774488763e-06
3020.21,3.3143418219212484e-06
3020.22,3.3483668956284187e-06
3020.23,3.3841545269753654e-06
3020.24,3.4218044167327817e-06
3020.25,3.461439306714542e-06
3020.26,3.5032095795225603e-06
3020.27,3.5472971520099524e-06
3020.28,3.593919425324169e-06
3020.29,3.643333749145086e-06
3020.3,3.695842671527114e-06
3020.31,3.7518001265908072e-06
3020.32,3.8116186462213345e-06
3020.33,3.875788730782531e-06
3020.34,3.9448430129128555e-06
3020.35,4.019432672369447e-06
3020.36,4.100291577151229e-06
3020.37,4.188254227007435e-06
3020.38,4.284258389999501e-06
3020.39,4.3893366084575065e-06
3020.4,4.50459668598968e-06
3020.41,4.631171870722257e-06
3020.42,4.770132762783911e-06
3020.43,4.9223382210026045e-06
3020.44,5.08820150877202e-06
3020.45,5.2673482761154e-06
3020.46,5.458156546808772e-06
3020.47,5.657207010932559e-06
3020.48,5.858425714184058e-06
3020.49,6.054057585132216e-06
3020.5,6.232960356824687e-06
3020.51,6.3829702315540475e-06
3020.52,6.492577972355305e-06
3020.53,6.553454198570293e-06
3020.54,6.562610584316456e-06
3020.55,6.523242105848204e-06
3020.56,6.443835236406595e-06
3020.57,6.335979003486895e-06
3020.58,6.211735333016053e-06
3020.59,6.082106453527661e-06
3020.6,5.955323559565747e-06
3020.61,5.837087194185964e-06
3020.62,5.730778508293364e-06
3020.63,5.637998760242554e-06
3020.64,5.559117307250377e-06
3020.65,5.493728065962676e-06
3020.66,5.440988378082382e-06
3020.67,5.3998493297764176e-06
3020.68,5.36920310136654e-06
3020.69,5.3479697300521946e-06
3020.7,5.335144367322585e-06
3020.71,5.3298186946464975e-06
3020.72,5.331187216825464e-06
3020.73,5.338544742360137e-06
3020.74,5.351279576692199e-06
3020.75,5.368864236282479e-06
3020.76,5.390846175810292e-06
3020.77,5.416838602585389e-06
3020.78,5.446512076903548e-06
3020.79,5.47958699399878e-06
3020.8,5.515826960763687e-06
3020.81,5.555033029403787e-06
3020.82,5.5970387381832e-06
3020.83,5.641705902171167e-06
3020.84,5.688921084369106e-06
3020.85,5.738592666603636e-06
3020.86,5.790648438339807e-06
3020.87,5.84503362946784e-06
3020.88,5.901709325707344e-06
3020.89,5.9606512173158145e-06
3020.9,6.021848628171028e-06
3020.91,6.085303869974227e-06
3020.92,6.151031691758793e-06
3020.93,6.219059058201967e-06
3020.94,6.289425041642478e-06
3020.95,6.362180942963626e-06
3020.96,6.437390787658781e-06
3020.97,6.515132504538329e-06
3020.98,6.595500010462628e-06
3020.99,6.678605607265766e-06
3021.0,6.764581816036246e-06
3021.01,6.853590870105836e-06
3021.02,6.9458146135819955e-06
3021.03,7.041467658894959e-06
3021.04,7.140800336843194e-06
3021.05,7.244106424266144e-06
3021.06,7.3517327070332185e-06
3021.07,7.464091201791635e-06
3021.08,7.581674846587609e-06
3021.09,7.70507784047994e-06
3021.1,7.835022612784235e-06
3021.11,7.972394920256996e-06
3021.12,8.118291196367621e-06
3021.13,8.274081783492102e-06
3021.14,8.4414967329478e-06
3021.15,8.622743399477201e-06
3021.16,8.830488086782215e-06
3021.17,9.048907220968553e-06
3021.18,9.292619996671844e-06
3021.19,9.56815339714568e-06
3021.2,9.884276557853955e-06
3021.21,1.0252825072252882e-05
3021.22,1.0689730116764797e-05
3021.23,1.12160799157161e-05
3021.24,1.1858519019894482e-05
3021.25,1.2647004232681796e-05
3021.26,1.3605107659447073e-05
3021.27,1.4723877103414727e-05
3021.28,1.5914269039766875e-05
3021.29,1.6959026451035137e-05
3021.3,1.755653096423149e-05
3021.31,1.751605307487904e-05
3021.32,1.693012588219121e-05
3021.33,1.6087269479706487e-05
3021.34,1.525071941019399e-05
3021.35,1.4554823227326189e-05
3021.36,1.4032727598979707e-05
3021.37,1.366914321561005e-05
3021.38,1.343507765102807e-05
3021.39,1.3302449098728431e-05
3021.4,1.3248380513565983e-05
3021.41,1.3255454167267594e-05
3021.42,1.3310774380358422e-05
3021.43,1.3404890911234748e-05
3021.44,1.35309996457692e-05
3021.45,1.368382240719468e-05
3021.46,1.3859751206931176e-05
3021.47,1.4056057998945486e-05
3021.48,1.4274057210889913e-05
3021.49,1.450568555906866e-05
3021.5,1.4752015631332514e-05
3021.51,1.5014721196518103e-05
3021.52,1.5292144307684263e-05
3021.53,1.558403016550805e-05
3021.54,1.5890296597792586e-05
3021.55,1.6211009115417508e-05
3021.56,1.6555208421695426e-05
3021.57,1.6905574640824286e-05
3021.58,1.72712926512336e-05
3021.59,1.7652859299738535e-05
3021.6,1.8050858587571914e-05
3021.61,1.8465962004913657e-05
3021.62,1.8898933888029013e-05
3021.63,1.9388388808463708e-05
3021.64,1.9860333973097427e-05
3021.65,2.035316624235735e-05
3021.66,2.086822663846395e-05
3021.67,2.140711061733727e-05
3021.68,2.1971763039502826e-05
3021.69,2.2564632383860016e-05
3021.7,2.3188914937084804e-05
3021.71,2.384890679340341e-05
3021.72,2.4550358616942725e-05
3021.73,2.5300164512240265e-05
3021.74,2.6103082616160966e-05
3021.75,2.6952062410615923e-05
3021.76,2.781216819676705e-05
3021.77,2.8641784634866905e-05
3021.78,2.9441336149214883e-05
3021.79,3.025797107719179e-05
3021.8,3.113194793439971e-05
3021.81,3.207667667043075e-05
3021.82,3.309245135482804e-05
3021.83,3.417758838658513e-05
3021.84,3.533180657206581e-05
3021.85,3.655655373898218e-05
3021.86,3.7854684912533495e-05
3021.87,3.9230105802390885e-05
3021.88,4.0687777163777416e-05
3021.89,4.223332157150468e-05
3021.9,4.3873188891577704e-05
3021.91,4.561461856782129e-05
3021.92,4.746568250317131e-05
3021.93,4.943535230231338e-05
3021.94,5.153358689828017e-05
3021.95,5.3771440289872436e-05
3021.96,5.6160366253917986e-05
3021.97,5.871566244038124e-05
3021.98,6.145169711285004e-05
3021.99,6.438541015633572e-05
3022.0,6.753571856803745e-05
3022.01,7.092378349508656e-05
3022.02,7.457331846699234e-05
3022.03,7.851094528601932e-05
3022.04,8.276677957210453e-05
3022.05,8.737420945337083e-05
3022.06,9.237147602020733e-05
3022.07,9.78016493127007e-05
3022.08,0.00010371347594173554
3022.09,0.00011016225201368993
3022.1,0.00011721077234986698
3022.11,0.00012493042074650492
3022.12,0.00013340240019536013
3022.13,0.0001427191041433848
3022.14,0.00015298507749656202
3022.15,0.00016432078016703416
3022.16,0.00017686097238879395
3022.17,0.00019075843236447172
3022.18,0.0002061846795971766
3022.19,0.0002233306320414861
3022.2,0.00024240614616191089
3022.21,0.0002636376612062247
3022.22,0.0002872612709387137
3022.23,0.00031351877019124134
3022.24,0.0003426314331855212
3022.25,0.000374779296175514
3022.26,0.00041005955084637806
3022.27,0.0004484299931528358
3022.28,0.0004896342479816859
3022.29,0.0005331111054881676
3022.3,0.0005778984805191772
3022.31,0.0006225532138162772
3022.32,0.0006651272457231191
3022.33,0.0007032423253207544
3022.34,0.0007343048541468851
3022.35,0.0007558630094017094
3022.36,0.0007660423655178522
3022.37,0.0007639373502018152
3022.38,0.000749817781588451
3022.39,0.0007250682609755277
3022.4,0.0006918851400348802
3022.41,0.0006528477308873072
3022.42,0.0006105054212471354
3022.43,0.0005670804877030579
3022.44,0.0005243181851109762
3022.45,0.0004834619515243481
3022.46,0.00044530842714834604
3022.47,0.0004102985393355577
3022.48,0.0003786138972767387
3022.49,0.00035026197960885143
3022.5,0.00032514360075876203
3022.51,0.00030310271927275846
3022.52,0.0002839617775943197
3022.53,0.00026754148326470456
3022.54,0.00025367880811044083
3022.55,0.0002422308187204916
3022.56,0.00023307625612151031
3022.57,0.00022611059435286636
3022.58,0.000221234300413988
3022.59,0.00021833242393644382
3022.6,0.00021724340709257728
3022.61,0.00021771643286545912
3022.62,0.00021936138113777095
3022.63,0.0002216050403672556
3022.64,0.00022368074378012267
3022.65,0.00022468359440529532
3022.66,0.0002237193470139991
3022.67,0.0002201136760047571
3022.68,0.00021360510282110063
3022.69,0.0002044176312675924
3022.7,0.00019317052174680737
3022.71,0.000180677327158959
3022.72,0.00016773707872616743
3022.73,0.0001549956425946933
3022.74,0.0001428956094277803
3022.75,0.00013169036066112006
3022.76,0.00012148767955762183
3022.77,0.0001122975813823074
3022.78,0.00010407203788871003
3022.79,9.67333972947945e-05
3022.8,9.019272702362474e-05
3022.81,8.436065513450547e-05
3022.82,7.915318475742601e-05
3022.83,7.449436367879649e-05
3022.84,7.031715349148662e-05
3022.85,6.656327817742933e-05
3022.86,6.318260042487272e-05
3022.87,6.013230460075406e-05
3022.88,5.7376053255904326e-05
3022.89,5.488320359731342e-05
3022.9,5.2628126279416196e-05
3022.91,5.059037555281845e-05
3022.92,4.875134273239664e-05
3022.93,4.709833069220958e-05
3022.94,4.562149661746652e-05
3022.95,4.431458778471189e-05
3022.96,4.317514742986857e-05
3022.97,4.220496148894636e-05
3022.98,4.141083185344836e-05
3022.99,4.080580859683455e-05
3023.0,4.041109400496389e-05
3023.01,4.025896181736896e-05
3023.02,4.0397252363653114e-05
3023.03,4.089636985595006e-05
3023.04,4.186033106314663e-05
3023.05,4.344445233611838e-05
3023.06,4.588392152504306e-05
3023.07,4.9539702567981034e-05
3023.08,5.496913712039878e-05
3023.09,6.301865703947612e-05
3023.1,7.486457542529868e-05
3023.11,9.168139437335397e-05
3023.12,0.00011290226511631787
3023.13,0.00013224536189660488
3023.14,0.00013751702519780609
3023.15,0.00012404730090822663
3023.16,0.00010173971388180498
3023.17,8.103064201072312e-05
3023.18,6.528921040802147e-05
3023.19,5.404217285408953e-05
3023.2,4.604874871771271e-05
3023.21,4.027102476089651e-05
3023.22,3.599207400467181e-05
3023.23,3.2740764141796105e-05
3023.24,3.020888842234202e-05
3023.25,2.8192306135148583e-05
3023.26,2.6553254753664942e-05
3023.27,2.5196823329326412e-05
3023.28,2.405626479702728e-05
3023.29,2.3083707412373335e-05
3023.3,2.2244181001697923e-05
3023.31,2.1511703359132426e-05
3023.32,2.0866667832244315e-05
3023.33,2.0294068458537635e-05
3023.34,1.9782272598448966e-05
3023.35,1.9322159101606292e-05
3023.36,1.8906504004867265e-05
3023.37,1.8529536809845854e-05
3023.38,1.818661612682588e-05
3023.39,1.787399011186238e-05
3023.4,1.7588417189307414e-05
3023.41,1.732783808280811e-05
3023.42,1.7090062878475248e-05
3023.43,1.6873506132123418e-05
3023.44,1.6676926965903275e-05
3023.45,1.649938714580544e-05
3023.46,1.6340220482868294e-05
3023.47,1.6199010815429195e-05
3023.48,1.6075576041231677e-05
3023.49,1.5969955462933794e-05
3023.5,1.5882396985510516e-05
3023.51,1.58133392780056e-05
3023.52,1.5763381614966706e-05
3023.53,1.5733230430476675e-05
3023.54,1.572430638177342e-05
3023.55,1.5735793105415094e-05
3023.56,1.576858477478966e-05
3023.57,1.5822139725008377e-05
3023.58,1.5894709119414163e-05
3023.59,1.598280779166949e-05
3023.6,1.6080744919012435e-05
3023.61,1.6180383375185386e-05
3023.62,1.6271302951621675e-05
3023.63,1.6341566123311395e-05
3023.64,1.6379276751130825e-05
3023.65,1.637184041522057e-05
3023.66,1.6320416480718043e-05
3023.67,1.6223234302078048e-05
3023.68,1.6087596989110392e-05
3023.69,1.5925183217707716e-05
3023.7,1.5749679586717224e-05
3023.71,1.557470788201817e-05
3023.72,1.541271435006583e-05
3023.73,1.52750260690313e-05
3023.74,1.517339326743209e-05
3023.75,1.5120879718066147e-05
3023.76,1.5137693762036369e-05
3023.77,1.5253995548681832e-05
3023.78,1.550819187445506e-05
3023.79,1.5903029753145917e-05
3023.8,1.6266589093056677e-05
3023.81,1.624909761636768e-05
3023.82,1.5819456541982935e-05
3023.83,1.5311367657415803e-05
3023.84,1.4921213957372891e-05
3023.85,1.4662644262125985e-05
3023.86,1.450128620837683e-05
3023.87,1.440662074905174e-05
3023.88,1.435869487758901e-05
3023.89,1.4345343856688232e-05
3023.9,1.4359365932325724e-05
3023.91,1.4396611398359992e-05
3023.92,1.4454879016474996e-05
3023.93,1.453329718186223e-05
3023.94,1.4631991127873119e-05
3023.95,1.4751924711163473e-05
3023.96,1.4894856450954253e-05
3023.97,1.5063382183929897e-05
3023.98,1.526105467484052e-05
3023.99,1.549258399360241e-05
3024.0,1.5764133891098092e-05
3024.01,1.6083739736306432e-05
3024.02,1.6461887554328224e-05
3024.03,1.691230250093069e-05
3024.04,1.7453011020891824e-05
3024.05,1.8107729446659798e-05
3024.06,1.8907582517326093e-05
3024.07,1.9892972752515723e-05
3024.08,2.111492341806939e-05
3024.09,2.2634001651589188e-05
3024.1,2.4512293140432005e-05
3024.11,2.678922583555813e-05
3024.12,2.9427351129689548e-05
3024.13,3.222153451790792e-05
3024.14,3.4718686100370286e-05
3024.15,3.6274922864936894e-05
3024.16,3.63783568202446e-05
3024.17,3.502485830240955e-05
3024.18,3.272145922190522e-05
3024.19,3.011304467892006e-05
3024.2,2.7656357742032565e-05
3024.21,2.5559635957542196e-05
3024.22,2.3862023211963916e-05
3024.23,2.2524759230322864e-05
3024.24,2.1485913288564412e-05
3024.25,2.0684880796520803e-05
3024.26,2.0070561728895755e-05
3024.27,1.9602501458666254e-05
3024.28,1.9249574534612622e-05
3024.29,1.8988130821961484e-05
3024.3,1.880029039194914e-05
3024.31,1.867255771507218e-05
3024.32,1.859470469786329e-05
3024.33,1.855873533449001e-05
3024.34,1.855762459777431e-05
3024.35,1.8583898326508045e-05
3024.36,1.862965686128508e-05
3024.37,1.868971755739961e-05
3024.38,1.8763873142440124e-05
3024.39,1.8854024067489652e-05
3024.4,1.896085536425291e-05
3024.41,1.908358990277664e-05
3024.42,1.9220917216860832e-05
3024.43,1.9371575913374774e-05
3024.44,1.95345285483237e-05
3024.45,1.9708968949128616e-05
3024.46,1.9894283826657225e-05
3024.47,2.008969497550217e-05
3024.48,2.0295496898420517e-05
3024.49,2.0511124565206444e-05
3024.5,2.073641003791677e-05
3024.51,2.0971248383147996e-05
3024.52,2.1215589812236296e-05
3024.53,2.146943227747586e-05
3024.54,2.1732816401297204e-05
3024.55,2.200582189810731e-05
3024.56,2.228856522998275e-05
3024.57,2.2581198361252482e-05
3024.58,2.2883908579898662e-05
3024.59,2.3196919454882968e-05
3024.6,2.3520493109113087e-05
3024.61,2.3854934124618747e-05
3024.62,2.4200595567551573e-05
3024.63,2.455788783384881e-05
3024.64,2.4927291252423672e-05
3024.65,2.5309373574719256e-05
3024.66,2.5704813398886935e-05
3024.67,2.611442957754252e-05
3024.68,2.6503135667942782e-05
3024.69,2.6944732064519005e-05
3024.7,2.7404009576133347e-05
3024.71,2.7882275375507572e-05
3024.72,2.8380252349692357e-05
3024.73,2.8900597407130504e-05
3024.74,2.943159616665912e-05
3024.75,2.9968789676678392e-05
3024.76,3.0503883748531097e-05
3024.77,3.1035002044519546e-05
3024.78,3.156890683365046e-05
3024.79,3.211580554501037e-05
3024.8,3.2683515419484245e-05
3024.81,3.327595041174269e-05
3024.82,3.389444387289404e-05
3024.83,3.453920856471177e-05
3024.84,3.5210207128075464e-05
3024.85,3.590750935504843e-05
3024.86,3.663139654899407e-05
3024.87,3.738243730628503e-05
3024.88,3.816118297197185e-05
3024.89,3.896856124745562e-05
3024.9,3.980557414102414e-05
3024.91,4.067335220848262e-05
3024.92,4.157314446615076e-05
3024.93,4.250631256179687e-05
3024.94,4.3474329382241525e-05
3024.95,4.4478778294132345e-05
3024.96,4.552135647143076e-05
3024.97,4.660387890058243e-05
3024.98,4.7728284016290766e-05
3024.99,4.8896640605037354e-05
3025.0,5.0111155889219626e-05
3025.01,5.137418475433982e-05
3025.02,5.268824012482731e-05
3025.03,5.405600452434129e-05
3025.04,5.54803454221086e-05
3025.05,5.696431924580342e-05
3025.06,5.851120212138464e-05
3025.07,6.012449695611263e-05
3025.08,6.180795483784132e-05
3025.09,6.35655958269853e-05
3025.1,6.540173185436268e-05
3025.11,6.732028459251061e-05
3025.12,6.932765347301114e-05
3025.13,7.14284702668396e-05
3025.14,7.362849350732891e-05
3025.15,7.592441982604966e-05
3025.16,7.834205931449929e-05
3025.17,8.087917350262295e-05
3025.18,8.354330791724195e-05
3025.19,8.634305889236098e-05
3025.2,8.928759475015036e-05
3025.21,9.238686219018218e-05
3025.22,9.56516656168131e-05
3025.23,9.909375585319607e-05
3025.24,0.00010272592945857994
3025.25,0.00010656214003680522
3025.26,0.00011061762309053426
3025.27,0.00011490903613736912
3025.28,0.00011945461581359352
3025.29,0.00012427740387199802
3025.3,0.00012939326058227017
3025.31,0.00013482931794259198
3025.32,0.0001406120689558332
3025.33,0.0001467706389692775
3025.34,0.0001533370342553912
3025.35,0.00016034639567788007
3025.36,0.00016783726617009077
3025.37,0.00017585191356837585
3025.38,0.0001844368039168148
3025.39,0.0001936433684725833
3025.4,0.00020352917569951858
3025.41,0.00021415944023740313
3025.42,0.00022560855453147992
3025.43,0.00023796128126888592
3025.44,0.0002513125091084242
3025.45,0.0002657720257131379
3025.46,0.00028145937875867375
3025.47,0.0002985095062467337
3025.48,0.00031707372446744384
3025.49,0.0003373221336376517
3025.5,0.00035944631176878904
3025.51,0.0003836622330497613
3025.52,0.0004102133640537912
3025.53,0.00043937386694401604
3025.54,0.00047145178436265784
3025.55,0.0005067919841988202
3025.56,0.0005457784950912188
3025.57,0.0005888356491128478
3025.58,0.0006364271410224805
3025.59,0.0006890515097292175
3025.6,0.0007472331685080982
3025.61,0.000811503709849175
3025.62,0.0008823733255923831
3025.63,0.0009602850698248416
3025.64,0.0010455474267937464
3025.65,0.0011382391389625755
3025.66,0.0012380816647730478
3025.67,0.0013442788356022614
3025.68,0.0014553322908553007
3025.69,0.0015688567144303569
3025.7,0.0016814405470391505
3025.71,0.0017886209003064293
3025.72,0.0018850537574034592
3025.73,0.0019649435903380036
3025.74,0.002022734112623181
3025.75,0.002053958282885622
3025.76,0.0020578805083569674
3025.77,0.002030652359135115
3025.78,0.0019764438891924667
3025.79,0.0018993424127664253
3025.8,0.0018048823942954176
3025.81,0.0016988727474190532
3025.82,0.0015867534678654766
3025.83,0.001473127310367885
3025.84,0.0013615560314546031
3025.85,0.0012545638286637322
3025.86,0.0011537614106052851
3025.87,0.001060033278724223
3025.88,0.0009737204534042617
3025.89,0.0008947859599733813
3025.9,0.0008229471121238761
3025.91,0.0007577750406007373
3025.92,0.0006987656772577752
3025.93,0.0006453880720775328
3025.94,0.0005971156445417804
3025.95,0.0005534452349192553
3025.96,0.0005139077063373654
3025.97,0.0004780729047741844
3025.98,0.00044555098417780475
3025.99,0.0004159914924479349
3026.0,0.0003890811644141216
3026.01,0.0003645410472914384
3026.02,0.00034212336004109075
3026.03,0.00032160833533197256
3026.04,0.0003028011908656995
3026.05,0.0002855293101730873
3026.06,0.0002696396702042447
3026.07,0.00025499652608674075
3026.08,0.00024147934732032803
3026.09,0.00022898099050539748
3026.1,0.00021740608913530768
3026.11,0.00020666963922751213
3026.12,0.0001966957599816653
3026.13,0.00018741661029612303
3026.14,0.00017877144360565185
3026.15,0.00017070578234364175
3026.16,0.00016317069349859422
3026.17,0.0001561221523425909
3026.18,0.00014952048564126038
3026.19,0.0001433298882826421
3026.2,0.00013751799557909402
3026.21,0.00013205551262377476
3026.22,0.00012691588609430903
3026.23,0.0001220750155129417
3026.24,0.0001175109979138969
3026.25,0.00011320390109970216
3026.26,0.00010913556006608851
3026.27,0.00010528939531656769
3026.28,0.00010165024878730688
3026.29,9.820426357831912e-05
3026.3,9.493882923959336e-05
3026.31,9.184242881289034e-05
3026.32,8.890462097503408e-05
3026.33,8.611589269704337e-05
3026.34,8.346752113369776e-05
3026.35,8.095142847501829e-05
3026.36,7.856002513583194e-05
3026.37,7.628601181654252e-05
3026.38,7.412211888838075e-05
3026.39,7.206079143983604e-05
3026.4,7.00938894568895e-05
3026.41,6.821256029715325e-05
3026.42,6.640750404553304e-05
3026.43,6.466978645091039e-05
3026.44,6.299203942621628e-05
3026.45,6.136950921575339e-05
3026.46,5.980031895814547e-05
3026.47,5.8284760617057355e-05
3026.48,5.682405095479047e-05
3026.49,5.541920843729549e-05
3026.5,5.407043684128727e-05
3026.51,5.2777009934833534e-05
3026.52,5.1537450476376685e-05
3026.53,5.0349800905061654e-05
3026.54,4.92118689027456e-05
3026.55,4.8121407340097154e-05
3026.56,4.7076229607249854e-05
3026.57,4.607427591294727e-05
3026.58,4.5113647173131417e-05
3026.59,4.419261948484446e-05
3026.6,4.3309648044655286e-05
3026.61,4.246336605553622e-05
3026.62,4.165258183508529e-05
3026.63,4.087627577322192e-05
3026.64,4.013359773826225e-05
3026.65,3.9423864744834684e-05
3026.66,3.874655797551389e-05
3026.67,3.810131739865625e-05
3026.68,3.7487931087500376e-05
3026.69,3.690631474915752e-05
3026.7,3.635647479140375e-05
3026.71,3.583844546665438e-05
3026.72,3.535218750376626e-05
3026.73,3.489743328542452e-05
3026.74,3.447346405808609e-05
3026.75,3.407881267789418e-05
3026.76,3.370212685395166e-05
3026.77,3.335699937497155e-05
3026.78,3.3028846792831015e-05
3026.79,3.2710301881967866e-05
3026.8,3.2392943985692814e-05
3026.81,3.2068485417019594e-05
3026.82,3.17304067699678e-05
3026.83,3.1375565222805765e-05
3026.84,3.100911650879902e-05
3026.85,3.0628543664949437e-05
3026.86,3.0246287729983436e-05
3026.87,2.987229368341766e-05
3026.88,2.9516432214106946e-05
3026.89,2.918748018928518e-05
3026.9,2.889270516216043e-05
3026.91,2.863775013418482e-05
3026.92,2.8426776215862655e-05
3026.93,2.8262455038361576e-05
3026.94,2.81456907264099e-05
3026.95,2.807502413608982e-05
3026.96,2.8045998547942544e-05
3026.97,2.8050905659256832e-05
3026.98,2.8079006176866666e-05
3026.99,2.873509525798474e-05
3027.0,2.8775213556790488e-05
3027.01,2.8807600266831762e-05
3027.02,2.8832934782506322e-05
3027.03,2.8858521386423348e-05
3027.04,2.88944207959105e-05
3027.05,3.084841405174806e-05
3027.06,3.0930401801971886e-05
3027.07,3.097300124336448e-05
3027.08,3.106673479492255e-05
3027.09,3.1136875159813984e-05
3027.1,3.11574867863448e-05
3027.11,3.110254048871523e-05
3027.12,3.0950496520291374e-05
3027.13,3.068847952818248e-05
3027.14,3.0314834171656945e-05
3027.15,2.9839229087195618e-05
3027.16,2.9280722811091424e-05
3027.17,2.866239145048628e-05
3027.18,2.8009543025940426e-05
3027.19,2.7344819034134396e-05
3027.2,2.668705748348252e-05
3027.21,2.6049958521163592e-05
3027.22,2.5442745826731474e-05
3027.23,2.487078472155127e-05
3027.24,2.4336475949556976e-05
3027.25,2.3840109597681637e-05
3027.26,2.3380580462424078e-05
3027.27,2.2955938098286575e-05
3027.28,2.2563782822050706e-05
3027.29,2.220153608754708e-05
3027.3,2.1866614845031222e-05
3027.31,2.1556540236858424e-05
3027.32,2.1269002297036126e-05
3027.33,2.100189116992131e-05
3027.34,2.0753300780526228e-05
3027.35,2.0521521006959786e-05
3027.36,2.0305024568459886e-05
3027.37,2.010245378976878e-05
3027.38,1.991260588545664e-05
3027.39,1.9734417690006597e-05
3027.4,1.9566950775625672e-05
3027.41,1.989273436156444e-05
3027.42,1.974645714298127e-05
3027.43,1.960871653052918e-05
3027.44,1.947894804975437e-05
3027.45,1.935665620205379e-05
3027.46,1.9241407215339456e-05
3027.47,1.913282290029664e-05
3027.48,1.903057607574159e-05
3027.49,1.8934384127149053e-05
3027.5,1.8844008999893612e-05
3027.51,1.8759252420030263e-05
3027.52,1.8679954660700798e-05
3027.53,1.860599349182616e-05
3027.54,1.853728386223961e-05
3027.55,1.847377834350414e-05
3027.56,1.8415468224916652e-05
3027.57,1.836238561486866e-05
3027.58,1.8314606145102557e-05
3027.59,1.827225262683165e-05
3027.6,1.823549953453277e-05
3027.61,1.8204578230774592e-05
3027.62,1.817978290707285e-05
3027.63,1.816147674325208e-05
3027.64,1.8150098307149517e-05
3027.65,1.814616402173362e-05
3027.66,1.8150272386416933e-05
3027.67,1.8163096740680007e-05
3027.68,1.818536904797782e-05
3027.69,1.8217843534195793e-05
3027.7,1.8261227176575142e-05
3027.71,1.8316053128007838e-05
3027.72,1.8382452012237615e-05
3027.73,1.8459736191667368e-05
3027.74,1.8545659015059892e-05
3027.75,1.8635231461207074e-05
3027.76,1.8719372681486337e-05
3027.77,1.8784854875756615e-05
3027.78,1.8817773036828058e-05
3027.79,1.881045452253566e-05
3027.8,1.876579646671201e-05
3027.81,1.869435036923665e-05
3027.82,1.8607957885131914e-05
3027.83,1.8516019967387634e-05
3027.84,1.8424964463288572e-05
3027.85,1.8038146405390858e-05
3027.86,1.7961009719113592e-05
3027.87,1.7893213222469445e-05
3027.88,1.783558477268583e-05
3027.89,1.778841343279012e-05
3027.9,1.7751638377775744e-05
3027.91,1.772499892272708e-05
3027.92,1.7708147213211657e-05
3027.93,1.7700728316416365e-05
3027.94,1.7702434739086596e-05
3027.95,1.7713729363988383e-05
3027.96,1.7733126129176095e-05
3027.97,1.776132081225698e-05
3027.98,1.779846918739798e-05
3027.99,1.7844882871172312e-05
3028.0,1.7901058028404378e-05
3028.01,1.7967696701765424e-05
3028.02,1.8045743508995305e-05
3028.03,1.81364326163376e-05
3028.04,1.8241350008003978e-05
3028.05,1.8362515585685966e-05
3028.06,1.8502491252919308e-05
3028.07,1.8664521905674578e-05
3028.08,1.885271802252269e-05
3028.09,1.907228808464162e-05
3028.1,1.9329983789813974e-05
3028.11,1.963380072297683e-05
3028.12,1.9994264215214268e-05
3028.13,2.0424021399841364e-05
3028.14,2.0937818679329342e-05
3028.15,2.155129580584431e-05
3028.16,2.2277556711446254e-05
3028.17,2.3119597736046508e-05
3028.18,2.4056612848191948e-05
3028.19,2.502528780532383e-05
3028.2,2.590697374864168e-05
3028.21,2.6544409041150508e-05
3028.22,2.6803579616956428e-05
3028.23,2.6649713769260126e-05
3028.24,2.6166065854199802e-05
3028.25,2.5496285854804198e-05
3028.26,2.4770610415702778e-05
3028.27,2.4071341436855206e-05
3028.28,2.3436696877634006e-05
3028.29,2.287826225359416e-05
3028.3,2.2395383618849297e-05
3028.31,2.1982951966599283e-05
3028.32,2.1634603857076067e-05
3028.33,2.1343767850027856e-05
3028.34,2.110402866160372e-05
3028.35,2.0909278355629927e-05
3028.36,2.075384681091011e-05
3028.37,2.0632596022581653e-05
3028.38,2.0540972131660496e-05
3028.39,2.0475013250338116e-05
3028.4,2.0431321095300998e-05
3028.41,2.040701038425682e-05
3028.42,2.0399649392924758e-05
3028.43,2.04072000495559e-05
3028.44,2.042796177915619e-05
3028.45,2.046166008325161e-05
3028.46,2.0504850472591104e-05
3028.47,2.0557701951835423e-05
3028.48,2.0619422389313447e-05
3028.49,2.0689366978318943e-05
3028.5,2.0767016833562023e-05
3028.51,2.0851961704827828e-05
3028.52,2.094388621903334e-05
3028.53,2.1042559143247368e-05
3028.54,2.1147825237822836e-05
3028.55,2.1259600019059717e-05
3028.56,2.1377863052130798e-05
3028.57,2.1502661802432478e-05
3028.58,2.163410377300888e-05
3028.59,2.1772355682097037e-05
3028.6,2.1917659771572256e-05
3028.61,2.3278744647025963e-05
3028.62,2.3442361793605176e-05
3028.63,2.3615309001622057e-05
3028.64,2.3797067171983178e-05
3028.65,2.3988313535392237e-05
3028.66,2.4189850919910266e-05
3028.67,2.4402627694569605e-05
3028.68,2.4627761852313457e-05
3028.69,2.4866569848016947e-05
3028.7,2.5120600804348516e-05
3028.71,2.5391676594980937e-05
3028.72,2.568193802601811e-05
3028.73,2.5993896729409884e-05
3028.74,2.6330491236334783e-05
3028.75,2.6695143678848063e-05
3028.76,2.7091810161832822e-05
3028.77,2.7525012321400107e-05
3028.78,2.799982892806589e-05
3028.79,2.8521813318642716e-05
3028.8,2.9096783482766993e-05
3028.81,2.973040544718755e-05
3028.82,3.042745683838924e-05
3028.83,3.1190619236285436e-05
3028.84,3.2018618837298216e-05
3028.85,3.2903557285653917e-05
3028.86,3.382745108730746e-05
3028.87,3.475851177371593e-05
3028.88,3.5648708353655586e-05
3028.89,3.643539952458236e-05
3028.9,3.705010141470673e-05
3028.91,3.743522783699367e-05
3028.92,3.756095836923909e-05
3028.93,3.743911899464036e-05
3028.94,3.7118096726603214e-05
3028.95,3.6667254813391083e-05
3028.96,3.6157521567000194e-05
3028.97,3.564750757146591e-05
3028.98,3.5177406800596266e-05
3028.99,3.4770677502371906e-05
3029.0,3.443746131003872e-05
3029.01,3.417907271060502e-05
3029.02,3.39915559552067e-05
3029.03,3.386817731996931e-05
3029.04,3.380106337607269e-05
3029.05,3.378230125997934e-05
3029.06,3.380472702417977e-05
3029.07,3.3862454522129754e-05
3029.08,3.3951079317777444e-05
3029.09,3.406753000855444e-05
3029.1,3.420968238922286e-05
3029.11,3.437593895829559e-05
3029.12,3.4564927008101523e-05
3029.13,3.47753530786101e-05
3029.14,3.5005972380125686e-05
3029.15,3.525561372821652e-05
3029.16,3.5523196047788665e-05
3029.17,3.580777727790739e-05
3029.18,3.610854898539396e-05
3029.19,3.6424840863559726e-05
3029.2,3.6756114410279324e-05
3029.21,3.710195369658183e-05
3029.22,3.7462053289137556e-05
3029.23,3.783620958216779e-05
3029.24,3.822430796513613e-05
3029.25,3.8626316029391776e-05
3029.26,3.904227601643166e-05
3029.27,3.947229908733967e-05
3029.28,3.991656083849969e-05
3029.29,4.037529795075835e-05
3029.3,4.084880586514866e-05
3029.31,4.133743743820657e-05
3029.32,4.184160239560607e-05
3029.33,4.236176767040737e-05
3029.34,4.289845848068784e-05
3029.35,4.3452260169152684e-05
3029.36,4.402382079637375e-05
3029.37,4.461385450254387e-05
3029.38,4.5223145671829577e-05
3029.39,4.585255217961222e-05
3029.4,4.6502911823522337e-05
3029.41,4.7175465480105064e-05
3029.42,4.787123144145417e-05
3029.43,4.859144047231918e-05
3029.44,4.933743981833338e-05
3029.45,5.011070555175372e-05
3029.46,5.0912856893397035e-05
3029.47,5.174567271378379e-05
3029.48,5.261111056486764e-05
3029.49,5.35113286603226e-05
3029.5,5.4448711263405227e-05
3029.51,5.5426589157581974e-05
3029.52,5.644651569379682e-05
3029.53,5.7512435951922126e-05
3029.54,5.862798580619251e-05
3029.55,5.979723211946275e-05
3029.56,6.1024736882605984e-05
3029.57,6.23156327747335e-05
3029.58,6.367571244272733e-05
3029.59,6.511153431274625e-05
3029.6,6.663054852636298e-05
3029.61,6.824124633854879e-05
3029.62,6.995334022404013e-05
3029.63,7.177797862820564e-05
3029.64,7.372800415929953e-05
3029.65,7.581826568464461e-05
3029.66,7.806599405776649e-05
3029.67,8.049125675988779e-05
3029.68,8.311750749911859e-05
3029.69,8.597225015698612e-05
3029.7,8.908783877644428e-05
3029.71,9.250243652553327e-05
3029.72,9.626115502707858e-05
3029.73,0.00010041738819270506
3029.74,0.00010503433646279398
3029.75,0.0001101866786824458
3029.76,0.00011596227427091036
3029.77,0.0001224636406728518
3029.78,0.0001298087085208198
3029.79,0.00013812994510382898
3029.8,0.00014757027008709678
3029.81,0.00015827317804533732
3029.82,0.00017036311691129253
3029.83,0.00018391071725896155
3029.84,0.0001988769143211209
3029.85,0.00021503275716940916
3029.86,0.00023186200191192824
3029.87,0.0002484757702088537
3029.88,0.0002635997618717029
3029.89,0.00027571213420682096
3029.9,0.0002833706435314063
3029.91,0.00028564847110934495
3029.92,0.0002824693162146615
3029.93,0.0002746377766944662
3029.94,0.0002635451289913533
3029.95,0.0002509702277313726
3029.96,0.00023777842002280095
3029.97,0.0002251683321881744
3029.98,0.000213720944506683
3029.99,0.00020371329562075225
3030.0,0.00019521677294141637
3030.01,0.00018818128122517178
3030.02,0.00018249528561093745
3030.03,0.0001780238360263543
3030.04,0.00017463039369592726
3030.05,0.00017218807841449442
3030.06,0.0001705845535963985
3030.07,0.0001697233493528626
3030.08,0.00016952334725686086
3030.09,0.00016991744036082412
3030.1,0.0001708508570748755
3030.11,0.000172279598143526
3030.12,0.0001741689096238394
3030.13,0.00017649199862373929
3030.14,0.00017922894792890936
3030.15,0.00018236582203856754
3030.16,0.00018589394895573557
3030.17,0.00018980935549942272
3030.18,0.0001941123341299015
3030.19,0.00019880712098117818
3030.2,0.00020390166870578057
3030.21,0.00020940750296394629
3030.22,0.00021533965573685532
3030.23,0.000221716670962218
3030.24,0.0002285606789384487
3030.25,0.0002358975369474652
3030.26,0.00024375703511824177
3030.27,0.00025217316856120553
3030.28,0.00026118447890695904
3030.29,0.0002708344704658026
3030.3,0.0002811721084425636
3030.31,0.0002922524088316548
3030.32,0.00030413713203768694
3030.33,0.00031689559488458634
3030.34,0.00033060561878833
3030.35,0.0003453546354624492
3030.36,0.0003612409758327179
3030.37,0.0003783753728236501
3030.38,0.00039688271463392223
3030.39,0.0004169040920253429
3030.4,0.00043859905348462165
3030.41,0.00046214895763872766
3030.42,0.00048775942190540405
3030.43,0.0005156647196526431
3030.44,0.0005461321457435459
3030.45,0.0005794672958645135
3030.46,0.0006160202483884682
3030.47,0.0006561927891926193
3030.48,0.000700446827756355
3030.49,0.0007493141500472037
3030.5,0.0008034076313621077
3030.51,0.0008634339748735357
3030.52,0.0009302079252296413
3030.53,0.0010046676920024862
3030.54,0.0010878909446204535
3030.55,0.0011811105703400005
3030.56,0.0012857251881216944
3030.57,0.0014033093973607228
3030.58,0.0015355959663805412
3030.59,0.001684457298074934
3030.6,0.0018518283669325692
3030.61,0.002039576583806738
3030.62,0.00224928017267564
3030.63,0.002481875503557424
3030.64,0.002737135082666304
3030.65,0.0030129513436188545
3030.66,0.003304450234424909
3030.67,0.0036030606130668026
3030.68,0.0038958272389970753
3030.69,0.004165435231904415
3030.7,0.004391484885518391
3030.71,0.004553321465154573
3030.72,0.004634072420144546
3030.73,0.004624695060802728
3030.74,0.0045263974632171146
3030.75,0.0043503056729365585
3030.76,0.004114537761614371
3030.77,0.0038400174963500802
3030.78,0.0035466362379563553
3030.79,0.0032507766697436775
3030.8,0.002964364787207593
3030.81,0.002695055857245549
3030.82,0.0024470121418780823
3030.83,0.0022218421100312163
3030.84,0.0020194544778563764
3030.85,0.0018387298702741653
3030.86,0.0016780008279716776
3030.87,0.0015353714304211913
3030.88,0.0014089155447720159
3030.89,0.0012967914095085653
3030.9,0.0011973009030924334
3030.91,0.0011089141950751471
3030.92,0.001030273779830797
3030.93,0.0009601870007466617
3030.94,0.0008976127797549132
3030.95,0.0008416460115984727
3030.96,0.0007915016281547382
3030.97,0.0007464994255572672
3030.98,0.0007060501899602535
3030.99,0.0006696433246773316
3031.0,0.000636835995268432
3031.01,0.0006072437086915111
3031.02,0.0005805321971940612
3031.03,0.000556410462061979
3031.04,0.0005346248342580852
3031.05,0.0005149539177377285
3031.06,0.0004972042891757396
3031.07,0.00048120683510596314
3031.08,0.00046681362456922246
3031.09,0.0004538952406865289
3031.1,0.0004423385088702297
3031.11,0.00043204456361187193
3031.12,0.0004229272026504626
3031.13,0.0004149107677309805
3031.14,0.000407931835076123
3031.15,0.0004019338871149515
3031.16,0.00039686935381961754
3031.17,0.0003926981847070249
3031.18,0.0003893872624276846
3031.19,0.0003869069572184693
3031.2,0.0003852425646239048
3031.21,0.00038437614150820004
3031.22,0.0003842980641180067
3031.23,0.0003850037189652475
3031.24,0.0003864931425393798
3031.25,0.00038877062088223303
3031.26,0.0003918442948851676
3031.27,0.00039572593238401335
3031.28,0.0004004311760422199
3031.29,0.00040598063223978246
3031.3,0.00041240192339292154
3031.31,0.00041973222889302517
3031.32,0.0004280202904574129
3031.33,0.00043732702336426305
3031.34,0.00044772481521935587
3031.35,0.00045929647224579275
3031.36,0.00047213505550960347
3031.37,0.0004870212679900844
3031.38,0.0005027192503236938
3031.39,0.0005200342751826922
3031.4,0.0005391146121446083
3031.41,0.0005601291371658092
3031.42,0.0005832708108425131
3031.43,0.0006087606076445008
3031.44,0.0006368520861064889
3031.45,0.0006678367133294923
3031.46,0.0007020501295526413
3031.47,0.000739879537068005
3031.48,0.000781772420588358
3031.49,0.0008282468260652745
3031.5,0.0008799034368886858
3031.51,0.0009374396751310464
3031.52,0.0010016660031694562
3031.53,0.001073524484204479
3031.54,0.001154109450388911
3031.55,0.0012446894321151846
3031.56,0.001346729379722473
3031.57,0.0014619097916329213
3031.58,0.0015921383099121715
3031.59,0.0017395451130439027
3031.6,0.0019064481983867966
3031.61,0.0020952665966442333
3031.62,0.002308348580027982
3031.63,0.0025468479023362358
3031.64,0.0028135168239986786
3031.65,0.0031070311883602594
3031.66,0.003424258641805506
3031.67,0.0037581902841822327
3031.68,0.004096719077702414
3031.69,0.0044219649450833245
3031.7,0.004710927437850913
3031.71,0.0049382032732153145
3031.72,0.005080831918687681
3031.73,0.005124054001869882
3031.74,0.00506565356330268
3031.75,0.0049167365678602455
3031.76,0.004698535534075203
3031.77,0.004436889555672899
3031.78,0.0041568592509334135
3031.79,0.003879187268855235
3031.8,0.003618966645008756
3031.81,0.0033859377998509688
3031.82,0.0031855926923249848
3031.83,0.003020453916830223
3031.84,0.002891181672389659
3031.85,0.002797380762644148
3031.86,0.0027380986910927564
3031.87,0.002712047369299091
3031.88,0.0027175822284148505
3031.89,0.0027524632793107305
3031.9,0.0028134255924961173
3031.91,0.0028956205585473037
3031.92,0.002992073632742768
3031.93,0.0030933954304859365
3031.94,0.0031880784323833514
3031.95,0.003263590600774618
3031.96,0.003308172989588332
3031.97,0.003312831861195213
3031.98,0.003272839626040376
3031.99,0.0031882958318399084
3032.0,0.0030637316482493926
3032.01,0.0029070172814759003
3032.02,0.0027278883665393396
3032.03,0.0025364057766753927
3032.04,0.00234165856825442
3032.05,0.0021509368462557816
3032.06,0.0019694310282773082
3032.07,0.0018003510750589705
3032.08,0.0016452848833768776
3032.09,0.001504630224388127
3032.1,0.001377992718702204
3032.11,0.0012645008972966916
3032.12,0.0011630307351743066
3032.13,0.0010723574933575307
3032.14,0.0009912635350929706
3032.15,0.0009186214104823106
3032.16,0.0008534402798946026
3032.17,0.0007948625531411638
3032.18,0.000742133619992997
3032.19,0.000694579187391033
3032.2,0.0006515969255373389
3032.21,0.0006126537977954636
3032.22,0.0005772823512930733
3032.23,0.0005450749619218973
3032.24,0.0005156803649240361
3032.25,0.0004887837371273206
3032.26,0.0004641201411644689
3032.27,0.00044145586214479576
3032.28,0.00042058688473295105
3032.29,0.00040133478158147574
3032.3,0.0003835432069448944
3032.31,0.000367074908579519
3032.32,0.0003518091765359656
3032.33,0.0003376396549220391
3032.34,0.00032447244892991214
3032.35,0.00031222446375972685
3032.36,0.00030082209628450024
3032.37,0.0002901991247216351
3032.38,0.00028029646373633636
3032.39,0.00027106008290838084
3032.4,0.0002624397572347841
3032.41,0.0002543875214958526
3032.42,0.0002468560187601872
3032.43,0.00023979683989353473
3032.44,0.0002331590879232347
3032.45,0.00022688868218626675
3032.46,0.00022092825321012172
3032.47,0.00021521983880898345
3032.48,0.00020970826357265935
3032.49,0.0002043463645417997
3032.5,0.00019910001357861598
3032.51,0.00019395126233182354
3032.52,0.00018889828995535682
3032.53,0.00018395209857289613
3032.54,0.00017913120759821443
3032.55,0.00017445614590404256
3032.56,0.00016994516513968766
3032.57,0.00016561176367445825
3032.58,0.0001614638774414658
3032.59,0.00015750422481813353
3032.6,0.00015373125166714618
3032.61,0.00015014025452506497
3032.62,0.00014672442973106325
3032.63,0.0001434757346454103
3032.64,0.00014038553463223898
3032.65,0.00013744505510078218
3032.66,0.00013464567531788234
3032.67,0.00013197910416044766
3032.68,0.00012943747636992442
3032.69,0.00012701340475657142
3032.7,0.00012470001626046546
3032.71,0.00012249098184660456
3032.72,0.0001203805314338443
3032.73,0.00011836343528849521
3032.74,0.00011643495105978783
3032.75,0.0001145907545242807
3032.76,0.00011282687412725294
3032.77,0.00011113964131376032
3032.78,0.00010952235715595501
3032.79,0.00010797848624511262
3032.8,0.00010650180355431504
3032.81,0.00010508962172924954
3032.82,0.00010373946833713718
3032.83,0.00010244907674528806
3032.84,0.0001012163780033102
3032.85,0.00010003949436695797
3032.86,9.891673522977687e-05
3032.87,9.78465951485873e-05
3032.88,9.682775475208609e-05
3032.89,9.585908327708845e-05
3032.9,9.49396415042278e-05
3032.91,9.406868236320948e-05
3032.92,9.324564474270473e-05
3032.93,9.247013326027443e-05
3032.94,9.17418722898008e-05
3032.95,9.106017661467891e-05
3032.96,9.042554925503592e-05
3032.97,8.983677565517269e-05
3032.98,8.929228809430698e-05
3032.99,8.878850417420781e-05
3033.0,8.832207496710772e-05
3033.01,8.788538400846755e-05
3033.02,8.746970370325706e-05
3033.03,8.706588372163804e-05
3033.04,8.666665564660907e-05
3033.05,8.626894168971162e-05
3033.06,8.587486511430219e-05
3033.07,8.549081023530442e-05
3033.08,8.512513906560522e-05
3033.09,8.478216139133098e-05
3033.1,8.447552195039428e-05
3033.11,8.420554879848345e-05
3033.12,8.397439599666143e-05
3033.13,8.378286552516447e-05
3033.14,8.363093123572813e-05
3033.15,8.351813920839658e-05
3033.16,8.344387323158205e-05
3033.17,8.34075160659683e-05
3033.18,8.34085364164487e-05
3033.19,8.344653189623416e-05
3033.2,8.352220217673119e-05
3033.21,8.363353444829973e-05
3033.22,8.378153297561266e-05
3033.23,8.396641207679783e-05
3033.24,8.418855405154604e-05
3033.25,8.44485163586432e-05
3033.26,8.47470503223684e-05
3033.27,8.508513536319865e-05
3033.28,8.546394949752023e-05
3033.29,8.588514313772885e-05
3033.3,8.63502098581879e-05
3033.31,8.685993594134541e-05
3033.32,8.741264646074692e-05
3033.33,8.800373204220324e-05
3033.34,8.863061282420535e-05
3033.35,8.92977777748327e-05
3033.36,9.001352624432482e-05
3033.37,9.078373121498567e-05
3033.38,9.161150079316014e-05
3033.39,9.24989183589675e-05
3033.4,9.344806514308485e-05
3033.41,9.446129091595009e-05
3033.42,9.554117441550814e-05
3033.43,9.669036358686848e-05
3033.44,9.791134068345845e-05
3033.45,9.920610150519596e-05
3033.46,0.00010057574435541788
3033.47,0.000102019973697145
3033.48,0.0001035365960670749
3033.49,0.00010512116213207756
3033.5,0.00010676699441868162
3033.51,0.00010846594826005678
3033.52,0.0001102099070265231
3033.53,0.00011199304950167387
3033.54,0.00011381410943076773
3033.55,0.0001156778189372119
3033.56,0.0001175948748236472
3033.57,0.00011958042484933623
3033.58,0.00012165171858021044
3033.59,0.00012382579297132493
3033.6,0.00012611782099394115
3033.61,0.00012854032731756524
3033.62,0.00013110315735961157
3033.63,0.0001338139600592187
3033.64,0.00013667893393806747
3033.65,0.00013970360290137135
3033.66,0.00014289343110790984
3033.67,0.0001462541979635731
3033.68,0.00014979222499659998
3033.69,0.00015351505198789506
3033.7,0.0001574303717915257
3033.71,0.000161549081500705
3033.72,0.00016588443258398237
3033.73,0.0001704528823987577
3033.74,0.00017527414889531662
3033.75,0.00018037088339319056
3033.76,0.00018576814127381657
3033.77,0.00019149287710168753
3033.78,0.0001975736341073594
3033.79,0.0002040404947896142
3033.8,0.00021092527349886328
3033.81,0.00021826188892218204
3033.82,0.00022608685078060023
3033.83,0.00023443981251242477
3033.84,0.00024336416428288697
3033.85,0.0002529076595537671
3033.86,0.00026312308130039457
3033.87,0.0002740689614923873
3033.88,0.0002858103715393558
3033.89,0.0002984198035589486
3033.9,0.0003119781638287403
3033.91,0.00032657590126189764
3033.92,0.00034231429576090923
3033.93,0.0003593069241411006
3033.94,0.00037768166315071977
3033.95,0.0003975814938577406
3033.96,0.00041916839409007945
3033.97,0.0004426248108300287
3033.98,0.0004681568582017514
3033.99,0.0004959989369305815
3034.0,0.0005264124126060685
3034.01,0.0005596975205563053
3034.02,0.0005961930214168524
3034.03,0.0006362823050750964
3034.04,0.0006804003766639902
3034.05,0.0007289591242452477
3034.06,0.0007826679801656092
3034.07,0.0008420673577503408
3034.08,0.0009078462509303198
3034.09,0.000980763621319353
3034.1,0.0010616431803625388
3034.11,0.0011513596097902773
3034.12,0.001250811525899213
3034.13,0.0013608975065782973
3034.14,0.0014823497975716916
3034.15,0.0016157571006913678
3034.16,0.0017613110319903886
3034.17,0.0019186102787884824
3034.18,0.002086387555542284
3034.19,0.0022621976345068152
3034.2,0.0024421067344412802
3034.21,0.002620467991877907
3034.22,0.0027899190229009377
3034.23,0.002941757082890906
3034.24,0.0030667948491290994
3034.25,0.003156657779081198
3034.26,0.0032052788400998124
3034.27,0.0032101517656139477
3034.28,0.0031729411295400283
3034.29,0.003099166486169329
3034.3,0.0029971011337116757
3034.31,0.0028762457696837637
3034.32,0.0027458204471710115
3034.33,0.002613586078511341
3034.34,0.002485107232059562
3034.35,0.0023634262920028
3034.36,0.002249088461961599
3034.37,0.002140507025814352
3034.38,0.002034699230114665
3034.39,0.0019283547120885912
3034.4,0.0018190008831469144
3034.41,0.0017058485439020218
3034.42,0.0015899625758606672
3034.43,0.0014737447101285813
3034.44,0.0013600738610529445
3034.45,0.0012515361428654557
3034.46,0.001149990543001811
3034.47,0.0010564745338280353
3034.48,0.0009713234976860301
3034.49,0.0008943698326615824
3034.5,0.0008251358931862834
3034.51,0.0007629845615643379
3034.52,0.0007072221281116715
3034.53,0.0006571615634554478
3034.54,0.0006121574405658383
3034.55,0.0005716223358757216
3034.56,0.0005350320138773841
3034.57,0.0005019242933965067
3034.58,0.00047189467919464523
3034.59,0.0004445905997534469
3034.6,0.00041970528610533005
3034.61,0.00039697182924384734
3034.62,0.0003761576537733642
3034.63,0.00035705947432178233
3034.64,0.00033949872030154495
3034.65,0.0003233174155397239
3034.66,0.00030837458195273853
3034.67,0.00029454340335176055
3034.68,0.0002817095244257064
3034.69,0.00026977072042879194
3034.7,0.00025863766717225086
3034.71,0.00024824460353817067
3034.72,0.00023850945603468726
3034.73,0.00022939044054595778
3034.74,0.00022084374214289865
3034.75,0.0002128302758165639
3034.76,0.00020531377295181027
3034.77,0.000198259954635372
3034.78,0.00019163570192397666
3034.79,0.00018541193368402042
3034.8,0.00017955961220717732
3034.81,0.00017405256732129585
3034.82,0.00016886677534726956
3034.83,0.00016398026327665388
3034.84,0.00015937297411879216
3034.85,0.0001550266155252321
3034.86,0.0001509245062493104
3034.87,0.00014705142889797374
3034.88,0.00014339349324344274
3034.89,0.00013993801179444673
3034.9,0.0001366733878412195
3034.91,0.00013358901542517008
3034.92,0.00013067519016741043
3034.93,0.0001279230308056333
3034.94,0.0001253244076339944
3034.95,0.00012287188306702175
3034.96,0.00012055865306980716
3034.97,0.00011837850039815551
3034.98,0.00011632575066362784
3034.99,0.00011439523390483606
3035.0,0.00011258225062379286
3035.01,0.00011088254186488453
3035.02,0.00010929226296286302
3035.03,0.0001078079606366707
3035.04,0.00010642655315041282
3035.05,0.00010514531330401351
3035.06,0.00010396185406101915
3035.07,0.00010287411665471565
3035.08,0.00010188036105195192
3035.09,0.00010097915868183976
3035.1,0.0001001693873689959
3035.11,9.945022843572367e-05
3035.12,9.882116596735529e-05
3035.13,9.828195659969955e-05
3035.14,9.783276018442563e-05
3035.15,9.747395469813913e-05
3035.16,9.720627258301114e-05
3035.17,9.703077929975735e-05
3035.18,9.69488872411743e-05
3035.19,9.696237226650064e-05
3035.2,9.707339349278974e-05
3035.21,9.72845166015163e-05
3035.22,9.759874105143758e-05
3035.23,9.801953165089233e-05
3035.24,9.855085496894511e-05
3035.25,9.919722109999972e-05
3035.26,9.996373139839318e-05
3035.27,0.00010085613305334876
3035.28,0.00010188088163670875
3035.29,0.00010304521288102292
3035.3,0.00010435722493870902
3035.31,0.00010582597239946338
3035.32,0.0001074615735917625
3035.33,0.00010927533333626815
3035.34,0.00011127988395255062
3035.35,0.00011348934380095926
3035.36,0.00011591952018051403
3035.37,0.00011858810243873813
3035.38,0.0001215149279618946
3035.39,0.00012472226862787585
3035.4,0.0001282351682311269
3035.41,0.00013208183553960103
3035.42,0.00013629410326556759
3035.43,0.0001409079653113627
3035.44,0.00014596420721828382
3035.45,0.00015150914786151289
3035.46,0.00015759551425617707
3035.47,0.00016428347594572837
3035.48,0.00017164149325719742
3035.49,0.00017974928671159957
3035.5,0.00018869729856261854
3035.51,0.0001985902769687201
3035.52,0.00020954936445674198
3035.53,0.00022171504763476922
3035.54,0.00023525068150619742
3035.55,0.00025034669572198326
3035.56,0.00026722560173289317
3035.57,0.000286147924864541
3035.58,0.0003074191771739954
3035.59,0.00033139795213614904
3035.6,0.0003585051384544223
3035.61,0.0003892340791949273
3035.62,0.00042416118032974906
3035.63,0.00046395589343549074
3035.64,0.000509387990958903
3035.65,0.0005613283605481153
3035.66,0.000620736806270378
3035.67,0.0006886261372110427
3035.68,0.0007659858291336257
3035.69,0.0008536410260182884
3035.7,0.0009501848251067059
3035.71,0.0010589430881826375
3035.72,0.0011764595379529419
3035.73,0.001299230478675618
3035.74,0.0014213120330541873
3035.75,0.0015341418530677188
3035.76,0.0016271740759445906
3035.77,0.001689633347443027
3035.78,0.0017131553831936498
3035.79,0.0016943308401358185
3035.8,0.00163585390737743
3035.81,0.0015456105801564452
3035.82,0.0014342381891162893
3035.83,0.0013124309995388146
3035.84,0.0011890518049665348
3035.85,0.0010703713121141462
3035.86,0.0009601723403582924
3035.87,0.0008602801839496698
3035.88,0.0007711787228907574
3035.89,0.0006925373004887348
3035.9,0.00062359680772369
3035.91,0.0005634266837665127
3035.92,0.0005110864073898387
3035.93,0.0004657269128246865
3035.94,0.0004266626703594712
3035.95,0.00039343281460526013
3035.96,0.00036583422038375036
3035.97,0.000343706317142128
3035.98,0.000325758682831951
3035.99,0.00030772157237015567
3036.0,0.00028560725376992283
3036.01,0.00026176949284850123
3036.02,0.00024017614430085562
3036.03,0.00022185224745016548
3036.04,0.00020629408071693586
3036.05,0.00019283823012628717
3036.06,0.00018098345600844486
3036.07,0.00017038384585449192
3036.08,0.00016080310876894302
3036.09,0.00015207756131845434
3036.1,0.0001440916892729017
3036.11,0.0001367619014203841
3036.12,0.00013002573010631764
3036.13,0.000123834953344084
3036.14,0.00011815162287674003
3036.15,0.00011294606589120529
3036.16,0.00010819579035574915
3036.17,0.00010388362848522974
3036.18,9.999192451390576e-05
3036.19,9.648711729133718e-05
3036.2,9.3291392920609e-05
3036.21,9.02554319794598e-05
3036.22,8.718865059450216e-05
3036.23,8.397569783064264e-05
3036.24,8.06631607441265e-05
3036.25,7.739571392258654e-05
3036.26,7.429671966893201e-05
3036.27,7.142113815423873e-05
3036.28,6.877324891577395e-05
3036.29,6.633390503656051e-05
3036.3,6.407876213509221e-05
3036.31,6.198265973735295e-05
3036.32,6.0026179080149565e-05
3036.33,5.8192745220253245e-05
3036.34,5.646880146401112e-05
3036.35,5.484318425017573e-05
3036.36,5.330660215578967e-05
3036.37,5.1851228150826724e-05
3036.38,5.047037509748619e-05
3036.39,4.915824510872564e-05
3036.4,4.7909748593842024e-05
3036.41,4.672037524861814e-05
3036.42,4.558609689266582e-05
3036.43,4.262453425183866e-05
3036.44,4.159788487078825e-05
3036.45,4.061640439764176e-05
3036.46,3.967738683673338e-05
3036.47,3.877837314267129e-05
3036.48,3.791712700598678e-05
3036.49,3.709160594390446e-05
3036.5,3.629993312571185e-05
3036.51,3.5057596632655146e-05
3036.52,3.4330666536293646e-05
3036.53,3.363295670570639e-05
3036.54,3.2962692373982394e-05
3036.55,3.2318810650702616e-05
3036.56,3.1700144637607675e-05
3036.57,3.11056192592967e-05
3036.58,3.053424572108212e-05
3036.59,2.998511668427241e-05
3036.6,2.945740216152835e-05
3036.61,2.8950346116775522e-05
3036.62,2.846326375370148e-05
3036.63,2.7995539481516655e-05
3036.64,2.754662555888321e-05
3036.65,2.7116041428812843e-05
3036.66,2.6703373774037158e-05
3036.67,2.630827733833572e-05
3036.68,2.5930476580354174e-05
3036.69,2.556976824816594e-05
3036.7,2.5226025059236677e-05
3036.71,2.489920022535735e-05
3036.72,2.4589334031552375e-05
3036.73,2.4296561345532468e-05
3036.74,2.4021121374357944e-05
3036.75,2.3763369632987456e-05
3036.76,2.3523792660749865e-05
3036.77,2.330302615384351e-05
3036.78,2.3101876786799798e-05
3036.79,2.2921349862285694e-05
3036.8,2.2762681947070977e-05
3036.81,2.2627384286287394e-05
3036.82,2.251729113867934e-05
3036.83,2.243462584880721e-05
3036.84,2.2382080607382633e-05
3036.85,2.2362917225250403e-05
3036.86,2.2381090285091582e-05
3036.87,2.2441422017190044e-05
3036.88,2.254978417467273e-05
3036.89,2.2713373967147336e-05
3036.9,2.294104728990153e-05
3036.91,2.324375507531135e-05
3036.92,2.3634953732301025e-05
3036.93,2.4131968648278863e-05
3036.94,2.4756011718280858e-05
3036.95,2.5534046723133134e-05
3036.96,2.650021092281185e-05
3036.97,2.769777723035469e-05
3036.98,2.91814591006559e-05
3036.99,3.101984246504846e-05
3037.0,3.329720887028464e-05
3037.01,3.5499734273030704e-05
3037.02,3.896438179248356e-05
3037.03,4.3171505742131534e-05
3037.04,4.815881117864137e-05
3037.05,5.381830624325444e-05
3037.06,5.976868891272472e-05
3037.07,6.524512546014721e-05
3037.08,6.915892368712634e-05
3037.09,7.046984509782628e-05
3037.1,6.87538271138314e-05
3037.11,6.447697508895539e-05
3037.12,5.8693627017245385e-05
3037.13,5.247900835627469e-05
3037.14,4.65756635715164e-05
3037.15,4.1347539208488144e-05
3037.16,3.689361510673877e-05
3037.17,3.3173321535090364e-05
3037.18,3.0090453398290962e-05
3037.19,2.7539482648243625e-05
3037.2,2.5422152074835697e-05
3037.21,2.3655669062900785e-05
3037.22,2.217267042842873e-05
3037.23,2.0919163673031482e-05
3037.24,1.9852593566914165e-05
3037.25,1.8939317796549445e-05
3037.26,1.8152773182283296e-05
3037.27,1.7471941294973688e-05
3037.28,1.6880144723306535e-05
3037.29,1.636411569732189e-05
3037.3,1.5903821685307696e-05
3037.31,1.5509894521044507e-05
3037.32,1.5166027237377112e-05
3037.33,1.4866922869334193e-05
3037.34,1.460844477612743e-05
3037.35,1.4387430156964408e-05
3037.36,1.4201548653707947e-05
3037.37,1.4049195651101088e-05
3037.38,1.3929412005913124e-05
3037.39,1.3841822678077422e-05
3037.4,1.378658766267261e-05
3037.41,1.3764357321675496e-05
3037.42,1.3776223038875394e-05
3037.43,1.3823650491387532e-05
3037.44,1.390837894906776e-05
3037.45,1.4032262781925122e-05
3037.46,1.4197023773657152e-05
3037.47,1.44038744403765e-05
3037.48,1.4652967867759877e-05
3037.49,1.4942636171841897e-05
3037.5,1.526840992443142e-05
3037.51,1.562187801774254e-05
3037.52,1.598956088468867e-05
3037.53,1.635212857446254e-05
3037.54,1.66844727350847e-05
3037.55,1.695722568461639e-05
3037.56,1.7140102649208542e-05
3037.57,1.720679342559843e-05
3037.58,1.7140230672096043e-05
3037.59,1.693645114877434e-05
3037.6,1.6605509694005254e-05
3037.61,1.6169058198662487e-05
3037.62,1.5655599305592374e-05
3037.63,1.5095186180511455e-05
3037.64,1.4515148892953579e-05
3037.65,1.3937589278658952e-05
3037.66,1.3378577859742532e-05
3037.67,1.2848573724732805e-05
3037.68,1.2353429105390977e-05
3037.69,1.189556789879286e-05
3037.7,1.1475061687251765e-05
3037.71,1.1090496562523639e-05
3037.72,1.0739614699841299e-05
3037.73,1.041975940221809e-05
3037.74,1.0128166603613992e-05
3037.75,9.861302089687696e-06
3037.76,9.618365764501015e-06
3037.77,9.396187192606313e-06
3037.78,9.192709422194644e-06
3037.79,9.006103926455903e-06
3037.8,8.834743785899211e-06
3037.81,8.676230291267872e-06
3037.82,8.531065120200873e-06
3037.83,8.396980564983252e-06
3037.84,8.272592950612313e-06
3037.85,8.156389875054158e-06
3037.86,8.048560575473952e-06
3037.87,7.943531583431889e-06
3037.88,7.841330287851244e-06
3037.89,7.740358184942436e-06
3037.9,7.639531448654496e-06
3037.91,7.538458741254729e-06
3037.92,7.437423079075943e-06
3037.93,7.337172884189998e-06
3037.94,7.238630606859122e-06
3037.95,7.142640040728027e-06
3037.96,7.04982285571194e-06
3037.97,6.960542008906926e-06
3037.98,6.87493362924826e-06
3037.99,6.7929663861743844e-06
3038.0,6.7145013521499025e-06
3038.01,6.639340205824936e-06
3038.02,6.567259236072331e-06
3038.03,6.49803107217612e-06
3038.04,6.431437329796739e-06
3038.05,6.367275143186747e-06
3038.06,6.30535986382603e-06
3038.07,6.24552550502797e-06
3038.08,6.187623956549582e-06
3038.09,6.1315221265131915e-06
3038.1,6.077106227331779e-06
3038.11,6.024271280192165e-06
3038.12,5.9729254762582516e-06
3038.13,5.922987280647769e-06
3038.14,5.8743841738812125e-06
3038.15,5.827051561586403e-06
3038.16,5.7809318593063604e-06
3038.17,5.732034519206082e-06
3038.18,5.688206210528245e-06
3038.19,5.645453331757196e-06
3038.2,5.603740107445393e-06
3038.21,5.563034848560564e-06
3038.22,5.5233092519245304e-06
3038.23,5.484537715470615e-06
3038.24,5.446696923354741e-06
3038.25,5.409765953111521e-06
3038.26,5.373726890383999e-06
3038.27,5.338565676330688e-06
3038.28,5.304272810860666e-06
3038.29,5.2708438585553276e-06
3038.3,5.2382798901022996e-06
3038.31,5.2065813811464795e-06
3038.32,5.175754268445408e-06
3038.33,5.1456755615082286e-06
3038.34,5.1166127246993894e-06
3038.35,5.0884507962243455e-06
3038.36,5.0612127127219205e-06
3038.37,5.034930052794317e-06
3038.38,5.00964118647694e-06
3038.39,4.985389148644791e-06
3038.4,4.96316654310702e-06
3038.41,4.941136299054248e-06
3038.42,4.920296721274952e-06
3038.43,4.900711192760947e-06
3038.44,4.882451840037459e-06
3038.45,4.865601141109017e-06
3038.46,4.848985267114654e-06
3038.47,4.835260162593569e-06
3038.48,4.8232699263788656e-06
3038.49,4.813156096492037e-06
3038.5,4.8050804391085895e-06
3038.51,4.799227750630264e-06
3038.52,4.795809039587059e-06
3038.53,4.795637951882626e-06
3038.54,4.797846423270246e-06
3038.55,4.80331702363192e-06
3038.56,4.8124052656417535e-06
3038.57,4.82551417058142e-06
3038.58,4.8430987578129245e-06
3038.59,4.865669738006412e-06
3038.6,4.893795515503314e-06
3038.61,4.928436749047613e-06
3038.62,4.969600247527891e-06
3038.63,5.017195473648804e-06
3038.64,5.074215631017577e-06
3038.65,5.1402033945374904e-06
3038.66,5.2157294628290075e-06
3038.67,5.301143307132539e-06
3038.68,5.396415426244328e-06
3038.69,5.500924644388058e-06
3038.7,5.613191762453528e-06
3038.71,5.730586400180974e-06
3038.72,5.849076788016823e-06
3038.73,5.9631382891835664e-06
3038.74,6.0659481941787484e-06
3038.75,6.149929934749379e-06
3038.76,6.207638030129094e-06
3038.77,6.2325079470801515e-06
3038.78,6.2215917295301645e-06
3038.79,6.174018057868611e-06
3038.8,6.092710613117887e-06
3038.81,5.983384086019318e-06
3038.82,5.853424332362735e-06
3038.83,5.710642591869689e-06
3038.84,5.562251669177222e-06
3038.85,5.178538806657233e-06
3038.86,5.036037666075165e-06
3038.87,4.902025172754967e-06
3038.88,4.778002488640025e-06
3038.89,4.665023947682403e-06
3038.9,4.563507545180952e-06
3038.91,4.473455791737822e-06
3038.92,4.394622127047916e-06
3038.93,4.326622995488611e-06
3038.94,4.2690208604340154e-06
3038.95,4.221308560149171e-06
3038.96,4.182950638965644e-06
3038.97,4.153303777731759e-06
3038.98,4.131541675893656e-06
3038.99,4.1165458159115796e-06
3039.0,4.106790402296828e-06
3039.01,4.1002562570857904e-06
3039.02,4.094415421846588e-06
3039.03,4.086332310011651e-06
3039.04,4.0729307724852235e-06
3039.05,4.051436675337375e-06
3039.06,4.019904175449759e-06
3039.07,3.97763709905545e-06
3039.08,3.925321328452019e-06
3039.09,3.86480486757502e-06
3039.1,3.798623496469141e-06
3039.11,3.7294656184788583e-06
3039.12,3.6672358917210555e-06
3039.13,3.598900258766595e-06
3039.14,3.5332298146152604e-06
3039.15,3.4710286490847532e-06
3039.16,3.412687445884918e-06
3039.17,3.358300893841882e-06
3039.18,3.3077702956047043e-06
3039.19,3.2608829549668125e-06
3039.2,3.2173686891515487e-06
3039.21,3.176937518625206e-06
3039.22,3.139303399133009e-06
3039.23,3.104198355895616e-06
3039.24,3.0713804439797565e-06
3039.25,3.0406379760216936e-06
3039.26,3.011791569931196e-06
3039.27,2.9846947168336044e-06
3039.28,2.9592328994986877e-06
3039.29,2.935321412670015e-06
3039.3,2.9129059955149337e-06
3039.31,2.891977874054781e-06
3039.32,2.8726027061806273e-06
3039.33,2.854928164254009e-06
3039.34,2.8391343526945278e-06
3039.35,2.8252999620996915e-06
3039.36,2.813121318835045e-06
3039.37,2.801457709941679e-06
3039.38,2.788160589587091e-06
3039.39,2.7710755466811573e-06
3039.4,2.7498742132286083e-06
3039.41,2.7263500267802915e-06
3039.42,2.702723333185304e-06
3039.43,2.680311407365714e-06
3039.44,2.6594963324014584e-06
3039.45,2.6401857807465175e-06
3039.46,2.622140283521634e-06
3039.47,2.605120922860179e-06
3039.48,2.588932119685911e-06
3039.49,2.5727418863306796e-06
3039.5,2.557805090374584e-06
3039.51,2.5433491817425348e-06
3039.52,2.52929939743344e-06
3039.53,2.5155849244857904e-06
3039.54,2.502141435942052e-06
3039.55,2.488926440837628e-06
3039.56,2.4759282245342353e-06
3039.57,2.463152596144678e-06
3039.58,2.4506037638321795e-06
3039.59,2.438277299227932e-06
3039.6,2.426162957601664e-06
3039.61,2.4142486151057673e-06
3039.62,2.402522109730224e-06
3039.63,2.3909740108705292e-06
3039.64,2.379594781181892e-06
3039.65,2.36837665254297e-06
3039.66,2.3573128294863004e-06
3039.67,2.3463973760693685e-06
3039.68,2.3356250472564062e-06
3039.69,2.3249911702833687e-06
3039.7,2.3144915523882603e-06
3039.71,2.30412240888501e-06
3039.72,2.293880306645481e-06
3039.73,2.2837621191959488e-06
3039.74,2.273764990644578e-06
3039.75,2.2638863063712437e-06
3039.76,2.254123668985928e-06
3039.77,2.2444748784297477e-06
3039.78,2.2349379153929555e-06
3039.79,2.2255109274293856e-06
3039.8,2.2173286977876315e-06
3039.81,2.208125998539352e-06
3039.82,2.1990287247105277e-06
3039.83,2.1900533626685847e-06
3039.84,2.1811633901326254e-06
3039.85,2.1723753667497313e-06
3039.86,2.1636883706392855e-06
3039.87,2.155101593273881e-06
3039.88,2.1466678629625803e-06
3039.89,2.138280107102328e-06
3039.9,2.129996010240713e-06
3039.91,2.121804787908304e-06
3039.92,2.1137113991132785e-06
3039.93,9.042481684131678e-07
3039.94,9.005765807427702e-07
3039.95,8.969804311197518e-07
3039.96,8.934600368974932e-07
3039.97,8.90015805582195e-07
3039.98,8.866482205017068e-07
3039.99,8.833578210011236e-07
3040.0,8.801451803592159e-07
3040.01,8.770108907044063e-07
3040.02,8.739555715783699e-07
3040.03,8.709799214085536e-07
3040.04,8.68084819264896e-07
3040.05,8.652714516939858e-07
3040.06,8.625414289659376e-07
3040.07,8.598967958010195e-07
3040.08,8.349743500333882e-07
3040.09,8.326568562529418e-07
3040.1,8.30431319104653e-07
3040.11,8.283008058826598e-07
3040.12,8.26268534534748e-07
3040.13,8.243379110529877e-07
3040.14,8.225125807483282e-07
3040.15,8.207964818841372e-07
3040.16,8.191938970771809e-07
3040.17,8.17709502166124e-07
3040.18,8.163484141295831e-07
3040.19,8.151162401074717e-07
3040.2,1.3913003742136957e-07
3040.21,1.4121759127291993e-07
3040.22,1.4343366699748828e-07
3040.23,1.4578676559468455e-07
3040.24,1.4828602581531603e-07
3040.25,1.5094148792557947e-07
3040.26,1.53764196701719e-07
3040.27,1.5676631874308176e-07
3040.28,1.599612763689354e-07
3040.29,1.633639007526358e-07
3040.3,1.669905704357503e-07
3040.31,1.7085956098636653e-07
3040.32,1.7499105467190763e-07
3040.33,1.7940755651185716e-07
3040.34,1.841341667176512e-07
3040.35,1.8919893956155753e-07
3040.36,1.9463330043982826e-07
3040.37,2.0066382739172376e-07
3040.38,2.0694847005910285e-07
3040.39,2.1372249198998195e-07
3040.4,2.210365591412755e-07
3040.41,2.2894812557629607e-07
3040.42,2.3752251728107848e-07
3040.43,2.46834214149336e-07
3040.44,2.5696836990376644e-07
3040.45,2.6802261800495065e-07
3040.46,2.8011957888878235e-07
3040.47,2.933680510108589e-07
3040.48,3.07928044964798e-07
3040.49,3.2397314816005206e-07
3040.5,3.416408202000461e-07
3040.51,3.612920248595647e-07
3040.52,3.831441834318432e-07
3040.53,4.0751562465840304e-07
3040.54,4.3478321744460426e-07
3040.55,4.6538902843172e-07
3040.56,4.998504778915007e-07
3040.57,5.387716172542087e-07
3040.58,5.82853806396417e-07
3040.59,6.32903974336773e-07
3040.6,6.898367928462114e-07
3040.61,7.546646183077783e-07
3040.62,8.284649696928733e-07
3040.63,9.123095442911673e-07
3040.64,1.007131321665996e-06
3040.65,1.113498534937721e-06
3040.66,1.2312601765954224e-06
3040.67,1.3590487796334685e-06
3040.68,1.4936477909538698e-06
3040.69,1.6293794643941266e-06
3040.7,1.757782561662318e-06
3040.71,1.8680368721288944e-06
3040.72,1.948504581868909e-06
3040.73,1.9893351018973724e-06
3040.74,1.9852971476018976e-06
3040.75,1.9374918811092475e-06
3040.76,1.8529872252490544e-06
3040.77,1.7425856692407279e-06
3040.78,1.6179298055464756e-06
3040.79,1.4891992320504874e-06
3040.8,1.3639676697384157e-06
3040.81,1.2470838422726516e-06
3040.82,1.1411326187401098e-06
3040.83,1.0470761845709873e-06
3040.84,9.648446518612692e-07
3040.85,8.937894863874211e-07
3040.86,8.329941508237033e-07
3040.87,7.814693118684884e-07
3040.88,7.38266480419011e-07
3040.89,7.025391547369575e-07
3040.9,6.735728606269111e-07
3040.91,6.507986257832024e-07
3040.92,6.337994209012119e-07
3040.93,6.223158111612795e-07
3040.94,6.162558757794786e-07
3040.95,6.157115596391967e-07
3040.96,6.209869862928968e-07
3040.97,6.326406312467005e-07
3040.98,6.515448068239631e-07
3040.99,6.789617712338701e-07
3041.0,7.166245847515543e-07
3041.01,7.667794134296994e-07
3041.02,8.320685262371696e-07
3041.03,9.149678774652562e-07
3041.04,1.0162278890163706e-06
3041.05,1.1316318228296755e-06
3041.06,1.247681916437414e-06
3041.07,1.3400869497165942e-06
3041.08,1.3830489844542493e-06
3041.09,1.367431663422718e-06
3041.1,1.3088141526219652e-06
3041.11,1.2347205363442509e-06
3041.12,1.1674918390815392e-06
3041.13,1.1183088945920138e-06
3041.14,1.0901659582027248e-06
3041.15,1.0820275698133866e-06
3041.16,1.0914837930097204e-06
3041.17,1.1158297306273704e-06
3041.18,1.1523056146410246e-06
3041.19,1.1980041196994455e-06
3041.2,1.2497305897207867e-06
3041.21,1.3040307360974611e-06
3041.22,1.357682705426817e-06
3041.23,1.4087626200564519e-06
3041.24,1.457648757448552e-06
3041.25,1.507057615684664e-06
3041.26,1.561290448352875e-06
3041.27,1.625477765425613e-06
3041.28,1.705117210536447e-06
3041.29,1.8058279695667627e-06
3041.3,1.9332647279673055e-06
3041.31,2.093100279587412e-06
3041.32,2.290924102394758e-06
3041.33,2.5318301023518835e-06
3041.34,2.8193836821724957e-06
3041.35,3.153590581464262e-06
3041.36,3.52756494620004e-06
3041.37,3.92310692105537e-06
3041.38,4.306755278722938e-06
3041.39,4.629958511702341e-06
3041.4,4.837927165544884e-06
3041.41,4.887343733432501e-06
3041.42,4.765286396402628e-06
3041.43,4.495546277642843e-06
3041.44,4.126842752462924e-06
3041.45,3.7132504978649104e-06
3041.46,3.2986411891578178e-06
3041.47,2.9110034505595324e-06
3041.48,2.5640984485600887e-06
3041.49,2.261877149063997e-06
3041.5,2.002688374884605e-06
3041.51,1.7822551164181644e-06
3041.52,1.59545128222778e-06
3041.53,1.4372291670656463e-06
3041.54,1.3030328339379417e-06
3041.55,1.1889310300501345e-06
3041.56,1.0916083871704735e-06
3041.57,1.008306306985534e-06
3041.58,9.346857705173445e-07
3041.59,8.729342341825994e-07
3041.6,8.194482695071669e-07
3041.61,7.729813323591848e-07
3041.62,7.325235320070178e-07
3041.63,6.973166870221597e-07
3041.64,6.666765979046521e-07
3041.65,6.400406993521505e-07
3041.66,6.169303109307812e-07
3041.67,5.969398080087106e-07
3041.68,5.797274512898331e-07
3041.69,5.650068491403959e-07
3041.7,5.525392491552013e-07
3041.71,5.421268873297784e-07
3041.72,5.336074649549903e-07
3041.73,5.26849840608053e-07
3041.74,5.217513529498879e-07
3041.75,5.182369911116538e-07
3041.76,5.162595034451938e-07
3041.77,5.157996781782621e-07
3041.78,5.167542820894719e-07
3041.79,5.193961618903052e-07
3041.8,5.240994706366277e-07
3041.81,5.302055243052821e-07
3041.82,5.383257216743544e-07
3041.83,5.487605871135761e-07
3041.84,5.619074557846935e-07
3041.85,5.780401129881522e-07
3041.86,5.978702486178596e-07
3041.87,6.210575387454889e-07
3041.88,6.46500972430593e-07
3041.89,6.735122289952248e-07
3041.9,6.999871038432462e-07
3041.91,7.284111814598947e-07
3041.92,7.59516649409289e-07
3041.93,7.899931480720461e-07
3041.94,8.134496311978296e-07
3041.95,8.265834375298946e-07
3041.96,8.332684080045267e-07
3041.97,8.405407746592242e-07
3041.98,8.531974770909744e-07
3041.99,8.72917522359823e-07
3042.0,8.995762025303183e-07
3042.01,9.32601122987186e-07
3042.02,9.713109357669831e-07
3042.03,1.01505923248934e-06
3042.04,1.0632283645887434e-06
3042.05,1.1152297074435262e-06
3042.06,1.170558516932389e-06
3042.07,1.2289215261288786e-06
3042.08,1.290410205029468e-06
3042.09,1.3556715532762363e-06
3042.1,1.4260089195057122e-06
3042.11,1.503380360275575e-06
3042.12,1.590322565620483e-06
3042.13,1.6898728500818303e-06
3042.14,1.8055620130193713e-06
3042.15,1.9415194653394584e-06
3042.16,2.1026977883044065e-06
3042.17,2.2952002857703135e-06
3042.18,2.5266686510491074e-06
3042.19,2.8066179632542916e-06
3042.2,3.1464141114344357e-06
3042.21,3.558138917380005e-06
3042.22,4.050753421842698e-06
3042.23,4.621067034276094e-06
3042.24,5.23935024094249e-06
3042.25,5.8377376624294225e-06
3042.26,6.327746163854868e-06
3042.27,6.657787387315449e-06
3042.28,6.860395290026325e-06
3042.29,7.027904656490574e-06
3042.3,7.248890561515847e-06
3042.31,7.574570115513953e-06
3042.32,8.025985745345368e-06
3042.33,8.613581560713856e-06
3042.34,9.352096506486745e-06
3042.35,1.0265115891591597e-05
3042.36,1.1378840799115512e-05
3042.37,1.2707429120393716e-05
3042.38,1.4230907764825713e-05
3042.39,1.5867757075607868e-05
3042.4,1.7451005473017018e-05
3042.41,1.8730664914811072e-05
3042.42,1.9431581359831258e-05
3042.43,1.936210465328278e-05
3042.44,1.8513861702253264e-05
3042.45,1.7064863353847565e-05
3042.46,1.5285354661012188e-05
3042.47,1.3427117661106517e-05
3042.48,1.1662796763819618e-05
3042.49,1.0081791468441772e-05
3042.5,8.712797786357408e-06
3042.51,7.549999424735547e-06
3042.52,6.571753733017754e-06
3042.53,5.751578242870004e-06
3042.54,5.063631758184183e-06
3042.55,4.484984050551749e-06
3042.56,3.996233821409709e-06
3042.57,3.581372453347045e-06
3042.58,3.227360178237876e-06
3042.59,2.9236374515999965e-06
3042.6,2.6616671302924392e-06
3042.61,2.4345407120673925e-06
3042.62,2.2366534737429942e-06
3042.63,2.0634419392019426e-06
3042.64,1.911175630569924e-06
3042.65,1.7767839878876847e-06
3042.66,1.657734070242592e-06
3042.67,1.551920363552494e-06
3042.68,1.457584576866307e-06
3042.69,1.3732511082374328e-06
3042.7,1.2976758903717643e-06
3042.71,1.2298056023848736e-06
3042.72,1.1687449442792768e-06
3042.73,1.113730224928852e-06
3042.74,1.0641079321189252e-06
3042.75,1.0193172631188088e-06
3042.76,9.78875825152153e-07
3042.77,9.423678883627075e-07
3042.78,9.094347058871532e-07
3042.79,8.797665172213427e-07
3042.8,8.53095930042932e-07
3042.81,8.291924377321767e-07
3042.82,8.078580754206822e-07
3042.83,7.889228804484895e-07
3042.84,7.72242979870957e-07
3042.85,7.576972810232402e-07
3042.86,7.451856240432997e-07
3042.87,7.346271928353e-07
3042.88,7.259592505672548e-07
3042.89,7.191362766477595e-07
3042.9,7.141293981549456e-07
3042.91,7.109261352523706e-07
3042.92,7.095304500833773e-07
3042.93,7.099631028534388e-07
3042.94,7.090029370151655e-07
3042.95,7.132375743996319e-07
3042.96,7.194720383465812e-07
3042.97,7.278046000500365e-07
3042.98,7.383574740308685e-07
3042.99,7.512795225941478e-07
3043.0,7.667496980449213e-07
3043.01,7.849810601308508e-07
3043.02,8.062254485994454e-07
3043.03,8.307791194068817e-07
3043.04,8.58989165927954e-07
3043.05,8.912608437767794e-07
3043.06,9.280657255714518e-07
3043.07,9.699504959631077e-07
3043.08,1.01754596529333e-06
3043.09,1.0715754773676438e-06
3043.1,1.1328611916934023e-06
3043.11,1.2023255587430784e-06
3043.12,1.2809834748236069e-06
3043.13,1.3699179193676626e-06
3043.14,1.4702277481106354e-06
3043.15,1.582934999921162e-06
3043.16,1.7088241654366177e-06
3043.17,1.848198927943556e-06
3043.18,2.0005283566288903e-06
3043.19,2.1639827326195305e-06
3043.2,2.334902052032047e-06
3043.21,2.5073233075588512e-06
3043.22,2.6728022113086018e-06
3043.23,2.8208433604463854e-06
3043.24,2.9401946821622985e-06
3043.25,3.020961965354131e-06
3043.26,3.0570017372411714e-06
3043.27,3.047661088202394e-06
3043.28,2.998049741611308e-06
3043.29,2.9177096157357018e-06
3043.3,2.818327404230773e-06
3043.31,2.711454047660732e-06
3043.32,2.606931957641036e-06
3043.33,2.5122209196018686e-06
3043.34,2.432430459197272e-06
3043.35,2.370738635318272e-06
3043.36,2.8439882320339443e-06
3043.37,2.8247577859337824e-06
3043.38,2.8266668859088312e-06
3043.39,2.8498302889192315e-06
3043.4,3.649199170191302e-06
3043.41,3.7177791826033597e-06
3043.42,3.807595277739948e-06
3043.43,3.918476677410327e-06
3043.44,4.049973809806894e-06
3043.45,4.201126788661313e-06
3043.46,4.370157290675369e-06
3043.47,4.5540971886217735e-06
3043.48,4.748397628479917e-06
3043.49,4.946601411026104e-06
3043.5,5.14020058362468e-06
3043.51,5.318820338187429e-06
3043.52,5.4708714961881586e-06
3043.53,5.584740397147942e-06
3043.54,5.6504513706357354e-06
3043.55,5.6613330389388e-06
3043.56,5.615322298499113e-06
3043.57,5.515352445956126e-06
3043.58,5.3683968470451446e-06
3043.59,5.1853539557964815e-06
3043.6,4.977332471017373e-06
3043.61,4.755392763495333e-06
3043.62,4.529115990256844e-06
3043.63,4.306058094400816e-06
3043.64,4.091664033810293e-06
3043.65,3.889479512270475e-06
3043.66,3.701504053242604e-06
3043.67,3.5285726893735245e-06
3043.68,3.370701597574963e-06
3043.69,3.227370096022596e-06
3043.7,3.0977348434227278e-06
3043.71,2.9807831490498933e-06
3043.72,2.8754382909181878e-06
3043.73,2.7806263602806796e-06
3043.74,2.695318332324841e-06
3043.75,2.6185531610253128e-06
3043.76,2.5494489368814413e-06
3043.77,2.487206224981201e-06
3043.78,2.4311065335435163e-06
3043.79,2.3805079260722355e-06
3043.8,2.3348391372550883e-06
3043.81,2.2935930886073064e-06
3043.82,2.256320364849641e-06
3043.83,2.222622976285401e-06
3043.84,2.1921485757409047e-06
3043.85,2.164585247909703e-06
3043.86,2.1396565957396578e-06
3043.87,2.1171178949098556e-06
3043.88,2.0967521227945797e-06
3043.89,2.0783667537639194e-06
3043.9,2.0617912846803454e-06
3043.91,2.0468742774043837e-06
3043.92,2.0334816278440874e-06
3043.93,2.0214947060731185e-06
3043.94,2.0108088880195744e-06
3043.95,2.001332256319412e-06
3043.96,1.992984722296116e-06
3043.97,1.985697169644063e-06
3043.98,1.9793936874710813e-06
3043.99,1.9740602113773033e-06
3044.0,1.969639986039078e-06
3044.01,1.966102729336146e-06
3044.02,1.9634258685968244e-06
3044.03,1.961540332170787e-06
3044.04,1.9605343839073997e-06
3044.05,1.9642889838207075e-06
3044.06,1.9648589762944438e-06
3044.07,1.9661025130224106e-06
3044.08,1.967869818476937e-06
3044.09,1.9699322652888535e-06
3044.1,1.971996753258726e-06
3044.11,1.9737677194447837e-06
3044.12,1.9750438064e-06
3044.13,1.975856195051755e-06
3044.14,1.976251699561204e-06
3044.15,1.976548649499111e-06
3044.16,1.977017535025347e-06
3044.17,1.9778690149642227e-06
3044.18,1.9792351042407245e-06
3044.19,1.9811820911819813e-06
3044.2,1.9834650563907312e-06
3044.21,1.9866252980917496e-06
3044.22,1.990390458915756e-06
3044.23,2.4068715570293817e-06
3044.24,2.4136166203156636e-06
3044.25,2.4210226766166733e-06
3044.26,2.4291426957940427e-06
3044.27,2.4380595643512843e-06
3044.28,2.447896308830203e-06
3044.29,2.4588311877702475e-06
3044.3,2.471120293994718e-06
3044.31,2.4860196678124607e-06
3044.32,2.5022882009264475e-06
3044.33,2.5215730993168183e-06
3044.34,2.544966684634663e-06
3044.35,2.5739765508245973e-06
3044.36,2.612843293395195e-06
3044.37,2.6585225063739444e-06
3044.38,2.711917687336086e-06
3044.39,2.768071570223203e-06
3044.4,2.8098370266865376e-06
3044.41,2.8199592638733645e-06
3044.42,2.797759445589494e-06
3044.43,2.759946118861555e-06
3044.44,2.7231895564762043e-06
3044.45,2.694894993464551e-06
3044.46,2.6758112348588602e-06
3044.47,2.664323049530023e-06
3044.48,2.6585326108393876e-06
3044.49,2.6568982995111007e-06
3044.5,2.6582958112656958e-06
3044.51,2.66193402147782e-06
3044.52,2.6672607876738757e-06
3044.53,2.6738897329106976e-06
3044.54,2.6815487746430943e-06
3044.55,2.690044763121388e-06
3044.56,2.699239288693592e-06
3044.57,2.709032148208076e-06
3044.58,2.7193501852661282e-06
3044.59,2.7301398362134036e-06
3044.6,2.7413621506540346e-06
3044.61,2.7529893471825574e-06
3044.62,2.765002813098023e-06
3044.63,2.7773884871030468e-06
3044.64,2.7904352099849034e-06
3044.65,2.8035650203365443e-06
3044.66,2.8170699367280294e-06
3044.67,2.8309600311086075e-06
3044.68,2.845250127298261e-06
3044.69,2.8599599385325015e-06
3044.7,2.875114370306478e-06
3044.71,2.890743988033414e-06
3044.72,2.9069534431422584e-06
3044.73,2.9236516653083945e-06
3044.74,2.9409580646747145e-06
3044.75,2.957821515043221e-06
3044.76,2.976548622958367e-06
3044.77,2.996102781192174e-06
3044.78,3.0165836637645275e-06
3044.79,3.0381078081142213e-06
3044.8,3.0608109871605307e-06
3044.81,3.0848505348906825e-06
3044.82,3.1104072662114116e-06
3044.83,3.1376863478808268e-06
3044.84,3.1669160234982196e-06
3044.85,3.198342397228057e-06
3044.86,3.2322174631669257e-06
3044.87,3.2687762043829157e-06
3044.88,3.3081970298899954e-06
3044.89,3.35053866096847e-06
3044.9,3.395647292516054e-06
3044.91,3.4430332808640705e-06
3044.92,3.4917308515286017e-06
3044.93,3.5401804504038963e-06
3044.94,3.5862068780284385e-06
3044.95,3.6271856452825318e-06
3044.96,3.6604558398509072e-06
3044.97,3.6839231519730835e-06
3044.98,3.6966437821486934e-06
3044.99,3.699113728010982e-06
3045.0,3.693109329695834e-06
3045.01,3.6811690130499175e-06
3045.02,3.6641657255974175e-06
3045.03,3.648083851847258e-06
3045.04,3.6328815287254633e-06
3045.05,3.619727351706994e-06
3045.06,3.609266858687653e-06
3045.07,3.6017594655100542e-06
3045.08,3.5972105495463347e-06
3045.09,3.5954769268560963e-06
3045.1,3.5963406850740585e-06
3045.11,3.5995564356971355e-06
3045.12,3.604879229215827e-06
3045.13,3.6120796003925403e-06
3045.14,3.620950578357214e-06
3045.15,3.631309954413506e-06
3045.16,3.642999922562204e-06
3045.17,3.6558853932855474e-06
3045.18,3.6698517488282844e-06
3045.19,3.684069612115055e-06
3045.2,3.6999272962246927e-06
3045.21,3.7166217292516108e-06
3045.22,3.7340980047611124e-06
3045.23,3.752311473974552e-06
3045.24,3.7712268315877613e-06
3045.25,3.7908167498084763e-06
3045.26,3.811061230743992e-06
3045.27,3.831946987081579e-06
3045.28,3.853508054483601e-06
3045.29,3.875661726782145e-06
3045.3,3.8984534366295785e-06
3045.31,3.9218936423248694e-06
3045.32,3.9459984852711525e-06
3045.33,3.970789917226775e-06
3045.34,3.996295978402375e-06
3045.35,4.022551243354745e-06
3045.36,4.049597447860716e-06
3045.37,4.077484311560013e-06
3045.38,4.106270578174715e-06
3045.39,4.136025305484535e-06
3045.4,4.166829449926475e-06
3045.41,4.198777805041982e-06
3045.42,4.231981369821244e-06
3045.43,4.266570242864716e-06
3045.44,4.302697162645043e-06
3045.45,4.340541843778626e-06
3045.46,4.380316295545211e-06
3045.47,4.42227135228736e-06
3045.48,4.466704696164633e-06
3045.49,4.513970708781912e-06
3045.5,4.564492544344953e-06
3045.51,4.618776859678812e-06
3045.52,4.677431638664567e-06
3045.53,4.741187455547773e-06
3045.54,4.8109222299744005e-06
3045.55,4.887688846280246e-06
3045.56,4.972743599200564e-06
3045.57,5.067570693708426e-06
3045.58,5.173892965850379e-06
3045.59,5.293650017623253e-06
3045.6,5.428909855093754e-06
3045.61,5.5816567040038344e-06
3045.62,5.753366603486688e-06
3045.63,5.944255031621187e-06
3045.64,6.15209396724876e-06
3045.65,6.3706320943163475e-06
3045.66,6.588025679044724e-06
3045.67,6.786314748505601e-06
3045.68,6.943452810948713e-06
3045.69,7.038788790898352e-06
3045.7,7.060252439000806e-06
3045.71,7.009702344408559e-06
3045.72,6.901882417864311e-06
3045.73,6.758522617528858e-06
3045.74,6.59367221884515e-06
3045.75,6.438872983007457e-06
3045.76,6.2970456828712635e-06
3045.77,6.173325143955887e-06
3045.78,6.069213218309228e-06
3045.79,5.984087787187666e-06
3045.8,5.916288577466898e-06
3045.81,5.8637765807985435e-06
3045.82,5.8245050511748374e-06
3045.83,5.796594652702075e-06
3045.84,5.778401453609101e-06
3045.85,5.76852794587901e-06
3045.86,5.765806909112384e-06
3045.87,5.769274097848168e-06
3045.88,5.778137673664689e-06
3045.89,5.8209973865618805e-06
3045.9,5.8389571041808955e-06
3045.91,5.860734656231923e-06
3045.92,5.886020609111262e-06
3045.93,5.914868416930345e-06
3045.94,5.946340952235468e-06
3045.95,5.9810194515641844e-06
3045.96,6.018650817417609e-06
3045.97,6.059240735915535e-06
3045.98,6.102850650116167e-06
3045.99,6.149598951668258e-06
3046.0,6.19966356618148e-06
3046.01,6.253285537775813e-06
3046.02,6.310773026037795e-06
3046.03,6.372504577878314e-06
3046.04,6.438929677289406e-06
3046.05,6.510563149135324e-06
3046.06,6.5879677467807644e-06
3046.07,6.6717159392994765e-06
3046.08,6.76231750830262e-06
3046.09,6.860094820533348e-06
3046.1,6.964985216106706e-06
3046.11,7.076256179897592e-06
3046.12,7.192145305204427e-06
3046.13,7.3094974123949854e-06
3046.14,7.423567292326664e-06
3046.15,7.5276814056295294e-06
3046.16,7.616385802545209e-06
3046.17,7.683553422659656e-06
3046.18,7.726292425179227e-06
3046.19,7.745346845217414e-06
3046.2,7.744839252613615e-06
3046.21,7.730939983573079e-06
3046.22,7.710192554437587e-06
3046.23,7.688222348081978e-06
3046.24,7.669131309292594e-06
3046.25,7.655473218068855e-06
3046.26,7.648543765182931e-06
3046.27,7.648756670472851e-06
3046.28,7.655976739228613e-06
3046.29,7.669769459994782e-06
3046.3,7.689566442172591e-06
3046.31,7.714766169054945e-06
3046.32,7.744789322109227e-06
3046.33,7.779109305081977e-06
3046.34,7.817258587051697e-06
3046.35,7.858832859464973e-06
3046.36,7.903486716575648e-06
3046.37,7.950927929984335e-06
3046.38,8.000791936103803e-06
3046.39,8.053113551693788e-06
3046.4,8.107602751382401e-06
3046.41,8.164120094427153e-06
3046.42,8.222552198099672e-06
3046.43,8.282808295693212e-06
3046.44,8.344817426083387e-06
3046.45,8.408526175281976e-06
3046.46,8.474520730470224e-06
3046.47,8.541538090661037e-06
3046.48,8.610184123955691e-06
3046.49,8.680462023233337e-06
3046.5,8.752382668146077e-06
3046.51,8.825969999119285e-06
3046.52,8.901835056444857e-06
3046.53,8.978852285245335e-06
3046.54,9.057632221024552e-06
3046.55,9.138194969856516e-06
3046.56,9.220534578017415e-06
3046.57,9.304599462185047e-06
3046.58,9.390268349740471e-06
3046.59,9.477325669999717e-06
3046.6,9.565445144943129e-06
3046.61,9.654196379681005e-06
3046.62,9.743090796447255e-06
3046.63,9.831671851298632e-06
3046.64,9.919629139304834e-06
3046.65,1.000689164725472e-05
3046.66,1.0093654438019953e-05
3046.67,1.0180325906694948e-05
3046.68,1.0267416200225927e-05
3046.69,1.035543499211293e-05
3046.7,1.0444810583853306e-05
3046.71,1.05358597966855e-05
3046.72,1.0628790988300023e-05
3046.73,1.0723724975300908e-05
3046.74,1.0820720914744232e-05
3046.75,1.0919797569236615e-05
3046.76,1.1020952783926848e-05
3046.77,1.1124173920448797e-05
3046.78,1.1229445775160671e-05
3046.79,1.1336755039628043e-05
3046.8,1.1446092710875562e-05
3046.81,1.1557455220911338e-05
3046.82,1.1670844810885746e-05
3046.83,1.178626949002117e-05
3046.84,1.190374279118618e-05
3046.85,1.202328344994298e-05
3046.86,1.2144915080657791e-05
3046.87,1.2268665890285174e-05
3046.88,1.2394568451715455e-05
3046.89,1.2522659547757172e-05
3046.9,1.2652980097629716e-05
3046.91,1.2785575137169039e-05
3046.92,1.2920493940698938e-05
3046.93,1.3057790181361074e-05
3046.94,1.3197522223367947e-05
3046.95,1.3339753528451208e-05
3046.96,1.3484482965793064e-05
3046.97,1.3631926771990463e-05
3046.98,1.3782097192195831e-05
3046.99,1.3935085499763492e-05
3047.0,1.4090993016676312e-05
3047.01,1.4249933613141344e-05
3047.02,1.4412034271659295e-05
3047.03,1.457744146696652e-05
3047.04,1.4748946518537185e-05
3047.05,1.4921554136418907e-05
3047.06,1.5098863067957583e-05
3047.07,1.5279570341206806e-05
3047.08,1.546479903735308e-05
3047.09,1.5654964403222154e-05
3047.1,1.5850583682243196e-05
3047.11,1.6052309047195266e-05
3047.12,1.626097162548768e-05
3047.13,1.6477638098041618e-05
3047.14,1.670367566524101e-05
3047.15,1.6940804698278122e-05
3047.16,1.719108117535189e-05
3047.17,1.7456672710384224e-05
3047.18,1.7739149456534324e-05
3047.19,1.803785613049279e-05
3047.2,1.8347074575401073e-05
3047.21,1.8653241033593254e-05
3047.22,1.89360120086025e-05
3047.23,1.917785701634639e-05
3047.24,1.9376754606343648e-05
3047.25,1.9548073995303178e-05
3047.26,1.971325603872923e-05
3047.27,1.9888483425173908e-05
3047.28,2.008186691928797e-05
3047.29,2.0295751484576015e-05
3047.3,2.0529714301614598e-05
3047.31,2.078232883359404e-05
3047.32,2.1051710189798787e-05
3047.33,2.133524010870773e-05
3047.34,2.1629041846746235e-05
3047.35,2.192811411362272e-05
3047.36,2.2228238616104846e-05
3047.37,2.2528470178627062e-05
3047.38,2.28320692921362e-05
3047.39,2.3143860080168447e-05
3047.4,2.3467052402859054e-05
3047.41,2.3801293575362748e-05
3047.42,2.4142705378767075e-05
3047.43,2.4487037766236052e-05
3047.44,2.483420144360131e-05
3047.45,2.5188516948276537e-05
3047.46,2.555474577691572e-05
3047.47,2.5935606582480376e-05
3047.48,2.6332090040369866e-05
3047.49,2.6744514050607463e-05
3047.5,2.717317073136004e-05
3047.51,2.761860114498782e-05
3047.52,2.808168497990537e-05
3047.53,2.856367482648311e-05
3047.54,2.9066222758032227e-05
3047.55,2.959141023056877e-05
3047.56,3.01417712538211e-05
3047.57,3.072027889529156e-05
3047.58,3.133023419504193e-05
3047.59,3.197494529398744e-05
3047.6,3.2657009978119604e-05
3047.61,3.3376949757878165e-05
3047.62,3.413096967578595e-05
3047.63,3.490805321664909e-05
3047.64,3.5687680575575306e-05
3047.65,3.6441039488372884e-05
3047.66,3.713846618589262e-05
3047.67,3.776189723720025e-05
3047.68,3.831423307003066e-05
3047.69,3.881777116741483e-05
3047.7,3.930283231706943e-05
3047.71,3.9796367427435865e-05
3047.72,4.031655241794578e-05
3047.73,4.087331999681085e-05
3047.74,4.147121152920274e-05
3047.75,4.2111864533700844e-05
3047.76,4.27954573951862e-05
3047.77,4.352141797966799e-05
3047.78,4.428883434581358e-05
3047.79,4.509673755624724e-05
3047.8,4.594434936145804e-05
3047.81,4.6831144849518094e-05
3047.82,4.77569526760436e-05
3047.83,4.872196297605518e-05
3047.84,4.972672701909681e-05
3047.85,5.077215337640741e-05
3047.86,5.1859512599538506e-05
3047.87,5.299045800800409e-05
3047.88,5.416707168568918e-05
3047.89,5.5391947807663455e-05
3047.9,5.666833307494157e-05
3047.91,5.8000358586907726e-05
3047.92,5.939342505566954e-05
3047.93,6.085485681103374e-05
3047.94,6.239504784445197e-05
3047.95,6.402954852302226e-05
3047.96,6.578302860970639e-05
3047.97,6.769721257123451e-05
3047.98,6.984647884749167e-05
3047.99,7.236855602329163e-05
3048.0,7.549798132288855e-05
3048.01,7.940310484407851e-05
3048.02,8.316054308470184e-05
3048.03,8.470821043478937e-05
3048.04,8.477693112162882e-05
3048.05,8.526684747932728e-05
3048.06,8.650564422617467e-05
3048.07,8.8278352693721e-05
3048.08,9.040864264349798e-05
3048.09,9.279899717040316e-05
3048.1,9.539964800204119e-05
3048.11,9.818640055685717e-05
3048.12,0.00010114917267675608
3048.13,0.00010428596626471541
3048.14,0.00010759884925800125
3048.15,0.00011109607431211998
3048.16,0.00011478558587521894
3048.17,0.00011867831843381098
3048.18,0.00012278703755628213
3048.19,0.00012712626316534507
3048.2,0.00013171228573951032
3048.21,0.0001365632483768592
3048.22,0.00014169928057619342
3048.23,0.00014714268704046313
3048.24,0.00015291812682963877
3048.25,0.00015905293949918084
3048.26,0.00016557741341566878
3048.27,0.0001725251566383047
3048.28,0.00017993351464741161
3048.29,0.0001878440533396074
3048.3,0.00019630311757586782
3048.31,0.00020536247628232259
3048.32,0.00021508006943407257
3048.33,0.00022552087268657122
3048.34,0.00023675789958483377
3048.35,0.0002488733641026456
3048.36,0.00026196002999471563
3048.37,0.00027612277737967047
3048.38,0.0002914804211693389
3048.39,0.00030816782002715515
3048.4,0.0003263383181672895
3048.41,0.00034616656457137627
3048.42,0.000367851754047944
3048.43,0.000391621329904405
3048.44,0.0004177351762100959
3048.45,0.0004464903043738603
3048.46,0.0004782259984688139
3048.47,0.0005133293174927292
3048.48,0.0005522407442642303
3048.49,0.0005954595691878238
3048.5,0.000643548107592583
3048.51,0.0006971319945676029
3048.52,0.0007569059870525718
3048.53,0.0008235101670300981
3048.54,0.0008975201568114569
3048.55,0.000979315130890376
3048.56,0.0010692977730493271
3048.57,0.001167881239494191
3048.58,0.001274992679029014
3048.59,0.0013897074616358175
3048.6,0.0015100492878811758
3048.61,0.0016327706769544293
3048.62,0.0017531876701248079
3048.63,0.0018652363366202175
3048.64,0.0019619095378954152
3048.65,0.0020361497965777084
3048.66,0.0020820934089134484
3048.67,0.002096335942201349
3048.68,0.0020787645189600753
3048.69,0.0020326123516339945
3048.7,0.001963713683557291
3048.71,0.001879273400774958
3048.72,0.0017866048072042644
3048.73,0.0016921874787666727
3048.74,0.0016011773472331598
3048.75,0.0015173134694171355
3048.76,0.0014430797203905158
3048.77,0.0013799805662603982
3048.78,0.0013288320176272905
3048.79,0.0012900148398812372
3048.8,0.0012636703552582067
3048.81,0.001249837383669834
3048.82,0.0012485357010033542
3048.83,0.0012598012616926672
3048.84,0.001283674751095706
3048.85,0.0013201401099717325
3048.86,0.001369005723681296
3048.87,0.0014297212051033006
3048.88,0.0015011324223982952
3048.89,0.0015812037147829325
3048.9,0.0016667836118288719
3048.91,0.0017535493117610142
3048.92,0.0018362965091482664
3048.93,0.0019096768067786477
3048.94,0.001969279169468012
3048.95,0.00201267650000388
3048.96,0.002039927709028213
3048.97,0.002053224490970589
3048.98,0.002055814574344236
3048.99,0.0020506923006729473
3049.0,0.002039583734114091
3049.01,0.0020225264564050012
3049.02,0.001998069757538474
3049.03,0.0019639334691436863
3049.04,0.001917892122923413
3049.05,0.00185857358280749
3049.06,0.0017859873246648989
3049.07,0.0017016191184295285
3049.08,0.0016081359640996013
3049.09,0.0015088558398528705
3049.1,0.0014071828060603295
3049.11,0.0013061627172208847
3049.12,0.0012082267722687901
3049.13,0.0011151121359892916
3049.14,0.0010279074693770342
3049.15,0.0009471644676861857
3049.16,0.0008730292790718833
3049.17,0.0008053656496160016
3049.18,0.0007438567950078517
3049.19,0.0006880829023030217
3049.2,0.0006375763881139193
3049.21,0.0005918590860964482
3049.22,0.000550465801903238
3049.23,0.0005129581220890703
3049.24,0.00047893155703901315
3049.25,0.00044801830696025204
3049.26,0.00041988728159388826
3049.27,0.00039424249267804804
3049.28,0.0003708205658301966
3049.29,0.0003493878540109182
3049.3,0.0003297374538587139
3049.31,0.00031168630453655546
3049.32,0.000295072468849479
3049.33,0.00027975264541062525
3049.34,0.000265599928507322
3049.35,0.00025250181342788367
3049.36,0.00024035843276858811
3049.37,0.00022907942544959784
3049.38,0.00021858892686933468
3049.39,0.00020881485027141644
3049.4,0.00019969421740046237
3049.41,0.00019117066589563472
3049.42,0.00018319366541548541
3049.43,0.00017571783401568766
3049.44,0.00016870234122963543
3049.45,0.00016211038652571983
3049.46,0.0001559087436378993
3049.47,0.00015006736212454466
3049.48,0.0001445590185435249
3049.49,0.00013935901042116914
3049.5,0.00013444488724712877
3049.51,0.00012979531656220317
3049.52,0.000125393466878599
3049.53,0.00012122142615684417
3049.54,0.00011726363750520733
3049.55,0.00011350584840839456
3049.56,0.0001099349777249329
3049.57,0.00010653900163250764
3049.58,0.00010330682264067634
3049.59,0.00010022817478258932
3049.6,9.729407764580185e-05
3049.61,9.449518015228801e-05
3049.62,9.182482364893776e-05
3049.63,8.927512207617373e-05
3049.64,8.683934449093156e-05
3049.65,8.451125879075684e-05
3049.66,8.228509638456434e-05
3049.67,8.01555206251272e-05
3049.68,7.811759740099513e-05
3049.69,7.616676806084949e-05
3049.7,7.429882463266535e-05
3049.71,7.2509887718273e-05
3049.72,7.079638756032787e-05
3049.73,6.91550449222069e-05
3049.74,6.758285998773698e-05
3049.75,6.607709811730131e-05
3049.76,6.463528070015554e-05
3049.77,6.3255177635735e-05
3049.78,6.19348019785256e-05
3049.79,6.0672517894060974e-05
3049.8,5.9466595890101934e-05
3049.81,5.831587775130283e-05
3049.82,5.7219338582904507e-05
3049.83,5.61759170436436e-05
3049.84,5.51856636379953e-05
3049.85,5.424802892119355e-05
3049.86,5.336301628221366e-05
3049.87,5.253089417190276e-05
3049.88,5.175216788009245e-05
3049.89,5.1027611138079736e-05
3049.9,5.0358198036107154e-05
3049.91,4.9745054306858305e-05
3049.92,4.918936080384508e-05
3049.93,4.8692202605821e-05
3049.94,4.8254343655138576e-05
3049.95,4.787590393853143e-05
3049.96,4.7555916694046315e-05
3049.97,4.729175094641564e-05
3049.98,4.707842053726724e-05
3049.99,4.690773808701267e-05
3050.0,4.676764965654746e-05
3050.01,4.664165572364052e-05
3050.02,4.650882697378336e-05
3050.03,4.634458230721812e-05
3050.04,4.612287435982258e-05
3050.05,4.5817981087483876e-05
3050.06,4.54114743617511e-05
3050.07,4.489078512245755e-05
3050.08,4.4254473429537015e-05
3050.09,4.351163656768738e-05
3050.1,4.268011744471078e-05
3050.11,4.178332331859851e-05
3050.12,4.084662065452585e-05
3050.13,3.989420205997031e-05
3050.14,3.894695085349466e-05
3050.15,3.8021403145764385e-05
3050.16,3.712960943699239e-05
3050.17,3.6279579068709646e-05
3050.18,3.547600771518102e-05
3050.19,3.472106901055845e-05
3050.2,3.4015141145290875e-05
3050.21,3.3357410238970127e-05
3050.22,3.274644354933363e-05
3050.23,3.2180110988496605e-05
3050.24,3.16564576783e-05
3050.25,3.1173443825267256e-05
3050.26,3.072915091628463e-05
3050.27,3.0321841243312776e-05
3050.28,2.994999187114727e-05
3050.29,2.9612318659402526e-05
3050.3,2.930780395757873e-05
3050.31,2.9035733645607558e-05
3050.32,2.8795733748715593e-05
3050.33,2.8587791949493657e-05
3050.34,2.8412249425206748e-05
3050.35,2.826977883320349e-05
3050.36,2.8161366691007962e-05
3050.37,2.8088315244368576e-05
3050.38,2.8052264840317227e-05
3050.39,2.8055231327652192e-05
3050.4,2.8099653821492298e-05
3050.41,2.818845205092127e-05
3050.42,2.8325096020031252e-05
3050.43,2.8513691986651807e-05
3050.44,2.8759086754618446e-05
3050.45,2.9066987888570297e-05
3050.46,2.944409738985701e-05
3050.47,2.9898258905940717e-05
3050.48,3.0438628001330784e-05
3050.49,3.107587395458553e-05
3050.5,3.18224178587154e-05
3050.51,3.2692704469323775e-05
3050.52,3.370349795969419e-05
3050.53,3.4874183596229635e-05
3050.54,3.622704434549231e-05
3050.55,3.79957960472684e-05
3050.56,3.979310888100176e-05
3050.57,4.185747182701821e-05
3050.58,4.422308383389883e-05
3050.59,4.692325165253724e-05
3050.6,4.998882903147596e-05
3050.61,5.34425552453199e-05
3050.62,5.729088193461916e-05
3050.63,6.15121992193833e-05
3050.64,6.604140795048143e-05
3050.65,7.07524562204472e-05
3050.66,7.544276506085049e-05
3050.67,7.982888809355689e-05
3050.68,8.356250640588257e-05
3050.69,8.627607522319521e-05
3050.7,8.765461001531491e-05
3050.71,8.751345309876558e-05
3050.72,8.585007995833154e-05
3050.73,8.284481193806703e-05
3050.74,7.881007887040596e-05
3050.75,7.41128995876948e-05
3050.76,6.910261914070098e-05
3050.77,6.406457109420623e-05
3050.78,5.9203091762113386e-05
3050.79,5.4645938343663264e-05
3050.8,5.0459394647436684e-05
3050.81,4.666582656266665e-05
3050.82,4.3259193031632325e-05
3050.83,4.0216917037590513e-05
3050.84,3.750814077564606e-05
3050.85,3.5099042410952805e-05
3050.86,3.2956006522904423e-05
3050.87,3.104732633544529e-05
3050.88,2.9343954123035415e-05
3050.89,2.7819710498213847e-05
3050.9,2.645131073227503e-05
3050.91,2.5218479232311608e-05
3050.92,2.410405235665938e-05
3050.93,2.3093719626047602e-05
3050.94,2.2175382865859483e-05
3050.95,2.1338533274705818e-05
3050.96,2.057390824435008e-05
3050.97,1.9873340363427707e-05
3050.98,1.922967278236121e-05
3050.99,1.86366399007537e-05
3051.0,1.808879877832926e-05
3051.01,1.7581401753390338e-05
3051.02,1.711030711065213e-05
3051.03,1.667189505625299e-05
3051.04,1.6262118841363916e-05
3051.05,1.5879953726617207e-05
3051.06,1.5522070458898642e-05
3051.07,1.5186311944076452e-05
3051.08,1.4870773831775407e-05
3051.09,1.4573772433583178e-05
3051.1,1.4293817469935482e-05
3051.11,1.4029588907135443e-05
3051.12,1.377991727138943e-05
3051.13,1.3543766929920806e-05
3051.14,1.3320221915549965e-05
3051.15,1.310847393943553e-05
3051.16,1.290781229138662e-05
3051.17,1.2717615365935258e-05
3051.18,1.2537343577164978e-05
3051.19,1.236653343127031e-05
3051.2,1.2204792510975992e-05
3051.21,1.2051795076159279e-05
3051.22,1.1907277933794186e-05
3051.23,1.1771035992390224e-05
3051.24,1.3997075094754127e-05
3051.25,1.388620079860374e-05
3051.26,1.378332373388668e-05
3051.27,1.3688389362314187e-05
3051.28,1.3601336432426882e-05
3051.29,1.3522061114749985e-05
3051.3,1.3450366554669948e-05
3051.31,1.3385859402337853e-05
3051.32,1.3328010554733225e-05
3051.33,1.327579031129225e-05
3051.34,1.3227948405726978e-05
3051.35,1.318260215250487e-05
3051.36,1.3137494795807806e-05
3051.37,1.309010165082181e-05
3051.38,1.3037931999647716e-05
3051.39,1.2978931179378117e-05
3051.4,1.291187979500065e-05
3051.41,1.283665376967396e-05
3051.42,1.2754238173290865e-05
3051.43,1.2666706237621558e-05
3051.44,1.2576050496252248e-05
3051.45,1.248491742635092e-05
3051.46,1.2395534591673808e-05
3051.47,1.2309715040498085e-05
3051.48,1.2228804331729025e-05
3051.49,1.2153716900926351e-05
3051.5,1.2085017811151471e-05
3051.51,1.2023016549235022e-05
3051.52,1.1967853494879542e-05
3051.53,1.1919570911707936e-05
3051.54,1.1878167276698253e-05
3051.55,1.1843637208805144e-05
3051.56,1.1816000462274086e-05
3051.57,1.1795323506828234e-05
3051.58,1.1781736883277048e-05
3051.59,1.1775451184022704e-05
3051.6,1.1776774418828988e-05
3051.61,1.178613368922597e-05
3051.62,1.180410466881441e-05
3051.63,1.1831453388059064e-05
3051.64,1.186919598864366e-05
3051.65,1.1918681896828193e-05
3051.66,1.1981698438844118e-05
3051.67,1.2060561162005483e-05
3051.68,1.2158039881458444e-05
3051.69,1.2276653563536553e-05
3051.7,1.2416471405095609e-05
3051.71,1.257097394379125e-05
3051.72,1.2725811282788857e-05
3051.73,1.286974010956688e-05
3051.74,1.3009464897079257e-05
3051.75,1.3164074620355564e-05
3051.76,1.3348131906324207e-05
3051.77,1.356775944103014e-05
3051.78,1.3827455700086803e-05
3051.79,1.413400498774905e-05
3051.8,1.4495122388107955e-05
3051.81,1.4918809336372233e-05
3051.82,1.5414335047420948e-05
3051.83,1.5993248743115495e-05
3051.84,1.667008800104547e-05
3051.85,1.7463016458373034e-05
3051.86,1.8394538797506255e-05
3051.87,1.9492323084822834e-05
3051.88,2.0790023154924097e-05
3051.89,2.2327983145861293e-05
3051.9,2.4153279179720656e-05
3051.91,2.631827055828384e-05
3051.92,2.88761543225744e-05
3051.93,3.187070411221511e-05
3051.94,3.531646365680978e-05
3051.95,3.916538470541572e-05
3051.96,4.3259982737042046e-05
3051.97,4.728617644785121e-05
3051.98,5.076227912764022e-05
3051.99,5.311705229363168e-05
3052.0,5.38717724547955e-05
3052.01,5.285403465739821e-05
3052.02,5.028401510697096e-05
3052.03,4.666514759319504e-05
3052.04,4.256604897120006e-05
3052.05,3.844947009900325e-05
3052.06,3.460781439168386e-05
3052.07,3.118161285260028e-05
3052.08,2.8208249195222337e-05
3052.09,2.5667555376840857e-05
3052.1,2.3513377007702946e-05
3052.11,2.169195282835351e-05
3052.12,2.03004764639123e-05
3052.13,1.899460821951742e-05
3052.14,1.7883389421100138e-05
3052.15,1.693377793598775e-05
3052.16,1.6118571308726517e-05
3052.17,1.541551516665843e-05
3052.18,1.4806445202219498e-05
3052.19,1.4276532774441516e-05
3052.2,1.3813651639419147e-05
3052.21,1.340785911396376e-05
3052.22,1.3050977573208777e-05
3052.23,1.2736258912553611e-05
3052.24,1.2458116597440733e-05
3052.25,1.221191155388573e-05
3052.26,1.1993781946805595e-05
3052.27,1.1800507622015925e-05
3052.28,1.1629403741607953e-05
3052.29,1.1478237388412632e-05
3052.3,1.1345160629965228e-05
3052.31,1.1228653602888114e-05
3052.32,1.1127473990797895e-05
3052.33,1.1040612712106637e-05
3052.34,1.096725543201949e-05
3052.35,1.0906747940173756e-05
3052.36,1.086107500531295e-05
3052.37,1.0824786588554308e-05
3052.38,1.079997936357288e-05
3052.39,1.0786237129749415e-05
3052.4,1.07830527343665e-05
3052.41,1.0789735054306737e-05
3052.42,1.080529721670894e-05
3052.43,1.0828331966152215e-05
3052.44,1.0856889751692512e-05
3052.45,1.0888388291507078e-05
3052.46,1.0919596032120921e-05
3052.47,1.0946738835741612e-05
3052.48,1.0965768609201712e-05
3052.49,1.0972795485642231e-05
3052.5,1.0964621830027068e-05
3052.51,1.0939257944479969e-05
3052.52,1.0896263310414971e-05
3052.53,1.0836802684306878e-05
3052.54,1.0763395397422904e-05
3052.55,1.0679444080287021e-05
3052.56,1.0588685785788042e-05
3052.57,1.0494709264688935e-05
3052.58,1.0400620304215056e-05
3052.59,1.0308875119218912e-05
3052.6,1.0221252984777942e-05
3052.61,1.013892015211597e-05
3052.62,1.0062538142052981e-05
3052.63,9.992383160765508e-06
3052.64,9.928455878161574e-06
3052.65,9.870572684632815e-06
3052.66,9.818436364779795e-06
3052.67,9.771687926582242e-06
3052.68,9.729942823603545e-06
3052.69,9.692815045452604e-06
3052.7,9.659932199208368e-06
3052.71,9.630943041714964e-06
3052.72,9.605524598516547e-06
3052.73,9.583383156065433e-06
3052.74,9.564249048300209e-06
3052.75,9.54787991658358e-06
3052.76,9.534058415077814e-06
3052.77,9.522589546303062e-06
3052.78,9.513298821687298e-06
3052.79,9.50603028062925e-06
3052.8,9.500644603304313e-06
3052.81,9.497017347460922e-06
3052.82,9.495037351437637e-06
3052.83,9.494605245855888e-06
3052.84,9.49563215401552e-06
3052.85,9.498038509615853e-06
3052.86,9.501753005290225e-06
3052.87,9.506711655857037e-06
3052.88,9.512856966550875e-06
3052.89,9.52013720018291e-06
3052.9,9.528505738795724e-06
3052.91,9.537920530331008e-06
3052.92,9.548343599900303e-06
3052.93,9.559740632598798e-06
3052.94,9.572080492486444e-06
3052.95,9.58533505157901e-06
3052.96,9.5994789186096e-06
3052.97,9.614489409792042e-06
3052.98,9.62801629927276e-06
3052.99,9.644713742093002e-06
3053.0,9.662226249707559e-06
3053.01,9.680542052746781e-06
3053.02,9.69965178999551e-06
3053.03,9.719548289569635e-06
3053.04,9.740226425001724e-06
3053.05,9.76168309654259e-06
3053.06,9.783917352524883e-06
3053.07,9.806982526545182e-06
3053.08,9.830779349087141e-06
3053.09,9.855366884932257e-06
3053.1,9.880756365269807e-06
3053.11,9.90696334349348e-06
3053.12,9.934008114372875e-06
3053.13,9.961915699336486e-06
3053.14,9.990714779992928e-06
3053.15,1.002043436566137e-05
3053.16,1.0051096615013559e-05
3053.17,1.0082702194465896e-05
3053.18,1.0115206991523489e-05
3053.19,1.0148491015288978e-05
3053.2,1.0182333009265818e-05
3053.21,1.0216420485491026e-05
3053.22,1.0250427326004755e-05
3053.23,1.028414488149189e-05
3053.24,1.031759116537914e-05
3053.25,1.0351006023969719e-05
3053.26,1.0384717951573697e-05
3053.27,1.0419039187723985e-05
3053.28,1.0454182458084242e-05
3053.29,1.0490261207679936e-05
3053.3,1.0527317015796495e-05
3053.31,1.0565350095095614e-05
3053.32,1.0604341562874149e-05
3053.33,1.0644266745018445e-05
3053.34,1.0685101903271442e-05
3053.35,1.0726827161282369e-05
3053.36,1.0769427410385277e-05
3053.37,1.0812892278345295e-05
3053.38,1.0857215731558171e-05
3053.39,1.090239559053054e-05
3053.4,1.094843308469188e-05
3053.41,1.0995332496124516e-05
3053.42,1.1043100906782093e-05
3053.43,1.1091748049406304e-05
3053.44,1.1141286258518846e-05
3053.45,1.1191730518661522e-05
3053.46,1.1243098610474586e-05
3053.47,1.1295411359562005e-05
3053.48,1.1348692957956313e-05
3053.49,1.140297161856416e-05
3053.5,1.1458279976302241e-05
3053.51,1.151503121340551e-05
3053.52,1.1572521198479171e-05
3053.53,1.163117568730224e-05
3053.54,1.1691056403803696e-05
3053.55,1.1752236652688186e-05
3053.56,1.1814803952470073e-05
3053.57,1.1878848722972638e-05
3053.58,1.1944526538099283e-05
3053.59,1.2011974895520112e-05
3053.6,1.2081376810810012e-05
3053.61,1.2152950883484954e-05
3053.62,1.2226944169223197e-05
3053.63,1.2303671166267192e-05
3053.64,1.2383440773910768e-05
3053.65,1.2466564564502841e-05
3053.66,1.2553277010332148e-05
3053.67,1.264360665429125e-05
3053.68,1.2329398858405258e-05
3053.69,1.2426717365367817e-05
3053.7,1.2524260325998777e-05
3053.71,1.2618971297576689e-05
3053.72,1.2707561428160567e-05
3053.73,1.2787540509273984e-05
3053.74,1.2858379231998314e-05
3053.75,1.2921827973636334e-05
3053.76,1.2980938207022811e-05
3053.77,1.3039015946494354e-05
3053.78,1.3098598308920654e-05
3053.79,1.3161227601495928e-05
3053.8,1.3227611717494173e-05
3053.81,1.329791337723279e-05
3053.82,1.337200103434082e-05
3053.83,1.3449616983586894e-05
3053.84,1.3530472923956768e-05
3053.85,1.3614297239335549e-05
3053.86,1.3700854419280679e-05
3053.87,1.3789950024365674e-05
3053.88,1.3881428944801734e-05
3053.89,1.3975171069083708e-05
3053.9,1.4071086393729235e-05
3053.91,1.4169110489154588e-05
3053.92,1.4269200775566245e-05
3053.93,1.4371333096166803e-05
3053.94,1.447550006982636e-05
3053.95,1.458170917344362e-05
3053.96,1.3943178908173095e-05
3053.97,1.4056363076346129e-05
3053.98,1.4171680620758435e-05
3053.99,1.4289197282300662e-05
3054.0,1.4408996518957101e-05
3054.01,1.4531182587298918e-05
3054.02,1.4655884904075676e-05
3054.03,1.4783264056034051e-05
3054.04,1.4913519956757811e-05
3054.05,1.5046902797491747e-05
3054.06,1.568864551596378e-05
3054.07,1.5831190178378753e-05
3054.08,1.597793814329238e-05
3054.09,1.6129683023300558e-05
3054.1,1.6287228389356728e-05
3054.11,1.6451553159324233e-05
3054.12,1.6623777117327872e-05
3054.13,1.6805004394948065e-05
3054.14,1.699595690852074e-05
3054.15,1.719590437454529e-05
3054.16,1.7401548551131885e-05
3054.17,1.7605453762943153e-05
3054.18,1.779661315882922e-05
3054.19,1.796489866581903e-05
3054.2,1.810694307864895e-05
3054.21,1.8229329521016923e-05
3054.22,1.8343471557545677e-05
3054.23,1.845948120474099e-05
3054.24,1.858335028180754e-05
3054.25,1.8717386253157467e-05
3054.26,1.8861743731316233e-05
3054.27,1.9015657235665722e-05
3054.28,1.917812821419522e-05
3054.29,1.9348228192758443e-05
3054.3,1.9525200092878634e-05
3054.31,1.970847316496237e-05
3054.32,1.9897690632031337e-05
3054.33,2.0092491913648897e-05
3054.34,2.0292777783491524e-05
3054.35,2.0498497675307865e-05
3054.36,2.0709681542845944e-05
3054.37,2.0926424892446387e-05
3054.38,2.1148871411804123e-05
3054.39,2.1377187569898607e-05
3054.4,2.1611521086848638e-05
3054.41,2.185193295331209e-05
3054.42,2.209829370369901e-05
3054.43,2.235014557729431e-05
3054.44,2.2606563120982648e-05
3054.45,2.2866096315559147e-05
3054.46,2.3126925420923142e-05
3054.47,2.338731197706513e-05
3054.48,2.364621719742174e-05
3054.49,2.3903796082070752e-05
3054.5,2.4161358538619002e-05
3054.51,2.442089155233148e-05
3054.52,2.468442852109102e-05
3054.53,2.495361500816765e-05
3054.54,2.5229572844413156e-05
3054.55,2.5512980138110836e-05
3054.56,2.5804092175282092e-05
3054.57,2.6103078025618644e-05
3054.58,2.640997615929257e-05
3054.59,2.672479367524376e-05
3054.6,2.704754132232706e-05
3054.61,2.7378251042677516e-05
3054.62,2.7716983377950647e-05
3054.63,2.8063829467948237e-05
3054.64,2.84189128392781e-05
3054.65,2.878248318349751e-05
3054.66,2.9154506118404123e-05
3054.67,2.9535280733368532e-05
3054.68,2.9925014796775058e-05
3054.69,3.0323924912484154e-05
3054.7,3.0732408645650857e-05
3054.71,3.115040722864381e-05
3054.72,3.157839883894833e-05
3054.73,3.2016727561262335e-05
3054.74,3.19530515723524e-05
3054.75,3.2414923437303856e-05
3054.76,3.2888219836616455e-05
3054.77,3.3373337750993874e-05
3054.78,3.38706963718418e-05
3054.79,3.438073890939648e-05
3054.8,3.4903933982035444e-05
3054.81,3.544093632187229e-05
3054.82,3.599195213437357e-05
3054.83,3.6557693355733636e-05
3054.84,3.713874569939019e-05
3054.85,3.7735729016739266e-05
3054.86,3.834929971023101e-05
3054.87,3.898015341088822e-05
3054.88,3.962902794982551e-05
3054.89,4.029670666113911e-05
3054.9,4.098402206461494e-05
3054.91,4.169185998015856e-05
3054.92,4.242116412577183e-05
3054.93,4.317294124237741e-05
3054.94,4.394826679210034e-05
3054.95,4.4748291297203724e-05
3054.96,4.557424743173817e-05
3054.97,4.6427458020243614e-05
3054.98,4.730934514554778e-05
3054.99,4.8221440486130526e-05
3055.0,4.916539727474141e-05
3055.01,5.014300424280197e-05
3055.02,5.115620120090365e-05
3055.03,5.220709939441721e-05
3055.04,5.329799707008884e-05
3055.05,5.443141444123183e-05
3055.06,5.5610118204533846e-05
3055.07,5.683715989645372e-05
3055.08,5.811592049458426e-05
3055.09,5.945016489669273e-05
3055.1,6.0844109171528767e-05
3055.11,6.230250390147499e-05
3055.12,6.383073872283108e-05
3055.13,6.543497373066395e-05
3055.14,6.71223051662349e-05
3055.15,6.890097356829523e-05
3055.16,7.07806218445008e-05
3055.17,7.277260544868256e-05
3055.18,7.48903405084177e-05
3055.19,7.714963457820616e-05
3055.2,7.956885042881292e-05
3055.21,8.216855584614269e-05
3055.22,8.496994002246691e-05
3055.23,8.799070162103551e-05
3055.24,9.123662071864369e-05
3055.25,9.46878979962558e-05
3055.26,9.828440795292776e-05
3055.27,0.00010192520285932072
3055.28,0.0001055017320935678
3055.29,0.0001089633194099115
3055.3,0.00011236333517292344
3055.31,0.00011583905107718931
3055.32,0.00011954690278702119
3055.33,0.00012361364984110861
3055.34,0.00012812549189481848
3055.35,0.00013314037394133592
3055.36,0.00013870412402174713
3055.37,0.00014486223513263908
3055.38,0.00015166680447414846
3055.39,0.0001591803613319739
3055.4,0.00016747813652702665
3055.41,0.00017664969550610767
3055.42,0.00018680036238870649
3055.43,0.00019805254721855706
3055.44,0.00021054688363308108
3055.45,0.0002244429180593056
3055.46,0.0002399188234550244
3055.47,0.0002571692479434478
3055.48,0.0002764000799558163
3055.49,0.00029781829743203233
3055.5,0.0003216141982797277
3055.51,0.0003479146962907936
3055.52,0.0003767812496831655
3055.53,0.0004081571213500689
3055.54,0.00044168067678486053
3055.55,0.00047668901247399756
3055.56,0.0005120976426752119
3055.57,0.0005463503354461093
3055.58,0.0005774612388448392
3055.59,0.0006031993837854387
3055.6,0.0006214288508277348
3055.61,0.0006305430822169118
3055.62,0.000629853191634583
3055.63,0.0006197701863422681
3055.64,0.0006016977250053567
3055.65,0.0005776849384704709
3055.66,0.0005499883805356419
3055.67,0.0005206968798605924
3055.68,0.0004915039939415646
3055.69,0.00046363181558197196
3055.7,0.0004378618656216502
3055.71,0.0004146194454504837
3055.72,0.0003940706840142512
3055.73,0.0003762094805531303
3055.74,0.0003609256391282852
3055.75,0.0003480537153397586
3055.76,0.0003374057005991886
3055.77,0.00032879155723718754
3055.78,0.00032203125098711485
3055.79,0.00031696114944260406
3055.8,0.0003134368567434266
3055.81,0.0003113339128525644
3055.82,0.00031054728804738704
3055.83,0.00031099026892731117
3055.84,0.0003125931050899032
3055.85,0.000315301625662657
3055.86,0.00031907660422509433
3055.87,0.0003238900678415218
3055.88,0.00032972822563976897
3055.89,0.0003365881885595968
3055.9,0.0003444780977940332
3055.91,0.00035341681997718804
3055.92,0.0003634338401111916
3055.93,0.0003745693536700098
3055.94,0.00038687455699164627
3055.95,0.00040041214059414657
3055.96,0.0004152569942766437
3055.97,0.0004314971378550808
3055.98,0.0004492348970252539
3055.99,0.00046858835007801967
3056.0,0.0004896930783364498
3056.01,0.0005127042612770947
3056.02,0.0005377991667020987
3056.03,0.000565180096767499
3056.04,0.0005950778616541756
3056.05,0.0006277558644457476
3056.06,0.0006635148966165721
3056.07,0.0007026987433087531
3056.08,0.0007457007628703855
3056.09,0.000792971547426015
3056.1,0.0008450278393318659
3056.11,0.000902458934640902
3056.12,0.0009659542433875178
3056.13,0.0010362932338947694
3056.14,0.0011143762958472176
3056.15,0.0012012374159565326
3056.16,0.0012980635438786302
3056.17,0.001406205125465445
3056.18,0.0015272024664986445
3056.19,0.0016627895343685154
3056.2,0.0018148964673780337
3056.21,0.0019856320400298932
3056.22,0.002177235234662625
3056.23,0.002391977225262922
3056.24,0.0026319873127509394
3056.25,0.002898967762668396
3056.26,0.003193755852775154
3056.27,0.0035156930953666884
3056.28,0.003861783432776591
3056.29,0.004225682102047136
3056.3,0.0045966733764280215
3056.31,0.0049589695499971135
3056.32,0.005291844374820843
3056.33,0.005571165738758957
3056.34,0.005772620496165396
3056.35,0.005876232063711123
3056.36,0.0058708937079309945
3056.37,0.005757180300790838
3056.38,0.005547197858705188
3056.39,0.005261539946397017
3056.4,0.004924682466693264
3056.41,0.004560546562042258
3056.42,0.004189430478345389
3056.43,0.0038266293599148057
3056.44,0.0034824060324461052
3056.45,0.0031627420187760862
3056.46,0.002870376852711778
3056.47,0.0026057801198523436
3056.48,0.0023680150122877544
3056.49,0.002155322036591734
3056.5,0.001965547499790631
3056.51,0.0017964165615007262
3056.52,0.0016456981747350944
3056.53,0.0015112982116558737
3056.54,0.001391303722434872
3056.55,0.0012839984052841985
3056.56,0.0011878605949097682
3056.57,0.001101551757800188
3056.58,0.0010239004158054568
3056.59,0.0009538844732199331
3056.6,0.0008906136662177105
3056.61,0.0008333130521655127
3056.62,0.0007813079886813946
3056.63,0.0007340109007093756
3056.64,0.0006909092903665005
3056.65,0.0006515557094460774
3056.66,0.0006155588863013932
3056.67,0.0005825761328058062
3056.68,0.0005523068278782331
3056.69,0.0005244868356233177
3056.7,0.0004988837281217389
3056.71,0.0004752926982846137
3056.72,0.0004535330624691189
3056.73,0.0004334452653400256
3056.74,0.00041488831052523083
3056.75,0.0003977375496860631
3056.76,0.0003818827709238856
3056.77,0.0003672265376486412
3056.78,0.000353682747309836
3056.79,0.00034117541296998887
3056.8,0.0003296377169850511
3056.81,0.0003190114117117218
3056.82,0.00030924658246769956
3056.83,0.0003003016096326774
3056.84,0.0002921430885365249
3056.85,0.000284745471391004
3056.86,0.0002780902971768025
3056.87,0.000272166878981074
3056.88,0.0002669701510360386
3056.89,0.0002625008984405424
3056.9,0.00025876343236322727
3056.91,0.00025576261391037613
3056.92,0.00025350446900743737
3056.93,0.0002520067191307262
3056.94,0.000251313151283079
3056.95,0.0002514935990510362
3056.96,0.0002526310931248943
3056.97,0.00025481417107356007
3056.98,0.00025813929458582904
3056.99,0.0002627136581125968
3057.0,0.0002686576295629386
3057.01,0.0002761032749710976
3057.02,0.00028518955459594646
3057.03,0.00029605283831668147
3057.04,0.0003088107025604578
3057.05,0.00032353626769861276
3057.06,0.00034022008205283113
3057.07,0.00035871741733954155
3057.08,0.00037868196271823284
3057.09,0.0003994937395578584
3057.1,0.00042020037276332246
3057.11,0.0004395044897240927
3057.12,0.00045583801069605095
3057.13,0.00046755263824611735
3057.14,0.00047321394241500855
3057.15,0.00047192340707334575
3057.16,0.0004635478245963966
3057.17,0.0004487540011468788
3057.18,0.00042883236494603924
3057.19,0.00040539025225043375
3057.2,0.00038009409119595404
3057.21,0.00035421782387576924
3057.22,0.00032887017728335964
3057.23,0.0003047604822892905
3057.24,0.00028230279878239283
3057.25,0.0002616868716734857
3057.26,0.0002429468368441159
3057.27,0.00022601888139729277
3057.28,0.00021078359327860252
3057.29,0.00019709508857372157
3057.3,0.00018479970544492335
3057.31,0.0001737472095087317
3057.32,0.00016379694831996624
3057.33,0.00015482076518744147
3057.34,0.00014670392882768833
3057.35,0.00013934491124477746
3057.36,0.00013265456686486498
3057.37,0.00012655491503095665
3057.38,0.00012097804732576521
3057.39,0.00011586483680441814
3057.4,0.00011116383427294781
3057.41,0.00010683024541937324
3057.42,0.00010282501728983182
3057.43,9.911403611059862e-05
3057.44,9.566744666736461e-05
3057.45,9.245910539085128e-05
3057.46,8.94661471386297e-05
3057.47,8.66685837114467e-05
3057.48,8.404887137261961e-05
3057.49,8.159147963422762e-05
3057.5,7.928253636115107e-05
3057.51,7.710958603675711e-05
3057.52,7.506147670372504e-05
3057.53,7.312836538682927e-05
3057.54,7.130173057703728e-05
3057.55,6.957415582543129e-05
3057.56,6.793856949332485e-05
3057.57,6.638683937886245e-05
3057.58,6.490822700251536e-05
3057.59,6.34891931809851e-05
3057.6,6.211627145409226e-05
3057.61,6.0781371780949234e-05
3057.62,5.948459808876749e-05
3057.63,5.82313949174167e-05
3057.64,5.702722471795069e-05
3057.65,5.587460637047281e-05
3057.66,5.4773064165532377e-05
3057.67,5.372031699993385e-05
3057.68,5.2713363479486217e-05
3057.69,5.174911528079175e-05
3057.7,5.0824686101159766e-05
3057.71,4.99374863047437e-05
3057.72,4.908523116926084e-05
3057.73,4.826591702864938e-05
3057.74,4.747778995906615e-05
3057.75,4.671931671185785e-05
3057.76,4.5989160872085e-05
3057.77,4.528616433448874e-05
3057.78,4.460933284978388e-05
3057.79,4.395782341832623e-05
3057.8,4.333093000567257e-05
3057.81,4.272806190806606e-05
3057.82,4.214870568394719e-05
3057.83,4.159235688507478e-05
3057.84,4.105840324559292e-05
3057.85,4.05459414780979e-05
3057.86,4.005352691690314e-05
3057.87,3.957890679564589e-05
3057.88,3.9118882140684095e-05
3057.89,3.8669534029699915e-05
3057.9,3.822699795005613e-05
3057.91,3.778864521112354e-05
3057.92,3.7354043046949694e-05
3057.93,3.6925129775104355e-05
3057.94,3.650806303430657e-05
3057.95,3.6101206061791666e-05
3057.96,3.571045376257827e-05
3057.97,3.5338044763050084e-05
3057.98,3.498529230183562e-05
3057.99,3.4652753758604184e-05
3058.0,3.4340364030929214e-05
3058.01,3.404744177099921e-05
3058.02,3.3772561806811285e-05
3058.03,3.35133373971315e-05
3058.04,3.326621447342712e-05
3058.05,3.3026444452115985e-05
3058.06,3.278843125664275e-05
3058.07,3.254656163595577e-05
3058.08,3.229638021201736e-05
3058.09,3.203567217764606e-05
3058.1,3.176493444084362e-05
3058.11,3.1487012446088605e-05
3058.12,3.120613937045578e-05
3058.13,3.092682435047096e-05
3058.14,3.06528861462886e-05
3058.15,3.038671340140448e-05
3058.16,3.0128813622138548e-05
3058.17,2.987781191425484e-05
3058.18,2.963104347737405e-05
3058.19,2.938564595202475e-05
3058.2,2.91397264092289e-05
3058.21,2.889307299009572e-05
3058.22,2.8647141532828675e-05
3058.23,2.840447936019973e-05
3058.24,2.8165495975917436e-05
3058.25,2.7937631261011695e-05
3058.26,2.772021442313199e-05
3058.27,2.7514249189072054e-05
3058.28,2.732007355412196e-05
3058.29,2.7137569223984633e-05
3058.3,2.6966360602039655e-05
3058.31,2.6805883654668848e-05
3058.32,2.6655801610162432e-05
3058.33,2.651558446557891e-05
3058.34,2.6384872245391664e-05
3058.35,2.6263424187880892e-05
3058.36,2.6151126813488063e-05
3058.37,2.6047987439400672e-05
3058.38,2.5954132758001928e-05
3058.39,2.586982274099988e-05
3058.4,2.5795471344335418e-05
3058.41,2.5731679236052082e-05
3058.42,2.5679263162114183e-05
3058.43,2.5639322191223323e-05
3058.44,2.561324639858879e-05
3058.45,2.5602834514510602e-05
3058.46,2.561030841520964e-05
3058.47,2.5638343110416283e-05
3058.48,2.569000150556838e-05
3058.49,2.5768475234209994e-05
3058.5,2.587642073983044e-05
3058.51,2.6013925429995707e-05
3058.52,2.6177983455408375e-05
3058.53,2.6354436105671234e-05
3058.54,2.651561609509815e-05
3058.55,2.6620766115021465e-05
3058.56,2.6631718461558547e-05
3058.57,2.653710788666502e-05
3058.58,2.636217412803111e-05
3058.59,2.6151574988290173e-05
3058.6,2.5944493884819137e-05
3058.61,2.5763665329596918e-05
3058.62,2.5617355884982944e-05
3058.63,2.5505547991030947e-05
3058.64,2.542477115569326e-05
3058.65,2.53707258548909e-05
3058.66,2.5339408109317993e-05
3058.67,2.7775185163431355e-05
3058.68,2.778852030664054e-05
3058.69,2.781653885085486e-05
3058.7,2.7857654287633002e-05
3058.71,2.7910661199767002e-05
3058.72,2.797465005135786e-05
3058.73,2.804894039301087e-05
3058.74,2.813302978578582e-05
3058.75,2.8226561202289034e-05
3058.76,2.8329270172982052e-05
3058.77,2.844099881053408e-05
3058.78,2.856165558401252e-05
3058.79,2.8691208801321645e-05
3058.8,2.8829677068839682e-05
3058.81,2.8977121993564895e-05
3058.82,2.913364266671829e-05
3058.83,2.9299371607770206e-05
3058.84,2.9474471794143903e-05
3058.85,2.9659134801508896e-05
3058.86,2.9853579536557605e-05
3058.87,3.0058051682015763e-05
3058.88,3.0272823663533494e-05
3058.89,3.0498195097701024e-05
3058.9,3.07344936807248e-05
3058.91,3.098207646884936e-05
3058.92,3.124133145019551e-05
3058.93,3.151267916936907e-05
3058.94,3.1796573870642906e-05
3058.95,3.20935028771917e-05
3058.96,3.2403983563925395e-05
3058.97,3.272855262542674e-05
3058.98,3.306775153702472e-05
3058.99,3.342211360624327e-05
3059.0,3.379217713348575e-05
3059.01,3.417854814783371e-05
3059.02,3.458199736189913e-05
3059.03,3.500351766113389e-05
3059.04,3.544429461250269e-05
3059.05,3.590563594061463e-05
3059.06,3.6388935402419785e-05
3059.07,3.6895690705618675e-05
3059.08,3.74275544916759e-05
3059.09,3.7986396835663266e-05
3059.1,3.8574373023153585e-05
3059.11,3.919399201271558e-05
3059.12,3.9848238359755363e-05
3059.13,4.054063617748329e-05
3059.14,4.127541409175961e-05
3059.15,4.205765242982945e-05
3059.16,4.289344363071752e-05
3059.17,4.378985247149591e-05
3059.18,4.475554297058043e-05
3059.19,4.579942023795786e-05
3059.2,4.6930086728158434e-05
3059.21,4.815301424849467e-05
3059.22,4.946544881149037e-05
3059.23,5.084864704885333e-05
3059.24,5.225981351450801e-05
3059.25,5.3631444394343815e-05
3059.26,5.488837428888322e-05
3059.27,5.598264291282588e-05
3059.28,5.6922979622635115e-05
3059.29,5.7771260265483664e-05
3059.3,5.8609469408659154e-05
3059.31,5.950720494452578e-05
3059.32,6.050852338408372e-05
3059.33,6.163486701266488e-05
3059.34,6.28935201288631e-05
3059.35,6.428497943849642e-05
3059.36,6.580757353519843e-05
3059.37,6.745985002376946e-05
3059.38,6.924161802167402e-05
3059.39,7.115430290696006e-05
3059.4,7.320099702763591e-05
3059.41,7.538639932041125e-05
3059.42,7.771673841538931e-05
3059.43,8.019971510914224e-05
3059.44,8.284448048249795e-05
3059.45,8.566164542939384e-05
3059.46,8.866334036524188e-05
3059.47,9.186329890212951e-05
3059.48,9.527698401888532e-05
3059.49,9.8921749763559e-05
3059.5,0.00010281704151602991
3059.51,0.00010698463778611624
3059.52,0.00011144893793139089
3059.53,0.00011623730220016369
3059.54,0.00012138045410213595
3059.55,0.0001269129616715251
3059.56,0.00013287382428353283
3059.57,0.00013930720198655942
3059.58,0.00014626332249125822
3059.59,0.00015379957556362704
3059.6,0.00016198173891205658
3059.61,0.00017088526542258795
3059.62,0.00018059645425715489
3059.63,0.00019121330492346094
3059.64,0.0002028455306964359
3059.65,0.0002156126901084905
3059.66,0.0002296386171763606
3059.67,0.0002450396864956888
3059.68,0.00026190570630657735
3059.69,0.00028027381489426236
3059.7,0.00030011815419115517
3059.71,0.0003213746710089642
3059.72,0.00034402653682172487
3059.73,0.00036821770502195477
3059.74,0.00039430722801723367
3059.75,0.000422815420981454
3059.76,0.00045430772696704433
3059.77,0.0004893035173862862
3059.78,0.0005282390018123506
3059.79,0.0005714636071345306
3059.8,0.0006192356755814743
3059.81,0.0006716972389661147
3059.82,0.0007288217611949113
3059.83,0.0007903358938649289
3059.84,0.000855619303199972
3059.85,0.0009235916307371329
3059.86,0.0009926052688501216
3059.87,0.0010603762395897404
3059.88,0.0011239984552785525
3059.89,0.0011800901223817844
3059.9,0.0012251033391962166
3059.91,0.001255781627572769
3059.92,0.0012696835475249912
3059.93,0.0012656339154158498
3059.94,0.001243957432673176
3059.95,0.0012064120188292533
3059.96,0.0011558458471480147
3059.97,0.0010956956541843701
3059.98,0.0010294768465779584
3059.99,0.0009603833678890331
3060.0,0.0008910495035923643
3060.01,0.000823465535415826
3060.02,0.0007590053869417961
3060.03,0.0006985172796835204
3060.04,0.0006424374108275533
3060.05,0.0005909013594109883
3060.06,0.0005438371024399895
3060.07,0.0005010429471403978
3060.08,0.000462241019097282
3060.09,0.0004271168600010423
3060.1,0.00039534568844953665
3060.11,0.00036660915770071864
3060.12,0.00034060536512517603
3060.13,0.0003170542376540646
3060.14,0.0002956998558900092
3060.15,0.00027631082678061884
3060.16,0.0002586794712680523
3060.17,0.0002426203427865683
3060.18,0.0002279684151763639
3060.19,0.00021457715577841274
3060.2,0.00020231661622160097
3060.21,0.0001910716178744754
3060.22,0.00018074006680536396
3060.23,0.00017123145137426494
3060.24,0.00016246543679622924
3060.25,0.00015437067015477832
3060.26,0.0001468836967748143
3060.27,0.00013994801150492547
3060.28,0.0001335132259993263
3060.29,0.00012753433684895628
3060.3,0.00012197109699235946
3060.31,0.00011678744306988631
3060.32,0.00011195101711068738
3060.33,0.00010743274019264121
3060.34,0.00010320642734859103
3060.35,9.924847783033259e-05
3060.36,9.553757679866355e-05
3060.37,9.205444656303695e-05
3060.38,8.87816254590374e-05
3060.39,8.570327329078639e-05
3060.4,8.280484171576232e-05
3060.41,8.007355678732878e-05
3060.42,7.749733276151857e-05
3060.43,7.506528977988723e-05
3060.44,7.276748951362098e-05
3060.45,7.059484185906058e-05
3060.46,6.85390219871357e-05
3060.47,6.659239662604653e-05
3060.48,6.474795867834165e-05
3060.49,6.29992694362498e-05
3060.5,6.134040767575248e-05
3060.51,5.976592477001341e-05
3060.52,5.827080471285606e-05
3060.53,5.68504277980069e-05
3060.54,5.550053687157403e-05
3060.55,5.421720561338871e-05
3060.56,5.2996808993186465e-05
3060.57,5.183599653721937e-05
3060.58,5.073166914733431e-05
3060.59,4.9680908872688406e-05
3060.6,4.8681168435237515e-05
3060.61,4.7729952348221513e-05
3060.62,4.682501295354331e-05
3060.63,4.59642909646888e-05
3060.64,4.5145907011533285e-05
3060.65,4.436815201189918e-05
3060.66,4.3629476415150675e-05
3060.67,4.2928479125602955e-05
3060.68,4.205616254195672e-05
3060.69,4.1427679801026237e-05
3060.7,4.083346473277772e-05
3060.71,4.0272627197864876e-05
3060.72,3.9744394693888844e-05
3060.73,3.924811211858881e-05
3060.74,3.878324290842693e-05
3060.75,3.834937137404248e-05
3060.76,3.79462061790168e-05
3060.77,3.757357934083544e-05
3060.78,3.723147491561732e-05
3060.79,3.692000239526907e-05
3060.8,3.663942867220728e-05
3060.81,3.639018354021949e-05
3060.82,3.617287312092529e-05
3060.83,3.598829698043091e-05
3060.84,3.5837466236310473e-05
3060.85,3.572162777486293e-05
3060.86,3.564229168119924e-05
3060.87,3.5601264172505716e-05
3060.88,3.5600686780022864e-05
3060.89,3.564308299465716e-05
3060.9,3.573141386194944e-05
3060.91,3.58691443480319e-05
3060.92,3.6060322692516144e-05
3060.93,3.6309675629065756e-05
3060.94,3.6622722586476876e-05
3060.95,3.700591337857572e-05
3060.96,3.746679439210429e-05
3060.97,3.801420965021637e-05
3060.98,3.865854461904033e-05
3060.99,3.94120223325626e-05
3061.0,4.0289063496514795e-05
3061.01,4.1306724445003654e-05
3061.02,4.248522936138633e-05
3061.03,4.384861517157094e-05
3061.04,4.542551441920333e-05
3061.05,4.7250060299820594e-05
3061.06,4.9363010753926695e-05
3061.07,5.1812973301579596e-05
3061.08,5.4657775073883264e-05
3061.09,5.796583363713156e-05
3061.1,6.181729377968052e-05
3061.11,6.630445796788593e-05
3061.12,7.153064200289245e-05
3061.13,7.760594507195003e-05
3061.14,8.463746059045039e-05
3061.15,9.271020031610578e-05
3061.16,0.0001018538412514517
3061.17,0.00011199055345513326
3061.18,0.0001249273278792184
3061.19,0.00013602847464681705
3061.2,0.00014652641182727664
3061.21,0.00015532517926803842
3061.22,0.0001612423595609937
3061.23,0.00016333418096634608
3061.24,0.00016122117069933167
3061.25,0.00015525093843131072
3061.26,0.00014634694461997428
3061.27,0.00013568970590139068
3061.28,0.00012438364668337757
3061.29,0.00011326716050123975
3061.3,0.00010286861049249544
3061.31,9.345489262462938e-05
3061.32,8.511013379628742e-05
3061.33,7.780802006254785e-05
3061.34,7.146483364102026e-05
3061.35,6.597358136987542e-05
3061.36,6.122340486341452e-05
3061.37,5.710987201982116e-05
3061.38,5.353946744753806e-05
3061.39,5.04309768430056e-05
3061.4,4.7715211411347216e-05
3061.41,4.533389674097992e-05
3061.42,4.3238208059272185e-05
3061.43,4.1387263362154684e-05
3061.44,3.9746761198194655e-05
3061.45,3.828783620765807e-05
3061.46,3.6986126956996e-05
3061.47,3.582101884043748e-05
3061.48,3.2430906685472835e-05
3061.49,3.1498267215609824e-05
3061.5,3.065712790966624e-05
3061.51,2.9896638135329832e-05
3061.52,2.920748798997052e-05
3061.53,2.8581664164169926e-05
3061.54,2.8012247174372162e-05
3061.55,2.7493242841453925e-05
3061.56,2.701944204389061e-05
3061.57,2.658630377740319e-05
3061.58,2.618985739681641e-05
3061.59,2.5826620807915233e-05
3061.6,2.5493531484365746e-05
3061.61,2.518788858228674e-05
3061.62,2.49073038679537e-05
3061.63,2.464966020232248e-05
3061.64,2.441307606419298e-05
3061.65,2.4195875659865488e-05
3061.66,2.3996563028788985e-05
3061.67,2.3813800011035984e-05
3061.68,2.3646387276365833e-05
3061.69,2.3493247973407037e-05
3061.7,2.3475376638717835e-05
3061.71,2.3348601158934136e-05
3061.72,2.323347612145657e-05
3061.73,2.3129290844800546e-05
3061.74,2.3035402749527006e-05
3061.75,2.2951079515551384e-05
3061.76,2.2876096901933003e-05
3061.77,2.280982647963038e-05
3061.78,2.2751836843592252e-05
3061.79,2.2701738380906695e-05
3061.8,2.2659179982044982e-05
3061.81,2.262384593086956e-05
3061.82,2.2595453044021016e-05
3061.83,2.2573748275328193e-05
3061.84,2.255850686386847e-05
3061.85,2.2549530961744912e-05
3061.86,2.2546648592211796e-05
3061.87,2.254971267154561e-05
3061.88,2.2558600377206737e-05
3061.89,2.257321111375912e-05
3061.9,2.25934641051214e-05
3061.91,2.261929305460795e-05
3061.92,2.2650636646920537e-05
3061.93,2.268742297691543e-05
3061.94,2.2729547793400612e-05
3061.95,2.2776852085359732e-05
3061.96,2.282911490891856e-05
3061.97,2.2886081871221703e-05
3061.98,2.2948143768542205e-05
3061.99,2.3014101337409564e-05
3062.0,2.3084710490467923e-05
3062.01,2.3160336388681943e-05
3062.02,2.3241433425386693e-05
3062.03,2.3328459104845982e-05
3062.04,2.342183612797805e-05
3062.05,2.3521960327535176e-05
3062.06,2.362923040871146e-05
3062.07,2.3744081649977535e-05
3062.08,2.386701622306068e-05
3062.09,2.3998630084383265e-05
3062.1,2.413963893340474e-05
3062.11,2.4290857173394333e-05
3062.12,2.4453378986009856e-05
3062.13,2.4628516500190787e-05
3062.14,2.4817757992728798e-05
3062.15,2.5022976177733006e-05
3062.16,2.5246461309945808e-05
3062.17,2.5491023090511444e-05
3062.18,2.5611261051361096e-05
3062.19,2.5909562475718365e-05
3062.2,2.6241930739638242e-05
3062.21,2.6614359985068555e-05
3062.22,2.7033806601055398e-05
3062.23,2.750728296337916e-05
3062.24,2.8039853697399838e-05
3062.25,2.8630590125848302e-05
3062.26,2.9266707684156095e-05
3062.27,2.9920076823478282e-05
3062.28,3.055386622051284e-05
3062.29,3.114151305835885e-05
3062.3,3.167944206269096e-05
3062.31,3.217595064940119e-05
3062.32,3.262882348353612e-05
3062.33,3.301544057503859e-05
3062.34,3.3300690972653575e-05
3062.35,3.3452746062104074e-05
3062.36,3.345723767482369e-05
3062.37,3.332187205553009e-05
3062.38,3.308007259640057e-05
3062.39,3.2770566732463116e-05
3062.4,3.2433842213524595e-05
3062.41,3.21030952596937e-05
3062.42,3.180355306265002e-05
3062.43,3.154458173346037e-05
3062.44,3.1334318059713226e-05
3062.45,3.1174086500285176e-05
3062.46,3.1061866360999244e-05
3062.47,3.0994159735854835e-05
3062.48,3.096684065302289e-05
3062.49,3.097574825671612e-05
3062.5,3.101702167796032e-05
3062.51,3.108722191968078e-05
3062.52,3.118327734066137e-05
3062.53,3.130231726519108e-05
3062.54,3.144147789136114e-05
3062.55,3.159771632790999e-05
3062.56,3.17679266474979e-05
3062.57,3.194887359692773e-05
3062.58,3.213771111630396e-05
3062.59,3.233242492404777e-05
3062.6,3.253217363721509e-05
3062.61,3.273729025822777e-05
3062.62,3.294891757281265e-05
3062.63,3.3168420604503305e-05
3062.64,3.339692597797312e-05
3062.65,3.363514818982712e-05
3062.66,3.3883035840359984e-05
3062.67,3.414136993923482e-05
3062.68,3.4409630890140154e-05
3062.69,3.4687589021000033e-05
3062.7,3.497499073871848e-05
3062.71,3.527159475677563e-05
3062.72,3.557719075808911e-05
3062.73,3.589160714507752e-05
3062.74,3.621471260176892e-05
3062.75,3.654641447953174e-05
3062.76,3.6886655741164194e-05
3062.77,3.723541154071673e-05
3062.78,3.759268581961257e-05
3062.79,3.795850824925338e-05
3062.8,3.833293157027783e-05
3062.81,3.87160293653684e-05
3062.82,3.910789412097169e-05
3062.83,3.9508635836017974e-05
3062.84,3.991838073405942e-05
3062.85,4.0337270330814276e-05
3062.86,4.07654606906947e-05
3062.87,4.120312183903352e-05
3062.88,4.165043726558295e-05
3062.89,4.210760342940227e-05
3062.9,4.257482913538946e-05
3062.91,4.305233458917519e-05
3062.92,4.354034985721714e-05
3062.93,4.403911237963453e-05
3062.94,4.454886317870424e-05
3062.95,4.506984162252575e-05
3062.96,4.5602279308911525e-05
3062.97,4.6146394909124975e-05
3062.98,4.6702393967589604e-05
3062.99,4.7270478083778295e-05
3063.0,4.7844051590159057e-05
3063.01,4.8437049011081005e-05
3063.02,4.904294705814983e-05
3063.03,4.9662152109769814e-05
3063.04,5.029512787517465e-05
3063.05,5.0942366865427456e-05
3063.06,5.16043699757782e-05
3063.07,5.2281491173104315e-05
3063.08,5.2974478186813054e-05
3063.09,5.3683664298677624e-05
3063.1,5.440951541993439e-05
3063.11,5.5152500916101367e-05
3063.12,5.591310003843632e-05
3063.13,5.6691808937354435e-05
3063.14,5.748914830351111e-05
3063.15,5.8305670538813756e-05
3063.16,5.914196453790888e-05
3063.17,5.999865666625577e-05
3063.18,6.087640823594748e-05
3063.19,6.177591139615662e-05
3063.2,6.269788566211981e-05
3063.21,6.364307638475517e-05
3063.22,6.461225526402922e-05
3063.23,6.560622230391998e-05
3063.24,6.662580848841186e-05
3063.25,6.767187866507056e-05
3063.26,6.874533437538364e-05
3063.27,6.984711655430894e-05
3063.28,7.09782081086654e-05
3063.29,7.21396364045003e-05
3063.3,7.333247567242386e-05
3063.31,7.455784928379994e-05
3063.32,7.581693177598372e-05
3063.33,7.71109504115756e-05
3063.34,7.84411860167542e-05
3063.35,7.98089729447882e-05
3063.36,8.12156987305514e-05
3063.37,8.266280513549198e-05
3063.38,8.415179402616649e-05
3063.39,8.568424123409843e-05
3063.4,8.72618166250608e-05
3063.41,8.888630267599691e-05
3063.42,9.055960097515568e-05
3063.43,9.228372540469527e-05
3063.44,9.406079182645216e-05
3063.45,9.589301293252674e-05
3063.46,9.778270149495896e-05
3063.47,9.97322793936201e-05
3063.48,0.00010174428893194385
3063.49,0.00010382140437075215
3063.5,0.00010596644306222908
3063.51,0.00010818237630369325
3063.52,0.00011047234025207549
3063.53,0.00011283964722277045
3063.54,0.000115287797626068
3063.55,0.00011782049273821422
3063.56,0.00012044163205819243
3063.57,0.00012315539389975245
3063.58,0.0001259661528850016
3063.59,0.00012887856331001937
3063.6,0.00013189756174395627
3063.61,0.0001350283876212322
3063.62,0.00013827660557241576
3063.63,0.0001416481297418899
3063.64,0.00014514924995751106
3063.65,0.00014878666071177824
3063.66,0.0001525674912219335
3063.67,0.00015649934131553394
3063.68,0.00016059031740459916
3063.69,0.0001648490733927211
3063.7,0.0001692848550847943
3063.71,0.00017390754888517256
3063.72,0.00017872773525463192
3063.73,0.00018375674743113105
3063.74,0.00018900673596302148
3063.75,0.00019449073970396452
3063.76,0.00020022276390872597
3063.77,0.0002062178668365886
3063.78,0.0002124922543939072
3063.79,0.0002190633856395538
3063.8,0.0002259500884974878
3063.81,0.0002331726864487707
3063.82,0.00024075313845301155
3063.83,0.0002487152027262143
3063.84,0.00025708462600432567
3063.85,0.00026588933682402424
3063.86,0.0002751596539560297
3063.87,0.00028492853199186787
3063.88,0.0002952318400656049
3063.89,0.00030610867195486304
3063.9,0.00031760169278242353
3063.91,0.000329757528467531
3063.92,0.0003426272042486139
3063.93,0.00035626663927129713
3063.94,0.0003707372052897279
3063.95,0.00038610635874095095
3063.96,0.00040244835695229104
3063.97,0.00041984507090106216
3063.98,0.00043838690896521183
3063.99,0.00045817386835008534
3064.0,0.00047931673358176334
3064.01,0.0005019384443727162
3064.02,0.0005261756594481564
3064.03,0.0005521805448007284
3064.04,0.0005801228229598841
3064.05,0.0006101921214746688
3064.06,0.0006426006665367533
3064.07,0.0006775863731245191
3064.08,0.0007154163923872144
3064.09,0.0007563911622892956
3064.1,0.0008008490756910111
3064.11,0.00084917177898735
3064.12,0.0009017902553875887
3064.13,0.0009591915231781415
3064.14,0.0010219265473374835
3064.15,0.0010906186555383612
3064.16,0.0011659729601116596
3064.17,0.0012487864276184285
3064.18,0.0013399583309036686
3064.19,0.0014405005318884124
3064.2,0.0015515466588222945
3064.21,0.001674358664373532
3064.22,0.0018103283994697125
3064.23,0.001960970611036798
3064.24,0.0021279020496868697
3064.25,0.0023127990440008576
3064.26,0.0025173229072117374
3064.27,0.002742999016300616
3064.28,0.002991031860878487
3064.29,0.003262036069758461
3064.3,0.003555664894823385
3064.31,0.0038701270959140516
3064.32,0.004201606652773883
3064.33,0.004543643775482168
3064.34,0.004886603220671741
3064.35,0.0052174376359873965
3064.36,0.005520016389240002
3064.37,0.00577627252983373
3064.38,0.00596825419264128
3064.39,0.006080837425742865
3064.4,0.006104472306736132
3064.41,0.006037117983397996
3064.42,0.00588467984563543
3064.43,0.005659784542703253
3064.44,0.005379343016577736
3064.45,0.005061712507991653
3064.46,0.004724222832884484
3064.47,0.0043815011764525924
3064.48,0.004044689297114954
3064.49,0.0037214867455615925
3064.5,0.003416819230477955
3064.51,0.003133604439056754
3064.52,0.002873182185238778
3064.53,0.0026356022661560862
3064.54,0.0024200030826237316
3064.55,0.0022249934397859336
3064.56,0.002048933572296889
3064.57,0.0018901116753688657
3064.58,0.001746848063287709
3064.59,0.0016175532885586673
3064.6,0.0015007576857166503
3064.61,0.0013951232127428518
3064.62,0.0012994445231137978
3064.63,0.0012126437383516541
3064.64,0.0011337617928129757
3064.65,0.0010619481785523778
3064.66,0.0009964502327951788
3064.67,0.0009366026503741132
3064.68,0.0008818176033946281
3064.69,0.0008315756552671382
3064.7,0.0007854175454386731
3064.71,0.000742936855481887
3064.72,0.0007037735219993016
3064.73,0.0006676081337237189
3064.74,0.000634156936611222
3064.75,0.0006031674688316
3064.76,0.0005744147517575377
3064.77,0.0005476979687346599
3064.78,0.0005228375704717829
3064.79,0.0004996727519860322
3064.8,0.0004780592525939853
3064.81,0.00045786754773176564
3064.82,0.0004389807274127453
3064.83,0.0004212936966709248
3064.84,0.0004047114493217425
3064.85,0.0003891480539791039
3064.86,0.00037452566702703605
3064.87,0.0003607736650776287
3064.88,0.0003478278813129001
3064.89,0.0003356299322919212
3064.9,0.0003241261375139902
3064.91,0.00031326894201475663
3064.92,0.00030301352320532166
3064.93,0.0002933193340280725
3064.94,0.00028414924651383347
3064.95,0.00027546922597801546
3064.96,0.00026724804079754437
3064.97,0.0002594570037482193
3064.98,0.00025206974099596137
3064.99,0.00024506198573882117
3065.0,0.000238411393699816
3065.01,0.00023209737818042972
3065.02,0.00022610096271661486
3065.03,0.00022040464966849584
3065.04,0.00021499230322069552
3065.05,0.00020984904525784314
3065.06,0.0002049611625048884
3065.07,0.0002003160232980565
3065.08,0.0001959020025730448
3065.09,0.0001917084142501298
3065.1,0.00018772545068184045
3065.11,0.0001839441294749521
3065.12,0.00018035624813209376
3065.13,0.00017695434678820872
3065.14,0.0001737316786781374
3065.15,0.00017068218704490473
3065.16,0.00016780048718806212
3065.17,0.00016508185295640806
3065.18,0.000162522208121788
3065.19,0.00016011812570613585
3065.2,0.00015786683430811605
3065.21,0.00015576623367194643
3065.22,0.00015381491927779297
3065.23,0.0001520122167585074
3065.24,0.00015035822730148112
3065.25,0.00014885388567296794
3065.26,0.00014744484520133277
3065.27,0.0001462465968710682
3065.28,0.00014520661821708328
3065.29,0.00014433009737409525
3065.3,0.0001436236307165343
3065.31,0.00014309542389910336
3065.32,0.00014275553640245053
3065.33,0.0001426161791580798
3065.34,0.00014269207710769678
3065.35,0.00014300091138720613
3065.36,0.00014356385925970813
3065.37,0.00014440625463366254
3065.38,0.00014555839571111817
3065.39,0.00014705653438380493
3065.4,0.00014894408601633606
3065.41,0.0001512730836452472
3065.42,0.00015410605838986184
3065.43,0.00015751806444442621
3065.44,0.00016159932607284877
3065.45,0.00016645817663699854
3065.46,0.00017222434349593751
3065.47,0.000179052316293788
3065.48,0.00018712425103716834
3065.49,0.00019665129854716697
3065.5,0.0002078712720878256
3065.51,0.00022103894900452707
3065.52,0.00023640283986589577
3065.53,0.00025415899928407117
3065.54,0.000274369402992731
3065.55,0.0002968329302033591
3065.56,0.00032090866475224545
3065.57,0.0003453256327415116
3065.58,0.00036807589461749384
3065.59,0.0003865506716223306
3065.6,0.00039805482054439074
3065.61,0.00040063197763059717
3065.62,0.0003937952538306195
3065.63,0.000378760889730643
3065.64,0.0003579232607780388
3065.65,0.0003340287467330646
3065.66,0.000309458535209516
3065.67,0.00028589113508117447
3065.68,0.00026429631831274364
3065.69,0.0002450959855750737
3065.7,0.00022835603466619478
3065.71,0.00021394329988955714
3065.72,0.00020163231361005468
3065.73,0.00019116948210371853
3065.74,0.00018230765805390197
3065.75,0.00017482239652498197
3065.76,0.00016851779646643873
3065.77,0.00016322688270989664
3065.78,0.00015880941687599967
3065.79,0.0001551487242786008
3065.8,0.00015164589267229242
3065.81,0.00014922821393852702
3065.82,0.00014732655790187146
3065.83,0.00014588801811164548
3065.84,0.00014486982521468158
3065.85,0.00014423777300427067
3065.86,0.00014396495239390423
3065.87,0.00014403074341485297
3065.88,0.00014442002451937931
3065.89,0.0001451225651194234
3065.9,0.00014613257375286238
3065.91,0.00014744838024256535
3065.92,0.00014907223556081506
3065.93,0.00015101021780974846
3065.94,0.00015327223684872654
3065.95,0.00015587213373399424
3065.96,0.000158827874412651
3065.97,0.00016216184010157576
3065.98,0.00016590121956143545
3065.99,0.00017007851102007125
3066.0,0.0001747321437679202
3066.01,0.00017990723121730361
3066.02,0.00018565646663145375
3066.03,0.0001920411829188578
3066.04,0.00019913256258037113
3066.05,0.00020701303029053124
3066.06,0.00021577779243931822
3066.07,0.0002255364945382436
3066.08,0.00023641491289749697
3066.09,0.00024855652678071067
3066.1,0.000262123702586679
3066.11,0.000277298043114504
3066.12,0.00029427918437475054
3066.13,0.00031328092589833785
3066.14,0.000334523025392623
3066.15,0.00035821626453603984
3066.16,0.0003845375577865811
3066.17,0.00041359114928320634
3066.18,0.0004453518554762756
3066.19,0.0004795879731717962
3066.2,0.0005157658853139723
3066.21,0.0005529500455453527
3066.22,0.000589725552741773
3066.23,0.0006241912974558954
3066.24,0.0006540790212196488
3066.25,0.0006770349065573419
3066.26,0.0006910398802037508
3066.27,0.000694858988372421
3066.28,0.0006883531783442257
3066.29,0.0006725173568934349
3066.3,0.0006492271655421688
3066.31,0.0006208075884011545
3066.32,0.0005895920960599404
3066.33,0.0005576014184313034
3066.34,0.0005263861317804175
3066.35,0.0004970075213230719
3066.36,0.0004701022562111116
3066.37,0.00044598012779874767
3066.38,0.000424721586727446
3066.39,0.00040625947186423883
3066.4,0.0003904433937273419
3066.41,0.00037707942265525877
3066.42,0.00036596860552775656
3066.43,0.0003569160631455911
3066.44,0.0003497396623320283
3066.45,0.0003442742619472851
3066.46,0.00034037419441911796
3066.47,0.00033791398365429144
3066.48,0.00033678782053390424
3066.49,0.00033690836963932806
3066.5,0.0003382053323560926
3066.51,0.00034062400025974295
3066.52,0.0003441239184956652
3066.53,0.00034867772346280424
3066.54,0.0003542701867439528
3066.55,0.00036089747207975387
3066.56,0.0003685665995223071
3066.57,0.0003772930156948162
3066.58,0.000387108836157654
3066.59,0.0003980502746563446
3066.6,0.00041016628304436757
3066.61,0.0004235168669766306
3066.62,0.00043817367138322016
3066.63,0.000454220780604404
3066.64,0.00047175563838916637
3066.65,0.0004908906369628718
3066.66,0.0005117540736734637
3066.67,0.0005344922672670538
3066.68,0.0005592715397107029
3066.69,0.0005862806300329449
3066.7,0.0006157334925747417
3066.71,0.0006478725183640752
3066.72,0.0006829722563202447
3066.73,0.0007213436047977421
3066.74,0.0007633386138966795
3066.75,0.0008093558508481401
3066.76,0.0008598463609684217
3066.77,0.0009153174780341751
3066.78,0.0009763505852297447
3066.79,0.0010435920357707651
3066.8,0.0011177709578546434
3066.81,0.001199702647830187
3066.82,0.0012902927511681652
3066.83,0.001390537862400985
3066.84,0.0015015200811264219
3066.85,0.0016243918867165875
3066.86,0.001760346160493305
3066.87,0.001910564206374481
3066.88,0.0020761323040073437
3066.89,0.0022579149927201914
3066.9,0.0024563717277912133
3066.91,0.0026713043469049616
3066.92,0.002901528622284791
3066.93,0.0031444779297824183
3066.94,0.003395775051932573
3066.95,0.0036488515163281884
3066.96,0.003894747480898623
3066.97,0.004122269557736574
3066.98,0.00431868203763911
3066.99,0.004471014790020506
3067.0,0.004567871099049949
3067.01,0.004601362744767336
3067.02,0.004568625411927904
3067.03,0.004472398160073113
3067.04,0.004320467954744806
3067.05,0.004124172229714161
3067.06,0.003896466430310385
3067.07,0.003650108217832009
3067.08,0.003396335919255429
3067.09,0.003144163344052213
3067.1,0.0029002108056134634
3067.11,0.0026688975559052445
3067.12,0.0024528180755444533
3067.13,0.0022531710097471415
3067.14,0.002070163150550793
3067.15,0.0019033468627562993
3067.16,0.0017518727672637812
3067.17,0.0016146664139404562
3067.18,0.0014905513133890661
3067.19,0.0013783337360112505
3067.2,0.0012768572383225966
3067.21,0.0011850344549309097
3067.22,0.001101863106542534
3067.23,0.001026431797383788
3067.24,0.0009579195170275356
3067.25,0.0008955914645039205
3067.26,0.0008387929027278542
3067.27,0.0007869421345497641
3067.28,0.0007395232793970826
3067.29,0.0006960792562488622
3067.3,0.0006562051940788677
3067.31,0.0006195424170172243
3067.32,0.0005857729564625803
3067.33,0.0005546147034483173
3067.34,0.0005258170844174032
3067.35,0.0004991575081028613
3067.36,0.0004744370041940894
3067.37,0.000451478891495774
3067.38,0.0004301248900578294
3067.39,0.00041023359877751957
3067.4,0.000391678226618637
3067.41,0.0003743449585888172
3067.42,0.0003581314595358185
3067.43,0.000342945565216578
3067.44,0.0003287041361480635
3067.45,0.0003153320529346531
3067.46,0.00030276133461197514
3067.47,0.0002909303637367377
3067.48,0.00027978320454384435
3067.49,0.000269269001869632
3067.5,0.0002593414503903792
3067.51,0.00024995832501221353
3067.52,0.00024108106439227087
3067.53,0.0002326744005899045
3067.54,0.0002247060287260775
3067.55,0.00021714631155068522
3067.56,0.0002099680143935313
3067.57,0.00020314606819282747
3067.58,0.0001966573570785789
3067.59,0.00019048053501943493
3067.6,0.00018459586688796166
3067.61,0.00017898509872829184
3067.62,0.00017363135295495855
3067.63,0.00016851904133277743
3067.64,0.0001636337837663422
3067.65,0.00015896232156733714
3067.66,0.0001544924195950275
3067.67,0.0001502127575926623
3067.68,0.0001461128260004067
3067.69,0.00014218283311371455
3067.7,0.00013841362990710786
3067.71,0.00013479665129465548
3067.72,0.00013132386985973866
3067.73,0.00012798775776497713
3067.74,0.00012478125357187712
3067.75,0.00012169773195239657
3067.76,0.00011873097528329206
3067.77,0.00011587514672308793
3067.78,0.00011312476468525533
3067.79,0.00011047467873616147
3067.8,0.00010792004695885274
3067.81,0.00010545631480753593
3067.82,0.00010307919543585503
3067.83,0.00010078465145636341
3067.84,9.856887805331595e-05
3067.85,9.642828735962438e-05
3067.86,9.435949399759127e-05
3067.87,9.235930169801179e-05
3067.88,9.042469091829095e-05
3067.89,8.855280739217337e-05
3067.9,8.674094970307664e-05
3067.91,8.498656678128207e-05
3067.92,8.328723773005472e-05
3067.93,8.164067051967482e-05
3067.94,8.00446918471143e-05
3067.95,7.849723894468422e-05
3067.96,7.699635119565973e-05
3067.97,7.554016123534953e-05
3067.98,7.412688536639547e-05
3067.99,7.27548136915827e-05
3068.0,7.142230157515822e-05
3068.01,7.012776564120938e-05
3068.02,6.886976408706578e-05
3068.03,6.764670586246731e-05
3068.04,6.645732166282126e-05
3068.05,6.530036857811329e-05
3068.06,6.417469623972704e-05
3068.07,6.307922607180526e-05
3068.08,6.201292881966014e-05
3068.09,6.097480966561906e-05
3068.1,5.996389673671492e-05
3068.11,5.8979263851259796e-05
3068.12,5.801999864597695e-05
3068.13,5.7085227432237736e-05
3068.14,5.617411067578814e-05
3068.15,5.528584320475852e-05
3068.16,5.4419653654416755e-05
3068.17,5.357480376896243e-05
3068.18,5.2750585342434904e-05
3068.19,5.1946321071857097e-05
3068.2,5.116136144509529e-05
3068.21,5.0395083709718113e-05
3068.22,4.964689055258125e-05
3068.23,4.8916208865822164e-05
3068.24,4.820248858590439e-05
3068.25,4.750520159686584e-05
3068.26,4.6823840695242854e-05
3068.27,4.6157920821363596e-05
3068.28,4.55069693195906e-05
3068.29,4.4870538290624086e-05
3068.3,4.424819497844336e-05
3068.31,4.3639523204319855e-05
3068.32,4.3044119744479784e-05
3068.33,4.246160523111826e-05
3068.34,4.189160601664201e-05
3068.35,4.13337650493564e-05
3068.36,4.0787738096989155e-05
3068.37,4.025319287526711e-05
3068.38,3.972980805280251e-05
3068.39,3.9217272843726955e-05
3068.4,3.8715287394601204e-05
3068.41,3.8223564063884376e-05
3068.42,3.7741828546995854e-05
3068.43,3.726981954301655e-05
3068.44,3.6807286942218746e-05
3068.45,3.635399028033693e-05
3068.46,3.5909695768962645e-05
3068.47,3.547511161204614e-05
3068.48,3.504815878977269e-05
3068.49,3.4629557383534926e-05
3068.5,3.421910673081743e-05
3068.51,3.38166145417479e-05
3068.52,3.3421896909801946e-05
3068.53,3.303477835127157e-05
3068.54,3.2655091850937804e-05
3068.55,3.228267897409258e-05
3068.56,3.191739004672249e-05
3068.57,3.15590844220413e-05
3068.58,3.120763085159867e-05
3068.59,3.086290798153722e-05
3068.6,3.052480500071549e-05
3068.61,3.0193222473290953e-05
3068.62,2.986756858770638e-05
3068.63,2.9548782085992274e-05
3068.64,2.923629803778714e-05
3068.65,2.8930076286236367e-05
3068.66,2.863009696852239e-05
3068.67,2.8336363924391095e-05
3068.68,2.804890902576643e-05
3068.69,2.7767797700604075e-05
3068.7,2.749310025509134e-05
3068.71,2.722504437684122e-05
3068.72,2.6963811498644557e-05
3068.73,2.6709696311976443e-05
3068.74,2.6463091146266177e-05
3068.75,2.6224513120632137e-05
3068.76,2.5994640458269642e-05
3068.77,2.5774361404753608e-05
3068.78,2.5564840532460566e-05
3068.79,2.5367608990982334e-05
3068.8,2.518468748169309e-05
3068.81,2.5018753100688243e-05
3068.82,2.4873362551833716e-05
3068.83,2.4753241039541752e-05
3068.84,2.466462895760561e-05
3068.85,2.4615623981538515e-05
3068.86,2.4616310475437216e-05
3068.87,2.4678121877681e-05
3068.88,2.4811171120858413e-05
3068.89,2.5017215319929466e-05
3068.9,2.5275576041663823e-05
3068.91,2.552518905001476e-05
3068.92,2.5659315641713046e-05
3068.93,2.5565500452432614e-05
3068.94,2.5201742843871185e-05
3068.95,2.4631412150272846e-05
3068.96,2.397168553467542e-05
3068.97,2.3320612589832183e-05
3068.98,2.272880784118134e-05
3068.99,2.2210327175518705e-05
3069.0,2.1760515286694368e-05
3069.01,2.1368442543326026e-05
3069.02,2.1022724988308373e-05
3069.03,2.071358356277886e-05
3069.04,2.0433235263335772e-05
3069.05,2.017568543368832e-05
3069.06,1.9936374027659163e-05
3069.07,1.97118389382497e-05
3069.08,1.949944179935012e-05
3069.09,1.929715818063752e-05
3069.1,1.9103421468500067e-05
3069.11,1.8917007999398854e-05
3069.12,1.8736952802093197e-05
3069.13,1.8562487466073708e-05
3069.14,1.8392994202296125e-05
3069.15,1.822797300113478e-05
3069.16,1.806701411696802e-05
3069.17,1.7909780206639208e-05
3069.18,1.7755991398276856e-05
3069.19,1.7605414159752048e-05
3069.2,1.7457852771749092e-05
3069.21,1.7313142786193427e-05
3069.22,1.7171146020677634e-05
3069.23,1.70317467631072e-05
3069.24,1.6894848953077448e-05
3069.25,1.6760374173819006e-05
3069.26,1.6628260333997334e-05
3069.27,1.649846093041699e-05
3069.28,1.6370944732212322e-05
3069.29,1.62456956560363e-05
3069.3,1.6122712738854612e-05
3069.31,1.60020116434584e-05
3069.32,1.588363083846204e-05
3069.33,1.5767641376416787e-05
3069.34,1.5654153047007565e-05
3069.35,1.5543318057014675e-05
3069.36,1.543534069516918e-05
3069.37,1.5330494924705542e-05
3069.38,1.5229150761898697e-05
3069.39,1.5131806264898312e-05
3069.4,1.5039134849067276e-05
3069.41,1.495205153838483e-05
3069.42,1.4871801436416834e-05
3069.43,1.4800077942224432e-05
3069.44,1.4739162279267278e-05
3069.45,1.4692040064736802e-05
3069.46,1.4662226964016576e-05
3069.47,1.4653531159422229e-05
3069.48,1.4667043086286941e-05
3069.49,1.4696287869809563e-05
3069.5,1.4719276465095713e-05
3069.51,1.469806275602681e-05
3069.52,1.4600080914267637e-05
3069.53,1.4427604156961444e-05
3069.54,1.4214718681775905e-05
3069.55,1.3877174954927401e-05
3069.56,1.3674833626651271e-05
3069.57,1.3492947221527421e-05
3069.58,1.3330549560387706e-05
3069.59,1.318452978803135e-05
3069.6,1.305163222314012e-05
3069.61,1.2929084535374524e-05
3069.62,1.2814698502736721e-05
3069.63,1.2706799243596503e-05
3069.64,1.2604118864901639e-05
3069.65,1.2505698590588612e-05
3069.66,1.2410810273249599e-05
3069.67,1.231889874968128e-05
3069.68,1.2229530274342809e-05
3069.69,1.214237150974517e-05
3069.7,1.205715841338514e-05
3069.71,1.1973680759831345e-05
3069.72,1.1891769550759732e-05
3069.73,1.1811287513069897e-05
3069.74,1.1732121329836498e-05
3069.75,1.1654177561704423e-05
3069.76,1.1577377739032142e-05
3069.77,1.1501655479212243e-05
3069.78,1.1426954096908672e-05
3069.79,1.1353224740843363e-05
3069.8,1.1280424960254063e-05
3069.81,1.1208517524387804e-05
3069.82,1.1137469531957103e-05
3069.83,1.1067251675883067e-05
3069.84,1.0997837655296304e-05
3069.85,1.0929203698699177e-05
3069.86,1.0861328174739138e-05
3069.87,1.0794191272932125e-05
3069.88,1.0727774741009059e-05
3069.89,1.0662061669346135e-05
3069.9,1.0597036315225748e-05
3069.91,1.053268396084699e-05
3069.92,1.0468990798188408e-05
3069.93,1.0405943832759687e-05
3069.94,1.034353080829468e-05
3069.95,1.0281740086549702e-05
3069.96,1.0220560632918035e-05
3069.97,1.0159981908250392e-05
3069.98,1.0099993800775786e-05
3069.99,1.0040586659197425e-05
3070.0,9.981751133712673e-06
3070.01,9.923478225626422e-06
3070.02,9.865759240895746e-06
3070.03,9.808585766907906e-06
3070.04,9.751949651182087e-06
3070.05,9.69584298120708e-06
3070.06,9.640258065099852e-06
3070.07,9.585187412951344e-06
3070.08,9.530623719385978e-06
3070.09,9.476559796093016e-06
3070.1,9.422988770345274e-06
3070.11,9.369904342359573e-06
3070.12,9.317298696524963e-06
3070.13,9.265165907239954e-06
3070.14,9.213499654822238e-06
3070.15,6.735698732878456e-06
3070.16,6.6933588050777344e-06
3070.17,6.651423877769405e-06
3070.18,6.609888593053766e-06
3070.19,6.568747694841729e-06
3070.2,6.5279960039140265e-06
3070.21,6.487628400486089e-06
3070.22,6.447639815221426e-06
3070.23,6.408025228819082e-06
3070.24,6.3687796806038946e-06
3070.25,6.329898285967291e-06
3070.26,6.29137626045907e-06
3070.27,6.253208944853208e-06
3070.28,6.215391823184383e-06
3070.29,6.177920526856832e-06
3070.3,6.14079082287847e-06
3070.31,6.1039985906040206e-06
3070.32,6.067539794955344e-06
3070.33,6.031410463638542e-06
3070.34,5.995606672293902e-06
3070.35,5.960124537848165e-06
3070.36,5.924960217926132e-06
3070.37,5.890109913694645e-06
3070.38,5.855569873894785e-06
3070.39,5.821336398748529e-06
3070.4,5.787405843049692e-06
3070.41,5.753774618327493e-06
3070.42,5.720439194120384e-06
3070.43,5.6873960985924004e-06
3070.44,5.654641918636495e-06
3070.45,5.62217329967851e-06
3070.46,5.589986945259421e-06
3070.47,5.55807961028821e-06
3070.48,5.526448125446441e-06
3070.49,5.4950893590312675e-06
3070.5,5.464000241319711e-06
3070.51,5.433177757510997e-06
3070.52,5.402618946730593e-06
3070.53,5.372320900700359e-06
3070.54,5.3422795932766465e-06
3070.55,5.312494556517898e-06
3070.56,5.2829618524776675e-06
3070.57,5.253678755277569e-06
3070.58,5.224642571332454e-06
3070.59,5.195850630692651e-06
3070.6,5.167300277142951e-06
3070.61,5.138988844030783e-06
3070.62,5.1109137050239224e-06
3070.63,5.08307218306361e-06
3070.64,5.055461638767062e-06
3070.65,5.028079456465038e-06
3070.66,5.000923107225642e-06
3070.67,4.973990135586295e-06
3070.68,4.947278466053017e-06
3070.69,4.9207860570568055e-06
3070.7,4.8945111688071565e-06
3070.71,4.8684522626842085e-06
3070.72,4.842607993799631e-06
3070.73,4.816977156701293e-06
3070.74,4.791558898578928e-06
3070.75,4.766351786894772e-06
3070.76,4.7413552114119785e-06
3070.77,4.716568492890944e-06
3070.78,4.691991156018293e-06
3070.79,4.6676229806284425e-06
3070.8,4.64346405835154e-06
3070.81,4.61951495081431e-06
3070.82,4.595776355686095e-06
3070.83,4.572255095594228e-06
3070.84,4.548942415190111e-06
3070.85,4.5258460472976726e-06
3070.86,4.502968866008927e-06
3070.87,4.4803140010874074e-06
3070.88,4.457884429776178e-06
3070.89,4.435682233252124e-06
3070.9,4.413707362046524e-06
3070.91,4.391955759921387e-06
3070.92,4.370416806086236e-06
3070.93,4.349070362519606e-06
3070.94,4.327884286598755e-06
3070.95,4.306812505428265e-06
3070.96,4.285805858549091e-06
3070.97,4.2648114318146186e-06
3070.98,4.243792593904832e-06
3070.99,4.2227388406196195e-06
3071.0,4.201669574844574e-06
3071.01,4.180627872079382e-06
3071.02,4.159667654408663e-06
3071.03,4.138840231248624e-06
3071.04,4.1181840955739625e-06
3071.05,4.097718264733111e-06
3071.06,4.077438821871445e-06
3071.07,4.057321274443939e-06
3071.08,4.037335169590994e-06
3071.09,4.0174664360333645e-06
3071.1,3.997727431685076e-06
3071.11,3.978144425375135e-06
3071.12,3.958738949899394e-06
3071.13,3.939520412638257e-06
3071.14,3.920488362819272e-06
3071.15,3.9016373543235325e-06
3071.16,3.8829604071374565e-06
3071.17,3.8644530485127115e-06
3071.18,3.846104675693309e-06
3071.19,3.8279125803413235e-06
3071.2,3.809872641193209e-06
3071.21,3.7919815210487193e-06
3071.22,3.7742365621468413e-06
3071.23,3.7566357067881005e-06
3071.24,3.7391774476354286e-06
3071.25,3.721861080556405e-06
3071.26,3.7046856214430945e-06
3071.27,3.687651466420552e-06
3071.28,3.6707593936391677e-06
3071.29,3.65401086920973e-06
3071.3,3.637408162881348e-06
3071.31,3.620954403490789e-06
3071.32,3.604653551607864e-06
3071.33,3.5885101460680517e-06
3071.34,3.572528530577208e-06
3071.35,3.556711379472542e-06
3071.36,3.5410563716288653e-06
3071.37,3.5255514729511196e-06
3071.38,3.2882819935243957e-06
3071.39,3.2738412228326517e-06
3071.4,3.2594135112197454e-06
3071.41,3.2449484515919745e-06
3071.42,3.2304278089913632e-06
3071.43,3.2158760207721745e-06
3071.44,3.201346773869446e-06
3071.45,3.186897834055939e-06
3071.46,3.1725733122978177e-06
3071.47,3.1569437685567723e-06
3071.48,3.142942834015551e-06
3071.49,3.129105760556896e-06
3071.5,3.115431111787472e-06
3071.51,3.1019163507995764e-06
3071.52,3.088559359367811e-06
3071.53,3.075359111096488e-06
3071.54,3.062315877313304e-06
3071.55,3.049431178095373e-06
3071.56,3.0367076337137342e-06
3071.57,3.0241484724352234e-06
3071.58,3.011757554756497e-06
3071.59,2.9995390816671173e-06
3071.6,2.9874980543895396e-06
3071.61,2.975641453173124e-06
3071.62,2.963980121447811e-06
3071.63,2.9525306402311395e-06
3071.64,2.9413163580462886e-06
3071.65,2.9303667582441444e-06
3071.66,2.9197157095209556e-06
3071.67,2.909399130321333e-06
3071.68,2.899220496074763e-06
3071.69,2.88960083872194e-06
3071.7,2.880481599058183e-06
3071.71,2.8717902520775094e-06
3071.72,2.8635015300956284e-06
3071.73,2.8555425443038707e-06
3071.74,2.847773435678554e-06
3071.75,2.8399736817007614e-06
3071.76,2.8318429406738656e-06
3071.77,2.8230329189534166e-06
3071.78,2.8132143540429295e-06
3071.79,2.8021639703972305e-06
3071.8,2.789834582685786e-06
3071.81,2.7763708276914054e-06
3071.82,2.7620613817216985e-06
3071.83,2.74725466063399e-06
3071.84,2.7322788539216476e-06
3071.85,2.717392976907732e-06
3071.86,2.702772268066061e-06
3071.87,2.6885167822193217e-06
3071.88,2.6746697905847787e-06
3071.89,2.661236817827376e-06
3071.9,2.6482011004601304e-06
3071.91,2.635534531219253e-06
3071.92,2.623204679027892e-06
3071.93,2.61117890790656e-06
3071.94,2.59942655458462e-06
3071.95,2.5879254957674183e-06
3071.96,2.576640089841637e-06
3071.97,2.565554571660115e-06
3071.98,2.5546504948941573e-06
3071.99,2.5439120215092597e-06
3072.0,2.5333225578115604e-06
3072.01,2.522876394847489e-06
3072.02,2.512560533159744e-06
3072.03,2.5023663754107086e-06
3072.04,2.492286525431736e-06
3072.05,2.4823146065417167e-06
3072.06,2.4724451074324405e-06
3072.07,2.4626732520856898e-06
3072.08,2.4529949023991194e-06
3072.09,2.4434064281088783e-06
3072.1,2.4339046618691625e-06
3072.11,2.4249458190998675e-06
3072.12,2.415613086643479e-06
3072.13,2.4063597801313555e-06
3072.14,2.397184036837836e-06
3072.15,2.3881436651606046e-06
3072.16,2.3791184298537512e-06
3072.17,2.370166316641838e-06
3072.18,2.3612861826167368e-06
3072.19,2.3524770207070764e-06
3072.2,2.343737945941993e-06
3072.21,2.335068183896873e-06
3072.22,2.326467061020089e-06
3072.23,2.31793399657021e-06
3072.24,2.310454878146664e-06
3072.25,2.3020609518875265e-06
3072.26,2.293733868045434e-06
3072.27,2.2854733625752714e-06
3072.28,2.277281593217466e-06
3072.29,2.269153749762558e-06
3072.3,2.2610921116680127e-06
3072.31,2.2530966919454197e-06
3072.32,2.2451677446466868e-06
3072.33,2.2373050547237813e-06
3072.34,2.2295090790772126e-06
3072.35,2.221780060025465e-06
3072.36,2.2141189821203957e-06
3072.37,2.2065252792288127e-06
3072.38,2.1990000567846268e-06
3072.39,2.1915440370038676e-06
3072.4,2.18415808952625e-06
3072.41,2.1768432649885877e-06
3072.42,2.169600838704116e-06
3072.43,2.1624324046770767e-06
3072.44,2.155339952952383e-06
3072.45,2.1483260541071455e-06
3072.46,2.1413940870881005e-06
3072.47,2.9656818515665204e-06
3072.48,2.961975701062783e-06
3072.49,2.9583847127040677e-06
3072.5,2.9549120950472714e-06
3072.51,2.9515481484714363e-06
3072.52,2.948260129501137e-06
3072.53,2.9450095742985693e-06
3072.54,2.9417984197196703e-06
3072.55,2.9386706093641512e-06
3072.56,2.935666238599135e-06
3072.57,2.9328024850898635e-06
3072.58,2.9300834034258743e-06
3072.59,2.9275097844460825e-06
3072.6,2.925083509521675e-06
3072.61,2.9228081828355167e-06
3072.62,2.9206891295656407e-06
3072.63,2.9187331632350332e-06
3072.64,2.916948356660202e-06
3072.65,2.9153438011615354e-06
3072.66,2.9139317924984343e-06
3072.67,2.912717308774254e-06
3072.68,2.9117122314993344e-06
3072.69,2.9109242062474394e-06
3072.7,2.910357614195847e-06
3072.71,2.9100119078330647e-06
3072.72,2.9098804164811744e-06
3072.73,2.9099506980238226e-06
3072.74,2.9102076662206192e-06
3072.75,2.910640115321927e-06
3072.76,2.9112522310120944e-06
3072.77,2.9120585059093125e-06
3072.78,2.9131047593749647e-06
3072.79,2.914454137262708e-06
3072.8,2.9161759656179204e-06
3072.81,2.9183493753322814e-06
3072.82,2.921051864123745e-06
3072.83,2.9243599682933452e-06
3072.84,2.928827121196509e-06
3072.85,2.9335814743390864e-06
3072.86,1.1118921976877212e-06
3072.87,1.1246493028028584e-06
3072.88,1.138393759317012e-06
3072.89,1.153212900192335e-06
3072.9,1.169184012161934e-06
3072.91,1.1863610789000066e-06
3072.92,1.2047365824462123e-06
3072.93,1.224288536139632e-06
3072.94,1.2448353892869738e-06
3072.95,1.2660730397844393e-06
3072.96,1.2875269201941755e-06
3072.97,1.308546887756097e-06
3072.98,1.3283496100906916e-06
3072.99,1.3461234558855585e-06
3073.0,1.3611870962407869e-06
3073.01,1.3731585802551955e-06
3073.02,1.3820694047531163e-06
3073.03,1.3883719388518e-06
3073.04,1.3928371077818506e-06
3073.05,1.3973252274784704e-06
3073.06,1.4008880433510593e-06
3073.07,1.4052582017350292e-06
3073.08,1.4110726026816833e-06
3073.09,1.4188063945663501e-06
3073.1,1.4288040089606494e-06
3073.11,1.441320014400994e-06
3073.12,1.5374895046524402e-06
3073.13,1.5560107956984635e-06
3073.14,1.5776389819423485e-06
3073.15,1.6025975822364866e-06
3073.16,1.6311538981111083e-06
3073.17,1.6636315936568272e-06
3073.18,1.7004215711927032e-06
3073.19,1.741991818554294e-06
3073.2,1.7888963391771132e-06
3073.21,1.8417827596815838e-06
3073.22,1.9013969041049763e-06
3073.23,1.9685819539624515e-06
3073.24,2.044266666127343e-06
3073.25,2.129432826056763e-06
3073.26,2.225044967944189e-06
3073.27,2.331933434910948e-06
3073.28,2.450661082581241e-06
3073.29,2.5813442173072243e-06
3073.3,2.7232798406694796e-06
3073.31,2.8744304254556496e-06
3073.32,3.0309179864659527e-06
3073.33,3.186615069057859e-06
3073.34,3.333029396190861e-06
3073.35,3.459780495984392e-06
3073.36,3.555896173555021e-06
3073.37,3.6118521183837227e-06
3073.38,3.6218116591362544e-06
3073.39,3.585190274559876e-06
3073.4,3.5068184939954434e-06
3073.41,3.3956229781116795e-06
3073.42,3.2624502942785273e-06
3073.43,3.1179251794059873e-06
3073.44,2.9709792881526623e-06
3073.45,2.828217941353394e-06
3073.46,2.693944694478086e-06
3073.47,2.5705482209990544e-06
3073.48,2.459003105356763e-06
3073.49,2.3593365489257266e-06
3073.5,2.270999471341556e-06
3073.51,2.1931332238468124e-06
3073.52,2.1247472012524245e-06
3073.53,2.0648294021148063e-06
3073.54,2.0124097628512834e-06
3073.55,1.9665937116517754e-06
3073.56,1.9265755953584055e-06
3073.57,1.8916411855727125e-06
3073.58,1.8611637620364613e-06
3073.59,1.8345970244797031e-06
3073.6,1.8114667340225617e-06
3073.61,1.7913621815298278e-06
3073.62,1.773928080172624e-06
3073.63,1.7588571745764954e-06
3073.64,1.7458836777311631e-06
3073.65,1.734777543413496e-06
3073.66,1.725339527421876e-06
3073.67,1.7173969662916837e-06
3073.68,1.7108001952925071e-06
3073.69,1.7054196141413611e-06
3073.7,1.701223060489491e-06
3073.71,1.6979537138264623e-06
3073.72,1.6956082350628482e-06
3073.73,1.6941162078120431e-06
3073.74,1.6934184376116762e-06
3073.75,1.693466747576007e-06
3073.76,1.694223076809412e-06
3073.77,1.6956589076494695e-06
3073.78,1.697753383199168e-06
3073.79,1.7004898423070548e-06
3073.8,1.7038486604964587e-06
3073.81,1.7077936320455079e-06
3073.82,1.712249230789426e-06
3073.83,1.7170727824279428e-06
3073.84,1.7220405034655493e-06
3073.85,1.7268826773195547e-06
3073.86,1.7313824598457968e-06
3073.87,1.735482365660842e-06
3073.88,1.7393035853026233e-06
3073.89,2.5789309850421586e-06
3073.9,2.5857312627338877e-06
3073.91,2.5928300012170376e-06
3073.92,2.600286381434832e-06
3073.93,2.6081054115009568e-06
3073.94,2.6162642109380265e-06
3073.95,2.6247377217580746e-06
3073.96,2.633510912309816e-06
3073.97,2.642575940699533e-06
3073.98,2.6519242900797577e-06
3073.99,2.66154350945557e-06
3074.0,2.671418434907611e-06
3074.01,2.681533655533812e-06
3074.02,2.6918752162815096e-06
3074.03,3.52048458238854e-06
3074.04,3.5342285105471293e-06
3074.05,3.548186310806215e-06
3074.06,3.562352305189482e-06
3074.07,3.576722245078054e-06
3074.08,3.5912931171742857e-06
3074.09,3.6060630403156844e-06
3074.1,3.6210312445741316e-06
3074.11,3.6361981244944453e-06
3074.12,3.6515653612517318e-06
3074.13,3.667136089603399e-06
3074.14,3.6829151764647864e-06
3074.15,3.6989093044304627e-06
3074.16,3.7151270867780044e-06
3074.17,3.7315786697465295e-06
3074.18,3.7482818281139267e-06
3074.19,3.7652296713971e-06
3074.2,3.7824486176562147e-06
3074.21,3.799880043566722e-06
3074.22,3.817495260559077e-06
3074.23,3.835211171475664e-06
3074.24,3.852925890787852e-06
3074.25,3.870561206475286e-06
3074.26,3.8881084122040914e-06
3074.27,3.905636031467071e-06
3074.28,3.923251757534441e-06
3074.29,3.941054965093729e-06
3074.3,3.9591127187144576e-06
3074.31,3.977460160903809e-06
3074.32,3.996111409945494e-06
3074.33,4.015070237346822e-06
3074.34,4.03433713546488e-06
3074.35,4.053912924873309e-06
3074.36,4.073801460167222e-06
3074.37,4.094009065747595e-06
3074.38,4.1145457697625e-06
3074.39,4.135425287530516e-06
3074.4,4.156665258712195e-06
3074.41,4.1782875920481904e-06
3074.42,4.200318963397963e-06
3074.43,4.222791503169906e-06
3074.44,4.245743712519392e-06
3074.45,4.269221658999344e-06
3074.46,4.293280520836094e-06
3074.47,4.31798657567401e-06
3074.48,4.3434197680352615e-06
3074.49,4.369677044977214e-06
3074.5,4.396876729194437e-06
3074.51,4.4251643114054055e-06
3074.52,4.454720197007705e-06
3074.53,4.485770138811883e-06
3074.54,4.518599328154322e-06
3074.55,4.553571407053562e-06
3074.56,4.591154032445988e-06
3074.57,4.63195311225014e-06
3074.58,4.67675841052069e-06
3074.59,4.7266035685708325e-06
3074.6,4.782842712590752e-06
3074.61,4.8472412368363155e-06
3074.62,4.922064285543234e-06
3074.63,5.010110060885507e-06
3074.64,5.114550785947586e-06
3074.65,5.238273990904551e-06
3074.66,5.382157224200522e-06
3074.67,5.541604237184984e-06
3074.68,5.70166542864632e-06
3074.69,5.834789026448089e-06
3074.7,5.908513132250321e-06
3074.71,5.90499895248455e-06
3074.72,5.834894542260985e-06
3074.73,5.728811467483566e-06
3074.74,5.617084907019786e-06
3074.75,5.518081595253542e-06
3074.76,5.438756957976963e-06
3074.77,5.379303397754481e-06
3074.78,5.3371497029345545e-06
3074.79,5.309101570549834e-06
3074.8,5.292226446099884e-06
3074.81,5.284115770748391e-06
3074.82,5.282885829642975e-06
3074.83,5.287085861961515e-06
3074.84,5.2955898351529795e-06
3074.85,5.307519343835906e-06
3074.86,5.3222025702462285e-06
3074.87,5.339149654752962e-06
3074.88,5.358009415083001e-06
3074.89,5.378516067584181e-06
3074.9,5.400452933464164e-06
3074.91,5.423638132902179e-06
3074.92,5.447919624739717e-06
3074.93,5.473171938585499e-06
3074.94,5.499292386665037e-06
3074.95,5.526197164740906e-06
3074.96,5.55381783541987e-06
3074.97,5.582098388982325e-06
3074.98,5.610992878232018e-06
3074.99,5.6404648043674635e-06
3075.0,5.670480615225417e-06
3075.01,5.701016077717156e-06
3075.02,5.732050348291746e-06
3075.03,5.7635665098259415e-06
3075.04,5.795551017504646e-06
3075.05,5.827993282460187e-06
3075.06,5.860885376738927e-06
3075.07,5.894221846094412e-06
3075.08,5.927999616230497e-06
3075.09,5.96221797750339e-06
3075.1,5.996878633544108e-06
3075.11,6.031985792077158e-06
3075.12,6.067546239492181e-06
3075.13,6.10356923371478e-06
3075.14,6.140065910220783e-06
3075.15,6.177047329089047e-06
3075.16,6.214520079002265e-06
3075.17,6.252477667253538e-06
3075.18,6.29088729626151e-06
3075.19,6.32967695166951e-06
3075.2,6.368743001645554e-06
3075.21,6.407965718552018e-06
3075.22,6.447299141369214e-06
3075.23,6.4867870334543054e-06
3075.24,6.526541487228673e-06
3075.25,6.566682384687087e-06
3075.26,6.607296312655889e-06
3075.27,6.64842936488086e-06
3075.28,6.690098776376458e-06
3075.29,6.732306642690966e-06
3075.3,6.775049307207516e-06
3075.31,6.818322344151637e-06
3075.32,6.862122734797768e-06
3075.33,6.9064495951482884e-06
3075.34,6.998187960638115e-06
3075.35,7.04377893083856e-06
3075.36,7.089907783894296e-06
3075.37,7.136581568692126e-06
3075.38,7.18380895193262e-06
3075.39,7.231600156461565e-06
3075.4,7.279963723324242e-06
3075.41,7.328919355292382e-06
3075.42,7.378478536817168e-06
3075.43,7.428657198761154e-06
3075.44,7.479554177154784e-06
3075.45,7.531021434007289e-06
3075.46,7.583151293068042e-06
3075.47,7.635943132202256e-06
3075.48,7.689372277947825e-06
3075.49,7.743373929989627e-06
3075.5,7.797835156288052e-06
3075.51,7.852617761980114e-06
3075.52,7.907622379627406e-06
3075.53,7.962854467224621e-06
3075.54,8.018426350583376e-06
3075.55,8.074493238566282e-06
3075.56,8.131188368599977e-06
3075.57,8.188598541970773e-06
3075.58,8.246771095655806e-06
3075.59,8.305729532925754e-06
3075.6,8.365485789220527e-06
3075.61,8.426047313564437e-06
3075.62,8.487420588575339e-06
3075.63,8.549612784702684e-06
3075.64,8.61263259566151e-06
3075.65,8.676490799649108e-06
3075.66,8.741539923462134e-06
3075.67,8.807119869367654e-06
3075.68,8.873588710229775e-06
3075.69,8.94096951276906e-06
3075.7,9.009281331427416e-06
3075.71,9.078521089624147e-06
3075.72,9.148633767374595e-06
3075.73,9.219530511103357e-06
3075.74,9.291190911350035e-06
3075.75,9.363711741755558e-06
3075.76,9.437211602275066e-06
3075.77,9.511757526925922e-06
3075.78,9.587375919732458e-06
3075.79,9.664079932511118e-06
3075.8,9.741882812759334e-06
3075.81,9.820801485722304e-06
3075.82,1.0841289497503586e-05
3075.83,1.0925923025454188e-05
3075.84,1.101176347585669e-05
3075.85,1.1098841098005735e-05
3075.86,1.1187188871489938e-05
3075.87,1.127684258389404e-05
3075.88,1.1367841021165604e-05
3075.89,1.146022625734805e-05
3075.9,1.15540440412814e-05
3075.91,1.1649344286108587e-05
3075.92,1.1746181675009786e-05
3075.93,1.1844616403401708e-05
3075.94,1.1944715085772002e-05
3075.95,1.2046551863992609e-05
3075.96,1.2150209765216758e-05
3075.97,1.2257492036077809e-05
3075.98,1.2365096701117924e-05
3075.99,1.2474843738607972e-05
3076.0,1.2586872855409757e-05
3076.01,1.2701346069213617e-05
3076.02,1.2818452689262698e-05
3076.03,1.2938415547639519e-05
3076.04,1.3061498913855144e-05
3076.05,1.3188018396534302e-05
3076.06,1.3318353420016304e-05
3076.07,1.3452962785227797e-05
3076.08,1.3592403817955042e-05
3076.09,1.3737355332195988e-05
3076.1,1.3888643885916202e-05
3076.11,1.4047271073677283e-05
3076.12,1.4214435928190912e-05
3076.13,1.4391539192858183e-05
3076.14,1.4580142365987965e-05
3076.15,1.478183094208786e-05
3076.16,1.4997894984522496e-05
3076.17,1.5228701968128865e-05
3076.18,1.54726380249452e-05
3076.19,1.572464826954956e-05
3076.2,1.597488371142721e-05
3076.21,1.6208745208306377e-05
3076.22,1.6409966682572685e-05
3076.23,1.6566621170979803e-05
3076.24,1.667714146345022e-05
3076.25,1.6751051539761397e-05
3076.26,1.680423919298345e-05
3076.27,1.6852393934047933e-05
3076.28,1.6906983345086172e-05
3076.29,1.6974478499706035e-05
3076.3,1.7057474618674463e-05
3076.31,1.715620352951717e-05
3076.32,1.7269723814306448e-05
3076.33,1.739666134175091e-05
3076.34,1.753560307373484e-05
3076.35,1.7685277217004466e-05
3076.36,1.784461785064652e-05
3076.37,1.8012770844026085e-05
3076.38,1.818907149806362e-05
3076.39,1.8373009845014918e-05
3076.4,1.8564194455562916e-05
3076.41,1.8762319638527283e-05
3076.42,1.8967142026792026e-05
3076.43,1.917846992118947e-05
3076.44,1.939617524779703e-05
3076.45,1.962022016811871e-05
3076.46,1.985068543927519e-05
3076.47,2.0087782501348466e-05
3076.48,2.033184638751932e-05
3076.49,2.0583320899111428e-05
3076.5,2.084274342322907e-05
3076.51,2.1110733812783998e-05
3076.52,2.1387988415643014e-05
3076.53,2.167528155258871e-05
3076.54,2.197347581865014e-05
3076.55,2.228353896917125e-05
3076.56,2.260656248462527e-05
3076.57,2.2943776303026162e-05
3076.58,2.329655325231593e-05
3076.59,2.3666394047196023e-05
3076.6,2.405487860235521e-05
3076.61,2.446356169100384e-05
3076.62,2.4893781164065403e-05
3076.63,2.5346337657375473e-05
3076.64,2.5821003315723654e-05
3076.65,2.6315839335588138e-05
3076.66,2.6826373563998434e-05
3076.67,2.7344838271833178e-05
3076.68,2.7859873987462306e-05
3076.69,2.8357276729481875e-05
3076.7,2.8822222874742455e-05
3076.71,2.9242759866793594e-05
3076.72,2.9613367439869424e-05
3076.73,2.9936863983857605e-05
3076.74,3.022359243212427e-05
3076.75,3.0488351980322066e-05
3076.76,3.074668263952779e-05
3076.77,3.101203109627758e-05
3076.78,3.1294416059228704e-05
3076.79,3.160036178326561e-05
3076.8,3.193353027483054e-05
3076.81,3.2295557155078165e-05
3076.82,3.268680858813714e-05
3076.83,3.310695647277381e-05
3076.84,3.355537007432197e-05
3076.85,3.4031361716827484e-05
3076.86,3.4534330305629844e-05
3076.87,3.506394146619623e-05
3076.88,3.561975957629727e-05
3076.89,3.620187829928882e-05
3076.9,3.681052695203142e-05
3076.91,3.744618905664564e-05
3076.92,3.8109631784859126e-05
3076.93,3.8801955683470284e-05
3076.94,3.952471100977078e-05
3076.95,4.028001781006523e-05
3076.96,4.107077212490771e-05
3076.97,4.190061593080998e-05
3076.98,4.2772721743639805e-05
3076.99,4.3684968430296896e-05
3077.0,4.4622614940506455e-05
3077.01,4.556649171840232e-05
3077.02,4.6520893772572833e-05
3077.03,4.751033125737254e-05
3077.04,4.8552029076351805e-05
3077.05,4.965138407883586e-05
3077.06,5.0809599398603215e-05
3077.07,5.2027899163028005e-05
3077.08,5.3308961394662e-05
3077.09,5.46551069486945e-05
3077.1,5.607089482739275e-05
3077.11,5.75612191887972e-05
3077.12,5.9131741095027604e-05
3077.13,6.078891625936609e-05
3077.14,6.25400524433298e-05
3077.15,6.439341136513216e-05
3077.16,6.635832426651273e-05
3077.17,6.911199906741062e-05
3077.18,7.133567552043238e-05
3077.19,7.370688215762635e-05
3077.2,7.624123764305556e-05
3077.21,7.89564525172223e-05
3077.22,8.187285890551074e-05
3077.23,8.501388770905895e-05
3077.24,8.840664452951127e-05
3077.25,9.208260437618722e-05
3077.26,9.607844023706925e-05
3077.27,0.00010043700683060142
3077.28,0.00010520844229001697
3077.29,0.0001104514149630774
3077.3,0.00011623444946085414
3077.31,0.00012263727231178194
3077.32,0.0001297520162944026
3077.33,0.0001376835188500813
3077.34,0.000146550810047964
3077.35,0.000156482060585844
3077.36,0.00016761021407537578
3077.37,0.0001800600477377346
3077.38,0.00019392575005794545
3077.39,0.0002092342866700977
3077.4,0.0002258909310914696
3077.41,0.00024360751010819778
3077.42,0.0002618245727696923
3077.43,0.0002796582028586984
3077.44,0.0002959194697973905
3077.45,0.00030926796499212175
3077.46,0.0003185005263167094
3077.47,0.00032290059617528534
3077.48,0.0003224830572685013
3077.49,0.0003179960959239365
3077.5,0.0003108073521233827
3077.51,0.0003020432359296636
3077.52,0.0002930653042078451
3077.53,0.0002848068846818436
3077.54,0.0002778786642088321
3077.55,0.0002726224071842297
3077.56,0.00026918925669118456
3077.57,0.00026761228156782035
3077.58,0.00026786183972217747
3077.59,0.0002698831838480903
3077.6,0.00027361995996840095
3077.61,0.00027902792470940475
3077.62,0.00028608246581745785
3077.63,0.0002947824866782453
3077.64,0.00030515233323507484
3077.65,0.00031724279956421776
3077.66,0.0003311318212483938
3077.67,0.0003469252013452869
3077.68,0.0003647575692609435
3077.69,0.0003847937234186325
3077.7,0.000407230545868573
3077.71,0.00043229975269304844
3077.72,0.00046027182276572187
3077.73,0.0004914612931535635
3077.74,0.0005262331233823036
3077.75,0.0005650089966878486
3077.76,0.0006082716569851819
3077.77,0.0006565651633919049
3077.78,0.0007104892544522752
3077.79,0.0007706861106865114
3077.8,0.0008378169019277266
3077.81,0.0009125235361485621
3077.82,0.000995368597225663
3077.83,0.0010867443841343816
3077.84,0.0011867411844387705
3077.85,0.0012949669471941576
3077.86,0.001410317940859256
3077.87,0.0015307163074910449
3077.88,0.0016528585884014507
3077.89,0.0017720577715460782
3077.9,0.0018822979126014842
3077.91,0.0019766272558356395
3077.92,0.0020479562415062647
3077.93,0.002090182736812179
3077.94,0.0020993789216026187
3077.95,0.0020746522408088275
3077.96,0.0020183507720431698
3077.97,0.001935529334426072
3077.98,0.0018328899439854587
3077.99,0.0017175792154311832
3078.0,0.001596191151413371
3078.01,0.0014741551654618352
3078.02,0.0013555118913363188
3078.03,0.0012429717268794035
3078.04,0.0011381288744535176
3078.05,0.0010417255794836014
3078.06,0.0009539034362011145
3078.07,0.0008744113927153498
3078.08,0.000802763809621051
3078.09,0.000738352886728774
3078.1,0.0006805243663912289
3078.11,0.0006286257542852342
3078.12,0.0005820349639343797
3078.13,0.0005401755726514513
3078.14,0.0005025233314643394
3078.15,0.0004686072939601579
3078.16,0.0004380078758665692
3078.17,0.00041035332470999594
3078.18,0.0003853154838934253
3078.19,0.00036260537552146
3078.2,0.00034196885667219017
3078.21,0.0003231825554921249
3078.22,0.00030605013438967114
3078.23,0.0002903989268074683
3078.24,0.0002760769468574891
3078.25,0.0002629502546791477
3078.26,0.0002509006502035635
3078.27,0.00023982366338002456
3078.28,0.00022962680793738816
3078.29,0.0002202280668744673
3078.3,0.00021155365408525876
3078.31,0.0002035405856014242
3078.32,0.00019613012711043972
3078.33,0.0001892706560285696
3078.34,0.00018291599186902988
3078.35,0.00017702475463018494
3078.36,0.00017155980743723228
3078.37,0.00016648777021874758
3078.38,0.00016177859130081038
3078.39,0.0001574051663820932
3078.4,0.0001533430162273885
3078.41,0.00014957003608635772
3078.42,0.00014606624680438973
3078.43,0.00014281355219697588
3078.44,0.00013979550820194994
3078.45,0.00013699710217511207
3078.46,0.00013440455814225715
3078.47,0.00013200542967995482
3078.48,0.0001297886657922614
3078.49,0.00012774424087900544
3078.5,0.00012586291296192508
3078.51,0.00012413621516698067
3078.52,0.00012255643878909125
3078.53,0.00012111658094453556
3078.54,0.00011981028600770024
3078.55,0.00011863179198929238
3078.56,0.00011757588308490664
3078.57,0.00011663784790917725
3078.58,0.00011581336151347661
3078.59,0.00011509877835017213
3078.6,0.00011449061363395475
3078.61,0.0001139858455425594
3078.62,0.00011358181071947908
3078.63,0.00011327618464891705
3078.64,0.00011306696463669456
3078.65,0.00011295245506681084
3078.66,0.00011293125499799294
3078.67,0.00011300224748571412
3078.68,0.00011316459114814354
3078.69,0.00011341771341818134
3078.7,0.00011376130560711528
3078.71,0.00011419531970722395
3078.72,0.00011471996691243218
3078.73,0.00011533571785692979
3078.74,0.00011604330458916841
3078.75,0.00011684372431671736
3078.76,0.00011773824496963318
3078.77,0.0001187284126418062
3078.78,0.00011981606097645329
3078.79,0.00012100332257282923
3078.8,0.00012229264252639117
3078.81,0.00012368679431089407
3078.82,0.000125188898462752
3078.83,0.00012680244505215685
3078.84,0.00012853132186674195
3078.85,0.0001303798515504041
3078.86,0.00013235284218275363
3078.87,0.00013445565584622624
3078.88,0.00013669429742556755
3078.89,0.00013907552143968617
3078.9,0.00014160695112309027
3078.91,0.0001442972052013554
3078.92,0.00014715603407953554
3078.93,0.00015019447265642887
3078.94,0.00015342501358968258
3078.95,0.0001568617853189872
3078.96,0.00016052067231460778
3078.97,0.00016441921750174205
3078.98,0.00016857596577138045
3078.99,0.00017300864392023828
3079.0,0.00017773031115351107
3079.01,0.00018274281393127801
3079.02,0.00018802855149795028
3079.03,0.00019354591860198822
3079.04,0.00019923856955054653
3079.05,0.00020506423038633466
3079.06,0.0002110293989570297
3079.07,0.0002171997117319405
3079.08,0.00022367593035580471
3079.09,0.00023055892417502845
3079.1,0.00023792987195921062
3079.11,0.0002458489277228343
3079.12,0.00025436296012079244
3079.13,0.0002635139065066294
3079.14,0.00027334469273661386
3079.15,0.00028390276709057074
3079.16,0.0002952421169506879
3079.17,0.0003074245242011856
3079.18,0.00032052053394693997
3079.19,0.0003346103971030752
3079.2,0.0003497851273504854
3079.21,0.0003661477449951436
3079.22,0.00038381476162735733
3079.23,0.0004029179468893442
3079.24,0.0004236064250173585
3079.25,0.0004460491586825817
3079.26,0.0004704378855352898
3079.27,0.0004969905599073348
3079.28,0.0005259552766443512
3079.29,0.0005576143981611
3079.3,0.0005922878055009917
3079.31,0.0006303324906790853
3079.32,0.0006721335577663983
3079.33,0.0007180918621028476
3079.34,0.0007686334852273073
3079.35,0.0008242921651330319
3079.36,0.0008857464659615011
3079.37,0.0009537601755218779
3079.38,0.001029113446089916
3079.39,0.0011125835592272772
3079.4,0.0012049304787714878
3079.41,0.0013068528314994314
3079.42,0.0014189056446223065
3079.43,0.0015413755636442285
3079.44,0.0016741088508449866
3079.45,0.0018162930591332
3079.46,0.001966208199835746
3079.47,0.0021209896761778817
3079.48,0.0022764842927978585
3079.49,0.0024272938548858384
3079.5,0.002567169480605815
3079.51,0.002689758805210509
3079.52,0.0027896760662689734
3079.53,0.0028636245917863174
3079.54,0.0029112042475461994
3079.55,0.0029350835589393256
3079.56,0.002940443753313029
3079.57,0.0029338833529057983
3079.58,0.0029221379692896993
3079.59,0.0029109482881862474
3079.6,0.002904261729761936
3079.61,0.0029037988721037065
3079.62,0.0029089337970736283
3079.63,0.0029168353953684762
3079.64,0.002922858623496383
3079.65,0.002921191117299029
3079.66,0.0029057513164211075
3079.67,0.002871232163407878
3079.68,0.002814087495944651
3079.69,0.0027332007814403203
3079.7,0.002630037298914316
3079.71,0.0025082493970053506
3079.72,0.0023728938414838674
3079.73,0.0022295263434148637
3079.74,0.002083419361948899
3079.75,0.0019390431670995266
3079.76,0.0017998308534341579
3079.77,0.0016681682841792446
3079.78,0.001545522054043935
3079.79,0.0014326273195891608
3079.8,0.001329681362213131
3079.81,0.0012365129333255372
3079.82,0.001152715143949477
3079.83,0.0010777400589045674
3079.84,0.00101095796926225
3079.85,0.000951685888967068
3079.86,0.0008991903758065119
3079.87,0.0008526713454091186
3079.88,0.0008112376977578766
3079.89,0.0007738926317604615
3079.9,0.0007395530985802838
3079.91,0.0007071254891780682
3079.92,0.0006756386025090687
3079.93,0.0006443969058557681
3079.94,0.0006130867136243693
3079.95,0.0005817782003313502
3079.96,0.0005508201226737569
3079.97,0.0005206807700992927
3079.98,0.0004918041535448518
3079.99,0.00046452302722282214
3080.0,0.00043903191289519606
3080.01,0.00041540055095023353
3080.02,0.0003936049738181303
3080.03,0.0003735603812735142
3080.04,0.00035514824878659854
3080.05,0.00033823573372162213
3080.06,0.0003226881993082869
3080.07,0.0003083765496357536
3080.08,0.00029518102911455093
3080.09,0.0002829927856813323
3080.1,0.00027171410492026
3080.11,0.00026125792647657144
3080.12,0.00025154699646306674
3080.13,0.00024251288976330227
3080.14,0.00023409501787449884
3080.15,0.00022623970675023693
3080.16,0.0002188993281535557
3080.17,0.0002120315568442254
3080.18,0.00020559870477358807
3080.19,0.0001995671462917003
3080.2,0.00019390682107796596
3080.21,0.00018859080520196165
3080.22,0.00018359494123516753
3080.23,0.00017889751754379533
3080.24,0.00017447898778079395
3080.25,0.00017032172116132548
3080.26,0.0001664097734265837
3080.27,0.00016272866708492214
3080.28,0.00015926516793030284
3080.29,0.00015600704394723357
3080.3,0.0001529427948663627
3080.31,0.00015006135018290272
3080.32,0.00014735175633815358
3080.33,0.00014480291409430407
3080.34,0.00014240347752927945
3080.35,0.00014014205458878258
3080.36,0.00013800779877060461
3080.37,0.00013599131185395357
3080.38,0.0001340855443258109
3080.39,0.00013228625951857488
3080.4,0.00013059177640737198
3080.41,0.000129002059379836
3080.42,0.00012751751492751096
3080.43,0.00012613789787125149
3080.44,0.00012486159793709834
3080.45,0.00012368546635438426
3080.46,0.00012260529689554905
3080.47,0.00012161691997010552
3080.48,0.00012071743781524723
3080.49,0.00011990592360476987
3080.5,0.00011918312308524229
3080.51,0.0001185503729269245
3080.52,0.00011800891598787843
3080.53,0.00011755938999615693
3080.54,0.00011720189247763302
3080.55,0.00011693620735811938
3080.56,0.00011676204207537575
3080.57,0.00011667920391338462
3080.58,0.00011668770931468877
3080.59,0.00011678784380910643
3080.6,0.00011698019165916523
3080.61,0.00011726564906602153
3080.62,0.00011764542918942799
3080.63,0.00011812106300950026
3080.64,0.00011869439722427215
3080.65,0.00011936758887578796
3080.66,0.00012014309688869096
3080.67,0.00012102367480899445
3080.68,0.00012201237769426654
3080.69,0.00012311260411681092
3080.7,0.0001243281871700727
3080.71,0.00012566350996080552
3080.72,0.00012712359257357263
3080.73,0.00012871410106553226
3080.74,0.0001304413021773028
3080.75,0.0001323120280353225
3080.76,0.00013433368674429044
3080.77,0.00013651431834401474
3080.78,0.00013886267508514592
3080.79,0.00014138830909137372
3080.8,0.00014410166010859777
3080.81,0.00014701414017982556
3080.82,0.00015013821719554306
3080.83,0.00015348750062224624
3080.84,0.0001570768437370185
3080.85,0.0001609224910043676
3080.86,0.0001650423047567604
3080.87,0.00016945607033165303
3080.88,0.0001741858227960781
3080.89,0.00017925610353476993
3080.9,0.00018469413186420348
3080.91,0.00019053005241527907
3080.92,0.00019679690998969734
3080.93,0.0002035314554843951
3080.94,0.00021077433487469077
3080.95,0.0002185707111011129
3080.96,0.00022697088575105025
3080.97,0.00023603100038139638
3080.98,0.0002458138331191344
3080.99,0.0002563897098573779
3081.0,0.0002678375506218953
3081.01,0.0002802460745469162
3081.02,0.0002937151834732107
3081.03,0.00030835758594347824
3081.04,0.00032430061024185344
3081.05,0.0003416883516836181
3081.06,0.00036068410741866246
3081.07,0.00038147316886327884
3081.08,0.000404265999369108
3081.09,0.00042930182295190464
3081.1,0.0004568526313581399
3081.11,0.00048722758575685433
3081.12,0.0005207777350151121
3081.13,0.0005579008842067613
3081.14,0.0005990463064548477
3081.15,0.0006447187733280381
3081.16,0.0006954810477450684
3081.17,0.0007519534911152106
3081.18,0.0008148087223601682
3081.19,0.0008847582635790673
3081.2,0.0009625257791326932
3081.21,0.0010488066808112047
3081.22,0.0011441913812481556
3081.23,0.0012490621851898502
3081.24,0.0013634390916358176
3081.25,0.0014867732951350772
3081.26,0.0016176894656021745
3081.27,0.00175369766670754
3081.28,0.0018909310517427084
3081.29,0.002023997276870682
3081.3,0.002146084324448268
3081.31,0.002249444370475308
3081.32,0.0023263140669011408
3081.33,0.002370163332479795
3081.34,0.0023769669825572945
3081.35,0.0023460806130248726
3081.36,0.0022803870524531
3081.37,0.002185654516582196
3081.38,0.0020693580687746586
3081.39,0.001939378419453502
3081.4,0.0018029411529241147
3081.41,0.0016659759578682791
3081.42,0.0015328895595541198
3081.43,0.0014066383270765713
3081.44,0.001288963228084824
3081.45,0.0011806772278901091
3081.46,0.001081937545813496
3081.47,0.0009924714757549346
3081.48,0.000911748163825638
3081.49,0.000839101084723689
3081.5,0.0007738106829785456
3081.51,0.0007151571734259343
3081.52,0.0006624521595242739
3081.53,0.0006150558484995495
3081.54,0.0005723848470441174
3081.55,0.0005339140439587121
3081.56,0.0004991749643664496
3081.57,0.0004677521705358433
3081.58,0.0004392787201036026
3081.59,0.0004134313558201468
3081.6,0.0003899255256285086
3081.61,0.00036851113110575486
3081.62,0.00034896819188859763
3081.63,0.00033110315369566163
3081.64,0.00031474556500037
3081.65,0.000299745158533364
3081.66,0.0002859692795753683
3081.67,0.0002733006604907141
3081.68,0.0002616354785926833
3081.69,0.0002508816714788397
3081.7,0.0002409574772547658
3081.71,0.0002317901689510299
3081.72,0.00022331495759610558
3081.73,0.0002154740409550199
3081.74,0.00020821578124814093
3081.75,0.0002014939752208195
3081.76,0.0001952672499909996
3081.77,0.00018949850758379603
3081.78,0.00018415445384826706
3081.79,0.00017920519171179034
3081.8,0.00017462385236024407
3081.81,0.00017038628615544292
3081.82,0.00016647139472745953
3081.83,0.00016277826161497014
3081.84,0.00015945073425061446
3081.85,0.00015639253785275587
3081.86,0.00015358960582304083
3081.87,0.00015102937414556585
3081.88,0.00014870065819028126
3081.89,0.00014659354543412767
3081.9,0.00014469930190202668
3081.91,0.000143010290774683
3081.92,0.00014151989804700593
3081.93,0.00014022246353797513
3081.94,0.0001391132115760764
3081.95,0.0001381881891408363
3081.96,0.00013744423806676869
3081.97,0.0001368790387654694
3081.98,0.00013649118772130818
3081.99,0.0001362802017862924
3082.0,0.00013624643184801936
3082.01,0.00013639098494353847
3082.02,0.000136715723795654
3082.03,0.00013722330418734603
3082.04,0.0001379172235824463
3082.05,0.00013880187280004616
3082.06,0.00013988258505284469
3082.07,0.00014116569303818915
3082.08,0.0001426585946166617
3082.09,0.0001443698296351999
3082.1,0.00014630916959586213
3082.11,0.0001484877218346843
3082.12,0.00015091805003844924
3082.13,0.00015361431327778503
3082.14,0.00015659242575695524
3082.15,0.00015987024109040036
3082.16,0.00016346609326698056
3082.17,0.00016740573270290386
3082.18,0.00017171255202003523
3082.19,0.00017641462264022208
3082.2,0.00018154338301870485
3082.21,0.00018713405853307253
3082.22,0.00019322613642098538
3082.23,0.0001998639089493267
3082.24,0.00020709712980900648
3082.25,0.00021498183659897363
3082.26,0.00022358130316047867
3082.27,0.00023296703061328062
3082.28,0.00024321983794263548
3082.29,0.000254431187774758
3082.3,0.00026670477923361794
3082.31,0.00028015839547278627
3082.32,0.0002949260210487853
3082.33,0.00031116026445202576
3082.34,0.00032903512033147556
3082.35,0.0003487490977541733
3082.36,0.0003705287259917435
3082.37,0.00039463242310853574
3082.38,0.0004213546635078144
3082.39,0.000451030286720189
3082.4,0.0004840386201014483
3082.41,0.0005208086006526749
3082.42,0.0005618131802155868
3082.43,0.0006075782566424963
3082.44,0.0006586682637592301
3082.45,0.0007156710634008583
3082.46,0.0007791773531164065
3082.47,0.0008497096066087906
3082.48,0.0009281107079686536
3082.49,0.0010137101335127505
3082.5,0.0011067687375531784
3082.51,0.0012066109401681424
3082.52,0.0013119078864979347
3082.53,0.0014205500746108325
3082.54,0.0015295917531616078
3082.55,0.0016352826119232428
3082.56,0.0017331892922314279
3082.57,0.0018184044923620557
3082.58,0.0018858644389665126
3082.59,0.0019308256196848884
3082.6,0.0019495174411060857
3082.61,0.001939868599584238
3082.62,0.0019020687195212176
3082.63,0.0018387050421275078
3082.64,0.0017543641876488602
3082.65,0.0016548230382596471
3082.66,0.0015461101233002134
3082.67,0.0014337184584257965
3082.68,0.0013221193077245289
3082.69,0.0012145871443581386
3082.7,0.0011132524094926597
3082.71,0.0010192787102074367
3082.72,0.000933085577344346
3082.73,0.0008545761554105408
3082.74,0.0007833513151587311
3082.75,0.0007188893823386863
3082.76,0.0006606580204230628
3082.77,0.0006081501716014102
3082.78,0.0005608753976000206
3082.79,0.000518349362720252
3082.8,0.00048009683407729926
3082.81,0.00044566343418920255
3082.82,0.00041462681380953704
3082.83,0.0003866030564517118
3082.84,0.00036124839859299714
3082.85,0.0003382578719699628
3082.86,0.00031736242256123363
3082.87,0.00029832554589320195
3082.88,0.00028093997814620744
3082.89,0.00026502462167358884
3082.9,0.00025042167635810117
3082.91,0.00023699388312175963
3082.92,0.00022462183124105943
3082.93,0.0002132013695994709
3082.94,0.00020264122459271797
3082.95,0.0001928609273432767
3082.96,0.00018378910249925944
3082.97,0.00017536210789148113
3082.98,0.0001675229710486818
3082.99,0.00016022055163961415
3083.0,0.00015340886594116372
3083.01,0.00014704652413569845
3083.02,0.00014109624765747025
3083.03,0.00013552444654702918
3083.04,0.00013030084495473492
3083.05,0.00012539814817628974
3083.06,0.00012079174685268151
3083.07,0.00011645945541782694
3083.08,0.00011238128240749551
3083.09,0.00010853918000909442
3083.1,0.00010491707420089402
3083.11,0.00010150041498104324
3083.12,9.827625683162294e-05
3083.13,9.523310757374473e-05
3083.14,9.236084624366145e-05
3083.15,8.96506537975145e-05
3083.16,8.709494699722867e-05
3083.17,8.468729826173109e-05
3083.18,8.242231125023844e-05
3083.19,8.02954008578253e-05
3083.2,7.830239515275829e-05
3083.21,7.643883854881285e-05
3083.22,7.469884434920745e-05
3083.23,7.30745534302405e-05
3083.24,7.154918488756303e-05
3083.25,7.010186241685105e-05
3083.26,6.870199892342909e-05
3083.27,6.731278694600883e-05
3083.28,6.58980816102621e-05
3083.29,6.443243710993593e-05
3083.3,6.290939886879611e-05
3083.31,6.134275535099731e-05
3083.32,5.9759854750835406e-05
3083.33,5.819142078675829e-05
3083.34,5.666337458038403e-05
3083.35,5.519317987948216e-05
3083.36,5.378997362056116e-05
3083.37,5.2456538241396013e-05
3083.38,5.1191575939438744e-05
3083.39,4.999155362087605e-05
3083.4,4.8851957328731666e-05
3083.41,4.776804887021976e-05
3083.42,4.5908552492252016e-05
3083.43,4.492573974252746e-05
3083.44,4.3986106568487584e-05
3083.45,4.308622614470041e-05
3083.46,4.222278596033702e-05
3083.47,4.139248220335937e-05
3083.48,4.0592518559583606e-05
3083.49,3.9821149385819535e-05
3083.5,3.907718807790545e-05
3083.51,3.8359340059523126e-05
3083.52,3.7666165261165885e-05
3083.53,3.6996250104191754e-05
3083.54,3.63482921020633e-05
3083.55,3.572111109572382e-05
3083.56,3.5113636885434874e-05
3083.57,3.452489346247432e-05
3083.58,3.395398531860116e-05
3083.59,3.3400086418048314e-05
3083.6,3.286243137708878e-05
3083.61,3.2340301035191084e-05
3083.62,3.183304574839124e-05
3083.63,3.134003666536986e-05
3083.64,3.0860690797300004e-05
3083.65,3.0394460136034232e-05
3083.66,2.9940828582671243e-05
3083.67,2.9499309289741404e-05
3083.68,2.906944235189704e-05
3083.69,2.865079278078885e-05
3083.7,2.8242948701824115e-05
3083.71,2.78455197214057e-05
3083.72,2.7458135439811954e-05
3083.73,2.708044410739628e-05
3083.74,2.6712111429521654e-05
3083.75,2.635281951462449e-05
3083.76,2.6002265948156302e-05
3083.77,2.5660162969908034e-05
3083.78,2.5326242680604183e-05
3083.79,2.500023264030164e-05
3083.8,2.46818908847229e-05
3083.81,2.4370981745086944e-05
3083.82,2.406728134592898e-05
3083.83,2.3770577356685638e-05
3083.84,2.348066875982831e-05
3083.85,2.31973657527386e-05
3083.86,2.292048973108215e-05
3083.87,2.2649873353822787e-05
3083.88,2.238536068004966e-05
3083.89,2.2126807380523885e-05
3083.9,2.1874081075151534e-05
3083.91,2.1627061973055764e-05
3083.92,2.1385644221339742e-05
3083.93,2.114973865074051e-05
3083.94,2.0919277695062336e-05
3083.95,2.0694222715029628e-05
3083.96,2.0474572801530763e-05
3083.97,2.0260372667328043e-05
3083.98,2.0051716969939695e-05
3083.99,1.9848748357557506e-05
3084.0,1.965164471329242e-05
3084.01,1.9460585013171542e-05
3084.02,1.927567292281759e-05
3084.03,1.909678722758228e-05
3084.04,1.892333398941157e-05
3084.05,1.8753933523894893e-05
3084.06,1.8586226602109945e-05
3084.07,1.841716667152004e-05
3084.08,1.824392899129502e-05
3084.09,1.8065662016944855e-05
3084.1,1.788344661404127e-05
3084.11,1.769996693419812e-05
3084.12,1.751805208480133e-05
3084.13,1.73397605245588e-05
3084.14,1.7166178619973587e-05
3084.15,1.6997650523767483e-05
3084.16,1.6834089045898644e-05
3084.17,1.6675208925846708e-05
3084.18,1.6520669009841728e-05
3084.19,1.6370132085628494e-05
3084.2,1.6223296877229774e-05
3084.21,1.6079903653136792e-05
3084.22,1.593973221065262e-05
3084.23,1.580259665854142e-05
3084.24,1.5668331952375445e-05
3084.25,1.5536819723727233e-05
3084.26,1.5407937050415262e-05
3084.27,1.5281584204012567e-05
3084.28,1.5157674030970417e-05
3084.29,1.5036129791323556e-05
3084.3,1.4916883470269097e-05
3084.31,1.4799874453326527e-05
3084.32,1.4685048499047568e-05
3084.33,1.4572346611919812e-05
3084.34,1.4461746006855124e-05
3084.35,1.4353197432171736e-05
3084.36,1.4246952388963656e-05
3084.37,1.4142411249172267e-05
3084.38,1.4039833015916113e-05
3084.39,1.3939197627357577e-05
3084.4,1.3840490163641058e-05
3084.41,1.3743701388436575e-05
3084.42,1.3648828245802072e-05
3084.43,1.3555873456191987e-05
3084.44,1.346484932656546e-05
3084.45,1.3375772354187091e-05
3084.46,1.3288665848456808e-05
3084.47,1.3203556796049907e-05
3084.48,1.3120471290634334e-05
3084.49,1.3039425834079053e-05
3084.5,1.2960411646828935e-05
3084.51,1.2883367374464554e-05
3084.52,1.2761450442232618e-05
3084.53,1.2687991778836639e-05
3084.54,1.261590841475773e-05
3084.55,1.2544158788642895e-05
3084.56,1.2472378973867367e-05
3084.57,1.2400066732889027e-05
3084.58,1.2326987914615702e-05
3084.59,1.2253262178326695e-05
3084.6,1.2179304504813705e-05
3084.61,1.2105684280192795e-05
3084.62,1.2032954194368194e-05
3084.63,1.196154732897269e-05
3084.64,1.1891745654524891e-05
3084.65,1.1823697895601347e-05
3084.66,1.1757456484976622e-05
3084.67,1.1693014007151372e-05
3084.68,1.1630330818525628e-05
3084.69,1.1569353378073665e-05
3084.7,1.151002482717022e-05
3084.71,1.1452290252787438e-05
3084.72,1.1396098465494907e-05
3084.73,1.134140155715865e-05
3084.74,1.128815312503825e-05
3084.75,1.123630572647914e-05
3084.76,1.1186390927685579e-05
3084.77,1.1137190247456132e-05
3084.78,1.1089223693464673e-05
3084.79,1.1042430975817032e-05
3084.8,1.0996759035057671e-05
3084.81,1.0952171325238555e-05
3084.82,1.0908655813842562e-05
3084.83,1.0866228324288186e-05
3084.84,1.0824929649863931e-05
3084.85,1.0784817649402483e-05
3084.86,1.0745958077380189e-05
3084.87,1.070841619382976e-05
3084.88,1.0672252478728468e-05
3084.89,1.0637521268485196e-05
3084.9,1.060427183145319e-05
3084.91,1.0572550661247703e-05
3084.92,1.0542404128403137e-05
3084.93,1.051388101500997e-05
3084.94,1.0487034757292374e-05
3084.95,1.0461925395766118e-05
3084.96,1.0453060360403929e-05
3084.97,1.0431724436301632e-05
3084.98,1.0412362511482961e-05
3084.99,1.039507703458572e-05
3085.0,1.0379984122547856e-05
3085.01,1.036721435701606e-05
3085.02,1.0356913055649736e-05
3085.03,1.034924179958222e-05
3085.04,9.530487553677134e-06
3085.05,9.531604045452982e-06
3085.06,9.536001148677206e-06
3085.07,9.544005400044963e-06
3085.08,9.556006184264255e-06
3085.09,9.572456251660556e-06
3085.1,9.593541718789602e-06
3085.11,9.620547139243549e-06
3085.12,9.653851427754778e-06
3085.13,9.694308288238952e-06
3085.14,9.742922870839674e-06
3085.15,9.800970262304583e-06
3085.16,9.869935360107193e-06
3085.17,9.951658354902482e-06
3085.18,1.004840565448249e-05
3085.19,1.016298724946534e-05
3085.2,1.0298910303863054e-05
3085.21,1.0460580376391353e-05
3085.22,1.0653563848238808e-05
3085.23,1.0884924024200464e-05
3085.24,1.1163662293463654e-05
3085.25,1.1501219690540486e-05
3085.26,1.1912048505324545e-05
3085.27,1.2414108436241579e-05
3085.28,1.3028904426527051e-05
3085.29,1.3780292501957153e-05
3085.3,1.4690395248392336e-05
3085.31,1.5769774812558925e-05
3085.32,1.699831309758439e-05
3085.33,1.829642961821246e-05
3085.34,1.9499574969024104e-05
3085.35,2.03718149761209e-05
3085.36,2.069202829809984e-05
3085.37,2.0382397940740844e-05
3085.38,1.9562312901669314e-05
3085.39,1.8469992771197666e-05
3085.4,1.7334538425198083e-05
3085.41,1.630592740884943e-05
3085.42,1.5453001300067868e-05
3085.43,1.47917686726909e-05
3085.44,1.4312313989543555e-05
3085.45,1.3995164667004291e-05
3085.46,1.381868981855964e-05
3085.47,1.3761202023541748e-05
3085.48,1.3800846153384625e-05
3085.49,1.3087218850584126e-05
3085.5,1.3259068321464759e-05
3085.51,1.34675232299772e-05
3085.52,1.3697305285634372e-05
3085.53,1.3928774264041484e-05
3085.54,1.4128120164971592e-05
3085.55,1.4246162547450157e-05
3085.56,1.4235805589310975e-05
3085.57,1.4082139040369108e-05
3085.58,1.3818056438470305e-05
3085.59,1.350922502378111e-05
3085.6,1.3223599482322075e-05
3085.61,1.3011049587280254e-05
3085.62,1.2899211663671109e-05
3085.63,1.2897894454879345e-05
3085.64,1.3003191846437473e-05
3085.65,1.3197455140368508e-05
3085.66,1.3445558495033773e-05
3085.67,1.3691676201048128e-05
3085.68,1.3864373999389726e-05
3085.69,1.3895984534542056e-05
3085.7,1.3751180521978189e-05
3085.71,1.3443888591586698e-05
3085.72,1.3027613288489111e-05
3085.73,1.2567463594459703e-05
3085.74,1.2116662429949904e-05
3085.75,1.1707547208131052e-05
3085.76,1.1354114417389644e-05
3085.77,1.1058471614170556e-05
3085.78,1.0816580058572041e-05
3085.79,1.0621998577476081e-05
3085.8,1.0467911149042456e-05
3085.81,1.034805711245365e-05
3085.82,1.0257061832628748e-05
3085.83,1.0190476990228596e-05
3085.84,1.0144698906892868e-05
3085.85,1.0116848497257372e-05
3085.86,1.0104650818458699e-05
3085.87,1.0106336323677148e-05
3085.88,1.0120525076492815e-05
3085.89,1.01462004648053e-05
3085.9,1.0182627244943585e-05
3085.91,1.0229318128616794e-05
3085.92,1.0286002391028494e-05
3085.93,1.0352601626184133e-05
3085.94,1.0429211388456211e-05
3085.95,1.0516074953137408e-05
3085.96,1.0613581350244167e-05
3085.97,1.0722253026045403e-05
3085.98,1.0842770748396908e-05
3085.99,1.0976051080704079e-05
3086.0,1.1123409742276963e-05
3086.01,1.1286822741162342e-05
3086.02,1.1469246408889913e-05
3086.03,1.1674891977548611e-05
3086.04,1.1906391578329882e-05
3086.05,1.2176126793199714e-05
3086.06,1.2487691372360121e-05
3086.07,1.2845253381500397e-05
3086.08,1.3246162032178807e-05
3086.09,1.36739449022117e-05
3086.1,1.4091101333943624e-05
3086.11,1.4439779336145299e-05
3086.12,1.4659867114938486e-05
3086.13,1.4721716857852498e-05
3086.14,1.4645979070411422e-05
3086.15,1.4489671192711739e-05
3086.16,1.4313395949245374e-05
3086.17,1.4159449992210076e-05
3086.18,1.40484239185122e-05
3086.19,1.3985729760038017e-05
3086.2,1.396894656755589e-05
3086.21,1.399270053427167e-05
3086.22,1.4051175867632907e-05
3086.23,1.4139161078969939e-05
3086.24,1.4252357420892494e-05
3086.25,1.4387369567140963e-05
3086.26,1.4541583961259906e-05
3086.27,1.4713025417835515e-05
3086.28,1.4900226333216683e-05
3086.29,1.5102118889726e-05
3086.3,1.531794979990629e-05
3086.31,1.5547214776919867e-05
3086.32,1.5789608720363884e-05
3086.33,1.6044988031980854e-05
3086.34,1.6313342473246815e-05
3086.35,1.659477396061944e-05
3086.36,1.688948087729065e-05
3086.37,1.7197746515981808e-05
3086.38,1.751993072234128e-05
3086.39,1.785646400720203e-05
3086.4,1.8207843766839865e-05
3086.41,1.8574631824141792e-05
3086.42,1.8957453543232015e-05
3086.43,1.935699790869038e-05
3086.44,1.9774018582354528e-05
3086.45,2.0209335806744214e-05
3086.46,2.0663839087061015e-05
3086.47,2.1138490610402774e-05
3086.48,2.1634329384886662e-05
3086.49,2.2152476099336554e-05
3086.5,2.2694138722399914e-05
3086.51,2.3260618873913238e-05
3086.52,2.3853319017144763e-05
3086.53,2.447375009527148e-05
3086.54,2.5123542323753064e-05
3086.55,2.5804452639248395e-05
3086.56,2.651837770981412e-05
3086.57,2.7267366031886765e-05
3086.58,2.8053631903545454e-05
3086.59,2.8879571004517892e-05
3086.6,2.974777777810165e-05
3086.61,3.066106484216431e-05
3086.62,3.16224846882742e-05
3086.63,3.263535397005927e-05
3086.64,3.3703280725200605e-05
3086.65,3.483019493162524e-05
3086.66,3.6020382857927664e-05
3086.67,3.727852574404235e-05
3086.68,3.8609743430569576e-05
3086.69,4.001964365919264e-05
3086.7,4.151437788171345e-05
3086.71,4.3100704559240164e-05
3086.72,4.478606109513514e-05
3086.73,4.65786457466408e-05
3086.74,4.848751108977094e-05
3086.75,5.0522670895351794e-05
3086.76,5.2695225919985684e-05
3086.77,5.501749129979465e-05
3086.78,5.750317828488259e-05
3086.79,6.0167534834414124e-05
3086.8,6.302769668878502e-05
3086.81,6.610273944931466e-05
3086.82,6.9414101335969e-05
3086.83,7.298588832780339e-05
3086.84,7.684526882014065e-05
3086.85,8.102293514723004e-05
3086.86,8.55536444701738e-05
3086.87,8.954199235853098e-05
3086.88,9.490597516696398e-05
3086.89,0.00010075857709488318
3086.9,0.00010715839830808842
3086.91,0.00011417263413111729
3086.92,0.00012187852588371174
3086.93,0.0001303650748104635
3086.94,0.00013973506413586336
3086.95,0.00015010747294649484
3086.96,0.0001616201233949341
3086.97,0.00017443312760511608
3086.98,0.00018873247093248612
3086.99,0.00020473424844223077
3087.0,0.0002226892785758386
3087.01,0.0002428879419178449
3087.02,0.0002656648531288155
3087.03,0.00029140262993639505
3087.04,0.00032053346301467273
3087.05,0.0003535363068751843
3087.06,0.00039092616856651355
3087.07,0.0004332300330508073
3087.08,0.00048094138834661374
3087.09,0.0005344423732125206
3087.1,0.0005938802991528518
3087.11,0.0006589863607334845
3087.12,0.0007288333580340009
3087.13,0.0008015544041863575
3087.14,0.0008740908893556204
3087.15,0.0009421013746062334
3087.16,0.001000209114768522
3087.17,0.001042726833253792
3087.18,0.0010648113576997606
3087.19,0.001063709482939902
3087.2,0.001039562149299688
3087.21,0.0009953616794913453
3087.22,0.000936084632975267
3087.23,0.0008674330635895362
3087.24,0.0007947101824232026
3087.25,0.0007221419877952274
3087.26,0.0006526685970060435
3087.27,0.0005880577724409373
3087.28,0.0005291637940951884
3087.29,0.00047620608282151436
3087.3,0.0004290115108398991
3087.31,0.0003871818178262466
3087.32,0.00035021771361633394
3087.33,0.0003175918232557549
3087.34,0.0002887917476471797
3087.35,0.00026334260118205223
3087.36,0.00024081679362515955
3087.37,0.00022083630267486764
3087.38,0.00020307083242509591
3087.39,0.00018723391137286373
3087.4,0.00017307818188292277
3087.41,0.00016039057037238146
3087.42,0.00014898770674502378
3087.43,0.00013871176577888428
3087.44,0.00012942679016246148
3087.45,0.0001210154928919144
3087.46,0.00011337650514629965
3087.47,0.00010642202348812862
3087.48,0.00010007581251596539
3087.49,9.427152734847788e-05
3087.5,8.895132190361605e-05
3087.51,8.406468035412564e-05
3087.52,7.956739666556566e-05
3087.53,7.542068078445083e-05
3087.54,7.159036831689983e-05
3087.55,6.804625873827101e-05
3087.56,6.476167588924549e-05
3087.57,6.171294550356507e-05
3087.58,5.887902828362139e-05
3087.59,5.624117885968419e-05
3087.6,5.378264200760988e-05
3087.61,5.148837698287399e-05
3087.62,4.921687372348381e-05
3087.63,4.7212124347199293e-05
3087.64,4.533431049254118e-05
3087.65,4.357281612755579e-05
3087.66,4.19176141436385e-05
3087.67,4.035915799357456e-05
3087.68,3.8888383875109107e-05
3087.69,3.7496848472453465e-05
3087.7,3.6176979007791116e-05
3087.71,3.4922346035150677e-05
3087.72,3.372782828478506e-05
3087.73,3.258957041199058e-05
3087.74,3.1504731079530954e-05
3087.75,3.0471125223005312e-05
3087.76,2.948688908059617e-05
3087.77,2.855025415105857e-05
3087.78,2.7659388482519856e-05
3087.79,2.6812382737001858e-05
3087.8,2.6007222200696106e-05
3087.81,2.5241833202908514e-05
3087.82,2.4514139350332186e-05
3087.83,2.3822114569983512e-05
3087.84,2.3163822718897618e-05
3087.85,2.2537442498032873e-05
3087.86,2.1941280595289586e-05
3087.87,2.1374727907510044e-05
3087.88,2.0834459200154956e-05
3087.89,2.032012289109673e-05
3087.9,1.9830542276436915e-05
3087.91,1.9364646249226804e-05
3087.92,1.8921447595950864e-05
3087.93,1.8500022126153935e-05
3087.94,1.8099533468546424e-05
3087.95,1.771931602908928e-05
3087.96,1.735892543880126e-05
3087.97,1.7018084828101417e-05
3087.98,1.669661302589901e-05
3087.99,1.639442720215358e-05
3088.0,1.6111526078600786e-05
3088.01,1.5848092439104926e-05
3088.02,1.598328057440925e-05
3088.03,1.5761314818576343e-05
3088.04,1.5560355459817844e-05
3088.05,1.5381205243908034e-05
3088.06,1.4561145872367335e-05
3088.07,1.4430409415748243e-05
3088.08,1.432325401940124e-05
3088.09,1.4239044566425635e-05
3088.1,1.4175735989400813e-05
3088.11,1.4129513916296728e-05
3088.12,1.4095063025195214e-05
3088.13,1.4066900130255572e-05
3088.14,1.4041704296178383e-05
3088.15,1.402051392119028e-05
3088.16,1.4009560560828879e-05
3088.17,1.4018920865725999e-05
3088.18,1.4060331369293942e-05
3088.19,1.4145406514734128e-05
3088.2,1.4285024231936862e-05
3088.21,1.4489690900600041e-05
3088.22,1.4770398122101949e-05
3088.23,1.513960875848857e-05
3088.24,1.561222285808963e-05
3088.25,1.620650413424779e-05
3088.26,1.6940458967821804e-05
3088.27,1.7850786091682145e-05
3088.28,1.8966302765751243e-05
3088.29,2.032610565235014e-05
3088.3,2.1973772716520823e-05
3088.31,2.3953151639258238e-05
3088.32,2.6298928499858133e-05
3088.33,2.9018399063336513e-05
3088.34,3.206110574389097e-05
3088.35,3.5277412013061954e-05
3088.36,3.8380308450827416e-05
3088.37,4.094617436343941e-05
3088.38,4.250008507404592e-05
3088.39,4.268474754643148e-05
3088.4,4.143192593695384e-05
3088.41,3.899695314953426e-05
3088.42,3.5830738792740114e-05
3088.43,3.2393275397373613e-05
3088.44,2.9030144634885203e-05
3088.45,2.5942588346307515e-05
3088.46,2.321534462713745e-05
3088.47,2.085959513405437e-05
3088.48,1.884841249907978e-05
3088.49,1.7139577222832544e-05
3088.5,1.5688094453183095e-05
3088.51,1.4452114130335614e-05
3088.52,1.3395166938394706e-05
3088.53,1.248655144700442e-05
3088.54,1.1700900148632148e-05
3088.55,1.1017453352475226e-05
3088.56,1.041929198385156e-05
3088.57,9.892635441270596e-06
3088.58,9.426239241957777e-06
3088.59,9.010894663405128e-06
3088.6,8.639018974568078e-06
3088.61,8.304325213879495e-06
3088.62,8.001560521129315e-06
3088.63,7.724873396399389e-06
3088.64,7.473415845226801e-06
3088.65,7.248359559426493e-06
3088.66,7.035532221637415e-06
3088.67,6.838419374125423e-06
3088.68,6.655131328308283e-06
3088.69,6.484228779203891e-06
3088.7,6.324022687383577e-06
3088.71,6.17441399490778e-06
3088.72,6.0340481807280265e-06
3088.73,5.902102019399366e-06
3088.74,5.777818259821224e-06
3088.75,5.660507509716209e-06
3088.76,5.54954927974449e-06
3088.77,5.44438948703687e-06
3088.78,5.3445353202537165e-06
3088.79,5.249548930503433e-06
3088.8,5.159040988150488e-06
3088.81,5.072664655505139e-06
3088.82,4.990110196763094e-06
3088.83,4.911100268822903e-06
3088.84,4.835385853538084e-06
3088.85,4.762742760830306e-06
3088.86,4.692968625545818e-06
3088.87,4.625880325884238e-06
3088.88,4.561311759851181e-06
3088.89,4.499111926143124e-06
3088.9,4.43914326482847e-06
3088.91,4.3812802210472086e-06
3088.92,4.325408000229077e-06
3088.93,4.2714214864687596e-06
3088.94,4.2192242967731465e-06
3088.95,4.168727945667532e-06
3088.96,4.119851098538762e-06
3088.97,4.072518898827551e-06
3088.98,4.024881908858188e-06
3088.99,3.980448148607396e-06
3089.0,3.937367479477517e-06
3089.01,3.8955855196595576e-06
3089.02,3.855051981497324e-06
3089.03,3.8157204244949435e-06
3089.04,3.7763908167581873e-06
3089.05,3.7393465021047304e-06
3089.06,3.703386703664027e-06
3089.07,3.668479438006981e-06
3089.08,3.634595604952655e-06
3089.09,3.6017109472538322e-06
3089.1,3.569802637544004e-06
3089.11,3.538851272738906e-06
3089.12,3.5088402623177203e-06
3089.13,3.479755839060683e-06
3089.14,3.451587126863296e-06
3089.15,3.4243263215724787e-06
3089.16,3.3979687720681833e-06
3089.17,3.3725132023730614e-06
3089.18,3.349917429133286e-06
3089.19,3.3262849792875716e-06
3089.2,3.303572353119311e-06
3089.21,3.2811893905577346e-06
3089.22,3.260362926762355e-06
3089.23,3.2405056258084613e-06
3089.24,3.2216384817774762e-06
3089.25,3.20378208197826e-06
3089.26,3.1869534100560405e-06
3089.27,3.171160786724866e-06
3089.28,3.156396089098466e-06
3089.29,3.1426234643458836e-06
3089.3,3.1297652221594556e-06
3089.31,3.1176903281237853e-06
3089.32,3.1062194401795115e-06
3089.33,3.095165964061817e-06
3089.34,3.0844159121563853e-06
3089.35,3.0740143690665836e-06
3089.36,3.0641934369847505e-06
3089.37,3.0553186983011563e-06
3089.38,3.0477950308188295e-06
3089.39,3.0419967229697507e-06
3089.4,3.038244514207423e-06
3089.41,3.036935679827791e-06
3089.42,3.038099796499636e-06
3089.43,3.0421274070295204e-06
3089.44,3.049321060490685e-06
3089.45,3.0600265903851387e-06
3089.46,3.0746430048021282e-06
3089.47,3.0936287115356018e-06
3089.48,3.1175034089348723e-06
3089.49,3.1468436479098817e-06
3089.5,3.182268254257376e-06
3089.51,3.22440748229633e-06
3089.52,3.2738468895096945e-06
3089.53,3.331033789503814e-06
3089.54,3.3961318875459726e-06
3089.55,3.468811006210626e-06
3089.56,3.547968691671198e-06
3089.57,3.631406260153521e-06
3089.58,3.715529868036006e-06
3089.59,3.7952133149784314e-06
3089.6,3.864013102372676e-06
3089.61,3.914902909036379e-06
3089.62,3.941525817758363e-06
3089.63,3.939663846565159e-06
3089.64,3.908368986934755e-06
3089.65,3.8502337972083105e-06
3089.66,3.7706670473060857e-06
3089.67,3.6765266076455487e-06
3089.68,3.5746950993318056e-06
3089.69,3.6942558907530824e-06
3089.7,3.594138839912723e-06
3089.71,3.49953783279714e-06
3089.72,3.4121002568821234e-06
3089.73,3.3325339183880972e-06
3089.74,3.2609147955266355e-06
3089.75,3.1969337637434485e-06
3089.76,3.1400755410273773e-06
3089.77,3.089737614295889e-06
3089.78,3.045304721255864e-06
3089.79,3.0061920297414595e-06
3089.8,2.97186786666595e-06
3089.81,2.94186374290026e-06
3089.82,2.9157769085434332e-06
3089.83,2.8932688193146113e-06
3089.84,2.874061637566547e-06
3089.85,2.857933878411436e-06
3089.86,2.84471624714007e-06
3089.87,2.8342875401524577e-06
3089.88,2.8265710519704904e-06
3089.89,2.821531261881723e-06
3089.9,2.8191705762884457e-06
3089.91,5.025515908815999e-06
3089.92,5.0359866301623505e-06
3089.93,5.049361026323617e-06
3089.94,5.065751979322248e-06
3089.95,5.085256913272748e-06
3089.96,5.107955085589908e-06
3089.97,5.1338710348902205e-06
3089.98,5.162930136041347e-06
3089.99,5.194899694039223e-06
3090.0,5.229316519183737e-06
3090.01,5.265407382991767e-06
3090.02,5.302017756650693e-06
3090.03,5.337576583337882e-06
3090.04,5.370137459197536e-06
3090.05,5.397540049764705e-06
3090.06,5.417709532015119e-06
3090.07,5.4290449759236736e-06
3090.08,5.430764163072504e-06
3090.09,5.4230630194657584e-06
3090.1,5.407035379273161e-06
3090.11,5.384411659092076e-06
3090.12,5.357220075862536e-06
3090.13,5.327471059484131e-06
3090.14,5.296928944719101e-06
3090.15,5.266991919631089e-06
3090.16,5.238665092692879e-06
3090.17,5.212601053582699e-06
3090.18,5.189161102677637e-06
3090.19,5.1684928710250245e-06
3090.2,5.150595914456443e-06
3090.21,5.135375470518571e-06
3090.22,5.122682638683163e-06
3090.23,5.112342776562037e-06
3090.24,5.104174292884832e-06
3090.25,5.0980005315036946e-06
3090.26,5.093656230170859e-06
3090.27,5.090989765738928e-06
3090.28,5.089861157568953e-06
3090.29,5.090145610384612e-06
3090.3,5.0917307109852625e-06
3090.31,5.094533076764565e-06
3090.32,5.098505555628728e-06
3090.33,5.103631226101637e-06
3090.34,5.109911497886014e-06
3090.35,5.117360920988008e-06
3090.36,5.126008423971477e-06
3090.37,5.135898171653146e-06
3090.38,5.147085383485221e-06
3090.39,5.159623294387507e-06
3090.4,5.173535349738984e-06
3090.41,5.188765709835061e-06
3090.42,5.205103728219327e-06
3090.43,5.2220919699625525e-06
3090.44,5.238962696422842e-06
3090.45,5.254688018282299e-06
3090.46,5.268178896236295e-06
3090.47,5.278853045534707e-06
3090.48,5.286677829338099e-06
3090.49,5.292341431285022e-06
3090.5,5.29687607608392e-06
3090.51,5.301278148955378e-06
3090.52,5.30627090148374e-06
3090.53,5.312272037947269e-06
3090.54,5.319455695479926e-06
3090.55,5.327844567099981e-06
3090.56,5.337382717276129e-06
3090.57,5.347981064199017e-06
3090.58,5.359540087768415e-06
3090.59,5.371956775151698e-06
3090.6,5.385122496048762e-06
3090.61,5.398918990604576e-06
3090.62,5.413220724941737e-06
3090.63,5.427908788319611e-06
3090.64,5.442894137835278e-06
3090.65,5.458137617061465e-06
3090.66,5.473656923756888e-06
3090.67,5.48951521969147e-06
3090.68,5.505797125275726e-06
3090.69,5.522584775571553e-06
3090.7,5.539946281406861e-06
3090.71,5.557936965062962e-06
3090.72,5.576607413087859e-06
3090.73,5.596012252417255e-06
3090.74,5.616216628993273e-06
3090.75,5.637299146126745e-06
3090.76,5.659349784581712e-06
3090.77,5.682459525140983e-06
3090.78,5.706695699060058e-06
3090.79,5.732347604825257e-06
3090.8,5.758680617993108e-06
3090.81,5.7855933687020775e-06
3090.82,5.812386812712651e-06
3090.83,5.838111785163339e-06
3090.84,5.861810436066082e-06
3090.85,5.8828795631476045e-06
3090.86,5.901319115508451e-06
3090.87,5.917707851436961e-06
3090.88,5.9329442385333844e-06
3090.89,5.947940681348556e-06
3090.9,5.9634059728972785e-06
3090.91,5.979775161750708e-06
3090.92,5.997245789159326e-06
3090.93,6.015856900108644e-06
3090.94,6.035562690009662e-06
3090.95,6.056283183693777e-06
3090.96,6.07793291905623e-06
3090.97,6.100432588206517e-06
3090.98,6.123720883445781e-06
3090.99,6.1477435704157135e-06
3091.0,6.172459165937519e-06
3091.01,6.1978354231953474e-06
3091.02,6.223847767252524e-06
3091.03,6.250476151402624e-06
3091.04,6.2776979397395465e-06
3091.05,6.305474832751064e-06
3091.06,6.3337334630202966e-06
3091.07,6.362342468472219e-06
3091.08,6.3914542780934126e-06
3091.09,6.4201130963610374e-06
3091.1,6.448452461545853e-06
3091.11,6.476386572602115e-06
3091.12,6.504017057779955e-06
3091.13,6.5315887691573276e-06
3091.14,6.559388761979784e-06
3091.15,6.58763893009567e-06
3091.16,6.6177470174952305e-06
3091.17,6.647297657908286e-06
3091.18,6.677573692761781e-06
3091.19,6.709074564068491e-06
3091.2,6.740844594972393e-06
3091.21,6.773376903299228e-06
3091.22,6.806693183272584e-06
3091.23,6.8408269921245e-06
3091.24,6.875824980219439e-06
3091.25,6.911746314652389e-06
3091.26,6.9486590901635135e-06
3091.27,6.98663126502468e-06
3091.28,7.025712483274113e-06
3091.29,7.06590420494916e-06
3091.3,7.107120311396167e-06
3091.31,7.149158591409085e-06
3091.32,7.191722444341022e-06
3091.33,7.234527523692742e-06
3091.34,7.277457722156339e-06
3091.35,7.320656829042623e-06
3091.36,7.364421306632746e-06
3091.37,7.40893282546145e-06
3091.38,7.4539825452589064e-06
3091.39,7.498836881212211e-06
3091.4,7.542370476454172e-06
3091.41,7.583495327332453e-06
3091.42,7.621720109970748e-06
3091.43,7.65760565619429e-06
3091.44,7.691894770048349e-06
3091.45,7.726001548737342e-06
3091.46,7.760939077633472e-06
3091.47,7.797335234652873e-06
3091.48,7.835483818958218e-06
3091.49,7.875463023995943e-06
3091.5,7.917241416777122e-06
3091.51,7.960748558583107e-06
3091.52,8.005914917508139e-06
3091.53,8.052691960714308e-06
3091.54,8.10106138534279e-06
3091.55,8.151039090630937e-06
3091.56,8.202676767014009e-06
3091.57,8.256061989764012e-06
3091.58,8.311315992830019e-06
3091.59,8.368586285406266e-06
3091.6,8.428028414678023e-06
3091.61,8.489767295499357e-06
3091.62,8.55382490843818e-06
3091.63,8.62000309065709e-06
3091.64,8.687729873631041e-06
3091.65,8.755930449787155e-06
3091.66,8.823058432884237e-06
3091.67,8.88742572971863e-06
3091.68,8.947808830133984e-06
3091.69,9.003992377182122e-06
3091.7,9.056870364840734e-06
3091.71,9.10802983830086e-06
3091.72,9.159154360619642e-06
3091.73,9.211586612793118e-06
3091.74,9.266181294890815e-06
3091.75,9.323367275181334e-06
3091.76,9.383288522703057e-06
3091.77,9.445935654326461e-06
3091.78,9.51123747798555e-06
3091.79,9.579114149664179e-06
3091.8,9.977802487085109e-06
3091.81,1.005195836801528e-05
3091.82,1.0128604782967548e-05
3091.83,1.02077781033896e-05
3091.84,1.0275325947918362e-05
3091.85,1.0359879543892429e-05
3091.86,1.0447269573491073e-05
3091.87,1.0537663822532353e-05
3091.88,1.0631260224990887e-05
3091.89,1.0728279691117146e-05
3091.9,1.0828975236529042e-05
3091.91,1.0508355435212705e-05
3091.92,1.0618644981184257e-05
3091.93,1.0733558435744414e-05
3091.94,1.0852893182929584e-05
3091.95,1.0976557705793124e-05
3091.96,1.1104196562976959e-05
3091.97,1.123510343727734e-05
3091.98,1.1368172250332308e-05
3091.99,1.150194158768735e-05
3092.0,1.163478595199915e-05
3092.01,1.176526292086507e-05
3092.02,1.189253577485912e-05
3092.03,1.201670966845486e-05
3092.04,1.2138920120462162e-05
3092.05,1.2261145167183389e-05
3092.06,1.2385810617680735e-05
3092.07,1.2515412171219294e-05
3092.08,1.2652250201579117e-05
3092.09,1.2798329262565928e-05
3092.1,1.2955384975630718e-05
3092.11,1.312497952223987e-05
3092.12,1.3308616592043545e-05
3092.13,1.350784601638265e-05
3092.14,1.3724343219012247e-05
3092.15,1.3959955024337805e-05
3092.16,1.4216702173604413e-05
3092.17,1.4496722060776669e-05
3092.18,1.4802124669876588e-05
3092.19,1.5134723613770464e-05
3092.2,1.5495599779839594e-05
3092.21,1.5884472969140536e-05
3092.22,1.6298923753835525e-05
3092.23,1.6733653296987878e-05
3092.24,1.7180189605802923e-05
3092.25,1.762763680126503e-05
3092.26,1.806496255800035e-05
3092.27,1.848466960953057e-05
3092.28,1.8886655631925793e-05
3092.29,1.9292818441479446e-05
3092.3,1.9697055748907838e-05
3092.31,2.0136320500432588e-05
3092.32,2.0637542026778383e-05
3092.33,2.1226786258998064e-05
3092.34,2.1927110442338175e-05
3092.35,2.2756705375756496e-05
3092.36,2.372605574908706e-05
3092.37,2.483281543456753e-05
3092.38,2.6053640293604774e-05
3092.39,2.733384077964996e-05
3092.4,2.8579057789300264e-05
3092.41,2.965754446266768e-05
3092.42,3.042272364754289e-05
3092.43,3.0756740208729944e-05
3092.44,3.0615242659230326e-05
3092.45,3.004821332231111e-05
3092.46,2.917592519055247e-05
3092.47,2.8143247127776086e-05
3092.48,2.7077472508711616e-05
3092.49,2.6067830883212398e-05
3092.5,2.5164739134638875e-05
3092.51,2.438895312963338e-05
3092.52,2.3742410436162735e-05
3092.53,2.3216907610377993e-05
3092.54,2.2799839182148853e-05
3092.55,2.2477527375148626e-05
3092.56,2.2236936543621282e-05
3092.57,2.206642226495971e-05
3092.58,2.195595310547071e-05
3092.59,2.189706946500447e-05
3092.6,2.1882727900428278e-05
3092.61,2.190710910110506e-05
3092.62,2.1965427753099628e-05
3092.63,2.2053761087488185e-05
3092.64,2.2168901311524596e-05
3092.65,2.2308232532447017e-05
3092.66,2.2469629669715448e-05
3092.67,2.2651376547009668e-05
3092.68,2.2852100170165217e-05
3092.69,2.30707185134946e-05
3092.7,2.3306399566141865e-05
3092.71,2.355852967374739e-05
3092.72,2.3826689636577132e-05
3092.73,2.411063696880541e-05
3092.74,2.4410292626851998e-05
3092.75,2.4725729585975654e-05
3092.76,2.5057160426718124e-05
3092.77,2.54049137327943e-05
3092.78,2.5769226138021442e-05
3092.79,2.6150814027395545e-05
3092.8,2.6549727507316365e-05
3092.81,2.696575688760958e-05
3092.82,2.73979248362882e-05
3092.83,2.7844220402522055e-05
3092.84,2.830159535914843e-05
3092.85,2.8766717926750914e-05
3092.86,2.9237331110793905e-05
3092.87,2.971358458924329e-05
3092.88,3.0198243126658086e-05
3092.89,3.0695630590445905e-05
3092.9,3.1210151677812475e-05
3092.91,3.174534489294165e-05
3092.92,3.230365949906853e-05
3092.93,3.288668810246168e-05
3092.94,3.349551129575699e-05
3092.95,3.413098271557676e-05
3092.96,3.4793914976571956e-05
3092.97,3.548518489862107e-05
3092.98,3.620578716238372e-05
3092.99,3.6956859530009596e-05
3093.0,3.773969472611069e-05
3093.01,3.8555747134421204e-05
3093.02,3.940663955359978e-05
3093.03,4.029417161485878e-05
3093.04,4.122032850610028e-05
3093.05,4.2188868974504546e-05
3093.06,4.3198952873551075e-05
3093.07,4.425453864495904e-05
3093.08,4.535787454739716e-05
3093.09,4.651107123376468e-05
3093.1,4.771668144327066e-05
3093.11,4.897837573780819e-05
3093.12,5.030065923724116e-05
3093.13,5.168815176750179e-05
3093.14,5.314542395575341e-05
3093.15,5.4677202243959236e-05
3093.16,5.62885673805407e-05
3093.17,5.7985063178715116e-05
3093.18,5.97727621089572e-05
3093.19,6.165831965952374e-05
3093.2,6.364903192705787e-05
3093.21,6.575290133075981e-05
3093.22,6.797871233573919e-05
3093.23,7.033611839655577e-05
3093.24,7.283574046402593e-05
3093.25,7.548928411847535e-05
3093.26,7.830966339430996e-05
3093.27,8.131115198218028e-05
3093.28,8.450955065229644e-05
3093.29,8.792237957319527e-05
3093.3,9.156909827778527e-05
3093.31,9.54713575494903e-05
3093.32,9.965328820346473e-05
3093.33,0.00010414183251614808
3093.34,0.00010896712495845845
3093.35,0.00011416292987035728
3093.36,0.00011976714481622475
3093.37,0.00012582237950653296
3093.38,0.00013237662136686955
3093.39,0.0001394839966600155
3093.4,0.00014720565989930132
3093.41,0.00015561077586221387
3093.42,0.00016477767289590657
3093.43,0.00017479512930475868
3093.44,0.00018576381916061445
3093.45,0.00019779791223275235
3093.46,0.00021102681076837177
3093.47,0.00022559697954696405
3093.48,0.00024167378086747157
3093.49,0.0002594431487682277
3093.5,0.00027911279957711235
3093.51,0.00030091242470485193
3093.52,0.00032509185129987945
3093.53,0.00035191538893589907
3093.54,0.0003816496927650879
3093.55,0.00041454349179233946
3093.56,0.00045080212488169
3093.57,0.0004905685366803001
3093.58,0.0005339083282697052
3093.59,0.0005807630315304541
3093.6,0.0006308466406659303
3093.61,0.0006835169831970092
3093.62,0.0007376630162662377
3093.63,0.0007916278376179789
3093.64,0.0008431912921054796
3093.65,0.0008896548282208666
3093.66,0.0009280678581307024
3093.67,0.0009556002843407271
3093.68,0.0009700038283196773
3093.69,0.0009700423320034415
3093.7,0.0009557495984497712
3093.71,0.0009284199180380749
3093.72,0.000890335193109859
3093.73,0.0008443287739384055
3093.74,0.0007933275508264292
3093.75,0.0007399893367479207
3093.76,0.0006864907814036375
3093.77,0.0006344595928517226
3093.78,0.0005850063236840048
3093.79,0.0005388038140978223
3093.8,0.0004961793836618678
3093.81,0.0004572067958279588
3093.82,0.0004217938259464145
3093.83,0.0003897560927035987
3093.84,0.00036086390810043714
3093.85,0.0003348647753664093
3093.86,0.0003114971410924082
3093.87,0.00029050306732382025
3093.88,0.00027163794947859674
3093.89,0.0002546761604709497
3093.9,0.00023941325241873861
3093.91,0.00022566608321515484
3093.92,0.00021327178084841375
3093.93,0.00020208619033694667
3093.94,0.00019198211517432043
3093.95,0.00018284754852388013
3093.96,0.00017458396929342736
3093.97,0.00016710478812898601
3093.98,0.00016033392287594455
3093.99,0.00015420454160522984
3094.0,0.00014865794790614874
3094.01,0.00014364260480292086
3094.02,0.00013959194191859068
3094.03,0.00013551065210207891
3094.04,0.00013184102574584383
3094.05,0.0001285527295074018
3094.06,0.00012561935957290524
3094.07,0.00012301803114793075
3094.08,0.00012072904361923415
3094.09,0.00011873559753809987
3094.1,0.00011703935646485857
3094.11,0.00011559714143901527
3094.12,0.0001144153549710879
3094.13,0.00011348688685438922
3094.14,0.00011280676682806847
3094.15,0.00011237210151334164
3094.16,0.00011218215160820832
3094.17,0.00011223823205917658
3094.18,0.00011254386067723175
3094.19,0.00011310483903903659
3094.2,0.00011392939641530878
3094.21,0.00011502837002215571
3094.22,0.00011641548626437164
3094.23,0.00011810760239251085
3094.24,0.00012012511436116951
3094.25,0.00012249239344082967
3094.26,0.00012523832349181174
3094.27,0.00012839694286137136
3094.28,0.00013200820990817922
3094.29,0.00013611890823434265
3094.3,0.00014078371461001814
3094.31,0.0001460664475816678
3094.32,0.00015204151760134737
3094.33,0.0001587955882425427
3094.34,0.00016642944628908588
3094.35,0.00017506004981268072
3094.36,0.00018482267430018707
3094.37,0.00019587299308968724
3094.38,0.0002083887900005913
3094.39,0.00022257078014054887
3094.4,0.0002386416677879145
3094.41,0.00025684206701514535
3094.42,0.00027742102704092785
3094.43,0.000300618288215947
3094.44,0.00032663354171877894
3094.45,0.0003555776038710695
3094.46,0.0003873997583573893
3094.47,0.0004217883528776356
3094.48,0.00045804913226302196
3094.49,0.0004949816850636627
3094.5,0.0005307985006843089
3094.51,0.0005631552904671591
3094.52,0.0005901932133498547
3094.53,0.0006076709811332837
3094.54,0.0006144643431220317
3094.55,0.0006097843732843872
3094.56,0.0005942215889087867
3094.57,0.0005695776323932084
3094.58,0.0005383888043834247
3094.59,0.0005033572314155558
3094.6,0.0004668948869098073
3094.61,0.00043087621455499217
3094.62,0.000396584182278405
3094.63,0.00036477957612603335
3094.64,0.00033582172865062316
3094.65,0.0003097922265110185
3094.66,0.00028659817052038893
3094.67,0.00026604864923951616
3094.68,0.00024790675922711525
3094.69,0.00023192262652937034
3094.7,0.00021785276522980846
3094.71,0.00020547053724224618
3094.72,0.00019457085464084348
3094.73,0.00018497147503397537
3094.74,0.0001765123661815763
3094.75,0.0001690540750551995
3094.76,0.00016247566744626626
3094.77,0.00015667253093697484
3094.78,0.0001515544352767085
3094.79,0.00014704340382472474
3094.8,0.0001430721478014242
3094.81,0.00013958253047801768
3094.82,0.0001365242709887874
3094.83,0.0001338538275765584
3094.84,0.0001315334443692703
3094.85,0.00012953033889187402
3094.86,0.00012781601104300917
3094.87,0.00012636564994919635
3094.88,0.00012515765875420993
3094.89,0.00012417319487995223
3094.9,0.00012339583304351792
3094.91,0.0001228112521323563
3094.92,0.0001224069733651146
3094.93,0.00012217213684237598
3094.94,0.00012209731064672725
3094.95,0.00012217432758940017
3094.96,0.00012239614669143673
3094.97,0.00012275672840300533
3094.98,0.00012325094065251564
3094.99,0.00012387446423988097
3095.0,0.00012462372471021518
3095.01,0.00012549581154137286
3095.02,0.0001264884476533083
3095.03,0.00012759992745810028
3095.04,0.00012882908169068114
3095.05,0.00013017524670598223
3095.06,0.00013163823090419805
3095.07,0.00013321829794622414
3095.08,0.00013491616380520788
3095.09,0.00013673322469593202
3095.1,0.00013867047635750094
3095.11,0.00014073017189744242
3095.12,0.00014291501785573948
3095.13,0.0001452270876405906
3095.14,0.00014766992328914632
3095.15,0.00015024713769638362
3095.16,0.00015296277554779407
3095.17,0.0001558213266184316
3095.18,0.0001588277421366461
3095.19,0.00016198745430189858
3095.2,0.00016530639907503018
3095.21,0.00016879104240582048
3095.22,0.0001724484100931278
3095.23,0.00017628612152395965
3095.24,0.0001803124275724088
3095.25,0.0001845362529979513
3095.26,0.0001889672437244659
3095.27,0.00019361581944908818
3095.28,0.0001984932320882454
3095.29,0.00020361163063915488
3095.3,0.0002089841331232516
3095.31,0.00021462490635603114
3095.32,0.0002205492544041746
3095.33,0.00022677371671935134
3095.34,0.00023331617688371177
3095.35,0.0002401959836318958
3095.36,0.00024743408499411596
3095.37,0.0002550531775639294
3095.38,0.0002630778725067462
3095.39,0.00027153488031649736
3095.4,0.0002804532165950071
3095.41,0.00028986443157690136
3095.42,0.0002998038450342477
3095.43,0.00031030693410301737
3095.44,0.0003214154964892035
3095.45,0.0003331741375684528
3095.46,0.0003456316476709461
3095.47,0.000358841458224333
3095.48,0.0003728621543539437
3095.49,0.00038775805614103603
3095.5,0.00040359987810493
3095.51,0.0004204654763292908
3095.52,0.0004384406945460115
3095.53,0.0004576203232112144
3095.54,0.0004781091879223131
3095.55,0.0005000233863511212
3095.56,0.0005234916951967656
3095.57,0.0005486571719071604
3095.58,0.0005756789791136574
3095.59,0.000604734463395015
3095.6,0.000636021523689206
3095.61,0.0006697613085221474
3095.62,0.00070620128461864
3095.63,0.0007456184812128075
3095.64,0.0007883244035764535
3095.65,0.0008346680408631291
3095.66,0.0008850418364215863
3095.67,0.0009398870229579037
3095.68,0.000999699772514731
3095.69,0.0010650378823882727
3095.7,0.0011365278885294284
3095.71,0.001214872396721386
3095.72,0.0013008572614857043
3095.73,0.0013953580045749142
3095.74,0.0014993445139096279
3095.75,0.0016138825570595503
3095.76,0.0017401299245428322
3095.77,0.0018793240238693765
3095.78,0.0020327564103349853
3095.79,0.0022017280258982445
3095.8,0.0023874768533075023
3095.81,0.0025910674838369677
3095.82,0.0028132302530911608
3095.83,0.003054137201935887
3095.84,0.0033131050658487433
3095.85,0.003588224718960586
3095.86,0.003875935740029104
3095.87,0.004170597306569708
3095.88,0.00446415220006633
3095.89,0.004746030184646797
3095.9,0.00500346775573343
3095.91,0.0052223954479111295
3095.92,0.005388927836830002
3095.93,0.005491282426641765
3095.94,0.005521719092849769
3095.95,0.005477958567855808
3095.96,0.005363622100074908
3095.97,0.005187542540300271
3095.98,0.004962170408320118
3095.99,0.004701579593512349
3096.0,0.004419593116683111
3096.01,0.00412839727715209
3096.02,0.0038377798669931803
3096.03,0.0035549447421503715
3096.04,0.0032847527009375824
3096.05,0.003030191992622458
3096.06,0.0027928895587949988
3096.07,0.0025735183589833603
3096.08,0.0023720659341419786
3096.09,0.0021880147939013802
3096.1,0.0020204854228105047
3096.11,0.0018683669538945194
3096.12,0.0017304309522477115
3096.13,0.0016054196900397552
3096.14,0.0014921068271748763
3096.15,0.0013893343899225947
3096.16,0.001296032160586554
3096.17,0.0012112252299240037
3096.18,0.0011340341530089908
3096.19,0.0010636708046422444
3096.2,0.0009994319658810404
3096.21,0.0009406919193518774
3096.22,0.0008868889293133625
3096.23,0.0008375414715783104
3096.24,0.0007922058400541064
3096.25,0.0007504934881338083
3096.26,0.0007120593967790671
3096.27,0.0006765969752121772
3096.28,0.0006438335424970562
3096.29,0.000613526340096112
3096.3,0.0005854590218749256
3096.31,0.0005594385664140589
3096.32,0.0005352925567841434
3096.33,0.0005128666582922319
3096.34,0.0004920229371051032
3096.35,0.0004726372275804114
3096.36,0.00045459782164108194
3096.37,0.00043780369182938714
3096.38,0.00042216291489644307
3096.39,0.0004075911756789945
3096.4,0.0003940103962582198
3096.41,0.00038134760621184134
3096.42,0.00036953424460085794
3096.43,0.0003585061160741863
3096.44,0.00034820414030787276
3096.45,0.00033857578889740403
3096.46,0.0003295767559678024
3096.47,0.00032117216051377186
3096.48,0.0003133366607015486
3096.49,0.00030605330798700735
3096.5,0.0002993115245235332
3096.51,0.00029310489954301156
3096.52,0.00028742942529805124
3096.53,0.0002822824722969347
3096.54,0.0002776624806929807
3096.55,0.0002735691666302392
3096.56,0.0002700040146476294
3096.57,0.00026697088362332826
3096.58,0.00026447662964467226
3096.59,0.0002625317102287981
3096.6,0.00026115077212546635
3096.61,0.0002603532437170142
3096.62,0.0002601639601384629
3096.63,0.0002606138510453755
3096.64,0.00026174072157635655
3096.65,0.00026359015841727785
3096.66,0.0002662165884319351
3096.67,0.00026968450697499266
3096.68,0.00027406989245627554
3096.69,0.000279461834121425
3096.7,0.0002859643937137349
3096.71,0.0002936977612416951
3096.72,0.00030280802150734935
3096.73,0.0003134490372982103
3096.74,0.00032581087565476685
3096.75,0.00034010579373561494
3096.76,0.00035657423200919454
3096.77,0.0003754833473881234
3096.78,0.00039712425006118986
3096.79,0.0004218045646328641
3096.8,0.00044983317839266415
3096.81,0.00048149390405321466
3096.82,0.0005170029082696875
3096.83,0.0005564441110644165
3096.84,0.0005996773290101515
3096.85,0.0006462176282151986
3096.86,0.0006950937121562571
3096.87,0.0007447105527461411
3096.88,0.0007927662107482081
3096.89,0.0008362962413789273
3096.9,0.0008719207985956961
3096.91,0.0008963232673785798
3096.92,0.0009068869157317187
3096.93,0.0009022986303895926
3096.94,0.0008828825414999061
3096.95,0.0008505152352006628
3096.96,0.0008081612639373568
3096.97,0.0007592282766903017
3096.98,0.0007069751046125052
3096.99,0.0006541212069540297
3097.0,0.0006026857314005719
3097.01,0.0005540022858562887
3097.02,0.0005088306736639799
3097.03,0.0004675002971510719
3097.04,0.00043004575510054355
3097.05,0.00039631727923808186
3097.06,0.0003660620111163022
3097.07,0.0003389789951740063
3097.08,0.0003147539896582191
3097.09,0.0002930804382507848
3097.1,0.0002736713230389202
3097.11,0.0002562649899483334
3097.12,0.00024062713703200023
3097.13,0.00022655050304011822
3097.14,0.00021385330452545616
3097.15,0.00020237709052872048
3097.16,0.00019198442454534853
3097.17,0.00018255663500570354
3097.18,0.00017399178141115984
3097.19,0.00016620289280158595
3097.2,0.0001591165439530886
3097.21,0.0001526717577088666
3097.22,0.00014681918165788935
3097.23,0.00014152025298530302
3097.24,0.00013674533224841478
3097.25,0.0001324675884107798
3097.26,0.000128645376469696
3097.27,0.0001251821067146521
3097.28,0.0001218805229922467
3097.29,0.0001184870970837913
3097.3,0.00011488247484456989
3097.31,0.00011117347508046905
3097.32,0.00010753275719547518
3097.33,0.00010405802979851259
3097.34,0.00010077680488081583
3097.35,9.76890746939968e-05
3097.36,9.478850701365995e-05
3097.37,9.206729268726071e-05
3097.38,8.951629133364383e-05
3097.39,8.712497888574776e-05
3097.4,8.488191555651575e-05
3097.41,8.277541071304946e-05
3097.42,8.079409470089642e-05
3097.43,7.892729496553308e-05
3097.44,7.716522822235693e-05
3097.45,7.549905950586656e-05
3097.46,7.392087919052779e-05
3097.47,7.242363649930119e-05
3097.48,7.10010546124451e-05
3097.49,6.964754215222885e-05
3097.5,6.835810889181971e-05
3097.51,6.712828929766608e-05
3097.52,6.595407508743033e-05
3097.53,6.483185670263187e-05
3097.54,6.375837298212677e-05
3097.55,6.273066808529161e-05
3097.56,6.174605468109716e-05
3097.57,6.080208247607846e-05
3097.58,5.989651127397542e-05
3097.59,5.902728782766435e-05
3097.6,5.819252592602255e-05
3097.61,5.739048918272146e-05
3097.62,5.661957599767794e-05
3097.63,5.5878307099280944e-05
3097.64,5.5165313492555155e-05
3097.65,5.447932710196786e-05
3097.66,5.381917202433515e-05
3097.67,5.3183756992934044e-05
3097.68,5.2572068801948016e-05
3097.69,5.1983166591477856e-05
3097.7,5.141617691922741e-05
3097.71,5.0870289565658004e-05
3097.72,5.034475404334994e-05
3097.73,4.9838876802773005e-05
3097.74,4.935201915384002e-05
3097.75,4.888359595072608e-05
3097.76,4.8433075982953696e-05
3097.77,4.799997906265389e-05
3097.78,4.758388281345515e-05
3097.79,4.7184422360028835e-05
3097.8,4.680129602589678e-05
3097.81,4.643427244993595e-05
3097.82,4.608320043465615e-05
3097.83,4.5748022402893156e-05
3097.84,4.542879214538969e-05
3097.85,4.512569758866124e-05
3097.86,4.483908941816174e-05
3097.87,4.456951368684731e-05
3097.88,4.431774665757749e-05
3097.89,4.408482173028538e-05
3097.9,4.387202720581614e-05
3097.91,4.368082396369473e-05
3097.92,4.351256658500607e-05
3097.93,4.33677998242784e-05
3097.94,4.324481751254925e-05
3097.95,4.313740908469988e-05
3097.96,4.30328029004093e-05
3097.97,4.2912648902047416e-05
3097.98,4.2759711649689795e-05
3097.99,4.2567891038225145e-05
3098.0,4.234635378644908e-05
3098.01,4.211331791148471e-05
3098.02,4.188609220754861e-05
3098.03,4.167575274059797e-05
3098.04,4.148709635675138e-05
3098.05,4.132088737307771e-05
3098.06,4.117595903429129e-05
3098.07,4.1050505010124446e-05
3098.08,4.094270668633148e-05
3098.09,4.085097638308304e-05
3098.1,4.077401603086783e-05
3098.11,4.071080017021287e-05
3098.12,4.0660534787410204e-05
3098.13,4.0622613799660484e-05
3098.14,4.0596580774785145e-05
3098.15,4.058209804435589e-05
3098.16,4.057892255346034e-05
3098.17,4.058688741195266e-05
3098.18,4.0603953220578944e-05
3098.19,4.063394503400887e-05
3098.2,4.0674910500346685e-05
3098.21,4.07268787017812e-05
3098.22,4.0789912580649346e-05
3098.23,4.0864105893700384e-05
3098.24,4.094958110955951e-05
3098.25,4.104648805783424e-05
3098.26,4.115500318947246e-05
3098.27,4.127532934735049e-05
3098.28,4.140769597614575e-05
3098.29,4.15523597240362e-05
3098.3,4.170960540763231e-05
3098.31,4.187974732637103e-05
3098.32,4.2063130925777686e-05
3098.33,4.226013481983167e-05
3098.34,4.247117302248703e-05
3098.35,4.2696698447271826e-05
3098.36,4.2937205144072335e-05
3098.37,4.3193232760345494e-05
3098.38,4.3465370713748115e-05
3098.39,4.375426318818127e-05
3098.4,4.4060614877092406e-05
3098.41,4.438519758815134e-05
3098.42,4.472885782739411e-05
3098.43,4.509252563468003e-05
3098.44,4.547722458133073e-05
3098.45,4.588408351579148e-05
3098.46,4.631435000938769e-05
3098.47,4.676940582830079e-05
3098.48,4.725078458933524e-05
3098.49,4.7760192891361355e-05
3098.5,4.829953537408689e-05
3098.51,4.887094504903693e-05
3098.52,4.947681677119274e-05
3098.53,5.011984779019202e-05
3098.54,5.0803088124056536e-05
3098.55,5.153000023467535e-05
3098.56,5.2304527579985456e-05
3098.57,5.313117221127467e-05
3098.58,5.401508428236805e-05
3098.59,5.4962166791156665e-05
3098.6,5.597919847467917e-05
3098.61,5.70739758728278e-05
3098.62,5.825547351096413e-05
3098.63,5.9534018435158175e-05
3098.64,6.0921470694545056e-05
3098.65,6.243139316897696e-05
3098.66,6.407918024557311e-05
3098.67,6.588209227418213e-05
3098.68,6.78591073365244e-05
3098.69,7.003044861267434e-05
3098.7,7.241656991483533e-05
3098.71,7.503628377843644e-05
3098.72,7.790360994632621e-05
3098.73,8.102285418589659e-05
3098.74,8.438150755155165e-05
3098.75,8.794098570621845e-05
3098.76,9.162628289424092e-05
3098.77,9.531747880099395e-05
3098.78,9.884835763010184e-05
3098.79,0.000102018684521672
3098.8,0.00010462430819282175
3098.81,0.00010650140570073774
3098.82,0.00010757052447990527
3098.83,0.00010786079353155103
3098.84,0.0001075019294219298
3098.85,0.00010668823918057722
3098.86,0.00010563213996691655
3098.87,0.00010452556983610715
3098.88,0.00010351860340295483
3098.89,0.00010271453418458982
3098.9,0.00010217548496947115
3098.91,0.00010193233680010372
3098.92,0.00010199482367407752
3098.93,0.00010235984525465674
3098.94,0.00010301752480055767
3098.95,0.00010395525979065584
3098.96,0.00010516024415381415
3098.97,0.00010662093081118669
3098.98,0.00010832780729256526
3098.99,0.00011027375100708224
3099.0,0.00011245414267076579
3099.01,0.00011486685198298005
3099.02,0.00011751216592477092
3099.03,0.00012039270199267067
3099.04,0.00012351333175604238
3099.05,0.00012688113032826562
3099.06,0.00013050536091298334
3099.07,0.00013439749776222949
3099.08,0.0001385712860168248
3099.09,0.00014304283302593858
3099.1,0.00014783073137246546
3099.11,0.0001529562185447536
3099.12,0.00015844338195565049
3099.13,0.0001643194171972882
3099.14,0.00017061494470135548
3099.15,0.00017736438940280804
3099.16,0.0001846064294706846
3099.17,0.00019238452271101497
3099.18,0.00020074656797346084
3099.19,0.00020974944989974716
3099.2,0.00021945412401239603
3099.21,0.00022993044359766974
3099.22,0.00024125734150842704
3099.23,0.0002535241700949356
3099.24,0.0002668322684044713
3099.25,0.00028129679541901147
3099.26,0.0002970488738965896
3099.27,0.00031423809528485227
3099.28,0.00033303544147188734
3099.29,0.00035363668314147893
3099.3,0.00037626631654951646
3099.31,0.000401182100113166
3099.32,0.0004286802481643518
3099.33,0.00045910132289335876
3099.34,0.0004928368094311726
3099.35,0.0005303362089137575
3099.36,0.0005721142276134583
3099.37,0.0006183811323811803
3099.38,0.0006705531789947379
3099.39,0.0007289925131295818
3099.4,0.0007945093371558958
3099.41,0.000867966102146551
3099.42,0.0009500188635689253
3099.43,0.0010419311171518922
3099.44,0.001144130936859416
3099.45,0.0012569135653867074
3099.46,0.0013799526972960844
3099.47,0.0015119430809110242
3099.48,0.0016501899431529974
3099.49,0.0017902516272347846
3099.5,0.0019258148651167064
3099.51,0.0020489644815370306
3099.52,0.002150936073691827
3099.53,0.0022233908991491007
3099.54,0.0022600688726185643
3099.55,0.002258338839276705
3099.56,0.002219970451587987
3099.57,0.0021507368079383337
3099.58,0.0020590249896323943
3099.59,0.0019540641431989836
3099.6,0.0018444081357320706
3099.61,0.0017370217606964497
3099.62,0.0016369831032952416
3099.63,0.0015476172733836307
3099.64,0.0014708401870003522
3099.65,0.0014075454031921366
3099.66,0.001357940863504758
3099.67,0.0013217991535420756
3099.68,0.001298617210687971
3099.69,0.00128769510406608
3099.7,0.0012881469650438463
3099.71,0.001298857023749305
3099.72,0.0013183947007011376
3099.73,0.0013449069908391246
3099.74,0.001376016672131399
3099.75,0.0014087673972748046
3099.76,0.0014396679395314205
3099.77,0.0014648852668815709
3099.78,0.0014806077628141806
3099.79,0.0014835414151066863
3099.8,0.001471429878008126
3099.81,0.001443443133918146
3099.82,0.0014002987433429587
3099.83,0.0013440570506183397
3099.84,0.0012777323984327572
3099.85,0.0012046838661730875
3099.86,0.0011281795911414758
3099.87,0.0010510466685449073
3099.88,0.0009755035023051473
3099.89,0.0009031335361016713
3099.9,0.0008349499465653729
3099.91,0.0007715032258689048
3099.92,0.0007129971105396512
3099.93,0.0006593931694912031
3099.94,0.0006104958077594409
3099.95,0.0005660165197501929
3099.96,0.0005256197687534672
3099.97,0.0004889541287959505
3099.98,0.000455672347417804
3099.99,0.00042544346826113366
3100.0,0.00039795948152981274
