nu_cm-1,alpha_cm-1_at_x=0.045
2950.0,6.646180429927719e-10
2950.01,7.570585240262733e-10
2950.02,8.67559673879899e-10
2950.03,9.998020580517139e-10
2950.04,1.157625150991763e-09
2950.05,1.3443417863865515e-09
2950.06,1.5615139751838166e-09
2950.07,1.8072489503494917e-09
2950.08,2.07437591817027e-09
2950.09,2.348710081722015e-09
2950.1,2.6070274443170573e-09
2950.11,2.8157563962523125e-09
2950.12,2.935487113219515e-09
2950.13,2.9355613595056636e-09
2950.14,2.8114968094156074e-09
2950.15,2.5894190708571818e-09
2950.16,2.3125515334715213e-09
2950.17,2.0222616946172774e-09
2950.18,1.7470408966827968e-09
2950.19,1.5014272386296117e-09
2950.2,1.2898962718622805e-09
2950.21,1.1112662115839281e-09
2950.22,9.618513863501993e-10
2950.23,8.372677394440487e-10
2950.24,7.333066209717954e-10
2950.25,6.462788026442634e-10
2950.26,5.730939091735257e-10
2950.27,5.112236816674047e-10
2950.28,4.5862402435153197e-10
2950.29,4.136504117334576e-10
2950.3,3.7498078896744335e-10
2950.31,3.415504167914329e-10
2950.32,3.1249887545721003e-10
2950.33,2.871278229662335e-10
2950.34,2.648676744715606e-10
2950.35,2.452514401088608e-10
2950.36,2.2789420470992316e-10
2950.37,2.1247701281831725e-10
2950.38,1.9873417899853055e-10
2950.39,1.8644325892204136e-10
2950.4,1.7541708964379503e-10
2950.41,1.654974430679791e-10
2950.42,1.5654994134068248e-10
2950.43,1.4845996335462043e-10
2950.44,1.4112933303565407e-10
2950.45,1.3447362713648484e-10
2950.46,1.2841997622846213e-10
2950.47,1.2290526021025848e-10
2950.48,1.1787462086901957e-10
2950.49,1.1328023044491381e-10
2950.5,1.0908026784186718e-10
2950.51,1.052380640338679e-10
2950.52,1.017213859348019e-10
2950.53,9.850183407724432e-11
2950.54,9.55543342298681e-11
2950.55,9.285670686793672e-11
2950.56,9.038930143380466e-11
2950.57,8.813468472314847e-11
2950.58,8.607737467219634e-11
2950.59,8.420361236932323e-11
2950.6,8.250116637956864e-11
2950.61,8.0959164486242e-11
2950.62,7.95679487928817e-11
2950.63,7.83189508059525e-11
2950.64,7.7204583684453e-11
2950.65,7.62181493015607e-11
2950.66,7.5353758151501e-11
2950.67,7.460626045149781e-11
2950.68,7.397118705983138e-11
2950.69,7.344469905410384e-11
2950.7,7.302354500752013e-11
2950.71,7.27050251623264e-11
2950.72,7.473070531375981e-11
2950.73,7.46251759786647e-11
2950.74,7.46173506760052e-11
2950.75,7.470649697250009e-11
2950.76,7.489233938061935e-11
2950.77,7.517505490447822e-11
2950.78,7.555527302508022e-11
2950.79,7.603408010981241e-11
2950.8,7.661302830502344e-11
2950.81,7.729414904407796e-11
2950.82,7.807997138214144e-11
2950.83,7.897354545007785e-11
2950.84,7.997847141155639e-11
2950.85,8.109893440479243e-11
2950.86,8.233974606459458e-11
2950.87,8.370639334491185e-11
2950.88,8.52050955117189e-11
2950.89,8.684287034288161e-11
2950.9,8.862761077481271e-11
2950.91,9.056817346653892e-11
2950.92,9.267448103502233e-11
2950.93,9.495764004267794e-11
2950.94,9.743007722117423e-11
2950.95,1.0010569688805596e-10
2950.96,1.0300006309694573e-10
2950.97,1.0613061075587068e-10
2950.98,1.0951689080899099e-10
2950.99,1.1318085561180188e-10
2951.0,1.1714719191857194e-10
2951.01,1.2144371046832589e-10
2951.02,1.2610180311494238e-10
2951.03,1.311569808643256e-10
2951.04,1.3686921911754928e-10
2951.05,1.4284630076155946e-10
2951.06,1.49358694960797e-10
2951.07,1.564660480642776e-10
2951.08,1.6423675777709987e-10
2951.09,1.7274951372214868e-10
2951.1,1.820951588580452e-10
2951.11,1.923789484269805e-10
2951.12,2.037233036732325e-10
2951.13,2.1627118426006024e-10
2951.14,2.301902379197668e-10
2951.15,2.456779310258955e-10
2951.16,2.6296792263822376e-10
2951.17,2.8233802153707585e-10
2951.18,3.0412016607505665e-10
2951.19,3.2871299711493027e-10
2951.2,3.5659776227562896e-10
2951.21,3.883585029330767e-10
2951.22,4.247077384666963e-10
2951.23,4.665191710416743e-10
2951.24,5.148692609260433e-10
2951.25,5.710897867627428e-10
2951.26,6.36833511678671e-10
2951.27,7.141543901467028e-10
2951.28,8.056014502003614e-10
2951.29,9.143196910863792e-10
2951.3,1.0441383593317495e-09
2951.31,1.1995999479328046e-09
2951.32,1.3858305792550873e-09
2951.33,1.6080579299522837e-09
2951.34,1.8704357789093436e-09
2951.35,2.1736703290760823e-09
2951.36,2.510955134592278e-09
2951.37,2.8624314817947846e-09
2951.38,3.1905696556301374e-09
2951.39,3.442208997799267e-09
2951.4,3.5633442430773204e-09
2951.41,3.5236143137445597e-09
2951.42,3.3333560615756405e-09
2951.43,3.0375587405225872e-09
2951.44,2.6925290865633883e-09
2951.45,2.344775778741371e-09
2951.46,2.022888700272394e-09
2951.47,1.7396376234909774e-09
2951.48,1.4975456112217922e-09
2951.49,1.293832178391921e-09
2951.5,1.1236117682014066e-09
2951.51,9.816129013488168e-10
2951.52,8.629620895945572e-10
2951.53,7.63461873293795e-10
2951.54,6.796259600292047e-10
2951.55,6.086129700763411e-10
2951.56,5.481282979477524e-10
2951.57,4.963252190107944e-10
2951.58,4.517173184795809e-10
2951.59,4.1310546558025773e-10
2951.6,3.795187875315045e-10
2951.61,3.5016774512557406e-10
2951.62,3.2440714051419956e-10
2951.63,3.017070554113393e-10
2951.64,2.816300281209092e-10
2951.65,2.63813101552143e-10
2951.66,2.4795366253700867e-10
2951.67,2.3379823128822656e-10
2951.68,2.2113355025231778e-10
2951.69,2.0977947033677608e-10
2951.7,1.995832474885665e-10
2951.71,1.9041495086899378e-10
2951.72,1.8216375159518087e-10
2951.73,1.7473491288944536e-10
2951.74,1.6804734239157943e-10
2951.75,1.620315981299514e-10
2951.76,1.566282635305345e-10
2951.77,1.5178662546323514e-10
2951.78,1.4746360404036356e-10
2951.79,1.4362289463540082e-10
2951.8,1.4023429215953428e-10
2951.81,1.3727317565128633e-10
2951.82,1.3472013816158373e-10
2951.83,1.3256075322959623e-10
2951.84,1.3078547529816715e-10
2951.85,1.2938967764259856e-10
2951.86,1.28373838173581e-10
2951.87,1.2774389133895356e-10
2951.88,1.2751177385783995e-10
2951.89,1.2769620393316361e-10
2951.9,1.2832374882826295e-10
2951.91,1.2943025544748107e-10
2951.92,1.3106274425277793e-10
2951.93,1.3328190007418956e-10
2951.94,1.3616533557923354e-10
2951.95,1.398118547641689e-10
2951.96,1.443470021320479e-10
2951.97,1.4993023760356554e-10
2951.98,1.5676409870205847e-10
2951.99,1.6510563026134015e-10
2952.0,1.75280020250738e-10
2952.01,1.9042195138510709e-10
2952.02,2.0559892267033009e-10
2952.03,2.2412334726085484e-10
2952.04,2.466702550882021e-10
2952.05,2.7389713829255527e-10
2952.06,3.0622523113934424e-10
2952.07,3.434038791635481e-10
2952.08,3.8380381620759394e-10
2952.09,4.2360731337958935e-10
2952.1,4.565745590960956e-10
2952.11,4.754761961629004e-10
2952.12,4.753954965096423e-10
2952.13,4.5671004035843917e-10
2952.14,4.248479968341237e-10
2952.15,3.8707758131452777e-10
2952.16,3.4937473946314414e-10
2952.17,3.1525311024031595e-10
2952.18,2.861300366333699e-10
2952.19,2.621480869288574e-10
2952.2,2.4284922561240265e-10
2952.21,2.2757801737231155e-10
2952.22,2.156794828988442e-10
2952.23,2.0657836203531203e-10
2952.24,1.9979983378946043e-10
2952.25,1.9496509862584092e-10
2952.26,1.917782568435686e-10
2952.27,1.9001179425288283e-10
2952.28,1.8949353130039295e-10
2952.29,1.9009587481107202e-10
2952.3,1.9172737719152242e-10
2952.31,1.943263156256623e-10
2952.32,1.9785594481582581e-10
2952.33,2.023011088660096e-10
2952.34,2.0766595846380702e-10
2952.35,2.1397258309616014e-10
2952.36,2.2126042583734708e-10
2952.37,2.2958639856355948e-10
2952.38,2.390256595566358e-10
2952.39,2.4967305556463637e-10
2952.4,2.616452691815025e-10
2952.41,2.750837525575804e-10
2952.42,2.9015857300522145e-10
2952.43,3.070733481862148e-10
2952.44,3.260715122398132e-10
2952.45,3.4744423394498783e-10
2952.46,3.715404097283287e-10
2952.47,3.987792849151892e-10
2952.48,4.2966642476178736e-10
2952.49,4.648139717736265e-10
2952.5,5.049663970416845e-10
2952.51,5.510332856421438e-10
2952.52,6.041310824226864e-10
2952.53,6.656361257279391e-10
2952.54,7.372516035278548e-10
2952.55,8.210910178370866e-10
2952.56,9.197797622333273e-10
2952.57,1.0365732906423562e-09
2952.58,1.1754826214465024e-09
2952.59,1.3413807829106078e-09
2952.6,1.54002841706427e-09
2952.61,1.7778883200860335e-09
2952.62,2.0614772117057812e-09
2952.63,2.3958171675658495e-09
2952.64,2.7813510102267594e-09
2952.65,3.2087332376738985e-09
2952.66,3.6518745539705384e-09
2952.67,4.062438605141084e-09
2952.68,4.37310396152823e-09
2952.69,4.516870407899402e-09
2952.7,4.4577269653018205e-09
2952.71,4.210868854761336e-09
2952.72,3.8338772950735285e-09
2952.73,3.397278689549189e-09
2952.74,2.958711146485008e-09
2952.75,2.5533532933248463e-09
2952.76,2.19678640801605e-09
2952.77,1.8919622655525982e-09
2952.78,1.6353142186321156e-09
2952.79,1.4206977945776574e-09
2952.8,1.2415069187329129e-09
2952.81,1.0916389360024718e-09
2952.82,9.658367223186554e-10
2952.83,8.597312996612106e-10
2952.84,7.697591875432762e-10
2952.85,6.930402477367035e-10
2952.86,6.272545290717694e-10
2952.87,5.705331086476509e-10
2952.88,5.213669672466774e-10
2952.89,4.785332554878796e-10
2952.9,4.4103661576176477e-10
2952.91,4.0806287735444763e-10
2952.92,3.7894264254328985e-10
2952.93,3.5312266188397336e-10
2952.94,3.301432963732011e-10
2952.95,3.096207208509343e-10
2952.96,2.9123281889130086e-10
2952.97,2.747079560286828e-10
2952.98,2.5981600318831877e-10
2952.99,2.4667256768636084e-10
2953.0,2.344893998322622e-10
2953.01,2.2343235452461193e-10
2953.02,2.1337772666280619e-10
2953.03,2.042185658620666e-10
2953.04,1.9586208595872111e-10
2953.05,1.8822752513848357e-10
2953.06,1.812443707678337e-10
2953.07,1.7485088069734961e-10
2953.08,1.6899284665295094e-10
2953.09,1.6362255614268462e-10
2953.1,1.5859526773622286e-10
2953.11,1.54079749648007e-10
2953.12,1.4993971254853928e-10
2953.13,1.461459224800737e-10
2953.14,1.4267241107419897e-10
2953.15,1.3949608594981742e-10
2953.16,1.3659639654954846e-10
2953.17,1.3395504688855642e-10
2953.18,1.3155574815910905e-10
2953.19,1.2938400531743276e-10
2953.2,1.274269327651085e-10
2953.21,1.2567309503470377e-10
2953.22,1.2411236906129392e-10
2953.23,1.2273582516772232e-10
2953.24,1.2153562435728317e-10
2953.25,1.2050492988830264e-10
2953.26,1.1963783143403372e-10
2953.27,1.189292804026909e-10
2953.28,1.1837503522894384e-10
2953.29,1.1797161564870705e-10
2953.3,1.1771626514241795e-10
2953.31,1.1760692088584173e-10
2953.32,1.209114802308262e-10
2953.33,1.2111037774281226e-10
2953.34,1.2145323661088026e-10
2953.35,1.2194060466505692e-10
2953.36,1.2257367143470583e-10
2953.37,1.2225360151864017e-10
2953.38,1.2319100088884615e-10
2953.39,1.242815651560564e-10
2953.4,1.2552919213150758e-10
2953.41,1.269385240774102e-10
2953.42,1.2851498904974867e-10
2953.43,1.302648504024488e-10
2953.44,1.3219526525191255e-10
2953.45,1.3431435286202418e-10
2953.46,1.3663127410448705e-10
2953.47,1.391563233638288e-10
2953.48,1.419010345187801e-10
2953.49,1.4487830292632098e-10
2953.5,1.481025256972109e-10
2953.51,1.5158976296604598e-10
2953.52,1.5535792336866237e-10
2953.53,1.594269775372832e-10
2953.54,1.6381920414620538e-10
2953.55,1.6855947392021226e-10
2953.56,1.736755780648255e-10
2953.57,1.7919860887522312e-10
2953.58,1.8516340183621232e-10
2953.59,1.9160905046219547e-10
2953.6,1.9857950747447326e-10
2953.61,2.0612428884876907e-10
2953.62,2.1429930086570232e-10
2953.63,2.2316781481948634e-10
2953.64,2.3280161964610809e-10
2953.65,2.4328238981677893e-10
2953.66,2.5470331471609966e-10
2953.67,2.6717104701257067e-10
2953.68,2.808080418106794e-10
2953.69,2.9575537666940743e-10
2953.7,3.121761659403425e-10
2953.71,3.302597130254384e-10
2953.72,3.502265829910928e-10
2953.73,3.7233482839175865e-10
2953.74,3.968876665454406e-10
2953.75,4.242429917420471e-10
2953.76,4.54825216768382e-10
2953.77,4.891400825864727e-10
2953.78,5.277932621768837e-10
2953.79,5.715138253794967e-10
2953.8,6.211839370369464e-10
2953.81,6.77876538213218e-10
2953.82,7.429032060159028e-10
2953.83,8.178748671623053e-10
2953.84,9.047784521421038e-10
2953.85,1.0060726700656311e-09
2953.86,1.1248053022831892e-09
2953.87,1.264751574363025e-09
2953.88,1.430565865922049e-09
2953.89,1.6279225301403624e-09
2953.9,1.8635870857107784e-09
2953.91,2.1452912710902164e-09
2953.92,2.4811621011624998e-09
2953.93,2.8782562850929534e-09
2953.94,3.33950438144614e-09
2953.95,3.8582776937540615e-09
2953.96,4.410475120427223e-09
2953.97,4.946587223940817e-09
2953.98,5.390941364778698e-09
2953.99,5.658064568994506e-09
2954.0,5.687129342045379e-09
2954.01,5.47433436292648e-09
2954.02,5.075380571678788e-09
2954.03,4.575699752442411e-09
2954.04,4.054693277493747e-09
2954.05,3.5666453632734307e-09
2954.06,3.1396664204821805e-09
2954.07,2.7829508724685395e-09
2954.08,2.4943866124321282e-09
2954.09,2.2654500123181577e-09
2954.1,2.083437346997776e-09
2954.11,1.9325499312137513e-09
2954.12,1.7959529786298097e-09
2954.13,1.6599766892464102e-09
2954.14,1.5185302556051955e-09
2954.15,1.373820153766799e-09
2954.16,1.232555347953126e-09
2954.17,1.1012085616365913e-09
2954.18,9.835707320743885e-10
2954.19,8.807058963055595e-10
2954.2,7.919084859829526e-10
2954.21,7.156434393435562e-10
2954.22,6.501515528339455e-10
2954.23,5.937561214671707e-10
2954.24,5.449843139013099e-10
2954.25,5.025933953198626e-10
2954.26,4.655552517443123e-10
2954.27,4.3302654954373233e-10
2954.28,4.043170098605985e-10
2954.29,3.7886075525852757e-10
2954.3,3.561921843656115e-10
2954.31,3.35926343944072e-10
2954.32,3.1774322867956445e-10
2954.33,3.013753173538453e-10
2954.34,2.8659769911560926e-10
2954.35,2.732202426006031e-10
2954.36,2.6108136575075716e-10
2954.37,2.5004305772700464e-10
2954.38,2.3998688135887496e-10
2954.39,2.3081074581255796e-10
2954.4,2.2242628675376783e-10
2954.41,2.1475672800266478e-10
2954.42,2.0773512678722292e-10
2954.43,2.0130292628570636e-10
2954.44,1.9540875566551215e-10
2954.45,1.9000743057297542e-10
2954.46,1.850591168372146e-10
2954.47,1.8052862779298366e-10
2954.48,1.7638483155326786e-10
2954.49,1.7260014923247912e-10
2954.5,1.69150128772608e-10
2954.51,1.660130819384714e-10
2954.52,1.6316977434611936e-10
2954.53,1.6060316024154473e-10
2954.54,1.5829815523032111e-10
2954.55,1.5624144135488568e-10
2954.56,1.5442129989797978e-10
2954.57,1.528274680806618e-10
2954.58,1.5145101648454234e-10
2954.59,1.5028424456366862e-10
2954.6,1.4932059206712445e-10
2954.61,1.485545645668903e-10
2954.62,1.4798167160865007e-10
2954.63,1.4759837627276447e-10
2954.64,1.5124471160815125e-10
2954.65,1.512566690017371e-10
2954.66,1.5003682651741907e-10
2954.67,1.5042653767866207e-10
2954.68,1.510015257281284e-10
2954.69,1.5176345951583313e-10
2954.7,1.527148693825332e-10
2954.71,1.5385916791223558e-10
2954.72,1.5520067941142302e-10
2954.73,1.5674467856024187e-10
2954.74,1.5849743883600862e-10
2954.75,1.6046629148550865e-10
2954.76,1.6265969600988705e-10
2954.77,1.6508732334556815e-10
2954.78,1.6776015316830972e-10
2954.79,1.7069058703032642e-10
2954.8,1.7389257937464843e-10
2954.81,1.7738178885069726e-10
2954.82,1.811757528190783e-10
2954.83,1.8529408846531675e-10
2954.84,1.8975872459647827e-10
2954.85,1.945941689555902e-10
2954.86,1.9982781682819202e-10
2954.87,2.0549030782306816e-10
2954.88,2.116159390807524e-10
2954.89,2.1824314480109164e-10
2954.9,2.2541505401561845e-10
2954.91,2.3318014098849166e-10
2954.92,2.4159298569555333e-10
2954.93,2.5071516557671607e-10
2954.94,2.6105324143766043e-10
2954.95,2.718150212514871e-10
2954.96,2.835243522413329e-10
2954.97,2.9628338379036826e-10
2954.98,3.102088338165878e-10
2954.99,3.2543447587264583e-10
2955.0,3.4211412901670845e-10
2955.01,3.6042526702451547e-10
2955.02,3.805733939768609e-10
2955.03,4.027973723975979e-10
2955.04,4.273759406909845e-10
2955.05,4.546357221878795e-10
2955.06,4.849611131432171e-10
2955.07,5.188065477481635e-10
2955.08,5.567117820434648e-10
2955.09,5.993210254564299e-10
2955.1,6.474069897000801e-10
2955.11,7.019012330575752e-10
2955.12,7.639325648259477e-10
2955.13,8.348757451889718e-10
2955.14,9.164132544786422e-10
2955.15,1.010613450552032e-09
2955.16,1.1200288146743126e-09
2955.17,1.2476670220602627e-09
2955.18,1.3977425143564631e-09
2955.19,1.5749389809472138e-09
2955.2,1.7851941579021883e-09
2955.21,2.0356959263882397e-09
2955.22,2.3349091833706198e-09
2955.23,2.6922941108518318e-09
2955.24,3.1173573672903533e-09
2955.25,3.6174191944301726e-09
2955.26,4.193206931761414e-09
2955.27,4.831451282177359e-09
2955.28,5.494977008463048e-09
2955.29,6.114619853518015e-09
2955.3,6.5930234309112844e-09
2955.31,6.830857646569781e-09
2955.32,6.7703757062122226e-09
2955.33,6.426873020248269e-09
2955.34,5.8799595128094095e-09
2955.35,5.232855117229885e-09
2955.36,4.573429192151018e-09
2955.37,3.957610421332804e-09
2955.38,3.4118176333062607e-09
2955.39,2.942655899175451e-09
2955.4,2.54606425362804e-09
2955.41,2.2134675502267143e-09
2955.42,1.9351996977417556e-09
2955.43,1.7021318138417932e-09
2955.44,1.5062976095591443e-09
2955.45,1.3410207354771042e-09
2955.46,1.2008240046318769e-09
2955.47,1.0812620606424887e-09
2955.48,9.787431972112127e-10
2955.49,8.903673844538794e-10
2955.5,8.137890622503178e-10
2955.51,7.47105059324544e-10
2955.52,6.887648073846437e-10
2955.53,6.374991473704232e-10
2955.54,5.922641419421795e-10
2955.55,5.521967858306851e-10
2955.56,5.165800605922155e-10
2955.57,4.848152957244097e-10
2955.58,4.5640023562236476e-10
2955.59,4.3091156614262667e-10
2955.6,4.0799093459765794e-10
2955.61,3.873337149186483e-10
2955.62,3.686799382447746e-10
2955.63,3.5180693878719095e-10
2955.64,3.365233645849122e-10
2955.65,3.2266427943945045e-10
2955.66,3.100871415325814e-10
2955.67,2.9866848994243124e-10
2955.68,2.8830120583512596e-10
2955.69,2.788922427607836e-10
2955.7,2.7036074221132806e-10
2955.71,2.6263646765739656e-10
2955.72,2.5565850386616765e-10
2955.73,2.493741791130026e-10
2955.74,2.4373817667496367e-10
2955.75,2.387118091317701e-10
2955.76,2.342624349766608e-10
2955.77,2.303630020963362e-10
2955.78,2.269917071405401e-10
2955.79,2.2413176385882383e-10
2955.8,2.217712773544378e-10
2955.81,2.1990322511656053e-10
2955.82,2.1852554982829912e-10
2955.83,2.1764137358763463e-10
2955.84,2.1725934858208932e-10
2955.85,2.173941658100506e-10
2955.86,2.1806725158242774e-10
2955.87,2.1930769187592922e-10
2955.88,2.2115343791513785e-10
2955.89,2.2365286365500382e-10
2955.9,2.2686676844689796e-10
2955.91,2.30870947775211e-10
2955.92,2.35759493638508e-10
2955.93,2.416490362619764e-10
2955.94,2.486842026968094e-10
2955.95,2.5704464665899533e-10
2955.96,2.6695409545261305e-10
2955.97,2.8133885137779993e-10
2955.98,2.952921364891035e-10
2955.99,3.1186255576225764e-10
2956.0,3.3160018363121396e-10
2956.01,3.5519201476326383e-10
2956.02,3.834875818685186e-10
2956.03,4.1751607755292087e-10
2956.04,4.58475407193755e-10
2956.05,5.076524469881149e-10
2956.06,5.661978094571789e-10
2956.07,6.346304447180294e-10
2956.08,7.119233678706832e-10
2956.09,7.941426129133885e-10
2956.1,8.731031526694773e-10
2956.11,9.364237824443926e-10
2956.12,9.707747262637455e-10
2956.13,9.680432154552958e-10
2956.14,9.301198943568298e-10
2956.15,8.677362275164042e-10
2956.16,7.945319243183681e-10
2956.17,7.216270754365825e-10
2956.18,6.55645344004142e-10
2956.19,5.993676532007568e-10
2956.2,5.531879265110127e-10
2956.21,5.163343907730357e-10
2956.22,4.876223268657747e-10
2956.23,4.658379932315504e-10
2956.24,4.499017934393913e-10
2956.25,4.38918193116309e-10
2956.26,4.3217459454795584e-10
2956.27,4.291209962488359e-10
2956.28,4.293452622957591e-10
2956.29,4.325502033704303e-10
2956.3,4.385346067106175e-10
2956.31,4.471785830537251e-10
2956.32,4.5843292485952177e-10
2956.33,4.723119927845111e-10
2956.34,4.888896809523699e-10
2956.35,5.082981259151607e-10
2956.36,5.307289644651303e-10
2956.37,5.564370919137419e-10
2956.38,5.857470221865758e-10
2956.39,6.190621085463817e-10
2956.4,6.56877057844142e-10
2956.41,6.997943727882628e-10
2956.42,7.485455993454307e-10
2956.43,8.040185546210845e-10
2956.44,8.672920806294879e-10
2956.45,9.39680324768009e-10
2956.46,1.0227890947045838e-09
2956.47,1.1185874555070552e-09
2956.48,1.2294983582334382e-09
2956.49,1.358512517618153e-09
2956.5,1.50932954559237e-09
2956.51,1.6865285312520384e-09
2956.52,1.895764844984559e-09
2956.53,2.1439769613711817e-09
2956.54,2.4395589245829098e-09
2956.55,2.7923968964498957e-09
2956.56,3.213559250025577e-09
2956.57,3.7142385432871875e-09
2956.58,4.303253162802396e-09
2956.59,4.982101975789201e-09
2956.6,5.736600579519802e-09
2956.61,6.525498340204238e-09
2956.62,7.270632678727413e-09
2956.63,7.859703941923904e-09
2956.64,8.174280936442828e-09
2956.65,8.139564126313314e-09
2956.66,7.764140032224233e-09
2956.67,7.135125322382322e-09
2956.68,6.373233791917487e-09
2956.69,5.585514609514058e-09
2956.7,4.842700172913675e-09
2956.71,4.1799446074477115e-09
2956.72,3.60761631387888e-09
2956.73,3.1222807530999e-09
2956.74,2.714369759551982e-09
2956.75,2.3725727522526525e-09
2956.76,2.085990391690107e-09
2956.77,1.8450062617423347e-09
2956.78,1.6415066803770529e-09
2956.79,1.4688060867762505e-09
2956.8,1.3214623371689779e-09
2956.81,1.1950693735270245e-09
2956.82,1.086064545018962e-09
2956.83,9.915634288215338e-10
2956.84,9.092239052322819e-10
2956.85,8.371367429425889e-10
2956.86,7.737385509528444e-10
2956.87,7.177429152714906e-10
2956.88,6.686911403303948e-10
2956.89,6.24492636096461e-10
2956.9,5.850102093071979e-10
2956.91,5.49623950631373e-10
2956.92,5.178110437298393e-10
2956.93,4.891285283626871e-10
2956.94,4.6319944005638833e-10
2956.95,4.397016138719843e-10
2956.96,4.1835859835840766e-10
2956.97,3.989322480457162e-10
2956.98,3.8121665689851893e-10
2956.99,3.6503316785180697e-10
2957.0,3.502262496727385e-10
2957.01,3.366600760325097e-10
2957.02,3.2421567556062384e-10
2957.03,3.127885481994502e-10
2957.04,3.0228666397613557e-10
2957.05,2.926287766787661e-10
2957.06,2.8374299791471094e-10
2957.07,2.7556558729198486e-10
2957.08,2.6803992270342957e-10
2957.09,2.6111562123983657e-10
2957.1,2.547477865677878e-10
2957.11,2.4889636285045075e-10
2957.12,2.435255787669291e-10
2957.13,2.3860346797765293e-10
2957.14,2.341014546966155e-10
2957.15,2.299939948961461e-10
2957.16,2.2625826523257414e-10
2957.17,2.228738930452495e-10
2957.18,2.1982272185310813e-10
2957.19,2.170886076427037e-10
2957.2,2.1465724198809003e-10
2957.21,2.1251599865089933e-10
2957.22,2.1065380083752134e-10
2957.23,2.0884364005897868e-10
2957.24,2.0751333815146601e-10
2957.25,2.064370695318994e-10
2957.26,2.056089649834602e-10
2957.27,2.0502427935020534e-10
2957.28,2.0467934402096295e-10
2957.29,2.0235315824093414e-10
2957.3,2.0249424849710475e-10
2957.31,2.0788029955303355e-10
2957.32,2.0852078498809938e-10
2957.33,2.0939799287999472e-10
2957.34,2.105142594890265e-10
2957.35,2.1187292778672877e-10
2957.36,2.1347837280278012e-10
2957.37,2.153360362475464e-10
2957.38,2.174524709010055e-10
2957.39,2.1983539540717164e-10
2957.4,2.224937602851608e-10
2957.41,2.2543782614759213e-10
2957.42,2.2867925533197324e-10
2957.43,2.3223121838019684e-10
2957.44,2.361085170811323e-10
2957.45,2.4032772609633555e-10
2957.46,2.449073555643614e-10
2957.47,2.498680374962342e-10
2957.48,2.5523273928999884e-10
2957.49,2.610270082746912e-10
2957.5,2.672792519147277e-10
2957.51,2.7402105913334164e-10
2957.52,2.8128756923539643e-10
2957.53,2.8911789611206887e-10
2957.54,2.97555616867113e-10
2957.55,3.06649335781876e-10
2957.56,3.1645333665891573e-10
2957.57,3.270283392181034e-10
2957.58,3.384423783857909e-10
2957.59,3.507718292635892e-10
2957.6,3.6410260536113805e-10
2957.61,3.785315636801876e-10
2957.62,3.9416815761603954e-10
2957.63,4.1113638792117775e-10
2957.64,4.295771135011072e-10
2957.65,4.4965079839033547e-10
2957.66,4.715407895465219e-10
2957.67,4.954572433841162e-10
2957.68,5.21641848461153e-10
2957.69,5.503735295254148e-10
2957.7,5.819753664178977e-10
2957.71,6.168230236001944e-10
2957.72,6.553550662265473e-10
2957.73,6.980856425316111e-10
2957.74,7.456201466086854e-10
2957.75,7.9867464990939e-10
2957.76,8.581001149909013e-10
2957.77,9.24912695420363e-10
2957.78,1.0003317964985535e-09
2957.79,1.0858280380051618e-09
2957.8,1.183183831847088e-09
2957.81,1.2945699544123514e-09
2957.82,1.4226422008375113e-09
2957.83,1.5706627969836531e-09
2957.84,1.7426513394028494e-09
2957.85,1.943568809631481e-09
2957.86,2.1795339538896595e-09
2957.87,2.458060587640907e-09
2957.88,2.7882805047476556e-09
2957.89,3.1810672959655606e-09
2957.9,3.6488803443426968e-09
2957.91,4.204974321681764e-09
2957.92,4.861337527621326e-09
2957.93,5.624357577873118e-09
2957.94,6.487006791102744e-09
2957.95,7.417068094956136e-09
2957.96,8.344094851101823e-09
2957.97,9.154396266029288e-09
2957.98,9.709159101727714e-09
2957.99,9.892766317433481e-09
2958.0,9.669269447587668e-09
2958.01,9.102966166826156e-09
2958.02,8.324254211660862e-09
2958.03,7.471221691608033e-09
2958.04,6.6485391493857655e-09
2958.05,5.916406330501098e-09
2958.06,5.2979050108850145e-09
2958.07,4.7904825765974485e-09
2958.08,4.37490686751736e-09
2958.09,4.021983764382713e-09
2958.1,3.7002918365486275e-09
2958.11,3.3860166240044013e-09
2958.12,3.070345873103231e-09
2958.13,2.758621005347988e-09
2958.14,2.462452709324203e-09
2958.15,2.1918592241804903e-09
2958.16,1.9519033272766662e-09
2958.17,1.7431127504154616e-09
2958.18,1.5632394933765706e-09
2958.19,1.4088339943705494e-09
2958.2,1.2762246760876056e-09
2958.21,1.1620013197908335e-09
2958.22,1.0631961955753764e-09
2958.23,9.77311062336713e-10
2958.24,9.022774003918728e-10
2958.25,8.363946887489977e-10
2958.26,7.782672581652837e-10
2958.27,7.267478386762523e-10
2958.28,6.808900812190314e-10
2958.29,6.399098321859545e-10
2958.3,6.031540312729144e-10
2958.31,5.700759064164597e-10
2958.32,5.402152312438019e-10
2958.33,5.131825966656115e-10
2958.34,4.886468450925898e-10
2958.35,4.663249917822693e-10
2958.36,4.459741037740352e-10
2958.37,4.273847237331856e-10
2958.38,4.1037551751128287e-10
2958.39,3.947888953221146e-10
2958.4,3.804874112153702e-10
2958.41,3.673507878664619e-10
2958.42,3.5527344628588685e-10
2958.43,3.441624453396895e-10
2958.44,3.3393575552648826e-10
2958.45,3.245208067624063e-10
2958.46,3.158532618418168e-10
2958.47,3.078759766694471e-10
2958.48,3.0053811575382516e-10
2958.49,2.9379439737094806e-10
2958.5,2.876044474825127e-10
2958.51,2.8193224528166394e-10
2958.52,2.7674564625335873e-10
2958.53,2.7201597110169843e-10
2958.54,2.677176508887353e-10
2958.55,2.6382792035017037e-10
2958.56,2.6032655270120824e-10
2958.57,2.571956303338913e-10
2958.58,2.5441934673111874e-10
2958.59,2.5198383567095346e-10
2958.6,2.4987702444005405e-10
2958.61,2.4808850830161834e-10
2958.62,2.4660944392454423e-10
2958.63,2.427288781538105e-10
2958.64,2.4186422239469073e-10
2958.65,2.4129089217073553e-10
2958.66,2.410055448737936e-10
2958.67,2.4658597681908637e-10
2958.68,2.4690421148773694e-10
2958.69,2.475081510928803e-10
2958.7,2.483993939673636e-10
2958.71,2.4958077266493264e-10
2958.72,2.510563762504934e-10
2958.73,2.5283158412819664e-10
2958.74,2.549131118905592e-10
2958.75,2.573090698674897e-10
2958.76,2.6002903525644923e-10
2958.77,2.630841389468576e-10
2958.78,2.6648716840257815e-10
2958.79,2.7025268825131864e-10
2958.8,2.7439718056201396e-10
2958.81,2.789392071590672e-10
2958.82,2.8472925770006806e-10
2958.83,2.9013653275501953e-10
2958.84,2.9601157138117336e-10
2958.85,3.0238342804841383e-10
2958.86,3.092844967446492e-10
2958.87,3.167508855892818e-10
2958.88,3.248228476694648e-10
2958.89,3.335452771928658e-10
2958.9,3.4296828181290197e-10
2958.91,3.531478440672712e-10
2958.92,3.641465874553888e-10
2958.93,3.760346657753927e-10
2958.94,3.8889079818998146e-10
2958.95,4.02803477151425e-10
2958.96,4.178723821345051e-10
2958.97,4.342100392497224e-10
2958.98,4.519437757440125e-10
2958.99,4.712180294498416e-10
2959.0,4.921970871851595e-10
2959.01,5.150683435288861e-10
2959.02,5.400461934964106e-10
2959.03,5.673767005626218e-10
2959.04,5.97343217033818e-10
2959.05,6.302731792273764e-10
2959.06,6.665463580515351e-10
2959.07,7.066049204956525e-10
2959.08,7.509657539338495e-10
2959.09,8.0023562990253e-10
2959.1,8.551299451251307e-10
2959.11,9.164959861268973e-10
2959.12,9.853419324695483e-10
2959.13,1.0628731585204461e-09
2959.14,1.1505378308953724e-09
2959.15,1.2500843435873363e-09
2959.16,1.3636337889038754e-09
2959.17,1.4937714067285337e-09
2959.18,1.6436616965935555e-09
2959.19,1.8171923850042852e-09
2959.2,2.0191521831904193e-09
2959.21,2.2554451196877772e-09
2959.22,2.533337876761788e-09
2959.23,2.861721439353409e-09
2959.24,3.2513357931655848e-09
2959.25,3.714840694766888e-09
2959.26,4.266490745669388e-09
2959.27,4.920644906205842e-09
2959.28,5.690165064374203e-09
2959.29,6.578869314918447e-09
2959.3,7.572964595870949e-09
2959.31,8.62681106974897e-09
2959.32,9.64923251294832e-09
2959.33,1.0502167389239953e-08
2959.34,1.102820689695051e-08
2959.35,1.1109529565831692e-08
2959.36,1.072653264256208e-08
2959.37,9.968628944626295e-09
2959.38,8.987364719113947e-09
2959.39,7.932291382209343e-09
2959.4,6.9115291281731485e-09
2959.41,5.984972075251631e-09
2959.42,5.175552675197734e-09
2959.43,4.483913558314918e-09
2959.44,3.899754606430086e-09
2959.45,3.4088024182244863e-09
2959.46,2.9964684157843142e-09
2959.47,2.649484691019481e-09
2959.48,2.3564544480883875e-09
2959.49,2.107880181870737e-09
2959.5,1.89597356346822e-09
2959.51,1.7143982321376346e-09
2959.52,1.558014351252201e-09
2959.53,1.422652144468546e-09
2959.54,1.3049218217845004e-09
2959.55,1.202058635677498e-09
2959.56,1.111798568935559e-09
2959.57,1.0322794238529454e-09
2959.58,9.61962411484106e-10
2959.59,8.995700386253766e-10
2959.6,8.440368491976083e-10
2959.61,7.944702678122207e-10
2959.62,7.5011937682522e-10
2959.63,7.103499308326355e-10
2959.64,6.746242874370019e-10
2959.65,6.424852261862937e-10
2959.66,6.135428555776517e-10
2959.67,5.874639844673265e-10
2959.68,5.639634710973037e-10
2959.69,5.427971689985601e-10
2959.7,5.237561717829971e-10
2959.71,5.066621235155703e-10
2959.72,4.91363412542848e-10
2959.73,4.777321073987231e-10
2959.74,4.656615265362823e-10
2959.75,4.550643609826768e-10
2959.76,4.458712924325419e-10
2959.77,4.38030070017401e-10
2959.78,4.3150502838688663e-10
2959.79,4.2627704890367404e-10
2959.8,4.223439859090987e-10
2959.81,4.197216025053746e-10
2959.82,4.1844508658900673e-10
2959.83,4.18571249868008e-10
2959.84,4.201815525309998e-10
2959.85,4.2338614696812853e-10
2959.86,4.2832919886454526e-10
2959.87,4.351958270083913e-10
2959.88,4.442211081953381e-10
2959.89,4.5570172318007477e-10
2959.9,4.70010971653274e-10
2959.91,4.876180445079118e-10
2959.92,5.091125683356279e-10
2959.93,5.352354271187514e-10
2959.94,5.669164878764863e-10
2959.95,6.053186143033431e-10
2959.96,6.518842241521147e-10
2959.97,7.083736151721226e-10
2959.98,7.736236030998844e-10
2959.99,8.564677218483773e-10
2960.0,9.559261770510568e-10
2960.01,1.0735988240805355e-09
2960.02,1.2091231141965425e-09
2960.03,1.3641212799546632e-09
2960.04,1.5154410738301607e-09
2960.05,1.6497805679049442e-09
2960.06,1.742226052093649e-09
2960.07,1.7710895563827289e-09
2960.08,1.729096694464531e-09
2960.09,1.6277408728338643e-09
2960.1,1.4905426276252931e-09
2960.11,1.3416723715759422e-09
2960.12,1.1985342678145836e-09
2960.13,1.0704366660045577e-09
2960.14,9.606235446365264e-10
2960.15,8.688482709368849e-10
2960.16,7.932751464554406e-10
2960.17,7.315836300686067e-10
2960.18,6.815085987217308e-10
2960.19,6.410575510688469e-10
2960.2,6.085660115579195e-10
2960.21,5.826816059681261e-10
2960.22,5.623224334680616e-10
2960.23,5.466307466417159e-10
2960.24,5.349305409601758e-10
2960.25,5.266918087209402e-10
2960.26,5.215016666035656e-10
2960.27,5.190415961523236e-10
2960.28,5.19069779073703e-10
2960.29,5.21407548355753e-10
2960.3,5.259291197639734e-10
2960.31,5.325539323005796e-10
2960.32,5.412410776607587e-10
2960.33,5.519854274898488e-10
2960.34,5.64815173083815e-10
2960.35,5.797905784144505e-10
2960.36,5.970038185044732e-10
2960.37,6.16579835482017e-10
2960.38,6.386781982431427e-10
2960.39,6.634960020064833e-10
2960.4,6.912718947381665e-10
2960.41,7.222913716048483e-10
2960.42,7.568935400879714e-10
2960.43,7.954796309133331e-10
2960.44,8.385236186051476e-10
2960.45,8.865854257827342e-10
2960.46,9.403273249999237e-10
2960.47,1.000534329762811e-09
2960.48,1.0681395943199748e-09
2960.49,1.1442561333721952e-09
2960.5,1.2302165449253202e-09
2960.51,1.3276228887899382e-09
2960.52,1.4384094550858561e-09
2960.53,1.5649218540894426e-09
2960.54,1.710016643748287e-09
2960.55,1.8771864863159502e-09
2960.56,2.0707163404036173e-09
2960.57,2.2958758884029486e-09
2960.58,2.559151082048337e-09
2960.59,2.868510952120754e-09
2960.6,3.233689939634348e-09
2960.61,3.6664320175603255e-09
2960.62,4.180574686553236e-09
2960.63,4.791722010674148e-09
2960.64,5.516029712338684e-09
2960.65,6.36727460036023e-09
2960.66,7.350964223098905e-09
2960.67,8.454114397776118e-09
2960.68,9.630496374053983e-09
2960.69,1.0785397977796576e-08
2960.7,1.1771922619796394e-08
2960.71,1.2416572627991045e-08
2960.72,1.2579911023717198e-08
2960.73,1.2223135741723035e-08
2960.74,1.143012569890421e-08
2960.75,1.0359557645035252e-08
2960.76,9.181428894398921e-09
2960.77,8.023973804981531e-09
2960.78,6.962161705449192e-09
2960.79,6.0277295046721925e-09
2960.8,5.225158608335178e-09
2960.81,4.544873629942211e-09
2960.82,3.971695283723875e-09
2960.83,3.489444337944811e-09
2960.84,3.083099798008588e-09
2960.85,2.739602779311786e-09
2960.86,2.4479869263899006e-09
2960.87,2.1992130881415363e-09
2960.88,1.9859010704242584e-09
2960.89,1.8020491790080509e-09
2960.9,1.642779490258026e-09
2960.91,1.5041210664434706e-09
2960.92,1.3828316713692489e-09
2960.93,1.2762538738014281e-09
2960.94,1.1822000676738788e-09
2960.95,1.0988610382903144e-09
2960.96,1.0247333605740794e-09
2960.97,9.585617125717837e-10
2960.98,8.992929447236802e-10
2960.99,8.460393992083095e-10
2961.0,7.980495103512812e-10
2961.01,7.546841464794541e-10
2961.02,7.153974912541821e-10
2961.03,6.797215261360655e-10
2961.04,6.472533802520922e-10
2961.05,6.176449724992683e-10
2961.06,5.90594493764154e-10
2961.07,5.658393724745133e-10
2961.08,5.431504410288998e-10
2961.09,5.223270784802092e-10
2961.1,5.031931502501736e-10
2961.11,4.855936011806035e-10
2961.12,4.693915863542862e-10
2961.13,4.5446604626804445e-10
2961.14,4.4070965063754156e-10
2961.15,4.2802704913560625e-10
2961.16,4.1633337867859387e-10
2961.17,4.055529858900148e-10
2961.18,3.9561833071736296e-10
2961.19,3.8646904306178657e-10
2961.2,3.7805110912577683e-10
2961.21,3.7031616808109594e-10
2961.22,3.6322090290370415e-10
2961.23,3.5672651184083667e-10
2961.24,3.5079824918028167e-10
2961.25,3.4540502577619187e-10
2961.26,3.405190613060736e-10
2961.27,3.3611558146868987e-10
2961.28,3.3173892393555323e-10
2961.29,3.282395476720933e-10
2961.3,3.2516387554817883e-10
2961.31,3.2249684535074994e-10
2961.32,3.2022538840378784e-10
2961.33,3.183383024872327e-10
2961.34,3.1682614400240966e-10
2961.35,3.1186746522121566e-10
2961.36,3.111060112671841e-10
2961.37,3.1070068164634616e-10
2961.38,3.106483214214552e-10
2961.39,3.109472327877936e-10
2961.4,3.1800240999330094e-10
2961.41,3.190411375070503e-10
2961.42,3.20434969261366e-10
2961.43,3.2218796976583396e-10
2961.44,3.243056878015294e-10
2961.45,3.267951997219873e-10
2961.46,3.296651663631187e-10
2961.47,3.3292590437798977e-10
2961.48,3.3658947304612155e-10
2961.49,3.4066977785003654e-10
2961.5,3.451826924017985e-10
2961.51,3.501462006109446e-10
2961.52,3.5558056135916584e-10
2961.53,3.615084983621726e-10
2961.54,3.679554183866284e-10
2961.55,3.7494966157174467e-10
2961.56,3.825227882631328e-10
2961.57,3.90709907580084e-10
2961.58,3.9955005386284676e-10
2961.59,4.0908661829502444e-10
2961.6,4.1936784432339044e-10
2961.61,4.3044739714599667e-10
2961.62,4.423850194729112e-10
2961.63,4.5524728816887925e-10
2961.64,4.691084892471674e-10
2961.65,4.840516322495652e-10
2961.66,5.001696293437022e-10
2961.67,5.175666698439318e-10
2961.68,5.363598274193952e-10
2961.69,5.566809454952794e-10
2961.7,5.786788565293309e-10
2961.71,6.025220037097004e-10
2961.72,6.28401549684859e-10
2961.73,6.565350773765461e-10
2961.74,6.871710137306496e-10
2961.75,7.205939403181328e-10
2961.76,7.571309968443247e-10
2961.77,7.97159637946948e-10
2961.78,8.411170735385839e-10
2961.79,8.895118132528513e-10
2961.8,9.429378523938942e-10
2961.81,1.002092187488918e-09
2961.82,1.0677965436472818e-09
2961.83,1.1410244430069283e-09
2961.84,1.2229350534502082e-09
2961.85,1.3149156325370118e-09
2961.86,1.4186348113109893e-09
2961.87,1.5361093928315626e-09
2961.88,1.6697876295407138e-09
2961.89,1.8226517567577168e-09
2961.9,1.9983411687683463e-09
2961.91,2.2012935152360794e-09
2961.92,2.436891183333059e-09
2961.93,2.7115795939521026e-09
2961.94,3.0328824094232113e-09
2961.95,3.4091658093343085e-09
2961.96,3.848897419153953e-09
2961.97,4.359053741596355e-09
2961.98,4.942447579860132e-09
2961.99,5.594509816486087e-09
2962.0,6.301848095297032e-09
2962.01,7.046625712351865e-09
2962.02,7.818472737620301e-09
2962.03,8.626847418001003e-09
2962.04,9.500324901884359e-09
2962.05,1.0467314028030717e-08
2962.06,1.1527048198480292e-08
2962.07,1.2623625430904408e-08
2962.08,1.3633654465552516e-08
2962.09,1.4380682447421902e-08
2962.1,1.4687616803427948e-08
2962.11,1.4453214313055123e-08
2962.12,1.3703925485527624e-08
2962.13,1.2578793385128151e-08
2962.14,1.1261677355531311e-08
2962.15,9.914169664063173e-09
2962.16,8.643900267578897e-09
2962.17,7.505500807918374e-09
2962.18,6.515958126720576e-09
2962.19,5.670658922285415e-09
2962.2,4.954942091169998e-09
2962.21,4.350948386896856e-09
2962.22,3.84112661331652e-09
2962.23,3.409748678575027e-09
2962.24,3.0433693238346053e-09
2962.25,2.7307836970698338e-09
2962.26,2.462779838931612e-09
2962.27,2.231833631159674e-09
2962.28,2.0318131710654617e-09
2962.29,1.8577186248780567e-09
2962.3,1.7054640693941985e-09
2962.31,1.5716992641085996e-09
2962.32,1.4536661231742854e-09
2962.33,1.3490839959545343e-09
2962.34,1.2560582718937622e-09
2962.35,1.1730076065158577e-09
2962.36,1.09860590201542e-09
2962.37,1.0317359386026034e-09
2962.38,9.714521978830222e-10
2962.39,9.169509452859268e-10
2962.4,8.67546056890932e-10
2962.41,8.226494053276771e-10
2962.42,7.817548762467768e-10
2962.43,7.444252869702189e-10
2962.44,7.102816341929407e-10
2962.45,6.789942185660806e-10
2962.46,6.502752879807722e-10
2962.47,6.238729149365303e-10
2962.48,5.995658807951374e-10
2962.49,5.771593849841563e-10
2962.5,5.564814327432207e-10
2962.51,5.373797832532566e-10
2962.52,5.197193623018134e-10
2962.53,5.033800615144667e-10
2962.54,4.88254860452138e-10
2962.55,4.742482193176499e-10
2962.56,4.6127469930564174e-10
2962.57,4.49257775071672e-10
2962.58,4.381288099218656e-10
2962.59,4.278261692453463e-10
2962.6,4.1829445180778315e-10
2962.61,4.0948382182460924e-10
2962.62,4.013494275116482e-10
2962.63,3.93850894054397e-10
2962.64,3.869518808498717e-10
2962.65,3.821004969634397e-10
2962.66,3.763149947735516e-10
2962.67,3.7104064807140146e-10
2962.68,3.66253837406154e-10
2962.69,3.619334688694988e-10
2962.7,3.58060775819672e-10
2962.71,3.5461914606059793e-10
2962.72,3.515939717241573e-10
2962.73,3.4455904299572616e-10
2962.74,3.423563070884932e-10
2962.75,3.4053679311743633e-10
2962.76,3.390927912242371e-10
2962.77,3.4461303334316255e-10
2962.78,3.439401026962943e-10
2962.79,3.43628816474812e-10
2962.8,3.4367730100379005e-10
2962.81,3.440850712428066e-10
2962.82,3.4485302600461363e-10
2962.83,3.4598345440773694e-10
2962.84,3.474800536482269e-10
2962.85,3.4934795833069824e-10
2962.86,3.515937817631905e-10
2962.87,3.5422566978653955e-10
2962.88,3.572533678959266e-10
2962.89,3.6068830260439387e-10
2962.9,3.645436782239335e-10
2962.91,3.6883459047589193e-10
2962.92,3.735781586278596e-10
2962.93,3.7879367815809087e-10
2962.94,3.8450279632157003e-10
2962.95,3.907297133961692e-10
2962.96,3.975014128873202e-10
2962.97,4.0484792452095165e-10
2962.98,4.128026245378069e-10
2962.99,4.21402578568289e-10
2963.0,4.3068893331656844e-10
2963.01,4.4070736436415073e-10
2963.02,4.5150858873860137e-10
2963.03,4.6314895245360477e-10
2963.04,4.756911051113682e-10
2963.05,4.89204775949775e-10
2963.06,5.037676684329572e-10
2963.07,5.194664938475229e-10
2963.08,5.36398168377661e-10
2963.09,5.546712031159683e-10
2963.1,5.744073224771863e-10
2963.11,5.957433539731688e-10
2963.12,6.188334414400201e-10
2963.13,6.438516452377327e-10
2963.14,6.709950070204893e-10
2963.15,7.004871743808755e-10
2963.16,7.325827026932626e-10
2963.17,7.675721793305188e-10
2963.18,8.057883503871488e-10
2963.19,8.476134745055207e-10
2963.2,8.934881846858827e-10
2963.21,9.4392221093823e-10
2963.22,9.995074083862887e-10
2963.23,1.0609336532659273e-09
2963.24,1.1290083201497507e-09
2963.25,1.2046802477654397e-09
2963.26,1.2890693492111925e-09
2963.27,1.3835033402122426e-09
2963.28,1.4889667424001347e-09
2963.29,1.6085485599558056e-09
2963.3,1.7439223130976448e-09
2963.31,1.8978336748836436e-09
2963.32,2.073612278492473e-09
2963.33,2.2753119607247063e-09
2963.34,2.507884764201149e-09
2963.35,2.7773939944144303e-09
2963.36,3.091268948159115e-09
2963.37,3.4585965154138342e-09
2963.38,3.890427822297454e-09
2963.39,4.40004231508475e-09
2963.4,5.003041030942972e-09
2963.41,5.717008916895297e-09
2963.42,6.560256874503518e-09
2963.43,7.548799445265284e-09
2963.44,8.690293580218017e-09
2963.45,9.973475808277053e-09
2963.46,1.1352621006512875e-08
2963.47,1.2730419411437413e-08
2963.48,1.3950500392712095e-08
2963.49,1.4818083890812858e-08
2963.5,1.515948119611314e-08
2963.51,1.4898206095018114e-08
2963.52,1.40942321035628e-08
2963.53,1.2912944914900656e-08
2963.54,1.1550516890579503e-08
2963.55,1.0170172088559804e-08
2963.56,8.87673801584991e-09
2963.57,7.721633679608198e-09
2963.58,6.719586606366482e-09
2963.59,5.864690382837917e-09
2963.6,5.141618983145462e-09
2963.61,4.532183409335038e-09
2963.62,4.018662032003624e-09
2963.63,3.585228347686075e-09
2963.64,3.2183736770043e-09
2963.65,2.9068521162503076e-09
2963.66,2.6414308803900453e-09
2963.67,2.4145870668089213e-09
2963.68,2.2202151510470234e-09
2963.69,2.0533704308865895e-09
2963.7,1.91005487692813e-09
2963.71,1.7870435957579465e-09
2963.72,1.6817470702814198e-09
2963.73,1.5921037560184657e-09
2963.74,1.5164981006199887e-09
2963.75,1.4536999467145662e-09
2963.76,1.4028222724706387e-09
2963.77,1.36329519295946e-09
2963.78,1.3348550425445113e-09
2963.79,1.3175481562081957e-09
2963.8,1.3117496091617108e-09
2963.81,1.3181975076669614e-09
2963.82,1.3380430878765157e-09
2963.83,1.3729150809327405e-09
2963.84,1.424991894521337e-09
2963.85,1.4970638794602395e-09
2963.86,1.5925441942948103e-09
2963.87,1.7153402212912814e-09
2963.88,1.869414038063732e-09
2963.89,2.057732216402836e-09
2963.9,2.280170484810081e-09
2963.91,2.5299862008648027e-09
2963.92,2.7891897276873484e-09
2963.93,3.0251764051684687e-09
2963.94,3.1937552723735126e-09
2963.95,3.2530874570281384e-09
2963.96,3.183981901294722e-09
2963.97,3.0010286939193766e-09
2963.98,2.7439532457677813e-09
2963.99,2.457536253602579e-09
2964.0,2.1762143756720694e-09
2964.01,1.9196979271183658e-09
2964.02,1.6958059017260704e-09
2964.03,1.505121793968938e-09
2964.04,1.3447201774476303e-09
2964.05,1.210439846930616e-09
2964.06,1.0980462138226175e-09
2964.07,1.0037288986015261e-09
2964.08,9.242544027358939e-10
2964.09,8.569603346021789e-10
2964.1,7.99687999169531e-10
2964.11,7.506992905976501e-10
2964.12,7.085975406104371e-10
2964.13,6.7225929235325e-10
2964.14,6.358083154323435e-10
2964.15,6.15104005815699e-10
2964.16,5.913378330901318e-10
2964.17,5.706099083870807e-10
2964.18,5.525194848353566e-10
2964.19,5.367359922409385e-10
2964.2,5.229856187038382e-10
2964.21,5.110407379321375e-10
2964.22,5.00711547704059e-10
2964.23,4.918394306455626e-10
2964.24,4.842916614696683e-10
2964.25,4.779571715357513e-10
2964.26,4.727431479662848e-10
2964.27,4.6857229523366e-10
2964.28,4.653806259205582e-10
2964.29,4.6311567708649384e-10
2964.3,4.617350715518976e-10
2964.31,4.6120536111384043e-10
2964.32,4.615011024599634e-10
2964.33,4.626041273264323e-10
2964.34,4.6450297694789766e-10
2964.35,4.67192477629343e-10
2964.36,4.706734397465211e-10
2964.37,4.749524669667842e-10
2964.38,4.800418662432509e-10
2964.39,4.859596523439751e-10
2964.4,4.927296435302589e-10
2964.41,5.0038164758241e-10
2964.42,5.089517398567819e-10
2964.43,5.184826374842623e-10
2964.44,5.290241763604349e-10
2964.45,5.406339002462757e-10
2964.46,5.533777742954793e-10
2964.47,5.673310386610159e-10
2964.48,5.825792217611263e-10
2964.49,5.992193373332984e-10
2964.5,6.17361294909546e-10
2964.51,6.371295598898139e-10
2964.52,6.586651074305235e-10
2964.53,6.840446399768519e-10
2964.54,7.096275251265804e-10
2964.55,7.37524954667618e-10
2964.56,7.679715225852689e-10
2964.57,8.012348861211934e-10
2964.58,8.376211557133407e-10
2964.59,8.77481341660303e-10
2964.6,9.212190918055419e-10
2964.61,9.693000131737903e-10
2964.62,1.02226294483104e-09
2964.63,1.08073364431289e-09
2964.64,1.1454414711812508e-09
2964.65,1.2172398067065446e-09
2964.66,1.29713114725228e-09
2964.67,1.3862980630870613e-09
2964.68,1.4861415373963148e-09
2964.69,1.5983286087912584e-09
2964.7,1.7248517492618048e-09
2964.71,1.8681030297806444e-09
2964.72,2.030966851283419e-09
2964.73,2.2169358075918073e-09
2964.74,2.430254971657056e-09
2964.75,2.676100262019979e-09
2964.76,2.960795912546386e-09
2964.77,3.2920731340766995e-09
2964.78,3.679364251967582e-09
2964.79,4.134109023635901e-09
2964.8,4.670013437113486e-09
2964.81,5.303130189132878e-09
2964.82,6.05149867880252e-09
2964.83,6.933856258519318e-09
2964.84,7.966585669483388e-09
2964.85,9.157645998567533e-09
2964.86,1.0496051352390106e-08
2964.87,1.1936396429679527e-08
2964.88,1.338160794035925e-08
2964.89,1.4674614534387664e-08
2964.9,1.5616963039034724e-08
2964.91,1.6026108598313675e-08
2964.92,1.5812267457351736e-08
2964.93,1.5023239538409546e-08
2964.94,1.382001060395923e-08
2964.95,1.2403893828681671e-08
2964.96,1.0948957970630856e-08
2964.97,9.571373973116784e-09
2964.98,8.331257804644215e-09
2964.99,7.248677176938357e-09
2965.0,6.320320774983887e-09
2965.01,5.5316456606475754e-09
2965.02,4.8642184936320625e-09
2965.03,4.299574488652637e-09
2965.04,3.82095760570561e-09
2965.05,3.4139093470016387e-09
2965.06,3.0662915926674685e-09
2965.07,2.7680656437396984e-09
2965.08,2.5109920599251438e-09
2965.09,2.288328869412487e-09
2965.1,2.0945604082681566e-09
2965.11,1.9251667165741427e-09
2965.12,1.7764331867505456e-09
2965.13,1.64529603593614e-09
2965.14,1.529217994703378e-09
2965.15,1.426088743532661e-09
2965.16,1.3341452834191135e-09
2965.17,1.2519082144530982e-09
2965.18,1.1781306497782661e-09
2965.19,1.111757147527946e-09
2965.2,1.0518905872054962e-09
2965.21,9.977653555140488e-10
2965.22,9.487255554354244e-10
2965.23,9.042072265868325e-10
2965.24,8.629067793989417e-10
2965.25,8.260420631042992e-10
2965.26,7.924252874890758e-10
2965.27,7.6173805594801e-10
2965.28,7.337024514152852e-10
2965.29,7.080753423071782e-10
2965.3,6.846436137397638e-10
2965.31,6.632201618557908e-10
2965.32,6.436405202623079e-10
2965.33,6.257600125477959e-10
2965.34,6.094513447034884e-10
2965.35,5.946025673492398e-10
2965.36,5.811153505505953e-10
2965.37,5.689035245805444e-10
2965.38,5.578918485371563e-10
2965.39,5.480149758634863e-10
2965.4,5.392165916844951e-10
2965.41,5.314487018868981e-10
2965.42,5.246710580971962e-10
2965.43,5.188507064588577e-10
2965.44,5.139616514122856e-10
2965.45,5.099846287702657e-10
2965.46,5.069069852936843e-10
2965.47,5.047226648992308e-10
2965.48,5.034323046305699e-10
2965.49,5.030434467792423e-10
2965.5,5.035708771579064e-10
2965.51,5.05037103711814e-10
2965.52,5.074729945965937e-10
2965.53,5.109186008314762e-10
2965.54,5.154241959844367e-10
2965.55,5.220173756108438e-10
2965.56,5.289089385755834e-10
2965.57,5.370872727924405e-10
2965.58,5.46660007656815e-10
2965.59,5.577553821758632e-10
2965.6,5.705259967477453e-10
2965.61,5.851534665006235e-10
2965.62,6.018542118223886e-10
2965.63,6.208866910260421e-10
2965.64,6.425604706492287e-10
2965.65,6.672476472022361e-10
2965.66,6.953972877634634e-10
2965.67,7.275537544680004e-10
2965.68,7.643800273433297e-10
2965.69,8.066874447408324e-10
2965.7,8.554736301045722e-10
2965.71,9.119707243061795e-10
2965.72,9.777062738796242e-10
2965.73,1.0545789546387776e-09
2965.74,1.144950114530298e-09
2965.75,1.2517485917009667e-09
2965.76,1.3785777545774505e-09
2965.77,1.529795085470666e-09
2965.78,1.7104965525829628e-09
2965.79,1.9262654439243994e-09
2965.8,2.182420229509665e-09
2965.81,2.4823177515909366e-09
2965.82,2.82412410541398e-09
2965.83,3.195692708828168e-09
2965.84,3.568531734509461e-09
2965.85,3.894960503991796e-09
2965.86,4.115678925358712e-09
2965.87,4.181519884594137e-09
2965.88,4.078924649994817e-09
2965.89,3.837992140821264e-09
2965.9,3.5153090096300495e-09
2965.91,3.1676163046494444e-09
2965.92,2.8353668044621403e-09
2965.93,2.5401443345381568e-09
2965.94,2.289508290841252e-09
2965.95,2.0829480175571073e-09
2965.96,1.9162696817190396e-09
2965.97,1.7841553621211642e-09
2965.98,1.6814270221978096e-09
2965.99,1.6035640165925257e-09
2966.0,1.546843716250765e-09
2966.01,1.5083144603538686e-09
2966.02,1.485707524209181e-09
2966.03,1.4773380056117339e-09
2966.04,1.482015641898211e-09
2966.05,1.498972852148719e-09
2966.06,1.5278113055652318e-09
2966.07,1.5684660733766298e-09
2966.08,1.6211859207511303e-09
2966.09,1.6865285669140842e-09
2966.1,1.7653703391255232e-09
2966.11,1.8589303799061766e-09
2966.12,1.9688103676522324e-09
2966.13,2.0970515619333124e-09
2966.14,2.2462118791149154e-09
2966.15,2.4194666139062315e-09
2966.16,2.6207372524107295e-09
2966.17,2.854853338540817e-09
2966.18,3.1277520411360884e-09
2966.19,3.446717868178817e-09
2966.2,3.820658802456445e-09
2966.21,4.260401021785444e-09
2966.22,4.778954991822317e-09
2966.23,5.391648178363663e-09
2966.24,6.1159127753321005e-09
2966.25,6.9703306864760446e-09
2966.26,7.97224373502474e-09
2966.27,9.13285154603939e-09
2966.28,1.0448432209229824e-08
2966.29,1.1886752049656838e-08
2966.3,1.3370189909538427e-08
2966.31,1.4763032195504033e-08
2966.32,1.5878294457290297e-08
2966.33,1.651980200205884e-08
2966.34,1.6554377312555543e-08
2966.35,1.5973828394903445e-08
2966.36,1.4899059657350643e-08
2966.37,1.3522848125362154e-08
2966.38,1.203616900687429e-08
2966.39,1.0581651913190574e-08
2966.4,9.245714032927705e-09
2966.41,8.060102683157511e-09
2966.42,7.033490578936433e-09
2966.43,6.155844251477881e-09
2966.44,5.4101799002290715e-09
2966.45,4.777847693419611e-09
2966.46,4.241152196334727e-09
2966.47,3.784432110520216e-09
2966.48,3.394333241723564e-09
2966.49,3.0597010107086446e-09
2966.5,2.7713211653823597e-09
2966.51,2.5216228632645243e-09
2966.52,2.304396213817339e-09
2966.53,2.114544463905918e-09
2966.54,1.9478755328582885e-09
2966.55,1.8009307072715863e-09
2966.56,1.670845712708966e-09
2966.57,1.5552388333957642e-09
2966.58,1.4521211009587514e-09
2966.59,1.359824247861502e-09
2966.6,1.2769428547755343e-09
2966.61,1.20228779750838e-09
2966.62,1.1348486794754153e-09
2966.63,1.0737634134179545e-09
2966.64,1.0182935012765854e-09
2966.65,9.67803866854003e-10
2966.66,9.217463373320821e-10
2966.67,8.796460589805945e-10
2966.68,8.410902810637679e-10
2966.69,8.057190582281468e-10
2966.7,7.732175131450691e-10
2966.71,7.433093728952628e-10
2966.72,7.157515493101919e-10
2966.73,6.903295781412142e-10
2966.74,6.668537675096169e-10
2966.75,6.45155934244123e-10
2966.76,6.250866293342407e-10
2966.77,6.065127717271597e-10
2966.78,5.89315624261908e-10
2966.79,5.733890572501825e-10
2966.8,5.586380546796236e-10
2966.81,5.449774257747469e-10
2966.82,5.323306908957984e-10
2966.83,5.206291159505292e-10
2966.84,5.098108736814132e-10
2966.85,4.998203137139454e-10
2966.86,4.906073260969269e-10
2966.87,4.821267854880414e-10
2966.88,4.743380650961013e-10
2966.89,4.672046111795594e-10
2966.9,4.6069357026564866e-10
2966.91,4.547754624470063e-10
2966.92,4.494238950764446e-10
2966.93,4.446153120345746e-10
2966.94,4.464509788708127e-10
2966.95,4.427007854660832e-10
2966.96,4.3943813531585416e-10
2966.97,4.3664889295753197e-10
2966.98,4.3432091435695734e-10
2966.99,4.2646349463935525e-10
2967.0,4.250631840228579e-10
2967.01,4.240983895971699e-10
2967.02,4.2356404251789533e-10
2967.03,4.234566938325936e-10
2967.04,4.2377448232478726e-10
2967.05,4.2451711487280606e-10
2967.06,4.256858590231306e-10
2967.07,4.2728354764029043e-10
2967.08,4.293145956525894e-10
2967.09,4.317850290743266e-10
2967.1,4.347025266427931e-10
2967.11,4.3807647458145733e-10
2967.12,4.4191803517163935e-10
2967.13,4.462402300134966e-10
2967.14,4.510580390558421e-10
2967.15,4.563885167143998e-10
2967.16,4.6225092664251095e-10
2967.17,4.686668970205619e-10
2967.18,4.745578285083531e-10
2967.19,4.821629731425911e-10
2967.2,4.90402596537107e-10
2967.21,4.993098337850243e-10
2967.22,5.08921359647902e-10
2967.23,5.192777282705426e-10
2967.24,5.304237590419447e-10
2967.25,5.424089751103676e-10
2967.26,5.55288102139048e-10
2967.27,5.691216362269636e-10
2967.28,5.83976491461073e-10
2967.29,5.999267394204998e-10
2967.3,6.17054455197892e-10
2967.31,6.354506871295337e-10
2967.32,6.55216570676144e-10
2967.33,6.765686140182241e-10
2967.34,6.994247987606614e-10
2967.35,7.240284147510589e-10
2967.36,7.505359233766491e-10
2967.37,7.791226417012428e-10
2967.38,8.099854361267133e-10
2967.39,8.433458738011968e-10
2967.4,8.794539211165127e-10
2967.41,9.185922982766894e-10
2967.42,9.610816235830912e-10
2967.43,1.0072865116930008e-09
2967.44,1.0576228287501558e-09
2967.45,1.1125663556774194e-09
2967.46,1.1726631723369635e-09
2967.47,1.2385421527955468e-09
2967.48,1.3109300608236088e-09
2967.49,1.390669860421254e-09
2967.5,1.4787430170340885e-09
2967.51,1.576296770354034e-09
2967.52,1.6846776224265347e-09
2967.53,1.8054726199007287e-09
2967.54,1.940560435341574e-09
2967.55,2.092174790165412e-09
2967.56,2.262983430191235e-09
2967.57,2.4561866782587344e-09
2967.58,2.675640537438106e-09
2967.59,2.9260103465551224e-09
2967.6,3.2129619279746654e-09
2967.61,3.5433976264176573e-09
2967.62,3.9257437759910415e-09
2967.63,4.370292245757444e-09
2967.64,4.889588439864719e-09
2967.65,5.498835058427333e-09
2967.66,6.2162332247774185e-09
2967.67,7.063089454667073e-09
2967.68,8.063344670743613e-09
2967.69,9.241883914639317e-09
2967.7,1.0620525368403288e-08
2967.71,1.2210022762002792e-08
2967.72,1.3996135574723679e-08
2967.73,1.5918992941455355e-08
2967.74,1.7849829694576674e-08
2967.75,1.957937532539714e-08
2967.76,2.0842491583802828e-08
2967.77,2.1395323734161553e-08
2967.78,2.1118626420403706e-08
2967.79,2.007670430392632e-08
2967.8,1.8483202586207864e-08
2967.81,1.6604056237972443e-08
2967.82,1.4669135769826616e-08
2967.83,1.2832579349201192e-08
2967.84,1.1175130669997229e-08
2967.85,9.72476268306502e-09
2967.86,8.478303573159121e-09
2967.87,7.417349063956159e-09
2967.88,6.517994521954291e-09
2967.89,5.756027925190592e-09
2967.9,5.10932385690828e-09
2967.91,4.558694655940077e-09
2967.92,4.087970105304519e-09
2967.93,3.6837361474933023e-09
2967.94,3.3349558651366303e-09
2967.95,3.032579936691677e-09
2967.96,2.769192500949839e-09
2967.97,2.538707705616721e-09
2967.98,2.3361178728599697e-09
2967.99,2.1572882279773907e-09
2968.0,1.9987912385236013e-09
2968.01,1.8577735905475304e-09
2968.02,1.731849571143461e-09
2968.03,1.6190155976195379e-09
2968.04,1.5175815895851339e-09
2968.05,1.426115725270155e-09
2968.06,1.34339983161603e-09
2968.07,1.2683932327563845e-09
2968.08,1.2002983224745284e-09
2968.09,1.138157202642412e-09
2968.1,1.081400134408026e-09
2968.11,1.0294511320330704e-09
2968.12,9.818089619974121e-10
2968.13,9.380360169829539e-10
2968.14,8.977490457252888e-10
2968.15,8.606113996172386e-10
2968.16,8.263265238309392e-10
2968.17,7.946324733992049e-10
2968.18,7.652972767100222e-10
2968.19,7.381150021294295e-10
2968.2,7.129024102291557e-10
2968.21,6.89496095391466e-10
2968.22,6.677500378597807e-10
2968.23,6.475335011320353e-10
2968.24,6.287292209376303e-10
2968.25,6.112318411437933e-10
2968.26,5.980442371551449e-10
2968.27,5.82904689080068e-10
2968.28,5.688149235908656e-10
2968.29,5.557053389706856e-10
2968.3,5.435130188333098e-10
2968.31,5.321810504055532e-10
2968.32,5.216579268435401e-10
2968.33,5.174270429769089e-10
2968.34,5.084151251511512e-10
2968.35,5.000852567191021e-10
2968.36,4.924029041087866e-10
2968.37,4.853368748824045e-10
2968.38,4.788590401354603e-10
2968.39,4.729440900305361e-10
2968.4,4.67569318732462e-10
2968.41,4.6271443555966663e-10
2968.42,4.5836139960345513e-10
2968.43,4.544942754772881e-10
2968.44,4.4475473288869096e-10
2968.45,4.4185523537140485e-10
2968.46,4.3940500897365724e-10
2968.47,4.373954597312439e-10
2968.48,4.358196344711653e-10
2968.49,4.346721706305559e-10
2968.5,4.339492584312431e-10
2968.51,4.336486149498944e-10
2968.52,4.3376946977480303e-10
2968.53,4.3431256209243313e-10
2968.54,4.352801491920166e-10
2968.55,4.366760265243422e-10
2968.56,4.385055595993965e-10
2968.57,4.4077572816550914e-10
2968.58,4.4349518327398004e-10
2968.59,4.4667431801503684e-10
2968.6,4.5032535289825816e-10
2968.61,4.54462437071421e-10
2968.62,4.5910176680170965e-10
2968.63,4.6426172292231766e-10
2968.64,4.700888644123902e-10
2968.65,4.763555323993011e-10
2968.66,4.832127871005946e-10
2968.67,4.906895792766501e-10
2968.68,4.988180995184067e-10
2968.69,5.076340859295224e-10
2968.7,5.171771744448046e-10
2968.71,5.274912978340764e-10
2968.72,5.386251404572409e-10
2968.73,5.506326570981845e-10
2968.74,5.635736656457279e-10
2968.75,5.775145251753279e-10
2968.76,5.925289130526348e-10
2968.77,6.086987172339324e-10
2968.78,6.261150629602551e-10
2968.79,6.448794967135152e-10
2968.8,6.651053547882847e-10
2968.81,6.869193492120034e-10
2968.82,7.104634104189534e-10
2968.83,7.358968341346664e-10
2968.84,7.633987899530973e-10
2968.85,7.931712613086035e-10
2968.86,8.254425018165998e-10
2968.87,8.604711117478976e-10
2968.88,8.985508619857333e-10
2968.89,9.400164220867552e-10
2968.9,9.85250185968836e-10
2968.91,1.0346904349035599e-09
2968.92,1.0888411359134164e-09
2968.93,1.1482837471947934e-09
2968.94,1.2136914955103184e-09
2968.95,1.285846708346879e-09
2968.96,1.3656619332070888e-09
2968.97,1.454205765038823e-09
2968.98,1.5527345406750359e-09
2968.99,1.6627313558585997e-09
2969.0,1.7859542269736545e-09
2969.01,1.9244956617775907e-09
2969.02,2.080856419221816e-09
2969.03,2.2580368010089035e-09
2969.04,2.4596493529510414e-09
2969.05,2.6900571908403198e-09
2969.06,2.9545419406832813e-09
2969.07,3.2595037760516714e-09
2969.08,3.6126918496726243e-09
2969.09,4.0234539402701026e-09
2969.1,4.502974605945505e-09
2969.11,5.062974191476793e-09
2969.12,5.7214931182804355e-09
2969.13,6.49357001210038e-09
2969.14,7.395624721612634e-09
2969.15,8.440831592923136e-09
2969.16,9.633255546226978e-09
2969.17,1.0958258313750357e-08
2969.18,1.2369176225167704e-08
2969.19,1.3773484076057638e-08
2969.2,1.5027495554333524e-08
2969.21,1.5953569542554878e-08
2969.22,1.638801809918093e-08
2969.23,1.624471138121188e-08
2969.24,1.5554307825253702e-08
2969.25,1.4450296418991846e-08
2969.26,1.311123693131393e-08
2969.27,1.1701563914734138e-08
2969.28,1.0339312494279012e-08
2969.29,9.092186396575338e-09
2969.3,7.988762503464039e-09
2969.31,7.032779769573726e-09
2969.32,6.214693426776836e-09
2969.33,5.519265608547402e-09
2969.34,4.929909622164531e-09
2969.35,4.430882736796695e-09
2969.36,4.008217386904404e-09
2969.37,3.6499785634060134e-09
2969.38,3.3461950917126044e-09
2969.39,3.088655652113041e-09
2969.4,2.8706676599258808e-09
2969.41,2.6868256964410506e-09
2969.42,2.5328091113524445e-09
2969.43,2.4052149623873367e-09
2969.44,2.3014263275506193e-09
2969.45,2.2195137153059613e-09
2969.46,2.1581669161882878e-09
2969.47,2.1166551966918886e-09
2969.48,2.0948147181850756e-09
2969.49,2.09306318501228e-09
2969.5,2.112442757764114e-09
2969.51,2.154692881776923e-09
2969.52,2.222354226579514e-09
2969.53,2.3189020506013927e-09
2969.54,2.4488992105625627e-09
2969.55,2.6181402134982206e-09
2969.56,2.8337177804936494e-09
2969.57,3.103864352299252e-09
2969.58,3.4372763894270225e-09
2969.59,3.841395989060868e-09
2969.6,4.31883686416277e-09
2969.61,4.861050950939326e-09
2969.62,5.439193351129774e-09
2969.63,5.9952631769482155e-09
2969.64,6.442187381915444e-09
2969.65,6.684163058597224e-09
2969.66,6.656838055667492e-09
2969.67,6.362239438834455e-09
2969.68,5.867514114861188e-09
2969.69,5.268693541040423e-09
2969.7,4.651215085795947e-09
2969.71,4.070960414283801e-09
2969.72,3.5550236723408475e-09
2969.73,3.1155339132810675e-09
2969.74,2.7395982339314394e-09
2969.75,2.4240075661115004e-09
2969.76,2.159654348157383e-09
2969.77,1.9379095497350986e-09
2969.78,1.7512468033051399e-09
2969.79,1.593370224706667e-09
2969.8,1.459126840313309e-09
2969.81,1.3443445016773516e-09
2969.82,1.2456599501210668e-09
2969.83,1.1603632445250852e-09
2969.84,1.086266585472104e-09
2969.85,1.0215976292179198e-09
2969.86,9.6491437053e-10
2969.87,9.150379028949647e-10
2969.88,8.709995327653962e-10
2969.89,8.319992225815526e-10
2969.9,7.973728949409549e-10
2969.91,7.60004233485852e-10
2969.92,7.325904420299284e-10
2969.93,7.081416162277498e-10
2969.94,6.86327676692875e-10
2969.95,6.668687103021359e-10
2969.96,6.496761287707739e-10
2969.97,6.342486646909774e-10
2969.98,6.205613631413396e-10
2969.99,6.084656456873285e-10
2970.0,5.978342701799425e-10
2970.01,5.885583079080393e-10
2970.02,5.805446538824491e-10
2970.03,5.737139724093507e-10
2970.04,5.679990002840331e-10
2970.05,5.633431457634698e-10
2970.06,5.596993339925437e-10
2970.07,5.570290594643737e-10
2970.08,5.553016140427296e-10
2970.09,5.583074722239181e-10
2970.1,5.584250711136445e-10
2970.11,5.594347951952424e-10
2970.12,5.613321445660756e-10
2970.13,5.641184759699896e-10
2970.14,5.67800910932401e-10
2970.15,5.723923271501543e-10
2970.16,5.779114311020519e-10
2970.17,5.843829118414831e-10
2970.18,5.918376778596604e-10
2970.19,6.003131808850089e-10
2970.2,6.098538325214589e-10
2970.21,6.205115218682751e-10
2970.22,6.323462447037569e-10
2970.23,6.454268576368263e-10
2970.24,6.598319738320469e-10
2970.25,6.75651020736358e-10
2970.26,6.929854846979186e-10
2970.27,7.119503727895791e-10
2970.28,7.326759286352584e-10
2970.29,7.553096469382961e-10
2970.3,7.800186411062451e-10
2970.31,8.069924301802526e-10
2970.32,8.364462259786622e-10
2970.33,8.686248194283753e-10
2970.34,9.038071876811454e-10
2970.35,9.423119716665647e-10
2970.36,9.845040090511741e-10
2970.37,1.0308021517090081e-09
2970.38,1.0816886526038308e-09
2970.39,1.1377204771100451e-09
2970.4,1.19968149542987e-09
2970.41,1.2680458726605365e-09
2970.42,1.3438268661518166e-09
2970.43,1.4280499933280396e-09
2970.44,1.521921030255115e-09
2970.45,1.6268632922831083e-09
2970.46,1.744563582535781e-09
2970.47,1.877028898021575e-09
2970.48,2.026656407329861e-09
2970.49,2.19631961828178e-09
2970.5,2.3894739085725488e-09
2970.51,2.6102844168201453e-09
2970.52,2.8637781283401913e-09
2970.53,3.156018773133548e-09
2970.54,3.4942959657806334e-09
2970.55,3.887305686406116e-09
2970.56,4.3452732546769855e-09
2970.57,4.879928204981037e-09
2970.58,5.504184718464735e-09
2970.59,6.231329458963091e-09
2970.6,7.0735027809596776e-09
2970.61,8.039258065881848e-09
2970.62,9.129789286481629e-09
2970.63,1.0332805109335143e-08
2970.64,1.161274739793098e-08
2970.65,1.2898317436650364e-08
2970.66,1.4074134840431398e-08
2970.67,1.4989066454930203e-08
2970.68,1.5491132723851184e-08
2970.69,1.548167665206031e-08
2970.7,1.4958806827166143e-08
2970.71,1.4018755018659675e-08
2970.72,1.2814268058149238e-08
2970.73,1.1500397938711636e-08
2970.74,1.0197922645170396e-08
2970.75,8.98257774066965e-09
2970.76,7.891425488872802e-09
2970.77,6.935022361138121e-09
2970.78,6.108583815557101e-09
2970.79,5.3999084901361245e-09
2970.8,4.794209438175571e-09
2970.81,4.27672416743171e-09
2970.82,3.833944289109162e-09
2970.83,3.454067342669715e-09
2970.84,3.127047122856188e-09
2970.85,2.844458470152617e-09
2970.86,2.5992925632714615e-09
2970.87,2.385740983569145e-09
2970.88,2.1989951498108387e-09
2970.89,2.0350711693317453e-09
2970.9,1.8906619724455786e-09
2970.91,1.7630148928042702e-09
2970.92,1.6498314526869152e-09
2970.93,1.5491858358390946e-09
2970.94,1.4594587609715808e-09
2970.95,1.3792838925518933e-09
2970.96,1.3075043871606442e-09
2970.97,1.2431376057835926e-09
2970.98,1.1853463978234057e-09
2970.99,1.1334156771340038e-09
2971.0,1.08673326720901e-09
2971.01,1.044774200202247e-09
2971.02,1.0051843921285768e-09
2971.03,9.713953987573507e-10
2971.04,9.411600493522618e-10
2971.05,9.141941461753717e-10
2971.06,8.902553794965713e-10
2971.07,8.691385139721455e-10
2971.08,8.506714965794941e-10
2971.09,8.347123613591236e-10
2971.1,8.211468371837655e-10
2971.11,8.09886591559365e-10
2971.12,8.047045915865423e-10
2971.13,7.979075209834393e-10
2971.14,7.932977468746883e-10
2971.15,7.908848352148658e-10
2971.16,7.907043588387695e-10
2971.17,7.928198789499867e-10
2971.18,7.973257782349262e-10
2971.19,8.043510971740263e-10
2971.2,8.140645632053257e-10
2971.21,8.266810343569419e-10
2971.22,8.424695868230292e-10
2971.23,8.61763420159117e-10
2971.24,8.84971551349889e-10
2971.25,9.125917541380707e-10
2971.26,9.45223055888701e-10
2971.27,9.835737688604383e-10
2971.28,1.0284566336982948e-09
2971.29,1.0809294895287659e-09
2971.3,1.1415110459976784e-09
2971.31,1.211047465805627e-09
2971.32,1.2897392151246562e-09
2971.33,1.3769995718997223e-09
2971.34,1.4713561419355335e-09
2971.35,1.570992653065964e-09
2971.36,1.6751400132195595e-09
2971.37,1.785703914303256e-09
2971.38,1.9079052498039756e-09
2971.39,2.0494601228707764e-09
2971.4,2.2125940826580796e-09
2971.41,2.4196846146780543e-09
2971.42,2.6734952270322703e-09
2971.43,2.9840557642501486e-09
2971.44,3.3621509048059693e-09
2971.45,3.8186875670096895e-09
2971.46,4.362603542846857e-09
2971.47,4.996333382239392e-09
2971.48,5.707794932291461e-09
2971.49,6.459048604459547e-09
2971.5,7.175800413196198e-09
2971.51,7.748742799918153e-09
2971.52,8.060214640158007e-09
2971.53,8.034113438230586e-09
2971.54,7.677164621388609e-09
2971.55,7.074969498428245e-09
2971.56,6.3466036613490734e-09
2971.57,5.596862370036381e-09
2971.58,4.893941399235431e-09
2971.59,4.2709860243168315e-09
2971.6,3.7365925662179874e-09
2971.61,3.286759724657205e-09
2971.62,2.911725663794233e-09
2971.63,2.600316258226441e-09
2971.64,2.341940824671764e-09
2971.65,2.1273620804350248e-09
2971.66,1.948858269118517e-09
2971.67,1.8001198545409047e-09
2971.68,1.6760533571336265e-09
2971.69,1.5725720473469798e-09
2971.7,1.4864061294686624e-09
2971.71,1.4149426601110427e-09
2971.72,1.3560955975842645e-09
2971.73,1.3082025984249396e-09
2971.74,1.2699441830457366e-09
2971.75,1.2402810779587677e-09
2971.76,1.2184061534972125e-09
2971.77,1.203708076387878e-09
2971.78,1.1957444492551613e-09
2971.79,1.1942227667140827e-09
2971.8,1.1989879680721227e-09
2971.81,1.210015702251254e-09
2971.82,1.2274106158683921e-09
2971.83,1.2514089605856501e-09
2971.84,1.2823844339379047e-09
2971.85,1.3208551036339413e-09
2971.86,1.3674869395331577e-09
2971.87,1.4230849431666727e-09
2971.88,1.4885549166696298e-09
2971.89,1.564807113563355e-09
2971.9,1.6525614125537746e-09
2971.91,1.7566515774316616e-09
2971.92,1.867099744211958e-09
2971.93,1.9865136710081264e-09
2971.94,2.111925646159099e-09
2971.95,2.2407207390418693e-09
2971.96,2.372691479952746e-09
2971.97,2.511441928367517e-09
2971.98,2.6639547121160146e-09
2971.99,2.838816700305846e-09
2972.0,3.044637159551024e-09
2972.01,3.289515944687354e-09
2972.02,3.581358624439398e-09
2972.03,3.9284923962482325e-09
2972.04,4.340207904802289e-09
2972.05,4.827051472030952e-09
2972.06,5.4007434947672405e-09
2972.07,6.073519927556736e-09
2972.08,6.8565298430588525e-09
2972.09,7.756718740864392e-09
2972.1,8.771495140719448e-09
2972.11,9.880709858509012e-09
2972.12,1.1036650068660826e-08
2972.13,1.2155518672012051e-08
2972.14,1.311784245395933e-08
2972.15,1.3786929172430415e-08
2972.16,1.4047452750498341e-08
2972.17,1.3849288445962822e-08
2972.18,1.3229327243319249e-08
2972.19,1.2295221248378291e-08
2972.2,1.1183147329737805e-08
2972.21,1.0016921775491685e-08
2972.22,8.886170725436804e-09
2972.23,7.84364246114493e-09
2972.24,6.912910515611986e-09
2972.25,6.098462838763129e-09
2972.26,5.3941217656240175e-09
2972.27,4.788777900422584e-09
2972.28,4.269810818601777e-09
2972.29,3.824909068051382e-09
2972.3,3.442910357607984e-09
2972.31,3.114093007906482e-09
2972.32,2.830185201665359e-09
2972.33,2.5842448846969127e-09
2972.34,2.3704927562395956e-09
2972.35,2.184139990973073e-09
2972.36,2.0212298348742423e-09
2972.37,1.8785003667870414e-09
2972.38,1.75326980453554e-09
2972.39,1.643343000213217e-09
2972.4,1.5469366237203412e-09
2972.41,1.462620037138744e-09
2972.42,1.389268369448043e-09
2972.43,1.3260232125430538e-09
2972.44,1.2722539102027737e-09
2972.45,1.2275075446330068e-09
2972.46,1.1914273066644584e-09
2972.47,1.1636072256115857e-09
2972.48,1.1433426541955876e-09
2972.49,1.1320233740594332e-09
2972.5,1.121631249827986e-09
2972.51,1.1111030740500476e-09
2972.52,1.095778438605557e-09
2972.53,1.0716331959488984e-09
2972.54,1.037104662306707e-09
2972.55,9.93832519769825e-10
2972.56,9.456217970091637e-10
2972.57,8.965744034257461e-10
2972.58,8.497653674476139e-10
2972.59,8.069054596134734e-10
2972.6,7.686176007704994e-10
2972.61,7.348615902469672e-10
2972.62,7.052740389301837e-10
2972.63,6.795775918725138e-10
2972.64,6.568952811674619e-10
2972.65,6.369897810601728e-10
2972.66,6.194860413900436e-10
2972.67,6.040692893483399e-10
2972.68,5.904788139343807e-10
2972.69,5.784999495257737e-10
2972.7,5.679562543058094e-10
2972.71,5.587026427290304e-10
2972.72,5.506196556604609e-10
2972.73,5.436088073235022e-10
2972.74,5.375888619207738e-10
2972.75,5.324928776414654e-10
2972.76,5.282658696210678e-10
2972.77,5.248629665314087e-10
2972.78,5.222479593285897e-10
2972.79,5.203921619060595e-10
2972.8,5.194612089537668e-10
2972.81,5.190647331178122e-10
2972.82,5.193786243747516e-10
2972.83,5.203972224023773e-10
2972.84,5.221196223113963e-10
2972.85,5.24549499343278e-10
2972.86,5.276950215131794e-10
2972.87,5.315688426775342e-10
2972.88,5.36188171579867e-10
2972.89,5.415749150979958e-10
2972.9,5.477558963662302e-10
2972.91,5.483171917645685e-10
2972.92,5.537863279950245e-10
2972.93,5.626144464222646e-10
2972.94,5.724000619985211e-10
2972.95,5.832008218120875e-10
2972.96,5.950825125400156e-10
2972.97,6.081200333744388e-10
2972.98,6.223985491945013e-10
2972.99,6.380148567625733e-10
2973.0,6.550790044828317e-10
2973.01,6.737162158189148e-10
2973.02,6.940691785092195e-10
2973.03,7.163007767975318e-10
2973.04,7.405973629803934e-10
2973.05,7.671726888442871e-10
2973.06,7.962726483934992e-10
2973.07,8.281810228089506e-10
2973.08,8.632264690478888e-10
2973.09,9.017910583271948e-10
2973.1,9.44320753453156e-10
2973.11,9.913383194346698e-10
2973.12,1.0434592944400274e-09
2973.13,1.1014118123520072e-09
2973.14,1.166061264065042e-09
2973.15,1.2384410043225508e-09
2973.16,1.3197905244113202e-09
2973.17,1.4116026453505456e-09
2973.18,1.5156811776351671e-09
2973.19,1.6342098106896727e-09
2973.2,1.7698311093630931e-09
2973.21,1.925730338066352e-09
2973.22,2.1057109113183326e-09
2973.23,2.3142355048923927e-09
2973.24,2.5563919648024267e-09
2973.25,2.837741358008523e-09
2973.26,3.1640574936518847e-09
2973.27,3.5411302434040153e-09
2973.28,3.975045301991078e-09
2973.29,4.4733176530920715e-09
2973.3,5.046350875610948e-09
2973.31,5.707125845341317e-09
2973.32,6.466483169329653e-09
2973.33,7.322853243197251e-09
2973.34,8.247552263691193e-09
2973.35,9.169804563878698e-09
2973.36,9.97176019854892e-09
2973.37,1.0509535311046516e-08
2973.38,1.0666646080621814e-08
2973.39,1.0413487355348394e-08
2973.4,9.824671312472416e-09
2973.41,9.038160815370099e-09
2973.42,8.19337500196004e-09
2973.43,7.391790661642488e-09
2973.44,6.689797946002261e-09
2973.45,6.109563648295466e-09
2973.46,5.653183959400571e-09
2973.47,5.313488472632391e-09
2973.48,5.080579397905024e-09
2973.49,4.945231263800834e-09
2973.5,4.900426802386491e-09
2973.51,4.941919390281386e-09
2973.52,5.068327853137765e-09
2973.53,5.2809998873038705e-09
2973.54,5.58370231861562e-09
2973.55,5.982062502882967e-09
2973.56,6.482556407530269e-09
2973.57,7.090695584291903e-09
2973.58,7.807926683640468e-09
2973.59,8.626729344727224e-09
2973.6,9.52374929016105e-09
2973.61,1.0451988788394626e-08
2973.62,1.1335445382072632e-08
2973.63,1.207237618690173e-08
2973.64,1.255337637610967e-08
2973.65,1.269333955708192e-08
2973.66,1.246345765678241e-08
2973.67,1.1903037999951524e-08
2973.68,1.1102448228467685e-08
2973.69,1.0169031001103196e-08
2973.7,9.196466683536889e-09
2973.71,8.255238773133708e-09
2973.72,7.370723872813723e-09
2973.73,6.5644307992920625e-09
2973.74,5.841129954316703e-09
2973.75,5.2001239560600055e-09
2973.76,4.637626308839437e-09
2973.77,4.1476432634805796e-09
2973.78,3.7227446133912126e-09
2973.79,3.3549408060217246e-09
2973.8,3.036427041105344e-09
2973.81,2.7600494352736945e-09
2973.82,2.5195125307413367e-09
2973.83,2.3094132773876266e-09
2973.84,2.125181719729795e-09
2973.85,1.9646356088777054e-09
2973.86,1.8212682250901663e-09
2973.87,1.6940431446241925e-09
2973.88,1.5807153575769443e-09
2973.89,1.4794010739340142e-09
2973.9,1.3885146642108258e-09
2973.91,1.306716742003642e-09
2973.92,1.2328716624731576e-09
2973.93,1.1659096157546451e-09
2973.94,1.1052116712059002e-09
2973.95,1.0499655680598757e-09
2973.96,9.995613642920407e-10
2973.97,9.534720034481248e-10
2973.98,9.11463522436964e-10
2973.99,8.726933925688504e-10
2974.0,8.370362394134525e-10
2974.01,8.041880654870983e-10
2974.02,7.738818721209269e-10
2974.03,7.460949714687693e-10
2974.04,7.201959684741201e-10
2974.05,6.962122117820771e-10
2974.06,6.73980498135872e-10
2974.07,6.533556579604489e-10
2974.08,6.34208294218827e-10
2974.09,6.164228480059814e-10
2974.1,5.998959391293029e-10
2974.11,5.845349388832558e-10
2974.12,5.702567396204345e-10
2974.13,5.569866916684293e-10
2974.14,5.446576831065249e-10
2974.15,5.332093419214556e-10
2974.16,5.225873434481288e-10
2974.17,5.127428087423167e-10
2974.18,5.036317818854365e-10
2974.19,4.952147761349203e-10
2974.2,4.874563805074541e-10
2974.21,4.803249197551978e-10
2974.22,4.737921619263191e-10
2974.23,4.678330687291233e-10
2974.24,4.6242558487344437e-10
2974.25,4.5755046338778884e-10
2974.26,4.5319112471405055e-10
2974.27,4.49333548119423e-10
2974.28,4.4596619472241625e-10
2974.29,4.4307996219906174e-10
2974.3,4.4066817205634066e-10
2974.31,4.3872659128647823e-10
2974.32,4.3725349126054147e-10
2974.33,4.3624974797127595e-10
2974.34,4.357189892308726e-10
2974.35,4.3566779628202904e-10
2974.36,4.361059695828106e-10
2974.37,4.3704687143765885e-10
2974.38,4.385078618490972e-10
2974.39,4.40510848706447e-10
2974.4,4.430829795287821e-10
2974.41,4.462575098355833e-10
2974.42,4.5007489334875194e-10
2974.43,4.5458415221934655e-10
2974.44,4.598446020265515e-10
2974.45,4.5986935398363326e-10
2974.46,4.668947989355743e-10
2974.47,4.749356465062997e-10
2974.48,4.841206332282522e-10
2974.49,4.946070255286774e-10
2974.5,5.065874136891207e-10
2974.51,5.202979720495323e-10
2974.52,5.360281406051016e-10
2974.53,5.541311973337486e-10
2974.54,5.75034116999077e-10
2974.55,5.992429039674286e-10
2974.56,6.273353106069037e-10
2974.57,6.599251417780941e-10
2974.58,6.975699012568415e-10
2974.59,7.405775223399292e-10
2974.6,7.8865901055042e-10
2974.61,8.40405996584485e-10
2974.62,8.92711298080597e-10
2974.63,9.405397056661238e-10
2974.64,9.77714174503508e-10
2974.65,9.989463950265843e-10
2974.66,1.0027319034108808e-09
2974.67,9.917543004344046e-10
2974.68,9.718079272851083e-10
2974.69,9.491185973919914e-10
2974.7,9.284878578648303e-10
2974.71,9.127867236717119e-10
2974.72,9.033168637181623e-10
2974.73,9.00403804547442e-10
2974.74,9.038879959626655e-10
2974.75,9.134391569402107e-10
2974.76,9.287286123746679e-10
2974.77,9.495129023492217e-10
2974.78,9.756696695397606e-10
2974.79,1.0072111902499066e-09
2974.8,1.0442894981896252e-09
2974.81,1.0841427450462355e-09
2974.82,1.1333475605848602e-09
2974.83,1.18942525390083e-09
2974.84,1.253129230748692e-09
2974.85,1.3253595979610438e-09
2974.86,1.40712445461243e-09
2974.87,1.499441520171103e-09
2974.88,1.6031344697289886e-09
2974.89,1.71847518498407e-09
2974.9,1.8446725813662713e-09
2974.91,1.979378485573464e-09
2974.92,2.1186829676818116e-09
2974.93,2.2582357927458843e-09
2974.94,2.3955609937888748e-09
2974.95,2.5322985341892313e-09
2974.96,2.6745650056303987e-09
2974.97,2.831164998059585e-09
2974.98,3.0112738848640644e-09
2974.99,3.2231455790229555e-09
2975.0,3.4740618574153583e-09
2975.01,3.770930601785529e-09
2975.02,4.120976565354643e-09
2975.03,4.53226270384815e-09
2975.04,5.013960760414459e-09
2975.05,5.576319261908708e-09
2975.06,6.230217285964638e-09
2975.07,6.9866149175706625e-09
2975.08,7.85246255229361e-09
2975.09,8.83057032496501e-09
2975.1,9.91295349807915e-09
2975.11,1.1076193307677793e-08
2975.12,1.2277935151745703e-08
2975.13,1.3458945508755688e-08
2975.14,1.455435520642709e-08
2975.15,1.5512753389317547e-08
2975.16,1.631292034030698e-08
2975.17,1.696311794237103e-08
2975.18,1.747588055129061e-08
2975.19,1.7829905023213842e-08
2975.2,1.7946995077386075e-08
2975.21,1.771244926235958e-08
2975.22,1.7040594961227606e-08
2975.23,1.594152420629294e-08
2975.24,1.4530989498867475e-08
2975.25,1.297677180371027e-08
2975.26,1.1431578125193091e-08
2975.27,9.997156721608426e-09
2975.28,8.721859361640401e-09
2975.29,7.617741532484565e-09
2975.3,6.675358225725921e-09
2975.31,5.876283229639071e-09
2975.32,5.199796962305982e-09
2975.33,4.626469185752052e-09
2975.34,4.138515571012279e-09
2975.35,3.7215559292339993e-09
2975.36,3.363485538070825e-09
2975.37,3.0543875575369193e-09
2975.38,2.786172238537456e-09
2975.39,2.552243759318825e-09
2975.4,2.3472146791018634e-09
2975.41,2.166670335186163e-09
2975.42,2.006978363999174e-09
2975.43,1.865136335069848e-09
2975.44,1.738650468405979e-09
2975.45,1.6254392247412394e-09
2975.46,1.5237565977175226e-09
2975.47,1.4321309373082264e-09
2975.48,1.3493159982922786e-09
2975.49,1.280684351938518e-09
2975.5,1.212503253175155e-09
2975.51,1.1503901160394676e-09
2975.52,1.0936755376913762e-09
2975.53,1.0417807453190576e-09
2975.54,9.942035472336409e-10
2975.55,9.505067448014412e-10
2975.56,9.103085342534623e-10
2975.57,8.732745248792305e-10
2975.58,8.391110764642792e-10
2975.59,8.07559718449203e-10
2975.6,7.783924604252677e-10
2975.61,7.514078406604423e-10
2975.62,7.264275889949933e-10
2975.63,7.032938039692061e-10
2975.64,6.818665631153956e-10
2975.65,6.620219006521872e-10
2975.66,6.436500994640527e-10
2975.67,6.266542545829791e-10
2975.68,6.109490741801805e-10
2975.69,5.964598914977552e-10
2975.7,5.831218677775784e-10
2975.71,5.708793721780716e-10
2975.72,5.596855303841461e-10
2975.73,5.495019392130292e-10
2975.74,5.402985504513679e-10
2975.75,5.320537335970199e-10
2975.76,5.247545346276673e-10
2975.77,5.183971566939008e-10
2975.78,5.129876993617811e-10
2975.79,5.085432062731163e-10
2975.8,5.05093087585657e-10
2975.81,5.026810040859892e-10
2975.82,5.013673250259343e-10
2975.83,5.012323017187113e-10
2975.84,5.022651888091739e-10
2975.85,5.048298751398993e-10
2975.86,5.089796379194165e-10
2975.87,5.149270453268119e-10
2975.88,5.229380206195504e-10
2975.89,5.333430332080514e-10
2975.9,5.465489103192077e-10
2975.91,5.630489299166902e-10
2975.92,5.834258999403043e-10
2975.93,6.083373517131155e-10
2975.94,6.384622478185806e-10
2975.95,6.743737392555702e-10
2975.96,7.162856623026103e-10
2975.97,7.636183732271281e-10
2975.98,8.143879655470449e-10
2975.99,8.64616089902394e-10
2976.0,9.027892043702749e-10
2976.01,9.331473437105508e-10
2976.02,9.451631313175473e-10
2976.03,9.382175361698207e-10
2976.04,9.165365976534682e-10
2976.05,8.871492163065534e-10
2976.06,8.570879397602273e-10
2976.07,8.316564323428431e-10
2976.08,8.141138907493502e-10
2976.09,8.061343686656703e-10
2976.1,8.08374898144785e-10
2976.11,8.208119503846453e-10
2976.12,8.427411919949747e-10
2976.13,8.724445504468411e-10
2976.14,9.066411254940058e-10
2976.15,9.400792094495873e-10
2976.16,9.659385358807487e-10
2976.17,9.776277616183156e-10
2976.18,9.715066449949132e-10
2976.19,9.486722317578887e-10
2976.2,9.142403405541438e-10
2976.21,8.747667586359919e-10
2976.22,8.358455380132315e-10
2976.23,8.010806604578915e-10
2976.24,7.722204303199576e-10
2976.25,7.497504774832887e-10
2976.26,7.334672222489648e-10
2976.27,7.228728026478802e-10
2976.28,7.174007933270519e-10
2976.29,7.165275062169835e-10
2976.3,7.198178098772094e-10
2976.31,7.269376759095429e-10
2976.32,7.376518382734991e-10
2976.33,7.518161580396988e-10
2976.34,7.693693374873554e-10
2976.35,7.903260500797125e-10
2976.36,8.147722980710791e-10
2976.37,8.428632501979281e-10
2976.38,8.748236040623736e-10
2976.39,9.109504818174397e-10
2976.4,9.516189140731939e-10
2976.41,9.972900520358745e-10
2976.42,1.0485223520732159e-09
2976.43,1.1059860901720932e-09
2976.44,1.1704816799862238e-09
2976.45,1.2429623778084037e-09
2976.46,1.3245620441171937e-09
2976.47,1.4166286598912286e-09
2976.48,1.5207642036651516e-09
2976.49,1.6388711654318576e-09
2976.5,1.7732052009171512e-09
2976.51,1.9264318562179817e-09
2976.52,2.1016823144363014e-09
2976.53,2.3025977375179827e-09
2976.54,2.533597209754223e-09
2976.55,2.798806737482707e-09
2976.56,3.1034034429870727e-09
2976.57,3.4521974588457852e-09
2976.58,3.8491145504441815e-09
2976.59,4.2958689894371026e-09
2976.6,4.789888655950637e-09
2976.61,5.321433767954268e-09
2976.62,5.870267363560874e-09
2976.63,6.4030591684106e-09
2976.64,6.873600873505941e-09
2976.65,7.229309970946986e-09
2976.66,7.422551517396878e-09
2976.67,7.426128330277864e-09
2976.68,7.239353383926776e-09
2976.69,6.902084045463668e-09
2976.7,6.460734670007744e-09
2976.71,5.967534175963848e-09
2976.72,5.467113965798926e-09
2976.73,4.990736169707223e-09
2976.74,4.5569456967904995e-09
2976.75,4.174449450068129e-09
2976.76,3.845435330094504e-09
2976.77,3.568330619646918e-09
2976.78,3.3397474958386584e-09
2976.79,3.1557158734150048e-09
2976.8,3.012402223852544e-09
2976.81,2.9064981777685802e-09
2976.82,2.835415616039345e-09
2976.83,2.797379750761554e-09
2976.84,2.7914781101945608e-09
2976.85,2.817701319570725e-09
2976.86,2.8769983001943003e-09
2976.87,2.971361065511454e-09
2976.88,3.1039502743918795e-09
2976.89,3.2792700763939437e-09
2976.9,3.5033973616787237e-09
2976.91,3.784263094231887e-09
2976.92,4.1319662905180404e-09
2976.93,4.559063863900056e-09
2976.94,5.080702786285705e-09
2976.95,5.714312247238642e-09
2976.96,6.47830564557495e-09
2976.97,7.388813634628571e-09
2976.98,8.452934348968892e-09
2976.99,9.65675590230176e-09
2977.0,1.09477334397652e-08
2977.01,1.2216182438412346e-08
2977.02,1.3290709462225235e-08
2977.03,1.3969715624713507e-08
2977.04,1.409555484209221e-08
2977.05,1.3633275398487489e-08
2977.06,1.2689994636363845e-08
2977.07,1.1457678064614619e-08
2977.08,1.0128342724301223e-08
2977.09,8.84156561168431e-09
2977.1,7.674554518865456e-09
2977.11,6.656640036036998e-09
2977.12,5.788423036547011e-09
2977.13,5.056544164938949e-09
2977.14,4.442688734427921e-09
2977.15,3.9282634437605685e-09
2977.16,3.4964552832770995e-09
2977.17,3.1329014634778545e-09
2977.18,2.825700811400519e-09
2977.19,2.565156394108436e-09
2977.2,2.3434407871489015e-09
2977.21,2.1542697960756746e-09
2977.22,1.9926177313706525e-09
2977.23,1.8544826710521734e-09
2977.24,1.7366996015576587e-09
2977.25,1.6441483491604971e-09
2977.26,1.5602764215494343e-09
2977.27,1.491004587132057e-09
2977.28,1.435387735359975e-09
2977.29,1.392882113057586e-09
2977.3,1.3633093796669804e-09
2977.31,1.3468118668669762e-09
2977.32,1.3437729520835514e-09
2977.33,1.3546588117080118e-09
2977.34,1.3797158307553171e-09
2977.35,1.4184474846663142e-09
2977.36,1.4688411994658256e-09
2977.37,1.526497131943335e-09
2977.38,1.5841516730667264e-09
2977.39,1.632328868844756e-09
2977.4,1.6613913394968268e-09
2977.41,1.6650802623685274e-09
2977.42,1.6378073465296958e-09
2977.43,1.581176861631545e-09
2977.44,1.4997095400635368e-09
2977.45,1.4012824543428385e-09
2977.46,1.295308657843624e-09
2977.47,1.1902782714095562e-09
2977.48,1.092108597888475e-09
2977.49,1.0038900799074127e-09
2977.5,9.265381723926232e-10
2977.51,8.59652672796834e-10
2977.52,8.022023060031262e-10
2977.53,7.529540580689176e-10
2977.54,7.107001563475664e-10
2977.55,6.743579421509649e-10
2977.56,6.430004372031556e-10
2977.57,6.158534359670249e-10
2977.58,5.875354067345279e-10
2977.59,5.670346724913759e-10
2977.6,5.491566960596059e-10
2977.61,5.335527428548413e-10
2977.62,5.199375863002127e-10
2977.63,5.080775505620932e-10
2977.64,4.977808968995666e-10
2977.65,4.888901569070411e-10
2977.66,4.812760447876131e-10
2977.67,4.748326342894079e-10
2977.68,4.694735429341244e-10
2977.69,4.6512891787696757e-10
2977.7,4.61743061521781e-10
2977.71,4.5927257069030314e-10
2977.72,4.576848917142756e-10
2977.73,4.569572164530661e-10
2977.74,4.570756621804471e-10
2977.75,4.580346925459041e-10
2977.76,4.5983674829501525e-10
2977.77,4.624920658249465e-10
2977.78,4.660186695367291e-10
2977.79,4.704425307845681e-10
2977.8,4.757978924145328e-10
2977.81,4.821277637386114e-10
2977.82,4.897540784297875e-10
2977.83,4.982021813328957e-10
2977.84,5.07814207816074e-10
2977.85,5.186770976622031e-10
2977.86,5.308921889887513e-10
2977.87,5.445771983583183e-10
2977.88,5.598686035045117e-10
2977.89,5.769245045106223e-10
2977.9,5.959280565187875e-10
2977.91,6.1709158759341e-10
2977.92,6.406615398912595e-10
2977.93,6.669244009899764e-10
2977.94,6.962138253599137e-10
2977.95,7.289191826510862e-10
2977.96,7.654958079799906e-10
2977.97,8.064772649636973e-10
2977.98,8.524899562413674e-10
2977.99,9.042704114994288e-10
2978.0,9.626855196890794e-10
2978.01,1.028755796461392e-09
2978.02,1.103508404122499e-09
2978.03,1.188697885790565e-09
2978.04,1.2857922014242342e-09
2978.05,1.3966894464586798e-09
2978.06,1.5235512691742869e-09
2978.07,1.668780682187913e-09
2978.08,1.8352183715789724e-09
2978.09,2.0248746742908098e-09
2978.1,2.2402370749774726e-09
2978.11,2.4826089418108177e-09
2978.12,2.7514825483944835e-09
2978.13,3.043255924319198e-09
2978.14,3.3496447635870908e-09
2978.15,3.6561622054225955e-09
2978.16,3.941485306933419e-09
2978.17,4.178892528508048e-09
2978.18,4.34069289893275e-09
2978.19,4.405157548677991e-09
2978.2,4.3633490201972354e-09
2978.21,4.2222515958830605e-09
2978.22,4.002319322869084e-09
2978.23,3.730928100999296e-09
2978.24,3.4352699753084518e-09
2978.25,3.1375322818612873e-09
2978.26,2.8531100902471707e-09
2978.27,2.5910436495350042e-09
2978.28,2.3554809798291595e-09
2978.29,2.1472867017328773e-09
2978.3,1.9652124997617303e-09
2978.31,1.807489835407795e-09
2978.32,1.671468891747524e-09
2978.33,1.55462316330563e-09
2978.34,1.4545783043161162e-09
2978.35,1.3692000552895005e-09
2978.36,1.296622545158695e-09
2978.37,1.2352444239257225e-09
2978.38,1.1837093550063362e-09
2978.39,1.1408803720081163e-09
2978.4,1.1058132955865914e-09
2978.41,1.077731860353597e-09
2978.42,1.0560057510279597e-09
2978.43,1.0401319559331728e-09
2978.44,1.0297194419676925e-09
2978.45,1.0244769738067287e-09
2978.46,1.024203843580474e-09
2978.47,1.0287832896376128e-09
2978.48,1.0381784327152605e-09
2978.49,1.0524306283840183e-09
2978.5,1.0716602180651457e-09
2978.51,1.0960697542699215e-09
2978.52,1.1259498787007713e-09
2978.53,1.1616881446668558e-09
2978.54,1.1992016204163783e-09
2978.55,1.2482986826539038e-09
2978.56,1.3051396702958845e-09
2978.57,1.3706637583651502e-09
2978.58,1.446013331881649e-09
2978.59,1.5325714988319174e-09
2978.6,1.6320044268088952e-09
2978.61,1.7463048611842776e-09
2978.62,1.8778281207393988e-09
2978.63,2.0293027772258414e-09
2978.64,2.2037838999535815e-09
2978.65,2.404499390922325e-09
2978.66,2.6345335521488993e-09
2978.67,2.8963375145754195e-09
2978.68,3.191227261929868e-09
2978.69,3.519364947580283e-09
2978.7,3.880996428263206e-09
2978.71,4.2792962193698054e-09
2978.72,4.723693230399675e-09
2978.73,5.231330706954289e-09
2978.74,5.825357086022243e-09
2978.75,6.531176788336507e-09
2978.76,7.372553394088537e-09
2978.77,8.368073854482343e-09
2978.78,9.526894399760052e-09
2978.79,1.0841644313799743e-08
2978.8,1.2275692307733143e-08
2978.81,1.3743931764146872e-08
2978.82,1.5095265326995427e-08
2978.83,1.6119235572207786e-08
2978.84,1.6600820454644008e-08
2978.85,1.6413351809993817e-08
2978.86,1.5587561568340062e-08
2978.87,1.4296222756387529e-08
2978.88,1.276853328826193e-08
2978.89,1.120431677512438e-08
2978.9,9.734461452173168e-09
2978.91,8.42350862972526e-09
2978.92,7.290088308965637e-09
2978.93,6.326744433744308e-09
2978.94,5.514979621824398e-09
2978.95,4.83290035634619e-09
2978.96,4.2593988956048975e-09
2978.97,3.7758094854393935e-09
2978.98,3.3663379438794883e-09
2978.99,3.0261551447539866e-09
2979.0,2.728202762673023e-09
2979.01,2.4720037793183432e-09
2979.02,2.250541860969955e-09
2979.03,2.0581216676918887e-09
2979.04,1.8901073840505886e-09
2979.05,1.7427113916305707e-09
2979.06,1.6128255364701255e-09
2979.07,1.4978872129156424e-09
2979.08,1.3957733107689193e-09
2979.09,1.3047162043693895e-09
2979.1,1.223237077066368e-09
2979.11,1.1500928485727635e-09
2979.12,1.0845125255432858e-09
2979.13,1.0250497758862808e-09
2979.14,9.71223318572207e-10
2979.15,9.223844610061238e-10
2979.16,8.779762763602269e-10
2979.17,8.375189023586528e-10
2979.18,8.005974899575784e-10
2979.19,7.668522830472511e-10
2979.2,7.321707215601334e-10
2979.21,7.038981216362907e-10
2979.22,6.779776212056901e-10
2979.23,6.542005863742852e-10
2979.24,6.323841259472752e-10
2979.25,6.123677675098224e-10
2979.26,5.940106625851361e-10
2979.27,5.771892344451298e-10
2979.28,5.617951986460164e-10
2979.29,5.499341720301384e-10
2979.3,5.37133350703684e-10
2979.31,5.255115731581702e-10
2979.32,5.150076161530382e-10
2979.33,5.0556960067861e-10
2979.34,4.97154378596517e-10
2979.35,4.897270681927732e-10
2979.36,4.832607293698103e-10
2979.37,4.777361730750927e-10
2979.38,4.731419032178458e-10
2979.39,4.694741929889876e-10
2979.4,4.66737301218849e-10
2979.41,4.649438383762616e-10
2979.42,4.639181377089618e-10
2979.43,4.640867535419131e-10
2979.44,4.652929594328984e-10
2979.45,4.675900149563475e-10
2979.46,4.713229897939708e-10
2979.47,4.760171857183567e-10
2979.48,4.82047900506366e-10
2979.49,4.895327323054811e-10
2979.5,4.986117741288087e-10
2979.51,5.09451185478615e-10
2979.52,5.222473716434349e-10
2979.53,5.372318045891212e-10
2979.54,5.546764696032578e-10
2979.55,5.748998256019659e-10
2979.56,5.980869994584414e-10
2979.57,6.250406801339923e-10
2979.58,6.560662453411463e-10
2979.59,6.917200428179183e-10
2979.6,7.326167347357605e-10
2979.61,7.794120123662122e-10
2979.62,8.327656453881603e-10
2979.63,8.932733167276221e-10
2979.64,9.613518131157544e-10
2979.65,1.0370598285550058e-09
2979.66,1.1198401670599384e-09
2979.67,1.2081863223945498e-09
2979.68,1.2992777689884934e-09
2979.69,1.388699860521151e-09
2979.7,1.4704494207296264e-09
2979.71,1.537463357130903e-09
2979.72,1.5827923775019627e-09
2979.73,1.6012207317682265e-09
2979.74,1.5907446844937757e-09
2979.75,1.5532021025208451e-09
2979.76,1.4937158340695873e-09
2979.77,1.4192511423029096e-09
2979.78,1.3369863193625727e-09
2979.79,1.2531031921913817e-09
2979.8,1.1722220163217365e-09
2979.81,1.0973731664773188e-09
2979.82,1.0302701475922094e-09
2979.83,9.71678370308584e-10
2979.84,9.217586877023189e-10
2979.85,8.80337989805521e-10
2979.86,8.471023316181171e-10
2979.87,8.217263523227898e-10
2979.88,8.039565511357451e-10
2979.89,7.936631657186858e-10
2979.9,7.908700404919703e-10
2979.91,7.957652488804817e-10
2979.92,8.08686845851589e-10
2979.93,8.300664818661389e-10
2979.94,8.602973474780322e-10
2979.95,8.99473941278336e-10
2979.96,9.469426816597447e-10
2979.97,1.000643506859663e-09
2979.98,1.0563854121832292e-09
2979.99,1.1075285700091673e-09
2980.0,1.14585160830889e-09
2980.01,1.1640572945676598e-09
2980.02,1.158982698291575e-09
2980.03,1.1332624265818256e-09
2980.04,1.0940319556311174e-09
2980.05,1.049792647912755e-09
2980.06,1.0077335298275876e-09
2980.07,9.726672164532416e-10
2980.08,9.472501597866576e-10
2980.09,9.326958006308452e-10
2980.1,9.294510385115094e-10
2980.11,9.37645834323321e-10
2980.12,9.572992314254901e-10
2980.13,9.883016358902175e-10
2980.14,1.0301716083673966e-09
2980.15,1.0815680674567938e-09
2980.16,1.1395894381778034e-09
2980.17,1.1990870966137347e-09
2980.18,1.2525685477436346e-09
2980.19,1.29147197137864e-09
2980.2,1.3090014867050106e-09
2980.21,1.3031736755982002e-09
2980.22,1.2777961730955003e-09
2980.23,1.2405322683035182e-09
2980.24,1.1996645028857508e-09
2980.25,1.1617297026815638e-09
2980.26,1.1307885161992823e-09
2980.27,1.1089976068950672e-09
2980.28,1.0965740318666392e-09
2980.29,1.0935882718083342e-09
2980.3,1.0996349963275176e-09
2980.31,1.1142750957479044e-09
2980.32,1.1371648753741848e-09
2980.33,1.168115588579635e-09
2980.34,1.2071179550505512e-09
2980.35,1.2543519731373869e-09
2980.36,1.3101931896577933e-09
2980.37,1.3752214286089679e-09
2980.38,1.4502353440148595e-09
2980.39,1.5308440303191836e-09
2980.4,1.6292556496735888e-09
2980.41,1.7416390788807792e-09
2980.42,1.870004143191481e-09
2980.43,2.017094916553695e-09
2980.44,2.185370958733818e-09
2980.45,2.378808608905611e-09
2980.46,2.6019472780607995e-09
2980.47,2.860371004588926e-09
2980.48,3.1609620590697174e-09
2980.49,3.5122117413971814e-09
2980.5,3.924589479875134e-09
2980.51,4.410956410602181e-09
2980.52,4.9869759309913805e-09
2980.53,5.671403526429344e-09
2980.54,6.4860004477221335e-09
2980.55,7.454562389133483e-09
2980.56,8.600128855378108e-09
2980.57,9.938835742533372e-09
2980.58,1.1468332359636341e-08
2980.59,1.3149134136242231e-08
2980.6,1.488087815684255e-08
2980.61,1.648477007427401e-08
2980.62,1.771605948454629e-08
2980.63,1.8329347203394408e-08
2980.64,1.818239253517246e-08
2980.65,1.731028070615755e-08
2980.66,1.590626202147117e-08
2980.67,1.4226598032708127e-08
2980.68,1.249575549433589e-08
2980.69,1.0862205812567245e-08
2980.7,9.40059228763182e-09
2980.71,8.142781413991153e-09
2980.72,7.064400494278999e-09
2980.73,6.154635176079538e-09
2980.74,5.389645543986693e-09
2980.75,4.746180734175267e-09
2980.76,4.203539369720891e-09
2980.77,3.744124866512629e-09
2980.78,3.35334675705051e-09
2980.79,3.019264174476396e-09
2980.8,2.732164442644675e-09
2980.81,2.4841621139761016e-09
2980.82,2.2688501415872416e-09
2980.83,2.080788675050879e-09
2980.84,1.9161553177331086e-09
2980.85,1.76853803331894e-09
2980.86,1.6404414451027928e-09
2980.87,1.5267695357651158e-09
2980.88,1.4255311515520629e-09
2980.89,1.3350610165729627e-09
2980.9,1.253959990150508e-09
2980.91,1.1810473184208248e-09
2980.92,1.1153223282856943e-09
2980.93,1.055933573949641e-09
2980.94,1.0021538851947966e-09
2980.95,9.533601079623024e-10
2980.96,9.090165920824347e-10
2980.97,8.686616861004292e-10
2980.98,8.318966580630372e-10
2980.99,7.983765851081916e-10
2981.0,7.678028514152632e-10
2981.01,7.39916970361021e-10
2981.02,7.144955070291588e-10
2981.03,6.913459256770235e-10
2981.04,6.703032261018555e-10
2981.05,6.545626904652263e-10
2981.06,6.373521743516618e-10
2981.07,6.218950852653345e-10
2981.08,6.081156505062927e-10
2981.09,5.959579431107985e-10
2981.1,5.853859677197401e-10
2981.11,5.763843277314336e-10
2981.12,5.68959541399221e-10
2981.13,5.631421049649311e-10
2981.14,5.589894350730277e-10
2981.15,5.565898592254074e-10
2981.16,5.560678576803204e-10
2981.17,5.575907822005595e-10
2981.18,5.613772630341226e-10
2981.19,5.677074170873416e-10
2981.2,5.769346915427556e-10
2981.21,5.894985338819612e-10
2981.22,6.059357289612822e-10
2981.23,6.268855792999802e-10
2981.24,6.530791287282415e-10
2981.25,6.852939364525688e-10
2981.26,7.242422196198693e-10
2981.27,7.703426486813957e-10
2981.28,8.233147716811783e-10
2981.29,8.815617037690522e-10
2981.3,9.41435289590018e-10
2981.31,9.967679415441299e-10
2981.32,1.0393959553077948e-09
2981.33,1.061289433702236e-09
2981.34,1.0577766817917538e-09
2981.35,1.0298434341575409e-09
2981.36,9.83641455832645e-10
2981.37,9.276283370753327e-10
2981.38,8.695367989156656e-10
2981.39,8.147843299052979e-10
2981.4,7.663610523443157e-10
2981.41,7.254519826098837e-10
2981.42,6.921623150796925e-10
2981.43,6.660722030552234e-10
2981.44,6.465843544957156e-10
2981.45,6.331150433649719e-10
2981.46,6.251881569417346e-10
2981.47,6.224764176773421e-10
2981.48,6.248169460687475e-10
2981.49,6.322158379954114e-10
2981.5,6.448480718829219e-10
2981.51,6.6305290828411e-10
2981.52,6.873188950275145e-10
2981.53,7.18244567318019e-10
2981.54,7.564490429090111e-10
2981.55,8.023905050224356e-10
2981.56,8.560352851822937e-10
2981.57,9.163266435365901e-10
2981.58,9.804797371217152e-10
2981.59,1.0433463693868053e-09
2981.6,1.097699726674281e-09
2981.61,1.1345989530976924e-09
2981.62,1.147851348250968e-09
2981.63,1.1359010158186442e-09
2981.64,1.1028947766155892e-09
2981.65,1.0566758671741442e-09
2981.66,1.005602773878222e-09
2981.67,9.562614159825803e-10
2981.68,9.12766848209508e-10
2981.69,8.771411654102012e-10
2981.7,8.500375634975523e-10
2981.71,8.313864817849927e-10
2981.72,8.208404831005051e-10
2981.73,8.180397563172311e-10
2981.74,8.227554220573632e-10
2981.75,8.349569353129676e-10
2981.76,8.550988432104654e-10
2981.77,8.829834209488099e-10
2981.78,9.192459126126118e-10
2981.79,9.639327456480147e-10
2981.8,1.0161552160909282e-09
2981.81,1.0732089593509333e-09
2981.82,1.1298945858798652e-09
2981.83,1.1791750572280474e-09
2981.84,1.2150944556383294e-09
2981.85,1.2365260185186286e-09
2981.86,1.2481860981985392e-09
2981.87,1.2577876384565754e-09
2981.88,1.2723583287538211e-09
2981.89,1.2965323185207718e-09
2981.9,1.3327691444686183e-09
2981.91,1.382242525949057e-09
2981.92,1.4456014270413425e-09
2981.93,1.523414937795829e-09
2981.94,1.6163631523232267e-09
2981.95,1.7252620772705419e-09
2981.96,1.850971493106756e-09
2981.97,1.9941947377085184e-09
2981.98,2.155153071289035e-09
2981.99,2.3331084934618598e-09
2982.0,2.5257267209072455e-09
2982.01,2.728334005763235e-09
2982.02,2.933244675701577e-09
2982.03,3.12950830397203e-09
2982.04,3.303555646152603e-09
2982.05,3.441120347630368e-09
2982.06,3.5303007429291777e-09
2982.07,3.5648207232404693e-09
2982.08,3.5460335300180965e-09
2982.09,3.482620022599739e-09
2982.1,3.3881502576387e-09
2982.11,3.2777584771985087e-09
2982.12,3.165327805357158e-09
2982.13,3.061921697169424e-09
2982.14,2.975429435773972e-09
2982.15,2.910989660682458e-09
2982.16,2.8715005351936023e-09
2982.17,2.8593125654492454e-09
2982.18,2.8754657977301743e-09
2982.19,2.9211143404532643e-09
2982.2,2.997654187309334e-09
2982.21,3.1069985429894624e-09
2982.22,3.245462091255004e-09
2982.23,3.4293878734077506e-09
2982.24,3.657464054411606e-09
2982.25,3.935415775316762e-09
2982.26,4.271277116420448e-09
2982.27,4.675676653992192e-09
2982.28,5.161063413775449e-09
2982.29,5.743117415426174e-09
2982.3,6.440861142781086e-09
2982.31,7.276716560723381e-09
2982.32,8.27582421583429e-09
2982.33,9.463800527416993e-09
2982.34,1.0861529655418539e-08
2982.35,1.2474942177153692e-08
2982.36,1.4277681552174247e-08
2982.37,1.6186864079400125e-08
2982.38,1.803961696799988e-08
2982.39,1.9591078678975732e-08
2982.4,2.05617856533453e-08
2982.41,2.0748613986005e-08
2982.42,2.008908431729865e-08
2982.43,1.8742152214247027e-08
2982.44,1.6972906256206832e-08
2982.45,1.505040573267405e-08
2982.46,1.3174741467984943e-08
2982.47,1.146084933702307e-08
2982.48,9.956077559876036e-09
2982.49,8.665710790521207e-09
2982.5,7.573584940874636e-09
2982.51,6.655161589697967e-09
2982.52,5.884612482277209e-09
2982.53,5.2381276666774e-09
2982.54,4.6951401142495e-09
2982.55,4.2368775197447805e-09
2982.56,3.8526626802678e-09
2982.57,3.52963341647157e-09
2982.58,3.258868679631121e-09
2982.59,3.0333045418707263e-09
2982.6,2.8473041050203162e-09
2982.61,2.6961935663234216e-09
2982.62,2.5757017058525814e-09
2982.63,2.4812463827248288e-09
2982.64,2.4070919067067e-09
2982.65,2.3456195434016145e-09
2982.66,2.2872890880236092e-09
2982.67,2.222002707869168e-09
2982.68,2.1419147522860236e-09
2982.69,2.044269281454423e-09
2982.7,1.93213467676834e-09
2982.71,1.8123871989564464e-09
2982.72,1.6925436787329213e-09
2982.73,1.5784654973132746e-09
2982.74,1.473626223522932e-09
2982.75,1.3794502857980816e-09
2982.76,1.296005963576921e-09
2982.77,1.2226289854620462e-09
2982.78,1.1627305769901167e-09
2982.79,1.1065390638489913e-09
2982.8,1.0574502423793101e-09
2982.81,1.0146177521220904e-09
2982.82,9.773277900408855e-10
2982.83,9.449957705809061e-10
2982.84,9.171561299132089e-10
2982.85,8.934509080453285e-10
2982.86,8.736198081163285e-10
2982.87,8.574929260168626e-10
2982.88,8.449866143612226e-10
2982.89,8.361026046141848e-10
2982.9,8.309303215187661e-10
2982.91,8.296521102185394e-10
2982.92,8.325506753215081e-10
2982.93,8.403728897150854e-10
2982.94,8.529144201586306e-10
2982.95,8.711429012618798e-10
2982.96,8.957550841315521e-10
2982.97,9.274578629211031e-10
2982.98,9.668129133855037e-10
2982.99,1.0139462819642117e-09
2983.0,1.0680723732064559e-09
2983.01,1.1268403465225874e-09
2983.02,1.185689012000972e-09
2983.03,1.2377049528703224e-09
2983.04,1.2746892013107804e-09
2983.05,1.28970393848175e-09
2983.06,1.2800655899466439e-09
2983.07,1.2487293458206533e-09
2983.08,1.202942591540983e-09
2983.09,1.1515324306080929e-09
2983.1,1.1013499014237423e-09
2983.11,1.0577485250966206e-09
2983.12,1.0237238434278503e-09
2983.13,1.0008280135308798e-09
2983.14,9.89815429326358e-10
2983.15,9.91047446990133e-10
2983.16,1.0045725291977147e-09
2983.17,1.0298110359043958e-09
2983.18,1.0647692320666331e-09
2983.19,1.1048829839281832e-09
2983.2,1.142200723367882e-09
2983.21,1.1664617870081111e-09
2983.22,1.169164783324588e-09
2983.23,1.148487921848593e-09
2983.24,1.1103686609644876e-09
2983.25,1.0645418109409359e-09
2983.26,1.0196366565759516e-09
2983.27,9.809321191704325e-10
2983.28,9.50645197556924e-10
2983.29,9.291022263346001e-10
2983.3,9.157519150823493e-10
2983.31,9.09775145214777e-10
2983.32,9.103816618332299e-10
2983.33,9.169276409276449e-10
2983.34,9.289470659155152e-10
2983.35,9.461478128766257e-10
2983.36,9.683969584391424e-10
2983.37,9.957059860192808e-10
2983.38,1.0282200178697383e-09
2983.39,1.0662123611881723e-09
2983.4,1.1100845654582185e-09
2983.41,1.160371868946284e-09
2983.42,1.2177539013704169e-09
2983.43,1.2830705858752913e-09
2983.44,1.3573432283817577e-09
2983.45,1.4418007041043504e-09
2983.46,1.537910338669128e-09
2983.47,1.6474123610109555e-09
2983.48,1.7723553936228238e-09
2983.49,1.9151278793203605e-09
2983.5,2.0782238413776487e-09
2983.51,2.2652397815952366e-09
2983.52,2.479285897180179e-09
2983.53,2.723820481546668e-09
2983.54,3.002040948272343e-09
2983.55,3.3162511145331514e-09
2983.56,3.6668307812376905e-09
2983.57,4.050706352718083e-09
2983.58,4.459342182057368e-09
2983.59,4.876581066056642e-09
2983.6,5.277201214745949e-09
2983.61,5.627649729853398e-09
2983.62,5.8904666636853864e-09
2983.63,6.032608192932508e-09
2983.64,6.035430098040639e-09
2983.65,5.9001664735079875e-09
2983.66,5.6488050355986595e-09
2983.67,5.3158347535762505e-09
2983.68,4.9386944619474574e-09
2983.69,4.549965063600386e-09
2983.7,4.173580509030894e-09
2983.71,3.824280789097149e-09
2983.72,3.510286548761671e-09
2983.73,3.2339196300939993e-09
2983.74,2.9945913374613044e-09
2983.75,2.789993515240264e-09
2983.76,2.6170626478205723e-09
2983.77,2.4725654890013844e-09
2983.78,2.353425095061572e-09
2983.79,2.2568829516708423e-09
2983.8,2.180564421648195e-09
2983.81,2.1224911348924843e-09
2983.82,2.081067133188803e-09
2983.83,2.0550545745355634e-09
2983.84,2.0435479813372245e-09
2983.85,2.045951977644812e-09
2983.86,2.0619651776823347e-09
2983.87,2.0915716769351656e-09
2983.88,2.1350410179736165e-09
2983.89,2.1929372713752363e-09
2983.9,2.266137785058577e-09
2983.91,2.3558620288596177e-09
2983.92,2.463710565309855e-09
2983.93,2.591713155018602e-09
2983.94,2.74238277398934e-09
2983.95,2.918767981901303e-09
2983.96,3.1244884911635333e-09
2983.97,3.3637272391984273e-09
2983.98,3.6411389244504255e-09
2983.99,3.961630956874221e-09
2984.0,4.33000862715179e-09
2984.01,4.7506064415850926e-09
2984.02,5.227288262180856e-09
2984.03,5.764461683093385e-09
2984.04,6.362320658457188e-09
2984.05,7.04927264563894e-09
2984.06,7.84066137203881e-09
2984.07,8.767345920461984e-09
2984.08,9.864748379212688e-09
2984.09,1.1177012164196083e-08
2984.1,1.2708605300284145e-08
2984.11,1.4471625454314479e-08
2984.12,1.6426092161443792e-08
2984.13,1.846437473544927e-08
2984.14,2.0390466328222195e-08
2984.15,2.1928421885218775e-08
2984.16,2.2786510013712944e-08
2984.17,2.276999463936184e-08
2984.18,2.187653375271593e-08
2984.19,2.0297096196355797e-08
2984.2,1.832161466771803e-08
2984.21,1.6225903507587916e-08
2984.22,1.420669788981336e-08
2984.23,1.237282917353598e-08
2984.24,1.076622943823341e-08
2984.25,9.3881853838311e-09
2984.26,8.220151219095834e-09
2984.27,7.2345269013938106e-09
2984.28,6.404273038404267e-09
2984.29,5.704163767898182e-09
2984.3,5.112382916392262e-09
2984.31,4.61065761899301e-09
2984.32,4.183959544174722e-09
2984.33,3.820060442177501e-09
2984.34,3.509077290249999e-09
2984.35,3.243063578073539e-09
2984.36,3.0156644252347105e-09
2984.37,2.8218349825248214e-09
2984.38,2.6576131787068996e-09
2984.39,2.519933328031502e-09
2984.4,2.40646280356395e-09
2984.41,2.3149197235126007e-09
2984.42,2.244945962059075e-09
2984.43,2.194711321946514e-09
2984.44,2.1628046499170766e-09
2984.45,2.146210540819653e-09
2984.46,2.14103446782557e-09
2984.47,2.141154454454667e-09
2984.48,2.138840248471826e-09
2984.49,2.126483555850552e-09
2984.5,2.1046635446921586e-09
2984.51,2.063212317094974e-09
2984.52,2.0129551372572026e-09
2984.53,1.9622601708322268e-09
2984.54,1.919187771257121e-09
2984.55,1.8889801252894146e-09
2984.56,1.8723839019919763e-09
2984.57,1.8645023624979925e-09
2984.58,1.8547003465368298e-09
2984.59,1.8292962432674104e-09
2984.6,1.777780793330422e-09
2984.61,1.6989533322500983e-09
2984.62,1.6012535363716453e-09
2984.63,1.4970909736011968e-09
2984.64,1.3968486607402255e-09
2984.65,1.3064969598214455e-09
2984.66,1.2281956750632183e-09
2984.67,1.1618130068882374e-09
2984.68,1.1061767747613092e-09
2984.69,1.0598134873385856e-09
2984.7,1.02130195855849e-09
2984.71,9.894076586170811e-10
2984.72,9.631111729398318e-10
2984.73,9.415927603796293e-10
2984.74,9.242028810432088e-10
2984.75,9.104316115201955e-10
2984.76,8.998817482640225e-10
2984.77,8.921118418151758e-10
2984.78,8.871596822159871e-10
2984.79,8.847164061980743e-10
2984.8,8.846590829264564e-10
2984.81,8.869073496071432e-10
2984.82,8.914180023361084e-10
2984.83,8.981812377233549e-10
2984.84,9.072182429684755e-10
2984.85,9.185799197709462e-10
2984.86,9.320791324749715e-10
2984.87,9.483627024801957e-10
2984.88,9.673035584819065e-10
2984.89,9.890775240393436e-10
2984.9,1.013897623503514e-09
2984.91,1.0420183940062391e-09
2984.92,1.073741347661804e-09
2984.93,1.1094217644308687e-09
2984.94,1.1494770501887315e-09
2984.95,1.1943969570981526e-09
2984.96,1.2447560366234073e-09
2984.97,1.3012287803574516e-09
2984.98,1.3646080007990506e-09
2984.99,1.4358271103420077e-09
2985.0,1.5159870651491145e-09
2985.01,1.6063888339165687e-09
2985.02,1.7085722967947834e-09
2985.03,1.8243624124725186e-09
2985.04,1.9561394931389654e-09
2985.05,2.106036730144266e-09
2985.06,2.2773021107009595e-09
2985.07,2.4735052744806495e-09
2985.08,2.698812522365422e-09
2985.09,2.9580181803450036e-09
2985.1,3.2565118405731537e-09
2985.11,3.60011982694221e-09
2985.12,3.994719829020474e-09
2985.13,4.445473982197633e-09
2985.14,4.9554671241158514e-09
2985.15,5.523509488818651e-09
2985.16,6.140955575630014e-09
2985.17,6.787493274218032e-09
2985.18,7.428597325726409e-09
2985.19,8.012872778822483e-09
2985.2,8.477916108907832e-09
2985.21,8.762577490907713e-09
2985.22,8.824734869707072e-09
2985.23,8.656213933844644e-09
2985.24,8.285956076524783e-09
2985.25,7.769365680792827e-09
2985.26,7.170565312240442e-09
2985.27,6.546925754485357e-09
2985.28,5.940987024048358e-09
2985.29,5.379366724302294e-09
2985.3,4.875631017446625e-09
2985.31,4.434310760943075e-09
2985.32,4.054483161085123e-09
2985.33,3.732387095508066e-09
2985.34,3.4630921001058094e-09
2985.35,3.241423002664772e-09
2985.36,3.062339533236451e-09
2985.37,2.9209071452917966e-09
2985.38,2.811942196867845e-09
2985.39,2.7294246337941005e-09
2985.4,2.6658958310564084e-09
2985.41,2.612295911765244e-09
2985.42,2.5588443815042357e-09
2985.43,2.4971895613283985e-09
2985.44,2.4229732216359596e-09
2985.45,2.3370899025107246e-09
2985.46,2.2446163478524457e-09
2985.47,2.1522247993595584e-09
2985.48,2.065815389502854e-09
2985.49,1.989378445645804e-09
2985.5,1.924972066605658e-09
2985.51,1.8732318930042986e-09
2985.52,1.8339503528779208e-09
2985.53,1.806524092417792e-09
2985.54,1.790239655150247e-09
2985.55,1.7844335344924185e-09
2985.56,1.7885718417022369e-09
2985.57,1.8022846072700529e-09
2985.58,1.825377369414598e-09
2985.59,1.8578333693120969e-09
2985.6,1.900432860333627e-09
2985.61,1.9522828652800346e-09
2985.62,2.0145263787682603e-09
2985.63,2.0878898310568446e-09
2985.64,2.1733170179834586e-09
2985.65,2.2719957160382366e-09
2985.66,2.385393561653554e-09
2985.67,2.5153050238085586e-09
2985.68,2.663911868934042e-09
2985.69,2.8338602436142327e-09
2985.7,3.0283583976836746e-09
2985.71,3.251300147816862e-09
2985.72,3.507420415273004e-09
2985.73,3.8024904630428275e-09
2985.74,4.1435615370751e-09
2985.75,4.539265872472443e-09
2985.76,5.010443705234197e-09
2985.77,5.5495849424230365e-09
2985.78,6.18270565519087e-09
2985.79,6.92894906299483e-09
2985.8,7.811334411565464e-09
2985.81,8.855912517487796e-09
2985.82,1.0091977992050655e-08
2985.83,1.1548426765256552e-08
2985.84,1.3239507247310744e-08
2985.85,1.5185546389157676e-08
2985.86,1.7344370181903997e-08
2985.87,1.961775757752799e-08
2985.88,2.18193852922441e-08
2985.89,2.367583497406653e-08
2985.9,2.4880559391124102e-08
2985.91,2.520250771546191e-08
2985.92,2.459296642369679e-08
2985.93,2.320804447719356e-08
2985.94,2.1326695128860087e-08
2985.95,1.923176491814267e-08
2985.96,1.7131810214963624e-08
2985.97,1.514591294590897e-08
2985.98,1.332800037561106e-08
2985.99,1.16980924077692e-08
2986.0,1.0261122918980167e-08
2986.01,9.012650113339965e-09
2986.02,7.940123971485963e-09
2986.03,7.025199298900716e-09
2986.04,6.247043359322268e-09
2986.05,5.585111235390882e-09
2986.06,5.02076071378367e-09
2986.07,4.537884480989737e-09
2986.08,4.122950174042849e-09
2986.09,3.764760029431767e-09
2986.1,3.454115280130564e-09
2986.11,3.1834774923995153e-09
2986.12,2.9466653450075658e-09
2986.13,2.738598223647627e-09
2986.14,2.555085774360275e-09
2986.15,2.3926578752714265e-09
2986.16,2.2484283314377368e-09
2986.17,2.1199859400659932e-09
2986.18,2.005117493096526e-09
2986.19,1.9024992027431556e-09
2986.2,1.8104972358639782e-09
2986.21,1.7278863629402325e-09
2986.22,1.6596873986256734e-09
2986.23,1.5929092701651316e-09
2986.24,1.5328200530676474e-09
2986.25,1.4784856518668786e-09
2986.26,1.4298945116698925e-09
2986.27,1.3862809452552138e-09
2986.28,1.3472246686978733e-09
2986.29,1.312363731270787e-09
2986.3,1.2813870210272274e-09
2986.31,1.2540280639731579e-09
2986.32,1.230059903038575e-09
2986.33,1.2092908864986314e-09
2986.34,1.1915612303009582e-09
2986.35,1.1767402471992091e-09
2986.36,1.164724158885288e-09
2986.37,1.1554344269131186e-09
2986.38,1.1488165548508178e-09
2986.39,1.1448393287651338e-09
2986.4,1.1434944763401614e-09
2986.41,1.1447967373688838e-09
2986.42,1.1487843504714557e-09
2986.43,1.1556991600830914e-09
2986.44,1.165272158180093e-09
2986.45,1.177797789509954e-09
2986.46,1.1934223680288973e-09
2986.47,1.2123254777627352e-09
2986.48,1.234723837911456e-09
2986.49,1.2608760508023434e-09
2986.5,1.2910883958032368e-09
2986.51,1.3257218726944485e-09
2986.52,1.3652007477702563e-09
2986.53,1.410022917127184e-09
2986.54,1.4607724769194216e-09
2986.55,1.5181349828248303e-09
2986.56,1.5829159933436703e-09
2986.57,1.6560636269779473e-09
2986.58,1.7386960226042124e-09
2986.59,1.83213477415116e-09
2986.6,1.937945605422526e-09
2986.61,2.057987736848448e-09
2986.62,2.1944735238590173e-09
2986.63,2.350039921740549e-09
2986.64,2.527832971822711e-09
2986.65,2.7313282920631567e-09
2986.66,2.9655500944184106e-09
2986.67,3.2355165557985817e-09
2986.68,3.547455235551661e-09
2986.69,3.9085843031758254e-09
2986.7,4.327072226300667e-09
2986.71,4.8117942342887185e-09
2986.72,5.371713547130664e-09
2986.73,6.013580335857539e-09
2986.74,6.743823680633946e-09
2986.75,7.558606325827717e-09
2986.76,8.442683935484558e-09
2986.77,9.361978322384837e-09
2986.78,1.02582938812495e-08
2986.79,1.1049460458952214e-08
2986.8,1.1640084463863881e-08
2986.81,1.1944443934345997e-08
2986.82,1.1914183456774973e-08
2986.83,1.1556003069716149e-08
2986.84,1.0928277833736913e-08
2986.85,1.0119473238989732e-08
2986.86,9.221774887794958e-09
2986.87,8.311954244902148e-09
2986.88,7.443398455112975e-09
2986.89,6.64687601791969e-09
2986.9,5.935648091939507e-09
2986.91,5.3114198760059995e-09
2986.92,4.769305160132914e-09
2986.93,4.301293846739406e-09
2986.94,3.898389075651299e-09
2986.95,3.552582831049613e-09
2986.96,3.254242163615158e-09
2986.97,2.997088262535279e-09
2986.98,2.775046958073606e-09
2986.99,2.5829711477013596e-09
2987.0,2.41653438463995e-09
2987.01,2.272116485202988e-09
2987.02,2.146695257742304e-09
2987.03,2.03775027543374e-09
2987.04,1.943180347512147e-09
2987.05,1.8612342655633332e-09
2987.06,1.7904535096066641e-09
2987.07,1.7296253239695132e-09
2987.08,1.6777446032465694e-09
2987.09,1.6339831948824765e-09
2987.1,1.5976654412668998e-09
2987.11,1.5682490079228241e-09
2987.12,1.5453102583729612e-09
2987.13,1.5285336353025705e-09
2987.14,1.5177046943043132e-09
2987.15,1.5127066160877228e-09
2987.16,1.513678317674048e-09
2987.17,1.5203864569766713e-09
2987.18,1.5331795159794413e-09
2987.19,1.5523701296263152e-09
2987.2,1.5784103709362404e-09
2987.21,1.611916202925156e-09
2987.22,1.6536993961752074e-09
2987.23,1.7048073746101655e-09
2987.24,1.7665698182796325e-09
2987.25,1.8406467336578185e-09
2987.26,1.929063413807382e-09
2987.27,2.0341983217316007e-09
2987.28,2.1586526527791525e-09
2987.29,2.3048671715499327e-09
2987.3,2.474270162738881e-09
2987.31,2.6657117716665147e-09
2987.32,2.8731949862188397e-09
2987.33,3.083846635489966e-09
2987.34,3.278637612705129e-09
2987.35,3.4385907309062735e-09
2987.36,3.554857934524716e-09
2987.37,3.634636197886239e-09
2987.38,3.696712791560021e-09
2987.39,3.77097306067383e-09
2987.4,3.850382310575256e-09
2987.41,3.95002442178055e-09
2987.42,4.0701876296887195e-09
2987.43,4.210941696220387e-09
2987.44,4.3755306023384874e-09
2987.45,4.5713800529142834e-09
2987.46,4.8090874114157625e-09
2987.47,5.100834823215834e-09
2987.48,5.459452916681778e-09
2987.49,5.898449916209938e-09
2987.5,6.432687209331369e-09
2987.51,7.079268839320349e-09
2987.52,7.858323549907306e-09
2987.53,8.793415523960891e-09
2987.54,9.91121314967311e-09
2987.55,1.1239743356259638e-08
2987.56,1.2804053284643121e-08
2987.57,1.4617469413683042e-08
2987.58,1.6666298197642093e-08
2987.59,1.888696028018067e-08
2987.6,2.1139249718909233e-08
2987.61,2.3191920501043332e-08
2987.62,2.4743031749810395e-08
2987.63,2.550100264385509e-08
2987.64,2.5292281634850747e-08
2987.65,2.4176940808360192e-08
2987.66,2.2373625162299075e-08
2987.67,2.019060529773354e-08
2987.68,1.7907688576685022e-08
2987.69,1.572068591861855e-08
2987.7,1.3735932115208364e-08
2987.71,1.1993772739726845e-08
2987.72,1.0494362158167307e-08
2987.73,9.217631996449333e-09
2987.74,8.135777621047757e-09
2987.75,7.220033671470187e-09
2987.76,6.443862249436674e-09
2987.77,5.7841405960951666e-09
2987.78,5.2213376714908175e-09
2987.79,4.7392364545848996e-09
2987.8,4.324492561228573e-09
2987.81,3.96630537633544e-09
2987.82,3.655450229846252e-09
2987.83,3.384722745345345e-09
2987.84,3.1480934359852814e-09
2987.85,2.9405936242606995e-09
2987.86,2.758114513740905e-09
2987.87,2.59724593955353e-09
2987.88,2.455147266509641e-09
2987.89,2.3294440549758254e-09
2987.9,2.218145266175692e-09
2987.91,2.1195768050018615e-09
2987.92,2.032328060781745e-09
2987.93,1.96181598020902e-09
2987.94,1.8938569955477212e-09
2987.95,1.8341759257770097e-09
2987.96,1.782060219501849e-09
2987.97,1.736913608549403e-09
2987.98,1.698241332473593e-09
2987.99,1.6634497255915702e-09
2988.0,1.6366015242085774e-09
2988.01,1.6152468822403169e-09
2988.02,1.5992029320274857e-09
2988.03,1.5883516530777764e-09
2988.04,1.5826380826328151e-09
2988.05,1.5820701052031143e-09
2988.06,1.5867198334181073e-09
2988.07,1.5967266495636179e-09
2988.08,1.6123020317833615e-09
2988.09,1.6337363383751927e-09
2988.1,1.6614077603761847e-09
2988.11,1.6957936604534883e-09
2988.12,1.7374844625103928e-09
2988.13,1.787200080801048e-09
2988.14,1.8458084695216802e-09
2988.15,1.9140700987087266e-09
2988.16,1.9937567082379506e-09
2988.17,2.086007085451133e-09
2988.18,2.1924236767116593e-09
2988.19,2.3147540709172956e-09
2988.2,2.4547901306789754e-09
2988.21,2.6141801569393743e-09
2988.22,2.7941398377412834e-09
2988.23,2.995104894039482e-09
2988.24,3.216494003493043e-09
2988.25,3.456915642806573e-09
2988.26,3.715187770038166e-09
2988.27,3.992176684549203e-09
2988.28,4.2927220080171915e-09
2988.29,4.62648573431588e-09
2988.3,5.008166160539329e-09
2988.31,5.451617737690652e-09
2988.32,5.9739520786528414e-09
2988.33,6.589951759720137e-09
2988.34,7.311390884700292e-09
2988.35,8.14435340267346e-09
2988.36,9.084653474671795e-09
2988.37,1.0110923737895302e-08
2988.38,1.1176193571220893e-08
2988.39,1.2201273196476375e-08
2988.4,1.3076469185539326e-08
2988.41,1.367900491234464e-08
2988.42,1.3907000491029738e-08
2988.43,1.3716836046353232e-08
2988.44,1.3141295108729614e-08
2988.45,1.2275608738423093e-08
2988.46,1.124139902432298e-08
2988.47,1.0151087538547956e-08
2988.48,9.08796475460444e-09
2988.49,8.10273080108853e-09
2988.5,7.219525287902442e-09
2988.51,6.444692241708171e-09
2988.52,5.7738733246053305e-09
2988.53,5.19799321310366e-09
2988.54,4.70609635548488e-09
2988.55,4.287279109478795e-09
2988.56,3.931587552037416e-09
2988.57,3.630383514121949e-09
2988.58,3.3764295238079574e-09
2988.59,3.163841361902519e-09
2988.6,2.987991267671428e-09
2988.61,2.845404800585818e-09
2988.62,2.73366953205308e-09
2988.63,2.651355413887919e-09
2988.64,2.597926831032167e-09
2988.65,2.573595874584386e-09
2988.66,2.579014232184632e-09
2988.67,2.614619163309051e-09
2988.68,2.6793560217551182e-09
2988.69,2.768509298242546e-09
2988.7,2.8708032279419624e-09
2988.71,2.9662309368833717e-09
2988.72,3.0279111020824786e-09
2988.73,3.03087218734676e-09
2988.74,2.9646136075292085e-09
2988.75,2.839292488658207e-09
2988.76,2.679376498303438e-09
2988.77,2.5110610509671285e-09
2988.78,2.3535585501096976e-09
2988.79,2.2172972833070388e-09
2988.8,2.1060864951167254e-09
2988.81,2.0199598255963646e-09
2988.82,1.9572488279842498e-09
2988.83,1.9157167634050205e-09
2988.84,1.892996601123926e-09
2988.85,1.8865827850142132e-09
2988.86,1.8935521057781914e-09
2988.87,1.9101703685340763e-09
2988.88,1.9316128634389493e-09
2988.89,1.9521337687705325e-09
2988.9,1.9659796616664046e-09
2988.91,1.968938635597766e-09
2988.92,1.959773902096946e-09
2988.93,1.940576090886009e-09
2988.94,1.9157567120425534e-09
2988.95,1.8903861394481774e-09
2988.96,1.868841336444392e-09
2988.97,1.8542124369890893e-09
2988.98,1.848338290813948e-09
2988.99,1.8521359878545573e-09
2989.0,1.86596901579257e-09
2989.01,1.899590410220361e-09
2989.02,1.9337919874145297e-09
2989.03,1.9779180183111135e-09
2989.04,2.0329041795772068e-09
2989.05,2.098796020735436e-09
2989.06,2.1761949423539465e-09
2989.07,2.2659278913359308e-09
2989.08,2.3690738848400446e-09
2989.09,2.486996560934357e-09
2989.1,2.621385904407619e-09
2989.11,2.7743120502681363e-09
2989.12,2.94802397749446e-09
2989.13,3.1461201057782717e-09
2989.14,3.372033301559239e-09
2989.15,3.630256657422408e-09
2989.16,3.9262472626852325e-09
2989.17,4.266644650395967e-09
2989.18,4.659627359949621e-09
2989.19,5.1148894582672e-09
2989.2,5.644548520628481e-09
2989.21,6.2632281398177825e-09
2989.22,6.98858436865981e-09
2989.23,7.841659067585044e-09
2989.24,8.846947122938045e-09
2989.25,1.003178549681246e-08
2989.26,1.1424348135003912e-08
2989.27,1.3049044179665923e-08
2989.28,1.4917546349895827e-08
2989.29,1.7013449764172266e-08
2989.3,1.926987526934776e-08
2989.31,2.154435153126244e-08
2989.32,2.360553640073966e-08
2989.33,2.5156791850202552e-08
2989.34,2.5914861993124183e-08
2989.35,2.5721725905931213e-08
2989.36,2.4619806182602968e-08
2989.37,2.283095949672857e-08
2989.38,2.0656673821431846e-08
2989.39,1.8373392472067096e-08
2989.4,1.6173256410408818e-08
2989.41,1.4171987169869617e-08
2989.42,1.2400086706792177e-08
2989.43,1.0879402934955543e-08
2989.44,9.582091706660508e-09
2989.45,8.481464323425733e-09
2989.46,7.549352263448561e-09
2989.47,6.759474092113783e-09
2989.48,6.0887619677592114e-09
2989.49,5.517633998316481e-09
2989.5,5.029778198349036e-09
2989.51,4.611749069596755e-09
2989.52,4.252525933841063e-09
2989.53,3.94310020503716e-09
2989.54,3.676116828469765e-09
2989.55,3.4455748557516193e-09
2989.56,3.246583162593246e-09
2989.57,3.075163965174966e-09
2989.58,2.9280960219913855e-09
2989.59,2.8027896043125143e-09
2989.6,2.6971855804058723e-09
2989.61,2.6096706952136525e-09
2989.62,2.5389998512724565e-09
2989.63,2.4842134677569625e-09
2989.64,2.4445336450943412e-09
2989.65,2.426171392112915e-09
2989.66,2.414338014202601e-09
2989.67,2.414562588813704e-09
2989.68,2.425651923663842e-09
2989.69,2.44235006575214e-09
2989.7,2.461352375504598e-09
2989.71,2.477964827511241e-09
2989.72,2.48834914588747e-09
2989.73,2.4909216747615425e-09
2989.74,2.487055226699136e-09
2989.75,2.480589352426854e-09
2989.76,2.4765048597015123e-09
2989.77,2.4796018941810977e-09
2989.78,2.493759504084147e-09
2989.79,2.5218180126334696e-09
2989.8,2.5658279353556745e-09
2989.81,2.6274088843200547e-09
2989.82,2.7080780609479834e-09
2989.83,2.809507158188437e-09
2989.84,2.9337164849754315e-09
2989.85,3.0832302886937716e-09
2989.86,3.2612165216930177e-09
2989.87,3.4716287695724953e-09
2989.88,3.7193619629844965e-09
2989.89,4.01042725696856e-09
2989.9,4.352143539413356e-09
2989.91,4.7533303787686674e-09
2989.92,5.224464867768427e-09
2989.93,5.777724873822316e-09
2989.94,6.426771896740757e-09
2989.95,7.186013021218429e-09
2989.96,8.068911843538717e-09
2989.97,9.084708653244236e-09
2989.98,1.0232764601641546e-08
2989.99,1.1493969297227187e-08
2990.0,1.2819866267832207e-08
2990.01,1.4123093257777077e-08
2990.02,1.5277085551746117e-08
2990.03,1.613510314067955e-08
2990.04,1.6571452179917168e-08
2990.05,1.6529304150925836e-08
2990.06,1.604490940892728e-08
2990.07,1.5228977028757546e-08
2990.08,1.4217364694264113e-08
2990.09,1.3122891641828715e-08
2990.1,1.2012692027400969e-08
2990.11,1.0915433365027718e-08
2990.12,9.845059615622147e-09
2990.13,8.819724803679806e-09
2990.14,7.863693534092734e-09
2990.15,6.997845106714943e-09
2990.16,6.233026001102818e-09
2990.17,5.569174835180717e-09
2990.18,4.998916550613944e-09
2990.19,4.511455647664064e-09
2990.2,4.095288145307476e-09
2990.21,3.739652598256628e-09
2990.22,3.435124336668079e-09
2990.23,3.173740424227897e-09
2990.24,2.948907581147044e-09
2990.25,2.755230824881402e-09
2990.26,2.5883293264643732e-09
2990.27,2.4446672688775416e-09
2990.28,2.3214079658438624e-09
2990.29,2.2162898699839407e-09
2990.3,2.127517889188718e-09
2990.31,2.0536595935360256e-09
2990.32,1.9935319146981074e-09
2990.33,1.9460597636821787e-09
2990.34,1.910086047247571e-09
2990.35,1.884119926767605e-09
2990.36,1.8660403437673124e-09
2990.37,1.8528397163510472e-09
2990.38,1.840589993794245e-09
2990.39,1.8248635713666256e-09
2990.4,1.8016976692647291e-09
2990.41,1.7687955690357142e-09
2990.42,1.726294184862211e-09
2990.43,1.6765718807225746e-09
2990.44,1.6232274513558276e-09
2990.45,1.5698842118548364e-09
2990.46,1.5189269862985104e-09
2990.47,1.473121261705935e-09
2990.48,1.432920320028103e-09
2990.49,1.3986033868764288e-09
2990.5,1.3700601408367293e-09
2990.51,1.3469822231164092e-09
2990.52,1.3289873023039374e-09
2990.53,1.3156909923895526e-09
2990.54,1.3067442124578252e-09
2990.55,1.3018498125152048e-09
2990.56,1.3007677487291143e-09
2990.57,1.3033145050890053e-09
2990.58,1.3093600455963586e-09
2990.59,1.3276190001564344e-09
2990.6,1.3402597246130854e-09
2990.61,1.3565506924724044e-09
2990.62,1.3762872982369007e-09
2990.63,1.3995615273563073e-09
2990.64,1.4265062399989055e-09
2990.65,1.4572962807559735e-09
2990.66,1.4921506219858604e-09
2990.67,1.5313355925130285e-09
2990.68,1.575169277771601e-09
2990.69,1.6240272193933574e-09
2990.7,1.678349591726287e-09
2990.71,1.7386500919325925e-09
2990.72,1.805526851343194e-09
2990.73,1.879675762847311e-09
2990.74,1.9619067264282817e-09
2990.75,2.0531634492762168e-09
2990.76,2.1545476051607176e-09
2990.77,2.2673483703485764e-09
2990.78,2.393224417156056e-09
2990.79,2.5336662088775704e-09
2990.8,2.6909226216929924e-09
2990.81,2.8674884564392933e-09
2990.82,3.0663331282497625e-09
2990.83,3.2910046967515812e-09
2990.84,3.54575894900368e-09
2990.85,3.835719372909608e-09
2990.86,4.162724538404545e-09
2990.87,4.542992041709553e-09
2990.88,4.98124576175937e-09
2990.89,5.488525847428726e-09
2990.9,6.07820664441891e-09
2990.91,6.766401908666075e-09
2990.92,7.572313393681102e-09
2990.93,8.518368284868849e-09
2990.94,9.629841538942042e-09
2990.95,1.0933404654735088e-08
2990.96,1.245364972291706e-08
2990.97,1.4206138598467085e-08
2990.98,1.6185181057652147e-08
2990.99,1.834515677415255e-08
2991.0,2.057741061078514e-08
2991.01,2.269236453719666e-08
2991.02,2.442675566648608e-08
2991.03,2.5497398206807777e-08
2991.04,2.5698023012947815e-08
2991.05,2.4991499492539685e-08
2991.06,2.3522437360700673e-08
2991.07,2.155805172688886e-08
2991.08,1.9379453429543358e-08
2991.09,1.7209298289074026e-08
2991.1,1.5187813691187676e-08
2991.11,1.3383451767365488e-08
2991.12,1.1815567071218402e-08
2991.13,1.0475300398877672e-08
2991.14,9.340158513393598e-09
2991.15,8.38263801345799e-09
2991.16,7.574709072320224e-09
2991.17,6.889948791030663e-09
2991.18,6.30465509399649e-09
2991.19,5.788732573062616e-09
2991.2,5.346313286078116e-09
2991.21,4.9560377041496536e-09
2991.22,4.610271105979869e-09
2991.23,4.3048595064023864e-09
2991.24,4.036371901326511e-09
2991.25,3.802157809704765e-09
2991.26,3.5996744389313556e-09
2991.27,3.4264107457733856e-09
2991.28,3.2799714402156307e-09
2991.29,3.1581915822205852e-09
2991.3,3.0592268217439473e-09
2991.31,2.981609943723931e-09
2991.32,2.924282939753298e-09
2991.33,2.8866175894457554e-09
2991.34,2.8684356807799125e-09
2991.35,2.8700369507292515e-09
2991.36,2.8992829169449355e-09
2991.37,2.9435195788873523e-09
2991.38,3.011786305521921e-09
2991.39,3.1070452504687116e-09
2991.4,3.232352324648108e-09
2991.41,3.392091231231098e-09
2991.42,3.590798494073943e-09
2991.43,3.832573873968316e-09
2991.44,4.119389450846707e-09
2991.45,4.448107805114165e-09
2991.46,4.8063103977020276e-09
2991.47,5.1687078743923496e-09
2991.48,5.498587549061544e-09
2991.49,5.759173798982438e-09
2991.5,5.932571158511213e-09
2991.51,6.032708999242999e-09
2991.52,6.100199674774999e-09
2991.53,6.184353687889881e-09
2991.54,6.327756952556673e-09
2991.55,6.561096336420982e-09
2991.56,6.905405783760359e-09
2991.57,7.376338145899348e-09
2991.58,7.987284179583022e-09
2991.59,8.750253040700562e-09
2991.6,9.67413243215494e-09
2991.61,1.0759837105347547e-08
2991.62,1.1991728323275053e-08
2991.63,1.3325397043593184e-08
2991.64,1.4674501294173681e-08
2991.65,1.590433037283228e-08
2991.66,1.684452747056017e-08
2991.67,1.732993349992882e-08
2991.68,1.7259599935291178e-08
2991.69,1.664050432262719e-08
2991.7,1.558399172744622e-08
2991.71,1.4257686760686935e-08
2991.72,1.2827284730343881e-08
2991.73,1.1419345916753874e-08
2991.74,1.0111763114913023e-08
2991.75,8.941655225411593e-09
2991.76,7.918657212967118e-09
2991.77,7.036740767379656e-09
2991.78,6.282468105390573e-09
2991.79,5.639965443223328e-09
2991.8,5.0935772666625e-09
2991.81,4.629089518064193e-09
2991.82,4.234144766416394e-09
2991.83,3.898230211003819e-09
2991.84,3.6124496964075606e-09
2991.85,3.369187605611002e-09
2991.86,3.1617208939693756e-09
2991.87,2.983827342001246e-09
2991.88,2.828857317368323e-09
2991.89,2.692068074119578e-09
2991.9,2.567168912798416e-09
2991.91,2.4493560411609286e-09
2991.92,2.3353911685785536e-09
2991.93,2.2239806950357254e-09
2991.94,2.115544606152028e-09
2991.95,2.0114893759729537e-09
2991.96,1.9133954788564916e-09
2991.97,1.8227865440913755e-09
2991.98,1.7396592219179543e-09
2991.99,1.6644354665067838e-09
2992.0,1.5968458178114324e-09
2992.01,1.5364022398590847e-09
2992.02,1.4825192110667077e-09
2992.03,1.4345930987808744e-09
2992.04,1.3920477798197902e-09
2992.05,1.3543572046846648e-09
2992.06,1.3210538271354212e-09
2992.07,1.291729118748653e-09
2992.08,1.26603009026663e-09
2992.09,1.2436541236841647e-09
2992.1,1.224343386054015e-09
2992.11,1.2076494940890402e-09
2992.12,1.1938498113203705e-09
2992.13,1.1825597790078227e-09
2992.14,1.173652888515381e-09
2992.15,1.1746768206360105e-09
2992.16,1.1702895603176367e-09
2992.17,1.1680404876453687e-09
2992.18,1.1678860695140509e-09
2992.19,1.1697996384234178e-09
2992.2,1.1737705648563298e-09
2992.21,1.1798037276758916e-09
2992.22,1.1879192600506265e-09
2992.23,1.1981525564125153e-09
2992.24,1.2105545334582401e-09
2992.25,1.2251921454451362e-09
2992.26,1.242149161142709e-09
2992.27,1.261527217121591e-09
2992.28,1.2834471697697331e-09
2992.29,1.3080507768688956e-09
2992.3,1.3355027491198807e-09
2992.31,1.3659932229324502e-09
2992.32,1.3997407187792664e-09
2992.33,1.4369956647558704e-09
2992.34,1.4780445836971325e-09
2992.35,1.5179366609325939e-09
2992.36,1.5676300189736525e-09
2992.37,1.6222478509353915e-09
2992.38,1.6822810708148409e-09
2992.39,1.7482929375654247e-09
2992.4,1.8209310106038644e-09
2992.41,1.9009415037334337e-09
2992.42,1.9891865730034924e-09
2992.43,2.088516974499417e-09
2992.44,2.196401850501591e-09
2992.45,2.3160356711963382e-09
2992.46,2.4490031486410356e-09
2992.47,2.597165640525729e-09
2992.48,2.7627177140413953e-09
2992.49,2.9482567820745033e-09
2992.5,3.1568689856806493e-09
2992.51,3.392235195234349e-09
2992.52,3.6592183857066784e-09
2992.53,3.962200867418172e-09
2992.54,4.308011750183747e-09
2992.55,4.7043468082485425e-09
2992.56,5.160503747797271e-09
2992.57,5.687704872234361e-09
2992.58,6.299444760824322e-09
2992.59,7.011820300025723e-09
2992.6,7.843749633655928e-09
2992.61,8.816894237312294e-09
2992.62,9.954939091841659e-09
2992.63,1.1281631184419755e-08
2992.64,1.2816617578081946e-08
2992.65,1.4567743511846788e-08
2992.66,1.6518406508511108e-08
2992.67,1.8609671629875408e-08
2992.68,2.0720601969420985e-08
2992.69,2.265761329205965e-08
2992.7,2.417131555550314e-08
2992.71,2.501556524807037e-08
2992.72,2.5036118872957553e-08
2992.73,2.423933849205209e-08
2992.74,2.279039379930352e-08
2992.75,2.094219596090959e-08
2992.76,1.8946846742099033e-08
2992.77,1.699834397342728e-08
2992.78,1.5217702601569875e-08
2992.79,1.3664666675754939e-08
2992.8,1.2358584583810575e-08
2992.81,1.1294380563683845e-08
2992.82,1.0454326769533532e-08
2992.83,9.812337246651285e-09
2992.84,9.333291788262951e-09
2992.85,8.969569573554336e-09
2992.86,8.659681759801445e-09
2992.87,8.336105843439608e-09
2992.88,7.945193110227512e-09
2992.89,7.468543956173239e-09
2992.9,6.927215582413146e-09
2992.91,6.364323852389607e-09
2992.92,5.821930758569565e-09
2992.93,5.32799948047345e-09
2992.94,4.895226281998032e-09
2992.95,4.515449678403123e-09
2992.96,4.205218414708662e-09
2992.97,3.9483842996474756e-09
2992.98,3.738724622873284e-09
2992.99,3.5706397459544423e-09
2993.0,3.439387021868694e-09
2993.01,3.3409084707216508e-09
2993.02,3.2713446973763347e-09
2993.03,3.2263204199977036e-09
2993.04,3.2003372028504243e-09
2993.05,3.187063406564497e-09
2993.06,3.1818768142501953e-09
2993.07,3.181901357667016e-09
2993.08,3.1907537950114953e-09
2993.09,3.2210617254675272e-09
2993.1,3.264594097870698e-09
2993.11,3.332762693541326e-09
2993.12,3.4289542411431922e-09
2993.13,3.5561698094330317e-09
2993.14,3.7176819123594007e-09
2993.15,3.917508136723549e-09
2993.16,4.160749626247595e-09
2993.17,4.453868344289996e-09
2993.18,4.804949719711484e-09
2993.19,5.2239621293104945e-09
2993.2,5.722985502029443e-09
2993.21,6.316326283280548e-09
2993.22,7.020345669301268e-09
2993.23,7.852677088138325e-09
2993.24,8.830272726760204e-09
2993.25,9.965402820588753e-09
2993.26,1.1258455658394486e-08
2993.27,1.2686565454183075e-08
2993.28,1.4188658811940485e-08
2993.29,1.5650923600558103e-08
2993.3,1.690885976479512e-08
2993.31,1.776910123916843e-08
2993.32,1.807096248682772e-08
2993.33,1.7751745331510683e-08
2993.34,1.687622313691326e-08
2993.35,1.5606249209605798e-08
2993.36,1.413439699673318e-08
2993.37,1.2625906375915252e-08
2993.38,1.1192558571523414e-08
2993.39,9.893997926033665e-09
2993.4,8.751493910094977e-09
2993.41,7.762878677674987e-09
2993.42,6.914029246812062e-09
2993.43,6.186361018931145e-09
2993.44,5.561209405055622e-09
2993.45,5.022037419867125e-09
2993.46,4.555167622785428e-09
2993.47,4.1496114935557785e-09
2993.48,3.796508854719556e-09
2993.49,3.488551997243406e-09
2993.5,3.21956598954769e-09
2993.51,2.984255419739592e-09
2993.52,2.7780606332241845e-09
2993.53,2.5970670803712765e-09
2993.54,2.437934494645798e-09
2993.55,2.2978325287971305e-09
2993.56,2.1743801886255707e-09
2993.57,2.065590334803671e-09
2993.58,1.96982112320604e-09
2993.59,1.8857357166727393e-09
2993.6,1.8131851787233847e-09
2993.61,1.7495346208989298e-09
2993.62,1.6951170360026444e-09
2993.63,1.6495846740476445e-09
2993.64,1.6128087313304673e-09
2993.65,1.5846599279638443e-09
2993.66,1.5657372207280573e-09
2993.67,1.5560224043719816e-09
2993.68,1.561556586497259e-09
2993.69,1.5687547547503182e-09
2993.7,1.5807611377935341e-09
2993.71,1.5919409893773839e-09
2993.72,1.5946639753005283e-09
2993.73,1.5821638480324717e-09
2993.74,1.5523834044473554e-09
2993.75,1.5092644122280226e-09
2993.76,1.4600651533306154e-09
2993.77,1.4115337326899269e-09
2993.78,1.367935619612112e-09
2993.79,1.3311185788806e-09
2993.8,1.3013809982741454e-09
2993.81,1.2782728020971721e-09
2993.82,1.26328152536885e-09
2993.83,1.2513319845293465e-09
2993.84,1.2439842931058715e-09
2993.85,1.240741311066759e-09
2993.86,1.2412212341956084e-09
2993.87,1.2451433648765403e-09
2993.88,1.2463024007508073e-09
2993.89,1.2566257004878086e-09
2993.9,1.2700085894233804e-09
2993.91,1.2864401327220466e-09
2993.92,1.3059560454250029e-09
2993.93,1.328635135886284e-09
2993.94,1.3545975559992123e-09
2993.95,1.3840046238411295e-09
2993.96,1.4170600730322514e-09
2993.97,1.454012666469132e-09
2993.98,1.4951601902990993e-09
2993.99,1.5408549198966216e-09
2994.0,1.5915107280997624e-09
2994.01,1.6476120919552195e-09
2994.02,1.7097253541567894e-09
2994.03,1.7785127158393394e-09
2994.04,1.8547495869041662e-09
2994.05,1.939346108594503e-09
2994.06,2.033373901825945e-09
2994.07,2.1380993973258526e-09
2994.08,2.2550254812371838e-09
2994.09,2.385943649685365e-09
2994.1,2.5329993951934136e-09
2994.11,2.700035197634248e-09
2994.12,2.8876560912871022e-09
2994.13,3.100898345224716e-09
2994.14,3.3443603227231245e-09
2994.15,3.6236308134800025e-09
2994.16,3.945474195833884e-09
2994.17,4.317988091578682e-09
2994.18,4.750646742234278e-09
2994.19,5.254051096257434e-09
2994.2,5.839053367739696e-09
2994.21,6.514725438995145e-09
2994.22,7.2845497501802046e-09
2994.23,8.140718560623215e-09
2994.24,9.058430783218788e-09
2994.25,9.995835946152413e-09
2994.26,1.090728071706592e-08
2994.27,1.176981834803139e-08
2994.28,1.2605993001091147e-08
2994.29,1.3481403763864434e-08
2994.3,1.4477112745603019e-08
2994.31,1.5657304303077637e-08
2994.32,1.7046660058320294e-08
2994.33,1.8615963242603875e-08
2994.34,2.0270428602690928e-08
2994.35,2.184357419560868e-08
2994.36,2.311034248251696e-08
2994.37,2.3834708584546404e-08
2994.38,2.3847544163029857e-08
2994.39,2.3116320225802853e-08
2994.4,2.175871017143716e-08
2994.41,1.9987451363209194e-08
2994.42,1.8030713882921517e-08
2994.43,1.607292253610496e-08
2994.44,1.4233787921357797e-08
2994.45,1.2574759850167589e-08
2994.46,1.1116052623050973e-08
2994.47,9.853298179186223e-09
2994.48,8.769779285027094e-09
2994.49,7.844083797509631e-09
2994.5,7.054346238333329e-09
2994.51,6.380315497769404e-09
2994.52,5.8041719051791735e-09
2994.53,5.310684344164192e-09
2994.54,4.887052743159339e-09
2994.55,4.5226247633392904e-09
2994.56,4.208583459072558e-09
2994.57,3.93765147102496e-09
2994.58,3.7038301360572893e-09
2994.59,3.5021782139405e-09
2994.6,3.328628550320772e-09
2994.61,3.1798384249085e-09
2994.62,3.054794852237212e-09
2994.63,2.947823858324923e-09
2994.64,2.858838366849472e-09
2994.65,2.786405421359836e-09
2994.66,2.7294151282235923e-09
2994.67,2.6870457951885e-09
2994.68,2.6587391341832996e-09
2994.69,2.644184413707242e-09
2994.7,2.6323208253027482e-09
2994.71,2.6453585817065525e-09
2994.72,2.6726650809079354e-09
2994.73,2.7149246699025013e-09
2994.74,2.773114140920177e-09
2994.75,2.848540192833103e-09
2994.76,2.942889752025323e-09
2994.77,3.058295736281112e-09
2994.78,3.1974215601059596e-09
2994.79,3.363568446756003e-09
2994.8,3.560810333589944e-09
2994.81,3.794161600060032e-09
2994.82,4.076506487179784e-09
2994.83,4.401987619712994e-09
2994.84,4.7865182538406935e-09
2994.85,5.241305648529577e-09
2994.86,5.77981891440586e-09
2994.87,6.4179512158492e-09
2994.88,7.173866105140342e-09
2994.89,8.06715984408816e-09
2994.9,9.116697963486922e-09
2994.91,1.0336116388356476e-08
2994.92,1.1725663175901572e-08
2994.93,1.3259306148587136e-08
2994.94,1.4867973741375655e-08
2994.95,1.6424865486630205e-08
2994.96,1.7746353715274976e-08
2994.97,1.862482355973406e-08
2994.98,1.889477355623856e-08
2994.99,1.850115317678839e-08
2995.0,1.752284353466297e-08
2995.01,1.6134960760797965e-08
2995.02,1.4540707406446035e-08
2995.03,1.2914436617862741e-08
2995.04,1.1375059966242951e-08
2995.05,9.986191969839393e-09
2995.06,8.770112108718273e-09
2995.07,7.723987834269128e-09
2995.08,6.832511749424401e-09
2995.09,6.075855559439771e-09
2995.1,5.433958916377154e-09
2995.11,4.890833469935926e-09
2995.12,4.425961309349893e-09
2995.13,4.028277621409254e-09
2995.14,3.686681840843519e-09
2995.15,3.392036302996662e-09
2995.16,3.13684450870636e-09
2995.17,2.9195189840171566e-09
2995.18,2.7259166109171266e-09
2995.19,2.5564215160241674e-09
2995.2,2.4101235622823556e-09
2995.21,2.2791637839728415e-09
2995.22,2.1636860179178115e-09
2995.23,2.0617244244525197e-09
2995.24,1.9714789614016578e-09
2995.25,1.8918882106337497e-09
2995.26,1.8216399390720203e-09
2995.27,1.7597654510514175e-09
2995.28,1.7054528168377422e-09
2995.29,1.6580236521930272e-09
2995.3,1.6169145754510963e-09
2995.31,1.5816625165976522e-09
2995.32,1.551893247812528e-09
2995.33,1.527399482026958e-09
2995.34,1.5077876946078734e-09
2995.35,1.4929937112339053e-09
2995.36,1.4829345814863186e-09
2995.37,1.477594995084715e-09
2995.38,1.4770294084040967e-09
2995.39,1.4813664947072137e-09
2995.4,1.4908162400764962e-09
2995.41,1.5056801613613544e-09
2995.42,1.5263653129554867e-09
2995.43,1.5468355914808984e-09
2995.44,1.5809407352843667e-09
2995.45,1.6229392676931188e-09
2995.46,1.6739145947225956e-09
2995.47,1.7352258664909748e-09
2995.48,1.8085759192629424e-09
2995.49,1.896096396138106e-09
2995.5,2.0004513311979287e-09
2995.51,2.124956445916979e-09
2995.52,2.2737015186827813e-09
2995.53,2.451641606537546e-09
2995.54,2.664580082335063e-09
2995.55,2.9188912981300793e-09
2995.56,3.2207255297288126e-09
2995.57,3.5743681776640354e-09
2995.58,3.982695893690103e-09
2995.59,4.431858642535704e-09
2995.6,4.908370191617333e-09
2995.61,5.388802350213624e-09
2995.62,5.845941653018166e-09
2995.63,6.246799771707414e-09
2995.64,6.546217480860115e-09
2995.65,6.689961556773844e-09
2995.66,6.637709989085252e-09
2995.67,6.391407828451705e-09
2995.68,6.000693878681805e-09
2995.69,5.539153855784771e-09
2995.7,5.0738928088660264e-09
2995.71,4.6494225822523245e-09
2995.72,4.287445359661789e-09
2995.73,3.993869857082569e-09
2995.74,3.766093605427333e-09
2995.75,3.5980395611994324e-09
2995.76,3.4829789955214626e-09
2995.77,3.4148763838213388e-09
2995.78,3.3889153329493174e-09
2995.79,3.401628927625504e-09
2995.8,3.4508684335740447e-09
2995.81,3.5357281241233366e-09
2995.82,3.6564812852668985e-09
2995.83,3.814551261755794e-09
2995.84,4.012526882789537e-09
2995.85,4.254225076262651e-09
2995.86,4.54479999993688e-09
2995.87,4.8908943911957295e-09
2995.88,5.30082221841265e-09
2995.89,5.7847584528727115e-09
2995.9,6.354886241581429e-09
2995.91,7.025405011837545e-09
2995.92,7.812221768087725e-09
2995.93,8.732015238882273e-09
2995.94,9.80016627890237e-09
2995.95,1.1026807281778e-08
2995.96,1.2410076919919081e-08
2995.97,1.3925918236102194e-08
2995.98,1.5515121783017803e-08
2995.99,1.7071537357578297e-08
2996.0,1.844105388214416e-08
2996.01,1.9441786771445422e-08
2996.02,1.9912025014137845e-08
2996.03,1.9772555614053694e-08
2996.04,1.9046324176878272e-08
2996.05,1.7868689149617497e-08
2996.06,1.6420109382217297e-08
2996.07,1.4873736434311346e-08
2996.08,1.3361324726873099e-08
2996.09,1.1964106325085302e-08
2996.1,1.072599774723196e-08
2996.11,9.659212954234706e-09
2996.12,8.760933921131884e-09
2996.13,8.020047392093108e-09
2996.14,7.421446074867011e-09
2996.15,6.947202537457401e-09
2996.16,6.575304130486291e-09
2996.17,6.277218094464721e-09
2996.18,6.017110490386523e-09
2996.19,5.756913773926538e-09
2996.2,5.467661784366309e-09
2996.21,5.14159302594575e-09
2996.22,4.7921398923723136e-09
2996.23,4.442830372796173e-09
2996.24,4.1147173922382856e-09
2996.25,3.820454283149783e-09
2996.26,3.5646656436815616e-09
2996.27,3.346778276605896e-09
2996.28,3.1636872313585272e-09
2996.29,3.0114769628977896e-09
2996.3,2.8863175064373582e-09
2996.31,2.7848462713833203e-09
2996.32,2.704280954592653e-09
2996.33,2.6424107752448256e-09
2996.34,2.5975428441586906e-09
2996.35,2.5684399791898992e-09
2996.36,2.554265461035429e-09
2996.37,2.554540370525117e-09
2996.38,2.5691149008473836e-09
2996.39,2.5981535064145723e-09
2996.4,2.6421334822664633e-09
2996.41,2.7018568726270896e-09
2996.42,2.7784761740963074e-09
2996.43,2.8735350009111213e-09
2996.44,2.979480471187463e-09
2996.45,3.1231419838021115e-09
2996.46,3.287760936878596e-09
2996.47,3.4823764327065645e-09
2996.48,3.711808045377996e-09
2996.49,3.981995095391008e-09
2996.5,4.300240700924265e-09
2996.51,4.675497517527676e-09
2996.52,5.1186824881816205e-09
2996.53,5.642983003108121e-09
2996.54,6.264067115649562e-09
2996.55,7.000016371866119e-09
2996.56,7.876967290456966e-09
2996.57,8.901862220079028e-09
2996.58,1.0096141799219517e-08
2996.59,1.1465489715497193e-08
2996.6,1.2981958523003314e-08
2996.61,1.458644432274566e-08
2996.62,1.6150233783890715e-08
2996.63,1.7493089931856387e-08
2996.64,1.840465921594077e-08
2996.65,1.8717064318344203e-08
2996.66,1.8380201981848208e-08
2996.67,1.7488113500812694e-08
2996.68,1.623437317882809e-08
2996.69,1.4832666123690238e-08
2996.7,1.3454826636842424e-08
2996.71,1.2208034194370757e-08
2996.72,1.1137991870663491e-08
2996.73,1.0242945207059585e-08
2996.74,9.487191120593929e-09
2996.75,8.81598812559323e-09
2996.76,8.17560956215525e-09
2996.77,7.534508161530301e-09
2996.78,6.892412790960081e-09
2996.79,6.270786729384388e-09
2996.8,5.694949796567616e-09
2996.81,5.18199312112415e-09
2996.82,4.738280791511172e-09
2996.83,4.362331471345642e-09
2996.84,4.055077981515099e-09
2996.85,3.796780258106401e-09
2996.86,3.587297595333146e-09
2996.87,3.4209174280087713e-09
2996.88,3.2934889739980846e-09
2996.89,3.201795526779202e-09
2996.9,3.143974687196864e-09
2996.91,3.1193773331607518e-09
2996.92,3.1285681909343903e-09
2996.93,3.1733645255658177e-09
2996.94,3.256903720021966e-09
2996.95,3.3837059216891075e-09
2996.96,3.559652743103765e-09
2996.97,3.791717032082886e-09
2996.98,4.087125600881967e-09
2996.99,4.451401106029649e-09
2997.0,4.884476775195549e-09
2997.01,5.367261890121515e-09
2997.02,5.880465416138099e-09
2997.03,6.356457084108285e-09
2997.04,6.711444202268584e-09
2997.05,6.863407590689074e-09
2997.06,6.7705049958395835e-09
2997.07,6.454926436458471e-09
2997.08,5.989924154136962e-09
2997.09,5.4624841517507195e-09
2997.1,4.94218271765367e-09
2997.11,4.470673906108953e-09
2997.12,4.0661736360578275e-09
2997.13,3.731724205564978e-09
2997.14,3.4634624463838984e-09
2997.15,3.2547923453420016e-09
2997.16,3.0990379805418726e-09
2997.17,2.990609594443386e-09
2997.18,2.925458375494807e-09
2997.19,2.901198082649056e-09
2997.2,2.9170799360177583e-09
2997.21,2.973877789580834e-09
2997.22,3.0816632336308696e-09
2997.23,3.2271938897550367e-09
2997.24,3.4207524533827995e-09
2997.25,3.6618925247242887e-09
2997.26,3.943500997267655e-09
2997.27,4.246424698366158e-09
2997.28,4.534958872222717e-09
2997.29,4.758877678031169e-09
2997.3,4.8679777512668375e-09
2997.31,4.835705571135531e-09
2997.32,4.6745216496741895e-09
2997.33,4.4283974014473305e-09
2997.34,4.149809422871832e-09
2997.35,3.880524155079009e-09
2997.36,3.64529152305108e-09
2997.37,3.4546954365642938e-09
2997.38,3.3106144708216582e-09
2997.39,3.210522589032544e-09
2997.4,3.1511454150409576e-09
2997.41,3.12863206823718e-09
2997.42,3.1400669495204298e-09
2997.43,3.1834928906507723e-09
2997.44,3.2579654591109592e-09
2997.45,3.363543977932473e-09
2997.46,3.501277772359392e-09
2997.47,3.673213969884152e-09
2997.48,3.882437257405933e-09
2997.49,4.131612791988481e-09
2997.5,4.429223424473883e-09
2997.51,4.78047906935046e-09
2997.52,5.193587992305301e-09
2997.53,5.678285679119398e-09
2997.54,6.245769812794303e-09
2997.55,6.9083509821749526e-09
2997.56,7.67856686007361e-09
2997.57,8.577099998954583e-09
2997.58,9.590592184444674e-09
2997.59,1.0724474699467506e-08
2997.6,1.195637532619044e-08
2997.61,1.3236388506895068e-08
2997.62,1.44794330491139e-08
2997.63,1.5566092917019685e-08
2997.64,1.6359912918737364e-08
2997.65,1.6743082336041058e-08
2997.66,1.6658092078678888e-08
2997.67,1.6131554150440197e-08
2997.68,1.5263895783650865e-08
2997.69,1.4192250565553888e-08
2997.7,1.3049942348176543e-08
2997.71,1.1941625166786879e-08
2997.72,1.0936088214818179e-08
2997.73,1.0071802358632443e-08
2997.74,9.36601201670307e-09
2997.75,8.822936961587276e-09
2997.76,8.438883758610094e-09
2997.77,8.203605996612122e-09
2997.78,8.097774921992494e-09
2997.79,8.087190034251315e-09
2997.8,8.11679819539773e-09
2997.81,8.111882502331803e-09
2997.82,7.995158986961307e-09
2997.83,7.717847960604345e-09
2997.84,7.283496665620581e-09
2997.85,6.7423759999468065e-09
2997.86,6.161817603858565e-09
2997.87,5.598098324355073e-09
2997.88,5.0851721033276665e-09
2997.89,4.6370897774053855e-09
2997.9,4.266754547908463e-09
2997.91,3.945893315074666e-09
2997.92,3.6785803744729847e-09
2997.93,3.4573029249498374e-09
2997.94,3.274812050730867e-09
2997.95,3.12538614184421e-09
2997.96,3.0042071132067237e-09
2997.97,2.9074119984339426e-09
2997.98,2.8350882877537203e-09
2997.99,2.77862076319299e-09
2998.0,2.7402243328730426e-09
2998.01,2.7167874646545217e-09
2998.02,2.7082866053724352e-09
2998.03,2.7141596106181456e-09
2998.04,2.7341638673727198e-09
2998.05,2.7683559928503964e-09
2998.06,2.8167705305835475e-09
2998.07,2.880682858899163e-09
2998.08,2.960736265068357e-09
2998.09,3.058234088212786e-09
2998.1,3.1748680462677375e-09
2998.11,3.31277925423815e-09
2998.12,3.474639154110852e-09
2998.13,3.6637547600399557e-09
2998.14,3.884203932464339e-09
2998.15,4.141007845302608e-09
2998.16,4.440349243504174e-09
2998.17,4.7898460959176204e-09
2998.18,5.190170902591469e-09
2998.19,5.6703808183480475e-09
2998.2,6.235939572700945e-09
2998.21,6.917851749104041e-09
2998.22,7.709970503518235e-09
2998.23,8.650632470750021e-09
2998.24,9.767951634678157e-09
2998.25,1.1091374350556136e-08
2998.26,1.2646797985578286e-08
2998.27,1.4446634244740222e-08
2998.28,1.647238257553796e-08
2998.29,1.8649197693347164e-08
2998.3,2.082495369574375e-08
2998.31,2.2739416491470806e-08
2998.32,2.4100680787932705e-08
2998.33,2.4663262044282166e-08
2998.34,2.4347230223514247e-08
2998.35,2.3279985551071343e-08
2998.36,2.1732833453589435e-08
2998.37,2.0006808835523527e-08
2998.38,1.834475141836565e-08
2998.39,1.689920308388085e-08
2998.4,1.573913068688866e-08
2998.41,1.4867884756845059e-08
2998.42,1.4236549630609192e-08
2998.43,1.3752239114823053e-08
2998.44,1.3292431805685118e-08
2998.45,1.2737515906791332e-08
2998.46,1.2015958315379501e-08
2998.47,1.113203575368324e-08
2998.48,1.0151663729585904e-08
2998.49,9.175719722664721e-09
2998.5,8.241696510407627e-09
2998.51,7.404145245463157e-09
2998.52,6.676681907916728e-09
2998.53,6.057047582138608e-09
2998.54,5.5353210838667465e-09
2998.55,5.099113756106796e-09
2998.56,4.736283588748626e-09
2998.57,4.436110789843629e-09
2998.58,4.189659141138337e-09
2998.59,3.989761311144325e-09
2998.6,3.830861944822462e-09
2998.61,3.7018438096539634e-09
2998.62,3.613860397046541e-09
2998.63,3.558169692682054e-09
2998.64,3.534139969123576e-09
2998.65,3.542210481321485e-09
2998.66,3.5839340469063976e-09
2998.67,3.6620729208632566e-09
2998.68,3.78074284535982e-09
2998.69,3.945588896268357e-09
2998.7,4.163950221559765e-09
2998.71,4.444914006793434e-09
2998.72,4.798595293087668e-09
2998.73,5.2369339312567206e-09
2998.74,5.768484681533262e-09
2998.75,6.412698730904704e-09
2998.76,7.1204132328474005e-09
2998.77,7.866666330998777e-09
2998.78,8.570018344424748e-09
2998.79,9.11362859050146e-09
2998.8,9.377256293918559e-09
2998.81,9.291850315613694e-09
2998.82,8.878614714281456e-09
2998.83,8.236412744014596e-09
2998.84,7.489743474021889e-09
2998.85,6.741370480384054e-09
2998.86,6.054188219439285e-09
2998.87,5.4560463619374554e-09
2998.88,4.952264472098291e-09
2998.89,4.53681685407432e-09
2998.9,4.1968338369049784e-09
2998.91,3.9247897771121875e-09
2998.92,3.7084506860557976e-09
2998.93,3.539006042165823e-09
2998.94,3.4092927975439184e-09
2998.95,3.3136483576612975e-09
2998.96,3.247700668370482e-09
2998.97,3.2081624312024444e-09
2998.98,3.2119851691026583e-09
2998.99,3.219013112972077e-09
2999.0,3.2475235944523667e-09
2999.01,3.297172772780927e-09
2999.02,3.3681735058131853e-09
2999.03,3.4612814470183083e-09
2999.04,3.5778063526808268e-09
2999.05,3.7196484139521414e-09
2999.06,3.889360729155953e-09
2999.07,4.090240291569756e-09
2999.08,4.32645101429238e-09
2999.09,4.60318318085013e-09
2999.1,4.926853920761103e-09
2999.11,5.305352086625162e-09
2999.12,5.7483267122605094e-09
2999.13,6.267508122455917e-09
2999.14,6.8770292702701845e-09
2999.15,7.593672124257705e-09
2999.16,8.436882814499505e-09
2999.17,9.428252256621397e-09
2999.18,1.0589907932604975e-08
2999.19,1.1961688546655883e-08
2999.2,1.3510895908894995e-08
2999.21,1.524451307806959e-08
2999.22,1.71078775238391e-08
2999.23,1.898391263679777e-08
2999.24,2.068081373687718e-08
2999.25,2.195170796271207e-08
2999.26,2.256394819220196e-08
2999.27,2.2396463189215073e-08
2999.28,2.1498231545466946e-08
2999.29,2.005913911261156e-08
2999.3,1.8321546122450896e-08
2999.31,1.6499253300277966e-08
2999.32,1.4741367772434649e-08
2999.33,1.3131945328239495e-08
2999.34,1.1706502368319747e-08
2999.35,1.0469525699027459e-08
2999.36,9.411084162862235e-09
2999.37,8.537354024849357e-09
2999.38,7.777665736274066e-09
2999.39,7.137611894939929e-09
2999.4,6.599743789581679e-09
2999.41,6.149063965858113e-09
2999.42,5.773003487505656e-09
2999.43,5.461214484831183e-09
2999.44,5.205302602940773e-09
2999.45,4.998561742073948e-09
2999.46,4.835739626463554e-09
2999.47,4.7129755878408365e-09
2999.48,4.627132222263168e-09
2999.49,4.576470913504564e-09
2999.5,4.560071815105859e-09
2999.51,4.577944097650724e-09
2999.52,4.65338719300979e-09
2999.53,4.7438328444451156e-09
2999.54,4.8746157322767676e-09
2999.55,5.054651960180266e-09
2999.56,5.280957220056458e-09
2999.57,5.565787833324959e-09
2999.58,5.919081960039927e-09
2999.59,6.353243058726728e-09
2999.6,6.883331258413901e-09
2999.61,7.526872466828286e-09
2999.62,8.302773421878177e-09
2999.63,9.228404797236537e-09
2999.64,1.0313338450160057e-08
2999.65,1.1570144549602666e-08
2999.66,1.2907704192869158e-08
2999.67,1.4245189364450251e-08
2999.68,1.5415406236140292e-08
2999.69,1.6217810679866802e-08
2999.7,1.6501886888650314e-08
2999.71,1.6218247318015075e-08
2999.72,1.5489495894627437e-08
2999.73,1.4516365441302084e-08
2999.74,1.3497915170361893e-08
2999.75,1.2599824304912955e-08
2999.76,1.1860762179683544e-08
2999.77,1.1337947338235142e-08
2999.78,1.1040623397166412e-08
2999.79,1.096463493839061e-08
2999.8,1.1109408103077568e-08
2999.81,1.1428486169334607e-08
2999.82,1.1912641899011076e-08
2999.83,1.2452261604074856e-08
2999.84,1.2966583940277031e-08
2999.85,1.3373873027395895e-08
2999.86,1.3521041312571975e-08
2999.87,1.3425535688115026e-08
2999.88,1.315277626191156e-08
2999.89,1.2814783575757513e-08
2999.9,1.2523399748186959e-08
2999.91,1.2355279645323018e-08
2999.92,1.2379069507354599e-08
2999.93,1.261877331375039e-08
2999.94,1.3093465118863073e-08
2999.95,1.3819419048554662e-08
2999.96,1.4805419947903843e-08
2999.97,1.6051204114860194e-08
2999.98,1.753499702241392e-08
2999.99,1.9196608367185137e-08
3000.0,2.0921316287389584e-08
3000.01,2.2539488359764665e-08
3000.02,2.3861255895401427e-08
3000.03,2.4748536488874723e-08
3000.04,2.5186704829375557e-08
3000.05,2.5302885268491284e-08
3000.06,2.52814383810868e-08
3000.07,2.5296991262351196e-08
3000.08,2.5414453950209373e-08
3000.09,2.555902486585946e-08
3000.1,2.5534527369222302e-08
3000.11,2.510382760874752e-08
3000.12,2.411290196782743e-08
3000.13,2.257369160721167e-08
3000.14,2.066068103343578e-08
3000.15,1.860674093286551e-08
3000.16,1.6609469519535785e-08
3000.17,1.4790574084061425e-08
3000.18,1.3202063448448323e-08
3000.19,1.1850031253095053e-08
3000.2,1.071679318863586e-08
3000.21,9.775538637362806e-09
3000.22,8.99137095155043e-09
3000.23,8.352731250608148e-09
3000.24,7.830969712987422e-09
3000.25,7.408337852167411e-09
3000.26,7.070686508486411e-09
3000.27,6.806995310779266e-09
3000.28,6.608913022629938e-09
3000.29,6.470369576744728e-09
3000.3,6.38511111627475e-09
3000.31,6.3551769693006555e-09
3000.32,6.3777362244859535e-09
3000.33,6.4537602380732235e-09
3000.34,6.585882554057399e-09
3000.35,6.7785152901733235e-09
3000.36,7.038039325321072e-09
3000.37,7.37306471978835e-09
3000.38,7.79475237323413e-09
3000.39,8.317175496100148e-09
3000.4,8.957670704967197e-09
3000.41,9.73705684850633e-09
3000.42,1.0679420877797406e-08
3000.43,1.1810767863551292e-08
3000.44,1.3155084233447516e-08
3000.45,1.4725339042553784e-08
3000.46,1.6506333717218126e-08
3000.47,1.8428056412263237e-08
3000.48,2.033583593457753e-08
3000.49,2.1979247774358586e-08
3000.5,2.3054951203016117e-08
3000.51,2.3316622450803383e-08
3000.52,2.2704384145163563e-08
3000.53,2.1373532275155566e-08
3000.54,1.961354929634254e-08
3000.55,1.771658281772907e-08
3000.56,1.5894443927580174e-08
3000.57,1.4263462485338199e-08
3000.58,1.2867252956996642e-08
3000.59,1.1706404632061738e-08
3000.6,1.0761103750081266e-08
3000.61,1.0004747490410614e-08
3000.62,9.410916750036603e-09
3000.63,8.95640067866696e-09
3000.64,8.622167942477448e-09
3000.65,8.393393549271978e-09
3000.66,8.259347441341535e-09
3000.67,8.212097384241452e-09
3000.68,8.247480353560306e-09
3000.69,8.363962073668673e-09
3000.7,8.562722080150916e-09
3000.71,8.847786474037824e-09
3000.72,9.225540379652982e-09
3000.73,9.705818968608964e-09
3000.74,1.0301615298606505e-08
3000.75,1.1029567741828245e-08
3000.76,1.1910261989056352e-08
3000.77,1.2971868338724128e-08
3000.78,1.4235596362127469e-08
3000.79,1.5735400712913906e-08
3000.8,1.7500470885237927e-08
3000.81,1.9551978890499662e-08
3000.82,2.189104895810219e-08
3000.83,2.4479470800180516e-08
3000.84,2.72127625706599e-08
3000.85,2.989115550422332e-08
3000.86,3.220727480022495e-08
3000.87,3.378461885682096e-08
3000.88,3.429196688521133e-08
3000.89,3.359591073077541e-08
3000.9,3.1841161788357184e-08
3000.91,2.938229326298133e-08
3000.92,2.6623931317957982e-08
3000.93,2.389004534107138e-08
3000.94,2.137873429849711e-08
3000.95,1.9179744626711232e-08
3000.96,1.731237194876406e-08
3000.97,1.5758910678285485e-08
3000.98,1.4485861025523775e-08
3000.99,1.3457070180927962e-08
3001.0,1.263889487604823e-08
3001.01,1.200269329426639e-08
3001.02,1.1525404321937474e-08
3001.03,1.1189367539850197e-08
3001.04,1.098018190120589e-08
3001.05,1.0893133106914154e-08
3001.06,1.092257186076852e-08
3001.07,1.1068637246875412e-08
3001.08,1.1335561119769845e-08
3001.09,1.1731886417657261e-08
3001.1,1.2270874567767772e-08
3001.11,1.2971079919171024e-08
3001.12,1.385702272546495e-08
3001.13,1.4959789911394562e-08
3001.14,1.631718317595198e-08
3001.15,1.79726330521924e-08
3001.16,1.9971394691870683e-08
3001.17,2.235147560300065e-08
3001.18,2.512559652234898e-08
3001.19,2.8250606399510573e-08
3001.2,3.1585661967866264e-08
3001.21,3.4855112037191906e-08
3001.22,3.765441098887844e-08
3001.23,3.954143512028192e-08
3001.24,4.019982489705073e-08
3001.25,3.9569748031248814e-08
3001.26,3.784248597143659e-08
3001.27,3.534531123195285e-08
3001.28,3.242689460991725e-08
3001.29,2.9394575908437916e-08
3001.3,2.6484533696640684e-08
3001.31,2.3848992064715688e-08
3001.32,2.1562023306715513e-08
3001.33,1.9639925021533214e-08
3001.34,1.806492767312545e-08
3001.35,1.6804040184657496e-08
3001.36,1.5820961097679374e-08
3001.37,1.5082408891411548e-08
3001.38,1.4561178552218363e-08
3001.39,1.4236133923357296e-08
3001.4,1.4093734676258909e-08
3001.41,1.412692378376679e-08
3001.42,1.4335229753735894e-08
3001.43,1.4724792725615613e-08
3001.44,1.530858238195085e-08
3001.45,1.6106749677855192e-08
3001.46,1.71469275976116e-08
3001.47,1.8464067694514475e-08
3001.48,2.009897706496391e-08
3001.49,2.2093988006219252e-08
3001.5,2.4483085039978717e-08
3001.51,2.727261152836473e-08
3001.52,3.040875800841964e-08
3001.53,3.373303117925778e-08
3001.54,3.6942292114881194e-08
3001.55,3.959257524167963e-08
3001.56,4.121062702670496e-08
3001.57,4.147256330574656e-08
3001.58,4.038090529082252e-08
3001.59,3.826417665002688e-08
3001.6,3.5611443946407904e-08
3001.61,3.2879408458048376e-08
3001.62,3.038871158500859e-08
3001.63,2.831690014659005e-08
3001.64,2.6731929038416618e-08
3001.65,2.5661011051670318e-08
3001.66,2.508446132336514e-08
3001.67,2.497591881490814e-08
3001.68,2.5298325361346985e-08
3001.69,2.599543058459858e-08
3001.7,2.6976062338291128e-08
3001.71,2.8099408540196063e-08
3001.72,2.9175458953422554e-08
3001.73,3.001450611224832e-08
3001.74,3.048618450147193e-08
3001.75,3.059578579446528e-08
3001.76,3.048679199198358e-08
3001.77,3.0380253856464205e-08
3001.78,3.049834689823548e-08
3001.79,3.10177065509747e-08
3001.8,3.2057586113870195e-08
3001.81,3.368237372781921e-08
3001.82,3.5902018707667935e-08
3001.83,3.8630949104438405e-08
3001.84,4.1674884072155643e-08
3001.85,4.467317405645505e-08
3001.86,4.7105796965246896e-08
3001.87,4.843294350694251e-08
3001.88,4.826650170261341e-08
3001.89,4.658718697463779e-08
3001.9,4.373088770707403e-08
3001.91,4.023136205285624e-08
3001.92,3.659055575373888e-08
3001.93,3.3161370564526575e-08
3001.94,3.0134677402556635e-08
3001.95,2.7581231145427545e-08
3001.96,2.5501344720560213e-08
3001.97,2.3862184904217165e-08
3001.98,2.2620360889180078e-08
3001.99,2.1733734661781527e-08
3002.0,2.116685423785093e-08
3002.01,2.089323392960775e-08
3002.02,2.0896477658882727e-08
3002.03,2.1171239428943372e-08
3002.04,2.1721122658230536e-08
3002.05,2.257151414145779e-08
3002.06,2.3750821287041097e-08
3002.07,2.5301155904217272e-08
3002.08,2.7271720765541414e-08
3002.09,2.971171216965742e-08
3002.1,3.265636361401978e-08
3002.11,3.6101366483791395e-08
3002.12,3.996159154032364e-08
3002.13,4.4017314541111584e-08
3002.14,4.787097500440077e-08
3002.15,5.096455189295233e-08
3002.16,5.2715296557998155e-08
3002.17,5.274790882850371e-08
3002.18,5.10878629245073e-08
3002.19,4.813585629247104e-08
3002.2,4.4487951293646115e-08
3002.21,4.0693306857585354e-08
3002.22,3.713554747464964e-08
3002.23,3.4023495787270586e-08
3002.24,3.143769256852837e-08
3002.25,2.9383945828961062e-08
3002.26,2.7833491808726262e-08
3002.27,2.6747605014992856e-08
3002.28,2.6090825101523522e-08
3002.29,2.58373516798146e-08
3002.3,2.5973830671332026e-08
3002.31,2.6500411443811784e-08
3002.32,2.7430963799988215e-08
3002.33,2.8792616028346628e-08
3002.34,3.062410504230288e-08
3002.35,3.297160044256804e-08
3002.36,3.587950054841597e-08
3002.37,3.9372240595145175e-08
3002.38,4.342218383775174e-08
3002.39,4.7900773563122535e-08
3002.4,5.252057432678378e-08
3002.41,5.6799395405560985e-08
3002.42,6.010467972173099e-08
3002.43,6.182541787092764e-08
3002.44,6.16235721643192e-08
3002.45,5.9604602777757956e-08
3002.46,5.6262090126849695e-08
3002.47,5.2247064147615064e-08
3002.48,4.814086570261362e-08
3002.49,4.4343852671403666e-08
3002.5,4.107580906142811e-08
3002.51,3.8422690640622155e-08
3002.52,3.640763823402576e-08
3002.53,3.500793812922992e-08
3002.54,3.419651763325568e-08
3002.55,3.395196666610517e-08
3002.56,3.4265446517117386e-08
3002.57,3.514337107680107e-08
3002.58,3.660736744584457e-08
3002.59,3.8691956281405494e-08
3002.6,4.143928847541359e-08
3002.61,4.488817732105224e-08
3002.62,4.90512547965958e-08
3002.63,5.387229158553481e-08
3002.64,5.916143566656462e-08
3002.65,6.452425228043505e-08
3002.66,6.933163690123617e-08
3002.67,7.280414953463136e-08
3002.68,7.425134178532636e-08
3002.69,7.337557255435379e-08
3002.7,7.042725355066443e-08
3002.71,6.60790113021818e-08
3002.72,6.112615982023361e-08
3002.73,5.623196853821335e-08
3002.74,5.182750076031007e-08
3002.75,4.8133740009244044e-08
3002.76,4.5230270493558894e-08
3002.77,4.312076698845463e-08
3002.78,4.177876944700688e-08
3002.79,4.117461600424459e-08
3002.8,4.128907466356084e-08
3002.81,4.2118329596117995e-08
3002.82,4.367260708265157e-08
3002.83,4.596824135081052e-08
3002.84,4.901067771657257e-08
3002.85,5.276427872327063e-08
3002.86,5.7105725179052975e-08
3002.87,6.176561565589941e-08
3002.88,6.628269340037781e-08
3002.89,7.002260676971076e-08
3002.9,7.231647253549287e-08
3002.91,7.270523579818635e-08
3002.92,7.11541446443786e-08
3002.93,6.807181237495526e-08
3002.94,6.41180646424769e-08
3002.95,5.995325080699006e-08
3002.96,5.607952960670937e-08
3002.97,5.280102909864498e-08
3002.98,5.028362059429128e-08
3002.99,4.8582656368659154e-08
3003.0,4.771198429942046e-08
3003.01,4.767022568998212e-08
3003.02,4.845674478530405e-08
3003.03,5.0075094473981466e-08
3003.04,5.2524847487853605e-08
3003.05,5.5780188731060645e-08
3003.06,5.975255318946994e-08
3003.07,6.423815033684491e-08
3003.08,6.886430329963173e-08
3003.09,7.307260404031092e-08
3003.1,7.619566840394447e-08
3003.11,7.765255393888893e-08
3003.12,7.719220920143315e-08
3003.13,7.501650932889802e-08
3003.14,7.168345085676378e-08
3003.15,6.788341132594625e-08
3003.16,6.421187221895551e-08
3003.17,6.108695868649059e-08
3003.18,5.875335736187971e-08
3003.19,5.7332893784543115e-08
3003.2,5.687650608000017e-08
3003.21,5.739970202530791e-08
3003.22,5.8897827316359424e-08
3003.23,6.134161487382572e-08
3003.24,6.465331530493992e-08
3003.25,6.866484503917811e-08
3003.26,7.306727780340405e-08
3003.27,7.737923511130835e-08
3003.28,8.098263816854737e-08
3003.29,8.326699241715107e-08
3003.3,8.385308129619677e-08
3003.31,8.276818277685213e-08
3003.32,8.044057967632866e-08
3003.33,7.751808615134081e-08
3003.34,7.464666782148599e-08
3003.35,7.233233567632723e-08
3003.36,7.090917382811978e-08
3003.37,7.05692699784309e-08
3003.38,7.14005519197278e-08
3003.39,7.343073874850793e-08
3003.4,7.65917238370164e-08
3003.41,8.073205252351352e-08
3003.42,8.552154090564093e-08
3003.43,9.043164438603764e-08
3003.44,9.474469279579228e-08
3003.45,9.769106155808398e-08
3003.46,9.87048396807642e-08
3003.47,9.767063432345786e-08
3003.48,9.498229699949349e-08
3003.49,9.136585967854881e-08
3003.5,8.760499762035614e-08
3003.51,8.433198046538597e-08
3003.52,8.197953775307268e-08
3003.53,8.075745533164409e-08
3003.54,8.071699189544148e-08
3003.55,8.176960991721623e-08
3003.56,8.368844892003197e-08
3003.57,8.610093147779821e-08
3003.58,8.850690831543332e-08
3003.59,9.036771822371833e-08
3003.6,9.123668329032479e-08
3003.61,9.094555475108466e-08
3003.62,8.967547821027488e-08
3003.63,8.786298947980087e-08
3003.64,8.603473298280911e-08
3003.65,8.464925400805686e-08
3003.66,8.400806014481023e-08
3003.67,8.422737839120223e-08
3003.68,8.523848661401503e-08
3003.69,8.679976790870503e-08
3003.7,8.85305306511454e-08
3003.71,8.999073554403258e-08
3003.72,9.08120992021016e-08
3003.73,9.083550178518793e-08
3003.74,9.017367461135019e-08
3003.75,8.915257203823058e-08
3003.76,8.816813157394506e-08
3003.77,8.754054528965865e-08
3003.78,8.742256464690739e-08
3003.79,8.777215496825992e-08
3003.8,8.838062434131718e-08
3003.81,8.894189941290076e-08
3003.82,8.919757007298018e-08
3003.83,8.899770282899275e-08
3003.84,8.837861606194164e-08
3003.85,8.750829329338766e-08
3003.86,8.657905914455552e-08
3003.87,8.570588455004275e-08
3003.88,8.488038644124685e-08
3003.89,8.399238080893029e-08
3003.9,8.289861262558346e-08
3003.91,8.149662183287309e-08
3003.92,7.975940211115404e-08
3003.93,7.771525636531456e-08
3003.94,7.539935566928035e-08
3003.95,7.282036164542698e-08
3003.96,6.996438254456076e-08
3003.97,6.682260737126299e-08
3003.98,6.341932127311572e-08
3003.99,5.981883199038745e-08
3004.0,5.6117872891257225e-08
3004.01,5.24316935217465e-08
3004.02,4.887947744061147e-08
3004.03,4.5570078712620984e-08
3004.04,4.258974616961207e-08
3004.05,3.9991933431338274e-08
3004.06,3.7790412435844597e-08
3004.07,3.595239691613932e-08
3004.08,3.439268984657842e-08
3004.09,3.29763861320665e-08
3004.1,3.154358794374414e-08
3004.11,2.996047826183461e-08
3004.12,2.817293031018137e-08
3004.13,2.6222238689211923e-08
3004.14,2.4210698660806537e-08
3004.15,2.2247977142699046e-08
3004.16,2.0414579643920835e-08
3004.17,1.8752450447285673e-08
3004.18,1.7272540707609664e-08
3004.19,1.5966882585762983e-08
3004.2,1.4818804777151601e-08
3004.21,1.3798446989231036e-08
3004.22,1.2906294908066634e-08
3004.23,1.2115506848399888e-08
3004.24,1.1411310397997581e-08
3004.25,1.0781241961434415e-08
3004.26,1.0214889032630366e-08
3004.27,9.703583223140445e-09
3004.28,9.240106610317928e-09
3004.29,8.818434796016822e-09
3004.3,8.433521769918319e-09
3004.31,8.08112391754513e-09
3004.32,7.757657817172538e-09
3004.33,7.460086060936312e-09
3004.34,7.185825854382986e-09
3004.35,6.9326759664867296e-09
3004.36,6.698758436598263e-09
3004.37,6.4824721907795895e-09
3004.38,6.282456342262392e-09
3004.39,6.097561451771174e-09
3004.4,5.926827408017843e-09
3004.41,5.769466862852513e-09
3004.42,5.624853306570068e-09
3004.43,5.492512864153419e-09
3004.44,5.372118655872712e-09
3004.45,5.263485959825112e-09
3004.46,5.166565207660007e-09
3004.47,5.081427693167985e-09
3004.48,5.00823534320058e-09
3004.49,4.9471806950245525e-09
3004.5,4.898376898805394e-09
3004.51,4.861673293526458e-09
3004.52,4.836378910020725e-09
3004.53,4.820912156738095e-09
3004.54,4.812481868629384e-09
3004.55,4.807037340552442e-09
3004.56,4.799806364605223e-09
3004.57,4.783460095715548e-09
3004.58,4.750656055769933e-09
3004.59,4.722579376419208e-09
3004.6,4.6918638265869e-09
3004.61,4.664444512880128e-09
3004.62,4.6464070699913165e-09
3004.63,4.642973574072385e-09
3004.64,4.658208668193224e-09
3004.65,4.6951954267639815e-09
3004.66,4.756359528499273e-09
3004.67,4.843729749337587e-09
3004.68,4.959034910977054e-09
3004.69,5.103593204160673e-09
3004.7,5.277849675906997e-09
3004.71,5.481198083359548e-09
3004.72,5.710390776029654e-09
3004.73,5.9588297591325365e-09
3004.74,6.215274430751972e-09
3004.75,6.463114901104595e-09
3004.76,6.680835811628696e-09
3004.77,6.844410539577712e-09
3004.78,6.931772419099375e-09
3004.79,6.928289061334347e-09
3004.8,6.83102169925232e-09
3004.81,6.649912705296124e-09
3004.82,6.403703957833829e-09
3004.83,6.116400583018685e-09
3004.84,5.81099358157266e-09
3004.85,5.506364031619109e-09
3004.86,5.216018478778493e-09
3004.87,4.948378245069851e-09
3004.88,4.707832729018765e-09
3004.89,4.495954840731358e-09
3004.9,4.312560439237501e-09
3004.91,4.156507490600786e-09
3004.92,4.026245333126788e-09
3004.93,3.920167532848528e-09
3004.94,3.823371858465734e-09
3004.95,3.761687131909114e-09
3004.96,3.7207776039711313e-09
3004.97,3.700250865639752e-09
3004.98,3.7001605252855414e-09
3004.99,3.721046434587088e-09
3005.0,3.7674988881903955e-09
3005.01,3.834196471777182e-09
3005.02,3.927306084249683e-09
3005.03,4.0494578015566e-09
3005.04,4.205133413150539e-09
3005.05,4.399712077257442e-09
3005.06,4.6399992169082536e-09
3005.07,4.934493825127649e-09
3005.08,5.293643012039936e-09
3005.09,5.729989340512458e-09
3005.1,6.258009898344377e-09
3005.11,6.893253015743391e-09
3005.12,7.650064188343036e-09
3005.13,8.534055599381542e-09
3005.14,9.544278674586832e-09
3005.15,1.0643500147876293e-08
3005.16,1.1753783060135792e-08
3005.17,1.2746246973885008e-08
3005.18,1.345269830331525e-08
3005.19,1.3741333104737893e-08
3005.2,1.3548632158026418e-08
3005.21,1.2933400076950472e-08
3005.22,1.2038074892311818e-08
3005.23,1.1021518389085719e-08
3005.24,1.0007530543083077e-08
3005.25,9.069389720855207e-09
3005.26,8.246471744107743e-09
3005.27,7.531050850972277e-09
3005.28,6.908657774850423e-09
3005.29,6.397152333405287e-09
3005.3,5.9643269143061115e-09
3005.31,5.59312556059851e-09
3005.32,5.270280101292294e-09
3005.33,4.989243983338217e-09
3005.34,4.74957703381477e-09
3005.35,4.553689161385702e-09
3005.36,4.403909339944361e-09
3005.37,4.304822509614481e-09
3005.38,4.250165680179719e-09
3005.39,4.243877079231928e-09
3005.4,4.287392245447328e-09
3005.41,4.383530034102845e-09
3005.42,4.536842805470246e-09
3005.43,4.753829426831603e-09
3005.44,5.042976178285893e-09
3005.45,5.4144639813935924e-09
3005.46,5.879183839052079e-09
3005.47,6.446599150352178e-09
3005.48,7.119352978501491e-09
3005.49,7.886330014495554e-09
3005.5,8.710394534457125e-09
3005.51,9.517047165965039e-09
3005.52,1.0192829408962701e-08
3005.53,1.0607553163170208e-08
3005.54,1.06628516459742e-08
3005.55,1.0341773710172746e-08
3005.56,9.717804597861626e-09
3005.57,8.916652520403351e-09
3005.58,8.062578052869195e-09
3005.59,7.245131052988095e-09
3005.6,6.495535456424015e-09
3005.61,5.864772459487813e-09
3005.62,5.330476664549385e-09
3005.63,4.876056130220472e-09
3005.64,4.480882041465129e-09
3005.65,4.1270864892109e-09
3005.66,3.804131619675054e-09
3005.67,3.5089691591998662e-09
3005.68,3.2425357033059834e-09
3005.69,3.0059687922866352e-09
3005.7,2.798807318040885e-09
3005.71,2.6189915153733745e-09
3005.72,2.463560443746873e-09
3005.73,2.3293123938671986e-09
3005.74,2.213210492622377e-09
3005.75,2.1125662235938276e-09
3005.76,2.024958295903772e-09
3005.77,1.9487302257812425e-09
3005.78,1.8821681041783603e-09
3005.79,1.823967668931868e-09
3005.8,1.7730564342192174e-09
3005.81,1.7285522793642575e-09
3005.82,1.6897291559826986e-09
3005.83,1.6559892925499467e-09
3005.84,1.6268409268953285e-09
3005.85,1.601880583728412e-09
3005.86,1.580779028618748e-09
3005.87,1.5632701784363913e-09
3005.88,1.5491423915805368e-09
3005.89,1.5382316859451865e-09
3005.9,1.5304165356531281e-09
3005.91,1.506556594152971e-09
3005.92,1.5048285646932409e-09
3005.93,1.5060518535734008e-09
3005.94,1.5102463591128688e-09
3005.95,1.5174649326664486e-09
3005.96,1.5277940583002382e-09
3005.97,1.5413553294225854e-09
3005.98,1.5583077594635636e-09
3005.99,1.5791433055881251e-09
3006.0,1.6035234440421815e-09
3006.01,1.6286910890927615e-09
3006.02,1.661702906214255e-09
3006.03,1.6996129592939348e-09
3006.04,1.7429132639263987e-09
3006.05,1.792183368983608e-09
3006.06,1.8481052593291329e-09
3006.07,1.9114813597762302e-09
3006.08,1.983256182525248e-09
3006.09,2.064542177488423e-09
3006.1,2.1566502743420263e-09
3006.11,2.2611253568443304e-09
3006.12,2.3797863209805278e-09
3006.13,2.5147691604740427e-09
3006.14,2.6684102990294876e-09
3006.15,2.843916688128646e-09
3006.16,3.044420159943199e-09
3006.17,3.2735780502807955e-09
3006.18,3.5352914966155344e-09
3006.19,3.812880107805524e-09
3006.2,4.151073522544202e-09
3006.21,4.5316599923102755e-09
3006.22,4.955574732911517e-09
3006.23,5.4219508499832626e-09
3006.24,5.92840204365172e-09
3006.25,6.4715746685949615e-09
3006.26,7.046887517034224e-09
3006.27,7.646202486397942e-09
3006.28,8.253396017077997e-09
3006.29,8.839748025420523e-09
3006.3,9.362261861026307e-09
3006.31,9.767746957439477e-09
3006.32,1.0003565635430106e-08
3006.33,1.0032386477908521e-08
3006.34,9.844662186111248e-09
3006.35,9.462244946707151e-09
3006.36,8.93119721480483e-09
3006.37,8.308091728198576e-09
3006.38,7.646695192786879e-09
3006.39,6.98967692589149e-09
3006.4,6.366030555749087e-09
3006.41,5.795683581517804e-09
3006.42,5.279362430124861e-09
3006.43,4.821379701553449e-09
3006.44,4.419087836545061e-09
3006.45,4.067950302705139e-09
3006.46,3.741053662401187e-09
3006.47,3.476504841436953e-09
3006.48,3.2478996840319113e-09
3006.49,3.05004916272678e-09
3006.5,2.8793640299225286e-09
3006.51,2.732450539705617e-09
3006.52,2.606420919876141e-09
3006.53,2.4991370905420235e-09
3006.54,2.4079819324937807e-09
3006.55,2.3315714534173314e-09
3006.56,2.2685385702678723e-09
3006.57,2.217789417421848e-09
3006.58,2.178474054166594e-09
3006.59,2.1499642499079745e-09
3006.6,2.1318381480427316e-09
3006.61,2.1238716682655427e-09
3006.62,2.1260366304453304e-09
3006.63,2.1385056985527612e-09
3006.64,2.1616642487485856e-09
3006.65,2.196128973075812e-09
3006.66,2.242772064423301e-09
3006.67,2.3027474521333713e-09
3006.68,2.3775103915810592e-09
3006.69,2.468811422555609e-09
3006.7,2.5786271531668723e-09
3006.71,2.6867299871453208e-09
3006.72,2.8393168660092113e-09
3006.73,3.014523183371452e-09
3006.74,3.2107899914926135e-09
3006.75,3.4239347347245285e-09
3006.76,3.6480998678986278e-09
3006.77,3.879127768965085e-09
3006.78,4.119121291989789e-09
3006.79,4.37869149548283e-09
3006.8,4.67489075709752e-09
3006.81,5.026996023134239e-09
3006.82,5.453532553219399e-09
3006.83,5.971547082500979e-09
3006.84,6.59708109635034e-09
3006.85,7.345629430646618e-09
3006.86,8.231958783020039e-09
3006.87,9.263681342103818e-09
3006.88,1.0467714089956771e-08
3006.89,1.181601143424666e-08
3006.9,1.328671569036832e-08
3006.91,1.4806151895289381e-08
3006.92,1.625303807831997e-08
3006.93,1.746916768352386e-08
3006.94,1.8306226934792765e-08
3006.95,1.8646832139384586e-08
3006.96,1.850495180544583e-08
3006.97,1.7878644972257742e-08
3006.98,1.6828784705726363e-08
3006.99,1.5464088495363185e-08
3007.0,1.3928074812047887e-08
3007.01,1.2364751114076751e-08
3007.02,1.0884743042779487e-08
3007.03,9.552376772174203e-09
3007.04,8.392741198383386e-09
3007.05,7.404645884764735e-09
3007.06,6.5737569766105e-09
3007.07,5.880864099083476e-09
3007.08,5.306520804307898e-09
3007.09,4.833119082658829e-09
3007.1,4.445413904875485e-09
3007.11,4.130103558865147e-09
3007.12,3.874767115687203e-09
3007.13,3.666415831766561e-09
3007.14,3.4902644302096717e-09
3007.15,3.329952732939152e-09
3007.16,3.17040469607975e-09
3007.17,3.005308123515914e-09
3007.18,2.807236962210604e-09
3007.19,2.628431513160083e-09
3007.2,2.455900297534144e-09
3007.21,2.296237784028632e-09
3007.22,2.1528157035506375e-09
3007.23,2.026340515630694e-09
3007.24,1.9159274202072696e-09
3007.25,1.8199803832319832e-09
3007.26,1.7367276384851842e-09
3007.27,1.6644888550572484e-09
3007.28,1.6017815530529852e-09
3007.29,1.5473450240177628e-09
3007.3,1.49996077805465e-09
3007.31,1.4590941081889204e-09
3007.32,1.4238626577630643e-09
3007.33,1.3936802684504041e-09
3007.34,1.368067173848317e-09
3007.35,1.3466318891727884e-09
3007.36,1.3290566744800228e-09
3007.37,1.315086018007856e-09
3007.38,1.3045176012524859e-09
3007.39,1.2971952811620859e-09
3007.4,1.2730950350992708e-09
3007.41,1.2720599516383195e-09
3007.42,1.274031470914986e-09
3007.43,1.2789967255416989e-09
3007.44,1.2869735715632915e-09
3007.45,1.2980101894216022e-09
3007.46,1.308679395637243e-09
3007.47,1.3261243855567177e-09
3007.48,1.346961852647513e-09
3007.49,1.3713711386070387e-09
3007.5,1.3995704190071262e-09
3007.51,1.4318207467871004e-09
3007.52,1.4684310855012769e-09
3007.53,1.5097644867803377e-09
3007.54,1.5562456079474691e-09
3007.55,1.6083698151027857e-09
3007.56,1.666714175957746e-09
3007.57,1.7319507178159265e-09
3007.58,1.8048624110905964e-09
3007.59,1.8863624402871535e-09
3007.6,1.9775174432295098e-09
3007.61,2.0618336544372806e-09
3007.62,2.1761476664065627e-09
3007.63,2.3047491215147358e-09
3007.64,2.449459594815973e-09
3007.65,2.6126659905550758e-09
3007.66,2.7971870708614394e-09
3007.67,3.0063539430328344e-09
3007.68,3.2441019980750434e-09
3007.69,3.5150721878747223e-09
3007.7,3.824715673225562e-09
3007.71,4.179388858244879e-09
3007.72,4.58641354377786e-09
3007.73,5.0540562071278284e-09
3007.74,5.591346866789735e-09
3007.75,6.20760668789554e-09
3007.76,6.911481791366418e-09
3007.77,7.709196426863125e-09
3007.78,8.601974805411272e-09
3007.79,9.580565913587875e-09
3007.8,1.0621398600062233e-08
3007.81,1.1664464471381612e-08
3007.82,1.2670203214542203e-08
3007.83,1.3532304228588433e-08
3007.84,1.415493697569194e-08
3007.85,1.4450049240690013e-08
3007.86,1.4381478767030788e-08
3007.87,1.396724406552985e-08
3007.88,1.3275856505040999e-08
3007.89,1.240280209004511e-08
3007.9,1.1443400151562428e-08
3007.91,1.0473675549729935e-08
3007.92,9.54304117709437e-09
3007.93,8.67640931980041e-09
3007.94,7.88143261671658e-09
3007.95,7.157361081182502e-09
3007.96,6.499934075694785e-09
3007.97,5.9069258103927236e-09
3007.98,5.376511213770502e-09
3007.99,4.906531603147011e-09
3008.0,4.493706301481648e-09
3008.01,4.121833093118679e-09
3008.02,3.809442754369182e-09
3008.03,3.5394456509130036e-09
3008.04,3.306851202914895e-09
3008.05,3.107160886470213e-09
3008.06,2.9364712054262323e-09
3008.07,2.7914932283745607e-09
3008.08,2.669529040923296e-09
3008.09,2.5684316782145576e-09
3008.1,2.486563924324546e-09
3008.11,2.422763678010233e-09
3008.12,2.376318204487646e-09
3008.13,2.3469447270723948e-09
3008.14,2.3347682341298046e-09
3008.15,2.3402760867828997e-09
3008.16,2.3642091199721148e-09
3008.17,2.4073174529516417e-09
3008.18,2.469872471900311e-09
3008.19,2.550823669413591e-09
3008.2,2.646632169358781e-09
3008.21,2.750276062628051e-09
3008.22,2.851661452455406e-09
3008.23,2.9326382306101616e-09
3008.24,3.004973120981897e-09
3008.25,3.065048613102939e-09
3008.26,3.125644495656374e-09
3008.27,3.2016509680924665e-09
3008.28,3.307537835263909e-09
3008.29,3.454727991615709e-09
3008.3,3.6526082528840758e-09
3008.31,3.909898122598444e-09
3008.32,4.235727152007316e-09
3008.33,4.640025996057708e-09
3008.34,5.132956675076397e-09
3008.35,5.722912272884456e-09
3008.36,6.412310654586726e-09
3008.37,7.190329414975178e-09
3008.38,8.022630340860815e-09
3008.39,8.841200119686269e-09
3008.4,9.542930590163958e-09
3008.41,1.0008911980513146e-08
3008.42,1.0147073376682588e-08
3008.43,9.93666464951122e-09
3008.44,9.439815343061113e-09
3008.45,8.76979861125373e-09
3008.46,8.048802114519079e-09
3008.47,7.352163956181954e-09
3008.48,6.735405806979374e-09
3008.49,6.2159259483043455e-09
3008.5,5.791979818292835e-09
3008.51,5.451288172776513e-09
3008.52,5.178687130843032e-09
3008.53,4.961782158724039e-09
3008.54,4.7947905465491335e-09
3008.55,4.678532140882188e-09
3008.56,4.618343840440584e-09
3008.57,4.617066654701447e-09
3008.58,4.692023344123231e-09
3008.59,4.847176851692439e-09
3008.6,5.091831369844591e-09
3008.61,5.436037878500713e-09
3008.62,5.889602773676207e-09
3008.63,6.459199874376691e-09
3008.64,7.142500172429097e-09
3008.65,7.918518995007813e-09
3008.66,8.735305249922411e-09
3008.67,9.500823544268908e-09
3008.68,1.008887704326439e-08
3008.69,1.0371320287966579e-08
3008.7,1.0270495597605606e-08
3008.71,9.799234529201232e-09
3008.72,9.054380268295115e-09
3008.73,8.16866419755416e-09
3008.74,7.259818446200678e-09
3008.75,6.405738519525265e-09
3008.76,5.645055581376506e-09
3008.77,4.98892325695669e-09
3008.78,4.4331630951943095e-09
3008.79,3.9667972910734274e-09
3008.8,3.5769483819556907e-09
3008.81,3.2512433406180954e-09
3008.82,2.9787838907552954e-09
3008.83,2.7503873197749077e-09
3008.84,2.5584982679128254e-09
3008.85,2.3967684486593984e-09
3008.86,2.2606616663231372e-09
3008.87,2.145974021453346e-09
3008.88,2.049490283057955e-09
3008.89,1.968619943127071e-09
3008.9,1.901274441695488e-09
3008.91,1.8421662619987537e-09
3008.92,1.797168037647422e-09
3008.93,1.761567010637825e-09
3008.94,1.734496789075712e-09
3008.95,1.715275891754941e-09
3008.96,1.7033796042520922e-09
3008.97,1.6984184364699862e-09
3008.98,1.7024408455274247e-09
3008.99,1.7106599637984822e-09
3009.0,1.7253164585004658e-09
3009.01,1.746440377165748e-09
3009.02,1.7741539385608001e-09
3009.03,1.8086721997752304e-09
3009.04,1.8503063575956572e-09
3009.05,1.8994697422447423e-09
3009.06,1.9566866774037976e-09
3009.07,2.022604501253282e-09
3009.08,2.0980091745677655e-09
3009.09,2.183845050009617e-09
3009.1,2.2812395465808193e-09
3009.11,2.3915336702625293e-09
3009.12,2.5163195483936166e-09
3009.13,2.6572487972613176e-09
3009.14,2.8170402661405806e-09
3009.15,2.998118954793007e-09
3009.16,3.2036526052059516e-09
3009.17,3.4374118646304214e-09
3009.18,3.7038876643724246e-09
3009.19,4.008427766988033e-09
3009.2,4.357390739064831e-09
3009.21,4.758310460647727e-09
3009.22,5.220054499174414e-09
3009.23,5.7529419286979676e-09
3009.24,6.368755220098996e-09
3009.25,7.080529068652844e-09
3009.26,7.904524092598615e-09
3009.27,8.848440140256029e-09
3009.28,9.924434335020974e-09
3009.29,1.1134365155986637e-08
3009.3,1.2465703450081295e-08
3009.31,1.3882627094539008e-08
3009.32,1.531660103919232e-08
3009.33,1.6661006909319056e-08
3009.34,1.7777268522930173e-08
3009.35,1.8519118337673833e-08
3009.36,1.8772893660466732e-08
3009.37,1.849736232054687e-08
3009.38,1.7739822861531962e-08
3009.39,1.6617759978932127e-08
3009.4,1.5278216986039947e-08
3009.41,1.3858728665463692e-08
3009.42,1.2462477390807746e-08
3009.43,1.1156114463171175e-08
3009.44,9.973714481091128e-09
3009.45,8.926752807802648e-09
3009.46,8.011169855605009e-09
3009.47,7.220785580072426e-09
3009.48,6.541183020971982e-09
3009.49,5.9591068209670085e-09
3009.5,5.462056152033189e-09
3009.51,5.038896190153548e-09
3009.52,4.6800677118752245e-09
3009.53,4.377586806734941e-09
3009.54,4.124946229641723e-09
3009.55,3.916977982189534e-09
3009.56,3.749703264416647e-09
3009.57,3.620172440660083e-09
3009.58,3.526277787671563e-09
3009.59,3.466502048983223e-09
3009.6,3.439842896681117e-09
3009.61,3.444092169472452e-09
3009.62,3.476876000159356e-09
3009.63,3.533727400678026e-09
3009.64,3.607979684655342e-09
3009.65,3.691216710795176e-09
3009.66,3.7746268996294025e-09
3009.67,3.85035143877e-09
3009.68,3.91170140171738e-09
3009.69,3.952867269427076e-09
3009.7,3.970534042186325e-09
3009.71,3.967862379010687e-09
3009.72,3.957015243831689e-09
3009.73,3.956709004775879e-09
3009.74,3.986698407464478e-09
3009.75,4.0637236078435545e-09
3009.76,4.200707938751936e-09
3009.77,4.407952916978206e-09
3009.78,4.694531343510847e-09
3009.79,5.068764633060575e-09
3009.8,5.537150542503493e-09
3009.81,6.101129549854453e-09
3009.82,6.751035067670717e-09
3009.83,7.457211373159594e-09
3009.84,8.160674896285248e-09
3009.85,8.770275041538476e-09
3009.86,9.176862448408389e-09
3009.87,9.288834896151534e-09
3009.88,9.073557522624057e-09
3009.89,8.574111246779583e-09
3009.9,7.886823490209038e-09
3009.91,7.118806607778587e-09
3009.92,6.3553231218659025e-09
3009.93,5.6488849513476554e-09
3009.94,5.023750349278133e-09
3009.95,4.4855065830178e-09
3009.96,4.02962457330825e-09
3009.97,3.6472128236069897e-09
3009.98,3.3288607985011945e-09
3009.99,3.063982895465954e-09
3010.0,2.8561597390254355e-09
3010.01,2.6760291158494634e-09
3010.02,2.529252031819751e-09
3010.03,2.4114754599577063e-09
3010.04,2.3193977339436457e-09
3010.05,2.2506361547353067e-09
3010.06,2.203618199435619e-09
3010.07,2.177493850358812e-09
3010.08,2.1718042934781085e-09
3010.09,2.187400204824963e-09
3010.1,2.2247710604352303e-09
3010.11,2.2847825827047015e-09
3010.12,2.3679179195123084e-09
3010.13,2.473426401066062e-09
3010.14,2.5980591859654674e-09
3010.15,2.734536912284843e-09
3010.16,2.870327612821053e-09
3010.17,2.9878335064003066e-09
3010.18,3.067233197499049e-09
3010.19,3.092343738152669e-09
3010.2,3.057560507131543e-09
3010.21,2.9714177788043163e-09
3010.22,2.853309273029686e-09
3010.23,2.725451294121506e-09
3010.24,2.605899668126311e-09
3010.25,2.5059613773748628e-09
3010.26,2.431113203640584e-09
3010.27,2.3831420235019576e-09
3010.28,2.3620582647834855e-09
3010.29,2.363406428594749e-09
3010.3,2.394895042756643e-09
3010.31,2.452921395583637e-09
3010.32,2.538739523258406e-09
3010.33,2.6546273007246734e-09
3010.34,2.8040295014840895e-09
3010.35,2.9917036235398867e-09
3010.36,3.223851811539352e-09
3010.37,3.5081735428976724e-09
3010.38,3.849845393320026e-09
3010.39,4.266218280661661e-09
3010.4,4.761921837434191e-09
3010.41,5.3406550857013466e-09
3010.42,5.99481455957196e-09
3010.43,6.695931651786598e-09
3010.44,7.384772298820045e-09
3010.45,7.969436689910596e-09
3010.46,8.343567078699012e-09
3010.47,8.42728717199964e-09
3010.48,8.20845485318808e-09
3010.49,7.74972582500298e-09
3010.5,7.15478150929996e-09
3010.51,6.523670078532209e-09
3010.52,5.926816346124028e-09
3010.53,5.401896546157738e-09
3010.54,4.9624448501209615e-09
3010.55,4.608039740506972e-09
3010.56,4.331827428856409e-09
3010.57,4.124977032298041e-09
3010.58,3.978938326341211e-09
3010.59,3.886412351590269e-09
3010.6,3.84166041200713e-09
3010.61,3.840513778567785e-09
3010.62,3.880274061455282e-09
3010.63,3.959596635775075e-09
3010.64,4.078398815992279e-09
3010.65,4.237809868950541e-09
3010.66,4.440168817309285e-09
3010.67,4.68907125992129e-09
3010.68,4.98919992984839e-09
3010.69,5.34970385690519e-09
3010.7,5.774072526713618e-09
3010.71,6.274444562012261e-09
3010.72,6.862835380684615e-09
3010.73,7.553404585427493e-09
3010.74,8.36234311291803e-09
3010.75,9.307322966195834e-09
3010.76,1.04061298982018e-08
3010.77,1.1673887748801363e-08
3010.78,1.3114483462210617e-08
3010.79,1.4728621570377247e-08
3010.8,1.6473310135695857e-08
3010.81,1.827367081317001e-08
3010.82,2.000151166537121e-08
3010.83,2.148004503185276e-08
3010.84,2.251135677304998e-08
3010.85,2.2929780850373993e-08
3010.86,2.2661132608437758e-08
3010.87,2.1752971257218168e-08
3010.88,2.0355477121751304e-08
3010.89,1.8663504404387474e-08
3010.9,1.6862557580488975e-08
3010.91,1.5092756120651945e-08
3010.92,1.3441792706878962e-08
3010.93,1.1953395965106642e-08
3010.94,1.064088400807792e-08
3010.95,9.499458588247175e-09
3010.96,8.515112618630562e-09
3010.97,7.670261300188773e-09
3010.98,6.946940848205506e-09
3010.99,6.32843169002697e-09
3011.0,5.799950556266047e-09
3011.01,5.348834157091862e-09
3011.02,4.964469891724827e-09
3011.03,4.638119007952863e-09
3011.04,4.3627104886261205e-09
3011.05,4.132644713189995e-09
3011.06,3.943623155294807e-09
3011.07,3.792505888534034e-09
3011.08,3.6771862959705417e-09
3011.09,3.596456395334435e-09
3011.1,3.549810441368153e-09
3011.11,3.5370937605745357e-09
3011.12,3.5578529308583915e-09
3011.13,3.610224821132314e-09
3011.14,3.6893475059301975e-09
3011.15,3.785819480830759e-09
3011.16,3.885724371898344e-09
3011.17,3.9742272493023346e-09
3011.18,4.0426848980065955e-09
3011.19,4.0948334599367704e-09
3011.2,4.146607204921132e-09
3011.21,4.219879006351997e-09
3011.22,4.3357269550573315e-09
3011.23,4.511252510004131e-09
3011.24,4.759563527636845e-09
3011.25,5.090621063740629e-09
3011.26,5.511070673650304e-09
3011.27,6.021949183800142e-09
3011.28,6.613641875058797e-09
3011.29,7.258275562144897e-09
3011.3,7.901941386602911e-09
3011.31,8.463065096267272e-09
3011.32,8.845858571884812e-09
3011.33,8.971730922099427e-09
3011.34,8.814322547475569e-09
3011.35,8.412097517532554e-09
3011.36,7.847268487421961e-09
3011.37,7.2084236808926855e-09
3011.38,6.562657568803341e-09
3011.39,5.947724777046499e-09
3011.4,5.378764443944933e-09
3011.41,4.859402906255538e-09
3011.42,4.390208433411128e-09
3011.43,3.970632528602805e-09
3011.44,3.600474159860988e-09
3011.45,3.277896270286813e-09
3011.46,2.9992556200004936e-09
3011.47,2.7607328184254294e-09
3011.48,2.5578315418941297e-09
3011.49,2.384750904295726e-09
3011.5,2.2378513465508575e-09
3011.51,2.113492082640933e-09
3011.52,2.0205658809791474e-09
3011.53,1.9327794720950784e-09
3011.54,1.8600357842914214e-09
3011.55,1.800819861408552e-09
3011.56,1.7540264133444568e-09
3011.57,1.718925824014292e-09
3011.58,1.6951438082360498e-09
3011.59,1.6826538276554422e-09
3011.6,1.6817788725036186e-09
3011.61,1.6931946335912373e-09
3011.62,1.7179168545366008e-09
3011.63,1.7572377064299236e-09
3011.64,1.8125439908635935e-09
3011.65,1.884900979492813e-09
3011.66,1.974234500777965e-09
3011.67,2.0779619435584256e-09
3011.68,2.1891941785191126e-09
3011.69,2.2953985959826064e-09
3011.7,2.3792046111849655e-09
3011.71,2.4247955105593732e-09
3011.72,2.424450612893911e-09
3011.73,2.3832291264115394e-09
3011.74,2.317383845245976e-09
3011.75,2.245498641525234e-09
3011.76,2.1824292355565357e-09
3011.77,2.1371528615859854e-09
3011.78,2.113463006422789e-09
3011.79,2.1113285032244016e-09
3011.8,2.127743357764166e-09
3011.81,2.1569423091190993e-09
3011.82,2.1905333631784927e-09
3011.83,2.21845312645065e-09
3011.84,2.2313789153147753e-09
3011.85,2.2204971589107654e-09
3011.86,2.1935266528326433e-09
3011.87,2.1530088459024407e-09
3011.88,2.10732619101701e-09
3011.89,2.064175376860619e-09
3011.9,2.0289920383134677e-09
3011.91,2.004509176719039e-09
3011.92,1.9926337867571973e-09
3011.93,1.993254312291713e-09
3011.94,2.0060758082415984e-09
3011.95,2.0306568775221758e-09
3011.96,2.0666094031836974e-09
3011.97,2.1136994362574766e-09
3011.98,2.1718935586386615e-09
3011.99,2.2413790177609715e-09
3012.0,2.322574103296253e-09
3012.01,2.4161379233138466e-09
3012.02,2.522984681255923e-09
3012.03,2.640948172402057e-09
3012.04,2.778262989570841e-09
3012.05,2.9334037676087725e-09
3012.06,3.108633296457116e-09
3012.07,3.3067006669584255e-09
3012.08,3.5309383909621602e-09
3012.09,3.78538566448854e-09
3012.1,4.074943344101988e-09
3012.11,4.407292852271009e-09
3012.12,4.780784773092405e-09
3012.13,5.216876809630179e-09
3012.14,5.720787280718749e-09
3012.15,6.305406930384162e-09
3012.16,6.9860538982092246e-09
3012.17,7.780444010213145e-09
3012.18,8.708051985615757e-09
3012.19,9.788262582901137e-09
3012.2,1.1036453080750654e-08
3012.21,1.2457248404657556e-08
3012.22,1.4035535540726335e-08
3012.23,1.572948605551229e-08
3012.24,1.7474296256447185e-08
3012.25,1.920565921272393e-08
3012.26,2.0889193890374622e-08
3012.27,2.253196464437021e-08
3012.28,2.4151262747142954e-08
3012.29,2.571943007604549e-08
3012.3,2.7123827803243756e-08
3012.31,2.817099203047335e-08
3012.32,2.8641471937610206e-08
3012.33,2.8376138146064512e-08
3012.34,2.7349110798461442e-08
3012.35,2.5682316416974437e-08
3012.36,2.35917636678836e-08
3012.37,2.1313205045670782e-08
3012.38,1.9040240492524808e-08
3012.39,1.690155844647714e-08
3012.4,1.496536949260787e-08
3012.41,1.3255732893388295e-08
3012.42,1.1769539292915358e-08
3012.43,1.0489494544405664e-08
3012.44,9.392527334102096e-09
3012.45,8.454614287121415e-09
3012.46,7.653238536685631e-09
3012.47,6.968442389832417e-09
3012.48,6.383113546046906e-09
3012.49,5.8828914358276e-09
3012.5,5.455912146273587e-09
3012.51,5.092508247794888e-09
3012.52,4.7849211273437455e-09
3012.53,4.527050789186454e-09
3012.54,4.314249707719018e-09
3012.55,4.143155263744193e-09
3012.56,4.011543485374034e-09
3012.57,3.918169347196138e-09
3012.58,3.862529234051385e-09
3012.59,3.844434406997972e-09
3012.6,3.863228683478703e-09
3012.61,3.917937892215616e-09
3012.62,3.9995952408394175e-09
3012.63,4.098338201448136e-09
3012.64,4.19788623508415e-09
3012.65,4.281448663946818e-09
3012.66,4.339886767090306e-09
3012.67,4.378281846899811e-09
3012.68,4.415069909878142e-09
3012.69,4.474632805546836e-09
3012.7,4.579700639485374e-09
3012.71,4.747696302587189e-09
3012.72,4.990272585449195e-09
3012.73,5.313347053819091e-09
3012.74,5.715544683087806e-09
3012.75,6.184123055299535e-09
3012.76,6.688835033186848e-09
3012.77,7.176538079425958e-09
3012.78,7.572611940202139e-09
3012.79,7.79609693775767e-09
3012.8,7.78807530331139e-09
3012.81,7.538336603015193e-09
3012.82,7.090050611129594e-09
3012.83,6.51846407979501e-09
3012.84,5.90071641777953e-09
3012.85,5.295572299231811e-09
3012.86,4.738125901806e-09
3012.87,4.243955189235783e-09
3012.88,3.815966015496526e-09
3012.89,3.4502420216830133e-09
3012.9,3.139937121257474e-09
3012.91,2.877492218716742e-09
3012.92,2.6557376069884464e-09
3012.93,2.4683499407494924e-09
3012.94,2.3096248549942544e-09
3012.95,2.1758278991658943e-09
3012.96,2.0630054210856127e-09
3012.97,1.9682629909976392e-09
3012.98,1.8899378977058435e-09
3012.99,1.824992435628877e-09
3013.0,1.772707084156714e-09
3013.01,1.744332415822095e-09
3013.02,1.7148845369629674e-09
3013.03,1.6962050898946301e-09
3013.04,1.6882874196855444e-09
3013.05,1.6914120498711251e-09
3013.06,1.706128465813011e-09
3013.07,1.7332135125916848e-09
3013.08,1.773576381423746e-09
3013.09,1.8280631354074942e-09
3013.1,1.8970995982608324e-09
3013.11,1.9801257248609995e-09
3013.12,2.074873003249916e-09
3013.13,2.1767844493056743e-09
3013.14,2.2792204985269705e-09
3013.15,2.3751308749337835e-09
3013.16,2.459967577840897e-09
3013.17,2.5339763076132227e-09
3013.18,2.601483083038369e-09
3013.19,2.6667374934023643e-09
3013.2,2.728576956074728e-09
3013.21,2.777301211233701e-09
3013.22,2.7966475848470098e-09
3013.23,2.771503692784684e-09
3013.24,2.6972318721797202e-09
3013.25,2.5832276066639544e-09
3013.26,2.4480946666876118e-09
3013.27,2.3099884159781294e-09
3013.28,2.182589361902019e-09
3013.29,2.0730117139746413e-09
3013.3,1.9836188428583454e-09
3013.31,1.914030821997316e-09
3013.32,1.8626368371559858e-09
3013.33,1.8274915611014205e-09
3013.34,1.8034998592571128e-09
3013.35,1.7953945391395933e-09
3013.36,1.7993054029505417e-09
3013.37,1.8141338959723244e-09
3013.38,1.8394085725434795e-09
3013.39,1.8749699016449998e-09
3013.4,1.9209497062504443e-09
3013.41,1.9777542764849954e-09
3013.42,2.0460453386624005e-09
3013.43,2.126324665190454e-09
3013.44,2.2203899661108702e-09
3013.45,2.3288899167862543e-09
3013.46,2.4528300259636304e-09
3013.47,2.5844308730815744e-09
3013.48,2.7370442394766496e-09
3013.49,2.899745345639836e-09
3013.5,3.066449569848481e-09
3013.51,3.2295816813135206e-09
3013.52,3.3827266528457128e-09
3013.53,3.5240220781663136e-09
3013.54,3.65931512240112e-09
3013.55,3.795826984834246e-09
3013.56,3.946748779667396e-09
3013.57,4.123270287033817e-09
3013.58,4.3347046705929e-09
3013.59,4.588745489016959e-09
3013.6,4.892354288848056e-09
3013.61,5.252709143900562e-09
3013.62,5.678000209938474e-09
3013.63,6.17806378020882e-09
3013.64,6.764907442347303e-09
3013.65,7.453165090975518e-09
3013.66,8.260472715894634e-09
3013.67,9.207681173717927e-09
3013.68,1.0318705696414071e-08
3013.69,1.1619625443755966e-08
3013.7,1.313635821770398e-08
3013.71,1.4889839568273454e-08
3013.72,1.688723481646252e-08
3013.73,1.9107702621039616e-08
3013.74,2.1482568976324436e-08
3013.75,2.3874002176211586e-08
3013.76,2.6064195592057703e-08
3013.77,2.777475746731507e-08
3013.78,2.872841924322742e-08
3013.79,2.875580568726068e-08
3013.8,2.7853194305641374e-08
3013.81,2.619430163205247e-08
3013.82,2.4053540151627967e-08
3013.83,2.171071664151308e-08
3013.84,1.938456121698467e-08
3013.85,1.7214992511525827e-08
3013.86,1.5272302346271396e-08
3013.87,1.3578831741810155e-08
3013.88,1.2128897816835443e-08
3013.89,1.0903159469910785e-08
3013.9,9.877534319385702e-09
3013.91,9.028145341741686e-09
3013.92,8.333774121577985e-09
3013.93,7.776895055893215e-09
3013.94,7.343959393309769e-09
3013.95,7.025289450264141e-09
3013.96,6.814716607608639e-09
3013.97,6.708903997528158e-09
3013.98,6.706087720401556e-09
3013.99,6.8037302204255205e-09
3014.0,6.994397994220948e-09
3014.01,7.259437339433079e-09
3014.02,7.561579435963236e-09
3014.03,7.84122632916507e-09
3014.04,8.0248977009086e-09
3014.05,8.050659922429012e-09
3014.06,7.899004095152275e-09
3014.07,7.604103245635915e-09
3014.08,7.234295400188023e-09
3014.09,6.859125433795948e-09
3014.1,6.526227092047305e-09
3014.11,6.254743767398446e-09
3014.12,6.039651202032888e-09
3014.13,5.8616348417725416e-09
3014.14,5.700251919953361e-09
3014.15,5.546384468791875e-09
3014.16,5.407245195051354e-09
3014.17,5.301478358470482e-09
3014.18,5.249951133764735e-09
3014.19,5.269141699675385e-09
3014.2,5.368786435213275e-09
3014.21,5.551395004865244e-09
3014.22,5.81096468588686e-09
3014.23,6.129718337409822e-09
3014.24,6.473649418821382e-09
3014.25,6.790154675325077e-09
3014.26,7.013269683302516e-09
3014.27,7.080483044275568e-09
3014.28,6.956466721588819e-09
3014.29,6.648886556025636e-09
3014.3,6.203731779412862e-09
3014.31,5.68399234939151e-09
3014.32,5.147413923432764e-09
3014.33,4.634650581990858e-09
3014.34,4.168146260999654e-09
3014.35,3.756515926617955e-09
3014.36,3.399853612982083e-09
3014.37,3.0938859769910543e-09
3014.38,2.832617472160685e-09
3014.39,2.6097926223643755e-09
3014.4,2.419600281202224e-09
3014.41,2.2569474420350363e-09
3014.42,2.117099472886391e-09
3014.43,1.9972793471254905e-09
3014.44,1.8941005173525114e-09
3014.45,1.806263288216012e-09
3014.46,1.7295054935741913e-09
3014.47,1.6633325304903965e-09
3014.48,1.619275293282892e-09
3014.49,1.5706257613708183e-09
3014.5,1.5293022407707817e-09
3014.51,1.4946171072390606e-09
3014.52,1.4660341314674547e-09
3014.53,1.4431502304440638e-09
3014.54,1.425682949297122e-09
3014.55,1.4134631207893446e-09
3014.56,1.4064324272689852e-09
3014.57,1.4046458536745096e-09
3014.58,1.4082792656901314e-09
3014.59,1.4176425541457852e-09
3014.6,1.4331988991257363e-09
3014.61,1.4555905924103318e-09
3014.62,1.4856712274172698e-09
3014.63,1.5245423289708256e-09
3014.64,1.5735884775129899e-09
3014.65,1.6344964734800864e-09
3014.66,1.7092272351498166e-09
3014.67,1.799878177948951e-09
3014.68,1.9083232995870314e-09
3014.69,2.035453610096254e-09
3014.7,2.179810506194517e-09
3014.71,2.335562741378665e-09
3014.72,2.4904081142999275e-09
3014.73,2.6251997331907845e-09
3014.74,2.7179017056958127e-09
3014.75,2.7523616555666686e-09
3014.76,2.7269370404596566e-09
3014.77,2.655616639934953e-09
3014.78,2.5605752370619543e-09
3014.79,2.4628098548205295e-09
3014.8,2.3769763634917524e-09
3014.81,2.311010359027967e-09
3014.82,2.268057849544816e-09
3014.83,2.2397237065907933e-09
3014.84,2.2402590915251343e-09
3014.85,2.2657593317977025e-09
3014.86,2.312431338875308e-09
3014.87,2.3795081156265916e-09
3014.88,2.4659557689421324e-09
3014.89,2.5698741840311104e-09
3014.9,2.687706134615664e-09
3014.91,2.8135849083092133e-09
3014.92,2.939518907498744e-09
3014.93,3.057183177154515e-09
3014.94,3.1611803508411316e-09
3014.95,3.2519653383023117e-09
3014.96,3.335716337119849e-09
3014.97,3.4244812840203315e-09
3014.98,3.526547695146748e-09
3014.99,3.6515781342110463e-09
3015.0,3.806185484854615e-09
3015.01,3.9954658456793536e-09
3015.02,4.223896421940863e-09
3015.03,4.4958300817118736e-09
3015.04,4.817275859630069e-09
3015.05,5.194591830117532e-09
3015.06,5.636063374894121e-09
3015.07,6.151993599248192e-09
3015.08,6.755112389383344e-09
3015.09,7.46101395880962e-09
3015.1,8.28859229194366e-09
3015.11,9.26038474646892e-09
3015.12,1.0402875154007384e-08
3015.13,1.1744912233798145e-08
3015.14,1.331723684800499e-08
3015.15,1.5147109102157125e-08
3015.16,1.7250043441555165e-08
3015.17,1.961525954125793e-08
3015.18,2.2184100989545487e-08
3015.19,2.482436440710455e-08
3015.2,2.7312006742855722e-08
3015.21,2.9342381016341335e-08
3015.22,3.059140721303736e-08
3015.23,3.082436129078091e-08
3015.24,2.999442261621986e-08
3015.25,2.8264859162442e-08
3015.26,2.5936052540327083e-08
3015.27,2.3332125032072708e-08
3015.28,2.0715638156236903e-08
3015.29,1.825663938168027e-08
3015.3,1.6042508540685054e-08
3015.31,1.4099940570698981e-08
3015.32,1.2423089086951262e-08
3015.33,1.098835851600397e-08
3015.34,9.7658925270621e-09
3015.35,8.72546549223814e-09
3015.36,7.83928838084243e-09
3015.37,7.083069519846276e-09
3015.38,6.436172986165693e-09
3015.39,5.8813589340048616e-09
3015.4,5.404365883817906e-09
3015.41,4.993465447739677e-09
3015.42,4.639049186633151e-09
3015.43,4.33327050204632e-09
3015.44,4.069452313021123e-09
3015.45,3.843023689100456e-09
3015.46,3.6495593648196774e-09
3015.47,3.4858142915717166e-09
3015.48,3.3493190699604864e-09
3015.49,3.238304015609836e-09
3015.5,3.1516514178834012e-09
3015.51,3.088870773548827e-09
3015.52,3.050089110689468e-09
3015.53,3.036041720006285e-09
3015.54,3.0457401705659334e-09
3015.55,3.0855385787497706e-09
3015.56,3.1550152516946014e-09
3015.57,3.255520137399043e-09
3015.58,3.386623617792471e-09
3015.59,3.544183803673204e-09
3015.6,3.718120572170376e-09
3015.61,3.891437712007732e-09
3015.62,4.0431477377894155e-09
3015.63,4.15648811520162e-09
3015.64,4.228676891747717e-09
3015.65,4.274412409867256e-09
3015.66,4.319805736040158e-09
3015.67,4.392187649240267e-09
3015.68,4.5128827304721355e-09
3015.69,4.694673936296373e-09
3015.7,4.941473250916013e-09
3015.71,5.247537236572776e-09
3015.72,5.595363312187032e-09
3015.73,5.953608297012001e-09
3015.74,6.278490573816732e-09
3015.75,6.522647569711745e-09
3015.76,6.651500324155796e-09
3015.77,6.659293469255397e-09
3015.78,6.573279144700977e-09
3015.79,6.4422411948236574e-09
3015.8,6.317357823195132e-09
3015.81,6.235923134505625e-09
3015.82,6.211813207000265e-09
3015.83,6.23113676731112e-09
3015.84,6.252704774566131e-09
3015.85,6.2175374830651475e-09
3015.86,6.071044196572554e-09
3015.87,5.789792862277081e-09
3015.88,5.393208132686388e-09
3015.89,4.930158751184116e-09
3015.9,4.453602554941663e-09
3015.91,4.002714750193315e-09
3015.92,3.6099132316176064e-09
3015.93,3.2596138274707464e-09
3015.94,2.9616755877525867e-09
3015.95,2.710824613854793e-09
3015.96,2.5005932925544155e-09
3015.97,2.3253680438523825e-09
3015.98,2.178187498188122e-09
3015.99,2.055035107013158e-09
3016.0,1.952050563316904e-09
3016.01,1.8661150300659e-09
3016.02,1.7947337003925921e-09
3016.03,1.7359270277030826e-09
3016.04,1.6881388142289627e-09
3016.05,1.650162529336122e-09
3016.06,1.6210845461416309e-09
3016.07,1.600242232096632e-09
3016.08,1.5871949219175465e-09
3016.09,1.5817062224652512e-09
3016.1,1.5837366061707654e-09
3016.11,1.5934457141147633e-09
3016.12,1.6112041030524655e-09
3016.13,1.6376141600329044e-09
3016.14,1.673539229153501e-09
3016.15,1.7201379479321347e-09
3016.16,1.778896003799965e-09
3016.17,1.8516374443226101e-09
3016.18,1.9404779635428e-09
3016.19,2.0476470581672666e-09
3016.2,2.175049707505181e-09
3016.21,2.3131779137934516e-09
3016.22,2.480373503728215e-09
3016.23,2.6592875901499e-09
3016.24,2.8356913757754167e-09
3016.25,2.988294853760529e-09
3016.26,3.0936773370478455e-09
3016.27,3.135991927386509e-09
3016.28,3.115541211319587e-09
3016.29,3.0487965643651165e-09
3016.3,2.960717997400657e-09
3016.31,2.871581431653992e-09
3016.32,2.797247797533194e-09
3016.33,2.7456407253968737e-09
3016.34,2.71974488835617e-09
3016.35,2.717266292528137e-09
3016.36,2.7425635789752542e-09
3016.37,2.792031144084971e-09
3016.38,2.86494275965086e-09
3016.39,2.9610693408031067e-09
3016.4,3.080770259633701e-09
3016.41,3.2250362491650086e-09
3016.42,3.395524034121134e-09
3016.43,3.59460370347725e-09
3016.44,3.825430499804814e-09
3016.45,4.09204878714745e-09
3016.46,4.399534877915327e-09
3016.47,4.7541856495239596e-09
3016.48,5.1637604750498435e-09
3016.49,5.637783966651538e-09
3016.5,6.187406761704856e-09
3016.51,6.8278756451080754e-09
3016.52,7.575957335695408e-09
3016.53,8.452461082299021e-09
3016.54,9.482089094097996e-09
3016.55,1.0693438529098724e-08
3016.56,1.2118180606244447e-08
3016.57,1.378858630712558e-08
3016.58,1.5732029774463996e-08
3016.59,1.7960496896740933e-08
3016.6,2.0452958341584993e-08
3016.61,2.313006506966661e-08
3016.62,2.582629857203912e-08
3016.63,2.827587606255083e-08
3016.64,3.013973950870095e-08
3016.65,3.1093233371194015e-08
3016.66,3.0950762603914964e-08
3016.67,2.9751836413597885e-08
3016.68,2.7741935540236115e-08
3016.69,2.526339682749394e-08
3016.7,2.2635738098867622e-08
3016.71,2.0087457845925706e-08
3016.72,1.774582360439016e-08
3016.73,1.565945526799508e-08
3016.74,1.3830838897695122e-08
3016.75,1.224056089098257e-08
3016.76,1.0864092545271825e-08
3016.77,9.677679878812445e-09
3016.78,8.65930294948649e-09
3016.79,7.78903083441918e-09
3016.8,7.04623692252614e-09
3016.81,6.414169764698617e-09
3016.82,5.877510599378062e-09
3016.83,5.423177918637614e-09
3016.84,5.040171300867035e-09
3016.85,4.719183366656994e-09
3016.86,4.451991791714545e-09
3016.87,4.230628776641203e-09
3016.88,4.0464026990370464e-09
3016.89,3.889098827639725e-09
3016.9,3.747060709378654e-09
3016.91,3.608901859525522e-09
3016.92,3.4666203568374024e-09
3016.93,3.3182093576021923e-09
3016.94,3.1675749029138235e-09
3016.95,3.0217753708758024e-09
3016.96,2.8877788825282123e-09
3016.97,2.7708309549372148e-09
3016.98,2.67339392290338e-09
3016.99,2.5970048328798184e-09
3017.0,2.5424413671305583e-09
3017.01,2.5096502314109558e-09
3017.02,2.4994575834866556e-09
3017.03,2.512885019999172e-09
3017.04,2.5513993614193594e-09
3017.05,2.61673989212527e-09
3017.06,2.7104305225291663e-09
3017.07,2.8324984493714104e-09
3017.08,2.9809288198238532e-09
3017.09,3.1476233263518594e-09
3017.1,3.317561711193006e-09
3017.11,3.4691423401062852e-09
3017.12,3.5800278248360162e-09
3017.13,3.637399911434379e-09
3017.14,3.645945634293418e-09
3017.15,3.6265106646931798e-09
3017.16,3.606602224592147e-09
3017.17,3.6105268585296373e-09
3017.18,3.654345833782445e-09
3017.19,3.744980279068704e-09
3017.2,3.880510063492569e-09
3017.21,4.049771223549633e-09
3017.22,4.231338347012367e-09
3017.23,4.3937989197899975e-09
3017.24,4.50017486519241e-09
3017.25,4.517835747672387e-09
3017.26,4.430539891375593e-09
3017.27,4.245075205274168e-09
3017.28,3.987435029653916e-09
3017.29,3.69150711227768e-09
3017.3,3.3879995542325667e-09
3017.31,3.0986632562409494e-09
3017.32,2.8339140141141876e-09
3017.33,2.6024014192898106e-09
3017.34,2.4137588676876086e-09
3017.35,2.243643481893321e-09
3017.36,2.1000057254818434e-09
3017.37,1.9794977281766305e-09
3017.38,1.878970624864798e-09
3017.39,1.795649436339224e-09
3017.4,1.7271811293922434e-09
3017.41,1.6710804921385726e-09
3017.42,1.626857900628945e-09
3017.43,1.592719702338245e-09
3017.44,1.5676987318191615e-09
3017.45,1.5510742806649818e-09
3017.46,1.542344152510942e-09
3017.47,1.5419035012750504e-09
3017.48,1.548243740891681e-09
3017.49,1.5621277628282385e-09
3017.5,1.5838138217394645e-09
3017.51,1.6137642358584476e-09
3017.52,1.6526697601377727e-09
3017.53,1.7014853043668449e-09
3017.54,1.7614785126704535e-09
3017.55,1.8342923916104906e-09
3017.56,1.922021644334346e-09
3017.57,2.027298212934175e-09
3017.58,2.142159261558366e-09
3017.59,2.292997885084659e-09
3017.6,2.4730370961017483e-09
3017.61,2.6870218142109624e-09
3017.62,2.93908130335456e-09
3017.63,3.2309278169822122e-09
3017.64,3.5586923575073165e-09
3017.65,3.908474353833971e-09
3017.66,4.252362120631842e-09
3017.67,4.549456626149232e-09
3017.68,4.757160698936723e-09
3017.69,4.85109698489735e-09
3017.7,4.8400652057134365e-09
3017.71,4.762214263579939e-09
3017.72,4.6658333651358626e-09
3017.73,4.590606549021609e-09
3017.74,4.558756771721017e-09
3017.75,4.574219479640638e-09
3017.76,4.625031668068303e-09
3017.77,4.6875505910410394e-09
3017.78,4.734250965044297e-09
3017.79,4.745216343354585e-09
3017.8,4.7177650746608845e-09
3017.81,4.66692099542757e-09
3017.82,4.61677199096697e-09
3017.83,4.5903654423157675e-09
3017.84,4.604407487275422e-09
3017.85,4.669068620759642e-09
3017.86,4.7901961191876304e-09
3017.87,4.971749107234909e-09
3017.88,5.215472009050491e-09
3017.89,5.530703590264995e-09
3017.9,5.922199879221356e-09
3017.91,6.3993423593124836e-09
3017.92,6.974468211040566e-09
3017.93,7.663358585131512e-09
3017.94,8.485714068409013e-09
3017.95,9.465523014629948e-09
3017.96,1.0631090416392359e-08
3017.97,1.2014259492009856e-08
3017.98,1.3647967418219672e-08
3017.99,1.5560693055231697e-08
3018.0,1.7765673691699744e-08
3018.01,2.0242507590346746e-08
3018.02,2.2910361754202216e-08
3018.03,2.5597496082086344e-08
3018.04,2.8028080700700095e-08
3018.05,2.9847655953789356e-08
3018.06,3.0720058620605435e-08
3018.07,3.046016744230046e-08
3018.08,2.9122156772588162e-08
3018.09,2.6972595878858013e-08
3018.1,2.4370705903656447e-08
3018.11,2.1644232632802734e-08
3018.12,1.902391426139362e-08
3018.13,1.663787940511764e-08
3018.14,1.4536525268970934e-08
3018.15,1.272235517541877e-08
3018.16,1.1173901389176422e-08
3018.17,9.85791366493234e-09
3018.18,8.741446196146007e-09
3018.19,7.793201601183305e-09
3018.2,6.985722906982807e-09
3018.21,6.295697884681676e-09
3018.22,5.7036913886666746e-09
3018.23,5.193659537877287e-09
3018.24,4.75242060839767e-09
3018.25,4.3691611046609925e-09
3018.26,4.035006202195796e-09
3018.27,3.743354905909076e-09
3018.28,3.486809873986434e-09
3018.29,3.2610956639181667e-09
3018.3,3.0620998624660833e-09
3018.31,2.8864104860614354e-09
3018.32,2.7311936475639646e-09
3018.33,2.5940962491790224e-09
3018.34,2.4731688859764333e-09
3018.35,2.366805177356461e-09
3018.36,2.273694609259676e-09
3018.37,2.1927866883989536e-09
3018.38,2.123264804472593e-09
3018.39,2.0645286902967046e-09
3018.4,2.0161847739138314e-09
3018.41,1.97804402548844e-09
3018.42,1.9502582482140096e-09
3018.43,1.932808283163122e-09
3018.44,1.9263068791018794e-09
3018.45,1.9314985652848904e-09
3018.46,1.9491289814284403e-09
3018.47,1.981081408266612e-09
3018.48,2.028654214696959e-09
3018.49,2.093591362355151e-09
3018.5,2.1775641543902336e-09
3018.51,2.28173630550105e-09
3018.52,2.4061144644729635e-09
3018.53,2.548857935082409e-09
3018.54,2.7060635878360224e-09
3018.55,2.8727431955271837e-09
3018.56,3.0450611549860385e-09
3018.57,3.222201749491069e-09
3018.58,3.4052149820601197e-09
3018.59,3.592019893290419e-09
3018.6,3.7713632149063285e-09
3018.61,3.920750730531622e-09
3018.62,4.012483364350349e-09
3018.63,4.026958528928168e-09
3018.64,3.96489538857497e-09
3018.65,3.848539428612467e-09
3018.66,3.7112508473015592e-09
3018.67,3.584538022998704e-09
3018.68,3.490454267372418e-09
3018.69,3.440112425605784e-09
3018.7,3.4350460154385668e-09
3018.71,3.4685894721172153e-09
3018.72,3.526166272226662e-09
3018.73,3.5870126549564617e-09
3018.74,3.6355820842766033e-09
3018.75,3.626460954753542e-09
3018.76,3.5547041678899788e-09
3018.77,3.419545703394036e-09
3018.78,3.234209739993249e-09
3018.79,3.0195797153599494e-09
3018.8,2.796585680841321e-09
3018.81,2.5812836495059307e-09
3018.82,2.3835094369999464e-09
3018.83,2.207823815442548e-09
3018.84,2.0552040570264974e-09
3018.85,1.9245777672962913e-09
3018.86,1.813907634836549e-09
3018.87,1.7208517505160524e-09
3018.88,1.643119307478623e-09
3018.89,1.5786366463144323e-09
3018.9,1.5258022190400786e-09
3018.91,1.4827075198877806e-09
3018.92,1.44769041687145e-09
3018.93,1.4209170708163715e-09
3018.94,1.4009493111755498e-09
3018.95,1.3752736543654261e-09
3018.96,1.367106830948921e-09
3018.97,1.3648155771341188e-09
3018.98,1.3667259017084159e-09
3018.99,1.3732977263351079e-09
3019.0,1.3843892840285573e-09
3019.01,1.3999299509156527e-09
3019.02,1.419915123064193e-09
3019.03,1.4444032228338196e-09
3019.04,1.4735146638651245e-09
3019.05,1.5074326895892325e-09
3019.06,1.5464060851970841e-09
3019.07,1.5907538504700848e-09
3019.08,1.6408720144313436e-09
3019.09,1.6972428775683965e-09
3019.1,1.7604470882629808e-09
3019.11,1.8311791028976987e-09
3019.12,1.9088128700885752e-09
3019.13,1.997250792482524e-09
3019.14,2.0962044828545796e-09
3019.15,2.20707526243338e-09
3019.16,2.3315384787715287e-09
3019.17,2.471600957509099e-09
3019.18,2.6296694243217387e-09
3019.19,2.8086286227220617e-09
3019.2,3.011923321112252e-09
3019.21,3.2436288285659454e-09
3019.22,3.508475854175511e-09
3019.23,3.811761583843403e-09
3019.24,4.159024677281975e-09
3019.25,4.555295499103692e-09
3019.26,5.00370943821856e-09
3019.27,5.503455170608281e-09
3019.28,6.047713477180422e-09
3019.29,6.623529976699185e-09
3019.3,7.21641837314289e-09
3019.31,7.820338465790393e-09
3019.32,8.447975998267392e-09
3019.33,9.133303769219455e-09
3019.34,9.924492561150548e-09
3019.35,1.08736829415402e-08
3019.36,1.2030281574264927e-08
3019.37,1.3438387390888366e-08
3019.38,1.513465715305591e-08
3019.39,1.714224271883654e-08
3019.4,1.9457187691809094e-08
3019.41,2.202522762309981e-08
3019.42,2.470976791759467e-08
3019.43,2.7274461046685665e-08
3019.44,2.9382713504473656e-08
3019.45,3.067762617010964e-08
3019.46,3.091178874689872e-08
3019.47,3.006148674784095e-08
3019.48,2.8335544284066723e-08
3019.49,2.606846210157977e-08
3019.5,2.358199532933304e-08
3019.51,2.1101155251387462e-08
3019.52,1.8745857004085576e-08
3019.53,1.6567518794706364e-08
3019.54,1.4588563189636372e-08
3019.55,1.2821325387434864e-08
3019.56,1.1269414487139642e-08
3019.57,9.924838122790987e-09
3019.58,8.771912370612965e-09
3019.59,7.787667767159782e-09
3019.6,6.948414912647424e-09
3019.61,6.231774768738581e-09
3019.62,5.617944547989229e-09
3019.63,5.090045329652763e-09
3019.64,4.633987966147034e-09
3019.65,4.238138779916401e-09
3019.66,3.8929361555374225e-09
3019.67,3.590527950746932e-09
3019.68,3.3244560293818986e-09
3019.69,3.0893931461984553e-09
3019.7,2.8809283798963544e-09
3019.71,2.695394206457656e-09
3019.72,2.529727903362971e-09
3019.73,2.3813606664770423e-09
3019.74,2.2481288518839156e-09
3019.75,2.128869989330117e-09
3019.76,2.020700681187149e-09
3019.77,1.922961844693381e-09
3019.78,1.8345242971183587e-09
3019.79,1.7544217444788895e-09
3019.8,1.6818261427420193e-09
3019.81,1.6160276500011592e-09
3019.82,1.556418327680887e-09
3019.83,1.5024789364601854e-09
3019.84,1.4537683220595927e-09
3019.85,1.4099150076679937e-09
3019.86,1.3706107105305739e-09
3019.87,1.3357288132059603e-09
3019.88,1.3048290807216385e-09
3019.89,1.2778931485982591e-09
3019.9,1.2548339207824682e-09
3019.91,1.2356197605979925e-09
3019.92,1.2202781162699779e-09
3019.93,1.208901345376398e-09
3019.94,1.2016551514892558e-09
3019.95,1.1987901772857178e-09
3019.96,1.2006574355014962e-09
3019.97,1.2077283760169954e-09
3019.98,1.220620420084364e-09
3019.99,1.2401286004349e-09
3020.0,1.267263234256989e-09
3020.01,1.3032917315480239e-09
3020.02,1.3497785511640011e-09
3020.03,1.4087572830475037e-09
3020.04,1.4825974901272357e-09
3020.05,1.5728288295278155e-09
3020.06,1.6820900954276212e-09
3020.07,1.811602735547521e-09
3020.08,1.960286814916841e-09
3020.09,2.1226722987419997e-09
3020.1,2.2865090878255234e-09
3020.11,2.4316550758937773e-09
3020.12,2.5422902941121177e-09
3020.13,2.5780124485684256e-09
3020.14,2.5400945658545678e-09
3020.15,2.4387516348539646e-09
3020.16,2.2969014415427775e-09
3020.17,2.1396363647114208e-09
3020.18,1.986425583664353e-09
3020.19,1.848856273230516e-09
3020.2,1.7320343225158774e-09
3020.21,1.637005589985031e-09
3020.22,1.5625151027931327e-09
3020.23,1.507367543282407e-09
3020.24,1.4695420848982096e-09
3020.25,1.4475943094339896e-09
3020.26,1.4405180896741862e-09
3020.27,1.4477584740485197e-09
3020.28,1.4691446309027941e-09
3020.29,1.5047337536033571e-09
3020.3,1.554521133555748e-09
3020.31,1.6058285474480644e-09
3020.32,1.681172980758506e-09
3020.33,1.764549291053052e-09
3020.34,1.8497917525690478e-09
3020.35,1.9291538523154565e-09
3020.36,1.9953378820771274e-09
3020.37,2.0435342694062713e-09
3020.38,2.0716980640750435e-09
3020.39,2.078946903500624e-09
3020.4,2.065873115868402e-09
3020.41,2.034187352751504e-09
3020.42,1.9890598163007062e-09
3020.43,1.938207682100939e-09
3020.44,1.888930851059948e-09
3020.45,1.8486430273366914e-09
3020.46,1.8209795565908419e-09
3020.47,1.8062168319275442e-09
3020.48,1.8052587794891301e-09
3020.49,1.8177429228341891e-09
3020.5,1.8431292591638348e-09
3020.51,1.8809511441469702e-09
3020.52,1.9310945757585403e-09
3020.53,1.9932310823026764e-09
3020.54,2.06777029315178e-09
3020.55,2.155251550126379e-09
3020.56,2.2565102689613377e-09
3020.57,2.3726965240021356e-09
3020.58,2.505304176484748e-09
3020.59,2.6562132926312837e-09
3020.6,2.827748569131189e-09
3020.61,3.0227570028615315e-09
3020.62,3.244708934605054e-09
3020.63,3.4978277871010136e-09
3020.64,3.7872552551378625e-09
3020.65,4.1192603073129985e-09
3020.66,4.501501912147324e-09
3020.67,4.943356409969925e-09
3020.68,5.456319823434953e-09
3020.69,6.054490878393277e-09
3020.7,6.755127579282512e-09
3020.71,7.57924013306118e-09
3020.72,8.552119539782869e-09
3020.73,9.703575218433722e-09
3020.74,1.1067418705937168e-08
3020.75,1.2679316266341988e-08
3020.76,1.4571481100664145e-08
3020.77,1.6761849062333283e-08
3020.78,1.9234892859415373e-08
3020.79,2.1912670761417037e-08
3020.8,2.462120879423593e-08
3020.81,2.7071653722113264e-08
3020.82,2.888980383525029e-08
3020.83,2.9722300160043205e-08
3020.84,2.9384340648977853e-08
3020.85,2.7952828801841755e-08
3020.86,2.5726357160727784e-08
3020.87,2.308685143185392e-08
3020.88,2.0367433882506312e-08
3020.89,1.7791084351570372e-08
3020.9,1.5473156787338127e-08
3020.91,1.3452051793894779e-08
3020.92,1.172138668733851e-08
3020.93,1.0252274599163138e-08
3020.94,9.01192638756263e-09
3020.95,7.964207804454114e-09
3020.96,7.077454175905359e-09
3020.97,6.324418025148449e-09
3020.98,5.680999706912917e-09
3020.99,5.1309476069268746e-09
3021.0,4.657555079752458e-09
3021.01,4.248234910392173e-09
3021.02,3.8927116123231726e-09
3021.03,3.5825834476663404e-09
3021.04,3.3109623188336914e-09
3021.05,3.0721824728559052e-09
3021.06,2.8615669831588785e-09
3021.07,2.6752414150677094e-09
3021.08,2.5099854411416704e-09
3021.09,2.363114744039342e-09
3021.1,2.232387027452659e-09
3021.11,2.1152643387626585e-09
3021.12,2.0115092392846118e-09
3021.13,1.9192901213173976e-09
3021.14,1.837242289485325e-09
3021.15,1.7646198844445013e-09
3021.16,1.7007108185994519e-09
3021.17,1.6451805677354148e-09
3021.18,1.5971939413219789e-09
3021.19,1.5567139587845823e-09
3021.2,1.523638387267689e-09
3021.21,1.4980252795625157e-09
3021.22,1.4801093311758454e-09
3021.23,1.4703260399647263e-09
3021.24,1.4699657199937868e-09
3021.25,1.47873117292783e-09
3021.26,1.498500757236787e-09
3021.27,1.5308924392866857e-09
3021.28,1.577892795746439e-09
3021.29,1.6417902754445854e-09
3021.3,1.7249336383082137e-09
3021.31,1.8291444583632664e-09
3021.32,1.9545315609192357e-09
3021.33,2.0974704730616114e-09
3021.34,2.2478983281963784e-09
3021.35,2.387219330571361e-09
3021.36,2.4897662565866463e-09
3021.37,2.5306186299367533e-09
3021.38,2.4975327505397864e-09
3021.39,2.3980641909795003e-09
3021.4,2.2551336525622227e-09
3021.41,2.0953388603305073e-09
3021.42,1.9395713156792914e-09
3021.43,1.8001052194286156e-09
3021.44,1.6821287697063591e-09
3021.45,1.5864929240441271e-09
3021.46,1.5119642500489572e-09
3021.47,1.4566238134002447e-09
3021.48,1.4268897582206888e-09
3021.49,1.4047526709943793e-09
3021.5,1.3974861909380512e-09
3021.51,1.404684203257604e-09
3021.52,1.4265067604343183e-09
3021.53,1.4636755696627063e-09
3021.54,1.5174556049925703e-09
3021.55,1.5895962859452698e-09
3021.56,1.6821722421042034e-09
3021.57,1.7972134935652989e-09
3021.58,1.9359499720321646e-09
3021.59,2.097452774587497e-09
3021.6,2.27655819629571e-09
3021.61,2.461458350999903e-09
3021.62,2.6324214359145852e-09
3021.63,2.7643249752285473e-09
3021.64,2.83349995411596e-09
3021.65,2.8282834035384313e-09
3021.66,2.7409968727911777e-09
3021.67,2.6129163068466593e-09
3021.68,2.4537489660944695e-09
3021.69,2.283905984046858e-09
3021.7,2.119191876989175e-09
3021.71,1.9698290454220604e-09
3021.72,1.840916813728128e-09
3021.73,1.7337643723192859e-09
3021.74,1.6474126370904323e-09
3021.75,1.5798502927975856e-09
3021.76,1.5287845814846266e-09
3021.77,1.4920466256474903e-09
3021.78,1.4677638564680616e-09
3021.79,1.454406426128071e-09
3021.8,1.4507747562630625e-09
3021.81,1.4559649103289323e-09
3021.82,1.469329843979364e-09
3021.83,1.4904444823166287e-09
3021.84,1.5190775437187696e-09
3021.85,1.5551707394465935e-09
3021.86,1.5988250754108137e-09
3021.87,1.6502937484425323e-09
3021.88,1.7099812031978016e-09
3021.89,1.778448125259586e-09
3021.9,1.8564224164447462e-09
3021.91,1.9448165022480023e-09
3021.92,2.0447516557186765e-09
3021.93,2.1575903926630286e-09
3021.94,2.2853317002132274e-09
3021.95,2.4292535240110584e-09
3021.96,2.5920070362777705e-09
3021.97,2.7766461946432875e-09
3021.98,2.9865438362173197e-09
3021.99,3.225885691814775e-09
3022.0,3.499728614157063e-09
3022.01,3.813932164875196e-09
3022.02,4.1763210392072975e-09
3022.03,4.595402444444692e-09
3022.04,5.081476404369921e-09
3022.05,5.646430216348426e-09
3022.06,6.303440169476378e-09
3022.07,7.067858221309844e-09
3022.08,7.956207893053384e-09
3022.09,8.988429602499509e-09
3022.1,1.0189669005473346e-08
3022.11,1.1591002696314955e-08
3022.12,1.3225519619881362e-08
3022.13,1.5117115362208413e-08
3022.14,1.726100793824466e-08
3022.15,1.959632209467709e-08
3022.16,2.1975365335308203e-08
3022.17,2.4145996517364123e-08
3022.18,2.5777839144733227e-08
3022.19,2.6556323807179283e-08
3022.2,2.631682006730167e-08
3022.21,2.512912160945117e-08
3022.22,2.3260768333451845e-08
3022.23,2.1050844048080294e-08
3022.24,1.8790167205038637e-08
3022.25,1.6666643073141303e-08
3022.26,1.4769355289495943e-08
3022.27,1.3119509297492525e-08
3022.28,1.1704072055296714e-08
3022.29,1.0500493748606299e-08
3022.3,9.488183748965867e-09
3022.31,8.647506891001402e-09
3022.32,7.955164575529283e-09
3022.33,7.379885827857138e-09
3022.34,6.883140634899337e-09
3022.35,6.424960847067352e-09
3022.36,5.973922370709638e-09
3022.37,5.515957408733129e-09
3022.38,5.055230579357575e-09
3022.39,4.606435971339945e-09
3022.4,4.184970986630728e-09
3022.41,3.801212942243867e-09
3022.42,3.4588450801043764e-09
3022.43,3.157383317533078e-09
3022.44,2.8935768696380396e-09
3022.45,2.6631182258416803e-09
3022.46,2.4615673495717473e-09
3022.47,2.284807851741314e-09
3022.48,2.129221920346179e-09
3022.49,1.991718453230278e-09
3022.5,1.8696944600330136e-09
3022.51,1.7609723324103425e-09
3022.52,1.6637336107752074e-09
3022.53,1.5764581254978787e-09
3022.54,1.497871530323602e-09
3022.55,1.4260029746302316e-09
3022.56,1.361748168631846e-09
3022.57,1.3034346870881002e-09
3022.58,1.2504068013991874e-09
3022.59,1.2021030482255081e-09
3022.6,1.1580407251369508e-09
3022.61,1.1178032838209612e-09
3022.62,1.0810300436719866e-09
3022.63,1.0474077665870313e-09
3022.64,1.016663729444617e-09
3022.65,9.88560006682198e-10
3022.66,9.622033711056305e-10
3022.67,9.387868874039861e-10
3022.68,9.174622120297766e-10
3022.69,8.980906005858833e-10
3022.7,8.805511663472832e-10
3022.71,8.647389908116848e-10
3022.72,8.505635599194127e-10
3022.73,8.386475535902672e-10
3022.74,8.27529604556239e-10
3022.75,8.169869082777776e-10
3022.76,8.0871094020692e-10
3022.77,8.017983418218512e-10
3022.78,7.962258520823516e-10
3022.79,7.919800665196122e-10
3022.8,7.890575299927206e-10
3022.81,7.946391947019461e-10
3022.82,7.944370533630821e-10
3022.83,7.956117351361058e-10
3022.84,7.982045760585896e-10
3022.85,8.022706072402725e-10
3022.86,8.078802085917139e-10
3022.87,8.154421484325047e-10
3022.88,8.244247112372794e-10
3022.89,8.352779501212363e-10
3022.9,8.481607773838963e-10
3022.91,8.632649067582141e-10
3022.92,8.808214122439872e-10
3022.93,9.011089731828353e-10
3022.94,9.244642453672171e-10
3022.95,9.512948955821543e-10
3022.96,9.820959266083868e-10
3022.97,1.0174699589078788e-09
3022.98,1.0581520293146123e-09
3022.99,1.105039015437744e-09
3023.0,1.1592225956370305e-09
3023.01,1.2103510775287406e-09
3023.02,1.2834013633386705e-09
3023.03,1.3684510140741628e-09
3023.04,1.4674876712269262e-09
3023.05,1.5824797970398765e-09
3023.06,1.7150018646808213e-09
3023.07,1.8656738395187504e-09
3023.08,2.0335947339038065e-09
3023.09,2.2161932774476438e-09
3023.1,2.4097974343074277e-09
3023.11,2.610278638726543e-09
3023.12,2.812223553311105e-09
3023.13,3.006342155991103e-09
3023.14,3.1779510310039388e-09
3023.15,3.31041687605215e-09
3023.16,3.393595857800842e-09
3023.17,3.431285551809793e-09
3023.18,3.440740853015531e-09
3023.19,3.444057992785841e-09
3023.2,3.457711165067811e-09
3023.21,3.485926256176084e-09
3023.22,3.5200529232817206e-09
3023.23,3.5431830059456802e-09
3023.24,3.541287108711645e-09
3023.25,3.5117257554339522e-09
3023.26,3.4645639059651905e-09
3023.27,3.4152423275890797e-09
3023.28,3.3760901772018594e-09
3023.29,3.353088803787368e-09
3023.3,3.348204765616833e-09
3023.31,3.3635514002445974e-09
3023.32,3.4036322326464374e-09
3023.33,3.4747848732857507e-09
3023.34,3.5835848777738592e-09
3023.35,3.735987447401032e-09
3023.36,3.937530836009003e-09
3023.37,4.1940814182228556e-09
3023.38,4.512651784117872e-09
3023.39,4.902120155789119e-09
3023.4,5.373855804090047e-09
3023.41,5.942291502684284e-09
3023.42,6.625441518079473e-09
3023.43,7.4452681269184516e-09
3023.44,8.427632654638469e-09
3023.45,9.601792510983518e-09
3023.46,1.0995316902656787e-08
3023.47,1.2630409482623095e-08
3023.48,1.4508921814496305e-08
3023.49,1.6590866230379988e-08
3023.5,1.8768731834338165e-08
3023.51,2.0838778043336744e-08
3023.52,2.250940707009887e-08
3023.53,2.3466625245401496e-08
3023.54,2.349607353084696e-08
3023.55,2.2589842983325262e-08
3023.56,2.0950708589802014e-08
3023.57,1.8889990262403557e-08
3023.58,1.6703596960482732e-08
3023.59,1.4601206993384985e-08
3023.6,1.2697377393835771e-08
3023.61,1.1035024170551454e-08
3023.62,9.61411227773314e-09
3023.63,8.413550938815526e-09
3023.64,7.4046303664434e-09
3023.65,6.558108692477072e-09
3023.66,5.8474112649841995e-09
3023.67,5.249729540279363e-09
3023.68,4.746100366585202e-09
3023.69,4.3212306326135e-09
3023.7,3.962308385983455e-09
3023.71,3.6595737964298566e-09
3023.72,3.405194840960354e-09
3023.73,3.1930946016940543e-09
3023.74,3.0186767208783744e-09
3023.75,2.878612597627078e-09
3023.76,2.7704666722504773e-09
3023.77,2.6933663945375373e-09
3023.78,2.6465853246975007e-09
3023.79,2.6300921701954002e-09
3023.8,2.6438727753863206e-09
3023.81,2.687155458212401e-09
3023.82,2.757076885528213e-09
3023.83,2.848288006288851e-09
3023.84,2.9506892623808544e-09
3023.85,3.05019703535807e-09
3023.86,3.1296052149193013e-09
3023.87,3.169488627187074e-09
3023.88,3.1537686175754803e-09
3023.89,3.075024322387907e-09
3023.9,2.9395970636672145e-09
3023.91,2.7660568358171667e-09
3023.92,2.5777913844225133e-09
3023.93,2.3953455921725353e-09
3023.94,2.2327107466442586e-09
3023.95,2.0974211499939963e-09
3023.96,1.9922354644863842e-09
3023.97,1.916566945902965e-09
3023.98,1.8668306474574867e-09
3023.99,1.835738399222327e-09
3024.0,1.8116394765933645e-09
3024.01,1.7802318229172381e-09
3024.02,1.7301881010880318e-09
3024.03,1.6594626143081438e-09
3024.04,1.575869631954696e-09
3024.05,1.491248350456945e-09
3024.06,1.4153594144091922e-09
3024.07,1.3536749135348659e-09
3024.08,1.3081118645480646e-09
3024.09,1.2784076809232958e-09
3024.1,1.2630654921690204e-09
3024.11,1.25905112772797e-09
3024.12,1.262132042792317e-09
3024.13,1.2723850202091782e-09
3024.14,1.2705674974317332e-09
3024.15,1.2567421814684877e-09
3024.16,1.2283980660434809e-09
3024.17,1.1875759782757979e-09
3024.18,1.1394904123319925e-09
3024.19,1.0899505494062995e-09
3024.2,1.0427636406494062e-09
3024.21,1.0024409305959802e-09
3024.22,9.684588382435382e-10
3024.23,9.414730404654458e-10
3024.24,9.21218188866828e-10
3024.25,9.072939152248064e-10
3024.26,8.993380392761225e-10
3024.27,8.971108226700721e-10
3024.28,9.005284960951367e-10
3024.29,9.096653197309399e-10
3024.3,9.247258197781443e-10
3024.31,9.459711919759328e-10
3024.32,9.735643264159674e-10
3024.33,1.0072815923137496e-09
3024.34,1.0350009328931333e-09
3024.35,1.076400710835811e-09
3024.36,1.1161138987894454e-09
3024.37,1.148630633114004e-09
3024.38,1.1690138863556127e-09
3024.39,1.175339384468004e-09
3024.4,1.1698422990113054e-09
3024.41,1.1576858658995484e-09
3024.42,1.1445140246635445e-09
3024.43,1.1346720482445015e-09
3024.44,1.130746489210557e-09
3024.45,1.1339354577662833e-09
3024.46,1.1446180721056232e-09
3024.47,1.1628095300277232e-09
3024.48,1.1884447096886089e-09
3024.49,1.221532136188662e-09
3024.5,1.2622317351627574e-09
3024.51,1.3108950838448164e-09
3024.52,1.3680912343563404e-09
3024.53,1.4346304645792895e-09
3024.54,1.511591786161833e-09
3024.55,1.6003556817528874e-09
3024.56,1.7026393223996014e-09
3024.57,1.8209934075197244e-09
3024.58,1.9569350048660253e-09
3024.59,2.113682389238839e-09
3024.6,2.2934428402443245e-09
3024.61,2.5000068216681717e-09
3024.62,2.7339829081643564e-09
3024.63,2.9939802673334007e-09
3024.64,3.274147732107999e-09
3024.65,3.562806173655997e-09
3024.66,3.8433256147715015e-09
3024.67,4.0990857852438565e-09
3024.68,4.321854473762367e-09
3024.69,4.517886112702041e-09
3024.7,4.708260830380367e-09
3024.71,4.921631594651825e-09
3024.72,5.186869368736874e-09
3024.73,5.529327040361464e-09
3024.74,5.971018388534786e-09
3024.75,6.5326843652781285e-09
3024.76,7.235936355704635e-09
3024.77,8.104464919164058e-09
3024.78,9.163618844674787e-09
3024.79,1.0437369721399166e-08
3024.8,1.1940993310300048e-08
3024.81,1.3667378490660166e-08
3024.82,1.55643011382647e-08
3024.83,1.7508532069094742e-08
3024.84,1.928751369295163e-08
3024.85,2.061952374707311e-08
3024.86,2.1234442814865368e-08
3024.87,2.0991587442190653e-08
3024.88,1.995302801311582e-08
3024.89,1.834810077259861e-08
3024.9,1.64610826176862e-08
3024.91,1.4530339663567554e-08
3024.92,1.2708277533156024e-08
3024.93,1.1070410106976505e-08
3024.94,9.641678624220736e-09
3024.95,8.417870174076009e-09
3024.96,7.38186534821985e-09
3024.97,6.510805447874965e-09
3024.98,5.781121670054662e-09
3024.99,5.171239510545799e-09
3025.0,4.66193075553977e-09
3025.01,4.237730392039604e-09
3025.02,3.886016404166109e-09
3025.03,3.5961404718143886e-09
3025.04,3.3616908802070375e-09
3025.05,3.175745542816484e-09
3025.06,3.03277880167569e-09
3025.07,2.9267357921792675e-09
3025.08,2.8493759662580715e-09
3025.09,2.7886489046646943e-09
3025.1,2.728492392547706e-09
3025.11,2.6519379507039977e-09
3025.12,2.5474682151241823e-09
3025.13,2.414412181522605e-09
3025.14,2.262195195994071e-09
3025.15,2.104842191383347e-09
3025.16,1.9539842517941225e-09
3025.17,1.8167922365824848e-09
3025.18,1.6962282543342414e-09
3025.19,1.5925444457544592e-09
3025.2,1.5046479778683017e-09
3025.21,1.4309830419238706e-09
3025.22,1.3700001013141305e-09
3025.23,1.3203680330449749e-09
3025.24,1.2810514131025203e-09
3025.25,1.2513269060471226e-09
3025.26,1.2307780136260018e-09
3025.27,1.21928710937568e-09
3025.28,1.2170326515024335e-09
3025.29,1.224493119549989e-09
3025.3,1.2424542082363371e-09
3025.31,1.2720093745523632e-09
3025.32,1.3145329881164445e-09
3025.33,1.3715863588220259e-09
3025.34,1.4446860199245774e-09
3025.35,1.5348213959424763e-09
3025.36,1.6415742340249452e-09
3025.37,1.7617322467243548e-09
3025.38,1.887553188838981e-09
3025.39,2.0054922454378344e-09
3025.4,2.0970738635297438e-09
3025.41,2.1435357835450935e-09
3025.42,2.133365470115467e-09
3025.43,2.0731807796616432e-09
3025.44,1.9665030779889484e-09
3025.45,1.837799297403185e-09
3025.46,1.7048759526768048e-09
3025.47,1.5799958302766857e-09
3025.48,1.470347616122282e-09
3025.49,1.3784558502498827e-09
3025.5,1.304615451260028e-09
3025.51,1.2480001973398849e-09
3025.52,1.2074521028153062e-09
3025.53,1.1818903211402944e-09
3025.54,1.1704660577953732e-09
3025.55,1.1725378852095517e-09
3025.56,1.1874876476133853e-09
3025.57,1.2143694704159434e-09
3025.58,1.2514230484778784e-09
3025.59,1.2956419104804645e-09
3025.6,1.342838830280967e-09
3025.61,1.3886724360898683e-09
3025.62,1.4303835694247413e-09
3025.63,1.467854098720038e-09
3025.64,1.5026967775296533e-09
3025.65,1.5358382341436357e-09
3025.66,1.5567897260543816e-09
3025.67,1.5846206576400468e-09
3025.68,1.609794094543177e-09
3025.69,1.636288421901502e-09
3025.7,1.6697017611732237e-09
3025.71,1.7114356142981321e-09
3025.72,1.7569254784904347e-09
3025.73,1.7928892601432842e-09
3025.74,1.8021592434797272e-09
3025.75,1.7735664689341882e-09
3025.76,1.7092153365335832e-09
3025.77,1.6251125722107426e-09
3025.78,1.5377460820808617e-09
3025.79,1.4595186370843696e-09
3025.8,1.3965419319230092e-09
3025.81,1.3506028363427073e-09
3025.82,1.3206349719892656e-09
3025.83,1.3052881233034875e-09
3025.84,1.3029739533109148e-09
3025.85,1.3123672044911583e-09
3025.86,1.3325041514855936e-09
3025.87,1.3627875753572484e-09
3025.88,1.4029616840158472e-09
3025.89,1.453084923871152e-09
3025.9,1.51351177803836e-09
3025.91,1.5848873941432334e-09
3025.92,1.6681561185298124e-09
3025.93,1.764584142398002e-09
3025.94,1.875796175341041e-09
3025.95,2.0038255435514417e-09
3025.96,2.151175596915818e-09
3025.97,2.3208867782364244e-09
3025.98,2.516596828082948e-09
3025.99,2.742570467084695e-09
3026.0,3.0036621846511544e-09
3026.01,3.3051761238890794e-09
3026.02,3.652640812983789e-09
3026.03,4.051686638831665e-09
3026.04,4.50849375552728e-09
3026.05,5.031368662444419e-09
3026.06,5.6333367827542865e-09
3026.07,6.33431143681132e-09
3026.08,7.160973123004994e-09
3026.09,8.143841592404569e-09
3026.1,9.312141561986503e-09
3026.11,1.0686076079102276e-08
3026.12,1.2264310491061223e-08
3026.13,1.4004454743471963e-08
3026.14,1.5798589457262762e-08
3026.15,1.745647088485585e-08
3026.16,1.87220756664507e-08
3026.17,1.934532725270623e-08
3026.18,1.918850526868331e-08
3026.19,1.8294339354212113e-08
3026.2,1.6858461446553582e-08
3026.21,1.5134006574618533e-08
3026.22,1.3343382880247463e-08
3026.23,1.1638170630264895e-08
3026.24,1.0099702679232846e-08
3026.25,8.758220198442489e-09
3026.26,7.610586820601266e-09
3026.27,6.639936053704756e-09
3026.28,5.822929637743997e-09
3026.29,5.136034033599604e-09
3026.3,4.5572387555113835e-09
3026.31,4.068133857306945e-09
3026.32,3.6531817082970166e-09
3026.33,3.2996270304180793e-09
3026.34,2.9970934437403925e-09
3026.35,2.7370559468278844e-09
3026.36,2.512967539372526e-09
3026.37,2.3192225848158568e-09
3026.38,2.1514003871190157e-09
3026.39,2.006135768902248e-09
3026.4,1.880214412522912e-09
3026.41,1.7715817267873087e-09
3026.42,1.6785016648866616e-09
3026.43,1.6000109141908838e-09
3026.44,1.5344927731914616e-09
3026.45,1.4811566117863496e-09
3026.46,1.440478529507137e-09
3026.47,1.4114564856919694e-09
3026.48,1.3931785454052953e-09
3026.49,1.3837999329317345e-09
3026.5,1.379888045435441e-09
3026.51,1.3760173837428155e-09
3026.52,1.3653149287765709e-09
3026.53,1.3414799999061816e-09
3026.54,1.3015572934930964e-09
3026.55,1.2473958400365617e-09
3026.56,1.1844539625879047e-09
3026.57,1.1183849397231343e-09
3026.58,1.0553577950470721e-09
3026.59,9.979405641917644e-10
3026.6,9.47199673910693e-10
3026.61,9.032556857330275e-10
3026.62,8.656751000850833e-10
3026.63,8.338164000188017e-10
3026.64,8.070164463220119e-10
3026.65,7.84774395724713e-10
3026.66,7.663907354905391e-10
3026.67,7.515592420532862e-10
3026.68,7.399699779360052e-10
3026.69,7.313975744935779e-10
3026.7,7.256923868829992e-10
3026.71,7.26983426625016e-10
3026.72,7.268604772882474e-10
3026.73,7.295544971822071e-10
3026.74,7.351761879603169e-10
3026.75,7.439044797087816e-10
3026.76,7.559938316333584e-10
3026.77,7.717850604890443e-10
3026.78,7.917201914075579e-10
3026.79,8.163619199505362e-10
3026.8,8.464182568804338e-10
3026.81,8.827726506773344e-10
3026.82,9.265190549342576e-10
3026.83,9.789994664595726e-10
3026.84,1.0418373698028513e-09
3026.85,1.1169524845729432e-09
3026.86,1.2065274027203482e-09
3026.87,1.3128716058134184e-09
3026.88,1.4378764127261724e-09
3026.89,1.5832209575125283e-09
3026.9,1.747965266197367e-09
3026.91,1.9278531900837475e-09
3026.92,2.1135272417125897e-09
3026.93,2.290105189946959e-09
3026.94,2.439405149409936e-09
3026.95,2.5450845233184356e-09
3026.96,2.5981725946182793e-09
3026.97,2.5899176221729508e-09
3026.98,2.5460665460964294e-09
3026.99,2.4661783908858963e-09
3027.0,2.3571138869749874e-09
3027.01,2.2242782079740624e-09
3027.02,2.0748934763376275e-09
3027.03,1.9194550088389625e-09
3027.04,1.7693731342650995e-09
3027.05,1.6335224238817603e-09
3027.06,1.5166938119200726e-09
3027.07,1.420144538757742e-09
3027.08,1.342954919620701e-09
3027.09,1.283225660057272e-09
3027.1,1.238832834766138e-09
3027.11,1.2078104010967562e-09
3027.12,1.1885032796187453e-09
3027.13,1.1796023681636183e-09
3027.14,1.1801280787980481e-09
3027.15,1.1893970263301113e-09
3027.16,1.206988097435466e-09
3027.17,1.2327146998549045e-09
3027.18,1.266901209340565e-09
3027.19,1.3093339848947743e-09
3027.2,1.3603091818420968e-09
3027.21,1.4209271216801636e-09
3027.22,1.4919154495470549e-09
3027.23,1.574415592958414e-09
3027.24,1.6698686841682796e-09
3027.25,1.7800700615992107e-09
3027.26,1.907240702545347e-09
3027.27,2.0541191806529768e-09
3027.28,2.224078331917222e-09
3027.29,2.4212709062146875e-09
3027.3,2.6508073700297085e-09
3027.31,2.91896543587355e-09
3027.32,3.2327823921040387e-09
3027.33,3.602854515593934e-09
3027.34,4.039675637738933e-09
3027.35,4.556309867885244e-09
3027.36,5.1677267411672745e-09
3027.37,5.890714482644624e-09
3027.38,6.743782318793405e-09
3027.39,7.74658319757035e-09
3027.4,8.916953735728721e-09
3027.41,1.0262141146795796e-08
3027.42,1.1761236686177228e-08
3027.43,1.3339819905137345e-08
3027.44,1.4846587265585134e-08
3027.45,1.6055140985898998e-08
3027.46,1.671898558148558e-08
3027.47,1.667575217232043e-08
3027.48,1.5934437491143272e-08
3027.49,1.4669336476249615e-08
3027.5,1.3127622550107312e-08
3027.51,1.1530124335541957e-08
3027.52,1.0023897136013127e-08
3027.53,8.682089061440445e-09
3027.54,7.526728790233453e-09
3027.55,6.551266181492625e-09
3027.56,5.736478122319094e-09
3027.57,5.05958990690222e-09
3027.58,4.498757385833228e-09
3027.59,4.034892091013571e-09
3027.6,3.6523408231637687e-09
3027.61,3.3379387717971143e-09
3027.62,3.0818596139774443e-09
3027.63,2.8763702267650493e-09
3027.64,2.7154414434888055e-09
3027.65,2.5948235556747347e-09
3027.66,2.510600261686471e-09
3027.67,2.4589342130243037e-09
3027.68,2.4347855269946594e-09
3027.69,2.4305019037633657e-09
3027.7,2.4345998651905514e-09
3027.71,2.4318294974637105e-09
3027.72,2.405838718425129e-09
3027.73,2.3444241666913915e-09
3027.74,2.2445921148377572e-09
3027.75,2.1135277130679593e-09
3027.76,1.9646118292702865e-09
3027.77,1.8118311210672331e-09
3027.78,1.665426474884818e-09
3027.79,1.5316502563985777e-09
3027.8,1.4130507778208944e-09
3027.81,1.3098863155555195e-09
3027.82,1.2212185733524444e-09
3027.83,1.1456354192769927e-09
3027.84,1.0816602993504749e-09
3027.85,1.027955788386933e-09
3027.86,9.83409421910719e-10
3027.87,9.4715843973191e-10
3027.88,9.185844666511529e-10
3027.89,8.972911163209444e-10
3027.9,8.830638517137461e-10
3027.91,8.757984892588727e-10
3027.92,8.763080201803672e-10
3027.93,8.823486175046417e-10
3027.94,8.938652015773941e-10
3027.95,9.088105160705654e-10
3027.96,9.23957106487378e-10
3027.97,9.3446787413823e-10
3027.98,9.397596582728971e-10
3027.99,9.310556937008457e-10
3028.0,9.131269838327604e-10
3028.01,8.899899937424332e-10
3028.02,8.664282547929908e-10
3028.03,8.464363191014284e-10
3028.04,8.326792353356061e-10
3028.05,8.266890363796629e-10
3028.06,8.292755738972027e-10
3028.07,8.408290356148066e-10
3028.08,8.613929529203475e-10
3028.09,8.90470783189398e-10
3028.1,9.265658727193938e-10
3028.11,9.665604592679673e-10
3028.12,1.005309087038721e-09
3028.13,1.0355405656548279e-09
3028.14,1.052315201807646e-09
3028.15,1.052166845357573e-09
3028.16,1.0371983664052018e-09
3028.17,1.0134259216726503e-09
3028.18,9.880297212884036e-10
3028.19,9.670362316395919e-10
3028.2,9.544591696134362e-10
3028.21,9.525076821553765e-10
3028.22,9.619236886513253e-10
3028.23,9.82918779563273e-10
3028.24,1.0140920334411531e-09
3028.25,1.0526156850617912e-09
3028.26,1.08534933644372e-09
3028.27,1.1218548635263617e-09
3028.28,1.1465826463837703e-09
3028.29,1.1547931031539328e-09
3028.3,1.1467587157292594e-09
3028.31,1.1272528066665274e-09
3028.32,1.1043148699903886e-09
3028.33,1.0843049330055942e-09
3028.34,1.0719186929056153e-09
3028.35,1.0698764382409792e-09
3028.36,1.0795828566172784e-09
3028.37,1.1018003404229334e-09
3028.38,1.137112453142223e-09
3028.39,1.1861624612024379e-09
3028.4,1.2496986079483513e-09
3028.41,1.328430313326688e-09
3028.42,1.422652993174477e-09
3028.43,1.5315704992104227e-09
3028.44,1.6522909189981987e-09
3028.45,1.7786940239844772e-09
3028.46,1.900838397795126e-09
3028.47,2.0060583734815118e-09
3028.48,2.0827807192818683e-09
3028.49,2.1246969992716362e-09
3028.5,2.1352484112119865e-09
3028.51,2.1255640059582753e-09
3028.52,2.1100940547842143e-09
3028.53,2.1020946601191117e-09
3028.54,2.1114346767860466e-09
3028.55,2.1446214036670517e-09
3028.56,2.2058886303946326e-09
3028.57,2.2984238740807277e-09
3028.58,2.4253535701683607e-09
3028.59,2.5904493766497212e-09
3028.6,2.798641183736373e-09
3028.61,3.0564291438154118e-09
3028.62,3.37225242653346e-09
3028.63,3.756504273817518e-09
3028.64,4.223037563480401e-09
3028.65,4.787200173501221e-09
3028.66,5.466384563703674e-09
3028.67,6.277560090180587e-09
3028.68,7.232459733050003e-09
3028.69,8.328401169856351e-09
3028.7,9.533445652534054e-09
3028.71,1.076775242785297e-08
3028.72,1.1891049365159625e-08
3028.73,1.2716305143303943e-08
3028.74,1.3066296716750663e-08
3028.75,1.285523063555899e-08
3028.76,1.2136187770416037e-08
3028.77,1.1071285999334401e-08
3028.78,9.852261042526498e-09
3028.79,8.634047459789902e-09
3028.8,7.51123614970347e-09
3028.81,6.526250926940086e-09
3028.82,5.687829658783009e-09
3028.83,4.987193983620693e-09
3028.84,4.4085206155468226e-09
3028.85,3.934537227407525e-09
3028.86,3.54890282256244e-09
3028.87,3.2366619587644357e-09
3028.88,2.983598916467507e-09
3028.89,2.7746205655975875e-09
3028.9,2.595699653790671e-09
3028.91,2.4318323888036863e-09
3028.92,2.2727390605527834e-09
3028.93,2.1152592618480596e-09
3028.94,1.961560572186705e-09
3028.95,1.8178503903645862e-09
3028.96,1.6883802427651303e-09
3028.97,1.5754561979342695e-09
3028.98,1.4794474913817377e-09
3028.99,1.399612154406034e-09
3029.0,1.3348025021674142e-09
3029.01,1.2839016653425007e-09
3029.02,1.2460510499700687e-09
3029.03,1.2207594452315896e-09
3029.04,1.2079600610409114e-09
3029.05,1.208054084386717e-09
3029.06,1.2219596292560387e-09
3029.07,1.2511703637216205e-09
3029.08,1.2978116307856647e-09
3029.09,1.3646533186613707e-09
3029.1,1.4549823502680588e-09
3029.11,1.5721321200108267e-09
3029.12,1.718301859930082e-09
3029.13,1.89215498430461e-09
3029.14,2.084929640949247e-09
3029.15,2.2762689400932872e-09
3029.16,2.4341448533107047e-09
3029.17,2.5248653037556857e-09
3029.18,2.5316246149990653e-09
3029.19,2.4662559879238944e-09
3029.2,2.3611761002520505e-09
3029.21,2.249909167039371e-09
3029.22,2.1559940426800453e-09
3029.23,2.079302853018963e-09
3029.24,2.0157434044609463e-09
3029.25,1.952221939884279e-09
3029.26,1.8757901482770637e-09
3029.27,1.7793287594074328e-09
3029.28,1.663987836550906e-09
3029.29,1.5372774964970308e-09
3029.3,1.4087683283613636e-09
3029.31,1.286475266064879e-09
3029.32,1.1753720389847074e-09
3029.33,1.0775961669582075e-09
3029.34,9.933309909157888e-10
3029.35,9.216801619382335e-10
3029.36,8.612893691672036e-10
3029.37,8.10713485178158e-10
3029.38,7.686028602256137e-10
3029.39,7.33638733388677e-10
3029.4,7.051241433573938e-10
3029.41,6.821196864969349e-10
3029.42,6.639987186711849e-10
3029.43,6.502850555482149e-10
3029.44,6.406362927799793e-10
3029.45,6.348311580819176e-10
3029.46,6.327614988242699e-10
3029.47,6.344289584180294e-10
3029.48,6.399460289311985e-10
3029.49,6.495406573991495e-10
3029.5,6.63562526944856e-10
3029.51,6.824868937880326e-10
3029.52,7.069073719385139e-10
3029.53,7.376797867390676e-10
3029.54,7.751125784325496e-10
3029.55,8.127303225270566e-10
3029.56,8.646406146642029e-10
3029.57,9.223681449789552e-10
3029.58,9.839879867272892e-10
3029.59,1.041422947032638e-09
3029.6,1.0889200009811406e-09
3029.61,1.1202678149021873e-09
3029.62,1.1331817505679833e-09
3029.63,1.1307975382088527e-09
3029.64,1.1202045936911732e-09
3029.65,1.1093663959041837e-09
3029.66,1.1047484176240256e-09
3029.67,1.1105535662353877e-09
3029.68,1.129005756478677e-09
3029.69,1.1602898476420676e-09
3029.7,1.2049570530583002e-09
3029.71,1.260425268695836e-09
3029.72,1.3227884677183664e-09
3029.73,1.3862114324875977e-09
3029.74,1.443994986889026e-09
3029.75,1.4910254611538628e-09
3029.76,1.5267386061745035e-09
3029.77,1.5546198281041155e-09
3029.78,1.5823012619078073e-09
3029.79,1.6175507448813407e-09
3029.8,1.6667951983430354e-09
3029.81,1.7347832439791871e-09
3029.82,1.825116617019567e-09
3029.83,1.940993480234135e-09
3029.84,2.085843591981693e-09
3029.85,2.2637927536633114e-09
3029.86,2.4798145048075825e-09
3029.87,2.740644741511007e-09
3029.88,3.0538467615854573e-09
3029.89,3.42849204843501e-09
3029.9,3.874843095092593e-09
3029.91,4.404178294511325e-09
3029.92,5.028678246434591e-09
3029.93,5.7609519488778474e-09
3029.94,6.611486708868801e-09
3029.95,7.581219715889682e-09
3029.96,8.647480569295533e-09
3029.97,9.74570775206511e-09
3029.98,1.0756652263913817e-08
3029.99,1.1516853504588018e-08
3030.0,1.186675736751376e-08
3030.01,1.1721460581171628e-08
3030.02,1.1114432939211395e-08
3030.03,1.0177468835154602e-08
3030.04,9.076737172824403e-09
3030.05,7.954296114942477e-09
3030.06,6.902491309015692e-09
3030.07,5.9665780684476316e-09
3030.08,5.159153282181869e-09
3030.09,4.474579614964856e-09
3030.1,3.899114173046093e-09
3030.11,3.416763420472339e-09
3030.12,3.0121793863674883e-09
3030.13,2.6718372751427136e-09
3030.14,2.3843291383629852e-09
3030.15,2.140254870400687e-09
3030.16,1.931961856048074e-09
3030.17,1.753002120513937e-09
3030.18,1.5988694354367755e-09
3030.19,1.4652533473907786e-09
3030.2,1.3488591414071777e-09
3030.21,1.247000986482327e-09
3030.22,1.15747962870111e-09
3030.23,1.0784856332752434e-09
3030.24,1.0085229855063579e-09
3030.25,9.46348737033016e-10
3030.26,8.911212630804426e-10
3030.27,8.414051332206056e-10
3030.28,7.970115315526326e-10
3030.29,7.571449228807395e-10
3030.3,7.212785294259982e-10
3030.31,6.889633614836503e-10
3030.32,6.598154970422277e-10
3030.33,6.335057291248549e-10
3030.34,6.097511078675927e-10
3030.35,5.883080067125856e-10
3030.36,5.689664212099558e-10
3030.37,5.510827860312027e-10
3030.38,5.354291977890757e-10
3030.39,5.214057877724263e-10
3030.4,5.088975737383276e-10
3030.41,4.978066138547817e-10
3030.42,4.8805024069293e-10
3030.43,4.795596397408284e-10
3030.44,4.722787293574037e-10
3030.45,4.682792799272701e-10
3030.46,4.627986727614689e-10
3030.47,4.5894256019563995e-10
3030.48,4.5618584616397413e-10
3030.49,4.545281198675117e-10
3030.5,4.539801336673955e-10
3030.51,4.5456438060819463e-10
3030.52,4.56315958276455e-10
3030.53,4.5928376023798993e-10
3030.54,4.635320507569211e-10
3030.55,4.691424962550942e-10
3030.56,4.76216748994008e-10
3030.57,4.848797059606952e-10
3030.58,4.952836002032489e-10
3030.59,5.0761312431727e-10
3030.6,5.22091837446966e-10
3030.61,5.3899016824071e-10
3030.62,5.586353942506461e-10
3030.63,5.81424045726632e-10
3030.64,6.078372296939832e-10
3030.65,6.38459358125049e-10
3030.66,6.740006090673885e-10
3030.67,7.153229916897206e-10
3030.68,7.634688267374088e-10
3030.69,8.195811200410263e-10
3030.7,8.85351789464396e-10
3030.71,9.623723657212034e-10
3030.72,1.0525097874699143e-09
3030.73,1.1576511749047503e-09
3030.74,1.279408912214805e-09
3030.75,1.4186377052562808e-09
3030.76,1.57481243377778e-09
3030.77,1.7455315947723595e-09
3030.78,1.926692474379924e-09
3030.79,2.1138694997765625e-09
3030.8,2.304593762364889e-09
3030.81,2.493764859315184e-09
3030.82,2.6967708333395785e-09
3030.83,2.908730364540021e-09
3030.84,3.1234259935116286e-09
3030.85,3.3218584776247424e-09
3030.86,3.4702676142196557e-09
3030.87,3.528831248293344e-09
3030.88,3.47345084297799e-09
3030.89,3.314572881545223e-09
3030.9,3.0924445749558413e-09
3030.91,2.8533458481681347e-09
3030.92,2.6294190644921228e-09
3030.93,2.433319861715979e-09
3030.94,2.2633911241566517e-09
3030.95,2.1121662358664014e-09
3030.96,1.973577699281977e-09
3030.97,1.846237496436997e-09
3030.98,1.7325580732823293e-09
3030.99,1.6360259776510735e-09
3031.0,1.55916503367419e-09
3031.01,1.5029838506754566e-09
3031.02,1.4673611692703645e-09
3031.03,1.451665833613427e-09
3031.04,1.455259610174873e-09
3031.05,1.4782805929288312e-09
3031.06,1.5199773351487502e-09
3031.07,1.5815939569966598e-09
3031.08,1.6646163593420615e-09
3031.09,1.7714970574786096e-09
3031.1,1.905115878828426e-09
3031.11,2.069933840400961e-09
3031.12,2.2715270930218516e-09
3031.13,2.5169691620194132e-09
3031.14,2.815024651548894e-09
3031.15,3.1762137271250966e-09
3031.16,3.6125229391283838e-09
3031.17,4.136325685446806e-09
3031.18,4.757744341729071e-09
3031.19,5.479310099926363e-09
3031.2,6.286768846818552e-09
3031.21,7.138117594988222e-09
3031.22,7.945562859874474e-09
3031.23,8.589103844836597e-09
3031.24,8.941581067648196e-09
3031.25,8.926478919730659e-09
3031.26,8.560215144885744e-09
3031.27,7.944818175943933e-09
3031.28,7.212132858230599e-09
3031.29,6.472943367318909e-09
3031.3,5.792270745608726e-09
3031.31,5.191915276373032e-09
3031.32,4.6648687506217365e-09
3031.33,4.193938697432922e-09
3031.34,3.764903156474489e-09
3031.35,3.370519536141369e-09
3031.36,3.008513561855628e-09
3031.37,2.6790771361240206e-09
3031.38,2.383240754684188e-09
3031.39,2.121504493301838e-09
3031.4,1.892959117813733e-09
3031.41,1.6952397748843758e-09
3031.42,1.5250420970619502e-09
3031.43,1.3787325975189647e-09
3031.44,1.2527925252029003e-09
3031.45,1.1440544141434513e-09
3031.46,1.049786136148535e-09
3031.47,9.676878105028898e-10
3031.48,8.958484943416566e-10
3031.49,8.325070185853233e-10
3031.5,7.767282746431945e-10
3031.51,7.272533624301358e-10
3031.52,6.831918649027661e-10
3031.53,6.438033253353814e-10
3031.54,6.084692002441318e-10
3031.55,5.766703144554467e-10
3031.56,5.479687859662859e-10
3031.57,5.219935299923207e-10
3031.58,4.984286087848549e-10
3031.59,4.770038379323717e-10
3031.6,4.572992678081052e-10
3031.61,4.396757014250131e-10
3031.62,4.2340418104642014e-10
3031.63,4.0851717818171624e-10
3031.64,3.9488367571846103e-10
3031.65,3.840081910848704e-10
3031.66,3.725625172742099e-10
3031.67,3.620675693466759e-10
3031.68,3.5244584124788347e-10
3031.69,3.436290189835758e-10
3031.7,3.355568133894725e-10
3031.71,3.2817597224098534e-10
3031.72,3.214394420148881e-10
3031.73,3.153056551230124e-10
3031.74,3.0973792289641866e-10
3031.75,3.047039181520355e-10
3031.76,3.001752340874766e-10
3031.77,2.961270085923974e-10
3031.78,2.9253760500726946e-10
3031.79,2.8938834195325107e-10
3031.8,2.8666326617743467e-10
3031.81,2.8434896347990373e-10
3031.82,2.8243440372382524e-10
3031.83,2.8091081675057016e-10
3031.84,2.797715967245875e-10
3031.85,2.7901223307227883e-10
3031.86,2.7863026675264666e-10
3031.87,2.786252711447505e-10
3031.88,2.789988573606382e-10
3031.89,2.7975470432122713e-10
3031.9,2.8089861447797626e-10
3031.91,2.8243859664661877e-10
3031.92,2.8438497806439655e-10
3031.93,2.867505485073556e-10
3031.94,2.8955074015010333e-10
3031.95,2.928038478373326e-10
3031.96,2.9653129562964894e-10
3031.97,3.00757956916804e-10
3031.98,3.055125371611922e-10
3031.99,3.1082803049942117e-10
3032.0,3.1674226414866514e-10
3032.01,3.232985479431691e-10
3032.02,3.3054645061129047e-10
3032.03,3.385427298054073e-10
3032.04,3.4674685702903436e-10
3032.05,3.564482627219233e-10
3032.06,3.671238026626003e-10
3032.07,3.738025762078667e-10
3032.08,3.867702238677911e-10
3032.09,4.0105961917682586e-10
3032.1,4.1682672454633443e-10
3032.11,4.335941426793212e-10
3032.12,4.529019761093018e-10
3032.13,4.743401045598059e-10
3032.14,4.982110418146231e-10
3032.15,5.248757356627173e-10
3032.16,5.547663046208884e-10
3032.17,5.884010686132824e-10
3032.18,6.264014208604973e-10
3032.19,6.695089047092621e-10
3032.2,7.18598399968575e-10
3032.21,7.746785404243163e-10
3032.22,8.388618445867363e-10
3032.23,9.122730963265511e-10
3032.24,9.958465663844364e-10
3032.25,1.0899526177018514e-09
3032.26,1.1938299574602052e-09
3032.27,1.3049549799504022e-09
3032.28,1.4188046158508323e-09
3032.29,1.5297684629323242e-09
3032.3,1.6336072638629447e-09
3032.31,1.7304410850074612e-09
3032.32,1.8260746149106464e-09
3032.33,1.9312361564316953e-09
3032.34,2.0561461357548106e-09
3032.35,2.212481552479699e-09
3032.36,2.4102798987311935e-09
3032.37,2.659131367173275e-09
3032.38,2.9688537067043974e-09
3032.39,3.3496710959852988e-09
3032.4,3.811353069527525e-09
3032.41,4.360600672681735e-09
3032.42,4.995733474755872e-09
3032.43,5.698037013404046e-09
3032.44,6.421225202686492e-09
3032.45,7.085583993874289e-09
3032.46,7.589063886314171e-09
3032.47,7.843325820070566e-09
3032.48,7.819683767580062e-09
3032.49,7.568534540700263e-09
3032.5,7.193532735513334e-09
3032.51,6.80375465766363e-09
3032.52,6.4781124659557685e-09
3032.53,6.252153363453116e-09
3032.54,6.1179232992892e-09
3032.55,6.029441160537196e-09
3032.56,5.917573969578017e-09
3032.57,5.720038592274777e-09
3032.58,5.414432648262542e-09
3032.59,5.0260499925465824e-09
3032.6,4.602310509005428e-09
3032.61,4.1800975878370806e-09
3032.62,3.773026271758487e-09
3032.63,3.380794992181171e-09
3032.64,3.004524092723559e-09
3032.65,2.6523108489077342e-09
3032.66,2.3341626555136714e-09
3032.67,2.0559809462346524e-09
3032.68,1.8181460515593485e-09
3032.69,1.6172708681724448e-09
3032.7,1.4483782159400816e-09
3032.71,1.3063344646102903e-09
3032.72,1.1865258251290569e-09
3032.73,1.0850709871329067e-09
3032.74,9.988129094152755e-10
3032.75,9.252280762117692e-10
3032.76,8.623186152980819e-10
3032.77,8.085136323228371e-10
3032.78,7.625879318715193e-10
3032.79,7.235987556777981e-10
3032.8,6.908385097278366e-10
3032.81,6.638008056163725e-10
3032.82,6.421571369944216e-10
3032.83,6.257414440245738e-10
3032.84,6.176773170705773e-10
3032.85,6.118385469594955e-10
3032.86,6.115826769989504e-10
3032.87,6.170853397014648e-10
3032.88,6.289130890451094e-10
3032.89,6.469866990973945e-10
3032.9,6.708034839878798e-10
3032.91,6.987964275360536e-10
3032.92,7.277842980647729e-10
3032.93,7.527444387067763e-10
3032.94,7.675160608877427e-10
3032.95,7.665579326093818e-10
3032.96,7.483084777766565e-10
3032.97,7.144239553139012e-10
3032.98,6.703731010107221e-10
3032.99,6.221561857953742e-10
3033.0,5.745648866496273e-10
3033.01,5.305335880328305e-10
3033.02,4.913916952175404e-10
3033.03,4.574132906616851e-10
3033.04,4.28306101791822e-10
3033.05,4.0353769322778834e-10
3033.06,3.8251886509927646e-10
3033.07,3.646927360124576e-10
3033.08,3.4957017785621926e-10
3033.09,3.3673789236726273e-10
3033.1,3.258540595718694e-10
3033.11,3.166393340311997e-10
3033.12,3.08680207835455e-10
3033.13,3.021678122361782e-10
3033.14,2.967663479149504e-10
3033.15,2.9235677560454456e-10
3033.16,2.8884370732442805e-10
3033.17,2.8615121039384473e-10
3033.18,2.84219500245281e-10
3033.19,2.8300235430444533e-10
3033.2,2.8246510679436994e-10
3033.21,2.825831117395527e-10
3033.22,2.8324319204314076e-10
3033.23,2.8463295801859057e-10
3033.24,2.8665408858988113e-10
3033.25,2.893133226947921e-10
3033.26,2.9262430804096317e-10
3033.27,2.966076190818994e-10
3033.28,3.0129094807255016e-10
3033.29,3.067094685550556e-10
3033.3,3.087182006827695e-10
3033.31,3.1577071860266063e-10
3033.32,3.237150180589104e-10
3033.33,3.3262366855856835e-10
3033.34,3.4258162079423597e-10
3033.35,3.536880232549173e-10
3033.36,3.6605844429557777e-10
3033.37,3.7982758626843465e-10
3033.38,3.951526021850148e-10
3033.39,4.122171557670001e-10
3033.4,4.3123640488610066e-10
3033.41,4.524631388847144e-10
3033.42,4.76195365894365e-10
3033.43,5.027857315616719e-10
3033.44,5.326532618851875e-10
3033.45,5.662980677134904e-10
3033.46,6.043198367374376e-10
3033.47,6.474411814497033e-10
3033.48,6.9653722053831e-10
3033.49,7.526731549591729e-10
3033.5,8.171520569908809e-10
3033.51,8.915755902768224e-10
3033.52,9.779208261668602e-10
3033.53,1.078636478368177e-09
3033.54,1.196761209106114e-09
3033.55,1.3360640273719039e-09
3033.56,1.5011998774517122e-09
3033.57,1.6978577392383034e-09
3033.58,1.9328454118723655e-09
3033.59,2.2139900025310628e-09
3033.6,2.55054327082977e-09
3033.61,2.9480965242460566e-09
3033.62,3.4108936247301963e-09
3033.63,3.934290182617146e-09
3033.64,4.495922925001275e-09
3033.65,5.048858385198816e-09
3033.66,5.518937244594057e-09
3033.67,5.818179600893981e-09
3033.68,5.877447610612812e-09
3033.69,5.682004866175132e-09
3033.7,5.280661074311427e-09
3033.71,4.7593257717036355e-09
3033.72,4.202640593159406e-09
3033.73,3.6705079854341557e-09
3033.74,3.1947264968821585e-09
3033.75,2.7863020335547685e-09
3033.76,2.4442986465292803e-09
3033.77,2.162358352338972e-09
3033.78,1.9325211475167904e-09
3033.79,1.7471314093378444e-09
3033.8,1.5996416033932847e-09
3033.81,1.4848616446717162e-09
3033.82,1.3989643758508113e-09
3033.83,1.3394011556178851e-09
3033.84,1.303856471471206e-09
3033.85,1.2938107128395987e-09
3033.86,1.3086588969495024e-09
3033.87,1.3488368001243365e-09
3033.88,1.413627823587078e-09
3033.89,1.4988802678542086e-09
3033.9,1.5937925848646147e-09
3033.91,1.6785505754606851e-09
3033.92,1.7269434596282005e-09
3033.93,1.7178155122076967e-09
3033.94,1.6474499625669443e-09
3033.95,1.5323565074382637e-09
3033.96,1.3979561479628328e-09
3033.97,1.2657747610877003e-09
3033.98,1.148279820688401e-09
3033.99,1.0502060797150654e-09
3034.0,9.717708243678143e-10
3034.01,9.121399702710031e-10
3034.02,8.672618136844194e-10
3034.03,8.359647640723195e-10
3034.04,8.165939750739293e-10
3034.05,8.079692137098235e-10
3034.06,8.093703048770677e-10
3034.07,8.205080018618061e-10
3034.08,8.415045804228905e-10
3034.09,8.728942432391769e-10
3034.1,9.156479143917015e-10
3034.11,9.712253543502038e-10
3034.12,1.0416571463427072e-09
3034.13,1.129658166059015e-09
3034.14,1.2387703771950834e-09
3034.15,1.3735220695083199e-09
3034.16,1.5395647723231892e-09
3034.17,1.7436922527078379e-09
3034.18,1.9933191361567987e-09
3034.19,2.296269870835585e-09
3034.2,2.656956365244167e-09
3034.21,3.072181109507114e-09
3034.22,3.5227849253155996e-09
3034.23,3.964436053655592e-09
3034.24,4.32526289310257e-09
3034.25,4.522757208721007e-09
3034.26,4.5017646553219905e-09
3034.27,4.267990487479585e-09
3034.28,3.884267527377671e-09
3034.29,3.4335400913980844e-09
3034.3,2.983467017059265e-09
3034.31,2.573337017507027e-09
3034.32,2.219276597420376e-09
3034.33,1.922425800339942e-09
3034.34,1.6773882312992413e-09
3034.35,1.4765763228552571e-09
3034.36,1.3124359632017602e-09
3034.37,1.1783342730267111e-09
3034.38,1.0687895465413683e-09
3034.39,9.794200402225698e-10
3034.4,9.067965604499139e-10
3034.41,8.482808668327099e-10
3034.42,8.018814616174395e-10
3034.43,7.658420973816501e-10
3034.44,7.397194085025804e-10
3034.45,7.225398205878819e-10
3034.46,7.138956097068616e-10
3034.47,7.165457652861938e-10
3034.48,7.24292501372673e-10
3034.49,7.396529684024063e-10
3034.5,7.615431540416816e-10
3034.51,7.877586574558679e-10
3034.52,8.145537804141155e-10
3034.53,8.33364692313401e-10
3034.54,8.454032234210064e-10
3034.55,8.434333613168903e-10
3034.56,8.271252043708633e-10
3034.57,7.998084230865369e-10
3034.58,7.66806629462259e-10
3034.59,7.333279964046964e-10
3034.6,7.031986773206438e-10
3034.61,6.786504548526957e-10
3034.62,6.606942237228616e-10
3034.63,6.496132187113537e-10
3034.64,6.45355775746652e-10
3034.65,6.4778831681335e-10
3034.66,6.568405480694657e-10
3034.67,6.72585042173073e-10
3034.68,6.95283553325241e-10
3034.69,7.254208877003502e-10
3034.7,7.637389402049174e-10
3034.71,8.112786679395681e-10
3034.72,8.69435162038087e-10
3034.73,9.400294011268098e-10
3034.74,1.0253985089160515e-09
3034.75,1.1283175112643534e-09
3034.76,1.2528554723939302e-09
3034.77,1.4033539537376286e-09
3034.78,1.5851799484986973e-09
3034.79,1.8043284147715188e-09
3034.8,2.0667317738819733e-09
3034.81,2.3766436100253286e-09
3034.82,2.7334691485696155e-09
3034.83,3.126539255492044e-09
3034.84,3.528486535560615e-09
3034.85,3.8909394655585605e-09
3034.86,4.150058219831329e-09
3034.87,4.248968363037062e-09
3034.88,4.161438952352077e-09
3034.89,3.913432790328293e-09
3034.9,3.5637527594728412e-09
3034.91,3.1765036944549156e-09
3034.92,2.8001729974037485e-09
3034.93,2.4623134228172426e-09
3034.94,2.173938913000478e-09
3034.95,1.936140938145226e-09
3034.96,1.745254473246064e-09
3034.97,1.5959202301484026e-09
3034.98,1.4825148645099482e-09
3034.99,1.3995269363692032e-09
3035.0,1.3412951614192255e-09
3035.01,1.3014446723526674e-09
3035.02,1.2724699974450799e-09
3035.03,1.2461082016911832e-09
3035.04,1.2149683018896487e-09
3035.05,1.1748911731091874e-09
3035.06,1.1263762124693077e-09
3035.07,1.0738017891305067e-09
3035.08,1.0230877988126328e-09
3035.09,9.795666048678736e-10
3035.1,9.470787899177075e-10
3035.11,9.281143757549436e-10
3035.12,9.24391020068094e-10
3035.13,9.3743959234566e-10
3035.14,9.690290942317297e-10
3035.15,1.0213845280590835e-09
3035.16,1.0977954300558456e-09
3035.17,1.1994686710927205e-09
3035.18,1.3281566746285546e-09
3035.19,1.4808670373442842e-09
3035.2,1.6463858799030838e-09
3035.21,1.8012909176756598e-09
3035.22,1.9111034787152706e-09
3035.23,1.9422949314364816e-09
3035.24,1.8813578159809437e-09
3035.25,1.744002571627128e-09
3035.26,1.564284520001055e-09
3035.27,1.3755871220638034e-09
3035.28,1.1996883910483816e-09
3035.29,1.046360350219993e-09
3035.3,9.175102989760934e-10
3035.31,8.111907220400555e-10
3035.32,7.241070463212184e-10
3035.33,6.528575136569862e-10
3035.34,5.944275219583607e-10
3035.35,5.463198283136874e-10
3035.36,5.065320430928771e-10
3035.37,4.734830131391761e-10
3035.38,4.459317393860077e-10
3035.39,4.2290504119231253e-10
3035.4,4.0363823755191377e-10
3035.41,3.875284180152754e-10
3035.42,3.740983590340614e-10
3035.43,3.6296892153578394e-10
3035.44,3.538380108481724e-10
3035.45,3.4646454308748733e-10
3035.46,3.406562096835652e-10
3035.47,3.3626012250823263e-10
3035.48,3.331556510032863e-10
3035.49,3.3124893765353123e-10
3035.5,3.3015477135355394e-10
3035.51,3.304513371841995e-10
3035.52,3.3178767814262787e-10
3035.53,3.3414428513648243e-10
3035.54,3.3751578030069505e-10
3035.55,3.4191019185769507e-10
3035.56,3.473486357176397e-10
3035.57,3.538653729462674e-10
3035.58,3.6023444387088053e-10
3035.59,3.690740178098558e-10
3035.6,3.7917953479343385e-10
3035.61,3.906458669164408e-10
3035.62,4.035871387770086e-10
3035.63,4.1813940443814863e-10
3035.64,4.3446400984518497e-10
3035.65,4.527517873577223e-10
3035.66,4.732282737144217e-10
3035.67,4.96160200319209e-10
3035.68,5.218635794450117e-10
3035.69,5.505130156988448e-10
3035.7,5.829587245124653e-10
3035.71,6.195341915062485e-10
3035.72,6.608830882702243e-10
3035.73,7.077829520592103e-10
3035.74,7.585073084330897e-10
3035.75,8.195664322775734e-10
3035.76,8.896885879233199e-10
3035.77,9.70621014535757e-10
3035.78,1.0645320603823052e-09
3035.79,1.1741250857513752e-09
3035.8,1.30278208662134e-09
3035.81,1.454740197899479e-09
3035.82,1.6352979588904298e-09
3035.83,1.8510320070087741e-09
3035.84,2.109967674670494e-09
3035.85,2.421568053988317e-09
3035.86,2.7962510667494045e-09
3035.87,3.2438713056421777e-09
3035.88,3.770216819241252e-09
3035.89,4.370307465500935e-09
3035.9,5.018027879879856e-09
3035.91,5.655205068327646e-09
3035.92,6.190525644742557e-09
3035.93,6.523024087150849e-09
3035.94,6.5899852380752915e-09
3035.95,6.406364521379028e-09
3035.96,6.057646001282861e-09
3035.97,5.653324467965726e-09
3035.98,5.282955445454805e-09
3035.99,4.998683486920883e-09
3036.0,4.8173010243281885e-09
3036.01,4.727020099001506e-09
3036.02,4.692238786244514e-09
3036.03,4.659056487707071e-09
3036.04,4.568515365163822e-09
3036.05,4.378807463205695e-09
3036.06,4.084017245924988e-09
3036.07,3.7132832359628033e-09
3036.08,3.31139927010931e-09
3036.09,2.9180558279779144e-09
3036.1,2.558167610460162e-09
3036.11,2.2463498977754307e-09
3036.12,1.9762388567047623e-09
3036.13,1.7498401303568105e-09
3036.14,1.5583044523823865e-09
3036.15,1.397696249021052e-09
3036.16,1.2628661093138113e-09
3036.17,1.1494100980442232e-09
3036.18,1.053686210240123e-09
3036.19,9.727370166898412e-10
3036.2,9.041852198543173e-10
3036.21,8.46131544014786e-10
3036.22,7.970660351606181e-10
3036.23,7.557954505834716e-10
3036.24,7.213859477903034e-10
3036.25,6.931191249038227e-10
3036.26,6.704593261075708e-10
3036.27,6.530303851797677e-10
3036.28,6.406003467621508e-10
3036.29,6.330730344353957e-10
3036.3,6.309603559661276e-10
3036.31,6.334884176135756e-10
3036.32,6.414433091680553e-10
3036.33,6.552872695357652e-10
3036.34,6.756321593927873e-10
3036.35,7.032257018888996e-10
3036.36,7.389035231940938e-10
3036.37,7.834770126331879e-10
3036.38,8.375185405962489e-10
3036.39,9.008419193787114e-10
3036.4,9.727919462395378e-10
3036.41,1.0509172984982971e-09
3036.42,1.1320425685369715e-09
3036.43,1.2135040253994112e-09
3036.44,1.2953295711043379e-09
3036.45,1.381845308739816e-09
3036.46,1.4813248639917337e-09
3036.47,1.603661731647529e-09
3036.48,1.757065337330239e-09
3036.49,1.9442018508744243e-09
3036.5,2.1572797240729544e-09
3036.51,2.3725163466683742e-09
3036.52,2.5483114620905726e-09
3036.53,2.6352572082212958e-09
3036.54,2.600021533512134e-09
3036.55,2.446620354521096e-09
3036.56,2.2133349490120305e-09
3036.57,1.948794958724988e-09
3036.58,1.6907042397635196e-09
3036.59,1.4594762430213434e-09
3036.6,1.261987927546987e-09
3036.61,1.0975058647113977e-09
3036.62,9.620686910931894e-10
3036.63,8.509070464585152e-10
3036.64,7.595317422637526e-10
3036.65,6.841105010499346e-10
3036.66,6.215193343203244e-10
3036.67,5.692679650639604e-10
3036.68,5.253908182945003e-10
3036.69,4.883409771988262e-10
3036.7,4.568996787245456e-10
3036.71,4.301034605338006e-10
3036.72,4.071871850763817e-10
3036.73,3.875401069159904e-10
3036.74,3.706722032520873e-10
3036.75,3.561884075187344e-10
3036.76,3.4376886674249003e-10
3036.77,3.331537736063437e-10
3036.78,3.2413167463824674e-10
3036.79,3.165304286837658e-10
3036.8,3.1021019722990946e-10
3036.81,3.050580041421508e-10
3036.82,3.0052543593029925e-10
3036.83,2.97460872661313e-10
3036.84,2.9534903305263296e-10
3036.85,2.9415097377262663e-10
3036.86,2.93841509152442e-10
3036.87,2.9440835316602543e-10
3036.88,2.9585167239497957e-10
3036.89,2.981840251678121e-10
3036.9,3.0143068184518806e-10
3036.91,3.056303404952707e-10
3036.92,3.108362723531466e-10
3036.93,3.1503282257464934e-10
3036.94,3.2249089757141785e-10
3036.95,3.3122166691286317e-10
3036.96,3.4135933207054574e-10
3036.97,3.5306789306210694e-10
3036.98,3.665472469290982e-10
3036.99,3.8204096825493913e-10
3037.0,3.998462426850984e-10
3037.01,4.2032656614054903e-10
3037.02,4.439279995097166e-10
3037.03,4.71199980645789e-10
3037.04,5.028219290366773e-10
3037.05,5.396370887446001e-10
3037.06,5.826951276319903e-10
3037.07,6.333046834550917e-10
3037.08,6.929011470423123e-10
3037.09,7.63894893540478e-10
3037.1,8.485637061385129e-10
3037.11,9.498643970972373e-10
3037.12,1.0711709060033634e-09
3037.13,1.2159878979170835e-09
3037.14,1.3872200821800025e-09
3037.15,1.5856546870363008e-09
3037.16,1.8072989049319757e-09
3037.17,2.0396540113077808e-09
3037.18,2.2584620985974043e-09
3037.19,2.428813082204398e-09
3037.2,2.5149295688214795e-09
3037.21,2.496748980745044e-09
3037.22,2.3814989185416093e-09
3037.23,2.199406946432215e-09
3037.24,1.987753893194805e-09
3037.25,1.7768155914247138e-09
3037.26,1.5848030287700937e-09
3037.27,1.4195739019996679e-09
3037.28,1.2824591105257853e-09
3037.29,1.1715265116695734e-09
3037.3,1.0836354954664268e-09
3037.31,1.0137899631106982e-09
3037.32,9.625193137450316e-10
3037.33,9.256657139688652e-10
3037.34,9.013262539526958e-10
3037.35,8.880762073492014e-10
3037.36,8.84912903662534e-10
3037.37,8.912045929621206e-10
3037.38,9.066518674164655e-10
3037.39,9.312641835672258e-10
3037.4,9.676457316720702e-10
3037.41,1.0118450655194283e-09
3037.42,1.0670970993224e-09
3037.43,1.134738896792977e-09
3037.44,1.216893930564134e-09
3037.45,1.3152127541935668e-09
3037.46,1.4330224920908165e-09
3037.47,1.574139068420599e-09
3037.48,1.7434034126113648e-09
3037.49,1.94691681355502e-09
3037.5,2.192290255387206e-09
3037.51,2.4888451998943743e-09
3037.52,2.8476169519301503e-09
3037.53,3.2808422952097238e-09
3037.54,3.8003124057782474e-09
3037.55,4.413530260430518e-09
3037.56,5.1162382709849244e-09
3037.57,5.8804366551187315e-09
3037.58,6.6404414335678416e-09
3037.59,7.287464556346897e-09
3037.6,7.690425646040186e-09
3037.61,7.749548664850512e-09
3037.62,7.452296473768293e-09
3037.63,6.881336497207331e-09
3037.64,6.166468968058038e-09
3037.65,5.4260069908330544e-09
3037.66,4.737305410415233e-09
3037.67,4.137377200371188e-09
3037.68,3.6361221286171486e-09
3037.69,3.2293238901337476e-09
3037.7,2.907301128465585e-09
3037.71,2.6596053781647035e-09
3037.72,2.477207727977728e-09
3037.73,2.353351411615386e-09
3037.74,2.288638154414441e-09
3037.75,2.2715536002494264e-09
3037.76,2.3072878305156895e-09
3037.77,2.397803995064278e-09
3037.78,2.545392041428434e-09
3037.79,2.7500019056202204e-09
3037.8,3.0043158399343433e-09
3037.81,3.2863922061694163e-09
3037.82,3.552774985020332e-09
3037.83,3.740533761938502e-09
3037.84,3.787825148802467e-09
3037.85,3.667074791474314e-09
3037.86,3.402698583923537e-09
3037.87,3.05441417271556e-09
3037.88,2.683986541878107e-09
3037.89,2.3339005812299076e-09
3037.9,2.0247164644738042e-09
3037.91,1.7617265367520933e-09
3037.92,1.5422546445191182e-09
3037.93,1.3605303099341372e-09
3037.94,1.2102409071896316e-09
3037.95,1.0856274053673782e-09
3037.96,9.818302328254278e-10
3037.97,8.949012497529876e-10
3037.98,8.216915943584646e-10
3037.99,7.597102623440431e-10
3038.0,7.069914497802211e-10
3038.01,6.619828125815347e-10
3038.02,6.232915984481773e-10
3038.03,5.90273305573627e-10
3038.04,5.61988833977535e-10
3038.05,5.37823871740358e-10
3038.06,5.172924664991289e-10
3038.07,5.000135982895871e-10
3038.08,4.856937284243256e-10
3038.09,4.741140747873025e-10
3038.1,4.651217189534715e-10
3038.11,4.570249983434569e-10
3038.12,4.529962523355934e-10
3038.13,4.514484978883534e-10
3038.14,4.5246335678629106e-10
3038.15,4.5553351021256386e-10
3038.16,4.621922587683645e-10
3038.17,4.720879631589945e-10
3038.18,4.856310635435783e-10
3038.19,5.033581950472672e-10
3038.2,5.259615807005869e-10
3038.21,5.54325983672337e-10
3038.22,5.895732695373246e-10
3038.23,6.331123054689876e-10
3038.24,6.866864635892563e-10
3038.25,7.523992313421548e-10
3038.26,8.326747555030452e-10
3038.27,9.300661337811096e-10
3038.28,1.04675219625854e-09
3038.29,1.1834739294283117e-09
3038.3,1.3376356625519449e-09
3038.31,1.5005808784438152e-09
3038.32,1.6550675898352062e-09
3038.33,1.7757172013957437e-09
3038.34,1.8357714463020725e-09
3038.35,1.819263443837477e-09
3038.36,1.7301764619649298e-09
3038.37,1.5900342408324163e-09
3038.38,1.4263042159242763e-09
3038.39,1.2616670781441447e-09
3038.4,1.1099066821275295e-09
3038.41,9.77016550207833e-10
3038.42,8.640246816334294e-10
3038.43,7.694499240461146e-10
3038.44,6.908588309373929e-10
3038.45,6.256826268573436e-10
3038.46,5.715776509402452e-10
3038.47,5.265447941345332e-10
3038.48,4.889364807069461e-10
3038.49,4.5723653001501826e-10
3038.5,4.3073930994689147e-10
3038.51,4.0840427020695165e-10
3038.52,3.8954502395418307e-10
3038.53,3.7361087718154554e-10
3038.54,3.6015861892441113e-10
3038.55,3.4883026645863635e-10
3038.56,3.393356356487463e-10
3038.57,3.316766671381392e-10
3038.58,3.2518658926008446e-10
3038.59,3.1994461242598724e-10
3038.6,3.1582226793561024e-10
3038.61,3.127146940811989e-10
3038.62,3.1053660148729183e-10
3038.63,3.0921908850328293e-10
3038.64,3.087071257360348e-10
3038.65,3.089575711938819e-10
3038.66,3.0993760993998347e-10
3038.67,3.146138249779086e-10
3038.68,3.170094467221175e-10
3038.69,3.2008755546513425e-10
3038.7,3.2384706398487835e-10
3038.71,3.2829352319714305e-10
3038.72,3.334389452382247e-10
3038.73,3.393017683610602e-10
3038.74,3.459069570525757e-10
3038.75,3.5328623581803733e-10
3038.76,3.6147845985303533e-10
3038.77,3.7053013065467987e-10
3038.78,3.804960697108336e-10
3038.79,3.914402690493612e-10
3038.8,4.034369439447866e-10
3038.81,4.165718207664231e-10
3038.82,4.309437023493875e-10
3038.83,4.4666636481854316e-10
3038.84,4.638708543521169e-10
3038.85,4.827082707342869e-10
3038.86,5.033531481245184e-10
3038.87,5.260075737508129e-10
3038.88,5.509062246308144e-10
3038.89,5.783225537121784e-10
3038.9,6.085764242498692e-10
3038.91,6.420435799494961e-10
3038.92,6.791674559224816e-10
3038.93,7.204739911412576e-10
3038.94,7.667535557793741e-10
3038.95,8.184328077250039e-10
3038.96,8.765809348632294e-10
3038.97,9.422987758546781e-10
3038.98,1.0169306495647017e-09
3038.99,1.1021283899616573e-09
3039.0,1.1999337502187822e-09
3039.01,1.3128838848192883e-09
3039.02,1.444144642648284e-09
3039.03,1.597674604806697e-09
3039.04,1.7761369303741179e-09
3039.05,1.990231293766911e-09
3039.06,2.2451210199720895e-09
3039.07,2.549554062246769e-09
3039.08,2.913037680378817e-09
3039.09,3.3442436435400312e-09
3039.1,3.847421558209013e-09
3039.11,4.4158047928410466e-09
3039.12,5.022274220574311e-09
3039.13,5.611975836181066e-09
3039.14,6.108378074774269e-09
3039.15,6.443174360057486e-09
3039.16,6.5982892744108346e-09
3039.17,6.623657271417021e-09
3039.18,6.6121800341412125e-09
3039.19,6.6577154411952185e-09
3039.2,6.829136221657469e-09
3039.21,7.165205914261096e-09
3039.22,7.676645820429872e-09
3039.23,8.343475636015565e-09
3039.24,9.10435936835529e-09
3039.25,9.844937749046701e-09
3039.26,1.0403878647466128e-08
3039.27,1.0616186442958965e-08
3039.28,1.0392804105238614e-08
3039.29,9.764175432313938e-09
3039.3,8.86334979178163e-09
3039.31,7.85199687865087e-09
3039.32,6.85870941426921e-09
3039.33,5.958557258712408e-09
3039.34,5.182066471447144e-09
3039.35,4.532515177553255e-09
3039.36,4.00013316672935e-09
3039.37,3.570795553725552e-09
3039.38,3.230421597909781e-09
3039.39,2.972823537521384e-09
3039.4,2.7757181640329473e-09
3039.41,2.6364305727669047e-09
3039.42,2.5462692218070757e-09
3039.43,2.4944088852423984e-09
3039.44,2.465483089430889e-09
3039.45,2.4385458544204416e-09
3039.46,2.3900542693958176e-09
3039.47,2.301827157771065e-09
3039.48,2.1685163678124717e-09
3039.49,2.002573833206146e-09
3039.5,1.8214833813968768e-09
3039.51,1.6424262918358119e-09
3039.52,1.4766006737782576e-09
3039.53,1.3290969300140719e-09
3039.54,1.200820901541881e-09
3039.55,1.0904660329030033e-09
3039.56,9.958486537557474e-10
3039.57,9.146350710937548e-10
3039.58,8.446719125683775e-10
3039.59,7.841008902970174e-10
3039.6,7.313709279305273e-10
3039.61,6.852082634672146e-10
3039.62,6.445739325504687e-10
3039.63,6.086215377320718e-10
3039.64,5.766601443851274e-10
3039.65,5.481234736247092e-10
3039.66,5.225450463724819e-10
3039.67,4.995384174414836e-10
3039.68,4.787815594680771e-10
3039.69,4.6000454708043554e-10
3039.7,4.431457329405403e-10
3039.71,4.276815429953145e-10
3039.72,4.136124690619651e-10
3039.73,4.0079784730483333e-10
3039.74,3.8911673919696267e-10
3039.75,3.784647566656639e-10
3039.76,3.68751484623605e-10
3039.77,3.5989837764487875e-10
3039.78,3.518370351082761e-10
3039.79,3.4450778021190715e-10
3039.8,3.378584844351827e-10
3039.81,3.318435915123995e-10
3039.82,3.2642330460664815e-10
3039.83,3.21562907894178e-10
3039.84,3.172321996154388e-10
3039.85,3.1340501827848846e-10
3039.86,3.100588473373544e-10
3039.87,3.071744865937595e-10
3039.88,3.047357809005359e-10
3039.89,3.0272939865673837e-10
3039.9,3.0114465413650017e-10
3039.91,2.9997336900115074e-10
3039.92,2.990454509208034e-10
3039.93,2.986870360712766e-10
3039.94,2.987317166621181e-10
3039.95,3.0301422707725294e-10
3039.96,3.0389531808506896e-10
3039.97,3.0519015522108074e-10
3039.98,3.069070032093798e-10
3039.99,3.090566896719437e-10
3040.0,3.1165275874699833e-10
3040.01,3.147116646451313e-10
3040.02,3.1825300984933694e-10
3040.03,3.222998338826633e-10
3040.04,3.2687896000957754e-10
3040.05,3.320214089749252e-10
3040.06,3.377628909709896e-10
3040.07,3.4414438959749255e-10
3040.08,3.512128547183093e-10
3040.09,3.59022025041097e-10
3040.1,3.6763340609709344e-10
3040.11,3.77117435420204e-10
3040.12,3.8755487439168246e-10
3040.13,3.990384759796465e-10
3040.14,4.1167498997474383e-10
3040.15,4.2558758321714885e-10
3040.16,4.4091877267980743e-10
3040.17,4.5783399567543523e-10
3040.18,4.765259756591749e-10
3040.19,4.972200868248601e-10
3040.2,5.201809792136892e-10
3040.21,5.45720803191901e-10
3040.22,5.742094739152411e-10
3040.23,6.063238428287822e-10
3040.24,6.421204287738498e-10
3040.25,6.824688536293538e-10
3040.26,7.281378612654101e-10
3040.27,7.800636378155598e-10
3040.28,8.393930977710233e-10
3040.29,9.075397070087334e-10
3040.3,9.862555413639921e-10
3040.31,1.0777241125008172e-09
3040.32,1.184679125444823e-09
3040.33,1.3105541431843335e-09
3040.34,1.459665689588445e-09
3040.35,1.637424474064908e-09
3040.36,1.850549551910911e-09
3040.37,2.1072150789452294e-09
3040.38,2.4169642142353966e-09
3040.39,2.7900400251781007e-09
3040.4,3.2354664763581275e-09
3040.41,3.756794907339127e-09
3040.42,4.343374784259396e-09
3040.43,4.96252668867553e-09
3040.44,5.543948528747011e-09
3040.45,5.98709420517914e-09
3040.46,6.192149350848156e-09
3040.47,6.1116611116571155e-09
3040.48,5.7809063272645295e-09
3040.49,5.296165578071051e-09
3040.5,4.763282397666936e-09
3040.51,4.260197791116075e-09
3040.52,3.8282309114400506e-09
3040.53,3.4799082711250663e-09
3040.54,3.209239372763661e-09
3040.55,2.9988919488438356e-09
3040.56,2.825271553355204e-09
3040.57,2.6645825989280156e-09
3040.58,2.500454510048213e-09
3040.59,2.328983280804362e-09
3040.6,2.1568901420441537e-09
3040.61,1.994735847118206e-09
3040.62,1.851023298911139e-09
3040.63,1.7301136981924713e-09
3040.64,1.6329016798427032e-09
3040.65,1.5582877686874391e-09
3040.66,1.5043877568985973e-09
3040.67,1.4692582671293773e-09
3040.68,1.4512526019431754e-09
3040.69,1.4491632378823773e-09
3040.7,1.4622623670741626e-09
3040.71,1.4903045647761257e-09
3040.72,1.5335247627562572e-09
3040.73,1.59264801650165e-09
3040.74,1.6689197083131556e-09
3040.75,1.7641618420273673e-09
3040.76,1.8778969149001902e-09
3040.77,2.0193461335268123e-09
3040.78,2.18975985814077e-09
3040.79,2.394549280944383e-09
3040.8,2.640694917244765e-09
3040.81,2.93662751138557e-09
3040.82,3.2932742683717652e-09
3040.83,3.722682397873636e-09
3040.84,4.243338731021556e-09
3040.85,4.872167567160203e-09
3040.86,5.6279662610656574e-09
3040.87,6.5259876544724715e-09
3040.88,7.56938418030159e-09
3040.89,8.734313320842513e-09
3040.9,9.949407028855725e-09
3040.91,1.1078670287901356e-08
3040.92,1.1929810108459994e-08
3040.93,1.2310845054712658e-08
3040.94,1.2121246906696155e-08
3040.95,1.1410493364874175e-08
3040.96,1.034837792892762e-08
3040.97,9.136216397822142e-09
3040.98,7.933198993657576e-09
3040.99,6.832484285492394e-09
3041.0,5.872325745729437e-09
3041.01,5.057065432203161e-09
3041.02,4.381788489721102e-09
3041.03,3.813485856827787e-09
3041.04,3.3406860750741075e-09
3041.05,2.9464166388967542e-09
3041.06,2.6162754211622415e-09
3041.07,2.3384205588611914e-09
3041.08,2.1032704044954074e-09
3041.09,1.903128739612218e-09
3041.1,1.7318270467704887e-09
3041.11,1.5844163112320896e-09
3041.12,1.4569142883219969e-09
3041.13,1.3461035286907389e-09
3041.14,1.2493721222973537e-09
3041.15,1.1645889223167624e-09
3041.16,1.090005986893291e-09
3041.17,1.0241822556390447e-09
3041.18,9.659237017448395e-10
3041.19,9.142362452594462e-10
3041.2,8.682885582403201e-10
3041.21,8.273825558870314e-10
3041.22,7.909298807714612e-10
3041.23,7.584330800795197e-10
3041.24,7.342948383092572e-10
3041.25,7.08538783131472e-10
3041.26,6.856546731738748e-10
3041.27,6.653837430580308e-10
3041.28,6.475063654047606e-10
3041.29,6.318367480671997e-10
3041.3,6.182186308938369e-10
3041.31,6.065218106345669e-10
3041.32,5.966393607803791e-10
3041.33,5.884854438340032e-10
3041.34,5.819936385130522e-10
3041.35,5.771157253666611e-10
3041.36,5.738208923533693e-10
3041.37,5.720953382322197e-10
3041.38,5.719422670038854e-10
3041.39,5.733822820545698e-10
3041.4,5.764542049596235e-10
3041.41,5.812163621205073e-10
3041.42,5.877484036870358e-10
3041.43,5.961537449599064e-10
3041.44,6.065627524625596e-10
3041.45,6.191368372820269e-10
3041.46,6.340736699274988e-10
3041.47,6.516137970746195e-10
3041.48,6.720490249746173e-10
3041.49,6.95733040311384e-10
3041.5,7.230948684310696e-10
3041.51,7.546559160324208e-10
3041.52,7.910514900245177e-10
3041.53,8.333975136601705e-10
3041.54,8.819671900239023e-10
3041.55,9.376106133178198e-10
3041.56,1.0030584188205112e-09
3041.57,1.0793812408390449e-09
3041.58,1.168637352760001e-09
3041.59,1.2731977526439058e-09
3041.6,1.3956162529538914e-09
3041.61,1.538286294096927e-09
3041.62,1.7027673253691662e-09
3041.63,1.8887863196605195e-09
3041.64,2.09337676941541e-09
3041.65,2.311401476906779e-09
3041.66,2.538867394805406e-09
3041.67,2.778329314201133e-09
3041.68,3.042385681015772e-09
3041.69,3.3518796242217973e-09
3041.7,3.730397107542979e-09
3041.71,4.198809716126702e-09
3041.72,4.770523384518265e-09
3041.73,5.4448509344599594e-09
3041.74,6.195965169183856e-09
3041.75,6.958903049815609e-09
3041.76,7.622718127838445e-09
3041.77,8.04928381793627e-09
3041.78,8.126701726505833e-09
3041.79,7.829075195672525e-09
3041.8,7.230905847120068e-09
3041.81,6.462984333391627e-09
3041.82,5.651735951562476e-09
3041.83,4.884010296622602e-09
3041.84,4.203348833126573e-09
3041.85,3.622248334886572e-09
3041.86,3.136161512886413e-09
3041.87,2.7333926033717373e-09
3041.88,2.400665856515451e-09
3041.89,2.12534326622013e-09
3041.9,1.896777084536919e-09
3041.91,1.706135902668119e-09
3041.92,1.5462980096776657e-09
3041.93,1.4115764238596727e-09
3041.94,1.297445018834383e-09
3041.95,1.2002998876908873e-09
3041.96,1.11726362313856e-09
3041.97,1.0460296247970883e-09
3041.98,9.847401647308723e-10
3041.99,9.318915880986693e-10
3042.0,8.862607901756146e-10
3042.01,8.468481653973786e-10
3042.02,8.128332356315294e-10
3042.03,7.835400236444223e-10
3042.04,7.584099258920383e-10
3042.05,7.369803739979185e-10
3042.06,7.188679840684331e-10
3042.07,7.037552039703384e-10
3042.08,6.913797041460186e-10
3042.09,6.815259355999786e-10
3042.1,6.740184138377402e-10
3042.11,6.687163904038247e-10
3042.12,6.655096525595632e-10
3042.13,6.643152525409418e-10
3042.14,6.650750154273182e-10
3042.15,6.677537123108974e-10
3042.16,6.723378158604542e-10
3042.17,6.788347805192253e-10
3042.18,6.855629241973553e-10
3042.19,6.960024381758342e-10
3042.2,7.085029996927562e-10
3042.21,7.231584111741597e-10
3042.22,7.400871085381066e-10
3042.23,7.594344745934556e-10
3042.24,7.813758161981558e-10
3042.25,8.061201120062109e-10
3042.26,8.33914670361463e-10
3042.27,8.650508774651283e-10
3042.28,8.998712667468613e-10
3042.29,9.38778204854137e-10
3042.3,9.822445722890631e-10
3042.31,1.0308269230588705e-09
3042.32,1.085181745789032e-09
3042.33,1.1460856283198933e-09
3042.34,1.214460362767469e-09
3042.35,1.2914043353968946e-09
3042.36,1.378231948717528e-09
3042.37,1.4765233498369584e-09
3042.38,1.5881874244559311e-09
3042.39,1.7155418969948338e-09
3042.4,1.8614154889853833e-09
3042.41,2.0292784391182155e-09
3042.42,2.2234092220457e-09
3042.43,2.4491067924153393e-09
3042.44,2.7129585266375153e-09
3042.45,3.019352395095449e-09
3042.46,3.3861825124923545e-09
3042.47,3.822306392662144e-09
3042.48,4.3433446917728925e-09
3042.49,4.968125699994159e-09
3042.5,5.718479043446148e-09
3042.51,6.617841356643103e-09
3042.52,7.687386176757057e-09
3042.53,8.937596202126308e-09
3042.54,1.0352749929881023e-08
3042.55,1.1867541084053573e-08
3042.56,1.334858542044233e-08
3042.57,1.4566288283952e-08
3042.58,1.5278615063990623e-08
3042.59,1.53106756994716e-08
3042.6,1.4657306612482242e-08
3042.61,1.348633999477282e-08
3042.62,1.204534384435984e-08
3042.63,1.055612817656047e-08
3042.64,9.163480271850873e-09
3042.65,7.945454368014972e-09
3042.66,6.904116211279533e-09
3042.67,6.039077075250778e-09
3042.68,5.329997490266545e-09
3042.69,4.753133478242012e-09
3042.7,4.284603843644315e-09
3042.71,3.90102739621031e-09
3042.72,3.5796774507343687e-09
3042.73,3.300046601452043e-09
3042.74,3.0471350338274212e-09
3042.75,2.813949814108641e-09
3042.76,2.6003396639568324e-09
3042.77,2.4089911822442405e-09
3042.78,2.2419638037791963e-09
3042.79,2.0994695782625028e-09
3042.8,1.9802264461583557e-09
3042.81,1.8827035372321294e-09
3042.82,1.8038278734642537e-09
3042.83,1.7421577528487453e-09
3042.84,1.696136822921803e-09
3042.85,1.6646062728019155e-09
3042.86,1.6468020824190445e-09
3042.87,1.6423411351802957e-09
3042.88,1.6512121300489365e-09
3042.89,1.6737789594857975e-09
3042.9,1.7108007041192707e-09
3042.91,1.7634714049339038e-09
3042.92,1.8334830848792107e-09
3042.93,1.923116467645512e-09
3042.94,2.0353650897489023e-09
3042.95,2.174099590198981e-09
3042.96,2.344279084873266e-09
3042.97,2.552213955036524e-09
3042.98,2.8058753851111047e-09
3042.99,3.115223855230492e-09
3043.0,3.4924761722347124e-09
3043.01,3.9521197938564185e-09
3043.02,4.5102662730551996e-09
3043.03,5.182551692056833e-09
3043.04,5.979228362977714e-09
3043.05,6.8956105776735525e-09
3043.06,7.89670768738776e-09
3043.07,8.899112359019549e-09
3043.08,9.763061123553057e-09
3043.09,1.031683216732643e-08
3043.1,1.0422925102031924e-08
3043.11,1.005088458606498e-08
3043.12,9.294763157036413e-09
3043.13,8.319266415395678e-09
3043.14,7.284550589229971e-09
3043.15,6.3015611764401465e-09
3043.16,5.426689560358636e-09
3043.17,4.676888761888766e-09
3043.18,4.047233734353772e-09
3043.19,3.5234371666577043e-09
3043.2,3.088864827754789e-09
3043.21,2.72780734136966e-09
3043.22,2.4266838900642735e-09
3043.23,2.1742532439466507e-09
3043.24,1.9614131631519963e-09
3043.25,1.7808697066007133e-09
3043.26,1.626799757477518e-09
3043.27,1.4945532648879476e-09
3043.28,1.3804070450133552e-09
3043.29,1.2813677735789705e-09
3043.3,1.195016981296108e-09
3043.31,1.1193900842234743e-09
3043.32,1.0528822536421315e-09
3043.33,9.941751533467548e-10
3043.34,9.421797906955582e-10
3043.35,8.959917814662774e-10
3043.36,8.548561822119935e-10
3043.37,8.181397131641265e-10
3043.38,7.853087095892259e-10
3043.39,7.55911532160833e-10
3043.4,7.295644646188264e-10
3043.41,7.0594035278497e-10
3043.42,6.847594101066693e-10
3043.43,6.657817451607217e-10
3043.44,6.488012658222382e-10
3043.45,6.336406910351027e-10
3043.46,6.201474597780296e-10
3043.47,6.081903724414673e-10
3043.48,5.97656835441468e-10
3043.49,5.884506081407281e-10
3043.5,5.804899737365183e-10
3043.51,5.737062743257285e-10
3043.52,5.68042765912551e-10
3043.53,5.634537627643259e-10
3043.54,5.576374947802219e-10
3043.55,5.551166667238696e-10
3043.56,5.53594985198305e-10
3043.57,5.530678587828903e-10
3043.58,5.535416296286238e-10
3043.59,5.550345414157942e-10
3043.6,5.575781807724182e-10
3043.61,5.612195080697017e-10
3043.62,5.66023633299344e-10
3043.63,5.720775398925706e-10
3043.64,5.794950094869426e-10
3043.65,5.884230395736756e-10
3043.66,5.990500365566022e-10
3043.67,6.116159215361906e-10
3043.68,6.264238093967213e-10
3043.69,6.438516956339104e-10
3043.7,6.643597615211973e-10
3043.71,6.884829004385984e-10
3043.72,7.164509064947534e-10
3043.73,7.494092704769861e-10
3043.74,7.871319681453943e-10
3043.75,8.288899347893231e-10
3043.76,8.724629901161535e-10
3043.77,9.136965414681206e-10
3043.78,9.470962546336489e-10
3043.79,9.68050826575147e-10
3043.8,9.755697395672735e-10
3043.81,9.730095368341955e-10
3043.82,9.660074803705145e-10
3043.83,9.597400648078888e-10
3043.84,9.57554594737756e-10
3043.85,9.610395863067462e-10
3043.86,9.706573343746331e-10
3043.87,9.863285105440181e-10
3043.88,1.0151595750444443e-09
3043.89,1.0422388572710499e-09
3043.9,1.074736937096724e-09
3043.91,1.1126343752087534e-09
3043.92,1.1560417693321208e-09
3043.93,1.2051992779231383e-09
3043.94,1.260476574872112e-09
3043.95,1.3223763785724616e-09
3043.96,1.3915429900968213e-09
3043.97,1.4687766913802668e-09
3043.98,1.5550548185477451e-09
3043.99,1.6515605717918476e-09
3044.0,1.759721045595923e-09
3044.01,1.881256533357925e-09
3044.02,2.018243892672123e-09
3044.03,2.1731976852744852e-09
3044.04,2.3491739723308864e-09
3044.05,2.549903087007996e-09
3044.06,2.7799594176660056e-09
3044.07,3.044978107767261e-09
3044.08,3.351930248552177e-09
3044.09,3.710123474838741e-09
3044.1,4.129013160663805e-09
3044.11,4.62262289068536e-09
3044.12,5.207494235999641e-09
3044.13,5.903851723835561e-09
3044.14,6.731038343646169e-09
3044.15,7.72627823253418e-09
3044.16,8.913458792963225e-09
3044.17,1.031669491747705e-08
3044.18,1.1943490370577648e-08
3044.19,1.3763651720862527e-08
3044.2,1.567960994676022e-08
3044.21,1.7499926023494594e-08
3044.22,1.8946374184414928e-08
3044.23,1.9729571008877025e-08
3044.24,1.9681161706465018e-08
3044.25,1.8851039656460183e-08
3044.26,1.7479672101478024e-08
3044.27,1.5872722830082968e-08
3044.28,1.429573926359048e-08
3044.29,1.288820111560641e-08
3044.3,1.1737211238832365e-08
3044.31,1.0867089158952986e-08
3044.32,1.0276801944535703e-08
3044.33,9.95728900557688e-09
3044.34,9.900161471894005e-09
3044.35,1.01000346826308e-08
3044.36,1.0551460038375459e-08
3044.37,1.1239780590846328e-08
3044.38,1.2124544919030407e-08
3044.39,1.3116628044176024e-08
3044.4,1.4059203624044672e-08
3044.41,1.4736705402406864e-08
3044.42,1.4936437113282053e-08
3044.43,1.4547223046433216e-08
3044.44,1.3621839537229227e-08
3044.45,1.234322012352837e-08
3044.46,1.0926868363786572e-08
3044.47,9.540905673783762e-09
3044.48,8.281238763139515e-09
3044.49,7.1848311127555596e-09
3044.5,6.25303279306237e-09
3044.51,5.470279547702583e-09
3044.52,4.8153563349724525e-09
3044.53,4.267036510235034e-09
3044.54,3.806413637070694e-09
3044.55,3.4175549804065823e-09
3044.56,3.0874062893612346e-09
3044.57,2.8054195822612395e-09
3044.58,2.5631219090086594e-09
3044.59,2.3537149373985784e-09
3044.6,2.1717349095564315e-09
3044.61,2.012776252640455e-09
3044.62,1.8732720587580145e-09
3044.63,1.7503218673892673e-09
3044.64,1.6415574315321494e-09
3044.65,1.5450384669133715e-09
3044.66,1.4591719227565946e-09
3044.67,1.3824888033979412e-09
3044.68,1.3142414030588676e-09
3044.69,1.2533985168876166e-09
3044.7,1.1992662612306638e-09
3044.71,1.1513075770763169e-09
3044.72,1.1091298799976179e-09
3044.73,1.072476331893135e-09
3044.74,1.0412160926132652e-09
3044.75,1.0153239653412552e-09
3044.76,9.948301120535435e-10
3044.77,9.79469172867397e-10
3044.78,9.693900623405435e-10
3044.79,9.633478396826152e-10
3044.8,9.59175826357073e-10
3044.81,9.53368268938648e-10
3044.82,9.4184453313516e-10
3044.83,9.21818490638309e-10
3044.84,8.934831620940716e-10
3044.85,8.597924295446875e-10
3044.86,8.245787952441753e-10
3044.87,7.908426738206481e-10
3044.88,7.602127206797109e-10
3044.89,7.33225804396351e-10
3044.9,7.068390853140877e-10
3044.91,6.866351666360049e-10
3044.92,6.692164731744584e-10
3044.93,6.54184657507098e-10
3044.94,6.411959082595429e-10
3044.95,6.299660758586179e-10
3044.96,6.202650731502716e-10
3044.97,6.119081855168545e-10
3044.98,6.0474746302488e-10
3044.99,5.986642965525959e-10
3045.0,5.935633947364453e-10
3045.01,5.893680420746359e-10
3045.02,5.860164207230904e-10
3045.03,5.83458776493193e-10
3045.04,5.816552402568511e-10
3045.05,5.80574153231581e-10
3045.06,5.80190778689395e-10
3045.07,5.806204076907455e-10
3045.08,5.8158208046469e-10
3045.09,5.831999810848909e-10
3045.1,5.854692042699799e-10
3045.11,5.883886610450382e-10
3045.12,5.91960841768354e-10
3045.13,5.961916551609577e-10
3045.14,6.010903317785696e-10
3045.15,6.06669383566566e-10
3045.16,6.129446136273856e-10
3045.17,6.199351723436414e-10
3045.18,6.276636576295672e-10
3045.19,6.36156258498867e-10
3045.2,6.454429423541472e-10
3045.21,6.643750349834199e-10
3045.22,6.754111411597596e-10
3045.23,6.873569888756043e-10
3045.24,7.002604909060174e-10
3045.25,7.14175024654205e-10
3045.26,7.291599545596442e-10
3045.27,7.452812343571725e-10
3045.28,7.626121003462761e-10
3045.29,7.812338690375079e-10
3045.3,8.012368551926177e-10
3045.31,8.227214293637156e-10
3045.32,8.457992378567115e-10
3045.33,8.705946125458651e-10
3045.34,8.97246203569022e-10
3045.35,9.259088746388889e-10
3045.36,9.576393347072263e-10
3045.37,9.90870904481321e-10
3045.38,1.0266994626273978e-09
3045.39,1.0653708495028498e-09
3045.4,1.107162632535857e-09
3045.41,1.1523890460929138e-09
3045.42,1.2014068583995966e-09
3045.43,1.254622367399556e-09
3045.44,1.3124997778364866e-09
3045.45,1.3755712759715677e-09
3045.46,1.4444492010300608e-09
3045.47,1.5198408187711592e-09
3045.48,1.60256634067563e-09
3045.49,1.693581011439673e-09
3045.5,1.7940023218028923e-09
3045.51,1.9051437099178933e-09
3045.52,2.0285565163347036e-09
3045.53,2.1660824840496433e-09
3045.54,2.3199197834804735e-09
3045.55,2.4927064370198006e-09
3045.56,2.687626165540506e-09
3045.57,2.908543119897486e-09
3045.58,3.160173692496577e-09
3045.59,3.448305522391248e-09
3045.6,3.780075546402705e-09
3045.61,4.164319573352194e-09
3045.62,4.612003195995118e-09
3045.63,5.136733174222186e-09
3045.64,5.755319811294442e-09
3045.65,6.488294397589087e-09
3045.66,7.36014362719162e-09
3045.67,8.398739353273437e-09
3045.68,9.632924235153494e-09
3045.69,1.1086400937525778e-08
3045.7,1.2765190993140456e-08
3045.71,1.4636183544594225e-08
3045.72,1.65988828928084e-08
3045.73,1.84655581461677e-08
3045.74,1.9982378639232834e-08
3045.75,2.0918077183842665e-08
3045.76,2.1187370868130366e-08
3045.77,2.0912190670196946e-08
3045.78,2.03626869535373e-08
3045.79,1.9835046735526347e-08
3045.8,1.955583415077303e-08
3045.81,1.9677305237445063e-08
3045.82,2.0248409112299147e-08
3045.83,2.1244126610438962e-08
3045.84,2.2547649791342597e-08
3045.85,2.3929306571791517e-08
3045.86,2.504970723364945e-08
3045.87,2.5533159933023013e-08
3045.88,2.51160985995869e-08
3045.89,2.3792852619117632e-08
3045.9,2.1769383968646074e-08
3045.91,1.940058922829863e-08
3045.92,1.6994433246695565e-08
3045.93,1.4751121272203854e-08
3045.94,1.2765241153530864e-08
3045.95,1.1059335744613728e-08
3045.96,9.617297018265905e-09
3045.97,8.407003097173957e-09
3045.98,7.392812256147334e-09
3045.99,6.541388615448766e-09
3046.0,5.8238489253511175e-09
3046.01,5.2158850208442756e-09
3046.02,4.6982977754312e-09
3046.03,4.2549365692196056e-09
3046.04,3.87296879845226e-09
3046.05,3.5420455071428076e-09
3046.06,3.2538002065769847e-09
3046.07,3.001443057652147e-09
3046.08,2.7794379444641085e-09
3046.09,2.5832477365782487e-09
3046.1,2.4091340471650994e-09
3046.11,2.253999873558999e-09
3046.12,2.1152657180439696e-09
3046.13,1.9907717636259563e-09
3046.14,1.8787003207814726e-09
3046.15,1.7775140701874736e-09
3046.16,1.6859066497437667e-09
3046.17,1.602762923553003e-09
3046.18,1.5271268767930204e-09
3046.19,1.4581755439434035e-09
3046.2,1.3951977330508101e-09
3046.21,1.33757658054297e-09
3046.22,1.284775180354683e-09
3046.23,1.236324692077494e-09
3046.24,1.1918144577037622e-09
3046.25,1.1508837532370748e-09
3046.26,1.109423049147452e-09
3046.27,1.0747593575269866e-09
3046.28,1.0428285857892072e-09
3046.29,1.0134106885869181e-09
3046.3,9.863839167188423e-10
3046.31,9.614274279852165e-10
3046.32,9.384597299148801e-10
3046.33,9.173428252852353e-10
3046.34,8.979536384075106e-10
3046.35,8.801823841770113e-10
3046.36,8.639311623659001e-10
3046.37,8.491127447589375e-10
3046.38,8.356495280854534e-10
3046.39,8.234726302157327e-10
3046.4,8.125211107496356e-10
3046.41,8.027413002569262e-10
3046.42,7.940862249837166e-10
3046.43,7.865151160620748e-10
3046.44,7.799929940915433e-10
3046.45,7.744903215862138e-10
3046.46,7.699827171431691e-10
3046.47,7.66626113988888e-10
3046.48,7.640561580840184e-10
3046.49,7.624370452504274e-10
3046.5,7.617632448539838e-10
3046.51,7.620337431055844e-10
3046.52,7.632520593934705e-10
3046.53,7.654263101374642e-10
3046.54,7.685693216424906e-10
3046.55,7.830679678937941e-10
3046.56,7.882712378614579e-10
3046.57,7.945125319237284e-10
3046.58,8.018257370328494e-10
3046.59,8.102508697875484e-10
3046.6,8.198345721231295e-10
3046.61,8.306306981929479e-10
3046.62,8.438658115258434e-10
3046.63,8.57288402433918e-10
3046.64,8.721358522284494e-10
3046.65,8.884990644128227e-10
3046.66,9.064810092300009e-10
3046.67,9.261982404185954e-10
3046.68,9.477826721034245e-10
3046.69,9.713836641748153e-10
3046.7,9.971704750572034e-10
3046.71,1.0253351539991966e-09
3046.72,1.056095961388463e-09
3046.73,1.0897014262729184e-09
3046.74,1.1264351761393648e-09
3046.75,1.1666217069132517e-09
3046.76,1.2106333027688597e-09
3046.77,1.2588983686881373e-09
3046.78,1.3119115069702986e-09
3046.79,1.3702457569015593e-09
3046.8,1.4344560800765884e-09
3046.81,1.5055442127359703e-09
3046.82,1.5843103118557642e-09
3046.83,1.6718289250148556e-09
3046.84,1.769371579323235e-09
3046.85,1.878450298198777e-09
3046.86,2.000872321232353e-09
3046.87,2.138809247916872e-09
3046.88,2.2948848050635664e-09
3046.89,2.4722866947570746e-09
3046.9,2.674909556281336e-09
3046.91,2.9075379625710578e-09
3046.92,3.1760804326857518e-09
3046.93,3.4878672217109407e-09
3046.94,3.85202499174442e-09
3046.95,4.279937689678983e-09
3046.96,4.78578921697812e-09
3046.97,5.387147601094535e-09
3046.98,6.105468357872182e-09
3046.99,6.966222974792192e-09
3047.0,7.998029901639453e-09
3047.01,9.22961592019796e-09
3047.02,1.0682732197639967e-08
3047.03,1.2358814689830698e-08
3047.04,1.4218533372769694e-08
3047.05,1.6157849256193697e-08
3047.06,1.7991059002484196e-08
3047.07,1.9458183301645853e-08
3047.08,2.0278789147810745e-08
3047.09,2.0258523225721327e-08
3047.1,1.939484238166961e-08
3047.11,1.78882425050338e-08
3047.12,1.6040353558766936e-08
3047.13,1.4127580957463615e-08
3047.14,1.2334041147332937e-08
3047.15,1.0750155089336411e-08
3047.16,9.400687438841651e-09
3047.17,8.275071526739254e-09
3047.18,7.347519199611629e-09
3047.19,6.588593042141984e-09
3047.2,5.970617550262477e-09
3047.21,5.469723849024584e-09
3047.22,5.066249260421984e-09
3047.23,4.744436565904511e-09
3047.24,4.491902558794676e-09
3047.25,4.299088990453591e-09
3047.26,4.158781238024938e-09
3047.27,4.0657207399908145e-09
3047.28,4.016312257652562e-09
3047.29,4.008418413577708e-09
3047.3,4.041232825756873e-09
3047.31,4.115225258228013e-09
3047.32,4.232155624999322e-09
3047.33,4.395157595921413e-09
3047.34,4.608896599680323e-09
3047.35,4.879476398176563e-09
3047.36,5.2161153206212e-09
3047.37,5.629575931615016e-09
3047.38,6.1340692804990106e-09
3047.39,6.747584674814008e-09
3047.4,7.492611505564786e-09
3047.41,8.396766521860267e-09
3047.42,9.492972468700583e-09
3047.43,1.0818435229725913e-08
3047.44,1.2410952110032151e-08
3047.45,1.429997810034871e-08
3047.46,1.6481353783419417e-08
3047.47,1.8916083952728017e-08
3047.48,2.1445253249977074e-08
3047.49,2.3786789775192187e-08
3047.5,2.5560622018286338e-08
3047.51,2.6350620245853973e-08
3047.52,2.596459746839877e-08
3047.53,2.449845904444829e-08
3047.54,2.229304119151956e-08
3047.55,1.975901629428046e-08
3047.56,1.722731651166808e-08
3047.57,1.489661562231203e-08
3047.58,1.285245190579524e-08
3047.59,1.1108626393619824e-08
3047.6,9.642590581313776e-09
3047.61,8.417883926495712e-09
3047.62,7.391225599143064e-09
3047.63,6.536924810837992e-09
3047.64,5.819973684427306e-09
3047.65,5.215361731398744e-09
3047.66,4.702744808500148e-09
3047.67,4.265713367875209e-09
3047.68,3.8910702106641894e-09
3047.69,3.5681970761511745e-09
3047.7,3.2885292948716645e-09
3047.71,3.045132574041255e-09
3047.72,2.832367281614411e-09
3047.73,2.6456241720236068e-09
3047.74,2.4811169695969634e-09
3047.75,2.33571958444195e-09
3047.76,2.2068381244483136e-09
3047.77,2.092309962688266e-09
3047.78,1.9903238429781277e-09
3047.79,1.8992813877463244e-09
3047.8,1.818046851410595e-09
3047.81,1.745455032502406e-09
3047.82,1.680580006781958e-09
3047.83,1.6226331679306736e-09
3047.84,1.5709417562589151e-09
3047.85,1.5249313870261236e-09
3047.86,1.4841118036341447e-09
3047.87,1.4480652504554145e-09
3047.88,1.4164369919104817e-09
3047.89,1.4025885442235024e-09
3047.9,1.3790327705617178e-09
3047.91,1.359140189301419e-09
3047.92,1.3427449660553052e-09
3047.93,1.3297187305791474e-09
3047.94,1.3199686352325384e-09
3047.95,1.3134362886293493e-09
3047.96,1.310097567529852e-09
3047.97,1.3099633514121457e-09
3047.98,1.313081269675271e-09
3047.99,1.3196812876120033e-09
3048.0,1.3296099507765513e-09
3048.01,1.3431901727325326e-09
3048.02,1.360660456677627e-09
3048.03,1.3823268685217398e-09
3048.04,1.4085754849591207e-09
3048.05,1.439887088362031e-09
3048.06,1.4768529023093094e-09
3048.07,1.5201878287989079e-09
3048.08,1.5707327166947959e-09
3048.09,1.6294275740219543e-09
3048.1,1.6972209639089549e-09
3048.11,1.7748580402842182e-09
3048.12,1.8624772120005784e-09
3048.13,1.9590006634661573e-09
3048.14,2.061536456637153e-09
3048.15,2.1654471786229482e-09
3048.16,2.2659232851312517e-09
3048.17,2.3608766197576213e-09
3048.18,2.45307557489768e-09
3048.19,2.549474749807184e-09
3048.2,2.65849442142666e-09
3048.21,2.7877391088335315e-09
3048.22,2.94336891846192e-09
3048.23,3.130635292991912e-09
3048.24,3.3547497038247315e-09
3048.25,3.6216638968548154e-09
3048.26,3.9386947010498105e-09
3048.27,4.315054467229432e-09
3048.28,4.762345435702589e-09
3048.29,5.295019245708107e-09
3048.3,5.930705623279835e-09
3048.31,6.69015599479824e-09
3048.32,7.596313244833435e-09
3048.33,8.671793302124814e-09
3048.34,9.934234028482743e-09
3048.35,1.1390323074909294e-08
3048.36,1.3031983904192349e-08
3048.37,1.4838389952776438e-08
3048.38,1.6778090635674833e-08
3048.39,1.8792332788430007e-08
3048.4,2.075091578488175e-08
3048.41,2.241288557971652e-08
3048.42,2.3454000456625115e-08
3048.43,2.35919022857371e-08
3048.44,2.274370881768971e-08
3048.45,2.108298553552178e-08
3048.46,1.8943097808275122e-08
3048.47,1.6660786561595292e-08
3048.48,1.4476382265960485e-08
3048.49,1.2517166436510717e-08
3048.5,1.0826057949373439e-08
3048.51,9.397401494503142e-09
3048.52,8.203424418051924e-09
3048.53,7.209662481523501e-09
3048.54,6.382544967031382e-09
3048.55,5.69245832438323e-09
3048.56,5.114528332969719e-09
3048.57,4.628387862495332e-09
3048.58,4.217574587938882e-09
3048.59,3.868858057870396e-09
3048.6,3.5716200269525124e-09
3048.61,3.3173285071988248e-09
3048.62,3.0991092378655295e-09
3048.63,2.911404021612615e-09
3048.64,2.7497013975971898e-09
3048.65,2.6103254757438594e-09
3048.66,2.4902706692956634e-09
3048.67,2.387072304623875e-09
3048.68,2.2987051654102643e-09
3048.69,2.2230332600805264e-09
3048.7,2.1596323341396644e-09
3048.71,2.106907734213489e-09
3048.72,2.0639471183243787e-09
3048.73,2.03001609892981e-09
3048.74,2.0045343170628637e-09
3048.75,1.987056976588234e-09
3048.76,1.977260905243406e-09
3048.77,1.974934452716605e-09
3048.78,1.9799707327597337e-09
3048.79,1.9923638797922857e-09
3048.8,2.0122081318526726e-09
3048.81,2.0396996803503016e-09
3048.82,2.0751413511893277e-09
3048.83,2.11895030922843e-09
3048.84,2.1718561657684017e-09
3048.85,2.2341686580835708e-09
3048.86,2.306916462930933e-09
3048.87,2.391126768149055e-09
3048.88,2.488042872722909e-09
3048.89,2.5991639344862086e-09
3048.9,2.7262950183223716e-09
3048.91,2.871610139230022e-09
3048.92,3.037731808051086e-09
3048.93,3.2278316406435315e-09
3048.94,3.4457579469569697e-09
3048.95,3.6961979355749237e-09
3048.96,3.978924041497869e-09
3048.97,4.312935129945926e-09
3048.98,4.700918581315626e-09
3048.99,5.153626500564474e-09
3049.0,5.684408129267631e-09
3049.01,6.309858780620487e-09
3049.02,7.050583131363186e-09
3049.03,7.93202426108308e-09
3049.04,8.985210619335507e-09
3049.05,1.0247065548916199e-08
3049.06,1.1759517084877443e-08
3049.07,1.3565909637850383e-08
3049.08,1.570205352190339e-08
3049.09,1.817788121285041e-08
3049.1,2.095986923101291e-08
3049.11,2.3860078711204085e-08
3049.12,2.6616742159729195e-08
3049.13,2.8792578524493537e-08
3049.14,2.9933845052206176e-08
3049.15,2.975934547552891e-08
3049.16,2.8315644206358785e-08
3049.17,2.5951788751690838e-08
3049.18,2.312806308511044e-08
3049.19,2.0244982319236234e-08
3049.2,1.755599209463458e-08
3049.21,1.5179743329425045e-08
3049.22,1.3144872233713973e-08
3049.23,1.1432130317000295e-08
3049.24,1.0015830540980513e-08
3049.25,8.825773740095924e-09
3049.26,7.834525683523293e-09
3049.27,7.006775103925134e-09
3049.28,6.313105311853594e-09
3049.29,5.729516720827639e-09
3049.3,5.236635800036068e-09
3049.31,4.8191823547300076e-09
3049.32,4.4640917991384846e-09
3049.33,4.1616136767366616e-09
3049.34,3.903673130199188e-09
3049.35,3.6837598559791126e-09
3049.36,3.4966169539763367e-09
3049.37,3.337997765863201e-09
3049.38,3.2044766002524636e-09
3049.39,3.0933019556689035e-09
3049.4,3.0022833169649056e-09
3049.41,2.929704682279366e-09
3049.42,2.87425967700903e-09
3049.43,2.8350044848158144e-09
3049.44,2.81132593876159e-09
3049.45,2.8029230286989067e-09
3049.46,2.809800834163124e-09
3049.47,2.8322764939022365e-09
3049.48,2.8709972219033886e-09
3049.49,2.9269704090089655e-09
3049.5,3.001605119166034e-09
3049.51,3.0967619924426775e-09
3049.52,3.2148031888920867e-09
3049.53,3.3586231025339684e-09
3049.54,3.5316214340601596e-09
3049.55,3.737554135207527e-09
3049.56,3.980184073457012e-09
3049.57,4.262718072359898e-09
3049.58,4.587284544680833e-09
3049.59,4.95520674460806e-09
3049.6,5.369038584189819e-09
3049.61,5.8361287692375565e-09
3049.62,6.3710952294195745e-09
3049.63,6.994186814107995e-09
3049.64,7.725512714085914e-09
3049.65,8.577627567818447e-09
3049.66,9.549052844481519e-09
3049.67,1.0622583421548846e-08
3049.68,1.1775217580905857e-08
3049.69,1.3000509501253472e-08
3049.7,1.433239410558082e-08
3049.71,1.5841439625425494e-08
3049.72,1.7600852792993604e-08
3049.73,1.9637493655516185e-08
3049.74,2.1883160511583478e-08
3049.75,2.4134441406115076e-08
3049.76,2.604508155744528e-08
3049.77,2.7196400929105946e-08
3049.78,2.7261660717098057e-08
3049.79,2.6177991981261827e-08
3049.8,2.418117135887204e-08
3049.81,2.1670708123802973e-08
3049.82,1.9029401810096322e-08
3049.83,1.6520690572354082e-08
3049.84,1.4279182511547938e-08
3049.85,1.2346837090936022e-08
3049.86,1.0713574823646132e-08
3049.87,9.346242962887148e-09
3049.88,8.205175826572581e-09
3049.89,7.252211830606504e-09
3049.9,6.4538597907462794e-09
3049.91,5.782042837932707e-09
3049.92,5.213777224884629e-09
3049.93,4.730471354993686e-09
3049.94,4.3171614662275805e-09
3049.95,3.961813633698905e-09
3049.96,3.654733253088082e-09
3049.97,3.3880843775703962e-09
3049.98,3.1555063982415886e-09
3049.99,2.951811567881357e-09
3050.0,2.7727474468075345e-09
3050.01,2.6148105524289676e-09
3050.02,2.475100015250529e-09
3050.03,2.3512023634247962e-09
3050.04,2.2404522645827495e-09
3050.05,2.1424576476197987e-09
3050.06,2.055139763831944e-09
3050.07,1.977293282434693e-09
3050.08,1.907896828070418e-09
3050.09,1.8460833250677719e-09
3050.1,1.7911160811000928e-09
3050.11,1.7423694831522366e-09
3050.12,1.699313432758008e-09
3050.13,1.6615008426788092e-09
3050.14,1.6285576667506294e-09
3050.15,1.6001750458195214e-09
3050.16,1.5761032292321442e-09
3050.17,1.5561469702486437e-09
3050.18,1.5401620850062964e-09
3050.19,1.5280527857792906e-09
3050.2,1.5197692108577958e-09
3050.21,1.5153042107837696e-09
3050.22,1.5146878209396895e-09
3050.23,1.5179768440646712e-09
3050.24,1.5252355239265657e-09
3050.25,1.536501602879575e-09
3050.26,1.5517310227689935e-09
3050.27,1.5707165708101433e-09
3050.28,1.5929855621875908e-09
3050.29,1.617704784574296e-09
3050.3,1.6436562912420013e-09
3050.31,1.6620904750641263e-09
3050.32,1.6862392796740934e-09
3050.33,1.707959363284816e-09
3050.34,1.7273487784408487e-09
3050.35,1.745435980490167e-09
3050.36,1.7638464160424516e-09
3050.37,1.7843388355773604e-09
3050.38,1.8084535053393435e-09
3050.39,1.8373684943506604e-09
3050.4,1.8719209887145708e-09
3050.41,1.9127059339652507e-09
3050.42,1.9601860743043788e-09
3050.43,2.0147832006855947e-09
3050.44,2.076944661616001e-09
3050.45,2.1471898179583056e-09
3050.46,2.2285935819144937e-09
3050.47,2.3170290946696617e-09
3050.48,2.4158465924300606e-09
3050.49,2.5261469134815545e-09
3050.5,2.64924794392028e-09
3050.51,2.7870133276722187e-09
3050.52,2.940742714654015e-09
3050.53,3.1129669937124965e-09
3050.54,3.3063694508310264e-09
3050.55,3.5241701927550227e-09
3050.56,3.770247664715419e-09
3050.57,4.049292744510801e-09
3050.58,4.367004546049823e-09
3050.59,4.745018674710986e-09
3050.6,5.162597376263778e-09
3050.61,5.6448370678775035e-09
3050.62,6.204725599092417e-09
3050.63,6.85835957661369e-09
3050.64,7.625701925021721e-09
3050.65,8.531451144448875e-09
3050.66,9.605938773088551e-09
3050.67,1.088583026477182e-08
3050.68,1.241411702705751e-08
3050.69,1.4238340357884171e-08
3050.7,1.6420348971983872e-08
3050.71,1.896242525066481e-08
3050.72,2.1874267940117994e-08
3050.73,2.507190154117593e-08
3050.74,2.8342295323813203e-08
3050.75,3.1310261186589924e-08
3050.76,3.3466310049752614e-08
3050.77,3.436714659702559e-08
3050.78,3.379358672235853e-08
3050.79,3.191079516966767e-08
3050.8,2.9164060264994233e-08
3050.81,2.6060547473719798e-08
3050.82,2.2997933284756853e-08
3050.83,2.021122309285265e-08
3050.84,1.780049792195494e-08
3050.85,1.5781590033778553e-08
3050.86,1.4128267356324262e-08
3050.87,1.2798831600766461e-08
3050.88,1.1750253907821445e-08
3050.89,1.0944617794541725e-08
3050.9,1.0351449173188324e-08
3050.91,9.94805514546374e-09
3050.92,9.718925829658692e-09
3050.93,9.654549531956894e-09
3050.94,9.749486369678101e-09
3050.95,9.999142327137274e-09
3050.96,1.0394525813503666e-08
3050.97,1.0915000522810459e-08
3050.98,1.1521838936999093e-08
3050.99,1.2160143931766012e-08
3051.0,1.277767126159539e-08
3051.01,1.3356335912501591e-08
3051.02,1.3932412071435643e-08
3051.03,1.4585661692287977e-08
3051.04,1.540929447859206e-08
3051.05,1.648749084610592e-08
3051.06,1.788847864073853e-08
3051.07,1.9660500001291513e-08
3051.08,2.1816198105315506e-08
3051.09,2.4299836841437064e-08
3051.1,2.6941925918610997e-08
3051.11,2.9422708986240077e-08
3051.12,3.1291958656970725e-08
3051.13,3.209460898823128e-08
3051.14,3.157554497026814e-08
3051.15,2.982050495529392e-08
3051.16,2.7204000726385055e-08
3051.17,2.419411533011131e-08
3051.18,2.1176731030682348e-08
3051.19,1.8388264210457522e-08
3051.2,1.5933402176297213e-08
3051.21,1.3831634119367834e-08
3051.22,1.2058453276301426e-08
3051.23,1.057199532337454e-08
3051.24,9.327343636671698e-09
3051.25,8.283040890466421e-09
3051.26,7.403386342221461e-09
3051.27,6.658577906049343e-09
3051.28,6.024676244504716e-09
3051.29,5.481973551287747e-09
3051.3,5.014691395248333e-09
3051.31,4.6101071847816285e-09
3051.32,4.257937134024616e-09
3051.33,3.949837280607354e-09
3051.34,3.67900652260407e-09
3051.35,3.4402221241551084e-09
3051.36,3.2282003802870694e-09
3051.37,3.039489687393642e-09
3051.38,2.8709287106422313e-09
3051.39,2.7198727621083377e-09
3051.4,2.5832246921644886e-09
3051.41,2.460858802328362e-09
3051.42,2.350301301461693e-09
3051.43,2.2501929593610907e-09
3051.44,2.159370214252748e-09
3051.45,2.0768330875189785e-09
3051.46,2.0017190189447894e-09
3051.47,1.9332814321997633e-09
3051.48,1.8708720975653105e-09
3051.49,1.8139265578961333e-09
3051.5,1.7619520375361258e-09
3051.51,1.7145173738260632e-09
3051.52,1.67124460421e-09
3051.53,1.6318019154517244e-09
3051.54,1.595897719353051e-09
3051.55,1.563275665215506e-09
3051.56,1.533710436007746e-09
3051.57,1.5070042044966175e-09
3051.58,1.4829836494944778e-09
3051.59,1.461497451724272e-09
3051.6,1.4424142049606996e-09
3051.61,1.4256206915308746e-09
3051.62,1.4110204828905858e-09
3051.63,1.3985328360986506e-09
3051.64,1.3880918662827847e-09
3051.65,1.3796459838099564e-09
3051.66,1.3644134369835635e-09
3051.67,1.3599127474734014e-09
3051.68,1.3573359959035764e-09
3051.69,1.3566885296271927e-09
3051.7,1.3579913565623348e-09
3051.71,1.3612824234993031e-09
3051.72,1.3666183285212738e-09
3051.73,1.3740765219789662e-09
3051.74,1.3837580435167436e-09
3051.75,1.3957908143834614e-09
3051.76,1.4103334343757983e-09
3051.77,1.4306300801102257e-09
3051.78,1.4508304457290948e-09
3051.79,1.4742398150880749e-09
3051.8,1.5011726512632077e-09
3051.81,1.5319771314994321e-09
3051.82,1.5670149838612264e-09
3051.83,1.6066186289525125e-09
3051.84,1.651011774057696e-09
3051.85,1.7001777658294304e-09
3051.86,1.7536674359586858e-09
3051.87,1.8103677435906025e-09
3051.88,1.868316956439169e-09
3051.89,1.924738350514213e-09
3051.9,1.976491922461064e-09
3051.91,2.0209773446295313e-09
3051.92,2.0571480585003556e-09
3051.93,2.086030241442141e-09
3051.94,2.1103812032314637e-09
3051.95,2.149465953281572e-09
3051.96,2.1752626640542687e-09
3051.97,2.2060152461298257e-09
3051.98,2.243490690512205e-09
3051.99,2.2887777023378863e-09
3052.0,2.3425258307613623e-09
3052.01,2.4051581050931957e-09
3052.02,2.4770254873377743e-09
3052.03,2.5585077816110717e-09
3052.04,2.6500766190869724e-09
3052.05,2.7523355848819478e-09
3052.06,2.8660487336470496e-09
3052.07,2.992165074645309e-09
3052.08,3.1318440154476896e-09
3052.09,3.286485213599537e-09
3052.1,3.45776554112429e-09
3052.11,3.6476856837900825e-09
3052.12,3.858629117466104e-09
3052.13,4.0934367450819605e-09
3052.14,4.355501303944054e-09
3052.15,4.648886758191008e-09
3052.16,4.978479257603548e-09
3052.17,5.35017779900887e-09
3052.18,5.77154517359008e-09
3052.19,6.250902299013169e-09
3052.2,6.798414284835294e-09
3052.21,7.427502012258106e-09
3052.22,8.154010582767106e-09
3052.23,8.997136266264339e-09
3052.24,9.979770809139139e-09
3052.25,1.1128383885271328e-08
3052.26,1.247186599891245e-08
3052.27,1.403845947902466e-08
3052.28,1.584996146347423e-08
3052.29,1.7929643324645333e-08
3052.3,2.023344074905848e-08
3052.31,2.2751216247089853e-08
3052.32,2.5467942136681642e-08
3052.33,2.8406387972418127e-08
3052.34,3.162035140824418e-08
3052.35,3.513388274550578e-08
3052.36,3.885060634688107e-08
3052.37,4.248583395955228e-08
3052.38,4.558235713151314e-08
3052.39,4.7657008060222584e-08
3052.4,4.84417682125993e-08
3052.41,4.8046069775144796e-08
3052.42,4.695807174492107e-08
3052.43,4.575036487039624e-08
3052.44,4.490169796205217e-08
3052.45,4.466408715931637e-08
3052.46,4.502695118958419e-08
3052.47,4.571831934463515e-08
3052.48,4.6246087340311296e-08
3052.49,4.602961839993404e-08
3052.5,4.4631972909956725e-08
3052.51,4.197287952775054e-08
3052.52,3.834974470000037e-08
3052.53,3.4252240726199e-08
3052.54,3.013754127401183e-08
3052.55,2.6310599150011915e-08
3052.56,2.2918197248932985e-08
3052.57,1.999568944875784e-08
3052.58,1.75171717275016e-08
3052.59,1.5430726933725194e-08
3052.6,1.3678371102450095e-08
3052.61,1.220556065169689e-08
3052.62,1.0964779227489058e-08
3052.63,9.91615045949209e-09
3052.64,9.026710313609365e-09
3052.65,8.2691568637535e-09
3052.66,7.620471987195413e-09
3052.67,7.060653155293341e-09
3052.68,6.571803963537937e-09
3052.69,6.137873628023016e-09
3052.7,5.745192630861353e-09
3052.71,5.383486400789953e-09
3052.72,5.046548670971082e-09
3052.73,4.731852330182579e-09
3052.74,4.4391758948242704e-09
3052.75,4.168850755467821e-09
3052.76,3.921388157170621e-09
3052.77,3.69489455587497e-09
3052.78,3.4904571460215614e-09
3052.79,3.30528626925508e-09
3052.8,3.1375860507839845e-09
3052.81,2.985568692620994e-09
3052.82,2.84755508225002e-09
3052.83,2.7220217628489768e-09
3052.84,2.607614424978506e-09
3052.85,2.5031430100841487e-09
3052.86,2.4075680699699763e-09
3052.87,2.3199839574686804e-09
3052.88,2.2396018045920094e-09
3052.89,2.165733699622035e-09
3052.9,2.097778619351716e-09
3052.91,2.0352102285125775e-09
3052.92,1.9775664455414513e-09
3052.93,1.9244405865364103e-09
3052.94,1.8754738759361004e-09
3052.95,1.8303491204292412e-09
3052.96,1.7887853633257378e-09
3052.97,1.7505333616176706e-09
3052.98,1.7153717522272752e-09
3052.99,1.6831037961318949e-09
3053.0,1.6535546080452351e-09
3053.01,1.6265687955873458e-09
3053.02,1.59221993407902e-09
3053.03,1.5700284845290813e-09
3053.04,1.5500319282722091e-09
3053.05,1.5321354604238028e-09
3053.06,1.5162562651754124e-09
3053.07,1.5023226247785768e-09
3053.08,1.4939916855848038e-09
3053.09,1.4837980911178694e-09
3053.1,1.4753949279754412e-09
3053.11,1.4687487161816874e-09
3053.12,1.4638345847313712e-09
3053.13,1.4606361035341548e-09
3053.14,1.4591452162698095e-09
3053.15,1.4593622750562242e-09
3053.16,1.4612961802913442e-09
3053.17,1.4649646316595167e-09
3053.18,1.4703944992263739e-09
3053.19,1.4776223269006303e-09
3053.2,1.4866949844499101e-09
3053.21,1.4976704889303715e-09
3053.22,1.5106190219873127e-09
3053.23,1.5256241763404057e-09
3053.24,1.5427844730995245e-09
3053.25,1.5622152018508807e-09
3053.26,1.5840506479849503e-09
3053.27,1.6084467870964353e-09
3053.28,1.6355845447153381e-09
3053.29,1.6656737413772164e-09
3053.3,1.6989578677994354e-09
3053.31,1.7520875980241471e-09
3053.32,1.7927556853859573e-09
3053.33,1.8376160432134871e-09
3053.34,1.8871176009022415e-09
3053.35,1.941785751276449e-09
3053.36,2.00223569605685e-09
3053.37,2.0691869567383827e-09
3053.38,2.1434777383813932e-09
3053.39,2.226076289657556e-09
3053.4,2.3180836809972313e-09
3053.41,2.4207179466315308e-09
3053.42,2.5352629222825313e-09
3053.43,2.6629571981387845e-09
3053.44,2.80479401783252e-09
3053.45,2.9612147030904864e-09
3053.46,3.1317316100424884e-09
3053.47,3.314639315844636e-09
3053.48,3.507143853031688e-09
3053.49,3.706301259545586e-09
3053.5,3.910832157089286e-09
3053.51,4.12314079433213e-09
3053.52,4.350365529601574e-09
3053.53,4.6038108956478855e-09
3053.54,4.8972922524464955e-09
3053.55,5.245464339741014e-09
3053.56,5.6626365862670846e-09
3053.57,6.161624120587514e-09
3053.58,6.751517606702385e-09
3053.59,7.432994230947384e-09
3053.6,8.190174600368594e-09
3053.61,8.980156140884467e-09
3053.62,9.726647500877986e-09
3053.63,1.0330411450047742e-08
3053.64,1.0705842208566593e-08
3053.65,1.082513569919196e-08
3053.66,1.0739998553583964e-08
3053.67,1.0552380855337602e-08
3053.68,1.036843749999893e-08
3053.69,1.02682368291462e-08
3053.7,1.0300671432957412e-08
3053.71,1.0492339092207445e-08
3053.72,1.0858761614518318e-08
3053.73,1.1412959169429924e-08
3053.74,1.217088493749854e-08
3053.75,1.3154651634219803e-08
3053.76,1.4394406113978575e-08
3053.77,1.5929169750058075e-08
3053.78,1.780626114123183e-08
3053.79,2.007798092102381e-08
3053.8,2.279290110019812e-08
3053.81,2.5977439987300282e-08
3053.82,2.9602513754855722e-08
3053.83,3.353355559403614e-08
3053.84,3.747758096082157e-08
3053.85,4.0967045572396196e-08
3053.86,4.345409475393456e-08
3053.87,4.452365356988694e-08
3053.88,4.413483461187498e-08
3053.89,4.260387957847792e-08
3053.9,4.052461960537064e-08
3053.91,3.846461701344339e-08
3053.92,3.683783008078477e-08
3053.93,3.588336133485063e-08
3053.94,3.570612796348864e-08
3053.95,3.632182242211869e-08
3053.96,3.767593946353827e-08
3053.97,3.9625658061440035e-08
3053.98,4.1892482140539174e-08
3053.99,4.402413594514432e-08
3054.0,4.543413191152054e-08
3054.01,4.5570966374741465e-08
3054.02,4.41610418170249e-08
3054.03,4.134718160132888e-08
3054.04,3.7596743943499845e-08
3054.05,3.346459374446053e-08
3054.06,2.9383677410184413e-08
3054.07,2.5648425336278495e-08
3054.08,2.2360881152774958e-08
3054.09,1.953776553323818e-08
3054.1,1.7145002101923272e-08
3054.11,1.5128580726994043e-08
3054.12,1.3431267786500706e-08
3054.13,1.1998802110804129e-08
3054.14,1.0788662889800812e-08
3054.15,9.761400880200187e-09
3054.16,8.885999254067627e-09
3054.17,8.137365732695451e-09
3054.18,7.49531313238352e-09
3054.19,6.9436392901332896e-09
3054.2,6.469331648378749e-09
3054.21,6.061874862035934e-09
3054.22,5.7126146881902415e-09
3054.23,5.413894959741347e-09
3054.24,5.159251499982232e-09
3054.25,4.941296327323784e-09
3054.26,4.7518805735105626e-09
3054.27,4.5815008672372584e-09
3054.28,4.419802810348705e-09
3054.29,4.257276684544066e-09
3054.3,4.087652034825871e-09
3054.31,3.9095724769084915e-09
3054.32,3.726287530589075e-09
3054.33,3.5435543648949606e-09
3054.34,3.3671841099039026e-09
3054.35,3.201483614047789e-09
3054.36,3.0488438765217724e-09
3054.37,2.9099768739384784e-09
3054.38,2.784745598606195e-09
3054.39,2.672207123435008e-09
3054.4,2.5639558861302402e-09
3054.41,2.473500904270725e-09
3054.42,2.3923512494821844e-09
3054.43,2.3195105785571692e-09
3054.44,2.2541044176143108e-09
3054.45,2.19537739393584e-09
3054.46,2.1426829556536376e-09
3054.47,2.095470602796746e-09
3054.48,2.053273136379463e-09
3054.49,2.015695049574705e-09
3054.5,1.9824024619332753e-09
3054.51,1.9531146421375345e-09
3054.52,1.9275970062360598e-09
3054.53,1.905655421834909e-09
3054.54,1.8871316422761328e-09
3054.55,1.8718997111226622e-09
3054.56,1.8598632024510234e-09
3054.57,1.8509531895972518e-09
3054.58,1.8451268614145035e-09
3054.59,1.8423667296483556e-09
3054.6,1.8426803939413723e-09
3054.61,1.8461008526884087e-09
3054.62,1.8526873694009548e-09
3054.63,1.8625269263633163e-09
3054.64,1.8757363213630354e-09
3054.65,1.8924649905519474e-09
3054.66,1.912898672643464e-09
3054.67,1.937870661322682e-09
3054.68,1.96644465860618e-09
3054.69,2.016241141838686e-09
3054.7,2.0543722348925707e-09
3054.71,2.0978937009252685e-09
3054.72,2.147360019749022e-09
3054.73,2.2034323449751264e-09
3054.74,2.2669008693629825e-09
3054.75,2.3387130294391026e-09
3054.76,2.420009207324459e-09
3054.77,2.5121680780962113e-09
3054.78,2.6168643636681e-09
3054.79,2.7361424874870064e-09
3054.8,2.8725104297331632e-09
3054.81,3.0290587999350005e-09
3054.82,3.2096103686920474e-09
3054.83,3.418904102693512e-09
3054.84,3.66281311916245e-09
3054.85,3.948583738698519e-09
3054.86,4.285054627740628e-09
3054.87,4.682755065617282e-09
3054.88,5.153662203105928e-09
3054.89,5.710179264536321e-09
3054.9,6.362549926303884e-09
3054.91,7.1135239991572325e-09
3054.92,7.949085049216576e-09
3054.93,8.825703541202747e-09
3054.94,9.659788907527771e-09
3054.95,1.0333021868917976e-08
3054.96,1.07276899595279e-08
3054.97,1.0783387297632335e-08
3054.98,1.0533415783977827e-08
3054.99,1.0086405278284863e-08
3055.0,9.571187239293702e-09
3055.01,9.090942197503996e-09
3055.02,8.70814561331137e-09
3055.03,8.451229276823881e-09
3055.04,8.327298716097562e-09
3055.05,8.332442160707258e-09
3055.06,8.457971292145915e-09
3055.07,8.693937141287463e-09
3055.08,9.03188198567931e-09
3055.09,9.468170433236915e-09
3055.1,1.000828180131587e-08
3055.11,1.0667421520440067e-08
3055.12,1.1473755303274416e-08
3055.13,1.2464448304905461e-08
3055.14,1.3683941708990313e-08
3055.15,1.5182507691207826e-08
3055.16,1.701493206956413e-08
3055.17,1.923705663940758e-08
3055.18,2.1896573660034377e-08
3055.19,2.501309921090261e-08
3055.2,2.8542120461074732e-08
3055.21,3.2321846073911956e-08
3055.22,3.601856197439675e-08
3055.23,3.9117473628889644e-08
3055.24,4.1026282069407935e-08
3055.25,4.130427046161142e-08
3055.26,3.988995309264532e-08
3055.27,3.713627779597045e-08
3055.28,3.362025964401924e-08
3055.29,2.98953636019769e-08
3055.3,2.6349160324389903e-08
3055.31,2.3187477796806105e-08
3055.32,2.0482671229996474e-08
3055.33,1.8229984670170628e-08
3055.34,1.6388772462443503e-08
3055.35,1.4906375351306635e-08
3055.36,1.3729348382833508e-08
3055.37,1.2807016919996534e-08
3055.38,1.2091256952107639e-08
3055.39,1.1535972538176979e-08
3055.4,1.1099524616860585e-08
3055.41,1.075106442535383e-08
3055.42,1.0476771709229266e-08
3055.43,1.0279887842639234e-08
3055.44,1.0173923426557333e-08
3055.45,1.0190384553624154e-08
3055.46,1.0312699703330333e-08
3055.47,1.056943647072766e-08
3055.48,1.0974403105106144e-08
3055.49,1.1543174829485805e-08
3055.5,1.2300027745195931e-08
3055.51,1.3271930322322007e-08
3055.52,1.4494610589809504e-08
3055.53,1.601155738149003e-08
3055.54,1.7872638014482034e-08
3055.55,2.012928832896096e-08
3055.56,2.2823120913752082e-08
3055.57,2.596327570330761e-08
3055.58,2.9487773655815543e-08
3055.59,3.320991341431756e-08
3055.6,3.676920416443796e-08
3055.61,3.96369406618816e-08
3055.62,4.123801182661017e-08
3055.63,4.1183027961970684e-08
3055.64,3.947071724787049e-08
3055.65,3.6488337178900155e-08
3055.66,3.280970719063279e-08
3055.67,2.8962840331370292e-08
3055.68,2.5307638779822998e-08
3055.69,2.2029976375399902e-08
3055.7,1.9176108641732206e-08
3055.71,1.6764484974800885e-08
3055.72,1.4736939718047439e-08
3055.73,1.3044964688436527e-08
3055.74,1.1625525517124398e-08
3055.75,1.0437157772952696e-08
3055.76,9.440469491082465e-09
3055.77,8.589890762800688e-09
3055.78,7.885868663524637e-09
3055.79,7.294185631887223e-09
3055.8,6.7981526108457e-09
3055.81,6.3843284590410675e-09
3055.82,6.041558010506578e-09
3055.83,5.759933208454229e-09
3055.84,5.529483776370831e-09
3055.85,5.339535016744407e-09
3055.86,5.176979575301017e-09
3055.87,5.027058840786587e-09
3055.88,4.87524377390843e-09
3055.89,4.7108059777330136e-09
3055.9,4.530023145979869e-09
3055.91,4.3366497849237344e-09
3055.92,4.139210530819059e-09
3055.93,3.947092889876412e-09
3055.94,3.767722871100857e-09
3055.95,3.6055978790072547e-09
3055.96,3.462630611297169e-09
3055.97,3.338974681953084e-09
3055.98,3.233809607948524e-09
3055.99,3.1459036501772346e-09
3056.0,3.0739575512367227e-09
3056.01,3.016790515968986e-09
3056.02,2.973429426083068e-09
3056.03,2.9431453937830188e-09
3056.04,2.9254654133945138e-09
3056.05,2.920175342781154e-09
3056.06,2.9273234126834e-09
3056.07,2.9637017791583082e-09
3056.08,2.99707464853072e-09
3056.09,3.0447484267698065e-09
3056.1,3.1080215371540185e-09
3056.11,3.1886232948272036e-09
3056.12,3.2888004484942507e-09
3056.13,3.4114313531707898e-09
3056.14,3.560173572399357e-09
3056.15,3.739650463119558e-09
3056.16,3.955679597017739e-09
3056.17,4.215537516692158e-09
3056.18,4.5282347919286525e-09
3056.19,4.904729902808868e-09
3056.2,5.357916778553627e-09
3056.21,5.9020406701074565e-09
3056.22,6.55088293578626e-09
3056.23,7.313598900745504e-09
3056.24,8.186698500317395e-09
3056.25,9.141152339357473e-09
3056.26,1.0106873353474136e-08
3056.27,1.096469122435054e-08
3056.28,1.1564298620851512e-08
3056.29,1.1778826727075423e-08
3056.3,1.1570694593349309e-08
3056.31,1.101430497598914e-08
3056.32,1.0253550265772051e-08
3056.33,9.434965636735088e-09
3056.34,8.66185118777012e-09
3056.35,7.9915583205686e-09
3056.36,7.444873495431749e-09
3056.37,7.022087984876765e-09
3056.38,6.714337507916281e-09
3056.39,6.5102432169824024e-09
3056.4,6.399231185270412e-09
3056.41,6.372953198737088e-09
3056.42,6.4257682745500445e-09
3056.43,6.554830554934597e-09
3056.44,6.760066587279439e-09
3056.45,7.044181430400449e-09
3056.46,7.412761884238001e-09
3056.47,7.874513041093631e-09
3056.48,8.441651113697583e-09
3056.49,9.130468705671088e-09
3056.5,9.962078532923441e-09
3056.51,1.0963315933599006e-08
3056.52,1.2167718912062336e-08
3056.53,1.3616369438068246e-08
3056.54,1.535810370223462e-08
3056.55,1.7448781357554867e-08
3056.56,1.994339747657826e-08
3056.57,2.2888295529741977e-08
3056.58,2.6294321114527666e-08
3056.59,3.009637339626025e-08
3056.6,3.4097585045877914e-08
3056.61,3.791738733974938e-08
3056.62,4.100098762782715e-08
3056.63,4.275167288500266e-08
3056.64,4.277609137463689e-08
3056.65,4.1089654006975e-08
3056.66,3.810445982669651e-08
3056.67,3.4410968920768475e-08
3056.68,3.053962519342344e-08
3056.69,2.6844264699150742e-08
3056.7,2.350565027714078e-08
3056.71,2.0586142554013267e-08
3056.72,1.8083007304671173e-08
3056.73,1.5963207542703765e-08
3056.74,1.4182302781145331e-08
3056.75,1.2694076728758218e-08
3056.76,1.1455360544058945e-08
3056.77,1.0428245879017566e-08
3056.78,9.58076067778536e-09
3056.79,8.886610442132041e-09
3056.8,8.324311357801509e-09
3056.81,7.875813604849905e-09
3056.82,7.524551903366517e-09
3056.83,7.250470199024661e-09
3056.84,7.037118890589319e-09
3056.85,6.855933696589709e-09
3056.86,6.6790681789911485e-09
3056.87,6.484955485579299e-09
3056.88,6.26669249965164e-09
3056.89,6.033377366000636e-09
3056.9,5.802917068964996e-09
3056.91,5.59275501642119e-09
3056.92,5.414703268370309e-09
3056.93,5.274516318899303e-09
3056.94,5.173738647272065e-09
3056.95,5.111750559822975e-09
3056.96,5.0872237602127975e-09
3056.97,5.0989627208662385e-09
3056.98,5.1463327651833936e-09
3056.99,5.2294636587977646e-09
3057.0,5.349353383066962e-09
3057.01,5.507943781945818e-09
3057.02,5.708207489213415e-09
3057.03,5.969037123583013e-09
3057.04,6.266429715418618e-09
3057.05,6.628066015644801e-09
3057.06,7.050862526243236e-09
3057.07,7.551923753282036e-09
3057.08,8.145189234840982e-09
3057.09,8.848041766555891e-09
3057.1,9.6820943448018e-09
3057.11,1.0674096861040451e-08
3057.12,1.1856883425264893e-08
3057.13,1.3270150032298479e-08
3057.14,1.4961385924190414e-08
3057.15,1.6981208112642387e-08
3057.16,1.9368662472526784e-08
3057.17,2.2194394312586104e-08
3057.18,2.545269365889602e-08
3057.19,2.9079500487081117e-08
3057.2,3.2886817136361736e-08
3057.21,3.651554862222726e-08
3057.22,3.9443244875371966e-08
3057.23,4.1105042884990164e-08
3057.24,4.112009331103818e-08
3057.25,3.9487598460613413e-08
3057.26,3.658735968141689e-08
3057.27,3.2984336735267606e-08
3057.28,2.9201966791264647e-08
3057.29,2.560063803875199e-08
3057.3,2.2369558507674275e-08
3057.31,1.9573461346037907e-08
3057.32,1.7205045141404394e-08
3057.33,1.5223354215344135e-08
3057.34,1.3561173451794024e-08
3057.35,1.2198242501409588e-08
3057.36,1.1073686054477862e-08
3057.37,1.0149331867657439e-08
3057.38,9.394121904953022e-09
3057.39,8.783313612601383e-09
3057.4,8.297435893352259e-09
3057.41,7.921148452216095e-09
3057.42,7.641995958079964e-09
3057.43,7.448985818110832e-09
3057.44,7.330980265745456e-09
3057.45,7.2908609773402566e-09
3057.46,7.28217321088498e-09
3057.47,7.304429454404498e-09
3057.48,7.34481533767418e-09
3057.49,7.399417308813866e-09
3057.5,7.476750348530287e-09
3057.51,7.596531505643479e-09
3057.52,7.784781772016423e-09
3057.53,8.068680787613597e-09
3057.54,8.473230321692606e-09
3057.55,9.018972989198192e-09
3057.56,9.718293840122115e-09
3057.57,1.056751135817768e-08
3057.58,1.153297391662471e-08
3057.59,1.2533277148441001e-08
3057.6,1.3428729700500215e-08
3057.61,1.4039506037723254e-08
3057.62,1.4207110833200543e-08
3057.63,1.3873532371311243e-08
3057.64,1.3114604580650219e-08
3057.65,1.2095482311628763e-08
3057.66,1.0990463778731261e-08
3057.67,9.928066139028002e-09
3057.68,8.979083393709089e-09
3057.69,8.169856097115277e-09
3057.7,7.50054496403556e-09
3057.71,6.959086442440201e-09
3057.72,6.529501349153581e-09
3057.73,6.1960711121008666e-09
3057.74,5.945094210299994e-09
3057.75,5.765408654033637e-09
3057.76,5.648361212670113e-09
3057.77,5.587574223915743e-09
3057.78,5.578676381837236e-09
3057.79,5.619069746744991e-09
3057.8,5.7077606498055285e-09
3057.81,5.845263066234345e-09
3057.82,6.033576478408073e-09
3057.83,6.276239712366106e-09
3057.84,6.578464539926904e-09
3057.85,6.947356472745525e-09
3057.86,7.392234299464303e-09
3057.87,7.925063741434045e-09
3057.88,8.561022771676206e-09
3057.89,9.319213818349573e-09
3057.9,1.0223525333745116e-08
3057.91,1.1303610005869789e-08
3057.92,1.2595865600783796e-08
3057.93,1.4144132595728001e-08
3057.94,1.5999482007441388e-08
3057.95,1.8217834352864868e-08
3057.96,2.0853082596080886e-08
3057.97,2.394187828939681e-08
3057.98,2.7474922833521797e-08
3057.99,3.135181525993531e-08
3058.0,3.532018212874228e-08
3058.01,3.894288596914536e-08
3058.02,4.16320739618276e-08
3058.03,4.2826278957034573e-08
3058.04,4.223894857989543e-08
3058.05,4.001406396756175e-08
3058.06,3.6646366767619446e-08
3058.07,3.274005307237787e-08
3058.08,2.8796054575178437e-08
3058.09,2.5128444796325354e-08
3058.1,2.188469138786265e-08
3058.11,1.9099979547975748e-08
3058.12,1.674992428867673e-08
3058.13,1.4784827675057084e-08
3058.14,1.3148989979027227e-08
3058.15,1.1789990066519154e-08
3058.16,1.066246756762757e-08
3058.17,9.725349297473297e-09
3058.18,8.954340468842447e-09
3058.19,8.322263488789783e-09
3058.2,7.810287102731995e-09
3058.21,7.403826269595041e-09
3058.22,7.091432674990787e-09
3058.23,6.863522097721166e-09
3058.24,6.710804667384181e-09
3058.25,6.622399124071225e-09
3058.26,6.583972649428892e-09
3058.27,6.576832991590851e-09
3058.28,6.579180681911182e-09
3058.29,6.569660500610954e-09
3058.3,6.530922298842508e-09
3058.31,6.450078590560676e-09
3058.32,6.316705333910041e-09
3058.33,6.123494691289187e-09
3058.34,5.871846336447185e-09
3058.35,5.576429640268783e-09
3058.36,5.2618123200152495e-09
3058.37,4.95324900952633e-09
3058.38,4.669243690750545e-09
3058.39,4.426330309736516e-09
3058.4,4.213888740082317e-09
3058.41,4.037386604325084e-09
3058.42,3.893690855705016e-09
3058.43,3.779153851594711e-09
3058.44,3.690307522954797e-09
3058.45,3.6241524616370433e-09
3058.46,3.5782365199764874e-09
3058.47,3.550637948023868e-09
3058.48,3.539913451927092e-09
3058.49,3.5450401082562196e-09
3058.5,3.5653636597973734e-09
3058.51,3.600557773083022e-09
3058.52,3.6505953055712636e-09
3058.53,3.7157312855536007e-09
3058.54,3.796497004437079e-09
3058.55,3.893704797448818e-09
3058.56,3.99289480146292e-09
3058.57,4.126729776604889e-09
3058.58,4.281340433918491e-09
3058.59,4.472348603362577e-09
3058.6,4.6756975045052685e-09
3058.61,4.907988566970014e-09
3058.62,5.173174031305027e-09
3058.63,5.475603977605974e-09
3058.64,5.821947817828526e-09
3058.65,6.218815444366681e-09
3058.66,6.6747943936220644e-09
3058.67,7.200383717255036e-09
3058.68,7.808458639261246e-09
3058.69,8.51484751423104e-09
3058.7,9.339035095454252e-09
3058.71,1.0304991569357813e-08
3058.72,1.1442089942498533e-08
3058.73,1.278599241563675e-08
3058.74,1.4379217336908058e-08
3058.75,1.627076998275816e-08
3058.76,1.851362422804792e-08
3058.77,2.115786362248877e-08
3058.78,2.423596931400879e-08
3058.79,2.7736675235396496e-08
3058.8,3.155921833330325e-08
3058.81,3.5468371775519953e-08
3058.82,3.906105540351716e-08
3058.83,4.1812066145038377e-08
3058.84,4.324841548167749e-08
3058.85,4.311369575105683e-08
3058.86,4.158418778165238e-08
3058.87,3.913046528432468e-08
3058.88,3.631731581740205e-08
3058.89,3.361374602558173e-08
3058.9,3.131267097906207e-08
3058.91,2.953396758934588e-08
3058.92,2.825398329778271e-08
3058.93,2.7331440693303624e-08
3058.94,2.6536866546991942e-08
3058.95,2.5612183457608743e-08
3058.96,2.4366285052762032e-08
3058.97,2.2741343477567987e-08
3058.98,2.0877261377376924e-08
3058.99,1.8938343981824917e-08
3059.0,1.7088430825947457e-08
3059.01,1.5431298054019348e-08
3059.02,1.4010481609965831e-08
3059.03,1.282726397315183e-08
3059.04,1.1858276724346996e-08
3059.05,1.1066896236310781e-08
3059.06,1.0409935348591796e-08
3059.07,9.843358407699916e-09
3059.08,9.32946568890837e-09
3059.09,8.844217795587416e-09
3059.1,8.380336685008247e-09
3059.11,7.943670102248729e-09
3059.12,7.54554264462759e-09
3059.13,7.196131370999088e-09
3059.14,6.901476223178997e-09
3059.15,6.663524781951223e-09
3059.16,6.481496890271327e-09
3059.17,6.353342584375622e-09
3059.18,6.2768201930091735e-09
3059.19,6.25016373173129e-09
3059.2,6.27245798434022e-09
3059.21,6.343847433198946e-09
3059.22,6.465672148307113e-09
3059.23,6.640591026020953e-09
3059.24,6.872730653345207e-09
3059.25,7.1678858673448145e-09
3059.26,7.533792704053317e-09
3059.27,7.980493013219985e-09
3059.28,8.520810077926205e-09
3059.29,9.170953362186889e-09
3059.3,9.95126371108131e-09
3059.31,1.0887089958967083e-08
3059.32,1.20097385602524e-08
3059.33,1.335733024907198e-08
3059.34,1.4975178549006255e-08
3059.35,1.6914884575531553e-08
3059.36,1.923059342700844e-08
3059.37,2.1969670455080347e-08
3059.38,2.515358754297348e-08
3059.39,2.8744179753227036e-08
3059.4,3.2594015311722e-08
3059.41,3.639358582892476e-08
3059.42,3.9655413816679657e-08
3059.43,4.1796581981107743e-08
3059.44,4.23429366784275e-08
3059.45,4.1157835603176987e-08
3059.46,3.8517748011101545e-08
3059.47,3.4961796234925435e-08
3059.48,3.105755500028019e-08
3059.49,2.7232549402071616e-08
3059.5,2.373393848183456e-08
3059.51,2.0660288672186947e-08
3059.52,1.803097400173447e-08
3059.53,1.580843224327209e-08
3059.54,1.3941082700108843e-08
3059.55,1.2374706602321022e-08
3059.56,1.1059391762637837e-08
3059.57,9.952027418627471e-09
3059.58,9.01662083759298e-09
3059.59,8.223679525614662e-09
3059.6,7.549285697419354e-09
3059.61,6.973745967046067e-09
3059.62,6.482380496542834e-09
3059.63,6.0626120497137854e-09
3059.64,5.705014590935547e-09
3059.65,5.400102951047726e-09
3059.66,5.142733608901824e-09
3059.67,4.928289962133884e-09
3059.68,4.753447581235275e-09
3059.69,4.616043394621848e-09
3059.7,4.514976378661957e-09
3059.71,4.450105120293272e-09
3059.72,4.429481003203894e-09
3059.73,4.439446069913525e-09
3059.74,4.4881928832964355e-09
3059.75,4.574960846439078e-09
3059.76,4.6952105684658296e-09
3059.77,4.837832265412174e-09
3059.78,4.9832006899542316e-09
3059.79,5.105129328243901e-09
3059.8,5.1792938333719746e-09
3059.81,5.195294875104219e-09
3059.82,5.16310517703913e-09
3059.83,5.107421372861496e-09
3059.84,5.054497919765849e-09
3059.85,5.0209599901768576e-09
3059.86,5.0090160782753185e-09
3059.87,5.006681681898289e-09
3059.88,4.992691411390657e-09
3059.89,4.9444022008342574e-09
3059.9,4.8476835391189526e-09
3059.91,4.703271254135478e-09
3059.92,4.525429964510424e-09
3059.93,4.334527258870096e-09
3059.94,4.149267039045885e-09
3059.95,3.982612775442222e-09
3059.96,3.841462310892495e-09
3059.97,3.7119384983373465e-09
3059.98,3.626364436772599e-09
3059.99,3.566816310595328e-09
3060.0,3.5313475788681388e-09
3060.01,3.518113953346744e-09
3060.02,3.525605505276773e-09
3060.03,3.5527403933013483e-09
3060.04,3.5988917521544253e-09
3060.05,3.663888670033587e-09
3060.06,3.748013412508684e-09
3060.07,3.8520066775258005e-09
3060.08,3.977087473557995e-09
3060.09,4.124992025895374e-09
3060.1,4.29803564325821e-09
3060.11,4.498683586783023e-09
3060.12,4.7317502297627645e-09
3060.13,5.001441359016094e-09
3060.14,5.313648460021243e-09
3060.15,5.687417336800511e-09
3060.16,6.108465972514499e-09
3060.17,6.599713953878008e-09
3060.18,7.175056457673273e-09
3060.19,7.851475819244135e-09
3060.2,8.649358516246986e-09
3060.21,9.59236090247069e-09
3060.22,1.0706193528978558e-08
3060.23,1.2015162646331578e-08
3060.24,1.3547454722521493e-08
3060.25,1.5269858257596382e-08
3060.26,1.7143528208865152e-08
3060.27,1.9050131792086662e-08
3060.28,2.0799092615623006e-08
3060.29,2.2167611821022774e-08
3060.3,2.2993842008169662e-08
3060.31,2.327200708370152e-08
3060.32,2.31687484065179e-08
3060.33,2.294563076816628e-08
3060.34,2.28584048793632e-08
3060.35,2.310017005819953e-08
3060.36,2.3794832147830882e-08
3060.37,2.5012333471625493e-08
3060.38,2.67794176692466e-08
3060.39,2.907594816648065e-08
3060.4,3.1806142391758124e-08
3060.41,3.475964696062833e-08
3060.42,3.7577751677009345e-08
3060.43,3.977393422221517e-08
3060.44,4.084791773942387e-08
3060.45,4.048843956841709e-08
3060.46,3.8722196073445715e-08
3060.47,3.589582278747103e-08
3060.48,3.250165046744669e-08
3060.49,2.898864904491511e-08
3060.5,2.5664547965627092e-08
3060.51,2.2691134803015127e-08
3060.52,2.0123994248964563e-08
3060.53,1.79568073468383e-08
3060.54,1.615402973396194e-08
3060.55,1.4670547181331426e-08
3060.56,1.346200615975542e-08
3060.57,1.2488796208823312e-08
3060.58,1.1718290608088545e-08
3060.59,1.1124273471031776e-08
3060.6,1.0686306502880037e-08
3060.61,1.037275209875393e-08
3060.62,1.020263105615934e-08
3060.63,1.0148476759214514e-08
3060.64,1.0197500795922942e-08
3060.65,1.0333319169357407e-08
3060.66,1.0535022348156358e-08
3060.67,1.0779862737268132e-08
3060.68,1.1050706409909533e-08
3060.69,1.1345491240802877e-08
3060.7,1.1682376778465866e-08
3060.71,1.2096637304936322e-08
3060.72,1.2632334818415419e-08
3060.73,1.333517401713117e-08
3060.74,1.4249898152632165e-08
3060.75,1.5421257040486996e-08
3060.76,1.689583889707681e-08
3060.77,1.872219630456387e-08
3060.78,2.0946825394516374e-08
3060.79,2.3602895475493707e-08
3060.8,2.6687634828609484e-08
3060.81,3.01248979224805e-08
3060.82,3.371598009943034e-08
3060.83,3.709973495096493e-08
3060.84,3.9769243595471896e-08
3060.85,4.1191161573749066e-08
3060.86,4.103677522379904e-08
3060.87,3.9326673003026975e-08
3060.88,3.643394976615351e-08
3060.89,3.289178400110836e-08
3060.9,2.9185201456123054e-08
3060.91,2.5642830878051385e-08
3060.92,2.2434328183559957e-08
3060.93,1.961966064620708e-08
3060.94,1.719537552942459e-08
3060.95,1.5132173286378175e-08
3060.96,1.33876308019411e-08
3060.97,1.1916163062462014e-08
3060.98,1.067436574268134e-08
3060.99,9.623754525036896e-09
3061.0,8.731644865669934e-09
3061.01,7.970961015906251e-09
3061.02,7.319573634322933e-09
3061.03,6.7595132497976495e-09
3061.04,6.27622380121148e-09
3061.05,5.857917700670175e-09
3061.06,5.502975356656182e-09
3061.07,5.187843599950124e-09
3061.08,4.914140457837917e-09
3061.09,4.677226962570474e-09
3061.1,4.472239858264925e-09
3061.11,4.296410816435982e-09
3061.12,4.147462780323781e-09
3061.13,4.0234326302125606e-09
3061.14,3.922650086618296e-09
3061.15,3.845772784995259e-09
3061.16,3.7923707444328495e-09
3061.17,3.76316981804972e-09
3061.18,3.759496444092381e-09
3061.19,3.7831918866747935e-09
3061.2,3.836358312303995e-09
3061.21,3.920764163213056e-09
3061.22,4.03664736348676e-09
3061.23,4.180637376868549e-09
3061.24,4.342818162956877e-09
3061.25,4.503980510399653e-09
3061.26,4.63587455853467e-09
3061.27,4.707970169983884e-09
3061.28,4.700320074896599e-09
3061.29,4.615431012556688e-09
3061.3,4.473432762990652e-09
3061.31,4.306608731090708e-09
3061.32,4.1428790653515025e-09
3061.33,4.000905587844044e-09
3061.34,3.890384506367539e-09
3061.35,3.814951722353315e-09
3061.36,3.775088013574624e-09
3061.37,3.770133395955678e-09
3061.38,3.7994464122690256e-09
3061.39,3.846460287052196e-09
3061.4,3.9451218887616e-09
3061.41,4.080461710155237e-09
3061.42,4.254813506286279e-09
3061.43,4.470740916388588e-09
3061.44,4.730167807787194e-09
3061.45,5.032912400774034e-09
3061.46,5.374607875118407e-09
3061.47,5.744556426302063e-09
3061.48,6.125129620450147e-09
3061.49,6.495285522518813e-09
3061.5,6.838812107454589e-09
3061.51,7.1554226005325175e-09
3061.52,7.465626159763229e-09
3061.53,7.806723048649754e-09
3061.54,8.223111258250038e-09
3061.55,8.757981454635781e-09
3061.56,9.449470940725182e-09
3061.57,1.0329364156291174e-08
3061.58,1.1419777563140634e-08
3061.59,1.272761515304686e-08
3061.6,1.422462330705406e-08
3061.61,1.582559855275123e-08
3061.62,1.736492284830791e-08
3061.63,1.8599773595006084e-08
3061.64,1.926953240193647e-08
3061.65,1.9217552368962344e-08
3061.66,1.8438270901314745e-08
3061.67,1.7132629875935895e-08
3061.68,1.5563068013745694e-08
3061.69,1.3968855683591903e-08
3061.7,1.2479041050141007e-08
3061.71,1.1174431243176995e-08
3061.72,1.007385226972283e-08
3061.73,9.167986874221555e-09
3061.74,8.435729645234704e-09
3061.75,7.853275503310313e-09
3061.76,7.398427798242928e-09
3061.77,7.052254129833376e-09
3061.78,6.7994413267196695e-09
3061.79,6.628094437198358e-09
3061.8,6.529354159540107e-09
3061.81,6.49700624850788e-09
3061.82,6.52715567113574e-09
3061.83,6.618156106628763e-09
3061.84,6.7698134191071025e-09
3061.85,6.984329371432999e-09
3061.86,7.265700212650384e-09
3061.87,7.620033495097524e-09
3061.88,8.055804515708914e-09
3061.89,8.584222456651892e-09
3061.9,9.219710084911734e-09
3061.91,9.980489790365018e-09
3061.92,1.0888637259314772e-08
3061.93,1.197312336889846e-08
3061.94,1.3266557789493653e-08
3061.95,1.4807247384599197e-08
3061.96,1.6636576565487076e-08
3061.97,1.8793706007460913e-08
3061.98,2.1304378192920298e-08
3061.99,2.4160473515580585e-08
3062.0,2.7288042008727946e-08
3062.01,3.050792709877276e-08
3062.02,3.3508502828897316e-08
3062.03,3.5869489029727226e-08
3062.04,3.7172280482228893e-08
3062.05,3.717211652269152e-08
3062.06,3.59227589719449e-08
3062.07,3.3750307196562025e-08
3062.08,3.1100312996766655e-08
3062.09,2.8372897495411e-08
3062.1,2.5847974830956377e-08
3062.11,2.3678768955501315e-08
3062.12,2.1927852255357258e-08
3062.13,2.0605941083379237e-08
3062.14,1.9700881690901926e-08
3062.15,1.9195579865536974e-08
3062.16,1.9077812660887233e-08
3062.17,1.9344988240143113e-08
3062.18,2.0005817503415035e-08
3062.19,2.107961182305804e-08
3062.2,2.2587522266327415e-08
3062.21,2.4564969032360793e-08
3062.22,2.701428266313725e-08
3062.23,2.9897428688600534e-08
3062.24,3.307384347202284e-08
3062.25,3.631617820327385e-08
3062.26,3.919555676089929e-08
3062.27,4.11968858213955e-08
3062.28,4.186071559208793e-08
3062.29,4.0985689783672564e-08
3062.3,3.8731699056309545e-08
3062.31,3.55346062387162e-08
3062.32,3.190677118775904e-08
3062.33,2.826985057996393e-08
3062.34,2.4890476140033392e-08
3062.35,2.18950839210659e-08
3062.36,1.9313298212659508e-08
3062.37,1.711798406495218e-08
3062.38,1.52535087652379e-08
3062.39,1.3657260022531208e-08
3062.4,1.2272427124020395e-08
3062.41,1.1071705627108408e-08
3062.42,1.0016766423307502e-08
3062.43,9.101088562861056e-09
3062.44,8.309970760531468e-09
3062.45,7.627826266613556e-09
3062.46,7.0393146388578825e-09
3062.47,6.5304796184022625e-09
3062.48,6.0892701846116795e-09
3062.49,5.705585772003563e-09
3062.5,5.371090174372574e-09
3062.51,5.078953642087411e-09
3062.52,4.823599900361646e-09
3062.53,4.601170792805265e-09
3062.54,4.4066170370382665e-09
3062.55,4.2376454597411386e-09
3062.56,4.09189047756917e-09
3062.57,3.967513129054992e-09
3062.58,3.8631451271525026e-09
3062.59,3.777853881704178e-09
3062.6,3.711126484075112e-09
3062.61,3.662871304707777e-09
3062.62,3.6334359050338636e-09
3062.63,3.623638836485665e-09
3062.64,3.634809434033592e-09
3062.65,3.668942771591742e-09
3062.66,3.728213070450323e-09
3062.67,3.81559556486767e-09
3062.68,3.933393141843565e-09
3062.69,4.0852883789165145e-09
3062.7,4.270853141477222e-09
3062.71,4.4857866240704465e-09
3062.72,4.718006201929983e-09
3062.73,4.945117126100871e-09
3062.74,5.135952425697116e-09
3062.75,5.259526930768812e-09
3062.76,5.2993453825823805e-09
3062.77,5.263156739301252e-09
3062.78,5.179395899623662e-09
3062.79,5.083718591960283e-09
3062.8,5.006727981182972e-09
3062.81,4.969152894905608e-09
3062.82,4.983049880990792e-09
3062.83,5.0389516971713045e-09
3062.84,5.17410434906316e-09
3062.85,5.376945846921131e-09
3062.86,5.653802097171984e-09
3062.87,6.013483969786114e-09
3062.88,6.46796927780955e-09
3062.89,7.0330426494889425e-09
3062.9,7.728142593865346e-09
3062.91,8.576836149316128e-09
3062.92,9.604976807645859e-09
3062.93,1.0837001489847126e-08
3062.94,1.2288690505315255e-08
3062.95,1.3947458344725324e-08
3062.96,1.575469660295008e-08
3062.97,1.7573671365560018e-08
3062.98,1.9177736634472143e-08
3062.99,2.0285059287490078e-08
3063.0,2.0658295932664087e-08
3063.01,2.0223811593834317e-08
3063.02,1.9115049131636254e-08
3063.03,1.7599111931470426e-08
3063.04,1.595369217020817e-08
3063.05,1.4383428998345809e-08
3063.06,1.3009026407574833e-08
3063.07,1.1848773387504919e-08
3063.08,1.0899491804288571e-08
3063.09,1.0117441350415215e-08
3063.1,9.446033272027158e-09
3063.11,8.831304005537942e-09
3063.12,8.235646859053302e-09
3063.13,7.647515028504604e-09
3063.14,7.075828793378351e-09
3063.15,6.538254126036867e-09
3063.16,6.050309189302074e-09
3063.17,5.620478829619685e-09
3063.18,5.250383433746351e-09
3063.19,4.93704439714984e-09
3063.2,4.6751893519613235e-09
3063.21,4.458860517992253e-09
3063.22,4.28232063250302e-09
3063.23,4.140470783044146e-09
3063.24,4.036663713484742e-09
3063.25,3.9520280615943585e-09
3063.26,3.891339614426957e-09
3063.27,3.8523523022241945e-09
3063.28,3.8333505521383045e-09
3063.29,3.833077562351755e-09
3063.3,3.850677476097195e-09
3063.31,3.885651515143631e-09
3063.32,3.937827148757915e-09
3063.33,4.0074682792914485e-09
3063.34,4.094751848839232e-09
3063.35,4.200542599669444e-09
3063.36,4.325892171975759e-09
3063.37,4.472191282119297e-09
3063.38,4.641205372277999e-09
3063.39,4.835123577658524e-09
3063.4,5.0566232627740915e-09
3063.41,5.308953210905015e-09
3063.42,5.596039558307482e-09
3063.43,5.9226197872330015e-09
3063.44,6.294411565208521e-09
3063.45,6.718324942546242e-09
3063.46,7.202728326461407e-09
3063.47,7.757049576343882e-09
3063.48,8.39511526118607e-09
3063.49,9.131256638837222e-09
3063.5,9.9838488967037e-09
3063.51,1.0975271048849117e-08
3063.52,1.2132649127930158e-08
3063.53,1.3488529939026136e-08
3063.54,1.5081221391018025e-08
3063.55,1.6954264706171e-08
3063.56,1.9148106740267824e-08
3063.57,2.171791101192525e-08
3063.58,2.46858306155756e-08
3063.59,2.8044091745241946e-08
3063.6,3.171919775767716e-08
3063.61,3.5540854007091274e-08
3063.62,3.923257964060316e-08
3063.63,4.245827629590935e-08
3063.64,4.4938274940312957e-08
3063.65,4.658211265074154e-08
3063.66,4.753324250792863e-08
3063.67,4.807087150228489e-08
3063.68,4.843046063476372e-08
3063.69,4.8656571793379315e-08
3063.7,4.856504041884005e-08
3063.71,4.783279582968762e-08
3063.72,4.618247922848947e-08
3063.73,4.3552943605071916e-08
3063.74,4.014893542394235e-08
3063.75,3.6332474661033085e-08
3063.76,3.247889315759467e-08
3063.77,2.8843703968113658e-08
3063.78,2.559085108046555e-08
3063.79,2.2782056627246092e-08
3063.8,2.041909865245992e-08
3063.81,1.8471233514588886e-08
3063.82,1.6891496239306708e-08
3063.83,1.5623036850867646e-08
3063.84,1.4599727518207394e-08
3063.85,1.3748057824683325e-08
3063.86,1.2997347436625414e-08
3063.87,1.2288487535737613e-08
3063.88,1.1570999665860595e-08
3063.89,1.0855206103878957e-08
3063.9,1.0124206294371908e-08
3063.91,9.391686020528606e-09
3063.92,8.68106340509307e-09
3063.93,8.015554319757185e-09
3063.94,7.411010369401553e-09
3063.95,6.874242004578857e-09
3063.96,6.404983068735521e-09
3063.97,5.9999212400084065e-09
3063.98,5.650597472297442e-09
3063.99,5.351592956835093e-09
3064.0,5.096851269880013e-09
3064.01,4.8811189873689346e-09
3064.02,4.700168325984321e-09
3064.03,4.55022027076656e-09
3064.04,4.428695979974904e-09
3064.05,4.333594927201838e-09
3064.06,4.263568724545945e-09
3064.07,4.21787834601674e-09
3064.08,4.196374234437458e-09
3064.09,4.199500340560397e-09
3064.1,4.2283221828966065e-09
3064.11,4.28457778505774e-09
3064.12,4.3707474202618756e-09
3064.13,4.4901312313910415e-09
3064.14,4.646909118687817e-09
3064.15,4.846128370204335e-09
3064.16,5.093512456683616e-09
3064.17,5.394902882384123e-09
3064.18,5.755051975743817e-09
3064.19,6.175474552620098e-09
3064.2,6.65141009127905e-09
3064.21,7.16907633543169e-09
3064.22,7.706304749919735e-09
3064.23,8.239614082900995e-09
3064.24,8.762152813269587e-09
3064.25,9.29181132187816e-09
3064.26,9.87452841585423e-09
3064.27,1.0554969720594448e-08
3064.28,1.1423067912878523e-08
3064.29,1.2508761218227821e-08
3064.3,1.383622520568113e-08
3064.31,1.5396989227476378e-08
3064.32,1.713151365346385e-08
3064.33,1.8905026185682018e-08
3064.34,2.0492043241509557e-08
3064.35,2.1600965333058753e-08
3064.36,2.1964668757979727e-08
3064.37,2.146611720969136e-08
3064.38,2.0204430056799662e-08
3064.39,1.8439735025493667e-08
3064.4,1.6467603344908936e-08
3064.41,1.4520463627800115e-08
3064.42,1.273533192751216e-08
3064.43,1.1170749424722467e-08
3064.44,9.834987362252052e-09
3064.45,8.710874033636839e-09
3064.46,7.771435024360787e-09
3064.47,6.994953452984502e-09
3064.48,6.34199283842142e-09
3064.49,5.796836945049874e-09
3064.5,5.340933476636764e-09
3064.51,4.959208826440957e-09
3064.52,4.639562234593141e-09
3064.53,4.372360627688696e-09
3064.54,4.149995493804111e-09
3064.55,3.9665191782920815e-09
3064.56,3.8165664539269675e-09
3064.57,3.698313485192112e-09
3064.58,3.608550622138101e-09
3064.59,3.545759747869431e-09
3064.6,3.5103309151311895e-09
3064.61,3.500196412117527e-09
3064.62,3.517272844595388e-09
3064.63,3.56308915736742e-09
3064.64,3.6398602391190594e-09
3064.65,3.7495522682255e-09
3064.66,3.894027599441191e-09
3064.67,4.0730864355329905e-09
3064.68,4.282523190101171e-09
3064.69,4.5103980330157005e-09
3064.7,4.735452706495604e-09
3064.71,4.926276497630298e-09
3064.72,5.048294397125444e-09
3064.73,5.077002668520844e-09
3064.74,5.009517569980493e-09
3064.75,4.8663254380976286e-09
3064.76,4.681017614991078e-09
3064.77,4.492365957955493e-09
3064.78,4.31343948138341e-09
3064.79,4.163829497103205e-09
3064.8,4.049465564533506e-09
3064.81,3.971287727933813e-09
3064.82,3.927614135000451e-09
3064.83,3.915548932878274e-09
3064.84,3.931662632540447e-09
3064.85,3.972303470362283e-09
3064.86,4.033895588527555e-09
3064.87,4.1134722247800375e-09
3064.88,4.209413342030814e-09
3064.89,4.322019460757677e-09
3064.9,4.45351715651999e-09
3064.91,4.607497410305263e-09
3064.92,4.781534432590187e-09
3064.93,4.9934733393313925e-09
3064.94,5.241204951821978e-09
3064.95,5.529660844131639e-09
3064.96,5.864367128069444e-09
3064.97,6.2516790971217975e-09
3064.98,6.698909664274191e-09
3064.99,7.2142963953946325e-09
3065.0,7.806792995152618e-09
3065.01,8.485834182964406e-09
3065.02,9.26185129055587e-09
3065.03,1.014592041281368e-08
3065.04,1.1157977416773407e-08
3065.05,1.2324115537409214e-08
3065.06,1.3681371859248722e-08
3065.07,1.527455492558467e-08
3065.08,1.7151697041480732e-08
3065.09,1.935802655719831e-08
3065.1,2.19267136616913e-08
3065.11,2.486310219946516e-08
3065.12,2.8120355382098634e-08
3065.13,3.157861696594441e-08
3065.14,3.499297758815574e-08
3065.15,3.806540844826145e-08
3065.16,4.0495676705546255e-08
3065.17,4.211188339557694e-08
3065.18,4.294649169710977e-08
3065.19,4.31885474817181e-08
3065.2,4.304199010206535e-08
3065.21,4.259058719744093e-08
3065.22,4.175920872260124e-08
3065.23,4.038970804675341e-08
3065.24,3.837859894320966e-08
3065.25,3.5779424075339413e-08
3065.26,3.279881217855919e-08
3065.27,2.970497931687359e-08
3065.28,2.6726878660491373e-08
3065.29,2.3999624010197022e-08
3065.3,2.1561807290977664e-08
3065.31,1.9388310048382036e-08
3065.32,1.7439307461074245e-08
3065.33,1.5691343758151482e-08
3065.34,1.4145669508993864e-08
3065.35,1.2807365293134612e-08
3065.36,1.1669130098374281e-08
3065.37,1.0717171579534654e-08
3065.38,9.932007306977108e-09
3065.39,9.294315114379167e-09
3065.4,8.78862616353782e-09
3065.41,8.397791776990621e-09
3065.42,8.112835882069883e-09
3065.43,7.924813805197187e-09
3065.44,7.824682570576875e-09
3065.45,7.800448356813828e-09
3065.46,7.833614173509397e-09
3065.47,7.896302203571371e-09
3065.48,7.952122821493861e-09
3065.49,7.964103713094237e-09
3065.5,7.908624902991118e-09
3065.51,7.78698876849782e-09
3065.52,7.611071810771899e-09
3065.53,7.445094983095548e-09
3065.54,7.3117601140320545e-09
3065.55,7.23819877120153e-09
3065.56,7.2420710395062055e-09
3065.57,7.334238577713046e-09
3065.58,7.521702903061654e-09
3065.59,7.80965046739258e-09
3065.6,8.202895070193298e-09
3065.61,8.707817451647724e-09
3065.62,9.33568445542513e-09
3065.63,1.0106441592578732e-08
3065.64,1.1050055482187828e-08
3065.65,1.2203083422669467e-08
3065.66,1.3600591779222885e-08
3065.67,1.526367928414772e-08
3065.68,1.7180552760780588e-08
3065.69,1.9279020124040898e-08
3065.7,2.1395216015162042e-08
3065.71,2.3259488794517212e-08
3065.72,2.453356066385003e-08
3065.73,2.4909308364750784e-08
3065.74,2.430388742004292e-08
3065.75,2.2834645954158463e-08
3065.76,2.0805038007998617e-08
3065.77,1.854931323697012e-08
3065.78,1.6326632698911644e-08
3065.79,1.4288738734315445e-08
3065.8,1.2502052046385212e-08
3065.81,1.0974834781959495e-08
3065.82,9.688025561176816e-09
3065.83,8.611635536970046e-09
3065.84,7.713985998648394e-09
3065.85,6.96584096495411e-09
3065.86,6.341691767237122e-09
3065.87,5.819567319579937e-09
3065.88,5.3801740321022824e-09
3065.89,5.010705856870594e-09
3065.9,4.685723649103281e-09
3065.91,4.3962760147151365e-09
3065.92,4.1327358201781825e-09
3065.93,3.890348873438351e-09
3065.94,3.668180063148889e-09
3065.95,3.4668707135589025e-09
3065.96,3.286813872988531e-09
3065.97,3.127713388779899e-09
3065.98,2.9877427727289863e-09
3065.99,2.8653828306924878e-09
3066.0,2.758784506138572e-09
3066.01,2.6662075489884244e-09
3066.02,2.5861106116623252e-09
3066.03,2.5171767348118787e-09
3066.04,2.458306654090435e-09
3066.05,2.4085992204774594e-09
3066.06,2.3664578423297666e-09
3066.07,2.3332163320395316e-09
3066.08,2.307252751835431e-09
3066.09,2.2884153682450525e-09
3066.1,2.276512779067113e-09
3066.11,2.271465364543617e-09
3066.12,2.273304876965836e-09
3066.13,2.282339339933077e-09
3066.14,2.2985181216978845e-09
3066.15,2.3224086196451793e-09
3066.16,2.3545744314745675e-09
3066.17,2.3957615810147554e-09
3066.18,2.4469329792981426e-09
3066.19,2.5093125556077815e-09
3066.2,2.584440264849952e-09
3066.21,2.6742381771100206e-09
3066.22,2.78108516602421e-09
3066.23,2.907891562953107e-09
3066.24,3.0581522160279273e-09
3066.25,3.236994428669783e-09
3066.26,3.4467519301495535e-09
3066.27,3.6928139198383646e-09
3066.28,3.982045103391208e-09
3066.29,4.299289948283452e-09
3066.3,4.6563064045476e-09
3066.31,5.0277599384018144e-09
3066.32,5.3831106144903695e-09
3066.33,5.681773728552605e-09
3066.34,5.883583535086615e-09
3066.35,5.967416102987028e-09
3066.36,5.941222456566382e-09
3066.37,5.838976937978067e-09
3066.38,5.70550957691419e-09
3066.39,5.581110603700789e-09
3066.4,5.494010459282364e-09
3066.41,5.4606877716905465e-09
3066.42,5.488813138984324e-09
3066.43,5.582251781022048e-09
3066.44,5.7432668610598965e-09
3066.45,5.974536661129193e-09
3066.46,6.280239000358408e-09
3066.47,6.666705533102069e-09
3066.48,7.142860577513882e-09
3066.49,7.728625327734735e-09
3066.5,8.422876021868151e-09
3066.51,9.25180061722703e-09
3066.52,1.0236385974038386e-08
3066.53,1.139939968762591e-08
3066.54,1.2763076044665044e-08
3066.55,1.434453458446744e-08
3066.56,1.6147228358596198e-08
3066.57,1.8146311608679986e-08
3066.58,2.0267542814105037e-08
3066.59,2.236572337088305e-08
3066.6,2.4218553643335824e-08
3066.61,2.5565106406822832e-08
3066.62,2.6183228609680273e-08
3066.63,2.5990544285830495e-08
3066.64,2.508727630975981e-08
3066.65,2.371278803093618e-08
3066.66,2.2145663116409846e-08
3066.67,2.0623022966630938e-08
3066.68,1.930651546845668e-08
3066.69,1.8287841186712568e-08
3066.7,1.760960212632859e-08
3066.71,1.728454170234616e-08
3066.72,1.7306119664593225e-08
3066.73,1.764954573992511e-08
3066.74,1.826738446586393e-08
3066.75,1.9089074958548802e-08
3066.76,2.003969157615732e-08
3066.77,2.1065944277890665e-08
3066.78,2.2138709932803984e-08
3066.79,2.3210316623663317e-08
3066.8,2.4161463790657173e-08
3066.81,2.480445320191333e-08
3066.82,2.4942529373917353e-08
3066.83,2.4452034230047197e-08
3066.84,2.3362579426358395e-08
3066.85,2.183336328421692e-08
3066.86,2.008289515473237e-08
3066.87,1.831156630004684e-08
3066.88,1.6660094945981985e-08
3066.89,1.520509902245398e-08
3066.9,1.3973615656774871e-08
3066.91,1.2961084012122492e-08
3066.92,1.2146566707204927e-08
3066.93,1.1504884275118818e-08
3066.94,1.1015918762577642e-08
3066.95,1.066953722547225e-08
3066.96,1.0465065126653737e-08
3066.97,1.0408446467708142e-08
3066.98,1.0508715503730942e-08
3066.99,1.0778912324482708e-08
3067.0,1.1232495211453492e-08
3067.01,1.1890450764470934e-08
3067.02,1.277710887640334e-08
3067.03,1.3919596020885078e-08
3067.04,1.534113596737782e-08
3067.05,1.7051786872830518e-08
3067.06,1.9027180182939436e-08
3067.07,2.117949308543685e-08
3067.08,2.3326229142477195e-08
3067.09,2.5180898650195592e-08
3067.1,2.640189116431039e-08
3067.11,2.6712999748577175e-08
3067.12,2.6037947543391658e-08
3067.13,2.4543474996072685e-08
3067.14,2.2551352313899856e-08
3067.15,2.0384404243342324e-08
3067.16,1.8314619199307617e-08
3067.17,1.6467622602230295e-08
3067.18,1.4887507133003093e-08
3067.19,1.3554981363035317e-08
3067.2,1.2414879809899461e-08
3067.21,1.138869832704563e-08
3067.22,1.0449035262490896e-08
3067.23,9.557913423928334e-09
3067.24,8.716808864084408e-09
3067.25,7.940085053855641e-09
3067.26,7.24068356156793e-09
3067.27,6.621308976055271e-09
3067.28,6.07637719350351e-09
3067.29,5.594685908024344e-09
3067.3,5.1648055963045254e-09
3067.31,4.781602114684774e-09
3067.32,4.43476922044688e-09
3067.33,4.125129279188975e-09
3067.34,3.850779701584402e-09
3067.35,3.6092100991149108e-09
3067.36,3.396567609598997e-09
3067.37,3.2110829922134016e-09
3067.38,3.0488093505649926e-09
3067.39,2.9068940535313334e-09
3067.4,2.7828892429026636e-09
3067.41,2.6747616472787835e-09
3067.42,2.5808700181144816e-09
3067.43,2.499933530150434e-09
3067.44,2.430935416809877e-09
3067.45,2.373375317847917e-09
3067.46,2.3270182257525672e-09
3067.47,2.2914947481906476e-09
3067.48,2.267230930917555e-09
3067.49,2.2547520248352803e-09
3067.5,2.254750702739835e-09
3067.51,2.2678312544259403e-09
3067.52,2.293963444138795e-09
3067.53,2.331539101200282e-09
3067.54,2.376079143089555e-09
3067.55,2.4204495819484265e-09
3067.56,2.455063941873659e-09
3067.57,2.476833933798883e-09
3067.58,2.486916393343666e-09
3067.59,2.4928015215395954e-09
3067.6,2.5017122712613855e-09
3067.61,2.5158039397906254e-09
3067.62,2.5308006486471537e-09
3067.63,2.538031975272426e-09
3067.64,2.5290467023472593e-09
3067.65,2.5006041453355574e-09
3067.66,2.4569364151145457e-09
3067.67,2.405850036376835e-09
3067.68,2.348746289470702e-09
3067.69,2.3078165968981254e-09
3067.7,2.278682296909088e-09
3067.71,2.2626421976302978e-09
3067.72,2.259753353633281e-09
3067.73,2.269559387695894e-09
3067.74,2.29152280206162e-09
3067.75,2.3252455193430365e-09
3067.76,2.370568558107231e-09
3067.77,2.4276132926139756e-09
3067.78,2.4968004133955395e-09
3067.79,2.5811325594994014e-09
3067.8,2.6771620027091796e-09
3067.81,2.7885901771203975e-09
3067.82,2.9172867354078174e-09
3067.83,3.0656119014507246e-09
3067.84,3.2365016258153187e-09
3067.85,3.4335675935815733e-09
3067.86,3.6687050318239397e-09
3067.87,3.932211100351596e-09
3067.88,4.237896492625679e-09
3067.89,4.592191222634326e-09
3067.9,5.002349258315462e-09
3067.91,5.475439975928845e-09
3067.92,6.012296632465289e-09
3067.93,6.610345020532524e-09
3067.94,7.2559681626199815e-09
3067.95,7.924368516964257e-09
3067.96,8.585013776420848e-09
3067.97,9.215698071492962e-09
3067.98,9.8175287782655e-09
3067.99,1.0422887204954222e-08
3068.0,1.1085700562185096e-08
3068.01,1.186430368685228e-08
3068.02,1.2804849398325933e-08
3068.03,1.3928764624695392e-08
3068.04,1.5221641571357244e-08
3068.05,1.6621014098362417e-08
3068.06,1.8006386171244423e-08
3068.07,1.9203623526786942e-08
3068.08,2.0019247115981176e-08
3068.09,2.030566715345128e-08
3068.1,2.0026772049520218e-08
3068.11,1.9276720545448178e-08
3068.12,1.8240417322374477e-08
3068.13,1.7118819913858643e-08
3068.14,1.6077109132439568e-08
3068.15,1.522201194245953e-08
3068.16,1.4600148997530483e-08
3068.17,1.4202188237948291e-08
3068.18,1.3962048611634628e-08
3068.19,1.3769763749130302e-08
3068.2,1.3505659810294141e-08
3068.21,1.3106675228340821e-08
3068.22,1.2599348776430717e-08
3068.23,1.2066829414429833e-08
3068.24,1.1592860288157257e-08
3068.25,1.121304179513562e-08
3068.26,1.0947864606281182e-08
3068.27,1.0800014089216728e-08
3068.28,1.0775004093584263e-08
3068.29,1.0881377022668924e-08
3068.3,1.1131211533455083e-08
3068.31,1.1539868272130272e-08
3068.32,1.2125436718433056e-08
3068.33,1.2906871644830365e-08
3068.34,1.3900458487672007e-08
3068.35,1.5114527244403146e-08
3068.36,1.6539329212309426e-08
3068.37,1.8137718989327603e-08
3068.38,1.983267374336551e-08
3068.39,2.1506399710942366e-08
3068.4,2.302135997960943e-08
3068.41,2.426746187303589e-08
3068.42,2.5215068756229066e-08
3068.43,2.5934761495181536e-08
3068.44,2.6561074070691744e-08
3068.45,2.7218157569080022e-08
3068.46,2.7946339745552914e-08
3068.47,2.8658339179754768e-08
3068.48,2.914194885293619e-08
3068.49,2.9124876723273544e-08
3068.5,2.8396313576087213e-08
3068.51,2.6922328634488624e-08
3068.52,2.4867081110179683e-08
3068.53,2.250537185965677e-08
3068.54,2.010478627568205e-08
3068.55,1.7855445606661285e-08
3068.56,1.5857642456019362e-08
3068.57,1.4146647026981691e-08
3068.58,1.271836994360857e-08
3068.59,1.1550831020182045e-08
3068.6,1.0617218213378576e-08
3068.61,9.891232968312602e-09
3068.62,9.351529787164578e-09
3068.63,8.981685925662451e-09
3068.64,8.765420831737773e-09
3068.65,8.688983202899029e-09
3068.66,8.73272289997487e-09
3068.67,8.86574294203754e-09
3068.68,9.039870515300527e-09
3068.69,9.176954168405804e-09
3068.7,9.220677863393198e-09
3068.71,9.093116193406229e-09
3068.72,8.76614616906033e-09
3068.73,8.265842454209662e-09
3068.74,7.652434024349199e-09
3068.75,7.000633582307735e-09
3068.76,6.368980014480691e-09
3068.77,5.793083434156958e-09
3068.78,5.288767902790022e-09
3068.79,4.849435100382787e-09
3068.8,4.490827695432139e-09
3068.81,4.197158152743422e-09
3068.82,3.961925261315197e-09
3068.83,3.7789681970647315e-09
3068.84,3.6421453727000177e-09
3068.85,3.544131061690552e-09
3068.86,3.4748057864633967e-09
3068.87,3.4204354763301027e-09
3068.88,3.3660811751130115e-09
3068.89,3.3015983132955446e-09
3068.9,3.226768728369572e-09
3068.91,3.1496370135516547e-09
3068.92,3.0789314961464293e-09
3068.93,3.0166484866617985e-09
3068.94,2.9596819666848704e-09
3068.95,2.896772907166436e-09
3068.96,2.8185387344451565e-09
3068.97,2.722129312999678e-09
3068.98,2.612720327259248e-09
3068.99,2.5005252083432708e-09
3069.0,2.3944510949693204e-09
3069.01,2.3016918689878924e-09
3069.02,2.2258531349336623e-09
3069.03,2.168230391755309e-09
3069.04,2.128729238092549e-09
3069.05,2.106290023137116e-09
3069.06,2.0986834055404904e-09
3069.07,2.092584273194437e-09
3069.08,2.0997040365145635e-09
3069.09,2.101929082145556e-09
3069.1,2.0911355858645588e-09
3069.11,2.064074212054776e-09
3069.12,2.0241277228153426e-09
3069.13,1.978770653358594e-09
3069.14,1.9353967500181913e-09
3069.15,1.898908596504795e-09
3069.16,1.871580569481731e-09
3069.17,1.8539403156690871e-09
3069.18,1.8456573762757522e-09
3069.19,1.845998309588357e-09
3069.2,1.8546029687756838e-09
3069.21,1.8712363023426134e-09
3069.22,1.8949317313799005e-09
3069.23,1.9259458175906098e-09
3069.24,1.964378114656987e-09
3069.25,2.0172918589715645e-09
3069.26,2.071630588260127e-09
3069.27,2.134791327377158e-09
3069.28,2.2076273174384605e-09
3069.29,2.292337931489775e-09
3069.3,2.3879055712626554e-09
3069.31,2.4968858509086496e-09
3069.32,2.620757219971734e-09
3069.33,2.7608359333485024e-09
3069.34,2.917895461436051e-09
3069.35,3.091655177484854e-09
3069.36,3.2803836898224733e-09
3069.37,3.4811830418205836e-09
3069.38,3.6915515893853907e-09
3069.39,3.9119587127650535e-09
3069.4,4.147797573182867e-09
3069.41,4.409121369941029e-09
3069.42,4.708579202842923e-09
3069.43,5.059435293365184e-09
3069.44,5.4748577275108505e-09
3069.45,5.968521335917609e-09
3069.46,6.55440144544582e-09
3069.47,7.248643365046037e-09
3069.48,8.068458877153881e-09
3069.49,9.031075304060533e-09
3069.5,1.0150696494552508e-08
3069.51,1.143286341443657e-08
3069.52,1.2865598943168571e-08
3069.53,1.4408238773840761e-08
3069.54,1.5981359625938076e-08
3069.55,1.7468434588774462e-08
3069.56,1.8735071770326515e-08
3069.57,1.967042695639511e-08
3069.58,2.0226042206969856e-08
3069.59,2.042757992255009e-08
3069.6,2.034746823128344e-08
3069.61,2.0049103815253432e-08
3069.62,1.9536412767806967e-08
3069.63,1.8754490093894857e-08
3069.64,1.7662019565069876e-08
3069.65,1.632067388397832e-08
3069.66,1.4866425541510678e-08
3069.67,1.347145495417843e-08
3069.68,1.2250306739737696e-08
3069.69,1.1251876331729473e-08
3069.7,1.0480604294119695e-08
3069.71,9.916690698664521e-09
3069.72,9.53131221787824e-09
3069.73,9.296998459165256e-09
3069.74,9.19192344615294e-09
3069.75,9.209607090709979e-09
3069.76,9.354098711566216e-09
3069.77,9.640392702977122e-09
3069.78,1.0083631750061275e-08
3069.79,1.0701469791775148e-08
3069.8,1.151264585783983e-08
3069.81,1.2536384101013924e-08
3069.82,1.3790254118035316e-08
3069.83,1.5285168571107172e-08
3069.84,1.7016236087293966e-08
3069.85,1.8940409829910465e-08
3069.86,2.0957217856840758e-08
3069.87,2.2883929859897203e-08
3069.88,2.446731182481772e-08
3069.89,2.5451378065126053e-08
3069.9,2.5688695833773538e-08
3069.91,2.522076455508087e-08
3069.92,2.4259770186191437e-08
3069.93,2.3084580869202244e-08
3069.94,2.193210902637667e-08
3069.95,2.0940038749852086e-08
3069.96,2.0140512593738277e-08
3069.97,1.947979011140731e-08
3069.98,1.8852591757593424e-08
3069.99,1.8142804787416803e-08
3070.0,1.7268097659272756e-08
3070.01,1.6210385179657377e-08
3070.02,1.5015810045942143e-08
3070.03,1.3766682691649362e-08
3070.04,1.2546316469086441e-08
3070.05,1.1415956532885047e-08
3070.06,1.0408354839680868e-08
3070.07,9.532413662829114e-09
3070.08,8.782274591374424e-09
3070.09,8.146654032539526e-09
3070.1,7.615710692819333e-09
3070.11,7.183830887585218e-09
3070.12,6.84890079910394e-09
3070.13,6.6103099023532375e-09
3070.14,6.467306674626546e-09
3070.15,6.417640967215474e-09
3070.16,6.455512999462703e-09
3070.17,6.567797540198873e-09
3070.18,6.730210962033484e-09
3070.19,6.902841814994919e-09
3070.2,7.0264803452573e-09
3070.21,7.073512854185062e-09
3070.22,7.017373864921613e-09
3070.23,6.8781571088052814e-09
3070.24,6.702211280783572e-09
3070.25,6.537614521012215e-09
3070.26,6.4182234061176624e-09
3070.27,6.352104439120486e-09
3070.28,6.329850496982287e-09
3070.29,6.326993520933064e-09
3070.3,6.311493152482395e-09
3070.31,6.249586521049045e-09
3070.32,6.11350533107228e-09
3070.33,5.891987937983543e-09
3070.34,5.596671181073274e-09
3070.35,5.253765948737009e-09
3070.36,4.891730287996459e-09
3070.37,4.529028408495864e-09
3070.38,4.174933418135084e-09
3070.39,3.835931500425146e-09
3070.4,3.5193735723636128e-09
3070.41,3.2326145790643133e-09
3070.42,2.9795972644174416e-09
3070.43,2.753066052307045e-09
3070.44,2.5658146769359456e-09
3070.45,2.406529571917899e-09
3070.46,2.2712481060689313e-09
3070.47,2.1481988676608695e-09
3070.48,2.0504344501487863e-09
3070.49,1.9671542466503734e-09
3070.5,1.8951141114444683e-09
3070.51,1.8349001589996183e-09
3070.52,1.7836357818524413e-09
3070.53,1.7403733658377467e-09
3070.54,1.7042016149380694e-09
3070.55,1.6743936556172452e-09
3070.56,1.6503743520678433e-09
3070.57,1.6316951724440268e-09
3070.58,1.618015222709905e-09
3070.59,1.607948172453663e-09
3070.6,1.603615917699189e-09
3070.61,1.6037872679046656e-09
3070.62,1.6084520316960628e-09
3070.63,1.6235102923748723e-09
3070.64,1.6374684001069526e-09
3070.65,1.656355799059406e-09
3070.66,1.6804926683245932e-09
3070.67,1.7103028335097856e-09
3070.68,1.7463253553270672e-09
3070.69,1.7892233712106904e-09
3070.7,1.839782681772123e-09
3070.71,1.8988851906949807e-09
3070.72,1.9674301690875232e-09
3070.73,2.0461602478801507e-09
3070.74,2.135338915117264e-09
3070.75,2.2342549658517035e-09
3070.76,2.3406628523928322e-09
3070.77,2.4505547836333617e-09
3070.78,2.5589307178736e-09
3070.79,2.6619162243252335e-09
3070.8,2.7593152034960198e-09
3070.81,2.8556553452025917e-09
3070.82,2.9588169457318926e-09
3070.83,3.0775292610619546e-09
3070.84,3.2195817550265076e-09
3070.85,3.3913321321483195e-09
3070.86,3.5979575217503303e-09
3070.87,3.843712318667575e-09
3070.88,4.131501421140815e-09
3070.89,4.46311788146626e-09
3070.9,4.8368826428941045e-09
3070.91,5.248659283783868e-09
3070.92,5.694253958718679e-09
3070.93,6.175117506306927e-09
3070.94,6.70439543347728e-09
3070.95,7.3076101978283984e-09
3070.96,8.01937788383669e-09
3070.97,8.876242339911745e-09
3070.98,9.91152972554162e-09
3070.99,1.1151031137845637e-08
3071.0,1.2607585266859629e-08
3071.01,1.427228634822644e-08
3071.02,1.6097313947203238e-08
3071.03,1.7975888407797675e-08
3071.04,1.970064336554456e-08
3071.05,2.0974846273198243e-08
3071.06,2.1508404212312838e-08
3071.07,2.1140841132347e-08
3071.08,2.0005915009109217e-08
3071.09,1.8417512790213716e-08
3071.1,1.670904052937827e-08
3071.11,1.511613630744096e-08
3071.12,1.3763050304662973e-08
3071.13,1.2694711894773437e-08
3071.14,1.1911336392908095e-08
3071.15,1.1398822235949563e-08
3071.16,1.1138727811677806e-08
3071.17,1.1114365532518022e-08
3071.18,1.1311106208871676e-08
3071.19,1.1713747001502437e-08
3071.2,1.2303680885121878e-08
3071.21,1.3055079056819849e-08
3071.22,1.3943468297978574e-08
3071.23,1.495528046966355e-08
3071.24,1.609043143651573e-08
3071.25,1.7355625006155898e-08
3071.26,1.8727486314593508e-08
3071.27,2.0116159854381154e-08
3071.28,2.1345098464501935e-08
3071.29,2.2175779847128508e-08
3071.3,2.2388142025632147e-08
3071.31,2.1882556533154528e-08
3071.32,2.073388098016416e-08
3071.33,1.9150959135009237e-08
3071.34,1.7378926059558922e-08
3071.35,1.5615887245188052e-08
3071.36,1.3986213009244353e-08
3071.37,1.2543460917824366e-08
3071.38,1.1299414616086154e-08
3071.39,1.024568243420274e-08
3071.4,9.367670937176659e-09
3071.41,8.650498574711568e-09
3071.42,8.080532888151579e-09
3071.43,7.645511173894627e-09
3071.44,7.335242755197804e-09
3071.45,7.140856335200202e-09
3071.46,7.055056702603793e-09
3071.47,7.071374629480565e-09
3071.48,7.1835548462076205e-09
3071.49,7.385297363972234e-09
3071.5,7.669636425848827e-09
3071.51,8.027864111655731e-09
3071.52,8.44295630685875e-09
3071.53,8.885616350123761e-09
3071.54,9.31459480968447e-09
3071.55,9.684190372843482e-09
3071.56,9.952768841511479e-09
3071.57,1.0087322937190204e-08
3071.58,1.0071301575757692e-08
3071.59,9.9119606492593e-09
3071.6,9.6412854842858e-09
3071.61,9.304385391327958e-09
3071.62,8.943264287127764e-09
3071.63,8.587122242545074e-09
3071.64,8.25208459834604e-09
3071.65,7.945445985349575e-09
3071.66,7.668786776185095e-09
3071.67,7.421255637293683e-09
3071.68,7.198059527248432e-09
3071.69,6.98712811073759e-09
3071.7,6.765407527521324e-09
3071.71,6.507273367911046e-09
3071.72,6.188014277102623e-09
3071.73,5.821135679666617e-09
3071.74,5.41944834111285e-09
3071.75,5.010457930188769e-09
3071.76,4.620908403929281e-09
3071.77,4.269418708043161e-09
3071.78,3.9653137130538954e-09
3071.79,3.7112558515246235e-09
3071.8,3.506161567957911e-09
3071.81,3.3474594968356055e-09
3071.82,3.2322597683894406e-09
3071.83,3.1590595170514163e-09
3071.84,3.126910856801151e-09
3071.85,3.1351191310467845e-09
3071.86,3.1844585247626702e-09
3071.87,3.275041574290886e-09
3071.88,3.3965797484900705e-09
3071.89,3.5595071481945573e-09
3071.9,3.739108572106427e-09
3071.91,3.909324321404982e-09
3071.92,4.033949838911316e-09
3071.93,4.076915582971049e-09
3071.94,4.017898040763155e-09
3071.95,3.863038747087933e-09
3071.96,3.6411722441512102e-09
3071.97,3.389070265383452e-09
3071.98,3.137735745041311e-09
3071.99,2.9067470471235928e-09
3072.0,2.7051091059195527e-09
3072.01,2.535334066477892e-09
3072.02,2.3957879001942297e-09
3072.03,2.288304096704107e-09
3072.04,2.1999254105602133e-09
3072.05,2.132425339248164e-09
3072.06,2.0832721840362834e-09
3072.07,2.0449149226595798e-09
3072.08,2.027124546493403e-09
3072.09,2.02214850900698e-09
3072.1,2.0319865154552997e-09
3072.11,2.0543745342238215e-09
3072.12,2.0916631718873185e-09
3072.13,2.143494542640541e-09
3072.14,2.2106945978829613e-09
3072.15,2.2940288938077647e-09
3072.16,2.3938078105860682e-09
3072.17,2.509352468695767e-09
3072.18,2.6385381512530286e-09
3072.19,2.7779411022615908e-09
3072.2,2.9241804339481812e-09
3072.21,3.076606177703904e-09
3072.22,3.2373017780028428e-09
3072.23,3.4134258358979588e-09
3072.24,3.6105138584066e-09
3072.25,3.8295269170862294e-09
3072.26,4.0633623030416046e-09
3072.27,4.29652246209426e-09
3072.28,4.508791618873522e-09
3072.29,4.682385412373706e-09
3072.3,4.8097181830347466e-09
3072.31,4.898304338545995e-09
3072.32,4.970189498791593e-09
3072.33,5.055550390828941e-09
3072.34,5.18436001974948e-09
3072.35,5.3816503211403335e-09
3072.36,5.666929380165366e-09
3072.37,6.0581308806238855e-09
3072.38,6.57551405562536e-09
3072.39,7.240061378194552e-09
3072.4,8.082016545691635e-09
3072.41,9.136535524484454e-09
3072.42,1.0441902711974543e-08
3072.43,1.2031274639498966e-08
3072.44,1.390682355305155e-08
3072.45,1.6022346302477114e-08
3072.46,1.8164063334198414e-08
3072.47,2.002846436906154e-08
3072.48,2.122032300592679e-08
3072.49,2.1478784517355774e-08
3072.5,2.0852002522651934e-08
3072.51,1.9657879134972894e-08
3072.52,1.8270770087128067e-08
3072.53,1.6948507363523122e-08
3072.54,1.5796772263910852e-08
3072.55,1.4818922188560402e-08
3072.56,1.3980146678682211e-08
3072.57,1.3251795842801974e-08
3072.58,1.262948018293461e-08
3072.59,1.2129700854380249e-08
3072.6,1.1780184753480803e-08
3072.61,1.1608876029481766e-08
3072.62,1.1639465352753877e-08
3072.63,1.1890786340413538e-08
3072.64,1.2377158821555612e-08
3072.65,1.3106701656582058e-08
3072.66,1.4075267222700932e-08
3072.67,1.5254914791336788e-08
3072.68,1.6573713660921493e-08
3072.69,1.7901340105794013e-08
3072.7,1.9043971436543714e-08
3072.71,1.9778018601796566e-08
3072.72,1.9925724341863507e-08
3072.73,1.9435310432945427e-08
3072.74,1.8407702084600846e-08
3072.75,1.7045850996242113e-08
3072.76,1.556794122490641e-08
3072.77,1.4145986738266671e-08
3072.78,1.2886841421592439e-08
3072.79,1.1842275438975461e-08
3072.8,1.1027394467708436e-08
3072.81,1.0435476624167367e-08
3072.82,1.0045601938273604e-08
3072.83,9.82379450341022e-09
3072.84,9.720851020601182e-09
3072.85,9.672097696713464e-09
3072.86,9.60729808633963e-09
3072.87,9.467600856853273e-09
3072.88,9.227064684793469e-09
3072.89,8.898690404329842e-09
3072.9,8.518957051148208e-09
3072.91,8.128988408486919e-09
3072.92,7.756331780231632e-09
3072.93,7.412149243669138e-09
3072.94,7.093712496587428e-09
3072.95,6.788343290616071e-09
3072.96,6.484791266933795e-09
3072.97,6.173174740574548e-09
3072.98,5.8515252257274595e-09
3072.99,5.524691264300894e-09
3073.0,5.203946805674222e-09
3073.01,4.904702967531114e-09
3073.02,4.642041984945912e-09
3073.03,4.427743245135474e-09
3073.04,4.266286123646397e-09
3073.05,4.161213806963079e-09
3073.06,4.111292159057467e-09
3073.07,4.116297931767798e-09
3073.08,4.174951111451276e-09
3073.09,4.285190285368479e-09
3073.1,4.443060400347416e-09
3073.11,4.640967147892843e-09
3073.12,4.865731749533272e-09
3073.13,5.097504987098101e-09
3073.14,5.311217734145685e-09
3073.15,5.481851506706777e-09
3073.16,5.592392956923538e-09
3073.17,5.639969452850662e-09
3073.18,5.635288946204966e-09
3073.19,5.5941689933262394e-09
3073.2,5.526419447857167e-09
3073.21,5.431065849384968e-09
3073.22,5.297578249456821e-09
3073.23,5.116199185391694e-09
3073.24,4.888527016798493e-09
3073.25,4.630516454631429e-09
3073.26,4.361461229191671e-09
3073.27,4.1127843593286444e-09
3073.28,3.892622479566951e-09
3073.29,3.702126004383298e-09
3073.3,3.5330234072055402e-09
3073.31,3.3664224200837633e-09
3073.32,3.213269855234145e-09
3073.33,3.0694268557891845e-09
3073.34,2.9437928433284896e-09
3073.35,2.844286163933518e-09
3073.36,2.7751624997999333e-09
3073.37,2.737402551824237e-09
3073.38,2.7298876077171456e-09
3073.39,2.749869709790185e-09
3073.4,2.793700587801054e-09
3073.41,2.855281172064797e-09
3073.42,2.9316981533149047e-09
3073.43,3.0090827779706642e-09
3073.44,3.0880366539373907e-09
3073.45,3.1713975196925028e-09
3073.46,3.267637232646463e-09
3073.47,3.3880933100184785e-09
3073.48,3.5434082494120095e-09
3073.49,3.740534931255348e-09
3073.5,3.980165718012934e-09
3073.51,4.25471529191437e-09
3073.52,4.543164350597782e-09
3073.53,4.816593564952244e-09
3073.54,5.043267288775268e-09
3073.55,5.204175935156774e-09
3073.56,5.300318887205641e-09
3073.57,5.352006385114329e-09
3073.58,5.3800693676602984e-09
3073.59,5.394326583216223e-09
3073.6,5.392195027009597e-09
3073.61,5.366749083408938e-09
3073.62,5.313456686038097e-09
3073.63,5.23032257385661e-09
3073.64,5.116480055562156e-09
3073.65,4.973847930349569e-09
3073.66,4.815038669684622e-09
3073.67,4.65616118954092e-09
3073.68,4.519489749347752e-09
3073.69,4.421536701491835e-09
3073.7,4.371545532148084e-09
3073.71,4.3765016573066105e-09
3073.72,4.4361183291596945e-09
3073.73,4.560815349189849e-09
3073.74,4.750614007330029e-09
3073.75,5.011789452813406e-09
3073.76,5.353616954940315e-09
3073.77,5.785715027411562e-09
3073.78,6.326552086901089e-09
3073.79,6.998744889485167e-09
3073.8,7.831934942856066e-09
3073.81,8.864065688738464e-09
3073.82,1.0142011464265205e-08
3073.83,1.1720033742964521e-08
3073.84,1.3674797397780858e-08
3073.85,1.599869033608878e-08
3073.86,1.86920545698494e-08
3073.87,2.160949734887328e-08
3073.88,2.4408773145718053e-08
3073.89,2.6547722744352918e-08
3073.9,2.7454753632587704e-08
3073.91,2.6868966978990575e-08
3073.92,2.500492225413872e-08
3073.93,2.2414969402831753e-08
3073.94,1.9659985907538652e-08
3073.95,1.711085874718453e-08
3073.96,1.493587617354488e-08
3073.97,1.317095552683677e-08
3073.98,1.1788463587353082e-08
3073.99,1.0739907539844755e-08
3074.0,9.976774814605629e-09
3074.01,9.458769105216323e-09
3074.02,9.156039746189557e-09
3074.03,9.048952911013212e-09
3074.04,9.127005297689873e-09
3074.05,9.387414734548932e-09
3074.06,9.83331368104187e-09
3074.07,1.0470766918879901e-08
3074.08,1.1305192653249955e-08
3074.09,1.2332019408371808e-08
3074.1,1.3525553400249292e-08
3074.11,1.4822857569443956e-08
3074.12,1.610984940928786e-08
3074.13,1.722295577277942e-08
3074.14,1.7981124661413466e-08
3074.15,1.8249890170878464e-08
3074.16,1.8002901594403816e-08
3074.17,1.7331646253892937e-08
3074.18,1.6397022229946203e-08
3074.19,1.5357411472543335e-08
3074.2,1.432342962322636e-08
3074.21,1.334400481150212e-08
3074.22,1.2425753006662431e-08
3074.23,1.1558898012851751e-08
3074.24,1.0736337038526416e-08
3074.25,9.95543379755792e-09
3074.26,9.21675975352249e-09
3074.27,8.526739628866478e-09
3074.28,7.898934888430019e-09
3074.29,7.34950744945306e-09
3074.3,6.889691596451047e-09
3074.31,6.519964565820341e-09
3074.32,6.227922719850428e-09
3074.33,5.98988022787448e-09
3074.34,5.7775023633463035e-09
3074.35,5.563651247611169e-09
3074.36,5.3379734917432024e-09
3074.37,5.1063133997795425e-09
3074.38,4.885808762587029e-09
3074.39,4.695119301599776e-09
3074.4,4.547334646841553e-09
3074.41,4.447560614998002e-09
3074.42,4.394161053551192e-09
3074.43,4.379254720311349e-09
3074.44,4.394807158776373e-09
3074.45,4.433481760837617e-09
3074.46,4.488876871254587e-09
3074.47,4.551344666995376e-09
3074.48,4.6020165240689945e-09
3074.49,4.6134443968518464e-09
3074.5,4.558169232656867e-09
3074.51,4.423561773778515e-09
3074.52,4.221129602040428e-09
3074.53,3.978037626460821e-09
3074.54,3.7278849577551525e-09
3074.55,3.4971454981244063e-09
3074.56,3.2995912123997907e-09
3074.57,3.1451012669354603e-09
3074.58,3.034929334976388e-09
3074.59,2.9687765030361895e-09
3074.6,2.9448760825843916e-09
3074.61,2.9595697647376767e-09
3074.62,3.0055351919191924e-09
3074.63,3.0697361562518677e-09
3074.64,3.134032622645233e-09
3074.65,3.181755965417651e-09
3074.66,3.2078109405068867e-09
3074.67,3.2224046238221285e-09
3074.68,3.2434445148541925e-09
3074.69,3.2852429302375486e-09
3074.7,3.3519586669788094e-09
3074.71,3.4363171394282412e-09
3074.72,3.5212021014361022e-09
3074.73,3.583805585055373e-09
3074.74,3.602731541281502e-09
3074.75,3.560430000990146e-09
3074.76,3.4761325598107683e-09
3074.77,3.359443607898448e-09
3074.78,3.232235924875469e-09
3074.79,3.113949713352578e-09
3074.8,3.018320073962462e-09
3074.81,2.953551655494262e-09
3074.82,2.9209993843964173e-09
3074.83,2.9315177165536273e-09
3074.84,2.9773614248844013e-09
3074.85,3.0607356041774306e-09
3074.86,3.1784086550765877e-09
3074.87,3.3229477642155832e-09
3074.88,3.4790188539011396e-09
3074.89,3.6245069645458972e-09
3074.9,3.7340879343979985e-09
3074.91,3.790906591658757e-09
3074.92,3.795854319156191e-09
3074.93,3.768910974871625e-09
3074.94,3.736858586350849e-09
3074.95,3.723834003569062e-09
3074.96,3.745670507714818e-09
3074.97,3.8096143510097635e-09
3074.98,3.915609299598946e-09
3074.99,4.057076913380532e-09
3075.0,4.2225502197166735e-09
3075.01,4.392925171299783e-09
3075.02,4.5534614835861e-09
3075.03,4.695820012022912e-09
3075.04,4.822907307193745e-09
3075.05,4.94644951747685e-09
3075.06,5.081392879983489e-09
3075.07,5.242364890527059e-09
3075.08,5.443435444084032e-09
3075.09,5.700278974463933e-09
3075.1,6.021617296935968e-09
3075.11,6.417074458970145e-09
3075.12,6.886854524612711e-09
3075.13,7.4185704186407265e-09
3075.14,7.990369791732706e-09
3075.15,8.572224254167708e-09
3075.16,9.14226606372078e-09
3075.17,9.69676343254249e-09
3075.18,1.0256401907982803e-08
3075.19,1.0865017836990025e-08
3075.2,1.1585985203885332e-08
3075.21,1.2495519940320284e-08
3075.22,1.3676469942686117e-08
3075.23,1.5246773200016323e-08
3075.24,1.7230577611764373e-08
3075.25,1.9742803432463316e-08
3075.26,2.2843246299794226e-08
3075.27,2.6525414507954108e-08
3075.28,3.062562121078503e-08
3075.29,3.471873036668879e-08
3075.3,3.807354232549062e-08
3075.31,3.983131328556108e-08
3075.32,3.944184056989472e-08
3075.33,3.702729200993289e-08
3075.34,3.3315944948744036e-08
3075.35,2.9151516399703605e-08
3075.36,2.5159455317279265e-08
3075.37,2.165700040356335e-08
3075.38,1.873577883662402e-08
3075.39,1.637591940199911e-08
3075.4,1.4505456975542625e-08
3075.41,1.3046847859623728e-08
3075.42,1.193208322514572e-08
3075.43,1.1105644476197393e-08
3075.44,1.0526196300208899e-08
3075.45,1.0164925227360052e-08
3075.46,1.0003898473056867e-08
3075.47,1.003452562206922e-08
3075.48,1.0256084506337828e-08
3075.49,1.0673935062563454e-08
3075.5,1.1296666891119154e-08
3075.51,1.2130948669926378e-08
3075.52,1.31724572166948e-08
3075.53,1.4391736717802127e-08
3075.54,1.571679036839522e-08
3075.55,1.7020772790298046e-08
3075.56,1.8129377824413314e-08
3075.57,1.8857143314649666e-08
3075.58,1.9062384683629352e-08
3075.59,1.8693434461818007e-08
3075.6,1.7806719142959456e-08
3075.61,1.654445754560038e-08
3075.62,1.508482175742494e-08
3075.63,1.3591156846490002e-08
3075.64,1.2180146106626738e-08
3075.65,1.0917858206866782e-08
3075.66,9.831858139081435e-09
3075.67,8.920580195865881e-09
3075.68,8.171593358864164e-09
3075.69,7.56218409918739e-09
3075.7,7.064831409348655e-09
3075.71,6.648088251717295e-09
3075.72,6.280443067539585e-09
3075.73,5.936612970505183e-09
3075.74,5.603400570020396e-09
3075.75,5.2801033292728505e-09
3075.76,4.972650006565116e-09
3075.77,4.6863596621500576e-09
3075.78,4.422444879680717e-09
3075.79,4.179163931769199e-09
3075.8,3.955447808835544e-09
3075.81,3.751036909529587e-09
3075.82,3.568909254962852e-09
3075.83,3.411893074429245e-09
3075.84,3.2819885003300803e-09
3075.85,3.1813387822157402e-09
3075.86,3.107945063810047e-09
3075.87,3.0632204284937986e-09
3075.88,3.047750664374308e-09
3075.89,3.0628339558807437e-09
3075.9,3.1100035218435566e-09
3075.91,3.1915688466892096e-09
3075.92,3.309464036397111e-09
3075.93,3.4634968245244263e-09
3075.94,3.6518341212395963e-09
3075.95,3.8644669957243934e-09
3075.96,4.082907715160811e-09
3075.97,4.278179264455026e-09
3075.98,4.4139762241024355e-09
3075.99,4.458219158338573e-09
3076.0,4.400881244126767e-09
3076.01,4.263679239244834e-09
3076.02,4.089492394904199e-09
3076.03,3.921282876623661e-09
3076.04,3.788830939823163e-09
3076.05,3.707781839256903e-09
3076.06,3.6845016011985185e-09
3076.07,3.720864177603329e-09
3076.08,3.8165396545120105e-09
3076.09,3.9711048494613036e-09
3076.1,4.18039792767678e-09
3076.11,4.4354987305511655e-09
3076.12,4.719457439317658e-09
3076.13,5.008115520894737e-09
3076.14,5.275184622620977e-09
3076.15,5.504768183345983e-09
3076.16,5.699969952967747e-09
3076.17,5.87873916528542e-09
3076.18,6.05674147670364e-09
3076.19,6.235002262789908e-09
3076.2,6.38985467448276e-09
3076.21,6.480966500422232e-09
3076.22,6.495101386064346e-09
3076.23,6.42193031948972e-09
3076.24,6.271066741573855e-09
3076.25,6.0676059467681345e-09
3076.26,5.830910881205575e-09
3076.27,5.575558472332217e-09
3076.28,5.3149902664765686e-09
3076.29,5.063427735344332e-09
3076.3,4.8336781129540335e-09
3076.31,4.637209371818889e-09
3076.32,4.480057612613942e-09
3076.33,4.367270335484568e-09
3076.34,4.297979583848519e-09
3076.35,4.273543887558943e-09
3076.36,4.291779995467706e-09
3076.37,4.347120588853145e-09
3076.38,4.4290637874342885e-09
3076.39,4.522760402981158e-09
3076.4,4.608405409451599e-09
3076.41,4.674725974448491e-09
3076.42,4.715627413075941e-09
3076.43,4.739176046238457e-09
3076.44,4.763991024241596e-09
3076.45,4.8031117017458665e-09
3076.46,4.872358763909552e-09
3076.47,4.979737112684623e-09
3076.48,5.128289533777606e-09
3076.49,5.317529704269787e-09
3076.5,5.545783635181836e-09
3076.51,5.810895198224663e-09
3076.52,6.11569629324358e-09
3076.53,6.4679250839325275e-09
3076.54,6.880458249114442e-09
3076.55,7.369837410502409e-09
3076.56,7.955115887479617e-09
3076.57,8.65794039899516e-09
3076.58,9.503780958419748e-09
3076.59,1.0523872799105033e-08
3076.6,1.1801646199739615e-08
3076.61,1.329961590378436e-08
3076.62,1.512531764508921e-08
3076.63,1.7359496462096207e-08
3076.64,2.0100879095335312e-08
3076.65,2.3463514187238074e-08
3076.66,2.7563382806829997e-08
3076.67,3.248242461228951e-08
3076.68,3.8192129136146604e-08
3076.69,4.4423839220053455e-08
3076.7,5.05174500586172e-08
3076.71,5.538845163780766e-08
3076.72,5.7832129085268976e-08
3076.73,5.7159650484733276e-08
3076.74,5.3659118208171604e-08
3076.75,4.838381485268699e-08
3076.76,4.249459376092257e-08
3076.77,3.684050584804982e-08
3076.78,3.1830803870907744e-08
3076.79,2.7601050052853036e-08
3076.8,2.4140217357891325e-08
3076.81,2.1376181155887487e-08
3076.82,1.921883858592075e-08
3076.83,1.7579086464362198e-08
3076.84,1.6374545057178413e-08
3076.85,1.5526921109293692e-08
3076.86,1.496111487100061e-08
3076.87,1.4597776255469489e-08
3076.88,1.4361249095178561e-08
3076.89,1.4186196573916714e-08
3076.9,1.4020059656806766e-08
3076.91,1.3820784624141007e-08
3076.92,1.3561671523493932e-08
3076.93,1.3246380237622024e-08
3076.94,1.2912499926959286e-08
3076.95,1.2617689108104545e-08
3076.96,1.2417799790560286e-08
3076.97,1.2353005875643331e-08
3076.98,1.2444214757069336e-08
3076.99,1.2688055481126055e-08
3077.0,1.3046525176366515e-08
3077.01,1.3451086954841225e-08
3077.02,1.3799306664515388e-08
3077.03,1.3975565018888683e-08
3077.04,1.3887253224477907e-08
3077.05,1.3505679652541502e-08
3077.06,1.2871874946461975e-08
3077.07,1.2077598301663473e-08
3077.08,1.1222202416350619e-08
3077.09,1.0381668763171502e-08
3077.1,9.596054394779262e-09
3077.11,8.875725722815861e-09
3077.12,8.21625468392571e-09
3077.13,7.612774630728737e-09
3077.14,7.067682415433379e-09
3077.15,6.588187548705404e-09
3077.16,6.18199354650159e-09
3077.17,5.853618905315479e-09
3077.18,5.60420417473753e-09
3077.19,5.430642470525118e-09
3077.2,5.3223821260338015e-09
3077.21,5.267886013010244e-09
3077.22,5.245598937919244e-09
3077.23,5.2279412096950556e-09
3077.24,5.1873423134225575e-09
3077.25,5.108662297314696e-09
3077.26,4.997999887071738e-09
3077.27,4.879391512124956e-09
3077.28,4.782071269915458e-09
3077.29,4.728289462597208e-09
3077.3,4.72750525645048e-09
3077.31,4.767941047301826e-09
3077.32,4.820269291584967e-09
3077.33,4.840818237748383e-09
3077.34,4.7858379016046976e-09
3077.35,4.640229829503407e-09
3077.36,4.426775449361474e-09
3077.37,4.188153100900973e-09
3077.38,3.963388821331825e-09
3077.39,3.776280519252213e-09
3077.4,3.6368475688177828e-09
3077.41,3.5470618181267554e-09
3077.42,3.505032174497417e-09
3077.43,3.5096089676958313e-09
3077.44,3.5581118886045184e-09
3077.45,3.648144439303043e-09
3077.46,3.7762001656934214e-09
3077.47,3.936447123030132e-09
3077.48,4.121780829625919e-09
3077.49,4.322903504424623e-09
3077.5,4.530277103906995e-09
3077.51,4.7318133826393515e-09
3077.52,4.908084129716395e-09
3077.53,5.030308375663846e-09
3077.54,5.06829511032072e-09
3077.55,5.007009705537129e-09
3077.56,4.858350655929026e-09
3077.57,4.656384820718116e-09
3077.58,4.4409446047824866e-09
3077.59,4.2439150598670595e-09
3077.6,4.084063479840029e-09
3077.61,3.9702659556612e-09
3077.62,3.904932046857365e-09
3077.63,3.887444984431204e-09
3077.64,3.917093241175689e-09
3077.65,3.988895241180041e-09
3077.66,4.101520217447133e-09
3077.67,4.2453983088019525e-09
3077.68,4.407270791855017e-09
3077.69,4.588742113030467e-09
3077.7,4.779623827309961e-09
3077.71,4.982974753805109e-09
3077.72,5.210634892504389e-09
3077.73,5.47697144963405e-09
3077.74,5.791453922820517e-09
3077.75,6.152644682637491e-09
3077.76,6.543957630876179e-09
3077.77,6.931554095923936e-09
3077.78,7.268417400216643e-09
3077.79,7.504585791929229e-09
3077.8,7.612771694866592e-09
3077.81,7.586654736097715e-09
3077.82,7.460858220120069e-09
3077.83,7.284821904412304e-09
3077.84,7.107812115303138e-09
3077.85,6.967525638724602e-09
3077.86,6.887397669859765e-09
3077.87,6.87921679846019e-09
3077.88,6.948996436590814e-09
3077.89,7.098461305772194e-09
3077.9,7.327485106057511e-09
3077.91,7.638932960960332e-09
3077.92,8.036088034887103e-09
3077.93,8.52375930281595e-09
3077.94,9.108430449991322e-09
3077.95,9.79883950012057e-09
3077.96,1.066782732189989e-08
3077.97,1.161419792113478e-08
3077.98,1.272631465249582e-08
3077.99,1.4044315210719104e-08
3078.0,1.562114290203591e-08
3078.01,1.7523684864594485e-08
3078.02,1.983507674081911e-08
3078.03,2.2658209724687985e-08
3078.04,2.611907123000316e-08
3078.05,3.036683344833008e-08
3078.06,3.556444951311423e-08
3078.07,4.1857614897622466e-08
3078.08,4.930093194662738e-08
3078.09,5.772042950531705e-08
3078.1,6.650553084194834e-08
3078.11,7.44458008332561e-08
3078.12,7.986813585598594e-08
3078.13,8.130759836366923e-08
3078.14,7.839513945604228e-08
3078.15,7.21190945542015e-08
3078.16,6.416529047535654e-08
3078.17,5.6038855444871153e-08
3078.18,4.8647420529020946e-08
3078.19,4.232895632132106e-08
3078.2,3.712542449449591e-08
3078.21,3.2887821425938745e-08
3078.22,2.9457926077023155e-08
3078.23,2.670387584144337e-08
3078.24,2.4518348823197285e-08
3078.25,2.279494678892261e-08
3078.26,2.141023813437956e-08
3078.27,2.0226891889564882e-08
3078.28,1.9119713799627818e-08
3078.29,1.8008595809284463e-08
3078.3,1.687246338718664e-08
3078.31,1.5740253594369658e-08
3078.32,1.4662091051682824e-08
3078.33,1.3689947861793602e-08
3078.34,1.285260437980259e-08
3078.35,1.2157998426741192e-08
3078.36,1.1588745268020741e-08
3078.37,1.1114310537699439e-08
3078.38,1.0709238962109055e-08
3078.39,1.0362296017835576e-08
3078.4,1.0083754875451247e-08
3078.41,9.896287320995684e-09
3078.42,9.818243011830182e-09
3078.43,9.865302567841995e-09
3078.44,1.0040672827617645e-08
3078.45,1.0337449571686689e-08
3078.46,1.0729615859755171e-08
3078.47,1.1170049755282711e-08
3078.48,1.1587175865824915e-08
3078.49,1.1891769274840546e-08
3078.5,1.199742872812358e-08
3078.51,1.1850531706886321e-08
3078.52,1.145083560788978e-08
3078.53,1.08537843953102e-08
3078.54,1.0137195913866103e-08
3078.55,9.388171925622948e-09
3078.56,8.67289633654518e-09
3078.57,8.033322917220316e-09
3078.58,7.491285789233966e-09
3078.59,7.054003487601588e-09
3078.6,6.7229732185489385e-09
3078.61,6.496827773591679e-09
3078.62,6.374026499788044e-09
3078.63,6.353042916069813e-09
3078.64,6.429836598456243e-09
3078.65,6.593354921300435e-09
3078.66,6.815246541996025e-09
3078.67,7.0428056203121535e-09
3078.68,7.202428606851171e-09
3078.69,7.225973203285192e-09
3078.7,7.0879577013794e-09
3078.71,6.816696752539439e-09
3078.72,6.472840469939349e-09
3078.73,6.109129935570119e-09
3078.74,5.761423189762164e-09
3078.75,5.450337825239082e-09
3078.76,5.188456588008997e-09
3078.77,4.985492623007523e-09
3078.78,4.845681726244895e-09
3078.79,4.771654958697963e-09
3078.8,4.763639172536823e-09
3078.81,4.821300819561593e-09
3078.82,4.9411524533658e-09
3078.83,5.115902437624639e-09
3078.84,5.326985768200426e-09
3078.85,5.542066300825227e-09
3078.86,5.714909222323332e-09
3078.87,5.7964087848236005e-09
3078.88,5.755405244442632e-09
3078.89,5.5954739698973916e-09
3078.9,5.352303202093421e-09
3078.91,5.0741786694428335e-09
3078.92,4.802561294153082e-09
3078.93,4.563856590155978e-09
3078.94,4.370128604235551e-09
3078.95,4.224259111317841e-09
3078.96,4.1234376307075885e-09
3078.97,4.061396358705025e-09
3078.98,4.029120138441367e-09
3078.99,4.015217288138363e-09
3079.0,4.009437754556307e-09
3079.01,3.997339072376197e-09
3079.02,3.976544644538951e-09
3079.03,3.949546029087791e-09
3079.04,3.9235294298450295e-09
3079.05,3.9071755958654225e-09
3079.06,3.905563555319011e-09
3079.07,3.923157568982053e-09
3079.08,3.961919968626447e-09
3079.09,4.022317993376316e-09
3079.1,4.105863761417728e-09
3079.11,4.212794231100437e-09
3079.12,4.343941724409615e-09
3079.13,4.5011775408670745e-09
3079.14,4.686088917720833e-09
3079.15,4.9005511591401385e-09
3079.16,5.1411786844476705e-09
3079.17,5.420913644117304e-09
3079.18,5.72555260479609e-09
3079.19,6.051631671131996e-09
3079.2,6.388208263602046e-09
3079.21,6.722785966574987e-09
3079.22,7.047003456496083e-09
3079.23,7.3621982707743734e-09
3079.24,7.68211236388677e-09
3079.25,8.027225746312857e-09
3079.26,8.41857415036041e-09
3079.27,8.873445821792774e-09
3079.28,9.404134758153291e-09
3079.29,1.0017239259239042e-08
3079.3,1.0718102104571854e-08
3079.31,1.1512546514790545e-08
3079.32,1.24920871876127e-08
3079.33,1.3510902538968341e-08
3079.34,1.4669947359395479e-08
3079.35,1.5986903853748428e-08
3079.36,1.7469817287006918e-08
3079.37,1.9115262826250217e-08
3079.38,2.0920126168982403e-08
3079.39,2.290322413220342e-08
3079.4,2.5125808147008617e-08
3079.41,2.7695271398930672e-08
3079.42,3.0746592810226156e-08
3079.43,3.443430225538693e-08
3079.44,3.892441718133702e-08
3079.45,4.441319791150471e-08
3079.46,5.112981828347479e-08
3079.47,5.93059661976206e-08
3079.48,6.90855703030654e-08
3079.49,8.035024135088486e-08
3079.5,9.245398397952018e-08
3079.51,1.0395809371699394e-07
3079.52,1.126624384175481e-07
3079.53,1.1631081817798544e-07
3079.54,1.138070655472317e-07
3079.55,1.0595064142576132e-07
3079.56,9.488570594213424e-08
3079.57,8.288682891566452e-08
3079.58,7.154464763220419e-08
3079.59,6.164286258583355e-08
3079.6,5.338786878659066e-08
3079.61,4.666715755486977e-08
3079.62,4.11998332713164e-08
3079.63,3.672092654266501e-08
3079.64,3.291408223914634e-08
3079.65,2.9554033385518306e-08
3079.66,2.651474140867407e-08
3079.67,2.376012733656254e-08
3079.68,2.1291958157580358e-08
3079.69,1.9120838858051904e-08
3079.7,1.7240187640101737e-08
3079.71,1.5628528963821717e-08
3079.72,1.4256439081629458e-08
3079.73,1.3092914477061694e-08
3079.74,1.2109152933908946e-08
3079.75,1.1280080859542229e-08
3079.76,1.0584379887423089e-08
3079.77,1.0003548296025589e-08
3079.78,9.5199449853776e-09
3079.79,9.117433831377317e-09
3079.8,8.779144135539114e-09
3079.81,8.492755844387002e-09
3079.82,8.253995243441978e-09
3079.83,8.066757114022883e-09
3079.84,7.93931867375855e-09
3079.85,7.878979027751496e-09
3079.86,7.89183708430072e-09
3079.87,7.987927680996773e-09
3079.88,8.162983658114457e-09
3079.89,8.423042658770507e-09
3079.9,8.767019372259455e-09
3079.91,9.188483987897093e-09
3079.92,9.67433087091716e-09
3079.93,1.020505812747772e-08
3079.94,1.0755802918980752e-08
3079.95,1.1295702923354636e-08
3079.96,1.178586237395016e-08
3079.97,1.2182086919301498e-08
3079.98,1.2448636420292541e-08
3079.99,1.2575060433428062e-08
3080.0,1.2585322128155903e-08
3080.01,1.2512294021423598e-08
3080.02,1.2367483125744833e-08
3080.03,1.2115867879153801e-08
3080.04,1.1701074032130842e-08
3080.05,1.10974242022779e-08
3080.06,1.0350187036519367e-08
3080.07,9.55326933564111e-09
3080.08,8.798105935143294e-09
3080.09,8.141953895487097e-09
3080.1,7.609281485781524e-09
3080.11,7.204810693836465e-09
3080.12,6.920179324927873e-09
3080.13,6.745611118627972e-09
3080.14,6.671278352368213e-09
3080.15,6.687506114611549e-09
3080.16,6.783375337107587e-09
3080.17,6.943917120155056e-09
3080.18,7.144895799017977e-09
3080.19,7.350635260506081e-09
3080.2,7.508173108632744e-09
3080.21,7.56045481112648e-09
3080.22,7.46847035958751e-09
3080.23,7.232467441657326e-09
3080.24,6.891946206181316e-09
3080.25,6.5040895576027794e-09
3080.26,6.119992063542065e-09
3080.27,5.772385407405718e-09
3080.28,5.47735659731711e-09
3080.29,5.2392068069956116e-09
3080.3,5.05617838181436e-09
3080.31,4.924218455499197e-09
3080.32,4.83861278762844e-09
3080.33,4.796882145511698e-09
3080.34,4.796331557300619e-09
3080.35,4.838085300605624e-09
3080.36,4.917760135230641e-09
3080.37,5.0372719413332736e-09
3080.38,5.19621792242591e-09
3080.39,5.391174947672506e-09
3080.4,5.616857682216156e-09
3080.41,5.8688650478895515e-09
3080.42,6.148115566768048e-09
3080.43,6.461740173680738e-09
3080.44,6.815407980426007e-09
3080.45,7.203196558156266e-09
3080.46,7.60006714898089e-09
3080.47,7.962988541317577e-09
3080.48,8.244101984841626e-09
3080.49,8.411704092091711e-09
3080.5,8.463301821683156e-09
3080.51,8.422274982703196e-09
3080.52,8.319647760051e-09
3080.53,8.186340703003409e-09
3080.54,8.051378613350153e-09
3080.55,7.945412126973025e-09
3080.56,7.882257891643846e-09
3080.57,7.880086048430923e-09
3080.58,7.945599453786366e-09
3080.59,8.079236766747151e-09
3080.6,8.276837881951842e-09
3080.61,8.52810892114741e-09
3080.62,8.82033144833568e-09
3080.63,9.138727084517779e-09
3080.64,9.471923023474025e-09
3080.65,9.817612464187427e-09
3080.66,1.0184952783208036e-08
3080.67,1.069584837132918e-08
3080.68,1.1166150951790897e-08
3080.69,1.1714832313290414e-08
3080.7,1.2361306668668131e-08
3080.71,1.3122386488578077e-08
3080.72,1.4015120146680666e-08
3080.73,1.5058798157640132e-08
3080.74,1.6277238351932426e-08
3080.75,1.769945914145118e-08
3080.76,1.9361050938862284e-08
3080.77,2.1309816023876417e-08
3080.78,2.360247332328376e-08
3080.79,2.6311470980908203e-08
3080.8,2.952769446108968e-08
3080.81,3.3364845108826424e-08
3080.82,3.7964422286608365e-08
3080.83,4.350075750532204e-08
3080.84,5.018463075490178e-08
3080.85,5.825971476148929e-08
3080.86,6.798663361610526e-08
3080.87,7.959607530825395e-08
3080.88,9.318801635633933e-08
3080.89,1.085419473847734e-07
3080.9,1.2481479659123649e-07
3080.91,1.402114365362952e-07
3080.92,1.5198077976142024e-07
3080.93,1.5723162045787032e-07
3080.94,1.5445936455530066e-07
3080.95,1.4456063949488165e-07
3080.96,1.3025714573557577e-07
3080.97,1.145446387815353e-07
3080.98,9.955910339457088e-08
3080.99,8.634146923685828e-08
3081.0,7.511989223437487e-08
3081.01,6.568675502188762e-08
3081.02,5.769770753936422e-08
3081.03,5.085649533355068e-08
3081.04,4.496586377764105e-08
3081.05,3.987934545306864e-08
3081.06,3.556531606558355e-08
3081.07,3.188835153318248e-08
3081.08,2.8736910761694635e-08
3081.09,2.600557619235498e-08
3081.1,2.3608187358335772e-08
3081.11,2.1483904894664917e-08
3081.12,1.9595811052895998e-08
3081.13,1.7923218337478362e-08
3081.14,1.6451758734992173e-08
3081.15,1.5166589979403435e-08
3081.16,1.4050499519287338e-08
3081.17,1.3085013934878736e-08
3081.18,1.2252157803752306e-08
3081.19,1.1535715287512976e-08
3081.2,1.0927930651825835e-08
3081.21,1.0405442813578446e-08
3081.22,9.9651032538554e-09
3081.23,9.600706981219397e-09
3081.24,9.307067169164944e-09
3081.25,9.081970641266147e-09
3081.26,8.924861809107518e-09
3081.27,8.83717325030026e-09
3081.28,8.822355233914126e-09
3081.29,8.885853278958137e-09
3081.3,9.034909054575084e-09
3081.31,9.277992002197986e-09
3081.32,9.623620457004514e-09
3081.33,1.0078350445297266e-08
3081.34,1.0643738273613546e-08
3081.35,1.1311706404760088e-08
3081.36,1.2056548884805268e-08
3081.37,1.2821835140584552e-08
3081.38,1.3508284550461581e-08
3081.39,1.398553623785746e-08
3081.4,1.414712518036003e-08
3081.41,1.3983217758539676e-08
3081.42,1.3591080161560482e-08
3081.43,1.3108686463745919e-08
3081.44,1.2647696016835969e-08
3081.45,1.2255468032164528e-08
3081.46,1.1938022579276943e-08
3081.47,1.1683860015244201e-08
3081.48,1.1486599789678176e-08
3081.49,1.1361499682050087e-08
3081.5,1.1330201771020198e-08
3081.51,1.1418183424904306e-08
3081.52,1.164153186410411e-08
3081.53,1.1996874630503008e-08
3081.54,1.2451849019051448e-08
3081.55,1.2946302990481927e-08
3081.56,1.3393211161062538e-08
3081.57,1.3704222462925907e-08
3081.58,1.3810652218002774e-08
3081.59,1.3672965387187459e-08
3081.6,1.3281590405982888e-08
3081.61,1.2661589366407134e-08
3081.62,1.186960301249182e-08
3081.63,1.0986009130596477e-08
3081.64,1.0093567092789214e-08
3081.65,9.255336853400253e-09
3081.66,8.50913136061517e-09
3081.67,7.868913366748267e-09
3081.68,7.3325496653030686e-09
3081.69,6.889782280583912e-09
3081.7,6.527718039028669e-09
3081.71,6.236170513819726e-09
3081.72,5.999242157534965e-09
3081.73,5.810080476468851e-09
3081.74,5.661176352794784e-09
3081.75,5.5465288927596884e-09
3081.76,5.461386657080304e-09
3081.77,5.402180253602908e-09
3081.78,5.36565741932153e-09
3081.79,5.349727314425765e-09
3081.8,5.3526711054600424e-09
3081.81,5.37397700211632e-09
3081.82,5.411223017823806e-09
3081.83,5.464585741795117e-09
3081.84,5.536620381033592e-09
3081.85,5.621599436101679e-09
3081.86,5.7225633962223646e-09
3081.87,5.839957269294437e-09
3081.88,5.974470429837226e-09
3081.89,6.127049691489618e-09
3081.9,6.29892082335644e-09
3081.91,6.4916180263101744e-09
3081.92,6.7115456256207845e-09
3081.93,6.951940302894256e-09
3081.94,7.219507122938141e-09
3081.95,7.518263745871562e-09
3081.96,7.851169477603264e-09
3081.97,8.221790244276297e-09
3081.98,8.633402126180903e-09
3081.99,9.088279462850127e-09
3082.0,9.586811375974995e-09
3082.01,1.0126940075873244e-08
3082.02,1.084352715588243e-08
3082.03,1.145625806337301e-08
3082.04,1.2101921876446331e-08
3082.05,1.2782477813549721e-08
3082.06,1.3501775802277634e-08
3082.07,1.4265717752294225e-08
3082.08,1.508532329918564e-08
3082.09,1.5980384920391938e-08
3082.1,1.6977407985589572e-08
3082.11,1.811265828948148e-08
3082.12,1.9422031200139426e-08
3082.13,2.094359812997855e-08
3082.14,2.2718985054327322e-08
3082.15,2.4795769121992565e-08
3082.16,2.7230404118141346e-08
3082.17,3.009084873568677e-08
3082.18,3.345843646276474e-08
3082.19,3.742559873370201e-08
3082.2,4.2105422806807334e-08
3082.21,4.761249174199496e-08
3082.22,5.407516509307867e-08
3082.23,6.164708290635617e-08
3082.24,7.054035165335292e-08
3082.25,8.106002710502236e-08
3082.26,9.360427592590463e-08
3082.27,1.0858687857176745e-07
3082.28,1.262532582069986e-07
3082.29,1.4636596222189044e-07
3082.3,1.6776521952673572e-07
3082.31,1.8796584626401482e-07
3082.32,2.0326217201715435e-07
3082.33,2.0989956008080762e-07
3082.34,2.0603644358521967e-07
3082.35,1.929187258121749e-07
3082.36,1.740440382977524e-07
3082.37,1.5319109949767826e-07
3082.38,1.3302546524017054e-07
3082.39,1.1485743331284118e-07
3082.4,9.903625157660508e-08
3082.41,8.547179041122517e-08
3082.42,7.393428414561062e-08
3082.43,6.418239629937297e-08
3082.44,5.5981556210701856e-08
3082.45,4.910933076203217e-08
3082.46,4.335643400689263e-08
3082.47,3.853495459865589e-08
3082.48,3.4439471061111425e-08
3082.49,3.10220042045727e-08
3082.5,2.812802021612329e-08
3082.51,2.5667967222671705e-08
3082.52,2.356991069837571e-08
3082.53,2.1776277763300867e-08
3082.54,2.0248777394451603e-08
3082.55,1.8934700668029588e-08
3082.56,1.7814469214830257e-08
3082.57,1.6864643909451223e-08
3082.58,1.6067999919038015e-08
3082.59,1.5411638297867675e-08
3082.6,1.4887919979033026e-08
3082.61,1.4492193841155867e-08
3082.62,1.4224156318418661e-08
3082.63,1.4087667922478597e-08
3082.64,1.4090905823742289e-08
3082.65,1.4246753138065575e-08
3082.66,1.4573899568696134e-08
3082.67,1.5093931447972873e-08
3082.68,1.5830572649655163e-08
3082.69,1.6802870221580894e-08
3082.7,1.8014622284114966e-08
3082.71,1.943246387981178e-08
3082.72,2.0961513746993075e-08
3082.73,2.242448638543331e-08
3082.74,2.3569370782983995e-08
3082.75,2.4131173360538606e-08
3082.76,2.3945791538717568e-08
3082.77,2.3048723548347012e-08
3082.78,2.1661642865874567e-08
3082.79,2.0076213864778306e-08
3082.8,1.8526079503102063e-08
3082.81,1.7146939825787467e-08
3082.82,1.599122995958795e-08
3082.83,1.505754421867903e-08
3082.84,1.431872375891359e-08
3082.85,1.3747172302260219e-08
3082.86,1.3325691520051408e-08
3082.87,1.305972023991664e-08
3082.88,1.2945170482707039e-08
3082.89,1.2961133092238034e-08
3082.9,1.3057360295585234e-08
3082.91,1.3152857814039814e-08
3082.92,1.315962453522855e-08
3082.93,1.3003468767198991e-08
3082.94,1.2662551793378363e-08
3082.95,1.216746159929616e-08
3082.96,1.1576252295865707e-08
3082.97,1.0945660914496099e-08
3082.98,1.0317659664760636e-08
3082.99,9.719611375753492e-09
3083.0,9.169053155582623e-09
3083.01,8.675880358244966e-09
3083.02,8.247806103918925e-09
3083.03,7.87904155538043e-09
3083.04,7.567294016420334e-09
3083.05,7.309661686800294e-09
3083.06,7.1006199845234655e-09
3083.07,6.937856652510579e-09
3083.08,6.811755477335996e-09
3083.09,6.72143024829641e-09
3083.1,6.664223666219229e-09
3083.11,6.638301871584062e-09
3083.12,6.642533664335028e-09
3083.13,6.676246618033589e-09
3083.14,6.738763038471752e-09
3083.15,6.828571438641629e-09
3083.16,6.942026256791443e-09
3083.17,7.0717721289810715e-09
3083.18,7.205850218506707e-09
3083.19,7.329299986565706e-09
3083.2,7.429401391997622e-09
3083.21,7.502206072232734e-09
3083.22,7.554976341890813e-09
3083.23,7.601621268133993e-09
3083.24,7.65835812987655e-09
3083.25,7.7351474237686e-09
3083.26,7.839066621533263e-09
3083.27,7.9730724891917e-09
3083.28,8.138542719649243e-09
3083.29,8.335632497408348e-09
3083.3,8.564760646941936e-09
3083.31,8.831443665845134e-09
3083.32,9.126052714216118e-09
3083.33,9.454545461370162e-09
3083.34,9.818164457410532e-09
3083.35,1.0218816458522767e-08
3083.36,1.0661914469291678e-08
3083.37,1.1147372726662726e-08
3083.38,1.1861223090248878e-08
3083.39,1.2458537676488485e-08
3083.4,1.3125418839486902e-08
3083.41,1.3869625395149104e-08
3083.42,1.4695100638428345e-08
3083.43,1.5597756875886298e-08
3083.44,1.656410682353324e-08
3083.45,1.7576142155640402e-08
3083.46,1.8631978430427833e-08
3083.47,1.9749303407873894e-08
3083.48,2.096685667669919e-08
3083.49,2.2326749481967572e-08
3083.5,2.3862405000321785e-08
3083.51,2.5598476218265552e-08
3083.52,2.7558427742103642e-08
3083.53,2.9776704685440132e-08
3083.54,3.2305311901353865e-08
3083.55,3.5213871803371405e-08
3083.56,3.8582578504757746e-08
3083.57,4.2492689666683624e-08
3083.58,4.701947585390038e-08
3083.59,5.223317929047036e-08
3083.6,5.821619349322279e-08
3083.61,6.510144787755717e-08
3083.62,7.311941765718328e-08
3083.63,8.262403164014295e-08
3083.64,9.408064956308608e-08
3083.65,1.0801801982838079e-07
3083.66,1.249736333655346e-07
3083.67,1.4538113749866613e-07
3083.68,1.6935790942941546e-07
3083.69,1.9632624361633928e-07
3083.7,2.2446666088645662e-07
3083.71,2.5029203454155943e-07
3083.72,2.689680635772882e-07
3083.73,2.7597772728570117e-07
3083.74,2.695150058601704e-07
3083.75,2.5160752657184956e-07
3083.76,2.2677190686016235e-07
3083.77,1.9963247097323184e-07
3083.78,1.733959718749749e-07
3083.79,1.496930494932462e-07
3083.8,1.2908406435514486e-07
3083.81,1.1157517356584677e-07
3083.82,9.692695665752565e-08
3083.83,8.480278681015038e-08
3083.84,7.484038448180878e-08
3083.85,6.668698911453023e-08
3083.86,6.001229629964617e-08
3083.87,5.45161968126556e-08
3083.88,4.988243574116698e-08
3083.89,4.5854529423832326e-08
3083.9,4.222348756875656e-08
3083.91,3.887081198169766e-08
3083.92,3.570821112322484e-08
3083.93,3.287837933610138e-08
3083.94,3.0352287467342536e-08
3083.95,2.814451025072707e-08
3083.96,2.6250420133616537e-08
3083.97,2.4653437047975668e-08
3083.98,2.3333196787104037e-08
3083.99,2.2271268602860223e-08
3084.0,2.1454285989490435e-08
3084.01,2.0875162580642513e-08
3084.02,2.0532778537539246e-08
3084.03,2.0429973076191983e-08
3084.04,2.05694268148662e-08
3084.05,2.094786626147846e-08
3084.06,2.1551341682790276e-08
3084.07,2.2357913234076608e-08
3084.08,2.3322338107325686e-08
3084.09,2.4373480746305232e-08
3084.1,2.5358324824081033e-08
3084.11,2.6028356396204592e-08
3084.12,2.6117301256947787e-08
3084.13,2.549060791309916e-08
3084.14,2.4249617613959877e-08
3084.15,2.2656767099241557e-08
3084.16,2.099118287627405e-08
3084.17,1.9447108759907373e-08
3084.18,1.812057780005403e-08
3084.19,1.7040007482353554e-08
3084.2,1.6199617645286196e-08
3084.21,1.5580595797833355e-08
3084.22,1.5160680465643356e-08
3084.23,1.4919863579531274e-08
3084.24,1.4822058670159356e-08
3084.25,1.4848415192905032e-08
3084.26,1.4953257790544655e-08
3084.27,1.508118083181514e-08
3084.28,1.515219541694595e-08
3084.29,1.5086997380810678e-08
3084.3,1.4826016002112288e-08
3084.31,1.436877275682226e-08
3084.32,1.377419545690021e-08
3084.33,1.3128902677016132e-08
3084.34,1.251337263589021e-08
3084.35,1.1980475375277328e-08
3084.36,1.1556363935616231e-08
3084.37,1.1246105297844922e-08
3084.38,1.1038915983830957e-08
3084.39,1.0910129456736184e-08
3084.4,1.0822064140057508e-08
3084.41,1.0728757724638658e-08
3084.42,1.0588280375130772e-08
3084.43,1.0378753262682637e-08
3084.44,1.0109442985555787e-08
3084.45,9.802644492016725e-09
3084.46,9.494992652976093e-09
3084.47,9.213089600216068e-09
3084.48,8.973851376173518e-09
3084.49,8.781114214183535e-09
3084.5,8.63566337535075e-09
3084.51,8.534576646971806e-09
3084.52,8.474100540265873e-09
3084.53,8.45070370574345e-09
3084.54,8.461760897311851e-09
3084.55,8.50490939228394e-09
3084.56,8.579338644381898e-09
3084.57,8.684984528793426e-09
3084.58,8.822753216521288e-09
3084.59,8.994546981283273e-09
3084.6,9.203265367162023e-09
3084.61,9.452688698514027e-09
3084.62,9.747235401970172e-09
3084.63,1.0090006179829783e-08
3084.64,1.0481468806499944e-08
3084.65,1.0914079560693117e-08
3084.66,1.1368027247247531e-08
3084.67,1.1807951523571918e-08
3084.68,1.2193214694045912e-08
3084.69,1.2499567239404517e-08
3084.7,1.2742811811046476e-08
3084.71,1.2950989302072252e-08
3084.72,1.3175803854382052e-08
3084.73,1.3452368418643338e-08
3084.74,1.3800782128415691e-08
3084.75,1.4452071530415802e-08
3084.76,1.496535036659489e-08
3084.77,1.5559307957005735e-08
3084.78,1.6228113369168545e-08
3084.79,1.6964209573178513e-08
3084.8,1.7761398763278174e-08
3084.81,1.8619058415423416e-08
3084.82,1.9549710760665524e-08
3084.83,2.0577459360609517e-08
3084.84,2.1725952321729997e-08
3084.85,2.3020662818812406e-08
3084.86,2.4486880368213313e-08
3084.87,2.614987874281547e-08
3084.88,2.8029471906403972e-08
3084.89,3.01532871993832e-08
3084.9,3.254966508665002e-08
3084.91,3.52513018341755e-08
3084.92,3.829698981489255e-08
3084.93,4.1732448297373286e-08
3084.94,4.560734329852203e-08
3084.95,4.997003172837219e-08
3084.96,5.486115491048582e-08
3084.97,6.031902108440202e-08
3084.98,6.640738388410512e-08
3084.99,7.326226887827542e-08
3085.0,8.113051155841421e-08
3085.01,9.037208919054516e-08
3085.02,1.0143119077442181e-07
3085.03,1.148042410253996e-07
3085.04,1.3101809033816287e-07
3085.05,1.506054138757189e-07
3085.06,1.740518788409954e-07
3085.07,2.016762735976865e-07
3085.08,2.3337055126989854e-07
3085.09,2.681135509162767e-07
3085.1,3.032740075549822e-07
3085.11,3.3419025726220443e-07
3085.12,3.5481279267296636e-07
3085.13,3.60012375833388e-07
3085.14,3.483801091884068e-07
3085.15,3.231002601157172e-07
3085.16,2.899671411744357e-07
3085.17,2.5454582414845926e-07
3085.18,2.205984676442435e-07
3085.19,1.9003046469285713e-07
3085.2,1.6350613601675667e-07
3085.21,1.409662255114128e-07
3085.22,1.220734641397118e-07
3085.23,1.0635428393974714e-07
3085.24,9.331975209529538e-08
3085.25,8.251912237084175e-08
3085.26,7.355987551982551e-08
3085.27,6.610710933722824e-08
3085.28,5.987212379743569e-08
3085.29,5.460020455019343e-08
3085.3,5.006946854846917e-08
3085.31,4.610529052997884e-08
3085.32,4.260232962984703e-08
3085.33,3.951184842364075e-08
3085.34,3.6818593029607944e-08
3085.35,3.451172171223235e-08
3085.36,3.2495389856511023e-08
3085.37,3.0912789038091564e-08
3085.38,2.966781082692753e-08
3085.39,2.8752334948493084e-08
3085.4,2.8167513666593262e-08
3085.41,2.792392217601385e-08
3085.42,2.8038936438305034e-08
3085.43,2.8529009534960463e-08
3085.44,2.9397016118962757e-08
3085.45,3.058218240225678e-08
3085.46,3.194083526883472e-08
3085.47,3.3191692300430217e-08
3085.48,3.393678348975984e-08
3085.49,3.3819193220643525e-08
3085.5,3.271759161366373e-08
3085.51,3.082616253703351e-08
3085.52,2.8530432803870392e-08
3085.53,2.619338120332443e-08
3085.54,2.4052157907824766e-08
3085.55,2.2215305015118058e-08
3085.56,2.0707759268420375e-08
3085.57,1.9513906321427902e-08
3085.58,1.8604253225543963e-08
3085.59,1.7950380013698406e-08
3085.6,1.7527338165507886e-08
3085.61,1.731497323122694e-08
3085.62,1.7293644644469867e-08
3085.63,1.7436989672745535e-08
3085.64,1.7698590156376315e-08
3085.65,1.8015694300982883e-08
3085.66,1.828505189242786e-08
3085.67,1.8411891162142516e-08
3085.68,1.8320620625955065e-08
3085.69,1.8004169288101476e-08
3085.7,1.751845918565578e-08
3085.71,1.6950329073985494e-08
3085.72,1.6383423875552372e-08
3085.73,1.5858948917396828e-08
3085.74,1.5405223625034522e-08
3085.75,1.502154534026369e-08
3085.76,1.4691391569257169e-08
3085.77,1.4391397517805965e-08
3085.78,1.4100672376332463e-08
3085.79,1.38082531375843e-08
3085.8,1.3516063674798428e-08
3085.81,1.3236688382749045e-08
3085.82,1.299108993259541e-08
3085.83,1.2791645480912517e-08
3085.84,1.2656985997924611e-08
3085.85,1.2599224638308582e-08
3085.86,1.2626784429293718e-08
3085.87,1.274345305997657e-08
3085.88,1.294513583542704e-08
3085.89,1.3213632700779074e-08
3085.9,1.3509709103859512e-08
3085.91,1.3773558462456962e-08
3085.92,1.3943163814930331e-08
3085.93,1.3986496114431299e-08
3085.94,1.3919792439425656e-08
3085.95,1.379231709285589e-08
3085.96,1.3654458846519906e-08
3085.97,1.3548481658377988e-08
3085.98,1.349663520507127e-08
3085.99,1.3515200947415732e-08
3086.0,1.361410365862031e-08
3086.01,1.3797957345846802e-08
3086.02,1.4067538039723146e-08
3086.03,1.4418722422096902e-08
3086.04,1.4840373516310969e-08
3086.05,1.531159396614329e-08
3086.06,1.5801224478958028e-08
3086.07,1.6273584605697872e-08
3086.08,1.6703729863684614e-08
3086.09,1.7085369654985563e-08
3086.1,1.7425805058185983e-08
3086.11,1.7765372480281796e-08
3086.12,1.8140555362256504e-08
3086.13,1.8860909854717902e-08
3086.14,1.9407245017936378e-08
3086.15,2.0071315578143386e-08
3086.16,2.086841764106994e-08
3086.17,2.1812728793027573e-08
3086.18,2.2919527150957644e-08
3086.19,2.4204079339756537e-08
3086.2,2.5688791447509925e-08
3086.21,2.7388149978742823e-08
3086.22,2.9310129398668968e-08
3086.23,3.1443438683333666e-08
3086.24,3.374441546687295e-08
3086.25,3.612991196988878e-08
3086.26,3.849187146899135e-08
3086.27,4.0743173357759164e-08
3086.28,4.2877064335596275e-08
3086.29,4.499179831556524e-08
3086.3,4.7258153776219244e-08
3086.31,4.985882393923029e-08
3086.32,5.294291276396608e-08
3086.33,5.661159526757046e-08
3086.34,6.09192806876461e-08
3086.35,6.588601605038311e-08
3086.36,7.152758325733709e-08
3086.37,7.790173993634121e-08
3086.38,8.515909732673503e-08
3086.39,9.356710828982778e-08
3086.4,1.0349622860565518e-07
3086.41,1.1539506461938804e-07
3086.42,1.2977944761741787e-07
3086.43,1.472340919044062e-07
3086.44,1.684160881189569e-07
3086.45,1.9403006884820808e-07
3086.46,2.247385252211089e-07
3086.47,2.609447151776583e-07
3086.48,3.0236631861919565e-07
3086.49,3.4735049946852384e-07
3086.5,3.920762097756394e-07
3086.51,4.30244055177424e-07
3086.52,4.5424230219258507e-07
3086.53,4.582328437461718e-07
3086.54,4.4126998018243175e-07
3086.55,4.0792489410686097e-07
3086.56,3.655157401862059e-07
3086.57,3.207781377715932e-07
3086.58,2.781638912929003e-07
3086.59,2.398805865437544e-07
3086.6,2.066425730634321e-07
3086.61,1.783648248471595e-07
3086.62,1.5459269723779407e-07
3086.63,1.3473392207516118e-07
3086.64,1.1818201440449483e-07
3086.65,1.0437928929451964e-07
3086.66,9.284332886345294e-08
3086.67,8.317708062696449e-08
3086.68,7.504292726264917e-08
3086.69,6.818598260425536e-08
3086.7,6.239063895302099e-08
3086.71,5.749506799828044e-08
3086.72,5.337057638385764e-08
3086.73,4.991855299373917e-08
3086.74,4.7065816072598877e-08
3086.75,4.476128759113448e-08
3086.76,4.2973674755923404e-08
3086.77,4.168967210498988e-08
3086.78,4.091180289533096e-08
3086.79,4.065418239654289e-08
3086.8,4.09329483189218e-08
3086.81,4.1639923484304825e-08
3086.82,4.2935805280257793e-08
3086.83,4.452776191310818e-08
3086.84,4.6079715944989295e-08
3086.85,4.708842182416804e-08
3086.86,4.7043457082504116e-08
3086.87,4.569016792404597e-08
3086.88,4.318722823444243e-08
3086.89,4.000354900755282e-08
3086.9,3.664243291303748e-08
3086.91,3.346734252069823e-08
3086.92,3.066231422993746e-08
3086.93,2.82834290265047e-08
3086.94,2.6317834686779986e-08
3086.95,2.4724730388144267e-08
3086.96,2.3460311963207555e-08
3086.97,2.2484108145869942e-08
3086.98,2.1764549487606413e-08
3086.99,2.1277861075043565e-08
3087.0,2.100518947056512e-08
3087.01,2.0927345415649477e-08
3087.02,2.1016680455392364e-08
3087.03,2.1222651310096987e-08
3087.04,2.1478432385279472e-08
3087.05,2.1673997881199863e-08
3087.06,2.1717256945033783e-08
3087.07,2.153948621093025e-08
3087.08,2.11519774858161e-08
3087.09,2.06334642812943e-08
3087.1,2.0092033553315633e-08
3087.11,1.9622514586032272e-08
3087.12,1.9282954174745643e-08
3087.13,1.9084941879327497e-08
3087.14,1.9001145104207627e-08
3087.15,1.8953959894414844e-08
3087.16,1.8843647891229803e-08
3087.17,1.8589087648517902e-08
3087.18,1.817242170409901e-08
3087.19,1.7644224769008306e-08
3087.2,1.7085820230565472e-08
3087.21,1.6571204386365005e-08
3087.22,1.6137937263054094e-08
3087.23,1.580834337885439e-08
3087.24,1.5586738088062354e-08
3087.25,1.5470446630116335e-08
3087.26,1.545478724079593e-08
3087.27,1.5535647068116074e-08
3087.28,1.571054788006799e-08
3087.29,1.597881517981848e-08
3087.3,1.6344819635644513e-08
3087.31,1.6802285977879677e-08
3087.32,1.7354625173160238e-08
3087.33,1.7997823894142078e-08
3087.34,1.872092398494196e-08
3087.35,1.9502863870926237e-08
3087.36,2.0319241714469213e-08
3087.37,2.11132116909296e-08
3087.38,2.1853852072281792e-08
3087.39,2.251871715983145e-08
3087.4,2.3114560899736824e-08
3087.41,2.3679295584288493e-08
3087.42,2.4270264974881757e-08
3087.43,2.4943471915814542e-08
3087.44,2.573062025705435e-08
3087.45,2.661798379792231e-08
3087.46,2.7532954373546057e-08
3087.47,2.834580228935364e-08
3087.48,2.8907197406968264e-08
3087.49,2.912185617306191e-08
3087.5,2.8980772928844154e-08
3087.51,2.8598271486764698e-08
3087.52,2.846189243499233e-08
3087.53,2.8046952800274258e-08
3087.54,2.777666223909131e-08
3087.55,2.7698617573395717e-08
3087.56,2.7830118440191094e-08
3087.57,2.8172030198084523e-08
3087.58,2.8719650550332625e-08
3087.59,2.9472977766477938e-08
3087.6,3.042913460790268e-08
3087.61,3.1592069842778143e-08
3087.62,3.2970972959652015e-08
3087.63,3.4580675878896774e-08
3087.64,3.644163885244402e-08
3087.65,3.85807826678029e-08
3087.66,4.1032060313827e-08
3087.67,4.38331429347937e-08
3087.68,4.702580934884005e-08
3087.69,5.065202084346467e-08
3087.7,5.474994618762067e-08
3087.71,5.9351758090053965e-08
3087.72,6.448724949539763e-08
3087.73,7.018557069368223e-08
3087.74,7.648572776700864e-08
3087.75,8.343317995691945e-08
3087.76,9.109179130499515e-08
3087.77,9.957208949278794e-08
3087.78,1.0906209886826776e-07
3087.79,1.1984787994337912e-07
3087.8,1.3233664241649298e-07
3087.81,1.4708514741395866e-07
3087.82,1.6480310508471373e-07
3087.83,1.8632081525510794e-07
3087.84,2.1254590337223206e-07
3087.85,2.444069685111604e-07
3087.86,2.8273384438937523e-07
3087.87,3.2800036159331213e-07
3087.88,3.796785122786709e-07
3087.89,4.3552685176306995e-07
3087.9,4.9054975460244e-07
3087.91,5.36783243677237e-07
3087.92,5.649247140867686e-07
3087.93,5.681857196068976e-07
3087.94,5.460353123643824e-07
3087.95,5.044801966107408e-07
3087.96,4.526110012119351e-07
3087.97,3.985666491191865e-07
3087.98,3.4756667131104376e-07
3087.99,3.020374991712522e-07
3088.0,2.6260157164584506e-07
3088.01,2.289876988992282e-07
3088.02,2.0056879993235194e-07
3088.03,1.766093164028183e-07
3088.04,1.5638446802471386e-07
3088.05,1.3924914812836296e-07
3088.06,1.2467362571530946e-07
3088.07,1.1224559310669614e-07
3088.08,1.0164829505088197e-07
3088.09,9.26339920739848e-08
3088.1,8.500271522191792e-08
3088.11,7.85908754286458e-08
3088.12,7.326635279889857e-08
3088.13,6.892671942444824e-08
3088.14,6.549828846137699e-08
3088.15,6.293471638981895e-08
3088.16,6.121313661862534e-08
3088.17,6.032675645842435e-08
3088.18,6.026704972195203e-08
3088.19,6.098946229671175e-08
3088.2,6.235377438577769e-08
3088.21,6.405013282895334e-08
3088.22,6.554127540426743e-08
3088.23,6.613403170000798e-08
3088.24,6.523491409894472e-08
3088.25,6.25345216729342e-08
3088.26,5.865990624127264e-08
3088.27,5.4117661060602034e-08
3088.28,4.9519061213850406e-08
3088.29,4.527263663896641e-08
3088.3,4.156606553111456e-08
3088.31,3.844574025110847e-08
3088.32,3.58830721492345e-08
3088.33,3.383208343737987e-08
3088.34,3.2236596325806005e-08
3088.35,3.1051461612228376e-08
3088.36,3.024094868197284e-08
3088.37,2.9773777562644534e-08
3088.38,2.9612137188620527e-08
3088.39,2.9695378440404918e-08
3088.4,2.992485052224399e-08
3088.41,3.0166367369823156e-08
3088.42,3.028539760227094e-08
3088.43,3.0197144343604634e-08
3088.44,2.987620501346919e-08
3088.45,2.933813817124975e-08
3088.46,2.8570784550327896e-08
3088.47,2.7594141573287454e-08
3088.48,2.6442529252889547e-08
3088.49,2.5200257314059567e-08
3088.5,2.3965789996617252e-08
3088.51,2.2819474672457766e-08
3088.52,2.180951500919991e-08
3088.53,2.0960286279803863e-08
3088.54,2.027198189519718e-08
3088.55,1.9722411089038232e-08
3088.56,1.9309778413885803e-08
3088.57,1.902380363906908e-08
3088.58,1.8856526895069194e-08
3088.59,1.880421701570176e-08
3088.6,1.8868835177392352e-08
3088.61,1.9047160681179148e-08
3088.62,1.934818753081151e-08
3088.63,1.9780525437968372e-08
3088.64,2.0354116590296962e-08
3088.65,2.1077797733121035e-08
3088.66,2.1954732502036902e-08
3088.67,2.297417295778727e-08
3088.68,2.4098134846399345e-08
3088.69,2.5244823863424198e-08
3088.7,2.62795444447624e-08
3088.71,2.703245802263383e-08
3088.72,2.73577858259046e-08
3088.73,2.7206384857520478e-08
3088.74,2.665550713395797e-08
3088.75,2.5866817103380246e-08
3088.76,2.501153879979497e-08
3088.77,2.4218269323587085e-08
3088.78,2.356055424238926e-08
3088.79,2.3068681730850934e-08
3088.8,2.274696833014618e-08
3088.81,2.2587403733552802e-08
3088.82,2.2578040474298817e-08
3088.83,2.270628410832177e-08
3088.84,2.2965335684224677e-08
3088.85,2.3348266712670596e-08
3088.86,2.3852654115158633e-08
3088.87,2.4479420909059077e-08
3088.88,2.523273134719179e-08
3088.89,2.6119866866544062e-08
3088.9,2.715759244797389e-08
3088.91,2.834565066736943e-08
3088.92,3.010232305207122e-08
3088.93,3.165085687980223e-08
3088.94,3.3398713963714705e-08
3088.95,3.535218966967879e-08
3088.96,3.7505096545955405e-08
3088.97,3.9832057168908154e-08
3088.98,4.229282033491114e-08
3088.99,4.480084774730587e-08
3089.0,4.7289385825422795e-08
3089.01,4.96985241531782e-08
3089.02,5.1997319190572214e-08
3089.03,5.417579750364257e-08
3089.04,5.6225313512758984e-08
3089.05,5.8141873169324634e-08
3089.06,5.996878974306022e-08
3089.07,6.183639675926671e-08
3089.08,6.394445542411456e-08
3089.09,6.650127299139344e-08
3089.1,6.967684929061095e-08
3089.11,7.359339563150253e-08
3089.12,7.833660513825751e-08
3089.13,8.396773113892107e-08
3089.14,9.053701164420997e-08
3089.15,9.807192617540827e-08
3089.16,1.0664124496759925e-07
3089.17,1.1638317485205629e-07
3089.18,1.2756374900705063e-07
3089.19,1.4060360617774834e-07
3089.2,1.5604195288545778e-07
3089.21,1.7454313307175437e-07
3089.22,1.9686992957210836e-07
3089.23,2.2389939954826386e-07
3089.24,2.566576816927847e-07
3089.25,2.9614990977399044e-07
3089.26,3.434008848884539e-07
3089.27,3.98980987091851e-07
3089.28,4.6237875160072854e-07
3089.29,5.309715306679898e-07
3089.3,5.988769217358634e-07
3089.31,6.56560861301723e-07
3089.32,6.926894859500772e-07
3089.33,6.986325162720869e-07
3089.34,6.731268281774517e-07
3089.35,6.230306360973861e-07
3089.36,5.593924754911664e-07
3089.37,4.924833442445762e-07
3089.38,4.2912889404541096e-07
3089.39,3.726072147182442e-07
3089.4,3.237497006077015e-07
3089.41,2.8213312347108473e-07
3089.42,2.469071046076253e-07
3089.43,2.1720102833577096e-07
3089.44,1.9224089331933935e-07
3089.45,1.7134830659024454e-07
3089.46,1.5392753360666016e-07
3089.47,1.3946379280134833e-07
3089.48,1.2753098732828666e-07
3089.49,1.1778120718151228e-07
3089.5,1.0994246006645946e-07
3089.51,1.0380766670920677e-07
3089.52,9.922430896825183e-08
3089.53,9.607931168249718e-08
3089.54,9.42972628245893e-08
3089.55,9.379808944177485e-08
3089.56,9.447866834450558e-08
3089.57,9.616455488644894e-08
3089.58,9.855168329776376e-08
3089.59,1.011451464797143e-07
3089.6,1.0322913135770818e-07
3089.61,1.0395616373235149e-07
3089.62,1.026255542439238e-07
3089.63,9.904434685378027e-08
3089.64,9.36592964695646e-08
3089.65,8.728836487255012e-08
3089.66,8.069116704715646e-08
3089.67,7.431617316680742e-08
3089.68,6.831675967455223e-08
3089.69,6.255024917598853e-08
3089.7,5.739847977599985e-08
3089.71,5.274880001925826e-08
3089.72,4.865398550064335e-08
3089.73,4.512531373270908e-08
3089.74,4.213462723082267e-08
3089.75,3.963211119097207e-08
3089.76,3.756932081577922e-08
3089.77,3.588330888555975e-08
3089.78,3.453947903624108e-08
3089.79,3.3506487367511696e-08
3089.8,3.276102063484714e-08
3089.81,3.228421706849504e-08
3089.82,3.2055712510991876e-08
3089.83,3.204479824630036e-08
3089.84,3.219963896880537e-08
3089.85,3.2439562154742647e-08
3089.86,3.2655757822558106e-08
3089.87,3.27499725997623e-08
3089.88,3.268994130670671e-08
3089.89,3.249617013029683e-08
3089.9,3.226566855850228e-08
3089.91,3.2115123173479054e-08
3089.92,3.2132974873711486e-08
3089.93,3.234835894160084e-08
3089.94,3.27148191686658e-08
3089.95,3.310593803041954e-08
3089.96,3.33331206301249e-08
3089.97,3.320781244786134e-08
3089.98,3.261962574641819e-08
3089.99,3.159626645196555e-08
3090.0,3.0284361282582666e-08
3090.01,2.8861113227984085e-08
3090.02,2.7481660879491678e-08
3090.03,2.6239465644901402e-08
3090.04,2.5174535645955494e-08
3090.05,2.4290840557713033e-08
3090.06,2.357264477915979e-08
3090.07,2.2996467348227483e-08
3090.08,2.2539407558372316e-08
3090.09,2.2184103512051062e-08
3090.1,2.191795169483434e-08
3090.11,2.173849694051705e-08
3090.12,2.1639808774831368e-08
3090.13,2.161845113687469e-08
3090.14,2.1671559427511818e-08
3090.15,2.1796649962235748e-08
3090.16,2.1992820980542736e-08
3090.17,2.22605355067418e-08
3090.18,2.2601994794638574e-08
3090.19,2.302136640834603e-08
3090.2,2.3525044097170437e-08
3090.21,2.4121950898863628e-08
3090.22,2.4823843614619032e-08
3090.23,2.5645477196516367e-08
3090.24,2.6604289562066408e-08
3090.25,2.7718891077057803e-08
3090.26,2.9017976384917438e-08
3090.27,3.047988915429407e-08
3090.28,3.209483226350572e-08
3090.29,3.37927034579455e-08
3090.3,3.5442310970539324e-08
3090.31,3.7337647370866484e-08
3090.32,3.840290698982973e-08
3090.33,3.907266899245526e-08
3090.34,3.945634331180787e-08
3090.35,3.973831312651986e-08
3090.36,4.0091056328281075e-08
3090.37,4.0630477384194574e-08
3090.38,4.14247235797301e-08
3090.39,4.248087075542455e-08
3090.4,4.382048506660197e-08
3090.41,4.544511904658046e-08
3090.42,4.736145209650835e-08
3090.43,4.95817447621589e-08
3090.44,5.2125387076590035e-08
3090.45,5.5019822512334934e-08
3090.46,5.8301375328727204e-08
3090.47,6.202256499865992e-08
3090.48,6.622800760998734e-08
3090.49,7.099375202871716e-08
3090.5,7.640351186132419e-08
3090.51,8.255612894264195e-08
3090.52,8.956581000636874e-08
3090.53,9.756061406039619e-08
3090.54,1.0667869035501399e-07
3090.55,1.1706362700709592e-07
3090.56,1.288646218149386e-07
3090.57,1.4225206040667786e-07
3090.58,1.57456089826092e-07
3090.59,1.748300145312623e-07
3090.6,1.9483173514874004e-07
3090.61,2.1813780459218185e-07
3090.62,2.45418408338993e-07
3090.63,2.776004694009776e-07
3090.64,3.1574662075611674e-07
3090.65,3.6110291197113995e-07
3090.66,4.1497537268378653e-07
3090.67,4.783577646119583e-07
3090.68,5.511951359389217e-07
3090.69,6.31216883486418e-07
3090.7,7.125280156597966e-07
3090.71,7.847826322777166e-07
3090.72,8.345947838047464e-07
3090.73,8.502131325146613e-07
3090.74,8.27505780300243e-07
3090.75,7.724169315521172e-07
3090.76,6.975025237318005e-07
3090.77,6.158846030606081e-07
3090.78,5.371278946299956e-07
3090.79,4.663984296179701e-07
3090.8,4.0546929204672246e-07
3090.81,3.540952330768843e-07
3090.82,3.1109187286959677e-07
3090.83,2.7503780839842217e-07
3090.84,2.446733781506289e-07
3090.85,2.1905112899477154e-07
3090.86,1.9750504113157236e-07
3090.87,1.7954744304955509e-07
3090.88,1.6478638231884153e-07
3090.89,1.528855464027928e-07
3090.9,1.435514509491672e-07
3090.91,1.3652067765281565e-07
3090.92,1.3153766414988753e-07
3090.93,1.2833097581478773e-07
3090.94,1.266051313781339e-07
3090.95,1.260801233856879e-07
3090.96,1.2651609011335376e-07
3090.97,1.2764689746811263e-07
3090.98,1.2899957012502614e-07
3090.99,1.2975637526977205e-07
3091.0,1.2889227494404146e-07
3091.01,1.256328777821726e-07
3091.02,1.198985136391745e-07
3091.03,1.1240725370894078e-07
3091.04,1.0423227956780357e-07
3091.05,9.633074353100258e-08
3091.06,8.93127144758146e-08
3091.07,8.345227362309625e-08
3091.08,7.87940794815378e-08
3091.09,7.524796094521064e-08
3091.1,7.264163106468834e-08
3091.11,7.075388486902817e-08
3091.12,6.909033463079089e-08
3091.13,6.780178177245371e-08
3091.14,6.641479477664009e-08
3091.15,6.478215567608375e-08
3091.16,6.290314347493907e-08
3091.17,6.090433071184822e-08
3091.18,5.8973865100975945e-08
3091.19,5.728679281418477e-08
3091.2,5.5952265899143e-08
3091.21,5.49854654754545e-08
3091.22,5.429675099777156e-08
3091.23,5.370682778908855e-08
3091.24,5.2999155499304505e-08
3091.25,5.200318037929945e-08
3091.26,5.065827895138592e-08
3091.27,4.900429619482767e-08
3091.28,4.7116372314932775e-08
3091.29,4.5035894658186766e-08
3091.3,4.285368156839651e-08
3091.31,4.0618868930607656e-08
3091.32,3.8422994342252626e-08
3091.33,3.6357332256501064e-08
3091.34,3.448817680040873e-08
3091.35,3.284835877579525e-08
3091.36,3.1443093937875324e-08
3091.37,3.026073986670444e-08
3091.38,2.9279805639814138e-08
3091.39,2.848399823758584e-08
3091.4,2.7851444861112625e-08
3091.41,2.7367418231031135e-08
3091.42,2.7011012900439787e-08
3091.43,2.6768066297575433e-08
3091.44,2.6629809432057477e-08
3091.45,2.658262821035528e-08
3091.46,2.662006279394541e-08
3091.47,2.6742189734571072e-08
3091.48,2.6955380972443392e-08
3091.49,2.727149108913179e-08
3091.5,2.7708157611033487e-08
3091.51,2.8288973093689534e-08
3091.52,2.9040950232595263e-08
3091.53,2.998816871134189e-08
3091.54,3.114091464247654e-08
3091.55,3.2478293937984194e-08
3091.56,3.3923918381780944e-08
3091.57,3.532450382173164e-08
3091.58,3.645909800867688e-08
3091.59,3.710926955450998e-08
3091.6,3.7171433650252256e-08
3091.61,3.6721890187142216e-08
3091.62,3.5968620506482365e-08
3091.63,3.513960712324067e-08
3091.64,3.440254593428245e-08
3091.65,3.3857377932786425e-08
3091.66,3.351673791638109e-08
3091.67,3.338991548078782e-08
3091.68,3.34626278119129e-08
3091.69,3.3717213312533567e-08
3091.7,3.413756753758021e-08
3091.71,3.5237114371357286e-08
3091.72,3.5958123831637925e-08
3091.73,3.682465831183888e-08
3091.74,3.782240636009023e-08
3091.75,3.895892224097847e-08
3091.76,4.023827519700833e-08
3091.77,4.1673081240789737e-08
3091.78,4.326083440314329e-08
3091.79,4.501934728716691e-08
3091.8,4.696335304053205e-08
3091.81,4.9107747025699874e-08
3091.82,5.1479559123291095e-08
3091.83,5.410100819498691e-08
3091.84,5.700176953581922e-08
3091.85,6.021699986252015e-08
3091.86,6.378774106294837e-08
3091.87,6.776302836080364e-08
3091.88,7.220082292318894e-08
3091.89,7.71700164367643e-08
3091.9,8.275268071546588e-08
3091.91,8.904673712027045e-08
3091.92,9.616902025369797e-08
3091.93,1.0425860260202526e-07
3091.94,1.1348007825465267e-07
3091.95,1.2402634084828911e-07
3091.96,1.3612052370799121e-07
3091.97,1.500179312378488e-07
3091.98,1.6602837070673758e-07
3091.99,1.844700819018244e-07
3092.0,2.0586035857872202e-07
3092.01,2.3071319193720822e-07
3092.02,2.599325995871444e-07
3092.03,2.946307121085548e-07
3092.04,3.3615474296824437e-07
3092.05,3.860431657080273e-07
3092.06,4.458749170363422e-07
3092.07,5.169940647968339e-07
3092.08,5.999183048016782e-07
3092.09,6.93282635410409e-07
3092.1,7.923042185482976e-07
3092.11,8.873032090875636e-07
3092.12,9.637862348123904e-07
3092.13,1.0060011112049224e-06
3092.14,1.0037980473470896e-06
3092.15,9.582961393478335e-07
3092.16,8.812487783963786e-07
3092.17,7.887099458968252e-07
3092.18,6.945420155903252e-07
3092.19,6.075413693841434e-07
3092.2,5.316729222096097e-07
3092.21,4.6771823428113384e-07
3092.22,4.146916288294666e-07
3092.23,3.7090098275414703e-07
3092.24,3.345716238964043e-07
3092.25,3.041162191331676e-07
3092.26,2.782013664844827e-07
3092.27,2.5576995830155916e-07
3092.28,2.3608382611104532e-07
3092.29,2.187520540780348e-07
3092.3,2.0363549719285467e-07
3092.31,1.9080856243488326e-07
3092.32,1.803987113333271e-07
3092.33,1.725056143500603e-07
3092.34,1.671354799996432e-07
3092.35,1.6413417965271355e-07
3092.36,1.630889819236526e-07
3092.37,1.6320726512811685e-07
3092.38,1.6326282498391095e-07
3092.39,1.6178870519208305e-07
3092.4,1.5759631424061906e-07
3092.41,1.5036001398667726e-07
3092.42,1.4076050971170672e-07
3092.43,1.3004396903562577e-07
3092.44,1.194150094805724e-07
3092.45,1.096916636353772e-07
3092.46,1.0127731499094239e-07
3092.47,9.427996981895366e-08
3092.48,8.863806408087493e-08
3092.49,8.419941590607208e-08
3092.5,8.075356258363635e-08
3092.51,7.803869725526051e-08
3092.52,7.575519196365763e-08
3092.53,7.360478110955624e-08
3092.54,7.112028655436593e-08
3092.55,6.87989028286659e-08
3092.56,6.647803752232539e-08
3092.57,6.434447502465443e-08
3092.58,6.257487273189826e-08
3092.59,6.128584075811456e-08
3092.6,6.052633472367797e-08
3092.61,6.029091593208198e-08
3092.62,6.054064929344196e-08
3092.63,6.122296799624023e-08
3092.64,6.227690306988877e-08
3092.65,6.361762614682914e-08
3092.66,6.509261991367045e-08
3092.67,6.646067706191759e-08
3092.68,6.741340514168156e-08
3092.69,6.765104054649915e-08
3092.7,6.699567328564044e-08
3092.71,6.543246779553e-08
3092.72,6.311040447987778e-08
3092.73,6.025619851041827e-08
3092.74,5.7206664922143246e-08
3092.75,5.420429015717913e-08
3092.76,5.145892483163011e-08
3092.77,4.9108162187339644e-08
3092.78,4.722601020221922e-08
3092.79,4.5842118800187213e-08
3092.8,4.495946691937394e-08
3092.81,4.456353883392977e-08
3092.82,4.462041099339779e-08
3092.83,4.50654088931922e-08
3092.84,4.576916376369459e-08
3092.85,4.652671649737673e-08
3092.86,4.705086096205488e-08
3092.87,4.7045314725692456e-08
3092.88,4.633688977740433e-08
3092.89,4.4972848936730884e-08
3092.9,4.3186395984772354e-08
3092.91,4.1264944600447615e-08
3092.92,3.9447604615270105e-08
3092.93,3.7838237338552164e-08
3092.94,3.6493843418225114e-08
3092.95,3.5423360620203593e-08
3092.96,3.4600386844186886e-08
3092.97,3.3995593535841455e-08
3092.98,3.3579995779413085e-08
3092.99,3.332791717010448e-08
3093.0,3.321767088782289e-08
3093.01,3.323129578459912e-08
3093.02,3.335408349846706e-08
3093.03,3.3574280382540246e-08
3093.04,3.388308323623145e-08
3093.05,3.427479535126643e-08
3093.06,3.474684807310557e-08
3093.07,3.5299458852788315e-08
3093.08,3.5940658051062456e-08
3093.09,3.6662786379283685e-08
3093.1,3.747603384425704e-08
3093.11,3.8970660122276865e-08
3093.12,3.9985574118010187e-08
3093.13,4.1108709973848163e-08
3093.14,4.2347291883611534e-08
3093.15,4.371553643317862e-08
3093.16,4.521132326483016e-08
3093.17,4.685167454142778e-08
3093.18,4.864951668270891e-08
3093.19,5.0619806794513255e-08
3093.2,5.2779844044670814e-08
3093.21,5.5149640680397875e-08
3093.22,5.7752368768441126e-08
3093.23,6.061490116203011e-08
3093.24,6.376846858752954e-08
3093.25,6.724647375713746e-08
3093.26,7.109742205180467e-08
3093.27,7.53681376625421e-08
3093.28,8.011728013060468e-08
3093.29,8.540853988478823e-08
3093.3,9.133378977340635e-08
3093.31,9.798427336327688e-08
3093.32,1.0547427639691295e-07
3093.33,1.1393989640378069e-07
3093.34,1.2354468021379534e-07
3093.35,1.3448412386259564e-07
3093.36,1.4701076545881227e-07
3093.37,1.6142350287426595e-07
3093.38,1.780927302644905e-07
3093.39,1.9752766747493177e-07
3093.4,2.2014674569302877e-07
3093.41,2.4665805896176913e-07
3093.42,2.77845759957019e-07
3093.43,3.1467430582810726e-07
3093.44,3.5834639989421664e-07
3093.45,4.103462221196913e-07
3093.46,4.724046792770074e-07
3093.47,5.462964245654614e-07
3093.48,6.334006292574145e-07
3093.49,7.338143823140757e-07
3093.5,8.450092421501937e-07
3093.51,9.600667644821645e-07
3093.52,1.0663275984390994e-06
3093.53,1.146279990498028e-06
3093.54,1.1825625155764023e-06
3093.55,1.165980938164965e-06
3093.56,1.100791402387765e-06
3093.57,1.0023152328080177e-06
3093.58,8.891264628241931e-07
3093.59,7.762098566696574e-07
3093.6,6.726231786183643e-07
3093.61,5.822849870385871e-07
3093.62,5.058622794753041e-07
3093.63,4.423765799742825e-07
3093.64,3.9021938480877003e-07
3093.65,3.4768183380973034e-07
3093.66,3.1317856655902977e-07
3093.67,2.85312315280482e-07
3093.68,2.628696701498237e-07
3093.69,2.4481892756031056e-07
3093.7,2.3034565961234846e-07
3093.71,2.1893077907426508e-07
3093.72,2.102862178143408e-07
3093.73,2.0438732877834627e-07
3093.74,2.0122503155393097e-07
3093.75,2.0062240612577222e-07
3093.76,2.020311154716804e-07
3093.77,2.0438914635276288e-07
3093.78,2.060550959062066e-07
3093.79,2.0530936718943287e-07
3093.8,2.0098618015941683e-07
3093.81,1.9306746125841725e-07
3093.82,1.825833596425667e-07
3093.83,1.7094462700022584e-07
3093.84,1.5932267696793705e-07
3093.85,1.484474524242374e-07
3093.86,1.3871704132845677e-07
3093.87,1.3033948397547222e-07
3093.88,1.2338915426644157e-07
3093.89,1.1779874140885214e-07
3093.9,1.1334411766377333e-07
3093.91,1.0965336449911278e-07
3093.92,1.0625869671195359e-07
3093.93,1.0270286170675686e-07
3093.94,9.867579612447359e-08
3093.95,9.410878406991404e-08
3093.96,8.883369268662171e-08
3093.97,8.3780757082031e-08
3093.98,7.8904732751695e-08
3093.99,7.441171101788468e-08
3094.0,7.042969475742265e-08
3094.01,6.701538779043711e-08
3094.02,6.419238056985056e-08
3094.03,6.194607342551807e-08
3094.04,6.025776139843807e-08
3094.05,5.911191881613662e-08
3094.06,5.850297864711733e-08
3094.07,5.8438516666905815e-08
3094.08,5.89394968614846e-08
3094.09,6.003699758680833e-08
3094.1,6.176451492539752e-08
3094.11,6.41341031753372e-08
3094.12,6.71114812978209e-08
3094.13,7.056463617540798e-08
3094.14,7.422280350887156e-08
3094.15,7.768372698906501e-08
3094.16,8.049922266564051e-08
3094.17,8.24648550084591e-08
3094.18,8.359871653830205e-08
3094.19,8.418938155548239e-08
3094.2,8.449982722947608e-08
3094.21,8.458770532689396e-08
3094.22,8.425334655300211e-08
3094.23,8.317366211615238e-08
3094.24,8.104439832728598e-08
3094.25,7.784800989971087e-08
3094.26,7.381298405374483e-08
3094.27,6.933406441706164e-08
3094.28,6.481009487249238e-08
3094.29,6.05404414103338e-08
3094.3,5.670111637259574e-08
3094.31,5.3359750760487894e-08
3094.32,5.051687569244702e-08
3094.33,4.8136864896885514e-08
3094.34,4.6169486774895457e-08
3094.35,4.4562214709099774e-08
3094.36,4.3266297212796657e-08
3094.37,4.2239180805545124e-08
3094.38,4.144501876604553e-08
3094.39,4.0854284603771895e-08
3094.4,4.044304008617829e-08
3094.41,4.019744999876529e-08
3094.42,4.009179621038934e-08
3094.43,4.011964293991444e-08
3094.44,4.027212620207559e-08
3094.45,4.054281273616809e-08
3094.46,4.0927365627750166e-08
3094.47,4.141657207232728e-08
3094.48,4.2023062130635594e-08
3094.49,4.274076707673454e-08
3094.5,4.357181316306794e-08
3094.51,4.515488272364623e-08
3094.52,4.622846928711038e-08
3094.53,4.743019538399489e-08
3094.54,4.876781527469225e-08
3094.55,5.025054359248708e-08
3094.56,5.1889060639102176e-08
3094.57,5.369547068483777e-08
3094.58,5.568309220133219e-08
3094.59,5.7866753393270504e-08
3094.6,6.026223147797355e-08
3094.61,6.288545885643684e-08
3094.62,6.575532729868023e-08
3094.63,6.88939501461013e-08
3094.64,7.232982532989657e-08
3094.65,7.610100937233356e-08
3094.66,8.025754653133883e-08
3094.67,8.485752056319932e-08
3094.68,8.998657777298617e-08
3094.69,9.572904616659902e-08
3094.7,1.021849289298031e-07
3094.71,1.0948015883899796e-07
3094.72,1.1775162394724298e-07
3094.73,1.2716188978495997e-07
3094.74,1.3789740657232002e-07
3094.75,1.501630002757689e-07
3094.76,1.6416870764178822e-07
3094.77,1.801036061291886e-07
3094.78,1.9810320075434446e-07
3094.79,2.1831064108927343e-07
3094.8,2.406507587357254e-07
3094.81,2.6543835214423995e-07
3094.82,2.933059022431856e-07
3094.83,3.2537503781398994e-07
3094.84,3.631677561551784e-07
3094.85,4.084392594598123e-07
3094.86,4.630649304153381e-07
3094.87,5.28985404807969e-07
3094.88,6.081195462874526e-07
3094.89,7.0197212747656e-07
3094.9,8.109823226659339e-07
3094.91,9.330480213774641e-07
3094.92,1.0615235178529473e-06
3094.93,1.1833773497780106e-06
3094.94,1.2795311375243496e-06
3094.95,1.3297861506919265e-06
3094.96,1.321627109540841e-06
3094.97,1.2571796801246259e-06
3094.98,1.1519732293345976e-06
3094.99,1.0267211888765906e-06
3095.0,8.99177319090976e-07
3095.01,7.806114855978926e-07
3095.02,6.762946380266535e-07
3095.03,5.875088900372144e-07
3095.04,5.134312479784718e-07
3095.05,4.52385340922178e-07
3095.06,4.025259421608042e-07
3095.07,3.62155878961457e-07
3095.08,3.298411450811483e-07
3095.09,3.044259154106512e-07
3095.1,2.849993244242029e-07
3095.11,2.708362211594882e-07
3095.12,2.613202646383465e-07
3095.13,2.558553498103357e-07
3095.14,2.537742127374849e-07
3095.15,2.5424968421571617e-07
3095.16,2.5618763704465587e-07
3095.17,2.5812415396763267e-07
3095.18,2.5820632154180084e-07
3095.19,2.545063725826807e-07
3095.2,2.4574211730321173e-07
3095.21,2.319798155388749e-07
3095.22,2.146500180191395e-07
3095.23,1.9580545103116347e-07
3095.24,1.7726605758952439e-07
3095.25,1.601967029313096e-07
3095.26,1.4512357956652973e-07
3095.27,1.3213706319862722e-07
3095.28,1.2109246117226028e-07
3095.29,1.1174751192549675e-07
3095.3,1.0384465131510279e-07
3095.31,9.715824512827932e-08
3095.32,9.15142957592658e-08
3095.33,8.678053366460096e-08
3095.34,8.287520234499826e-08
3095.35,7.974560671684252e-08
3095.36,7.729459028542411e-08
3095.37,7.512193722606565e-08
3095.38,7.399970883306258e-08
3095.39,7.353293204496302e-08
3095.4,7.372414444977108e-08
3095.41,7.45595218333479e-08
3095.42,7.597207061581232e-08
3095.43,7.780608269164983e-08
3095.44,7.977893884540487e-08
3095.45,8.14131320736465e-08
3095.46,8.228878409892016e-08
3095.47,8.216344794955902e-08
3095.48,8.114576569934138e-08
3095.49,7.964538083717078e-08
3095.5,7.817086875999586e-08
3095.51,7.714811153314467e-08
3095.52,7.684998495925621e-08
3095.53,7.740660659320225e-08
3095.54,7.885268093652712e-08
3095.55,8.105700991255812e-08
3095.56,8.382294010016782e-08
3095.57,8.678538777087054e-08
3095.58,8.940683524076431e-08
3095.59,9.118379757172231e-08
3095.6,9.162962430665463e-08
3095.61,9.057500917345309e-08
3095.62,8.820701620063437e-08
3095.63,8.497450874022628e-08
3095.64,8.143627016733341e-08
3095.65,7.806581355468237e-08
3095.66,7.520425300996037e-08
3095.67,7.305780272517036e-08
3095.68,7.172277851832415e-08
3095.69,7.124514293604798e-08
3095.7,7.162419714544422e-08
3095.71,7.283780964644276e-08
3095.72,7.481937277281594e-08
3095.73,7.742926435494038e-08
3095.74,8.041282234649205e-08
3095.75,8.337452718970267e-08
3095.76,8.578137124373488e-08
3095.77,8.710603901709644e-08
3095.78,8.699666170665461e-08
3095.79,8.54366260664844e-08
3095.8,8.274581719994233e-08
3095.81,7.942509441706412e-08
3095.82,7.596151162242757e-08
3095.83,7.270472315323436e-08
3095.84,6.983816177527324e-08
3095.85,6.741174237046031e-08
3095.86,6.539897732785301e-08
3095.87,6.375319573381594e-08
3095.88,6.244376527555523e-08
3095.89,6.146330973906532e-08
3095.9,6.080931720504572e-08
3095.91,6.049267100485205e-08
3095.92,6.117343797969482e-08
3095.93,6.149116846629084e-08
3095.94,6.210482564060099e-08
3095.95,6.301462668624573e-08
3095.96,6.422677250615643e-08
3095.97,6.575604427068182e-08
3095.98,6.762289962701692e-08
3095.99,6.985366469008306e-08
3096.0,7.247546872481689e-08
3096.01,7.554880505469026e-08
3096.02,7.911086189506857e-08
3096.03,8.322919810774834e-08
3096.04,8.796379985380184e-08
3096.05,9.34008014360219e-08
3096.06,9.957448968040567e-08
3096.07,1.0646962602466202e-07
3096.08,1.1396123293729329e-07
3096.09,1.2176692930139033e-07
3096.1,1.2946038171577246e-07
3096.11,1.3660551425432912e-07
3096.12,1.4299224450456948e-07
3096.13,1.4881016202819818e-07
3096.14,1.5460035428035727e-07
3096.15,1.6103653369697118e-07
3096.16,1.6872491323234635e-07
3096.17,1.7814707446891603e-07
3096.18,1.8967342048839573e-07
3096.19,2.0363984715981216e-07
3096.2,2.2051199577515515e-07
3096.21,2.4050498139693174e-07
3096.22,2.642607510619477e-07
3096.23,2.9245808451032877e-07
3096.24,3.259580095313802e-07
3096.25,3.658479856013213e-07
3096.26,4.134864962906876e-07
3096.27,4.70534006714037e-07
3096.28,5.389422579062572e-07
3096.29,6.208498778816498e-07
3096.3,7.182892349500064e-07
3096.31,8.325455438487697e-07
3096.32,9.629566164938199e-07
3096.33,1.1050189541785723e-06
3096.34,1.2481319315376286e-06
3096.35,1.3744124017288466e-06
3096.36,1.4611967972671949e-06
3096.37,1.488849645074606e-06
3096.38,1.450530278850558e-06
3096.39,1.3561625130124248e-06
3096.4,1.2268412018092334e-06
3096.41,1.0848608175425623e-06
3096.42,9.468613792858928e-07
3096.43,8.221627456935804e-07
3096.44,7.143958819363295e-07
3096.45,6.2376908564217e-07
3096.46,5.488420863020477e-07
3096.47,4.875884063417877e-07
3096.48,4.3794350258589085e-07
3096.49,3.980260402594461e-07
3096.5,3.662197623867457e-07
3096.51,3.4121099386741947e-07
3096.52,3.2202330453041896e-07
3096.53,3.0802234906162665e-07
3096.54,2.9883303497041693e-07
3096.55,2.941444420779834e-07
3096.56,2.934229040107392e-07
3096.57,2.9558881709148587e-07
3096.58,2.987502182148796e-07
3096.59,3.002372086794813e-07
3096.6,2.97237291713376e-07
3096.61,2.879399013481871e-07
3096.62,2.7244176153051744e-07
3096.63,2.5259774734649175e-07
3096.64,2.3097064203618176e-07
3096.65,2.0977977180362307e-07
3096.66,1.9042791997034656e-07
3096.67,1.735839302289954e-07
3096.68,1.5939186935317214e-07
3096.69,1.4774199808522016e-07
3096.7,1.384192018209176e-07
3096.71,1.3117825648221222e-07
3096.72,1.2575848987145183e-07
3096.73,1.2185396852990282e-07
3096.74,1.1905560343784341e-07
3096.75,1.168006278208284e-07
3096.76,1.1439801828605257e-07
3096.77,1.1119572001258024e-07
3096.78,1.068386157992977e-07
3096.79,1.009670720165004e-07
3096.8,9.49418097174451e-08
3096.81,8.883699910619162e-08
3096.82,8.306388554286078e-08
3096.83,7.784659337584256e-08
3096.84,7.325495421385414e-08
3096.85,6.926508820621165e-08
3096.86,6.581134316677759e-08
3096.87,6.282077368190256e-08
3096.88,6.023057457887598e-08
3096.89,5.7989025780592214e-08
3096.9,5.606370142762305e-08
3096.91,5.442027037025766e-08
3096.92,5.303207511451491e-08
3096.93,5.187686379085003e-08
3096.94,5.093685775378676e-08
3096.95,5.019864243772932e-08
3096.96,4.96526651657673e-08
3096.97,4.929223094890877e-08
3096.98,4.911187172997618e-08
3096.99,4.910508475273733e-08
3097.0,4.922249536022556e-08
3097.01,4.9528555571140235e-08
3097.02,4.996506709338889e-08
3097.03,5.0511345742627477e-08
3097.04,5.114298988202595e-08
3097.05,5.18263993437973e-08
3097.06,5.251724673593826e-08
3097.07,5.3172828702868886e-08
3097.08,5.37762885051444e-08
3097.09,5.435551817399601e-08
3097.1,5.4974151806780616e-08
3097.11,5.573649999818058e-08
3097.12,5.6726216048634465e-08
3097.13,5.8021350638135637e-08
3097.14,5.968848914110808e-08
3097.15,6.178922262689059e-08
3097.16,6.438731277349793e-08
3097.17,6.755396460338699e-08
3097.18,7.137002954548829e-08
3097.19,7.592389499536584e-08
3097.2,8.130274953666312e-08
3097.21,8.75734511121603e-08
3097.22,9.474854331290253e-08
3097.23,1.027299187428045e-07
3097.24,1.1127469841044722e-07
3097.25,1.199250655690284e-07
3097.26,1.2806739694984622e-07
3097.27,1.3505639594097315e-07
3097.28,1.403820639029372e-07
3097.29,1.4375529368493642e-07
3097.3,1.4507356861485625e-07
3097.31,1.4437834887284169e-07
3097.32,1.4190668866965004e-07
3097.33,1.3815603116043946e-07
3097.34,1.338702347598042e-07
3097.35,1.2980997239300828e-07
3097.36,1.2660549299787999e-07
3097.37,1.2465230363960092e-07
3097.38,1.2409082616518146e-07
3097.39,1.2480598436716266e-07
3097.4,1.2641947819763124e-07
3097.41,1.2831092735673784e-07
3097.42,1.297473142871862e-07
3097.43,1.301535413325287e-07
3097.44,1.2938199233833242e-07
3097.45,1.277538598211084e-07
3097.46,1.2583724278192298e-07
3097.47,1.2417410556247e-07
3097.48,1.2314612557076885e-07
3097.49,1.2297718041826987e-07
3097.5,1.2378870625343844e-07
3097.51,1.256455791119198e-07
3097.52,1.2858519834534787e-07
3097.53,1.3263721098484793e-07
3097.54,1.3783852201401253e-07
3097.55,1.4424463218818305e-07
3097.56,1.5193800724401793e-07
3097.57,1.6103472000339187e-07
3097.58,1.7168948371834344e-07
3097.59,1.8410783866978116e-07
3097.6,1.985475039314793e-07
3097.61,2.1533503116988577e-07
3097.62,2.348667266743085e-07
3097.63,2.576796298054851e-07
3097.64,2.843959902044236e-07
3097.65,3.1581675461613013e-07
3097.66,3.5292899702106167e-07
3097.67,3.9695891718465564e-07
3097.68,4.4941094041224143e-07
3097.69,5.120968689301805e-07
3097.7,5.871240868959787e-07
3097.71,6.767855412511402e-07
3097.72,7.832450893577957e-07
3097.73,9.07843438179404e-07
3097.74,1.0497975093723545e-06
3097.75,1.2041585999399926e-06
3097.76,1.359410158499794e-06
3097.77,1.4962685071304937e-06
3097.78,1.5904644526392768e-06
3097.79,1.6211207219807948e-06
3097.8,1.581063528194799e-06
3097.81,1.4809161495169672e-06
3097.82,1.3431401077985683e-06
3097.83,1.1915161177497538e-06
3097.84,1.0438203799735807e-06
3097.85,9.10056968025978e-07
3097.86,7.940824251508345e-07
3097.87,6.960345198970757e-07
3097.88,6.142973787649713e-07
3097.89,5.46727368403458e-07
3097.9,4.91342469440108e-07
3097.91,4.4645574518797235e-07
3097.92,4.1073632633714897e-07
3097.93,3.831313338099326e-07
3097.94,3.628093132774391e-07
3097.95,3.4911286917691957e-07
3097.96,3.414673965634797e-07
3097.97,3.3918139498969656e-07
3097.98,3.4113176186242874e-07
3097.99,3.454233479421646e-07
3098.0,3.4932681847243667e-07
3098.01,3.4969696116960697e-07
3098.02,3.441523973066835e-07
3098.03,3.3220942148645907e-07
3098.04,3.154030067291305e-07
3098.05,2.962141301240707e-07
3098.06,2.7673469968963174e-07
3098.07,2.579705032021773e-07
3098.08,2.3993492957195587e-07
3098.09,2.2220988635599504e-07
3098.1,2.0454632596226254e-07
3098.11,1.8713802834772747e-07
3098.12,1.704892841582734e-07
3098.13,1.551089735268195e-07
3098.14,1.413076069457576e-07
3098.15,1.2916759735999843e-07
3098.16,1.1860940047548288e-07
3098.17,1.0947092436532235e-07
3098.18,1.0156454958340252e-07
3098.19,9.470869228443358e-08
3098.2,8.874162510844185e-08
3098.21,8.352535340016784e-08
3098.22,7.842593728402592e-08
3098.23,7.438898218763902e-08
3098.24,7.081471794983321e-08
3098.25,6.763888976850862e-08
3098.26,6.480877334961316e-08
3098.27,6.228090132744064e-08
3098.28,6.001934847644654e-08
3098.29,5.799436853726068e-08
3098.3,5.618131990725767e-08
3098.31,5.455982360320831e-08
3098.32,5.311310411896232e-08
3098.33,5.182746808591686e-08
3098.34,5.0691873571017875e-08
3098.35,4.9697530269709685e-08
3098.36,4.883744290461345e-08
3098.37,4.810576573489993e-08
3098.38,4.749414374525715e-08
3098.39,4.700082403817845e-08
3098.4,4.6612876094837503e-08
3098.41,4.626639720347349e-08
3098.42,4.6042505827424606e-08
3098.43,4.587647224657892e-08
3098.44,4.576337427839274e-08
3098.45,4.571258367436813e-08
3098.46,4.574468548420813e-08
3098.47,4.588243141922585e-08
3098.48,4.6143612185572784e-08
3098.49,4.653643090413036e-08
3098.5,4.70565937007521e-08
3098.51,4.7684568332138395e-08
3098.52,4.8384220651814844e-08
3098.53,4.910694079678386e-08
3098.54,4.980522602828779e-08
3098.55,5.045330537978706e-08
3098.56,5.1063146755268315e-08
3098.57,5.168386928468947e-08
3098.58,5.238549447669405e-08
3098.59,5.322778952156114e-08
3098.6,5.429782300220811e-08
3098.61,5.563624560793619e-08
3098.62,5.729056097623384e-08
3098.63,5.930919430240185e-08
3098.64,6.17470096326451e-08
3098.65,6.466931885245302e-08
3098.66,6.814280515957039e-08
3098.67,7.227819396012894e-08
3098.68,7.715614014188551e-08
3098.69,8.285187892679248e-08
3098.7,8.938500942540023e-08
3098.71,9.665490124230285e-08
3098.72,1.043599695150303e-07
3098.73,1.1194927215652976e-07
3098.74,1.1870103182311943e-07
3098.75,1.2399358579329717e-07
3098.76,1.2765504975729916e-07
3098.77,1.3010589135222676e-07
3098.78,1.3214475616374149e-07
3098.79,1.345601334631382e-07
3098.8,1.3783816386056507e-07
3098.81,1.4205183116338093e-07
3098.82,1.4687502261300812e-07
3098.83,1.5168143948953083e-07
3098.84,1.5575171242462015e-07
3098.85,1.585738954098495e-07
3098.86,1.601090680692541e-07
3098.87,1.6082783633432494e-07
3098.88,1.6149146272010946e-07
3098.89,1.628497732545063e-07
3098.9,1.6542445274994427e-07
3098.91,1.694206469684955e-07
3098.92,1.7471018275147821e-07
3098.93,1.8085361699864094e-07
3098.94,1.871871255924185e-07
3098.95,1.9302352041942028e-07
3098.96,1.9794169828840493e-07
3098.97,2.0200988484034999e-07
3098.98,2.057783027416354e-07
3098.99,2.1005645104802977e-07
3099.0,2.1565520930494795e-07
3099.01,2.2324301263639507e-07
3099.02,2.333321289709738e-07
3099.03,2.463352891643374e-07
3099.04,2.6263736430632427e-07
3099.05,2.8265820255297594e-07
3099.06,3.0690636793967897e-07
3099.07,3.3603291061331225e-07
3099.08,3.708910717010865e-07
3099.09,4.1259638615386686e-07
3099.1,4.6257376806326627e-07
3099.11,5.22581574349394e-07
3099.12,5.947006885289551e-07
3099.13,6.812712825194413e-07
3099.14,7.846567061142914e-07
3099.15,9.06735697258321e-07
3099.16,1.047862539465305e-06
3099.17,1.205102561015314e-06
3099.18,1.369819122172468e-06
3099.19,1.5255905323731367e-06
3099.2,1.6488387362580805e-06
3099.21,1.7148510129321134e-06
3099.22,1.7083449424288483e-06
3099.23,1.6316657325603468e-06
3099.24,1.50344357216613e-06
3099.25,1.3488162990667596e-06
3099.26,1.1896984278922875e-06
3099.27,1.0403617430550392e-06
3099.28,9.078728588761718e-07
3099.29,7.944261392935571e-07
3099.3,6.995546082140046e-07
3099.31,6.216160639135965e-07
3099.32,5.586266382024484e-07
3099.33,5.087370972481528e-07
3099.34,4.7033780030760036e-07
3099.35,4.421481593677613e-07
3099.36,4.231505623372377e-07
3099.37,4.1245238081272475e-07
3099.38,4.090316919692807e-07
3099.39,4.114677228217974e-07
3099.4,4.174591820105312e-07
3099.41,4.2369005421288266e-07
3099.42,4.2610476637664163e-07
3099.43,4.2091699212186923e-07
3099.44,4.0604630347245184e-07
3099.45,3.8208813326777327e-07
3099.46,3.519509447591518e-07
3099.47,3.1938866245514005e-07
3099.48,2.875598231513526e-07
3099.49,2.5839301241395807e-07
3099.5,2.3267652948330863e-07
3099.51,2.1043703933361682e-07
3099.52,1.9130162886296773e-07
3099.53,1.747435786244522e-07
3099.54,1.6022549418936617e-07
3099.55,1.4728444030558026e-07
3099.56,1.3558458095146697e-07
3099.57,1.249307226472197e-07
3099.58,1.1523529546309727e-07
3099.59,1.0646054736147115e-07
3099.6,9.85710415018433e-08
3099.61,9.151307754341991e-08
3099.62,8.521515085234463e-08
3099.63,7.959675999280727e-08
3099.64,7.399616933896481e-08
3099.65,6.950343300380203e-08
3099.66,6.54668016984483e-08
3099.67,6.18279417338267e-08
3099.68,5.8537080914475586e-08
3099.69,5.5552190071489694e-08
3099.7,5.2838030317419306e-08
3099.71,5.0365239028590765e-08
3099.72,4.810952414109771e-08
3099.73,4.605097516376088e-08
3099.74,4.417345556728118e-08
3099.75,4.246399419646113e-08
3099.76,4.091202507203096e-08
3099.77,3.9508225334582244e-08
3099.78,3.824259527950101e-08
3099.79,3.710144343277705e-08
3099.8,3.6063415846614096e-08
3099.81,3.5096069008825e-08
3099.82,3.415640448707902e-08
3099.83,3.313872403752459e-08
3099.84,3.212973090407873e-08
3099.85,3.105898240998899e-08
3099.86,2.994245651069493e-08
3099.87,2.8810131587940686e-08
3099.88,2.770138314656093e-08
3099.89,2.664016940688572e-08
3099.9,2.5641165386897182e-08
3099.91,2.4709166831686037e-08
3099.92,2.3842656403007536e-08
3099.93,2.303693657248019e-08
3099.94,2.2286178630660775e-08
3099.95,2.158453214215133e-08
3099.96,2.0926626584274475e-08
3099.97,2.0302100731914834e-08
3099.98,1.9704167998312128e-08
3099.99,1.9151808773744166e-08
3100.0,1.862793661980286e-08
