nu_cm-1,alpha_cm-1_at_x=0.045
2880.0,1.8824764381403733e-12
2880.01,1.9040994704211834e-12
2880.02,1.926097033150167e-12
2880.03,1.948477821921621e-12
2880.04,1.9712507860340002e-12
2880.05,1.994425137428523e-12
2880.06,2.0180103599800985e-12
2880.07,2.042016219191158e-12
2880.08,2.0664527722731356e-12
2880.09,2.091330378669312e-12
2880.1,2.116659711004611e-12
2880.11,2.142451766519463e-12
2880.12,2.1687178789743614e-12
2880.13,2.19546973108598e-12
2880.14,2.222719367482746e-12
2880.15,2.250479208244866e-12
2880.16,2.2787620630182e-12
2880.17,2.3075811457715707e-12
2880.18,2.3369500901887337e-12
2880.19,2.3668829657696032e-12
2880.2,2.3973942946341818e-12
2880.21,2.4284990691093725e-12
2880.22,2.4602127700947177e-12
2880.23,2.492551386293455e-12
2880.24,2.5255314343080272e-12
2880.25,2.559169979693355e-12
2880.26,2.5934846589722587e-12
2880.27,2.6284937027029774e-12
2880.28,2.6642159596407184e-12
2880.29,2.70067092203615e-12
2880.3,2.737878752174522e-12
2880.31,2.7758603101720937e-12
2880.32,2.8146371831544408e-12
2880.33,2.8542317158383485e-12
2880.34,2.8946670426533487e-12
2880.35,2.935967121432381e-12
2880.36,2.978156768820603e-12
2880.37,3.0212616974408823e-12
2880.38,3.0653085549797953e-12
2880.39,3.1103249652432303e-12
2880.4,3.1563395713622067e-12
2880.41,3.203382081210493e-12
2880.42,3.2514833152337173e-12
2880.43,3.3006752567662123e-12
2880.44,3.3509911050570978e-12
2880.45,3.4024653310990998e-12
2880.46,3.4551337365065522e-12
2880.47,3.5090335155564146e-12
2880.48,4.005137340862907e-12
2880.49,4.0643397064470605e-12
2880.5,4.124919344064057e-12
2880.51,4.186920024688238e-12
2880.52,4.250387282684468e-12
2880.53,4.315368501911112e-12
2880.54,4.381913006738202e-12
2880.55,4.450072158381088e-12
2880.56,4.519899456809274e-12
2880.57,4.591450648705418e-12
2880.58,4.664783841782119e-12
2880.59,4.739959625996451e-12
2880.6,4.817041202030123e-12
2880.61,4.896094517651166e-12
2880.62,4.97718841239692e-12
2880.63,5.060394771283415e-12
2880.64,5.145788688066565e-12
2880.65,5.23344863886561e-12
2880.66,5.323456666776515e-12
2880.67,5.415898578410366e-12
2880.68,5.5108641531071264e-12
2880.69,5.608447365907661e-12
2880.7,5.70874662518183e-12
2880.71,5.811865026171667e-12
2880.72,5.917910621525024e-12
2880.73,6.026996710289414e-12
2880.74,6.1392421466558885e-12
2880.75,6.254771670175512e-12
2880.76,6.373716259003773e-12
2880.77,6.496213508161658e-12
2880.78,6.622408034800379e-12
2880.79,6.7524519126323455e-12
2880.8,6.886505138100552e-12
2880.81,7.0247361307667365e-12
2880.82,7.167322271020504e-12
2880.83,7.314450478107498e-12
2880.84,7.466317832182239e-12
2880.85,7.623132244027178e-12
2880.86,7.785113176884559e-12
2880.87,7.95249242483761e-12
2880.88,8.12551495310135e-12
2880.89,8.304439805646345e-12
2880.9,8.4895410866472e-12
2880.91,8.681109022409221e-12
2880.92,8.879451111673999e-12
2880.93,9.084893372496996e-12
2880.94,9.2977816953611e-12
2880.95,9.518483312656346e-12
2880.96,9.747388396407288e-12
2880.97,9.984911796827868e-12
2880.98,1.0231494936389677e-11
2880.99,1.0487607875097362e-11
2881.0,1.0753751565223987e-11
2881.01,1.1030460315193216e-11
2881.02,1.131830448533552e-11
2881.03,1.1617893440592922e-11
2881.04,1.1929878788319016e-11
2881.05,1.2254957933341717e-11
2881.06,1.2593877985734281e-11
2881.07,1.2947440062235068e-11
2881.08,1.331650402660933e-11
2881.09,1.3701993721270739e-11
2881.1,1.4104902748426221e-11
2881.11,1.4526300868066605e-11
2881.12,1.4967341088254518e-11
2881.13,1.5429267534973567e-11
2881.14,1.5913424199943602e-11
2881.15,1.6421264680383004e-11
2881.16,1.695436304002685e-11
2881.17,1.751442594148145e-11
2881.18,1.8103306221192063e-11
2881.19,1.8723018106320398e-11
2881.2,1.9375754302322584e-11
2881.21,2.0063905218258066e-11
2881.22,2.079008063820146e-11
2881.23,2.1557134199940635e-11
2881.24,2.236819110057497e-11
2881.25,2.322667952246048e-11
2881.26,2.4136366356341433e-11
2881.27,2.5101397902700478e-11
2881.28,2.6126346353713137e-11
2881.29,2.7216263005370714e-11
2881.3,2.8376739328741086e-11
2881.31,2.96139772418591e-11
2881.32,3.093487018800787e-11
2881.33,3.2347096941130694e-11
2881.34,3.385923045177017e-11
2881.35,3.548086452073927e-11
2881.36,3.722276167993158e-11
2881.37,3.909702638266959e-11
2881.38,4.1117308513300854e-11
2881.39,4.3299043345810906e-11
2881.4,4.5659735494184636e-11
2881.41,4.8219296160216804e-11
2881.42,5.100044522219692e-11
2881.43,5.4029192528725484e-11
2881.44,5.7335416366792495e-11
2881.45,6.095356166217451e-11
2881.46,6.492348637605241e-11
2881.47,6.929149214798612e-11
2881.48,7.411158506407419e-11
2881.49,7.944702515132811e-11
2881.5,8.53722397687273e-11
2881.51,9.19751976194667e-11
2881.52,9.936036822783113e-11
2881.53,1.0765242829284004e-10
2881.54,1.1700092372190245e-10
2881.55,1.2758615703802466e-10
2881.56,1.396266467970898e-10
2881.57,1.5338860026894777e-10
2881.58,1.6919795097888397e-10
2881.59,1.8745562859144174e-10
2881.6,2.086568204889118e-10
2881.61,2.334149819554187e-10
2881.62,2.624910994072313e-10
2881.63,2.9682788162155826e-10
2881.64,3.375864839560758e-10
2881.65,3.8617876670945066e-10
2881.66,4.4427855694183706e-10
2881.67,5.137768763897359e-10
2881.68,5.966129703421446e-10
2881.69,6.943612445703725e-10
2881.7,8.073952003096425e-10
2881.71,9.33446661536796e-10
2881.72,1.0656080771049017e-09
2881.73,1.1905606146062612e-09
2881.74,1.2890039182018873e-09
2881.75,1.3405818862142357e-09
2881.76,1.332682968887601e-09
2881.77,1.267331774357067e-09
2881.78,1.160016677903441e-09
2881.79,1.0315712669074422e-09
2881.8,9.000138368966054e-10
2881.81,7.769133368865486e-10
2881.82,6.677747476725523e-10
2881.83,5.740088733095338e-10
2881.84,4.948204028892622e-10
2881.85,4.284811136961988e-10
2881.86,3.730371576554076e-10
2881.87,3.266440791932576e-10
2881.88,2.8769459514795957e-10
2881.89,2.548439976515704e-10
2881.9,2.2699105931948283e-10
2881.91,2.032435379127189e-10
2881.92,1.8288168339654402e-10
2881.93,1.6532520520220027e-10
2881.94,1.5010538369397932e-10
2881.95,1.36842352468479e-10
2881.96,1.2522694381064175e-10
2881.97,1.1500632421341244e-10
2881.98,1.0597267914077863e-10
2881.99,9.79543089073016e-11
2882.0,9.080861373490975e-11
2882.01,8.441655288864546e-11
2882.02,7.867825278646436e-11
2882.03,7.35095115818602e-11
2882.04,6.883900484454157e-11
2882.05,6.460604130797006e-11
2882.06,6.075875184422322e-11
2882.07,5.7252621060839525e-11
2882.08,5.4049291068140646e-11
2882.09,5.1115582421130067e-11
2882.1,4.842268915345529e-11
2882.11,4.594551399625458e-11
2882.12,4.366211699577414e-11
2882.13,4.155325626280764e-11
2882.14,3.960200390751227e-11
2882.15,3.7793423585316935e-11
2882.16,3.611429874470681e-11
2882.17,3.4552902762309084e-11
2882.18,3.309880382287978e-11
2882.19,3.174269872459277e-11
2882.2,3.047627085713738e-11
2882.21,2.9292068449079975e-11
2882.22,2.8183399873256325e-11
2882.23,2.7144243352286083e-11
2882.24,2.6169168862666948e-11
2882.25,2.5253270401874027e-11
2882.26,2.439210708831854e-11
2882.27,2.358165180973647e-11
2882.28,2.281824634195812e-11
2882.29,2.2098562029112964e-11
2882.3,2.1419565255602696e-11
2882.31,2.0778487059040414e-11
2882.32,2.0172796328831217e-11
2882.33,1.96001761188328e-11
2882.34,1.9058502669228867e-11
2882.35,1.854582679235262e-11
2882.36,1.8060357324268086e-11
2882.37,1.7600446386849533e-11
2882.38,1.7164576238619163e-11
2882.39,1.675134752389248e-11
2882.4,1.6359468753847202e-11
2882.41,1.5987746876195076e-11
2882.42,1.5635078807542375e-11
2882.43,1.5300443819714127e-11
2882.44,1.498289668398883e-11
2882.45,1.4681561490139585e-11
2882.46,1.4395626066455883e-11
2882.47,1.4124336936777532e-11
2882.48,1.3866994757399924e-11
2882.49,1.3975672240718726e-11
2882.5,1.3746508437237115e-11
2882.51,1.3529499296966759e-11
2882.52,1.332412460101212e-11
2882.53,1.3129901094196706e-11
2882.54,1.2946379934293009e-11
2882.55,1.2773144371676488e-11
2882.56,1.2609807638214799e-11
2882.57,1.2456011026021106e-11
2882.58,1.2311422139308231e-11
2882.59,1.2175733303939693e-11
2882.6,1.2048660121380714e-11
2882.61,1.1929940154781686e-11
2882.62,1.1819331736642265e-11
2882.63,1.171661288829149e-11
2882.64,1.1621580342827344e-11
2882.65,1.1534048663770121e-11
2882.66,1.1453849452848277e-11
2882.67,1.1380830640820992e-11
2882.68,1.1314855856211885e-11
2882.69,1.1255803867227406e-11
2882.7,1.120356809294863e-11
2882.71,1.1158056180229202e-11
2882.72,1.1119189643423115e-11
2882.73,1.1086903564380352e-11
2882.74,1.1061146350740564e-11
2882.75,1.1041879550860537e-11
2882.76,1.1029077724226151e-11
2882.77,1.102272836651787e-11
2882.78,1.1022831888944407e-11
2882.79,1.1029401651823799e-11
2882.8,1.104246405278274e-11
2882.81,1.1062058670339917e-11
2882.82,1.1088238464053353e-11
2882.83,1.1121070032800151e-11
2882.84,1.1160633933240564e-11
2882.85,1.1207025060910765e-11
2882.86,1.126035309696276e-11
2882.87,1.1320743023987587e-11
2882.88,1.1388335715047129e-11
2882.89,1.146328860050724e-11
2882.9,1.1545776418099466e-11
2882.91,1.1635992052185996e-11
2882.92,1.1734147469219659e-11
2882.93,1.1840474757056966e-11
2882.94,1.1955227277029569e-11
2882.95,1.2078680938513998e-11
2882.96,1.2211135607278941e-11
2882.97,1.2352916659957563e-11
2882.98,1.2504376698903918e-11
2882.99,1.2665897443081471e-11
2883.0,1.2837891813022166e-11
2883.01,1.3020806229728489e-11
2883.02,1.3215123150334599e-11
2883.03,1.3421363866011012e-11
2883.04,1.364009159086612e-11
2883.05,1.3871914874705384e-11
2883.06,1.4117491376303091e-11
2883.07,1.4377532039401218e-11
2883.08,1.4652805718672342e-11
2883.09,1.4944144310113705e-11
2883.1,1.5252448447132816e-11
2883.11,1.5578693833065635e-11
2883.12,1.5923938290110426e-11
2883.13,1.628932961721575e-11
2883.14,1.6676114362113635e-11
2883.15,1.7085647629489212e-11
2883.16,1.7519404064716155e-11
2883.17,1.79789901753109e-11
2883.18,1.8466158176470777e-11
2883.19,1.8982821578139557e-11
2883.2,1.9531072764935925e-11
2883.21,2.011320286327742e-11
2883.22,2.0731724237898274e-11
2883.23,2.1389396020159962e-11
2883.24,2.2089253138813247e-11
2883.25,2.2834639409211066e-11
2883.26,2.362924533538035e-11
2883.27,2.4477151401618986e-11
2883.28,2.538287777475747e-11
2883.29,2.6351441514192733e-11
2883.3,2.7388422602226482e-11
2883.31,2.8500040365756047e-11
2883.32,2.969324218212217e-11
2883.33,3.0975806750688974e-11
2883.34,3.2356464697583376e-11
2883.35,3.384503987479439e-11
2883.36,3.545261546007033e-11
2883.37,3.719172988489974e-11
2883.38,3.907660877989321e-11
2883.39,4.1123440578063614e-11
2883.4,4.335070525938426e-11
2883.41,4.577956804521181e-11
2883.42,4.843435282458407e-11
2883.43,5.1343113883130063e-11
2883.44,5.4538329385274885e-11
2883.45,5.805774633544476e-11
2883.46,6.194541488183594e-11
2883.47,6.625296037245299e-11
2883.48,7.104115532475209e-11
2883.49,7.638187138343358e-11
2883.5,8.236051474660799e-11
2883.51,8.907907902108906e-11
2883.52,9.665998906650131e-11
2883.53,1.052509603399684e-10
2883.54,1.1503116284227705e-10
2883.55,1.2621905842206417e-10
2883.56,1.390823735118345e-10
2883.57,1.5395076807496965e-10
2883.58,1.7123184120417494e-10
2883.59,1.9143111576461762e-10
2883.6,2.1517643794510788e-10
2883.61,2.432465364994799e-10
2883.62,2.7660174809567187e-10
2883.63,3.1641102773735557e-10
2883.64,3.6406127928937554e-10
2883.65,4.2111928911653024e-10
2883.66,4.891882790582291e-10
2883.67,5.695569594638652e-10
2883.68,6.624890747681608e-10
2883.69,7.660017730086727e-10
2883.7,8.741856621748354e-10
2883.71,9.757612834106736e-10
2883.72,1.054579495193714e-09
2883.73,1.0939564449011755e-09
2883.74,1.0840987225239825e-09
2883.75,1.0275501577986732e-09
2883.76,9.377076182063953e-10
2883.77,8.318298437648946e-10
2883.78,7.244362209539738e-10
2883.79,6.246072645496054e-10
2883.8,5.365035503900487e-10
2883.81,4.6104760731937086e-10
2883.82,3.9745966491210425e-10
2883.83,3.4426697309991434e-10
2883.84,2.9985311426163736e-10
2883.85,2.6271217822346726e-10
2883.86,2.3154157862404452e-10
2883.87,2.052565584260393e-10
2883.88,1.8297149111493336e-10
2883.89,1.6397032513440044e-10
2883.9,1.4767628667928412e-10
2883.91,1.3362484015816084e-10
2883.92,1.2144104019498798e-10
2883.93,1.1082117488390887e-10
2883.94,1.0151814555446786e-10
2883.95,9.332992606118202e-11
2883.96,8.60904873860446e-11
2883.97,7.966266502354329e-11
2883.98,7.393254491595973e-11
2883.99,6.880503218162378e-11
2884.0,6.420034055508508e-11
2884.01,6.005119948841128e-11
2884.02,5.630062207429298e-11
2884.03,5.2900112728636977e-11
2884.04,4.980822106524003e-11
2884.05,4.698936946817936e-11
2884.06,4.4412898027237666e-11
2884.07,4.205228288224928e-11
2884.08,3.988449355707126e-11
2884.09,3.788946220226787e-11
2884.1,3.604964335800858e-11
2884.11,3.434964725860051e-11
2884.12,3.277593315116341e-11
2884.13,3.131655179372769e-11
2884.14,2.99609284258175e-11
2884.15,2.8699679176579073e-11
2884.16,2.7524455210210535e-11
2884.17,2.6427809964107727e-11
2884.18,2.54030856867664e-11
2884.19,2.4444316159900473e-11
2884.2,2.354614304173045e-11
2884.21,2.270374370989617e-11
2884.22,2.191276884666336e-11
2884.23,2.1169288301096152e-11
2884.24,2.0469744006677524e-11
2884.25,1.9810908928673827e-11
2884.26,1.9189851181135666e-11
2884.27,1.860390258666405e-11
2884.28,1.8050631065380715e-11
2884.29,1.7527816332724156e-11
2884.3,1.703342846273962e-11
2884.31,1.6565608940187338e-11
2884.32,1.6122653878038483e-11
2884.33,1.5702999124549584e-11
2884.34,1.53052070216595e-11
2884.35,1.492795461076626e-11
2884.36,1.457002310868011e-11
2884.37,1.4230288501566492e-11
2884.38,1.3907713123885795e-11
2884.39,1.3601338107786578e-11
2884.4,1.3310276602285321e-11
2884.41,1.3033707675324267e-11
2884.42,1.2770870821895128e-11
2884.43,1.2521061011788643e-11
2884.44,1.228362421791597e-11
2884.45,1.2057953374050567e-11
2884.46,1.184348471626775e-11
2884.47,1.1639694468442423e-11
2884.48,1.1446095836171097e-11
2884.49,1.1262236278214115e-11
2884.5,1.1087695027519016e-11
2884.51,1.0922080837592094e-11
2884.52,1.1042752990610863e-11
2884.53,1.0895656691211961e-11
2884.54,1.0756487441052744e-11
2884.55,1.0624953533609918e-11
2884.56,1.0500784213374337e-11
2884.57,1.0383728391991644e-11
2884.58,1.0273553479397117e-11
2884.59,1.0170044320064129e-11
2884.6,1.007300222587871e-11
2884.61,9.9822440977525e-12
2884.62,9.897601629232318e-12
2884.63,9.818920585822648e-12
2884.64,9.746060154687258e-12
2884.65,9.678892359752595e-12
2884.66,9.617301538028908e-12
2884.67,9.561183873250959e-12
2884.68,9.510446983607698e-12
2884.69,9.46500956056999e-12
2884.7,9.424801056391958e-12
2884.71,9.389761418074485e-12
2884.72,9.359840866064824e-12
2884.73,9.334999716168645e-12
2884.74,9.315208243572003e-12
2884.75,9.30044658807621e-12
2884.76,9.290704700019682e-12
2884.77,9.285982326584724e-12
2884.78,9.28628903851242e-12
2884.79,9.291644297515697e-12
2884.8,9.302077564971184e-12
2884.81,9.317628452766683e-12
2884.82,9.338346917495813e-12
2884.83,9.364293499488068e-12
2884.84,9.395539608537165e-12
2884.85,9.432167858495577e-12
2884.86,9.474272453354623e-12
2884.87,9.521959627759178e-12
2884.88,9.575348145453769e-12
2884.89,9.634569859531087e-12
2884.9,9.699770339021723e-12
2884.91,9.771109566807536e-12
2884.92,9.848762714659059e-12
2884.93,9.932921001741651e-12
2884.94,1.0023792643942429e-11
2884.95,1.0121603902055479e-11
2884.96,1.0226600238110069e-11
2884.97,1.033904759000673e-11
2884.98,1.0459233776179742e-11
2884.99,1.0587470043150522e-11
2885.0,1.0724092770784317e-11
2885.01,1.086946535157726e-11
2885.02,1.1023980262706153e-11
2885.03,1.1188061351771187e-11
2885.04,1.0825548884323054e-11
2885.05,1.1013421895862479e-11
2885.06,1.1212318006710952e-11
2885.07,1.1422814929018015e-11
2885.08,1.164553732193343e-11
2885.09,1.1881160983269521e-11
2885.1,1.2130417504305654e-11
2885.11,1.2394099445955937e-11
2885.12,1.2673066102170998e-11
2885.13,1.2968249926808028e-11
2885.14,1.3280663710686983e-11
2885.15,1.361140860943858e-11
2885.16,1.3961683137214793e-11
2885.17,1.4332793260145109e-11
2885.18,1.4726163743530482e-11
2885.19,1.5143350932536747e-11
2885.2,1.5586057174334088e-11
2885.21,1.6056147125340468e-11
2885.22,1.655566622708807e-11
2885.23,1.7086861684318976e-11
2885.24,1.7652206335845557e-11
2885.25,1.8254425879846223e-11
2885.26,1.8896529997472134e-11
2885.27,1.9581848020753954e-11
2885.28,2.031406991166421e-11
2885.29,2.1097293466521304e-11
2885.3,2.1936078840420625e-11
2885.31,2.2835511703331757e-11
2885.32,2.380127660964794e-11
2885.33,2.483974248995009e-11
2885.34,2.5958062582625048e-11
2885.35,2.7164291623514847e-11
2885.36,2.8467523740500357e-11
2885.37,2.987805527808358e-11
2885.38,3.1407577759966554e-11
2885.39,3.30694074271532e-11
2885.4,3.487875935226375e-11
2885.41,3.6853076106259614e-11
2885.42,3.901242348317024e-11
2885.43,4.137996901661688e-11
2885.44,4.398256318544143e-11
2885.45,4.685144856806805e-11
2885.46,5.002312916874735e-11
2885.47,5.354044117649886e-11
2885.48,5.7453878216531943e-11
2885.49,6.18232395419261e-11
2885.5,6.671968973584585e-11
2885.51,7.222834471261844e-11
2885.52,7.845153285904631e-11
2885.53,8.551292391832705e-11
2885.54,9.356277351915611e-11
2885.55,1.0278459900960243e-10
2885.56,1.1340368056426871e-10
2885.57,1.2569786175689147e-10
2885.58,1.400111816903513e-10
2885.59,1.5677084914314542e-10
2885.6,1.7650784169856463e-10
2885.61,1.9988071422073899e-10
2885.62,2.277004935136638e-10
2885.63,2.6095077408750346e-10
2885.64,3.0078939662194396e-10
2885.65,3.485032257160289e-10
2885.66,4.053614614879651e-10
2885.67,4.722740858048389e-10
2885.68,5.491244182003596e-10
2885.69,6.336697188472922e-10
2885.7,7.201413091336861e-10
2885.71,7.983046229610013e-10
2885.72,8.545410005232604e-10
2885.73,8.762120464179864e-10
2885.74,8.577736374661678e-10
2885.75,8.039649956008467e-10
2885.76,7.270647880925794e-10
2885.77,6.408212398375293e-10
2885.78,5.558304837395833e-10
2885.79,4.782105440094835e-10
2885.8,4.1044163095218715e-10
2885.81,3.5276845211015835e-10
2885.82,3.04335147598772e-10
2885.83,2.638857382467715e-10
2885.84,2.3012731964010963e-10
2885.85,2.0188872155357128e-10
2885.86,1.7817159842924816e-10
2885.87,1.5815127712431775e-10
2885.88,1.411575215923387e-10
2885.89,1.2664973888368474e-10
2885.9,1.141929661173412e-10
2885.91,1.0343697541664361e-10
2885.92,9.409900523251963e-11
2885.93,8.594986990349696e-11
2885.94,7.880294553828545e-11
2885.95,7.25054977596791e-11
2885.96,6.693187098176144e-11
2885.97,6.197813849392273e-11
2885.98,5.75578915554481e-11
2885.99,5.3598914472021396e-11
2886.0,5.00405489286756e-11
2886.01,4.683159552477809e-11
2886.02,4.392863521852901e-11
2886.03,4.1294680202261597e-11
2886.04,3.889808428971471e-11
2886.05,3.6711658633481657e-11
2886.06,3.4711950651031044e-11
2886.07,3.287865327512285e-11
2886.08,3.1194118759881124e-11
2886.09,2.964295675160547e-11
2886.1,2.8211700585156064e-11
2886.11,2.6888529062328254e-11
2886.12,2.5663033549862685e-11
2886.13,2.4526022250064166e-11
2886.14,2.346935509107109e-11
2886.15,2.2485803937237486e-11
2886.16,2.1568933821754593e-11
2886.17,2.0713001696365355e-11
2886.18,1.9912869833299052e-11
2886.19,1.9163931524111332e-11
2886.2,1.8462047136235037e-11
2886.21,1.7803488920695038e-11
2886.22,1.718489323923467e-11
2886.23,1.660321909946019e-11
2886.24,1.6055712070874002e-11
2886.25,1.553987280266017e-11
2886.26,1.5053429489445367e-11
2886.27,1.459431373210437e-11
2886.28,1.4160639326576274e-11
2886.29,1.3750683584319265e-11
2886.3,1.3362870846480801e-11
2886.31,1.2995757904512985e-11
2886.32,1.2648021080387449e-11
2886.33,1.2318444755811255e-11
2886.34,1.2005911168385718e-11
2886.35,1.1709391318805872e-11
2886.36,1.1427936853539195e-11
2886.37,1.1160672806519628e-11
2886.38,1.0906791098005112e-11
2886.39,1.0665544702851227e-11
2886.4,1.0436242411024748e-11
2886.41,1.0218244113714057e-11
2886.42,1.0010956556088525e-11
2886.43,9.8138295057109e-12
2886.44,9.626352291238275e-12
2886.45,9.448050672113925e-12
2886.46,9.278484004092507e-12
2886.47,9.117242670117071e-12
2886.48,8.963945749121211e-12
2886.49,8.818238898970547e-12
2886.5,8.679792432017543e-12
2886.51,8.54829956460083e-12
2886.52,8.423474823542102e-12
2886.53,8.305052594797592e-12
2886.54,8.192785801033525e-12
2886.55,8.086444696155469e-12
2886.56,8.200106802615917e-12
2886.57,8.106328494387614e-12
2886.58,8.01789265685774e-12
2886.59,7.934628966445254e-12
2886.6,7.856379829499384e-12
2886.61,7.782999693064305e-12
2886.62,7.71435441876453e-12
2886.63,7.650320714912386e-12
2886.64,7.590785622678552e-12
2886.65,7.53564605242794e-12
2886.66,7.484808366941426e-12
2886.67,7.438188008450269e-12
2886.68,7.395709166930695e-12
2886.69,7.357304487276099e-12
2886.7,7.322914813405692e-12
2886.71,7.292488967516963e-12
2886.72,7.265983563066949e-12
2886.73,7.243362850205972e-12
2886.74,7.224598592714129e-12
2886.75,7.209669975630066e-12
2886.76,7.198563543047211e-12
2886.77,7.191273165705092e-12
2886.78,7.187800038246652e-12
2886.79,7.188152706203924e-12
2886.8,7.1923471229764215e-12
2886.81,7.200406737286167e-12
2886.82,7.212362611804773e-12
2886.83,7.228253573864953e-12
2886.84,7.2481263994203775e-12
2886.85,7.272036031635605e-12
2886.86,7.300045835791193e-12
2886.87,7.332227892418491e-12
2886.88,7.368663330946717e-12
2886.89,7.409442706399139e-12
2886.9,7.45466642212334e-12
2886.91,7.504445201835868e-12
2886.92,7.558900614809444e-12
2886.93,7.618165658387249e-12
2886.94,7.682385402681742e-12
2886.95,7.751717702758622e-12
2886.96,7.826333984436844e-12
2886.97,7.906420110399583e-12
2886.98,7.992177334340805e-12
2886.99,8.083823351601735e-12
2887.0,7.744406005791555e-12
2887.01,7.851217491752238e-12
2887.02,7.96465741591232e-12
2887.03,8.085022334568975e-12
2887.04,8.212632324929312e-12
2887.05,8.347832865216372e-12
2887.06,8.490996910192091e-12
2887.07,8.64252718460351e-12
2887.08,8.802858719650505e-12
2887.09,8.972461661394844e-12
2887.1,9.15184438352803e-12
2887.11,9.341556941896878e-12
2887.12,9.542194912930997e-12
2887.13,9.754403664673662e-12
2887.14,9.978883115592171e-12
2887.15,1.0216393045063769e-11
2887.16,1.046775902832322e-11
2887.17,1.0733879080376843e-11
2887.18,1.101573110567924e-11
2887.19,1.131438126629031e-11
2887.2,1.1630993398355304e-11
2887.21,1.1966839628627414e-11
2887.22,1.2323312366813425e-11
2887.23,1.270193787993758e-11
2887.24,1.3104391689037192e-11
2887.25,1.353251607130558e-11
2887.26,1.3988339999687301e-11
2887.27,1.4474101912762066e-11
2887.28,1.499227577913646e-11
2887.29,1.554560100727006e-11
2887.3,1.6137116857537984e-11
2887.31,1.6770202139553684e-11
2887.32,1.744862113470691e-11
2887.33,1.8176576872179e-11
2887.34,1.89587731216204e-11
2887.35,1.980048675091252e-11
2887.36,2.0707652454556265e-11
2887.37,2.168696229678155e-11
2887.38,2.274598306520593e-11
2887.39,2.3893295115846987e-11
2887.4,2.5138657257150465e-11
2887.41,2.6493203308341575e-11
2887.42,2.7969677353151168e-11
2887.43,2.958271646657565e-11
2887.44,3.1349191946706374e-11
2887.45,3.3288622969488786e-11
2887.46,3.542368031527337e-11
2887.47,3.7780802635088325e-11
2887.48,4.0390953997431446e-11
2887.49,4.3290559618442864e-11
2887.5,4.652266735526066e-11
2887.51,5.013839649234418e-11
2887.52,5.419875360784084e-11
2887.53,5.877691910325773e-11
2887.54,6.396113881815509e-11
2887.55,6.985839463622602e-11
2887.56,7.659907741329784e-11
2887.57,8.434294506205805e-11
2887.58,9.328671488012471e-11
2887.59,1.0367370099375218e-10
2887.6,1.1580593604050005e-10
2887.61,1.3005914440704354e-10
2887.62,1.4690061824780117e-10
2887.63,1.669091879652089e-10
2887.64,1.90794477224795e-10
2887.65,2.1940834746464547e-10
2887.66,2.537328488679726e-10
2887.67,2.9481302860531754e-10
2887.68,3.4357653208099453e-10
2887.69,4.0044762872953173e-10
2887.7,4.6464658163676586e-10
2887.71,5.331485797904996e-10
2887.72,5.996137639957405e-10
2887.73,6.542496341710001e-10
2887.74,6.859649052871095e-10
2887.75,6.869569389677953e-10
2887.76,6.56963904910333e-10
2887.77,6.034201954482905e-10
2887.78,5.373636103996463e-10
2887.79,4.687582213675936e-10
2887.8,4.0416967812740054e-10
2887.81,3.467994520310903e-10
2887.82,2.9753267468098894e-10
2887.83,2.55995323096881e-10
2887.84,2.212769228235279e-10
2887.85,1.9233286968603529e-10
2887.86,1.68174478953494e-10
2887.87,1.4794114710936897e-10
2887.88,1.309146710194364e-10
2887.89,1.1650867864601156e-10
2887.9,1.0424958901136874e-10
2887.91,9.375657511556865e-11
2887.92,8.472352223509892e-11
2887.93,7.69038719523811e-11
2887.94,7.009833367534075e-11
2887.95,6.414510669787413e-11
2887.96,5.891217420791763e-11
2887.97,5.4291255239717176e-11
2887.98,5.019306134648396e-11
2887.99,4.654357122208568e-11
2888.0,4.328109654037691e-11
2888.01,4.035396236690091e-11
2888.02,3.771866554654472e-11
2888.03,3.533840580362446e-11
2888.04,3.318190847861666e-11
2888.05,3.122247637590637e-11
2888.06,2.9437222393284654e-11
2888.07,2.780644544560136e-11
2888.08,2.6313120504273812e-11
2888.09,2.494247993892439e-11
2888.1,2.3681668254451535e-11
2888.11,2.2519456098084023e-11
2888.12,2.1446002350447587e-11
2888.13,2.0452655396065104e-11
2888.14,1.9531786459030416e-11
2888.15,1.867664928938959e-11
2888.16,1.7881261595346788e-11
2888.17,1.7140304490087006e-11
2888.18,1.6449036921815288e-11
2888.19,1.580322261013907e-11
2888.2,1.519906746090141e-11
2888.21,1.4633165789263568e-11
2888.22,1.410245397369565e-11
2888.23,1.3604170397826745e-11
2888.24,1.3135820731188561e-11
2888.25,1.2695147755588425e-11
2888.26,1.22801050744194e-11
2888.27,1.1888834147246634e-11
2888.28,1.1519644180633903e-11
2888.29,1.1170994478882144e-11
2888.3,1.0841478918314621e-11
2888.31,1.052981226018615e-11
2888.32,1.0234818058513466e-11
2888.33,9.9554179555626e-12
2888.34,9.69062218662052e-12
2888.35,9.439521141731221e-12
2888.36,9.201277852529761e-12
2888.37,8.975121291161703e-12
2888.38,8.760340382879801e-12
2888.39,8.55627864771504e-12
2888.4,8.362329397127589e-12
2888.41,8.177931421767243e-12
2888.42,8.002565114086313e-12
2888.43,7.83574897720358e-12
2888.44,7.677036476966727e-12
2888.45,7.526013199955737e-12
2888.46,7.382294284233722e-12
2888.47,7.245522094085025e-12
2888.48,7.1153641129694e-12
2888.49,6.991511032347496e-12
2888.5,6.873675016238345e-12
2888.51,6.761588124039513e-12
2888.52,6.655000875811532e-12
2888.53,6.5536809461931385e-12
2888.54,6.457411974636487e-12
2888.55,6.365992480851652e-12
2888.56,6.279234875807825e-12
2888.57,6.196964559415452e-12
2888.58,6.1190190972250544e-12
2888.59,6.045247469050613e-12
2888.6,5.975509383410982e-12
2888.61,5.909674652107405e-12
2888.62,6.011229949787675e-12
2888.63,5.953873151125165e-12
2888.64,5.9000939557579885e-12
2888.65,5.849797496345023e-12
2888.66,5.802896629598267e-12
2888.67,5.7593115840523025e-12
2888.68,5.71896964252849e-12
2888.69,5.68180485698246e-12
2888.7,5.647757793814241e-12
2888.71,5.6167753078352805e-12
2888.72,5.588810343418497e-12
2888.73,5.563821761456248e-12
2888.74,5.541774191034992e-12
2888.75,5.5226379048267095e-12
2888.76,5.506388717441549e-12
2888.77,5.4930079060826095e-12
2888.78,5.48248215303843e-12
2888.79,5.474803509687243e-12
2888.8,5.4699693818174885e-12
2888.81,5.467982536241191e-12
2888.82,5.4688511287958065e-12
2888.83,5.472588753994621e-12
2888.84,5.47921451672513e-12
2888.85,5.488753126550232e-12
2888.86,5.501235015333916e-12
2888.87,5.516696479066119e-12
2888.88,5.535179844962893e-12
2888.89,5.5567336650757855e-12
2888.9,5.581412937888966e-12
2888.91,5.60927935955352e-12
2888.92,5.6404016067063484e-12
2888.93,5.67485565301555e-12
2888.94,5.712725121958038e-12
2888.95,5.754101678566088e-12
2888.96,5.799085463325384e-12
2888.97,5.847785571690668e-12
2888.98,5.9003205832338176e-12
2888.99,5.608232686080198e-12
2889.0,5.670962350800778e-12
2889.01,5.7379262666284066e-12
2889.02,5.8092876357815905e-12
2889.03,5.885222706430314e-12
2889.04,5.965921714136905e-12
2889.05,6.051589918059079e-12
2889.06,6.142448741814395e-12
2889.07,6.238737030398067e-12
2889.08,6.340712435745309e-12
2889.09,6.448652945431712e-12
2889.1,6.56285857061062e-12
2889.11,6.6836532117266095e-12
2889.12,6.811386722704446e-12
2889.13,6.946437197471531e-12
2889.14,7.089213505592676e-12
2889.15,7.240158107924051e-12
2889.16,7.399750187163026e-12
2889.17,7.568509133619546e-12
2889.18,7.746998431961516e-12
2889.19,7.935830001953363e-12
2889.2,8.135669053673598e-12
2889.21,8.347239527491635e-12
2889.22,8.5713301994303e-12
2889.23,8.808801545888847e-12
2889.24,9.060593476149839e-12
2889.25,9.32773405949437e-12
2889.26,9.611349394115909e-12
2889.27,9.912674790585252e-12
2889.28,1.0233067471946856e-11
2889.29,1.0574021027912912e-11
2889.3,1.0937181903566787e-11
2889.31,1.1324368253121651e-11
2889.32,1.1737591551601068e-11
2889.33,1.2179081430432114e-11
2889.34,1.265131429394002e-11
2889.35,1.315704638193139e-11
2889.36,1.3699352078319718e-11
2889.37,1.4281668427999004e-11
2889.38,1.4907847026779098e-11
2889.39,1.5582214696011573e-11
2889.4,1.630964466296195e-11
2889.41,1.7095640349183944e-11
2889.42,1.7946434349536086e-11
2889.43,1.8869105782748443e-11
2889.44,1.9871719953060333e-11
2889.45,2.0963495217228924e-11
2889.46,2.215500317034552e-11
2889.47,2.3458409814016752e-11
2889.48,2.4887767364527327e-11
2889.49,2.645936891872319e-11
2889.5,2.8192181513137173e-11
2889.51,3.0108377409013406e-11
2889.52,3.223398904069505e-11
2889.53,3.459972037759931e-11
2889.54,3.724195702117696e-11
2889.55,4.020402989534791e-11
2889.56,4.353780377295244e-11
2889.57,4.7305683231892845e-11
2889.58,5.158315617922604e-11
2889.59,5.64620300895646e-11
2889.6,6.205455927973639e-11
2889.61,6.849871204643108e-11
2889.62,7.596487928526193e-11
2889.63,8.466436692252967e-11
2889.64,9.486000817409095e-11
2889.65,1.0687910055540008e-10
2889.66,1.2112845132073126e-10
2889.67,1.3811026573548086e-10
2889.68,1.5843527187120742e-10
2889.69,1.828246156268394e-10
2889.7,2.1208263108839002e-10
2889.71,2.470058940894439e-10
2889.72,2.881688476045555e-10
2889.73,3.3550155397139236e-10
2889.74,3.8759064156268863e-10
2889.75,4.4078882076805793e-10
2889.76,4.886290018883511e-10
2889.77,5.225564200309142e-10
2889.78,5.347656470505641e-10
2889.79,5.220733621591594e-10
2889.8,4.877831769993069e-10
2889.81,4.3975336961265285e-10
2889.82,3.865181539924431e-10
2889.83,3.344901266546696e-10
2889.84,2.8726475446343434e-10
2889.85,2.462206735766555e-10
2889.86,2.1140939423683093e-10
2889.87,1.822488808608147e-10
2889.88,1.5794087012012456e-10
2889.89,1.376820696255721e-10
2889.9,1.2075337339716544e-10
2889.91,1.0654625630388984e-10
2889.92,9.456052740735451e-11
2889.93,8.439109117399272e-11
2889.94,7.571205174344799e-11
2889.95,6.826170162222195e-11
2889.96,6.182963029263293e-11
2889.97,5.624615625941895e-11
2889.98,5.1373872994213386e-11
2889.99,4.7100971796467024e-11
2890.0,4.3335999749588434e-11
2890.01,4.000375214360457e-11
2890.02,3.704205157821445e-11
2890.03,3.439921634592575e-11
2890.04,3.2032063719203687e-11
2890.05,2.9904328604336e-11
2890.06,2.798540545012949e-11
2890.07,2.6249342527275203e-11
2890.08,2.467403400533728e-11
2890.09,2.3240567715622162e-11
2890.1,2.1932696014936783e-11
2890.11,2.0736404436943198e-11
2890.12,1.963955839425813e-11
2890.13,1.8631612469389356e-11
2890.14,1.770337013361562e-11
2890.15,1.6846784280244142e-11
2890.16,1.6054790942990155e-11
2890.17,1.532117011284261e-11
2890.18,1.4640428780173508e-11
2890.19,1.4007702279159102e-11
2890.2,1.3418670766759404e-11
2890.21,1.2869488264061453e-11
2890.22,1.2356722166089637e-11
2890.23,1.187730150571373e-11
2890.24,1.1428472565427012e-11
2890.25,1.100776067652779e-11
2890.26,1.0612937247026577e-11
2890.27,1.0241991221314414e-11
2890.28,9.893104308387055e-12
2890.29,9.564629424268929e-12
2890.3,9.25507188329701e-12
2890.31,8.963072947693365e-12
2890.32,8.687395405025497e-12
2890.33,8.426910894849132e-12
2890.34,8.180588747229657e-12
2890.35,7.947486131988827e-12
2890.36,7.7267393463362e-12
2890.37,7.517556094153373e-12
2890.38,7.319208630454852e-12
2890.39,7.1310276629176766e-12
2890.4,6.952396916743763e-12
2890.41,6.78274828245324e-12
2890.42,6.621557476489723e-12
2890.43,6.468340154311527e-12
2890.44,6.322648423054889e-12
2890.45,6.184067708129415e-12
2890.46,6.052213933483925e-12
2890.47,5.92673098074387e-12
2890.48,5.807288396345633e-12
2890.49,5.69357931994027e-12
2890.5,5.5853186102160876e-12
2890.51,5.4822411474665014e-12
2890.52,5.3841002943833e-12
2890.53,5.2906664988891785e-12
2890.54,5.201726024675125e-12
2890.55,5.117079796598689e-12
2890.56,5.036542349772804e-12
2890.57,4.959940872173975e-12
2890.58,4.887114331959903e-12
2890.59,4.8179126814226474e-12
2890.6,4.752196130594526e-12
2890.61,4.689834484068738e-12
2890.62,4.630706535479199e-12
2890.63,4.574699514486966e-12
2890.64,4.521708581840481e-12
2890.65,4.471636368374742e-12
2890.66,4.424392554406419e-12
2890.67,4.379893486202321e-12
2890.68,4.33806182668901e-12
2890.69,4.298826237735278e-12
2890.7,4.385004284007992e-12
2890.71,4.351542366786569e-12
2890.72,4.320503064640423e-12
2890.73,4.291836506662567e-12
2890.74,4.265497634859415e-12
2890.75,4.2414460352553166e-12
2890.76,4.219645788861599e-12
2890.77,4.200065341498178e-12
2890.78,4.182677391638795e-12
2890.79,4.167458795570775e-12
2890.8,4.154390489254332e-12
2890.81,4.143457426426282e-12
2890.82,4.13464853255715e-12
2890.83,4.1279566744190165e-12
2890.84,4.123378645091095e-12
2890.85,4.12091516436222e-12
2890.86,4.120570894570046e-12
2890.87,4.12235447203704e-12
2890.88,4.126278554359037e-12
2890.89,4.132359883914914e-12
2890.9,4.140619368081105e-12
2890.91,4.151082176744407e-12
2890.92,4.163777857846192e-12
2890.93,4.178740471802882e-12
2890.94,4.196008745817385e-12
2890.95,4.215626249215809e-12
2890.96,4.237641591150822e-12
2890.97,4.262108642147494e-12
2890.98,4.289086781220359e-12
2890.99,4.044225074196472e-12
2891.0,4.078109989586171e-12
2891.01,4.114704643497615e-12
2891.02,4.154093691633394e-12
2891.03,4.196368990415504e-12
2891.04,4.241630047225631e-12
2891.05,4.289984515795274e-12
2891.06,4.341548740996899e-12
2891.07,4.396448357938662e-12
2891.08,4.454818950721008e-12
2891.09,4.5168067770281444e-12
2891.1,4.582569565329986e-12
2891.11,4.652277392494482e-12
2891.12,4.7261136504115095e-12
2891.13,4.804276111527797e-12
2891.14,4.8869781042633e-12
2891.15,4.974449810938534e-12
2891.16,5.066939702280906e-12
2891.17,5.164716124717186e-12
2891.18,5.268069058600382e-12
2891.19,5.3773120683033746e-12
2891.2,5.4927844677443385e-12
2891.21,5.614853728567801e-12
2891.22,5.743918161795442e-12
2891.23,5.8804099086183915e-12
2891.24,6.0247982809287085e-12
2891.25,6.177593498704925e-12
2891.26,6.33935087817884e-12
2891.27,6.510675533489489e-12
2891.28,6.692227664221241e-12
2891.29,6.884728512855963e-12
2891.3,7.088967090236882e-12
2891.31,7.305807782992175e-12
2891.32,7.536198976772636e-12
2891.33,7.781182851636127e-12
2891.34,8.041906534058927e-12
2891.35,8.319634822373395e-12
2891.36,8.615764742734144e-12
2891.37,8.93184223970628e-12
2891.38,9.269581364059333e-12
2891.39,9.63088638950525e-12
2891.4,1.001787737620686e-11
2891.41,1.0432919801986898e-11
2891.42,1.087865901075733e-11
2891.43,1.1358060383563005e-11
2891.44,1.1874456332696311e-11
2891.45,1.243160145851675e-11
2891.46,1.3033737509325179e-11
2891.47,1.3685670157452448e-11
2891.48,1.4392860076181992e-11
2891.49,1.516153139289454e-11
2891.5,1.59988013459318e-11
2891.51,1.69128359249993e-11
2891.52,1.7913037495819518e-11
2891.53,1.9010271972808246e-11
2891.54,2.021714511874197e-11
2891.55,2.1548340159851184e-11
2891.56,2.3021032288908616e-11
2891.57,2.4655400046289624e-11
2891.58,2.6475259334089223e-11
2891.59,2.8508853376208745e-11
2891.6,3.078984182892691e-11
2891.61,3.33585451977177e-11
2891.62,3.6263517570565e-11
2891.63,3.9563542440046114e-11
2891.64,4.333017397900286e-11
2891.65,4.7650980101516e-11
2891.66,5.263368309034412e-11
2891.67,5.841143423063157e-11
2891.68,6.514948853098075e-11
2891.69,7.305353503691562e-11
2891.7,8.237982239841498e-11
2891.71,9.344686055564019e-11
2891.72,1.0664759654188512e-10
2891.73,1.2245900582677777e-10
2891.74,1.4144199913267745e-10
2891.75,1.6421675570916962e-10
2891.76,1.913849592747533e-10
2891.77,2.2335042978348833e-10
2891.78,2.5997180199673716e-10
2891.79,3.0000036395284427e-10
2891.8,3.403948342297237e-10
2891.81,3.7594615012348534e-10
2891.82,4.0002252415002587e-10
2891.83,4.0693536411020577e-10
2891.84,3.948626280126399e-10
2891.85,3.6692926648789757e-10
2891.86,3.2939493124771606e-10
2891.87,2.886668555754279e-10
2891.88,2.4936289801129775e-10
2891.89,2.139634622612808e-10
2891.9,1.8334223119137828e-10
2891.91,1.5744223779677236e-10
2891.92,1.3577839066993842e-10
2891.93,1.1773134445729162e-10
2891.94,1.0269254186584435e-10
2891.95,9.012332411566452e-11
2891.96,7.957062753461973e-11
2891.97,7.066331885625249e-11
2891.98,6.310139966693078e-11
2891.99,5.66437667294477e-11
2892.0,5.109688868318349e-11
2892.01,4.630517857088426e-11
2892.02,4.2143144851473875e-11
2892.03,3.850913248621324e-11
2892.04,3.532038882080594e-11
2892.05,3.250919406625013e-11
2892.06,3.0019830859319645e-11
2892.07,2.780620846074848e-11
2892.08,2.582999531992887e-11
2892.09,2.4059145923124e-11
2892.1,2.246673374567856e-11
2892.11,2.103002241859242e-11
2892.12,1.972972290446801e-11
2892.13,1.854939649252355e-11
2892.14,1.7474972608729182e-11
2892.15,1.649435744148332e-11
2892.16,1.5597114741471173e-11
2892.17,1.477420425099173e-11
2892.18,1.4017766369796932e-11
2892.19,1.3320944088548917e-11
2892.2,1.2677735101290363e-11
2892.21,1.208286846498814e-11
2892.22,1.1531701314817278e-11
2892.23,1.1020132034152898e-11
2892.24,1.0544526982424902e-11
2892.25,1.0101658437625414e-11
2892.26,9.688651852745052e-12
2892.27,9.302940875743569e-12
2892.28,8.942228865060063e-12
2892.29,8.604455858967248e-12
2892.3,8.2877701392932e-12
2892.31,7.990503679090585e-12
2892.32,7.711150883345444e-12
2892.33,7.448350131178248e-12
2892.34,7.200867707735689e-12
2892.35,6.967583781132789e-12
2892.36,6.747480133737709e-12
2892.37,6.539629403144284e-12
2892.38,6.343185625106309e-12
2892.39,6.157375902722772e-12
2892.4,5.981493051740195e-12
2892.41,5.814889094389737e-12
2892.42,5.6569694920785396e-12
2892.43,5.507188023342678e-12
2892.44,5.3650422261198685e-12
2892.45,5.230069335017947e-12
2892.46,5.101842653273555e-12
2892.47,4.9799683075848396e-12
2892.48,4.8640823404816175e-12
2892.49,4.753848101171354e-12
2892.5,4.648953900487123e-12
2892.51,4.549110900249489e-12
2892.52,4.454051210801622e-12
2892.53,4.363526173893003e-12
2892.54,4.277304810863214e-12
2892.55,4.195172418357835e-12
2892.56,4.116929296143979e-12
2892.57,4.042389593171269e-12
2892.58,3.971380259865877e-12
2892.59,3.9037400958060026e-12
2892.6,3.839318883370173e-12
2892.61,3.777976598807419e-12
2892.62,3.719582693320041e-12
2892.63,3.66401543738374e-12
2892.64,3.611161322441687e-12
2892.65,3.5609145145777083e-12
2892.66,3.5131763555085815e-12
2892.67,3.46785490658133e-12
2892.68,3.4248645320588255e-12
2892.69,3.384125518231786e-12
2892.7,3.3455637253850742e-12
2892.71,3.3091102698335256e-12
2892.72,3.2747012336472444e-12
2892.73,3.2422773998240403e-12
2892.74,3.211784011003525e-12
2892.75,3.1831705499189488e-12
2892.76,3.1563905400640236e-12
2892.77,3.1314013651371436e-12
2892.78,3.1081641060296074e-12
2892.79,3.08664339425636e-12
2892.8,3.0668072808182975e-12
2892.81,3.0486271196611405e-12
2892.82,3.0320774649396794e-12
2892.83,3.0171359814562237e-12
2892.84,3.003783367680046e-12
2892.85,2.992003290892788e-12
2892.86,2.9817823340420114e-12
2892.87,2.9731099540054606e-12
2892.88,2.9659784510082647e-12
2892.89,2.9603829490413664e-12
2892.9,2.956321387174643e-12
2892.91,2.953794521752955e-12
2892.92,2.9528059395168092e-12
2892.93,2.9533620817759625e-12
2892.94,2.955472279828749e-12
2892.95,2.9591488019013595e-12
2892.96,2.9644069119599413e-12
2892.97,2.9712649408276862e-12
2892.98,2.9797443701353925e-12
2892.99,2.989869929714591e-12
2893.0,3.001669709160394e-12
2893.01,2.802234445895184e-12
2893.02,2.818792885347698e-12
2893.03,2.837119234071807e-12
2893.04,2.8572565989685235e-12
2893.05,2.8792522479501176e-12
2893.06,2.9031578283764106e-12
2893.07,2.9290296083502553e-12
2893.08,2.956928742776108e-12
2893.09,2.9869215663865364e-12
2893.1,3.019079916130363e-12
2893.11,3.053481485687323e-12
2893.12,3.090210215118306e-12
2893.13,3.1293567191203825e-12
2893.14,3.171018757675369e-12
2893.15,3.2153017534546157e-12
2893.16,3.2623193607643943e-12
2893.17,3.312194091537139e-12
2893.18,3.365058004433793e-12
2893.19,3.4210534640349134e-12
2893.2,3.480333977845661e-12
2893.21,3.5430651200042223e-12
2893.22,3.609425551585628e-12
2893.23,3.679608148892017e-12
2893.24,3.753821252471117e-12
2893.25,3.83229005155238e-12
2893.26,3.9152581204234485e-12
2893.27,4.002989125793288e-12
2893.28,4.0957687267925134e-12
2893.29,4.193906692394149e-12
2893.3,4.297739264848801e-12
2893.31,4.407631801760391e-12
2893.32,4.523981734689011e-12
2893.33,4.647221887709693e-12
2893.34,4.777824206518798e-12
2893.35,4.916303956410142e-12
2893.36,5.063224457301193e-12
2893.37,5.219202434864616e-12
2893.38,5.38491408054917e-12
2893.39,5.561101928715873e-12
2893.4,5.748582678470197e-12
2893.41,5.948256109921972e-12
2893.42,6.161115272242082e-12
2893.43,6.388258153012476e-12
2893.44,6.630901078360439e-12
2893.45,6.890394140524433e-12
2893.46,7.168239008188679e-12
2893.47,7.46610954503396e-12
2893.48,7.78587574934555e-12
2893.49,8.12963163320132e-12
2893.5,8.499727791908586e-12
2893.51,8.898809576037679e-12
2893.52,9.32986198129648e-12
2893.53,9.796262623217726e-12
2893.54,1.0301844479660682e-11
2893.55,1.0850970482818843e-11
2893.56,1.144862254433833e-11
2893.57,1.2100508237404957e-11
2893.58,1.2813189172929419e-11
2893.59,1.3594236152509759e-11
2893.6,1.445241752217896e-11
2893.61,1.5397928888589092e-11
2893.62,1.6442674609005993e-11
2893.63,1.760061440158538e-11
2893.64,1.8888192251417882e-11
2893.65,2.0324869809561217e-11
2893.66,2.1933793062178916e-11
2893.67,2.374262968410408e-11
2893.68,2.5784625780734416e-11
2893.69,2.8099945407638592e-11
2893.7,3.0737375106518166e-11
2893.71,3.375649938892996e-11
2893.72,3.7230481681575405e-11
2893.73,4.12496171635025e-11
2893.74,4.592585360645336e-11
2893.75,5.139848943220244e-11
2893.76,5.784122140156807e-11
2893.77,6.547055516799309e-11
2893.78,7.455515877511972e-11
2893.79,8.542472742527415e-11
2893.8,9.8474754595501e-11
2893.81,1.1415924066789412e-10
2893.82,1.329552728158604e-10
2893.83,1.5527016922891268e-10
2893.84,1.8124543128255195e-10
2893.85,2.1040690544526798e-10
2893.86,2.411624893577251e-10
2893.87,2.7033434033429257e-10
2893.88,2.9323401873405146e-10
2893.89,3.0489752594771493e-10
2893.9,3.023296577543407e-10
2893.91,2.8621650171343644e-10
2893.92,2.6051198609258706e-10
2893.93,2.3030664822133048e-10
2893.94,1.998296904337455e-10
2893.95,1.7166794757054622e-10
2893.96,1.4695829850500595e-10
2893.97,1.259077824330589e-10
2893.98,1.0825040444121265e-10
2893.99,9.353841848876842e-11
2894.0,8.129601963136533e-11
2894.01,7.108763783934319e-11
2894.02,6.254092795415807e-11
2894.03,5.534850552984623e-11
2894.04,4.9261114623175446e-11
2894.05,4.4078325762645345e-11
2894.06,3.9639419801510683e-11
2894.07,3.5815438998428405e-11
2894.08,3.25026271199505e-11
2894.09,2.961716825520205e-11
2894.1,2.7091029935697487e-11
2894.11,2.486870253881852e-11
2894.12,2.2904648412354415e-11
2894.13,2.116130565795791e-11
2894.14,1.9607522619234307e-11
2894.15,1.8217326043250958e-11
2894.16,1.6968947825699287e-11
2894.17,1.5844052545011983e-11
2894.18,1.4827121396861196e-11
2894.19,1.3904958418022307e-11
2894.2,1.3066292742139361e-11
2894.21,1.2301456610759689e-11
2894.22,1.1602123429479478e-11
2894.23,1.0961093643326972e-11
2894.24,1.0372118879512299e-11
2894.25,9.82975685759208e-12
2894.26,9.329251154405238e-12
2894.27,8.866431138187664e-12
2894.28,8.437628343656075e-12
2894.29,8.039606307363679e-12
2894.3,7.66950146907685e-12
2894.31,7.324773209095327e-12
2894.32,7.003161457097675e-12
2894.33,6.702650601090002e-12
2894.34,6.421438657199161e-12
2894.35,6.157910849140917e-12
2894.36,5.910616896025e-12
2894.37,5.6782514299321965e-12
2894.38,5.459637062896866e-12
2894.39,5.253709704356875e-12
2894.4,5.059505795429709e-12
2894.41,4.8761511812114194e-12
2894.42,4.702851386305168e-12
2894.43,4.538883096259232e-12
2894.44,4.383586677632309e-12
2894.45,4.236359595371123e-12
2894.46,4.096650606926094e-12
2894.47,3.963954630767802e-12
2894.48,3.837808201441469e-12
2894.49,3.717785436270969e-12
2894.5,3.6034944490236556e-12
2894.51,3.4945741551886084e-12
2894.52,3.390691420810039e-12
2894.53,3.2915385134924906e-12
2894.54,3.1968308196942995e-12
2894.55,3.1063047969879742e-12
2894.56,3.0197161342613607e-12
2894.57,2.9368380960262376e-12
2894.58,2.8574600302575356e-12
2894.59,2.7813860215031088e-12
2894.6,2.708433673476639e-12
2894.61,2.638433007036437e-12
2894.62,2.571225461351374e-12
2894.63,2.5066629872911682e-12
2894.64,2.4446072235521524e-12
2894.65,2.384928746933879e-12
2894.66,2.3275063893390664e-12
2894.67,2.2722266147297937e-12
2894.68,2.218982950191352e-12
2894.69,2.167675465735498e-12
2894.7,2.118210298211862e-12
2894.71,2.0704992150429766e-12
2894.72,2.0244592140962207e-12
2894.73,1.980012156252978e-12
2894.74,1.9370844277256027e-12
2894.75,1.8956066293451465e-12
2894.76,1.855513290447331e-12
2894.77,1.8167426051151426e-12
2894.78,1.77923618882467e-12
2894.79,1.7429388537292707e-12
2894.8,1.7077984009307754e-12
2894.81,1.6737654283365288e-12
2894.82,1.6407931527335297e-12
2894.83,1.6088372449387257e-12
2894.84,1.5778556768946275e-12
2894.85,1.5478085797766555e-12
2894.86,1.518658112173502e-12
2894.87,1.4903683375740966e-12
2894.88,1.4629051103783553e-12
2894.89,1.4362359698006295e-12
2894.9,1.4103300410100888e-12
2894.91,1.3851579429869509e-12
2894.92,1.3606917025428167e-12
2894.93,1.3369046740737354e-12
2894.94,1.3137714645797958e-12
2894.95,1.2912678635933078e-12
2894.96,1.2693707776199814e-12
2894.97,1.2480581687955095e-12
2894.98,1.2273089974204728e-12
2894.99,1.2071031681257095e-12
2895.0,1.1874214793797471e-12
2895.01,1.168245576130704e-12
2895.02,1.1495579053409311e-12
2895.03,1.1313416742228663e-12
2895.04,1.1135808109982759e-12
2895.05,9.33947154203627e-13
2895.06,9.18054163626918e-13
2895.07,9.025630327376859e-13
2895.08,8.87460339558172e-13
2895.09,8.727332172986968e-13
2895.1,8.583693270569872e-13
2895.11,8.443568320593026e-13
2895.12,8.306843733648047e-13
2895.13,8.173410469194536e-13
2895.14,8.043163818936249e-13
2895.15,7.916003202034401e-13
2895.16,7.791831971607529e-13
2895.17,7.670557231635132e-13
2895.18,7.552089663805259e-13
2895.19,7.436343363524191e-13
2895.2,7.323235684704807e-13
2895.21,7.212687092638918e-13
2895.22,7.10462102463494e-13
2895.23,6.998963757801347e-13
2895.24,6.895644283712221e-13
2895.25,6.794594189400557e-13
2895.26,6.695747544457816e-13
2895.27,6.599040793773215e-13
2895.28,6.504412655637566e-13
2895.29,6.411804024949077e-13
2895.3,6.321157881127968e-13
2895.31,6.232419200606126e-13
2895.32,6.145534873506705e-13
2895.33,6.060453624410943e-13
2895.34,5.97712593686254e-13
2895.35,5.895503981529561e-13
2895.36,5.815541547705418e-13
2895.37,5.737193978087979e-13
2895.38,5.660418106546215e-13
2895.39,5.585172198829534e-13
2895.4,5.511415895953793e-13
2895.41,5.439110160233042e-13
2895.42,5.368217223712704e-13
2895.43,5.298700538984981e-13
2895.44,5.230524732161654e-13
2895.45,5.16365555799504e-13
2895.46,5.09805985693951e-13
2895.47,5.03370551415289e-13
2895.48,4.970561420245612e-13
2895.49,4.908597433784033e-13
2895.5,4.847784345369815e-13
2895.51,4.788093843305021e-13
2895.52,4.729498480696195e-13
2895.53,4.671971643955793e-13
2895.54,4.615487522658955e-13
2895.55,4.560021080626213e-13
2895.56,4.5055480282527706e-13
2895.57,4.4520447959450763e-13
2895.58,4.3994885086914307e-13
2895.59,4.3478569616360104e-13
2895.6,4.297128596685813e-13
2895.61,4.2472824800279053e-13
2895.62,4.1982982805885376e-13
2895.63,4.150156249318996e-13
2895.64,4.1028371993413133e-13
2895.65,4.056322486845442e-13
2895.66,4.0105939927724783e-13
2895.67,3.965634105181526e-13
2895.68,3.921425702335906e-13
2895.69,3.87795213641191e-13
2895.7,3.835197217866642e-13
2895.71,3.7931452003732114e-13
2895.72,3.751780766360466e-13
2895.73,3.711089013070246e-13
2895.74,3.6710554391697733e-13
2895.75,3.631665931836464e-13
2895.76,3.592906754351276e-13
2895.77,3.5547645341342046e-13
2895.78,3.5172262512214e-13
2895.79,3.480279227182084e-13
2895.8,3.4439111144147543e-13
2895.81,3.40810988585869e-13
2895.82,3.3728638250509694e-13
2895.83,3.3381615165666665e-13
2895.84,3.3039918367754994e-13
2895.85,3.270343944952362e-13
2895.86,3.237207274677916e-13
2895.87,3.2045715255662994e-13
2895.88,3.1724266552588933e-13
2895.89,3.1407628717207755e-13
2895.9,3.109570625781328e-13
2895.91,3.078840603955238e-13
2895.92,3.0485637214876624e-13
2895.93,3.0187311156593753e-13
2895.94,2.9893341392978625e-13
2895.95,2.960364354529686e-13
2895.96,2.9318135267221675e-13
2895.97,2.903673618649181e-13
2895.98,2.875936784831067e-13
2895.99,2.8485953660829026e-13
2896.0,2.821641884223021e-13
2896.01,2.795069036974181e-13
2896.02,2.7688696930194875e-13
2896.03,2.743036887219703e-13
2896.04,2.717563815997451e-13
2896.05,2.692443832853083e-13
2896.06,2.667670444043126e-13
2896.07,2.643237304378931e-13
2896.08,2.619138213177061e-13
2896.09,2.5953671103205147e-13
2896.1,2.5719180724616923e-13
2896.11,2.548785309327597e-13
2896.12,2.5259631601575716e-13
2896.13,2.503446090235326e-13
2896.14,2.4812286875450107e-13
2896.15,2.459305659514317e-13
2896.16,2.437671829873732e-13
2896.17,2.416322135596132e-13
2896.18,2.39525162394526e-13
2896.19,2.37445544959837e-13
2896.2,2.3539288718710325e-13
2896.21,2.3336672520104076e-13
2896.22,2.313666050584442e-13
2896.23,2.2939208249343233e-13
2896.24,2.2744272267170336e-13
2896.25,2.255180999506358e-13
2896.26,2.2361779764777554e-13
2896.27,2.2174140781523867e-13
2896.28,2.1988853102071468e-13
2896.29,2.1805877613567973e-13
2896.3,2.1625176012849264e-13
2896.31,2.1446710786478158e-13
2896.32,2.127044519122608e-13
2896.33,2.109634323524204e-13
2896.34,2.092436965963114e-13
2896.35,2.075448992068157e-13
2896.36,2.0586670172469768e-13
2896.37,2.042087725007811e-13
2896.38,2.0257078653161936e-13
2896.39,2.009524253009545e-13
2896.4,1.9935337662440143e-13
2896.41,1.9777333449960633e-13
2896.42,1.9621199895938662e-13
2896.43,1.946690759300471e-13
2896.44,1.931442770924514e-13
2896.45,1.916373197479952e-13
2896.46,1.9014792668712159e-13
2896.47,1.8867582606248393e-13
2896.48,1.8722075126445125e-13
2896.49,1.8578244080102303e-13
2896.5,1.843606381799054e-13
2896.51,1.829550917947057e-13
2896.52,1.8156555481350248e-13
2896.53,1.8019178507037156e-13
2896.54,1.788335449603922e-13
2896.55,1.7749060133648262e-13
2896.56,1.7616272540991314e-13
2896.57,1.7484969265244432e-13
2896.58,1.7355128270196422e-13
2896.59,1.7226727926961804e-13
2896.6,1.7099747005027e-13
2896.61,1.6974164663433713e-13
2896.62,1.684996044227949e-13
2896.63,1.6727114254344483e-13
2896.64,1.6605606377020353e-13
2896.65,1.64854174443549e-13
2896.66,1.6366528439385062e-13
2896.67,1.62489206865756e-13
2896.68,1.6132575844533195e-13
2896.69,1.6017475898817213e-13
2896.7,1.5903603155013323e-13
2896.71,1.5790940231895497e-13
2896.72,1.5679470054839105e-13
2896.73,1.556917584931469e-13
2896.74,1.5460041134621636e-13
2896.75,1.5352049717695353e-13
2896.76,1.5245185687139145e-13
2896.77,1.5139433407351786e-13
2896.78,1.5034777512797504e-13
2896.79,1.4931202902461522e-13
2896.8,1.4828694734367824e-13
2896.81,1.4727238420303001e-13
2896.82,1.4626819620591765e-13
2896.83,1.452742423907004e-13
2896.84,1.4429038418104392e-13
2896.85,1.4331648533801045e-13
2896.86,1.423524119125632e-13
2896.87,1.4139803219988984e-13
2896.88,1.4045321669409493e-13
2896.89,1.3951783804463927e-13
2896.9,1.3859177101310595e-13
2896.91,1.3767489243164362e-13
2896.92,1.3676708116169853e-13
2896.93,1.3586821805435813e-13
2896.94,1.3497818591094627e-13
2896.95,1.340968694451691e-13
2896.96,1.3322415524547827e-13
2896.97,1.323599317389254e-13
2896.98,1.3150408915520333e-13
2896.99,1.3065651949212238e-13
2897.0,1.2981711648124368e-13
2897.01,1.2898577555485772e-13
2897.02,1.2816239381331766e-13
2897.03,1.2734686999310367e-13
2897.04,1.2653910443596618e-13
2897.05,1.2573899905819778e-13
2897.06,1.2494645732116778e-13
2897.07,1.2416138420192555e-13
2897.08,1.233836861650207e-13
2897.09,1.2261327113437092e-13
2897.1,0.0
2897.11,0.0
2897.12,0.0
2897.13,0.0
2897.14,0.0
2897.15,0.0
2897.16,0.0
2897.17,0.0
2897.18,0.0
2897.19,0.0
2897.2,0.0
2897.21,0.0
2897.22,0.0
2897.23,0.0
2897.24,0.0
2897.25,0.0
2897.26,0.0
2897.27,0.0
2897.28,0.0
2897.29,0.0
2897.3,0.0
2897.31,0.0
2897.32,0.0
2897.33,0.0
2897.34,0.0
2897.35,0.0
2897.36,0.0
2897.37,0.0
2897.38,0.0
2897.39,0.0
2897.4,0.0
2897.41,0.0
2897.42,0.0
2897.43,0.0
2897.44,0.0
2897.45,0.0
2897.46,0.0
2897.47,0.0
2897.48,0.0
2897.49,0.0
2897.5,0.0
2897.51,0.0
2897.52,0.0
2897.53,0.0
2897.54,0.0
2897.55,0.0
2897.56,0.0
2897.57,0.0
2897.58,0.0
2897.59,0.0
2897.6,0.0
2897.61,0.0
2897.62,0.0
2897.63,0.0
2897.64,0.0
2897.65,0.0
2897.66,0.0
2897.67,0.0
2897.68,0.0
2897.69,0.0
2897.7,0.0
2897.71,0.0
2897.72,0.0
2897.73,0.0
2897.74,0.0
2897.75,0.0
2897.76,0.0
2897.77,0.0
2897.78,0.0
2897.79,0.0
2897.8,0.0
2897.81,0.0
2897.82,0.0
2897.83,0.0
2897.84,0.0
2897.85,0.0
2897.86,0.0
2897.87,0.0
2897.88,0.0
2897.89,0.0
2897.9,0.0
2897.91,0.0
2897.92,0.0
2897.93,0.0
2897.94,0.0
2897.95,0.0
2897.96,0.0
2897.97,0.0
2897.98,0.0
2897.99,0.0
2898.0,0.0
2898.01,0.0
2898.02,0.0
2898.03,0.0
2898.04,0.0
2898.05,0.0
2898.06,0.0
2898.07,0.0
2898.08,0.0
2898.09,0.0
2898.1,0.0
2898.11,0.0
2898.12,0.0
2898.13,0.0
2898.14,0.0
2898.15,0.0
2898.16,0.0
2898.17,0.0
2898.18,0.0
2898.19,0.0
2898.2,0.0
2898.21,0.0
2898.22,0.0
2898.23,0.0
2898.24,0.0
2898.25,0.0
2898.26,0.0
2898.27,0.0
2898.28,0.0
2898.29,0.0
2898.3,0.0
2898.31,0.0
2898.32,0.0
2898.33,0.0
2898.34,0.0
2898.35,0.0
2898.36,0.0
2898.37,0.0
2898.38,0.0
2898.39,0.0
2898.4,0.0
2898.41,0.0
2898.42,0.0
2898.43,0.0
2898.44,0.0
2898.45,0.0
2898.46,0.0
2898.47,0.0
2898.48,0.0
2898.49,0.0
2898.5,0.0
2898.51,0.0
2898.52,0.0
2898.53,0.0
2898.54,0.0
2898.55,0.0
2898.56,0.0
2898.57,0.0
2898.58,0.0
2898.59,0.0
2898.6,0.0
2898.61,0.0
2898.62,0.0
2898.63,0.0
2898.64,0.0
2898.65,0.0
2898.66,0.0
2898.67,0.0
2898.68,0.0
2898.69,0.0
2898.7,0.0
2898.71,0.0
2898.72,0.0
2898.73,0.0
2898.74,0.0
2898.75,0.0
2898.76,0.0
2898.77,0.0
2898.78,0.0
2898.79,0.0
2898.8,0.0
2898.81,0.0
2898.82,0.0
2898.83,0.0
2898.84,0.0
2898.85,0.0
2898.86,0.0
2898.87,0.0
2898.88,0.0
2898.89,0.0
2898.9,0.0
2898.91,0.0
2898.92,0.0
2898.93,0.0
2898.94,0.0
2898.95,0.0
2898.96,0.0
2898.97,0.0
2898.98,0.0
2898.99,0.0
2899.0,0.0
2899.01,0.0
2899.02,0.0
2899.03,0.0
2899.04,0.0
2899.05,0.0
2899.06,0.0
2899.07,0.0
2899.08,0.0
2899.09,0.0
2899.1,0.0
2899.11,0.0
2899.12,0.0
2899.13,0.0
2899.14,0.0
2899.15,0.0
2899.16,0.0
2899.17,0.0
2899.18,0.0
2899.19,0.0
2899.2,0.0
2899.21,0.0
2899.22,0.0
2899.23,0.0
2899.24,0.0
2899.25,0.0
2899.26,0.0
2899.27,0.0
2899.28,0.0
2899.29,0.0
2899.3,0.0
2899.31,0.0
2899.32,0.0
2899.33,0.0
2899.34,0.0
2899.35,0.0
2899.36,0.0
2899.37,0.0
2899.38,0.0
2899.39,0.0
2899.4,0.0
2899.41,0.0
2899.42,0.0
2899.43,0.0
2899.44,0.0
2899.45,0.0
2899.46,0.0
2899.47,0.0
2899.48,0.0
2899.49,0.0
2899.5,0.0
2899.51,0.0
2899.52,0.0
2899.53,0.0
2899.54,0.0
2899.55,0.0
2899.56,0.0
2899.57,0.0
2899.58,0.0
2899.59,0.0
2899.6,0.0
2899.61,0.0
2899.62,0.0
2899.63,0.0
2899.64,0.0
2899.65,0.0
2899.66,0.0
2899.67,0.0
2899.68,0.0
2899.69,0.0
2899.7,0.0
2899.71,0.0
2899.72,0.0
2899.73,0.0
2899.74,0.0
2899.75,0.0
2899.76,0.0
2899.77,0.0
2899.78,0.0
2899.79,0.0
2899.8,0.0
2899.81,0.0
2899.82,0.0
2899.83,0.0
2899.84,0.0
2899.85,0.0
2899.86,0.0
2899.87,0.0
2899.88,0.0
2899.89,0.0
2899.9,0.0
2899.91,0.0
2899.92,0.0
2899.93,0.0
2899.94,0.0
2899.95,0.0
2899.96,0.0
2899.97,0.0
2899.98,0.0
2899.99,0.0
2900.0,0.0
2900.01,0.0
2900.02,0.0
2900.03,0.0
2900.04,0.0
2900.05,0.0
2900.06,0.0
2900.07,0.0
2900.08,0.0
2900.09,0.0
2900.1,0.0
2900.11,0.0
2900.12,0.0
2900.13,0.0
2900.14,0.0
2900.15,0.0
2900.16,0.0
2900.17,0.0
2900.18,0.0
2900.19,0.0
2900.2,0.0
2900.21,0.0
2900.22,0.0
2900.23,0.0
2900.24,0.0
2900.25,0.0
2900.26,0.0
2900.27,0.0
2900.28,0.0
2900.29,0.0
2900.3,0.0
2900.31,0.0
2900.32,0.0
2900.33,0.0
2900.34,0.0
2900.35,0.0
2900.36,0.0
2900.37,0.0
2900.38,0.0
2900.39,0.0
2900.4,0.0
2900.41,0.0
2900.42,0.0
2900.43,0.0
2900.44,0.0
2900.45,0.0
2900.46,0.0
2900.47,0.0
2900.48,0.0
2900.49,0.0
2900.5,0.0
2900.51,0.0
2900.52,0.0
2900.53,0.0
2900.54,0.0
2900.55,0.0
2900.56,0.0
2900.57,0.0
2900.58,0.0
2900.59,0.0
2900.6,0.0
2900.61,0.0
2900.62,0.0
2900.63,0.0
2900.64,0.0
2900.65,0.0
2900.66,0.0
2900.67,0.0
2900.68,0.0
2900.69,0.0
2900.7,0.0
2900.71,0.0
2900.72,0.0
2900.73,0.0
2900.74,0.0
2900.75,0.0
2900.76,0.0
2900.77,0.0
2900.78,0.0
2900.79,0.0
2900.8,0.0
2900.81,0.0
2900.82,0.0
2900.83,0.0
2900.84,0.0
2900.85,0.0
2900.86,0.0
2900.87,0.0
2900.88,0.0
2900.89,0.0
2900.9,0.0
2900.91,0.0
2900.92,0.0
2900.93,0.0
2900.94,0.0
2900.95,0.0
2900.96,0.0
2900.97,0.0
2900.98,0.0
2900.99,0.0
2901.0,0.0
2901.01,0.0
2901.02,0.0
2901.03,0.0
2901.04,0.0
2901.05,0.0
2901.06,0.0
2901.07,0.0
2901.08,0.0
2901.09,0.0
2901.1,0.0
2901.11,0.0
2901.12,0.0
2901.13,0.0
2901.14,0.0
2901.15,0.0
2901.16,0.0
2901.17,0.0
2901.18,0.0
2901.19,0.0
2901.2,0.0
2901.21,0.0
2901.22,0.0
2901.23,0.0
2901.24,0.0
2901.25,0.0
2901.26,0.0
2901.27,0.0
2901.28,0.0
2901.29,0.0
2901.3,0.0
2901.31,0.0
2901.32,0.0
2901.33,0.0
2901.34,0.0
2901.35,0.0
2901.36,0.0
2901.37,0.0
2901.38,0.0
2901.39,0.0
2901.4,0.0
2901.41,0.0
2901.42,0.0
2901.43,0.0
2901.44,0.0
2901.45,0.0
2901.46,0.0
2901.47,0.0
2901.48,0.0
2901.49,0.0
2901.5,0.0
2901.51,0.0
2901.52,0.0
2901.53,0.0
2901.54,0.0
2901.55,0.0
2901.56,0.0
2901.57,0.0
2901.58,0.0
2901.59,0.0
2901.6,0.0
2901.61,0.0
2901.62,0.0
2901.63,0.0
2901.64,0.0
2901.65,0.0
2901.66,0.0
2901.67,0.0
2901.68,0.0
2901.69,0.0
2901.7,0.0
2901.71,0.0
2901.72,0.0
2901.73,0.0
2901.74,0.0
2901.75,0.0
2901.76,0.0
2901.77,0.0
2901.78,0.0
2901.79,0.0
2901.8,0.0
2901.81,0.0
2901.82,0.0
2901.83,0.0
2901.84,0.0
2901.85,0.0
2901.86,0.0
2901.87,0.0
2901.88,0.0
2901.89,0.0
2901.9,0.0
2901.91,0.0
2901.92,0.0
2901.93,0.0
2901.94,0.0
2901.95,0.0
2901.96,0.0
2901.97,0.0
2901.98,0.0
2901.99,0.0
2902.0,0.0
2902.01,0.0
2902.02,0.0
2902.03,0.0
2902.04,0.0
2902.05,0.0
2902.06,0.0
2902.07,0.0
2902.08,0.0
2902.09,0.0
2902.1,0.0
2902.11,0.0
2902.12,0.0
2902.13,0.0
2902.14,0.0
2902.15,0.0
2902.16,0.0
2902.17,0.0
2902.18,0.0
2902.19,0.0
2902.2,0.0
2902.21,0.0
2902.22,0.0
2902.23,0.0
2902.24,0.0
2902.25,0.0
2902.26,0.0
2902.27,0.0
2902.28,0.0
2902.29,0.0
2902.3,0.0
2902.31,0.0
2902.32,0.0
2902.33,0.0
2902.34,0.0
2902.35,0.0
2902.36,0.0
2902.37,0.0
2902.38,0.0
2902.39,0.0
2902.4,0.0
2902.41,0.0
2902.42,0.0
2902.43,0.0
2902.44,0.0
2902.45,0.0
2902.46,0.0
2902.47,0.0
2902.48,0.0
2902.49,0.0
2902.5,0.0
2902.51,0.0
2902.52,0.0
2902.53,0.0
2902.54,0.0
2902.55,0.0
2902.56,0.0
2902.57,0.0
2902.58,0.0
2902.59,0.0
2902.6,0.0
2902.61,0.0
2902.62,0.0
2902.63,0.0
2902.64,0.0
2902.65,0.0
2902.66,0.0
2902.67,0.0
2902.68,0.0
2902.69,0.0
2902.7,0.0
2902.71,0.0
2902.72,0.0
2902.73,0.0
2902.74,0.0
2902.75,0.0
2902.76,0.0
2902.77,0.0
2902.78,0.0
2902.79,0.0
2902.8,0.0
2902.81,0.0
2902.82,0.0
2902.83,0.0
2902.84,0.0
2902.85,0.0
2902.86,0.0
2902.87,0.0
2902.88,0.0
2902.89,0.0
2902.9,0.0
2902.91,0.0
2902.92,0.0
2902.93,0.0
2902.94,0.0
2902.95,0.0
2902.96,0.0
2902.97,0.0
2902.98,0.0
2902.99,0.0
2903.0,0.0
2903.01,0.0
2903.02,0.0
2903.03,0.0
2903.04,0.0
2903.05,0.0
2903.06,0.0
2903.07,0.0
2903.08,0.0
2903.09,0.0
2903.1,0.0
2903.11,0.0
2903.12,0.0
2903.13,0.0
2903.14,0.0
2903.15,0.0
2903.16,0.0
2903.17,0.0
2903.18,0.0
2903.19,0.0
2903.2,0.0
2903.21,0.0
2903.22,0.0
2903.23,0.0
2903.24,0.0
2903.25,0.0
2903.26,0.0
2903.27,0.0
2903.28,0.0
2903.29,0.0
2903.3,0.0
2903.31,0.0
2903.32,0.0
2903.33,0.0
2903.34,0.0
2903.35,0.0
2903.36,0.0
2903.37,0.0
2903.38,0.0
2903.39,0.0
2903.4,0.0
2903.41,0.0
2903.42,0.0
2903.43,0.0
2903.44,0.0
2903.45,0.0
2903.46,0.0
2903.47,0.0
2903.48,0.0
2903.49,0.0
2903.5,0.0
2903.51,0.0
2903.52,0.0
2903.53,0.0
2903.54,0.0
2903.55,0.0
2903.56,0.0
2903.57,0.0
2903.58,0.0
2903.59,0.0
2903.6,0.0
2903.61,0.0
2903.62,0.0
2903.63,0.0
2903.64,0.0
2903.65,0.0
2903.66,0.0
2903.67,0.0
2903.68,0.0
2903.69,0.0
2903.7,0.0
2903.71,0.0
2903.72,0.0
2903.73,0.0
2903.74,0.0
2903.75,0.0
2903.76,0.0
2903.77,0.0
2903.78,0.0
2903.79,0.0
2903.8,0.0
2903.81,0.0
2903.82,0.0
2903.83,0.0
2903.84,0.0
2903.85,0.0
2903.86,0.0
2903.87,0.0
2903.88,0.0
2903.89,0.0
2903.9,0.0
2903.91,0.0
2903.92,0.0
2903.93,0.0
2903.94,0.0
2903.95,0.0
2903.96,0.0
2903.97,0.0
2903.98,0.0
2903.99,0.0
2904.0,0.0
2904.01,0.0
2904.02,0.0
2904.03,0.0
2904.04,0.0
2904.05,0.0
2904.06,0.0
2904.07,0.0
2904.08,0.0
2904.09,0.0
2904.1,0.0
2904.11,0.0
2904.12,0.0
2904.13,0.0
2904.14,0.0
2904.15,0.0
2904.16,0.0
2904.17,0.0
2904.18,0.0
2904.19,0.0
2904.2,0.0
2904.21,0.0
2904.22,0.0
2904.23,0.0
2904.24,0.0
2904.25,0.0
2904.26,0.0
2904.27,0.0
2904.28,0.0
2904.29,0.0
2904.3,0.0
2904.31,0.0
2904.32,0.0
2904.33,0.0
2904.34,0.0
2904.35,0.0
2904.36,0.0
2904.37,0.0
2904.38,0.0
2904.39,0.0
2904.4,0.0
2904.41,0.0
2904.42,0.0
2904.43,0.0
2904.44,0.0
2904.45,0.0
2904.46,0.0
2904.47,0.0
2904.48,0.0
2904.49,0.0
2904.5,0.0
2904.51,0.0
2904.52,0.0
2904.53,0.0
2904.54,0.0
2904.55,0.0
2904.56,0.0
2904.57,0.0
2904.58,0.0
2904.59,0.0
2904.6,0.0
2904.61,0.0
2904.62,0.0
2904.63,0.0
2904.64,0.0
2904.65,0.0
2904.66,0.0
2904.67,0.0
2904.68,0.0
2904.69,0.0
2904.7,0.0
2904.71,0.0
2904.72,0.0
2904.73,0.0
2904.74,0.0
2904.75,0.0
2904.76,0.0
2904.77,0.0
2904.78,0.0
2904.79,0.0
2904.8,0.0
2904.81,0.0
2904.82,0.0
2904.83,0.0
2904.84,0.0
2904.85,0.0
2904.86,0.0
2904.87,0.0
2904.88,0.0
2904.89,0.0
2904.9,0.0
2904.91,0.0
2904.92,0.0
2904.93,0.0
2904.94,0.0
2904.95,0.0
2904.96,0.0
2904.97,0.0
2904.98,0.0
2904.99,0.0
2905.0,0.0
2905.01,0.0
2905.02,0.0
2905.03,0.0
2905.04,0.0
2905.05,0.0
2905.06,0.0
2905.07,0.0
2905.08,0.0
2905.09,0.0
2905.1,0.0
2905.11,0.0
2905.12,0.0
2905.13,0.0
2905.14,0.0
2905.15,0.0
2905.16,0.0
2905.17,0.0
2905.18,0.0
2905.19,0.0
2905.2,0.0
2905.21,0.0
2905.22,0.0
2905.23,0.0
2905.24,0.0
2905.25,0.0
2905.26,0.0
2905.27,0.0
2905.28,0.0
2905.29,0.0
2905.3,0.0
2905.31,0.0
2905.32,0.0
2905.33,0.0
2905.34,0.0
2905.35,0.0
2905.36,0.0
2905.37,0.0
2905.38,0.0
2905.39,0.0
2905.4,0.0
2905.41,0.0
2905.42,0.0
2905.43,0.0
2905.44,0.0
2905.45,0.0
2905.46,0.0
2905.47,0.0
2905.48,0.0
2905.49,0.0
2905.5,0.0
2905.51,0.0
2905.52,0.0
2905.53,0.0
2905.54,0.0
2905.55,0.0
2905.56,0.0
2905.57,0.0
2905.58,0.0
2905.59,0.0
2905.6,0.0
2905.61,0.0
2905.62,0.0
2905.63,0.0
2905.64,0.0
2905.65,0.0
2905.66,0.0
2905.67,0.0
2905.68,0.0
2905.69,0.0
2905.7,0.0
2905.71,0.0
2905.72,0.0
2905.73,0.0
2905.74,0.0
2905.75,0.0
2905.76,0.0
2905.77,0.0
2905.78,0.0
2905.79,0.0
2905.8,0.0
2905.81,0.0
2905.82,0.0
2905.83,0.0
2905.84,0.0
2905.85,0.0
2905.86,0.0
2905.87,0.0
2905.88,0.0
2905.89,0.0
2905.9,0.0
2905.91,0.0
2905.92,0.0
2905.93,0.0
2905.94,0.0
2905.95,0.0
2905.96,0.0
2905.97,0.0
2905.98,0.0
2905.99,0.0
2906.0,0.0
2906.01,0.0
2906.02,0.0
2906.03,0.0
2906.04,0.0
2906.05,0.0
2906.06,0.0
2906.07,0.0
2906.08,0.0
2906.09,0.0
2906.1,0.0
2906.11,0.0
2906.12,0.0
2906.13,0.0
2906.14,0.0
2906.15,0.0
2906.16,0.0
2906.17,0.0
2906.18,0.0
2906.19,0.0
2906.2,0.0
2906.21,0.0
2906.22,0.0
2906.23,0.0
2906.24,0.0
2906.25,0.0
2906.26,0.0
2906.27,0.0
2906.28,0.0
2906.29,0.0
2906.3,0.0
2906.31,0.0
2906.32,0.0
2906.33,0.0
2906.34,0.0
2906.35,0.0
2906.36,0.0
2906.37,0.0
2906.38,0.0
2906.39,0.0
2906.4,0.0
2906.41,0.0
2906.42,0.0
2906.43,0.0
2906.44,0.0
2906.45,0.0
2906.46,0.0
2906.47,0.0
2906.48,0.0
2906.49,0.0
2906.5,0.0
2906.51,0.0
2906.52,0.0
2906.53,0.0
2906.54,0.0
2906.55,0.0
2906.56,0.0
2906.57,0.0
2906.58,0.0
2906.59,0.0
2906.6,0.0
2906.61,0.0
2906.62,0.0
2906.63,0.0
2906.64,0.0
2906.65,0.0
2906.66,0.0
2906.67,0.0
2906.68,0.0
2906.69,0.0
2906.7,0.0
2906.71,0.0
2906.72,0.0
2906.73,0.0
2906.74,0.0
2906.75,0.0
2906.76,0.0
2906.77,0.0
2906.78,0.0
2906.79,0.0
2906.8,0.0
2906.81,0.0
2906.82,0.0
2906.83,0.0
2906.84,0.0
2906.85,0.0
2906.86,0.0
2906.87,0.0
2906.88,0.0
2906.89,0.0
2906.9,0.0
2906.91,0.0
2906.92,0.0
2906.93,0.0
2906.94,0.0
2906.95,0.0
2906.96,0.0
2906.97,0.0
2906.98,0.0
2906.99,0.0
2907.0,0.0
2907.01,0.0
2907.02,0.0
2907.03,0.0
2907.04,0.0
2907.05,0.0
2907.06,0.0
2907.07,0.0
2907.08,0.0
2907.09,0.0
2907.1,0.0
2907.11,0.0
2907.12,0.0
2907.13,0.0
2907.14,0.0
2907.15,0.0
2907.16,0.0
2907.17,0.0
2907.18,0.0
2907.19,0.0
2907.2,0.0
2907.21,0.0
2907.22,0.0
2907.23,0.0
2907.24,0.0
2907.25,0.0
2907.26,0.0
2907.27,0.0
2907.28,0.0
2907.29,0.0
2907.3,0.0
2907.31,0.0
2907.32,0.0
2907.33,0.0
2907.34,0.0
2907.35,0.0
2907.36,0.0
2907.37,0.0
2907.38,0.0
2907.39,0.0
2907.4,0.0
2907.41,0.0
2907.42,0.0
2907.43,0.0
2907.44,0.0
2907.45,0.0
2907.46,0.0
2907.47,0.0
2907.48,0.0
2907.49,0.0
2907.5,0.0
2907.51,0.0
2907.52,0.0
2907.53,0.0
2907.54,0.0
2907.55,0.0
2907.56,0.0
2907.57,0.0
2907.58,0.0
2907.59,0.0
2907.6,0.0
2907.61,0.0
2907.62,0.0
2907.63,0.0
2907.64,0.0
2907.65,0.0
2907.66,0.0
2907.67,0.0
2907.68,0.0
2907.69,0.0
2907.7,0.0
2907.71,0.0
2907.72,0.0
2907.73,0.0
2907.74,0.0
2907.75,0.0
2907.76,0.0
2907.77,0.0
2907.78,0.0
2907.79,0.0
2907.8,0.0
2907.81,0.0
2907.82,0.0
2907.83,0.0
2907.84,0.0
2907.85,0.0
2907.86,0.0
2907.87,0.0
2907.88,0.0
2907.89,0.0
2907.9,0.0
2907.91,0.0
2907.92,0.0
2907.93,0.0
2907.94,0.0
2907.95,0.0
2907.96,0.0
2907.97,0.0
2907.98,0.0
2907.99,0.0
2908.0,0.0
2908.01,0.0
2908.02,0.0
2908.03,0.0
2908.04,0.0
2908.05,0.0
2908.06,0.0
2908.07,0.0
2908.08,0.0
2908.09,0.0
2908.1,0.0
2908.11,0.0
2908.12,0.0
2908.13,0.0
2908.14,0.0
2908.15,0.0
2908.16,0.0
2908.17,0.0
2908.18,0.0
2908.19,0.0
2908.2,0.0
2908.21,0.0
2908.22,0.0
2908.23,0.0
2908.24,0.0
2908.25,0.0
2908.26,0.0
2908.27,0.0
2908.28,0.0
2908.29,0.0
2908.3,0.0
2908.31,0.0
2908.32,0.0
2908.33,0.0
2908.34,0.0
2908.35,0.0
2908.36,0.0
2908.37,0.0
2908.38,0.0
2908.39,0.0
2908.4,0.0
2908.41,0.0
2908.42,0.0
2908.43,0.0
2908.44,0.0
2908.45,0.0
2908.46,0.0
2908.47,0.0
2908.48,0.0
2908.49,0.0
2908.5,0.0
2908.51,0.0
2908.52,0.0
2908.53,0.0
2908.54,0.0
2908.55,0.0
2908.56,0.0
2908.57,0.0
2908.58,0.0
2908.59,0.0
2908.6,0.0
2908.61,0.0
2908.62,0.0
2908.63,0.0
2908.64,0.0
2908.65,0.0
2908.66,0.0
2908.67,0.0
2908.68,0.0
2908.69,0.0
2908.7,0.0
2908.71,0.0
2908.72,0.0
2908.73,0.0
2908.74,0.0
2908.75,0.0
2908.76,0.0
2908.77,0.0
2908.78,0.0
2908.79,0.0
2908.8,0.0
2908.81,0.0
2908.82,0.0
2908.83,0.0
2908.84,0.0
2908.85,0.0
2908.86,0.0
2908.87,0.0
2908.88,0.0
2908.89,0.0
2908.9,0.0
2908.91,0.0
2908.92,0.0
2908.93,0.0
2908.94,0.0
2908.95,0.0
2908.96,0.0
2908.97,0.0
2908.98,0.0
2908.99,0.0
2909.0,0.0
2909.01,0.0
2909.02,0.0
2909.03,0.0
2909.04,0.0
2909.05,0.0
2909.06,0.0
2909.07,0.0
2909.08,0.0
2909.09,0.0
2909.1,0.0
2909.11,0.0
2909.12,0.0
2909.13,0.0
2909.14,0.0
2909.15,0.0
2909.16,0.0
2909.17,0.0
2909.18,0.0
2909.19,0.0
2909.2,0.0
2909.21,0.0
2909.22,0.0
2909.23,0.0
2909.24,0.0
2909.25,0.0
2909.26,0.0
2909.27,0.0
2909.28,0.0
2909.29,0.0
2909.3,0.0
2909.31,0.0
2909.32,0.0
2909.33,0.0
2909.34,0.0
2909.35,0.0
2909.36,0.0
2909.37,0.0
2909.38,0.0
2909.39,0.0
2909.4,0.0
2909.41,0.0
2909.42,0.0
2909.43,0.0
2909.44,0.0
2909.45,0.0
2909.46,0.0
2909.47,0.0
2909.48,0.0
2909.49,0.0
2909.5,0.0
2909.51,0.0
2909.52,0.0
2909.53,0.0
2909.54,0.0
2909.55,0.0
2909.56,0.0
2909.57,0.0
2909.58,0.0
2909.59,0.0
2909.6,0.0
2909.61,0.0
2909.62,0.0
2909.63,0.0
2909.64,0.0
2909.65,0.0
2909.66,0.0
2909.67,0.0
2909.68,0.0
2909.69,0.0
2909.7,0.0
2909.71,0.0
2909.72,0.0
2909.73,0.0
2909.74,0.0
2909.75,0.0
2909.76,0.0
2909.77,0.0
2909.78,0.0
2909.79,0.0
2909.8,0.0
2909.81,0.0
2909.82,0.0
2909.83,0.0
2909.84,0.0
2909.85,0.0
2909.86,0.0
2909.87,0.0
2909.88,0.0
2909.89,0.0
2909.9,0.0
2909.91,0.0
2909.92,0.0
2909.93,0.0
2909.94,0.0
2909.95,0.0
2909.96,0.0
2909.97,0.0
2909.98,0.0
2909.99,0.0
2910.0,0.0
2910.01,0.0
2910.02,0.0
2910.03,0.0
2910.04,0.0
2910.05,0.0
2910.06,0.0
2910.07,0.0
2910.08,0.0
2910.09,0.0
2910.1,0.0
2910.11,0.0
2910.12,0.0
2910.13,0.0
2910.14,0.0
2910.15,0.0
2910.16,0.0
2910.17,0.0
2910.18,0.0
2910.19,0.0
2910.2,0.0
2910.21,0.0
2910.22,0.0
2910.23,0.0
2910.24,0.0
2910.25,0.0
2910.26,0.0
2910.27,0.0
2910.28,0.0
2910.29,0.0
2910.3,0.0
2910.31,0.0
2910.32,0.0
2910.33,0.0
2910.34,0.0
2910.35,0.0
2910.36,0.0
2910.37,0.0
2910.38,0.0
2910.39,0.0
2910.4,0.0
2910.41,0.0
2910.42,0.0
2910.43,0.0
2910.44,0.0
2910.45,0.0
2910.46,0.0
2910.47,0.0
2910.48,0.0
2910.49,0.0
2910.5,0.0
2910.51,0.0
2910.52,0.0
2910.53,0.0
2910.54,0.0
2910.55,0.0
2910.56,0.0
2910.57,0.0
2910.58,0.0
2910.59,0.0
2910.6,0.0
2910.61,0.0
2910.62,0.0
2910.63,0.0
2910.64,0.0
2910.65,0.0
2910.66,0.0
2910.67,0.0
2910.68,0.0
2910.69,0.0
2910.7,0.0
2910.71,0.0
2910.72,0.0
2910.73,0.0
2910.74,0.0
2910.75,0.0
2910.76,0.0
2910.77,0.0
2910.78,0.0
2910.79,0.0
2910.8,0.0
2910.81,0.0
2910.82,0.0
2910.83,0.0
2910.84,0.0
2910.85,0.0
2910.86,0.0
2910.87,0.0
2910.88,0.0
2910.89,0.0
2910.9,0.0
2910.91,0.0
2910.92,0.0
2910.93,0.0
2910.94,0.0
2910.95,0.0
2910.96,0.0
2910.97,0.0
2910.98,0.0
2910.99,0.0
2911.0,0.0
2911.01,0.0
2911.02,0.0
2911.03,0.0
2911.04,0.0
2911.05,0.0
2911.06,0.0
2911.07,0.0
2911.08,0.0
2911.09,0.0
2911.1,0.0
2911.11,0.0
2911.12,0.0
2911.13,0.0
2911.14,0.0
2911.15,0.0
2911.16,0.0
2911.17,0.0
2911.18,0.0
2911.19,0.0
2911.2,0.0
2911.21,0.0
2911.22,0.0
2911.23,0.0
2911.24,0.0
2911.25,0.0
2911.26,0.0
2911.27,0.0
2911.28,0.0
2911.29,0.0
2911.3,0.0
2911.31,0.0
2911.32,0.0
2911.33,0.0
2911.34,0.0
2911.35,0.0
2911.36,0.0
2911.37,0.0
2911.38,0.0
2911.39,0.0
2911.4,0.0
2911.41,0.0
2911.42,0.0
2911.43,0.0
2911.44,0.0
2911.45,0.0
2911.46,0.0
2911.47,0.0
2911.48,0.0
2911.49,0.0
2911.5,0.0
2911.51,0.0
2911.52,0.0
2911.53,0.0
2911.54,0.0
2911.55,0.0
2911.56,0.0
2911.57,0.0
2911.58,0.0
2911.59,0.0
2911.6,0.0
2911.61,0.0
2911.62,0.0
2911.63,0.0
2911.64,0.0
2911.65,0.0
2911.66,0.0
2911.67,0.0
2911.68,0.0
2911.69,0.0
2911.7,0.0
2911.71,0.0
2911.72,0.0
2911.73,0.0
2911.74,0.0
2911.75,0.0
2911.76,0.0
2911.77,0.0
2911.78,0.0
2911.79,0.0
2911.8,0.0
2911.81,0.0
2911.82,0.0
2911.83,0.0
2911.84,0.0
2911.85,0.0
2911.86,0.0
2911.87,0.0
2911.88,0.0
2911.89,0.0
2911.9,0.0
2911.91,0.0
2911.92,0.0
2911.93,0.0
2911.94,0.0
2911.95,0.0
2911.96,0.0
2911.97,0.0
2911.98,0.0
2911.99,0.0
2912.0,0.0
2912.01,0.0
2912.02,0.0
2912.03,0.0
2912.04,0.0
2912.05,0.0
2912.06,0.0
2912.07,0.0
2912.08,0.0
2912.09,0.0
2912.1,0.0
2912.11,0.0
2912.12,0.0
2912.13,0.0
2912.14,0.0
2912.15,0.0
2912.16,0.0
2912.17,0.0
2912.18,0.0
2912.19,0.0
2912.2,0.0
2912.21,0.0
2912.22,0.0
2912.23,0.0
2912.24,0.0
2912.25,0.0
2912.26,0.0
2912.27,0.0
2912.28,0.0
2912.29,0.0
2912.3,0.0
2912.31,0.0
2912.32,0.0
2912.33,0.0
2912.34,0.0
2912.35,0.0
2912.36,0.0
2912.37,0.0
2912.38,0.0
2912.39,0.0
2912.4,0.0
2912.41,0.0
2912.42,0.0
2912.43,0.0
2912.44,0.0
2912.45,0.0
2912.46,0.0
2912.47,0.0
2912.48,0.0
2912.49,0.0
2912.5,0.0
2912.51,0.0
2912.52,0.0
2912.53,0.0
2912.54,0.0
2912.55,0.0
2912.56,0.0
2912.57,0.0
2912.58,0.0
2912.59,0.0
2912.6,0.0
2912.61,0.0
2912.62,0.0
2912.63,0.0
2912.64,0.0
2912.65,0.0
2912.66,0.0
2912.67,0.0
2912.68,0.0
2912.69,0.0
2912.7,0.0
2912.71,0.0
2912.72,0.0
2912.73,0.0
2912.74,0.0
2912.75,0.0
2912.76,0.0
2912.77,0.0
2912.78,0.0
2912.79,0.0
2912.8,0.0
2912.81,0.0
2912.82,0.0
2912.83,0.0
2912.84,0.0
2912.85,0.0
2912.86,0.0
2912.87,0.0
2912.88,0.0
2912.89,0.0
2912.9,0.0
2912.91,0.0
2912.92,0.0
2912.93,0.0
2912.94,0.0
2912.95,0.0
2912.96,0.0
2912.97,0.0
2912.98,0.0
2912.99,0.0
2913.0,0.0
2913.01,0.0
2913.02,0.0
2913.03,0.0
2913.04,0.0
2913.05,0.0
2913.06,0.0
2913.07,0.0
2913.08,0.0
2913.09,0.0
2913.1,0.0
2913.11,0.0
2913.12,0.0
2913.13,0.0
2913.14,0.0
2913.15,0.0
2913.16,0.0
2913.17,0.0
2913.18,0.0
2913.19,0.0
2913.2,0.0
2913.21,0.0
2913.22,0.0
2913.23,0.0
2913.24,0.0
2913.25,0.0
2913.26,0.0
2913.27,0.0
2913.28,0.0
2913.29,0.0
2913.3,0.0
2913.31,0.0
2913.32,0.0
2913.33,0.0
2913.34,0.0
2913.35,0.0
2913.36,0.0
2913.37,0.0
2913.38,0.0
2913.39,0.0
2913.4,0.0
2913.41,0.0
2913.42,0.0
2913.43,0.0
2913.44,0.0
2913.45,0.0
2913.46,0.0
2913.47,0.0
2913.48,0.0
2913.49,0.0
2913.5,0.0
2913.51,0.0
2913.52,0.0
2913.53,0.0
2913.54,0.0
2913.55,0.0
2913.56,0.0
2913.57,0.0
2913.58,0.0
2913.59,0.0
2913.6,0.0
2913.61,0.0
2913.62,0.0
2913.63,0.0
2913.64,0.0
2913.65,0.0
2913.66,0.0
2913.67,0.0
2913.68,0.0
2913.69,0.0
2913.7,0.0
2913.71,0.0
2913.72,0.0
2913.73,0.0
2913.74,0.0
2913.75,0.0
2913.76,0.0
2913.77,0.0
2913.78,0.0
2913.79,0.0
2913.8,0.0
2913.81,0.0
2913.82,0.0
2913.83,0.0
2913.84,0.0
2913.85,0.0
2913.86,0.0
2913.87,0.0
2913.88,0.0
2913.89,0.0
2913.9,0.0
2913.91,0.0
2913.92,0.0
2913.93,0.0
2913.94,0.0
2913.95,0.0
2913.96,0.0
2913.97,0.0
2913.98,0.0
2913.99,0.0
2914.0,0.0
2914.01,0.0
2914.02,0.0
2914.03,0.0
2914.04,0.0
2914.05,0.0
2914.06,0.0
2914.07,0.0
2914.08,0.0
2914.09,0.0
2914.1,0.0
2914.11,0.0
2914.12,0.0
2914.13,0.0
2914.14,0.0
2914.15,0.0
2914.16,0.0
2914.17,0.0
2914.18,0.0
2914.19,0.0
2914.2,0.0
2914.21,0.0
2914.22,0.0
2914.23,0.0
2914.24,0.0
2914.25,0.0
2914.26,0.0
2914.27,0.0
2914.28,0.0
2914.29,0.0
2914.3,0.0
2914.31,0.0
2914.32,0.0
2914.33,0.0
2914.34,0.0
2914.35,0.0
2914.36,0.0
2914.37,0.0
2914.38,0.0
2914.39,0.0
2914.4,0.0
2914.41,0.0
2914.42,0.0
2914.43,0.0
2914.44,0.0
2914.45,0.0
2914.46,0.0
2914.47,0.0
2914.48,0.0
2914.49,0.0
2914.5,0.0
2914.51,0.0
2914.52,0.0
2914.53,0.0
2914.54,0.0
2914.55,0.0
2914.56,0.0
2914.57,0.0
2914.58,0.0
2914.59,0.0
2914.6,0.0
2914.61,0.0
2914.62,0.0
2914.63,0.0
2914.64,0.0
2914.65,0.0
2914.66,0.0
2914.67,0.0
2914.68,0.0
2914.69,0.0
2914.7,0.0
2914.71,0.0
2914.72,0.0
2914.73,0.0
2914.74,0.0
2914.75,0.0
2914.76,0.0
2914.77,0.0
2914.78,0.0
2914.79,0.0
2914.8,0.0
2914.81,0.0
2914.82,0.0
2914.83,0.0
2914.84,0.0
2914.85,0.0
2914.86,0.0
2914.87,0.0
2914.88,0.0
2914.89,0.0
2914.9,0.0
2914.91,0.0
2914.92,0.0
2914.93,0.0
2914.94,0.0
2914.95,0.0
2914.96,0.0
2914.97,0.0
2914.98,0.0
2914.99,0.0
2915.0,0.0
2915.01,0.0
2915.02,0.0
2915.03,0.0
2915.04,0.0
2915.05,0.0
2915.06,0.0
2915.07,0.0
2915.08,0.0
2915.09,0.0
2915.1,0.0
2915.11,0.0
2915.12,0.0
2915.13,0.0
2915.14,0.0
2915.15,0.0
2915.16,0.0
2915.17,0.0
2915.18,0.0
2915.19,0.0
2915.2,0.0
2915.21,0.0
2915.22,0.0
2915.23,0.0
2915.24,0.0
2915.25,0.0
2915.26,0.0
2915.27,0.0
2915.28,0.0
2915.29,0.0
2915.3,0.0
2915.31,0.0
2915.32,0.0
2915.33,0.0
2915.34,0.0
2915.35,0.0
2915.36,0.0
2915.37,0.0
2915.38,0.0
2915.39,0.0
2915.4,0.0
2915.41,0.0
2915.42,0.0
2915.43,0.0
2915.44,0.0
2915.45,0.0
2915.46,0.0
2915.47,0.0
2915.48,0.0
2915.49,0.0
2915.5,0.0
2915.51,0.0
2915.52,0.0
2915.53,0.0
2915.54,0.0
2915.55,0.0
2915.56,0.0
2915.57,0.0
2915.58,0.0
2915.59,0.0
2915.6,0.0
2915.61,0.0
2915.62,0.0
2915.63,0.0
2915.64,0.0
2915.65,0.0
2915.66,0.0
2915.67,0.0
2915.68,0.0
2915.69,0.0
2915.7,0.0
2915.71,0.0
2915.72,0.0
2915.73,0.0
2915.74,0.0
2915.75,0.0
2915.76,0.0
2915.77,0.0
2915.78,0.0
2915.79,0.0
2915.8,0.0
2915.81,0.0
2915.82,0.0
2915.83,0.0
2915.84,0.0
2915.85,0.0
2915.86,0.0
2915.87,0.0
2915.88,0.0
2915.89,0.0
2915.9,0.0
2915.91,0.0
2915.92,0.0
2915.93,0.0
2915.94,0.0
2915.95,0.0
2915.96,0.0
2915.97,0.0
2915.98,0.0
2915.99,0.0
2916.0,0.0
2916.01,0.0
2916.02,0.0
2916.03,0.0
2916.04,0.0
2916.05,0.0
2916.06,0.0
2916.07,0.0
2916.08,0.0
2916.09,0.0
2916.1,0.0
2916.11,0.0
2916.12,0.0
2916.13,0.0
2916.14,0.0
2916.15,0.0
2916.16,0.0
2916.17,0.0
2916.18,0.0
2916.19,0.0
2916.2,0.0
2916.21,0.0
2916.22,0.0
2916.23,0.0
2916.24,0.0
2916.25,0.0
2916.26,0.0
2916.27,0.0
2916.28,0.0
2916.29,0.0
2916.3,0.0
2916.31,0.0
2916.32,0.0
2916.33,0.0
2916.34,0.0
2916.35,0.0
2916.36,0.0
2916.37,0.0
2916.38,0.0
2916.39,0.0
2916.4,0.0
2916.41,0.0
2916.42,0.0
2916.43,0.0
2916.44,0.0
2916.45,0.0
2916.46,0.0
2916.47,0.0
2916.48,0.0
2916.49,0.0
2916.5,0.0
2916.51,0.0
2916.52,0.0
2916.53,0.0
2916.54,0.0
2916.55,0.0
2916.56,0.0
2916.57,0.0
2916.58,0.0
2916.59,0.0
2916.6,0.0
2916.61,0.0
2916.62,0.0
2916.63,0.0
2916.64,0.0
2916.65,0.0
2916.66,0.0
2916.67,0.0
2916.68,0.0
2916.69,0.0
2916.7,0.0
2916.71,0.0
2916.72,0.0
2916.73,0.0
2916.74,0.0
2916.75,0.0
2916.76,0.0
2916.77,0.0
2916.78,0.0
2916.79,0.0
2916.8,0.0
2916.81,0.0
2916.82,0.0
2916.83,0.0
2916.84,0.0
2916.85,0.0
2916.86,0.0
2916.87,0.0
2916.88,0.0
2916.89,0.0
2916.9,0.0
2916.91,0.0
2916.92,0.0
2916.93,0.0
2916.94,0.0
2916.95,0.0
2916.96,0.0
2916.97,0.0
2916.98,0.0
2916.99,0.0
2917.0,0.0
2917.01,0.0
2917.02,0.0
2917.03,0.0
2917.04,0.0
2917.05,0.0
2917.06,0.0
2917.07,0.0
2917.08,0.0
2917.09,0.0
2917.1,0.0
2917.11,0.0
2917.12,0.0
2917.13,0.0
2917.14,0.0
2917.15,0.0
2917.16,0.0
2917.17,0.0
2917.18,0.0
2917.19,0.0
2917.2,0.0
2917.21,0.0
2917.22,0.0
2917.23,0.0
2917.24,0.0
2917.25,0.0
2917.26,0.0
2917.27,0.0
2917.28,0.0
2917.29,0.0
2917.3,0.0
2917.31,0.0
2917.32,0.0
2917.33,0.0
2917.34,0.0
2917.35,0.0
2917.36,0.0
2917.37,0.0
2917.38,0.0
2917.39,0.0
2917.4,0.0
2917.41,0.0
2917.42,0.0
2917.43,0.0
2917.44,0.0
2917.45,0.0
2917.46,0.0
2917.47,0.0
2917.48,0.0
2917.49,0.0
2917.5,0.0
2917.51,0.0
2917.52,0.0
2917.53,0.0
2917.54,0.0
2917.55,0.0
2917.56,0.0
2917.57,0.0
2917.58,0.0
2917.59,0.0
2917.6,0.0
2917.61,0.0
2917.62,0.0
2917.63,0.0
2917.64,0.0
2917.65,0.0
2917.66,0.0
2917.67,0.0
2917.68,0.0
2917.69,0.0
2917.7,0.0
2917.71,0.0
2917.72,0.0
2917.73,0.0
2917.74,0.0
2917.75,0.0
2917.76,0.0
2917.77,0.0
2917.78,0.0
2917.79,0.0
2917.8,0.0
2917.81,0.0
2917.82,0.0
2917.83,0.0
2917.84,0.0
2917.85,0.0
2917.86,0.0
2917.87,0.0
2917.88,0.0
2917.89,0.0
2917.9,0.0
2917.91,0.0
2917.92,0.0
2917.93,0.0
2917.94,0.0
2917.95,0.0
2917.96,0.0
2917.97,0.0
2917.98,0.0
2917.99,0.0
2918.0,0.0
2918.01,0.0
2918.02,0.0
2918.03,0.0
2918.04,0.0
2918.05,0.0
2918.06,0.0
2918.07,0.0
2918.08,0.0
2918.09,0.0
2918.1,0.0
2918.11,0.0
2918.12,0.0
2918.13,0.0
2918.14,0.0
2918.15,0.0
2918.16,0.0
2918.17,0.0
2918.18,0.0
2918.19,0.0
2918.2,0.0
2918.21,0.0
2918.22,0.0
2918.23,0.0
2918.24,0.0
2918.25,0.0
2918.26,0.0
2918.27,0.0
2918.28,0.0
2918.29,0.0
2918.3,0.0
2918.31,0.0
2918.32,0.0
2918.33,0.0
2918.34,0.0
2918.35,0.0
2918.36,0.0
2918.37,0.0
2918.38,0.0
2918.39,0.0
2918.4,0.0
2918.41,0.0
2918.42,0.0
2918.43,0.0
2918.44,0.0
2918.45,0.0
2918.46,0.0
2918.47,0.0
2918.48,0.0
2918.49,0.0
2918.5,0.0
2918.51,0.0
2918.52,0.0
2918.53,0.0
2918.54,0.0
2918.55,0.0
2918.56,0.0
2918.57,0.0
2918.58,0.0
2918.59,0.0
2918.6,0.0
2918.61,0.0
2918.62,0.0
2918.63,0.0
2918.64,0.0
2918.65,0.0
2918.66,0.0
2918.67,0.0
2918.68,0.0
2918.69,0.0
2918.7,0.0
2918.71,0.0
2918.72,0.0
2918.73,0.0
2918.74,0.0
2918.75,0.0
2918.76,0.0
2918.77,0.0
2918.78,0.0
2918.79,0.0
2918.8,0.0
2918.81,0.0
2918.82,0.0
2918.83,0.0
2918.84,0.0
2918.85,0.0
2918.86,0.0
2918.87,0.0
2918.88,0.0
2918.89,0.0
2918.9,0.0
2918.91,0.0
2918.92,0.0
2918.93,0.0
2918.94,0.0
2918.95,0.0
2918.96,0.0
2918.97,0.0
2918.98,0.0
2918.99,0.0
2919.0,0.0
2919.01,0.0
2919.02,0.0
2919.03,0.0
2919.04,0.0
2919.05,0.0
2919.06,0.0
2919.07,0.0
2919.08,0.0
2919.09,0.0
2919.1,0.0
2919.11,0.0
2919.12,0.0
2919.13,0.0
2919.14,0.0
2919.15,0.0
2919.16,0.0
2919.17,0.0
2919.18,0.0
2919.19,0.0
2919.2,0.0
2919.21,0.0
2919.22,0.0
2919.23,0.0
2919.24,0.0
2919.25,0.0
2919.26,0.0
2919.27,0.0
2919.28,0.0
2919.29,0.0
2919.3,0.0
2919.31,0.0
2919.32,0.0
2919.33,0.0
2919.34,0.0
2919.35,0.0
2919.36,0.0
2919.37,0.0
2919.38,0.0
2919.39,0.0
2919.4,0.0
2919.41,0.0
2919.42,0.0
2919.43,0.0
2919.44,0.0
2919.45,0.0
2919.46,0.0
2919.47,0.0
2919.48,0.0
2919.49,0.0
2919.5,0.0
2919.51,0.0
2919.52,0.0
2919.53,0.0
2919.54,0.0
2919.55,0.0
2919.56,0.0
2919.57,0.0
2919.58,0.0
2919.59,0.0
2919.6,0.0
2919.61,0.0
2919.62,0.0
2919.63,0.0
2919.64,0.0
2919.65,0.0
2919.66,0.0
2919.67,0.0
2919.68,0.0
2919.69,0.0
2919.7,0.0
2919.71,0.0
2919.72,0.0
2919.73,0.0
2919.74,0.0
2919.75,0.0
2919.76,0.0
2919.77,0.0
2919.78,0.0
2919.79,0.0
2919.8,0.0
2919.81,0.0
2919.82,0.0
2919.83,0.0
2919.84,0.0
2919.85,0.0
2919.86,0.0
2919.87,0.0
2919.88,0.0
2919.89,0.0
2919.9,0.0
2919.91,0.0
2919.92,0.0
2919.93,0.0
2919.94,0.0
2919.95,0.0
2919.96,0.0
2919.97,0.0
2919.98,0.0
2919.99,0.0
2920.0,0.0
2920.01,0.0
2920.02,0.0
2920.03,0.0
2920.04,0.0
2920.05,0.0
2920.06,0.0
2920.07,0.0
2920.08,0.0
2920.09,0.0
2920.1,0.0
2920.11,0.0
2920.12,0.0
2920.13,0.0
2920.14,0.0
2920.15,0.0
2920.16,0.0
2920.17,0.0
2920.18,0.0
2920.19,0.0
2920.2,0.0
2920.21,0.0
2920.22,0.0
2920.23,0.0
2920.24,0.0
2920.25,0.0
2920.26,0.0
2920.27,0.0
2920.28,0.0
2920.29,0.0
2920.3,0.0
2920.31,0.0
2920.32,0.0
2920.33,0.0
2920.34,0.0
2920.35,0.0
2920.36,0.0
2920.37,0.0
2920.38,0.0
2920.39,0.0
2920.4,0.0
2920.41,0.0
2920.42,0.0
2920.43,0.0
2920.44,0.0
2920.45,0.0
2920.46,0.0
2920.47,0.0
2920.48,0.0
2920.49,0.0
2920.5,0.0
2920.51,0.0
2920.52,0.0
2920.53,0.0
2920.54,0.0
2920.55,0.0
2920.56,0.0
2920.57,0.0
2920.58,0.0
2920.59,0.0
2920.6,0.0
2920.61,0.0
2920.62,0.0
2920.63,0.0
2920.64,0.0
2920.65,0.0
2920.66,0.0
2920.67,0.0
2920.68,0.0
2920.69,0.0
2920.7,0.0
2920.71,0.0
2920.72,0.0
2920.73,0.0
2920.74,0.0
2920.75,0.0
2920.76,0.0
2920.77,0.0
2920.78,0.0
2920.79,0.0
2920.8,0.0
2920.81,0.0
2920.82,0.0
2920.83,0.0
2920.84,0.0
2920.85,0.0
2920.86,0.0
2920.87,0.0
2920.88,0.0
2920.89,0.0
2920.9,0.0
2920.91,0.0
2920.92,0.0
2920.93,0.0
2920.94,0.0
2920.95,0.0
2920.96,0.0
2920.97,0.0
2920.98,0.0
2920.99,0.0
2921.0,0.0
2921.01,0.0
2921.02,0.0
2921.03,0.0
2921.04,0.0
2921.05,0.0
2921.06,0.0
2921.07,0.0
2921.08,0.0
2921.09,0.0
2921.1,0.0
2921.11,0.0
2921.12,0.0
2921.13,0.0
2921.14,0.0
2921.15,0.0
2921.16,0.0
2921.17,0.0
2921.18,0.0
2921.19,0.0
2921.2,0.0
2921.21,0.0
2921.22,0.0
2921.23,0.0
2921.24,0.0
2921.25,0.0
2921.26,0.0
2921.27,0.0
2921.28,0.0
2921.29,0.0
2921.3,0.0
2921.31,0.0
2921.32,0.0
2921.33,0.0
2921.34,0.0
2921.35,0.0
2921.36,0.0
2921.37,0.0
2921.38,0.0
2921.39,0.0
2921.4,0.0
2921.41,0.0
2921.42,0.0
2921.43,0.0
2921.44,0.0
2921.45,0.0
2921.46,0.0
2921.47,0.0
2921.48,0.0
2921.49,0.0
2921.5,0.0
2921.51,0.0
2921.52,0.0
2921.53,0.0
2921.54,0.0
2921.55,0.0
2921.56,0.0
2921.57,0.0
2921.58,0.0
2921.59,0.0
2921.6,0.0
2921.61,0.0
2921.62,0.0
2921.63,0.0
2921.64,0.0
2921.65,0.0
2921.66,0.0
2921.67,0.0
2921.68,0.0
2921.69,0.0
2921.7,0.0
2921.71,0.0
2921.72,0.0
2921.73,0.0
2921.74,0.0
2921.75,0.0
2921.76,0.0
2921.77,0.0
2921.78,0.0
2921.79,0.0
2921.8,0.0
2921.81,0.0
2921.82,0.0
2921.83,0.0
2921.84,0.0
2921.85,0.0
2921.86,0.0
2921.87,0.0
2921.88,0.0
2921.89,0.0
2921.9,0.0
2921.91,0.0
2921.92,0.0
2921.93,0.0
2921.94,0.0
2921.95,0.0
2921.96,0.0
2921.97,0.0
2921.98,0.0
2921.99,0.0
2922.0,0.0
2922.01,0.0
2922.02,0.0
2922.03,0.0
2922.04,0.0
2922.05,0.0
2922.06,0.0
2922.07,0.0
2922.08,0.0
2922.09,0.0
2922.1,0.0
2922.11,0.0
2922.12,0.0
2922.13,0.0
2922.14,0.0
2922.15,0.0
2922.16,0.0
2922.17,0.0
2922.18,0.0
2922.19,0.0
2922.2,0.0
2922.21,0.0
2922.22,0.0
2922.23,0.0
2922.24,0.0
2922.25,0.0
2922.26,0.0
2922.27,0.0
2922.28,0.0
2922.29,0.0
2922.3,0.0
2922.31,0.0
2922.32,0.0
2922.33,0.0
2922.34,0.0
2922.35,0.0
2922.36,0.0
2922.37,0.0
2922.38,0.0
2922.39,0.0
2922.4,0.0
2922.41,0.0
2922.42,0.0
2922.43,0.0
2922.44,0.0
2922.45,0.0
2922.46,0.0
2922.47,0.0
2922.48,0.0
2922.49,0.0
2922.5,0.0
2922.51,0.0
2922.52,0.0
2922.53,0.0
2922.54,0.0
2922.55,0.0
2922.56,0.0
2922.57,0.0
2922.58,0.0
2922.59,0.0
2922.6,0.0
2922.61,0.0
2922.62,0.0
2922.63,0.0
2922.64,0.0
2922.65,0.0
2922.66,0.0
2922.67,0.0
2922.68,0.0
2922.69,0.0
2922.7,0.0
2922.71,0.0
2922.72,0.0
2922.73,0.0
2922.74,0.0
2922.75,0.0
2922.76,0.0
2922.77,0.0
2922.78,0.0
2922.79,0.0
2922.8,0.0
2922.81,0.0
2922.82,0.0
2922.83,0.0
2922.84,0.0
2922.85,0.0
2922.86,0.0
2922.87,0.0
2922.88,0.0
2922.89,0.0
2922.9,0.0
2922.91,0.0
2922.92,0.0
2922.93,0.0
2922.94,0.0
2922.95,0.0
2922.96,0.0
2922.97,0.0
2922.98,0.0
2922.99,0.0
2923.0,0.0
2923.01,0.0
2923.02,0.0
2923.03,0.0
2923.04,0.0
2923.05,0.0
2923.06,0.0
2923.07,0.0
2923.08,0.0
2923.09,0.0
2923.1,0.0
2923.11,0.0
2923.12,0.0
2923.13,0.0
2923.14,0.0
2923.15,0.0
2923.16,0.0
2923.17,0.0
2923.18,0.0
2923.19,0.0
2923.2,0.0
2923.21,0.0
2923.22,0.0
2923.23,0.0
2923.24,0.0
2923.25,0.0
2923.26,0.0
2923.27,0.0
2923.28,0.0
2923.29,0.0
2923.3,0.0
2923.31,0.0
2923.32,0.0
2923.33,0.0
2923.34,0.0
2923.35,0.0
2923.36,0.0
2923.37,0.0
2923.38,0.0
2923.39,0.0
2923.4,0.0
2923.41,0.0
2923.42,0.0
2923.43,0.0
2923.44,0.0
2923.45,0.0
2923.46,0.0
2923.47,0.0
2923.48,0.0
2923.49,0.0
2923.5,0.0
2923.51,0.0
2923.52,0.0
2923.53,0.0
2923.54,0.0
2923.55,0.0
2923.56,0.0
2923.57,0.0
2923.58,0.0
2923.59,0.0
2923.6,0.0
2923.61,0.0
2923.62,0.0
2923.63,0.0
2923.64,0.0
2923.65,0.0
2923.66,0.0
2923.67,0.0
2923.68,0.0
2923.69,0.0
2923.7,0.0
2923.71,0.0
2923.72,0.0
2923.73,0.0
2923.74,0.0
2923.75,0.0
2923.76,0.0
2923.77,0.0
2923.78,0.0
2923.79,0.0
2923.8,0.0
2923.81,0.0
2923.82,0.0
2923.83,0.0
2923.84,0.0
2923.85,0.0
2923.86,0.0
2923.87,0.0
2923.88,0.0
2923.89,0.0
2923.9,0.0
2923.91,0.0
2923.92,0.0
2923.93,0.0
2923.94,0.0
2923.95,0.0
2923.96,0.0
2923.97,0.0
2923.98,0.0
2923.99,0.0
2924.0,0.0
2924.01,0.0
2924.02,0.0
2924.03,0.0
2924.04,0.0
2924.05,0.0
2924.06,0.0
2924.07,0.0
2924.08,0.0
2924.09,0.0
2924.1,0.0
2924.11,0.0
2924.12,0.0
2924.13,0.0
2924.14,0.0
2924.15,0.0
2924.16,0.0
2924.17,0.0
2924.18,0.0
2924.19,0.0
2924.2,0.0
2924.21,0.0
2924.22,0.0
2924.23,0.0
2924.24,0.0
2924.25,0.0
2924.26,0.0
2924.27,0.0
2924.28,0.0
2924.29,0.0
2924.3,0.0
2924.31,0.0
2924.32,0.0
2924.33,0.0
2924.34,0.0
2924.35,0.0
2924.36,0.0
2924.37,0.0
2924.38,0.0
2924.39,0.0
2924.4,0.0
2924.41,0.0
2924.42,0.0
2924.43,0.0
2924.44,0.0
2924.45,0.0
2924.46,0.0
2924.47,0.0
2924.48,0.0
2924.49,0.0
2924.5,0.0
2924.51,0.0
2924.52,0.0
2924.53,0.0
2924.54,0.0
2924.55,0.0
2924.56,0.0
2924.57,0.0
2924.58,0.0
2924.59,0.0
2924.6,0.0
2924.61,0.0
2924.62,0.0
2924.63,0.0
2924.64,0.0
2924.65,0.0
2924.66,0.0
2924.67,0.0
2924.68,0.0
2924.69,0.0
2924.7,0.0
2924.71,0.0
2924.72,0.0
2924.73,0.0
2924.74,0.0
2924.75,0.0
2924.76,0.0
2924.77,0.0
2924.78,0.0
2924.79,0.0
2924.8,0.0
2924.81,0.0
2924.82,0.0
2924.83,0.0
2924.84,0.0
2924.85,0.0
2924.86,0.0
2924.87,0.0
2924.88,0.0
2924.89,0.0
2924.9,0.0
2924.91,0.0
2924.92,0.0
2924.93,0.0
2924.94,0.0
2924.95,0.0
2924.96,0.0
2924.97,0.0
2924.98,0.0
2924.99,0.0
2925.0,0.0
2925.01,0.0
2925.02,0.0
2925.03,0.0
2925.04,0.0
2925.05,0.0
2925.06,0.0
2925.07,0.0
2925.08,0.0
2925.09,0.0
2925.1,0.0
2925.11,0.0
2925.12,0.0
2925.13,0.0
2925.14,0.0
2925.15,0.0
2925.16,0.0
2925.17,0.0
2925.18,0.0
2925.19,0.0
2925.2,0.0
2925.21,0.0
2925.22,0.0
2925.23,0.0
2925.24,0.0
2925.25,0.0
2925.26,0.0
2925.27,0.0
2925.28,0.0
2925.29,0.0
2925.3,0.0
2925.31,0.0
2925.32,0.0
2925.33,0.0
2925.34,0.0
2925.35,0.0
2925.36,0.0
2925.37,0.0
2925.38,0.0
2925.39,0.0
2925.4,0.0
2925.41,0.0
2925.42,0.0
2925.43,0.0
2925.44,0.0
2925.45,0.0
2925.46,0.0
2925.47,0.0
2925.48,0.0
2925.49,0.0
2925.5,0.0
2925.51,0.0
2925.52,0.0
2925.53,0.0
2925.54,0.0
2925.55,0.0
2925.56,0.0
2925.57,0.0
2925.58,0.0
2925.59,0.0
2925.6,0.0
2925.61,0.0
2925.62,0.0
2925.63,0.0
2925.64,0.0
2925.65,0.0
2925.66,0.0
2925.67,0.0
2925.68,0.0
2925.69,0.0
2925.7,0.0
2925.71,0.0
2925.72,0.0
2925.73,0.0
2925.74,0.0
2925.75,0.0
2925.76,0.0
2925.77,0.0
2925.78,0.0
2925.79,0.0
2925.8,0.0
2925.81,0.0
2925.82,0.0
2925.83,0.0
2925.84,0.0
2925.85,0.0
2925.86,0.0
2925.87,0.0
2925.88,0.0
2925.89,0.0
2925.9,0.0
2925.91,0.0
2925.92,0.0
2925.93,0.0
2925.94,0.0
2925.95,0.0
2925.96,0.0
2925.97,0.0
2925.98,0.0
2925.99,0.0
2926.0,0.0
2926.01,0.0
2926.02,0.0
2926.03,0.0
2926.04,0.0
2926.05,0.0
2926.06,0.0
2926.07,0.0
2926.08,0.0
2926.09,0.0
2926.1,0.0
2926.11,0.0
2926.12,0.0
2926.13,0.0
2926.14,0.0
2926.15,0.0
2926.16,0.0
2926.17,0.0
2926.18,0.0
2926.19,0.0
2926.2,0.0
2926.21,0.0
2926.22,0.0
2926.23,0.0
2926.24,0.0
2926.25,0.0
2926.26,0.0
2926.27,0.0
2926.28,0.0
2926.29,0.0
2926.3,0.0
2926.31,0.0
2926.32,0.0
2926.33,0.0
2926.34,0.0
2926.35,0.0
2926.36,0.0
2926.37,0.0
2926.38,0.0
2926.39,0.0
2926.4,0.0
2926.41,0.0
2926.42,0.0
2926.43,0.0
2926.44,0.0
2926.45,0.0
2926.46,0.0
2926.47,0.0
2926.48,0.0
2926.49,0.0
2926.5,0.0
2926.51,0.0
2926.52,0.0
2926.53,0.0
2926.54,0.0
2926.55,0.0
2926.56,0.0
2926.57,0.0
2926.58,0.0
2926.59,0.0
2926.6,0.0
2926.61,0.0
2926.62,0.0
2926.63,0.0
2926.64,0.0
2926.65,0.0
2926.66,0.0
2926.67,0.0
2926.68,0.0
2926.69,0.0
2926.7,0.0
2926.71,0.0
2926.72,0.0
2926.73,0.0
2926.74,0.0
2926.75,0.0
2926.76,0.0
2926.77,0.0
2926.78,0.0
2926.79,0.0
2926.8,0.0
2926.81,0.0
2926.82,0.0
2926.83,0.0
2926.84,0.0
2926.85,0.0
2926.86,0.0
2926.87,0.0
2926.88,0.0
2926.89,0.0
2926.9,0.0
2926.91,0.0
2926.92,0.0
2926.93,0.0
2926.94,0.0
2926.95,0.0
2926.96,0.0
2926.97,0.0
2926.98,0.0
2926.99,0.0
2927.0,0.0
2927.01,0.0
2927.02,0.0
2927.03,0.0
2927.04,0.0
2927.05,0.0
2927.06,0.0
2927.07,0.0
2927.08,0.0
2927.09,0.0
2927.1,0.0
2927.11,0.0
2927.12,0.0
2927.13,0.0
2927.14,0.0
2927.15,0.0
2927.16,0.0
2927.17,0.0
2927.18,0.0
2927.19,0.0
2927.2,0.0
2927.21,0.0
2927.22,0.0
2927.23,0.0
2927.24,0.0
2927.25,0.0
2927.26,0.0
2927.27,0.0
2927.28,0.0
2927.29,0.0
2927.3,0.0
2927.31,0.0
2927.32,0.0
2927.33,0.0
2927.34,0.0
2927.35,0.0
2927.36,0.0
2927.37,0.0
2927.38,0.0
2927.39,0.0
2927.4,0.0
2927.41,0.0
2927.42,0.0
2927.43,0.0
2927.44,0.0
2927.45,0.0
2927.46,0.0
2927.47,0.0
2927.48,0.0
2927.49,0.0
2927.5,0.0
2927.51,0.0
2927.52,0.0
2927.53,0.0
2927.54,0.0
2927.55,0.0
2927.56,0.0
2927.57,0.0
2927.58,0.0
2927.59,0.0
2927.6,0.0
2927.61,0.0
2927.62,0.0
2927.63,0.0
2927.64,0.0
2927.65,0.0
2927.66,0.0
2927.67,0.0
2927.68,0.0
2927.69,0.0
2927.7,0.0
2927.71,0.0
2927.72,0.0
2927.73,0.0
2927.74,0.0
2927.75,0.0
2927.76,0.0
2927.77,0.0
2927.78,0.0
2927.79,0.0
2927.8,0.0
2927.81,0.0
2927.82,0.0
2927.83,0.0
2927.84,0.0
2927.85,0.0
2927.86,0.0
2927.87,0.0
2927.88,0.0
2927.89,0.0
2927.9,0.0
2927.91,0.0
2927.92,0.0
2927.93,0.0
2927.94,0.0
2927.95,0.0
2927.96,0.0
2927.97,0.0
2927.98,0.0
2927.99,0.0
2928.0,0.0
2928.01,0.0
2928.02,0.0
2928.03,0.0
2928.04,0.0
2928.05,0.0
2928.06,0.0
2928.07,0.0
2928.08,0.0
2928.09,0.0
2928.1,0.0
2928.11,0.0
2928.12,0.0
2928.13,0.0
2928.14,0.0
2928.15,0.0
2928.16,0.0
2928.17,0.0
2928.18,0.0
2928.19,0.0
2928.2,0.0
2928.21,0.0
2928.22,0.0
2928.23,0.0
2928.24,0.0
2928.25,0.0
2928.26,0.0
2928.27,0.0
2928.28,0.0
2928.29,0.0
2928.3,0.0
2928.31,0.0
2928.32,0.0
2928.33,0.0
2928.34,0.0
2928.35,0.0
2928.36,0.0
2928.37,0.0
2928.38,0.0
2928.39,0.0
2928.4,0.0
2928.41,0.0
2928.42,0.0
2928.43,0.0
2928.44,0.0
2928.45,0.0
2928.46,0.0
2928.47,0.0
2928.48,0.0
2928.49,0.0
2928.5,0.0
2928.51,0.0
2928.52,0.0
2928.53,0.0
2928.54,0.0
2928.55,0.0
2928.56,0.0
2928.57,0.0
2928.58,0.0
2928.59,0.0
2928.6,0.0
2928.61,0.0
2928.62,0.0
2928.63,0.0
2928.64,0.0
2928.65,0.0
2928.66,0.0
2928.67,0.0
2928.68,0.0
2928.69,0.0
2928.7,0.0
2928.71,0.0
2928.72,0.0
2928.73,0.0
2928.74,0.0
2928.75,0.0
2928.76,0.0
2928.77,0.0
2928.78,0.0
2928.79,0.0
2928.8,0.0
2928.81,0.0
2928.82,0.0
2928.83,0.0
2928.84,0.0
2928.85,0.0
2928.86,0.0
2928.87,0.0
2928.88,0.0
2928.89,0.0
2928.9,0.0
2928.91,0.0
2928.92,0.0
2928.93,0.0
2928.94,0.0
2928.95,0.0
2928.96,0.0
2928.97,0.0
2928.98,0.0
2928.99,0.0
2929.0,0.0
2929.01,0.0
2929.02,0.0
2929.03,0.0
2929.04,0.0
2929.05,0.0
2929.06,0.0
2929.07,0.0
2929.08,0.0
2929.09,0.0
2929.1,0.0
2929.11,0.0
2929.12,0.0
2929.13,0.0
2929.14,0.0
2929.15,0.0
2929.16,0.0
2929.17,0.0
2929.18,0.0
2929.19,0.0
2929.2,0.0
2929.21,0.0
2929.22,0.0
2929.23,0.0
2929.24,0.0
2929.25,0.0
2929.26,0.0
2929.27,0.0
2929.28,0.0
2929.29,0.0
2929.3,0.0
2929.31,0.0
2929.32,0.0
2929.33,0.0
2929.34,0.0
2929.35,0.0
2929.36,0.0
2929.37,0.0
2929.38,0.0
2929.39,0.0
2929.4,0.0
2929.41,0.0
2929.42,0.0
2929.43,0.0
2929.44,0.0
2929.45,0.0
2929.46,0.0
2929.47,0.0
2929.48,0.0
2929.49,0.0
2929.5,0.0
2929.51,0.0
2929.52,0.0
2929.53,0.0
2929.54,0.0
2929.55,0.0
2929.56,0.0
2929.57,0.0
2929.58,0.0
2929.59,0.0
2929.6,0.0
2929.61,0.0
2929.62,0.0
2929.63,0.0
2929.64,0.0
2929.65,0.0
2929.66,0.0
2929.67,0.0
2929.68,0.0
2929.69,0.0
2929.7,0.0
2929.71,0.0
2929.72,0.0
2929.73,0.0
2929.74,0.0
2929.75,0.0
2929.76,0.0
2929.77,0.0
2929.78,0.0
2929.79,0.0
2929.8,0.0
2929.81,0.0
2929.82,0.0
2929.83,0.0
2929.84,0.0
2929.85,0.0
2929.86,0.0
2929.87,0.0
2929.88,0.0
2929.89,0.0
2929.9,0.0
2929.91,0.0
2929.92,0.0
2929.93,0.0
2929.94,0.0
2929.95,0.0
2929.96,0.0
2929.97,0.0
2929.98,0.0
2929.99,0.0
2930.0,0.0
2930.01,0.0
2930.02,0.0
2930.03,0.0
2930.04,0.0
2930.05,0.0
2930.06,0.0
2930.07,0.0
2930.08,0.0
2930.09,0.0
2930.1,0.0
2930.11,0.0
2930.12,0.0
2930.13,0.0
2930.14,0.0
2930.15,0.0
2930.16,0.0
2930.17,0.0
2930.18,0.0
2930.19,0.0
2930.2,0.0
2930.21,0.0
2930.22,0.0
2930.23,0.0
2930.24,0.0
2930.25,0.0
2930.26,0.0
2930.27,0.0
2930.28,0.0
2930.29,0.0
2930.3,0.0
2930.31,0.0
2930.32,0.0
2930.33,0.0
2930.34,0.0
2930.35,0.0
2930.36,0.0
2930.37,0.0
2930.38,0.0
2930.39,0.0
2930.4,0.0
2930.41,0.0
2930.42,0.0
2930.43,0.0
2930.44,0.0
2930.45,0.0
2930.46,0.0
2930.47,0.0
2930.48,0.0
2930.49,0.0
2930.5,0.0
2930.51,0.0
2930.52,0.0
2930.53,0.0
2930.54,0.0
2930.55,0.0
2930.56,0.0
2930.57,0.0
2930.58,0.0
2930.59,0.0
2930.6,0.0
2930.61,0.0
2930.62,0.0
2930.63,0.0
2930.64,0.0
2930.65,0.0
2930.66,0.0
2930.67,0.0
2930.68,0.0
2930.69,0.0
2930.7,0.0
2930.71,0.0
2930.72,0.0
2930.73,0.0
2930.74,0.0
2930.75,0.0
2930.76,0.0
2930.77,0.0
2930.78,0.0
2930.79,0.0
2930.8,0.0
2930.81,0.0
2930.82,0.0
2930.83,0.0
2930.84,0.0
2930.85,0.0
2930.86,0.0
2930.87,0.0
2930.88,0.0
2930.89,0.0
2930.9,0.0
2930.91,0.0
2930.92,0.0
2930.93,0.0
2930.94,0.0
2930.95,0.0
2930.96,0.0
2930.97,0.0
2930.98,0.0
2930.99,0.0
2931.0,0.0
2931.01,0.0
2931.02,0.0
2931.03,0.0
2931.04,0.0
2931.05,0.0
2931.06,0.0
2931.07,0.0
2931.08,0.0
2931.09,0.0
2931.1,0.0
2931.11,0.0
2931.12,0.0
2931.13,0.0
2931.14,0.0
2931.15,0.0
2931.16,0.0
2931.17,0.0
2931.18,0.0
2931.19,0.0
2931.2,0.0
2931.21,0.0
2931.22,0.0
2931.23,0.0
2931.24,0.0
2931.25,0.0
2931.26,0.0
2931.27,0.0
2931.28,0.0
2931.29,0.0
2931.3,0.0
2931.31,0.0
2931.32,0.0
2931.33,0.0
2931.34,0.0
2931.35,0.0
2931.36,0.0
2931.37,0.0
2931.38,0.0
2931.39,0.0
2931.4,0.0
2931.41,0.0
2931.42,0.0
2931.43,0.0
2931.44,0.0
2931.45,0.0
2931.46,0.0
2931.47,0.0
2931.48,0.0
2931.49,0.0
2931.5,0.0
2931.51,0.0
2931.52,0.0
2931.53,0.0
2931.54,0.0
2931.55,0.0
2931.56,0.0
2931.57,0.0
2931.58,0.0
2931.59,0.0
2931.6,0.0
2931.61,0.0
2931.62,0.0
2931.63,0.0
2931.64,0.0
2931.65,0.0
2931.66,0.0
2931.67,0.0
2931.68,0.0
2931.69,0.0
2931.7,0.0
2931.71,0.0
2931.72,0.0
2931.73,0.0
2931.74,0.0
2931.75,0.0
2931.76,0.0
2931.77,0.0
2931.78,0.0
2931.79,0.0
2931.8,0.0
2931.81,0.0
2931.82,0.0
2931.83,0.0
2931.84,0.0
2931.85,0.0
2931.86,0.0
2931.87,0.0
2931.88,0.0
2931.89,0.0
2931.9,0.0
2931.91,0.0
2931.92,0.0
2931.93,0.0
2931.94,0.0
2931.95,0.0
2931.96,0.0
2931.97,0.0
2931.98,0.0
2931.99,0.0
2932.0,0.0
2932.01,0.0
2932.02,0.0
2932.03,0.0
2932.04,0.0
2932.05,0.0
2932.06,0.0
2932.07,0.0
2932.08,0.0
2932.09,0.0
2932.1,0.0
2932.11,0.0
2932.12,0.0
2932.13,0.0
2932.14,0.0
2932.15,0.0
2932.16,0.0
2932.17,0.0
2932.18,0.0
2932.19,0.0
2932.2,0.0
2932.21,0.0
2932.22,0.0
2932.23,0.0
2932.24,0.0
2932.25,0.0
2932.26,0.0
2932.27,0.0
2932.28,0.0
2932.29,0.0
2932.3,0.0
2932.31,0.0
2932.32,0.0
2932.33,0.0
2932.34,0.0
2932.35,0.0
2932.36,0.0
2932.37,0.0
2932.38,0.0
2932.39,0.0
2932.4,0.0
2932.41,0.0
2932.42,0.0
2932.43,0.0
2932.44,0.0
2932.45,0.0
2932.46,0.0
2932.47,0.0
2932.48,0.0
2932.49,0.0
2932.5,0.0
2932.51,0.0
2932.52,0.0
2932.53,0.0
2932.54,0.0
2932.55,0.0
2932.56,0.0
2932.57,0.0
2932.58,0.0
2932.59,0.0
2932.6,0.0
2932.61,0.0
2932.62,0.0
2932.63,0.0
2932.64,0.0
2932.65,0.0
2932.66,0.0
2932.67,0.0
2932.68,0.0
2932.69,0.0
2932.7,0.0
2932.71,0.0
2932.72,0.0
2932.73,0.0
2932.74,0.0
2932.75,0.0
2932.76,0.0
2932.77,0.0
2932.78,0.0
2932.79,0.0
2932.8,0.0
2932.81,0.0
2932.82,0.0
2932.83,0.0
2932.84,0.0
2932.85,0.0
2932.86,0.0
2932.87,0.0
2932.88,0.0
2932.89,0.0
2932.9,0.0
2932.91,0.0
2932.92,0.0
2932.93,0.0
2932.94,0.0
2932.95,0.0
2932.96,0.0
2932.97,0.0
2932.98,0.0
2932.99,0.0
2933.0,0.0
2933.01,0.0
2933.02,0.0
2933.03,0.0
2933.04,0.0
2933.05,0.0
2933.06,0.0
2933.07,0.0
2933.08,0.0
2933.09,0.0
2933.1,0.0
2933.11,0.0
2933.12,0.0
2933.13,0.0
2933.14,0.0
2933.15,0.0
2933.16,0.0
2933.17,0.0
2933.18,0.0
2933.19,0.0
2933.2,0.0
2933.21,0.0
2933.22,0.0
2933.23,0.0
2933.24,0.0
2933.25,0.0
2933.26,0.0
2933.27,0.0
2933.28,0.0
2933.29,0.0
2933.3,0.0
2933.31,0.0
2933.32,0.0
2933.33,0.0
2933.34,0.0
2933.35,0.0
2933.36,0.0
2933.37,0.0
2933.38,0.0
2933.39,0.0
2933.4,0.0
2933.41,0.0
2933.42,0.0
2933.43,0.0
2933.44,0.0
2933.45,0.0
2933.46,0.0
2933.47,0.0
2933.48,0.0
2933.49,0.0
2933.5,0.0
2933.51,0.0
2933.52,0.0
2933.53,0.0
2933.54,0.0
2933.55,0.0
2933.56,0.0
2933.57,0.0
2933.58,0.0
2933.59,0.0
2933.6,0.0
2933.61,0.0
2933.62,0.0
2933.63,0.0
2933.64,0.0
2933.65,0.0
2933.66,0.0
2933.67,0.0
2933.68,0.0
2933.69,0.0
2933.7,0.0
2933.71,0.0
2933.72,0.0
2933.73,0.0
2933.74,0.0
2933.75,0.0
2933.76,0.0
2933.77,0.0
2933.78,0.0
2933.79,0.0
2933.8,0.0
2933.81,0.0
2933.82,0.0
2933.83,0.0
2933.84,0.0
2933.85,0.0
2933.86,0.0
2933.87,0.0
2933.88,0.0
2933.89,0.0
2933.9,0.0
2933.91,0.0
2933.92,0.0
2933.93,0.0
2933.94,0.0
2933.95,0.0
2933.96,0.0
2933.97,0.0
2933.98,0.0
2933.99,0.0
2934.0,0.0
2934.01,0.0
2934.02,0.0
2934.03,0.0
2934.04,0.0
2934.05,0.0
2934.06,0.0
2934.07,0.0
2934.08,0.0
2934.09,0.0
2934.1,0.0
2934.11,0.0
2934.12,0.0
2934.13,0.0
2934.14,0.0
2934.15,0.0
2934.16,0.0
2934.17,0.0
2934.18,0.0
2934.19,0.0
2934.2,0.0
2934.21,0.0
2934.22,0.0
2934.23,0.0
2934.24,0.0
2934.25,0.0
2934.26,0.0
2934.27,0.0
2934.28,0.0
2934.29,0.0
2934.3,0.0
2934.31,0.0
2934.32,0.0
2934.33,0.0
2934.34,0.0
2934.35,0.0
2934.36,0.0
2934.37,0.0
2934.38,0.0
2934.39,0.0
2934.4,0.0
2934.41,0.0
2934.42,0.0
2934.43,0.0
2934.44,0.0
2934.45,0.0
2934.46,0.0
2934.47,0.0
2934.48,0.0
2934.49,0.0
2934.5,0.0
2934.51,0.0
2934.52,0.0
2934.53,0.0
2934.54,0.0
2934.55,0.0
2934.56,0.0
2934.57,0.0
2934.58,0.0
2934.59,0.0
2934.6,0.0
2934.61,0.0
2934.62,0.0
2934.63,0.0
2934.64,0.0
2934.65,0.0
2934.66,0.0
2934.67,0.0
2934.68,0.0
2934.69,0.0
2934.7,0.0
2934.71,0.0
2934.72,0.0
2934.73,0.0
2934.74,0.0
2934.75,0.0
2934.76,0.0
2934.77,0.0
2934.78,0.0
2934.79,0.0
2934.8,0.0
2934.81,0.0
2934.82,0.0
2934.83,0.0
2934.84,0.0
2934.85,0.0
2934.86,0.0
2934.87,0.0
2934.88,0.0
2934.89,0.0
2934.9,0.0
2934.91,0.0
2934.92,0.0
2934.93,0.0
2934.94,0.0
2934.95,0.0
2934.96,0.0
2934.97,0.0
2934.98,0.0
2934.99,0.0
2935.0,0.0
2935.01,0.0
2935.02,0.0
2935.03,0.0
2935.04,0.0
2935.05,0.0
2935.06,0.0
2935.07,0.0
2935.08,0.0
2935.09,0.0
2935.1,0.0
2935.11,0.0
2935.12,0.0
2935.13,0.0
2935.14,0.0
2935.15,0.0
2935.16,0.0
2935.17,0.0
2935.18,0.0
2935.19,0.0
2935.2,0.0
2935.21,0.0
2935.22,0.0
2935.23,0.0
2935.24,0.0
2935.25,0.0
2935.26,0.0
2935.27,0.0
2935.28,0.0
2935.29,0.0
2935.3,0.0
2935.31,0.0
2935.32,0.0
2935.33,0.0
2935.34,0.0
2935.35,0.0
2935.36,0.0
2935.37,0.0
2935.38,0.0
2935.39,0.0
2935.4,0.0
2935.41,0.0
2935.42,0.0
2935.43,0.0
2935.44,0.0
2935.45,0.0
2935.46,0.0
2935.47,0.0
2935.48,0.0
2935.49,0.0
2935.5,0.0
2935.51,0.0
2935.52,0.0
2935.53,0.0
2935.54,0.0
2935.55,0.0
2935.56,0.0
2935.57,0.0
2935.58,0.0
2935.59,0.0
2935.6,0.0
2935.61,0.0
2935.62,0.0
2935.63,0.0
2935.64,0.0
2935.65,0.0
2935.66,0.0
2935.67,0.0
2935.68,0.0
2935.69,0.0
2935.7,0.0
2935.71,0.0
2935.72,0.0
2935.73,0.0
2935.74,0.0
2935.75,0.0
2935.76,0.0
2935.77,0.0
2935.78,0.0
2935.79,0.0
2935.8,0.0
2935.81,0.0
2935.82,0.0
2935.83,0.0
2935.84,0.0
2935.85,0.0
2935.86,0.0
2935.87,0.0
2935.88,0.0
2935.89,0.0
2935.9,0.0
2935.91,0.0
2935.92,0.0
2935.93,0.0
2935.94,0.0
2935.95,0.0
2935.96,0.0
2935.97,0.0
2935.98,0.0
2935.99,0.0
2936.0,0.0
2936.01,0.0
2936.02,0.0
2936.03,0.0
2936.04,0.0
2936.05,0.0
2936.06,0.0
2936.07,0.0
2936.08,0.0
2936.09,0.0
2936.1,0.0
2936.11,0.0
2936.12,0.0
2936.13,0.0
2936.14,0.0
2936.15,0.0
2936.16,0.0
2936.17,0.0
2936.18,0.0
2936.19,0.0
2936.2,0.0
2936.21,0.0
2936.22,0.0
2936.23,0.0
2936.24,0.0
2936.25,0.0
2936.26,0.0
2936.27,0.0
2936.28,0.0
2936.29,0.0
2936.3,0.0
2936.31,0.0
2936.32,0.0
2936.33,0.0
2936.34,0.0
2936.35,0.0
2936.36,0.0
2936.37,0.0
2936.38,0.0
2936.39,0.0
2936.4,0.0
2936.41,0.0
2936.42,0.0
2936.43,0.0
2936.44,0.0
2936.45,0.0
2936.46,0.0
2936.47,0.0
2936.48,0.0
2936.49,0.0
2936.5,0.0
2936.51,0.0
2936.52,0.0
2936.53,0.0
2936.54,0.0
2936.55,0.0
2936.56,0.0
2936.57,0.0
2936.58,0.0
2936.59,0.0
2936.6,0.0
2936.61,0.0
2936.62,0.0
2936.63,0.0
2936.64,0.0
2936.65,0.0
2936.66,0.0
2936.67,0.0
2936.68,0.0
2936.69,0.0
2936.7,0.0
2936.71,0.0
2936.72,0.0
2936.73,0.0
2936.74,0.0
2936.75,0.0
2936.76,0.0
2936.77,0.0
2936.78,0.0
2936.79,0.0
2936.8,0.0
2936.81,0.0
2936.82,0.0
2936.83,0.0
2936.84,0.0
2936.85,0.0
2936.86,0.0
2936.87,0.0
2936.88,0.0
2936.89,0.0
2936.9,0.0
2936.91,0.0
2936.92,0.0
2936.93,0.0
2936.94,0.0
2936.95,0.0
2936.96,0.0
2936.97,0.0
2936.98,0.0
2936.99,0.0
2937.0,0.0
2937.01,0.0
2937.02,0.0
2937.03,0.0
2937.04,0.0
2937.05,0.0
2937.06,0.0
2937.07,0.0
2937.08,0.0
2937.09,0.0
2937.1,0.0
2937.11,0.0
2937.12,0.0
2937.13,0.0
2937.14,0.0
2937.15,0.0
2937.16,0.0
2937.17,0.0
2937.18,0.0
2937.19,0.0
2937.2,0.0
2937.21,0.0
2937.22,0.0
2937.23,0.0
2937.24,0.0
2937.25,0.0
2937.26,0.0
2937.27,0.0
2937.28,0.0
2937.29,0.0
2937.3,0.0
2937.31,0.0
2937.32,0.0
2937.33,0.0
2937.34,0.0
2937.35,0.0
2937.36,0.0
2937.37,0.0
2937.38,0.0
2937.39,0.0
2937.4,0.0
2937.41,0.0
2937.42,0.0
2937.43,0.0
2937.44,0.0
2937.45,0.0
2937.46,0.0
2937.47,0.0
2937.48,0.0
2937.49,0.0
2937.5,0.0
2937.51,0.0
2937.52,0.0
2937.53,0.0
2937.54,0.0
2937.55,0.0
2937.56,0.0
2937.57,0.0
2937.58,0.0
2937.59,0.0
2937.6,0.0
2937.61,0.0
2937.62,0.0
2937.63,0.0
2937.64,0.0
2937.65,0.0
2937.66,0.0
2937.67,0.0
2937.68,0.0
2937.69,0.0
2937.7,0.0
2937.71,0.0
2937.72,0.0
2937.73,0.0
2937.74,0.0
2937.75,0.0
2937.76,0.0
2937.77,0.0
2937.78,0.0
2937.79,0.0
2937.8,0.0
2937.81,0.0
2937.82,0.0
2937.83,0.0
2937.84,0.0
2937.85,0.0
2937.86,0.0
2937.87,0.0
2937.88,0.0
2937.89,0.0
2937.9,0.0
2937.91,0.0
2937.92,0.0
2937.93,0.0
2937.94,0.0
2937.95,0.0
2937.96,0.0
2937.97,0.0
2937.98,0.0
2937.99,0.0
2938.0,0.0
2938.01,0.0
2938.02,0.0
2938.03,0.0
2938.04,0.0
2938.05,0.0
2938.06,0.0
2938.07,0.0
2938.08,0.0
2938.09,0.0
2938.1,0.0
2938.11,0.0
2938.12,0.0
2938.13,0.0
2938.14,0.0
2938.15,0.0
2938.16,0.0
2938.17,0.0
2938.18,0.0
2938.19,0.0
2938.2,0.0
2938.21,0.0
2938.22,0.0
2938.23,0.0
2938.24,0.0
2938.25,0.0
2938.26,0.0
2938.27,0.0
2938.28,0.0
2938.29,0.0
2938.3,0.0
2938.31,0.0
2938.32,0.0
2938.33,0.0
2938.34,0.0
2938.35,0.0
2938.36,0.0
2938.37,0.0
2938.38,0.0
2938.39,0.0
2938.4,0.0
2938.41,0.0
2938.42,0.0
2938.43,0.0
2938.44,0.0
2938.45,0.0
2938.46,0.0
2938.47,0.0
2938.48,0.0
2938.49,0.0
2938.5,0.0
2938.51,0.0
2938.52,0.0
2938.53,0.0
2938.54,0.0
2938.55,1.2413440428396225e-13
2938.56,1.2494885641972966e-13
2938.57,1.257713493309333e-13
2938.58,1.266019891970354e-13
2938.59,1.274408839558545e-13
2938.6,1.2828814333830992e-13
2938.61,1.291438789045937e-13
2938.62,1.3000820408056576e-13
2938.63,1.3088123419563373e-13
2938.64,1.3176308652088973e-13
2938.65,1.3265388030879e-13
2938.66,1.335537368331293e-13
2938.67,1.3446277943061968e-13
2938.68,1.3538113354280342e-13
2938.69,1.3630892675963587e-13
2938.7,1.372462888634445e-13
2938.71,1.3819335187462786e-13
2938.72,1.3915025009777537e-13
2938.73,1.401171201696007e-13
2938.74,1.410941011073436e-13
2938.75,1.4208133435906466e-13
2938.76,1.4307896385450446e-13
2938.77,1.440871360576448e-13
2938.78,1.451060000205755e-13
2938.79,1.4613570743823194e-13
2938.8,1.4717641270519745e-13
2938.81,1.482282729731705e-13
2938.82,1.49291448210636e-13
2938.83,1.5036610126326841e-13
2938.84,1.5145239791663927e-13
2938.85,1.5255050695972766e-13
2938.86,1.536606002508434e-13
2938.87,1.5478285278442823e-13
2938.88,1.5591744276038388e-13
2938.89,1.570645516543608e-13
2938.9,1.5822436429069363e-13
2938.91,1.5939706891638655e-13
2938.92,1.6058285727787293e-13
2938.93,1.6178192469892097e-13
2938.94,1.6299447016144796e-13
2938.95,1.6422069638758476e-13
2938.96,1.6546080992479374e-13
2938.97,1.6671502123234506e-13
2938.98,1.6798354477100311e-13
2938.99,1.6926659909418795e-13
2939.0,1.70564406942512e-13
2939.01,1.7187719533997997e-13
2939.02,1.7320519569337732e-13
2939.03,1.7454864389436195e-13
2939.04,1.7590778042372292e-13
2939.05,1.7728285045941157e-13
2939.06,1.7867410398654315e-13
2939.07,1.8008179591143496e-13
2939.08,1.815061861777794e-13
2939.09,1.8294753988707425e-13
2939.1,1.8440612742136695e-13
2939.11,1.858822245704898e-13
2939.12,1.8737611266180172e-13
2939.13,1.8888807869467222e-13
2939.14,1.9041841547768115e-13
2939.15,1.9196742177082716e-13
2939.16,1.9353540243067724e-13
2939.17,1.9512266856081296e-13
2939.18,1.9672953766545944e-13
2939.19,1.9835633380871942e-13
2939.2,2.000033877772522e-13
2939.21,2.0167103724888773e-13
2939.22,2.0335962696496943e-13
2939.23,2.0506950890898404e-13
2939.24,2.0680104248922986e-13
2939.25,2.0855459472815093e-13
2939.26,2.1033054045612104e-13
2939.27,2.1212926251181676e-13
2939.28,2.1395115194861936e-13
2939.29,2.1579660824640655e-13
2939.3,2.1766603953101586e-13
2939.31,2.195598627990263e-13
2939.32,2.2147850415078158e-13
2939.33,2.2342239902917132e-13
2939.34,2.2539199246717934e-13
2939.35,2.2738773934166837e-13
2939.36,2.2941010463650024e-13
2939.37,2.3145956371240773e-13
2939.38,2.335366025868174e-13
2939.39,2.3564171822098445e-13
2939.4,2.3777541881774087e-13
2939.41,2.399382241271647e-13
2939.42,2.4213066576358025e-13
2939.43,2.4435328753113953e-13
2939.44,2.4660664576151016e-13
2939.45,2.488913096608655e-13
2939.46,2.512078616698174e-13
2939.47,2.5355689783343723e-13
2939.48,2.559390281851257e-13
2939.49,2.5835487714142484e-13
2939.5,2.608050839116644e-13
2939.51,2.632903029195929e-13
2939.52,2.6581120424022894e-13
2939.53,2.683684740514198e-13
2939.54,2.7096281509948863e-13
2939.55,2.7359494718245166e-13
2939.56,2.76265607647816e-13
2939.57,2.789755519093764e-13
2939.58,2.8172555397985114e-13
2939.59,2.8451640702395194e-13
2939.6,2.8734892392867213e-13
2939.61,2.9022393789556707e-13
2939.62,2.931423030517654e-13
2939.63,2.9610489508467093e-13
2939.64,2.9911261189704947e-13
2939.65,3.0216637428766384e-13
2939.66,3.0526712665410246e-13
2939.67,4.846585227430924e-13
2939.68,4.889937817319544e-13
2939.69,4.93390061341374e-13
2939.7,4.978485514451085e-13
2939.71,5.023704717765968e-13
2939.72,5.069570728460891e-13
2939.73,5.116096368945613e-13
2939.74,5.163294788792387e-13
2939.75,5.211179474988945e-13
2939.76,5.259764262539222e-13
2939.77,5.309063345481231e-13
2939.78,5.359091288318535e-13
2939.79,5.409863037859957e-13
2939.8,5.461393935542984e-13
2939.81,5.513699730189982e-13
2939.82,5.566796591291718e-13
2939.83,5.620701122765052e-13
2939.84,5.675430377283753e-13
2939.85,5.731001871129101e-13
2939.86,5.787433599664028e-13
2939.87,5.844744053377661e-13
2939.88,5.902952234608989e-13
2939.89,5.962077674896921e-13
2939.9,6.022140453070977e-13
2939.91,6.083161214030382e-13
2939.92,6.14516118833188e-13
2939.93,6.208162212534776e-13
2939.94,6.272186750430066e-13
2939.95,6.337257915103311e-13
2939.96,6.403399491965216e-13
2939.97,6.470635962701062e-13
2939.98,6.538992530280641e-13
2939.99,6.60849514498191e-13
2940.0,6.679170531578356e-13
2940.01,6.75104621764912e-13
2940.02,6.82415056314805e-13
2940.03,6.898512791263033e-13
2940.04,6.974163020596007e-13
2940.05,7.051132298816404e-13
2940.06,7.129452637755738e-13
2940.07,7.209157050130328e-13
2940.08,7.290279587861487e-13
2940.09,7.372855382193396e-13
2940.1,7.456920685583882e-13
2940.11,7.542512915582922e-13
2940.12,7.629670700681148e-13
2940.13,7.718433928359444e-13
2940.14,7.808843795330278e-13
2940.15,7.900942860220092e-13
2940.16,7.994775098693341e-13
2940.17,8.090385961287718e-13
2940.18,8.187822433973201e-13
2940.19,8.287133101727092e-13
2940.2,8.388368215151691e-13
2940.21,8.491579760452584e-13
2940.22,8.59682153282052e-13
2940.23,8.704149213563978e-13
2940.24,8.813620451054852e-13
2940.25,8.925294945867158e-13
2940.26,9.039234540199412e-13
2940.27,9.15550331196121e-13
2940.28,9.274167673751964e-13
2940.29,9.395296476969892e-13
2940.3,9.518961121499263e-13
2940.31,9.64523567114341e-13
2940.32,9.774196975338318e-13
2940.33,9.905924797350399e-13
2940.34,1.0040501949552723e-12
2940.35,1.0178014436031657e-12
2940.36,1.0318551603186585e-12
2940.37,1.0462206298631864e-12
2940.38,1.0609075039142731e-12
2940.39,1.0759258188021823e-12
2940.4,1.0912860142719596e-12
2940.41,1.1069989533165397e-12
2940.42,1.1230759431748677e-12
2940.43,1.1395287575502209e-12
2940.44,1.1563696601550557e-12
2940.45,1.1736114296488608e-12
2940.46,1.1912673860898212e-12
2940.47,1.2093514189802075e-12
2940.48,1.2278780170432872e-12
2940.49,1.2468622998276973e-12
2940.5,1.2663200512970653e-12
2940.51,1.2862677555209001e-12
2940.52,1.3067226346417101e-12
2940.53,1.3277026892766822e-12
2940.54,1.349226741524344e-12
2940.55,1.3713144807953434e-12
2940.56,1.3939865126497102e-12
2940.57,1.417264410902173e-12
2940.58,1.441170773213509e-12
2940.59,1.4657292804729376e-12
2940.6,1.490964760233662e-12
2940.61,1.5169032545587182e-12
2940.62,1.5435720925927314e-12
2940.63,1.5709999682796208e-12
2940.64,1.5992170236069196e-12
2940.65,1.6282549378728445e-12
2940.66,1.6581470234362276e-12
2940.67,1.688928328537867e-12
2940.68,1.7206357477507725e-12
2940.69,1.7533081407606192e-12
2940.7,1.78698646015361e-12
2940.71,1.821713889051242e-12
2940.72,1.8575359894169728e-12
2940.73,1.8945008620444106e-12
2940.74,1.93265931923518e-12
2940.75,1.9720650713865735e-12
2940.76,2.0127749287269565e-12
2940.77,2.0548490196674987e-12
2940.78,2.0983510273329127e-12
2940.79,2.1433484459997546e-12
2940.8,2.189912859431875e-12
2940.81,2.2381202432068664e-12
2940.82,2.5362089690488087e-12
2940.83,2.5895328391234787e-12
2940.84,2.6447725939066497e-12
2940.85,2.702025565182284e-12
2940.86,2.7613954459524737e-12
2940.87,2.8229927981404522e-12
2940.88,2.8869356082543967e-12
2940.89,2.953349896156103e-12
2940.9,3.0223703829045807e-12
2940.91,3.0941412242019637e-12
2940.92,3.168816817004219e-12
2940.93,3.2465626876280137e-12
2940.94,3.32755647099719e-12
2940.95,3.4119889917289485e-12
2940.96,3.5000654594423707e-12
2940.97,3.5920067921225077e-12
2940.98,3.688051083555802e-12
2940.99,3.788455232846149e-12
2941.0,3.893496756885092e-12
2941.01,4.003475809402057e-12
2941.02,4.118717433982513e-12
2941.03,4.2395740823930505e-12
2941.04,4.366428434330076e-12
2941.05,4.499696560522484e-12
2941.06,4.639831477414201e-12
2941.07,4.7873271497853744e-12
2941.08,4.942723006473403e-12
2941.09,5.106609045625074e-12
2941.1,5.279631618397057e-12
2941.11,5.462499995829275e-12
2941.12,5.655993841495475e-12
2941.13,5.86097173499853e-12
2941.14,6.0783809172520245e-12
2941.15,6.309268460847638e-12
2941.16,6.5547941066846155e-12
2941.17,6.8162450553131525e-12
2941.18,7.0950530575914144e-12
2941.19,7.392814219355895e-12
2941.2,7.711312019177203e-12
2941.21,8.052544143842767e-12
2941.22,8.418753874863121e-12
2941.23,8.812466920897743e-12
2941.24,9.23653479027906e-12
2941.25,9.694186049451252e-12
2941.26,1.0189087127053245e-11
2941.27,1.0725414722122604e-11
2941.28,1.1307942378808897e-11
2941.29,1.1942144432828983e-11
2941.3,1.2634321359178576e-11
2941.31,1.3391751608522243e-11
2941.32,1.4222876391119192e-11
2941.33,1.513752564449167e-11
2941.34,1.614719574539442e-11
2941.35,1.7265392568654254e-11
2941.36,1.850805750548169e-11
2941.37,1.989409934523654e-11
2941.38,2.1446061941300313e-11
2941.39,2.319096688395591e-11
2941.4,2.5161382750780625e-11
2941.41,2.739678882417465e-11
2941.42,2.9945322596719575e-11
2941.43,3.2866028095926106e-11
2941.44,3.623175696111091e-11
2941.45,4.0132915937904196e-11
2941.46,4.4682299340257466e-11
2941.47,5.0021281154856814e-11
2941.48,5.6327638448853146e-11
2941.49,6.382516470355205e-11
2941.5,7.279485248812389e-11
2941.51,8.358644940019965e-11
2941.52,9.662695393770752e-11
2941.53,1.1241786739468282e-10
2941.54,1.3150369413523024e-10
2941.55,1.543778918762581e-10
2941.56,1.8126999264943954e-10
2941.57,2.1174499111940073e-10
2941.58,2.4410032459776307e-10
2941.59,2.747761786462351e-10
2941.6,2.984259553447816e-10
2941.61,3.094557095924972e-10
2941.62,3.047902311102707e-10
2941.63,2.857777603202797e-10
2941.64,2.5732489602446416e-10
2941.65,2.2516287457204215e-10
2941.66,1.9366369197548469e-10
2941.67,1.6523983345851373e-10
2941.68,1.4076619520682752e-10
2941.69,1.202253630054467e-10
2941.7,1.0319743824994239e-10
2941.71,8.914231999298187e-11
2941.72,7.753449057321198e-11
2941.73,6.791493686218484e-11
2941.74,5.990284910092186e-11
2941.75,5.3190356462572e-11
2941.76,4.7531618267346344e-11
2941.77,4.273125459693924e-11
2941.78,3.863402444571575e-11
2941.79,3.511627282956528e-11
2941.8,3.207909836113067e-11
2941.81,2.9442996523527665e-11
2941.82,2.7143697687983384e-11
2941.83,2.5128944277089565e-11
2941.84,2.335599492059071e-11
2941.85,2.178968725056308e-11
2941.86,2.0400928849143555e-11
2941.87,1.9165516466829276e-11
2941.88,1.8063207497279552e-11
2941.89,1.7076985975955765e-11
2941.9,1.6192479220436584e-11
2941.91,1.539749168718714e-11
2941.92,1.4681630493896498e-11
2941.93,1.4036003000765745e-11
2941.94,1.345297133351332e-11
2941.95,1.2925952140193459e-11
2941.96,1.244925246641828e-11
2941.97,1.2017934619682056e-11
2941.98,1.1627704416485615e-11
2941.99,1.1618414194320702e-11
2942.0,1.1301772197095329e-11
2942.01,1.101636337924118e-11
2942.02,1.0759680807777214e-11
2942.03,1.0529526098867639e-11
2942.04,1.0323970789763132e-11
2942.05,1.0141323649128313e-11
2942.06,9.980102962316418e-12
2942.07,9.839013004294638e-12
2942.08,9.71692405601361e-12
2942.09,9.612855434996976e-12
2942.1,9.525961105439121e-12
2942.11,9.455517509766715e-12
2942.12,9.400913327451452e-12
2942.13,9.361640919274204e-12
2942.14,9.337289259540439e-12
2942.15,9.327538195764773e-12
2942.16,9.332153907233206e-12
2942.17,9.350985461225331e-12
2942.18,9.383962389873277e-12
2942.19,9.431093232260416e-12
2942.2,9.492465006152072e-12
2942.21,9.568243592457392e-12
2942.22,9.658675033409804e-12
2942.23,9.764087763526434e-12
2942.24,9.884895810559167e-12
2942.25,1.0021603023227002e-11
2942.26,1.0174808403135826e-11
2942.27,1.0345212641661993e-11
2942.28,1.0533625988445716e-11
2942.29,1.0740977607895515e-11
2942.3,1.0968326615019326e-11
2942.31,1.1216875022044199e-11
2942.32,1.1487982875982343e-11
2942.33,1.1783185924119127e-11
2942.34,1.2104216214146594e-11
2942.35,1.245302611839146e-11
2942.36,1.2831816373891617e-11
2942.37,1.324306885313439e-11
2942.38,1.3689584933391332e-11
2942.39,1.417453051910626e-11
2942.4,1.4701489005277362e-11
2942.41,1.527452375754828e-11
2942.42,1.589825204726775e-11
2942.43,1.6577932831677885e-11
2942.44,1.7319571342719458e-11
2942.45,1.8130044170455547e-11
2942.46,1.9017249450822295e-11
2942.47,1.9990287944047295e-11
2942.48,2.1059682306693898e-11
2942.49,2.2237643812453488e-11
2942.5,2.35383983141715e-11
2942.51,2.4978586538036e-11
2942.52,2.657775812177256e-11
2942.53,2.8358984476701332e-11
2942.54,3.034962302092582e-11
2942.55,3.258227519287875e-11
2942.56,3.509599367792842e-11
2942.57,3.7937811482599435e-11
2942.58,4.1164688087271834e-11
2942.59,4.4845997353137907e-11
2942.6,4.90667195354233e-11
2942.61,5.393154649995864e-11
2942.62,5.957016379522996e-11
2942.63,6.614402916119969e-11
2942.64,7.385500554530044e-11
2942.65,8.295618179692928e-11
2942.66,9.37650216125926e-11
2942.67,1.0667839605736335e-10
2942.68,1.2218761068088702e-10
2942.69,1.4088831359500525e-10
2942.7,1.6347347565276141e-10
2942.71,1.9068478805789875e-10
2942.72,2.2317598868053574e-10
2942.73,2.612128445126274e-10
2942.74,3.0412194337774466e-10
2942.75,3.494805872649386e-10
2942.76,3.923510615979175e-10
2942.77,4.254179079199837e-10
2942.78,4.4106490952458206e-10
2942.79,4.3504854728152124e-10
2942.8,4.090582639254962e-10
2942.81,3.696577159855826e-10
2942.82,3.2468770747618626e-10
2942.83,2.802748421725693e-10
2942.84,2.3991048517482885e-10
2942.85,2.049478290541838e-10
2942.86,1.754596630243746e-10
2942.87,1.5091715839296702e-10
2942.88,1.305937369193871e-10
2942.89,1.1376454815687898e-10
2942.9,9.978742865845238e-11
2942.91,8.812457206630457e-11
2942.92,7.833821362646617e-11
2942.93,7.007698692119522e-11
2942.94,6.306052268666158e-11
2942.95,5.706533516832558e-11
2942.96,5.1912945144135536e-11
2942.97,4.746029430334997e-11
2942.98,4.35921743547048e-11
2942.99,4.021531180754667e-11
2943.0,3.7253767421925467e-11
2943.01,3.464536086714078e-11
2943.02,3.233888760649989e-11
2943.03,3.029194566571195e-11
2943.04,2.846923168817974e-11
2943.05,2.684119868122352e-11
2943.06,2.5382993368738996e-11
2943.07,2.407361053131017e-11
2943.08,2.2895216492504194e-11
2943.09,2.1832605087107468e-11
2943.1,2.0872757915559038e-11
2943.11,2.0004487103888696e-11
2943.12,1.9218143672982937e-11
2943.13,1.8505378343287942e-11
2943.14,1.785894445832746e-11
2943.15,1.7272534904949944e-11
2943.16,1.674064660898769e-11
2943.17,1.6258467502391788e-11
2943.18,1.5821781889393882e-11
2943.19,1.589787301031966e-11
2943.2,1.5544486430000064e-11
2943.21,1.5226817826544643e-11
2943.22,1.4942357130611656e-11
2943.23,1.468889883076497e-11
2943.24,1.4464507341954127e-11
2943.25,1.4267487526561529e-11
2943.26,1.4096359593764598e-11
2943.27,1.3949837738889096e-11
2943.28,1.3826811996613122e-11
2943.29,1.3726332873776633e-11
2943.3,1.3647598403538932e-11
2943.31,1.3589943326458564e-11
2943.32,1.3552830157136471e-11
2943.33,1.3535841940621878e-11
2943.34,1.3538676541449543e-11
2943.35,1.3561142342127221e-11
2943.36,1.3603155257705337e-11
2943.37,1.3664737000026645e-11
2943.38,1.3746014550126623e-11
2943.39,1.3847220820639786e-11
2943.4,1.3968696513027922e-11
2943.41,1.4110893197038946e-11
2943.42,1.4274377663517742e-11
2943.43,1.4459837626134524e-11
2943.44,1.4668088874797624e-11
2943.45,1.4900084012740334e-11
2943.46,1.515692294321867e-11
2943.47,1.5439865309456907e-11
2943.48,1.5750345136501586e-11
2943.49,1.6089987974943658e-11
2943.5,1.6460630908761174e-11
2943.51,1.686434586196452e-11
2943.52,1.7303466727398386e-11
2943.53,1.778062094656563e-11
2943.54,1.8298766297726348e-11
2943.55,1.886123380686353e-11
2943.56,1.9471777886536502e-11
2943.57,2.0134635044700342e-11
2943.58,2.0854592794943267e-11
2943.59,2.1637070762170075e-11
2943.6,2.248821642540935e-11
2943.61,2.3415018503859694e-11
2943.62,2.4425441696884992e-11
2943.63,2.5528587383297925e-11
2943.64,2.6734886014113266e-11
2943.65,2.805632837715397e-11
2943.66,2.950674475339782e-11
2943.67,3.1102143359809243e-11
2943.68,3.286112253228791e-11
2943.69,3.480537507894166e-11
2943.7,3.696030840366128e-11
2943.71,3.9355810770182077e-11
2943.72,4.202720294598887e-11
2943.73,4.50164261420932e-11
2943.74,4.837353252569442e-11
2943.75,5.2158564817056745e-11
2943.76,5.644393801379796e-11
2943.77,6.131747086653745e-11
2943.78,6.688625914238488e-11
2943.79,7.328163834939461e-11
2943.8,8.066555010717838e-11
2943.81,8.923869863953906e-11
2943.82,9.925094572757588e-11
2943.83,1.110144025820122e-10
2943.84,1.2491954072752938e-10
2943.85,1.4145415475719366e-10
2943.86,1.6122373704186632e-10
2943.87,1.8496890519424232e-10
2943.88,2.1356932640094298e-10
2943.89,2.480113238047755e-10
2943.9,2.892742504163268e-10
2943.91,3.380569623693132e-10
2943.92,3.9423232565216254e-10
2943.93,4.5594085655768575e-10
2943.94,5.184539962649577e-10
2943.95,5.735106674322575e-10
2943.96,6.10498566312441e-10
2943.97,6.203592219125433e-10
2943.98,6.004068723094583e-10
2943.99,5.559735655899512e-10
2944.0,4.972354236528397e-10
2944.01,4.342945717809051e-10
2944.02,3.7419181744148566e-10
2944.03,3.205356752281636e-10
2944.04,2.7445902434958923e-10
2944.05,2.357183066245453e-10
2944.06,2.0347179117267956e-10
2944.07,1.767169631637864e-10
2944.08,1.5449713213950027e-10
2944.09,1.359798447081263e-10
2944.1,1.2047293930452703e-10
2944.11,1.0741413420920783e-10
2944.12,9.635178893314231e-11
2944.13,8.692472328657162e-11
2944.14,7.884417101573793e-11
2944.15,7.187873509698591e-11
2944.16,6.584228142861326e-11
2944.17,6.058437521944774e-11
2944.18,5.598279495521212e-11
2944.19,5.1937694093082897e-11
2944.2,4.836704912526419e-11
2944.21,4.5203104004483433e-11
2944.22,4.2389583908169375e-11
2944.23,3.9879502956989115e-11
2944.24,3.763343131392328e-11
2944.25,3.5618118655512913e-11
2944.26,3.380539517760048e-11
2944.27,3.217128967997155e-11
2944.28,3.069531824368655e-11
2944.29,2.9359907622940996e-11
2944.3,2.814992554434059e-11
2944.31,2.705229627129399e-11
2944.32,2.6055684505347408e-11
2944.33,2.5150234327548657e-11
2944.34,2.4327352680437852e-11
2944.35,2.3579529066603908e-11
2944.36,2.2900184829363713e-11
2944.37,2.2283546708279417e-11
2944.38,2.1724540401480383e-11
2944.39,2.1218700691590056e-11
2944.4,2.076209534303354e-11
2944.41,2.0988555386344883e-11
2944.42,2.0624429100790575e-11
2944.43,2.0300376615586905e-11
2944.44,2.001404122369594e-11
2944.45,1.9763358780975562e-11
2944.46,1.9546528612863446e-11
2944.47,1.9361988721789917e-11
2944.48,1.920839471407968e-11
2944.49,1.9084601966148652e-11
2944.5,1.8989650632928353e-11
2944.51,1.892275317229154e-11
2944.52,1.8883284118496653e-11
2944.53,1.887077188899182e-11
2944.54,1.888489245309898e-11
2944.55,1.8925464730058518e-11
2944.56,1.899244761885443e-11
2944.57,1.908593859415833e-11
2944.58,1.9206173832519545e-11
2944.59,1.9353529861773695e-11
2944.6,1.9528526754728898e-11
2944.61,1.9731832917245237e-11
2944.62,1.996427155040748e-11
2944.63,2.0226828899013874e-11
2944.64,2.052066443310701e-11
2944.65,2.0847123149006714e-11
2944.66,2.1207750219918406e-11
2944.67,2.1604308277984585e-11
2944.68,2.203879766804085e-11
2944.69,2.2390623524313582e-11
2944.7,2.290884363642873e-11
2944.71,2.3472671047387776e-11
2944.72,2.4085335239223838e-11
2944.73,2.4750466863319438e-11
2944.74,2.547214796990536e-11
2944.75,2.6254970521337725e-11
2944.76,2.71041046779922e-11
2944.77,2.802537866237902e-11
2944.78,2.9025372394669745e-11
2944.79,3.011152757397679e-11
2944.8,3.129227748020242e-11
2944.81,3.25772005169712e-11
2944.82,3.397720245811741e-11
2944.83,3.550473354032015e-11
2944.84,3.7174048046369487e-11
2944.85,3.900151592501151e-11
2944.86,4.1005998431695984e-11
2944.87,4.320930289329432e-11
2944.88,4.563673573075576e-11
2944.89,4.831777807914507e-11
2944.9,5.128691512365459e-11
2944.91,5.4584659099205175e-11
2944.92,5.825881747269842e-11
2944.93,6.236607298968974e-11
2944.94,6.697396220486589e-11
2944.95,7.216336527107718e-11
2944.96,7.803165402376804e-11
2944.97,8.469668990389926e-11
2944.98,9.230192036887757e-11
2944.99,1.0102289387294444e-10
2945.0,1.1107559900089672e-10
2945.01,1.2272712681495665e-10
2945.02,1.363092374610112e-10
2945.03,1.5223543293621916e-10
2945.04,1.7102198400443816e-10
2945.05,1.9331278411873638e-10
2945.06,2.1990639367214179e-10
2945.07,2.5178016802000094e-10
2945.08,2.900989885558369e-10
2945.09,3.3625139390728625e-10
2945.1,3.9144035708250823e-10
2945.11,4.5677941771422886e-10
2945.12,5.323589549840036e-10
2945.13,6.161937423115452e-10
2945.14,7.027255406096753e-10
2945.15,7.817002624516051e-10
2945.16,8.390994247157523e-10
2945.17,8.616373543088431e-10
2945.18,8.433449401353079e-10
2945.19,7.891152137085423e-10
2945.2,7.117721036664457e-10
2945.21,6.255321734778718e-10
2945.22,5.411422752052969e-10
2945.23,4.6461939367128136e-10
2945.24,3.982503700138686e-10
2945.25,3.421012538527356e-10
2945.26,2.9519002410123543e-10
2945.27,2.561860981287264e-10
2945.28,2.23759941489353e-10
2945.29,1.9672790319528373e-10
2945.3,1.7409297232072494e-10
2945.31,1.5503888846336077e-10
2945.32,1.3890686380465066e-10
2945.33,1.2516851848515911e-10
2945.34,1.134006811280377e-10
2945.35,1.0326393870305216e-10
2945.36,9.448516489792611e-11
2945.37,8.684361350387432e-11
2945.38,8.015997998551988e-11
2945.39,7.428784387749744e-11
2945.4,6.910698325714552e-11
2945.41,6.451814611105325e-11
2945.42,6.043895015105644e-11
2945.43,5.6800655646454836e-11
2945.44,5.3545614357576117e-11
2945.45,5.062524339990286e-11
2945.46,4.799840807697304e-11
2945.47,4.563012465093392e-11
2945.48,4.349051451754476e-11
2945.49,4.155395687144655e-11
2945.5,3.979839883709004e-11
2945.51,3.820479113488959e-11
2945.52,3.6756624310221714e-11
2945.53,3.543954591187098e-11
2945.54,3.424104314153995e-11
2945.55,3.3150178701280236e-11
2945.56,3.215737006740414e-11
2945.57,3.125420437067662e-11
2945.58,3.043328260247276e-11
2945.59,2.968808807672551e-11
2945.6,2.901287504247959e-11
2945.61,2.8402574105906218e-11
2945.62,2.785271173633852e-11
2945.63,2.735934162182835e-11
2945.64,2.691898603962082e-11
2945.65,2.7378149797586912e-11
2945.66,2.7040327034378924e-11
2945.67,2.6747480970690717e-11
2945.68,2.64975751085051e-11
2945.69,2.6288853933791745e-11
2945.7,2.6119820322404803e-11
2945.71,2.5989216515210044e-11
2945.72,2.589600826021846e-11
2945.73,2.5839371791855264e-11
2945.74,2.5818683380552448e-11
2945.75,2.5833511239972896e-11
2945.76,2.5883609627436826e-11
2945.77,2.5968915016109584e-11
2945.78,2.6089544257119522e-11
2945.79,2.6245794686679257e-11
2945.8,2.643814616909083e-11
2945.81,2.6667265101369373e-11
2945.82,2.6934010441294277e-11
2945.83,2.723944185734869e-11
2945.84,2.758483013930082e-11
2945.85,2.797167005077209e-11
2945.86,2.8401695854177936e-11
2945.87,2.887689979201483e-11
2945.88,2.9399553872092265e-11
2945.89,2.997223537569737e-11
2945.9,3.059785659402561e-11
2945.91,3.110519664193415e-11
2945.92,3.184806267899644e-11
2945.93,3.265497915151969e-11
2945.94,3.3530604296805425e-11
2945.95,3.448016934616391e-11
2945.96,3.550955145878434e-11
2945.97,3.662535866947524e-11
2945.98,3.783502903390013e-11
2945.99,3.9146946614910167e-11
2946.0,4.0570577528354856e-11
2946.01,4.211662997236626e-11
2946.02,4.3797243050163837e-11
2946.03,4.5626210298933436e-11
2946.04,4.761924522420561e-11
2946.05,4.979429789250259e-11
2946.06,5.2171933848695287e-11
2946.07,5.477578945389455e-11
2946.08,5.763312134427968e-11
2946.09,6.077547235516472e-11
2946.1,6.423948222869521e-11
2946.11,6.8067879178982e-11
2946.12,7.231069845358925e-11
2946.13,7.702678718476031e-11
2946.14,8.22856720137971e-11
2946.15,8.81698885358981e-11
2946.16,9.477790118491767e-11
2946.17,1.022277809487494e-10
2946.18,1.106618588323426e-10
2946.19,1.2025263830724904e-10
2946.2,1.3121033290570879e-10
2946.21,1.437924972665138e-10
2946.22,1.5831633855372597e-10
2946.23,1.7517441705196613e-10
2946.24,1.9485453213364316e-10
2946.25,2.1796455230373527e-10
2946.26,2.452625838405891e-10
2946.27,2.776917534246129e-10
2946.28,3.164161301062765e-10
2946.29,3.6284821609824253e-10
2946.3,4.1864584356488e-10
2946.31,4.856320796013695e-10
2946.32,5.655495469635375e-10
2946.33,6.594997647807656e-10
2946.34,7.668680048160405e-10
2946.35,8.836102774130801e-10
2946.36,1.000239460858764e-09
2946.37,1.1009190331666554e-09
2946.38,1.1661225315413322e-09
2946.39,1.1800386532678095e-09
2946.4,1.1389635649544031e-09
2946.41,1.053526373599401e-09
2946.42,9.425578017004838e-10
2946.43,8.243675356598865e-10
2946.44,7.116375479181097e-10
2946.45,6.108781109500654e-10
2946.46,5.241536466133365e-10
2946.47,4.5103950583567017e-10
2946.48,3.9001364574602477e-10
2946.49,3.3924688480242757e-10
2946.5,2.969819273826281e-10
2946.51,2.6168101356016e-10
2946.52,2.3205924655071968e-10
2946.53,2.070683343316331e-10
2946.54,1.8586306813477055e-10
2946.55,1.677652675646589e-10
2946.56,1.5223111594215448e-10
2946.57,1.3882368864890926e-10
2946.58,1.271906998403886e-10
2946.59,1.170468290393745e-10
2946.6,1.081598254205945e-10
2946.61,1.0033962942657047e-10
2946.62,9.342986325513697e-11
2946.63,8.730116469758237e-11
2946.64,8.184594992916454e-11
2946.65,7.697428325504066e-11
2946.66,7.261060556076159e-11
2946.67,6.869113067660415e-11
2946.68,6.516176312466544e-11
2946.69,6.197642453820695e-11
2946.7,5.909570185618438e-11
2946.71,5.648575005426621e-11
2946.72,5.4117397198276084e-11
2946.73,5.19654110868278e-11
2946.74,5.000789557850978e-11
2946.75,4.8225791488236466e-11
2946.76,4.660246220222289e-11
2946.77,4.512334824108412e-11
2946.78,4.3775678192286976e-11
2946.79,4.2548225931770597e-11
2946.8,4.143110602027461e-11
2946.81,4.041560071969502e-11
2946.82,3.94940133074577e-11
2946.83,3.865954335683714e-11
2946.84,3.790618043860814e-11
2946.85,3.722861333857621e-11
2946.86,3.662215239733976e-11
2946.87,3.608266299857135e-11
2946.88,3.5606508570549567e-11
2946.89,3.5190501746497915e-11
2946.9,3.594329582064888e-11
2946.91,3.564653340383727e-11
2946.92,3.5402728125381814e-11
2946.93,3.5210129386029596e-11
2946.94,3.506728059482994e-11
2946.95,3.497300128666645e-11
2946.96,3.492637257843828e-11
2946.97,3.492672567502175e-11
2946.98,3.497363319739765e-11
2946.99,3.5066903160494136e-11
2947.0,3.5206575478174695e-11
2947.01,3.539292091911116e-11
2947.02,3.562644248149518e-11
2947.03,3.5907879197480355e-11
2947.04,3.623821242114075e-11
2947.05,3.6618674698473935e-11
2947.06,3.705076136394917e-11
2947.07,3.7536245059348384e-11
2947.08,3.807719342505082e-11
2947.09,3.8675990277212684e-11
2947.1,3.943992701777897e-11
2947.11,4.016367015563925e-11
2947.12,4.095459009529939e-11
2947.13,4.157058444598323e-11
2947.14,4.250973331188635e-11
2947.15,4.35294066426832e-11
2947.16,4.463519172750664e-11
2947.17,4.5833354114133026e-11
2947.18,4.713092091570964e-11
2947.19,4.853577756604781e-11
2947.2,5.0056780393236954e-11
2947.21,5.1703887876237116e-11
2947.22,5.348831404882262e-11
2947.23,5.542270826439753e-11
2947.24,5.75213664534621e-11
2947.25,5.980048015879227e-11
2947.26,6.227843106276664e-11
2947.27,6.497614052652337e-11
2947.28,6.791748592647562e-11
2947.29,7.112979844484166e-11
2947.3,7.464446062677278e-11
2947.31,7.849762667174035e-11
2947.32,8.273109441588358e-11
2947.33,8.739336565507826e-11
2947.34,9.254094143239421e-11
2947.35,9.82399118380613e-11
2947.36,1.0456791673827574e-10
2947.37,1.1161657585879846e-10
2947.38,1.1949451550024535e-10
2947.39,1.2833115692167352e-10
2947.4,1.3828148087876493e-10
2947.41,1.4953204718568137e-10
2947.42,1.6230863137606694e-10
2947.43,1.7688594621293136e-10
2947.44,1.9360004627799575e-10
2947.45,2.1286416629916819e-10
2947.46,2.3518890306901177e-10
2947.47,2.6120777240224e-10
2947.48,2.9170914978682414e-10
2947.49,3.276751972098609e-10
2947.5,3.703270817037008e-10
2947.51,4.2117256454786923e-10
2947.52,4.82044845122751e-10
2947.53,5.551066077758425e-10
2947.54,6.427642690656037e-10
2947.55,7.473862830455363e-10
2947.56,8.706429871047631e-10
2947.57,1.0122124575173948e-09
2947.58,1.1676529725841054e-09
2947.59,1.3257329836599718e-09
2947.6,1.4667793392642331e-09
2947.61,1.5651325768098732e-09
2947.62,1.5979237642710627e-09
2947.63,1.5566033873546865e-09
2947.64,1.4519842317055749e-09
2947.65,1.3079276038854273e-09
2947.66,1.1497045143329434e-09
2947.67,9.959641832524596e-10
2947.68,8.569676354009944e-10
2947.69,7.365089226156432e-10
2947.7,6.345690156345835e-10
2947.71,5.493398454576044e-10
2947.72,4.784258006451293e-10
2947.73,4.194444457764889e-10
2947.74,3.702759742714215e-10
2947.75,3.291335223324028e-10
2947.76,2.9455273806252394e-10
2947.77,2.65351006036109e-10
2947.78,2.405799373361422e-10
2947.79,2.1948104138760916e-10
2947.8,2.014479545977298e-10
2947.81,1.859957007521068e-10
2947.82,1.7273631839778947e-10
2947.83,1.6135985908353353e-10
2947.84,1.5161977422571926e-10
2947.85,1.433218516205863e-10
2947.86,1.3631603955602152e-10
2947.87,1.3049066891141878e-10
2947.88,1.257687389107388e-10
2947.89,1.2210606782269628e-10
2947.9,1.1949122383745407e-10
2947.91,1.1794723386674333e-10
2947.92,1.1753508823283816e-10
2947.93,1.1835893935647667e-10
2947.94,1.2057245467268857e-10
2947.95,1.2438464634608942e-10
2947.96,1.300608964938757e-10
2947.97,1.379094453701892e-10
2947.98,1.4823336106193841e-10
2947.99,1.6121214854803032e-10
2948.0,1.7666331766331774e-10
2948.01,1.9365717165234406e-10
2948.02,2.1009746591265792e-10
2948.03,2.226847420277139e-10
2948.04,2.2785716831575275e-10
2948.05,2.236286098302668e-10
2948.06,2.10886737862849e-10
2948.07,1.9278153144565438e-10
2948.08,1.7287497509143608e-10
2948.09,1.537577069267619e-10
2948.1,1.3675755409009173e-10
2948.11,1.2227597906860688e-10
2948.12,1.1021369451291415e-10
2948.13,1.0026772631596785e-10
2948.14,9.209073036587127e-11
2948.15,8.536096129388452e-11
2948.16,8.123487749944386e-11
2948.17,7.664061777314476e-11
2948.18,7.282196504754959e-11
2948.19,6.963932026782096e-11
2948.2,6.698277461914847e-11
2948.21,6.47657205093389e-11
2948.22,6.29197217268055e-11
2948.23,6.139050442263364e-11
2948.24,6.013486556338614e-11
2948.25,5.911830269791159e-11
2948.26,5.831319945151547e-11
2948.27,5.769743512301378e-11
2948.28,5.7253316916475746e-11
2948.29,5.696675782932738e-11
2948.3,5.6826642267166716e-11
2948.31,5.682433594605375e-11
2948.32,5.695330754069467e-11
2948.33,5.720883769964987e-11
2948.34,5.758779716193211e-11
2948.35,5.808848030471351e-11
2948.36,5.836881324065887e-11
2948.37,5.911508467869579e-11
2948.38,5.998545578910226e-11
2948.39,6.098305491597007e-11
2948.4,6.211215810330414e-11
2948.41,6.337821648921694e-11
2948.42,6.478790767712964e-11
2948.43,6.634921151123678e-11
2948.44,6.807151154498114e-11
2948.45,6.996572436397591e-11
2948.46,7.204445986986592e-11
2948.47,7.432221667924848e-11
2948.48,7.681561801423397e-11
2948.49,7.954369489936778e-11
2948.5,8.252822523209972e-11
2948.51,8.579413942925739e-11
2948.52,8.937000601560898e-11
2948.53,9.328861384219768e-11
2948.54,9.758767181322657e-11
2948.55,1.0231065232463273e-10
2948.56,1.0750781139186178e-10
2948.57,1.1323742715549435e-10
2948.58,1.195673096474415e-10
2948.59,1.265766492162483e-10
2948.6,1.3435828983076192e-10
2948.61,1.430215380499261e-10
2948.62,1.5269565050842135e-10
2948.63,1.6353418477668756e-10
2948.64,1.7572045338023217e-10
2948.65,1.8947439254183918e-10
2948.66,2.050612503296765e-10
2948.67,2.2280261850082193e-10
2948.68,2.430904826772154e-10
2948.69,2.664051478116776e-10
2948.7,2.9333810166360446e-10
2948.71,3.246210773049865e-10
2948.72,3.61162684403149e-10
2948.73,4.040938080124459e-10
2948.74,4.548221072611502e-10
2948.75,5.150935170952857e-10
2948.76,5.870529171681475e-10
2948.77,6.732837257929475e-10
2948.78,7.767810944566744e-10
2948.79,9.007662595230903e-10
2948.8,1.0481703993708676e-09
2948.81,1.2205098861158925e-09
2948.82,1.415810754169358e-09
2948.83,1.6254564063033344e-09
2948.84,1.830799210839146e-09
2948.85,2.0023493229904247e-09
2948.86,2.105793143707169e-09
2948.87,2.115817758695252e-09
2948.88,2.0297888475543743e-09
2948.89,1.8693197226562832e-09
2948.9,1.6681979793636359e-09
2948.91,1.4576488246697786e-09
2948.92,1.2585917463144916e-09
2948.93,1.0814142472206206e-09
2948.94,9.291425304109165e-10
2948.95,8.007590661572099e-10
2948.96,6.93501039205183e-10
2948.97,6.041492381935178e-10
2948.98,5.296406639316012e-10
2948.99,4.673036371478016e-10
2949.0,4.149070708003031e-10
2949.01,3.706294547225363e-10
2949.02,3.3300022292187266e-10
2949.03,3.0083751612521204e-10
2949.04,2.731919856816443e-10
2949.05,2.492995444997116e-10
2949.06,2.2854305549633727e-10
2949.07,2.10421857709003e-10
2949.08,1.9468067562169285e-10
2949.09,1.806801552491976e-10
2949.1,1.6829655692530755e-10
2949.11,1.573015428975428e-10
2949.12,1.4750497340085175e-10
2949.13,1.38747706835876e-10
2949.14,1.3089588755382166e-10
2949.15,1.2383639281323033e-10
2949.16,1.1747318615758222e-10
2949.17,1.1172438242529279e-10
2949.18,1.065198739412939e-10
2949.19,1.0179940127270582e-10
2949.2,9.751097784119625e-11
2949.21,9.360959751851817e-11
2949.22,9.005616961132206e-11
2949.23,8.681663740974612e-11
2949.24,8.386124561548939e-11
2949.25,8.116392905761863e-11
2949.26,7.870180066533738e-11
2949.27,7.645472101573385e-11
2949.28,7.440493521456394e-11
2949.29,7.25367655870138e-11
2949.3,7.083635081517596e-11
2949.31,6.929142389181184e-11
2949.32,6.789112264011564e-11
2949.33,6.662582767070754e-11
2949.34,6.548702354534807e-11
2949.35,6.446717965474683e-11
2949.36,6.355964791238502e-11
2949.37,6.275857486010252e-11
2949.38,6.205882618154809e-11
2949.39,6.145592195601172e-11
2949.4,6.094598125983697e-11
2949.41,6.052567495634459e-11
2949.42,6.019218570787321e-11
2949.43,6.174425787427743e-11
2949.44,6.158892476634157e-11
2949.45,6.151482281111884e-11
2949.46,6.152090249791388e-11
2949.47,6.160651103460372e-11
2949.48,6.177138318556266e-11
2949.49,6.20156361148472e-11
2949.5,6.23397681232135e-11
2949.51,6.27446612347009e-11
2949.52,6.3231587654961e-11
2949.53,6.380222018950221e-11
2949.54,6.445864677787248e-11
2949.55,6.520338937257456e-11
2949.56,6.603942746749057e-11
2949.57,6.697022666747021e-11
2949.58,6.79997727838262e-11
2949.59,6.913261205069548e-11
2949.6,6.990731490331843e-11
2949.61,7.126575396787558e-11
2949.62,7.274497071750034e-11
2949.63,7.435230628111554e-11
2949.64,7.609598578595846e-11
2949.65,7.7985216373769e-11
2949.66,8.003030045353447e-11
2949.67,8.224276667487531e-11
2949.68,8.463552158927567e-11
2949.69,8.722302556525057e-11
2949.7,9.002149724058139e-11
2949.71,9.30491516870698e-11
2949.72,9.632647854473475e-11
2949.73,9.987656773436283e-11
2949.74,1.0372549201506657e-10
2949.75,1.0790275773718462e-10
2949.76,1.1244183772486016e-10
2949.77,1.1738080348915904e-10
2949.78,1.2276307807624905e-10
2949.79,1.28638336060919e-10
2949.8,1.3506358383299045e-10
2949.81,1.421044617876414e-10
2949.82,1.4983682093778957e-10
2949.83,1.5834864050339642e-10
2949.84,1.6774237126913708e-10
2949.85,1.7813781318794121e-10
2949.86,1.8967566669819033e-10
2949.87,2.0252193776418447e-10
2949.88,2.168734299306588e-10
2949.89,2.329646265826628e-10
2949.9,2.5107635830347696e-10
2949.91,2.7154676967198224e-10
2949.92,2.947852538740201e-10
2949.93,3.2129021768296607e-10
2949.94,3.516717747704003e-10
2949.95,3.8668072847391396e-10
2949.96,4.272454484201819e-10
2949.97,4.745183416557653e-10
2949.98,5.299332706141599e-10
2949.99,5.952738233676554e-10
2950.0,6.727484411490975e-10
2950.01,7.650594283722255e-10
2950.02,8.754342764767055e-10
2950.03,1.0075534447471801e-09
2950.04,1.1652563058457936e-09
2950.05,1.3518555958761727e-09
2950.06,1.5689132322005226e-09
2950.07,1.8145363580007172e-09
2950.08,2.0815540933962038e-09
2950.09,2.3557815587380754e-09
2950.1,2.6139946778918518e-09
2950.11,2.822621764830128e-09
2950.12,2.942252921895963e-09
2950.13,2.9422298428644282e-09
2950.14,2.818070134233878e-09
2950.15,2.595899338686768e-09
2950.16,2.3189407831023393e-09
2950.17,2.0285619044293674e-09
2950.18,1.7532539868927923e-09
2950.19,1.507555073437097e-09
2950.2,1.2959406615012755e-09
2950.21,1.1172289142843148e-09
2950.22,9.677341102137365e-10
2950.23,8.430721442392411e-10
2950.24,7.390343198517478e-10
2950.25,6.519313637913076e-10
2950.26,5.786728573742945e-10
2950.27,5.167304998217408e-10
2950.28,4.640601549184603e-10
2950.29,4.190172581173054e-10
2950.3,3.802797168469402e-10
2950.31,3.4678275539456736e-10
2950.32,3.176659187843681e-10
2950.33,2.922308309641065e-10
2950.34,2.6990787416007987e-10
2950.35,2.5023002666339097e-10
2950.36,2.3281234250073613e-10
2950.37,2.17335836409351e-10
2950.38,2.0353479410724656e-10
2950.39,1.9118674334218487e-10
2950.4,1.8010449413268535e-10
2950.41,1.701297921999571e-10
2950.42,1.61128234328178e-10
2950.43,1.5298517483830823e-10
2950.44,1.4560241384501482e-10
2950.45,1.388955050220991e-10
2950.46,1.3279155656722368e-10
2950.47,1.2722742668470892e-10
2950.48,1.2214823612187488e-10
2950.49,1.1750613670987227e-10
2950.5,1.1325928755166607e-10
2950.51,1.0937100040657553e-10
2950.52,1.0580902353923225e-10
2950.53,1.0254493937836017e-10
2950.54,9.955365611501782e-11
2950.55,9.681297715467976e-11
2950.56,9.430323536010765e-11
2950.57,9.200698142063429e-11
2950.58,8.990871762315907e-11
2950.59,8.799466984812851e-11
2950.6,8.625259187909033e-11
2950.61,8.467159712989777e-11
2950.62,8.324201373286268e-11
2950.63,8.195525960815865e-11
2950.64,8.080373470067872e-11
2950.65,7.978072802939659e-11
2950.66,7.888033758245039e-11
2950.67,7.809740140773265e-11
2950.68,7.742743852004515e-11
2950.69,7.686659846884807e-11
2950.7,7.641161860444519e-11
2950.71,7.605978824167922e-11
2950.72,7.805266253452527e-11
2950.73,7.791482163567278e-11
2950.74,7.787516896835987e-11
2950.75,7.793296226362397e-11
2950.76,7.808791645024127e-11
2950.77,7.834019919284068e-11
2950.78,7.869043086964731e-11
2950.79,7.913968897476041e-11
2950.8,7.9689517003751e-11
2950.81,8.03419379550046e-11
2950.82,8.109947265801013e-11
2950.83,8.196516322101017e-11
2950.84,8.230974382356005e-11
2950.85,8.340701855489275e-11
2950.86,8.462498704952514e-11
2950.87,8.596912943619645e-11
2950.88,8.744565832375034e-11
2950.89,8.906158499606257e-11
2950.9,9.082479605391149e-11
2950.91,9.274414197443842e-11
2950.92,9.482953934200286e-11
2950.93,9.709208883139943e-11
2950.94,9.954421142748695e-11
2950.95,1.0219980583779383e-10
2950.96,1.0507443063882103e-10
2950.97,1.0818551539061308e-10
2950.98,1.1155260581484071e-10
2950.99,1.1519764916648989e-10
2951.0,1.1914532721788816e-10
2951.01,1.2335428641455635e-10
2951.02,1.2799469621423806e-10
2951.03,1.3303243540224105e-10
2951.04,1.3872747490189467e-10
2951.05,1.4468759322449588e-10
2951.06,1.5118325525815802e-10
2951.07,1.5827410317219223e-10
2951.08,1.6602853058601444e-10
2951.09,1.7452522312831666e-10
2951.1,1.838550198525762e-10
2951.11,1.9412317218251225e-10
2951.12,2.0545209762831113e-10
2951.13,2.1798475220128772e-10
2951.14,2.318887800617954e-10
2951.15,2.4736164408932393e-10
2951.16,2.6463699992546927e-10
2951.17,2.839926530062736e-10
2951.18,3.057605384120554e-10
2951.19,3.303392938034315e-10
2951.2,3.582101636655354e-10
2951.21,3.899571863070928e-10
2951.22,4.2629287810524307e-10
2951.23,4.680909382861578e-10
2951.24,5.164278242405352e-10
2951.25,5.726353117941094e-10
2951.26,6.383661613152055e-10
2951.27,7.156743245752978e-10
2951.28,8.07108826962264e-10
2951.29,9.158146651315751e-10
2951.3,1.0456210830720071e-09
2951.31,1.2010705712934254e-09
2951.32,1.3872892497253932e-09
2951.33,1.6095047926348806e-09
2951.34,1.8718709765681934e-09
2951.35,2.17509400218342e-09
2951.36,2.512367421374401e-09
2951.37,2.863832518276753e-09
2951.38,3.191959575679405e-09
2951.39,3.443587933168287e-09
2951.4,3.5647123234451384e-09
2951.41,3.5249716667574316e-09
2951.42,3.334702812886702e-09
2951.43,3.038895013830595e-09
2951.44,2.6938550036505624e-09
2951.45,2.3460914595103616e-09
2951.46,2.024194262782395e-09
2951.47,1.7409331839930134e-09
2951.48,1.4988312841931944e-09
2951.49,1.2951080765700212e-09
2951.5,1.1248780026164626e-09
2951.51,9.82869581356196e-10
2951.52,8.642093229061945e-10
2951.53,7.646997660089418e-10
2951.54,6.808546166644947e-10
2951.55,6.098324935951813e-10
2951.56,5.493387897890662e-10
2951.57,4.975267791171251e-10
2951.58,4.529100453245785e-10
2951.59,4.142894561955605e-10
2951.6,3.806941375330341e-10
2951.61,3.513345487392553e-10
2951.62,3.255654906011243e-10
2951.63,3.028570434923826e-10
2951.64,2.8277174440081814e-10
2951.65,2.6494663494310456e-10
2951.66,2.4907910068171605e-10
2951.67,2.3491566058245065e-10
2951.68,2.2224305586700149e-10
2951.69,2.1088113623965801e-10
2951.7,2.0067715646535086e-10
2951.71,1.9150118454407225e-10
2951.72,1.8324239045192281e-10
2951.73,1.7580603629006158e-10
2951.74,1.69111028596575e-10
2951.75,1.6308792431717255e-10
2951.76,1.576773058138238e-10
2951.77,1.5282845891070146e-10
2951.78,1.4849830269227606e-10
2951.79,1.4465053152171885e-10
2951.8,1.412549393170775e-10
2951.81,1.3828690414055817e-10
2951.82,1.357270180832518e-10
2951.83,1.335608537406424e-10
2951.84,1.3177886462771035e-10
2951.85,1.303764231074026e-10
2951.86,1.2935400619325027e-10
2951.87,1.2871754745082823e-10
2951.88,1.2847898273159325e-10
2951.89,1.2865702938511253e-10
2951.9,1.2927825383539437e-10
2951.91,1.3037850216120452e-10
2951.92,1.320047940124066e-10
2951.93,1.342178134201602e-10
2951.94,1.370951722660669e-10
2951.95,1.4073567377318081e-10
2951.96,1.452648616838124e-10
2951.97,1.5084219517013976e-10
2951.98,1.5767021101897052e-10
2951.99,1.660059533393496e-10
2952.0,1.761746093873694e-10
2952.01,1.9131086117596604e-10
2952.02,2.0648220702020377e-10
2952.03,2.2500105939460165e-10
2952.04,2.4754244756143796e-10
2952.05,2.747638630021368e-10
2952.06,3.070865393336579e-10
2952.07,3.4425982145260446e-10
2952.08,3.8465444257293696e-10
2952.09,4.244526731840186e-10
2952.1,4.565745590960956e-10
2952.11,4.754761961629004e-10
2952.12,4.753954965096423e-10
2952.13,4.5671004035843917e-10
2952.14,4.248479968341237e-10
2952.15,3.8707758131452777e-10
2952.16,3.4937473946314414e-10
2952.17,3.1525311024031595e-10
2952.18,2.861300366333699e-10
2952.19,2.621480869288574e-10
2952.2,2.4284922561240265e-10
2952.21,2.2757801737231155e-10
2952.22,2.156794828988442e-10
2952.23,2.0657836203531203e-10
2952.24,1.9979983378946043e-10
2952.25,1.9496509862584092e-10
2952.26,1.917782568435686e-10
2952.27,1.9001179425288283e-10
2952.28,1.8949353130039295e-10
2952.29,1.9009587481107202e-10
2952.3,1.9172737719152242e-10
2952.31,1.943263156256623e-10
2952.32,1.9785594481582581e-10
2952.33,2.023011088660096e-10
2952.34,2.0766595846380702e-10
2952.35,2.1397258309616014e-10
2952.36,2.2126042583734708e-10
2952.37,2.2958639856355948e-10
2952.38,2.390256595566358e-10
2952.39,2.4967305556463637e-10
2952.4,2.616452691815025e-10
2952.41,2.750837525575804e-10
2952.42,2.9015857300522145e-10
2952.43,3.070733481862148e-10
2952.44,3.260715122398132e-10
2952.45,3.4744423394498783e-10
2952.46,3.715404097283287e-10
2952.47,3.987792849151892e-10
2952.48,4.2966642476178736e-10
2952.49,4.648139717736265e-10
2952.5,5.049663970416845e-10
2952.51,5.510332856421438e-10
2952.52,6.041310824226864e-10
2952.53,6.656361257279391e-10
2952.54,7.372516035278548e-10
2952.55,8.210910178370866e-10
2952.56,9.197797622333273e-10
2952.57,1.0365732906423562e-09
2952.58,1.1754826214465024e-09
2952.59,1.3413807829106078e-09
2952.6,1.54002841706427e-09
2952.61,1.7778883200860335e-09
2952.62,2.0614772117057812e-09
2952.63,2.3958171675658495e-09
2952.64,2.7813510102267594e-09
2952.65,3.2087332376738985e-09
2952.66,3.6518745539705384e-09
2952.67,4.062438605141084e-09
2952.68,4.37310396152823e-09
2952.69,4.516870407899402e-09
2952.7,4.4577269653018205e-09
2952.71,4.210868854761336e-09
2952.72,3.8338772950735285e-09
2952.73,3.397278689549189e-09
2952.74,2.958711146485008e-09
2952.75,2.5533532933248463e-09
2952.76,2.19678640801605e-09
2952.77,1.8919622655525982e-09
2952.78,1.6353142186321156e-09
2952.79,1.4206977945776574e-09
2952.8,1.2415069187329129e-09
2952.81,1.0916389360024718e-09
2952.82,9.658367223186554e-10
2952.83,8.597312996612106e-10
2952.84,7.697591875432762e-10
2952.85,6.930402477367035e-10
2952.86,6.272545290717694e-10
2952.87,5.705331086476509e-10
2952.88,5.213669672466774e-10
2952.89,4.785332554878796e-10
2952.9,4.4103661576176477e-10
2952.91,4.0806287735444763e-10
2952.92,3.7894264254328985e-10
2952.93,3.5312266188397336e-10
2952.94,3.301432963732011e-10
2952.95,3.096207208509343e-10
2952.96,2.9123281889130086e-10
2952.97,2.747079560286828e-10
2952.98,2.5981600318831877e-10
2952.99,2.4667256768636084e-10
2953.0,2.344893998322622e-10
2953.01,2.2343235452461193e-10
2953.02,2.1337772666280619e-10
2953.03,2.042185658620666e-10
2953.04,1.9586208595872111e-10
2953.05,1.8822752513848357e-10
2953.06,1.812443707678337e-10
2953.07,1.7485088069734961e-10
2953.08,1.6899284665295094e-10
2953.09,1.6362255614268462e-10
2953.1,1.5859526773622286e-10
2953.11,1.54079749648007e-10
2953.12,1.4993971254853928e-10
2953.13,1.461459224800737e-10
2953.14,1.4267241107419897e-10
2953.15,1.3949608594981742e-10
2953.16,1.3659639654954846e-10
2953.17,1.3395504688855642e-10
2953.18,1.3155574815910905e-10
2953.19,1.2938400531743276e-10
2953.2,1.274269327651085e-10
2953.21,1.2567309503470377e-10
2953.22,1.2411236906129392e-10
2953.23,1.2273582516772232e-10
2953.24,1.2153562435728317e-10
2953.25,1.2050492988830264e-10
2953.26,1.1963783143403372e-10
2953.27,1.189292804026909e-10
2953.28,1.1837503522894384e-10
2953.29,1.1797161564870705e-10
2953.3,1.1771626514241795e-10
2953.31,1.1760692088584173e-10
2953.32,1.209114802308262e-10
2953.33,1.2111037774281226e-10
2953.34,1.2145323661088026e-10
2953.35,1.2194060466505692e-10
2953.36,1.2257367143470583e-10
2953.37,1.2225360151864017e-10
2953.38,1.2319100088884615e-10
2953.39,1.242815651560564e-10
2953.4,1.2552919213150758e-10
2953.41,1.269385240774102e-10
2953.42,1.2851498904974867e-10
2953.43,1.302648504024488e-10
2953.44,1.3219526525191255e-10
2953.45,1.3431435286202418e-10
2953.46,1.3663127410448705e-10
2953.47,1.391563233638288e-10
2953.48,1.419010345187801e-10
2953.49,1.4487830292632098e-10
2953.5,1.481025256972109e-10
2953.51,1.5158976296604598e-10
2953.52,1.5535792336866237e-10
2953.53,1.594269775372832e-10
2953.54,1.6381920414620538e-10
2953.55,1.6855947392021226e-10
2953.56,1.736755780648255e-10
2953.57,1.7919860887522312e-10
2953.58,1.8516340183621232e-10
2953.59,1.9160905046219547e-10
2953.6,1.9857950747447326e-10
2953.61,2.0612428884876907e-10
2953.62,2.1429930086570232e-10
2953.63,2.2316781481948634e-10
2953.64,2.3280161964610809e-10
2953.65,2.4328238981677893e-10
2953.66,2.5470331471609966e-10
2953.67,2.6717104701257067e-10
2953.68,2.808080418106794e-10
2953.69,2.9575537666940743e-10
2953.7,3.121761659403425e-10
2953.71,3.302597130254384e-10
2953.72,3.502265829910928e-10
2953.73,3.7233482839175865e-10
2953.74,3.968876665454406e-10
2953.75,4.242429917420471e-10
2953.76,4.54825216768382e-10
2953.77,4.891400825864727e-10
2953.78,5.277932621768837e-10
2953.79,5.715138253794967e-10
2953.8,6.211839370369464e-10
2953.81,6.77876538213218e-10
2953.82,7.429032060159028e-10
2953.83,8.178748671623053e-10
2953.84,9.047784521421038e-10
2953.85,1.0060726700656311e-09
2953.86,1.1248053022831892e-09
2953.87,1.264751574363025e-09
2953.88,1.430565865922049e-09
2953.89,1.6279225301403624e-09
2953.9,1.8635870857107784e-09
2953.91,2.1452912710902164e-09
2953.92,2.4811621011624998e-09
2953.93,2.8782562850929534e-09
2953.94,3.33950438144614e-09
2953.95,3.8582776937540615e-09
2953.96,4.410475120427223e-09
2953.97,4.946587223940817e-09
2953.98,5.390941364778698e-09
2953.99,5.658064568994506e-09
2954.0,5.687129342045379e-09
2954.01,5.47433436292648e-09
2954.02,5.075380571678788e-09
2954.03,4.575699752442411e-09
2954.04,4.054693277493747e-09
2954.05,3.5666453632734307e-09
2954.06,3.1396664204821805e-09
2954.07,2.7829508724685395e-09
2954.08,2.4943866124321282e-09
2954.09,2.2654500123181577e-09
2954.1,2.083437346997776e-09
2954.11,1.9325499312137513e-09
2954.12,1.7959529786298097e-09
2954.13,1.6599766892464102e-09
2954.14,1.5185302556051955e-09
2954.15,1.373820153766799e-09
2954.16,1.232555347953126e-09
2954.17,1.1012085616365913e-09
2954.18,9.835707320743885e-10
2954.19,8.807058963055595e-10
2954.2,7.919084859829526e-10
2954.21,7.156434393435562e-10
2954.22,6.501515528339455e-10
2954.23,5.937561214671707e-10
2954.24,5.449843139013099e-10
2954.25,5.025933953198626e-10
2954.26,4.655552517443123e-10
2954.27,4.3302654954373233e-10
2954.28,4.043170098605985e-10
2954.29,3.7886075525852757e-10
2954.3,3.561921843656115e-10
2954.31,3.35926343944072e-10
2954.32,3.1774322867956445e-10
2954.33,3.013753173538453e-10
2954.34,2.8659769911560926e-10
2954.35,2.732202426006031e-10
2954.36,2.6108136575075716e-10
2954.37,2.5004305772700464e-10
2954.38,2.3998688135887496e-10
2954.39,2.3081074581255796e-10
2954.4,2.2242628675376783e-10
2954.41,2.1475672800266478e-10
2954.42,2.0773512678722292e-10
2954.43,2.0130292628570636e-10
2954.44,1.9540875566551215e-10
2954.45,1.9000743057297542e-10
2954.46,1.850591168372146e-10
2954.47,1.8052862779298366e-10
2954.48,1.7638483155326786e-10
2954.49,1.7260014923247912e-10
2954.5,1.69150128772608e-10
2954.51,1.660130819384714e-10
2954.52,1.6316977434611936e-10
2954.53,1.6060316024154473e-10
2954.54,1.5829815523032111e-10
2954.55,1.5624144135488568e-10
2954.56,1.5442129989797978e-10
2954.57,1.528274680806618e-10
2954.58,1.5145101648454234e-10
2954.59,1.5028424456366862e-10
2954.6,1.4932059206712445e-10
2954.61,1.485545645668903e-10
2954.62,1.4798167160865007e-10
2954.63,1.4759837627276447e-10
2954.64,1.5124471160815125e-10
2954.65,1.512566690017371e-10
2954.66,1.5003682651741907e-10
2954.67,1.5042653767866207e-10
2954.68,1.510015257281284e-10
2954.69,1.5176345951583313e-10
2954.7,1.527148693825332e-10
2954.71,1.5385916791223558e-10
2954.72,1.5520067941142302e-10
2954.73,1.5674467856024187e-10
2954.74,1.5849743883600862e-10
2954.75,1.6046629148550865e-10
2954.76,1.6265969600988705e-10
2954.77,1.6508732334556815e-10
2954.78,1.6776015316830972e-10
2954.79,1.7069058703032642e-10
2954.8,1.7389257937464843e-10
2954.81,1.7738178885069726e-10
2954.82,1.811757528190783e-10
2954.83,1.8529408846531675e-10
2954.84,1.8975872459647827e-10
2954.85,1.945941689555902e-10
2954.86,1.9982781682819202e-10
2954.87,2.0549030782306816e-10
2954.88,2.116159390807524e-10
2954.89,2.1824314480109164e-10
2954.9,2.2541505401561845e-10
2954.91,2.3318014098849166e-10
2954.92,2.4159298569555333e-10
2954.93,2.5071516557671607e-10
2954.94,2.6105324143766043e-10
2954.95,2.718150212514871e-10
2954.96,2.835243522413329e-10
2954.97,2.9628338379036826e-10
2954.98,3.102088338165878e-10
2954.99,3.2543447587264583e-10
2955.0,3.4211412901670845e-10
2955.01,3.6042526702451547e-10
2955.02,3.805733939768609e-10
2955.03,4.027973723975979e-10
2955.04,4.273759406909845e-10
2955.05,4.546357221878795e-10
2955.06,4.849611131432171e-10
2955.07,5.188065477481635e-10
2955.08,5.567117820434648e-10
2955.09,5.993210254564299e-10
2955.1,6.474069897000801e-10
2955.11,7.019012330575752e-10
2955.12,7.639325648259477e-10
2955.13,8.348757451889718e-10
2955.14,9.164132544786422e-10
2955.15,1.010613450552032e-09
2955.16,1.1200288146743126e-09
2955.17,1.2476670220602627e-09
2955.18,1.3977425143564631e-09
2955.19,1.5749389809472138e-09
2955.2,1.7851941579021883e-09
2955.21,2.0356959263882397e-09
2955.22,2.3349091833706198e-09
2955.23,2.6922941108518318e-09
2955.24,3.1173573672903533e-09
2955.25,3.6174191944301726e-09
2955.26,4.193206931761414e-09
2955.27,4.831451282177359e-09
2955.28,5.494977008463048e-09
2955.29,6.114619853518015e-09
2955.3,6.5930234309112844e-09
2955.31,6.830857646569781e-09
2955.32,6.7703757062122226e-09
2955.33,6.426873020248269e-09
2955.34,5.8799595128094095e-09
2955.35,5.232855117229885e-09
2955.36,4.573429192151018e-09
2955.37,3.957610421332804e-09
2955.38,3.4118176333062607e-09
2955.39,2.942655899175451e-09
2955.4,2.54606425362804e-09
2955.41,2.2134675502267143e-09
2955.42,1.9351996977417556e-09
2955.43,1.7021318138417932e-09
2955.44,1.5062976095591443e-09
2955.45,1.3410207354771042e-09
2955.46,1.2008240046318769e-09
2955.47,1.0812620606424887e-09
2955.48,9.787431972112127e-10
2955.49,8.903673844538794e-10
2955.5,8.137890622503178e-10
2955.51,7.47105059324544e-10
2955.52,6.887648073846437e-10
2955.53,6.374991473704232e-10
2955.54,5.922641419421795e-10
2955.55,5.521967858306851e-10
2955.56,5.165800605922155e-10
2955.57,4.848152957244097e-10
2955.58,4.5640023562236476e-10
2955.59,4.3091156614262667e-10
2955.6,4.0799093459765794e-10
2955.61,3.873337149186483e-10
2955.62,3.686799382447746e-10
2955.63,3.5180693878719095e-10
2955.64,3.365233645849122e-10
2955.65,3.2266427943945045e-10
2955.66,3.100871415325814e-10
2955.67,2.9866848994243124e-10
2955.68,2.8830120583512596e-10
2955.69,2.788922427607836e-10
2955.7,2.7036074221132806e-10
2955.71,2.6263646765739656e-10
2955.72,2.5565850386616765e-10
2955.73,2.493741791130026e-10
2955.74,2.4373817667496367e-10
2955.75,2.387118091317701e-10
2955.76,2.342624349766608e-10
2955.77,2.303630020963362e-10
2955.78,2.269917071405401e-10
2955.79,2.2413176385882383e-10
2955.8,2.217712773544378e-10
2955.81,2.1990322511656053e-10
2955.82,2.1852554982829912e-10
2955.83,2.1764137358763463e-10
2955.84,2.1725934858208932e-10
2955.85,2.173941658100506e-10
2955.86,2.1806725158242774e-10
2955.87,2.1930769187592922e-10
2955.88,2.2115343791513785e-10
2955.89,2.2365286365500382e-10
2955.9,2.2686676844689796e-10
2955.91,2.30870947775211e-10
2955.92,2.35759493638508e-10
2955.93,2.416490362619764e-10
2955.94,2.486842026968094e-10
2955.95,2.5704464665899533e-10
2955.96,2.6695409545261305e-10
2955.97,2.8133885137779993e-10
2955.98,2.952921364891035e-10
2955.99,3.1186255576225764e-10
2956.0,3.3160018363121396e-10
2956.01,3.5519201476326383e-10
2956.02,3.834875818685186e-10
2956.03,4.1751607755292087e-10
2956.04,4.58475407193755e-10
2956.05,5.076524469881149e-10
2956.06,5.661978094571789e-10
2956.07,6.346304447180294e-10
2956.08,7.119233678706832e-10
2956.09,7.941426129133885e-10
2956.1,8.731031526694773e-10
2956.11,9.364237824443926e-10
2956.12,9.707747262637455e-10
2956.13,9.680432154552958e-10
2956.14,9.301198943568298e-10
2956.15,8.677362275164042e-10
2956.16,7.945319243183681e-10
2956.17,7.216270754365825e-10
2956.18,6.55645344004142e-10
2956.19,5.993676532007568e-10
2956.2,5.531879265110127e-10
2956.21,5.163343907730357e-10
2956.22,4.876223268657747e-10
2956.23,4.658379932315504e-10
2956.24,4.499017934393913e-10
2956.25,4.38918193116309e-10
2956.26,4.3217459454795584e-10
2956.27,4.291209962488359e-10
2956.28,4.293452622957591e-10
2956.29,4.325502033704303e-10
2956.3,4.385346067106175e-10
2956.31,4.471785830537251e-10
2956.32,4.5843292485952177e-10
2956.33,4.723119927845111e-10
2956.34,4.888896809523699e-10
2956.35,5.082981259151607e-10
2956.36,5.307289644651303e-10
2956.37,5.564370919137419e-10
2956.38,5.857470221865758e-10
2956.39,6.190621085463817e-10
2956.4,6.56877057844142e-10
2956.41,6.997943727882628e-10
2956.42,7.485455993454307e-10
2956.43,8.040185546210845e-10
2956.44,8.672920806294879e-10
2956.45,9.39680324768009e-10
2956.46,1.0227890947045838e-09
2956.47,1.1185874555070552e-09
2956.48,1.2294983582334382e-09
2956.49,1.358512517618153e-09
2956.5,1.50932954559237e-09
2956.51,1.6865285312520384e-09
2956.52,1.895764844984559e-09
2956.53,2.1439769613711817e-09
2956.54,2.4395589245829098e-09
2956.55,2.7923968964498957e-09
2956.56,3.213559250025577e-09
2956.57,3.7142385432871875e-09
2956.58,4.303253162802396e-09
2956.59,4.982101975789201e-09
2956.6,5.736600579519802e-09
2956.61,6.525498340204238e-09
2956.62,7.270632678727413e-09
2956.63,7.859703941923904e-09
2956.64,8.174280936442828e-09
2956.65,8.139564126313314e-09
2956.66,7.764140032224233e-09
2956.67,7.135125322382322e-09
2956.68,6.373233791917487e-09
2956.69,5.585514609514058e-09
2956.7,4.842700172913675e-09
2956.71,4.1799446074477115e-09
2956.72,3.60761631387888e-09
2956.73,3.1222807530999e-09
2956.74,2.714369759551982e-09
2956.75,2.3725727522526525e-09
2956.76,2.085990391690107e-09
2956.77,1.8450062617423347e-09
2956.78,1.6415066803770529e-09
2956.79,1.4688060867762505e-09
2956.8,1.3214623371689779e-09
2956.81,1.1950693735270245e-09
2956.82,1.086064545018962e-09
2956.83,9.915634288215338e-10
2956.84,9.092239052322819e-10
2956.85,8.371367429425889e-10
2956.86,7.737385509528444e-10
2956.87,7.177429152714906e-10
2956.88,6.686911403303948e-10
2956.89,6.24492636096461e-10
2956.9,5.850102093071979e-10
2956.91,5.49623950631373e-10
2956.92,5.178110437298393e-10
2956.93,4.891285283626871e-10
2956.94,4.6319944005638833e-10
2956.95,4.397016138719843e-10
2956.96,4.1835859835840766e-10
2956.97,3.989322480457162e-10
2956.98,3.8121665689851893e-10
2956.99,3.6503316785180697e-10
2957.0,3.502262496727385e-10
2957.01,3.366600760325097e-10
2957.02,3.2421567556062384e-10
2957.03,3.127885481994502e-10
2957.04,3.0228666397613557e-10
2957.05,2.926287766787661e-10
2957.06,2.8374299791471094e-10
2957.07,2.7556558729198486e-10
2957.08,2.6803992270342957e-10
2957.09,2.6111562123983657e-10
2957.1,2.547477865677878e-10
2957.11,2.4889636285045075e-10
2957.12,2.435255787669291e-10
2957.13,2.3860346797765293e-10
2957.14,2.341014546966155e-10
2957.15,2.299939948961461e-10
2957.16,2.2625826523257414e-10
2957.17,2.228738930452495e-10
2957.18,2.1982272185310813e-10
2957.19,2.170886076427037e-10
2957.2,2.1465724198809003e-10
2957.21,2.1251599865089933e-10
2957.22,2.1065380083752134e-10
2957.23,2.0884364005897868e-10
2957.24,2.0751333815146601e-10
2957.25,2.064370695318994e-10
2957.26,2.056089649834602e-10
2957.27,2.0502427935020534e-10
2957.28,2.0467934402096295e-10
2957.29,2.0235315824093414e-10
2957.3,2.0249424849710475e-10
2957.31,2.0788029955303355e-10
2957.32,2.0852078498809938e-10
2957.33,2.0939799287999472e-10
2957.34,2.105142594890265e-10
2957.35,2.1187292778672877e-10
2957.36,2.1347837280278012e-10
2957.37,2.153360362475464e-10
2957.38,2.174524709010055e-10
2957.39,2.1983539540717164e-10
2957.4,2.224937602851608e-10
2957.41,2.2543782614759213e-10
2957.42,2.2867925533197324e-10
2957.43,2.3223121838019684e-10
2957.44,2.361085170811323e-10
2957.45,2.4032772609633555e-10
2957.46,2.449073555643614e-10
2957.47,2.498680374962342e-10
2957.48,2.5523273928999884e-10
2957.49,2.610270082746912e-10
2957.5,2.672792519147277e-10
2957.51,2.7402105913334164e-10
2957.52,2.8128756923539643e-10
2957.53,2.8911789611206887e-10
2957.54,2.97555616867113e-10
2957.55,3.06649335781876e-10
2957.56,3.1645333665891573e-10
2957.57,3.270283392181034e-10
2957.58,3.384423783857909e-10
2957.59,3.507718292635892e-10
2957.6,3.6410260536113805e-10
2957.61,3.785315636801876e-10
2957.62,3.9416815761603954e-10
2957.63,4.1113638792117775e-10
2957.64,4.295771135011072e-10
2957.65,4.4965079839033547e-10
2957.66,4.715407895465219e-10
2957.67,4.954572433841162e-10
2957.68,5.21641848461153e-10
2957.69,5.503735295254148e-10
2957.7,5.819753664178977e-10
2957.71,6.168230236001944e-10
2957.72,6.553550662265473e-10
2957.73,6.980856425316111e-10
2957.74,7.456201466086854e-10
2957.75,7.9867464990939e-10
2957.76,8.581001149909013e-10
2957.77,9.24912695420363e-10
2957.78,1.0003317964985535e-09
2957.79,1.0858280380051618e-09
2957.8,1.183183831847088e-09
2957.81,1.2945699544123514e-09
2957.82,1.4226422008375113e-09
2957.83,1.5706627969836531e-09
2957.84,1.7426513394028494e-09
2957.85,1.943568809631481e-09
2957.86,2.1795339538896595e-09
2957.87,2.458060587640907e-09
2957.88,2.7882805047476556e-09
2957.89,3.1810672959655606e-09
2957.9,3.6488803443426968e-09
2957.91,4.204974321681764e-09
2957.92,4.861337527621326e-09
2957.93,5.624357577873118e-09
2957.94,6.487006791102744e-09
2957.95,7.417068094956136e-09
2957.96,8.344094851101823e-09
2957.97,9.154396266029288e-09
2957.98,9.709159101727714e-09
2957.99,9.892766317433481e-09
2958.0,9.669269447587668e-09
2958.01,9.102966166826156e-09
2958.02,8.324254211660862e-09
2958.03,7.471221691608033e-09
2958.04,6.6485391493857655e-09
2958.05,5.916406330501098e-09
2958.06,5.2979050108850145e-09
2958.07,4.7904825765974485e-09
2958.08,4.37490686751736e-09
2958.09,4.021983764382713e-09
2958.1,3.7002918365486275e-09
2958.11,3.3860166240044013e-09
2958.12,3.070345873103231e-09
2958.13,2.758621005347988e-09
2958.14,2.462452709324203e-09
2958.15,2.1918592241804903e-09
2958.16,1.9519033272766662e-09
2958.17,1.7431127504154616e-09
2958.18,1.5632394933765706e-09
2958.19,1.4088339943705494e-09
2958.2,1.2762246760876056e-09
2958.21,1.1620013197908335e-09
2958.22,1.0631961955753764e-09
2958.23,9.77311062336713e-10
2958.24,9.022774003918728e-10
2958.25,8.363946887489977e-10
2958.26,7.782672581652837e-10
2958.27,7.267478386762523e-10
2958.28,6.808900812190314e-10
2958.29,6.399098321859545e-10
2958.3,6.031540312729144e-10
2958.31,5.700759064164597e-10
2958.32,5.402152312438019e-10
2958.33,5.131825966656115e-10
2958.34,4.886468450925898e-10
2958.35,4.663249917822693e-10
2958.36,4.459741037740352e-10
2958.37,4.273847237331856e-10
2958.38,4.1037551751128287e-10
2958.39,3.947888953221146e-10
2958.4,3.804874112153702e-10
2958.41,3.673507878664619e-10
2958.42,3.5527344628588685e-10
2958.43,3.441624453396895e-10
2958.44,3.3393575552648826e-10
2958.45,3.245208067624063e-10
2958.46,3.158532618418168e-10
2958.47,3.078759766694471e-10
2958.48,3.0053811575382516e-10
2958.49,2.9379439737094806e-10
2958.5,2.876044474825127e-10
2958.51,2.8193224528166394e-10
2958.52,2.7674564625335873e-10
2958.53,2.7201597110169843e-10
2958.54,2.677176508887353e-10
2958.55,2.6382792035017037e-10
2958.56,2.6032655270120824e-10
2958.57,2.571956303338913e-10
2958.58,2.5441934673111874e-10
2958.59,2.5198383567095346e-10
2958.6,2.4987702444005405e-10
2958.61,2.4808850830161834e-10
2958.62,2.4660944392454423e-10
2958.63,2.427288781538105e-10
2958.64,2.4186422239469073e-10
2958.65,2.4129089217073553e-10
2958.66,2.410055448737936e-10
2958.67,2.4658597681908637e-10
2958.68,2.4690421148773694e-10
2958.69,2.475081510928803e-10
2958.7,2.483993939673636e-10
2958.71,2.4958077266493264e-10
2958.72,2.510563762504934e-10
2958.73,2.5283158412819664e-10
2958.74,2.549131118905592e-10
2958.75,2.573090698674897e-10
2958.76,2.6002903525644923e-10
2958.77,2.630841389468576e-10
2958.78,2.6648716840257815e-10
2958.79,2.7025268825131864e-10
2958.8,2.7439718056201396e-10
2958.81,2.789392071590672e-10
2958.82,2.8472925770006806e-10
2958.83,2.9013653275501953e-10
2958.84,2.9601157138117336e-10
2958.85,3.0238342804841383e-10
2958.86,3.092844967446492e-10
2958.87,3.167508855892818e-10
2958.88,3.248228476694648e-10
2958.89,3.335452771928658e-10
2958.9,3.4296828181290197e-10
2958.91,3.531478440672712e-10
2958.92,3.641465874553888e-10
2958.93,3.760346657753927e-10
2958.94,3.8889079818998146e-10
2958.95,4.02803477151425e-10
2958.96,4.178723821345051e-10
2958.97,4.342100392497224e-10
2958.98,4.519437757440125e-10
2958.99,4.712180294498416e-10
2959.0,4.921970871851595e-10
2959.01,5.150683435288861e-10
2959.02,5.400461934964106e-10
2959.03,5.673767005626218e-10
2959.04,5.97343217033818e-10
2959.05,6.302731792273764e-10
2959.06,6.665463580515351e-10
2959.07,7.066049204956525e-10
2959.08,7.509657539338495e-10
2959.09,8.0023562990253e-10
2959.1,8.551299451251307e-10
2959.11,9.164959861268973e-10
2959.12,9.853419324695483e-10
2959.13,1.0628731585204461e-09
2959.14,1.1505378308953724e-09
2959.15,1.2500843435873363e-09
2959.16,1.3636337889038754e-09
2959.17,1.4937714067285337e-09
2959.18,1.6436616965935555e-09
2959.19,1.8171923850042852e-09
2959.2,2.0191521831904193e-09
2959.21,2.2554451196877772e-09
2959.22,2.533337876761788e-09
2959.23,2.861721439353409e-09
2959.24,3.2513357931655848e-09
2959.25,3.714840694766888e-09
2959.26,4.266490745669388e-09
2959.27,4.920644906205842e-09
2959.28,5.690165064374203e-09
2959.29,6.578869314918447e-09
2959.3,7.572964595870949e-09
2959.31,8.62681106974897e-09
2959.32,9.64923251294832e-09
2959.33,1.0502167389239953e-08
2959.34,1.102820689695051e-08
2959.35,1.1109529565831692e-08
2959.36,1.072653264256208e-08
2959.37,9.968628944626295e-09
2959.38,8.987364719113947e-09
2959.39,7.932291382209343e-09
2959.4,6.9115291281731485e-09
2959.41,5.984972075251631e-09
2959.42,5.175552675197734e-09
2959.43,4.483913558314918e-09
2959.44,3.899754606430086e-09
2959.45,3.4088024182244863e-09
2959.46,2.9964684157843142e-09
2959.47,2.649484691019481e-09
2959.48,2.3564544480883875e-09
2959.49,2.107880181870737e-09
2959.5,1.89597356346822e-09
2959.51,1.7143982321376346e-09
2959.52,1.558014351252201e-09
2959.53,1.422652144468546e-09
2959.54,1.3049218217845004e-09
2959.55,1.202058635677498e-09
2959.56,1.111798568935559e-09
2959.57,1.0322794238529454e-09
2959.58,9.61962411484106e-10
2959.59,8.995700386253766e-10
2959.6,8.440368491976083e-10
2959.61,7.944702678122207e-10
2959.62,7.5011937682522e-10
2959.63,7.103499308326355e-10
2959.64,6.746242874370019e-10
2959.65,6.424852261862937e-10
2959.66,6.135428555776517e-10
2959.67,5.874639844673265e-10
2959.68,5.639634710973037e-10
2959.69,5.427971689985601e-10
2959.7,5.237561717829971e-10
2959.71,5.066621235155703e-10
2959.72,4.91363412542848e-10
2959.73,4.777321073987231e-10
2959.74,4.656615265362823e-10
2959.75,4.550643609826768e-10
2959.76,4.458712924325419e-10
2959.77,4.38030070017401e-10
2959.78,4.3150502838688663e-10
2959.79,4.2627704890367404e-10
2959.8,4.223439859090987e-10
2959.81,4.197216025053746e-10
2959.82,4.1844508658900673e-10
2959.83,4.18571249868008e-10
2959.84,4.201815525309998e-10
2959.85,4.2338614696812853e-10
2959.86,4.2832919886454526e-10
2959.87,4.351958270083913e-10
2959.88,4.442211081953381e-10
2959.89,4.5570172318007477e-10
2959.9,4.70010971653274e-10
2959.91,4.876180445079118e-10
2959.92,5.091125683356279e-10
2959.93,5.352354271187514e-10
2959.94,5.669164878764863e-10
2959.95,6.053186143033431e-10
2959.96,6.518842241521147e-10
2959.97,7.083736151721226e-10
2959.98,7.736236030998844e-10
2959.99,8.564677218483773e-10
2960.0,9.559261770510568e-10
2960.01,1.0735988240805355e-09
2960.02,1.2091231141965425e-09
2960.03,1.3641212799546632e-09
2960.04,1.5154410738301607e-09
2960.05,1.6497805679049442e-09
2960.06,1.742226052093649e-09
2960.07,1.7710895563827289e-09
2960.08,1.729096694464531e-09
2960.09,1.6277408728338643e-09
2960.1,1.4905426276252931e-09
2960.11,1.3416723715759422e-09
2960.12,1.1985342678145836e-09
2960.13,1.0704366660045577e-09
2960.14,9.606235446365264e-10
2960.15,8.688482709368849e-10
2960.16,7.932751464554406e-10
2960.17,7.315836300686067e-10
2960.18,6.815085987217308e-10
2960.19,6.410575510688469e-10
2960.2,6.085660115579195e-10
2960.21,5.826816059681261e-10
2960.22,5.623224334680616e-10
2960.23,5.466307466417159e-10
2960.24,5.349305409601758e-10
2960.25,5.266918087209402e-10
2960.26,5.215016666035656e-10
2960.27,5.190415961523236e-10
2960.28,5.19069779073703e-10
2960.29,5.21407548355753e-10
2960.3,5.259291197639734e-10
2960.31,5.325539323005796e-10
2960.32,5.412410776607587e-10
2960.33,5.519854274898488e-10
2960.34,5.64815173083815e-10
2960.35,5.797905784144505e-10
2960.36,5.970038185044732e-10
2960.37,6.16579835482017e-10
2960.38,6.386781982431427e-10
2960.39,6.634960020064833e-10
2960.4,6.912718947381665e-10
2960.41,7.222913716048483e-10
2960.42,7.568935400879714e-10
2960.43,7.954796309133331e-10
2960.44,8.385236186051476e-10
2960.45,8.865854257827342e-10
2960.46,9.403273249999237e-10
2960.47,1.000534329762811e-09
2960.48,1.0681395943199748e-09
2960.49,1.1442561333721952e-09
2960.5,1.2302165449253202e-09
2960.51,1.3276228887899382e-09
2960.52,1.4384094550858561e-09
2960.53,1.5649218540894426e-09
2960.54,1.710016643748287e-09
2960.55,1.8771864863159502e-09
2960.56,2.0707163404036173e-09
2960.57,2.2958758884029486e-09
2960.58,2.559151082048337e-09
2960.59,2.868510952120754e-09
2960.6,3.233689939634348e-09
2960.61,3.6664320175603255e-09
2960.62,4.180574686553236e-09
2960.63,4.791722010674148e-09
2960.64,5.516029712338684e-09
2960.65,6.36727460036023e-09
2960.66,7.350964223098905e-09
2960.67,8.454114397776118e-09
2960.68,9.630496374053983e-09
2960.69,1.0785397977796576e-08
2960.7,1.1771922619796394e-08
2960.71,1.2416572627991045e-08
2960.72,1.2579911023717198e-08
2960.73,1.2223135741723035e-08
2960.74,1.143012569890421e-08
2960.75,1.0359557645035252e-08
2960.76,9.181428894398921e-09
2960.77,8.023973804981531e-09
2960.78,6.962161705449192e-09
2960.79,6.0277295046721925e-09
2960.8,5.225158608335178e-09
2960.81,4.544873629942211e-09
2960.82,3.971695283723875e-09
2960.83,3.489444337944811e-09
2960.84,3.083099798008588e-09
2960.85,2.739602779311786e-09
2960.86,2.4479869263899006e-09
2960.87,2.1992130881415363e-09
2960.88,1.9859010704242584e-09
2960.89,1.8020491790080509e-09
2960.9,1.642779490258026e-09
2960.91,1.5041210664434706e-09
2960.92,1.3828316713692489e-09
2960.93,1.2762538738014281e-09
2960.94,1.1822000676738788e-09
2960.95,1.0988610382903144e-09
2960.96,1.0247333605740794e-09
2960.97,9.585617125717837e-10
2960.98,8.992929447236802e-10
2960.99,8.460393992083095e-10
2961.0,7.980495103512812e-10
2961.01,7.546841464794541e-10
2961.02,7.153974912541821e-10
2961.03,6.797215261360655e-10
2961.04,6.472533802520922e-10
2961.05,6.176449724992683e-10
2961.06,5.90594493764154e-10
2961.07,5.658393724745133e-10
2961.08,5.431504410288998e-10
2961.09,5.223270784802092e-10
2961.1,5.031931502501736e-10
2961.11,4.855936011806035e-10
2961.12,4.693915863542862e-10
2961.13,4.5446604626804445e-10
2961.14,4.4070965063754156e-10
2961.15,4.2802704913560625e-10
2961.16,4.1633337867859387e-10
2961.17,4.055529858900148e-10
2961.18,3.9561833071736296e-10
2961.19,3.8646904306178657e-10
2961.2,3.7805110912577683e-10
2961.21,3.7031616808109594e-10
2961.22,3.6322090290370415e-10
2961.23,3.5672651184083667e-10
2961.24,3.5079824918028167e-10
2961.25,3.4540502577619187e-10
2961.26,3.405190613060736e-10
2961.27,3.3611558146868987e-10
2961.28,3.3173892393555323e-10
2961.29,3.282395476720933e-10
2961.3,3.2516387554817883e-10
2961.31,3.2249684535074994e-10
2961.32,3.2022538840378784e-10
2961.33,3.183383024872327e-10
2961.34,3.1682614400240966e-10
2961.35,3.1186746522121566e-10
2961.36,3.111060112671841e-10
2961.37,3.1070068164634616e-10
2961.38,3.106483214214552e-10
2961.39,3.109472327877936e-10
2961.4,3.1800240999330094e-10
2961.41,3.190411375070503e-10
2961.42,3.20434969261366e-10
2961.43,3.2218796976583396e-10
2961.44,3.243056878015294e-10
2961.45,3.267951997219873e-10
2961.46,3.296651663631187e-10
2961.47,3.3292590437798977e-10
2961.48,3.3658947304612155e-10
2961.49,3.4066977785003654e-10
2961.5,3.451826924017985e-10
2961.51,3.501462006109446e-10
2961.52,3.5558056135916584e-10
2961.53,3.615084983621726e-10
2961.54,3.679554183866284e-10
2961.55,3.7494966157174467e-10
2961.56,3.825227882631328e-10
2961.57,3.90709907580084e-10
2961.58,3.9955005386284676e-10
2961.59,4.0908661829502444e-10
2961.6,4.1936784432339044e-10
2961.61,4.3044739714599667e-10
2961.62,4.423850194729112e-10
2961.63,4.5524728816887925e-10
2961.64,4.691084892471674e-10
2961.65,4.840516322495652e-10
2961.66,5.001696293437022e-10
2961.67,5.175666698439318e-10
2961.68,5.363598274193952e-10
2961.69,5.566809454952794e-10
2961.7,5.786788565293309e-10
2961.71,6.025220037097004e-10
2961.72,6.28401549684859e-10
2961.73,6.565350773765461e-10
2961.74,6.871710137306496e-10
2961.75,7.205939403181328e-10
2961.76,7.571309968443247e-10
2961.77,7.97159637946948e-10
2961.78,8.411170735385839e-10
2961.79,8.895118132528513e-10
2961.8,9.429378523938942e-10
2961.81,1.002092187488918e-09
2961.82,1.0677965436472818e-09
2961.83,1.1410244430069283e-09
2961.84,1.2229350534502082e-09
2961.85,1.3149156325370118e-09
2961.86,1.4186348113109893e-09
2961.87,1.5361093928315626e-09
2961.88,1.6697876295407138e-09
2961.89,1.8226517567577168e-09
2961.9,1.9983411687683463e-09
2961.91,2.2012935152360794e-09
2961.92,2.436891183333059e-09
2961.93,2.7115795939521026e-09
2961.94,3.0328824094232113e-09
2961.95,3.4091658093343085e-09
2961.96,3.848897419153953e-09
2961.97,4.359053741596355e-09
2961.98,4.942447579860132e-09
2961.99,5.594509816486087e-09
2962.0,6.301848095297032e-09
2962.01,7.046625712351865e-09
2962.02,7.818472737620301e-09
2962.03,8.626847418001003e-09
2962.04,9.500324901884359e-09
2962.05,1.0467314028030717e-08
2962.06,1.1527048198480292e-08
2962.07,1.2623625430904408e-08
2962.08,1.3633654465552516e-08
2962.09,1.4380682447421902e-08
2962.1,1.4687616803427948e-08
2962.11,1.4453214313055123e-08
2962.12,1.3703925485527624e-08
2962.13,1.2578793385128151e-08
2962.14,1.1261677355531311e-08
2962.15,9.914169664063173e-09
2962.16,8.643900267578897e-09
2962.17,7.505500807918374e-09
2962.18,6.515958126720576e-09
2962.19,5.670658922285415e-09
2962.2,4.954942091169998e-09
2962.21,4.350948386896856e-09
2962.22,3.84112661331652e-09
2962.23,3.409748678575027e-09
2962.24,3.0433693238346053e-09
2962.25,2.7307836970698338e-09
2962.26,2.462779838931612e-09
2962.27,2.231833631159674e-09
2962.28,2.0318131710654617e-09
2962.29,1.8577186248780567e-09
2962.3,1.7054640693941985e-09
2962.31,1.5716992641085996e-09
2962.32,1.4536661231742854e-09
2962.33,1.3490839959545343e-09
2962.34,1.2560582718937622e-09
2962.35,1.1730076065158577e-09
2962.36,1.09860590201542e-09
2962.37,1.0317359386026034e-09
2962.38,9.714521978830222e-10
2962.39,9.169509452859268e-10
2962.4,8.67546056890932e-10
2962.41,8.226494053276771e-10
2962.42,7.817548762467768e-10
2962.43,7.444252869702189e-10
2962.44,7.102816341929407e-10
2962.45,6.789942185660806e-10
2962.46,6.502752879807722e-10
2962.47,6.238729149365303e-10
2962.48,5.995658807951374e-10
2962.49,5.771593849841563e-10
2962.5,5.564814327432207e-10
2962.51,5.373797832532566e-10
2962.52,5.197193623018134e-10
2962.53,5.033800615144667e-10
2962.54,4.88254860452138e-10
2962.55,4.742482193176499e-10
2962.56,4.6127469930564174e-10
2962.57,4.49257775071672e-10
2962.58,4.381288099218656e-10
2962.59,4.278261692453463e-10
2962.6,4.1829445180778315e-10
2962.61,4.0948382182460924e-10
2962.62,4.013494275116482e-10
2962.63,3.93850894054397e-10
2962.64,3.869518808498717e-10
2962.65,3.821004969634397e-10
2962.66,3.763149947735516e-10
2962.67,3.7104064807140146e-10
2962.68,3.66253837406154e-10
2962.69,3.619334688694988e-10
2962.7,3.58060775819672e-10
2962.71,3.5461914606059793e-10
2962.72,3.515939717241573e-10
2962.73,3.4455904299572616e-10
2962.74,3.423563070884932e-10
2962.75,3.4053679311743633e-10
2962.76,3.390927912242371e-10
2962.77,3.4461303334316255e-10
2962.78,3.439401026962943e-10
2962.79,3.43628816474812e-10
2962.8,3.4367730100379005e-10
2962.81,3.440850712428066e-10
2962.82,3.4485302600461363e-10
2962.83,3.4598345440773694e-10
2962.84,3.474800536482269e-10
2962.85,3.4934795833069824e-10
2962.86,3.515937817631905e-10
2962.87,3.5422566978653955e-10
2962.88,3.572533678959266e-10
2962.89,3.6068830260439387e-10
2962.9,3.645436782239335e-10
2962.91,3.6883459047589193e-10
2962.92,3.735781586278596e-10
2962.93,3.7879367815809087e-10
2962.94,3.8450279632157003e-10
2962.95,3.907297133961692e-10
2962.96,3.975014128873202e-10
2962.97,4.0484792452095165e-10
2962.98,4.128026245378069e-10
2962.99,4.21402578568289e-10
2963.0,4.3068893331656844e-10
2963.01,4.4070736436415073e-10
2963.02,4.5150858873860137e-10
2963.03,4.6314895245360477e-10
2963.04,4.756911051113682e-10
2963.05,4.89204775949775e-10
2963.06,5.037676684329572e-10
2963.07,5.194664938475229e-10
2963.08,5.36398168377661e-10
2963.09,5.546712031159683e-10
2963.1,5.744073224771863e-10
2963.11,5.957433539731688e-10
2963.12,6.188334414400201e-10
2963.13,6.438516452377327e-10
2963.14,6.709950070204893e-10
2963.15,7.004871743808755e-10
2963.16,7.325827026932626e-10
2963.17,7.675721793305188e-10
2963.18,8.057883503871488e-10
2963.19,8.476134745055207e-10
2963.2,8.934881846858827e-10
2963.21,9.4392221093823e-10
2963.22,9.995074083862887e-10
2963.23,1.0609336532659273e-09
2963.24,1.1290083201497507e-09
2963.25,1.2046802477654397e-09
2963.26,1.2890693492111925e-09
2963.27,1.3835033402122426e-09
2963.28,1.4889667424001347e-09
2963.29,1.6085485599558056e-09
2963.3,1.7439223130976448e-09
2963.31,1.8978336748836436e-09
2963.32,2.073612278492473e-09
2963.33,2.2753119607247063e-09
2963.34,2.507884764201149e-09
2963.35,2.7773939944144303e-09
2963.36,3.091268948159115e-09
2963.37,3.4585965154138342e-09
2963.38,3.890427822297454e-09
2963.39,4.40004231508475e-09
2963.4,5.003041030942972e-09
2963.41,5.717008916895297e-09
2963.42,6.560256874503518e-09
2963.43,7.548799445265284e-09
2963.44,8.690293580218017e-09
2963.45,9.973475808277053e-09
2963.46,1.1352621006512875e-08
2963.47,1.2730419411437413e-08
2963.48,1.3950500392712095e-08
2963.49,1.4818083890812858e-08
2963.5,1.515948119611314e-08
2963.51,1.4898206095018114e-08
2963.52,1.40942321035628e-08
2963.53,1.2912944914900656e-08
2963.54,1.1550516890579503e-08
2963.55,1.0170172088559804e-08
2963.56,8.87673801584991e-09
2963.57,7.721633679608198e-09
2963.58,6.719586606366482e-09
2963.59,5.864690382837917e-09
2963.6,5.141618983145462e-09
2963.61,4.532183409335038e-09
2963.62,4.018662032003624e-09
2963.63,3.585228347686075e-09
2963.64,3.2183736770043e-09
2963.65,2.9068521162503076e-09
2963.66,2.6414308803900453e-09
2963.67,2.4145870668089213e-09
2963.68,2.2202151510470234e-09
2963.69,2.0533704308865895e-09
2963.7,1.91005487692813e-09
2963.71,1.7870435957579465e-09
2963.72,1.6817470702814198e-09
2963.73,1.5921037560184657e-09
2963.74,1.5164981006199887e-09
2963.75,1.4536999467145662e-09
2963.76,1.4028222724706387e-09
2963.77,1.36329519295946e-09
2963.78,1.3348550425445113e-09
2963.79,1.3175481562081957e-09
2963.8,1.3117496091617108e-09
2963.81,1.3181975076669614e-09
2963.82,1.3380430878765157e-09
2963.83,1.3729150809327405e-09
2963.84,1.424991894521337e-09
2963.85,1.4970638794602395e-09
2963.86,1.5925441942948103e-09
2963.87,1.7153402212912814e-09
2963.88,1.869414038063732e-09
2963.89,2.057732216402836e-09
2963.9,2.280170484810081e-09
2963.91,2.5299862008648027e-09
2963.92,2.7891897276873484e-09
2963.93,3.0251764051684687e-09
2963.94,3.1937552723735126e-09
2963.95,3.2530874570281384e-09
2963.96,3.183981901294722e-09
2963.97,3.0010286939193766e-09
2963.98,2.7439532457677813e-09
2963.99,2.457536253602579e-09
2964.0,2.1762143756720694e-09
2964.01,1.9196979271183658e-09
2964.02,1.6958059017260704e-09
2964.03,1.505121793968938e-09
2964.04,1.3447201774476303e-09
2964.05,1.210439846930616e-09
2964.06,1.0980462138226175e-09
2964.07,1.0037288986015261e-09
2964.08,9.242544027358939e-10
2964.09,8.569603346021789e-10
2964.1,7.99687999169531e-10
2964.11,7.506992905976501e-10
2964.12,7.085975406104371e-10
2964.13,6.7225929235325e-10
2964.14,6.358083154323435e-10
2964.15,6.15104005815699e-10
2964.16,5.913378330901318e-10
2964.17,5.706099083870807e-10
2964.18,5.525194848353566e-10
2964.19,5.367359922409385e-10
2964.2,5.229856187038382e-10
2964.21,5.110407379321375e-10
2964.22,5.00711547704059e-10
2964.23,4.918394306455626e-10
2964.24,4.842916614696683e-10
2964.25,4.779571715357513e-10
2964.26,4.727431479662848e-10
2964.27,4.6857229523366e-10
2964.28,4.653806259205582e-10
2964.29,4.6311567708649384e-10
2964.3,4.617350715518976e-10
2964.31,4.6120536111384043e-10
2964.32,4.615011024599634e-10
2964.33,4.626041273264323e-10
2964.34,4.6450297694789766e-10
2964.35,4.67192477629343e-10
2964.36,4.706734397465211e-10
2964.37,4.749524669667842e-10
2964.38,4.800418662432509e-10
2964.39,4.859596523439751e-10
2964.4,4.927296435302589e-10
2964.41,5.0038164758241e-10
2964.42,5.089517398567819e-10
2964.43,5.184826374842623e-10
2964.44,5.290241763604349e-10
2964.45,5.406339002462757e-10
2964.46,5.533777742954793e-10
2964.47,5.673310386610159e-10
2964.48,5.825792217611263e-10
2964.49,5.992193373332984e-10
2964.5,6.17361294909546e-10
2964.51,6.371295598898139e-10
2964.52,6.586651074305235e-10
2964.53,6.840446399768519e-10
2964.54,7.096275251265804e-10
2964.55,7.37524954667618e-10
2964.56,7.679715225852689e-10
2964.57,8.012348861211934e-10
2964.58,8.376211557133407e-10
2964.59,8.77481341660303e-10
2964.6,9.212190918055419e-10
2964.61,9.693000131737903e-10
2964.62,1.02226294483104e-09
2964.63,1.08073364431289e-09
2964.64,1.1454414711812508e-09
2964.65,1.2172398067065446e-09
2964.66,1.29713114725228e-09
2964.67,1.3862980630870613e-09
2964.68,1.4861415373963148e-09
2964.69,1.5983286087912584e-09
2964.7,1.7248517492618048e-09
2964.71,1.8681030297806444e-09
2964.72,2.030966851283419e-09
2964.73,2.2169358075918073e-09
2964.74,2.430254971657056e-09
2964.75,2.676100262019979e-09
2964.76,2.960795912546386e-09
2964.77,3.2920731340766995e-09
2964.78,3.679364251967582e-09
2964.79,4.134109023635901e-09
2964.8,4.670013437113486e-09
2964.81,5.303130189132878e-09
2964.82,6.05149867880252e-09
2964.83,6.933856258519318e-09
2964.84,7.966585669483388e-09
2964.85,9.157645998567533e-09
2964.86,1.0496051352390106e-08
2964.87,1.1936396429679527e-08
2964.88,1.338160794035925e-08
2964.89,1.4674614534387664e-08
2964.9,1.5616963039034724e-08
2964.91,1.6026108598313675e-08
2964.92,1.5812267457351736e-08
2964.93,1.5023239538409546e-08
2964.94,1.382001060395923e-08
2964.95,1.2403893828681671e-08
2964.96,1.0948957970630856e-08
2964.97,9.571373973116784e-09
2964.98,8.331257804644215e-09
2964.99,7.248677176938357e-09
2965.0,6.320320774983887e-09
2965.01,5.5316456606475754e-09
2965.02,4.8642184936320625e-09
2965.03,4.299574488652637e-09
2965.04,3.82095760570561e-09
2965.05,3.4139093470016387e-09
2965.06,3.0662915926674685e-09
2965.07,2.7680656437396984e-09
2965.08,2.5109920599251438e-09
2965.09,2.288328869412487e-09
2965.1,2.0945604082681566e-09
2965.11,1.9251667165741427e-09
2965.12,1.7764331867505456e-09
2965.13,1.64529603593614e-09
2965.14,1.529217994703378e-09
2965.15,1.426088743532661e-09
2965.16,1.3341452834191135e-09
2965.17,1.2519082144530982e-09
2965.18,1.1781306497782661e-09
2965.19,1.111757147527946e-09
2965.2,1.0518905872054962e-09
2965.21,9.977653555140488e-10
2965.22,9.487255554354244e-10
2965.23,9.042072265868325e-10
2965.24,8.629067793989417e-10
2965.25,8.260420631042992e-10
2965.26,7.924252874890758e-10
2965.27,7.6173805594801e-10
2965.28,7.337024514152852e-10
2965.29,7.080753423071782e-10
2965.3,6.846436137397638e-10
2965.31,6.632201618557908e-10
2965.32,6.436405202623079e-10
2965.33,6.257600125477959e-10
2965.34,6.094513447034884e-10
2965.35,5.946025673492398e-10
2965.36,5.811153505505953e-10
2965.37,5.689035245805444e-10
2965.38,5.578918485371563e-10
2965.39,5.480149758634863e-10
2965.4,5.392165916844951e-10
2965.41,5.314487018868981e-10
2965.42,5.246710580971962e-10
2965.43,5.188507064588577e-10
2965.44,5.139616514122856e-10
2965.45,5.099846287702657e-10
2965.46,5.069069852936843e-10
2965.47,5.047226648992308e-10
2965.48,5.034323046305699e-10
2965.49,5.030434467792423e-10
2965.5,5.035708771579064e-10
2965.51,5.05037103711814e-10
2965.52,5.074729945965937e-10
2965.53,5.109186008314762e-10
2965.54,5.154241959844367e-10
2965.55,5.220173756108438e-10
2965.56,5.289089385755834e-10
2965.57,5.370872727924405e-10
2965.58,5.46660007656815e-10
2965.59,5.577553821758632e-10
2965.6,5.705259967477453e-10
2965.61,5.851534665006235e-10
2965.62,6.018542118223886e-10
2965.63,6.208866910260421e-10
2965.64,6.425604706492287e-10
2965.65,6.672476472022361e-10
2965.66,6.953972877634634e-10
2965.67,7.275537544680004e-10
2965.68,7.643800273433297e-10
2965.69,8.066874447408324e-10
2965.7,8.554736301045722e-10
2965.71,9.119707243061795e-10
2965.72,9.777062738796242e-10
2965.73,1.0545789546387776e-09
2965.74,1.144950114530298e-09
2965.75,1.2517485917009667e-09
2965.76,1.3785777545774505e-09
2965.77,1.529795085470666e-09
2965.78,1.7104965525829628e-09
2965.79,1.9262654439243994e-09
2965.8,2.182420229509665e-09
2965.81,2.4823177515909366e-09
2965.82,2.82412410541398e-09
2965.83,3.195692708828168e-09
2965.84,3.568531734509461e-09
2965.85,3.894960503991796e-09
2965.86,4.115678925358712e-09
2965.87,4.181519884594137e-09
2965.88,4.078924649994817e-09
2965.89,3.837992140821264e-09
2965.9,3.5153090096300495e-09
2965.91,3.1676163046494444e-09
2965.92,2.8353668044621403e-09
2965.93,2.5401443345381568e-09
2965.94,2.289508290841252e-09
2965.95,2.0829480175571073e-09
2965.96,1.9162696817190396e-09
2965.97,1.7841553621211642e-09
2965.98,1.6814270221978096e-09
2965.99,1.6035640165925257e-09
2966.0,1.546843716250765e-09
2966.01,1.5083144603538686e-09
2966.02,1.485707524209181e-09
2966.03,1.4773380056117339e-09
2966.04,1.482015641898211e-09
2966.05,1.498972852148719e-09
2966.06,1.5278113055652318e-09
2966.07,1.5684660733766298e-09
2966.08,1.6211859207511303e-09
2966.09,1.6865285669140842e-09
2966.1,1.7653703391255232e-09
2966.11,1.8589303799061766e-09
2966.12,1.9688103676522324e-09
2966.13,2.0970515619333124e-09
2966.14,2.2462118791149154e-09
2966.15,2.4194666139062315e-09
2966.16,2.6207372524107295e-09
2966.17,2.854853338540817e-09
2966.18,3.1277520411360884e-09
2966.19,3.446717868178817e-09
2966.2,3.820658802456445e-09
2966.21,4.260401021785444e-09
2966.22,4.778954991822317e-09
2966.23,5.391648178363663e-09
2966.24,6.1159127753321005e-09
2966.25,6.9703306864760446e-09
2966.26,7.97224373502474e-09
2966.27,9.13285154603939e-09
2966.28,1.0448432209229824e-08
2966.29,1.1886752049656838e-08
2966.3,1.3370189909538427e-08
2966.31,1.4763032195504033e-08
2966.32,1.5878294457290297e-08
2966.33,1.651980200205884e-08
2966.34,1.6554377312555543e-08
2966.35,1.5973828394903445e-08
2966.36,1.4899059657350643e-08
2966.37,1.3522848125362154e-08
2966.38,1.203616900687429e-08
2966.39,1.0581651913190574e-08
2966.4,9.245714032927705e-09
2966.41,8.060102683157511e-09
2966.42,7.033490578936433e-09
2966.43,6.155844251477881e-09
2966.44,5.4101799002290715e-09
2966.45,4.777847693419611e-09
2966.46,4.241152196334727e-09
2966.47,3.784432110520216e-09
2966.48,3.394333241723564e-09
2966.49,3.0597010107086446e-09
2966.5,2.7713211653823597e-09
2966.51,2.5216228632645243e-09
2966.52,2.304396213817339e-09
2966.53,2.114544463905918e-09
2966.54,1.9478755328582885e-09
2966.55,1.8009307072715863e-09
2966.56,1.670845712708966e-09
2966.57,1.5552388333957642e-09
2966.58,1.4521211009587514e-09
2966.59,1.359824247861502e-09
2966.6,1.2769428547755343e-09
2966.61,1.20228779750838e-09
2966.62,1.1348486794754153e-09
2966.63,1.0737634134179545e-09
2966.64,1.0182935012765854e-09
2966.65,9.67803866854003e-10
2966.66,9.217463373320821e-10
2966.67,8.796460589805945e-10
2966.68,8.410902810637679e-10
2966.69,8.057190582281468e-10
2966.7,7.732175131450691e-10
2966.71,7.433093728952628e-10
2966.72,7.157515493101919e-10
2966.73,6.903295781412142e-10
2966.74,6.668537675096169e-10
2966.75,6.45155934244123e-10
2966.76,6.250866293342407e-10
2966.77,6.065127717271597e-10
2966.78,5.89315624261908e-10
2966.79,5.733890572501825e-10
2966.8,5.586380546796236e-10
2966.81,5.449774257747469e-10
2966.82,5.323306908957984e-10
2966.83,5.206291159505292e-10
2966.84,5.098108736814132e-10
2966.85,4.998203137139454e-10
2966.86,4.906073260969269e-10
2966.87,4.821267854880414e-10
2966.88,4.743380650961013e-10
2966.89,4.672046111795594e-10
2966.9,4.6069357026564866e-10
2966.91,4.547754624470063e-10
2966.92,4.494238950764446e-10
2966.93,4.446153120345746e-10
2966.94,4.464509788708127e-10
2966.95,4.427007854660832e-10
2966.96,4.3943813531585416e-10
2966.97,4.3664889295753197e-10
2966.98,4.3432091435695734e-10
2966.99,4.2646349463935525e-10
2967.0,4.250631840228579e-10
2967.01,4.240983895971699e-10
2967.02,4.2356404251789533e-10
2967.03,4.234566938325936e-10
2967.04,4.2377448232478726e-10
2967.05,4.2451711487280606e-10
2967.06,4.256858590231306e-10
2967.07,4.2728354764029043e-10
2967.08,4.293145956525894e-10
2967.09,4.317850290743266e-10
2967.1,4.347025266427931e-10
2967.11,4.3807647458145733e-10
2967.12,4.4191803517163935e-10
2967.13,4.462402300134966e-10
2967.14,4.510580390558421e-10
2967.15,4.563885167143998e-10
2967.16,4.6225092664251095e-10
2967.17,4.686668970205619e-10
2967.18,4.745578285083531e-10
2967.19,4.821629731425911e-10
2967.2,4.90402596537107e-10
2967.21,4.993098337850243e-10
2967.22,5.08921359647902e-10
2967.23,5.192777282705426e-10
2967.24,5.304237590419447e-10
2967.25,5.424089751103676e-10
2967.26,5.55288102139048e-10
2967.27,5.691216362269636e-10
2967.28,5.83976491461073e-10
2967.29,5.999267394204998e-10
2967.3,6.17054455197892e-10
2967.31,6.354506871295337e-10
2967.32,6.55216570676144e-10
2967.33,6.765686140182241e-10
2967.34,6.994247987606614e-10
2967.35,7.240284147510589e-10
2967.36,7.505359233766491e-10
2967.37,7.791226417012428e-10
2967.38,8.099854361267133e-10
2967.39,8.433458738011968e-10
2967.4,8.794539211165127e-10
2967.41,9.185922982766894e-10
2967.42,9.610816235830912e-10
2967.43,1.0072865116930008e-09
2967.44,1.0576228287501558e-09
2967.45,1.1125663556774194e-09
2967.46,1.1726631723369635e-09
2967.47,1.2385421527955468e-09
2967.48,1.3109300608236088e-09
2967.49,1.390669860421254e-09
2967.5,1.4787430170340885e-09
2967.51,1.576296770354034e-09
2967.52,1.6846776224265347e-09
2967.53,1.8054726199007287e-09
2967.54,1.940560435341574e-09
2967.55,2.092174790165412e-09
2967.56,2.262983430191235e-09
2967.57,2.4561866782587344e-09
2967.58,2.675640537438106e-09
2967.59,2.9260103465551224e-09
2967.6,3.2129619279746654e-09
2967.61,3.5433976264176573e-09
2967.62,3.9257437759910415e-09
2967.63,4.370292245757444e-09
2967.64,4.889588439864719e-09
2967.65,5.498835058427333e-09
2967.66,6.2162332247774185e-09
2967.67,7.063089454667073e-09
2967.68,8.063344670743613e-09
2967.69,9.241883914639317e-09
2967.7,1.0620525368403288e-08
2967.71,1.2210022762002792e-08
2967.72,1.3996135574723679e-08
2967.73,1.5918992941455355e-08
2967.74,1.7849829694576674e-08
2967.75,1.957937532539714e-08
2967.76,2.0842491583802828e-08
2967.77,2.1395323734161553e-08
2967.78,2.1118626420403706e-08
2967.79,2.007670430392632e-08
2967.8,1.8483202586207864e-08
2967.81,1.6604056237972443e-08
2967.82,1.4669135769826616e-08
2967.83,1.2832579349201192e-08
2967.84,1.1175130669997229e-08
2967.85,9.72476268306502e-09
2967.86,8.478303573159121e-09
2967.87,7.417349063956159e-09
2967.88,6.517994521954291e-09
2967.89,5.756027925190592e-09
2967.9,5.10932385690828e-09
2967.91,4.558694655940077e-09
2967.92,4.087970105304519e-09
2967.93,3.6837361474933023e-09
2967.94,3.3349558651366303e-09
2967.95,3.032579936691677e-09
2967.96,2.769192500949839e-09
2967.97,2.538707705616721e-09
2967.98,2.3361178728599697e-09
2967.99,2.1572882279773907e-09
2968.0,1.9987912385236013e-09
2968.01,1.8577735905475304e-09
2968.02,1.731849571143461e-09
2968.03,1.6190155976195379e-09
2968.04,1.5175815895851339e-09
2968.05,1.426115725270155e-09
2968.06,1.34339983161603e-09
2968.07,1.2683932327563845e-09
2968.08,1.2002983224745284e-09
2968.09,1.138157202642412e-09
2968.1,1.081400134408026e-09
2968.11,1.0294511320330704e-09
2968.12,9.818089619974121e-10
2968.13,9.380360169829539e-10
2968.14,8.977490457252888e-10
2968.15,8.606113996172386e-10
2968.16,8.263265238309392e-10
2968.17,7.946324733992049e-10
2968.18,7.652972767100222e-10
2968.19,7.381150021294295e-10
2968.2,7.129024102291557e-10
2968.21,6.89496095391466e-10
2968.22,6.677500378597807e-10
2968.23,6.475335011320353e-10
2968.24,6.287292209376303e-10
2968.25,6.112318411437933e-10
2968.26,5.980442371551449e-10
2968.27,5.82904689080068e-10
2968.28,5.688149235908656e-10
2968.29,5.557053389706856e-10
2968.3,5.435130188333098e-10
2968.31,5.321810504055532e-10
2968.32,5.216579268435401e-10
2968.33,5.174270429769089e-10
2968.34,5.084151251511512e-10
2968.35,5.000852567191021e-10
2968.36,4.924029041087866e-10
2968.37,4.853368748824045e-10
2968.38,4.788590401354603e-10
2968.39,4.729440900305361e-10
2968.4,4.67569318732462e-10
2968.41,4.6271443555966663e-10
2968.42,4.5836139960345513e-10
2968.43,4.544942754772881e-10
2968.44,4.4475473288869096e-10
2968.45,4.4185523537140485e-10
2968.46,4.3940500897365724e-10
2968.47,4.373954597312439e-10
2968.48,4.358196344711653e-10
2968.49,4.346721706305559e-10
2968.5,4.339492584312431e-10
2968.51,4.336486149498944e-10
2968.52,4.3376946977480303e-10
2968.53,4.3431256209243313e-10
2968.54,4.352801491920166e-10
2968.55,4.366760265243422e-10
2968.56,4.385055595993965e-10
2968.57,4.4077572816550914e-10
2968.58,4.4349518327398004e-10
2968.59,4.4667431801503684e-10
2968.6,4.5032535289825816e-10
2968.61,4.54462437071421e-10
2968.62,4.5910176680170965e-10
2968.63,4.6426172292231766e-10
2968.64,4.700888644123902e-10
2968.65,4.763555323993011e-10
2968.66,4.832127871005946e-10
2968.67,4.906895792766501e-10
2968.68,4.988180995184067e-10
2968.69,5.076340859295224e-10
2968.7,5.171771744448046e-10
2968.71,5.274912978340764e-10
2968.72,5.386251404572409e-10
2968.73,5.506326570981845e-10
2968.74,5.635736656457279e-10
2968.75,5.775145251753279e-10
2968.76,5.925289130526348e-10
2968.77,6.086987172339324e-10
2968.78,6.261150629602551e-10
2968.79,6.448794967135152e-10
2968.8,6.651053547882847e-10
2968.81,6.869193492120034e-10
2968.82,7.104634104189534e-10
2968.83,7.358968341346664e-10
2968.84,7.633987899530973e-10
2968.85,7.931712613086035e-10
2968.86,8.254425018165998e-10
2968.87,8.604711117478976e-10
2968.88,8.985508619857333e-10
2968.89,9.400164220867552e-10
2968.9,9.85250185968836e-10
2968.91,1.0346904349035599e-09
2968.92,1.0888411359134164e-09
2968.93,1.1482837471947934e-09
2968.94,1.2136914955103184e-09
2968.95,1.285846708346879e-09
2968.96,1.3656619332070888e-09
2968.97,1.454205765038823e-09
2968.98,1.5527345406750359e-09
2968.99,1.6627313558585997e-09
2969.0,1.7859542269736545e-09
2969.01,1.9244956617775907e-09
2969.02,2.080856419221816e-09
2969.03,2.2580368010089035e-09
2969.04,2.4596493529510414e-09
2969.05,2.6900571908403198e-09
2969.06,2.9545419406832813e-09
2969.07,3.2595037760516714e-09
2969.08,3.6126918496726243e-09
2969.09,4.0234539402701026e-09
2969.1,4.502974605945505e-09
2969.11,5.062974191476793e-09
2969.12,5.7214931182804355e-09
2969.13,6.49357001210038e-09
2969.14,7.395624721612634e-09
2969.15,8.440831592923136e-09
2969.16,9.633255546226978e-09
2969.17,1.0958258313750357e-08
2969.18,1.2369176225167704e-08
2969.19,1.3773484076057638e-08
2969.2,1.5027495554333524e-08
2969.21,1.5953569542554878e-08
2969.22,1.638801809918093e-08
2969.23,1.624471138121188e-08
2969.24,1.5554307825253702e-08
2969.25,1.4450296418991846e-08
2969.26,1.311123693131393e-08
2969.27,1.1701563914734138e-08
2969.28,1.0339312494279012e-08
2969.29,9.092186396575338e-09
2969.3,7.988762503464039e-09
2969.31,7.032779769573726e-09
2969.32,6.214693426776836e-09
2969.33,5.519265608547402e-09
2969.34,4.929909622164531e-09
2969.35,4.430882736796695e-09
2969.36,4.008217386904404e-09
2969.37,3.6499785634060134e-09
2969.38,3.3461950917126044e-09
2969.39,3.088655652113041e-09
2969.4,2.8706676599258808e-09
2969.41,2.6868256964410506e-09
2969.42,2.5328091113524445e-09
2969.43,2.4052149623873367e-09
2969.44,2.3014263275506193e-09
2969.45,2.2195137153059613e-09
2969.46,2.1581669161882878e-09
2969.47,2.1166551966918886e-09
2969.48,2.0948147181850756e-09
2969.49,2.09306318501228e-09
2969.5,2.112442757764114e-09
2969.51,2.154692881776923e-09
2969.52,2.222354226579514e-09
2969.53,2.3189020506013927e-09
2969.54,2.4488992105625627e-09
2969.55,2.6181402134982206e-09
2969.56,2.8337177804936494e-09
2969.57,3.103864352299252e-09
2969.58,3.4372763894270225e-09
2969.59,3.841395989060868e-09
2969.6,4.31883686416277e-09
2969.61,4.861050950939326e-09
2969.62,5.439193351129774e-09
2969.63,5.9952631769482155e-09
2969.64,6.442187381915444e-09
2969.65,6.684163058597224e-09
2969.66,6.656838055667492e-09
2969.67,6.362239438834455e-09
2969.68,5.867514114861188e-09
2969.69,5.268693541040423e-09
2969.7,4.651215085795947e-09
2969.71,4.070960414283801e-09
2969.72,3.5550236723408475e-09
2969.73,3.1155339132810675e-09
2969.74,2.7395982339314394e-09
2969.75,2.4240075661115004e-09
2969.76,2.159654348157383e-09
2969.77,1.9379095497350986e-09
2969.78,1.7512468033051399e-09
2969.79,1.593370224706667e-09
2969.8,1.459126840313309e-09
2969.81,1.3443445016773516e-09
2969.82,1.2456599501210668e-09
2969.83,1.1603632445250852e-09
2969.84,1.086266585472104e-09
2969.85,1.0215976292179198e-09
2969.86,9.6491437053e-10
2969.87,9.150379028949647e-10
2969.88,8.709995327653962e-10
2969.89,8.319992225815526e-10
2969.9,7.973728949409549e-10
2969.91,7.60004233485852e-10
2969.92,7.325904420299284e-10
2969.93,7.081416162277498e-10
2969.94,6.86327676692875e-10
2969.95,6.668687103021359e-10
2969.96,6.496761287707739e-10
2969.97,6.342486646909774e-10
2969.98,6.205613631413396e-10
2969.99,6.084656456873285e-10
2970.0,5.978342701799425e-10
2970.01,5.885583079080393e-10
2970.02,5.805446538824491e-10
2970.03,5.737139724093507e-10
2970.04,5.679990002840331e-10
2970.05,5.633431457634698e-10
2970.06,5.596993339925437e-10
2970.07,5.570290594643737e-10
2970.08,5.553016140427296e-10
2970.09,5.583074722239181e-10
2970.1,5.584250711136445e-10
2970.11,5.594347951952424e-10
2970.12,5.613321445660756e-10
2970.13,5.641184759699896e-10
2970.14,5.67800910932401e-10
2970.15,5.723923271501543e-10
2970.16,5.779114311020519e-10
2970.17,5.843829118414831e-10
2970.18,5.918376778596604e-10
2970.19,6.003131808850089e-10
2970.2,6.098538325214589e-10
2970.21,6.205115218682751e-10
2970.22,6.323462447037569e-10
2970.23,6.454268576368263e-10
2970.24,6.598319738320469e-10
2970.25,6.75651020736358e-10
2970.26,6.929854846979186e-10
2970.27,7.119503727895791e-10
2970.28,7.326759286352584e-10
2970.29,7.553096469382961e-10
2970.3,7.800186411062451e-10
2970.31,8.069924301802526e-10
2970.32,8.364462259786622e-10
2970.33,8.686248194283753e-10
2970.34,9.038071876811454e-10
2970.35,9.423119716665647e-10
2970.36,9.845040090511741e-10
2970.37,1.0308021517090081e-09
2970.38,1.0816886526038308e-09
2970.39,1.1377204771100451e-09
2970.4,1.19968149542987e-09
2970.41,1.2680458726605365e-09
2970.42,1.3438268661518166e-09
2970.43,1.4280499933280396e-09
2970.44,1.521921030255115e-09
2970.45,1.6268632922831083e-09
2970.46,1.744563582535781e-09
2970.47,1.877028898021575e-09
2970.48,2.026656407329861e-09
2970.49,2.19631961828178e-09
2970.5,2.3894739085725488e-09
2970.51,2.6102844168201453e-09
2970.52,2.8637781283401913e-09
2970.53,3.156018773133548e-09
2970.54,3.4942959657806334e-09
2970.55,3.887305686406116e-09
2970.56,4.3452732546769855e-09
2970.57,4.879928204981037e-09
2970.58,5.504184718464735e-09
2970.59,6.231329458963091e-09
2970.6,7.0735027809596776e-09
2970.61,8.039258065881848e-09
2970.62,9.129789286481629e-09
2970.63,1.0332805109335143e-08
2970.64,1.161274739793098e-08
2970.65,1.2898317436650364e-08
2970.66,1.4074134840431398e-08
2970.67,1.4989066454930203e-08
2970.68,1.5491132723851184e-08
2970.69,1.548167665206031e-08
2970.7,1.4958806827166143e-08
2970.71,1.4018755018659675e-08
2970.72,1.2814268058149238e-08
2970.73,1.1500397938711636e-08
2970.74,1.0197922645170396e-08
2970.75,8.98257774066965e-09
2970.76,7.891425488872802e-09
2970.77,6.935022361138121e-09
2970.78,6.108583815557101e-09
2970.79,5.3999084901361245e-09
2970.8,4.794209438175571e-09
2970.81,4.27672416743171e-09
2970.82,3.833944289109162e-09
2970.83,3.454067342669715e-09
2970.84,3.127047122856188e-09
2970.85,2.844458470152617e-09
2970.86,2.5992925632714615e-09
2970.87,2.385740983569145e-09
2970.88,2.1989951498108387e-09
2970.89,2.0350711693317453e-09
2970.9,1.8906619724455786e-09
2970.91,1.7630148928042702e-09
2970.92,1.6498314526869152e-09
2970.93,1.5491858358390946e-09
2970.94,1.4594587609715808e-09
2970.95,1.3792838925518933e-09
2970.96,1.3075043871606442e-09
2970.97,1.2431376057835926e-09
2970.98,1.1853463978234057e-09
2970.99,1.1334156771340038e-09
2971.0,1.08673326720901e-09
2971.01,1.044774200202247e-09
2971.02,1.0051843921285768e-09
2971.03,9.713953987573507e-10
2971.04,9.411600493522618e-10
2971.05,9.141941461753717e-10
2971.06,8.902553794965713e-10
2971.07,8.691385139721455e-10
2971.08,8.506714965794941e-10
2971.09,8.347123613591236e-10
2971.1,8.211468371837655e-10
2971.11,8.09886591559365e-10
2971.12,8.047045915865423e-10
2971.13,7.979075209834393e-10
2971.14,7.932977468746883e-10
2971.15,7.908848352148658e-10
2971.16,7.907043588387695e-10
2971.17,7.928198789499867e-10
2971.18,7.973257782349262e-10
2971.19,8.043510971740263e-10
2971.2,8.140645632053257e-10
2971.21,8.266810343569419e-10
2971.22,8.424695868230292e-10
2971.23,8.61763420159117e-10
2971.24,8.84971551349889e-10
2971.25,9.125917541380707e-10
2971.26,9.45223055888701e-10
2971.27,9.835737688604383e-10
2971.28,1.0284566336982948e-09
2971.29,1.0809294895287659e-09
2971.3,1.1415110459976784e-09
2971.31,1.211047465805627e-09
2971.32,1.2897392151246562e-09
2971.33,1.3769995718997223e-09
2971.34,1.4713561419355335e-09
2971.35,1.570992653065964e-09
2971.36,1.6751400132195595e-09
2971.37,1.785703914303256e-09
2971.38,1.9079052498039756e-09
2971.39,2.0494601228707764e-09
2971.4,2.2125940826580796e-09
2971.41,2.4196846146780543e-09
2971.42,2.6734952270322703e-09
2971.43,2.9840557642501486e-09
2971.44,3.3621509048059693e-09
2971.45,3.8186875670096895e-09
2971.46,4.362603542846857e-09
2971.47,4.996333382239392e-09
2971.48,5.707794932291461e-09
2971.49,6.459048604459547e-09
2971.5,7.175800413196198e-09
2971.51,7.748742799918153e-09
2971.52,8.060214640158007e-09
2971.53,8.034113438230586e-09
2971.54,7.677164621388609e-09
2971.55,7.074969498428245e-09
2971.56,6.3466036613490734e-09
2971.57,5.596862370036381e-09
2971.58,4.893941399235431e-09
2971.59,4.2709860243168315e-09
2971.6,3.7365925662179874e-09
2971.61,3.286759724657205e-09
2971.62,2.911725663794233e-09
2971.63,2.600316258226441e-09
2971.64,2.341940824671764e-09
2971.65,2.1273620804350248e-09
2971.66,1.948858269118517e-09
2971.67,1.8001198545409047e-09
2971.68,1.6760533571336265e-09
2971.69,1.5725720473469798e-09
2971.7,1.4864061294686624e-09
2971.71,1.4149426601110427e-09
2971.72,1.3560955975842645e-09
2971.73,1.3082025984249396e-09
2971.74,1.2699441830457366e-09
2971.75,1.2402810779587677e-09
2971.76,1.2184061534972125e-09
2971.77,1.203708076387878e-09
2971.78,1.1957444492551613e-09
2971.79,1.1942227667140827e-09
2971.8,1.1989879680721227e-09
2971.81,1.210015702251254e-09
2971.82,1.2274106158683921e-09
2971.83,1.2514089605856501e-09
2971.84,1.2823844339379047e-09
2971.85,1.3208551036339413e-09
2971.86,1.3674869395331577e-09
2971.87,1.4230849431666727e-09
2971.88,1.4885549166696298e-09
2971.89,1.564807113563355e-09
2971.9,1.6525614125537746e-09
2971.91,1.7566515774316616e-09
2971.92,1.867099744211958e-09
2971.93,1.9865136710081264e-09
2971.94,2.111925646159099e-09
2971.95,2.2407207390418693e-09
2971.96,2.372691479952746e-09
2971.97,2.511441928367517e-09
2971.98,2.6639547121160146e-09
2971.99,2.838816700305846e-09
2972.0,3.044637159551024e-09
2972.01,3.289515944687354e-09
2972.02,3.581358624439398e-09
2972.03,3.9284923962482325e-09
2972.04,4.340207904802289e-09
2972.05,4.827051472030952e-09
2972.06,5.4007434947672405e-09
2972.07,6.073519927556736e-09
2972.08,6.8565298430588525e-09
2972.09,7.756718740864392e-09
2972.1,8.771495140719448e-09
2972.11,9.880709858509012e-09
2972.12,1.1036650068660826e-08
2972.13,1.2155518672012051e-08
2972.14,1.311784245395933e-08
2972.15,1.3786929172430415e-08
2972.16,1.4047452750498341e-08
2972.17,1.3849288445962822e-08
2972.18,1.3229327243319249e-08
2972.19,1.2295221248378291e-08
2972.2,1.1183147329737805e-08
2972.21,1.0016921775491685e-08
2972.22,8.886170725436804e-09
2972.23,7.84364246114493e-09
2972.24,6.912910515611986e-09
2972.25,6.098462838763129e-09
2972.26,5.3941217656240175e-09
2972.27,4.788777900422584e-09
2972.28,4.269810818601777e-09
2972.29,3.824909068051382e-09
2972.3,3.442910357607984e-09
2972.31,3.114093007906482e-09
2972.32,2.830185201665359e-09
2972.33,2.5842448846969127e-09
2972.34,2.3704927562395956e-09
2972.35,2.184139990973073e-09
2972.36,2.0212298348742423e-09
2972.37,1.8785003667870414e-09
2972.38,1.75326980453554e-09
2972.39,1.643343000213217e-09
2972.4,1.5469366237203412e-09
2972.41,1.462620037138744e-09
2972.42,1.389268369448043e-09
2972.43,1.3260232125430538e-09
2972.44,1.2722539102027737e-09
2972.45,1.2275075446330068e-09
2972.46,1.1914273066644584e-09
2972.47,1.1636072256115857e-09
2972.48,1.1433426541955876e-09
2972.49,1.1320233740594332e-09
2972.5,1.121631249827986e-09
2972.51,1.1111030740500476e-09
2972.52,1.095778438605557e-09
2972.53,1.0716331959488984e-09
2972.54,1.037104662306707e-09
2972.55,9.93832519769825e-10
2972.56,9.456217970091637e-10
2972.57,8.965744034257461e-10
2972.58,8.497653674476139e-10
2972.59,8.069054596134734e-10
2972.6,7.686176007704994e-10
2972.61,7.348615902469672e-10
2972.62,7.052740389301837e-10
2972.63,6.795775918725138e-10
2972.64,6.568952811674619e-10
2972.65,6.369897810601728e-10
2972.66,6.194860413900436e-10
2972.67,6.040692893483399e-10
2972.68,5.904788139343807e-10
2972.69,5.784999495257737e-10
2972.7,5.679562543058094e-10
2972.71,5.587026427290304e-10
2972.72,5.506196556604609e-10
2972.73,5.436088073235022e-10
2972.74,5.375888619207738e-10
2972.75,5.324928776414654e-10
2972.76,5.282658696210678e-10
2972.77,5.248629665314087e-10
2972.78,5.222479593285897e-10
2972.79,5.203921619060595e-10
2972.8,5.194612089537668e-10
2972.81,5.190647331178122e-10
2972.82,5.193786243747516e-10
2972.83,5.203972224023773e-10
2972.84,5.221196223113963e-10
2972.85,5.24549499343278e-10
2972.86,5.276950215131794e-10
2972.87,5.315688426775342e-10
2972.88,5.36188171579867e-10
2972.89,5.415749150979958e-10
2972.9,5.477558963662302e-10
2972.91,5.483171917645685e-10
2972.92,5.537863279950245e-10
2972.93,5.626144464222646e-10
2972.94,5.724000619985211e-10
2972.95,5.832008218120875e-10
2972.96,5.950825125400156e-10
2972.97,6.081200333744388e-10
2972.98,6.223985491945013e-10
2972.99,6.380148567625733e-10
2973.0,6.550790044828317e-10
2973.01,6.737162158189148e-10
2973.02,6.940691785092195e-10
2973.03,7.163007767975318e-10
2973.04,7.405973629803934e-10
2973.05,7.671726888442871e-10
2973.06,7.962726483934992e-10
2973.07,8.281810228089506e-10
2973.08,8.632264690478888e-10
2973.09,9.017910583271948e-10
2973.1,9.44320753453156e-10
2973.11,9.913383194346698e-10
2973.12,1.0434592944400274e-09
2973.13,1.1014118123520072e-09
2973.14,1.166061264065042e-09
2973.15,1.2384410043225508e-09
2973.16,1.3197905244113202e-09
2973.17,1.4116026453505456e-09
2973.18,1.5156811776351671e-09
2973.19,1.6342098106896727e-09
2973.2,1.7698311093630931e-09
2973.21,1.925730338066352e-09
2973.22,2.1057109113183326e-09
2973.23,2.3142355048923927e-09
2973.24,2.5563919648024267e-09
2973.25,2.837741358008523e-09
2973.26,3.1640574936518847e-09
2973.27,3.5411302434040153e-09
2973.28,3.975045301991078e-09
2973.29,4.4733176530920715e-09
2973.3,5.046350875610948e-09
2973.31,5.707125845341317e-09
2973.32,6.466483169329653e-09
2973.33,7.322853243197251e-09
2973.34,8.247552263691193e-09
2973.35,9.169804563878698e-09
2973.36,9.97176019854892e-09
2973.37,1.0509535311046516e-08
2973.38,1.0666646080621814e-08
2973.39,1.0413487355348394e-08
2973.4,9.824671312472416e-09
2973.41,9.038160815370099e-09
2973.42,8.19337500196004e-09
2973.43,7.391790661642488e-09
2973.44,6.689797946002261e-09
2973.45,6.109563648295466e-09
2973.46,5.653183959400571e-09
2973.47,5.313488472632391e-09
2973.48,5.080579397905024e-09
2973.49,4.945231263800834e-09
2973.5,4.900426802386491e-09
2973.51,4.941919390281386e-09
2973.52,5.068327853137765e-09
2973.53,5.2809998873038705e-09
2973.54,5.58370231861562e-09
2973.55,5.982062502882967e-09
2973.56,6.482556407530269e-09
2973.57,7.090695584291903e-09
2973.58,7.807926683640468e-09
2973.59,8.626729344727224e-09
2973.6,9.52374929016105e-09
2973.61,1.0451988788394626e-08
2973.62,1.1335445382072632e-08
2973.63,1.207237618690173e-08
2973.64,1.255337637610967e-08
2973.65,1.269333955708192e-08
2973.66,1.246345765678241e-08
2973.67,1.1903037999951524e-08
2973.68,1.1102448228467685e-08
2973.69,1.0169031001103196e-08
2973.7,9.196466683536889e-09
2973.71,8.255238773133708e-09
2973.72,7.370723872813723e-09
2973.73,6.5644307992920625e-09
2973.74,5.841129954316703e-09
2973.75,5.2001239560600055e-09
2973.76,4.637626308839437e-09
2973.77,4.1476432634805796e-09
2973.78,3.7227446133912126e-09
2973.79,3.3549408060217246e-09
2973.8,3.036427041105344e-09
2973.81,2.7600494352736945e-09
2973.82,2.5195125307413367e-09
2973.83,2.3094132773876266e-09
2973.84,2.125181719729795e-09
2973.85,1.9646356088777054e-09
2973.86,1.8212682250901663e-09
2973.87,1.6940431446241925e-09
2973.88,1.5807153575769443e-09
2973.89,1.4794010739340142e-09
2973.9,1.3885146642108258e-09
2973.91,1.306716742003642e-09
2973.92,1.2328716624731576e-09
2973.93,1.1659096157546451e-09
2973.94,1.1052116712059002e-09
2973.95,1.0499655680598757e-09
2973.96,9.995613642920407e-10
2973.97,9.534720034481248e-10
2973.98,9.11463522436964e-10
2973.99,8.726933925688504e-10
2974.0,8.370362394134525e-10
2974.01,8.041880654870983e-10
2974.02,7.738818721209269e-10
2974.03,7.460949714687693e-10
2974.04,7.201959684741201e-10
2974.05,6.962122117820771e-10
2974.06,6.73980498135872e-10
2974.07,6.533556579604489e-10
2974.08,6.34208294218827e-10
2974.09,6.164228480059814e-10
2974.1,5.998959391293029e-10
2974.11,5.845349388832558e-10
2974.12,5.702567396204345e-10
2974.13,5.569866916684293e-10
2974.14,5.446576831065249e-10
2974.15,5.332093419214556e-10
2974.16,5.225873434481288e-10
2974.17,5.127428087423167e-10
2974.18,5.036317818854365e-10
2974.19,4.952147761349203e-10
2974.2,4.874563805074541e-10
2974.21,4.803249197551978e-10
2974.22,4.737921619263191e-10
2974.23,4.678330687291233e-10
2974.24,4.6242558487344437e-10
2974.25,4.5755046338778884e-10
2974.26,4.5319112471405055e-10
2974.27,4.49333548119423e-10
2974.28,4.4596619472241625e-10
2974.29,4.4307996219906174e-10
2974.3,4.4066817205634066e-10
2974.31,4.3872659128647823e-10
2974.32,4.3725349126054147e-10
2974.33,4.3624974797127595e-10
2974.34,4.357189892308726e-10
2974.35,4.3566779628202904e-10
2974.36,4.361059695828106e-10
2974.37,4.3704687143765885e-10
2974.38,4.385078618490972e-10
2974.39,4.40510848706447e-10
2974.4,4.430829795287821e-10
2974.41,4.462575098355833e-10
2974.42,4.5007489334875194e-10
2974.43,4.5458415221934655e-10
2974.44,4.598446020265515e-10
2974.45,4.5986935398363326e-10
2974.46,4.668947989355743e-10
2974.47,4.749356465062997e-10
2974.48,4.841206332282522e-10
2974.49,4.946070255286774e-10
2974.5,5.065874136891207e-10
2974.51,5.202979720495323e-10
2974.52,5.360281406051016e-10
2974.53,5.541311973337486e-10
2974.54,5.75034116999077e-10
2974.55,5.992429039674286e-10
2974.56,6.273353106069037e-10
2974.57,6.599251417780941e-10
2974.58,6.975699012568415e-10
2974.59,7.405775223399292e-10
2974.6,7.8865901055042e-10
2974.61,8.40405996584485e-10
2974.62,8.92711298080597e-10
2974.63,9.405397056661238e-10
2974.64,9.77714174503508e-10
2974.65,9.989463950265843e-10
2974.66,1.0027319034108808e-09
2974.67,9.917543004344046e-10
2974.68,9.718079272851083e-10
2974.69,9.491185973919914e-10
2974.7,9.284878578648303e-10
2974.71,9.127867236717119e-10
2974.72,9.033168637181623e-10
2974.73,9.00403804547442e-10
2974.74,9.038879959626655e-10
2974.75,9.134391569402107e-10
2974.76,9.287286123746679e-10
2974.77,9.495129023492217e-10
2974.78,9.756696695397606e-10
2974.79,1.0072111902499066e-09
2974.8,1.0442894981896252e-09
2974.81,1.0841427450462355e-09
2974.82,1.1333475605848602e-09
2974.83,1.18942525390083e-09
2974.84,1.253129230748692e-09
2974.85,1.3253595979610438e-09
2974.86,1.40712445461243e-09
2974.87,1.499441520171103e-09
2974.88,1.6031344697289886e-09
2974.89,1.71847518498407e-09
2974.9,1.8446725813662713e-09
2974.91,1.979378485573464e-09
2974.92,2.1186829676818116e-09
2974.93,2.2582357927458843e-09
2974.94,2.3955609937888748e-09
2974.95,2.5322985341892313e-09
2974.96,2.6745650056303987e-09
2974.97,2.831164998059585e-09
2974.98,3.0112738848640644e-09
2974.99,3.2231455790229555e-09
2975.0,3.4740618574153583e-09
2975.01,3.770930601785529e-09
2975.02,4.120976565354643e-09
2975.03,4.53226270384815e-09
2975.04,5.013960760414459e-09
2975.05,5.576319261908708e-09
2975.06,6.230217285964638e-09
2975.07,6.9866149175706625e-09
2975.08,7.85246255229361e-09
2975.09,8.83057032496501e-09
2975.1,9.91295349807915e-09
2975.11,1.1076193307677793e-08
2975.12,1.2277935151745703e-08
2975.13,1.3458945508755688e-08
2975.14,1.455435520642709e-08
2975.15,1.5512753389317547e-08
2975.16,1.631292034030698e-08
2975.17,1.696311794237103e-08
2975.18,1.747588055129061e-08
2975.19,1.7829905023213842e-08
2975.2,1.7946995077386075e-08
2975.21,1.771244926235958e-08
2975.22,1.7040594961227606e-08
2975.23,1.594152420629294e-08
2975.24,1.4530989498867475e-08
2975.25,1.297677180371027e-08
2975.26,1.1431578125193091e-08
2975.27,9.997156721608426e-09
2975.28,8.721859361640401e-09
2975.29,7.617741532484565e-09
2975.3,6.675358225725921e-09
2975.31,5.876283229639071e-09
2975.32,5.199796962305982e-09
2975.33,4.626469185752052e-09
2975.34,4.138515571012279e-09
2975.35,3.7215559292339993e-09
2975.36,3.363485538070825e-09
2975.37,3.0543875575369193e-09
2975.38,2.786172238537456e-09
2975.39,2.552243759318825e-09
2975.4,2.3472146791018634e-09
2975.41,2.166670335186163e-09
2975.42,2.006978363999174e-09
2975.43,1.865136335069848e-09
2975.44,1.738650468405979e-09
2975.45,1.6254392247412394e-09
2975.46,1.5237565977175226e-09
2975.47,1.4321309373082264e-09
2975.48,1.3493159982922786e-09
2975.49,1.280684351938518e-09
2975.5,1.212503253175155e-09
2975.51,1.1503901160394676e-09
2975.52,1.0936755376913762e-09
2975.53,1.0417807453190576e-09
2975.54,9.942035472336409e-10
2975.55,9.505067448014412e-10
2975.56,9.103085342534623e-10
2975.57,8.732745248792305e-10
2975.58,8.391110764642792e-10
2975.59,8.07559718449203e-10
2975.6,7.783924604252677e-10
2975.61,7.514078406604423e-10
2975.62,7.264275889949933e-10
2975.63,7.032938039692061e-10
2975.64,6.818665631153956e-10
2975.65,6.620219006521872e-10
2975.66,6.436500994640527e-10
2975.67,6.266542545829791e-10
2975.68,6.109490741801805e-10
2975.69,5.964598914977552e-10
2975.7,5.831218677775784e-10
2975.71,5.708793721780716e-10
2975.72,5.596855303841461e-10
2975.73,5.495019392130292e-10
2975.74,5.402985504513679e-10
2975.75,5.320537335970199e-10
2975.76,5.247545346276673e-10
2975.77,5.183971566939008e-10
2975.78,5.129876993617811e-10
2975.79,5.085432062731163e-10
2975.8,5.05093087585657e-10
2975.81,5.026810040859892e-10
2975.82,5.013673250259343e-10
2975.83,5.012323017187113e-10
2975.84,5.022651888091739e-10
2975.85,5.048298751398993e-10
2975.86,5.089796379194165e-10
2975.87,5.149270453268119e-10
2975.88,5.229380206195504e-10
2975.89,5.333430332080514e-10
2975.9,5.465489103192077e-10
2975.91,5.630489299166902e-10
2975.92,5.834258999403043e-10
2975.93,6.083373517131155e-10
2975.94,6.384622478185806e-10
2975.95,6.743737392555702e-10
2975.96,7.162856623026103e-10
2975.97,7.636183732271281e-10
2975.98,8.143879655470449e-10
2975.99,8.64616089902394e-10
2976.0,9.027892043702749e-10
2976.01,9.331473437105508e-10
2976.02,9.451631313175473e-10
2976.03,9.382175361698207e-10
2976.04,9.165365976534682e-10
2976.05,8.871492163065534e-10
2976.06,8.570879397602273e-10
2976.07,8.316564323428431e-10
2976.08,8.141138907493502e-10
2976.09,8.061343686656703e-10
2976.1,8.08374898144785e-10
2976.11,8.208119503846453e-10
2976.12,8.427411919949747e-10
2976.13,8.724445504468411e-10
2976.14,9.066411254940058e-10
2976.15,9.400792094495873e-10
2976.16,9.659385358807487e-10
2976.17,9.776277616183156e-10
2976.18,9.715066449949132e-10
2976.19,9.486722317578887e-10
2976.2,9.142403405541438e-10
2976.21,8.747667586359919e-10
2976.22,8.358455380132315e-10
2976.23,8.010806604578915e-10
2976.24,7.722204303199576e-10
2976.25,7.497504774832887e-10
2976.26,7.334672222489648e-10
2976.27,7.228728026478802e-10
2976.28,7.174007933270519e-10
2976.29,7.165275062169835e-10
2976.3,7.198178098772094e-10
2976.31,7.269376759095429e-10
2976.32,7.376518382734991e-10
2976.33,7.518161580396988e-10
2976.34,7.693693374873554e-10
2976.35,7.903260500797125e-10
2976.36,8.147722980710791e-10
2976.37,8.428632501979281e-10
2976.38,8.748236040623736e-10
2976.39,9.109504818174397e-10
2976.4,9.516189140731939e-10
2976.41,9.972900520358745e-10
2976.42,1.0485223520732159e-09
2976.43,1.1059860901720932e-09
2976.44,1.1704816799862238e-09
2976.45,1.2429623778084037e-09
2976.46,1.3245620441171937e-09
2976.47,1.4166286598912286e-09
2976.48,1.5207642036651516e-09
2976.49,1.6388711654318576e-09
2976.5,1.7732052009171512e-09
2976.51,1.9264318562179817e-09
2976.52,2.1016823144363014e-09
2976.53,2.3025977375179827e-09
2976.54,2.533597209754223e-09
2976.55,2.798806737482707e-09
2976.56,3.1034034429870727e-09
2976.57,3.4521974588457852e-09
2976.58,3.8491145504441815e-09
2976.59,4.2958689894371026e-09
2976.6,4.789888655950637e-09
2976.61,5.321433767954268e-09
2976.62,5.870267363560874e-09
2976.63,6.4030591684106e-09
2976.64,6.873600873505941e-09
2976.65,7.229309970946986e-09
2976.66,7.422551517396878e-09
2976.67,7.426128330277864e-09
2976.68,7.239353383926776e-09
2976.69,6.902084045463668e-09
2976.7,6.460734670007744e-09
2976.71,5.967534175963848e-09
2976.72,5.467113965798926e-09
2976.73,4.990736169707223e-09
2976.74,4.5569456967904995e-09
2976.75,4.174449450068129e-09
2976.76,3.845435330094504e-09
2976.77,3.568330619646918e-09
2976.78,3.3397474958386584e-09
2976.79,3.1557158734150048e-09
2976.8,3.012402223852544e-09
2976.81,2.9064981777685802e-09
2976.82,2.835415616039345e-09
2976.83,2.797379750761554e-09
2976.84,2.7914781101945608e-09
2976.85,2.817701319570725e-09
2976.86,2.8769983001943003e-09
2976.87,2.971361065511454e-09
2976.88,3.1039502743918795e-09
2976.89,3.2792700763939437e-09
2976.9,3.5033973616787237e-09
2976.91,3.784263094231887e-09
2976.92,4.1319662905180404e-09
2976.93,4.559063863900056e-09
2976.94,5.080702786285705e-09
2976.95,5.714312247238642e-09
2976.96,6.47830564557495e-09
2976.97,7.388813634628571e-09
2976.98,8.452934348968892e-09
2976.99,9.65675590230176e-09
2977.0,1.09477334397652e-08
2977.01,1.2216182438412346e-08
2977.02,1.3290709462225235e-08
2977.03,1.3969715624713507e-08
2977.04,1.409555484209221e-08
2977.05,1.3633275398487489e-08
2977.06,1.2689994636363845e-08
2977.07,1.1457678064614619e-08
2977.08,1.0128342724301223e-08
2977.09,8.84156561168431e-09
2977.1,7.674554518865456e-09
2977.11,6.656640036036998e-09
2977.12,5.788423036547011e-09
2977.13,5.056544164938949e-09
2977.14,4.442688734427921e-09
2977.15,3.9282634437605685e-09
2977.16,3.4964552832770995e-09
2977.17,3.1329014634778545e-09
2977.18,2.825700811400519e-09
2977.19,2.565156394108436e-09
2977.2,2.3434407871489015e-09
2977.21,2.1542697960756746e-09
2977.22,1.9926177313706525e-09
2977.23,1.8544826710521734e-09
2977.24,1.7366996015576587e-09
2977.25,1.6441483491604971e-09
2977.26,1.5602764215494343e-09
2977.27,1.491004587132057e-09
2977.28,1.435387735359975e-09
2977.29,1.392882113057586e-09
2977.3,1.3633093796669804e-09
2977.31,1.3468118668669762e-09
2977.32,1.3437729520835514e-09
2977.33,1.3546588117080118e-09
2977.34,1.3797158307553171e-09
2977.35,1.4184474846663142e-09
2977.36,1.4688411994658256e-09
2977.37,1.526497131943335e-09
2977.38,1.5841516730667264e-09
2977.39,1.632328868844756e-09
2977.4,1.6613913394968268e-09
2977.41,1.6650802623685274e-09
2977.42,1.6378073465296958e-09
2977.43,1.581176861631545e-09
2977.44,1.4997095400635368e-09
2977.45,1.4012824543428385e-09
2977.46,1.295308657843624e-09
2977.47,1.1902782714095562e-09
2977.48,1.092108597888475e-09
2977.49,1.0038900799074127e-09
2977.5,9.265381723926232e-10
2977.51,8.59652672796834e-10
2977.52,8.022023060031262e-10
2977.53,7.529540580689176e-10
2977.54,7.107001563475664e-10
2977.55,6.743579421509649e-10
2977.56,6.430004372031556e-10
2977.57,6.158534359670249e-10
2977.58,5.875354067345279e-10
2977.59,5.670346724913759e-10
2977.6,5.491566960596059e-10
2977.61,5.335527428548413e-10
2977.62,5.199375863002127e-10
2977.63,5.080775505620932e-10
2977.64,4.977808968995666e-10
2977.65,4.888901569070411e-10
2977.66,4.812760447876131e-10
2977.67,4.748326342894079e-10
2977.68,4.694735429341244e-10
2977.69,4.6512891787696757e-10
2977.7,4.61743061521781e-10
2977.71,4.5927257069030314e-10
2977.72,4.576848917142756e-10
2977.73,4.569572164530661e-10
2977.74,4.570756621804471e-10
2977.75,4.580346925459041e-10
2977.76,4.5983674829501525e-10
2977.77,4.624920658249465e-10
2977.78,4.660186695367291e-10
2977.79,4.704425307845681e-10
2977.8,4.757978924145328e-10
2977.81,4.821277637386114e-10
2977.82,4.897540784297875e-10
2977.83,4.982021813328957e-10
2977.84,5.07814207816074e-10
2977.85,5.186770976622031e-10
2977.86,5.308921889887513e-10
2977.87,5.445771983583183e-10
2977.88,5.598686035045117e-10
2977.89,5.769245045106223e-10
2977.9,5.959280565187875e-10
2977.91,6.1709158759341e-10
2977.92,6.406615398912595e-10
2977.93,6.669244009899764e-10
2977.94,6.962138253599137e-10
2977.95,7.289191826510862e-10
2977.96,7.654958079799906e-10
2977.97,8.064772649636973e-10
2977.98,8.524899562413674e-10
2977.99,9.042704114994288e-10
2978.0,9.626855196890794e-10
2978.01,1.028755796461392e-09
2978.02,1.103508404122499e-09
2978.03,1.188697885790565e-09
2978.04,1.2857922014242342e-09
2978.05,1.3966894464586798e-09
2978.06,1.5235512691742869e-09
2978.07,1.668780682187913e-09
2978.08,1.8352183715789724e-09
2978.09,2.0248746742908098e-09
2978.1,2.2402370749774726e-09
2978.11,2.4826089418108177e-09
2978.12,2.7514825483944835e-09
2978.13,3.043255924319198e-09
2978.14,3.3496447635870908e-09
2978.15,3.6561622054225955e-09
2978.16,3.941485306933419e-09
2978.17,4.178892528508048e-09
2978.18,4.34069289893275e-09
2978.19,4.405157548677991e-09
2978.2,4.3633490201972354e-09
2978.21,4.2222515958830605e-09
2978.22,4.002319322869084e-09
2978.23,3.730928100999296e-09
2978.24,3.4352699753084518e-09
2978.25,3.1375322818612873e-09
2978.26,2.8531100902471707e-09
2978.27,2.5910436495350042e-09
2978.28,2.3554809798291595e-09
2978.29,2.1472867017328773e-09
2978.3,1.9652124997617303e-09
2978.31,1.807489835407795e-09
2978.32,1.671468891747524e-09
2978.33,1.55462316330563e-09
2978.34,1.4545783043161162e-09
2978.35,1.3692000552895005e-09
2978.36,1.296622545158695e-09
2978.37,1.2352444239257225e-09
2978.38,1.1837093550063362e-09
2978.39,1.1408803720081163e-09
2978.4,1.1058132955865914e-09
2978.41,1.077731860353597e-09
2978.42,1.0560057510279597e-09
2978.43,1.0401319559331728e-09
2978.44,1.0297194419676925e-09
2978.45,1.0244769738067287e-09
2978.46,1.024203843580474e-09
2978.47,1.0287832896376128e-09
2978.48,1.0381784327152605e-09
2978.49,1.0524306283840183e-09
2978.5,1.0716602180651457e-09
2978.51,1.0960697542699215e-09
2978.52,1.1259498787007713e-09
2978.53,1.1616881446668558e-09
2978.54,1.1992016204163783e-09
2978.55,1.2482986826539038e-09
2978.56,1.3051396702958845e-09
2978.57,1.3706637583651502e-09
2978.58,1.446013331881649e-09
2978.59,1.5325714988319174e-09
2978.6,1.6320044268088952e-09
2978.61,1.7463048611842776e-09
2978.62,1.8778281207393988e-09
2978.63,2.0293027772258414e-09
2978.64,2.2037838999535815e-09
2978.65,2.404499390922325e-09
2978.66,2.6345335521488993e-09
2978.67,2.8963375145754195e-09
2978.68,3.191227261929868e-09
2978.69,3.519364947580283e-09
2978.7,3.880996428263206e-09
2978.71,4.2792962193698054e-09
2978.72,4.723693230399675e-09
2978.73,5.231330706954289e-09
2978.74,5.825357086022243e-09
2978.75,6.531176788336507e-09
2978.76,7.372553394088537e-09
2978.77,8.368073854482343e-09
2978.78,9.526894399760052e-09
2978.79,1.0841644313799743e-08
2978.8,1.2275692307733143e-08
2978.81,1.3743931764146872e-08
2978.82,1.5095265326995427e-08
2978.83,1.6119235572207786e-08
2978.84,1.6600820454644008e-08
2978.85,1.6413351809993817e-08
2978.86,1.5587561568340062e-08
2978.87,1.4296222756387529e-08
2978.88,1.276853328826193e-08
2978.89,1.120431677512438e-08
2978.9,9.734461452173168e-09
2978.91,8.42350862972526e-09
2978.92,7.290088308965637e-09
2978.93,6.326744433744308e-09
2978.94,5.514979621824398e-09
2978.95,4.83290035634619e-09
2978.96,4.2593988956048975e-09
2978.97,3.7758094854393935e-09
2978.98,3.3663379438794883e-09
2978.99,3.0261551447539866e-09
2979.0,2.728202762673023e-09
2979.01,2.4720037793183432e-09
2979.02,2.250541860969955e-09
2979.03,2.0581216676918887e-09
2979.04,1.8901073840505886e-09
2979.05,1.7427113916305707e-09
2979.06,1.6128255364701255e-09
2979.07,1.4978872129156424e-09
2979.08,1.3957733107689193e-09
2979.09,1.3047162043693895e-09
2979.1,1.223237077066368e-09
2979.11,1.1500928485727635e-09
2979.12,1.0845125255432858e-09
2979.13,1.0250497758862808e-09
2979.14,9.71223318572207e-10
2979.15,9.223844610061238e-10
2979.16,8.779762763602269e-10
2979.17,8.375189023586528e-10
2979.18,8.005974899575784e-10
2979.19,7.668522830472511e-10
2979.2,7.321707215601334e-10
2979.21,7.038981216362907e-10
2979.22,6.779776212056901e-10
2979.23,6.542005863742852e-10
2979.24,6.323841259472752e-10
2979.25,6.123677675098224e-10
2979.26,5.940106625851361e-10
2979.27,5.771892344451298e-10
2979.28,5.617951986460164e-10
2979.29,5.499341720301384e-10
2979.3,5.37133350703684e-10
2979.31,5.255115731581702e-10
2979.32,5.150076161530382e-10
2979.33,5.0556960067861e-10
2979.34,4.97154378596517e-10
2979.35,4.897270681927732e-10
2979.36,4.832607293698103e-10
2979.37,4.777361730750927e-10
2979.38,4.731419032178458e-10
2979.39,4.694741929889876e-10
2979.4,4.66737301218849e-10
2979.41,4.649438383762616e-10
2979.42,4.639181377089618e-10
2979.43,4.640867535419131e-10
2979.44,4.652929594328984e-10
2979.45,4.675900149563475e-10
2979.46,4.713229897939708e-10
2979.47,4.760171857183567e-10
2979.48,4.82047900506366e-10
2979.49,4.895327323054811e-10
2979.5,4.986117741288087e-10
2979.51,5.09451185478615e-10
2979.52,5.222473716434349e-10
2979.53,5.372318045891212e-10
2979.54,5.546764696032578e-10
2979.55,5.748998256019659e-10
2979.56,5.980869994584414e-10
2979.57,6.250406801339923e-10
2979.58,6.560662453411463e-10
2979.59,6.917200428179183e-10
2979.6,7.326167347357605e-10
2979.61,7.794120123662122e-10
2979.62,8.327656453881603e-10
2979.63,8.932733167276221e-10
2979.64,9.613518131157544e-10
2979.65,1.0370598285550058e-09
2979.66,1.1198401670599384e-09
2979.67,1.2081863223945498e-09
2979.68,1.2992777689884934e-09
2979.69,1.388699860521151e-09
2979.7,1.4704494207296264e-09
2979.71,1.537463357130903e-09
2979.72,1.5827923775019627e-09
2979.73,1.6012207317682265e-09
2979.74,1.5907446844937757e-09
2979.75,1.5532021025208451e-09
2979.76,1.4937158340695873e-09
2979.77,1.4192511423029096e-09
2979.78,1.3369863193625727e-09
2979.79,1.2531031921913817e-09
2979.8,1.1722220163217365e-09
2979.81,1.0973731664773188e-09
2979.82,1.0302701475922094e-09
2979.83,9.71678370308584e-10
2979.84,9.217586877023189e-10
2979.85,8.80337989805521e-10
2979.86,8.471023316181171e-10
2979.87,8.217263523227898e-10
2979.88,8.039565511357451e-10
2979.89,7.936631657186858e-10
2979.9,7.908700404919703e-10
2979.91,7.957652488804817e-10
2979.92,8.08686845851589e-10
2979.93,8.300664818661389e-10
2979.94,8.602973474780322e-10
2979.95,8.99473941278336e-10
2979.96,9.469426816597447e-10
2979.97,1.000643506859663e-09
2979.98,1.0563854121832292e-09
2979.99,1.1075285700091673e-09
2980.0,1.14585160830889e-09
2980.01,1.1640572945676598e-09
2980.02,1.158982698291575e-09
2980.03,1.1332624265818256e-09
2980.04,1.0940319556311174e-09
2980.05,1.049792647912755e-09
2980.06,1.0077335298275876e-09
2980.07,9.726672164532416e-10
2980.08,9.472501597866576e-10
2980.09,9.326958006308452e-10
2980.1,9.294510385115094e-10
2980.11,9.37645834323321e-10
2980.12,9.572992314254901e-10
2980.13,9.883016358902175e-10
2980.14,1.0301716083673966e-09
2980.15,1.0815680674567938e-09
2980.16,1.1395894381778034e-09
2980.17,1.1990870966137347e-09
2980.18,1.2525685477436346e-09
2980.19,1.29147197137864e-09
2980.2,1.3090014867050106e-09
2980.21,1.3031736755982002e-09
2980.22,1.2777961730955003e-09
2980.23,1.2405322683035182e-09
2980.24,1.1996645028857508e-09
2980.25,1.1617297026815638e-09
2980.26,1.1307885161992823e-09
2980.27,1.1089976068950672e-09
2980.28,1.0965740318666392e-09
2980.29,1.0935882718083342e-09
2980.3,1.0996349963275176e-09
2980.31,1.1142750957479044e-09
2980.32,1.1371648753741848e-09
2980.33,1.168115588579635e-09
2980.34,1.2071179550505512e-09
2980.35,1.2543519731373869e-09
2980.36,1.3101931896577933e-09
2980.37,1.3752214286089679e-09
2980.38,1.4502353440148595e-09
2980.39,1.5308440303191836e-09
2980.4,1.6292556496735888e-09
2980.41,1.7416390788807792e-09
2980.42,1.870004143191481e-09
2980.43,2.017094916553695e-09
2980.44,2.185370958733818e-09
2980.45,2.378808608905611e-09
2980.46,2.6019472780607995e-09
2980.47,2.860371004588926e-09
2980.48,3.1609620590697174e-09
2980.49,3.5122117413971814e-09
2980.5,3.924589479875134e-09
2980.51,4.410956410602181e-09
2980.52,4.9869759309913805e-09
2980.53,5.671403526429344e-09
2980.54,6.4860004477221335e-09
2980.55,7.454562389133483e-09
2980.56,8.600128855378108e-09
2980.57,9.938835742533372e-09
2980.58,1.1468332359636341e-08
2980.59,1.3149134136242231e-08
2980.6,1.488087815684255e-08
2980.61,1.648477007427401e-08
2980.62,1.771605948454629e-08
2980.63,1.8329347203394408e-08
2980.64,1.818239253517246e-08
2980.65,1.731028070615755e-08
2980.66,1.590626202147117e-08
2980.67,1.4226598032708127e-08
2980.68,1.249575549433589e-08
2980.69,1.0862205812567245e-08
2980.7,9.40059228763182e-09
2980.71,8.142781413991153e-09
2980.72,7.064400494278999e-09
2980.73,6.154635176079538e-09
2980.74,5.389645543986693e-09
2980.75,4.746180734175267e-09
2980.76,4.203539369720891e-09
2980.77,3.744124866512629e-09
2980.78,3.35334675705051e-09
2980.79,3.019264174476396e-09
2980.8,2.732164442644675e-09
2980.81,2.4841621139761016e-09
2980.82,2.2688501415872416e-09
2980.83,2.080788675050879e-09
2980.84,1.9161553177331086e-09
2980.85,1.76853803331894e-09
2980.86,1.6404414451027928e-09
2980.87,1.5267695357651158e-09
2980.88,1.4255311515520629e-09
2980.89,1.3350610165729627e-09
2980.9,1.253959990150508e-09
2980.91,1.1810473184208248e-09
2980.92,1.1153223282856943e-09
2980.93,1.055933573949641e-09
2980.94,1.0021538851947966e-09
2980.95,9.533601079623024e-10
2980.96,9.090165920824347e-10
2980.97,8.686616861004292e-10
2980.98,8.318966580630372e-10
2980.99,7.983765851081916e-10
2981.0,7.678028514152632e-10
2981.01,7.39916970361021e-10
2981.02,7.144955070291588e-10
2981.03,6.913459256770235e-10
2981.04,6.703032261018555e-10
2981.05,6.545626904652263e-10
2981.06,6.373521743516618e-10
2981.07,6.218950852653345e-10
2981.08,6.081156505062927e-10
2981.09,5.959579431107985e-10
2981.1,5.853859677197401e-10
2981.11,5.763843277314336e-10
2981.12,5.68959541399221e-10
2981.13,5.631421049649311e-10
2981.14,5.589894350730277e-10
2981.15,5.565898592254074e-10
2981.16,5.560678576803204e-10
2981.17,5.575907822005595e-10
2981.18,5.613772630341226e-10
2981.19,5.677074170873416e-10
2981.2,5.769346915427556e-10
2981.21,5.894985338819612e-10
2981.22,6.059357289612822e-10
2981.23,6.268855792999802e-10
2981.24,6.530791287282415e-10
2981.25,6.852939364525688e-10
2981.26,7.242422196198693e-10
2981.27,7.703426486813957e-10
2981.28,8.233147716811783e-10
2981.29,8.815617037690522e-10
2981.3,9.41435289590018e-10
2981.31,9.967679415441299e-10
2981.32,1.0393959553077948e-09
2981.33,1.061289433702236e-09
2981.34,1.0577766817917538e-09
2981.35,1.0298434341575409e-09
2981.36,9.83641455832645e-10
2981.37,9.276283370753327e-10
2981.38,8.695367989156656e-10
2981.39,8.147843299052979e-10
2981.4,7.663610523443157e-10
2981.41,7.254519826098837e-10
2981.42,6.921623150796925e-10
2981.43,6.660722030552234e-10
2981.44,6.465843544957156e-10
2981.45,6.331150433649719e-10
2981.46,6.251881569417346e-10
2981.47,6.224764176773421e-10
2981.48,6.248169460687475e-10
2981.49,6.322158379954114e-10
2981.5,6.448480718829219e-10
2981.51,6.6305290828411e-10
2981.52,6.873188950275145e-10
2981.53,7.18244567318019e-10
2981.54,7.564490429090111e-10
2981.55,8.023905050224356e-10
2981.56,8.560352851822937e-10
2981.57,9.163266435365901e-10
2981.58,9.804797371217152e-10
2981.59,1.0433463693868053e-09
2981.6,1.097699726674281e-09
2981.61,1.1345989530976924e-09
2981.62,1.147851348250968e-09
2981.63,1.1359010158186442e-09
2981.64,1.1028947766155892e-09
2981.65,1.0566758671741442e-09
2981.66,1.005602773878222e-09
2981.67,9.562614159825803e-10
2981.68,9.12766848209508e-10
2981.69,8.771411654102012e-10
2981.7,8.500375634975523e-10
2981.71,8.313864817849927e-10
2981.72,8.208404831005051e-10
2981.73,8.180397563172311e-10
2981.74,8.227554220573632e-10
2981.75,8.349569353129676e-10
2981.76,8.550988432104654e-10
2981.77,8.829834209488099e-10
2981.78,9.192459126126118e-10
2981.79,9.639327456480147e-10
2981.8,1.0161552160909282e-09
2981.81,1.0732089593509333e-09
2981.82,1.1298945858798652e-09
2981.83,1.1791750572280474e-09
2981.84,1.2150944556383294e-09
2981.85,1.2365260185186286e-09
2981.86,1.2481860981985392e-09
2981.87,1.2577876384565754e-09
2981.88,1.2723583287538211e-09
2981.89,1.2965323185207718e-09
2981.9,1.3327691444686183e-09
2981.91,1.382242525949057e-09
2981.92,1.4456014270413425e-09
2981.93,1.523414937795829e-09
2981.94,1.6163631523232267e-09
2981.95,1.7252620772705419e-09
2981.96,1.850971493106756e-09
2981.97,1.9941947377085184e-09
2981.98,2.155153071289035e-09
2981.99,2.3331084934618598e-09
2982.0,2.5257267209072455e-09
2982.01,2.728334005763235e-09
2982.02,2.933244675701577e-09
2982.03,3.12950830397203e-09
2982.04,3.303555646152603e-09
2982.05,3.441120347630368e-09
2982.06,3.5303007429291777e-09
2982.07,3.5648207232404693e-09
2982.08,3.5460335300180965e-09
2982.09,3.482620022599739e-09
2982.1,3.3881502576387e-09
2982.11,3.2777584771985087e-09
2982.12,3.165327805357158e-09
2982.13,3.061921697169424e-09
2982.14,2.975429435773972e-09
2982.15,2.910989660682458e-09
2982.16,2.8715005351936023e-09
2982.17,2.8593125654492454e-09
2982.18,2.8754657977301743e-09
2982.19,2.9211143404532643e-09
2982.2,2.997654187309334e-09
2982.21,3.1069985429894624e-09
2982.22,3.245462091255004e-09
2982.23,3.4293878734077506e-09
2982.24,3.657464054411606e-09
2982.25,3.935415775316762e-09
2982.26,4.271277116420448e-09
2982.27,4.675676653992192e-09
2982.28,5.161063413775449e-09
2982.29,5.743117415426174e-09
2982.3,6.440861142781086e-09
2982.31,7.276716560723381e-09
2982.32,8.27582421583429e-09
2982.33,9.463800527416993e-09
2982.34,1.0861529655418539e-08
2982.35,1.2474942177153692e-08
2982.36,1.4277681552174247e-08
2982.37,1.6186864079400125e-08
2982.38,1.803961696799988e-08
2982.39,1.9591078678975732e-08
2982.4,2.05617856533453e-08
2982.41,2.0748613986005e-08
2982.42,2.008908431729865e-08
2982.43,1.8742152214247027e-08
2982.44,1.6972906256206832e-08
2982.45,1.505040573267405e-08
2982.46,1.3174741467984943e-08
2982.47,1.146084933702307e-08
2982.48,9.956077559876036e-09
2982.49,8.665710790521207e-09
2982.5,7.573584940874636e-09
2982.51,6.655161589697967e-09
2982.52,5.884612482277209e-09
2982.53,5.2381276666774e-09
2982.54,4.6951401142495e-09
2982.55,4.2368775197447805e-09
2982.56,3.8526626802678e-09
2982.57,3.52963341647157e-09
2982.58,3.258868679631121e-09
2982.59,3.0333045418707263e-09
2982.6,2.8473041050203162e-09
2982.61,2.6961935663234216e-09
2982.62,2.5757017058525814e-09
2982.63,2.4812463827248288e-09
2982.64,2.4070919067067e-09
2982.65,2.3456195434016145e-09
2982.66,2.2872890880236092e-09
2982.67,2.222002707869168e-09
2982.68,2.1419147522860236e-09
2982.69,2.044269281454423e-09
2982.7,1.93213467676834e-09
2982.71,1.8123871989564464e-09
2982.72,1.6925436787329213e-09
2982.73,1.5784654973132746e-09
2982.74,1.473626223522932e-09
2982.75,1.3794502857980816e-09
2982.76,1.296005963576921e-09
2982.77,1.2226289854620462e-09
2982.78,1.1627305769901167e-09
2982.79,1.1065390638489913e-09
2982.8,1.0574502423793101e-09
2982.81,1.0146177521220904e-09
2982.82,9.773277900408855e-10
2982.83,9.449957705809061e-10
2982.84,9.171561299132089e-10
2982.85,8.934509080453285e-10
2982.86,8.736198081163285e-10
2982.87,8.574929260168626e-10
2982.88,8.449866143612226e-10
2982.89,8.361026046141848e-10
2982.9,8.309303215187661e-10
2982.91,8.296521102185394e-10
2982.92,8.325506753215081e-10
2982.93,8.403728897150854e-10
2982.94,8.529144201586306e-10
2982.95,8.711429012618798e-10
2982.96,8.957550841315521e-10
2982.97,9.274578629211031e-10
2982.98,9.668129133855037e-10
2982.99,1.0139462819642117e-09
2983.0,1.0680723732064559e-09
2983.01,1.1268403465225874e-09
2983.02,1.185689012000972e-09
2983.03,1.2377049528703224e-09
2983.04,1.2746892013107804e-09
2983.05,1.28970393848175e-09
2983.06,1.2800655899466439e-09
2983.07,1.2487293458206533e-09
2983.08,1.202942591540983e-09
2983.09,1.1515324306080929e-09
2983.1,1.1013499014237423e-09
2983.11,1.0577485250966206e-09
2983.12,1.0237238434278503e-09
2983.13,1.0008280135308798e-09
2983.14,9.89815429326358e-10
2983.15,9.91047446990133e-10
2983.16,1.0045725291977147e-09
2983.17,1.0298110359043958e-09
2983.18,1.0647692320666331e-09
2983.19,1.1048829839281832e-09
2983.2,1.142200723367882e-09
2983.21,1.1664617870081111e-09
2983.22,1.169164783324588e-09
2983.23,1.148487921848593e-09
2983.24,1.1103686609644876e-09
2983.25,1.0645418109409359e-09
2983.26,1.0196366565759516e-09
2983.27,9.809321191704325e-10
2983.28,9.50645197556924e-10
2983.29,9.291022263346001e-10
2983.3,9.157519150823493e-10
2983.31,9.09775145214777e-10
2983.32,9.103816618332299e-10
2983.33,9.169276409276449e-10
2983.34,9.289470659155152e-10
2983.35,9.461478128766257e-10
2983.36,9.683969584391424e-10
2983.37,9.957059860192808e-10
2983.38,1.0282200178697383e-09
2983.39,1.0662123611881723e-09
2983.4,1.1100845654582185e-09
2983.41,1.160371868946284e-09
2983.42,1.2177539013704169e-09
2983.43,1.2830705858752913e-09
2983.44,1.3573432283817577e-09
2983.45,1.4418007041043504e-09
2983.46,1.537910338669128e-09
2983.47,1.6474123610109555e-09
2983.48,1.7723553936228238e-09
2983.49,1.9151278793203605e-09
2983.5,2.0782238413776487e-09
2983.51,2.2652397815952366e-09
2983.52,2.479285897180179e-09
2983.53,2.723820481546668e-09
2983.54,3.002040948272343e-09
2983.55,3.3162511145331514e-09
2983.56,3.6668307812376905e-09
2983.57,4.050706352718083e-09
2983.58,4.459342182057368e-09
2983.59,4.876581066056642e-09
2983.6,5.277201214745949e-09
2983.61,5.627649729853398e-09
2983.62,5.8904666636853864e-09
2983.63,6.032608192932508e-09
2983.64,6.035430098040639e-09
2983.65,5.9001664735079875e-09
2983.66,5.6488050355986595e-09
2983.67,5.3158347535762505e-09
2983.68,4.9386944619474574e-09
2983.69,4.549965063600386e-09
2983.7,4.173580509030894e-09
2983.71,3.824280789097149e-09
2983.72,3.510286548761671e-09
2983.73,3.2339196300939993e-09
2983.74,2.9945913374613044e-09
2983.75,2.789993515240264e-09
2983.76,2.6170626478205723e-09
2983.77,2.4725654890013844e-09
2983.78,2.353425095061572e-09
2983.79,2.2568829516708423e-09
2983.8,2.180564421648195e-09
2983.81,2.1224911348924843e-09
2983.82,2.081067133188803e-09
2983.83,2.0550545745355634e-09
2983.84,2.0435479813372245e-09
2983.85,2.045951977644812e-09
2983.86,2.0619651776823347e-09
2983.87,2.0915716769351656e-09
2983.88,2.1350410179736165e-09
2983.89,2.1929372713752363e-09
2983.9,2.266137785058577e-09
2983.91,2.3558620288596177e-09
2983.92,2.463710565309855e-09
2983.93,2.591713155018602e-09
2983.94,2.74238277398934e-09
2983.95,2.918767981901303e-09
2983.96,3.1244884911635333e-09
2983.97,3.3637272391984273e-09
2983.98,3.6411389244504255e-09
2983.99,3.961630956874221e-09
2984.0,4.33000862715179e-09
2984.01,4.7506064415850926e-09
2984.02,5.227288262180856e-09
2984.03,5.764461683093385e-09
2984.04,6.362320658457188e-09
2984.05,7.04927264563894e-09
2984.06,7.84066137203881e-09
2984.07,8.767345920461984e-09
2984.08,9.864748379212688e-09
2984.09,1.1177012164196083e-08
2984.1,1.2708605300284145e-08
2984.11,1.4471625454314479e-08
2984.12,1.6426092161443792e-08
2984.13,1.846437473544927e-08
2984.14,2.0390466328222195e-08
2984.15,2.1928421885218775e-08
2984.16,2.2786510013712944e-08
2984.17,2.276999463936184e-08
2984.18,2.187653375271593e-08
2984.19,2.0297096196355797e-08
2984.2,1.832161466771803e-08
2984.21,1.6225903507587916e-08
2984.22,1.420669788981336e-08
2984.23,1.237282917353598e-08
2984.24,1.076622943823341e-08
2984.25,9.3881853838311e-09
2984.26,8.220151219095834e-09
2984.27,7.2345269013938106e-09
2984.28,6.404273038404267e-09
2984.29,5.704163767898182e-09
2984.3,5.112382916392262e-09
2984.31,4.61065761899301e-09
2984.32,4.183959544174722e-09
2984.33,3.820060442177501e-09
2984.34,3.509077290249999e-09
2984.35,3.243063578073539e-09
2984.36,3.0156644252347105e-09
2984.37,2.8218349825248214e-09
2984.38,2.6576131787068996e-09
2984.39,2.519933328031502e-09
2984.4,2.40646280356395e-09
2984.41,2.3149197235126007e-09
2984.42,2.244945962059075e-09
2984.43,2.194711321946514e-09
2984.44,2.1628046499170766e-09
2984.45,2.146210540819653e-09
2984.46,2.14103446782557e-09
2984.47,2.141154454454667e-09
2984.48,2.138840248471826e-09
2984.49,2.126483555850552e-09
2984.5,2.1046635446921586e-09
2984.51,2.063212317094974e-09
2984.52,2.0129551372572026e-09
2984.53,1.9622601708322268e-09
2984.54,1.919187771257121e-09
2984.55,1.8889801252894146e-09
2984.56,1.8723839019919763e-09
2984.57,1.8645023624979925e-09
2984.58,1.8547003465368298e-09
2984.59,1.8292962432674104e-09
2984.6,1.777780793330422e-09
2984.61,1.6989533322500983e-09
2984.62,1.6012535363716453e-09
2984.63,1.4970909736011968e-09
2984.64,1.3968486607402255e-09
2984.65,1.3064969598214455e-09
2984.66,1.2281956750632183e-09
2984.67,1.1618130068882374e-09
2984.68,1.1061767747613092e-09
2984.69,1.0598134873385856e-09
2984.7,1.02130195855849e-09
2984.71,9.894076586170811e-10
2984.72,9.631111729398318e-10
2984.73,9.415927603796293e-10
2984.74,9.242028810432088e-10
2984.75,9.104316115201955e-10
2984.76,8.998817482640225e-10
2984.77,8.921118418151758e-10
2984.78,8.871596822159871e-10
2984.79,8.847164061980743e-10
2984.8,8.846590829264564e-10
2984.81,8.869073496071432e-10
2984.82,8.914180023361084e-10
2984.83,8.981812377233549e-10
2984.84,9.072182429684755e-10
2984.85,9.185799197709462e-10
2984.86,9.320791324749715e-10
2984.87,9.483627024801957e-10
2984.88,9.673035584819065e-10
2984.89,9.890775240393436e-10
2984.9,1.013897623503514e-09
2984.91,1.0420183940062391e-09
2984.92,1.073741347661804e-09
2984.93,1.1094217644308687e-09
2984.94,1.1494770501887315e-09
2984.95,1.1943969570981526e-09
2984.96,1.2447560366234073e-09
2984.97,1.3012287803574516e-09
2984.98,1.3646080007990506e-09
2984.99,1.4358271103420077e-09
2985.0,1.5159870651491145e-09
2985.01,1.6063888339165687e-09
2985.02,1.7085722967947834e-09
2985.03,1.8243624124725186e-09
2985.04,1.9561394931389654e-09
2985.05,2.106036730144266e-09
2985.06,2.2773021107009595e-09
2985.07,2.4735052744806495e-09
2985.08,2.698812522365422e-09
2985.09,2.9580181803450036e-09
2985.1,3.2565118405731537e-09
2985.11,3.60011982694221e-09
2985.12,3.994719829020474e-09
2985.13,4.445473982197633e-09
2985.14,4.9554671241158514e-09
2985.15,5.523509488818651e-09
2985.16,6.140955575630014e-09
2985.17,6.787493274218032e-09
2985.18,7.428597325726409e-09
2985.19,8.012872778822483e-09
2985.2,8.477916108907832e-09
2985.21,8.762577490907713e-09
2985.22,8.824734869707072e-09
2985.23,8.656213933844644e-09
2985.24,8.285956076524783e-09
2985.25,7.769365680792827e-09
2985.26,7.170565312240442e-09
2985.27,6.546925754485357e-09
2985.28,5.940987024048358e-09
2985.29,5.379366724302294e-09
2985.3,4.875631017446625e-09
2985.31,4.434310760943075e-09
2985.32,4.054483161085123e-09
2985.33,3.732387095508066e-09
2985.34,3.4630921001058094e-09
2985.35,3.241423002664772e-09
2985.36,3.062339533236451e-09
2985.37,2.9209071452917966e-09
2985.38,2.811942196867845e-09
2985.39,2.7294246337941005e-09
2985.4,2.6658958310564084e-09
2985.41,2.612295911765244e-09
2985.42,2.5588443815042357e-09
2985.43,2.4971895613283985e-09
2985.44,2.4229732216359596e-09
2985.45,2.3370899025107246e-09
2985.46,2.2446163478524457e-09
2985.47,2.1522247993595584e-09
2985.48,2.065815389502854e-09
2985.49,1.989378445645804e-09
2985.5,1.924972066605658e-09
2985.51,1.8732318930042986e-09
2985.52,1.8339503528779208e-09
2985.53,1.806524092417792e-09
2985.54,1.790239655150247e-09
2985.55,1.7844335344924185e-09
2985.56,1.7885718417022369e-09
2985.57,1.8022846072700529e-09
2985.58,1.825377369414598e-09
2985.59,1.8578333693120969e-09
2985.6,1.900432860333627e-09
2985.61,1.9522828652800346e-09
2985.62,2.0145263787682603e-09
2985.63,2.0878898310568446e-09
2985.64,2.1733170179834586e-09
2985.65,2.2719957160382366e-09
2985.66,2.385393561653554e-09
2985.67,2.5153050238085586e-09
2985.68,2.663911868934042e-09
2985.69,2.8338602436142327e-09
2985.7,3.0283583976836746e-09
2985.71,3.251300147816862e-09
2985.72,3.507420415273004e-09
2985.73,3.8024904630428275e-09
2985.74,4.1435615370751e-09
2985.75,4.539265872472443e-09
2985.76,5.010443705234197e-09
2985.77,5.5495849424230365e-09
2985.78,6.18270565519087e-09
2985.79,6.92894906299483e-09
2985.8,7.811334411565464e-09
2985.81,8.855912517487796e-09
2985.82,1.0091977992050655e-08
2985.83,1.1548426765256552e-08
2985.84,1.3239507247310744e-08
2985.85,1.5185546389157676e-08
2985.86,1.7344370181903997e-08
2985.87,1.961775757752799e-08
2985.88,2.18193852922441e-08
2985.89,2.367583497406653e-08
2985.9,2.4880559391124102e-08
2985.91,2.520250771546191e-08
2985.92,2.459296642369679e-08
2985.93,2.320804447719356e-08
2985.94,2.1326695128860087e-08
2985.95,1.923176491814267e-08
2985.96,1.7131810214963624e-08
2985.97,1.514591294590897e-08
2985.98,1.332800037561106e-08
2985.99,1.16980924077692e-08
2986.0,1.0261122918980167e-08
2986.01,9.012650113339965e-09
2986.02,7.940123971485963e-09
2986.03,7.025199298900716e-09
2986.04,6.247043359322268e-09
2986.05,5.585111235390882e-09
2986.06,5.02076071378367e-09
2986.07,4.537884480989737e-09
2986.08,4.122950174042849e-09
2986.09,3.764760029431767e-09
2986.1,3.454115280130564e-09
2986.11,3.1834774923995153e-09
2986.12,2.9466653450075658e-09
2986.13,2.738598223647627e-09
2986.14,2.555085774360275e-09
2986.15,2.3926578752714265e-09
2986.16,2.2484283314377368e-09
2986.17,2.1199859400659932e-09
2986.18,2.005117493096526e-09
2986.19,1.9024992027431556e-09
2986.2,1.8104972358639782e-09
2986.21,1.7278863629402325e-09
2986.22,1.6596873986256734e-09
2986.23,1.5929092701651316e-09
2986.24,1.5328200530676474e-09
2986.25,1.4784856518668786e-09
2986.26,1.4298945116698925e-09
2986.27,1.3862809452552138e-09
2986.28,1.3472246686978733e-09
2986.29,1.312363731270787e-09
2986.3,1.2813870210272274e-09
2986.31,1.2540280639731579e-09
2986.32,1.230059903038575e-09
2986.33,1.2092908864986314e-09
2986.34,1.1915612303009582e-09
2986.35,1.1767402471992091e-09
2986.36,1.164724158885288e-09
2986.37,1.1554344269131186e-09
2986.38,1.1488165548508178e-09
2986.39,1.1448393287651338e-09
2986.4,1.1434944763401614e-09
2986.41,1.1447967373688838e-09
2986.42,1.1487843504714557e-09
2986.43,1.1556991600830914e-09
2986.44,1.165272158180093e-09
2986.45,1.177797789509954e-09
2986.46,1.1934223680288973e-09
2986.47,1.2123254777627352e-09
2986.48,1.234723837911456e-09
2986.49,1.2608760508023434e-09
2986.5,1.2910883958032368e-09
2986.51,1.3257218726944485e-09
2986.52,1.3652007477702563e-09
2986.53,1.410022917127184e-09
2986.54,1.4607724769194216e-09
2986.55,1.5181349828248303e-09
2986.56,1.5829159933436703e-09
2986.57,1.6560636269779473e-09
2986.58,1.7386960226042124e-09
2986.59,1.83213477415116e-09
2986.6,1.937945605422526e-09
2986.61,2.057987736848448e-09
2986.62,2.1944735238590173e-09
2986.63,2.350039921740549e-09
2986.64,2.527832971822711e-09
2986.65,2.7313282920631567e-09
2986.66,2.9655500944184106e-09
2986.67,3.2355165557985817e-09
2986.68,3.547455235551661e-09
2986.69,3.9085843031758254e-09
2986.7,4.327072226300667e-09
2986.71,4.8117942342887185e-09
2986.72,5.371713547130664e-09
2986.73,6.013580335857539e-09
2986.74,6.743823680633946e-09
2986.75,7.558606325827717e-09
2986.76,8.442683935484558e-09
2986.77,9.361978322384837e-09
2986.78,1.02582938812495e-08
2986.79,1.1049460458952214e-08
2986.8,1.1640084463863881e-08
2986.81,1.1944443934345997e-08
2986.82,1.1914183456774973e-08
2986.83,1.1556003069716149e-08
2986.84,1.0928277833736913e-08
2986.85,1.0119473238989732e-08
2986.86,9.221774887794958e-09
2986.87,8.311954244902148e-09
2986.88,7.443398455112975e-09
2986.89,6.64687601791969e-09
2986.9,5.935648091939507e-09
2986.91,5.3114198760059995e-09
2986.92,4.769305160132914e-09
2986.93,4.301293846739406e-09
2986.94,3.898389075651299e-09
2986.95,3.552582831049613e-09
2986.96,3.254242163615158e-09
2986.97,2.997088262535279e-09
2986.98,2.775046958073606e-09
2986.99,2.5829711477013596e-09
2987.0,2.41653438463995e-09
2987.01,2.272116485202988e-09
2987.02,2.146695257742304e-09
2987.03,2.03775027543374e-09
2987.04,1.943180347512147e-09
2987.05,1.8612342655633332e-09
2987.06,1.7904535096066641e-09
2987.07,1.7296253239695132e-09
2987.08,1.6777446032465694e-09
2987.09,1.6339831948824765e-09
2987.1,1.5976654412668998e-09
2987.11,1.5682490079228241e-09
2987.12,1.5453102583729612e-09
2987.13,1.5285336353025705e-09
2987.14,1.5177046943043132e-09
2987.15,1.5127066160877228e-09
2987.16,1.513678317674048e-09
2987.17,1.5203864569766713e-09
2987.18,1.5331795159794413e-09
2987.19,1.5523701296263152e-09
2987.2,1.5784103709362404e-09
2987.21,1.611916202925156e-09
2987.22,1.6536993961752074e-09
2987.23,1.7048073746101655e-09
2987.24,1.7665698182796325e-09
2987.25,1.8406467336578185e-09
2987.26,1.929063413807382e-09
2987.27,2.0341983217316007e-09
2987.28,2.1586526527791525e-09
2987.29,2.3048671715499327e-09
2987.3,2.474270162738881e-09
2987.31,2.6657117716665147e-09
2987.32,2.8731949862188397e-09
2987.33,3.083846635489966e-09
2987.34,3.278637612705129e-09
2987.35,3.4385907309062735e-09
2987.36,3.554857934524716e-09
2987.37,3.634636197886239e-09
2987.38,3.696712791560021e-09
2987.39,3.77097306067383e-09
2987.4,3.850382310575256e-09
2987.41,3.95002442178055e-09
2987.42,4.0701876296887195e-09
2987.43,4.210941696220387e-09
2987.44,4.3755306023384874e-09
2987.45,4.5713800529142834e-09
2987.46,4.8090874114157625e-09
2987.47,5.100834823215834e-09
2987.48,5.459452916681778e-09
2987.49,5.898449916209938e-09
2987.5,6.432687209331369e-09
2987.51,7.079268839320349e-09
2987.52,7.858323549907306e-09
2987.53,8.793415523960891e-09
2987.54,9.91121314967311e-09
2987.55,1.1239743356259638e-08
2987.56,1.2804053284643121e-08
2987.57,1.4617469413683042e-08
2987.58,1.6666298197642093e-08
2987.59,1.888696028018067e-08
2987.6,2.1139249718909233e-08
2987.61,2.3191920501043332e-08
2987.62,2.4743031749810395e-08
2987.63,2.550100264385509e-08
2987.64,2.5292281634850747e-08
2987.65,2.4176940808360192e-08
2987.66,2.2373625162299075e-08
2987.67,2.019060529773354e-08
2987.68,1.7907688576685022e-08
2987.69,1.572068591861855e-08
2987.7,1.3735932115208364e-08
2987.71,1.1993772739726845e-08
2987.72,1.0494362158167307e-08
2987.73,9.217631996449333e-09
2987.74,8.135777621047757e-09
2987.75,7.220033671470187e-09
2987.76,6.443862249436674e-09
2987.77,5.7841405960951666e-09
2987.78,5.2213376714908175e-09
2987.79,4.7392364545848996e-09
2987.8,4.324492561228573e-09
2987.81,3.96630537633544e-09
2987.82,3.655450229846252e-09
2987.83,3.384722745345345e-09
2987.84,3.1480934359852814e-09
2987.85,2.9405936242606995e-09
2987.86,2.758114513740905e-09
2987.87,2.59724593955353e-09
2987.88,2.455147266509641e-09
2987.89,2.3294440549758254e-09
2987.9,2.218145266175692e-09
2987.91,2.1195768050018615e-09
2987.92,2.032328060781745e-09
2987.93,1.96181598020902e-09
2987.94,1.8938569955477212e-09
2987.95,1.8341759257770097e-09
2987.96,1.782060219501849e-09
2987.97,1.736913608549403e-09
2987.98,1.698241332473593e-09
2987.99,1.6634497255915702e-09
2988.0,1.6366015242085774e-09
2988.01,1.6152468822403169e-09
2988.02,1.5992029320274857e-09
2988.03,1.5883516530777764e-09
2988.04,1.5826380826328151e-09
2988.05,1.5820701052031143e-09
2988.06,1.5867198334181073e-09
2988.07,1.5967266495636179e-09
2988.08,1.6123020317833615e-09
2988.09,1.6337363383751927e-09
2988.1,1.6614077603761847e-09
2988.11,1.6957936604534883e-09
2988.12,1.7374844625103928e-09
2988.13,1.787200080801048e-09
2988.14,1.8458084695216802e-09
2988.15,1.9140700987087266e-09
2988.16,1.9937567082379506e-09
2988.17,2.086007085451133e-09
2988.18,2.1924236767116593e-09
2988.19,2.3147540709172956e-09
2988.2,2.4547901306789754e-09
2988.21,2.6141801569393743e-09
2988.22,2.7941398377412834e-09
2988.23,2.995104894039482e-09
2988.24,3.216494003493043e-09
2988.25,3.456915642806573e-09
2988.26,3.715187770038166e-09
2988.27,3.992176684549203e-09
2988.28,4.2927220080171915e-09
2988.29,4.62648573431588e-09
2988.3,5.008166160539329e-09
2988.31,5.451617737690652e-09
2988.32,5.9739520786528414e-09
2988.33,6.589951759720137e-09
2988.34,7.311390884700292e-09
2988.35,8.14435340267346e-09
2988.36,9.084653474671795e-09
2988.37,1.0110923737895302e-08
2988.38,1.1176193571220893e-08
2988.39,1.2201273196476375e-08
2988.4,1.3076469185539326e-08
2988.41,1.367900491234464e-08
2988.42,1.3907000491029738e-08
2988.43,1.3716836046353232e-08
2988.44,1.3141295108729614e-08
2988.45,1.2275608738423093e-08
2988.46,1.124139902432298e-08
2988.47,1.0151087538547956e-08
2988.48,9.08796475460444e-09
2988.49,8.10273080108853e-09
2988.5,7.219525287902442e-09
2988.51,6.444692241708171e-09
2988.52,5.7738733246053305e-09
2988.53,5.19799321310366e-09
2988.54,4.70609635548488e-09
2988.55,4.287279109478795e-09
2988.56,3.931587552037416e-09
2988.57,3.630383514121949e-09
2988.58,3.3764295238079574e-09
2988.59,3.163841361902519e-09
2988.6,2.987991267671428e-09
2988.61,2.845404800585818e-09
2988.62,2.73366953205308e-09
2988.63,2.651355413887919e-09
2988.64,2.597926831032167e-09
2988.65,2.573595874584386e-09
2988.66,2.579014232184632e-09
2988.67,2.614619163309051e-09
2988.68,2.6793560217551182e-09
2988.69,2.768509298242546e-09
2988.7,2.8708032279419624e-09
2988.71,2.9662309368833717e-09
2988.72,3.0279111020824786e-09
2988.73,3.03087218734676e-09
2988.74,2.9646136075292085e-09
2988.75,2.839292488658207e-09
2988.76,2.679376498303438e-09
2988.77,2.5110610509671285e-09
2988.78,2.3535585501096976e-09
2988.79,2.2172972833070388e-09
2988.8,2.1060864951167254e-09
2988.81,2.0199598255963646e-09
2988.82,1.9572488279842498e-09
2988.83,1.9157167634050205e-09
2988.84,1.892996601123926e-09
2988.85,1.8865827850142132e-09
2988.86,1.8935521057781914e-09
2988.87,1.9101703685340763e-09
2988.88,1.9316128634389493e-09
2988.89,1.9521337687705325e-09
2988.9,1.9659796616664046e-09
2988.91,1.968938635597766e-09
2988.92,1.959773902096946e-09
2988.93,1.940576090886009e-09
2988.94,1.9157567120425534e-09
2988.95,1.8903861394481774e-09
2988.96,1.868841336444392e-09
2988.97,1.8542124369890893e-09
2988.98,1.848338290813948e-09
2988.99,1.8521359878545573e-09
2989.0,1.86596901579257e-09
2989.01,1.899590410220361e-09
2989.02,1.9337919874145297e-09
2989.03,1.9779180183111135e-09
2989.04,2.0329041795772068e-09
2989.05,2.098796020735436e-09
2989.06,2.1761949423539465e-09
2989.07,2.2659278913359308e-09
2989.08,2.3690738848400446e-09
2989.09,2.486996560934357e-09
2989.1,2.621385904407619e-09
2989.11,2.7743120502681363e-09
2989.12,2.94802397749446e-09
2989.13,3.1461201057782717e-09
2989.14,3.372033301559239e-09
2989.15,3.630256657422408e-09
2989.16,3.9262472626852325e-09
2989.17,4.266644650395967e-09
2989.18,4.659627359949621e-09
2989.19,5.1148894582672e-09
2989.2,5.644548520628481e-09
2989.21,6.2632281398177825e-09
2989.22,6.98858436865981e-09
2989.23,7.841659067585044e-09
2989.24,8.846947122938045e-09
2989.25,1.003178549681246e-08
2989.26,1.1424348135003912e-08
2989.27,1.3049044179665923e-08
2989.28,1.4917546349895827e-08
2989.29,1.7013449764172266e-08
2989.3,1.926987526934776e-08
2989.31,2.154435153126244e-08
2989.32,2.360553640073966e-08
2989.33,2.5156791850202552e-08
2989.34,2.5914861993124183e-08
2989.35,2.5721725905931213e-08
2989.36,2.4619806182602968e-08
2989.37,2.283095949672857e-08
2989.38,2.0656673821431846e-08
2989.39,1.8373392472067096e-08
2989.4,1.6173256410408818e-08
2989.41,1.4171987169869617e-08
2989.42,1.2400086706792177e-08
2989.43,1.0879402934955543e-08
2989.44,9.582091706660508e-09
2989.45,8.481464323425733e-09
2989.46,7.549352263448561e-09
2989.47,6.759474092113783e-09
2989.48,6.0887619677592114e-09
2989.49,5.517633998316481e-09
2989.5,5.029778198349036e-09
2989.51,4.611749069596755e-09
2989.52,4.252525933841063e-09
2989.53,3.94310020503716e-09
2989.54,3.676116828469765e-09
2989.55,3.4455748557516193e-09
2989.56,3.246583162593246e-09
2989.57,3.075163965174966e-09
2989.58,2.9280960219913855e-09
2989.59,2.8027896043125143e-09
2989.6,2.6971855804058723e-09
2989.61,2.6096706952136525e-09
2989.62,2.5389998512724565e-09
2989.63,2.4842134677569625e-09
2989.64,2.4445336450943412e-09
2989.65,2.426171392112915e-09
2989.66,2.414338014202601e-09
2989.67,2.414562588813704e-09
2989.68,2.425651923663842e-09
2989.69,2.44235006575214e-09
2989.7,2.461352375504598e-09
2989.71,2.477964827511241e-09
2989.72,2.48834914588747e-09
2989.73,2.4909216747615425e-09
2989.74,2.487055226699136e-09
2989.75,2.480589352426854e-09
2989.76,2.4765048597015123e-09
2989.77,2.4796018941810977e-09
2989.78,2.493759504084147e-09
2989.79,2.5218180126334696e-09
2989.8,2.5658279353556745e-09
2989.81,2.6274088843200547e-09
2989.82,2.7080780609479834e-09
2989.83,2.809507158188437e-09
2989.84,2.9337164849754315e-09
2989.85,3.0832302886937716e-09
2989.86,3.2612165216930177e-09
2989.87,3.4716287695724953e-09
2989.88,3.7193619629844965e-09
2989.89,4.01042725696856e-09
2989.9,4.352143539413356e-09
2989.91,4.7533303787686674e-09
2989.92,5.224464867768427e-09
2989.93,5.777724873822316e-09
2989.94,6.426771896740757e-09
2989.95,7.186013021218429e-09
2989.96,8.068911843538717e-09
2989.97,9.084708653244236e-09
2989.98,1.0232764601641546e-08
2989.99,1.1493969297227187e-08
2990.0,1.2819866267832207e-08
2990.01,1.4123093257777077e-08
2990.02,1.5277085551746117e-08
2990.03,1.613510314067955e-08
2990.04,1.6571452179917168e-08
2990.05,1.6529304150925836e-08
2990.06,1.604490940892728e-08
2990.07,1.5228977028757546e-08
2990.08,1.4217364694264113e-08
2990.09,1.3122891641828715e-08
2990.1,1.2012692027400969e-08
2990.11,1.0915433365027718e-08
2990.12,9.845059615622147e-09
2990.13,8.819724803679806e-09
2990.14,7.863693534092734e-09
2990.15,6.997845106714943e-09
2990.16,6.233026001102818e-09
2990.17,5.569174835180717e-09
2990.18,4.998916550613944e-09
2990.19,4.511455647664064e-09
2990.2,4.095288145307476e-09
2990.21,3.739652598256628e-09
2990.22,3.435124336668079e-09
2990.23,3.173740424227897e-09
2990.24,2.948907581147044e-09
2990.25,2.755230824881402e-09
2990.26,2.5883293264643732e-09
2990.27,2.4446672688775416e-09
2990.28,2.3214079658438624e-09
2990.29,2.2162898699839407e-09
2990.3,2.127517889188718e-09
2990.31,2.0536595935360256e-09
2990.32,1.9935319146981074e-09
2990.33,1.9460597636821787e-09
2990.34,1.910086047247571e-09
2990.35,1.884119926767605e-09
2990.36,1.8660403437673124e-09
2990.37,1.8528397163510472e-09
2990.38,1.840589993794245e-09
2990.39,1.8248635713666256e-09
2990.4,1.8016976692647291e-09
2990.41,1.7687955690357142e-09
2990.42,1.726294184862211e-09
2990.43,1.6765718807225746e-09
2990.44,1.6232274513558276e-09
2990.45,1.5698842118548364e-09
2990.46,1.5189269862985104e-09
2990.47,1.473121261705935e-09
2990.48,1.432920320028103e-09
2990.49,1.3986033868764288e-09
2990.5,1.3700601408367293e-09
2990.51,1.3469822231164092e-09
2990.52,1.3289873023039374e-09
2990.53,1.3156909923895526e-09
2990.54,1.3067442124578252e-09
2990.55,1.3018498125152048e-09
2990.56,1.3007677487291143e-09
2990.57,1.3033145050890053e-09
2990.58,1.3093600455963586e-09
2990.59,1.3276190001564344e-09
2990.6,1.3402597246130854e-09
2990.61,1.3565506924724044e-09
2990.62,1.3762872982369007e-09
2990.63,1.3995615273563073e-09
2990.64,1.4265062399989055e-09
2990.65,1.4572962807559735e-09
2990.66,1.4921506219858604e-09
2990.67,1.5313355925130285e-09
2990.68,1.575169277771601e-09
2990.69,1.6240272193933574e-09
2990.7,1.678349591726287e-09
2990.71,1.7386500919325925e-09
2990.72,1.805526851343194e-09
2990.73,1.879675762847311e-09
2990.74,1.9619067264282817e-09
2990.75,2.0531634492762168e-09
2990.76,2.1545476051607176e-09
2990.77,2.2673483703485764e-09
2990.78,2.393224417156056e-09
2990.79,2.5336662088775704e-09
2990.8,2.6909226216929924e-09
2990.81,2.8674884564392933e-09
2990.82,3.0663331282497625e-09
2990.83,3.2910046967515812e-09
2990.84,3.54575894900368e-09
2990.85,3.835719372909608e-09
2990.86,4.162724538404545e-09
2990.87,4.542992041709553e-09
2990.88,4.98124576175937e-09
2990.89,5.488525847428726e-09
2990.9,6.07820664441891e-09
2990.91,6.766401908666075e-09
2990.92,7.572313393681102e-09
2990.93,8.518368284868849e-09
2990.94,9.629841538942042e-09
2990.95,1.0933404654735088e-08
2990.96,1.245364972291706e-08
2990.97,1.4206138598467085e-08
2990.98,1.6185181057652147e-08
2990.99,1.834515677415255e-08
2991.0,2.057741061078514e-08
2991.01,2.269236453719666e-08
2991.02,2.442675566648608e-08
2991.03,2.5497398206807777e-08
2991.04,2.5698023012947815e-08
2991.05,2.4991499492539685e-08
2991.06,2.3522437360700673e-08
2991.07,2.155805172688886e-08
2991.08,1.9379453429543358e-08
2991.09,1.7209298289074026e-08
2991.1,1.5187813691187676e-08
2991.11,1.3383451767365488e-08
2991.12,1.1815567071218402e-08
2991.13,1.0475300398877672e-08
2991.14,9.340158513393598e-09
2991.15,8.38263801345799e-09
2991.16,7.574709072320224e-09
2991.17,6.889948791030663e-09
2991.18,6.30465509399649e-09
2991.19,5.788732573062616e-09
2991.2,5.346313286078116e-09
2991.21,4.9560377041496536e-09
2991.22,4.610271105979869e-09
2991.23,4.3048595064023864e-09
2991.24,4.036371901326511e-09
2991.25,3.802157809704765e-09
2991.26,3.5996744389313556e-09
2991.27,3.4264107457733856e-09
2991.28,3.2799714402156307e-09
2991.29,3.1581915822205852e-09
2991.3,3.0592268217439473e-09
2991.31,2.981609943723931e-09
2991.32,2.924282939753298e-09
2991.33,2.8866175894457554e-09
2991.34,2.8684356807799125e-09
2991.35,2.8700369507292515e-09
2991.36,2.8992829169449355e-09
2991.37,2.9435195788873523e-09
2991.38,3.011786305521921e-09
2991.39,3.1070452504687116e-09
2991.4,3.232352324648108e-09
2991.41,3.392091231231098e-09
2991.42,3.590798494073943e-09
2991.43,3.832573873968316e-09
2991.44,4.119389450846707e-09
2991.45,4.448107805114165e-09
2991.46,4.8063103977020276e-09
2991.47,5.1687078743923496e-09
2991.48,5.498587549061544e-09
2991.49,5.759173798982438e-09
2991.5,5.932571158511213e-09
2991.51,6.032708999242999e-09
2991.52,6.100199674774999e-09
2991.53,6.184353687889881e-09
2991.54,6.327756952556673e-09
2991.55,6.561096336420982e-09
2991.56,6.905405783760359e-09
2991.57,7.376338145899348e-09
2991.58,7.987284179583022e-09
2991.59,8.750253040700562e-09
2991.6,9.67413243215494e-09
2991.61,1.0759837105347547e-08
2991.62,1.1991728323275053e-08
2991.63,1.3325397043593184e-08
2991.64,1.4674501294173681e-08
2991.65,1.590433037283228e-08
2991.66,1.684452747056017e-08
2991.67,1.732993349992882e-08
2991.68,1.7259599935291178e-08
2991.69,1.664050432262719e-08
2991.7,1.558399172744622e-08
2991.71,1.4257686760686935e-08
2991.72,1.2827284730343881e-08
2991.73,1.1419345916753874e-08
2991.74,1.0111763114913023e-08
2991.75,8.941655225411593e-09
2991.76,7.918657212967118e-09
2991.77,7.036740767379656e-09
2991.78,6.282468105390573e-09
2991.79,5.639965443223328e-09
2991.8,5.0935772666625e-09
2991.81,4.629089518064193e-09
2991.82,4.234144766416394e-09
2991.83,3.898230211003819e-09
2991.84,3.6124496964075606e-09
2991.85,3.369187605611002e-09
2991.86,3.1617208939693756e-09
2991.87,2.983827342001246e-09
2991.88,2.828857317368323e-09
2991.89,2.692068074119578e-09
2991.9,2.567168912798416e-09
2991.91,2.4493560411609286e-09
2991.92,2.3353911685785536e-09
2991.93,2.2239806950357254e-09
2991.94,2.115544606152028e-09
2991.95,2.0114893759729537e-09
2991.96,1.9133954788564916e-09
2991.97,1.8227865440913755e-09
2991.98,1.7396592219179543e-09
2991.99,1.6644354665067838e-09
2992.0,1.5968458178114324e-09
2992.01,1.5364022398590847e-09
2992.02,1.4825192110667077e-09
2992.03,1.4345930987808744e-09
2992.04,1.3920477798197902e-09
2992.05,1.3543572046846648e-09
2992.06,1.3210538271354212e-09
2992.07,1.291729118748653e-09
2992.08,1.26603009026663e-09
2992.09,1.2436541236841647e-09
2992.1,1.224343386054015e-09
2992.11,1.2076494940890402e-09
2992.12,1.1938498113203705e-09
2992.13,1.1825597790078227e-09
2992.14,1.173652888515381e-09
2992.15,1.1746768206360105e-09
2992.16,1.1702895603176367e-09
2992.17,1.1680404876453687e-09
2992.18,1.1678860695140509e-09
2992.19,1.1697996384234178e-09
2992.2,1.1737705648563298e-09
2992.21,1.1798037276758916e-09
2992.22,1.1879192600506265e-09
2992.23,1.1981525564125153e-09
2992.24,1.2105545334582401e-09
2992.25,1.2251921454451362e-09
2992.26,1.242149161142709e-09
2992.27,1.261527217121591e-09
2992.28,1.2834471697697331e-09
2992.29,1.3080507768688956e-09
2992.3,1.3355027491198807e-09
2992.31,1.3659932229324502e-09
2992.32,1.3997407187792664e-09
2992.33,1.4369956647558704e-09
2992.34,1.4780445836971325e-09
2992.35,1.5179366609325939e-09
2992.36,1.5676300189736525e-09
2992.37,1.6222478509353915e-09
2992.38,1.6822810708148409e-09
2992.39,1.7482929375654247e-09
2992.4,1.8209310106038644e-09
2992.41,1.9009415037334337e-09
2992.42,1.9891865730034924e-09
2992.43,2.088516974499417e-09
2992.44,2.196401850501591e-09
2992.45,2.3160356711963382e-09
2992.46,2.4490031486410356e-09
2992.47,2.597165640525729e-09
2992.48,2.7627177140413953e-09
2992.49,2.9482567820745033e-09
2992.5,3.1568689856806493e-09
2992.51,3.392235195234349e-09
2992.52,3.6592183857066784e-09
2992.53,3.962200867418172e-09
2992.54,4.308011750183747e-09
2992.55,4.7043468082485425e-09
2992.56,5.160503747797271e-09
2992.57,5.687704872234361e-09
2992.58,6.299444760824322e-09
2992.59,7.011820300025723e-09
2992.6,7.843749633655928e-09
2992.61,8.816894237312294e-09
2992.62,9.954939091841659e-09
2992.63,1.1281631184419755e-08
2992.64,1.2816617578081946e-08
2992.65,1.4567743511846788e-08
2992.66,1.6518406508511108e-08
2992.67,1.8609671629875408e-08
2992.68,2.0720601969420985e-08
2992.69,2.265761329205965e-08
2992.7,2.417131555550314e-08
2992.71,2.501556524807037e-08
2992.72,2.5036118872957553e-08
2992.73,2.423933849205209e-08
2992.74,2.279039379930352e-08
2992.75,2.094219596090959e-08
2992.76,1.8946846742099033e-08
2992.77,1.699834397342728e-08
2992.78,1.5217702601569875e-08
2992.79,1.3664666675754939e-08
2992.8,1.2358584583810575e-08
2992.81,1.1294380563683845e-08
2992.82,1.0454326769533532e-08
2992.83,9.812337246651285e-09
2992.84,9.333291788262951e-09
2992.85,8.969569573554336e-09
2992.86,8.659681759801445e-09
2992.87,8.336105843439608e-09
2992.88,7.945193110227512e-09
2992.89,7.468543956173239e-09
2992.9,6.927215582413146e-09
2992.91,6.364323852389607e-09
2992.92,5.821930758569565e-09
2992.93,5.32799948047345e-09
2992.94,4.895226281998032e-09
2992.95,4.515449678403123e-09
2992.96,4.205218414708662e-09
2992.97,3.9483842996474756e-09
2992.98,3.738724622873284e-09
2992.99,3.5706397459544423e-09
2993.0,3.439387021868694e-09
2993.01,3.3409084707216508e-09
2993.02,3.2713446973763347e-09
2993.03,3.2263204199977036e-09
2993.04,3.2003372028504243e-09
2993.05,3.187063406564497e-09
2993.06,3.1818768142501953e-09
2993.07,3.181901357667016e-09
2993.08,3.1907537950114953e-09
2993.09,3.2210617254675272e-09
2993.1,3.264594097870698e-09
2993.11,3.332762693541326e-09
2993.12,3.4289542411431922e-09
2993.13,3.5561698094330317e-09
2993.14,3.7176819123594007e-09
2993.15,3.917508136723549e-09
2993.16,4.160749626247595e-09
2993.17,4.453868344289996e-09
2993.18,4.804949719711484e-09
2993.19,5.2239621293104945e-09
2993.2,5.722985502029443e-09
2993.21,6.316326283280548e-09
2993.22,7.020345669301268e-09
2993.23,7.852677088138325e-09
2993.24,8.830272726760204e-09
2993.25,9.965402820588753e-09
2993.26,1.1258455658394486e-08
2993.27,1.2686565454183075e-08
2993.28,1.4188658811940485e-08
2993.29,1.5650923600558103e-08
2993.3,1.690885976479512e-08
2993.31,1.776910123916843e-08
2993.32,1.807096248682772e-08
2993.33,1.7751745331510683e-08
2993.34,1.687622313691326e-08
2993.35,1.5606249209605798e-08
2993.36,1.413439699673318e-08
2993.37,1.2625906375915252e-08
2993.38,1.1192558571523414e-08
2993.39,9.893997926033665e-09
2993.4,8.751493910094977e-09
2993.41,7.762878677674987e-09
2993.42,6.914029246812062e-09
2993.43,6.186361018931145e-09
2993.44,5.561209405055622e-09
2993.45,5.022037419867125e-09
2993.46,4.555167622785428e-09
2993.47,4.1496114935557785e-09
2993.48,3.796508854719556e-09
2993.49,3.488551997243406e-09
2993.5,3.21956598954769e-09
2993.51,2.984255419739592e-09
2993.52,2.7780606332241845e-09
2993.53,2.5970670803712765e-09
2993.54,2.437934494645798e-09
2993.55,2.2978325287971305e-09
2993.56,2.1743801886255707e-09
2993.57,2.065590334803671e-09
2993.58,1.96982112320604e-09
2993.59,1.8857357166727393e-09
2993.6,1.8131851787233847e-09
2993.61,1.7495346208989298e-09
2993.62,1.6951170360026444e-09
2993.63,1.6495846740476445e-09
2993.64,1.6128087313304673e-09
2993.65,1.5846599279638443e-09
2993.66,1.5657372207280573e-09
2993.67,1.5560224043719816e-09
2993.68,1.561556586497259e-09
2993.69,1.5687547547503182e-09
2993.7,1.5807611377935341e-09
2993.71,1.5919409893773839e-09
2993.72,1.5946639753005283e-09
2993.73,1.5821638480324717e-09
2993.74,1.5523834044473554e-09
2993.75,1.5092644122280226e-09
2993.76,1.4600651533306154e-09
2993.77,1.4115337326899269e-09
2993.78,1.367935619612112e-09
2993.79,1.3311185788806e-09
2993.8,1.3013809982741454e-09
2993.81,1.2782728020971721e-09
2993.82,1.26328152536885e-09
2993.83,1.2513319845293465e-09
2993.84,1.2439842931058715e-09
2993.85,1.240741311066759e-09
2993.86,1.2412212341956084e-09
2993.87,1.2451433648765403e-09
2993.88,1.2463024007508073e-09
2993.89,1.2566257004878086e-09
2993.9,1.2700085894233804e-09
2993.91,1.2864401327220466e-09
2993.92,1.3059560454250029e-09
2993.93,1.328635135886284e-09
2993.94,1.3545975559992123e-09
2993.95,1.3840046238411295e-09
2993.96,1.4170600730322514e-09
2993.97,1.454012666469132e-09
2993.98,1.4951601902990993e-09
2993.99,1.5408549198966216e-09
2994.0,1.5915107280997624e-09
2994.01,1.6476120919552195e-09
2994.02,1.7097253541567894e-09
2994.03,1.7785127158393394e-09
2994.04,1.8547495869041662e-09
2994.05,1.939346108594503e-09
2994.06,2.033373901825945e-09
2994.07,2.1380993973258526e-09
2994.08,2.2550254812371838e-09
2994.09,2.385943649685365e-09
2994.1,2.5329993951934136e-09
2994.11,2.700035197634248e-09
2994.12,2.8876560912871022e-09
2994.13,3.100898345224716e-09
2994.14,3.3443603227231245e-09
2994.15,3.6236308134800025e-09
2994.16,3.945474195833884e-09
2994.17,4.317988091578682e-09
2994.18,4.750646742234278e-09
2994.19,5.254051096257434e-09
2994.2,5.839053367739696e-09
2994.21,6.514725438995145e-09
2994.22,7.2845497501802046e-09
2994.23,8.140718560623215e-09
2994.24,9.058430783218788e-09
2994.25,9.995835946152413e-09
2994.26,1.090728071706592e-08
2994.27,1.176981834803139e-08
2994.28,1.2605993001091147e-08
2994.29,1.3481403763864434e-08
2994.3,1.4477112745603019e-08
2994.31,1.5657304303077637e-08
2994.32,1.7046660058320294e-08
2994.33,1.8615963242603875e-08
2994.34,2.0270428602690928e-08
2994.35,2.184357419560868e-08
2994.36,2.311034248251696e-08
2994.37,2.3834708584546404e-08
2994.38,2.3847544163029857e-08
2994.39,2.3116320225802853e-08
2994.4,2.175871017143716e-08
2994.41,1.9987451363209194e-08
2994.42,1.8030713882921517e-08
2994.43,1.607292253610496e-08
2994.44,1.4233787921357797e-08
2994.45,1.2574759850167589e-08
2994.46,1.1116052623050973e-08
2994.47,9.853298179186223e-09
2994.48,8.769779285027094e-09
2994.49,7.844083797509631e-09
2994.5,7.054346238333329e-09
2994.51,6.380315497769404e-09
2994.52,5.8041719051791735e-09
2994.53,5.310684344164192e-09
2994.54,4.887052743159339e-09
2994.55,4.5226247633392904e-09
2994.56,4.208583459072558e-09
2994.57,3.93765147102496e-09
2994.58,3.7038301360572893e-09
2994.59,3.5021782139405e-09
2994.6,3.328628550320772e-09
2994.61,3.1798384249085e-09
2994.62,3.054794852237212e-09
2994.63,2.947823858324923e-09
2994.64,2.858838366849472e-09
2994.65,2.786405421359836e-09
2994.66,2.7294151282235923e-09
2994.67,2.6870457951885e-09
2994.68,2.6587391341832996e-09
2994.69,2.644184413707242e-09
2994.7,2.6323208253027482e-09
2994.71,2.6453585817065525e-09
2994.72,2.6726650809079354e-09
2994.73,2.7149246699025013e-09
2994.74,2.773114140920177e-09
2994.75,2.848540192833103e-09
2994.76,2.942889752025323e-09
2994.77,3.058295736281112e-09
2994.78,3.1974215601059596e-09
2994.79,3.363568446756003e-09
2994.8,3.560810333589944e-09
2994.81,3.794161600060032e-09
2994.82,4.076506487179784e-09
2994.83,4.401987619712994e-09
2994.84,4.7865182538406935e-09
2994.85,5.241305648529577e-09
2994.86,5.77981891440586e-09
2994.87,6.4179512158492e-09
2994.88,7.173866105140342e-09
2994.89,8.06715984408816e-09
2994.9,9.116697963486922e-09
2994.91,1.0336116388356476e-08
2994.92,1.1725663175901572e-08
2994.93,1.3259306148587136e-08
2994.94,1.4867973741375655e-08
2994.95,1.6424865486630205e-08
2994.96,1.7746353715274976e-08
2994.97,1.862482355973406e-08
2994.98,1.889477355623856e-08
2994.99,1.850115317678839e-08
2995.0,1.752284353466297e-08
2995.01,1.6134960760797965e-08
2995.02,1.4540707406446035e-08
2995.03,1.2914436617862741e-08
2995.04,1.1375059966242951e-08
2995.05,9.986191969839393e-09
2995.06,8.770112108718273e-09
2995.07,7.723987834269128e-09
2995.08,6.832511749424401e-09
2995.09,6.075855559439771e-09
2995.1,5.433958916377154e-09
2995.11,4.890833469935926e-09
2995.12,4.425961309349893e-09
2995.13,4.028277621409254e-09
2995.14,3.686681840843519e-09
2995.15,3.392036302996662e-09
2995.16,3.13684450870636e-09
2995.17,2.9195189840171566e-09
2995.18,2.7259166109171266e-09
2995.19,2.5564215160241674e-09
2995.2,2.4101235622823556e-09
2995.21,2.2791637839728415e-09
2995.22,2.1636860179178115e-09
2995.23,2.0617244244525197e-09
2995.24,1.9714789614016578e-09
2995.25,1.8918882106337497e-09
2995.26,1.8216399390720203e-09
2995.27,1.7597654510514175e-09
2995.28,1.7054528168377422e-09
2995.29,1.6580236521930272e-09
2995.3,1.6169145754510963e-09
2995.31,1.5816625165976522e-09
2995.32,1.551893247812528e-09
2995.33,1.527399482026958e-09
2995.34,1.5077876946078734e-09
2995.35,1.4929937112339053e-09
2995.36,1.4829345814863186e-09
2995.37,1.477594995084715e-09
2995.38,1.4770294084040967e-09
2995.39,1.4813664947072137e-09
2995.4,1.4908162400764962e-09
2995.41,1.5056801613613544e-09
2995.42,1.5263653129554867e-09
2995.43,1.5468355914808984e-09
2995.44,1.5809407352843667e-09
2995.45,1.6229392676931188e-09
2995.46,1.6739145947225956e-09
2995.47,1.7352258664909748e-09
2995.48,1.8085759192629424e-09
2995.49,1.896096396138106e-09
2995.5,2.0004513311979287e-09
2995.51,2.124956445916979e-09
2995.52,2.2737015186827813e-09
2995.53,2.451641606537546e-09
2995.54,2.664580082335063e-09
2995.55,2.9188912981300793e-09
2995.56,3.2207255297288126e-09
2995.57,3.5743681776640354e-09
2995.58,3.982695893690103e-09
2995.59,4.431858642535704e-09
2995.6,4.908370191617333e-09
2995.61,5.388802350213624e-09
2995.62,5.845941653018166e-09
2995.63,6.246799771707414e-09
2995.64,6.546217480860115e-09
2995.65,6.689961556773844e-09
2995.66,6.637709989085252e-09
2995.67,6.391407828451705e-09
2995.68,6.000693878681805e-09
2995.69,5.539153855784771e-09
2995.7,5.0738928088660264e-09
2995.71,4.6494225822523245e-09
2995.72,4.287445359661789e-09
2995.73,3.993869857082569e-09
2995.74,3.766093605427333e-09
2995.75,3.5980395611994324e-09
2995.76,3.4829789955214626e-09
2995.77,3.4148763838213388e-09
2995.78,3.3889153329493174e-09
2995.79,3.401628927625504e-09
2995.8,3.4508684335740447e-09
2995.81,3.5357281241233366e-09
2995.82,3.6564812852668985e-09
2995.83,3.814551261755794e-09
2995.84,4.012526882789537e-09
2995.85,4.254225076262651e-09
2995.86,4.54479999993688e-09
2995.87,4.8908943911957295e-09
2995.88,5.30082221841265e-09
2995.89,5.7847584528727115e-09
2995.9,6.354886241581429e-09
2995.91,7.025405011837545e-09
2995.92,7.812221768087725e-09
2995.93,8.732015238882273e-09
2995.94,9.80016627890237e-09
2995.95,1.1026807281778e-08
2995.96,1.2410076919919081e-08
2995.97,1.3925918236102194e-08
2995.98,1.5515121783017803e-08
2995.99,1.7071537357578297e-08
2996.0,1.844105388214416e-08
2996.01,1.9441786771445422e-08
2996.02,1.9912025014137845e-08
2996.03,1.9772555614053694e-08
2996.04,1.9046324176878272e-08
2996.05,1.7868689149617497e-08
2996.06,1.6420109382217297e-08
2996.07,1.4873736434311346e-08
2996.08,1.3361324726873099e-08
2996.09,1.1964106325085302e-08
2996.1,1.072599774723196e-08
2996.11,9.659212954234706e-09
2996.12,8.760933921131884e-09
2996.13,8.020047392093108e-09
2996.14,7.421446074867011e-09
2996.15,6.947202537457401e-09
2996.16,6.575304130486291e-09
2996.17,6.277218094464721e-09
2996.18,6.017110490386523e-09
2996.19,5.75680161647371e-09
2996.2,5.4675490975577186e-09
2996.21,5.141479806025396e-09
2996.22,4.7920261355485815e-09
2996.23,4.442716075241414e-09
2996.24,4.114602550088383e-09
2996.25,3.820338892503722e-09
2996.26,3.5645497006009835e-09
2996.27,3.346661777114653e-09
2996.28,3.1635701714422272e-09
2996.29,3.011359338503335e-09
2996.3,2.8861993134724797e-09
2996.31,2.784727505716101e-09
2996.32,2.7041616120510483e-09
2996.33,2.6422908516161743e-09
2996.34,2.5974223351892197e-09
2996.35,2.568318880584221e-09
2996.36,2.554143768456032e-09
2996.37,2.5544180795918473e-09
2996.38,2.5689920071369198e-09
2996.39,2.5980300054598925e-09
2996.4,2.642009369556305e-09
2996.41,2.701732143605399e-09
2996.42,2.778350824161684e-09
2996.43,2.8734090254162518e-09
2996.44,2.9793538654385466e-09
2996.45,3.1230147430582786e-09
2996.46,3.287633056351315e-09
2996.47,3.482247907559043e-09
2996.48,3.7116788707245712e-09
2996.49,3.981865266296527e-09
2996.5,4.300110212403458e-09
2996.51,4.675366364544517e-09
2996.52,5.118550665648681e-09
2996.53,5.642850505885912e-09
2996.54,6.263933938545868e-09
2996.55,6.999882509635318e-09
2996.56,7.87049748294099e-09
2996.57,8.89535503110918e-09
2996.58,1.0089596903849522e-08
2996.59,1.1458906785003325e-08
2996.6,1.2975337224829352e-08
2996.61,1.4577043987219336e-08
2996.62,1.614078147738746e-08
2996.63,1.7483585218315234e-08
2996.64,1.839510165436951e-08
2996.65,1.8707453462748994e-08
2996.66,1.837053738116196e-08
2996.67,1.7478394698822192e-08
2996.68,1.622459971409991e-08
2996.69,1.48228375294953e-08
2996.7,1.3444942441079272e-08
2996.71,1.219809391948747e-08
2996.72,1.112799503357824e-08
2996.73,1.023289131907976e-08
2996.74,9.477079687333865e-09
2996.75,8.80581864689044e-09
2996.76,8.165381531985193e-09
2996.77,7.524221067919614e-09
2996.78,6.882066115898248e-09
2996.79,6.260379948733841e-09
2996.8,5.684482379972193e-09
2996.81,5.171464531915913e-09
2996.82,4.727690486615519e-09
2996.83,4.35167890118471e-09
2996.84,4.037889610919297e-09
2996.85,3.779488786112421e-09
2996.86,3.5699020856352205e-09
2996.87,3.4034169328678335e-09
2996.88,3.275882534065892e-09
2996.89,3.184082170919229e-09
2996.9,3.126153432301817e-09
2996.91,3.101447183966714e-09
2996.92,3.1105281398314318e-09
2996.93,3.1552135524050882e-09
2996.94,3.2386407919190974e-09
2996.95,3.3653299928239377e-09
2996.96,3.541162754516212e-09
2996.97,3.77311191146497e-09
2996.98,4.0684042623658136e-09
2996.99,4.4325624499714625e-09
2997.0,4.865519687955386e-09
2997.01,5.348185243838842e-09
2997.02,5.861268068502978e-09
2997.03,6.337137878128095e-09
2997.04,6.692001966030234e-09
2997.05,6.843841137116509e-09
2997.06,6.750813122446573e-09
2997.07,6.435107925096485e-09
2997.08,5.969977770738099e-09
2997.09,5.4424086460654935e-09
2997.1,4.921976822983622e-09
2997.11,4.4503363390338696e-09
2997.12,4.045566409561653e-09
2997.13,3.7109820304254323e-09
2997.14,3.4425839825598765e-09
2997.15,3.2337762348775577e-09
2997.16,3.077882847264267e-09
2997.17,2.969314043654932e-09
2997.18,2.9040209936584616e-09
2997.19,2.8796174370675027e-09
2997.2,2.895354574505935e-09
2997.21,2.9520062401316394e-09
2997.22,3.051617116305048e-09
2997.23,3.1969495472564992e-09
2997.24,3.390307901574892e-09
2997.25,3.631245752703013e-09
2997.26,3.912649966905708e-09
2997.27,4.215367343847536e-09
2997.28,4.50369309956765e-09
2997.29,4.727401364611245e-09
2997.3,4.836288745309945e-09
2997.31,4.803801691220499e-09
2997.32,4.6424006842147435e-09
2997.33,4.39605710816524e-09
2997.34,4.117247528258824e-09
2997.35,3.8477383538473346e-09
2997.36,3.6122794775722845e-09
2997.37,3.421454776296053e-09
2997.38,3.277142791722226e-09
2997.39,3.1768174529626535e-09
2997.4,3.1172043491526983e-09
2997.41,3.0944525643496784e-09
2997.42,3.105646463481835e-09
2997.43,3.1488288416863636e-09
2997.44,3.223055229156839e-09
2997.45,3.328384910954656e-09
2997.46,3.465867173657729e-09
2997.47,3.637549105380872e-09
2997.48,3.846515352918222e-09
2997.49,4.095431032484859e-09
2997.5,4.392778953313766e-09
2997.51,4.743768987506641e-09
2997.52,5.156609357568774e-09
2997.53,5.641035505286059e-09
2997.54,6.20824506883315e-09
2997.55,6.870548591377113e-09
2997.56,7.640483699181885e-09
2997.57,8.528997407459022e-09
2997.58,9.542143388759332e-09
2997.59,1.0675675892559239e-08
2997.6,1.1907222644216531e-08
2997.61,1.318687802812586e-08
2997.62,1.4429560792830642e-08
2997.63,1.5515854842386705e-08
2997.64,1.6309304923648068e-08
2997.65,1.6692100255936815e-08
2997.66,1.66067316853403e-08
2997.67,1.60798111507497e-08
2997.68,1.5211765818326172e-08
2997.69,1.4139729207851156e-08
2997.7,1.2997025102562654e-08
2997.71,1.1888307467579777e-08
2997.72,1.0882365424794542e-08
2997.73,1.0017669767601526e-08
2997.74,9.31146484004601e-09
2997.75,8.767970338760613e-09
2997.76,8.383492751612697e-09
2997.77,8.147785588414306e-09
2997.78,8.04152001492622e-09
2997.79,8.030495448360533e-09
2997.8,8.059658666747359e-09
2997.81,8.0542926812745e-09
2997.82,7.93711343636041e-09
2997.83,7.659341154012016e-09
2997.84,7.224522985409492e-09
2997.85,6.682929735394283e-09
2997.86,6.101892949181427e-09
2997.87,5.537689376694004e-09
2997.88,5.024272860679243e-09
2997.89,4.5756941365004836e-09
2997.9,4.19324481241044e-09
2997.91,3.871804714776387e-09
2997.92,3.603905855148299e-09
2997.93,3.3818759052300598e-09
2997.94,3.1987838672124754e-09
2997.95,3.0487493728836858e-09
2997.96,2.9269542112963505e-09
2997.97,2.8295352874611354e-09
2997.98,2.753445344304684e-09
2997.99,2.696319112591127e-09
2998.0,2.6563588596333592e-09
2998.01,2.6322425837981163e-09
2998.02,2.623053746203267e-09
2998.03,2.6282300532868995e-09
2998.04,2.6475287395332386e-09
2998.05,2.681006266223553e-09
2998.06,2.7286970174260164e-09
2998.07,2.7918762083734237e-09
2998.08,2.8711869595111697e-09
2998.09,2.967932439298211e-09
2998.1,3.0838041910616957e-09
2998.11,3.220943151140304e-09
2998.12,3.382020578680535e-09
2998.13,3.570343300701622e-09
2998.14,3.789988986088982e-09
2998.15,4.045978612660246e-09
2998.16,4.344494724583558e-09
2998.17,4.693155085107897e-09
2998.18,5.092631983721568e-09
2998.19,5.571982359578149e-09
2998.2,6.136669721261409e-09
2998.21,6.804083744492709e-09
2998.22,7.595225226154525e-09
2998.23,8.534896638169354e-09
2998.24,9.651211711966175e-09
2998.25,1.0973616544103101e-08
2998.26,1.2528008236642092e-08
2998.27,1.4326798222810592e-08
2998.28,1.6351485671494416e-08
2998.29,1.8527225012403587e-08
2998.3,2.0696084526776562e-08
2998.31,2.2609406939192016e-08
2998.32,2.396951475767321e-08
2998.33,2.4530923121675785e-08
2998.34,2.421370166619426e-08
2998.35,2.3145250280099244e-08
2998.36,2.1596874044604544e-08
2998.37,1.9869607509603482e-08
2998.38,1.8206290032585616e-08
2998.39,1.6759463121560312e-08
2998.4,1.5598093247512568e-08
2998.41,1.4725530545647136e-08
2998.42,1.409285894780292e-08
2998.43,1.3607191844467004e-08
2998.44,1.3146007404166682e-08
2998.45,1.2589693390914204e-08
2998.46,1.1866716250037524e-08
2998.47,1.0981352239104395e-08
2998.48,9.999516388127402e-09
2998.49,9.006479902534378e-09
2998.5,8.0708540506381e-09
2998.51,7.231675424827929e-09
2998.52,6.502559459769036e-09
2998.53,5.881246678514034e-09
2998.54,5.3578153190066804e-09
2998.55,4.919876129376228e-09
2998.56,4.555286486922748e-09
2998.57,4.2533259687338945e-09
2998.58,4.005057706529652e-09
2998.59,3.803313699010971e-09
2998.6,3.642537900791272e-09
2998.61,3.5116123676789114e-09
2998.62,3.421689857259735e-09
2998.63,3.3640275983814243e-09
2998.64,3.3379930828582523e-09
2998.65,3.3440247600308124e-09
2998.66,3.3836746160690637e-09
2998.67,3.459704047607581e-09
2998.68,3.5762279104865677e-09
2998.69,3.738890365131577e-09
2998.7,3.955029613751244e-09
2998.71,4.233731864569971e-09
2998.72,4.585111148480182e-09
2998.73,5.0211062717933e-09
2998.74,5.550270914507663e-09
2998.75,6.1744820095024525e-09
2998.76,6.879618483173619e-09
2998.77,7.623246575377158e-09
2998.78,8.323925355095566e-09
2998.79,8.864812845245084e-09
2998.8,9.1256669297011e-09
2998.81,9.037435080150714e-09
2998.82,8.62131991540515e-09
2998.83,7.976183196726711e-09
2998.84,7.226522445102957e-09
2998.85,6.475099630425465e-09
2998.86,5.784807542151717e-09
2998.87,5.1834941205840425e-09
2998.88,4.67647713288636e-09
2998.89,4.2575469085415525e-09
2998.9,3.914195145155459e-09
2998.91,3.638712974652656e-09
2998.92,3.4188643107563933e-09
2998.93,3.245836449578727e-09
2998.94,3.112464071935736e-09
2998.95,3.0130822185011835e-09
2998.96,2.9433163719923053e-09
2998.97,2.8998766673445963e-09
2998.98,2.8803820485335616e-09
2998.99,2.8832213503423662e-09
2999.0,2.907450519427553e-09
2999.01,2.9527226650714795e-09
2999.02,3.019247460616425e-09
2999.03,3.107777233015054e-09
2999.04,3.2196182620940873e-09
2999.05,3.3566671041316125e-09
2999.06,3.521473055116749e-09
2999.07,3.7173291288614923e-09
2999.08,3.948395071532032e-09
2999.09,4.219856801190768e-09
2999.1,4.5381268715167145e-09
2999.11,4.911089336199555e-09
2999.12,5.348388193465119e-09
2999.13,5.8617484812158325e-09
2999.14,6.4652975986407024e-09
2999.15,7.175811676572006e-09
2999.16,8.012730705373895e-09
2999.17,8.997639139422978e-09
2999.18,1.0152657656871192e-08
2999.19,1.1496802785258254e-08
2999.2,1.3038879032953537e-08
2999.21,1.4765165197562611e-08
2999.22,1.6620990316689268e-08
2999.23,1.8489268872811118e-08
2999.24,2.0178186768106272e-08
2999.25,2.1440861177400332e-08
2999.26,2.204463442919774e-08
2999.27,2.1868424109424197e-08
2999.28,2.0961196956569466e-08
2999.29,1.9512826242886305e-08
2999.3,1.7765544908491364e-08
2999.31,1.5933366601771333e-08
2999.32,1.4165270134474304e-08
2999.33,1.2545295203329345e-08
2999.34,1.1108941056264461e-08
2999.35,9.860676199852048e-09
2999.36,8.790549934217924e-09
2999.37,7.879477196599901e-09
2999.38,7.107102354673006e-09
2999.39,6.453896983695741e-09
2999.4,5.902386682513041e-09
2999.41,5.43754641948561e-09
2999.42,5.046777621231992e-09
2999.43,4.7197005298977425e-09
2999.44,4.447886438934551e-09
2999.45,4.224592197039099e-09
2999.46,4.0445255135034366e-09
2999.47,3.903652128669281e-09
2999.48,3.79904758247579e-09
2999.49,3.728792951450725e-09
2999.5,3.69191320448885e-09
2999.51,3.6883574919683003e-09
2999.52,3.7190220463339873e-09
2999.53,3.7858180219450775e-09
2999.54,3.891788160809616e-09
2999.55,4.0412770562125485e-09
2999.56,4.2401588386060135e-09
2999.57,4.49612093287163e-09
2999.58,4.818988270116774e-09
2999.59,5.221039415544288e-09
2999.6,5.717196454954303e-09
2999.61,6.324832391876905e-09
2999.62,7.062684222711496e-09
2999.63,7.947933752829324e-09
2999.64,8.989942184200587e-09
2999.65,1.0178744286026947e-08
2999.66,1.1467433988733362e-08
2999.67,1.2752505285183602e-08
2999.68,1.3866834944771691e-08
2999.69,1.4609298437250805e-08
2999.7,1.4820738978521491e-08
2999.71,1.4467666168798746e-08
2999.72,1.3663953264162876e-08
2999.73,1.2609694920676255e-08
2999.74,1.1503216714876805e-08
2999.75,1.0487778471785045e-08
2999.76,9.644097641418093e-09
2999.77,9.006794969661409e-09
2999.78,8.583781416265837e-09
2999.79,8.369337986887562e-09
2999.8,8.349199157880155e-09
2999.81,8.498365974105904e-09
2999.82,8.773098211692225e-09
2999.83,9.100824767101262e-09
2999.84,9.37703869608634e-09
2999.85,9.482434773240318e-09
2999.86,9.32446309446125e-09
2999.87,8.881046673855213e-09
2999.88,8.209542040522175e-09
2999.89,7.412133455772201e-09
2999.9,6.588682358032456e-09
2999.91,5.8013298307634585e-09
2999.92,5.101344282391462e-09
2999.93,4.492379364405522e-09
2999.94,3.970630551797374e-09
2999.95,3.5285722929042684e-09
2999.96,3.1540598664886255e-09
2999.97,2.8361968092173075e-09
2999.98,2.5653414444979968e-09
2999.99,2.3333434772409473e-09
3000.0,2.133474973795381e-09
