nu_cm-1,alpha_cm-1_at_x=0.045
6480.0,1.9787115849436354e-08
6480.01,2.007552732656981e-08
6480.02,2.0371904652197834e-08
6480.03,2.067655107154548e-08
6480.04,2.098982970389728e-08
6480.05,2.1312272516452882e-08
6480.06,2.164463432192552e-08
6480.07,2.198787157541826e-08
6480.08,2.2343079570066914e-08
6480.09,2.2711450963295116e-08
6480.1,2.309428186738341e-08
6480.11,2.3493060469331738e-08
6480.12,2.390936923215455e-08
6480.13,2.434519589064748e-08
6480.14,2.480284780930106e-08
6480.15,2.528525528974872e-08
6480.16,2.579529015019902e-08
6480.17,2.633707782708061e-08
6480.18,2.6914713979929695e-08
6480.19,2.753324227001652e-08
6480.2,2.8198110156397345e-08
6480.21,2.891551191512917e-08
6480.22,2.9692931684145293e-08
6480.23,3.053971358334723e-08
6480.24,3.146671487270491e-08
6480.25,3.2484626787629404e-08
6480.26,3.360024414589381e-08
6480.27,3.481073101844731e-08
6480.28,3.609577712823461e-08
6480.29,3.7410048854147916e-08
6480.3,3.8679853848701174e-08
6480.31,3.981397095136308e-08
6480.32,4.072955007554921e-08
6480.33,4.138326674760488e-08
6480.34,4.17897435412598e-08
6480.35,4.201594143974754e-08
6480.36,4.215640810521916e-08
6480.37,4.230388444194384e-08
6480.38,4.2530421395372265e-08
6480.39,4.288219848525574e-08
6480.4,4.338506854508282e-08
6480.41,4.405153102464917e-08
6480.42,4.4883506882544454e-08
6480.43,4.5866362611764945e-08
6480.44,4.695681027154089e-08
6480.45,4.8073512728171336e-08
6480.46,4.91039544868967e-08
6480.47,4.994057940458984e-08
6480.48,5.053402911107304e-08
6480.49,5.0921172753863246e-08
6480.5,5.119870547525298e-08
6480.51,5.1476936852752806e-08
6480.52,5.183068381185001e-08
6480.53,5.2307503795233294e-08
6480.54,5.2915251606941304e-08
6480.55,5.3657146749398585e-08
6480.56,5.4528343910970975e-08
6480.57,5.5523167537059246e-08
6480.58,5.6637281239947295e-08
6480.59,5.786855058711227e-08
6480.6,5.921696096587511e-08
6480.61,6.068449073072787e-08
6480.62,6.227314809510758e-08
6480.63,6.398471183524972e-08
6480.64,6.581750179461996e-08
6480.65,6.776394497538842e-08
6480.66,6.980894586255974e-08
6480.67,7.192992015989498e-08
6480.68,7.409619752372407e-08
6480.69,7.626948355655037e-08
6480.7,7.841052557691346e-08
6480.71,8.049824783435652e-08
6480.72,8.255060565424414e-08
6480.73,8.462484256147562e-08
6480.74,8.679396618895559e-08
6480.75,8.9120962382785e-08
6480.76,9.164896416684993e-08
6480.77,9.440374477505631e-08
6480.78,9.7402351462372e-08
6480.79,1.0065937674895339e-07
6480.8,1.0419088135142013e-07
6480.81,1.0801559319169299e-07
6480.82,1.1215409805387258e-07
6480.83,1.166258846859064e-07
6480.84,1.2144417765797585e-07
6480.85,1.2660758534817956e-07
6480.86,1.3208914576216867e-07
6480.87,1.378289297681309e-07
6480.88,1.4373482684903135e-07
6480.89,1.4970678748173747e-07
6480.9,1.556795726589425e-07
6480.91,1.616640703203485e-07
6480.92,1.677569274822862e-07
6480.93,1.7411063863591494e-07
6480.94,1.8088748838255906e-07
6480.95,1.882257006409532e-07
6480.96,1.962303347154109e-07
6480.97,2.0497533515068162e-07
6480.98,2.1451138144930978e-07
6480.99,2.248735228940558e-07
6481.0,2.3608987952922878e-07
6481.01,2.4819250250230427e-07
6481.02,2.612361645109017e-07
6481.03,2.753191721210988e-07
6481.04,2.905955409679912e-07
6481.05,3.0726983482623146e-07
6481.06,3.2558074840527635e-07
6481.07,3.45787293328611e-07
6481.08,3.681651716243035e-07
6481.09,3.930146335543768e-07
6481.1,4.2067313827987056e-07
6481.11,4.515316800412775e-07
6481.12,4.860526026405614e-07
6481.13,5.247883259865408e-07
6481.14,5.68401894616509e-07
6481.15,6.176915996770475e-07
6481.16,6.736212417142448e-07
6481.17,7.373598436528069e-07
6481.18,8.103298668121526e-07
6481.19,8.94268582910066e-07
6481.2,9.91304830247837e-07
6481.21,1.1040535589499996e-06
6481.22,1.2357290445831203e-06
6481.23,1.3902739506595467e-06
6481.24,1.5724953956579334e-06
6481.25,1.7881676298984456e-06
6481.26,2.0440684483843826e-06
6481.27,2.347781525892591e-06
6481.28,2.7070558901177987e-06
6481.29,3.128305395867069e-06
6481.3,3.6136606238250853e-06
6481.31,4.155981817994954e-06
6481.32,4.731724658733975e-06
6481.33,5.29491980551187e-06
6481.34,5.7751629219611154e-06
6481.35,6.090789774492579e-06
6481.36,6.1764124758535215e-06
6481.37,6.012652516225133e-06
6481.38,5.636045427522249e-06
6481.39,5.120757261266966e-06
6481.4,4.550178923663511e-06
6481.41,3.981618621070252e-06
6481.42,3.456162330247534e-06
6481.43,2.9913390844055276e-06
6481.44,2.5906499540920843e-06
6481.45,2.2501655081434665e-06
6481.46,1.962811811736863e-06
6481.47,1.7207829320380953e-06
6481.48,1.5167146087636854e-06
6481.49,1.3441348533754945e-06
6481.5,1.19758557276694e-06
6481.51,1.0725489650470418e-06
6481.52,9.653269733436449e-07
6481.53,8.729082677121367e-07
6481.54,7.928416961755884e-07
6481.55,7.231290830386864e-07
6481.56,6.621358237342814e-07
6481.57,6.085199713656127e-07
6481.58,5.611765363838649e-07
6481.59,5.191939709010027e-07
6481.6,4.818189521161669e-07
6481.61,4.484261831870218e-07
6481.62,4.1849277983289576e-07
6481.63,3.915778316912117e-07
6481.64,3.6730966097025904e-07
6481.65,3.4536341473673905e-07
6481.66,3.254683572800962e-07
6481.67,3.0738966752380693e-07
6481.68,2.9092497827180786e-07
6481.69,2.7589903735566546e-07
6481.7,2.6215898935187723e-07
6481.71,2.4957015563085215e-07
6481.72,2.3801249996320943e-07
6481.73,2.2738237851821085e-07
6481.74,2.1757245579173564e-07
6481.75,2.0850137218416513e-07
6481.76,2.000962773626628e-07
6481.77,1.9229877299299532e-07
6481.78,1.850633976580508e-07
6481.79,1.783535591924017e-07
6481.8,1.7213717312793754e-07
6481.81,1.6638362719529714e-07
6481.82,1.61063653073363e-07
6481.83,1.561510751928124e-07
6481.84,1.5162549867689838e-07
6481.85,1.474729009056429e-07
6481.86,1.436861902156823e-07
6481.87,1.4026163830378376e-07
6481.88,1.3719457836231547e-07
6481.89,1.3447334287243857e-07
6481.9,1.3207206191453293e-07
6481.91,1.2994215051694336e-07
6481.92,1.2800599990645608e-07
6481.93,1.261535816553077e-07
6481.94,1.2425620768764152e-07
6481.95,1.2220011531939846e-07
6481.96,1.1992997487652253e-07
6481.97,1.1747343435494482e-07
6481.98,1.1492443896586891e-07
6481.99,1.1239931526083984e-07
6482.0,1.0999638311308217e-07
6482.01,1.0777576000969871e-07
6482.02,1.0575992501187372e-07
6482.03,1.0393838177932178e-07
6482.04,1.0227728498380843e-07
6482.05,1.0073257924585743e-07
6482.06,9.926647344667092e-08
6482.07,9.785988708618246e-08
6482.08,9.651430726653223e-08
6482.09,9.524482546309789e-08
6482.1,9.407177946836184e-08
6482.11,9.301564784121209e-08
6482.12,9.209271527924776e-08
6482.13,9.131471854112434e-08
6482.14,9.068780043921133e-08
6482.15,9.021441621169224e-08
6482.16,8.989294654679337e-08
6482.17,8.972036092069576e-08
6482.18,8.968896923138919e-08
6482.19,8.97835946625044e-08
6482.2,8.9977052878303e-08
6482.21,9.022716485491005e-08
6482.22,9.047754854670576e-08
6482.23,9.066903510087946e-08
6482.24,9.075879273996814e-08
6482.25,9.073759073522745e-08
6482.26,9.063291278524993e-08
6482.27,9.049177560313242e-08
6482.28,9.036652999749357e-08
6482.29,9.029848132386006e-08
6482.3,9.031835789134573e-08
6482.31,9.043948293193184e-08
6482.32,9.067209610963335e-08
6482.33,9.101841962047776e-08
6482.34,9.147695212961068e-08
6482.35,9.204519011966282e-08
6482.36,9.27208092622172e-08
6482.37,9.350227253093003e-08
6482.38,9.439167047997671e-08
6482.39,9.538241451383085e-08
6482.4,9.647781687018195e-08
6482.41,9.767858331075634e-08
6482.42,9.898593411929416e-08
6482.43,1.0040164430941851e-07
6482.44,1.0192837689198459e-07
6482.45,1.0356936282795301e-07
6482.46,1.0532971124628934e-07
6482.47,1.0721578641864796e-07
6482.48,1.0923514904138832e-07
6482.49,1.1139683306481319e-07
6482.5,1.1370855457410349e-07
6482.51,1.1618067467897204e-07
6482.52,1.1882413997739003e-07
6482.53,1.2165203118204338e-07
6482.54,1.246806596814417e-07
6482.55,1.2793029546914513e-07
6482.56,1.3142530386932147e-07
6482.57,1.3519399815712022e-07
6482.58,1.3926852742233394e-07
6482.59,1.4368422222960966e-07
6482.6,1.484779474059467e-07
6482.61,1.5368293273936712e-07
6482.62,1.593185644285036e-07
6482.63,1.6537451051949757e-07
6482.64,1.7179155404035432e-07
6482.65,1.7845418283153152e-07
6482.66,1.8521462181688962e-07
6482.67,1.9194852789746852e-07
6482.68,1.9861122360538124e-07
6482.69,2.0525419282851676e-07
6482.7,2.120062214131119e-07
6482.71,2.190439813505142e-07
6482.72,2.2655796110472025e-07
6482.73,2.3471892643981518e-07
6482.74,2.436625140174979e-07
6482.75,2.534934315697873e-07
6482.76,2.6430068413768827e-07
6482.77,2.761730929921039e-07
6482.78,2.8920930895587526e-07
6482.79,3.035241087242386e-07
6482.8,3.192502863703215e-07
6482.81,3.3653942298236953e-07
6482.82,3.555645972210406e-07
6482.83,3.7652595347527514e-07
6482.84,3.9965776686491065e-07
6482.85,4.25235509648335e-07
6482.86,4.5358352333116986e-07
6482.87,4.850824303038871e-07
6482.88,5.201803862722492e-07
6482.89,5.594030552188777e-07
6482.9,6.033656840734267e-07
6482.91,6.527862203772387e-07
6482.92,7.084985029540436e-07
6482.93,7.714714643653096e-07
6482.94,8.428404625885831e-07
6482.95,9.239736377987155e-07
6482.96,1.0165804719210597e-06
6482.97,1.1228552690879497e-06
6482.98,1.2456166401288454e-06
6482.99,1.3884137469583926e-06
6483.0,1.5556079960922747e-06
6483.01,1.7524596974949465e-06
6483.02,1.9852184625489277e-06
6483.03,2.2611578512311453e-06
6483.04,2.588404348373313e-06
6483.05,2.9753062836082753e-06
6483.06,3.4289650687035583e-06
6483.07,3.95230231870423e-06
6483.08,4.539060008369408e-06
6483.09,5.1696447636458096e-06
6483.1,5.7918955274270596e-06
6483.11,6.336634573638999e-06
6483.12,6.716508225396978e-06
6483.13,6.8561484640772764e-06
6483.14,6.7246991896206e-06
6483.15,6.3511533859748045e-06
6483.16,5.8099017051418795e-06
6483.17,5.188393833450218e-06
6483.18,4.5596863098391385e-06
6483.19,3.970464949334064e-06
6483.2,3.4441318717609184e-06
6483.21,2.987339806003589e-06
6483.22,2.59736720632515e-06
6483.23,2.2672007284936226e-06
6483.24,1.9885139136229534e-06
6483.25,1.7532031458803729e-06
6483.26,1.5540294121213824e-06
6483.27,1.3848120070397514e-06
6483.28,1.240400560932891e-06
6483.29,1.1165599078734294e-06
6483.3,1.009827078716732e-06
6483.31,9.17378113620766e-07
6483.32,8.3690664722744e-07
6483.33,7.665239049165829e-07
6483.34,7.046776600220671e-07
6483.35,6.500864693415324e-07
6483.36,6.016927656993944e-07
6483.37,5.586214492537956e-07
6483.38,5.201465934368695e-07
6483.39,4.85662160475997e-07
6483.4,4.5465808924139653e-07
6483.41,4.267021202049457e-07
6483.42,4.014260606710066e-07
6483.43,3.7851443687948253e-07
6483.44,3.576954942072768e-07
6483.45,3.38733003320337e-07
6483.46,3.214187135609176e-07
6483.47,3.0556728364182666e-07
6483.48,2.910134741460038e-07
6483.49,2.776100704261405e-07
6483.5,2.652304577676887e-07
6483.51,2.5376672447719724e-07
6483.52,2.4313719488582476e-07
6483.53,2.3326910817547674e-07
6483.54,2.241035118909526e-07
6483.55,2.1558861494082654e-07
6483.56,2.0767990856312204e-07
6483.57,2.0032112540035763e-07
6483.58,1.934673034966524e-07
6483.59,1.8707022451975131e-07
6483.6,1.810853977721112e-07
6483.61,1.7547567402688208e-07
6483.62,1.702132379948822e-07
6483.63,1.6527932456672454e-07
6483.64,1.606602041169318e-07
6483.65,1.5634467015900768e-07
6483.66,1.5232095688232513e-07
6483.67,1.485773001718311e-07
6483.68,1.45098682472111e-07
6483.69,1.4187638740866957e-07
6483.7,1.388973378124103e-07
6483.71,1.3615283711630501e-07
6483.72,1.3363035143331637e-07
6483.73,1.3131584914045137e-07
6483.74,1.2919077651610325e-07
6483.75,1.2723041604685986e-07
6483.76,1.2540395778561785e-07
6483.77,1.236766550780217e-07
6483.78,1.2201769970624918e-07
6483.79,1.2041104301571752e-07
6483.8,1.1886363482594563e-07
6483.81,1.1740450518653864e-07
6483.82,1.1607244176446341e-07
6483.83,1.1490456770360038e-07
6483.84,1.1392886677709593e-07
6483.85,1.1316857569249433e-07
6483.86,1.1262155933694988e-07
6483.87,1.1228871391736627e-07
6483.88,1.1214769079964919e-07
6483.89,1.1214762921677971e-07
6483.9,1.1220263076696043e-07
6483.91,1.1219494496845954e-07
6483.92,1.1200227426835452e-07
6483.93,1.1154383380627916e-07
6483.94,1.108180297715583e-07
6483.95,1.0990224975492626e-07
6483.96,1.0891457974572343e-07
6483.97,1.0796989984500692e-07
6483.98,1.0714840417847771e-07
6483.99,1.0649500525171541e-07
6484.0,1.060264957555762e-07
6484.01,1.0574374402026388e-07
6484.02,1.0564146804604512e-07
6484.03,1.0571674586760425e-07
6484.04,1.0596260364557888e-07
6484.05,1.0637431704220982e-07
6484.06,1.0694861902090505e-07
6484.07,1.07674011932015e-07
6484.08,1.0852812807426642e-07
6484.09,1.0947364031121761e-07
6484.1,1.1045882336848488e-07
6484.11,1.1142530232536549e-07
6484.12,1.123262582432261e-07
6484.13,1.1314512067239079e-07
6484.14,1.1390343882467207e-07
6484.15,1.1465082048129615e-07
6484.16,1.1544505533935783e-07
6484.17,1.1633499750089347e-07
6484.18,1.1735335731883128e-07
6484.19,1.1851751280892865e-07
6484.2,1.1983449667292115e-07
6484.21,1.2130678499772246e-07
6484.22,1.2293626978871143e-07
6484.23,1.247262743371073e-07
6484.24,1.2668116098298332e-07
6484.25,1.2880604791651737e-07
6484.26,1.3110646780821966e-07
6484.27,1.335882409811819e-07
6484.28,1.3625900739340054e-07
6484.29,1.3912490831225534e-07
6484.3,1.4219559019547062e-07
6484.31,1.4548024243487122e-07
6484.32,1.4899049118590628e-07
6484.33,1.527385722186353e-07
6484.34,1.5673722009635414e-07
6484.35,1.6099849389965533e-07
6484.36,1.6553299962288347e-07
6484.37,1.7034943141184488e-07
6484.38,1.7545565454646664e-07
6484.39,1.808620476803197e-07
6484.4,1.8658412630471013e-07
6484.41,1.9264606752237178e-07
6484.42,1.990825212887022e-07
6484.43,2.059338853811726e-07
6484.44,2.1325996250779227e-07
6484.45,2.2111178658607186e-07
6484.46,2.295452456552038e-07
6484.47,2.38616777191093e-07
6484.48,2.483858417538272e-07
6484.49,2.589187820929627e-07
6484.5,2.702923772531193e-07
6484.51,2.825950136458823e-07
6484.52,2.95926381227012e-07
6484.53,3.10397219442355e-07
6484.54,3.261300157060647e-07
6484.55,3.432606993328682e-07
6484.56,3.6194059086346993e-07
6484.57,3.8233938744250936e-07
6484.58,4.04649712280795e-07
6484.59,4.2910660959316753e-07
6484.6,4.559893737955221e-07
6484.61,4.856379700205022e-07
6484.62,5.184497706867611e-07
6484.63,5.548714101328502e-07
6484.64,5.953931827050564e-07
6484.65,6.405512183096505e-07
6484.66,6.909563188003036e-07
6484.67,7.473583710324389e-07
6484.68,8.107392578484649e-07
6484.69,8.823854415262177e-07
6484.7,9.639166408483465e-07
6484.71,1.05729067060052e-06
6484.72,1.1648392848725602e-06
6484.73,1.289349385740471e-06
6484.74,1.434188054967937e-06
6484.75,1.6034500009086729e-06
6484.76,1.8053573615571752e-06
6484.77,2.039428867152529e-06
6484.78,2.315987843131172e-06
6484.79,2.643149594720874e-06
6484.8,3.027163776672356e-06
6484.81,3.48119780359331e-06
6484.82,4.00828583270925e-06
6484.83,4.60720040991955e-06
6484.84,5.263730543697209e-06
6484.85,5.942700454288237e-06
6484.86,6.582835294895761e-06
6484.87,7.098415124218329e-06
6484.88,7.399082476296714e-06
6484.89,7.422590979758089e-06
6484.9,7.163507487705274e-06
6484.91,6.676007548778515e-06
6484.92,6.048422604490687e-06
6484.93,5.3694666059483956e-06
6484.94,4.705264654163615e-06
6484.95,4.095230441086494e-06
6484.96,3.556327081477143e-06
6484.97,3.091201173354777e-06
6484.98,2.69490260082823e-06
6484.99,2.359306547738383e-06
6485.0,2.075598536692547e-06
6485.01,1.8354870655354962e-06
6485.02,1.6316851039362135e-06
6485.03,1.4580160168019277e-06
6485.04,1.3093459483549192e-06
6485.05,1.181452697496148e-06
6485.06,1.0708828476548693e-06
6485.07,9.748184954483346e-07
6485.08,8.90959631935042e-07
6485.09,8.174217716192302e-07
6485.1,7.526532526548863e-07
6485.11,6.953725696029323e-07
6485.12,6.445144684923443e-07
6485.13,5.991903232627588e-07
6485.14,5.586536674444559e-07
6485.15,5.222767771659183e-07
6485.16,4.895271136888394e-07
6485.17,4.599512820115344e-07
6485.18,4.331563785576404e-07
6485.19,4.088067579417287e-07
6485.2,3.86609635470738e-07
6485.21,3.6631605038295533e-07
6485.22,3.477144552449535e-07
6485.23,3.3062664920076477e-07
6485.24,3.1490150072220944e-07
6485.25,3.004087152197391e-07
6485.26,2.8703361574232404e-07
6485.27,2.746740926312289e-07
6485.28,2.6323837881134037e-07
6485.29,2.5264383881954166e-07
6485.3,2.4281614558218257e-07
6485.31,2.3368860553587062e-07
6485.32,2.2520160857495632e-07
6485.33,2.1730195897594888e-07
6485.34,2.0994203903792505e-07
6485.35,2.0308017575768642e-07
6485.36,1.9667836596882518e-07
6485.37,1.907028849021269e-07
6485.38,1.8512361077864525e-07
6485.39,1.7991273722356127e-07
6485.4,1.7504816451302613e-07
6485.41,1.7050822718484063e-07
6485.42,1.662742326419049e-07
6485.43,1.6233009041801405e-07
6485.44,1.5865801547022234e-07
6485.45,1.5525401847739813e-07
6485.46,1.5210345559162745e-07
6485.47,1.492012829708259e-07
6485.48,1.4652318628403755e-07
6485.49,1.4405762294993838e-07
6485.5,1.41781030011852e-07
6485.51,1.396620650412865e-07
6485.52,1.376634232443595e-07
6485.53,1.3575200067411063e-07
6485.54,1.3390156633492058e-07
6485.55,1.3210839789970248e-07
6485.56,1.303830198574667e-07
6485.57,1.2874460120557772e-07
6485.58,1.2721644698541626e-07
6485.59,1.258236549312922e-07
6485.6,1.2459058820811305e-07
6485.61,1.235368358570984e-07
6485.62,1.226750666819916e-07
6485.63,1.2201007621190245e-07
6485.64,1.2153916944000176e-07
6485.65,1.212497345643431e-07
6485.66,1.2111836143691317e-07
6485.67,1.211117304362229e-07
6485.68,1.211886659557073e-07
6485.69,1.213000375768246e-07
6485.7,1.2138254269985377e-07
6485.71,1.2136011923602187e-07
6485.72,1.211733679172332e-07
6485.73,1.2080366255918936e-07
6485.74,1.202892701422636e-07
6485.75,1.1971320905138292e-07
6485.76,1.1917066094716198e-07
6485.77,1.187321583750974e-07
6485.78,1.1844390888246687e-07
6485.79,1.1832960125666006e-07
6485.8,1.1839474036692615e-07
6485.81,1.1863238969212393e-07
6485.82,1.190252981337755e-07
6485.83,1.1955988008281728e-07
6485.84,1.202192148599299e-07
6485.85,1.2099366164623272e-07
6485.86,1.218820090979253e-07
6485.87,1.2289158897334364e-07
6485.88,1.2403586589449604e-07
6485.89,1.2533023033994205e-07
6485.9,1.267867701875341e-07
6485.91,1.284104408529479e-07
6485.92,1.3019533882951323e-07
6485.93,1.3212130403700103e-07
6485.94,1.3415274776478507e-07
6485.95,1.362424682511869e-07
6485.96,1.383414485614133e-07
6485.97,1.4043075114822496e-07
6485.98,1.4249359594230662e-07
6485.99,1.4457797454148047e-07
6486.0,1.4674218092350308e-07
6486.01,1.4904718105782847e-07
6486.02,1.5154249627257596e-07
6486.03,1.5426229747492772e-07
6486.04,1.5722667510735396e-07
6486.05,1.604458847290781e-07
6486.06,1.6392459147705894e-07
6486.07,1.6766702441034468e-07
6486.08,1.7167646779170016e-07
6486.09,1.7596348329077297e-07
6486.1,1.8054387041284877e-07
6486.11,1.8543871805774616e-07
6486.12,1.906729636029652e-07
6486.13,1.9627402170632158e-07
6486.14,2.0227099920833294e-07
6486.15,2.086947792078949e-07
6486.16,2.1557858131685477e-07
6486.17,2.229587079135612e-07
6486.18,2.308749147585535e-07
6486.19,2.39371771129179e-07
6486.2,2.484984846859724e-07
6486.21,2.5831150024894217e-07
6486.22,2.6887285078991303e-07
6486.23,2.802526754770471e-07
6486.24,2.925297827402584e-07
6486.25,3.0579273073504666e-07
6486.26,3.2014115249392906e-07
6486.27,3.356875659586883e-07
6486.28,3.525604297499521e-07
6486.29,3.7090533124129336e-07
6486.3,3.9089207239829504e-07
6486.31,4.127162967885741e-07
6486.32,4.366043680081489e-07
6486.33,4.6281765553115115e-07
6486.34,4.916580551366623e-07
6486.35,5.234750473731275e-07
6486.36,5.586748269936902e-07
6486.37,5.977309007713759e-07
6486.38,6.411979902889835e-07
6486.39,6.89727599470269e-07
6486.4,7.440897648429656e-07
6486.41,8.084453855535597e-07
6486.42,8.774378881122175e-07
6486.43,9.55640342392788e-07
6486.44,1.0446949334181553e-06
6486.45,1.146597036046999e-06
6486.46,1.2637695448656255e-06
6486.47,1.3991578056733114e-06
6486.48,1.5563457099471403e-06
6486.49,1.7396901090696677e-06
6486.5,1.9544537502884535e-06
6486.51,2.2069345122912386e-06
6486.52,2.504513131371302e-06
6486.53,2.855537430980937e-06
6486.54,3.2688522516623326e-06
6486.55,3.7526278650257808e-06
6486.56,4.311940820611973e-06
6486.57,4.9444345326972554e-06
6486.58,5.633683202674585e-06
6486.59,6.341065017816928e-06
6486.6,7.00116008048297e-06
6486.61,7.522140276648624e-06
6486.62,7.818171805097787e-06
6486.63,7.826266844507261e-06
6486.64,7.5446193640601504e-06
6486.65,7.030747783537033e-06
6486.66,6.375170792321946e-06
6486.67,5.667899810890939e-06
6486.68,4.975978701336688e-06
6486.69,4.339573838761363e-06
6486.7,3.776206408662524e-06
6486.71,3.2888431711260086e-06
6486.72,2.8726194678548945e-06
6486.73,2.519324533160807e-06
6486.74,2.219953590382101e-06
6486.75,1.965988108295593e-06
6486.76,1.7499228163404134e-06
6486.77,1.5653996364468078e-06
6486.78,1.4071379561451195e-06
6486.79,1.2707912913067543e-06
6486.8,1.152792312272578e-06
6486.81,1.050212269367017e-06
6486.82,9.60643122644693e-07
6486.83,8.821008831196987e-07
6486.84,8.129466275834346e-07
6486.85,7.518222018080293e-07
6486.86,6.975982739718279e-07
6486.87,6.493339559066596e-07
6486.88,6.06240788696423e-07
6486.89,5.676630772525252e-07
6486.9,5.33055496524954e-07
6486.91,5.019614739093515e-07
6486.92,4.740045080219134e-07
6486.93,4.488659642415842e-07
6486.94,4.262680629600513e-07
6486.95,4.059495833636937e-07
6486.96,3.876329797412335e-07
6486.97,3.709913345332346e-07
6486.98,3.55625353058568e-07
6486.99,3.4109742373915443e-07
6487.0,3.2703224656284924e-07
6487.01,3.1323852736519923e-07
6487.02,2.9975097732728354e-07
6487.03,2.8675089466280647e-07
6487.04,2.7443676348125265e-07
6487.05,2.629389679306707e-07
6487.06,2.5230057281895313e-07
6487.07,2.4250269839190494e-07
6487.08,2.334910636168162e-07
6487.09,2.2519829741943287e-07
6487.1,2.1755548166888372e-07
6487.11,2.105013849941704e-07
6487.12,2.039794546153115e-07
6487.13,1.9794134541882128e-07
6487.14,1.923454955857992e-07
6487.15,1.8715688890284776e-07
6487.16,1.8234588545448941e-07
6487.17,1.7788751323113646e-07
6487.18,1.7376145933438038e-07
6487.19,1.6995162623735444e-07
6487.2,1.664456714143655e-07
6487.21,1.6323455227854963e-07
6487.22,1.6031170898029538e-07
6487.23,1.5767166267165266e-07
6487.24,1.5530745687091995e-07
6487.25,1.532065988249492e-07
6487.26,1.5134625345677628e-07
6487.27,1.4968858281046352e-07
6487.28,1.481814716086763e-07
6487.29,1.4676431886300001e-07
6487.3,1.4537876376451561e-07
6487.31,1.4396809326905594e-07
6487.32,1.42483457489946e-07
6487.33,1.408866575046492e-07
6487.34,1.3916721963076153e-07
6487.35,1.3735561354500188e-07
6487.36,1.3552969349072546e-07
6487.37,1.3377140313545345e-07
6487.38,1.3214905223411427e-07
6487.39,1.3071672639722402e-07
6487.4,1.2947898817175957e-07
6487.41,1.2844799326199937e-07
6487.42,1.2761834028768417e-07
6487.43,1.2697983548905154e-07
6487.44,1.2651880926030166e-07
6487.45,1.262162868640112e-07
6487.46,1.2604437510535006e-07
6487.47,1.2596471645807656e-07
6487.48,1.2593368727880015e-07
6487.49,1.2591634841037475e-07
6487.5,1.2590223387165885e-07
6487.51,1.2590455699188873e-07
6487.52,1.2595632620587822e-07
6487.53,1.2609048894864298e-07
6487.54,1.2633169107311396e-07
6487.55,1.266948280753092e-07
6487.56,1.271881980753967e-07
6487.57,1.2781601513401492e-07
6487.58,1.285801579391323e-07
6487.59,1.294813517847311e-07
6487.6,1.3051991848030177e-07
6487.61,1.3169637715041638e-07
6487.62,1.3301205587354798e-07
6487.63,1.3446963135654864e-07
6487.64,1.360734281066053e-07
6487.65,1.3783068912177824e-07
6487.66,1.397450779954299e-07
6487.67,1.418252430897935e-07
6487.68,1.440786769280908e-07
6487.69,1.4651461232339285e-07
6487.7,1.4913664528082157e-07
6487.71,1.5195183091855218e-07
6487.72,1.5496078043306918e-07
6487.73,1.5815501077478963e-07
6487.74,1.6152521557230496e-07
6487.75,1.650440907869544e-07
6487.76,1.6867735211849478e-07
6487.77,1.723980778855771e-07
6487.78,1.7619180370806988e-07
6487.79,1.8007479789537927e-07
6487.8,1.8409378993982973e-07
6487.81,1.8831452653722043e-07
6487.82,1.9280331275448976e-07
6487.83,1.976196253875443e-07
6487.84,2.028106751106104e-07
6487.85,2.08413689711497e-07
6487.86,2.1446008982420248e-07
6487.87,2.209791554494034e-07
6487.88,2.2800133411408568e-07
6487.89,2.3556004974398257e-07
6487.9,2.436931189830869e-07
6487.91,2.5244319432981763e-07
6487.92,2.6185910968442474e-07
6487.93,2.719962289555723e-07
6487.94,2.829179871927582e-07
6487.95,2.9469680120135323e-07
6487.96,3.074152942970637e-07
6487.97,3.211628281480882e-07
6487.98,3.360564995923067e-07
6487.99,3.522133257375237e-07
6488.0,3.697710219334595e-07
6488.01,3.88884248983428e-07
6488.02,4.0972555368344735e-07
6488.03,4.3248547264567767e-07
6488.04,4.605211247903009e-07
6488.05,4.877739257323035e-07
6488.06,5.176215529981766e-07
6488.07,5.50362395470106e-07
6488.08,5.863261489153461e-07
6488.09,6.259909731192732e-07
6488.1,6.699477620737643e-07
6488.11,7.18916185789287e-07
6488.12,7.737325141177789e-07
6488.13,8.353740879502486e-07
6488.14,9.049750586287245e-07
6488.15,9.838804214022714e-07
6488.16,1.0736980594834456e-06
6488.17,1.1763680183180392e-06
6488.18,1.2942417075797913e-06
6488.19,1.4301768991632305e-06
6488.2,1.5876475232251352e-06
6488.21,1.7708712258898422e-06
6488.22,1.9849481779077733e-06
6488.23,2.235990779373149e-06
6488.24,2.531208370114479e-06
6488.25,2.8788210760697067e-06
6488.26,3.2876563190983205e-06
6488.27,3.766101236379706e-06
6488.28,4.319964107781323e-06
6488.29,4.948646532276569e-06
6488.3,5.6391750238707175e-06
6488.31,6.358441800317222e-06
6488.32,7.047782898529402e-06
6488.33,7.6231414711443066e-06
6488.34,7.991854482674518e-06
6488.35,8.082946491771045e-06
6488.36,7.877441734219364e-06
6488.37,7.417355752163455e-06
6488.38,6.7862748782560685e-06
6488.39,6.076606172670194e-06
6488.4,5.36012989568099e-06
6488.41,4.6913389824055675e-06
6488.42,4.091452133481535e-06
6488.43,3.5677554185003227e-06
6488.44,3.1177658164374782e-06
6488.45,2.734345337393835e-06
6488.46,2.4087785410122376e-06
6488.47,2.1324177482002468e-06
6488.48,1.8974187947810036e-06
6488.49,1.6969974560070525e-06
6488.5,1.5254384555985813e-06
6488.51,1.3779960986446986e-06
6488.52,1.250756943027921e-06
6488.53,1.1404983613503515e-06
6488.54,1.0445549940296975e-06
6488.55,9.607096710687175e-07
6488.56,8.870779541650616e-07
6488.57,8.220328502347467e-07
6488.58,7.641397102918227e-07
6488.59,7.121437311884183e-07
6488.6,6.650115422079829e-07
6488.61,6.219926478400934e-07
6488.62,5.826218664285197e-07
6488.63,5.466305665059169e-07
6488.64,5.138232382574448e-07
6488.65,4.839964758081645e-07
6488.66,4.5691659829682373e-07
6488.67,4.323362257515914e-07
6488.68,4.100065717364944e-07
6488.69,3.896978867440975e-07
6488.7,3.711989735099243e-07
6488.71,3.543170286304304e-07
6488.72,3.3887126295196677e-07
6488.73,3.2469033502246514e-07
6488.74,3.116082365077212e-07
6488.75,2.994677921036223e-07
6488.76,2.881257912765958e-07
6488.77,2.774604034390313e-07
6488.78,2.6737885098724825e-07
6488.79,2.5782693047472926e-07
6488.8,2.487872164392573e-07
6488.81,2.402676681821231e-07
6488.82,2.3227980961055385e-07
6488.83,2.248270959123055e-07
6488.84,2.1789578646102418e-07
6488.85,2.114621625140797e-07
6488.86,2.0549711335156872e-07
6488.87,1.999703639800322e-07
6488.88,1.9485280674316234e-07
6488.89,1.9012050074506214e-07
6488.9,1.8575139684591668e-07
6488.91,1.8172956257926092e-07
6488.92,1.7803645938987822e-07
6488.93,1.7465965183632672e-07
6488.94,1.715832614418292e-07
6488.95,1.6878435453654505e-07
6488.96,1.6623072569903468e-07
6488.97,1.6387571140408203e-07
6488.98,1.6167199125389155e-07
6488.99,1.5958528102817236e-07
6489.0,1.576131115973771e-07
6489.01,1.557887463744902e-07
6489.02,1.541683259773255e-07
6489.03,1.528124109550127e-07
6489.04,1.51775242425312e-07
6489.05,1.511027025320696e-07
6489.06,1.508349643009611e-07
6489.07,1.5100543754921777e-07
6489.08,1.516301398069919e-07
6489.09,1.5269857051071959e-07
6489.1,1.541224401802921e-07
6489.11,1.5570828697238833e-07
6489.12,1.571310425905201e-07
6489.13,1.579838465075163e-07
6489.14,1.579175599707098e-07
6489.15,1.5680831173592112e-07
6489.16,1.548201048585038e-07
6489.17,1.522995870926e-07
6489.18,1.4962831973357332e-07
6489.19,1.4710077939407637e-07
6489.2,1.448936179388075e-07
6489.21,1.4308948020069812e-07
6489.22,1.417069390873074e-07
6489.23,1.4072956812194907e-07
6489.24,1.4012571354179797e-07
6489.25,1.3985617475928483e-07
6489.26,1.3987655489621276e-07
6489.27,1.4013559494716846e-07
6489.28,1.405739505205098e-07
6489.29,1.4113131488135236e-07
6489.3,1.4177286519836418e-07
6489.31,1.4245879484101794e-07
6489.32,1.4321546602415457e-07
6489.33,1.440763914792548e-07
6489.34,1.4507610469274508e-07
6489.35,1.4623998616575404e-07
6489.36,1.4758301437897305e-07
6489.37,1.4911390448604417e-07
6489.38,1.5083855931326416e-07
6489.39,1.527624747912134e-07
6489.4,1.5489160765914258e-07
6489.41,1.5723270487947108e-07
6489.42,1.5979323578123968e-07
6489.43,1.6258205928459965e-07
6489.44,1.6560973311826237e-07
6489.45,1.688875908213405e-07
6489.46,1.7242746378529737e-07
6489.47,1.7623877849188297e-07
6489.48,1.803257273864032e-07
6489.49,1.8468489552906907e-07
6489.5,1.893042130954236e-07
6489.51,1.94165323600385e-07
6489.52,1.992494579103799e-07
6489.53,2.0454475692577932e-07
6489.54,2.100548544718638e-07
6489.55,2.1579246195630124e-07
6489.56,2.21800570319231e-07
6489.57,2.2813208220960852e-07
6489.58,2.3485964030308963e-07
6489.59,2.420575890223935e-07
6489.6,2.4979360107515385e-07
6489.61,2.581273655882311e-07
6489.62,2.671121159581172e-07
6489.63,2.7972091448568906e-07
6489.64,2.901867999170196e-07
6489.65,3.0148238424549883e-07
6489.66,3.136837485536123e-07
6489.67,3.2688266423894657e-07
6489.68,3.4117543410445213e-07
6489.69,3.5667231405987227e-07
6489.7,3.7349879714529784e-07
6489.71,3.917951794978356e-07
6489.72,4.1172333655511836e-07
6489.73,4.334670095353209e-07
6489.74,4.5723663527584523e-07
6489.75,4.832697873971199e-07
6489.76,5.118532452192188e-07
6489.77,5.433079121393011e-07
6489.78,5.780107351622684e-07
6489.79,6.164032808764233e-07
6489.8,6.590038079120257e-07
6489.81,7.064224131159081e-07
6489.82,7.593792023593898e-07
6489.83,8.187317279204461e-07
6489.84,8.854903614026225e-07
6489.85,9.608733169912803e-07
6489.86,1.046338539222431e-06
6489.87,1.143640723276045e-06
6489.88,1.2548970306498812e-06
6489.89,1.3826634158087293e-06
6489.9,1.5300384621573712e-06
6489.91,1.7007596877152792e-06
6489.92,1.8993402450232936e-06
6489.93,2.1312025180370467e-06
6489.94,2.4027874975114164e-06
6489.95,2.7215611291283545e-06
6489.96,3.095787552512737e-06
6489.97,3.5338585730522002e-06
6489.98,4.042836256440139e-06
6489.99,4.625703911829462e-06
6490.0,5.2767924291023305e-06
6490.01,5.975303859233759e-06
6490.02,6.678194872692433e-06
6490.03,7.317571787034684e-06
6490.04,7.806460246007202e-06
6490.05,8.061191968301867e-06
6490.06,8.031915552823469e-06
6490.07,7.724614870690343e-06
6490.08,7.198333765105751e-06
6490.09,6.539755955743645e-06
6490.1,5.833380674013447e-06
6490.11,5.1420960769188665e-06
6490.12,4.504026339710326e-06
6490.13,3.936318580640157e-06
6490.14,3.442401407264702e-06
6490.15,3.018131386757671e-06
6490.16,2.6560024960104602e-06
6490.17,2.3475225020820013e-06
6490.18,2.081464105267806e-06
6490.19,1.8568519397137796e-06
6490.2,1.6643242265695438e-06
6490.21,1.4986641401828154e-06
6490.22,1.355538308651138e-06
6490.23,1.2313604887191932e-06
6490.24,1.1231657823647437e-06
6490.25,1.0285013588148692e-06
6490.26,9.453357505334791e-07
6490.27,8.719831542855916e-07
6490.28,8.070406111069419e-07
6490.29,7.493357029205599e-07
6490.3,6.978830022575606e-07
6490.31,6.518477792783636e-07
6490.32,6.105162533664944e-07
6490.33,5.732727662325547e-07
6490.34,5.395846552330124e-07
6490.35,5.089954555396699e-07
6490.36,4.811231820682881e-07
6490.37,4.556577977568445e-07
6490.38,4.3235258478404883e-07
6490.39,4.110096412686622e-07
6490.4,3.9146440336312824e-07
6490.41,3.735743091537944e-07
6490.42,3.572134629778424e-07
6490.43,3.422708397559511e-07
6490.44,3.286502273848258e-07
6490.45,3.162698180425112e-07
6490.46,3.050652388403937e-07
6490.47,2.9496393865582355e-07
6490.48,2.8590631336545524e-07
6490.49,2.778169701641851e-07
6490.5,2.7058472262179297e-07
6490.51,2.640506313470872e-07
6490.52,2.5798368479556326e-07
6490.53,2.520762502624583e-07
6490.54,2.4598582503602584e-07
6490.55,2.39446567949732e-07
6490.56,2.3239418229253795e-07
6490.57,2.249985811626623e-07
6490.58,2.17559449466798e-07
6490.59,2.1036746660271115e-07
6490.6,2.0361923339174267e-07
6490.61,1.9740530496967014e-07
6490.62,1.917431470391552e-07
6490.63,1.8660829862789747e-07
6490.64,1.8195954245476275e-07
6490.65,1.777506959807704e-07
6490.66,1.7394522804557325e-07
6490.67,1.7050599168144444e-07
6490.68,1.674029455876358e-07
6490.69,1.646088238484832e-07
6490.7,1.62094874714978e-07
6490.71,1.5982778322250349e-07
6490.72,1.5776254577628687e-07
6490.73,1.5584796561059695e-07
6490.74,1.5403309818462375e-07
6490.75,1.522904753316706e-07
6490.76,1.5061564342668052e-07
6490.77,1.4904228627504097e-07
6490.78,1.4761294318390175e-07
6490.79,1.4636507065385932e-07
6490.8,1.4532154477561316e-07
6490.81,1.4448861148983993e-07
6490.82,1.4385418521601981e-07
6490.83,1.4338674660003845e-07
6490.84,1.4303530513813917e-07
6490.85,1.4273984381308962e-07
6490.86,1.4245339074289943e-07
6490.87,1.4216560824385595e-07
6490.88,1.4190945961821968e-07
6490.89,1.417440806157345e-07
6490.9,1.4172801395332137e-07
6490.91,1.4189949450761836e-07
6490.92,1.422673204644221e-07
6490.93,1.4280996484872942e-07
6490.94,1.4347657621812039e-07
6490.95,1.4420050129935338e-07
6490.96,1.4492048939220598e-07
6490.97,1.4561114188534322e-07
6490.98,1.4628260446848347e-07
6490.99,1.4698131350503186e-07
6491.0,1.4775219735046228e-07
6491.01,1.4862435162332773e-07
6491.02,1.496116480791691e-07
6491.03,1.5072662747354925e-07
6491.04,1.5199383030874184e-07
6491.05,1.5343339973734627e-07
6491.06,1.5507828282886142e-07
6491.07,1.5695283023420636e-07
6491.08,1.5907600512126357e-07
6491.09,1.614635301587112e-07
6491.1,1.6413040854489537e-07
6491.11,1.6709326821743692e-07
6491.12,1.7037197355312505e-07
6491.13,1.7399083947823063e-07
6491.14,1.7798007042575312e-07
6491.15,1.8237783656165496e-07
6491.16,1.8723223434634578e-07
6491.17,1.9260257951763608e-07
6491.18,1.9855696429413648e-07
6491.19,2.0516503241059592e-07
6491.2,2.1508139031994587e-07
6491.21,2.2313274190699923e-07
6491.22,2.3184068130389623e-07
6491.23,2.4094856934352384e-07
6491.24,2.5006415113486006e-07
6491.25,2.586577450532997e-07
6491.26,2.6626161686706077e-07
6491.27,2.7270559474062837e-07
6491.28,2.782269178050535e-07
6491.29,2.8333967254338113e-07
6491.3,2.8862767538153376e-07
6491.31,2.9456176539203957e-07
6491.32,3.014501215061958e-07
6491.33,3.0947341899489434e-07
6491.34,3.187299198412553e-07
6491.35,3.2927908451956017e-07
6491.36,3.4116984189471485e-07
6491.37,3.544556315349859e-07
6491.38,3.6921041547345815e-07
6491.39,3.8552375147834627e-07
6491.4,4.035107633969464e-07
6491.41,4.233126308862863e-07
6491.42,4.450975830384522e-07
6491.43,4.690621718029556e-07
6491.44,4.954244393050306e-07
6491.45,5.244245747362265e-07
6491.46,5.563248330456709e-07
6491.47,5.914255490430076e-07
6491.48,6.300992860402022e-07
6491.49,6.728345711219116e-07
6491.5,7.202670538422292e-07
6491.51,7.731839011600664e-07
6491.52,8.32519415447891e-07
6491.53,8.993506259276169e-07
6491.54,9.749218819884362e-07
6491.55,1.0606938652394242e-06
6491.56,1.1583876722769427e-06
6491.57,1.2700604801914272e-06
6491.58,1.3981962092743158e-06
6491.59,1.5457967170321154e-06
6491.6,1.716542317640725e-06
6491.61,1.9149064890634006e-06
6491.62,2.146263532534902e-06
6491.63,2.4169290431207087e-06
6491.64,2.7340835055201477e-06
6491.65,3.1054644177412514e-06
6491.66,3.5386110965440284e-06
6491.67,4.0393160204090565e-06
6491.68,4.608811028312739e-06
6491.69,5.239291250208899e-06
6491.7,5.90789594883194e-06
6491.71,6.57066790587218e-06
6491.72,7.16143116782564e-06
6491.73,7.599048222729878e-06
6491.74,7.809238194911726e-06
6491.75,7.75177536293237e-06
6491.76,7.4379674558318075e-06
6491.77,6.9255466283662e-06
6491.78,6.295031507680712e-06
6491.79,5.622859178463428e-06
6491.8,4.966318122624723e-06
6491.81,4.359798634780313e-06
6491.82,3.818997591972193e-06
6491.83,3.347222252880366e-06
6491.84,2.9408404662126268e-06
6491.85,2.5930274318696962e-06
6491.86,2.296001805358129e-06
6491.87,2.0422126690299157e-06
6491.88,1.8248830548462702e-06
6491.89,1.6381815433691254e-06
6491.9,1.4771994191382274e-06
6491.91,1.3378451568056558e-06
6491.92,1.2167195293725998e-06
6491.93,1.111001122250523e-06
6491.94,1.0183467540985913e-06
6491.95,9.335880818785478e-07
6491.96,8.615680364522771e-07
6491.97,7.976971894623618e-07
6491.98,7.408479370969738e-07
6491.99,6.900749075496044e-07
6492.0,6.445826147682518e-07
6492.01,6.036988706796318e-07
6492.02,5.668530829343045e-07
6492.03,5.335582676092821e-07
6492.04,5.033959926125572e-07
6492.05,4.7600354500891864e-07
6492.06,4.510618188991064e-07
6492.07,4.2829685102417877e-07
6492.08,4.074480953042107e-07
6492.09,3.8830204641903955e-07
6492.1,3.706743419692906e-07
6492.11,3.544153266924853e-07
6492.12,3.394076812098814e-07
6492.13,3.255561491062639e-07
6492.14,3.1277430328061096e-07
6492.15,3.009710048445635e-07
6492.16,2.9004090463024457e-07
6492.17,2.7986144882427146e-07
6492.18,2.7030507218295664e-07
6492.19,2.6126393698977307e-07
6492.2,2.5267395571043147e-07
6492.21,2.445180676678491e-07
6492.22,2.3680629604910178e-07
6492.23,2.2958094848112122e-07
6492.24,2.2278376588932068e-07
6492.25,2.1643876545627345e-07
6492.26,2.105333246910194e-07
6492.27,2.050560558484348e-07
6492.28,1.999925294427931e-07
6492.29,1.9532651702045056e-07
6492.3,1.9104138198346727e-07
6492.31,1.8712215966752022e-07
6492.32,1.8355722004725108e-07
6492.33,1.8033970998915117e-07
6492.34,1.7745872970533474e-07
6492.35,1.7493803474899666e-07
6492.36,1.7278219185913088e-07
6492.37,1.7100795640449253e-07
6492.38,1.6964968050951217e-07
6492.39,1.6873234196710942e-07
6492.4,1.6829883581268976e-07
6492.41,1.683859787762673e-07
6492.42,1.690171416728106e-07
6492.43,1.7017295754791472e-07
6492.44,1.717558058300593e-07
6492.45,1.7354783540632043e-07
6492.46,1.7518237650005636e-07
6492.47,1.7618116178384872e-07
6492.48,1.7608051783508141e-07
6492.49,1.7462179640649907e-07
6492.5,1.7188776850671214e-07
6492.51,1.6826639251089766e-07
6492.52,1.6426916368123677e-07
6492.53,1.6031947318953436e-07
6492.54,1.5669824032455186e-07
6492.55,1.5353093285394584e-07
6492.56,1.5085289740359995e-07
6492.57,1.4864589906459312e-07
6492.58,1.468719161687923e-07
6492.59,1.4548686614051557e-07
6492.6,1.4444763932339626e-07
6492.61,1.4371564457231684e-07
6492.62,1.4325816824343076e-07
6492.63,1.430483446694164e-07
6492.64,1.430724305195071e-07
6492.65,1.4329671302111776e-07
6492.66,1.4371468337912658e-07
6492.67,1.4431471041485444e-07
6492.68,1.4508853909350434e-07
6492.69,1.4603232455965196e-07
6492.7,1.4714704661182748e-07
6492.71,1.4843786109537106e-07
6492.72,1.4991257314718046e-07
6492.73,1.5157986840140736e-07
6492.74,1.5563393422980465e-07
6492.75,1.577236620690073e-07
6492.76,1.6002923228064253e-07
6492.77,1.6255409440208337e-07
6492.78,1.6529893738898457e-07
6492.79,1.6826611328011366e-07
6492.8,1.714590142100927e-07
6492.81,1.7488268850756742e-07
6492.82,1.785345186448461e-07
6492.83,1.8239357337943352e-07
6492.84,1.8641508857560714e-07
6492.85,1.9054508504378851e-07
6492.86,1.9475095810155525e-07
6492.87,1.9905094077929053e-07
6492.88,2.035182122943719e-07
6492.89,2.082558389715267e-07
6492.9,2.133668411794343e-07
6492.91,2.189346551846313e-07
6492.92,2.2502007219254825e-07
6492.93,2.3167075383546689e-07
6492.94,2.389027728446486e-07
6492.95,2.46731195770545e-07
6492.96,2.551440116247023e-07
6492.97,2.6410494491241444e-07
6492.98,2.7355811206926496e-07
6492.99,2.8345148039168427e-07
6493.0,2.937735517459276e-07
6493.01,3.045909431353368e-07
6493.02,3.1603225208203643e-07
6493.03,3.282917784878527e-07
6493.04,3.415715675579565e-07
6493.05,3.560613266050035e-07
6493.06,3.719348629909649e-07
6493.07,3.8935709965573516e-07
6493.08,4.0849558571638273e-07
6493.09,4.295298586727187e-07
6493.1,4.5265693628177375e-07
6493.11,4.78092816473379e-07
6493.12,5.060909701178711e-07
6493.13,5.368532688554047e-07
6493.14,5.7066322402617e-07
6493.15,6.078233254901494e-07
6493.16,6.487248032210904e-07
6493.17,6.939050665620077e-07
6493.18,7.440815130314023e-07
6493.19,8.00154281505852e-07
6493.2,8.631805617883493e-07
6493.21,9.343782190959116e-07
6493.22,1.0151517903535425e-06
6493.23,1.1071511390959376e-06
6493.24,1.2123346156887313e-06
6493.25,1.3330528526762337e-06
6493.26,1.4721366095898318e-06
6493.27,1.6329967423365458e-06
6493.28,1.819720299555467e-06
6493.29,2.0371292723603035e-06
6493.3,2.2908383097779465e-06
6493.31,2.5871412093591713e-06
6493.32,2.932692374656251e-06
6493.33,3.3337818984425954e-06
6493.34,3.794946116344345e-06
6493.35,4.316621413062037e-06
6493.36,4.891627936956802e-06
6493.37,5.5004042890310375e-06
6493.38,6.10599363455208e-06
6493.39,6.652555159683314e-06
6493.4,7.070180769036125e-06
6493.41,7.291988941438283e-06
6493.42,7.277118351635837e-06
6493.43,7.0278089770444105e-06
6493.44,6.588563681809992e-06
6493.45,6.028144091947649e-06
6493.46,5.416080410321128e-06
6493.47,4.807350486732639e-06
6493.48,4.237073997840425e-06
6493.49,3.7229498430004134e-06
6493.5,3.270500718669449e-06
6493.51,2.878066232229556e-06
6493.52,2.5404162737419597e-06
6493.53,2.250980264170652e-06
6493.54,2.0030717460795357e-06
6493.55,1.7904872160008537e-06
6493.56,1.6077502772686825e-06
6493.57,1.4501624082279123e-06
6493.58,1.3137603102458336e-06
6493.59,1.1952383801214354e-06
6493.6,1.0918326319310234e-06
6493.61,1.0012621778920845e-06
6493.62,9.216239437814069e-07
6493.63,8.513300601534571e-07
6493.64,7.890220313457879e-07
6493.65,7.33552890955357e-07
6493.66,6.839354803711396e-07
6493.67,6.393395020047498e-07
6493.68,5.990932547267137e-07
6493.69,5.626728943193665e-07
6493.7,5.296692043133412e-07
6493.71,4.997460299649075e-07
6493.72,4.6940282592629923e-07
6493.73,4.4479442997578606e-07
6493.74,4.224725140878744e-07
6493.75,4.0220081638792493e-07
6493.76,3.8376797174927555e-07
6493.77,3.6696472173509905e-07
6493.78,3.515594425248643e-07
6493.79,3.3731494808054394e-07
6493.8,3.239824138949336e-07
6493.81,3.113397158639239e-07
6493.82,2.992380607048511e-07
6493.83,2.87628664331738e-07
6493.84,2.7654509508258774e-07
6493.85,2.660593025984767e-07
6493.86,2.5621503470713914e-07
6493.87,2.4704302394395276e-07
6493.88,2.3852203025880123e-07
6493.89,2.3062511693568613e-07
6493.9,2.2331120660799563e-07
6493.91,2.1653720145735207e-07
6493.92,2.1026221590660744e-07
6493.93,2.0444923308122173e-07
6493.94,1.990656162732714e-07
6493.95,1.9408322282380094e-07
6493.96,1.8947834402851484e-07
6493.97,1.852315932390113e-07
6493.98,1.8132773008447983e-07
6493.99,1.777553653799666e-07
6494.0,1.745063887380326e-07
6494.01,1.7157367551858243e-07
6494.02,1.6895322177811414e-07
6494.03,1.6663602718987713e-07
6494.04,1.645935650811868e-07
6494.05,1.6278923904022865e-07
6494.06,1.6113920355744415e-07
6494.07,1.5954833470565962e-07
6494.08,1.5789189094989535e-07
6494.09,1.560889345875206e-07
6494.1,1.5412652464511637e-07
6494.11,1.520615910787427e-07
6494.12,1.499954464113253e-07
6494.13,1.480291104384304e-07
6494.14,1.462366443674659e-07
6494.15,1.446589873224369e-07
6494.16,1.4331254604996004e-07
6494.17,1.4219897441163207e-07
6494.18,1.4131037106271864e-07
6494.19,1.4063858294993505e-07
6494.2,1.4017563734217027e-07
6494.21,1.399211294333073e-07
6494.22,1.3987154933627378e-07
6494.23,1.417073012609736e-07
6494.24,1.4209428046338326e-07
6494.25,1.4272187356741892e-07
6494.26,1.4361274156666498e-07
6494.27,1.4479336296197668e-07
6494.28,1.4633241672247934e-07
6494.29,1.482068096803181e-07
6494.3,1.505030753953543e-07
6494.31,1.5327832378452825e-07
6494.32,1.5661041494461412e-07
6494.33,1.605661918401472e-07
6494.34,1.6520617355491775e-07
6494.35,1.705504762520279e-07
6494.36,1.7654958201265827e-07
6494.37,1.8301019772810817e-07
6494.38,1.8957214603370953e-07
6494.39,1.9566939740474976e-07
6494.4,2.0060350232666356e-07
6494.41,2.037310795438233e-07
6494.42,2.0473505721997775e-07
6494.43,2.0380047078049808e-07
6494.44,2.0153885492680473e-07
6494.45,1.987213595955015e-07
6494.46,1.9601679945366853e-07
6494.47,1.938515426958712e-07
6494.48,1.924775817854167e-07
6494.49,1.9195322242100627e-07
6494.5,1.9226506700271928e-07
6494.51,1.933636771527659e-07
6494.52,1.951920330412081e-07
6494.53,1.977002327023092e-07
6494.54,2.0085060510430657e-07
6494.55,2.0461940344573996e-07
6494.56,2.0899573024132562e-07
6494.57,2.1397912031690856e-07
6494.58,2.1957548045241483e-07
6494.59,2.2579062244810236e-07
6494.6,2.3262039399046675e-07
6494.61,2.4003778116317255e-07
6494.62,2.479827313128634e-07
6494.63,2.563616175924481e-07
6494.64,2.650735881317786e-07
6494.65,2.740606533325028e-07
6494.66,2.83356012914994e-07
6494.67,2.930941417640984e-07
6494.68,3.034747492123358e-07
6494.69,3.147099602417022e-07
6494.7,3.2699197656991136e-07
6494.71,3.4048156890425776e-07
6494.72,3.5532076658539824e-07
6494.73,3.71645646641983e-07
6494.74,3.895994576448615e-07
6494.75,4.0934268662049037e-07
6494.76,4.310593668381085e-07
6494.77,4.549690573795279e-07
6494.78,4.813239794401604e-07
6494.79,5.104208318740342e-07
6494.8,5.426067306746217e-07
6494.81,5.782884254434205e-07
6494.82,6.179438322245705e-07
6494.83,6.621363466980194e-07
6494.84,7.115325335711095e-07
6494.85,7.669236349991148e-07
6494.86,8.292516399619766e-07
6494.87,8.996403931309355e-07
6494.88,9.794335280278339e-07
6494.89,1.0702402078135645e-06
6494.9,1.1739899512044354e-06
6494.91,1.2929965659039403e-06
6494.92,1.4300294332941966e-06
6494.93,1.588387006107847e-06
6494.94,1.7719607602574081e-06
6494.95,1.9852671444888313e-06
6494.96,2.233406098514532e-06
6494.97,2.5218778258320344e-06
6494.98,2.8561370483886693e-06
6494.99,3.2407001345054525e-06
6495.0,3.677524782670023e-06
6495.01,4.163376228229445e-06
6495.02,4.685903220962524e-06
6495.03,5.219494959254551e-06
6495.04,5.722315305979956e-06
6495.05,6.138787964253827e-06
6495.06,6.4093715056278355e-06
6495.07,6.488563730521031e-06
6495.08,6.361963847721569e-06
6495.09,6.0522771110820565e-06
6495.1,5.609981144736264e-06
6495.11,5.095220490314125e-06
6495.12,4.561008694350008e-06
6495.13,4.045519553695189e-06
6495.14,3.571027393253701e-06
6495.15,3.1473063203820707e-06
6495.16,2.7759557188047942e-06
6495.17,2.453996228488708e-06
6495.18,2.176377360182877e-06
6495.19,1.9374822255515488e-06
6495.2,1.731902797015336e-06
6495.21,1.554760177680724e-06
6495.22,1.401788858544503e-06
6495.23,1.2693271177947937e-06
6495.24,1.1542622350403692e-06
6495.25,1.0539729240441847e-06
6495.26,9.66264205585703e-07
6495.27,8.893045705529604e-07
6495.28,8.215698642840252e-07
6495.29,7.617930353035434e-07
6495.3,7.089221734946269e-07
6495.31,6.62085967709132e-07
6495.32,6.20566126468759e-07
6495.33,5.837738932947973e-07
6495.34,5.512340476580317e-07
6495.35,5.225678903471194e-07
6495.36,4.974776856604294e-07
6495.37,4.757267439369895e-07
6495.38,4.571089654862028e-07
6495.39,4.413982666258625e-07
6495.4,4.2826635890693314e-07
6495.41,4.171853116136324e-07
6495.42,4.0732925245800027e-07
6495.43,3.976057489472531e-07
6495.44,3.8690011431436934e-07
6495.45,3.744848566724614e-07
6495.46,3.6032472945540286e-07
6495.47,3.4190601398729944e-07
6495.48,3.263249191297941e-07
6495.49,3.1120901705562934e-07
6495.5,2.970107399071829e-07
6495.51,2.8387377926308876e-07
6495.52,2.717317035890456e-07
6495.53,2.604456174260535e-07
6495.54,2.499110980597275e-07
6495.55,2.40107374469116e-07
6495.56,2.310694382607114e-07
6495.57,2.2284263992474888e-07
6495.58,2.1544878517082783e-07
6495.59,2.0887915003094523e-07
6495.6,2.0309623745954496e-07
6495.61,1.9803671252273937e-07
6495.62,1.936076468586489e-07
6495.63,1.8968064089314561e-07
6495.64,1.8608997764691293e-07
6495.65,1.826557128357047e-07
6495.66,1.7923134593687083e-07
6495.67,1.768784793140081e-07
6495.68,1.7340396364358877e-07
6495.69,1.7003127444281298e-07
6495.7,1.6691493040525918e-07
6495.71,1.6413821378458167e-07
6495.72,1.6173172163875088e-07
6495.73,1.596585832651438e-07
6495.74,1.5781925289469862e-07
6495.75,1.5607721818311825e-07
6495.76,1.5430398308398074e-07
6495.77,1.5243449921219722e-07
6495.78,1.5049585581712093e-07
6495.79,1.4858965302153176e-07
6495.8,1.468431767731353e-07
6495.81,1.4535683104438055e-07
6495.82,1.4418461949302782e-07
6495.83,1.4332310721691533e-07
6495.84,1.4271044000705948e-07
6495.85,1.4223680510306748e-07
6495.86,1.4177353430281742e-07
6495.87,1.4122364434870674e-07
6495.88,1.4056859980249468e-07
6495.89,1.3987667533210318e-07
6495.9,1.3926451005299437e-07
6495.91,1.3884861991147894e-07
6495.92,1.3871614760585205e-07
6495.93,1.3891945432384855e-07
6495.94,1.3948512288192088e-07
6495.95,1.4041963861244079e-07
6495.96,1.4171104095984998e-07
6495.97,1.4332254334654424e-07
6495.98,1.4518137504208678e-07
6495.99,1.4717315849547519e-07
6496.0,1.491482375104819e-07
6496.01,1.5096404345038745e-07
6496.02,1.52541546978988e-07
6496.03,1.5390845782479242e-07
6496.04,1.5518901768582903e-07
6496.05,1.5654913985024496e-07
6496.06,1.5812976351362886e-07
6496.07,1.6000036124098587e-07
6496.08,1.6214527084704552e-07
6496.09,1.6446689461613926e-07
6496.1,1.6682593504403173e-07
6496.11,1.6909414626241374e-07
6496.12,1.7122218473665008e-07
6496.13,1.7326721956362934e-07
6496.14,1.7536820362189443e-07
6496.15,1.776903290150225e-07
6496.16,1.8037890167925718e-07
6496.17,1.8353958559133315e-07
6496.18,1.8724301310352492e-07
6496.19,1.9154586171225633e-07
6496.2,1.964919466530016e-07
6496.21,2.0213112348525686e-07
6496.22,2.0852409060973646e-07
6496.23,2.1574561289994506e-07
6496.24,2.238852844223871e-07
6496.25,2.330433836701895e-07
6496.26,2.4331789572755495e-07
6496.27,2.547765964448479e-07
6496.28,2.6740375437118893e-07
6496.29,2.810290208375674e-07
6496.3,2.952829123756477e-07
6496.31,3.0940848311496537e-07
6496.32,3.226724981464452e-07
6496.33,3.3451768173611394e-07
6496.34,3.449365039493996e-07
6496.35,3.545301742263696e-07
6496.36,3.6424401616293504e-07
6496.37,3.750126409151426e-07
6496.38,3.875521359423929e-07
6496.39,4.0232863035194254e-07
6496.4,4.196354794146404e-07
6496.41,4.396642352565493e-07
6496.42,4.625595979245215e-07
6496.43,4.884472611614186e-07
6496.44,5.174546859292668e-07
6496.45,5.497406379121816e-07
6496.46,5.855510064584818e-07
6496.47,6.252779074323687e-07
6496.48,6.695034708175828e-07
6496.49,7.189662420190858e-07
6496.5,7.74537038538549e-07
6496.51,8.371710834363352e-07
6496.52,9.080062789472428e-07
6496.53,9.884211706452238e-07
6496.54,1.080152630468828e-06
6496.55,1.1853510917690668e-06
6496.56,1.3065940058166364e-06
6496.57,1.4468882659444013e-06
6496.58,1.6096784901909101e-06
6496.59,1.7988279769217697e-06
6496.6,2.0186209969853907e-06
6496.61,2.2734238029478085e-06
6496.62,2.5672515242033013e-06
6496.63,2.9027824253751078e-06
6496.64,3.2797383606437945e-06
6496.65,3.6924338629057127e-06
6496.66,4.126689486378348e-06
6496.67,4.556936525896855e-06
6496.68,4.945458078844159e-06
6496.69,5.246457263277637e-06
6496.7,5.4159336421938375e-06
6496.71,5.425755766293239e-06
6496.72,5.274228381923425e-06
6496.73,4.9867744519605295e-06
6496.74,4.60626198315281e-06
6496.75,4.178921645351111e-06
6496.76,3.743755905392823e-06
6496.77,3.327805203851143e-06
6496.78,2.9464716914748263e-06
6496.79,2.6062808421806354e-06
6496.8,2.308012297001017e-06
6496.81,2.0492264901083495e-06
6496.82,1.8259748649693069e-06
6496.83,1.6338195411832473e-06
6496.84,1.4683925273056164e-06
6496.85,1.3256397405828804e-06
6496.86,1.2019475544637541e-06
6496.87,1.0941858685111535e-06
6496.88,9.997215096933282e-07
6496.89,9.164293277282195e-07
6496.9,8.424908719544338e-07
6496.91,7.765786355497832e-07
6496.92,7.176318987380646e-07
6496.93,6.648291253234149e-07
6496.94,6.175029772370326e-07
6496.95,5.750754164265347e-07
6496.96,5.370211994246346e-07
6496.97,5.02859478890064e-07
6496.98,4.721531071078205e-07
6496.99,4.445116680393933e-07
6497.0,4.19591869860998e-07
6497.01,3.9709527800447784e-07
6497.02,3.767656251626428e-07
6497.03,3.583833541868574e-07
6497.04,3.417610219780813e-07
6497.05,3.267418012066054e-07
6497.06,3.1318783090814476e-07
6497.07,3.0152820319637005e-07
6497.08,2.905323376736208e-07
6497.09,2.806086579134864e-07
6497.1,2.7158372597798335e-07
6497.11,2.632606684858812e-07
6497.12,2.554557824249722e-07
6497.13,2.4805603099022356e-07
6497.14,2.410589711977595e-07
6497.15,2.3456035505618933e-07
6497.16,2.286967327871868e-07
6497.17,2.235832055763781e-07
6497.18,2.192707794234728e-07
6497.19,2.157233268194005e-07
6497.2,2.1281645296554698e-07
6497.21,2.1031272692038147e-07
6497.22,2.050022909064597e-07
6497.23,2.023234874618579e-07
6497.24,1.99074168438155e-07
6497.25,1.9509668460974613e-07
6497.26,1.9041337694038076e-07
6497.27,1.8520849696172565e-07
6497.28,1.7976636509356834e-07
6497.29,1.7439457948917717e-07
6497.3,1.6935244289854124e-07
6497.31,1.6481709857360227e-07
6497.32,1.6088362197753868e-07
6497.33,1.5758820036816566e-07
6497.34,1.5493755919479425e-07
6497.35,1.5292295034148054e-07
6497.36,1.5154417852702306e-07
6497.37,1.5081154594368272e-07
6497.38,1.5075264647835104e-07
6497.39,1.5141570773209672e-07
6497.4,1.528717367030716e-07
6497.41,1.552150731545193e-07
6497.42,1.5856044811182304e-07
6497.43,1.630386790323421e-07
6497.44,1.687482518029136e-07
6497.45,1.757371883491036e-07
6497.46,1.8390093751831061e-07
6497.47,1.9285358818359963e-07
6497.48,2.0180364104555922e-07
6497.49,2.0956031987464969e-07
6497.5,2.1479208355559746e-07
6497.51,2.1653470479789033e-07
6497.52,2.1462936638844096e-07
6497.53,2.0971808618242154e-07
6497.54,2.0282398267684585e-07
6497.55,1.9490800911281928e-07
6497.56,1.8668249687201134e-07
6497.57,1.7863558781851769e-07
6497.58,1.7110108204787067e-07
6497.59,1.643158619886237e-07
6497.6,1.5841308387063307e-07
6497.61,1.534379389874858e-07
6497.62,1.493702057148898e-07
6497.63,1.4613397667496635e-07
6497.64,1.4368367102233994e-07
6497.65,1.4192480957681791e-07
6497.66,1.4078630106035163e-07
6497.67,1.4020886225067978e-07
6497.68,1.401463880800596e-07
6497.69,1.4056589316830267e-07
6497.7,1.414466492990043e-07
6497.71,1.4277875759993173e-07
6497.72,1.4456141579695587e-07
6497.73,1.468002289808711e-07
6497.74,1.4950312994434748e-07
6497.75,1.5267376526232158e-07
6497.76,1.563013469265747e-07
6497.77,1.6034677991952117e-07
6497.78,1.647273428594843e-07
6497.79,1.6930801532029688e-07
6497.8,1.7390672136346718e-07
6497.81,1.7832638013858333e-07
6497.82,1.824024902773208e-07
6497.83,1.8606189235332579e-07
6497.84,1.8935255578241097e-07
6497.85,1.9240605627391447e-07
6497.86,1.954413042502743e-07
6497.87,1.986905116155029e-07
6497.88,2.0236091547993554e-07
6497.89,2.0661115857624772e-07
6497.9,2.1155329508222549e-07
6497.91,2.172640273071257e-07
6497.92,2.2379914340011964e-07
6497.93,2.3120939826164684e-07
6497.94,2.395452049409931e-07
6497.95,2.4886484091401356e-07
6497.96,2.5923610608706535e-07
6497.97,2.707360911206792e-07
6497.98,2.8344827049539996e-07
6497.99,2.9745683571280567e-07
6498.0,3.1283867725839244e-07
6498.01,3.2965536570858464e-07
6498.02,3.4795180723719964e-07
6498.03,3.677656431113437e-07
6498.04,3.891516890375468e-07
6498.05,4.12233015250206e-07
6498.06,4.372128835361046e-07
6498.07,4.6440812588247e-07
6498.08,4.942549738337891e-07
6498.09,5.273101315832129e-07
6498.1,5.642470288495433e-07
6498.11,6.058452178564924e-07
6498.12,6.529838531052875e-07
6498.13,7.066497264556836e-07
6498.14,7.679601390043666e-07
6498.15,8.38193326190563e-07
6498.16,9.188178314592924e-07
6498.17,1.0114950197414056e-06
6498.18,1.1180688617394322e-06
6498.19,1.2404894449800072e-06
6498.2,1.3807230924112052e-06
6498.21,1.540654235135893e-06
6498.22,1.7221249222978242e-06
6498.23,1.9270948320648853e-06
6498.24,2.1576824475948086e-06
6498.25,2.4155908457494517e-06
6498.26,2.7005954591977176e-06
6498.27,3.0082701405927263e-06
6498.28,3.3275162679375267e-06
6498.29,3.6387469062620645e-06
6498.3,3.914064688496171e-06
6498.31,4.120929671167253e-06
6498.32,4.229312694195294e-06
6498.33,4.221437310497377e-06
6498.34,4.097976961109528e-06
6498.35,3.877837062745425e-06
6498.36,3.5913700846467185e-06
6498.37,3.271009163114853e-06
6498.38,2.9442655649769372e-06
6498.39,2.6305172608154445e-06
6498.4,2.3411191892993935e-06
6498.41,2.081178870036896e-06
6498.42,1.851647615544323e-06
6498.43,1.6510523060086424e-06
6498.44,1.476724176818293e-06
6498.45,1.325522112131902e-06
6498.46,1.1942852622939046e-06
6498.47,1.0800766549948024e-06
6498.48,9.803245865828743e-07
6498.49,8.928749298859747e-07
6498.5,8.15957773312743e-07
6498.51,7.481059323537462e-07
6498.52,6.880775489147958e-07
6498.53,6.348063019174657e-07
6498.54,5.873778827321968e-07
6498.55,5.450114313754162e-07
6498.56,5.070428120563002e-07
6498.57,4.729064619323833e-07
6498.58,4.4211758004609993e-07
6498.59,4.142577224942631e-07
6498.6,3.8896237343800443e-07
6498.61,3.6593206037944016e-07
6498.62,3.449042473836252e-07
6498.63,3.256635575401616e-07
6498.64,3.0802982542883085e-07
6498.65,2.9184974019716626e-07
6498.66,2.7698925974211384e-07
6498.67,2.633281432380456e-07
6498.68,2.5073170484276984e-07
6498.69,2.391506186899923e-07
6498.7,2.2846815576428017e-07
6498.71,2.1859955910719332e-07
6498.72,2.09474949477011e-07
6498.73,2.010252082339432e-07
6498.74,1.9319039928403155e-07
6498.75,1.8596684821669137e-07
6498.76,1.7920672898773774e-07
6498.77,1.7291628852169106e-07
6498.78,1.6705623132007604e-07
6498.79,1.615909439180908e-07
6498.8,1.5648825980613992e-07
6498.81,1.517196073539181e-07
6498.82,1.4726030001836954e-07
6498.83,1.4308946695312045e-07
6498.84,1.391886588122725e-07
6498.85,1.355432037681126e-07
6498.86,1.321384967931772e-07
6498.87,1.2896187761448187e-07
6498.88,1.2600217626136355e-07
6498.89,1.232498538995592e-07
6498.9,1.2069751301526445e-07
6498.91,1.1833839793282581e-07
6498.92,1.1616900516973748e-07
6498.93,1.1418775387093675e-07
6498.94,1.1239543529953529e-07
6498.95,1.1079544640273805e-07
6498.96,1.068244802265496e-07
6498.97,1.0564178505741514e-07
6498.98,1.0467530578158386e-07
6498.99,1.0392541232096418e-07
6499.0,1.0338348855793814e-07
6499.01,1.0303081737202064e-07
6499.02,1.0279877443276269e-07
6499.03,1.0257731782440463e-07
6499.04,1.022225055499699e-07
6499.05,1.0159925523424283e-07
6499.06,1.0064256845133068e-07
6499.07,9.939028875856229e-08
6499.08,9.796134454228672e-08
6499.09,9.649680535679126e-08
6499.1,9.511083027362459e-08
6499.11,9.38721599447411e-08
6499.12,9.280500613129806e-08
6499.13,9.193169184683905e-08
6499.14,9.123944132742806e-08
6499.15,9.071792558646306e-08
6499.16,9.035570732458095e-08
6499.17,9.014342554960431e-08
6499.18,9.007015849757099e-08
6499.19,9.039687144373835e-08
6499.2,9.058712012428636e-08
6499.21,9.090337485272453e-08
6499.22,9.134410975085685e-08
6499.23,9.190866973466488e-08
6499.24,9.259677623279112e-08
6499.25,9.340770221588723e-08
6499.26,9.434035727575328e-08
6499.27,9.539330591403446e-08
6499.28,9.656604976958412e-08
6499.29,9.786103730071141e-08
6499.3,9.928619643530191e-08
6499.31,1.0085530330108131e-07
6499.32,1.0259370347651938e-07
6499.33,1.045116362794514e-07
6499.34,1.0663893285570133e-07
6499.35,1.0899977199527304e-07
6499.36,1.1161958190536985e-07
6499.37,1.1452649100095464e-07
6499.38,1.1775482134748707e-07
6499.39,1.2134754611666932e-07
6499.4,1.2535970186477485e-07
6499.41,1.2986153582755702e-07
6499.42,1.3494083351102434e-07
6499.43,1.4070450158848827e-07
6499.44,1.4728001922458737e-07
6499.45,1.548167938400841e-07
6499.46,1.6348445968194046e-07
6499.47,1.7346285375719647e-07
6499.48,1.8491360645700287e-07
6499.49,1.979198104539195e-07
6499.5,2.123755071062609e-07
6499.51,2.2784355605058252e-07
6499.52,2.4338648612948584e-07
6499.53,2.5755843842989186e-07
6499.54,2.6873620147122507e-07
6499.55,2.7573929327943954e-07
6499.56,2.784511370317713e-07
6499.57,2.7798060794016844e-07
6499.58,2.759993483194993e-07
6499.59,2.741391570427312e-07
6499.6,2.735680911271039e-07
6499.61,2.749535590998221e-07
6499.62,2.78589873895194e-07
6499.63,2.8456808073449767e-07
6499.64,2.9289665029161063e-07
6499.65,3.0357461997091023e-07
6499.66,3.1663010482144017e-07
6499.67,3.3213907150774604e-07
6499.68,3.5023458794821585e-07
6499.69,3.711124944235598e-07
6499.7,3.950366542818675e-07
6499.71,4.223454045728269e-07
6499.72,4.534594734759624e-07
6499.73,4.888914942810237e-07
6499.74,5.292593988397228e-07
6499.75,5.752847767430573e-07
6499.76,6.278137089388335e-07
6499.77,6.878184708449302e-07
6499.78,7.563741006424233e-07
6499.79,8.347191983914836e-07
6499.8,9.242633222738626e-07
6499.81,1.0266382350397376e-06
6499.82,1.1436832599281297e-06
6499.83,1.2772946824096387e-06
6499.84,1.4290753090760165e-06
6499.85,1.5997721149839537e-06
6499.86,1.7884788193091942e-06
6499.87,1.991594179684283e-06
6499.88,2.201654749919523e-06
6499.89,2.4064251912480176e-06
6499.9,2.588985884552876e-06
6499.91,2.72971543240396e-06
6499.92,2.8102422918750486e-06
6499.93,2.8187958907752517e-06
6499.94,2.7541162189205027e-06
6499.95,2.625912576859107e-06
6499.96,2.4515499598312026e-06
6499.97,2.2508296753941213e-06
6499.98,2.041545353233312e-06
6499.99,1.8370837243395876e-06
6500.0,1.645995668696686e-06
6500.01,1.472777023770245e-06
6500.02,1.3190377736226142e-06
6500.03,1.1846103225336585e-06
6500.04,1.068332484648101e-06
6500.05,9.685982520079917e-07
6500.06,8.836376692401484e-07
6500.07,8.116424931444357e-07
6500.08,7.506977040407249e-07
6500.09,6.987026877639232e-07
6500.1,6.532699551079914e-07
6500.11,6.118714438138593e-07
6500.12,5.722938160661105e-07
6500.13,5.332318127065706e-07
6500.14,4.945572798327948e-07
6500.15,4.570036393867253e-07
6500.16,4.2153446753307727e-07
6500.17,3.888609492320257e-07
6500.18,3.5927836480438253e-07
6500.19,3.3276059454679556e-07
6500.2,3.0908666236609456e-07
6500.21,2.8795925162259423e-07
6500.22,2.6907267017462723e-07
6500.23,2.521443172356191e-07
6500.24,2.3692499576008178e-07
6500.25,2.2319918839986565e-07
6500.26,2.1078180424163517e-07
6500.27,1.9951418684297763e-07
6500.28,1.8926028875528242e-07
6500.29,1.7997538129124074e-07
6500.3,1.7141533166465165e-07
6500.31,1.6356494539872573e-07
6500.32,1.5634883230777643e-07
6500.33,1.4970067378298858e-07
6500.34,1.4356154824895055e-07
6500.35,1.378785652161194e-07
6500.36,1.3260448364440964e-07
6500.37,1.2769808462422342e-07
6500.38,1.2312494710913747e-07
6500.39,1.1885744124267615e-07
6500.4,1.1487352450183577e-07
6500.41,1.1115446655656649e-07
6500.42,1.0768317362658138e-07
6500.43,1.0444346951334158e-07
6500.44,1.0142005499650474e-07
6500.45,9.859882646065234e-08
6500.46,9.596702137839959e-08
6500.47,9.350786194811387e-08
6500.48,9.122183975331299e-08
6500.49,8.90963760519754e-08
6500.5,8.711956897957012e-08
6500.51,8.529437010555595e-08
6500.52,8.360948254116899e-08
6500.53,8.206809470969103e-08
6500.54,8.066869508752096e-08
6500.55,7.940670294369258e-08
6500.56,7.828704256518601e-08
6500.57,7.73145625116367e-08
6500.58,7.64971167379878e-08
6500.59,7.584625668122421e-08
6500.6,7.54409376722246e-08
6500.61,7.517287503293643e-08
6500.62,7.512645163994025e-08
6500.63,7.532105139961513e-08
6500.64,7.576826496241448e-08
6500.65,7.646015258580594e-08
6500.66,7.734938499593856e-08
6500.67,7.833094161211626e-08
6500.68,7.922972707591681e-08
6500.69,7.982784051240074e-08
6500.7,7.77837380430145e-08
6500.71,7.734697178191794e-08
6500.72,7.644436038247508e-08
6500.73,7.528211662318272e-08
6500.74,7.409270616967496e-08
6500.75,7.303272067032314e-08
6500.76,7.229179882586249e-08
6500.77,7.189768005863788e-08
6500.78,7.186009037507379e-08
6500.79,7.213964499166179e-08
6500.8,7.264322232571034e-08
6500.81,7.321737709068364e-08
6500.82,7.366846088021017e-08
6500.83,7.381827500139216e-08
6500.84,7.357927018938651e-08
6500.85,7.29950900454075e-08
6500.86,7.221066424400017e-08
6500.87,7.139791209447463e-08
6500.88,7.068789288671063e-08
6500.89,7.016157986582008e-08
6500.9,6.984786300708833e-08
6500.91,6.972828859083357e-08
6500.92,6.977188155316303e-08
6500.93,6.994432792720635e-08
6500.94,7.021937663842112e-08
6500.95,7.141573489189186e-08
6500.96,7.187967573027931e-08
6500.97,7.24542100513449e-08
6500.98,7.316204035445755e-08
6500.99,7.402748860810498e-08
6501.0,7.507381844055846e-08
6501.01,7.632257669368161e-08
6501.02,7.779434320219672e-08
6501.03,7.950987202448707e-08
6501.04,8.149085001694218e-08
6501.05,8.375959404818625e-08
6501.06,8.634402945294268e-08
6501.07,8.924139912738976e-08
6501.08,9.24524379111931e-08
6501.09,9.593264088901879e-08
6501.1,9.958736800022039e-08
6501.11,1.0326942438919173e-07
6501.12,1.0681682672670928e-07
6501.13,1.1012299191688924e-07
6501.14,1.1320122552678426e-07
6501.15,1.1619074961556931e-07
6501.16,1.1929920206910559e-07
6501.17,1.2273029565116288e-07
6501.18,1.2664255916595498e-07
6501.19,1.311436971666875e-07
6501.2,1.3630795732434168e-07
6501.21,1.4219263786404189e-07
6501.22,1.4885221363469758e-07
6501.23,1.5634672309124487e-07
6501.24,1.6474131027141357e-07
6501.25,1.7412888273052937e-07
6501.26,1.8460477182105944e-07
6501.27,1.96279344134148e-07
6501.28,2.0928980797388146e-07
6501.29,2.2381825827991115e-07
6501.3,2.4007216446927734e-07
6501.31,2.583126188743567e-07
6501.32,2.788532635027941e-07
6501.33,3.0206330700102266e-07
6501.34,3.283715962011547e-07
6501.35,3.582732957064944e-07
6501.36,3.9233756255750377e-07
6501.37,4.312138288709239e-07
6501.38,4.7563249104825617e-07
6501.39,5.263940400863517e-07
6501.4,5.843374747092757e-07
6501.41,6.502742455546775e-07
6501.42,7.248683475397434e-07
6501.43,8.084384897659032e-07
6501.44,9.006594775202066e-07
6501.45,1.0001576074477294e-06
6501.46,1.1040438715741979e-06
6501.47,1.2074925768396371e-06
6501.48,1.3037940922571313e-06
6501.49,1.3847783342530037e-06
6501.5,1.4422949305242325e-06
6501.51,1.4701779877554005e-06
6501.52,1.4659731108749671e-06
6501.53,1.431491185201005e-06
6501.54,1.3718523291506759e-06
6501.55,1.293554267991273e-06
6501.56,1.2028036175645939e-06
6501.57,1.104935208178404e-06
6501.58,1.0046093229293925e-06
6501.59,9.060616743273661e-07
6501.6,8.128004892852587e-07
6501.61,7.272347876513123e-07
6501.62,6.505391083846682e-07
6501.63,5.828555157516715e-07
6501.64,5.236761474559824e-07
6501.65,4.7216884588814313e-07
6501.66,4.273798839199379e-07
6501.67,3.883796046892941e-07
6501.68,3.543229403547387e-07
6501.69,3.2447685252299935e-07
6501.7,2.9822547709380694e-07
6501.71,2.7506124076984027e-07
6501.72,2.5456814789291925e-07
6501.73,2.3640281959753932e-07
6501.74,2.202782599943975e-07
6501.75,2.0595184509626597e-07
6501.76,1.9321688167993793e-07
6501.77,1.8190176962717987e-07
6501.78,1.7184855450165967e-07
6501.79,1.6293634781141917e-07
6501.8,1.5506149948573274e-07
6501.81,1.4814011851174785e-07
6501.82,1.4210259000053276e-07
6501.83,1.3691177385000733e-07
6501.84,1.3253560507901167e-07
6501.85,1.289664885691474e-07
6501.86,1.2621765159560843e-07
6501.87,1.2432454925787548e-07
6501.88,1.2334685708096485e-07
6501.89,1.233663113860266e-07
6501.9,1.245064399596321e-07
6501.91,1.269035832029451e-07
6501.92,1.3071411840364102e-07
6501.93,1.3608098213341897e-07
6501.94,1.430710238381505e-07
6501.95,1.515635998906384e-07
6501.96,1.61072599849444e-07
6501.97,1.7060443477850912e-07
6501.98,1.7855709509386872e-07
6501.99,1.8304087156990138e-07
6502.0,1.825579777699953e-07
6502.01,1.7674010827983062e-07
6502.02,1.6654784337726805e-07
6502.03,1.537514174676531e-07
6502.04,1.4014869957249794e-07
6502.05,1.2705511109009927e-07
6502.06,1.1516386342174898e-07
6502.07,1.0475230321589083e-07
6502.08,9.58105299443639e-08
6502.09,8.819752401675675e-08
6502.1,8.172608746424047e-08
6502.11,7.62067870218153e-08
6502.12,7.146769465879164e-08
6502.13,6.736279386741524e-08
6502.14,6.377486094532729e-08
6502.15,6.061450686514461e-08
6502.16,5.7815675328270867e-08
6502.17,5.53253638578602e-08
6502.18,5.311315436127382e-08
6502.19,5.114356294355123e-08
6502.2,4.938950560382469e-08
6502.21,4.7827404632830496e-08
6502.22,4.6436923341691416e-08
6502.23,4.520112352359793e-08
6502.24,4.410689236627469e-08
6502.25,4.323381122519629e-08
6502.26,4.239663177656245e-08
6502.27,4.168863053366015e-08
6502.28,4.110686659959765e-08
6502.29,4.065392687503164e-08
6502.3,4.033420809223285e-08
6502.31,4.0153640141916097e-08
6502.32,4.01154724850948e-08
6502.33,4.0235058893332994e-08
6502.34,4.051652140532946e-08
6502.35,4.0966874206023405e-08
6502.36,4.158908819769522e-08
6502.37,4.2375444546443854e-08
6502.38,4.3297831006679573e-08
6502.39,4.429554784138509e-08
6502.4,4.5265649019152573e-08
6502.41,4.60581490200318e-08
6502.42,4.6496506000790054e-08
6502.43,4.650947159319564e-08
6502.44,4.421904448404463e-08
6502.45,4.3122643892716766e-08
6502.46,4.173095660161675e-08
6502.47,4.0256628403286344e-08
6502.48,3.887603894083116e-08
6502.49,3.770347828300928e-08
6502.5,3.680139287604297e-08
6502.51,3.619768940617912e-08
6502.52,3.590296222893886e-08
6502.53,3.591943456064216e-08
6502.54,3.624186881488936e-08
6502.55,3.684862613012608e-08
6502.56,3.769447594936262e-08
6502.57,3.8675926525780334e-08
6502.58,3.962342888334586e-08
6502.59,4.0312003133098365e-08
6502.6,4.0519442871381825e-08
6502.61,4.011662524243661e-08
6502.62,3.912799642353008e-08
6502.63,3.7711499508992073e-08
6502.64,3.607490256869277e-08
6502.65,3.440155388630779e-08
6502.66,3.422401678934433e-08
6502.67,3.279253768186407e-08
6502.68,3.153668064510499e-08
6502.69,3.04571348416509e-08
6502.7,2.9542708290911287e-08
6502.71,2.877413454875345e-08
6502.72,2.8133229489806623e-08
6502.73,2.7601875282165946e-08
6502.74,2.716405281116034e-08
6502.75,2.6806044753326856e-08
6502.76,2.6517048607312344e-08
6502.77,2.628853399956964e-08
6502.78,2.6113879958427996e-08
6502.79,2.5997080030890256e-08
6502.8,2.5916612030647017e-08
6502.81,2.583546974375161e-08
6502.82,2.5838808328701983e-08
6502.83,2.588603505891865e-08
6502.84,2.5976017758367986e-08
6502.85,2.6110172517873713e-08
6502.86,2.6290754300900095e-08
6502.87,2.6521061754555034e-08
6502.88,2.680548079703915e-08
6502.89,2.715005256618766e-08
6502.9,2.7562310649124647e-08
6502.91,2.8052154508065027e-08
6502.92,2.8631990628503438e-08
6502.93,2.9317310336510404e-08
6502.94,3.0127179873804174e-08
6502.95,3.108503060146151e-08
6502.96,3.22152661885076e-08
6502.97,3.3549789627915776e-08
6502.98,3.511455871036492e-08
6502.99,3.692696465306589e-08
6503.0,3.897953447727007e-08
6503.01,4.1216261715726353e-08
6503.02,4.350834818936413e-08
6503.03,4.5636722848287315e-08
6503.04,4.7326901964639597e-08
6503.05,4.832222484229927e-08
6503.06,4.8523529601035664e-08
6503.07,4.803074816338274e-08
6503.08,4.7091434740352225e-08
6503.09,4.598584152422276e-08
6503.1,4.4926120301281e-08
6503.11,4.4022444522055196e-08
6503.12,4.329930671233078e-08
6503.13,4.2720625965118676e-08
6503.14,4.224371218886614e-08
6503.15,4.1818395114562756e-08
6503.16,4.142224537890307e-08
6503.17,4.1058418558072134e-08
6503.18,4.074785043806256e-08
6503.19,4.0517457609852547e-08
6503.2,4.0390969978746763e-08
6503.21,4.03848476626e-08
6503.22,4.050788989942831e-08
6503.23,4.076317976470032e-08
6503.24,4.115045745001427e-08
6503.25,4.166814010250524e-08
6503.26,4.2314761025172924e-08
6503.27,4.308989440973981e-08
6503.28,4.399434535217018e-08
6503.29,4.503199753339872e-08
6503.3,4.6207811519296016e-08
6503.31,4.752954990258953e-08
6503.32,4.900765439278364e-08
6503.33,5.0655567386139065e-08
6503.34,5.249015479963235e-08
6503.35,5.45322420533081e-08
6503.36,5.6807479868788424e-08
6503.37,5.934691721016547e-08
6503.38,6.215076324116776e-08
6503.39,6.53414066515266e-08
6503.4,6.89374304858264e-08
6503.41,7.300826347482473e-08
6503.42,7.76391011359355e-08
6503.43,8.293455059871926e-08
6503.44,8.902294502332291e-08
6503.45,9.606091663594575e-08
6503.46,1.0423746010464917e-07
6503.47,1.1377539406725216e-07
6503.48,1.2492604252763253e-07
6503.49,1.3795287505854264e-07
6503.5,1.5307113922916798e-07
6503.51,1.7037145225634643e-07
6503.52,1.8963927779842384e-07
6503.53,2.101124395684148e-07
6503.54,2.302767617686761e-07
6503.55,2.478268304380891e-07
6503.56,2.601938735683287e-07
6503.57,2.6555705992326314e-07
6503.58,2.637906790744061e-07
6503.59,2.5656741090210624e-07
6503.6,2.4652547675756586e-07
6503.61,2.3620544103161e-07
6503.62,2.274348616002496e-07
6503.63,2.212361571791684e-07
6503.64,2.1806579904709157e-07
6503.65,2.1804450071070694e-07
6503.66,2.2114958271817106e-07
6503.67,2.2732218678304343e-07
6503.68,2.365144471235894e-07
6503.69,2.4870200035647535e-07
6503.7,2.638787319833429e-07
6503.71,2.8206574570078096e-07
6503.72,3.0335095591181424e-07
6503.73,3.2795467606820504e-07
6503.74,3.5626818918059075e-07
6503.75,3.8881238850413705e-07
6503.76,4.261165070219767e-07
6503.77,4.685613211707846e-07
6503.78,5.162109383069037e-07
6503.79,5.686277893580127e-07
6503.8,6.246461930105693e-07
6503.81,6.821270585447611e-07
6503.82,7.377576631005036e-07
6503.83,7.870651170008382e-07
6503.84,8.247696000347137e-07
6503.85,8.456861485257489e-07
6503.86,8.461813889553985e-07
6503.87,8.25543837756663e-07
6503.88,7.864652893855117e-07
6503.89,7.341525773027856e-07
6503.9,6.745705130834947e-07
6503.91,6.129518054965816e-07
6503.92,5.530452360076557e-07
6503.93,4.971250883889003e-07
6503.94,4.4628948244548923e-07
6503.95,4.0085036776787327e-07
6503.96,3.6065375243138435e-07
6503.97,3.253058068630782e-07
6503.98,2.943164556333288e-07
6503.99,2.6717276165275936e-07
6504.0,2.4340568451453656e-07
6504.01,2.225701456524896e-07
6504.02,2.0427465387754554e-07
6504.03,1.8817550837792304e-07
6504.04,1.739743784711613e-07
6504.05,1.614144929346779e-07
6504.06,1.502763789516253e-07
6504.07,1.403728643781334e-07
6504.08,1.315446428405474e-07
6504.09,1.2365935914511555e-07
6504.1,1.1659458405091956e-07
6504.11,1.1025479811765962e-07
6504.12,1.0455066813168545e-07
6504.13,9.941959221525175e-08
6504.14,9.479472034072015e-08
6504.15,9.062310089758535e-08
6504.16,8.685933961640309e-08
6504.17,8.346467303998963e-08
6504.18,8.051336320378005e-08
6504.19,7.776419034430776e-08
6504.2,7.41886075838564e-08
6504.21,7.199962824571711e-08
6504.22,7.006673364548971e-08
6504.23,6.838247702762049e-08
6504.24,6.703953145000823e-08
6504.25,6.584651475022925e-08
6504.26,6.490603036058365e-08
6504.27,6.422912428069162e-08
6504.28,6.383083322653759e-08
6504.29,6.374087083730127e-08
6504.3,6.394567621480984e-08
6504.31,6.445945900587391e-08
6504.32,6.721289962321362e-08
6504.33,6.81777583634942e-08
6504.34,6.914598237434571e-08
6504.35,6.986846416685058e-08
6504.36,7.007726936504716e-08
6504.37,6.958853945967947e-08
6504.38,6.83931668795011e-08
6504.39,6.666068383129278e-08
6504.4,6.465257279876218e-08
6504.41,6.261644927375414e-08
6504.42,6.072633149281071e-08
6504.43,5.9069674027444246e-08
6504.44,5.769129424745993e-08
6504.45,5.658664958725144e-08
6504.46,5.574023768637206e-08
6504.47,5.5131318552860206e-08
6504.48,5.473897583717231e-08
6504.49,5.4543546732082916e-08
6504.5,5.4525786672012296e-08
6504.51,5.4675000225078655e-08
6504.52,5.4942866832168956e-08
6504.53,5.530323916107376e-08
6504.54,5.5707618322652216e-08
6504.55,5.609831911424972e-08
6504.56,5.641718839768555e-08
6504.57,5.662037521947143e-08
6504.58,5.6692053271085956e-08
6504.59,5.66488818618589e-08
6504.6,5.6532809542266995e-08
6504.61,5.639564891151974e-08
6504.62,5.6286501517195925e-08
6504.63,5.624139783473834e-08
6504.64,5.6283143336058374e-08
6504.65,5.642323631759125e-08
6504.66,5.666546227222101e-08
6504.67,5.700913246490844e-08
6504.68,5.745141969817736e-08
6504.69,5.798892357325559e-08
6504.7,5.861849735746041e-08
6504.71,5.933766574266433e-08
6504.72,6.014477093383405e-08
6504.73,6.10389191290718e-08
6504.74,6.201997336448936e-08
6504.75,6.30887718530398e-08
6504.76,6.42472573176292e-08
6504.77,6.549873186640254e-08
6504.78,6.684788266524791e-08
6504.79,6.830053422882215e-08
6504.8,6.986320787742234e-08
6504.81,7.154260441794792e-08
6504.82,7.334489040340813e-08
6504.83,7.527509747555276e-08
6504.84,7.733602098820227e-08
6504.85,7.947232158753857e-08
6504.86,8.179469421872748e-08
6504.87,8.425162386476251e-08
6504.88,8.685494259350204e-08
6504.89,8.961822228676494e-08
6504.9,9.257556150650363e-08
6504.91,9.57638806657799e-08
6504.92,9.922132032812861e-08
6504.93,1.029830411744187e-07
6504.94,1.0707746356556044e-07
6504.95,1.1152013974849249e-07
6504.96,1.1630230977823176e-07
6504.97,1.2137661227868883e-07
6504.98,1.266448247552179e-07
6504.99,1.319715340807312e-07
6505.0,1.372348862521819e-07
6505.01,1.4239783039909087e-07
6505.02,1.4754774538516305e-07
6505.03,1.528700881933007e-07
6505.04,1.5857901052835095e-07
6505.05,1.648618987805614e-07
6505.06,1.7185908967653645e-07
6505.07,1.7967480890817201e-07
6505.08,1.883940101381846e-07
6505.09,1.980987528870299e-07
6505.1,2.0887918418607946e-07
6505.11,2.2084025163104986e-07
6505.12,2.3410608433371132e-07
6505.13,2.488226547637286e-07
6505.14,2.651622008965665e-07
6505.15,2.833234004857333e-07
6505.16,3.035359040312183e-07
6505.17,3.26063149910919e-07
6505.18,3.5120624509433577e-07
6505.19,3.793091149187162e-07
6505.2,4.107681399785754e-07
6505.21,4.460490042666327e-07
6505.22,4.857126855706578e-07
6505.23,5.30445677137724e-07
6505.24,5.810838665970546e-07
6505.25,6.386215739301283e-07
6505.26,7.042013906214678e-07
6505.27,7.790327970437425e-07
6505.28,8.645287303416885e-07
6505.29,9.619005957551313e-07
6505.3,1.0721676192957264e-06
6505.31,1.1958014152236917e-06
6505.32,1.3322566433125766e-06
6505.33,1.4793462401084562e-06
6505.34,1.6325196542648295e-06
6505.35,1.7842950404632072e-06
6505.36,1.924213601418734e-06
6505.37,2.0397650384359174e-06
6505.38,2.1184202021572294e-06
6505.39,2.1506056215691377e-06
6505.4,2.1325101751982392e-06
6505.41,2.067371899533598e-06
6505.42,1.9645247260349385e-06
6505.43,1.8367113336821549e-06
6505.44,1.6969120896572172e-06
6505.45,1.5561687020101976e-06
6505.46,1.4225420550492007e-06
6505.47,1.3011217266557345e-06
6505.48,1.1945342755690783e-06
6505.49,1.103525478163449e-06
6505.5,1.0273545741489356e-06
6505.51,9.63990683454033e-07
6505.52,9.101532659576517e-07
6505.53,8.61646803684068e-07
6505.54,8.142426932938752e-07
6505.55,7.650259445845534e-07
6505.56,7.133845201498157e-07
6505.57,6.608787131970938e-07
6505.58,6.100765247962528e-07
6505.59,5.633403444558739e-07
6505.6,5.221876103558486e-07
6505.61,4.8732976083121e-07
6505.62,4.589070742030608e-07
6505.63,4.367694116592699e-07
6505.64,4.2064708087351913e-07
6505.65,4.1019663170937274e-07
6505.66,4.049239358655727e-07
6505.67,4.039834691295954e-07
6505.68,4.059279347466173e-07
6505.69,4.0846006447692223e-07
6505.7,4.085767075715024e-07
6505.71,4.032935645402232e-07
6505.72,3.908089767290226e-07
6505.73,3.7136007540816947e-07
6505.74,3.4698039224144774e-07
6505.75,3.204424116836069e-07
6505.76,2.941757769581354e-07
6505.77,2.6973492557565655e-07
6505.78,2.4786628614979305e-07
6505.79,2.2873626274317275e-07
6505.8,2.1219729565744065e-07
6505.81,1.9796810809386513e-07
6505.82,1.8573549255230323e-07
6505.83,1.752032853599094e-07
6505.84,1.661113771641089e-07
6505.85,1.5824048399256438e-07
6505.86,1.5141120390357668e-07
6505.87,1.4547962177534326e-07
6505.88,1.4033050195342296e-07
6505.89,1.3586875968675426e-07
6505.9,1.3201042891837416e-07
6505.91,1.286679740693471e-07
6505.92,1.2576722694396657e-07
6505.93,1.25683094723597e-07
6505.94,1.2337869293350903e-07
6505.95,1.2122679149649198e-07
6505.96,1.1916537712311844e-07
6505.97,1.1662716968539648e-07
6505.98,1.1473745407837658e-07
6505.99,1.1300176212616397e-07
6506.0,1.1148730737121899e-07
6506.01,1.1025666034199639e-07
6506.02,1.0936140582192824e-07
6506.03,1.0884216141499623e-07
6506.04,1.0884538186066627e-07
6506.05,1.0916416801384646e-07
6506.06,1.0991853345765306e-07
6506.07,1.1108211533358707e-07
6506.08,1.1256982108185192e-07
6506.09,1.1433932202996361e-07
6506.1,1.1586795935389182e-07
6506.11,1.169589518206352e-07
6506.12,1.1734076583877317e-07
6506.13,1.1691931548465857e-07
6506.14,1.1582811323122906e-07
6506.15,1.1435937176635364e-07
6506.16,1.1283494318273907e-07
6506.17,1.115086754556427e-07
6506.18,1.1053211088179365e-07
6506.19,1.099726422455736e-07
6506.2,1.0983972063489754e-07
6506.21,1.1012161747747507e-07
6506.22,1.1074622278490887e-07
6506.23,1.1165434669339775e-07
6506.24,1.1272373791595795e-07
6506.25,1.1380477594621722e-07
6506.26,1.1474105424583657e-07
6506.27,1.154357750710741e-07
6506.28,1.1590000286360992e-07
6506.29,1.1624342789706998e-07
6506.3,1.1661571510718456e-07
6506.31,1.1714742342513847e-07
6506.32,1.1792342926029489e-07
6506.33,1.1898439107759305e-07
6506.34,1.2034337795356526e-07
6506.35,1.2199830264310285e-07
6506.36,1.239338848759168e-07
6506.37,1.2615853322727745e-07
6506.38,1.2866047624057337e-07
6506.39,1.3144073933306587e-07
6506.4,1.3450493104595039e-07
6506.41,1.3786432406350532e-07
6506.42,1.4153238160817273e-07
6506.43,1.4552611901690846e-07
6506.44,1.4986530165343666e-07
6506.45,1.5457190128260495e-07
6506.46,1.5966911246554112e-07
6506.47,1.6518001071701682e-07
6506.48,1.711263779309477e-07
6506.49,1.7754462791977486e-07
6506.5,1.8442168046513016e-07
6506.51,1.9179532435709076e-07
6506.52,1.9968981218769076e-07
6506.53,2.0812921825478465e-07
6506.54,2.171320030131491e-07
6506.55,2.2670991205601436e-07
6506.56,2.3687699507576296e-07
6506.57,2.4767106393428924e-07
6506.58,2.5917507528069015e-07
6506.59,2.7152558211765707e-07
6506.6,2.8490359035320333e-07
6506.61,2.9951644738816735e-07
6506.62,3.1558056412977456e-07
6506.63,3.3331924809174007e-07
6506.64,3.529645959000025e-07
6506.65,3.7476713356218963e-07
6506.66,3.9900688432555584e-07
6506.67,4.260033413450946e-07
6506.68,4.5613325278120196e-07
6506.69,4.898345403876355e-07
6506.7,5.276255871178249e-07
6506.71,5.701205504608904e-07
6506.72,6.180506529007254e-07
6506.73,6.722702685083505e-07
6506.74,7.338015884188256e-07
6506.75,8.038453943273368e-07
6506.76,8.838102882443451e-07
6506.77,9.753355416637677e-07
6506.78,1.080306153035921e-06
6506.79,1.20083174641737e-06
6506.8,1.3392057198978013e-06
6506.81,1.4977570686534135e-06
6506.82,1.6785799565507832e-06
6506.83,1.8830503063216902e-06
6506.84,2.111045908002044e-06
6506.85,2.3598098176117935e-06
6506.86,2.6224405416824765e-06
6506.87,2.88675226185575e-06
6506.88,3.13416956579374e-06
6506.89,3.341189512647347e-06
6506.9,3.483075610710508e-06
6506.91,3.540048252625409e-06
6506.92,3.503526532272527e-06
6506.93,3.3791317920793637e-06
6506.94,3.184695772219396e-06
6506.95,2.944478699722135e-06
6506.96,2.6826505556354793e-06
6506.97,2.4189775757328916e-06
6506.98,2.1671029458743772e-06
6506.99,1.934930503936669e-06
6507.0,1.7259606046532402e-06
6507.01,1.5407832689311457e-06
6507.02,1.3782630589135456e-06
6507.03,1.2364109312526287e-06
6507.04,1.112921004693671e-06
6507.05,1.0054814897458462e-06
6507.06,9.119362089086887e-07
6507.07,8.303538047976742e-07
6507.08,7.590465871410881e-07
6507.09,6.965611677759769e-07
6507.1,6.416574297544515e-07
6507.11,5.932829098343413e-07
6507.12,5.505470293785621e-07
6507.13,5.12697320116978e-07
6507.14,4.790980466417472e-07
6507.15,4.491493461195871e-07
6507.16,4.225227438365838e-07
6507.17,3.9877113964589917e-07
6507.18,3.7756981090586517e-07
6507.19,3.5864433784661186e-07
6507.2,3.4176319755863317e-07
6507.21,3.2673140753100727e-07
6507.22,3.133849211463416e-07
6507.23,3.015853057880718e-07
6507.24,2.912137305081813e-07
6507.25,2.8216653580580105e-07
6507.26,2.7434543322351815e-07
6507.27,2.6765253239825125e-07
6507.28,2.6198623030139493e-07
6507.29,2.572459560975244e-07
6507.3,2.533476465447473e-07
6507.31,2.502492296232988e-07
6507.32,2.4797250770678965e-07
6507.33,2.466067567787681e-07
6507.34,2.4630465444976525e-07
6507.35,2.472504113973734e-07
6507.36,2.496554478179543e-07
6507.37,2.5375728971681214e-07
6507.38,2.5982898778896936e-07
6507.39,2.681929083095724e-07
6507.4,2.7923320804394813e-07
6507.41,2.9340103398634314e-07
6507.42,3.112022834360874e-07
6507.43,3.3315149383040114e-07
6507.44,3.5966026763503034e-07
6507.45,3.908314233527089e-07
6507.46,4.26123291846187e-07
6507.47,4.640022622364053e-07
6507.48,5.016795612614516e-07
6507.49,5.354651217233028e-07
6507.5,5.647140092401246e-07
6507.51,5.815218004875028e-07
6507.52,5.88514138569282e-07
6507.53,5.86399190985509e-07
6507.54,5.756669274045662e-07
6507.55,5.564250920253184e-07
6507.56,5.292864489203567e-07
6507.57,4.962528671535539e-07
6507.58,4.604030594010908e-07
6507.59,4.248015422977265e-07
6507.6,3.9155151759493686e-07
6507.61,3.615191642801139e-07
6507.62,3.347080378840604e-07
6507.63,3.107592572837905e-07
6507.64,2.893624074052031e-07
6507.65,2.703815733297009e-07
6507.66,2.5377907643378074e-07
6507.67,2.394974982423307e-07
6507.68,2.2740433092279866e-07
6507.69,2.1730669010926727e-07
6507.7,2.0897306793975762e-07
6507.71,2.0219434399631357e-07
6507.72,1.9675893201404477e-07
6507.73,1.9249329703040546e-07
6507.74,1.8926064305737792e-07
6507.75,1.869634432226106e-07
6507.76,1.8554111456982172e-07
6507.77,1.849629032087805e-07
6507.78,1.8521713942013902e-07
6507.79,1.8630072306605337e-07
6507.8,1.8820439402300879e-07
6507.81,1.9089130379431025e-07
6507.82,1.9426351341815825e-07
6507.83,1.9826339608482295e-07
6507.84,2.0228945954147626e-07
6507.85,2.0604364337485892e-07
6507.86,2.090868894320623e-07
6507.87,2.1114209702823622e-07
6507.88,2.1222205804616833e-07
6507.89,2.1261880240717406e-07
6507.9,2.1277795131267645e-07
6507.91,2.130883853589709e-07
6507.92,2.1386842638957835e-07
6507.93,2.1530204177504957e-07
6507.94,2.1747553038530684e-07
6507.95,2.204159378707383e-07
6507.96,2.2411634035774279e-07
6507.97,2.2856479378264288e-07
6507.98,2.33901913919598e-07
6507.99,2.398329989437913e-07
6508.0,2.4652278607698953e-07
6508.01,2.5399183657915613e-07
6508.02,2.6227680306839954e-07
6508.03,2.714219883267054e-07
6508.04,2.814823976196242e-07
6508.05,2.925246794772303e-07
6508.06,3.0462826889837115e-07
6508.07,3.17886787624075e-07
6508.08,3.3240884427680363e-07
6508.09,3.4832091840162505e-07
6508.1,3.6576944561142096e-07
6508.11,3.8492408064891714e-07
6508.12,4.059818063849947e-07
6508.13,4.291718539364978e-07
6508.14,4.547610654251861e-07
6508.15,4.830605555936456e-07
6508.16,5.144335760689906e-07
6508.17,5.493050964628642e-07
6508.18,5.881734859365563e-07
6508.19,6.316247359626174e-07
6508.2,6.803497881980328e-07
6508.21,7.351653995662343e-07
6508.22,7.970391838272254e-07
6508.23,8.671194873254785e-07
6508.24,9.467707462117525e-07
6508.25,1.0376097717030822e-06
6508.26,1.1415673582381702e-06
6508.27,1.2609055855097376e-06
6508.28,1.3982701971295099e-06
6508.29,1.55669839279449e-06
6508.3,1.7395824238657622e-06
6508.31,1.950539437991092e-06
6508.32,2.193114283673891e-06
6508.33,2.470204410529852e-06
6508.34,2.7830588004398745e-06
6508.35,3.129702138908254e-06
6508.36,3.502750881825046e-06
6508.37,3.886921823349017e-06
6508.38,4.2571882798935054e-06
6508.39,4.579330892000153e-06
6508.4,4.81466553428138e-06
6508.41,4.929223517818029e-06
6508.42,4.904696117055566e-06
6508.43,4.745138953649636e-06
6508.44,4.475428422345428e-06
6508.45,4.132484700589807e-06
6508.46,3.7542353632914844e-06
6508.47,3.3720005467833265e-06
6508.48,3.0073042796499546e-06
6508.49,2.672407232358372e-06
6508.5,2.3725341278501208e-06
6508.51,2.108323255924254e-06
6508.52,1.8778077658869404e-06
6508.53,1.6775125174040064e-06
6508.54,1.5043525173672857e-06
6508.55,1.3545009824237129e-06
6508.56,1.224679580395986e-06
6508.57,1.111977308714031e-06
6508.58,1.013857578940116e-06
6508.59,9.281300167404941e-07
6508.6,8.529110222379824e-07
6508.61,7.865885826127387e-07
6508.62,7.278157602582564e-07
6508.63,6.754848078084237e-07
6508.64,6.287372897840253e-07
6508.65,5.868422228809327e-07
6508.66,5.492648055766896e-07
6508.67,5.155400367808469e-07
6508.68,4.852616799488383e-07
6508.69,4.580524318818944e-07
6508.7,4.335900541935954e-07
6508.71,4.115326654849702e-07
6508.72,3.915450021529829e-07
6508.73,3.732884142533741e-07
6508.74,3.564456647665151e-07
6508.75,3.4076809855572104e-07
6508.76,3.261104589190405e-07
6508.77,3.1242127205328197e-07
6508.78,2.9969292445103533e-07
6508.79,2.8791633246100174e-07
6508.8,2.7704779775929755e-07
6508.81,2.67035379800431e-07
6508.82,2.578200978981199e-07
6508.83,2.493472749959159e-07
6508.84,2.4156816444329196e-07
6508.85,2.3443742768276352e-07
6508.86,2.2782401187957762e-07
6508.87,2.2186119899856874e-07
6508.88,2.164202762515011e-07
6508.89,2.1146337527700048e-07
6508.9,2.0695136542979326e-07
6508.91,2.0284585721916247e-07
6508.92,1.9910867274503212e-07
6508.93,1.9570511985618972e-07
6508.94,1.926083695010327e-07
6508.95,1.8980319514820987e-07
6508.96,1.872850773144226e-07
6508.97,1.850556167934986e-07
6508.98,1.8311925422450958e-07
6508.99,1.8147900479325964e-07
6509.0,1.8013910384348782e-07
6509.01,1.7910395725120167e-07
6509.02,1.7830093491311385e-07
6509.03,1.811012730290931e-07
6509.04,1.810379752406196e-07
6509.05,1.8131146776462863e-07
6509.06,1.8193226984191495e-07
6509.07,1.8290719250078752e-07
6509.08,1.842366173867538e-07
6509.09,1.8590681125767727e-07
6509.1,1.8788366785707661e-07
6509.11,1.9011144930902424e-07
6509.12,1.925206904388494e-07
6509.13,1.9505646171923526e-07
6509.14,1.9769486072830237e-07
6509.15,2.0048697429933567e-07
6509.16,2.0354075019029837e-07
6509.17,2.070003436000902e-07
6509.18,2.1101895524213306e-07
6509.19,2.1574329547590042e-07
6509.2,2.213137982489e-07
6509.21,2.2786954813597189e-07
6509.22,2.3557242360016807e-07
6509.23,2.4459545038588075e-07
6509.24,2.551562859559579e-07
6509.25,2.675195038769848e-07
6509.26,2.8201017645056994e-07
6509.27,2.9902390259278855e-07
6509.28,3.190311475371087e-07
6509.29,3.4256828758252897e-07
6509.3,3.702009228855375e-07
6509.31,4.024352189479287e-07
6509.32,4.395416324841226e-07
6509.33,4.812527383864521e-07
6509.34,5.264138302814581e-07
6509.35,5.726336973624389e-07
6509.36,6.16452481182782e-07
6509.37,6.542489584609768e-07
6509.38,6.836730036566353e-07
6509.39,7.045178750124586e-07
6509.4,7.181195905871311e-07
6509.41,7.255407339788119e-07
6509.42,7.262708969903514e-07
6509.43,7.185002920910988e-07
6509.44,7.009236532462136e-07
6509.45,6.743647878779862e-07
6509.46,6.41953635953973e-07
6509.47,6.078375164822495e-07
6509.48,5.75718064627375e-07
6509.49,5.479816051814632e-07
6509.5,5.258009142764961e-07
6509.51,5.09452085696015e-07
6509.52,4.987377871984006e-07
6509.53,4.932433152295152e-07
6509.54,4.925042198392304e-07
6509.55,4.960588249116379e-07
6509.56,5.034432188457368e-07
6509.57,5.141717636045988e-07
6509.58,5.277434508109556e-07
6509.59,5.438102672998858e-07
6509.6,5.617762508821939e-07
6509.61,5.81829194355024e-07
6509.62,6.043533928286485e-07
6509.63,6.299801243435637e-07
6509.64,6.59430471042125e-07
6509.65,6.934147766821602e-07
6509.66,7.326134281323301e-07
6509.67,7.777202227022418e-07
6509.68,8.294950863800598e-07
6509.69,8.888201980962217e-07
6509.7,9.567505530971953e-07
6509.71,1.0345620188806128e-06
6509.72,1.1238008008795678e-06
6509.73,1.2263362439881333e-06
6509.74,1.3444185330019206e-06
6509.75,1.4807402188633073e-06
6509.76,1.6384954759042046e-06
6509.77,1.8214225645244647e-06
6509.78,2.033801374825062e-06
6509.79,2.2803565607446785e-06
6509.8,2.565985128281928e-06
6509.81,2.895197355884289e-06
6509.82,3.271099397592101e-06
6509.83,3.6937526141830717e-06
6509.84,4.157083571287501e-06
6509.85,4.6483079905740745e-06
6509.86,5.140607220442529e-06
6509.87,5.594068263231977e-06
6509.88,5.9581916918581575e-06
6509.89,6.181498025921971e-06
6509.9,6.227254526373316e-06
6509.91,6.0870525943979195e-06
6509.92,5.784285138433507e-06
6509.93,5.365105986789619e-06
6509.94,4.882607072199304e-06
6509.95,4.3834450475916464e-06
6509.96,3.901144480674294e-06
6509.97,3.455583845567347e-06
6509.98,3.0558647647867974e-06
6509.99,2.703924425953186e-06
6510.0,2.397567511125661e-06
6510.01,2.1325617717835974e-06
6510.02,1.903963576642313e-06
6510.03,1.706838323092833e-06
6510.04,1.5366267179167724e-06
6510.05,1.3892908383235712e-06
6510.06,1.261343391956085e-06
6510.07,1.1498203366389437e-06
6510.08,1.0522289997365929e-06
6510.09,9.664854730960081e-07
6510.1,8.908558243480689e-07
6510.11,8.238956708277702e-07
6510.12,7.64402839164729e-07
6510.13,7.113735738590255e-07
6510.14,6.639642046770939e-07
6510.15,6.214598537134136e-07
6510.16,5.832504444684231e-07
6510.17,5.488136178130823e-07
6510.18,5.177010517399272e-07
6510.19,4.895276067287301e-07
6510.2,4.639622585170699e-07
6510.21,4.407199792196692e-07
6510.22,4.1955534729461674e-07
6510.23,4.0025675649691966e-07
6510.24,3.826417934777295e-07
6510.25,3.665531013130051e-07
6510.26,3.518547013887624e-07
6510.27,3.384317302998479e-07
6510.28,3.2617287326269113e-07
6510.29,3.1498514325280953e-07
6510.3,3.047736146232205e-07
6510.31,2.954359175961415e-07
6510.32,2.868531203620745e-07
6510.33,2.788861844787268e-07
6510.34,2.7138240588582587e-07
6510.35,2.642008431388699e-07
6510.36,2.572446033010327e-07
6510.37,2.504850755141624e-07
6510.38,2.439552566042709e-07
6510.39,2.377202742091557e-07
6510.4,2.31844556043428e-07
6510.41,2.2637091600034757e-07
6510.42,2.2131792069112001e-07
6510.43,2.166854488359342e-07
6510.44,2.124566092811901e-07
6510.45,2.0860919880096718e-07
6510.46,2.0512617213672133e-07
6510.47,2.0198008951961278e-07
6510.48,1.9914550643850722e-07
6510.49,1.9659509399413214e-07
6510.5,1.9429970584338465e-07
6510.51,1.9223102328257572e-07
6510.52,1.9036675107390029e-07
6510.53,1.886952166358142e-07
6510.54,1.9063534832886248e-07
6510.55,1.8937074567136714e-07
6510.56,1.8830852017939732e-07
6510.57,1.8745164693152066e-07
6510.58,1.8680019342566322e-07
6510.59,1.8635233256679206e-07
6510.6,1.861054516672647e-07
6510.61,1.8605703768058696e-07
6510.62,1.862051804246029e-07
6510.63,1.8654880431918014e-07
6510.64,1.8708771737957078e-07
6510.65,1.8782252635118563e-07
6510.66,1.8875443596473523e-07
6510.67,1.8988497745542802e-07
6510.68,1.9121570578984713e-07
6510.69,1.927480016516498e-07
6510.7,1.944832052424017e-07
6510.71,1.964235221549249e-07
6510.72,1.9857238929943826e-07
6510.73,2.0093606401810397e-07
6510.74,2.0354466377161092e-07
6510.75,2.0637097712996986e-07
6510.76,2.0945057595389103e-07
6510.77,2.1279975505612918e-07
6510.78,2.1643483894909646e-07
6510.79,2.20372197642694e-07
6510.8,2.2462896295386184e-07
6510.81,2.2922402207307252e-07
6510.82,2.3417884701334818e-07
6510.83,2.3951777093401246e-07
6510.84,2.451618809541047e-07
6510.85,2.513526776914215e-07
6510.86,2.580147669685161e-07
6510.87,2.6518182369241846e-07
6510.88,2.727947641703368e-07
6510.89,2.810877829678164e-07
6510.9,2.9001241916804723e-07
6510.91,2.996234137093619e-07
6510.92,3.099836794409199e-07
6510.93,3.211664420278051e-07
6510.94,3.332570987676423e-07
6510.95,3.4635403203467625e-07
6510.96,3.605689088675514e-07
6510.97,3.760275520537346e-07
6510.98,3.928595083325131e-07
6510.99,4.112537568674014e-07
6511.0,4.3138648204442783e-07
6511.01,4.534805262447292e-07
6511.02,4.777992707105103e-07
6511.03,5.046548015457883e-07
6511.04,5.344156113984341e-07
6511.05,5.675170628388197e-07
6511.06,6.044723426957335e-07
6511.07,6.458835711455876e-07
6511.08,6.924517286861003e-07
6511.09,7.449728971865573e-07
6511.1,8.043197743154919e-07
6511.11,8.713872365402152e-07
6511.12,9.469750825108611e-07
6511.13,1.0315867242566058e-06
6511.14,1.1251000009240154e-06
6511.15,1.2264291790560826e-06
6511.16,1.333270252576011e-06
6511.17,1.4425164135332243e-06
6511.18,1.5501941794485734e-06
6511.19,1.6589875079017123e-06
6511.2,1.7710432985937278e-06
6511.21,1.8931662989056926e-06
6511.22,2.033753720438352e-06
6511.23,2.2012282080403688e-06
6511.24,2.403324766774684e-06
6511.25,2.6472095365185113e-06
6511.26,2.9397631777903266e-06
6511.27,3.2875967131632007e-06
6511.28,3.696493717692894e-06
6511.29,4.169959655732677e-06
6511.3,4.706580507448497e-06
6511.31,5.296039239043804e-06
6511.32,5.914278427044281e-06
6511.33,6.519325834385755e-06
6511.34,7.051610070591103e-06
6511.35,7.441531459637095e-06
6511.36,7.6274957798108505e-06
6511.37,7.576322715555637e-06
6511.38,7.296384405960486e-06
6511.39,6.83427989695121e-06
6511.4,6.257315018046326e-06
6511.41,5.632339188502942e-06
6511.42,5.0121046267033324e-06
6511.43,4.430603827291396e-06
6511.44,3.905284390604021e-06
6511.45,3.4418446716603996e-06
6511.46,3.0388864682008475e-06
6511.47,2.6913723956360016e-06
6511.48,2.39282455359521e-06
6511.49,2.1365651014603983e-06
6511.5,1.9163334518920524e-06
6511.51,1.7265434337346594e-06
6511.52,1.5623540945796342e-06
6511.53,1.4196625397465669e-06
6511.54,1.2950617037280763e-06
6511.55,1.1857692136830363e-06
6511.56,1.0895289509831777e-06
6511.57,1.0044968347915945e-06
6511.58,9.291403513094078e-07
6511.59,8.621639964250469e-07
6511.6,8.024629014579839e-07
6511.61,7.490903021487098e-07
6511.62,7.012342860071867e-07
6511.63,6.581983478028315e-07
6511.64,6.193856942331792e-07
6511.65,5.842808227315771e-07
6511.66,5.5244482169843e-07
6511.67,5.236888401070002e-07
6511.68,4.973174952132731e-07
6511.69,4.7324133549822424e-07
6511.7,4.512220904181914e-07
6511.71,4.310521486040152e-07
6511.72,4.12549605141241e-07
6511.73,3.955545666632006e-07
6511.74,3.7992625429013637e-07
6511.75,3.6554088399308806e-07
6511.76,3.522896996435839e-07
6511.77,3.4007724790390367e-07
6511.78,3.288197222260979e-07
6511.79,3.18443727521346e-07
6511.8,3.088851154237297e-07
6511.81,3.000881440480078e-07
6511.82,2.9200490209110386e-07
6511.83,2.845949746236501e-07
6511.84,2.778247152131555e-07
6511.85,2.716679525292699e-07
6511.86,2.661055611288679e-07
6511.87,2.611259733011054e-07
6511.88,2.5672570585547176e-07
6511.89,2.529100791365724e-07
6511.9,2.4969401828596036e-07
6511.91,2.4710269912495216e-07
6511.92,2.4517152160067207e-07
6511.93,2.439443787848399e-07
6511.94,2.434683148618973e-07
6511.95,2.437813635640353e-07
6511.96,2.448858825322402e-07
6511.97,2.467207612369513e-07
6511.98,2.490854241295797e-07
6511.99,2.516022402300917e-07
6512.0,2.53693640081441e-07
6512.01,2.546858764673145e-07
6512.02,2.5755075375238835e-07
6512.03,2.551055141061358e-07
6512.04,2.5114186056163127e-07
6512.05,2.4626616245573575e-07
6512.06,2.4113555506649073e-07
6512.07,2.3626468490202873e-07
6512.08,2.31960530024841e-07
6512.09,2.2836294690698817e-07
6512.1,2.2549970086868875e-07
6512.11,2.2334039902507213e-07
6512.12,2.218303028726659e-07
6512.13,2.2090857233384892e-07
6512.14,2.2051627260922066e-07
6512.15,2.205994977445959e-07
6512.16,2.2111135051404582e-07
6512.17,2.2201522497845759e-07
6512.18,2.232885927545945e-07
6512.19,2.249241714970266e-07
6512.2,2.26925729291077e-07
6512.21,2.2930412016748005e-07
6512.22,2.3207178767039633e-07
6512.23,2.352424416027301e-07
6512.24,2.3883081210343893e-07
6512.25,2.4285388871465896e-07
6512.26,2.473321416391376e-07
6512.27,2.5228930559725607e-07
6512.28,2.577487137593858e-07
6512.29,2.637247110134718e-07
6512.3,2.7021199124086944e-07
6512.31,2.771576294144077e-07
6512.32,2.844712711558252e-07
6512.33,2.9201704712334486e-07
6512.34,2.9965950340344965e-07
6512.35,3.073278191851046e-07
6512.36,3.150707741577694e-07
6512.37,3.230574267531056e-07
6512.38,3.3151783885594944e-07
6512.39,3.4068826896513224e-07
6512.4,3.50750771144021e-07
6512.41,3.6184638064139084e-07
6512.42,3.7407517518910015e-07
6512.43,3.8753277621012287e-07
6512.44,4.0231085497764684e-07
6512.45,4.1851089640132884e-07
6512.46,4.362492885507561e-07
6512.47,4.556605525862139e-07
6512.48,4.768997709142895e-07
6512.49,5.00145089006522e-07
6512.5,5.256022760198316e-07
6512.51,5.535123591903789e-07
6512.52,5.841619867212649e-07
6512.53,6.159434058452921e-07
6512.54,6.531765821105256e-07
6512.55,6.943824707622404e-07
6512.56,7.401237925918043e-07
6512.57,7.910573608207589e-07
6512.58,8.479514861651248e-07
6512.59,9.117084117950401e-07
6512.6,9.833913680762798e-07
6512.61,1.064256479232542e-06
6512.62,1.1557909800639877e-06
6512.63,1.2597590859345777e-06
6512.64,1.3782625304342205e-06
6512.65,1.5138192049770127e-06
6512.66,1.6694728409861367e-06
6512.67,1.8489299844363894e-06
6512.68,2.0567022972454235e-06
6512.69,2.2982107543941622e-06
6512.7,2.579803697544514e-06
6512.71,2.9086343619941143e-06
6512.72,3.292291579988965e-06
6512.73,3.73787446941154e-06
6512.74,4.250859693662309e-06
6512.75,4.831612754818568e-06
6512.76,5.471497221391963e-06
6512.77,6.147060557810988e-06
6512.78,6.8145224218642545e-06
6512.79,7.409128432890912e-06
6512.8,7.852130213783155e-06
6512.81,8.072105728215035e-06
6512.82,8.029566232532437e-06
6512.83,7.734074222854331e-06
6512.84,7.240042212112989e-06
6512.85,6.625105367882382e-06
6512.86,5.964656780757738e-06
6512.87,5.316759114214438e-06
6512.88,4.717667183083062e-06
6512.89,4.18524697340533e-06
6512.9,3.7246989926504424e-06
6512.91,3.3338591624466437e-06
6512.92,3.0066881416674328e-06
6512.93,2.7352481199764048e-06
6512.94,2.5104733540726247e-06
6512.95,2.322396382154774e-06
6512.96,2.1603428853416274e-06
6512.97,2.0140139806616683e-06
6512.98,1.8753480410173269e-06
6512.99,1.740215693168047e-06
6513.0,1.6085364770253299e-06
6513.01,1.4826943393609691e-06
6513.02,1.36533358690246e-06
6513.03,1.258144875018491e-06
6513.04,1.161657487160012e-06
6513.05,1.0757192333873112e-06
6513.06,9.998685721468364e-07
6513.07,9.337472883666128e-07
6513.08,8.763598975622517e-07
6513.09,8.272932481515314e-07
6513.1,7.859733669540012e-07
6513.11,7.519114061610293e-07
6513.12,7.247460357770239e-07
6513.13,7.042648904777321e-07
6513.14,6.904057116838746e-07
6513.15,6.83230253474522e-07
6513.16,6.828525030092996e-07
6513.17,6.892966001053143e-07
6513.18,7.022438902417414e-07
6513.19,7.206113551296459e-07
6513.2,7.420340217533581e-07
6513.21,7.625290289255808e-07
6513.22,7.766140119255604e-07
6513.23,7.787108045767508e-07
6513.24,7.651742120191156e-07
6513.25,7.36064379519397e-07
6513.26,6.950436783672488e-07
6513.27,6.475674603529565e-07
6513.28,5.987861197523683e-07
6513.29,5.522960756178689e-07
6513.3,5.100683113562599e-07
6513.31,4.7280201233930217e-07
6513.32,4.4044051737786194e-07
6513.33,4.1255918091474743e-07
6513.34,3.8860397777618383e-07
6513.35,3.6801702379377436e-07
6513.36,3.5029255138727504e-07
6513.37,3.349954382267136e-07
6513.38,3.2176126449043655e-07
6513.39,3.1029130003198916e-07
6513.4,3.003323847017207e-07
6513.41,2.9168636204242563e-07
6513.42,2.8418368601492834e-07
6513.43,2.776971584808411e-07
6513.44,2.7212633281651983e-07
6513.45,2.6739023703330684e-07
6513.46,2.634125664202358e-07
6513.47,2.638117035459512e-07
6513.48,2.610732073210643e-07
6513.49,2.587270380748839e-07
6513.5,2.565903880343288e-07
6513.51,2.5449384831214184e-07
6513.52,2.523381194884068e-07
6513.53,2.501297482085532e-07
6513.54,2.4796896097172276e-07
6513.55,2.4599815838870617e-07
6513.56,2.443436191796759e-07
6513.57,2.430884451693788e-07
6513.58,2.422724792353068e-07
6513.59,2.4190273718983453e-07
6513.6,2.4198101970561396e-07
6513.61,2.4249318768547805e-07
6513.62,2.4342886474568107e-07
6513.63,2.447816500581514e-07
6513.64,2.465489673683033e-07
6513.65,2.487326500351642e-07
6513.66,2.513376121849616e-07
6513.67,2.5436991312952475e-07
6513.68,2.578344825485882e-07
6513.69,2.6173371745792066e-07
6513.7,2.660677418463013e-07
6513.71,2.7083514712562137e-07
6513.72,2.7602946744444395e-07
6513.73,2.816304454192217e-07
6513.74,2.875930864447789e-07
6513.75,2.938535832243704e-07
6513.76,3.003570595161481e-07
6513.77,3.0709420615750926e-07
6513.78,3.141280061867532e-07
6513.79,3.215809662574173e-07
6513.8,3.2960116363040355e-07
6513.81,3.383294425249555e-07
6513.82,3.478833445904923e-07
6513.83,3.5835965064384265e-07
6513.84,3.6984227729375524e-07
6513.85,3.824122819478362e-07
6513.86,3.9615481410831953e-07
6513.87,4.1116546966672517e-07
6513.88,4.250961424268275e-07
6513.89,4.4300086653769376e-07
6513.9,4.6255695180774585e-07
6513.91,4.839351368505002e-07
6513.92,5.07333074159818e-07
6513.93,5.329785562734403e-07
6513.94,5.611353216962347e-07
6513.95,5.921085900092309e-07
6513.96,6.262532989390967e-07
6513.97,6.63983017336165e-07
6513.98,7.057816138200477e-07
6513.99,7.522174099059039e-07
6514.0,8.039578609726494e-07
6514.01,8.617896692244092e-07
6514.02,9.266565500345599e-07
6514.03,9.996696341905889e-07
6514.04,1.0821602587468171e-06
6514.05,1.1757230600122367e-06
6514.06,1.2822718735422086e-06
6514.07,1.4041049583499839e-06
6514.08,1.543978109299743e-06
6514.09,1.7051821889011943e-06
6514.1,1.8916179747793989e-06
6514.11,2.1078576969043305e-06
6514.12,2.359200808268291e-06
6514.13,2.6517059888655958e-06
6514.14,2.992234559538267e-06
6514.15,3.3884057681942986e-06
6514.16,3.848182398765324e-06
6514.17,4.378536682587465e-06
6514.18,4.982562826391224e-06
6514.19,5.654624222179068e-06
6514.2,6.37372552053799e-06
6514.21,7.096510530763982e-06
6514.22,7.754901855680222e-06
6514.23,8.261817985564228e-06
6514.24,8.532912360766162e-06
6514.25,8.51627857540193e-06
6514.26,8.214627845082821e-06
6514.27,7.684048739033439e-06
6514.28,7.0103030176740644e-06
6514.29,6.2794324454160535e-06
6514.3,5.557406559899705e-06
6514.31,4.885677918759813e-06
6514.32,4.2841362044067815e-06
6514.33,3.7580769423707163e-06
6514.34,3.3044215699996707e-06
6514.35,2.9161064541680736e-06
6514.36,2.584751591417251e-06
6514.37,2.302059410934453e-06
6514.38,2.0604936581796884e-06
6514.39,1.8534992151384155e-06
6514.4,1.6755178608008757e-06
6514.41,1.52190341090562e-06
6514.42,1.3888016316132493e-06
6514.43,1.2730258966084274e-06
6514.44,1.1719438032038903e-06
6514.45,1.0833800871046778e-06
6514.46,1.00552678999759e-06
6514.47,9.368915057398774e-07
6514.48,8.762361271134116e-07
6514.49,8.225354961129385e-07
6514.5,7.749395043186568e-07
6514.51,7.327413908936217e-07
6514.52,6.953712703556837e-07
6514.53,6.6230727987926e-07
6514.54,6.331727350773401e-07
6514.55,6.076543583805717e-07
6514.56,5.853742012628673e-07
6514.57,5.664261520155758e-07
6514.58,5.505495251770398e-07
6514.59,5.376678742071466e-07
6514.6,5.277451590270237e-07
6514.61,5.207829223208959e-07
6514.62,5.168250283657725e-07
6514.63,5.159808492736145e-07
6514.64,5.184614588539552e-07
6514.65,5.246091377667705e-07
6514.66,5.348954906072975e-07
6514.67,5.498755004281336e-07
6514.68,5.700859141715702e-07
6514.69,5.958651381547303e-07
6514.7,6.270440772334926e-07
6514.71,6.624975954712403e-07
6514.72,6.996179187673432e-07
6514.73,7.340748757778865e-07
6514.74,7.599366107430865e-07
6514.75,7.716997398469609e-07
6514.76,7.655507296180957e-07
6514.77,7.4173482161418e-07
6514.78,7.044816952934261e-07
6514.79,6.593085691893879e-07
6514.8,6.121185278515343e-07
6514.81,5.668416769956242e-07
6514.82,5.257482363164515e-07
6514.83,4.897210691731434e-07
6514.84,4.588494658718302e-07
6514.85,4.328308320311342e-07
6514.86,4.1120319240199836e-07
6514.87,3.9346855988442855e-07
6514.88,3.791597268823774e-07
6514.89,3.678740870334873e-07
6514.9,3.62682081086801e-07
6514.91,3.56566538217181e-07
6514.92,3.5273189396172364e-07
6514.93,3.5107708056665746e-07
6514.94,3.5156949469708756e-07
6514.95,3.5424504956339706e-07
6514.96,3.59210962544944e-07
6514.97,3.666493952050688e-07
6514.98,3.768241407813184e-07
6514.99,3.9008551202188097e-07
6515.0,4.0687025055002523e-07
6515.01,4.276886331279601e-07
6515.02,4.530829940320852e-07
6515.03,4.835311043564331e-07
6515.04,5.192534060530284e-07
6515.05,5.598815327509407e-07
6515.06,6.039563811945299e-07
6515.07,6.484524447784948e-07
6515.08,6.884776290547712e-07
6515.09,7.179681198429133e-07
6515.1,7.315030467176368e-07
6515.11,7.266253260054796e-07
6515.12,7.05073586145122e-07
6515.13,6.719086251181045e-07
6515.14,6.332648380313313e-07
6515.15,5.943668131240172e-07
6515.16,5.58591480688409e-07
6515.17,5.276672092695821e-07
6515.18,5.021235516466168e-07
6515.19,4.818180497997791e-07
6515.2,4.6630231777556446e-07
6515.21,4.550350491790248e-07
6515.22,4.4749609246421436e-07
6515.23,4.4323137635374504e-07
6515.24,4.418681276904803e-07
6515.25,4.404713000560943e-07
6515.26,4.441224446367644e-07
6515.27,4.5000823659893345e-07
6515.28,4.580316283928913e-07
6515.29,4.681393150913318e-07
6515.3,4.803279803255149e-07
6515.31,4.946340404485644e-07
6515.32,5.111323058685315e-07
6515.33,5.299365002383561e-07
6515.34,5.512000740374417e-07
6515.35,5.751185330000532e-07
6515.36,6.019332156683799e-07
6515.37,6.319367383306161e-07
6515.38,6.654798857707151e-07
6515.39,7.029808062523395e-07
6515.4,7.449364839191772e-07
6515.41,7.919372563045759e-07
6515.42,8.446849624297906e-07
6515.43,9.039961039184682e-07
6515.44,9.709080718247224e-07
6515.45,1.0465975619635313e-06
6515.46,1.1324943453210222e-06
6515.47,1.2303267228531748e-06
6515.48,1.3421816776510403e-06
6515.49,1.4705906139140605e-06
6515.5,1.618629792232277e-06
6515.51,1.7900455163379307e-06
6515.52,1.9893751520200654e-06
6515.53,2.2220910463926864e-06
6515.54,2.494719407154112e-06
6515.55,2.814894809558194e-06
6515.56,3.1912480683623864e-06
6515.57,3.6329430047330703e-06
6515.58,4.148547816189278e-06
6515.59,4.7437626054984086e-06
6515.6,5.417407203998079e-06
6515.61,6.155265977766583e-06
6515.62,6.922221784893907e-06
6515.63,7.656928661448406e-06
6515.64,8.2721263188598e-06
6515.65,8.671650851274841e-06
6515.66,8.780933219330669e-06
6515.67,8.577918013295284e-06
6515.68,8.103241008514956e-06
6515.69,7.441820216555324e-06
6515.7,6.6899281858053794e-06
6515.71,5.927325289867327e-06
6515.72,5.2072650292654646e-06
6515.73,4.557411919587974e-06
6515.74,3.987168242895735e-06
6515.75,3.495080573125656e-06
6515.76,3.074314439991747e-06
6515.77,2.7160270781183547e-06
6515.78,2.411185629766844e-06
6515.79,2.151422494503963e-06
6515.8,1.9293653783618293e-06
6515.81,1.738707637307645e-06
6515.82,1.5741758728802833e-06
6515.83,1.4314486443821732e-06
6515.84,1.3070376456589817e-06
6515.85,1.1981355928439277e-06
6515.86,1.1024585210076345e-06
6515.87,1.0181204204866679e-06
6515.88,9.435378938382174e-07
6515.89,8.773720854184799e-07
6515.9,8.184874051244653e-07
6515.91,7.65920621158232e-07
6515.92,7.188510315757649e-07
6515.93,6.765927993875856e-07
6515.94,6.385528245068638e-07
6515.95,6.042295224817334e-07
6515.96,5.731924144641321e-07
6515.97,5.450735983504172e-07
6515.98,5.195549973211118e-07
6515.99,4.963605030246309e-07
6516.0,4.752495351902664e-07
6516.01,4.560139625359632e-07
6516.02,4.3847553059782863e-07
6516.03,4.2248510082852753e-07
6516.04,4.0791932871467173e-07
6516.05,3.9467576829679927e-07
6516.06,3.826688792086335e-07
6516.07,3.718264631538001e-07
6516.08,3.620894084260233e-07
6516.09,3.5341217592734553e-07
6516.1,3.457632985530607e-07
6516.11,3.391262738975078e-07
6516.12,3.3350028838281014e-07
6516.13,3.2891906601022666e-07
6516.14,3.253804486499531e-07
6516.15,3.2294701759280114e-07
6516.16,3.21678368707661e-07
6516.17,3.2162919988465186e-07
6516.18,3.228244866047695e-07
6516.19,3.2521362995151623e-07
6516.2,3.2860094389201796e-07
6516.21,3.325775806857887e-07
6516.22,3.364694706774661e-07
6516.23,3.3943493067634237e-07
6516.24,3.4068589556677706e-07
6516.25,3.3983126493106573e-07
6516.26,3.370787100563617e-07
6516.27,3.331454798006156e-07
6516.28,3.28953366125292e-07
6516.29,3.2533184805025033e-07
6516.3,3.22865641218857e-07
6516.31,3.2511793935841747e-07
6516.32,3.258762772877628e-07
6516.33,3.2843926391110683e-07
6516.34,3.328950984768644e-07
6516.35,3.393442173911356e-07
6516.36,3.4790269736597136e-07
6516.37,3.586894800628657e-07
6516.38,3.7164186541057333e-07
6516.39,3.871083069674164e-07
6516.4,4.0488494769501833e-07
6516.41,4.2487944196628964e-07
6516.42,4.4708793349180923e-07
6516.43,4.717746155384963e-07
6516.44,4.995580100216827e-07
6516.45,5.312901959818381e-07
6516.46,5.676680827001898e-07
6516.47,6.089071433179486e-07
6516.48,6.531822791087146e-07
6516.49,6.975175311643698e-07
6516.5,7.367006699362758e-07
6516.51,7.644374248521446e-07
6516.52,7.754502719912533e-07
6516.53,7.677248887783434e-07
6516.54,7.435692842132447e-07
6516.55,7.084479486250103e-07
6516.56,6.686331758637984e-07
6516.57,6.292878277655907e-07
6516.58,5.936728764659448e-07
6516.59,5.634077586443804e-07
6516.6,5.389482581590206e-07
6516.61,5.169269620527375e-07
6516.62,5.032627153401483e-07
6516.63,4.942129585813229e-07
6516.64,4.892713173054221e-07
6516.65,4.880043527956639e-07
6516.66,4.899027504698672e-07
6516.67,4.950505005064218e-07
6516.68,5.031107034060959e-07
6516.69,5.139907089995271e-07
6516.7,5.276666541441827e-07
6516.71,5.441773822511771e-07
6516.72,5.636190922002892e-07
6516.73,5.861378448124933e-07
6516.74,6.119234618552322e-07
6516.75,6.411969478724032e-07
6516.76,6.742398917154017e-07
6516.77,7.11257802430778e-07
6516.78,7.526215954294628e-07
6516.79,7.988008298382677e-07
6516.8,8.504808666656801e-07
6516.81,9.086175332938265e-07
6516.82,9.744355652569022e-07
6516.83,1.0493974234363413e-06
6516.84,1.1351856773612386e-06
6516.85,1.2337127609155088e-06
6516.86,1.3471433328069408e-06
6516.87,1.4778837541931229e-06
6516.88,1.6284951537050084e-06
6516.89,1.8014842129276482e-06
6516.9,1.998938249286659e-06
6516.91,2.2220704260196346e-06
6516.92,2.4710461388807097e-06
6516.93,2.745400571361934e-06
6516.94,3.045788278496361e-06
6516.95,3.3764399736992143e-06
6516.96,3.7468395051302833e-06
6516.97,4.17095150416808e-06
6516.98,4.663764429387006e-06
6516.99,5.236181058559855e-06
6517.0,5.8890347880896706e-06
6517.01,6.6049531880502565e-06
6517.02,7.341683577343023e-06
6517.03,8.027456115210481e-06
6517.04,8.565760774636918e-06
6517.05,8.859001490859785e-06
6517.06,8.843561929779506e-06
6517.07,8.518023190348317e-06
6517.08,7.943589283760989e-06
6517.09,7.21644450992471e-06
6517.1,6.432699711449528e-06
6517.11,5.664591425209433e-06
6517.12,4.9559972739408675e-06
6517.13,4.326573270476267e-06
6517.14,3.7801703784631315e-06
6517.15,3.3119890902570197e-06
6517.16,2.913419051319164e-06
6517.17,2.5748386334398013e-06
6517.18,2.2870311602675644e-06
6517.19,2.041786777763662e-06
6517.2,1.832071420101991e-06
6517.21,1.6519885137240965e-06
6517.22,1.4966519964311852e-06
6517.23,1.3620395306176614e-06
6517.24,1.2448427961535888e-06
6517.25,1.142344508222396e-06
6517.26,1.0523058956097015e-06
6517.27,9.728743469660548e-07
6517.28,9.025233930774664e-07
6517.29,8.399737421002591e-07
6517.3,7.841589471955622e-07
6517.31,7.341838555915128e-07
6517.32,6.892938574128424e-07
6517.33,6.488503277596654e-07
6517.34,6.123096567202364e-07
6517.35,5.79208440411001e-07
6517.36,5.49150733639687e-07
6517.37,5.217919085481131e-07
6517.38,4.968381759490076e-07
6517.39,4.7403356796954466e-07
6517.4,4.5315494893839446e-07
6517.41,4.340065428833726e-07
6517.42,4.164149866190808e-07
6517.43,4.00227523740751e-07
6517.44,3.8530842149932454e-07
6517.45,3.715398405475791e-07
6517.46,3.588206253901866e-07
6517.47,3.4706426728283553e-07
6517.48,3.3619591165923235e-07
6517.49,3.261491151733314e-07
6517.5,3.168642348843747e-07
6517.51,3.0828738869728654e-07
6517.52,3.0036998516297584e-07
6517.53,2.9306854955342226e-07
6517.54,2.8634452306497103e-07
6517.55,2.801640071825751e-07
6517.56,2.744973994295934e-07
6517.57,2.6931889869190146e-07
6517.58,2.646057250383009e-07
6517.59,2.603134842877211e-07
6517.6,2.5646792529454963e-07
6517.61,2.5302148509618267e-07
6517.62,2.4994685892082283e-07
6517.63,2.4721792214349955e-07
6517.64,2.4481897236175715e-07
6517.65,2.4275084942427593e-07
6517.66,2.410257205590281e-07
6517.67,2.3965251806913746e-07
6517.68,2.386219780044158e-07
6517.69,2.4085281765756316e-07
6517.7,2.403906735246913e-07
6517.71,2.4011488287596587e-07
6517.72,2.3993018581982163e-07
6517.73,2.3983641930569725e-07
6517.74,2.398707994198609e-07
6517.75,2.4009943020418977e-07
6517.76,2.4058373756505997e-07
6517.77,2.413605322281158e-07
6517.78,2.424262239135014e-07
6517.79,2.4374041289361404e-07
6517.8,2.452413351129374e-07
6517.81,2.4687710867324417e-07
6517.82,2.486378030565377e-07
6517.83,2.5056581653935095e-07
6517.84,2.527394793528113e-07
6517.85,2.5524360345565433e-07
6517.86,2.5814829556372364e-07
6517.87,2.615034014505106e-07
6517.88,2.653431152478201e-07
6517.89,2.696932901610811e-07
6517.9,2.745778435813669e-07
6517.91,2.800230888851514e-07
6517.92,2.8606043173607135e-07
6517.93,2.9272903545836886e-07
6517.94,3.0007337250142176e-07
6517.95,3.0814993825578034e-07
6517.96,3.1702464471068883e-07
6517.97,3.2339314482266107e-07
6517.98,3.341262354372809e-07
6517.99,3.4592561739879726e-07
6518.0,3.589039139391515e-07
6518.01,3.7318150465481297e-07
6518.02,3.8888524072824306e-07
6518.03,4.061440342704324e-07
6518.04,4.2508716561015424e-07
6518.05,4.458283104512054e-07
6518.06,4.6842830960355367e-07
6518.07,4.928469582757906e-07
6518.08,5.189275203555732e-07
6518.09,5.464452700018589e-07
6518.1,5.752631548064583e-07
6518.11,6.055275127923654e-07
6518.12,6.377941690411057e-07
6518.13,6.73228992099553e-07
6518.14,7.125381653570024e-07
6518.15,7.571950377323629e-07
6518.16,8.084432374908956e-07
6518.17,8.675327865479612e-07
6518.18,9.357409801084327e-07
6518.19,1.014190465324282e-06
6518.2,1.104477517134214e-06
6518.21,1.2073853521253258e-06
6518.22,1.323202805263485e-06
6518.23,1.4509913839688968e-06
6518.24,1.5881250951587983e-06
6518.25,1.730169030567744e-06
6518.26,1.8720888616742515e-06
6518.27,2.01042381362243e-06
6518.28,2.1459155198223963e-06
6518.29,2.2846423262791775e-06
6518.3,2.437074078942553e-06
6518.31,2.615889479560234e-06
6518.32,2.8340028111194368e-06
6518.33,3.103707252502028e-06
6518.34,3.4364403367358226e-06
6518.35,3.842685146734971e-06
6518.36,4.331172231564265e-06
6518.37,4.906574705019583e-06
6518.38,5.5649935830402106e-06
6518.39,6.286895574790841e-06
6518.4,7.02849862838453e-06
6518.41,7.71726259154046e-06
6518.42,8.256049760536497e-06
6518.43,8.547276121759903e-06
6518.44,8.528920977857893e-06
6518.45,8.202815894476982e-06
6518.46,7.63363016757035e-06
6518.47,6.919365864645289e-06
6518.48,6.15563925801377e-06
6518.49,5.412604309549243e-06
6518.5,4.731689619021307e-06
6518.51,4.130504889268839e-06
6518.52,3.611550145451053e-06
6518.53,3.1693096604023696e-06
6518.54,2.7949147814564464e-06
6518.55,2.478772875406654e-06
6518.56,2.211668358594065e-06
6518.57,1.986030598490474e-06
6518.58,1.7949251994456283e-06
6518.59,1.6327488254905636e-06
6518.6,1.4949254490547162e-06
6518.61,1.37778551837911e-06
6518.62,1.2784470984497991e-06
6518.63,1.1946924649460161e-06
6518.64,1.124846670682857e-06
6518.65,1.0676746207974424e-06
6518.66,1.022302472583638e-06
6518.67,9.881912886046764e-07
6518.68,9.649127421499404e-07
6518.69,9.52251413105269e-07
6518.7,9.498510069385934e-07
6518.71,9.569067319395184e-07
6518.72,9.718970244204606e-07
6518.73,9.910432362568298e-07
6518.74,1.0093883666203834e-06
6518.75,1.0201368085713412e-06
6518.76,1.01651730007447e-06
6518.77,9.942053120453552e-07
6518.78,9.531973959769408e-07
6518.79,8.976916425870067e-07
6518.8,8.34078025755711e-07
6518.81,7.685599033746547e-07
6518.82,7.056433039185579e-07
6518.83,6.479382188060708e-07
6518.84,5.964796091180172e-07
6518.85,5.513061038448376e-07
6518.86,5.119370422981834e-07
6518.87,4.776945614441078e-07
6518.88,4.478857063618077e-07
6518.89,4.218802702529144e-07
6518.9,3.9912911495308477e-07
6518.91,3.791605244249022e-07
6518.92,3.6157297282357157e-07
6518.93,3.460279152424609e-07
6518.94,3.3224257653202684e-07
6518.95,3.1998205503930776e-07
6518.96,3.0905182256671335e-07
6518.97,2.992908000007728e-07
6518.98,2.905651483498765e-07
6518.99,2.8276261095653574e-07
6519.0,2.7578705227990364e-07
6519.01,2.695526399149584e-07
6519.02,2.6397840959075017e-07
6519.03,2.589837318001884e-07
6519.04,2.5448934508651717e-07
6519.05,2.5042554874901556e-07
6519.06,2.4941469375765725e-07
6519.07,2.461111301793007e-07
6519.08,2.431690894229098e-07
6519.09,2.40591992056701e-07
6519.1,2.3837428313179738e-07
6519.11,2.3649786222589152e-07
6519.12,2.34940388485477e-07
6519.13,2.33683092842732e-07
6519.14,2.327235379878253e-07
6519.15,2.3206879131456243e-07
6519.16,2.3172814317277626e-07
6519.17,2.317076496252104e-07
6519.18,2.3200671298363602e-07
6519.19,2.3263192644817867e-07
6519.2,2.3357913035400225e-07
6519.21,2.3485046491183748e-07
6519.22,2.3644915194042417e-07
6519.23,2.3838020123770474e-07
6519.24,2.406505134157455e-07
6519.25,2.432684374699134e-07
6519.26,2.462416920883507e-07
6519.27,2.495868511478066e-07
6519.28,2.5332747349423176e-07
6519.29,2.5744902119668466e-07
6519.3,2.619876842404025e-07
6519.31,2.669677871378477e-07
6519.32,2.689459478521297e-07
6519.33,2.7492173306333166e-07
6519.34,2.8144443473404675e-07
6519.35,2.8856107586391317e-07
6519.36,2.9632259515053786e-07
6519.37,3.0478420977956e-07
6519.38,3.140049362417178e-07
6519.39,3.2404656618773313e-07
6519.4,3.349710070463704e-07
6519.41,3.468358474989138e-07
6519.42,3.5969133451400133e-07
6519.43,3.735811588502552e-07
6519.44,3.8855672811638336e-07
6519.45,4.047015415367626e-07
6519.46,4.2215533433172174e-07
6519.47,4.4111877189686544e-07
6519.48,4.618384098465996e-07
6519.49,4.845872305422371e-07
6519.5,5.09655939007417e-07
6519.51,5.373553809097455e-07
6519.52,5.680307596701542e-07
6519.53,6.020765976225485e-07
6519.54,6.399500121019101e-07
6519.55,6.821892281533534e-07
6519.56,7.294316714901158e-07
6519.57,7.824358021686735e-07
6519.58,8.421078274733316e-07
6519.59,9.095349096505782e-07
6519.6,9.860266706629692e-07
6519.61,1.0731671053490978e-06
6519.62,1.1728793792969084e-06
6519.63,1.2875064785997827e-06
6519.64,1.4199102166819087e-06
6519.65,1.5735909693423015e-06
6519.66,1.7528272498381463e-06
6519.67,1.962828385379023e-06
6519.68,2.2098814900964853e-06
6519.69,2.501445641781699e-06
6519.7,2.846099741173686e-06
6519.71,3.253166658699712e-06
6519.72,3.7316652826394686e-06
6519.73,4.288250123778119e-06
6519.74,4.92305783958876e-06
6519.75,5.623432979894419e-06
6519.76,6.355406081123963e-06
6519.77,7.057555581655213e-06
6519.78,7.641121891531482e-06
6519.79,8.00757739101945e-06
6519.8,8.083733446302042e-06
6519.81,7.85386136741536e-06
6519.82,7.367893187578655e-06
6519.83,6.717715453714246e-06
6519.84,6.0006703746074305e-06
6519.85,5.292224173515635e-06
6519.86,4.639148150630189e-06
6519.87,4.0630054488623255e-06
6519.88,3.5688068413711654e-06
6519.89,3.1525681593125652e-06
6519.9,2.8064224582395188e-06
6519.91,2.521537783589683e-06
6519.92,2.289521081376984e-06
6519.93,2.1029060328271773e-06
6519.94,1.955081984601912e-06
6519.95,1.8398574883892605e-06
6519.96,1.7507974804085147e-06
6519.97,1.6805119434913372e-06
6519.98,1.6203790233844225e-06
6519.99,1.5611545651864678e-06
6520.0,1.494586697949681e-06
6520.01,1.416589052825276e-06
6520.02,1.3272782966892028e-06
6520.03,1.2308622874273114e-06
6520.04,1.1330818965094295e-06
6520.05,1.0390209218392374e-06
6520.06,9.519934425660026e-07
6520.07,8.73619001533071e-07
6520.08,8.042290246360669e-07
6520.09,7.433988541413593e-07
6520.1,6.903413093975339e-07
6520.11,6.441552053505585e-07
6520.12,6.039611148643834e-07
6520.13,5.689657338737538e-07
6520.14,5.384859812690618e-07
6520.15,5.119543056507336e-07
6520.16,4.889129196908566e-07
6520.17,4.690041967891386e-07
6520.18,4.5195192143257316e-07
6520.19,4.37550147811282e-07
6520.2,4.2564798698255753e-07
6520.21,4.161387707159972e-07
6520.22,4.0892498358167246e-07
6520.23,4.038668906669677e-07
6520.24,4.007399106056872e-07
6520.25,3.9916774013772174e-07
6520.26,3.985553725044579e-07
6520.27,3.9806553730516143e-07
6520.28,3.9668401664522934e-07
6520.29,3.934861540352886e-07
6520.3,3.879807150736219e-07
6520.31,3.803561995358409e-07
6520.32,3.713881362238575e-07
6520.33,3.6211039425564074e-07
6520.34,3.5347663924620537e-07
6520.35,3.461724850538752e-07
6520.36,3.40616857008835e-07
6520.37,3.3702680403625343e-07
6520.38,3.3550828819514697e-07
6520.39,3.361261197990677e-07
6520.4,3.3894683439350764e-07
6520.41,3.4665633035286914e-07
6520.42,3.542282012871348e-07
6520.43,3.6444910999980504e-07
6520.44,3.774221031583607e-07
6520.45,3.939866162851569e-07
6520.46,4.1448347963992356e-07
6520.47,4.3954441527774306e-07
6520.48,4.698091945086756e-07
6520.49,5.057961712583364e-07
6520.5,5.476681454650359e-07
6520.51,5.948559923157862e-07
6520.52,6.455321472818212e-07
6520.53,6.961126894953457e-07
6520.54,7.410023644818466e-07
6520.55,7.735123101391686e-07
6520.56,7.87709605432504e-07
6520.57,7.808429094098717e-07
6520.58,7.546359339211158e-07
6520.59,7.144653125788357e-07
6520.6,6.670734480041769e-07
6520.61,6.184101433998165e-07
6520.62,5.725126610991247e-07
6520.63,5.315720726640721e-07
6520.64,4.963622775620883e-07
6520.65,4.668180834839604e-07
6520.66,4.390136197776974e-07
6520.67,4.193076119066041e-07
6520.68,4.0364849769128724e-07
6520.69,3.91530267688495e-07
6520.7,3.825183870101834e-07
6520.71,3.7624589991692497e-07
6520.72,3.724096369688034e-07
6520.73,3.707663899269455e-07
6520.74,3.7112505645663427e-07
6520.75,3.7334505097858567e-07
6520.76,3.773286023272095e-07
6520.77,3.8301657834671147e-07
6520.78,3.9038481254259466e-07
6520.79,3.994412959058177e-07
6520.8,4.1022468512506953e-07
6520.81,4.228036548698537e-07
6520.82,4.37277422330985e-07
6520.83,4.5379176212201184e-07
6520.84,4.7248346867278396e-07
6520.85,4.935711586528616e-07
6520.86,5.173023526176105e-07
6520.87,5.439745225436609e-07
6520.88,5.739434806572554e-07
6520.89,6.076339676318861e-07
6520.9,6.455529385905144e-07
6520.91,6.883061863898307e-07
6520.92,7.366190737870629e-07
6520.93,7.913624170978505e-07
6520.94,8.535846247918857e-07
6520.95,9.245515666107823e-07
6520.96,1.0057958902247245e-06
6520.97,1.0991775679426418e-06
6520.98,1.2069627428359883e-06
6520.99,1.3319179857822769e-06
6521.0,1.4774377203528407e-06
6521.01,1.6476988841170124e-06
6521.02,1.8478289450296713e-06
6521.03,2.084053838788911e-06
6521.04,2.363763994644619e-06
6521.05,2.6953993919005867e-06
6521.06,3.0879582788912417e-06
6521.07,3.5497667541442474e-06
6521.08,4.085932647275255e-06
6521.09,4.693778217257954e-06
6521.1,5.355855977376387e-06
6521.11,6.031515735829554e-06
6521.12,6.652631646531398e-06
6521.13,7.128357029334737e-06
6521.14,7.369698111259005e-06
6521.15,7.324692072706347e-06
6521.16,7.0034797541838044e-06
6521.17,6.473166460024907e-06
6521.18,5.826770796965321e-06
6521.19,5.149898082211886e-06
6521.2,4.5018599059198276e-06
6521.21,3.915366964929415e-06
6521.22,3.4024562350550743e-06
6521.23,2.96282596415941e-06
6521.24,2.590061829752246e-06
6521.25,2.275502288949692e-06
6521.26,2.0103072524202873e-06
6521.27,1.7864107766952085e-06
6521.28,1.5968383403889002e-06
6521.29,1.4357524544080575e-06
6521.3,1.2983448845433972e-06
6521.31,1.1806891894868197e-06
6521.32,1.0795941116821446e-06
6521.33,9.924685792142507e-07
6521.34,9.172039490433548e-07
6521.35,8.520714993776832e-07
6521.36,7.95630154308564e-07
6521.37,7.466397432197807e-07
6521.38,7.039783533191306e-07
6521.39,6.665711336692643e-07
6521.4,6.335830643062646e-07
6521.41,6.035412178793711e-07
6521.42,5.757934339864943e-07
6521.43,5.497452069647638e-07
6521.44,5.25158914641264e-07
6521.45,5.021026944316543e-07
6521.46,4.808046318844936e-07
6521.47,4.6149857280387964e-07
6521.48,4.443403845061348e-07
6521.49,4.293870135504451e-07
6521.5,4.1661332628061547e-07
6521.51,4.0594813585955497e-07
6521.52,3.973076898219408e-07
6521.53,3.906325697446248e-07
6521.54,3.859182709372487e-07
6521.55,3.832319785967441e-07
6521.56,3.827102378469265e-07
6521.57,3.8455021298479043e-07
6521.58,3.8900413214838615e-07
6521.59,3.963855321704492e-07
6521.6,4.0707942948764387e-07
6521.61,4.2155259256287943e-07
6521.62,4.4034656680617603e-07
6521.63,4.6405349838689777e-07
6521.64,4.932438289538697e-07
6521.65,5.283174185561507e-07
6521.66,5.692314398866587e-07
6521.67,6.150774988618869e-07
6521.68,6.635220345150801e-07
6521.69,7.104038324485015e-07
6521.7,7.49707228385784e-07
6521.71,7.746976077754978e-07
6521.72,7.801410342510931e-07
6521.73,7.664505123760829e-07
6521.74,7.32381229050145e-07
6521.75,6.858707670403601e-07
6521.76,6.335931017306567e-07
6521.77,5.810230538281355e-07
6521.78,5.31554421274762e-07
6521.79,4.874462084231506e-07
6521.8,4.4903602857578266e-07
6521.81,4.1623876919873517e-07
6521.82,3.88519604357084e-07
6521.83,3.652519678937004e-07
6521.84,3.4580973393676977e-07
6521.85,3.296249036292012e-07
6521.86,3.162077970293044e-07
6521.87,3.0514820712470793e-07
6521.88,2.961081608342661e-07
6521.89,2.888120720474955e-07
6521.9,2.830367999764504e-07
6521.91,2.786029582113272e-07
6521.92,2.753671766610353e-07
6521.93,2.732155712583107e-07
6521.94,2.7205856588782584e-07
6521.95,2.718215468265938e-07
6521.96,2.724514762215954e-07
6521.97,2.7389954210244505e-07
6521.98,2.7612888141822743e-07
6521.99,2.757597313420584e-07
6522.0,2.7951734391445164e-07
6522.01,2.840449856994952e-07
6522.02,2.8937490195973237e-07
6522.03,2.9555867580162393e-07
6522.04,3.02656179850155e-07
6522.05,3.1073406651684527e-07
6522.06,3.198689355098618e-07
6522.07,3.3036825947567634e-07
6522.08,3.419020184231012e-07
6522.09,3.5481249081297366e-07
6522.1,3.6924859726437946e-07
6522.11,3.8538743111249e-07
6522.12,4.0343935582102915e-07
6522.13,4.2365385899467484e-07
6522.14,4.463259429033866e-07
6522.15,4.718007818600607e-07
6522.16,5.004868222501592e-07
6522.17,5.328459650817585e-07
6522.18,5.693960357777886e-07
6522.19,6.106871875866966e-07
6522.2,6.572647960911474e-07
6522.21,7.096053061430987e-07
6522.22,7.680480010742298e-07
6522.23,8.327843097911731e-07
6522.24,9.039200236679709e-07
6522.25,9.817646063737035e-07
6522.26,1.0671026174906277e-06
6522.27,1.1612709240731879e-06
6522.28,1.2657924379198096e-06
6522.29,1.3816172596219952e-06
6522.3,1.5080966407424186e-06
6522.31,1.6435301333773633e-06
6522.32,1.7843128347431545e-06
6522.33,1.9275658141346035e-06
6522.34,2.073410325803097e-06
6522.35,2.226648157915028e-06
6522.36,2.39712885809645e-06
6522.37,2.597825556114515e-06
6522.38,2.8426194024553907e-06
6522.39,3.1444236352206286e-06
6522.4,3.5138282941990532e-06
6522.41,3.957036607646892e-06
6522.42,4.472158960366489e-06
6522.43,5.042923081415498e-06
6522.44,5.631881528635205e-06
6522.45,6.174575411641185e-06
6522.46,6.5859157458616415e-06
6522.47,6.782703451113686e-06
6522.48,6.717257723020633e-06
6522.49,6.4006846907374495e-06
6522.5,5.896954928577098e-06
6522.51,5.292819079762979e-06
6522.52,4.666629704262197e-06
6522.53,4.071494755776204e-06
6522.54,3.535797783268951e-06
6522.55,3.0691565193658866e-06
6522.56,2.6702665410503906e-06
6522.57,2.332602636058525e-06
6522.58,2.0478681829320085e-06
6522.59,1.8077887931302705e-06
6522.6,1.604903322598394e-06
6522.61,1.4328165716761889e-06
6522.62,1.2861947786812984e-06
6522.63,1.1606538547195952e-06
6522.64,1.0526161942903508e-06
6522.65,9.591702243695739e-07
6522.66,8.77945948406408e-07
6522.67,8.070099848140924e-07
6522.68,7.447794991365398e-07
6522.69,6.899527430229697e-07
6522.7,6.414533041416607e-07
6522.71,5.983854993806102e-07
6522.72,5.599985366082152e-07
6522.73,5.256590148774819e-07
6522.74,4.948313011715378e-07
6522.75,4.670647351413437e-07
6522.76,4.419838894505118e-07
6522.77,4.1927581363240537e-07
6522.78,3.986832535803305e-07
6522.79,3.7998221862788863e-07
6522.8,3.6297970471067946e-07
6522.81,3.4750669786525056e-07
6522.82,3.33415244957634e-07
6522.83,3.205761023773065e-07
6522.84,3.088768553641569e-07
6522.85,2.9822017802867094e-07
6522.86,2.885223422622164e-07
6522.87,2.797120032025811e-07
6522.88,2.7172855300217164e-07
6522.89,2.6452219971833267e-07
6522.9,2.5805275154305605e-07
6522.91,2.5228939087267634e-07
6522.92,2.4721051264939444e-07
6522.93,2.42803596105654e-07
6522.94,2.390655560421355e-07
6522.95,2.360012881893458e-07
6522.96,2.3362443280602399e-07
6522.97,2.3195399372410693e-07
6522.98,2.3100965260204702e-07
6522.99,2.3101141783518183e-07
6523.0,2.315275500416232e-07
6523.01,2.3270158292109159e-07
6523.02,2.3438735846215848e-07
6523.03,2.363342086104691e-07
6523.04,2.39907063190328e-07
6523.05,2.412481130454419e-07
6523.06,2.4170000412715544e-07
6523.07,2.4107360446960615e-07
6523.08,2.394432578988397e-07
6523.09,2.3712762126557827e-07
6523.1,2.3456010337086904e-07
6523.11,2.3216131803136483e-07
6523.12,2.3025790443632633e-07
6523.13,2.290597810408487e-07
6523.14,2.2867579916535892e-07
6523.15,2.2914006465195035e-07
6523.16,2.304421431398623e-07
6523.17,2.325154247584591e-07
6523.18,2.3530433635441727e-07
6523.19,2.3876392568780616e-07
6523.2,2.428990372912522e-07
6523.21,2.4778289463908284e-07
6523.22,2.535516114841952e-07
6523.23,2.6038078896385055e-07
6523.24,2.6846407714778324e-07
6523.25,2.7800483052523367e-07
6523.26,2.8922322369100703e-07
6523.27,3.023710131382667e-07
6523.28,3.1774712106279593e-07
6523.29,3.357166559413266e-07
6523.3,3.567133021404899e-07
6523.31,3.780917907470697e-07
6523.32,4.0678030574827694e-07
6523.33,4.402085093574847e-07
6523.34,4.7893631155501e-07
6523.35,5.233217484872962e-07
6523.36,5.732778747284224e-07
6523.37,6.27917504069239e-07
6523.38,6.851066821550777e-07
6523.39,7.410549267388428e-07
6523.4,7.903542853119447e-07
6523.41,8.26784159712256e-07
6523.42,8.45254627596651e-07
6523.43,8.438838022205883e-07
6523.44,8.249898747474324e-07
6523.45,7.9400826739535e-07
6523.46,7.574434023109708e-07
6523.47,7.209072774617071e-07
6523.48,6.883169091719593e-07
6523.49,6.618723081298678e-07
6523.5,6.425160367658915e-07
6523.51,6.304385260733681e-07
6523.52,6.254718540821191e-07
6523.53,6.273474895431728e-07
6523.54,6.358448174670228e-07
6523.55,6.508665453725612e-07
6523.56,6.72247273773969e-07
6523.57,7.006773839042431e-07
6523.58,7.363604026631262e-07
6523.59,7.799436974192456e-07
6523.6,8.323218661628833e-07
6523.61,8.946770805927383e-07
6523.62,9.685333545655645e-07
6523.63,1.0558246327544661e-06
6523.64,1.1589820483119147e-06
6523.65,1.2810396639827624e-06
6523.66,1.4257609651361416e-06
6523.67,1.5977689559164756e-06
6523.68,1.8026677933920368e-06
6523.69,2.047254010631162e-06
6523.7,2.33851658452881e-06
6523.71,2.6841325772055844e-06
6523.72,3.090088155291862e-06
6523.73,3.557789161229491e-06
6523.74,4.078901894524669e-06
6523.75,4.6281647970108065e-06
6523.76,5.1578112329747664e-06
6523.77,5.596901014026748e-06
6523.78,5.866652025821692e-06
6523.79,5.909096311133666e-06
6523.8,5.714644468332674e-06
6523.81,5.327106250086722e-06
6523.82,4.821797491532867e-06
6523.83,4.274759902524819e-06
6523.84,3.742652313075049e-06
6523.85,3.257588869177283e-06
6523.86,2.833092322117259e-06
6523.87,2.470438500851469e-06
6523.88,2.1648573268300675e-06
6523.89,1.9092446149686814e-06
6523.9,1.6961856390216557e-06
6523.91,1.5188919685055193e-06
6523.92,1.3715409450783788e-06
6523.93,1.2493213665378075e-06
6523.94,1.1483552962123445e-06
6523.95,1.0655825243178922e-06
6523.96,9.986466627811034e-07
6523.97,9.457904017423164e-07
6523.98,9.057615056790418e-07
6523.99,8.776989805911754e-07
6524.0,8.610161829812503e-07
6524.01,8.552389655290187e-07
6524.02,8.597734207328177e-07
6524.03,8.735487737453051e-07
6524.04,8.945640843699466e-07
6524.05,9.193794841142499e-07
6524.06,9.429504024927693e-07
6524.07,9.589824100290384e-07
6524.08,9.61516222486308e-07
6524.09,9.469799816683407e-07
6524.1,9.15529208605601e-07
6524.11,8.710473105749538e-07
6524.12,8.192167935526167e-07
6524.13,7.654292497632417e-07
6524.14,7.131234819857504e-07
6524.15,6.644606400435836e-07
6524.16,6.193242480900232e-07
6524.17,5.770550095118347e-07
6524.18,5.369922871985358e-07
6524.19,4.989201015098151e-07
6524.2,4.6308035628203244e-07
6524.21,4.299113100539121e-07
6524.22,3.9976850154727916e-07
6524.23,3.727928482360515e-07
6524.24,3.4890825313006284e-07
6524.25,3.278897043775218e-07
6524.26,3.094411598267864e-07
6524.27,2.9325628123873616e-07
6524.28,2.7905383867128134e-07
6524.29,2.6659123920299743e-07
6524.3,2.556634710025797e-07
6524.31,2.461025514759157e-07
6524.32,2.3776490086475308e-07
6524.33,2.3196288712789058e-07
6524.34,2.2573822166822979e-07
6524.35,2.2041815307024831e-07
6524.36,2.158981956669876e-07
6524.37,2.1204661306343077e-07
6524.38,2.086923073857162e-07
6524.39,2.0562881266204074e-07
6524.4,2.0266751969118969e-07
6524.41,1.9970762351290263e-07
6524.42,1.967764468467151e-07
6524.43,1.9399792226980593e-07
6524.44,1.9151961849380065e-07
6524.45,1.8945388387384564e-07
6524.46,1.8785623248584926e-07
6524.47,1.8673145597597629e-07
6524.48,1.8604407703009821e-07
6524.49,1.8573019677726634e-07
6524.5,1.8571602596422547e-07
6524.51,1.859445325948056e-07
6524.52,1.8640084144471295e-07
6524.53,1.8711843494829008e-07
6524.54,1.8816184828060464e-07
6524.55,1.8960162566962374e-07
6524.56,1.916845415028922e-07
6524.57,1.9408884386983626e-07
6524.58,1.970407174200332e-07
6524.59,2.0057901907052891e-07
6524.6,2.0474271486234814e-07
6524.61,2.095693500202586e-07
6524.62,2.1217339428639632e-07
6524.63,2.1841131450971008e-07
6524.64,2.253205148008769e-07
6524.65,2.3280630600027785e-07
6524.66,2.406887221407908e-07
6524.67,2.487039908305952e-07
6524.68,2.565416497404886e-07
6524.69,2.6393629130416695e-07
6524.7,2.707750139360385e-07
6524.71,2.771647036777938e-07
6524.72,2.8341284030820067e-07
6524.73,2.899357276099191e-07
6524.74,2.971503806871816e-07
6524.75,3.0541000423915313e-07
6524.76,3.149855854635898e-07
6524.77,3.2608342468976487e-07
6524.78,3.388684338941269e-07
6524.79,3.534969954371055e-07
6524.8,3.701328246642188e-07
6524.81,3.889601474262853e-07
6524.82,4.1020092342617316e-07
6524.83,4.3413108902569736e-07
6524.84,4.6108969932505204e-07
6524.85,4.914966785906712e-07
6524.86,5.258631690412516e-07
6524.87,5.648050890020922e-07
6524.88,6.090635844075395e-07
6524.89,6.595338969094973e-07
6524.9,7.173037104314439e-07
6524.91,7.837010641270373e-07
6524.92,8.603678002089354e-07
6524.93,9.492788935405637e-07
6524.94,1.0529152018627502e-06
6524.95,1.174317564623565e-06
6524.96,1.3172240398508212e-06
6524.97,1.4861964168206747e-06
6524.98,1.686719081199334e-06
6524.99,1.9252012720710933e-06
6525.0,2.2087453608371607e-06
6525.01,2.544430969351765e-06
6525.02,2.9376758180909984e-06
6525.03,3.3891033004232323e-06
6525.04,3.889402094688989e-06
6525.05,4.412451151446129e-06
6525.06,4.910530311980538e-06
6525.07,5.3152544959469e-06
6525.08,5.554092218795192e-06
6525.09,5.577681005459661e-06
6525.1,5.382942471342759e-06
6525.11,5.013692865472046e-06
6525.12,4.53891756679941e-06
6525.13,4.026344272334762e-06
6525.14,3.5257330861563093e-06
6525.15,3.0666015134492556e-06
6525.16,2.6616533098147633e-06
6525.17,2.3128543139940623e-06
6525.18,2.016437052934437e-06
6525.19,1.7662012485120325e-06
6525.2,1.555396709348078e-06
6525.21,1.3776501809021361e-06
6525.22,1.2273365699996114e-06
6525.23,1.0996680314634475e-06
6525.24,9.906629799908023e-07
6525.25,8.970788782976219e-07
6525.26,8.162934597374832e-07
6525.27,7.464023458567799e-07
6525.28,6.854012798739028e-07
6525.29,6.321163737300657e-07
6525.3,5.85454413090373e-07
6525.31,5.445086739608345e-07
6525.32,5.083000966395993e-07
6525.33,4.766594871676366e-07
6525.34,4.4880506590804034e-07
6525.35,4.2423792183156927e-07
6525.36,4.024747653617685e-07
6525.37,3.8301239303964875e-07
6525.38,3.653480276345276e-07
6525.39,3.490255122915605e-07
6525.4,3.337346778907938e-07
6525.41,3.193561185601786e-07
6525.42,3.059161068636049e-07
6525.43,2.934888016229194e-07
6525.44,2.8212273138746383e-07
6525.45,2.7181873230013857e-07
6525.46,2.6254681565796754e-07
6525.47,2.542639051416014e-07
6525.48,2.4692539649267775e-07
6525.49,2.40487891977107e-07
6525.5,2.3490957863848362e-07
6525.51,2.3015131523923237e-07
6525.52,2.261784989298749e-07
6525.53,2.2296147389544896e-07
6525.54,2.2047466689000206e-07
6525.55,2.1869466628055618e-07
6525.56,2.1760129965682976e-07
6525.57,2.1718404259460708e-07
6525.58,2.174531652932605e-07
6525.59,2.1844874724076656e-07
6525.6,2.2140499771677588e-07
6525.61,2.240889328972839e-07
6525.62,2.2775922386083467e-07
6525.63,2.3252752779166122e-07
6525.64,2.385258005474565e-07
6525.65,2.4592159008800277e-07
6525.66,2.5493622277231806e-07
6525.67,2.658463559907991e-07
6525.68,2.78991461107252e-07
6525.69,2.9476756530721725e-07
6525.7,3.136280567169417e-07
6525.71,3.3607461548755193e-07
6525.72,3.626280557592625e-07
6525.73,3.9376728413253144e-07
6525.74,4.298101192682191e-07
6525.75,4.706210355757662e-07
6525.76,5.153788875295102e-07
6525.77,5.620884201141953e-07
6525.78,6.072566860455401e-07
6525.79,6.45994211929083e-07
6525.8,6.728197122883719e-07
6525.81,6.831913910951999e-07
6525.82,6.754378874156879e-07
6525.83,6.513755747365739e-07
6525.84,6.155576899763054e-07
6525.85,5.735335518262289e-07
6525.86,5.301648801812026e-07
6525.87,4.89020826719e-07
6525.88,4.520726812623628e-07
6525.89,4.201887368066986e-07
6525.9,3.935152560397254e-07
6525.91,3.691808553683069e-07
6525.92,3.5207100106023906e-07
6525.93,3.3911102747461373e-07
6525.94,3.2991277178836905e-07
6525.95,3.241511215790887e-07
6525.96,3.2156364205246263e-07
6525.97,3.2169950137433744e-07
6525.98,3.248074440073359e-07
6525.99,3.303851535371872e-07
6526.0,3.3803167933339187e-07
6526.01,3.471360313739736e-07
6526.02,3.5685505820800445e-07
6526.03,3.661714636285828e-07
6526.04,3.741572429438904e-07
6526.05,3.8029283870402223e-07
6526.06,3.847034501532684e-07
6526.07,3.8812656098234173e-07
6526.08,3.9163719727847545e-07
6526.09,3.9647844262630783e-07
6526.1,4.0322920455342604e-07
6526.11,4.1269209062689214e-07
6526.12,4.253236469600586e-07
6526.13,4.4147906177180164e-07
6526.14,4.61497025318192e-07
6526.15,4.857622735973334e-07
6526.16,5.147489432239784e-07
6526.17,5.490532402669055e-07
6526.18,5.894255635497926e-07
6526.19,6.368080449193144e-07
6526.2,6.923804444067112e-07
6526.21,7.576160652211604e-07
6526.22,8.343497519337433e-07
6526.23,9.248581996479524e-07
6526.24,1.0319497294551926e-06
6526.25,1.1590561113042034e-06
6526.26,1.310306127885242e-06
6526.27,1.4905386338261657e-06
6526.28,1.7051664303485543e-06
6526.29,1.9597201068221153e-06
6526.3,2.258756315151726e-06
6526.31,2.6036652073041406e-06
6526.32,2.988848966305761e-06
6526.33,3.396192284257031e-06
6526.34,3.7905070748821547e-06
6526.35,4.1184693075870525e-06
6526.36,4.319922823473605e-06
6526.37,4.350022931486097e-06
6526.38,4.201087486878305e-06
6526.39,3.906837365329521e-06
6526.4,3.525241614664687e-06
6526.41,3.1143088036292386e-06
6526.42,2.7166215925861404e-06
6526.43,2.355744895348586e-06
6526.44,2.0410319928509175e-06
6526.45,1.7728091662883734e-06
6526.46,1.5470173598728903e-06
6526.47,1.358009582034793e-06
6526.48,1.2000158267312054e-06
6526.49,1.0678011621889088e-06
6526.5,9.56859573467263e-07
6526.51,8.634275027880862e-07
6526.52,7.844098377838921e-07
6526.53,7.173226507251555e-07
6526.54,6.601287622785545e-07
6526.55,6.113052391890489e-07
6526.56,5.696633724242662e-07
6526.57,5.342823085198631e-07
6526.58,5.044378989299222e-07
6526.59,4.795581267479827e-07
6526.6,4.592005705787326e-07
6526.61,4.43039586428112e-07
6526.62,4.308590954397276e-07
6526.63,4.225477065439117e-07
6526.64,4.1809822781664124e-07
6526.65,4.1759275911166e-07
6526.66,4.2121639923553034e-07
6526.67,4.2923477511385637e-07
6526.68,4.4197312405839115e-07
6526.69,4.597644064516936e-07
6526.7,4.828472135928299e-07
6526.71,5.111856828287436e-07
6526.72,5.44189092755469e-07
6526.73,5.803417447185594e-07
6526.74,6.168340534646003e-07
6526.75,6.49486717816894e-07
6526.76,6.731603628649374e-07
6526.77,6.830436647659723e-07
6526.78,6.763089224865234e-07
6526.79,6.532698772295596e-07
6526.8,6.17227051193155e-07
6526.81,5.731223402273521e-07
6526.82,5.260033984849041e-07
6526.83,4.794325721724335e-07
6526.84,4.359676840499197e-07
6526.85,3.9680921102497076e-07
6526.86,3.632439862752581e-07
6526.87,3.3324826699674926e-07
6526.88,3.073864604634948e-07
6526.89,2.8515670222075573e-07
6526.9,2.660697437740242e-07
6526.91,2.49676982642511e-07
6526.92,2.3558390051940993e-07
6526.93,2.2345428936146363e-07
6526.94,2.1300552365304428e-07
6526.95,2.0400172580702293e-07
6526.96,1.9624606719087898e-07
6526.97,1.8957293848275866e-07
6526.98,1.8384024730711965e-07
6526.99,1.7892297991597764e-07
6527.0,1.7470899102162658e-07
6527.01,1.7110029081410675e-07
6527.02,1.6801879132150983e-07
6527.03,1.6541195240773247e-07
6527.04,1.6325222809547207e-07
6527.05,1.6153010813161125e-07
6527.06,1.602408581314899e-07
6527.07,1.5938374817758862e-07
6527.08,1.587256170665241e-07
6527.09,1.5872891447337296e-07
6527.1,1.5916298848573482e-07
6527.11,1.6003426697322937e-07
6527.12,1.6135502694566712e-07
6527.13,1.6314684412178125e-07
6527.14,1.6543394127591314e-07
6527.15,1.6825527473262546e-07
6527.16,1.7165814413094995e-07
6527.17,1.756991844620975e-07
6527.18,1.804430923023807e-07
6527.19,1.8362619733197615e-07
6527.2,1.8995345994056686e-07
6527.21,1.970757805684937e-07
6527.22,2.0489262250798004e-07
6527.23,2.1316538007397135e-07
6527.24,2.2152786417412777e-07
6527.25,2.2958069867674387e-07
6527.26,2.3707272142628467e-07
6527.27,2.4408710992039236e-07
6527.28,2.5093197255944974e-07
6527.29,2.5818065825530833e-07
6527.3,2.6638512434367037e-07
6527.31,2.759940178878444e-07
6527.32,2.8735207373676905e-07
6527.33,3.0072921527038544e-07
6527.34,3.1636490423382414e-07
6527.35,3.345165579204978e-07
6527.36,3.5548456256185176e-07
6527.37,3.7963423368777135e-07
6527.38,4.074110106374414e-07
6527.39,4.3935172213092496e-07
6527.4,4.76091469460724e-07
6527.41,5.183625833091111e-07
6527.42,5.669789684052625e-07
6527.43,6.227938920660854e-07
6527.44,6.866436609422994e-07
6527.45,7.590813788196203e-07
6527.46,8.403139412942216e-07
6527.47,9.297883813137052e-07
6527.48,1.025969562147627e-06
6527.49,1.1264320697949524e-06
6527.5,1.228470947153114e-06
6527.51,1.3304886517666351e-06
6527.52,1.4335549253014186e-06
6527.53,1.5423047309206018e-06
6527.54,1.664544223865581e-06
6527.55,1.8097693994826509e-06
6527.56,1.987223744666503e-06
6527.57,2.2039805397701438e-06
6527.58,2.4626233464426905e-06
6527.59,2.7572387908618077e-06
6527.6,3.0700627357589247e-06
6527.61,3.3668418451921636e-06
6527.62,3.5991970826175806e-06
6527.63,3.716776515548795e-06
6527.64,3.6877981901462903e-06
6527.65,3.5151241612196715e-06
6527.66,3.2345078159440557e-06
6527.67,2.8965982596254653e-06
6527.68,2.5473765284793554e-06
6527.69,2.217569605960619e-06
6527.7,1.923077711189471e-06
6527.71,1.6687846307625748e-06
6527.72,1.4533821264912218e-06
6527.73,1.2727630933560913e-06
6527.74,1.1220007489839687e-06
6527.75,9.96332392292801e-07
6527.76,8.915620918405276e-07
6527.77,8.041723267458737e-07
6527.78,7.31055172382365e-07
6527.79,6.703393002567632e-07
6527.8,6.19913684196898e-07
6527.81,5.782234687513886e-07
6527.82,5.43919175740292e-07
6527.83,5.156913516697213e-07
6527.84,4.923024800578408e-07
6527.85,4.722937058864594e-07
6527.86,4.5415867463651407e-07
6527.87,4.3648788728198423e-07
6527.88,4.18234403088211e-07
6527.89,3.989223439612872e-07
6527.9,3.786532824489913e-07
6527.91,3.579156463751094e-07
6527.92,3.373367765276086e-07
6527.93,3.174924298367835e-07
6527.94,2.9883215206199853e-07
6527.95,2.816543139463765e-07
6527.96,2.661162935429525e-07
6527.97,2.522650854225192e-07
6527.98,2.401063319253249e-07
6527.99,2.2948513350187742e-07
6528.0,2.2033689960495376e-07
6528.01,2.1253877626827675e-07
6528.02,2.0597596611126964e-07
6528.03,2.0053583330557065e-07
6528.04,1.9612259560677444e-07
6528.05,1.9267059095485501e-07
6528.06,1.9014229729647948e-07
6528.07,1.8850780833871405e-07
6528.08,1.877018887024579e-07
6528.09,1.875752198737633e-07
6528.1,1.8856946418333087e-07
6528.11,1.8877968298634042e-07
6528.12,1.8841477716441912e-07
6528.13,1.8707838848945977e-07
6528.14,1.8470312402404857e-07
6528.15,1.8159478836099015e-07
6528.16,1.782722330102127e-07
6528.17,1.7524599682442754e-07
6528.18,1.728863029582808e-07
6528.19,1.714025118008868e-07
6528.2,1.7089374221046054e-07
6528.21,1.7139804587904946e-07
6528.22,1.7293407761257615e-07
6528.23,1.7552560945467206e-07
6528.24,1.7921541159569783e-07
6528.25,1.8407263199030753e-07
6528.26,1.9019729822908675e-07
6528.27,1.9772415783277724e-07
6528.28,2.068261504970901e-07
6528.29,2.1771948256330173e-07
6528.3,2.307659292951273e-07
6528.31,2.460895132590005e-07
6528.32,2.641538391252673e-07
6528.33,2.8535844238982126e-07
6528.34,3.100942929779499e-07
6528.35,3.3866464897896983e-07
6528.36,3.711502652853599e-07
6528.37,4.071973079193502e-07
6528.38,4.4573198312736205e-07
6528.39,4.846640113811515e-07
6528.4,5.207463090101115e-07
6528.41,5.49865813282261e-07
6528.42,5.678901766106132e-07
6528.43,5.720068314612473e-07
6528.44,5.618167793223183e-07
6528.45,5.395087623948558e-07
6528.46,5.069755000164087e-07
6528.47,4.7253685468090617e-07
6528.48,4.3776153810895103e-07
6528.49,4.0513400652267995e-07
6528.5,3.7603858262770834e-07
6528.51,3.5103699843558094e-07
6528.52,3.301501941682652e-07
6528.53,3.130968082994052e-07
6528.54,2.994570114422893e-07
6528.55,2.887918841817333e-07
6528.56,2.8072986728402793e-07
6528.57,2.750050468366833e-07
6528.58,2.7145870340094403e-07
6528.59,2.7003015510938644e-07
6528.6,2.7065817695071737e-07
6528.61,2.7331926673388406e-07
6528.62,2.780154990534988e-07
6528.63,2.847806859908627e-07
6528.64,2.937370800530438e-07
6528.65,3.0491564240812776e-07
6528.66,3.1854049894278907e-07
6528.67,3.3485448316820965e-07
6528.68,3.5417235399311025e-07
6528.69,3.768949568050793e-07
6528.7,4.035252430875145e-07
6528.71,4.3468964701360343e-07
6528.72,4.7116627022713593e-07
6528.73,5.139230754250662e-07
6528.74,5.641652465023931e-07
6528.75,6.234100676612727e-07
6528.76,6.935600826031489e-07
6528.77,7.769787060197587e-07
6528.78,8.765623917474139e-07
6528.79,9.957583902469543e-07
6528.8,1.1384929418102968e-06
6528.81,1.3088765237379429e-06
6528.82,1.5104640992067812e-06
6528.83,1.7445039223351036e-06
6528.84,2.008142901991156e-06
6528.85,2.2891280917064676e-06
6528.86,2.5633285337655066e-06
6528.87,2.7935193763215053e-06
6528.88,2.9372867632027756e-06
6528.89,2.9629172054364592e-06
6528.9,2.8651519344553717e-06
6528.91,2.668068438936495e-06
6528.92,2.4124676976367433e-06
6528.93,2.138471785518398e-06
6528.94,1.8747431335472099e-06
6528.95,1.6363601548456646e-06
6528.96,1.4286250309113144e-06
6528.97,1.2510664233096183e-06
6528.98,1.100854320337182e-06
6528.99,9.746117810247355e-07
6529.0,8.691069495805892e-07
6529.01,7.81442110204895e-07
6529.02,7.089923365561221e-07
6529.03,6.496379006218203e-07
6529.04,6.013795628754871e-07
6529.05,5.628059983467742e-07
6529.06,5.327634754177211e-07
6529.07,5.103925930753514e-07
6529.08,4.950838778027941e-07
6529.09,4.864275281222375e-07
6529.1,4.841516558582226e-07
6529.11,4.880359947468241e-07
6529.12,4.977847170687736e-07
6529.13,5.128397186368376e-07
6529.14,5.321309953732777e-07
6529.15,5.538018734270032e-07
6529.16,5.750248749242777e-07
6529.17,5.92138341242347e-07
6529.18,6.01220089337396e-07
6529.19,5.991806649084523e-07
6529.2,5.848322626243652e-07
6529.21,5.593239029003557e-07
6529.22,5.256335595253153e-07
6529.23,4.874695207784063e-07
6529.24,4.4819147297165133e-07
6529.25,4.1026656617875997e-07
6529.26,3.751450139155363e-07
6529.27,3.435010952495841e-07
6529.28,3.1529077371629993e-07
6529.29,2.9035351569823027e-07
6529.3,2.683882393178704e-07
6529.31,2.491016038165816e-07
6529.32,2.322355301572713e-07
6529.33,2.1810493362244672e-07
6529.34,2.053497506792146e-07
6529.35,1.943097853659575e-07
6529.36,1.8478203214474645e-07
6529.37,1.7658793692241e-07
6529.38,1.6957486208567191e-07
6529.39,1.63615051396721e-07
6529.4,1.5860595172766638e-07
6529.41,1.5445536032411808e-07
6529.42,1.510937711798287e-07
6529.43,1.4845749227644636e-07
6529.44,1.4648462626894328e-07
6529.45,1.451072325027612e-07
6529.46,1.4424378957932607e-07
6529.47,1.437951033582943e-07
6529.48,1.4364831520099258e-07
6529.49,1.4369266856825297e-07
6529.5,1.4384651515305882e-07
6529.51,1.4408585212100178e-07
6529.52,1.444595105031252e-07
6529.53,1.4508271792969175e-07
6529.54,1.4611281823625311e-07
6529.55,1.47712771097931e-07
6529.56,1.5005953011260212e-07
6529.57,1.530709504840044e-07
6529.58,1.5729249568550448e-07
6529.59,1.6257907736660545e-07
6529.6,1.689393306777652e-07
6529.61,1.7628015200727436e-07
6529.62,1.8435650545034682e-07
6529.63,1.9272749905981102e-07
6529.64,2.0076489774138513e-07
6529.65,2.0774137916220782e-07
6529.66,2.1304025899500488e-07
6529.67,2.1639427193053401e-07
6529.68,2.1802316800947308e-07
6529.69,2.185680698491795e-07
6529.7,2.1885556084578644e-07
6529.71,2.1961049642851073e-07
6529.72,2.195393169831871e-07
6529.73,2.2200918751375685e-07
6529.74,2.2486497479145963e-07
6529.75,2.2719868664732197e-07
6529.76,2.2831521593884026e-07
6529.77,2.2788812168653585e-07
6529.78,2.2633485196497975e-07
6529.79,2.2441174099487886e-07
6529.8,2.2298967423631703e-07
6529.81,2.2275593040255688e-07
6529.82,2.2412362218052248e-07
6529.83,2.2730728216916077e-07
6529.84,2.3240313692476732e-07
6529.85,2.3953169422867754e-07
6529.86,2.48621662819791e-07
6529.87,2.5983263443704676e-07
6529.88,2.733077185770016e-07
6529.89,2.892496318659985e-07
6529.9,3.079294535570498e-07
6529.91,3.296966845171804e-07
6529.92,3.5499075671095506e-07
6529.93,3.843553278143366e-07
6529.94,4.1845509175826245e-07
6529.95,4.5809419844697016e-07
6529.96,5.042331098745214e-07
6529.97,5.579985185438095e-07
6529.98,6.206815845864412e-07
6529.99,6.936886581858426e-07
6530.0,7.784904837764532e-07
6530.01,8.764792638943218e-07
6530.02,9.888043751435414e-07
6530.03,1.1162173239962446e-06
6530.04,1.2590298422360734e-06
6530.05,1.4172501348447412e-06
6530.06,1.590731757027645e-06
6530.07,1.7787953974195229e-06
6530.08,1.9783857149424678e-06
6530.09,2.180901429015199e-06
6530.1,2.3680560471088045e-06
6530.11,2.5115309722048644e-06
6530.12,2.579684372074826e-06
6530.13,2.551103242235512e-06
6530.14,2.4265641257010993e-06
6530.15,2.229307967003629e-06
6530.16,1.9934503545921207e-06
6530.17,1.750344363908632e-06
6530.18,1.521288751024339e-06
6530.19,1.3169078872209049e-06
6530.2,1.1404830616601544e-06
6530.21,9.909513968036731e-07
6530.22,8.65342790040543e-07
6530.23,7.601496856862952e-07
6530.24,6.719995976157987e-07
6530.25,5.979252186819697e-07
6530.26,5.354303391078549e-07
6530.27,4.824643817033271e-07
6530.28,4.37363469216069e-07
6530.29,3.9878522635726016e-07
6530.3,3.65636785078721e-07
6530.31,3.3707217090232135e-07
6530.32,3.123787328991039e-07
6530.33,2.9099271917244797e-07
6530.34,2.7246099652573816e-07
6530.35,2.5642010909277974e-07
6530.36,2.425790546642782e-07
6530.37,2.3070501173460985e-07
6530.38,2.2061048671727256e-07
6530.39,2.121411991489116e-07
6530.4,2.052416053827032e-07
6530.41,1.996426226517351e-07
6530.42,1.9532810413667538e-07
6530.43,1.922750175849519e-07
6530.44,1.904255265790904e-07
6530.45,1.8985440780922332e-07
6530.46,1.9060032490417653e-07
6530.47,1.9261301503639143e-07
6530.48,1.956319017234599e-07
6530.49,1.99130416462793e-07
6530.5,2.021954747490044e-07
6530.51,2.037335049128155e-07
6530.52,2.0278943724625956e-07
6530.53,1.9907825537142594e-07
6530.54,1.9349074151705904e-07
6530.55,1.8614756724402352e-07
6530.56,1.7846567739507115e-07
6530.57,1.7116391854242233e-07
6530.58,1.6443041374004711e-07
6530.59,1.5886835088327843e-07
6530.6,1.543468534680283e-07
6530.61,1.5088333018256445e-07
6530.62,1.4845210526012506e-07
6530.63,1.470030740156055e-07
6530.64,1.4649132249656577e-07
6530.65,1.469062973106208e-07
6530.66,1.4828104651951756e-07
6530.67,1.506846230256876e-07
6530.68,1.5420984095490718e-07
6530.69,1.5896714100361032e-07
6530.7,1.6508720653436578e-07
6530.71,1.7272576635121952e-07
6530.72,1.8206880165966784e-07
6530.73,1.93331975547613e-07
6530.74,2.0675429190925037e-07
6530.75,2.2257881925909264e-07
6530.76,2.4101369018850623e-07
6530.77,2.6216287275345476e-07
6530.78,2.8591513925219993e-07
6530.79,3.117862399115564e-07
6530.8,3.38733868087401e-07
6530.81,3.6500695389245236e-07
6530.82,3.881688906228676e-07
6530.83,4.054217723808598e-07
6530.84,4.142715927933358e-07
6530.85,4.1335040667967996e-07
6530.86,4.0292711557281973e-07
6530.87,3.848063986934411e-07
6530.88,3.6167593457225685e-07
6530.89,3.362845625181135e-07
6530.9,3.109722243809842e-07
6530.91,2.870941700540988e-07
6530.92,2.6559730126843803e-07
6530.93,2.4684043131456033e-07
6530.94,2.308625648965949e-07
6530.95,2.175256012053671e-07
6530.96,2.0519632551282662e-07
6530.97,1.9646420622845642e-07
6530.98,1.8966523730759685e-07
6530.99,1.8457445274470006e-07
6531.0,1.8099322486851617e-07
6531.01,1.7875315511702405e-07
6531.02,1.7772943740809083e-07
6531.03,1.7783718460415746e-07
6531.04,1.7902359469577784e-07
6531.05,1.812552461915045e-07
6531.06,1.8451153814223679e-07
6531.07,1.8878837566062394e-07
6531.08,1.9411198655317873e-07
6531.09,2.0055434324729557e-07
6531.1,2.0824451939650483e-07
6531.11,2.1737303797350595e-07
6531.12,2.281847707328081e-07
6531.13,2.4097996682199583e-07
6531.14,2.5610959801636865e-07
6531.15,2.739796438078673e-07
6531.16,2.9505589767008913e-07
6531.17,3.1986246808238477e-07
6531.18,3.4896471292113834e-07
6531.19,3.829221105658054e-07
6531.2,4.2220186010387714e-07
6531.21,4.670941701886965e-07
6531.22,5.176671524742732e-07
6531.23,5.739673669582543e-07
6531.24,6.365059372339162e-07
6531.25,7.068511839012696e-07
6531.26,7.878762962064486e-07
6531.27,8.833632464398513e-07
6531.28,9.97098974438054e-07
6531.29,1.1316876958362473e-06
6531.3,1.2869626055929835e-06
6531.31,1.4577036333029002e-06
6531.32,1.6312887523654636e-06
6531.33,1.786064405507658e-06
6531.34,1.894644712676949e-06
6531.35,1.9330082548723373e-06
6531.36,1.8916148441996343e-06
6531.37,1.7813229856954166e-06
6531.38,1.6258463426246903e-06
6531.39,1.4517571138510066e-06
6531.4,1.2793990962989587e-06
6531.41,1.1204031557349737e-06
6531.42,9.797477779741687e-07
6531.43,8.582365318603657e-07
6531.44,7.546961801823788e-07
6531.45,6.672024987576351e-07
6531.46,5.93672550522176e-07
6531.47,5.321202944045141e-07
6531.48,4.807622943246944e-07
6531.49,4.3805672710583135e-07
6531.5,4.027084594010829e-07
6531.51,3.736558550592518e-07
6531.52,3.500474677490788e-07
6531.53,3.312178498335426e-07
6531.54,3.166619659700131e-07
6531.55,3.060128526196718e-07
6531.56,2.9902111897049935e-07
6531.57,2.955347817751256e-07
6531.58,2.9548034542550544e-07
6531.59,2.98814327213621e-07
6531.6,3.055021940694581e-07
6531.61,3.1543212934009644e-07
6531.62,3.283106814851315e-07
6531.63,3.4353606257689807e-07
6531.64,3.6004347136643887e-07
6531.65,3.7620411381178625e-07
6531.66,3.898760753953577e-07
6531.67,3.987081949214927e-07
6531.68,4.006676885206993e-07
6531.69,3.9482527913502195e-07
6531.7,3.8149028020380594e-07
6531.71,3.6221501282777966e-07
6531.72,3.3921047032497593e-07
6531.73,3.146977898423585e-07
6531.74,2.908038553425504e-07
6531.75,2.681214111676939e-07
6531.76,2.4766560921701577e-07
6531.77,2.2974065165685494e-07
6531.78,2.144312777064962e-07
6531.79,2.0171249603261802e-07
6531.8,1.9127085763283327e-07
6531.81,1.8308825300877243e-07
6531.82,1.7706029940330926e-07
6531.83,1.7312697260193e-07
6531.84,1.7127348817906078e-07
6531.85,1.7150317816733383e-07
6531.86,1.738087716824406e-07
6531.87,1.780959359023495e-07
6531.88,1.8405655555604067e-07
6531.89,1.9102177568662432e-07
6531.9,1.9781206136545994e-07
6531.91,2.0280308677778998e-07
6531.92,2.0432300623071046e-07
6531.93,2.0132640076013116e-07
6531.94,1.939187743979475e-07
6531.95,1.8326185024797038e-07
6531.96,1.7100250148122094e-07
6531.97,1.5863711178749786e-07
6531.98,1.4708867011854414e-07
6531.99,1.3686970365319868e-07
6532.0,1.2811804692263362e-07
6532.01,1.2077731554129638e-07
6532.02,1.1470575745377351e-07
6532.03,1.0973064565031196e-07
6532.04,1.0571184399633197e-07
6532.05,1.0250483424365236e-07
6532.06,9.999723902809791e-08
6532.07,9.8097181228251e-08
6532.08,9.674530031251937e-08
6532.09,9.586494189009236e-08
6532.1,9.542103792481297e-08
6532.11,9.538333754200678e-08
6532.12,9.570697467345883e-08
6532.13,9.637564781627598e-08
6532.14,9.736764472987177e-08
6532.15,9.866330835266663e-08
6532.16,1.0024674466360142e-07
6532.17,1.0210344216552677e-07
6532.18,1.0433541809072457e-07
6532.19,1.0557860550590704e-07
6532.2,1.0828402062687692e-07
6532.21,1.1133915372791014e-07
6532.22,1.1483449455749807e-07
6532.23,1.1883008327264386e-07
6532.24,1.2337566123798335e-07
6532.25,1.2855375618975292e-07
6532.26,1.3441869710425818e-07
6532.27,1.4106194494104228e-07
6532.28,1.485804862783587e-07
6532.29,1.570893237716539e-07
6532.3,1.6672518737750993e-07
6532.31,1.7746702044381022e-07
6532.32,1.898797905150827e-07
6532.33,2.0401324227655074e-07
6532.34,2.201322569249796e-07
6532.35,2.3856441573661263e-07
6532.36,2.596846408681357e-07
6532.37,2.8392368232743264e-07
6532.38,3.1175791498994767e-07
6532.39,3.4370742726399315e-07
6532.4,3.802832387070822e-07
6532.41,4.219624523851319e-07
6532.42,4.6909549441592303e-07
6532.43,5.21835647056064e-07
6532.44,5.801064676661959e-07
6532.45,6.436896421851791e-07
6532.46,7.124834767368748e-07
6532.47,7.869348491316695e-07
6532.48,8.684529640649666e-07
6532.49,9.5945213390829e-07
6532.5,1.0626931795234527e-06
6532.51,1.179753580003424e-06
6532.52,1.3087517053751195e-06
6532.53,1.4413947602808267e-06
6532.54,1.561779856094163e-06
6532.55,1.6477871656101444e-06
6532.56,1.678139815205089e-06
6532.57,1.6422333526194835e-06
6532.58,1.545906398696486e-06
6532.59,1.4081509184691993e-06
6532.6,1.251877150001458e-06
6532.61,1.0959150511655202e-06
6532.62,9.517733538998232e-07
6532.63,8.247349484567809e-07
6532.64,7.158667801226663e-07
6532.65,6.240233610498738e-07
6532.66,5.471449274358251e-07
6532.67,4.829695684385541e-07
6532.68,4.2936344203083313e-07
6532.69,3.8444045872376174e-07
6532.7,3.4658582626238914e-07
6532.71,3.1443711417705754e-07
6532.72,2.8687348846018165e-07
6532.73,2.6301236936017015e-07
6532.74,2.42193609309146e-07
6532.75,2.2393365545073952e-07
6532.76,2.078656938410221e-07
6532.77,1.9369418580639183e-07
6532.78,1.811741386520679e-07
6532.79,1.701058937450928e-07
6532.8,1.6032676803891532e-07
6532.81,1.517006330287382e-07
6532.82,1.4410882125865853e-07
6532.83,1.375700689954915e-07
6532.84,1.3174160298315887e-07
6532.85,1.2666579980765792e-07
6532.86,1.2227346550796502e-07
6532.87,1.1850737683878945e-07
6532.88,1.1532130346944536e-07
6532.89,1.1267903027991751e-07
6532.9,1.1055365547635012e-07
6532.91,1.0892726138629875e-07
6532.92,1.0779097202685451e-07
6532.93,1.0737926477853888e-07
6532.94,1.0723521463597427e-07
6532.95,1.0761124122060764e-07
6532.96,1.0853740319065819e-07
6532.97,1.1005492540379869e-07
6532.98,1.1221711266237572e-07
6532.99,1.1509020157654413e-07
6533.0,1.187535916479774e-07
6533.01,1.2329869115421584e-07
6533.02,1.288021482481626e-07
6533.03,1.3540987388867566e-07
6533.04,1.4318463900282444e-07
6533.05,1.521772687543373e-07
6533.06,1.623774636479635e-07
6533.07,1.736912299146587e-07
6533.08,1.8593523987447025e-07
6533.09,1.9899992986378525e-07
6533.1,2.124388481227573e-07
6533.11,2.2632079881374573e-07
6533.12,2.4077451156434037e-07
6533.13,2.5582942273809514e-07
6533.14,2.718048462099301e-07
6533.15,2.8796887131501556e-07
6533.16,3.0298453915622096e-07
6533.17,3.1497776733366336e-07
6533.18,3.222748659898784e-07
6533.19,3.2432956120457046e-07
6533.2,3.221381802408752e-07
6533.21,3.177759396098333e-07
6533.22,3.1343788805304967e-07
6533.23,3.106525453180715e-07
6533.24,3.09937207409249e-07
6533.25,3.1086144573302106e-07
6533.26,3.122454823213784e-07
6533.27,3.124916347879308e-07
6533.28,3.1001083705549397e-07
6533.29,3.0369554761005154e-07
6533.3,2.933792422492584e-07
6533.31,2.7940155900497316e-07
6533.32,2.63052732845106e-07
6533.33,2.4570928084782755e-07
6533.34,2.2849953940315286e-07
6533.35,2.1230667228288772e-07
6533.36,1.9763903240268224e-07
6533.37,1.8472409004875584e-07
6533.38,1.7359647715466607e-07
6533.39,1.641750943874662e-07
6533.4,1.5632015162163725e-07
6533.41,1.4895326669496656e-07
6533.42,1.4376405779091785e-07
6533.43,1.3969488339362898e-07
6533.44,1.3664000715948575e-07
6533.45,1.345211202975463e-07
6533.46,1.3328325434397882e-07
6533.47,1.3300044852236704e-07
6533.48,1.3345375734805967e-07
6533.49,1.346996831957559e-07
6533.5,1.36779651247703e-07
6533.51,1.3973596561701224e-07
6533.52,1.4363602203019003e-07
6533.53,1.4856983276682688e-07
6533.54,1.546494193836451e-07
6533.55,1.619785819478062e-07
6533.56,1.7079361701795657e-07
6533.57,1.8127119365479294e-07
6533.58,1.9367335317315053e-07
6533.59,2.084265272585227e-07
6533.6,2.2574240911512344e-07
6533.61,2.4627662534263694e-07
6533.62,2.705786009032708e-07
6533.63,2.9949145985478546e-07
6533.64,3.3401142526996713e-07
6533.65,3.7534231519826427e-07
6533.66,4.250363893384423e-07
6533.67,4.846809461310812e-07
6533.68,5.56045428569152e-07
6533.69,6.408510804122889e-07
6533.7,7.399856913173834e-07
6533.71,8.524576551122226e-07
6533.72,9.737255055297615e-07
6533.73,1.0940453235394342e-06
6533.74,1.1977082543312929e-06
6533.75,1.2658673813099238e-06
6533.76,1.2832176732347487e-06
6533.77,1.2454614169544841e-06
6533.78,1.1617613918568607e-06
6533.79,1.0498086787363486e-06
6533.8,9.280503985358422e-07
6533.81,8.100916316605625e-07
6533.82,7.034750907311406e-07
6533.83,6.111262865454338e-07
6533.84,5.330807883956068e-07
6533.85,4.6799711220797683e-07
6533.86,4.140543651016951e-07
6533.87,3.6941465111716976e-07
6533.88,3.324444026060502e-07
6533.89,3.0177541820715455e-07
6533.9,2.763230806225172e-07
6533.91,2.5524972488950526e-07
6533.92,2.3792785411735113e-07
6533.93,2.2384120331320096e-07
6533.94,2.1261734019758612e-07
6533.95,2.0395923903657512e-07
6533.96,1.9764046155944707e-07
6533.97,1.9349043021202092e-07
6533.98,1.9138836360743513e-07
6533.99,1.9121910325633604e-07
6534.0,1.9287630408283628e-07
6534.01,1.9620749696516207e-07
6534.02,2.0097065156684634e-07
6534.03,2.0677984095933335e-07
6534.04,2.1305922761567943e-07
6534.05,2.18882277130007e-07
6534.06,2.2366370279596863e-07
6534.07,2.2635385135826776e-07
6534.08,2.2633899684520747e-07
6534.09,2.2344121407705687e-07
6534.1,2.1815833090275723e-07
6534.11,2.1088790324165153e-07
6534.12,2.0271977180668813e-07
6534.13,1.9455656403456312e-07
6534.14,1.8715122838093455e-07
6534.15,1.810655565170501e-07
6534.16,1.7669423258568946e-07
6534.17,1.7431673701401062e-07
6534.18,1.7415080436142966e-07
6534.19,1.7639270882199863e-07
6534.2,1.8123734718399865e-07
6534.21,1.8887005167939803e-07
6534.22,1.9941820858491853e-07
6534.23,2.128429436238157e-07
6534.24,2.2875212807697017e-07
6534.25,2.461387082547016e-07
6534.26,2.6317699361075126e-07
6534.27,2.7719236746492793e-07
6534.28,2.8521479453494125e-07
6534.29,2.850295775676618e-07
6534.3,2.762094202176658e-07
6534.31,2.6033289981466034e-07
6534.32,2.40172036302992e-07
6534.33,2.1862536304640714e-07
6534.34,1.977142619239508e-07
6534.35,1.787072098242948e-07
6534.36,1.6211377383572497e-07
6534.37,1.4798296054183615e-07
6534.38,1.361319186457253e-07
6534.39,1.2628817727015862e-07
6534.4,1.1816579300214837e-07
6534.41,1.1150167195533416e-07
6534.42,1.0606923117986029e-07
6534.43,1.0168150236475142e-07
6534.44,9.818893900858755e-08
6534.45,9.547392534007124e-08
6534.46,9.344307452422523e-08
6534.47,9.201787210665776e-08
6534.48,9.113120516724726e-08
6534.49,9.071781481207924e-08
6534.5,9.071981970295252e-08
6534.51,9.109384014861694e-08
6534.52,9.182144003938631e-08
6534.53,9.287718059617638e-08
6534.54,9.437052005212627e-08
6534.55,9.631122321270035e-08
6534.56,9.87453459983268e-08
6534.57,1.0171211162921386e-07
6534.58,1.0524574572779011e-07
6534.59,1.0938385582838706e-07
6534.6,1.141767609956599e-07
6534.61,1.1971019533660512e-07
6534.62,1.2536073235555191e-07
6534.63,1.326943595845167e-07
6534.64,1.4109916803862718e-07
6534.65,1.5068768941151438e-07
6534.66,1.615922499724385e-07
6534.67,1.7400771817827605e-07
6534.68,1.8823233982352725e-07
6534.69,2.0467119838731727e-07
6534.7,2.23788587466651e-07
6534.71,2.4602275012719433e-07
6534.72,2.7167351230482924e-07
6534.73,3.007491422233582e-07
6534.74,3.327542797657819e-07
6534.75,3.6643141969469136e-07
6534.76,3.9962407662515086e-07
6534.77,4.2940129730791645e-07
6534.78,4.528347342738885e-07
6534.79,4.6820421723445747e-07
6534.8,4.759783481668431e-07
6534.81,4.787883107418611e-07
6534.82,4.803954735869115e-07
6534.83,4.844515966745186e-07
6534.84,4.937388336095739e-07
6534.85,5.101265593070112e-07
6534.86,5.34810058128815e-07
6534.87,5.686273340753541e-07
6534.88,6.121671392809795e-07
6534.89,6.653627100404174e-07
6534.9,7.272385138174068e-07
6534.91,7.939921049866195e-07
6534.92,8.582372490578367e-07
6534.93,9.089437218820152e-07
6534.94,9.339624477770709e-07
6534.95,9.250173187443524e-07
6534.96,8.821051427072743e-07
6534.97,8.135421488591945e-07
6534.98,7.315968384092315e-07
6534.99,6.474497022310188e-07
6535.0,5.685886418001149e-07
6535.01,4.986744753539537e-07
6535.02,4.387949818084185e-07
6535.03,3.8855160381414283e-07
6535.04,3.469163908201341e-07
6535.05,3.127015972571336e-07
6535.06,2.8478597579942817e-07
6535.07,2.622050140892384e-07
6535.08,2.441737994687314e-07
6535.09,2.3008039506872247e-07
6535.1,2.194690564555167e-07
6535.11,2.1202183385714707e-07
6535.12,2.0754204206410881e-07
6535.13,2.0594013063177154e-07
6535.14,2.0721962717306116e-07
6535.15,2.1146107131562532e-07
6535.16,2.1887366137941993e-07
6535.17,2.2945234766832538e-07
6535.18,2.4336053133577963e-07
6535.19,2.6050040691595287e-07
6535.2,2.8037616974878914e-07
6535.21,3.017941233146621e-07
6535.22,3.226298494697698e-07
6535.23,3.397570574826226e-07
6535.24,3.4987189463796503e-07
6535.25,3.504037980619464e-07
6535.26,3.4083716096393323e-07
6535.27,3.2289189548801496e-07
6535.28,2.9975750868932663e-07
6535.29,2.7436380994878943e-07
6535.3,2.492222084058538e-07
6535.31,2.2581157308344076e-07
6535.32,2.0485846972031978e-07
6535.33,1.8660799577840092e-07
6535.34,1.7102483441513158e-07
6535.35,1.5792614835872056e-07
6535.36,1.4706679831975916e-07
6535.37,1.3819335603081375e-07
6535.38,1.310682784202988e-07
6535.39,1.2547755804917523e-07
6535.4,1.2119778335923065e-07
6535.41,1.1809785342899754e-07
6535.42,1.1595289266951733e-07
6535.43,1.145488572626675e-07
6535.44,1.1366160123561931e-07
6535.45,1.1309458464627674e-07
6535.46,1.1273281087753292e-07
6535.47,1.1258055709286877e-07
6535.48,1.1275069971374642e-07
6535.49,1.1341764910248301e-07
6535.5,1.1477001881564256e-07
6535.51,1.1697654633281662e-07
6535.52,1.2019756460002004e-07
6535.53,1.2458313633328167e-07
6535.54,1.3028401445504304e-07
6535.55,1.3749073567746049e-07
6535.56,1.4637595191030498e-07
6535.57,1.5720526927846294e-07
6535.58,1.702843802090521e-07
6535.59,1.8595186237997167e-07
6535.6,2.0451454609028757e-07
6535.61,2.2612215836633453e-07
6535.62,2.505732980720858e-07
6535.63,2.770055650087234e-07
6535.64,3.0363581133957666e-07
6535.65,3.276313849170266e-07
6535.66,3.4541155203232763e-07
6535.67,3.5369273221534155e-07
6535.68,3.50815681898623e-07
6535.69,3.3755343427635664e-07
6535.7,3.167368504416309e-07
6535.71,2.9200629401702524e-07
6535.72,2.665945233391303e-07
6535.73,2.426883177981874e-07
6535.74,2.2146447670633178e-07
6535.75,2.0333116410096582e-07
6535.76,1.8824922604863696e-07
6535.77,1.7597295620278833e-07
6535.78,1.661981972798723e-07
6535.79,1.5863506750315565e-07
6535.8,1.529372651686702e-07
6535.81,1.4852494377286877e-07
6535.82,1.4624331106144084e-07
6535.83,1.453701047929124e-07
6535.84,1.4575732444976463e-07
6535.85,1.472656965679711e-07
6535.86,1.4977313978331966e-07
6535.87,1.531990023914315e-07
6535.88,1.5753640816462058e-07
6535.89,1.6287546568473873e-07
6535.9,1.6934835177811334e-07
6535.91,1.7732745176634393e-07
6535.92,1.870681025938458e-07
6535.93,1.9891149042997926e-07
6535.94,2.1324061361991723e-07
6535.95,2.304717946098425e-07
6535.96,2.5107720512827914e-07
6535.97,2.7558589868277615e-07
6535.98,3.045698229940334e-07
6535.99,3.386064969008861e-07
6536.0,3.781746903079798e-07
6536.01,4.2346495136659265e-07
6536.02,4.740967281936363e-07
6536.03,5.288503056598922e-07
6536.04,5.85649007693277e-07
6536.05,6.415422333535947e-07
6536.06,6.941268683831671e-07
6536.07,7.419632057773726e-07
6536.08,7.844737160626925e-07
6536.09,8.20579684151676e-07
6536.1,8.468204109999269e-07
6536.11,8.57285319550213e-07
6536.12,8.461410637488005e-07
6536.13,8.11576420264006e-07
6536.14,7.576902375985656e-07
6536.15,6.926981838788203e-07
6536.16,6.252254841184432e-07
6536.17,5.616385598069644e-07
6536.18,5.053526207595245e-07
6536.19,4.5761447770526496e-07
6536.2,4.183515203948534e-07
6536.21,3.8689108773817843e-07
6536.22,3.6235435567227584e-07
6536.23,3.4385168061120384e-07
6536.24,3.305804734459574e-07
6536.25,3.218767150063967e-07
6536.26,3.172329873047084e-07
6536.27,3.1629378402012084e-07
6536.28,3.188306228574945e-07
6536.29,3.2473862954934945e-07
6536.3,3.340384914627096e-07
6536.31,3.468738316925397e-07
6536.32,3.634722675553367e-07
6536.33,3.840606876203261e-07
6536.34,4.0874045002522134e-07
6536.35,4.373308864949696e-07
6536.36,4.6917730661916784e-07
6536.37,5.029152506352761e-07
6536.38,5.362169253890386e-07
6536.39,5.657341267507135e-07
6536.4,5.873744076737792e-07
6536.41,5.973608048817771e-07
6536.42,5.935370401573253e-07
6536.43,5.762732204570781e-07
6536.44,5.482622265338116e-07
6536.45,5.134859943037582e-07
6536.46,4.7562795494538207e-07
6536.47,4.377485360185405e-07
6536.48,4.017972301409281e-07
6536.49,3.688173784386593e-07
6536.5,3.3923465596397707e-07
6536.51,3.1312287471402615e-07
6536.52,2.903931593432434e-07
6536.53,2.7083384239268073e-07
6536.54,2.544161478872778e-07
6536.55,2.409167766831445e-07
6536.56,2.3018880366016562e-07
6536.57,2.221063304865183e-07
6536.58,2.1657698112964216e-07
6536.59,2.135536498009464e-07
6536.6,2.1304347174104485e-07
6536.61,2.1511332268279197e-07
6536.62,2.198870826944525e-07
6536.63,2.2755604114205186e-07
6536.64,2.3833658030345573e-07
6536.65,2.5244437347936166e-07
6536.66,2.699117066318725e-07
6536.67,2.908292018542475e-07
6536.68,3.1454620700765683e-07
6536.69,3.3977718836508476e-07
6536.7,3.643155417259646e-07
6536.71,3.850433976006032e-07
6536.72,3.985304225161631e-07
6536.73,4.021012501319947e-07
6536.74,3.949197555385233e-07
6536.75,3.7835577501296806e-07
6536.76,3.553649992031567e-07
6536.77,3.293577805958209e-07
6536.78,3.0321916568736313e-07
6536.79,2.7893178486139024e-07
6536.8,2.5757854735654553e-07
6536.81,2.3958462280408215e-07
6536.82,2.2498007022702152e-07
6536.83,2.137203108698286e-07
6536.84,2.0533962054304784e-07
6536.85,1.9973961040695e-07
6536.86,1.9675329828510754e-07
6536.87,1.962773747706704e-07
6536.88,1.982855155905126e-07
6536.89,2.0282501042116974e-07
6536.9,2.1001386127415043e-07
6536.91,2.200318651308906e-07
6536.92,2.330946390686744e-07
6536.93,2.4940811178582114e-07
6536.94,2.690809740732225e-07
6536.95,2.919787246835661e-07
6536.96,3.175084885869228e-07
6536.97,3.4436168117809265e-07
6536.98,3.70324606016316e-07
6536.99,3.923815062578597e-07
6537.0,4.068426639884798e-07
6537.01,4.1210035643580175e-07
6537.02,4.0709069206303047e-07
6537.03,3.932987882269144e-07
6537.04,3.7370024196011856e-07
6537.05,3.516605349780955e-07
6537.06,3.300079815550138e-07
6537.07,3.106939546989454e-07
6537.08,2.948250403075602e-07
6537.09,2.829075897866115e-07
6537.1,2.751031420633577e-07
6537.11,2.714236536850338e-07
6537.12,2.7185820318826503e-07
6537.13,2.7637193317104264e-07
6537.14,2.852510087150732e-07
6537.15,2.986801914012131e-07
6537.16,3.1698280490620696e-07
6537.17,3.4062031076801245e-07
6537.18,3.7007161482299464e-07
6537.19,4.0574129237012656e-07
6537.2,4.4777802172513005e-07
6537.21,4.958106975710011e-07
6537.22,5.48629052740303e-07
6537.23,6.03897619332592e-07
6537.24,6.580684645060023e-07
6537.25,7.06427850293259e-07
6537.26,7.434346743221121e-07
6537.27,7.634759558256335e-07
6537.28,7.623455777462803e-07
6537.29,7.392806391882033e-07
6537.3,6.98055154539127e-07
6537.31,6.458242365692582e-07
6537.32,5.903391528902122e-07
6537.33,5.376501203537901e-07
6537.34,4.913888663377378e-07
6537.35,4.5316435533300575e-07
6537.36,4.233795971582093e-07
6537.37,4.017805085311506e-07
6537.38,3.878128330887499e-07
6537.39,3.807626899499757e-07
6537.4,3.7976291526913005e-07
6537.41,3.8368477055296465e-07
6537.42,3.909928920995168e-07
6537.43,3.9963801243000436e-07
6537.44,4.0715078653269175e-07
6537.45,4.110488437633458e-07
6537.46,4.093831791587912e-07
6537.47,4.015690343492363e-07
6537.48,3.8845091285717123e-07
6537.49,3.7195561490037615e-07
6537.5,3.5439487091396827e-07
6537.51,3.378312820297084e-07
6537.52,3.237942370549359e-07
6537.53,3.1324820687398366e-07
6537.54,3.066734358748653e-07
6537.55,3.0425297430202985e-07
6537.56,3.05843978150425e-07
6537.57,3.112989926579229e-07
6537.58,3.1995922236584507e-07
6537.59,3.3086388042891486e-07
6537.6,3.426131684960238e-07
6537.61,3.5345425859330245e-07
6537.62,3.6155200844665385e-07
6537.63,3.6555183165913516e-07
6537.64,3.648297048561791e-07
6537.65,3.600222127180685e-07
6537.66,3.5254885302684537e-07
6537.67,3.44147402165217e-07
6537.68,3.363713856564015e-07
6537.69,3.302595397851002e-07
6537.7,3.2663795084987055e-07
6537.71,3.2578614342309316e-07
6537.72,3.2724702059776625e-07
6537.73,3.305537851491683e-07
6537.74,3.346979937328606e-07
6537.75,3.384173102997562e-07
6537.76,3.4050785061259424e-07
6537.77,3.4020835358512396e-07
6537.78,3.374637344477595e-07
6537.79,3.329126810963621e-07
6537.8,3.2760110061247556e-07
6537.81,3.2257418184574735e-07
6537.82,3.185501101382501e-07
6537.83,3.157533794470032e-07
6537.84,3.139231938174887e-07
6537.85,3.1246359887996364e-07
6537.86,3.106846476048035e-07
6537.87,3.08060299808737e-07
6537.88,3.04388782111324e-07
6537.89,2.997878583448652e-07
6537.9,2.945490670806812e-07
6537.91,2.889544274063303e-07
6537.92,2.831661441225044e-07
6537.93,2.772194527372161e-07
6537.94,2.71072686963948e-07
6537.95,2.646520505209949e-07
6537.96,2.5785709647285875e-07
6537.97,2.5054186458790207e-07
6537.98,2.4251022740044504e-07
6537.99,2.3356088555170857e-07
6538.0,2.2355816049054674e-07
6538.01,2.1249868025291475e-07
6538.02,2.0056109144158287e-07
6538.03,1.880667514126674e-07
6538.04,1.7543064918836141e-07
6538.05,1.6307611837293932e-07
6538.06,1.5135369051487685e-07
6538.07,1.4050662031906341e-07
6538.08,1.3066636647655923e-07
6538.09,1.2187269072777066e-07
6538.1,1.1410319208205247e-07
6538.11,1.072939312957199e-07
6538.12,1.0137007197987796e-07
6538.13,9.624868613497067e-08
6538.14,9.185142371211987e-08
6538.15,8.81077150430298e-08
6538.16,8.495676665484757e-08
6538.17,8.234825550124535e-08
6538.18,7.992990996058158e-08
6538.19,7.830208578190898e-08
6538.2,7.713178036303295e-08
6538.21,7.641140251176309e-08
6538.22,7.60456778340655e-08
6538.23,7.624290765909709e-08
6538.24,7.692866619321754e-08
6538.25,7.813926743918792e-08
6538.26,7.992570528400806e-08
6538.27,8.235651000865379e-08
6538.28,8.551761510451089e-08
6538.29,8.953489220127143e-08
6538.3,9.455603218523515e-08
6538.31,1.0077588743225169e-07
6538.32,1.0844111087190312e-07
6538.33,1.178584588026218e-07
6538.34,1.293998383258215e-07
6538.35,1.4350673182227848e-07
6538.36,1.6062557828840212e-07
6538.37,1.8118216217082168e-07
6538.38,2.0537343584617057e-07
6538.39,2.328490748373607e-07
6538.4,2.62284569669247e-07
6538.41,2.9086791460551253e-07
6538.42,3.143033199736919e-07
6538.43,3.2779525284021665e-07
6538.44,3.2814824775597106e-07
6538.45,3.1513134129974694e-07
6538.46,2.9212088663551424e-07
6538.47,2.639156758417808e-07
6538.48,2.3484020744945939e-07
6538.49,2.0773812755463565e-07
6538.5,1.8396272797822308e-07
6538.51,1.638872031217347e-07
6538.52,1.473340122948342e-07
6538.53,1.3390419078963935e-07
6538.54,1.2315243129976066e-07
6538.55,1.1466846680585132e-07
6538.56,1.0810664397753737e-07
6538.57,1.0319064336444662e-07
6538.58,9.970943789643031e-08
6538.59,9.750726352562544e-08
6538.6,9.647616347819673e-08
6538.61,9.654797948278255e-08
6538.62,9.768718586002092e-08
6538.63,9.988411107211115e-08
6538.64,1.0314731050873311e-07
6538.65,1.074896627981659e-07
6538.66,1.1293281014760017e-07
6538.67,1.1946359840696928e-07
6538.68,1.270283795925772e-07
6538.69,1.3550063835749491e-07
6538.7,1.446502482420223e-07
6538.71,1.5413330621605266e-07
6538.72,1.632927649575495e-07
6538.73,1.716997799124307e-07
6538.74,1.78479847116215e-07
6538.75,1.828636970826433e-07
6538.76,1.8423074184840174e-07
6538.77,1.82290205717657e-07
6538.78,1.7718442584500638e-07
6538.79,1.6946781451292544e-07
6538.8,1.5999800545067078e-07
6538.81,1.4957404720895188e-07
6538.82,1.389969935446193e-07
6538.83,1.2881885128891984e-07
6538.84,1.1937389786578829e-07
6538.85,1.1079065909773454e-07
6538.86,1.0306702942277351e-07
6538.87,9.613794832039707e-08
6538.88,8.993263880182324e-08
6538.89,8.44007207718591e-08
6538.9,7.950854675903028e-08
6538.91,7.522916243437306e-08
6538.92,7.153967430559624e-08
6538.93,6.842657841578297e-08
6538.94,6.588564695802726e-08
6538.95,6.391481645130844e-08
6538.96,6.250427954818913e-08
6538.97,6.161895370024057e-08
6538.98,6.118115250733292e-08
6538.99,6.105151140572383e-08
6539.0,6.101420149648756e-08
6539.01,6.079854904715903e-08
6539.02,6.019371624103816e-08
6539.03,5.896011967662518e-08
6539.04,5.7157061104966735e-08
6539.05,5.4988920655519484e-08
6539.06,5.267953486053351e-08
6539.07,5.0439505316686076e-08
6539.08,4.840788962681071e-08
6539.09,4.6656012783473674e-08
6539.1,4.5204952600853056e-08
6539.11,4.404487594011157e-08
6539.12,4.315709004521016e-08
6539.13,4.2514252448476305e-08
6539.14,4.209342800946609e-08
6539.15,4.187449206333149e-08
6539.16,4.184117048738303e-08
6539.17,4.198542733912415e-08
6539.18,4.2302722543476584e-08
6539.19,4.267749925425063e-08
6539.2,4.334074048030898e-08
6539.21,4.418125870217861e-08
6539.22,4.5205685971442066e-08
6539.23,4.6424230135043945e-08
6539.24,4.785160299506851e-08
6539.25,4.950757052520906e-08
6539.26,5.141704954856792e-08
6539.27,5.361014967524372e-08
6539.28,5.612257560224692e-08
6539.29,5.89964758817714e-08
6539.3,6.228073729905865e-08
6539.31,6.603574364489813e-08
6539.32,7.032927372951602e-08
6539.33,7.541711759465038e-08
6539.34,8.077463319553271e-08
6539.35,8.718990987293309e-08
6539.36,9.449093962655822e-08
6539.37,1.0275468137571258e-07
6539.38,1.1204009139809993e-07
6539.39,1.2240914005915363e-07
6539.4,1.3391331182859432e-07
6539.41,1.4670372629974617e-07
6539.42,1.6098129264473647e-07
6539.43,1.769890818606908e-07
6539.44,1.9488819323876596e-07
6539.45,2.146659685365441e-07
6539.46,2.3603115484760658e-07
6539.47,2.583565322989019e-07
6539.48,2.806780934809525e-07
6539.49,3.018274208286921e-07
6539.5,3.2068404345037984e-07
6539.51,3.365130875259792e-07
6539.52,3.491926519876211e-07
6539.53,3.591300184273578e-07
6539.54,3.6681347755598374e-07
6539.55,3.7206366995841855e-07
6539.56,3.735246945938943e-07
6539.57,3.688896011806529e-07
6539.58,3.5611689506277896e-07
6539.59,3.349306379942371e-07
6539.6,3.073235310308973e-07
6539.61,2.7661279243352846e-07
6539.62,2.4585473273597105e-07
6539.63,2.1744596757478794e-07
6539.64,1.922755810331002e-07
6539.65,1.7058095370145093e-07
6539.66,1.521650590102698e-07
6539.67,1.3665914898288458e-07
6539.68,1.236734502046083e-07
6539.69,1.1283510361514397e-07
6539.7,1.0382788278419843e-07
6539.71,9.638755412819458e-08
6539.72,9.029839830374082e-08
6539.73,8.53838659657991e-08
6539.74,8.149290158985139e-08
6539.75,7.84810516012664e-08
6539.76,7.618578447769543e-08
6539.77,7.440377765411412e-08
6539.78,7.287426252312566e-08
6539.79,7.13112214325369e-08
6539.8,6.94603344245103e-08
6539.81,6.719288022073407e-08
6539.82,6.454599814579243e-08
6539.83,6.168946513697532e-08
6539.84,5.883147710742506e-08
6539.85,5.614745723836621e-08
6539.86,5.3745516240839235e-08
6539.87,5.167441357623295e-08
6539.88,4.994067508094347e-08
6539.89,4.8528122078509084e-08
6539.9,4.741089099176269e-08
6539.91,4.656151501905204e-08
6539.92,4.595479192150543e-08
6539.93,4.556433055458759e-08
6539.94,4.5387212209660364e-08
6539.95,4.5407935037445806e-08
6539.96,4.5622113358313296e-08
6539.97,4.605671891319299e-08
6539.98,4.666041882103463e-08
6539.99,4.7466549183822504e-08
6540.0,4.867823248758171e-08
6540.01,4.992212413584738e-08
6540.02,5.1284756891050974e-08
6540.03,5.303417706829241e-08
6540.04,5.50729084247876e-08
6540.05,5.7432872871628085e-08
6540.06,6.015246452335643e-08
6540.07,6.327748082969809e-08
6540.08,6.686216234407184e-08
6540.09,7.09672756679507e-08
6540.1,7.567356521223572e-08
6540.11,8.10644623461661e-08
6540.12,8.723647718144786e-08
6540.13,9.430626120153406e-08
6540.14,1.0239261065276381e-07
6540.15,1.116213664304167e-07
6540.16,1.221125035615147e-07
6540.17,1.3395950861012408e-07
6540.18,1.472259532063279e-07
6540.19,1.618919619105027e-07
6540.2,1.7784907084135622e-07
6540.21,1.9488251795047963e-07
6540.22,2.1265972101327713e-07
6540.23,2.307497792043266e-07
6540.24,2.4854704182333074e-07
6540.25,2.653100429567914e-07
6540.26,2.799484840794665e-07
6540.27,2.911741174882412e-07
6540.28,2.975930268751269e-07
6540.29,2.9809174837708237e-07
6540.3,2.9224612947714687e-07
6540.31,2.8053995754986245e-07
6540.32,2.642526693223123e-07
6540.33,2.450824080277426e-07
6540.34,2.2470709379053463e-07
6540.35,2.0449159388623126e-07
6540.36,1.853704465279333e-07
6540.37,1.67876057175581e-07
6540.38,1.522334863296608e-07
6540.39,1.3834199222412045e-07
6540.4,1.2633957796269485e-07
6540.41,1.1596888760011801e-07
6540.42,1.0705587334961742e-07
6540.43,9.942550895573518e-08
6540.44,9.292193905787212e-08
6540.45,8.740819383910943e-08
6540.46,8.276740314216335e-08
6540.47,7.890228890704568e-08
6540.48,7.573334288294236e-08
6540.49,7.30315595330067e-08
6540.5,7.107830613229159e-08
6540.51,6.966755256019194e-08
6540.52,6.882658611200574e-08
6540.53,6.841116860827484e-08
6540.54,6.845933410414556e-08
6540.55,6.895884873248349e-08
6540.56,6.99145399428185e-08
6540.57,7.135952781775064e-08
6540.58,7.336480467654333e-08
6540.59,7.603517621670764e-08
6540.6,7.953570950605062e-08
6540.61,8.404332449493295e-08
6540.62,8.97721539392136e-08
6540.63,9.696109321691735e-08
6540.64,1.0584623590260364e-07
6540.65,1.1664791907199401e-07
6540.66,1.2940887606795035e-07
6540.67,1.4383348235469774e-07
6540.68,1.5903847185864125e-07
6540.69,1.7331345131404232e-07
6540.7,1.8427227903153006e-07
6540.71,1.8959326279172428e-07
6540.72,1.8816650514936912e-07
6540.73,1.8073671252465006e-07
6540.74,1.6936265795952097e-07
6540.75,1.5677278096804248e-07
6540.76,1.4476733015295895e-07
6540.77,1.344690669186449e-07
6540.78,1.2630994043870914e-07
6540.79,1.2034077588446774e-07
6540.8,1.164682128342421e-07
6540.81,1.1451807446484292e-07
6540.82,1.1434644407911182e-07
6540.83,1.1585524667200851e-07
6540.84,1.1900131392511289e-07
6540.85,1.2379175666050514e-07
6540.86,1.3030543561335e-07
6540.87,1.3865505025128152e-07
6540.88,1.4898883195915796e-07
6540.89,1.6154096970854234e-07
6540.9,1.7651280623543556e-07
6540.91,1.9430992172282023e-07
6540.92,2.1462849619061498e-07
6540.93,2.3760061907509808e-07
6540.94,2.628346309959479e-07
6540.95,2.8947697494800235e-07
6540.96,3.161151782986302e-07
6540.97,3.4077763385158723e-07
6540.98,3.6109230716585013e-07
6540.99,3.746351868201481e-07
6541.0,3.7946728677689e-07
6541.01,3.74727841881336e-07
6541.02,3.609685854801575e-07
6541.03,3.400174535190317e-07
6541.04,3.1441130090259e-07
6541.05,2.8659702545682334e-07
6541.06,2.5888712075000844e-07
6541.07,2.326000789453043e-07
6541.08,2.0854017805818706e-07
6541.09,1.8703731341843232e-07
6541.1,1.6810782183714998e-07
6541.11,1.5160911154493414e-07
6541.12,1.3729126118914632e-07
6541.13,1.2491827973863667e-07
6541.14,1.1422610015674554e-07
6541.15,1.0498288079469934e-07
6541.16,9.698353707433437e-08
6541.17,9.005098097934408e-08
6541.18,8.403452893523944e-08
6541.19,7.881888550071047e-08
6541.2,7.427535574498632e-08
6541.21,7.03270228251548e-08
6541.22,6.690058950643155e-08
6541.23,6.39352077758679e-08
6541.24,6.138007717728034e-08
6541.25,5.919165383371225e-08
6541.26,5.7331132921520047e-08
6541.27,5.5761680720827206e-08
6541.28,5.444541231618521e-08
6541.29,5.334164360253831e-08
6541.3,5.2407501005060544e-08
6541.31,5.160233330708592e-08
6541.32,5.089582913258281e-08
6541.33,5.0275119768619964e-08
6541.34,4.974614197230826e-08
6541.35,4.9230182292607283e-08
6541.36,4.894719660364661e-08
6541.37,4.88202714499453e-08
6541.38,4.8865938326373225e-08
6541.39,4.909661366003285e-08
6541.4,4.9522331207990576e-08
6541.41,5.015289073887126e-08
6541.42,5.0999419093270375e-08
6541.43,5.2075223991773735e-08
6541.44,5.339581307238197e-08
6541.45,5.4977796180409176e-08
6541.46,5.683615410751566e-08
6541.47,5.897936528026259e-08
6541.48,6.140287638152853e-08
6541.49,6.408026452988299e-08
6541.5,6.696577791425706e-08
6541.51,7.00058023308332e-08
6541.52,7.339113436116032e-08
6541.53,7.670427294856125e-08
6541.54,8.025833981277696e-08
6541.55,8.419652907017427e-08
6541.56,8.86810023030319e-08
6541.57,9.386918203432558e-08
6541.58,9.990405592237896e-08
6541.59,1.069221031273177e-07
6541.6,1.1504967129234942e-07
6541.61,1.244068274780902e-07
6541.62,1.3489759446847347e-07
6541.63,1.4699321972909295e-07
6541.64,1.6050138226567786e-07
6541.65,1.7533925330231919e-07
6541.66,1.913114678598315e-07
6541.67,2.0812257705784056e-07
6541.68,2.2544580437446516e-07
6541.69,2.4304989653211715e-07
6541.7,2.609483662783539e-07
6541.71,2.7948474344146305e-07
6541.72,2.9928526601966017e-07
6541.73,3.2106865904445426e-07
6541.74,3.453618925991857e-07
6541.75,3.7219934808637965e-07
6541.76,4.00852175942307e-07
6541.77,4.296947838538687e-07
6541.78,4.5617142116974943e-07
6541.79,4.772735833710636e-07
6541.8,4.901216176423941e-07
6541.81,4.926507804540835e-07
6541.82,4.839958393829987e-07
6541.83,4.645310762725041e-07
6541.84,4.358355848186339e-07
6541.85,4.0059103932110053e-07
6541.86,3.6215182116296007e-07
6541.87,3.2371603920320767e-07
6541.88,2.8755614807850663e-07
6541.89,2.5507857368708e-07
6541.9,2.266277462175083e-07
6541.91,2.0209380266915392e-07
6541.92,1.8110578678870517e-07
6541.93,1.6320726916087523e-07
6541.94,1.4794613364136077e-07
6541.95,1.3491403895660263e-07
6541.96,1.2382990443976554e-07
6541.97,1.1425623553470677e-07
6541.98,1.0601792431360523e-07
6541.99,9.891233687012984e-08
6542.0,9.277274687188802e-08
6542.01,8.746203906202126e-08
6542.02,8.28674119928059e-08
6542.03,7.889600660585199e-08
6542.04,7.548287220983653e-08
6542.05,7.254198636250476e-08
6542.06,7.003290322450585e-08
6542.07,6.791290658705303e-08
6542.08,6.614704776861829e-08
6542.09,6.470717105243478e-08
6542.1,6.357129939705783e-08
6542.11,6.272307240608744e-08
6542.12,6.215098956616904e-08
6542.13,6.183646523111014e-08
6542.14,6.175171980148132e-08
6542.15,6.197207316624841e-08
6542.16,6.244844197642024e-08
6542.17,6.317445162497086e-08
6542.18,6.414040147298181e-08
6542.19,6.533494244704247e-08
6542.2,6.675024667075891e-08
6542.21,6.839043678550416e-08
6542.22,7.0279474968879e-08
6542.23,7.246043288683235e-08
6542.24,7.499509421707161e-08
6542.25,7.795469500566509e-08
6542.26,8.142487366125431e-08
6542.27,8.546927400165718e-08
6542.28,9.018626803955908e-08
6542.29,9.567734420196255e-08
6542.3,1.0206109640828952e-07
6542.31,1.0947779380519432e-07
6542.32,1.1809570399262406e-07
6542.33,1.281110181756628e-07
6542.34,1.3975897891540598e-07
6542.35,1.533117596654332e-07
6542.36,1.6907813982845802e-07
6542.37,1.8739364828764033e-07
6542.38,2.085958146954404e-07
6542.39,2.3294980817432478e-07
6542.4,2.6065798584988734e-07
6542.41,2.915708128721543e-07
6542.42,3.250844404039546e-07
6542.43,3.598815137020466e-07
6542.44,3.9374655976645454e-07
6542.45,4.2381697244918164e-07
6542.46,4.460949279574745e-07
6542.47,4.576137529290732e-07
6542.48,4.565455469354653e-07
6542.49,4.4307570865505776e-07
6542.5,4.193234686466855e-07
6542.51,3.885978338067082e-07
6542.52,3.5439973243745835e-07
6542.53,3.1969192915350353e-07
6542.54,2.8654596814016274e-07
6542.55,2.5615994156300627e-07
6542.56,2.290510432593171e-07
6542.57,2.052870158582839e-07
6542.58,1.8468434187964113e-07
6542.59,1.6693623629943056e-07
6542.6,1.516994953710056e-07
6542.61,1.3863846870794085e-07
6542.62,1.2744652106892135e-07
6542.63,1.1785388821578283e-07
6542.64,1.0962865044030482e-07
6542.65,1.0257497117623412e-07
6542.66,9.650212513579181e-08
6542.67,9.133589994654329e-08
6542.68,8.694276105799937e-08
6542.69,8.323997331429399e-08
6542.7,8.016266680773072e-08
6542.71,7.766093967973026e-08
6542.72,7.56982771216144e-08
6542.73,7.416831020029569e-08
6542.74,7.322395993754345e-08
6542.75,7.278221717078065e-08
6542.76,7.285377129668453e-08
6542.77,7.34588335722286e-08
6542.78,7.462341332224264e-08
6542.79,7.637208898850314e-08
6542.8,7.871469714896293e-08
6542.81,8.162149873950644e-08
6542.82,8.501010457720512e-08
6542.83,8.870707597149723e-08
6542.84,9.246933664243507e-08
6542.85,9.60529827086325e-08
6542.86,9.933192927693566e-08
6542.87,1.0240098518456888e-07
6542.88,1.0558114983073314e-07
6542.89,1.0931118987214024e-07
6542.9,1.1398439427938655e-07
6542.91,1.197801482432394e-07
6542.92,1.2652992234039066e-07
6542.93,1.3358630569791733e-07
6542.94,1.398589148121162e-07
6542.95,1.4414346712647287e-07
6542.96,1.4573241034077433e-07
6542.97,1.4481494964324748e-07
6542.98,1.4243567523728186e-07
6542.99,1.39889646942074e-07
6543.0,1.38482894783513e-07
6543.01,1.3839605207213748e-07
6543.02,1.4019090967324802e-07
6543.03,1.439792673580262e-07
6543.04,1.4974295312312244e-07
6543.05,1.5736588533310708e-07
6543.06,1.666158270773789e-07
6543.07,1.7709730442549803e-07
6543.08,1.8820549128520265e-07
6543.09,1.9912741145650323e-07
6543.1,2.0894008884891518e-07
6543.11,2.1682280312694486e-07
6543.12,2.2233376952983482e-07
6543.13,2.2560296371652657e-07
6543.14,2.2732704000895776e-07
6543.15,2.2857157933035465e-07
6543.16,2.304991185252694e-07
6543.17,2.3416800460214812e-07
6543.18,2.4044091774889565e-07
6543.19,2.499815680849665e-07
6543.2,2.63285624747529e-07
6543.21,2.806963447768347e-07
6543.22,3.0231856710721914e-07
6543.23,3.2812725770265006e-07
6543.24,3.574591533586812e-07
6543.25,3.8901076549715237e-07
6543.26,4.2052119755996227e-07
6543.27,4.4878790002046976e-07
6543.28,4.699544377020731e-07
6543.29,4.804787963143388e-07
6543.3,4.782011087130878e-07
6543.31,4.6316616364016076e-07
6543.32,4.3758846434961155e-07
6543.33,4.050030950083373e-07
6543.34,3.692026967086403e-07
6543.35,3.330908457541541e-07
6543.36,2.9883104728965903e-07
6543.37,2.6757752060166346e-07
6543.38,2.397971692026753e-07
6543.39,2.1549421206738003e-07
6543.4,1.9444249628422115e-07
6543.41,1.7632977121957202e-07
6543.42,1.6078584022894935e-07
6543.43,1.4746384493416055e-07
6543.44,1.360502023319996e-07
6543.45,1.26271472811514e-07
6543.46,1.1789443556988083e-07
6543.47,1.1072299911337274e-07
6543.48,1.0459385460876657e-07
6543.49,9.937199642568367e-08
6543.5,9.494653948569333e-08
6543.51,9.12133954605851e-08
6543.52,8.812738507769202e-08
6543.53,8.561710365842418e-08
6543.54,8.363865460191014e-08
6543.55,8.216025264565829e-08
6543.56,8.116127727451703e-08
6543.57,8.063131021224133e-08
6543.58,8.056922815487498e-08
6543.59,8.098207635054927e-08
6543.6,8.188367672340106e-08
6543.61,8.329138938676322e-08
6543.62,8.522174076960149e-08
6543.63,8.768502580776885e-08
6543.64,9.067948923679321e-08
6543.65,9.419043705102042e-08
6543.66,9.819399570460657e-08
6543.67,1.02659169241116e-07
6543.68,1.0753433570439612e-07
6543.69,1.1272183418129005e-07
6543.7,1.1805271640969764e-07
6543.71,1.2332550007907957e-07
6543.72,1.2840284566040428e-07
6543.73,1.3332851683770238e-07
6543.74,1.3837309140626964e-07
6543.75,1.4397550316457915e-07
6543.76,1.506316547461741e-07
6543.77,1.5880913288025276e-07
6543.78,1.6891793166346872e-07
6543.79,1.8132739255781695e-07
6543.8,1.9639581025840183e-07
6543.81,2.14503050332469e-07
6543.82,2.359509646534329e-07
6543.83,2.612428052969084e-07
6543.84,2.9063462683578213e-07
6543.85,3.2425645384675127e-07
6543.86,3.6185563295206664e-07
6543.87,4.024388670569862e-07
6543.88,4.4426083004568274e-07
6543.89,4.841739454862219e-07
6543.9,5.181137070696915e-07
6543.91,5.41715949081709e-07
6543.92,5.515638319670858e-07
6543.93,5.463543554231008e-07
6543.94,5.273108657882721e-07
6543.95,4.976125003417434e-07
6543.96,4.6127769656366524e-07
6543.97,4.22371302480874e-07
6543.98,3.8350286760255206e-07
6543.99,3.471064934582239e-07
6544.0,3.145141408158402e-07
6544.01,2.8633683950726344e-07
6544.02,2.6262131016441173e-07
6544.03,2.4294001967802615e-07
6544.04,2.264451151123826e-07
6544.05,2.1196117778960198e-07
6544.06,1.982544933975917e-07
6544.07,1.8446828640341073e-07
6544.08,1.7043587000998587e-07
6544.09,1.5658093709218797e-07
6544.1,1.4351504160558e-07
6544.11,1.316943533574883e-07
6544.12,1.2131406636316604e-07
6544.13,1.1236116132470775e-07
6544.14,1.047158936341902e-07
6544.15,9.821811468035048e-08
6544.16,9.270822713368318e-08
6544.17,8.804416362365477e-08
6544.18,8.41062894546408e-08
6544.19,8.079676777756945e-08
6544.2,7.803699123795038e-08
6544.21,7.576462003408097e-08
6544.22,7.39308914862895e-08
6544.23,7.249836102649494e-08
6544.24,7.143948333671006e-08
6544.25,7.073511087703567e-08
6544.26,7.037407980587281e-08
6544.27,7.035267216640269e-08
6544.28,7.067436861587763e-08
6544.29,7.134872868759356e-08
6544.3,7.239585954790042e-08
6544.31,7.384060100539418e-08
6544.32,7.571766018931884e-08
6544.33,7.807164212990967e-08
6544.34,8.095855187045706e-08
6544.35,8.444696349090101e-08
6544.36,8.86194633910605e-08
6544.37,9.35732804649424e-08
6544.38,9.941953081851016e-08
6544.39,1.0628003411195381e-07
6544.4,1.1427507995261889e-07
6544.41,1.2350753177810198e-07
6544.42,1.340177161327049e-07
6544.43,1.4577187611346008e-07
6544.44,1.5877736991763368e-07
6544.45,1.7202689765246033e-07
6544.46,1.8494236709593966e-07
6544.47,1.9639927963919588e-07
6544.48,2.0514880844101448e-07
6544.49,2.1016991444915218e-07
6544.5,2.1101671209083934e-07
6544.51,2.080306027013392e-07
6544.52,2.0220461288729446e-07
6544.53,1.9484774930888805e-07
6544.54,1.8721711227664502e-07
6544.55,1.8030754124953824e-07
6544.56,1.7469199069635966e-07
6544.57,1.7095989401838546e-07
6544.58,1.692210844792069e-07
6544.59,1.6957921845947375e-07
6544.6,1.7209958889546007e-07
6544.61,1.7685500366065218e-07
6544.62,1.8395637605278643e-07
6544.63,1.935697758310457e-07
6544.64,2.059196382091989e-07
6544.65,2.2127523443484697e-07
6544.66,2.400091259637246e-07
6544.67,2.6219351320333405e-07
6544.68,2.8808506863625423e-07
6544.69,3.177091966555082e-07
6544.7,3.5094853495284153e-07
6544.71,3.874202994157098e-07
6544.72,4.263227552162353e-07
6544.73,4.6607866092101467e-07
6544.74,5.03956332896135e-07
6544.75,5.360490602908303e-07
6544.76,5.577292857376722e-07
6544.77,5.650970946892771e-07
6544.78,5.563707839687898e-07
6544.79,5.326879984299137e-07
6544.8,4.976549888413926e-07
6544.81,4.5600217417734435e-07
6544.82,4.1214972061474865e-07
6544.83,3.694265592919295e-07
6544.84,3.298704235628498e-07
6544.85,2.944507380360034e-07
6544.86,2.63410375497278e-07
6544.87,2.3657032666972026e-07
6544.88,2.1354627655984433e-07
6544.89,1.9388235452918783e-07
6544.9,1.7707012951854653e-07
6544.91,1.628031315160781e-07
6544.92,1.5066165972994362e-07
6544.93,1.4033451216481646e-07
6544.94,1.3156066657544642e-07
6544.95,1.241237838205411e-07
6544.96,1.1784360151648201e-07
6544.97,1.1258075659662148e-07
6544.98,1.0821598771930453e-07
6544.99,1.0465651910365198e-07
6545.0,1.0183013015980309e-07
6545.01,9.968267323749271e-08
6545.02,9.817627764932021e-08
6545.03,9.728819705636312e-08
6545.04,9.701017688498718e-08
6545.05,9.734850459820422e-08
6545.06,9.832439650931631e-08
6545.07,9.997482133959058e-08
6545.08,1.0235219654550403e-07
6545.09,1.0552855129681402e-07
6545.1,1.0958634562731089e-07
6545.11,1.1460977719061971e-07
6545.12,1.2065582610188152e-07
6545.13,1.2770494614390368e-07
6545.14,1.355901159401525e-07
6545.15,1.439655728454944e-07
6545.16,1.5239310630862402e-07
6545.17,1.6058874243223125e-07
6545.18,1.6868497574185276e-07
6545.19,1.7714785669710565e-07
6545.2,1.8702665357539711e-07
6545.21,1.9898943933864643e-07
6545.22,2.136945605180394e-07
6545.23,2.3169828533136703e-07
6545.24,2.5352071533580776e-07
6545.25,2.796634746240793e-07
6545.26,3.105684620002308e-07
6545.27,3.464995289573212e-07
6545.28,3.873223863283489e-07
6545.29,4.3222570106230454e-07
6545.3,4.792826413195484e-07
6545.31,5.251713042951694e-07
6545.32,5.652508946409157e-07
6545.33,5.942421186288114e-07
6545.34,6.07735060688552e-07
6545.35,6.037985435967708e-07
6545.36,5.837598449401182e-07
6545.37,5.515734477953997e-07
6545.38,5.122200560785192e-07
6545.39,4.7009910053030994e-07
6545.4,4.2825979885111893e-07
6545.41,3.8838018035678924e-07
6545.42,3.512286395727881e-07
6545.43,3.1715308172453045e-07
6545.44,2.8635635145397565e-07
6545.45,2.5895649527366875e-07
6545.46,2.3521462746897793e-07
6545.47,2.1450685677714535e-07
6545.48,1.9687667664228678e-07
6545.49,1.820627269254717e-07
6545.5,1.6978808904220992e-07
6545.51,1.5977927553128552e-07
6545.52,1.5176665838847278e-07
6545.53,1.4548053420763724e-07
6545.54,1.4057386363717133e-07
6545.55,1.3667353052154496e-07
6545.56,1.3332920584809795e-07
6545.57,1.3008689134043212e-07
6545.58,1.26600444189742e-07
6545.59,1.2274077769380242e-07
6545.6,1.1862416889733093e-07
6545.61,1.1452112792545182e-07
6545.62,1.1074750520475391e-07
6545.63,1.0755805990231495e-07
6545.64,1.0512250716148713e-07
6545.65,1.0353565778794887e-07
6545.66,1.0284721765157859e-07
6545.67,1.0308941842928322e-07
6545.68,1.0429694118810815e-07
6545.69,1.065192363119451e-07
6545.7,1.0982727328522363e-07
6545.71,1.1431582786731999e-07
6545.72,1.201016044776462e-07
6545.73,1.273148447175824e-07
6545.74,1.360803693534784e-07
6545.75,1.464816857798252e-07
6545.76,1.5850029688574255e-07
6545.77,1.7192395373474318e-07
6545.78,1.8622956047103644e-07
6545.79,2.0047609738802382e-07
6545.8,2.1329426627629293e-07
6545.81,2.2303365886842237e-07
6545.82,2.281715073883695e-07
6545.83,2.2782139601097778e-07
6545.84,2.220858821350877e-07
6545.85,2.122726311035583e-07
6545.86,1.9946000531690653e-07
6545.87,1.8551963217896268e-07
6545.88,1.71746836210436e-07
6545.89,1.5899111881702178e-07
6545.9,1.4770205015460377e-07
6545.91,1.379043918550161e-07
6545.92,1.2986567907684564e-07
6545.93,1.2344304765682195e-07
6545.94,1.1831451469648792e-07
6545.95,1.1444102705978743e-07
6545.96,1.1167089887589939e-07
6545.97,1.0994949495124964e-07
6545.98,1.0922409424594959e-07
6545.99,1.094223112671294e-07
6546.0,1.1052128289544413e-07
6546.01,1.1252043293023532e-07
6546.02,1.1544559357579123e-07
6546.03,1.1934405569340648e-07
6546.04,1.2429045877138563e-07
6546.05,1.3038867018259517e-07
6546.06,1.3777566506872103e-07
6546.07,1.4662652288116667e-07
6546.08,1.571605560637288e-07
6546.09,1.696483458799268e-07
6546.1,1.8441900969678096e-07
6546.11,2.018661682740708e-07
6546.12,2.224495389584173e-07
6546.13,2.4668637511122625e-07
6546.14,2.7512232647416694e-07
6546.15,3.0826474285971645e-07
6546.16,3.4645309670839847e-07
6546.17,3.896356771694189e-07
6546.18,4.370321918004372e-07
6546.19,4.867115999943936e-07
6546.2,5.352249553592405e-07
6546.21,5.776679363875462e-07
6546.22,6.082833926405354e-07
6546.23,6.221611406660014e-07
6546.24,6.169183573461776e-07
6546.25,5.93639758759177e-07
6546.26,5.563511128587207e-07
6546.27,5.104996568154941e-07
6546.28,4.6134547289346054e-07
6546.29,4.130122425723256e-07
6546.3,3.681947274266911e-07
6546.31,3.282023319219126e-07
6546.32,2.934072464572692e-07
6546.33,2.636143757341925e-07
6546.34,2.3835876499526166e-07
6546.35,2.1707648615258075e-07
6546.36,1.9924507637779744e-07
6546.37,1.8436648654441943e-07
6546.38,1.7202400294464906e-07
6546.39,1.6188513032911946e-07
6546.4,1.5364790570859867e-07
6546.41,1.4710571197299766e-07
6546.42,1.4209054021389707e-07
6546.43,1.3847667707482906e-07
6546.44,1.36168755404553e-07
6546.45,1.3509181428149765e-07
6546.46,1.3517110151163443e-07
6546.47,1.363070273599659e-07
6546.48,1.383430687370552e-07
6546.49,1.4104291280684632e-07
6546.5,1.4408854530390598e-07
6546.51,1.471430096063203e-07
6546.52,1.4980941450110976e-07
6546.53,1.523823056342289e-07
6546.54,1.5493699568594728e-07
6546.55,1.5789175201264347e-07
6546.56,1.617265052111766e-07
6546.57,1.6688445211655345e-07
6546.58,1.7375087311067867e-07
6546.59,1.826607212762975e-07
6546.6,1.9394044214687598e-07
6546.61,2.0794225946584775e-07
6546.62,2.250700141287946e-07
6546.63,2.457916959903755e-07
6546.64,2.7063423420181247e-07
6546.65,3.001503212313674e-07
6546.66,3.3483850733096937e-07
6546.67,3.749885770293578e-07
6546.68,4.2041799726398824e-07
6546.69,4.700824078448656e-07
6546.7,5.216114991165272e-07
6546.71,5.70950622790115e-07
6546.72,6.125514958186726e-07
6546.73,6.403267875533351e-07
6546.74,6.495665193391992e-07
6546.75,6.388019307274433e-07
6546.76,6.104694286956039e-07
6546.77,5.698708556785658e-07
6546.78,5.231914967114275e-07
6546.79,4.7571620394529885e-07
6546.8,4.310719815200906e-07
6546.81,3.9115191929499593e-07
6546.82,3.5647736361282684e-07
6546.83,3.2664585070477923e-07
6546.84,3.0073027966194103e-07
6546.85,2.776728268059711e-07
6546.86,2.5661987631794764e-07
6546.87,2.3712121565808714e-07
6546.88,2.191195136434424e-07
6546.89,2.0277960953854943e-07
6546.9,1.8829688891286003e-07
6546.91,1.757796514897526e-07
6546.92,1.652350467251968e-07
6546.93,1.5684659089825054e-07
6546.94,1.5000317550314508e-07
6546.95,1.4484968605633876e-07
6546.96,1.4129824878476607e-07
6546.97,1.3929235968494846e-07
6546.98,1.388130981686062e-07
6546.99,1.398808316557554e-07
6547.0,1.4255455852408213e-07
6547.01,1.4692706561282746e-07
6547.02,1.5311393052411526e-07
6547.03,1.6121487842354865e-07
6547.04,1.7134258739285257e-07
6547.05,1.8345313996119514e-07
6547.06,1.9731103915067654e-07
6547.07,2.123340887851256e-07
6547.08,2.2745099491050266e-07
6547.09,2.4106811644438246e-07
6547.1,2.512164227246936e-07
6547.11,2.5604072697480654e-07
6547.12,2.54438955873801e-07
6547.13,2.465189680085959e-07
6547.14,2.3364772840534176e-07
6547.15,2.1754871800175536e-07
6547.16,2.0024571043286037e-07
6547.17,1.8323489362969792e-07
6547.18,1.674766297666218e-07
6547.19,1.534524093113007e-07
6547.2,1.4131353155643427e-07
6547.21,1.310299839749318e-07
6547.22,1.2244223190373486e-07
6547.23,1.1559114267524653e-07
6547.24,1.0991709546369023e-07
6547.25,1.0546609108898336e-07
6547.26,1.0211161989172973e-07
6547.27,9.975159848646319e-08
6547.28,9.813341399376731e-08
6547.29,9.755643683555784e-08
6547.3,9.781659051537056e-08
6547.31,9.88963079377619e-08
6547.32,1.007589034128917e-07
6547.33,1.0329898966670952e-07
6547.34,1.0629991547686785e-07
6547.35,1.0943389001545937e-07
6547.36,1.1233406251435816e-07
6547.37,1.1469874124824194e-07
6547.38,1.163400683413939e-07
6547.39,1.1718766457036716e-07
6547.4,1.1730009376417759e-07
6547.41,1.168888748191611e-07
6547.42,1.1629414073534402e-07
6547.43,1.159001938451851e-07
6547.44,1.1604904493581031e-07
6547.45,1.1699309323193546e-07
6547.46,1.1890361403139573e-07
6547.47,1.218964008431044e-07
6547.48,1.260642196397749e-07
6547.49,1.3150280931723738e-07
6547.5,1.383291552082114e-07
6547.51,1.466949080393848e-07
6547.52,1.5679660615037445e-07
6547.53,1.6888506148546817e-07
6547.54,1.832743268944023e-07
6547.55,2.0034966736100658e-07
6547.56,2.205726252343407e-07
6547.57,2.4447817113578924e-07
6547.58,2.726551257062112e-07
6547.59,3.0569371254949214e-07
6547.6,3.4407534397768634e-07
6547.61,3.879690914214051e-07
6547.62,4.3690044851747375e-07
6547.63,4.892921296198746e-07
6547.64,5.419692774666919e-07
6547.65,5.900104751790477e-07
6547.66,6.270952403989662e-07
6547.67,6.4717497068583e-07
6547.68,6.465247283265284e-07
6547.69,6.254206550388618e-07
6547.7,5.879189640246584e-07
6547.71,5.402165065150871e-07
6547.72,4.885146313266305e-07
6547.73,4.3756532642481186e-07
6547.74,3.9035345641905927e-07
6547.75,3.4831508625854934e-07
6547.76,3.118395508269004e-07
6547.77,2.807164608680694e-07
6547.78,2.544511153766197e-07
6547.79,2.3245616666186627e-07
6547.8,2.14149737413267e-07
6547.81,1.990081462201963e-07
6547.82,1.8657876852097566e-07
6547.83,1.764824525052274e-07
6547.84,1.684090706281224e-07
6547.85,1.6191857683771244e-07
6547.86,1.5720570652689598e-07
6547.87,1.5393638400360574e-07
6547.88,1.5201333441766733e-07
6547.89,1.5137500821266665e-07
6547.9,1.5198954892104092e-07
6547.91,1.538521899149959e-07
6547.92,1.5698957225846508e-07
6547.93,1.6146897026463903e-07
6547.94,1.67409119678939e-07
6547.95,1.7498622082797622e-07
6547.96,1.8443502629379596e-07
6547.97,1.9604922660036452e-07
6547.98,2.101848552009116e-07
6547.99,2.2726754883068656e-07
6548.0,2.4779847607278264e-07
6548.01,2.7235245540728974e-07
6548.02,3.0155646805550624e-07
6548.03,3.360311499172496e-07
6548.04,3.762775891087914e-07
6548.05,4.224014788347902e-07
6548.06,4.738101887332162e-07
6548.07,5.286601743556949e-07
6548.08,5.833518065766848e-07
6548.09,6.324243002568995e-07
6548.1,6.69145221687507e-07
6548.11,6.874016096416346e-07
6548.12,6.839348912638446e-07
6548.13,6.598374472469692e-07
6548.14,6.200650702046888e-07
6548.15,5.713956906822282e-07
6548.16,5.202395616771167e-07
6548.17,4.713025467956655e-07
6548.18,4.274478232634465e-07
6548.19,3.9001587853416764e-07
6548.2,3.593706074340847e-07
6548.21,3.353419817968376e-07
6548.22,3.1751104626184094e-07
6548.23,3.0535216620915646e-07
6548.24,2.9825893632764577e-07
6548.25,2.955621567669453e-07
6548.26,2.9643014611859214e-07
6548.27,2.9992300582900395e-07
6548.28,3.051083697019866e-07
6548.29,3.1124457058780585e-07
6548.3,3.180066861708877e-07
6548.31,3.250084538783018e-07
6548.32,3.320783207313763e-07
6548.33,3.3847346493982896e-07
6548.34,3.4277639011242757e-07
6548.35,3.43081328518848e-07
6548.36,3.3766337973092024e-07
6548.37,3.260238786850344e-07
6548.38,3.083216732705966e-07
6548.39,2.865860919418466e-07
6548.4,2.6302603280595815e-07
6548.41,2.3956111594078407e-07
6548.42,2.1748075358171617e-07
6548.43,1.9740079483088268e-07
6548.44,1.7943927108943932e-07
6548.45,1.6346392393322538e-07
6548.46,1.492975433151221e-07
6548.47,1.3680451090291341e-07
6548.48,1.258158360276812e-07
6548.49,1.163249489791312e-07
6548.5,1.0812442363032161e-07
6548.51,1.010534706992565e-07
6548.52,9.495694339705912e-08
6548.53,8.969483719377859e-08
6548.54,8.514651035502884e-08
6548.55,8.121050701695553e-08
6548.56,7.780171825846761e-08
6548.57,7.485200568392306e-08
6548.58,7.254662419794326e-08
6548.59,7.035129233951395e-08
6548.6,6.846784283095071e-08
6548.61,6.686132775691511e-08
6548.62,6.550095851166102e-08
6548.63,6.435922658010904e-08
6548.64,6.341176013337794e-08
6548.65,6.263791249605947e-08
6548.66,6.181640166092165e-08
6548.67,6.13479593682106e-08
6548.68,6.102079928625727e-08
6548.69,6.083398838071874e-08
6548.7,6.07906062297934e-08
6548.71,6.089517868234094e-08
6548.72,6.115643845417857e-08
6548.73,6.158060481883122e-08
6548.74,6.217461330370475e-08
6548.75,6.29456130637865e-08
6548.76,6.390162857711457e-08
6548.77,6.505219796136265e-08
6548.78,6.640899571523883e-08
6548.79,6.798611543267384e-08
6548.8,6.980084126034355e-08
6548.81,7.187394009360263e-08
6548.82,7.423025604921543e-08
6548.83,7.689941778130822e-08
6548.84,7.991663913754118e-08
6548.85,8.332373145360085e-08
6548.86,8.718140655045614e-08
6548.87,9.152661730322125e-08
6548.88,9.644121338721796e-08
6548.89,1.020081627077243e-07
6548.9,1.083289023310963e-07
6548.91,1.1552506573967592e-07
6548.92,1.237437194190038e-07
6548.93,1.331629073266748e-07
6548.94,1.4399850993214015e-07
6548.95,1.565110874244489e-07
6548.96,1.7101636968148855e-07
6548.97,1.8789431016703123e-07
6548.98,2.0759895134285298e-07
6548.99,2.3066472504431665e-07
6549.0,2.5770380153353966e-07
6549.01,2.8938303796270347e-07
6549.02,3.2636071980412584e-07
6549.03,3.6915072377639397e-07
6549.04,4.178721565264958e-07
6549.05,4.718473700325482e-07
6549.06,5.290647844217691e-07
6549.07,5.85636599335478e-07
6549.08,6.358313219654656e-07
6549.09,6.727202275397624e-07
6549.1,6.902275209881145e-07
6549.11,6.855579171682207e-07
6549.12,6.603959586274038e-07
6549.13,6.201062163202116e-07
6549.14,5.714467815231278e-07
6549.15,5.204345005061907e-07
6549.16,4.7112204780343056e-07
6549.17,4.257402994913817e-07
6549.18,3.84997744519963e-07
6549.19,3.495366624621795e-07
6549.2,3.1903251192557775e-07
6549.21,2.9324521410341013e-07
6549.22,2.7185736009100814e-07
6549.23,2.5451203301733086e-07
6549.24,2.4084490269397475e-07
6549.25,2.3051780125588973e-07
6549.26,2.2324358139091365e-07
6549.27,2.1880078035730028e-07
6549.28,2.1704038764362613e-07
6549.29,2.1788822400863536e-07
6549.3,2.2134637588454058e-07
6549.31,2.274960725129268e-07
6549.32,2.3650328313913022e-07
6549.33,2.4863357420447536e-07
6549.34,2.6425603914463865e-07
6549.35,2.8385354359046305e-07
6549.36,3.08015665000938e-07
6549.37,3.374126188261739e-07
6549.38,3.72732799212005e-07
6549.39,4.145547202265015e-07
6549.4,4.631094561534976e-07
6549.41,5.178905364091649e-07
6549.42,5.772095082064384e-07
6549.43,6.372427736709322e-07
6549.44,6.924773384071518e-07
6549.45,7.359525642493506e-07
6549.46,7.61357541813873e-07
6549.47,7.655210118278366e-07
6549.48,7.499398320824095e-07
6549.49,7.201394727624455e-07
6549.5,6.833123270946784e-07
6549.51,6.458178411062424e-07
6549.52,6.116255111676107e-07
6549.53,5.820657696762553e-07
6549.54,5.561993218781142e-07
6549.55,5.316322836530024e-07
6549.56,5.05648140806814e-07
6549.57,4.7636675866663305e-07
6549.58,4.434953646443331e-07
6549.59,4.082720432813776e-07
6549.6,3.727349428143022e-07
6549.61,3.3887897402415903e-07
6549.62,3.081194641837867e-07
6549.63,2.812117814531477e-07
6549.64,2.5834389521511335e-07
6549.65,2.3930600312962537e-07
6549.66,2.236092587790182e-07
6549.67,2.1056639121347586e-07
6549.68,1.992967393234233e-07
6549.69,1.8890190556885892e-07
6549.7,1.7861318879149057e-07
6549.71,1.679329261897437e-07
6549.72,1.5699624138690396e-07
6549.73,1.4603971059897732e-07
6549.74,1.3547257201352788e-07
6549.75,1.2563327001561116e-07
6549.76,1.1671366348151081e-07
6549.77,1.0877662901411484e-07
6549.78,1.0179398194528818e-07
6549.79,9.592158274712685e-08
6549.8,9.060259953066427e-08
6549.81,8.597318132677485e-08
6549.82,8.194659666431193e-08
6549.83,7.84471635820522e-08
6549.84,7.54107352890532e-08
6549.85,7.27839458655612e-08
6549.86,7.052330670985795e-08
6549.87,6.859447107821e-08
6549.88,6.697174864280909e-08
6549.89,6.563754525270373e-08
6549.9,6.480987894164652e-08
6549.91,6.402949052050494e-08
6549.92,6.352523474589791e-08
6549.93,6.330434753257953e-08
6549.94,6.33791632492019e-08
6549.95,6.376636218661369e-08
6549.96,6.448523823968573e-08
6549.97,6.555455524146541e-08
6549.98,6.698552198332612e-08
6549.99,6.877422936429487e-08
6550.0,7.08871835152859e-08
6550.01,7.32435578436227e-08
6550.02,7.569376523125123e-08
6550.03,7.777954149476885e-08
6550.04,7.966100648507012e-08
6550.05,8.080650337913577e-08
6550.06,8.101546925728435e-08
6550.07,8.027738583493704e-08
6550.08,7.878089270350675e-08
6550.09,7.683544624456646e-08
6550.1,7.475074154774405e-08
6550.11,7.28039774364265e-08
6550.12,7.114721437183615e-08
6550.13,6.986412919794554e-08
6550.14,6.898371767623493e-08
6550.15,6.850390223523171e-08
6550.16,6.840841673055124e-08
6550.17,6.867716711549516e-08
6550.18,6.929174889084468e-08
6550.19,7.023811184702717e-08
6550.2,7.150765690351362e-08
6550.21,7.309776813720534e-08
6550.22,7.501212104003185e-08
6550.23,7.726132582129165e-08
6550.24,7.986375501053744e-08
6550.25,8.284213308801367e-08
6550.26,8.624150941267198e-08
6550.27,9.010400752347243e-08
6550.28,9.448663077151395e-08
6550.29,9.945772046234607e-08
6550.3,1.0509756603328951e-07
6550.31,1.1150315515050434e-07
6550.32,1.1878793843693883e-07
6550.33,1.2708913026357635e-07
6550.34,1.365765866671981e-07
6550.35,1.474608488557397e-07
6550.36,1.6000282361543307e-07
6550.37,1.745218301061837e-07
6550.38,1.9140411992775529e-07
6550.39,2.1111153800061186e-07
6550.4,2.3418942696213572e-07
6550.41,2.612663439329595e-07
6550.42,2.9303476988387926e-07
6550.43,3.301928871349782e-07
6550.44,3.7331539304378475e-07
6550.45,4.226090595066623e-07
6550.46,4.774994159972143e-07
6550.47,5.361108055713128e-07
6550.48,5.946282642089194e-07
6550.49,6.473117341795081e-07
6550.5,6.865799812266004e-07
6550.51,7.06571687788347e-07
6550.52,7.039659315862565e-07
6550.53,6.804505935674219e-07
6550.54,6.417401013753489e-07
6550.55,5.951909002856201e-07
6550.56,5.474635933757209e-07
6550.57,5.03244013689605e-07
6550.58,4.6525607730603177e-07
6550.59,4.346906008466237e-07
6550.6,4.1181948919698835e-07
6550.61,3.9648293617150625e-07
6550.62,3.884185932683145e-07
6550.63,3.8744116449027074e-07
6550.64,3.93495643355577e-07
6550.65,4.066230535411942e-07
6550.66,4.2686845671404387e-07
6550.67,4.541315786630456e-07
6550.68,4.879547282110615e-07
6550.69,5.272857451219524e-07
6550.7,5.703800982404109e-07
6550.71,6.149536112239776e-07
6550.72,6.587958952748394e-07
6550.73,7.004546199383842e-07
6550.74,7.393687528772967e-07
6550.75,7.749998604424934e-07
6550.76,8.05477834498832e-07
6550.77,8.266505428615706e-07
6550.78,8.328744796111136e-07
6550.79,8.194275553833314e-07
6550.8,7.851331730883067e-07
6550.81,7.333469974417053e-07
6550.82,6.705792033362383e-07
6550.83,6.039599286907103e-07
6550.84,5.391665271337929e-07
6550.85,4.797774240800195e-07
6550.86,4.2742894112599047e-07
6550.87,3.8240561311195236e-07
6550.88,3.4418735131458935e-07
6550.89,3.118393572813673e-07
6550.9,2.842591650897786e-07
6550.91,2.6028084642453863e-07
6550.92,2.3914900960323323e-07
6550.93,2.2014272318589987e-07
6550.94,2.029178289084527e-07
6550.95,1.8735234722741822e-07
6550.96,1.7343113377981815e-07
6550.97,1.6114944246502024e-07
6550.98,1.504733331403821e-07
6550.99,1.4133435626079936e-07
6551.0,1.336333057298428e-07
6551.01,1.2730476358443058e-07
6551.02,1.2225517610159158e-07
6551.03,1.1841174022577986e-07
6551.04,1.1570015548096043e-07
6551.05,1.1402114829285604e-07
6551.06,1.1321108302089754e-07
6551.07,1.1299337450215258e-07
6551.08,1.1294678441372151e-07
6551.09,1.1251795830070165e-07
6551.1,1.1114440415494681e-07
6551.11,1.0844973098066908e-07
6551.12,1.0440387244181526e-07
6551.13,9.932192935690954e-08
6551.14,9.370198489143935e-08
6551.15,8.802832053006457e-08
6551.16,8.264690967794643e-08
6551.17,7.775175233389304e-08
6551.18,7.341321909552917e-08
6551.19,7.005106801185078e-08
6551.2,6.677888928237586e-08
6551.21,6.396087415138381e-08
6551.22,6.153957604522231e-08
6551.23,5.9462457693200326e-08
6551.24,5.7684066464488036e-08
6551.25,5.617502552350343e-08
6551.26,5.4885573894123286e-08
6551.27,5.379743312454396e-08
6551.28,5.288666864598823e-08
6551.29,5.213095016862249e-08
6551.3,5.1508699414306157e-08
6551.31,5.099935572804457e-08
6551.32,5.058294154387812e-08
6551.33,5.0252898641968005e-08
6551.34,5.000160574072749e-08
6551.35,4.9829438848004636e-08
6551.36,4.973912664086854e-08
6551.37,4.973360648327818e-08
6551.38,4.9814806947332095e-08
6551.39,4.9985049184794173e-08
6551.4,5.0002946761979613e-08
6551.41,5.036015759214048e-08
6551.42,5.081521963270659e-08
6551.43,5.137116618679434e-08
6551.44,5.203268280957251e-08
6551.45,5.2804969883878274e-08
6551.46,5.3693610318081855e-08
6551.47,5.470494645521721e-08
6551.48,5.584630236967624e-08
6551.49,5.712570379909166e-08
6551.5,5.8554778438581536e-08
6551.51,6.023222854180641e-08
6551.52,6.199695074646851e-08
6551.53,6.395182232869366e-08
6551.54,6.611506732993484e-08
6551.55,6.850776150456677e-08
6551.56,7.115440331803236e-08
6551.57,7.408355900682724e-08
6551.58,7.732883030666572e-08
6551.59,8.092993598239289e-08
6551.6,8.493388737488983e-08
6551.61,8.939623599451928e-08
6551.62,9.438239559817003e-08
6551.63,9.996896781988399e-08
6551.64,1.062447830121612e-07
6551.65,1.1331152494241006e-07
6551.66,1.212833939103301e-07
6551.67,1.3028797186054088e-07
6551.68,1.4047221919870532e-07
6551.69,1.520179777017835e-07
6551.7,1.6516203369047682e-07
6551.71,1.8020540747411736e-07
6551.72,1.9750310370778607e-07
6551.73,2.1744026279931192e-07
6551.74,2.404077776624652e-07
6551.75,2.667765734396458e-07
6551.76,2.9687316638912247e-07
6551.77,3.3094866061031105e-07
6551.78,3.691441001228457e-07
6551.79,4.114087232843796e-07
6551.8,4.5707549816544765e-07
6551.81,5.056795698517545e-07
6551.82,5.553311926284353e-07
6551.83,6.040797084005815e-07
6551.84,6.503688893745039e-07
6551.85,6.937405525285201e-07
6551.86,7.344897764606205e-07
6551.87,7.724795556639571e-07
6551.88,8.057089027972907e-07
6551.89,8.296800980548296e-07
6551.9,8.387845337988784e-07
6551.91,8.289036083365852e-07
6551.92,7.999438583716415e-07
6551.93,7.562328464225932e-07
6551.94,7.047224178986617e-07
6551.95,6.525153200353104e-07
6551.96,6.050244200354462e-07
6551.97,5.656893649761642e-07
6551.98,5.362776356972122e-07
6551.99,5.175122441823809e-07
6552.0,5.095799585072622e-07
6552.01,5.124230812867724e-07
6552.02,5.258034214645907e-07
6552.03,5.491481733490168e-07
6552.04,5.811255287988554e-07
6552.05,6.19088336794171e-07
6552.06,6.585195977705297e-07
6552.07,6.928045228413515e-07
6552.08,7.142503624140916e-07
6552.09,7.162570281976303e-07
6552.1,6.963093352189836e-07
6552.11,6.566440510961131e-07
6552.12,6.033862692134425e-07
6552.13,5.438025682881857e-07
6552.14,4.840250425591806e-07
6552.15,4.2801842466742066e-07
6552.16,3.7780020030921646e-07
6552.17,3.339595243869545e-07
6552.18,2.9626920840590743e-07
6552.19,2.6411695806781085e-07
6552.2,2.3676458218571675e-07
6552.21,2.1348299601050545e-07
6552.22,1.9361419206305293e-07
6552.23,1.7659431400352662e-07
6552.24,1.619534807398823e-07
6552.25,1.4931026429819446e-07
6552.26,1.3835493872247142e-07
6552.27,1.288349752955524e-07
6552.28,1.2054292275848323e-07
6552.29,1.1330768573777188e-07
6552.3,1.0698923554667338e-07
6552.31,1.0147351678723266e-07
6552.32,9.666895462281706e-08
6552.33,9.250272564879079e-08
6552.34,8.891803207330649e-08
6552.35,8.587191523901295e-08
6552.36,8.333409340816337e-08
6552.37,8.128630119393968e-08
6552.38,7.972202427008728e-08
6552.39,7.86447810152291e-08
6552.4,7.807378610449503e-08
6552.41,7.803295176621211e-08
6552.42,7.855300563383528e-08
6552.43,7.966090493702072e-08
6552.44,8.136234502454494e-08
6552.45,8.361231095283436e-08
6552.46,8.645929978874789e-08
6552.47,8.925901176227502e-08
6552.48,9.186002285108017e-08
6552.49,9.360867984690797e-08
6552.5,9.418069922868167e-08
6552.51,9.344571107555482e-08
6552.52,9.162047807314934e-08
6552.53,8.916809882629229e-08
6552.54,8.66063938577258e-08
6552.55,8.435684580767319e-08
6552.56,8.268355136327067e-08
6552.57,8.171037675310816e-08
6552.58,8.16414608453113e-08
6552.59,8.20076915640753e-08
6552.6,8.28364815027815e-08
6552.61,8.388493756674704e-08
6552.62,8.48536405856213e-08
6552.63,8.544876070436648e-08
6552.64,8.546911546959275e-08
6552.65,8.487712821564282e-08
6552.66,8.380994978717712e-08
6552.67,8.251797664007338e-08
6552.68,8.127774306247186e-08
6552.69,8.032331276354126e-08
6552.7,7.982418153535821e-08
6552.71,7.988918878818388e-08
6552.72,8.058594095550586e-08
6552.73,8.196011450350058e-08
6552.74,8.404997901948699e-08
6552.75,8.68970826277318e-08
6552.76,9.030595532458863e-08
6552.77,9.486537457164694e-08
6552.78,1.0044989285521942e-07
6552.79,1.0724072604475375e-07
6552.8,1.1544011833964042e-07
6552.81,1.2530448546586545e-07
6552.82,1.3710637262174218e-07
6552.83,1.5110717438743988e-07
6552.84,1.6755318901060272e-07
6552.85,1.8649658379639105e-07
6552.86,2.0766383388796534e-07
6552.87,2.3018899179088792e-07
6552.88,2.5240273774732397e-07
6552.89,2.717551636380001e-07
6552.9,2.8526414664020297e-07
6552.91,2.904653302803571e-07
6552.92,2.864829592786796e-07
6552.93,2.744612842326713e-07
6552.94,2.5701432420520274e-07
6552.95,2.3712826351787484e-07
6552.96,2.1727090697158289e-07
6552.97,1.9901673418485825e-07
6552.98,1.831645157303094e-07
6552.99,1.69957102454039e-07
6553.0,1.5932790304257182e-07
6553.01,1.5107056868189142e-07
6553.02,1.4493966773952968e-07
6553.03,1.407027532446711e-07
6553.04,1.3816374869562454e-07
6553.05,1.3717111378984707e-07
6553.06,1.3761903791933455e-07
6553.07,1.394463075542429e-07
6553.08,1.4263513225257277e-07
6553.09,1.4721087903789987e-07
6553.1,1.5298958144579004e-07
6553.11,1.6059481335172606e-07
6553.12,1.6993730090627634e-07
6553.13,1.8123873056021404e-07
6553.14,1.947855027057597e-07
6553.15,2.109399222839016e-07
6553.16,2.3015269655419462e-07
6553.17,2.529753878981366e-07
6553.18,2.800677993363285e-07
6553.19,3.121938977963031e-07
6553.2,3.50188010935236e-07
6553.21,3.9484693495736514e-07
6553.22,4.4672027086381526e-07
6553.23,5.06038936604215e-07
6553.24,5.71706428731423e-07
6553.25,6.410368317481113e-07
6553.26,7.093538767502364e-07
6553.27,7.703379193378057e-07
6553.28,8.178290952042235e-07
6553.29,8.484049167072466e-07
6553.3,8.631349072549848e-07
6553.31,8.670868098800863e-07
6553.32,8.665713076804007e-07
6553.33,8.659923403664656e-07
6553.34,8.658447064257063e-07
6553.35,8.62511770857363e-07
6553.36,8.499116689100415e-07
6553.37,8.22533453911004e-07
6553.38,7.784208182823447e-07
6553.39,7.202406879733143e-07
6553.4,6.539188782464759e-07
6553.41,5.857462761787307e-07
6553.42,5.208421758299303e-07
6553.43,4.6214037207799035e-07
6553.44,4.1081802397387353e-07
6553.45,3.66817368862006e-07
6553.46,3.293946763501584e-07
6553.47,2.975045035356342e-07
6553.48,2.7004648705603274e-07
6553.49,2.46047343941471e-07
6553.5,2.2476841595907623e-07
6553.51,2.0573206034614145e-07
6553.52,1.8866895938342044e-07
6553.53,1.7342739292464242e-07
6553.54,1.5989742945816384e-07
6553.55,1.4794733606104127e-07
6553.56,1.3744602017477248e-07
6553.57,1.2824702197346055e-07
6553.58,1.2020493301130797e-07
6553.59,1.131840903863831e-07
6553.6,1.0706335201266197e-07
6553.61,1.0173767276565184e-07
6553.62,9.711730980641828e-08
6553.63,9.312846360086552e-08
6553.64,8.970963484767793e-08
6553.65,8.681127196680048e-08
6553.66,8.43947369402027e-08
6553.67,8.243118033864341e-08
6553.68,8.090082844290261e-08
6553.69,7.979254351791648e-08
6553.7,7.926816240637884e-08
6553.71,7.900584104291345e-08
6553.72,7.918450569789942e-08
6553.73,7.983018851978729e-08
6553.74,8.098102281877344e-08
6553.75,8.267716247503442e-08
6553.76,8.501111435508612e-08
6553.77,8.805798767256226e-08
6553.78,9.192657438282264e-08
6553.79,9.674974340456996e-08
6553.8,1.0268549711302544e-07
6553.81,1.0991406111527186e-07
6553.82,1.1863005051804999e-07
6553.83,1.290214854710218e-07
6553.84,1.4123987587765455e-07
6553.85,1.5535828733939585e-07
6553.86,1.7131591075231382e-07
6553.87,1.8889059385069427e-07
6553.88,2.076956247830915e-07
6553.89,2.271649909172503e-07
6553.9,2.464002701165838e-07
6553.91,2.6393308204444585e-07
6553.92,2.775519152815966e-07
6553.93,2.847107524236107e-07
6553.94,2.836563828146987e-07
6553.95,2.7375345473406735e-07
6553.96,2.5675786719412764e-07
6553.97,2.354231793697857e-07
6553.98,2.1258294066209668e-07
6553.99,1.9039741734379186e-07
6554.0,1.7012417370037522e-07
6554.01,1.5230849735061496e-07
6554.02,1.370187319763041e-07
6554.03,1.240765766628077e-07
6554.04,1.1320464198796833e-07
6554.05,1.041082970343029e-07
6554.06,9.651362255146875e-08
6554.07,9.018038412521601e-08
6554.08,8.490268091161266e-08
6554.09,8.050598709946152e-08
6554.1,7.684462536957981e-08
6554.11,7.380088625719697e-08
6554.12,7.103414168844036e-08
6554.13,6.89784946548794e-08
6554.14,6.733435270707334e-08
6554.15,6.606676923766774e-08
6554.16,6.515075360057319e-08
6554.17,6.456933045386762e-08
6554.18,6.431210620963241e-08
6554.19,6.437466917796769e-08
6554.2,6.475812241229269e-08
6554.21,6.546887818643511e-08
6554.22,6.651837510347612e-08
6554.23,6.792222190425377e-08
6554.24,6.96990395836182e-08
6554.25,7.186622855269672e-08
6554.26,7.443433927412297e-08
6554.27,7.739701236882029e-08
6554.28,8.078583176437066e-08
6554.29,8.437938227791426e-08
6554.3,8.810512187314351e-08
6554.31,9.177391640001394e-08
6554.32,9.518455508470785e-08
6554.33,9.809424505769959e-08
6554.34,1.0067095618258081e-07
6554.35,1.0293604290889188e-07
6554.36,1.0486844113391372e-07
6554.37,1.0724994549411189e-07
6554.38,1.1008848806406502e-07
6554.39,1.1360191344553706e-07
6554.4,1.179625882676465e-07
6554.41,1.2331304450426745e-07
6554.42,1.2978582091473672e-07
6554.43,1.3752177445474963e-07
6554.44,1.4668541923461095e-07
6554.45,1.57478091731663e-07
6554.46,1.701507397156044e-07
6554.47,1.8501553395132358e-07
6554.48,2.0246282047209155e-07
6554.49,2.2297676777236453e-07
6554.5,2.471548970661118e-07
6554.51,2.757278707600633e-07
6554.52,3.0957556670511777e-07
6554.53,3.4972943669315185e-07
6554.54,3.973459977201669e-07
6554.55,4.5360875909881205e-07
6554.56,5.195140273649539e-07
6554.57,5.954571154446056e-07
6554.58,6.80527397565436e-07
6554.59,7.71744101130947e-07
6554.6,8.630665274385066e-07
6554.61,9.454204676827262e-07
6554.62,1.008081958746974e-06
6554.63,1.041342668513495e-06
6554.64,1.0396460044546991e-06
6554.65,1.00344759736936e-06
6554.66,9.39092964544271e-07
6554.67,8.565819680975056e-07
6554.68,7.665113641376727e-07
6554.69,6.775714763369199e-07
6554.7,5.95319069009243e-07
6554.71,5.225059754231998e-07
6554.72,4.5984709372820743e-07
6554.73,4.068954409869078e-07
6554.74,3.626759388963436e-07
6554.75,3.260655378823639e-07
6554.76,2.959980884813172e-07
6554.77,2.71548526995195e-07
6554.78,2.5196120544069855e-07
6554.79,2.366490205972117e-07
6554.8,2.2518132056861153e-07
6554.81,2.172683356109889e-07
6554.82,2.1274388390256878e-07
6554.83,2.1154460875145133e-07
6554.84,2.1367799040042636e-07
6554.85,2.1916705491401888e-07
6554.86,2.2795208326773815e-07
6554.87,2.397270039307183e-07
6554.88,2.5369705966684487e-07
6554.89,2.683495180415441e-07
6554.9,2.81307806537876e-07
6554.91,2.8980073777441754e-07
6554.92,2.909563324574231e-07
6554.93,2.8373964886218665e-07
6554.94,2.6895656895121714e-07
6554.95,2.4896315338852134e-07
6554.96,2.2659716097087515e-07
6554.97,2.0424697801626808e-07
6554.98,1.8343364138950262e-07
6554.99,1.6491107395230942e-07
6555.0,1.4888256021154872e-07
6555.01,1.3525072656237623e-07
6555.02,1.237731946975578e-07
6555.03,1.1418090261235782e-07
6555.04,1.0621450193657454e-07
6555.05,9.964833488223884e-08
6555.06,9.429596004916689e-08
6555.07,9.000809625287709e-08
6555.08,8.666677972397577e-08
6555.09,8.417714127757601e-08
6555.1,8.245680455521351e-08
6555.11,8.147839728389348e-08
6555.12,8.103024519887626e-08
6555.13,8.103539653283451e-08
6555.14,8.132108692988326e-08
6555.15,8.168631738066684e-08
6555.16,8.193906291501979e-08
6555.17,8.195530781522637e-08
6555.18,8.172560272799745e-08
6555.19,8.135573496208998e-08
6555.2,8.10106817955972e-08
6555.21,8.08240020375109e-08
6555.22,8.081189268179433e-08
6555.23,8.081801069095285e-08
6555.24,8.052884231787638e-08
6555.25,7.957706435701333e-08
6555.26,7.771098127994984e-08
6555.27,7.493009260883591e-08
6555.28,7.163315212719503e-08
6555.29,6.78974571175159e-08
6555.3,6.421687179054975e-08
6555.31,6.082541696022652e-08
6555.32,5.784335272554405e-08
6555.33,5.530422779296481e-08
6555.34,5.319197159475266e-08
6555.35,5.1467912052202806e-08
6555.36,5.0087084760564e-08
6555.37,4.900634890381889e-08
6555.38,4.8188090527432874e-08
6555.39,4.750351246195539e-08
6555.4,4.712370439770209e-08
6555.41,4.693105956349563e-08
6555.42,4.691068451401501e-08
6555.43,4.705117813114421e-08
6555.44,4.734378749078283e-08
6555.45,4.778171748412761e-08
6555.46,4.8117317943768654e-08
6555.47,4.883302048425986e-08
6555.48,4.968327632603602e-08
6555.49,5.066979866862502e-08
6555.5,5.1799138480826905e-08
6555.51,5.3083055681988135e-08
6555.52,5.45361998124898e-08
6555.53,5.617600500987085e-08
6555.54,5.8020583756240634e-08
6555.55,6.007841172073136e-08
6555.56,6.239349429055125e-08
6555.57,6.49786469082614e-08
6555.58,6.786208136386405e-08
6555.59,7.107731720984583e-08
6555.6,7.466549277886804e-08
6555.61,7.867438479827883e-08
6555.62,8.291925614782225e-08
6555.63,8.794894384582969e-08
6555.64,9.359727574393247e-08
6555.65,9.995464806118691e-08
6555.66,1.0713037347695284e-07
6555.67,1.152597964619506e-07
6555.68,1.2451219898939957e-07
6555.69,1.350992958071785e-07
6555.7,1.4728410834117604e-07
6555.71,1.6138998333234106e-07
6555.72,1.778148474986359e-07
6555.73,1.9703545702063354e-07
6555.74,2.1963413272996068e-07
6555.75,2.463028789114577e-07
6555.76,2.778453815655397e-07
6555.77,3.1514898868837573e-07
6555.78,3.5909728389885535e-07
6555.79,4.10374450122849e-07
6555.8,4.6909264917312533e-07
6555.81,5.34175232835032e-07
6555.82,6.026267047328013e-07
6555.83,6.688648082464217e-07
6555.84,7.249782565372966e-07
6555.85,7.625961206084757e-07
6555.86,7.76121999423288e-07
6555.87,7.655285664141111e-07
6555.88,7.365624965545951e-07
6555.89,6.982432575491724e-07
6555.9,6.593802168147591e-07
6555.91,6.267045571532784e-07
6555.92,6.042383888081502e-07
6555.93,5.936878308529032e-07
6555.94,5.948690751724098e-07
6555.95,6.058934609503236e-07
6555.96,6.22962220881743e-07
6555.97,6.402558815742433e-07
6555.98,6.506119627899484e-07
6555.99,6.473509164176038e-07
6556.0,6.267746822173234e-07
6556.01,5.897066765444493e-07
6556.02,5.408219231716941e-07
6556.03,4.863312562846333e-07
6556.04,4.3170551516054125e-07
6556.05,3.805716728389284e-07
6556.06,3.347800103688159e-07
6556.07,2.948592542383316e-07
6556.08,2.605821141410482e-07
6556.09,2.31488398467908e-07
6556.1,2.066538011108337e-07
6556.11,1.8552488588143585e-07
6556.12,1.6750060484259143e-07
6556.13,1.5206639458058945e-07
6556.14,1.3879195327332253e-07
6556.15,1.273224931301339e-07
6556.16,1.1736645518945196e-07
6556.17,1.086853854422158e-07
6556.18,1.0108371413552834e-07
6556.19,9.440094960863816e-08
6556.2,8.850489332799295e-08
6556.21,8.328626730616123e-08
6556.22,7.865396020800294e-08
6556.23,7.453210146738598e-08
6556.24,7.085690766257152e-08
6556.25,6.757460233845453e-08
6556.26,6.46407366710017e-08
6556.27,6.201689346108633e-08
6556.28,5.967245910886434e-08
6556.29,5.7581759318299965e-08
6556.3,5.57233153612919e-08
6556.31,5.4078933514949365e-08
6556.32,5.263282473466208e-08
6556.33,5.137092298110128e-08
6556.34,5.028062872530097e-08
6556.35,4.9346473955939136e-08
6556.36,4.85548490812319e-08
6556.37,4.7889877092020373e-08
6556.38,4.7335358695390004e-08
6556.39,4.6877126657105374e-08
6556.4,4.650638837524316e-08
6556.41,4.622241427358603e-08
6556.42,4.5937299250154686e-08
6556.43,4.585775328408989e-08
6556.44,4.5894853122565506e-08
6556.45,4.608984232256158e-08
6556.46,4.645085419363514e-08
6556.47,4.699657310621804e-08
6556.48,4.774589758391372e-08
6556.49,4.8719760339659185e-08
6556.5,4.994239185299878e-08
6556.51,5.144454959222482e-08
6556.52,5.3265777687551976e-08
6556.53,5.545474013396775e-08
6556.54,5.8066011001593076e-08
6556.55,6.115243873756998e-08
6556.56,6.47519783905511e-08
6556.57,6.886666540857078e-08
6556.58,7.343354145060568e-08
6556.59,7.830153835276154e-08
6556.6,8.322949054220641e-08
6556.61,8.808255751938994e-08
6556.62,9.24606988008642e-08
6556.63,9.662075879497366e-08
6556.64,1.008381371429124e-07
6556.65,1.0567302456233931e-07
6556.66,1.1167302763845653e-07
6556.67,1.1932183332775645e-07
6556.68,1.289979248333733e-07
6556.69,1.4095279648474262e-07
6556.7,1.552404848745552e-07
6556.71,1.715764978201592e-07
6556.72,1.8912201660011482e-07
6556.73,2.063177326063962e-07
6556.74,2.2088348066068996e-07
6556.75,2.3033825716671293e-07
6556.76,2.3292738341201082e-07
6556.77,2.2846149151089086e-07
6556.78,2.183897807054437e-07
6556.79,2.048102118965947e-07
6556.8,1.9042185469384173e-07
6556.81,1.7656839637032884e-07
6556.82,1.640822016646713e-07
6556.83,1.5329789126231803e-07
6556.84,1.4428407269908135e-07
6556.85,1.3701941096436485e-07
6556.86,1.3124428912789104e-07
6556.87,1.2738244697535958e-07
6556.88,1.2518930624925072e-07
6556.89,1.2466014450350351e-07
6556.9,1.2581270852688627e-07
6556.91,1.286990491093288e-07
6556.92,1.334176722299809e-07
6556.93,1.4012489456024703e-07
6556.94,1.4904521807137496e-07
6556.95,1.6047994965382986e-07
6556.96,1.748112430374255e-07
6556.97,1.9249651881180374e-07
6556.98,2.1403706088951036e-07
6556.99,2.399016103244209e-07
6557.0,2.703643328972156e-07
6557.01,3.0521247725623515e-07
6557.02,3.4328917310594033e-07
6557.03,3.8202822019100004e-07
6557.04,4.171200713601166e-07
6557.05,4.430644822528148e-07
6557.06,4.548088587701012e-07
6557.07,4.4995274652137423e-07
6557.08,4.2999085977207905e-07
6557.09,3.9954691288978087e-07
6557.1,3.6425634103648194e-07
6557.11,3.288837953960395e-07
6557.12,2.9648095639135203e-07
6557.13,2.685881189900028e-07
6557.14,2.4567461534406406e-07
6557.15,2.276326025299096e-07
6557.16,2.1411452651703247e-07
6557.17,2.047322917639501e-07
6557.18,1.991609708258555e-07
6557.19,1.971880375382025e-07
6557.2,1.9873344193304964e-07
6557.21,2.0385556886829214e-07
6557.22,2.127478289204184e-07
6557.23,2.2572374269414367e-07
6557.24,2.431773973671877e-07
6557.25,2.6560255141712803e-07
6557.26,2.9303836368495565e-07
6557.27,3.2536928014933984e-07
6557.28,3.6147883693109874e-07
6557.29,3.9885603665478207e-07
6557.3,4.332452831251319e-07
6557.31,4.590036640503817e-07
6557.32,4.707182218380972e-07
6557.33,4.6530492384543617e-07
6557.34,4.4374429348375924e-07
6557.35,4.1039420569577294e-07
6557.36,3.7100304169441994e-07
6557.37,3.306540777424749e-07
6557.38,2.9272576727518544e-07
6557.39,2.5896508480869534e-07
6557.4,2.2993956004645094e-07
6557.41,2.054425564275101e-07
6557.42,1.852340778804079e-07
6557.43,1.6870560382769997e-07
6557.44,1.5536218578912696e-07
6557.45,1.4477664793230576e-07
6557.46,1.3660821913416502e-07
6557.47,1.3060283864859826e-07
6557.48,1.2658892324694373e-07
6557.49,1.2447172407364415e-07
6557.5,1.2422762911237705e-07
6557.51,1.258975208242629e-07
6557.52,1.2957572897720575e-07
6557.53,1.3538782565882564e-07
6557.54,1.434443994097726e-07
6557.55,1.5375382818402977e-07
6557.56,1.6607436537752341e-07
6557.57,1.7970138070149167e-07
6557.58,1.932878890562993e-07
6557.59,2.0478896939876693e-07
6557.6,2.1186650299903054e-07
6557.61,2.1270771885442578e-07
6557.62,2.0685407186943623e-07
6557.63,1.95397247348393e-07
6557.64,1.8038056693505015e-07
6557.65,1.6392413819223935e-07
6557.66,1.47651124913687e-07
6557.67,1.3253246959786968e-07
6557.68,1.1903384564547643e-07
6557.69,1.0727554942077978e-07
6557.7,9.719038145164381e-08
6557.71,8.86218455764795e-08
6557.72,8.138342857939756e-08
6557.73,7.529077349048317e-08
6557.74,7.017620719640663e-08
6557.75,6.589446405385778e-08
6557.76,6.232236257937278e-08
6557.77,5.935677717817744e-08
6557.78,5.690964403766454e-08
6557.79,5.4905213899349844e-08
6557.8,5.32786452883806e-08
6557.81,5.1978122663507665e-08
6557.82,5.096691360059311e-08
6557.83,5.022662792580576e-08
6557.84,4.975282029223343e-08
6557.85,4.954920354313877e-08
6557.86,4.9622124428114756e-08
6557.87,4.997818171012249e-08
6557.88,5.06234226658619e-08
6557.89,5.156746229489096e-08
6557.9,5.2822827642666374e-08
6557.91,5.4399527787521606e-08
6557.92,5.6394367777076526e-08
6557.93,5.8537404907518326e-08
6557.94,6.079846094359061e-08
6557.95,6.294883424617813e-08
6557.96,6.470997596962815e-08
6557.97,6.588685999363285e-08
6557.98,6.636102826054633e-08
6557.99,6.631522168687724e-08
6558.0,6.60408909256678e-08
6558.01,6.584986679258735e-08
6558.02,6.599062774767275e-08
6558.03,6.662537846170991e-08
6558.04,6.785133709130869e-08
6558.05,6.973113913299174e-08
6558.06,7.231024497640427e-08
6558.07,7.544144896484551e-08
6558.08,7.961510772119161e-08
6558.09,8.472493635462828e-08
6558.1,9.090649755537993e-08
6558.11,9.833427784257129e-08
6558.12,1.0702244463353002e-07
6558.13,1.1767262047776058e-07
6558.14,1.3041733756502627e-07
6558.15,1.4566375613229298e-07
6558.16,1.6387384683302855e-07
6558.17,1.85521993735309e-07
6558.18,2.1098990118590552e-07
6558.19,2.4038229354323404e-07
6558.2,2.7318993120043736e-07
6558.21,3.078398484127089e-07
6558.22,3.413281047637777e-07
6558.23,3.6925383220497623e-07
6558.24,3.8677884578972097e-07
6558.25,3.9051049295811995e-07
6558.26,3.8018339391662425e-07
6558.27,3.588351463903844e-07
6558.28,3.3130937479419066e-07
6558.29,3.023320022201398e-07
6558.3,2.753563711558326e-07
6558.31,2.5234304268233466e-07
6558.32,2.3416852514114233e-07
6558.33,2.2103236318633588e-07
6558.34,2.1280099051611646e-07
6558.35,2.0917913909167294e-07
6558.36,2.0964809393840315e-07
6558.37,2.1371082050612364e-07
6558.38,2.2021592568416316e-07
6558.39,2.276097866704255e-07
6558.4,2.336127482409985e-07
6558.41,2.3616705717823074e-07
6558.42,2.3391135149085502e-07
6558.43,2.2686343246060182e-07
6558.44,2.1633054967879856e-07
6558.45,2.0421253219146709e-07
6558.46,1.9226978486665306e-07
6558.47,1.817405815083105e-07
6558.48,1.7336711258602483e-07
6558.49,1.6753175294237812e-07
6558.5,1.6442600827404e-07
6558.51,1.6417076184626853e-07
6558.52,1.66892095246194e-07
6558.53,1.7276599503958834e-07
6558.54,1.8204173530846256e-07
6558.55,1.95036779981163e-07
6558.56,2.1213128184994954e-07
6558.57,2.3358849502725205e-07
6558.58,2.5949912057146486e-07
6558.59,2.893793614799042e-07
6558.6,3.21732528232355e-07
6558.61,3.5365473852405217e-07
6558.62,3.806972124875169e-07
6558.63,3.9771155645454727e-07
6558.64,4.0068313675922867e-07
6558.65,3.885487062538093e-07
6558.66,3.6378085181450144e-07
6558.67,3.3109770875543067e-07
6558.68,2.954380315510761e-07
6558.69,2.6055504731480745e-07
6558.7,2.2860330787796635e-07
6558.71,2.0049664319819308e-07
6558.72,1.7634359289039157e-07
6558.73,1.558373804328006e-07
6558.74,1.3853081031475534e-07
6558.75,1.2395067389187585e-07
6558.76,1.1166032126308137e-07
6558.77,1.0128014654526864e-07
6558.78,9.249025735722071e-08
6558.79,8.502535144290311e-08
6558.8,7.8667466576307e-08
6558.81,7.32381046232593e-08
6558.82,6.859097557903318e-08
6558.83,6.460559321982432e-08
6558.84,6.11823904795953e-08
6558.85,5.8237600893590166e-08
6558.86,5.570035557349098e-08
6558.87,5.3510810870034876e-08
6558.88,5.162128042749305e-08
6558.89,4.999747657446889e-08
6558.9,4.861829954113148e-08
6558.91,4.747244111390834e-08
6558.92,4.6553444641423696e-08
6558.93,4.5856704677481095e-08
6558.94,4.537855806087451e-08
6558.95,4.5118331104120536e-08
6558.96,4.507938522271917e-08
6558.97,4.526865246277081e-08
6558.98,4.5699428771002345e-08
6558.99,4.638966175039946e-08
6559.0,4.7362972605853553e-08
6559.01,4.8649910389586776e-08
6559.02,5.0289689595934066e-08
6559.03,5.233255701984132e-08
6559.04,5.484236505998868e-08
6559.05,5.78994409154864e-08
6559.06,6.160336736956908e-08
6559.07,6.607572141545871e-08
6559.08,7.146178741733426e-08
6559.09,7.792854998730782e-08
6559.1,8.564392967160214e-08
6559.11,9.479689816939113e-08
6559.12,1.0541188105476937e-07
6559.13,1.1736572995207865e-07
6559.14,1.301662588354479e-07
6559.15,1.4280011524032599e-07
6559.16,1.537459377733652e-07
6559.17,1.6130852260396318e-07
6559.18,1.6428755610142346e-07
6559.19,1.625989117563963e-07
6559.2,1.5734282064512956e-07
6559.21,1.5034265580023165e-07
6559.22,1.4310001043224805e-07
6559.23,1.3689726170348035e-07
6559.24,1.3239124896989477e-07
6559.25,1.298613874722629e-07
6559.26,1.2936492729129677e-07
6559.27,1.3060196665534513e-07
6559.28,1.3403914503562758e-07
6559.29,1.393418079625898e-07
6559.3,1.4646711914053433e-07
6559.31,1.554642526112293e-07
6559.32,1.665568356951851e-07
6559.33,1.8016309809573307e-07
6559.34,1.9678028208047182e-07
6559.35,2.1674039629110934e-07
6559.36,2.398716030318826e-07
6559.37,2.6508822710670744e-07
6559.38,2.900764332565919e-07
6559.39,3.111931855379437e-07
6559.4,3.241998565280141e-07
6559.41,3.2577712191289165e-07
6559.42,3.1511156478081385e-07
6559.43,2.9412895038485895e-07
6559.44,2.671506972340538e-07
6559.45,2.3803928367478117e-07
6559.46,2.0982386729350367e-07
6559.47,1.8420515571140225e-07
6559.48,1.6186937721757854e-07
6559.49,1.428566198162945e-07
6559.5,1.2688777019379275e-07
6559.51,1.1363093427270843e-07
6559.52,1.0255300242741118e-07
6559.53,9.334900711821659e-08
6559.54,8.570417269504773e-08
6559.55,7.935816598404199e-08
6559.56,7.409943715326987e-08
6559.57,6.975738654839578e-08
6559.58,6.619430107399662e-08
6559.59,6.329787319586054e-08
6559.6,6.097469077959281e-08
6559.61,5.915857715519722e-08
6559.62,5.775697667589531e-08
6559.63,5.6728042003812545e-08
6559.64,5.603239869918235e-08
6559.65,5.5649120179493716e-08
6559.66,5.557634967706999e-08
6559.67,5.582740734253721e-08
6559.68,5.642500231335446e-08
6559.69,5.739648566985869e-08
6559.7,5.877253502402353e-08
6559.71,6.058943449300646e-08
6559.72,6.289296440850121e-08
6559.73,6.574287854638044e-08
6559.74,6.921665330453405e-08
6559.75,7.341272799819598e-08
6559.76,7.845409070014947e-08
6559.77,8.449379295027766e-08
6559.78,9.17208243427124e-08
6559.79,1.003680368591447e-07
6559.8,1.1071942920782501e-07
6559.81,1.2311143741213923e-07
6559.82,1.3793037733790265e-07
6559.83,1.5558491971491026e-07
6559.84,1.764457460204302e-07
6559.85,2.0072746054488202e-07
6559.86,2.2832843985321974e-07
6559.87,2.5862322559539663e-07
6559.88,2.9037241306529903e-07
6559.89,3.218143907287536e-07
6559.9,3.508727377870977e-07
6559.91,3.752609968731541e-07
6559.92,3.9226319585338325e-07
6559.93,3.989261213818216e-07
6559.94,3.930640065276802e-07
6559.95,3.746579599607152e-07
6559.96,3.4632393880951223e-07
6559.97,3.1231344338381585e-07
6559.98,2.7689388153140283e-07
6559.99,2.4316182804880707e-07
6560.0,2.128270909616401e-07
6560.01,1.8650407761943316e-07
6560.02,1.6412966716375213e-07
6560.03,1.4530813426358294e-07
6560.04,1.2952741390308912e-07
6560.05,1.1627036888866743e-07
6560.06,1.0508171412163463e-07
6560.07,9.558214616575638e-08
6560.08,8.745382684732545e-08
6560.09,8.047614846884855e-08
6560.1,7.447467726837501e-08
6560.11,6.931404311359058e-08
6560.12,6.488428947377892e-08
6560.13,6.101950614937636e-08
6560.14,5.777955473754977e-08
6560.15,5.5015570656036735e-08
6560.16,5.2658082766507617e-08
6560.17,5.0645222679782823e-08
6560.18,4.892231472894134e-08
6560.19,4.744081740594865e-08
6560.2,4.615859800691683e-08
6560.21,4.504375097459767e-08
6560.22,4.407912145282365e-08
6560.23,4.3263721835431994e-08
6560.24,4.260877542962364e-08
6560.25,4.213108799697963e-08
6560.26,4.184722800612903e-08
6560.27,4.177123874606935e-08
6560.28,4.19146751663183e-08
6560.29,4.228823289992612e-08
6560.3,4.290366199791657e-08
6560.31,4.377728962348238e-08
6560.32,4.492428987249773e-08
6560.33,4.637085007682905e-08
6560.34,4.814856705914108e-08
6560.35,5.029809262555756e-08
6560.36,5.287135152922891e-08
6560.37,5.593398369517886e-08
6560.38,5.956822956143277e-08
6560.39,6.387639897511522e-08
6560.4,6.898570296976103e-08
6560.41,7.505410098055239e-08
6560.42,8.227746516732834e-08
6560.43,9.089762287553439e-08
6560.44,1.012101325946999e-07
6560.45,1.1340708518524181e-07
6560.46,1.2822199656619878e-07
6560.47,1.459320704189662e-07
6560.48,1.669438904766909e-07
6560.49,1.9156227785008002e-07
6560.5,2.194749720170374e-07
6560.51,2.497619021232878e-07
6560.52,2.80306716017971e-07
6560.53,3.07658487140943e-07
6560.54,3.275829216779134e-07
6560.55,3.363797327506e-07
6560.56,3.324070253225974e-07
6560.57,3.1678628554775825e-07
6560.58,2.928133232646897e-07
6560.59,2.646331122626138e-07
6560.6,2.357478934110023e-07
6560.61,2.086078689590448e-07
6560.62,1.843948463759446e-07
6560.63,1.6333841889498572e-07
6560.64,1.451452926647007e-07
6560.65,1.2934758685574972e-07
6560.66,1.1553902435655e-07
6560.67,1.0345381214567001e-07
6560.68,9.293000673356936e-08
6560.69,8.38409282108381e-08
6560.7,7.605169901654699e-08
6560.71,6.941447159565607e-08
6560.72,6.377904117196552e-08
6560.73,5.8834599500620346e-08
6560.74,5.479467941116507e-08
6560.75,5.138210623699219e-08
6560.76,4.850733462011452e-08
6560.77,4.609562790955965e-08
6560.78,4.4083380431239165e-08
6560.79,4.2414039721129005e-08
6560.8,4.1034169322129985e-08
6560.81,3.9890699136382015e-08
6560.82,3.893095510008446e-08
6560.83,3.8106095767608035e-08
6560.84,3.7378014867194935e-08
6560.85,3.6725118166282796e-08
6560.86,3.614409508286426e-08
6560.87,3.563940290638709e-08
6560.88,3.525015904772105e-08
6560.89,3.4979883545986465e-08
6560.9,3.485223045328791e-08
6560.91,3.4879636374747296e-08
6560.92,3.5068650011514283e-08
6560.93,3.542132172596526e-08
6560.94,3.5938734329055865e-08
6560.95,3.662509939259775e-08
6560.96,3.742801120353931e-08
6560.97,3.849353675579367e-08
6560.98,3.978419585981089e-08
6560.99,4.133180630971078e-08
6561.0,4.317428639121364e-08
6561.01,4.5351787693720304e-08
6561.02,4.7916115461295656e-08
6561.03,5.092883679675099e-08
6561.04,5.4465860626265874e-08
6561.05,5.8621240476807985e-08
6561.06,6.35115670575202e-08
6561.07,6.928140388666229e-08
6561.08,7.610957024572063e-08
6561.09,8.421614225545246e-08
6561.1,9.386907079075382e-08
6561.11,1.0538813607075859e-07
6561.12,1.191414292873363e-07
6561.13,1.3552518497048387e-07
6561.14,1.5491089929785163e-07
6561.15,1.775341825827458e-07
6561.16,2.0331960418314966e-07
6561.17,2.315950586248391e-07
6561.18,2.6084474167498085e-07
6561.19,2.886009503560768e-07
6561.2,3.115663441542853e-07
6561.21,3.26189540550966e-07
6561.22,3.2962778545106345e-07
6561.23,3.209001410643995e-07
6561.24,3.015271553150955e-07
6561.25,2.7498698409728567e-07
6561.26,2.4533192272078403e-07
6561.27,2.1590932959759859e-07
6561.28,1.887911999110306e-07
6561.29,1.6494364004543992e-07
6561.3,1.4455201176386942e-07
6561.31,1.2741478978762982e-07
6561.32,1.1313766911323316e-07
6561.33,1.0129707018908166e-07
6561.34,9.149856590871091e-08
6561.35,8.339992754044026e-08
6561.36,7.671459113912472e-08
6561.37,7.120661291061792e-08
6561.38,6.668559438355505e-08
6561.39,6.29904655762091e-08
6561.4,5.999996266072578e-08
6561.41,5.7618916081416973e-08
6561.42,5.577580750046972e-08
6561.43,5.441603821153844e-08
6561.44,5.3496613836946993e-08
6561.45,5.2984833582961946e-08
6561.46,5.2861724172743706e-08
6561.47,5.3125931749359656e-08
6561.48,5.379540243561975e-08
6561.49,5.490676824143267e-08
6561.5,5.6515050257298715e-08
6561.51,5.869548679064819e-08
6561.52,6.154024464702529e-08
6561.53,6.516718117645838e-08
6561.54,6.97193905465778e-08
6561.55,7.537257834441864e-08
6561.56,8.233222769416887e-08
6561.57,9.084965591659904e-08
6561.58,1.0120239631954367e-07
6561.59,1.1366865988544056e-07
6561.6,1.284619409586905e-07
6561.61,1.454651591879592e-07
6561.62,1.6456852131520339e-07
6561.63,1.8457940812946245e-07
6561.64,2.035255563763349e-07
6561.65,2.1865648161193064e-07
6561.66,2.2721728170524548e-07
6561.67,2.2749722525889608e-07
6561.68,2.1993564994734038e-07
6561.69,2.067719772400464e-07
6561.7,1.9099462175325113e-07
6561.71,1.7523208060923617e-07
6561.72,1.61215649626911e-07
6561.73,1.4973614002413977e-07
6561.74,1.4085695020499704e-07
6561.75,1.3406679004117304e-07
6561.76,1.2843678907996664e-07
6561.77,1.2288693292185195e-07
6561.78,1.1651031716146603e-07
6561.79,1.0893899479825722e-07
6561.8,1.004173412558898e-07
6561.81,9.156120514117485e-08
6561.82,8.301527222162104e-08
6561.83,7.522902295621107e-08
6561.84,6.842170505245019e-08
6561.85,6.263906159550186e-08
6561.86,5.7822420166921065e-08
6561.87,5.386875215655672e-08
6561.88,5.066813336499312e-08
6561.89,4.81242634502694e-08
6561.9,4.616201273777671e-08
6561.91,4.472250194164385e-08
6561.92,4.374867867493482e-08
6561.93,4.3163698754140205e-08
6561.94,4.285069019805123e-08
6561.95,4.264435803853456e-08
6561.96,4.2347156198040365e-08
6561.97,4.178933643309429e-08
6561.98,4.089754148280937e-08
6561.99,3.972358299826447e-08
6562.0,3.8405693520981436e-08
6562.01,3.710119782601142e-08
6562.02,3.576800271031776e-08
6562.03,3.476476319339579e-08
6562.04,3.396274030279405e-08
6562.05,3.3364531990822634e-08
6562.06,3.29650431858413e-08
6562.07,3.2757065082482266e-08
6562.08,3.2730363132930217e-08
6562.09,3.2871560221376835e-08
6562.1,3.3167200446287584e-08
6562.11,3.3608820949245706e-08
6562.12,3.4196652498951984e-08
6562.13,3.493901060666358e-08
6562.14,3.584857915630206e-08
6562.15,3.6938924713461416e-08
6562.16,3.82255725861341e-08
6562.17,3.972993386259984e-08
6562.18,4.1482736209403244e-08
6562.19,4.352498177675633e-08
6562.2,4.590163424766035e-08
6562.21,4.8665890682334304e-08
6562.22,5.187613441591344e-08
6562.23,5.5597707518718585e-08
6562.24,5.989719105187577e-08
6562.25,6.482749685984522e-08
6562.26,7.040163303844847e-08
6562.27,7.655065738172393e-08
6562.28,8.307766310519685e-08
6562.29,8.960074082880795e-08
6562.3,9.556904428691607e-08
6562.31,1.0039692905350872e-07
6562.32,1.0372496647845653e-07
6562.33,1.0563542437811333e-07
6562.34,1.0664022605440248e-07
6562.35,1.0744792426752362e-07
6562.36,1.0870484767627928e-07
6562.37,1.1087836241893345e-07
6562.38,1.142644563850127e-07
6562.39,1.1907411562511736e-07
6562.4,1.2550920835620737e-07
6562.41,1.3381336107335008e-07
6562.42,1.4426681632853644e-07
6562.43,1.5711912499432689e-07
6562.44,1.724298899365822e-07
6562.45,1.8980924216293e-07
6562.46,2.0812962101387705e-07
6562.47,2.252579543598281e-07
6562.48,2.3818653170317166e-07
6562.49,2.440352666170878e-07
6562.5,2.410516786049653e-07
6562.51,2.296920327157138e-07
6562.52,2.123298679890467e-07
6562.53,1.92080304760732e-07
6562.54,1.716512864615359e-07
6562.55,1.5278749179750819e-07
6562.56,1.3635819273875868e-07
6562.57,1.226090645168869e-07
6562.58,1.1145162332829133e-07
6562.59,1.0265943067623343e-07
6562.6,9.597996998554758e-08
6562.61,9.119012386336407e-08
6562.62,8.811366856805836e-08
6562.63,8.665616891504705e-08
6562.64,8.676290989558975e-08
6562.65,8.846371229025869e-08
6562.66,9.183643517735896e-08
6562.67,9.701864803248747e-08
6562.68,1.0418556249332356e-07
6562.69,1.1351145476156908e-07
6562.7,1.2511425360226267e-07
6562.71,1.3880262835257135e-07
6562.72,1.5402576775905106e-07
6562.73,1.6955382896663969e-07
6562.74,1.834013252229597e-07
6562.75,1.930750044698341e-07
6562.76,1.968719986999467e-07
6562.77,1.9406806601566414e-07
6562.78,1.8559466584761623e-07
6562.79,1.732616234283811e-07
6562.8,1.5884488072358592e-07
6562.81,1.4362721468621564e-07
6562.82,1.2844380856840048e-07
6562.83,1.1392308549374903e-07
6562.84,1.0055071402205771e-07
6562.85,8.861800076591916e-08
6562.86,7.823794708249772e-08
6562.87,6.935590261161195e-08
6562.88,6.182684399026214e-08
6562.89,5.5468451100975564e-08
6562.9,5.009867388178277e-08
6562.91,4.5553729381944555e-08
6562.92,4.169391014333097e-08
6562.93,3.840344284428247e-08
6562.94,3.558778499491195e-08
6562.95,3.3170306627037246e-08
6562.96,3.109024305183755e-08
6562.97,2.9295186899078114e-08
6562.98,2.774602219731197e-08
6562.99,2.645231734260909e-08
6563.0,2.5304669821461493e-08
6563.01,2.4324411072365564e-08
6563.02,2.3495784426034366e-08
6563.03,2.280692171607873e-08
6563.04,2.2249214623754177e-08
6563.05,2.1816907711985667e-08
6563.06,2.150796439506193e-08
6563.07,2.132193146788125e-08
6563.08,2.126154437288362e-08
6563.09,2.1332228796832337e-08
6563.1,2.154158940778412e-08
6563.11,2.1898539177158554e-08
6563.12,2.241184577384389e-08
6563.13,2.308894443855339e-08
6563.14,2.3934183899934582e-08
6563.15,2.4950170236571435e-08
6563.16,2.6141806559497142e-08
6563.17,2.7524784919255695e-08
6563.18,2.9093399497574234e-08
6563.19,3.0975898819803405e-08
6563.2,3.3177300289594506e-08
6563.21,3.569811688499091e-08
6563.22,3.844707754466067e-08
6563.23,4.119298759750659e-08
6563.24,4.3567137686605175e-08
6563.25,4.514944627822085e-08
6563.26,4.562679889659726e-08
6563.27,4.492345454611937e-08
6563.28,4.3207427512774e-08
6563.29,4.0658792432866043e-08
6563.3,3.78581117875542e-08
6563.31,3.4974349737851454e-08
6563.32,3.22336536600014e-08
6563.33,2.9778706392529494e-08
6563.34,2.767546749992444e-08
6563.35,2.5932852640600288e-08
6563.36,2.452820329948054e-08
6563.37,2.3424995266045215e-08
6563.38,2.258468730800233e-08
6563.39,2.197246869249215e-08
6563.4,2.1559383703697805e-08
6563.41,2.132257738384459e-08
6563.42,2.1244768414620158e-08
6563.43,2.131347931431852e-08
6563.44,2.1520614142002113e-08
6563.45,2.1861807767428737e-08
6563.46,2.2336508042947057e-08
6563.47,2.2948201494600695e-08
6563.48,2.3704108844383577e-08
6563.49,2.4615320585124214e-08
6563.5,2.5696886901677907e-08
6563.51,2.6968303386609843e-08
6563.52,2.8454309958919217e-08
6563.53,3.018276137760908e-08
6563.54,3.219874102011427e-08
6563.55,3.454677230172415e-08
6563.56,3.728523344774093e-08
6563.57,4.0484454636566673e-08
6563.58,4.4226881357807464e-08
6563.59,4.8604787398558237e-08
6563.6,5.371270468286107e-08
6563.61,5.963169302372928e-08
6563.62,6.640766599261665e-08
6563.63,7.402390796255423e-08
6563.64,8.240535627836028e-08
6563.65,9.148657236666951e-08
6563.66,1.0130215516782754e-07
6563.67,1.1212554140980444e-07
6563.68,1.244080548569538e-07
6563.69,1.386035961572271e-07
6563.7,1.5490750697887562e-07
6563.71,1.730019960360604e-07
6563.72,1.9176408370590877e-07
6563.73,2.0930376547289026e-07
6563.74,2.232560594493281e-07
6563.75,2.3168198353846333e-07
6563.76,2.3406944796709734e-07
6563.77,2.316589152105744e-07
6563.78,2.2674016928225653e-07
6563.79,2.2143851723981038e-07
6563.8,2.1679876666746814e-07
6563.81,2.1243853940587215e-07
6563.82,2.0693228276374685e-07
6563.83,1.986304967353938e-07
6563.84,1.8661983617774753e-07
6563.85,1.713682682944132e-07
6563.86,1.5424217994497052e-07
6563.87,1.3678959686171564e-07
6563.88,1.2048986934140692e-07
6563.89,1.0595765738884891e-07
6563.9,9.344754042565743e-08
6563.91,8.291904725178945e-08
6563.92,7.419386627875739e-08
6563.93,6.704596613403231e-08
6563.94,6.127099631320289e-08
6563.95,5.667078423227967e-08
6563.96,5.3070841584338594e-08
6563.97,5.0295590895658155e-08
6563.98,4.8142645428247926e-08
6563.99,4.6358835897861636e-08
6564.0,4.464870417900113e-08
6564.01,4.274080036730482e-08
6564.02,4.048825017005991e-08
6564.03,3.791892376914164e-08
6564.04,3.5194011296442365e-08
6564.05,3.250843769398146e-08
6564.06,3.0013234678615475e-08
6564.07,2.7788885081050337e-08
6564.08,2.5858666546475786e-08
6564.09,2.421160906910652e-08
6564.1,2.2823622838673316e-08
6564.11,2.166163183158341e-08
6564.12,2.0689842606133953e-08
6564.13,1.9873251020961606e-08
6564.14,1.9175563924814943e-08
6564.15,1.856254467194268e-08
6564.16,1.8007109496170743e-08
6564.17,1.7494973800788575e-08
6564.18,1.702697410082372e-08
6564.19,1.6616032206807582e-08
6564.2,1.628076621700221e-08
6564.21,1.6071707227107767e-08
6564.22,1.5942000537551154e-08
6564.23,1.593776525624999e-08
6564.24,1.607274615719669e-08
6564.25,1.636004504457946e-08
6564.26,1.6809532525721325e-08
6564.27,1.742064369159447e-08
6564.28,1.8168582477402663e-08
6564.29,1.898771426779842e-08
6564.3,1.9755568619738518e-08
6564.31,2.0304957619929986e-08
6564.32,2.0477238361824733e-08
6564.33,2.0199757361820338e-08
6564.34,1.9528377716192247e-08
6564.35,1.8613992512786118e-08
6564.36,1.762554973110998e-08
6564.37,1.669146481303018e-08
6564.38,1.5883772490570866e-08
6564.39,1.5231221608452258e-08
6564.4,1.4733018255776492e-08
6564.41,1.4379646563115777e-08
6564.42,1.4155073101884328e-08
6564.43,1.4049980736540062e-08
6564.44,1.4053630175710999e-08
6564.45,1.41361243470364e-08
6564.46,1.4359791184627962e-08
6564.47,1.4687424886410307e-08
6564.48,1.513674775134396e-08
6564.49,1.5722149813850026e-08
6564.5,1.646177115045958e-08
6564.51,1.737782320268968e-08
6564.52,1.8493880826511666e-08
6564.53,1.9828915489778698e-08
6564.54,2.138520285017408e-08
6564.55,2.3026438153313818e-08
6564.56,2.4868713462330144e-08
6564.57,2.664509792270484e-08
6564.58,2.8146092677077208e-08
6564.59,2.918719606720326e-08
6564.6,2.969314810288475e-08
6564.61,2.9730121125376488e-08
6564.62,2.9460531462252353e-08
6564.63,2.906625727985508e-08
6564.64,2.8696579442346063e-08
6564.65,2.8456515782268807e-08
6564.66,2.841736903124053e-08
6564.67,2.8628269389512187e-08
6564.68,2.912135361248532e-08
6564.69,2.992013004146327e-08
6564.7,3.103690868018837e-08
6564.71,3.247936303417657e-08
6564.72,3.42703721201842e-08
6564.73,3.639001143448768e-08
6564.74,3.8878312773862846e-08
6564.75,4.177917568316327e-08
6564.76,4.515770308498683e-08
6564.77,4.909260171029703e-08
6564.78,5.366476073475272e-08
6564.79,5.8952554492287795e-08
6564.8,6.504821801149467e-08
6564.81,7.20854194728264e-08
6564.82,8.023381863954699e-08
6564.83,8.961740624132833e-08
6564.84,1.0015156656873243e-07
6564.85,1.1137891692087048e-07
6564.86,1.223471815926662e-07
6564.87,1.3174033480896748e-07
6564.88,1.3833156851948223e-07
6564.89,1.4161682122887275e-07
6564.9,1.4217814644880654e-07
6564.91,1.4144595201736682e-07
6564.92,1.410700931348078e-07
6564.93,1.4235124702030997e-07
6564.94,1.4593396107397592e-07
6564.95,1.5171066195588358e-07
6564.96,1.5868961913556801e-07
6564.97,1.6532019590892246e-07
6564.98,1.693408821678804e-07
6564.99,1.6880356607397485e-07
6565.0,1.6285137132817053e-07
6565.01,1.5211660340052466e-07
6565.02,1.3829570192321092e-07
6565.03,1.2339215458595606e-07
6565.04,1.089345984704793e-07
6565.05,9.583044436588114e-08
6565.06,8.44640270103512e-08
6565.07,7.486003949664867e-08
6565.08,6.684479167458073e-08
6565.09,6.01536065330583e-08
6565.1,5.450649602807366e-08
6565.11,4.966179571792895e-08
6565.12,4.5443297530697214e-08
6565.13,4.173867116397672e-08
6565.14,3.8478437414153496e-08
6565.15,3.5614882779104684e-08
6565.16,3.310039219688182e-08
6565.17,3.087377381292781e-08
6565.18,2.8862721632352283e-08
6565.19,2.700086605712503e-08
6565.2,2.52431240549742e-08
6565.21,2.357148154424484e-08
6565.22,2.1992025037648455e-08
6565.23,2.052560259181842e-08
6565.24,1.919004506630348e-08
6565.25,1.801528803212185e-08
6565.26,1.6978093932612525e-08
6565.27,1.6078155502825343e-08
6565.28,1.530120377972055e-08
6565.29,1.4633786182183661e-08
6565.3,1.4062771106917834e-08
6565.31,1.3578772950927926e-08
6565.32,1.3171889915196097e-08
6565.33,1.2837372406367253e-08
6565.34,1.2571363512407687e-08
6565.35,1.2371498490450774e-08
6565.36,1.2236722861743332e-08
6565.37,1.2167132262063487e-08
6565.38,1.2163857674330853e-08
6565.39,1.2228386152629722e-08
6565.4,1.2364062986843475e-08
6565.41,1.2572803995312687e-08
6565.42,1.2856057503257971e-08
6565.43,1.3236646211486171e-08
6565.44,1.3661478861043864e-08
6565.45,1.4140931194562032e-08
6565.46,1.4651943389437638e-08
6565.47,1.5155060803819604e-08
6565.48,1.5602083535433716e-08
6565.49,1.593786543798008e-08
6565.5,1.6111971207936563e-08
6565.51,1.6097157500389113e-08
6565.52,1.589248382432285e-08
6565.53,1.552719252513354e-08
6565.54,1.5052097492415903e-08
6565.55,1.4506022326793865e-08
6565.56,1.3971611406354624e-08
6565.57,1.3470284392918732e-08
6565.58,1.3026654225144647e-08
6565.59,1.265406300521469e-08
6565.6,1.2357596569846033e-08
6565.61,1.213702265014711e-08
6565.62,1.1989251196525093e-08
6565.63,1.1910443192799975e-08
6565.64,1.1897687310971244e-08
6565.65,1.194948691206683e-08
6565.66,1.2068229361384269e-08
6565.67,1.2256502572946921e-08
6565.68,1.2518899455517215e-08
6565.69,1.286128424370917e-08
6565.7,1.3291004684808257e-08
6565.71,1.3828664674769236e-08
6565.72,1.4463333718650265e-08
6565.73,1.5221166697219574e-08
6565.74,1.612100870552447e-08
6565.75,1.718664132699876e-08
6565.76,1.84480301296026e-08
6565.77,1.9942218557003652e-08
6565.78,2.1717669678600452e-08
6565.79,2.3834340708012255e-08
6565.8,2.6277151362195576e-08
6565.81,2.9305761247979815e-08
6565.82,3.293922191833263e-08
6565.83,3.729278365009635e-08
6565.84,4.2478886537261646e-08
6565.85,4.8574703487939316e-08
6565.86,5.556258480411849e-08
6565.87,6.322755385262868e-08
6565.88,7.105039912195422e-08
6565.89,7.812913729596135e-08
6565.9,8.329428796591852e-08
6565.91,8.54833066691883e-08
6565.92,8.423577235053686e-08
6565.93,7.99475233999887e-08
6565.94,7.365632979766985e-08
6565.95,6.655075646850075e-08
6565.96,5.95757110443739e-08
6565.97,5.329204145702066e-08
6565.98,4.794924628720268e-08
6565.99,4.359163325380031e-08
6566.0,4.016477388492601e-08
6566.01,3.757485876155818e-08
6566.02,3.573561393864303e-08
6566.03,3.446564334016303e-08
6566.04,3.385395721924581e-08
6566.05,3.3768482324697107e-08
6566.06,3.4160688141943304e-08
6566.07,3.499492562511339e-08
6566.08,3.6255001118536384e-08
6566.09,3.795685902174423e-08
6566.1,4.0159278861283216e-08
6566.11,4.297010743317097e-08
6566.12,4.653283084057877e-08
6566.13,5.101626871668188e-08
6566.14,5.659613288613446e-08
6566.15,6.342950539775247e-08
6566.16,7.16051232476024e-08
6566.17,8.10524620796733e-08
6566.18,9.139728973969186e-08
6566.19,1.0182127056636184e-07
6566.2,1.1098189361950619e-07
6566.21,1.1724743029290793e-07
6566.22,1.192696854337172e-07
6566.23,1.1661949655135808e-07
6566.24,1.0999638270227133e-07
6566.25,1.0081619453917159e-07
6566.26,9.055799721525791e-08
6566.27,8.033488946587142e-08
6566.28,7.079201471808642e-08
6566.29,6.222971470793755e-08
6566.3,5.4726686401003705e-08
6566.31,4.824532351273061e-08
6566.32,4.2698111495611275e-08
6566.33,3.797407530683687e-08
6566.34,3.396133504855716e-08
6566.35,3.055520317526865e-08
6566.36,2.766259265931173e-08
6566.37,2.520352335538359e-08
6566.38,2.311094800865365e-08
6566.39,2.1329624971294006e-08
6566.4,1.9814571429726778e-08
6566.41,1.852946677296077e-08
6566.42,1.744381102266776e-08
6566.43,1.6537001543043137e-08
6566.44,1.5788656279529693e-08
6566.45,1.518266930220219e-08
6566.46,1.4693618337846109e-08
6566.47,1.4322517396997312e-08
6566.48,1.4035599451389038e-08
6566.49,1.3800685550946305e-08
6566.5,1.3577789454933776e-08
6566.51,1.3326228794141137e-08
6566.52,1.3016399598391012e-08
6566.53,1.2638780892685807e-08
6566.54,1.2208702619644818e-08
6566.55,1.1760811169388548e-08
6566.56,1.132358667704083e-08
6566.57,1.0921727795596862e-08
6566.58,1.0570454369355882e-08
6566.59,1.027697135668152e-08
6566.6,1.0043042423072054e-08
6566.61,9.867563371591932e-09
6566.62,9.74971344912876e-09
6566.63,9.702177076497018e-09
6566.64,9.687883458154883e-09
6566.65,9.727559933428392e-09
6566.66,9.819683281975004e-09
6566.67,9.96590924701161e-09
6566.68,1.0177205175773941e-08
6566.69,1.0441799634457875e-08
6566.7,1.0773364718789648e-08
6566.71,1.1179016379862113e-08
6566.72,1.1667227880570552e-08
6566.73,1.2247029801423487e-08
6566.74,1.292950006914587e-08
6566.75,1.3723753177464629e-08
6566.76,1.4635879030224912e-08
6566.77,1.5678758643595912e-08
6566.78,1.6859911033354895e-08
6566.79,1.8209159050092836e-08
6566.8,1.9739828299188893e-08
6566.81,2.1520195957146922e-08
6566.82,2.3628650110082933e-08
6566.83,2.6158731888745786e-08
6566.84,2.9203152698603148e-08
6566.85,3.28698045747168e-08
6566.86,3.72161577979262e-08
6566.87,4.223212490369426e-08
6566.88,4.7776947707582444e-08
6566.89,5.3482534690159825e-08
6566.9,5.871014933342742e-08
6566.91,6.264396502193778e-08
6566.92,6.455912242537324e-08
6566.93,6.417281904637804e-08
6566.94,6.180450070112458e-08
6566.95,5.8186168833497966e-08
6566.96,5.410089377646241e-08
6566.97,5.011301495114975e-08
6566.98,4.6486548133067545e-08
6566.99,4.325715501416649e-08
6567.0,4.0330336022156005e-08
6567.01,3.7582389980767347e-08
6567.02,3.4926200611590943e-08
6567.03,3.233657460595676e-08
6567.04,2.977320908899227e-08
6567.05,2.7424199278962786e-08
6567.06,2.5273188852902457e-08
6567.07,2.3356073717958375e-08
6567.08,2.168928358830035e-08
6567.09,2.0273008048635962e-08
6567.1,1.9048088206478165e-08
6567.11,1.8097431950970777e-08
6567.12,1.735611313174773e-08
6567.13,1.6809833115288046e-08
6567.14,1.6445307597589925e-08
6567.15,1.6246889682384838e-08
6567.16,1.61915476551137e-08
6567.17,1.6238277167881704e-08
6567.18,1.6344210426579717e-08
6567.19,1.6447322126973516e-08
6567.2,1.650459728804381e-08
6567.21,1.6509113613715686e-08
6567.22,1.6494545510338615e-08
6567.23,1.6518812652839947e-08
6567.24,1.6641529860600903e-08
6567.25,1.691076670995133e-08
6567.26,1.7361648668842074e-08
6567.27,1.8022130477701726e-08
6567.28,1.8919127201737483e-08
6567.29,2.008396933246786e-08
6567.3,2.1556459751381406e-08
6567.31,2.3388089986220322e-08
6567.32,2.56447222304325e-08
6567.33,2.8408673471793942e-08
6567.34,3.177913099577397e-08
6567.35,3.586900160929758e-08
6567.36,4.079289933014455e-08
6567.37,4.6639349200467175e-08
6567.38,5.341513913205028e-08
6567.39,6.094945870068551e-08
6567.4,6.878245685722814e-08
6567.41,7.60643990256271e-08
6567.42,8.162341553371425e-08
6567.43,8.430201863312823e-08
6567.44,8.348969832066189e-08
6567.45,7.943795940779036e-08
6567.46,7.313149880109953e-08
6567.47,6.579513020000229e-08
6567.48,5.844129172025757e-08
6567.49,5.168957886593711e-08
6567.5,4.5798181122688764e-08
6567.51,4.0795789149365134e-08
6567.52,3.658918669592064e-08
6567.53,3.304969154171662e-08
6567.54,3.006215096294042e-08
6567.55,2.7555162688789027e-08
6567.56,2.5450650639822756e-08
6567.57,2.3722919743670116e-08
6567.58,2.2341632555794093e-08
6567.59,2.127974825785944e-08
6567.6,2.0512603717826448e-08
6567.61,2.001849184187829e-08
6567.62,1.9778688978051733e-08
6567.63,1.977650540397044e-08
6567.64,1.999589069965597e-08
6567.65,2.042225360940697e-08
6567.66,2.103363573430189e-08
6567.67,2.1816347186644285e-08
6567.68,2.275699283249295e-08
6567.69,2.384059021452919e-08
6567.7,2.5039173338993556e-08
6567.71,2.629721541208375e-08
6567.72,2.752347996503397e-08
6567.73,2.8597763833731777e-08
6567.74,2.9397398114933186e-08
6567.75,2.983811841263403e-08
6567.76,2.9910081607829305e-08
6567.77,2.9689113704901462e-08
6567.78,2.9317207456278223e-08
6567.79,2.8965112465545836e-08
6567.8,2.8798637426462953e-08
6567.81,2.897279660678214e-08
6567.82,2.957533269522311e-08
6567.83,3.0712103222282105e-08
6567.84,3.244136766508367e-08
6567.85,3.479091657111496e-08
6567.86,3.770739319122436e-08
6567.87,4.101755144445253e-08
6567.88,4.436258544368794e-08
6567.89,4.71863075137066e-08
6567.9,4.883608591068771e-08
6567.91,4.8800225847000035e-08
6567.92,4.6961331522679364e-08
6567.93,4.3661128342409665e-08
6567.94,3.951214252771382e-08
6567.95,3.512470208400139e-08
6567.96,3.093872042118006e-08
6567.97,2.7181750007340954e-08
6567.98,2.3933063125429407e-08
6567.99,2.1181049342187343e-08
6568.0,1.8873974000774558e-08
6568.01,1.694722816307764e-08
6568.02,1.5338140767600407e-08
6568.03,1.3991453153588831e-08
6568.04,1.2859787303106095e-08
6568.05,1.190709272346826e-08
6568.06,1.1101743283733698e-08
6568.07,1.0418650884744771e-08
6568.08,9.83869737390576e-09
6568.09,9.345057555606201e-09
6568.1,8.925874712677907e-09
6568.11,8.571129587237332e-09
6568.12,8.272143230144077e-09
6568.13,7.984566702943846e-09
6568.14,7.77873686539823e-09
6568.15,7.612485176410182e-09
6568.16,7.482485055566555e-09
6568.17,7.386176995747161e-09
6568.18,7.3216658159874205e-09
6568.19,7.287645461813834e-09
6568.2,7.283346787851163e-09
6568.21,7.3085051318569825e-09
6568.22,7.363345617734657e-09
6568.23,7.448599168247713e-09
6568.24,7.565464539946795e-09
6568.25,7.71572776429278e-09
6568.26,7.848953572960246e-09
6568.27,8.074124374495006e-09
6568.28,8.341914314146322e-09
6568.29,8.668228035407025e-09
6568.3,9.036478579814356e-09
6568.31,9.46476513235127e-09
6568.32,9.961526317350212e-09
6568.33,1.053688845895659e-08
6568.34,1.1202972528525633e-08
6568.35,1.1974171130012313e-08
6568.36,1.2868309186365224e-08
6568.37,1.3903024509185432e-08
6568.38,1.510106107752749e-08
6568.39,1.64856717241441e-08
6568.4,1.807947116789846e-08
6568.41,1.990046728241645e-08
6568.42,2.1955304454789904e-08
6568.43,2.422907460838416e-08
6568.44,2.6672248814264292e-08
6568.45,2.9188137149409565e-08
6568.46,3.162958311235767e-08
6568.47,3.381494712922343e-08
6568.48,3.557192600720272e-08
6568.49,3.680115943609961e-08
6568.5,3.752630699988617e-08
6568.51,3.789796792588194e-08
6568.52,3.814845458724993e-08
6568.53,3.853095954646153e-08
6568.54,3.9274782105274134e-08
6568.55,4.0577578175103844e-08
6568.56,4.259639944756451e-08
6568.57,4.544074315087694e-08
6568.58,4.9141564216036585e-08
6568.59,5.3589224026785236e-08
6568.6,5.846106046469772e-08
6568.61,6.31241098421452e-08
6568.62,6.669929815999684e-08
6568.63,6.828046713474215e-08
6568.64,6.732954852585893e-08
6568.65,6.396186336728211e-08
6568.66,5.887509568724612e-08
6568.67,5.298803205098859e-08
6568.68,4.708672951276828e-08
6568.69,4.167110446143048e-08
6568.7,3.697051492055148e-08
6568.71,3.304222034792979e-08
6568.72,2.984928053361923e-08
6568.73,2.731923311518142e-08
6568.74,2.537541180155097e-08
6568.75,2.395181063131155e-08
6568.76,2.2997709359544355e-08
6568.77,2.2484096217766442e-08
6568.78,2.23958367154533e-08
6568.79,2.2734393522077062e-08
6568.8,2.3512453778169636e-08
6568.81,2.474519857383307e-08
6568.82,2.6433436854285143e-08
6568.83,2.853297609303315e-08
6568.84,3.0914596532907476e-08
6568.85,3.331489883890502e-08
6568.86,3.533187032402432e-08
6568.87,3.6508816590625546e-08
6568.88,3.651561702095196e-08
6568.89,3.532064564793765e-08
6568.9,3.320550893076869e-08
6568.91,3.0606775998905996e-08
6568.92,2.7921697325339558e-08
6568.93,2.5403775184850645e-08
6568.94,2.3156341807244946e-08
6568.95,2.1187724420581093e-08
6568.96,1.9464566277648205e-08
6568.97,1.7953030546590114e-08
6568.98,1.6634601123126428e-08
6568.99,1.5503373201731252e-08
6569.0,1.4566208552496243e-08
6569.01,1.3800502264512212e-08
6569.02,1.3207271861874873e-08
6569.03,1.278958723976658e-08
6569.04,1.2512326195033212e-08
6569.05,1.2381024027054761e-08
6569.06,1.2391559636302864e-08
6569.07,1.2544056829656737e-08
6569.08,1.2840836736726889e-08
6569.09,1.328978201755311e-08
6569.1,1.3901833987203466e-08
6569.11,1.4690872373945215e-08
6569.12,1.5672254660271994e-08
6569.13,1.6858171164869672e-08
6569.14,1.8260068618448925e-08
6569.15,1.9841113902437417e-08
6569.16,2.1626170468940924e-08
6569.17,2.3514833019488265e-08
6569.18,2.53842945665508e-08
6569.19,2.7062379034197764e-08
6569.2,2.834620477256141e-08
6569.21,2.9058528083247848e-08
6569.22,2.909250219546891e-08
6569.23,2.8452900409375826e-08
6569.24,2.7243999108808365e-08
6569.25,2.5627163349575776e-08
6569.26,2.377183514396494e-08
6569.27,2.1830249076487136e-08
6569.28,1.9923655722826828e-08
6569.29,1.8138959815277836e-08
6569.3,1.652957875503871e-08
6569.31,1.511943250502546e-08
6569.32,1.3911466814596055e-08
6569.33,1.2895327079321248e-08
6569.34,1.20536024898839e-08
6569.35,1.136537319245679e-08
6569.36,1.0807440585564243e-08
6569.37,1.035412876196819e-08
6569.38,9.977253677804397e-09
6569.39,9.647395777320235e-09
6569.4,9.338267864203443e-09
6569.41,9.032419730654668e-09
6569.42,8.724964812576642e-09
6569.43,8.422333376133207e-09
6569.44,8.136846436390242e-09
6569.45,7.880777122526689e-09
6569.46,7.662157732997965e-09
6569.47,7.4452069181089395e-09
6569.48,7.313266274851924e-09
6569.49,7.223760965453248e-09
6569.5,7.175008128569052e-09
6569.51,7.165510271176172e-09
6569.52,7.1943971592350735e-09
6569.53,7.261520855525964e-09
6569.54,7.367402030711007e-09
6569.55,7.51593907537796e-09
6569.56,7.703466893155793e-09
6569.57,7.935180559206406e-09
6569.58,8.214405320111218e-09
6569.59,8.545368374330969e-09
6569.6,8.933418079509456e-09
6569.61,9.385366435613018e-09
6569.62,9.909966977063441e-09
6569.63,1.0518461788974915e-08
6569.64,1.1225107956381182e-08
6569.65,1.2047698384534523e-08
6569.66,1.3008205367593481e-08
6569.67,1.4133733954717664e-08
6569.68,1.5457732475369692e-08
6569.69,1.702037143840786e-08
6569.7,1.8875062506267968e-08
6569.71,2.108270738239816e-08
6569.72,2.3717671658176498e-08
6569.73,2.6865170845302132e-08
6569.74,3.061682235740394e-08
6569.75,3.507199718699052e-08
6569.76,4.02627603430246e-08
6569.77,4.619374024083105e-08
6569.78,5.272224981088551e-08
6569.79,5.949060601552258e-08
6569.8,6.583251360959344e-08
6569.81,7.082546395127843e-08
6569.82,7.355363816872672e-08
6569.83,7.353835165839526e-08
6569.84,7.102274888172133e-08
6569.85,6.685150818419161e-08
6569.86,6.205010604173443e-08
6569.87,5.7460737233176656e-08
6569.88,5.3565079993153184e-08
6569.89,5.052490567268877e-08
6569.9,4.8269635302370375e-08
6569.91,4.657231975336715e-08
6569.92,4.512241836393559e-08
6569.93,4.359705700984196e-08
6569.94,4.1743258690032586e-08
6569.95,3.944312061962852e-08
6569.96,3.673097969549512e-08
6569.97,3.375300259144787e-08
6569.98,3.0697046092742804e-08
6569.99,2.7729575457752018e-08
6570.0,2.4967174763083923e-08
6570.01,2.2471867741823933e-08
6570.02,2.0262876843959175e-08
6570.03,1.8331594449085266e-08
6570.04,1.665425939494539e-08
6570.05,1.5201048260510694e-08
6570.06,1.3941929678165237e-08
6570.07,1.2849927377787027e-08
6570.08,1.1902283317570291e-08
6570.09,1.1079015844285683e-08
6570.1,1.036686345056597e-08
6570.11,9.751463036376466e-09
6570.12,9.221557985435526e-09
6570.13,8.76781936888946e-09
6570.14,8.382543992876588e-09
6570.15,8.038442827401284e-09
6570.16,7.773181496845325e-09
6570.17,7.56192815936701e-09
6570.18,7.408347649845716e-09
6570.19,7.2977219899150646e-09
6570.2,7.233980854952325e-09
6570.21,7.213598965536544e-09
6570.22,7.230544703896569e-09
6570.23,7.274991151033821e-09
6570.24,7.3331399273536686e-09
6570.25,7.388881923755746e-09
6570.26,7.428616232861733e-09
6570.27,7.446872018573921e-09
6570.28,7.449577526481643e-09
6570.29,7.452136705536154e-09
6570.3,7.473568538655288e-09
6570.31,7.530067391621853e-09
6570.32,7.630110546783585e-09
6570.33,7.771598393153563e-09
6570.34,7.940326299983663e-09
6570.35,8.109634227074371e-09
6570.36,8.248206664059826e-09
6570.37,8.327456652913752e-09
6570.38,8.336359493691733e-09
6570.39,8.286554159855828e-09
6570.4,8.206873365587413e-09
6570.41,8.131372937384802e-09
6570.42,8.087976917320563e-09
6570.43,8.099681041224699e-09
6570.44,8.177741200965203e-09
6570.45,8.329689081493155e-09
6570.46,8.560858997317337e-09
6570.47,8.878242299566803e-09
6570.48,9.298127640977893e-09
6570.49,9.80362477869869e-09
6570.5,1.0418918863150872e-08
6570.51,1.1157544046647651e-08
6570.52,1.203615364644124e-08
6570.53,1.3069987855398842e-08
6570.54,1.429085701354978e-08
6570.55,1.5717109989189596e-08
6570.56,1.7368253901517268e-08
6570.57,1.9254324985519524e-08
6570.58,2.1368396156594753e-08
6570.59,2.3679118185524516e-08
6570.6,2.6126744716161888e-08
6570.61,2.8616475515793453e-08
6570.62,3.10102826209956e-08
6570.63,3.312510583448711e-08
6570.64,3.47495486154653e-08
6570.65,3.570170914586132e-08
6570.66,3.5902792991453905e-08
6570.67,3.542517553590168e-08
6570.68,3.4442857162625664e-08
6570.69,3.328947766620199e-08
6570.7,3.218194739830347e-08
6570.71,3.128349480257942e-08
6570.72,3.0635963491506275e-08
6570.73,3.01453321979729e-08
6570.74,2.9605936668379117e-08
6570.75,2.8778262856004216e-08
6570.76,2.7507617123769454e-08
6570.77,2.5809791929159204e-08
6570.78,2.385284442223441e-08
6570.79,2.1858165531482826e-08
6570.8,2.0007816503807333e-08
6570.81,1.8409192968740426e-08
6570.82,1.7103996648514184e-08
6570.83,1.609583347392652e-08
6570.84,1.5370545133955233e-08
6570.85,1.4910648226477026e-08
6570.86,1.4702771097358749e-08
6570.87,1.4741216802867806e-08
6570.88,1.502959360327565e-08
6570.89,1.5581549329762657e-08
6570.9,1.642090519529522e-08
6570.91,1.758081534735773e-08
6570.92,1.910063816138007e-08
6570.93,2.10182226260754e-08
6570.94,2.3353287736578117e-08
6570.95,2.6075800384502563e-08
6570.96,2.9063943154995958e-08
6570.97,3.204962008763892e-08
6570.98,3.4608198630234605e-08
6570.99,3.624009711995058e-08
6571.0,3.656294624346283e-08
6571.01,3.550853873458535e-08
6571.02,3.3359996111763755e-08
6571.03,3.059262572370095e-08
6571.04,2.765918904824755e-08
6571.05,2.486680858829364e-08
6571.06,2.2364867664283322e-08
6571.07,2.0201063918974424e-08
6571.08,1.8367633155844654e-08
6571.09,1.683698079024658e-08
6571.1,1.5566368857375256e-08
6571.11,1.4509352308572383e-08
6571.12,1.3606735059366682e-08
6571.13,1.285662160936964e-08
6571.14,1.2224618638819953e-08
6571.15,1.170413550579146e-08
6571.16,1.1295531901443209e-08
6571.17,1.1014705847415591e-08
6571.18,1.083674029846008e-08
6571.19,1.0770818430126016e-08
6571.2,1.0831530401328376e-08
6571.21,1.101575292442616e-08
6571.22,1.1328970620125278e-08
6571.23,1.1781174993919896e-08
6571.24,1.2385303903999121e-08
6571.25,1.3157625706459967e-08
6571.26,1.4119828241411853e-08
6571.27,1.5294495221421473e-08
6571.28,1.6705053292434446e-08
6571.29,1.8370438759295987e-08
6571.3,2.0296514666576122e-08
6571.31,2.246236482842649e-08
6571.32,2.4801371712834702e-08
6571.33,2.7180864534420906e-08
6571.34,2.939106548707505e-08
6571.35,3.116212938617159e-08
6571.36,3.221950429852893e-08
6571.37,3.2373183052215376e-08
6571.38,3.158232616993829e-08
6571.39,2.999118690908077e-08
6571.4,2.7855056070469827e-08
6571.41,2.5455232802430548e-08
6571.42,2.3026233193652453e-08
6571.43,2.0727728220533453e-08
6571.44,1.8650371200628476e-08
6571.45,1.682791887350079e-08
6571.46,1.5262315914800697e-08
6571.47,1.3936295004830819e-08
6571.48,1.2826303870471604e-08
6571.49,1.1906568113210953e-08
6571.5,1.115278866219079e-08
6571.51,1.0544019380219529e-08
6571.52,1.0063954542895347e-08
6571.53,9.701502393645572e-09
6571.54,9.450706118817092e-09
6571.55,9.310237750332493e-09
6571.56,9.282953671105433e-09
6571.57,9.375648127227337e-09
6571.58,9.598698717772864e-09
6571.59,9.96480077857343e-09
6571.6,1.048581175974191e-08
6571.61,1.116605548626521e-08
6571.62,1.198971549016868e-08
6571.63,1.290442960895731e-08
6571.64,1.3802363752423725e-08
6571.65,1.4523703872749013e-08
6571.66,1.4900137987073986e-08
6571.67,1.483334492904417e-08
6571.68,1.43528827800021e-08
6571.69,1.3599118951449079e-08
6571.7,1.2746833249229593e-08
6571.71,1.1940186754634257e-08
6571.72,1.1260893721981016e-08
6571.73,1.0737802394204946e-08
6571.74,1.0363557400999807e-08
6571.75,1.0107431954546948e-08
6571.76,9.92596014700764e-09
6571.77,9.774813373087057e-09
6571.78,9.62213771466153e-09
6571.79,9.458572716197426e-09
6571.8,9.29715649432597e-09
6571.81,9.163752341533285e-09
6571.82,9.085482429996811e-09
6571.83,9.083522873462804e-09
6571.84,9.172300341610441e-09
6571.85,9.36102752150923e-09
6571.86,9.625494821396452e-09
6571.87,1.0031691475858493e-08
6571.88,1.0565438301015028e-08
6571.89,1.1199119834605256e-08
6571.9,1.194036448596968e-08
6571.91,1.2775477353521757e-08
6571.92,1.3686445782950402e-08
6571.93,1.465805162300768e-08
6571.94,1.568860492462582e-08
6571.95,1.6796588463815842e-08
6571.96,1.8018686918391112e-08
6571.97,1.940281480475668e-08
6571.98,2.100092328153535e-08
6571.99,2.2861538711532483e-08
6572.0,2.501907503690733e-08
6572.01,2.747613690490624e-08
6572.02,3.018090221933979e-08
6572.03,3.300482247582777e-08
6572.04,3.5736207618328334e-08
6572.05,3.8099418263784844e-08
6572.06,3.982608024928762e-08
6572.07,4.074215093708676e-08
6572.08,4.088990331481211e-08
6572.09,4.046232651715325e-08
6572.1,3.976771679914282e-08
6572.11,3.910268556877279e-08
6572.12,3.8647248979960496e-08
6572.13,3.840861170803791e-08
6572.14,3.819678709000607e-08
6572.15,3.76827149462437e-08
6572.16,3.653177072955816e-08
6572.17,3.458149889897193e-08
6572.18,3.193120956902072e-08
6572.19,2.8874752648087152e-08
6572.2,2.574500477325811e-08
6572.21,2.279507001351248e-08
6572.22,2.016082857615328e-08
6572.23,1.788900804954312e-08
6572.24,1.596855562011835e-08
6572.25,1.4363791287889318e-08
6572.26,1.303251423945715e-08
6572.27,1.193352550631793e-08
6572.28,1.1030362110938056e-08
6572.29,1.0291377305972694e-08
6572.3,9.688234598229783e-09
6572.31,9.193457208392305e-09
6572.32,8.778801381081842e-09
6572.33,8.416198222413808e-09
6572.34,8.082574869688816e-09
6572.35,7.765886482375428e-09
6572.36,7.46712136766669e-09
6572.37,7.19581731011751e-09
6572.38,6.963064369314623e-09
6572.39,6.777045318395706e-09
6572.4,6.642169986346477e-09
6572.41,6.5605525107250365e-09
6572.42,6.533536843920596e-09
6572.43,6.562953537586961e-09
6572.44,6.652037905674224e-09
6572.45,6.805905699682274e-09
6572.46,7.030778945610707e-09
6572.47,7.338450428276724e-09
6572.48,7.739106485877707e-09
6572.49,8.244182238405936e-09
6572.5,8.861060693972115e-09
6572.51,9.585847652068948e-09
6572.52,1.0389662813008786e-08
6572.53,1.1199240294891306e-08
6572.54,1.1938886070713234e-08
6572.55,1.2456915199444353e-08
6572.56,1.2681075863964001e-08
6572.57,1.2623968600672851e-08
6572.58,1.2381498050831759e-08
6572.59,1.2084652008629719e-08
6572.6,1.1847480677224556e-08
6572.61,1.1743061111224625e-08
6572.62,1.1811516574416845e-08
6572.63,1.2072256502969586e-08
6572.64,1.253711414141064e-08
6572.65,1.3217669631281208e-08
6572.66,1.4129120268814544e-08
6572.67,1.529117954287551e-08
6572.68,1.6726730666267108e-08
6572.69,1.8457865263413395e-08
6572.7,2.0498079364408236e-08
6572.71,2.283896467017996e-08
6572.72,2.5430174006814214e-08
6572.73,2.8154577650581308e-08
6572.74,3.0807240635084535e-08
6572.75,3.3098695825754536e-08
6572.76,3.470203127189999e-08
6572.77,3.534301301872709e-08
6572.78,3.490623388922256e-08
6572.79,3.3480790174686556e-08
6572.8,3.1317068694872826e-08
6572.81,2.8727661203985137e-08
6572.82,2.5992860343908385e-08
6572.83,2.3318642900285714e-08
6572.84,2.0831100889822235e-08
6572.85,1.8593403556746242e-08
6572.86,1.6625860651357104e-08
6572.87,1.492227059394178e-08
6572.88,1.3462053160551616e-08
6572.89,1.2218180626712983e-08
6572.9,1.1162228750413068e-08
6572.91,1.0267230993797434e-08
6572.92,9.50906959904657e-09
6572.93,8.866836317533387e-09
6572.94,8.322659276183053e-09
6572.95,7.861236130189183e-09
6572.96,7.468997855772572e-09
6572.97,7.1370765428707645e-09
6572.98,6.85735871439981e-09
6572.99,6.617079314187379e-09
6573.0,6.429250329996572e-09
6573.01,6.284295766534149e-09
6573.02,6.180225896593999e-09
6573.03,6.1165567083926295e-09
6573.04,6.07513425544864e-09
6573.05,6.091923142477495e-09
6573.06,6.150006202583559e-09
6573.07,6.2516656009216145e-09
6573.08,6.398578059573187e-09
6573.09,6.594643562126464e-09
6573.1,6.843759507953451e-09
6573.11,7.149529218601055e-09
6573.12,7.513761287737221e-09
6573.13,7.93417929999037e-09
6573.14,8.40235869522568e-09
6573.15,8.902877962418504e-09
6573.16,9.417633838239074e-09
6573.17,9.93499527921114e-09
6573.18,1.0460073197774344e-08
6573.19,1.101797863397388e-08
6573.2,1.163742520227536e-08
6573.21,1.2375222930128136e-08
6573.22,1.325112456677098e-08
6573.23,1.4282042359369729e-08
6573.24,1.5478806133629605e-08
6573.25,1.685273868137171e-08
6573.26,1.8428552090980238e-08
6573.27,2.0172501953499474e-08
6573.28,2.2040137032491795e-08
6573.29,2.3888998454460333e-08
6573.3,2.5500319355658513e-08
6573.31,2.6652015858992507e-08
6573.32,2.7238035072550063e-08
6573.33,2.7346310127385012e-08
6573.34,2.722549375921808e-08
6573.35,2.717321452278138e-08
6573.36,2.7437510787447028e-08
6573.37,2.8177589016610916e-08
6573.38,2.9463598424128107e-08
6573.39,3.128588608061388e-08
6573.4,3.3544911718947796e-08
6573.41,3.6033351354461555e-08
6573.42,3.842908891972623e-08
6573.43,4.0334538173538365e-08
6573.44,4.136352826041812e-08
6573.45,4.125870108836261e-08
6573.46,3.9974387570502656e-08
6573.47,3.768593908528308e-08
6573.48,3.471860319105916e-08
6573.49,3.143622331161519e-08
6573.5,2.8144436518678994e-08
6573.51,2.5051735617422803e-08
6573.52,2.227041403451509e-08
6573.53,1.9841129390114898e-08
6573.54,1.7760556945993097e-08
6573.55,1.6002612956744522e-08
6573.56,1.4531853036519058e-08
6573.57,1.3310368691214428e-08
6573.58,1.2300880415166043e-08
6573.59,1.1466443804503834e-08
6573.6,1.077053343512349e-08
6573.61,1.017796069559779e-08
6573.62,9.657792268189775e-09
6573.63,9.186173442431139e-09
6573.64,8.746302761644049e-09
6573.65,8.325864672547248e-09
6573.66,7.915985731624188e-09
6573.67,7.512587157456235e-09
6573.68,7.117690127843894e-09
6573.69,6.7381921422455454e-09
6573.7,6.38261560873876e-09
6573.71,6.0599595971473424e-09
6573.72,5.770307123171637e-09
6573.73,5.516868248492942e-09
6573.74,5.298756224680645e-09
6573.75,5.11390863759085e-09
6573.76,4.959797974030396e-09
6573.77,4.834194621826795e-09
6573.78,4.734481793667134e-09
6573.79,4.658356911151899e-09
6573.8,4.605007047992604e-09
6573.81,4.572131509889234e-09
6573.82,4.559229043316818e-09
6573.83,4.56546129885713e-09
6573.84,4.589274303004395e-09
6573.85,4.632408854342084e-09
6573.86,4.7064265105337526e-09
6573.87,4.77683333822004e-09
6573.88,4.8720940914054304e-09
6573.89,4.995072861648189e-09
6573.9,5.142960397715269e-09
6573.91,5.318128467814142e-09
6573.92,5.523649603699803e-09
6573.93,5.7645102200742284e-09
6573.94,6.044306316920582e-09
6573.95,6.367918048130568e-09
6573.96,6.741066695046771e-09
6573.97,7.171019866946386e-09
6573.98,7.667608239221315e-09
6573.99,8.241905288894867e-09
6574.0,8.909724068295383e-09
6574.01,9.689917457049406e-09
6574.02,1.0605055594363018e-08
6574.03,1.1681637963849814e-08
6574.04,1.2949987863675675e-08
6574.05,1.4442698832523257e-08
6574.06,1.6196398990806063e-08
6574.07,1.824102378790484e-08
6574.08,2.059419890180332e-08
6574.09,2.3243860273180538e-08
6574.1,2.6124059655517284e-08
6574.11,2.9085857470996062e-08
6574.12,3.188117587067695e-08
6574.13,3.417203298485516e-08
6574.14,3.560416765113415e-08
6574.15,3.592469509824139e-08
6574.16,3.5088956594459214e-08
6574.17,3.328208464959649e-08
6574.18,3.0838907006208417e-08
6574.19,2.812170777610987e-08
6574.2,2.5411414021730463e-08
6574.21,2.2927073479284598e-08
6574.22,2.0759025831667706e-08
6574.23,1.8942280592332077e-08
6574.24,1.7469140115156304e-08
6574.25,1.630288378246592e-08
6574.26,1.538223638030702e-08
6574.27,1.4625896657621444e-08
6574.28,1.3947135643725918e-08
6574.29,1.3282113072576307e-08
6574.3,1.2614775720657562e-08
6574.31,1.1975171130211243e-08
6574.32,1.141317478292384e-08
6574.33,1.0972502718231243e-08
6574.34,1.0681041251538757e-08
6574.35,1.0553762231592263e-08
6574.36,1.0600080536980317e-08
6574.37,1.0828397157107785e-08
6574.38,1.124783265389467e-08
6574.39,1.1865931565816741e-08
6574.4,1.2681650545661503e-08
6574.41,1.3671578591037486e-08
6574.42,1.4772286960829394e-08
6574.43,1.5860531868032156e-08
6574.44,1.6759099808657716e-08
6574.45,1.728587343324493e-08
6574.46,1.733763622428241e-08
6574.47,1.694747072738953e-08
6574.48,1.6261671190888468e-08
6574.49,1.545837082242093e-08
6574.5,1.467664173273586e-08
6574.51,1.3990863699393899e-08
6574.52,1.3416532034894015e-08
6574.53,1.2928444089036236e-08
6574.54,1.247067238444665e-08
6574.55,1.2023350824513687e-08
6574.56,1.1557208171035727e-08
6574.57,1.1084205861628851e-08
6574.58,1.0649418190931238e-08
6574.59,1.0264701998100195e-08
6574.6,9.970997771258112e-09
6574.61,9.785690487172129e-09
6574.62,9.717544380473669e-09
6574.63,9.771172898607571e-09
6574.64,9.950554542082678e-09
6574.65,1.026153803345505e-08
6574.66,1.071330006119172e-08
6574.67,1.1319195687565586e-08
6574.68,1.2097240679022234e-08
6574.69,1.3070622952219276e-08
6574.7,1.4266370956318072e-08
6574.71,1.5716058474637776e-08
6574.72,1.7450940103522596e-08
6574.73,1.949698558751164e-08
6574.74,2.1862324098126955e-08
6574.75,2.451423463938995e-08
6574.76,2.736746059155606e-08
6574.77,3.0231840904228964e-08
6574.78,3.281861945361636e-08
6574.79,3.476338285052641e-08
6574.8,3.572274508165085e-08
6574.81,3.5500961003998504e-08
6574.82,3.413939838574875e-08
6574.83,3.189458984190173e-08
6574.84,2.9130910584863736e-08
6574.85,2.619638185015476e-08
6574.86,2.3344410681337684e-08
6574.87,2.072454281071037e-08
6574.88,1.839427485930753e-08
6574.89,1.6360262868191966e-08
6574.9,1.4599411529388358e-08
6574.91,1.30827337852047e-08
6574.92,1.1781610739395685e-08
6574.93,1.0669775114607426e-08
6574.94,9.722835508685214e-09
6574.95,8.918225188097776e-09
6574.96,8.23565530143324e-09
6574.97,7.657603601231117e-09
6574.98,7.169402277707439e-09
6574.99,6.7590764268789775e-09
6575.0,6.417347546864462e-09
6575.01,6.137000521315726e-09
6575.02,5.9129309900661e-09
6575.03,5.741874069112324e-09
6575.04,5.622228153581175e-09
6575.05,5.553779534807734e-09
6575.06,5.537129025810391e-09
6575.07,5.572397105425342e-09
6575.08,5.657267711132615e-09
6575.09,5.7812958522946766e-09
6575.1,5.923428414236001e-09
6575.11,6.060081722075461e-09
6575.12,6.1293417322234945e-09
6575.13,6.115438450426812e-09
6575.14,6.020515235484354e-09
6575.15,5.873458410411753e-09
6575.16,5.711807579383876e-09
6575.17,5.565067908994504e-09
6575.18,5.449907526110306e-09
6575.19,5.37305918351543e-09
6575.2,5.33665598457817e-09
6575.21,5.32873019053256e-09
6575.22,5.375028928654642e-09
6575.23,5.46377104156838e-09
6575.24,5.596137977221244e-09
6575.25,5.773734161323654e-09
6575.26,5.997708821741664e-09
6575.27,6.269467502311579e-09
6575.28,6.589411369617322e-09
6575.29,6.956516450414084e-09
6575.3,7.368072587131065e-09
6575.31,7.820432548094463e-09
6575.32,8.311057572948603e-09
6575.33,8.842006921638432e-09
6575.34,9.414416043381581e-09
6575.35,1.006507047344815e-08
6575.36,1.0813697349507487e-08
6575.37,1.1693187650956367e-08
6575.38,1.2739986589759833e-08
6575.39,1.3992582779541321e-08
6575.4,1.549066666720316e-08
6575.41,1.7273806109923917e-08
6575.42,1.937676967265374e-08
6575.43,2.181938955539953e-08
6575.44,2.458869775543558e-08
6575.45,2.7612093040410472e-08
6575.46,3.072758365312174e-08
6575.47,3.3666810108752206e-08
6575.48,3.6072796295776986e-08
6575.49,3.75878150107596e-08
6575.5,3.7983892732646716e-08
6575.51,3.7267017533883815e-08
6575.52,3.567855246945434e-08
6575.53,3.3587653618354395e-08
6575.54,3.1349726593219966e-08
6575.55,2.92017880077452e-08
6575.56,2.722878032273615e-08
6575.57,2.5382448709577108e-08
6575.58,2.3550480101855484e-08
6575.59,2.1644440500529374e-08
6575.6,1.9670509638106067e-08
6575.61,1.7704461952443543e-08
6575.62,1.5846279510153768e-08
6575.63,1.4169373255761248e-08
6575.64,1.270623642795971e-08
6575.65,1.1456728900446184e-08
6575.66,1.0403671299070516e-08
6575.67,9.523030872268499e-09
6575.68,8.790421921458323e-09
6575.69,8.183960930408842e-09
6575.7,7.684673460967394e-09
6575.71,7.2788720829439295e-09
6575.72,6.9543507836617485e-09
6575.73,6.702256536645335e-09
6575.74,6.516047499541949e-09
6575.75,6.391009477331802e-09
6575.76,6.323756770691328e-09
6575.77,6.311379915670872e-09
6575.78,6.350061485302704e-09
6575.79,6.433044414728023e-09
6575.8,6.548870822324462e-09
6575.81,6.6807588465128006e-09
6575.82,6.8100279608251415e-09
6575.83,6.9233407997244765e-09
6575.84,7.019822554506469e-09
6575.85,7.113616600718759e-09
6575.86,7.237703791372434e-09
6575.87,7.3809987543783436e-09
6575.88,7.59565804404503e-09
6575.89,7.87530579955445e-09
6575.9,8.213477749256649e-09
6575.91,8.591873227942806e-09
6575.92,8.983806024465485e-09
6575.93,9.361641194763109e-09
6575.94,9.706593928259486e-09
6575.95,1.0019651964823502e-08
6575.96,1.032300342566301e-08
6575.97,1.0661968656937814e-08
6575.98,1.1087742078805687e-08
6575.99,1.1647899563669207e-08
6576.0,1.2383369155954974e-08
6576.01,1.3327839433652818e-08
6576.02,1.4516580605077966e-08
6576.03,1.5984480310950573e-08
6576.04,1.7764735866573917e-08
6576.05,1.9882072619217347e-08
6576.06,2.2338980830910693e-08
6576.07,2.5093140989004216e-08
6576.08,2.8026228595440583e-08
6576.09,3.091889095682951e-08
6576.1,3.3441982242347704e-08
6576.11,3.5211130859343034e-08
6576.12,3.590064422860089e-08
6576.13,3.537392876074408e-08
6576.14,3.3742924845687265e-08
6576.15,3.13111431164477e-08
6576.16,2.8446612018105315e-08
6576.17,2.5471390549040925e-08
6576.18,2.2608503356120763e-08
6576.19,1.9988005690062712e-08
6576.2,1.7666186468852794e-08
6576.21,1.565203378290713e-08
6576.22,1.3927749809966764e-08
6576.23,1.2463082640951132e-08
6576.24,1.122422452730717e-08
6576.25,1.017849488029872e-08
6576.26,9.296393206953574e-09
6576.27,8.552072877566378e-09
6576.28,7.932101961358225e-09
6576.29,7.398261990046285e-09
6576.3,6.941482071938909e-09
6576.31,6.545324781268197e-09
6576.32,6.195506672919009e-09
6576.33,5.881047051196674e-09
6576.34,5.595388953415817e-09
6576.35,5.335021114271451e-09
6576.36,5.099881930789186e-09
6576.37,4.89055862115707e-09
6576.38,4.7073659385720875e-09
6576.39,4.549965707708296e-09
6576.4,4.417348839897413e-09
6576.41,4.308321689536426e-09
6576.42,4.2196924677999055e-09
6576.43,4.153764890723362e-09
6576.44,4.107595804384781e-09
6576.45,4.080410104304373e-09
6576.46,4.071636442358507e-09
6576.47,4.0747496534505935e-09
6576.48,4.1021280015538525e-09
6576.49,4.14779733341811e-09
6576.5,4.21245831871112e-09
6576.51,4.297344178469601e-09
6576.52,4.4042510493594395e-09
6576.53,4.522756963265742e-09
6576.54,4.6812907614346965e-09
6576.55,4.870436875017367e-09
6576.56,5.0942606773799185e-09
6576.57,5.356817426361263e-09
6576.58,5.665147069666887e-09
6576.59,6.027046215798999e-09
6576.6,6.451558515616826e-09
6576.61,6.950962137689799e-09
6576.62,7.540418127459358e-09
6576.63,8.236727391195804e-09
6576.64,9.059693134751674e-09
6576.65,1.0023773522798355e-08
6576.66,1.1134813284590069e-08
6576.67,1.2378762053436733e-08
6576.68,1.3713236642751011e-08
6576.69,1.5072690532575773e-08
6576.7,1.639615322358603e-08
6576.71,1.767300070085887e-08
6576.72,1.896712666349083e-08
6576.73,2.039172758244764e-08
6576.74,2.205864063411799e-08
6576.75,2.4033860536943295e-08
6576.76,2.6316769702266165e-08
6576.77,2.8825302205755664e-08
6576.78,3.1375203329116925e-08
6576.79,3.367033325012223e-08
6576.8,3.5331294937824915e-08
6576.81,3.6003299877921077e-08
6576.82,3.549646010984503e-08
6576.83,3.3874328175769416e-08
6576.84,3.142219462727287e-08
6576.85,2.852122194898159e-08
6576.86,2.5519775298522413e-08
6576.87,2.266068412572346e-08
6576.88,2.007993465872666e-08
6576.89,1.78290726681556e-08
6576.9,1.5907947750230706e-08
6576.91,1.428990244783701e-08
6576.92,1.2937806234084847e-08
6576.93,1.181269543174598e-08
6576.94,1.0877509149433793e-08
6576.95,1.009883539192891e-08
6576.96,9.44432375251369e-09
6576.97,8.887253438324304e-09
6576.98,8.407252055736938e-09
6576.99,7.985455954413395e-09
6577.0,7.615380340742473e-09
6577.01,7.294727559630444e-09
6577.02,7.0244680988277304e-09
6577.03,6.806149162222238e-09
6577.04,6.640186729207445e-09
6577.05,6.5243478992721715e-09
6577.06,6.453107451322658e-09
6577.07,6.416021590995539e-09
6577.08,6.39793712103496e-09
6577.09,6.391804428367843e-09
6577.1,6.366180679411592e-09
6577.11,6.328894571353787e-09
6577.12,6.289422697732071e-09
6577.13,6.260906289569659e-09
6577.14,6.256758976547822e-09
6577.15,6.285013626457028e-09
6577.16,6.349171936391738e-09
6577.17,6.438194744413868e-09
6577.18,6.581889665433176e-09
6577.19,6.773732726490238e-09
6577.2,7.023267555732276e-09
6577.21,7.341754212744267e-09
6577.22,7.740953925498458e-09
6577.23,8.232348178545688e-09
6577.24,8.825134726694288e-09
6577.25,9.530083669847502e-09
6577.26,1.0351688207009178e-08
6577.27,1.1294054656403923e-08
6577.28,1.2364331174599805e-08
6577.29,1.3580240081820575e-08
6577.3,1.4975652031641077e-08
6577.31,1.6598009839114275e-08
6577.32,1.849578509635388e-08
6577.33,2.06987141166927e-08
6577.34,2.319965457583394e-08
6577.35,2.5897215237239565e-08
6577.36,2.8610608980279857e-08
6577.37,3.1038634148556165e-08
6577.38,3.2809363491177855e-08
6577.39,3.358540603487594e-08
6577.4,3.3197904739563696e-08
6577.41,3.172292023032718e-08
6577.42,2.944167810752596e-08
6577.43,2.6717469430243415e-08
6577.44,2.38776201325476e-08
6577.45,2.1150996956492958e-08
6577.46,1.866915095361974e-08
6577.47,1.648838693906064e-08
6577.48,1.461497108420102e-08
6577.49,1.302915415917936e-08
6577.5,1.1699128163257424e-08
6577.51,1.0589075782417294e-08
6577.52,9.662446466376566e-09
6577.53,8.88294278670194e-09
6577.54,8.21591261535304e-09
6577.55,7.632086043798139e-09
6577.56,7.107855772970371e-09
6577.57,6.643497117155569e-09
6577.58,6.2331072931571e-09
6577.59,5.875838903651234e-09
6577.6,5.57021340533852e-09
6577.61,5.3131097263332125e-09
6577.62,5.100670685466949e-09
6577.63,4.928972024280658e-09
6577.64,4.794015647577056e-09
6577.65,4.692422539848808e-09
6577.66,4.621488629674236e-09
6577.67,4.5796843066576895e-09
6577.68,4.567008142624192e-09
6577.69,4.585125288436538e-09
6577.7,4.63725481446895e-09
6577.71,4.727908190025337e-09
6577.72,4.862577539096595e-09
6577.73,5.0473004379464336e-09
6577.74,5.287922293195873e-09
6577.75,5.5885782347559696e-09
6577.76,5.948317375005382e-09
6577.77,6.356509787424533e-09
6577.78,6.7851978513333434e-09
6577.79,7.184069411555289e-09
6577.8,7.485588341366797e-09
6577.81,7.62834500295726e-09
6577.82,7.590068650410632e-09
6577.83,7.402770307861601e-09
6577.84,7.121537620421661e-09
6577.85,6.843940396889073e-09
6577.86,6.6074488493451625e-09
6577.87,6.4397395818986336e-09
6577.88,6.351648762791121e-09
6577.89,6.345788583221886e-09
6577.9,6.4217747660715805e-09
6577.91,6.578660421364869e-09
6577.92,6.81967739157659e-09
6577.93,7.147523886999329e-09
6577.94,7.570841533887629e-09
6577.95,8.099665056126207e-09
6577.96,8.748599463459851e-09
6577.97,9.536639378264217e-09
6577.98,1.0487561865688901e-08
6577.99,1.162998335330902e-08
6578.0,1.2999730774789076e-08
6578.01,1.4626380352784018e-08
6578.02,1.654577524152833e-08
6578.03,1.877404515241913e-08
6578.04,2.129834670159091e-08
6578.05,2.404395672538879e-08
6578.06,2.6845726496735202e-08
6578.07,2.9426493085601444e-08
6578.08,3.142061967774383e-08
6578.09,3.246813193629442e-08
6578.1,3.23524850063103e-08
6578.11,3.1101812311909066e-08
6578.12,2.897523685381245e-08
6578.13,2.634515907927724e-08
6578.14,2.3564312784479268e-08
6578.15,2.088491134214288e-08
6578.16,1.8452008910449677e-08
6578.17,1.6324338150501466e-08
6578.18,1.450735165341792e-08
6578.19,1.297912171719686e-08
6578.2,1.1706972969010861e-08
6578.21,1.0656618080293844e-08
6578.22,9.796938445096666e-09
6578.23,9.100162418013288e-09
6578.24,8.551922205213418e-09
6578.25,8.117901384070259e-09
6578.26,7.794441924975882e-09
6578.27,7.55784513753834e-09
6578.28,7.398007752696215e-09
6578.29,7.299284792039799e-09
6578.3,7.24514515585636e-09
6578.31,7.218897182435118e-09
6578.32,7.205263596618012e-09
6578.33,7.19197021938101e-09
6578.34,7.17121589164577e-09
6578.35,7.1432041528906906e-09
6578.36,7.113935421722728e-09
6578.37,7.096600986902989e-09
6578.38,7.107953014612254e-09
6578.39,7.164178281015099e-09
6578.4,7.278077880425701e-09
6578.41,7.45829448166054e-09
6578.42,7.709621245136913e-09
6578.43,8.03306848035103e-09
6578.44,8.426319760254337e-09
6578.45,8.88452352035446e-09
6578.46,9.390408067340757e-09
6578.47,9.97349670852705e-09
6578.48,1.0635379029046986e-08
6578.49,1.1405794782755005e-08
6578.5,1.2326265151220742e-08
6578.51,1.3443700123525777e-08
6578.52,1.4804054584017258e-08
6578.53,1.6445632456878953e-08
6578.54,1.8389563371787802e-08
6578.55,2.0623945575446082e-08
6578.56,2.3079230423458705e-08
6578.57,2.5598864505094785e-08
6578.58,2.792562846007515e-08
6578.59,2.9720634670084222e-08
6578.6,3.065299974116099e-08
6578.61,3.052502922156558e-08
6578.62,2.9360841928711808e-08
6578.63,2.739009459688302e-08
6578.64,2.49393156595506e-08
6578.65,2.2329139431153877e-08
6578.66,1.9787597453099317e-08
6578.67,1.7454400797997353e-08
6578.68,1.539161163909198e-08
6578.69,1.3609505707366072e-08
6578.7,1.2088857624309026e-08
6578.71,1.0797651089148699e-08
6578.72,9.70171204778202e-09
6578.73,8.770772888318383e-09
6578.74,7.980099274787983e-09
6578.75,7.3098150705607235e-09
6578.76,6.7433559500763965e-09
6578.77,6.266795634098661e-09
6578.78,5.868670923983006e-09
6578.79,5.539472648088481e-09
6578.8,5.2722419264527705e-09
6578.81,5.062183810943947e-09
6578.82,4.905942960394795e-09
6578.83,4.802410972997268e-09
6578.84,4.751604220144311e-09
6578.85,4.7534142797004205e-09
6578.86,4.807483757769379e-09
6578.87,4.906959160361503e-09
6578.88,5.034994486753685e-09
6578.89,5.1599981214365764e-09
6578.9,5.238032380624723e-09
6578.91,5.227790390427374e-09
6578.92,5.1126083458388515e-09
6578.93,4.910485946071853e-09
6578.94,4.662297142102436e-09
6578.95,4.4095044463522025e-09
6578.96,4.180316960717889e-09
6578.97,3.988164268338575e-09
6578.98,3.83610627851554e-09
6578.99,3.7225619470812533e-09
6579.0,3.6438530684351288e-09
6579.01,3.5964955934818395e-09
6579.02,3.5780390960587428e-09
6579.03,3.5858696628069823e-09
6579.04,3.6189238052975795e-09
6579.05,3.6800098699886503e-09
6579.06,3.764375981842216e-09
6579.07,3.864890277706841e-09
6579.08,3.98339377886146e-09
6579.09,4.117890804823676e-09
6579.1,4.268154760912819e-09
6579.11,4.437958001868422e-09
6579.12,4.6334432902113985e-09
6579.13,4.8477411133173514e-09
6579.14,5.113621061242625e-09
6579.15,5.423096381089705e-09
6579.16,5.781321973174982e-09
6579.17,6.195201216817626e-09
6579.18,6.676012831925914e-09
6579.19,7.2369798589538545e-09
6579.2,7.895596372072492e-09
6579.21,8.673718526102351e-09
6579.22,9.596361333298188e-09
6579.23,1.0694083844382157e-08
6579.24,1.19993471306055e-08
6579.25,1.354699590309424e-08
6579.26,1.5368513076484505e-08
6579.27,1.7481805437983344e-08
6579.28,1.9876375877058107e-08
6579.29,2.2481871356849655e-08
6579.3,2.5149104922680566e-08
6579.31,2.7604242131553453e-08
6579.32,2.9511880448347054e-08
6579.33,3.054396119888828e-08
6579.34,3.051646130891914e-08
6579.35,2.9478129980339293e-08
6579.36,2.7685143798670902e-08
6579.37,2.5482268253345257e-08
6579.38,2.317937790277782e-08
6579.39,2.0984601927143988e-08
6579.4,1.900849150105471e-08
6579.41,1.7290011532959898e-08
6579.42,1.5830534453674435e-08
6579.43,1.4613147491767752e-08
6579.44,1.3610473661086507e-08
6579.45,1.278640989446064e-08
6579.46,1.2096434959721571e-08
6579.47,1.1493393892193738e-08
6579.48,1.0937488063508301e-08
6579.49,1.0406953002132389e-08
6579.5,9.901961650312959e-09
6579.51,9.438846612816697e-09
6579.52,9.039243467770627e-09
6579.53,8.721283274695579e-09
6579.54,8.495623229230876e-09
6579.55,8.365932020939356e-09
6579.56,8.330214955092965e-09
6579.57,8.382425623150564e-09
6579.58,8.515036422757787e-09
6579.59,8.723288015698841e-09
6579.6,9.010488929836914e-09
6579.61,9.391239256465532e-09
6579.62,9.890225462121517e-09
6579.63,1.053784692410575e-08
6579.64,1.1365497799929378e-08
6579.65,1.2403286576460396e-08
6579.66,1.3674826322552026e-08
6579.67,1.519150884556662e-08
6579.68,1.6939369725373872e-08
6579.69,1.8857777827602297e-08
6579.7,2.081711031554817e-08
6579.71,2.2600574101638827e-08
6579.72,2.391268359527589e-08
6579.73,2.451578726970845e-08
6579.74,2.424756970105738e-08
6579.75,2.3155196821146096e-08
6579.76,2.1449892207644868e-08
6579.77,1.9419593695338803e-08
6579.78,1.7321938929025632e-08
6579.79,1.533222789969987e-08
6579.8,1.3545054260833483e-08
6579.81,1.199305712151235e-08
6579.82,1.0672022153212304e-08
6579.83,9.559493400982413e-09
6579.84,8.626873613678493e-09
6579.85,7.84659207234345e-09
6579.86,7.195979677404511e-09
6579.87,6.65719460516873e-09
6579.88,6.2167091978706025e-09
6579.89,5.863495449108874e-09
6579.9,5.5884094785977505e-09
6579.91,5.3838697445670234e-09
6579.92,5.2436564353969255e-09
6579.93,5.1623595094771206e-09
6579.94,5.134057642316318e-09
6579.95,5.149910900141367e-09
6579.96,5.194926115838944e-09
6579.97,5.24543542674356e-09
6579.98,5.269884765688827e-09
6579.99,5.234982920046571e-09
6580.0,5.117439509319562e-09
6580.01,4.91605096690282e-09
6580.02,4.653939273496453e-09
6580.03,4.3671882906253354e-09
6580.04,4.087915862742444e-09
6580.05,3.836741662130368e-09
6580.06,3.622763527727806e-09
6580.07,3.4467872227520356e-09
6580.08,3.306077825380833e-09
6580.09,3.19836034671919e-09
6580.1,3.115410663243643e-09
6580.11,3.0549400066560492e-09
6580.12,3.013317496712274e-09
6580.13,2.9877566669014326e-09
6580.14,2.981461404049421e-09
6580.15,2.9838422732458942e-09
6580.16,2.999629929893227e-09
6580.17,3.0287411882119566e-09
6580.18,3.0708330860977483e-09
6580.19,3.1251567118216416e-09
6580.2,3.1906204159521223e-09
6580.21,3.2660237233167687e-09
6580.22,3.3504840604306646e-09
6580.23,3.4438864539102514e-09
6580.24,3.5473584199249193e-09
6580.25,3.663299983524171e-09
6580.26,3.799248958637214e-09
6580.27,3.951206497563467e-09
6580.28,4.127741232635811e-09
6580.29,4.333621107282498e-09
6580.3,4.574068518018605e-09
6580.31,4.854849795948611e-09
6580.32,5.182691241550885e-09
6580.33,5.565607378827784e-09
6580.34,6.013275665756117e-09
6580.35,6.53867426556158e-09
6580.36,7.1534227774839075e-09
6580.37,7.875540243030547e-09
6580.38,8.724345154643182e-09
6580.39,9.708358520406857e-09
6580.4,1.0875212316158766e-08
6580.41,1.2229763299772903e-08
6580.42,1.3783231241961548e-08
6580.43,1.5529729615729985e-08
6580.44,1.7443704664216485e-08
6580.45,1.9479340854107344e-08
6580.46,2.1578943774789937e-08
6580.47,2.3680150608853016e-08
6580.48,2.570609514247633e-08
6580.49,2.7537498153954856e-08
6580.5,2.8980333618329508e-08
6580.51,2.9788681341154732e-08
6580.52,2.9753646423137677e-08
6580.53,2.8817220181750688e-08
6580.54,2.7120256770972068e-08
6580.55,2.494456049682957e-08
6580.56,2.2598527885489048e-08
6580.57,2.0327765936382872e-08
6580.58,1.8282016481157264e-08
6580.59,1.653253327482255e-08
6580.6,1.5097397451513633e-08
6580.61,1.3966757110658373e-08
6580.62,1.3121356976189555e-08
6580.63,1.2539094345166213e-08
6580.64,1.2202197776736362e-08
6580.65,1.2099099620501973e-08
6580.66,1.2225331640136722e-08
6580.67,1.2582686998886192e-08
6580.68,1.3175838055348825e-08
6580.69,1.4005321724593089e-08
6580.7,1.5055387973885315e-08
6580.71,1.627567658194249e-08
6580.72,1.756299975543778e-08
6580.73,1.8747301896197786e-08
6580.74,1.960990658203004e-08
6580.75,1.99440661160648e-08
6580.76,1.9638708961916513e-08
6580.77,1.8731674024148076e-08
6580.78,1.7386734312855285e-08
6580.79,1.5819949908203886e-08
6580.8,1.4215020395286796e-08
6580.81,1.2690760736906101e-08
6580.82,1.1306217712055031e-08
6580.83,1.007965327873993e-08
6580.84,9.009458665019197e-09
6580.85,8.085674709566785e-09
6580.86,7.295655439903905e-09
6580.87,6.622371639753125e-09
6580.88,6.049018337364307e-09
6580.89,5.558699710394726e-09
6580.9,5.136127011362704e-09
6580.91,4.769204580932411e-09
6580.92,4.449505725928791e-09
6580.93,4.171371198910123e-09
6580.94,3.93092905853478e-09
6580.95,3.712672417494194e-09
6580.96,3.538445402793205e-09
6580.97,3.3930163714384564e-09
6580.98,3.275116728594813e-09
6580.99,3.182967253042469e-09
6581.0,3.1157672873594898e-09
6581.01,3.073240915645856e-09
6581.02,3.0553148926021588e-09
6581.03,3.0615955900844943e-09
6581.04,3.0900709650391318e-09
6581.05,3.1351424176693454e-09
6581.06,3.1854917890937374e-09
6581.07,3.223864360402493e-09
6581.08,3.2314790758720277e-09
6581.09,3.1984442744992e-09
6581.1,3.128367682433032e-09
6581.11,3.036784937799641e-09
6581.12,2.944448411983069e-09
6581.13,2.859474889400481e-09
6581.14,2.79493359908017e-09
6581.15,2.7475055414463333e-09
6581.16,2.720566801756212e-09
6581.17,2.71347785547513e-09
6581.18,2.7253950196446302e-09
6581.19,2.756047043234656e-09
6581.2,2.8053078839485927e-09
6581.21,2.8736334978174323e-09
6581.22,2.9619024186176587e-09
6581.23,3.0713638066251153e-09
6581.24,3.202975010454741e-09
6581.25,3.3575999912269275e-09
6581.26,3.5405136442846445e-09
6581.27,3.73989410423575e-09
6581.28,3.958300608984761e-09
6581.29,4.1911416851835506e-09
6581.3,4.43340251433639e-09
6581.31,4.6802844733889265e-09
6581.32,4.9349156244244486e-09
6581.33,5.208346329324208e-09
6581.34,5.518339496374979e-09
6581.35,5.885161501691721e-09
6581.36,6.3281125113138935e-09
6581.37,6.863686690125281e-09
6581.38,7.50479281853263e-09
6581.39,8.25885558270537e-09
6581.4,9.123871100029707e-09
6581.41,1.0081534092187484e-08
6581.42,1.1090264299845485e-08
6581.43,1.2080072876725561e-08
6581.44,1.2960825509461002e-08
6581.45,1.3645866922608923e-08
6581.46,1.4082639729397893e-08
6581.47,1.4272485411752974e-08
6581.48,1.4266690409760503e-08
6581.49,1.4148330949424144e-08
6581.5,1.401284085985338e-08
6581.51,1.3953114875425871e-08
6581.52,1.4051154873682403e-08
6581.53,1.4373068149388595e-08
6581.54,1.4970419351797988e-08
6581.55,1.5884780097024745e-08
6581.56,1.7150932230126577e-08
6581.57,1.8793837700180162e-08
6581.58,2.081762177374768e-08
6581.59,2.3182741242573755e-08
6581.6,2.5771667652715e-08
6581.61,2.8359053262373144e-08
6581.62,3.0586257278882355e-08
6581.63,3.2070601056879644e-08
6581.64,3.24609349005982e-08
6581.65,3.163467424069647e-08
6581.66,2.9746384434274173e-08
6581.67,2.714791197732133e-08
6581.68,2.423685675828015e-08
6581.69,2.1336946714937326e-08
6581.7,1.864780986621742e-08
6581.71,1.62642231164714e-08
6581.72,1.420755427926753e-08
6581.73,1.2459571572662246e-08
6581.74,1.09849378299599e-08
6581.75,9.744031504973272e-09
6581.76,8.699212382951768e-09
6581.77,7.817307910623876e-09
6581.78,7.070171710883194e-09
6581.79,6.43437946235485e-09
6581.8,5.8906556835036445e-09
6581.81,5.4232755292281094e-09
6581.82,5.019688323248767e-09
6581.83,4.669248297899062e-09
6581.84,4.363823623079611e-09
6581.85,4.095572791736325e-09
6581.86,3.8615607358159054e-09
6581.87,3.6565616226839312e-09
6581.88,3.4792255885504646e-09
6581.89,3.3235948541943024e-09
6581.9,3.1894569991254494e-09
6581.91,3.075226134932073e-09
6581.92,2.97967437566143e-09
6581.93,2.9018593959077406e-09
6581.94,2.84070672540763e-09
6581.95,2.7972656930092217e-09
6581.96,2.770837502313313e-09
6581.97,2.7616978166885308e-09
6581.98,2.768984904933889e-09
6581.99,2.791834688579078e-09
6582.0,2.82768748876903e-09
6582.01,2.8717465245126598e-09
6582.02,2.917118255464228e-09
6582.03,2.9559925174614293e-09
6582.04,2.982125231442551e-09
6582.05,2.9932698465253363e-09
6582.06,2.991473806360505e-09
6582.07,2.9821704396752503e-09
6582.08,2.974067906249555e-09
6582.09,2.9741225929322637e-09
6582.1,2.9883179232692892e-09
6582.11,3.0089553104021503e-09
6582.12,3.057580800765543e-09
6582.13,3.117994316404902e-09
6582.14,3.1804476382191632e-09
6582.15,3.2326857122215652e-09
6582.16,3.26611321165933e-09
6582.17,3.2809182517257425e-09
6582.18,3.2863978290466803e-09
6582.19,3.295729042125547e-09
6582.2,3.320438350882477e-09
6582.21,3.371105576792658e-09
6582.22,3.4451301852654633e-09
6582.23,3.5488526300363316e-09
6582.24,3.6847568849568974e-09
6582.25,3.855559378371555e-09
6582.26,4.06448326428635e-09
6582.27,4.315788757017951e-09
6582.28,4.61483656157604e-09
6582.29,4.968868335081825e-09
6582.3,5.387510932139041e-09
6582.31,5.88314642490544e-09
6582.32,6.47092869311384e-09
6582.33,7.168375153309287e-09
6582.34,7.994181906652012e-09
6582.35,8.965974214928366e-09
6582.36,1.0095717688593698e-08
6582.37,1.1381857854120902e-08
6582.38,1.2800094665576264e-08
6582.39,1.4294640600941457e-08
6582.4,1.5785596831192098e-08
6582.41,1.7167587990702437e-08
6582.42,1.8369010831773606e-08
6582.43,1.9347292961000636e-08
6582.44,2.0076077611052564e-08
6582.45,2.051547163822301e-08
6582.46,2.0606579962514132e-08
6582.47,2.0301138946773898e-08
6582.48,1.9603329365912134e-08
6582.49,1.8583523439691272e-08
6582.5,1.7360516294358865e-08
6582.51,1.6069984643519404e-08
6582.52,1.4833507757381676e-08
6582.53,1.3743052291434385e-08
6582.54,1.2855005225217633e-08
6582.55,1.2196954664882392e-08
6582.56,1.178022681286796e-08
6582.57,1.1604412269089012e-08
6582.58,1.1670594591842994e-08
6582.59,1.197856545529484e-08
6582.6,1.2525412827615925e-08
6582.61,1.3298667500744996e-08
6582.62,1.4264270270105227e-08
6582.63,1.5350600451722645e-08
6582.64,1.6435944949942257e-08
6582.65,1.734400798876688e-08
6582.66,1.7874491891298455e-08
6582.67,1.7868299842289352e-08
6582.68,1.7279641707371757e-08
6582.69,1.6200184590792936e-08
6582.7,1.481252682029998e-08
6582.71,1.3312104536966295e-08
6582.72,1.1849086123172052e-08
6582.73,1.0510958713471635e-08
6582.74,9.335742418723343e-09
6582.75,8.327739342650648e-09
6582.76,7.475033243925555e-09
6582.77,6.7593767661080666e-09
6582.78,6.161436939677337e-09
6582.79,5.662993908586231e-09
6582.8,5.2477743697565655e-09
6582.81,4.901867892573245e-09
6582.82,4.602813768653228e-09
6582.83,4.36431006619158e-09
6582.84,4.168788635313379e-09
6582.85,4.011466039738249e-09
6582.86,3.888276937534824e-09
6582.87,3.7949929457606436e-09
6582.88,3.728142245697766e-09
6582.89,3.6837032666162836e-09
6582.9,3.6586889250889074e-09
6582.91,3.6509787271105916e-09
6582.92,3.6616885933840775e-09
6582.93,3.691627792858022e-09
6582.94,3.74297577374529e-09
6582.95,3.818438398657157e-09
6582.96,3.921685289159123e-09
6582.97,4.057269897387352e-09
6582.98,4.230715778224102e-09
6582.99,4.449299686889625e-09
6583.0,4.718952107819475e-09
6583.01,5.0440611390763885e-09
6583.02,5.426013803394511e-09
6583.03,5.858572404964146e-09
6583.04,6.320560141659177e-09
6583.05,6.774904538279689e-09
6583.06,7.161442679819438e-09
6583.07,7.4143871453131884e-09
6583.08,7.486670508329454e-09
6583.09,7.373605717953028e-09
6583.1,7.115782274725547e-09
6583.11,6.778552719708418e-09
6583.12,6.42499691968091e-09
6583.13,6.099571446321945e-09
6583.14,5.824921944476948e-09
6583.15,5.607955466021781e-09
6583.16,5.447250998514974e-09
6583.17,5.3361806134120134e-09
6583.18,5.2706644203356284e-09
6583.19,5.246110082221837e-09
6583.2,5.256004707434903e-09
6583.21,5.281260990984551e-09
6583.22,5.327102407947083e-09
6583.23,5.3737853150545325e-09
6583.24,5.4171295104700615e-09
6583.25,5.460507996182617e-09
6583.26,5.511863375226785e-09
6583.27,5.579197904179033e-09
6583.28,5.669093459529639e-09
6583.29,5.783897453348777e-09
6583.3,5.927299194762796e-09
6583.31,6.090143640984649e-09
6583.32,6.273800591002218e-09
6583.33,6.476339031784339e-09
6583.34,6.697277586746397e-09
6583.35,6.938962950350113e-09
6583.36,7.207507140500408e-09
6583.37,7.514448434039292e-09
6583.38,7.876960661420601e-09
6583.39,8.31752533194588e-09
6583.4,8.862611818240342e-09
6583.41,9.540949800631387e-09
6583.42,1.038109939396922e-08
6583.43,1.1408552560343177e-08
6583.44,1.2640550791658626e-08
6583.45,1.4077492190453643e-08
6583.46,1.5691827348688124e-08
6583.47,1.741536806893855e-08
6583.48,1.9134616025640758e-08
6583.49,2.0702091809095574e-08
6583.5,2.1960114038635783e-08
6583.51,2.2780020443378903e-08
6583.52,2.3104311172166692e-08
6583.53,2.297861638975989e-08
6583.54,2.2545441129146243e-08
6583.55,2.199650548120378e-08
6583.56,2.147950601906393e-08
6583.57,2.1070479999998687e-08
6583.58,2.0735524514969365e-08
6583.59,2.0363799250397724e-08
6583.6,1.982478244798189e-08
6583.61,1.9036012304914573e-08
6583.62,1.7998363513655185e-08
6583.63,1.6774418584129097e-08
6583.64,1.544275097517029e-08
6583.65,1.4067044893538636e-08
6583.66,1.269448277354916e-08
6583.67,1.1368167067154537e-08
6583.68,1.012773370539441e-08
6583.69,9.003570162008213e-09
6583.7,8.00983458057067e-09
6583.71,7.147454500002267e-09
6583.72,6.40748698489113e-09
6583.73,5.776095097911604e-09
6583.74,5.23823917369059e-09
6583.75,4.779692155848593e-09
6583.76,4.387919813913114e-09
6583.77,4.052303225587187e-09
6583.78,3.764068375428783e-09
6583.79,3.5159148542878334e-09
6583.8,3.3019318816755582e-09
6583.81,3.117201288734539e-09
6583.82,2.9576384545247946e-09
6583.83,2.820183315043586e-09
6583.84,2.7018405218624403e-09
6583.85,2.601190921399388e-09
6583.86,2.5172222454265325e-09
6583.87,2.449355089272359e-09
6583.88,2.396967115956902e-09
6583.89,2.3594391347348293e-09
6583.9,2.3355663701540833e-09
6583.91,2.3231292877366928e-09
6583.92,2.318292752208885e-09
6583.93,2.3155786002135006e-09
6583.94,2.3089371684580734e-09
6583.95,2.294036269479968e-09
6583.96,2.270468335173083e-09
6583.97,2.2320953595897447e-09
6583.98,2.20324992165836e-09
6583.99,2.1826965061602577e-09
6584.0,2.17476651175721e-09
6584.01,2.1819377800383366e-09
6584.02,2.2064024623238576e-09
6584.03,2.2499994680586656e-09
6584.04,2.314588073829682e-09
6584.05,2.4022122440155964e-09
6584.06,2.5150567671163012e-09
6584.07,2.6551908340702224e-09
6584.08,2.823722695880287e-09
6584.09,3.0203829932186683e-09
6584.1,3.2398374571028707e-09
6584.11,3.4698249911509706e-09
6584.12,3.6885131917213116e-09
6584.13,3.8670530569859095e-09
6584.14,3.9782951621588626e-09
6584.15,4.00921430867745e-09
6584.16,3.967923270512137e-09
6584.17,3.8772755548541406e-09
6584.18,3.764831047772512e-09
6584.19,3.6448930598319535e-09
6584.2,3.5431900602049074e-09
6584.21,3.4600691760086092e-09
6584.22,3.4007868534843524e-09
6584.23,3.370280206880938e-09
6584.24,3.3726518118761076e-09
6584.25,3.4101065688950486e-09
6584.26,3.482447000977153e-09
6584.27,3.587460562179032e-09
6584.28,3.7228035715419718e-09
6584.29,3.887536559879019e-09
6584.3,4.085935833426637e-09
6584.31,4.326175514889216e-09
6584.32,4.618898588612912e-09
6584.33,4.975846835431079e-09
6584.34,5.409278700128871e-09
6584.35,5.9319289250330755e-09
6584.36,6.55618516821135e-09
6584.37,7.292134062347004e-09
6584.38,8.143321841894316e-09
6584.39,9.099936192720284e-09
6584.4,1.0130578645106944e-08
6584.41,1.1178686045544189e-08
6584.42,1.2154628231018342e-08
6584.43,1.2982292807436106e-08
6584.44,1.3622474646804485e-08
6584.45,1.409865854241926e-08
6584.46,1.4480288138993477e-08
6584.47,1.4837155536003752e-08
6584.48,1.5195384129876238e-08
6584.49,1.5524732790239893e-08
6584.5,1.5764882495381447e-08
6584.51,1.587253034023992e-08
6584.52,1.58600692676435e-08
6584.53,1.5797140160582373e-08
6584.54,1.5776391034320207e-08
6584.55,1.5874052127838762e-08
6584.56,1.6126676452332355e-08
6584.57,1.652509524062337e-08
6584.58,1.7011936272310865e-08
6584.59,1.7473298195943698e-08
6584.6,1.774575427908392e-08
6584.61,1.7659022783974656e-08
6584.62,1.710641537015678e-08
6584.63,1.6099664581197487e-08
6584.64,1.476173252214753e-08
6584.65,1.3265302820407094e-08
6584.66,1.1766691403959061e-08
6584.67,1.0368839102034962e-08
6584.68,9.124478738395094e-09
6584.69,8.051725213748944e-09
6584.7,7.1353305994731275e-09
6584.71,6.362108503935632e-09
6584.72,5.712252573216979e-09
6584.73,5.166762958103556e-09
6584.74,4.708934590598384e-09
6584.75,4.324693814806755e-09
6584.76,4.0025101318396745e-09
6584.77,3.733069977028912e-09
6584.78,3.5089186295027245e-09
6584.79,3.324031613565144e-09
6584.8,3.173579903897147e-09
6584.81,3.0537161580166785e-09
6584.82,2.9612767502674144e-09
6584.83,2.8939269290279647e-09
6584.84,2.850245131374276e-09
6584.85,2.829282788118467e-09
6584.86,2.829930067599475e-09
6584.87,2.8493857525184938e-09
6584.88,2.8814611775163095e-09
6584.89,2.915172112052019e-09
6584.9,2.935684782010861e-09
6584.91,2.928886494140211e-09
6584.92,2.8871555127035044e-09
6584.93,2.8114407397441972e-09
6584.94,2.719579856226348e-09
6584.95,2.6239648127286106e-09
6584.96,2.537160905462463e-09
6584.97,2.466281722971182e-09
6584.98,2.4169048317338008e-09
6584.99,2.3899387844600595e-09
6585.0,2.386027355248885e-09
6585.01,2.4052285179341863e-09
6585.02,2.447357251679903e-09
6585.03,2.512114143215633e-09
6585.04,2.6004323269487463e-09
6585.05,2.7091667188258154e-09
6585.06,2.8424996162114524e-09
6585.07,3.0158579618272692e-09
6585.08,3.2277236300599163e-09
6585.09,3.486019065239602e-09
6585.1,3.799385464783178e-09
6585.11,4.174831838129893e-09
6585.12,4.6140243546038585e-09
6585.13,5.106925712131375e-09
6585.14,5.625676314746206e-09
6585.15,6.118763571110324e-09
6585.16,6.5157496315920755e-09
6585.17,6.745793827996321e-09
6585.18,6.765962248231629e-09
6585.19,6.580744272555778e-09
6585.2,6.237929440970082e-09
6585.21,5.805260146600814e-09
6585.22,5.346488100388653e-09
6585.23,4.906009312601553e-09
6585.24,4.507349774582637e-09
6585.25,4.158051287451226e-09
6585.26,3.8576575542076524e-09
6585.27,3.604058819300805e-09
6585.28,3.395645209342805e-09
6585.29,3.2316609843836447e-09
6585.3,3.1101607942865826e-09
6585.31,3.028173365310578e-09
6585.32,2.981626361829353e-09
6585.33,2.966153643228711e-09
6585.34,2.978519340742536e-09
6585.35,3.0178864140600437e-09
6585.36,3.085692625810086e-09
6585.37,3.1838951116433044e-09
6585.38,3.3134655240768296e-09
6585.39,3.4724075348736696e-09
6585.4,3.656716411394384e-09
6585.41,3.862272206441439e-09
6585.42,4.088729480233892e-09
6585.43,4.34269984677304e-09
6585.44,4.6381065603363165e-09
6585.45,4.9931244595311534e-09
6585.46,5.427112000976819e-09
6585.47,5.958059012371998e-09
6585.48,6.598476991090196e-09
6585.49,7.353432067614972e-09
6585.5,8.210865541954981e-09
6585.51,9.132169004917623e-09
6585.52,1.004101392841245e-08
6585.53,1.0828773854006298e-08
6585.54,1.1366530772095412e-08
6585.55,1.157068783595492e-08
6585.56,1.143299871199303e-08
6585.57,1.1028545240078796e-08
6585.58,1.0480099275763651e-08
6585.59,9.910773268955752e-09
6585.6,9.413240374884967e-09
6585.61,9.04513415711606e-09
6585.62,8.837278069289693e-09
6585.63,8.804404915796813e-09
6585.64,8.95372800027485e-09
6585.65,9.28882065627955e-09
6585.66,9.810786638729361e-09
6585.67,1.0516538229465703e-08
6585.68,1.1391814769456904e-08
6585.69,1.2397042274156004e-08
6585.7,1.3451176392631808e-08
6585.71,1.4418801553653267e-08
6585.72,1.5126307983210518e-08
6585.73,1.5413977638932385e-08
6585.74,1.5207336463703065e-08
6585.75,1.4557402252339819e-08
6585.76,1.3614624154066752e-08
6585.77,1.2558410886857868e-08
6585.78,1.1534208405366648e-08
6585.79,1.0620716140569702e-08
6585.8,9.845205654910938e-09
6585.81,9.179093026493747e-09
6585.82,8.57454066707383e-09
6585.83,7.97415107309118e-09
6585.84,7.35270992260422e-09
6585.85,6.712248436678633e-09
6585.86,6.0757931287122525e-09
6585.87,5.470666252095731e-09
6585.88,4.917005730960304e-09
6585.89,4.4242782446836504e-09
6585.9,3.990586558277901e-09
6585.91,3.6203356840661106e-09
6585.92,3.3037423423763597e-09
6585.93,3.0342217646688786e-09
6585.94,2.8038422183268073e-09
6585.95,2.6100908351094212e-09
6585.96,2.4465362300526886e-09
6585.97,2.3093180202843705e-09
6585.98,2.195233161822502e-09
6585.99,2.1019520104828735e-09
6586.0,2.0277311390202837e-09
6586.01,1.97120275032467e-09
6586.02,1.931318485153043e-09
6586.03,1.9068983286157553e-09
6586.04,1.896177474446329e-09
6586.05,1.8961774131274754e-09
6586.06,1.8962717396475466e-09
6586.07,1.9013500888648762e-09
6586.08,1.8977294255322937e-09
6586.09,1.8792897772025913e-09
6586.1,1.8435402722449001e-09
6586.11,1.7931454470087072e-09
6586.12,1.734397305825683e-09
6586.13,1.6742707765779898e-09
6586.14,1.6181359757079857e-09
6586.15,1.5692681671129244e-09
6586.16,1.5278208784701894e-09
6586.17,1.4938941396259871e-09
6586.18,1.4668906896160086e-09
6586.19,1.4466323238738338e-09
6586.2,1.4332112307391038e-09
6586.21,1.427034611587266e-09
6586.22,1.4285468622316994e-09
6586.23,1.4382262336078678e-09
6586.24,1.4564123155987839e-09
6586.25,1.4834574830286642e-09
6586.26,1.519731306016188e-09
6586.27,1.5661148446723735e-09
6586.28,1.6223372875449537e-09
6586.29,1.6897611683331266e-09
6586.3,1.7700982791257523e-09
6586.31,1.865834110828073e-09
6586.32,1.9803556707635228e-09
6586.33,2.1175285849666808e-09
6586.34,2.2810432805594726e-09
6586.35,2.4733712104687805e-09
6586.36,2.6941468833037288e-09
6586.37,2.9378100021587423e-09
6586.38,3.1914906867149218e-09
6586.39,3.4338100727826627e-09
6586.4,3.638169373937176e-09
6586.41,3.781416291677843e-09
6586.42,3.854680617546088e-09
6586.43,3.867525974610749e-09
6586.44,3.850611096326802e-09
6586.45,3.832981342688416e-09
6586.46,3.840146488116498e-09
6586.47,3.888762828401402e-09
6586.48,3.988461368125404e-09
6586.49,4.145172952999421e-09
6586.5,4.36368092573696e-09
6586.51,4.6491466673103735e-09
6586.52,5.008484986990328e-09
6586.53,5.450093184373774e-09
6586.54,5.983286560580376e-09
6586.55,6.616344803394609e-09
6586.56,7.351099327937932e-09
6586.57,8.173288175438475e-09
6586.58,9.040074233768408e-09
6586.59,9.867130734210233e-09
6586.6,1.0532729243087412e-08
6586.61,1.0907964628414697e-08
6586.62,1.0909487485829076e-08
6586.63,1.0542874790669678e-08
6586.64,9.898609895153328e-09
6586.65,9.109607007208059e-09
6586.66,8.301179309713473e-09
6586.67,7.553368952781672e-09
6586.68,6.914403941558882e-09
6586.69,6.4023421971539824e-09
6586.7,6.01900455677968e-09
6586.71,5.759467155914623e-09
6586.72,5.6175637010781035e-09
6586.73,5.58890438123341e-09
6586.74,5.6719850486997065e-09
6586.75,5.868695328050076e-09
6586.76,6.184071043574442e-09
6586.77,6.62567971601542e-09
6586.78,7.202392837329598e-09
6586.79,7.921797340890115e-09
6586.8,8.78445194885886e-09
6586.81,9.77257932207451e-09
6586.82,1.0835378966889183e-08
6586.83,1.1872733443272153e-08
6586.84,1.2736865451807199e-08
6586.85,1.3265901900289495e-08
6586.86,1.3347786785760039e-08
6586.87,1.2976603740320296e-08
6586.88,1.2255083097864305e-08
6586.89,1.1339421875485102e-08
6586.9,1.0371161309604784e-08
6586.91,9.435969799079802e-09
6586.92,8.564818397644634e-09
6586.93,7.765372063868471e-09
6586.94,7.014582494990513e-09
6586.95,6.308775389355753e-09
6586.96,5.6478132577591985e-09
6586.97,5.048515270854658e-09
6586.98,4.51282712177559e-09
6586.99,4.045497366133823e-09
6587.0,3.642827086600856e-09
6587.01,3.2991808110184805e-09
6587.02,3.007453908589325e-09
6587.03,2.7605882580216768e-09
6587.04,2.5517649084372e-09
6587.05,2.375338297116412e-09
6587.06,2.2257341581498342e-09
6587.07,2.097700654563448e-09
6587.08,1.987741999319885e-09
6587.09,1.8926798716246983e-09
6587.1,1.810275523009664e-09
6587.11,1.7391159846467489e-09
6587.12,1.6787772618938367e-09
6587.13,1.6287915980348344e-09
6587.14,1.5890696211477929e-09
6587.15,1.5592036580464909e-09
6587.16,1.5387812372216243e-09
6587.17,1.5273734377637469e-09
6587.18,1.5245290276207636e-09
6587.19,1.5294298990411553e-09
6587.2,1.541284019385821e-09
6587.21,1.5579890548301541e-09
6587.22,1.5772112572208198e-09
6587.23,1.5960411322137184e-09
6587.24,1.6117555147913145e-09
6587.25,1.6228226086493225e-09
6587.26,1.6295494502064362e-09
6587.27,1.634076444496754e-09
6587.28,1.640033184407609e-09
6587.29,1.6514642573128388e-09
6587.3,1.6719793094154456e-09
6587.31,1.7039531094292533e-09
6587.32,1.7484995126285873e-09
6587.33,1.8044827506663827e-09
6587.34,1.868595247142111e-09
6587.35,1.934858733278363e-09
6587.36,1.994159691739312e-09
6587.37,2.035033701049193e-09
6587.38,2.0475448570312627e-09
6587.39,2.0282460493897887e-09
6587.4,1.9811955423322594e-09
6587.41,1.9176704461109485e-09
6587.42,1.8500192009102047e-09
6587.43,1.7876563348846223e-09
6587.44,1.7365554316633024e-09
6587.45,1.6992516465361556e-09
6587.46,1.678947355731528e-09
6587.47,1.6752659111538836e-09
6587.48,1.68813831361831e-09
6587.49,1.7174085106419258e-09
6587.5,1.763128093830047e-09
6587.51,1.8255455175321584e-09
6587.52,1.9059166057122584e-09
6587.53,2.005450939174737e-09
6587.54,2.126162317274149e-09
6587.55,2.2705697946361427e-09
6587.56,2.4425530138443343e-09
6587.57,2.6467932046792465e-09
6587.58,2.889629819903419e-09
6587.59,3.179156715753169e-09
6587.6,3.5253051493836233e-09
6587.61,3.939770259113543e-09
6587.62,4.435446403064988e-09
6587.63,5.026107596622615e-09
6587.64,5.7223874567435735e-09
6587.65,6.5272401452663456e-09
6587.66,7.4265004542511075e-09
6587.67,8.376742046265811e-09
6587.68,9.294713988940016e-09
6587.69,1.0060222173219622e-08
6587.7,1.0545035235767833e-08
6587.71,1.0663358754071784e-08
6587.72,1.0413282179823317e-08
6587.73,9.874977837417163e-09
6587.74,9.169861919577771e-09
6587.75,8.410601963725429e-09
6587.76,7.676139426891427e-09
6587.77,7.007886718984456e-09
6587.78,6.42428222727226e-09
6587.79,5.929661212546416e-09
6587.8,5.5245560146657904e-09
6587.81,5.207539468009084e-09
6587.82,4.975493136180791e-09
6587.83,4.8244646674314284e-09
6587.84,4.752076395493277e-09
6587.85,4.757044363693422e-09
6587.86,4.844232020066759e-09
6587.87,5.0204055180164824e-09
6587.88,5.295107910152139e-09
6587.89,5.676545737936438e-09
6587.9,6.1819933462160754e-09
6587.91,6.817266102727722e-09
6587.92,7.5827153387203e-09
6587.93,8.460079726956086e-09
6587.94,9.40027557817635e-09
6587.95,1.0310066756385113e-08
6587.96,1.105496685424357e-08
6587.97,1.1487906556166662e-08
6587.98,1.1505969326495175e-08
6587.99,1.1094721611024564e-08
6588.0,1.0352834681474544e-08
6588.01,9.415174143970782e-09
6588.02,8.41709314030604e-09
6588.03,7.458365341631903e-09
6588.04,6.5890390795901244e-09
6588.05,5.833459376293947e-09
6588.06,5.1931570774343386e-09
6588.07,4.6584790238240944e-09
6588.08,4.214140742802843e-09
6588.09,3.842124449983803e-09
6588.1,3.524054533741894e-09
6588.11,3.243726943468076e-09
6588.12,2.9898926883645284e-09
6588.13,2.757257814798625e-09
6588.14,2.544954444597639e-09
6588.15,2.3536988297630374e-09
6588.16,2.1836716813103647e-09
6588.17,2.033818031608111e-09
6588.18,1.902149705332641e-09
6588.19,1.7876610192208618e-09
6588.2,1.6884842946800887e-09
6588.21,1.6034235493494914e-09
6588.22,1.531435931954778e-09
6588.23,1.4715541776713656e-09
6588.24,1.422906971562965e-09
6588.25,1.3847016585194033e-09
6588.26,1.3562769923053741e-09
6588.27,1.3371028976575806e-09
6588.28,1.326659558236047e-09
6588.29,1.3244327032192322e-09
6588.3,1.3298536746747886e-09
6588.31,1.3423057251317802e-09
6588.32,1.3612032213230283e-09
6588.33,1.3861159116302284e-09
6588.34,1.416779346853037e-09
6588.35,1.4529318278315784e-09
6588.36,1.49378372655213e-09
6588.37,1.537640557555083e-09
6588.38,1.5822045780030017e-09
6588.39,1.6256483541893629e-09
6588.4,1.6680748192734188e-09
6588.41,1.7113277113378967e-09
6588.42,1.7570424032508522e-09
6588.43,1.804027093331985e-09
6588.44,1.8467783584450589e-09
6588.45,1.8762256973796727e-09
6588.46,1.884324971390645e-09
6588.47,1.866732046313237e-09
6588.48,1.8262117906830477e-09
6588.49,1.7697917255791522e-09
6588.5,1.7113145876582622e-09
6588.51,1.6580922191758963e-09
6588.52,1.6162039327353275e-09
6588.53,1.5890138996334168e-09
6588.54,1.5779747910075357e-09
6588.55,1.5831482671094014e-09
6588.56,1.6045417088268828e-09
6588.57,1.6411592182929771e-09
6588.58,1.6917852038481622e-09
6588.59,1.754782110938193e-09
6588.6,1.8283257678655858e-09
6588.61,1.9112870567674576e-09
6588.62,2.0049815574246895e-09
6588.63,2.1114193036056256e-09
6588.64,2.236400220100388e-09
6588.65,2.3856380788313325e-09
6588.66,2.5643144332071305e-09
6588.67,2.777506415531579e-09
6588.68,3.0291858269702783e-09
6588.69,3.324063942144914e-09
6588.7,3.6681712568281937e-09
6588.71,4.069220805568291e-09
6588.72,4.535727727943639e-09
6588.73,5.075249128698863e-09
6588.74,5.691894500726919e-09
6588.75,6.382673587252558e-09
6588.76,7.130858174506436e-09
6588.77,7.897317883388724e-09
6588.78,8.610123519967568e-09
6588.79,9.166475984149054e-09
6588.8,9.456927488372332e-09
6588.81,9.411284411473034e-09
6588.82,9.036337861868976e-09
6588.83,8.415161255869208e-09
6588.84,7.666907730935513e-09
6588.85,6.899841595560186e-09
6588.86,6.187510150665573e-09
6588.87,5.5678118723754235e-09
6588.88,5.0479410359577705e-09
6588.89,4.625640072680069e-09
6588.9,4.290921565532705e-09
6588.91,4.030249286783994e-09
6588.92,3.84235920042241e-09
6588.93,3.7177148911105727e-09
6588.94,3.65218757312726e-09
6588.95,3.643605437055997e-09
6588.96,3.6923689567486562e-09
6588.97,3.8019764692358865e-09
6588.98,3.9789213427230806e-09
6588.99,4.232054887907883e-09
6589.0,4.571820953910393e-09
6589.01,5.009060685553123e-09
6589.02,5.552673082940592e-09
6589.03,6.2047784938422265e-09
6589.04,6.952122391951367e-09
6589.05,7.75551003458372e-09
6589.06,8.538046358636612e-09
6589.07,9.187418428008287e-09
6589.08,9.576352438494849e-09
6589.09,9.631704411280674e-09
6589.1,9.337814298831812e-09
6589.11,8.765860766889202e-09
6589.12,8.02250480728701e-09
6589.13,7.21240372633277e-09
6589.14,6.409430262216731e-09
6589.15,5.658921358631308e-09
6589.16,4.98472088516553e-09
6589.17,4.3953980942141795e-09
6589.18,3.8894526870245675e-09
6589.19,3.460129924017009e-09
6589.2,3.0978824985288763e-09
6589.21,2.792523602146434e-09
6589.22,2.534637979175256e-09
6589.23,2.3161365106421145e-09
6589.24,2.1305451479641302e-09
6589.25,1.9727855784624006e-09
6589.26,1.8387468390172446e-09
6589.27,1.7251457142470382e-09
6589.28,1.6293296952785239e-09
6589.29,1.5492485859530382e-09
6589.3,1.4833605736010853e-09
6589.31,1.430501467220291e-09
6589.32,1.3897428808347588e-09
6589.33,1.360251185137013e-09
6589.34,1.3411343885722656e-09
6589.35,1.3312927572372157e-09
6589.36,1.3292935628798583e-09
6589.37,1.3334754095889198e-09
6589.38,1.342960134188885e-09
6589.39,1.355727051789292e-09
6589.4,1.372611200195005e-09
6589.41,1.394862625424812e-09
6589.42,1.4238752761297029e-09
6589.43,1.46081017374346e-09
6589.44,1.5059647899610279e-09
6589.45,1.5582006338899274e-09
6589.46,1.6143255631243642e-09
6589.47,1.6688313399432857e-09
6589.48,1.7143765894917357e-09
6589.49,1.7432121647089733e-09
6589.5,1.7492295461406148e-09
6589.51,1.7309722164482281e-09
6589.52,1.691037586371242e-09
6589.53,1.635866657748479e-09
6589.54,1.5733644542577067e-09
6589.55,1.5108014625446757e-09
6589.56,1.4537539194008565e-09
6589.57,1.4058599423825756e-09
6589.58,1.3691893669900523e-09
6589.59,1.3447447969376741e-09
6589.6,1.3329892699637174e-09
6589.61,1.334172899813626e-09
6589.62,1.3485706211504204e-09
6589.63,1.3766080755774075e-09
6589.64,1.4188981088036392e-09
6589.65,1.476167939797048e-09
6589.66,1.5491300167833652e-09
6589.67,1.6380416457879611e-09
6589.68,1.742145255758874e-09
6589.69,1.8581294156510156e-09
6589.7,1.982276442547225e-09
6589.71,2.1059241168474677e-09
6589.72,2.2195594363437994e-09
6589.73,2.3152151574671582e-09
6589.74,2.390196900683685e-09
6589.75,2.449169336615976e-09
6589.76,2.5030065828385767e-09
6589.77,2.5653010659993e-09
6589.78,2.649486740796462e-09
6589.79,2.766853261881928e-09
6589.8,2.9272805022688766e-09
6589.81,3.140139383179627e-09
6589.82,3.4150222400890796e-09
6589.83,3.7616285060098045e-09
6589.84,4.188440905793904e-09
6589.85,4.6994048152180185e-09
6589.86,5.287691729783392e-09
6589.87,5.9274897280552066e-09
6589.88,6.563711060157208e-09
6589.89,7.1102364487100835e-09
6589.9,7.466342181685954e-09
6589.91,7.553688755663962e-09
6589.92,7.3552025568607505e-09
6589.93,6.924457133750821e-09
6589.94,6.357117742413771e-09
6589.95,5.745535979128931e-09
6589.96,5.168275131446007e-09
6589.97,4.656797984535994e-09
6589.98,4.226955919229882e-09
6589.99,3.879031152282049e-09
6590.0,3.606923871886194e-09
6590.01,3.4030729952634977e-09
6590.02,3.260810976477466e-09
6590.03,3.1752540831987237e-09
6590.04,3.1437138854371674e-09
6590.05,3.165280902959872e-09
6590.06,3.2409002648314984e-09
6590.07,3.373227571385153e-09
6590.08,3.5665788000354322e-09
6590.09,3.826935864127571e-09
6590.1,4.161686834462579e-09
6590.11,4.578678815346765e-09
6590.12,5.083258621516388e-09
6590.13,5.673217900790646e-09
6590.14,6.3282237324139845e-09
6590.15,6.999805515474571e-09
6590.16,7.610410944938375e-09
6590.17,8.062360513670523e-09
6590.18,8.26811107421929e-09
6590.19,8.20738974264954e-09
6590.2,7.916394852077205e-09
6590.21,7.478663267752882e-09
6590.22,6.980927048293405e-09
6590.23,6.483687386406897e-09
6590.24,6.014368996860369e-09
6590.25,5.577201163937729e-09
6590.26,5.164049753221064e-09
6590.27,4.764542431054564e-09
6590.28,4.3725810823948166e-09
6590.29,3.988847252939456e-09
6590.3,3.6198972248507727e-09
6590.31,3.274598331633921e-09
6590.32,2.9604293515228706e-09
6590.33,2.6815078181717087e-09
6590.34,2.438482566274539e-09
6590.35,2.2293012768961194e-09
6590.36,2.050218912505074e-09
6590.37,1.896629812310671e-09
6590.38,1.763560148389534e-09
6590.39,1.6473648668561296e-09
6590.4,1.5448519379417867e-09
6590.41,1.454446192014836e-09
6590.42,1.3755871712510338e-09
6590.43,1.3081160069435288e-09
6590.44,1.2518464113929512e-09
6590.45,1.2064170178154425e-09
6590.46,1.1713142244597847e-09
6590.47,1.1458389336193557e-09
6590.48,1.1289591049862227e-09
6590.49,1.1190831501009413e-09
6590.5,1.113750772821742e-09
6590.51,1.1098125398153887e-09
6590.52,1.104130916236821e-09
6590.53,1.0948016542834085e-09
6590.54,1.081921510965247e-09
6590.55,1.067315816067076e-09
6590.56,1.0534942846626644e-09
6590.57,1.0427332566133991e-09
6590.58,1.0366842569241458e-09
6590.59,1.0362965222470852e-09
6590.6,1.0419979899265597e-09
6590.61,1.0539373978981413e-09
6590.62,1.0723080766999428e-09
6590.63,1.0972644210760735e-09
6590.64,1.1302133660494543e-09
6590.65,1.1716178114377827e-09
6590.66,1.2217991597742515e-09
6590.67,1.2810527696196292e-09
6590.68,1.349220128134232e-09
6590.69,1.4260886120501074e-09
6590.7,1.5111488208989758e-09
6590.71,1.6029043333646667e-09
6590.72,1.6978054996909922e-09
6590.73,1.789605148217686e-09
6590.74,1.8697376036997943e-09
6590.75,1.9295713826543774e-09
6590.76,1.963731411111394e-09
6590.77,1.9723312947726784e-09
6590.78,1.9609963424013396e-09
6590.79,1.9385734399209016e-09
6590.8,1.9144774343841475e-09
6590.81,1.896974675601395e-09
6590.82,1.8928082157150958e-09
6590.83,1.9071324468714616e-09
6590.84,1.944041933817905e-09
6590.85,2.006619086815503e-09
6590.86,2.0980461827374775e-09
6590.87,2.2214392704784475e-09
6590.88,2.381292078726021e-09
6590.89,2.5809574900944197e-09
6590.9,2.8265755983923242e-09
6590.91,3.124217286385681e-09
6590.92,3.479901133586936e-09
6590.93,3.898236927277994e-09
6590.94,4.380258375813863e-09
6590.95,4.920055115008853e-09
6590.96,5.5000142804404335e-09
6590.97,6.085911104128205e-09
6590.98,6.622030290640062e-09
6590.99,7.034347921460658e-09
6591.0,7.246494894040524e-09
6591.01,7.210706637978466e-09
6591.02,6.931319747583229e-09
6591.03,6.47685706889462e-09
6591.04,5.933061147852331e-09
6591.05,5.378887719146936e-09
6591.06,4.8706828054162075e-09
6591.07,4.436996951932167e-09
6591.08,4.0880293789270125e-09
6591.09,3.823307599237738e-09
6591.1,3.6376872247013853e-09
6591.11,3.5245179842706035e-09
6591.12,3.4768951145676667e-09
6591.13,3.4880327672750823e-09
6591.14,3.5508730175584957e-09
6591.15,3.65832173724889e-09
6591.16,3.803946654758026e-09
6591.17,3.984825241803154e-09
6591.18,4.200019127818794e-09
6591.19,4.456017526692588e-09
6591.2,4.759680344884268e-09
6591.21,5.11073393482282e-09
6591.22,5.493301710299827e-09
6591.23,5.864582934356763e-09
6591.24,6.156401151094406e-09
6591.25,6.291605913498739e-09
6591.26,6.2164349212753895e-09
6591.27,5.929008761569739e-09
6591.28,5.47646600338007e-09
6591.29,4.943481450881683e-09
6591.3,4.397001688016482e-09
6591.31,3.88498130003196e-09
6591.32,3.4311262601858007e-09
6591.33,3.0426403927039306e-09
6591.34,2.716906804977024e-09
6591.35,2.4475914334522372e-09
6591.36,2.2267807215634916e-09
6591.37,2.047050946448285e-09
6591.38,1.901752482517028e-09
6591.39,1.7852942849467758e-09
6591.4,1.6931021877056362e-09
6591.41,1.6217479556743427e-09
6591.42,1.5689979349998923e-09
6591.43,1.5335834418708367e-09
6591.44,1.5150088678995916e-09
6591.45,1.512827098698666e-09
6591.46,1.5264756238528934e-09
6591.47,1.5548555403466136e-09
6591.48,1.5958589956284905e-09
6591.49,1.6459095333103434e-09
6591.5,1.6994340707006873e-09
6591.51,1.7490532367704365e-09
6591.52,1.7873482814352047e-09
6591.53,1.80793973132264e-09
6591.54,1.8084130321957882e-09
6591.55,1.7909923461010604e-09
6591.56,1.7617132380924651e-09
6591.57,1.7282384853761912e-09
6591.58,1.6979049860134541e-09
6591.59,1.6766673614570586e-09
6591.6,1.6686972030751897e-09
6591.61,1.677019939475308e-09
6591.62,1.7032080781864575e-09
6591.63,1.7485435463469751e-09
6591.64,1.8111204961761517e-09
6591.65,1.8895563764724244e-09
6591.66,1.9800411599396922e-09
6591.67,2.0765200790787505e-09
6591.68,2.1704814600570027e-09
6591.69,2.251198380434124e-09
6591.7,2.3075772269715345e-09
6591.71,2.3313976639018994e-09
6591.72,2.3205275796583674e-09
6591.73,2.279870653891514e-09
6591.74,2.219368662301433e-09
6591.75,2.150702488834657e-09
6591.76,2.0841684585090582e-09
6591.77,2.027034769097809e-09
6591.78,1.9826225726107222e-09
6591.79,1.9502651149500387e-09
6591.8,1.9258862314655848e-09
6591.81,1.9032654102347425e-09
6591.82,1.8762613612309913e-09
6591.83,1.8406408987443692e-09
6591.84,1.7957646881289688e-09
6591.85,1.7444572339415144e-09
6591.86,1.6918247828872452e-09
6591.87,1.6432173065610924e-09
6591.88,1.6032437797738511e-09
6591.89,1.5752341990671943e-09
6591.9,1.5613312671607754e-09
6591.91,1.5627310453520125e-09
6591.92,1.5801841158721348e-09
6591.93,1.6144879809827991e-09
6591.94,1.6669024991559772e-09
6591.95,1.7392743532657693e-09
6591.96,1.8341644111977821e-09
6591.97,1.954107412001145e-09
6591.98,2.103026075628226e-09
6591.99,2.2842741369406496e-09
6592.0,2.50205602668156e-09
6592.01,2.7608809923411e-09
6592.02,3.064927648906074e-09
6592.03,3.4167226980027027e-09
6592.04,3.814718271344703e-09
6592.05,4.249544497553906e-09
6592.06,4.699614238376302e-09
6592.07,5.125488894397488e-09
6592.08,5.47027110695004e-09
6592.09,5.671629334456842e-09
6592.1,5.6836791158727705e-09
6592.11,5.513826659757777e-09
6592.12,5.203067703337981e-09
6592.13,4.820932500744816e-09
6592.14,4.431811674771439e-09
6592.15,4.0801982541333755e-09
6592.16,3.788902230124594e-09
6592.17,3.566231644258927e-09
6592.18,3.4095035890457516e-09
6592.19,3.3138445629959244e-09
6592.2,3.273812881351594e-09
6592.21,3.2845984518370055e-09
6592.22,3.344098991055106e-09
6592.23,3.453060407477978e-09
6592.24,3.6145486826059746e-09
6592.25,3.8324373572187e-09
6592.26,4.107781421656383e-09
6592.27,4.433486105618618e-09
6592.28,4.787715109389493e-09
6592.29,5.128306471490283e-09
6592.3,5.396302527588014e-09
6592.31,5.532954550595035e-09
6592.32,5.505384526731472e-09
6592.33,5.323431632506533e-09
6592.34,5.032764516969085e-09
6592.35,4.691374326416012e-09
6592.36,4.3494981389875705e-09
6592.37,4.035403905418192e-09
6592.38,3.7726154692498725e-09
6592.39,3.561464373959546e-09
6592.4,3.3951254453081226e-09
6592.41,3.259173122232087e-09
6592.42,3.134746717968852e-09
6592.43,3.003325188336272e-09
6592.44,2.8518693051290816e-09
6592.45,2.676384746180015e-09
6592.46,2.481809757252518e-09
6592.47,2.2784983542350976e-09
6592.48,2.077682111582674e-09
6592.49,1.888198779222223e-09
6592.5,1.7154658724512334e-09
6592.51,1.5617338594183133e-09
6592.52,1.4269002723687893e-09
6592.53,1.309644851432899e-09
6592.54,1.2078262151656598e-09
6592.55,1.1192703189415812e-09
6592.56,1.0421049997217696e-09
6592.57,9.748678890874346e-10
6592.58,9.164454061625074e-10
6592.59,8.657566419882104e-10
6592.6,8.218839838517788e-10
6592.61,7.831665630503973e-10
6592.62,7.485544966196015e-10
6592.63,7.168878386285646e-10
6592.64,6.875132247268964e-10
6592.65,6.59933037749015e-10
6592.66,6.34281397233641e-10
6592.67,6.107887475076542e-10
6592.68,5.896540432776024e-10
6592.69,5.706077551061532e-10
6592.7,5.543068542045536e-10
6592.71,5.402833121522122e-10
6592.72,5.283874697631629e-10
6592.73,5.184782611118117e-10
6592.74,5.104010346101164e-10
6592.75,5.040536941911942e-10
6592.76,4.993352548175984e-10
6592.77,4.962162587674115e-10
6592.78,4.946475741235358e-10
6592.79,4.946206453702283e-10
6592.8,4.963455463096404e-10
6592.81,4.99480381145909e-10
6592.82,5.04242622979675e-10
6592.83,5.108196273914132e-10
6592.84,5.192902962225969e-10
6592.85,5.297975268831803e-10
6592.86,5.42495580364355e-10
6592.87,5.571549814435894e-10
6592.88,5.744540306969644e-10
6592.89,5.938860394325302e-10
6592.9,6.151440746517426e-10
6592.91,6.378503003450318e-10
6592.92,6.618626784788836e-10
6592.93,6.875523735510368e-10
6592.94,7.158295200131674e-10
6592.95,7.479042500592323e-10
6592.96,7.850170355567919e-10
6592.97,8.283246833826641e-10
6592.98,8.789302194460304e-10
6592.99,9.379814001148808e-10
6593.0,1.00675373608681e-09
6593.01,1.0867229783710965e-09
6593.02,1.1796412682950699e-09
6593.03,1.2876391954485806e-09
6593.04,1.4133903418207179e-09
6593.05,1.560322457683465e-09
6593.06,1.7326755398987167e-09
6593.07,1.935580349590763e-09
6593.08,2.1746851076022487e-09
6593.09,2.456211366973768e-09
6593.1,2.7831053457371906e-09
6593.11,3.1571957019623893e-09
6593.12,3.573616798397113e-09
6593.13,4.0177959986333854e-09
6593.14,4.4619469703542e-09
6593.15,4.863020307207543e-09
6593.16,5.167001942553505e-09
6593.17,5.323051110939588e-09
6593.18,5.297364905480853e-09
6593.19,5.105938025764027e-09
6593.2,4.792455940579055e-09
6593.21,4.419780627373276e-09
6593.22,4.045039184203308e-09
6593.23,3.708001608189107e-09
6593.24,3.4306241090647857e-09
6593.25,3.2227814926673218e-09
6593.26,3.08720799979283e-09
6593.27,3.0233270069705443e-09
6593.28,3.0290117299045274e-09
6593.29,3.100561771676519e-09
6593.3,3.2306290006920753e-09
6593.31,3.4048224541046875e-09
6593.32,3.5965172048395015e-09
6593.33,3.764951005921525e-09
6593.34,3.860657565720144e-09
6593.35,3.843431741260147e-09
6593.36,3.699205038570734e-09
6593.37,3.448252493027304e-09
6593.38,3.1328359113189307e-09
6593.39,2.7973504833579667e-09
6593.4,2.4747328691241935e-09
6593.41,2.1829298453143936e-09
6593.42,1.9286159520860112e-09
6593.43,1.7114603712685923e-09
6593.44,1.5279620358176722e-09
6593.45,1.3710600819661115e-09
6593.46,1.241594266284571e-09
6593.47,1.1330734033133976e-09
6593.48,1.0421990758786932e-09
6593.49,9.662348523871177e-10
6593.5,9.029382364188811e-10
6593.51,8.504451688314476e-10
6593.52,8.072842255898675e-10
6593.53,7.720798877103779e-10
6593.54,7.431318811110826e-10
6593.55,7.199099114670664e-10
6593.56,7.00535535174393e-10
6593.57,6.835650265565387e-10
6593.58,6.676236189013392e-10
6593.59,6.518080558945435e-10
6593.6,6.359018424256699e-10
6593.61,6.204255192691279e-10
6593.62,6.063168934239055e-10
6593.63,5.945421026886496e-10
6593.64,5.858459100535058e-10
6593.65,5.806680879148706e-10
6593.66,5.792738960308794e-10
6593.67,5.818211613911073e-10
6593.68,5.884527165486413e-10
6593.69,5.993478288137339e-10
6593.7,6.146374357477727e-10
6593.71,6.348516449493181e-10
6593.72,6.602668795024428e-10
6593.73,6.913085349808506e-10
6593.74,7.285274087984822e-10
6593.75,7.726248498631244e-10
6593.76,8.245632542178446e-10
6593.77,8.856459699911261e-10
6593.78,9.57492627682171e-10
6593.79,1.041845922812238e-09
6593.8,1.1401808140701591e-09
6593.81,1.2537953007973927e-09
6593.82,1.380204025633447e-09
6593.83,1.5160354471651593e-09
6593.84,1.653186287455608e-09
6593.85,1.7791144783942679e-09
6593.86,1.877939645626183e-09
6593.87,1.9343507889081866e-09
6593.88,1.9388889038947255e-09
6593.89,1.8918060085932004e-09
6593.9,1.8029271263625886e-09
6593.91,1.6875690979114377e-09
6593.92,1.5614062124204994e-09
6593.93,1.4368021716629995e-09
6593.94,1.3214940875275865e-09
6593.95,1.2205745497058927e-09
6593.96,1.1352574636629277e-09
6593.97,1.06557063146084e-09
6593.98,1.0107558803420898e-09
6593.99,9.697732475052785e-10
6594.0,9.415646591660802e-10
6594.01,9.252355346040384e-10
6594.02,9.200002933331431e-10
6594.03,9.25214503020644e-10
6594.04,9.403095764208755e-10
6594.05,9.647385181851117e-10
6594.06,9.979324299627212e-10
6594.07,1.0393005241530838e-09
6594.08,1.0882501819135329e-09
6594.09,1.1447054936940613e-09
6594.1,1.2081468609906322e-09
6594.11,1.2800747673392539e-09
6594.12,1.3629253696215525e-09
6594.13,1.4600358669420006e-09
6594.14,1.5746868356592542e-09
6594.15,1.7094346916508446e-09
6594.16,1.8640886474887337e-09
6594.17,2.038045809862763e-09
6594.18,2.2302008342734282e-09
6594.19,2.4402865512195093e-09
6594.2,2.667337743246245e-09
6594.21,2.9053544322642363e-09
6594.22,3.136767475634335e-09
6594.23,3.331505301977851e-09
6594.24,3.455187138853661e-09
6594.25,3.485440503091768e-09
6594.26,3.426049409966904e-09
6594.27,3.3044438296333668e-09
6594.28,3.166148648201468e-09
6594.29,3.04600998223233e-09
6594.3,2.9685861450370437e-09
6594.31,2.9446406003424777e-09
6594.32,2.9727314356658926e-09
6594.33,3.03955094897448e-09
6594.34,3.1190721129229694e-09
6594.35,3.1751588287960605e-09
6594.36,3.1708521141195416e-09
6594.37,3.083615267159378e-09
6594.38,2.9159481185966525e-09
6594.39,2.6928319879748527e-09
6594.4,2.44781226485111e-09
6594.41,2.2096401459823406e-09
6594.42,1.9964547526699793e-09
6594.43,1.8163510584391152e-09
6594.44,1.6712288957005185e-09
6594.45,1.559678524983748e-09
6594.46,1.479114795426529e-09
6594.47,1.4269557418249205e-09
6594.48,1.4007068187178098e-09
6594.49,1.399671399590999e-09
6594.5,1.4224498443031303e-09
6594.51,1.4661973126688823e-09
6594.52,1.533882954386261e-09
6594.53,1.6218321492940012e-09
6594.54,1.7240913629959517e-09
6594.55,1.8329481840343748e-09
6594.56,1.9356286207310956e-09
6594.57,2.015534553944171e-09
6594.58,2.0559611296872114e-09
6594.59,2.045570650245798e-09
6594.6,1.9830977675927486e-09
6594.61,1.8781735438162796e-09
6594.62,1.7458795974726223e-09
6594.63,1.6031764714803194e-09
6594.64,1.463159740604757e-09
6594.65,1.3341095052930701e-09
6594.66,1.2197684344932476e-09
6594.67,1.1205671088072702e-09
6594.68,1.0349441229479901e-09
6594.69,9.60511893044838e-10
6594.7,8.949526326839906e-10
6594.71,8.36464598927897e-10
6594.72,7.837426582893534e-10
6594.73,7.357659226956018e-10
6594.74,6.917184746391462e-10
6594.75,6.510900279355244e-10
6594.76,6.137767025113001e-10
6594.77,5.799565942460118e-10
6594.78,5.498976838303618e-10
6594.79,5.236964086215659e-10
6594.8,5.01236500151574e-10
6594.81,4.822385033724966e-10
6594.82,4.663436373533025e-10
6594.83,4.531973654904403e-10
6594.84,4.4251283197442904e-10
6594.85,4.341011034501157e-10
6594.86,4.278688897153907e-10
6594.87,4.2379749124377065e-10
6594.88,4.2189339109681816e-10
6594.89,4.2218218388166137e-10
6594.9,4.2466529003858544e-10
6594.91,4.2880903575908936e-10
6594.92,4.3542503336744344e-10
6594.93,4.4370319600345486e-10
6594.94,4.530653914080348e-10
6594.95,4.6267957607431573e-10
6594.96,4.716123240935044e-10
6594.97,4.791520620001495e-10
6594.98,4.847721128635516e-10
6594.99,4.896265385696644e-10
6595.0,4.942205758969287e-10
6595.01,4.995252360539802e-10
6595.02,5.063976889775753e-10
6595.03,5.154744853593021e-10
6595.04,5.271633183627795e-10
6595.05,5.416923879148751e-10
6595.06,5.592247516653518e-10
6595.07,5.800027633898822e-10
6595.08,6.044483971946652e-10
6595.09,6.332005096407555e-10
6595.1,6.670298637141051e-10
6595.11,7.07044257000189e-10
6595.12,7.537760237950143e-10
6595.13,8.085472383283505e-10
6595.14,8.728098975011984e-10
6595.15,9.48183732668e-10
6595.16,1.0367313586631819e-09
6595.17,1.1409427063886217e-09
6595.18,1.2639122407434814e-09
6595.19,1.409355994470598e-09
6595.2,1.5816627030551282e-09
6595.21,1.7857919201335371e-09
6595.22,2.0269284873060355e-09
6595.23,2.3104326650270385e-09
6595.24,2.6375474738583343e-09
6595.25,3.006738107219725e-09
6595.26,3.4071904487079388e-09
6595.27,3.816088449169038e-09
6595.28,4.19695175171812e-09
6595.29,4.506232550368496e-09
6595.3,4.706452225068549e-09
6595.31,4.7836308309500005e-09
6595.32,4.7505821308599925e-09
6595.33,4.634335047860013e-09
6595.34,4.455687885826024e-09
6595.35,4.226895960193957e-09
6595.36,3.947609210577811e-09
6595.37,3.6244674980532755e-09
6595.38,3.274823059409652e-09
6595.39,2.921950877576197e-09
6595.4,2.586499736204112e-09
6595.41,2.2816494085193826e-09
6595.42,2.0123699093411006e-09
6595.43,1.7793617014858843e-09
6595.44,1.5794087898026657e-09
6595.45,1.4084639141220324e-09
6595.46,1.2623721916181782e-09
6595.47,1.1373796661045147e-09
6595.48,1.0302858403188223e-09
6595.49,9.38394198806446e-10
6595.5,8.598857842628988e-10
6595.51,7.918684285204273e-10
6595.52,7.331056571802736e-10
6595.53,6.822818185063831e-10
6595.54,6.381774841184132e-10
6595.55,5.998372086079956e-10
6595.56,5.647934445857082e-10
6595.57,5.357111062859066e-10
6595.58,5.103427770592569e-10
6595.59,4.877850860732952e-10
6595.6,4.68680983779455e-10
6595.61,4.522032655510157e-10
6595.62,4.3810490869581625e-10
6595.63,4.261857002971647e-10
6595.64,4.162844110520921e-10
6595.65,4.0827129281121703e-10
6595.66,4.0203037695606845e-10
6595.67,3.974894314807942e-10
6595.68,3.9455218559175747e-10
6595.69,3.9313207620486534e-10
6595.7,3.93144439913621e-10
6595.71,3.9452540755022444e-10
6595.72,3.9725819611709827e-10
6595.73,4.0142676745614123e-10
6595.74,4.0714640013090213e-10
6595.75,4.1463214937288905e-10
6595.76,4.241125717108162e-10
6595.77,4.3581690418821753e-10
6595.78,4.499775555484506e-10
6595.79,4.667829765919255e-10
6595.8,4.864622214446978e-10
6595.81,5.09267269129789e-10
6595.82,5.352634136598845e-10
6595.83,5.654859977873191e-10
6595.84,6.003766467053494e-10
6595.85,6.409151569311435e-10
6595.86,6.8834646706529e-10
6595.87,7.441877853688212e-10
6595.88,8.101670662795032e-10
6595.89,8.882395929078521e-10
6595.9,9.805459126933384e-10
6595.91,1.089384635995083e-09
6595.92,1.2169632140131556e-09
6595.93,1.3650123386927096e-09
6595.94,1.5338163798318056e-09
6595.95,1.7213023408703337e-09
6595.96,1.918490373030608e-09
6595.97,2.111654620526781e-09
6595.98,2.2793802223825653e-09
6595.99,2.3969100800355283e-09
6596.0,2.443476688581216e-09
6596.01,2.410951118624852e-09
6596.02,2.3079593844417958e-09
6596.03,2.1562750504118226e-09
6596.04,1.982046404653182e-09
6596.05,1.8075157838756607e-09
6596.06,1.6475136858975871e-09
6596.07,1.509596370160803e-09
6596.08,1.3955390130553031e-09
6596.09,1.304303460766647e-09
6596.1,1.2329660619807693e-09
6596.11,1.1777409813178831e-09
6596.12,1.1344385410323592e-09
6596.13,1.0991031183129059e-09
6596.14,1.0687497945312612e-09
6596.15,1.041930006323815e-09
6596.16,1.018747339257287e-09
6596.17,1.0002141926235688e-09
6596.18,9.886330438256731e-10
6596.19,9.860143344925962e-10
6596.2,9.94773691343957e-10
6596.21,1.0173671238364763e-09
6596.22,1.0562772103042643e-09
6596.23,1.114122322107758e-09
6596.24,1.1937911152170118e-09
6596.25,1.2985110921477521e-09
6596.26,1.431588348255242e-09
6596.27,1.5950896981452375e-09
6596.28,1.7904239475601428e-09
6596.29,2.0125200554705755e-09
6596.3,2.24816903875687e-09
6596.31,2.4733181333257355e-09
6596.32,2.654280964726061e-09
6596.33,2.7562714331851264e-09
6596.34,2.756486210275939e-09
6596.35,2.6536354161344434e-09
6596.36,2.469579668052022e-09
6596.37,2.2385490637420963e-09
6596.38,1.994254202360171e-09
6596.39,1.761045687173293e-09
6596.4,1.5525312530410536e-09
6596.41,1.3722019009327635e-09
6596.42,1.2228709275191157e-09
6596.43,1.099787010073097e-09
6596.44,9.997581820856021e-10
6596.45,9.193077824051787e-10
6596.46,8.553934846288864e-10
6596.47,8.055189678565583e-10
6596.48,7.677221572370481e-10
6596.49,7.405141252174213e-10
6596.5,7.226527620419296e-10
6596.51,7.136517475155759e-10
6596.52,7.127978562142792e-10
6596.53,7.196501080342674e-10
6596.54,7.33817935736024e-10
6596.55,7.549551614127066e-10
6596.56,7.829999751961812e-10
6596.57,8.179698936457019e-10
6596.58,8.596656458052357e-10
6596.59,9.121641505368554e-10
6596.6,9.764535563494936e-10
6596.61,1.0550114772321753e-09
6596.62,1.1501424882096228e-09
6596.63,1.264158344858836e-09
6596.64,1.3962385505038581e-09
6596.65,1.5450661149597381e-09
6596.66,1.7048598763198769e-09
6596.67,1.8649931856588558e-09
6596.68,2.0093606655447896e-09
6596.69,2.1192940668156576e-09
6596.7,2.178921710200535e-09
6596.71,2.181429628835317e-09
6596.72,2.1317907809022844e-09
6596.73,2.043759200314235e-09
6596.74,1.9333491628901952e-09
6596.75,1.8133144920575904e-09
6596.76,1.6908583614970325e-09
6596.77,1.5689329045610937e-09
6596.78,1.4484246561776087e-09
6596.79,1.3301693527629427e-09
6596.8,1.2156653103750038e-09
6596.81,1.1071778376144527e-09
6596.82,1.0065784366793642e-09
6596.83,9.158221840907141e-10
6596.84,8.342836729060371e-10
6596.85,7.624354976532296e-10
6596.86,6.997247683521772e-10
6596.87,6.453337593508889e-10
6596.88,5.983532067191725e-10
6596.89,5.578909306087954e-10
6596.9,5.231049361842261e-10
6596.91,4.932641762712453e-10
6596.92,4.677316882620989e-10
6596.93,4.459669344007182e-10
6596.94,4.274892023275857e-10
6596.95,4.119814216882045e-10
6596.96,3.985133959840331e-10
6596.97,3.8803623646232987e-10
6596.98,3.797582547547785e-10
6596.99,3.7364055805238523e-10
6597.0,3.6936991228620986e-10
6597.01,3.6698939307235074e-10
6597.02,3.6647470142280936e-10
6597.03,3.678382320059246e-10
6597.04,3.711279704878367e-10
6597.05,3.7642531505932873e-10
6597.06,3.838290264241963e-10
6597.07,3.93487668290696e-10
6597.08,4.0551454442027756e-10
6597.09,4.200091491155578e-10
6597.1,4.3702534935523195e-10
6597.11,4.565954470774047e-10
6597.12,4.788300937265632e-10
6597.13,5.040276810993926e-10
6597.14,5.328434799336803e-10
6597.15,5.662476125880087e-10
6597.16,6.054191498721456e-10
6597.17,6.516289287931432e-10
6597.18,7.061901768304333e-10
6597.19,7.705357217363462e-10
6597.2,8.462378538018917e-10
6597.21,9.349971787785225e-10
6597.22,1.0381905036450705e-09
6597.23,1.1558642185368835e-09
6597.24,1.2854811810995655e-09
6597.25,1.4203454077189283e-09
6597.26,1.5499924393257651e-09
6597.27,1.663515229500555e-09
6597.28,1.7555384447204575e-09
6597.29,1.8307655094817334e-09
6597.3,1.9028917600971385e-09
6597.31,1.988614518005222e-09
6597.32,2.1011962823874746e-09
6597.33,2.2463443802320254e-09
6597.34,2.4198624108490183e-09
6597.35,2.605999964518713e-09
6597.36,2.778413774395558e-09
6597.37,2.9023473967269352e-09
6597.38,2.948515398807467e-09
6597.39,2.9016493168379558e-09
6597.4,2.767115350131387e-09
6597.41,2.5671697082940166e-09
6597.42,2.3307055482414433e-09
6597.43,2.0845518949932705e-09
6597.44,1.848156778598044e-09
6597.45,1.6327457832419727e-09
6597.46,1.4432252221823165e-09
6597.47,1.2802187760305864e-09
6597.48,1.1410440172821675e-09
6597.49,1.0249740127668614e-09
6597.5,9.280638467850859e-10
6597.51,8.475415289628153e-10
6597.52,7.809536368613323e-10
6597.53,7.262239848613029e-10
6597.54,6.81616102392299e-10
6597.55,6.456752580465712e-10
6597.56,6.171386709721797e-10
6597.57,5.948967261494993e-10
6597.58,5.770317902201923e-10
6597.59,5.644749429703613e-10
6597.6,5.553772750183715e-10
6597.61,5.488429288955078e-10
6597.62,5.440281751824446e-10
6597.63,5.396115387759763e-10
6597.64,5.363357797517534e-10
6597.65,5.332332485518745e-10
6597.66,5.301080290031473e-10
6597.67,5.26962721130485e-10
6597.68,5.241012884100371e-10
6597.69,5.222165597489886e-10
6597.7,5.223782304869248e-10
6597.71,5.259058276085972e-10
6597.72,5.341650123225844e-10
6597.73,5.484307569293754e-10
6597.74,5.69844420179243e-10
6597.75,5.994290475229483e-10
6597.76,6.38058641332601e-10
6597.77,6.862459422663856e-10
6597.78,7.436569275124334e-10
6597.79,8.082651471548001e-10
6597.8,8.754602361796722e-10
6597.81,9.373877742174742e-10
6597.82,9.840938173303218e-10
6597.83,1.0068825667056732e-09
6597.84,1.0024582691383181e-09
6597.85,9.74827381100584e-10
6597.86,9.33112990688828e-10
6597.87,8.87306887867786e-10
6597.88,8.451338275093917e-10
6597.89,8.111927050310142e-10
6597.9,7.874791685738068e-10
6597.91,7.747699028838899e-10
6597.92,7.73170642565972e-10
6597.93,7.827305096283205e-10
6597.94,8.035571715938818e-10
6597.95,8.360931958603575e-10
6597.96,8.810883153962079e-10
6597.97,9.396718209818057e-10
6597.98,1.0133807398105587e-09
6597.99,1.1041520262597013e-09
6598.0,1.2142355464440477e-09
6598.01,1.3465832258673412e-09
6598.02,1.5020770747609636e-09
6598.03,1.682088897659628e-09
6598.04,1.8849562973552696e-09
6598.05,2.104542058336085e-09
6598.06,2.3288005571863965e-09
6598.07,2.5391810728390314e-09
6598.08,2.714195988650947e-09
6598.09,2.8324853565045746e-09
6598.1,2.8840130560312617e-09
6598.11,2.870179864810276e-09
6598.12,2.8024286438970513e-09
6598.13,2.6969615183520804e-09
6598.14,2.5700489946606032e-09
6598.15,2.435199815351961e-09
6598.16,2.3018227230972028e-09
6598.17,2.174330848779526e-09
6598.18,2.0515609777976243e-09
6598.19,1.928011226661646e-09
6598.2,1.7976665793290826e-09
6598.21,1.6591721173455728e-09
6598.22,1.5159095903888204e-09
6598.23,1.3763037304109137e-09
6598.24,1.247982188377002e-09
6598.25,1.1358325836778707e-09
6598.26,1.0417635747825992e-09
6598.27,9.657870748136667e-10
6598.28,9.069817986746816e-10
6598.29,8.642216767253823e-10
6598.3,8.366574191416761e-10
6598.31,8.230671424617619e-10
6598.32,8.244750506470665e-10
6598.33,8.400021406387779e-10
6598.34,8.688657460571999e-10
6598.35,9.08773500120372e-10
6598.36,9.547733931771892e-10
6598.37,9.981664847039217e-10
6598.38,1.0273268779415695e-09
6598.39,1.031247995358727e-09
6598.4,1.0047709779111721e-09
6598.41,9.514847300241267e-10
6598.42,8.812012817445035e-10
6598.43,8.053087008954411e-10
6598.44,7.324381783833469e-10
6598.45,6.675663137995017e-10
6598.46,6.121936621954871e-10
6598.47,5.66492659186425e-10
6598.48,5.296324005063641e-10
6598.49,5.005429808017048e-10
6598.5,4.781927945703792e-10
6598.51,4.6170185756290695e-10
6598.52,4.496432677879742e-10
6598.53,4.4292609757222437e-10
6598.54,4.404038802828052e-10
6598.55,4.4175360014693965e-10
6598.56,4.460550749378621e-10
6598.57,4.543854592052827e-10
6598.58,4.660917231973937e-10
6598.59,4.813376653830044e-10
6598.6,5.005939601381498e-10
6598.61,5.24588451478106e-10
6598.62,5.54216551994867e-10
6598.63,5.904546610089669e-10
6598.64,6.343127402469291e-10
6598.65,6.868480278361554e-10
6598.66,7.492052167198034e-10
6598.67,8.227561729649184e-10
6598.68,9.090970898501136e-10
6598.69,1.00991896143613e-09
6598.7,1.1263935614364492e-09
6598.71,1.2580616729485127e-09
6598.72,1.4011532854217582e-09
6598.73,1.546826328449812e-09
6598.74,1.6804235313882403e-09
6598.75,1.7827205120841804e-09
6598.76,1.8349860122337457e-09
6598.77,1.8268685517403624e-09
6598.78,1.7592816136478784e-09
6598.79,1.6463135837754563e-09
6598.8,1.5070448843323111e-09
6598.81,1.3592999170791993e-09
6598.82,1.21582583048677e-09
6598.83,1.0842086245399876e-09
6598.84,9.678884385272565e-10
6598.85,8.676633598164255e-10
6598.86,7.828279595835267e-10
6598.87,7.119209832983776e-10
6598.88,6.532453387651728e-10
6598.89,6.051564421170486e-10
6598.9,5.661973034711164e-10
6598.91,5.351512956685209e-10
6598.92,5.110121537236602e-10
6598.93,4.92984419196021e-10
6598.94,4.804108310234815e-10
6598.95,4.72723103151952e-10
6598.96,4.693971677428254e-10
6598.97,4.699623354014382e-10
6598.98,4.73885577159765e-10
6598.99,4.801845355734265e-10
6599.0,4.900036791083316e-10
6599.01,5.027399715762776e-10
6599.02,5.187726323259633e-10
6599.03,5.388037970888912e-10
6599.04,5.636729282742208e-10
6599.05,5.939650932463322e-10
6599.06,6.291777563763471e-10
6599.07,6.66766657940047e-10
6599.08,7.016101081789055e-10
6599.09,7.26754029103847e-10
6599.1,7.360503323426697e-10
6599.11,7.27472017966922e-10
6599.12,7.043696385474666e-10
6599.13,6.734294022244875e-10
6599.14,6.412823024831846e-10
6599.15,6.123938333382568e-10
6599.16,5.888698717861471e-10
6599.17,5.712788497494944e-10
6599.18,5.59623920645976e-10
6599.19,5.538410152694448e-10
6599.2,5.539575821232417e-10
6599.21,5.600665268006831e-10
6599.22,5.723026400840421e-10
6599.23,5.90864323881737e-10
6599.24,6.158788143614473e-10
6599.25,6.482117778000848e-10
6599.26,6.883690641994385e-10
6599.27,7.381802164601057e-10
6599.28,7.971255007772201e-10
6599.29,8.67624950139397e-10
6599.3,9.51600012793118e-10
6599.31,1.0512573353285832e-09
6599.32,1.1690463967191942e-09
6599.33,1.307398447572327e-09
6599.34,1.4681921581447768e-09
6599.35,1.6518243289543437e-09
6599.36,1.8562966725243891e-09
6599.37,2.0734180407672775e-09
6599.38,2.291071442378597e-09
6599.39,2.4927233557274042e-09
6599.4,2.662534703078269e-09
6599.41,2.7909246642276686e-09
6599.42,2.876613734113926e-09
6599.43,2.922868588268357e-09
6599.44,2.9319633271580043e-09
6599.45,2.901053711379478e-09
6599.46,2.8240620672101417e-09
6599.47,2.698133954499234e-09
6599.48,2.5290692263189767e-09
6599.49,2.3316222008197543e-09
6599.5,2.124640927647805e-09
6599.51,1.9246130533884273e-09
6599.52,1.7440499381518594e-09
6599.53,1.5888064842595546e-09
6599.54,1.4606453053600663e-09
6599.55,1.360615469014431e-09
6599.56,1.2872128286027883e-09
6599.57,1.239201552979923e-09
6599.58,1.2152891194392733e-09
6599.59,1.2139999650934045e-09
6599.6,1.2323641597262808e-09
6599.61,1.2656351715160564e-09
6599.62,1.3053218912984698e-09
6599.63,1.3390304271300976e-09
6599.64,1.3524934502423317e-09
6599.65,1.3344807032724422e-09
6599.66,1.2814766886422194e-09
6599.67,1.2012613612185197e-09
6599.68,1.1053596759297482e-09
6599.69,1.0060402692842387e-09
6599.7,9.121092599083146e-10
6599.71,8.281654603828023e-10
6599.72,7.557786246108221e-10
6599.73,6.945901856833919e-10
6599.74,6.437489984942709e-10
6599.75,6.018116905779034e-10
6599.76,5.674333122214259e-10
6599.77,5.393922858931789e-10
6599.78,5.166277531927031e-10
6599.79,4.982865683772539e-10
6599.8,4.837248414864894e-10
6599.81,4.724731699411467e-10
6599.82,4.6428602682912394e-10
6599.83,4.5911485374143746e-10
6599.84,4.57064666439916e-10
6599.85,4.583902533422552e-10
6599.86,4.6340813383019117e-10
6599.87,4.724703793377215e-10
6599.88,4.859651009512548e-10
6599.89,5.043250429206935e-10
6599.9,5.280934307808432e-10
6599.91,5.578559190007574e-10
6599.92,5.941582617128516e-10
6599.93,6.37172733807812e-10
6599.94,6.861702080386028e-10
6599.95,7.38827173497975e-10
6599.96,7.910656515885622e-10
6599.97,8.3798848662213e-10
6599.98,8.763124372804302e-10
6599.99,9.068023838869623e-10
6600.0,9.349253713730754e-10
6600.01,9.66705972759195e-10
6600.02,1.0095456257335634e-09
6600.03,1.0687079316857964e-09
6600.04,1.1477905847215715e-09
6600.05,1.248945428330419e-09
6600.06,1.3725950110393747e-09
6600.07,1.5165213765213509e-09
6600.08,1.6742960008072312e-09
6600.09,1.8338667393390154e-09
6600.1,1.9768599963893336e-09
6600.11,2.081267649837217e-09
6600.12,2.1274732764378687e-09
6600.13,2.1057441980331815e-09
6600.14,2.0202878370548997e-09
6600.15,1.8870078796914854e-09
6600.16,1.7269088306617085e-09
6600.17,1.5594366720240458e-09
6600.18,1.3986327168781698e-09
6600.19,1.2531260209516713e-09
6600.2,1.1255888462626817e-09
6600.21,1.0168263678542197e-09
6600.22,9.256821637899875e-10
6600.23,8.504075293390888e-10
6600.24,7.891668093764913e-10
6600.25,7.402906901360262e-10
6600.26,7.023252667574575e-10
6600.27,6.740571179263376e-10
6600.28,6.545246497847911e-10
6600.29,6.430424621002515e-10
6600.3,6.393445753676458e-10
6600.31,6.429816441876766e-10
6600.32,6.539872858136619e-10
6600.33,6.714038162907135e-10
6600.34,6.957547739413489e-10
6600.35,7.246702115869044e-10
6600.36,7.551297513146932e-10
6600.37,7.825871360873707e-10
6600.38,8.014894854026693e-10
6600.39,8.081485959486997e-10
6600.4,7.992326574815411e-10
6600.41,7.788896054023663e-10
6600.42,7.529224876062684e-10
6600.43,7.269809715443061e-10
6600.44,7.059006195174142e-10
6600.45,6.916064567105617e-10
6600.46,6.849591165132182e-10
6600.47,6.861520863296699e-10
6600.48,6.950628804304845e-10
6600.49,7.115637758211574e-10
6600.5,7.356831660262408e-10
6600.51,7.676663292131045e-10
6600.52,8.080437809633265e-10
6600.53,8.575735706498351e-10
6600.54,9.168151121336043e-10
6600.55,9.875920216755416e-10
6600.56,1.0705759721348163e-09
6600.57,1.1665539758120032e-09
6600.58,1.2755356329926266e-09
6600.59,1.3959897010197974e-09
6600.6,1.5238476816195424e-09
6600.61,1.6514891534356636e-09
6600.62,1.7675719394471231e-09
6600.63,1.8581950093012218e-09
6600.64,1.9104893459154027e-09
6600.65,1.917172342157379e-09
6600.66,1.8796839079969512e-09
6600.67,1.8077386666592765e-09
6600.68,1.7156933603360617e-09
6600.69,1.6181613231015288e-09
6600.7,1.5274044201870613e-09
6600.71,1.450798301463433e-09
6600.72,1.393900389582791e-09
6600.73,1.3596167854324862e-09
6600.74,1.3495784218408255e-09
6600.75,1.3647217835883402e-09
6600.76,1.405429244382998e-09
6600.77,1.4711600112498957e-09
6600.78,1.5595264867662724e-09
6600.79,1.6646811585909463e-09
6600.8,1.7755932758502977e-09
6600.81,1.874940785854673e-09
6600.82,1.941210021053394e-09
6600.83,1.9549643291067067e-09
6600.84,1.907138986951377e-09
6600.85,1.8035442380413118e-09
6600.86,1.6616071209345555e-09
6600.87,1.5023182249921913e-09
6600.88,1.3431785272963165e-09
6600.89,1.1952170714250073e-09
6600.9,1.063734659374897e-09
6600.91,9.499876795803545e-10
6600.92,8.529911182343941e-10
6600.93,7.707963416875902e-10
6600.94,7.01254549149278e-10
6600.95,6.424052794042702e-10
6600.96,5.924553817358293e-10
6600.97,5.50400278421964e-10
6600.98,5.152251355659968e-10
6600.99,4.850693226417265e-10
6601.0,4.607767772593351e-10
6601.01,4.411095284210211e-10
6601.02,4.2560330399549585e-10
6601.03,4.1382809181567667e-10
6601.04,4.0530874695248023e-10
6601.05,3.9938372426861033e-10
6601.06,3.9514696931811756e-10
6601.07,3.911785440414572e-10
6601.08,3.8683686137010676e-10
6601.09,3.811409444225876e-10
6601.1,3.741315438885995e-10
6601.11,3.665374366923211e-10
6601.12,3.5931886267245067e-10
6601.13,3.533288162497131e-10
6601.14,3.491052952804275e-10
6601.15,3.469062250937961e-10
6601.16,3.4682342247761757e-10
6601.17,3.4888203991965985e-10
6601.18,3.530615221854928e-10
6601.19,3.593990206501435e-10
6601.2,3.679639017793201e-10
6601.21,3.7888014148484534e-10
6601.22,3.9233497033750535e-10
6601.23,4.085881352490796e-10
6601.24,4.279836533134291e-10
6601.25,4.5096524564460976e-10
6601.26,4.781087162291473e-10
6601.27,5.100961650245673e-10
6601.28,5.478277243398393e-10
6601.29,5.923598368554407e-10
6601.3,6.449859687976772e-10
6601.31,7.069451839460177e-10
6601.32,7.802329039157192e-10
6601.33,8.660074320838439e-10
6601.34,9.650670598253743e-10
6601.35,1.0772622961939476e-09
6601.36,1.201541501405285e-09
6601.37,1.3370199226152778e-09
6601.38,1.4847414709017817e-09
6601.39,1.6484809008908083e-09
6601.4,1.8328634877979909e-09
6601.41,2.039499260747393e-09
6601.42,2.262228239680134e-09
6601.43,2.4839450891670148e-09
6601.44,2.6756235462837176e-09
6601.45,2.8033070812894614e-09
6601.46,2.8361285697688872e-09
6601.47,2.766303204519018e-09
6601.48,2.6095986489734913e-09
6601.49,2.3982340917129592e-09
6601.5,2.1668886523709545e-09
6601.51,1.9424444218910796e-09
6601.52,1.7403752062182772e-09
6601.53,1.5679499585818315e-09
6601.54,1.425423577486409e-09
6601.55,1.3098462205876406e-09
6601.56,1.2165678748115354e-09
6601.57,1.1405913623633664e-09
6601.58,1.0776594539227717e-09
6601.59,1.0251178150157691e-09
6601.6,9.820905533696729e-10
6601.61,9.488983414169494e-10
6601.62,9.261083007985374e-10
6601.63,9.136633715416279e-10
6601.64,9.106416325095211e-10
6601.65,9.142335652034779e-10
6601.66,9.220920091598104e-10
6601.67,9.319538727234119e-10
6601.68,9.455254407452224e-10
6601.69,9.64340573517936e-10
6601.7,9.913619271141206e-10
6601.71,1.0293853840965828e-09
6601.72,1.081163184611117e-09
6601.73,1.1488821600881609e-09
6601.74,1.2344674815204933e-09
6601.75,1.3390904503945835e-09
6601.76,1.4624187484039372e-09
6601.77,1.6014850888866104e-09
6601.78,1.750011418128842e-09
6601.79,1.8943136031244574e-09
6601.8,2.0180449954880355e-09
6601.81,2.1018515566377615e-09
6601.82,2.1297956498035302e-09
6601.83,2.095350420875412e-09
6601.84,2.0041780945875143e-09
6601.85,1.871644402060405e-09
6601.86,1.7168349690717246e-09
6601.87,1.5568245460085413e-09
6601.88,1.403972027965742e-09
6601.89,1.2651971911706626e-09
6601.9,1.1436448076915396e-09
6601.91,1.0398042792288438e-09
6601.92,9.527816941546046e-10
6601.93,8.810896519769668e-10
6601.94,8.231331668252609e-10
6601.95,7.774118782051914e-10
6601.96,7.426382437786365e-10
6601.97,7.177450860093472e-10
6601.98,7.018579529224141e-10
6601.99,6.942409731932398e-10
6602.0,6.94337279394259e-10
6602.01,7.021117543889123e-10
6602.02,7.165870754936533e-10
6602.03,7.38125029611088e-10
6602.04,7.667184321667623e-10
6602.05,8.019695901214728e-10
6602.06,8.427371747785967e-10
6602.07,8.869853459111696e-10
6602.08,9.322365988669868e-10
6602.09,9.766731890167373e-10
6602.1,1.0197562188303427e-09
6602.11,1.06362194063205e-09
6602.12,1.1119471129167284e-09
6602.13,1.1686075567647794e-09
6602.14,1.2360013482333648e-09
6602.15,1.3137891938563174e-09
6602.16,1.3979253089808845e-09
6602.17,1.4804204562691616e-09
6602.18,1.5494198959119756e-09
6602.19,1.5898182750147599e-09
6602.2,1.5890582486345752e-09
6602.21,1.5425983696846924e-09
6602.22,1.4563786086603627e-09
6602.23,1.34413405775023e-09
6602.24,1.2215665705826637e-09
6602.25,1.1015872805816333e-09
6602.26,9.923385856469083e-10
6602.27,8.978611017517593e-10
6602.28,8.192628515767973e-10
6602.29,7.559681660972001e-10
6602.3,7.064443837438647e-10
6602.31,6.684732004518318e-10
6602.32,6.385618653655376e-10
6602.33,6.138152894220193e-10
6602.34,5.897975812095949e-10
6602.35,5.636679365967965e-10
6602.36,5.348841233490233e-10
6602.37,5.050194809692722e-10
6602.38,4.765029947040221e-10
6602.39,4.513726004986452e-10
6602.4,4.3076414457896525e-10
6602.41,4.150306209048463e-10
6602.42,4.040314835184087e-10
6602.43,3.972658666629588e-10
6602.44,3.9382675441963074e-10
6602.45,3.935210927595945e-10
6602.46,3.923080661075502e-10
6602.47,3.8966527407381223e-10
6602.48,3.8462138471387557e-10
6602.49,3.780157532481631e-10
6602.5,3.7097848844221805e-10
6602.51,3.6490468087586103e-10
6602.52,3.60768286663146e-10
6602.53,3.5906060426115396e-10
6602.54,3.5994410570120295e-10
6602.55,3.6343698002154157e-10
6602.56,3.695230407536146e-10
6602.57,3.7821729515819494e-10
6602.58,3.8959623661195665e-10
6602.59,4.038128432232591e-10
6602.6,4.2110661385937064e-10
6602.61,4.4181397473880937e-10
6602.62,4.663816719808719e-10
6602.63,4.954004503266087e-10
6602.64,5.295628290336284e-10
6602.65,5.697851006185202e-10
6602.66,6.171696580639734e-10
6602.67,6.730414278295197e-10
6602.68,7.389480783092926e-10
6602.69,8.166126690238718e-10
6602.7,9.07789329206641e-10
6602.71,1.0139422871656414e-09
6602.72,1.1356410007432068e-09
6602.73,1.2714743434357497e-09
6602.74,1.4166682667458425e-09
6602.75,1.5618193711883024e-09
6602.76,1.6926436973467636e-09
6602.77,1.7924128442780032e-09
6602.78,1.848430953925606e-09
6602.79,1.8579289224981255e-09
6602.8,1.8300694675614535e-09
6602.81,1.7821229154890144e-09
6602.82,1.7327725125017687e-09
6602.83,1.6973572473396943e-09
6602.84,1.6861110045995558e-09
6602.85,1.7050869960338377e-09
6602.86,1.757274943634257e-09
6602.87,1.8434637097268277e-09
6602.88,1.962197753700152e-09
6602.89,2.1088725309526096e-09
6602.9,2.2738145453185116e-09
6602.91,2.4422219413546756e-09
6602.92,2.5923531714613737e-09
6602.93,2.69987290111207e-09
6602.94,2.7443751302384766e-09
6602.95,2.7166186830470716e-09
6602.96,2.621612478669173e-09
6602.97,2.4751712730063515e-09
6602.98,2.2969892813233492e-09
6602.99,2.104038322133674e-09
6603.0,1.911537606393063e-09
6603.01,1.7284282016705202e-09
6603.02,1.5609067673783375e-09
6603.03,1.4122315011649456e-09
6603.04,1.283432561214169e-09
6603.05,1.1740904871708811e-09
6603.06,1.0830740061506922e-09
6603.07,1.0089745375597e-09
6603.08,9.503874380690646e-10
6603.09,9.06068208078139e-10
6603.1,8.750313207397488e-10
6603.11,8.56591095071878e-10
6603.12,8.505099378991182e-10
6603.13,8.563343969025319e-10
6603.14,8.741757389452402e-10
6603.15,9.039570866057295e-10
6603.16,9.454112162793979e-10
6603.17,9.981794723748038e-10
6603.18,1.0622552190445229e-09
6603.19,1.138585818624641e-09
6603.2,1.2291345108028265e-09
6603.21,1.3357541314940876e-09
6603.22,1.4577599621228018e-09
6603.23,1.5892551675808143e-09
6603.24,1.7167245472143295e-09
6603.25,1.8197309886742854e-09
6603.26,1.8761999060136582e-09
6603.27,1.8715182770087486e-09
6603.28,1.8056973519354211e-09
6603.29,1.6926503145582882e-09
6603.3,1.5525353153241777e-09
6603.31,1.4041059528363487e-09
6603.32,1.2598184871533611e-09
6603.33,1.127730493910966e-09
6603.34,1.0112249780030617e-09
6603.35,9.121800895516834e-10
6603.36,8.292825448057825e-10
6603.37,7.608802673559298e-10
6603.38,7.063000364776227e-10
6603.39,6.615258764648955e-10
6603.4,6.26372281392069e-10
6603.41,5.99691291107919e-10
6603.42,5.807007674335352e-10
6603.43,5.687145971900067e-10
6603.44,5.636652240783859e-10
6603.45,5.653318979084477e-10
6603.46,5.738436179450904e-10
6603.47,5.89545450166937e-10
6603.48,6.129878754212743e-10
6603.49,6.449031768632641e-10
6603.5,6.861517156620366e-10
6603.51,7.376163872677222e-10
6603.52,7.998460070475238e-10
6603.53,8.726581622544136e-10
6603.54,9.541049334520469e-10
6603.55,1.0403515205982443e-09
6603.56,1.1210103468134138e-09
6603.57,1.1850793791471122e-09
6603.58,1.2203785647798388e-09
6603.59,1.2187336399414801e-09
6603.6,1.1806787469793398e-09
6603.61,1.1148922533678338e-09
6603.62,1.033560815848238e-09
6603.63,9.480913405345288e-10
6603.64,8.680918619404507e-10
6603.65,7.974862859608053e-10
6603.66,7.378844982844252e-10
6603.67,6.890526852645754e-10
6603.68,6.498478850405174e-10
6603.69,6.188229325303469e-10
6603.7,5.946714654967545e-10
6603.71,5.764258859031619e-10
6603.72,5.634335044054873e-10
6603.73,5.551917092555009e-10
6603.74,5.512211230654329e-10
6603.75,5.509568098109551e-10
6603.76,5.542831384025846e-10
6603.77,5.609750250660671e-10
6603.78,5.711618040383871e-10
6603.79,5.851988336809324e-10
6603.8,6.035566959269528e-10
6603.81,6.270407297392187e-10
6603.82,6.564684193005189e-10
6603.83,6.924049000324997e-10
6603.84,7.359311119876136e-10
6603.85,7.881743995085901e-10
6603.86,8.505075306166967e-10
6603.87,9.24614166031927e-10
6603.88,1.0125463297864486e-09
6603.89,1.1167650330310316e-09
6603.9,1.24014198837375e-09
6603.91,1.385877306640541e-09
6603.92,1.5572511674771978e-09
6603.93,1.7570758135775812e-09
6603.94,1.9866620980843714e-09
6603.95,2.244109999067992e-09
6603.96,2.5219843372829097e-09
6603.97,2.8048403704668593e-09
6603.98,3.068668708933897e-09
6603.99,3.283642761619507e-09
6604.0,3.4226319514875847e-09
6604.01,3.4719549540373115e-09
6604.02,3.4376918678665e-09
6604.03,3.3425863124697657e-09
6604.04,3.215086254566793e-09
6604.05,3.077759023210539e-09
6604.06,2.9400662722765953e-09
6604.07,2.7992848957353564e-09
6604.08,2.64642817869483e-09
6604.09,2.47495372290761e-09
6604.1,2.2865124946226396e-09
6604.11,2.090572719981061e-09
6604.12,1.899411988843761e-09
6604.13,1.7229432730306183e-09
6604.14,1.5660206857524364e-09
6604.15,1.4288688396924448e-09
6604.16,1.308746694307275e-09
6604.17,1.2020977363246315e-09
6604.18,1.1066364358860665e-09
6604.19,1.0217433578490993e-09
6604.2,9.478992025122048e-10
6604.21,8.857185763315325e-10
6604.22,8.353407259409791e-10
6604.23,7.962156618460065e-10
6604.24,7.672087591482309e-10
6604.25,7.478613982459749e-10
6604.26,7.342533717493721e-10
6604.27,7.264768048318653e-10
6604.28,7.244871807318571e-10
6604.29,7.286922967816767e-10
6604.3,7.390624498785436e-10
6604.31,7.541106518503531e-10
6604.32,7.698558782191493e-10
6604.33,7.821860631165929e-10
6604.34,7.84697464060675e-10
6604.35,7.731980945148541e-10
6604.36,7.463758137211972e-10
6604.37,7.075347412418923e-10
6604.38,6.618649288930382e-10
6604.39,6.147745766211023e-10
6604.4,5.703117688041025e-10
6604.41,5.307614021969608e-10
6604.42,4.970543582694888e-10
6604.43,4.692346828966191e-10
6604.44,4.469033995867966e-10
6604.45,4.2944497725510037e-10
6604.46,4.162221642155249e-10
6604.47,4.066016803068639e-10
6604.48,3.9937085144580805e-10
6604.49,3.952054245390288e-10
6604.5,3.9294528165379764e-10
6604.51,3.92036596225939e-10
6604.52,3.91896496679377e-10
6604.53,3.919138292892555e-10
6604.54,3.9147034001171697e-10
6604.55,3.9001354108915024e-10
6604.56,3.8707826025628255e-10
6604.57,3.825611999640372e-10
6604.58,3.767242966519572e-10
6604.59,3.7042783939887107e-10
6604.6,3.637920779028207e-10
6604.61,3.5786413609672487e-10
6604.62,3.5325899439066314e-10
6604.63,3.50112145467893e-10
6604.64,3.4872763317942407e-10
6604.65,3.491950436376459e-10
6604.66,3.515509157962124e-10
6604.67,3.5577990806956466e-10
6604.68,3.6190058708843085e-10
6604.69,3.699409467254563e-10
6604.7,3.799442197674272e-10
6604.71,3.919808455711474e-10
6604.72,4.060848044384142e-10
6604.73,4.2178338407716277e-10
6604.74,4.3984398587326773e-10
6604.75,4.5970189860026064e-10
6604.76,4.812270358459158e-10
6604.77,5.046807729401134e-10
6604.78,5.306559820073215e-10
6604.79,5.599693888087903e-10
6604.8,5.93485681196603e-10
6604.81,6.320838626317538e-10
6604.82,6.766044986736064e-10
6604.83,7.280357502698985e-10
6604.84,7.87529258440344e-10
6604.85,8.564854921177471e-10
6604.86,9.366048204812963e-10
6604.87,1.030224705172275e-09
6604.88,1.1395335132143302e-09
6604.89,1.267844402608973e-09
6604.9,1.4189083396950306e-09
6604.91,1.5969889724370236e-09
6604.92,1.8068829830574255e-09
6604.93,2.0527742059676795e-09
6604.94,2.3396167069522723e-09
6604.95,2.6679419640895783e-09
6604.96,3.0333686214311324e-09
6604.97,3.422601677999359e-09
6604.98,3.810999525108265e-09
6604.99,4.1634126847280595e-09
6605.0,4.4423144978976646e-09
6605.01,4.620777408482483e-09
6605.02,4.692572593764593e-09
6605.03,4.670849238192297e-09
6605.04,4.5753269364934074e-09
6605.05,4.4193375634208224e-09
6605.06,4.20733394989844e-09
6605.07,3.94013700109634e-09
6605.08,3.6294278814466004e-09
6605.09,3.294613459921892e-09
6605.1,2.957484173522231e-09
6605.11,2.6358881372236676e-09
6605.12,2.3412583282252816e-09
6605.13,2.079739033411783e-09
6605.14,1.8533046059576615e-09
6605.15,1.6610522903256451e-09
6605.16,1.5002787095212332e-09
6605.17,1.3673551814323163e-09
6605.18,1.258354294166049e-09
6605.19,1.1693532935326879e-09
6605.2,1.0966630096617712e-09
6605.21,1.037155574739691e-09
6605.22,9.886913965029391e-10
6605.23,9.50331095683449e-10
6605.24,9.220960035383609e-10
6605.25,9.044820143118081e-10
6605.26,8.980928825621145e-10
6605.27,9.035030393073448e-10
6605.28,9.212603202337278e-10
6605.29,9.518535294941677e-10
6605.3,9.965272577241942e-10
6605.31,1.0529828915348585e-09
6605.32,1.120855852316839e-09
6605.33,1.1965216967365903e-09
6605.34,1.2729768140249963e-09
6605.35,1.339056092048213e-09
6605.36,1.3811324999376806e-09
6605.37,1.3875248526633188e-09
6605.38,1.3538100250351803e-09
6605.39,1.2850559769439485e-09
6605.4,1.1931465773742713e-09
6605.41,1.0916194919887647e-09
6605.42,9.914709735478065e-10
6605.43,8.995088840177475e-10
6605.44,8.189920312269329e-10
6605.45,7.506887111606485e-10
6605.46,6.940363791056106e-10
6605.47,6.47903217049709e-10
6605.48,6.110610242375706e-10
6605.49,5.824955253815595e-10
6605.5,5.610104834132814e-10
6605.51,5.460336089421064e-10
6605.52,5.370629574199297e-10
6605.53,5.338357320497378e-10
6605.54,5.362225628598518e-10
6605.55,5.443038693718383e-10
6605.56,5.581769868127327e-10
6605.57,5.7807051413176e-10
6605.58,6.034217335376867e-10
6605.59,6.357999149997644e-10
6605.6,6.74296872242849e-10
6605.61,7.182262584807117e-10
6605.62,7.658270640963237e-10
6605.63,8.136989258744566e-10
6605.64,8.563420334950094e-10
6605.65,8.868238363826888e-10
6605.66,9.00959902385102e-10
6605.67,8.970260352662702e-10
6605.68,8.787362951861937e-10
6605.69,8.522964125421595e-10
6605.7,8.248415956222776e-10
6605.71,8.016840883940319e-10
6605.72,7.85896434857041e-10
6605.73,7.787674632058659e-10
6605.74,7.804326064392414e-10
6605.75,7.905725171833171e-10
6605.76,8.088333314462657e-10
6605.77,8.356595990497358e-10
6605.78,8.716746261960129e-10
6605.79,9.17958765032131e-10
6605.8,9.758959562806704e-10
6605.81,1.0478789948101871e-09
6605.82,1.1329012729820022e-09
6605.83,1.2326412619281988e-09
6605.84,1.3471365559242288e-09
6605.85,1.4761929404976626e-09
6605.86,1.6189641224036885e-09
6605.87,1.7761876993468393e-09
6605.88,1.949907966288658e-09
6605.89,2.1432398807833194e-09
6605.9,2.3582540670574823e-09
6605.91,2.5923812045253104e-09
6605.92,2.8343970772832004e-09
6605.93,3.062250449166891e-09
6605.94,3.244192918842012e-09
6605.95,3.346978419459558e-09
6605.96,3.3481545826461702e-09
6605.97,3.245641250117629e-09
6605.98,3.057720049078014e-09
6605.99,2.8138803135356406e-09
6606.0,2.5443578512545028e-09
6606.01,2.2732948078832753e-09
6606.02,2.0172357802038605e-09
6606.03,1.7853232667458976e-09
6606.04,1.5810957885273068e-09
6606.05,1.4044804616757818e-09
6606.06,1.2535710605284084e-09
6606.07,1.1257308712339621e-09
6606.08,1.0181350441047773e-09
6606.09,9.280791434642874e-10
6606.1,8.532471072253267e-10
6606.11,7.910855025573808e-10
6606.12,7.396904178019505e-10
6606.13,6.970301881109372e-10
6606.14,6.610079280874765e-10
6606.15,6.295671774779834e-10
6606.16,6.008203882604457e-10
6606.17,5.737128912830785e-10
6606.18,5.47989422638966e-10
6606.19,5.239663127158506e-10
6606.2,5.021448143354589e-10
6606.21,4.824319586522457e-10
6606.22,4.661393356880641e-10
6606.23,4.522672407387524e-10
6606.24,4.4083878277210763e-10
6606.25,4.3147127004711955e-10
6606.26,4.238289373175426e-10
6606.27,4.1772983325750723e-10
6606.28,4.1323166969485175e-10
6606.29,4.1058075435730124e-10
6606.3,4.100845837905697e-10
6606.31,4.120236741386302e-10
6606.32,4.166554727694921e-10
6606.33,4.241977351820259e-10
6606.34,4.34949930294511e-10
6606.35,4.4929904508779026e-10
6606.36,4.676688543055731e-10
6606.37,4.905457201714734e-10
6606.38,5.185228598741122e-10
6606.39,5.520835302584375e-10
6606.4,5.913650695775535e-10
6606.41,6.3586288802329e-10
6606.42,6.840289437464828e-10
6606.43,7.323976789234847e-10
6606.44,7.75880683335543e-10
6606.45,8.087975524886844e-10
6606.46,8.270440676197607e-10
6606.47,8.301967871822488e-10
6606.48,8.218962280292504e-10
6606.49,8.091518304029231e-10
6606.5,7.961577156698413e-10
6606.51,7.886242348169261e-10
6606.52,7.895988381823227e-10
6606.53,8.009170532564017e-10
6606.54,8.237130224287545e-10
6606.55,8.582843634345475e-10
6606.56,9.066123279603386e-10
6606.57,9.688784575813932e-10
6606.58,1.0454467955341581e-09
6606.59,1.1357638448387836e-09
6606.6,1.2371664663651018e-09
6606.61,1.3440669689302646e-09
6606.62,1.4472124576781398e-09
6606.63,1.5342218409361896e-09
6606.64,1.5969105393215458e-09
6606.65,1.6307188188922764e-09
6606.66,1.6405581573189261e-09
6606.67,1.6379940306099754e-09
6606.68,1.6358905159749864e-09
6606.69,1.645716923216225e-09
6606.7,1.6753134444057098e-09
6606.71,1.7300324185119324e-09
6606.72,1.8138990188060859e-09
6606.73,1.9309390673925924e-09
6606.74,2.0859242920116644e-09
6606.75,2.284548540115863e-09
6606.76,2.533198248908954e-09
6606.77,2.838162107088255e-09
6606.78,3.204119154300905e-09
6606.79,3.631254182622393e-09
6606.8,4.110697075744324e-09
6606.81,4.618403209123987e-09
6606.82,5.111075032991335e-09
6606.83,5.526445499588659e-09
6606.84,5.7963757028970405e-09
6606.85,5.869940132806433e-09
6606.86,5.73620624994349e-09
6606.87,5.429919622000731e-09
6606.88,5.0148777222225145e-09
6606.89,4.557237722707379e-09
6606.9,4.1057697965138886e-09
6606.91,3.6859138631550778e-09
6606.92,3.304700255105373e-09
6606.93,2.9590376991424158e-09
6606.94,2.643835331566983e-09
6606.95,2.3563535062391904e-09
6606.96,2.0965025697149945e-09
6606.97,1.865039213108831e-09
6606.98,1.6619892694926916e-09
6606.99,1.485930893472473e-09
6607.0,1.3341206252777101e-09
6607.01,1.2043922904076674e-09
6607.02,1.093320883510904e-09
6607.03,9.982425024266857e-10
6607.04,9.164236755986201e-10
6607.05,8.472483358523582e-10
6607.06,7.862857178973457e-10
6607.07,7.332961792160054e-10
6607.08,6.868819979952749e-10
6607.09,6.458557998353937e-10
6607.1,6.092329808427471e-10
6607.11,5.76146235700103e-10
6607.12,5.473207383669578e-10
6607.13,5.208400969800957e-10
6607.14,4.973973849633985e-10
6607.15,4.767927694489438e-10
6607.16,4.587581996822471e-10
6607.17,4.4307119743802557e-10
6607.18,4.2952701950485126e-10
6607.19,4.1795131847989957e-10
6607.2,4.0819814580717774e-10
6607.21,4.0020453522459516e-10
6607.22,3.9383719610468924e-10
6607.23,3.8908325022206084e-10
6607.24,3.8593262756680564e-10
6607.25,3.8440392247768286e-10
6607.26,3.8454171144757524e-10
6607.27,3.8641054552824737e-10
6607.28,3.900820003811504e-10
6607.29,3.956091423708889e-10
6607.3,4.031151435712869e-10
6607.31,4.1229758576163085e-10
6607.32,4.227421310248775e-10
6607.33,4.3384622138021255e-10
6607.34,4.447501889751969e-10
6607.35,4.545192896833007e-10
6607.36,4.625324304521287e-10
6607.37,4.686777630412179e-10
6607.38,4.735372437801039e-10
6607.39,4.781119275399909e-10
6607.4,4.833884594227634e-10
6607.41,4.905067674168822e-10
6607.42,5.002200392279487e-10
6607.43,5.13152655086073e-10
6607.44,5.298064536425898e-10
6607.45,5.506560667946334e-10
6607.46,5.762019051416061e-10
6607.47,6.070303236650308e-10
6607.48,6.438590027410201e-10
6607.49,6.871413489894052e-10
6607.5,7.38838555935442e-10
6607.51,7.998038510784179e-10
6607.52,8.715856932496788e-10
6607.53,9.559332473942556e-10
6607.54,1.0545003482823755e-09
6607.55,1.1691996267149902e-09
6607.56,1.3016236559492497e-09
6607.57,1.4530671356268352e-09
6607.58,1.624270895763189e-09
6607.59,1.8147864916440928e-09
6607.6,2.0233360085370533e-09
6607.61,2.248278017927494e-09
6607.62,2.4882958385980644e-09
6607.63,2.741318507688812e-09
6607.64,2.9992739722642314e-09
6607.65,3.246945233051146e-09
6607.66,3.4533548071027354e-09
6607.67,3.5815337433500565e-09
6607.68,3.6010959425213545e-09
6607.69,3.5035417114057182e-09
6607.7,3.3042940075241225e-09
6607.71,3.038970981599349e-09
6607.72,2.746074557166217e-09
6607.73,2.456495110439651e-09
6607.74,2.1903576706917546e-09
6607.75,1.957136741244633e-09
6607.76,1.759583927020058e-09
6607.77,1.5967424675455548e-09
6607.78,1.4659681529596968e-09
6607.79,1.3642342023091386e-09
6607.8,1.2887875326852084e-09
6607.81,1.2374128968291974e-09
6607.82,1.2084406593912522e-09
6607.83,1.2005421841782455e-09
6607.84,1.2123255750110525e-09
6607.85,1.241396201896843e-09
6607.86,1.283816301736174e-09
6607.87,1.332479766986953e-09
6607.88,1.3777929163442772e-09
6607.89,1.4091786706369402e-09
6607.9,1.4185831776480678e-09
6607.91,1.4035454330969711e-09
6607.92,1.366905386141584e-09
6607.93,1.3139386094018236e-09
6607.94,1.249655359859104e-09
6607.95,1.1781843702899173e-09
6607.96,1.1036633562225023e-09
6607.97,1.0305543983274824e-09
6607.98,9.628457387982533e-10
6607.99,9.033517959739845e-10
6608.0,8.5348504894058e-10
6608.01,8.136293654384204e-10
6608.02,7.835702565476546e-10
6608.03,7.627085759369207e-10
6608.04,7.50308320985456e-10
6608.05,7.454997728006614e-10
6608.06,7.47410946453437e-10
6608.07,7.554091176250169e-10
6608.08,7.692629353807707e-10
6608.09,7.892904679108448e-10
6608.1,8.1608356733083e-10
6608.11,8.499484344912682e-10
6608.12,8.901654737344573e-10
6608.13,9.343585049680426e-10
6608.14,9.780341525013746e-10
6608.15,1.0150111705464083e-09
6608.16,1.0391375826755566e-09
6608.17,1.046209106995791e-09
6608.18,1.0367956425624752e-09
6608.19,1.0154166058955958e-09
6608.2,9.892266939013618e-10
6608.21,9.631221782765546e-10
6608.22,9.426319118648627e-10
6608.23,9.311201005098019e-10
6608.24,9.308366286826614e-10
6608.25,9.432238704743435e-10
6608.26,9.692029444003792e-10
6608.27,1.0093065465987816e-09
6608.28,1.0635639598757129e-09
6608.29,1.1311308095703786e-09
6608.3,1.2097515480987991e-09
6608.31,1.2954003032325387e-09
6608.32,1.3828490722506358e-09
6608.33,1.4677534139964461e-09
6608.34,1.5488782222791147e-09
6608.35,1.6305513684711924e-09
6608.36,1.7215809664164366e-09
6608.37,1.8313553369416669e-09
6608.38,1.9703140767147066e-09
6608.39,2.143246542822434e-09
6608.4,2.351762152043592e-09
6608.41,2.589681211357079e-09
6608.42,2.841690521169927e-09
6608.43,3.080852586974814e-09
6608.44,3.2714450956710623e-09
6608.45,3.3784140064485877e-09
6608.46,3.3817976846661983e-09
6608.47,3.2865048250155056e-09
6608.48,3.119918699732687e-09
6608.49,2.918785868034969e-09
6608.5,2.7168692209809396e-09
6608.51,2.5380570053525407e-09
6608.52,2.3960887879937817e-09
6608.53,2.298489083611907e-09
6608.54,2.24869122430779e-09
6608.55,2.248232815106284e-09
6608.56,2.2975921437866543e-09
6608.57,2.3959407672715938e-09
6608.58,2.5385908099409266e-09
6608.59,2.7184014095651225e-09
6608.6,2.9161500054658694e-09
6608.61,3.1020357215893826e-09
6608.62,3.2371763199484463e-09
6608.63,3.284423340616709e-09
6608.64,3.223494138801446e-09
6608.65,3.0614699086600633e-09
6608.66,2.826664521426118e-09
6608.67,2.5576191533271783e-09
6608.68,2.2871651405283653e-09
6608.69,2.0364106434000336e-09
6608.7,1.8157945438795552e-09
6608.71,1.628012862248964e-09
6608.72,1.4714208848556483e-09
6608.73,1.3423111455972874e-09
6608.74,1.2361859098481264e-09
6608.75,1.1480822026793004e-09
6608.76,1.0744472908220735e-09
6608.77,1.0111575373080475e-09
6608.78,9.56930099159326e-10
6608.79,9.071088892188929e-10
6608.8,8.626230435736518e-10
6608.81,8.236655844209413e-10
6608.82,7.907191343487447e-10
6608.83,7.64227291007134e-10
6608.84,7.444621301558881e-10
6608.85,7.315677997847457e-10
6608.86,7.256472045296435e-10
6608.87,7.268570902437526e-10
6608.88,7.357987010697558e-10
6608.89,7.522465113850505e-10
6608.9,7.770789626956024e-10
6608.91,8.108959806723803e-10
6608.92,8.541419390647363e-10
6608.93,9.067298623691588e-10
6608.94,9.674402462788424e-10
6608.95,1.0333071253209276e-09
6608.96,1.099155441044768e-09
6608.97,1.1583269274181154e-09
6608.98,1.2048133328521397e-09
6608.99,1.2360705051531086e-09
6609.0,1.254476880496933e-09
6609.01,1.2663047961694742e-09
6609.02,1.2790393381256746e-09
6609.03,1.3007309956869513e-09
6609.04,1.3361654876071695e-09
6609.05,1.3908095939825658e-09
6609.06,1.4690306450799666e-09
6609.07,1.5747809404425413e-09
6609.08,1.7114918372511301e-09
6609.09,1.8814935150052835e-09
6609.1,2.0849491778954097e-09
6609.11,2.318150505452315e-09
6609.12,2.571888569195083e-09
6609.13,2.8300289775946605e-09
6609.14,3.0700510870648326e-09
6609.15,3.2636258403856286e-09
6609.16,3.3805542734770463e-09
6609.17,3.396609864887096e-09
6609.18,3.3043874156567506e-09
6609.19,3.1191867742182064e-09
6609.2,2.873616020269787e-09
6609.21,2.6047336462136423e-09
6609.22,2.342709293514613e-09
6609.23,2.1060620650876887e-09
6609.24,1.9032670334561173e-09
6609.25,1.7354213398041583e-09
6609.26,1.6000813943098169e-09
6609.27,1.4928891847653832e-09
6609.28,1.4098123965991394e-09
6609.29,1.3462341556916984e-09
6609.3,1.2996363088617298e-09
6609.31,1.2679635403768168e-09
6609.32,1.2498702124432794e-09
6609.33,1.2441236883116494e-09
6609.34,1.2487440578769705e-09
6609.35,1.2601159661368798e-09
6609.36,1.2734701107316526e-09
6609.37,1.2828867119749894e-09
6609.38,1.2858850972057935e-09
6609.39,1.2835931524466488e-09
6609.4,1.2801004096379554e-09
6609.41,1.2799033180652965e-09
6609.42,1.285235410814331e-09
6609.43,1.2949888848216646e-09
6609.44,1.3053328175590837e-09
6609.45,1.3114848900778058e-09
6609.46,1.3100107256677454e-09
6609.47,1.300313605057942e-09
6609.48,1.284614319497007e-09
6609.49,1.2656052048911509e-09
6609.5,1.2492220118078185e-09
6609.51,1.2362781149519823e-09
6609.52,1.2258977279659826e-09
6609.53,1.2139811618156701e-09
6609.54,1.194668295243888e-09
6609.55,1.1627111137314636e-09
6609.56,1.1168549551300365e-09
6609.57,1.060292251275542e-09
6609.58,9.990653238636975e-10
6609.59,9.39426939932932e-10
6609.6,8.860626928950126e-10
6609.61,8.416091991051832e-10
6609.62,8.071595634046922e-10
6609.63,7.832287592924384e-10
6609.64,7.687718565036194e-10
6609.65,7.638319787285532e-10
6609.66,7.682254074449165e-10
6609.67,7.818202474346907e-10
6609.68,8.05769384327293e-10
6609.69,8.396202666373653e-10
6609.7,8.849559790750822e-10
6609.71,9.432807661913054e-10
6609.72,1.0165515985118802e-09
6609.73,1.107178140318241e-09
6609.74,1.2179487119427163e-09
6609.75,1.351811540213938e-09
6609.76,1.5113272177305254e-09
6609.77,1.6977469750299842e-09
6609.78,1.909324611936968e-09
6609.79,2.1386416832266277e-09
6609.8,2.3702546841635457e-09
6609.81,2.5785572391345155e-09
6609.82,2.7307745440634954e-09
6609.83,2.7971845554335694e-09
6609.84,2.76356941787131e-09
6609.85,2.638621623487355e-09
6609.86,2.450681245181642e-09
6609.87,2.2338778092438665e-09
6609.88,2.016784932634369e-09
6609.89,1.8171482211546215e-09
6609.9,1.6433173720592834e-09
6609.91,1.4970483017777091e-09
6609.92,1.3768413871337629e-09
6609.93,1.2802349337067178e-09
6609.94,1.2049938600570343e-09
6609.95,1.1494021369054299e-09
6609.96,1.1120611417636718e-09
6609.97,1.091406160604687e-09
6609.98,1.0851806447259667e-09
6609.99,1.0895416551033897e-09
6610.0,1.100044660601504e-09
6610.01,1.109168203241034e-09
6610.02,1.1101138388624856e-09
6610.03,1.0981721511617243e-09
6610.04,1.0727015795361744e-09
6610.05,1.0371235131528082e-09
6610.06,9.969465444544992e-10
6610.07,9.578979541136971e-10
6610.08,9.224655639628683e-10
6610.09,8.932129681533449e-10
6610.1,8.708307874163088e-10
6610.11,8.551278375489399e-10
6610.12,8.454992262303715e-10
6610.13,8.414043319586068e-10
6610.14,8.425004883701372e-10
6610.15,8.490621870404064e-10
6610.16,8.617547174359287e-10
6610.17,8.811382120002643e-10
6610.18,9.068827286544848e-10
6610.19,9.412921906721233e-10
6610.2,9.837272770500059e-10
6610.21,1.0343722528797492e-09
6610.22,1.0935544410065985e-09
6610.23,1.1621175387664019e-09
6610.24,1.2416864231054189e-09
6610.25,1.334751377150496e-09
6610.26,1.444499982337719e-09
6610.27,1.5743396312340248e-09
6610.28,1.7285117295317286e-09
6610.29,1.9108239209366695e-09
6610.3,2.1255211332199322e-09
6610.31,2.3772175384036522e-09
6610.32,2.670520064633494e-09
6610.33,3.0093239581993924e-09
6610.34,3.3941225251443954e-09
6610.35,3.824410011053487e-09
6610.36,4.289468802770671e-09
6610.37,4.770582411919189e-09
6610.38,5.236315332214756e-09
6610.39,5.642085472311546e-09
6610.4,5.93704320234255e-09
6610.41,6.077992427788256e-09
6610.42,6.0434267962332506e-09
6610.43,5.8391917829180215e-09
6610.44,5.492510238131674e-09
6610.45,5.048635348747727e-09
6610.46,4.558675960107697e-09
6610.47,4.069679686480335e-09
6610.48,3.6159707404450693e-09
6610.49,3.216928420092365e-09
6610.5,2.881015334207537e-09
6610.51,2.6033225249965267e-09
6610.52,2.379032831502321e-09
6610.53,2.1986041042745674e-09
6610.54,2.050943370994006e-09
6610.55,1.9249025823145533e-09
6610.56,1.8112822386087658e-09
6610.57,1.7045240566302011e-09
6610.58,1.6028275167130072e-09
6610.59,1.5067849871603747e-09
6610.6,1.4177467294224494e-09
6610.61,1.3369825056004028e-09
6610.62,1.2653349119185346e-09
6610.63,1.2032207061201885e-09
6610.64,1.1506374000549602e-09
6610.65,1.107339888069331e-09
6610.66,1.0730573365798054e-09
6610.67,1.0475563260828422e-09
6610.68,1.0304117527838922e-09
6610.69,1.0205345042655502e-09
6610.7,1.015762795661394e-09
6610.71,1.0128567887621554e-09
6610.72,1.0081735121627594e-09
6610.73,9.99070145924667e-10
6610.74,9.851560223968063e-10
6610.75,9.68816633510564e-10
6610.76,9.519893840084164e-10
6610.77,9.381965385598525e-10
6610.78,9.295816232626736e-10
6610.79,9.272672028574912e-10
6610.8,9.319019517602075e-10
6610.81,9.440704042303495e-10
6610.82,9.644377968858546e-10
6610.83,9.935865139686464e-10
6610.84,1.0317376996010422e-09
6610.85,1.0786539887511618e-09
6610.86,1.134223673634651e-09
6610.87,1.1992496382517406e-09
6610.88,1.2761762673024393e-09
6610.89,1.3690131726451229e-09
6610.9,1.482262818512538e-09
6610.91,1.6202405486230935e-09
6610.92,1.7847057211732435e-09
6610.93,1.973745621718802e-09
6610.94,2.1792814486682214e-09
6610.95,2.3848695950025082e-09
6610.96,2.5644159239054093e-09
6610.97,2.6862210352782015e-09
6610.98,2.723113065793641e-09
6610.99,2.664963242052592e-09
6611.0,2.524319857273025e-09
6611.01,2.330155500521173e-09
6611.02,2.1150467880430983e-09
6611.03,1.9048956402515364e-09
6611.04,1.7159876668724571e-09
6611.05,1.5542458799167219e-09
6611.06,1.4219551811865606e-09
6611.07,1.317898654351017e-09
6611.08,1.2397636156599133e-09
6611.09,1.1850878236571054e-09
6611.1,1.1514689940238052e-09
6611.11,1.1367031181950915e-09
6611.12,1.1383174265191313e-09
6611.13,1.1519812736205138e-09
6611.14,1.1755081865528117e-09
6611.15,1.2019498234185712e-09
6611.16,1.2247820332032935e-09
6611.17,1.2381412769575374e-09
6611.18,1.2381136665308095e-09
6611.19,1.2233514091292191e-09
6611.2,1.1948852376463975e-09
6611.21,1.1555503724806572e-09
6611.22,1.1089422447222502e-09
6611.23,1.0597922672499255e-09
6611.24,1.0116781339157069e-09
6611.25,9.677768792062026e-10
6611.26,9.304956367960452e-10
6611.27,9.01482357904082e-10
6611.28,8.823104447009682e-10
6611.29,8.725062019781058e-10
6611.3,8.729843723239556e-10
6611.31,8.840424732237471e-10
6611.32,9.059847011016757e-10
6611.33,9.391403321243038e-10
6611.34,9.83839603761984e-10
6611.35,1.0404093653364597e-09
6611.36,1.1093575009440726e-09
6611.37,1.1915596587781733e-09
6611.38,1.2888025784635882e-09
6611.39,1.4037695154166352e-09
6611.4,1.539566161755786e-09
6611.41,1.6984821915953867e-09
6611.42,1.87992022847969e-09
6611.43,2.0778503253391675e-09
6611.44,2.2786345200055226e-09
6611.45,2.4599954177207895e-09
6611.46,2.594893262405251e-09
6611.47,2.6601883244540897e-09
6611.48,2.6470389887446573e-09
6611.49,2.563282456727712e-09
6611.5,2.431105904053877e-09
6611.51,2.276155255934925e-09
6611.52,2.1202966573253063e-09
6611.53,1.9775878000416983e-09
6611.54,1.854242285652983e-09
6611.55,1.7496549721180922e-09
6611.56,1.65890991855902e-09
6611.57,1.5756317018168892e-09
6611.58,1.4951406425737177e-09
6611.59,1.4163125589465194e-09
6611.6,1.3412846385768067e-09
6611.61,1.2734054072058863e-09
6611.62,1.215426787542982e-09
6611.63,1.1692763987568418e-09
6611.64,1.133882994633207e-09
6611.65,1.1097260783225079e-09
6611.66,1.0959094995345377e-09
6611.67,1.0915301509542282e-09
6611.68,1.0952792193067327e-09
6611.69,1.105072683144256e-09
6611.7,1.1179905506869511e-09
6611.71,1.1299863742274657e-09
6611.72,1.1393382119346315e-09
6611.73,1.1452568442439707e-09
6611.74,1.1509571398154163e-09
6611.75,1.1611046458080105e-09
6611.76,1.179202782211026e-09
6611.77,1.2090679258140115e-09
6611.78,1.2534125450928427e-09
6611.79,1.3146086093267115e-09
6611.8,1.3948058983610159e-09
6611.81,1.4956592686084147e-09
6611.82,1.6174754928839582e-09
6611.83,1.7582579669515552e-09
6611.84,1.9125032984046957e-09
6611.85,2.070910099623183e-09
6611.86,2.221014752912651e-09
6611.87,2.347293006549561e-09
6611.88,2.4365227879183652e-09
6611.89,2.472903951611317e-09
6611.9,2.4470333022616402e-09
6611.91,2.360744437248067e-09
6611.92,2.2287871544240924e-09
6611.93,2.0736854846074798e-09
6611.94,1.9171073950585812e-09
6611.95,1.7747992676634137e-09
6611.96,1.655214876591568e-09
6611.97,1.5617100289028846e-09
6611.98,1.4944951227583292e-09
6611.99,1.451459464983391e-09
6612.0,1.4335038471989312e-09
6612.01,1.4386979459611304e-09
6612.02,1.4667611285831886e-09
6612.03,1.5182071720792451e-09
6612.04,1.5943961128784519e-09
6612.05,1.6975555365871771e-09
6612.06,1.8307377486627806e-09
6612.07,1.997674655591036e-09
6612.08,2.202452294338595e-09
6612.09,2.4488653360880263e-09
6612.1,2.7392221308719817e-09
6612.11,3.071906220243326e-09
6612.12,3.4380323419583816e-09
6612.13,3.817249225538479e-09
6612.14,4.174149006615225e-09
6612.15,4.461999858163557e-09
6612.16,4.635908028844399e-09
6612.17,4.672482423086043e-09
6612.18,4.582559870381271e-09
6612.19,4.4088332154774845e-09
6612.2,4.1994953581428156e-09
6612.21,4.001005348880512e-09
6612.22,3.84012925912962e-09
6612.23,3.724987895790878e-09
6612.24,3.646646977611676e-09
6612.25,3.5819936639339177e-09
6612.26,3.4998925290402996e-09
6612.27,3.372019107527419e-09
6612.28,3.185109026343606e-09
6612.29,2.946393429529784e-09
6612.3,2.67807913783157e-09
6612.31,2.4054093002531624e-09
6612.32,2.1486035897607048e-09
6612.33,1.9185205255101672e-09
6612.34,1.7192147562125646e-09
6612.35,1.5501701613053813e-09
6612.36,1.4086762152327011e-09
6612.37,1.2913321171050092e-09
6612.38,1.194703276230938e-09
6612.39,1.1158500850716532e-09
6612.4,1.052317723317548e-09
6612.41,1.002174357653913e-09
6612.42,9.639557790943746e-10
6612.43,9.366415175783207e-10
6612.44,9.193810823622683e-10
6612.45,9.123041755183468e-10
6612.46,9.152067357897606e-10
6612.47,9.283479338124013e-10
6612.48,9.521582072402943e-10
6612.49,9.871470864201851e-10
6612.5,1.033792147099797e-09
6612.51,1.0924884181763978e-09
6612.52,1.1636945819109072e-09
6612.53,1.247684421200417e-09
6612.54,1.3439498987594833e-09
6612.55,1.4497513316169214e-09
6612.56,1.5570769345840533e-09
6612.57,1.656278402330692e-09
6612.58,1.7324653634368837e-09
6612.59,1.775624712648886e-09
6612.6,1.7855224294274793e-09
6612.61,1.7725417353321853e-09
6612.62,1.7526777161237599e-09
6612.63,1.7409886036734603e-09
6612.64,1.747317936277854e-09
6612.65,1.7749230075582146e-09
6612.66,1.820918976163981e-09
6612.67,1.8765577610972877e-09
6612.68,1.9293351622102347e-09
6612.69,1.965356377547858e-09
6612.7,1.975028846288282e-09
6612.71,1.9571428758369788e-09
6612.72,1.9191307605347585e-09
6612.73,1.8728629993183174e-09
6612.74,1.8292060438209157e-09
6612.75,1.7946688032567557e-09
6612.76,1.7711676628537197e-09
6612.77,1.758248533626473e-09
6612.78,1.7559090044228724e-09
6612.79,1.7654944011347477e-09
6612.8,1.7886617017127282e-09
6612.81,1.8242670389266908e-09
6612.82,1.8653016309390227e-09
6612.83,1.89837573416894e-09
6612.84,1.907087879871073e-09
6612.85,1.8788461526234786e-09
6612.86,1.8110933588937066e-09
6612.87,1.7122553155563869e-09
6612.88,1.5970975398411005e-09
6612.89,1.48027653530373e-09
6612.9,1.3724422924222786e-09
6612.91,1.2802203678857151e-09
6612.92,1.2062210330461226e-09
6612.93,1.1511753416207523e-09
6612.94,1.1148757445888753e-09
6612.95,1.0969502782852786e-09
6612.96,1.0970330024043014e-09
6612.97,1.1151838524773287e-09
6612.98,1.151569511219395e-09
6612.99,1.206149940638141e-09
6613.0,1.2778080528553e-09
6613.01,1.3635344489653153e-09
6613.02,1.4572166533448883e-09
6613.03,1.5500009279679345e-09
6613.04,1.6325992116822409e-09
6613.05,1.6998499372796931e-09
6613.06,1.7540553710493254e-09
6613.07,1.8040353735028894e-09
6613.08,1.8601169503665269e-09
6613.09,1.928602034378054e-09
6613.1,2.0085689099177457e-09
6613.11,2.0911719688200986e-09
6613.12,2.162249566578228e-09
6613.13,2.2078452659679005e-09
6613.14,2.2201515250807697e-09
6613.15,2.200462377055859e-09
6613.16,2.156278231840942e-09
6613.17,2.0954581211519206e-09
6613.18,2.022542681456426e-09
6613.19,1.938899714414625e-09
6613.2,1.8506110846360859e-09
6613.21,1.7643211254533915e-09
6613.22,1.689057731398562e-09
6613.23,1.631510139236611e-09
6613.24,1.5934009606131049e-09
6613.25,1.5704680217949347e-09
6613.26,1.5536050981108504e-09
6613.27,1.5316938761681406e-09
6613.28,1.4956751576752024e-09
6613.29,1.4416852957836875e-09
6613.3,1.3715432088359398e-09
6613.31,1.29088039659453e-09
6613.32,1.207043368913544e-09
6613.33,1.127076217475779e-09
6613.34,1.0562271647032803e-09
6613.35,9.97337413227539e-10
6613.36,9.510733055295836e-10
6613.37,9.165905286807092e-10
6613.38,8.922753285151525e-10
6613.39,8.763767798394153e-10
6613.4,8.673662452053949e-10
6613.41,8.651206530490213e-10
6613.42,8.697564885224726e-10
6613.43,8.822416801537767e-10
6613.44,9.039067757155049e-10
6613.45,9.361203386080779e-10
6613.46,9.807310760223341e-10
6613.47,1.0392489394650244e-09
6613.48,1.1132018567332963e-09
6613.49,1.203626831105014e-09
6613.5,1.3103017277773367e-09
6613.51,1.430675329582415e-09
6613.52,1.5581285279205434e-09
6613.53,1.6810912012620336e-09
6613.54,1.7831253008392661e-09
6613.55,1.8465885070050287e-09
6613.56,1.8588278601697092e-09
6613.57,1.8178974628967112e-09
6613.58,1.7335233655641132e-09
6613.59,1.622521778142472e-09
6613.6,1.5022542608642683e-09
6613.61,1.3860570213960017e-09
6613.62,1.2820053365769863e-09
6613.63,1.1938759631830657e-09
6613.64,1.12257975840491e-09
6613.65,1.067346666585311e-09
6613.66,1.0273341763632399e-09
6613.67,1.0010659953814764e-09
6613.68,9.873998769536584e-10
6613.69,9.8544578005713e-10
6613.7,9.945741124334457e-10
6613.71,1.0143921116724723e-09
6613.72,1.0446502867672691e-09
6613.73,1.0853020043094826e-09
6613.74,1.1365564081841861e-09
6613.75,1.1991923030131816e-09
6613.76,1.2747433918621828e-09
6613.77,1.3647431612624906e-09
6613.78,1.4729187343605941e-09
6613.79,1.604930526145959e-09
6613.8,1.764096837890988e-09
6613.81,1.9557125926232675e-09
6613.82,2.185614114411621e-09
6613.83,2.460364846357442e-09
6613.84,2.786162742068354e-09
6613.85,3.1669971694035386e-09
6613.86,3.6020085038291386e-09
6613.87,4.080772709923275e-09
6613.88,4.580744347570011e-09
6613.89,5.055870003995515e-09
6613.9,5.453594054895785e-09
6613.91,5.722348358448455e-09
6613.92,5.832733373401549e-09
6613.93,5.78777087847383e-09
6613.94,5.614473419904174e-09
6613.95,5.345644201930282e-09
6613.96,5.007754233186574e-09
6613.97,4.621005110679513e-09
6613.98,4.206127403298751e-09
6613.99,3.7860003612121975e-09
6614.0,3.382308558228511e-09
6614.01,3.0109708581151185e-09
6614.02,2.6800481771691144e-09
6614.03,2.391417115458833e-09
6614.04,2.1429428608700165e-09
6614.05,1.9306936885129333e-09
6614.06,1.7501362416423947e-09
6614.07,1.596674009918506e-09
6614.08,1.4659680519993754e-09
6614.09,1.3542967396677262e-09
6614.1,1.2588157669006158e-09
6614.11,1.1775562284413175e-09
6614.12,1.1091610592294993e-09
6614.13,1.0525760352834644e-09
6614.14,1.006868803793786e-09
6614.15,9.711829613486637e-10
6614.16,9.446697892487884e-10
6614.17,9.269209599306775e-10
6614.18,9.175919148191743e-10
6614.19,9.165663039640074e-10
6614.2,9.24118896421429e-10
6614.21,9.408736285093932e-10
6614.22,9.677388897706247e-10
6614.23,1.0060051039238477e-09
6614.24,1.0571815284736568e-09
6614.25,1.1229069670148662e-09
6614.26,1.2047166387623201e-09
6614.27,1.3035890060769532e-09
6614.28,1.4192107259441255e-09
6614.29,1.5487354236951759e-09
6614.3,1.6845610547384826e-09
6614.31,1.8163568553100063e-09
6614.32,1.9265215776641202e-09
6614.33,1.9965303425724674e-09
6614.34,2.012066205857194e-09
6614.35,1.9692978759500165e-09
6614.36,1.8764463152481206e-09
6614.37,1.750244604835974e-09
6614.38,1.6093514618582254e-09
6614.39,1.4689603814415534e-09
6614.4,1.33902900928956e-09
6614.41,1.2245715798957497e-09
6614.42,1.127136714030781e-09
6614.43,1.046224734738361e-09
6614.44,9.803666876106035e-10
6614.45,9.276200543724325e-10
6614.46,8.859924302230505e-10
6614.47,8.538828171574658e-10
6614.48,8.297607160310677e-10
6614.49,8.125277020256539e-10
6614.5,8.01768553867815e-10
6614.51,7.973181849914305e-10
6614.52,7.994673963991311e-10
6614.53,8.087920619221936e-10
6614.54,8.260794566151284e-10
6614.55,8.522902408131757e-10
6614.56,8.885252716641609e-10
6614.57,9.361452813039522e-10
6614.58,9.965724875576296e-10
6614.59,1.0713154799711745e-09
6614.6,1.1617232457219083e-09
6614.61,1.268587796017029e-09
6614.62,1.3915149724811304e-09
6614.63,1.5279924464572878e-09
6614.64,1.6722426122621866e-09
6614.65,1.8141093563901374e-09
6614.66,1.9389935846591858e-09
6614.67,2.0294467617507707e-09
6614.68,2.069893850943228e-09
6614.69,2.052480905133152e-09
6614.7,1.9807265704048535e-09
6614.71,1.8680612043073547e-09
6614.72,1.7326105638892873e-09
6614.73,1.5911407377127694e-09
6614.74,1.455861592804448e-09
6614.75,1.3341310806115721e-09
6614.76,1.2286918548627446e-09
6614.77,1.1415710751768212e-09
6614.78,1.0713031158356281e-09
6614.79,1.0163045735223367e-09
6614.8,9.746993758168263e-10
6614.81,9.447377216741476e-10
6614.82,9.24976149999262e-10
6614.83,9.146996249837967e-10
6614.84,9.13687304081045e-10
6614.85,9.225146137429693e-10
6614.86,9.420587923356242e-10
6614.87,9.73046188139174e-10
6614.88,1.0164908714223356e-09
6614.89,1.0735427019009649e-09
6614.9,1.1454357516064557e-09
6614.91,1.2333325986381885e-09
6614.92,1.3380844813324725e-09
6614.93,1.4591574383129802e-09
6614.94,1.5944361821927142e-09
6614.95,1.7383145660708893e-09
6614.96,1.880853915143093e-09
6614.97,2.0078703817645757e-09
6614.98,2.1027731877420167e-09
6614.99,2.151746054108261e-09
6615.0,2.1483729774247573e-09
6615.01,2.096933212949029e-09
6615.02,2.010498808397479e-09
6615.03,1.905715222984068e-09
6615.04,1.7974967179372987e-09
6615.05,1.6960157649418924e-09
6615.06,1.6068527679117027e-09
6615.07,1.5325353597057176e-09
6615.08,1.4742704881103826e-09
6615.09,1.4326460051561327e-09
6615.1,1.4073100260358932e-09
6615.11,1.3961283544240015e-09
6615.12,1.3950499310780556e-09
6615.13,1.3992684461373298e-09
6615.14,1.405475024861533e-09
6615.15,1.4137850825243537e-09
6615.16,1.4279435217646857e-09
6615.17,1.4534554633510345e-09
6615.18,1.494808083791295e-09
6615.19,1.5564895303484228e-09
6615.2,1.638973658331359e-09
6615.21,1.7406512692904083e-09
6615.22,1.856555917171014e-09
6615.23,1.9775298211894182e-09
6615.24,2.089806788519379e-09
6615.25,2.17749161124586e-09
6615.26,2.224989409764714e-09
6615.27,2.2232266708591646e-09
6615.28,2.1730974744040663e-09
6615.29,2.085036347857965e-09
6615.3,1.9746904435256587e-09
6615.31,1.8581829867159397e-09
6615.32,1.7478081560721553e-09
6615.33,1.6516360119718072e-09
6615.34,1.5739800563920109e-09
6615.35,1.5165491831962335e-09
6615.36,1.47966703418554e-09
6615.37,1.4630500097489276e-09
6615.38,1.466413841309186e-09
6615.39,1.4895787804264191e-09
6615.4,1.532684333172634e-09
6615.41,1.596006122317689e-09
6615.42,1.679897186213817e-09
6615.43,1.7842925492467338e-09
6615.44,1.9081082848325593e-09
6615.45,2.0484256712342867e-09
6615.46,2.1995255209587367e-09
6615.47,2.3527197884837968e-09
6615.48,2.497053312169867e-09
6615.49,2.621949873021748e-09
6615.5,2.7211971851276557e-09
6615.51,2.796213132953404e-09
6615.52,2.856684482070287e-09
6615.53,2.918219990452038e-09
6615.54,2.997283835764933e-09
6615.55,3.113354601819055e-09
6615.56,3.2751223654636606e-09
6615.57,3.493760868866719e-09
6615.58,3.779280499513319e-09
6615.59,4.1322814104840955e-09
6615.6,4.5467941390498995e-09
6615.61,5.003776433174954e-09
6615.62,5.466923027589265e-09
6615.63,5.881295209158583e-09
6615.64,6.183035796635582e-09
6615.65,6.319088812688267e-09
6615.66,6.268216103497972e-09
6615.67,6.047909502528989e-09
6615.68,5.70384221556909e-09
6615.69,5.287824386570234e-09
6615.7,4.844725514648954e-09
6615.71,4.407064781610557e-09
6615.72,3.996983897862328e-09
6615.73,3.6281388551495594e-09
6615.74,3.3077565243060843e-09
6615.75,3.0383372055337308e-09
6615.76,2.819029551605673e-09
6615.77,2.646816815910673e-09
6615.78,2.5173287989068135e-09
6615.79,2.4250499199022583e-09
6615.8,2.363295955401755e-09
6615.81,2.3242178575192275e-09
6615.82,2.2985249570310538e-09
6615.83,2.276410364946853e-09
6615.84,2.2486758828510752e-09
6615.85,2.2098602074757214e-09
6615.86,2.157525978795473e-09
6615.87,2.0937183899525824e-09
6615.88,2.0235164179333945e-09
6615.89,1.9531748842586372e-09
6615.9,1.8882836349217675e-09
6615.91,1.8323104088164497e-09
6615.92,1.7859000923815682e-09
6615.93,1.7469464356627292e-09
6615.94,1.7114728990378777e-09
6615.95,1.6748719333759006e-09
6615.96,1.6333814611815199e-09
6615.97,1.5851761467246993e-09
6615.98,1.5305284130076666e-09
6615.99,1.4711027673032582e-09
6616.0,1.408724493642912e-09
6616.01,1.3446826960394454e-09
6616.02,1.2794325024806528e-09
6616.03,1.2129189732284683e-09
6616.04,1.1455906482541451e-09
6616.05,1.0781659890675933e-09
6616.06,1.0120509888147696e-09
6616.07,9.48945664682444e-10
6616.08,8.900209466342964e-10
6616.09,8.36943225804382e-10
6616.1,7.895884913715457e-10
6616.11,7.475784929870075e-10
6616.12,7.095472553116265e-10
6616.13,6.73847398792008e-10
6616.14,6.386409608386337e-10
6616.15,6.041926413411034e-10
6616.16,5.705126896269339e-10
6616.17,5.386052416045953e-10
6616.18,5.094808146004162e-10
6616.19,4.838227515024839e-10
6616.2,4.6194082983306615e-10
6616.21,4.4389532121149134e-10
6616.22,4.296396910741182e-10
6616.23,4.190573667220235e-10
6616.24,4.1199712511433517e-10
6616.25,4.082004065893174e-10
6616.26,4.071582412422908e-10
6616.27,4.078950346237116e-10
6616.28,4.088165360580248e-10
6616.29,4.084405005394359e-10
6616.3,4.048372656575632e-10
6616.31,3.9720699849112805e-10
6616.32,3.860346295898409e-10
6616.33,3.7275423990977724e-10
6616.34,3.5895229868587506e-10
6616.35,3.458407161026439e-10
6616.36,3.3400494962092594e-10
6616.37,3.235803323873072e-10
6616.38,3.1447370486381165e-10
6616.39,3.0657549709889546e-10
6616.4,2.996205170589917e-10
6616.41,2.9418688787522167e-10
6616.42,2.900843661570615e-10
6616.43,2.8736484228691444e-10
6616.44,2.85763637821662e-10
6616.45,2.847576456263386e-10
6616.46,2.835047242362961e-10
6616.47,2.8082092582041355e-10
6616.48,2.764046569183809e-10
6616.49,2.69772504694201e-10
6616.5,2.61290728121876e-10
6616.51,2.5174140757141284e-10
6616.52,2.419839626110104e-10
6616.53,2.3270123089821512e-10
6616.54,2.2430541588076477e-10
6616.55,2.1698472521924147e-10
6616.56,2.1079411315642515e-10
6616.57,2.0563991844535323e-10
6616.58,2.0146061189962133e-10
6616.59,1.9816696345749228e-10
6616.6,1.9567818417320986e-10
6616.61,1.9343107533076717e-10
6616.62,1.9238777393710996e-10
6616.63,1.9198386592218093e-10
6616.64,1.9221635076380995e-10
6616.65,1.9308129898401546e-10
6616.66,1.9458842243910043e-10
6616.67,1.9676041125450384e-10
6616.68,1.9963231749681582e-10
6616.69,2.0325075020677985e-10
6616.7,2.0767248663875434e-10
6616.71,2.12961882701645e-10
6616.72,2.1918616065497528e-10
6616.73,2.264072713569733e-10
6616.74,2.3466865180396435e-10
6616.75,2.4397506313882657e-10
6616.76,2.5426431402115096e-10
6616.77,2.653719212860289e-10
6616.78,2.7699465620683774e-10
6616.79,2.8866667879783323e-10
6616.8,2.9976995022429744e-10
6616.81,3.096086085855178e-10
6616.82,3.1751206998944465e-10
6616.83,3.230387274137362e-10
6616.84,3.260864610046339e-10
6616.85,3.2693115176091375e-10
6616.86,3.2613584479572886e-10
6616.87,3.243536812415066e-10
6616.88,3.221328689240312e-10
6616.89,3.1979852847662566e-10
6616.9,3.174797089520099e-10
6616.91,3.1526331735287326e-10
6616.92,3.1339325978128076e-10
6616.93,3.1227558577453125e-10
6616.94,3.124021971825109e-10
6616.95,3.142100003914965e-10
6616.96,3.1801403333956216e-10
6616.97,3.240098661615894e-10
6616.98,3.323105982798635e-10
6616.99,3.4296654456618577e-10
6617.0,3.5595031527141657e-10
6617.01,3.711871579121554e-10
6617.02,3.8842715201689323e-10
6617.03,4.0722513980168227e-10
6617.04,4.2703602018009703e-10
6617.05,4.4704092394610425e-10
6617.06,4.663942875775493e-10
6617.07,4.838502268742463e-10
6617.08,5.00302686930626e-10
6617.09,5.155688918536304e-10
6617.1,5.306356202704678e-10
6617.11,5.468749429129125e-10
6617.12,5.657638655819181e-10
6617.13,5.885577644363266e-10
6617.14,6.164049266367363e-10
6617.15,6.498428003626667e-10
6617.16,6.890503127822276e-10
6617.17,7.338858663113396e-10
6617.18,7.841736212940733e-10
6617.19,8.401783472301804e-10
6617.2,9.029658256556487e-10
6617.21,9.747021667071864e-10
6617.22,1.0581259856496184e-09
6617.23,1.1561677403993002e-09
6617.24,1.2720760126724897e-09
6617.25,1.4095744088371897e-09
6617.26,1.5731478409798233e-09
6617.27,1.7681384096055124e-09
6617.28,2.000589742590518e-09
6617.29,2.276775730029281e-09
6617.3,2.6022282228048995e-09
6617.31,2.9798658032588748e-09
6617.32,3.40674474701396e-09
6617.33,3.869090412427423e-09
6617.34,4.337453786042552e-09
6617.35,4.7613581440168864e-09
6617.36,5.081852117210652e-09
6617.37,5.238019110982595e-09
6617.38,5.19745472803481e-09
6617.39,4.969949864008527e-09
6617.4,4.602596483518258e-09
6617.41,4.158599387057609e-09
6617.42,3.695386539072424e-09
6617.43,3.252286762890536e-09
6617.44,2.8504555984153754e-09
6617.45,2.4969599476201344e-09
6617.46,2.1907975495378765e-09
6617.47,1.9275627325020926e-09
6617.48,1.7021294990924284e-09
6617.49,1.5096526082486263e-09
6617.5,1.3456949053497942e-09
6617.51,1.2061721510299642e-09
6617.52,1.08675484744772e-09
6617.53,9.854360413329776e-10
6617.54,8.988773772078116e-10
6617.55,8.248842815298232e-10
6617.56,7.617201830604056e-10
6617.57,7.080131727546111e-10
6617.58,6.626690933389995e-10
6617.59,6.247981805032645e-10
6617.6,5.93645301738314e-10
6617.61,5.684987694341059e-10
6617.62,5.485637025106546e-10
6617.63,5.327819516505257e-10
6617.64,5.198151491645588e-10
6617.65,5.078701282030065e-10
6617.66,4.950530933473123e-10
6617.67,4.798824126839123e-10
6617.68,4.618298703463075e-10
6617.69,4.415029479099062e-10
6617.7,4.202897547285666e-10
6617.71,3.9972201088310697e-10
6617.72,3.8096228699827877e-10
6617.73,3.646354088343462e-10
6617.74,3.5087004072718866e-10
6617.75,3.3944819308250794e-10
6617.76,3.299351558659896e-10
6617.77,3.218093574633917e-10
6617.78,3.145935215293994e-10
6617.79,3.079848710393678e-10
6617.8,3.0193634041306585e-10
6617.81,2.9665086864550064e-10
6617.82,2.924927634776942e-10
6617.83,2.8985879628017747e-10
6617.84,2.890591254177902e-10
6617.85,2.902121276155269e-10
6617.86,2.93167638945137e-10
6617.87,2.9745009249601737e-10
6617.88,3.023673867498028e-10
6617.89,3.072483575609495e-10
6617.9,3.1181535715991623e-10
6617.91,3.163682798733128e-10
6617.92,3.2166591006355737e-10
6617.93,3.2866044590693643e-10
6617.94,3.382801010083858e-10
6617.95,3.50604026188857e-10
6617.96,3.670749938386214e-10
6617.97,3.8616920580770883e-10
6617.98,4.0545689893205835e-10
6617.99,4.209765899828418e-10
6618.0,4.282532271943381e-10
6618.01,4.2428291716834305e-10
6618.02,4.0921653525332084e-10
6618.03,3.862405242162785e-10
6618.04,3.597922978006363e-10
6618.05,3.3369848557812704e-10
6618.06,3.103468852050041e-10
6618.07,2.9082937990201487e-10
6618.08,2.753796661226089e-10
6618.09,2.6382041903953224e-10
6618.1,2.558370936244368e-10
6618.11,2.511153097328981e-10
6618.12,2.494315655588718e-10
6618.13,2.5062265168049706e-10
6618.14,2.5459849922097093e-10
6618.15,2.6127675799008314e-10
6618.16,2.7056819735295625e-10
6618.17,2.8219867339834094e-10
6618.18,2.9569339946206556e-10
6618.19,3.103900781183962e-10
6618.2,3.255589808676174e-10
6618.21,3.408578489551777e-10
6618.22,3.5607105579254474e-10
6618.23,3.7117365171382967e-10
6618.24,3.8627765584267296e-10
6618.25,4.014922092720488e-10
6618.26,4.1712517079117176e-10
6618.27,4.3352994017867297e-10
6618.28,4.507401054650655e-10
6618.29,4.68067470260006e-10
6618.3,4.841452115821232e-10
6618.31,4.968750254206857e-10
6618.32,5.041367053315018e-10
6618.33,5.044431147287837e-10
6618.34,4.974409500190179e-10
6618.35,4.833339016058542e-10
6618.36,4.650798073512278e-10
6618.37,4.4383515786084516e-10
6618.38,4.213225458772756e-10
6618.39,3.985916156715367e-10
6618.4,3.762871292286321e-10
6618.41,3.5477426671450613e-10
6618.42,3.3433179198771877e-10
6618.43,3.152495234346626e-10
6618.44,2.9781970550309956e-10
6618.45,2.8226503575400936e-10
6618.46,2.6875028044881567e-10
6618.47,2.5730127807307206e-10
6618.48,2.478804317774016e-10
6618.49,2.4040836175313857e-10
6618.5,2.34794491552452e-10
6618.51,2.30958452976565e-10
6618.52,2.2884122605146545e-10
6618.53,2.284053411294281e-10
6618.54,2.2962117905266645e-10
6618.55,2.324329136046936e-10
6618.56,2.366941318465429e-10
6618.57,2.42085836573565e-10
6618.58,2.480215794331679e-10
6618.59,2.5365945745536745e-10
6618.6,2.5810247375706045e-10
6618.61,2.607781694831105e-10
6618.62,2.617518561213165e-10
6618.63,2.6169654889268854e-10
6618.64,2.6153727217139496e-10
6618.65,2.621166776991002e-10
6618.66,2.63964834364534e-10
6618.67,2.673307456573892e-10
6618.68,2.7226264118925563e-10
6618.69,2.7868542536238057e-10
6618.7,2.864863532147221e-10
6618.71,2.955959449050207e-10
6618.72,3.054114302793972e-10
6618.73,3.173716825675641e-10
6618.74,3.3105423525887145e-10
6618.75,3.4665483349756173e-10
6618.76,3.642502964133505e-10
6618.77,3.837364334948775e-10
6618.78,4.048123217318784e-10
6618.79,4.2702570631876425e-10
6618.8,4.498518578604422e-10
6618.81,4.728544529225466e-10
6618.82,4.958770115566362e-10
6618.83,5.193774307204214e-10
6618.84,5.442733281040093e-10
6618.85,5.718665777302177e-10
6618.86,6.035338352865179e-10
6618.87,6.405465687817687e-10
6618.88,6.840379981239024e-10
6618.89,7.350791499075297e-10
6618.9,7.94762222202621e-10
6618.91,8.642681120306754e-10
6618.92,9.450024911795098e-10
6618.93,1.0386530181278129e-09
6618.94,1.1474358983795977e-09
6618.95,1.2742734137006053e-09
6618.96,1.4230247568210362e-09
6618.97,1.5983359986521709e-09
6618.98,1.8056402447593321e-09
6618.99,2.050970433238371e-09
6619.0,2.340548107288425e-09
6619.01,2.6799363642813256e-09
6619.02,3.0722787644304918e-09
6619.03,3.5151909827922966e-09
6619.04,3.996077352548202e-09
6619.05,4.486535794999127e-09
6619.06,4.939613141212351e-09
6619.07,5.292155210387746e-09
6619.08,5.483157912866251e-09
6619.09,5.473358824316639e-09
6619.1,5.265347175450381e-09
6619.11,4.901661769809156e-09
6619.12,4.445393237821595e-09
6619.13,3.955585143538882e-09
6619.14,3.480253474483428e-09
6619.15,3.0434643187713204e-09
6619.16,2.656207209820985e-09
6619.17,2.3201474739533122e-09
6619.18,2.0320714323353546e-09
6619.19,1.786711208557625e-09
6619.2,1.5782890881596766e-09
6619.21,1.4012825549784818e-09
6619.22,1.2507477987530564e-09
6619.23,1.1224222564744645e-09
6619.24,1.012714623888801e-09
6619.25,9.186436087810612e-10
6619.26,8.377583021229304e-10
6619.27,7.680573037610033e-10
6619.28,7.079145126705669e-10
6619.29,6.560036740830652e-10
6619.3,6.112827371590927e-10
6619.31,5.728792503472958e-10
6619.32,5.400781540589014e-10
6619.33,5.122489132665093e-10
6619.34,4.887677150585563e-10
6619.35,4.688911675506463e-10
6619.36,4.518281781609653e-10
6619.37,4.365227926725864e-10
6619.38,4.21400479829885e-10
6619.39,4.06758422595002e-10
6619.4,3.917088909241832e-10
6619.41,3.76299109304796e-10
6619.42,3.6087248370986855e-10
6619.43,3.457062736380529e-10
6619.44,3.3112028226209883e-10
6619.45,3.174917053779946e-10
6619.46,3.0523323077884515e-10
6619.47,2.946782187689859e-10
6619.48,2.859919974455468e-10
6619.49,2.7913828349203304e-10
6619.5,2.7388464252558593e-10
6619.51,2.698259784403206e-10
6619.52,2.66421024402682e-10
6619.53,2.6332412393704515e-10
6619.54,2.6030760798724913e-10
6619.55,2.5752095125002567e-10
6619.56,2.5536231233633637e-10
6619.57,2.543036639303497e-10
6619.58,2.547577256220969e-10
6619.59,2.570347896128787e-10
6619.6,2.6137354276828043e-10
6619.61,2.679803083919834e-10
6619.62,2.770652106302431e-10
6619.63,2.888606154894953e-10
6619.64,3.036220568480714e-10
6619.65,3.216113479706367e-10
6619.66,3.4306089621498285e-10
6619.67,3.6812043199530297e-10
6619.68,3.963352231493696e-10
6619.69,4.2842906675395326e-10
6619.7,4.634987510223581e-10
6619.71,5.008222821553182e-10
6619.72,5.392941419557793e-10
6619.73,5.772599556078897e-10
6619.74,6.123768772882283e-10
6619.75,6.416958722726463e-10
6619.76,6.620635685131374e-10
6619.77,6.707504690954477e-10
6619.78,6.661889205304603e-10
6619.79,6.485291041156276e-10
6619.8,6.197305297833741e-10
6619.81,5.830505445333385e-10
6619.82,5.421667564486182e-10
6619.83,5.003570436042008e-10
6619.84,4.600410235201983e-10
6619.85,4.227085691719858e-10
6619.86,3.89116391890691e-10
6619.87,3.595652243223351e-10
6619.88,3.341188740650111e-10
6619.89,3.1266047662319593e-10
6619.9,2.948643504868343e-10
6619.91,2.800966242355723e-10
6619.92,2.6742878529698554e-10
6619.93,2.556413554801771e-10
6619.94,2.4354755627517297e-10
6619.95,2.3035981567005584e-10
6619.96,2.1558737620321562e-10
6619.97,2.004200640404094e-10
6619.98,1.8524513144984682e-10
6619.99,1.7072462762953782e-10
6620.0,1.573699585235659e-10
