nu_cm-1,alpha_cm-1_at_x=0.045
1860.0,7.77053980455655e-06
1860.01,8.473253308410007e-06
1860.02,9.273185785154751e-06
1860.03,1.0188130714447309e-05
1860.04,1.1239825786746438e-05
1860.05,1.2454906660227391e-05
1860.06,1.3866071976103474e-05
1860.07,1.5513476220165826e-05
1860.08,1.744632660671441e-05
1860.09,1.9724586311125802e-05
1860.1,2.24205387778974e-05
1860.11,2.561958834998904e-05
1860.12,2.9418754023525033e-05
1860.13,3.3919681835634656e-05
1860.14,3.921090268245074e-05
1860.15,4.5331813644234585e-05
1860.16,5.220992378743704e-05
1860.17,5.9569241999592456e-05
1860.18,6.683289972981604e-05
1860.19,7.309282837965477e-05
1860.2,7.725916790087137e-05
1860.21,7.84350776912624e-05
1860.22,7.634372644494365e-05
1860.23,7.14781537800456e-05
1860.24,6.483940055727377e-05
1860.25,5.749272903584964e-05
1860.26,5.0253575579506144e-05
1860.27,4.360226624682084e-05
1860.28,3.774409184963539e-05
1860.29,3.2710736260906595e-05
1860.3,2.844327493916052e-05
1860.31,2.4846556247687338e-05
1860.32,2.181928674063492e-05
1860.33,1.926828711611549e-05
1860.34,1.7113556487898135e-05
1860.35,1.5287593559011662e-05
1860.36,1.3734810586611672e-05
1860.37,1.2407853039891616e-05
1860.38,1.1266976920350684e-05
1860.39,1.0276852540274595e-05
1860.4,9.408996826654386e-06
1860.41,8.641605513738856e-06
1860.42,7.959945987088545e-06
1860.43,7.354192792570323e-06
1860.44,6.816648318814194e-06
1860.45,6.3401158384813355e-06
1860.46,5.91771125645717e-06
1860.47,5.543048499320658e-06
1860.48,5.210831785152637e-06
1860.49,4.9155109661911524e-06
1860.5,4.6533916366979636e-06
1860.51,4.42113699534076e-06
1860.52,4.21609393338055e-06
1860.53,4.03621730573064e-06
1860.54,3.880033277292615e-06
1860.55,3.7465914365489287e-06
1860.56,3.6353944590831154e-06
1860.57,3.5463445756254e-06
1860.58,3.479248199669682e-06
1860.59,3.433781962892269e-06
1860.6,3.4084756729166725e-06
1860.61,3.3997190958166682e-06
1860.62,3.400800212120487e-06
1860.63,3.4020438155980027e-06
1860.64,3.3929771747584193e-06
1860.65,3.365777898367043e-06
1860.66,3.3175508825418657e-06
1860.67,3.249897884053905e-06
1860.68,3.166532383994616e-06
1860.69,3.0706891418315606e-06
1860.7,2.964135077196011e-06
1860.71,2.848426274390809e-06
1860.72,2.726864421791477e-06
1860.73,2.604825539446773e-06
1860.74,2.488149527353359e-06
1860.75,2.381303502765771e-06
1860.76,2.2866498631694684e-06
1860.77,2.2047569329255378e-06
1860.78,2.1351040084383106e-06
1860.79,2.076740897612854e-06
1860.8,2.0287106798903973e-06
1860.81,1.99024588266169e-06
1860.82,1.960808520748309e-06
1860.83,1.940073180641978e-06
1860.84,1.9280781660180045e-06
1860.85,1.924561855636164e-06
1860.86,1.9299448528273047e-06
1860.87,1.9446563370293015e-06
1860.88,1.9692284980807756e-06
1860.89,2.004160509333366e-06
1860.9,2.0496586906640394e-06
1860.91,2.1052026395052676e-06
1860.92,2.169125089028567e-06
1860.93,2.2370815756809733e-06
1860.94,2.302942520442623e-06
1860.95,2.358623849951449e-06
1860.96,2.3963912796793745e-06
1860.97,2.4145837521367726e-06
1860.98,2.4076654031654618e-06
1860.99,2.382909649602981e-06
1861.0,2.3465738895608376e-06
1861.01,2.304940759442341e-06
1861.02,2.263613844441939e-06
1861.03,2.2273197409523914e-06
1861.04,2.1996724222049854e-06
1861.05,2.182986737634228e-06
1861.06,2.1784437642375683e-06
1861.07,2.1864790157080234e-06
1861.08,2.2072474926250435e-06
1861.09,2.240788963314057e-06
1861.1,2.2874747419007673e-06
1861.11,2.347973144936009e-06
1861.12,2.423378215895409e-06
1861.13,2.515289551257385e-06
1861.14,2.625905498625963e-06
1861.15,2.7581372600183844e-06
1861.16,2.915759124980396e-06
1861.17,3.103500266443081e-06
1861.18,3.3272553955879446e-06
1861.19,3.5940552489775666e-06
1861.2,3.91183812211812e-06
1861.21,4.288610123531934e-06
1861.22,4.7304417276435595e-06
1861.23,5.237440828187572e-06
1861.24,5.797078274870082e-06
1861.25,6.37545016987262e-06
1861.26,6.937636440785956e-06
1861.27,7.348080571099175e-06
1861.28,7.555586443848726e-06
1861.29,7.525447389003358e-06
1861.3,7.285711253589311e-06
1861.31,6.91095066697702e-06
1861.32,6.485562848878806e-06
1861.33,6.0752952211982595e-06
1861.34,5.718662678815688e-06
1861.35,5.4318782833813975e-06
1861.36,5.2174868972278474e-06
1861.37,5.071417055451824e-06
1861.38,4.98734192080997e-06
1861.39,4.958950651582124e-06
1861.4,4.980955048526745e-06
1861.41,5.049429706998965e-06
1861.42,5.161849001709358e-06
1861.43,5.3169579837288336e-06
1861.44,5.514571342296287e-06
1861.45,5.755294234738872e-06
1861.46,6.040143568470542e-06
1861.47,6.370123490189952e-06
1861.48,6.745829800709535e-06
1861.49,7.1676366575308805e-06
1861.5,7.636833281662019e-06
1861.51,8.157807526751004e-06
1861.52,8.739840576007495e-06
1861.53,9.397114094702343e-06
1861.54,1.0147382895989533e-05
1861.55,1.101131640581133e-05
1861.56,1.2013264095464263e-05
1861.57,1.3182616492532574e-05
1861.58,1.4553662139534025e-05
1861.59,1.6168030815612752e-05
1861.6,1.807538601258752e-05
1861.61,2.0335598508388386e-05
1861.62,2.3020324704210215e-05
1861.63,2.6213311439476694e-05
1861.64,3.0007756368620333e-05
1861.65,3.4497707812193926e-05
1861.66,3.975830680809743e-05
1861.67,4.580747724801796e-05
1861.68,5.254142815024269e-05
1861.69,5.964602929755546e-05
1861.7,6.651254778938493e-05
1861.71,7.223468752423873e-05
1861.72,7.578764426987661e-05
1861.73,7.640201066659093e-05
1861.74,7.393633885337357e-05
1861.75,6.895359605666801e-05
1861.76,6.2431294722444e-05
1861.77,5.53532993714039e-05
1861.78,4.844545151170796e-05
1861.79,4.212074823842605e-05
1861.8,3.654784399546513e-05
1861.81,3.1746151919514645e-05
1861.82,2.766144531119433e-05
1861.83,2.420936818357904e-05
1861.84,2.1298905624899974e-05
1861.85,1.8843970212642525e-05
1861.86,1.676853820154787e-05
1861.87,1.5008113816918998e-05
1861.88,1.3509274208209352e-05
1861.89,1.2228316186966778e-05
1861.9,1.1129771569738162e-05
1861.91,1.0184813059334497e-05
1861.92,9.369761549391671e-06
1861.93,8.664556159280647e-06
1861.94,8.051171656832804e-06
1861.95,7.512208421956284e-06
1861.96,7.030638873081215e-06
1861.97,6.591072804041735e-06
1861.98,6.183243945546493e-06
1861.99,5.803299911996158e-06
1862.0,5.452058267557722e-06
1862.01,5.13147648582565e-06
1862.02,4.8426974444925885e-06
1862.03,4.5840786092129615e-06
1862.04,4.354082252901511e-06
1862.05,4.150778126238015e-06
1862.06,3.971170648415146e-06
1862.07,3.813664579542396e-06
1862.08,3.676624496020966e-06
1862.09,3.5587243931503443e-06
1862.1,3.458891566523971e-06
1862.11,3.3762375179746304e-06
1862.12,3.309910605616621e-06
1862.13,3.2587213406841995e-06
1862.14,3.2204694111519124e-06
1862.15,3.1912233433443868e-06
1862.16,3.165403404083526e-06
1862.17,3.1363852961341147e-06
1862.18,3.100282767187045e-06
1862.19,3.0575743334132014e-06
1862.2,3.0131458228201104e-06
1862.21,2.9736365296659746e-06
1862.22,2.9445931603714717e-06
1862.23,2.9273747097676996e-06
1862.24,2.920068258571592e-06
1862.25,2.9166017454094896e-06
1862.26,2.9079843933656535e-06
1862.27,2.8853955436846944e-06
1862.28,2.8435150201109772e-06
1862.29,2.783041461552572e-06
1862.3,2.710188837684958e-06
1862.31,2.6337325439678015e-06
1862.32,2.561876201907118e-06
1862.33,2.5005776581325944e-06
1862.34,2.4533648549611193e-06
1862.35,2.4218656251870767e-06
1862.36,2.4063787260423064e-06
1862.37,2.406202599461476e-06
1862.38,2.4197644701737347e-06
1862.39,2.444818464274259e-06
1862.4,2.478990673540534e-06
1862.41,2.520521413357422e-06
1862.42,2.5684684477274214e-06
1862.43,2.625189211327687e-06
1862.44,2.6810496116093647e-06
1862.45,2.7337278256107275e-06
1862.46,2.7751162377011174e-06
1862.47,2.7973247656747903e-06
1862.48,2.796414660944872e-06
1862.49,2.7748009033542894e-06
1862.5,2.7404163987035113e-06
1862.51,2.7034313628237203e-06
1862.52,2.673009043985887e-06
1862.53,2.655760932783072e-06
1862.54,2.655742048387932e-06
1862.55,2.675251971054487e-06
1862.56,2.7157576162452735e-06
1862.57,2.778583286525424e-06
1862.58,2.8652039914710963e-06
1862.59,2.977080596340446e-06
1862.6,3.11507411831795e-06
1862.61,3.2786119379516295e-06
1862.62,3.4655061890027596e-06
1862.63,3.6733914707283624e-06
1862.64,3.903300435528267e-06
1862.65,4.163039435486989e-06
1862.66,4.466964242157943e-06
1862.67,4.831844014802358e-06
1862.68,5.271088124241628e-06
1862.69,5.789727842090367e-06
1862.7,6.377391897249297e-06
1862.71,6.9998444028802e-06
1862.72,7.591930242914256e-06
1862.73,8.061350865969855e-06
1862.74,8.337368486086752e-06
1862.75,8.320215770143433e-06
1862.76,8.051477589635138e-06
1862.77,7.6100743329182505e-06
1862.78,7.093314603683587e-06
1862.79,6.57894084193063e-06
1862.8,6.111155108648214e-06
1862.81,5.70585063111312e-06
1862.82,5.36292272192935e-06
1862.83,5.077146977428874e-06
1862.84,4.84390435172023e-06
1862.85,4.660150149303463e-06
1862.86,4.523291056889379e-06
1862.87,4.430386184672027e-06
1862.88,4.378451598112925e-06
1862.89,4.363574882937692e-06
1862.9,4.383217488064459e-06
1862.91,4.435168755280697e-06
1862.92,4.517941480434768e-06
1862.93,4.6307392423463715e-06
1862.94,4.77333477250907e-06
1862.95,4.9458737126106725e-06
1862.96,5.148671991694836e-06
1862.97,5.382232667428347e-06
1862.98,5.647783230474099e-06
1862.99,5.9481965404091896e-06
1863.0,6.288478887104092e-06
1863.01,6.675356867922649e-06
1863.02,7.116623762630331e-06
1863.03,7.62093467262233e-06
1863.04,8.198086751749701e-06
1863.05,8.859460449993913e-06
1863.06,9.61845383679954e-06
1863.07,1.0490900311911922e-05
1863.08,1.1495614143771294e-05
1863.09,1.2655430069601583e-05
1863.1,1.3998646804388246e-05
1863.11,1.556177262573245e-05
1863.12,1.739139812085458e-05
1863.13,1.9545299622589035e-05
1863.14,2.2092580776743264e-05
1863.15,2.511069938554487e-05
1863.16,2.8683980565541995e-05
1863.17,3.2893637605677205e-05
1863.18,3.7801494678348996e-05
1863.19,4.3419979128677766e-05
1863.2,4.966104587057926e-05
1863.21,5.6259490878633224e-05
1863.22,6.269131609400794e-05
1863.23,6.815592570525393e-05
1863.24,7.171629194328982e-05
1863.25,7.262325979788435e-05
1863.26,7.066668533345824e-05
1863.27,6.628571664506428e-05
1863.28,6.0344285968812646e-05
1863.29,5.3759332365889224e-05
1863.3,4.723681647117421e-05
1863.31,4.11976947666168e-05
1863.32,3.5829191730574693e-05
1863.33,3.117121530131982e-05
1863.34,2.71866160561484e-05
1863.35,2.3804379761278767e-05
1863.36,2.0943130777296265e-05
1863.37,1.8522995308069554e-05
1863.38,1.6472055295299868e-05
1863.39,1.4728164081688458e-05
1863.4,1.3239170165974813e-05
1863.41,1.1961974143842709e-05
1863.42,1.0861259588964124e-05
1863.43,9.908297416114576e-06
1863.44,9.079354199560396e-06
1863.45,8.355315061789678e-06
1863.46,7.720438510702809e-06
1863.47,7.161683972297114e-06
1863.48,6.66860302493407e-06
1863.49,6.2324424693505976e-06
1863.5,5.845449907044085e-06
1863.51,5.501622916933595e-06
1863.52,5.1956993425002005e-06
1863.53,4.923206374790241e-06
1863.54,4.680737610449652e-06
1863.55,4.465115010259666e-06
1863.56,4.273713960304703e-06
1863.57,4.105477934862539e-06
1863.58,3.959361015464698e-06
1863.59,3.834346372985543e-06
1863.6,3.728896404418745e-06
1863.61,3.640763591430674e-06
1863.62,3.5657049996128407e-06
1863.63,3.466541754995752e-06
1863.64,3.397452995229618e-06
1863.65,3.3202157620733317e-06
1863.66,3.2313716316573257e-06
1863.67,3.1328115883408837e-06
1863.68,3.0304050549257953e-06
1863.69,2.931029728752369e-06
1863.7,2.8402043192314785e-06
1863.71,2.7617316039611322e-06
1863.72,2.6964648125086503e-06
1863.73,2.645378510599105e-06
1863.74,2.6085236319074954e-06
1863.75,2.585731760995051e-06
1863.76,2.5766384413827683e-06
1863.77,2.580557941068671e-06
1863.78,2.5962715818443552e-06
1863.79,2.622023242287151e-06
1863.8,2.6560518914248636e-06
1863.81,2.697621282006909e-06
1863.82,2.7478982502629836e-06
1863.83,2.8096471473084824e-06
1863.84,2.8856747281704666e-06
1863.85,2.976753582485924e-06
1863.86,3.0798766909380465e-06
1863.87,3.1874093794300835e-06
1863.88,3.2882600718431006e-06
1863.89,3.3758013207746252e-06
1863.9,3.437623553323784e-06
1863.91,3.481924120006507e-06
1863.92,3.5196850347553586e-06
1863.93,3.5627948414427126e-06
1863.94,3.618035102699041e-06
1863.95,3.6831332908615547e-06
1863.96,3.7459189040570836e-06
1863.97,3.7875950990897733e-06
1863.98,3.790773174920036e-06
1863.99,3.7489003709598544e-06
1864.0,3.6711550886777566e-06
1864.01,3.576860033215768e-06
1864.02,3.487086849463921e-06
1864.03,3.4182214965429365e-06
1864.04,3.380465978339874e-06
1864.05,3.3794758272419305e-06
1864.06,3.4184310514390805e-06
1864.07,3.4998150424209356e-06
1864.08,3.6260155118452687e-06
1864.09,3.8003155866731784e-06
1864.1,4.026464934311613e-06
1864.11,4.308503403970469e-06
1864.12,4.650292539676813e-06
1864.13,5.055500355229826e-06
1864.14,5.528065935136266e-06
1864.15,6.0719482145205534e-06
1864.16,6.68705520684984e-06
1864.17,7.358965007768752e-06
1864.18,8.044382412494386e-06
1864.19,8.661126130943317e-06
1864.2,9.09710346687374e-06
1864.21,9.268325318412413e-06
1864.22,9.092598066564517e-06
1864.23,8.632228553606787e-06
1864.24,7.992515121871974e-06
1864.25,7.287750598640041e-06
1864.26,6.604258344643307e-06
1864.27,5.990767347209548e-06
1864.28,5.466130769731087e-06
1864.29,5.031419730706853e-06
1864.3,4.6794707489127475e-06
1864.31,4.399598393942229e-06
1864.32,4.181336667890614e-06
1864.33,4.0154130608116685e-06
1864.34,3.894134904719092e-06
1864.35,3.8113999081886314e-06
1864.36,3.762398561789032e-06
1864.37,3.74333676705609e-06
1864.38,3.7509825201126696e-06
1864.39,3.7821573152485743e-06
1864.4,3.833504150993652e-06
1864.41,3.9018540381860264e-06
1864.42,3.985565734405956e-06
1864.43,4.085528047240541e-06
1864.44,4.204651222711146e-06
1864.45,4.346381154527287e-06
1864.46,4.513635861974315e-06
1864.47,4.708503084337455e-06
1864.48,4.932308502219764e-06
1864.49,5.185825767725829e-06
1864.5,5.4698229689486236e-06
1864.51,5.784239254378283e-06
1864.52,6.138083980891766e-06
1864.53,6.5352897601276555e-06
1864.54,6.985639886975728e-06
1864.55,7.497808063568193e-06
1864.56,8.077330205983105e-06
1864.57,8.726196306997299e-06
1864.58,9.442919380655876e-06
1864.59,1.0230181613167039e-05
1864.6,1.1102942053128781e-05
1864.61,1.2090881641547412e-05
1864.62,1.3231523256742086e-05
1864.63,1.4564228200059535e-05
1864.64,1.6126186898055844e-05
1864.65,1.7955714662131377e-05
1864.66,2.009860000094337e-05
1864.67,2.2615204173446134e-05
1864.68,2.5582654128304477e-05
1864.69,2.9087601032817877e-05
1864.7,3.320916675442127e-05
1864.71,3.7991508110237746e-05
1864.72,4.3401519229804165e-05
1864.73,4.926622826589205e-05
1864.74,5.520291190017113e-05
1864.75,6.0578417405993634e-05
1864.76,6.457491036296685e-05
1864.77,6.641674427755085e-05
1864.78,6.569140634700812e-05
1864.79,6.255586035931634e-05
1864.8,5.765413078968385e-05
1864.81,5.1820162336540466e-05
1864.82,4.578838739217201e-05
1864.83,4.005600114511955e-05
1864.84,3.488397454471261e-05
1864.85,3.0363367657226055e-05
1864.86,2.6484561344574335e-05
1864.87,2.3189067666607714e-05
1864.88,2.0401483098202582e-05
1864.89,1.804424319187239e-05
1864.9,1.6048031644124895e-05
1864.91,1.4352515121693425e-05
1864.92,1.2906989629104211e-05
1864.93,1.1669494583186656e-05
1864.94,1.0605526574908839e-05
1864.95,9.686996146220704e-06
1864.96,8.890815348786196e-06
1864.97,8.19819056149331e-06
1864.98,7.593754601170522e-06
1864.99,7.065557589196853e-06
1865.0,6.603776511240161e-06
1865.01,6.2006494216896305e-06
1865.02,5.84967662831399e-06
1865.03,5.544886121580369e-06
1865.04,5.280076402966926e-06
1865.05,5.048402146400426e-06
1865.06,4.842926083729759e-06
1865.07,4.658847057994888e-06
1865.08,4.493189372381905e-06
1865.09,4.346209952185733e-06
1865.1,4.216815183028509e-06
1865.11,4.100773971603836e-06
1865.12,3.990866772022564e-06
1865.13,3.879430995045001e-06
1865.14,3.7619739681530336e-06
1865.15,3.6394067777856453e-06
1865.16,3.516965831287415e-06
1865.17,3.4010985641690053e-06
1865.18,3.2664133874820923e-06
1865.19,3.1750900685615878e-06
1865.2,3.0957090315239438e-06
1865.21,3.025584389432166e-06
1865.22,2.962356067190527e-06
1865.23,2.905659573821983e-06
1865.24,2.8575045417609075e-06
1865.25,2.8212843195309266e-06
1865.26,2.8004255487148884e-06
1865.27,2.797512617447591e-06
1865.28,2.8138444925935445e-06
1865.29,2.848928872824671e-06
1865.3,2.8995397745111734e-06
1865.31,2.958605141406436e-06
1865.32,3.0150502837763132e-06
1865.33,3.056454183311451e-06
1865.34,3.074689584921005e-06
1865.35,3.0753732942165767e-06
1865.36,3.0599392950643373e-06
1865.37,3.046796301636127e-06
1865.38,3.0489183119251224e-06
1865.39,3.074437748354549e-06
1865.4,3.1294490848037972e-06
1865.41,3.21724814736448e-06
1865.42,3.3391378537832466e-06
1865.43,3.4939219606688432e-06
1865.44,3.676553780239523e-06
1865.45,3.876500963283977e-06
1865.46,4.077234502959926e-06
1865.47,4.2587166460927484e-06
1865.48,4.4031873009054745e-06
1865.49,4.501630965711387e-06
1865.5,4.554978868859728e-06
1865.51,4.570919193476054e-06
1865.52,4.560229523574658e-06
1865.53,4.536230269459425e-06
1865.54,4.51576315053778e-06
1865.55,4.518017362339474e-06
1865.56,4.562303844347138e-06
1865.57,4.663819161410305e-06
1865.58,4.836734070892868e-06
1865.59,5.093064178418055e-06
1865.6,5.444154484920106e-06
1865.61,5.900466121156669e-06
1865.62,6.469223972803787e-06
1865.63,7.148758801201898e-06
1865.64,7.918471182795937e-06
1865.65,8.725658868343683e-06
1865.66,9.474818589374126e-06
1865.67,1.0034842079196936e-05
1865.68,1.0278109821496981e-05
1865.69,1.0155330779763855e-05
1865.7,9.668343232750516e-06
1865.71,8.946721597522087e-06
1865.72,8.125169626015404e-06
1865.73,7.311346920938037e-06
1865.74,6.5696639875087524e-06
1865.75,5.927835156820843e-06
1865.76,5.390522308992861e-06
1865.77,4.950796892609189e-06
1865.78,4.597360829496229e-06
1865.79,4.31833654042596e-06
1865.8,4.103045218267573e-06
1865.81,3.941207688849036e-06
1865.82,3.823988851665926e-06
1865.83,3.742365526919817e-06
1865.84,3.687681881173059e-06
1865.85,3.6532115956264023e-06
1865.86,3.637414719075697e-06
1865.87,3.6419710132603684e-06
1865.88,3.670393681002484e-06
1865.89,3.7252181749980894e-06
1865.9,3.807205332867145e-06
1865.91,3.9165844664941515e-06
1865.92,4.050898776850366e-06
1865.93,4.211297894804535e-06
1865.94,4.399948145705042e-06
1865.95,4.6180320077280666e-06
1865.96,4.862724821942214e-06
1865.97,5.121909408254026e-06
1865.98,5.3715232502855395e-06
1865.99,5.59239027488148e-06
1866.0,5.767277915516829e-06
1866.01,5.896722985318972e-06
1866.02,5.99351341133735e-06
1866.03,6.078447230471285e-06
1866.04,6.174715040592785e-06
1866.05,6.303796943296947e-06
1866.06,6.482371525771288e-06
1866.07,6.721685550326011e-06
1866.08,7.029235078045457e-06
1866.09,7.4110850457762175e-06
1866.1,7.87376795947765e-06
1866.11,8.425432250481752e-06
1866.12,9.0773796313691e-06
1866.13,9.84393423794037e-06
1866.14,1.074368719417113e-05
1866.15,1.1800048515660904e-05
1866.16,1.3041986882775244e-05
1866.17,1.4505002083742595e-05
1866.18,1.6232611550808112e-05
1866.19,1.8274890233142698e-05
1866.2,2.069129414166337e-05
1866.21,2.3546094593305565e-05
1866.22,2.6902159595671603e-05
1866.23,3.0807047202194686e-05
1866.24,3.526879084007448e-05
1866.25,4.0214396448629376e-05
1866.26,4.544008494160559e-05
1866.27,5.055403172958692e-05
1866.28,5.496239187352297e-05
1866.29,5.7960174110338825e-05
1866.3,5.8953911182258676e-05
1866.31,5.772170210498319e-05
1866.32,5.452552349933101e-05
1866.33,4.998195231872188e-05
1866.34,4.4798863774786195e-05
1866.35,3.956016288339068e-05
1866.36,3.464262919236961e-05
1866.37,3.023384904617926e-05
1866.38,2.639095390816441e-05
1866.39,2.309535708966909e-05
1866.4,2.0293130552327097e-05
1866.41,1.791859268010011e-05
1866.42,1.5906848196352398e-05
1866.43,1.4199489376286525e-05
1866.44,1.2746443234853262e-05
1866.45,1.1505830239408861e-05
1866.46,1.0443006215103083e-05
1866.47,9.529447655199843e-06
1866.48,8.741757007727879e-06
1866.49,8.060849212843696e-06
1866.5,7.471287431681269e-06
1866.51,6.960706783736746e-06
1866.52,6.519280528816356e-06
1866.53,6.1392687461244196e-06
1866.54,5.81455779863794e-06
1866.55,5.540289017835842e-06
1866.56,5.312363100249834e-06
1866.57,5.1271773466155435e-06
1866.58,4.979045886658487e-06
1866.59,4.861662129009359e-06
1866.6,4.765885125878734e-06
1866.61,4.680978626306616e-06
1866.62,4.597315541200431e-06
1866.63,4.509816045298143e-06
1866.64,4.419604744718957e-06
1866.65,4.331931138127134e-06
1866.66,4.25138882942667e-06
1866.67,4.176909733103921e-06
1866.68,4.099792110887857e-06
1866.69,4.00690322156633e-06
1866.7,3.8884061849970885e-06
1866.71,3.744882404148395e-06
1866.72,3.5871915949964097e-06
1866.73,3.43041257357624e-06
1866.74,3.2588759678747915e-06
1866.75,3.137593114155322e-06
1866.76,3.041362836320462e-06
1866.77,2.9707031507454517e-06
1866.78,2.924390714883946e-06
1866.79,2.8998562457403546e-06
1866.8,2.8930237737205563e-06
1866.81,2.9027951223807628e-06
1866.82,2.911838208304008e-06
1866.83,2.9171408145531676e-06
1866.84,2.9135514782216426e-06
1866.85,2.9011173135248806e-06
1866.86,2.8851649287688376e-06
1866.87,2.8738401923268264e-06
1866.88,2.875160992541594e-06
1866.89,2.895400826368502e-06
1866.9,2.93822344887759e-06
1866.91,3.005452460198026e-06
1866.92,3.0971125807449514e-06
1866.93,3.2081711000027137e-06
1866.94,3.331723634185422e-06
1866.95,3.4562498550338967e-06
1866.96,3.5686092628823474e-06
1866.97,3.6591375649342703e-06
1866.98,3.7268673957144416e-06
1866.99,3.782253394350205e-06
1867.0,3.8408882149986245e-06
1867.01,3.921115441995889e-06
1867.02,4.038655307556619e-06
1867.03,4.206336568625383e-06
1867.04,4.4352238631172965e-06
1867.05,4.736594015778977e-06
1867.06,5.121156684507238e-06
1867.07,5.6031515093325826e-06
1867.08,6.196380166402602e-06
1867.09,6.9133005871193606e-06
1867.1,7.759378199591963e-06
1867.11,8.723344100850977e-06
1867.12,9.762710769334488e-06
1867.13,1.0788394366446128e-05
1867.14,1.166072159363645e-05
1867.15,1.2215432228421846e-05
1867.16,1.233810646614084e-05
1867.17,1.1979317850216675e-05
1867.18,1.1244825525190876e-05
1867.19,1.0294730530277404e-05
1867.2,9.285766040809026e-06
1867.21,8.329134475144129e-06
1867.22,7.484765256799788e-06
1867.23,6.774432018270952e-06
1867.24,6.1972738437443895e-06
1867.25,5.740762829721616e-06
1867.26,5.386787653128532e-06
1867.27,5.115511779099445e-06
1867.28,4.909749780164644e-06
1867.29,4.760948804958662e-06
1867.3,4.665531683410585e-06
1867.31,4.6281453424651805e-06
1867.32,4.651512544025817e-06
1867.33,4.734293568821193e-06
1867.34,4.8694066251220355e-06
1867.35,5.042283291947586e-06
1867.36,5.228319027906838e-06
1867.37,5.391830334672765e-06
1867.38,5.489875451507068e-06
1867.39,5.4899290077277805e-06
1867.4,5.387146142123678e-06
1867.41,5.208724736396286e-06
1867.42,4.996123721987987e-06
1867.43,4.783603451298641e-06
1867.44,4.586591930050679e-06
1867.45,4.409893036181798e-06
1867.46,4.252871747289683e-06
1867.47,4.1266947009469715e-06
1867.48,4.033206636844837e-06
1867.49,3.975905623509716e-06
1867.5,3.954436262326062e-06
1867.51,3.967237924420848e-06
1867.52,4.012272003113549e-06
1867.53,4.087743419088805e-06
1867.54,4.192629264609562e-06
1867.55,4.326026828926626e-06
1867.56,4.4884389529983435e-06
1867.57,4.681008861847972e-06
1867.58,4.905721669697943e-06
1867.59,5.165434431620546e-06
1867.6,5.464101107414836e-06
1867.61,5.807237687123393e-06
1867.62,6.199754443872202e-06
1867.63,6.650097208585498e-06
1867.64,7.167652679650308e-06
1867.65,7.763928710850351e-06
1867.66,8.452149378698699e-06
1867.67,9.24906714803741e-06
1867.68,1.01748193857499e-05
1867.69,1.1253940265296528e-05
1867.7,1.251623410855727e-05
1867.71,1.3997592074772986e-05
1867.72,1.5740467810524644e-05
1867.73,1.7793632487837265e-05
1867.74,2.0210238080314453e-05
1867.75,2.3042655687850275e-05
1867.76,2.633145598274025e-05
1867.77,3.0084651204014536e-05
1867.78,3.424565579152815e-05
1867.79,3.8646051587059686e-05
1867.8,4.296244902340033e-05
1867.81,4.670692418710156e-05
1867.82,4.930127431300272e-05
1867.83,5.0253239040592125e-05
1867.84,4.936362720283845e-05
1867.85,4.6822785636974184e-05
1867.86,4.3118169682663295e-05
1867.87,3.882827978565645e-05
1867.88,3.444472473200551e-05
1867.89,3.0295512255904826e-05
1867.9,2.6553018438409218e-05
1867.91,2.327747412641429e-05
1867.92,2.046272511017343e-05
1867.93,1.8069813108252315e-05
1867.94,1.6047787614279515e-05
1867.95,1.4344993529239177e-05
1867.96,1.2914403281850424e-05
1867.97,1.1715589924141225e-05
1867.98,1.0714963529893324e-05
1867.99,9.885062949392546e-06
1868.0,9.203303277631215e-06
1868.01,8.650093325245969e-06
1868.02,8.206279309161688e-06
1868.03,7.849943942685036e-06
1868.04,7.553825521839995e-06
1868.05,7.285907143655103e-06
1868.06,7.015744795037941e-06
1868.07,6.724819860348074e-06
1868.08,6.410360121467946e-06
1868.09,6.08299241148574e-06
1868.1,5.755310910117296e-06
1868.11,5.436462632368554e-06
1868.12,5.132676365132127e-06
1868.13,4.849674035520183e-06
1868.14,4.593137321469757e-06
1868.15,4.367156297591635e-06
1868.16,4.172724389207018e-06
1868.17,4.007016490164849e-06
1868.18,3.863493373820052e-06
1868.19,3.7335690176660685e-06
1868.2,3.606701802061184e-06
1868.21,3.4772291462163623e-06
1868.22,3.344289667240361e-06
1868.23,3.2117533136891014e-06
1868.24,3.0854553807537385e-06
1868.25,2.9704690211980104e-06
1868.26,2.869888571276686e-06
1868.27,2.784911570289205e-06
1868.28,2.7206931517843884e-06
1868.29,2.6660909877269036e-06
1868.3,2.6001189171737953e-06
1868.31,2.5729969315552565e-06
1868.32,2.5585727128230717e-06
1868.33,2.556897274321046e-06
1868.34,2.5683303429105704e-06
1868.35,2.5937304906563825e-06
1868.36,2.634430420912264e-06
1868.37,2.6921428201814975e-06
1868.38,2.7686977034848096e-06
1868.39,2.8656560938700708e-06
1868.4,2.9836665058066615e-06
1868.41,3.121448631705393e-06
1868.42,3.2744760320444794e-06
1868.43,3.4339629821702518e-06
1868.44,3.5875144739150004e-06
1868.45,3.722807797937128e-06
1868.46,3.833441738118464e-06
1868.47,3.92464915223983e-06
1868.48,4.010655794082138e-06
1868.49,4.111642756110181e-06
1868.5,4.246446094532272e-06
1868.51,4.4312990809428835e-06
1868.52,4.6799259122690006e-06
1868.53,5.005135700041848e-06
1868.54,5.420356764241515e-06
1868.55,5.9404928328480955e-06
1868.56,6.581664763405772e-06
1868.57,7.359164245178469e-06
1868.58,8.282436040632407e-06
1868.59,9.34548734314143e-06
1868.6,1.0511790618153333e-05
1868.61,1.1696496400667676e-05
1868.62,1.2767187048796038e-05
1868.63,1.3527712174182233e-05
1868.64,1.3836193462266612e-05
1868.65,1.364559976373293e-05
1868.66,1.3043051643394368e-05
1868.67,1.2204691355313452e-05
1868.68,1.1306858684920352e-05
1868.69,1.0479554756735016e-05
1868.7,9.786581871734075e-06
1868.71,9.242483143019137e-06
1868.72,8.835960310776241e-06
1868.73,8.544327934169476e-06
1868.74,8.341005005143202e-06
1868.75,8.195024454316283e-06
1868.76,8.074087133096046e-06
1868.77,7.944449291022598e-06
1868.78,7.767116756849574e-06
1868.79,7.5014901756806474e-06
1868.8,7.120629927018165e-06
1868.81,6.635050473189221e-06
1868.82,6.0896078664489135e-06
1868.83,5.54098359116573e-06
1868.84,5.0324549401345394e-06
1868.85,4.586078409820998e-06
1868.86,4.208189868848088e-06
1868.87,3.8945548410422e-06
1868.88,3.6374736864353867e-06
1868.89,3.428572459463775e-06
1868.9,3.2601523932421275e-06
1868.91,3.125888772281054e-06
1868.92,3.0200926532500984e-06
1868.93,2.9386661318952088e-06
1868.94,2.8782494487802686e-06
1868.95,2.8324166113958934e-06
1868.96,2.806657116680198e-06
1868.97,2.7956198004480743e-06
1868.98,2.799133781172755e-06
1868.99,2.8146010498889255e-06
1869.0,2.842556668185612e-06
1869.01,2.8824565991971856e-06
1869.02,2.9350270056758652e-06
1869.03,3.0001429977611733e-06
1869.04,3.077869239606727e-06
1869.05,3.1688860510008997e-06
1869.06,3.2740028164682567e-06
1869.07,3.3942816078352513e-06
1869.08,3.5309273320228097e-06
1869.09,3.685809711380135e-06
1869.1,3.860924500061591e-06
1869.11,4.058893749425369e-06
1869.12,4.283078014821372e-06
1869.13,4.536809508675129e-06
1869.14,4.824625626205126e-06
1869.15,5.151613017092163e-06
1869.16,5.523485910356844e-06
1869.17,5.94810348888116e-06
1869.18,6.433884969973421e-06
1869.19,6.991431876078931e-06
1869.2,7.63353174671895e-06
1869.21,8.375944980394908e-06
1869.22,9.237465708046523e-06
1869.23,1.0240847276829551e-05
1869.24,1.1413370222668058e-05
1869.25,1.2787318304641059e-05
1869.26,1.4399982461465176e-05
1869.27,1.629258688942269e-05
1869.28,1.8507079226228247e-05
1869.29,2.1079075556791102e-05
1869.3,2.4024541373908653e-05
1869.31,2.7317622528200843e-05
1869.32,3.085855068285097e-05
1869.33,3.443833259302847e-05
1869.34,3.771915942261399e-05
1869.35,4.0265599067776615e-05
1869.36,4.165287863828901e-05
1869.37,4.162617707856612e-05
1869.38,4.021698039875704e-05
1869.39,3.7727174613118296e-05
1869.4,3.459322897569289e-05
1869.41,3.1224836857315166e-05
1869.42,2.7916481384430207e-05
1869.43,2.483030835963244e-05
1869.44,2.2032521171578267e-05
1869.45,1.9539132583113657e-05
1869.46,1.7346097977407315e-05
1869.47,1.543960637113516e-05
1869.48,1.3797283267946882e-05
1869.49,1.2390230920982418e-05
1869.5,1.1187774146717867e-05
1869.51,1.0162085488521173e-05
1869.52,9.290132474081862e-06
1869.53,8.552786651244696e-06
1869.54,7.932808577923778e-06
1869.55,7.412910855598748e-06
1869.56,6.974749802012027e-06
1869.57,6.596899207620517e-06
1869.58,6.2581653463813604e-06
1869.59,5.9390077693312415e-06
1869.6,5.6256414643050534e-06
1869.61,5.3125049374545805e-06
1869.62,5.0019842702524036e-06
1869.63,4.701461728281809e-06
1869.64,4.419296631572212e-06
1869.65,4.161866732366143e-06
1869.66,3.932422468160865e-06
1869.67,3.731594930853621e-06
1869.68,3.5593436040654135e-06
1869.69,3.411687121555812e-06
1869.7,3.2875405383517175e-06
1869.71,3.184862229378999e-06
1869.72,3.1018495960834772e-06
1869.73,3.037037169597922e-06
1869.74,2.9895620303457066e-06
1869.75,2.9643300386618763e-06
1869.76,2.9509224906594923e-06
1869.77,2.9560851105745314e-06
1869.78,2.9818254822297694e-06
1869.79,3.0306281774666134e-06
1869.8,3.104888380195797e-06
1869.81,3.205798163432156e-06
1869.82,3.331295729995689e-06
1869.83,3.473274224521564e-06
1869.84,3.6157620150431387e-06
1869.85,3.7379587060274e-06
1869.86,3.824108304158332e-06
1869.87,3.875901881354738e-06
1869.88,3.887023018640258e-06
1869.89,3.925212103943378e-06
1869.9,3.980680806368646e-06
1869.91,4.0543907103472234e-06
1869.92,4.137185028012277e-06
1869.93,4.216996795093724e-06
1869.94,4.286733993557898e-06
1869.95,4.350243377139502e-06
1869.96,4.42152438583039e-06
1869.97,4.51931059440765e-06
1869.98,4.6618229723044405e-06
1869.99,4.86444232441356e-06
1870.0,5.141164810546773e-06
1870.01,5.5050373856727926e-06
1870.02,5.9706316341315995e-06
1870.03,6.554838452010487e-06
1870.04,7.2793016286751915e-06
1870.05,8.159254463176209e-06
1870.06,9.214106181031582e-06
1870.07,1.0454831046721069e-05
1870.08,1.1847070491496297e-05
1870.09,1.3327797836040884e-05
1870.1,1.4762283246038064e-05
1870.11,1.5954175157469177e-05
1870.12,1.66940592352813e-05
1870.13,1.684668949857929e-05
1870.14,1.642177430867655e-05
1870.15,1.556928262637887e-05
1870.16,1.4503864288025492e-05
1870.17,1.3415344688044183e-05
1870.18,1.2412708650128486e-05
1870.19,1.151320840240555e-05
1870.2,1.066973985453672e-05
1870.21,9.821745269996447e-06
1870.22,8.941556377940013e-06
1870.23,8.053785061360457e-06
1870.24,7.206227556831438e-06
1870.25,6.439437697204114e-06
1870.26,5.773475682529276e-06
1870.27,5.210568570044179e-06
1870.28,4.742289916234206e-06
1870.29,4.3578876835369415e-06
1870.3,4.045429930555722e-06
1870.31,3.793965578453745e-06
1870.32,3.5952192790620804e-06
1870.33,3.4426520158935425e-06
1870.34,3.331319390017104e-06
1870.35,3.2573762437821573e-06
1870.36,3.217353754245144e-06
1870.37,3.20826263450762e-06
1870.38,3.221903268259795e-06
1870.39,3.2486889547791135e-06
1870.4,3.2743582655951673e-06
1870.41,3.283115131615528e-06
1870.42,3.2607081407875796e-06
1870.43,3.202181106544135e-06
1870.44,3.109760757720459e-06
1870.45,3.004865626557363e-06
1870.46,2.897819592647806e-06
1870.47,2.7997824922727585e-06
1870.48,2.717158367373057e-06
1870.49,2.6525954842232774e-06
1870.5,2.606394903359771e-06
1870.51,2.577661736425697e-06
1870.52,2.5650842589930416e-06
1870.53,2.5673722359273032e-06
1870.54,2.5834951905540244e-06
1870.55,2.6127610642136653e-06
1870.56,2.6543752257186598e-06
1870.57,2.7090484724348374e-06
1870.58,2.7766545532112634e-06
1870.59,2.857253574229759e-06
1870.6,2.9513596872774624e-06
1870.61,3.0621457728018915e-06
1870.62,3.1881581574742935e-06
1870.63,3.3324466265916767e-06
1870.64,3.497072301822716e-06
1870.65,3.6847765466256834e-06
1870.66,3.898492402845125e-06
1870.67,4.141837928566351e-06
1870.68,4.419181137777339e-06
1870.69,4.735843442075047e-06
1870.7,5.09833112230239e-06
1870.71,5.514576444642365e-06
1870.72,5.994157387501427e-06
1870.73,6.548464068992174e-06
1870.74,7.190774470309491e-06
1870.75,7.936151889515007e-06
1870.76,8.800975459690407e-06
1870.77,9.801754959602556e-06
1870.78,1.0952878402802403e-05
1870.79,1.2263663519201774e-05
1870.8,1.3736917140548889e-05
1870.81,1.537261279331945e-05
1870.82,1.7177110464612638e-05
1870.83,1.916937646269393e-05
1870.84,2.1370974241513784e-05
1870.85,2.37764098788406e-05
1870.86,2.6314819689939926e-05
1870.87,2.881933174315033e-05
1870.88,3.1022257700046295e-05
1870.89,3.25966796782431e-05
1870.9,3.325150167612287e-05
1870.91,3.2845757699153204e-05
1870.92,3.1451511309207885e-05
1870.93,2.9318946738093564e-05
1870.94,2.6771893664811706e-05
1870.95,2.4105023025262456e-05
1870.96,2.1529200467703154e-05
1870.97,1.9165435212549644e-05
1870.98,1.7065709232544737e-05
1870.99,1.5240159655233818e-05
1871.0,1.3678740660895746e-05
1871.01,1.2363270709966427e-05
1871.02,1.1272551523044887e-05
1871.03,1.0382541119986794e-05
1871.04,9.664699126594959e-06
1871.05,9.081053939647084e-06
1871.06,8.585646729031863e-06
1871.07,8.123855350110005e-06
1871.08,7.65591726171653e-06
1871.09,7.16680066938774e-06
1871.1,6.666213573310839e-06
1871.11,6.173909059251605e-06
1871.12,5.7072908960010855e-06
1871.13,5.277723767833382e-06
1871.14,4.891185410841358e-06
1871.15,4.549540687823636e-06
1871.16,4.251610125488389e-06
1871.17,3.994403723310464e-06
1871.18,3.773709113612991e-06
1871.19,3.585555180818665e-06
1871.2,3.4261969981123566e-06
1871.21,3.2924114553041443e-06
1871.22,3.187188207178529e-06
1871.23,3.097129504206856e-06
1871.24,3.0262141276453917e-06
1871.25,2.9727686330814975e-06
1871.26,2.936944972739721e-06
1871.27,2.9178709772809825e-06
1871.28,2.9155686047697206e-06
1871.29,2.9304989900007154e-06
1871.3,2.9635402194234576e-06
1871.31,3.0159043864379718e-06
1871.32,3.08900859095588e-06
1871.33,3.184314260744654e-06
1871.34,3.303105281437629e-06
1871.35,3.4460995209004467e-06
1871.36,3.6126866581520177e-06
1871.37,3.8002840078093954e-06
1871.38,4.002666801030247e-06
1871.39,4.210434611835926e-06
1871.4,4.413770793781889e-06
1871.41,4.611504401342263e-06
1871.42,4.8033441679527995e-06
1871.43,5.009620428425057e-06
1871.44,5.253011523746479e-06
1871.45,5.55523732946676e-06
1871.46,5.912811443476751e-06
1871.47,6.373495852507355e-06
1871.48,6.9157329855410095e-06
1871.49,7.527254996014565e-06
1871.5,8.194229504898347e-06
1871.51,8.89806234010325e-06
1871.52,9.654119745754295e-06
1871.53,1.0501347806366608e-05
1871.54,1.1493475688783123e-05
1871.55,1.2673381461534268e-05
1871.56,1.4047565438427056e-05
1871.57,1.5568098202249447e-05
1871.58,1.712486688569669e-05
1871.59,1.8545193399742472e-05
1871.6,1.96029919286068e-05
1871.61,2.0059837088283515e-05
1871.62,1.976137585889104e-05
1871.63,1.8731185018284392e-05
1871.64,1.7170989653775457e-05
1871.65,1.5351307225882866e-05
1871.66,1.3509486482371123e-05
1871.67,1.179421627611551e-05
1871.68,1.0274696865488735e-05
1871.69,8.967448677813472e-06
1871.7,7.860854161608544e-06
1871.71,6.933619932321014e-06
1871.72,6.158704871483638e-06
1871.73,5.511038627867453e-06
1871.74,4.96853191153705e-06
1871.75,4.512565310068579e-06
1871.76,4.129193709964994e-06
1871.77,3.8032831875248904e-06
1871.78,3.5261716672324907e-06
1871.79,3.289815494687475e-06
1871.8,3.0877271874645626e-06
1871.81,2.9164808332395818e-06
1871.82,2.7682652237027616e-06
1871.83,2.6414493634860354e-06
1871.84,2.533269174895958e-06
1871.85,2.4410891686526583e-06
1871.86,2.363980802828438e-06
1871.87,2.30014595869218e-06
1871.88,2.2485253646216543e-06
1871.89,2.2084607172783776e-06
1871.9,2.1791907680822115e-06
1871.91,2.160561264004353e-06
1871.92,2.1525473184705036e-06
1871.93,2.155364256193101e-06
1871.94,2.1651018290363343e-06
1871.95,2.190791939823007e-06
1871.96,2.2301454841256996e-06
1871.97,2.2839421452813045e-06
1871.98,2.353666964005554e-06
1871.99,2.440750169150027e-06
1872.0,2.546082857736323e-06
1872.01,2.6692097432417738e-06
1872.02,2.8071003613341826e-06
1872.03,2.95277954717658e-06
1872.04,3.094766036942529e-06
1872.05,3.219489178098507e-06
1872.06,3.314406041679309e-06
1872.07,3.3774156402998137e-06
1872.08,3.4172581369690405e-06
1872.09,3.4503363447754777e-06
1872.1,3.494875015527224e-06
1872.11,3.565845811263355e-06
1872.12,3.6742091256265463e-06
1872.13,3.827506662355006e-06
1872.14,4.03068488384967e-06
1872.15,4.285944351696964e-06
1872.16,4.591068994747478e-06
1872.17,4.93624183160302e-06
1872.18,5.300630209089829e-06
1872.19,5.652291510743687e-06
1872.2,5.955880563821154e-06
1872.21,6.190803356366738e-06
1872.22,6.363264919518654e-06
1872.23,6.507436758614617e-06
1872.24,6.6697181665790435e-06
1872.25,6.891354909494984e-06
1872.26,7.197929631811486e-06
1872.27,7.594789170147497e-06
1872.28,8.065254621961771e-06
1872.29,8.574179881810754e-06
1872.3,9.084038373017837e-06
1872.31,9.581712463162182e-06
1872.32,1.0095240676645484e-05
1872.33,1.0682921358364419e-05
1872.34,1.1406861641694035e-05
1872.35,1.231410994311473e-05
1872.36,1.343123446112386e-05
1872.37,1.476478869012045e-05
1872.38,1.6300672888895624e-05
1872.39,1.7999162914595854e-05
1872.4,1.9784208339301417e-05
1872.41,2.152938446252522e-05
1872.42,2.3051839000713763e-05
1872.43,2.413276971980903e-05
1872.44,2.457429841797335e-05
1872.45,2.4273721668296817e-05
1872.46,2.3271114249082445e-05
1872.47,2.1727294340923702e-05
1872.48,1.9866644707138094e-05
1872.49,1.7900247136316614e-05
1872.5,1.598560614904256e-05
1872.51,1.4218566978368731e-05
1872.52,1.2643346408100305e-05
1872.53,1.1271159288801597e-05
1872.54,1.0093502051232288e-05
1872.55,9.092459385757802e-06
1872.56,8.24657915910926e-06
1872.57,7.533723125330325e-06
1872.58,6.932090028928218e-06
1872.59,6.420475507431537e-06
1872.6,5.978757192585299e-06
1872.61,5.5888658709927125e-06
1872.62,5.237651987342751e-06
1872.63,4.917797839402194e-06
1872.64,4.626643556182149e-06
1872.65,4.366180196799627e-06
1872.66,4.136972785567545e-06
1872.67,3.9393091812499966e-06
1872.68,3.772422265319942e-06
1872.69,3.6406037381831316e-06
1872.7,3.530821384937742e-06
1872.71,3.447279525033378e-06
1872.72,3.3888654233577527e-06
1872.73,3.354585838334005e-06
1872.74,3.3451529261137378e-06
1872.75,3.3607228060994516e-06
1872.76,3.402513426007101e-06
1872.77,3.472489648211587e-06
1872.78,3.5734493343671972e-06
1872.79,3.7134914042387467e-06
1872.8,3.888296994386962e-06
1872.81,4.107198749810306e-06
1872.82,4.374682573173779e-06
1872.83,4.693728001306815e-06
1872.84,5.062899129158778e-06
1872.85,5.474120858262078e-06
1872.86,5.910639934473479e-06
1872.87,6.347249825902972e-06
1872.88,6.753211170709578e-06
1872.89,7.098012343479097e-06
1872.9,7.3614184601188396e-06
1872.91,7.546827281733219e-06
1872.92,7.690564804479954e-06
1872.93,7.845261374620917e-06
1872.94,8.076039177086124e-06
1872.95,8.436008617028681e-06
1872.96,8.964283235245539e-06
1872.97,9.683956893641423e-06
1872.98,1.059739843159367e-05
1872.99,1.167576166941274e-05
1873.0,1.2848097320979729e-05
1873.01,1.4005867674030954e-05
1873.02,1.5033156143681935e-05
1873.03,1.58420364031884e-05
1873.04,1.6424799104420436e-05
1873.05,1.6837191817576496e-05
1873.06,1.722319755228991e-05
1873.07,1.7645713084797524e-05
1873.08,1.8079059160703267e-05
1873.09,1.8396405382619876e-05
1873.1,1.840849432267683e-05
1873.11,1.795863442527183e-05
1873.12,1.701031316703736e-05
1873.13,1.5665958090373483e-05
1873.14,1.410602816227755e-05
1873.15,1.251162454328296e-05
1873.16,1.1009444402422504e-05
1873.17,9.662683836546217e-06
1873.18,8.494200658510502e-06
1873.19,7.498785381225454e-06
1873.2,6.658851277723171e-06
1873.21,5.952886572516277e-06
1873.22,5.359817972484942e-06
1873.23,4.860864933929224e-06
1873.24,4.440069642709208e-06
1873.25,4.084230740534246e-06
1873.26,3.7826024914438904e-06
1873.27,3.526439829464961e-06
1873.28,3.3087507462331096e-06
1873.29,3.1239040394769712e-06
1873.3,2.9673933889262423e-06
1873.31,2.8352130133247377e-06
1873.32,2.7254834292228378e-06
1873.33,2.6353637018801716e-06
1873.34,2.562662470294966e-06
1873.35,2.507599935213933e-06
1873.36,2.468787772825774e-06
1873.37,2.4459394736734184e-06
1873.38,2.439199064793634e-06
1873.39,2.449195328333725e-06
1873.4,2.4771258003412873e-06
1873.41,2.524860508712144e-06
1873.42,2.5950577472989053e-06
1873.43,2.6912961944546046e-06
1873.44,2.8182247979102644e-06
1873.45,2.9768847182031453e-06
1873.46,3.1839967359671177e-06
1873.47,3.442628291138742e-06
1873.48,3.760286987541602e-06
1873.49,4.141135326135451e-06
1873.5,4.580457682703056e-06
1873.51,5.056617508947e-06
1873.52,5.52500697039917e-06
1873.53,5.923425768707323e-06
1873.54,6.198877212691836e-06
1873.55,6.3391166029480356e-06
1873.56,6.378233341849089e-06
1873.57,6.36450892493275e-06
1873.58,6.323812161380578e-06
1873.59,6.247638060094952e-06
1873.6,6.109700683045369e-06
1873.61,5.89476738733004e-06
1873.62,5.616285637404807e-06
1873.63,5.310898115571258e-06
1873.64,5.019477889425137e-06
1873.65,4.7717959681871515e-06
1873.66,4.581381155605492e-06
1873.67,4.447007209470951e-06
1873.68,4.356301957409768e-06
1873.69,4.2903645156127425e-06
1873.7,4.230239387902172e-06
1873.71,4.164394261153454e-06
1873.72,4.093503145120627e-06
1873.73,4.02717302761423e-06
1873.74,3.979676200186469e-06
1873.75,3.962886394761094e-06
1873.76,3.984111726171366e-06
1873.77,4.046065869854644e-06
1873.78,4.147698315758839e-06
1873.79,4.2851273480957956e-06
1873.8,4.452452344006046e-06
1873.81,4.645351688585184e-06
1873.82,4.860800943406651e-06
1873.83,5.100382586476066e-06
1873.84,5.370362499504491e-06
1873.85,5.6831771825817665e-06
1873.86,6.050000062288166e-06
1873.87,6.4895113263804526e-06
1873.88,7.019391600899041e-06
1873.89,7.656453550116088e-06
1873.9,8.415295008967895e-06
1873.91,9.30632209066456e-06
1873.92,1.0332024285078706e-05
1873.93,1.148062033218535e-05
1873.94,1.2717009369322045e-05
1873.95,1.3972890784162434e-05
1873.96,1.5141318952087744e-05
1873.97,1.6084086772356455e-05
1873.98,1.6661073019640785e-05
1873.99,1.6772621144946467e-05
1874.0,1.6399815325842427e-05
1874.01,1.5612271120947405e-05
1874.02,1.4539405702436932e-05
1874.03,1.332496175517861e-05
1874.04,1.2090028831856515e-05
1874.05,1.0919916010397449e-05
1874.06,9.861339222298928e-06
1874.07,8.933864358271698e-06
1874.08,8.138811752192902e-06
1874.09,7.466797107865693e-06
1874.1,6.902629057892038e-06
1874.11,6.4286538578418675e-06
1874.12,6.027608126971041e-06
1874.13,5.685430719346627e-06
1874.14,5.3932754292340405e-06
1874.15,5.147625407859191e-06
1874.16,4.954085540613071e-06
1874.17,4.809202394807132e-06
1874.18,4.70864642842426e-06
1874.19,4.660050678116197e-06
1874.2,4.665515859478554e-06
1874.21,4.727824726063715e-06
1874.22,4.850613368929609e-06
1874.23,5.038090172543224e-06
1874.24,5.2973574505947864e-06
1874.25,5.622493449972676e-06
1874.26,6.01089421091627e-06
1874.27,6.4443344818731575e-06
1874.28,6.888005480777366e-06
1874.29,7.2933655700177044e-06
1874.3,7.612677939953493e-06
1874.31,7.81777726911444e-06
1874.32,7.91951561531552e-06
1874.33,7.959558698021975e-06
1874.34,7.995298010784097e-06
1874.35,8.08570412582849e-06
1874.36,8.283709150562337e-06
1874.37,8.632993312349812e-06
1874.38,9.170331612542925e-06
1874.39,9.921409101380085e-06
1874.4,1.089689068574198e-05
1874.41,1.2076621186498521e-05
1874.42,1.3382582291531058e-05
1874.43,1.4652843610314373e-05
1874.44,1.565121013428595e-05
1874.45,1.614685045588917e-05
1874.46,1.604182260267663e-05
1874.47,1.543528751831004e-05
1874.48,1.4560237937382495e-05
1874.49,1.366496254908777e-05
1874.5,1.2918435155143036e-05
1874.51,1.2422494075253323e-05
1874.52,1.2218351385380524e-05
1874.53,1.2315440345520823e-05
1874.54,1.2705375033936059e-05
1874.55,1.3365321668200843e-05
1874.56,1.4241983944945862e-05
1874.57,1.5246807652710584e-05
1874.58,1.6233068969307426e-05
1874.59,1.700992828878073e-05
1874.6,1.7373272329100894e-05
1874.61,1.719020276571484e-05
1874.62,1.6462049657628232e-05
1874.63,1.5322009594750216e-05
1874.64,1.3966755004493798e-05
1874.65,1.2578631814656863e-05
1874.66,1.1271840068224478e-05
1874.67,1.0139834239130214e-05
1874.68,9.19644977432777e-06
1874.69,8.444223578964764e-06
1874.7,7.875194600674798e-06
1874.71,7.478439676969339e-06
1874.72,7.243088523323386e-06
1874.73,7.157116086476856e-06
1874.74,7.201215733117496e-06
1874.75,7.342273582986319e-06
1874.76,7.519154752285773e-06
1874.77,7.641408962880984e-06
1874.78,7.612763439924683e-06
1874.79,7.3756906314323095e-06
1874.8,6.9454835560666106e-06
1874.81,6.396898284979114e-06
1874.82,5.817994555573592e-06
1874.83,5.2741547006763285e-06
1874.84,4.799542854834705e-06
1874.85,4.405053074192122e-06
1874.86,4.089033761271588e-06
1874.87,3.844919512407308e-06
1874.88,3.665454970865002e-06
1874.89,3.5446132498950813e-06
1874.9,3.4783026187423856e-06
1874.91,3.4644840246381306e-06
1874.92,3.502941229691397e-06
1874.93,3.5946843236372903e-06
1874.94,3.7407280037667415e-06
1874.95,3.939796563953566e-06
1874.96,4.179278680016689e-06
1874.97,4.450647240143655e-06
1874.98,4.713484011990282e-06
1874.99,4.916727554699093e-06
1875.0,5.006819034566919e-06
1875.01,4.9505353983856915e-06
1875.02,4.753125620139491e-06
1875.03,4.455269453566522e-06
1875.04,4.1105710792206875e-06
1875.05,3.764780173681883e-06
1875.06,3.4467163419979825e-06
1875.07,3.1697486736159647e-06
1875.08,2.9370367103012155e-06
1875.09,2.7463969379232688e-06
1875.1,2.5934634248389706e-06
1875.11,2.4733887779999145e-06
1875.12,2.3815722652628617e-06
1875.13,2.314040936196453e-06
1875.14,2.2673355870321922e-06
1875.15,2.238717404265784e-06
1875.16,2.2262947625731677e-06
1875.17,2.2291283281540645e-06
1875.18,2.2470633849223056e-06
1875.19,2.2802435072091343e-06
1875.2,2.328474539520598e-06
1875.21,2.3906259463029743e-06
1875.22,2.4634088321261713e-06
1875.23,2.544985014605764e-06
1875.24,2.630776573738995e-06
1875.25,2.7204900487381214e-06
1875.26,2.8109385565995796e-06
1875.27,2.9071374173738975e-06
1875.28,3.012810164122483e-06
1875.29,3.130095110087447e-06
1875.3,3.2584719349562014e-06
1875.31,3.394942642202575e-06
1875.32,3.5344339663880056e-06
1875.33,3.66976411358343e-06
1875.34,3.792471273702772e-06
1875.35,3.896411372705329e-06
1875.36,3.982880088102948e-06
1875.37,4.062710098566198e-06
1875.38,4.152993836892601e-06
1875.39,4.27178558843039e-06
1875.4,4.43320468051455e-06
1875.41,4.648607605523105e-06
1875.42,4.9260440794496545e-06
1875.43,5.273711668296217e-06
1875.44,5.696249354215464e-06
1875.45,6.201290856911065e-06
1875.46,6.7956798759565255e-06
1875.47,7.468587831704708e-06
1875.48,8.213679031548193e-06
1875.49,9.0057390282325e-06
1875.5,9.79975526873087e-06
1875.51,1.053012887077142e-05
1875.52,1.1117104232539931e-05
1875.53,1.1484698495233257e-05
1875.54,1.15854700099236e-05
1875.55,1.1418384171183478e-05
1875.56,1.1031226846130916e-05
1875.57,1.0509672442711298e-05
1875.58,9.922412039176042e-06
1875.59,9.347986440013309e-06
1875.6,8.836383259495451e-06
1875.61,8.417201716438189e-06
1875.62,8.104316003863958e-06
1875.63,7.906553389025168e-06
1875.64,7.811856976728173e-06
1875.65,7.821113971062217e-06
1875.66,7.927302762797553e-06
1875.67,8.116257124915448e-06
1875.68,8.359909602485554e-06
1875.69,8.612656664300725e-06
1875.7,8.818776446092235e-06
1875.71,8.934091603556935e-06
1875.72,8.950604563239396e-06
1875.73,8.90321513732022e-06
1875.74,8.851844421864779e-06
1875.75,8.855286150827862e-06
1875.76,8.955427656594358e-06
1875.77,9.17719754435938e-06
1875.78,9.537077550970281e-06
1875.79,1.0055065999840651e-05
1875.8,1.0761117937660988e-05
1875.81,1.1692681999882511e-05
1875.82,1.2882574510755936e-05
1875.83,1.4343897135688305e-05
1875.84,1.6035237598761204e-05
1875.85,1.7826529748552423e-05
1875.86,1.946953208043841e-05
1875.87,2.0625143008382297e-05
1875.88,2.098855085631882e-05
1875.89,2.0463955055137138e-05
1875.9,1.9232186016808844e-05
1875.91,1.7638904241597526e-05
1875.92,1.6021978127051523e-05
1875.93,1.4587741257272929e-05
1875.94,1.3448300962134326e-05
1875.95,1.2636605993270569e-05
1875.96,1.2152939341723655e-05
1875.97,1.197999985014899e-05
1875.98,1.2104252954361833e-05
1875.99,1.2506875921664709e-05
1876.0,1.3156423423699454e-05
1876.01,1.3994297632197539e-05
1876.02,1.4924571196452907e-05
1876.03,1.5826641705649996e-05
1876.04,1.659958140311979e-05
1876.05,1.722446981448642e-05
1876.06,1.7751684587499228e-05
1876.07,1.824604390691085e-05
1876.08,1.870724312667874e-05
1876.09,1.9036875969654813e-05
1876.1,1.907117955861065e-05
1876.11,1.8663204122624034e-05
1876.12,1.776829160637975e-05
1876.13,1.6472550008761382e-05
1876.14,1.4943558997457219e-05
1876.15,1.3359086721020083e-05
1876.16,1.1848936947868233e-05
1876.17,1.0486808932806374e-05
1876.18,9.300675698727054e-06
1876.19,8.289790015674105e-06
1876.2,7.440249734373944e-06
1876.21,6.731642496942476e-06
1876.22,6.1428089699808605e-06
1876.23,5.65413373362017e-06
1876.24,5.248071945523182e-06
1876.25,4.909897415550652e-06
1876.26,4.628387425277415e-06
1876.27,4.3962297178705005e-06
1876.28,4.2005911038603674e-06
1876.29,4.058695607529927e-06
1876.3,3.961958922666113e-06
1876.31,3.911995082902888e-06
1876.32,3.911240108200105e-06
1876.33,3.9628571290377705e-06
1876.34,4.070373147404601e-06
1876.35,4.236628361183576e-06
1876.36,4.4614185216216035e-06
1876.37,4.737376387472637e-06
1876.38,5.044000517144715e-06
1876.39,5.342006039737726e-06
1876.4,5.573713021936738e-06
1876.41,5.676756743167555e-06
1876.42,5.610377796793176e-06
1876.43,5.377380677508242e-06
1876.44,5.02217381962511e-06
1876.45,4.606371068116927e-06
1876.46,4.1841128565928675e-06
1876.47,3.790264432964584e-06
1876.48,3.434734189195461e-06
1876.49,3.1352361177232523e-06
1876.5,2.882534101032421e-06
1876.51,2.6717347504687415e-06
1876.52,2.496905636450366e-06
1876.53,2.352587628279239e-06
1876.54,2.2345522500457008e-06
1876.55,2.1379195036205194e-06
1876.56,2.0600509400506237e-06
1876.57,1.998484807799125e-06
1876.58,1.9512963787047255e-06
1876.59,1.9169578958436337e-06
1876.6,1.894164651479037e-06
1876.61,1.881738773998258e-06
1876.62,1.8785373372229561e-06
1876.63,1.883579291946552e-06
1876.64,1.8960678954005084e-06
1876.65,1.9152138695395965e-06
1876.66,1.9418618640010483e-06
1876.67,1.96953751386697e-06
1876.68,1.9971915112340334e-06
1876.69,2.0214039456691103e-06
1876.7,2.040094308872971e-06
1876.71,2.05968772780847e-06
1876.72,2.070728832156046e-06
1876.73,2.083738936696056e-06
1876.74,2.0996616731133565e-06
1876.75,2.120117218954473e-06
1876.76,2.1435593944522707e-06
1876.77,2.1670012731867323e-06
1876.78,2.187704759254834e-06
1876.79,2.2049456032734076e-06
1876.8,2.2206688720998723e-06
1876.81,2.238675489008651e-06
1876.82,2.2630511042791423e-06
1876.83,2.2972278823440973e-06
1876.84,2.3424883779789898e-06
1876.85,2.4027867490354507e-06
1876.86,2.4784736593849006e-06
1876.87,2.5704253800331805e-06
1876.88,2.6816404378811374e-06
1876.89,2.81129460598963e-06
1876.9,2.9630209917545237e-06
1876.91,3.139655440135609e-06
1876.92,3.3445576077564917e-06
1876.93,3.58157743948027e-06
1876.94,3.854394146887976e-06
1876.95,4.166206083137221e-06
1876.96,4.518542367197572e-06
1876.97,4.909946874069052e-06
1876.98,5.345416952867521e-06
1876.99,5.798984567047806e-06
1877.0,6.2786362262768945e-06
1877.01,6.785542891196613e-06
1877.02,7.333685351333673e-06
1877.03,7.937509187133066e-06
1877.04,8.604463256510248e-06
1877.05,9.330862125418993e-06
1877.06,1.0096755273477047e-05
1877.07,1.086752685240627e-05
1877.08,1.1599168628883311e-05
1877.09,1.2242946531375706e-05
1877.1,1.2756965428169738e-05
1877.11,1.3085926576282795e-05
1877.12,1.3212640349072683e-05
1877.13,1.3149151067264972e-05
1877.14,1.2952666050071112e-05
1877.15,1.2711656761308383e-05
1877.16,1.2519506793686047e-05
1877.17,1.2453128121481919e-05
1877.18,1.2570341144861426e-05
1877.19,1.2906074285207051e-05
1877.2,1.3493336636861984e-05
1877.21,1.435997513410227e-05
1877.22,1.5538301431892e-05
1877.23,1.706883029611851e-05
1877.24,1.900074600963238e-05
1877.25,2.1366551066327266e-05
1877.26,2.415780986260984e-05
1877.27,2.7260073745513412e-05
1877.28,3.039965435313139e-05
1877.29,3.311387155290047e-05
1877.3,3.4845343286140904e-05
1877.31,3.513608207506643e-05
1877.32,3.3867031644265346e-05
1877.33,3.1319277351118454e-05
1877.34,2.804715165396988e-05
1877.35,2.457994173799048e-05
1877.36,2.1320656941241158e-05
1877.37,1.8466215528781114e-05
1877.38,1.6065019944810397e-05
1877.39,1.4090402086329549e-05
1877.4,1.249138824307575e-05
1877.41,1.1209647056046383e-05
1877.42,1.0191093225242394e-05
1877.43,9.387677918351628e-06
1877.44,8.771172997634702e-06
1877.45,8.313803271715742e-06
1877.46,7.990043301684407e-06
1877.47,7.791334903695017e-06
1877.48,7.708946496370744e-06
1877.49,7.737861855946837e-06
1877.5,7.876351183496172e-06
1877.51,8.123030800974543e-06
1877.52,8.490687512871795e-06
1877.53,8.987178342610545e-06
1877.54,9.626654267568443e-06
1877.55,1.0419798952056313e-05
1877.56,1.1369529372204606e-05
1877.57,1.2450027812002802e-05
1877.58,1.3595306273665566e-05
1877.59,1.4684969516865972e-05
1877.6,1.5549385986435413e-05
1877.61,1.600921763717343e-05
1877.62,1.5945241741407573e-05
1877.63,1.535668795312699e-05
1877.64,1.4362577396998472e-05
1877.65,1.3140981988718123e-05
1877.66,1.186059816575653e-05
1877.67,1.0641698131450531e-05
1877.68,9.550895904337564e-06
1877.69,8.615161374053617e-06
1877.7,7.836952859271194e-06
1877.71,7.207380223520627e-06
1877.72,6.713800449204081e-06
1877.73,6.3440105202379695e-06
1877.74,6.088148485158945e-06
1877.75,5.939169651563042e-06
1877.76,5.892272975241562e-06
1877.77,5.941555475557569e-06
1877.78,6.083344463499428e-06
1877.79,6.300957775670388e-06
1877.8,6.564280323929461e-06
1877.81,6.822348583659372e-06
1877.82,7.005904581881414e-06
1877.83,7.045561978299957e-06
1877.84,6.9016752670377934e-06
1877.85,6.5849004265565116e-06
1877.86,6.148402292974133e-06
1877.87,5.658930592432598e-06
1877.88,5.170741284053579e-06
1877.89,4.715909303672093e-06
1877.9,4.307498795778025e-06
1877.91,3.947540174602109e-06
1877.92,3.6273539961329018e-06
1877.93,3.3554800504850968e-06
1877.94,3.12157928605911e-06
1877.95,2.9214494730615584e-06
1877.96,2.750947511945624e-06
1877.97,2.6140903026628273e-06
1877.98,2.4916734428448487e-06
1877.99,2.3884511757728444e-06
1878.0,2.3021837188733767e-06
1878.01,2.2251289225011993e-06
1878.02,2.1668573901096304e-06
1878.03,2.1204625640094834e-06
1878.04,2.0849325197986462e-06
1878.05,2.0594813052299103e-06
1878.06,2.0434980263893178e-06
1878.07,2.036451416896139e-06
1878.08,2.04002349340431e-06
1878.09,2.0489194683769935e-06
1878.1,2.06437380400539e-06
1878.11,2.0851612221276963e-06
1878.12,2.1098594517614224e-06
1878.13,2.1367248574111766e-06
1878.14,2.1635896168751794e-06
1878.15,2.1881623401989916e-06
1878.16,2.2089051784704994e-06
1878.17,2.2259662308177392e-06
1878.18,2.24141390749761e-06
1878.19,2.258509350436747e-06
1878.2,2.2805236144156187e-06
1878.21,2.30973762152773e-06
1878.22,2.3468992417384315e-06
1878.23,2.391031238756062e-06
1878.24,2.439642605949887e-06
1878.25,2.48941564418295e-06
1878.26,2.5378085854131583e-06
1878.27,2.582785073293067e-06
1878.28,2.6289394705023593e-06
1878.29,2.678627995045729e-06
1878.3,2.7361659207062254e-06
1878.31,2.8048452438586904e-06
1878.32,2.887596513129271e-06
1878.33,2.986533016582167e-06
1878.34,3.103466419759839e-06
1878.35,3.2402413920808037e-06
1878.36,3.399001877973677e-06
1878.37,3.582386848479292e-06
1878.38,3.7937948016978947e-06
1878.39,4.037247107201999e-06
1878.4,4.3180226965331845e-06
1878.41,4.655153152723892e-06
1878.42,5.031756608958031e-06
1878.43,5.470318387000249e-06
1878.44,5.9832201146951215e-06
1878.45,6.585599957885078e-06
1878.46,7.2956096879684985e-06
1878.47,8.134286827775883e-06
1878.48,9.124516363316237e-06
1878.49,1.0288222507557044e-05
1878.5,1.164060339186625e-05
1878.51,1.3180438041517492e-05
1878.52,1.4877273283358769e-05
1878.53,1.6659935416284454e-05
1878.54,1.841317072397239e-05
1878.55,1.9986575944562544e-05
1878.56,2.1214920338405275e-05
1878.57,2.1956631221705376e-05
1878.58,2.2161008108074437e-05
1878.59,2.1903400936650898e-05
1878.6,2.1389884651351873e-05
1878.61,2.0853072975897215e-05
1878.62,2.047492857761182e-05
1878.63,2.0359678529159027e-05
1878.64,2.055152446451511e-05
1878.65,2.1068692897898284e-05
1878.66,2.193272613452191e-05
1878.67,2.3182941537071557e-05
1878.68,2.4864292241289536e-05
1878.69,2.6996727350586722e-05
1878.7,2.9526658478761096e-05
1878.71,3.227190439230403e-05
1878.72,3.490255124702502e-05
1878.73,3.695860272206348e-05
1878.74,3.797094775199711e-05
1878.75,3.761161596073841e-05
1878.76,3.582533365994673e-05
1878.77,3.2901497920328065e-05
1878.78,2.9320393927848163e-05
1878.79,2.5625498628913752e-05
1878.8,2.218261186219664e-05
1878.81,1.917249660400692e-05
1878.82,1.663450346557762e-05
1878.83,1.453558320591718e-05
1878.84,1.2814953869027703e-05
1878.85,1.1408664458673104e-05
1878.86,1.0259454793083601e-05
1878.87,9.319721452593354e-06
1878.88,8.55141143435802e-06
1878.89,7.924767320427091e-06
1878.9,7.416806775119216e-06
1878.91,7.009965897422246e-06
1878.92,6.690984928464326e-06
1878.93,6.45000140714256e-06
1878.94,6.279925088423789e-06
1878.95,6.175807143170807e-06
1878.96,6.134332403179665e-06
1878.97,6.151903974253154e-06
1878.98,6.225972172633671e-06
1878.99,6.364039124635752e-06
1879.0,6.564308800260977e-06
1879.01,6.833170182728668e-06
1879.02,7.18164218751117e-06
1879.03,7.624874362310792e-06
1879.04,8.180365156990196e-06
1879.05,8.865331921220907e-06
1879.06,9.69250307099361e-06
1879.07,1.066235449996495e-05
1879.08,1.1760799462433963e-05
1879.09,1.293158264155362e-05
1879.1,1.407336313891922e-05
1879.11,1.5038081638416231e-05
1879.12,1.5661579434862404e-05
1879.13,1.5823266844100074e-05
1879.14,1.5504520892715357e-05
1879.15,1.4800253027506623e-05
1879.16,1.3873672464301504e-05
1879.17,1.2891708563140979e-05
1879.18,1.1982074714530998e-05
1879.19,1.1222003268429334e-05
1879.2,1.0645529779769518e-05
1879.21,1.0254042178102465e-05
1879.22,1.0022092495372132e-05
1879.23,9.897925468092891e-06
1879.24,9.804386338788444e-06
1879.25,9.651138597921808e-06
1879.26,9.371671566677565e-06
1879.27,8.91519507177017e-06
1879.28,8.318598154871089e-06
1879.29,7.6456557933725e-06
1879.3,6.964090915421531e-06
1879.31,6.32338764617631e-06
1879.32,5.749871812868762e-06
1879.33,5.251842217548959e-06
1879.34,4.826881978812654e-06
1879.35,4.467441208290398e-06
1879.36,4.164595172597563e-06
1879.37,3.909836615974104e-06
1879.38,3.695881436991761e-06
1879.39,3.5167228245097863e-06
1879.4,3.3674350576950237e-06
1879.41,3.243949708556059e-06
1879.42,3.142909654892792e-06
1879.43,3.0615639035120213e-06
1879.44,2.9976958267899133e-06
1879.45,2.9495900731021314e-06
1879.46,2.915984134107311e-06
1879.47,2.896121077979653e-06
1879.48,2.8890481264263897e-06
1879.49,2.8940400838000273e-06
1879.5,2.9128216155074854e-06
1879.51,2.939369172068538e-06
1879.52,2.9744470912507727e-06
1879.53,3.0157384759151904e-06
1879.54,3.054760014805022e-06
1879.55,3.100223953650952e-06
1879.56,3.145610910142489e-06
1879.57,3.1921687352107747e-06
1879.58,3.2387569752733703e-06
1879.59,3.2958010673546074e-06
1879.6,3.3613122587781714e-06
1879.61,3.435874389752543e-06
1879.62,3.519083077521797e-06
1879.63,3.6104528547999263e-06
1879.64,3.7107112748406395e-06
1879.65,3.822710791843871e-06
1879.66,3.9513063109152386e-06
1879.67,4.102422240119999e-06
1879.68,4.282163665504141e-06
1879.69,4.4948427056631285e-06
1879.7,4.74928592747405e-06
1879.71,5.049574288043502e-06
1879.72,5.40172780003209e-06
1879.73,5.812106094224374e-06
1879.74,6.2892717390019805e-06
1879.75,6.845280900965519e-06
1879.76,7.497776188597234e-06
1879.77,8.270815595814339e-06
1879.78,9.193354380277671e-06
1879.79,1.0294517603141229e-05
1879.8,1.1595850114259324e-05
1879.81,1.3096999713553229e-05
1879.82,1.4753412679271641e-05
1879.83,1.644864834892629e-05
1879.84,1.7994913400227697e-05
1879.85,1.910242551892977e-05
1879.86,1.9572281025436074e-05
1879.87,1.9353112613611025e-05
1879.88,1.8592251291369804e-05
1879.89,1.755220968390226e-05
1879.9,1.6488641048564135e-05
1879.91,1.557839738936856e-05
1879.92,1.4909988987983384e-05
1879.93,1.4502611672387573e-05
1879.94,1.4325488832283218e-05
1879.95,1.4309890872582557e-05
1879.96,1.4361170048436185e-05
1879.97,1.4382401837688841e-05
1879.98,1.431020119864351e-05
1879.99,1.4142595170212411e-05
1880.0,1.3935722400957243e-05
1880.01,1.3772932057990389e-05
1880.02,1.373272439928445e-05
1880.03,1.3873911787924889e-05
1880.04,1.4239901101477996e-05
1880.05,1.4852036066068625e-05
1880.06,1.5738279079378043e-05
1880.07,1.692551066877279e-05
1880.08,1.844895067064753e-05
1880.09,2.035722537495038e-05
1880.1,2.2712780296154146e-05
1880.11,2.558172076173035e-05
1880.12,2.9007996747271395e-05
1880.13,3.297033531419993e-05
1880.14,3.732580104294345e-05
1880.15,4.176152578785255e-05
1880.16,4.5793179796784754e-05
1880.17,4.886536701747743e-05
1880.18,5.045868332852646e-05
1880.19,5.0247142001709784e-05
1880.2,4.813049837624694e-05
1880.21,4.446902310403994e-05
1880.22,3.991287844686976e-05
1880.23,3.516355773028411e-05
1880.24,3.072258119888833e-05
1880.25,2.6836405791838152e-05
1880.26,2.3565055199030224e-05
1880.27,2.086910603241863e-05
1880.28,1.8669371502674445e-05
1880.29,1.6876617161395135e-05
1880.3,1.540742229303365e-05
1880.31,1.4190372790582888e-05
1880.32,1.3171618779741548e-05
1880.33,1.2314415428555862e-05
1880.34,1.1596546810875305e-05
1880.35,1.100473883831983e-05
1880.36,1.0529759338409596e-05
1880.37,1.0161660272103165e-05
1880.38,9.884179274733615e-06
1880.39,9.68910205968695e-06
1880.4,9.55993569133266e-06
1880.41,9.48728398881877e-06
1880.42,9.474390268190224e-06
1880.43,9.522660901779951e-06
1880.44,9.633140391012333e-06
1880.45,9.796075498495384e-06
1880.46,1.0016055370143434e-05
1880.47,1.028250890535376e-05
1880.48,1.059738413434338e-05
1880.49,1.0968280903773963e-05
1880.5,1.1404664337196267e-05
1880.51,1.1912633699301476e-05
1880.52,1.2497511876613927e-05
1880.53,1.3169326134523686e-05
1880.54,1.3946652003312743e-05
1880.55,1.4853703040827205e-05
1880.56,1.5925282489873474e-05
1880.57,1.715016301139147e-05
1880.58,1.854856669475619e-05
1880.59,2.012087409523276e-05
1880.6,2.1851040431253975e-05
1880.61,2.36876451033361e-05
1880.62,2.5530190018537937e-05
1880.63,2.7239656049134276e-05
1880.64,2.8678757326040836e-05
1880.65,2.97622409286108e-05
1880.66,3.0481959785035934e-05
1880.67,3.088847138032543e-05
1880.68,3.1050196280011446e-05
1880.69,3.1028162553778565e-05
1880.7,3.08807327807488e-05
1880.71,3.06798981020045e-05
1880.72,3.0513687482180475e-05
1880.73,3.046913180916647e-05
1880.74,3.061080641908854e-05
1880.75,3.0972430994197404e-05
1880.76,3.156413569328435e-05
1880.77,3.238316442537968e-05
1880.78,3.341980799067848e-05
1880.79,3.466103591441185e-05
1880.8,3.6093732486747846e-05
1880.81,3.770486675216615e-05
1880.82,3.948020597176351e-05
1880.83,4.140408742930615e-05
1880.84,4.34570569445139e-05
1880.85,4.561416939403273e-05
1880.86,4.7842592968535215e-05
1880.87,5.0098792809128664e-05
1880.88,5.232539878932928e-05
1880.89,5.444813945020214e-05
1880.9,5.637351231596033e-05
1880.91,5.798845539599328e-05
1880.92,5.916612429262901e-05
1880.93,5.9765320424828016e-05
1880.94,5.9661953141292004e-05
1880.95,5.8764024728310317e-05
1880.96,5.704230959280772e-05
1880.97,5.455279788983646e-05
1880.98,5.144147757860179e-05
1880.99,4.792436738433818e-05
1881.0,4.4247460972437114e-05
1881.01,4.064212581083225e-05
1881.02,3.7293429540155543e-05
1881.03,3.4327532821286405e-05
1881.04,3.1817484237752093e-05
1881.05,2.9797399865982102e-05
1881.06,2.8277987643841297e-05
1881.07,2.725857916761885e-05
1881.08,2.6733278364807065e-05
1881.09,2.66839914524602e-05
1881.1,2.7090527572401808e-05
1881.11,2.787396785198892e-05
1881.12,2.88844490233946e-05
1881.13,2.9866606524248863e-05
1881.14,3.0484420865705003e-05
1881.15,3.0409780521606907e-05
1881.16,2.948270646405536e-05
1881.17,2.7796502991158733e-05
1881.18,2.5633524683933433e-05
1881.19,2.3313726628243962e-05
1881.2,2.107889696442994e-05
1881.21,1.9062621330144664e-05
1881.22,1.7313971925601245e-05
1881.23,1.5832862357143732e-05
1881.24,1.4596891850972582e-05
1881.25,1.3577130176288713e-05
1881.26,1.2746063948542187e-05
1881.27,1.2097770193712014e-05
1881.28,1.1580488019537714e-05
1881.29,1.1197840729413165e-05
1881.3,1.0940566391414655e-05
1881.31,1.0803025176246889e-05
1881.32,1.078287397006022e-05
1881.33,1.0880499906111099e-05
1881.34,1.1097919496501807e-05
1881.35,1.1436503204023265e-05
1881.36,1.1892889008233663e-05
1881.37,1.2452516167210396e-05
1881.38,1.3081575044149326e-05
1881.39,1.3721583561736975e-05
1881.4,1.4295157070941546e-05
1881.41,1.473029034292847e-05
1881.42,1.49959073365947e-05
1881.43,1.5123258515536085e-05
1881.44,1.5194545250822236e-05
1881.45,1.5308632587834582e-05
1881.46,1.5552676978393702e-05
1881.47,1.5991724381192833e-05
1881.48,1.667249568203953e-05
1881.49,1.7632512814980513e-05
1881.5,1.8909701904757276e-05
1881.51,2.0554200292128982e-05
1881.52,2.262359517805238e-05
1881.53,2.5201644281515103e-05
1881.54,2.8380569679786067e-05
1881.55,3.224707661398512e-05
1881.56,3.685136845777776e-05
1881.57,4.21564215192169e-05
1881.58,4.7971002955138994e-05
1881.59,5.389456418521033e-05
1881.6,5.932700383355487e-05
1881.61,6.359512626288421e-05
1881.62,6.598824183981778e-05
1881.63,6.601867521679592e-05
1881.64,6.348592236685708e-05
1881.65,5.870229966124615e-05
1881.66,5.2495694598492274e-05
1881.67,4.5848381608696695e-05
1881.68,3.9519816839912244e-05
1881.69,3.3914085484650494e-05
1881.7,2.91473706760692e-05
1881.71,2.5190130639746136e-05
1881.72,2.1933593252976497e-05
1881.73,1.9259653928249905e-05
1881.74,1.7059145146687547e-05
1881.75,1.5239374787059414e-05
1881.76,1.3724898081532933e-05
1881.77,1.2455752745003792e-05
1881.78,1.138551757540851e-05
1881.79,1.0478154872507987e-05
1881.8,9.706029230057493e-06
1881.81,9.047672835805922e-06
1881.82,8.486157563105212e-06
1881.83,8.007957069086976e-06
1881.84,7.602217625964059e-06
1881.85,7.258291518539432e-06
1881.86,6.973452289769433e-06
1881.87,6.756637468844659e-06
1881.88,6.572115458999768e-06
1881.89,6.433097973764572e-06
1881.9,6.337381354627022e-06
1881.91,6.27483751228044e-06
1881.92,6.2574588249032e-06
1881.93,6.272606477767726e-06
1881.94,6.31218929324781e-06
1881.95,6.367388350503874e-06
1881.96,6.431770985232617e-06
1881.97,6.505016115280666e-06
1881.98,6.5937993953770405e-06
1881.99,6.7093797659786465e-06
1882.0,6.864541781632553e-06
1882.01,7.0725217631360935e-06
1882.02,7.3469538392078925e-06
1882.03,7.702287451340588e-06
1882.04,8.154095047679456e-06
1882.05,8.719091121148381e-06
1882.06,9.414797603706736e-06
1882.07,1.0257187716032018e-05
1882.08,1.125754642603383e-05
1882.09,1.2414303271785223e-05
1882.1,1.370190142032168e-05
1882.11,1.5058354808437819e-05
1882.12,1.6379232871414155e-05
1882.13,1.7527976300552992e-05
1882.14,1.836443606978834e-05
1882.15,1.877859040765054e-05
1882.16,1.8714886075756985e-05
1882.17,1.8185776124840973e-05
1882.18,1.727387160908969e-05
1882.19,1.6113189184207647e-05
1882.2,1.4851224987962365e-05
1882.21,1.3612200077454116e-05
1882.22,1.2479218173737117e-05
1882.23,1.1495685666219812e-05
1882.24,1.067630212959618e-05
1882.25,1.0019046386986864e-05
1882.26,9.51422825158859e-06
1882.27,9.150262133109387e-06
1882.28,8.916865511797416e-06
1882.29,8.80670976184153e-06
1882.3,8.816244307438768e-06
1882.31,8.946168672261148e-06
1882.32,9.201811397478378e-06
1882.33,9.593578522475544e-06
1882.34,1.0137464117020147e-05
1882.35,1.0857993005148166e-05
1882.36,1.1778765644393278e-05
1882.37,1.2936342601302416e-05
1882.38,1.4367775287964995e-05
1882.39,1.610578110494556e-05
1882.4,1.8163302193099275e-05
1882.41,2.050565910403324e-05
1882.42,2.3009254041481993e-05
1882.43,2.5421176276791215e-05
1882.44,2.7357915008792692e-05
1882.45,2.839902612404768e-05
1882.46,2.827177305794719e-05
1882.47,2.7006001735187476e-05
1882.48,2.4915854373221887e-05
1882.49,2.242643316745948e-05
1882.5,1.989994339104668e-05
1882.51,1.756221447513863e-05
1882.52,1.551490777184601e-05
1882.53,1.3778526351546562e-05
1882.54,1.2332028415970455e-05
1882.55,1.113773533429613e-05
1882.56,1.0155108837278972e-05
1882.57,9.345455651473571e-06
1882.58,8.681747653254525e-06
1882.59,8.136883721192747e-06
1882.6,7.69087430765837e-06
1882.61,7.327821143893072e-06
1882.62,7.035163658272937e-06
1882.63,6.803243912841814e-06
1882.64,6.619902216144162e-06
1882.65,6.49056497300873e-06
1882.66,6.406955085723999e-06
1882.67,6.36718214421187e-06
1882.68,6.370251185365641e-06
1882.69,6.415821117929013e-06
1882.7,6.504066521366066e-06
1882.71,6.6584544699663636e-06
1882.72,6.834408556107806e-06
1882.73,7.056328477420598e-06
1882.74,7.3271222212677706e-06
1882.75,7.651797909974934e-06
1882.76,8.038236874523787e-06
1882.77,8.49724874080772e-06
1882.78,9.041451782287152e-06
1882.79,9.68298655887198e-06
1882.8,1.0429917744799113e-05
1882.81,1.1280776507194597e-05
1882.82,1.2216997535376746e-05
1882.83,1.3195299446248511e-05
1882.84,1.4146472248711825e-05
1882.85,1.4990101024864047e-05
1882.86,1.5667710296829493e-05
1882.87,1.6177341487446272e-05
1882.88,1.6581374425395053e-05
1882.89,1.6982482953805793e-05
1882.9,1.748703683998464e-05
1882.91,1.818363522038854e-05
1882.92,1.9141660467556966e-05
1882.93,2.042172047171125e-05
1882.94,2.208752486867413e-05
1882.95,2.4213738323381007e-05
1882.96,2.6889759751867456e-05
1882.97,3.0222870370481772e-05
1882.98,3.432639465449707e-05
1882.99,3.93210485845218e-05
1883.0,4.529675438529716e-05
1883.01,5.2264412181503406e-05
1883.02,6.010752562412953e-05
1883.03,6.834624483363134e-05
1883.04,7.633045384792503e-05
1883.05,8.315713091436168e-05
1883.06,8.784494607371791e-05
1883.07,8.953156298373878e-05
1883.08,8.763646818540697e-05
1883.09,8.227094678729506e-05
1883.1,7.437061416091651e-05
1883.11,6.53193960605017e-05
1883.12,5.634743314629089e-05
1883.13,4.820621661301304e-05
1883.14,4.119419173203314e-05
1883.15,3.5325080353480046e-05
1883.16,3.047973579064616e-05
1883.17,2.649838154363068e-05
1883.18,2.3224906000882485e-05
1883.19,2.0543451950086902e-05
1883.2,1.830348747070806e-05
1883.21,1.6435144939067873e-05
1883.22,1.4867718047402906e-05
1883.23,1.3545439490067387e-05
1883.24,1.242432129234397e-05
1883.25,1.1469433065507273e-05
1883.26,1.0653040009912299e-05
1883.27,9.952829153003957e-06
1883.28,9.350658729344155e-06
1883.29,8.831631948625781e-06
1883.3,8.381293060315146e-06
1883.31,7.99403232528425e-06
1883.32,7.659665409521793e-06
1883.33,7.372149363625275e-06
1883.34,7.127342252853608e-06
1883.35,6.921816604190155e-06
1883.36,6.753245229968102e-06
1883.37,6.610260111155522e-06
1883.38,6.511433292644116e-06
1883.39,6.446418271871014e-06
1883.4,6.415518819584108e-06
1883.41,6.419390692292899e-06
1883.42,6.459387813231931e-06
1883.43,6.537477457729033e-06
1883.44,6.656780355307895e-06
1883.45,6.820756004937092e-06
1883.46,7.033980779571563e-06
1883.47,7.301944384602231e-06
1883.48,7.631217731426838e-06
1883.49,8.029679233847328e-06
1883.5,8.506690923876583e-06
1883.51,9.072854503009432e-06
1883.52,9.738410508636758e-06
1883.53,1.0509168779357e-05
1883.54,1.1380485374637778e-05
1883.55,1.2327754631510947e-05
1883.56,1.3300541618600999e-05
1883.57,1.4227591013642307e-05
1883.58,1.5037513217553389e-05
1883.59,1.569500380895758e-05
1883.6,1.622526653536475e-05
1883.61,1.6707170539090114e-05
1883.62,1.724287557624401e-05
1883.63,1.7924303566205894e-05
1883.64,1.8814307442158283e-05
1883.65,1.9937765968706592e-05
1883.66,2.1279949807124983e-05
1883.67,2.279305046575665e-05
1883.68,2.4415878824295172e-05
1883.69,2.6106476508877756e-05
1883.7,2.7873692742337647e-05
1883.71,2.977553202020532e-05
1883.72,3.1873583092604356e-05
1883.73,3.415052925825734e-05
1883.74,3.6425369720855274e-05
1883.75,3.831814163466028e-05
1883.76,3.932448561324367e-05
1883.77,3.902690363461517e-05
1883.78,3.7329064400780066e-05
1883.79,3.4510757241619906e-05
1883.8,3.107633210477328e-05
1883.81,2.7511269422059273e-05
1883.82,2.4148881961916487e-05
1883.83,2.1156490754150315e-05
1883.84,1.858426100977443e-05
1883.85,1.641477943404226e-05
1883.86,1.4602372301303442e-05
1883.87,1.3093683449331214e-05
1883.88,1.1837806123878758e-05
1883.89,1.0789492108864173e-05
1883.9,9.912583127907055e-06
1883.91,9.175826370892694e-06
1883.92,8.554657479105966e-06
1883.93,8.029641366421387e-06
1883.94,7.585479660050747e-06
1883.95,7.2100614337400594e-06
1883.96,6.892896578037205e-06
1883.97,6.627792597340766e-06
1883.98,6.407473209413157e-06
1883.99,6.226858483067959e-06
1884.0,6.081789621177575e-06
1884.01,5.9689107707491876e-06
1884.02,5.884549995860948e-06
1884.03,5.826200182566977e-06
1884.04,5.795556558992306e-06
1884.05,5.788732346002835e-06
1884.06,5.804309847213709e-06
1884.07,5.839803614814377e-06
1884.08,5.8967811536897005e-06
1884.09,5.973316139066973e-06
1884.1,6.068987855995193e-06
1884.11,6.18363782704461e-06
1884.12,6.317588695307853e-06
1884.13,6.470679217774027e-06
1884.14,6.648118048189322e-06
1884.15,6.879285796813628e-06
1884.16,7.115676053675329e-06
1884.17,7.390146673976493e-06
1884.18,7.708078949893586e-06
1884.19,8.080409504402886e-06
1884.2,8.509462758359563e-06
1884.21,9.014250185607842e-06
1884.22,9.600661405481192e-06
1884.23,1.0279888663439591e-05
1884.24,1.1060873437204974e-05
1884.25,1.1955399173410626e-05
1884.26,1.2963195147753618e-05
1884.27,1.4072788542340814e-05
1884.28,1.525184695355104e-05
1884.29,1.6440883908274477e-05
1884.3,1.7569892256713498e-05
1884.31,1.8573775051459718e-05
1884.32,1.943714307515004e-05
1884.33,2.0211886423525822e-05
1884.34,2.0995458480280774e-05
1884.35,2.1926273746017177e-05
1884.36,2.3117798538777392e-05
1884.37,2.4668425754179126e-05
1884.38,2.6668512510260806e-05
1884.39,2.9209674173600058e-05
1884.4,3.2395728724960547e-05
1884.41,3.6348197762969654e-05
1884.42,4.1220455378973335e-05
1884.43,4.7234643391359756e-05
1884.44,5.443364345046958e-05
1884.45,6.299985861843706e-05
1884.46,7.292933805632736e-05
1884.47,8.397304722520037e-05
1884.48,9.552258011103275e-05
1884.49,0.00010653828987760781
1884.5,0.00011563938228998897
1884.51,0.00012130538603926663
1884.52,0.0001222525386767237
1884.53,0.00011792861340884817
1884.54,0.0001090429638258213
1884.55,9.733110172881115e-05
1884.56,8.475689566455969e-05
1884.57,7.278367983656035e-05
1884.58,6.217286665035379e-05
1884.59,5.314957188262361e-05
1884.6,4.563929788621982e-05
1884.61,3.945301164993155e-05
1884.62,3.436816901650592e-05
1884.63,3.018128211541115e-05
1884.64,2.6719659398660213e-05
1884.65,2.384253364591708e-05
1884.66,2.143786683605207e-05
1884.67,1.9416695261234407e-05
1884.68,1.7706519674875855e-05
1884.69,1.625671479816055e-05
1884.7,1.5020983056429634e-05
1884.71,1.3964401708087112e-05
1884.72,1.3059076675069004e-05
1884.73,1.2282481156717283e-05
1884.74,1.1616956570249172e-05
1884.75,1.1047862089871782e-05
1884.76,1.0559090349042734e-05
1884.77,1.0150236910563332e-05
1884.78,9.809385136655033e-06
1884.79,9.530703215677656e-06
1884.8,9.30971235920002e-06
1884.81,9.143087021639405e-06
1884.82,9.016119848676535e-06
1884.83,8.952289738378248e-06
1884.84,8.938662455167704e-06
1884.85,8.973810583861704e-06
1884.86,9.06376736636711e-06
1884.87,9.209984857443019e-06
1884.88,9.417412390018869e-06
1884.89,9.693661461771322e-06
1884.9,1.0047580850268585e-05
1884.91,1.0490603606519472e-05
1884.92,1.1036955106926407e-05
1884.93,1.170454737565061e-05
1884.94,1.251449918790549e-05
1884.95,1.3493551678324784e-05
1884.96,1.4671587278737484e-05
1884.97,1.6088633638263453e-05
1884.98,1.7783040255943658e-05
1884.99,1.979477830969967e-05
1885.0,2.2157153530583583e-05
1885.01,2.4887586508901898e-05
1885.02,2.7978403571475106e-05
1885.03,3.139182211371384e-05
1885.04,3.505754783103112e-05
1885.05,3.885615666028838e-05
1885.06,4.256755831170488e-05
1885.07,4.580451652514267e-05
1885.08,4.8020245261409304e-05
1885.09,4.868046932224261e-05
1885.1,4.7554220922708315e-05
1885.11,4.4873402105145664e-05
1885.12,4.122192390029551e-05
1885.13,3.725009300150979e-05
1885.14,3.345533895175282e-05
1885.15,3.0119774351074877e-05
1885.16,2.734935279903596e-05
1885.17,2.513676426648649e-05
1885.18,2.340920895740448e-05
1885.19,2.205585646679179e-05
1885.2,2.094449937760463e-05
1885.21,1.994098470861955e-05
1885.22,1.8935750397391517e-05
1885.23,1.7861179445263055e-05
1885.24,1.6713181660018338e-05
1885.25,1.552651092376832e-05
1885.26,1.4353258024553646e-05
1885.27,1.3235914390130387e-05
1885.28,1.2203139044161965e-05
1885.29,1.1270345640671797e-05
1885.3,1.0443272201193477e-05
1885.31,9.720534620188528e-06
1885.32,9.09582662662866e-06
1885.33,8.559915907643603e-06
1885.34,8.102457084522321e-06
1885.35,7.713183264102777e-06
1885.36,7.3825856106926505e-06
1885.37,7.102199299803955e-06
1885.38,6.864780208969248e-06
1885.39,6.6644753809120795e-06
1885.4,6.4966458128440035e-06
1885.41,6.358070105818926e-06
1885.42,6.246055603440839e-06
1885.43,6.158692254393217e-06
1885.44,6.093878670797539e-06
1885.45,6.051220059752289e-06
1885.46,6.029096875826028e-06
1885.47,6.0266602109804505e-06
1885.48,6.043246211214874e-06
1885.49,6.076206266956696e-06
1885.5,6.130062636862712e-06
1885.51,6.202606140967463e-06
1885.52,6.2941664794832745e-06
1885.53,6.405260287750156e-06
1885.54,6.536567383027066e-06
1885.55,6.688931879598713e-06
1885.56,6.863422509469508e-06
1885.57,7.0614805586615396e-06
1885.58,7.285131435868047e-06
1885.59,7.537120564258018e-06
1885.6,7.852195862998043e-06
1885.61,8.172495829133733e-06
1885.62,8.533961527525206e-06
1885.63,8.942304748676386e-06
1885.64,9.404316914885763e-06
1885.65,9.927585782150237e-06
1885.66,1.0511091930265151e-05
1885.67,1.1185453376960214e-05
1885.68,1.1952131391628744e-05
1885.69,1.2823404601526859e-05
1885.7,1.3810992860052308e-05
1885.71,1.492424927353859e-05
1885.72,1.6167391089892404e-05
1885.73,1.7534743454345042e-05
1885.74,1.9003965844561536e-05
1885.75,2.0531087947438696e-05
1885.76,2.2057359760465476e-05
1885.77,2.353000281176842e-05
1885.78,2.4953669699422528e-05
1885.79,2.6386464174458006e-05
1885.8,2.7945981933475744e-05
1885.81,2.9774996889514737e-05
1885.82,3.20164795822824e-05
1885.83,3.489144523273591e-05
1885.84,3.8366736897844555e-05
1885.85,4.267561984247411e-05
1885.86,4.801977827576887e-05
1885.87,5.454665369625783e-05
1885.88,6.251793498608278e-05
1885.89,7.21766307439523e-05
1885.9,8.372470114202336e-05
1885.91,9.722172995660658e-05
1885.92,0.00011241912946765781
1885.93,0.0001285487064154251
1885.94,0.00014415317466844407
1885.95,0.00015709759937328335
1885.96,0.00016494730199394318
1885.97,0.00016574281724561057
1885.98,0.0001589649676410443
1885.99,0.00014608288001717086
1886.0,0.0001297641558163779
1886.01,0.00011269113422249241
1886.02,9.669457274880703e-05
1886.03,8.26500623107983e-05
1886.04,7.076586700125911e-05
1886.05,6.090179434653561e-05
1886.06,5.278382553420258e-05
1886.07,4.611690822000689e-05
1886.08,4.063337343256721e-05
1886.09,3.6107807904786885e-05
1886.1,3.235735762021987e-05
1886.11,2.9236598109069392e-05
1886.12,2.6630642527951073e-05
1886.13,2.444903933213486e-05
1886.14,2.2620990268510564e-05
1886.15,2.1090326528544434e-05
1886.16,1.981254947633616e-05
1886.17,1.875183912090486e-05
1886.18,1.787879491315087e-05
1886.19,1.71685872001029e-05
1886.2,1.6600736844251867e-05
1886.21,1.6159759233894855e-05
1886.22,1.5836698352785843e-05
1886.23,1.562740386767037e-05
1886.24,1.554087238309068e-05
1886.25,1.5583177311000707e-05
1886.26,1.5765550562941485e-05
1886.27,1.6102466700233783e-05
1886.28,1.6596451878754116e-05
1886.29,1.7302340126170956e-05
1886.3,1.8235055648215407e-05
1886.31,1.9433673317301293e-05
1886.32,2.0947177824189406e-05
1886.33,2.2835254114694704e-05
1886.34,2.5167278937974835e-05
1886.35,2.80172262744403e-05
1886.36,3.145013316637829e-05
1886.37,3.549337379793274e-05
1886.38,4.0084997186560435e-05
1886.39,4.499794857453193e-05
1886.4,4.976588456618789e-05
1886.41,5.368206927148399e-05
1886.42,5.5968848947554253e-05
1886.43,5.611353752144231e-05
1886.44,5.415562397101448e-05
1886.45,5.066254785025172e-05
1886.46,4.64140422295718e-05
1886.47,4.207016162239877e-05
1886.48,3.801871214631291e-05
1886.49,3.439166747309162e-05
1886.5,3.116070898773118e-05
1886.51,2.8241885618687004e-05
1886.52,2.557044097675627e-05
1886.53,2.3126509006693157e-05
1886.54,2.0920555043479473e-05
1886.55,1.8967202925015797e-05
1886.56,1.726929571994784e-05
1886.57,1.5815727641707603e-05
1886.58,1.4585889528055046e-05
1886.59,1.3555250803921093e-05
1886.6,1.2699541738491638e-05
1886.61,1.199791622363605e-05
1886.62,1.1430573411499466e-05
1886.63,1.0983940417580915e-05
1886.64,1.0647207716830574e-05
1886.65,1.0412687321831497e-05
1886.66,1.0277244723193892e-05
1886.67,1.0233434938757394e-05
1886.68,1.0280130985567082e-05
1886.69,1.0412449358142072e-05
1886.7,1.0620600521958046e-05
1886.71,1.0885561997877417e-05
1886.72,1.117508599297376e-05
1886.73,1.1441862833958352e-05
1886.74,1.1628335982941041e-05
1886.75,1.1680426997301805e-05
1886.76,1.1566457396389972e-05
1886.77,1.129004628247523e-05
1886.78,1.0888106515983127e-05
1886.79,1.0414697952321593e-05
1886.8,9.922567370616928e-06
1886.81,9.45170114477612e-06
1886.82,9.026235868727449e-06
1886.83,8.65751675550884e-06
1886.84,8.34802807206013e-06
1886.85,8.0961808639415e-06
1886.86,7.897919995042239e-06
1886.87,7.748863826334095e-06
1886.88,7.64444644989521e-06
1886.89,7.579675601095636e-06
1886.9,7.548644029279729e-06
1886.91,7.5443075582349166e-06
1886.92,7.559183334618599e-06
1886.93,7.587139987283263e-06
1886.94,7.625827035210237e-06
1886.95,7.67698219342898e-06
1886.96,7.745117046262447e-06
1886.97,7.832587974394366e-06
1886.98,7.947832379606624e-06
1886.99,8.07795777003516e-06
1887.0,8.250112047147231e-06
1887.01,8.45259117736231e-06
1887.02,8.686766604293328e-06
1887.03,8.954454651784563e-06
1887.04,9.257964439046826e-06
1887.05,9.635134029549602e-06
1887.06,1.0018444604565007e-05
1887.07,1.0445716976551404e-05
1887.08,1.0919661537224284e-05
1887.09,1.1443282501084902e-05
1887.1,1.202093961060601e-05
1887.11,1.2659488680642627e-05
1887.12,1.3369772444434515e-05
1887.13,1.4166123458635198e-05
1887.14,1.506540700871555e-05
1887.15,1.6085849085085847e-05
1887.16,1.7246755397024836e-05
1887.17,1.8567554175190878e-05
1887.18,2.0066256408955534e-05
1887.19,2.1755797263942613e-05
1887.2,2.363881161855312e-05
1887.21,2.5732939597853095e-05
1887.22,2.7943178178418004e-05
1887.23,3.0261497839784524e-05
1887.24,3.278204052292547e-05
1887.25,3.5306941969830056e-05
1887.26,3.805041022583048e-05
1887.27,4.1170936177175766e-05
1887.28,4.486047377714718e-05
1887.29,4.932356724548197e-05
1887.3,5.4779148265299396e-05
1887.31,6.146847999752084e-05
1887.32,6.966819126209977e-05
1887.33,7.969671893860758e-05
1887.34,9.19037289542351e-05
1887.35,0.00010662222230893924
1887.36,0.00012407739422945596
1887.37,0.00014416328849015136
1887.38,0.00016614101183649302
1887.39,0.00018825710899171794
1887.4,0.00020757030776189468
1887.41,0.00022036271435098366
1887.42,0.00022343804183893955
1887.43,0.00021579443936574558
1887.44,0.00019932932032756936
1887.45,0.00017779217121889935
1887.46,0.0001549083490959283
1887.47,0.00013332459136022152
1887.48,0.0001142797224105017
1887.49,9.81170571384515e-05
1887.5,8.468677161140403e-05
1887.51,7.364147334778738e-05
1887.52,6.459457632483054e-05
1887.53,5.719024076617538e-05
1887.54,5.1127271456873615e-05
1887.55,4.616077414217688e-05
1887.56,4.209647534929143e-05
1887.57,3.878268803062792e-05
1887.58,3.610254015642906e-05
1887.59,3.3967515577603846e-05
1887.6,3.231250855045928e-05
1887.61,3.1092212773715246e-05
1887.62,3.027867005653665e-05
1887.63,2.985971912277773e-05
1887.64,2.9838253275646598e-05
1887.65,3.023216943118909e-05
1887.66,3.107476904478411e-05
1887.67,3.2414891302190445e-05
1887.68,3.4315938624474314e-05
1887.69,3.6851326981322786e-05
1887.7,4.009234186680052e-05
1887.71,4.4079085788614645e-05
1887.72,4.878018437177683e-05
1887.73,5.3998990927048025e-05
1887.74,5.927059463047905e-05
1887.75,6.388809221576672e-05
1887.76,6.690021165597552e-05
1887.77,6.751949523146199e-05
1887.78,6.550425131764745e-05
1887.79,6.129900670711313e-05
1887.8,5.5779255357126506e-05
1887.81,4.983973032385449e-05
1887.82,4.412825667808725e-05
1887.83,3.899687452837459e-05
1887.84,3.457364585705263e-05
1887.85,3.085527332049718e-05
1887.86,2.7776738031140047e-05
1887.87,2.525255170526271e-05
1887.88,2.3198302209310766e-05
1887.89,2.1540619886012974e-05
1887.9,2.0220829357099415e-05
1887.91,1.9193580337277522e-05
1887.92,1.8421141640905712e-05
1887.93,1.7865645860982825e-05
1887.94,1.7479174939757328e-05
1887.95,1.7196724006133806e-05
1887.96,1.693490958178906e-05
1887.97,1.6603985738811655e-05
1887.98,1.6133939269475846e-05
1887.99,1.5501118764753687e-05
1888.0,1.4735133863104616e-05
1888.01,1.3899083316484022e-05
1888.02,1.3059857278254361e-05
1888.03,1.2267850308350421e-05
1888.04,1.155158516463978e-05
1888.05,1.092169416449337e-05
1888.06,1.0377537959494785e-05
1888.07,9.912770129979781e-06
1888.08,9.519069546639757e-06
1888.09,9.18822403168131e-06
1888.1,8.913047102323999e-06
1888.11,8.689416802171306e-06
1888.12,8.509244673253107e-06
1888.13,8.370817396404624e-06
1888.14,8.27171185829879e-06
1888.15,8.21045651804688e-06
1888.16,8.186483269464486e-06
1888.17,8.200066720439016e-06
1888.18,8.2522653249929e-06
1888.19,8.34488362324467e-06
1888.2,8.480099113655644e-06
1888.21,8.660124844645247e-06
1888.22,8.886227702078312e-06
1888.23,9.15748220131798e-06
1888.24,9.468419745807278e-06
1888.25,9.806449929246955e-06
1888.26,1.0149242208062902e-05
1888.27,1.0466430989174396e-05
1888.28,1.0715453270315113e-05
1888.29,1.086403648696233e-05
1888.3,1.0894295361776208e-05
1888.31,1.0812455895379843e-05
1888.32,1.0630225954746099e-05
1888.33,1.0417709445087641e-05
1888.34,1.0195353099707652e-05
1888.35,9.990879499439537e-06
1888.36,9.821696366859372e-06
1888.37,9.69677931784663e-06
1888.38,9.61944547119378e-06
1888.39,9.589752051777921e-06
1888.4,9.606169585721995e-06
1888.41,9.666630149408542e-06
1888.42,9.769108008631784e-06
1888.43,9.91185833096526e-06
1888.44,1.0093405187228326e-05
1888.45,1.0312369475280187e-05
1888.46,1.0564887368801193e-05
1888.47,1.085444774929086e-05
1888.48,1.1178026149028645e-05
1888.49,1.153701830712881e-05
1888.5,1.1973867498187185e-05
1888.51,1.2416581910666135e-05
1888.52,1.2909947861327428e-05
1888.53,1.346017897707485e-05
1888.54,1.407325857159018e-05
1888.55,1.475488996717681e-05
1888.56,1.5545860687176394e-05
1888.57,1.638086095255889e-05
1888.58,1.730138251310207e-05
1888.59,1.8316846466581942e-05
1888.6,1.944197421731563e-05
1888.61,2.06974215200115e-05
1888.62,2.2108632108781553e-05
1888.63,2.370420791734039e-05
1888.64,2.551488968237005e-05
1888.65,2.7725115502446647e-05
1888.66,3.006349240359322e-05
1888.67,3.2710692487171064e-05
1888.68,3.568936190043979e-05
1888.69,3.901114850990616e-05
1888.7,4.268166274013662e-05
1888.71,4.671588156341927e-05
1888.72,5.1168553105428085e-05
1888.73,5.6164646351261074e-05
1888.74,6.191101189549641e-05
1888.75,6.86855370002665e-05
1888.76,7.681936441310676e-05
1888.77,8.668867157788607e-05
1888.78,9.871676314772104e-05
1888.79,0.00011337350051416469
1888.8,0.00013114867010865266
1888.81,0.00015246765451818058
1888.82,0.0001774980354255611
1888.83,0.00020579281639571345
1888.84,0.00023575374904774373
1888.85,0.00026413094752751186
1888.86,0.0002860853187230202
1888.87,0.00029654096128606933
1888.88,0.00029264220905413665
1888.89,0.0002755162258298871
1888.9,0.0002495828056629137
1888.91,0.0002201075155279122
1888.92,0.00019117288610038865
1888.93,0.0001650783266268754
1888.94,0.0001426516903531688
1888.95,0.00012402302452531574
1888.96,0.00010879764150843166
1888.97,9.651051724202083e-05
1888.98,8.670942385664324e-05
1888.99,7.900750530908833e-05
1889.0,7.309797233618986e-05
1889.01,6.87525292999428e-05
1889.02,6.581359614366182e-05
1889.03,6.418433652085566e-05
1889.04,6.381653888976108e-05
1889.05,6.469341592891314e-05
1889.06,6.680095945799001e-05
1889.07,7.007802002151788e-05
1889.08,7.433536121941118e-05
1889.09,7.914690877668752e-05
1889.1,8.375750195660468e-05
1889.11,8.711542940940661e-05
1889.12,8.81489340553073e-05
1889.13,8.623534538048988e-05
1889.14,8.153682703658536e-05
1889.15,7.489331846404392e-05
1889.16,6.737534503308832e-05
1889.17,5.987308681393732e-05
1889.18,5.2934877527257034e-05
1889.19,4.680459429829416e-05
1889.2,4.150524133260177e-05
1889.21,3.7022888302602576e-05
1889.22,3.324147029732158e-05
1889.23,3.005311637530775e-05
1889.24,2.7360320471761354e-05
1889.25,2.5079045825035195e-05
1889.26,2.3139465690438055e-05
1889.27,2.148475259938418e-05
1889.28,2.006913246869888e-05
1889.29,1.8856095723442255e-05
1889.3,1.781670733820454e-05
1889.31,1.6928152423893122e-05
1889.32,1.6172736278731323e-05
1889.33,1.553694891586819e-05
1889.34,1.5010813858704864e-05
1889.35,1.4587393290533874e-05
1889.36,1.4262407533295764e-05
1889.37,1.4033805581507335e-05
1889.38,1.3900983544075459e-05
1889.39,1.3863266608728019e-05
1889.4,1.391723710412374e-05
1889.41,1.4052506566013907e-05
1889.42,1.424607733418094e-05
1889.43,1.4456856617827704e-05
1889.44,1.4624974666149365e-05
1889.45,1.4681951198800276e-05
1889.46,1.4573256719225604e-05
1889.47,1.4282591983784251e-05
1889.48,1.383974564223069e-05
1889.49,1.3305218500803028e-05
1889.5,1.2744374015685268e-05
1889.51,1.2208318484784473e-05
1889.52,1.1727701747576997e-05
1889.53,1.1315157128917764e-05
1889.54,1.0970577457385245e-05
1889.55,1.0687462801049087e-05
1889.56,1.0451109138609805e-05
1889.57,1.0250897739813024e-05
1889.58,1.0078083839195168e-05
1889.59,9.92803863446916e-06
1889.6,9.799740786449305e-06
1889.61,9.693683871375297e-06
1889.62,9.61042623377755e-06
1889.63,9.550005589132743e-06
1889.64,9.512111579312572e-06
1889.65,9.496362565783073e-06
1889.66,9.502431688252529e-06
1889.67,9.510616771377735e-06
1889.68,9.559707992996204e-06
1889.69,9.630413221019326e-06
1889.7,9.723136749440432e-06
1889.71,9.83904432157191e-06
1889.72,9.979487840513148e-06
1889.73,1.0145978998774858e-05
1889.74,1.034015263424947e-05
1889.75,1.0563765636680963e-05
1889.76,1.0818533718460907e-05
1889.77,1.1105599054409642e-05
1889.78,1.1424283550414774e-05
1889.79,1.1770016729114966e-05
1889.8,1.2132038131110225e-05
1889.81,1.2492236319175556e-05
1889.82,1.2826975051974803e-05
1889.83,1.3112797324824246e-05
1889.84,1.3334501655350069e-05
1889.85,1.3491476080733723e-05
1889.86,1.3598400077031863e-05
1889.87,1.3679645075837406e-05
1889.88,1.3761414297123447e-05
1889.89,1.3865867673931057e-05
1889.9,1.400869264274159e-05
1889.91,1.4199355025275572e-05
1889.92,1.4442523477752409e-05
1889.93,1.4782621278264046e-05
1889.94,1.5136012125724458e-05
1889.95,1.5589028352861755e-05
1889.96,1.6058822109933333e-05
1889.97,1.659657813889163e-05
1889.98,1.7204888626823997e-05
1889.99,1.7888515545254486e-05
1890.0,1.8651970311137992e-05
1890.01,1.9500136498301387e-05
1890.02,2.0439473280053683e-05
1890.03,2.1479238529219406e-05
1890.04,2.2632190910032316e-05
1890.05,2.3914580363462043e-05
1890.06,2.5345399577864844e-05
1890.07,2.694650014764741e-05
1890.08,2.8942365961967353e-05
1890.09,3.096390988235671e-05
1890.1,3.324419904239224e-05
1890.11,3.582482029359105e-05
1890.12,3.875499541240091e-05
1890.13,4.2091938650530655e-05
1890.14,4.590095378462848e-05
1890.15,5.0255984116061855e-05
1890.16,5.523852870787436e-05
1890.17,6.093833293072244e-05
1890.18,6.745721279592285e-05
1890.19,7.492244982103564e-05
1890.2,8.351339290018919e-05
1890.21,9.349558623505975e-05
1890.22,0.00010524638071390324
1890.23,0.00011925877564638421
1890.24,0.00013612442338012504
1890.25,0.00015649923714534955
1890.26,0.00018103469790051884
1890.27,0.00021022608833964863
1890.28,0.00024409576416637425
1890.29,0.0002816650025328857
1890.3,0.000320247456172852
1890.31,0.00035498782469530485
1890.32,0.0003794797619493049
1890.33,0.00038807088574511307
1890.34,0.0003788372919394998
1890.35,0.0003547310329848389
1890.36,0.00032179710165007515
1890.37,0.00028623037585793365
1890.38,0.0002524978389480245
1890.39,0.00022301922179315112
1890.4,0.00019868827547788853
1890.41,0.00017952086779208162
1890.42,0.00016512193276191126
1890.43,0.0001548712144315632
1890.44,0.00014824261279355953
1890.45,0.00014438622670606428
1890.46,0.00014226753541865447
1890.47,0.00014055066745670763
1890.48,0.00013775492953995854
1890.49,0.00013269152531495223
1890.5,0.00012495488596704442
1890.51,0.00011505178839206052
1890.52,0.00010403480657241212
1890.53,9.296977057363892e-05
1890.54,8.260663661571613e-05
1890.55,7.332332699667304e-05
1890.56,6.522856413618059e-05
1890.57,5.826674442607129e-05
1890.58,5.2314816102638526e-05
1890.59,4.7231632282633344e-05
1890.6,4.2882699148242976e-05
1890.61,3.914956551757745e-05
1890.62,3.593163027227092e-05
1890.63,3.314502468911812e-05
1890.64,3.072033224838364e-05
1890.65,2.8600236172584843e-05
1890.66,2.673740501436933e-05
1890.67,2.506603638616069e-05
1890.68,2.360808699629554e-05
1890.69,2.2310844935127085e-05
1890.7,2.115343566406777e-05
1890.71,2.0116180752878267e-05
1890.72,1.918884806780735e-05
1890.73,1.8356044006942196e-05
1890.74,1.760663193422164e-05
1890.75,1.6931706267685965e-05
1890.76,1.6324610634478727e-05
1890.77,1.5780592558058575e-05
1890.78,1.529612777491668e-05
1890.79,1.4868436304737733e-05
1890.8,1.44955233545056e-05
1890.81,1.4176381468086338e-05
1890.82,1.3911104704083426e-05
1890.83,1.37007920993138e-05
1890.84,1.3547352699736082e-05
1890.85,1.3453353770601184e-05
1890.86,1.3421759018328667e-05
1890.87,1.3455388291169135e-05
1890.88,1.3555671398944582e-05
1890.89,1.3720212887848755e-05
1890.9,1.3938954171955707e-05
1890.91,1.418946090347918e-05
1890.92,1.4433320907573088e-05
1890.93,1.4617479731205238e-05
1890.94,1.4684951004228936e-05
1890.95,1.459447135346947e-05
1890.96,1.4339068745953674e-05
1890.97,1.3949679938093785e-05
1890.98,1.3480320857095807e-05
1890.99,1.2987937044761425e-05
1891.0,1.251308996815651e-05
1891.01,1.2082766955030676e-05
1891.02,1.1708523661173008e-05
1891.03,1.1369288453145647e-05
1891.04,1.110858051507143e-05
1891.05,1.0897548218410429e-05
1891.06,1.073019100327074e-05
1891.07,1.060100879430906e-05
1891.08,1.0505342307359775e-05
1891.09,1.0439231470159462e-05
1891.1,1.0399116637445777e-05
1891.11,1.038208425113343e-05
1891.12,1.0386190490000181e-05
1891.13,1.041064005665862e-05
1891.14,1.0455515204253734e-05
1891.15,1.052115666717898e-05
1891.16,1.0607656179786107e-05
1891.17,1.0714527845899217e-05
1891.18,1.0840924050911465e-05
1891.19,1.0985768114103366e-05
1891.2,1.114826242104262e-05
1891.21,1.1328122694856722e-05
1891.22,1.1525553191976609e-05
1891.23,1.1741054115235964e-05
1891.24,1.197387604085391e-05
1891.25,1.2222563052182279e-05
1891.26,1.2486520336278002e-05
1891.27,1.2767623653033743e-05
1891.28,1.307042707493709e-05
1891.29,1.3400633940217624e-05
1891.3,1.3805189172522317e-05
1891.31,1.4203785243483681e-05
1891.32,1.4639829143260437e-05
1891.33,1.5113277079537177e-05
1891.34,1.5622055107658753e-05
1891.35,1.6161383787150494e-05
1891.36,1.6723712467001502e-05
1891.37,1.73001331672329e-05
1891.38,1.7883138658494776e-05
1891.39,1.8470584283232153e-05
1891.4,1.906753826584328e-05
1891.41,1.973108784084524e-05
1891.42,2.0389250221118914e-05
1891.43,2.110426304728313e-05
1891.44,2.1892617757515094e-05
1891.45,2.2768841276677424e-05
1891.46,2.3745689144063e-05
1891.47,2.4832809760727414e-05
1891.48,2.6046769414430766e-05
1891.49,2.7398252521825388e-05
1891.5,2.8901935500552054e-05
1891.51,3.057477168244251e-05
1891.52,3.269542965428583e-05
1891.53,3.477332801843842e-05
1891.54,3.709514302505806e-05
1891.55,3.969729180753717e-05
1891.56,4.2623735757519514e-05
1891.57,4.592702255188201e-05
1891.58,4.9675362067117235e-05
1891.59,5.393456556113416e-05
1891.6,5.880170193201185e-05
1891.61,6.43883710351525e-05
1891.62,7.083063255259732e-05
1891.63,7.829322068979306e-05
1891.64,8.697669556597034e-05
1891.65,9.712356461774874e-05
1891.66,0.00010902683825330125
1891.67,0.00012304216987849595
1891.68,0.0001396062888762309
1891.69,0.0001592617295699405
1891.7,0.0001826758123427261
1891.71,0.00021062429647470798
1891.72,0.00024389082764518519
1891.73,0.0002830153054001559
1891.74,0.0003278368396165978
1891.75,0.0003767822195648399
1891.76,0.0004260898471910031
1891.77,0.0004695851045246741
1891.78,0.0004999506703002364
1891.79,0.0005116544610721489
1891.8,0.0005037310866723693
1891.81,0.0004800177961383719
1891.82,0.00044681043413410135
1891.83,0.00041006185071874217
1891.84,0.0003737052007006957
1891.85,0.00033933865070122176
1891.86,0.00030690506541990696
1891.87,0.00027582794362499105
1891.88,0.0002459218920183015
1891.89,0.00021760958382847147
1891.9,0.00019157410557994877
1891.91,0.00016834356397360143
1891.92,0.000148114917514338
1891.93,0.0001307096834047126
1891.94,0.00011602882323766373
1891.95,0.00010364955455915052
1891.96,9.322813374210895e-05
1891.97,8.44442486532586e-05
1891.98,7.700868888597012e-05
1891.99,7.066068855629421e-05
1892.0,6.516482651701347e-05
1892.01,6.031425227796549e-05
1892.02,5.594237403650979e-05
1892.03,5.19357542917634e-05
1892.04,4.8233259154930714e-05
1892.05,4.4815965759197464e-05
1892.06,4.168293247595003e-05
1892.07,3.8833948191271585e-05
1892.08,3.6260939332769786e-05
1892.09,3.394734415378372e-05
1892.1,3.187073657525204e-05
1892.11,3.0006387405039662e-05
1892.12,2.833020307044972e-05
1892.13,2.6820540918627145e-05
1892.14,2.545853835564662e-05
1892.15,2.4197039977660436e-05
1892.16,2.3083957780803997e-05
1892.17,2.2075782409934304e-05
1892.18,2.115982883576526e-05
1892.19,2.0329811772471456e-05
1892.2,1.9575791237876147e-05
1892.21,1.8891270716018497e-05
1892.22,1.8268218067308394e-05
1892.23,1.7699472582291135e-05
1892.24,1.7184326971559434e-05
1892.25,1.6716349615576497e-05
1892.26,1.62923964797008e-05
1892.27,1.5910315692258656e-05
1892.28,1.556906095280717e-05
1892.29,1.5268317250318315e-05
1892.3,1.500833118223233e-05
1892.31,1.4789803989379787e-05
1892.32,1.4613895747086948e-05
1892.33,1.4482317462874408e-05
1892.34,1.4397152387306556e-05
1892.35,1.4361013315665714e-05
1892.36,1.4376538595561761e-05
1892.37,1.4445856368094532e-05
1892.38,1.4569342060063309e-05
1892.39,1.4744489420907704e-05
1892.4,1.4931522232542236e-05
1892.41,1.516410904680199e-05
1892.42,1.5379658711246206e-05
1892.43,1.5532685272532153e-05
1892.44,1.557979111515244e-05
1892.45,1.5493163279844014e-05
1892.46,1.5277758200405484e-05
1892.47,1.4965853976124524e-05
1892.48,1.4603105571786516e-05
1892.49,1.4232476921617443e-05
1892.5,1.388492942374794e-05
1892.51,1.357817744073755e-05
1892.52,1.3319667656160856e-05
1892.53,1.3110177516393573e-05
1892.54,1.2946800854544364e-05
1892.55,1.2824923187818862e-05
1892.56,1.2741047082865807e-05
1892.57,1.2689202758261581e-05
1892.58,1.2667470487687408e-05
1892.59,1.2673372629318657e-05
1892.6,1.2704676840006472e-05
1892.61,1.2759591854430473e-05
1892.62,1.2836878308965299e-05
1892.63,1.2936030709803652e-05
1892.64,1.3056967466989805e-05
1892.65,1.3199762361371858e-05
1892.66,1.3364543987129213e-05
1892.67,1.3551478330218805e-05
1892.68,1.3804794620567566e-05
1892.69,1.4037190884638431e-05
1892.7,1.4292977739306781e-05
1892.71,1.4572980058735587e-05
1892.72,1.4878244673579673e-05
1892.73,1.5211213863190902e-05
1892.74,1.5570981344914383e-05
1892.75,1.59602794896896e-05
1892.76,1.638084734090887e-05
1892.77,1.683459130943309e-05
1892.78,1.732363693680753e-05
1892.79,1.7851483549881897e-05
1892.8,1.8421376300648572e-05
1892.81,1.9037327329258134e-05
1892.82,1.970374961333152e-05
1892.83,2.042545695368002e-05
1892.84,2.1207655521014686e-05
1892.85,2.2056049957029755e-05
1892.86,2.3022501508523712e-05
1892.87,2.40223131461429e-05
1892.88,2.5107431800524507e-05
1892.89,2.6284532153832205e-05
1892.9,2.7559371803142105e-05
1892.91,2.8938488226573597e-05
1892.92,3.0424213275732434e-05
1892.93,3.2023616577238696e-05
1892.94,3.3745978231403646e-05
1892.95,3.560709805914493e-05
1892.96,3.7631336559001764e-05
1892.97,4.0179595721929376e-05
1892.98,4.2636020398991574e-05
1892.99,4.536769613817687e-05
1893.0,4.842558125537839e-05
1893.01,5.1859602997099904e-05
1893.02,5.5729270187147464e-05
1893.03,6.0104393270922676e-05
1893.04,6.506834863218713e-05
1893.05,7.072198795730611e-05
1893.06,7.71884762994682e-05
1893.07,8.461917031618017e-05
1893.08,9.320101254197958e-05
1893.09,0.00010316548632762042
1893.1,0.00011480112181595396
1893.11,0.0001284622294660979
1893.12,0.00014459341842142738
1893.13,0.00016374302935372433
1893.14,0.00018658245585478634
1893.15,0.00021391727116927022
1893.16,0.0002466785145741731
1893.17,0.0002858630103510532
1893.18,0.00033238215649730285
1893.19,0.00038672058235345524
1893.2,0.00044830653215558255
1893.21,0.0005145485012938736
1893.22,0.0005798160031202254
1893.23,0.0006352749820936873
1893.24,0.0006708673617923126
1893.25,0.0006794373164574367
1893.26,0.0006603860585441967
1893.27,0.0006194258629148091
1893.28,0.0005649753924739323
1893.29,0.0005046854826317846
1893.3,0.0004441244809281662
1893.31,0.0003869337215421096
1893.32,0.0003352319652220555
1893.33,0.0002899390522279865
1893.34,0.0002511003710441161
1893.35,0.0002182279282514403
1893.36,0.0001905881093149014
1893.37,0.00016739381315045837
1893.38,0.00014790863663260377
1893.39,0.00013148973015777573
1893.4,0.00011759731715468621
1893.41,0.0001057876948825942
1893.42,9.570056116263862e-05
1893.43,8.693070892727024e-05
1893.44,7.94713011399305e-05
1893.45,7.301835889865787e-05
1893.46,6.741896799962518e-05
1893.47,6.25496191856723e-05
1893.48,5.831075366825817e-05
1893.49,5.462221108636321e-05
1893.5,5.1421023708397524e-05
1893.51,4.865347978867768e-05
1893.52,4.627928934525995e-05
1893.53,4.426382484300724e-05
1893.54,4.257543260350399e-05
1893.55,4.1180740088724634e-05
1893.56,4.003825655651278e-05
1893.57,3.909107420627606e-05
1893.58,3.826025094872134e-05
1893.59,3.744469952065583e-05
1893.6,3.6536046769451244e-05
1893.61,3.544850709029049e-05
1893.62,3.415100472265354e-05
1893.63,3.267667482677056e-05
1893.64,3.1068164416141605e-05
1893.65,2.9483104819599203e-05
1893.66,2.7957449504296964e-05
1893.67,2.6535911182430237e-05
1893.68,2.52391905358241e-05
1893.69,2.4071998233802666e-05
1893.7,2.3029525493630658e-05
1893.71,2.210367105369003e-05
1893.72,2.1281259012079974e-05
1893.73,2.0552527103120848e-05
1893.74,1.9907084026084384e-05
1893.75,1.933550264799235e-05
1893.76,1.8827316628893387e-05
1893.77,1.8379187428832588e-05
1893.78,1.795205632719761e-05
1893.79,1.760478174954574e-05
1893.8,1.7303643201256115e-05
1893.81,1.704767243066116e-05
1893.82,1.6835773051915993e-05
1893.83,1.667026906966859e-05
1893.84,1.6550574900270312e-05
1893.85,1.647734315348348e-05
1893.86,1.6451383735239384e-05
1893.87,1.647330329048198e-05
1893.88,1.6543538511351153e-05
1893.89,1.665889105363865e-05
1893.9,1.681413421528671e-05
1893.91,1.6996710892800116e-05
1893.92,1.7184746008846006e-05
1893.93,1.7346439100311548e-05
1893.94,1.744684470586597e-05
1893.95,1.7455385821071107e-05
1893.96,1.736433011279234e-05
1893.97,1.718847129490605e-05
1893.98,1.695963635150564e-05
1893.99,1.6713470581675333e-05
1894.0,1.6479277659330365e-05
1894.01,1.6276038784181346e-05
1894.02,1.6113347249559334e-05
1894.03,1.599457826359795e-05
1894.04,1.591951231405262e-05
1894.05,1.5886391530858092e-05
1894.06,1.5892907822411066e-05
1894.07,1.598162857255918e-05
1894.08,1.606049546704742e-05
1894.09,1.617229147651098e-05
1894.1,1.631543560634277e-05
1894.11,1.6488769546659247e-05
1894.12,1.669152732702405e-05
1894.13,1.6923340734675545e-05
1894.14,1.718419393404287e-05
1894.15,1.74743946424788e-05
1894.16,1.779453419677546e-05
1894.17,1.814655905053739e-05
1894.18,1.8529711488024534e-05
1894.19,1.8946406127683486e-05
1894.2,1.939839389788328e-05
1894.21,1.9887618583549056e-05
1894.22,2.041646908318007e-05
1894.23,2.0987565017881685e-05
1894.24,2.1603881098315588e-05
1894.25,2.226877748271797e-05
1894.26,2.2985999792487987e-05
1894.27,2.3758924283307326e-05
1894.28,2.45938749681282e-05
1894.29,2.549536421960754e-05
1894.3,2.6469460406126374e-05
1894.31,2.7523107188958404e-05
1894.32,2.8710297180462142e-05
1894.33,2.9948470602196357e-05
1894.34,3.129361192696967e-05
1894.35,3.2757428808997254e-05
1894.36,3.435326686509599e-05
1894.37,3.609640381062857e-05
1894.38,3.800440069799783e-05
1894.39,4.009751949290507e-05
1894.4,4.239922354347086e-05
1894.41,4.493677903409859e-05
1894.42,4.7742839000817414e-05
1894.43,5.1264598361022374e-05
1894.44,5.472601671971936e-05
1894.45,5.85879185135556e-05
1894.46,6.2911806276324e-05
1894.47,6.77712304904132e-05
1894.48,7.325493250908534e-05
1894.49,7.947050078219269e-05
1894.5,8.654925877919405e-05
1894.51,9.465198387898146e-05
1894.52,0.00010397391758078334
1894.53,0.00011476017287423869
1894.54,0.00012730358910641477
1894.55,0.00014196219765753954
1894.56,0.00015916460432184395
1894.57,0.0001794122672276641
1894.58,0.00020326699183215855
1894.59,0.00023131190471106146
1894.6,0.0002640686912407138
1894.61,0.00030187499555185964
1894.62,0.0003447516843690275
1894.63,0.00039237166901244915
1894.64,0.0004442385069135729
1894.65,0.000499972132019556
1894.66,0.0005592167066795661
1894.67,0.0006206558260830596
1894.68,0.0006803599136842803
1894.69,0.0007307855246796621
1894.7,0.0007621676803961203
1894.71,0.0007667925030815861
1894.72,0.0007435336238124734
1894.73,0.0006985338533838331
1894.74,0.0006413462139507145
1894.75,0.0005802330747586948
1894.76,0.000520018210898367
1894.77,0.0004626750182470214
1894.78,0.0004089336020620046
1894.79,0.0003593765790186293
1894.8,0.00031462633551187385
1894.81,0.0002750951856830792
1894.82,0.00024081142367892545
1894.83,0.00021145466611220852
1894.84,0.00018649547013268404
1894.85,0.00016533121925523054
1894.86,0.0001473751305265037
1894.87,0.00013210089956317434
1894.88,0.0001190662636481541
1894.89,0.00010787744157363865
1894.9,9.823303006208285e-05
1894.91,8.987942380344602e-05
1894.92,8.2609571701558e-05
1894.93,7.610317809309362e-05
1894.94,7.052572057184111e-05
1894.95,6.561024917012589e-05
1894.96,6.126403799498796e-05
1894.97,5.7410119973042325e-05
1894.98,5.3984884586397564e-05
1894.99,5.093557568134806e-05
1895.0,4.8218398770364695e-05
1895.01,4.57970037410917e-05
1895.02,4.364133328156437e-05
1895.03,4.1726660555009176e-05
1895.04,4.003316948250377e-05
1895.05,3.8545011731440964e-05
1895.06,3.725031382461713e-05
1895.07,3.614068609449421e-05
1895.08,3.521112197460909e-05
1895.09,3.4459831719668516e-05
1895.1,3.388804370748822e-05
1895.11,3.349923471767783e-05
1895.12,3.329803353775634e-05
1895.13,3.324857216494257e-05
1895.14,3.342406609846272e-05
1895.15,3.3766038605687056e-05
1895.16,3.4228112596595925e-05
1895.17,3.472562405929667e-05
1895.18,3.509694846417962e-05
1895.19,3.526087899143391e-05
1895.2,3.5048588622678384e-05
1895.21,3.439842607631825e-05
1895.22,3.334957397406342e-05
1895.23,3.2020288567082686e-05
1895.24,3.0559244295236536e-05
1895.25,2.9095717450868106e-05
1895.26,2.7717660918480703e-05
1895.27,2.6471990675852745e-05
1895.28,2.5375609395297584e-05
1895.29,2.442731023129992e-05
1895.3,2.3615559389807902e-05
1895.31,2.2929805685032396e-05
1895.32,2.2355177705926107e-05
1895.33,2.187967656185214e-05
1895.34,2.149323970985154e-05
1895.35,2.1187872246827994e-05
1895.36,2.0957395369595376e-05
1895.37,2.0797061426944952e-05
1895.38,2.0703017061596806e-05
1895.39,2.0671494160973808e-05
1895.4,2.0697643424846015e-05
1895.41,2.0773913967861415e-05
1895.42,2.0888282971927483e-05
1895.43,2.102281922159332e-05
1895.44,2.11538432622214e-05
1895.45,2.125500211589961e-05
1895.46,2.1348768185858047e-05
1895.47,2.1336146310418866e-05
1895.48,2.1268571901946855e-05
1895.49,2.116690539926633e-05
1895.5,2.1056874581196438e-05
1895.51,2.0963770630559744e-05
1895.52,2.090287176551455e-05
1895.53,2.088439576713575e-05
1895.54,2.091274036675055e-05
1895.55,2.098890316641498e-05
1895.56,2.111202577894861e-05
1895.57,2.1280606500912385e-05
1895.58,2.149324343632893e-05
1895.59,2.1748869206625606e-05
1895.6,2.2046599627493893e-05
1895.61,2.2386055327188447e-05
1895.62,2.2767464408484715e-05
1895.63,2.31916585078263e-05
1895.64,2.365982137616988e-05
1895.65,2.417343313420292e-05
1895.66,2.4734392615954163e-05
1895.67,2.5345286554235976e-05
1895.68,2.6009227772752277e-05
1895.69,2.672967579303624e-05
1895.7,2.751042056304476e-05
1895.71,2.835595778498405e-05
1895.72,2.9271778352248666e-05
1895.73,3.0263924838807863e-05
1895.74,3.133925123072158e-05
1895.75,3.250522834838935e-05
1895.76,3.377055194410866e-05
1895.77,3.514540824984017e-05
1895.78,3.66843967557831e-05
1895.79,3.831541092320347e-05
1895.8,4.009596957622382e-05
1895.81,4.204379455126503e-05
1895.82,4.417865949519077e-05
1895.83,4.652495288726664e-05
1895.84,4.9110392862657766e-05
1895.85,5.196725724767894e-05
1895.86,5.513348349925156e-05
1895.87,5.865434492761891e-05
1895.88,6.258406974420268e-05
1895.89,6.749311834397397e-05
1895.9,7.24506850191897e-05
1895.91,7.80523240058017e-05
1895.92,8.441055051744812e-05
1895.93,9.166186270952795e-05
1895.94,9.997094256773342e-05
1895.95,0.00010953437188423358
1895.96,0.00012058264586606917
1895.97,0.00013337759684601316
1895.98,0.00014819930219860442
1895.99,0.0001653123904278885
1896.0,0.00018489875651664665
1896.01,0.00020694796219540828
1896.02,0.000231122143419058
1896.03,0.0002566722945555919
1896.04,0.0002825651451336606
1896.05,0.0003079473362075189
1896.06,0.00033282090953230554
1896.07,0.0003584702383104717
1896.08,0.00038727137208457405
1896.09,0.0004220530678073993
1896.1,0.0004654279759834257
1896.11,0.000519303859088015
1896.12,0.0005843586009385977
1896.13,0.0006591923812113925
1896.14,0.0007390884093647938
1896.15,0.000814946909464285
1896.16,0.0008738543338132816
1896.17,0.0009028619368177601
1896.18,0.0008951150464947439
1896.19,0.0008538250423456139
1896.2,0.0007902521570274139
1896.21,0.0007176086469100176
1896.22,0.0006459261335023372
1896.23,0.0005803198715945252
1896.24,0.0005218154739339633
1896.25,0.00046918482089353824
1896.26,0.0004207669685743927
1896.27,0.00037563072641401364
1896.28,0.0003337841628794503
1896.29,0.00029571167695630735
1896.3,0.0002618328553156636
1896.31,0.00023224141162983005
1896.32,0.0002067115944035259
1896.33,0.00018481908028645237
1896.34,0.0001660659936803801
1896.35,0.0001499692312140179
1896.36,0.0001361072760917203
1896.37,0.00012413305040019174
1896.38,0.00011376533289629608
1896.39,0.00010477204824151853
1896.4,9.695445286566303e-05
1896.41,9.013572004055172e-05
1896.42,8.395621102052071e-05
1896.43,7.866598138965022e-05
1896.44,7.393702239803908e-05
1896.45,6.966827452663612e-05
1896.46,6.57914835248478e-05
1896.47,6.226999831552143e-05
1896.48,5.9086862237897864e-05
1896.49,5.623186583785409e-05
1896.5,5.369205352561795e-05
1896.51,5.144693356071997e-05
1896.52,4.9476776935444405e-05
1896.53,4.7720319939521074e-05
1896.54,4.613836362512778e-05
1896.55,4.467849599497501e-05
1896.56,4.3296571454775414e-05
1896.57,4.196908939441119e-05
1896.58,4.0698778106149326e-05
1896.59,3.947047845198075e-05
1896.6,3.839297725599158e-05
1896.61,3.745570011377537e-05
1896.62,3.667797186529567e-05
1896.63,3.6027574445012316e-05
1896.64,3.558873980347468e-05
1896.65,3.5311012144300174e-05
1896.66,3.5176671647893454e-05
1896.67,3.5159522779309554e-05
1896.68,3.523032184353509e-05
1896.69,3.5368422490721543e-05
1896.7,3.5575182512659944e-05
1896.71,3.587949321039224e-05
1896.72,3.6329623730478776e-05
1896.73,3.6974289409539216e-05
1896.74,3.784296590739457e-05
1896.75,3.892598099689404e-05
1896.76,4.015674678583849e-05
1896.77,4.1399405879113055e-05
1896.78,4.2455720591798646e-05
1896.79,4.310753571827691e-05
1896.8,4.319007157783009e-05
1896.81,4.2658635464285085e-05
1896.82,4.159686919148112e-05
1896.83,4.016654524430578e-05
1896.84,3.854345465440964e-05
1896.85,3.687729840637547e-05
1896.86,3.532882444997932e-05
1896.87,3.388880144751067e-05
1896.88,3.264642360779404e-05
1896.89,3.162251069687375e-05
1896.9,3.0820296780507206e-05
1896.91,3.023219093454891e-05
1896.92,2.9844541919995743e-05
1896.93,2.9639507269167323e-05
1896.94,2.9594130199569423e-05
1896.95,2.967730322280109e-05
1896.96,2.9846449645508254e-05
1896.97,3.0047129223846476e-05
1896.98,3.0219477040651027e-05
1896.99,3.0312952769659755e-05
1897.0,3.030395332337722e-05
1897.01,3.020526416637875e-05
1897.02,3.0059008536769705e-05
1897.03,2.9918119184812502e-05
1897.04,2.9828994060790242e-05
1897.05,2.9823421651169044e-05
1897.06,2.9919079196106378e-05
1897.07,3.0124113017497513e-05
1897.08,3.0442005449818745e-05
1897.09,3.087485237203971e-05
1897.1,3.142417694366052e-05
1897.11,3.208980581569642e-05
1897.12,3.286757915276491e-05
1897.13,3.3746443825278936e-05
1897.14,3.470587651069965e-05
1897.15,3.571531965700948e-05
1897.16,3.6741146401773665e-05
1897.17,3.7759303112620705e-05
1897.18,3.876916690178355e-05
1897.19,3.979729728197671e-05
1897.2,4.0887933252457833e-05
1897.21,4.208822008973161e-05
1897.22,4.3439535821280746e-05
1897.23,4.4973635141651605e-05
1897.24,4.671638693752877e-05
1897.25,4.8734035768743766e-05
1897.26,5.0965746893197955e-05
1897.27,5.3481611062421446e-05
1897.28,5.631394514288519e-05
1897.29,5.949715160448648e-05
1897.3,6.308168135438871e-05
1897.31,6.711275459877353e-05
1897.32,7.164321436707157e-05
1897.33,7.672964444953782e-05
1897.34,8.243564570754053e-05
1897.35,8.945094341642593e-05
1897.36,9.667594938398028e-05
1897.37,0.00010487848978676236
1897.38,0.00011426923470249916
1897.39,0.00012508765605825684
1897.4,0.00013756629024100784
1897.41,0.00015187631800538364
1897.42,0.00016804331271178948
1897.43,0.00018582493732934523
1897.44,0.00020457817855439546
1897.45,0.00022321162835692776
1897.46,0.0002403849707721772
1897.47,0.00025503600248035364
1897.48,0.0002670151180102456
1897.49,0.00027735833404556265
1897.5,0.00028796949716927033
1897.51,0.0003010093311772022
1897.52,0.000318448939217194
1897.53,0.00034195328329890564
1897.54,0.0003729849706461495
1897.55,0.0004129601210341075
1897.56,0.00046333863210261476
1897.57,0.0005255578517979337
1897.58,0.0006006953158850804
1897.59,0.0006887079919499636
1897.6,0.0007871202644808411
1897.61,0.0008892959887060269
1897.62,0.000983177778490664
1897.63,0.0010524167757953876
1897.64,0.0010815938077579268
1897.65,0.0010638209329290843
1897.66,0.001004832925927122
1897.67,0.0009196354074961771
1897.68,0.0008249322495837568
1897.69,0.0007333875672527385
1897.7,0.0006519776532537585
1897.71,0.0005829481922847863
1897.72,0.0005254274054839258
1897.73,0.0004768346646413739
1897.74,0.0004340577996411806
1897.75,0.000394493774888398
1897.76,0.0003567458468759442
1897.77,0.00032066701716185084
1897.78,0.00028683280633512713
1897.79,0.0002559127005965096
1897.8,0.00022830718951218196
1897.81,0.0002040802797733339
1897.82,0.00018304532564699551
1897.83,0.00016488039877457882
1897.84,0.00014921796953954312
1897.85,0.00013569903685780536
1897.86,0.0001239994578088433
1897.87,0.00011383886889678684
1897.88,0.00010498043847370869
1897.89,9.722657602429167e-05
1897.9,9.041338395093714e-05
1897.91,8.414974644225837e-05
1897.92,7.883653956145708e-05
1897.93,7.412451498916883e-05
1897.94,6.993767590160319e-05
1897.95,6.621195031813996e-05
1897.96,6.289059438316555e-05
1897.97,5.991943308597694e-05
1897.98,5.724283468730626e-05
1897.99,5.480245657564929e-05
1898.0,5.249983744664559e-05
1898.01,5.037304520793658e-05
1898.02,4.83552557317053e-05
1898.03,4.644282933502905e-05
1898.04,4.464504553966624e-05
1898.05,4.297346020233894e-05
1898.06,4.1435234085377715e-05
1898.07,4.003135926351375e-05
1898.08,3.875782891587595e-05
1898.09,3.760776624270777e-05
1898.1,3.657329943542872e-05
1898.11,3.564685945468603e-05
1898.12,3.482171069146964e-05
1898.13,3.409247117069813e-05
1898.14,3.3410986365587786e-05
1898.15,3.2862903786815405e-05
1898.16,3.2414218756551175e-05
1898.17,3.2041072559336523e-05
1898.18,3.175561857606287e-05
1898.19,3.1558255265310386e-05
1898.2,3.1448597455704845e-05
1898.21,3.1423638374617234e-05
1898.22,3.1475867800273846e-05
1898.23,3.1592255447237194e-05
1898.24,3.1756620085352625e-05
1898.25,3.19572320941548e-05
1898.26,3.219707827360017e-05
1898.27,3.253956362467929e-05
1898.28,3.294216177989275e-05
1898.29,3.348903835625471e-05
1898.3,3.4221740846064166e-05
1898.31,3.517542750651055e-05
1898.32,3.637704865269411e-05
1898.33,3.784047907125476e-05
1898.34,3.9556259277067324e-05
1898.35,4.147372778704122e-05
1898.36,4.3477824478627335e-05
1898.37,4.537244041506875e-05
1898.38,4.689438622969801e-05
1898.39,4.777967354427705e-05
1898.4,4.786874280441101e-05
1898.41,4.7185380443946775e-05
1898.42,4.592528158776028e-05
1898.43,4.4363031560715584e-05
1898.44,4.2755921726784754e-05
1898.45,4.128206323255404e-05
1898.46,4.003818236197303e-05
1898.47,3.905540311342085e-05
1898.48,3.8320166036533825e-05
1898.49,3.7791329301545956e-05
1898.5,3.74153345739445e-05
1898.51,3.714237730498303e-05
1898.52,3.694134556575154e-05
1898.53,3.6806108525062925e-05
1898.54,3.6749550382123784e-05
1898.55,3.679130191220478e-05
1898.56,3.69480673117161e-05
1898.57,3.7230079507872766e-05
1898.58,3.76419294018159e-05
1898.59,3.818489232628653e-05
1898.6,3.8859117070705576e-05
1898.61,3.966512115060139e-05
1898.62,4.060466664929509e-05
1898.63,4.168135038050948e-05
1898.64,4.29009716607276e-05
1898.65,4.4271914990860596e-05
1898.66,4.580547122018893e-05
1898.67,4.751601023012741e-05
1898.68,4.942099515817329e-05
1898.69,5.1541012928476533e-05
1898.7,5.390008025115141e-05
1898.71,5.656586789091653e-05
1898.72,5.949460964752032e-05
1898.73,6.276740392204092e-05
1898.74,6.643409675383665e-05
1898.75,7.055165899563764e-05
1898.76,7.518414670245242e-05
1898.77,8.040610233202382e-05
1898.78,8.631068468308744e-05
1898.79,9.301964229331662e-05
1898.8,0.00010068859919012784
1898.81,0.00011022005545082759
1898.82,0.00012037365413894564
1898.83,0.00013202849339802612
1898.84,0.0001452853922588406
1898.85,0.00016006067639152578
1898.86,0.0001759800048519805
1898.87,0.00019225114970804655
1898.88,0.000207654820844238
1898.89,0.00022079947921079587
1898.9,0.00023066844976397363
1898.91,0.0002371823054246183
1898.92,0.00024134003730297586
1898.93,0.00024482004694122514
1898.94,0.00024938955356574563
1898.95,0.0002565217361954773
1898.96,0.00026732279234482936
1898.97,0.0002826470339165388
1898.98,0.0003032629233461626
1898.99,0.0003299985484070082
1899.0,0.00036385012566041847
1899.01,0.0004060543461371872
1899.02,0.00045811951417269877
1899.03,0.0005217913023463029
1899.04,0.0005988888546558748
1899.05,0.0006908924956802071
1899.06,0.0007981017221213983
1899.07,0.0009181721203758901
1899.08,0.0010440841853429123
1899.09,0.0011623855003003245
1899.1,0.001253826333117449
1899.11,0.0012987351644882447
1899.12,0.001286105582890465
1899.13,0.0012199444879310015
1899.14,0.001116934189308217
1899.15,0.0009976982279226426
1899.16,0.0008790712458809924
1899.17,0.0007712655888972121
1899.18,0.000678730874187633
1899.19,0.000602160310523456
1899.2,0.0005401685182349813
1899.21,0.0004902931819588351
1899.22,0.00044951105979514235
1899.23,0.00041461645818335104
1899.24,0.00038271272764705795
1899.25,0.00035181479437703105
1899.26,0.0003212006748867714
1899.27,0.00029122059542430293
1899.28,0.0002627097983539116
1899.29,0.00023643477528594066
1899.3,0.00021283053166132085
1899.31,0.00019199493677023773
1899.32,0.00017379361338418076
1899.33,0.00015797096650098732
1899.34,0.00014422805760241572
1899.35,0.00013226735816104497
1899.36,0.00012181570753400705
1899.37,0.00011263632848857958
1899.38,0.00010453367620802296
1899.39,9.702606390515591e-05
1899.4,9.063980248694979e-05
1899.41,8.494392369096794e-05
1899.42,7.984999303306377e-05
1899.43,7.528182264972232e-05
1899.44,7.113009318578414e-05
1899.45,6.742566153579274e-05
1899.46,6.407627585815154e-05
1899.47,6.104044472633121e-05
1899.48,5.82826065772895e-05
1899.49,5.5772213776879486e-05
1899.5,5.348305909635519e-05
1899.51,5.1392491251410026e-05
1899.52,4.948089709982457e-05
1899.53,4.773127898736708e-05
1899.54,4.612877045735008e-05
1899.55,4.466039851653587e-05
1899.56,4.331469965512279e-05
1899.57,4.208169198545216e-05
1899.58,4.0952731641115446e-05
1899.59,3.992085587066393e-05
1899.6,3.898021363526268e-05
1899.61,3.812615077345329e-05
1899.62,3.735448639851572e-05
1899.63,3.666089232010369e-05
1899.64,3.604002032598427e-05
1899.65,3.543887458969868e-05
1899.66,3.493900254707589e-05
1899.67,3.448307106986481e-05
1899.68,3.409767301549405e-05
1899.69,3.370484322253623e-05
1899.7,3.3342722858639e-05
1899.71,3.3016982140898445e-05
1899.72,3.2733176887885334e-05
1899.73,3.249533060000967e-05
1899.74,3.2306188052850546e-05
1899.75,3.2168599106905546e-05
1899.76,3.208589331027396e-05
1899.77,3.2061635227594115e-05
1899.78,3.2099175558940634e-05
1899.79,3.2201926056053325e-05
1899.8,3.238655163460103e-05
1899.81,3.263195884211583e-05
1899.82,3.295690202195943e-05
1899.83,3.336898631416005e-05
1899.84,3.387778183291994e-05
1899.85,3.4495119126207e-05
1899.86,3.523534490123369e-05
1899.87,3.611555176608372e-05
1899.88,3.715621556429337e-05
1899.89,3.838202123733626e-05
1899.9,3.982251487268418e-05
1899.91,4.151120383407873e-05
1899.92,4.348138152379842e-05
1899.93,4.57567729502387e-05
1899.94,4.83354383993068e-05
1899.95,5.116531337728245e-05
1899.96,5.411399365336915e-05
1899.97,5.694625974757145e-05
1899.98,5.933847467891698e-05
1899.99,6.095875489824849e-05
1900.0,6.15995948726515e-05
1900.01,6.12818292252371e-05
1900.02,6.024398847127694e-05
1900.03,5.8830716335390084e-05
1900.04,5.735935838599888e-05
1900.05,5.6054975210733486e-05
1900.06,5.504457838694068e-05
1900.07,5.4383351486013855e-05
1900.08,5.408437980968302e-05
1900.09,5.414055241924147e-05
1900.1,5.453776489036688e-05
1900.11,5.52622675459514e-05
1900.12,5.6304361473814445e-05
1900.13,5.766033897405004e-05
1900.14,5.9331371245748246e-05
1900.15,6.133227914856777e-05
1900.16,6.368000935502501e-05
1900.17,6.64017610768621e-05
1900.18,6.957312650711325e-05
1900.19,7.317649219731945e-05
1900.2,7.731109327922428e-05
1900.21,8.205793766192302e-05
1900.22,8.751441816194698e-05
1900.23,9.380087567887027e-05
1900.24,0.00010105320872547712
1900.25,0.00010942284527242223
1900.26,0.00011906445232839299
1900.27,0.00013010261567298178
1900.28,0.0001434132141357795
1900.29,0.0001571905459948295
1900.3,0.00017182957203222706
1900.31,0.00018648439218273447
1900.32,0.00019992634723480104
1900.33,0.0002108241581016998
1900.34,0.00021827343374822687
1900.35,0.00022228145378118663
1900.36,0.0002238240145350106
1900.37,0.00022442333715293536
1900.38,0.00022562880261926306
1900.39,0.00022864580059903068
1900.4,0.00023431369886772562
1900.41,0.0002431965012693811
1900.42,0.0002557298603022355
1900.43,0.00027234080206066803
1900.44,0.0002935369900438081
1900.45,0.0003199728606760794
1900.46,0.00035250372760870587
1900.47,0.0003922348129551121
1900.48,0.0004405657222805884
1900.49,0.000499220423405131
1900.5,0.0005702345406428654
1900.51,0.0006558489466619384
1900.52,0.0007581813598010639
1900.53,0.0008785178292981636
1900.54,0.0010159627142419649
1900.55,0.0011653193006553972
1900.56,0.0013146221355804988
1900.57,0.0014440402733910008
1900.58,0.0015291321618466159
1900.59,0.0015499213584994566
1900.6,0.0015013219046753543
1900.61,0.0013961753324435234
1900.62,0.001257945379732091
1900.63,0.0011099007173864396
1900.64,0.0009685260245900789
1900.65,0.0008425962620257758
1900.66,0.0007351911890128444
1900.67,0.0006461146259847721
1900.68,0.0005736380348332187
1900.69,0.0005154752805104597
1900.7,0.000469199744066351
1900.71,0.0004323336653329824
1900.72,0.0004023081934786597
1900.73,0.00037648932059278987
1900.74,0.00035243331230748427
1900.75,0.0003283588462703094
1900.76,0.00030354362653360357
1900.77,0.00027829646532122175
1900.78,0.0002534987829961605
1900.79,0.00023006058585373513
1900.8,0.00020860318286606964
1900.81,0.00018939316034666595
1900.82,0.00017242899258842643
1900.83,0.0001575552470863012
1900.84,0.00014454654608178825
1900.85,0.00013316435468924427
1900.86,0.00012318370030984762
1900.87,0.00011399749542727051
1900.88,0.00010624892704077329
1900.89,9.933713631053639e-05
1900.9,9.322733204296174e-05
1900.91,8.777056565307948e-05
1900.92,8.287923214003162e-05
1900.93,7.847955569285853e-05
1900.94,7.450927447887528e-05
1900.95,7.091580018377592e-05
1900.96,6.76538108451771e-05
1900.97,6.468766643365946e-05
1900.98,6.198456022065239e-05
1900.99,5.9517181619423764e-05
1901.0,5.726181160028786e-05
1901.01,5.5197634712579573e-05
1901.02,5.3305967788202095e-05
1901.03,5.156955728328329e-05
1901.04,4.997206917047361e-05
1901.05,4.84981244947971e-05
1901.06,4.713416727123947e-05
1901.07,4.5869745088047756e-05
1901.08,4.4697902470107904e-05
1901.09,4.361409178625633e-05
1901.1,4.264675596497632e-05
1901.11,4.172826604197635e-05
1901.12,4.08863881409879e-05
1901.13,4.011686091513792e-05
1901.14,3.941551197736017e-05
1901.15,3.8777572556024054e-05
1901.16,3.820131986341404e-05
1901.17,3.768244990650985e-05
1901.18,3.71726156399321e-05
1901.19,3.6760989537191344e-05
1901.2,3.639963906276298e-05
1901.21,3.608693179472251e-05
1901.22,3.582156173851858e-05
1901.23,3.560250232074867e-05
1901.24,3.5429048795941154e-05
1901.25,3.530076157555573e-05
1901.26,3.52169322314584e-05
1901.27,3.5177914911021434e-05
1901.28,3.518393534282403e-05
1901.29,3.5235588026045774e-05
1901.3,3.533380029717761e-05
1901.31,3.5479862946203424e-05
1901.32,3.5675469003883744e-05
1901.33,3.592275914862095e-05
1901.34,3.6224371004722485e-05
1901.35,3.658307341183424e-05
1901.36,3.700344803857065e-05
1901.37,3.748938465855755e-05
1901.38,3.8045645478023725e-05
1901.39,3.86772177021826e-05
1901.4,3.9388952767996805e-05
1901.41,4.018523148557216e-05
1901.42,4.1070118105559185e-05
1901.43,4.204907831202392e-05
1901.44,4.314365094847481e-05
1901.45,4.4342166145579564e-05
1901.46,4.568070603033825e-05
1901.47,4.718831030026905e-05
1901.48,4.889884598229551e-05
1901.49,5.0850166150476437e-05
1901.5,5.308382744786147e-05
1901.51,5.5644661350854714e-05
1901.52,5.8576215315174195e-05
1901.53,6.191570907274092e-05
1901.54,6.567775267869063e-05
1901.55,6.98298617433999e-05
1901.56,7.425815191205017e-05
1901.57,7.873561877560475e-05
1901.58,8.29231118530355e-05
1901.59,8.644663204344348e-05
1901.6,8.904077228428724e-05
1901.61,9.069754404898863e-05
1901.62,9.168703932270218e-05
1901.63,9.244088382835809e-05
1901.64,9.342683742542479e-05
1901.65,9.493039606210088e-05
1901.66,9.721919971774593e-05
1901.67,0.00010045048913619027
1901.68,0.00010474188015015331
1901.69,0.00011019699887906232
1901.7,0.00011691885882496376
1901.71,0.00012500569112802888
1901.72,0.00013452534849544128
1901.73,0.00014546254443529926
1901.74,0.00015857561361441914
1901.75,0.000171510688062417
1901.76,0.00018437310991966852
1901.77,0.00019600184230338766
1901.78,0.0002051871420637956
1901.79,0.00021115037714509896
1901.8,0.00021394607261381057
1901.81,0.00021447578284090093
1901.82,0.00021409614028229342
1901.83,0.0002141394071464113
1901.84,0.00021563549512775628
1901.85,0.0002192691510713436
1901.86,0.00022547111112234942
1901.87,0.0002345346805411718
1901.88,0.00024672040510661895
1901.89,0.0002623246059273224
1901.9,0.0002817305509726279
1901.91,0.00030544772703444554
1901.92,0.00033414030076961106
1901.93,0.0003686970216997842
1901.94,0.00041022789992612856
1901.95,0.00046014357208139787
1901.96,0.0005201938682247267
1901.97,0.000592496147430593
1901.98,0.0006795088264008159
1901.99,0.0007838755367038779
1902.0,0.000907994270090146
1902.01,0.0010530972445598524
1902.02,0.0012175493176053646
1902.03,0.0013942753247931292
1902.04,0.0015679743092734757
1902.05,0.0017143604741891886
1902.06,0.0018048826017718143
1902.07,0.0018179266074072659
1902.08,0.0017503005008916977
1902.09,0.0016191281784091898
1902.1,0.0014523166016377118
1902.11,0.0012762811906259464
1902.12,0.0011091431106540874
1902.13,0.0009602263000255678
1902.14,0.0008325572921208217
1902.15,0.0007256263258848903
1902.16,0.0006373486044939564
1902.17,0.0005651836321668457
1902.18,0.0005066637563236968
1902.19,0.0004595859759124175
1902.2,0.0004220044839310127
1902.21,0.00039212348674964447
1902.22,0.000368148170759997
1902.23,0.00034816823601733837
1902.24,0.000330188785584204
1902.25,0.00031239170760949696
1902.26,0.0002935685610294656
1902.27,0.00027341986217988435
1902.28,0.0002524669930198233
1902.29,0.0002316284302588902
1902.3,0.00021177385356276946
1902.31,0.00019348024910678885
1902.32,0.00017701018882843863
1902.33,0.00016238865527508681
1902.34,0.0001495032568934832
1902.35,0.00013763209148541608
1902.36,0.0001276771866232323
1902.37,0.00011890346446382624
1902.38,0.00011114609209739463
1902.39,0.0001042615018010841
1902.4,9.812764114335383e-05
1902.41,9.264167263253268e-05
1902.42,8.771721184843231e-05
1902.43,8.328249093302282e-05
1902.44,7.927408059876873e-05
1902.45,7.564181018827284e-05
1902.46,7.234104980388003e-05
1902.47,6.933405859700276e-05
1902.48,6.658848772591262e-05
1902.49,6.407748141054773e-05
1902.5,6.177557334447724e-05
1902.51,5.9663107252685304e-05
1902.52,5.7749030435935556e-05
1902.53,5.596453430232313e-05
1902.54,5.432258531891893e-05
1902.55,5.2811174452472656e-05
1902.56,5.142064889258784e-05
1902.57,5.0140030656114655e-05
1902.58,4.89618791579166e-05
1902.59,4.787884406421638e-05
1902.6,4.688420270040301e-05
1902.61,4.597171487548839e-05
1902.62,4.513594156545745e-05
1902.63,4.437026302722937e-05
1902.64,4.3670258706489445e-05
1902.65,4.303210556862805e-05
1902.66,4.245317727510199e-05
1902.67,4.1931587726854674e-05
1902.68,4.146572029782072e-05
1902.69,4.105468431396308e-05
1902.7,4.069530925579193e-05
1902.71,4.034200775656823e-05
1902.72,4.008313719485428e-05
1902.73,3.987245813872918e-05
1902.74,3.970898810733071e-05
1902.75,3.959196259382256e-05
1902.76,3.9521455605800676e-05
1902.77,3.949567926547008e-05
1902.78,3.951493809031515e-05
1902.79,3.957922789768404e-05
1902.8,3.96887552487278e-05
1902.81,3.984406937112435e-05
1902.82,4.004611419916585e-05
1902.83,4.0296871928151684e-05
1902.84,4.059649707801973e-05
1902.85,4.094739990423774e-05
1902.86,4.135186583707926e-05
1902.87,4.181221154457076e-05
1902.88,4.233120820886236e-05
1902.89,4.291202963835039e-05
1902.9,4.355895954981374e-05
1902.91,4.4274844626776536e-05
1902.92,4.50648660171596e-05
1902.93,4.593489853452435e-05
1902.94,4.689088836369738e-05
1902.95,4.793974278467306e-05
1902.96,4.908896969960868e-05
1902.97,5.0347425573247145e-05
1902.98,5.172254256607993e-05
1902.99,5.322477270488987e-05
1903.0,5.4866252649202143e-05
1903.01,5.666300693052113e-05
1903.02,5.86359961267353e-05
1903.03,6.0811175669331875e-05
1903.04,6.321962058273697e-05
1903.05,6.589547463817782e-05
1903.06,6.888040698307007e-05
1903.07,7.22376311919535e-05
1903.08,7.599905207194118e-05
1903.09,8.024990354227005e-05
1903.1,8.509908281714647e-05
1903.11,9.059744767357429e-05
1903.12,9.688212912370209e-05
1903.13,0.00010407453535997443
1903.14,0.00011229662842048988
1903.15,0.00012164516181754296
1903.16,0.00013215127441692045
1903.17,0.00014372501723269128
1903.18,0.0001561042142807253
1903.19,0.00016884666968469916
1903.2,0.00018138777896393383
1903.21,0.00019418546331361996
1903.22,0.000204539908373815
1903.23,0.00021286783398047416
1903.24,0.00021857720097668345
1903.25,0.00022137618922670553
1903.26,0.0002215582853661124
1903.27,0.00022001799438334623
1903.28,0.00021796093750918807
1903.29,0.00021652945875443188
1903.3,0.00021658581212132593
1903.31,0.00021868374975339224
1903.32,0.0002231492015239413
1903.33,0.00023018408019914545
1903.34,0.0002399526379563365
1903.35,0.00025263985692452643
1903.36,0.000268494509029071
1903.37,0.00028785700537635255
1903.38,0.0003111856803990264
1903.39,0.00033908401830332215
1903.4,0.0003723328440366059
1903.41,0.0004119297477575402
1903.42,0.0004591360997823569
1903.43,0.0005155308646912928
1903.44,0.0005830666066969102
1903.45,0.0006641067421555775
1903.46,0.0007614111103626291
1903.47,0.0008779919872634862
1903.48,0.0010166891984223357
1903.49,0.0011792925120337864
1903.5,0.0013647512406772587
1903.51,0.0015664864752475284
1903.52,0.0017691548958069367
1903.53,0.001947019192594924
1903.54,0.0020676991203801573
1903.55,0.002103517032164066
1903.56,0.002045392662019343
1903.57,0.001908106906300831
1903.58,0.0017219166699310876
1903.59,0.001518337235724126
1903.6,0.0013205910266342734
1903.61,0.0011415733264818256
1903.62,0.0009861965676699618
1903.63,0.0008546163825863554
1903.64,0.0007447157944420229
1903.65,0.0006536009717588786
1903.66,0.000578364031272187
1903.67,0.000516407971496246
1903.68,0.0004655449507175425
1903.69,0.0004239798087938303
1903.7,0.0003902413690192841
1903.71,0.0003630834302331452
1903.72,0.0003413636259503554
1903.73,0.0003239102392429062
1903.74,0.0003094106738171074
1903.75,0.0002963945825891168
1903.76,0.00028339488300713813
1903.77,0.00026928792420446643
1903.78,0.0002536235387550827
1903.79,0.0002366931719574017
1903.8,0.0002192635901358595
1903.81,0.0002021837046580208
1903.82,0.00018606320914395347
1903.83,0.00017135827711459707
1903.84,0.00015755000985807972
1903.85,0.00014581957729077247
1903.86,0.00013544600290975786
1903.87,0.00012628228364680444
1903.88,0.00011817719116633326
1903.89,0.00011098966213647136
1903.9,0.00010459441133136554
1903.91,9.888367534055166e-05
1903.92,9.376470971689806e-05
1903.93,8.91595949343376e-05
1903.94,8.502344069687391e-05
1903.95,8.125847764543614e-05
1903.96,7.783885489673276e-05
1903.97,7.472501122836721e-05
1903.98,7.188343268253801e-05
1903.99,6.928527522208603e-05
1904.0,6.690588080970692e-05
1904.01,6.472336581754668e-05
1904.02,6.271922428747101e-05
1904.03,6.087718990100198e-05
1904.04,5.918293431223524e-05
1904.05,5.7623953563385365e-05
1904.06,5.6189187126026575e-05
1904.07,5.4868863695245244e-05
1904.08,5.365437130939217e-05
1904.09,5.253808719103084e-05
1904.1,5.151349730829061e-05
1904.11,5.057462329841596e-05
1904.12,4.971612387131154e-05
1904.13,4.8933079729512354e-05
1904.14,4.8220954574191186e-05
1904.15,4.7575658003484976e-05
1904.16,4.6993672624132155e-05
1904.17,4.647213610935742e-05
1904.18,4.600897443712831e-05
1904.19,4.560219542130915e-05
1904.2,4.5250222271685394e-05
1904.21,4.495183517726979e-05
1904.22,4.470583279675492e-05
1904.23,4.4511203225209936e-05
1904.24,4.436695532456818e-05
1904.25,4.42302441599117e-05
1904.26,4.41857339346615e-05
1904.27,4.4190577426529364e-05
1904.28,4.424450855501542e-05
1904.29,4.4347883121226735e-05
1904.3,4.450142514168865e-05
1904.31,4.470531600825864e-05
1904.32,4.4960776585279125e-05
1904.33,4.5269031917676215e-05
1904.34,4.563158639493571e-05
1904.35,4.605023557978345e-05
1904.36,4.65271896589888e-05
1904.37,4.70646181112627e-05
1904.38,4.766534477770222e-05
1904.39,4.8332435318492175e-05
1904.4,4.906943455901714e-05
1904.41,4.988055251052239e-05
1904.42,5.0770832797645085e-05
1904.43,5.1746018808154655e-05
1904.44,5.281276995237063e-05
1904.45,5.397866685982099e-05
1904.46,5.525209977716885e-05
1904.47,5.6642745466095155e-05
1904.48,5.816184770373667e-05
1904.49,5.982219562872698e-05
1904.5,6.163839672289795e-05
1904.51,6.36270961752489e-05
1904.52,6.580727622273265e-05
1904.53,6.820075902043657e-05
1904.54,7.0833140758879e-05
1904.55,7.373543581480393e-05
1904.56,7.696434011474426e-05
1904.57,8.053088626337404e-05
1904.58,8.451203454740803e-05
1904.59,8.897778916481637e-05
1904.6,9.400967510897031e-05
1904.61,9.970120965737994e-05
1904.62,0.0001061568881544767
1904.63,0.00011348778849960997
1904.64,0.00012180023172976434
1904.65,0.00013117284381614476
1904.66,0.00014161494094046707
1904.67,0.0001530047804337619
1904.68,0.00016616064922539862
1904.69,0.0001782084701685535
1904.7,0.00018949537889448512
1904.71,0.00019916971222380976
1904.72,0.00020673415604982815
1904.73,0.00021226708241653882
1904.74,0.00021644262086044277
1904.75,0.00022025230321454136
1904.76,0.00022464091549762665
1904.77,0.00023025196954736657
1904.78,0.00023733733981692637
1904.79,0.0002458056401659194
1904.8,0.0002553887842650562
1904.81,0.00026589704630997746
1904.82,0.00027745376017303074
1904.83,0.000290563620273318
1904.84,0.00030599127215422665
1904.85,0.00032458420575553267
1904.86,0.00034717414237535354
1904.87,0.0003745835871709338
1904.88,0.0004076927287224117
1904.89,0.0004475243168225668
1904.9,0.0004953269625586981
1904.91,0.0005526535713346322
1904.92,0.0006214345458386393
1904.93,0.0007040383166122687
1904.94,0.0008032962897696131
1904.95,0.0009224333381908172
1904.96,0.0010647961438421394
1904.97,0.0012331762994889236
1904.98,0.0014284302288089894
1904.99,0.0016470743818054905
1905.0,0.0018778773803819135
1905.01,0.002098647029417746
1905.02,0.002276449518199075
1905.03,0.002375372633110937
1905.04,0.002371504732601686
1905.05,0.002265854219608312
1905.06,0.0020837081249404357
1905.07,0.001861210892175768
1905.08,0.0016306745131307475
1905.09,0.0014134429391979724
1905.1,0.0012200677659009102
1905.11,0.0010536173557960853
1905.12,0.0009130313697243645
1905.13,0.0007954438845022369
1905.14,0.0006975002968545469
1905.15,0.0006159954674906542
1905.16,0.0005481273985789318
1905.17,0.0004915575941413946
1905.18,0.0004443849606879216
1905.19,0.00040508612875731913
1905.2,0.0003724481496214845
1905.21,0.00034549827605261606
1905.22,0.0003234332286000724
1905.23,0.00030554238652024377
1905.24,0.00029112215198474184
1905.25,0.00027938538482833196
1905.26,0.0002693911389551942
1905.27,0.00026005245262106843
1905.28,0.0002502865703920823
1905.29,0.00023929449957165965
1905.3,0.00022681614626389872
1905.31,0.0002131253837836644
1905.32,0.00019897204017076922
1905.33,0.00018431572916597277
1905.34,0.00017114232535979078
1905.35,0.00015904980741319446
1905.36,0.00014817626806197856
1905.37,0.00013848237856704945
1905.38,0.0001299050102323867
1905.39,0.00012233594343756283
1905.4,0.00011566175699441368
1905.41,0.00010977581710467691
1905.42,0.00010458362755094086
1905.43,0.00010000393753033166
1905.44,9.596795784363325e-05
1905.45,9.241733351356595e-05
1905.46,8.930186383905352e-05
1905.47,8.657673184591513e-05
1905.48,8.419983561341617e-05
1905.49,8.21296235120864e-05
1905.5,8.03239176242691e-05
1905.51,7.874015426012758e-05
1905.52,7.73370047920658e-05
1905.53,7.607664341198512e-05
1905.54,7.49268556353404e-05
1905.55,7.386218169077167e-05
1905.56,7.286398513970089e-05
1905.57,7.191953916631495e-05
1905.58,7.102090861411293e-05
1905.59,7.016357538223646e-05
1905.6,6.934533943117274e-05
1905.61,6.856545944170666e-05
1905.62,6.782403633583546e-05
1905.63,6.712160374041878e-05
1905.64,6.645885215206521e-05
1905.65,6.583656725766815e-05
1905.66,6.525539167727079e-05
1905.67,6.471607621418332e-05
1905.68,6.421918084533575e-05
1905.69,6.37652808188376e-05
1905.7,6.335490456080567e-05
1905.71,6.298857816787966e-05
1905.72,6.266671378887887e-05
1905.73,6.238971309847608e-05
1905.74,6.215804088794038e-05
1905.75,6.197226779400391e-05
1905.76,6.183300694521029e-05
1905.77,6.174117212808258e-05
1905.78,6.169794445342816e-05
1905.79,6.17044981470318e-05
1905.8,6.176187789944964e-05
1905.81,6.18324580452943e-05
1905.82,6.199538736072662e-05
1905.83,6.221230420277933e-05
1905.84,6.248455016333899e-05
1905.85,6.281500617350401e-05
1905.86,6.320590537885514e-05
1905.87,6.366066786754058e-05
1905.88,6.418360346625585e-05
1905.89,6.477998621365959e-05
1905.9,6.545427547982294e-05
1905.91,6.621096478981003e-05
1905.92,6.705637502671573e-05
1905.93,6.799795999400895e-05
1905.94,6.904234824417697e-05
1905.95,7.01963354833402e-05
1905.96,7.146967399152235e-05
1905.97,7.287488214911578e-05
1905.98,7.442452094434932e-05
1905.99,7.613150103971497e-05
1906.0,7.801273480114748e-05
1906.01,8.010376319023211e-05
1906.02,8.240325715875623e-05
1906.03,8.495009175396198e-05
1906.04,8.777467567922038e-05
1906.05,9.09166517857505e-05
1906.06,9.442458866732358e-05
1906.07,9.8351850643508e-05
1906.08,0.00010275781847565028
1906.09,0.00010771220482463101
1906.1,0.00011329738814958318
1906.11,0.00011960141812571368
1906.12,0.0001267046275102444
1906.13,0.00013466240068040134
1906.14,0.00014347793909062125
1906.15,0.00015305465324812214
1906.16,0.00016435906786264898
1906.17,0.00017447083147039658
1906.18,0.0001839528910333584
1906.19,0.00019211947163431828
1906.2,0.00019851412582919895
1906.21,0.00020313335653223986
1906.22,0.00020645618257141734
1906.23,0.0002092603793680076
1906.24,0.0002123675906684674
1906.25,0.0002164667115863617
1906.26,0.00022205751258822572
1906.27,0.00022947668251456897
1906.28,0.0002389588526976288
1906.29,0.000250702432967982
1906.3,0.00026492326939842796
1906.31,0.0002818883255785417
1906.32,0.00030193148690235044
1906.33,0.0003254780211017672
1906.34,0.0003530076099577149
1906.35,0.0003851528987578343
1906.36,0.00042266112094196457
1906.37,0.0004664063684763636
1906.38,0.0005173797507202736
1906.39,0.0005766989445466977
1906.4,0.0006456875717059386
1906.41,0.000726068717516871
1906.42,0.0008202349652217804
1906.43,0.0009314250003093577
1906.44,0.001063601610002689
1906.45,0.001220933012060377
1906.46,0.0014068170974385309
1906.47,0.0016222258371253967
1906.48,0.001863021738164877
1906.49,0.002116268208358385
1906.5,0.0023569097957687702
1906.51,0.0025484195008341486
1906.52,0.0026517333025874485
1906.53,0.0026416717497737613
1906.54,0.0025204325160552528
1906.55,0.0023163082240181335
1906.56,0.0020688462450741464
1906.57,0.0018131210860872764
1906.58,0.001572229216031559
1906.59,0.0013575775034013098
1906.6,0.0011724775308783427
1906.61,0.0010157650167263042
1906.62,0.0008842907058078925
1906.63,0.0007743927083610665
1906.64,0.0006825122973445079
1906.65,0.0006055291506478449
1906.66,0.0005408246441363919
1906.67,0.00048626100538086436
1906.68,0.0004401180117781117
1906.69,0.00040101791352593435
1906.7,0.00036785673589871676
1906.71,0.00033974963698699644
1906.72,0.0003159900846313569
1906.73,0.0002960154553905075
1906.74,0.0002793689460324471
1906.75,0.0002656499504671778
1906.76,0.0002544523301356192
1906.77,0.0002452966372069623
1906.78,0.00023758339207967806
1906.79,0.0002305375182823048
1906.8,0.00022334845386115258
1906.81,0.00021530875502662937
1906.82,0.00020600396367803772
1906.83,0.00019473922249082514
1906.84,0.00018355831479418996
1906.85,0.00017218325677514345
1906.86,0.00016111289781550026
1906.87,0.00015069395016764373
1906.88,0.00014111713836775615
1906.89,0.0001324517013391094
1906.9,0.00012468400016408558
1906.91,0.00011774987873496812
1906.92,0.0001115603892529021
1906.93,0.00010601998609414997
1906.94,0.00010104274420543324
1906.95,9.655852196535876e-05
1906.96,9.251191139807324e-05
1906.97,8.885628531496217e-05
1906.98,8.55479173421301e-05
1906.99,8.25434310448091e-05
1907.0,7.980132003822024e-05
1907.01,7.72863396921807e-05
1907.02,7.497347514595611e-05
1907.03,7.284767789542995e-05
1907.04,7.08991557265883e-05
1907.05,6.91176868594774e-05
1907.06,6.748926533591608e-05
1907.07,6.599615013878032e-05
1907.08,6.462009898064035e-05
1907.09,6.334721940462578e-05
1907.1,6.217105709544489e-05
1907.11,6.109121851842706e-05
1907.12,6.010877555000186e-05
1907.13,5.922176809543381e-05
1907.14,5.842339728555974e-05
1907.15,5.7703133993463954e-05
1907.16,5.705040889243583e-05
1907.17,5.645902693601805e-05
1907.18,5.592912109151206e-05
1907.19,5.546502870732997e-05
1907.2,5.507101858736244e-05
1907.21,5.474787216625103e-05
1907.22,5.449172652589703e-05
1907.23,5.429525635236402e-05
1907.24,5.415094451048097e-05
1907.25,5.405506233416537e-05
1907.26,5.4009583451538694e-05
1907.27,5.402041342741724e-05
1907.28,5.409353241570586e-05
1907.29,5.4231941673958804e-05
1907.3,5.443417040322333e-05
1907.31,5.469581574850295e-05
1907.32,5.501210540127315e-05
1907.33,5.538161389178698e-05
1907.34,5.580814289103108e-05
1907.35,5.6299416646112865e-05
1907.36,5.6863448504880005e-05
1907.37,5.7471688971389806e-05
1907.38,5.819602372397714e-05
1907.39,5.900126232192703e-05
1907.4,5.988596116244461e-05
1907.41,6.085077826879509e-05
1907.42,6.190109454366202e-05
1907.43,6.30470913028896e-05
1907.44,6.430133486676891e-05
1907.45,6.568443149628575e-05
1907.46,6.718982291029048e-05
1907.47,6.883433389355534e-05
1907.48,7.062601618212642e-05
1907.49,7.257525739427603e-05
1907.5,7.469768887898757e-05
1907.51,7.701583402856855e-05
1907.52,7.955629830597643e-05
1907.53,8.235046217176059e-05
1907.54,8.543194295595648e-05
1907.55,8.883760312694778e-05
1907.56,9.26086838896734e-05
1907.57,9.679297575784348e-05
1907.58,0.0001014467630445058
1907.59,0.00010663594719784929
1907.6,0.00011243338380933593
1907.61,0.00011891021272269169
1907.62,0.00012611977185166277
1907.63,0.00013534714268647713
1907.64,0.0001439825644170029
1907.65,0.0001531048614796958
1907.66,0.0001623755680307994
1907.67,0.00017132298568656515
1907.68,0.00017944233698881983
1907.69,0.00018637386573211
1907.7,0.0001920758093757337
1907.71,0.00019687444701191204
1907.72,0.00020135252517556926
1907.73,0.00020616060590613735
1907.74,0.00021186896795898788
1907.75,0.00021891136248279437
1907.76,0.00022760064841030708
1907.77,0.00023817522383127378
1907.78,0.00025084550564583914
1907.79,0.00026583059956962354
1907.8,0.0002833856661087155
1907.81,0.00030382404503474585
1907.82,0.0003275382578631106
1907.83,0.000355020716490714
1907.84,0.0003868880770123588
1907.85,0.0004239115887212642
1907.86,0.00046705482273774583
1907.87,0.0005175192551464929
1907.88,0.0005767987334967885
1907.89,0.0006467442531184305
1907.9,0.0007296352433039751
1907.91,0.000828247124062106
1907.92,0.0009458861350552002
1907.93,0.001086333753851158
1907.94,0.001253587746012117
1907.95,0.0014511972841784817
1907.96,0.001680874153790166
1907.97,0.0019400159701946512
1907.98,0.0022179462055764393
1907.99,0.002491988156506613
1908.0,0.0027261851650858815
1908.01,0.0028776157538244196
1908.02,0.0029119861723002874
1908.03,0.002820756505328478
1908.04,0.0026259521443473695
1908.05,0.002368180476331663
1908.06,0.002088580386260549
1908.07,0.0018172198668950012
1908.08,0.0015708295540940353
1908.09,0.0013558445377281128
1908.1,0.001172499764193461
1908.11,0.0010180045021005815
1908.12,0.0008884826475365286
1908.13,0.000779983076701541
1908.14,0.0006889265975260265
1908.15,0.0006122529757059727
1908.16,0.0005474246987744522
1908.17,0.0004923717150023292
1908.18,0.00044541917329070385
1908.19,0.0004052098795183672
1908.2,0.00037067145467744537
1908.21,0.0003409221308570379
1908.22,0.00031525868219987613
1908.23,0.0002931168314369958
1908.24,0.00027404509057294167
1908.25,0.0002576818831478604
1908.26,0.0002437331965177771
1908.27,0.00023194882794429203
1908.28,0.00022209371770956458
1908.29,0.00021391270002451827
1908.3,0.00020708974061641326
1908.31,0.0002012095562431554
1908.32,0.00019574950150050036
1908.33,0.0001901328193425842
1908.34,0.00018291671680965082
1908.35,0.00017568237543335864
1908.36,0.00016758922970036685
1908.37,0.0001589109972818243
1908.38,0.0001500682770976072
1908.39,0.0001414484628441557
1908.4,0.00013332507945813782
1908.41,0.00012584647544427256
1908.42,0.00011906230196827133
1908.43,0.00011295850569315671
1908.44,0.0001074857583774192
1908.45,0.00010257766804794403
1908.46,9.816151935449722e-05
1908.47,9.416649433805925e-05
1908.48,9.053169451186851e-05
1908.49,8.721167774800814e-05
1908.5,8.417610213841361e-05
1908.51,8.140164006928989e-05
1908.52,7.886895712851263e-05
1908.53,7.655818809561251e-05
1908.54,7.44498014982387e-05
1908.55,7.25258510392366e-05
1908.56,7.077061443826996e-05
1908.57,6.917033032852436e-05
1908.58,6.771254620335027e-05
1908.59,6.638552677014928e-05
1908.6,6.51778148704741e-05
1908.61,6.407795942002115e-05
1908.62,6.30745842217595e-05
1908.63,6.215702088074298e-05
1908.64,6.131639139648481e-05
1908.65,6.054652710517123e-05
1908.66,5.984418423772939e-05
1908.67,5.920821425182172e-05
1908.68,5.863889154693204e-05
1908.69,5.813681403726042e-05
1908.7,5.770228170715653e-05
1908.71,5.733509888977176e-05
1908.72,5.703416934237502e-05
1908.73,5.679810722543351e-05
1908.74,5.662517609445335e-05
1908.75,5.651386123815453e-05
1908.76,5.6463360666603494e-05
1908.77,5.647371604611418e-05
1908.78,5.654551007404485e-05
1908.79,5.6679463730463e-05
1908.8,5.687620972217894e-05
1908.81,5.713624611762345e-05
1908.82,5.745997157166703e-05
1908.83,5.7847797712375136e-05
1908.84,5.830044084782384e-05
1908.85,5.881932164478178e-05
1908.86,5.940678838904791e-05
1908.87,6.007061166974291e-05
1908.88,6.080519633946524e-05
1908.89,6.161910167186307e-05
1908.9,6.251659593944643e-05
1908.91,6.350233576752631e-05
1908.92,6.458144700890688e-05
1908.93,6.575958918917338e-05
1908.94,6.704300784856943e-05
1908.95,6.84092722460653e-05
1908.96,6.992521722181614e-05
1908.97,7.157065476855966e-05
1908.98,7.335683273430663e-05
1908.99,7.529708259686527e-05
1909.0,7.740678766775567e-05
1909.01,7.97034246879596e-05
1909.02,8.220684763325505e-05
1909.03,8.493978513025663e-05
1909.04,8.792848073595627e-05
1909.05,9.120347085247352e-05
1909.06,9.480045351437761e-05
1909.07,9.876105522453265e-05
1909.08,0.00010313306987842297
1909.09,0.00010796972964561245
1909.1,0.00011461884928744618
1909.11,0.00012056044659379744
1909.12,0.00012712334516429952
1909.13,0.00013432745613403896
1909.14,0.00014214502358137352
1909.15,0.00015047262447678028
1909.16,0.00015910871051864306
1909.17,0.0001677547070248242
1909.18,0.00017607512133110343
1909.19,0.0001838084221657201
1909.2,0.0001908928276527165
1909.21,0.00019752462268663067
1909.22,0.0002041076909905812
1909.23,0.0002111337578091086
1909.24,0.0002190719509548714
1909.25,0.0002283149704730087
1909.26,0.00023917922633669527
1909.27,0.00025193310318391733
1909.28,0.00026683128671378984
1909.29,0.00028414528140048725
1909.3,0.0003041887464627072
1909.31,0.00032733967671466554
1909.32,0.00035406191575855386
1909.33,0.0003849284278470382
1909.34,0.0004206489608084462
1909.35,0.0004621032045213639
1909.36,0.0005103820277434697
1909.37,0.0005668380904705511
1909.38,0.0006331466967290339
1909.39,0.0007113756573532456
1909.4,0.0008040582442270508
1909.41,0.0009142532752708713
1909.42,0.0010455529663903344
1909.43,0.0012019820125690921
1909.44,0.001387604957512543
1909.45,0.0016056508308873094
1909.46,0.0018567598146246088
1909.47,0.0021360427382139265
1909.48,0.002429022686229501
1909.49,0.002708003995084678
1909.5,0.0029326510750643337
1909.51,0.003059386771520101
1909.52,0.0030590126445894958
1909.53,0.0029318939304582847
1909.54,0.0027077733970120826
1909.55,0.002430393226591758
1909.56,0.0021399611632397075
1909.57,0.001863937981594667
1909.58,0.0016165723134282978
1909.59,0.0014025523097339209
1909.6,0.0012209340880247927
1909.61,0.0010681166935117095
1909.62,0.0009395458802597892
1909.63,0.0008307405700900008
1909.64,0.0007378816053648556
1909.65,0.0006580481367468293
1909.66,0.0005891338171833432
1909.67,0.0005295708718148548
1909.68,0.0004780859703872935
1909.69,0.0004335670211620284
1909.7,0.0003950266263422414
1909.71,0.0003615956334148675
1909.72,0.00033252849926448014
1909.73,0.0003071943587175377
1909.74,0.00028507002036609933
1909.75,0.0002657224078956472
1909.76,0.00024879732972436655
1909.77,0.00023399166698121607
1909.78,0.0002210986023700492
1909.79,0.00020991074708845143
1909.8,0.00020026392718936208
1909.81,0.00019200866367098256
1909.82,0.00018498998431347796
1909.83,0.00017902523214209697
1909.84,0.00017387480782323763
1909.85,0.0001681815720257205
1909.86,0.00016367279954804877
1909.87,0.00015892213933325447
1909.88,0.00015365098011577957
1909.89,0.0001477350410374018
1909.9,0.00014133239985269523
1909.91,0.00013466034220175054
1909.92,0.00012799867733184102
1909.93,0.00012158310668493818
1909.94,0.00011556758234101622
1909.95,0.00011002933506872629
1909.96,0.00010498836833916316
1909.97,0.00010043011112074711
1909.98,9.632065390086359e-05
1909.99,9.262052831226568e-05
1910.0,8.928841867649872e-05
1910.01,8.628610829736858e-05
1910.02,8.357921287968569e-05
1910.03,8.113671433247715e-05
1910.04,7.893147527444958e-05
1910.05,7.69359823534359e-05
1910.06,7.512169402454037e-05
1910.07,7.345758410087089e-05
1910.08,7.191251924006337e-05
1910.09,7.046136370175548e-05
1910.1,6.909353843370592e-05
1910.11,6.780877030623213e-05
1910.12,6.661576393994297e-05
1910.13,6.552199848672962e-05
1910.14,6.453076883491269e-05
1910.15,6.364061658134919e-05
1910.16,6.284859686920947e-05
1910.17,6.214948210898461e-05
1910.18,6.153784305318652e-05
1910.19,6.1008018100864946e-05
1910.2,6.0554171841364085e-05
1910.21,6.017044119395785e-05
1910.22,5.985098537163896e-05
1910.23,5.9591805139152735e-05
1910.24,5.938964150893613e-05
1910.25,5.9243471952349985e-05
1910.26,5.915563921464963e-05
1910.27,5.912452418605443e-05
1910.28,5.915350812944561e-05
1910.29,5.9244921216170625e-05
1910.3,5.939991099082866e-05
1910.31,5.9619538279833175e-05
1910.32,5.990463926366744e-05
1910.33,6.025599327894307e-05
1910.34,6.067451040837837e-05
1910.35,6.116118279584696e-05
1910.36,6.171817574285126e-05
1910.37,6.234744640670313e-05
1910.38,6.305157392502848e-05
1910.39,6.383365723263878e-05
1910.4,6.469693132910637e-05
1910.41,6.5645308533038e-05
1910.42,6.668293045719924e-05
1910.43,6.78151260198115e-05
1910.44,6.904718476785845e-05
1910.45,7.038527716703609e-05
1910.46,7.18363549274593e-05
1910.47,7.340828934998459e-05
1910.48,7.511003100699923e-05
1910.49,7.695157834027331e-05
1910.5,7.89448980738972e-05
1910.51,8.110297815937474e-05
1910.52,8.344084111678274e-05
1910.53,8.597566126411507e-05
1910.54,8.870326178974112e-05
1910.55,9.169412481232517e-05
1910.56,9.495009720309169e-05
1910.57,9.977698292159178e-05
1910.58,0.00010366491350796921
1910.59,0.00010792077145671131
1910.6,0.00011258747377490293
1910.61,0.00011771122932177272
1910.62,0.0001233390159829875
1910.63,0.00012951356104777526
1910.64,0.00013626449159832502
1910.65,0.00014359572907768014
1910.66,0.0001514679095891338
1910.67,0.00015978420223013346
1910.68,0.00016838921679425176
1910.69,0.00017709769297741558
1910.7,0.00018575921230969909
1910.71,0.00019433849704507167
1910.72,0.00020296603720840718
1910.73,0.00021192565547577456
1910.74,0.0002215882980530735
1910.75,0.0002323396272949695
1910.76,0.0002445364557025578
1910.77,0.00025850018732414176
1910.78,0.0002745345301480381
1910.79,0.00029295216094917236
1910.8,0.00031410104716124014
1910.81,0.0003383896368379083
1910.82,0.0003663057701331903
1910.83,0.000398446899968906
1910.84,0.0004355452297941509
1910.85,0.0004785029851481776
1910.86,0.0005284345304136362
1910.87,0.0005867176816780458
1910.88,0.0006550550108075973
1910.89,0.0007355437784585643
1910.9,0.0008307492450021041
1910.91,0.000943764233856782
1910.92,0.0010782216674146607
1910.93,0.001238186422144417
1910.94,0.0014277908880261005
1910.95,0.0016503807031438059
1910.96,0.0019068296010303133
1910.97,0.0021926713487076008
1910.98,0.0024941125486800954
1910.99,0.0027842603201025827
1911.0,0.0030231393692713975
1911.01,0.0031661273477969556
1911.02,0.0031810480832276406
1911.03,0.003064347407294044
1911.04,0.0028430537213732193
1911.05,0.002560730594995092
1911.06,0.002259434152000202
1911.07,0.001969121610386378
1911.08,0.0017061659841730787
1911.09,0.0014766908392943572
1911.1,0.0012807004516091232
1911.11,0.0011152254406548423
1911.12,0.0009762389882649064
1911.13,0.0008596553104318635
1911.14,0.0007617725758043046
1911.15,0.0006794200558039794
1911.16,0.0006099622036978259
1911.17,0.0005512419988852192
1911.18,0.0005014986218141378
1911.19,0.00045927496429273986
1911.2,0.0004233172934951017
1911.21,0.0003924840101958586
1911.22,0.0003656286721355728
1911.23,0.0003416572029549957
1911.24,0.00031960331552980135
1911.25,0.00029882496164231254
1911.26,0.00027910552058654233
1911.27,0.00026055833648112365
1911.28,0.00024341160047573263
1911.29,0.00022783576836421656
1911.3,0.00021388381115137063
1911.31,0.0002015100371985901
1911.32,0.0001906123786692959
1911.33,0.00018106641739050545
1911.34,0.00017274465158257285
1911.35,0.00016552192232581527
1911.36,0.00015925740824444188
1911.37,0.00015270097295602174
1911.38,0.00014795109303086416
1911.39,0.0001436590770472292
1911.4,0.0001395879529938974
1911.41,0.0001354990638370864
1911.42,0.00013120498909412214
1911.43,0.00012662127512790374
1911.44,0.0001217836791629756
1911.45,0.00011679761565799929
1911.46,0.00011186523366769201
1911.47,0.00010710840713899075
1911.48,0.00010262681435256345
1911.49,9.847415275124331e-05
1911.5,9.466759392272821e-05
1911.51,9.12005022911965e-05
1911.52,8.805304086820233e-05
1911.53,8.519956955406085e-05
1911.54,8.261317431116056e-05
1911.55,8.026811863006782e-05
1911.56,7.81411441558134e-05
1911.57,7.621172172985424e-05
1911.58,7.446227879467473e-05
1911.59,7.287767175816736e-05
1911.6,7.144539342214773e-05
1911.61,7.01549200472132e-05
1911.62,6.899699117480914e-05
1911.63,6.796465686096098e-05
1911.64,6.705017359169999e-05
1911.65,6.62453207825763e-05
1911.66,6.55386695363786e-05
1911.67,6.491331310138518e-05
1911.68,6.434652329223283e-05
1911.69,6.381495312786912e-05
1911.7,6.330048096325957e-05
1911.71,6.28026047184158e-05
1911.72,6.233438166613823e-05
1911.73,6.191456557074142e-05
1911.74,6.155918114303647e-05
1911.75,6.127794739727873e-05
1911.76,6.107485670612423e-05
1911.77,6.095015832997376e-05
1911.78,6.090208220646855e-05
1911.79,6.092790329477059e-05
1911.8,6.1024501944525715e-05
1911.81,6.118882372710918e-05
1911.82,6.141820058808876e-05
1911.83,6.171093573781622e-05
1911.84,6.206672623229973e-05
1911.85,6.248678997296038e-05
1911.86,6.297346945115325e-05
1911.87,6.352983671490725e-05
1911.88,6.415921097089411e-05
1911.89,6.486486924825246e-05
1911.9,6.565016476473533e-05
1911.91,6.651831680760537e-05
1911.92,6.747297907178927e-05
1911.93,6.851806485377686e-05
1911.94,6.965790696021491e-05
1911.95,7.089730128457008e-05
1911.96,7.22415745991392e-05
1911.97,7.369661347662727e-05
1911.98,7.526902719446374e-05
1911.99,7.696626563210122e-05
1912.0,7.87969135101188e-05
1912.01,8.077089990305526e-05
1912.02,8.289961241124057e-05
1912.03,8.5195960497107e-05
1912.04,8.767446994563956e-05
1912.05,9.158159729338541e-05
1912.06,9.44826696458325e-05
1912.07,9.76215466210422e-05
1912.08,0.00010102167083425015
1912.09,0.0001047094578325492
1912.1,0.00010871450944807802
1912.11,0.00011306970915394731
1912.12,0.00011781107164391216
1912.13,0.00012297727242613872
1912.14,0.0001285905253511685
1912.15,0.00013472860738550024
1912.16,0.00014141185134474435
1912.17,0.00014867144756688396
1912.18,0.0001565229278905642
1912.19,0.00016495768435453767
1912.2,0.0001739402468802988
1912.21,0.00018341950601382442
1912.22,0.00019335885881830562
1912.23,0.00020377893723857408
1912.24,0.0002147930582694048
1912.25,0.0002266144869726231
1912.26,0.00023953311818874736
1912.27,0.00025387982604885604
1912.28,0.0002700004913417699
1912.29,0.00028824939989983875
1912.3,0.0003089990827077626
1912.31,0.00033266089144202776
1912.32,0.0003597081496687851
1912.33,0.00039070415909790864
1912.34,0.0004263318953520275
1912.35,0.0004674273754916814
1912.36,0.0005150181106095191
1912.37,0.0005703689304589741
1912.38,0.000635037389325279
1912.39,0.0007109387965396982
1912.4,0.0008004172858304561
1912.41,0.0009063121435192521
1912.42,0.001031994592622731
1912.43,0.0011813230653961897
1912.44,0.0013584163624611586
1912.45,0.001567065205383596
1912.46,0.001809499781860266
1912.47,0.002084152292618112
1912.48,0.002382231241621724
1912.49,0.0026836696589560864
1912.5,0.002954817386787579
1912.51,0.0031521898129780036
1912.52,0.0032354309635876663
1912.53,0.0031851896228484978
1912.54,0.003013329685827249
1912.55,0.0027565539528548277
1912.56,0.002459129909991128
1912.57,0.002157877459544368
1912.58,0.0018762180039205937
1912.59,0.0016254102544690687
1912.6,0.0014084714211161455
1912.61,0.0012238707038605082
1912.62,0.001068061261057911
1912.63,0.000936931842829074
1912.64,0.0008265260198395261
1912.65,0.0007333380146181891
1912.66,0.0006543897841475693
1912.67,0.0005872067184209815
1912.68,0.0005297558665631356
1912.69,0.00048037851992650826
1912.7,0.0004377303774451179
1912.71,0.00040073058210122293
1912.72,0.0003685153962700001
1912.73,0.0003403950883246091
1912.74,0.0003158158876000462
1912.75,0.0002943303269303498
1912.76,0.00027557503722639044
1912.77,0.00025925359857274853
1912.78,0.0002451209617119095
1912.79,0.00023296401907869923
1912.8,0.00022257435904800694
1912.81,0.00021370906009866148
1912.82,0.0002060425087896451
1912.83,0.00019913170199200556
1912.84,0.0001924523350345701
1912.85,0.00018549568496209536
1912.86,0.00017801197332109196
1912.87,0.00017007972136580916
1912.88,0.00016202973396484924
1912.89,0.00015303714936703707
1912.9,0.00014582533211159182
1912.91,0.00013931819311178393
1912.92,0.00013353102291265744
1912.93,0.00012838901107153458
1912.94,0.00012376177838522993
1912.95,0.00011948023830600437
1912.96,0.00011541955230166161
1912.97,0.00011145242688111226
1912.98,0.00010752357516552294
1912.99,0.00010363824787346723
1913.0,9.984296681666871e-05
1913.01,9.619855869878292e-05
1913.02,9.275680002845282e-05
1913.03,8.953525818522667e-05
1913.04,8.65788271264743e-05
1913.05,8.38704763417766e-05
1913.06,8.139928076125485e-05
1913.07,7.914931302373558e-05
1913.08,7.710282635843208e-05
1913.09,7.52422060437186e-05
1913.1,7.355102420901426e-05
1913.11,7.201454107697968e-05
1913.12,7.061981630297626e-05
1913.13,6.935563695841153e-05
1913.14,6.821238452015365e-05
1913.15,6.718162159508564e-05
1913.16,6.62570078315885e-05
1913.17,6.54326428277408e-05
1913.18,6.470401499136706e-05
1913.19,6.406768172716941e-05
1913.2,6.352345562201849e-05
1913.21,6.306542055020712e-05
1913.22,6.269515389785305e-05
1913.23,6.241246870470463e-05
1913.24,6.221689326298976e-05
1913.25,6.210628095277811e-05
1913.26,6.207421785577564e-05
1913.27,6.210876764967081e-05
1913.28,6.218949366017601e-05
1913.29,6.228760607744491e-05
1913.3,6.238070389903018e-05
1913.31,6.246452322607655e-05
1913.32,6.254293840710293e-05
1913.33,6.264471515467884e-05
1913.34,6.279594754216102e-05
1913.35,6.301617084696863e-05
1913.36,6.33168023975407e-05
1913.37,6.370309501985954e-05
1913.38,6.417669904446915e-05
1913.39,6.473763216931474e-05
1913.4,6.539094884207954e-05
1913.41,6.612529046472928e-05
1913.42,6.694609442531282e-05
1913.43,6.78542506896801e-05
1913.44,6.885160953111514e-05
1913.45,6.994120186137477e-05
1913.46,7.112722152757769e-05
1913.47,7.241486500681211e-05
1913.48,7.381015170449394e-05
1913.49,7.531978568416501e-05
1913.5,7.695110211373666e-05
1913.51,7.871913824516221e-05
1913.52,8.176575581834762e-05
1913.53,8.381988693904739e-05
1913.54,8.603295513231028e-05
1913.55,8.841686771220355e-05
1913.56,9.098480102533415e-05
1913.57,9.375957634518705e-05
1913.58,9.674000638996606e-05
1913.59,9.995142006131602e-05
1913.6,0.00010341217983615285
1913.61,0.00010714278202744425
1913.62,0.00011116709640889454
1913.63,0.00011551373505625208
1913.64,0.00012021683347870504
1913.65,0.0001253159444441363
1913.66,0.00013085544979763738
1913.67,0.0001368839465250223
1913.68,0.00014346340273842397
1913.69,0.0001506291185147869
1913.7,0.0001584467487105866
1913.71,0.00016697198625898407
1913.72,0.00017626870529311456
1913.73,0.00018636542621418585
1913.74,0.00019732649705421753
1913.75,0.00020921992357099585
1913.76,0.0002221338727439371
1913.77,0.00023624804274506776
1913.78,0.00025176639163534194
1913.79,0.0002689693836102037
1913.8,0.00028819354537518063
1913.81,0.00030982606314750374
1913.82,0.00033430769778981686
1913.83,0.0003621454377855796
1913.84,0.00039394547573417117
1913.85,0.0004304048344713603
1913.86,0.00047236433526206916
1913.87,0.0005208794542003584
1913.88,0.0005772271960349048
1913.89,0.0006429760386500624
1913.9,0.000720050216600716
1913.91,0.000810796664563812
1913.92,0.0009180427657256436
1913.93,0.0010451187337924034
1913.94,0.0011957902332918088
1913.95,0.0013739970962970854
1913.96,0.0015832315496448965
1913.97,0.0018251887802377964
1913.98,0.002097591352323366
1913.99,0.0023907800280641217
1914.0,0.0026839221460464133
1914.01,0.002943395605676671
1914.02,0.0031271628239834025
1914.03,0.003197782024134598
1914.04,0.003139072233656241
1914.05,0.00296455102629155
1914.06,0.002710337176032047
1914.07,0.0024187289418347055
1914.08,0.002124438909196462
1914.09,0.0018494849011266479
1914.1,0.0016044348863033077
1914.11,0.0013921177366918328
1914.12,0.0012110691425971326
1914.13,0.001057925138378906
1914.14,0.0009287227622979132
1914.15,0.0008196803586497943
1914.16,0.000727422405872628
1914.17,0.0006490748120023035
1914.18,0.0005822642272697369
1914.19,0.000524993188893896
1914.2,0.00047567585096539353
1914.21,0.00043300633254227713
1914.22,0.0003959204965366979
1914.23,0.00036354885909373305
1914.24,0.0003351785941815316
1914.25,0.00031022194620750754
1914.26,0.0002881900617501095
1914.27,0.00026867119883101345
1914.28,0.0002513302135333466
1914.29,0.00023584796492756092
1914.3,0.0002219487194274015
1914.31,0.00020944049399408357
1914.32,0.00019816495057835013
1914.33,0.00018800958529554532
1914.34,0.0001788952538407819
1914.35,0.00017076323967550613
1914.36,0.00016356737253064057
1914.37,0.0001572711458836085
1914.38,0.0001518464621366188
1914.39,0.00014728729479392274
1914.4,0.00014353178409426816
1914.41,0.0001405452453613812
1914.42,0.0001369758760818533
1914.43,0.00013511414607995763
1914.44,0.00013337817511554505
1914.45,0.0001313434939102937
1914.46,0.0001286243609777721
1914.47,0.0001250180609588093
1914.48,0.00012063628231338478
1914.49,0.00011580870534105547
1914.5,0.00011085071185784024
1914.51,0.00010603599725637973
1914.52,0.00010150276647106489
1914.53,9.728991702692741e-05
1914.54,9.34282516797263e-05
1914.55,8.989512656600058e-05
1914.56,8.667816868979142e-05
1914.57,8.377136338766833e-05
1914.58,8.112383048275479e-05
1914.59,7.874674673157746e-05
1914.6,7.658706966173218e-05
1914.61,7.463850075352675e-05
1914.62,7.288048194178994e-05
1914.63,7.129430988349149e-05
1914.64,6.98528389206068e-05
1914.65,6.856273686580684e-05
1914.66,6.740086231509568e-05
1914.67,6.635647210762898e-05
1914.68,6.542039676932126e-05
1914.69,6.458441374401426e-05
1914.7,6.385713505356522e-05
1914.71,6.320404653262416e-05
1914.72,6.265153738400064e-05
1914.73,6.216278040219432e-05
1914.74,6.175144898924694e-05
1914.75,6.141539643648593e-05
1914.76,6.11531021052739e-05
1914.77,6.096370883767835e-05
1914.78,6.084702998857105e-05
1914.79,6.0803581886544896e-05
1914.8,6.0834619898234375e-05
1914.81,6.095505528855169e-05
1914.82,6.114179577713962e-05
1914.83,6.141065072333941e-05
1914.84,6.176414253902967e-05
1914.85,6.220281668670376e-05
1914.86,6.272389884206187e-05
1914.87,6.33130881606106e-05
1914.88,6.396515519366485e-05
1914.89,6.461799343673523e-05
1914.9,6.525821811395694e-05
1914.91,6.587501363732822e-05
1914.92,6.649231817668437e-05
1914.93,6.71191419404838e-05
1914.94,6.780251883623378e-05
1914.95,6.857086946484049e-05
1914.96,6.944229778556582e-05
1914.97,7.042674756902206e-05
1914.98,7.152942229803514e-05
1914.99,7.378862747981314e-05
1915.0,7.51425915541567e-05
1915.01,7.662388771901149e-05
1915.02,7.823652548354207e-05
1915.03,7.999553390224442e-05
1915.04,8.190210966656137e-05
1915.05,8.39442058740513e-05
1915.06,8.614462453402265e-05
1915.07,8.851222138222915e-05
1915.08,9.105677933089241e-05
1915.09,9.378980981428717e-05
1915.1,9.672566163089121e-05
1915.11,9.9882253430921e-05
1915.12,0.00010328098534713314
1915.13,0.00010694609999654107
1915.14,0.00011091252923374468
1915.15,0.00011519258882962773
1915.16,0.00011982634234143653
1915.17,0.00012484908131145793
1915.18,0.0001303004089063124
1915.19,0.00013622510316086198
1915.2,0.00014267405215001916
1915.21,0.00014971859887761378
1915.22,0.0001573981687126857
1915.23,0.0001658012659147161
1915.24,0.000175013441751086
1915.25,0.00018513199796481796
1915.26,0.00019627491705339484
1915.27,0.0002085551297544729
1915.28,0.00022212671342122808
1915.29,0.00023716271374752437
1915.3,0.00025387031310417524
1915.31,0.0002725010515272068
1915.32,0.0002933617975679374
1915.33,0.00031682558132364874
1915.34,0.0003433428326968365
1915.35,0.0003734551121838453
1915.36,0.0004078137648673167
1915.37,0.0004472052185165546
1915.38,0.0004925896700172745
1915.39,0.0005451306055029803
1915.4,0.0006062312719271784
1915.41,0.0006776312991150994
1915.42,0.000761459627597813
1915.43,0.000860252977544418
1915.44,0.0009770210332290506
1915.45,0.0011152015251873594
1915.46,0.0012784728006354203
1915.47,0.0014702698347686628
1915.48,0.0016927757218186553
1915.49,0.0019450969463517109
1915.5,0.0022204342331078796
1915.51,0.0025025832748709386
1915.52,0.002763532713270965
1915.53,0.002965459397560291
1915.54,0.003070347462081433
1915.55,0.0030552228270348354
1915.56,0.0029235390347286815
1915.57,0.002703371860145648
1915.58,0.00243397652307933
1915.59,0.0021513523788325903
1915.6,0.001880561656171336
1915.61,0.0016351844258076958
1915.62,0.0014202624540505387
1915.63,0.0012357166121428503
1915.64,0.0010789182753803677
1915.65,0.0009463088165675239
1915.66,0.0008342380923859122
1915.67,0.000739361502298037
1915.68,0.0006587805408533249
1915.69,0.0005900578319006462
1915.7,0.0005311771622026561
1915.71,0.000480484759455289
1915.72,0.00043662897853222616
1915.73,0.0003985056655891374
1915.74,0.0003652115450876872
1915.75,0.000336005710036668
1915.76,0.00031029028109387594
1915.77,0.0002875391065616912
1915.78,0.0002673434398792679
1915.79,0.00024935677800593393
1915.8,0.00023328832944515023
1915.81,0.00021889451004622774
1915.82,0.00020597021271688573
1915.83,0.00019434243000348805
1915.84,0.00018386452897321142
1915.85,0.00017441124202845036
1915.86,0.0001658738294113965
1915.87,0.00015815493432547525
1915.88,0.00015116357494074543
1915.89,0.00014481244532073582
1915.9,0.0001390077205614654
1915.91,0.000133668433598881
1915.92,0.00012872939053820107
1915.93,0.00012415525769851168
1915.94,0.00011994211133338339
1915.95,0.00011610711349423856
1915.96,0.00011140411779836281
1915.97,0.00010840521098905613
1915.98,0.00010585221366510113
1915.99,0.00010376246085424154
1916.0,0.00010214947357840765
1916.01,0.00010101601959858759
1916.02,0.00010033768440185299
1916.03,0.00010003632214759449
1916.04,9.993754078511145e-05
1916.05,9.975979286888055e-05
1916.06,9.914245695144289e-05
1916.07,9.777362392021489e-05
1916.08,9.552035074058345e-05
1916.09,9.253003181825026e-05
1916.1,8.911844674682684e-05
1916.11,8.561917589281459e-05
1916.12,8.226616068288707e-05
1916.13,7.921486168422449e-05
1916.14,7.650068996424305e-05
1916.15,7.411972418854833e-05
1916.16,7.205059480146706e-05
1916.17,7.0247157742081e-05
1916.18,6.867855865217538e-05
1916.19,6.731500720336907e-05
1916.2,6.612943781483493e-05
1916.21,6.509871672720243e-05
1916.22,6.420273100513958e-05
1916.23,6.342441198663243e-05
1916.24,6.27499407704059e-05
1916.25,6.216848055098646e-05
1916.26,6.167451654556394e-05
1916.27,6.125678575423715e-05
1916.28,6.092489013935285e-05
1916.29,6.066996233099844e-05
1916.3,6.048973353444749e-05
1916.31,6.038229498089338e-05
1916.32,6.034598706110775e-05
1916.33,6.038080302706641e-05
1916.34,6.048438523341712e-05
1916.35,6.065779758245491e-05
1916.36,6.090181772744569e-05
1916.37,6.122292654024664e-05
1916.38,6.161307549249283e-05
1916.39,6.208020731263974e-05
1916.4,6.262802657972525e-05
1916.41,6.32611328067085e-05
1916.42,6.398469329974738e-05
1916.43,6.480429416336597e-05
1916.44,6.572615570388841e-05
1916.45,6.675207081025118e-05
1916.46,6.877641256301295e-05
1916.47,6.998797204580113e-05
1916.48,7.125725307544326e-05
1916.49,7.254850646969566e-05
1916.5,7.383141961957855e-05
1916.51,7.509568514935386e-05
1916.52,7.636528447853774e-05
1916.53,7.768232425104e-05
1916.54,7.909181774974434e-05
1916.55,8.062858347463203e-05
1916.56,8.231473193034299e-05
1916.57,8.416328670325674e-05
1916.58,8.618320801564591e-05
1916.59,8.838728582033445e-05
1916.6,9.077763775261099e-05
1916.61,9.337048248826024e-05
1916.62,9.617988633070759e-05
1916.63,9.922141038756915e-05
1916.64,0.0001025125275263051
1916.65,0.00010607288042369422
1916.66,0.00010992474525097573
1916.67,0.00011409345784952595
1916.68,0.0001186078815536461
1916.69,0.00012350139573044647
1916.7,0.00012881044736062853
1916.71,0.00013457825066090108
1916.72,0.00014085367324491032
1916.73,0.00014769277872873744
1916.74,0.00015515997746896827
1916.75,0.00016332933771156892
1916.76,0.00017228622578466937
1916.77,0.00018212931487115235
1916.78,0.00019297310219461593
1916.79,0.00020495094614194205
1916.8,0.0002182187700280123
1916.81,0.00023296283152196673
1916.82,0.000249392518090169
1916.83,0.0002677665493151433
1916.84,0.0002883888515850161
1916.85,0.00031162253267607096
1916.86,0.00033790331038417113
1916.87,0.00036775625739605917
1916.88,0.00040181702637193974
1916.89,0.0004408563531639087
1916.9,0.0004858141376436588
1916.91,0.0005378368334342571
1916.92,0.0005983236863968488
1916.93,0.0006689784341133982
1916.94,0.0007518621752217042
1916.95,0.000849436026966913
1916.96,0.0009645691565328222
1916.97,0.0011004640437728992
1916.98,0.0012604102567908629
1916.99,0.0014472163655081158
1917.0,0.0016620986653371997
1917.01,0.0019027799488685686
1917.02,0.002160736139449219
1917.03,0.0024182025425447734
1917.04,0.002646886025382545
1917.05,0.0028115357820119305
1917.06,0.002880303656821248
1917.07,0.0028382079587587505
1917.08,0.0026945990163231934
1917.09,0.0024784354170993912
1917.1,0.002225323127495871
1917.11,0.001965822215871568
1917.12,0.001720257306940142
1917.13,0.0014991355096597026
1917.14,0.0013059665902584528
1917.15,0.0011401706626712619
1917.16,0.000999195235149604
1917.17,0.0008797971195437526
1917.18,0.0007787203509342901
1917.19,0.0006930036202286476
1917.2,0.0006200864472317927
1917.21,0.0005578153101651032
1917.22,0.0005044062880704415
1917.23,0.00045839320929542824
1917.24,0.00041857504672949063
1917.25,0.00038396840404269497
1917.26,0.00035376696872193957
1917.27,0.00032730794117700866
1917.28,0.00030404680198973003
1917.29,0.0002835270688702863
1917.3,0.0002653750398861936
1917.31,0.0002492774759269199
1917.32,0.00023497490222294898
1917.33,0.00022224253719715266
1917.34,0.00021089809667203032
1917.35,0.00020078593803114878
1917.36,0.00019177484529583997
1917.37,0.00018375439700669515
1917.38,0.00017663176022327537
1917.39,0.00017032934323897093
1917.4,0.00016478322770752945
1917.41,0.0001599426493938092
1917.42,0.0001557632959059461
1917.43,0.00015221517066894076
1917.44,0.00014927605184078194
1917.45,0.00014693238765188212
1917.46,0.0001451786339271908
1917.47,0.0001440163724153818
1917.48,0.0001434521626002901
1917.49,0.00014349562245428147
1917.5,0.00014288690127671296
1917.51,0.00014417841482270097
1917.52,0.00014610334709240144
1917.53,0.00014868797563272066
1917.54,0.00015198807464637375
1917.55,0.0001561089395944633
1917.56,0.00016119438663686112
1917.57,0.00016740941593893855
1917.58,0.00017491917307935244
1917.59,0.0001838707563805607
1917.6,0.00019437414748917035
1917.61,0.0002064760604473864
1917.62,0.0002201239449972214
1917.63,0.00023512337241680942
1917.64,0.00025109910323265107
1917.65,0.00026747824411447405
1917.66,0.00028352291932496704
1917.67,0.0002984404808914148
1917.68,0.0003115671263435015
1917.69,0.0003225457030308118
1917.7,0.00033135024157014665
1917.71,0.0003382098594779908
1917.72,0.00034342496491435664
1917.73,0.0003473042384459259
1917.74,0.00035005895707143224
1917.75,0.00035184582446292967
1917.76,0.00035279447200689345
1917.77,0.0003530398154645368
1917.78,0.0003527154213914191
1917.79,0.0003519222611748873
1917.8,0.0003507100676987174
1917.81,0.00034908117903425547
1917.82,0.000347048062262111
1917.83,0.0003446935189485336
1917.84,0.00034219058644074056
1917.85,0.0003397004059135389
1917.86,0.0003372236059452852
1917.87,0.00033457614615711143
1917.88,0.0003315688868233491
1917.89,0.0003282333148982971
1917.9,0.0003248494676850338
1917.91,0.0003217314095592519
1917.92,0.00031898120063884476
1917.93,0.0003171939847875926
1917.94,0.00031459179213827123
1917.95,0.00031174607328473815
1917.96,0.0003086589682391805
1917.97,0.00030545301994148945
1917.98,0.0003022965159673419
1917.99,0.0002993639126044861
1918.0,0.0002968402595877235
1918.01,0.00029486939078222777
1918.02,0.0002934066484076182
1918.03,0.0002921373495503345
1918.04,0.0002905795717256625
1918.05,0.0002883824823861099
1918.06,0.0002856023060592057
1918.07,0.00028273126670580977
1918.08,0.0002804378398145729
1918.09,0.0002791895708544307
1918.1,0.00027899676767598403
1918.11,0.000279385074593391
1918.12,0.0002796186025893085
1918.13,0.0002790824337452291
1918.14,0.0002776294704320081
1918.15,0.00027565420371693944
1918.16,0.0002738589255412533
1918.17,0.00027288183085668217
1918.18,0.0002730333192407342
1918.19,0.0002742636433066882
1918.2,0.00027632278309831776
1918.21,0.0002789562693719073
1918.22,0.00028197014268406214
1918.23,0.0002852038882923182
1918.24,0.0002885041070112923
1918.25,0.00029179173883249953
1918.26,0.00029512328636910155
1918.27,0.0002986870952448451
1918.28,0.0003027925172512442
1918.29,0.000307885995013451
1918.3,0.0003145147184729163
1918.31,0.0003231804368853802
1918.32,0.0003341492856855098
1918.33,0.00034732507271918695
1918.34,0.0003622579524056703
1918.35,0.00037833232206573546
1918.36,0.00039511921367354125
1918.37,0.0004127345866829997
1918.38,0.0004319635504917921
1918.39,0.00045406256442263453
1918.4,0.00048042464780087974
1918.41,0.0005123275581025264
1918.42,0.0005508501192114646
1918.43,0.0005969018213833044
1918.44,0.0006513135974780397
1918.45,0.0007149845014161879
1918.46,0.0007890820410318767
1918.47,0.0008752474908438645
1918.48,0.0009757349818133719
1918.49,0.0010934171009353848
1918.5,0.001231547370195202
1918.51,0.0013931327668344298
1918.52,0.0015798038751313238
1918.53,0.0017901028568529217
1918.54,0.002017190664914259
1918.55,0.0022463982623671195
1918.56,0.0024540213138392504
1918.57,0.0026098105564776675
1918.58,0.002684990176499666
1918.59,0.0026635967377701265
1918.6,0.0025500228989813905
1918.61,0.0023667419631904912
1918.62,0.0021441414286075306
1918.63,0.001910035280954187
1918.64,0.00168414329851502
1918.65,0.00147759875687463
1918.66,0.0012950217013181296
1918.67,0.001137015030794824
1918.68,0.0010020815196342175
1918.69,0.0008878086135300157
1918.7,0.0007915145909066357
1918.71,0.000710561147808998
1918.72,0.0006424701786582433
1918.73,0.0005849222591020332
1918.74,0.0005357282351466876
1918.75,0.0004928670796792604
1918.76,0.0004546465839407788
1918.77,0.0004199137552940074
1918.78,0.0003881285845926726
1918.79,0.0003592024479628764
1918.8,0.00033322628641324403
1918.81,0.0003102469561473189
1918.82,0.0002901911851036165
1918.83,0.0002728674279315147
1918.84,0.0002579940656912115
1918.85,0.00024522687446389287
1918.86,0.000234191592649191
1918.87,0.0002245306915034997
1918.88,0.00021593488878739493
1918.89,0.0002081224229264114
1918.9,0.00020078381306884235
1918.91,0.00019358007037692784
1918.92,0.00018624596259577872
1918.93,0.00017872239319669973
1918.94,0.00017118027099321712
1918.95,0.00016390139321280267
1918.96,0.00015712053286472426
1918.97,0.00015094226177717382
1918.98,0.00014536177992723347
1918.99,0.0001403477678020124
1919.0,0.00013591552944682396
1919.01,0.00013213868983605472
1919.02,0.00012910558050266703
1919.03,0.00012686301953197053
1919.04,0.00012537556066013553
1919.05,0.0001232725793264263
1919.06,0.0001227274293861784
1919.07,0.00012212865756690446
1919.08,0.00012108873649074933
1919.09,0.00011936141246010787
1919.1,0.00011693689420158396
1919.11,0.00011402480781833255
1919.12,0.00011094353859643306
1919.13,0.00010799834411154567
1919.14,0.00010540722083957085
1919.15,0.00010329083424463662
1919.16,0.00010170612629881046
1919.17,0.00010068439165808518
1919.18,0.00010024559057555801
1919.19,0.0001003884787255195
1919.2,0.00010107129723542525
1919.21,0.00010219364809204614
1919.22,0.0001035840154770085
1919.23,0.00010499846798678291
1919.24,0.00010613816413219153
1919.25,0.00010669233701755941
1919.26,0.00010640534305677225
1919.27,0.00010514265277979103
1919.28,0.00010292346933309496
1919.29,9.992172399674384e-05
1919.3,9.644288464495679e-05
1919.31,9.28477905034809e-05
1919.32,8.949027483509068e-05
1919.33,8.657300098404065e-05
1919.34,8.419016645926248e-05
1919.35,8.233525538173426e-05
1919.36,8.095781482402657e-05
1919.37,8.001408489046634e-05
1919.38,7.94870504396228e-05
1919.39,7.997055834431582e-05
1919.4,8.022695472325065e-05
1919.41,8.074542613892248e-05
1919.42,8.133123722849626e-05
1919.43,8.173493424253219e-05
1919.44,8.174009797911591e-05
1919.45,8.126635802142074e-05
1919.46,8.040346622762482e-05
1919.47,7.934418836495245e-05
1919.48,7.827942507713116e-05
1919.49,7.733749438365849e-05
1919.5,7.658841677661277e-05
1919.51,7.607724151747943e-05
1919.52,7.584619410676374e-05
1919.53,7.593563169987363e-05
1919.54,7.637768181369596e-05
1919.55,7.719425867261618e-05
1919.56,7.839920269504511e-05
1919.57,7.999864253707247e-05
1919.58,8.198699831726525e-05
1919.59,8.432362676995916e-05
1919.6,8.692208962917294e-05
1919.61,8.962374122335306e-05
1919.62,9.221148867822866e-05
1919.63,9.447443898844225e-05
1919.64,9.6307108920589e-05
1919.65,9.776731757731182e-05
1919.66,9.903395430877434e-05
1919.67,0.0001003069562513839
1919.68,0.0001017284308228245
1919.69,0.00010337846219148059
1919.7,0.0001053123370516641
1919.71,0.0001075914888746478
1919.72,0.00011028881203633126
1919.73,0.00011347423927529537
1919.74,0.0001172023808814244
1919.75,0.00012151378074574807
1919.76,0.00012643228802771948
1919.77,0.0001319755676933682
1919.78,0.00013816177022361997
1919.79,0.00014501147693254046
1919.8,0.00015253576444335985
1919.81,0.0001607159629360522
1919.82,0.0001694997381931943
1919.83,0.000178838618172269
1919.84,0.0001887605102398085
1919.85,0.00019942638632150676
1919.86,0.0002111214973000198
1919.87,0.00022419412168909276
1919.88,0.00023899853805112566
1919.89,0.00025587572861832006
1919.9,0.00027516568051513915
1919.91,0.00029723386161285023
1919.92,0.0003225027760761683
1919.93,0.0003514857190391199
1919.94,0.00038481787035956835
1919.95,0.00042328164609559707
1919.96,0.0004678207183186026
1919.97,0.0005195752057818069
1919.98,0.0005799105956084934
1919.99,0.0006504565599588792
1920.0,0.0007331284690920789
1920.01,0.0008301026020527746
1920.02,0.0009436981843512651
1920.03,0.001076100040503388
1920.04,0.001228816638925667
1920.05,0.001401718617559079
1920.06,0.0015914956983682205
1920.07,0.0017895975191546693
1920.08,0.0019803824542875036
1920.09,0.0021411699004462072
1920.1,0.0022462780140338045
1920.11,0.0022753327173521383
1920.12,0.002222039128444864
1920.13,0.0020972389735290763
1920.14,0.0019237809302247598
1920.15,0.001727281143846312
1920.16,0.0015288009712889632
1920.17,0.0013420392622259657
1920.18,0.0011739731968024472
1920.19,0.0010268547455016298
1920.2,0.0009001681511636378
1920.21,0.0007920426948662121
1920.22,0.0007001120335850693
1920.23,0.0006219722791367882
1920.24,0.0005553942209626763
1920.25,0.0004984052511391259
1920.26,0.0004493188415949401
1920.27,0.00040675074172930194
1920.28,0.00036961641902396377
1920.29,0.0003370880249470793
1920.3,0.00030852031740257195
1920.31,0.00028338231147768505
1920.32,0.0002612170521708491
1920.33,0.00024162528560052514
1920.34,0.00022425990532095856
1920.35,0.00020882203199187974
1920.36,0.00019505646207028168
1920.37,0.00018274541535383837
1920.38,0.00017170326832735054
1920.39,0.0001617736267837955
1920.4,0.00015282803673572488
1920.41,0.00014476302645617298
1920.42,0.0001374941487216632
1920.43,0.0001309483592638033
1920.44,0.0001250575081195386
1920.45,0.00011975095387004618
1920.46,0.00011494711531288281
1920.47,0.0001105463282780167
1920.48,0.00010643315556342427
1920.49,0.00010249699541057175
1920.5,9.866620410783775e-05
1920.51,9.493025688106002e-05
1920.52,9.132806067290357e-05
1920.53,8.791311296514216e-05
1920.54,8.472462211377277e-05
1920.55,8.177929091077284e-05
1920.56,7.907646754467184e-05
1920.57,7.660858163955992e-05
1920.58,7.436545620282599e-05
1920.59,7.233646440703627e-05
1920.6,7.051143494235031e-05
1920.61,6.888191173601787e-05
1920.62,6.630576530512575e-05
1920.63,6.505766679458143e-05
1920.64,6.399513960049071e-05
1920.65,6.312088809892822e-05
1920.66,6.243985699156917e-05
1920.67,6.19574935146396e-05
1920.68,6.16760745095776e-05
1920.69,6.158906083135236e-05
1920.7,6.167339110086699e-05
1920.71,6.188410225366271e-05
1920.72,6.215959517205453e-05
1920.73,6.24323372997867e-05
1920.74,6.265783590944876e-05
1920.75,6.281229427669231e-05
1920.76,6.28777864165617e-05
1920.77,6.282977551387753e-05
1920.78,6.264195233749672e-05
1920.79,6.231795015900618e-05
1920.8,6.190111649428182e-05
1920.81,6.146887395418702e-05
1920.82,6.111254292876826e-05
1920.83,6.0914868484677695e-05
1920.84,6.137943906993882e-05
1920.85,6.160895228140912e-05
1920.86,6.198146137918668e-05
1920.87,6.234549831952116e-05
1920.88,6.249537902603608e-05
1920.89,6.224996298833733e-05
1920.9,6.154891349074938e-05
1920.91,6.0480780553030336e-05
1920.92,5.925273195796656e-05
1920.93,5.804859823695955e-05
1920.94,5.6996732736905874e-05
1920.95,5.6135992714490096e-05
1920.96,5.5450545986722426e-05
1920.97,5.4893079363881614e-05
1920.98,5.441547092082347e-05
1920.99,5.399930786817563e-05
1921.0,5.3657293190562673e-05
1921.01,5.3416450006554276e-05
1921.02,5.329949380157963e-05
1921.03,5.331658912559073e-05
1921.04,5.3466414142225714e-05
1921.05,5.3741628513648766e-05
1921.06,5.413453535753502e-05
1921.07,5.4640918044154747e-05
1921.08,5.5260243737419194e-05
1921.09,5.5994736060406696e-05
1921.1,5.684804200148604e-05
1921.11,5.7824687712373804e-05
1921.12,5.893010517517182e-05
1921.13,6.017088981715967e-05
1921.14,6.155725097800682e-05
1921.15,6.309422997228991e-05
1921.16,6.479470113025431e-05
1921.17,6.666990355729983e-05
1921.18,6.873031292814069e-05
1921.19,7.098325605596202e-05
1921.2,7.342946823726117e-05
1921.21,7.60603378757025e-05
1921.22,7.885984037614789e-05
1921.23,8.181376485479401e-05
1921.24,8.49198527368069e-05
1921.25,8.818591450388657e-05
1921.26,9.161587494130762e-05
1921.27,9.520141743604145e-05
1921.28,9.893580742091373e-05
1921.29,0.00010284180002017558
1921.3,0.00010698733955238055
1921.31,0.00011147367183222087
1921.32,0.00011640997708279127
1921.33,0.00012189587239058756
1921.34,0.00012801866672835545
1921.35,0.00013485839218424847
1921.36,0.00014250115738790643
1921.37,0.0001510389170738551
1921.38,0.00016058016992345246
1921.39,0.00017125359071375944
1921.4,0.00018321320397550104
1921.41,0.00019664263169577657
1921.42,0.00021176282560416242
1921.43,0.000228837672194738
1921.44,0.00024818207618792105
1921.45,0.0002701711612991487
1921.46,0.0002952514473459418
1921.47,0.00032395570014355534
1921.48,0.0003568906571681763
1921.49,0.00039488893290536513
1921.5,0.00043889236521593716
1921.51,0.000490067964614598
1921.52,0.0005498071587239296
1921.53,0.0006197315284083512
1921.54,0.0007016107975423344
1921.55,0.0007972909392372763
1921.56,0.0009084930179482744
1921.57,0.001036320661746051
1921.58,0.0011804231153438175
1921.59,0.0013377808056906342
1921.6,0.0015010735012831351
1921.61,0.0016574545008763346
1921.62,0.00178861690283929
1921.63,0.001874188205816724
1921.64,0.0018981298631941487
1921.65,0.0018555318974445695
1921.66,0.0017548476254329016
1921.67,0.0016139808822039827
1921.68,0.0014533363451112624
1921.69,0.001289956717640581
1921.7,0.0011352125578780673
1921.71,0.000995066125638591
1921.72,0.0008717070577443158
1921.73,0.0007649127869703774
1921.74,0.0006733015925891807
1921.75,0.0005950274587169561
1921.76,0.0005281758396492893
1921.77,0.0004709893156128742
1921.78,0.0004219390407998189
1921.79,0.0003797413452562087
1921.8,0.0003432902930112606
1921.81,0.0003116775699859328
1921.82,0.00028414709966284585
1921.83,0.00026007053857949756
1921.84,0.00023891040540267085
1921.85,0.00022025787706136872
1921.86,0.00020375074345980714
1921.87,0.00018907428548889664
1921.88,0.00017599088010751896
1921.89,0.0001642822017796472
1921.9,0.00015377007116046932
1921.91,0.00014430369072222936
1921.92,0.00013574949998087176
1921.93,0.00012798911493966787
1921.94,0.00012096493448287238
1921.95,0.00011457689496319761
1921.96,0.00010875673322935867
1921.97,0.0001034454947605833
1921.98,9.859166188398658e-05
1921.99,9.414924716595315e-05
1922.0,9.007535246604346e-05
1922.01,8.632780818719622e-05
1922.02,8.285486744306436e-05
1922.03,7.961834886218591e-05
1922.04,7.660074389978302e-05
1922.05,7.376618557488053e-05
1922.06,7.110568118385821e-05
1922.07,6.86174900921943e-05
1922.08,6.629973685881086e-05
1922.09,6.414725558906767e-05
1922.1,6.215180036508765e-05
1922.11,6.030135497344965e-05
1922.12,5.858661202020123e-05
1922.13,5.7003423353583116e-05
1922.14,5.55396014754026e-05
1922.15,5.417582762860163e-05
1922.16,5.292944091699831e-05
1922.17,5.17831582876959e-05
1922.18,4.9699923011075584e-05
1922.19,4.874728385067608e-05
1922.2,4.788442583340834e-05
1922.21,4.7110005244115846e-05
1922.22,4.642079745640437e-05
1922.23,4.58236924729453e-05
1922.24,4.531774625991157e-05
1922.25,4.490653875692349e-05
1922.26,4.459380213548151e-05
1922.27,4.438505253515029e-05
1922.28,4.458716337593129e-05
1922.29,4.460291024356587e-05
1922.3,4.473363336467904e-05
1922.31,4.497705437224359e-05
1922.32,4.532810823596097e-05
1922.33,4.577873787056947e-05
1922.34,4.632583283364866e-05
1922.35,4.69504281824275e-05
1922.36,4.761732061355272e-05
1922.37,4.8268766884793515e-05
1922.38,4.88328565512219e-05
1922.39,4.9237260967813694e-05
1922.4,4.9446379590344326e-05
1922.41,4.947954727109877e-05
1922.42,4.9405031933092826e-05
1922.43,4.934837992498966e-05
1922.44,4.939805890434053e-05
1922.45,4.960375128435357e-05
1922.46,4.995113910901719e-05
1922.47,5.0343219334189864e-05
1922.48,5.0619981845269656e-05
1922.49,5.0617136084126566e-05
1922.5,5.024587226098061e-05
1922.51,4.953837950089164e-05
1922.52,4.8645143635954455e-05
1922.53,4.7722203895670064e-05
1922.54,4.689484039650956e-05
1922.55,4.6232077520570536e-05
1922.56,4.5761311004877475e-05
1922.57,4.5475182968824195e-05
1922.58,4.537552390356418e-05
1922.59,4.543017067858577e-05
1922.6,4.562054084544655e-05
1922.61,4.592740630097644e-05
1922.62,4.633702400683331e-05
1922.63,4.684377941449065e-05
1922.64,4.7449122530219294e-05
1922.65,4.815767436517077e-05
1922.66,4.897393936188454e-05
1922.67,4.9900239658229385e-05
1922.68,5.0940772357642066e-05
1922.69,5.209651623486062e-05
1922.7,5.337248573218989e-05
1922.71,5.4768009948405714e-05
1922.72,5.629236695058285e-05
1922.73,5.794962084899488e-05
1922.74,5.9765536406478644e-05
1922.75,6.174947527608945e-05
1922.76,6.391887883533708e-05
1922.77,6.629324868121527e-05
1922.78,6.889346467889238e-05
1922.79,7.174472393323342e-05
1922.8,7.487169458369749e-05
1922.81,7.829935306776837e-05
1922.82,8.204846635807249e-05
1922.83,8.612936899400839e-05
1922.84,9.053552721186898e-05
1922.85,9.524144111677296e-05
1922.86,0.00010021414755073723
1922.87,0.000105441494249966
1922.88,0.00011096281067797746
1922.89,0.00011688016690196736
1922.9,0.00012332985881388002
1922.91,0.00013047586127154872
1922.92,0.00013846357715866317
1922.93,0.00014744168669529503
1922.94,0.00015756568067611842
1922.95,0.00016900704579271827
1922.96,0.00018196084774630493
1922.97,0.00019666106360629985
1922.98,0.0002133820650225144
1922.99,0.0002324572081620613
1923.0,0.0002542882080022461
1923.01,0.0002793615403270586
1923.02,0.00030826524880696527
1923.03,0.00034170837478837127
1923.04,0.00038054079226936314
1923.05,0.00042577071511365374
1923.06,0.00047857292526679794
1923.07,0.0005402746660107464
1923.08,0.000612295193086567
1923.09,0.0006960002557173427
1923.1,0.0007924020321953361
1923.11,0.0009016499008097548
1923.12,0.0010221804765298823
1923.13,0.001149625767593335
1923.14,0.001275714261657537
1923.15,0.0013879326973878221
1923.16,0.00147103413146293
1923.17,0.0015109882868677789
1923.18,0.0015001648023975224
1923.19,0.0014406774742295619
1923.2,0.001343424667287643
1923.21,0.001223560374374065
1923.22,0.0010955292135071835
1923.23,0.0009701206617140655
1923.24,0.0008538656275803298
1923.25,0.0007498137210045615
1923.26,0.0006586935053574753
1923.27,0.0005799161670169606
1923.28,0.0005122708017538323
1923.29,0.00045433961981225144
1923.3,0.00040473481107567935
1923.31,0.00036218379905026337
1923.32,0.00032557911490520633
1923.33,0.00029397822661761906
1923.34,0.0002665894758028089
1923.35,0.00024275328194483405
1923.36,0.0002219219339933484
1923.37,0.0002036409465223306
1923.38,0.00018753272780321257
1923.39,0.0001732827049407888
1923.4,0.00016062819847446338
1923.41,0.0001493472256427383
1923.42,0.00013925383924249529
1923.43,0.00013019089621023162
1923.44,0.000122026333529511
1923.45,0.00011464926313756013
1923.46,0.00010796637208454317
1923.47,0.0001018978410991803
1923.48,9.637481092208401e-05
1923.49,9.133725406340231e-05
1923.5,8.672994620930023e-05
1923.51,8.251100958915695e-05
1923.52,7.86361258538983e-05
1923.53,7.506818700132352e-05
1923.54,7.177528094554288e-05
1923.55,6.873088871539544e-05
1923.56,6.591324790533584e-05
1923.57,6.33033828311804e-05
1923.58,6.088417210689515e-05
1923.59,5.863984339897304e-05
1923.6,5.655588278016946e-05
1923.61,5.461925237012934e-05
1923.62,5.281805723680891e-05
1923.63,5.1141678918451674e-05
1923.64,4.95806476256036e-05
1923.65,4.812655274429467e-05
1923.66,4.6771916539564706e-05
1923.67,4.551004311812373e-05
1923.68,4.433479411487312e-05
1923.69,4.324041961735485e-05
1923.7,4.2413117606247646e-05
1923.71,4.1464760458973646e-05
1923.72,4.0579151091057463e-05
1923.73,3.975551410666838e-05
1923.74,3.8988726263239245e-05
1923.75,3.827694213225195e-05
1923.76,3.761942518139463e-05
1923.77,3.61197350047367e-05
1923.78,3.557452560672707e-05
1923.79,3.5082505914867996e-05
1923.8,3.464340496131405e-05
1923.81,3.425708948240275e-05
1923.82,3.392355663222038e-05
1923.83,3.364286766933849e-05
1923.84,3.3415146501962415e-05
1923.85,3.3241220169910795e-05
1923.86,3.3123146689758804e-05
1923.87,3.306508511196755e-05
1923.88,3.306985212057908e-05
1923.89,3.3149957907287546e-05
1923.9,3.330939850437374e-05
1923.91,3.355456048726276e-05
1923.92,3.3890590479026686e-05
1923.93,3.43198714571148e-05
1923.94,3.483872279915931e-05
1923.95,3.5441363878918725e-05
1923.96,3.610881081883946e-05
1923.97,3.681847964203561e-05
1923.98,3.754572795482015e-05
1923.99,3.8269585776130255e-05
1924.0,3.8974280242038326e-05
1924.01,3.964504521087959e-05
1924.02,4.026411747922997e-05
1924.03,4.081764741502815e-05
1924.04,4.130360537450391e-05
1924.05,4.174286167650122e-05
1924.06,4.2151549890417614e-05
1924.07,4.25071011689896e-05
1924.08,4.2733137844060804e-05
1924.09,4.273100511473762e-05
1924.1,4.2441658437294903e-05
1924.11,4.1913092504796395e-05
1924.12,4.1254392323266296e-05
1924.13,4.059662699860976e-05
1924.14,4.003960532723501e-05
1924.15,3.963681519172746e-05
1924.16,3.940958203924621e-05
1924.17,3.935334441687332e-05
1924.18,3.9458757420078704e-05
1924.19,3.9711517532259445e-05
1924.2,4.010010334396026e-05
1924.21,4.0615688879323244e-05
1924.22,4.125393386776971e-05
1924.23,4.200719000579859e-05
1924.24,4.287558841285539e-05
1924.25,4.385939815271635e-05
1924.26,4.496338570630049e-05
1924.27,4.618651619287353e-05
1924.28,4.7537215833957656e-05
1924.29,4.9023227476917e-05
1924.3,5.06541666005778e-05
1924.31,5.2441651415261354e-05
1924.32,5.43994168363041e-05
1924.33,5.654338084349959e-05
1924.34,5.889190860297086e-05
1924.35,6.146599604937907e-05
1924.36,6.428929048990524e-05
1924.37,6.738901703160483e-05
1924.38,7.079641451064924e-05
1924.39,7.454545170096747e-05
1924.4,7.867292375122615e-05
1924.41,8.320810885078725e-05
1924.42,8.816818248791937e-05
1924.43,9.355159320722003e-05
1924.44,9.934158529913052e-05
1924.45,0.00010552474796708166
1924.46,0.00011213838812606363
1924.47,0.0001192822631146722
1924.48,0.0001271275924916794
1924.49,0.00013588616438947262
1924.5,0.00014578310345180346
1924.51,0.0001570479521636177
1924.52,0.0001699228041636068
1924.53,0.00018467737052686747
1924.54,0.00020162517426108444
1924.55,0.00022113903846371756
1924.56,0.00024366414930843648
1924.57,0.0002697398629948038
1924.58,0.0003000037680134416
1924.59,0.0003352090191848482
1924.6,0.0003762235209027077
1924.61,0.0004240100323660483
1924.62,0.0004795662450838886
1924.63,0.0005437975677329156
1924.64,0.0006172691336715388
1924.65,0.0006997935810512247
1924.66,0.0007898099177636169
1924.67,0.0008836085584615441
1924.68,0.0009746614893286692
1924.69,0.0010536183474670461
1924.7,0.001109671768625721
1924.71,0.0011334970862048608
1924.72,0.0011206996516875906
1924.73,0.0010736874692140112
1924.74,0.001000617174156552
1924.75,0.0009121944234718991
1924.76,0.000818412448763379
1924.77,0.0007266953796613867
1924.78,0.000641557653274928
1924.79,0.0005651394244543199
1924.8,0.000497983438504451
1924.81,0.00043971089543967857
1924.82,0.0003894932542829504
1924.83,0.0003463446527966084
1924.84,0.00030927849718383427
1924.85,0.000277385705425398
1924.86,0.0002498628844900035
1924.87,0.00022602092401437698
1924.88,0.0002052805678743167
1924.89,0.0001871621956696192
1924.9,0.00017127125040385815
1924.91,0.00015728230523589463
1924.92,0.0001449242285760439
1924.93,0.00013396929433849095
1924.94,0.00012422513320803027
1924.95,0.00011552880388055694
1924.96,0.00010774209104464676
1924.97,0.0001007475913696404
1924.98,9.444539929153467e-05
1924.99,8.87502911961925e-05
1925.0,8.35893767066094e-05
1925.01,7.890009590040104e-05
1925.02,7.462858611573437e-05
1925.03,7.072831303506677e-05
1925.04,6.715894735561574e-05
1925.05,6.38854421842167e-05
1925.06,6.0877264757813465e-05
1925.07,5.8107462615772083e-05
1925.08,5.5553208304561156e-05
1925.09,5.3193650385012316e-05
1925.1,5.11064080385422e-05
1925.11,4.908441494507271e-05
1925.12,4.720865990781042e-05
1925.13,4.546662183670503e-05
1925.14,4.3846983940000054e-05
1925.15,4.2337355875959714e-05
1925.16,4.093399536535299e-05
1925.17,3.9626174663201704e-05
1925.18,3.840660566433682e-05
1925.19,3.726870262688383e-05
1925.2,3.62065828195336e-05
1925.21,3.521496051130499e-05
1925.22,3.428889858969107e-05
1925.23,3.342346425565467e-05
1925.24,3.261351979846135e-05
1925.25,3.1853889101128714e-05
1925.26,3.1139968703700243e-05
1925.27,3.0468470578767614e-05
1925.28,2.983766864228038e-05
1925.29,2.9246901491944835e-05
1925.3,2.869578340202013e-05
1925.31,2.818349640305994e-05
1925.32,2.7709453096163123e-05
1925.33,2.727226839839523e-05
1925.34,2.6870719365368623e-05
1925.35,2.650371092899287e-05
1925.36,2.5418797956811412e-05
1925.37,2.5122487097056e-05
1925.38,2.4858611297161936e-05
1925.39,2.4626760932151698e-05
1925.4,2.442630733742765e-05
1925.41,2.4256477551723686e-05
1925.42,2.41164096995389e-05
1925.43,2.400557821024154e-05
1925.44,2.3924430351113493e-05
1925.45,2.3874810332104293e-05
1925.46,2.385984710462425e-05
1925.47,2.3883457872155902e-05
1925.48,2.3949878827493827e-05
1925.49,2.406366787116744e-05
1925.5,2.4229508987765765e-05
1925.51,2.445236883982614e-05
1925.52,2.4737264981219628e-05
1925.53,2.5088753685764204e-05
1925.54,2.551002212089441e-05
1925.55,2.6001585651096934e-05
1925.56,2.6559719391013046e-05
1925.57,2.7176213929332692e-05
1925.58,2.783896566695913e-05
1925.59,2.8537118146231315e-05
1925.6,2.9267633252348274e-05
1925.61,3.003965102768456e-05
1925.62,3.087095653800226e-05
1925.63,3.1775247170283176e-05
1925.64,3.2743916208032126e-05
1925.65,3.3731330568239787e-05
1925.66,3.465275014017349e-05
1925.67,3.539665855991838e-05
1925.68,3.5852539765920004e-05
1925.69,3.5964630974684295e-05
1925.7,3.57382902338426e-05
1925.71,3.526815438274721e-05
1925.72,3.4691417955526244e-05
1925.73,3.413675440830649e-05
1925.74,3.369309234493236e-05
1925.75,3.3404953154705913e-05
1925.76,3.329043223486337e-05
1925.77,3.334564192572496e-05
1925.78,3.3560768915838245e-05
1925.79,3.392440861886717e-05
1925.8,3.442645992010716e-05
1925.81,3.50619838928498e-05
1925.82,3.582077819395337e-05
1925.83,3.670330980527191e-05
1925.84,3.770773210883475e-05
1925.85,3.8841723260021314e-05
1925.86,4.010933810421342e-05
1925.87,4.151511704965882e-05
1925.88,4.307008900113138e-05
1925.89,4.47862934443041e-05
1925.9,4.6678426583383495e-05
1925.91,4.876417494122544e-05
1925.92,5.1064577249713224e-05
1925.93,5.360441798340606e-05
1925.94,5.6412467723485655e-05
1925.95,5.952246356761777e-05
1925.96,6.297215740562145e-05
1925.97,6.680326219763938e-05
1925.98,7.105916772831496e-05
1925.99,7.578096244683377e-05
1926.0,8.100058864048505e-05
1926.01,8.673422245353433e-05
1926.02,9.298154624336185e-05
1926.03,9.97412650388816e-05
1926.04,0.00010704648334192155
1926.05,0.00011500369856923846
1926.06,0.00012380660325341813
1926.07,0.0001337156889161676
1926.08,0.00014502634744205937
1926.09,0.0001580515802577276
1926.1,0.0001731250841561596
1926.11,0.00019061580287544063
1926.12,0.00021094455972294553
1926.13,0.00023459591083332948
1926.14,0.00026212217754621346
1926.15,0.00029413283812098484
1926.16,0.0003312591471660129
1926.17,0.0003740745180198046
1926.18,0.0004229563716166417
1926.19,0.0004778294031890329
1926.2,0.0005378060301075007
1926.21,0.0006007185314107741
1926.22,0.0006626867886813882
1926.23,0.0007180211513274172
1926.24,0.0007598745644688407
1926.25,0.0007818582602388177
1926.26,0.0007801769265034011
1926.27,0.0007551397729118855
1926.28,0.000711029999684663
1926.29,0.0006544253879381211
1926.3,0.0005920773136967102
1926.31,0.0005294235260002495
1926.32,0.0004700656248330548
1926.33,0.0004159407464205639
1926.34,0.0003677777715047403
1926.35,0.00032555918806795336
1926.36,0.00028887248354221166
1926.37,0.00025713647951403106
1926.38,0.00022973013452024839
1926.39,0.00020605840376525757
1926.4,0.0001855819490247239
1926.41,0.0001678273702338033
1926.42,0.0001523874836769294
1926.43,0.00013891639910827683
1926.44,0.00012712253016072442
1926.45,0.00011676119486367561
1926.46,0.00010762734712755996
1926.47,9.954892649558854e-05
1926.48,9.238085998717051e-05
1926.49,8.599944956713413e-05
1926.5,8.029752275774308e-05
1926.51,7.518007373511335e-05
1926.52,7.056218484849057e-05
1926.53,6.636722529327705e-05
1926.54,6.25326864678554e-05
1926.55,5.9011119980378844e-05
1926.56,5.576997207340127e-05
1926.57,5.2784606896328516e-05
1926.58,5.004131622680448e-05
1926.59,4.752042739561052e-05
1926.6,4.520400976115261e-05
1926.61,4.3074048488793175e-05
1926.62,4.111317124565351e-05
1926.63,3.9305205799539544e-05
1926.64,3.763545458434889e-05
1926.65,3.609075162171416e-05
1926.66,3.465939639097076e-05
1926.67,3.333103301098596e-05
1926.68,3.209649195842415e-05
1926.69,3.094763839202594e-05
1926.7,2.9877183731008352e-05
1926.71,2.8878742155021243e-05
1926.72,2.7946535011151253e-05
1926.73,2.7075360831241545e-05
1926.74,2.6260366645553757e-05
1926.75,2.549777205892955e-05
1926.76,2.4783599685601666e-05
1926.77,2.4114448616925485e-05
1926.78,2.3487260065741712e-05
1926.79,2.2899277548967552e-05
1926.8,2.2348010389115207e-05
1926.81,2.1831199015402016e-05
1926.82,2.1346789180969037e-05
1926.83,2.08929120752492e-05
1926.84,2.046786773684522e-05
1926.85,2.007011141914596e-05
1926.86,1.969824383680186e-05
1926.87,1.9351005508775722e-05
1926.88,1.9027273138520132e-05
1926.89,1.872605438771583e-05
1926.9,1.844647705758493e-05
1926.91,1.818778598392147e-05
1926.92,1.7949322088950465e-05
1926.93,1.7730524660316475e-05
1926.94,1.7530927480708673e-05
1926.95,1.735015835007823e-05
1926.96,1.7187943221923692e-05
1926.97,1.6446348231972366e-05
1926.98,1.632394645452198e-05
1926.99,1.6219862854339714e-05
1927.0,1.6134263824258154e-05
1927.01,1.6067447131472646e-05
1927.02,1.6019826175783443e-05
1927.03,1.5991993636516853e-05
1927.04,1.5984644146838813e-05
1927.05,1.599860056226658e-05
1927.06,1.6034886402298803e-05
1927.07,1.6094375231934312e-05
1927.08,1.6177785709707526e-05
1927.09,1.6285671492975252e-05
1927.1,1.6418794963849727e-05
1927.11,1.6578742734912232e-05
1927.12,1.6768301722603786e-05
1927.13,1.6991438478125022e-05
1927.14,1.7252804749256437e-05
1927.15,1.7557746342645263e-05
1927.16,1.7912236674097713e-05
1927.17,1.832240911910147e-05
1927.18,1.8793678189569547e-05
1927.19,1.933001409025082e-05
1927.2,1.993413481713941e-05
1927.21,2.0608964368047027e-05
1927.22,2.1359640742948242e-05
1927.23,2.2193495068182845e-05
1927.24,2.311431418660479e-05
1927.25,2.4105885413479412e-05
1927.26,2.5127482840176216e-05
1927.27,2.608415901485969e-05
1927.28,2.6863200968392515e-05
1927.29,2.7365496298432963e-05
1927.3,2.7562178298186174e-05
1927.31,2.7506682541980838e-05
1927.32,2.7305804539458824e-05
1927.33,2.7073743235719283e-05
1927.34,2.689726310711178e-05
1927.35,2.6821843790083607e-05
1927.36,2.686370857158417e-05
1927.37,2.701588412259218e-05
1927.38,2.7269685277199338e-05
1927.39,2.7622719263787264e-05
1927.4,2.8080215482488575e-05
1927.41,2.8651243567070752e-05
1927.42,2.9344818152392896e-05
1927.43,3.016839615023611e-05
1927.44,3.112836295788392e-05
1927.45,3.223124177308892e-05
1927.46,3.348482798219609e-05
1927.47,3.489903002348696e-05
1927.48,3.64864751105717e-05
1927.49,3.826299475046531e-05
1927.5,4.024808187677407e-05
1927.51,4.246537221606521e-05
1927.52,4.4943149759704095e-05
1927.53,4.771478754076177e-05
1927.54,5.081890019588496e-05
1927.55,5.429857322535958e-05
1927.56,5.820053985757689e-05
1927.57,6.256992750772956e-05
1927.58,6.744510257153105e-05
1927.59,7.28504745375747e-05
1927.6,7.879441631681489e-05
1927.61,8.528191566847274e-05
1927.62,9.234778696677005e-05
1927.63,0.000100098337459111
1927.64,0.00010873187105800311
1927.65,0.0001185234894751954
1927.66,0.0001297908422578228
1927.67,0.00014286865515143453
1927.68,0.0001581010198973261
1927.69,0.0001758419191963458
1927.7,0.0001964498552281854
1927.71,0.0002202637268216805
1927.72,0.00024754714670759825
1927.73,0.00027838618258682504
1927.74,0.00031252630684585486
1927.75,0.00034914712218739986
1927.76,0.00038661043381157256
1927.77,0.00042228682316533637
1927.78,0.0004526446281075092
1927.79,0.0004738067132457698
1927.8,0.0004825456280609427
1927.81,0.0004773897747717682
1927.82,0.00045919048882619334
1927.83,0.00043078667477850283
1927.84,0.0003959904136778228
1927.85,0.0003585007675077056
1927.86,0.00032121565564932945
1927.87,0.0002860305821101754
1927.88,0.0002539601510738212
1927.89,0.0002253817142916863
1927.9,0.0002002732206305634
1927.91,0.0001783942768201769
1927.92,0.0001594066288730504
1927.93,0.00014294673920400746
1927.94,0.00012866609266718327
1927.95,0.0001162508944613009
1927.96,0.00010542871979880505
1927.97,9.596731538715668e-05
1927.98,8.766975362673287e-05
1927.99,8.036899026594037e-05
1928.0,7.392338263406895e-05
1928.01,6.821326912444951e-05
1928.02,6.313802842981988e-05
1928.03,5.861154460053014e-05
1928.04,5.456548918538133e-05
1928.05,5.093770477487018e-05
1928.06,4.767642390795531e-05
1928.07,4.4737430651296886e-05
1928.08,4.208294557452365e-05
1928.09,3.968071434018011e-05
1928.1,3.750322712362414e-05
1928.11,3.5527038512474684e-05
1928.12,3.373215236385442e-05
1928.13,3.210141494832125e-05
1928.14,3.0619835242678534e-05
1928.15,2.9273696268917683e-05
1928.16,2.8049338808878616e-05
1928.17,2.6931598160292714e-05
1928.18,2.5902269965876687e-05
1928.19,2.4939711297019328e-05
1928.2,2.402114936056275e-05
1928.21,2.312807680511914e-05
1928.22,2.2251917287674025e-05
1928.23,2.139537018301531e-05
1928.24,2.0568133626338043e-05
1928.25,1.978063719174108e-05
1928.26,1.903994120113641e-05
1928.27,1.834880710774071e-05
1928.28,1.77066339816799e-05
1928.29,1.7110830478053863e-05
1928.3,1.6557908220902782e-05
1928.31,1.6044183397588454e-05
1928.32,1.5566151463272036e-05
1928.33,1.5120646465291906e-05
1928.34,1.4704869397568748e-05
1928.35,1.4316366577665815e-05
1928.36,1.3952687170940697e-05
1928.37,1.361248469545639e-05
1928.38,1.3293767511387314e-05
1928.39,1.2995013866099172e-05
1928.4,1.2714871925199594e-05
1928.41,1.2452152467614369e-05
1928.42,1.2205817748506977e-05
1928.43,1.1974961622517056e-05
1928.44,1.1758785134977042e-05
1928.45,1.1556574282971344e-05
1928.46,1.1367684798168156e-05
1928.47,1.1191534637322873e-05
1928.48,1.1027601010554897e-05
1928.49,1.0875418620005837e-05
1928.5,1.073457768608976e-05
1928.51,1.0604721680221092e-05
1928.52,1.048550169416102e-05
1928.53,1.0376748132100273e-05
1928.54,1.0278208076406246e-05
1928.55,1.0189718363716638e-05
1928.56,1.0111161453695933e-05
1928.57,1.0042465956405787e-05
1928.58,9.98360853095381e-06
1928.59,9.934616998228039e-06
1928.6,9.448821093746028e-06
1928.61,9.422152837456348e-06
1928.62,9.405751931480399e-06
1928.63,9.399879919300659e-06
1928.64,9.404888075996646e-06
1928.65,9.421230950571798e-06
1928.66,9.44949789011744e-06
1928.67,9.490427798148782e-06
1928.68,9.544908864951503e-06
1928.69,9.613993474254043e-06
1928.7,9.698931136315952e-06
1928.71,9.801212868837325e-06
1928.72,9.922657505750081e-06
1928.73,1.00643053432094e-05
1928.74,1.0231495478002288e-05
1928.75,1.0426651832731616e-05
1928.76,1.0654358185371205e-05
1928.77,1.0920237455186094e-05
1928.78,1.123102900227606e-05
1928.79,1.1594542825993119e-05
1928.8,1.201939902317901e-05
1928.81,1.2511450641397033e-05
1928.82,1.3081280181456436e-05
1928.83,1.3725037209103906e-05
1928.84,1.4427404028431189e-05
1928.85,1.5152034048624304e-05
1928.86,1.5841296099321138e-05
1928.87,1.6432916264089664e-05
1928.88,1.689235768939741e-05
1928.89,1.7235840779747853e-05
1928.9,1.7517547335324326e-05
1928.91,1.7790560968175494e-05
1928.92,1.8075453158170516e-05
1928.93,1.835629804359229e-05
1928.94,1.860160431328248e-05
1928.95,1.879445085197614e-05
1928.96,1.8950336326167054e-05
1928.97,1.9109803017955248e-05
1928.98,1.9324175658677813e-05
1928.99,1.9630250905514694e-05
1929.0,2.0050067637286935e-05
1929.01,2.0590672564055258e-05
1929.02,2.1247676419582552e-05
1929.03,2.2009564580891433e-05
1929.04,2.2863745855568714e-05
1929.05,2.380452813721836e-05
1929.06,2.483970484445629e-05
1929.07,2.599132791858633e-05
1929.08,2.7290634432682928e-05
1929.09,2.8771854429942237e-05
1929.1,3.0468925067495357e-05
1929.11,3.2415396499968506e-05
1929.12,3.4645682886978686e-05
1929.13,3.719583413012644e-05
1929.14,4.0102602906371485e-05
1929.15,4.33999801714948e-05
1929.16,4.711298115496062e-05
1929.17,5.125007491242103e-05
1929.18,5.5802031006352385e-05
1929.19,6.0752100583372066e-05
1929.2,6.610969074878484e-05
1929.21,7.195002781993661e-05
1929.22,7.843263124239262e-05
1929.23,8.578184267792135e-05
1929.24,9.424523014271007e-05
1929.25,0.00010405611630231112
1929.26,0.00011540805253471848
1929.27,0.00012843011701519486
1929.28,0.0001431472801466519
1929.29,0.00015941537207962247
1929.3,0.00017682923158243428
1929.31,0.00019462143155487237
1929.32,0.00021159547341359437
1929.33,0.00022616827258870178
1929.34,0.00023659711017978596
1929.35,0.00024139429932438085
1929.36,0.00023979181378078467
1929.37,0.00023201542110706043
1929.38,0.00021919965036874315
1929.39,0.0002029954426592258
1929.4,0.000185111177276826
1929.41,0.00016696054434234687
1929.42,0.00014953465920720764
1929.43,0.00013341714193337872
1929.44,0.00011887566476796041
1929.45,0.00010596614824368861
1929.46,9.461947063776297e-05
1929.47,8.470289600180964e-05
1929.48,7.605911189982248e-05
1929.49,6.852884467449725e-05
1929.5,6.196269295242447e-05
1929.51,5.622638231070017e-05
1929.52,5.120227662921802e-05
1929.53,4.6787843269766025e-05
1929.54,4.289854534368568e-05
1929.55,3.945966469396776e-05
1929.56,3.640881848694554e-05
1929.57,3.3693212770126344e-05
1929.58,3.1268107059427214e-05
1929.59,2.9095655272595135e-05
1929.6,2.7143605374747253e-05
1929.61,2.5384517312215728e-05
1929.62,2.3794965237400932e-05
1929.63,2.2354901100026207e-05
1929.64,2.1047122788878722e-05
1929.65,1.9856826253774134e-05
1929.66,1.8771220220272946e-05
1929.67,1.777917786035403e-05
1929.68,1.6870886800156287e-05
1929.69,1.6037580200333472e-05
1929.7,1.5271195651193363e-05
1929.71,1.4564364412027677e-05
1929.72,1.3910631979844302e-05
1929.73,1.330485680011399e-05
1929.74,1.2743415838691631e-05
1929.75,1.2223939112505425e-05
1929.76,1.1744780704868776e-05
1929.77,1.130461380911095e-05
1929.78,1.0902295034312795e-05
1929.79,1.0536897221268336e-05
1929.8,1.0207747251333402e-05
1929.81,9.914346170990165e-06
1929.82,9.65606151607718e-06
1929.83,9.431459811128666e-06
1929.84,9.237148876303416e-06
1929.85,9.066161888491174e-06
1929.86,8.906440767687645e-06
1929.87,8.740880578312327e-06
1929.88,8.550783240202225e-06
1929.89,8.322747548949396e-06
1929.9,8.055000688208007e-06
1929.91,7.757878200820191e-06
1929.92,7.447999992027461e-06
1929.93,7.141122306073823e-06
1929.94,6.848120909012752e-06
1929.95,6.5745679434870295e-06
1929.96,6.322121496802075e-06
1929.97,6.090156450064598e-06
1929.98,5.876612136864845e-06
1929.99,5.680182830539429e-06
1930.0,5.498491130322211e-06
