nu_cm-1,alpha_cm-1_at_x=0.06
6040.0,3.5848265211301865e-09
6040.01,3.619254743741488e-09
6040.02,3.6541948048525943e-09
6040.03,3.6896575743532373e-09
6040.04,3.725654276659864e-09
6040.05,3.762196513137455e-09
6040.06,3.799296287447812e-09
6040.07,3.836966034350655e-09
6040.08,3.875218652720411e-09
6040.09,3.914067543633215e-09
6040.1,3.95352665474203e-09
6040.11,3.99361053234389e-09
6040.12,4.0343343830396225e-09
6040.13,4.075714147296999e-09
6040.14,4.11776658800775e-09
6040.15,4.160509397803304e-09
6040.16,4.20396132996225e-09
6040.17,4.248142358707979e-09
6040.18,4.293073875843039e-09
6040.19,4.338778931028824e-09
6040.2,4.3852825221142724e-09
6040.21,4.4326119370935574e-09
6040.22,4.480797136527951e-09
6040.23,4.529871135143935e-09
6040.24,4.5798702776722185e-09
6040.25,4.6308341507923235e-09
6040.26,4.682804687779579e-09
6040.27,4.735823820307815e-09
6040.28,4.799294169484439e-09
6040.29,4.854546305550723e-09
6040.3,4.94025981915628e-09
6040.31,4.997791185169559e-09
6040.32,5.056281953555453e-09
6040.33,5.1156246039615445e-09
6040.34,5.175752364703076e-09
6040.35,5.2366959587031865e-09
6040.36,5.2985981229704525e-09
6040.37,5.36167441207445e-09
6040.38,5.42615357421833e-09
6040.39,5.492237673610264e-09
6040.4,5.560094140597116e-09
6040.41,5.6298681500103455e-09
6040.42,5.701700399263656e-09
6040.43,5.775761617432635e-09
6040.44,5.85218585732716e-09
6040.45,5.931192801398799e-09
6040.46,6.013012754507554e-09
6040.47,6.097903124552237e-09
6040.48,6.1861371227013406e-09
6040.49,6.2779788359323344e-09
6040.5,6.37362675935104e-09
6040.51,6.4731613913522325e-09
6040.52,6.576394500150037e-09
6040.53,6.682740733108786e-09
6040.54,6.791074106732317e-09
6040.55,6.89967532304401e-09
6040.56,7.006360739649187e-09
6040.57,7.108839425497553e-09
6040.58,7.205237111930262e-09
6040.59,7.294644494763613e-09
6040.6,7.377517812310731e-09
6040.61,7.455710064048629e-09
6040.62,7.53197628762393e-09
6040.63,7.609155134352771e-09
6040.64,7.689503545057207e-09
6040.65,7.774551285509105e-09
6040.66,7.864862656532177e-09
6040.67,7.960791092294072e-09
6040.68,8.06238212763705e-09
6040.69,8.169591113941168e-09
6040.7,8.282383022225657e-09
6040.71,8.40078140837276e-09
6040.72,8.524893528652216e-09
6040.73,8.654917147657245e-09
6040.74,8.791137277328688e-09
6040.75,8.933902605981788e-09
6040.76,9.083578575672026e-09
6040.77,9.24044393712779e-09
6040.78,9.404513911568588e-09
6040.79,9.575269123522295e-09
6040.8,9.751324223336762e-09
6040.81,9.930168698081177e-09
6040.82,1.0108239817017447e-08
6040.83,1.0281582327714723e-08
6040.84,1.044704959085907e-08
6040.85,1.0603510971330472e-08
6040.86,1.0752334712992088e-08
6040.87,1.0896843580034351e-08
6040.88,1.1041130736328336e-08
6040.89,1.1188927849822551e-08
6040.9,1.1342977307448436e-08
6040.91,1.1504937745148571e-08
6040.92,1.167560313710937e-08
6040.93,1.1855204243973497e-08
6040.94,1.2043658798486988e-08
6040.95,1.22407382583345e-08
6040.96,1.24461571007621e-08
6040.97,1.2659626622052363e-08
6040.98,1.288090119967096e-08
6040.99,1.3109833628267896e-08
6041.0,1.3346421856781854e-08
6041.01,1.3590854770909847e-08
6041.02,1.3843329690450707e-08
6041.03,1.4104214667702388e-08
6041.04,1.4373861957997043e-08
6041.05,1.4652629812983657e-08
6041.06,1.49408942375576e-08
6041.07,1.523906848594299e-08
6041.08,1.5547629113760663e-08
6041.09,1.586714587533312e-08
6041.1,1.6198315564136197e-08
6041.11,1.6541986637631165e-08
6041.12,1.6899117461714383e-08
6041.13,1.7270492785355095e-08
6041.14,1.765600444716791e-08
6041.15,1.8053869267206647e-08
6041.16,1.8461580443438465e-08
6041.17,1.8879161219334078e-08
6041.18,1.931068630657983e-08
6041.19,1.9761757917876848e-08
6041.2,2.0236938384506518e-08
6041.21,2.0739230422654447e-08
6041.22,2.126904962752216e-08
6041.23,2.1820725406423768e-08
6041.24,2.238028598009988e-08
6041.25,2.293369140367928e-08
6041.26,2.3481829633263113e-08
6041.27,2.4040713952580887e-08
6041.28,2.462653298151711e-08
6041.29,2.5247165468151028e-08
6041.3,2.5904426308580656e-08
6041.31,2.6598133642505742e-08
6041.32,2.7328013858032457e-08
6041.33,2.809408536960388e-08
6041.34,2.889647643669215e-08
6041.35,2.9735131846735705e-08
6041.36,3.060976632386494e-08
6041.37,3.1519168047097354e-08
6041.38,3.246258270955294e-08
6041.39,3.3439787297539065e-08
6041.4,3.445220601277813e-08
6041.41,3.55035456253837e-08
6041.42,3.6599635672834795e-08
6041.43,3.774754868719047e-08
6041.44,3.8954578855348195e-08
6041.45,4.022763111317634e-08
6041.46,4.157315823656124e-08
6041.47,4.2997445292932174e-08
6041.48,4.4507059394514415e-08
6041.49,4.610928429834475e-08
6041.5,4.781262657177201e-08
6041.51,4.9627177656461465e-08
6041.52,5.156551240183665e-08
6041.53,5.3643514455278566e-08
6041.54,5.5881791023802744e-08
6041.55,5.830755388623018e-08
6041.56,6.09566349374822e-08
6041.57,6.387356032194953e-08
6041.58,6.710262820077658e-08
6041.59,7.065421589466045e-08
6041.6,7.443564168790853e-08
6041.61,7.820511421695993e-08
6041.62,8.169668349232413e-08
6041.63,8.48849311315317e-08
6041.64,8.803585993290311e-08
6041.65,9.146388346012715e-08
6041.66,9.53478697753109e-08
6041.67,9.974500618881273e-08
6041.68,1.0466521675915796e-07
6041.69,1.1011579418307166e-07
6041.7,1.1611618798966256e-07
6041.71,1.2270040705472405e-07
6041.72,1.2991635043537725e-07
6041.73,1.3782514106651058e-07
6041.74,1.46501154817439e-07
6041.75,1.5603278073033492e-07
6041.76,1.6652403108163912e-07
6041.77,1.7809659944810387e-07
6041.78,1.9089296069059613e-07
6041.79,2.0508005598020878e-07
6041.8,2.2085373530673606e-07
6041.81,2.3844395226014663e-07
6041.82,2.581208874620036e-07
6041.83,2.8020223027396934e-07
6041.84,3.0513310486902787e-07
6041.85,3.3321126034890766e-07
6041.86,3.650251285965498e-07
6041.87,4.011814040708018e-07
6041.88,4.4238728505675627e-07
6041.89,4.894588143985067e-07
6041.9,5.433224446607708e-07
6041.91,6.050036556915355e-07
6041.92,6.75591963133664e-07
6041.93,7.561629700747815e-07
6041.94,8.476280211307745e-07
6041.95,9.504769678395989e-07
6041.96,1.0643249852429314e-06
6041.97,1.1875719456820195e-06
6041.98,1.3164771800175107e-06
6041.99,1.4447446637475437e-06
6042.0,1.5633275700151644e-06
6042.01,1.6611291845051387e-06
6042.02,1.7268800089081197e-06
6042.03,1.751868649110229e-06
6042.04,1.7325420995422934e-06
6042.05,1.6716727761287587e-06
6042.06,1.577442660492045e-06
6042.07,1.4609596742798566e-06
6042.08,1.3334659579856847e-06
6042.09,1.2043326988973938e-06
6042.1,1.08021110515565e-06
6042.11,9.65146831652038e-07
6042.12,8.609541848333618e-07
6042.13,7.681618472287823e-07
6042.14,6.863609256839009e-07
6042.15,6.146790380516225e-07
6042.16,5.520512372164638e-07
6042.17,4.9738155538647e-07
6042.18,4.496304101213653e-07
6042.19,4.07855624867609e-07
6042.2,3.712263015879873e-07
6042.21,3.3902188408768187e-07
6042.22,3.106238940292118e-07
6042.23,2.8550466140432623e-07
6042.24,2.632154180293042e-07
6042.25,2.4337496237161505e-07
6042.26,2.2565943894918927e-07
6042.27,2.0979340954861973e-07
6042.28,1.9554220273815764e-07
6042.29,1.8270543754796707e-07
6042.3,1.711115819812e-07
6042.31,1.6061340106705392e-07
6042.32,1.5108415777307121e-07
6042.33,1.4241444482523304e-07
6042.34,1.3450954204748725e-07
6042.35,1.2728789220862774e-07
6042.36,1.2067652926343397e-07
6042.37,1.1461361828706697e-07
6042.38,1.0904640309794171e-07
6042.39,1.0392293761609564e-07
6042.4,1.0049960270835948e-07
6042.41,9.615063842700752e-08
6042.42,9.213500527981656e-08
6042.43,8.842357155179903e-08
6042.44,8.499050471065858e-08
6042.45,8.181286387708605e-08
6042.46,7.887025169130449e-08
6042.47,7.614451658787242e-08
6042.48,7.361949800772405e-08
6042.49,7.128080864205807e-08
6042.5,6.911564552673284e-08
6042.51,6.711263080730322e-08
6042.52,6.52616675581533e-08
6042.53,6.355380775398409e-08
6042.54,6.198111630488217e-08
6042.55,6.053651796956766e-08
6042.56,5.921361131594799e-08
6042.57,5.8006487423841426e-08
6042.58,5.690965406216201e-08
6042.59,5.591819915897131e-08
6042.6,5.502817523339988e-08
6042.61,5.423686509530216e-08
6042.62,5.354260980388592e-08
6042.63,5.29442491996554e-08
6042.64,5.244052373598088e-08
6042.65,5.2030239902678224e-08
6042.66,5.171043548927474e-08
6042.67,5.148013476986039e-08
6042.68,5.133952237184629e-08
6042.69,5.129125274363726e-08
6042.7,5.134030763635362e-08
6042.71,5.149309836474897e-08
6042.72,5.175657452807916e-08
6042.73,5.213787540235085e-08
6042.74,5.264448511311288e-08
6042.75,5.328462673553624e-08
6042.76,5.4067685420474216e-08
6042.77,5.500459408622994e-08
6042.78,5.610816914176403e-08
6042.79,5.7393490483499986e-08
6042.8,5.8878273656785976e-08
6042.81,6.058333776784651e-08
6042.82,6.253316091088632e-08
6042.83,6.47565610477124e-08
6042.84,6.728753554664128e-08
6042.85,7.016630142843715e-08
6042.86,7.344058991590213e-08
6042.87,7.716726450689952e-08
6042.88,8.141435250862166e-08
6042.89,8.626360727321223e-08
6042.9,9.181375408015903e-08
6042.91,9.818461893676458e-08
6042.92,1.0552255875465914e-07
6042.93,1.1400656460642177e-07
6042.94,1.238578545001831e-07
6042.95,1.354528174970741e-07
6042.96,1.4892734783198915e-07
6042.97,1.6480859711242795e-07
6042.98,1.8362728370042555e-07
6042.99,2.0604472337954696e-07
6043.0,2.328787506549898e-07
6043.01,2.6512416606724685e-07
6043.02,3.039527912830161e-07
6043.03,3.506481295607557e-07
6043.04,4.064591822226276e-07
6043.05,4.721999310875179e-07
6043.06,5.475273914520347e-07
6043.07,6.298075842233097e-07
6043.08,7.12819172170757e-07
6043.09,7.861790657622603e-07
6043.1,8.369119261993808e-07
6043.11,8.538260249309655e-07
6043.12,8.327701357270889e-07
6043.13,7.788663940599163e-07
6043.14,7.037770963097351e-07
6043.15,6.203636330243672e-07
6043.16,5.385819523277118e-07
6043.17,4.642125360410194e-07
6043.18,3.9957931678023947e-07
6043.19,3.4485719108601244e-07
6043.2,2.9916453678112624e-07
6043.21,2.612421238880286e-07
6043.22,2.2982465847445927e-07
6043.23,2.037689845721124e-07
6043.24,1.8211308142769427e-07
6043.25,1.640719885250608e-07
6043.26,1.490160711991535e-07
6043.27,1.364443775224812e-07
6043.28,1.259586966097496e-07
6043.29,1.172399599144627e-07
6043.3,1.1002582461510437e-07
6043.31,1.0409237381745046e-07
6043.32,9.923082674872727e-08
6043.33,9.522995571672963e-08
6043.34,9.186061128892043e-08
6043.35,8.887119184064598e-08
6043.36,8.600103153072159e-08
6043.37,8.301407309616841e-08
6043.38,7.974337159854138e-08
6043.39,7.612538611446685e-08
6043.4,7.220388187485497e-08
6043.41,6.809996832440181e-08
6043.42,6.396441842384448e-08
6043.43,5.993490248493187e-08
6043.44,5.611219750648554e-08
6043.45,5.2556092911093176e-08
6043.46,4.929337735548333e-08
6043.47,4.6323877941387027e-08
6043.48,4.364010027131645e-08
6043.49,4.121894024596273e-08
6043.5,3.903522048043081e-08
6043.51,3.706309201541179e-08
6043.52,3.527802372400226e-08
6043.53,3.36577378069909e-08
6043.54,3.218251711954254e-08
6043.55,3.083513266368995e-08
6043.56,2.9600653027551904e-08
6043.57,2.8466181777488892e-08
6043.58,2.7420583519418147e-08
6043.59,2.645423417418607e-08
6043.6,2.555881443491869e-08
6043.61,2.4727091663485106e-08
6043.62,2.3952772391087476e-08
6043.63,2.3230358909600785e-08
6043.64,2.255503209303346e-08
6043.65,2.1922552937661856e-08
6043.66,2.1329179857011213e-08
6043.67,2.077159914849734e-08
6043.68,2.024686643011687e-08
6043.69,1.9752357201441215e-08
6043.7,1.9285724992272078e-08
6043.71,1.8844865828691082e-08
6043.72,1.8427887966799378e-08
6043.73,1.8033086030299445e-08
6043.74,1.765891883862902e-08
6043.75,1.730399033794487e-08
6043.76,1.6967033147939872e-08
6043.77,1.6646894322222863e-08
6043.78,1.6342522987640393e-08
6043.79,1.6052959584077212e-08
6043.8,1.5777381560173724e-08
6043.81,1.5514875022433525e-08
6043.82,1.5264757405999515e-08
6043.83,1.5026351438384983e-08
6043.84,1.4799034438521262e-08
6043.85,1.4582233403566066e-08
6043.86,1.4375420672809976e-08
6043.87,1.4178110095949353e-08
6043.88,1.398985364143739e-08
6043.89,1.3810238383953527e-08
6043.9,1.3638883809552801e-08
6043.91,1.3476957930915576e-08
6043.92,1.3321108176119579e-08
6043.93,1.317254827482704e-08
6043.94,1.3031003788772063e-08
6043.95,1.2896220507362016e-08
6043.96,1.2767960942986702e-08
6043.97,1.2645999302019635e-08
6043.98,1.2530117431489316e-08
6043.99,1.242009596807941e-08
6044.0,1.2315709774697641e-08
6044.01,1.2216725453869265e-08
6044.02,1.2122906892875633e-08
6044.03,1.2034030997903746e-08
6044.04,1.194991085884668e-08
6044.05,1.1870417014044086e-08
6044.06,1.1795485514353663e-08
6044.07,1.1725107907363097e-08
6044.08,1.1659308781494687e-08
6044.09,1.1598122313139003e-08
6044.1,1.1541576711677564e-08
6044.11,1.1489653676749714e-08
6044.12,1.1442431510911567e-08
6044.13,1.1399877556841274e-08
6044.14,1.1361997782127124e-08
6044.15,1.1328793030032675e-08
6044.16,1.130031024923551e-08
6044.17,1.1276574742912172e-08
6044.18,1.1257653299413512e-08
6044.19,1.1243588504998483e-08
6044.2,1.1234483094356944e-08
6044.21,1.123044864783612e-08
6044.22,1.1231608105025794e-08
6044.23,1.1238112683446423e-08
6044.24,1.1250127700899265e-08
6044.25,1.126782859158076e-08
6044.26,1.1291393251159848e-08
6044.27,1.1320980128252198e-08
6044.28,1.1356706029272616e-08
6044.29,1.1398619492929538e-08
6044.3,1.1446686836096884e-08
6044.31,1.150081246686908e-08
6044.32,1.156091212343889e-08
6044.33,1.1626951127096306e-08
6044.34,1.1699380742556484e-08
6044.35,1.1778703963316678e-08
6044.36,1.1865749307846063e-08
6044.37,1.1961480669312428e-08
6044.38,1.2066891605900167e-08
6044.39,1.2182947939756767e-08
6044.4,1.2310582879305339e-08
6044.41,1.2450724914733599e-08
6044.42,1.2604293511289772e-08
6044.43,1.2772412093397746e-08
6044.44,1.2956175017449314e-08
6044.45,1.31568397189377e-08
6044.46,1.3375897756072563e-08
6044.47,1.3614946161724116e-08
6044.48,1.3875826722378396e-08
6044.49,1.4160628917411425e-08
6044.5,1.4471726804492293e-08
6044.51,1.4811822317420485e-08
6044.52,1.518399646096629e-08
6044.53,1.5591770096026257e-08
6044.54,1.6039176317470852e-08
6044.55,1.6530846832064573e-08
6044.56,1.7072008359950074e-08
6044.57,1.7669034438790445e-08
6044.58,1.832895081821311e-08
6044.59,1.906004248597901e-08
6044.6,1.9871959127636878e-08
6044.61,2.0775968660262335e-08
6044.62,2.1785263031950368e-08
6044.63,2.291527381668047e-08
6044.64,2.4184089238075705e-08
6044.65,2.561280227629373e-08
6044.66,2.7225793585716026e-08
6044.67,2.9050723936086425e-08
6044.68,3.11179370909226e-08
6044.69,3.3458980219688314e-08
6044.7,3.610448287109146e-08
6044.71,3.908291456982095e-08
6044.72,4.242243107304664e-08
6044.73,4.615502994189937e-08
6044.74,5.031653071925264e-08
6044.75,5.493512754023064e-08
6044.76,6.001562233714687e-08
6044.77,6.551518780417033e-08
6044.78,7.133149880272238e-08
6044.79,7.729204554493607e-08
6044.8,8.316367206739406e-08
6044.81,8.864994691571351e-08
6044.82,9.34158875880557e-08
6044.83,9.711124949990255e-08
6044.84,9.940710490792185e-08
6044.85,1.0004820838333529e-07
6044.86,9.891445140509053e-08
6044.87,9.606747867222649e-08
6044.88,9.175410424966874e-08
6044.89,8.635762945224225e-08
6044.9,8.031302355282676e-08
6044.91,7.402971925887564e-08
6044.92,6.786123986828023e-08
6044.93,6.19855026144774e-08
6044.94,5.655723258933865e-08
6044.95,5.163970953809798e-08
6044.96,4.724259424337477e-08
6044.97,4.3344085575435755e-08
6044.98,3.990543319142362e-08
6044.99,3.688067335690762e-08
6045.0,3.4222620686551166e-08
6045.01,3.188623596738762e-08
6045.02,2.9830292101641773e-08
6045.03,2.8018005153048092e-08
6045.04,2.6417077188508207e-08
6045.05,2.4999434353856054e-08
6045.06,2.374083255976287e-08
6045.07,2.2620424148597312e-08
6045.08,2.162034432911402e-08
6045.09,2.0725329275751703e-08
6045.1,1.992237222234665e-08
6045.11,1.9200412005459996e-08
6045.12,1.8550049099409725e-08
6045.13,1.7963287823112627e-08
6045.14,1.7433307456381686e-08
6045.15,1.695426199683532e-08
6045.16,1.652111783477981e-08
6045.17,1.6129519049981503e-08
6045.18,1.5775684795526396e-08
6045.19,1.545632411207556e-08
6045.2,1.516857436576698e-08
6045.21,1.4909947315337514e-08
6045.22,1.4678274586290498e-08
6045.23,1.4472920288050045e-08
6045.24,1.428952298386333e-08
6045.25,1.4127524388592107e-08
6045.26,1.3984786282465474e-08
6045.27,1.3858587540047575e-08
6045.28,1.3745407661655628e-08
6045.29,1.3640959888391106e-08
6045.3,1.354065469668261e-08
6045.31,1.3440512257465936e-08
6045.32,1.3338185633783283e-08
6045.33,1.3233545768084395e-08
6045.34,1.312845036628212e-08
6045.35,1.302584341887283e-08
6045.36,1.2928715106114901e-08
6045.37,1.2839390370478419e-08
6045.38,1.2759282084541775e-08
6045.39,1.2688979991909104e-08
6045.4,1.2628485855255668e-08
6045.41,1.257740120085458e-08
6045.42,1.2535238048451288e-08
6045.43,1.2501354337998237e-08
6045.44,1.2475189944048082e-08
6045.45,1.2456176260739933e-08
6045.46,1.2465155171460594e-08
6045.47,1.2459173760697655e-08
6045.48,1.2459049713738052e-08
6045.49,1.2464464139816609e-08
6045.5,1.247513913335308e-08
6045.51,1.249081984248162e-08
6045.52,1.2511248557112429e-08
6045.53,1.2536080722900083e-08
6045.54,1.2565100170333813e-08
6045.55,1.2597924988375145e-08
6045.56,1.2634322415754205e-08
6045.57,1.2674224682788483e-08
6045.58,1.2717709799348844e-08
6045.59,1.2764823900824109e-08
6045.6,1.2815841261951021e-08
6045.61,1.2870724084358262e-08
6045.62,1.2929480278846188e-08
6045.63,1.299210141082355e-08
6045.64,1.3058580680611992e-08
6045.65,1.3128922877063132e-08
6045.66,1.3203148911213252e-08
6045.67,1.3281298174709144e-08
6045.68,1.3363428993166217e-08
6045.69,1.3449619927382669e-08
6045.7,1.3539970869335204e-08
6045.71,1.3634604712815242e-08
6045.72,1.373366962064051e-08
6045.73,1.3837341990074031e-08
6045.74,1.3945830234568826e-08
6045.75,1.4059379532925895e-08
6045.76,1.417827774294631e-08
6045.77,1.4303069863173332e-08
6045.78,1.443373952308768e-08
6045.79,1.4570960219987803e-08
6045.8,1.4715283498414443e-08
6045.81,1.4867362422756825e-08
6045.82,1.502797299010894e-08
6045.83,1.5198040666283052e-08
6045.84,1.5378673182002254e-08
6045.85,1.5571200835029337e-08
6045.86,1.5777225495595935e-08
6045.87,1.59985695482207e-08
6045.88,1.623778247618098e-08
6045.89,1.649755492487032e-08
6045.9,1.678123032980577e-08
6045.91,1.7092743807476208e-08
6045.92,1.7436631921030944e-08
6045.93,1.7817798342130203e-08
6045.94,1.8241170436798813e-08
6045.95,1.87108978721171e-08
6045.96,1.9228552255560265e-08
6045.97,1.9790567247922324e-08
6045.98,2.0384574438255247e-08
6045.99,2.0985641378554762e-08
6046.0,2.1554715525735753e-08
6046.01,2.2042721478479195e-08
6046.02,2.2403472517424208e-08
6046.03,2.2605813208504096e-08
6046.04,2.2652139881095164e-08
6046.05,2.2573654952729007e-08
6046.06,2.241870259499098e-08
6046.07,2.2236415587962476e-08
6046.08,2.2065391783653967e-08
6046.09,2.193009169286275e-08
6046.1,2.1842659100489203e-08
6046.11,2.1806737925564853e-08
6046.12,2.1821090996736852e-08
6046.13,2.1882104464921082e-08
6046.14,2.1985533768919866e-08
6046.15,2.21271583654372e-08
6046.16,2.2303107019810098e-08
6046.17,2.2509724995041277e-08
6046.18,2.2743490229773405e-08
6046.19,2.3000292429181444e-08
6046.2,2.3277668428369243e-08
6046.21,2.3574870748526003e-08
6046.22,2.389260845659273e-08
6046.23,2.4231782906276164e-08
6046.24,2.4592858128516833e-08
6046.25,2.4975994257573074e-08
6046.26,2.5381345848630354e-08
6046.27,2.5809230197089052e-08
6046.28,2.626016929283275e-08
6046.29,2.6396279855171508e-08
6046.3,2.6897638656376618e-08
6046.31,2.74243962638074e-08
6046.32,2.7977590533085842e-08
6046.33,2.8558665473550085e-08
6046.34,2.9169581352449464e-08
6046.35,2.981265220217342e-08
6046.36,3.049039965333422e-08
6046.37,3.0503319414507416e-08
6046.38,3.126176043624808e-08
6046.39,3.2063521159909144e-08
6046.4,3.291216474800255e-08
6046.41,3.381170142994535e-08
6046.42,3.476664923700352e-08
6046.43,3.578210238610233e-08
6046.44,3.68638111235706e-08
6046.45,3.8018276077365057e-08
6046.46,3.925285865247031e-08
6046.47,4.057591171894633e-08
6046.48,4.199693280087355e-08
6046.49,4.352674415274296e-08
6046.5,4.5177704159604824e-08
6046.51,4.696395520262936e-08
6046.52,4.8901713664969324e-08
6046.53,5.1009608085145604e-08
6046.54,5.330907136167767e-08
6046.55,5.582479199073073e-08
6046.56,5.85852269675192e-08
6046.57,6.162317416496044e-08
6046.58,6.497639313273754e-08
6046.59,6.868824778184788e-08
6046.6,7.280831847844378e-08
6046.61,7.739288881225743e-08
6046.62,8.250514538393646e-08
6046.63,8.821482595594439e-08
6046.64,9.459689841006759e-08
6046.65,1.0172863682431863e-07
6046.66,1.0968417801998793e-07
6046.67,1.1852531881350173e-07
6046.68,1.282870488154675e-07
6046.69,1.3895634078337348e-07
6046.7,1.5044348942571814e-07
6046.71,1.6254747811369423e-07
6046.72,1.7491610286076142e-07
6046.73,1.8704458551160284e-07
6046.74,1.9824985449749434e-07
6046.75,2.0774691412540682e-07
6046.76,2.1475585581142548e-07
6046.77,2.186531412122402e-07
6046.78,2.1911698291868199e-07
6046.79,2.1620690717510268e-07
6046.8,2.103447812129614e-07
6046.81,2.0220483934487412e-07
6046.82,1.92562231868096e-07
6046.83,1.8215615465765127e-07
6046.84,1.7160698798911527e-07
6046.85,1.613618377288642e-07
6046.86,1.5173088301697385e-07
6046.87,1.428905269759566e-07
6046.88,1.3491945743502165e-07
6046.89,1.2782826029322037e-07
6046.9,1.2158488168908052e-07
6046.91,1.1613392883347218e-07
6046.92,1.1168027740648572e-07
6046.93,1.0762359344122693e-07
6046.94,1.0417052358284615e-07
6046.95,1.0126485888080464e-07
6046.96,9.885497452143758e-08
6046.97,9.689360259559494e-08
6046.98,9.533776327711549e-08
6046.99,9.414847091369586e-08
6047.0,9.329078594654217e-08
6047.01,9.273334398136712e-08
6047.02,9.244812739628765e-08
6047.03,9.241038408366467e-08
6047.04,9.259885306784503e-08
6047.05,9.299620549759877e-08
6047.06,9.358937657261553e-08
6047.07,9.436942986951366e-08
6047.08,9.533085927649322e-08
6047.09,9.647058755898324e-08
6047.1,9.778705579184527e-08
6047.11,9.927965176988859e-08
6047.12,1.0094849135090956e-07
6047.13,1.0279443669172443e-07
6047.14,1.0481916614397098e-07
6047.15,1.0702551952416062e-07
6047.16,1.0941681884828806e-07
6047.17,1.1199797691110585e-07
6047.18,1.1477477838462408e-07
6047.19,1.1775398100876776e-07
6047.2,1.209432209524278e-07
6047.21,1.243508247698997e-07
6047.22,1.2798558250205293e-07
6047.23,1.3185652384621162e-07
6047.24,1.3597257815524227e-07
6047.25,1.4034275427249194e-07
6047.26,1.4497633586941313e-07
6047.27,1.4988379264619835e-07
6047.28,1.5507819881223187e-07
6047.29,1.6057700736828389e-07
6047.3,1.664033598585915e-07
6047.31,1.725872800018378e-07
6047.32,1.791653851459152e-07
6047.33,1.861803376081347e-07
6047.34,1.9368011456966517e-07
6047.35,2.0171785631982428e-07
6047.36,2.1035273080739162e-07
6047.37,2.196516832240916e-07
6047.38,2.2969325035686718e-07
6047.39,2.405718450813379e-07
6047.4,2.524004848127942e-07
6047.41,2.6529758198052326e-07
6047.42,2.793281273906055e-07
6047.43,2.944221498812696e-07
6047.44,3.104669175741587e-07
6047.45,3.276144077764457e-07
6047.46,3.463137444018127e-07
6047.47,3.670248086319475e-07
6047.48,3.9009579089948346e-07
6047.49,4.158402205048906e-07
6047.5,4.4458908828264003e-07
6047.51,4.76656592506206e-07
6047.52,5.122199020835659e-07
6047.53,5.511185374458248e-07
6047.54,5.926632872881413e-07
6047.55,6.357102998606576e-07
6047.56,6.792519754396078e-07
6047.57,7.23283592314899e-07
6047.58,7.691524742188419e-07
6047.59,8.190665860870719e-07
6047.6,8.751834020930567e-07
6047.61,9.391952228720421e-07
6047.62,1.0123410242195744e-06
6047.63,1.0956066149146277e-06
6047.64,1.1898978237990435e-06
6047.65,1.296101240495692e-06
6047.66,1.415065051859944e-06
6047.67,1.5475010105985858e-06
6047.68,1.6938333468325017e-06
6047.69,1.8539046050849634e-06
6047.7,2.026726159757568e-06
6047.71,2.2100338517218755e-06
6047.72,2.3998728755699054e-06
6047.73,2.5902339810321408e-06
6047.74,2.7728729473697824e-06
6047.75,2.937775763499419e-06
6047.76,3.073687338961725e-06
6047.77,3.16982261698886e-06
6047.78,3.2176598100568302e-06
6047.79,3.2126671309718066e-06
6047.8,3.155307014577897e-06
6047.81,3.0509294784706376e-06
6047.82,2.908597013363436e-06
6047.83,2.7392888716374674e-06
6047.84,2.554147112906657e-06
6047.85,2.3628557568026017e-06
6047.86,2.173248705954605e-06
6047.87,1.9909143018489756e-06
6047.88,1.8194337586433628e-06
6047.89,1.6607634888594601e-06
6047.9,1.515658067926757e-06
6047.91,1.3840506072261685e-06
6047.92,1.2653567619592393e-06
6047.93,1.1586986792199018e-06
6047.94,1.0630594347701034e-06
6047.95,9.773838418123064e-07
6047.96,9.00638740927407e-07
6047.97,8.318471720178643e-07
6047.98,7.701050622469842e-07
6047.99,7.145887317352931e-07
6048.0,6.645586569255924e-07
6048.01,6.193620512798509e-07
6048.02,5.784334741702241e-07
6048.03,5.412910688834045e-07
6048.04,5.075270439861936e-07
6048.05,4.7679343408596605e-07
6048.06,4.487892107865266e-07
6048.07,4.2324884804280294e-07
6048.08,3.9993551163285875e-07
6048.09,3.786371006357628e-07
6048.1,3.5916399313796994e-07
6048.11,3.4134767117356954e-07
6048.12,3.2503762035983177e-07
6048.13,3.1010247680047556e-07
6048.14,2.96468625253279e-07
6048.15,2.839518348752538e-07
6048.16,2.7250670157248685e-07
6048.17,2.620588411793028e-07
6048.18,2.5254570781972224e-07
6048.19,2.4391606784556997e-07
6048.2,2.361297627520808e-07
6048.21,2.291577839999647e-07
6048.22,2.2298269559372746e-07
6048.23,2.1759926590932912e-07
6048.24,2.130155748385219e-07
6048.25,2.0925392542848082e-07
6048.26,2.0635142206069728e-07
6048.27,2.0435983793924903e-07
6048.28,2.0334056293638512e-07
6048.29,2.0336132006616072e-07
6048.3,2.044846199470292e-07
6048.31,2.0675335768024488e-07
6048.32,2.1016094357552128e-07
6048.33,2.145851646222502e-07
6048.34,2.1967722933615847e-07
6048.35,2.2476650797411142e-07
6048.36,2.2893177299426524e-07
6048.37,2.3135123924128804e-07
6048.38,2.317750098617506e-07
6048.39,2.3072390299369205e-07
6048.4,2.2921883791704011e-07
6048.41,2.283006281330167e-07
6048.42,2.2871190852637311e-07
6048.43,2.3084348971749966e-07
6048.44,2.3680778441809977e-07
6048.45,2.4261447449618783e-07
6048.46,2.501117094887295e-07
6048.47,2.590956392918205e-07
6048.48,2.6927654661460325e-07
6048.49,2.8025876866770975e-07
6048.5,2.9151615863927693e-07
6048.51,3.0238457232729766e-07
6048.52,3.120943780719312e-07
6048.53,3.1980896593667477e-07
6048.54,3.2473881789290765e-07
6048.55,3.262596321288824e-07
6048.56,3.2402562339861797e-07
6048.57,3.1803652865669883e-07
6048.58,3.086333841844917e-07
6048.59,2.964245789468395e-07
6048.6,2.821689252189768e-07
6048.61,2.666569777108201e-07
6048.62,2.5059740214814684e-07
6048.63,2.345801649219861e-07
6048.64,2.1904308966154506e-07
6048.65,2.0428108798217663e-07
6048.66,1.9046851202567456e-07
6048.67,1.7768683004658098e-07
6048.68,1.6595118671350576e-07
6048.69,1.552327322035858e-07
6048.7,1.4547582781007778e-07
6048.71,1.366104747175296e-07
6048.72,1.2856081474831094e-07
6048.73,1.2125064062378767e-07
6048.74,1.1460676255437596e-07
6048.75,1.0856089128623251e-07
6048.76,1.0305054778260203e-07
6048.77,9.801935870822943e-08
6048.78,9.341699013243393e-08
6048.79,8.919889462012303e-08
6048.8,8.532596459022086e-08
6048.81,8.176405782452024e-08
6048.82,7.848301344557081e-08
6048.83,7.545425408857207e-08
6048.84,7.264707411558595e-08
6048.85,7.002893885194083e-08
6048.86,6.757508258601912e-08
6048.87,6.527514036804737e-08
6048.88,6.312302411749345e-08
6048.89,6.111017900403375e-08
6048.9,5.9219601345483165e-08
6048.91,5.743718564786253e-08
6048.92,5.575465593534957e-08
6048.93,5.416652535503341e-08
6048.94,5.266669495855793e-08
6048.95,5.124843864019579e-08
6048.96,4.990536247018901e-08
6048.97,4.863177689921875e-08
6048.98,4.742265199348832e-08
6048.99,4.6273468654146734e-08
6049.0,4.518012658704022e-08
6049.01,4.41388640585515e-08
6049.02,4.314621877750819e-08
6049.03,4.2199000686032015e-08
6049.04,4.129427232472441e-08
6049.05,4.042932899903871e-08
6049.06,3.9601682481079275e-08
6049.07,3.8809043651047097e-08
6049.08,3.804934660803201e-08
6049.09,3.732057098588871e-08
6049.1,3.6620970047571684e-08
6049.11,3.594889554974087e-08
6049.12,3.530282572834132e-08
6049.13,3.46813540795094e-08
6049.14,3.408317923390319e-08
6049.15,3.3507095855120237e-08
6049.16,3.295198648307583e-08
6049.17,3.2416814244287834e-08
6049.18,3.190061635353592e-08
6049.19,3.140249834063846e-08
6049.2,3.092162894390231e-08
6049.21,3.045725646811277e-08
6049.22,3.000862165520585e-08
6049.23,2.957507895566758e-08
6049.24,2.9156010813458672e-08
6049.25,2.875084861310159e-08
6049.26,2.8358887806207236e-08
6049.27,2.79799959859231e-08
6049.28,2.7613560131584825e-08
6049.29,2.725918571579989e-08
6049.3,2.691652426251568e-08
6049.31,2.6585276550346924e-08
6049.32,2.6265197706044032e-08
6049.33,2.5956104853104616e-08
6049.34,2.5657888269209836e-08
6049.35,2.537052952264959e-08
6049.36,2.5084816604531938e-08
6049.37,2.4819625974041017e-08
6049.38,2.4566036558213636e-08
6049.39,2.4324704808019072e-08
6049.4,2.4096572234176734e-08
6049.41,2.388287011202899e-08
6049.42,2.3684968096145247e-08
6049.43,2.3503854757543185e-08
6049.44,2.3310016294549633e-08
6049.45,2.3158608687680344e-08
6049.46,2.3015400167089193e-08
6049.47,2.2877766191539716e-08
6049.48,2.2750841745919013e-08
6049.49,2.2648153193428756e-08
6049.5,2.2587704339461876e-08
6049.51,2.2589098658147412e-08
6049.52,2.267313444745117e-08
6049.53,2.2858874505367616e-08
6049.54,2.314979369613942e-08
6049.55,2.3502469922780644e-08
6049.56,2.379454019803418e-08
6049.57,2.3852692463235033e-08
6049.58,2.3572060639742813e-08
6049.59,2.301105853651361e-08
6049.6,2.233463310607298e-08
6049.61,2.168619816937059e-08
6049.62,2.1131136386244942e-08
6049.63,2.067655583761999e-08
6049.64,2.0306109861309203e-08
6049.65,1.9999950309979725e-08
6049.66,1.9741546672579884e-08
6049.67,1.951865497389684e-08
6049.68,1.932256394668576e-08
6049.69,1.914713042413471e-08
6049.7,1.898798418018857e-08
6049.71,1.8840109274477364e-08
6049.72,1.8705081543340752e-08
6049.73,1.857928279832612e-08
6049.74,1.846145602379714e-08
6049.75,1.835064537268891e-08
6049.76,1.8246114275390783e-08
6049.77,1.8147288204240845e-08
6049.78,1.8054108806401884e-08
6049.79,1.7965428451312842e-08
6049.8,1.7881350454646866e-08
6049.81,1.7801784418418173e-08
6049.82,1.7726256513771922e-08
6049.83,1.765475622814895e-08
6049.84,1.7587160242922017e-08
6049.85,1.7523369861926324e-08
6049.86,1.7463307330625508e-08
6049.87,1.7406913058456623e-08
6049.88,1.735414354240276e-08
6049.89,1.730496984551038e-08
6049.9,1.7259376525011174e-08
6049.91,1.7217360934859355e-08
6049.92,1.7178932850696923e-08
6049.93,1.7144114383247308e-08
6049.94,1.7112940161133893e-08
6049.95,1.7085457776800424e-08
6049.96,1.7061728500986914e-08
6049.97,1.704182828249257e-08
6049.98,1.7025850745701123e-08
6049.99,1.7014034489220863e-08
6050.0,1.7006246568344446e-08
6050.01,1.7002770239001992e-08
6050.02,1.7003782587512453e-08
6050.03,1.7009496604916636e-08
6050.04,1.702013934083788e-08
6050.05,1.7035997235942616e-08
6050.06,1.705739654065632e-08
6050.07,1.7084718127371878e-08
6050.08,1.711846670315779e-08
6050.09,1.7159045007994283e-08
6050.1,1.720712261112049e-08
6050.11,1.7263413682405834e-08
6050.12,1.7328750789207787e-08
6050.13,1.7404097113439393e-08
6050.14,1.749055086703831e-08
6050.15,1.7589333868671022e-08
6050.16,1.7701728941029025e-08
6050.17,1.7828970054189063e-08
6050.18,1.7972002616703964e-08
6050.19,1.8131069076138188e-08
6050.2,1.8304977695993943e-08
6050.21,1.8464764923644385e-08
6050.22,1.865530594994024e-08
6050.23,1.884199588190189e-08
6050.24,1.901572164704373e-08
6050.25,1.9170975899584213e-08
6050.26,1.9309051510014916e-08
6050.27,1.943799149763826e-08
6050.28,1.956954097222262e-08
6050.29,1.9715548331020665e-08
6050.3,1.9885898356004077e-08
6050.31,2.0088203250411185e-08
6050.32,2.0328454942866984e-08
6050.33,2.0611925151625246e-08
6050.34,2.0943919022872913e-08
6050.35,2.1330502818075618e-08
6050.36,2.177901647038731e-08
6050.37,2.2298605457325794e-08
6050.38,2.29008215595121e-08
6050.39,2.360033654800409e-08
6050.4,2.4415868819351778e-08
6050.41,2.5371421765255444e-08
6050.42,2.6497967551726126e-08
6050.43,2.783575878073283e-08
6050.44,2.9437517855374508e-08
6050.45,3.137283710147891e-08
6050.46,3.3735348992486804e-08
6050.47,3.664649890512009e-08
6050.48,4.0271801249870356e-08
6050.49,4.482821315441139e-08
6050.5,5.059328409644116e-08
6050.51,5.789703933556408e-08
6050.52,6.706645300045929e-08
6050.53,7.826059727570623e-08
6050.54,9.112021550031907e-08
6050.55,1.0426171006117677e-07
6050.56,1.1501783085177163e-07
6050.57,1.2019339715435564e-07
6050.58,1.1793938074776633e-07
6050.59,1.091486407673682e-07
6050.6,9.675814145930291e-08
6050.61,8.37950391748699e-08
6050.62,7.212898990255352e-08
6050.63,6.244158524476104e-08
6050.64,5.4715524221074526e-08
6050.65,4.8658202332845755e-08
6050.66,4.393089322140503e-08
6050.67,4.0234205318999494e-08
6050.68,3.7329215405208924e-08
6050.69,3.5032236494660996e-08
6050.7,3.3208062628833047e-08
6050.71,3.175274272439327e-08
6050.72,3.058952663159496e-08
6050.73,2.9660802104675742e-08
6050.74,2.892299057349232e-08
6050.75,2.8342825995337324e-08
6050.76,2.7894768842392704e-08
6050.77,2.7558934423607345e-08
6050.78,2.7320084381316057e-08
6050.79,2.7166451517509415e-08
6050.8,2.70890821976907e-08
6050.81,2.708130984038529e-08
6050.82,2.713836082733571e-08
6050.83,2.7257052693822525e-08
6050.84,2.743556832659063e-08
6050.85,2.7673320047550856e-08
6050.86,2.7970965967887815e-08
6050.87,2.8330631735538357e-08
6050.88,2.8756268198485398e-08
6050.89,2.9253951181882928e-08
6050.9,2.983202453606632e-08
6050.91,3.050122543173886e-08
6050.92,3.127499188238503e-08
6050.93,3.217000200578753e-08
6050.94,3.3206851626088926e-08
6050.95,3.441071321169536e-08
6050.96,3.58117345809067e-08
6050.97,3.744470033896994e-08
6050.98,3.934886617686838e-08
6050.99,4.1555603548372546e-08
6051.0,4.408895171373634e-08
6051.01,4.6938852280611904e-08
6051.02,5.003402880892712e-08
6051.03,5.3208326866781574e-08
6051.04,5.6181423610434865e-08
6051.05,5.8586491378214015e-08
6051.06,6.006799294313287e-08
6051.07,6.042196162018637e-08
6051.08,5.969278502431124e-08
6051.09,5.8152081717675326e-08
6051.1,5.6176721197980096e-08
6051.11,5.411516856494098e-08
6051.12,5.2213123886231344e-08
6051.13,5.060511100744555e-08
6051.14,4.934166116265887e-08
6051.15,4.8422769275417546e-08
6051.16,4.7823787380752063e-08
6051.17,4.751154514852129e-08
6051.18,4.745282191817256e-08
6051.19,4.761868210030138e-08
6051.2,4.7984737568874337e-08
6051.21,4.8531616289872294e-08
6051.22,4.9246141502218485e-08
6051.23,5.0117928357237505e-08
6051.24,5.114069534489981e-08
6051.25,5.231137063244265e-08
6051.26,5.362966431575425e-08
6051.27,5.509780509473111e-08
6051.28,5.672035773575384e-08
6051.29,5.848296192894645e-08
6051.3,6.043709961097784e-08
6051.31,6.257273382801631e-08
6051.32,6.490350101631078e-08
6051.33,6.744557724182013e-08
6051.34,7.021791820726578e-08
6051.35,7.32425699002536e-08
6051.36,7.654505699011173e-08
6051.37,8.015485681850889e-08
6051.38,8.410597428322058e-08
6051.39,8.843762642373573e-08
6051.4,9.319505520605656e-08
6051.41,9.843048297833267e-08
6051.42,1.0420422917292708e-07
6051.43,1.1058474262509333e-07
6051.44,1.1765526511677858e-07
6051.45,1.2550805589564825e-07
6051.46,1.3425183324674356e-07
6051.47,1.4401316367220917e-07
6051.48,1.5493926119864305e-07
6051.49,1.6720070301358357e-07
6051.5,1.8099397613191435e-07
6051.51,1.9654366586369977e-07
6051.52,2.1410367157343047e-07
6051.53,2.3395625090294172e-07
6051.54,2.5640697914042986e-07
6051.55,2.817727291159886e-07
6051.56,3.103584363372362e-07
6051.57,3.4241646407775276e-07
6051.58,3.7808246793980594e-07
6051.59,4.1728158620592025e-07
6051.6,4.5959316934904296e-07
6051.61,5.040755319380604e-07
6051.62,5.492024370835043e-07
6051.63,5.926472945714653e-07
6051.64,6.31432435898174e-07
6051.65,6.622200877801038e-07
6051.66,6.81878236321172e-07
6051.67,6.881790084078847e-07
6051.68,6.803910239028582e-07
6051.69,6.594744256335922e-07
6051.7,6.278194643381288e-07
6051.71,5.886278591441812e-07
6051.72,5.45146489392757e-07
6051.73,5.004165865721095e-07
6051.74,4.5659201674171207e-07
6051.75,4.1510380590594996e-07
6051.76,3.768152020810567e-07
6051.77,3.420897406000214e-07
6051.78,3.109676805590049e-07
6051.79,2.8329191614841945e-07
6051.8,2.5879925153241055e-07
6051.81,2.3718116616558198e-07
6051.82,2.1812136518960157e-07
6051.83,2.0131718132842945e-07
6051.84,1.8649244297834308e-07
6051.85,1.7339395447553466e-07
6051.86,1.6180401612393944e-07
6051.87,1.515306969673585e-07
6051.88,1.4240788187488183e-07
6051.89,1.3429201745760243e-07
6051.9,1.2705922512685647e-07
6051.91,1.2060241485861922e-07
6051.92,1.1482853685861909e-07
6051.93,1.0965610762905825e-07
6051.94,1.0501303550460812e-07
6051.95,1.00835496751369e-07
6051.96,9.706762672159348e-08
6051.97,9.366207897380428e-08
6051.98,9.058040437821054e-08
6051.99,8.779218912509804e-08
6052.0,8.527291201626969e-08
6052.01,8.300158537941759e-08
6052.02,8.095949860434638e-08
6052.03,7.912887887677476e-08
6052.04,7.749302750724733e-08
6052.05,7.603763494856684e-08
6052.06,7.474953820873607e-08
6052.07,7.361736835864827e-08
6052.08,7.262999771283888e-08
6052.09,7.177820406357898e-08
6052.1,7.105295421983671e-08
6052.11,7.044497953205738e-08
6052.12,6.994413072692844e-08
6052.13,6.953872492527737e-08
6052.14,6.921537463148995e-08
6052.15,6.895975043235792e-08
6052.16,6.875701356043053e-08
6052.17,6.860034819049397e-08
6052.18,6.848408188435892e-08
6052.19,6.840992447325907e-08
6052.2,6.838379369963982e-08
6052.21,6.841315527808174e-08
6052.22,6.850471561715027e-08
6052.23,6.86632047521218e-08
6052.24,6.889120276412889e-08
6052.25,6.918958964663225e-08
6052.26,6.955737895719016e-08
6052.27,6.999512240937219e-08
6052.28,7.050111780529817e-08
6052.29,7.107439967482257e-08
6052.3,7.171420323350967e-08
6052.31,7.242003429493514e-08
6052.32,7.319169477068416e-08
6052.33,7.402928619839965e-08
6052.34,7.493319162763675e-08
6052.35,7.590404681014299e-08
6052.36,7.694271528570007e-08
6052.37,7.805025132107824e-08
6052.38,7.922786990524975e-08
6052.39,8.047690264823495e-08
6052.4,8.179869783343684e-08
6052.41,8.319442153131217e-08
6052.42,8.466483112822387e-08
6052.43,8.621032927279034e-08
6052.44,8.783166486491413e-08
6052.45,8.953110173685353e-08
6052.46,9.131310855638221e-08
6052.47,9.318385422618446e-08
6052.48,9.514999762227979e-08
6052.49,9.721780049540063e-08
6052.5,9.939295813459444e-08
6052.51,1.0168087557542251e-07
6052.52,1.0408700787013602e-07
6052.53,1.0661710918791605e-07
6052.54,1.0927737165405404e-07
6052.55,1.1207449741027954e-07
6052.56,1.1501567186247164e-07
6052.57,1.1810860441836692e-07
6052.58,1.2136143248497451e-07
6052.59,1.2478272594765866e-07
6052.6,1.2838137979151183e-07
6052.61,1.3216668119450857e-07
6052.62,1.3614845587048265e-07
6052.63,1.403374109761717e-07
6052.64,1.4474565050998188e-07
6052.65,1.4938725825825693e-07
6052.66,1.5427871037478331e-07
6052.67,1.5943915443030547e-07
6052.68,1.6489000095518234e-07
6052.69,1.706550539670146e-07
6052.7,1.7675999584049265e-07
6052.71,1.832321886530762e-07
6052.72,1.90100252125978e-07
6052.73,1.9739373668998501e-07
6052.74,2.051445136544573e-07
6052.75,2.13389702813306e-07
6052.76,2.2217270237498667e-07
6052.77,2.3157961371404135e-07
6052.78,2.4158543063150555e-07
6052.79,2.5228415156343065e-07
6052.8,2.6373755341932246e-07
6052.81,2.7601441676551643e-07
6052.82,2.8919149526455336e-07
6052.83,3.033545704370478e-07
6052.84,3.185997309193328e-07
6052.85,3.3503497997906687e-07
6052.86,3.5278222202741255e-07
6052.87,3.7197958195447224e-07
6052.88,3.927839473865431e-07
6052.89,4.153736868415633e-07
6052.9,4.3995167506884626e-07
6052.91,4.667488771708043e-07
6052.92,4.960287243572201e-07
6052.93,5.280926511828629e-07
6052.94,5.632856122286431e-07
6052.95,6.020049169368793e-07
6052.96,6.447082433844055e-07
6052.97,6.919242328420805e-07
6052.98,7.442652132055224e-07
6052.99,8.024384107002811e-07
6053.0,8.67223920747804e-07
6053.01,9.396591284064335e-07
6053.02,1.0208041121472765e-06
6053.03,1.1119341241901843e-06
6053.04,1.2145154459977159e-06
6053.05,1.3302217205629241e-06
6053.06,1.460940705916718e-06
6053.07,1.6087630309416144e-06
6053.08,1.7759382288792164e-06
6053.09,1.9647769648446e-06
6053.1,2.1774658037922554e-06
6053.11,2.4157518183412113e-06
6053.12,2.6804440023999863e-06
6053.13,2.970682459419776e-06
6053.14,3.28296044109213e-06
6053.15,3.6098120887378e-06
6053.16,3.939409125006756e-06
6053.17,4.254082881097009e-06
6053.18,4.53162358363972e-06
6053.19,4.746341232418299e-06
6053.2,4.878502074455028e-06
6053.21,4.911668471308332e-06
6053.22,4.8418577803537785e-06
6053.23,4.677366251709165e-06
6053.24,4.4364718520646665e-06
6053.25,4.142814856993235e-06
6053.26,3.8204226992005005e-06
6053.27,3.490010463971782e-06
6053.28,3.16730787843359e-06
6053.29,2.862321666026636e-06
6053.3,2.581015813581775e-06
6053.31,2.3258193244005217e-06
6053.32,2.0968890988772346e-06
6053.33,1.893001809137572e-06
6053.34,1.7121961841658933e-06
6053.35,1.552202282939995e-06
6053.36,1.4107076100247888e-06
6053.37,1.2855097622528466e-06
6053.38,1.1745929249668776e-06
6053.39,1.0761558390028733e-06
6053.4,9.886116922932695e-07
6053.41,9.105742304718152e-07
6053.42,8.408386143520364e-07
6053.43,7.783611653146286e-07
6053.44,7.222397061028733e-07
6053.45,6.716952007128696e-07
6053.46,6.260549958241596e-07
6053.47,5.847378844378527e-07
6053.48,5.472408233135791e-07
6053.49,5.131365074522151e-07
6053.5,4.820266527316925e-07
6053.51,4.535881868979069e-07
6053.52,4.275296715915029e-07
6053.53,4.0359511893188284e-07
6053.54,3.8156041651358097e-07
6053.55,3.612307526021748e-07
6053.56,3.4243779133357674e-07
6053.57,3.2503579034915945e-07
6053.58,3.0889710904029676e-07
6053.59,2.939082858117199e-07
6053.6,2.799673831130563e-07
6053.61,2.6698243531529496e-07
6053.62,2.548704765802598e-07
6053.63,2.4355676280710127e-07
6053.64,2.3297401920867003e-07
6053.65,2.2306171940314007e-07
6053.66,2.1376537744158403e-07
6053.67,2.050359027233198e-07
6053.68,1.968290239613539e-07
6053.69,1.8910481372422562e-07
6053.7,1.8182711056137488e-07
6053.71,1.749633419157947e-07
6053.72,1.684841308378763e-07
6053.73,1.6236300681061133e-07
6053.74,1.5657633480335993e-07
6053.75,1.511032346153673e-07
6053.76,1.4592563930350797e-07
6053.77,1.4102855526856862e-07
6053.78,1.364003929050193e-07
6053.79,1.3203314282868752e-07
6053.8,1.2792121989229876e-07
6053.81,1.2405608006597715e-07
6053.82,1.204134932041922e-07
6053.83,1.1694107612716258e-07
6053.84,1.1357293387846817e-07
6053.85,1.1027279679129944e-07
6053.86,1.0704154681533962e-07
6053.87,1.0387688934579035e-07
6053.88,1.0077085901526367e-07
6053.89,9.774424591157385e-08
6053.9,9.483823285803695e-08
6053.91,9.207843921536472e-08
6053.92,8.946564892704382e-08
6053.93,8.698786135739946e-08
6053.94,8.463085910016461e-08
6053.95,8.238238465357919e-08
6053.96,8.023209312984227e-08
6053.97,7.817207625794549e-08
6053.98,7.619573784507614e-08
6053.99,7.429751347296393e-08
6054.0,7.247261155637254e-08
6054.01,7.071683839690715e-08
6054.02,6.9026436203206e-08
6054.03,6.739796613750607e-08
6054.04,6.582859826668992e-08
6054.05,6.431518774196189e-08
6054.06,6.2855286493943e-08
6054.07,6.144651612665351e-08
6054.08,6.008668523604592e-08
6054.09,5.877377275246671e-08
6054.1,5.750590627179822e-08
6054.11,5.6281342252299784e-08
6054.12,5.509842374345015e-08
6054.13,5.395554384659767e-08
6054.14,5.28510423290221e-08
6054.15,5.178309479676226e-08
6054.16,5.0749531533674016e-08
6054.17,4.964543347547459e-08
6054.18,4.867201853419054e-08
6054.19,4.772269016205077e-08
6054.2,4.679377663365241e-08
6054.21,4.58834093662841e-08
6054.22,4.49921522607176e-08
6054.23,4.412207099515368e-08
6054.24,4.327517769592068e-08
6054.25,4.245254679307502e-08
6054.26,4.165429023078657e-08
6054.27,4.087988987759949e-08
6054.28,4.012851370760885e-08
6054.29,3.939920417769043e-08
6054.3,3.869099808738992e-08
6054.31,3.80029628247609e-08
6054.32,3.733421919308018e-08
6054.33,3.6683949462351425e-08
6054.34,3.605139198603486e-08
6054.35,3.543584025088529e-08
6054.36,3.483663726925248e-08
6054.37,3.425317086979131e-08
6054.38,3.3684869472196815e-08
6054.39,3.313117545588601e-08
6054.4,3.2591634600103766e-08
6054.41,3.206575491431022e-08
6054.42,3.1553097835938926e-08
6054.43,3.105325399060507e-08
6054.44,3.056584291561151e-08
6054.45,3.009051357932345e-08
6054.46,2.962694586943282e-08
6054.47,2.9163110787212228e-08
6054.48,2.8978310854112163e-08
6054.49,2.8550097314211255e-08
6054.5,2.8132772401603488e-08
6054.51,2.7726258367703298e-08
6054.52,2.733057106562301e-08
6054.53,2.694586210653252e-08
6054.54,2.657244935955515e-08
6054.55,2.6210935156500006e-08
6054.56,2.5862322388098592e-08
6054.57,2.5528236665187402e-08
6054.58,2.5211269976973492e-08
6054.59,2.4915513382329255e-08
6054.6,2.4647081512181234e-08
6054.61,2.4414348616597513e-08
6054.62,2.422509313153615e-08
6054.63,2.4075435020266883e-08
6054.64,2.3928951386239814e-08
6054.65,2.3713267852085794e-08
6054.66,2.3375244019000548e-08
6054.67,2.2941688552981067e-08
6054.68,2.2486940397363136e-08
6054.69,2.2062458264829526e-08
6054.7,2.1681156240022367e-08
6054.71,2.133725774504514e-08
6054.72,2.102165288652719e-08
6054.73,2.072674112043201e-08
6054.74,2.044776697998036e-08
6054.75,2.018102527724631e-08
6054.76,1.992412934474754e-08
6054.77,1.967541894293588e-08
6054.78,1.943370740314998e-08
6054.79,1.91982211540737e-08
6054.8,1.8968404789826123e-08
6054.81,1.87439058561697e-08
6054.82,1.8524510600132668e-08
6054.83,1.8310085720050417e-08
6054.84,1.810054006553765e-08
6054.85,1.7895802336057873e-08
6054.86,1.769581217982266e-08
6054.87,1.7500516691183736e-08
6054.88,1.7309875403164685e-08
6054.89,1.7123859367327378e-08
6054.9,1.714949683096437e-08
6054.91,1.6973718357436495e-08
6054.92,1.6802524210067144e-08
6054.93,1.6635867052386577e-08
6054.94,1.6473631767357383e-08
6054.95,1.631560789639522e-08
6054.96,1.616141161122549e-08
6054.97,1.6010461895179015e-08
6054.98,1.5861981322770213e-08
6054.99,1.5715082167527015e-08
6055.0,1.556894345160187e-08
6055.01,1.542302782834152e-08
6055.02,1.5277223795930196e-08
6055.03,1.5131800900519288e-08
6055.04,1.4987179524142348e-08
6055.05,1.484370130172542e-08
6055.06,1.4701673417661916e-08
6055.07,1.4561562196850433e-08
6055.08,1.442423124002821e-08
6055.09,1.4290636635396898e-08
6055.1,1.4161512771242067e-08
6055.11,1.4037288522870275e-08
6055.12,1.4089092830715542e-08
6055.13,1.3976138013612385e-08
6055.14,1.3868531954667996e-08
6055.15,1.3766450811325612e-08
6055.16,1.3670142832899756e-08
6055.17,1.3579927817708511e-08
6055.18,1.349617716948063e-08
6055.19,1.3419274207917087e-08
6055.2,1.334952647508291e-08
6055.21,1.3287020231162767e-08
6055.22,1.323139424442609e-08
6055.23,1.3181548532961219e-08
6055.24,1.3135384354497003e-08
6055.25,1.3089788606100818e-08
6055.26,1.3041142192433244e-08
6055.27,1.2986423323928125e-08
6055.28,1.2924414740042078e-08
6055.29,1.2856313895257997e-08
6055.3,1.2785580980068727e-08
6055.31,1.2716645541117959e-08
6055.32,1.2654044633357408e-08
6055.33,1.2601158472175903e-08
6055.34,1.2558142228164874e-08
6055.35,1.2519203468745956e-08
6055.36,1.2473085599353988e-08
6055.37,1.2409636487288123e-08
6055.38,1.2324852280439508e-08
6055.39,1.2218077632915636e-08
6055.4,1.2089531373806152e-08
6055.41,1.1942187888762423e-08
6055.42,1.1782782730666038e-08
6055.43,1.1619763524706808e-08
6055.44,1.1460508371815688e-08
6055.45,1.1309861568862926e-08
6055.46,1.1170143007288629e-08
6055.47,1.10418671599289e-08
6055.48,1.0924388934668477e-08
6055.49,1.0816965057682888e-08
6055.5,1.0718283146428589e-08
6055.51,1.0627089348038336e-08
6055.52,1.0542072276041975e-08
6055.53,1.046185991534747e-08
6055.54,1.03850741214743e-08
6055.55,1.0310485027304792e-08
6055.56,1.0237224847025539e-08
6055.57,1.0164918446311299e-08
6055.58,1.009363293924152e-08
6055.59,1.0023658324469736e-08
6055.6,9.955264164637093e-09
6055.61,9.888565702426935e-09
6055.62,9.82353329757046e-09
6055.63,9.76008791379666e-09
6055.64,9.698196401594996e-09
6055.65,9.637909262715424e-09
6055.66,9.579335606846204e-09
6055.67,9.522208550087263e-09
6055.68,9.46705141927399e-09
6055.69,9.414190171499279e-09
6055.7,9.36327533173448e-09
6055.71,9.314269747079805e-09
6055.72,9.267120084248279e-09
6055.73,9.221772053741772e-09
6055.74,9.178175524779338e-09
6055.75,9.136289860988198e-09
6055.76,9.096086264628468e-09
6055.77,9.057548838584557e-09
6055.78,9.02067496010271e-09
6055.79,8.985475270248405e-09
6055.8,8.951973337939274e-09
6055.81,8.920204840854042e-09
6055.82,8.890215524216184e-09
6055.83,8.862059561828776e-09
6055.84,8.83579344255918e-09
6055.85,8.811471346906143e-09
6055.86,8.789140702423259e-09
6055.87,8.768844404049902e-09
6055.88,8.750636636687384e-09
6055.89,8.73461694408817e-09
6055.9,8.720977798857164e-09
6055.91,8.710049399579355e-09
6055.92,8.702323323602012e-09
6055.93,8.698449332202693e-09
6055.94,8.699213828183988e-09
6055.95,8.705523355183527e-09
6055.96,8.718348520353672e-09
6055.97,8.738669548379544e-09
6055.98,8.76727398411459e-09
6055.99,8.80437453722321e-09
6056.0,8.848953162401007e-09
6056.01,8.897906518823097e-09
6056.02,8.945478324947048e-09
6056.03,8.983779313031217e-09
6056.04,9.005241179923307e-09
6056.05,9.006146021482057e-09
6056.06,8.988812574861811e-09
6056.07,8.960540083584914e-09
6056.08,8.930261573865194e-09
6056.09,8.905475813284778e-09
6056.1,8.890957710611038e-09
6056.11,8.888897892656137e-09
6056.12,8.899499833877359e-09
6056.13,8.921448159436201e-09
6056.14,8.9522494646671e-09
6056.15,8.988804178542919e-09
6056.16,9.02846659540378e-09
6056.17,9.070172433691897e-09
6056.18,9.114832866931654e-09
6056.19,9.164530450084544e-09
6056.2,9.22115498583209e-09
6056.21,9.285467717761682e-09
6056.22,9.357038731710794e-09
6056.23,9.434378193299865e-09
6056.24,9.517623987560061e-09
6056.25,9.605936205671881e-09
6056.26,9.699234243774342e-09
6056.27,1.0071782004865383e-08
6056.28,1.0174220308887185e-08
6056.29,1.0278472846282929e-08
6056.3,1.0382395926555832e-08
6056.31,1.0484191861868898e-08
6056.32,1.0582718971637091e-08
6056.33,1.0777053451112471e-08
6056.34,1.0872865899642353e-08
6056.35,1.0966508402550895e-08
6056.36,1.1057362174741592e-08
6056.37,1.1150575276065665e-08
6056.38,1.1255968907243667e-08
6056.39,1.13813853240602e-08
6056.4,1.1530868330733772e-08
6056.41,1.1706140332406618e-08
6056.42,1.190752185494897e-08
6056.43,1.186648178166177e-08
6056.44,1.211553631940384e-08
6056.45,1.2380520175786697e-08
6056.46,1.2652786423084616e-08
6056.47,1.2920613414795802e-08
6056.48,1.3169893776116724e-08
6056.49,1.3384879958813354e-08
6056.5,1.3550469329784576e-08
6056.51,1.3654568649544648e-08
6056.52,1.369046087224303e-08
6056.53,1.3658149997124214e-08
6056.54,1.3564382846109846e-08
6056.55,1.3421373873390956e-08
6056.56,1.3244285473070506e-08
6056.57,1.3049097036373975e-08
6056.58,1.2849977866525409e-08
6056.59,1.265906815212553e-08
6056.6,1.2485508052156759e-08
6056.61,1.2335735168727946e-08
6056.62,1.2213957664138957e-08
6056.63,1.2122729219656602e-08
6056.64,1.2063498774803564e-08
6056.65,1.2037074691096664e-08
6056.66,1.2043952625227743e-08
6056.67,1.2084749695449618e-08
6056.68,1.2160145110116855e-08
6056.69,1.2271320953537941e-08
6056.7,1.24199064488116e-08
6056.71,1.2608257618563083e-08
6056.72,1.2839627271037197e-08
6056.73,1.3118398347181959e-08
6056.74,1.3450341714802653e-08
6056.75,1.384288790605736e-08
6056.76,1.4305419496727044e-08
6056.77,1.4849608288552234e-08
6056.78,1.5489816979703853e-08
6056.79,1.624354941898267e-08
6056.8,1.713186596182221e-08
6056.81,1.8179567014864488e-08
6056.82,1.9414716798473092e-08
6056.83,2.0866780401366824e-08
6056.84,2.2562469588608255e-08
6056.85,2.4516671187097542e-08
6056.86,2.671711102316359e-08
6056.87,2.91017620646702e-08
6056.88,3.1533765307640035e-08
6056.89,3.3788811761688126e-08
6056.9,3.5578852432496336e-08
6056.91,3.6627876090977475e-08
6056.92,3.677461065539702e-08
6056.93,3.604151605459017e-08
6056.94,3.461721344569992e-08
6056.95,3.2768632590329934e-08
6056.96,3.0746973137336736e-08
6056.97,2.8735967060851958e-08
6056.98,2.6845733288084685e-08
6056.99,2.5129745923898063e-08
6057.0,2.3607309901037895e-08
6057.01,2.2277005301369482e-08
6057.02,2.1128024309559718e-08
6057.03,2.0144848635669144e-08
6057.04,1.9310706248918514e-08
6057.05,1.8608763257410277e-08
6057.06,1.8023298574073067e-08
6057.07,1.7539912342982012e-08
6057.08,1.7145879442413873e-08
6057.09,1.6830157957345045e-08
6057.1,1.6583182246726168e-08
6057.11,1.6396704221719728e-08
6057.12,1.626435653987186e-08
6057.13,1.6180256608080362e-08
6057.14,1.6139575273252777e-08
6057.15,1.613870437728634e-08
6057.16,1.6174367913970197e-08
6057.17,1.624403712130551e-08
6057.18,1.6345717553315348e-08
6057.19,1.6477879602023166e-08
6057.2,1.663940177782057e-08
6057.21,1.6829525086533683e-08
6057.22,1.7047817009734264e-08
6057.23,1.7294143804276063e-08
6057.24,1.756865005626291e-08
6057.25,1.78715921569925e-08
6057.26,1.8203940570827583e-08
6057.27,1.8566459941891035e-08
6057.28,1.896032290022061e-08
6057.29,1.938696361014227e-08
6057.3,1.9848089226339206e-08
6057.31,2.034569623912537e-08
6057.32,2.088209197484499e-08
6057.33,2.14599216694145e-08
6057.34,2.208220169622143e-08
6057.35,2.2752359716091404e-08
6057.36,2.3474282728185516e-08
6057.37,2.4252371602636433e-08
6057.38,2.5091619535650297e-08
6057.39,2.5997676512350905e-08
6057.4,2.697695523108179e-08
6057.41,2.8036741508801612e-08
6057.42,2.918532869288102e-08
6057.43,3.043217784058198e-08
6057.44,3.1788109159004844e-08
6057.45,3.326553155732363e-08
6057.46,3.487871888240942e-08
6057.47,3.6644143610689245e-08
6057.48,3.858087347821889e-08
6057.49,4.0711096928614916e-08
6057.5,4.306067740126862e-08
6057.51,4.565992707369232e-08
6057.52,4.854451078374134e-08
6057.53,5.175659209707654e-08
6057.54,5.5346229767918146e-08
6057.55,5.937317159009174e-08
6057.56,6.390901883640841e-08
6057.57,6.904011015123714e-08
6057.58,7.487100934650519e-08
6057.59,8.152900524241091e-08
6057.6,8.916979143231457e-08
6057.61,9.798463428915809e-08
6057.62,1.0820935180916392e-07
6057.63,1.2013538558293628e-07
6057.64,1.3412307984539167e-07
6057.65,1.5061677177853397e-07
6057.66,1.7016132742328932e-07
6057.67,1.9340893936891988e-07
6057.68,2.2112548642474796e-07
6057.69,2.541462827606942e-07
6057.7,2.9329395226428555e-07
6057.71,3.391520186173971e-07
6057.72,3.9166104770229374e-07
6057.73,4.4947386485557416e-07
6057.74,5.091611748176568e-07
6057.75,5.646718352378018e-07
6057.76,6.078123688307931e-07
6057.77,6.303807906074985e-07
6057.78,6.274342100634498e-07
6057.79,5.996830566169875e-07
6057.8,5.531296614023727e-07
6057.81,4.962515566123785e-07
6057.82,4.368644081711372e-07
6057.83,3.803918404218154e-07
6057.84,3.297036614148968e-07
6057.85,2.8577404056565245e-07
6057.86,2.4846230961675836e-07
6057.87,2.1710059256819686e-07
6057.88,1.9085194552433696e-07
6057.89,1.6889225212691033e-07
6057.9,1.5048222535656496e-07
6057.91,1.349955862542066e-07
6057.92,1.2191447579956828e-07
6057.93,1.1081682377813994e-07
6057.94,1.013609180522623e-07
6057.95,9.327085712833536e-08
6057.96,8.632397840484343e-08
6057.97,8.034031256822566e-08
6057.98,7.517379028623921e-08
6057.99,7.07049650342232e-08
6058.0,6.487053608922919e-08
6058.01,6.152489356838783e-08
6058.02,5.862435103016383e-08
6058.03,5.610715920492963e-08
6058.04,5.391800194474583e-08
6058.05,5.200724448100171e-08
6058.06,5.0329532389847666e-08
6058.07,4.884626898797104e-08
6058.08,4.752580766038762e-08
6058.09,4.634467288513022e-08
6058.1,4.5287338398129496e-08
6058.11,4.4344427789649116e-08
6058.12,4.351041088763675e-08
6058.13,4.2780723770877855e-08
6058.14,4.215035127061813e-08
6058.15,4.161355265661817e-08
6058.16,4.116438412321566e-08
6058.17,4.0798427403337707e-08
6058.18,4.051356214251003e-08
6058.19,4.0310433077925784e-08
6058.2,4.0192641000744366e-08
6058.21,4.016355272786908e-08
6058.22,4.02287617660554e-08
6058.23,4.03930691963623e-08
6058.24,4.0660454520956153e-08
6058.25,4.1034250898043074e-08
6058.26,4.151698010040629e-08
6058.27,4.211060459264055e-08
6058.28,4.281680393184779e-08
6058.29,4.363741960718976e-08
6058.3,4.457509993292012e-08
6058.31,4.563407206371698e-08
6058.32,4.6820823279641204e-08
6058.33,4.814444081820463e-08
6058.34,4.961651968974263e-08
6058.35,5.1250733847318124e-08
6058.36,5.306269852039205e-08
6058.37,5.5069460875708403e-08
6058.38,5.728983591343237e-08
6058.39,5.974465504024395e-08
6058.4,6.245713443564089e-08
6058.41,6.545335317523123e-08
6058.42,6.876261520993083e-08
6058.43,7.241781048058828e-08
6058.44,7.645568018555366e-08
6058.45,8.091695034490754e-08
6058.46,8.584626025268524e-08
6058.47,9.129177735217997e-08
6058.48,9.730434859449933e-08
6058.49,1.0393599609774716e-07
6058.5,1.1123753499750679e-07
6058.51,1.1925510026935201e-07
6058.52,1.280254629796837e-07
6058.53,1.3757026342602621e-07
6058.54,1.478913933510685e-07
6058.55,1.589591692287282e-07
6058.56,1.7071999300835252e-07
6058.57,1.8309385331418292e-07
6058.58,1.9599382380250948e-07
6058.59,2.0934726702132524e-07
6058.6,2.2313910022940515e-07
6058.61,2.3745548073245366e-07
6058.62,2.525241980196914e-07
6058.63,2.6873790866603883e-07
6058.64,2.8664883619279344e-07
6058.65,3.069266392534859e-07
6058.66,3.302646528019836e-07
6058.67,3.5725857365456337e-07
6058.68,3.881648919861127e-07
6058.69,4.22611637447967e-07
6058.7,4.592366249713153e-07
6058.71,4.953988520183553e-07
6058.72,5.272515370785922e-07
6058.73,5.504496167742199e-07
6058.74,5.615112898374581e-07
6058.75,5.592481984913097e-07
6058.76,5.45367817402073e-07
6058.77,5.238188966144832e-07
6058.78,4.993602677058769e-07
6058.79,4.7624547686469686e-07
6058.8,4.575679500654465e-07
6058.81,4.4522532330393993e-07
6058.82,4.401902498805532e-07
6058.83,4.428109803537604e-07
6058.84,4.5296414829089887e-07
6058.85,4.701521300235068e-07
6058.86,4.932920435189684e-07
6058.87,5.205358827296947e-07
6058.88,5.490503692208675e-07
6058.89,5.75006006975511e-07
6058.9,5.939860037640176e-07
6058.91,6.019000795027742e-07
6058.92,5.961545310644634e-07
6058.93,5.765099589232254e-07
6058.94,5.451116826360695e-07
6058.95,5.056709276115247e-07
6058.96,4.622864075547681e-07
6058.97,4.1848675941423043e-07
6058.98,3.768614868778118e-07
6058.99,3.38705383579036e-07
6059.0,3.0476364931454535e-07
6059.01,2.7512782217602757e-07
6059.02,2.496194450158309e-07
6059.03,2.279031262291135e-07
6059.04,2.0960444006850012e-07
6059.05,1.943684448475663e-07
6059.06,1.8189038532954628e-07
6059.07,1.71930740240407e-07
6059.08,1.643225809779378e-07
6059.09,1.5897618953103413e-07
6059.1,1.5588367109485172e-07
6059.11,1.5512466989822216e-07
6059.12,1.5687467062751928e-07
6059.13,1.613966907810335e-07
6059.14,1.690439374112194e-07
6059.15,1.801999680262001e-07
6059.16,1.951520006560942e-07
6059.17,2.1382129547538073e-07
6059.18,2.3530851081998647e-07
6059.19,2.573453321306587e-07
6059.2,2.760602117307621e-07
6059.21,2.8673005117335313e-07
6059.22,2.857311047822473e-07
6059.23,2.725527080963104e-07
6059.24,2.5009755361558004e-07
6059.25,2.2296954032639582e-07
6059.26,1.9533668720301196e-07
6059.27,1.6983676471270321e-07
6059.28,1.4761440567212525e-07
6059.29,1.2884062647291795e-07
6059.3,1.1320894722692277e-07
6059.31,1.0024976363181908e-07
6059.32,8.948776023132195e-08
6059.33,8.050200250872252e-08
6059.34,7.295018283460584e-08
6059.35,6.655177702214517e-08
6059.36,6.108646786354199e-08
6059.37,5.6380654435682946e-08
6059.38,5.229745829912889e-08
6059.39,4.872855781077333e-08
6059.4,4.558776276601357e-08
6059.41,4.2806050582265465e-08
6059.42,4.032776258247938e-08
6059.43,3.810769571780978e-08
6059.44,3.6108876031426024e-08
6059.45,3.430093181497048e-08
6059.46,3.265843944482718e-08
6059.47,3.1160397849468524e-08
6059.48,2.978909613573603e-08
6059.49,2.852956751691589e-08
6059.5,2.736909207194449e-08
6059.51,2.62968011246682e-08
6059.52,2.530336055001768e-08
6059.53,2.4380715751683216e-08
6059.54,2.3522102027118584e-08
6059.55,2.272100971921312e-08
6059.56,2.1972345010844262e-08
6059.57,2.1271451906452967e-08
6059.58,2.0615098727978375e-08
6059.59,1.999795357725732e-08
6059.6,1.941767360059025e-08
6059.61,1.8871424236296672e-08
6059.62,1.8356701570207894e-08
6059.63,1.7871455038166168e-08
6059.64,1.7413244448808246e-08
6059.65,1.6980522203920212e-08
6059.66,1.657166505335605e-08
6059.67,1.618521439120411e-08
6059.68,1.581983414953175e-08
6059.69,1.5474277694954474e-08
6059.7,1.5147350249966658e-08
6059.71,1.4837865701607474e-08
6059.72,1.4544599530349932e-08
6059.73,1.4266243502828481e-08
6059.74,1.4001372379710067e-08
6059.75,1.374843479650485e-08
6059.76,1.3505775959768827e-08
6059.77,1.3271706258738554e-08
6059.78,1.3044575692072499e-08
6059.79,1.2822912385233902e-08
6059.8,1.2605553903973574e-08
6059.81,1.2391760981435955e-08
6059.82,1.2181269930954576e-08
6059.83,1.1974260677620914e-08
6059.84,1.1771248122740924e-08
6059.85,1.157293460008646e-08
6059.86,1.1380047171188165e-08
6059.87,1.1193172891676687e-08
6059.88,1.101293121531609e-08
6059.89,1.0839572382512567e-08
6059.9,1.067325828945574e-08
6059.91,1.0513989751812376e-08
6059.92,1.036167128851636e-08
6059.93,1.021611272540691e-08
6059.94,1.0077094188138715e-08
6059.95,9.944363226396056e-09
6059.96,9.81765700556001e-09
6059.97,9.696713421005483e-09
6059.98,9.581278389703104e-09
6059.99,9.471110328806526e-09
6060.0,9.365982656769963e-09
6060.01,9.265684961081805e-09
6060.02,9.170023306988456e-09
6060.03,9.07882002468333e-09
6060.04,8.991913209270401e-09
6060.05,8.909156093470634e-09
6060.06,8.830416400924454e-09
6060.07,8.755575753571869e-09
6060.08,8.684529184401645e-09
6060.09,8.617184794487557e-09
6060.1,8.553463587529512e-09
6060.11,8.493299515626864e-09
6060.12,8.436639775162048e-09
6060.13,8.38344540225469e-09
6060.14,8.33369223325177e-09
6060.15,8.287372319353225e-09
6060.16,8.244495917399478e-09
6060.17,8.205094225347171e-09
6060.18,8.169223095908725e-09
6060.19,8.136968053707964e-09
6060.2,8.108451070864266e-09
6060.21,8.083839739504859e-09
6060.22,8.063359738331605e-09
6060.23,8.047311850976644e-09
6060.24,8.036095282557617e-09
6060.25,8.030239645192601e-09
6060.26,8.03044867444571e-09
6060.27,8.03767043565531e-09
6060.28,8.05313245606213e-09
6060.29,8.07849273179649e-09
6060.3,8.11589619140505e-09
6060.31,8.1680190207624e-09
6060.32,8.237896865282132e-09
6060.33,8.328207106987698e-09
6060.34,8.439414994812216e-09
6060.35,8.566247946348908e-09
6060.36,8.684366031202799e-09
6060.37,8.785987404429674e-09
6060.38,8.834848923508537e-09
6060.39,8.81940879217809e-09
6060.4,8.75251136991114e-09
6060.41,8.835611139992939e-09
6060.42,8.747535400794615e-09
6060.43,8.67640905186549e-09
6060.44,8.627356834186733e-09
6060.45,8.600001735105651e-09
6060.46,8.591839775849842e-09
6060.47,8.600136267707108e-09
6060.48,8.622535767019156e-09
6060.49,8.657240290687266e-09
6060.5,8.702964589646876e-09
6060.51,8.75888376366781e-09
6060.52,8.824490092079674e-09
6060.53,8.899566024443026e-09
6060.54,8.984124526605007e-09
6060.55,9.078378030316709e-09
6060.56,9.18272357142823e-09
6060.57,9.297735502180675e-09
6060.58,9.424146060533612e-09
6060.59,9.563009177001648e-09
6060.6,9.715528530424718e-09
6060.61,9.883263988881774e-09
6060.62,1.0068179711490735e-08
6060.63,1.0272726327838301e-08
6060.64,1.0499818722257035e-08
6060.65,1.0752399971432556e-08
6060.66,1.103201666269347e-08
6060.67,1.1336397614052688e-08
6060.68,1.1658974669782553e-08
6060.69,1.199499699867843e-08
6060.7,1.2350070595365936e-08
6060.71,1.2739209137535861e-08
6060.72,1.3178161716405135e-08
6060.73,1.3678953513405716e-08
6060.74,1.4251595642549482e-08
6060.75,1.4906926278645244e-08
6060.76,1.5658493179619546e-08
6060.77,1.6523757554371872e-08
6060.78,1.7525231147759184e-08
6060.79,1.869199447659985e-08
6060.8,2.0061785290178707e-08
6060.81,2.1683859740795066e-08
6060.82,2.3671826802528806e-08
6060.83,2.601740152455678e-08
6060.84,2.88869412668129e-08
6060.85,3.2445165889845864e-08
6060.86,3.691119111966864e-08
6060.87,4.25918197932361e-08
6060.88,4.990374017247376e-08
6060.89,5.942695844471228e-08
6060.9,7.198939425074046e-08
6060.91,8.87137388496873e-08
6060.92,1.1082007786201395e-07
6060.93,1.388282053724672e-07
6060.94,1.7074630177401404e-07
6060.95,2.0027908014386234e-07
6060.96,2.1595963254208218e-07
6060.97,2.1071812266632158e-07
6060.98,1.8723572655593103e-07
6060.99,1.5568933436605842e-07
6061.0,1.2527551801067837e-07
6061.01,1.0020194806343395e-07
6061.02,8.096056480429619e-08
6061.03,6.657374596148781e-08
6061.04,5.58462862978749e-08
6061.05,4.7783108033138576e-08
6061.06,4.164770494207771e-08
6061.07,3.691666825822384e-08
6061.08,3.32216025143505e-08
6061.09,3.0300723576060386e-08
6061.1,2.797130140658303e-08
6061.11,2.6096951144992e-08
6061.12,2.4331414376591395e-08
6061.13,2.3099909483619333e-08
6061.14,2.2099602445254064e-08
6061.15,2.129159185906249e-08
6061.16,2.0648326732891273e-08
6061.17,2.030631491420492e-08
6061.18,1.9948437818502543e-08
6061.19,1.9727193109892914e-08
6061.2,1.9648003085699173e-08
6061.21,1.971191782434967e-08
6061.22,1.98856601784488e-08
6061.23,2.006288700414134e-08
6061.24,2.0090382580619988e-08
6061.25,1.990151320362125e-08
6061.26,1.9590092621972235e-08
6061.27,1.9302221494818844e-08
6061.28,1.912070748669783e-08
6061.29,1.90621224626161e-08
6061.3,1.9115536447960417e-08
6061.31,1.9260892201830645e-08
6061.32,1.946483274746913e-08
6061.33,1.9677284216277686e-08
6061.34,1.9853866278255932e-08
6061.35,1.9990466717819367e-08
6061.36,2.0120151262724023e-08
6061.37,2.0279226136912157e-08
6061.38,2.048675843272169e-08
6061.39,2.0746588461677735e-08
6061.4,2.105600852075759e-08
6061.41,2.1411610561319862e-08
6061.42,2.1811438514110128e-08
6061.43,2.2255418967092238e-08
6061.44,2.2745315704425346e-08
6061.45,2.3284480027767347e-08
6061.46,2.3877878935789786e-08
6061.47,2.4531683108614293e-08
6061.48,2.525248447319826e-08
6061.49,2.6045279244715523e-08
6061.5,2.6909437897812182e-08
6061.51,2.783212769073452e-08
6061.52,2.8781131945021884e-08
6061.53,2.97037880521098e-08
6061.54,3.054118989623592e-08
6061.55,3.125688734661377e-08
6061.56,3.1859965943052107e-08
6061.57,3.2400568066976286e-08
6061.58,3.2942391566675584e-08
6061.59,3.353695070511195e-08
6061.6,3.421447880798904e-08
6061.61,3.498775554384233e-08
6061.62,3.585957092183926e-08
6061.63,3.6828606355133504e-08
6061.64,3.789278353247916e-08
6061.65,3.9050768274318094e-08
6061.66,4.0302636554656963e-08
6061.67,4.164979645913683e-08
6061.68,4.309505247449897e-08
6061.69,4.464247993575198e-08
6061.7,4.629734410547062e-08
6061.71,4.806605144620093e-08
6061.72,4.995613592879333e-08
6061.73,5.197627855443257e-08
6061.74,5.4136357379269465e-08
6061.75,5.644752584704339e-08
6061.76,5.892231818743063e-08
6061.77,6.157478161353081e-08
6061.78,6.442063594170537e-08
6061.79,6.747746202444293e-08
6061.8,7.076492106480267e-08
6061.81,7.43050672982517e-08
6061.82,7.812239949010316e-08
6061.83,8.224455232738821e-08
6061.84,8.670305039959274e-08
6061.85,9.153137760205218e-08
6061.86,9.67691481471536e-08
6061.87,1.0246028751237169e-07
6061.88,1.08654347723541e-07
6061.89,1.1540730304153111e-07
6061.9,1.227824107039003e-07
6061.91,1.3085111335192747e-07
6061.92,1.3969397066568598e-07
6061.93,1.4940161372369e-07
6061.94,1.6007569890726562e-07
6061.95,1.7182979553172064e-07
6061.96,1.8479007967297212e-07
6061.97,1.990956295030499e-07
6061.98,2.1489801197158926e-07
6061.99,2.32359727100054e-07
6062.0,2.516503955716324e-07
6062.01,2.729426405291119e-07
6062.02,2.9639945053531e-07
6062.03,3.221609278839164e-07
6062.04,3.503216341999081e-07
6062.05,3.808995813570351e-07
6062.06,4.1379318953045944e-07
6062.07,4.4873793318731927e-07
6062.08,4.852349294356358e-07
6062.09,5.225097930000295e-07
6062.1,5.594578714874119e-07
6062.11,5.946478362513449e-07
6062.12,6.263776980673836e-07
6062.13,6.528113080436339e-07
6062.14,6.720813374741054e-07
6062.15,6.829423538177206e-07
6062.16,6.844425378751298e-07
6062.17,6.764645741729258e-07
6062.18,6.596532274477318e-07
6062.19,6.352924375971825e-07
6062.2,6.050777997524575e-07
6062.21,5.70861873048291e-07
6062.22,5.343941648803638e-07
6062.23,4.971994660764146e-07
6062.24,4.604794061023901e-07
6062.25,4.25103842155388e-07
6062.26,3.9164365509111396e-07
6062.27,3.6042555748649235e-07
6062.28,3.315920136401068e-07
6062.29,3.0515581502823534e-07
6062.3,2.810444488971862e-07
6062.31,2.591332584161767e-07
6062.32,2.392688843819796e-07
6062.33,2.2128530508537794e-07
6062.34,2.050145568519921e-07
6062.35,1.9029375327106852e-07
6062.36,1.7696940520271586e-07
6062.37,1.6489965856142107e-07
6062.38,1.5395537842089255e-07
6062.39,1.4385199169271234e-07
6062.4,1.348222002814669e-07
6062.41,1.2660398953977643e-07
6062.42,1.1911474807677626e-07
6062.43,1.122813039691091e-07
6062.44,1.0603896403385903e-07
6062.45,1.0033059836441123e-07
6062.46,9.51057567705795e-08
6062.47,9.031982758880867e-08
6062.48,8.593321365171485e-08
6062.49,8.191050016400006e-08
6062.5,7.821958473771974e-08
6062.51,7.483074874765559e-08
6062.52,7.171568061392398e-08
6062.53,6.884644082551713e-08
6062.54,6.619508278412194e-08
6062.55,6.3732848004073e-08
6062.56,6.143098785485958e-08
6062.57,5.926240894735512e-08
6062.58,5.720351945888399e-08
6062.59,5.523652470214538e-08
6062.6,5.3351085693549654e-08
6062.61,5.154288214276892e-08
6062.62,4.9812077360776126e-08
6062.63,4.815978082739797e-08
6062.64,4.6585336117237563e-08
6062.65,4.508480657228101e-08
6062.66,4.3650869782832965e-08
6062.67,4.227518586007999e-08
6062.68,4.095053557091358e-08
6062.69,3.967287647131841e-08
6062.7,3.844193784137036e-08
6062.71,3.726038775319312e-08
6062.72,3.613233724391075e-08
6062.73,3.506115103061731e-08
6062.74,3.40492454051749e-08
6062.75,3.30972326033265e-08
6062.76,3.220404774290988e-08
6062.77,3.1367651010459975e-08
6062.78,3.0585258070622605e-08
6062.79,2.9853760108832405e-08
6062.8,2.9169985694562806e-08
6062.81,2.853086513148192e-08
6062.82,2.793352260627743e-08
6062.83,2.737531950045179e-08
6062.84,2.6853867468696646e-08
6062.85,2.6366627295420317e-08
6062.86,2.5912487202061546e-08
6062.87,2.5489354739306097e-08
6062.88,2.509573749825986e-08
6062.89,2.4730357074636426e-08
6062.9,2.4392104673339717e-08
6062.91,2.4079855157679324e-08
6062.92,2.3792869412621285e-08
6062.93,2.33233458600431e-08
6062.94,2.3086005629642286e-08
6062.95,2.2872271772340786e-08
6062.96,2.2596165036017415e-08
6062.97,2.2429489732037096e-08
6062.98,2.2285299781054818e-08
6062.99,2.2161989038594183e-08
6063.0,2.2061056890465038e-08
6063.01,2.1981450573381154e-08
6063.02,2.192387325670362e-08
6063.03,2.188951111700778e-08
6063.04,2.1879620045329477e-08
6063.05,2.1895362020687216e-08
6063.06,2.193788150638241e-08
6063.07,2.2008433164064412e-08
6063.08,2.2108468292274117e-08
6063.09,2.2239666094680227e-08
6063.1,2.2403727305541462e-08
6063.11,2.2603167635569337e-08
6063.12,2.284001014881128e-08
6063.13,2.3116537893820753e-08
6063.14,2.3434722075067013e-08
6063.15,2.3796104120850552e-08
6063.16,2.4201072089766854e-08
6063.17,2.464808085450856e-08
6063.18,2.5132493642872174e-08
6063.19,2.5646145224423368e-08
6063.2,2.6175940368125233e-08
6063.21,2.6704772887576318e-08
6063.22,2.7213369920610913e-08
6063.23,2.7683900977561968e-08
6063.24,2.810444040746357e-08
6063.25,2.8472661707762083e-08
6063.26,2.879701088622497e-08
6063.27,2.9095247308172923e-08
6063.28,2.9390004217039036e-08
6063.29,2.970476239038779e-08
6063.3,3.006049393303074e-08
6063.31,3.04741845800613e-08
6063.32,3.095817992419923e-08
6063.33,3.152165935453662e-08
6063.34,3.217106756711918e-08
6063.35,3.291117800060533e-08
6063.36,3.3745219457132295e-08
6063.37,3.46780872643676e-08
6063.38,3.571279369930364e-08
6063.39,3.685365744227675e-08
6063.4,3.8106279944070355e-08
6063.41,3.9477784440335856e-08
6063.42,4.097797528154393e-08
6063.43,4.2619360294587804e-08
6063.44,4.441740696772552e-08
6063.45,4.639051974929839e-08
6063.46,4.855999665357245e-08
6063.47,5.095013311093195e-08
6063.48,5.358858414557584e-08
6063.49,5.6506935917000926e-08
6063.5,5.974165700506323e-08
6063.51,6.333515816490652e-08
6063.52,6.73371739305607e-08
6063.53,7.180643384712899e-08
6063.54,7.681272009587173e-08
6063.55,8.243943080768095e-08
6063.56,8.878680967154779e-08
6063.57,9.597605507222586e-08
6063.58,1.0415459256145183e-07
6063.59,1.1350289056931179e-07
6063.6,1.242433303007477e-07
6063.61,1.3665181792913648e-07
6063.62,1.5107306293790347e-07
6063.63,1.6794075035247804e-07
6063.64,1.8780420306133959e-07
6063.65,2.1136351911384802e-07
6063.66,2.3951542856913674e-07
6063.67,2.734118407798682e-07
6063.68,3.145353371027162e-07
6063.69,3.6477247148327784e-07
6063.7,4.26458199889676e-07
6063.71,5.024241799622501e-07
6063.72,5.957710020567669e-07
6063.73,7.092516471815567e-07
6063.74,8.438025586672309e-07
6063.75,9.95809616760426e-07
6063.76,1.1533483054483047e-06
6063.77,1.2936486693449358e-06
6063.78,1.3864654668396772e-06
6063.79,1.4064288537029405e-06
6063.8,1.34707263357753e-06
6063.81,1.2259086907845276e-06
6063.82,1.0729249683428835e-06
6063.83,9.157019428727551e-07
6063.84,7.715039857251009e-07
6063.85,6.475353372050723e-07
6063.86,5.446163235634972e-07
6063.87,4.6058338623542573e-07
6063.88,3.923559221274936e-07
6063.89,3.369153270990764e-07
6063.9,2.9165047042890435e-07
6063.91,2.54479405957892e-07
6063.92,2.2371915583673837e-07
6063.93,1.9806690554520493e-07
6063.94,1.765081113197178e-07
6063.95,1.5825121541610252e-07
6063.96,1.426760457097611e-07
6063.97,1.2929436568235973e-07
6063.98,1.1772007996658046e-07
6063.99,1.0764658543772944e-07
6064.0,9.882922343540656e-08
6064.01,9.107146421998932e-08
6064.02,8.421404556899626e-08
6064.03,7.812659438520227e-08
6064.04,7.270131432643599e-08
6064.05,6.784830803461115e-08
6064.06,6.349201705972673e-08
6064.07,5.956866209582435e-08
6064.08,5.602410007985918e-08
6064.09,5.2812196579618643e-08
6064.1,4.9893493637359534e-08
6064.11,4.723412121348246e-08
6064.12,4.4804902231572844e-08
6064.13,4.258061395838454e-08
6064.14,4.053937665850312e-08
6064.15,3.8662146284684206e-08
6064.16,3.693229238265803e-08
6064.17,3.5338690331093046e-08
6064.18,3.3861684706781345e-08
6064.19,3.249340157540606e-08
6064.2,3.122386867289394e-08
6064.21,3.004424849857233e-08
6064.22,2.8946689036745985e-08
6064.23,2.7924196797246844e-08
6064.24,2.6973510228870195e-08
6064.25,2.60830922279419e-08
6064.26,2.525090458606293e-08
6064.27,2.4472448853300213e-08
6064.28,2.3743676854561495e-08
6064.29,2.3060939501007466e-08
6064.3,2.242094237334132e-08
6064.31,2.1820707088906275e-08
6064.32,2.1257537626249653e-08
6064.33,2.0728990910725755e-08
6064.34,2.0232851075405072e-08
6064.35,1.9767106900504286e-08
6064.36,1.9329932012169445e-08
6064.37,1.8919667483552458e-08
6064.38,1.853480653565829e-08
6064.39,1.8172785946385297e-08
6064.4,1.7834763094352616e-08
6064.41,1.751840962193444e-08
6064.42,1.722270806265459e-08
6064.43,1.6946740278256066e-08
6064.44,1.6689680489826547e-08
6064.45,1.64507892341802e-08
6064.46,1.6229408164529698e-08
6064.47,1.6024955627793323e-08
6064.48,1.579894426517773e-08
6064.49,1.5627021908144186e-08
6064.5,1.5470708996107073e-08
6064.51,1.532970030460958e-08
6064.52,1.5203755336471784e-08
6064.53,1.509269780898633e-08
6064.54,1.499641576754346e-08
6064.55,1.4914862347905142e-08
6064.56,1.4848057221673694e-08
6064.57,1.4796088774106162e-08
6064.58,1.4759117079555082e-08
6064.59,1.4737377759194915e-08
6064.6,1.4731186828462082e-08
6064.61,1.4740946669636498e-08
6064.62,1.476715329914579e-08
6064.63,1.4810405141872458e-08
6064.64,1.4871413578611435e-08
6064.65,1.4951015601441668e-08
6064.66,1.5050195619037812e-08
6064.67,1.5170077265675693e-08
6064.68,1.5311985044224914e-08
6064.69,1.5477444597366465e-08
6064.7,1.566822176368654e-08
6064.71,1.5886362358320963e-08
6064.72,1.6134241264387638e-08
6064.73,1.6414623485821544e-08
6064.74,1.6730740708748128e-08
6064.75,1.7086398310660195e-08
6064.76,1.748606050880052e-08
6064.77,1.793506488723637e-08
6064.78,1.8439785572550365e-08
6064.79,1.90078921863792e-08
6064.8,1.9648608112892237e-08
6064.81,2.03728253310795e-08
6064.82,2.119258483249344e-08
6064.83,2.2118801229555826e-08
6064.84,2.31558139438061e-08
6064.85,2.4293941455145157e-08
6064.86,2.550976631941087e-08
6064.87,2.6786168759586735e-08
6064.88,2.8141382827023597e-08
6064.89,2.9632760472504185e-08
6064.9,3.133071568511045e-08
6064.91,3.329607470695322e-08
6064.92,3.5577942741824776e-08
6064.93,3.822176305870035e-08
6064.94,4.12765445968379e-08
6064.95,4.4798767572411596e-08
6064.96,4.885378668854766e-08
6064.97,5.351475306907508e-08
6064.98,5.8857846604486843e-08
6064.99,6.495179173427544e-08
6065.0,7.183944932621621e-08
6065.01,7.950568106757317e-08
6065.02,8.785388767076723e-08
6065.03,9.664541252729728e-08
6065.04,1.0547011856589777e-07
6065.05,1.1372407601782346e-07
6065.06,1.20645636473081e-07
6065.07,1.254370511772369e-07
6065.08,1.274575163961981e-07
6065.09,1.2641643214515695e-07
6065.1,1.2247072166574564e-07
6065.11,1.1617159383723057e-07
6065.12,1.0829170391066169e-07
6065.13,9.962343329064649e-08
6065.14,9.083079355561026e-08
6065.15,8.23853463833849e-08
6065.16,7.457307492593333e-08
6065.17,6.752096610536483e-08
6065.18,6.126506738986964e-08
6065.19,5.577548241643564e-08
6065.2,5.099006582096436e-08
6065.21,4.683371043469496e-08
6065.22,4.322961542917954e-08
6065.23,4.0105304566620875e-08
6065.24,3.739538383974492e-08
6065.25,3.504240020044516e-08
6065.26,3.2996707347612994e-08
6065.27,3.1215849865981254e-08
6065.28,2.9663774655348515e-08
6065.29,2.831001815595125e-08
6065.3,2.7128981526381615e-08
6065.31,2.6099202887268388e-08
6065.32,2.5202775850910064e-08
6065.33,2.442480672627714e-08
6065.34,2.3752964110495656e-08
6065.35,2.317712420229687e-08
6065.36,2.2689120086089035e-08
6065.37,2.228259086274171e-08
6065.38,2.19529584719143e-08
6065.39,2.1697570547140537e-08
6065.4,2.1515815450002138e-08
6065.41,2.140987130994095e-08
6065.42,2.1385490692244366e-08
6065.43,2.1453541394650118e-08
6065.44,2.1632380483846038e-08
6065.45,2.1951224917910237e-08
6065.46,2.2453554319053112e-08
6065.47,2.3195060238898505e-08
6065.48,2.4217791691723125e-08
6065.49,2.546606019596615e-08
6065.5,2.66560585592034e-08
6065.51,2.7304387321863337e-08
6065.52,2.7121048913313994e-08
6065.53,2.6337929625835446e-08
6065.54,2.545105823632219e-08
6065.55,2.4759361991633806e-08
6065.56,2.4348889544689824e-08
6065.57,2.418201481405802e-08
6065.58,2.4199684031522368e-08
6065.59,2.4350012138372474e-08
6065.6,2.459678188025731e-08
6065.61,2.4916104244568504e-08
6065.62,2.5295481462645144e-08
6065.63,2.5731176573258866e-08
6065.64,2.6224244406416902e-08
6065.65,2.6777139904130522e-08
6065.66,2.739157203697455e-08
6065.67,2.8069195011712958e-08
6065.68,2.8811094355949353e-08
6065.69,2.961887227133189e-08
6065.7,3.049482455725011e-08
6065.71,3.144172209741326e-08
6065.72,3.24633238120122e-08
6065.73,3.35640596568858e-08
6065.74,3.474916961696385e-08
6065.75,3.602465346175984e-08
6065.76,3.739737215478807e-08
6065.77,3.8875097006204434e-08
6065.78,4.0466592473296074e-08
6065.79,4.218171862797225e-08
6065.8,4.403155446568148e-08
6065.81,4.602854382148347e-08
6065.82,4.8186666259200644e-08
6065.83,5.052163590934718e-08
6065.84,5.305113182624362e-08
6065.85,5.579506402801154e-08
6065.86,5.87758799279653e-08
6065.87,6.20189163474384e-08
6065.88,6.555280261750626e-08
6065.89,6.940992033755087e-08
6065.9,7.36269249317512e-08
6065.91,7.824533296956334e-08
6065.92,8.331217680615318e-08
6065.93,8.888072382769044e-08
6065.94,9.50112504285793e-08
6065.95,1.0177184946189681e-07
6065.96,1.0923923228762769e-07
6065.97,1.1749951583474438e-07
6065.98,1.2664855647794648e-07
6065.99,1.3679258155728673e-07
6066.0,1.4804735130365462e-07
6066.01,1.605373187394935e-07
6066.02,1.743927476096384e-07
6066.03,1.8974501590497883e-07
6066.04,2.067187261318354e-07
6066.05,2.2541868077124723e-07
6066.06,2.459076841529783e-07
6066.07,2.681649891733259e-07
6066.08,2.9200654154540936e-07
6066.09,3.1695438131546154e-07
6066.1,3.421208723135879e-07
6066.11,3.663002683352829e-07
6066.12,3.8831777121251605e-07
6066.13,4.0727244471376644e-07
6066.14,4.2235363654910274e-07
6066.15,4.32695206413484e-07
6066.16,4.3748997659472423e-07
6066.17,4.3624568036825695e-07
6066.18,4.2896057211679923e-07
6066.19,4.1614931929291733e-07
6066.2,3.987418374238457e-07
6066.21,3.7790993527027376e-07
6066.22,3.548878950183985e-07
6066.23,3.307980562833171e-07
6066.24,3.0658913361939054e-07
6066.25,2.829805025071402e-07
6066.26,2.6047061621052375e-07
6066.27,2.393675931207808e-07
6066.28,2.1982959382038382e-07
6066.29,2.0190505507388578e-07
6066.3,1.8556749515197953e-07
6066.31,1.7074302541274051e-07
6066.32,1.573307170911364e-07
6066.33,1.452171284434955e-07
6066.34,1.3428489434807387e-07
6066.35,1.2442017796547516e-07
6066.36,1.1551527932445812e-07
6066.37,1.0747074219607319e-07
6066.38,1.0019612032888768e-07
6066.39,9.36100473569963e-08
6066.4,8.763988856933738e-08
6066.41,8.222335499086345e-08
6066.42,7.729902366891105e-08
6066.43,7.281872546705891e-08
6066.44,6.873801222809587e-08
6066.45,6.501754228226538e-08
6066.46,6.147373188356506e-08
6066.47,5.837288847671486e-08
6066.48,5.553585437504377e-08
6066.49,5.2935176135546726e-08
6066.5,5.0543033107560974e-08
6066.51,4.833181010547767e-08
6066.52,4.627404944996837e-08
6066.53,4.4343724043085225e-08
6066.54,4.251837933381283e-08
6066.55,4.0781319163386824e-08
6066.56,3.912289749875691e-08
6066.57,3.753971290913604e-08
6066.58,3.6032607261236614e-08
6066.59,3.460399119130669e-08
6066.6,3.325573893937916e-08
6066.61,3.198810745585812e-08
6066.62,3.079959413208064e-08
6066.63,2.9687188270133746e-08
6066.64,2.864706693476645e-08
6066.65,2.767489615561682e-08
6066.66,2.6766196673398597e-08
6066.67,2.5503457371883165e-08
6066.68,2.4711511533636477e-08
6066.69,2.3970439794840815e-08
6066.7,2.3276610896280987e-08
6066.71,2.2626711593247187e-08
6066.72,2.2017742146432676e-08
6066.73,2.1446997473634807e-08
6066.74,2.0912046318072115e-08
6066.75,2.0410708540540795e-08
6066.76,1.9941033143023846e-08
6066.77,1.9501278105882152e-08
6066.78,1.9089892538968334e-08
6066.79,1.870550130888046e-08
6066.8,1.8346892123556445e-08
6066.81,1.8013004966244594e-08
6066.82,1.770292373585993e-08
6066.83,1.74158699366663e-08
6066.84,1.715119825143138e-08
6066.85,1.6908393808740508e-08
6066.86,1.668707090438975e-08
6066.87,1.648715201431501e-08
6066.88,1.6308152868027742e-08
6066.89,1.615025364127183e-08
6066.9,1.601358501165576e-08
6066.91,1.5898401225091134e-08
6066.92,1.5805068916478307e-08
6066.93,1.573404522983226e-08
6066.94,1.568580114461901e-08
6066.95,1.56609120261654e-08
6066.96,1.5659732099905448e-08
6066.97,1.6124350647764435e-08
6066.98,1.6174665373735798e-08
6066.99,1.6247753926647687e-08
6067.0,1.6341900545369223e-08
6067.01,1.6454611940141147e-08
6067.02,1.6582509257796465e-08
6067.03,1.672192226603793e-08
6067.04,1.6869306144266184e-08
6067.05,1.7023993605940317e-08
6067.06,1.7187106686653798e-08
6067.07,1.7364216352538522e-08
6067.08,1.756561193281738e-08
6067.09,1.780679852183966e-08
6067.1,1.810829192741878e-08
6067.11,1.8653661240778668e-08
6067.12,1.916837127239521e-08
6067.13,1.98572125203881e-08
6067.14,2.0792060927118077e-08
6067.15,2.2129032231558985e-08
6067.16,2.3916884361574497e-08
6067.17,2.63977431906999e-08
6067.18,2.9722431447992233e-08
6067.19,3.372600206618928e-08
6067.2,3.748975569568321e-08
6067.21,3.9408036157697844e-08
6067.22,3.849295180353436e-08
6067.23,3.549812257120925e-08
6067.24,3.2052665204550964e-08
6067.25,2.9213669925747547e-08
6067.26,2.7236324324867378e-08
6067.27,2.5997683250243077e-08
6067.28,2.530865293059018e-08
6067.29,2.5016825536675465e-08
6067.3,2.5017668602808304e-08
6067.31,2.5243439800050456e-08
6067.32,2.5651408387700768e-08
6067.33,2.6215407450987758e-08
6067.34,2.6920256853912533e-08
6067.35,2.775888515725982e-08
6067.36,2.8729389289207317e-08
6067.37,2.983441275063601e-08
6067.38,3.1080249354441196e-08
6067.39,3.247648630930258e-08
6067.4,3.403590201995846e-08
6067.41,3.57746119970139e-08
6067.42,3.771212219411715e-08
6067.43,3.987205625158667e-08
6067.44,4.2282722702617284e-08
6067.45,4.497713655367486e-08
6067.46,4.7995149649366644e-08
6067.47,5.138386406458792e-08
6067.48,5.5199308047448346e-08
6067.49,5.950825905718843e-08
6067.5,6.439047429842973e-08
6067.51,6.994139791833764e-08
6067.52,7.627540730395378e-08
6067.53,8.352845104710878e-08
6067.54,9.186711889429663e-08
6067.55,1.0148626668245879e-07
6067.56,1.1261821854531094e-07
6067.57,1.2553488431050925e-07
6067.58,1.4054769766276996e-07
6067.59,1.5800030779518899e-07
6067.6,1.7824753673595472e-07
6067.61,2.0160322150066849e-07
6067.62,2.2827658296963514e-07
6067.63,2.5820668084044833e-07
6067.64,2.908702098527853e-07
6067.65,3.250271539970495e-07
6067.66,3.5850688926737886e-07
6067.67,3.881991475033954e-07
6067.68,4.1045084537204876e-07
6067.69,4.2193500604366325e-07
6067.7,4.2072761080244984e-07
6067.71,4.0703434172266573e-07
6067.72,3.831095967472213e-07
6067.73,3.5242110122446336e-07
6067.74,3.185745755996276e-07
6067.75,2.845229676579069e-07
6067.76,2.5225606309470926e-07
6067.77,2.228629077720958e-07
6067.78,1.967689145789919e-07
6067.79,1.7395593716282857e-07
6067.8,1.5420389992520633e-07
6067.81,1.3718173187522156e-07
6067.82,1.2253481503727117e-07
6067.83,1.0992447928004255e-07
6067.84,9.90465049964123e-08
6067.85,8.96363057315282e-08
6067.86,8.146830355419502e-08
6067.87,7.435228352675703e-08
6067.88,6.812883642497189e-08
6067.89,6.266429452146215e-08
6067.9,5.784689207231181e-08
6067.91,5.3582742301420236e-08
6067.92,4.979286925623579e-08
6067.93,4.64108091065701e-08
6067.94,4.3380743106413627e-08
6067.95,4.065597656299182e-08
6067.96,3.819596139081894e-08
6067.97,3.597141707522519e-08
6067.98,3.395338634994962e-08
6067.99,3.21185743003167e-08
6068.0,3.0446844057454124e-08
6068.01,2.892058210203834e-08
6068.02,2.7673529946338543e-08
6068.03,2.6394268134147735e-08
6068.04,2.5219342804772322e-08
6068.05,2.4138299486366348e-08
6068.06,2.314203426538223e-08
6068.07,2.1947112923218893e-08
6068.08,2.109846729364595e-08
6068.09,2.0313457355529726e-08
6068.1,1.9586548901769983e-08
6068.11,1.8912779816435107e-08
6068.12,1.8287693438132e-08
6068.13,1.7707241704623063e-08
6068.14,1.7167908619041462e-08
6068.15,1.6666418261430634e-08
6068.16,1.6199863187919142e-08
6068.17,1.576562854890484e-08
6068.18,1.5361360827985436e-08
6068.19,1.499796924031395e-08
6068.2,1.4647391214777063e-08
6068.21,1.4321180827993459e-08
6068.22,1.4017621494488402e-08
6068.23,1.3735304191433874e-08
6068.24,1.347295453918049e-08
6068.25,1.3229419560670924e-08
6068.26,1.3003656037580425e-08
6068.27,1.2794720266490106e-08
6068.28,1.260175904249628e-08
6068.29,1.2424001720355252e-08
6068.3,1.2260753223841129e-08
6068.31,1.2111387891207147e-08
6068.32,1.1975347264857984e-08
6068.33,1.1852336059325794e-08
6068.34,1.1741485046769802e-08
6068.35,1.1642609880109015e-08
6068.36,1.15553346970989e-08
6068.37,1.1479328821816381e-08
6068.38,1.1414475719794233e-08
6068.39,1.1360471824366594e-08
6068.4,1.1317138820441088e-08
6068.41,1.128826375962695e-08
6068.42,1.1265909689593516e-08
6068.43,1.1253916750101479e-08
6068.44,1.1252040288333104e-08
6068.45,1.1260713482788595e-08
6068.46,1.127976191440033e-08
6068.47,1.1309261776184947e-08
6068.48,1.1349325695225731e-08
6068.49,1.140010354970194e-08
6068.5,1.146178356751861e-08
6068.51,1.153459372064564e-08
6068.52,1.1618803433117248e-08
6068.53,1.1714725625031587e-08
6068.54,1.1822719119708117e-08
6068.55,1.1943191446309355e-08
6068.56,1.2076602076554638e-08
6068.57,1.2223466140670776e-08
6068.58,1.2384358675823045e-08
6068.59,1.2559919468936033e-08
6068.6,1.275085856672824e-08
6068.61,1.2957962537445885e-08
6068.62,1.318210158338888e-08
6068.63,1.3424237619494263e-08
6068.64,1.3685433453554018e-08
6068.65,1.3966863226186597e-08
6068.66,1.4269824296820118e-08
6068.67,1.4595750794107004e-08
6068.68,1.4946257957771215e-08
6068.69,1.53230445436517e-08
6068.7,1.5728085794553063e-08
6068.71,1.6163541806775828e-08
6068.72,1.6631813067569532e-08
6068.73,1.7342370709315058e-08
6068.74,1.7885442633006462e-08
6068.75,1.847031408118974e-08
6068.76,1.910071057830818e-08
6068.77,1.9780811748868657e-08
6068.78,2.0515317747535452e-08
6068.79,2.1309527404836808e-08
6068.8,2.2169430495832943e-08
6068.81,2.31018171117422e-08
6068.82,2.4114407835726676e-08
6068.83,2.5215981925493738e-08
6068.84,2.641667399159953e-08
6068.85,2.772803447066034e-08
6068.86,2.9163413068596805e-08
6068.87,3.0738264370422515e-08
6068.88,3.247055619526814e-08
6068.89,3.4381273026790375e-08
6068.9,3.649504047194097e-08
6068.91,3.8840904874010046e-08
6068.92,4.14444651492294e-08
6068.93,4.436460870029389e-08
6068.94,4.764169587888589e-08
6068.95,5.1335299556269786e-08
6068.96,5.551789262390724e-08
6068.97,6.027830255792223e-08
6068.98,6.572627417646976e-08
6068.99,7.199855519477137e-08
6069.0,7.926709544529102e-08
6069.01,8.775020942856484e-08
6069.02,9.772793310910476e-08
6069.03,1.09563370395962e-07
6069.04,1.2373264312831836e-07
6069.05,1.408672388825393e-07
6069.06,1.6182572780688724e-07
6069.07,1.8773695773574755e-07
6069.08,2.2017556306310216e-07
6069.09,2.6128255857718766e-07
6069.1,3.139545643188946e-07
6069.11,3.819773723467075e-07
6069.12,4.6986581384754627e-07
6069.13,5.817842763714996e-07
6069.14,7.183251120981619e-07
6069.15,8.700372532227708e-07
6069.16,1.010233650410616e-06
6069.17,1.0977157297733359e-06
6069.18,1.0993119799583013e-06
6069.19,1.0166518275809757e-06
6069.2,8.849791453456872e-07
6069.21,7.455954404257613e-07
6069.22,6.246341838915148e-07
6069.23,5.315110064003945e-07
6069.24,4.663843176862635e-07
6069.25,4.264537616049616e-07
6069.26,4.088685050733417e-07
6069.27,4.1114826458640893e-07
6069.28,4.2982123360098893e-07
6069.29,4.5770102351901243e-07
6069.3,4.817482187096087e-07
6069.31,4.860470723998486e-07
6069.32,4.61226684957375e-07
6069.33,4.1166047186840145e-07
6069.34,3.510436760348973e-07
6069.35,2.9212924557893434e-07
6069.36,2.4150618221871515e-07
6069.37,2.00543292485019e-07
6069.38,1.682969682574576e-07
6069.39,1.4295895259043005e-07
6069.4,1.2294239888983093e-07
6069.41,1.069606007446062e-07
6069.42,9.404276022555777e-08
6069.43,8.346804573284082e-08
6069.44,7.471651750703661e-08
6069.45,6.739220488399687e-08
6069.46,6.1202320163529e-08
6069.47,5.592388836525117e-08
6069.48,5.138230794348625e-08
6069.49,4.7437723953224494e-08
6069.5,4.397658719372241e-08
6069.51,4.09099581135002e-08
6069.52,3.81732851878588e-08
6069.53,3.5722303192968394e-08
6069.54,3.3525032717092e-08
6069.55,3.155474087222792e-08
6069.56,2.9786831116095407e-08
6069.57,2.819830187756359e-08
6069.58,2.6768542499258096e-08
6069.59,2.5479466762692506e-08
6069.6,2.4315668582730055e-08
6069.61,2.3264421251054416e-08
6069.62,2.2315528367838974e-08
6069.63,2.1461095555998065e-08
6069.64,2.0694980059602375e-08
6069.65,2.001222211567736e-08
6069.66,1.9408393171470812e-08
6069.67,1.887913021478268e-08
6069.68,1.841931004683775e-08
6069.69,1.8022492264482943e-08
6069.7,1.7680429831252486e-08
6069.71,1.738320465033572e-08
6069.72,1.712043268074012e-08
6069.73,1.6883671764895145e-08
6069.74,1.6669513088758525e-08
6069.75,1.6481257380792423e-08
6069.76,1.632933424525613e-08
6069.77,1.6227693843080426e-08
6069.78,1.6188272766631203e-08
6069.79,1.6213966554778683e-08
6069.8,1.6291176315477365e-08
6069.81,1.638384076502329e-08
6069.82,1.650849267664491e-08
6069.83,1.6444424506793803e-08
6069.84,1.6207729433285703e-08
6069.85,1.5776220237519532e-08
6069.86,1.517460923643364e-08
6069.87,1.4461932544824332e-08
6069.88,1.3706283291250854e-08
6069.89,1.2963725564711844e-08
6069.9,1.2269790144243564e-08
6069.91,1.1641185746857038e-08
6069.92,1.1081650472164556e-08
6069.93,1.0587672099942747e-08
6069.94,1.022840906537538e-08
6069.95,9.844862354706164e-09
6069.96,9.505370073131205e-09
6069.97,9.203558411498092e-09
6069.98,8.934045216349768e-09
6069.99,9.197628608178232e-09
6070.0,8.982185306043995e-09
6070.01,8.78829932205487e-09
6070.02,8.61387618705927e-09
6070.03,8.457436849192889e-09
6070.04,8.318070768270635e-09
6070.05,8.195342652634202e-09
6070.06,8.089065636995158e-09
6070.07,7.998715934570207e-09
6070.08,7.922223873452712e-09
6070.09,7.85431312172038e-09
6070.1,7.785948800175148e-09
6070.11,7.707349168222472e-09
6070.12,7.613810025321862e-09
6070.13,7.508637972592815e-09
6070.14,7.40001618221485e-09
6070.15,7.295841923270178e-09
6070.16,7.201068697075485e-09
6070.17,7.117786838471508e-09
6070.18,7.046401192932892e-09
6070.19,6.986498674025155e-09
6070.2,6.9374245677242935e-09
6070.21,6.898388705116762e-09
6070.22,6.868077027486437e-09
6070.23,6.844658821506929e-09
6070.24,6.8254297831638e-09
6070.25,6.807725674786684e-09
6070.26,6.789805362819079e-09
6070.27,6.771545423741849e-09
6070.28,6.7542428202582414e-09
6070.29,6.7400339802548815e-09
6070.3,6.7313310854616155e-09
6070.31,6.730092069091793e-09
6070.32,6.73716758789319e-09
6070.33,6.752068494135607e-09
6070.34,6.773293048768155e-09
6070.35,6.804319400742608e-09
6070.36,6.831550149888493e-09
6070.37,6.857888808151737e-09
6070.38,6.880355617101739e-09
6070.39,6.895842593410948e-09
6070.4,6.901861002212898e-09
6070.41,6.897608272751775e-09
6070.42,6.884847949332021e-09
6070.43,6.868030459019605e-09
6070.44,6.853509637817008e-09
6070.45,6.848054572713731e-09
6070.46,6.856754297703311e-09
6070.47,6.8798056439157395e-09
6070.48,6.908537328890643e-09
6070.49,6.924533234091788e-09
6070.5,6.9081982131465635e-09
6070.51,6.853956676311009e-09
6070.52,6.775150283189861e-09
6070.53,6.692436840553642e-09
6070.54,6.620729530793019e-09
6070.55,6.565485693510472e-09
6070.56,6.527004041413924e-09
6070.57,6.502510221395154e-09
6070.58,6.489708112524274e-09
6070.59,6.486433692677299e-09
6070.6,6.49102171375822e-09
6070.61,6.502239603711539e-09
6070.62,6.519184179382987e-09
6070.63,6.541213382551887e-09
6070.64,6.56785026208588e-09
6070.65,6.59875707219016e-09
6070.66,6.6336953372449475e-09
6070.67,6.6726345019273e-09
6070.68,6.7152571218488105e-09
6070.69,6.761533937229779e-09
6070.7,6.811486124688818e-09
6070.71,6.86514400457263e-09
6070.72,6.922536415723091e-09
6070.73,6.983725964087686e-09
6070.74,7.048797303592322e-09
6070.75,7.117855756298706e-09
6070.76,7.191026516189698e-09
6070.77,7.2684394204397376e-09
6070.78,7.3506467996644474e-09
6070.79,7.437103785640544e-09
6070.8,7.528371765599692e-09
6070.81,7.62467769298834e-09
6070.82,7.726271613472194e-09
6070.83,7.833579150331519e-09
6070.84,7.946601497408733e-09
6070.85,8.065817994694481e-09
6070.86,8.191590066417906e-09
6070.87,8.3243133944365e-09
6070.88,8.464421260299611e-09
6070.89,8.612388355444662e-09
6070.9,8.768735120122152e-09
6070.91,8.934032683499424e-09
6070.92,9.108908490346122e-09
6070.93,9.29405271580592e-09
6070.94,9.490225587612285e-09
6070.95,9.698287866206702e-09
6070.96,9.919122101889461e-09
6070.97,1.0153775973901776e-08
6070.98,1.0403386821588793e-08
6070.99,1.0669218229924436e-08
6071.0,1.0951990817637957e-08
6071.01,1.1254687390762404e-08
6071.02,1.1578296873540019e-08
6071.03,1.1924823526017534e-08
6071.04,1.2296475896424667e-08
6071.05,1.269574096001006e-08
6071.06,1.3125426406164168e-08
6071.07,1.358871041360875e-08
6071.08,1.4089200406856947e-08
6071.09,1.4631002610552177e-08
6071.1,1.5218804617731122e-08
6071.11,1.5857973673606558e-08
6071.12,1.6554673971930996e-08
6071.13,1.731600698020171e-08
6071.14,1.8150179678456656e-08
6071.15,1.9066706621346068e-08
6071.16,2.0076652925936068e-08
6071.17,2.1192926618102e-08
6071.18,2.2430630174348288e-08
6071.19,2.380748239342563e-08
6071.2,2.5344322591999306e-08
6071.21,2.7065708877165167e-08
6071.22,2.9000619727035143e-08
6071.23,3.118326117140842e-08
6071.24,3.365396683623727e-08
6071.25,3.646014869897593e-08
6071.26,3.965720218181093e-08
6071.27,4.330917338166221e-08
6071.28,4.7488833161932006e-08
6071.29,5.227653644907053e-08
6071.3,5.7756832787682836e-08
6071.31,6.401120690404197e-08
6071.32,7.110460885877296e-08
6071.33,7.905947173634871e-08
6071.34,8.783300664920395e-08
6071.35,9.725559054954157e-08
6071.36,1.0698758576915164e-07
6071.37,1.1647820912936807e-07
6071.38,1.2497044438910318e-07
6071.39,1.3158874470023298e-07
6071.4,1.355162170111752e-07
6071.41,1.3579007942585965e-07
6071.42,1.3319730323873024e-07
6071.43,1.277103004856591e-07
6071.44,1.2008310572203067e-07
6071.45,1.111970688991642e-07
6071.46,1.0186041850835215e-07
6071.47,9.269267151056661e-08
6071.48,8.40967680686071e-08
6071.49,7.629180049402397e-08
6071.5,6.9352644953619e-08
6071.51,6.327732907769344e-08
6071.52,5.8011719260269954e-08
6071.53,5.347945123648774e-08
6071.54,4.944555884367381e-08
6071.55,4.613628746385533e-08
6071.56,4.3325163352205804e-08
6071.57,4.0948393756134156e-08
6071.58,3.895139737291103e-08
6071.59,3.7288290232541285e-08
6071.6,3.5920872462676084e-08
6071.61,3.4648755740895986e-08
6071.62,3.3781881083561974e-08
6071.63,3.312633425043546e-08
6071.64,3.2661735039560975e-08
6071.65,3.2375722251178994e-08
6071.66,3.2265654730927754e-08
6071.67,3.235402653741765e-08
6071.68,3.261169519733952e-08
6071.69,3.306707413843466e-08
6071.7,3.373487749503311e-08
6071.71,3.463668992926388e-08
6071.72,3.580341110030982e-08
6071.73,3.727813048817527e-08
6071.74,3.91205110232704e-08
6071.75,4.1408793551695767e-08
6071.76,4.424859559766911e-08
6071.77,4.777449239694611e-08
6071.78,5.2147437612119054e-08
6071.79,5.753141613800348e-08
6071.8,6.402333553748418e-08
6071.81,7.150138860850666e-08
6071.82,7.939589760290843e-08
6071.83,8.653840178393087e-08
6071.84,9.142828338167742e-08
6071.85,9.304858616991766e-08
6071.86,9.161590723712014e-08
6071.87,8.843631296375053e-08
6071.88,8.503897615600316e-08
6071.89,8.248966936471069e-08
6071.9,8.127764750924404e-08
6071.91,8.151923481320209e-08
6071.92,8.31741351325829e-08
6071.93,8.600084168868592e-08
6071.94,9.030589382891107e-08
6071.95,9.592266275167339e-08
6071.96,1.0290811541026133e-07
6071.97,1.1136871915773995e-07
6071.98,1.2145125875934453e-07
6071.99,1.333384260192753e-07
6072.0,1.472333037775932e-07
6072.01,1.6333905376665345e-07
6072.02,1.8182649465642983e-07
6072.03,2.0278994207041401e-07
6072.04,2.261934523398023e-07
6072.05,2.5179776771922723e-07
6072.06,2.7913495420954066e-07
6072.07,3.0735610026978683e-07
6072.08,3.351437201326463e-07
6072.09,3.6060709644112126e-07
6072.1,3.813424897843059e-07
6072.11,3.947935544437029e-07
6072.12,3.9890890432399853e-07
6072.13,3.928440274465593e-07
6072.14,3.7731678048736075e-07
6072.15,3.5439510864065934e-07
6072.16,3.26837744081996e-07
6072.17,2.973649042834908e-07
6072.18,2.681555691095394e-07
6072.19,2.4066738469455657e-07
6072.2,2.1569180742701542e-07
6072.21,1.9351853573229623e-07
6072.22,1.7408248399138233e-07
6072.23,1.5757609646040707e-07
6072.24,1.4278568852231405e-07
6072.25,1.2978611148104134e-07
6072.26,1.1826051274399952e-07
6072.27,1.0796383782553457e-07
6072.28,9.872404930791519e-08
6072.29,9.042708257914665e-08
6072.3,8.298954844787793e-08
6072.31,7.634157865951984e-08
6072.32,7.041588364222402e-08
6072.33,6.514531296588748e-08
6072.34,6.046332199339807e-08
6072.35,5.6304531176467026e-08
6072.36,5.260762609578122e-08
6072.37,4.9315751658415e-08
6072.38,4.637813483025239e-08
6072.39,4.3750308483494086e-08
6072.4,4.1393835451604004e-08
6072.41,3.927572639242794e-08
6072.42,3.7367779956633114e-08
6072.43,3.5645893008186285e-08
6072.44,3.408948253210851e-08
6072.45,3.26809673934831e-08
6072.46,3.1405338240682543e-08
6072.47,3.024980478372132e-08
6072.48,2.9203512488182825e-08
6072.49,2.8257321381557445e-08
6072.5,2.740354603853505e-08
6072.51,2.6636225855356032e-08
6072.52,2.5950493416159247e-08
6072.53,2.534295660330476e-08
6072.54,2.481165223494462e-08
6072.55,2.4356201718668824e-08
6072.56,2.397805900834274e-08
6072.57,2.3680949365931987e-08
6072.58,2.347157681762533e-08
6072.59,2.3360841705920384e-08
6072.6,2.336459846917222e-08
6072.61,2.3505724196974968e-08
6072.62,2.3813628079504333e-08
6072.63,2.4321259555461982e-08
6072.64,2.5058703693779224e-08
6072.65,2.6048690729080037e-08
6072.66,2.7301583583788668e-08
6072.67,2.877753174906894e-08
6072.68,3.0298904519868074e-08
6072.69,3.149476628224295e-08
6072.7,3.191863853207227e-08
6072.71,3.1334363830454356e-08
6072.72,2.990644561316592e-08
6072.73,2.8066587871511547e-08
6072.74,2.6224781357105565e-08
6072.75,2.4612630158357698e-08
6072.76,2.3300057652497043e-08
6072.77,2.2270554054497992e-08
6072.78,2.147817010002751e-08
6072.79,2.0875254865959195e-08
6072.8,2.0421953331930246e-08
6072.81,2.0087824016008983e-08
6072.82,1.9850667164913864e-08
6072.83,1.9695562964079364e-08
6072.84,1.9612724721758693e-08
6072.85,1.9597107180626396e-08
6072.86,1.9647012476029592e-08
6072.87,1.9761290057717153e-08
6072.88,1.9931866916356042e-08
6072.89,2.0129668565507557e-08
6072.9,2.0297064020693085e-08
6072.91,2.0382522949422877e-08
6072.92,2.0396557493156067e-08
6072.93,2.0400082593645212e-08
6072.94,2.0443019906717677e-08
6072.95,2.116882241912715e-08
6072.96,2.135194589479441e-08
6072.97,2.1546488148968194e-08
6072.98,2.177873122621408e-08
6072.99,2.20440187094581e-08
6073.0,2.233993077070097e-08
6073.01,2.266491017182086e-08
6073.02,2.3018453402954282e-08
6073.03,2.3400421318816454e-08
6073.04,2.381119863908458e-08
6073.05,2.4251543670869756e-08
6073.06,2.4722505681232114e-08
6073.07,2.522534777584382e-08
6073.08,2.5761716598457958e-08
6073.09,2.6333338302529014e-08
6073.1,2.6942216954456177e-08
6073.11,2.7590597369305908e-08
6073.12,2.8280980906677123e-08
6073.13,2.901614777487767e-08
6073.14,2.9799183668572843e-08
6073.15,3.0633511080922717e-08
6073.16,3.1522903520249465e-08
6073.17,3.247161649244507e-08
6073.18,3.348430270528662e-08
6073.19,3.4566157337227626e-08
6073.2,3.572296042814751e-08
6073.21,3.696115115320997e-08
6073.22,3.8287912504178505e-08
6073.23,3.9711266862937966e-08
6073.24,4.1237943812321153e-08
6073.25,4.2882443879732607e-08
6073.26,4.465369537348559e-08
6073.27,4.656412002475402e-08
6073.28,4.862744545428344e-08
6073.29,5.085875605293979e-08
6073.3,5.327462722383302e-08
6073.31,5.589352627489243e-08
6073.32,5.873663407963189e-08
6073.33,6.182895195053551e-08
6073.34,6.520024741975501e-08
6073.35,6.888540172278615e-08
6073.36,7.292443713449688e-08
6073.37,7.736270358531403e-08
6073.38,8.225161392140337e-08
6073.39,8.764984997188171e-08
6073.4,9.36249389103278e-08
6073.41,1.0025499989852594e-07
6073.42,1.0763202462353142e-07
6073.43,1.1585813142286368e-07
6073.44,1.2505601312994626e-07
6073.45,1.3536476215667355e-07
6073.46,1.4694312421833666e-07
6073.47,1.5996989067556703e-07
6073.48,1.746432799986655e-07
6073.49,1.9117763646570445e-07
6073.5,2.097960124938321e-07
6073.51,2.307157297434415e-07
6073.52,2.5412372830492813e-07
6073.53,2.8013706307318106e-07
6073.54,3.087440472683106e-07
6073.55,3.3972318964434315e-07
6073.56,3.725427631820581e-07
6073.57,4.062398254868481e-07
6073.58,4.394083776618547e-07
6073.59,4.7010393131100755e-07
6073.6,4.960456802016287e-07
6073.61,5.14912055693389e-07
6073.62,5.247850497852707e-07
6073.63,5.245934127402959e-07
6073.64,5.143983003795009e-07
6073.65,4.953720597420256e-07
6073.66,4.6949595808206555e-07
6073.67,4.391041775806548e-07
6073.68,4.0644925909496494e-07
6073.69,3.7342300662831535e-07
6073.7,3.413714657498431e-07
6073.71,3.112002134812496e-07
6073.72,2.8339256116457657e-07
6073.73,2.5813271586779743e-07
6073.74,2.3540729083418338e-07
6073.75,2.150871988733946e-07
6073.76,1.969863860104182e-07
6073.77,1.808992107765282e-07
6073.78,1.66620388241042e-07
6073.79,1.5395482185631057e-07
6073.8,1.4272156502720485e-07
6073.81,1.3275599189638106e-07
6073.82,1.239102119144998e-07
6073.83,1.1605283603313601e-07
6073.84,1.0906811277875165e-07
6073.85,1.028549181635007e-07
6073.86,9.732454030538368e-08
6073.87,9.240051996216412e-08
6073.88,8.801583717180387e-08
6073.89,8.41143798210554e-08
6073.9,8.064604098553458e-08
6073.91,7.756824050924907e-08
6073.92,7.484442585652398e-08
6073.93,7.244332504930548e-08
6073.94,7.033831131038222e-08
6073.95,6.850686881275872e-08
6073.96,6.693014927282783e-08
6073.97,6.559261009064219e-08
6073.98,6.448172607647115e-08
6073.99,6.358776830967483e-08
6074.0,6.29036452768382e-08
6074.01,6.242480307123657e-08
6074.02,6.214918310912753e-08
6074.03,6.207723752797319e-08
6074.04,6.221200420822483e-08
6074.05,6.255978265216022e-08
6074.06,6.312819401227808e-08
6074.07,6.392968405455956e-08
6074.08,6.497975128276734e-08
6074.09,6.629498253234823e-08
6074.1,6.790552740943175e-08
6074.11,6.983794951842564e-08
6074.12,7.212798702378192e-08
6074.13,7.481854908308892e-08
6074.14,7.796085714378743e-08
6074.15,8.16156079853101e-08
6074.16,8.585419762686101e-08
6074.17,9.075970639704434e-08
6074.18,9.642733529364779e-08
6074.19,1.0296367335615299e-07
6074.2,1.10483802321813e-07
6074.21,1.1910469956517561e-07
6074.22,1.2893265166962792e-07
6074.23,1.4004156140089392e-07
6074.24,1.5243822612229168e-07
6074.25,1.6600445530776063e-07
6074.26,1.8046019130211846e-07
6074.27,1.95260157515024e-07
6074.28,2.0957815830547504e-07
6074.29,2.223348211193464e-07
6074.3,2.3234182288709792e-07
6074.31,2.385562277656176e-07
6074.32,2.4034965836090426e-07
6074.33,2.377866407117342e-07
6074.34,2.3149617297821218e-07
6074.35,2.225536000654769e-07
6074.36,2.1217169516535333e-07
6074.37,2.014622972466578e-07
6074.38,1.9131201243998838e-07
6074.39,1.8235174909876032e-07
6074.4,1.7498112004938825e-07
6074.41,1.6940357772651406e-07
6074.42,1.6571213640869812e-07
6074.43,1.6392437044474097e-07
6074.44,1.6402365153142232e-07
6074.45,1.6597644064555466e-07
6074.46,1.6973324256513385e-07
6074.47,1.7521614285009858e-07
6074.48,1.8229159799885132e-07
6074.49,1.9072721138357247e-07
6074.5,2.0016787674263507e-07
6074.51,2.1006396938618335e-07
6074.52,2.196702565562951e-07
6074.53,2.2807424208608784e-07
6074.54,2.3429738464939746e-07
6074.55,2.374673428655158e-07
6074.56,2.3701390120218252e-07
6074.57,2.3281455512968285e-07
6074.58,2.2522230536378977e-07
6074.59,2.1496168268746102e-07
6074.6,2.0294232288850648e-07
6074.61,1.9006612567288086e-07
6074.62,1.7709369423954503e-07
6074.63,1.645867642086139e-07
6074.64,1.5288764699953154e-07
6074.65,1.4218854799690283e-07
6074.66,1.325544736695262e-07
6074.67,1.2397347240910515e-07
6074.68,1.1639070260990485e-07
6074.69,1.0973083647981883e-07
6074.7,1.0391113176031367e-07
6074.71,9.884847852489176e-08
6074.72,9.446324464707738e-08
6074.73,9.068148743154467e-08
6074.74,8.743618221957544e-08
6074.75,8.466773937116734e-08
6074.76,8.232393447105007e-08
6074.77,8.035953868960537e-08
6074.78,7.873588567738824e-08
6074.79,7.741991890646972e-08
6074.8,7.638369682300508e-08
6074.81,7.560372923796589e-08
6074.82,7.506038206778457e-08
6074.83,7.4737333944859e-08
6074.84,7.462106577167364e-08
6074.85,7.470038756286254e-08
6074.86,7.496613663749182e-08
6074.87,7.54107083210668e-08
6074.88,7.602867172998094e-08
6074.89,7.681681030924322e-08
6074.9,7.77743715372147e-08
6074.91,7.890280469391519e-08
6074.92,8.020522484214235e-08
6074.93,8.168597723797825e-08
6074.94,8.335048324879067e-08
6074.95,8.520528309943515e-08
6074.96,8.725815213241423e-08
6074.97,8.951807877294108e-08
6074.98,9.199526592365909e-08
6074.99,9.470092507248302e-08
6075.0,9.764712003058343e-08
6075.01,1.0084680184788847e-07
6075.02,1.0431437326248195e-07
6075.03,1.080669802442846e-07
6075.04,1.1212623304286435e-07
6075.05,1.1651963861598348e-07
6075.06,1.2128094827146623e-07
6075.07,1.2644956611307663e-07
6075.08,1.3206428717542647e-07
6075.09,1.3818497617760887e-07
6075.1,1.4485965713361044e-07
6075.11,1.521462531887713e-07
6075.12,1.6010559597881233e-07
6075.13,1.687991642220275e-07
6075.14,1.7829121292032744e-07
6075.15,1.8866147639465004e-07
6075.16,2.0002271852868422e-07
6075.17,2.1252668515577074e-07
6075.18,2.263520370543979e-07
6075.19,2.4168527305198786e-07
6075.2,2.586825206868592e-07
6075.21,2.774092622894256e-07
6075.22,2.9785623760985727e-07
6075.23,3.2014174270882875e-07
6075.24,3.446722263059994e-07
6075.25,3.719949767717166e-07
6075.26,4.025935811790063e-07
6075.27,4.3686663729645676e-07
6075.28,4.751865961917934e-07
6075.29,5.179250496539843e-07
6075.3,5.654366416974744e-07
6075.31,6.180154815258024e-07
6075.32,6.75827473226298e-07
6075.33,7.388156480586017e-07
6075.34,8.065760009618286e-07
6075.35,8.782075873424314e-07
6075.36,9.521536822116752e-07
6075.37,1.0260706185001352e-06
6075.38,1.096770662863561e-06
6075.39,1.1604095694585724e-06
6075.4,1.212700590267447e-06
6075.41,1.2495675720070486e-06
6075.42,1.267819953268036e-06
6075.43,1.265793938352432e-06
6075.44,1.2437178431781686e-06
6075.45,1.20366219298497e-06
6075.46,1.149094238728429e-06
6075.47,1.0842040955612435e-06
6075.48,1.0132479935932028e-06
6075.49,9.399374079763836e-07
6075.5,8.672911596849612e-07
6075.51,7.974819399429469e-07
6075.52,7.319230134830654e-07
6075.53,6.714103022411844e-07
6075.54,6.162813213703445e-07
6075.55,5.66559036827471e-07
6075.56,5.220670135152001e-07
6075.57,4.825133780335603e-07
6075.58,4.475463423033819e-07
6075.59,4.1678422525978837e-07
6075.6,3.8983075589085015e-07
6075.61,3.6626421952372513e-07
6075.62,3.456240883354682e-07
6075.63,3.273927973037796e-07
6075.64,3.109939094664706e-07
6075.65,2.9577417312753797e-07
6075.66,2.812859616841639e-07
6075.67,2.6707852917368457e-07
6075.68,2.5297827613333217e-07
6075.69,2.3904023449899707e-07
6075.7,2.2547666445705067e-07
6075.71,2.1255319534174238e-07
6075.72,2.0050357549250866e-07
6075.73,1.8948834167273586e-07
6075.74,1.7959278139020212e-07
6075.75,1.708470459392264e-07
6075.76,1.632477001717455e-07
6075.77,1.567857409230442e-07
6075.78,1.5145876552602636e-07
6075.79,1.4728463812605536e-07
6075.8,1.4430558186800957e-07
6075.81,1.4259350251691033e-07
6075.82,1.4223846525441418e-07
6075.83,1.4332097870928656e-07
6075.84,1.4584820737723285e-07
6075.85,1.4963772379900304e-07
6075.86,1.5415434656526757e-07
6075.87,1.5837734667782234e-07
6075.88,1.6087614512543845e-07
6075.89,1.6025495770806396e-07
6075.9,1.558241775329023e-07
6075.91,1.479919554436231e-07
6075.92,1.3800984377671446e-07
6075.93,1.273143268494625e-07
6075.94,1.1699917464858144e-07
6075.95,1.0766085302390951e-07
6075.96,9.950151340108236e-08
6075.97,9.249117530612605e-08
6075.98,8.649050612098177e-08
6075.99,8.136682067087995e-08
6076.0,7.696029545171749e-08
6076.01,7.314507449925717e-08
6076.02,6.981560778796498e-08
6076.03,6.688741182546101e-08
6076.04,6.429303167910753e-08
6076.05,6.197870206648935e-08
6076.06,5.990144598873905e-08
6076.07,5.8026737848572674e-08
6076.08,5.6326657287233947e-08
6076.09,5.477856220458788e-08
6076.1,5.336362380576039e-08
6076.11,5.2066585142189895e-08
6076.12,5.08747625988991e-08
6076.13,4.977766307431887e-08
6076.14,4.876276314407772e-08
6076.15,4.783058802442633e-08
6076.16,4.697136850054961e-08
6076.17,4.618033320185672e-08
6076.18,4.5453730708362786e-08
6076.19,4.4788744316536784e-08
6076.2,4.418330947669779e-08
6076.21,4.363632274185793e-08
6076.22,4.3143650542893744e-08
6076.23,4.2551480161748726e-08
6076.24,4.214641268167692e-08
6076.25,4.176239372857517e-08
6076.26,4.1382258364232554e-08
6076.27,4.100049183861278e-08
6076.28,4.062521608362474e-08
6076.29,4.0271519841548204e-08
6076.3,3.9952000336577236e-08
6076.31,3.967297458599941e-08
6076.32,3.943582038053252e-08
6076.33,3.923954702685264e-08
6076.34,3.9082563217596434e-08
6076.35,3.896356504818988e-08
6076.36,3.888161942378737e-08
6076.37,3.88364430280119e-08
6076.38,3.8828072996063105e-08
6076.39,3.885667435120203e-08
6076.4,3.892218017547414e-08
6076.41,3.9024086753287874e-08
6076.42,3.916178659012151e-08
6076.43,3.933529062956145e-08
6076.44,3.9547251366229234e-08
6076.45,3.980349806156838e-08
6076.46,4.0112352606680415e-08
6076.47,4.049009440998263e-08
6076.48,4.092889334409896e-08
6076.49,4.14375914214449e-08
6076.5,4.200784913356349e-08
6076.51,4.261617470263863e-08
6076.52,4.3220522336579745e-08
6076.53,4.376584965889978e-08
6076.54,4.420205110513086e-08
6076.55,4.450761580991175e-08
6076.56,4.4701681835645793e-08
6076.57,4.483393612867383e-08
6076.58,4.4961294463076296e-08
6076.59,4.512893031607608e-08
6076.6,4.536390332595463e-08
6076.61,4.567806111635341e-08
6076.62,4.6073845341404325e-08
6076.63,4.654911628798608e-08
6076.64,4.7100315888533237e-08
6076.65,4.7723950550458835e-08
6076.66,4.8417069208030585e-08
6076.67,4.917857282463089e-08
6076.68,5.0007832733437226e-08
6076.69,5.0904236799431733e-08
6076.7,5.186918993401259e-08
6076.71,5.300649393330653e-08
6076.72,5.411513901986688e-08
6076.73,5.529950035641891e-08
6076.74,5.656320083829572e-08
6076.75,5.7910455742626306e-08
6076.76,5.9346081332355006e-08
6076.77,6.087551719308576e-08
6076.78,6.250486133639849e-08
6076.79,6.424091762873437e-08
6076.8,6.609125558756695e-08
6076.81,6.806413655939513e-08
6076.82,7.016919897111952e-08
6076.83,7.241663019596727e-08
6076.84,7.481794624387111e-08
6076.85,7.738593353901637e-08
6076.86,8.01348209095855e-08
6076.87,8.3079304493223e-08
6076.88,8.623941809674367e-08
6076.89,8.963365156802727e-08
6076.9,9.328443376901544e-08
6076.91,9.721653219549523e-08
6076.92,1.0145795881159125e-07
6076.93,1.0604030531601272e-07
6076.94,1.1099982478902229e-07
6076.95,1.1637592259674877e-07
6076.96,1.2221512917503695e-07
6076.97,1.2856985107259536e-07
6076.98,1.3549996453920822e-07
6076.99,1.4307408480841734e-07
6077.0,1.513710254422209e-07
6077.01,1.6048165126047152e-07
6077.02,1.7051221137056864e-07
6077.03,1.8158199795242775e-07
6077.04,1.938337916904347e-07
6077.05,2.0743263983311092e-07
6077.06,2.225714908173796e-07
6077.07,2.3947645121888386e-07
6077.08,2.584130168343007e-07
6077.09,2.7969338713488395e-07
6077.1,3.0368491921269027e-07
6077.11,3.3081965756812185e-07
6077.12,3.616046384438074e-07
6077.13,3.9663222633307474e-07
6077.14,4.3658895827871354e-07
6077.15,4.822600345334565e-07
6077.16,5.345243910947219e-07
6077.17,5.943318163987805e-07
6077.18,6.626484328828069e-07
6077.19,7.403499990330548e-07
6077.2,8.280350473692736e-07
6077.21,9.256815670310946e-07
6077.22,1.0323726702655703e-06
6077.23,1.1455398750375102e-06
6077.24,1.260527803746178e-06
6077.25,1.3702443402774524e-06
6077.26,1.46545139322118e-06
6077.27,1.5360112021200468e-06
6077.28,1.5730687411842985e-06
6077.29,1.5715154719285425e-06
6077.3,1.531615618089072e-06
6077.31,1.458918771104293e-06
6077.32,1.36250817706337e-06
6077.33,1.2525188847762756e-06
6077.34,1.1380263376763404e-06
6077.35,1.0258955786875346e-06
6077.36,9.205656440687698e-07
6077.37,8.244344850546635e-07
6077.38,7.383072067549503e-07
6077.39,6.621351711374662e-07
6077.4,5.952843936101227e-07
6077.41,5.36865436459913e-07
6077.42,4.859114730242779e-07
6077.43,4.4147894619665415e-07
6077.44,4.0269836342860324e-07
6077.45,3.6879489467034624e-07
6077.46,3.3909199816696496e-07
6077.47,3.1300627013060967e-07
6077.48,2.900383693907202e-07
6077.49,2.697626447161923e-07
6077.5,2.5181684629663245e-07
6077.51,2.3589288208334818e-07
6077.52,2.2172924625463775e-07
6077.53,2.0910481668688058e-07
6077.54,1.9783321688431403e-07
6077.55,1.8775669134916418e-07
6077.56,1.787407148655503e-07
6077.57,1.70669526364705e-07
6077.58,1.634428458092377e-07
6077.59,1.56973284377192e-07
6077.6,1.5118405813668386e-07
6077.61,1.460070416398944e-07
6077.62,1.413816977260563e-07
6077.63,1.3725537688363036e-07
6077.64,1.3358435028990564e-07
6077.65,1.303338405358466e-07
6077.66,1.274761149548459e-07
6077.67,1.2498782005400885e-07
6077.68,1.2284819834498804e-07
6077.69,1.2103854766911802e-07
6077.7,1.1954232387409568e-07
6077.71,1.1834532619121919e-07
6077.72,1.1743576172726124e-07
6077.73,1.1680420226345764e-07
6077.74,1.1644350200869276e-07
6077.75,1.1634869148072147e-07
6077.76,1.1651690840605586e-07
6077.77,1.1694737440003157e-07
6077.78,1.176414196351421e-07
6077.79,1.1860256986672901e-07
6077.8,1.1983664459844503e-07
6077.81,1.2135158001524066e-07
6077.82,1.231561124086917e-07
6077.83,1.252566256659428e-07
6077.84,1.2765605254301016e-07
6077.85,1.3036234073875448e-07
6077.86,1.3339810910651996e-07
6077.87,1.3679494502170015e-07
6077.88,1.405831240424404e-07
6077.89,1.4479096685775596e-07
6077.9,1.4944862313297145e-07
6077.91,1.5459043465698112e-07
6077.92,1.6025586715926975e-07
6077.93,1.6649003543491346e-07
6077.94,1.7334424749054247e-07
6077.95,1.808766364431605e-07
6077.96,1.8915304765136734e-07
6077.97,1.98247793637346e-07
6077.98,2.0824477313964145e-07
6077.99,2.1923856053811176e-07
6078.0,2.3133590201960383e-07
6078.01,2.446567923819385e-07
6078.02,2.593362614068422e-07
6078.03,2.755258017523067e-07
6078.04,2.9339474186726354e-07
6078.05,3.1313120362589437e-07
6078.06,3.3494234762786783e-07
6078.07,3.590535076729349e-07
6078.08,3.8570565215129685e-07
6078.09,4.151500946660698e-07
6078.1,4.476407595948805e-07
6078.11,4.834186606375294e-07
6078.12,5.226915404742783e-07
6078.13,5.656026098316726e-07
6078.14,6.121874245767266e-07
6078.15,6.62317121861197e-07
6078.16,7.156275575374445e-07
6078.17,7.714387029431882e-07
6078.18,8.286735487846034e-07
6078.19,8.857948792500967e-07
6078.2,9.407859462706366e-07
6078.21,9.912087437223114e-07
6078.22,1.034378833227761e-06
6078.23,1.067602989118917e-06
6078.24,1.0885639803469443e-06
6078.25,1.0956767685199488e-06
6078.26,1.0883671179666716e-06
6078.27,1.06717821789837e-06
6078.28,1.0336706681729028e-06
6078.29,9.90147863048418e-07
6078.3,9.393001464735846e-07
6078.31,8.838186526522917e-07
6078.32,8.261523810859562e-07
6078.33,7.683306088566632e-07
6078.34,7.119025753938156e-07
6078.35,6.579548481783794e-07
6078.36,6.071742716852628e-07
6078.37,5.59929285764534e-07
6078.38,5.163512033764046e-07
6078.39,4.7640545206726107e-07
6078.4,4.399488977346089e-07
6078.41,4.067735280999712e-07
6078.42,3.76637373524863e-07
6078.43,3.4929040944035785e-07
6078.44,3.2447203151773576e-07
6078.45,3.019446354835019e-07
6078.46,2.814819290463705e-07
6078.47,2.628757217998752e-07
6078.48,2.459365140501883e-07
6078.49,2.3049326197377064e-07
6078.5,2.163923849357819e-07
6078.51,2.034966179625492e-07
6078.52,1.916835239841574e-07
6078.53,1.8084405995484595e-07
6078.54,1.7067576545801298e-07
6078.55,1.6150384127333506e-07
6078.56,1.5304509257931775e-07
6078.57,1.4523099762564509e-07
6078.58,1.3800061737933874e-07
6078.59,1.312998087129312e-07
6078.6,1.2508042925099736e-07
6078.61,1.1929954779847108e-07
6078.62,1.139187404485374e-07
6078.63,1.0890352030349941e-07
6078.64,1.0422288448518244e-07
6078.65,9.984878640183476e-08
6078.66,9.575641120880893e-08
6078.67,9.192296932968129e-08
6078.68,8.832813041782467e-08
6078.69,8.495303535370305e-08
6078.7,8.170591939535738e-08
6078.71,7.872285833079574e-08
6078.72,7.591409445880213e-08
6078.73,7.326696705834003e-08
6078.74,7.076983316362062e-08
6078.75,6.841291633403523e-08
6078.76,6.618454873813319e-08
6078.77,6.407682812375633e-08
6078.78,6.208199206854949e-08
6078.79,6.019343401698819e-08
6078.8,5.840571837831669e-08
6078.81,5.6714455736777934e-08
6078.82,5.511622665150364e-08
6078.83,5.3608409072076476e-08
6078.84,5.218901213997841e-08
6078.85,5.0856300986885676e-08
6078.86,4.9607888160557213e-08
6078.87,4.843883388381849e-08
6078.88,4.733866551997964e-08
6078.89,4.625760061908704e-08
6078.9,4.523226452222704e-08
6078.91,4.420767589716626e-08
6078.92,4.3174519499084204e-08
6078.93,4.214261444196819e-08
6078.94,4.1132871563695116e-08
6078.95,4.0164394291791106e-08
6078.96,3.924854724548003e-08
6078.97,3.838885170055498e-08
6078.98,3.758418951843905e-08
6078.99,3.6831523597739854e-08
6079.0,3.612745920381426e-08
6079.01,3.546881776128857e-08
6079.02,3.485328981455954e-08
6079.03,3.42788227174967e-08
6079.04,3.3743943851358565e-08
6079.05,3.324761990449437e-08
6079.06,3.278916891356287e-08
6079.07,3.236818416367029e-08
6079.08,3.198445145051894e-08
6079.09,3.163784975805575e-08
6079.1,3.1328224587716616e-08
6079.11,3.105522560144085e-08
6079.12,3.081810850660961e-08
6079.13,3.06155188502105e-08
6079.14,3.0445273845301834e-08
6079.15,3.030442572124414e-08
6079.16,3.018920071092129e-08
6079.17,3.009561057978091e-08
6079.18,3.0020228557269805e-08
6079.19,2.9961194857633705e-08
6079.2,2.991912551009434e-08
6079.21,2.989759796883356e-08
6079.22,2.990303517207704e-08
6079.23,2.994407113179147e-08
6079.24,3.003069155767783e-08
6079.25,3.0173482205947005e-08
6079.26,3.03832329693447e-08
6079.27,3.067075140866117e-08
6079.28,3.104733000446036e-08
6079.29,3.152370369391036e-08
6079.3,3.2116172963672524e-08
6079.31,3.283907110536315e-08
6079.32,3.3636501235960246e-08
6079.33,3.4680067119957774e-08
6079.34,3.5922141308422005e-08
6079.35,3.739599939463086e-08
6079.36,3.914222705465592e-08
6079.37,4.12106970027647e-08
6079.38,4.36629352545547e-08
6079.39,4.657571871571703e-08
6079.4,5.0046612347576205e-08
6079.41,5.420197951140878e-08
6079.42,5.920655386374492e-08
6079.43,6.5273946729781e-08
6079.44,7.267729485745074e-08
6079.45,8.176440687752982e-08
6079.46,9.294821446207299e-08
6079.47,1.0672798180051591e-07
6079.48,1.2361298118986185e-07
6079.49,1.4401528738951593e-07
6079.5,1.6794973512022853e-07
6079.51,1.945433435276024e-07
6079.52,2.214276873387584e-07
6079.53,2.444675644602184e-07
6079.54,2.585831061788773e-07
6079.55,2.599102247533723e-07
6079.56,2.480174439024231e-07
6079.57,2.261808337412354e-07
6079.58,1.9943916286249963e-07
6079.59,1.7225327935949212e-07
6079.6,1.473726390712359e-07
6079.61,1.2593849910788024e-07
6079.62,1.0807497432492497e-07
6079.63,9.34255788469215e-08
6079.64,8.148185119206094e-08
6079.65,7.1742005509361e-08
6079.66,6.376867853448014e-08
6079.67,5.721057781391842e-08
6079.68,5.178062117129374e-08
6079.69,4.725892719902745e-08
6079.7,4.345159295380601e-08
6079.71,4.0257560929579856e-08
6079.72,3.755043554027369e-08
6079.73,3.524438392150139e-08
6079.74,3.3271494185318586e-08
6079.75,3.1578649201547954e-08
6079.76,3.012534186649575e-08
6079.77,2.8881990422770046e-08
6079.78,2.7828415441421095e-08
6079.79,2.6952371047524128e-08
6079.8,2.6248206422459122e-08
6079.81,2.5715795404843177e-08
6079.82,2.5359814742160505e-08
6079.83,2.5189117727320886e-08
6079.84,2.5216255586350178e-08
6079.85,2.5455918500073638e-08
6079.86,2.5922433595565575e-08
6079.87,2.6623634587788644e-08
6079.88,2.7550626158880683e-08
6079.89,2.8662021139958118e-08
6079.9,2.986510262749043e-08
6079.91,3.100314559547864e-08
6079.92,3.186584672387269e-08
6079.93,3.2237516248216016e-08
6079.94,3.1974043248833606e-08
6079.95,3.106639366484538e-08
6079.96,2.9644417787548673e-08
6079.97,2.7917592059350485e-08
6079.98,2.6095391930337035e-08
6079.99,2.4332406827628454e-08
6080.0,2.271185475680826e-08
6080.01,2.1256339347464334e-08
6080.02,1.9950708531010957e-08
6080.03,1.8766782118447574e-08
6080.04,1.7681990662635412e-08
6080.05,1.6687012244691314e-08
6080.06,1.5781610070488868e-08
6080.07,1.496716645225477e-08
6080.08,1.4241698326970838e-08
6080.09,1.3599072298523888e-08
6080.1,1.3030523891567274e-08
6080.11,1.2526468470522285e-08
6080.12,1.2077733009787057e-08
6080.13,1.1676715649007686e-08
6080.14,1.1315309473704074e-08
6080.15,1.098822602399919e-08
6080.16,1.0690613922279076e-08
6080.17,1.0420193219621605e-08
6080.18,1.0170204890810154e-08
6080.19,9.939623256505517e-09
6080.2,9.726168416116605e-09
6080.21,9.527939622324215e-09
6080.22,9.343347563334104e-09
6080.23,9.171060597698708e-09
6080.24,9.009962233699891e-09
6080.25,8.859117630514227e-09
6080.26,8.717747360976475e-09
6080.27,8.58537690665331e-09
6080.28,8.461143595916174e-09
6080.29,8.344799105522944e-09
6080.3,8.236027472461684e-09
6080.31,8.134596255810893e-09
6080.32,8.0404046380362e-09
6080.33,7.953409968893908e-09
6080.34,7.87368160423058e-09
6080.35,7.80139497786882e-09
6080.36,7.73684050664403e-09
6080.37,7.680433674267077e-09
6080.38,7.632728721408724e-09
6080.39,7.594428086489145e-09
6080.4,7.566395318128404e-09
6080.41,7.549669230225001e-09
6080.42,7.545490896247811e-09
6080.43,7.555363451027515e-09
6080.44,7.58109067212775e-09
6080.45,7.62531183666767e-09
6080.46,7.691312778243613e-09
6080.47,7.783741763119379e-09
6080.48,7.909161848755225e-09
6080.49,8.076463010295476e-09
6080.5,8.298597888211978e-09
6080.51,8.593992149652128e-09
6080.52,8.988724557792482e-09
6080.53,9.518292777991841e-09
6080.54,1.0227021690910605e-08
6080.55,1.115976176803314e-08
6080.56,1.2335224490793711e-08
6080.57,1.368708868623705e-08
6080.58,1.4989193782588346e-08
6080.59,1.5856544246188754e-08
6080.6,1.5935801368669357e-08
6080.61,1.5176209893506174e-08
6080.62,1.3864776021001972e-08
6080.63,1.2390265449068249e-08
6080.64,1.1028687931758507e-08
6080.65,9.896994088649003e-09
6080.66,9.004276792144259e-09
6080.67,8.31368960177375e-09
6080.68,7.780136841302006e-09
6080.69,7.364884396585845e-09
6080.7,7.038385326421702e-09
6080.71,6.7791007083230745e-09
6080.72,6.571498064435273e-09
6080.73,6.404714676432106e-09
6080.74,6.270751679433618e-09
6080.75,6.163985055679123e-09
6080.76,6.080434346167722e-09
6080.77,6.017320418270702e-09
6080.78,5.973050552671785e-09
6080.79,5.945823185325932e-09
6080.8,5.935149119120443e-09
6080.81,5.940528030639178e-09
6080.82,5.961497278368026e-09
6080.83,5.997359886155483e-09
6080.84,6.0468290185382164e-09
6080.85,6.107434914535582e-09
6080.86,6.175690612637195e-09
6080.87,5.742861640251375e-09
6080.88,5.8091063347914755e-09
6080.89,5.860686884717688e-09
6080.9,5.888517666936166e-09
6080.91,5.885197929713501e-09
6080.92,5.846836779328389e-09
6080.93,5.774109952701121e-09
6080.94,5.672037224504847e-09
6080.95,5.548589435287239e-09
6080.96,5.412774564754903e-09
6080.97,5.272950429485522e-09
6080.98,5.1357997248244465e-09
6080.99,5.006069710928609e-09
6081.0,4.886537980280878e-09
6081.01,4.7787236330908746e-09
6081.02,4.683110009672644e-09
6081.03,4.599577781525175e-09
6081.04,4.5276891634682534e-09
6081.05,4.4668823895892844e-09
6081.06,4.416598467349801e-09
6081.07,4.376356676112101e-09
6081.08,4.345797466466425e-09
6081.09,4.3247013383772395e-09
6081.1,4.312985809390149e-09
6081.11,4.3106740085118705e-09
6081.12,4.317825225588604e-09
6081.13,4.334439588044902e-09
6081.14,4.36041552029394e-09
6081.15,4.395686362470011e-09
6081.16,4.440517355995299e-09
6081.17,4.495660007390013e-09
6081.18,4.562108466211124e-09
6081.19,4.640624905061537e-09
6081.2,4.73134752925204e-09
6081.21,4.833540598063938e-09
6081.22,4.945371434499383e-09
6081.23,5.063654365841826e-09
6081.24,5.18357291316084e-09
6081.25,5.2988146600417084e-09
6081.26,5.401514470605419e-09
6081.27,5.4831942091253e-09
6081.28,5.535907756326641e-09
6081.29,5.553684987832845e-09
6081.3,5.53380909430323e-09
6081.31,5.477442857313524e-09
6081.32,5.389403441708989e-09
6081.33,5.27711523561889e-09
6081.34,5.149186426836776e-09
6081.35,5.014129787089545e-09
6081.36,4.879190271345105e-09
6081.37,4.7502068102510815e-09
6081.38,4.631365388783684e-09
6081.39,4.525538858118637e-09
6081.4,4.434497991186937e-09
6081.41,4.3603914175749134e-09
6081.42,4.3018436100000445e-09
6081.43,4.260499285066685e-09
6081.44,4.237053425662486e-09
6081.45,4.232482354475789e-09
6081.46,4.2482211344050245e-09
6081.47,4.286355702653003e-09
6081.48,4.349893968440773e-09
6081.49,4.442931526666978e-09
6081.5,4.571245861754428e-09
6081.51,4.7427130010214615e-09
6081.52,4.967973174990439e-09
6081.53,5.260985583329216e-09
6081.54,5.638814862065173e-09
6081.55,6.118738915671233e-09
6081.56,6.708546343770364e-09
6081.57,7.384784043011424e-09
6081.58,8.062538383558804e-09
6081.59,8.593068790152789e-09
6081.6,8.828766775393942e-09
6081.61,8.732494421431319e-09
6081.62,8.399611654923072e-09
6081.63,7.96660955658473e-09
6081.64,6.900371817867311e-09
6081.65,6.480858705117489e-09
6081.66,6.082267836849873e-09
6081.67,5.698798939587895e-09
6081.68,5.328657368908221e-09
6081.69,4.9746115875067e-09
6081.7,4.641358771678768e-09
6081.71,4.333073697275171e-09
6081.72,4.052203065002791e-09
6081.73,3.799065556656159e-09
6081.74,3.572587803910536e-09
6081.75,3.3706879946833916e-09
6081.76,3.1909159810063544e-09
6081.77,3.0308536428747833e-09
6081.78,2.8883040151682504e-09
6081.79,2.7613232070324144e-09
6081.8,2.648182308578032e-09
6081.81,2.5473244619986746e-09
6081.82,2.457340988704776e-09
6081.83,2.3769638872757106e-09
6081.84,2.305060798184401e-09
6081.85,2.240633665043569e-09
6081.86,2.1828089736245396e-09
6081.87,2.1308099578480857e-09
6081.88,2.0839983216670053e-09
6081.89,2.0417725423646974e-09
6081.9,2.003608234115027e-09
6081.91,1.969034568559614e-09
6081.92,1.937622833966425e-09
6081.93,1.908991451854537e-09
6081.94,1.8828163456147268e-09
6081.95,1.858848764536812e-09
6081.96,1.8369335190977318e-09
6081.97,1.8170198512806662e-09
6081.98,1.799159719833747e-09
6081.99,1.783493854008599e-09
6082.0,1.7702308828935088e-09
6082.01,1.7596258979872903e-09
6082.02,1.7519623018526198e-09
6082.03,1.7475299244060455e-09
6082.04,1.7466215220705649e-09
6082.05,1.7494015285990765e-09
6082.06,1.7559585495279427e-09
6082.07,1.7660702411559935e-09
6082.08,1.7790586351961575e-09
6082.09,1.793593779952613e-09
6082.1,1.80758560783611e-09
6082.11,1.8183154119702578e-09
6082.12,1.822938797171134e-09
6082.13,1.8193095431938564e-09
6082.14,1.8067973552481123e-09
6082.15,1.7866280144029078e-09
6082.16,1.7615884734056326e-09
6082.17,1.7352702818708184e-09
6082.18,1.711355813150525e-09
6082.19,1.6932510740659874e-09
6082.2,1.6840747829710267e-09
6082.21,1.6867303743716417e-09
6082.22,1.7035035976523831e-09
6082.23,1.734226527811423e-09
6082.24,1.7724082330528234e-09
6082.25,1.8018108331085021e-09
6082.26,1.801490003139189e-09
6082.27,1.7615140493421274e-09
6082.28,1.692422067672634e-09
6082.29,1.6147284404633096e-09
6082.3,1.5436873954170725e-09
6082.31,1.4848239651419502e-09
6082.32,1.4381025629846964e-09
6082.33,1.401185122227191e-09
6082.34,1.371772441558393e-09
6082.35,1.3480446220039537e-09
6082.36,1.328694699186553e-09
6082.37,1.312863116761995e-09
6082.38,1.300001463844253e-09
6082.39,1.289481409598104e-09
6082.4,1.281381377793606e-09
6082.41,1.2755107475672204e-09
6082.42,1.2717872665628342e-09
6082.43,1.1709194596984434e-09
6082.44,1.1713297552000687e-09
6082.45,1.172305087865611e-09
6082.46,1.1724548811004958e-09
6082.47,1.1704050104045471e-09
6082.48,1.1654697555168609e-09
6082.49,1.1581029716001846e-09
6082.5,1.1496027142019883e-09
6082.51,1.1413501230305938e-09
6082.52,1.1342022135234618e-09
6082.53,1.1687092535318128e-09
6082.54,1.1639858975401305e-09
6082.55,1.1593973965266088e-09
6082.56,1.1542433846103717e-09
6082.57,1.1482405033037818e-09
6082.58,1.1422111777483569e-09
6082.59,1.1354119585938121e-09
6082.6,1.1289932265399856e-09
6082.61,1.123298763796936e-09
6082.62,1.118441253653949e-09
6082.63,1.1142622251202184e-09
6082.64,1.1105571251626058e-09
6082.65,1.1070900560259532e-09
6082.66,1.1036962763800788e-09
6082.67,1.1001928418613416e-09
6082.68,1.096494661529862e-09
6082.69,1.0924673367047507e-09
6082.7,1.0879404318350823e-09
6082.71,1.0827471807899195e-09
6082.72,1.0767966177143627e-09
6082.73,1.0701327121330525e-09
6082.74,1.0629378875056385e-09
6082.75,1.0554886845546766e-09
6082.76,1.048078851483283e-09
6082.77,1.040959177407588e-09
6082.78,1.0343072473556244e-09
6082.79,1.0283030607901658e-09
6082.8,1.0228077359378636e-09
6082.81,1.013981405756006e-09
6082.82,1.0097572446302427e-09
6082.83,1.0060919016435566e-09
6082.84,1.0029489137004492e-09
6082.85,1.0002935566388992e-09
6082.86,9.980953561141343e-10
6082.87,9.963292015427613e-10
6082.88,9.949756744929903e-10
6082.89,9.940359568117029e-10
6082.9,9.93471760368651e-10
6082.91,9.93294717100646e-10
6082.92,9.935064589161702e-10
6082.93,9.941133876186994e-10
6082.94,9.951266395048275e-10
6082.95,9.965621641023404e-10
6082.96,9.984409250440887e-10
6082.97,1.0007892305526874e-09
6082.98,1.0036392019225311e-09
6082.99,1.0070293895843944e-09
6083.0,1.0110055466971925e-09
6083.01,1.0156215683441457e-09
6083.02,1.0209405981472202e-09
6083.03,1.0270362900461592e-09
6083.04,1.0339941855035785e-09
6083.05,1.0421049524077055e-09
6083.06,1.0510640139193341e-09
6083.07,1.0612622028363233e-09
6083.08,1.0728073030285486e-09
6083.09,1.0858559996299132e-09
6083.1,1.1005723215501202e-09
6083.11,1.117116560182314e-09
6083.12,1.135625725790306e-09
6083.13,1.1560499093209248e-09
6083.14,1.1782379521663137e-09
6083.15,1.2026630018805564e-09
6083.16,1.2285290699700251e-09
6083.17,1.2551298526735227e-09
6083.18,1.2814732591060843e-09
6083.19,1.3063623145891236e-09
6083.2,1.329474983844039e-09
6083.21,1.3481734192436542e-09
6083.22,1.3630158722043988e-09
6083.23,1.3744238585428046e-09
6083.24,1.3834872383817895e-09
6083.25,1.3917245347850607e-09
6083.26,1.4007864004411805e-09
6083.27,1.4122207219539299e-09
6083.28,1.427356027600208e-09
6083.29,1.4473002738988688e-09
6083.3,1.4729789357155486e-09
6083.31,1.50526672456544e-09
6083.32,1.5450538233203119e-09
6083.33,1.5933653127422088e-09
6083.34,1.6513572361311111e-09
6083.35,1.7205290932998684e-09
6083.36,1.802721974872405e-09
6083.37,1.900233830087486e-09
6083.38,2.0159227012378396e-09
6083.39,2.153315080472375e-09
6083.4,2.3167027470257403e-09
6083.41,2.5111811595494668e-09
6083.42,2.7352963502388843e-09
6083.43,3.009824767017767e-09
6083.44,3.3330877891971463e-09
6083.45,3.708512155973478e-09
6083.46,4.1345902336482295e-09
6083.47,4.6007306662521505e-09
6083.48,5.086029621934972e-09
6083.49,5.5544132218678155e-09
6083.5,5.958812198145471e-09
6083.51,6.2469445519973725e-09
6083.52,6.372353721621333e-09
6083.53,6.309052990111507e-09
6083.54,6.0638364015450176e-09
6083.55,5.676770439561612e-09
6083.56,5.207175711907219e-09
6083.57,4.713623264911546e-09
6083.58,4.2399255064893565e-09
6083.59,3.8113726076036e-09
6083.6,3.4380423675214636e-09
6083.61,3.120300094698701e-09
6083.62,2.8534791974174016e-09
6083.63,2.6309702031136465e-09
6083.64,2.4459947593332327e-09
6083.65,2.2923616226073836e-09
6083.66,2.1648237770533745e-09
6083.67,2.059068714876429e-09
6083.68,1.9716476640584006e-09
6083.69,1.8998202487493855e-09
6083.7,1.8414099785069002e-09
6083.71,1.7946855850472887e-09
6083.72,1.7582721297360437e-09
6083.73,1.731086971443424e-09
6083.74,1.7330967347960588e-09
6083.75,1.7221704214758e-09
6083.76,1.7185629910826696e-09
6083.77,1.7219937503623656e-09
6083.78,1.73233065307921e-09
6083.79,1.7480828728622329e-09
6083.8,1.7723941154967513e-09
6083.81,1.8040164144334532e-09
6083.82,1.843333798114384e-09
6083.83,1.890848387622027e-09
6083.84,1.9471729129713952e-09
6083.85,2.013018161506938e-09
6083.86,2.0891706451025944e-09
6083.87,2.1764559285062835e-09
6083.88,2.2756828347242247e-09
6083.89,2.3875636731158347e-09
6083.9,2.512595676430531e-09
6083.91,2.650814548654477e-09
6083.92,2.8010411449730526e-09
6083.93,2.958924687548029e-09
6083.94,3.1149009631872293e-09
6083.95,3.25764060591074e-09
6083.96,3.3805434087787535e-09
6083.97,3.4808650557257594e-09
6083.98,3.5542819517233097e-09
6083.99,3.5955225429812898e-09
6084.0,3.6019463516827245e-09
6084.01,3.5755701828335228e-09
6084.02,3.5232749753350312e-09
6084.03,3.455587514579273e-09
6084.04,3.3828517240214514e-09
6084.05,3.3065880735343655e-09
6084.06,3.213725352471381e-09
6084.07,3.095162204601422e-09
6084.08,2.9672688735665823e-09
6084.09,2.8556167752697787e-09
6084.1,2.772824644358608e-09
6084.11,2.7223200069260935e-09
6084.12,2.706502064043751e-09
6084.13,2.7309051636658668e-09
6084.14,2.805470691006571e-09
6084.15,2.9434145297111944e-09
6084.16,3.1521008935770623e-09
6084.17,3.4062573415633034e-09
6084.18,3.616261709590149e-09
6084.19,3.6622270035117233e-09
6084.2,3.513235300905149e-09
6084.21,3.2648484116257413e-09
6084.22,3.0298812165212853e-09
6084.23,2.858388138537995e-09
6084.24,2.751704293435543e-09
6084.25,2.6960647493054422e-09
6084.26,2.6782993920170784e-09
6084.27,2.688977637537185e-09
6084.28,2.7225657957995123e-09
6084.29,2.7754028671080723e-09
6084.3,2.4146358337518945e-09
6084.31,2.5027872775299122e-09
6084.32,2.6074615334056755e-09
6084.33,2.7292998076929733e-09
6084.34,2.8694705710654193e-09
6084.35,3.029151248434371e-09
6084.36,3.2116812004599457e-09
6084.37,3.4194152525329444e-09
6084.38,3.655954138948712e-09
6084.39,3.92582462659901e-09
6084.4,4.2345853848600724e-09
6084.41,4.589171891378016e-09
6084.42,4.998255056460377e-09
6084.43,5.472749452445467e-09
6084.44,6.026506633700614e-09
6084.45,6.67726987014751e-09
6084.46,7.44800274127651e-09
6084.47,8.368758420334716e-09
6084.48,9.479338295854093e-09
6084.49,1.0865924125250823e-08
6084.5,1.2756329536395781e-08
6084.51,1.4843109590118232e-08
6084.52,1.7483417473149894e-08
6084.53,2.0869923992735233e-08
6084.54,2.527010641210476e-08
6084.55,3.104586160484337e-08
6084.56,3.865249781761067e-08
6084.57,4.855654803574176e-08
6084.58,6.094295695175411e-08
6084.59,7.505001601122433e-08
6084.6,8.832224039101513e-08
6084.61,9.653379926420712e-08
6084.62,9.616772353538851e-08
6084.63,8.766938216542275e-08
6084.64,7.423676800013288e-08
6084.65,6.027056700337133e-08
6084.66,4.815187353345885e-08
6084.67,3.8526413796808505e-08
6084.68,3.116546395675244e-08
6084.69,2.55963915099552e-08
6084.7,2.1450165705345928e-08
6084.71,1.8216949762302518e-08
6084.72,1.5715577273352326e-08
6084.73,1.375921415373287e-08
6084.74,1.2212727611015601e-08
6084.75,1.0980242471970198e-08
6084.76,9.989470231023874e-09
6084.77,9.18861133531196e-09
6084.78,8.540623773988838e-09
6084.79,8.018958838520622e-09
6084.8,7.604040494767973e-09
6084.81,7.280930941014763e-09
6084.82,7.038088560659849e-09
6084.83,6.8666965598650466e-09
6084.84,6.760195498648315e-09
6084.85,6.713861745926019e-09
6084.86,6.72446354829177e-09
6084.87,6.789897016526294e-09
6084.88,6.908838358836003e-09
6084.89,7.0803560567760135e-09
6084.9,7.3034375766989175e-09
6084.91,7.576018025882214e-09
6084.92,7.895758711058084e-09
6084.93,8.256840126716044e-09
6084.94,8.650369954842432e-09
6084.95,9.063387172781126e-09
6084.96,9.47746702014533e-09
6084.97,9.869735444710265e-09
6084.98,1.0212984299350562e-08
6084.99,1.0478921235044716e-08
6085.0,1.0641857250334335e-08
6085.01,1.0682996992120115e-08
6085.02,1.0593877648779214e-08
6085.03,1.0377786132861424e-08
6085.04,1.0048600527688418e-08
6085.05,9.628224488516997e-09
6085.06,9.143063474297048e-09
6085.07,8.620715058486761e-09
6085.08,8.085975578506285e-09
6085.09,7.559163957440445e-09
6085.1,7.054450558152472e-09
6085.11,6.580320618919945e-09
6085.12,6.140826630623125e-09
6085.13,5.7371390540300165e-09
6085.14,5.368864631987498e-09
6085.15,5.034790324840099e-09
6085.16,4.733123051938321e-09
6085.17,4.461582490609011e-09
6085.18,4.217562802390484e-09
6085.19,3.998337286210129e-09
6085.2,3.801243949976082e-09
6085.21,3.6238080191571526e-09
6085.22,3.4638106601040997e-09
6085.23,3.3193136131151162e-09
6085.24,3.1886485212997325e-09
6085.25,3.0703839627887606e-09
6085.26,2.963280874660346e-09
6085.27,2.8662546835564455e-09
6085.28,2.778346228142851e-09
6085.29,2.6986764416521397e-09
6085.3,2.6265420697155593e-09
6085.31,2.5612471672661813e-09
6085.32,2.5022042496978574e-09
6085.33,2.4489022492854913e-09
6085.34,2.4008823424855774e-09
6085.35,2.3578129438009847e-09
6085.36,2.3193688980822964e-09
6085.37,2.285310053386604e-09
6085.38,2.255462971892163e-09
6085.39,2.229736611038815e-09
6085.4,2.2080164377984483e-09
6085.41,2.190549825559208e-09
6085.42,2.1773964628283583e-09
6085.43,2.168910550728644e-09
6085.44,2.165604060187098e-09
6085.45,2.1681530911604535e-09
6085.46,2.1775563862182207e-09
6085.47,2.195045808333504e-09
6085.48,2.2219798597315253e-09
6085.49,2.259398802608575e-09
6085.5,2.3069708268758134e-09
6085.51,2.3611632031405884e-09
6085.52,2.4133881756811037e-09
6085.53,2.4506164225499217e-09
6085.54,2.4609203576702985e-09
6085.55,2.4413362825265237e-09
6085.56,2.4000986608553145e-09
6085.57,2.35078890072171e-09
6085.58,2.3047981073003743e-09
6085.59,2.2682717482369094e-09
6085.6,2.2430967667663795e-09
6085.61,2.2289408453711223e-09
6085.62,2.224715342398288e-09
6085.63,2.2285888249750867e-09
6085.64,2.2410359698720562e-09
6085.65,2.260657001227105e-09
6085.66,2.28691589939912e-09
6085.67,2.319348330162016e-09
6085.68,2.3580065402421345e-09
6085.69,2.400932141566888e-09
6085.7,2.447535533721916e-09
6085.71,2.496180502296448e-09
6085.72,2.544540400802924e-09
6085.73,2.5897226994109904e-09
6085.74,2.628492483221572e-09
6085.75,2.6577327414654736e-09
6085.76,2.678472916215122e-09
6085.77,2.6827458485853813e-09
6085.78,2.6743545943990238e-09
6085.79,2.655127129068385e-09
6085.8,2.627856390754068e-09
6085.81,2.595691744879813e-09
6085.82,2.5609878348544256e-09
6085.83,2.5274200532188013e-09
6085.84,2.496099448335255e-09
6085.85,2.4681860326432063e-09
6085.86,2.4443005988076002e-09
6085.87,2.4246649629238704e-09
6085.88,2.409306166842581e-09
6085.89,2.3980409131712775e-09
6085.9,2.3906253661358157e-09
6085.91,2.3867841089842663e-09
6085.92,2.386240419515146e-09
6085.93,2.3887339042840328e-09
6085.94,2.3940297943687105e-09
6085.95,2.4019230167863398e-09
6085.96,2.412239169253022e-09
6085.97,2.4248337922206105e-09
6085.98,2.4395908206408964e-09
6085.99,2.4564207569225624e-09
6086.0,2.4752588869277443e-09
6086.01,2.4960637239717906e-09
6086.02,2.5188157834249533e-09
6086.03,2.5435167435824244e-09
6086.04,2.5701890241214907e-09
6086.05,2.5988758034331337e-09
6086.06,2.6296414953904575e-09
6086.07,2.662433399231511e-09
6086.08,2.69764113356965e-09
6086.09,2.7352606955963433e-09
6086.1,2.7754565094363283e-09
6086.11,2.818424786762737e-09
6086.12,2.864397706395645e-09
6086.13,2.913648497775641e-09
6086.14,2.9664975432330373e-09
6086.15,3.0233196088117463e-09
6086.16,3.084552279888474e-09
6086.17,3.1507055852211193e-09
6086.18,3.222372943903155e-09
6086.19,3.3002405742695387e-09
6086.2,3.3851396399833578e-09
6086.21,3.477887645595322e-09
6086.22,3.5795248338752017e-09
6086.23,3.6911222788893163e-09
6086.24,3.813751044975141e-09
6086.25,3.948354738696824e-09
6086.26,4.095587109682345e-09
6086.27,4.254402019550611e-09
6086.28,4.427004549713635e-09
6086.29,4.611468041205761e-09
6086.3,4.806513504804147e-09
6086.31,5.009596696163519e-09
6086.32,5.216360428407876e-09
6086.33,5.419600972385791e-09
6086.34,5.609600412638587e-09
6086.35,5.77498417607907e-09
6086.36,5.904485878114301e-09
6086.37,5.9892310197660655e-09
6086.38,6.024854028697775e-09
6086.39,6.0126321066640805e-09
6086.4,5.959148355067356e-09
6086.41,5.874641195438882e-09
6086.42,5.7707571955566715e-09
6086.43,5.658515620524419e-09
6086.44,5.547066297086139e-09
6086.45,5.442883843933433e-09
6086.46,5.350335194248582e-09
6086.47,5.2717802016670115e-09
6086.48,5.208163847052405e-09
6086.49,5.159488985931375e-09
6086.5,5.125190604931423e-09
6086.51,5.104404812234099e-09
6086.52,5.096148354967915e-09
6086.53,5.099430650408196e-09
6086.54,5.113308514701119e-09
6086.55,5.13696053821175e-09
6086.56,5.169640066187785e-09
6086.57,5.210717929603415e-09
6086.58,5.259667039393577e-09
6086.59,5.316052449444546e-09
6086.6,5.3795201564989605e-09
6086.61,5.449780865070545e-09
6086.62,5.525656757984976e-09
6086.63,5.608819024650542e-09
6086.64,5.698135486812798e-09
6086.65,5.793408701203833e-09
6086.66,5.894416785311072e-09
6086.67,6.000891212676517e-09
6086.68,6.112506201847056e-09
6086.69,6.228900812794239e-09
6086.7,6.349753305623752e-09
6086.71,6.475557780753369e-09
6086.72,6.605099987991785e-09
6086.73,6.73944033862888e-09
6086.74,6.840357631827672e-09
6086.75,6.986697305468909e-09
6086.76,7.139973109707871e-09
6086.77,7.300849999309583e-09
6086.78,7.469897177015295e-09
6086.79,7.647609062766954e-09
6086.8,7.83444005746849e-09
6086.81,8.030834146011789e-09
6086.82,8.2372559120222e-09
6086.83,8.454204488452706e-09
6086.84,8.682227531601293e-09
6086.85,8.92193031485163e-09
6086.86,9.173982931293177e-09
6086.87,9.43912678743519e-09
6086.88,9.718181172450736e-09
6086.89,1.0011486555294121e-08
6086.9,1.0336439810005641e-08
6086.91,1.0663166630262164e-08
6086.92,1.1006327028354515e-08
6086.93,1.1370657931687815e-08
6086.94,1.1756001745207436e-08
6086.95,1.2163863489118643e-08
6086.96,1.2596105076847904e-08
6086.97,1.3054777763963971e-08
6086.98,1.3542103606626158e-08
6086.99,1.4060580242440766e-08
6087.0,1.4612998106780331e-08
6087.01,1.5202482060114356e-08
6087.02,1.583253993747247e-08
6087.03,1.6507119327228536e-08
6087.04,1.7230674299965974e-08
6087.05,1.800824448509691e-08
6087.06,1.8845549985407562e-08
6087.07,1.9749106084250477e-08
6087.08,2.072637125403146e-08
6087.09,2.200554342072206e-08
6087.1,2.315840337065414e-08
6087.11,2.44150484683831e-08
6087.12,2.578908344139111e-08
6087.13,2.7296552069907527e-08
6087.14,2.8956596860806358e-08
6087.15,3.07922602697454e-08
6087.16,3.283156268702013e-08
6087.17,3.510886258623855e-08
6087.18,3.766653494578501e-08
6087.19,4.0557031513748694e-08
6087.2,4.38454864640044e-08
6087.21,4.7613090008350315e-08
6087.22,5.196130131616525e-08
6087.23,5.701749796809071e-08
6087.24,6.29360932370723e-08
6087.25,7.002837036213753e-08
6087.26,7.825968053369267e-08
6087.27,8.795962536499522e-08
6087.28,9.926415787294357e-08
6087.29,1.121067559889055e-07
6087.3,1.2602740797379404e-07
6087.31,1.4001464417990438e-07
6087.32,1.526059384157371e-07
6087.33,1.6244576964944632e-07
6087.34,1.6909729583850773e-07
6087.35,1.7345580368827215e-07
6087.36,1.7736790965750505e-07
6087.37,1.8284862267743228e-07
6087.38,1.9155078305829802e-07
6087.39,2.04697270635966e-07
6087.4,2.232627920848436e-07
6087.41,2.482050188412737e-07
6087.42,2.8056019092399036e-07
6087.43,3.2144413412799034e-07
6087.44,3.7179103505540677e-07
6087.45,4.31865175437117e-07
6087.46,5.000193164361603e-07
6087.47,5.719914745284061e-07
6087.48,6.400207284564133e-07
6087.49,6.938202528354874e-07
6087.5,7.233060258352284e-07
6087.51,7.222131269068908e-07
6087.52,6.908170791724137e-07
6087.53,6.360239975461113e-07
6087.54,5.684519244407772e-07
6087.55,4.98363174667447e-07
6087.56,4.329659856110724e-07
6087.57,3.7593437117202083e-07
6087.58,3.2827765967462516e-07
6087.59,2.8946358213125863e-07
6087.6,2.582385337020622e-07
6087.61,2.3309731466194583e-07
6087.62,2.1249762820003578e-07
6087.63,1.9502308788343854e-07
6087.64,1.7948052382102753e-07
6087.65,1.650316571368527e-07
6087.66,1.512403411494137e-07
6087.67,1.3801943720374786e-07
6087.68,1.2549406959029417e-07
6087.69,1.1385099357037795e-07
6087.7,1.032346950120024e-07
6087.71,9.37068501363654e-08
6087.72,8.525088896280438e-08
6087.73,7.779642267928352e-08
6087.74,7.124187271604282e-08
6087.75,6.548051650420741e-08
6087.76,6.041001155988367e-08
6087.77,5.594031790790095e-08
6087.78,5.1994713767140913e-08
6087.79,4.85079723271691e-08
6087.8,4.542464915056547e-08
6087.81,4.269728168752775e-08
6087.82,4.0285902447268094e-08
6087.83,3.815850206191831e-08
6087.84,3.6288165048113725e-08
6087.85,3.46570814965392e-08
6087.86,3.325459901974965e-08
6087.87,3.2078395822812485e-08
6087.88,3.113544379375968e-08
6087.89,3.04423998923382e-08
6087.9,3.002280979003218e-08
6087.91,2.989496539897854e-08
6087.92,3.003935833307183e-08
6087.93,3.034035352289699e-08
6087.94,3.053776887563084e-08
6087.95,3.031615341564206e-08
6087.96,2.9410015910568893e-08
6087.97,2.7942708894835924e-08
6087.98,2.622742216051047e-08
6087.99,2.4559990041384395e-08
6088.0,2.3095048410489624e-08
6088.01,2.1867191984580256e-08
6088.02,2.085329978775881e-08
6088.03,2.0014714609352143e-08
6088.04,1.9315119665339112e-08
6088.05,1.872518888945236e-08
6088.06,1.82232423482293e-08
6088.07,1.7792709483631083e-08
6088.08,1.7421383579878336e-08
6088.09,1.710032136987852e-08
6088.1,1.6822601238543592e-08
6088.11,1.6582988305145882e-08
6088.12,1.637743901555105e-08
6088.13,1.620279896988315e-08
6088.14,1.605659846100766e-08
6088.15,1.593691712167511e-08
6088.16,1.5842296535453518e-08
6088.17,1.5771680258902616e-08
6088.18,1.572436365083193e-08
6088.19,1.5699944193147735e-08
6088.2,1.5698272720353466e-08
6088.21,1.5719410374341355e-08
6088.22,1.5763593256971053e-08
6088.23,1.583120065901216e-08
6088.24,1.5922718006983964e-08
6088.25,1.60386813607856e-08
6088.26,1.6179593909073613e-08
6088.27,1.6345794601774607e-08
6088.28,1.653726922210906e-08
6088.29,1.6753392556551882e-08
6088.3,1.6992609749109033e-08
6088.31,1.7252096883130777e-08
6088.32,1.7527342617964095e-08
6088.33,1.7812384300829023e-08
6088.34,1.8099651234201094e-08
6088.35,1.838098820573391e-08
6088.36,1.8649498253951933e-08
6088.37,1.8898654241026066e-08
6088.38,1.9127257519465e-08
6088.39,1.9337597609104517e-08
6088.4,1.9535667588101646e-08
6088.41,1.972996548483114e-08
6088.42,1.992996176269289e-08
6088.43,2.014473950104088e-08
6088.44,2.0382178709211668e-08
6088.45,2.0648341211626295e-08
6088.46,2.0947935753493765e-08
6088.47,2.128432217701837e-08
6088.48,2.1659937765401153e-08
6088.49,2.2076640619305344e-08
6088.5,2.2535994634125014e-08
6088.51,2.3039487020215886e-08
6088.52,2.3588686130851777e-08
6088.53,2.418535322884253e-08
6088.54,2.48315219432731e-08
6088.55,2.552955697115815e-08
6088.56,2.6282200899702754e-08
6088.57,2.709261565223512e-08
6088.58,2.7964423244665722e-08
6088.59,2.890174926585347e-08
6088.6,2.9909271679588844e-08
6088.61,3.099227707315977e-08
6088.62,3.2156726269489084e-08
6088.63,3.340933120219988e-08
6088.64,3.475764509408853e-08
6088.65,3.621016824181848e-08
6088.66,3.777647209683616e-08
6088.67,3.9467344832894276e-08
6088.68,4.129496222955636e-08
6088.69,4.3273272656734205e-08
6088.7,4.5417497455772685e-08
6088.71,4.774551219010282e-08
6088.72,5.0277441222246205e-08
6088.73,5.303623034514251e-08
6088.74,5.604810829596238e-08
6088.75,5.9343135046021825e-08
6088.76,6.295585437727592e-08
6088.77,6.692607179451727e-08
6088.78,7.129978294070072e-08
6088.79,7.61302823245146e-08
6088.8,8.147948716755347e-08
6088.81,8.741951618304271e-08
6088.82,9.40345667174708e-08
6088.83,1.0142313943396676e-07
6088.84,1.0970064622147978e-07
6088.85,1.1900244077634653e-07
6088.86,1.2948726481671801e-07
6088.87,1.4134104630897274e-07
6088.88,1.5478085776208634e-07
6088.89,1.7005861553034237e-07
6088.9,1.8746371042854613e-07
6088.91,2.0732311916002098e-07
6088.92,2.2999653419932916e-07
6088.93,2.558625192813097e-07
6088.94,2.8528954302725066e-07
6088.95,3.18583080249562e-07
6088.96,3.5589761726914444e-07
6088.97,3.9708256082520356e-07
6088.98,4.4157139882763514e-07
6088.99,4.880685684309904e-07
6089.0,5.344165227749e-07
6089.01,5.775271014168704e-07
6089.02,6.136059479955917e-07
6089.03,6.387523272764534e-07
6089.04,6.498569516031347e-07
6089.05,6.45486748159239e-07
6089.06,6.263392362805424e-07
6089.07,5.950229389136022e-07
6089.08,5.55284023216244e-07
6089.09,5.110675241064993e-07
6089.1,4.6578894680339284e-07
6089.11,4.2197949898181093e-07
6089.12,3.812737580135731e-07
6089.13,3.445010196875431e-07
6089.14,3.12017485824864e-07
6089.15,2.838255930264785e-07
6089.16,2.5975489919740867e-07
6089.17,2.395715443733434e-07
6089.18,2.2305488321334317e-07
6089.19,2.1004627407983523e-07
6089.2,2.0048808352355032e-07
6089.21,1.9444163405512073e-07
6089.22,1.921176342782652e-07
6089.23,1.938621528920477e-07
6089.24,2.0010348222461369e-07
6089.25,2.1123405599059353e-07
6089.26,2.2750860296890938e-07
6089.27,2.4912080622413927e-07
6089.28,2.763834324080472e-07
6089.29,3.090480382672988e-07
6089.3,3.437124005244898e-07
6089.31,3.7099661958579554e-07
6089.32,3.779743029594227e-07
6089.33,3.5778633970772915e-07
6089.34,3.16394735293122e-07
6089.35,2.6719027517388347e-07
6089.36,2.2107795820290512e-07
6089.37,1.8275766308383548e-07
6089.38,1.5259974529968976e-07
6089.39,1.2927338299994138e-07
6089.4,1.1119550064064249e-07
6089.41,9.702794714931619e-08
6089.42,8.575933781464495e-08
6089.43,7.665469900994587e-08
6089.44,6.918535486218415e-08
6089.45,6.29678140729288e-08
6089.46,5.772846967344766e-08
6089.47,5.3259435785332676e-08
6089.48,4.9407257527382664e-08
6089.49,4.605553521458231e-08
6089.5,4.311709542122757e-08
6089.51,4.0517642739619274e-08
6089.52,3.8204559950609736e-08
6089.53,3.613406490503041e-08
6089.54,3.4270887286526494e-08
6089.55,3.258628035634151e-08
6089.56,3.105663298254209e-08
6089.57,2.966231539296004e-08
6089.58,2.838684023081549e-08
6089.59,2.721623663403222e-08
6089.6,2.6138531594327288e-08
6089.61,2.514343905229178e-08
6089.62,2.4222143016311763e-08
6089.63,2.3367154445698198e-08
6089.64,2.257219183046225e-08
6089.65,2.1832004399193824e-08
6089.66,2.1142153883460106e-08
6089.67,2.0498782803125665e-08
6089.68,1.989841438391764e-08
6089.69,1.933780427631895e-08
6089.7,1.8813838756802214e-08
6089.71,1.8323466158980664e-08
6089.72,1.7863647687265335e-08
6089.73,1.7431345953521423e-08
6089.74,1.702355469589694e-08
6089.75,1.6637344487219293e-08
6089.76,1.626998973240108e-08
6089.77,1.5919099346933803e-08
6089.78,1.558270034879793e-08
6089.79,1.525930000114161e-08
6089.8,1.4947812052486984e-08
6089.81,1.4647517498997785e-08
6089.82,1.4357954250088685e-08
6089.83,1.4078879245303624e-08
6089.84,1.381028477444945e-08
6089.85,1.3552236119283696e-08
6089.86,1.3305122019359773e-08
6089.87,1.3069387663960792e-08
6089.88,1.2845473535557256e-08
6089.89,1.2633710017822661e-08
6089.9,1.243451153597961e-08
6089.91,1.2247261606103539e-08
6089.92,1.2071987429605164e-08
6089.93,1.1908319213166964e-08
6089.94,1.1755871965460007e-08
6089.95,1.1614341795722216e-08
6089.96,1.1483549625470015e-08
6089.97,1.136338137456563e-08
6089.98,1.125359709057451e-08
6089.99,1.1153531666077376e-08
6090.0,1.106177541474191e-08
6090.01,1.0976017225794331e-08
6090.02,1.0893381171347808e-08
6090.03,1.0811229481686414e-08
6090.04,1.0728420814241908e-08
6090.05,1.0645686978670959e-08
6090.06,1.056511540815867e-08
6090.07,1.048908358434334e-08
6090.08,1.0419456537074743e-08
6090.09,1.0357350869297356e-08
6090.1,1.0303278681948227e-08
6090.11,1.0257397488338801e-08
6090.12,1.0219718239575653e-08
6090.13,1.0190223524468362e-08
6090.14,1.0168858628084442e-08
6090.15,1.0151862942960897e-08
6090.16,1.0144946016287808e-08
6090.17,1.0142575083775251e-08
6090.18,1.0142947062436317e-08
6090.19,1.0113913076053982e-08
6090.2,1.0122292181152437e-08
6090.21,1.013718350161596e-08
6090.22,1.0159251048633868e-08
6090.23,1.0188497000314353e-08
6090.24,1.0224737327222108e-08
6090.25,1.0267816358407225e-08
6090.26,1.0317656282520641e-08
6090.27,1.0374252128437709e-08
6090.28,1.043765735332225e-08
6090.29,1.0507971978837768e-08
6090.3,1.0585334779257148e-08
6090.31,1.0669918523189765e-08
6090.32,1.0685442744115203e-08
6090.33,1.0785649662310002e-08
6090.34,1.089377469582134e-08
6090.35,1.1010107671331603e-08
6090.36,1.1134959055941224e-08
6090.37,1.1268648286072547e-08
6090.38,1.1411484099367138e-08
6090.39,1.1563737360938871e-08
6090.4,1.1725616375700602e-08
6090.41,1.1897814284840567e-08
6090.42,1.207938699931608e-08
6090.43,1.227113501679201e-08
6090.44,1.2473547015851867e-08
6090.45,1.2687381649195213e-08
6090.46,1.2913597988881281e-08
6090.47,1.3153236357796707e-08
6090.48,1.340733030567632e-08
6090.49,1.3676882002652951e-08
6090.5,1.3962883657558455e-08
6090.51,1.426635520869117e-08
6090.52,1.4588379890449556e-08
6090.53,1.4930132126329926e-08
6090.54,1.5292899318181436e-08
6090.55,1.567809914626249e-08
6090.56,1.6083840790716406e-08
6090.57,1.6306075497620436e-08
6090.58,1.6770005034691775e-08
6090.59,1.726361884885332e-08
6090.6,1.778918149363512e-08
6090.61,1.8349137795039046e-08
6090.62,1.8946112002790552e-08
6090.63,1.9582936211003584e-08
6090.64,2.026273702833308e-08
6090.65,2.098906797372554e-08
6090.66,2.1766039126422252e-08
6090.67,2.2598326317539754e-08
6090.68,2.3491149907730047e-08
6090.69,2.4450284375653813e-08
6090.7,2.54821961036821e-08
6090.71,2.6594305904637482e-08
6090.72,2.779531760208205e-08
6090.73,2.9095541896129095e-08
6090.74,3.050717292393996e-08
6090.75,3.204455326934635e-08
6090.76,3.372405711068514e-08
6090.77,3.556576367366257e-08
6090.78,3.759217068151267e-08
6090.79,3.98301368198834e-08
6090.8,4.231155549738472e-08
6090.81,4.507474115584658e-08
6090.82,4.81659447004856e-08
6090.83,5.164137479673229e-08
6090.84,5.5569696741489263e-08
6090.85,6.00349029685677e-08
6090.86,6.513941971783343e-08
6090.87,7.100717885337853e-08
6090.88,7.778226079360495e-08
6090.89,8.56270836787355e-08
6090.9,9.470345372343492e-08
6090.91,1.0513273451259637e-07
6090.92,1.1692102911651228e-07
6090.93,1.298461901782447e-07
6090.94,1.4334789919182665e-07
6090.95,1.565315075447739e-07
6090.96,1.6841862747091823e-07
6090.97,1.7843053134801443e-07
6090.98,1.8680239592338517e-07
6090.99,1.9457753367761194e-07
6091.0,2.0319079076948744e-07
6091.01,2.1399751547919975e-07
6091.02,2.2803527153929253e-07
6091.03,2.46017328859147e-07
6091.04,2.684133035003077e-07
6091.05,2.955544927300005e-07
6091.06,3.273443475242961e-07
6091.07,3.635252876175887e-07
6091.08,4.03140899061626e-07
6091.09,4.4436341724634635e-07
6091.1,4.842892836420205e-07
6091.11,5.190145498471466e-07
6091.12,5.441815243627593e-07
6091.13,5.560104562414274e-07
6091.14,5.524739613087722e-07
6091.15,5.340138983560274e-07
6091.16,5.033664490643533e-07
6091.17,4.646043765348877e-07
6091.18,4.2195476472942895e-07
6091.19,3.7890636527167115e-07
6091.2,3.3787658536620295e-07
6091.21,3.0024158127094716e-07
6091.22,2.665926103336432e-07
6091.23,2.3697472594289325e-07
6091.24,2.1117274410411986e-07
6091.25,1.8881744960952616e-07
6091.26,1.6949515447965557e-07
6091.27,1.528002659451306e-07
6091.28,1.3836081524024186e-07
6091.29,1.258482761581487e-07
6091.3,1.1497902820969907e-07
6091.31,1.0551184882812438e-07
6091.32,9.724364478623549e-08
6091.33,9.000444817025825e-08
6091.34,8.365119863214949e-08
6091.35,7.806714105343632e-08
6091.36,7.31515093080564e-08
6091.37,6.882051739973868e-08
6091.38,6.50037417386754e-08
6091.39,6.164208281363777e-08
6091.4,5.868582226844138e-08
6091.41,5.597231739493493e-08
6091.42,5.371055960518146e-08
6091.43,5.174961353276068e-08
6091.44,5.006613389054722e-08
6091.45,4.8641396781985786e-08
6091.46,4.746083759310705e-08
6091.47,4.651371200559178e-08
6091.48,4.579286758793616e-08
6091.49,4.52946174642209e-08
6091.5,4.5018711079884245e-08
6091.51,4.496840030696135e-08
6091.52,4.51505976897302e-08
6091.53,4.5576135220030894e-08
6091.54,4.623925138147691e-08
6091.55,4.7201572079282605e-08
6091.56,4.846715320163761e-08
6091.57,5.0066838646962034e-08
6091.58,5.203800820169926e-08
6091.59,5.442548800694827e-08
6091.6,5.728267761092937e-08
6091.61,6.067301738665434e-08
6091.62,6.46706602257948e-08
6091.63,6.936030102204267e-08
6091.64,7.483508633777197e-08
6091.65,8.119258590012003e-08
6091.66,8.852842187308989e-08
6091.67,9.692612244136541e-08
6091.68,1.0643982833713767e-07
6091.69,1.170592586778669e-07
6091.7,1.2866594123517885e-07
6091.71,1.4100299181885047e-07
6091.72,1.5353276901127338e-07
6091.73,1.6545176535557314e-07
6091.74,1.7570856337154338e-07
6091.75,1.8314985766405422e-07
6091.76,1.8677515970784537e-07
6091.77,1.8602099284450516e-07
6091.78,1.8094330142394347e-07
6091.79,1.7219940074308172e-07
6091.8,1.6083967822391528e-07
6091.81,1.4802120273751213e-07
6091.82,1.347684322015051e-07
6091.83,1.2184826207013424e-07
6091.84,1.0974976246670787e-07
6091.85,9.873123412948611e-08
6091.86,8.88726617437562e-08
6091.87,8.015920056648568e-08
6091.88,7.251117817712294e-08
6091.89,6.582062789481218e-08
6091.9,5.997099360366924e-08
6091.91,5.4848055043885184e-08
6091.92,5.0346055066177024e-08
6091.93,4.637076723326662e-08
6091.94,4.284115935396039e-08
6091.95,3.968999831536743e-08
6091.96,3.686308619566829e-08
6091.97,3.4317234586785936e-08
6091.98,3.2017785249816986e-08
6091.99,2.995022617359126e-08
6092.0,2.8063307080054612e-08
6092.01,2.6350155949702384e-08
6092.02,2.4792718248020523e-08
6092.03,2.3374808064264417e-08
6092.04,2.2081858203662458e-08
6092.05,2.0900750557433715e-08
6092.06,1.9819701164294582e-08
6092.07,1.8828174236873244e-08
6092.08,1.7916734322378826e-08
6092.09,1.7077039600475504e-08
6092.1,1.630170634102384e-08
6092.11,1.558424150744973e-08
6092.12,1.4918955870449383e-08
6092.13,1.430086760314085e-08
6092.14,1.3725600894845073e-08
6092.15,1.3189289281363753e-08
6092.16,1.2688491882159953e-08
6092.17,1.2220125033327919e-08
6092.18,1.1781406239753946e-08
6092.19,1.1369791436595866e-08
6092.2,1.098300671382142e-08
6092.21,1.0618906433450592e-08
6092.22,1.027552644698505e-08
6092.23,9.951060999149301e-09
6092.24,9.643874775757335e-09
6092.25,9.352524004675354e-09
6092.26,9.075771451697837e-09
6092.27,8.812580533076668e-09
6092.28,8.562084377429713e-09
6092.29,8.323539347575243e-09
6092.3,8.096279008322411e-09
6092.31,7.87968064799436e-09
6092.32,7.673148567812754e-09
6092.33,7.476105131574595e-09
6092.34,7.287998555782161e-09
6092.35,7.108302275186979e-09
6092.36,6.936519450289185e-09
6092.37,6.772180721307285e-09
6092.38,6.614861460617534e-09
6092.39,6.464172811820591e-09
6092.4,6.319709251133975e-09
6092.41,6.18114370137406e-09
6092.42,6.048157400159797e-09
6092.43,5.920453676738766e-09
6092.44,5.797754026080619e-09
6092.45,5.6797947734982194e-09
6092.46,5.566321151967449e-09
6092.47,5.457083802790923e-09
6092.48,5.351836469939806e-09
6092.49,5.250338165951619e-09
6092.5,5.152360993516167e-09
6092.51,5.0577020776324835e-09
6092.52,4.9661944329708985e-09
6092.53,4.877710560259716e-09
6092.54,4.7921561978208805e-09
6092.55,4.709457464587885e-09
6092.56,4.629547708509095e-09
6092.57,4.5523588294398405e-09
6092.58,4.477818147071942e-09
6092.59,4.405849387405698e-09
6092.6,4.336374583038458e-09
6092.61,4.269318044743764e-09
6092.62,4.204607742217272e-09
6092.63,4.142177156332617e-09
6092.64,4.081966319304216e-09
6092.65,4.02392247881431e-09
6092.66,3.968000554493672e-09
6092.67,3.9141635142317685e-09
6092.68,3.8623827600693015e-09
6092.69,3.812638587079998e-09
6092.7,3.7649207627286665e-09
6092.71,3.719229267005316e-09
6092.72,3.6755752324093144e-09
6092.73,3.633982126714549e-09
6092.74,3.594487229016388e-09
6092.75,3.5571434612432827e-09
6092.76,3.5220216530852686e-09
6092.77,3.4892133397038732e-09
6092.78,3.4588342199018446e-09
6092.79,3.431028440614787e-09
6092.8,3.4059739255332548e-09
6092.81,3.3838893174612155e-09
6092.82,3.3649350844310305e-09
6092.83,3.349651015866354e-09
6092.84,3.3383299318720622e-09
6092.85,3.331461751612759e-09
6092.86,3.3296450612620107e-09
6092.87,3.333874901063742e-09
6092.88,3.3444946962153416e-09
6092.89,3.362732448229524e-09
6092.9,3.389465737782332e-09
6092.91,3.4250893542752652e-09
6092.92,3.4691407752722166e-09
6092.93,3.520611596215151e-09
6092.94,3.5788565992732825e-09
6092.95,3.6434560321766286e-09
6092.96,3.7126947723694567e-09
6092.97,3.783205475539992e-09
6092.98,3.850718284468184e-09
6092.99,3.910798192625964e-09
6093.0,3.9581946932655436e-09
6093.01,3.986651868966099e-09
6093.02,3.990105536186894e-09
6093.03,3.964548071945267e-09
6093.04,3.909392191148201e-09
6093.05,3.827707697105276e-09
6093.06,3.725379428710221e-09
6093.07,3.6096765294005235e-09
6093.08,3.4878118624675474e-09
6093.09,3.3659004566570696e-09
6093.1,3.248494749465023e-09
6093.11,3.138398511326796e-09
6093.12,3.037176088188253e-09
6093.13,2.945344504310667e-09
6093.14,2.8634159271315708e-09
6093.15,2.7896206659234534e-09
6093.16,2.7239350190958793e-09
6093.17,2.665648125604728e-09
6093.18,2.6140850198883833e-09
6093.19,2.568547212597119e-09
6093.2,2.5285873149274728e-09
6093.21,2.4936097825404593e-09
6093.22,2.4631063494434475e-09
6093.23,2.4365826133234464e-09
6093.24,2.4135771170587416e-09
6093.25,2.393718197218118e-09
6093.26,2.3767996415377374e-09
6093.27,2.3628284240942134e-09
6093.28,2.352015064217885e-09
6093.29,2.344640850192263e-09
6093.3,2.3410104005563365e-09
6093.31,2.3413023766259162e-09
6093.32,2.3454922283084146e-09
6093.33,2.3532524133003697e-09
6093.34,2.3639113586064098e-09
6093.35,2.3762894140893207e-09
6093.36,2.3886958850870095e-09
6093.37,2.398983772533906e-09
6093.38,2.4047846506522864e-09
6093.39,2.4039255756656986e-09
6093.4,2.394931450026697e-09
6093.41,2.377424835360057e-09
6093.42,2.3522325141692133e-09
6093.43,2.321128465256561e-09
6093.44,2.286321286759048e-09
6093.45,2.2499313542438306e-09
6093.46,2.2137211726773377e-09
6093.47,1.9222158034305508e-09
6093.48,1.891780229705587e-09
6093.49,1.865498430104996e-09
6093.5,1.844308124679019e-09
6093.51,1.8288488073638083e-09
6093.52,1.8196259810303328e-09
6093.53,1.8170859714288203e-09
6093.54,1.8217071375347952e-09
6093.55,1.83310296016388e-09
6093.56,1.8533967604314875e-09
6093.57,1.920798081095324e-09
6093.58,1.95652933552415e-09
6093.59,1.9970440797365396e-09
6093.6,2.037098214347742e-09
6093.61,2.0680699363860942e-09
6093.62,2.079630075231971e-09
6093.63,2.064517889646203e-09
6093.64,2.0233999878908015e-09
6093.65,1.9648722717246435e-09
6093.66,1.900378924423699e-09
6093.67,1.8390020188993963e-09
6093.68,1.7856219574250795e-09
6093.69,1.741765277817477e-09
6093.7,1.707168423578807e-09
6093.71,2.6394942577057653e-09
6093.72,2.6238971887034028e-09
6093.73,2.6147137797339397e-09
6093.74,2.6113081157557363e-09
6093.75,2.613317253992733e-09
6093.76,2.620562166197481e-09
6093.77,2.633060262669499e-09
6093.78,2.650977021180145e-09
6093.79,2.6745767768957485e-09
6093.8,2.7041474920356487e-09
6093.81,2.739852709437386e-09
6093.82,2.7816103514911887e-09
6093.83,2.8287764530252004e-09
6093.84,2.8797273643116895e-09
6093.85,2.9315840831478212e-09
6093.86,2.9800429116005745e-09
6093.87,3.0197141386573878e-09
6093.88,3.045139205871375e-09
6093.89,3.0523118297194636e-09
6093.9,3.0400471374786114e-09
6093.91,3.0104160976701205e-09
6093.92,2.9679697819189303e-09
6093.93,2.91823541271099e-09
6093.94,2.8662936318442727e-09
6093.95,2.8159634814128733e-09
6093.96,2.7696334931802225e-09
6093.97,2.7284916144751876e-09
6093.98,2.6928942389880116e-09
6093.99,2.662667971201196e-09
6094.0,2.6374104718015296e-09
6094.01,2.6166033784913355e-09
6094.02,2.599716953928549e-09
6094.03,2.586256632425218e-09
6094.04,2.575782987498134e-09
6094.05,2.5416484836489833e-09
6094.06,2.5362385138937944e-09
6094.07,2.5328450785733583e-09
6094.08,2.5312455510256102e-09
6094.09,2.531250636597029e-09
6094.1,2.5327220812957607e-09
6094.11,2.5355318544807766e-09
6094.12,2.5395815657394563e-09
6094.13,2.5447928615399057e-09
6094.14,2.551104445678046e-09
6094.15,2.5584696638876433e-09
6094.16,2.5668545643806936e-09
6094.17,2.576236357216597e-09
6094.18,2.5866022077356264e-09
6094.19,2.59794831108309e-09
6094.2,2.6102792055154294e-09
6094.21,2.6236072914644773e-09
6094.22,2.637952531446747e-09
6094.23,2.653342312920003e-09
6094.24,2.6698114625296066e-09
6094.25,2.687402406034823e-09
6094.26,2.7061654740889083e-09
6094.27,2.7261593602492176e-09
6094.28,2.7474517449351113e-09
6094.29,2.7700941224280704e-09
6094.3,2.7942268992063686e-09
6094.31,2.8199244461038483e-09
6094.32,2.8473011899906475e-09
6094.33,2.8764873022278123e-09
6094.34,2.9076321450761744e-09
6094.35,2.940907956869945e-09
6094.36,2.9764938978554506e-09
6094.37,3.014672269325186e-09
6094.38,3.0557113657022298e-09
6094.39,3.099977373545073e-09
6094.4,3.147955347009174e-09
6094.41,3.2003242854818426e-09
6094.42,3.258062662060066e-09
6094.43,3.322511112880181e-09
6094.44,3.3942026265825836e-09
6094.45,3.470879783205355e-09
6094.46,3.546850107571348e-09
6094.47,3.620377033774146e-09
6094.48,3.697426358492131e-09
6094.49,3.784123569770759e-09
6094.5,3.8826367686815e-09
6094.51,3.9933813849261195e-09
6094.52,4.116857305091095e-09
6094.53,4.254025199829651e-09
6094.54,4.406247607073703e-09
6094.55,4.575204474409337e-09
6094.56,4.76283280957065e-09
6094.57,4.971270853249535e-09
6094.58,5.202781852429986e-09
6094.59,5.459631769691527e-09
6094.6,5.7438915773960715e-09
6094.61,6.05713069495927e-09
6094.62,6.39996421514375e-09
6094.63,6.771429213492219e-09
6094.64,7.168192487954466e-09
6094.65,7.58363168108983e-09
6094.66,8.00703143842778e-09
6094.67,8.423596426992823e-09
6094.68,8.814183249476919e-09
6094.69,9.157600175438164e-09
6094.7,9.433577219819709e-09
6094.71,9.626722084140769e-09
6094.72,9.730190445965018e-09
6094.73,9.747739307668825e-09
6094.74,9.693342851581158e-09
6094.75,9.58856346115126e-09
6094.76,9.458762044462916e-09
6094.77,9.329488656814593e-09
6094.78,9.224795196188265e-09
6094.79,9.163041311297382e-09
6094.8,9.161239548231894e-09
6094.81,9.233382635379494e-09
6094.82,9.391575949907715e-09
6094.83,9.646962064090228e-09
6094.84,1.0009863091757444e-08
6094.85,1.0725137064902605e-08
6094.86,1.1327089016753352e-08
6094.87,1.2048854922590145e-08
6094.88,1.287513098936614e-08
6094.89,1.3769260722861531e-08
6094.9,1.4666365136663718e-08
6094.91,1.5472770873173977e-08
6094.92,1.607793008904464e-08
6094.93,1.6381575089367744e-08
6094.94,1.6326569773285285e-08
6094.95,1.5919533795645056e-08
6094.96,1.5225899651390857e-08
6094.97,1.4343444265752962e-08
6094.98,1.3371426158879478e-08
6094.99,1.2390047933530875e-08
6095.0,1.1453728669338018e-08
6095.01,1.0593628627131816e-08
6095.02,9.823653340048394e-09
6095.03,9.14645288171553e-09
6095.04,8.557858839574939e-09
6095.05,8.050515323440402e-09
6095.06,7.615449125316566e-09
6095.07,7.2436167789755335e-09
6095.08,6.926424747130816e-09
6095.09,6.656072780521614e-09
6095.1,6.425688363299766e-09
6095.11,6.22935805608076e-09
6095.12,6.062120292266321e-09
6095.13,5.919905480356161e-09
6095.14,5.799324682823119e-09
6095.15,5.697184604062658e-09
6095.16,5.610015386854257e-09
6095.17,5.5346158300687345e-09
6095.18,5.4695502061671154e-09
6095.19,5.197137312811641e-09
6095.2,5.155397218507493e-09
6095.21,5.12506287289053e-09
6095.22,5.105543486299031e-09
6095.23,5.096150656205864e-09
6095.24,5.096298949436203e-09
6095.25,5.105550348609889e-09
6095.26,5.123546774841156e-09
6095.27,5.150248279509371e-09
6095.28,5.185546998179984e-09
6095.29,5.229512467852702e-09
6095.3,5.282325323351728e-09
6095.31,5.3442759091595786e-09
6095.32,5.415761737109141e-09
6095.33,5.497284334776832e-09
6095.34,5.589441037577528e-09
6095.35,5.692909326320086e-09
6095.36,5.8084200512850934e-09
6095.37,5.93670880898948e-09
6095.38,6.078496630837285e-09
6095.39,6.234397269672442e-09
6095.4,6.40492364161224e-09
6095.41,6.5921372059038e-09
6095.42,6.793431692498649e-09
6095.43,7.011435407721182e-09
6095.44,7.248035417963302e-09
6095.45,7.506198885831043e-09
6095.46,7.790784042535259e-09
6095.47,8.107651841244844e-09
6095.48,8.464138559788856e-09
6095.49,8.868794943430115e-09
6095.5,9.331411473269685e-09
6095.51,9.863228182751496e-09
6095.52,1.047731506467511e-08
6095.53,1.1189034092219694e-08
6095.54,1.2016612820025947e-08
6095.55,1.298160034503316e-08
6095.56,1.4109228196884587e-08
6095.57,1.542828776374998e-08
6095.58,1.6970237483050878e-08
6095.59,1.876574835370163e-08
6095.6,2.084329146656997e-08
6095.61,2.3214938290255764e-08
6095.62,2.5864560633672097e-08
6095.63,2.8725429991559425e-08
6095.64,3.1655071012205236e-08
6095.65,3.4418087589498207e-08
6095.66,3.669806856252114e-08
6095.67,3.815844439810607e-08
6095.68,3.854602849503721e-08
6095.69,3.779011390957442e-08
6095.7,3.6033396591740416e-08
6095.71,3.357308207647594e-08
6095.72,3.0752635106213865e-08
6095.73,2.7868245223275056e-08
6095.74,2.5124516389641918e-08
6095.75,2.2634567425997e-08
6095.76,2.0442353733940287e-08
6095.77,1.85487156013507e-08
6095.78,1.6930756931255044e-08
6095.79,1.5557299051013487e-08
6095.8,1.4394780659561453e-08
6095.81,1.3411728875108393e-08
6095.82,1.2580350265076099e-08
6095.83,1.1876967915666807e-08
6095.84,1.1281854387699572e-08
6095.85,1.0778823021576025e-08
6095.86,1.0356401377262053e-08
6095.87,1.0000775530772524e-08
6095.88,9.70526387741932e-09
6095.89,9.463423961242953e-09
6095.9,9.270437185836497e-09
6095.91,9.122919516585043e-09
6095.92,9.018682940186286e-09
6095.93,8.956621568968373e-09
6095.94,8.93629629905209e-09
6095.95,8.957178615640557e-09
6095.96,9.017000655587213e-09
6095.97,9.108793683783578e-09
6095.98,9.217063359355605e-09
6095.99,9.31576047624025e-09
6096.0,9.372729719467213e-09
6096.01,9.362521052990487e-09
6096.02,9.28027541157784e-09
6096.03,9.144357380416723e-09
6096.04,8.985097866614898e-09
6096.05,8.830237178612663e-09
6096.06,8.697332754391814e-09
6096.07,8.593962180946452e-09
6096.08,8.521289343666886e-09
6096.09,8.477500699083856e-09
6096.1,8.389581935950295e-09
6096.11,8.395630627117579e-09
6096.12,8.42072270595717e-09
6096.13,8.458191068210849e-09
6096.14,8.502278462587076e-09
6096.15,8.553395883586173e-09
6096.16,8.615461700526738e-09
6096.17,8.69041052442638e-09
6096.18,8.777840407756926e-09
6096.19,8.87672214901136e-09
6096.2,8.986228521045328e-09
6096.21,9.105789046999581e-09
6096.22,9.234997805716633e-09
6096.23,9.373511984403372e-09
6096.24,9.521001652112084e-09
6096.25,9.677093601188824e-09
6096.26,9.84140128192114e-09
6096.27,1.001358519849042e-08
6096.28,1.0193459230385522e-08
6096.29,1.0381105635329079e-08
6096.3,1.057678545267283e-08
6096.31,1.0781631540644072e-08
6096.32,1.0996553347895338e-08
6096.33,1.1222812392941002e-08
6096.34,1.1461739095379447e-08
6096.35,1.1714655964092603e-08
6096.36,1.198284924035582e-08
6096.37,1.226756108971608e-08
6096.38,1.257004025668143e-08
6096.39,1.2891564131584024e-08
6096.4,1.323348101946193e-08
6096.41,1.3597245364574288e-08
6096.42,1.398444927943319e-08
6096.43,1.4396851367192191e-08
6096.44,1.4836404371417771e-08
6096.45,1.5305283222110367e-08
6096.46,1.5805914893997723e-08
6096.47,1.6341011320007857e-08
6096.48,1.6913606463708473e-08
6096.49,1.7527098557591086e-08
6096.5,1.8185298423348456e-08
6096.51,1.8892484651305428e-08
6096.52,1.9653466120313573e-08
6096.53,2.0473651723021017e-08
6096.54,2.1359125940216295e-08
6096.55,2.2327789572029065e-08
6096.56,2.336526691050759e-08
6096.57,2.4491315652586352e-08
6096.58,2.571489088010656e-08
6096.59,2.7046499652285084e-08
6096.6,2.849708809543375e-08
6096.61,3.007803164082714e-08
6096.62,3.180088580598559e-08
6096.63,3.367738170665805e-08
6096.64,3.572003874877227e-08
6096.65,3.7943654755760106e-08
6096.66,4.0367411151593244e-08
6096.67,4.301665853358346e-08
6096.68,4.592273782551095e-08
6096.69,4.912416469930073e-08
6096.7,5.266091173792447e-08
6096.71,5.657470133653449e-08
6096.72,6.090667652451355e-08
6096.73,6.569565035400439e-08
6096.74,7.097570765936333e-08
6096.75,7.677243832361853e-08
6096.76,8.309723488638824e-08
6096.77,8.993934716952669e-08
6096.78,9.725545563414137e-08
6096.79,1.0495730424139596e-07
6096.8,1.1289870155818085e-07
6096.81,1.2086463402754314e-07
6096.82,1.2856677982958492e-07
6096.83,1.356507156596965e-07
6096.84,1.417221330162308e-07
6096.85,1.4638290173486898e-07
6096.86,1.492915538772095e-07
6096.87,1.5021916614299313e-07
6096.88,1.490922146658617e-07
6096.89,1.4600704846711626e-07
6096.9,1.4121094031433692e-07
6096.91,1.3505626939568523e-07
6096.92,1.2794411568242662e-07
6096.93,1.2026442555061337e-07
6096.94,1.1236343631406555e-07
6096.95,1.0451906965695671e-07
6096.96,9.693591713373178e-08
6096.97,8.975088617777135e-08
6096.98,8.3044643041805e-08
6096.99,7.685488894848278e-08
6097.0,7.118757352759654e-08
6097.01,6.602869884470857e-08
6097.02,6.13511482448833e-08
6097.03,5.712087348982953e-08
6097.04,5.3300757069571766e-08
6097.05,4.985324707296312e-08
6097.06,4.674221983094907e-08
6097.07,4.3933758600812285e-08
6097.08,4.139665091017208e-08
6097.09,3.9102536109738115e-08
6097.1,3.702586720550957e-08
6097.11,3.51437701485881e-08
6097.12,3.3435846665785525e-08
6097.13,3.188396476057761e-08
6097.14,3.0472035983608326e-08
6097.15,2.918580444088558e-08
6097.16,2.801264769151047e-08
6097.17,2.6941393832571745e-08
6097.18,2.5961500337284427e-08
6097.19,2.506553343424522e-08
6097.2,2.424509556718441e-08
6097.21,2.3493344944694378e-08
6097.22,2.2804241761313783e-08
6097.23,2.2172468907899403e-08
6097.24,2.1593368191127074e-08
6097.25,2.106289553630545e-08
6097.26,2.057756936278086e-08
6097.27,2.0134464370471365e-08
6097.28,1.9731161818732155e-08
6097.29,1.9365671417722918e-08
6097.3,1.9036221369566328e-08
6097.31,1.874077226475684e-08
6097.32,1.8476095675155e-08
6097.33,1.8236535845965785e-08
6097.34,1.8013405394255463e-08
6097.35,1.7796736902899196e-08
6097.36,1.757971271928017e-08
6097.37,1.736237975388604e-08
6097.38,1.7150660656663143e-08
6097.39,1.6951768371208653e-08
6097.4,1.677055078190543e-08
6097.41,1.6608767477636147e-08
6097.42,1.6466030937468018e-08
6097.43,1.6341141207840844e-08
6097.44,1.6232510617093436e-08
6097.45,1.6138679786688722e-08
6097.46,1.6058373524572895e-08
6097.47,1.5990505191677205e-08
6097.48,1.5934162821363645e-08
6097.49,1.588855716493421e-08
6097.5,1.5853016494831822e-08
6097.51,1.5826955129962904e-08
6097.52,1.580990178553779e-08
6097.53,1.5801485915440092e-08
6097.54,1.580144310845814e-08
6097.55,1.5809603348939583e-08
6097.56,1.5825883319159763e-08
6097.57,1.5850290042966702e-08
6097.58,1.5882936015187582e-08
6097.59,1.5924046191208452e-08
6097.6,1.597389709990485e-08
6097.61,1.6032561625753595e-08
6097.62,1.6099203174020655e-08
6097.63,1.6171270342358078e-08
6097.64,1.6244608132108633e-08
6097.65,1.631600608228778e-08
6097.66,1.6386077333564023e-08
6097.67,1.6458558564618114e-08
6097.68,1.6537059464761476e-08
6097.69,1.6623310765706103e-08
6097.7,1.671698856733267e-08
6097.71,1.6818843221752067e-08
6097.72,1.6927839290569193e-08
6097.73,1.7043589103324952e-08
6097.74,1.716581791048895e-08
6097.75,1.7294348157944296e-08
6097.76,1.7429077603133987e-08
6097.77,1.7569961111097184e-08
6097.78,1.7717000989720566e-08
6097.79,1.7870235449755774e-08
6097.8,1.802973737259001e-08
6097.81,1.8195611853287195e-08
6097.82,1.8367996492348556e-08
6097.83,1.8547063213367905e-08
6097.84,1.8733021280341125e-08
6097.85,1.8926121105340577e-08
6097.86,1.9126658119841173e-08
6097.87,1.9334975283517527e-08
6097.88,1.955146147315099e-08
6097.89,1.977653870799024e-08
6097.9,2.001063857740356e-08
6097.91,2.0253866204056435e-08
6097.92,2.0507127262473944e-08
6097.93,2.076978742300087e-08
6097.94,2.104140498995685e-08
6097.95,2.1320797010395282e-08
6097.96,2.1606288112929193e-08
6097.97,2.189619736820197e-08
6097.98,2.2189635293389755e-08
6097.99,2.2487230746231992e-08
6098.0,2.279132819341483e-08
6098.01,2.3105555885684608e-08
6098.02,2.343414186402774e-08
6098.03,2.378143653642629e-08
6098.04,2.4151913720646035e-08
6098.05,2.4550581069518235e-08
6098.06,2.498345243349714e-08
6098.07,2.545861493188532e-08
6098.08,2.598709091146642e-08
6098.09,2.6583959833316478e-08
6098.1,2.7268837214502268e-08
6098.11,2.806333578661628e-08
6098.12,2.8979121540158214e-08
6098.13,2.9990843996772557e-08
6098.14,3.100522153227331e-08
6098.15,3.187607105276064e-08
6098.16,3.2472289164279106e-08
6098.17,3.2744729397195735e-08
6098.18,3.275465899436525e-08
6098.19,3.263981296616826e-08
6098.2,3.253438037660852e-08
6098.21,3.251638577386326e-08
6098.22,3.260956388227724e-08
6098.23,3.2807970083096925e-08
6098.24,3.3095742121601345e-08
6098.25,3.345670391421592e-08
6098.26,3.387754137020636e-08
6098.27,3.434819821898479e-08
6098.28,3.486137830875278e-08
6098.29,3.5411884698625214e-08
6098.3,3.599617873425882e-08
6098.31,3.6611763864358865e-08
6098.32,3.725702550187679e-08
6098.33,3.7930971680381145e-08
6098.34,3.8633887159117615e-08
6098.35,3.936399656876421e-08
6098.36,4.012222111717613e-08
6098.37,4.090890627045365e-08
6098.38,4.172458577592125e-08
6098.39,4.256995396078149e-08
6098.4,4.3445846247706826e-08
6098.41,4.435325254747189e-08
6098.42,4.529320112436199e-08
6098.43,4.6266913663852645e-08
6098.44,4.727569554214806e-08
6098.45,4.832096180485127e-08
6098.46,4.9404238200541846e-08
6098.47,5.0527163687444544e-08
6098.48,5.169149422529285e-08
6098.49,5.289910772950781e-08
6098.5,5.4152010109396155e-08
6098.51,5.545234235290436e-08
6098.52,5.680238864652506e-08
6098.53,5.82045855457818e-08
6098.54,5.966153223330455e-08
6098.55,6.117600191821825e-08
6098.56,6.275095445319387e-08
6098.57,6.438955025865625e-08
6098.58,6.609516566532503e-08
6098.59,6.787140980095585e-08
6098.6,6.972214317248272e-08
6098.61,7.165149811109368e-08
6098.62,7.366391479914122e-08
6098.63,7.576411205023437e-08
6098.64,7.795719548237757e-08
6098.65,8.024863382263023e-08
6098.66,8.26443055971505e-08
6098.67,8.515053588851844e-08
6098.68,8.777413701218854e-08
6098.69,9.052245358187587e-08
6098.7,9.340341250556513e-08
6098.71,9.642557852290006e-08
6098.72,9.959821599125332e-08
6098.73,1.0292696588455174e-07
6098.74,1.0643151297494401e-07
6098.75,1.1011925137708924e-07
6098.76,1.1400301743362864e-07
6098.77,1.1809678240004085e-07
6098.78,1.2241578537189314e-07
6098.79,1.2697662185994272e-07
6098.8,1.3179746856348076e-07
6098.81,1.3689820931659016e-07
6098.82,1.4230064315473513e-07
6098.83,1.480287068584895e-07
6098.84,1.5410872788054126e-07
6098.85,1.6056971246269638e-07
6098.86,1.6744367460326484e-07
6098.87,1.7476601260477783e-07
6098.88,1.8257594119931353e-07
6098.89,1.9091698884326418e-07
6098.9,1.9983908650999212e-07
6098.91,2.0939320748466281e-07
6098.92,2.1964110825010376e-07
6098.93,2.3065032304426234e-07
6098.94,2.424966482363408e-07
6098.95,2.5526539859239014e-07
6098.96,2.6905287174602403e-07
6098.97,2.8396808710479377e-07
6098.98,3.001492652580794e-07
6098.99,3.177087768948555e-07
6099.0,3.3682233345166694e-07
6099.01,3.5767520505163103e-07
6099.02,3.8048117911880756e-07
6099.03,4.0548640341596956e-07
6099.04,4.3297664269250285e-07
6099.05,4.632815275061223e-07
6099.06,4.967776047747176e-07
6099.07,5.338834442119878e-07
6099.08,5.750369783353295e-07
6099.09,6.20641128530534e-07
6099.1,6.709740785733642e-07
6099.11,7.261093703497622e-07
6099.12,7.859686501714911e-07
6099.13,8.506075008482449e-07
6099.14,9.205826400902067e-07
6099.15,9.970320428062762e-07
6099.16,1.0813487597594445e-06
6099.17,1.1747487776370433e-06
6099.18,1.278016365118496e-06
6099.19,1.391412396043325e-06
6099.2,1.5146013493482102e-06
6099.21,1.6465117760022217e-06
6099.22,1.7851351303045099e-06
6099.23,1.9272896840323164e-06
6099.24,2.0684512996871265e-06
6099.25,2.202708552604411e-06
6099.26,2.3231268334298896e-06
6099.27,2.4221276225436267e-06
6099.28,2.4925839844294825e-06
6099.29,2.5289274302800886e-06
6099.3,2.5282072777299283e-06
6099.31,2.4907221433708997e-06
6099.32,2.419982856035901e-06
6099.33,2.3220300185993883e-06
6099.34,2.2043257787595543e-06
6099.35,2.074625570829696e-06
6099.36,1.939889282516488e-06
6099.37,1.8059335301580672e-06
6099.38,1.6771137660787122e-06
6099.39,1.5564187755747767e-06
6099.4,1.4456915488700856e-06
6099.41,1.3458875415293856e-06
6099.42,1.2573883788087104e-06
6099.43,1.1801386678501963e-06
6099.44,1.1138643446053635e-06
6099.45,1.0581745369149746e-06
6099.46,1.0126314735681298e-06
6099.47,9.767809914289835e-07
6099.48,9.501461479159799e-07
6099.49,9.321837599838883e-07
6099.5,9.222023821223251e-07
6099.51,9.192248744222641e-07
6099.52,9.219136856175208e-07
6099.53,9.28337270065e-07
6099.54,9.359642095835003e-07
6099.55,9.41720178160755e-07
6099.56,9.423208547407701e-07
6099.57,9.347932025727565e-07
6099.58,9.171096819548354e-07
6099.59,8.886662268124789e-07
6099.6,8.503962223746114e-07
6099.61,8.04455499789683e-07
6099.62,7.536317031751319e-07
6099.63,7.007282142626824e-07
6099.64,6.481207046497323e-07
6099.65,5.975694433963381e-07
6099.66,5.50143290256269e-07
6099.67,5.064366371238549e-07
6099.68,4.666331977564495e-07
6099.69,4.3066039968054876e-07
6099.7,3.982952409702887e-07
6099.71,3.692397289448098e-07
6099.72,3.431694620646786e-07
6099.73,3.1976304281877696e-07
6099.74,2.987178960968087e-07
6099.75,2.7975873865316017e-07
6099.76,2.626384644606564e-07
6099.77,2.471384384961179e-07
6099.78,2.3306598478336174e-07
6099.79,2.2025169573345746e-07
6099.8,2.085462444918498e-07
6099.81,1.9781801576325838e-07
6099.82,1.8795117196759308e-07
6099.83,1.788444676250869e-07
6099.84,1.7041056936713587e-07
6099.85,1.6257545206071846e-07
6099.86,1.5527740632785658e-07
6099.87,1.4846542018044937e-07
6099.88,1.4209706424825657e-07
6099.89,1.3613627650470386e-07
6099.9,1.3055145917519496e-07
6099.91,1.2531415807617976e-07
6099.92,1.2039575431080942e-07
6099.93,1.1577648299655944e-07
6099.94,1.1143166089191013e-07
6099.95,1.073402014931276e-07
6099.96,1.0348276895683373e-07
6099.97,9.984160134483145e-08
6099.98,9.640044639251703e-08
6099.99,9.314446246874062e-08
6100.0,9.00601214745597e-08
6100.01,8.71350993736455e-08
6100.02,8.435816901647165e-08
6100.03,8.171899304849418e-08
6100.04,7.92084480356755e-08
6100.05,7.681790785949156e-08
6100.06,7.45395857319574e-08
6100.07,7.236635928217653e-08
6100.08,7.029170882580132e-08
6100.09,6.83096628254418e-08
6100.1,6.641474927121021e-08
6100.11,6.460195111945224e-08
6100.12,6.28666595712001e-08
6100.13,6.120462582500411e-08
6100.14,5.961189257705189e-08
6100.15,5.8084682697549616e-08
6100.16,5.661925796683229e-08
6100.17,5.521174668704878e-08
6100.18,5.385800572607926e-08
6100.19,5.255370371872388e-08
6100.2,5.129473733438591e-08
6100.21,5.007785347723974e-08
6100.22,4.890104418480627e-08
6100.23,4.776336766048226e-08
6100.24,4.666434134001175e-08
6100.25,4.560333120044898e-08
6100.26,4.457944614562803e-08
6100.27,4.3631701742890396e-08
6100.28,4.2678074270135566e-08
6100.29,4.175716177745895e-08
6100.3,4.086742189308275e-08
6100.31,4.0007381042417194e-08
6100.32,3.917565430644633e-08
6100.33,3.8370943294239094e-08
6100.34,3.7592032642168474e-08
6100.35,3.683777922147237e-08
6100.36,3.610710236249319e-08
6100.37,3.539896941266977e-08
6100.38,3.4712386675840777e-08
6100.39,3.404639320156812e-08
6100.4,3.340006324310797e-08
6100.41,3.277251889990235e-08
6100.42,3.2162949571598706e-08
6100.43,3.157062886508154e-08
6100.44,3.099491845925242e-08
6100.45,3.043499192711567e-08
6100.46,2.9890864691587356e-08
6100.47,2.936014000659871e-08
6100.48,2.884565120703755e-08
6100.49,2.834526655152296e-08
6100.5,2.7858520377648542e-08
6100.51,2.7384954134996516e-08
6100.52,2.6924122575376563e-08
6100.53,2.6475595262042703e-08
6100.54,2.6038951721699153e-08
6100.55,2.5613811497757895e-08
6100.56,2.5199790624228583e-08
6100.57,2.4796530546295685e-08
6100.58,2.440369030279421e-08
6100.59,2.4020945895062855e-08
6100.6,2.364798962330532e-08
6100.61,2.328452944082489e-08
6100.62,2.2930288353500386e-08
6100.63,2.2585003879809858e-08
6100.64,2.2248427578269164e-08
6100.65,2.192032464665315e-08
6100.66,2.1600473594933387e-08
6100.67,2.1288665994502606e-08
6100.68,2.0984706305790383e-08
6100.69,2.068841178863283e-08
6100.7,2.0403503476535438e-08
6100.71,2.0122061258834994e-08
6100.72,1.984781340043909e-08
6100.73,1.9580629358917446e-08
6100.74,1.9321173130685776e-08
6100.75,1.9067785052988025e-08
6100.76,1.882115513044442e-08
6100.77,1.858121289878131e-08
6100.78,1.834790565394091e-08
6100.79,1.8121211214862747e-08
6100.8,1.7901096345119578e-08
6100.81,1.7687585456468937e-08
6100.82,1.7480721353475485e-08
6100.83,1.7280579907242666e-08
6100.84,1.7087279548541368e-08
6100.85,1.6900989749195146e-08
6100.86,1.6721944076680716e-08
6100.87,1.6550454580133976e-08
6100.88,1.638692064448402e-08
6100.89,1.6231808127997605e-08
6100.9,1.608553860710377e-08
6100.91,1.5948199343769184e-08
6100.92,1.5819116799828468e-08
6100.93,1.5696818572074713e-08
6100.94,1.558011276880897e-08
6100.95,1.546961618608277e-08
6100.96,1.5367763123867534e-08
6100.97,1.5277287769946263e-08
6100.98,1.5200144698222063e-08
6100.99,1.5137538941406994e-08
6101.0,1.509034325764851e-08
6101.01,1.5059345912700328e-08
6101.02,1.5045308126800246e-08
6101.03,1.5048886683797696e-08
6101.04,1.5070479368070024e-08
6101.05,1.511000384119946e-08
6101.06,1.516660872153182e-08
6101.07,1.5238323313407088e-08
6101.08,1.5321666281967804e-08
6101.09,1.541128255178647e-08
6101.1,1.5499711944239143e-08
6101.11,1.5577424278343262e-08
6101.12,1.5633451137170186e-08
6101.13,1.565617449488218e-08
6101.14,1.5635046533761288e-08
6101.15,1.5562247797274463e-08
6101.16,1.5434173515912025e-08
6101.17,1.525215259663027e-08
6101.18,1.5022197929323763e-08
6101.19,1.4753857779265451e-08
6101.2,1.445856336185626e-08
6101.21,1.4147972543767416e-08
6101.22,1.3832656997588546e-08
6101.23,1.3521364778810079e-08
6101.24,1.3220797240694622e-08
6101.25,1.2935722762339316e-08
6101.26,1.2669314626320123e-08
6101.27,1.242356642777764e-08
6101.28,1.2199708939760171e-08
6101.29,1.1998543909290847e-08
6101.3,1.182079226869405e-08
6101.31,1.1667312091086103e-08
6101.32,1.1539296994763004e-08
6101.33,1.143840681588525e-08
6101.34,1.1366724002642276e-08
6101.35,1.1326614461053786e-08
6101.36,1.1320020432441965e-08
6101.37,1.134707167222617e-08
6101.38,1.1403623038342332e-08
6101.39,1.1477896058543888e-08
6101.4,1.1547759156167442e-08
6101.41,1.1582068479208651e-08
6101.42,1.1549315694697585e-08
6101.43,1.1431481172969304e-08
6101.44,1.1233706845675344e-08
6101.45,1.0981389474614366e-08
6101.46,1.0707301002238234e-08
6101.47,1.043902024064641e-08
6101.48,1.0193382296090867e-08
6101.49,9.999329686276991e-09
6101.5,9.812114128904623e-09
6101.51,9.649216880122452e-09
6101.52,9.503988837525824e-09
6101.53,9.369518874181835e-09
6101.54,9.240252231895414e-09
6101.55,9.112942514792403e-09
6101.56,8.986877096245148e-09
6101.57,8.863196935239705e-09
6101.58,8.743876130919623e-09
6101.59,8.630835543223148e-09
6101.6,8.525451012966792e-09
6101.61,8.428398445262646e-09
6101.62,8.340179077358692e-09
6101.63,8.261111265666014e-09
6101.64,8.190682129969336e-09
6101.65,8.129146099888603e-09
6101.66,8.076367959978546e-09
6101.67,8.032029126836555e-09
6101.68,7.99553224195694e-09
6101.69,7.965855480977546e-09
6101.7,7.941495225784355e-09
6101.71,7.920242019547421e-09
6101.72,7.899240349911238e-09
6101.73,7.875161938002856e-09
6101.74,7.844649863999862e-09
6101.75,7.79685282036945e-09
6101.76,7.746633047548122e-09
6101.77,7.685937144026035e-09
6101.78,7.616383184441978e-09
6101.79,7.541681201960875e-09
6101.8,7.46212090041389e-09
6101.81,7.38195084037693e-09
6101.82,7.3041780715319226e-09
6101.83,7.231036697767619e-09
6101.84,7.16369453417712e-09
6101.85,7.102495750570221e-09
6101.86,7.047378323442927e-09
6101.87,7.096455952337429e-09
6101.88,7.054507334789833e-09
6101.89,7.052200295930519e-09
6101.9,7.023774509501802e-09
6101.91,7.002113195554589e-09
6101.92,6.987002908718501e-09
6101.93,6.9782394037028714e-09
6101.94,6.97596238173323e-09
6101.95,6.98094601965824e-09
6101.96,6.9946953022030975e-09
6101.97,7.019335331665315e-09
6101.98,7.057433967703036e-09
6101.99,7.111908960656219e-09
6102.0,7.186066027920103e-09
6102.01,7.283807508340055e-09
6102.02,7.409740683194439e-09
6102.03,7.569382595820393e-09
6102.04,7.769166365755925e-09
6102.05,8.016106405643573e-09
6102.06,8.31703780038789e-09
6102.07,8.67657127283426e-09
6102.08,9.093443454290605e-09
6102.09,9.554747307274624e-09
6102.1,1.0029018167016422e-08
6102.11,1.0462076347503686e-08
6102.12,1.078260010241998e-08
6102.13,1.0922399202317227e-08
6102.14,1.084506692717698e-08
6102.15,1.056423066550621e-08
6102.16,1.0136568315743555e-08
6102.17,9.635440741165818e-09
6102.18,9.12484361130999e-09
6102.19,8.646934920977825e-09
6102.2,8.222526053453149e-09
6102.21,7.85743956549745e-09
6102.22,7.549133466426001e-09
6102.23,7.2913989587119294e-09
6102.24,7.077034735870219e-09
6102.25,6.899274315517485e-09
6102.26,6.752140682728935e-09
6102.27,6.630660467196463e-09
6102.28,6.530823930120483e-09
6102.29,6.449309179604303e-09
6102.3,6.383577784062383e-09
6102.31,6.331602218051323e-09
6102.32,6.291802064561098e-09
6102.33,6.262961026039574e-09
6102.34,6.244161632723208e-09
6102.35,6.234734520368473e-09
6102.36,6.2342197842604176e-09
6102.37,6.242338180971908e-09
6102.38,6.258970378910908e-09
6102.39,6.28414287240712e-09
6102.4,6.318019540596217e-09
6102.41,6.360898147414599e-09
6102.42,6.413211349827793e-09
6102.43,6.4755320198382975e-09
6102.44,6.548582904185106e-09
6102.45,6.633250857151436e-09
6102.46,6.730606098678394e-09
6102.47,6.841927185552784e-09
6102.48,6.968732650448603e-09
6102.49,7.112820577716153e-09
6102.5,7.276317761328923e-09
6102.51,7.461749534030487e-09
6102.52,7.672079070818353e-09
6102.53,7.910853996480193e-09
6102.54,8.182292723967936e-09
6102.55,8.491405198136716e-09
6102.56,8.844211802108584e-09
6102.57,9.247927896355898e-09
6102.58,9.711232629678066e-09
6102.59,1.024458451728125e-08
6102.6,1.0860602241887631e-08
6102.61,1.1574466551985906e-08
6102.62,1.240442655403737e-08
6102.63,1.3372222021477568e-08
6102.64,1.450341019525092e-08
6102.65,1.5827329498497662e-08
6102.66,1.737628617662368e-08
6102.67,1.918323271890887e-08
6102.68,2.127599220279949e-08
6102.69,2.3670393451475604e-08
6102.7,2.6352055595430378e-08
6102.71,2.9198569179932156e-08
6102.72,3.218495321488036e-08
6102.73,3.5020616566041926e-08
6102.74,3.7391546867842974e-08
6102.75,3.895881953695691e-08
6102.76,3.9458064422879e-08
6102.77,3.8796659699497464e-08
6102.78,3.7091901661698774e-08
6102.79,3.4623181022298195e-08
6102.8,3.173080365595566e-08
6102.81,2.872104152874585e-08
6102.82,2.581521664764519e-08
6102.83,2.3143293584263923e-08
6102.84,2.0762526287751816e-08
6102.85,1.868275066185106e-08
6102.86,1.688571847968849e-08
6102.87,1.5342685810423293e-08
6102.88,1.402056876760375e-08
6102.89,1.2887327261218735e-08
6102.9,1.1914049623882424e-08
6102.91,1.1075639314371325e-08
6102.92,1.0350789864136187e-08
6102.93,9.72163961146784e-09
6102.94,9.173298246687887e-09
6102.95,8.693452753312389e-09
6102.96,8.271840180786629e-09
6102.97,7.899949876437856e-09
6102.98,7.570812410390421e-09
6102.99,7.2787815927432695e-09
6103.0,7.018023530772181e-09
6103.01,6.7848699118424776e-09
6103.02,6.575807780112819e-09
6103.03,6.3878710789248725e-09
6103.04,6.218515924623297e-09
6103.05,6.065595843174507e-09
6103.06,5.927267884665942e-09
6103.07,5.801951233865883e-09
6103.08,5.688286033412668e-09
6103.09,5.585099706252901e-09
6103.1,5.4913776023189915e-09
6103.11,5.408093550230317e-09
6103.12,5.330765257391526e-09
6103.13,5.260543812176562e-09
6103.14,5.196782042580016e-09
6103.15,5.138861311390893e-09
6103.16,5.08619132819373e-09
6103.17,5.038244429816133e-09
6103.18,4.99460926049878e-09
6103.19,4.955018626260843e-09
6103.2,4.919320930904037e-09
6103.21,4.88741748772935e-09
6103.22,4.859237619459382e-09
6103.23,4.834619705878534e-09
6103.24,4.8134729582027366e-09
6103.25,4.795689636730152e-09
6103.26,4.781182993814091e-09
6103.27,4.769893182826877e-09
6103.28,4.761783152120052e-09
6103.29,4.756814239380535e-09
6103.3,4.7548942613907845e-09
6103.31,4.7558109098032225e-09
6103.32,4.759240736444495e-09
6103.33,4.764927018454425e-09
6103.34,4.77290182894132e-09
6103.35,4.7834462503683085e-09
6103.36,4.796768198404595e-09
6103.37,4.812723121889245e-09
6103.38,4.830821915103661e-09
6103.39,4.850501746963044e-09
6103.4,4.871715106889142e-09
6103.41,4.8948303357511454e-09
6103.42,4.9206303226743675e-09
6103.43,4.97190306991564e-09
6103.44,5.005184795328859e-09
6103.45,5.042714402350962e-09
6103.46,5.08456250524261e-09
6103.47,5.130592680968637e-09
6103.48,5.1804217062694545e-09
6103.49,5.233328054054584e-09
6103.5,5.28824263650649e-09
6103.51,5.343866211881468e-09
6103.52,5.398975565485054e-09
6103.53,5.452843964207258e-09
6103.54,5.505559418429874e-09
6103.55,5.55804018989159e-09
6103.56,5.611736328712495e-09
6103.57,5.668208709389033e-09
6103.58,5.7288047896220185e-09
6103.59,5.794524169813572e-09
6103.6,5.866037803557429e-09
6103.61,5.943778963944252e-09
6103.62,6.02804370870972e-09
6103.63,6.1190658083117916e-09
6103.64,6.2170857335448675e-09
6103.65,6.322414331197526e-09
6103.66,6.435239933023928e-09
6103.67,6.555998541493886e-09
6103.68,6.685135281858476e-09
6103.69,6.823179992277593e-09
6103.7,6.970758477680766e-09
6103.71,7.12861532940502e-09
6103.72,7.29764510724549e-09
6103.73,7.478941570750167e-09
6103.74,7.673870232022118e-09
6103.75,7.884262358488021e-09
6103.76,8.112610650587444e-09
6103.77,8.362614334546415e-09
6103.78,8.640069310090592e-09
6103.79,8.954133128254903e-09
6103.8,9.316652146416277e-09
6103.81,9.729042458394401e-09
6103.82,1.0149663665909209e-08
6103.83,1.0506223137332168e-08
6103.84,1.0798296350165449e-08
6103.85,1.1102492231483446e-08
6103.86,1.1469140193468433e-08
6103.87,1.1904164021546407e-08
6103.88,1.2401970358756817e-08
6103.89,1.2959918187600227e-08
6103.9,1.357946959892669e-08
6103.91,1.4265113660314917e-08
6103.92,1.5023655803653067e-08
6103.93,1.586396832209707e-08
6103.94,1.6797041681554742e-08
6103.95,1.783624071162936e-08
6103.96,1.899773061868573e-08
6103.97,2.030107809835517e-08
6103.98,2.1770055299711908e-08
6103.99,2.343369879373121e-08
6104.0,2.5327712552345203e-08
6104.01,2.7496321951693215e-08
6104.02,2.999474815958038e-08
6104.03,3.28925352010793e-08
6104.04,3.627806086995564e-08
6104.05,4.026471324877718e-08
6104.06,4.499932990100415e-08
6104.07,5.067400804838872e-08
6104.08,5.7543114545638505e-08
6104.09,6.594560037296088e-08
6104.1,7.632690491887606e-08
6104.11,8.928911954168933e-08
6104.12,1.0561967744980251e-07
6104.13,1.2630645518071708e-07
6104.14,1.5246148073669976e-07
6104.15,1.8499354375201203e-07
6104.16,2.2375888542623126e-07
6104.17,2.6600374340981227e-07
6104.18,3.0477518397461946e-07
6104.19,3.2965421108354023e-07
6104.2,3.3190608678411005e-07
6104.21,3.108742052532812e-07
6104.22,2.745442626498928e-07
6104.23,2.3356932796767017e-07
6104.24,1.9557507022926505e-07
6104.25,1.6385725512060059e-07
6104.26,1.3882701066445988e-07
6104.27,1.196610292847507e-07
6104.28,1.0525671193064206e-07
6104.29,9.462049243775545e-08
6104.3,8.697012790431253e-08
6104.31,8.172771653985913e-08
6104.32,7.824493211086536e-08
6104.33,7.671368690852534e-08
6104.34,7.670254579164483e-08
6104.35,7.808010371536762e-08
6104.36,8.074550676204872e-08
6104.37,8.459134876602001e-08
6104.38,8.947440079519777e-08
6104.39,9.515297458287043e-08
6104.4,1.0124858236349036e-07
6104.41,1.0721600443405266e-07
6104.42,1.1236501546654187e-07
6104.43,1.159579564812291e-07
6104.44,1.173791571142714e-07
6104.45,1.1631654593991573e-07
6104.46,1.1286444494956071e-07
6104.47,1.0748471420194713e-07
6104.48,1.0084421434828123e-07
6104.49,9.36113689488133e-08
6104.5,8.629869710446608e-08
6104.51,7.920078044746866e-08
6104.52,7.243434069773613e-08
6104.53,6.604315508135148e-08
6104.54,6.007951598206545e-08
6104.55,5.463468618776964e-08
6104.56,4.97857755136808e-08
6104.57,4.5566025555318636e-08
6104.58,4.1961040047540195e-08
6104.59,3.892593730626544e-08
6104.6,3.640520069200163e-08
6104.61,3.4344987359645015e-08
6104.62,3.2699582750566755e-08
6104.63,3.143305159093259e-08
6104.64,3.051863530381395e-08
6104.65,2.993524158920096e-08
6104.66,2.966229811067421e-08
6104.67,2.967244840271954e-08
6104.68,2.9926057341513865e-08
6104.69,3.037523047802741e-08
6104.7,3.0983792066831496e-08
6104.71,3.175589978135266e-08
6104.72,3.2751046347854833e-08
6104.73,3.407139547774637e-08
6104.74,3.583339621225861e-08
6104.75,3.8144904723921576e-08
6104.76,4.109297948338775e-08
6104.77,4.473645945580878e-08
6104.78,4.908384197116247e-08
6104.79,5.40557639608647e-08
6104.8,5.942776097570697e-08
6104.81,6.477148889447053e-08
6104.82,6.943800300229059e-08
6104.83,7.264549192849615e-08
6104.84,7.370338873283661e-08
6104.85,7.229129290378011e-08
6104.86,6.86142647102058e-08
6104.87,6.331028038541487e-08
6104.88,5.717923370039995e-08
6104.89,4.996609716091898e-08
6104.9,4.4057178058818424e-08
6104.91,3.873814514687646e-08
6104.92,3.4089971206408685e-08
6104.93,3.009473044289902e-08
6104.94,2.669547958586288e-08
6104.95,2.3800207268617333e-08
6104.96,2.1337212291659175e-08
6104.97,1.919711213649071e-08
6104.98,1.739670574294306e-08
6104.99,1.5846389104856846e-08
6105.0,1.4504277219982106e-08
6105.01,1.3336048875419845e-08
6105.02,1.2313643864346806e-08
6105.03,1.1414108627870218e-08
6105.04,1.0618623712396845e-08
6105.05,9.9117223147688e-09
6105.06,9.2805826916427e-09
6105.07,8.714607156365744e-09
6105.08,8.204946556684329e-09
6105.09,7.74418708841592e-09
6105.1,7.326087425365114e-09
6105.11,6.9453681799638445e-09
6105.12,6.59754274148485e-09
6105.13,6.278780858241007e-09
6105.14,5.985798182561964e-09
6105.15,5.715766460759522e-09
6105.16,5.466240194088835e-09
6105.17,5.23509649020833e-09
6105.18,5.020485519046442e-09
6105.19,4.821021701447631e-09
6105.2,4.634824342787912e-09
6105.21,4.460872196769226e-09
6105.22,4.2980610502980765e-09
6105.23,4.145412564130467e-09
6105.24,4.0020574074000894e-09
6105.25,3.867220976221138e-09
6105.26,3.7402112585853525e-09
6105.27,3.6204084893286143e-09
6105.28,3.5072563036648223e-09
6105.29,3.4002541501607326e-09
6105.3,3.298950766561014e-09
6105.31,3.202938555915327e-09
6105.32,3.111848728927275e-09
6105.33,3.025347101260882e-09
6105.34,2.9431304539061215e-09
6105.35,2.864923380397323e-09
6105.36,2.7904755585378393e-09
6105.37,2.7195593957965778e-09
6105.38,2.651930192258119e-09
6105.39,2.5874761676866744e-09
6105.4,2.5259886752582564e-09
6105.41,2.467313762997496e-09
6105.42,2.4113129721324627e-09
6105.43,2.357862727648023e-09
6105.44,2.3068540462195027e-09
6105.45,2.256158893920261e-09
6105.46,2.209777823565861e-09
6105.47,2.1656023183762346e-09
6105.48,2.12358746856512e-09
6105.49,2.0837101016236394e-09
6105.5,2.0459719639773075e-09
6105.51,2.010378578031803e-09
6105.52,1.9770440869889297e-09
6105.53,1.9460460938834613e-09
6105.54,1.9174841019865002e-09
6105.55,1.8913931668135604e-09
6105.56,1.867592419034404e-09
6105.57,1.84552657446168e-09
6105.58,1.824344831603577e-09
6105.59,1.8034069244974983e-09
6105.6,1.7828104656901644e-09
6105.61,1.7632625861742948e-09
6105.62,1.7454656057758581e-09
6105.63,1.729777613522106e-09
6105.64,1.7163589379939655e-09
6105.65,1.7054579824864e-09
6105.66,1.6975387878702402e-09
6105.67,1.6932213962719972e-09
6105.68,1.6945352840252264e-09
6105.69,1.6993211543435017e-09
6105.7,1.7094140043721597e-09
6105.71,1.725144013187835e-09
6105.72,1.7465068231849693e-09
6105.73,1.7730967757866095e-09
6105.74,1.803737851257931e-09
6105.75,1.8362554808846384e-09
6105.76,1.867281568582926e-09
6105.77,1.8923784850999737e-09
6105.78,1.9066580285713075e-09
6105.79,1.905892244581061e-09
6105.8,1.8877614356748268e-09
6105.81,1.852635556467427e-09
6105.82,1.8034426824788747e-09
6105.83,1.744703996680392e-09
6105.84,1.6812695217923307e-09
6105.85,1.617328081047103e-09
6105.86,1.5559409486066066e-09
6105.87,1.4990375909853339e-09
6105.88,1.4476786714146172e-09
6105.89,1.4023382792368756e-09
6105.9,1.3632962444880486e-09
6105.91,1.3308074902107986e-09
6105.92,1.3051609023363993e-09
6105.93,1.2861666912339749e-09
6105.94,1.2716438509636414e-09
6105.95,1.2561252163167888e-09
6105.96,1.2337795201762273e-09
6105.97,1.2044927889775457e-09
6105.98,1.1736595917478859e-09
6105.99,1.1460490893262304e-09
6106.0,1.1231358694749359e-09
6106.01,1.1044952463831362e-09
6106.02,1.0893096186536955e-09
6106.03,1.0769155196983948e-09
6106.04,1.0668728451685641e-09
6106.05,1.0589463496830509e-09
6106.06,1.0529308653609558e-09
6106.07,1.0488302595160833e-09
6106.08,1.0466618798507844e-09
6106.09,1.0465175899032497e-09
6106.1,1.0485528051132417e-09
6106.11,1.0529880969616332e-09
6106.12,1.0601191453253695e-09
6106.13,1.0703292946950702e-09
6106.14,1.0841073539679073e-09
6106.15,1.1020704924125198e-09
6106.16,1.3341681061798717e-09
6106.17,1.3641075538347791e-09
6106.18,1.4011571978560642e-09
6106.19,1.4467522165910894e-09
6106.2,1.5025207210042949e-09
6106.21,1.5702753714117468e-09
6106.22,1.6517366003833145e-09
6106.23,1.7480370272512928e-09
6106.24,1.8588054676943978e-09
6106.25,1.9807719960605517e-09
6106.26,2.106174240002806e-09
6106.27,2.221937467719922e-09
6106.28,2.3112082227755626e-09
6106.29,2.3581506777880503e-09
6106.3,2.3542250756679125e-09
6106.31,2.301783158114089e-09
6106.32,2.2121965090895225e-09
6106.33,2.1003586285651116e-09
6106.34,1.9797543017507266e-09
6106.35,1.8603090459063949e-09
6106.36,1.7483784863674392e-09
6106.37,1.6474728408812507e-09
6106.38,1.5590068425011402e-09
6106.39,1.482956608973998e-09
6106.4,1.41844537557907e-09
6106.41,1.3641831582183046e-09
6106.42,1.318774792428118e-09
6106.43,1.2808986366667977e-09
6106.44,1.249386876571403e-09
6106.45,1.2232507657370344e-09
6106.46,1.2016717365279223e-09
6106.47,1.1839835878738004e-09
6106.48,1.1696499119958898e-09
6106.49,1.1582424943194741e-09
6106.5,1.1494224773926306e-09
6106.51,1.1429247466399484e-09
6106.52,1.1382809086645763e-09
6106.53,1.1358685217993428e-09
6106.54,1.1353133337378088e-09
6106.55,1.1365449752985642e-09
6106.56,1.093851663065816e-09
6106.57,1.0989191073874103e-09
6106.58,1.0122442376715026e-09
6106.59,1.021685146236678e-09
6106.6,1.0330292136177256e-09
6106.61,1.0463974382798074e-09
6106.62,1.0619473120425108e-09
6106.63,1.0798775077215228e-09
6106.64,1.100422535253855e-09
6106.65,1.1239079659637184e-09
6106.66,1.1506910532406314e-09
6106.67,1.181221900038565e-09
6106.68,1.2181916864035122e-09
6106.69,1.2580043096827772e-09
6106.7,1.3036169081289106e-09
6106.71,1.3560558130040579e-09
6106.72,1.4166007604789584e-09
6106.73,1.486860391252485e-09
6106.74,1.5688751637016943e-09
6106.75,1.665259285753775e-09
6106.76,1.7793988925978034e-09
6106.77,1.9157323259845243e-09
6106.78,2.0801516884827104e-09
6106.79,2.280585382014551e-09
6106.8,2.528021243779491e-09
6106.81,2.83717679353407e-09
6106.82,3.2291630847752158e-09
6106.83,3.734442055727173e-09
6106.84,4.393839635647572e-09
6106.85,5.26732348925464e-09
6106.86,6.434145953235512e-09
6106.87,7.986699496550322e-09
6106.88,9.991602995095645e-09
6106.89,1.2381131540574576e-08
6106.9,1.4776314396364323e-08
6106.91,1.6427233891304676e-08
6106.92,1.660215915500522e-08
6106.93,1.5218024008106693e-08
6106.94,1.2927980835951017e-08
6106.95,1.0522406312723962e-08
6106.96,8.454984707136117e-09
6106.97,6.838043239737285e-09
6106.98,5.619425031343612e-09
6106.99,4.707511260013826e-09
6107.0,4.020218174209617e-09
6107.01,3.4954700420789595e-09
6107.02,3.088976425841586e-09
6107.03,2.769638242860291e-09
6107.04,2.5154242288991694e-09
6107.05,2.311052047088673e-09
6107.06,2.145123705006504e-09
6107.07,2.0094384720124875e-09
6107.08,1.897895305349143e-09
6107.09,1.8058622921492022e-09
6107.1,1.7297415499947612e-09
6107.11,1.6666881770058003e-09
6107.12,1.6144266744979886e-09
6107.13,1.5711572912890304e-09
6107.14,1.5355057183766154e-09
6107.15,1.5064757329523294e-09
6107.16,1.483390822531341e-09
6107.17,1.4657790929457024e-09
6107.18,1.4532085497546493e-09
6107.19,1.445068640350113e-09
6107.2,1.4403433785570516e-09
6107.21,1.437476336169603e-09
6107.22,1.4344623257348238e-09
6107.23,1.429290763966822e-09
6107.24,1.4205988101798656e-09
6107.25,1.4082184472474602e-09
6107.26,1.3932251870059584e-09
6107.27,1.3774164930833964e-09
6107.28,1.461297105801366e-09
6107.29,1.4489055565177561e-09
6107.3,1.438233161346609e-09
6107.31,1.4283046974194686e-09
6107.32,1.4179107904337997e-09
6107.33,1.406348993805458e-09
6107.34,1.391333983274035e-09
6107.35,1.3788184818954288e-09
6107.36,1.3673855728173762e-09
6107.37,1.3580678840618616e-09
6107.38,1.3513031879198732e-09
6107.39,1.3472384641102559e-09
6107.4,1.3458036599247917e-09
6107.41,1.346830163735741e-09
6107.42,1.3501263021721685e-09
6107.43,1.3555159048414462e-09
6107.44,1.3628572313189009e-09
6107.45,1.3720439871046403e-09
6107.46,1.3830070341252924e-09
6107.47,1.3957115027878567e-09
6107.48,1.4101543136247684e-09
6107.49,1.4263623546121754e-09
6107.5,1.4443915724141816e-09
6107.51,1.4643271807237747e-09
6107.52,1.4862836236866672e-09
6107.53,1.5104188388238882e-09
6107.54,1.5368848368176367e-09
6107.55,1.5658686368112378e-09
6107.56,1.5976488194148027e-09
6107.57,1.6324333855555459e-09
6107.58,1.6703427454679902e-09
6107.59,1.711485559087799e-09
6107.6,1.7558721117409343e-09
6107.61,1.8035477214577754e-09
6107.62,1.8535456809890595e-09
6107.63,1.909007408977818e-09
6107.64,1.969676327391073e-09
6107.65,2.036727293510011e-09
6107.66,2.111371504256312e-09
6107.67,2.194854494013303e-09
6107.68,2.2884630432873556e-09
6107.69,2.430637711262202e-09
6107.7,2.5492514468950946e-09
6107.71,2.6828641671099605e-09
6107.72,2.8335289167275895e-09
6107.73,3.0034797336604226e-09
6107.74,3.1950199660213354e-09
6107.75,3.410301137593965e-09
6107.76,3.6509443107277074e-09
6107.77,3.917494896927238e-09
6107.78,4.208782444197773e-09
6107.79,4.521289125571854e-09
6107.8,4.848404939476384e-09
6107.81,5.180220852476298e-09
6107.82,5.501833759750236e-09
6107.83,5.793897680400698e-09
6107.84,6.034272497076252e-09
6107.85,6.20186559717803e-09
6107.86,6.281602314056212e-09
6107.87,6.26868395272023e-09
6107.88,6.170244493195396e-09
6107.89,6.00363157184357e-09
6107.9,5.792281420890882e-09
6107.91,5.5608270800505125e-09
6107.92,5.331128197785098e-09
6107.93,5.119819872026224e-09
6107.94,4.936056954857177e-09
6107.95,4.780913220898929e-09
6107.96,4.6456164322034705e-09
6107.97,4.5130390276915415e-09
6107.98,4.364083349938719e-09
6107.99,4.187731602173084e-09
6108.0,3.987419274949361e-09
6108.01,3.77785908638993e-09
6108.02,3.5758732751884352e-09
6108.03,3.3933078265157186e-09
6108.04,3.2354071902808396e-09
6108.05,3.10258180130462e-09
6108.06,2.992733642868384e-09
6108.07,2.902880460554764e-09
6108.08,2.8299925640502914e-09
6108.09,2.771459953925678e-09
6108.1,2.724665062655751e-09
6108.11,2.6877747279266175e-09
6108.12,2.6592192928408916e-09
6108.13,2.6378159722224796e-09
6108.14,2.6227392667808023e-09
6108.15,2.6134528752718827e-09
6108.16,2.609612544508329e-09
6108.17,2.610966573204936e-09
6108.18,2.61727559598054e-09
6108.19,2.628260977213354e-09
6108.2,2.6435417159152783e-09
6108.21,2.662628908278009e-09
6108.22,2.6629712871114288e-09
6108.23,2.6876504858764594e-09
6108.24,2.7136343390748834e-09
6108.25,2.7397645622292804e-09
6108.26,2.7648640388441736e-09
6108.27,2.7878914840217442e-09
6108.28,2.8081197078584837e-09
6108.29,2.8252738795130715e-09
6108.3,2.839576905081472e-09
6108.31,2.8516828392806486e-09
6108.32,2.8625246905876293e-09
6108.33,2.873132584214569e-09
6108.34,2.8844839911822977e-09
6108.35,2.897377706290064e-09
6108.36,2.9124345908667898e-09
6108.37,2.930078579503563e-09
6108.38,2.9505743200346703e-09
6108.39,2.9740682154486763e-09
6108.4,3.0006279013381354e-09
6108.41,3.0302752496306475e-09
6108.42,3.0632576120782085e-09
6108.43,3.099083708295615e-09
6108.44,3.1380090009224678e-09
6108.45,3.1800641134058957e-09
6108.46,3.2253058984525418e-09
6108.47,3.2738214199502714e-09
6108.48,3.3257298314298013e-09
6108.49,3.3811814728988774e-09
6108.5,3.440352472951121e-09
6108.51,3.5034317168702596e-09
6108.52,3.5705952375236747e-09
6108.53,3.6419545342767173e-09
6108.54,3.7175094159294684e-09
6108.55,3.797019952211183e-09
6108.56,3.879912031144988e-09
6108.57,3.96519006586872e-09
6108.58,4.051458068603443e-09
6108.59,4.1371267292856306e-09
6108.6,4.220819804589373e-09
6108.61,4.301851662084724e-09
6108.62,4.380535938015999e-09
6108.63,4.458140172788273e-09
6108.64,4.49663060161966e-09
6108.65,4.578400384101424e-09
6108.66,4.664139032079995e-09
6108.67,4.7556234719648055e-09
6108.68,4.853776066395721e-09
6108.69,4.959240181030689e-09
6108.7,5.072482954296395e-09
6108.71,5.193920585590013e-09
6108.72,5.329230286688082e-09
6108.73,5.468392864606114e-09
6108.74,5.617235912549698e-09
6108.75,5.776416190431295e-09
6108.76,5.946796561147268e-09
6108.77,6.1293983293510484e-09
6108.78,6.325453419424859e-09
6108.79,6.536445474922883e-09
6108.8,6.764161198097553e-09
6108.81,7.010753950585747e-09
6108.82,7.275263551350872e-09
6108.83,7.567940129971476e-09
6108.84,7.888983217914019e-09
6108.85,8.24284225739746e-09
6108.86,8.63470066946014e-09
6108.87,9.07028141220701e-09
6108.88,9.554677058433876e-09
6108.89,1.0094362757978566e-08
6108.9,1.0683827173908726e-08
6108.91,1.1331570097367035e-08
6108.92,1.2015502739614181e-08
6108.93,1.270603201442074e-08
6108.94,1.3361326058742495e-08
6108.95,1.3938184879553303e-08
6108.96,1.4409920570984398e-08
6108.97,1.477686578252635e-08
6108.98,1.508169601728023e-08
6108.99,1.53713241228589e-08
6109.0,1.5694874085047702e-08
6109.01,1.6089257349817522e-08
6109.02,1.6577750379079846e-08
6109.03,1.717359419998869e-08
6109.04,1.788433611500067e-08
6109.05,1.8715519036801152e-08
6109.06,1.9672648904187234e-08
6109.07,2.076239632008077e-08
6109.08,2.1992959707154787e-08
6109.09,2.3374156668678912e-08
6109.1,2.4917187294156974e-08
6109.11,2.6634144223701023e-08
6109.12,2.8537218922748345e-08
6109.13,3.063750256233456e-08
6109.14,3.294324262318075e-08
6109.15,3.5457398973621636e-08
6109.16,3.81743598971205e-08
6109.17,4.107581122796179e-08
6109.18,4.4125866575016976e-08
6109.19,4.726610888367311e-08
6109.2,5.041159243643081e-08
6109.21,5.3449539363136386e-08
6109.22,5.624279522275024e-08
6109.23,5.8640463558840515e-08
6109.24,6.049263823915485e-08
6109.25,6.167356410483374e-08
6109.26,6.210316380072619e-08
6109.27,6.17594609889846e-08
6109.28,6.068672734212224e-08
6109.29,5.905204434328881e-08
6109.3,5.685709011506322e-08
6109.31,5.432266114363444e-08
6109.32,5.1595943351934605e-08
6109.33,4.880668303954348e-08
6109.34,4.6058316415296544e-08
6109.35,4.342660963268304e-08
6109.36,4.09620797978777e-08
6109.37,3.869442473895528e-08
6109.38,3.663747588550357e-08
6109.39,3.4793779486028914e-08
6109.4,3.3158396520168245e-08
6109.41,3.172182848951554e-08
6109.42,3.0472145296264364e-08
6109.43,2.9396459239495047e-08
6109.44,2.8481899086060302e-08
6109.45,2.7716220707473035e-08
6109.46,2.70881640752327e-08
6109.47,2.6587639726179928e-08
6109.48,2.6205805027655765e-08
6109.49,2.593507267476602e-08
6109.5,2.576908052125351e-08
6109.51,2.5702642274000197e-08
6109.52,2.5731691908680805e-08
6109.53,2.5853230126999055e-08
6109.54,2.6065278173860922e-08
6109.55,2.6366842410874967e-08
6109.56,2.6757891875016145e-08
6109.57,2.7239350407540865e-08
6109.58,2.7813104664215893e-08
6109.59,2.8482079184878403e-08
6109.6,2.9250081097406555e-08
6109.61,3.0122162794747564e-08
6109.62,3.110401999356335e-08
6109.63,3.220412058641109e-08
6109.64,3.34308944044524e-08
6109.65,3.479488317058771e-08
6109.66,3.630846594249696e-08
6109.67,3.798612734801902e-08
6109.68,3.984478486823039e-08
6109.69,4.1904187705765725e-08
6109.7,4.4187402980814733e-08
6109.71,4.672140898835866e-08
6109.72,4.953782021916475e-08
6109.73,5.267377493613808e-08
6109.74,5.6173023443929326e-08
6109.75,6.008726370527037e-08
6109.76,6.447778019548994e-08
6109.77,6.941779809567503e-08
6109.78,7.49935375082721e-08
6109.79,8.130923779751122e-08
6109.8,8.84892619827231e-08
6109.81,9.668230912785695e-08
6109.82,1.0606582910345039e-07
6109.83,1.1684996588575367e-07
6109.84,1.2928061450905394e-07
6109.85,1.4364031447976556e-07
6109.86,1.6024631099494224e-07
6109.87,1.7944672167545912e-07
6109.88,2.016174029930798e-07
6109.89,2.2715911215654269e-07
6109.9,2.564698743770425e-07
6109.91,2.8989449325918414e-07
6109.92,3.275265306990962e-07
6109.93,3.689372124995707e-07
6109.94,4.1280865817067497e-07
6109.95,4.566038513825682e-07
6109.96,4.964863834937805e-07
6109.97,5.277680417975481e-07
6109.98,5.460175699060505e-07
6109.99,5.485258090681089e-07
6110.0,5.353770012454746e-07
6110.01,5.094423604374015e-07
6110.02,4.7530776607959286e-07
6110.03,4.378308321519483e-07
6110.04,4.0106888755548306e-07
6110.05,3.678682646776065e-07
6110.06,3.3996139230060834e-07
6110.07,3.1827234385079746e-07
6110.08,3.0325563026487213e-07
6110.09,2.9509463325903115e-07
6110.1,2.9379910015139307e-07
6110.11,2.990592297277605e-07
6110.12,3.099004231687408e-07
6110.13,3.2416258411064406e-07
6110.14,3.3813860075098363e-07
6110.15,3.470182728637837e-07
6110.16,3.465884497101371e-07
6110.17,3.3541146352752844e-07
6110.18,3.1568836420041153e-07
6110.19,2.919464321066179e-07
6110.2,2.6875871065974656e-07
6110.21,2.4915604147045515e-07
6110.22,2.3414098402377026e-07
6110.23,2.2280592733449912e-07
6110.24,2.127822968505716e-07
6110.25,2.0125141758207584e-07
6110.26,1.8644143253621185e-07
6110.27,1.6858417371149551e-07
6110.28,1.494447991121156e-07
6110.29,1.309849230404347e-07
6110.3,1.1446033671189072e-07
6110.31,1.0031032227763542e-07
6110.32,8.845276880717585e-08
6110.33,7.858398013652667e-08
6110.34,7.035603233518929e-08
6110.35,6.345313800896538e-08
6110.36,5.7613744211846216e-08
6110.37,5.262881939417513e-08
6110.38,4.833702414714097e-08
6110.39,4.460987060665852e-08
6110.4,4.134758711405393e-08
6110.41,3.8471613788216674e-08
6110.42,3.591964808126376e-08
6110.43,3.3641881509191914e-08
6110.44,3.159811295936412e-08
6110.45,2.975560346118445e-08
6110.46,2.808729954035376e-08
6110.47,2.657055737951979e-08
6110.48,2.5186079330290095e-08
6110.49,2.3917137400026753e-08
6110.5,2.274915100823744e-08
6110.51,2.1669665379260856e-08
6110.52,2.0668505882393968e-08
6110.53,1.9737795388214313e-08
6110.54,1.8871203407972316e-08
6110.55,1.8063431851009634e-08
6110.56,1.7309581761111255e-08
6110.57,1.660504780705753e-08
6110.58,1.5945531408191426e-08
6110.59,1.5327121379438442e-08
6110.6,1.4746326648020207e-08
6110.61,1.4200056851780546e-08
6110.62,1.368556652791479e-08
6110.63,1.3200396512186804e-08
6110.64,1.2742323026949383e-08
6110.65,1.230932848422524e-08
6110.66,1.1899579894596794e-08
6110.67,1.1511414558943815e-08
6110.68,1.1143325635069252e-08
6110.69,1.0793949210105334e-08
6110.7,1.0462047172999708e-08
6110.71,1.014648417661772e-08
6110.72,9.846190889225685e-09
6110.73,9.560109661775394e-09
6110.74,9.287138468525867e-09
6110.75,9.02612914996379e-09
6110.76,8.776003523098926e-09
6110.77,8.53595164201898e-09
6110.78,8.305479089633033e-09
6110.79,8.084336586148921e-09
6110.8,7.872286333395398e-09
6110.81,7.66858298444605e-09
6110.82,7.473664328787126e-09
6110.83,7.286663022901824e-09
6110.84,7.107137508408477e-09
6110.85,6.934668232402875e-09
6110.86,6.768864648773844e-09
6110.87,6.609365729329255e-09
6110.88,6.455837841459889e-09
6110.89,6.307972542692442e-09
6110.9,6.165483209800742e-09
6110.91,6.028103256241595e-09
6110.92,5.8955839866629195e-09
6110.93,5.767692887046195e-09
6110.94,5.644226437620364e-09
6110.95,5.524951804564852e-09
6110.96,5.4096911694936255e-09
6110.97,5.2982638734521e-09
6110.98,5.190499748343287e-09
6110.99,5.0862383395283235e-09
6111.0,4.98532820580318e-09
6111.01,4.887635380732769e-09
6111.02,4.7930064879799224e-09
6111.03,4.701322571375265e-09
6111.04,4.612462447249076e-09
6111.05,4.526311286894001e-09
6111.06,4.4427602102801785e-09
6111.07,4.361705911616274e-09
6111.08,4.283050313559355e-09
6111.09,4.206700247487203e-09
6111.1,4.132567157310676e-09
6111.11,4.060566824845691e-09
6111.12,3.990619114797825e-09
6111.13,3.92264773780239e-09
6111.14,3.856580029900049e-09
6111.15,3.792346747214175e-09
6111.16,3.7298818745494506e-09
6111.17,3.669135307310164e-09
6111.18,3.610021308236476e-09
6111.19,3.552495319719943e-09
6111.2,3.496502570655155e-09
6111.21,3.4419907363379606e-09
6111.22,3.388909811153806e-09
6111.23,3.337211989438421e-09
6111.24,3.286851553890851e-09
6111.25,3.2377847711034406e-09
6111.26,3.1899697936489857e-09
6111.27,3.1433665683717747e-09
6111.28,3.097936750472401e-09
6111.29,3.0536436230165492e-09
6111.3,3.0104520216129108e-09
6111.31,2.9683282638926176e-09
6111.32,2.9272400836012386e-09
6111.33,2.887156569030069e-09
6111.34,2.848048105649008e-09
6111.35,2.8098863226963853e-09
6111.36,2.7726440436434645e-09
6111.37,2.7362952403776047e-09
6111.38,2.7008149910748054e-09
6111.39,2.6661794416418063e-09
6111.4,2.632365770763643e-09
6111.41,2.5993521585369597e-09
6111.42,2.567117758799465e-09
6111.43,2.535647784627854e-09
6111.44,2.5049130768694906e-09
6111.45,2.4749006664546585e-09
6111.46,2.445593403581307e-09
6111.47,2.416975034639741e-09
6111.48,2.389030201101428e-09
6111.49,2.361744444398709e-09
6111.5,2.335104217641417e-09
6111.51,2.3090969051304034e-09
6111.52,2.283710850974496e-09
6111.53,2.2589353983901016e-09
6111.54,2.2347609416761e-09
6111.55,2.211171557462234e-09
6111.56,2.1881748670670056e-09
6111.57,2.1657574299480325e-09
6111.58,2.1439147225065825e-09
6111.59,2.122643839330946e-09
6111.6,2.101943706682188e-09
6111.61,2.081815350585617e-09
6111.62,2.0622622345215736e-09
6111.63,2.043290686684098e-09
6111.64,2.0249104434854745e-09
6111.65,2.0071353454735808e-09
6111.66,1.989984235028211e-09
6111.67,1.973482124092214e-09
6111.68,1.9576617272553367e-09
6111.69,1.942558755523645e-09
6111.7,1.9282416307683184e-09
6111.71,1.9147746604253856e-09
6111.72,1.902250171085149e-09
6111.73,1.8907888260877676e-09
6111.74,1.880549637712694e-09
6111.75,1.87174674012959e-09
6111.76,1.86466163373521e-09
6111.77,1.859685443628583e-09
6111.78,1.8573566530444821e-09
6111.79,1.85842811827001e-09
6111.8,1.8639578017982823e-09
6111.81,1.8754179194906217e-09
6111.82,1.894765588898278e-09
6111.83,1.92426021071694e-09
6111.84,1.965450837733461e-09
6111.85,2.0164276650176554e-09
6111.86,2.0677522685465308e-09
6111.87,2.102437656400288e-09
6111.88,2.1065330097129345e-09
6111.89,2.08164728873177e-09
6111.9,2.041574720875162e-09
6111.91,2.0765439391713674e-09
6111.92,2.0346083850591926e-09
6111.93,1.9932311912984373e-09
6111.94,1.9518858183489826e-09
6111.95,1.911232258886467e-09
6111.96,1.872710013359256e-09
6111.97,1.837630661048989e-09
6111.98,1.806736104098329e-09
6111.99,2.0132738431052432e-09
6112.0,1.9920089848759597e-09
6112.01,1.9745750412786598e-09
6112.02,1.9610705629470544e-09
6112.03,1.9501846511260246e-09
6112.04,1.9421342537217357e-09
6112.05,1.936738250608058e-09
6112.06,1.9339019303434067e-09
6112.07,1.9336152028839308e-09
6112.08,1.935887926185191e-09
6112.09,1.9410076642704548e-09
6112.1,1.9491607365013597e-09
6112.11,1.9606971620537656e-09
6112.12,1.976077787149894e-09
6112.13,1.9958866899564305e-09
6112.14,2.02083803429773e-09
6112.15,2.051775799675422e-09
6112.16,2.0896402988886546e-09
6112.17,2.135391396799041e-09
6112.18,2.1897851796909382e-09
6112.19,2.2531450325663483e-09
6112.2,2.324909961738305e-09
6112.21,2.403114234470323e-09
6112.22,2.4840309550344756e-09
6112.23,2.5619617927872533e-09
6112.24,2.629360118528649e-09
6112.25,2.677594200865569e-09
6112.26,2.6987801638018734e-09
6112.27,2.6884521599766134e-09
6112.28,2.6495217549655374e-09
6112.29,2.5846944778940468e-09
6112.3,2.735802290447514e-09
6112.31,2.65127308655563e-09
6112.32,2.5703991872107354e-09
6112.33,2.496449775714068e-09
6112.34,2.431627682900561e-09
6112.35,2.376516792383403e-09
6112.36,2.330773169178487e-09
6112.37,2.2934583082283435e-09
6112.38,2.2629707467980797e-09
6112.39,2.246130223750668e-09
6112.4,2.2220492315327143e-09
6112.41,2.199322682191587e-09
6112.42,2.1790592653208183e-09
6112.43,2.162377493924596e-09
6112.44,2.1495580761986236e-09
6112.45,2.1403683456356628e-09
6112.46,2.1344788201790664e-09
6112.47,2.131637354084094e-09
6112.48,2.131670287592944e-09
6112.49,2.134578376072929e-09
6112.5,2.1403768684227915e-09
6112.51,2.1491845400519653e-09
6112.52,2.161191877247287e-09
6112.53,2.176627931481091e-09
6112.54,2.1956984975358754e-09
6112.55,2.2184575823763764e-09
6112.56,2.2445978200342698e-09
6112.57,2.2731860235933836e-09
6112.58,2.302498060423712e-09
6112.59,2.330233605738027e-09
6112.6,2.354285874732698e-09
6112.61,2.373754789876016e-09
6112.62,2.3876259112441604e-09
6112.63,2.401811886463766e-09
6112.64,2.417172055982153e-09
6112.65,2.43620860443495e-09
6112.66,2.4608330633190283e-09
6112.67,2.4927443205351524e-09
6112.68,2.5330996725402587e-09
6112.69,2.58310808677699e-09
6112.7,2.643978169108945e-09
6112.71,2.7171018249363578e-09
6112.72,2.8040492258182903e-09
6112.73,2.9064784950020494e-09
6112.74,3.025932368574979e-09
6112.75,3.1633673391684396e-09
6112.76,3.3184192448699218e-09
6112.77,3.4882923395168627e-09
6112.78,3.665819879901541e-09
6112.79,3.838925105950628e-09
6112.8,3.9901746316026585e-09
6112.81,4.099585678858442e-09
6112.82,4.15022474434047e-09
6112.83,4.134572824557584e-09
6112.84,4.057782461016071e-09
6112.85,3.935483798103346e-09
6112.86,3.752019985640537e-09
6112.87,3.5974276253484926e-09
6112.88,3.4490962357791474e-09
6112.89,3.3148949926329345e-09
6112.9,3.1982984294270846e-09
6112.91,3.099980850348386e-09
6112.92,3.019043145444469e-09
6112.93,2.953874103355765e-09
6112.94,2.9026785399953143e-09
6112.95,2.8637047900627776e-09
6112.96,2.8383922018405038e-09
6112.97,2.8193215711478937e-09
6112.98,2.808244868852288e-09
6112.99,2.8074171911288152e-09
6113.0,2.809131870920429e-09
6113.01,2.8158464675569656e-09
6113.02,2.826813734311749e-09
6113.03,2.841488812017402e-09
6113.04,2.8595793334662026e-09
6113.05,2.8810522507933104e-09
6113.06,2.906086165935578e-09
6113.07,2.934990295845586e-09
6113.08,2.9681261876435154e-09
6113.09,2.9105468452260494e-09
6113.1,2.9538723007562414e-09
6113.11,3.0024846682129856e-09
6113.12,3.0567420790791566e-09
6113.13,3.1170440173171583e-09
6113.14,3.1817461458814757e-09
6113.15,3.2555966163582055e-09
6113.16,3.33711003605714e-09
6113.17,3.4270263782126396e-09
6113.18,3.5262152002535403e-09
6113.19,3.6356956819098355e-09
6113.2,3.7566596100955764e-09
6113.21,3.890498026922966e-09
6113.22,4.0388320885103935e-09
6113.23,4.203548458121212e-09
6113.24,4.386839197772275e-09
6113.25,4.590539340247139e-09
6113.26,4.819001864288598e-09
6113.27,5.074892294969361e-09
6113.28,5.362064248622826e-09
6113.29,5.6848696163324156e-09
6113.3,6.0481470621273904e-09
6113.31,6.457155550135333e-09
6113.32,6.917421147202878e-09
6113.33,7.4344377182173125e-09
6113.34,8.013269430723543e-09
6113.35,8.657765777826681e-09
6113.36,9.36956868287604e-09
6113.37,1.014668834114732e-08
6113.38,1.098157447545208e-08
6113.39,1.1858244411304356e-08
6113.4,1.2751307671425865e-08
6113.41,1.3621330593645929e-08
6113.42,1.4416081470582277e-08
6113.43,1.5073789639623075e-08
6113.44,1.5531857429370167e-08
6113.45,1.573968374531317e-08
6113.46,1.567164180369232e-08
6113.47,1.5334581035720385e-08
6113.48,1.4766535544863902e-08
6113.49,1.402659618690607e-08
6113.5,1.3181264541359504e-08
6113.51,1.2292168638385446e-08
6113.52,1.1408522548825533e-08
6113.53,1.0564877765588292e-08
6113.54,9.780951885781908e-09
6113.55,9.066781498883297e-09
6113.56,8.424629907903754e-09
6113.57,7.852447831952588e-09
6113.58,7.345917461872625e-09
6113.59,6.9004322931323506e-09
6113.6,6.508273889034859e-09
6113.61,6.164236403723968e-09
6113.62,5.862543906669293e-09
6113.63,5.597911226253292e-09
6113.64,5.365629397116291e-09
6113.65,5.161571248874096e-09
6113.66,4.982078704976506e-09
6113.67,4.824212047883178e-09
6113.68,4.685234616135019e-09
6113.69,4.562858966831427e-09
6113.7,4.45511934790081e-09
6113.71,4.360325230020135e-09
6113.72,4.27702123418815e-09
6113.73,4.20395276981415e-09
6113.74,4.1400367861738005e-09
6113.75,4.084336993761843e-09
6113.76,4.036051611345219e-09
6113.77,3.994461070540282e-09
6113.78,3.958965077731801e-09
6113.79,3.928910614587013e-09
6113.8,3.9040912153036295e-09
6113.81,3.674828770687841e-09
6113.82,3.6601819918973534e-09
6113.83,3.649604195073802e-09
6113.84,3.6428452118609004e-09
6113.85,3.639694110081725e-09
6113.86,3.6399760233036536e-09
6113.87,3.6435497586565053e-09
6113.88,3.6503061320750722e-09
6113.89,3.6601670019651876e-09
6113.9,3.67308499225192e-09
6113.91,3.689043913651452e-09
6113.92,3.7080599067909023e-09
6113.93,3.730183340321985e-09
6113.94,3.755501496854508e-09
6113.95,3.784142061457446e-09
6113.96,3.816277377268574e-09
6113.97,3.8521293264178395e-09
6113.98,3.8919744912948765e-09
6113.99,3.936148885958522e-09
6114.0,3.985050917401355e-09
6114.01,4.039140190453013e-09
6114.02,4.102774637610668e-09
6114.03,4.168807422901399e-09
6114.04,4.241604577126115e-09
6114.05,4.321566137711046e-09
6114.06,4.40888991214833e-09
6114.07,4.50315394388809e-09
6114.08,4.603400069239033e-09
6114.09,4.7075037900133654e-09
6114.1,4.812087381009987e-09
6114.11,4.912542080846042e-09
6114.12,5.003542666010877e-09
6114.13,5.08009702319825e-09
6114.14,5.138885102243159e-09
6114.15,5.179334528710772e-09
6114.16,5.2038767790452125e-09
6114.17,5.217231442916545e-09
6114.18,5.225110432552087e-09
6114.19,5.232910771230467e-09
6114.2,5.2448671023846804e-09
6114.21,5.2637316852135896e-09
6114.22,5.29088494141351e-09
6114.23,5.326597771656694e-09
6114.24,5.370587137124258e-09
6114.25,5.4224101057231706e-09
6114.26,5.481773749090825e-09
6114.27,5.548727506851726e-09
6114.28,5.623450470748915e-09
6114.29,5.7060309770629085e-09
6114.3,5.796287086559725e-09
6114.31,5.893891444773618e-09
6114.32,5.998936070286342e-09
6114.33,6.112685063789462e-09
6114.34,6.238770569412766e-09
6114.35,6.384050194416797e-09
6114.36,6.559591117420852e-09
6114.37,6.782055637121937e-09
6114.38,7.076258122809679e-09
6114.39,7.479805601617418e-09
6114.4,8.04959064286806e-09
6114.41,8.864375806834067e-09
6114.42,9.996318668751318e-09
6114.43,1.1389592974605839e-08
6114.44,1.265121077023103e-08
6114.45,1.3118393082295756e-08
6114.46,1.2515848716381596e-08
6114.47,1.1311890497086846e-08
6114.48,1.0134381555123684e-08
6114.49,9.258875012761392e-09
6114.5,8.68249926106175e-09
6114.51,8.324722613740725e-09
6114.52,8.11408225084363e-09
6114.53,8.002193625992902e-09
6114.54,7.958540439055276e-09
6114.55,7.964100066662416e-09
6114.56,8.006972783892866e-09
6114.57,8.079743076885691e-09
6114.58,8.177943278340936e-09
6114.59,8.299163179065843e-09
6114.6,8.442582659043283e-09
6114.61,8.608603879665334e-09
6114.62,8.801792268839574e-09
6114.63,9.018039192817845e-09
6114.64,9.26243354053902e-09
6114.65,9.53502551238382e-09
6114.66,9.830825183272495e-09
6114.67,1.0138878372447692e-08
6114.68,1.0428503776600413e-08
6114.69,1.0673695263493152e-08
6114.7,1.0855518400596225e-08
6114.71,1.0977567355936668e-08
6114.72,1.1063615148377892e-08
6114.73,1.1143036696700924e-08
6114.74,1.1238006863389658e-08
6114.75,1.135994399226567e-08
6114.76,1.1512228187334289e-08
6114.77,1.1694080138285781e-08
6114.78,1.19032598595407e-08
6114.79,1.2137418522327637e-08
6114.8,1.2394635911673447e-08
6114.81,1.2673538867860888e-08
6114.82,1.2973321562754623e-08
6114.83,1.3293614043588675e-08
6114.84,1.3634392142422681e-08
6114.85,1.3996004232400706e-08
6114.86,1.4379057157983966e-08
6114.87,1.478440203635253e-08
6114.88,1.5213115221394357e-08
6114.89,1.5666489289236274e-08
6114.9,1.614603241567795e-08
6114.91,1.6653475117098503e-08
6114.92,1.7190783903066227e-08
6114.93,1.776018195965903e-08
6114.94,1.8364177598501346e-08
6114.95,1.900560196661831e-08
6114.96,1.9687658555014164e-08
6114.97,2.041398860995734e-08
6114.98,2.1188769786818514e-08
6114.99,2.2016799675148072e-08
6115.0,2.2903719159537588e-08
6115.01,2.3856233894864474e-08
6115.02,2.4882505877213134e-08
6115.03,2.5992755023946096e-08
6115.04,2.720021629121463e-08
6115.05,2.8522634679912797e-08
6115.06,2.998433871751094e-08
6115.07,3.1617809812785983e-08
6115.08,3.34590030289549e-08
6115.09,3.5519976334095366e-08
6115.1,3.772639231629812e-08
6115.11,3.9870979866365975e-08
6115.12,4.1857046534625184e-08
6115.13,4.375786553725892e-08
6115.14,4.5805929525964156e-08
6115.15,4.8159742721707745e-08
6115.16,5.086997368552313e-08
6115.17,5.3944118163417644e-08
6115.18,5.738825914988042e-08
6115.19,6.121785903813373e-08
6115.2,6.545719305374629e-08
6115.21,7.013660698915904e-08
6115.22,7.528966837636701e-08
6115.23,8.095016483621558e-08
6115.24,8.714848200567116e-08
6115.25,9.390686057424603e-08
6115.26,1.012330330532241e-07
6115.27,1.0911227516533338e-07
6115.28,1.1749669305865524e-07
6115.29,1.2629369079905718e-07
6115.3,1.353536262984817e-07
6115.31,1.4445954252127643e-07
6115.32,1.5332258915463878e-07
6115.33,1.6158777000021373e-07
6115.34,1.6885548476677363e-07
6115.35,1.7471557373609823e-07
6115.36,1.7879900269718304e-07
6115.37,1.808333809934149e-07
6115.38,1.8068844693878892e-07
6115.39,1.7839958212440834e-07
6115.4,1.7416146699154721e-07
6115.41,1.682939283742624e-07
6115.42,1.6119148295472986e-07
6115.43,1.5326597748397733e-07
6115.44,1.4490354193917294e-07
6115.45,1.364348012692189e-07
6115.46,1.2812029171527923e-07
6115.47,1.201497365295636e-07
6115.48,1.1264942661698683e-07
6115.49,1.0569359359161784e-07
6115.5,9.931648845266475e-08
6115.51,9.352319296497566e-08
6115.52,8.829824389284697e-08
6115.53,8.361205808494997e-08
6115.54,7.942604711731082e-08
6115.55,7.569781301679893e-08
6115.56,7.238683487097974e-08
6115.57,6.945878443714924e-08
6115.58,6.68861525228827e-08
6115.59,6.46457727732864e-08
6115.6,6.271620280853384e-08
6115.61,6.10767972487105e-08
6115.62,5.97081232161512e-08
6115.63,5.8592709395415207e-08
6115.64,5.7715584483369236e-08
6115.65,5.706448922680968e-08
6115.66,5.6630159941210814e-08
6115.67,5.640606073850956e-08
6115.68,5.638862588094462e-08
6115.69,5.657727886780994e-08
6115.7,5.697460317221335e-08
6115.71,5.758658086515689e-08
6115.72,5.842291810492773e-08
6115.73,5.9497434408226324e-08
6115.74,6.082845594307636e-08
6115.75,6.24390734986388e-08
6115.76,6.435697450395045e-08
6115.77,6.661311144415705e-08
6115.78,6.923893729074137e-08
6115.79,7.225945775023739e-08
6115.8,7.568116306663037e-08
6115.81,7.94819226736337e-08
6115.82,8.355226280360314e-08
6115.83,8.773050862285784e-08
6115.84,9.177637191879384e-08
6115.85,9.543472618632157e-08
6115.86,9.85305488321525e-08
6115.87,1.0105487736876725e-07
6115.88,1.031812804433558e-07
6115.89,1.0520043477909522e-07
6115.9,1.074218975808259e-07
6115.91,1.1010297620906806e-07
6115.92,1.1342599299469731e-07
6115.93,1.1751054675103965e-07
6115.94,1.224381780180404e-07
6115.95,1.2827526181849206e-07
6115.96,1.3508906387939243e-07
6115.97,1.4295711172731753e-07
6115.98,1.519824008806343e-07
6115.99,1.6228213196029157e-07
6116.0,1.740009025781131e-07
6116.01,1.873098956212715e-07
6116.02,2.024088753330313e-07
6116.03,2.1953004977405505e-07
6116.04,2.389461602715898e-07
6116.05,2.609846854257361e-07
6116.06,2.8604664495590574e-07
6116.07,3.146229342325146e-07
6116.08,3.4729772818919467e-07
6116.09,3.8473082357100656e-07
6116.1,4.276108269091924e-07
6116.11,4.7660494022152383e-07
6116.12,5.322373271607139e-07
6116.13,5.947571661945096e-07
6116.14,6.639920408854215e-07
6116.15,7.391213935608095e-07
6116.16,8.185171063359391e-07
6116.17,8.996123342493354e-07
6116.18,9.788668753620266e-07
6116.19,1.051882427749506e-06
6116.2,1.113888245953264e-06
6116.21,1.1604344114898177e-06
6116.22,1.1883614654118922e-06
6116.23,1.1963591649110176e-06
6116.24,1.1848171897613885e-06
6116.25,1.1551652761997151e-06
6116.26,1.1093310421865587e-06
6116.27,1.0496721816884276e-06
6116.28,9.792371681449115e-07
6116.29,9.017738181704956e-07
6116.3,8.213552621588112e-07
6116.31,7.417236278571832e-07
6116.32,6.658485558872644e-07
6116.33,5.956619138304749e-07
6116.34,5.321416565764742e-07
6116.35,4.755407533117767e-07
6116.36,4.255955518810531e-07
6116.37,3.818097923709331e-07
6116.38,3.4355093535600634e-07
6116.39,3.1015912896837887e-07
6116.4,2.8099389581303037e-07
6116.41,2.5545152104171006e-07
6116.42,2.3297942622136517e-07
6116.43,2.1310711898190125e-07
6116.44,1.9552493877103772e-07
6116.45,1.7984806084586414e-07
6116.46,1.6589632952602326e-07
6116.47,1.534576447679144e-07
6116.48,1.4233686072202008e-07
6116.49,1.3236254132840135e-07
6116.5,1.2338703013006278e-07
6116.51,1.1528433412136371e-07
6116.52,1.0794707825588174e-07
6116.53,1.012835421259089e-07
6116.54,9.521509642166467e-08
6116.55,8.967406491168123e-08
6116.56,8.460199983410876e-08
6116.57,7.994819682258561e-08
6116.58,7.56685413831763e-08
6116.59,7.172451729625745e-08
6116.6,6.808238990319915e-08
6116.61,6.471252415386578e-08
6116.62,6.158881294735578e-08
6116.63,5.8688196242530936e-08
6116.64,5.599025526413394e-08
6116.65,5.347686918005513e-08
6116.66,5.113097501786451e-08
6116.67,4.894012868363055e-08
6116.68,4.6890564260173945e-08
6116.69,4.497084835962647e-08
6116.7,4.317076677244861e-08
6116.71,4.1481196275391966e-08
6116.72,3.9893985594485275e-08
6116.73,3.840186244307151e-08
6116.74,3.699832380687618e-08
6116.75,3.567753601196337e-08
6116.76,3.443545641904338e-08
6116.77,3.3264427213170836e-08
6116.78,3.216050662683713e-08
6116.79,3.1117673428910716e-08
6116.8,3.0128365794206895e-08
6116.81,2.9183279841234385e-08
6116.82,2.8272851671631145e-08
6116.83,2.73904855854198e-08
6116.84,2.6534953624327052e-08
6116.85,2.570930235654392e-08
6116.86,2.491747189170855e-08
6116.87,2.416184122243588e-08
6116.88,2.3442771817544968e-08
6116.89,2.2759182831906263e-08
6116.9,2.2109205737091593e-08
6116.91,2.149063224477583e-08
6116.92,2.0901198109151058e-08
6116.93,2.033884824721464e-08
6116.94,1.9801921495444346e-08
6116.95,1.9289264410572834e-08
6116.96,1.8800149470890355e-08
6116.97,1.833407771146278e-08
6116.98,1.7890516358264654e-08
6116.99,1.7468659666497178e-08
6117.0,1.7067224067990532e-08
6117.01,1.6684411130653943e-08
6117.02,1.6318158508082862e-08
6117.03,1.596655474861697e-08
6117.04,1.5627857881124343e-08
6117.05,1.529968090342538e-08
6117.06,1.4977988218032868e-08
6117.07,1.4657469689337214e-08
6117.08,1.4333973816648788e-08
6117.09,1.4007269938102258e-08
6117.1,1.3681377479841994e-08
6117.11,1.3362061130366603e-08
6117.12,1.3053949967958852e-08
6117.13,1.2759356810615692e-08
6117.14,1.2478669187866744e-08
6117.15,1.2211208973159618e-08
6117.16,1.1955905713031262e-08
6117.17,1.1711653269689017e-08
6117.18,1.1477452690077695e-08
6117.19,1.1252448769174398e-08
6117.2,1.1035926892700063e-08
6117.21,1.0827280613549531e-08
6117.22,1.062599893475928e-08
6117.23,1.043164465583437e-08
6117.24,1.024383926997335e-08
6117.25,1.0062239280377601e-08
6117.26,9.886575894485554e-09
6117.27,9.716575724051743e-09
6117.28,9.552004417599576e-09
6117.29,9.420960305624167e-09
6117.3,9.266738075840899e-09
6117.31,9.117370911167424e-09
6117.32,8.972702600424911e-09
6117.33,8.832591161938718e-09
6117.34,8.696887008046825e-09
6117.35,8.565504425293578e-09
6117.36,8.438485991363239e-09
6117.37,8.314839911999304e-09
6117.38,8.195563584540503e-09
6117.39,8.079959314375768e-09
6117.4,7.967764018592366e-09
6117.41,7.858670765977453e-09
6117.42,7.752373154233439e-09
6117.43,7.648634936853615e-09
6117.44,7.547350281076843e-09
6117.45,7.44855491553958e-09
6117.46,7.352380002888789e-09
6117.47,7.258980465897623e-09
6117.48,7.168478407781419e-09
6117.49,7.0809398181602785e-09
6117.5,6.996378202171291e-09
6117.51,6.914770178075134e-09
6117.52,6.836071970902332e-09
6117.53,6.7602312804301515e-09
6117.54,6.68719625210722e-09
6117.55,6.616779067588401e-09
6117.56,6.549218617150017e-09
6117.57,6.484340321775269e-09
6117.58,6.422117752305802e-09
6117.59,6.362532153990564e-09
6117.6,6.305572371589804e-09
6117.61,6.251234794915346e-09
6117.62,6.199548131763797e-09
6117.63,6.150474714213921e-09
6117.64,6.104058586032915e-09
6117.65,6.060327468121387e-09
6117.66,6.019317738162879e-09
6117.67,5.981074997816472e-09
6117.68,5.945654770011327e-09
6117.69,5.9131233324761e-09
6117.7,5.883558688934553e-09
6117.71,5.857051667198888e-09
6117.72,5.833707106543096e-09
6117.73,5.813645044465589e-09
6117.74,5.797001718367312e-09
6117.75,5.7839298635008506e-09
6117.76,5.774598606758603e-09
6117.77,5.769190488531946e-09
6117.78,5.767896766181267e-09
6117.79,5.770910053251892e-09
6117.8,5.7784174054940075e-09
6117.81,5.7906007371353096e-09
6117.82,5.8076600398422814e-09
6117.83,5.829831169195233e-09
6117.84,5.8574712943915645e-09
6117.85,5.891074896917361e-09
6117.86,5.931282434931449e-09
6117.87,5.978853066576838e-09
6117.88,6.034633085011662e-09
6117.89,6.0995432367186e-09
6117.9,6.1745905598030804e-09
6117.91,6.408896079853729e-09
6117.92,6.5092918738684655e-09
6117.93,6.623724384522397e-09
6117.94,6.754011275077915e-09
6117.95,6.901983954915268e-09
6117.96,7.070126986452308e-09
6117.97,7.2612871734693525e-09
6117.98,7.478807933971736e-09
6117.99,7.726724899536746e-09
6118.0,8.00984527054027e-09
6118.01,8.333913795559752e-09
6118.02,8.705909739986882e-09
6118.03,9.133704044351839e-09
6118.04,9.62700070249651e-09
6118.05,1.019697443994596e-08
6118.06,1.0856500431677267e-08
6118.07,1.161998361470532e-08
6118.08,1.2502895760851637e-08
6118.09,1.3519715686479741e-08
6118.1,1.4680394766193166e-08
6118.11,1.5984673735128072e-08
6118.12,1.7415972717557727e-08
6118.13,1.8938477989070027e-08
6118.14,2.0503894409832602e-08
6118.15,2.207306379738614e-08
6118.16,2.3649150754524426e-08
6118.17,2.530882141680397e-08
6118.18,2.7209621917753636e-08
6118.19,2.9588156892361128e-08
6118.2,3.2743296155613584e-08
6118.21,3.706697331450805e-08
6118.22,4.305071981073069e-08
6118.23,5.1360448657811764e-08
6118.24,6.286399532373182e-08
6118.25,7.851312370837167e-08
6118.26,9.875208478414681e-08
6118.27,1.2202926082750093e-07
6118.28,1.4298094104240522e-07
6118.29,1.5344887243118434e-07
6118.3,1.4850884024640228e-07
6118.31,1.3119804073387545e-07
6118.32,1.0906667236995265e-07
6118.33,8.802071371022158e-08
6118.34,7.050693154894236e-08
6118.35,5.679077091663816e-08
6118.36,4.631395459404873e-08
6118.37,3.838847995116345e-08
6118.38,3.2332211764511185e-08
6118.39,2.767927668356021e-08
6118.4,2.406536622442378e-08
6118.41,2.122672081916438e-08
6118.42,1.8972631457119143e-08
6118.43,1.7167597891931314e-08
6118.44,1.5711093201185225e-08
6118.45,1.452958619066987e-08
6118.46,1.3568372288606972e-08
6118.47,1.2787569477611722e-08
6118.48,1.2156203903287161e-08
6118.49,1.1651223283268986e-08
6118.5,1.125490495296635e-08
6118.51,1.0953744773292364e-08
6118.52,1.0738495556146822e-08
6118.53,1.0601437229553337e-08
6118.54,1.0537187565970806e-08
6118.55,1.054186251725697e-08
6118.56,1.0612621043992716e-08
6118.57,1.0747196830401637e-08
6118.58,1.0943235870722344e-08
6118.59,1.119821606204997e-08
6118.6,1.1507886549386052e-08
6118.61,1.1865957519250999e-08
6118.62,1.2263068282685502e-08
6118.63,1.268601196750631e-08
6118.64,1.3236644746789914e-08
6118.65,1.3655538849158083e-08
6118.66,1.4037793216318761e-08
6118.67,1.4359820460234644e-08
6118.68,1.4601766810457825e-08
6118.69,1.4751228664581375e-08
6118.7,1.4806046691267099e-08
6118.71,1.4775230315468983e-08
6118.72,1.4677668712029932e-08
6118.73,1.453906416074337e-08
6118.74,1.4388160202984692e-08
6118.75,1.4252661639463143e-08
6118.76,1.4156862448894821e-08
6118.77,1.411944193066207e-08
6118.78,1.415218322982183e-08
6118.79,1.425889409056962e-08
6118.8,1.4433961633153647e-08
6118.81,1.4662279240185457e-08
6118.82,1.4916789549515976e-08
6118.83,1.5159966439631895e-08
6118.84,1.534653400006459e-08
6118.85,1.5429621471864973e-08
6118.86,1.5369507654363362e-08
6118.87,1.5142551906472503e-08
6118.88,1.4746889150303317e-08
6118.89,1.4202365098158154e-08
6118.9,1.3544778164710778e-08
6118.91,1.2817048587022941e-08
6118.92,1.206075963022801e-08
6118.93,1.131044500133968e-08
6118.94,1.0591434314639939e-08
6118.95,9.919058734924692e-09
6118.96,9.301871846530724e-09
6118.97,8.74255992551025e-09
6118.98,8.24013165692746e-09
6118.99,7.791417261993831e-09
6119.0,7.392136415842401e-09
6119.01,7.037600922394678e-09
6119.02,6.734176320837817e-09
6119.03,6.455433781440772e-09
6119.04,6.208341516462252e-09
6119.05,5.9892970112802664e-09
6119.06,5.795116749809356e-09
6119.07,5.623008769528723e-09
6119.08,5.470535946994691e-09
6119.09,5.335572251356727e-09
6119.1,5.216265301276526e-09
6119.11,5.111003454150091e-09
6119.12,5.018391473366486e-09
6119.13,4.937233782873598e-09
6119.14,4.866509128975634e-09
6119.15,4.805407863323559e-09
6119.16,4.75323720212084e-09
6119.17,4.753965837775678e-09
6119.18,4.718398488345852e-09
6119.19,4.690414884278266e-09
6119.2,4.6697222085362e-09
6119.21,4.65608296945051e-09
6119.22,4.649307581492355e-09
6119.23,4.649253991985498e-09
6119.24,4.655764776945325e-09
6119.25,4.668909236376813e-09
6119.26,4.688620100540151e-09
6119.27,4.7149367339288585e-09
6119.28,4.747944916356968e-09
6119.29,4.7877777906807e-09
6119.3,4.834617256513533e-09
6119.31,4.888690945060704e-09
6119.32,4.9502947218988855e-09
6119.33,5.0197661267682515e-09
6119.34,5.08832083844052e-09
6119.35,5.174856022101694e-09
6119.36,5.270672521243528e-09
6119.37,5.3763914335073465e-09
6119.38,5.492722339165569e-09
6119.39,5.620473806320218e-09
6119.4,5.76056580543002e-09
6119.41,5.914044360515783e-09
6119.42,6.082322781711207e-09
6119.43,6.2663071903731264e-09
6119.44,6.467761551934235e-09
6119.45,6.688443127026869e-09
6119.46,6.930359260186633e-09
6119.47,7.195807421896475e-09
6119.48,7.487422781701379e-09
6119.49,7.808234805019415e-09
6119.5,8.161734653543603e-09
6119.51,8.551955494105493e-09
6119.52,8.983568169071963e-09
6119.53,9.461995030755023e-09
6119.54,9.993545041888996e-09
6119.55,1.0585573405951695e-08
6119.56,1.1246668874265356e-08
6119.57,1.19868712549226e-08
6119.58,1.281792022357172e-08
6119.59,1.3753533965498175e-08
6119.6,1.4809710056245676e-08
6119.61,1.600514104399277e-08
6119.62,1.736116336846784e-08
6119.63,1.8902632127038692e-08
6119.64,2.065792164997956e-08
6119.65,2.2659572790388262e-08
6119.66,2.4945395098354574e-08
6119.67,2.7560572239727262e-08
6119.68,3.056303877377083e-08
6119.69,3.403005137070096e-08
6119.7,3.8071619318635464e-08
6119.71,4.285206103436402e-08
6119.72,4.860648677905448e-08
6119.73,5.5692560530825383e-08
6119.74,6.463321878524673e-08
6119.75,7.61892146316046e-08
6119.76,9.145252420569562e-08
6119.77,1.119499099501224e-07
6119.78,1.3967999071883648e-07
6119.79,1.7680884233864347e-07
6119.8,2.2434258673743482e-07
6119.81,2.7888351588658765e-07
6119.82,3.2851778753117664e-07
6119.83,3.5433093595997836e-07
6119.84,3.4334592565809553e-07
6119.85,3.01080628189138e-07
6119.86,2.4592957489177357e-07
6119.87,1.937447558032288e-07
6119.88,1.5128519937860867e-07
6119.89,1.1897552549663654e-07
6119.9,9.491889397347256e-08
6119.91,7.699350114212053e-08
6119.92,6.348864719293434e-08
6119.93,5.3160212683922184e-08
6119.94,4.5133562294169015e-08
6119.95,3.879732438278698e-08
6119.96,3.3718869822058055e-08
6119.97,2.959732332947143e-08
6119.98,2.6208058421149136e-08
6119.99,2.3389168646755083e-08
6120.0,2.1020518758836696e-08
6120.01,1.90117856551537e-08
6120.02,1.7294144572846422e-08
6120.03,1.5814437338929903e-08
6120.04,1.453106483002211e-08
6120.05,1.3411079729300265e-08
6120.06,1.2428070232700297e-08
6120.07,1.1560801378446277e-08
6120.08,1.0791875072457708e-08
6120.09,1.0107041366333439e-08
6120.1,9.494523110612711e-09
6120.11,8.944524002810327e-09
6120.12,8.448845858294141e-09
6120.13,8.000588450532915e-09
6120.14,7.364792803247947e-09
6120.15,6.995893390449765e-09
6120.16,6.606158906307298e-09
6120.17,6.2988974869406556e-09
6120.18,6.01719668202551e-09
6120.19,5.758333550456865e-09
6120.2,5.519940733929232e-09
6120.21,5.299952406975783e-09
6120.22,5.096559560496975e-09
6120.23,4.908172831211329e-09
6120.24,4.733391463015955e-09
6120.25,4.570977276637912e-09
6120.26,4.419832749128208e-09
6120.27,4.2789824821761405e-09
6120.28,4.147557477075722e-09
6120.29,4.0247817443775115e-09
6120.3,3.909960864102703e-09
6120.31,3.802472182008026e-09
6120.32,3.70175638406135e-09
6120.33,3.607310236357902e-09
6120.34,3.5186803147830553e-09
6120.35,3.4354575783773814e-09
6120.36,3.3572726652316425e-09
6120.37,3.283791809689246e-09
6120.38,3.214713296550039e-09
6120.39,3.149750497692416e-09
6120.4,3.088684815767693e-09
6120.41,3.0312798268193724e-09
6120.42,2.9773350614759697e-09
6120.43,2.9266703291136286e-09
6120.44,2.879124263773289e-09
6120.45,2.8345531057256607e-09
6120.46,2.7928297023459682e-09
6120.47,2.676518610360418e-09
6120.48,2.6405308109822963e-09
6120.49,2.607099543949963e-09
6120.5,2.5761581913294955e-09
6120.51,2.5476547897600114e-09
6120.52,2.5215522662432044e-09
6120.53,2.497828913437665e-09
6120.54,2.4764791306939633e-09
6120.55,2.4575144655957947e-09
6120.56,2.21035705284109e-09
6120.57,2.197342545278811e-09
6120.58,2.1868592202480875e-09
6120.59,2.1790055567283294e-09
6120.6,2.1739089516572126e-09
6120.61,2.1717300366958664e-09
6120.62,2.172667977773467e-09
6120.63,2.1769669634610816e-09
6120.64,2.1849241299915275e-09
6120.65,2.1968992156476577e-09
6120.66,2.213326280560831e-09
6120.67,2.23539875942095e-09
6120.68,2.2624059785116164e-09
6120.69,2.2957691478912014e-09
6120.7,2.9769465189806984e-09
6120.71,3.0284013274194934e-09
6120.72,3.0894854878247518e-09
6120.73,3.1617073872130726e-09
6120.74,3.2468228526340415e-09
6120.75,3.3467519483744094e-09
6120.76,3.4638715386864854e-09
6120.77,3.6004036008159095e-09
6120.78,3.7585084529167815e-09
6120.79,3.939690121540558e-09
6120.8,4.144285523542366e-09
6120.81,4.370077261562182e-09
6120.82,4.611024731925672e-09
6120.83,4.855763953392455e-09
6120.84,5.0868271169824884e-09
6120.85,5.27308760509443e-09
6120.86,5.407688475437383e-09
6120.87,5.4625853809165214e-09
6120.88,5.42909783286226e-09
6120.89,5.312367983686126e-09
6120.9,5.12951183713232e-09
6120.91,4.903968972894772e-09
6120.92,4.65915060522164e-09
6120.93,4.41404324475352e-09
6120.94,4.181570852204053e-09
6120.95,3.969022676523952e-09
6120.96,3.779559548308625e-09
6120.97,3.613143441791354e-09
6120.98,3.4686129925042156e-09
6120.99,3.3438886362073598e-09
6121.0,3.2366521509226036e-09
6121.01,3.1446313867073723e-09
6121.02,3.0657402764122565e-09
6121.03,2.9981335721679323e-09
6121.04,2.9402149268332622e-09
6121.05,2.8906216943363794e-09
6121.06,2.8481998249810895e-09
6121.07,2.811976096759058e-09
6121.08,2.781131332169811e-09
6121.09,2.7549762311693553e-09
6121.1,2.7329303636351605e-09
6121.11,2.7145043124020986e-09
6121.12,2.699276150671167e-09
6121.13,2.6869132558247676e-09
6121.14,2.6776355460460714e-09
6121.15,2.6701437439108435e-09
6121.16,2.664746828237594e-09
6121.17,2.6612632502481883e-09
6121.18,2.6595389764308895e-09
6121.19,2.65944369535e-09
6121.2,2.66086775661477e-09
6121.21,2.6637197334321484e-09
6121.22,2.6679245245436137e-09
6121.23,2.67342193037927e-09
6121.24,2.6801656504593252e-09
6121.25,2.6881226505867197e-09
6121.26,2.6972728309816278e-09
6121.27,2.707608873775042e-09
6121.28,2.7191360298997425e-09
6121.29,2.7318713693907394e-09
6121.3,2.74584131076661e-09
6121.31,2.9260353621795303e-09
6121.32,2.9434316549708155e-09
6121.33,2.962041854222816e-09
6121.34,2.981888121638686e-09
6121.35,3.0028182495039584e-09
6121.36,3.0245591915975133e-09
6121.37,3.0467348683402723e-09
6121.38,3.068959783281335e-09
6121.39,3.090993134155813e-09
6121.4,3.11286922843948e-09
6121.41,3.1349096957764673e-09
6121.42,3.157609324425689e-09
6121.43,3.181482890287429e-09
6121.44,3.2069645591982613e-09
6121.45,3.234385426991299e-09
6121.46,3.2640018098723126e-09
6121.47,3.296038696217825e-09
6121.48,3.2635107930313027e-09
6121.49,3.301330417035193e-09
6121.5,3.3423790291204243e-09
6121.51,3.3870021764607628e-09
6121.52,3.4355622476688383e-09
6121.53,3.488383510691217e-09
6121.54,3.5456199112043115e-09
6121.55,3.6070636922966813e-09
6121.56,3.671869540851858e-09
6121.57,3.7382725148747465e-09
6121.58,3.803484764072664e-09
6121.59,3.864042745394313e-09
6121.6,3.916748576507757e-09
6121.61,3.9599121857267e-09
6121.62,3.99416918085629e-09
6121.63,4.022289926718885e-09
6121.64,4.0481269394984665e-09
6121.65,4.075422124601383e-09
6121.66,4.1070764525856015e-09
6121.67,4.145010052414563e-09
6121.68,4.190194897968964e-09
6121.69,4.24302595194758e-09
6121.7,4.3032609545010696e-09
6121.71,4.369931901863925e-09
6121.72,4.441433195660086e-09
6121.73,4.514235162150165e-09
6121.74,4.582051470910421e-09
6121.75,4.647849518309457e-09
6121.76,4.707213006365663e-09
6121.77,4.761165633889425e-09
6121.78,4.812583041010417e-09
6121.79,4.722249457384202e-09
6121.8,4.779860061171562e-09
6121.81,4.84320978299017e-09
6121.82,4.913323880261101e-09
6121.83,4.990622838768379e-09
6121.84,5.0752107754496e-09
6121.85,5.167074365763555e-09
6121.86,5.2662005936559185e-09
6121.87,5.372631523922767e-09
6121.88,5.4864899831433364e-09
6121.89,5.607988980405092e-09
6121.9,5.737433812269645e-09
6121.91,5.875222358479863e-09
6121.92,6.021845972589838e-09
6121.93,6.177892085421537e-09
6121.94,6.344049031954667e-09
6121.95,6.521113359680136e-09
6121.96,6.709999797519351e-09
6121.97,6.911754064229242e-09
6121.98,7.127568717034001e-09
6121.99,7.358802250055683e-09
6122.0,7.60700161376575e-09
6122.01,7.873928214998154e-09
6122.02,8.161586525154921e-09
6122.03,8.472258791876374e-09
6122.04,8.808537619369972e-09
6122.05,9.173367028046806e-09
6122.06,9.5700909108642e-09
6122.07,1.0002498958800256e-08
6122.08,1.0475039667872999e-08
6122.09,1.0992854392123256e-08
6122.1,1.1562137355548666e-08
6122.11,1.2190516395760803e-08
6122.12,1.288702000671596e-08
6122.13,1.3662923863076966e-08
6122.14,1.4531723159912464e-08
6122.15,1.550965062372306e-08
6122.16,1.661628584089412e-08
6122.17,1.7875399956564665e-08
6122.18,1.931607441253969e-08
6122.19,2.097413822441855e-08
6122.2,2.2893979722023887e-08
6122.21,2.5130807696961655e-08
6122.22,2.7753389458724618e-08
6122.23,3.084722718779198e-08
6122.24,3.45178834447597e-08
6122.25,3.889481402268939e-08
6122.26,4.41269784814789e-08
6122.27,5.038165672140715e-08
6122.28,5.782251554832244e-08
6122.29,6.65612158100183e-08
6122.3,7.656801239881627e-08
6122.31,8.752925145962062e-08
6122.32,9.867950567835586e-08
6122.33,1.0871436968130748e-07
6122.34,1.1596395435431986e-07
6122.35,1.1892913975071594e-07
6122.36,1.1696672677535391e-07
6122.37,1.1063028971442926e-07
6122.38,1.0137477615317282e-07
6122.39,9.088074921151106e-08
6122.4,8.049543756953461e-08
6122.41,7.103190396561071e-08
6122.42,6.284123058707156e-08
6122.43,5.597750120115845e-08
6122.44,5.034344072376393e-08
6122.45,4.578466178024657e-08
6122.46,4.2139230826372495e-08
6122.47,3.9263074435134744e-08
6122.48,3.7033077388787904e-08
6122.49,3.53503881859532e-08
6122.5,3.4137517881578484e-08
6122.51,3.3335176199655006e-08
6122.52,3.289927000404165e-08
6122.53,3.279829752023609e-08
6122.54,3.301149645387112e-08
6122.55,3.352599067818318e-08
6122.56,3.4337060354304867e-08
6122.57,3.544576546411571e-08
6122.58,3.685799349696846e-08
6122.59,3.858305812333008e-08
6122.6,4.0631904078314766e-08
6122.61,4.3014641684370235e-08
6122.62,4.5737087702424325e-08
6122.63,4.879597685942379e-08
6122.64,5.2172588957087026e-08
6122.65,5.5824803300945074e-08
6122.66,5.96781624182211e-08
6122.67,6.361748366292294e-08
6122.68,6.74807663396582e-08
6122.69,7.106640373742476e-08
6122.7,7.413825844228345e-08
6122.71,7.645773231282073e-08
6122.72,7.781911943006769e-08
6122.73,7.808820750727676e-08
6122.74,7.72305179388067e-08
6122.75,7.531879846819885e-08
6122.76,7.251682930462365e-08
6122.77,6.904580374241053e-08
6122.78,6.51450789416932e-08
6122.79,6.104008907069218e-08
6122.8,5.691494920875633e-08
6122.81,5.2912603153031326e-08
6122.82,4.9130238152947846e-08
6122.83,4.5627045019457055e-08
6122.84,4.243233933319131e-08
6122.85,3.955503334641735e-08
6122.86,3.6977581612276976e-08
6122.87,3.46769179901957e-08
6122.88,3.262422674736747e-08
6122.89,3.079902213032912e-08
6122.9,2.918976402766607e-08
6122.91,2.7784971973501856e-08
6122.92,2.6673615991340714e-08
6122.93,2.562091221293975e-08
6122.94,2.4706287586520545e-08
6122.95,2.3901101651775133e-08
6122.96,2.317556213492499e-08
6122.97,2.2500773587602294e-08
6122.98,2.18518626362691e-08
6122.99,2.121135419126436e-08
6123.0,2.0571359495780492e-08
6123.01,1.9933445961260892e-08
6123.02,1.93061447630329e-08
6123.03,1.8701255956101077e-08
6123.04,1.813039421890221e-08
6123.05,1.760275468061894e-08
6123.06,1.7124351458773192e-08
6123.07,1.6697828244766406e-08
6123.08,1.6323716367864986e-08
6123.09,1.6001502988310625e-08
6123.1,1.572774725940666e-08
6123.11,1.5500532896702622e-08
6123.12,1.531790379198076e-08
6123.13,1.5176299521711967e-08
6123.14,1.5074196217213357e-08
6123.15,1.5009853355495714e-08
6123.16,1.4981920722169143e-08
6123.17,1.498944676565297e-08
6123.18,1.503187799721591e-08
6123.19,1.510905623946461e-08
6123.2,1.5221217910428358e-08
6123.21,1.536899792507091e-08
6123.22,1.555343986746355e-08
6123.23,1.5776013595625316e-08
6123.24,1.6038641227521987e-08
6123.25,1.6343732414316152e-08
6123.26,1.669422986830348e-08
6123.27,1.7093589852186324e-08
6123.28,1.7546157511288484e-08
6123.29,1.8056790616147085e-08
6123.3,1.863126478937323e-08
6123.31,1.92763115173497e-08
6123.32,1.9999750073588277e-08
6123.33,2.081063637594194e-08
6123.34,2.1719426887670624e-08
6123.35,2.2738152699284944e-08
6123.36,2.3880593972268674e-08
6123.37,2.5162436932098184e-08
6123.38,2.6601383017160326e-08
6123.39,2.8217160495514382e-08
6123.4,3.0031360063208505e-08
6123.41,3.206697446425481e-08
6123.42,3.434746529917117e-08
6123.43,3.6895107990062975e-08
6123.44,3.9728286055575164e-08
6123.45,4.285734295132107e-08
6123.46,4.627860917456732e-08
6123.47,4.9966406598411634e-08
6123.48,5.386334421053328e-08
6123.49,5.786860549474649e-08
6123.5,6.183702848608869e-08
6123.51,6.556829767083444e-08
6123.52,6.882452220011042e-08
6123.53,7.135534380647004e-08
6123.54,7.293830865826834e-08
6123.55,7.342367649369355e-08
6123.56,7.276884137232213e-08
6123.57,7.104877955826412e-08
6123.58,6.843806785003044e-08
6123.59,6.517187766152807e-08
6123.6,6.150147461318835e-08
6123.61,5.7654252470635734e-08
6123.62,5.380959543930079e-08
6123.63,5.009878330981279e-08
6123.64,4.660537352706015e-08
6123.65,4.337777428258551e-08
6123.66,4.0438995572664573e-08
6123.67,3.77920785799423e-08
6123.68,3.5427203077323856e-08
6123.69,3.332590322474976e-08
6123.7,3.146562819441374e-08
6123.71,2.9822670245639345e-08
6123.72,2.8373919302815017e-08
6123.73,2.7097804805715937e-08
6123.74,2.5970925426264223e-08
6123.75,2.4983380700400008e-08
6123.76,2.4115887640427294e-08
6123.77,2.3354875566378076e-08
6123.78,2.2688499766678e-08
6123.79,2.210645244319345e-08
6123.8,2.159977973028453e-08
6123.81,2.116071211581154e-08
6123.82,2.0782511544961815e-08
6123.83,2.0459336077096756e-08
6123.84,2.0186121547354625e-08
6123.85,1.9958478964561733e-08
6123.86,1.9772606072440598e-08
6123.87,1.9625211431683443e-08
6123.88,1.951344944264312e-08
6123.89,1.9434864855056743e-08
6123.9,1.9387345466674845e-08
6123.91,1.936908187286183e-08
6123.92,1.9378533283871473e-08
6123.93,1.94143985687743e-08
6123.94,1.9475591813347854e-08
6123.95,1.9561221792958817e-08
6123.96,1.9670574861756227e-08
6123.97,1.9803100848328862e-08
6123.98,1.9958401626632342e-08
6123.99,2.0136222102364293e-08
6124.0,2.033644342012143e-08
6124.01,2.0559078258680008e-08
6124.02,2.0804268139376054e-08
6124.03,2.1072282725340315e-08
6124.04,2.1363521377464548e-08
6124.05,2.1678509877940628e-08
6124.06,2.201792958364024e-08
6124.07,2.238258932431615e-08
6124.08,2.2773428101505463e-08
6124.09,2.3191620182040623e-08
6124.1,2.3638407195328078e-08
6124.11,2.411517995194222e-08
6124.12,2.4623403217749858e-08
6124.13,2.51645735461076e-08
6124.14,2.574026854572218e-08
6124.15,2.635237790535329e-08
6124.16,2.700345130332317e-08
6124.17,2.769690817584429e-08
6124.18,2.8437402682528853e-08
6124.19,2.9228881505084077e-08
6124.2,3.007722764618444e-08
6124.21,3.098860180576918e-08
6124.22,3.197039652437546e-08
6124.23,3.3031618648298085e-08
6124.24,3.4183477524597527e-08
6124.25,3.5439930020154946e-08
6124.26,3.681784264163393e-08
6124.27,3.833497624331697e-08
6124.28,4.0002545992386125e-08
6124.29,4.180715704924015e-08
6124.3,4.3685725562411606e-08
6124.31,4.552456847492806e-08
6124.32,4.7224129196858475e-08
6124.33,4.87910658687685e-08
6124.34,5.034336711690893e-08
6124.35,5.202123349874006e-08
6124.36,5.3916846360999926e-08
6124.37,5.6071304109304246e-08
6124.38,5.849996950514599e-08
6124.39,6.121207398368958e-08
6124.4,6.421620407022721e-08
6124.41,6.753619699574403e-08
6124.42,7.119147716718163e-08
6124.43,7.520911583287712e-08
6124.44,7.962109263841596e-08
6124.45,8.446269344364325e-08
6124.46,8.977150483779635e-08
6124.47,9.558605756013542e-08
6124.48,1.0194380024716504e-07
6124.49,1.0887853606892801e-07
6124.5,1.1641742722223552e-07
6124.51,1.2457799921200077e-07
6124.52,1.333655685809595e-07
6124.53,1.4277481625715208e-07
6124.54,1.5278953979896478e-07
6124.55,1.6339076537501071e-07
6124.56,1.7456437494103214e-07
6124.57,1.8630796478465946e-07
6124.58,1.9863167573324637e-07
6124.59,2.1154969340746563e-07
6124.6,2.2505431306513225e-07
6124.61,2.3909043251287764e-07
6124.62,2.5351500064979246e-07
6124.63,2.680928521150705e-07
6124.64,2.8236412772326495e-07
6124.65,2.9589945911766007e-07
6124.66,3.078609318165166e-07
6124.67,3.176206941188454e-07
6124.68,3.2448990081889607e-07
6124.69,3.279149041055205e-07
6124.7,3.2757066868215423e-07
6124.71,3.2342134028508716e-07
6124.72,3.1572786790280157e-07
6124.73,3.0500077967806095e-07
6124.74,2.919147872044091e-07
6124.75,2.7720612142387624e-07
6124.76,2.615829496035427e-07
6124.77,2.456656814117112e-07
6124.78,2.299521335819423e-07
6124.79,2.148103384102356e-07
6124.8,2.0048596147725376e-07
6124.81,1.8713407649729193e-07
6124.82,1.7482421516937876e-07
6124.83,1.6357009598534983e-07
6124.84,1.533494669594168e-07
6124.85,1.4411437583099755e-07
6124.86,1.3580218382516194e-07
6124.87,1.283421752703388e-07
6124.88,1.2166002010812345e-07
6124.89,1.1568046543578886e-07
6124.9,1.1032932662967108e-07
6124.91,1.0553560307731724e-07
6124.92,1.0123411861023816e-07
6124.93,9.73685498347868e-08
6124.94,9.389331106806423e-08
6124.95,9.077405706015243e-08
6124.96,8.798555189304672e-08
6124.97,8.550859666580631e-08
6124.98,8.332702489925804e-08
6124.99,8.142570338609669e-08
6125.0,7.97883225729465e-08
6125.01,7.840224805179947e-08
6125.02,7.725061284731783e-08
6125.03,7.63176790766491e-08
6125.04,7.558769445034598e-08
6125.05,7.504678385311114e-08
6125.06,7.46837660690271e-08
6125.07,7.449268444767546e-08
6125.08,7.447156698268704e-08
6125.09,7.462071040844183e-08
6125.1,7.494105403738427e-08
6125.11,7.543361238042872e-08
6125.12,7.609971572684179e-08
6125.13,7.694147539049713e-08
6125.14,7.796222841154127e-08
6125.15,7.916680656059538e-08
6125.16,8.05616085466253e-08
6125.17,8.215530132612685e-08
6125.18,8.395819344212605e-08
6125.19,8.598297579444009e-08
6125.2,8.824484095021097e-08
6125.21,9.076179640952185e-08
6125.22,9.355505062508055e-08
6125.23,9.664948592769262e-08
6125.24,1.0007414901602598e-07
6125.25,1.038632978243974e-07
6125.26,1.0805673254610084e-07
6125.27,1.1270117212549821e-07
6125.28,1.1785141095352036e-07
6125.29,1.2357181603833122e-07
6125.3,1.29938120304755e-07
6125.31,1.3703955327463686e-07
6125.32,1.4498134020165754e-07
6125.33,1.5388757348300555e-07
6125.34,1.6390440137926978e-07
6125.35,1.7520336420926296e-07
6125.36,1.8798449618091676e-07
6125.37,2.0248070671204537e-07
6125.38,2.189484467361579e-07
6125.39,2.3767617073414598e-07
6125.4,2.5896138945019573e-07
6125.41,2.8308413485846014e-07
6125.42,3.1025313728721036e-07
6125.43,3.405065156094949e-07
6125.44,3.7362884954517004e-07
6125.45,4.089220228180737e-07
6125.46,4.4506911270997895e-07
6125.47,4.800283163708496e-07
6125.48,5.111326993697885e-07
6125.49,5.354961932821412e-07
6125.5,5.507056768919717e-07
6125.51,5.555649057332764e-07
6125.52,5.505226261364384e-07
6125.53,5.375380947421371e-07
6125.54,5.194178339279824e-07
6125.55,4.992255754226266e-07
6125.56,4.794363437471391e-07
6125.57,4.6187135496951077e-07
6125.58,4.476910855569437e-07
6125.59,4.3756184852695046e-07
6125.6,4.3178373895781853e-07
6125.61,4.3047080800364937e-07
6125.62,4.3362467947224614e-07
6125.63,4.412277244629522e-07
6125.64,4.5329428193536797e-07
6125.65,4.6989871365633087e-07
6125.66,4.911892636951924e-07
6125.67,5.17393656102943e-07
6125.68,5.488194859296204e-07
6125.69,5.858499889823428e-07
6125.7,6.289334039734023e-07
6125.71,6.785605778894802e-07
6125.72,7.352256236503366e-07
6125.73,7.993624975156287e-07
6125.74,8.712476193375764e-07
6125.75,9.508620680507865e-07
6125.76,1.0376995820268135e-06
6125.77,1.130526157725918e-06
6125.78,1.2270721084413587e-06
6125.79,1.3239745331285798e-06
6125.8,1.4164394681545663e-06
6125.81,1.4985914762145542e-06
6125.82,1.5640165156935142e-06
6125.83,1.6067315086846459e-06
6125.84,1.6223495614417891e-06
6125.85,1.6090742798485758e-06
6125.86,1.5681366758619515e-06
6125.87,1.5034893129783543e-06
6125.88,1.4208884922515347e-06
6125.89,1.3267291937441587e-06
6125.9,1.2270184434529724e-06
6125.91,1.1267560796158454e-06
6125.92,1.0295140552733783e-06
6125.93,9.37736520824929e-07
6125.94,8.527765522598224e-07
6125.95,7.752018168985238e-07
6125.96,7.050422820684459e-07
6125.97,6.419910149834702e-07
6125.98,5.855521642665455e-07
6125.99,5.351424295241323e-07
6126.0,4.901562874651579e-07
6126.01,4.5000556239940927e-07
6126.02,4.1414062799316627e-07
6126.03,3.820608801454047e-07
6126.04,3.533177851749876e-07
6126.05,3.2751385927074076e-07
6126.06,3.0429940518424444e-07
6126.07,2.833681936977391e-07
6126.08,2.6445280629055494e-07
6126.09,2.4732005121332244e-07
6126.1,2.3176667339992247e-07
6126.11,2.1761547692764906e-07
6126.12,2.047117977888756e-07
6126.13,1.9292055763233174e-07
6126.14,1.8212355422391437e-07
6126.15,1.7221718810366485e-07
6126.16,1.63110490190756e-07
6126.17,1.5472342637286606e-07
6126.18,1.469854420698362e-07
6126.19,1.3983421343638924e-07
6126.2,1.3321457574486872e-07
6126.21,1.2707760331340228e-07
6126.22,1.2137981884848092e-07
6126.23,1.1608251326408803e-07
6126.24,1.1115115981435793e-07
6126.25,1.0655490881809625e-07
6126.26,1.022661513270063e-07
6126.27,9.826014189859791e-08
6126.28,9.451467215738673e-08
6126.29,9.100978814050636e-08
6126.3,8.77275455572315e-08
6126.31,8.465179805722851e-08
6126.32,8.176801447625573e-08
6126.33,7.906312180080155e-08
6126.34,7.652537134381437e-08
6126.35,7.414422637081363e-08
6126.36,7.191027186558127e-08
6126.37,6.981513786064307e-08
6126.38,6.785145823721865e-08
6126.39,6.601284366798636e-08
6126.4,6.42938942789491e-08
6126.41,6.268912837325276e-08
6126.42,6.119764844464224e-08
6126.43,5.981656170918173e-08
6126.44,5.854592544588918e-08
6126.45,5.738784400039181e-08
6126.46,5.634593255999774e-08
6126.47,5.5420452643153726e-08
6126.48,5.4596931907194174e-08
6126.49,5.384213659880129e-08
6126.5,5.313284166512156e-08
6126.51,5.248526058591629e-08
6126.52,5.1930073168578717e-08
6126.53,5.147559018585322e-08
6126.54,5.110496182731929e-08
6126.55,5.0788136938789943e-08
6126.56,5.0492211239127484e-08
6126.57,5.0191438343866515e-08
6126.58,4.9876757454619447e-08
6126.59,4.956014025090742e-08
6126.6,4.9270767315482305e-08
6126.61,4.904610431005023e-08
6126.62,4.8921278725171456e-08
6126.63,4.892739665892249e-08
6126.64,4.908970919088079e-08
6126.65,4.9430500608430946e-08
6126.66,4.997184649816125e-08
6126.67,5.0736304493056015e-08
6126.68,5.174309097482171e-08
6126.69,5.299577617718397e-08
6126.7,5.4461220998974833e-08
6126.71,5.6058718122038074e-08
6126.72,5.7695503375578075e-08
6126.73,5.9343197355794314e-08
6126.74,6.107147102834165e-08
6126.75,6.299636792475165e-08
6126.76,6.521689191938622e-08
6126.77,6.780324082940242e-08
6126.78,7.082120295674936e-08
6126.79,7.435590147301272e-08
6126.8,7.852929009071155e-08
6126.81,8.344901816980986e-08
6126.82,8.927016647331417e-08
6126.83,9.61493807408919e-08
6126.84,1.042580677212217e-07
6126.85,1.1378245051861109e-07
6126.86,1.2491670131211156e-07
6126.87,1.3784514438040003e-07
6126.88,1.526994603449361e-07
6126.89,1.6951531813348404e-07
6126.9,1.8811310181488477e-07
6126.91,2.079856344388088e-07
6126.92,2.2816516413656354e-07
6126.93,2.471535246070873e-07
6126.94,2.6301161137463245e-07
6126.95,2.736897100389165e-07
6126.96,2.775649012617479e-07
6126.97,2.7397635162123204e-07
6126.98,2.634677318022284e-07
6126.99,2.476838159598936e-07
6127.0,2.28466680924886e-07
6127.01,2.0788251040836065e-07
6127.02,1.8748122493481013e-07
6127.03,1.6827910667371548e-07
6127.04,1.5081470653399666e-07
6127.05,1.3527723317992046e-07
6127.06,1.2162030136894342e-07
6127.07,1.0969246458724386e-07
6127.08,9.929311927355307e-08
6127.09,9.022512338862173e-08
6127.1,8.231321303575737e-08
6127.11,7.540433583329204e-08
6127.12,6.936303041392443e-08
6127.13,6.406896705563764e-08
6127.14,5.9416690325707715e-08
6127.15,5.5315953074030334e-08
6127.16,5.1689102510283306e-08
6127.17,4.847206463514481e-08
6127.18,4.561076272224235e-08
6127.19,4.306201037429115e-08
6127.2,4.0783887859985646e-08
6127.21,3.874682020020051e-08
6127.22,3.692466747963878e-08
6127.23,3.529622180892994e-08
6127.24,3.384473567063154e-08
6127.25,3.2558084742682776e-08
6127.26,3.142890126755333e-08
6127.27,3.045525208158001e-08
6127.28,2.964170785436074e-08
6127.29,2.9000643048093877e-08
6127.3,2.8552712965859436e-08
6127.31,2.8322935510840234e-08
6127.32,2.832347502105198e-08
6127.33,2.8510118064582593e-08
6127.34,2.8722141355805486e-08
6127.35,2.8683274044846627e-08
6127.36,2.8165670685550106e-08
6127.37,2.7194612894597512e-08
6127.38,2.6020277422704807e-08
6127.39,2.4897062519914293e-08
6127.4,2.395107061685263e-08
6127.41,2.3199295525718737e-08
6127.42,2.261066441527694e-08
6127.43,2.2144599542461904e-08
6127.44,2.1766426474401106e-08
6127.45,2.1451991038946108e-08
6127.46,2.1188153236738393e-08
6127.47,2.0971157145218647e-08
6127.48,2.08035190774044e-08
6127.49,2.0690511603666418e-08
6127.5,2.0636434729190054e-08
6127.51,2.0641832179620506e-08
6127.52,2.0702180171603062e-08
6127.53,2.0805640397146226e-08
6127.54,2.0931831410161415e-08
6127.55,2.1052567775242343e-08
6127.56,2.113364822454504e-08
6127.57,2.1139545007617423e-08
6127.58,2.1040196668216938e-08
6127.59,2.0818016454310426e-08
6127.6,2.0472316987499737e-08
6127.61,2.0019097651965673e-08
6127.62,1.9486283377020877e-08
6127.63,1.8906810546260462e-08
6127.64,1.831190849300974e-08
6127.65,1.7727008216086926e-08
6127.66,1.716903193885377e-08
6127.67,1.6651228996517866e-08
6127.68,1.6177972466161494e-08
6127.69,1.575079231532864e-08
6127.7,1.536856554764273e-08
6127.71,1.502884189075743e-08
6127.72,1.4728460267750578e-08
6127.73,1.4464069909460697e-08
6127.74,1.4232416878374192e-08
6127.75,1.4030497659289038e-08
6127.76,1.385562898399889e-08
6127.77,1.3705467777884403e-08
6127.78,1.3578003323985695e-08
6127.79,1.3471535437676723e-08
6127.8,1.3384646923857674e-08
6127.81,1.331617506173671e-08
6127.82,1.3265184682875215e-08
6127.83,1.323094410173886e-08
6127.84,1.3212904402815021e-08
6127.85,1.3210682172132629e-08
6127.86,1.3224045549764009e-08
6127.87,1.3252903389090666e-08
6127.88,1.3299262821515044e-08
6127.89,1.3359370315188518e-08
6127.9,1.3435476556530465e-08
6127.91,1.3527999236832967e-08
6127.92,1.3637481891238792e-08
6127.93,1.3764597903430264e-08
6127.94,1.3910156791480434e-08
6127.95,1.4075112875545643e-08
6127.96,1.4260433701750423e-08
6127.97,1.4467687142595373e-08
6127.98,1.4698195949095801e-08
6127.99,1.4953635416845264e-08
6128.0,1.523591332925363e-08
6128.01,1.5547110596352576e-08
6128.02,1.5889871812044323e-08
6128.03,1.6266912584814868e-08
6128.04,1.668142383178955e-08
6128.05,1.7137041810418386e-08
6128.06,1.7637913687844577e-08
6128.07,1.8188773756143032e-08
6128.08,1.8795025636208225e-08
6128.09,1.946282290857121e-08
6128.1,2.0199134201532168e-08
6128.11,2.1011782118207742e-08
6128.12,2.1909486055395347e-08
6128.13,2.290203425717638e-08
6128.14,2.4000760624500465e-08
6128.15,2.521928932213815e-08
6128.16,2.6574139063432784e-08
6128.17,2.8084853015356313e-08
6128.18,2.9773891476062944e-08
6128.19,3.163870553265542e-08
6128.2,3.37646591500371e-08
6128.21,3.615723139243348e-08
6128.22,3.8856053268929964e-08
6128.23,4.190826246777587e-08
6128.24,4.537115288881582e-08
6128.25,4.931536373523922e-08
6128.26,5.3828725070882205e-08
6128.27,5.9020279127802165e-08
6128.28,6.502377113661028e-08
6128.29,7.199970015643046e-08
6128.3,8.01346498254213e-08
6128.31,8.967379629806246e-08
6128.32,1.007545049398306e-07
6128.33,1.1359957002223976e-07
6128.34,1.2832414938110439e-07
6128.35,1.4486492727218426e-07
6128.36,1.6285604863243808e-07
6128.37,1.814711864575546e-07
6128.38,1.9931015092925196e-07
6128.39,2.1444810091962196e-07
6128.4,2.2476781720141696e-07
6128.41,2.2856343730204404e-07
6128.42,2.251671831105006e-07
6128.43,2.152243323003915e-07
6128.44,2.004282965224932e-07
6128.45,1.828974012775456e-07
6128.46,1.6456773278694578e-07
6128.47,1.4685499802409972e-07
6128.48,1.3060105817396632e-07
6128.49,1.161857988263463e-07
6128.5,1.036855133468209e-07
6128.51,9.299767378193431e-08
6128.52,8.395116817545971e-08
6128.53,7.634766833272652e-08
6128.54,6.999637906802019e-08
6128.55,6.472744822297771e-08
6128.56,6.039705587994735e-08
6128.57,5.688768809682873e-08
6128.58,5.410646285046231e-08
6128.59,5.1982695379964384e-08
6128.6,5.046552990663705e-08
6128.61,4.952103774491454e-08
6128.62,4.912986336481812e-08
6128.63,4.928545251526613e-08
6128.64,4.9993812564985776e-08
6128.65,5.127269432493259e-08
6128.66,5.3146117083329314e-08
6128.67,5.563321617679132e-08
6128.68,5.873111322378429e-08
6128.69,6.239905808877006e-08
6128.7,6.652456577310922e-08
6128.71,7.089561047667085e-08
6128.72,7.517718492989957e-08
6128.73,7.891775131155855e-08
6128.74,8.160675475266546e-08
6128.75,8.276135276159174e-08
6128.76,8.216247193523216e-08
6128.77,7.979182875551238e-08
6128.78,7.593010874860535e-08
6128.79,7.103419169399335e-08
6128.8,6.560289548183656e-08
6128.81,6.006813057319338e-08
6128.82,5.474193989698384e-08
6128.83,4.9813276445305515e-08
6128.84,4.537294861330001e-08
6128.85,4.143982487184229e-08
6128.86,3.799588732163842e-08
6128.87,3.500359843650792e-08
6128.88,3.241429958222243e-08
6128.89,3.0179847994463125e-08
6128.9,2.8255415075143963e-08
6128.91,2.6604094971907787e-08
6128.92,2.5185677329501095e-08
6128.93,2.397393259649881e-08
6128.94,2.294445180453153e-08
6128.95,2.2076840491262607e-08
6128.96,2.1353927247630913e-08
6128.97,2.076089162562639e-08
6128.98,2.0284389849320462e-08
6128.99,1.991190818695309e-08
6129.0,1.9631776857747128e-08
6129.01,1.943424485922295e-08
6129.02,1.9313448658600383e-08
6129.03,1.9269245865771682e-08
6129.04,1.930768507841794e-08
6129.05,1.9439759989217142e-08
6129.06,1.967962883038996e-08
6129.07,2.004327449983612e-08
6129.08,2.0548236742753714e-08
6129.09,2.121388985408133e-08
6129.1,2.20614019343219e-08
6129.11,2.3126346864339494e-08
6129.12,2.4401278415248354e-08
6129.13,2.5917738626770735e-08
6129.14,2.769854770427812e-08
6129.15,2.9789659441840693e-08
6129.16,3.227993257114035e-08
6129.17,3.5307316249320556e-08
6129.18,3.905264578096288e-08
6129.19,4.373914990240339e-08
6129.2,4.964996468226081e-08
6129.21,5.717108970564462e-08
6129.22,6.681603731847853e-08
6129.23,7.924463026680022e-08
6129.24,9.525631190726024e-08
6129.25,1.1566709832076284e-07
6129.26,1.4091434751389145e-07
6129.27,1.701832837525454e-07
6129.28,2.0013288406557137e-07
6129.29,2.2427582334680658e-07
6129.3,2.3496422999873948e-07
6129.31,2.2807893934780002e-07
6129.32,2.062435888307337e-07
6129.33,1.7674947918472786e-07
6129.34,1.466866147236558e-07
6129.35,1.201510932761899e-07
6129.36,9.841766565254932e-08
6129.37,8.122891867528773e-08
6129.38,6.779627613907417e-08
6129.39,5.729156725222034e-08
6129.4,4.9016223076317955e-08
6129.41,4.242840178784142e-08
6129.42,3.7121853948854814e-08
6129.43,3.283810977895594e-08
6129.44,2.9274950333818368e-08
6129.45,2.6307572790763542e-08
6129.46,2.381266565458925e-08
6129.47,2.1696543255394256e-08
6129.48,1.9886776486718544e-08
6129.49,1.8326892735014853e-08
6129.5,1.6972281712045504e-08
6129.51,1.57876255638631e-08
6129.52,1.4745000392372287e-08
6129.53,1.3822330543566323e-08
6129.54,1.3002030488027548e-08
6129.55,1.2269856513494377e-08
6129.56,1.1614035826574465e-08
6129.57,1.1024720228140249e-08
6129.58,1.0493415269748917e-08
6129.59,1.0013003382071558e-08
6129.6,9.577367890132705e-09
6129.61,9.181284085907805e-09
6129.62,8.820293238334355e-09
6129.63,8.490587733453954e-09
6129.64,8.18891763301507e-09
6129.65,7.912510984625014e-09
6129.66,7.659007352012882e-09
6129.67,7.426402670321302e-09
6129.68,7.213003180865451e-09
6129.69,7.017388770321612e-09
6129.7,6.673763074076858e-09
6129.71,6.51117373004617e-09
6129.72,6.3634414417971e-09
6129.73,6.229952539392015e-09
6129.74,6.110237442451144e-09
6129.75,6.003898211975873e-09
6129.76,5.91051151102485e-09
6129.77,5.829512126391784e-09
6129.78,5.759884958576077e-09
6129.79,5.7001340210194355e-09
6129.8,5.646956121112124e-09
6129.81,5.596582638478878e-09
6129.82,5.544007084802738e-09
6129.83,5.484023722130023e-09
6129.84,5.412485008856704e-09
6129.85,5.327549888688821e-09
6129.86,5.230257259733993e-09
6129.87,5.124086762273332e-09
6129.88,5.0137603506746625e-09
6129.89,4.90394162680928e-09
6129.9,4.798348386741474e-09
6129.91,4.699426050980824e-09
6129.92,4.608424292633562e-09
6129.93,4.525659785901159e-09
6129.94,4.450763115017096e-09
6129.95,4.383035108731149e-09
6129.96,4.320834469739313e-09
6129.97,4.265049391479973e-09
6129.98,4.215858409203364e-09
6129.99,4.173798472765366e-09
6130.0,4.140669047158814e-09
6130.01,4.119153714958552e-09
6130.02,4.113162515664974e-09
6130.03,4.1299121868188246e-09
6130.04,4.176166594503134e-09
6130.05,4.26715881241758e-09
6130.06,4.419027136692322e-09
6130.07,4.632258002275182e-09
6130.08,4.850102905812493e-09
6130.09,4.949354645162994e-09
6130.1,4.8544890764853856e-09
6130.11,4.639223897496844e-09
6130.12,4.429510366039117e-09
6130.13,4.28632700728602e-09
6130.14,4.201265127401175e-09
6130.15,4.181994036973349e-09
6130.16,4.204366777901982e-09
6130.17,4.257894248609462e-09
6130.18,4.331834322994099e-09
6130.19,4.412286213091213e-09
6130.2,4.4813553625251065e-09
6130.21,4.520752920320099e-09
6130.22,4.5185495487039926e-09
6130.23,4.473829530454776e-09
6130.24,4.400922432376876e-09
6130.25,4.3160124873536155e-09
6130.26,4.234760588484442e-09
6130.27,4.167587050545503e-09
6130.28,4.119740498009396e-09
6130.29,4.092979089845076e-09
6130.3,4.087256090902477e-09
6130.31,4.101965577353668e-09
6130.32,4.1364167433302255e-09
6130.33,4.190232696678003e-09
6130.34,4.263362410306025e-09
6130.35,4.3560892257125005e-09
6130.36,4.468917321118626e-09
6130.37,4.601724512887386e-09
6130.38,4.754837589721315e-09
6130.39,4.92352935342309e-09
6130.4,5.097065736105745e-09
6130.41,5.260339152622699e-09
6130.42,5.40306703388802e-09
6130.43,5.523580098237955e-09
6130.44,5.6204297407287675e-09
6130.45,5.686259349531262e-09
6130.46,5.712780078746103e-09
6130.47,5.696678376321464e-09
6130.48,5.639526242096166e-09
6130.49,5.545300767906441e-09
6130.5,5.41956931650722e-09
6130.51,5.269410357791228e-09
6130.52,5.102715006393883e-09
6130.53,4.927397034694825e-09
6130.54,4.750340353141026e-09
6130.55,4.577143190035098e-09
6130.56,4.4118613546114894e-09
6130.57,4.257107586449865e-09
6130.58,4.114416248611862e-09
6130.59,3.984331720051752e-09
6130.6,3.866796439369659e-09
6130.61,3.761327423578e-09
6130.62,3.6671741842050374e-09
6130.63,3.5834255159261448e-09
6130.64,3.5090827203737865e-09
6130.65,3.44311840255649e-09
6130.66,3.3845383600116737e-09
6130.67,3.3324230666581967e-09
6130.68,3.2860990158874485e-09
6130.69,3.244995756469235e-09
6130.7,3.2087331872439098e-09
6130.71,3.1770364785107457e-09
6130.72,3.1496777650030226e-09
6130.73,3.126439036102363e-09
6130.74,3.1070618318042884e-09
6130.75,3.0913876943437238e-09
6130.76,2.960114343996423e-09
6130.77,2.951583636690741e-09
6130.78,2.946149312547849e-09
6130.79,2.9436622889323735e-09
6130.8,2.9439981492082765e-09
6130.81,2.947056409637243e-09
6130.82,2.952759243040914e-09
6130.83,2.9610500479179982e-09
6130.84,2.9718920846724078e-09
6130.85,2.985267293706079e-09
6130.86,3.001175347892451e-09
6130.87,3.0196329587527913e-09
6130.88,3.0406734399098597e-09
6130.89,3.064346525866629e-09
6130.9,3.0904336382573684e-09
6130.91,3.1195887976707918e-09
6130.92,3.1516262882854548e-09
6130.93,3.1866648501880026e-09
6130.94,3.2248426749250535e-09
6130.95,3.2663189160756497e-09
6130.96,3.3112755905738935e-09
6130.97,3.359919942363526e-09
6130.98,3.4124873665594284e-09
6130.99,2.830728591187998e-09
6131.0,2.8944518721667077e-09
6131.01,2.858367335207858e-09
6131.02,2.932649124729931e-09
6131.03,3.01259882935552e-09
6131.04,3.0987400220880447e-09
6131.05,3.19167714795855e-09
6131.06,3.29212053527216e-09
6131.07,3.400903255326897e-09
6131.08,3.5190013038670098e-09
6131.09,3.6475364414856187e-09
6131.1,3.787725763480071e-09
6131.11,3.940704055307869e-09
6131.12,4.107127991778471e-09
6131.13,4.286613101737447e-09
6131.14,4.477523750650361e-09
6131.15,4.678022171416008e-09
6131.16,4.888299686246263e-09
6131.17,5.1119293328798374e-09
6131.18,5.354905496173804e-09
6131.19,5.622864644552095e-09
6131.2,5.920937187677652e-09
6131.21,6.253385972443028e-09
6131.22,6.624430312153041e-09
6131.23,7.0387790076782445e-09
6131.24,7.501953276072524e-09
6131.25,8.020487858125032e-09
6131.26,8.602084047376131e-09
6131.27,9.255745129449175e-09
6131.28,9.992166328082311e-09
6131.29,1.0822746134397001e-08
6131.3,1.1761169556533616e-08
6131.31,1.2822167810724044e-08
6131.32,1.4021293481417544e-08
6131.33,1.5373932426834517e-08
6131.34,1.689353807747464e-08
6131.35,1.8588745893390826e-08
6131.36,2.0459024328820565e-08
6131.37,2.248777571220945e-08
6131.38,2.4638698262477e-08
6131.39,2.684402646026371e-08
6131.4,2.9003999542572357e-08
6131.41,3.099033715480093e-08
6131.42,3.266260212097632e-08
6131.43,3.38963786431456e-08
6131.44,3.461701868540411e-08
6131.45,3.482615656879944e-08
6131.46,3.4609238380421196e-08
6131.47,3.41216871382548e-08
6131.48,3.3559342475734976e-08
6131.49,3.313252328410521e-08
6131.5,3.304505861278053e-08
6131.51,3.3484748101447215e-08
6131.52,3.46079606741769e-08
6131.53,3.651089935286739e-08
6131.54,3.914834735890269e-08
6131.55,4.219815871114282e-08
6131.56,4.495533619804679e-08
6131.57,4.6448788607071e-08
6131.58,4.5912455085028096e-08
6131.59,4.330765493950686e-08
6131.6,3.934471996171359e-08
6131.61,3.4985092194313866e-08
6131.62,3.095146693900499e-08
6131.63,2.759124637540609e-08
6131.64,2.4982132455936975e-08
6131.65,2.3074305293649402e-08
6131.66,2.1690128591164817e-08
6131.67,2.0936787070569163e-08
6131.68,2.066000654964668e-08
6131.69,2.0813108539228682e-08
6131.7,2.135193815723444e-08
6131.71,2.2212971726649312e-08
6131.72,2.3297593598500362e-08
6131.73,2.4476052583049353e-08
6131.74,2.5633349281276286e-08
6131.75,2.674590050019695e-08
6131.76,2.7925615655978586e-08
6131.77,2.9399557324631716e-08
6131.78,3.144060031647054e-08
6131.79,3.432967937980567e-08
6131.8,3.834839372309227e-08
6131.81,4.3794841281099366e-08
6131.82,5.097597149948591e-08
6131.83,6.013063858854615e-08
6131.84,7.120797436966954e-08
6131.85,8.347021226932391e-08
6131.86,9.50651569034113e-08
6131.87,1.0312039226070777e-07
6131.88,1.049455848635407e-07
6131.89,9.979380764142896e-08
6131.9,8.942672520630695e-08
6131.91,7.681818148291485e-08
6131.92,6.445876424780067e-08
6131.93,5.3663105961763433e-08
6131.94,4.479293603076069e-08
6131.95,3.771584324391678e-08
6131.96,3.213156879017797e-08
6131.97,2.7730075246144484e-08
6131.98,2.424730831723093e-08
6131.99,2.1475088423195207e-08
6132.0,1.9253828419615817e-08
6132.01,1.7466068561862038e-08
6132.02,1.6021126917324835e-08
6132.03,1.4851784877301046e-08
6132.04,1.3907398688264431e-08
6132.05,1.314966711342679e-08
6132.06,1.2549525957097843e-08
6132.07,1.20848517140951e-08
6132.08,1.1738675303005709e-08
6132.09,1.1498008501672812e-08
6132.1,1.1352386773074939e-08
6132.11,1.1292991961754538e-08
6132.12,1.1313053100159413e-08
6132.13,1.1400597638157343e-08
6132.14,1.1546261689525273e-08
6132.15,1.173669593186743e-08
6132.16,1.1954571790818111e-08
6132.17,1.2179208371831509e-08
6132.18,1.2387705400233146e-08
6132.19,1.2469108686255008e-08
6132.2,1.2580814004086346e-08
6132.21,1.262158180530514e-08
6132.22,1.2589719836671551e-08
6132.23,1.2497213938294308e-08
6132.24,1.2366738624552203e-08
6132.25,1.2224692044910687e-08
6132.26,1.2095243284178042e-08
6132.27,1.1997909414824915e-08
6132.28,1.1947229531097211e-08
6132.29,1.1953810866503525e-08
6132.3,1.2025141931212124e-08
6132.31,1.2166692975398178e-08
6132.32,1.2380280119989912e-08
6132.33,1.2675207477691276e-08
6132.34,1.3053329242017352e-08
6132.35,1.3519905125038071e-08
6132.36,1.4081367524919392e-08
6132.37,1.4745623935800403e-08
6132.38,1.5522307224420165e-08
6132.39,1.6422987780062837e-08
6132.4,1.746133909773558e-08
6132.41,1.8653231490932795e-08
6132.42,2.001671079285088e-08
6132.43,2.157180712959261e-08
6132.44,2.3340127507607096e-08
6132.45,2.5344059119375398e-08
6132.46,2.760680364619875e-08
6132.47,3.0150969517991964e-08
6132.48,3.299962676811685e-08
6132.49,3.617796607038785e-08
6132.5,3.9716421439202526e-08
6132.51,4.365344222531049e-08
6132.52,4.8036715215264074e-08
6132.53,5.291457908584121e-08
6132.54,5.8320217582252845e-08
6132.55,6.4239885031988e-08
6132.56,7.058906655546498e-08
6132.57,7.715543867665287e-08
6132.58,8.358016485713061e-08
6132.59,8.935720215637087e-08
6132.6,9.388762056093366e-08
6132.61,9.65979319065194e-08
6132.62,9.708959730363274e-08
6132.63,9.526442025209354e-08
6132.64,9.13574374323349e-08
6132.65,8.586074878619437e-08
6132.66,7.938040913825459e-08
6132.67,7.249570959669908e-08
6132.68,6.566900013486558e-08
6132.69,5.921497081569996e-08
6132.7,5.331369572465362e-08
6132.71,4.803137378842059e-08
6132.72,4.336642299771844e-08
6132.73,3.926543630805261e-08
6132.74,3.564866152882619e-08
6132.75,3.2430067907200475e-08
6132.76,2.953482928702379e-08
6132.77,2.6910240253329017e-08
6132.78,2.452640917388091e-08
6132.79,2.2368437960446294e-08
6132.8,2.0426450950965705e-08
6132.81,1.868894508929534e-08
6132.82,1.714075083568585e-08
6132.83,1.576396036949245e-08
6132.84,1.4539603427462215e-08
6132.85,1.3449339496731307e-08
6132.86,1.2476236080452132e-08
6132.87,1.1605253757760466e-08
6132.88,1.0823247815832057e-08
6132.89,1.0118876784527687e-08
6132.9,9.455357657639845e-09
6132.91,8.878601792138957e-09
6132.92,8.354259233459436e-09
6132.93,7.876213909387952e-09
6132.94,7.4391912979389275e-09
6132.95,7.038638332172108e-09
6132.96,6.670611622058266e-09
6132.97,6.331684122631495e-09
6132.98,6.018867331329728e-09
6132.99,5.729546403066231e-09
6133.0,5.4614259464631835e-09
6133.01,5.212484629231473e-09
6133.02,4.980937048098267e-09
6133.03,4.765192945665959e-09
6133.04,4.563864686616897e-09
6133.05,4.375692173225483e-09
6133.06,4.199557951691913e-09
6133.07,4.03446175536311e-09
6133.08,3.879506139155408e-09
6133.09,3.733884129989896e-09
6133.1,3.596868577702534e-09
6133.11,3.467802945571463e-09
6133.12,3.346093323333884e-09
6133.13,3.2312014819937693e-09
6133.14,3.1226388188880062e-09
6133.15,3.019961066250403e-09
6133.16,2.9227636563059922e-09
6133.17,2.830677652865297e-09
6133.18,2.743366172902146e-09
6133.19,2.660521233490595e-09
6133.2,2.5818609689030853e-09
6133.21,2.507127171026509e-09
6133.22,2.4360831128396963e-09
6133.23,2.3685116207748804e-09
6133.24,2.304213366523364e-09
6133.25,2.243005353248249e-09
6133.26,2.1846845991643757e-09
6133.27,2.1291670381267528e-09
6133.28,2.0762760615651763e-09
6133.29,2.0258820573553817e-09
6133.3,1.9778664397873635e-09
6133.31,1.932120947124478e-09
6133.32,1.8881308166411753e-09
6133.33,1.8466418202450212e-09
6133.34,1.80715449188983e-09
6133.35,1.7695967209181393e-09
6133.36,1.733904583515126e-09
6133.37,1.7000221715680888e-09
6133.38,1.6679015082695132e-09
6133.39,1.637502554528235e-09
6133.4,1.6087933125246194e-09
6133.41,1.5817500351474767e-09
6133.42,1.5563575530562808e-09
6133.43,1.5326097345196793e-09
6133.44,1.5098323750831983e-09
6133.45,1.5249757587425024e-09
6133.46,1.5066252426365769e-09
6133.47,1.49000699060224e-09
6133.48,1.4751734450708167e-09
6133.49,1.4621931706487054e-09
6133.5,1.4511292531697955e-09
6133.51,1.442138043878189e-09
6133.52,1.4352858537176229e-09
6133.53,1.4308210747550333e-09
6133.54,1.4288974931536169e-09
6133.55,1.4297532940346737e-09
6133.56,1.433676149524417e-09
6133.57,1.441013540428955e-09
6133.58,1.4522869855804906e-09
6133.59,1.4678042196821267e-09
6133.6,1.4882842837453677e-09
6133.61,1.5144822284634385e-09
6133.62,1.5473222219606478e-09
6133.63,1.5885708075704439e-09
6133.64,1.6383731691539965e-09
6133.65,1.6990912807664963e-09
6133.66,1.7728681045763109e-09
6133.67,1.8623068376320836e-09
6133.68,1.970415669811587e-09
6133.69,2.100263490616236e-09
6133.7,2.254300883267886e-09
6133.71,2.4340806691728767e-09
6133.72,2.6417756635554333e-09
6133.73,2.8814975485864034e-09
6133.74,3.1567957300012258e-09
6133.75,3.462206031162573e-09
6133.76,3.770486891545365e-09
6133.77,4.034591877468995e-09
6133.78,4.223445299952219e-09
6133.79,4.334164901345957e-09
6133.8,4.3663255999093315e-09
6133.81,4.318709058570805e-09
6133.82,4.197453613931185e-09
6133.83,4.013610223405539e-09
6133.84,3.777881935913093e-09
6133.85,3.501786276916971e-09
6133.86,3.2023547435033744e-09
6133.87,2.901488258116725e-09
6133.88,2.6190942787932456e-09
6133.89,2.3673271849060915e-09
6133.9,2.1499934302460582e-09
6133.91,1.9655244031288084e-09
6133.92,1.8098617581081637e-09
6133.93,1.6784951515216726e-09
6133.94,1.5673914922445297e-09
6133.95,1.4732410914279127e-09
6133.96,1.3933902577587138e-09
6133.97,1.3257410268293986e-09
6133.98,1.2685918824384637e-09
6133.99,1.2203043348005436e-09
6134.0,1.1802492927823559e-09
6134.01,1.1509449494704436e-09
6134.02,1.1236802871706132e-09
6134.03,1.1010957042984165e-09
6134.04,1.0818491388235627e-09
6134.05,1.0645059506904289e-09
6134.06,1.0489963999319266e-09
6134.07,1.0321176214505337e-09
6134.08,1.015026555567029e-09
6134.09,9.98397460709407e-10
6134.1,9.701814935189346e-10
6134.11,9.58057983121097e-10
6134.12,9.49873459043315e-10
6134.13,9.465798866995419e-10
6134.14,9.489951471111677e-10
6134.15,9.578694168179936e-10
6134.16,9.738520809643022e-10
6134.17,9.973108189634617e-10
6134.18,1.0279074608040287e-09
6134.19,1.0638893190135085e-09
6134.2,1.101308673244342e-09
6134.21,1.1338139422826074e-09
6134.22,1.1539199828627722e-09
6134.23,1.1558908894923209e-09
6134.24,1.1386146720775222e-09
6134.25,1.1061084057118274e-09
6134.26,1.0653965432501049e-09
6134.27,1.023163931296107e-09
6134.28,9.839736112818855e-10
6134.29,9.499097569490329e-10
6134.3,9.212147449932743e-10
6134.31,8.970844965335526e-10
6134.32,8.763073340837523e-10
6134.33,8.57694184494857e-10
6134.34,8.40335942759128e-10
6134.35,8.23720017455154e-10
6134.36,8.077016010576329e-10
6134.37,7.924119163996243e-10
6134.38,7.38215133470556e-10
6134.39,7.255296667794538e-10
6134.4,7.176664076009452e-10
6134.41,7.082069986709983e-10
6134.42,7.005036789937749e-10
6134.43,6.945811078910532e-10
6134.44,6.904244502461819e-10
6134.45,6.880032978667134e-10
6134.46,6.873023312987724e-10
6134.47,6.88272932868742e-10
6134.48,6.909303079852966e-10
6134.49,6.952994923444838e-10
6134.5,7.014343268236403e-10
6134.51,7.094208734398727e-10
6134.52,7.194669252577277e-10
6134.53,7.315591405669569e-10
6134.54,7.459825472088521e-10
6134.55,7.629752608560942e-10
6134.56,7.828086074652474e-10
6134.57,8.05872161597088e-10
6134.58,8.323897550960047e-10
6134.59,8.59918337366697e-10
6134.6,8.947111213746487e-10
6134.61,9.344414028480721e-10
6134.62,9.799242843924452e-10
6134.63,1.0323325173115747e-09
6134.64,1.09329234164186e-09
6134.65,1.1648353605304921e-09
6134.66,1.2492173431050717e-09
6134.67,1.348351660354977e-09
6134.68,1.4628266426274264e-09
6134.69,1.590331824820551e-09
6134.7,1.7236697582681056e-09
6134.71,1.8493100527492025e-09
6134.72,1.9486531121449975e-09
6134.73,2.0032748868978294e-09
6134.74,2.0031532551056646e-09
6134.75,1.9519748386107546e-09
6134.76,1.865157942717863e-09
6134.77,1.7623183214219815e-09
6134.78,1.6600737903578153e-09
6134.79,1.5689146208611352e-09
6134.8,1.493671439044033e-09
6134.81,1.4354193060332316e-09
6134.82,1.3932816266593136e-09
6134.83,1.3656300233658255e-09
6134.84,1.3507256904713298e-09
6134.85,1.3470486017565484e-09
6134.86,1.3533412543802115e-09
6134.87,1.3686837598769117e-09
6134.88,1.392416748521532e-09
6134.89,1.4241363974626064e-09
6134.9,1.4636517093747263e-09
6134.91,1.5109533492531064e-09
6134.92,1.5661854276294704e-09
6134.93,1.6296293875573721e-09
6134.94,1.701680179915234e-09
6134.95,1.7828457982863657e-09
6134.96,1.873759335537441e-09
6134.97,1.975222120381198e-09
6134.98,2.0882788471592105e-09
6134.99,2.2143246923615314e-09
6135.0,2.3552227045511416e-09
6135.01,2.5134112570820825e-09
6135.02,2.6919930275128135e-09
6135.03,2.894820335420295e-09
6135.04,3.1266088841752738e-09
6135.05,3.3931149785170545e-09
6135.06,3.7014061508500794e-09
6135.07,4.06029493777712e-09
6135.08,4.480718654388143e-09
6135.09,4.976746888389057e-09
6135.1,5.566454322403768e-09
6135.11,6.273405045491107e-09
6135.12,7.128696560482685e-09
6135.13,8.174241590080204e-09
6135.14,9.464965523064866e-09
6135.15,1.107710735151061e-08
6135.16,1.311470365085975e-08
6135.17,1.5721631697594973e-08
6135.18,1.909847115995714e-08
6135.19,2.3526532270634487e-08
6135.2,2.9397508218891993e-08
6135.21,3.722246827784916e-08
6135.22,4.751795278919871e-08
6135.23,6.0298591660936e-08
6135.24,7.393969556089103e-08
6135.25,8.424186407443489e-08
6135.26,8.621125796859248e-08
6135.27,7.857537599025661e-08
6135.28,6.521283599354461e-08
6135.29,5.123453485969486e-08
6135.3,3.9491917346179994e-08
6135.31,3.0553496962165274e-08
6135.32,2.3984350603828825e-08
6135.33,1.917060497420622e-08
6135.34,1.560527742944407e-08
6135.35,1.292107986974992e-08
6135.36,1.086458339661962e-08
6135.37,9.262126837908734e-09
6135.38,7.993830739942223e-09
6135.39,6.9753425488051405e-09
6135.4,6.148078243960251e-09
6135.41,5.468282503454042e-09
6135.42,4.90432839527041e-09
6135.43,4.432652702458623e-09
6135.44,4.035454220663552e-09
6135.45,3.6991321265471715e-09
6135.46,3.4131476818439675e-09
6135.47,3.1692537965653207e-09
6135.48,2.9609139310929664e-09
6135.49,2.7828716542425577e-09
6135.5,2.63080244592781e-09
6135.51,2.501114184547478e-09
6135.52,2.390628518584359e-09
6135.53,2.2964611554251833e-09
6135.54,2.2158511786486183e-09
6135.55,2.1460461155671095e-09
6135.56,2.0842380628188775e-09
6135.57,2.027602116670122e-09
6135.58,1.973356058688301e-09
6135.59,1.9189768143714204e-09
6135.6,1.8624220240074384e-09
6135.61,1.802340682495797e-09
6135.62,1.7381929714440104e-09
6135.63,1.6702322943963589e-09
6135.64,1.5993505812751307e-09
6135.65,1.5268350737756721e-09
6135.66,1.4541157602879613e-09
6135.67,1.3825154072675955e-09
6135.68,1.3131533145149092e-09
6135.69,1.24685803830386e-09
6135.7,1.1841705537413603e-09
6135.71,1.125380451888952e-09
6135.72,1.0705783927838802e-09
6135.73,1.0197101514620294e-09
6135.74,9.72624220376693e-10
6135.75,9.29109850053796e-10
6135.76,8.889253733062624e-10
6135.77,8.518180952094007e-10
6135.78,8.175375000758919e-10
6135.79,7.85843481464701e-10
6135.8,7.565110374450382e-10
6135.81,7.293428806176105e-10
6135.82,7.04128900540405e-10
6135.83,6.80707663864765e-10
6135.84,6.589244200760517e-10
6135.85,6.38640200738982e-10
6135.86,6.197305191895965e-10
6135.87,6.020840515921142e-10
6135.88,5.855593410529025e-10
6135.89,5.701519773207611e-10
6135.9,5.557405824193996e-10
6135.91,5.422547351847535e-10
6135.92,5.296318334533118e-10
6135.93,5.178163553439628e-10
6135.94,5.067592263627131e-10
6135.95,4.964172870356808e-10
6135.96,4.867528564664087e-10
6135.97,4.777333885210744e-10
6135.98,4.693312192693013e-10
6135.99,4.6152340667094924e-10
6136.0,4.542916664457598e-10
6136.01,4.476224115898364e-10
6136.02,4.415069073685237e-10
6136.03,4.3594155892146527e-10
6136.04,4.3092835514759445e-10
6136.05,4.2647550048488006e-10
6136.06,4.225982755845441e-10
6136.07,4.1932017842445987e-10
6136.08,4.1667440776563324e-10
6136.09,4.0345519870913765e-10
6136.1,4.02270618595709e-10
6136.11,4.018972150266526e-10
6136.12,4.024307699558201e-10
6136.13,4.03024812122219e-10
6136.14,4.0576068365291973e-10
6136.15,4.098423906928932e-10
6136.16,4.154648113668317e-10
6136.17,4.2282931510120806e-10
6136.18,4.321038006129114e-10
6136.19,4.4334996322358634e-10
6136.2,4.5640644405557125e-10
6136.21,4.707448846002807e-10
6136.22,4.853690316543907e-10
6136.23,4.988893284020879e-10
6136.24,5.098867352273347e-10
6136.25,5.174966150982913e-10
6136.26,5.219020861187993e-10
6136.27,5.243883634338341e-10
6136.28,5.269678405769697e-10
6136.29,5.317962917661785e-10
6136.3,5.407025349805215e-10
6136.31,5.548689661283251e-10
6136.32,5.734852475111627e-10
6136.33,5.973524906856671e-10
6136.34,6.221992262586998e-10
6136.35,6.428812807936493e-10
6136.36,6.539295179336298e-10
6136.37,6.644344938715956e-10
6136.38,6.516438440933811e-10
6136.39,6.322947299818785e-10
6136.4,6.118838622380754e-10
6136.41,5.944869060617758e-10
6136.42,5.822363613656581e-10
6136.43,5.803939657249078e-10
6136.44,5.798138341081658e-10
6136.45,5.847197669489427e-10
6136.46,5.947813930942931e-10
6136.47,6.094906162050359e-10
6136.48,6.291882889586044e-10
6136.49,6.535195362396074e-10
6136.5,6.823912184110404e-10
6136.51,7.156675969069031e-10
6136.52,7.530961058716324e-10
6136.53,7.942992752702546e-10
6136.54,8.387060423405932e-10
6136.55,8.856523136634759e-10
6136.56,9.345418239512087e-10
6136.57,9.851305135454498e-10
6136.58,1.0378890678134508e-09
6136.59,1.0943623657688812e-09
6136.6,1.1574350186969521e-09
6136.61,1.231491852187498e-09
6136.62,1.3222701363008196e-09
6136.63,1.436972562264886e-09
6136.64,1.583911896974968e-09
6136.65,1.7718950222733095e-09
6136.66,2.0083747065399323e-09
6136.67,2.2953010532476224e-09
6136.68,2.6213243815068835e-09
6136.69,2.951821118721645e-09
6136.7,3.22489557839141e-09
6136.71,3.366940557698224e-09
6136.72,3.3297425810893477e-09
6136.73,3.1220431364944797e-09
6136.74,2.803309700028507e-09
6136.75,2.446545997328692e-09
6136.76,2.106048139430842e-09
6136.77,1.8087729666183868e-09
6136.78,1.5616160270391392e-09
6136.79,1.3610165265784244e-09
6136.8,1.1998126375270511e-09
6136.81,1.070534300302057e-09
6136.82,9.666649315531905e-10
6136.83,8.828879803586965e-10
6136.84,8.151026645321622e-10
6136.85,7.600169690712516e-10
6136.86,7.150515862727138e-10
6136.87,6.781175255846026e-10
6136.88,6.474710604074651e-10
6136.89,6.216263984637329e-10
6136.9,5.993287527115283e-10
6136.91,5.795765869326489e-10
6136.92,5.616600439436929e-10
6136.93,5.45171784408387e-10
6136.94,5.299630639158525e-10
6136.95,5.160539965219331e-10
6136.96,5.035337426444197e-10
6136.97,4.5520210068140935e-10
6136.98,4.4583368444701174e-10
6136.99,4.379610492516683e-10
6137.0,4.3153185991764887e-10
6137.01,4.264664997090739e-10
6137.02,4.226781404947633e-10
6137.03,4.200784522791774e-10
6137.04,4.185852769544791e-10
6137.05,4.181260076513169e-10
6137.06,4.186086946638242e-10
6137.07,4.2004370115732206e-10
6137.08,4.22402402475736e-10
6137.09,4.2557264164800314e-10
6137.1,3.953474111749159e-10
6137.11,4.005404363103055e-10
6137.12,4.06546322683378e-10
6137.13,4.1337020924938146e-10
6137.14,4.210387108671128e-10
6137.15,4.2954438848616695e-10
6137.16,4.3892871769503914e-10
6137.17,4.472842477309695e-10
6137.18,4.5854826380819105e-10
6137.19,4.708213705007072e-10
6137.2,4.841644294278799e-10
6137.21,4.988193817319807e-10
6137.22,5.145262685400133e-10
6137.23,5.318200377553367e-10
6137.24,5.482624960725826e-10
6137.25,5.682656158913581e-10
6137.26,5.899556311852484e-10
6137.27,6.134932652049862e-10
6137.28,6.390626126100425e-10
6137.29,6.668749196107179e-10
6137.3,6.971731496555585e-10
6137.31,7.302375177586686e-10
6137.32,7.663922270155364e-10
6137.33,8.060116942401057e-10
6137.34,8.49538740673801e-10
6137.35,8.974849986832857e-10
6137.36,9.503129473528975e-10
6137.37,1.009020760362012e-09
6137.38,1.0743144275003343e-09
6137.39,1.1472081250317654e-09
6137.4,1.2289215392613393e-09
6137.41,1.3209312150834212e-09
6137.42,1.4250372197880677e-09
6137.43,1.5434503167269057e-09
6137.44,1.678907776148053e-09
6137.45,1.8348207328318884e-09
6137.46,2.015500800704424e-09
6137.47,2.22634124409026e-09
6137.48,2.4742531488099125e-09
6137.49,2.767989101627484e-09
6137.5,3.118531059191223e-09
6137.51,3.5392123631292995e-09
6137.52,4.044999463325812e-09
6137.53,4.649727120233519e-09
6137.54,5.359451927435943e-09
6137.55,6.1614468465271855e-09
6137.56,7.014044403570242e-09
6137.57,7.853083370035984e-09
6137.58,8.623380860214773e-09
6137.59,9.306186530201126e-09
6137.6,9.902243049551169e-09
6137.61,1.0387673937008407e-08
6137.62,1.0696325035266518e-08
6137.63,1.0753117301464768e-08
6137.64,1.0512196471791746e-08
6137.65,9.989933947706473e-09
6137.66,9.258063270882913e-09
6137.67,8.413586682236469e-09
6137.68,7.546762828760342e-09
6137.69,6.722696206022271e-09
6137.7,5.978400314687532e-09
6137.71,5.328743202185459e-09
6137.72,4.7743969990129455e-09
6137.73,4.3085973666264335e-09
6137.74,3.9214871535394535e-09
6137.75,3.6027917932803092e-09
6137.76,3.3430491982725186e-09
6137.77,3.13396323517563e-09
6137.78,2.9686884197582825e-09
6137.79,2.8417304380857214e-09
6137.8,2.7508094256045885e-09
6137.81,2.688767033364003e-09
6137.82,2.655365080503103e-09
6137.83,2.6492537075082742e-09
6137.84,2.6698932763801856e-09
6137.85,2.717527190534643e-09
6137.86,2.793188470959831e-09
6137.87,2.8987401782097754e-09
6137.88,3.036949597811779e-09
6137.89,3.2115949131077724e-09
6137.9,3.4271024331704226e-09
6137.91,3.6906864987795743e-09
6137.92,4.009490070941585e-09
6137.93,4.393040318129789e-09
6137.94,4.8509760747224165e-09
6137.95,5.394794457548541e-09
6137.96,6.0351677255773514e-09
6137.97,6.7794043939017695e-09
6137.98,7.627201194660034e-09
6137.99,8.56444960721217e-09
6138.0,9.556824165107193e-09
6138.01,1.0547566839154242e-08
6138.02,1.1464879875410635e-08
6138.03,1.2246384558094652e-08
6138.04,1.287267760865277e-08
6138.05,1.3396956201775867e-08
6138.06,1.3954604479088483e-08
6138.07,1.4752833177405157e-08
6138.08,1.6053057159665657e-08
6138.09,1.814618194480149e-08
6138.1,2.1270943497789693e-08
6138.11,2.535524354259536e-08
6138.12,2.954156310778188e-08
6138.13,3.2036633655865105e-08
6138.14,3.1241323854506136e-08
6138.15,2.7377490918881185e-08
6138.16,2.2229102043831794e-08
6138.17,1.7419947182139926e-08
6138.18,1.3599272360810175e-08
6138.19,1.0757514022457264e-08
6138.2,8.677449217151648e-09
6138.21,7.144076543488816e-09
6138.22,5.995343993844495e-09
6138.23,5.118719028338537e-09
6138.24,4.437658294507595e-09
6138.25,3.89992275454478e-09
6138.26,3.469394474327113e-09
6138.27,3.1205546702833407e-09
6138.28,2.8355796447256736e-09
6138.29,2.601116434501472e-09
6138.3,2.4074904476677565e-09
6138.31,2.2475113079506585e-09
6138.32,2.1157983652282424e-09
6138.33,2.0083165315992913e-09
6138.34,1.9205496141142273e-09
6138.35,1.8557127653123327e-09
6138.36,1.8058520993109118e-09
6138.37,1.7722725255624316e-09
6138.38,1.7542494200488367e-09
6138.39,1.7513422494936083e-09
6138.4,1.7632831313520654e-09
6138.41,1.7898373976009317e-09
6138.42,1.8306171088700287e-09
6138.43,1.8848303000558104e-09
6138.44,1.9509588518745804e-09
6138.45,2.0263282371614528e-09
6138.46,2.106966953382252e-09
6138.47,2.187067364907612e-09
6138.48,2.259287255842044e-09
6138.49,2.3153074475366197e-09
6138.5,2.3469924762901085e-09
6138.51,2.347919501304627e-09
6138.52,2.3148320898118912e-09
6138.53,2.248477435661669e-09
6138.54,2.15345763429598e-09
6138.55,2.037118062287225e-09
6138.56,1.9079013641383464e-09
6138.57,1.7737715810169952e-09
6138.58,1.641208177768163e-09
6138.59,1.5146341781718421e-09
6138.6,1.3968156878707819e-09
6138.61,1.2890370596788393e-09
6138.62,1.191583999979195e-09
6138.63,1.104107648799586e-09
6138.64,1.0259234460893403e-09
6138.65,9.561853898614017e-10
6138.66,8.940086798054496e-10
6138.67,8.386126745561646e-10
6138.68,7.890559251775353e-10
6138.69,7.447003293155301e-10
6138.7,7.049151336387932e-10
6138.71,6.691482300587635e-10
6138.72,6.369196684619046e-10
6138.73,6.078139605780738e-10
6138.74,5.81472255992054e-10
6138.75,5.575849569613178e-10
6138.76,5.358850347923643e-10
6138.77,5.161421372212408e-10
6138.78,4.981574818812589e-10
6138.79,4.817594836234369e-10
6138.8,4.66800043396281e-10
6138.81,4.531514215174303e-10
6138.82,4.407036215359878e-10
6138.83,4.2934293009388217e-10
6138.84,4.190273740456923e-10
6138.85,4.0970205432300514e-10
6138.86,4.01268232382755e-10
6138.87,3.9366422316814134e-10
6138.88,3.8687645870094724e-10
6138.89,3.8087680702629784e-10
6138.9,3.756458657342612e-10
6138.91,3.711726130556537e-10
6138.92,3.6745393460005663e-10
6138.93,3.6449363381013063e-10
6138.94,3.623013053137038e-10
6138.95,3.6088908998085057e-10
6138.96,3.602677826101323e-10
6138.97,3.604415140994809e-10
6138.98,3.6140325836129256e-10
6138.99,3.631349517681617e-10
6139.0,3.6561667710438873e-10
6139.01,3.688455290355702e-10
6139.02,3.7285612965319385e-10
6139.03,3.7772783123194537e-10
6139.04,3.8356723980955873e-10
6139.05,3.9046757203037916e-10
6139.06,3.9845194983070767e-10
6139.07,4.074369486092855e-10
6139.08,4.171648279621466e-10
6139.09,4.2718620518203107e-10
6139.1,4.3685884593544217e-10
6139.11,4.454049503344699e-10
6139.12,4.519911028048805e-10
6139.13,4.5598927055409396e-10
6139.14,4.5727817449541903e-10
6139.15,4.559002062471178e-10
6139.16,4.523868854771988e-10
6139.17,4.475106874376652e-10
6139.18,4.42104072182316e-10
6139.19,4.369130202863939e-10
6139.2,4.3251926845864263e-10
6139.21,4.2933015219289737e-10
6139.22,4.2758950065481527e-10
6139.23,4.274444860233554e-10
6139.24,4.2896830191072026e-10
6139.25,4.3219863232015023e-10
6139.26,4.371622094378052e-10
6139.27,4.438917295504538e-10
6139.28,4.524372630119983e-10
6139.29,4.6287413494581046e-10
6139.3,4.753087915470668e-10
6139.31,4.898836796825311e-10
6139.32,5.067817336815584e-10
6139.33,5.262306633273085e-10
6139.34,5.485068021209446e-10
6139.35,5.739377020230616e-10
6139.36,6.029018109601113e-10
6139.37,6.358222660695289e-10
6139.38,6.719493167873688e-10
6139.39,7.141361592272248e-10
6139.4,7.615439933642679e-10
6139.41,8.143478164030292e-10
6139.42,8.72425969505492e-10
6139.43,9.350721730969457e-10
6139.44,1.024818936648894e-09
6139.45,1.0913646389855765e-09
6139.46,1.1552876308337902e-09
6139.47,1.2128241291261347e-09
6139.48,1.260576845618688e-09
6139.49,1.2965371584274214e-09
6139.5,1.3208586380505455e-09
6139.51,1.336165490929384e-09
6139.52,1.3461644883125197e-09
6139.53,1.355820560976045e-09
6139.54,1.3696933099625758e-09
6139.55,1.3916101309187097e-09
6139.56,1.424670375507167e-09
6139.57,1.4713138601839838e-09
6139.58,1.5336409976936536e-09
6139.59,1.6137054850757268e-09
6139.6,1.7138034390025637e-09
6139.61,1.8363012074774196e-09
6139.62,1.983753445519008e-09
6139.63,2.1586046808455983e-09
6139.64,2.363322001828065e-09
6139.65,2.6012491560214634e-09
6139.66,2.8782675910418874e-09
6139.67,3.2040519663292365e-09
6139.68,3.591842031830257e-09
6139.69,4.07355640087051e-09
6139.7,4.6324523726302214e-09
6139.71,5.30109921354984e-09
6139.72,6.093134353988761e-09
6139.73,7.01346402635673e-09
6139.74,8.047087785536427e-09
6139.75,9.144484119070417e-09
6139.76,1.0210560705202561e-08
6139.77,1.1109091156965612e-08
6139.78,1.1691539919427212e-08
6139.79,1.1845048838593589e-08
6139.8,1.1537672459505681e-08
6139.81,1.0832974260664553e-08
6139.82,9.8622486004736e-09
6139.83,8.772959293831688e-09
6139.84,7.685694075140662e-09
6139.85,6.676841565681634e-09
6139.86,5.781826171895479e-09
6139.87,5.010680331005061e-09
6139.88,4.355950871117343e-09
6139.89,3.804189311604279e-09
6139.9,3.3403159198496727e-09
6139.91,2.9499556507762956e-09
6139.92,2.6086472849441726e-09
6139.93,2.329456317300815e-09
6139.94,2.0916289677498916e-09
6139.95,1.887970171961684e-09
6139.96,1.712636004768547e-09
6139.97,1.5608851880115952e-09
6139.98,1.428865885194368e-09
6139.99,1.313439820092069e-09
6140.0,1.2120402489989166e-09
6140.01,1.123882026032761e-09
6140.02,1.0445912382452413e-09
6140.03,9.74034442049767e-10
6140.04,9.109675802697938e-10
6140.05,8.55962825228603e-10
6140.06,8.051403923101956e-10
6140.07,7.592746316884299e-10
6140.08,7.177560277796094e-10
6140.09,6.800645202114414e-10
6140.1,6.45754496588813e-10
6140.11,6.144425814286313e-10
6140.12,5.857976553789547e-10
6140.13,5.595326609768255e-10
6140.14,5.353978455830294e-10
6140.15,5.131751655474092e-10
6140.16,4.926736326329076e-10
6140.17,4.737254283298876e-10
6140.18,4.561826465207534e-10
6140.19,4.399145524801964e-10
6140.2,4.248052678218579e-10
6140.21,4.1075180823459945e-10
6140.22,3.976624144791187e-10
6140.23,3.854551281022693e-10
6140.24,3.740565720597436e-10
6140.25,3.6340090353722425e-10
6140.26,3.540005010106431e-10
6140.27,3.446610585335275e-10
6140.28,3.3590376880681393e-10
6140.29,3.276850439238002e-10
6140.3,3.199653769642584e-10
6140.31,3.1270889615202316e-10
6140.32,3.0588297464917574e-10
6140.33,2.9945788823229526e-10
6140.34,2.934065143009204e-10
6140.35,2.8770406663486604e-10
6140.36,2.823278611663148e-10
6140.37,2.772571087096491e-10
6140.38,2.7247273118991053e-10
6140.39,2.679571983850951e-10
6140.4,2.6369438263107326e-10
6140.41,2.5966942927761835e-10
6140.42,2.5586864099538345e-10
6140.43,2.522793742751485e-10
6140.44,2.488899466928095e-10
6140.45,2.456895536900804e-10
6140.46,2.426681937904066e-10
6140.47,2.398343257603229e-10
6140.48,2.3722998834865305e-10
6140.49,2.3469368892852394e-10
6140.5,2.323032101260525e-10
6140.51,2.3005167937949324e-10
6140.52,2.2793270999503824e-10
6140.53,2.2594036450602443e-10
6140.54,2.2406912145508255e-10
6140.55,2.2231384526377815e-10
6140.56,2.2066975888730478e-10
6140.57,2.1913241899290026e-10
6140.58,2.1769769342641196e-10
6140.59,2.1636174076268995e-10
6140.6,2.1512099175450068e-10
6140.61,2.1863433006965063e-10
6140.62,2.1761276183871396e-10
6140.63,2.1667764052002048e-10
6140.64,2.1582634078359055e-10
6140.65,2.1505644039069658e-10
6140.66,2.1436571027944185e-10
6140.67,2.1375210577208227e-10
6140.68,2.13213758846194e-10
6140.69,2.1274897142563056e-10
6140.7,2.123562096564977e-10
6140.71,2.1203409914573595e-10
6140.72,2.1178142114950041e-10
6140.73,2.1159710971154154e-10
6140.74,2.1148024976289615e-10
6140.75,2.1143007620785e-10
6140.76,2.1144597403476006e-10
6140.77,2.1152747950676297e-10
6140.78,2.116742825048746e-10
6140.79,2.1188623011668702e-10
6140.8,2.12163331587217e-10
6140.81,2.12505764776635e-10
6140.82,2.1291388430178768e-10
6140.83,2.1338823157781235e-10
6140.84,2.1392954702179766e-10
6140.85,2.1453878473784685e-10
6140.86,2.1521713006952315e-10
6140.87,2.1596602048966674e-10
6140.88,2.167871703974032e-10
6140.89,2.1768260051911456e-10
6140.9,2.1865467276206922e-10
6140.91,2.1970613156266416e-10
6140.92,2.2084015300747388e-10
6140.93,2.2206040330708334e-10
6140.94,2.2337110857483194e-10
6140.95,2.2477713833891992e-10
6140.96,2.262841058131555e-10
6140.97,2.278984887185353e-10
6140.98,2.2962777541609553e-10
6140.99,2.3154568634525934e-10
6141.0,2.335324723720737e-10
6141.01,2.3566467139610077e-10
6141.02,2.379560288799164e-10
6141.03,2.404226876402283e-10
6141.04,2.430836864002976e-10
6141.05,2.459615799727056e-10
6141.06,2.490832130568302e-10
6141.07,2.5248068770058453e-10
6141.08,2.5619257373733554e-10
6141.09,2.602654210819856e-10
6141.1,2.6475564042759844e-10
6141.11,2.697318194330867e-10
6141.12,2.7527752406943307e-10
6141.13,2.8149457727141474e-10
6141.14,2.885066662793643e-10
6141.15,2.964628243944983e-10
6141.16,3.0553971509258605e-10
6141.17,3.1594046933005807e-10
6141.18,3.2788433698821565e-10
6141.19,3.4158508369074683e-10
6141.2,3.5719673399557924e-10
6141.21,3.7471926166246417e-10
6141.22,3.9383033212925745e-10
6141.23,4.137829222426578e-10
6141.24,4.292803625138066e-10
6141.25,4.4610179624925714e-10
6141.26,4.5825825672452864e-10
6141.27,4.6425095733364023e-10
6141.28,4.6385307727025246e-10
6141.29,4.5823648943658933e-10
6141.3,4.4946022583458624e-10
6141.31,4.3970382375777037e-10
6141.32,4.30785866798644e-10
6141.33,4.2367811423033895e-10
6141.34,4.1905734232394034e-10
6141.35,4.171899734526566e-10
6141.36,4.181867885783714e-10
6141.37,4.221345900413642e-10
6141.38,4.2919511066170474e-10
6141.39,4.3965665639548797e-10
6141.4,4.540285697183599e-10
6141.41,4.731098314124576e-10
6141.42,4.978487597814535e-10
6141.43,5.304654911249334e-10
6141.44,5.730047303736201e-10
6141.45,6.280802697095667e-10
6141.46,6.973969633252127e-10
6141.47,7.785633174854105e-10
6141.48,8.602877799083459e-10
6141.49,9.215098385697079e-10
6141.5,9.427290496267718e-10
6141.51,9.230973742989989e-10
6141.52,8.814699045884977e-10
6141.53,8.398496756430721e-10
6141.54,8.107947343036537e-10
6141.55,7.973113242174172e-10
6141.56,7.975566924230634e-10
6141.57,8.080247559322591e-10
6141.58,8.248466898737463e-10
6141.59,8.440967052624993e-10
6141.6,8.619562654028435e-10
6141.61,8.750536538295447e-10
6141.62,8.809714052631721e-10
6141.63,8.787235919141667e-10
6141.64,8.687297975521356e-10
6141.65,8.531174147629042e-10
6141.66,8.342672291359716e-10
6141.67,8.147682372598192e-10
6141.68,7.933388241093576e-10
6141.69,7.786867429901007e-10
6141.7,7.68456426729301e-10
6141.71,7.633739314671137e-10
6141.72,7.639269783633963e-10
6141.73,7.703856314350041e-10
6141.74,7.82808409869238e-10
6141.75,8.009187868470222e-10
6141.76,8.23872313211912e-10
6141.77,8.500162003124311e-10
6141.78,8.768937749410634e-10
6141.79,9.018149388869347e-10
6141.8,9.229992370507532e-10
6141.81,9.406652373145957e-10
6141.82,9.572257192067282e-10
6141.83,9.764689240717142e-10
6141.84,1.0024642908123376e-09
6141.85,1.0388428064445283e-09
6141.86,1.1027096097728402e-09
6141.87,1.165736542666737e-09
6141.88,1.24065393189009e-09
6141.89,1.3278715490344281e-09
6141.9,1.434362969918583e-09
6141.91,1.5713280593683974e-09
6141.92,1.7506427503832215e-09
6141.93,1.985709809013826e-09
6141.94,2.293015068320813e-09
6141.95,2.689650409462486e-09
6141.96,3.181665472332906e-09
6141.97,3.736777987171446e-09
6141.98,4.251628650526329e-09
6141.99,4.5643555051908375e-09
6142.0,4.5573258782370646e-09
6142.01,4.261102561158048e-09
6142.02,3.818604590022732e-09
6142.03,3.363438211088864e-09
6142.04,2.9603715994089326e-09
6142.05,2.6223997169267456e-09
6142.06,2.3423866991620842e-09
6142.07,2.1100691673684946e-09
6142.08,1.9169759854596696e-09
6142.09,1.756661407887526e-09
6142.1,1.6240950782958458e-09
6142.11,1.5149429774872193e-09
6142.12,1.4256007486449365e-09
6142.13,1.3530787007101615e-09
6142.14,1.2947412205893501e-09
6142.15,1.2483945371681722e-09
6142.16,1.2121728151323102e-09
6142.17,1.1844523336766369e-09
6142.18,1.163759215044288e-09
6142.19,1.1486951358940333e-09
6142.2,1.1379118765358726e-09
6142.21,1.1301640895445305e-09
6142.22,1.1244364748979472e-09
6142.23,1.12008406451216e-09
6142.24,1.1168921463966086e-09
6142.25,1.1150038251555221e-09
6142.26,1.1147525031656317e-09
6142.27,1.1164500023200816e-09
6142.28,1.1205722483405788e-09
6142.29,1.1269581840829951e-09
6142.3,1.1357805268587724e-09
6142.31,1.1470151281917001e-09
6142.32,1.1605897057007492e-09
6142.33,1.1764680400458154e-09
6142.34,1.1945800964425241e-09
6142.35,1.214885670711885e-09
6142.36,1.2373649480810682e-09
6142.37,1.2620200546897126e-09
6142.38,1.2886201195186203e-09
6142.39,1.3177244075307065e-09
6142.4,1.3491445853980596e-09
6142.41,1.382972049145934e-09
6142.42,1.4193212479934215e-09
6142.43,1.4583307349373038e-09
6142.44,1.5001647229577355e-09
6142.45,1.5450151958561329e-09
6142.46,1.5931046289975482e-09
6142.47,1.644689387550004e-09
6142.48,1.7000638849999457e-09
6142.49,1.75956560119871e-09
6142.5,1.823581073956389e-09
6142.51,1.8925529878036923e-09
6142.52,1.9669884802565897e-09
6142.53,2.0474687578428375e-09
6142.54,2.13466003924486e-09
6142.55,2.2293256850270975e-09
6142.56,2.3323390769408655e-09
6142.57,2.44461117275542e-09
6142.58,2.5674412341446847e-09
6142.59,2.7020133898755853e-09
6142.6,2.8497323459474976e-09
6142.61,3.0121233999321956e-09
6142.62,3.1908008067375793e-09
6142.63,3.3874261990664466e-09
6142.64,3.6036720157312738e-09
6142.65,3.84120837395419e-09
6142.66,4.101707568123569e-09
6142.67,4.386800460356122e-09
6142.68,4.697859791752629e-09
6142.69,5.0354940723382924e-09
6142.7,5.398732134135251e-09
6142.71,5.784002906015234e-09
6142.72,6.183972494117341e-09
6142.73,6.587411154173275e-09
6142.74,6.9782868765343304e-09
6142.75,7.337453150579672e-09
6142.76,7.645076810213826e-09
6142.77,7.884417197623828e-09
6142.78,8.045637798110865e-09
6142.79,8.128721429894835e-09
6142.8,8.14363063257227e-09
6142.81,8.108135303404405e-09
6142.82,8.044154060235175e-09
6142.83,7.973390058399216e-09
6142.84,7.915390898197859e-09
6142.85,7.885920183727327e-09
6142.86,7.896703537996374e-09
6142.87,7.957088903743277e-09
6142.88,8.074608905003168e-09
6142.89,8.256143561100577e-09
6142.9,8.508774160785324e-09
6142.91,8.840543916718159e-09
6142.92,9.261241568979376e-09
6142.93,9.783298098023215e-09
6142.94,1.0423004648967534e-08
6142.95,1.1201246582799591e-08
6142.96,1.2145726173307145e-08
6142.97,1.3291916320741242e-08
6142.98,1.4683749539544576e-08
6142.99,1.6371261331605926e-08
6143.0,1.840068559723508e-08
6143.01,2.0789494802110856e-08
6143.02,2.348151785077545e-08
6143.03,2.6299878159818833e-08
6143.04,2.896053235829817e-08
6143.05,3.121113954472814e-08
6143.06,3.3028647340275675e-08
6143.07,3.467565629697799e-08
6143.08,3.654477151444079e-08
6143.09,3.8961305938798765e-08
6143.1,4.208860979193032e-08
6143.11,4.592648768329526e-08
6143.12,5.032178726374426e-08
6143.13,5.496212338899241e-08
6143.14,5.9373237211655406e-08
6143.15,6.296311157578659e-08
6143.16,6.514420324318917e-08
6143.17,6.551326043241957e-08
6143.18,6.400252882741997e-08
6143.19,6.090227100805813e-08
6143.2,5.6734930914942195e-08
6143.21,5.208521595196897e-08
6143.22,4.742419889022269e-08
6143.23,4.306417225558757e-08
6143.24,3.915997921760375e-08
6143.25,3.5750171552439677e-08
6143.26,3.28025529801444e-08
6143.27,3.02499490150767e-08
6143.28,2.8020183269259145e-08
6143.29,2.604999029961435e-08
6143.3,2.429390793619361e-08
6143.31,2.2725093188616115e-08
6143.32,2.133154975135997e-08
6143.33,2.0110366256045914e-08
6143.34,1.9062696230435776e-08
6143.35,1.819062365537176e-08
6143.36,1.7495099946830115e-08
6143.37,1.697709925091181e-08
6143.38,1.6637650362516235e-08
6143.39,1.6479098895942254e-08
6143.4,1.6506181054184748e-08
6143.41,1.6726940757386453e-08
6143.42,1.7152977019821197e-08
6143.43,1.780232441364007e-08
6143.44,1.86962606851877e-08
6143.45,1.9861370516516007e-08
6143.46,2.132767308262245e-08
6143.47,2.3125468017974662e-08
6143.48,2.5278025435705692e-08
6143.49,2.779357156343388e-08
6143.5,3.0643732324072695e-08
6143.51,3.374163806610081e-08
6143.52,3.6915712628867626e-08
6143.53,3.989526145647977e-08
6143.54,4.232787868246134e-08
6143.55,4.38465959552826e-08
6143.56,4.417503680968795e-08
6143.57,4.322771655428074e-08
6143.58,4.114333545638834e-08
6143.59,3.8229880516445504e-08
6143.6,3.485731898779349e-08
6143.61,3.13584903528666e-08
6143.62,2.7975749555737994e-08
6143.63,2.4853628166510325e-08
6143.64,2.20578495057854e-08
6143.65,1.9601810958355984e-08
6143.66,1.746739061011581e-08
6143.67,1.5623922685416427e-08
6143.68,1.4035260585918e-08
6143.69,1.2666566944756446e-08
6143.7,1.1484070563670831e-08
6143.71,1.046008013686757e-08
6143.72,9.570271563790544e-09
6143.73,8.794286983537137e-09
6143.74,8.114926054432168e-09
6143.75,7.517886677565886e-09
6143.76,6.991249695891255e-09
6143.77,6.525076200370309e-09
6143.78,6.111064877143744e-09
6143.79,5.74226612059629e-09
6143.8,5.4126165839786915e-09
6143.81,5.118893249748959e-09
6143.82,4.854271369290037e-09
6143.83,4.616463122199716e-09
6143.84,4.402491772041337e-09
6143.85,4.209827442021404e-09
6143.86,4.036317590550137e-09
6143.87,3.880130301611751e-09
6143.88,3.739708042369607e-09
6143.89,3.61373001506005e-09
6143.9,3.5010816180075273e-09
6143.91,3.4035969763115573e-09
6143.92,3.314988341627706e-09
6143.93,3.237381314754794e-09
6143.94,3.170287047529886e-09
6143.95,3.1133440662910438e-09
6143.96,3.066313531124838e-09
6143.97,3.029077648180831e-09
6143.98,3.001641288637329e-09
6143.99,2.984137013487895e-09
6144.0,2.9768338688263594e-09
6144.01,2.9801505136259366e-09
6144.02,2.993407767475186e-09
6144.03,3.019928409909563e-09
6144.04,3.059437834306161e-09
6144.05,3.1132066718626222e-09
6144.06,3.1828274207583285e-09
6144.07,3.2702859467315367e-09
6144.08,3.3780548426689015e-09
6144.09,3.509215917652288e-09
6144.1,3.6676218860898942e-09
6144.11,3.858111293274194e-09
6144.12,4.086796351904025e-09
6144.13,4.361451379160084e-09
6144.14,4.692040856026071e-09
6144.15,5.091441897931875e-09
6144.16,5.576437106406683e-09
6144.17,6.169080071632323e-09
6144.18,6.898942099707169e-09
6144.19,7.80421847234947e-09
6144.2,8.936870261723333e-09
6144.21,1.0365113762796442e-08
6144.22,1.2176789934866372e-08
6144.23,1.4478489525614097e-08
6144.24,1.7382274565075374e-08
6144.25,2.0962562460564282e-08
6144.26,2.515796844397126e-08
6144.27,2.961279404578866e-08
6144.28,3.354948839348534e-08
6144.29,3.5906738200258654e-08
6144.3,3.5872755964396374e-08
6144.31,3.3469779390587386e-08
6144.32,2.95316569383349e-08
6144.33,2.5118953349455463e-08
6144.34,2.099259760944725e-08
6144.35,1.74937434078301e-08
6144.36,1.4676574781562013e-08
6144.37,1.2465130772679715e-08
6144.38,1.074872722420703e-08
6144.39,9.423334856000498e-09
6144.4,8.404040415202033e-09
6144.41,7.625569063966141e-09
6144.42,7.038707343030572e-09
6144.43,6.607543328867708e-09
6144.44,6.303934366894715e-09
6144.45,6.105640648398971e-09
6144.46,5.993454265768685e-09
6144.47,5.9482913522755e-09
6144.48,5.9493117590052566e-09
6144.49,5.972605156773375e-09
6144.5,5.991457354275916e-09
6144.51,5.97872448417849e-09
6144.52,5.9111883462891375e-09
6144.53,5.774469624007642e-09
6144.54,5.566276267446202e-09
6144.55,5.296548957342383e-09
6144.56,4.98253110323301e-09
6144.57,4.6455363128807326e-09
6144.58,4.305011880282162e-09
6144.59,3.976123196155109e-09
6144.6,3.6690926992733436e-09
6144.61,3.3892716173215433e-09
6144.62,3.138929892803612e-09
6144.63,2.9177265456139118e-09
6144.64,2.723592718752121e-09
6144.65,2.553167243411194e-09
6144.66,2.4020957038122687e-09
6144.67,2.265479957292997e-09
6144.68,2.138689756933928e-09
6144.69,2.0183751047021027e-09
6144.7,1.903109909512868e-09
6144.71,1.7931959945339406e-09
6144.72,1.6897948621081628e-09
6144.73,1.594006561877902e-09
6144.74,1.5063158201770837e-09
6144.75,1.4268213544276005e-09
6144.76,1.3549816045917337e-09
6144.77,1.2901098051748917e-09
6144.78,1.2314554568711513e-09
6144.79,1.1782924407328874e-09
6144.8,1.1299640775444774e-09
6144.81,1.0858915312255792e-09
6144.82,1.04557550133238e-09
6144.83,1.0085884773961816e-09
6144.84,9.745654294286045e-10
6144.85,9.43194598305288e-10
6144.86,9.142092181517479e-10
6144.87,8.873804147499992e-10
6144.88,8.625112586175984e-10
6144.89,8.394318472605671e-10
6144.9,8.17995263504124e-10
6144.91,7.980742624471674e-10
6144.92,7.795585579082842e-10
6144.93,7.623526003488883e-10
6144.94,7.463737583539601e-10
6144.95,7.315508331106804e-10
6144.96,7.178228499132019e-10
6144.97,7.050651900959031e-10
6144.98,6.933808409995304e-10
6144.99,6.826610607775462e-10
6145.0,6.728778752170185e-10
6145.01,6.640104086765783e-10
6145.02,6.560446965564358e-10
6145.03,6.489736196188514e-10
6145.04,6.427969580033267e-10
6145.05,6.375215662482128e-10
6145.06,6.331616739662345e-10
6145.07,6.29739320212227e-10
6145.08,6.272849330276444e-10
6145.09,6.258380692708571e-10
6145.1,6.254483336151906e-10
6145.11,6.26176499522787e-10
6145.12,6.280958589081926e-10
6145.13,6.31293830828914e-10
6145.14,6.3587386234497e-10
6145.15,6.419576557467439e-10
6145.16,6.496877541295458e-10
6145.17,6.592305092502096e-10
6145.18,6.70779437748585e-10
6145.19,6.845589377104898e-10
6145.2,7.008282773533081e-10
6145.21,7.198856660516738e-10
6145.22,7.420720522951876e-10
6145.23,7.677740299053009e-10
6145.24,7.974248259960483e-10
6145.25,8.315017289317044e-10
6145.26,8.705174172321314e-10
6145.27,9.150013997470739e-10
6145.28,9.654661519191587e-10
6145.29,1.0223506608257491e-09
6145.3,1.08593244619671e-09
6145.31,1.1561988422401228e-09
6145.32,1.2326715995096448e-09
6145.33,1.3141891469229712e-09
6145.34,1.3986344838270585e-09
6145.35,1.482898862534126e-09
6145.36,1.562601576160082e-09
6145.37,1.6324438763901788e-09
6145.38,1.6867346819300553e-09
6145.39,1.7202840837144681e-09
6145.4,1.7294377326891863e-09
6145.41,1.7129160794604378e-09
6145.42,1.6721283364030127e-09
6145.43,1.6108272085323097e-09
6145.44,1.5342514476650567e-09
6145.45,1.4480913711628538e-09
6145.46,1.3576089174458846e-09
6145.47,1.2671299860065653e-09
6145.48,1.1797072201339477e-09
6145.49,1.097408822688889e-09
6145.5,1.0213595853767923e-09
6145.51,9.520133884829143e-10
6145.52,8.893750283465887e-10
6145.53,8.331506551309604e-10
6145.54,7.784490279374765e-10
6145.55,7.337172221977325e-10
6145.56,6.939385264892238e-10
6145.57,6.586083898335368e-10
6145.58,6.272555112501998e-10
6145.59,5.994480022210217e-10
6145.6,5.747944302188099e-10
6145.61,5.529442106143048e-10
6145.62,5.33590976990734e-10
6145.63,5.164797544518463e-10
6145.64,5.014144339513129e-10
6145.65,4.882744088627282e-10
6145.66,4.769499589240737e-10
6145.67,4.674188286507723e-10
6145.68,4.5967842700964933e-10
6145.69,4.5375648943501405e-10
6145.7,4.4971288857451576e-10
6145.71,4.47644997150117e-10
6145.72,4.4769423796819636e-10
6145.73,4.500515237068822e-10
6145.74,4.5495964821039784e-10
6145.75,4.627074232419958e-10
6145.76,4.736051915107232e-10
6145.77,4.879424188031992e-10
6145.78,5.05880438769703e-10
6145.79,5.27284697888379e-10
6145.8,5.514715990440208e-10
6145.81,5.76915549028905e-10
6145.82,6.010596549749555e-10
6145.83,6.20400824736786e-10
6145.84,6.315664725601665e-10
6145.85,6.468380664509444e-10
6145.86,6.36261334337678e-10
6145.87,6.165383298368605e-10
6145.88,5.910532533639685e-10
6145.89,5.634172113654205e-10
6145.9,5.365457676239985e-10
6145.91,5.123235080410138e-10
6145.92,4.917093416586136e-10
6145.93,4.758245579351394e-10
6145.94,4.629800246626504e-10
6145.95,4.537105628838008e-10
6145.96,4.476561959444675e-10
6145.97,4.443980690084448e-10
6145.98,4.434635529387575e-10
6145.99,4.4430209716003455e-10
6146.0,4.4628286027158046e-10
6146.01,4.486612413897767e-10
6146.02,4.50626940569386e-10
6146.03,4.513748390939832e-10
6146.04,4.502275469711827e-10
6146.05,4.467242071536724e-10
6146.06,4.407520742399994e-10
6146.07,4.3252832878999416e-10
6146.08,4.225555857753015e-10
6146.09,4.114290956522351e-10
6146.1,3.9981823763765617e-10
6146.11,3.882728642432571e-10
6146.12,3.772993303060915e-10
6146.13,3.6723788184179914e-10
6146.14,3.5817131348153533e-10
6146.15,3.5026551239912583e-10
6146.16,3.4356567345161136e-10
6146.17,3.376848963601716e-10
6146.18,3.334099758114297e-10
6146.19,3.303342135959243e-10
6146.2,3.284578766775103e-10
6146.21,3.2779819024137125e-10
6146.22,3.2839567962197863e-10
6146.23,3.303050275770656e-10
6146.24,3.3365966501081494e-10
6146.25,3.385885179104936e-10
6146.26,3.4528057757455737e-10
6146.27,3.5397402914937857e-10
6146.28,3.6495624873787877e-10
6146.29,3.785546214015325e-10
6146.3,3.9510432932532943e-10
6146.31,4.148977743073098e-10
6146.32,4.380539816507939e-10
6146.33,4.643275549596441e-10
6146.34,4.928306331101749e-10
6146.35,5.217402471686478e-10
6146.36,5.481705707012206e-10
6146.37,5.6848431395907e-10
6146.38,5.792083308838019e-10
6146.39,5.782929814834221e-10
6146.4,5.659972419569223e-10
6146.41,5.447702687906344e-10
6146.42,5.182180535991085e-10
6146.43,4.898680491655403e-10
6146.44,4.623793019844074e-10
6146.45,4.373472676778835e-10
6146.46,4.154881186877257e-10
6146.47,3.969384832751649e-10
6146.48,3.814942537696889e-10
6146.49,3.688799952024123e-10
6146.5,3.587190875493979e-10
6146.51,3.506728214544949e-10
6146.52,3.44442410863393e-10
6146.53,3.3977512184289204e-10
6146.54,3.36462649074464e-10
6146.55,3.343363374016284e-10
6146.56,3.3326157291585034e-10
6146.57,3.33132420096999e-10
6146.58,3.338669340052363e-10
6146.59,3.3540325976445106e-10
6146.6,3.376964890470797e-10
6146.61,3.407161888225832e-10
6146.62,3.444445055583964e-10
6146.63,3.4887475486066385e-10
6146.64,3.5401042058679165e-10
6146.65,3.601025799947512e-10
6146.66,3.66698401010878e-10
6146.67,3.7406608210222596e-10
6146.68,3.822461635329889e-10
6146.69,3.9128888768340637e-10
6146.7,4.0125487564685766e-10
6146.71,4.122160667115506e-10
6146.72,4.2425694436398913e-10
6146.73,4.3747608355572854e-10
6146.74,4.519880663219984e-10
6146.75,4.679258268236502e-10
6146.76,4.854435031445631e-10
6146.77,4.907012965244566e-10
6146.78,5.120565780646284e-10
6146.79,5.35618360734219e-10
6146.8,5.616681265278014e-10
6146.81,5.90535946502636e-10
6146.82,6.229150179359866e-10
6146.83,6.58637548059071e-10
6146.84,6.985436613287174e-10
6146.85,7.432580009809228e-10
6146.86,7.935167472772687e-10
6146.87,8.501879418969461e-10
6146.88,9.142948511313898e-10
6146.89,9.870425949061134e-10
6146.9,1.0698485360288085e-09
6146.91,1.1405840937826105e-09
6146.92,1.2488829521997194e-09
6146.93,1.3734462559214296e-09
6146.94,1.5164931665491626e-09
6146.95,1.6815635772627003e-09
6146.96,1.8726766674663413e-09
6146.97,2.094785901447826e-09
6146.98,2.3539783245004706e-09
6146.99,2.6576196768131428e-09
6147.0,3.0140626400724284e-09
6147.01,3.432325531778853e-09
6147.02,3.920382525458289e-09
6147.03,4.481887181844014e-09
6147.04,5.10992362584868e-09
6147.05,5.7774948966526325e-09
6147.06,6.427538838378524e-09
6147.07,6.971088438083674e-09
6147.08,7.304896905284431e-09
6147.09,7.3502054203199455e-09
6147.1,7.091897348097666e-09
6147.11,6.587276535012246e-09
6147.12,5.936745284077486e-09
6147.13,5.240999282377375e-09
6147.14,4.573128180063764e-09
6147.15,3.973005434937288e-09
6147.16,3.4549457501320476e-09
6147.17,3.0181152620764044e-09
6147.18,2.6545672698404157e-09
6147.19,2.3540117525734796e-09
6147.2,2.1063748250341906e-09
6147.21,1.9024898958200794e-09
6147.22,1.7344089618229432e-09
6147.23,1.5952540933403702e-09
6147.24,1.4789017599752755e-09
6147.25,1.380365594120957e-09
6147.26,1.295946868366687e-09
6147.27,1.223415625366612e-09
6147.28,1.1616660451711445e-09
6147.29,1.1101033478834609e-09
6147.3,1.0681903379901177e-09
6147.31,1.0353090430997302e-09
6147.32,1.0108135244840174e-09
6147.33,9.941206857254845e-10
6147.34,9.847723153632392e-10
6147.35,9.824638381058562e-10
6147.36,9.87053279471769e-10
6147.37,9.98566064854216e-10
6147.38,1.017195378687825e-09
6147.39,1.0433127904485867e-09
6147.4,1.0774831849645215e-09
6147.41,1.1204889568443672e-09
6147.42,1.1567614894564675e-09
6147.43,1.2209258946958094e-09
6147.44,1.2979862482729096e-09
6147.45,1.390073938729408e-09
6147.46,1.4998540584810216e-09
6147.47,1.6306377978543075e-09
6147.48,1.7865036216748436e-09
6147.49,1.9724050598601032e-09
6147.5,2.1942224645223826e-09
6147.51,2.4585676853925465e-09
6147.52,2.772397421212088e-09
6147.53,3.141715192071547e-09
6147.54,3.5691904601292066e-09
6147.55,4.050153139091851e-09
6147.56,4.567265086667042e-09
6147.57,5.086000319935835e-09
6147.58,5.5556286446940485e-09
6147.59,5.920586597667697e-09
6147.6,6.141270266143371e-09
6147.61,6.2116259799608585e-09
6147.62,6.1599951248217524e-09
6147.63,6.030973401173889e-09
6147.64,5.8620823566040615e-09
6147.65,5.670191228246055e-09
6147.66,5.452493858767867e-09
6147.67,5.197434926720964e-09
6147.68,4.8974683428206285e-09
6147.69,4.556684102343484e-09
6147.7,4.190568182344263e-09
6147.71,3.820301448911373e-09
6147.72,3.4660146963530706e-09
6147.73,3.142711822066705e-09
6147.74,2.8592754356138347e-09
6147.75,2.6194535957109473e-09
6147.76,2.4235020816550762e-09
6147.77,2.269295355958329e-09
6147.78,2.151270318088171e-09
6147.79,2.067616764154384e-09
6147.8,2.0082160357261456e-09
6147.81,1.9616755795949366e-09
6147.82,1.9141309133768416e-09
6147.83,1.8521657103337007e-09
6147.84,1.7672350630781112e-09
6147.85,1.6588246504240032e-09
6147.86,1.5338044509918328e-09
6147.87,1.4024808691109879e-09
6147.88,1.274316085037278e-09
6147.89,1.155629769656355e-09
6147.9,1.0494300865101183e-09
6147.91,9.563206624812349e-10
6147.92,8.755421527579387e-10
6147.93,8.057405263433994e-10
6147.94,7.454138458970873e-10
6147.95,6.93150724274306e-10
6147.96,6.476899702505469e-10
6147.97,6.079484199332683e-10
6147.98,5.730017389388573e-10
6147.99,5.420624335405089e-10
6148.0,5.144678389546011e-10
6148.01,4.896804096558077e-10
6148.02,4.672882271574748e-10
6148.03,4.469901301951007e-10
6148.04,4.284868417991219e-10
6148.05,4.117548801588225e-10
6148.06,3.965596425419209e-10
6148.07,3.827554137051897e-10
6148.08,3.7020687252047084e-10
6148.09,3.587906665863674e-10
6148.1,3.48396561653164e-10
6148.11,3.3892745469868604e-10
6148.12,3.302986568531522e-10
6148.13,3.224365528885858e-10
6148.14,3.1527734123282917e-10
6148.15,3.0876576166629945e-10
6148.16,3.028539673434979e-10
6148.17,2.975005537186829e-10
6148.18,2.9266973872769945e-10
6148.19,2.88330678460322e-10
6148.2,2.8445690005780086e-10
6148.21,2.7860052171570906e-10
6148.22,2.756029274997469e-10
6148.23,2.730131029715511e-10
6148.24,2.7081817543156405e-10
6148.25,2.690080410475605e-10
6148.26,2.676166053074079e-10
6148.27,2.6655632499532635e-10
6148.28,2.6586588655895075e-10
6148.29,3.436662093776715e-10
6148.3,3.44105409710906e-10
6148.31,3.4492446042918504e-10
6148.32,3.461307920946649e-10
6148.33,3.4773451742309134e-10
6148.34,3.497485894734318e-10
6148.35,3.5218900205737985e-10
6148.36,3.550750356277988e-10
6148.37,3.584295523077768e-10
6148.38,3.622793438222686e-10
6148.39,3.666555357224501e-10
6148.4,3.7159405011323266e-10
6148.41,3.7713612670366187e-10
6148.42,3.8332889775364026e-10
6148.43,3.902260056755928e-10
6148.44,3.978882418128796e-10
6148.45,4.0638417086488186e-10
6148.46,4.157906882543539e-10
6148.47,4.261934412340238e-10
6148.48,4.376870383377881e-10
6148.49,4.503749959381674e-10
6148.5,4.643694587567637e-10
6148.51,4.797909274803956e-10
6148.52,4.967968307870039e-10
6148.53,5.154706297726494e-10
6148.54,5.359956061548486e-10
6148.55,5.585514551754433e-10
6148.56,5.833562205954311e-10
6148.57,6.106834164094224e-10
6148.58,6.408789852865611e-10
6148.59,6.743736557425748e-10
6148.6,7.116873350184776e-10
6148.61,7.534247718824187e-10
6148.62,8.002639206337168e-10
6148.63,8.529384343679585e-10
6148.64,9.122136449435943e-10
6148.65,9.788483731288286e-10
6148.66,1.053540379997042e-09
6148.67,1.1368342539765939e-09
6148.68,1.2289854332588933e-09
6148.69,1.3297671294489675e-09
6148.7,1.4382202676799776e-09
6148.71,1.552321986542145e-09
6148.72,1.6689199009570006e-09
6148.73,1.7833384276004272e-09
6148.74,1.8897278573135074e-09
6148.75,1.981630775637668e-09
6148.76,2.05301783719641e-09
6148.77,2.0996312753660586e-09
6148.78,2.120078071972785e-09
6148.79,2.1163201223595493e-09
6148.8,2.093051483305835e-09
6148.81,2.0560267887634766e-09
6148.82,2.0096771120047117e-09
6148.83,1.95492327131359e-09
6148.84,1.8887475176002082e-09
6148.85,1.8066054359857076e-09
6148.86,1.7073595459553687e-09
6148.87,1.5959262875686359e-09
6148.88,1.4815515403997732e-09
6148.89,1.3732600348968848e-09
6148.9,1.2763680443008259e-09
6148.91,1.1916230149007743e-09
6148.92,1.1244590892322884e-09
6148.93,1.0545885175176076e-09
6148.94,9.87140885790107e-10
6148.95,9.21545748782951e-10
6148.96,8.594334517535095e-10
6148.97,8.021808210600741e-10
6148.98,7.512218582890655e-10
6148.99,7.068028567784829e-10
6149.0,6.669801900885263e-10
6149.01,6.339620131538027e-10
6149.02,6.053428882961647e-10
6149.03,5.80263919682837e-10
6149.04,5.579984079969875e-10
6149.05,5.380107425490436e-10
6149.06,5.33084658506302e-10
6149.07,5.16858977295698e-10
6149.08,5.022324372241726e-10
6149.09,4.89102044482631e-10
6149.1,4.773599605338251e-10
6149.11,4.668886318166255e-10
6149.12,4.575665582120549e-10
6149.13,4.4927567256124205e-10
6149.14,4.4190652300861547e-10
6149.15,4.353608278204815e-10
6149.16,4.295520664961433e-10
6149.17,4.244048271596179e-10
6149.18,4.198537959993451e-10
6149.19,4.15842535449233e-10
6149.2,4.1232230103469954e-10
6149.21,4.092509793477184e-10
6149.22,4.065921733596358e-10
6149.23,4.043144341715794e-10
6149.24,4.023906270511972e-10
6149.25,4.0079741649138877e-10
6149.26,3.9951485580324326e-10
6149.27,3.9852606929792315e-10
6149.28,3.978170183842479e-10
6149.29,3.9737634653767177e-10
6149.3,3.971953020297889e-10
6149.31,3.9726774170701797e-10
6149.32,3.975902243098124e-10
6149.33,3.9816220832495866e-10
6149.34,3.989863778979509e-10
6149.35,4.000691319546525e-10
6149.36,4.014212879149758e-10
6149.37,4.030778259769607e-10
6149.38,4.0502295226102156e-10
6149.39,4.0730991343870083e-10
6149.4,4.0998052786073666e-10
6149.41,4.1309326957156946e-10
6149.42,4.1672744307409845e-10
6149.43,4.209906449373092e-10
6149.44,4.258957716364054e-10
6149.45,4.319002943764222e-10
6149.46,4.3913312153840834e-10
6149.47,4.4792778458748325e-10
6149.48,4.586765461172753e-10
6149.49,4.717453435586898e-10
6149.5,4.872314643074594e-10
6149.51,5.04477662205688e-10
6149.52,5.214762639738716e-10
6149.53,5.348551290381221e-10
6149.54,5.413279586810536e-10
6149.55,5.399988207126289e-10
6149.56,5.331030499639679e-10
6149.57,5.242554468546003e-10
6149.58,6.627561054942429e-10
6149.59,6.577880800429183e-10
6149.6,6.552681380633926e-10
6149.61,6.548948679625334e-10
6149.62,6.562050490928942e-10
6149.63,6.587164439084881e-10
6149.64,6.619605314791708e-10
6149.65,6.654875750710598e-10
6149.66,6.688891626589323e-10
6149.67,6.718552259264319e-10
6149.68,6.742277377705577e-10
6149.69,6.76030966292799e-10
6149.7,6.776432472056554e-10
6149.71,6.789168762165602e-10
6149.72,6.803055184877281e-10
6149.73,6.820097599978902e-10
6149.74,6.841599624068044e-10
6149.75,8.385473877327284e-10
6149.76,8.423118425062971e-10
6149.77,8.466070239031335e-10
6149.78,8.514133538294556e-10
6149.79,8.567056113148065e-10
6149.8,8.624593938257826e-10
6149.81,8.686541397505317e-10
6149.82,8.752745997697516e-10
6149.83,8.823114575770183e-10
6149.84,8.897615465914582e-10
6149.85,8.976279328025295e-10
6149.86,9.059200238321282e-10
6149.87,9.146538015714631e-10
6149.88,9.238522439914971e-10
6149.89,9.335459898565963e-10
6149.9,9.43774301213835e-10
6149.91,1.0139636543710494e-09
6149.92,1.0256995302380724e-09
6149.93,1.0921195587709739e-09
6149.94,1.1057110172529033e-09
6149.95,1.1202321868526053e-09
6149.96,1.1403016032764905e-09
6149.97,1.1570380919451315e-09
6149.98,1.1753618140723927e-09
6149.99,1.195402992427059e-09
6150.0,1.2174895235331835e-09
6150.01,1.2420288096958732e-09
6150.02,1.2695249129225415e-09
6150.03,1.3005949669764549e-09
6150.04,1.3359809007927205e-09
6150.05,1.3765245746648725e-09
6150.06,1.4231289784408601e-09
6150.07,1.4765661515227136e-09
6150.08,1.5372296075686988e-09
6150.09,1.6044361787843409e-09
6150.1,1.6756813555790474e-09
6150.11,1.7458343304521682e-09
6150.12,1.8071165256039936e-09
6150.13,1.8507367558835804e-09
6150.14,1.8701878222180885e-09
6150.15,1.8644134509631795e-09
6150.16,1.8383838281769472e-09
6150.17,1.8005763655125817e-09
6150.18,1.7594266091051053e-09
6150.19,1.721010169518861e-09
6150.2,1.6885617291950747e-09
6150.21,1.6630878329966691e-09
6150.22,1.6442393461565987e-09
6150.23,1.6310443573476137e-09
6150.24,1.6224723768964245e-09
6150.25,1.617268339310255e-09
6150.26,1.614854310874677e-09
6150.27,1.6120493013114965e-09
6150.28,1.6141802489496349e-09
6150.29,1.6183861511435266e-09
6150.3,1.6246151558829257e-09
6150.31,1.632804549473567e-09
6150.32,1.6428680011723862e-09
6150.33,1.6547018355227383e-09
6150.34,1.6681932311041105e-09
6150.35,1.6832359809927006e-09
6150.36,1.699733199616816e-09
6150.37,1.7176022372020483e-09
6150.38,1.7367759617421647e-09
6150.39,1.7572025858924608e-09
6150.4,1.7788447475299757e-09
6150.41,1.8016783026769147e-09
6150.42,1.8256910975704494e-09
6150.43,1.8508818600829815e-09
6150.44,1.8772592746344486e-09
6150.45,1.904841262807475e-09
6150.46,1.9336544708567123e-09
6150.47,1.9637339567530043e-09
6150.48,1.9951230676014023e-09
6150.49,2.0278735003973914e-09
6150.5,2.0620455430933626e-09
6150.51,2.0977084982717063e-09
6150.52,2.1349412975823794e-09
6150.53,2.17383332173823e-09
6150.54,2.2144854480860253e-09
6150.55,2.2564420927455656e-09
6150.56,2.3049827046316077e-09
6150.57,2.3516751084233175e-09
6150.58,2.4006770130431013e-09
6150.59,2.4521730489765104e-09
6150.6,2.5063727023854416e-09
6150.61,2.563514268412764e-09
6150.62,2.623869456000613e-09
6150.63,2.687748640430536e-09
6150.64,2.7555066506539507e-09
6150.65,2.8275487655960465e-09
6150.66,2.9043362025524126e-09
6150.67,2.986389691197589e-09
6150.68,3.074288560991386e-09
6150.69,3.168618653846869e-09
6150.7,3.2701154573672226e-09
6150.71,3.379356709384395e-09
6150.72,3.4968213131114185e-09
6150.73,3.622748433906869e-09
6150.74,3.756843201922497e-09
6150.75,3.898065703117443e-09
6150.76,4.044382311179603e-09
6150.77,4.192724378099709e-09
6150.78,4.339329456847718e-09
6150.79,4.480573101829056e-09
6150.8,4.6141209505947185e-09
6150.81,4.7399134109582955e-09
6150.82,4.860448017345437e-09
6150.83,4.9801963412099e-09
6150.84,5.104505804624664e-09
6150.85,5.238553517179975e-09
6150.86,5.386729987057658e-09
6150.87,5.552496921916167e-09
6150.88,5.738496549428928e-09
6150.89,5.947069179903464e-09
6150.9,6.180199147185766e-09
6150.91,6.439949067685851e-09
6150.92,6.728557243508746e-09
6150.93,7.046825378644834e-09
6150.94,7.400919145996162e-09
6150.95,7.792109026433932e-09
6150.96,8.223512266728102e-09
6150.97,8.698104022732261e-09
6150.98,9.218508535739568e-09
6150.99,9.786769869728137e-09
6151.0,1.040434834883494e-08
6151.01,1.1072563963514318e-08
6151.02,1.1793625528782305e-08
6151.03,1.2572074317486574e-08
6151.04,1.3416127421501051e-08
6151.05,1.4337959827037692e-08
6151.06,1.5353306267202837e-08
6151.07,1.6479733509051244e-08
6151.08,1.7734863175131297e-08
6151.09,1.9134663105443347e-08
6151.1,2.069175940605441e-08
6151.11,2.2413836733669888e-08
6151.12,2.430062798922229e-08
6151.13,2.6340507043474243e-08
6151.14,2.8507291121887196e-08
6151.15,3.080747038739555e-08
6151.16,3.306138605840392e-08
6151.17,3.522766601782705e-08
6151.18,3.718712030280516e-08
6151.19,3.8810583152019205e-08
6151.2,4.0011101654070645e-08
6151.21,4.063742697207973e-08
6151.22,4.065644279024469e-08
6151.23,4.009442843351487e-08
6151.24,3.9022464500307845e-08
6151.25,3.7553371391303335e-08
6151.26,3.5820593475665407e-08
6151.27,3.395771842088433e-08
6151.28,3.20845598444606e-08
6151.29,3.029660947133784e-08
6151.3,2.866959315778568e-08
6151.31,2.725990207444704e-08
6151.32,2.6111537302972112e-08
6151.33,2.526831571021287e-08
6151.34,2.4760436934207842e-08
6151.35,2.4641881481442964e-08
6151.36,2.497620963974958e-08
6151.37,2.584485134650032e-08
6151.38,2.7342084944600976e-08
6151.39,2.95487187112419e-08
6151.4,3.246147991477904e-08
6151.41,3.58588006371561e-08
6151.42,3.914651408145405e-08
6151.43,4.13700445665173e-08
6151.44,4.161300852553921e-08
6151.45,3.9610704409507046e-08
6151.46,3.595416008040081e-08
6151.47,3.16380045685747e-08
6151.48,2.7476537929646423e-08
6151.49,2.388034547079413e-08
6151.5,2.0946025453299667e-08
6151.51,1.861542568966364e-08
6151.52,1.678285586357246e-08
6151.53,1.5344336750760122e-08
6151.54,1.4213271245418368e-08
6151.55,1.3322308307099077e-08
6151.56,1.262023354390025e-08
6151.57,1.206896043107995e-08
6151.58,1.1638953321737852e-08
6151.59,1.1307488817247977e-08
6151.6,1.1055153683297799e-08
6151.61,1.0869128471107212e-08
6151.62,1.0734599658849723e-08
6151.63,1.0639289605430712e-08
6151.64,1.0571684515384402e-08
6151.65,1.0521045081641059e-08
6151.66,1.0477964743288732e-08
6151.67,1.0434826783365532e-08
6151.68,1.0387165553880754e-08
6151.69,1.0333007659494174e-08
6151.7,1.0273308624776092e-08
6151.71,1.0211495909842333e-08
6151.72,1.0152425887681326e-08
6151.73,1.0101551153774644e-08
6151.74,1.006405939779361e-08
6151.75,1.0044501211452595e-08
6151.76,1.0046744219273555e-08
6151.77,1.0073655469306142e-08
6151.78,1.0127490940334292e-08
6151.79,1.021004682451002e-08
6151.8,1.0322879776198401e-08
6151.81,1.0467511972113885e-08
6151.82,1.064561367848075e-08
6151.83,1.0859166660489043e-08
6151.84,1.1110617323338988e-08
6151.85,1.1403031040300145e-08
6151.86,1.17402603461017e-08
6151.87,1.2127191775204077e-08
6151.88,1.2569718407620763e-08
6151.89,1.3075585940129079e-08
6151.9,1.3654152057827695e-08
6151.91,1.431731272653961e-08
6151.92,1.5079749075807357e-08
6151.93,1.595974491681635e-08
6151.94,1.697981143746049e-08
6151.95,1.816729418807455e-08
6151.96,1.955372489901234e-08
6151.97,2.1174048954360843e-08
6151.98,2.3061243251456933e-08
6151.99,2.5235742443157446e-08
6152.0,2.7685634728586212e-08
6152.01,3.033704757586472e-08
6152.02,3.302348633235428e-08
6152.03,3.5480020611097595e-08
6152.04,3.7397604123575153e-08
6152.05,3.854285633793772e-08
6152.06,3.8879116024743954e-08
6152.07,3.859296321417551e-08
6152.08,3.800292710608894e-08
6152.09,3.7428195047781845e-08
6152.1,3.71051374658074e-08
6152.11,3.7173984948120705e-08
6152.12,3.770017971631709e-08
6152.13,3.871363443595202e-08
6152.14,4.0229938518494454e-08
6152.15,4.226686558074282e-08
6152.16,4.485354174991238e-08
6152.17,4.803445122877283e-08
6152.18,5.187297864681701e-08
6152.19,5.645318582659004e-08
6152.2,6.188230326854215e-08
6152.21,6.82924815834971e-08
6152.22,7.583640881903919e-08
6152.23,8.46873799259404e-08
6152.24,9.502001810708951e-08
6152.25,1.0697133027449571e-07
6152.26,1.205823096752626e-07
6152.27,1.356650315334621e-07
6152.28,1.5167060042245468e-07
6152.29,1.676159990367251e-07
6152.3,1.8219052550472149e-07
6152.31,1.9400153570083154e-07
6152.32,2.0179391025438192e-07
6152.33,2.0462089897018367e-07
6152.34,2.020657006767581e-07
6152.35,1.944384960371e-07
6152.36,1.8274979115737618e-07
6152.37,1.6842204444165407e-07
6152.38,1.529061042281386e-07
6152.39,1.373927071523775e-07
6152.4,1.2269507491814634e-07
6152.41,1.0926891615957109e-07
6152.42,9.732596660921809e-08
6152.43,8.681686463493239e-08
6152.44,7.767992160592982e-08
6152.45,6.977761157079188e-08
6152.46,6.295913424989941e-08
6152.47,5.707826396387841e-08
6152.48,5.200189926940313e-08
6152.49,4.761313704602147e-08
6152.5,4.381147292357997e-08
6152.51,4.0511469391203396e-08
6152.52,3.7640758335356254e-08
6152.53,3.5137704220718533e-08
6152.54,3.294888472514633e-08
6152.55,3.102658169598925e-08
6152.56,2.9327074664877307e-08
6152.57,2.7810989302162205e-08
6152.58,2.6445956824734977e-08
6152.59,2.5209635111804503e-08
6152.6,2.4089621888272418e-08
6152.61,2.307956097970468e-08
6152.62,2.2174427987168643e-08
6152.63,2.1367922633430278e-08
6152.64,2.0652277675933143e-08
6152.65,2.0019160040915728e-08
6152.66,1.9460622469993992e-08
6152.67,1.8969640827430803e-08
6152.68,1.8540252870192536e-08
6152.69,1.816744850416078e-08
6152.7,1.784709603493228e-08
6152.71,1.7575365370624366e-08
6152.72,1.734921011027032e-08
6152.73,1.7165917069437455e-08
6152.74,1.70231664136881e-08
6152.75,1.6919003507415804e-08
6152.76,1.6851825045423682e-08
6152.77,1.6820354973917445e-08
6152.78,1.682362891589763e-08
6152.79,1.6860979659222437e-08
6152.8,1.6932026108369588e-08
6152.81,1.7036666263627158e-08
6152.82,1.717507456260453e-08
6152.83,1.734770337296709e-08
6152.84,1.7555291725256583e-08
6152.85,1.779887652136349e-08
6152.86,1.807982701705591e-08
6152.87,1.839983728094803e-08
6152.88,1.87610502418195e-08
6152.89,1.9166104825556855e-08
6152.9,1.9618277770141334e-08
6152.91,2.012165878224878e-08
6152.92,2.0681373883575935e-08
6152.93,2.1303873974616262e-08
6152.94,2.1997411712847345e-08
6152.95,2.2772360212844304e-08
6152.96,2.364249729638443e-08
6152.97,2.4626194122109322e-08
6152.98,2.574866724701415e-08
6152.99,2.7045339806101917e-08
6153.0,2.856670502945493e-08
6153.01,3.038419365969328e-08
6153.02,3.259258593113649e-08
6153.03,3.5291625132662584e-08
6153.04,3.850352678764489e-08
6153.05,4.198813577969377e-08
6153.06,4.510427010416693e-08
6153.07,4.713637201467111e-08
6153.08,4.8010765716736245e-08
6153.09,4.840640667837522e-08
6153.1,4.9079937765175005e-08
6153.11,5.040828294748054e-08
6153.12,5.246438881405846e-08
6153.13,5.5218191879886506e-08
6153.14,5.864282428350821e-08
6153.15,6.27448999019973e-08
6153.16,6.756751206269328e-08
6153.17,7.318816953852139e-08
6153.18,7.971792718118677e-08
6153.19,8.730272431770697e-08
6153.2,9.612618326785827e-08
6153.21,1.0641311108668246e-07
6153.22,1.1843055805537769e-07
6153.23,1.324827689103218e-07
6153.24,1.4889677885484466e-07
6153.25,1.6798050994106201e-07
6153.26,1.899461989697056e-07
6153.27,2.1478695738486067e-07
6153.28,2.4212239020834357e-07
6153.29,2.710837917295787e-07
6153.3,3.003644112291978e-07
6153.31,3.2856560632304183e-07
6153.32,3.546771696937844e-07
6153.33,3.7838513041910815e-07
6153.34,3.998155175735106e-07
6153.35,4.1881132721018707e-07
6153.36,4.342655742070794e-07
6153.37,4.440587951227968e-07
6153.38,4.4576624846245166e-07
6153.39,4.3779436612674166e-07
6153.4,4.2028259789665976e-07
6153.41,3.9521299649526114e-07
6153.42,3.657347197366968e-07
6153.43,3.3519559887337795e-07
6153.44,3.064137638281979e-07
6153.45,2.814015369103419e-07
6153.46,2.614155476503407e-07
6153.47,2.4708786797795376e-07
6153.48,2.384014296497997e-07
6153.49,2.3434386953371538e-07
6153.5,2.3241552100518884e-07
6153.51,2.2867060985714142e-07
6153.52,2.1927978201004882e-07
6153.53,2.0296059735356286e-07
6153.54,1.8177679313487548e-07
6153.55,1.5932846178571627e-07
6153.56,1.384768469289794e-07
6153.57,1.2053713833926614e-07
6153.58,1.0567564642518452e-07
6153.59,9.35306771937651e-08
6153.6,8.360761218406215e-08
6153.61,7.544808958806553e-08
6153.62,6.867769405143069e-08
6153.63,6.3005092597463e-08
6153.64,5.8206240840694794e-08
6153.65,5.4112514471515475e-08
6153.66,5.0590603328127265e-08
6153.67,4.753755795505438e-08
6153.68,4.487239537437414e-08
6153.69,4.2531286843173307e-08
6153.7,4.046419406511472e-08
6153.71,3.8632273084144295e-08
6153.72,3.700559309361259e-08
6153.73,3.556100936189641e-08
6153.74,3.428036204240074e-08
6153.75,3.314892653999987e-08
6153.76,3.2154460075108614e-08
6153.77,3.128658692746303e-08
6153.78,3.0536392134052634e-08
6153.79,2.989637995868551e-08
6153.8,2.936026558976805e-08
6153.81,2.892296501208743e-08
6153.82,2.8580545137853898e-08
6153.83,2.8330189972045233e-08
6153.84,2.8170177245306744e-08
6153.85,2.8099868951409913e-08
6153.86,2.8119035730481716e-08
6153.87,2.8218068167107018e-08
6153.88,2.8424244128975466e-08
6153.89,2.8739553520806805e-08
6153.9,2.914813385590254e-08
6153.91,2.9667469317219782e-08
6153.92,3.030615272478758e-08
6153.93,3.10747152042734e-08
6153.94,3.198591840724042e-08
6153.95,3.305511871466319e-08
6153.96,3.430072321490096e-08
6153.97,3.5744755403877014e-08
6153.98,3.741353491174363e-08
6153.99,3.93384594253431e-08
6154.0,4.155687607507137e-08
6154.01,4.4113037952411206e-08
6154.02,4.7059124640977166e-08
6154.03,5.045624397742522e-08
6154.04,5.4375188203762056e-08
6154.05,5.889662593114043e-08
6154.06,6.410999390254493e-08
6154.07,7.01100656355073e-08
6154.08,7.698947142379062e-08
6154.09,8.482469813557769e-08
6154.1,9.36486823651279e-08
6154.11,1.0342724893762217e-07
6154.12,1.1399253838686945e-07
6154.13,1.249948442232962e-07
6154.14,1.3585235205587103e-07
6154.15,1.457466285231099e-07
6154.16,1.5370128056003136e-07
6154.17,1.5876369907992166e-07
6154.18,1.6025253367403658e-07
6154.19,1.5797025422160354e-07
6154.2,1.522699647544596e-07
6154.21,1.4393823721315263e-07
6154.22,1.3396006741996552e-07
6154.23,1.2328241602515686e-07
6154.24,1.1266511869365251e-07
6154.25,1.0261493122488057e-07
6154.26,9.34322986495815e-08
6154.27,8.523584687221355e-08
6154.28,7.804694133806716e-08
6154.29,7.181782734102855e-08
6154.3,6.646932115330779e-08
6154.31,6.191147142952301e-08
6154.32,5.805549680986205e-08
6154.33,5.482003132595762e-08
6154.34,5.2133918402308075e-08
6154.35,4.993706547860395e-08
6154.36,4.818030776845682e-08
6154.37,4.6825629641721084e-08
6154.38,4.5842396674989016e-08
6154.39,4.521146209275246e-08
6154.4,4.4921682771803876e-08
6154.41,4.497067040676554e-08
6154.42,4.53648956982068e-08
6154.43,4.6120323629570214e-08
6154.44,4.726334514171477e-08
6154.45,4.883214844104719e-08
6154.46,5.0878523522686984e-08
6154.47,5.3470053951206276e-08
6154.48,5.669252306413183e-08
6154.49,6.065208971663082e-08
6154.5,6.547624590519816e-08
6154.51,7.131139730895613e-08
6154.52,7.831311257548888e-08
6154.53,8.662476540712386e-08
6154.54,9.632918292572318e-08
6154.55,1.073660352597273e-07
6154.56,1.1940797651587848e-07
6154.57,1.3171960559428984e-07
6154.58,1.430790327166444e-07
6154.59,1.5189554889799532e-07
6154.6,1.5661764103743126e-07
6154.61,1.5632134416612046e-07
6154.62,1.5113116785763428e-07
6154.63,1.421604085538225e-07
6154.64,1.3101847316779033e-07
6154.65,1.192401643070232e-07
6154.66,1.079428167492182e-07
6154.67,9.776352465094524e-08
6154.68,8.896076412731338e-08
6154.69,8.155123990465384e-08
6154.7,7.544229167508344e-08
6154.71,7.048014890708368e-08
6154.72,6.651006067275402e-08
6154.73,6.338911127524597e-08
6154.74,6.099463301430032e-08
6154.75,5.922538409942486e-08
6154.76,5.8000013228264074e-08
6154.77,5.725458827408748e-08
6154.78,5.694003163396534e-08
6154.79,5.7019821576087664e-08
6154.8,5.746807886470401e-08
6154.81,5.826804704998026e-08
6154.82,5.940625746439087e-08
6154.83,6.089036879910598e-08
6154.84,6.272038986426635e-08
6154.85,6.490704637082153e-08
6154.86,6.746681129621859e-08
6154.87,7.042192277737341e-08
6154.88,7.380081899143711e-08
6154.89,7.763905323187984e-08
6154.9,8.198046492230309e-08
6154.91,8.687812418397219e-08
6154.92,9.239476796933858e-08
6154.93,9.860290180814382e-08
6154.94,1.0558493857887565e-07
6154.95,1.1343322595574103e-07
6154.96,1.222510875389583e-07
6154.97,1.3215076591623342e-07
6154.98,1.4325234831186851e-07
6154.99,1.5567924254341026e-07
6155.0,1.6955052717500046e-07
6155.01,1.8496847175191208e-07
6155.02,2.019996221563805e-07
6155.03,2.206474210762433e-07
6155.04,2.408154040324158e-07
6155.05,2.6226137434974385e-07
6155.06,2.845469117401961e-07
6155.07,3.0698460146544056e-07
6155.08,3.2865119009588444e-07
6155.09,3.4836007176777816e-07
6155.1,3.647898280920868e-07
6155.11,3.7664420616011477e-07
6155.12,3.828708579968329e-07
6155.13,3.8287291802090846e-07
6155.14,3.766414588497997e-07
6155.15,3.6475774186386233e-07
6155.16,3.4826425135695095e-07
6155.17,3.2845441761084966e-07
6155.18,3.0665275484919695e-07
6155.19,2.8405251308104545e-07
6155.2,2.6157665193180085e-07
6155.21,2.399357215993612e-07
6155.22,2.1956576968304565e-07
6155.23,2.0071319291921518e-07
6155.24,1.8347751725860992e-07
6155.25,1.6785728486297063e-07
6155.26,1.5378853022841362e-07
6155.27,1.4117097169917317e-07
6155.28,1.2988656996224272e-07
6155.29,1.198144405454669e-07
6155.3,1.1083665936262416e-07
6155.31,1.0284256270485237e-07
6155.32,9.572985231399152e-08
6155.33,8.940332334598595e-08
6155.34,8.377166418006405e-08
6155.35,7.8743882858746e-08
6155.36,7.42259914476209e-08
6155.37,7.01272658626028e-08
6155.38,6.637060232847196e-08
6155.39,6.290563843128435e-08
6155.4,5.971268856197135e-08
6155.41,5.6793544215312724e-08
6155.42,5.415635129461236e-08
6155.43,5.180437489398534e-08
6155.44,4.973201590494112e-08
6155.45,4.792549166349646e-08
6155.46,4.6364581638431325e-08
6155.47,4.502347445498715e-08
6155.48,4.387007502889466e-08
6155.49,4.2866308145499336e-08
6155.5,4.196576312522723e-08
6155.51,4.1116134908351746e-08
6155.52,4.026299457603329e-08
6155.53,3.935667259781371e-08
6155.54,3.836030909533136e-08
6155.55,3.726393760686614e-08
6155.56,3.6059642908235635e-08
6155.57,3.4778484141482975e-08
6155.58,3.345697154412682e-08
6155.59,3.213509101792341e-08
6155.6,3.084927926518676e-08
6155.61,2.962858186952691e-08
6155.62,2.849227185389749e-08
6155.63,2.7452352716061817e-08
6155.64,2.6514108596594868e-08
6155.65,2.567853145964054e-08
6155.66,2.4944373376166274e-08
6155.67,2.4309907427467072e-08
6155.68,2.3773777738364103e-08
6155.69,2.333597527821826e-08
6155.7,2.299773513929807e-08
6155.71,2.276155893906037e-08
6155.72,2.263146289588198e-08
6155.73,2.261312767364577e-08
6155.74,2.2714259020874085e-08
6155.75,2.2945024471123324e-08
6155.76,2.331869525330551e-08
6155.77,2.3852442730890234e-08
6155.78,2.4568289564355945e-08
6155.79,2.549403084173615e-08
6155.8,2.6664231105290735e-08
6155.81,2.8121452820606538e-08
6155.82,2.9917534875036936e-08
6155.83,3.2114147122754525e-08
6155.84,3.4781322817958074e-08
6155.85,3.798993275001431e-08
6155.86,4.180017840040665e-08
6155.87,4.623291867061777e-08
6155.88,5.1192763457811714e-08
6155.89,5.6532715985657737e-08
6155.9,6.18378486878032e-08
6155.91,6.648114582419626e-08
6155.92,6.972591792627397e-08
6155.93,7.092848380086238e-08
6155.94,6.979570869858183e-08
6155.95,6.651802316329517e-08
6155.96,6.168109037975693e-08
6155.97,5.602218290651824e-08
6155.98,5.019509432790654e-08
6155.99,4.465084230240341e-08
6156.0,3.9632426616289497e-08
6156.01,3.5227404134323614e-08
6156.02,3.1429090644099714e-08
6156.03,2.818373030514506e-08
6156.04,2.5420090294179073e-08
6156.05,2.3065921351728285e-08
6156.06,2.1054705869703444e-08
6156.07,1.9328792300441154e-08
6156.08,1.7839788516705912e-08
6156.09,1.6547862850757125e-08
6156.1,1.542057033655393e-08
6156.11,1.4431543983376689e-08
6156.12,1.3559275483088484e-08
6156.13,1.278610730843578e-08
6156.14,1.2097454493221668e-08
6156.15,1.1481213208569987e-08
6156.16,1.092730265834485e-08
6156.17,1.0427300730142282e-08
6156.18,9.974148638584397e-09
6156.19,9.561911449890917e-09
6156.2,9.185581156405692e-09
6156.21,8.840917467826264e-09
6156.22,8.524318011561263e-09
6156.23,8.232712789588125e-09
6156.24,7.963478288205293e-09
6156.25,7.71436745422448e-09
6156.26,7.483452435096746e-09
6156.27,7.269077527355905e-09
6156.28,7.069820182722928e-09
6156.29,6.884458185516958e-09
6156.3,6.7119479226599726e-09
6156.31,6.551371853692141e-09
6156.32,6.401972541413299e-09
6156.33,6.263073731227624e-09
6156.34,6.133966130107596e-09
6156.35,6.0140998497874035e-09
6156.36,5.90283894525256e-09
6156.37,5.799510149580525e-09
6156.38,5.708451402281097e-09
6156.39,5.6183748474097995e-09
6156.4,5.45609511529836e-09
6156.41,5.375130158530711e-09
6156.42,5.296748751171666e-09
6156.43,5.220048372539883e-09
6156.44,5.144588361830126e-09
6156.45,5.070485099586832e-09
6156.46,4.998383658504316e-09
6156.47,4.929303803893739e-09
6156.48,4.8644381233331285e-09
6156.49,4.804977886536808e-09
6156.5,4.752011242030181e-09
6156.51,4.706502274125057e-09
6156.52,4.669297087329835e-09
6156.53,4.6412119187842466e-09
6156.54,4.623063866946306e-09
6156.55,4.615720820319564e-09
6156.56,4.6201216609827e-09
6156.57,4.637256301420679e-09
6156.58,4.668131649310314e-09
6156.59,4.713629889959483e-09
6156.6,4.759660243246718e-09
6156.61,4.835790746508146e-09
6156.62,4.926721657569079e-09
6156.63,5.031131564755294e-09
6156.64,5.146910104586288e-09
6156.65,5.271002978313698e-09
6156.66,5.399384251313757e-09
6156.67,5.525868479975617e-09
6156.68,5.641607343731188e-09
6156.69,5.734953443143314e-09
6156.7,5.792778131035644e-09
6156.71,5.803176132952306e-09
6156.72,5.758637968545439e-09
6156.73,5.605314912731643e-09
6156.74,5.455654912067717e-09
6156.75,5.267799764629642e-09
6156.76,5.0556622529398295e-09
6156.77,4.8346307455746835e-09
6156.78,4.612117274056885e-09
6156.79,4.397991293971491e-09
6156.8,4.1972484857321544e-09
6156.81,4.012202451061507e-09
6156.82,3.843694949690423e-09
6156.83,3.691281775596395e-09
6156.84,3.5538715907099415e-09
6156.85,3.430199697982406e-09
6156.86,3.3187926572631895e-09
6156.87,3.2182578670509884e-09
6156.88,3.127307086347078e-09
6156.89,3.0447848031631256e-09
6156.9,2.9696752139121184e-09
6156.91,2.9010969107420397e-09
6156.92,2.83829235777573e-09
6156.93,2.780613252092408e-09
6156.94,2.72750386238694e-09
6156.95,2.6784808975459982e-09
6156.96,2.6331082952511785e-09
6156.97,2.5909155930261943e-09
6156.98,2.5516281227224926e-09
6156.99,2.5146594599022717e-09
6157.0,2.4796553891642813e-09
6157.01,2.4463252572197646e-09
6157.02,2.4145412641981e-09
6157.03,2.3843122624772688e-09
6157.04,2.355701820552956e-09
6157.05,2.3287560265625476e-09
6157.06,2.3034769067304554e-09
6157.07,2.2798309865468763e-09
6157.08,2.257762831576749e-09
6157.09,2.2372352938324857e-09
6157.1,2.2182033347167243e-09
6157.11,2.2006428720301388e-09
6157.12,2.1845472237881293e-09
6157.13,2.1699272192726413e-09
6157.14,2.156811334465957e-09
6157.15,2.145244062008491e-09
6157.16,2.1352833835598047e-09
6157.17,2.127064106625681e-09
6157.18,2.120506052435213e-09
6157.19,2.115718300046429e-09
6157.2,2.1126993745485105e-09
6157.21,2.111394742348181e-09
6157.22,1.9675604263989733e-09
6157.23,1.9701536805144167e-09
6157.24,1.9742896195139782e-09
6157.25,1.9801538746151025e-09
6157.26,1.9881354379135176e-09
6157.27,1.998783160572545e-09
6157.28,2.0127442425258585e-09
6157.29,2.03074108585004e-09
6157.3,2.0536121101212254e-09
6157.31,2.0824076649084277e-09
6157.32,2.1185054830011896e-09
6157.33,2.1637266358130196e-09
6157.34,2.220461164511746e-09
6157.35,2.2933694244914416e-09
6157.36,2.383079316587722e-09
6157.37,2.496021268680779e-09
6157.38,2.6379310273257226e-09
6157.39,2.8154583240864605e-09
6157.4,3.035698137706051e-09
6157.41,3.3045569714222543e-09
6157.42,3.6207240866843488e-09
6157.43,3.96838744604257e-09
6157.44,4.301329320836456e-09
6157.45,4.550266356253949e-09
6157.46,4.653148623734736e-09
6157.47,4.592388770084709e-09
6157.48,4.400263783852057e-09
6157.49,4.13260532866049e-09
6157.5,3.841766409261264e-09
6157.51,3.564671398503726e-09
6157.52,3.3215392697215523e-09
6157.53,3.1196257991538457e-09
6157.54,2.9580681295348115e-09
6157.55,2.8317547231954572e-09
6157.56,2.7331104155838544e-09
6157.57,2.6518057882123264e-09
6157.58,2.5843518975545756e-09
6157.59,2.5002368138992807e-09
6157.6,2.4068939723670558e-09
6157.61,2.311727956179293e-09
6157.62,2.2238072814487215e-09
6157.63,2.1479706331607155e-09
6157.64,2.084912955174243e-09
6157.65,2.033393970011152e-09
6157.66,1.991708805221397e-09
6157.67,1.9583071390949847e-09
6157.68,1.931901375412715e-09
6157.69,1.911465384597714e-09
6157.7,1.8961909060570277e-09
6157.71,1.885444039786895e-09
6157.72,1.8787284575506863e-09
6157.73,1.8756615243674502e-09
6157.74,1.875946208573032e-09
6157.75,1.8793595538728773e-09
6157.76,1.8863241039865827e-09
6157.77,1.8955609764816855e-09
6157.78,1.9075832324244737e-09
6157.79,1.9223605275516687e-09
6157.8,1.93989679524517e-09
6157.81,1.9602275329529842e-09
6157.82,1.9834180716321366e-09
6157.83,2.0095626850845793e-09
6157.84,2.038784440579795e-09
6157.85,2.071235728229917e-09
6157.86,2.107099436562835e-09
6157.87,2.1465907679673575e-09
6157.88,2.1899597115093994e-09
6157.89,2.2374942137669315e-09
6157.9,2.28952411158494e-09
6157.91,2.346425915609e-09
6157.92,2.4086285608180667e-09
6157.93,2.4766202717703806e-09
6157.94,2.5509567266015195e-09
6157.95,2.6322707471451324e-09
6157.96,2.7212837939953747e-09
6157.97,2.818819607667803e-09
6157.98,2.925820411673009e-09
6157.99,3.043366183865267e-09
6158.0,3.1726976107776204e-09
6158.01,3.315346591094568e-09
6158.02,3.4727568673073325e-09
6158.03,3.6469406318344185e-09
6158.04,3.840067908891323e-09
6158.05,4.054810002464304e-09
6158.06,4.294261614106213e-09
6158.07,4.50810714075035e-09
6158.08,4.808040626662915e-09
6158.09,5.145015925929611e-09
6158.1,5.524703046321686e-09
6158.11,5.953751151043988e-09
6158.12,6.439939755761224e-09
6158.13,6.9923301365369515e-09
6158.14,7.621400428845003e-09
6158.15,8.339138571226996e-09
6158.16,9.15904837637139e-09
6158.17,1.009597651202119e-08
6158.18,1.1165528678698967e-08
6158.19,1.2383025438919305e-08
6158.2,1.3760915255965971e-08
6158.21,1.5305070561612735e-08
6158.22,1.7008000382651256e-08
6158.23,1.884426386516725e-08
6158.24,2.0757005113171434e-08
6158.25,2.2652882113987963e-08
6158.26,2.4399974608849832e-08
6158.27,2.5838517663405984e-08
6158.28,2.680744198412484e-08
6158.29,2.718247259131821e-08
6158.3,2.6912060090862672e-08
6158.31,2.6033611032044545e-08
6158.32,2.4661486398395807e-08
6158.33,2.295320435532928e-08
6158.34,2.109348009386578e-08
6158.35,1.917422789563527e-08
6158.36,1.7318014145326023e-08
6158.37,1.558764063934965e-08
6158.38,1.4013008771816295e-08
6158.39,1.2604862223785383e-08
6158.4,1.1359306977536151e-08
6158.41,1.0265016345886084e-08
6158.42,9.307001208862076e-09
6158.43,8.470629546486997e-09
6158.44,7.739592020161833e-09
6158.45,7.100378599805283e-09
6158.46,6.540264096122605e-09
6158.47,5.988946696288139e-09
6158.48,5.553757891816283e-09
6158.49,5.166591614293235e-09
6158.5,4.8201275508213536e-09
6158.51,4.508969539997068e-09
6158.52,4.229236499632928e-09
6158.53,3.9778529554002184e-09
6158.54,3.752026659956261e-09
6158.55,3.5490778156660076e-09
6158.56,3.3655567818814598e-09
6158.57,3.200994954444216e-09
6158.58,3.0524176254860536e-09
6158.59,2.9180351749800713e-09
6158.6,2.7963007111330617e-09
6158.61,2.685876491339111e-09
6158.62,2.585613728123656e-09
6158.63,2.4945212286791523e-09
6158.64,2.411744433555917e-09
6158.65,2.3365467077041587e-09
6158.66,2.2682939114055818e-09
6158.67,2.2064418320815427e-09
6158.68,2.1505260938222405e-09
6158.69,2.1001542372434325e-09
6158.7,2.0549997483801214e-09
6158.71,2.014797903414069e-09
6158.72,1.979343384872676e-09
6158.73,1.948489718109923e-09
6158.74,1.922150677819672e-09
6158.75,1.900303926756821e-09
6158.76,1.8829972717300923e-09
6158.77,1.870358044704936e-09
6158.78,1.8626062034752338e-09
6158.79,1.8600717054414398e-09
6158.8,1.8632163257301107e-09
6158.81,1.872658895757109e-09
6158.82,1.8892052360700747e-09
6158.83,1.9138377002461513e-09
6158.84,1.947726536957018e-09
6158.85,1.992095920320052e-09
6158.86,2.0479386797711503e-09
6158.87,2.115412313753857e-09
6158.88,2.19281610634319e-09
6158.89,2.275302944741518e-09
6158.9,2.354137150496925e-09
6158.91,2.417858095772061e-09
6158.92,2.4564756195841475e-09
6158.93,2.466548885952185e-09
6158.94,2.453365218177922e-09
6158.95,2.4281223521530353e-09
6158.96,2.4027133926008555e-09
6158.97,2.386035717122207e-09
6158.98,2.3831589080354346e-09
6158.99,2.396259149970984e-09
6159.0,2.4259158773683274e-09
6159.01,2.4720916032761398e-09
6159.02,2.5348913784122724e-09
6159.03,2.6140831602458473e-09
6159.04,2.710360360108488e-09
6159.05,2.8246393941309903e-09
6159.06,2.9582062957315974e-09
6159.07,3.112830612512593e-09
6159.08,3.2906432428664944e-09
6159.09,3.4942065395407865e-09
6159.1,3.726475491589698e-09
6159.11,3.99074745475276e-09
6159.12,4.290557484540975e-09
6159.13,4.629483940716429e-09
6159.14,5.010815192085503e-09
6159.15,5.43701396132579e-09
6159.16,5.9089074758588435e-09
6159.17,6.424565846756739e-09
6159.18,6.977725188662044e-09
6159.19,7.555955334014435e-09
6159.2,8.140101996305915e-09
6159.21,8.701959242483082e-09
6159.22,9.206176476493388e-09
6159.23,9.613420740219124e-09
6159.24,9.88638562458676e-09
6159.25,9.997265331075354e-09
6159.26,9.934310138236604e-09
6159.27,9.704847220775805e-09
6159.28,9.333436278390452e-09
6159.29,8.855981472025358e-09
6159.3,8.31223098808842e-09
6159.31,7.739256655841307e-09
6159.32,7.167513647219925e-09
6159.33,6.618450453004943e-09
6159.34,6.106441059279059e-09
6159.35,5.6390796308791335e-09
6159.36,5.219111016481971e-09
6159.37,4.845974371893768e-09
6159.38,4.517103379575268e-09
6159.39,4.228997041007772e-09
6159.4,3.978082826476038e-09
6159.41,3.76132652745685e-09
6159.42,3.5511776140751107e-09
6159.43,3.3969009382184343e-09
6159.44,3.2718298913711805e-09
6159.45,3.1744612128760413e-09
6159.46,3.1022826987532153e-09
6159.47,3.0509526686097726e-09
6159.48,3.0135021159302957e-09
6159.49,2.9802944218293952e-09
6159.5,2.9395628659807835e-09
6159.51,2.8803682423813823e-09
6159.52,2.8507822253886655e-09
6159.53,2.739623788290585e-09
6159.54,2.607369044845248e-09
6159.55,2.4632055004454802e-09
6159.56,2.3167122856451133e-09
6159.57,2.1754718786137973e-09
6159.58,2.044234716215156e-09
6159.59,1.9252191946674737e-09
6159.6,1.8188541948942164e-09
6159.61,1.72455879848223e-09
6159.62,1.6412060197664377e-09
6159.63,1.5675429467142978e-09
6159.64,1.5023100785241612e-09
6159.65,1.4444022929325476e-09
6159.66,1.3923544318504234e-09
6159.67,1.3462246999386027e-09
6159.68,1.3048306141665726e-09
6159.69,1.2675621139852317e-09
6159.7,1.2339065228681302e-09
6159.71,1.203433168072378e-09
6159.72,1.1757800115729934e-09
6159.73,1.1506424108020261e-09
6159.74,1.127763866952627e-09
6159.75,1.1069285244232e-09
6159.76,1.0879551718300778e-09
6159.77,1.070692518531632e-09
6159.78,1.0550155577715208e-09
6159.79,1.0408228672991272e-09
6159.8,1.0280347349218473e-09
6159.81,1.016592026056223e-09
6159.82,1.0064557287649958e-09
6159.83,9.976071110505094e-10
6159.84,9.90048390516445e-10
6159.85,9.838037194963515e-10
6159.86,9.789200782045297e-10
6159.87,9.754672563276084e-10
6159.88,9.73535352107919e-10
6159.89,9.732258110230635e-10
6159.9,9.74636316943237e-10
6159.91,9.778418964365475e-10
6159.92,9.827608478971101e-10
6159.93,9.891771165583714e-10
6159.94,9.964188245531639e-10
6159.95,1.0038524818217624e-09
6159.96,1.010080971202711e-09
6159.97,1.0137286695251328e-09
6159.98,1.01367555303969e-09
6159.99,1.0095841900682695e-09
6160.0,1.0018317844681864e-09
6160.01,9.914191417373787e-10
6160.02,9.795357044565584e-10
6160.03,9.672331707561678e-10
6160.04,9.552924507748034e-10
6160.05,9.442203424556882e-10
6160.06,9.343204940472506e-10
6160.07,9.257365780363631e-10
6160.08,9.191176521627406e-10
6160.09,9.131936171554304e-10
6160.1,9.08352862658313e-10
6160.11,9.047210365977117e-10
6160.12,9.020747223738472e-10
6160.13,9.003095160507389e-10
6160.14,8.993336366713346e-10
6160.15,8.990684405928145e-10
6160.16,8.99448140311645e-10
6160.17,9.004185105538927e-10
6160.18,9.019353576530494e-10
6160.19,9.039630258049737e-10
6160.2,9.064730606841731e-10
6160.21,9.094430690922329e-10
6160.22,9.128557731915188e-10
6160.23,9.166982405803989e-10
6160.24,9.20961265971031e-10
6160.25,9.256388803865725e-10
6160.26,9.307279663946627e-10
6160.27,9.362279612562621e-10
6160.28,9.42426556077289e-10
6160.29,9.487600335558005e-10
6160.3,9.561316152052179e-10
6160.31,9.633208801738536e-10
6160.32,9.709508267164243e-10
6160.33,9.790334128949743e-10
6160.34,9.875826383753784e-10
6160.35,9.966146331217104e-10
6160.36,1.0061477834302499e-09
6160.37,1.016202897478599e-09
6160.38,1.0268034136566742e-09
6160.39,1.0379756560070655e-09
6160.4,1.0497491419246575e-09
6160.41,1.062156947772653e-09
6160.42,1.0752361377768978e-09
6160.43,1.0890282599037265e-09
6160.44,1.1035799080731415e-09
6160.45,1.118943341127721e-09
6160.46,1.1351771319646675e-09
6160.47,1.152346789892486e-09
6160.48,1.170525247157404e-09
6160.49,1.1897930152279453e-09
6160.5,1.0584950303980668e-09
6160.51,1.0807724386822807e-09
6160.52,1.1044113974686364e-09
6160.53,1.125508411929623e-09
6160.54,1.1521894315528466e-09
6160.55,1.1803942444855665e-09
6160.56,1.2101702082950094e-09
6160.57,1.2414563564667269e-09
6160.58,1.2741311191556042e-09
6160.59,1.3080379071784031e-09
6160.6,1.3422793446970334e-09
6160.61,1.3783593295134982e-09
6160.62,1.4165345253679772e-09
6160.63,1.4554136225758223e-09
6160.64,1.4963917026029622e-09
6160.65,1.5400142301613066e-09
6160.66,1.5871458833325772e-09
6160.67,1.6383658806337503e-09
6160.68,1.6943302509031718e-09
6160.69,1.7556916609819295e-09
6160.7,1.8569277683771032e-09
6160.71,1.9312519537861166e-09
6160.72,2.013128271542562e-09
6160.73,2.103397199362966e-09
6160.74,2.2029632382417353e-09
6160.75,2.3127755257696516e-09
6160.76,2.43378899696913e-09
6160.77,2.5668990059342963e-09
6160.78,2.712861409664127e-09
6160.79,2.8728303193060683e-09
6160.8,3.045588144938755e-09
6160.81,3.2314010323909532e-09
6160.82,3.4292496368043175e-09
6160.83,3.6373836728670036e-09
6160.84,3.853028836901814e-09
6160.85,4.071630650802167e-09
6160.86,4.28539162351494e-09
6160.87,4.48157749754992e-09
6160.88,4.642420086946177e-09
6160.89,4.7491445215447965e-09
6160.9,4.789962939184994e-09
6160.91,4.767374942541108e-09
6160.92,4.698352451245215e-09
6160.93,4.6073020187318745e-09
6160.94,4.517282413420311e-09
6160.95,4.445003511367707e-09
6160.96,4.400227466136092e-09
6160.97,4.387455865331763e-09
6160.98,4.40801711197934e-09
6160.99,4.461705728113077e-09
6161.0,4.547836102479883e-09
6161.01,4.6658918218906645e-09
6161.02,4.815787446122548e-09
6161.03,4.998052503347845e-09
6161.04,5.2138905495602686e-09
6161.05,5.465202973591957e-09
6161.06,5.754595309036093e-09
6161.07,6.0853677391175525e-09
6161.08,6.461478735367818e-09
6161.09,6.887456771913895e-09
6161.1,7.3682182070657795e-09
6161.11,7.908728670840425e-09
6161.12,8.513428515259865e-09
6161.13,9.185193297766592e-09
6161.14,9.924568404032968e-09
6161.15,1.072752573699141e-08
6161.16,1.1584316398877425e-08
6161.17,1.2478540754841351e-08
6161.18,1.338799423747181e-08
6161.19,1.4307138292283722e-08
6161.2,1.5176122529647527e-08
6161.21,1.6000883578718226e-08
6161.22,1.677991106433571e-08
6161.23,1.7521123138524143e-08
6161.24,1.8235244181614345e-08
6161.25,1.892747807892841e-08
6161.26,1.9591443611069876e-08
6161.27,2.0203521107533903e-08
6161.28,2.0729407055199377e-08
6161.29,2.1125783201664897e-08
6161.3,2.135233390534994e-08
6161.31,2.1380834360671663e-08
6161.32,2.1202512453896526e-08
6161.33,2.0829771787132423e-08
6161.34,2.0293058316111863e-08
6161.35,1.9634889100674718e-08
6161.36,1.890261776963115e-08
6161.37,1.8146025426763062e-08
6161.38,1.74072958049625e-08
6161.39,1.6721836822009903e-08
6161.4,1.61164783243954e-08
6161.41,1.5610246985067022e-08
6161.42,1.521581146077023e-08
6161.43,1.494096959672322e-08
6161.44,1.478963576194503e-08
6161.45,1.4762565330924787e-08
6161.46,1.4857195513003176e-08
6161.47,1.5066949610454804e-08
6161.48,1.5379968138571694e-08
6161.49,1.577737315624407e-08
6161.5,1.623123740543869e-08
6161.51,1.670491744682417e-08
6161.52,1.7151490475983147e-08
6161.53,1.751792576774876e-08
6161.54,1.7749950645430428e-08
6161.55,1.7799100908452347e-08
6161.56,1.7631052956995027e-08
6161.57,1.7234757530765873e-08
6161.58,1.6629227214492773e-08
6161.59,1.5861774477314813e-08
6161.6,1.499589850033091e-08
6161.61,1.4096301855590593e-08
6161.62,1.3219711851210743e-08
6161.63,1.2408907179599452e-08
6161.64,1.1684525670752463e-08
6161.65,1.102081009696571e-08
6161.66,1.0348294547867417e-08
6161.67,9.63077195374936e-09
6161.68,8.916846151842706e-09
6161.69,8.272382751751356e-09
6161.7,7.720176917725305e-09
6161.71,7.252051419019388e-09
6161.72,6.85315856418386e-09
6161.73,6.510989533756002e-09
6161.74,6.216262413887472e-09
6161.75,5.962094735034523e-09
6161.76,5.7432278106112064e-09
6161.77,5.555516253242235e-09
6161.78,5.39545356669438e-09
6161.79,5.2604435216005325e-09
6161.8,5.147894450559455e-09
6161.81,5.055577102395223e-09
6161.82,4.981438170719714e-09
6161.83,4.923614821536592e-09
6161.84,4.880532957908499e-09
6161.85,4.851092276436447e-09
6161.86,4.834898564320535e-09
6161.87,4.83241853278704e-09
6161.88,4.845154723402375e-09
6161.89,4.87564164407969e-09
6161.9,4.927662639646108e-09
6161.91,5.006599753216773e-09
6161.92,5.120322515144463e-09
6161.93,5.280840758875475e-09
6161.94,5.5068476823255354e-09
6161.95,5.825551229070384e-09
6161.96,6.266536493750703e-09
6161.97,6.81889429233517e-09
6161.98,7.352430136227891e-09
6161.99,7.639889513692649e-09
6162.0,7.603789220358255e-09
6162.01,7.426821984477723e-09
6162.02,7.314938652469974e-09
6162.03,7.3378910333584e-09
6162.04,7.479792501869354e-09
6162.05,7.70657186852301e-09
6162.06,7.987854592206094e-09
6162.07,8.296703455962014e-09
6162.08,8.607766307638464e-09
6162.09,8.896691978099433e-09
6162.1,9.142041742002643e-09
6162.11,9.328670867074234e-09
6162.12,9.45092001758174e-09
6162.13,9.513901146470831e-09
6162.14,9.532101657984228e-09
6162.15,9.525792096475797e-09
6162.16,9.516885997216749e-09
6162.17,9.52560128812382e-09
6162.18,9.56879170695171e-09
6162.19,9.65908599553661e-09
6162.2,9.806312274967237e-09
6162.21,1.0017932674341176e-08
6162.22,1.0305140412391358e-08
6162.23,1.0664275519441473e-08
6162.24,1.1106855675675427e-08
6162.25,1.164072867577322e-08
6162.26,1.2275474922981438e-08
6162.27,1.3022899509063203e-08
6162.28,1.3897515428086586e-08
6162.29,1.4917038575040086e-08
6162.3,1.610289230478633e-08
6162.31,1.7480685133122e-08
6162.32,1.9080569906045205e-08
6162.33,2.0937301066941723e-08
6162.34,2.3089656699743516e-08
6162.35,2.5578656394861706e-08
6162.36,2.844366978492141e-08
6162.37,3.171393952461288e-08
6162.38,3.539999491775672e-08
6162.39,3.947007136732528e-08
6162.4,4.382772311956607e-08
6162.41,4.8284416471288574e-08
6162.42,5.2542786504121354e-08
6162.43,5.6209078569360395e-08
6162.44,5.885257727926991e-08
6162.45,6.011009548802012e-08
6162.46,5.979848014896373e-08
6162.47,5.7974940924606966e-08
6162.48,5.491211514657918e-08
6162.49,5.1016257303173153e-08
6162.5,4.672173942953955e-08
6162.51,4.2390738675025154e-08
6162.52,3.8269331115767996e-08
6162.53,3.449692451230754e-08
6162.54,3.1134397917378025e-08
6162.55,2.8187734034325072e-08
6162.56,2.5636759769043377e-08
6162.57,2.3445339194023254e-08
6162.58,2.1572497822867067e-08
6162.59,1.99779522100989e-08
6162.6,1.8624616109642932e-08
6162.61,1.7479808359992477e-08
6162.62,1.6515421040509325e-08
6162.63,1.570767402814404e-08
6162.64,1.5036680394265016e-08
6162.65,1.448595757596251e-08
6162.66,1.4041956701290043e-08
6162.67,1.3693640092621557e-08
6162.68,1.3432165509980166e-08
6162.69,1.3250397185430317e-08
6162.7,1.3142940291875572e-08
6162.71,1.3095205369862187e-08
6162.72,1.3125567659939298e-08
6162.73,1.3221788753390164e-08
6162.74,1.338329853250689e-08
6162.75,1.3610546757393162e-08
6162.76,1.390498431145949e-08
6162.77,1.4269070055626774e-08
6162.78,1.4706301503447311e-08
6162.79,1.5221267581645882e-08
6162.8,1.5819720301831488e-08
6162.81,1.650866748114117e-08
6162.82,1.7296471622320056e-08
6162.83,1.819296293334004e-08
6162.84,1.92095568095111e-08
6162.85,2.035938395415527e-08
6162.86,2.1657447017674133e-08
6162.87,2.3120814227361873e-08
6162.88,2.4768821656221836e-08
6162.89,2.6623180615071748e-08
6162.9,2.8707825524406064e-08
6162.91,3.1048357853395904e-08
6162.92,3.367104052488669e-08
6162.93,3.660140379748349e-08
6162.94,3.986261662013496e-08
6162.95,4.3473934591687965e-08
6162.96,4.7449352757825624e-08
6162.97,5.180052541797247e-08
6162.98,5.653734166006918e-08
6162.99,6.167775409239318e-08
6163.0,6.725878503376957e-08
6163.01,7.334911935028379e-08
6163.02,8.00565761340014e-08
6163.03,8.752433764068445e-08
6163.04,9.590251414157495e-08
6163.05,1.0528766023380204e-07
6163.06,1.1562430120709706e-07
6163.07,1.265771034523491e-07
6163.08,1.3740764601192182e-07
6163.09,1.4694216276668007e-07
6163.1,1.5374389480836215e-07
6163.11,1.5652285299938122e-07
6163.12,1.5464602081246256e-07
6163.13,1.4843936284876273e-07
6163.14,1.3907440239550432e-07
6163.15,1.2812307475882584e-07
6163.16,1.1708677079835461e-07
6163.17,1.071294667425317e-07
6163.18,9.90349404189557e-08
6163.19,9.327300740505592e-08
6163.2,9.002211284922059e-08
6163.21,8.901230327004446e-08
6163.22,8.917877072113845e-08
6163.23,8.853375495952768e-08
6163.24,8.498627776882235e-08
6163.25,7.7888216653965e-08
6163.26,6.852183952946471e-08
6163.27,5.885571708031995e-08
6163.28,5.0219240723283814e-08
6163.29,4.304964797628724e-08
6163.3,3.7265934507278427e-08
6163.31,3.261797877850998e-08
6163.32,2.885312553366135e-08
6163.33,2.576573227222025e-08
6163.34,2.3200069581485373e-08
6163.35,2.1040930248156467e-08
6163.36,1.9203012637036172e-08
6163.37,1.7622311194569252e-08
6163.38,1.625122702819962e-08
6163.39,1.505149596696543e-08
6163.4,1.3995935692041756e-08
6163.41,1.3060849375609356e-08
6163.42,1.223078072503995e-08
6163.43,1.1484833129928033e-08
6163.44,1.0813329918908169e-08
6163.45,1.0205815260046016e-08
6163.46,9.653358261622187e-09
6163.47,9.148579306954777e-09
6163.48,8.685460442023426e-09
6163.49,8.259180139319581e-09
6163.5,7.865922856405057e-09
6163.51,7.502668977170536e-09
6163.52,7.1669663307727316e-09
6163.53,6.856715717830607e-09
6163.54,6.569995243643765e-09
6163.55,6.30510394735279e-09
6163.56,6.060397201785714e-09
6163.57,5.8344164421998795e-09
6163.58,5.625883052679472e-09
6163.59,5.433710508970473e-09
6163.6,5.257010493223545e-09
6163.61,5.095095436074378e-09
6163.62,4.947429934652912e-09
6163.63,4.813842422395206e-09
6163.64,4.694224036083203e-09
6163.65,4.588745681988285e-09
6163.66,4.497815021441676e-09
6163.67,4.422075725931801e-09
6163.68,4.362382155917044e-09
6163.69,4.319722256588433e-09
6163.7,4.295015989442329e-09
6163.71,4.288857040892495e-09
6163.72,4.300832397029928e-09
6163.73,4.328682772969382e-09
6163.74,4.3671726034853254e-09
6163.75,4.407117055698389e-09
6163.76,4.435350722809741e-09
6163.77,4.436594071752344e-09
6163.78,4.397458498715299e-09
6163.79,4.311161720140209e-09
6163.8,4.180230736076299e-09
6163.81,4.015378343151478e-09
6163.82,3.831295624302659e-09
6163.83,3.641947427745051e-09
6163.84,3.4579325395380664e-09
6163.85,3.285648494312754e-09
6163.86,3.128077720356474e-09
6163.87,2.985811404290494e-09
6163.88,2.858126826270074e-09
6163.89,2.7436567348332694e-09
6163.9,2.6408666201011332e-09
6163.91,2.5482402236239316e-09
6163.92,2.4644015998884137e-09
6163.93,2.3881512741207093e-09
6163.94,2.3191022527624183e-09
6163.95,2.257197160612161e-09
6163.96,2.198222962841345e-09
6163.97,2.1436374985465583e-09
6163.98,2.092943220210127e-09
6163.99,2.0457270658726542e-09
6164.0,2.0016467832590297e-09
6164.01,1.9604198977438356e-09
6164.02,1.921815018119355e-09
6164.03,1.8856451575190144e-09
6164.04,1.851762763705825e-09
6164.05,1.8200561648721783e-09
6164.06,1.7904471110475032e-09
6164.07,1.762317989446946e-09
6164.08,1.7367976047570498e-09
6164.09,1.7133214807339392e-09
6164.1,1.6919205294106222e-09
6164.11,1.6726319530228648e-09
6164.12,1.6554797373560967e-09
6164.13,1.6402334101775183e-09
6164.14,1.6271136224156075e-09
6164.15,1.6155422712596188e-09
6164.16,1.6048263832625936e-09
6164.17,1.593928800610972e-09
6164.18,1.5816035615373236e-09
6164.19,1.566661160593825e-09
6164.2,1.5483896155391608e-09
6164.21,1.5268280672218377e-09
6164.22,1.5027368982884684e-09
6164.23,1.4772799383889616e-09
6164.24,1.4516295361607796e-09
6164.25,1.426697665260663e-09
6164.26,1.4030526445773768e-09
6164.27,1.3809646039419803e-09
6164.28,1.3568114018289249e-09
6164.29,1.3379273722021939e-09
6164.3,1.3204999691009676e-09
6164.31,1.304403493831704e-09
6164.32,1.2895145764197716e-09
6164.33,1.2761656777814767e-09
6164.34,1.2633836785739308e-09
6164.35,1.2515359473184378e-09
6164.36,1.2405692589917204e-09
6164.37,1.230449797823242e-09
6164.38,1.2211621151838342e-09
6164.39,1.2127115132694342e-09
6164.4,1.205123038724947e-09
6164.41,1.1984392105283182e-09
6164.42,1.1927095651146573e-09
6164.43,1.188034932552146e-09
6164.44,1.1842160774413165e-09
6164.45,1.1810916247192098e-09
6164.46,1.1781596431260667e-09
6164.47,1.174706409147717e-09
6164.48,1.170087938688539e-09
6164.49,1.1641322158240634e-09
6164.5,1.1572570952897793e-09
6164.51,1.150182670291735e-09
6164.52,1.143542417573834e-09
6164.53,1.13770253273278e-09
6164.54,1.1327936710554839e-09
6164.55,1.1288130961542728e-09
6164.56,1.125706338809602e-09
6164.57,1.123411219530847e-09
6164.58,1.121875971134953e-09
6164.59,1.1209355043104939e-09
6164.6,1.1208275556599705e-09
6164.61,1.1214162872302493e-09
6164.62,1.1227069704596704e-09
6164.63,1.1247161497829294e-09
6164.64,1.1274705534201919e-09
6164.65,1.1310068123751408e-09
6164.66,1.1353716336209089e-09
6164.67,1.1406223916777173e-09
6164.68,1.146828123588108e-09
6164.69,1.1540709352712894e-09
6164.7,1.162447850000356e-09
6164.71,1.172073152136748e-09
6164.72,1.1830813018843824e-09
6164.73,1.1956305200473817e-09
6164.74,1.2099071655505699e-09
6164.75,1.2261310514511752e-09
6164.76,1.2445618641632285e-09
6164.77,1.2655068586003558e-09
6164.78,1.2892828457044565e-09
6164.79,1.3164156443447228e-09
6164.8,1.3473686354849327e-09
6164.81,1.3827452317923468e-09
6164.82,1.423254759412376e-09
6164.83,1.46981589034345e-09
6164.84,1.523193496929316e-09
6164.85,1.5845417253017277e-09
6164.86,1.6550025807565688e-09
6164.87,1.7357167760980348e-09
6164.88,1.8276661475046376e-09
6164.89,1.9313551365558008e-09
6164.9,2.0465258207429e-09
6164.91,2.1713567410743027e-09
6164.92,2.301828229058059e-09
6164.93,2.4311488023613143e-09
6164.94,2.549541716445879e-09
6164.95,2.6452763635695235e-09
6164.96,2.706924342123601e-09
6164.97,2.7264699117996685e-09
6164.98,2.7019304525677594e-09
6164.99,2.6380589619399927e-09
6165.0,2.5447103075995024e-09
6165.01,2.4338224352963126e-09
6165.02,2.3165347198573424e-09
6165.03,2.2014576527429855e-09
6165.04,2.0942165319979773e-09
6165.05,1.997868160540869e-09
6165.06,1.913451705954756e-09
6165.07,1.8410379654919212e-09
6165.08,1.7796959207899167e-09
6165.09,1.7284661677476104e-09
6165.1,1.686213708897574e-09
6165.11,1.6518437812329826e-09
6165.12,1.624364084349211e-09
6165.13,1.6029116853425892e-09
6165.14,1.586759850287527e-09
6165.15,1.575313234433398e-09
6165.16,1.5680961023880255e-09
6165.17,1.5647368703474285e-09
6165.18,1.5649518891329172e-09
6165.19,1.568530883022845e-09
6165.2,1.5753256663084399e-09
6165.21,1.5852414575651687e-09
6165.22,1.5982330798717997e-09
6165.23,1.6143017027276796e-09
6165.24,1.633494219304873e-09
6165.25,1.6559036863964192e-09
6165.26,1.6816706798266254e-09
6165.27,1.7112904529298685e-09
6165.28,1.7443963365314503e-09
6165.29,1.7815888420201672e-09
6165.3,1.8232214783412634e-09
6165.31,1.8697052042838644e-09
6165.32,1.921506292769017e-09
6165.33,1.9791390451026457e-09
6165.34,2.0431499088470713e-09
6165.35,2.09608551162567e-09
6165.36,2.174621898634038e-09
6165.37,2.2609605116906906e-09
6165.38,2.3552323735018587e-09
6165.39,2.4571587045129843e-09
6165.4,2.565837613464284e-09
6165.41,2.6794989887241566e-09
6165.42,2.795235334940658e-09
6165.43,2.9090379348912275e-09
6165.44,3.0156338518957973e-09
6165.45,3.1090766856354933e-09
6165.46,3.1835103912809378e-09
6165.47,3.2342307691186136e-09
6165.48,3.2587072202917253e-09
6165.49,3.2571924500312124e-09
6165.5,3.232668714082648e-09
6165.51,3.1901535607552274e-09
6165.52,3.13564782367827e-09
6165.53,3.0750983097685387e-09
6165.54,3.013688230832e-09
6165.55,2.955305023930757e-09
6165.56,2.902744868392173e-09
6165.57,2.8576978609138478e-09
6165.58,2.821024790650556e-09
6165.59,2.7929995126907733e-09
6165.6,2.773515411094432e-09
6165.61,2.7622431290034966e-09
6165.62,2.758742060888734e-09
6165.63,2.7625342935686055e-09
6165.64,2.7731507261690683e-09
6165.65,2.7901578484076045e-09
6165.66,2.8113130541275e-09
6165.67,2.839992602636952e-09
6165.68,2.874099723016818e-09
6165.69,2.9134000106204344e-09
6165.7,2.9577215819034857e-09
6165.71,3.006951704284817e-09
6165.72,3.061017173102027e-09
6165.73,3.119892841593924e-09
6165.74,3.1835865739962456e-09
6165.75,3.252145195744509e-09
6165.76,3.3256506949859953e-09
6165.77,3.40421897861248e-09
6165.78,3.4879990991778376e-09
6165.79,3.5771729101357895e-09
6165.8,3.6719550929375103e-09
6165.81,3.772593481417371e-09
6165.82,3.8793695829098355e-09
6165.83,3.9925991632945884e-09
6165.84,4.112632732148463e-09
6165.85,4.239855760569261e-09
6165.86,4.37468808595492e-09
6165.87,4.5175852882621215e-09
6165.88,4.66903647350315e-09
6165.89,4.829567716418158e-09
6165.9,4.999747845019163e-09
6165.91,5.180200909052372e-09
6165.92,5.37162571407675e-09
6165.93,5.574864273751871e-09
6165.94,5.790747385148564e-09
6165.95,6.020374559151115e-09
6165.96,6.2649430059039414e-09
6165.97,6.5257898492321895e-09
6165.98,6.804390568429404e-09
6165.99,7.1023635569337e-09
6166.0,7.421483407816477e-09
6166.01,7.763702747248717e-09
6166.02,8.131178801809819e-09
6166.03,8.526308433017667e-09
6166.04,8.951763364568324e-09
6166.05,9.410531713797662e-09
6166.06,9.905963934664062e-09
6166.07,1.04418246018406e-08
6166.08,1.10223512375773e-08
6166.09,1.1652321336155741e-08
6166.1,1.2337130773707543e-08
6166.11,1.3083658001731723e-08
6166.12,1.3897269042946127e-08
6166.13,1.4786583709449298e-08
6166.14,1.5760523725689626e-08
6166.15,1.6829246260462546e-08
6166.16,1.8004323694518968e-08
6166.17,1.9298938078092328e-08
6166.18,2.0728084693207134e-08
6166.19,2.2308777385355303e-08
6166.2,2.4060244335961163e-08
6166.21,2.600409945364802e-08
6166.22,2.8164420862447165e-08
6166.23,3.056775771504588e-08
6166.24,3.324286140685808e-08
6166.25,3.6220082519507186e-08
6166.26,3.953018718304321e-08
6166.27,4.320230607585488e-08
6166.28,4.7260616067694865e-08
6166.29,5.171925852600279e-08
6166.3,5.657464982919851e-08
6166.31,6.179648493621748e-08
6166.32,6.73138153301398e-08
6166.33,7.300213209318295e-08
6166.34,7.86718669821822e-08
6166.35,8.406478876432513e-08
6166.36,8.887134425790399e-08
6166.37,9.275767266901566e-08
6166.38,9.54250898450922e-08
6166.39,9.666373026077452e-08
6166.4,9.639563732721716e-08
6166.41,9.468573442832708e-08
6166.42,9.172178848245187e-08
6166.43,8.777370661888041e-08
6166.44,8.314682801486806e-08
6166.45,7.814229229725848e-08
6166.46,7.302371206929588e-08
6166.47,6.800671279422072e-08
6166.48,6.32521446550884e-08
6166.49,5.886714589120136e-08
6166.5,5.49069216217468e-08
6166.51,5.137494944680515e-08
6166.52,4.8220996324513527e-08
6166.53,4.534418880866274e-08
6166.54,4.261328589157529e-08
6166.55,3.990942921944963e-08
6166.56,3.715156878244351e-08
6166.57,3.440732020555776e-08
6166.58,3.173163665067357e-08
6166.59,2.9213055716994625e-08
6166.6,2.691656370639347e-08
6166.61,2.48733742637583e-08
6166.62,2.308647364525907e-08
6166.63,2.153927732123647e-08
6166.64,2.0200487276242758e-08
6166.65,1.9025023130085415e-08
6166.66,1.7956368903393213e-08
6166.67,1.6937736436600583e-08
6166.68,1.5930826669997784e-08
6166.69,1.4929118446460233e-08
6166.7,1.395232235772045e-08
6166.71,1.2972460711971484e-08
6166.72,1.2119471309417377e-08
6166.73,1.1345084530851268e-08
6166.74,1.0647375321725338e-08
6166.75,1.0014665671189675e-08
6166.76,9.449078319081082e-09
6166.77,8.937623931648095e-09
6166.78,8.473272748309417e-09
6166.79,8.049992894855298e-09
6166.8,7.66274737434753e-09
6166.81,7.307270019700823e-09
6166.82,6.979993799902737e-09
6166.83,6.677909765376516e-09
6166.84,6.398464395354431e-09
6166.85,6.139477034085166e-09
6166.86,5.899074347694493e-09
6166.87,5.675638491623615e-09
6166.88,5.4677660789269606e-09
6166.89,5.272620944023818e-09
6166.9,5.092373465385516e-09
6166.91,4.92447165247418e-09
6166.92,4.768103330300016e-09
6166.93,4.622561356755421e-09
6166.94,4.487232973866446e-09
6166.95,4.361578708486825e-09
6166.96,4.2451768564352206e-09
6166.97,4.137642224221824e-09
6166.98,4.0902122567450205e-09
6166.99,4.000192917908716e-09
6167.0,3.91956350918656e-09
6167.01,3.845833834314197e-09
6167.02,3.780162513811238e-09
6167.03,3.7226467925517233e-09
6167.04,3.673410945540685e-09
6167.05,3.632689047005732e-09
6167.06,3.600816178455243e-09
6167.07,3.57824074720432e-09
6167.08,3.565539308531731e-09
6167.09,3.5569235055228856e-09
6167.1,3.5663236409206303e-09
6167.11,3.588279445793145e-09
6167.12,3.624069284935263e-09
6167.13,3.6751922361382536e-09
6167.14,3.743371501619235e-09
6167.15,3.8305352019126356e-09
6167.16,3.9387443431818895e-09
6167.17,4.070130300049544e-09
6167.18,4.226652566862453e-09
6167.19,4.409905266083614e-09
6167.2,4.620896049608449e-09
6167.21,4.859986404597083e-09
6167.22,5.12717266553344e-09
6167.23,5.422705411694164e-09
6167.24,5.747748461565085e-09
6167.25,6.104647493711701e-09
6167.26,6.495398882463015e-09
6167.27,6.918364073423044e-09
6167.28,7.3627565454454555e-09
6167.29,7.802406156341362e-09
6167.3,8.191637010669086e-09
6167.31,8.46865935973379e-09
6167.32,8.570968076425802e-09
6167.33,8.45952069268392e-09
6167.34,8.13788299079832e-09
6167.35,7.651830502601634e-09
6167.36,7.06954590528128e-09
6167.37,6.457138841008353e-09
6167.38,5.8633492994669654e-09
6167.39,5.316369267542e-09
6167.4,4.8280189489579804e-09
6167.41,4.3997520492470225e-09
6167.42,4.027591325171077e-09
6167.43,3.7053025113189823e-09
6167.44,3.426246320051887e-09
6167.45,3.184132374090776e-09
6167.46,2.97341361605193e-09
6167.47,2.7893622928260146e-09
6167.48,2.6280381290829666e-09
6167.49,2.4862101160352302e-09
6167.5,2.3612798308669773e-09
6167.51,2.2512230583944002e-09
6167.52,2.1545597157801816e-09
6167.53,2.070344835114136e-09
6167.54,1.9975142479084273e-09
6167.55,1.936954549590573e-09
6167.56,1.886726460205774e-09
6167.57,1.8423613786737124e-09
6167.58,1.7958005456133466e-09
6167.59,1.7407032530006607e-09
6167.6,1.6788016492450769e-09
6167.61,1.6172776311033268e-09
6167.62,1.561525645647421e-09
6167.63,1.5129836666257072e-09
6167.64,1.4709770418748668e-09
6167.65,1.4343981613313147e-09
6167.66,1.4023247712258715e-09
6167.67,1.3741129620149976e-09
6167.68,1.3493512505187013e-09
6167.69,1.3278053866507165e-09
6167.7,1.3093803868653651e-09
6167.71,1.294098819089145e-09
6167.72,1.2820899678319227e-09
6167.73,1.2735729991562341e-09
6167.74,1.268841971785123e-09
6167.75,1.2682017595483218e-09
6167.76,1.2718384515986807e-09
6167.77,1.279569708851219e-09
6167.78,1.290457833968735e-09
6167.79,1.3023948323972256e-09
6167.8,1.3120145201285062e-09
6167.81,1.3154277772075138e-09
6167.82,1.3098361547343444e-09
6167.83,1.2950772259736222e-09
6167.84,1.2737948826072258e-09
6167.85,1.2500824763409248e-09
6167.86,1.2277978251625714e-09
6167.87,1.2096427096644906e-09
6167.88,1.1971409125805634e-09
6167.89,1.190978791444627e-09
6167.9,1.1913024207470587e-09
6167.91,1.1977554375825996e-09
6167.92,1.2091737064916032e-09
6167.93,1.223339260686748e-09
6167.94,1.2364754135294168e-09
6167.95,1.2440376802496621e-09
6167.96,1.242381619809401e-09
6167.97,1.2306434041684926e-09
6167.98,1.211175983307804e-09
6167.99,1.1881076855194838e-09
6168.0,1.1653559205415339e-09
6168.01,1.1455064004528047e-09
6168.02,1.1297588043631183e-09
6168.03,1.1183777379005381e-09
6168.04,1.1111595026774814e-09
6168.05,1.1077401847943334e-09
6168.06,1.1077554794296462e-09
6168.07,1.110906971124341e-09
6168.08,1.133884720933398e-09
6168.09,1.1425147593089387e-09
6168.1,1.154322291518089e-09
6168.11,1.1691108435048481e-09
6168.12,1.186959592670191e-09
6168.13,1.2081777452123797e-09
6168.14,1.2332368241305771e-09
6168.15,1.2627926116374344e-09
6168.16,1.3051667224631174e-09
6168.17,1.3461001454953779e-09
6168.18,1.3929757285986306e-09
6168.19,1.4446115442914228e-09
6168.2,1.5003999598707972e-09
6168.21,1.5630840026131862e-09
6168.22,1.6384331310635849e-09
6168.23,1.7317867361053785e-09
6168.24,1.8441405946878399e-09
6168.25,1.967261997360324e-09
6168.26,2.081355055982564e-09
6168.27,2.1662546190395887e-09
6168.28,2.221565249725919e-09
6168.29,2.2680600152800187e-09
6168.3,2.3279429491430635e-09
6168.31,2.4119149353822575e-09
6168.32,2.520678510848572e-09
6168.33,2.650106640397415e-09
6168.34,2.7937631473971532e-09
6168.35,2.9435688408356954e-09
6168.36,3.090333465646542e-09
6168.37,3.225137749300537e-09
6168.38,3.341565702903418e-09
6168.39,3.4378897255517455e-09
6168.4,3.519134102686919e-09
6168.41,3.591561813583467e-09
6168.42,3.667353600163433e-09
6168.43,3.757782474763859e-09
6168.44,3.872967824744797e-09
6168.45,4.021546912337882e-09
6168.46,4.211104198232983e-09
6168.47,4.439398422118638e-09
6168.48,4.733493072333057e-09
6168.49,5.093187083645471e-09
6168.5,5.530209245192325e-09
6168.51,6.059752310125064e-09
6168.52,6.7020921422223506e-09
6168.53,7.484876596023127e-09
6168.54,8.44610273831145e-09
6168.55,9.639023315987757e-09
6168.56,1.113521485797117e-08
6168.57,1.3038583951202756e-08
6168.58,1.5498369228797287e-08
6168.59,1.87342342470366e-08
6168.6,2.3074305725183085e-08
6168.61,2.9011158651172726e-08
6168.62,3.7269770307738625e-08
6168.63,4.8832012015210826e-08
6168.64,6.469768696992868e-08
6168.65,8.4841072566218e-08
6168.66,1.0597233240704668e-07
6168.67,1.2022628991000323e-07
6168.68,1.197567805277532e-07
6168.69,1.048497247340016e-07
6168.7,8.35884560653693e-08
6168.71,6.362894284267734e-08
6168.72,4.801009544392596e-08
6168.73,3.664902964289711e-08
6168.74,2.8529867495466098e-08
6168.75,2.2683046667792305e-08
6168.76,1.839818000741515e-08
6168.77,1.5193571156189685e-08
6168.78,1.2748261780868335e-08
6168.79,1.0847125686081128e-08
6168.8,9.343722408634723e-09
6168.81,8.135996522722645e-09
6168.82,7.15359290233143e-09
6168.83,6.344090136275099e-09
6168.84,5.669728575075822e-09
6168.85,5.102407668277179e-09
6168.86,4.6209027273919595e-09
6168.87,4.2089626541039536e-09
6168.88,3.853988015460067e-09
6168.89,3.546097873579746e-09
6168.9,3.2774612692064592e-09
6168.91,3.041811667421246e-09
6168.92,2.834089744187123e-09
6168.93,2.6501774406092845e-09
6168.94,2.48669776374992e-09
6168.95,2.3408625272437784e-09
6168.96,2.2103554508767523e-09
6168.97,2.0932416244380468e-09
6168.98,1.987896835052653e-09
6168.99,1.8929520113812103e-09
6169.0,1.8072492877101735e-09
6169.01,1.729807090618461e-09
6169.02,1.6597923073689943e-09
6169.03,1.5964980794639174e-09
6169.04,1.5393261279162748e-09
6169.05,1.4877727940936481e-09
6169.06,1.4414181967876834e-09
6169.07,1.399918082380015e-09
6169.08,1.3629980949605396e-09
6169.09,1.3304503304611895e-09
6169.1,1.3021321748600712e-09
6169.11,1.277967574648327e-09
6169.12,1.2579510627883871e-09
6169.13,1.2421550855104326e-09
6169.14,1.230077707465038e-09
6169.15,1.223317697721209e-09
6169.16,1.2216064954949492e-09
6169.17,1.2255067631775751e-09
6169.18,1.2357930571470654e-09
6169.19,1.2535186075718182e-09
6169.2,1.2801089798916127e-09
6169.21,1.3174932068298117e-09
6169.22,1.3683232697595814e-09
6169.23,1.4397832886830256e-09
6169.24,1.52933503934321e-09
6169.25,1.6470560081674125e-09
6169.26,1.8012370789112695e-09
6169.27,2.0017984662228355e-09
6169.28,2.2584652588820575e-09
6169.29,2.575286927383649e-09
6169.3,2.9390213860741097e-09
6169.31,3.3034938824179164e-09
6169.32,3.584416829913185e-09
6169.33,3.6898544451463256e-09
6169.34,3.580248590432624e-09
6169.35,3.3001205773459994e-09
6169.36,2.942751370914655e-09
6169.37,2.5906513093354565e-09
6169.38,2.2878517029836734e-09
6169.39,2.0462458419116732e-09
6169.4,1.8614018539866493e-09
6169.41,1.723735483027288e-09
6169.42,1.623065383705764e-09
6169.43,1.5528162614124995e-09
6169.44,1.5064426948306593e-09
6169.45,1.4796585773832813e-09
6169.46,1.4695717140475826e-09
6169.47,1.4741996509006014e-09
6169.48,1.492379298771969e-09
6169.49,1.5235725876769541e-09
6169.5,1.5677611427958319e-09
6169.51,1.62537886382243e-09
6169.52,1.6972697448883747e-09
6169.53,1.7846593446828918e-09
6169.54,1.8891283163200753e-09
6169.55,2.012576140649043e-09
6169.56,2.1572005657897307e-09
6169.57,2.3252713235900886e-09
6169.58,2.519302844568713e-09
6169.59,2.74190402787211e-09
6169.6,2.996087003889807e-09
6169.61,3.2860207327597995e-09
6169.62,3.6185245900742457e-09
6169.63,4.0056961278682404e-09
6169.64,4.467107742367682e-09
6169.65,5.034868150732031e-09
6169.66,5.757499897546805e-09
6169.67,6.706746458062558e-09
6169.68,7.988129750201722e-09
6169.69,9.757606978336882e-09
6169.7,1.224385544016839e-08
6169.71,1.576233953315452e-08
6169.72,2.0660535167966325e-08
6169.73,2.7026448908599306e-08
6169.74,3.4000835503887815e-08
6169.75,3.9166686833022826e-08
6169.76,3.973894853693041e-08
6169.77,3.53412402855027e-08
6169.78,2.8448607481534762e-08
6169.79,2.1752222819386682e-08
6169.8,1.6444791878597798e-08
6169.81,1.2575070099185819e-08
6169.82,9.815573038764907e-09
6169.83,7.835748903672307e-09
6169.84,6.390548945331126e-09
6169.85,5.313715239330789e-09
6169.86,4.494801964999064e-09
6169.87,3.860077276761963e-09
6169.88,3.3596262369849016e-09
6169.89,2.958766598728001e-09
6169.9,2.633705613049843e-09
6169.91,2.3667772535319023e-09
6169.92,2.145307950705861e-09
6169.93,1.9599017330520746e-09
6169.94,1.8034896192993816e-09
6169.95,1.6706820844263382e-09
6169.96,1.5573202037978672e-09
6169.97,1.4601588727476415e-09
6169.98,1.3766407869427046e-09
6169.99,1.304729894549148e-09
6170.0,1.2427904824105454e-09
6170.01,1.1894978116299832e-09
6170.02,1.1437748866446592e-09
6170.03,1.1066741598165588e-09
6170.04,1.0736760868424778e-09
6170.05,1.0461723555878443e-09
6170.06,1.0238063536434643e-09
6170.07,1.0062182312253775e-09
6170.08,9.936320965782432e-10
6170.09,9.859292415368965e-10
6170.1,9.832448497203554e-10
6170.11,9.858130331186605e-10
6170.12,9.939723143501693e-10
6170.13,1.0081760085797798e-09
6170.14,1.028921314062778e-09
6170.15,1.061813380401505e-09
6170.16,1.098167970766569e-09
6170.17,1.143580235370939e-09
6170.18,1.1989129515706982e-09
6170.19,1.264850882308781e-09
6170.2,1.3415651158557225e-09
6170.21,1.4281052311089365e-09
6170.22,1.5221165918963492e-09
6170.23,1.619275124346731e-09
6170.24,1.7135357556432742e-09
6170.25,1.7983126206954778e-09
6170.26,1.868635106393237e-09
6170.27,1.9233440349004935e-09
6170.28,1.965989215555873e-09
6170.29,2.0037414106093205e-09
6170.3,2.044848359535569e-09
6170.31,2.096074398243605e-09
6170.32,2.1610829229344935e-09
6170.33,2.239220388478908e-09
6170.34,2.325374719099735e-09
6170.35,2.410153462386728e-09
6170.36,2.4808867868729757e-09
6170.37,2.5238966953948925e-09
6170.38,2.5276953096434937e-09
6170.39,2.435963682094455e-09
6170.4,2.351171823768645e-09
6170.41,2.2304312942892386e-09
6170.42,2.0857196724837257e-09
6170.43,1.9290666940499108e-09
6170.44,1.7714707108422106e-09
6170.45,1.6206017919619608e-09
6170.46,1.481082824686375e-09
6170.47,1.355114229419445e-09
6170.48,1.2430958023559161e-09
6170.49,1.1445259714574133e-09
6170.5,1.0583140485524932e-09
6170.51,9.831533468061273e-10
6170.52,9.177117360727182e-10
6170.53,8.558292036301847e-10
6170.54,8.062051826603193e-10
6170.55,7.629166938367719e-10
6170.56,7.251038282939313e-10
6170.57,6.920308183022621e-10
6170.58,6.630661861639327e-10
6170.59,6.376907063556994e-10
6170.6,6.154495494103924e-10
6170.61,5.959626209430305e-10
6170.62,5.789081402291642e-10
6170.63,5.640134879499257e-10
6170.64,5.510474954163113e-10
6170.65,5.391989586310599e-10
6170.66,5.295337854267662e-10
6170.67,5.212931958633363e-10
6170.68,5.143573083819541e-10
6170.69,5.086246605364288e-10
6170.7,5.04009677820837e-10
6170.71,5.004405823522658e-10
6170.72,4.958133759735529e-10
6170.73,4.94179577704396e-10
6170.74,4.934432493447243e-10
6170.75,4.935733930756588e-10
6170.76,4.945468158920438e-10
6170.77,4.963475413082498e-10
6170.78,4.989663649143918e-10
6170.79,5.02400539190465e-10
6170.8,5.066535771073896e-10
6170.81,5.117351677428926e-10
6170.82,5.176612005263148e-10
6170.83,5.244538979526757e-10
6170.84,5.321366976938146e-10
6170.85,5.407561082583399e-10
6170.86,5.503498868833056e-10
6170.87,5.608811050773019e-10
6170.88,5.725866883759837e-10
6170.89,5.854477471776577e-10
6170.9,5.995450385519093e-10
6170.91,6.148832880292451e-10
6170.92,6.31746417347119e-10
6170.93,6.501677599428229e-10
6170.94,6.702867159900884e-10
6170.95,6.922614968780831e-10
6170.96,7.162702665325992e-10
6170.97,7.425111652933129e-10
6170.98,7.712001828887203e-10
6170.99,8.026046366308768e-10
6171.0,8.368739801459404e-10
6171.01,8.742588910300651e-10
6171.02,9.149273685923587e-10
6171.03,9.58974402596552e-10
6171.04,1.0064223471598607e-09
6171.05,1.0572204294612584e-09
6171.06,1.1113316686716293e-09
6171.07,1.1688506087995204e-09
6171.08,1.2301324949555484e-09
6171.09,1.2958747049614893e-09
6171.1,1.3671229653344436e-09
6171.11,1.4452252233879744e-09
6171.12,1.531903610625188e-09
6171.13,1.954250945954575e-09
6171.14,2.0644416772203613e-09
6171.15,2.189227080617872e-09
6171.16,2.3312027384865426e-09
6171.17,2.4933768738249876e-09
6171.18,2.6793210601704906e-09
6171.19,2.893347545113468e-09
6171.2,3.1407340724835162e-09
6171.21,3.4279952190015996e-09
6171.22,3.76321690132128e-09
6171.23,4.156460807625936e-09
6171.24,4.620246192135211e-09
6171.25,5.1700878487750746e-09
6171.26,5.825352128069374e-09
6171.27,6.608239403184767e-09
6171.28,7.545407171708843e-09
6171.29,8.665089514032107e-09
6171.3,9.992692910375333e-09
6171.31,1.1541083932071952e-08
6171.32,1.3293163641315332e-08
6171.33,1.5177553699913715e-08
6171.34,1.7043473017337134e-08
6171.35,1.865900591624917e-08
6171.36,1.9758552810043582e-08
6171.37,2.0142382310330834e-08
6171.38,1.9777519959091253e-08
6171.39,1.882226771580761e-08
6171.4,1.755507710467692e-08
6171.41,1.626668142326934e-08
6171.42,1.5185667698187448e-08
6171.43,1.4454786670720886e-08
6171.44,1.412887656183588e-08
6171.45,1.415834816313057e-08
6171.46,1.4352916837818502e-08
6171.47,1.436858012628553e-08
6171.48,1.3907068012491485e-08
6171.49,1.283874672836958e-08
6171.5,1.1344731292208297e-08
6171.51,9.736660042993256e-09
6171.52,8.254355050659045e-09
6171.53,7.001372434504387e-09
6171.54,5.985635520177427e-09
6171.55,5.174292611257095e-09
6171.56,4.52616616247808e-09
6171.57,4.0045738712142114e-09
6171.58,3.5803710580234026e-09
6171.59,3.2314071697616137e-09
6171.6,2.9410116564368057e-09
6171.61,2.6970630425859896e-09
6171.62,2.4898683138778417e-09
6171.63,2.3124242003787075e-09
6171.64,2.159257078361498e-09
6171.65,2.026108102763695e-09
6171.66,1.909626115359229e-09
6171.67,1.807145648488748e-09
6171.68,1.7165250074728761e-09
6171.69,1.6360269737853893e-09
6171.7,1.564229977900547e-09
6171.71,1.4988307546998933e-09
6171.72,1.4411249688240173e-09
6171.73,1.3891567490371692e-09
6171.74,1.3422389902108196e-09
6171.75,1.2997896315323408e-09
6171.76,1.261312989777481e-09
6171.77,1.2263849175051419e-09
6171.78,1.1946409150197495e-09
6171.79,1.1657665428515363e-09
6171.8,1.1394896407236284e-09
6171.81,1.1155739761995818e-09
6171.82,1.0938140335608373e-09
6171.83,1.0740307188390375e-09
6171.84,1.056103277429348e-09
6171.85,1.039824639197559e-09
6171.86,1.0251112622701929e-09
6171.87,1.0118597392033396e-09
6171.88,9.999803971543846e-10
6171.89,9.893958939728846e-10
6171.9,9.799936142048864e-10
6171.91,9.718107234798486e-10
6171.92,9.647541232938427e-10
6171.93,9.587862673557297e-10
6171.94,9.538780845163794e-10
6171.95,9.50008697458994e-10
6171.96,9.471652816803895e-10
6171.97,9.453430638221499e-10
6171.98,9.445454627098967e-10
6171.99,9.447843809776326e-10
6172.0,9.460806601585512e-10
6172.01,9.484647178538288e-10
6172.02,9.51977392377152e-10
6172.03,9.566710285030039e-10
6172.04,9.626108481456144e-10
6172.05,9.698766626158642e-10
6172.06,9.78564999478492e-10
6172.07,9.887917381102626e-10
6172.08,1.0006953755385246e-09
6172.09,1.0145273362998277e-09
6172.1,1.0303124790915113e-09
6172.11,1.0483714951195037e-09
6172.12,1.035505514818594e-09
6172.13,1.0591274870032574e-09
6172.14,1.0860459801773958e-09
6172.15,1.1167515453284834e-09
6172.16,1.1518407426416923e-09
6172.17,1.1920558559079345e-09
6172.18,1.2382708592519959e-09
6172.19,1.291612851313299e-09
6172.2,1.3534746672479866e-09
6172.21,1.4256116771857879e-09
6172.22,1.5102452383397353e-09
6172.23,1.6102178205390062e-09
6172.24,1.7291775852409839e-09
6172.25,1.871822373602522e-09
6172.26,2.0441961468827885e-09
6172.27,2.254035596865402e-09
6172.28,2.5113355333994855e-09
6172.29,2.8284028140591856e-09
6172.3,3.2217942594629863e-09
6172.31,3.714112780010367e-09
6172.32,4.3372309945795535e-09
6172.33,5.133769241275608e-09
6172.34,6.151341629001314e-09
6172.35,7.473581957031111e-09
6172.36,8.95787828448141e-09
6172.37,1.047881585832527e-08
6172.38,1.1679653373439417e-08
6172.39,1.2146694446365701e-08
6172.4,1.1686543640903688e-08
6172.41,1.048775508740711e-08
6172.42,8.962893585276096e-09
6172.43,7.470960941555045e-09
6172.44,6.193421434381891e-09
6172.45,5.171735280892046e-09
6172.46,4.378786196257502e-09
6172.47,3.76943733617265e-09
6172.48,3.301004438482635e-09
6172.49,2.939147376386691e-09
6172.5,2.6579030345619327e-09
6172.51,2.438075251357128e-09
6172.52,2.2654488257871735e-09
6172.53,2.12974086538932e-09
6172.54,2.023125544728492e-09
6172.55,1.939988282942471e-09
6172.56,1.8764081892971857e-09
6172.57,1.8298325163074345e-09
6172.58,1.7987756228492983e-09
6172.59,1.7825565551229295e-09
6172.6,1.7811202994186898e-09
6172.61,1.7949658165682202e-09
6172.62,1.8251710065351788e-09
6172.63,1.8734924786010264e-09
6172.64,1.962586627835373e-09
6172.65,2.0561053604332535e-09
6172.66,2.1790016375483147e-09
6172.67,2.33773482738442e-09
6172.68,2.5407439720597134e-09
6172.69,2.7981789736107825e-09
6172.7,3.1210378882195716e-09
6172.71,3.5183395695046826e-09
6172.72,3.990687665909393e-09
6172.73,4.5188476330580135e-09
6172.74,5.049741566222593e-09
6172.75,5.4914521935735846e-09
6172.76,5.735697452488426e-09
6172.77,5.710071313276443e-09
6172.78,5.423565382963478e-09
6172.79,4.960671000319875e-09
6172.8,4.430296893425568e-09
6172.81,3.917821635783645e-09
6172.82,3.4692995402171775e-09
6172.83,3.0997543818509443e-09
6172.84,2.80734265438362e-09
6172.85,2.5839210739956446e-09
6172.86,2.4208873560679148e-09
6172.87,2.3118193336515906e-09
6172.88,2.253512892107465e-09
6172.89,2.2461833908280936e-09
6172.9,2.290596468802483e-09
6172.91,2.378672352062401e-09
6172.92,2.478582429604346e-09
6172.93,2.541908652415418e-09
6172.94,2.541759705072016e-09
6172.95,2.4818039102791392e-09
6172.96,2.3723503291620565e-09
6172.97,2.2270537439303935e-09
6172.98,2.0664229178445077e-09
6172.99,1.911043272643223e-09
6173.0,1.7738563780718508e-09
6173.01,1.659194423447263e-09
6173.02,1.5661142749757944e-09
6173.03,1.4915055896091761e-09
6173.04,1.431900126174468e-09
6173.05,1.384219468572197e-09
6173.06,1.345965666297712e-09
6173.07,1.3151928653445812e-09
6173.08,1.2904266879804952e-09
6173.09,1.2705202142616709e-09
6173.1,1.2546049797385163e-09
6173.11,1.2420139607520974e-09
6173.12,1.232231794595767e-09
6173.13,1.2248579920669099e-09
6173.14,1.2195798725953955e-09
6173.15,1.216152636871641e-09
6173.16,1.2143846457547483e-09
6173.17,1.214126500017826e-09
6173.18,1.2152629099095351e-09
6173.19,1.2177066302163913e-09
6173.2,1.221393942034272e-09
6173.21,1.2264890954004635e-09
6173.22,1.2325517765517945e-09
6173.23,1.239778969747228e-09
6173.24,1.2521783259346303e-09
6173.25,1.2617832546521533e-09
6173.26,1.272610672683116e-09
6173.27,1.284708077075727e-09
6173.28,1.298137603479272e-09
6173.29,1.3129768737842101e-09
6173.3,1.3293201992366554e-09
6173.31,1.3472801573856502e-09
6173.32,1.3669895719763347e-09
6173.33,1.3886039348250037e-09
6173.34,1.4123043174320335e-09
6173.35,1.438300827133415e-09
6173.36,1.466181739931429e-09
6173.37,1.497540082187082e-09
6173.38,1.532043017084421e-09
6173.39,1.5700641916054743e-09
6173.4,1.6120334842791201e-09
6173.41,1.6584444097083015e-09
6173.42,1.7098617984067268e-09
6173.43,1.7669292032074577e-09
6173.44,1.8303750680831456e-09
6173.45,1.9010160507672937e-09
6173.46,1.97975491501755e-09
6173.47,2.0675689760437665e-09
6173.48,2.165483059936025e-09
6173.49,2.2745182423824184e-09
6173.5,2.3956043610584465e-09
6173.51,2.5294409966508444e-09
6173.52,2.6762897438185405e-09
6173.53,2.8356831645698436e-09
6173.54,3.006047994641496e-09
6173.55,3.184268908786162e-09
6173.56,3.365199534235823e-09
6173.57,3.541710852367115e-09
6173.58,3.704351210762595e-09
6173.59,3.842341944289226e-09
6173.6,3.9448784384051364e-09
6173.61,4.0030001339427505e-09
6173.62,4.011463616338378e-09
6173.63,3.969961241223369e-09
6173.64,3.883195152861717e-09
6173.65,3.759775572824334e-09
6173.66,3.6103907280520345e-09
6173.67,3.445905170917579e-09
6173.68,3.2759848598889045e-09
6173.69,3.1080209908837824e-09
6173.7,2.9474111967323576e-09
6173.71,2.7974809427943482e-09
6173.72,2.659960867846782e-09
6173.73,2.5354261529229467e-09
6173.74,2.4236824814701216e-09
6173.75,2.3240375220069973e-09
6173.76,2.2356378189087384e-09
6173.77,2.1538770429514417e-09
6173.78,2.084870944452196e-09
6173.79,2.0240914461431825e-09
6173.8,1.9705255210435e-09
6173.81,1.9233901478721304e-09
6173.82,1.8819421449702895e-09
6173.83,1.8455233393895296e-09
6173.84,1.813554577239926e-09
6173.85,1.7855283369088513e-09
6173.86,1.7610009705344844e-09
6173.87,1.7395851607193635e-09
6173.88,1.7209429030086235e-09
6173.89,1.7047791546246941e-09
6173.9,1.6908361889480354e-09
6173.91,1.678888637800548e-09
6173.92,1.6687391734666401e-09
6173.93,1.6602147687394422e-09
6173.94,1.6531634695014345e-09
6173.95,1.6474516160101075e-09
6173.96,1.6429614536579667e-09
6173.97,1.6395890798201184e-09
6173.98,1.637242679648731e-09
6173.99,1.6355347395997106e-09
6174.0,1.6350072247510516e-09
6174.01,1.6425232422340171e-09
6174.02,1.6436045849483306e-09
6174.03,1.6453883590955247e-09
6174.04,1.6478298969264914e-09
6174.05,1.6508895433882198e-09
6174.06,1.6545321246981398e-09
6174.07,1.6587264918921996e-09
6174.08,1.6631593737696973e-09
6174.09,1.6683795588975507e-09
6174.1,1.6740785964816256e-09
6174.11,1.680238079442564e-09
6174.12,1.6868421955225371e-09
6174.13,1.6938775761860087e-09
6174.14,1.7013331839713097e-09
6174.15,1.709200237566124e-09
6174.16,1.7174721749322625e-09
6174.17,1.7261446558713741e-09
6174.18,1.7352156066103431e-09
6174.19,1.7446853102152368e-09
6174.2,1.7546533309947549e-09
6174.21,1.764931987161631e-09
6174.22,1.7756260991783532e-09
6174.23,1.7867474087732292e-09
6174.24,1.7983113826412953e-09
6174.25,1.810337729418462e-09
6174.26,1.8228510150983923e-09
6174.27,1.8358813732815183e-09
6174.28,1.8494615769983052e-09
6174.29,1.8636449334224302e-09
6174.3,1.8784769409494436e-09
6174.31,1.894017306926192e-09
6174.32,1.910333593951681e-09
6174.33,1.9274994231262937e-09
6174.34,1.9455901187659224e-09
6174.35,1.964674089884746e-09
6174.36,1.9847976249756243e-09
6174.37,2.005956643355062e-09
6174.38,2.028071758891895e-09
6174.39,2.0509406500081326e-09
6174.4,2.078720025105865e-09
6174.41,2.101817873122358e-09
6174.42,2.1376637709155126e-09
6174.43,2.158338791638693e-09
6174.44,2.176770478474301e-09
6174.45,2.408390980438755e-09
6174.46,2.4232320896657104e-09
6174.47,2.4362645510048377e-09
6174.48,2.448236159690109e-09
6174.49,2.459915606126777e-09
6174.5,2.471951575457491e-09
6174.51,2.4850157704294893e-09
6174.52,2.498996020380754e-09
6174.53,2.514252109560485e-09
6174.54,2.5308449133037235e-09
6174.55,2.548790587091748e-09
6174.56,2.56807971549906e-09
6174.57,2.5886995133802285e-09
6174.58,2.6106459431311772e-09
6174.59,2.633931075581406e-09
6174.6,2.651201950185057e-09
6174.61,2.6773309406015005e-09
6174.62,2.7049665871822766e-09
6174.63,2.7342123038364133e-09
6174.64,2.7651907260498207e-09
6174.65,2.7980317403347807e-09
6174.66,2.8320830536871627e-09
6174.67,2.8689681065553626e-09
6174.68,2.903347038605389e-09
6174.69,2.944119038394351e-09
6174.7,2.9862725271771855e-09
6174.71,3.0291247678487513e-09
6174.72,3.0718618829841503e-09
6174.73,3.113787999058609e-09
6174.74,3.1546335494837063e-09
6174.75,3.1947852290922197e-09
6174.76,3.235063312714284e-09
6174.77,3.360047227542772e-09
6174.78,3.4049275447968145e-09
6174.79,3.453655020148331e-09
6174.8,3.50733332155929e-09
6174.81,3.5671490137488297e-09
6174.82,3.63458740744402e-09
6174.83,3.711727061644414e-09
6174.84,3.8013411561027805e-09
6174.85,3.90493297565712e-09
6174.86,4.01496667261015e-09
6174.87,4.110648121497546e-09
6174.88,4.18046645217209e-09
6174.89,4.238533399959201e-09
6174.9,4.300587078671164e-09
6174.91,4.370030268798987e-09
6174.92,4.444932469727172e-09
6174.93,4.52230418915906e-09
6174.94,4.597680663581515e-09
6174.95,4.664651710930003e-09
6174.96,4.715967274616531e-09
6174.97,4.7459424774716324e-09
6174.98,4.752881135027908e-09
6174.99,4.739852786666669e-09
6175.0,4.713482859659183e-09
6175.01,4.6815013029125005e-09
6175.02,4.6506111909160025e-09
6175.03,4.625450617722528e-09
6175.04,4.608507682329074e-09
6175.05,4.600859468515367e-09
6175.06,4.602406805992821e-09
6175.07,4.612562049986023e-09
6175.08,4.630556556533282e-09
6175.09,4.655575660659068e-09
6175.1,4.686865227072432e-09
6175.11,4.723769473768473e-09
6175.12,4.765740048686852e-09
6175.13,4.812331159104141e-09
6175.14,4.863188971619822e-09
6175.15,4.918039540815448e-09
6175.16,4.9766527168765895e-09
6175.17,5.038930463357629e-09
6175.18,5.1047505403009615e-09
6175.19,5.17405828433151e-09
6175.2,5.2468364407675706e-09
6175.21,5.323100931012409e-09
6175.22,5.402897671953585e-09
6175.23,5.486300287154675e-09
6175.24,5.573408578510517e-09
6175.25,5.664347655169296e-09
6175.26,5.7592676427061734e-09
6175.27,5.8583439182478804e-09
6175.28,5.961777837680161e-09
6175.29,6.069797939225282e-09
6175.3,6.182661624152324e-09
6175.31,6.300657331609714e-09
6175.32,6.424107240064098e-09
6175.33,6.553370544600003e-09
6175.34,6.688847376945949e-09
6175.35,6.830983455662639e-09
6175.36,6.98027557689446e-09
6175.37,7.137278084120412e-09
6175.38,7.302610488390961e-09
6175.39,7.476966451869117e-09
6175.4,7.661124397450987e-09
6175.41,7.856005315351682e-09
6175.42,8.062506918959551e-09
6175.43,8.28179224330992e-09
6175.44,8.515130584132086e-09
6175.45,8.76396807995436e-09
6175.46,9.029958544816125e-09
6175.47,9.315000843964897e-09
6175.48,9.621284416807084e-09
6175.49,9.951344993934548e-09
6175.5,1.0306111716517232e-08
6175.51,1.0692789174776485e-08
6175.52,1.1114004244565996e-08
6175.53,1.1574242115583005e-08
6175.54,1.2079193442763685e-08
6175.55,1.2635655052198719e-08
6175.56,1.325178910554036e-08
6175.57,1.3937448836636422e-08
6175.58,1.4704584992795078e-08
6175.59,1.5567759035630613e-08
6175.6,1.6544768857385486e-08
6175.61,1.7657423064164168e-08
6175.62,1.8932488202826185e-08
6175.63,2.0402846908762215e-08
6175.64,2.2108959633565097e-08
6175.65,2.4100625309508845e-08
6175.66,2.6439142273131387e-08
6175.67,2.919677984079554e-08
6175.68,3.245666778924911e-08
6175.69,3.6301296764063804e-08
6175.7,4.0788618697638914e-08
6175.71,4.5905562292181196e-08
6175.72,5.149575823872954e-08
6175.73,5.717815087929921e-08
6175.74,6.231487287818381e-08
6175.75,6.611955834970745e-08
6175.76,6.794141947344882e-08
6175.77,6.758932833418311e-08
6175.78,6.54463187207499e-08
6175.79,6.227330395849791e-08
6175.8,5.887331709835492e-08
6175.81,5.5854818222846336e-08
6175.82,5.357445032571688e-08
6175.83,5.2193973447759124e-08
6175.84,5.1764507169216416e-08
6175.85,5.229329771296459e-08
6175.86,5.378462389345917e-08
6175.87,5.6260428934170436e-08
6175.88,5.977003385818488e-08
6175.89,6.438727929173382e-08
6175.9,7.02017163533714e-08
6175.91,7.730069379829313e-08
6175.92,8.572711725766949e-08
6175.93,9.541572258185631e-08
6175.94,1.0609803709005803e-07
6175.95,1.1719223360650557e-07
6175.96,1.2772809066672308e-07
6175.97,1.3639799495969072e-07
6175.98,1.4181616013170367e-07
6175.99,1.4295633885555196e-07
6176.0,1.3955900525880137e-07
6176.01,1.3224225456924526e-07
6176.02,1.2223576237564854e-07
6176.03,1.109253621563397e-07
6176.04,9.947701727976022e-08
6176.05,8.867304289959921e-08
6176.06,7.892780008398506e-08
6176.07,7.038612069143504e-08
6176.08,6.30292584898779e-08
6176.09,5.675571763216759e-08
6176.1,5.143226976491923e-08
6176.11,4.692336002976644e-08
6176.12,4.3103250321412627e-08
6176.13,3.986194876659025e-08
6176.14,3.710603106296096e-08
6176.15,3.475743484857404e-08
6176.16,3.275148407514434e-08
6176.17,3.1034765100985075e-08
6176.18,2.9563142376077365e-08
6176.19,2.830003919038948e-08
6176.2,2.7215040487391925e-08
6176.21,2.6282834569233528e-08
6176.22,2.5482448936052434e-08
6176.23,2.479665645009993e-08
6176.24,2.4211404585458265e-08
6176.25,2.3715204487550325e-08
6176.26,2.3298536990713412e-08
6176.27,2.2953371264620683e-08
6176.28,2.2672835992404792e-08
6176.29,2.245110736310032e-08
6176.3,2.2282910992140818e-08
6176.31,2.2163974578690435e-08
6176.32,2.209056583067517e-08
6176.33,2.2059570967317074e-08
6176.34,2.206833877800076e-08
6176.35,2.2114684075552574e-08
6176.36,2.2196824648680284e-08
6176.37,2.2313341708110795e-08
6176.38,2.246314847500488e-08
6176.39,2.2645466423627116e-08
6176.4,2.2859808766324312e-08
6176.41,2.3105970940384742e-08
6176.42,2.3384028090578155e-08
6176.43,2.369433982977114e-08
6176.44,2.403756290659743e-08
6176.45,2.441467283625176e-08
6176.46,2.4826996088571476e-08
6176.47,2.527625512947133e-08
6176.48,2.57646295447751e-08
6176.49,2.629483774687386e-08
6176.5,2.687024551966804e-08
6176.51,2.749501011932987e-08
6176.52,2.817430292189403e-08
6176.53,2.891444339430947e-08
6176.54,2.972342902634483e-08
6176.55,3.061128340268815e-08
6176.56,3.1590731052457933e-08
6176.57,3.267808661315706e-08
6176.58,3.3894496983280544e-08
6176.59,3.526779686572712e-08
6176.6,3.683444423974639e-08
6176.61,3.864392283640796e-08
6176.62,4.076108708592224e-08
6176.63,4.327366076535313e-08
6176.64,4.629548346722899e-08
6176.65,4.996626924127265e-08
6176.66,5.443420137026e-08
6176.67,5.979876731127609e-08
6176.68,6.598595899744204e-08
6176.69,7.256369390289919e-08
6176.7,7.861449457971456e-08
6176.71,8.289194085482093e-08
6176.72,8.438294511828133e-08
6176.73,8.297338678847591e-08
6176.74,7.957620355346291e-08
6176.75,7.55263471893466e-08
6176.76,7.186419596890487e-08
6176.77,6.908506307329653e-08
6176.78,6.728047913813196e-08
6176.79,6.635465631791854e-08
6176.8,6.616320296922847e-08
6176.81,6.657457133708342e-08
6176.82,6.748071737977758e-08
6176.83,6.880671610963386e-08
6176.84,7.049956029652638e-08
6176.85,7.252528701734422e-08
6176.86,7.486300188794554e-08
6176.87,7.750318552946514e-08
6176.88,8.04451131446026e-08
6176.89,8.36954589122902e-08
6176.9,8.72674830534201e-08
6176.91,9.118067402449833e-08
6176.92,9.546076106066176e-08
6176.93,1.001400409750456e-07
6176.94,1.0525797250006933e-07
6176.95,1.1086196999679965e-07
6176.96,1.1700838043015676e-07
6176.97,1.2376244116638772e-07
6176.98,1.3119872280126194e-07
6176.99,1.3939761278966704e-07
6177.0,1.48437589543565e-07
6177.01,1.5837898251439382e-07
6177.02,1.6923721537913648e-07
6177.03,1.8095104653703694e-07
6177.04,1.933682833507406e-07
6177.05,2.0628625089151452e-07
6177.06,2.1956351079352862e-07
6177.07,2.3324916030169585e-07
6177.08,2.4762762520850046e-07
6177.09,2.631381331950557e-07
6177.1,2.802403558697072e-07
6177.11,2.9932186237651757e-07
6177.12,3.2067544704586184e-07
6177.13,3.4451626687984173e-07
6177.14,3.7100312147807473e-07
6177.15,4.002461358335173e-07
6177.16,4.3229717725222984e-07
6177.17,4.6712464929405854e-07
6177.18,5.045759130493931e-07
6177.19,5.443276109616203e-07
6177.2,5.858307631010147e-07
6177.21,6.282558262849063e-07
6177.22,6.704517804174392e-07
6177.23,7.109383605902014e-07
6177.24,7.47953927319618e-07
6177.25,7.795821911575823e-07
6177.26,8.039249186527073e-07
6177.27,8.19367736151838e-07
6177.28,8.248223886715443e-07
6177.29,8.199123292911363e-07
6177.3,8.050407031907063e-07
6177.31,7.813190494930678e-07
6177.32,7.503793585956877e-07
6177.33,7.141310288114533e-07
6177.34,6.744946144698224e-07
6177.35,6.332304183315093e-07
6177.36,5.918107473345665e-07
6177.37,5.513707788766881e-07
6177.38,5.127155303539436e-07
6177.39,4.763566403345503e-07
6177.4,4.425644195879923e-07
6177.41,4.114201976733221e-07
6177.42,3.8286649383436533e-07
6177.43,3.5675547473334786e-07
6177.44,3.328956114333316e-07
6177.45,3.110924980586624e-07
6177.46,2.911768292502056e-07
6177.47,2.7301464760686036e-07
6177.48,2.5650185565169874e-07
6177.49,2.4155115513504384e-07
6177.5,2.2808018115997073e-07
6177.51,2.1600535558288405e-07
6177.52,2.0524137963362263e-07
6177.53,1.9570412200182166e-07
6177.54,1.8731347136759937e-07
6177.55,1.7999781338191226e-07
6177.56,1.7369532437748778e-07
6177.57,1.6835575940746925e-07
6177.58,1.6394141862731022e-07
6177.59,1.6042786570444146e-07
6177.6,1.5780461257165248e-07
6177.61,1.560759933629251e-07
6177.62,1.5526228269831365e-07
6177.63,1.5540119701915883e-07
6177.64,1.5654983765731866e-07
6177.65,1.587872229298678e-07
6177.66,1.6221777545206726e-07
6177.67,1.6697654604937217e-07
6177.68,1.7323728638123072e-07
6177.69,1.8122402681858908e-07
6177.7,1.9122529095227103e-07
6177.71,2.0360884535970564e-07
6177.72,2.188356172879502e-07
6177.73,2.3747280072784505e-07
6177.74,2.602047447546702e-07
6177.75,2.8783436439200103e-07
6177.76,3.2125587747027865e-07
6177.77,3.6137662710430027e-07
6177.78,4.0893297074889494e-07
6177.79,4.6412858209025846e-07
6177.8,5.260539888275496e-07
6177.81,5.919214742344128e-07
6177.82,6.563952538087927e-07
6177.83,7.116136130538313e-07
6177.84,7.485653673659193e-07
6177.85,7.598482933364063e-07
6177.86,7.426367726697756e-07
6177.87,7.000153812901985e-07
6177.88,6.396927023634832e-07
6177.89,5.709460260536602e-07
6177.9,5.017231215511983e-07
6177.91,4.372321706088459e-07
6177.92,3.8000763427629327e-07
6177.93,3.3069314791198977e-07
6177.94,2.8887378978530653e-07
6177.95,2.5367115700809974e-07
6177.96,2.2409409957751483e-07
6177.97,1.9919128872951084e-07
6177.98,1.781302291788188e-07
6177.99,1.6021468136866356e-07
6178.0,1.448900997245041e-07
6178.01,1.317142791463213e-07
6178.02,1.203262845200056e-07
6178.03,1.1042877857866813e-07
6178.04,1.0177810248973903e-07
6178.05,9.417551008191402e-08
6178.06,8.745881523720499e-08
6178.07,8.149517016762027e-08
6178.08,7.617520178563846e-08
6178.09,7.140836634415455e-08
6178.1,6.711929183800104e-08
6178.11,6.324489488537988e-08
6178.12,5.973209850821709e-08
6178.13,5.653602187643683e-08
6178.14,5.361852470975406e-08
6178.15,5.094704710254235e-08
6178.16,4.849366797474137e-08
6178.17,4.623434202215708e-08
6178.18,4.4148277526335776e-08
6178.19,4.2217426709763486e-08
6178.2,4.0426066744587656e-08
6178.21,3.876045275831189e-08
6178.22,3.7208532226268224e-08
6178.23,3.5759705940216345e-08
6178.24,3.440462916217723e-08
6178.25,3.3135043176449644e-08
6178.26,3.194362656088057e-08
6178.27,3.0823849145214726e-08
6178.28,2.9769803509233767e-08
6178.29,2.877599938110912e-08
6178.3,2.7837183805887023e-08
6178.31,2.6948378614475365e-08
6178.32,2.6105246124391632e-08
6178.33,2.5304442229077994e-08
6178.34,2.4543468724531797e-08
6178.35,2.3820163219127602e-08
6178.36,2.313235649982437e-08
6178.37,2.2477847565250502e-08
6178.38,2.185451429506198e-08
6178.39,2.126039946420177e-08
6178.4,2.0693753608464034e-08
6178.41,2.0153052630687576e-08
6178.42,1.963700651151018e-08
6178.43,1.914455393848245e-08
6178.44,1.8674796850600347e-08
6178.45,1.82267530793839e-08
6178.46,1.7798746623105042e-08
6178.47,1.738756351556927e-08
6178.48,1.6988497181716327e-08
6178.49,1.6597581344524606e-08
6178.5,1.6214532882581997e-08
6178.51,1.584203332638188e-08
6178.52,1.5482851582915232e-08
6178.53,1.51380482649853e-08
6178.54,1.4807282404389602e-08
6178.55,1.4489642951813637e-08
6178.56,1.4184147179217541e-08
6178.57,1.388991368094817e-08
6178.58,1.3606188562898792e-08
6178.59,1.333232779573256e-08
6178.6,1.3067773545751509e-08
6178.61,1.2812033981039943e-08
6178.62,1.2564671251166171e-08
6178.63,1.2325287281332145e-08
6178.64,1.2093519379560163e-08
6178.65,1.1869034184655372e-08
6178.66,1.1651523829495712e-08
6178.67,1.1440584226424464e-08
6178.68,1.1236188893256107e-08
6178.69,1.1037928047723502e-08
6178.7,1.0845661836722572e-08
6178.71,1.0659133648661356e-08
6178.72,1.0478147036966437e-08
6178.73,1.0302520706597104e-08
6178.74,1.0131765772094651e-08
6178.75,9.966376890890416e-09
6178.76,9.805892781796113e-09
6178.77,9.650191150509003e-09
6178.78,9.4991649561296e-09
6178.79,9.352722959741421e-09
6178.8,9.210790420485275e-09
6178.81,9.07330989143761e-09
6178.82,8.940242022830644e-09
6178.83,8.811566204032686e-09
6178.84,8.686134995721144e-09
6178.85,8.566260792225863e-09
6178.86,8.450825693071801e-09
6178.87,8.339872403827899e-09
6178.88,8.233444254335171e-09
6178.89,8.11169358618456e-09
6178.9,8.01448241604074e-09
6178.91,7.921714942010164e-09
6178.92,7.833162880068193e-09
6178.93,7.7484396245724e-09
6178.94,7.66691266164512e-09
6178.95,7.587719483203082e-09
6178.96,7.509817998452276e-09
6178.97,7.432133409731133e-09
6178.98,7.3537847948695596e-09
6178.99,7.274331380849809e-09
6179.0,7.1939452180087366e-09
6179.01,7.1134360861698295e-09
6179.02,7.03412539593511e-09
6179.03,6.957641840406227e-09
6179.04,6.885738805399853e-09
6179.05,6.820200830926844e-09
6179.06,6.758527071657811e-09
6179.07,6.711346022677954e-09
6179.08,6.663566218676672e-09
6179.09,6.643880712409469e-09
6179.1,6.642701214744113e-09
6179.11,6.664454010735911e-09
6179.12,6.715178836336622e-09
6179.13,6.802845571733409e-09
6179.14,6.937747322350794e-09
6179.15,7.132297681971556e-09
6179.16,7.399129760194184e-09
6179.17,7.745208026239834e-09
6179.18,8.158935379750827e-09
6179.19,8.590811209448664e-09
6179.2,8.941840482350858e-09
6179.21,9.089061258479117e-09
6179.22,8.955738115822187e-09
6179.23,8.568773517934354e-09
6179.24,8.037463120500996e-09
6179.25,7.479593644755945e-09
6179.26,6.969822590917293e-09
6179.27,6.5364500437907134e-09
6179.28,6.179747384075879e-09
6179.29,5.888761648207755e-09
6179.3,5.650382127224598e-09
6179.31,5.452798275826525e-09
6179.32,5.286251844760154e-09
6179.33,5.142984777991047e-09
6179.34,5.017289921350793e-09
6179.35,4.905246938881583e-09
6179.36,4.8044714090713036e-09
6179.37,4.713358807953146e-09
6179.38,4.630601331929017e-09
6179.39,4.5550569504103255e-09
6179.4,4.4857642253072895e-09
6179.41,4.421953741371046e-09
6179.42,4.363014891997544e-09
6179.43,4.308418741522471e-09
6179.44,4.257597916010497e-09
6179.45,4.209804901715308e-09
6179.46,4.16403850459201e-09
6179.47,4.119191879338358e-09
6179.48,4.074461207994008e-09
6179.49,4.0297416575381034e-09
6179.5,3.985614894678086e-09
6179.51,3.94291951784425e-09
6179.52,3.902303585075593e-09
6179.53,3.864004307220254e-09
6179.54,3.827855879424099e-09
6179.55,3.793352319631811e-09
6179.56,3.7597411317108196e-09
6179.57,3.726086997502029e-09
6179.58,3.691447814491374e-09
6179.59,3.655079889951023e-09
6179.6,3.6166363309056122e-09
6179.61,3.576248549294971e-09
6179.62,3.5344505013945873e-09
6179.63,3.4919836012794318e-09
6179.64,3.3968521819527767e-09
6179.65,3.355407342518266e-09
6179.66,3.3150215245873296e-09
6179.67,3.275908669998983e-09
6179.68,3.2381457451131794e-09
6179.69,3.201714127441982e-09
6179.7,3.1664619486669828e-09
6179.71,3.1324781117156e-09
6179.72,3.0995762697208512e-09
6179.73,3.0676624693207327e-09
6179.74,3.036650006503298e-09
6179.75,3.006461237119979e-09
6179.76,2.977027811555707e-09
6179.77,2.948290115604785e-09
6179.78,2.9201963696989063e-09
6179.79,2.8927016338998213e-09
6179.8,2.8657668449649693e-09
6179.81,2.8393579428452076e-09
6179.82,2.8134451065447723e-09
6179.83,2.7880020998573346e-09
6179.84,2.7630057184432853e-09
6179.85,2.7384353260819358e-09
6179.86,2.7142514925594916e-09
6179.87,2.6904796846707823e-09
6179.88,2.6670838033085035e-09
6179.89,2.6440502039893182e-09
6179.9,2.621331462193945e-09
6179.91,2.5989862142333634e-09
6179.92,2.5769687682616028e-09
6179.93,2.5552693378224917e-09
6179.94,2.533878817598321e-09
6179.95,2.5127887033200887e-09
6179.96,2.491991023532647e-09
6179.97,2.4714782812085055e-09
6179.98,2.4512434036256734e-09
6179.99,2.4312796991571e-09
6180.0,2.4115808199044164e-09
