nu_cm-1,alpha_cm-1_at_1ppm
6040.0,1.6180573320235681e-09
6040.01,1.6078500202076867e-09
6040.02,1.5735431035229807e-09
6040.03,1.5353205421380116e-09
6040.04,1.5096156995419755e-09
6040.05,1.5073012536060163e-09
6040.06,1.534938841697205e-09
6040.07,1.5961428724689412e-09
6040.08,1.6917123815862954e-09
6040.09,1.8182579859526098e-09
6040.1,1.965646361981566e-09
6040.11,2.114894530303659e-09
6040.12,2.2401508642976426e-09
6040.13,2.317024143769781e-09
6040.14,2.3355638779942533e-09
6040.15,2.3062810398957617e-09
6040.16,2.254301788663267e-09
6040.17,2.2066736376046966e-09
6040.18,2.182916287291611e-09
6040.19,2.1917923150815993e-09
6040.2,2.2338802566720775e-09
6040.21,2.3036681635881757e-09
6040.22,2.3923945821241514e-09
6040.23,2.4909548686077226e-09
6040.24,2.594145981287092e-09
6040.25,2.70455503214458e-09
6040.26,2.8333074520793584e-09
6040.27,2.996606404432265e-09
6040.28,3.2120350931807728e-09
6040.29,3.496277678525359e-09
6040.3,3.865719747795026e-09
6040.31,4.337971394169554e-09
6040.32,4.9303316393422096e-09
6040.33,5.6525014127816735e-09
6040.34,6.492895018459493e-09
6040.35,7.400028755001685e-09
6040.36,8.270319336938746e-09
6040.37,8.95916057047611e-09
6040.38,9.324906102675738e-09
6040.39,9.287784121366728e-09
6040.4,8.868141932177077e-09
6040.41,8.177968960599414e-09
6040.42,7.370957865307637e-09
6040.43,6.584151423860101e-09
6040.44,5.904579029195442e-09
6040.45,5.367401960679689e-09
6040.46,4.969445539207126e-09
6040.47,4.683098978856589e-09
6040.48,4.466972616192529e-09
6040.49,4.276134649766245e-09
6040.5,4.073776430846913e-09
6040.51,3.839968689290334e-09
6040.52,3.5742804731176855e-09
6040.53,3.2903406204121484e-09
6040.54,3.0073318185224925e-09
6040.55,2.742138648104135e-09
6040.56,2.505477361301064e-09
6040.57,2.3019621858546855e-09
6040.58,2.131987834213005e-09
6040.59,1.993653887260636e-09
6040.6,1.8841891326491037e-09
6040.61,1.80086477335072e-09
6040.62,1.74147225182666e-09
6040.63,1.7043717303152104e-09
6040.64,1.688617609024101e-09
6040.65,1.693966006523897e-09
6040.66,1.7208201257642695e-09
6040.67,1.7700211727680318e-09
6040.68,1.8424433136459067e-09
6040.69,1.938174654503754e-09
6040.7,2.055312706249236e-09
6040.71,2.1885579596459383e-09
6040.72,2.328766598306511e-09
6040.73,2.4651584444350714e-09
6040.74,2.590173711519627e-09
6040.75,2.7041749022114054e-09
6040.76,2.815752083366644e-09
6040.77,2.9374704389644837e-09
6040.78,3.080280125230564e-09
6040.79,3.2498666612827483e-09
6040.8,3.4461493492044615e-09
6040.81,3.666512207600748e-09
6040.82,3.911684146909338e-09
6040.83,4.190683720082884e-09
6040.84,4.520943719676922e-09
6040.85,4.925683985311011e-09
6040.86,5.430192824779448e-09
6040.87,6.0596296360605165e-09
6040.88,6.835167725593058e-09
6040.89,7.765700338602943e-09
6040.9,8.832215640292709e-09
6040.91,9.970431581306816e-09
6040.92,1.1065470556063024e-08
6040.93,1.1978736096402808e-08
6040.94,1.2606282977465772e-08
6040.95,1.2924890672745486e-08
6040.96,1.297537931960456e-08
6040.97,1.2797229648201726e-08
6040.98,1.2387346634281448e-08
6040.99,1.1725069958369714e-08
6041.0,1.08269967896447e-08
6041.01,9.769094145032176e-09
6041.02,8.659758730221793e-09
6041.03,7.596895738304395e-09
6041.04,6.642843312063356e-09
6041.05,5.823412347889465e-09
6041.06,5.139753576345441e-09
6041.07,4.579780237590827e-09
6041.08,4.125724689264174e-09
6041.09,3.757371996584419e-09
6041.1,3.453550197666209e-09
6041.11,3.194562107677623e-09
6041.12,2.96353836232565e-09
6041.13,2.7507440310026508e-09
6041.14,2.5527553993232823e-09
6041.15,2.3705941247906677e-09
6041.16,2.2066571846099087e-09
6041.17,2.0626207849184935e-09
6041.18,1.9388998620261138e-09
6041.19,1.8350011179470064e-09
6041.2,1.7499747769569745e-09
6041.21,1.6826455889805288e-09
6041.22,1.6317184419989751e-09
6041.23,1.5958899075686072e-09
6041.24,1.5740565909444543e-09
6041.25,1.5655006163176912e-09
6041.26,1.5701674005836962e-09
6041.27,1.5886923468220674e-09
6041.28,1.622290973372376e-09
6041.29,1.6727022480650108e-09
6041.3,1.7421429040560587e-09
6041.31,1.8334056882430568e-09
6041.32,1.94989691482171e-09
6041.33,2.0956954529638364e-09
6041.34,2.275210950686297e-09
6041.35,2.49263186513484e-09
6041.36,2.7506330374441057e-09
6041.37,3.0486599916332965e-09
6041.38,3.3812710434904887e-09
6041.39,3.737712449515264e-09
6041.4,4.105185897418032e-09
6041.41,4.475259480463504e-09
6041.42,4.850726825242725e-09
6041.43,5.246103088350931e-09
6041.44,5.677999930172195e-09
6041.45,6.1487488514324985e-09
6041.46,6.632831528268727e-09
6041.47,7.075265419082806e-09
6041.48,7.410027025929661e-09
6041.49,7.593928971103255e-09
6041.5,7.631859420917805e-09
6041.51,7.567232097597423e-09
6041.52,7.442756825059857e-09
6041.53,7.265514877726457e-09
6041.54,7.005215286727883e-09
6041.55,6.625776925470687e-09
6041.56,6.1230475551937206e-09
6041.57,5.536082058539693e-09
6041.58,4.926786088031832e-09
6041.59,4.3508910904559136e-09
6041.6,3.842486394824864e-09
6041.61,3.4145438240247144e-09
6041.62,3.0659671811446643e-09
6041.63,2.788759826357035e-09
6041.64,2.572221889875785e-09
6041.65,2.4045958281920437e-09
6041.66,2.2735808738165723e-09
6041.67,2.166938299049935e-09
6041.68,2.0745805380723648e-09
6041.69,1.9905684115253014e-09
6041.7,1.9137441260349325e-09
6041.71,1.84618793720404e-09
6041.72,1.7908201243641132e-09
6041.73,1.7495886596688562e-09
6041.74,1.7228554614532319e-09
6041.75,1.7097945224849986e-09
6041.76,1.7093086312824528e-09
6041.77,1.7204849434350626e-09
6041.78,1.7423377695815756e-09
6041.79,1.7733685938587727e-09
6041.8,1.8118497177216022e-09
6041.81,1.8571245673747072e-09
6041.82,1.9108886373172994e-09
6041.83,1.9774594407936143e-09
6041.84,2.0627770005739613e-09
6041.85,2.173091725550783e-09
6041.86,2.314251053582306e-09
6041.87,2.4916606218083367e-09
6041.88,2.7108357553619704e-09
6041.89,2.9775042481383207e-09
6041.9,3.2969717992237346e-09
6041.91,3.6722419412509445e-09
6041.92,4.101819452913202e-09
6041.93,4.577416746789953e-09
6041.94,5.082819181865966e-09
6041.95,5.5953856533913325e-09
6041.96,6.091702215111809e-09
6041.97,6.554834510294636e-09
6041.98,6.975586543513011e-09
6041.99,7.345496169681311e-09
6042.0,7.648080274765844e-09
6042.01,7.87046646959828e-09
6042.02,8.017692080973956e-09
6042.03,8.119074813059389e-09
6042.04,8.210399228727561e-09
6042.05,8.304009063234871e-09
6042.06,8.370331432575732e-09
6042.07,8.344218628307079e-09
6042.08,8.156599425487606e-09
6042.09,7.774204173228584e-09
6042.1,7.220161997869579e-09
6042.11,6.561466867675295e-09
6042.12,5.8761707993746116e-09
6042.13,5.225551715317173e-09
6042.14,4.644041976944609e-09
6042.15,4.142970395155608e-09
6042.16,3.7197713861852995e-09
6042.17,3.3660889746263972e-09
6042.18,3.0726840879821897e-09
6042.19,2.8313397513312477e-09
6042.2,2.6352477443146715e-09
6042.21,2.4784233988730976e-09
6042.22,2.3558430048456047e-09
6042.23,2.2637860764291113e-09
6042.24,2.2001797645485015e-09
6042.25,2.1644528119951148e-09
6042.26,2.1570124639843474e-09
6042.27,2.1787886858181994e-09
6042.28,2.2310983388804213e-09
6042.29,2.315793679081407e-09
6042.3,2.435694257531401e-09
6042.31,2.5949892008231296e-09
6042.32,2.7996140568594793e-09
6042.33,3.0566738204311394e-09
6042.34,3.373193958131239e-09
6042.35,3.753531233638921e-09
6042.36,4.195723645860358e-09
6042.37,4.687101675459941e-09
6042.38,5.197736003957103e-09
6042.39,5.68089078395367e-09
6042.4,6.076780596203e-09
6042.41,6.3281571279737024e-09
6042.42,6.400961786099179e-09
6042.43,6.299268738981408e-09
6042.44,6.065085776221453e-09
6042.45,5.762110193979476e-09
6042.46,5.452358580224818e-09
6042.47,5.177186420723195e-09
6042.48,4.948609818771869e-09
6042.49,4.75086897752302e-09
6042.5,4.55084492397566e-09
6042.51,4.315246222071503e-09
6042.52,4.027795793623134e-09
6042.53,3.6963736442318434e-09
6042.54,3.3461404570308056e-09
6042.55,3.005087724261354e-09
6042.56,2.6940815616645225e-09
6042.57,2.423001145120164e-09
6042.58,2.1925738931532313e-09
6042.59,1.9978567775907356e-09
6042.6,1.8317977362958278e-09
6042.61,1.688180577469769e-09
6042.62,1.5631909414598074e-09
6042.63,1.4552984241218922e-09
6042.64,1.3637894000311886e-09
6042.65,1.2877704571081067e-09
6042.66,1.2256677330273704e-09
6042.67,1.1754420009972124e-09
6042.68,1.1351090733825028e-09
6042.69,1.1033095705456304e-09
6042.7,1.079618606761429e-09
6042.71,1.0644568714699806e-09
6042.72,1.0587845519778295e-09
6042.73,1.0638547919547825e-09
6042.74,1.0810566810228238e-09
6042.75,1.111938723620964e-09
6042.76,1.1582652168667763e-09
6042.77,1.2220102158453972e-09
6042.78,1.305380264136899e-09
6042.79,1.410114799952023e-09
6042.8,1.5373116807803682e-09
6042.81,1.6860514077347298e-09
6042.82,1.8523556702708474e-09
6042.83,2.028572912598655e-09
6042.84,2.20428304057146e-09
6042.85,2.368459587031499e-09
6042.86,2.5125268048836628e-09
6042.87,2.6312976454950407e-09
6042.88,2.7218358017323297e-09
6042.89,2.7808683172304447e-09
6042.9,2.8023332801031994e-09
6042.91,2.7791350526286096e-09
6042.92,2.7035628810982698e-09
6042.93,2.5735663822146924e-09
6042.94,2.3962614117898307e-09
6042.95,2.1877452522540996e-09
6042.96,1.968006941325133e-09
6042.97,1.7547905293874572e-09
6042.98,1.560018091035812e-09
6042.99,1.389384489100349e-09
6043.0,1.2441670407842937e-09
6043.01,1.1229947477117822e-09
6043.02,1.0232769462000787e-09
6043.03,9.419332644392928e-10
6043.04,8.751544343325912e-10
6043.05,8.206775583084266e-10
6043.06,7.747335148980307e-10
6043.07,7.34776907026364e-10
6043.08,6.99501240379676e-10
6043.09,6.6884373056176e-10
6043.1,6.434839550367141e-10
6043.11,6.241877989730207e-10
6043.12,6.112207502950973e-10
6043.13,6.043198485775634e-10
6043.14,6.029874608940898e-10
6043.15,6.065825865943962e-10
6043.16,6.112369093827322e-10
6043.17,6.23559893302808e-10
6043.18,6.399671855869911e-10
6043.19,6.597566473295827e-10
6043.2,6.812956083758643e-10
6043.21,7.020124107269795e-10
6043.22,7.191279902110606e-10
6043.23,7.31424297438209e-10
6043.24,7.399413108019982e-10
6043.25,7.471287128869256e-10
6043.26,7.548433540491092e-10
6043.27,7.625683430563449e-10
6043.28,7.672119214091962e-10
6043.29,7.643855958544486e-10
6043.3,7.517738983099352e-10
6043.31,7.294868272250737e-10
6043.32,7.003092656820232e-10
6043.33,6.678086456703798e-10
6043.34,6.348362520749212e-10
6043.35,6.034583529846927e-10
6043.36,5.751912035982075e-10
6043.37,5.509230078033567e-10
6043.38,5.305926638146849e-10
6043.39,5.130292002276028e-10
6043.4,4.962302209353905e-10
6043.41,4.779929574207703e-10
6043.42,4.565986477593554e-10
6043.43,4.318630490491938e-10
6043.44,4.050401720700055e-10
6043.45,3.781398134976401e-10
6043.46,3.531197298562195e-10
6043.47,3.3111848824511155e-10
6043.48,3.125478051999398e-10
6043.49,2.9728902386169397e-10
6043.5,2.8497935097894875e-10
6043.51,2.7523542047159303e-10
6043.52,2.6712136678399204e-10
6043.53,2.6101656805726047e-10
6043.54,2.91991582358787e-10
6043.55,2.8705184588363513e-10
6043.56,2.8169793475805595e-10
6043.57,2.75538012629592e-10
6043.58,2.695105740757853e-10
6043.59,2.638263717037885e-10
6043.6,2.5883049004324824e-10
6043.61,2.5451662876568703e-10
6043.62,2.5059612332917364e-10
6043.63,2.4671323609957383e-10
6043.64,2.427350233646251e-10
6043.65,2.3892779440877987e-10
6043.66,2.3569511127275464e-10
6043.67,2.3356480437844617e-10
6043.68,2.3251018398313837e-10
6043.69,2.329950282545718e-10
6043.7,2.3446497237608055e-10
6043.71,2.364351913966865e-10
6043.72,2.384459285715641e-10
6043.73,2.4023317874797974e-10
6043.74,2.4174244674243246e-10
6043.75,2.4302153592084694e-10
6043.76,2.440725227742047e-10
6043.77,2.447532530481014e-10
6043.78,2.451788874928252e-10
6043.79,2.4526848345786986e-10
6043.8,2.452353342184865e-10
6043.81,2.421511462079549e-10
6043.82,2.4123187385286286e-10
6043.83,2.428177841661595e-10
6043.84,2.4505759649780154e-10
6043.85,2.477623201604498e-10
6043.86,2.5062450524619575e-10
6043.87,2.5359274334436463e-10
6043.88,2.56703584992308e-10
6043.89,2.602657785076518e-10
6043.9,2.6453125385509153e-10
6043.91,2.6941131547539974e-10
6043.92,2.747779707548123e-10
6043.93,2.8019787681589737e-10
6043.94,2.8527968032219165e-10
6043.95,2.899984140548219e-10
6043.96,3.3652952525114277e-10
6043.97,3.4342947967081994e-10
6043.98,3.5311167067706396e-10
6043.99,3.6672730592746103e-10
6044.0,3.8529837834160945e-10
6044.01,4.098009149643546e-10
6044.02,5.110854146745398e-10
6044.03,5.513178169346836e-10
6044.04,6.010836425480949e-10
6044.05,6.612456215964406e-10
6044.06,7.307756090607415e-10
6044.07,8.097808943569453e-10
6044.08,8.917092798103817e-10
6044.09,9.66912442938832e-10
6044.1,1.0226447153943982e-09
6044.11,1.0472172578214435e-09
6044.12,1.0356000358597354e-09
6044.13,9.920907802064897e-10
6044.14,9.282243300742372e-10
6044.15,8.569852673942797e-10
6044.16,7.884659121164878e-10
6044.17,7.283914910430084e-10
6044.18,6.788744521691183e-10
6044.19,6.398582774511997e-10
6044.2,6.10390903785724e-10
6044.21,5.897843070575152e-10
6044.22,5.77564326480546e-10
6044.23,5.731560783023916e-10
6044.24,5.75025402838013e-10
6044.25,5.798715542790421e-10
6044.26,5.827434368638004e-10
6044.27,5.786855461168002e-10
6044.28,5.653486443211682e-10
6044.29,5.442680016873189e-10
6044.3,5.195888784780009e-10
6044.31,4.953238561657093e-10
6044.32,4.740099520912053e-10
6044.33,4.564087906878384e-10
6044.34,4.422377014165643e-10
6044.35,4.308826543597394e-10
6044.36,4.218421277394573e-10
6044.37,4.1487558713484805e-10
6044.38,4.098013605810299e-10
6044.39,4.047250985006875e-10
6044.4,4.024086316621243e-10
6044.41,4.0044974045036797e-10
6044.42,3.9807187296430255e-10
6044.43,3.9481348332939597e-10
6044.44,3.907533115813872e-10
6044.45,3.8618798467531626e-10
6044.46,3.8206252500973307e-10
6044.47,3.7839014658041795e-10
6044.48,3.750244767514214e-10
6044.49,3.716799008081325e-10
6044.5,3.667490350892434e-10
6044.51,3.632013679451156e-10
6044.52,3.602776750341219e-10
6044.53,3.577867160177913e-10
6044.54,3.5679490667956924e-10
6044.55,3.569235126165461e-10
6044.56,3.581490915553996e-10
6044.57,3.603587200067985e-10
6044.58,3.632056994118099e-10
6044.59,3.665689384905267e-10
6044.6,3.6991752013116496e-10
6044.61,3.7299437318453493e-10
6044.62,3.756990801830662e-10
6044.63,3.781900529913646e-10
6044.64,3.8069810399572273e-10
6044.65,3.833865262266641e-10
6044.66,3.8611731281519363e-10
6044.67,3.8876356777700307e-10
6044.68,3.9122110368633165e-10
6044.69,3.9349466815128e-10
6044.7,3.957601066771486e-10
6044.71,3.982835194011582e-10
6044.72,4.0135610584200164e-10
6044.73,4.050995155136885e-10
6044.74,4.096749888326252e-10
6044.75,4.1515543872260416e-10
6044.76,4.2159778005110235e-10
6044.77,4.290672619803891e-10
6044.78,4.3763466923168346e-10
6044.79,4.474551044507755e-10
6044.8,4.586258621092763e-10
6044.81,4.713977417442137e-10
6044.82,4.859537787565537e-10
6044.83,5.024455805513025e-10
6044.84,5.213213849947523e-10
6044.85,5.427782269038801e-10
6044.86,5.670126987624371e-10
6044.87,5.939324462935529e-10
6044.88,6.228588603455313e-10
6044.89,6.522671674656476e-10
6044.9,6.798502417944706e-10
6044.91,7.035495755158311e-10
6044.92,7.224057641248818e-10
6044.93,7.38078664807194e-10
6044.94,7.534940014666879e-10
6044.95,7.721142208699922e-10
6044.96,7.970477069138487e-10
6044.97,8.305624283287819e-10
6044.98,8.744634285582622e-10
6044.99,9.308118631714557e-10
6045.0,1.0015174824915561e-09
6045.01,1.0889632435847298e-09
6045.02,1.19453523423016e-09
6045.03,1.322287013972884e-09
6045.04,1.4712883112133971e-09
6045.05,1.6377227355744065e-09
6045.06,1.8110669940091156e-09
6045.07,1.9712771086913647e-09
6045.08,2.093888297510005e-09
6045.09,2.1527740299593054e-09
6045.1,2.1345548531939794e-09
6045.11,2.0452180331568192e-09
6045.12,1.9063320979147834e-09
6045.13,1.7448557061909057e-09
6045.14,1.583104396529837e-09
6045.15,1.4348375065106538e-09
6045.16,1.3061303328699711e-09
6045.17,1.1980883429396134e-09
6045.18,1.1092737850483142e-09
6045.19,1.037236394795781e-09
6045.2,9.792991510442943e-10
6045.21,9.32854295108422e-10
6045.22,8.958012643340424e-10
6045.23,8.661851158526151e-10
6045.24,8.426098995505989e-10
6045.25,8.241201088716049e-10
6045.26,8.100712035162764e-10
6045.27,8.000005054981039e-10
6045.28,7.91502457566626e-10
6045.29,7.882222175633118e-10
6045.3,7.878605958813964e-10
6045.31,7.899106028977536e-10
6045.32,7.948891466602878e-10
6045.33,8.026308700335511e-10
6045.34,8.133395191377919e-10
6045.35,8.273391190001889e-10
6045.36,8.449118560608946e-10
6045.37,8.665784774693164e-10
6045.38,8.929822472388206e-10
6045.39,9.24733331865494e-10
6045.4,9.626406251052942e-10
6045.41,1.0071354261762427e-09
6045.42,1.0582173842917255e-09
6045.43,1.1150051417823328e-09
6045.44,1.1756426515601661e-09
6045.45,1.238372966142768e-09
6045.46,1.3033203606812396e-09
6045.47,1.3735324530617229e-09
6045.48,1.4540017494639585e-09
6045.49,1.5491854740824717e-09
6045.5,1.6604615229278213e-09
6045.51,1.784419018727705e-09
6045.52,1.910392964266648e-09
6045.53,2.0235687051104197e-09
6045.54,2.1035634410431332e-09
6045.55,2.134424712442489e-09
6045.56,2.1105983118743804e-09
6045.57,2.0398260685662417e-09
6045.58,1.9393631119487314e-09
6045.59,1.8279859687565406e-09
6045.6,1.7203642750482792e-09
6045.61,1.6251483116615557e-09
6045.62,1.546008793056293e-09
6045.63,1.4835347856881283e-09
6045.64,1.436944885668779e-09
6045.65,1.404270649133973e-09
6045.66,1.3861067067267184e-09
6045.67,1.3805950273224566e-09
6045.68,1.3865108357641283e-09
6045.69,1.4020239462632044e-09
6045.7,1.424393786007012e-09
6045.71,1.4497316900136797e-09
6045.72,1.4722706396836492e-09
6045.73,1.4912203010837071e-09
6045.74,1.5043673514858693e-09
6045.75,1.5133871439682881e-09
6045.76,1.5207437128733651e-09
6045.77,1.5274070118471046e-09
6045.78,1.5321459971368929e-09
6045.79,1.5329960014544841e-09
6045.8,1.5295595483967895e-09
6045.81,1.5237655467004686e-09
6045.82,1.518351350935645e-09
6045.83,1.5149046923258803e-09
6045.84,1.5133882131572028e-09
6045.85,1.5131794107120658e-09
6045.86,1.5142861980208163e-09
6045.87,1.5176410915581918e-09
6045.88,1.5243119356079491e-09
6045.89,1.535278642906127e-09
6045.9,1.5500041784731839e-09
6045.91,1.5671931642487512e-09
6045.92,1.5851416579322326e-09
6045.93,1.6024192340551953e-09
6045.94,1.6184150253066356e-09
6045.95,1.6334408557145656e-09
6045.96,1.6484570016327174e-09
6045.97,1.6646891967196303e-09
6045.98,1.683403755932856e-09
6045.99,1.7054680592883707e-09
6046.0,1.731323528173166e-09
6046.01,1.7609058266903884e-09
6046.02,1.7936745469172059e-09
6046.03,1.8287226807390826e-09
6046.04,1.8650222510400003e-09
6046.05,1.90183994947425e-09
6046.06,1.93899002603156e-09
6046.07,1.976978386404277e-09
6046.08,2.0166320786911695e-09
6046.09,2.0587685118436314e-09
6046.1,2.1037527490301873e-09
6046.11,2.1513263600314376e-09
6046.12,2.2006258859085626e-09
6046.13,2.250526603137779e-09
6046.14,2.3001978417795615e-09
6046.15,2.349674820832811e-09
6046.16,2.3998730230965466e-09
6046.17,2.4522393216897175e-09
6046.18,2.5081919942458417e-09
6046.19,2.5687973312278466e-09
6046.2,2.634733933550276e-09
6046.21,2.7063734037857727e-09
6046.22,2.78380811364566e-09
6046.23,2.8667584468578246e-09
6046.24,2.954133534029874e-09
6046.25,3.0448923487695475e-09
6046.26,3.1366222339580577e-09
6046.27,3.227194230573436e-09
6046.28,3.3151517812622463e-09
6046.29,3.401871886636779e-09
6046.3,3.4891735692074603e-09
6046.31,3.5793262552902174e-09
6046.32,3.6751095836907756e-09
6046.33,3.777456905392881e-09
6046.34,3.887194706045179e-09
6046.35,4.0047147855770135e-09
6046.36,4.130631556392283e-09
6046.37,4.265264602619381e-09
6046.38,4.409058046041334e-09
6046.39,4.562427744140954e-09
6046.4,4.725828232658504e-09
6046.41,4.89973442133417e-09
6046.42,5.084603537456469e-09
6046.43,5.280896249279678e-09
6046.44,5.48902201699967e-09
6046.45,5.710002222602724e-09
6046.46,5.944715445179871e-09
6046.47,6.194378926629357e-09
6046.48,6.460237453707194e-09
6046.49,6.743530083356282e-09
6046.5,7.045544818643387e-09
6046.51,7.36766912672894e-09
6046.52,7.711305194612412e-09
6046.53,8.077842671892207e-09
6046.54,8.468957200278e-09
6046.55,8.887032168798981e-09
6046.56,9.33568837760851e-09
6046.57,9.819262204041437e-09
6046.58,1.0342556147020894e-08
6046.59,1.0910426250945647e-08
6046.6,1.1527671345246507e-08
6046.61,1.2199514802032829e-08
6046.62,1.2932047776844106e-08
6046.63,1.373287000561524e-08
6046.64,1.4611198505817922e-08
6046.65,1.5577846111693162e-08
6046.66,1.664517336408457e-08
6046.67,1.782715419676822e-08
6046.68,1.9139664805982965e-08
6046.69,2.0600765718512054e-08
6046.7,2.2231257423529187e-08
6046.71,2.405560223503413e-08
6046.72,2.6103549976818497e-08
6046.73,2.8411843550396493e-08
6046.74,3.1025699196581063e-08
6046.75,3.4000059411587016e-08
6046.76,3.740204566515278e-08
6046.77,4.131530847479443e-08
6046.78,4.584580005838452e-08
6046.79,5.112744280372553e-08
6046.8,5.732796041129815e-08
6046.81,6.465649496712701e-08
6046.82,7.337396324343351e-08
6046.83,8.380659396100088e-08
6046.84,9.635559011850219e-08
6046.85,1.1150320997519732e-07
6046.86,1.2980897752535711e-07
6046.87,1.5185916817525782e-07
6046.88,1.78144440739759e-07
6046.89,2.0880684665392338e-07
6046.9,2.432101453860999e-07
6046.91,2.7938058558136997e-07
6046.92,3.1358911116151414e-07
6046.93,3.4059919120664475e-07
6046.94,3.5502188407736637e-07
6046.95,3.534713233962814e-07
6046.96,3.362456916609646e-07
6046.97,3.072253105512032e-07
6046.98,2.720178828401805e-07
6046.99,2.3575772149949314e-07
6047.0,2.0187619897423575e-07
6047.01,1.7203206472797874e-07
6047.02,1.466340034191094e-07
6047.03,1.2541433030509332e-07
6047.04,1.0783013605510792e-07
6047.05,9.328299094719148e-08
6047.06,8.122495049999093e-08
6047.07,7.118347452989422e-08
6047.08,6.277690087648951e-08
6047.09,5.5694195536629645e-08
6047.1,4.968905554526564e-08
6047.11,4.456569857502749e-08
6047.12,4.016805841765064e-08
6047.13,3.637131475947702e-08
6047.14,3.307489819587226e-08
6047.15,3.0198468950327385e-08
6047.16,2.7676026357040396e-08
6047.17,2.54539215527042e-08
6047.18,2.3488050087050053e-08
6047.19,2.174192314692868e-08
6047.2,2.0185191412420974e-08
6047.21,1.879248681858212e-08
6047.22,1.7542316818779453e-08
6047.23,1.6415980077754772e-08
6047.24,1.5396648119483618e-08
6047.25,1.4469029189754609e-08
6047.26,1.3619946271775661e-08
6047.27,1.2839299700474105e-08
6047.28,1.2120423380837414e-08
6047.29,1.1458882880189699e-08
6047.3,1.0850459883495979e-08
6047.31,1.0289804347316387e-08
6047.32,9.770369675539399e-09
6047.33,9.28557382285708e-09
6047.34,8.830452826576705e-09
6047.35,8.402485649373248e-09
6047.36,8.001089002010972e-09
6047.37,7.626171763600513e-09
6047.38,7.277103861011125e-09
6047.39,6.952512902331635e-09
6047.4,6.6506001798625074e-09
6047.41,6.369384434545819e-09
6047.42,6.106887852809843e-09
6047.43,5.861236868468202e-09
6047.44,5.630708181801749e-09
6047.45,5.41384186275016e-09
6047.46,5.209528685200172e-09
6047.47,5.016990242276387e-09
6047.48,4.8356215675840255e-09
6047.49,4.664821171245706e-09
6047.5,4.503853900819548e-09
6047.51,4.351783157481179e-09
6047.52,4.207530313950538e-09
6047.53,4.069972630897595e-09
6047.54,3.9381863380227325e-09
6047.55,3.811593105374888e-09
6047.56,3.6899494257003754e-09
6047.57,3.5731951729150538e-09
6047.58,3.461281549681726e-09
6047.59,3.3541094969056802e-09
6047.6,3.251583714198591e-09
6047.61,3.1536326967583532e-09
6047.62,3.060201984699445e-09
6047.63,2.971203372498968e-09
6047.64,2.8864835047380596e-09
6047.65,2.8058614257247998e-09
6047.66,2.7291235066976625e-09
6047.67,2.6560836115065887e-09
6047.68,2.5865755324638775e-09
6047.69,2.5204616298640254e-09
6047.7,2.457630914859496e-09
6047.71,2.397987301030043e-09
6047.72,2.3414219782283414e-09
6047.73,2.287766249194005e-09
6047.74,2.2367330147500234e-09
6047.75,2.187900079648501e-09
6047.76,2.140649469565178e-09
6047.77,2.094452213327697e-09
6047.78,2.0491783861001617e-09
6047.79,2.005114079270488e-09
6047.8,1.9628125133197206e-09
6047.81,1.922755154341604e-09
6047.82,1.8853411805328614e-09
6047.83,1.850434315903582e-09
6047.84,1.8175566128683653e-09
6047.85,1.7859799202954202e-09
6047.86,1.7550293924967722e-09
6047.87,1.7244931948778417e-09
6047.88,1.6948056122475382e-09
6047.89,1.6668179430651975e-09
6047.9,1.6413665072937412e-09
6047.91,1.6189376368045693e-09
6047.92,1.5996488615079176e-09
6047.93,1.583459910871932e-09
6047.94,1.5704183583516588e-09
6047.95,1.5606322534409573e-09
6047.96,1.5537940622257186e-09
6047.97,1.5485155105642859e-09
6047.98,1.5418510696232757e-09
6047.99,1.5297958605472796e-09
6048.0,1.5087880472598208e-09
6048.01,1.4773686623030061e-09
6048.02,1.4370031881407003e-09
6048.03,1.3914398800164404e-09
6048.04,1.3450185010833106e-09
6048.05,1.3010702832987141e-09
6048.06,1.261328436617159e-09
6048.07,1.2262129906951435e-09
6048.08,1.1954590051506124e-09
6048.09,1.1685555515628725e-09
6048.1,1.1452123876577646e-09
6048.11,1.125054685017588e-09
6048.12,1.1077643496449934e-09
6048.13,1.092834635996723e-09
6048.14,1.0794320916619978e-09
6048.15,1.066302277529436e-09
6048.16,1.0520159996843456e-09
6048.17,1.0355141767987528e-09
6048.18,1.0166372607950725e-09
6048.19,9.96167405138311e-10
6048.2,9.753474646549663e-10
6048.21,9.552972199602093e-10
6048.22,9.3674642921297e-10
6048.23,9.193384278701532e-10
6048.24,9.045411352380133e-10
6048.25,8.916811134492893e-10
6048.26,8.807610000507434e-10
6048.27,8.718132925570794e-10
6048.28,8.649304396924479e-10
6048.29,8.603090906345366e-10
6048.3,8.579965812018336e-10
6048.31,8.581757412977246e-10
6048.32,8.608555249832924e-10
6048.33,8.657503243784747e-10
6048.34,8.721512593994093e-10
6048.35,8.788256663466009e-10
6048.36,8.84178603188881e-10
6048.37,8.869209354975326e-10
6048.38,8.866732577004744e-10
6048.39,8.840366144854015e-10
6048.4,8.799006628174436e-10
6048.41,8.74532896981925e-10
6048.42,8.672887213467747e-10
6048.43,8.569492230824019e-10
6048.44,8.427640668481345e-10
6048.45,8.246222036198953e-10
6048.46,8.033946922398544e-10
6048.47,7.805514099783767e-10
6048.48,7.577592798979926e-10
6048.49,7.364657077581733e-10
6048.5,7.175724185054739e-10
6048.51,7.013186539394389e-10
6048.52,6.872766868419582e-10
6048.53,6.745709657333388e-10
6048.54,6.62290958129345e-10
6048.55,6.495232681407603e-10
6048.56,6.362328930642131e-10
6048.57,6.227145031523249e-10
6048.58,6.094787387074189e-10
6048.59,5.96984027165906e-10
6048.6,5.849127245015134e-10
6048.61,5.731582415425723e-10
6048.62,5.61767883490108e-10
6048.63,5.506176365094857e-10
6048.64,5.39859360856985e-10
6048.65,5.297166312889661e-10
6048.66,5.20370110397474e-10
6048.67,5.119046382572831e-10
6048.68,5.043174716162559e-10
6048.69,4.97484749833499e-10
6048.7,4.912697305548976e-10
6048.71,4.852554899101825e-10
6048.72,4.793516808330793e-10
6048.73,4.732704596542434e-10
6048.74,4.669108951453302e-10
6048.75,4.599855634449704e-10
6048.76,4.536035771787792e-10
6048.77,4.4749154902833834e-10
6048.78,4.4183190282110517e-10
6048.79,4.366226155027316e-10
6048.8,4.3186007778094267e-10
6048.81,4.27436295812403e-10
6048.82,4.2328135007802627e-10
6048.83,4.1928092873782e-10
6048.84,4.1533116697395747e-10
6048.85,4.113483172231197e-10
6048.86,4.0731107657306756e-10
6048.87,4.0334632738514616e-10
6048.88,3.996021097797383e-10
6048.89,3.962556990716211e-10
6048.9,3.9343903747355456e-10
6048.91,3.9120086546853767e-10
6048.92,3.894712963388683e-10
6048.93,3.8801909217031575e-10
6048.94,3.864324045455356e-10
6048.95,3.8417515562267136e-10
6048.96,3.8083508383027813e-10
6048.97,3.762432922972579e-10
6048.98,3.7063094318567457e-10
6048.99,3.6443576600398756e-10
6049.0,3.5812168536517275e-10
6049.01,3.5202817244440157e-10
6049.02,3.463985346442012e-10
6049.03,3.4117282975996523e-10
6049.04,3.36346428938816e-10
6049.05,3.319372853683487e-10
6049.06,3.278705648733634e-10
6049.07,3.2410000483352413e-10
6049.08,3.205879500997109e-10
6049.09,3.1730697999859995e-10
6049.1,3.1423770417198885e-10
6049.11,3.113676585683678e-10
6049.12,3.0869121161304635e-10
6049.13,3.0621095902349773e-10
6049.14,3.038769250111332e-10
6049.15,3.016656122835532e-10
6049.16,2.9951790002037684e-10
6049.17,2.9735140208907544e-10
6049.18,2.950163628809975e-10
6049.19,2.9258519818222996e-10
6049.2,2.900412552802679e-10
6049.21,2.874667061628216e-10
6049.22,2.8495492883952306e-10
6049.23,2.8256512570385076e-10
6049.24,2.8039598274479803e-10
6049.25,2.7837195058611086e-10
6049.26,2.765513231830492e-10
6049.27,2.7495056426968074e-10
6049.28,2.7360530906316025e-10
6049.29,2.724793150828343e-10
6049.3,2.716315710475699e-10
6049.31,2.710949427169267e-10
6049.32,2.709023142709037e-10
6049.33,2.710856783104796e-10
6049.34,2.7163401890485655e-10
6049.35,2.725297223884287e-10
6049.36,2.7375817273555237e-10
6049.37,2.7531929525259594e-10
6049.38,2.77313374345658e-10
6049.39,2.798699839711918e-10
6049.4,2.832213928920552e-10
6049.41,2.875776809096435e-10
6049.42,2.92982516923297e-10
6049.43,2.991760215930566e-10
6049.44,3.0544227921410413e-10
6049.45,3.107319629469173e-10
6049.46,3.138510563915894e-10
6049.47,3.140540478512911e-10
6049.48,3.1140337148358374e-10
6049.49,3.067112355986027e-10
6049.5,3.0117025730043514e-10
6049.51,2.9585779310021036e-10
6049.52,2.914048040880954e-10
6049.53,2.879153938283949e-10
6049.54,2.8498860057813016e-10
6049.55,2.820606347295107e-10
6049.56,2.7871746359861043e-10
6049.57,2.7497375470975236e-10
6049.58,2.7121708846825215e-10
6049.59,2.679343643026191e-10
6049.6,2.653730367658234e-10
6049.61,2.634763037983565e-10
6049.62,2.618310107607915e-10
6049.63,2.6010429724847896e-10
6049.64,2.575320457402011e-10
6049.65,2.5407769376185955e-10
6049.66,2.498403986279061e-10
6049.67,2.4505912314998214e-10
6049.68,2.4032952701220534e-10
6049.69,2.3601655781355615e-10
6049.7,2.3245433774272283e-10
6049.71,2.2978799467066427e-10
6049.72,2.2801974788242596e-10
6049.73,2.2695699485901106e-10
6049.74,2.2626080784582933e-10
6049.75,2.2547942317604284e-10
6049.76,2.2419527228947304e-10
6049.77,2.2223375578822167e-10
6049.78,2.1974464019764935e-10
6049.79,2.1710829687050752e-10
6049.8,2.1473974468999597e-10
6049.81,2.1290132265815622e-10
6049.82,2.1185222184688784e-10
6049.83,2.115721146543202e-10
6049.84,2.119562148208724e-10
6049.85,2.1275529203379526e-10
6049.86,2.1358870956539685e-10
6049.87,2.1404481248972145e-10
6049.88,2.1386896686142805e-10
6049.89,2.1312041874828488e-10
6049.9,2.1205866838641372e-10
6049.91,1.430507531096687e-10
6049.92,1.4355931141561585e-10
6049.93,1.0427761453191328e-10
6049.94,1.0756196858108868e-10
6049.95,1.1257150142195299e-10
6049.96,1.1970675913375435e-10
6049.97,1.2944408039268794e-10
6049.98,1.4258218272437733e-10
6049.99,1.5984419332315796e-10
6050.0,1.8185187498457856e-10
6050.01,2.084402567081271e-10
6050.02,2.376044307990053e-10
6050.03,2.6458261658287493e-10
6050.04,2.825842153976881e-10
6050.05,2.8595827268461955e-10
6050.06,2.7390238005298444e-10
6050.07,2.5107114406621274e-10
6050.08,2.2442698770707315e-10
6050.09,1.995876732789325e-10
6050.1,1.7938209303648e-10
6050.11,1.644866282252076e-10
6050.12,1.544780594777074e-10
6050.13,1.484996448208778e-10
6050.14,1.4550556165163566e-10
6050.15,1.442576330923701e-10
6050.16,1.433928216840397e-10
6050.17,1.4158243751426674e-10
6050.18,1.3797487987116772e-10
6050.19,1.324947611160083e-10
6050.2,1.257713830948721e-10
6050.21,1.187309762972154e-10
6050.22,1.1225423395039406e-10
6050.23,1.066207085979712e-10
6050.24,1.0204968120045077e-10
6050.25,9.845377725619934e-11
6050.26,9.553328386824208e-11
6050.27,9.294059741533721e-11
6050.28,9.037410977481498e-11
6050.29,8.753614567381382e-11
6050.3,8.451352065775385e-11
6050.31,8.150683958462925e-11
6050.32,7.872241066816405e-11
6050.33,7.629448206897313e-11
6050.34,7.425822869581563e-11
6050.35,7.259746839424194e-11
6050.36,7.133077395573722e-11
6050.37,3.467929566003868e-11
6050.38,3.443808357595607e-11
6050.39,3.465804006488639e-11
6050.4,3.530479801919092e-11
6050.41,3.631767559943018e-11
6050.42,3.755944566851822e-11
6050.43,3.884891001043801e-11
6050.44,4.003942284462497e-11
6050.45,4.1084105838296556e-11
6050.46,4.210688944956949e-11
6050.47,4.327562053585101e-11
6050.48,4.4703732299078014e-11
6050.49,4.635463623847193e-11
6050.5,4.804462147529098e-11
6050.51,4.950176170721349e-11
6050.52,5.0497128777347637e-11
6050.53,5.0969065061932295e-11
6050.54,5.108908795224272e-11
6050.55,5.1221740699991804e-11
6050.56,5.1754479415039937e-11
6050.57,5.2995481005027804e-11
6050.58,5.50745282908723e-11
6050.59,5.785586292183352e-11
6050.6,6.103250252440728e-11
6050.61,6.413539626526555e-11
6050.62,6.661589842565459e-11
6050.63,6.80050971111363e-11
6050.64,6.814371199143714e-11
6050.65,6.699632661272494e-11
6050.66,6.500328181631009e-11
6050.67,6.260354890406834e-11
6050.68,6.027231929780768e-11
6050.69,5.8156130094573554e-11
6050.7,5.628284526281147e-11
6050.71,5.4715867537937923e-11
6050.72,5.35513536507117e-11
6050.73,5.3019833451170435e-11
6050.74,5.329763160097995e-11
6050.75,5.4553660284997546e-11
6050.76,5.693018708549161e-11
6050.77,6.056946934974996e-11
6050.78,6.551370375299328e-11
6050.79,7.171733369433615e-11
6050.8,7.893391474800128e-11
6050.81,8.660040673320052e-11
6050.82,9.379004719344757e-11
6050.83,9.9399568828918e-11
6050.84,1.0223052065548667e-10
6050.85,1.0147072229550335e-10
6050.86,9.755879831354127e-11
6050.87,9.124062916026469e-11
6050.88,8.395202816327646e-11
6050.89,7.68091606862645e-11
6050.9,7.063542763923113e-11
6050.91,6.559539930454498e-11
6050.92,6.184361728744107e-11
6050.93,5.921521583577639e-11
6050.94,5.746769563163275e-11
6050.95,5.6407082164763526e-11
6050.96,5.5848091013434935e-11
6050.97,5.565479667959746e-11
6050.98,5.563603272793002e-11
6050.99,5.5823431179302704e-11
6051.0,5.6288553187726474e-11
6051.01,5.71484754395603e-11
6051.02,5.845897396462836e-11
6051.03,6.025614735803222e-11
6051.04,6.255001372775598e-11
6051.05,6.532036541279734e-11
6051.06,6.839040238579291e-11
6051.07,7.154741744836067e-11
6051.08,7.458157464861462e-11
6051.09,7.723191838801568e-11
6051.1,7.95000074437891e-11
6051.11,8.160520223964036e-11
6051.12,8.394936487079796e-11
6051.13,8.690009944535829e-11
6051.14,9.078104274547412e-11
6051.15,9.582153584345813e-11
6051.16,1.0216180936612113e-10
6051.17,1.0978398819311176e-10
6051.18,1.185112444154802e-10
6051.19,1.2802011756305484e-10
6051.2,1.3798941753356024e-10
6051.21,1.482361610419241e-10
6051.22,1.588974751678888e-10
6051.23,1.7036363786470067e-10
6051.24,1.8319854847516962e-10
6051.25,1.978296767664912e-10
6051.26,2.1426711782452765e-10
6051.27,2.3199341765880941e-10
6051.28,2.4984632457877274e-10
6051.29,2.6620975607999596e-10
6051.3,2.793439088311689e-10
6051.31,2.881961206107705e-10
6051.32,2.9319378225884753e-10
6051.33,2.9644482133386237e-10
6051.34,3.008191478133065e-10
6051.35,3.09017634536215e-10
6051.36,3.226869651397831e-10
6051.37,3.4280055915390033e-10
6051.38,3.655058566347326e-10
6051.39,3.876767691115963e-10
6051.4,4.0404627760574106e-10
6051.41,4.101694700445001e-10
6051.42,4.044656680407916e-10
6051.43,3.890944503584347e-10
6051.44,3.6815526737896953e-10
6051.45,3.4605963865655373e-10
6051.46,3.2626706734066983e-10
6051.47,3.109603880626863e-10
6051.48,3.014086848818646e-10
6051.49,2.983633221486102e-10
6051.5,3.023255925424999e-10
6051.51,3.1374930548526544e-10
6051.52,3.330200723648696e-10
6051.53,3.6035169688070664e-10
6051.54,3.955653280149791e-10
6051.55,4.378577203013236e-10
6051.56,4.855349316935864e-10
6051.57,5.356071835482374e-10
6051.58,5.832850102408528e-10
6051.59,6.219100646199873e-10
6051.6,6.442208778525193e-10
6051.61,6.452843638732737e-10
6051.62,6.249877893954708e-10
6051.63,5.880427825003512e-10
6051.64,5.41450078283491e-10
6051.65,4.91625703376934e-10
6051.66,4.4296336224680924e-10
6051.67,3.9790609704730045e-10
6051.68,3.5891322216543557e-10
6051.69,3.2400805840410255e-10
6051.7,2.9450199822964694e-10
6051.71,2.699824228343964e-10
6051.72,2.4961295677673697e-10
6051.73,2.3244971505545554e-10
6051.74,2.1770285621041756e-10
6051.75,2.0503997263930244e-10
6051.76,1.945187078573268e-10
6051.77,1.864772805870836e-10
6051.78,1.8122432459674912e-10
6051.79,1.790379865865637e-10
6051.8,1.8013403851100038e-10
6051.81,1.8479575011910885e-10
6051.82,1.9342301570560065e-10
6051.83,2.0660492357911563e-10
6051.84,2.2517827078481073e-10
6051.85,2.502360856741127e-10
6051.86,2.8300353465710477e-10
6051.87,3.243942215946254e-10
6051.88,3.7379282626176267e-10
6051.89,4.272953671974182e-10
6051.9,4.760028709680248e-10
6051.91,5.074604032215855e-10
6051.92,5.121734073861086e-10
6051.93,4.909944726686175e-10
6051.94,4.571737858252006e-10
6051.95,4.195069746695895e-10
6051.96,3.8965518047270804e-10
6051.97,3.706987058815945e-10
6051.98,3.637223163539526e-10
6051.99,3.6500996964759907e-10
6052.0,3.7289229575487834e-10
6052.01,3.845336761413863e-10
6052.02,3.9664859133318327e-10
6052.03,4.0530616052377203e-10
6052.04,4.064124433802304e-10
6052.05,3.972383739105024e-10
6052.06,3.774169573888632e-10
6052.07,3.497723203490795e-10
6052.08,3.186612298793895e-10
6052.09,2.882347311094375e-10
6052.1,2.6129206251256e-10
6052.11,2.3910549495409386e-10
6052.12,2.2180350736616883e-10
6052.13,2.088934514482349e-10
6052.14,1.9970629279413615e-10
6052.15,1.9371987509110096e-10
6052.16,1.9069220432870224e-10
6052.17,1.9062487937794706e-10
6052.18,1.9356741837036676e-10
6052.19,1.9946002343461705e-10
6052.2,2.0804644233353734e-10
6052.21,2.1883976089959783e-10
6052.22,2.3097507226842123e-10
6052.23,2.4291121961111877e-10
6052.24,2.5229470766132353e-10
6052.25,2.5647610903352767e-10
6052.26,2.537003776541999e-10
6052.27,2.441393994933403e-10
6052.28,2.29841541308599e-10
6052.29,2.1363039596763417e-10
6052.3,1.9792291057877573e-10
6052.31,1.8416670201618487e-10
6052.32,1.7282740218227948e-10
6052.33,1.6385234577704572e-10
6052.34,1.5695018385436181e-10
6052.35,1.5189592417139494e-10
6052.36,1.4849028690683226e-10
6052.37,1.468269630142501e-10
6052.38,1.4684325627413836e-10
6052.39,1.5008659839578013e-10
6052.4,1.53816360004749e-10
6052.41,1.592676561172661e-10
6052.42,1.6612102390818767e-10
6052.43,1.738125052915969e-10
6052.44,1.817013303411749e-10
6052.45,1.890768404425472e-10
6052.46,1.9522887668185095e-10
6052.47,1.9911070289887153e-10
6052.48,2.0006052457105597e-10
6052.49,1.9774227627899083e-10
6052.5,1.924480190923865e-10
6052.51,1.8495325544237915e-10
6052.52,1.7640176597920717e-10
6052.53,1.6793445876252808e-10
6052.54,1.6044415471318985e-10
6052.55,1.5433486159410754e-10
6052.56,1.494556033730116e-10
6052.57,1.4517494102120108e-10
6052.58,1.405654734964319e-10
6052.59,1.3487975750646016e-10
6052.6,1.278910168919476e-10
6052.61,1.1981260583872668e-10
6052.62,1.1128955342798094e-10
6052.63,1.0294081840659438e-10
6052.64,9.522114156823503e-11
6052.65,8.838928009752081e-11
6052.66,8.25359007280851e-11
6052.67,7.76632341384999e-11
6052.68,7.368188455339713e-11
6052.69,7.049065113623883e-11
6052.7,6.796474003068521e-11
6052.71,6.601419307852795e-11
6052.72,6.456058890508753e-11
6052.73,6.490789087465398e-11
6052.74,6.428912282264114e-11
6052.75,6.402923442708044e-11
6052.76,6.41051993135897e-11
6052.77,6.449819987823512e-11
6052.78,6.519030234805634e-11
6052.79,6.615867534094791e-11
6052.8,6.748742012114692e-11
6052.81,6.899182246073736e-11
6052.82,7.08106523015043e-11
6052.83,7.301950312727811e-11
6052.84,7.570178628215458e-11
6052.85,7.892988830134214e-11
6052.86,8.273664185745819e-11
6052.87,8.712162317613541e-11
6052.88,9.198987932076659e-11
6052.89,9.858762246506152e-11
6052.9,1.0425783177635407e-10
6052.91,1.1025863637464348e-10
6052.92,1.165615519072097e-10
6052.93,1.2315486795876996e-10
6052.94,1.3005955700100227e-10
6052.95,1.3733145994341443e-10
6052.96,1.4508994079053993e-10
6052.97,1.53589898582118e-10
6052.98,1.6332357522839885e-10
6052.99,1.7501398343964306e-10
6053.0,1.8951234692640607e-10
6053.01,2.0764986041293544e-10
6053.02,2.2956287567061395e-10
6053.03,2.546480287000291e-10
6053.04,2.806747088503017e-10
6053.05,3.036367322975256e-10
6053.06,3.1856987906643843e-10
6053.07,3.2164472373541636e-10
6053.08,3.1232129454324626e-10
6053.09,2.937211875768889e-10
6053.1,2.7075390879038863e-10
6053.11,2.4787137903262705e-10
6053.12,2.2788737756228401e-10
6053.13,2.1201735557342645e-10
6053.14,2.0043058412636246e-10
6053.15,1.9278839091532997e-10
6053.16,1.8845404854940518e-10
6053.17,1.8678112235597523e-10
6053.18,1.871364998182192e-10
6053.19,1.890327829876472e-10
6053.2,1.9221497762348847e-10
6053.21,1.9646823686119915e-10
6053.22,2.0154079951135774e-10
6053.23,2.070740033042248e-10
6053.24,2.1264477374556266e-10
6053.25,2.1823929724473926e-10
6053.26,2.2415694443659084e-10
6053.27,2.309845196125805e-10
6053.28,2.3932580153576766e-10
6053.29,2.49592937294587e-10
6053.3,2.618025102614864e-10
6053.31,2.757975526657589e-10
6053.32,2.9103844675676413e-10
6053.33,3.0700705559797447e-10
6053.34,3.228010851186431e-10
6053.35,3.368518263065903e-10
6053.36,3.4781955794377153e-10
6053.37,3.5495996702063756e-10
6053.38,3.5884042667469943e-10
6053.39,3.621906873744763e-10
6053.4,3.6569877059916687e-10
6053.41,3.719163100936851e-10
6053.42,3.8090862561719674e-10
6053.43,3.905724373653679e-10
6053.44,3.973748670968179e-10
6053.45,3.979745979656849e-10
6053.46,3.913372869704248e-10
6053.47,3.79429385795157e-10
6053.48,3.6585167786596813e-10
6053.49,3.540434682297384e-10
6053.5,3.463625437863369e-10
6053.51,3.4402841384062745e-10
6053.52,3.4836398843107093e-10
6053.53,3.566965296639521e-10
6053.54,3.689365418024885e-10
6053.55,3.8376099310923745e-10
6053.56,3.997617189506266e-10
6053.57,4.148844661075394e-10
6053.58,4.2655583057683617e-10
6053.59,4.3213225277581954e-10
6053.6,4.3013899829991235e-10
6053.61,4.212397024859505e-10
6053.62,4.0728676881007885e-10
6053.63,3.9188409188589545e-10
6053.64,3.7840817152341e-10
6053.65,3.6935625690235387e-10
6053.66,3.6613340371312956e-10
6053.67,3.6933071392278237e-10
6053.68,3.7912828263154257e-10
6053.69,3.955562446099608e-10
6053.7,4.185893203657557e-10
6053.71,4.4813958770389453e-10
6053.72,4.840460513602338e-10
6053.73,5.261383338913696e-10
6053.74,5.742080015719911e-10
6053.75,6.280177911386702e-10
6053.76,7.252314686192516e-10
6053.77,7.884906359738534e-10
6053.78,8.532605466447182e-10
6053.79,9.152663867523036e-10
6053.8,9.688026099104598e-10
6053.81,1.009571144978232e-09
6053.82,1.0328801953989442e-09
6053.83,1.0413215817731945e-09
6053.84,1.0398783389820841e-09
6053.85,1.0350095543431728e-09
6053.86,1.032647306081066e-09
6053.87,1.0366811773719259e-09
6053.88,1.0478334347954064e-09
6053.89,1.0632287451604912e-09
6053.9,1.0768953441624008e-09
6053.91,1.0812725430978121e-09
6053.92,1.0694737409978418e-09
6053.93,1.0377401040709744e-09
6053.94,9.870051814870047e-10
6053.95,9.224924779521673e-10
6053.96,8.515152827390175e-10
6053.97,7.808704648706852e-10
6053.98,7.152648388141787e-10
6053.99,6.571411166757251e-10
6054.0,6.073502209249999e-10
6054.01,5.657863609392316e-10
6054.02,5.319258638056778e-10
6054.03,5.049755417059786e-10
6054.04,4.840026827245367e-10
6054.05,4.680440478090597e-10
6054.06,4.561537353013974e-10
6054.07,4.4743514462561313e-10
6054.08,4.4115762701335526e-10
6054.09,4.3697591599516954e-10
6054.1,4.345209529044458e-10
6054.11,5.067461849194491e-10
6054.12,5.080442853736742e-10
6054.13,5.103716059206918e-10
6054.14,5.132108851086936e-10
6054.15,5.164089578381652e-10
6054.16,5.203486793157687e-10
6054.17,5.25724425536887e-10
6054.18,5.331275021971884e-10
6054.19,5.426881145752478e-10
6054.2,5.541856437491717e-10
6054.21,6.115876251372688e-10
6054.22,6.271240564994544e-10
6054.23,6.454613844216465e-10
6054.24,6.675633984440489e-10
6054.25,6.947510251843293e-10
6054.26,7.276148166746378e-10
6054.27,7.665724793748079e-10
6054.28,8.11895785077439e-10
6054.29,8.642514434492569e-10
6054.3,9.252101482609419e-10
6054.31,9.957937256746868e-10
6054.32,1.080140795236702e-09
6054.33,1.1819770052663644e-09
6054.34,1.3082237669997447e-09
6054.35,1.4570026524022825e-09
6054.36,1.633947320295059e-09
6054.37,1.8397806761113645e-09
6054.38,2.0698830978111474e-09
6054.39,2.310351809139176e-09
6054.4,2.534669692138783e-09
6054.41,2.705876100918974e-09
6054.42,2.787753197571148e-09
6054.43,2.7615463284921947e-09
6054.44,2.636107109348355e-09
6054.45,2.4427782020617567e-09
6054.46,2.219710908370319e-09
6054.47,2.0318521767833162e-09
6054.48,1.830949680177699e-09
6054.49,1.658749958446351e-09
6054.5,1.5165127600817117e-09
6054.51,1.4020904684595354e-09
6054.52,1.3119346752668223e-09
6054.53,1.2423384420805298e-09
6054.54,1.189870029745162e-09
6054.55,1.151674997304208e-09
6054.56,1.1253811724351332e-09
6054.57,1.109190574937907e-09
6054.58,1.1031457950337525e-09
6054.59,1.1036406657969624e-09
6054.6,1.1112698945844814e-09
6054.61,1.1254442497745373e-09
6054.62,1.1456236506230826e-09
6054.63,1.1719392724518703e-09
6054.64,1.2041992694832736e-09
6054.65,1.2439570063201938e-09
6054.66,1.2929196097812449e-09
6054.67,1.3537264050734618e-09
6054.68,1.4289088812915668e-09
6054.69,1.521501490888124e-09
6054.7,1.634912099650158e-09
6054.71,1.7730502048158179e-09
6054.72,1.939985241663211e-09
6054.73,2.140389432313251e-09
6054.74,2.3784308796446356e-09
6054.75,2.6562166194920375e-09
6054.76,2.9704999289252615e-09
6054.77,3.307801929498392e-09
6054.78,3.6397933945155665e-09
6054.79,3.92330709547116e-09
6054.8,4.1100656555192455e-09
6054.81,4.165701080425253e-09
6054.82,4.087354335486527e-09
6054.83,3.905649170296548e-09
6054.84,3.6694503072615986e-09
6054.85,3.4258417380828143e-09
6054.86,3.2081397911327624e-09
6054.87,3.034222065603378e-09
6054.88,2.9103693804232124e-09
6054.89,2.8352749602359603e-09
6054.9,2.803093927844324e-09
6054.91,2.8059050687029883e-09
6054.92,2.837348889023236e-09
6054.93,2.8933794746175436e-09
6054.94,2.9779728084829906e-09
6054.95,3.0996230108475095e-09
6054.96,3.2695710892774218e-09
6054.97,3.499986602992043e-09
6054.98,3.803298698614011e-09
6054.99,4.192333795010514e-09
6055.0,4.679355365678122e-09
6055.01,5.2732906975217275e-09
6055.02,5.973856564386403e-09
6055.03,6.761426770842491e-09
6055.04,7.584640242513579e-09
6055.05,8.352560603661458e-09
6055.06,8.943364835087266e-09
6055.07,9.238023546868086e-09
6055.08,9.168448583152345e-09
6055.09,8.749844603369221e-09
6055.1,8.07278266123549e-09
6055.11,7.260817146893392e-09
6055.12,6.4258449931662384e-09
6055.13,5.643702587559052e-09
6055.14,4.952648283386932e-09
6055.15,4.36341053301747e-09
6055.16,3.870894538594773e-09
6055.17,3.4630322850681737e-09
6055.18,3.125976075119091e-09
6055.19,2.8469543753640287e-09
6055.2,2.6154585158668105e-09
6055.21,2.422959792298498e-09
6055.22,2.263118051178593e-09
6055.23,2.1316737444777004e-09
6055.24,2.023636367449081e-09
6055.25,1.9365117705970815e-09
6055.26,1.8673316375980775e-09
6055.27,1.8132732412486544e-09
6055.28,1.771727495861886e-09
6055.29,1.740360507356174e-09
6055.3,1.7176699661846797e-09
6055.31,1.7032752414728046e-09
6055.32,1.6978638579745383e-09
6055.33,1.702302963934659e-09
6055.34,1.7171294240036906e-09
6055.35,1.7424538879261206e-09
6055.36,1.7781137556519743e-09
6055.37,1.8244305253719066e-09
6055.38,1.8828638467857278e-09
6055.39,1.9562816372328873e-09
6055.4,2.0487033021395754e-09
6055.41,2.1642709587727193e-09
6055.42,2.3068615032085613e-09
6055.43,2.480532427910657e-09
6055.44,2.688799358085472e-09
6055.45,2.9343670473582816e-09
6055.46,3.2178800331084277e-09
6055.47,3.5350559314481772e-09
6055.48,3.871802537985949e-09
6055.49,4.1990583133293196e-09
6055.5,4.471970363600349e-09
6055.51,4.639673383777482e-09
6055.52,4.6657335207962525e-09
6055.53,4.548180728177028e-09
6055.54,4.317524952916382e-09
6055.55,4.026277992690171e-09
6055.56,3.7232543225182213e-09
6055.57,3.4417376899171124e-09
6055.58,3.197767138286499e-09
6055.59,2.994751567208692e-09
6055.6,2.829408808316364e-09
6055.61,2.697754837507484e-09
6055.62,2.5925811051322497e-09
6055.63,2.5108793314880533e-09
6055.64,2.44786858487763e-09
6055.65,2.3975863939923612e-09
6055.66,2.3540267210205252e-09
6055.67,2.3134882761933184e-09
6055.68,2.2761517928256177e-09
6055.69,2.245403769364173e-09
6055.7,2.2255981707274017e-09
6055.71,2.220183644271275e-09
6055.72,2.2311436020646905e-09
6055.73,2.259440075449672e-09
6055.74,2.305785501305271e-09
6055.75,2.3713238838176796e-09
6055.76,2.4579825275356417e-09
6055.77,2.568982627032102e-09
6055.78,2.7070271149308936e-09
6055.79,2.8771080198740056e-09
6055.8,3.084180807168065e-09
6055.81,3.333891937020804e-09
6055.82,3.630626472438546e-09
6055.83,3.976148378894402e-09
6055.84,4.366911686993436e-09
6055.85,4.790649456884974e-09
6055.86,5.222133641259962e-09
6055.87,5.621253206152384e-09
6055.88,5.9398571311674985e-09
6055.89,6.13969893835898e-09
6055.9,6.211985099662566e-09
6055.91,6.183696361967891e-09
6055.92,6.105021353419776e-09
6055.93,6.02801506509228e-09
6055.94,5.989145836333494e-09
6055.95,6.001394241832675e-09
6055.96,6.052603597228281e-09
6055.97,6.1091037930405245e-09
6055.98,6.123240127906635e-09
6055.99,6.0489142948420194e-09
6056.0,5.861887156963209e-09
6056.01,5.571891492610835e-09
6056.02,5.216022211955224e-09
6056.03,4.839983679027251e-09
6056.04,4.4812613682278474e-09
6056.05,4.162298437462546e-09
6056.06,3.891856351044873e-09
6056.07,3.669575659408131e-09
6056.08,3.4903356926288468e-09
6056.09,3.347189302214678e-09
6056.1,3.2336518227030316e-09
6056.11,3.1430536538941216e-09
6056.12,3.071247666010196e-09
6056.13,3.0153194175970968e-09
6056.14,2.9735713615101356e-09
6056.15,2.944784042999037e-09
6056.16,2.9275450534200175e-09
6056.17,2.9202303983991115e-09
6056.18,2.92127539339716e-09
6056.19,2.9296310874978937e-09
6056.2,2.9450338907848536e-09
6056.21,2.967717337320453e-09
6056.22,2.9981398742471334e-09
6056.23,3.036798132528404e-09
6056.24,3.083866524003323e-09
6056.25,3.139303285060732e-09
6056.26,3.2027465742591668e-09
6056.27,3.2734799734953743e-09
6056.28,3.3505482889857486e-09
6056.29,3.433204288465758e-09
6056.3,3.5215105452938295e-09
6056.31,3.6167012193774053e-09
6056.32,3.7210609107460678e-09
6056.33,3.837540044646703e-09
6056.34,3.969436843844854e-09
6056.35,4.120214247597595e-09
6056.36,4.29339350397007e-09
6056.37,4.492579787107527e-09
6056.38,4.7209432898103606e-09
6056.39,4.980362685902103e-09
6056.4,5.269718805759508e-09
6056.41,5.583003520908906e-09
6056.42,5.905474052423094e-09
6056.43,6.214136195334061e-09
6056.44,6.4781907121310724e-09
6056.45,6.6679527626279654e-09
6056.46,6.767653771098519e-09
6056.47,6.785282467305507e-09
6056.48,6.74893612546053e-09
6056.49,6.693626461258945e-09
6056.5,6.648630427920771e-09
6056.51,6.6323107841749456e-09
6056.52,6.6530187307277334e-09
6056.53,6.712679135578127e-09
6056.54,6.810095416761148e-09
6056.55,6.9430216442598165e-09
6056.56,7.109244015550438e-09
6056.57,7.306932860855611e-09
6056.58,7.534842051258464e-09
6056.59,7.791994280805459e-09
6056.6,8.077589451583047e-09
6056.61,8.39099151229147e-09
6056.62,8.732061329393373e-09
6056.63,9.101749307839836e-09
6056.64,9.502603848124827e-09
6056.65,9.93885253789626e-09
6056.66,1.0416009750467136e-08
6056.67,1.0940428914320285e-08
6056.68,1.1518989156714304e-08
6056.69,1.2159326829810841e-08
6056.7,1.2870207740878269e-08
6056.71,1.366137503837879e-08
6056.72,1.4543514187289473e-08
6056.73,1.552701031348561e-08
6056.74,1.6620630470425967e-08
6056.75,1.782917465470552e-08
6056.76,1.91510467375739e-08
6056.77,2.0576311997642134e-08
6056.78,2.2085942040483465e-08
6056.79,2.3652833506067716e-08
6056.8,2.524584201986195e-08
6056.81,2.6838068850592795e-08
6056.82,2.841744050759329e-08
6056.83,2.999837558574008e-08
6056.84,3.162933298201198e-08
6056.85,3.3391353343887986e-08
6056.86,3.538288324104009e-08
6056.87,3.770295444008489e-08
6056.88,4.043914205151536e-08
6056.89,4.366960446575157e-08
6056.9,4.7474653391651854e-08
6056.91,5.195241900088451e-08
6056.92,5.7231709227172346e-08
6056.93,6.347930928321583e-08
6056.94,7.09051761097213e-08
6056.95,7.977101808164718e-08
6056.96,9.040573365294566e-08
6056.97,1.032142259913705e-07
6056.98,1.1870434492496499e-07
6056.99,1.3747855825277556e-07
6057.0,1.6022231481303015e-07
6057.01,1.8762158956044446e-07
6057.02,2.2016771998115599e-07
6057.03,2.578035655811354e-07
6057.04,2.9937530744364975e-07
6057.05,3.420731826780925e-07
6057.06,3.813023448156184e-07
6057.07,4.114802089306368e-07
6057.08,4.2773095679711524e-07
6057.09,4.2759159235112553e-07
6057.1,4.116821194863627e-07
6057.11,3.830964880148163e-07
6057.12,3.4617444695224796e-07
6057.13,3.054251786831655e-07
6057.14,2.6477708605290444e-07
6057.15,2.2706887347685278e-07
6057.16,1.9385602260941354e-07
6057.17,1.6559601525035403e-07
6057.18,1.4203646726458005e-07
6057.19,1.2258251889871136e-07
6057.2,1.0655091179175372e-07
6057.21,9.328088023601766e-08
6057.22,8.220869903804139e-08
6057.23,7.287878927449336e-08
6057.24,6.495185952018485e-08
6057.25,5.8176761938946324e-08
6057.26,5.236639281307629e-08
6057.27,4.737221913317795e-08
6057.28,4.3069252097826966e-08
6057.29,3.935062617663423e-08
6057.3,3.6123626157032066e-08
6057.31,3.330817809634233e-08
6057.32,3.083671454878241e-08
6057.33,2.8656268592210402e-08
6057.34,2.6728549869919135e-08
6057.35,2.502683607987572e-08
6057.36,2.353101188010301e-08
6057.37,2.2224627056046697e-08
6057.38,2.1094250774452587e-08
6057.39,2.012998570633343e-08
6057.4,1.932579444923699e-08
6057.41,1.8679724911581448e-08
6057.42,1.8193533349330162e-08
6057.43,1.787315922392943e-08
6057.44,1.772624775168768e-08
6057.45,1.7760517684025243e-08
6057.46,1.7977006138235084e-08
6057.47,1.8359345220176384e-08
6057.48,1.8858419765077037e-08
6057.49,1.9377785404350733e-08
6057.5,1.9772256923050964e-08
6057.51,1.988219784778593e-08
6057.52,1.958935763596407e-08
6057.53,1.887860115274161e-08
6057.54,1.7846164920260662e-08
6057.55,1.6650501120897345e-08
6057.56,1.5445380401222708e-08
6057.57,1.4338455618089312e-08
6057.58,1.3384088781535027e-08
6057.59,1.2594520512501873e-08
6057.6,1.1953173449696032e-08
6057.61,1.1424128091033322e-08
6057.62,1.0960138881136957e-08
6057.63,1.0513613179162503e-08
6057.64,1.0050698140543156e-08
6057.65,9.561506505818959e-09
6057.66,9.058796757485335e-09
6057.67,8.56692992488262e-09
6057.68,8.108951305069822e-09
6057.69,7.698673600321893e-09
6057.7,7.338772864150287e-09
6057.71,7.021935116709078e-09
6057.72,6.734272459062734e-09
6057.73,6.4605602797398756e-09
6057.74,6.1901026721368644e-09
6057.75,5.920351913674395e-09
6057.76,5.6561326138201345e-09
6057.77,5.405071026349667e-09
6057.78,5.173536861307365e-09
6057.79,4.964826604779742e-09
6057.8,4.779854939633886e-09
6057.81,4.617601814483819e-09
6057.82,4.477260941686609e-09
6057.83,4.358189578861501e-09
6057.84,4.259361142326078e-09
6057.85,4.179933454681911e-09
6057.86,4.119364192419462e-09
6057.87,4.07814773217718e-09
6057.88,4.0581724898172845e-09
6057.89,4.062454208415404e-09
6057.9,4.093937033057108e-09
6057.91,4.153468667657115e-09
6057.92,4.237174214034617e-09
6057.93,4.333355523286996e-09
6057.94,4.4206017601290755e-09
6057.95,4.470322787937536e-09
6057.96,4.4543583446760065e-09
6057.97,4.362777477616917e-09
6057.98,4.202876612981512e-09
6057.99,3.998625335662895e-09
6058.0,3.778517056944654e-09
6058.01,3.565197134989449e-09
6058.02,3.3722196462529083e-09
6058.03,3.2055535802957164e-09
6058.04,3.0662346398970885e-09
6058.05,2.952766850660599e-09
6058.06,2.862429868525554e-09
6058.07,2.79191482220667e-09
6058.08,2.73740541807455e-09
6058.09,2.695070895575986e-09
6058.1,2.6615000494003432e-09
6058.11,2.6338461596791824e-09
6058.12,2.6101389077963927e-09
6058.13,2.588428097627695e-09
6058.14,2.56632549563658e-09
6058.15,2.5420625088873168e-09
6058.16,2.5143850180722434e-09
6058.17,2.482160944238867e-09
6058.18,2.448635818949921e-09
6058.19,2.4165381906314296e-09
6058.2,2.3910245757106066e-09
6058.21,2.3774978327682263e-09
6058.22,2.3804462658503117e-09
6058.23,2.4010704974132685e-09
6058.24,2.446542017082261e-09
6058.25,2.516102525819009e-09
6058.26,2.6106513924737834e-09
6058.27,2.7272955680388662e-09
6058.28,2.8582130168638663e-09
6058.29,2.9882497583765415e-09
6058.3,3.0950307588804093e-09
6058.31,3.154828509003213e-09
6058.32,3.1514832576173625e-09
6058.33,3.0840166254127904e-09
6058.34,2.966650496055922e-09
6058.35,2.8217041008991246e-09
6058.36,2.671063866025753e-09
6058.37,2.5309692572955756e-09
6058.38,2.411213118118612e-09
6058.39,2.315833679932465e-09
6058.4,2.246086095981546e-09
6058.41,2.2014499471994966e-09
6058.42,2.1811768473277152e-09
6058.43,2.184606316659771e-09
6058.44,2.211195318795192e-09
6058.45,2.2601842792721017e-09
6058.46,2.3295652645195815e-09
6058.47,2.4148177399431e-09
6058.48,2.5074715169949694e-09
6058.49,2.5955050842297875e-09
6058.5,2.665912704637897e-09
6058.51,2.709808582531715e-09
6058.52,2.727025698834737e-09
6058.53,2.726916228995701e-09
6058.54,2.724953983134511e-09
6058.55,2.7375944512780387e-09
6058.56,2.7785163269000853e-09
6058.57,2.858309012537323e-09
6058.58,2.9825713728027763e-09
6058.59,3.1542607347533123e-09
6058.6,3.3696697012129987e-09
6058.61,3.6174932146897267e-09
6058.62,3.874290005383653e-09
6058.63,4.105056998797292e-09
6058.64,4.2713547014127025e-09
6058.65,4.347968784583358e-09
6058.66,4.332906471819596e-09
6058.67,4.253506569608658e-09
6058.68,4.155031301250359e-09
6058.69,4.077128367708934e-09
6058.7,4.048115297325058e-09
6058.71,4.082325480474858e-09
6058.72,4.1778032605813874e-09
6058.73,4.322605755891462e-09
6058.74,4.496326895367197e-09
6058.75,4.676918209327816e-09
6058.76,4.845012654288321e-09
6058.77,4.982321943463558e-09
6058.78,5.0653779223099295e-09
6058.79,5.06457079108684e-09
6058.8,4.954732644845838e-09
6058.81,4.73341932468478e-09
6058.82,4.421983217132553e-09
6058.83,4.063266339163849e-09
6058.84,3.6996250085934735e-09
6058.85,3.3614960642485116e-09
6058.86,3.064147787250272e-09
6058.87,2.8105492335636538e-09
6058.88,2.596478338289759e-09
6058.89,2.415096665193848e-09
6058.9,2.2599098267886923e-09
6058.91,2.1258642713099196e-09
6058.92,2.007573183359994e-09
6058.93,1.9011668243820545e-09
6058.94,1.8022546442992105e-09
6058.95,1.7097821464416838e-09
6058.96,1.6247862884128664e-09
6058.97,1.5492572273104838e-09
6058.98,1.4857160596851642e-09
6058.99,1.4365877648689214e-09
6059.0,1.4015681128837975e-09
6059.01,1.3819417425824374e-09
6059.02,1.3783584112632743e-09
6059.03,1.3902716644900474e-09
6059.04,1.4171220833379431e-09
6059.05,1.4560897957183074e-09
6059.06,1.5009832463275703e-09
6059.07,1.5414022514433598e-09
6059.08,1.5627807616442687e-09
6059.09,1.556219808032919e-09
6059.1,1.5160829999020535e-09
6059.11,1.447533570503555e-09
6059.12,1.361066635377798e-09
6059.13,1.2715160562337493e-09
6059.14,1.1867218630829218e-09
6059.15,1.1119375891666325e-09
6059.16,1.0478610843695657e-09
6059.17,9.945961993927023e-10
6059.18,9.511965875923915e-10
6059.19,9.164016342068453e-10
6059.2,8.891186150608828e-10
6059.21,8.683767590705219e-10
6059.22,8.536153842810344e-10
6059.23,8.444878472536209e-10
6059.24,8.408416968873808e-10
6059.25,8.428014942130645e-10
6059.26,8.50706192205863e-10
6059.27,8.651064689923158e-10
6059.28,8.867402230029659e-10
6059.29,9.164911859594158e-10
6059.3,9.551569370845935e-10
6059.31,1.0036404985740488e-09
6059.32,1.0630425045893848e-09
6059.33,1.1339008564204492e-09
6059.34,1.216027741774671e-09
6059.35,1.3065733417823833e-09
6059.36,1.3981418209223245e-09
6059.37,1.4783472915856741e-09
6059.38,1.5326588910914294e-09
6059.39,1.5502052286138393e-09
6059.4,1.5286142356467517e-09
6059.41,1.4737988410569617e-09
6059.42,1.3961506679956922e-09
6059.43,1.3043289689460897e-09
6059.44,1.2073872922004332e-09
6059.45,1.112442550199428e-09
6059.46,1.0248373922595943e-09
6059.47,9.479747580229727e-10
6059.48,8.827811401204179e-10
6059.49,8.284558538827729e-10
6059.5,7.836108721000977e-10
6059.51,7.472442557969839e-10
6059.52,7.18138293853751e-10
6059.53,6.950136032811993e-10
6059.54,6.768720901019385e-10
6059.55,6.625051363732512e-10
6059.56,6.527757255166522e-10
6059.57,6.463508729908959e-10
6059.58,6.428807855814763e-10
6059.59,6.422501194439829e-10
6059.6,6.446239194993418e-10
6059.61,6.50429661776369e-10
6059.62,6.602745953689513e-10
6059.63,6.748968060388288e-10
6059.64,6.951320974100693e-10
6059.65,7.219505061302893e-10
6059.66,7.563686299262334e-10
6059.67,7.993912464975598e-10
6059.68,8.517294211793729e-10
6059.69,9.132915583452429e-10
6059.7,9.82239266708784e-10
6059.71,1.0533027759467501e-09
6059.72,1.1171159342703088e-09
6059.73,1.161213886467309e-09
6059.74,1.1426974750973422e-09
6059.75,1.1228959328580519e-09
6059.76,1.0756087381765105e-09
6059.77,1.0128317862029302e-09
6059.78,9.46389097608324e-10
6059.79,8.844182610754885e-10
6059.8,8.309121779926436e-10
6059.81,7.870717130800576e-10
6059.82,7.526722508684375e-10
6059.83,7.269392085648731e-10
6059.84,7.089707111329744e-10
6059.85,6.979106696535283e-10
6059.86,6.930142384659474e-10
6059.87,6.937155141895021e-10
6059.88,6.985454317586401e-10
6059.89,7.093396274630333e-10
6059.9,7.25031398698944e-10
6059.91,7.457408427474332e-10
6059.92,7.718536784956007e-10
6059.93,8.048124259076302e-10
6059.94,8.439985316468451e-10
6059.95,8.920152598360136e-10
6059.96,9.494450329427484e-10
6059.97,1.0197218203650376e-09
6059.98,1.1025033881407311e-09
6059.99,1.2017684400759713e-09
6060.0,1.3194711424214756e-09
6060.01,1.4586436975527826e-09
6060.02,1.621094989424075e-09
6060.03,1.806042816380482e-09
6060.04,2.007804132611992e-09
6060.05,2.0992857346690812e-09
6060.06,2.2957786252211783e-09
6060.07,2.466326979063713e-09
6060.08,2.604475478970325e-09
6060.09,2.711421102425189e-09
6060.1,2.7937795367098e-09
6060.11,2.857810959899542e-09
6060.12,2.9082779880992413e-09
6060.13,2.9574571534350348e-09
6060.14,3.019138057537579e-09
6060.15,3.1090602703344483e-09
6060.16,3.237555582814581e-09
6060.17,3.4039235249552816e-09
6060.18,3.5973338875680338e-09
6060.19,3.79502075462649e-09
6060.2,3.971049986734162e-09
6060.21,4.103351345631881e-09
6060.22,4.17942588758481e-09
6060.23,4.196536110885454e-09
6060.24,4.157303673826429e-09
6060.25,4.066276576418747e-09
6060.26,3.931675361940852e-09
6060.27,3.770097857995683e-09
6060.28,3.5948319462460384e-09
6060.29,3.4186395771557596e-09
6060.3,3.2409931075454416e-09
6060.31,3.050077485137326e-09
6060.32,2.8370545787383138e-09
6060.33,2.6035963968528334e-09
6060.34,2.361338664502478e-09
6060.35,2.126957185162725e-09
6060.36,1.9141776395219954e-09
6060.37,1.7288333940964154e-09
6060.38,1.5708685262040932e-09
6060.39,1.4370193425737175e-09
6060.4,1.3233862453007898e-09
6060.41,1.2262063538550454e-09
6060.42,1.143731785118524e-09
6060.43,1.0367985996546545e-09
6060.44,9.795845859047676e-10
6060.45,9.34302038193004e-10
6060.46,9.030702515675198e-10
6060.47,8.844045605679605e-10
6060.48,8.810247951386926e-10
6060.49,8.923079989306658e-10
6060.5,9.167496152948604e-10
6060.51,9.544556370283988e-10
6060.52,9.988726439067813e-10
6060.53,1.0390789591217691e-09
6060.54,1.0622124047714567e-09
6060.55,1.0565019588828283e-09
6060.56,1.0184914294140352e-09
6060.57,9.539865785049982e-10
6060.58,8.762332461101354e-10
6060.59,7.977952584154697e-10
6060.6,7.269333140723888e-10
6060.61,6.673026160276244e-10
6060.62,6.194120544160774e-10
6060.63,5.820862166041171e-10
6060.64,5.533819446615538e-10
6060.65,5.311563949838695e-10
6060.66,5.1346266729529e-10
6060.67,4.990621341814705e-10
6060.68,4.87515942177053e-10
6060.69,4.791278103139674e-10
6060.7,4.745735888420959e-10
6060.71,4.742310304450591e-10
6060.72,4.754954882803746e-10
6060.73,4.835117594249767e-10
6060.74,4.948294021016297e-10
6060.75,5.096088155683625e-10
6060.76,5.255466279486755e-10
6060.77,5.438326088945445e-10
6060.78,5.644337436279084e-10
6060.79,5.873560846614517e-10
6060.8,6.114820821329813e-10
6060.81,6.349969576479257e-10
6060.82,6.556934096857687e-10
6060.83,6.75538860503109e-10
6060.84,6.957905826494593e-10
6060.85,7.167651073712064e-10
6060.86,7.37487813490558e-10
6060.87,7.530882979962789e-10
6060.88,7.577230088103935e-10
6060.89,7.473970477503047e-10
6060.9,7.234878630132328e-10
6060.91,6.919348025764021e-10
6060.92,6.59860276938422e-10
6060.93,6.32522248101054e-10
6060.94,6.128991390417367e-10
6060.95,6.007622578022162e-10
6060.96,5.961053940261903e-10
6060.97,5.985269757819502e-10
6060.98,6.080946478554102e-10
6060.99,6.25209783246975e-10
6061.0,6.502361998013987e-10
6061.01,6.829818387356328e-10
6061.02,7.224760971346305e-10
6061.03,7.663811727467867e-10
6061.04,8.140485422619369e-10
6061.05,8.622251207851341e-10
6061.06,9.074138917055661e-10
6061.07,9.454279881272592e-10
6061.08,9.729532513987771e-10
6061.09,9.895171570348428e-10
6061.1,9.975433342962398e-10
6061.11,1.0000755288511897e-09
6061.12,9.980026012306562e-10
6061.13,9.896237517931715e-10
6061.14,9.730626257878275e-10
6061.15,9.494432406636033e-10
6061.16,9.230244647113513e-10
6061.17,8.988733609031909e-10
6061.18,8.806624775795618e-10
6061.19,8.700882715783896e-10
6061.2,8.673179198081617e-10
6061.21,8.712672796511596e-10
6061.22,8.799682495273947e-10
6061.23,8.919223550572207e-10
6061.24,9.037495814996753e-10
6061.25,9.154831755708288e-10
6061.26,9.271946060638034e-10
6061.27,9.398041010202428e-10
6061.28,9.553478405111967e-10
6061.29,9.770091235679221e-10
6061.3,1.0081133392045049e-09
6061.31,1.0506902867795016e-09
6061.32,1.1038967797694244e-09
6061.33,1.1629809808450174e-09
6061.34,1.2187407449214716e-09
6061.35,1.2593461054202362e-09
6061.36,1.2753578956652317e-09
6061.37,1.2659528484559223e-09
6061.38,1.2379166047783918e-09
6061.39,1.2042798257769179e-09
6061.4,1.1757120900777176e-09
6061.41,1.1572790316931233e-09
6061.42,1.1490757423194212e-09
6061.43,1.144996043804521e-09
6061.44,1.1412092932476457e-09
6061.45,1.132959141331069e-09
6061.46,1.1212919145505805e-09
6061.47,1.1048117923620603e-09
6061.48,1.0895771965611714e-09
6061.49,1.079862369420379e-09
6061.5,1.0787468054570987e-09
6061.51,1.0886456003707496e-09
6061.52,1.1086207363821802e-09
6061.53,1.140385468432529e-09
6061.54,1.1827033267473956e-09
6061.55,1.237202148862644e-09
6061.56,1.3052515288306197e-09
6061.57,1.3886871800404265e-09
6061.58,1.4893899048449198e-09
6061.59,1.6093222082511862e-09
6061.6,1.7506856915980217e-09
6061.61,1.9162562747757305e-09
6061.62,2.1085857699086487e-09
6061.63,2.329367786273892e-09
6061.64,2.576944944073019e-09
6061.65,2.846109650317392e-09
6061.66,3.12936247258916e-09
6061.67,3.4188306133353303e-09
6061.68,3.708214858950968e-09
6061.69,3.9922655553400495e-09
6061.7,4.267968781014471e-09
6061.71,4.537479050174657e-09
6061.72,4.80830307310859e-09
6061.73,5.0873414308958485e-09
6061.74,5.370513717446092e-09
6061.75,5.634622925706669e-09
6061.76,5.839451746306116e-09
6061.77,5.948202724320242e-09
6061.78,5.951289018613126e-09
6061.79,5.8815922995612924e-09
6061.8,5.799472789864074e-09
6061.81,5.768924032384067e-09
6061.82,5.8303808009121715e-09
6061.83,5.996959421984473e-09
6061.84,6.254406309894815e-09
6061.85,6.564955795794751e-09
6061.86,6.874961251042852e-09
6061.87,7.1259514001291235e-09
6061.88,7.266418189999405e-09
6061.89,7.260557189611326e-09
6061.9,7.094631188315743e-09
6061.91,6.7824333198759994e-09
6061.92,6.365815227133667e-09
6061.93,5.902975834467183e-09
6061.94,5.451045835711045e-09
6061.95,5.0529611482634326e-09
6061.96,4.733970860997218e-09
6061.97,4.504315429691963e-09
6061.98,4.3641075901961104e-09
6061.99,4.305950475009477e-09
6062.0,4.313048230193292e-09
6062.01,4.356706516776852e-09
6062.02,4.395161166559683e-09
6062.03,4.387083356139189e-09
6062.04,4.298812390672386e-09
6062.05,4.121430401160514e-09
6062.06,3.871806361586644e-09
6062.07,3.581594155159344e-09
6062.08,3.2838493208608293e-09
6062.09,3.0034272827650585e-09
6062.1,2.7557863950854993e-09
6062.11,2.547465878360246e-09
6062.12,2.3802491132566426e-09
6062.13,2.2518046767273213e-09
6062.14,2.1583475828028842e-09
6062.15,2.0952959034526456e-09
6062.16,2.057859297020328e-09
6062.17,2.0418952434952666e-09
6062.18,2.0443419712684962e-09
6062.19,2.0612849636844865e-09
6062.2,2.086671087397499e-09
6062.21,2.109475077691483e-09
6062.22,2.1138808182081126e-09
6062.23,2.0848193016574346e-09
6062.24,2.014603312404001e-09
6062.25,1.9074438527846892e-09
6062.26,1.7771365667234139e-09
6062.27,1.6402287566264873e-09
6062.28,1.510044222812163e-09
6062.29,1.394282576203672e-09
6062.3,1.2959669174701028e-09
6062.31,1.2151696221932731e-09
6062.32,1.1503591834433612e-09
6062.33,1.0997079908549874e-09
6062.34,1.061434132611525e-09
6062.35,1.03397858587151e-09
6062.36,1.0161588491087489e-09
6062.37,1.0070919387422086e-09
6062.38,1.0061979664890498e-09
6062.39,1.0128166251224504e-09
6062.4,1.027462221838274e-09
6062.41,1.0497971318678568e-09
6062.42,1.079899254004642e-09
6062.43,1.1178402101969493e-09
6062.44,1.1641476786273039e-09
6062.45,1.2193634837521177e-09
6062.46,1.2847231884927624e-09
6062.47,1.362197168317413e-09
6062.48,1.4545214107685111e-09
6062.49,1.5650443019638018e-09
6062.5,1.6973930798113002e-09
6062.51,1.8550657140567688e-09
6062.52,2.040917234373565e-09
6062.53,2.2565676520538686e-09
6062.54,2.500160348270092e-09
6062.55,2.7644299072689097e-09
6062.56,3.040375970171267e-09
6062.57,3.3178149284466338e-09
6062.58,3.5905325991490946e-09
6062.59,3.85399424942383e-09
6062.6,4.103561256260626e-09
6062.61,4.324742550635936e-09
6062.62,4.497455368097449e-09
6062.63,4.604186451379031e-09
6062.64,4.641416326122273e-09
6062.65,4.6218493816032616e-09
6062.66,4.565623265737786e-09
6062.67,4.4900664133680945e-09
6062.68,4.403377948433187e-09
6062.69,4.30999047255539e-09
6062.7,4.2186220864852914e-09
6062.71,4.143830009963513e-09
6062.72,4.107638570394233e-09
6062.73,4.13245910846123e-09
6062.74,4.237173851474378e-09
6062.75,4.4376200643780594e-09
6062.76,4.743457230805429e-09
6062.77,5.154880432380959e-09
6062.78,5.655472867902546e-09
6062.79,6.20388670365938e-09
6062.8,6.7318895141803745e-09
6062.81,7.158454483994358e-09
6062.82,7.417711708248296e-09
6062.83,7.480591710620087e-09
6062.84,7.353114799400829e-09
6062.85,7.061618862163183e-09
6062.86,6.645335479081869e-09
6062.87,6.153784950825342e-09
6062.88,5.6463815369115276e-09
6062.89,5.172934652101831e-09
6062.9,4.7708746401287234e-09
6062.91,4.454990574235609e-09
6062.92,4.220882785552054e-09
6062.93,4.0526231747690505e-09
6062.94,3.928280496451696e-09
6062.95,3.833872705941959e-09
6062.96,3.763544176390866e-09
6062.97,3.7232000015255735e-09
6062.98,3.7222928095897956e-09
6062.99,3.764679938046516e-09
6063.0,3.848754422479871e-09
6063.01,3.968174055050894e-09
6063.02,4.11923252446999e-09
6063.03,4.304128490410346e-09
6063.04,4.523419159690215e-09
6063.05,4.771919028855329e-09
6063.06,5.037022265728638e-09
6063.07,5.301553063942331e-09
6063.08,5.545775481088436e-09
6063.09,5.7608075686248005e-09
6063.1,5.954740344738586e-09
6063.11,6.1567462947206714e-09
6063.12,6.404792133260059e-09
6063.13,6.727817250580533e-09
6063.14,7.1324556716455335e-09
6063.15,7.602986168797488e-09
6063.16,8.108802171564503e-09
6063.17,8.613205693506604e-09
6063.18,9.07817274781732e-09
6063.19,9.463780488095896e-09
6063.2,9.724624723125042e-09
6063.21,9.817887407003124e-09
6063.22,9.713383926690302e-09
6063.23,9.398046101672219e-09
6063.24,8.883154186719184e-09
6063.25,8.224096495935143e-09
6063.26,7.515993063024327e-09
6063.27,6.861644660765294e-09
6063.28,6.33330784274548e-09
6063.29,5.964747346372818e-09
6063.3,5.763488511679261e-09
6063.31,5.724250858732665e-09
6063.32,5.8364088358744705e-09
6063.33,6.083829057483227e-09
6063.34,6.438663650202316e-09
6063.35,6.853260460215077e-09
6063.36,7.260421431934193e-09
6063.37,7.577660191228543e-09
6063.38,7.739128155682925e-09
6063.39,7.725520662896288e-09
6063.4,7.571484181958331e-09
6063.41,7.3430000825805375e-09
6063.42,7.100375304481781e-09
6063.43,6.8719634330692095e-09
6063.44,6.651047041111937e-09
6063.45,6.410674716053379e-09
6063.46,6.125094220817999e-09
6063.47,5.784839380911133e-09
6063.48,5.396747154784865e-09
6063.49,4.9864553850427245e-09
6063.5,4.582928979534284e-09
6063.51,4.210788340738756e-09
6063.52,3.885832282735518e-09
6063.53,3.6155598775943774e-09
6063.54,3.4018479243423814e-09
6063.55,3.24313847545154e-09
6063.56,3.1345436361858515e-09
6063.57,3.067346286291121e-09
6063.58,3.0247659357442544e-09
6063.59,2.986731638778739e-09
6063.6,2.934087049788174e-09
6063.61,2.8562020644711927e-09
6063.62,2.7555842502312088e-09
6063.63,2.6465738830815193e-09
6063.64,2.5475018452558147e-09
6063.65,2.4745348448533542e-09
6063.66,2.438762820110587e-09
6063.67,2.4467244134306232e-09
6063.68,2.50013790548912e-09
6063.69,2.598497531041887e-09
6063.7,2.7370194009168593e-09
6063.71,2.9045298502870698e-09
6063.72,3.08243265990785e-09
6063.73,3.243603643754733e-09
6063.74,3.3559304096730093e-09
6063.75,3.3919665309094957e-09
6063.76,3.3402883758045785e-09
6063.77,3.2102187147798027e-09
6063.78,3.0264541412200673e-09
6063.79,2.821064470094906e-09
6063.8,2.6210407615431893e-09
6063.81,2.4440940979124323e-09
6063.82,2.29619349719037e-09
6063.83,2.174708681313959e-09
6063.84,2.0715922210276617e-09
6063.85,1.977965682729268e-09
6063.86,1.8872632767626125e-09
6063.87,1.7974632915461394e-09
6063.88,1.7090324448919717e-09
6063.89,1.6233102822825409e-09
6063.9,1.5416858367045285e-09
6063.91,1.466002719876049e-09
6063.92,1.4358949646520518e-09
6063.93,1.3775204080301057e-09
6063.94,1.3283884665378105e-09
6063.95,1.2874317041595897e-09
6063.96,1.25296455538186e-09
6063.97,1.2231656973007205e-09
6063.98,1.1969376408224564e-09
6063.99,1.2135143882582916e-09
6064.0,1.1940499376089618e-09
6064.01,1.1791649604212705e-09
6064.02,1.1703211454887117e-09
6064.03,1.1688564376720638e-09
6064.04,1.1755366136030497e-09
6064.05,1.1903343357567428e-09
6064.06,1.2131874945699024e-09
6064.07,1.2431497905430553e-09
6064.08,1.2796660883083635e-09
6064.09,1.3641900989147447e-09
6064.1,1.4129890357515158e-09
6064.11,1.466374089672608e-09
6064.12,1.523504949863558e-09
6064.13,1.584599186641247e-09
6064.14,1.651295041300624e-09
6064.15,1.7262952340064493e-09
6064.16,1.8127692747718997e-09
6064.17,1.913736141212648e-09
6064.18,2.032700216448073e-09
6064.19,2.1747168473466506e-09
6064.2,2.3457843407916185e-09
6064.21,2.553669065751452e-09
6064.22,2.807798978955098e-09
6064.23,3.1189449056758047e-09
6064.24,3.498253473524754e-09
6064.25,3.958323214431805e-09
6064.26,4.508488792087265e-09
6064.27,5.152091370307797e-09
6064.28,5.877588889112996e-09
6064.29,6.651338344312946e-09
6064.3,7.416839310190343e-09
6064.31,8.111538255622908e-09
6064.32,8.694195796538947e-09
6064.33,9.156619411880876e-09
6064.34,9.504621141539968e-09
6064.35,9.722978628310498e-09
6064.36,9.763960422042583e-09
6064.37,9.577650670928361e-09
6064.38,9.156396325152868e-09
6064.39,8.557549704246495e-09
6064.4,7.878726378172723e-09
6064.41,7.2194181498089685e-09
6064.42,6.650812435353404e-09
6064.43,6.208207448468623e-09
6064.44,5.895693234059547e-09
6064.45,5.6930472498786926e-09
6064.46,5.561975034068295e-09
6064.47,5.4524831976111735e-09
6064.48,5.320307545897773e-09
6064.49,5.1429190440658385e-09
6064.5,4.927328192113474e-09
6064.51,4.699318317398294e-09
6064.52,4.483420994754377e-09
6064.53,4.2890741389576004e-09
6064.54,4.107458479034874e-09
6064.55,3.9198348655591995e-09
6064.56,3.7101883641950553e-09
6064.57,3.4749485487809825e-09
6064.58,3.2246301878367817e-09
6064.59,2.9757445936806016e-09
6064.6,2.7450921150986017e-09
6064.61,2.540908479168261e-09
6064.62,2.36362659374816e-09
6064.63,2.208754124224937e-09
6064.64,2.1028965086510415e-09
6064.65,1.9762351465213328e-09
6064.66,1.8604394969740948e-09
6064.67,1.756934985164037e-09
6064.68,1.6683940502840095e-09
6064.69,1.59548774771034e-09
6064.7,1.537597968765851e-09
6064.71,1.4935136907585027e-09
6064.72,1.4615909092887202e-09
6064.73,1.4407490310440221e-09
6064.74,1.4294584055857384e-09
6064.75,1.425274665935988e-09
6064.76,1.4233926119253438e-09
6064.77,1.4178119720094957e-09
6064.78,1.4038109246900488e-09
6064.79,1.380402226183629e-09
6064.8,1.3510497693714259e-09
6064.81,1.3218852523053365e-09
6064.82,1.2986267017722358e-09
6064.83,1.284939729606052e-09
6064.84,1.2812457542930554e-09
6064.85,1.2868729112882826e-09
6064.86,1.2982300709364943e-09
6064.87,1.313781635179222e-09
6064.88,1.3313261740986014e-09
6064.89,1.3497355487749618e-09
6064.9,1.3651614884054202e-09
6064.91,1.3736223638775219e-09
6064.92,1.3714121560793775e-09
6064.93,1.358377674487225e-09
6064.94,1.3387527092655466e-09
6064.95,1.316947743244133e-09
6064.96,1.2966082959451445e-09
6064.97,1.2780104669179803e-09
6064.98,1.2581758496422634e-09
6064.99,1.2352955316705043e-09
6065.0,1.2094254976698397e-09
6065.01,1.1824998490250262e-09
6065.02,1.1579145457959784e-09
6065.03,1.1377604176017393e-09
6065.04,1.1267219675976414e-09
6065.05,1.1267825023729674e-09
6065.06,1.1349702268512823e-09
6065.07,1.1534394724570813e-09
6065.08,1.1829028705879566e-09
6065.09,1.2236634768934141e-09
6065.1,1.275893416763279e-09
6065.11,1.3379397771206324e-09
6065.12,1.4095012289623123e-09
6065.13,1.48467540636218e-09
6065.14,1.5560860401634088e-09
6065.15,1.6154719180664826e-09
6065.16,1.6567953851897516e-09
6065.17,1.6788683329699693e-09
6065.18,1.685409564141272e-09
6065.19,1.685335617649112e-09
6065.2,1.6869527032828705e-09
6065.21,1.6978721627631606e-09
6065.22,1.7210735752761384e-09
6065.23,1.7554801852377124e-09
6065.24,1.79562842466358e-09
6065.25,1.8336756049455372e-09
6065.26,1.862822919176544e-09
6065.27,1.8807720251133214e-09
6065.28,1.890722776940316e-09
6065.29,1.898917789582442e-09
6065.3,1.9107276619652178e-09
6065.31,1.928096969773797e-09
6065.32,1.9494167172966385e-09
6065.33,1.9716323843434625e-09
6065.34,1.99257981142772e-09
6065.35,2.0122415802629426e-09
6065.36,2.034478489761791e-09
6065.37,2.0636321851933708e-09
6065.38,2.105342836345397e-09
6065.39,2.165401625768584e-09
6065.4,2.2494938860268787e-09
6065.41,2.3629119476695053e-09
6065.42,2.5105906039984264e-09
6065.43,2.696928578354372e-09
6065.44,2.9249169254413403e-09
6065.45,3.1944460278397067e-09
6065.46,3.4999276294467158e-09
6065.47,3.828839735242015e-09
6065.48,4.163104691411877e-09
6065.49,4.484283333511506e-09
6065.5,4.779432672005269e-09
6065.51,5.045207492521075e-09
6065.52,5.2893980824254376e-09
6065.53,5.52914070583412e-09
6065.54,5.784455594700479e-09
6065.55,6.071884413731976e-09
6065.56,6.401902024108669e-09
6065.57,6.7791971743247595e-09
6065.58,7.20004910050274e-09
6065.59,7.64751134221143e-09
6065.6,8.086946097209089e-09
6065.61,8.462126357510464e-09
6065.62,8.702080556453945e-09
6065.63,8.736627130889637e-09
6065.64,8.5293794942073e-09
6065.65,8.103496875728437e-09
6065.66,7.535322650837304e-09
6065.67,6.9195055829209914e-09
6065.68,6.335141733847218e-09
6065.69,5.825168175538021e-09
6065.7,5.404624123124204e-09
6065.71,5.061657623725892e-09
6065.72,4.776244765872985e-09
6065.73,4.528431418978267e-09
6065.74,4.306161584547848e-09
6065.75,4.103838449002873e-09
6065.76,3.919623646660052e-09
6065.77,3.753818362687858e-09
6065.78,3.6083235724762257e-09
6065.79,3.4857802243375445e-09
6065.8,3.392146681462896e-09
6065.81,3.3298865232301367e-09
6065.82,3.305190128140867e-09
6065.83,3.3198599400738134e-09
6065.84,3.376029508009572e-09
6065.85,3.4757371925882084e-09
6065.86,3.6199022039184912e-09
6065.87,3.809725755925088e-09
6065.88,4.042498535694348e-09
6065.89,4.313433682122696e-09
6065.9,4.61604200023564e-09
6065.91,4.9409798397885285e-09
6065.92,5.272177046259192e-09
6065.93,5.58727239873996e-09
6065.94,5.8597880194692536e-09
6065.95,6.0736654086214045e-09
6065.96,6.23244175990973e-09
6065.97,6.3575064627394926e-09
6065.98,6.471287715481628e-09
6065.99,6.585287305880083e-09
6066.0,6.68740694320505e-09
6066.01,6.756405646313619e-09
6066.02,6.78229068005e-09
6066.03,6.778371164678645e-09
6066.04,6.778319611099894e-09
6066.05,6.820503157403353e-09
6066.06,6.932271566164659e-09
6066.07,7.1217077937689216e-09
6066.08,7.377232649176565e-09
6066.09,7.674389251686394e-09
6066.1,7.983869115458562e-09
6066.11,8.279575395887287e-09
6066.12,8.539135083433881e-09
6066.13,8.737574462359793e-09
6066.14,8.845910932178092e-09
6066.15,8.841074215225383e-09
6066.16,8.722709101315276e-09
6066.17,8.521966985698098e-09
6066.18,8.293580573663365e-09
6066.19,8.097365578432217e-09
6066.2,7.982872346736333e-09
6066.21,7.976390652574948e-09
6066.22,8.085044989121578e-09
6066.23,8.295806125112773e-09
6066.24,8.577071403025025e-09
6066.25,8.882663328503611e-09
6066.26,9.161793132594031e-09
6066.27,9.370530704692152e-09
6066.28,9.48200927380978e-09
6066.29,9.483189005321043e-09
6066.3,9.370929816351694e-09
6066.31,9.14980107626401e-09
6066.32,8.834675950645885e-09
6066.33,8.452665657529881e-09
6066.34,8.039721860086914e-09
6066.35,7.632431916538215e-09
6066.36,7.260814697375604e-09
6066.37,6.944268778685171e-09
6066.38,6.693640545131134e-09
6066.39,6.51283859795711e-09
6066.4,6.400920293966764e-09
6066.41,6.352744053036651e-09
6066.42,6.359544440535244e-09
6066.43,6.410189562296393e-09
6066.44,6.494048669852134e-09
6066.45,6.603968095233689e-09
6066.46,6.737646957373636e-09
6066.47,6.896713164899365e-09
6066.48,7.085452104245385e-09
6066.49,7.310298340912073e-09
6066.5,7.5795407061207e-09
6066.51,7.901034110952235e-09
6066.52,8.276467434910748e-09
6066.53,8.704209065396463e-09
6066.54,9.164960211508723e-09
6066.55,9.633246685673115e-09
6066.56,1.0086203725637191e-08
6066.57,1.0513694744509265e-08
6066.58,1.0920227582190402e-08
6066.59,1.1315405476243384e-08
6066.6,1.1706703975528878e-08
6066.61,1.2097398270869523e-08
6066.62,1.2499734149070315e-08
6066.63,1.2940564931644943e-08
6066.64,1.345663989269306e-08
6066.65,1.4072725979167504e-08
6066.66,1.4783561331037808e-08
6066.67,1.5540713448765733e-08
6066.68,1.6256315276288083e-08
6066.69,1.682655751047003e-08
6066.7,1.717155774000003e-08
6066.71,1.727124147336286e-08
6066.72,1.7176713425278885e-08
6066.73,1.6984618752818985e-08
6066.74,1.6800679711338494e-08
6066.75,1.6709264655475664e-08
6066.76,1.6762712927276508e-08
6066.77,1.6982276002594166e-08
6066.78,1.7373282167160344e-08
6066.79,1.7927785123175883e-08
6066.8,1.8633973216270747e-08
6066.81,1.948066990434371e-08
6066.82,2.0462196742651573e-08
6066.83,2.1582321283560483e-08
6066.84,2.2852761895474953e-08
6066.85,2.429221959350899e-08
6066.86,2.5920676813744834e-08
6066.87,2.7756075362204627e-08
6066.88,2.981795829812805e-08
6066.89,3.213812173772009e-08
6066.9,3.476967872000785e-08
6066.91,3.779013337856612e-08
6066.92,4.129770764535223e-08
6066.93,4.541465985176516e-08
6066.94,5.028399504199826e-08
6066.95,5.6072584373125784e-08
6066.96,6.297829102151058e-08
6066.97,7.123687324150109e-08
6066.98,8.114096151426339e-08
6066.99,9.30441118136809e-08
6067.0,1.0735791268480202e-07
6067.01,1.244924045383221e-07
6067.02,1.447284279891495e-07
6067.03,1.6799278989617578e-07
6067.04,1.9356628989648606e-07
6067.05,2.1983963211325667e-07
6067.06,2.4441118995009184e-07
6067.07,2.647354162026463e-07
6067.08,2.7914485114265895e-07
6067.09,2.8757657770619213e-07
6067.1,2.913686890378795e-07
6067.11,2.9210719286233165e-07
6067.12,2.9021463894567914e-07
6067.13,2.8436654996725845e-07
6067.14,2.7246133086059135e-07
6067.15,2.5356789631464786e-07
6067.16,2.2904582081597845e-07
6067.17,2.0184297535043945e-07
6067.18,1.749343895863229e-07
6067.19,1.503146331867268e-07
6067.2,1.2887791861439545e-07
6067.21,1.1074917274821543e-07
6067.22,9.564624363992577e-08
6067.23,8.313321946728876e-08
6067.24,7.275532218513112e-08
6067.25,6.410221883949979e-08
6067.26,5.683210358811341e-08
6067.27,5.0678275114833974e-08
6067.28,4.5439134652450326e-08
6067.29,4.096107538141474e-08
6067.3,3.7122286171737596e-08
6067.31,3.382667518947733e-08
6067.32,3.09850193289657e-08
6067.33,2.8518659885253637e-08
6067.34,2.635687849944197e-08
6067.35,2.4439204892010493e-08
6067.36,2.2718391209218085e-08
6067.37,2.1162217391964143e-08
6067.38,1.9752557947378826e-08
6067.39,1.848139788241606e-08
6067.4,1.73457288837152e-08
6067.41,1.6342110801351514e-08
6067.42,1.5464753771139752e-08
6067.43,1.4707146801449657e-08
6067.44,1.4062546571995388e-08
6067.45,1.3521279317845547e-08
6067.46,1.3072115864000612e-08
6067.47,1.2699537387732034e-08
6067.48,1.2381949665274971e-08
6067.49,1.2094404717383509e-08
6067.5,1.1811681858914481e-08
6067.51,1.1516965299429158e-08
6067.52,1.1205842746769357e-08
6067.53,1.0882922113426649e-08
6067.54,1.0552992103910772e-08
6067.55,1.0214300094121721e-08
6067.56,9.858507046110036e-09
6067.57,9.477046687554362e-09
6067.58,9.067608979908327e-09
6067.59,8.637780228226179e-09
6067.6,8.204459962086828e-09
6067.61,7.788141081299453e-09
6067.62,7.406551413932228e-09
6067.63,7.0709058982636005e-09
6067.64,6.785652029581469e-09
6067.65,6.550253804405748e-09
6067.66,6.3614043416277805e-09
6067.67,6.215111897840507e-09
6067.68,6.108181518997416e-09
6067.69,6.040848742305223e-09
6067.7,6.017210689516293e-09
6067.71,6.044036957579897e-09
6067.72,6.128217186844924e-09
6067.73,6.273502293616702e-09
6067.74,6.478283890756222e-09
6067.75,6.72900501237258e-09
6067.76,6.99936204877659e-09
6067.77,7.251624344065341e-09
6067.78,7.443909358212428e-09
6067.79,7.54103373167374e-09
6067.8,7.522633733191032e-09
6067.81,7.383731139974549e-09
6067.82,7.131602084111357e-09
6067.83,6.785930578324493e-09
6067.84,6.379129125627268e-09
6067.85,5.951601175440181e-09
6067.86,5.541461842184773e-09
6067.87,5.176140354893399e-09
6067.88,4.870017770185882e-09
6067.89,4.627335992352993e-09
6067.9,4.446179185564751e-09
6067.91,4.3218222877772924e-09
6067.92,4.247622969031271e-09
6067.93,4.214449487241878e-09
6067.94,4.209346188674052e-09
6067.95,4.215270308034554e-09
6067.96,4.214361688718335e-09
6067.97,4.194741009579471e-09
6067.98,4.155606215062608e-09
6067.99,4.107000155231281e-09
6068.0,4.062144089486197e-09
6068.01,4.03150653107222e-09
6068.02,4.019448585604456e-09
6068.03,4.026981626356255e-09
6068.04,4.056198513340093e-09
6068.05,4.11347945406726e-09
6068.06,4.209534826330043e-09
6068.07,4.3561983735082784e-09
6068.08,4.562659568207715e-09
6068.09,4.831676555403269e-09
6068.1,5.15389534828976e-09
6068.11,5.501477057421447e-09
6068.12,5.8237438120660455e-09
6068.13,6.052629642777265e-09
6068.14,6.123588773408352e-09
6068.15,6.004477185853365e-09
6068.16,5.712312051127569e-09
6068.17,5.3033832184799545e-09
6068.18,4.845822291341983e-09
6068.19,4.395044528164279e-09
6068.2,3.985132510976964e-09
6068.21,3.6302338328873555e-09
6068.22,3.332866463815513e-09
6068.23,3.0892301281854503e-09
6068.24,2.8931392939521517e-09
6068.25,2.738320822283513e-09
6068.26,2.6190737932258806e-09
6068.27,2.5299479915036992e-09
6068.28,2.4652444911247092e-09
6068.29,2.4170365322915796e-09
6068.3,2.3761526181388267e-09
6068.31,2.3344798285019414e-09
6068.32,2.288787003093404e-09
6068.33,2.242253967691826e-09
6068.34,2.201891660738081e-09
6068.35,2.1755763251667068e-09
6068.36,2.168351732395602e-09
6068.37,2.181656867320071e-09
6068.38,2.2150194573215045e-09
6068.39,2.267033907746297e-09
6068.4,2.3363322107037823e-09
6068.41,2.4226086708121365e-09
6068.42,2.5249618823011743e-09
6068.43,2.635675900659281e-09
6068.44,2.7404447265692203e-09
6068.45,2.8161971482146624e-09
6068.46,2.842538829408006e-09
6068.47,2.810709231577308e-09
6068.48,2.7291802769234666e-09
6068.49,2.6150509539112907e-09
6068.5,2.4887069098430204e-09
6068.51,2.367591201142246e-09
6068.52,2.2635095653814736e-09
6068.53,2.1801937381448426e-09
6068.54,2.11288872789631e-09
6068.55,2.0531418502788947e-09
6068.56,1.9919349054553596e-09
6068.57,1.926055879667914e-09
6068.58,1.857487143787965e-09
6068.59,1.7927790521510954e-09
6068.6,1.736240697745745e-09
6068.61,1.6907866824320405e-09
6068.62,1.6573393781379094e-09
6068.63,1.6363388197876477e-09
6068.64,1.6290297626386802e-09
6068.65,1.6376157842162709e-09
6068.66,1.6648973627622507e-09
6068.67,1.7127124345812327e-09
6068.68,1.781839696189803e-09
6068.69,1.871671725599887e-09
6068.7,1.9796555422669544e-09
6068.71,2.10179079882544e-09
6068.72,2.231578159434328e-09
6068.73,2.357196019661467e-09
6068.74,2.4627151873174026e-09
6068.75,2.528448913478773e-09
6068.76,2.541129479761031e-09
6068.77,2.499913763973345e-09
6068.78,2.4204569043486146e-09
6068.79,2.3238357002120506e-09
6068.8,2.231302978804557e-09
6068.81,2.158204091600146e-09
6068.82,2.112531749674075e-09
6068.83,2.0949379317241487e-09
6068.84,2.099007452719866e-09
6068.85,2.1112982864777582e-09
6068.86,2.1141558314625417e-09
6068.87,2.092190487779796e-09
6068.88,2.0405706291616155e-09
6068.89,1.966457583289152e-09
6068.9,1.8858199768391778e-09
6068.91,1.8146433582537203e-09
6068.92,1.764219517455573e-09
6068.93,1.7400576865619745e-09
6068.94,1.7428303941337075e-09
6068.95,1.7693739722983163e-09
6068.96,1.8115679175121575e-09
6068.97,1.8598993504133063e-09
6068.98,1.9062002269264867e-09
6068.99,1.9486959184616183e-09
6069.0,1.9944721892414457e-09
6069.01,2.0547493324486145e-09
6069.02,2.140873563258207e-09
6069.03,2.2570335829062782e-09
6069.04,2.3965225164258005e-09
6069.05,2.53888395523182e-09
6069.06,2.6559690236191965e-09
6069.07,2.716552484398713e-09
6069.08,2.7034220574873452e-09
6069.09,2.6201135510193205e-09
6069.1,2.4851619442644694e-09
6069.11,2.319691287476908e-09
6069.12,2.1428647296866304e-09
6069.13,1.965923152986187e-09
6069.14,1.798037822709906e-09
6069.15,1.6461917473882986e-09
6069.16,1.5147648842914747e-09
6069.17,1.4056034115771636e-09
6069.18,1.3185268376634784e-09
6069.19,1.251958758671834e-09
6069.2,1.2037954057940727e-09
6069.21,1.1717596583099954e-09
6069.22,1.154006984601887e-09
6069.23,1.1493807025497028e-09
6069.24,1.1570089621584582e-09
6069.25,1.1754617580620111e-09
6069.26,1.2014501592129405e-09
6069.27,1.228976364275902e-09
6069.28,1.2497808607697272e-09
6069.29,1.2558166687951485e-09
6069.3,1.2418800409679624e-09
6069.31,1.2110522073056736e-09
6069.32,1.1694788853214168e-09
6069.33,1.1256764263628759e-09
6069.34,1.0855883735638768e-09
6069.35,1.0553632837916885e-09
6069.36,1.0362253389088145e-09
6069.37,1.0276612515280122e-09
6069.38,1.0287258904380545e-09
6069.39,1.0389174268419866e-09
6069.4,1.058891816983228e-09
6069.41,1.089962039041587e-09
6069.42,1.1341585021892175e-09
6069.43,1.19366048691827e-09
6069.44,1.2713211715333637e-09
6069.45,1.3687573870390986e-09
6069.46,1.4886687539792644e-09
6069.47,1.6290896454802524e-09
6069.48,1.7827801832965981e-09
6069.49,1.933871190542761e-09
6069.5,2.0628513538620957e-09
6069.51,2.148273010363068e-09
6069.52,2.1770195168784184e-09
6069.53,2.1466536323499023e-09
6069.54,2.0648566809727718e-09
6069.55,1.945650867712766e-09
6069.56,1.8107824483849278e-09
6069.57,1.6751602236873542e-09
6069.58,1.5510595109236643e-09
6069.59,1.4452960057765425e-09
6069.6,1.3602644742898243e-09
6069.61,1.2953679165601993e-09
6069.62,1.248735742011365e-09
6069.63,1.2195534009739411e-09
6069.64,1.2061332437081727e-09
6069.65,1.2064174513596716e-09
6069.66,1.2171192293311636e-09
6069.67,1.2021246754464784e-09
6069.68,1.2218602998570868e-09
6069.69,1.2430225152471618e-09
6069.7,1.267568897211114e-09
6069.71,1.2988525405591363e-09
6069.72,1.33940453971865e-09
6069.73,1.3888065707215504e-09
6069.74,1.4422711711922486e-09
6069.75,1.4943869877813817e-09
6069.76,1.5412733172886503e-09
6069.77,1.5843306970983564e-09
6069.78,1.629161107447774e-09
6069.79,1.6855399925309428e-09
6069.8,1.7599574399346192e-09
6069.81,1.8560455436445445e-09
6069.82,1.9750270712985953e-09
6069.83,2.117630608428593e-09
6069.84,2.284957129588469e-09
6069.85,2.4765920384727516e-09
6069.86,2.686446948334692e-09
6069.87,2.895886016104056e-09
6069.88,3.0772571074784887e-09
6069.89,3.2014837908248092e-09
6069.9,3.2502408804787923e-09
6069.91,3.225939916552104e-09
6069.92,3.149608638620036e-09
6069.93,3.0531776506047704e-09
6069.94,2.9680421746809414e-09
6069.95,2.917659808288811e-09
6069.96,2.9127653461484066e-09
6069.97,2.9576023561281665e-09
6069.98,3.0408187560103786e-09
6069.99,3.1426766244314712e-09
6070.0,3.2356048581445516e-09
6070.01,3.2918135535745637e-09
6070.02,3.2920746288924245e-09
6070.03,3.23625610518518e-09
6070.04,3.142827401159427e-09
6070.05,3.0394940390209052e-09
6070.06,2.9508229925827422e-09
6070.07,2.8921956140632726e-09
6070.08,2.825267531036992e-09
6070.09,2.8228494836585497e-09
6070.1,2.8241769396761035e-09
6070.11,2.801790598055454e-09
6070.12,2.7293495173693434e-09
6070.13,2.593999192314677e-09
6070.14,2.4041333048021216e-09
6070.15,2.183852620704793e-09
6070.16,1.960294778975131e-09
6070.17,1.7538750931994678e-09
6070.18,1.5751786887336683e-09
6070.19,1.4269406830772603e-09
6070.2,1.307640262656928e-09
6070.21,1.1744105429606277e-09
6070.22,1.101368101192424e-09
6070.23,1.046175651834895e-09
6070.24,1.0065150595640765e-09
6070.25,9.813309572275144e-10
6070.26,9.712030222406498e-10
6070.27,9.760494013632782e-10
6070.28,9.963700592141571e-10
6070.29,1.0322391230365335e-09
6070.3,1.0838460138149826e-09
6070.31,1.1511706116424441e-09
6070.32,1.2335928434904546e-09
6070.33,1.3277323802907523e-09
6070.34,1.424694322054769e-09
6070.35,1.5088116924644642e-09
6070.36,1.5614102516428185e-09
6070.37,1.569844471236753e-09
6070.38,1.534593810837113e-09
6070.39,1.4687937134426728e-09
6070.4,1.3532805490564536e-09
6070.41,1.2769915688878918e-09
6070.42,1.2113798353627725e-09
6070.43,1.1573790696308392e-09
6070.44,1.115119001983768e-09
6070.45,1.0830772409957355e-09
6070.46,1.0604806839768292e-09
6070.47,1.0473092052212138e-09
6070.48,1.0427701165447113e-09
6070.49,1.0468904788274247e-09
6070.5,1.0593435858599962e-09
6070.51,1.0812262164950469e-09
6070.52,1.1140950674271511e-09
6070.53,1.1574726357566188e-09
6070.54,1.2069363998120526e-09
6070.55,1.2539568396085379e-09
6070.56,1.287066270885175e-09
6070.57,1.2959014177748186e-09
6070.58,1.2760952781080411e-09
6070.59,1.2302859024833646e-09
6070.6,1.169860210346504e-09
6070.61,1.1070255341461458e-09
6070.62,1.0529210157350387e-09
6070.63,1.0147877140487675e-09
6070.64,9.951774503057453e-10
6070.65,9.923795746340951e-10
6070.66,1.001604984355255e-09
6070.67,1.0152247718282978e-09
6070.68,1.0236594945312286e-09
6070.69,1.0194609931991888e-09
6070.7,9.976973400669254e-10
6070.71,9.601470847870392e-10
6070.72,9.115849563345386e-10
6070.73,8.588634410336491e-10
6070.74,8.08561829955341e-10
6070.75,7.657268581887366e-10
6070.76,7.34153136055668e-10
6070.77,7.150226085582954e-10
6070.78,7.074686956721215e-10
6070.79,7.086314371915534e-10
6070.8,7.141060226878928e-10
6070.81,7.1917937442169e-10
6070.82,7.217977430028556e-10
6070.83,7.215453291472481e-10
6070.84,7.195706673845039e-10
6070.85,7.165265304193664e-10
6070.86,7.121342098842713e-10
6070.87,7.059907345137364e-10
6070.88,6.988324241157834e-10
6070.89,6.929925974917482e-10
6070.9,6.908936053827281e-10
6070.91,6.945837618892476e-10
6070.92,7.04058473599797e-10
6070.93,7.175749795150147e-10
6070.94,7.31276080870716e-10
6070.95,7.409425743279445e-10
6070.96,7.426203682086798e-10
6070.97,7.34561316991525e-10
6070.98,7.186213360557058e-10
6070.99,6.979730029257378e-10
6071.0,6.763152492168118e-10
6071.01,6.552409918606633e-10
6071.02,6.348163549377652e-10
6071.03,6.145825559197815e-10
6071.04,5.94884236553947e-10
6071.05,5.764842189588158e-10
6071.06,5.609076280837094e-10
6071.07,5.49885215642857e-10
6071.08,5.445676425483912e-10
6071.09,5.465877688162323e-10
6071.1,5.572635665968412e-10
6071.11,5.785579113274615e-10
6071.12,6.121678027593497e-10
6071.13,6.599367514442896e-10
6071.14,7.240769139996142e-10
6071.15,8.059931929468371e-10
6071.16,9.059104994129839e-10
6071.17,1.020524770827398e-09
6071.18,1.1412478506432792e-09
6071.19,1.2537599709457126e-09
6071.2,1.3419221457316793e-09
6071.21,1.3954320815489259e-09
6071.22,1.4142707828181045e-09
6071.23,1.408274926376528e-09
6071.24,1.387675714142925e-09
6071.25,1.3596864893283134e-09
6071.26,1.3275935345042222e-09
6071.27,1.2900591532089696e-09
6071.28,1.2487848496181846e-09
6071.29,1.1990538655970588e-09
6071.3,1.1380757428083854e-09
6071.31,1.0658524086603227e-09
6071.32,9.849790127730622e-10
6071.33,9.012517187256031e-10
6071.34,8.204141551265295e-10
6071.35,7.467975024398287e-10
6071.36,6.828861951202092e-10
6071.37,6.297523899036079e-10
6071.38,5.872577660151089e-10
6071.39,5.550182736599278e-10
6071.4,5.323689381188436e-10
6071.41,5.185870654403614e-10
6071.42,5.122619236119661e-10
6071.43,5.116720639064599e-10
6071.44,5.144232208952417e-10
6071.45,5.17516489971096e-10
6071.46,5.181559641298426e-10
6071.47,5.148588873150247e-10
6071.48,5.07925678378302e-10
6071.49,4.989321286966648e-10
6071.5,4.892812391175013e-10
6071.51,4.79353564205287e-10
6071.52,4.686227780985003e-10
6071.53,4.565554796481041e-10
6071.54,4.432252401350384e-10
6071.55,4.295669671155705e-10
6071.56,4.1686522037202674e-10
6071.57,4.0622427780637033e-10
6071.58,3.9798641418662735e-10
6071.59,3.9207224761052147e-10
6071.6,3.888980851203898e-10
6071.61,3.8874027127374963e-10
6071.62,3.922952977910412e-10
6071.63,3.9991018175983186e-10
6071.64,4.131906285053328e-10
6071.65,4.283289238930407e-10
6071.66,4.4685097322523727e-10
6071.67,4.683508532716901e-10
6071.68,4.930853073397593e-10
6071.69,5.208147278395329e-10
6071.7,5.507258952447555e-10
6071.71,5.811460660971497e-10
6071.72,6.115836718757173e-10
6071.73,6.424847879781246e-10
6071.74,6.755787465632222e-10
6071.75,7.126785794221956e-10
6071.76,7.551071087581743e-10
6071.77,8.029081247742405e-10
6071.78,8.568775267566005e-10
6071.79,9.182718936044637e-10
6071.8,9.892972502344205e-10
6071.81,1.0724679464400798e-09
6071.82,1.1688267986822572e-09
6071.83,1.2767129237793713e-09
6071.84,1.3911001278913134e-09
6071.85,1.5036276363868366e-09
6071.86,1.601960359548733e-09
6071.87,1.6735882186290802e-09
6071.88,1.711392373411193e-09
6071.89,1.7199920493769328e-09
6071.9,1.7147807696607944e-09
6071.91,1.7139754821579728e-09
6071.92,1.7306811125061445e-09
6071.93,1.7680791150133545e-09
6071.94,1.8191617181230945e-09
6071.95,1.871551830041009e-09
6071.96,1.9109694669313444e-09
6071.97,1.929389522043232e-09
6071.98,1.9288054308801415e-09
6071.99,1.9182727690329617e-09
6072.0,1.9060158967348955e-09
6072.01,1.8920955860515072e-09
6072.02,1.8682166718498507e-09
6072.03,1.820372605916873e-09
6072.04,1.7408907285314776e-09
6072.05,1.6310756473273995e-09
6072.06,1.5011065346805176e-09
6072.07,1.3640911649711871e-09
6072.08,1.2307675749425307e-09
6072.09,1.1079238674899381e-09
6072.1,9.981987024251715e-10
6072.11,9.022326622923387e-10
6072.12,8.19798910108444e-10
6072.13,7.504589960637676e-10
6072.14,6.93545097851706e-10
6072.15,6.481784813358182e-10
6072.16,6.132443829435802e-10
6072.17,5.875843398698044e-10
6072.18,5.701088500924029e-10
6072.19,5.599797964409212e-10
6072.2,5.565108668977039e-10
6072.21,5.588642239684921e-10
6072.22,5.65600092108728e-10
6072.23,5.743688257862541e-10
6072.24,5.823400796317314e-10
6072.25,5.873341380957408e-10
6072.26,5.886445926884927e-10
6072.27,5.880762379416093e-10
6072.28,5.881421543344838e-10
6072.29,5.913913208088988e-10
6072.3,5.993875181257431e-10
6072.31,6.11420202104855e-10
6072.32,6.254161563427368e-10
6072.33,6.386944062262474e-10
6072.34,6.488671493916809e-10
6072.35,6.541115674914366e-10
6072.36,6.53612221386355e-10
6072.37,6.482961946412421e-10
6072.38,6.413429328295678e-10
6072.39,6.373801918766499e-10
6072.4,6.410594197234116e-10
6072.41,6.559452992328142e-10
6072.42,6.839603459402524e-10
6072.43,7.250142217886357e-10
6072.44,7.765817176733029e-10
6072.45,8.337985573124478e-10
6072.46,8.891968128963249e-10
6072.47,9.3304081615384e-10
6072.48,9.545257611674748e-10
6072.49,9.453087925586073e-10
6072.5,9.044504487157098e-10
6072.51,8.400326572233507e-10
6072.52,7.648255144747092e-10
6072.53,6.91181498826023e-10
6072.54,6.260936198621735e-10
6072.55,5.725455250467886e-10
6072.56,5.308781456528368e-10
6072.57,5.004312732337652e-10
6072.58,4.7968516655289e-10
6072.59,4.668762590882373e-10
6072.6,4.5934400760522167e-10
6072.61,4.5401123359605466e-10
6072.62,4.478017999519069e-10
6072.63,4.383932146844898e-10
6072.64,4.248057044487446e-10
6072.65,4.0749452239892715e-10
6072.66,3.878392946252191e-10
6072.67,3.67577913215077e-10
6072.68,3.4761717753851133e-10
6072.69,3.2843196459014197e-10
6072.7,3.1003469736649315e-10
6072.71,2.926847640256927e-10
6072.72,2.770929481568471e-10
6072.73,2.6400800993133954e-10
6072.74,2.540791685242696e-10
6072.75,2.4724669930414887e-10
6072.76,2.4324811895089377e-10
6072.77,2.417624566109474e-10
6072.78,2.421528549042493e-10
6072.79,2.4371969970617513e-10
6072.8,2.4576614133986834e-10
6072.81,2.4775228780903075e-10
6072.82,2.4944488887239306e-10
6072.83,2.510520950336767e-10
6072.84,2.5312252880448424e-10
6072.85,2.5663700008129017e-10
6072.86,2.6270918637426107e-10
6072.87,2.7214603221167513e-10
6072.88,2.8585758500571616e-10
6072.89,3.039989008855935e-10
6072.9,3.2671247879651475e-10
6072.91,3.53164429943607e-10
6072.92,3.8188332847808996e-10
6072.93,4.094674309044971e-10
6072.94,4.317766371806612e-10
6072.95,4.4563461236944687e-10
6072.96,4.5098611311313027e-10
6072.97,4.5123055483600906e-10
6072.98,4.5125416530817933e-10
6072.99,4.5418205177928045e-10
6073.0,4.606482506745191e-10
6073.01,4.685414448873741e-10
6073.02,4.74725095631372e-10
6073.03,4.774302001847513e-10
6073.04,4.761598066910969e-10
6073.05,4.741286217147806e-10
6073.06,4.726016885582658e-10
6073.07,4.729501943956557e-10
6073.08,4.755234895076598e-10
6073.09,4.830058613866207e-10
6073.1,4.965384291534986e-10
6073.11,5.183141842593365e-10
6073.12,5.503063346671795e-10
6073.13,5.940742416835609e-10
6073.14,6.498914252876615e-10
6073.15,7.151430517313658e-10
6073.16,7.876598664155157e-10
6073.17,8.539044315556951e-10
6073.18,9.03915641976355e-10
6073.19,9.282431700032595e-10
6073.2,9.247741003672681e-10
6073.21,9.014292517630262e-10
6073.22,8.710230361121393e-10
6073.23,8.460351533422354e-10
6073.24,8.345072646198004e-10
6073.25,8.401618592010548e-10
6073.26,8.633642917102079e-10
6073.27,9.022244470396528e-10
6073.28,9.540234094580791e-10
6073.29,1.0167685524178141e-09
6073.3,1.0925403675841057e-09
6073.31,1.18503637650581e-09
6073.32,1.2992796701894137e-09
6073.33,1.4378936589860011e-09
6073.34,1.5992768800369961e-09
6073.35,1.7767184168321386e-09
6073.36,1.9570171258806676e-09
6073.37,2.120391612789663e-09
6073.38,2.2412576474660995e-09
6073.39,2.2940920937868915e-09
6073.4,2.2635913982565995e-09
6073.41,2.1539589024086213e-09
6073.42,1.9878516241997863e-09
6073.43,1.7956991460529487e-09
6073.44,1.6036717098305118e-09
6073.45,1.427688880955594e-09
6073.46,1.2736069929425446e-09
6073.47,1.1413114750802734e-09
6073.48,1.0283144976163195e-09
6073.49,9.329812099287916e-10
6073.5,8.540532367502386e-10
6073.51,7.907663706666798e-10
6073.52,7.421186598586461e-10
6073.53,7.066428670764296e-10
6073.54,6.832064673533087e-10
6073.55,6.711649344113339e-10
6073.56,6.70489822498136e-10
6073.57,6.814560480405116e-10
6073.58,7.038658835557384e-10
6073.59,7.358806069493287e-10
6073.6,7.728898893310808e-10
6073.61,8.074927356955319e-10
6073.62,8.315124737117079e-10
6073.63,8.403662024216366e-10
6073.64,8.360829057717531e-10
6073.65,8.262388342158914e-10
6073.66,8.195491473899812e-10
6073.67,8.219899227445371e-10
6073.68,8.356238466834431e-10
6073.69,8.585661949211198e-10
6073.7,8.869476455052673e-10
6073.71,9.165417294931301e-10
6073.72,9.445307761481222e-10
6073.73,9.696956348463137e-10
6073.74,9.92029954589338e-10
6073.75,1.012368670900898e-09
6073.76,1.0314840980669861e-09
6073.77,1.050087833397668e-09
6073.78,1.0680814980188842e-09
6073.79,1.0836309113188132e-09
6073.8,1.0923248002336418e-09
6073.81,1.0893967377451864e-09
6073.82,1.0714002541426865e-09
6073.83,1.0387378126748108e-09
6073.84,9.9536932894414e-10
6073.85,9.480210579347477e-10
6073.86,9.039143669323248e-10
6073.87,8.689070311306153e-10
6073.88,8.465688858432367e-10
6073.89,8.382608559409783e-10
6073.9,8.438094609880477e-10
6073.91,8.991713975653969e-10
6073.92,9.306889415327711e-10
6073.93,9.747798531032115e-10
6073.94,1.066366734880955e-09
6073.95,1.1335314305916104e-09
6073.96,1.206628453121124e-09
6073.97,1.2783517644221103e-09
6073.98,1.3407766336097822e-09
6073.99,1.3883696603275862e-09
6074.0,1.419623232348832e-09
6074.01,1.4352694431769188e-09
6074.02,1.4379210657630382e-09
6074.03,1.43109189762363e-09
6074.04,1.418687770432405e-09
6074.05,1.4060137385630168e-09
6074.06,1.4589234874878994e-09
6074.07,1.4619550546642465e-09
6074.08,1.4781139972112154e-09
6074.09,1.509850113503785e-09
6074.1,1.5598084801839003e-09
6074.11,1.630536040038143e-09
6074.12,1.7599734673578747e-09
6074.13,1.8680419596005253e-09
6074.14,1.979509992869876e-09
6074.15,2.0770697441323613e-09
6074.16,2.1434536589469724e-09
6074.17,2.233828117707586e-09
6074.18,2.2145359137719588e-09
6074.19,2.1581596041802062e-09
6074.2,2.0771614916655105e-09
6074.21,1.9846679490236925e-09
6074.22,1.88963572020687e-09
6074.23,1.7959420078621266e-09
6074.24,1.7054906304892376e-09
6074.25,1.6214295305897209e-09
6074.26,1.5488750631915673e-09
6074.27,1.492780259941295e-09
6074.28,1.4842939474413526e-09
6074.29,1.4687948299368816e-09
6074.3,1.4726866878255555e-09
6074.31,1.4924859569679685e-09
6074.32,1.522380827812881e-09
6074.33,1.5544448657927208e-09
6074.34,1.5796302025634033e-09
6074.35,1.5912279421602564e-09
6074.36,1.5876596770439124e-09
6074.37,1.574160013434339e-09
6074.38,1.5601529810115779e-09
6074.39,1.5552624212611288e-09
6074.4,1.5653675759658403e-09
6074.41,1.5902112020900796e-09
6074.42,1.6228701262571893e-09
6074.43,1.6515039351325265e-09
6074.44,1.663940221794672e-09
6074.45,1.653336340041108e-09
6074.46,1.619343074135168e-09
6074.47,1.56731432944184e-09
6074.48,1.5052260109735399e-09
6074.49,1.4413088915396142e-09
6074.5,1.3828384070578473e-09
6074.51,1.3353644650687643e-09
6074.52,1.3023311454825135e-09
6074.53,1.2851990667201958e-09
6074.54,1.283899713248466e-09
6074.55,1.2975496216921744e-09
6074.56,1.3251072118653148e-09
6074.57,1.3659161022387296e-09
6074.58,1.4199491838050882e-09
6074.59,1.4881637923825592e-09
6074.6,1.5725499771287891e-09
6074.61,1.6763492119944794e-09
6074.62,1.8038949185230428e-09
6074.63,1.9606161267593737e-09
6074.64,2.1528632231743124e-09
6074.65,2.3871287381695833e-09
6074.66,2.669155308316954e-09
6074.67,3.0018543922393978e-09
6074.68,3.3813425876725983e-09
6074.69,3.790647138474525e-09
6074.7,4.1931771464221114e-09
6074.71,4.5319024702860685e-09
6074.72,4.741780969615097e-09
6074.73,4.775513273737903e-09
6074.74,4.627789111562999e-09
6074.75,4.3386670457274795e-09
6074.76,3.9724736890061315e-09
6074.77,3.5908736528970743e-09
6074.78,3.2364217466312383e-09
6074.79,2.9320543606513336e-09
6074.8,2.6847181226494274e-09
6074.81,2.4934295482172215e-09
6074.82,2.3538732752838765e-09
6074.83,2.2610071949433165e-09
6074.84,2.2101512731655382e-09
6074.85,2.1962658129024867e-09
6074.86,2.213167362925619e-09
6074.87,2.251861389808254e-09
6074.88,2.3001173859524575e-09
6074.89,2.3424059672566845e-09
6074.9,2.363444646692173e-09
6074.91,2.353250685149737e-09
6074.92,2.3115196086137148e-09
6074.93,2.2477702822008158e-09
6074.94,2.177021289446844e-09
6074.95,2.1142784623284204e-09
6074.96,2.071264520699703e-09
6074.97,2.0557438350275964e-09
6074.98,2.0719642587878358e-09
6074.99,2.1210920673224603e-09
6075.0,2.2002360805830082e-09
6075.01,2.3008842041154036e-09
6075.02,2.4065863685723047e-09
6075.03,2.493478955181728e-09
6075.04,2.535567020008555e-09
6075.05,2.5146184889844867e-09
6075.06,2.429269919117121e-09
6075.07,2.294915511211986e-09
6075.08,2.1351185164359244e-09
6075.09,1.9723429428629702e-09
6075.1,1.8210131248864633e-09
6075.11,1.6883357044748263e-09
6075.12,1.5761444418769808e-09
6075.13,1.4835581874230495e-09
6075.14,1.408261367939756e-09
6075.15,1.3470279084156638e-09
6075.16,1.2977337253263546e-09
6075.17,1.2575957352299066e-09
6075.18,1.224634942165474e-09
6075.19,1.1975707637765224e-09
6075.2,1.175614000092756e-09
6075.21,1.1582851974279276e-09
6075.22,1.145211632313261e-09
6075.23,1.1359727788536966e-09
6075.24,1.1300940904103072e-09
6075.25,1.1269883811791884e-09
6075.26,1.1260941070617179e-09
6075.27,1.1272856361181112e-09
6075.28,1.1302352631089668e-09
6075.29,1.1358619817135633e-09
6075.3,1.1444743238318723e-09
6075.31,1.156621642598796e-09
6075.32,1.172682381015297e-09
6075.33,1.1927711379895786e-09
6075.34,1.216606842320194e-09
6075.35,1.2434300353081518e-09
6075.36,1.272097615839853e-09
6075.37,1.3015883716285232e-09
6075.38,1.3318670309162651e-09
6075.39,1.3637577346533352e-09
6075.4,1.399549122638723e-09
6075.41,1.441487712351403e-09
6075.42,1.4911778845740965e-09
6075.43,1.5489426411675894e-09
6075.44,1.6130173818568788e-09
6075.45,1.6786871571373654e-09
6075.46,1.7384355845209612e-09
6075.47,1.78455116130717e-09
6075.48,1.8132365838872045e-09
6075.49,1.8273940570836192e-09
6075.5,1.835041976213743e-09
6075.51,1.8448511643705706e-09
6075.52,1.86220360603218e-09
6075.53,1.8876014411867004e-09
6075.54,1.91803691737049e-09
6075.55,1.949739363412892e-09
6075.56,1.9796735993917567e-09
6075.57,2.004988004645218e-09
6075.58,2.0214914811593476e-09
6075.59,2.024478180766076e-09
6075.6,2.0121777886903674e-09
6075.61,1.9879353831807975e-09
6075.62,1.958901513183227e-09
6075.63,1.9325285949882046e-09
6075.64,1.9141805304579472e-09
6075.65,1.906689151361801e-09
6075.66,1.9113900232896833e-09
6075.67,1.928350442697838e-09
6075.68,1.9569553041091094e-09
6075.69,1.9960817035952145e-09
6075.7,2.044431355395024e-09
6075.71,2.100566920001434e-09
6075.72,2.163095687069267e-09
6075.73,2.229943339377123e-09
6075.74,2.2971129798788025e-09
6075.75,2.3590799409657977e-09
6075.76,2.4098617060244585e-09
6075.77,2.444684319465617e-09
6075.78,2.4615717720290087e-09
6075.79,2.462125153028208e-09
6075.8,2.451505047969646e-09
6075.81,2.4368997511491152e-09
6075.82,2.425350909270611e-09
6075.83,2.421829502451687e-09
6075.84,2.428418745171565e-09
6075.85,2.4445199376181193e-09
6075.86,2.4679116814699637e-09
6075.87,2.496232528369775e-09
6075.88,2.528268435096291e-09
6075.89,2.5642793155425078e-09
6075.9,2.6057322881327543e-09
6075.91,2.654396813651146e-09
6075.92,2.712782641409638e-09
6075.93,2.782802716427193e-09
6075.94,2.866255049420676e-09
6075.95,2.964636451662675e-09
6075.96,3.079109218947654e-09
6075.97,3.2106418095493226e-09
6075.98,3.36067732994231e-09
6075.99,3.532243860021791e-09
6076.0,3.73076289666331e-09
6076.01,3.964232712988685e-09
6076.02,4.242132958201192e-09
6076.03,4.573793525418897e-09
6076.04,4.965794248985515e-09
6076.05,5.417561910212421e-09
6076.06,5.91384755228781e-09
6076.07,6.41638109667424e-09
6076.08,6.861026914278932e-09
6076.09,7.170544033647639e-09
6076.1,7.286542495294629e-09
6076.11,7.201322593709714e-09
6076.12,6.9627816862039856e-09
6076.13,6.647923129925164e-09
6076.14,6.327478990477095e-09
6076.15,6.046975267471631e-09
6076.16,5.8247554786735234e-09
6076.17,5.6596031247903895e-09
6076.18,5.539396463432582e-09
6076.19,5.4495211456090296e-09
6076.2,5.379189195119324e-09
6076.21,5.324639368677332e-09
6076.22,5.288145143502869e-09
6076.23,5.273676024117958e-09
6076.24,5.283802231947377e-09
6076.25,5.3185989932447575e-09
6076.26,5.375976527161662e-09
6076.27,5.4533658104034035e-09
6076.28,5.547699690181447e-09
6076.29,5.655109165768175e-09
6076.3,5.770676669445484e-09
6076.31,5.889873512815823e-09
6076.32,6.010453454510542e-09
6076.33,6.133545753724371e-09
6076.34,6.263371465412027e-09
6076.35,6.404581429507565e-09
6076.36,6.560667221931075e-09
6076.37,6.732705872558222e-09
6076.38,6.919988930154477e-09
6076.39,7.121762217347834e-09
6076.4,7.338101531263896e-09
6076.41,7.572740799946574e-09
6076.42,7.827103059040924e-09
6076.43,8.100233303373545e-09
6076.44,8.38644490589379e-09
6076.45,8.677387857678072e-09
6076.46,8.966906523336277e-09
6076.47,9.256101976003816e-09
6076.48,9.553624151183693e-09
6076.49,9.87090476102393e-09
6076.5,1.0217791303446655e-08
6076.51,1.0600248911720253e-08
6076.52,1.1020972864775732e-08
6076.53,1.1480955566206164e-08
6076.54,1.1980181164604776e-08
6076.55,1.251836191451517e-08
6076.56,1.3095838609769179e-08
6076.57,1.3714253197477269e-08
6076.58,1.4377218720359263e-08
6076.59,1.5090510891367937e-08
6076.6,1.5862236004050134e-08
6076.61,1.6702333337179454e-08
6076.62,1.7621636582038134e-08
6076.63,1.8631633925124425e-08
6076.64,1.9743836988782834e-08
6076.65,2.0970027835239903e-08
6076.66,2.2321375057184527e-08
6076.67,2.3808673520699575e-08
6076.68,2.5443283216624242e-08
6076.69,2.72404732211076e-08
6076.7,2.922441021469964e-08
6076.71,3.1430599818507624e-08
6076.72,3.390480950416204e-08
6076.73,3.6700587952301e-08
6076.74,3.987919426276133e-08
6076.75,4.3512045962577907e-08
6076.76,4.7685099607023166e-08
6076.77,5.250365800402333e-08
6076.78,5.809907810921557e-08
6076.79,6.463666307171144e-08
6076.8,7.23277728862546e-08
6076.81,8.144180888371902e-08
6076.82,9.232728844017829e-08
6076.83,1.0542373077770104e-07
6076.84,1.212716092951587e-07
6076.85,1.405146079969904e-07
6076.86,1.6384754533853412e-07
6076.87,1.9188019398591917e-07
6076.88,2.248375760508368e-07
6076.89,2.6205758183849715e-07
6076.9,3.0140943387812335e-07
6076.91,3.390630260589352e-07
6076.92,3.701612408573851e-07
6076.93,3.9046972848219976e-07
6076.94,3.982071370964923e-07
6076.95,3.9502807652979197e-07
6076.96,3.8552167591054175e-07
6076.97,3.753504042764076e-07
6076.98,3.6907639191488717e-07
6076.99,3.6878960411815967e-07
6077.0,3.7383712659309577e-07
6077.01,3.813497984431671e-07
6077.02,3.872570137014579e-07
6077.03,3.8749073566322643e-07
6077.04,3.790346217875189e-07
6077.05,3.606721671300984e-07
6077.06,3.3334785207952066e-07
6077.07,2.9991479503500006e-07
6077.08,2.6409558724849275e-07
6077.09,2.292258794219529e-07
6077.1,1.9748288932156427e-07
6077.11,1.6982569894468983e-07
6077.12,1.463476405025782e-07
6077.13,1.2668319304843986e-07
6077.14,1.1029581668093831e-07
6077.15,9.663894616008173e-08
6077.16,8.522126162504474e-08
6077.17,7.562532670188894e-08
6077.18,6.751418998781063e-08
6077.19,6.061275195427188e-08
6077.2,5.470215414815784e-08
6077.21,4.960838992720591e-08
6077.22,4.5191909478944714e-08
6077.23,4.134085937135903e-08
6077.24,3.796519318739729e-08
6077.25,3.4991618607963355e-08
6077.26,3.2360218131625866e-08
6077.27,3.002164292209212e-08
6077.28,2.7934865641362543e-08
6077.29,2.6065699307030617e-08
6077.3,2.4385588510039425e-08
6077.31,2.287053097279829e-08
6077.32,2.1499855510613253e-08
6077.33,2.025483137119296e-08
6077.34,1.91175282439268e-08
6077.35,1.8070902469395995e-08
6077.36,1.7100397987684533e-08
6077.37,1.61958689018175e-08
6077.38,1.535176513009032e-08
6077.39,1.4565304716548977e-08
6077.4,1.3834380646303067e-08
6077.41,1.3156430750493383e-08
6077.42,1.252806891507186e-08
6077.43,1.1946047104425509e-08
6077.44,1.1406438203451713e-08
6077.45,1.090564255111802e-08
6077.46,1.0440366427806478e-08
6077.47,1.000770085154444e-08
6077.48,9.605149719445265e-09
6077.49,9.23053610669524e-09
6077.5,8.881845422444788e-09
6077.51,8.557143869323166e-09
6077.52,8.254027170049316e-09
6077.53,7.969446993830697e-09
6077.54,7.69969534676851e-09
6077.55,7.441266142752386e-09
6077.56,7.192109722400955e-09
6077.57,6.95233953687882e-09
6077.58,6.723589323879995e-09
6077.59,6.507344385445092e-09
6077.6,6.304152373517798e-09
6077.61,6.113550087561036e-09
6077.62,5.934357737283636e-09
6077.63,5.765115249143425e-09
6077.64,5.604086630246029e-09
6077.65,5.4491391911168936e-09
6077.66,5.29812738736402e-09
6077.67,5.149831652160421e-09
6077.68,5.00497134561944e-09
6077.69,4.865987214300862e-09
6077.7,4.735738445879779e-09
6077.71,4.616454408763541e-09
6077.72,4.509366199376112e-09
6077.73,4.415003292367821e-09
6077.74,4.333243357677986e-09
6077.75,4.263145050732367e-09
6077.76,4.202347143212043e-09
6077.77,4.146722345720094e-09
6077.78,4.091166178736757e-09
6077.79,4.031823180930808e-09
6077.8,3.968251855821468e-09
6077.81,3.9029134588677624e-09
6077.82,3.838017298834912e-09
6077.83,3.772224827240947e-09
6077.84,3.6989829259446784e-09
6077.85,3.6162355865327007e-09
6077.86,3.5206837133076885e-09
6077.87,3.4155664905839712e-09
6077.88,3.306800147406209e-09
6077.89,3.199870138158822e-09
6077.9,3.098474529817065e-09
6077.91,3.0047070401230585e-09
6077.92,2.9196315269681744e-09
6077.93,2.8436240258545824e-09
6077.94,2.7766239442672077e-09
6077.95,2.7183350709890538e-09
6077.96,2.668475605352583e-09
6077.97,2.6267732338726228e-09
6077.98,2.5930713601896815e-09
6077.99,2.5670027678953585e-09
6078.0,2.5478481231601566e-09
6078.01,2.5352563366702076e-09
6078.02,2.529226904182861e-09
6078.03,2.5310996176325595e-09
6078.04,2.542887013377609e-09
6078.05,2.565496644319555e-09
6078.06,2.5967021287624424e-09
6078.07,2.6297384344052313e-09
6078.08,2.6542709138285504e-09
6078.09,2.659868200348733e-09
6078.1,2.643275580490497e-09
6078.11,2.6066932393773247e-09
6078.12,2.5570320653104428e-09
6078.13,2.5011380921899055e-09
6078.14,2.443614041641113e-09
6078.15,2.3862687730962313e-09
6078.16,2.3278937315609483e-09
6078.17,2.2651834996789233e-09
6078.18,2.1967074451324987e-09
6078.19,2.125625486870365e-09
6078.2,2.056835366300219e-09
6078.21,1.9941703418807964e-09
6078.22,1.93803981736883e-09
6078.23,1.8862816159250924e-09
6078.24,1.836300618815341e-09
6078.25,1.7865419257722698e-09
6078.26,1.7374213214775012e-09
6078.27,1.69079873877326e-09
6078.28,1.6481395968152646e-09
6078.29,1.6102240342885074e-09
6078.3,1.5766498272877565e-09
6078.31,1.5461595470344395e-09
6078.32,1.5173000883705836e-09
6078.33,1.4889989007491855e-09
6078.34,1.460836890172089e-09
6078.35,1.4327967028302562e-09
6078.36,1.4048327692105675e-09
6078.37,1.3767611680186317e-09
6078.38,1.3484503648522053e-09
6078.39,1.3203894027190753e-09
6078.4,1.2931830017960428e-09
6078.41,1.267550961496698e-09
6078.42,1.243993764915209e-09
6078.43,1.2227218772747253e-09
6078.44,1.2037166086889713e-09
6078.45,1.1868301515817436e-09
6078.46,1.1720876875100078e-09
6078.47,1.1589430265971229e-09
6078.48,1.147546687397505e-09
6078.49,1.1380341997962827e-09
6078.5,1.1305839458179438e-09
6078.51,1.1253481050722832e-09
6078.52,1.1222009391126163e-09
6078.53,1.1209743460854604e-09
6078.54,1.1212535549025203e-09
6078.55,1.1226844286589775e-09
6078.56,1.1251429596781792e-09
6078.57,1.1286418577966127e-09
6078.58,1.1332113733848857e-09
6078.59,1.1387948806708315e-09
6078.6,1.1453396250265469e-09
6078.61,1.1530291852084304e-09
6078.62,1.1618981878295617e-09
6078.63,1.171450150246745e-09
6078.64,1.1804959284092705e-09
6078.65,1.1874483326590687e-09
6078.66,1.1912095789392433e-09
6078.67,1.1903675739225385e-09
6078.68,1.1826057209161338e-09
6078.69,1.1658195400873414e-09
6078.7,1.1395573489267275e-09
6078.71,1.1064657942982073e-09
6078.72,1.0711267543713261e-09
6078.73,1.0377110052490543e-09
6078.74,1.0085111541912853e-09
6078.75,9.842987481153412e-10
6078.76,9.6474808179064e-10
6078.77,9.493166836146487e-10
6078.78,9.373770189879206e-10
6078.79,9.282444090001691e-10
6078.8,9.213067847550223e-10
6078.81,9.1628987478354e-10
6078.82,9.130672307536008e-10
6078.83,9.112702298220653e-10
6078.84,9.095995729441087e-10
6078.85,9.064227804942704e-10
6078.86,8.998497674163958e-10
6078.87,8.893529590402801e-10
6078.88,8.76059392895882e-10
6078.89,8.622244810132525e-10
6078.9,8.5010079280672e-10
6078.91,8.412818187434004e-10
6078.92,8.364846745040126e-10
6078.93,8.357165513242213e-10
6078.94,8.38552295893562e-10
6078.95,8.446521487445397e-10
6078.96,8.540692534775572e-10
6078.97,8.677287518849289e-10
6078.98,8.868669575145579e-10
6078.99,9.126145628999293e-10
6079.0,9.450404780665749e-10
6079.01,9.834212206106189e-10
6079.02,1.0253385286674676e-09
6079.03,1.0665282107703445e-09
6079.04,1.1011510221903286e-09
6079.05,1.1231295001508708e-09
6079.06,1.1272166927069594e-09
6079.07,1.117826670292468e-09
6079.08,1.0979868831958528e-09
6079.09,1.0741993783617541e-09
6079.1,1.051216420275638e-09
6079.11,1.030301344165109e-09
6079.12,1.0104995468055119e-09
6079.13,9.903852404854723e-10
6079.14,9.697035210128831e-10
6079.15,9.49242844635245e-10
6079.16,9.301146609326577e-10
6079.17,9.141124591883873e-10
6079.18,9.024785739594605e-10
6079.19,8.963010327381361e-10
6079.2,8.95711044471907e-10
6079.21,9.00279103767454e-10
6079.22,9.093380463825486e-10
6079.23,9.227663260455998e-10
6079.24,9.411940141054765e-10
6079.25,9.64460494812216e-10
6079.26,9.910232070483433e-10
6079.27,1.0166245908863012e-09
6079.28,1.0351994418084065e-09
6079.29,1.04116595826157e-09
6079.3,1.032565361371894e-09
6079.31,1.0116339965885289e-09
6079.32,9.832271326448026e-10
6079.33,9.51807411341494e-10
6079.34,9.198805958353771e-10
6079.35,8.883696946968971e-10
6079.36,8.580346576199009e-10
6079.37,8.301242185507732e-10
6079.38,8.062611608316836e-10
6079.39,7.874264171335289e-10
6079.4,7.74454750050864e-10
6079.41,7.667240577132246e-10
6079.42,7.627348680030731e-10
6079.43,7.603554344000766e-10
6079.44,7.574609973669899e-10
6079.45,7.523923426488485e-10
6079.46,7.442340111340393e-10
6079.47,7.323990369744326e-10
6079.48,7.165599981383771e-10
6079.49,6.969826055868842e-10
6079.5,6.746630095339564e-10
6079.51,6.513255766789768e-10
6079.52,6.289327372792261e-10
6079.53,6.090322054531273e-10
6079.54,5.923784893141034e-10
6079.55,5.784929534823561e-10
6079.56,5.664915574453559e-10
6079.57,5.55326750160719e-10
6079.58,5.170582818999073e-10
6079.59,5.068650129301445e-10
6079.6,4.977434295391091e-10
6079.61,4.902616316683406e-10
6079.62,4.844396613195717e-10
6079.63,4.802202211152674e-10
6079.64,4.774196752667037e-10
6079.65,4.761012915129026e-10
6079.66,4.765876992528122e-10
6079.67,4.793261030728426e-10
6079.68,4.846609655899552e-10
6079.69,4.926984191645733e-10
6079.7,5.029785196810266e-10
6079.71,5.151743136614189e-10
6079.72,5.287221335139225e-10
6079.73,5.43623867164287e-10
6079.74,4.954875386687173e-10
6079.75,5.154419409689846e-10
6079.76,5.394354191819051e-10
6079.77,5.689028716894433e-10
6079.78,6.052554114799218e-10
6079.79,6.493463492189363e-10
6079.8,7.010325008323108e-10
6079.81,7.587880070786073e-10
6079.82,8.198388739266506e-10
6079.83,8.806284720335452e-10
6079.84,9.366886852538762e-10
6079.85,9.820249406457666e-10
6079.86,1.008483236187377e-09
6079.87,1.0081683909765836e-09
6079.88,9.779487233713454e-10
6079.89,9.22326360275796e-10
6079.9,8.515721559589898e-10
6079.91,7.76766664596603e-10
6079.92,7.067807757882826e-10
6079.93,6.456575111011518e-10
6079.94,5.577169988724885e-10
6079.95,5.162937489896498e-10
6079.96,4.461570221817002e-10
6079.97,4.1779843145867964e-10
6079.98,3.9363511067168625e-10
6079.99,3.73273253956416e-10
6080.0,3.56740548305562e-10
6080.01,3.4410074120814094e-10
6080.02,3.3471755832317084e-10
6080.03,3.2835398263737595e-10
6080.04,3.2380645911818394e-10
6080.05,3.200511386743537e-10
6080.06,3.160229184913569e-10
6080.07,2.513704578146752e-10
6080.08,2.442061624813539e-10
6080.09,2.3479116287078943e-10
6080.1,2.2370513799881224e-10
6080.11,2.1195628686874137e-10
6080.12,2.003664386118293e-10
6080.13,1.8952617168478195e-10
6080.14,1.7968026850932883e-10
6080.15,1.7129006744327374e-10
6080.16,1.3057410359943142e-10
6080.17,1.2553274644478474e-10
6080.18,1.219323689749002e-10
6080.19,1.1948204552562333e-10
6080.2,1.1787970786815118e-10
6080.21,1.16874680344209e-10
6080.22,1.1638891279242635e-10
6080.23,1.16498705834511e-10
6080.24,1.1729623528976305e-10
6080.25,1.187921302628097e-10
6080.26,1.210121180883825e-10
6080.27,1.238771673809068e-10
6080.28,1.2715865019386018e-10
6080.29,1.3048508240757293e-10
6080.3,1.3353202541382107e-10
6080.31,1.3633903122536366e-10
6080.32,1.391566129497977e-10
6080.33,1.4247720058074052e-10
6080.34,1.4677893675828876e-10
6080.35,1.5240934334043053e-10
6080.36,1.596425869300888e-10
6080.37,1.687851816246064e-10
6080.38,1.8036639374785854e-10
6080.39,1.947391493328537e-10
6080.4,2.122363395564185e-10
6080.41,2.325759781943661e-10
6080.42,2.5466942329236543e-10
6080.43,2.765217585741253e-10
6080.44,2.9547928441103646e-10
6080.45,3.0895995295107723e-10
6080.46,3.154508907739537e-10
6080.47,3.149607757325709e-10
6080.48,3.089957906075502e-10
6080.49,2.995755139009991e-10
6080.5,2.8874393102427925e-10
6080.51,2.7786856077184134e-10
6080.52,2.6737120908981966e-10
6080.53,2.572839805878174e-10
6080.54,2.477325866666451e-10
6080.55,2.3796883867197575e-10
6080.56,2.2827143006601988e-10
6080.57,2.187399245633954e-10
6080.58,2.096355762824999e-10
6080.59,2.0116495930286552e-10
6080.6,1.9345815406855335e-10
6080.61,1.8673024569466206e-10
6080.62,1.80060173257871e-10
6080.63,1.737182496374007e-10
6080.64,1.6782431211673351e-10
6080.65,1.6274694560824102e-10
6080.66,1.588386494805454e-10
6080.67,1.563072873282419e-10
6080.68,1.551068514106846e-10
6080.69,1.5543650633602004e-10
6080.7,1.5725106115097508e-10
6080.71,1.6065567792853908e-10
6080.72,1.6575797167813947e-10
6080.73,1.725671285680167e-10
6080.74,1.8087277660303655e-10
6080.75,1.9017214198029502e-10
6080.76,1.9970498470605648e-10
6080.77,2.0876040563126183e-10
6080.78,2.1690669575728322e-10
6080.79,2.2391556735232189e-10
6080.8,2.2986355501756103e-10
6080.81,2.348218714423964e-10
6080.82,2.3873235445214014e-10
6080.83,2.4134028134983166e-10
6080.84,2.430961307789766e-10
6080.85,2.4437133439977527e-10
6080.86,2.461290177836108e-10
6080.87,2.496238530174627e-10
6080.88,2.552900027422839e-10
6080.89,2.636597402144207e-10
6080.9,2.7442728713923863e-10
6080.91,2.8684276077230246e-10
6080.92,3.0007475821086235e-10
6080.93,3.1358977023258174e-10
6080.94,3.274241454909545e-10
6080.95,3.424638813580174e-10
6080.96,3.603926630123805e-10
6080.97,3.8344168708090035e-10
6080.98,4.1381299944699617e-10
6080.99,4.5350362860788266e-10
6081.0,5.035986194548371e-10
6081.01,5.657712007552563e-10
6081.02,6.401129151237269e-10
6081.03,7.248409623730648e-10
6081.04,8.136254386059717e-10
6081.05,8.951757708383312e-10
6081.06,9.55822136713591e-10
6081.07,9.849241390575644e-10
6081.08,9.791116557980305e-10
6081.09,9.423042563889835e-10
6081.1,8.827722821865506e-10
6081.11,8.102536105428801e-10
6081.12,7.338330066645258e-10
6081.13,6.603358501778097e-10
6081.14,5.93936692423757e-10
6081.15,5.364064764562843e-10
6081.16,4.882288107359052e-10
6081.17,4.4912236204541966e-10
6081.18,4.186063880592402e-10
6081.19,3.9627226380669676e-10
6081.2,3.819514427748133e-10
6081.21,3.756794264119311e-10
6081.22,3.7762950239395516e-10
6081.23,3.8792865522080643e-10
6081.24,4.0608405838306994e-10
6081.25,4.30299642016087e-10
6081.26,4.5688882378790407e-10
6081.27,4.808218909321007e-10
6081.28,4.979332199357544e-10
6081.29,5.072832047295639e-10
6081.3,5.111355283166845e-10
6081.31,5.118598463721546e-10
6081.32,5.100262171356592e-10
6081.33,5.042620552137654e-10
6081.34,4.918522798666881e-10
6081.35,4.726031060922518e-10
6081.36,4.480412018835644e-10
6081.37,4.204346009436225e-10
6081.38,3.9202772015962716e-10
6081.39,3.6413607443879904e-10
6081.4,3.3755127595483043e-10
6081.41,3.1302554571228327e-10
6081.42,2.9138685863883934e-10
6081.43,2.734047403091394e-10
6081.44,2.5961616451500426e-10
6081.45,2.5029351312464705e-10
6081.46,2.4541624975518164e-10
6081.47,2.449874589333953e-10
6081.48,2.4904611960494905e-10
6081.49,2.576848801452404e-10
6081.5,2.7099213435717903e-10
6081.51,2.8909780496824444e-10
6081.52,3.1202526230006765e-10
6081.53,3.3968821118602886e-10
6081.54,3.715655939758033e-10
6081.55,4.0626274307041575e-10
6081.56,4.417542874584784e-10
6081.57,4.755932506711823e-10
6081.58,5.050609815096634e-10
6081.59,5.267317873902752e-10
6081.6,5.372940713781767e-10
6081.61,5.359341140973213e-10
6081.62,5.253925133842689e-10
6081.63,5.100600769226008e-10
6081.64,4.927216826146409e-10
6081.65,4.744456678372797e-10
6081.66,4.562581095848902e-10
6081.67,4.4061147342823544e-10
6081.68,4.3096370853337777e-10
6081.69,4.3039896428544817e-10
6081.7,4.4116725136828126e-10
6081.71,4.645403501050455e-10
6081.72,5.011242548056133e-10
6081.73,5.507656588149902e-10
6081.74,6.11762007437837e-10
6081.75,6.795045547880956e-10
6081.76,7.451243593565125e-10
6081.77,7.963278030819817e-10
6081.78,8.213904260689522e-10
6081.79,8.15193385771217e-10
6081.8,7.813288588400095e-10
6081.81,7.28661332889702e-10
6081.82,6.668802911456003e-10
6081.83,6.041171085463961e-10
6081.84,5.463142370409297e-10
6081.85,4.971955440578085e-10
6081.86,4.5816195321145397e-10
6081.87,4.2881818437110156e-10
6081.88,4.0774802215333485e-10
6081.89,3.9322729847328485e-10
6081.9,3.8363462505340405e-10
6081.91,3.773865494167271e-10
6081.92,3.7317724503965093e-10
6081.93,3.699211321524011e-10
6081.94,3.6688051605736843e-10
6081.95,3.634539869996789e-10
6081.96,3.5940985528705093e-10
6081.97,3.547278269975613e-10
6081.98,3.496277384680824e-10
6081.99,3.4444009352000417e-10
6082.0,3.3922484959291846e-10
6082.01,3.3368669245369966e-10
6082.02,3.272838873346025e-10
6082.03,3.198866023483368e-10
6082.04,3.1196502972317754e-10
6082.05,3.0695994399691613e-10
6082.06,3.0279336877279625e-10
6082.07,3.031357062917864e-10
6082.08,3.090809363312556e-10
6082.09,3.2114523629516765e-10
6082.1,3.3940335436838514e-10
6082.11,3.63529886277739e-10
6082.12,3.924198806077772e-10
6082.13,4.2353652496672624e-10
6082.14,4.5262781688620543e-10
6082.15,4.766726292433055e-10
6082.16,4.908029083690101e-10
6082.17,4.982705811673339e-10
6082.18,5.031097846476373e-10
6082.19,5.083355694539109e-10
6082.2,5.137687627595584e-10
6082.21,5.161863232459316e-10
6082.22,5.114645388446006e-10
6082.23,4.973167301424718e-10
6082.24,4.746377321861828e-10
6082.25,4.46125476751968e-10
6082.26,4.145892087272371e-10
6082.27,3.819743460795684e-10
6082.28,3.4988650809861714e-10
6082.29,3.1981055178831085e-10
6082.3,2.930629837632297e-10
6082.31,2.7056044663914375e-10
6082.32,2.52827401807285e-10
6082.33,2.399829070919393e-10
6082.34,2.318510350331793e-10
6082.35,2.2807865275069197e-10
6082.36,2.2805143509072048e-10
6082.37,2.3167025676207742e-10
6082.38,2.3851766526592813e-10
6082.39,2.486810073084769e-10
6082.4,2.6211271275997007e-10
6082.41,2.7827481305368456e-10
6082.42,2.954206349456844e-10
6082.43,3.1069452205809993e-10
6082.44,3.210642647842932e-10
6082.45,3.24674061273405e-10
6082.46,3.215837126580834e-10
6082.47,3.12903431251824e-10
6082.48,3.0007334307523415e-10
6082.49,2.8435808621194e-10
6082.5,2.6741646459476785e-10
6082.51,2.507285316227125e-10
6082.52,2.358460499180875e-10
6082.53,2.2385457514391973e-10
6082.54,2.1534152273835557e-10
6082.55,2.1042234133721668e-10
6082.56,2.0872685651195e-10
6082.57,2.094121423237612e-10
6082.58,2.1123884039883872e-10
6082.59,2.1290929263722326e-10
6082.6,2.1353217557220811e-10
6082.61,2.1290619189480756e-10
6082.62,2.1135789232279747e-10
6082.63,2.0937845875485872e-10
6082.64,2.0720500581610873e-10
6082.65,2.0498891786143907e-10
6082.66,2.0313574222747986e-10
6082.67,2.0216452913317962e-10
6082.68,2.0258056966264462e-10
6082.69,2.0449294549051415e-10
6082.7,2.0735629827632996e-10
6082.71,2.1051722266361583e-10
6082.72,2.136639633464303e-10
6082.73,2.1695534628000814e-10
6082.74,2.2088835017025465e-10
6082.75,2.258310203376607e-10
6082.76,2.3164660134281572e-10
6082.77,2.3755097261507345e-10
6082.78,2.4297654881677455e-10
6082.79,2.47256223883119e-10
6082.8,2.5051321617298677e-10
6082.81,2.5383928304450537e-10
6082.82,2.5825695117274344e-10
6082.83,2.644049937281975e-10
6082.84,2.721310378161395e-10
6082.85,2.8058144890417865e-10
6082.86,2.885767426502404e-10
6082.87,2.9526909055468724e-10
6082.88,3.0043785598500223e-10
6082.89,3.04578000033989e-10
6082.9,3.084460373542923e-10
6082.91,3.1223794969941023e-10
6082.92,3.150602206390337e-10
6082.93,3.1516785740662587e-10
6082.94,3.1089598523749067e-10
6082.95,3.016770287005496e-10
6082.96,2.8831037517045067e-10
6082.97,2.7256635904083516e-10
6082.98,2.565529477245677e-10
6082.99,2.419382251132199e-10
6083.0,2.298003860323157e-10
6083.01,2.205943571910205e-10
6083.02,2.1437687425072163e-10
6083.03,2.1099289491701133e-10
6083.04,2.1020115191263936e-10
6083.05,2.1173271804514985e-10
6083.06,2.1532114787205615e-10
6083.07,2.2071823580856565e-10
6083.08,2.2772511427662898e-10
6083.09,2.361981255103438e-10
6083.1,2.460582992489598e-10
6083.11,2.5736716655656376e-10
6083.12,2.7036438109288116e-10
6083.13,2.855981699509646e-10
6083.14,3.0393113733473707e-10
6083.15,3.2611295557611657e-10
6083.16,3.530470547179618e-10
6083.17,3.8539750711828737e-10
6083.18,4.23519440213483e-10
6083.19,4.669120958321491e-10
6083.2,5.141223611897097e-10
6083.21,5.626298106474057e-10
6083.22,6.097512148018759e-10
6083.23,6.544749419569414e-10
6083.24,6.988299899887809e-10
6083.25,7.475863870511614e-10
6083.26,8.06840720438382e-10
6083.27,8.820357827350457e-10
6083.28,9.771811557679973e-10
6083.29,1.0947527461490766e-09
6083.3,1.2340954155841494e-09
6083.31,1.3902814134563148e-09
6083.32,1.551644612020696e-09
6083.33,1.6988441351876987e-09
6083.34,1.8074894293667834e-09
6083.35,1.855820167664541e-09
6083.36,1.834355261109097e-09
6083.37,1.7502834659298802e-09
6083.38,1.623754037847921e-09
6083.39,1.478192280825111e-09
6083.4,1.3324125593053465e-09
6083.41,1.1976820831304982e-09
6083.42,1.0785891834333713e-09
6083.43,9.755956040163222e-10
6083.44,8.875657499866414e-10
6083.45,8.132455664513939e-10
6083.46,7.517934298358317e-10
6083.47,7.027906791917587e-10
6083.48,6.65786832884248e-10
6083.49,6.403721531500081e-10
6083.5,6.261127090095927e-10
6083.51,6.228044813966997e-10
6083.52,6.304944699652749e-10
6083.53,6.495847885667799e-10
6083.54,6.808934321326315e-10
6083.55,7.255412453941595e-10
6083.56,7.847844201136029e-10
6083.57,8.595788053301748e-10
6083.58,9.497968099776583e-10
6083.59,1.0530435538359943e-09
6083.6,1.1633202791782005e-09
6083.61,1.2701874079290983e-09
6083.62,1.3602918581760273e-09
6083.63,1.4217535645332082e-09
6083.64,1.4502028340182997e-09
6083.65,1.4516029923659362e-09
6083.66,1.4389074295176628e-09
6083.67,1.4560091067460845e-09
6083.68,1.447340076600982e-09
6083.69,1.4421041231486214e-09
6083.7,1.4329736528739363e-09
6083.71,1.4120715518923981e-09
6083.72,1.4065448032523156e-09
6083.73,1.3616681777919452e-09
6083.74,1.3166534053270823e-09
6083.75,1.2823288343104456e-09
6083.76,1.2677477486752475e-09
6083.77,1.278593941363715e-09
6083.78,1.3169803104543077e-09
6083.79,1.38084697742638e-09
6083.8,1.4628661519596204e-09
6083.81,1.549448837125471e-09
6083.82,1.6219647054917105e-09
6083.83,1.6611101026921578e-09
6083.84,1.6539706473308375e-09
6083.85,1.5989938607098855e-09
6083.86,1.5062568363221316e-09
6083.87,1.3935296607442514e-09
6083.88,1.2795671362681387e-09
6083.89,1.1783005223535745e-09
6083.9,1.1281444596178118e-09
6083.91,1.0701735432134948e-09
6083.92,1.0338649258362082e-09
6083.93,1.0164537568038082e-09
6083.94,1.0131730700121738e-09
6083.95,1.05190108628574e-09
6083.96,1.0543851108113807e-09
6083.97,1.0457691779564224e-09
6083.98,1.0197109607694202e-09
6083.99,9.755483684668464e-10
6084.0,9.182494941734114e-10
6084.01,8.554749992219048e-10
6084.02,7.942040868218369e-10
6084.03,7.390310622112418e-10
6084.04,6.921290155249297e-10
6084.05,6.539637498402744e-10
6084.06,6.240127321841704e-10
6084.07,6.587753649046255e-10
6084.08,6.438363866474815e-10
6084.09,6.366970859661297e-10
6084.1,6.33893763567189e-10
6084.11,6.36753504160722e-10
6084.12,6.45306352560147e-10
6084.13,6.597417659055649e-10
6084.14,6.80425124915121e-10
6084.15,7.07827674949453e-10
6084.16,7.425083829411429e-10
6084.17,7.850832847783294e-10
6084.18,8.362687185223154e-10
6084.19,8.968773685509967e-10
6084.2,9.67812130826418e-10
6084.21,1.0502785773224258e-09
6084.22,1.1456641760647457e-09
6084.23,1.254490309081663e-09
6084.24,1.3747454958390946e-09
6084.25,1.4995505449288787e-09
6084.26,1.6163852551313016e-09
6084.27,1.7103252990371169e-09
6084.28,1.7702910989797023e-09
6084.29,1.7935178912237804e-09
6084.3,1.7844057870451947e-09
6084.31,1.7485885894345925e-09
6084.32,1.6890452360543977e-09
6084.33,1.6074689413877843e-09
6084.34,1.5080630877665418e-09
6084.35,1.3989407410062333e-09
6084.36,1.289757820953726e-09
6084.37,1.188239643650637e-09
6084.38,1.0984018136892206e-09
6084.39,1.020792780666952e-09
6084.4,9.541575530638073e-10
6084.41,8.966088837487818e-10
6084.42,8.46469193615538e-10
6084.43,8.026343772108364e-10
6084.44,7.645047364567336e-10
6084.45,7.575905922227781e-10
6084.46,7.303997660769773e-10
6084.47,7.082571172526219e-10
6084.48,6.909061596417787e-10
6084.49,6.780779391827709e-10
6084.5,6.694866830867092e-10
6084.51,6.645777724743915e-10
6084.52,6.62683235757086e-10
6084.53,6.625999843101287e-10
6084.54,6.633904168676177e-10
6084.55,6.638794158323734e-10
6084.56,6.635553506487837e-10
6084.57,6.628133153626206e-10
6084.58,6.623348296576444e-10
6084.59,6.629546874076531e-10
6084.6,6.653473609724315e-10
6084.61,6.699402988505391e-10
6084.62,6.770456588884131e-10
6084.63,6.868863677416786e-10
6084.64,6.99624364481712e-10
6084.65,7.153675969517208e-10
6084.66,7.340108851867438e-10
6084.67,7.551793358223311e-10
6084.68,7.781664659320565e-10
6084.69,8.020594265436331e-10
6084.7,8.261942383733102e-10
6084.71,8.506972387750462e-10
6084.72,8.765443040850652e-10
6084.73,9.048324505429856e-10
6084.74,9.35711633107033e-10
6084.75,9.67643614563754e-10
6084.76,9.97647275332095e-10
6084.77,1.0225113809360266e-09
6084.78,1.0404645320631626e-09
6084.79,1.0522048188785438e-09
6084.8,1.0603517534392864e-09
6084.81,1.0680993248961465e-09
6084.82,1.077811758568228e-09
6084.83,1.0906921456268034e-09
6084.84,1.1071686035729982e-09
6084.85,1.1276605268254794e-09
6084.86,1.1523684619859804e-09
6084.87,1.180865632277275e-09
6084.88,1.2109294920826657e-09
6084.89,1.239317328209194e-09
6084.9,1.2630961154434574e-09
6084.91,1.2808870969167831e-09
6084.92,1.2935672724997522e-09
6084.93,1.3039603754484794e-09
6084.94,1.3159968897440587e-09
6084.95,1.3333137101809346e-09
6084.96,1.35864870019039e-09
6084.97,1.3938047750133182e-09
6084.98,1.439923807909524e-09
6084.99,1.497927578499793e-09
6085.0,1.5686031518375014e-09
6085.01,1.6529570126345923e-09
6085.02,1.7526708265722418e-09
6085.03,1.870638164244901e-09
6085.04,2.0111140837968985e-09
6085.05,2.17956399373472e-09
6085.06,2.382175740045778e-09
6085.07,2.6256256840162745e-09
6085.08,2.9161755849254245e-09
6085.09,3.2584930256931183e-09
6085.1,3.6539635605305927e-09
6085.11,4.098618066538555e-09
6085.12,4.5792468275816296e-09
6085.13,5.068012125913453e-09
6085.14,5.520661215623483e-09
6085.15,5.887270122488305e-09
6085.16,6.136297596729008e-09
6085.17,6.275587842994797e-09
6085.18,6.351009025166063e-09
6085.19,6.4216852346215975e-09
6085.2,6.529659278465129e-09
6085.21,6.6801404080856485e-09
6085.22,6.8369480065718485e-09
6085.23,6.9335774519150914e-09
6085.24,6.8988012827676646e-09
6085.25,6.689770749682391e-09
6085.26,6.312792741753703e-09
6085.27,5.8174189585846e-09
6085.28,5.270315226718697e-09
6085.29,4.729584400074008e-09
6085.3,4.232337265176815e-09
6085.31,3.796157649264221e-09
6085.32,3.4247911680538415e-09
6085.33,3.114251668458305e-09
6085.34,2.8571828494696837e-09
6085.35,2.645289535800728e-09
6085.36,2.4707892132940606e-09
6085.37,2.327062387375686e-09
6085.38,2.2085029904470864e-09
6085.39,2.110638882469373e-09
6085.4,2.029710790258857e-09
6085.41,1.962831469032781e-09
6085.42,1.9079167418894738e-09
6085.43,1.8638216563169885e-09
6085.44,1.8301285033397377e-09
6085.45,1.8068394077675832e-09
6085.46,1.7940625150549503e-09
6085.47,1.7918385053160967e-09
6085.48,1.8000547683212096e-09
6085.49,1.8182885817003351e-09
6085.5,1.8455511745765973e-09
6085.51,1.879885688133059e-09
6085.52,1.917988316716827e-09
6085.53,1.9551363721334585e-09
6085.54,1.985495746845509e-09
6085.55,2.0030742921915522e-09
6085.56,2.0037424473625333e-09
6085.57,1.9870775889020372e-09
6085.58,1.9570082496863516e-09
6085.59,1.9202650020346258e-09
6085.6,1.8835785033362545e-09
6085.61,1.8517244590477235e-09
6085.62,1.827079653114535e-09
6085.63,1.810220917429234e-09
6085.64,1.800701915462588e-09
6085.65,1.7976717360714944e-09
6085.66,1.8003293866342407e-09
6085.67,1.8078811885178862e-09
6085.68,1.8198036963641415e-09
6085.69,1.835564002770317e-09
6085.7,1.854782862082865e-09
6085.71,1.8771215855388186e-09
6085.72,1.902423429612376e-09
6085.73,1.930498545244127e-09
6085.74,1.961433227637985e-09
6085.75,1.9952892661804e-09
6085.76,2.032288292130187e-09
6085.77,2.0727187023342386e-09
6085.78,2.1169294059408007e-09
6085.79,2.1652798020071233e-09
6085.8,2.2181747888346415e-09
6085.81,2.27600841816158e-09
6085.82,2.3391234486866505e-09
6085.83,2.4077125569984126e-09
6085.84,2.4818434730242395e-09
6085.85,2.5612295045972338e-09
6085.86,2.645006333338877e-09
6085.87,2.7317415170369705e-09
6085.88,2.8197413570947017e-09
6085.89,2.90785465113197e-09
6085.9,2.996362887863563e-09
6085.91,3.0869423582309227e-09
6085.92,3.1814952609658204e-09
6085.93,3.2806199739036364e-09
6085.94,3.3829834344313377e-09
6085.95,3.48581653710153e-09
6085.96,3.586146210577814e-09
6085.97,3.681716478686157e-09
6085.98,3.7705818251256196e-09
6085.99,3.850847183693801e-09
6086.0,3.921987520599293e-09
6086.01,3.986426459230443e-09
6086.02,4.049209874167191e-09
6086.03,4.115723706551469e-09
6086.04,4.1894812927178955e-09
6086.05,4.271578073303814e-09
6086.06,4.36191131914383e-09
6086.07,4.460894381707299e-09
6086.08,4.570364027912326e-09
6086.09,4.692892411060808e-09
6086.1,4.830703681987533e-09
6086.11,4.984892953098326e-09
6086.12,5.154367174625952e-09
6086.13,5.335890754995772e-09
6086.14,5.524667192747774e-09
6086.15,5.716022901536318e-09
6086.16,5.907779316368691e-09
6086.17,6.1017013483303936e-09
6086.18,6.302773529037312e-09
6086.19,6.516869188553082e-09
6086.2,6.748309940636344e-09
6086.21,6.998897522763347e-09
6086.22,7.2684124684608706e-09
6086.23,7.556290606872496e-09
6086.24,7.862934197049954e-09
6086.25,8.190043842246044e-09
6086.26,8.539653665718533e-09
6086.27,8.913291690742681e-09
6086.28,9.312478321836673e-09
6086.29,9.740397330097626e-09
6086.3,1.0202753469543267e-08
6086.31,1.0706740414686805e-08
6086.32,1.1259600619489341e-08
6086.33,1.1868052045333863e-08
6086.34,1.2538662054459317e-08
6086.35,1.3278509527387566e-08
6086.36,1.4095786535314371e-08
6086.37,1.500017555690241e-08
6086.38,1.600321339305765e-08
6086.39,1.711862262698688e-08
6086.4,1.8362794580090713e-08
6086.41,1.9755627605443357e-08
6086.42,2.13214957926458e-08
6086.43,2.3090625736236516e-08
6086.44,2.510017369840107e-08
6086.45,2.7395550997023445e-08
6086.46,3.003286297683603e-08
6086.47,3.3083055327986245e-08
6086.48,3.66364425295644e-08
6086.49,4.080864921284482e-08
6086.5,4.574819861371473e-08
6086.51,5.1640582768150395e-08
6086.52,5.8724438287111166e-08
6086.53,6.729219594607097e-08
6086.54,7.769546650834017e-08
6086.55,9.031767842265043e-08
6086.56,1.0549562702247485e-07
6086.57,1.233360238228283e-07
6086.58,1.4339307446795327e-07
6086.59,1.642641465510681e-07
6086.6,1.834282628745156e-07
6086.61,1.9780495297696044e-07
6086.62,2.0512620056657766e-07
6086.63,2.0525760280085537e-07
6086.64,2.0036297358432042e-07
6086.65,1.9381112743857738e-07
6086.66,1.8884022650992256e-07
6086.67,1.878072378733404e-07
6086.68,1.9207387235026992e-07
6086.69,2.0211129537588685e-07
6086.7,2.1745714573469426e-07
6086.71,2.364721795305557e-07
6086.72,2.56252655401326e-07
6086.73,2.7331176383296976e-07
6086.74,2.850544529623343e-07
6086.75,2.909143786419993e-07
6086.76,2.9187268102225914e-07
6086.77,2.888746344704048e-07
6086.78,2.818495759022897e-07
6086.79,2.7021080103714115e-07
6086.8,2.5398229161552857e-07
6086.81,2.3412820885100098e-07
6086.82,2.1196095724043057e-07
6086.83,1.8869060742596105e-07
6086.84,1.6548082275638072e-07
6086.85,1.4347644966651174e-07
6086.86,1.2358114152793505e-07
6086.87,1.0626866822824408e-07
6086.88,9.158853430837304e-08
6086.89,7.932344948417961e-08
6086.9,6.913724979046549e-08
6086.91,6.067859190768924e-08
6086.92,5.362973605258128e-08
6086.93,4.772309931029125e-08
6086.94,4.273851936749432e-08
6086.95,3.8502628189586684e-08
6086.96,3.4876390252432904e-08
6086.97,3.175139858144889e-08
6086.98,2.9042509860596787e-08
6086.99,2.6682418584020566e-08
6087.0,2.46173862386594e-08
6087.01,2.2804296096740548e-08
6087.02,2.120838702983848e-08
6087.03,1.9801529718400796e-08
6087.04,1.8560911360834697e-08
6087.05,1.7468110147473962e-08
6087.06,1.650839443426215e-08
6087.07,1.5670521118797034e-08
6087.08,1.494639536977026e-08
6087.09,1.4331101585134695e-08
6087.1,1.3822278105327502e-08
6087.11,1.3417973499778633e-08
6087.12,1.3115473775100586e-08
6087.13,1.2905085936146327e-08
6087.14,1.276495137595527e-08
6087.15,1.265484170968634e-08
6087.16,1.2516041990814127e-08
6087.17,1.2283840899706802e-08
6087.18,1.1912175762828233e-08
6087.19,1.139571888927505e-08
6087.2,1.0771424152613783e-08
6087.21,1.0097741039598182e-08
6087.22,9.42899542081256e-09
6087.23,8.80087019604375e-09
6087.24,8.229122048192616e-09
6087.25,7.71684881474598e-09
6087.26,7.259403525526784e-09
6087.27,6.850767513181772e-09
6087.28,6.485245859828915e-09
6087.29,6.157968318710169e-09
6087.3,5.864390484509975e-09
6087.31,5.600463878668185e-09
6087.32,5.3624710991712e-09
6087.33,5.146928942390386e-09
6087.34,4.950547312975776e-09
6087.35,4.769898566855484e-09
6087.36,4.601616938630891e-09
6087.37,4.442621205980695e-09
6087.38,4.291271352970372e-09
6087.39,4.147335732926793e-09
6087.4,4.011496486004444e-09
6087.41,3.8848393897256606e-09
6087.42,3.768240114247039e-09
6087.43,3.662080891857747e-09
6087.44,3.566309567708184e-09
6087.45,3.4803897171279125e-09
6087.46,3.4032985755832277e-09
6087.47,3.333083469756996e-09
6087.48,3.2665080415945193e-09
6087.49,3.198849227564752e-09
6087.5,3.1249578666482395e-09
6087.51,3.041553196307645e-09
6087.52,2.949239601410895e-09
6087.53,2.8520827820807583e-09
6087.54,2.7551669049708327e-09
6087.55,2.662350933667917e-09
6087.56,2.5755789165227474e-09
6087.57,2.4953021776316033e-09
6087.58,2.421179820455504e-09
6087.59,2.352564846960209e-09
6087.6,2.288736682029235e-09
6087.61,2.229151214086266e-09
6087.62,2.1732755393397185e-09
6087.63,2.120669227407105e-09
6087.64,2.070982077667537e-09
6087.65,2.024225658666965e-09
6087.66,1.9793498582179953e-09
6087.67,1.936344937076491e-09
6087.68,1.895004348151185e-09
6087.69,1.855114614112512e-09
6087.7,1.8166515795058555e-09
6087.71,1.7795951269749444e-09
6087.72,1.744049601271593e-09
6087.73,1.7101303785032378e-09
6087.74,1.677901872540418e-09
6087.75,1.6474465732257417e-09
6087.76,1.6189426042933463e-09
6087.77,1.592404604734438e-09
6087.78,1.5678925179351333e-09
6087.79,1.5453842016288572e-09
6087.8,1.5249033387591993e-09
6087.81,1.5060557673211467e-09
6087.82,1.4881326761094096e-09
6087.83,1.4702430375240271e-09
6087.84,1.4513580658192343e-09
6087.85,1.431025394228258e-09
6087.86,1.4096593353786722e-09
6087.87,1.3883461448720421e-09
6087.88,1.3684426071450441e-09
6087.89,1.3510872617784686e-09
6087.9,1.3371591105450578e-09
6087.91,1.3273563502402889e-09
6087.92,1.3223731312181088e-09
6087.93,1.322775929231872e-09
6087.94,1.3291820228041111e-09
6087.95,1.3419285629082237e-09
6087.96,1.3604218408944435e-09
6087.97,1.3825756102568136e-09
6087.98,1.4042956800329003e-09
6087.99,1.4197650652613241e-09
6088.0,1.4230405341705331e-09
6088.01,1.410671281083696e-09
6088.02,1.383662085791451e-09
6088.03,1.3468140666750443e-09
6088.04,1.3060008122433673e-09
6088.05,1.2655921251713705e-09
6088.06,1.2278382569278558e-09
6088.07,1.1935253197888331e-09
6088.08,1.1626699106968164e-09
6088.09,1.1350033101412338e-09
6088.1,1.1101827859556714e-09
6088.11,1.0879522322155794e-09
6088.12,1.0680200011483372e-09
6088.13,1.0500526257777335e-09
6088.14,1.0338484609966458e-09
6088.15,1.0192791912799804e-09
6088.16,1.0059079186768941e-09
6088.17,9.9274901326016e-10
6088.18,9.78640347660871e-10
6088.19,9.616635873036632e-10
6088.2,9.450746610316475e-10
6088.21,9.286894583550388e-10
6088.22,9.136974408390917e-10
6088.23,9.006646321720108e-10
6088.24,8.892979886844811e-10
6088.25,8.785727708979679e-10
6088.26,8.671947476504892e-10
6088.27,8.541007055787468e-10
6088.28,8.389486414185555e-10
6088.29,8.221133419659228e-10
6088.3,8.045743394948966e-10
6088.31,7.873550225819122e-10
6088.32,7.71334290317649e-10
6088.33,7.57034266172981e-10
6088.34,7.447317702116951e-10
6088.35,7.344350087690535e-10
6088.36,7.259833382057384e-10
6088.37,7.190746922743254e-10
6088.38,7.133662897258512e-10
6088.39,7.085175841492839e-10
6088.4,7.043219713705654e-10
6088.41,7.005470718785468e-10
6088.42,6.970573856386554e-10
6088.43,6.937302518018744e-10
6088.44,6.906977208181735e-10
6088.45,6.882730834621318e-10
6088.46,6.849848649946359e-10
6088.47,6.854681015867028e-10
6088.48,6.881299054774907e-10
6088.49,6.929081173095939e-10
6088.5,6.994925537089704e-10
6088.51,7.075342079372635e-10
6088.52,7.169236588119654e-10
6088.53,7.279340712937951e-10
6088.54,7.408915485034678e-10
6088.55,7.55888021040097e-10
6088.56,7.722822545452456e-10
6088.57,7.884516427466502e-10
6088.58,8.019685871305532e-10
6088.59,8.103257149807842e-10
6088.6,8.119727479111415e-10
6088.61,8.068931728719497e-10
6088.62,7.964379681845547e-10
6088.63,7.826092879522156e-10
6088.64,7.672443669697357e-10
6088.65,7.515878768112005e-10
6088.66,7.356835963945558e-10
6088.67,7.187126537063051e-10
6088.68,6.999325373421616e-10
6088.69,6.785877637262002e-10
6088.7,6.551217147956437e-10
6088.71,6.308556892303275e-10
6088.72,6.075942550659313e-10
6088.73,5.867920928757838e-10
6088.74,5.692147225338017e-10
6088.75,5.549174000455176e-10
6088.76,5.432574587290596e-10
6088.77,5.335936604055896e-10
6088.78,5.247603691174392e-10
6088.79,5.159344554732987e-10
6088.8,5.067753852226137e-10
6088.81,4.974993904335542e-10
6088.82,4.886396148464345e-10
6088.83,4.806327513373687e-10
6088.84,4.736902520786561e-10
6088.85,4.676771540521853e-10
6088.86,4.6250691682353455e-10
6088.87,4.579661816378554e-10
6088.88,4.539789680267078e-10
6088.89,4.5058027595260843e-10
6088.9,4.4773289529920874e-10
6088.91,4.4526602901860883e-10
6088.92,4.429057898255063e-10
6088.93,4.403972330345183e-10
6088.94,4.37710934759045e-10
6088.95,4.350997446392627e-10
6088.96,4.330950440901729e-10
6088.97,4.3227059776199077e-10
6088.98,4.3309864783485683e-10
6088.99,4.3601413629732204e-10
6089.0,4.413088393615501e-10
6089.01,4.491309359151784e-10
6089.02,4.593869468275691e-10
6089.03,4.716133409228336e-10
6089.04,4.848793015270537e-10
6089.05,4.977400955724774e-10
6089.06,5.085933227381509e-10
6089.07,5.1603433400181e-10
6089.08,5.193311255867149e-10
6089.09,5.190332874157753e-10
6089.1,5.167060408448352e-10
6089.11,5.142788016794576e-10
6089.12,5.135645632152827e-10
6089.13,5.157460480423561e-10
6089.14,5.218810666774278e-10
6089.15,5.327191584900259e-10
6089.16,5.23262858266201e-10
6089.17,5.428333773126882e-10
6089.18,5.642064969939558e-10
6089.19,5.842388954495309e-10
6089.2,5.994699883758106e-10
6089.21,6.075023729936992e-10
6089.22,6.080456692356356e-10
6089.23,6.026761102217321e-10
6089.24,5.935875333006253e-10
6089.25,5.824512946098896e-10
6089.26,5.700167713938777e-10
6089.27,5.562278648286412e-10
6089.28,5.405601854266568e-10
6089.29,5.226637538640948e-10
6089.3,5.027584324284531e-10
6089.31,4.4780726801922365e-10
6089.32,4.265831908397478e-10
6089.33,4.0563050727837935e-10
6089.34,3.8539126404347295e-10
6089.35,3.6632183582801114e-10
6089.36,3.4893273958241406e-10
6089.37,3.336684065166564e-10
6089.38,3.2078682886802073e-10
6089.39,3.1034055903758606e-10
6089.4,3.0218253790932373e-10
6089.41,2.9608109407390404e-10
6089.42,2.9169209562487175e-10
6089.43,2.331213407714009e-10
6089.44,2.3151089095957234e-10
6089.45,2.3057767846081607e-10
6089.46,2.3007677429934824e-10
6089.47,2.2974127357049474e-10
6089.48,2.2942919578711463e-10
6089.49,2.291356921459311e-10
6089.5,2.2898243085682138e-10
6089.51,2.2916886469147405e-10
6089.52,2.2990134945330193e-10
6089.53,2.31333645340572e-10
6089.54,2.335387656257204e-10
6089.55,2.365040275099483e-10
6089.56,2.4007554947663987e-10
6089.57,2.440581527451232e-10
6089.58,2.4834430386345533e-10
6089.59,2.5303846272812407e-10
6089.6,2.584862315651859e-10
6089.61,2.3471550586400486e-10
6089.62,2.432564497293534e-10
6089.63,2.538477370416567e-10
6089.64,2.661368941901681e-10
6089.65,2.7918244089662757e-10
6089.66,2.9141111344208967e-10
6089.67,3.0120535547439297e-10
6089.68,3.0748652935752617e-10
6089.69,3.1031154518515264e-10
6089.7,3.1055335909226565e-10
6089.71,3.092244914730257e-10
6089.72,3.07088530375142e-10
6089.73,3.046544141275838e-10
6089.74,3.021936056314563e-10
6089.75,2.9976549925062617e-10
6089.76,2.9745350965398364e-10
6089.77,2.6549353703216176e-10
6089.78,2.648936624304419e-10
6089.79,2.657999731970936e-10
6089.8,2.682139172969142e-10
6089.81,2.7172121592018715e-10
6089.82,2.7583904263795054e-10
6089.83,2.804787930276416e-10
6089.84,2.568680703898186e-10
6089.85,2.6427764689363846e-10
6089.86,2.743369958050336e-10
6089.87,2.880810577751441e-10
6089.88,3.0638934495051913e-10
6089.89,3.2956061872669924e-10
6089.9,3.566408323581728e-10
6089.91,3.8484999943209896e-10
6089.92,4.094890015062181e-10
6089.93,4.250842242187824e-10
6089.94,4.276542366888774e-10
6089.95,4.1695141123332797e-10
6089.96,3.967809509926102e-10
6089.97,3.7305632723212364e-10
6089.98,3.511765505006196e-10
6089.99,3.3463923646653916e-10
6090.0,3.2482638906869477e-10
6090.01,3.216968204510922e-10
6090.02,3.243785038319164e-10
6090.03,3.317803399573343e-10
6090.04,3.431259077801438e-10
6090.05,3.579217432805513e-10
6090.06,3.761665295059787e-10
6090.07,3.9779394788321984e-10
6090.08,4.221509237801442e-10
6090.09,4.477353564942045e-10
6090.1,4.720469689026648e-10
6090.11,4.921923316209096e-10
6090.12,5.049647369801687e-10
6090.13,5.077893403462468e-10
6090.14,4.997333135239438e-10
6090.15,4.831738446768524e-10
6090.16,4.6085340233713747e-10
6090.17,4.373800614766731e-10
6090.18,4.1554360900022376e-10
6090.19,3.96967220684109e-10
6090.2,3.822223114507432e-10
6090.21,3.712780930077415e-10
6090.22,3.6375926285570784e-10
6090.23,3.593141475602727e-10
6090.24,3.5748030561504767e-10
6090.25,3.5752006900497444e-10
6090.26,3.5887280678682376e-10
6090.27,3.6136542010790864e-10
6090.28,3.6451569897618395e-10
6090.29,3.732752847753661e-10
6090.3,3.883643146973477e-10
6090.31,4.11857781713619e-10
6090.32,4.453894900197385e-10
6090.33,4.902695463945672e-10
6090.34,5.476241702330603e-10
6090.35,6.181342960059793e-10
6090.36,7.008747416868365e-10
6090.37,7.910501745573156e-10
6090.38,8.779352715152469e-10
6090.39,9.436418435714222e-10
6090.4,9.705370576980756e-10
6090.41,9.494166058386525e-10
6090.42,8.857768206260642e-10
6090.43,7.963144933601826e-10
6090.44,6.995807017880433e-10
6090.45,6.089824574508263e-10
6090.46,5.307376464792297e-10
6090.47,4.664495514005353e-10
6090.48,4.150503594507454e-10
6090.49,3.746094285496992e-10
6090.5,3.4323377576752143e-10
6090.51,3.1942063889502456e-10
6090.52,3.0200795415664373e-10
6090.53,2.898755005104979e-10
6090.54,2.815327737241611e-10
6090.55,2.749940547621269e-10
6090.56,2.680758358896212e-10
6090.57,2.5920596949443793e-10
6090.58,2.480130286917959e-10
6090.59,2.353881227711422e-10
6090.6,2.229426574886964e-10
6090.61,2.1200297327697173e-10
6090.62,2.0361362955195948e-10
6090.63,1.981059744544815e-10
6090.64,1.953327736346813e-10
6090.65,1.946692516960142e-10
6090.66,1.9540242644109764e-10
6090.67,1.9696375901951264e-10
6090.68,1.9798116995140305e-10
6090.69,1.9857434482371829e-10
6090.7,1.9936483843643524e-10
6090.71,2.0107124494907281e-10
6090.72,2.0458333938141688e-10
6090.73,2.1022927663972347e-10
6090.74,2.1799856871162128e-10
6090.75,2.2758938556130893e-10
6090.76,2.3758132971948987e-10
6090.77,2.4663564498835244e-10
6090.78,2.515259181951808e-10
6090.79,2.501515256937267e-10
6090.8,2.415358299632619e-10
6090.81,2.2698160386332456e-10
6090.82,2.092856310031853e-10
6090.83,1.9144057038258403e-10
6090.84,1.7552459038000936e-10
6090.85,1.6243774462904278e-10
6090.86,1.5212624604230916e-10
6090.87,1.4391859842963007e-10
6090.88,1.3684226487853385e-10
6090.89,1.2995230504240061e-10
6090.9,1.226662080843532e-10
6090.91,1.1493982079099954e-10
6090.92,1.0712979741302899e-10
6090.93,9.972818434917841e-11
6090.94,9.311598484117049e-11
6090.95,8.748166906987047e-11
6090.96,8.287839926297394e-11
6090.97,7.924091114818793e-11
6090.98,7.647351759970251e-11
6090.99,7.446849182124205e-11
6091.0,7.310800941030441e-11
6091.01,7.226043148115717e-11
6091.02,7.179731976626019e-11
6091.03,7.158608052050244e-11
6091.04,7.159310237830529e-11
6091.05,7.179485532287019e-11
6091.06,7.228584128226282e-11
6091.07,7.325252079439099e-11
6091.08,7.494881827949077e-11
6091.09,7.760703350237569e-11
6091.1,8.143878789197283e-11
6091.11,8.640410954286978e-11
6091.12,9.223797022783906e-11
6091.13,9.830296277869122e-11
6091.14,1.036429032611236e-10
6091.15,1.072662837458859e-10
6091.16,1.0858250792345454e-10
6091.17,1.0766266199204214e-10
6091.18,1.0508062607514432e-10
6091.19,1.0156240187157879e-10
6091.2,9.765881987808854e-11
6091.21,9.36353271850584e-11
6091.22,8.972593183531741e-11
6091.23,8.610333515721499e-11
6091.24,8.344757832857739e-11
6091.25,8.097643003698827e-11
6091.26,7.936342626430108e-11
6091.27,7.878536656058619e-11
6091.28,7.934003310898713e-11
6091.29,8.103077196916402e-11
6091.3,8.377400055140972e-11
6091.31,8.742748939060495e-11
6091.32,9.188703734312342e-11
6091.33,9.713107746657695e-11
6091.34,1.0326503802956375e-10
6091.35,1.1023119520347941e-10
6091.36,1.1776228464157885e-10
6091.37,1.2513856967569855e-10
6091.38,1.3132200595446528e-10
6091.39,1.3543016061377068e-10
6091.4,1.3711664534785344e-10
6091.41,1.36907301172731e-10
6091.42,1.35951881806289e-10
6091.43,1.3543248741549338e-10
6091.44,1.3632756948503635e-10
6091.45,1.3922529623975429e-10
6091.46,1.4451024771613102e-10
6091.47,1.524444711280316e-10
6091.48,1.6314861413526925e-10
6091.49,1.7578308684396816e-10
6091.5,1.8942750549873497e-10
6091.51,2.024595960678197e-10
6091.52,2.1363254082237587e-10
6091.53,2.2245455647698244e-10
6091.54,2.292868188660796e-10
6091.55,2.3443113809801657e-10
6091.56,2.3745134839625546e-10
6091.57,2.372903127965193e-10
6091.58,2.3327485079080313e-10
6091.59,2.2579579957917563e-10
6091.6,2.1625064879769513e-10
6091.61,2.0601342397080668e-10
6091.62,1.9588129585900616e-10
6091.63,1.8600925864052688e-10
6091.64,1.7632035213292347e-10
6091.65,1.668859977234396e-10
6091.66,1.5805552905065876e-10
6091.67,1.500483983118834e-10
6091.68,1.4305472922458894e-10
6091.69,1.3697079053118494e-10
6091.7,1.317465845832114e-10
6091.71,1.2743030203539948e-10
6091.72,1.2418138451894399e-10
6091.73,1.2213590216385936e-10
6091.74,1.213712132498525e-10
6091.75,1.2195115877427064e-10
6091.76,1.239260087295686e-10
6091.77,1.2731480366994313e-10
6091.78,1.3182606444094595e-10
6091.79,1.367985947095197e-10
6091.8,1.410340540795641e-10
6091.81,1.4313331934484827e-10
6091.82,1.4212757154610516e-10
6091.83,1.3811280290089551e-10
6091.84,1.3217463164120165e-10
6091.85,1.2586820861450604e-10
6091.86,1.2048882170592356e-10
6091.87,1.167865936436668e-10
6091.88,1.1515567073974956e-10
6091.89,1.1530691205684367e-10
6091.9,1.1688949644907138e-10
6091.91,1.1920095348179643e-10
6091.92,1.214118396353854e-10
6091.93,1.2288176695165296e-10
6091.94,1.2342871394980205e-10
6091.95,1.2336571294094893e-10
6091.96,1.2332232254391605e-10
6091.97,1.2378339675371062e-10
6091.98,1.2488495031825248e-10
6091.99,1.2664315195681432e-10
6092.0,1.2863006664839054e-10
6092.01,1.3076793420131238e-10
6092.02,1.3316203173725719e-10
6092.03,1.3621893116265822e-10
6092.04,1.4036807106049116e-10
6092.05,1.4596752412708175e-10
6092.06,1.5311636245931415e-10
6092.07,1.6206629658615993e-10
6092.08,1.729490285350829e-10
6092.09,1.8576926138201336e-10
6092.1,2.0027657503692816e-10
6092.11,2.1612852798187566e-10
6092.12,2.3306332781259714e-10
6092.13,2.5108896877629094e-10
6092.14,2.7042439419385854e-10
6092.15,2.913499097859871e-10
6092.16,3.1399696472587744e-10
6092.17,3.3806713454390844e-10
6092.18,3.6238134498868886e-10
6092.19,3.8446294178187174e-10
6092.2,4.0083941205925946e-10
6092.21,4.0796233077699613e-10
6092.22,4.0406371365259816e-10
6092.23,3.903011476207453e-10
6092.24,3.702227782003227e-10
6092.25,3.4813136592109885e-10
6092.26,3.273817663069016e-10
6092.27,3.09690996376024e-10
6092.28,2.950971998701655e-10
6092.29,2.823243541387636e-10
6092.3,2.694726699604476e-10
6092.31,2.5499587297784907e-10
6092.32,2.3845956951113033e-10
6092.33,2.2061995106038875e-10
6092.34,2.0291254770883622e-10
6092.35,1.8674758890262422e-10
6092.36,1.7309025202312193e-10
6092.37,1.623836803572672e-10
6092.38,1.545241408189837e-10
6092.39,1.4913777539521809e-10
6092.4,1.4529019452831187e-10
6092.41,1.4204782155075504e-10
6092.42,1.384160281666479e-10
6092.43,1.3379885023911495e-10
6092.44,1.2815211143809714e-10
6092.45,1.219601350997199e-10
6092.46,1.1801849019501118e-10
6092.47,1.1262845439204863e-10
6092.48,1.0827313235376299e-10
6092.49,1.0507855204868046e-10
6092.5,1.0304965978090004e-10
6092.51,1.0209753286683586e-10
6092.52,1.0211853986369299e-10
6092.53,1.0295633844835483e-10
6092.54,1.0455854945848126e-10
6092.55,1.0688266297788143e-10
6092.56,1.1008190989785054e-10
6092.57,1.143246468079672e-10
6092.58,1.1979600460636463e-10
6092.59,1.2661191527064816e-10
6092.6,1.3466819147044706e-10
6092.61,1.4360759508100404e-10
6092.62,1.5270211253006383e-10
6092.63,1.6321927169449216e-10
6092.64,1.7033082313989755e-10
6092.65,1.7574011514838617e-10
6092.66,1.7950378802829743e-10
6092.67,1.8193451261464504e-10
6092.68,1.8362983117421556e-10
6092.69,1.8548158174684573e-10
6092.7,1.8856416760500192e-10
6092.71,1.9387204689312563e-10
6092.72,2.02240130170506e-10
6092.73,2.1417744104990132e-10
6092.74,2.297374189066597e-10
6092.75,2.4840780868750755e-10
6092.76,2.687743250548396e-10
6092.77,2.8850487888353785e-10
6092.78,3.050165477015608e-10
6092.79,3.1667527414829486e-10
6092.8,3.2367587871893583e-10
6092.81,3.2740280087422955e-10
6092.82,3.2945651964907434e-10
6092.83,3.302958481787672e-10
6092.84,3.299392262819873e-10
6092.85,3.287482263550727e-10
6092.86,3.277749500499985e-10
6092.87,3.2851034775377e-10
6092.88,3.3234113674921827e-10
6092.89,3.3995643644379146e-10
6092.9,3.5088189474511106e-10
6092.91,3.7808019663919e-10
6092.92,3.9016433973381217e-10
6092.93,4.0008327907186407e-10
6092.94,4.0756388595915477e-10
6092.95,4.1345447678068694e-10
6092.96,4.189381814275115e-10
6092.97,4.249344534894496e-10
6092.98,4.3172946011865326e-10
6092.99,4.387040472135918e-10
6093.0,4.449432501858806e-10
6093.01,4.4993594096696887e-10
6093.02,4.54757394766414e-10
6093.03,4.611977182242901e-10
6093.04,4.712082009778138e-10
6093.05,4.862681718429181e-10
6093.06,5.07485715225482e-10
6093.07,5.357436109995136e-10
6093.08,5.722706514212755e-10
6093.09,6.185168422738414e-10
6093.1,6.761466698496821e-10
6093.11,7.470939012515138e-10
6093.12,8.334502490394548e-10
6093.13,9.36939160401846e-10
6093.14,1.0580064294102775e-09
6093.15,1.1942536889022798e-09
6093.16,1.3383270606226186e-09
6093.17,1.475868291657496e-09
6093.18,1.5858669198740356e-09
6093.19,1.645195831424847e-09
6093.2,1.639904532560389e-09
6093.21,1.5705235901400712e-09
6093.22,1.4542162002828246e-09
6093.23,1.3150597044353746e-09
6093.24,1.1744687537330984e-09
6093.25,1.0462869789968604e-09
6093.26,9.368000959717083e-10
6093.27,8.471653201592047e-10
6093.28,7.757989674681629e-10
6093.29,7.201387344745272e-10
6093.3,6.777124679708821e-10
6093.31,6.466593928867502e-10
6093.32,6.25851126444869e-10
6093.33,6.14631905394754e-10
6093.34,6.168879330792701e-10
6093.35,6.243831245709572e-10
6093.36,6.41557782425093e-10
6093.37,6.6891781577467e-10
6093.38,7.071040992766623e-10
6093.39,7.56915090150989e-10
6093.4,8.193098954911061e-10
6093.41,8.953740900477348e-10
6093.42,9.859980641173305e-10
6093.43,1.0912838990455332e-09
6093.44,1.2093905895049587e-09
6093.45,1.3352476674469344e-09
6093.46,1.4601175857901194e-09
6093.47,1.5736799430129475e-09
6093.48,1.694928225838326e-09
6093.49,1.7686167816505584e-09
6093.5,1.8259644553939932e-09
6093.51,1.8741124095590743e-09
6093.52,1.9192886566968165e-09
6093.53,1.966601069723335e-09
6093.54,2.020261767034598e-09
6093.55,2.0831233393116883e-09
6093.56,2.1546194227335466e-09
6093.57,2.228029526430065e-09
6093.58,2.288694246661248e-09
6093.59,2.316026124657248e-09
6093.6,2.2910071078354343e-09
6093.61,2.20635404024269e-09
6093.62,2.071844605725102e-09
6093.63,1.934436447052213e-09
6093.64,1.7968415588612193e-09
6093.65,1.6523809180370332e-09
6093.66,1.536498952643632e-09
6093.67,1.4517591181044676e-09
6093.68,1.3958411714555267e-09
6093.69,1.3640746165210495e-09
6093.7,1.3516207697693862e-09
6093.71,1.3541968986134387e-09
6093.72,1.3949073063832482e-09
6093.73,1.4155473029907665e-09
6093.74,1.4344150245085366e-09
6093.75,1.4396280401236632e-09
6093.76,1.419146955184899e-09
6093.77,1.3664676246358952e-09
6093.78,1.2842942555002804e-09
6093.79,1.1829680914510732e-09
6093.8,1.0752830247519308e-09
6093.81,9.716312674696795e-10
6093.82,9.297331307476827e-10
6093.83,8.493079228396007e-10
6093.84,7.814896105432455e-10
6093.85,7.250994518487295e-10
6093.86,6.785601294520959e-10
6093.87,6.403105107763829e-10
6093.88,6.089921831139439e-10
6093.89,5.835231044036606e-10
6093.9,5.630282043551774e-10
6093.91,5.468061701523993e-10
6093.92,5.342616533032221e-10
6093.93,5.248578241609236e-10
6093.94,5.180736862392192e-10
6093.95,5.133770800807348e-10
6093.96,5.101937212969349e-10
6093.97,5.080081609566424e-10
6093.98,5.065431596599471e-10
6093.99,5.059285914970439e-10
6094.0,5.066467527365267e-10
6094.01,5.092733884086011e-10
6094.02,5.141924017643766e-10
6094.03,5.21329538283859e-10
6094.04,5.301200274032514e-10
6094.05,5.586386568897396e-10
6094.06,5.677218464656016e-10
6094.07,5.757432100475038e-10
6094.08,5.830768756342981e-10
6094.09,5.908990979051215e-10
6094.1,6.005568589500404e-10
6094.11,6.131158804526206e-10
6094.12,6.293087170706543e-10
6094.13,6.498186903359918e-10
6094.14,6.755551810886485e-10
6094.15,7.076040822446913e-10
6094.16,7.467293270640295e-10
6094.17,7.924879791172824e-10
6094.18,8.420327676407431e-10
6094.19,8.892765078495201e-10
6094.2,9.257343535081298e-10
6094.21,9.43879856431634e-10
6094.22,9.4126984352811e-10
6094.23,9.218301303789106e-10
6094.24,8.931217729384089e-10
6094.25,8.623337697523118e-10
6094.26,8.341928697518457e-10
6094.27,8.110997619625415e-10
6094.28,7.941939330629437e-10
6094.29,7.841487089979513e-10
6094.3,7.81366225030186e-10
6094.31,7.861240519383328e-10
6094.32,7.985230344404609e-10
6094.33,8.187085107275502e-10
6094.34,8.470034106292219e-10
6094.35,8.839813967862776e-10
6094.36,9.30585507201018e-10
6094.37,9.880748940974594e-10
6094.38,1.0579630640663501e-09
6094.39,1.1415287417765075e-09
6094.4,1.2393060497943882e-09
6094.41,1.3501158909651835e-09
6094.42,1.4697694497348148e-09
6094.43,1.5897514084719795e-09
6094.44,1.6963507375573121e-09
6094.45,1.7726575941464515e-09
6094.46,1.8037835064021577e-09
6094.47,1.7834971351100591e-09
6094.48,1.7177545192782215e-09
6094.49,1.6216804288201397e-09
6094.5,1.5131303015473204e-09
6094.51,1.4068500867407388e-09
6094.52,1.312260743271735e-09
6094.53,1.2340019719030305e-09
6094.54,1.1735178760364598e-09
6094.55,1.1303932005598969e-09
6094.56,1.1029914832561412e-09
6094.57,1.0886436454587336e-09
6094.58,1.08356062407202e-09
6094.59,1.0831632836554895e-09
6094.6,1.0834671264405558e-09
6094.61,1.082599433534733e-09
6094.62,1.0811225899608992e-09
6094.63,1.0804361647149017e-09
6094.64,1.080860400495021e-09
6094.65,1.0809731424884397e-09
6094.66,1.078802035932981e-09
6094.67,1.0735774300303818e-09
6094.68,1.0665826091061163e-09
6094.69,1.0602375766482584e-09
6094.7,1.056461563808046e-09
6094.71,1.0556542176354068e-09
6094.72,1.0566899059075155e-09
6094.73,1.057500040080679e-09
6094.74,1.0555120348527766e-09
6094.75,1.0486235412231626e-09
6094.76,1.0360955889982623e-09
6094.77,1.0190543908238605e-09
6094.78,9.998969376080353e-10
6094.79,9.81508190986631e-10
6094.8,9.656468728190547e-10
6094.81,9.534232466032478e-10
6094.82,9.44833759066294e-10
6094.83,9.39226666020605e-10
6094.84,9.357328177721582e-10
6094.85,9.335359808827261e-10
6094.86,9.321678668566352e-10
6094.87,9.316183912531455e-10
6094.88,9.322241086832753e-10
6094.89,9.344191414327534e-10
6094.9,9.3843535857406e-10
6094.91,9.442054898376767e-10
6094.92,9.514429267859186e-10
6094.93,9.598331374024543e-10
6094.94,9.691634337956276e-10
6094.95,9.793363211016728e-10
6094.96,9.903221425779631e-10
6094.97,1.0021451228437426e-09
6094.98,1.0148972249470512e-09
6094.99,1.0287725079535719e-09
6095.0,1.044058292141553e-09
6095.01,1.0610461665411323e-09
6095.02,1.0800113139896339e-09
6095.03,1.1011597351777002e-09
6095.04,1.124669590455708e-09
6095.05,1.1507437632733552e-09
6095.06,1.1795793890872318e-09
6095.07,1.2113682587623809e-09
6095.08,1.2461739624192342e-09
6095.09,1.2836337091140462e-09
6095.1,1.3225356488459256e-09
6095.11,1.3604031135463276e-09
6095.12,1.3937801859494952e-09
6095.13,1.4194225219574978e-09
6095.14,1.4360537640760899e-09
6095.15,1.4452853495733938e-09
6095.16,1.450827805331571e-09
6095.17,1.4567023066841316e-09
6095.18,1.4658314587718367e-09
6095.19,1.4797461116031662e-09
6095.2,1.4988414265590061e-09
6095.21,1.5228241280111457e-09
6095.22,1.5506142274083707e-09
6095.23,1.5805535323948183e-09
6095.24,1.6109621747016085e-09
6095.25,1.6410464229116954e-09
6095.26,1.6713789646078623e-09
6095.27,1.7031972994284373e-09
6095.28,1.737417615267103e-09
6095.29,1.776151357644231e-09
6095.3,1.8157155419958954e-09
6095.31,1.8578247520547412e-09
6095.32,1.9025779561236524e-09
6095.33,1.950334339907429e-09
6095.34,2.0014608349591327e-09
6095.35,2.0567592668439508e-09
6095.36,2.1166610687676668e-09
6095.37,2.1814607754240627e-09
6095.38,2.2513849627825234e-09
6095.39,2.3264489762274484e-09
6095.4,2.406592520291807e-09
6095.41,2.4918678959293976e-09
6095.42,2.5839557633625934e-09
6095.43,2.6813438333001695e-09
6095.44,2.78668384014272e-09
6095.45,2.9014249404630704e-09
6095.46,3.0267629516046064e-09
6095.47,3.16376380216743e-09
6095.48,3.313985714306722e-09
6095.49,3.4801928133462116e-09
6095.5,3.666656298578818e-09
6095.51,3.878789859255487e-09
6095.52,4.1229407106603316e-09
6095.53,4.406080892708452e-09
6095.54,4.735688643903192e-09
6095.55,5.119697124299661e-09
6095.56,5.565445501961161e-09
6095.57,6.077889290546654e-09
6095.58,6.655245903348352e-09
6095.59,7.282862039654871e-09
6095.6,7.925418463060902e-09
6095.61,8.522855335260387e-09
6095.62,8.9989618693288e-09
6095.63,9.285949643027611e-09
6095.64,9.355716164928158e-09
6095.65,9.234901547641209e-09
6095.66,8.99150057997002e-09
6095.67,8.704985827120823e-09
6095.68,8.441681750476981e-09
6095.69,8.245448268664896e-09
6095.7,8.139949432056734e-09
6095.71,8.135631433532629e-09
6095.72,8.23616871841383e-09
6095.73,8.443082821733366e-09
6095.74,8.758096200732524e-09
6095.75,9.183063640847433e-09
6095.76,9.717168903070874e-09
6095.77,1.0351723313731028e-08
6095.78,1.1061871150648493e-08
6095.79,1.1798754690277799e-08
6095.8,1.2488672423543622e-08
6095.81,1.3048587798363727e-08
6095.82,1.3416588893337427e-08
6095.83,1.358078992832221e-08
6095.84,1.3585493904333067e-08
6095.85,1.3510098404737075e-08
6095.86,1.3437435072389726e-08
6095.87,1.3431533267937304e-08
6095.88,1.3531796045617323e-08
6095.89,1.3758068807484261e-08
6095.9,1.4118736473410743e-08
6095.91,1.4617556193179563e-08
6095.92,1.5258073803352395e-08
6095.93,1.6046095361823683e-08
6095.94,1.6991354764927976e-08
6095.95,1.8108176378909206e-08
6095.96,1.9416571933408854e-08
6095.97,2.0943248868620122e-08
6095.98,2.2723157731423556e-08
6095.99,2.4801567468739394e-08
6096.0,2.7236938472552294e-08
6096.01,3.0104809170194415e-08
6096.02,3.35029315468603e-08
6096.03,3.755829643642469e-08
6096.04,4.243808154801592e-08
6096.05,4.835763610293148e-08
6096.06,5.560155646511388e-08
6096.07,6.454134360311555e-08
6096.08,7.565321497460619e-08
6096.09,8.952118526055433e-08
6096.1,1.0679281366343376e-07
6096.11,1.2801260877949674e-07
6096.12,1.5320718134829457e-07
6096.13,1.8111708146093984e-07
6096.14,2.08301729064955e-07
6096.15,2.2911380186930689e-07
6096.16,2.3779571778078766e-07
6096.17,2.320020665512861e-07
6096.18,2.1444910570797033e-07
6096.19,1.9087447892406655e-07
6096.2,1.6666426380493432e-07
6096.21,1.4506696700420957e-07
6096.22,1.272785158439523e-07
6096.23,1.1324756519741314e-07
6096.24,1.0241540295468488e-07
6096.25,9.419135016242485e-08
6096.26,8.818928451674692e-08
6096.27,8.425981280463837e-08
6096.28,8.241796279855349e-08
6096.29,8.27524642699991e-08
6096.3,8.5376210715391e-08
6096.31,9.03561223766389e-08
6096.32,9.761486939488886e-08
6096.33,1.0673884802877591e-07
6096.34,1.1679357880268002e-07
6096.35,1.2637901041833052e-07
6096.36,1.3414405978497629e-07
6096.37,1.3952433117815698e-07
6096.38,1.4295803523930668e-07
6096.39,1.4526137617653583e-07
6096.4,1.4684806746495417e-07
6096.41,1.476422457943881e-07
6096.42,1.476707181749356e-07
6096.43,1.4751108130427835e-07
6096.44,1.479655253847429e-07
6096.45,1.4920833362810102e-07
6096.46,1.502104335942754e-07
6096.47,1.4906114393016603e-07
6096.48,1.4407223783051364e-07
6096.49,1.3478763138701122e-07
6096.5,1.2211797245878575e-07
6096.51,1.0773360152901706e-07
6096.52,9.330113656181774e-08
6096.53,7.99964578953437e-08
6096.54,6.83970858971115e-08
6096.55,5.861682546145936e-08
6096.56,5.051220931204034e-08
6096.57,4.383932881293663e-08
6096.58,3.8343034075056376e-08
6096.59,3.3795755199520065e-08
6096.6,3.000803389334606e-08
6096.61,2.6829565874228508e-08
6096.62,2.4141512788679877e-08
6096.63,2.184976489320928e-08
6096.64,1.988092616504022e-08
6096.65,1.81773127964094e-08
6096.66,1.669321444408155e-08
6096.67,1.539219040403557e-08
6096.68,1.4244966609927521e-08
6096.69,1.3227746458309248e-08
6096.7,1.2321482976427113e-08
6096.71,1.1510164480058566e-08
6096.72,1.0780718445445202e-08
6096.73,1.012225057759141e-08
6096.74,9.525649624750021e-09
6096.75,8.98321488554774e-09
6096.76,8.48845489888687e-09
6096.77,8.035837623954328e-09
6096.78,7.620638553219546e-09
6096.79,7.238801212940673e-09
6096.8,6.886835059707511e-09
6096.81,6.561730344147982e-09
6096.82,6.260863494120914e-09
6096.83,5.9819587910920816e-09
6096.84,5.722920727948692e-09
6096.85,5.482061514141296e-09
6096.86,5.257540070493027e-09
6096.87,5.047574818622822e-09
6096.88,4.850336464139199e-09
6096.89,4.663783818088866e-09
6096.9,4.487211951994441e-09
6096.91,4.319469177400792e-09
6096.92,4.160225555307385e-09
6096.93,4.009359067789914e-09
6096.94,3.8667055961031005e-09
6096.95,3.731939017181807e-09
6096.96,3.6045913244637775e-09
6096.97,3.4840881484860485e-09
6096.98,3.37018344044852e-09
6096.99,3.2622701880747768e-09
6097.0,3.1599196311928513e-09
6097.01,3.0627448470585056e-09
6097.02,2.9704004276470414e-09
6097.03,2.8825668348028684e-09
6097.04,2.7989888984275376e-09
6097.05,2.7194080698572316e-09
6097.06,2.643613292275824e-09
6097.07,2.571403847289195e-09
6097.08,2.5027134279503892e-09
6097.09,2.437125092854366e-09
6097.1,2.374536056362856e-09
6097.11,2.3147067893103995e-09
6097.12,2.2573285998773974e-09
6097.13,2.202187667654117e-09
6097.14,2.1490913759137766e-09
6097.15,2.0980466328603234e-09
6097.16,2.04915298281561e-09
6097.17,2.0025561050092322e-09
6097.18,1.9584004362668674e-09
6097.19,1.9167564319871086e-09
6097.2,1.8776302017573662e-09
6097.21,1.8409178779639557e-09
6097.22,1.8063151120837715e-09
6097.23,1.7732803761206809e-09
6097.24,1.7409812491039842e-09
6097.25,1.708635215527845e-09
6097.26,1.6758231742034448e-09
6097.27,1.6427799217599225e-09
6097.28,1.610262493151084e-09
6097.29,1.5790586390319924e-09
6097.3,1.5497721211575984e-09
6097.31,1.5228268489783412e-09
6097.32,1.4982891929306868e-09
6097.33,1.4761577189691902e-09
6097.34,1.4561945145700541e-09
6097.35,1.4376372983076292e-09
6097.36,1.4192081289812624e-09
6097.37,1.3990532831463421e-09
6097.38,1.3758859109226034e-09
6097.39,1.3497583077601198e-09
6097.4,1.321975226381746e-09
6097.41,1.2941836992188883e-09
6097.42,1.2675919498847553e-09
6097.43,1.24279813720017e-09
6097.44,1.221560897010952e-09
6097.45,1.200996529229122e-09
6097.46,1.1826051569002962e-09
6097.47,1.1662384122823074e-09
6097.48,1.151424690757641e-09
6097.49,1.1374491916015713e-09
6097.5,1.123490929919696e-09
6097.51,1.108889716518273e-09
6097.52,1.093350550041549e-09
6097.53,1.0770747840648014e-09
6097.54,1.060522357627206e-09
6097.55,1.0441365758700503e-09
6097.56,1.0281165772020916e-09
6097.57,1.0124028692852009e-09
6097.58,9.96838172991918e-10
6097.59,9.813386651462038e-10
6097.6,9.659951130525362e-10
6097.61,9.50986485053067e-10
6097.62,9.365577015091985e-10
6097.63,9.229242660142314e-10
6097.64,9.103135657297286e-10
6097.65,8.988269156248996e-10
6097.66,8.884899150107046e-10
6097.67,8.794189532577421e-10
6097.68,8.716666375192818e-10
6097.69,8.653875538245157e-10
6097.7,8.606879628654418e-10
6097.71,8.571398615925004e-10
6097.72,8.55697832526899e-10
6097.73,8.557180334252327e-10
6097.74,8.570643931730456e-10
6097.75,8.592728400668844e-10
6097.76,8.622759026540149e-10
6097.77,8.661931632376629e-10
6097.78,8.713743562436093e-10
6097.79,8.783683992546095e-10
6097.8,8.876562540264828e-10
6097.81,8.995305284378327e-10
6097.82,9.150942601772694e-10
6097.83,9.328509544322985e-10
6097.84,9.54070666162661e-10
6097.85,9.785621493799297e-10
6097.86,1.0047334541527531e-09
6097.87,1.0290402944987819e-09
6097.88,1.0462928279608353e-09
6097.89,1.051494267699656e-09
6097.9,1.041866696058369e-09
6097.91,1.0184985679099208e-09
6097.92,9.858981916107807e-10
6097.93,9.495428359414628e-10
6097.94,9.171178330234668e-10
6097.95,8.855109049590796e-10
6097.96,8.590027124325922e-10
6097.97,8.378077823888934e-10
6097.98,8.216242917364857e-10
6097.99,8.103650269441251e-10
6098.0,8.030816555103647e-10
6098.01,8.000522402193898e-10
6098.02,8.014361691536639e-10
6098.03,8.0746567471757e-10
6098.04,8.182747304218759e-10
6098.05,8.336196648054823e-10
6098.06,8.542035006309093e-10
6098.07,8.744608867880184e-10
6098.08,8.928844508423122e-10
6098.09,9.06053924888739e-10
6098.1,9.117941253335489e-10
6098.11,9.103270080412069e-10
6098.12,9.042300032144806e-10
6098.13,8.971695275282673e-10
6098.14,8.923615516022118e-10
6098.15,8.918908907709272e-10
6098.16,8.961359691187655e-10
6098.17,9.052184903433922e-10
6098.18,9.189695767829604e-10
6098.19,9.373194319654982e-10
6098.2,9.605672278223407e-10
6098.21,9.888158307828048e-10
6098.22,1.0227685509497497e-09
6098.23,1.0631817358123298e-09
6098.24,1.1110518185623051e-09
6098.25,1.167605501630112e-09
6098.26,1.2343532022796938e-09
6098.27,1.313157697103749e-09
6098.28,1.4063264748305255e-09
6098.29,1.5167392632250572e-09
6098.3,1.6479999661928685e-09
6098.31,1.8045823759155352e-09
6098.32,1.9921939092334478e-09
6098.33,2.217893251058412e-09
6098.34,2.490216821967852e-09
6098.35,2.819386229622396e-09
6098.36,3.2171166270171336e-09
6098.37,3.695066558887653e-09
6098.38,4.262224070536344e-09
6098.39,4.918658049591755e-09
6098.4,5.645511173867866e-09
6098.41,6.393201361289408e-09
6098.42,7.074852969276079e-09
6098.43,7.577233407941757e-09
6098.44,7.795786628897456e-09
6098.45,7.679888218757865e-09
6098.46,7.258412073751284e-09
6098.47,6.623340985650906e-09
6098.48,5.888054250142701e-09
6098.49,5.148207274442423e-09
6098.5,4.4644269921100535e-09
6098.51,3.864646219471815e-09
6098.52,3.3546327266596503e-09
6098.53,2.878213650465513e-09
6098.54,2.525157205097912e-09
6098.55,2.2331047915211555e-09
6098.56,1.991140417985991e-09
6098.57,1.7898953044485525e-09
6098.58,1.6215636477467644e-09
6098.59,1.479881522563848e-09
6098.6,1.3598135982513218e-09
6098.61,1.2580818026576778e-09
6098.62,1.1701961649920578e-09
6098.63,1.0946294542531762e-09
6098.64,1.029777021770335e-09
6098.65,9.74409018075044e-10
6098.66,9.284643393846841e-10
6098.67,8.883582851880613e-10
6098.68,8.533859879247823e-10
6098.69,8.214970439568928e-10
6098.7,7.908313012085948e-10
6098.71,7.603433986308545e-10
6098.72,7.300353988743517e-10
6098.73,7.006731078275037e-10
6098.74,6.731699778691606e-10
6098.75,6.481152429982331e-10
6098.76,6.256635779171494e-10
6098.77,6.056976970779148e-10
6098.78,5.880420717751622e-10
6098.79,5.72625894990125e-10
6098.8,5.594739347873831e-10
6098.81,5.501451944691521e-10
6098.82,5.424989733094023e-10
6098.83,5.362511796900914e-10
6098.84,5.361477118322263e-10
6098.85,5.40602998109321e-10
6098.86,5.499262962579273e-10
6098.87,5.639029912944916e-10
6098.88,5.55054832683292e-10
6098.89,5.731701280170388e-10
6098.9,5.874269466484868e-10
6098.91,5.931696542889834e-10
6098.92,5.878257493238651e-10
6098.93,5.541363357954134e-10
6098.94,5.335072772694991e-10
6098.95,5.122181063098029e-10
6098.96,4.938804061851391e-10
6098.97,4.803447576740851e-10
6098.98,4.722189689345688e-10
6098.99,4.695206150623665e-10
6099.0,4.719142619003253e-10
6099.01,4.786132477381766e-10
6099.02,4.881896415373063e-10
6099.03,4.985835662954131e-10
6099.04,4.795092391705439e-10
6099.05,4.850816132759801e-10
6099.06,4.859286571255475e-10
6099.07,4.817279429873003e-10
6099.08,4.728630430375288e-10
6099.09,4.6025599720998854e-10
6099.1,4.452216252298066e-10
6099.11,4.291461362562752e-10
6099.12,4.129857476892857e-10
6099.13,3.9699336956707787e-10
6099.14,3.8083845159385175e-10
6099.15,3.6418034012866184e-10
6099.16,3.47128049622792e-10
6099.17,3.3030874467244626e-10
6099.18,3.105025226354245e-10
6099.19,2.9655876450954134e-10
6099.2,2.847492866651443e-10
6099.21,2.750596155185749e-10
6099.22,2.4261493166674876e-10
6099.23,2.362757614771134e-10
6099.24,2.3087521111703602e-10
6099.25,2.2607172919846514e-10
6099.26,2.216918345705652e-10
6099.27,2.1778292751084414e-10
6099.28,2.1452116334118696e-10
6099.29,2.1241780709944464e-10
6099.3,2.1165961113145894e-10
6099.31,2.1232063689551098e-10
6099.32,2.1417700840428983e-10
6099.33,2.1667741997925525e-10
6099.34,2.189837478479309e-10
6099.35,2.2018672074642947e-10
6099.36,2.19661924447609e-10
6099.37,2.173478251612354e-10
6099.38,1.9008499040532163e-10
6099.39,1.8584892147709433e-10
6099.4,1.8140373952567086e-10
6099.41,1.7710761726010817e-10
6099.42,1.732325167907373e-10
6099.43,1.700368486972408e-10
6099.44,1.677681779953524e-10
6099.45,1.666203178624611e-10
6099.46,1.5240247741717255e-10
6099.47,1.5375612318647364e-10
6099.48,1.5616517626775846e-10
6099.49,1.5939421023734941e-10
6099.5,1.631926267477871e-10
6099.51,1.6737228484765428e-10
6099.52,1.718757860894519e-10
6099.53,1.767185126955304e-10
6099.54,1.819541651525375e-10
6099.55,1.8769942495410335e-10
6099.56,1.9418569400436044e-10
6099.57,2.0175115283251197e-10
6099.58,2.1070508627351103e-10
6099.59,2.211126575340692e-10
6099.6,2.3259274390107693e-10
6099.61,2.4413833702380255e-10
6099.62,2.5444740774961247e-10
6099.63,2.6235699574244047e-10
6099.64,2.6745281342922457e-10
6099.65,2.711340743759775e-10
6099.66,2.7260511871745913e-10
6099.67,2.7339484424645133e-10
6099.68,2.7334262943313896e-10
6099.69,2.716356617650954e-10
6099.7,2.6747273071932073e-10
6099.71,2.607496098456901e-10
6099.72,2.5227368704062663e-10
6099.73,2.433986708878229e-10
6099.74,2.354421719625827e-10
6099.75,2.293265985367914e-10
6099.76,2.254674320423718e-10
6099.77,2.2398712323844982e-10
6099.78,2.247628422496937e-10
6099.79,2.2750788916900446e-10
6099.8,2.3182301759547076e-10
6099.81,2.3739564181972367e-10
6099.82,2.4411505192034746e-10
6099.83,2.522094662030466e-10
6099.84,2.6206463112817305e-10
6099.85,2.7379130892715407e-10
6099.86,2.8666347757210466e-10
6099.87,2.987843982767421e-10
6099.88,3.0749707622222317e-10
6099.89,3.1072620484636224e-10
6099.9,3.0837542120829316e-10
6099.91,3.0248092116096726e-10
6099.92,2.9569825971200185e-10
6099.93,2.905693375932785e-10
6099.94,2.8747463469726256e-10
6099.95,2.8682722104929247e-10
6099.96,2.8842654888944855e-10
6099.97,2.914795448528794e-10
6099.98,2.9594977333274606e-10
6099.99,3.018674980679784e-10
6100.0,3.0940528494476647e-10
6100.01,3.186494611107216e-10
6100.02,3.294769868686785e-10
6100.03,3.4167798635726765e-10
6100.04,3.549835066871039e-10
6100.05,3.7002961426617386e-10
6100.06,3.86014109477879e-10
6100.07,4.0415843141742673e-10
6100.08,4.251859946699169e-10
6100.09,4.4984648379684187e-10
6100.1,4.789490973478704e-10
6100.11,5.133593809417952e-10
6100.12,5.539469896475264e-10
6100.13,6.014395727563875e-10
6100.14,6.56145835542653e-10
6100.15,7.175244323858066e-10
6100.16,7.843319531350481e-10
6100.17,8.524828492945553e-10
6100.18,9.189481367755463e-10
6100.19,9.81567004371918e-10
6100.2,1.0414131234509145e-09
6100.21,1.1033383900988265e-09
6100.22,1.1754306283421632e-09
6100.23,1.2650466277469089e-09
6100.24,1.3809384750153503e-09
6100.25,1.5310446684626313e-09
6100.26,1.7231084915188742e-09
6100.27,1.9644078208023863e-09
6100.28,2.260200971239087e-09
6100.29,2.6097512541982303e-09
6100.3,2.9995438986971688e-09
6100.31,3.394982433917164e-09
6100.32,3.737151227622081e-09
6100.33,3.954283789956549e-09
6100.34,3.9910718376975286e-09
6100.35,3.838926269291934e-09
6100.36,3.540941319238568e-09
6100.37,3.166762156618044e-09
6100.38,2.7803155393589108e-09
6100.39,2.4227106076918615e-09
6100.4,2.1124126200720117e-09
6100.41,1.8530454245419633e-09
6100.42,1.6409643834766694e-09
6100.43,1.4699221438800384e-09
6100.44,1.3333997161429926e-09
6100.45,1.2255048037965388e-09
6100.46,1.1411859115327039e-09
6100.47,1.0763487014029088e-09
6100.48,1.0275415957507265e-09
6100.49,9.920080684261992e-10
6100.5,9.675492253329038e-10
6100.51,9.525234184909993e-10
6100.52,9.458427347068898e-10
6100.53,9.469415189941606e-10
6100.54,9.557116976850775e-10
6100.55,9.723829164877285e-10
6100.56,9.973953898080662e-10
6100.57,1.0313396438816287e-09
6100.58,1.0749532082754642e-09
6100.59,1.1292099509617284e-09
6100.6,1.1953623262413506e-09
6100.61,1.2750166585447314e-09
6100.62,1.3702709234882862e-09
6100.63,1.483711810383674e-09
6100.64,1.6187446949136447e-09
6100.65,1.779679958466706e-09
6100.66,1.9721285245010226e-09
6100.67,2.2029020940972827e-09
6100.68,2.479749954199254e-09
6100.69,2.8102576706347316e-09
6100.7,3.1998078840301054e-09
6100.71,3.647888330045833e-09
6100.72,4.143698069480243e-09
6100.73,4.6641605079038285e-09
6100.74,5.17943094668016e-09
6100.75,5.668758469605871e-09
6100.76,6.1363334179901715e-09
6100.77,6.612324932937359e-09
6100.78,7.135292916014362e-09
6100.79,7.728289176622856e-09
6100.8,8.381246891283904e-09
6100.81,9.040382740047354e-09
6100.82,9.605475380574874e-09
6100.83,9.950268928386052e-09
6100.84,9.976619925096541e-09
6100.85,9.67361659556642e-09
6100.86,9.130365693613364e-09
6100.87,8.488466509611105e-09
6100.88,7.879590775171182e-09
6100.89,7.390304138993766e-09
6100.9,7.0577955901496185e-09
6100.91,6.875870200121732e-09
6100.92,6.798573296879569e-09
6100.93,6.7453834164644825e-09
6100.94,6.620403805205549e-09
6100.95,6.3494564954568365e-09
6100.96,5.914937242307905e-09
6100.97,5.3599071950249444e-09
6100.98,4.757257413089157e-09
6100.99,4.173308809187938e-09
6101.0,3.6489598701466813e-09
6101.01,3.2006774801716653e-09
6101.02,2.827743975880021e-09
6101.03,2.522951463554821e-09
6101.04,2.2766682142750016e-09
6101.05,2.078931107499922e-09
6101.06,1.9203381326578373e-09
6101.07,1.7918719960045515e-09
6101.08,1.6850979675009577e-09
6101.09,1.5929806981384497e-09
6101.1,1.5115095885655078e-09
6101.11,1.4402608041016886e-09
6101.12,1.380993858346918e-09
6101.13,1.3359849145578273e-09
6101.14,1.3064370925498353e-09
6101.15,1.2927527581060325e-09
6101.16,1.2946814867871244e-09
6101.17,1.3100524754761994e-09
6101.18,1.336585005685422e-09
6101.19,1.3707088692756181e-09
6101.2,1.4088107023515265e-09
6101.21,1.4486683080663192e-09
6101.22,1.490197569477715e-09
6101.23,1.534923071010135e-09
6101.24,1.5844013582174701e-09
6101.25,1.639615819664622e-09
6101.26,1.7023010779409008e-09
6101.27,1.7772514728773852e-09
6101.28,1.8731489874012787e-09
6101.29,2.001294236030872e-09
6101.3,2.172969420650912e-09
6101.31,2.396072797310597e-09
6101.32,2.670653903984708e-09
6101.33,2.9819446800502974e-09
6101.34,3.2937581349468525e-09
6101.35,3.549715526689264e-09
6101.36,3.6923464639596548e-09
6101.37,3.694829576304545e-09
6101.38,3.5798717712484445e-09
6101.39,3.4069596589059855e-09
6101.4,3.2406967042060757e-09
6101.41,3.12872039412104e-09
6101.42,3.096784187959576e-09
6101.43,3.154131109730612e-09
6101.44,3.2982494099358992e-09
6101.45,3.5159991924222485e-09
6101.46,3.782982900357357e-09
6101.47,4.066186498356419e-09
6101.48,4.3313832732767555e-09
6101.49,4.556607201885059e-09
6101.5,4.72125210089102e-09
6101.51,4.797571326471978e-09
6101.52,4.745784023846265e-09
6101.53,4.5360097266586885e-09
6101.54,4.177885526091022e-09
6101.55,3.7240672336149983e-09
6101.56,3.2430410366683085e-09
6101.57,2.789121910656e-09
6101.58,2.390945221324302e-09
6101.59,2.056127750749415e-09
6101.6,1.7806419189231135e-09
6101.61,1.556124125975516e-09
6101.62,1.3735740209328254e-09
6101.63,1.224833950047845e-09
6101.64,1.1028007511277915e-09
6101.65,9.995273604930323e-10
6101.66,9.134729493346743e-10
6101.67,8.388581140408989e-10
6101.68,7.733206510113454e-10
6101.69,7.153170758814277e-10
6101.7,6.639243095595242e-10
6101.71,6.184445693321224e-10
6101.72,5.783420773376458e-10
6101.73,5.431014710884358e-10
6101.74,5.123536738397823e-10
6101.75,4.856654336573686e-10
6101.76,4.623783179857136e-10
6101.77,4.417577281575399e-10
6101.78,4.229606789203344e-10
6101.79,4.05262152731969e-10
6101.8,3.882513970743727e-10
6101.81,3.7191407149099605e-10
6101.82,3.564178997858594e-10
6101.83,3.41909520376528e-10
6101.84,3.2857574689243584e-10
6101.85,3.1644819869826667e-10
6101.86,3.056476404857937e-10
6101.87,2.96273383350306e-10
6101.88,2.8845034133272165e-10
6101.89,2.816549958864568e-10
6101.9,2.757061027567011e-10
6101.91,2.702888025423125e-10
6101.92,2.6529690862144694e-10
6101.93,2.608624956198576e-10
6101.94,2.572072439510188e-10
6101.95,2.542242243619968e-10
6101.96,2.5182533416861674e-10
6101.97,2.4968906895393404e-10
6101.98,2.4733653122469657e-10
6101.99,2.4447603350275014e-10
6102.0,2.411461480094148e-10
6102.01,2.3757106279185384e-10
6102.02,2.341682743842211e-10
6102.03,2.312287061680694e-10
6102.04,2.2883130715868257e-10
6102.05,2.2685311866235996e-10
6102.06,2.2507026706278622e-10
6102.07,2.2315446906375566e-10
6102.08,2.208679624259458e-10
6102.09,2.1812089236398815e-10
6102.1,2.1500025845808243e-10
6102.11,2.1170521383347404e-10
6102.12,2.0840699966290398e-10
6102.13,2.0520118172604623e-10
6102.14,2.0211911956924808e-10
6102.15,1.991992780033481e-10
6102.16,1.9652643060346593e-10
6102.17,1.941725285185191e-10
6102.18,1.9220983014038325e-10
6102.19,1.906828155000208e-10
6102.2,1.8963021687618775e-10
6102.21,1.890695524245518e-10
6102.22,1.8896451916429574e-10
6102.23,1.89213325904856e-10
6102.24,1.8969157164702817e-10
6102.25,1.9047678276649786e-10
6102.26,1.9151064544514319e-10
6102.27,1.9272886822605852e-10
6102.28,1.9444407920327065e-10
6102.29,1.9678081270390663e-10
6102.3,1.9982719070257525e-10
6102.31,2.0362134802411913e-10
6102.32,2.081933457066995e-10
6102.33,2.1354922534161806e-10
6102.34,2.1963949432424685e-10
6102.35,2.2637305360170942e-10
6102.36,2.336131091003195e-10
6102.37,2.412416581829796e-10
6102.38,2.492512797409855e-10
6102.39,2.5777188294272556e-10
6102.4,2.670553947650594e-10
6102.41,2.773641795607296e-10
6102.42,2.8894667466235903e-10
6102.43,3.019982660706653e-10
6102.44,3.167473439132969e-10
6102.45,3.334802845886905e-10
6102.46,3.525253432627672e-10
6102.47,3.7428013412822205e-10
6102.48,3.992023755557815e-10
6102.49,4.278361869908264e-10
6102.5,4.60849561791589e-10
6102.51,4.990729229663578e-10
6102.52,5.435432171811497e-10
6102.53,5.955476788073149e-10
6102.54,6.568014438203332e-10
6102.55,7.29360465302333e-10
6102.56,8.157877411342038e-10
6102.57,9.192276969251771e-10
6102.58,1.0433070104337893e-09
6102.59,1.191934004932152e-09
6102.6,1.3688526288271007e-09
6102.61,1.5764667129562542e-09
6102.62,1.8150017310727617e-09
6102.63,2.080949879387313e-09
6102.64,2.3659593690425776e-09
6102.65,2.657128523210103e-09
6102.66,2.9398918612349135e-09
6102.67,3.2020775737322384e-09
6102.68,3.435148529219924e-09
6102.69,3.6299666180625774e-09
6102.7,3.773181287695202e-09
6102.71,3.849935491854182e-09
6102.72,3.8531158415739805e-09
6102.73,3.790652141311549e-09
6102.74,3.681550975652967e-09
6102.75,3.540491376130962e-09
6102.76,3.36667750340033e-09
6102.77,3.149357938017314e-09
6102.78,2.897927382755566e-09
6102.79,2.5978669696499394e-09
6102.8,2.290394381610637e-09
6102.81,2.0021094644196098e-09
6102.82,1.7494710350683101e-09
6102.83,1.5379446286699994e-09
6102.84,1.3658936110082747e-09
6102.85,1.228429379153324e-09
6102.86,1.1201250907912752e-09
6102.87,1.0361592633859045e-09
6102.88,9.7306154024623e-10
6102.89,9.285272469959932e-10
6102.9,9.013295592804625e-10
6102.91,8.909752300180725e-10
6102.92,8.977661321008965e-10
6102.93,9.226960159998636e-10
6102.94,9.67298148364117e-10
6102.95,1.0332089985059713e-09
6102.96,1.1210355720406775e-09
6102.97,1.229098771984181e-09
6102.98,1.3479572566388105e-09
6102.99,1.4619752260599828e-09
6103.0,1.5477793227523232e-09
6103.01,1.5823447146166096e-09
6103.02,1.5542765272597862e-09
6103.03,1.4702258318410197e-09
6103.04,1.3504656706653083e-09
6103.05,1.2175532252358985e-09
6103.06,1.0889808663904452e-09
6103.07,9.942317910522671e-10
6103.08,8.981205344680557e-10
6103.09,8.204321845263866e-10
6103.1,7.59584875286114e-10
6103.11,7.133593840518125e-10
6103.12,6.794589368306787e-10
6103.13,6.558481621435753e-10
6103.14,6.410467696590438e-10
6103.15,6.341715279956955e-10
6103.16,6.349756205411053e-10
6103.17,6.437064279437121e-10
6103.18,6.609960900425199e-10
6103.19,6.878464223090065e-10
6103.2,7.256175555286252e-10
6103.21,7.761079118238635e-10
6103.22,8.413743113308978e-10
6103.23,9.233873269702584e-10
6103.24,1.0233198877018924e-09
6103.25,1.1387823020731216e-09
6103.26,1.2678245756975902e-09
6103.27,1.397722607578042e-09
6103.28,1.5101218958426448e-09
6103.29,1.5826700860254723e-09
6103.3,1.597087909755969e-09
6103.31,1.571332851879725e-09
6103.32,1.4698015465911762e-09
6103.33,1.3362724955015711e-09
6103.34,1.1926529618137833e-09
6103.35,1.054830948331262e-09
6103.36,9.316128026847879e-10
6103.37,8.26155795863525e-10
6103.38,7.396002325787228e-10
6103.39,6.673413923350244e-10
6103.4,6.083690668778437e-10
6103.41,5.603575148971606e-10
6103.42,5.212910235512157e-10
6103.43,5.203512048128847e-10
6103.44,4.944263394866066e-10
6103.45,4.728046735483443e-10
6103.46,4.5418748000656466e-10
6103.47,4.3740362238708195e-10
6103.48,4.21565194273789e-10
6103.49,4.061003752093241e-10
6103.5,3.9107835002517617e-10
6103.51,3.769674767738981e-10
6103.52,3.6437443359130657e-10
6103.53,3.537481550367237e-10
6103.54,3.4523184231651707e-10
6103.55,3.386450955754045e-10
6103.56,3.3355262229682505e-10
6103.57,3.293402167323507e-10
6103.58,3.278741370574041e-10
6103.59,3.237968366166554e-10
6103.6,3.194609971505452e-10
6103.61,3.1512099432930803e-10
6103.62,3.1118123737143585e-10
6103.63,3.077478130863947e-10
6103.64,3.352894767099753e-10
6103.65,3.349332790864565e-10
6103.66,3.4957830664505456e-10
6103.67,3.5229633370920324e-10
6103.68,3.5653816125485467e-10
6103.69,3.80122367475825e-10
6103.7,3.864267523268903e-10
6103.71,3.946896332400956e-10
6103.72,4.0368540010234164e-10
6103.73,4.317874071374494e-10
6103.74,4.420337953936873e-10
6103.75,4.5336571507284917e-10
6103.76,4.6361843238434505e-10
6103.77,4.796527117205399e-10
6103.78,4.992651658203478e-10
6103.79,5.228781323650787e-10
6103.8,5.502962293411831e-10
6103.81,5.803125568285397e-10
6103.82,6.103334519485971e-10
6103.83,6.364573838647085e-10
6103.84,6.547661625339436e-10
6103.85,6.634248200620634e-10
6103.86,6.624374663880726e-10
6103.87,6.588695957645352e-10
6103.88,6.545602159381253e-10
6103.89,6.512379944706665e-10
6103.9,6.489408465679826e-10
6103.91,6.469815524620987e-10
6103.92,6.448722273735697e-10
6103.93,6.426846170194831e-10
6103.94,6.408181691498722e-10
6103.95,6.395592469698799e-10
6103.96,6.388415030183197e-10
6103.97,6.383762445930218e-10
6103.98,6.380765139606985e-10
6103.99,6.38178324035578e-10
6104.0,6.449025739111459e-10
6104.01,6.481928060438699e-10
6104.02,6.53918286621585e-10
6104.03,6.62373773808358e-10
6104.04,6.758190486937069e-10
6104.05,6.896371148392337e-10
6104.06,7.055587502735844e-10
6104.07,7.22931260389561e-10
6104.08,7.41243147388068e-10
6104.09,7.593983249533178e-10
6104.1,7.800116191639083e-10
6104.11,8.026855976674748e-10
6104.12,8.281739556516034e-10
6104.13,8.572753760835558e-10
6104.14,8.908722205512704e-10
6104.15,9.29643094251965e-10
6104.16,9.736800098986476e-10
6104.17,1.0225676924512058e-09
6104.18,1.0759044292959838e-09
6104.19,1.1342485532210473e-09
6104.2,1.199624112504794e-09
6104.21,1.2748282208272664e-09
6104.22,1.3620258825547518e-09
6104.23,1.4601914225121308e-09
6104.24,1.5629272464831844e-09
6104.25,1.6577324348287887e-09
6104.26,1.7281384979460654e-09
6104.27,1.7593809652198851e-09
6104.28,1.7435850518160954e-09
6104.29,1.688050363422022e-09
6104.3,1.604893213526006e-09
6104.31,1.5092256676173905e-09
6104.32,1.4126580662137138e-09
6104.33,1.3215603627704068e-09
6104.34,1.2383260949544867e-09
6104.35,1.1632425189332626e-09
6104.36,1.0962513203371848e-09
6104.37,1.0368634453483336e-09
6104.38,9.842987741684269e-10
6104.39,9.401516352890838e-10
6104.4,9.038532777586854e-10
6104.41,8.752199461587132e-10
6104.42,8.537273461928268e-10
6104.43,8.386267921465214e-10
6104.44,8.29053492271571e-10
6104.45,8.241236002060393e-10
6104.46,8.230193849616298e-10
6104.47,8.251609231393604e-10
6104.48,8.303845504214946e-10
6104.49,8.390227271862732e-10
6104.5,8.518144061966568e-10
6104.51,8.696100982336678e-10
6104.52,8.930542213452017e-10
6104.53,9.219930926350504e-10
6104.54,9.549074220694504e-10
6104.55,9.882501177082631e-10
6104.56,1.016792360101877e-09
6104.57,1.0357204624131944e-09
6104.58,1.0432109019787782e-09
6104.59,1.0413936556136759e-09
6104.6,1.0344208832522397e-09
6104.61,1.025883552571167e-09
6104.62,1.0176718085154576e-09
6104.63,1.0106680916593276e-09
6104.64,1.0056043120661012e-09
6104.65,1.003363804705215e-09
6104.66,1.0047600744933155e-09
6104.67,1.0102091176107765e-09
6104.68,1.0196421193654883e-09
6104.69,1.032582617456615e-09
6104.7,1.0483344762917466e-09
6104.71,1.066133213873936e-09
6104.72,1.0854403808809986e-09
6104.73,1.1061442848872657e-09
6104.74,1.1285642470380354e-09
6104.75,1.153257127186723e-09
6104.76,1.1805462342901774e-09
6104.77,1.2099732180987088e-09
6104.78,1.2398774687942192e-09
6104.79,1.2676014955574908e-09
6104.8,1.2904363802278222e-09
6104.81,1.3069484911634027e-09
6104.82,1.3177860872925258e-09
6104.83,1.325295111461735e-09
6104.84,1.3323862916537752e-09
6104.85,1.3414208807206928e-09
6104.86,1.3538316058282995e-09
6104.87,1.3704408073308804e-09
6104.88,1.3919870250019374e-09
6104.89,1.419382185173194e-09
6104.9,1.4536400340059717e-09
6104.91,1.4955976459495384e-09
6104.92,1.5456726843059078e-09
6104.93,1.603479442501694e-09
6104.94,1.6672901540422656e-09
6104.95,1.7335146998967439e-09
6104.96,1.7964980150419555e-09
6104.97,1.8495633355551294e-09
6104.98,1.887235448016701e-09
6104.99,1.907736797875882e-09
6105.0,1.913774336538442e-09
6105.01,1.91113845602308e-09
6105.02,1.906157855159164e-09
6105.03,1.903922023504917e-09
6105.04,1.9075250544871033e-09
6105.05,1.918454967842337e-09
6105.06,1.9370623467212015e-09
6105.07,1.9631203042511267e-09
6105.08,1.9961832025826996e-09
6105.09,2.0357639860917273e-09
6105.1,2.0814469549813064e-09
6105.11,2.132873092716462e-09
6105.12,2.189744575795984e-09
6105.13,2.251828425688125e-09
6105.14,2.3190173041051746e-09
6105.15,2.3913712430988542e-09
6105.16,2.4691645095784727e-09
6105.17,2.552807294297845e-09
6105.18,2.642817451015105e-09
6105.19,2.7398001504610312e-09
6105.2,2.8444580214104656e-09
6105.21,2.9576250971475383e-09
6105.22,3.080306811443729e-09
6105.23,3.213687428114714e-09
6105.24,3.3591171742391376e-09
6105.25,3.5181534786845844e-09
6105.26,3.6926137155982293e-09
6105.27,3.884708358578833e-09
6105.28,4.0969589971524626e-09
6105.29,4.332056021730798e-09
6105.3,4.592451071471555e-09
6105.31,4.879581887748421e-09
6105.32,5.1927129879405405e-09
6105.33,5.5277664974523325e-09
6105.34,5.877423700800041e-09
6105.35,6.233168977318583e-09
6105.36,6.590441036963865e-09
6105.37,6.9529028126512435e-09
6105.38,7.3335761034073664e-09
6105.39,7.75161167111746e-09
6105.4,8.228062796964296e-09
6105.41,8.78341487799524e-09
6105.42,9.43685206069632e-09
6105.43,1.0208990550532316e-08
6105.44,1.112152098837935e-08
6105.45,1.2200122105056442e-08
6105.46,1.3477427329024606e-08
6105.47,1.4996080522601425e-08
6105.48,1.6816037296565646e-08
6105.49,1.9020068110605777e-08
6105.5,2.1721531446942884e-08
6105.51,2.5073153761979227e-08
6105.52,2.9274833549909773e-08
6105.53,3.4583524110263494e-08
6105.54,4.1316948254039066e-08
6105.55,4.981923089241493e-08
6105.56,6.034966519459903e-08
6105.57,7.280886773922148e-08
6105.58,8.627005496378164e-08
6105.59,9.854356663944972e-08
6105.6,1.0645599766619132e-07
6105.61,1.0737708595578787e-07
6105.62,1.010497458101133e-07
6105.63,8.977516017362376e-08
6105.64,7.674360935667612e-08
6105.65,6.43577147520102e-08
6105.66,5.3756246161875845e-08
6105.67,4.51718996242424e-08
6105.68,3.8408937889559864e-08
6105.69,3.314465723716174e-08
6105.7,2.9064158956980096e-08
6105.71,2.5904212936305515e-08
6105.72,2.3458650519843733e-08
6105.73,2.1571222035935217e-08
6105.74,2.01275733471687e-08
6105.75,1.904436169734442e-08
6105.76,1.826072007137093e-08
6105.77,1.773333239421791e-08
6105.78,1.7431458694426412e-08
6105.79,1.7334165220455728e-08
6105.8,1.7428632355726563e-08
6105.81,1.7708287594184763e-08
6105.82,1.817573573266033e-08
6105.83,1.8837387832486228e-08
6105.84,1.9707326245805094e-08
6105.85,2.0807106054928587e-08
6105.86,2.216718277642681e-08
6105.87,2.382883810704222e-08
6105.88,2.5846865963959966e-08
6105.89,2.829323895833394e-08
6105.9,3.126178740368054e-08
6105.91,3.487576123324821e-08
6105.92,3.929167368437681e-08
6105.93,4.471184039226216e-08
6105.94,5.139022033434303e-08
6105.95,5.963372094910802e-08
6105.96,6.978462756355251e-08
6105.97,8.215937036282758e-08
6105.98,9.689887227311575e-08
6105.99,1.1367792961053122e-07
6106.0,1.3128855572052376e-07
6106.01,1.4735344829790442e-07
6106.02,1.5871119798136832e-07
6106.03,1.6273385513603088e-07
6106.04,1.5874918863304623e-07
6106.05,1.4826712338046757e-07
6106.06,1.3397978127117843e-07
6106.07,1.1865153664192816e-07
6106.08,1.0446343352545094e-07
6106.09,9.27182850316202e-08
6106.1,8.390302945068715e-08
6106.11,7.800883731619934e-08
6106.12,7.485649543222163e-08
6106.13,7.42883552240646e-08
6106.14,7.622902376891208e-08
6106.15,8.066120193167985e-08
6106.16,8.752004662670231e-08
6106.17,9.653182372015328e-08
6106.18,1.0703489062830875e-07
6106.19,1.1796224795017402e-07
6106.2,1.2811727480551734e-07
6106.21,1.3659304271396228e-07
6106.22,1.4289945136129524e-07
6106.23,1.4669396909470246e-07
6106.24,1.4754279066592605e-07
6106.25,1.4493345022383297e-07
6106.26,1.3844305568579232e-07
6106.27,1.2811654319156359e-07
6106.28,1.1485424379320044e-07
6106.29,1.002568361350794e-07
6106.3,8.595127335053873e-08
6106.31,7.303247767644224e-08
6106.32,6.196208587230931e-08
6106.33,5.275571914463441e-08
6106.34,4.5209046581324065e-08
6106.35,3.904736914351855e-08
6106.36,3.40049610382854e-08
6106.37,2.9855960706570956e-08
6106.38,2.6416914550803102e-08
6106.39,2.354325065607385e-08
6106.4,2.1124179929724167e-08
6106.41,1.907136708887802e-08
6106.42,1.7316049397398272e-08
6106.43,1.5805793444224867e-08
6106.44,1.449786117653761e-08
6106.45,1.3358715842585226e-08
6106.46,1.2361308596824483e-08
6106.47,1.1484928922220973e-08
6106.48,1.0707224120692729e-08
6106.49,1.0013158109650452e-08
6106.5,9.3877570688717e-09
6106.51,8.819007960366985e-09
6106.52,8.297878609917788e-09
6106.53,7.818413219053826e-09
6106.54,7.376929399527068e-09
6106.55,6.970954560730416e-09
6106.56,6.598355060601803e-09
6106.57,6.2568648071809105e-09
6106.58,5.9439869393361994e-09
6106.59,5.657006310699371e-09
6106.6,5.393456201879973e-09
6106.61,5.150731671538569e-09
6106.62,4.9265119109250996e-09
6106.63,4.718793662795845e-09
6106.64,4.525913970044428e-09
6106.65,4.346551922835122e-09
6106.66,4.179556003063666e-09
6106.67,4.023926221319885e-09
6106.68,3.878841756632959e-09
6106.69,3.743732186760147e-09
6106.7,3.6182795620548975e-09
6106.71,3.502122777262316e-09
6106.72,3.3968870079317374e-09
6106.73,3.2984431542471487e-09
6106.74,3.2082210959123967e-09
6106.75,3.1258514697162767e-09
6106.76,3.0510528408811008e-09
6106.77,2.983381770040023e-09
6106.78,2.921715607637264e-09
6106.79,2.8638598295739726e-09
6106.8,2.806969574514256e-09
6106.81,2.749057734260523e-09
6106.82,2.690146447867665e-09
6106.83,2.6323610760201665e-09
6106.84,2.5783081956220687e-09
6106.85,2.5295996815755833e-09
6106.86,2.4859660991787605e-09
6106.87,2.4454016817834637e-09
6106.88,2.405160332986769e-09
6106.89,2.3636988205148642e-09
6106.9,2.3217465965920084e-09
6106.91,2.2819470636801246e-09
6106.92,2.2472448314705472e-09
6106.93,2.2197540739228495e-09
6106.94,2.200485636354573e-09
6106.95,2.189701598357033e-09
6106.96,2.1874302586406776e-09
6106.97,2.1939363235136462e-09
6106.98,2.2101013843097868e-09
6106.99,2.241200569916107e-09
6107.0,2.281459515378742e-09
6107.01,2.336829675009766e-09
6107.02,2.4098342902654427e-09
6107.03,2.503746020366324e-09
6107.04,2.6228716138605826e-09
6107.05,2.772931288046802e-09
6107.06,2.9609716054163295e-09
6107.07,3.1950107439645382e-09
6107.08,3.4838336171021443e-09
6107.09,3.8353328968944095e-09
6107.1,4.2535545861088415e-09
6107.11,4.733598395272556e-09
6107.12,5.2532325465873635e-09
6107.13,5.764665397160477e-09
6107.14,6.193321112320719e-09
6107.15,6.452331997029377e-09
6107.16,6.476713890445193e-09
6107.17,6.254853918223955e-09
6107.18,5.8355438953180886e-09
6107.19,5.301765049922178e-09
6107.2,4.7356410203046825e-09
6107.21,4.195510085863395e-09
6107.22,3.7121113590929185e-09
6107.23,3.2953115974089373e-09
6107.24,2.943213155811987e-09
6107.25,2.6482330470322408e-09
6107.26,2.401401276966691e-09
6107.27,2.1941763541905587e-09
6107.28,2.019520029138335e-09
6107.29,1.87150845204898e-09
6107.3,1.7454690489527648e-09
6107.31,1.6376958648809622e-09
6107.32,1.5452653553054948e-09
6107.33,1.4658326504134128e-09
6107.34,1.3974786874018668e-09
6107.35,1.338421999149528e-09
6107.36,1.2869078442159261e-09
6107.37,1.2411585426662825e-09
6107.38,1.1995623138414186e-09
6107.39,1.1610604677607869e-09
6107.4,1.1253715262934086e-09
6107.41,1.0929050298514052e-09
6107.42,1.0642779459250969e-09
6107.43,1.0398651468606541e-09
6107.44,1.0194440481571208e-09
6107.45,1.0020178706292607e-09
6107.46,9.857716911591163e-10
6107.47,9.683963810537887e-10
6107.48,9.47903331829489e-10
6107.49,9.234821652713997e-10
6107.5,8.959048451611651e-10
6107.51,8.669290425033154e-10
6107.52,8.384148405945445e-10
6107.53,8.117363922552141e-10
6107.54,7.875443356959525e-10
6107.55,7.660067522712492e-10
6107.56,7.469804597510143e-10
6107.57,7.297813897152262e-10
6107.58,7.147977117022496e-10
6107.59,7.011724090064654e-10
6107.6,6.88448141634941e-10
6107.61,6.762298405789131e-10
6107.62,6.643075329308582e-10
6107.63,6.525882392588768e-10
6107.64,6.410508958845268e-10
6107.65,6.297188004952615e-10
6107.66,6.186774617637488e-10
6107.67,6.080777353635147e-10
6107.68,5.981474176136716e-10
6107.69,5.890653729285133e-10
6107.7,5.809405204950666e-10
6107.71,5.739518664230597e-10
6107.72,5.68100467691055e-10
6107.73,5.634996144326632e-10
6107.74,5.601212182431863e-10
6107.75,5.578576987129017e-10
6107.76,5.564030439301067e-10
6107.77,5.551971204777503e-10
6107.78,5.535457128430811e-10
6107.79,5.508009985127322e-10
6107.8,5.466441843835005e-10
6107.81,5.411889002976418e-10
6107.82,5.348870497007182e-10
6107.83,5.283546317794026e-10
6107.84,5.2220670677056e-10
6107.85,5.168827274861885e-10
6107.86,5.125388027031016e-10
6107.87,5.090484887850662e-10
6107.88,5.061465375582264e-10
6107.89,5.036461174854983e-10
6107.9,5.015759094443939e-10
6107.91,5.002181989684544e-10
6107.92,4.999592530142879e-10
6107.93,5.011069214021373e-10
6107.94,4.813555037946168e-10
6107.95,4.855702091236718e-10
6107.96,4.909924450591599e-10
6107.97,4.976655716444349e-10
6107.98,5.060062393058977e-10
6107.99,5.168163845360587e-10
6108.0,5.309181001536317e-10
6108.01,5.48788943646682e-10
6108.02,5.697735803369676e-10
6108.03,5.920684229263907e-10
6108.04,6.123000194464338e-10
6108.05,6.265087478982586e-10
6108.06,6.318978855055709e-10
6108.07,6.281435057813027e-10
6108.08,6.169197555560049e-10
6108.09,6.004435195762877e-10
6108.1,5.753804634419257e-10
6108.11,5.545849829561744e-10
6108.12,5.350415299543621e-10
6108.13,5.18298958797042e-10
6108.14,5.052513030457581e-10
6108.15,4.960901823543573e-10
6108.16,4.903234991204563e-10
6108.17,4.872610502881413e-10
6108.18,4.859285650596101e-10
6108.19,4.664038112596659e-10
6108.2,4.659000158156955e-10
6108.21,4.6520102943324743e-10
6108.22,4.648338604186796e-10
6108.23,4.657598390401422e-10
6108.24,4.689576309619058e-10
6108.25,4.750169740862529e-10
6108.26,4.840060193974545e-10
6108.27,4.954591554142302e-10
6108.28,5.084375878826909e-10
6108.29,5.210555873413388e-10
6108.3,5.305674789942497e-10
6108.31,5.332355113749628e-10
6108.32,5.268773904927701e-10
6108.33,5.124537729221134e-10
6108.34,4.936613255657976e-10
6108.35,4.7457850950822e-10
6108.36,4.576161409937661e-10
6108.37,4.428197729423003e-10
6108.38,4.2875372524013e-10
6108.39,4.1340433894872617e-10
6108.4,3.9585278749782647e-10
6108.41,3.767202239753884e-10
6108.42,3.443995783166698e-10
6108.43,3.267068910312782e-10
6108.44,3.1120495542071566e-10
6108.45,2.981016374593026e-10
6108.46,2.872410681080676e-10
6108.47,2.783301819077892e-10
6108.48,2.710580771476224e-10
6108.49,2.6501041617686076e-10
6108.5,2.600196662618273e-10
6108.51,2.5581986328372634e-10
6108.52,2.52520579704705e-10
6108.53,2.4931906112027725e-10
6108.54,2.466234816030245e-10
6108.55,2.4400450240073826e-10
6108.56,2.414466878373039e-10
6108.57,2.390226258014669e-10
6108.58,2.368464912865083e-10
6108.59,2.350139028576117e-10
6108.6,2.3358876342465825e-10
6108.61,2.326010939620289e-10
6108.62,2.320599605867353e-10
6108.63,2.3192146054714785e-10
6108.64,2.3224592768062665e-10
6108.65,2.3297334800172004e-10
6108.66,2.3409035525213473e-10
6108.67,2.356084443486074e-10
6108.68,2.078105927305465e-10
6108.69,2.1083606034835346e-10
6108.7,2.1426543796399988e-10
6108.71,2.1847496535851878e-10
6108.72,2.2351772269568569e-10
6108.73,2.2929189867630407e-10
6108.74,2.354271111663194e-10
6108.75,2.412605531160475e-10
6108.76,2.2883223267002014e-10
6108.77,2.3212999168167345e-10
6108.78,2.1597595871900787e-10
6108.79,2.1692704200957286e-10
6108.8,2.1765796535806944e-10
6108.81,2.186015519020535e-10
6108.82,2.172974474036965e-10
6108.83,2.1819044225271178e-10
6108.84,2.183659246416869e-10
6108.85,2.176581342497424e-10
6108.86,2.1635836724740156e-10
6108.87,2.1501870239910706e-10
6108.88,2.1410809629477508e-10
6108.89,2.1380515645220863e-10
6108.9,2.1402048579333454e-10
6108.91,2.1457217794138944e-10
6108.92,2.1536266048926273e-10
6108.93,1.878886754840772e-10
6108.94,1.896865341203704e-10
6108.95,1.9221703428584688e-10
6108.96,1.9570531262732535e-10
6108.97,2.0032287972714395e-10
6108.98,2.0613885504572736e-10
6108.99,2.1304075886128584e-10
6109.0,2.2070941639276278e-10
6109.01,2.3052525507546502e-10
6109.02,2.37260390576206e-10
6109.03,2.4181010466305224e-10
6109.04,2.4542674145427787e-10
6109.05,2.480214702443367e-10
6109.06,2.505891852466359e-10
6109.07,2.5413206406716565e-10
6109.08,2.5943943975720245e-10
6109.09,2.670703420977382e-10
6109.1,2.7743443117496883e-10
6109.11,2.9087712770310624e-10
6109.12,3.076754141977839e-10
6109.13,3.280509318313803e-10
6109.14,3.516240688238146e-10
6109.15,3.778417798497301e-10
6109.16,4.055611911580247e-10
6109.17,4.326036603570852e-10
6109.18,4.565908885535478e-10
6109.19,4.750655845434116e-10
6109.2,4.865936738021644e-10
6109.21,4.913686987371831e-10
6109.22,4.905191580342525e-10
6109.23,4.861876974312299e-10
6109.24,4.780659947005339e-10
6109.25,4.656800215170322e-10
6109.26,4.49590419944966e-10
6109.27,4.3169071142667743e-10
6109.28,4.1463310156774673e-10
6109.29,4.0049425942620495e-10
6109.3,3.9029346652694753e-10
6109.31,3.7035526340900014e-10
6109.32,3.6793849223940526e-10
6109.33,3.686293483653297e-10
6109.34,3.719209630652412e-10
6109.35,3.774398065865311e-10
6109.36,3.8497621978638843e-10
6109.37,3.9484160110292235e-10
6109.38,4.0615991925068673e-10
6109.39,4.1937741162433736e-10
6109.4,4.353283190065045e-10
6109.41,4.527540325759943e-10
6109.42,4.725542150068734e-10
6109.43,4.951805664841531e-10
6109.44,5.206700626079368e-10
6109.45,5.493872184573891e-10
6109.46,5.819769010408221e-10
6109.47,6.190919214675418e-10
6109.48,6.612227552200365e-10
6109.49,7.093223954874736e-10
6109.5,7.649788178930012e-10
6109.51,8.28086428285357e-10
6109.52,9.002449385922202e-10
6109.53,9.82507334838094e-10
6109.54,1.0748744133399477e-09
6109.55,1.17660386848537e-09
6109.56,1.2855691164481848e-09
6109.57,1.3989701369573023e-09
6109.58,1.5149778216984382e-09
6109.59,1.634942737253593e-09
6109.6,1.764515070177382e-09
6109.61,1.912463545657057e-09
6109.62,2.0894415912104225e-09
6109.63,2.304784788013518e-09
6109.64,2.566612177418878e-09
6109.65,2.8807687047011104e-09
6109.66,3.249447289699657e-09
6109.67,3.661404201439122e-09
6109.68,4.0958889761272665e-09
6109.69,4.513024752177629e-09
6109.7,4.858770582218246e-09
6109.71,5.079791613532971e-09
6109.72,5.145858753763697e-09
6109.73,5.065766142056409e-09
6109.74,4.884148460149046e-09
6109.75,4.661882914663289e-09
6109.76,4.455220522543936e-09
6109.77,4.304672950154641e-09
6109.78,4.23544830303299e-09
6109.79,4.259082139674629e-09
6109.8,4.381658675280329e-09
6109.81,4.602941874751119e-09
6109.82,4.916425420062825e-09
6109.83,5.2996417358967445e-09
6109.84,5.714906128267288e-09
6109.85,6.102372133368157e-09
6109.86,6.391353615664334e-09
6109.87,6.524904204276147e-09
6109.88,6.4872478415676655e-09
6109.89,6.313339648633342e-09
6109.9,6.072593033649239e-09
6109.91,5.840560565795261e-09
6109.92,5.6784878300819165e-09
6109.93,5.6273490300135604e-09
6109.94,5.712745735747225e-09
6109.95,5.950830954101691e-09
6109.96,6.351964811337561e-09
6109.97,6.919028275765077e-09
6109.98,7.639317974675935e-09
6109.99,8.470165645705439e-09
6110.0,9.32246757696081e-09
6110.01,1.0056774116935945e-08
6110.02,1.0510324617498163e-08
6110.03,1.055831130188599e-08
6110.04,1.0174917238201123e-08
6110.05,9.444645335990282e-09
6110.06,8.514556838640988e-09
6110.07,7.529575215429884e-09
6110.08,6.5935111858732506e-09
6110.09,5.762710294705757e-09
6110.1,5.056621957986081e-09
6110.11,4.470837261376692e-09
6110.12,3.987286913883035e-09
6110.13,3.58169438374076e-09
6110.14,3.229889615505552e-09
6110.15,2.9137947076146913e-09
6110.16,2.6236339146748867e-09
6110.17,2.3571433023727434e-09
6110.18,2.1157170728080157e-09
6110.19,1.900983084757311e-09
6110.2,1.7131005849616017e-09
6110.21,1.5506112331927745e-09
6110.22,1.4109446574853812e-09
6110.23,1.2910131683064922e-09
6110.24,1.1876287903945833e-09
6110.25,1.0977933535545105e-09
6110.26,1.0189390499779756e-09
6110.27,9.491209708058333e-10
6110.28,8.869925075891673e-10
6110.29,8.317169049215487e-10
6110.3,7.804303788570644e-10
6110.31,7.368515274449321e-10
6110.32,6.980105016401878e-10
6110.33,6.629271505843676e-10
6110.34,6.305806438148767e-10
6110.35,6.001466215698126e-10
6110.36,5.712488329155029e-10
6110.37,5.439328702407371e-10
6110.38,5.183527573500569e-10
6110.39,4.946381122343127e-10
6110.4,4.725822670648008e-10
6110.41,4.518964702879697e-10
6110.42,4.323003749319008e-10
6110.43,4.1364605839022127e-10
6110.44,3.9596713591613203e-10
6110.45,3.7941192764623296e-10
6110.46,3.6413359312956974e-10
6110.47,3.502144845740714e-10
6110.48,3.376632315475889e-10
6110.49,3.264148559225439e-10
6110.5,3.163929499622783e-10
6110.51,3.074998700926933e-10
6110.52,2.996275717101033e-10
6110.53,2.926232517383263e-10
6110.54,2.8629971746202224e-10
6110.55,2.804683219805763e-10
6110.56,2.7500138367971283e-10
6110.57,2.698535419024819e-10
6110.58,2.6506158443631657e-10
6110.59,2.606977589970556e-10
6110.6,2.568062247320093e-10
6110.61,2.53347431589886e-10
6110.62,2.5018530423431025e-10
6110.63,2.471417486926363e-10
6110.64,2.4406158327789264e-10
6110.65,2.408883306097929e-10
6110.66,2.3764424764763397e-10
6110.67,2.3440864811711716e-10
6110.68,2.3130134954761845e-10
6110.69,2.2847503346100773e-10
6110.7,2.261107427188853e-10
6110.71,2.244197621421402e-10
6110.72,2.235521721268939e-10
6110.73,2.2359658383360021e-10
6110.74,2.2494556273974035e-10
6110.75,2.266273355044448e-10
6110.76,2.2894484832376945e-10
6110.77,2.3188312204596367e-10
6110.78,2.355545710730019e-10
6110.79,2.402149151840353e-10
6110.8,2.4606961548813484e-10
6110.81,2.533836149902211e-10
6110.82,2.6196177010611214e-10
6110.83,2.7144226506110973e-10
6110.84,2.8135698428861925e-10
6110.85,2.914527937016549e-10
6110.86,3.015368945776749e-10
6110.87,3.1155031670836405e-10
6110.88,3.215956047868656e-10
6110.89,3.3201870103429356e-10
6110.9,3.4336743143717927e-10
6110.91,3.559901397115847e-10
6110.92,3.694138930219205e-10
6110.93,3.8193680333193726e-10
6110.94,3.9083163870376316e-10
6110.95,3.9344462620075736e-10
6110.96,3.8850972849569334e-10
6110.97,3.7696876967658245e-10
6110.98,3.6124982586289896e-10
6110.99,3.441165184744719e-10
6111.0,3.2775101519692457e-10
6111.01,3.1355967389733645e-10
6111.02,3.0237674212632856e-10
6111.03,2.9469539837040917e-10
6111.04,2.907668188096124e-10
6111.05,2.9068404078431066e-10
6111.06,2.94444284916826e-10
6111.07,3.023674424516466e-10
6111.08,3.1371515595267493e-10
6111.09,3.2857631937001776e-10
6111.1,3.4641013893498444e-10
6111.11,3.6597848863028564e-10
6111.12,3.851846163543268e-10
6111.13,4.0139787743775175e-10
6111.14,4.1192791982903183e-10
6111.15,4.1510088390580125e-10
6111.16,4.1115499879024733e-10
6111.17,4.0227739829984283e-10
6111.18,3.916505489160574e-10
6111.19,3.822424776135041e-10
6111.2,3.759731610345708e-10
6111.21,3.7341576748042984e-10
6111.22,3.7386593379134355e-10
6111.23,3.7563059983192746e-10
6111.24,3.7658043468229066e-10
6111.25,3.7492269363592566e-10
6111.26,3.6976125201977085e-10
6111.27,3.611580950593506e-10
6111.28,3.4972165040272675e-10
6111.29,3.3629052913716684e-10
6111.3,3.218514628021031e-10
6111.31,3.074885058094037e-10
6111.32,2.9420436368014946e-10
6111.33,2.8266617858410725e-10
6111.34,2.7318655046689925e-10
6111.35,2.657551500788911e-10
6111.36,2.6019103179776756e-10
6111.37,2.562823762919005e-10
6111.38,2.5354431147134374e-10
6111.39,2.524913354230845e-10
6111.4,2.5270043277586487e-10
6111.41,2.5412358810621405e-10
6111.42,2.5663865247721676e-10
6111.43,2.601396314200785e-10
6111.44,2.6454326860765985e-10
6111.45,2.698083719729919e-10
6111.46,2.7597007687314947e-10
6111.47,2.831333297636829e-10
6111.48,2.9146906665697615e-10
6111.49,3.011864551015962e-10
6111.5,3.125120531194472e-10
6111.51,3.256685601979162e-10
6111.52,3.4088474432646685e-10
6111.53,3.584044241834536e-10
6111.54,3.7853414157105103e-10
6111.55,4.0169000958524024e-10
6111.56,4.2835395744774346e-10
6111.57,4.5880656800527935e-10
6111.58,4.925707558471859e-10
6111.59,5.378494774005636e-10
6111.6,5.709322826941691e-10
6111.61,5.978997306399281e-10
6111.62,6.236403791688578e-10
6111.63,6.357711823388653e-10
6111.64,6.455305529359625e-10
6111.65,6.615270212469883e-10
6111.66,6.797624491280859e-10
6111.67,7.06061838173771e-10
6111.68,7.417022779659516e-10
6111.69,7.878067185867101e-10
6111.7,8.458843972550688e-10
6111.71,9.177695811639128e-10
6111.72,1.0051673544962535e-09
6111.73,1.1086688523757145e-09
6111.74,1.2288082579622934e-09
6111.75,1.3583614150914916e-09
6111.76,1.478684117923761e-09
6111.77,1.5811761769536847e-09
6111.78,1.6493782323665818e-09
6111.79,1.6808957264394867e-09
6111.8,1.6817502020333524e-09
6111.81,1.6654303035160187e-09
6111.82,1.6477025247254205e-09
6111.83,1.6421941363443178e-09
6111.84,1.6612177395125084e-09
6111.85,1.717045134067959e-09
6111.86,1.7945435867984247e-09
6111.87,1.908216242187434e-09
6111.88,2.0621013886603334e-09
6111.89,2.261297063887131e-09
6111.9,2.5119737485320256e-09
6111.91,2.82038886507719e-09
6111.92,3.191136535163632e-09
6111.93,3.624568264786542e-09
6111.94,4.114426223217989e-09
6111.95,4.647377664393048e-09
6111.96,5.219976241806312e-09
6111.97,5.787044178919726e-09
6111.98,6.338049727487046e-09
6111.99,6.825608738872152e-09
6112.0,7.173975699099211e-09
6112.01,7.304898298318425e-09
6112.02,7.181010818001206e-09
6112.03,6.829665415660264e-09
6112.04,6.328060478419818e-09
6112.05,5.767506210664768e-09
6112.06,5.22492632646247e-09
6112.07,4.751760232945874e-09
6112.08,4.374973106432364e-09
6112.09,4.125423705200469e-09
6112.1,3.95169385703617e-09
6112.11,3.860557411794451e-09
6112.12,3.829368660964159e-09
6112.13,3.833188593642969e-09
6112.14,3.8493551327186495e-09
6112.15,3.8588537503364645e-09
6112.16,3.848288142222338e-09
6112.17,3.814905567678771e-09
6112.18,3.770931040244006e-09
6112.19,3.740639667741784e-09
6112.2,3.7524124152346546e-09
6112.21,3.831887476823906e-09
6112.22,3.999036396220096e-09
6112.23,4.2681976413117836e-09
6112.24,4.647522037836616e-09
6112.25,5.1366157545146665e-09
6112.26,5.721481782441423e-09
6112.27,6.370367710557118e-09
6112.28,7.033853853373075e-09
6112.29,7.6501003997461e-09
6112.3,8.155723571091435e-09
6112.31,8.502184861566553e-09
6112.32,8.665855620542971e-09
6112.33,8.638129657929193e-09
6112.34,8.40833661333673e-09
6112.35,7.971347182890866e-09
6112.36,7.381388929567306e-09
6112.37,6.658992703378562e-09
6112.38,5.917788418631834e-09
6112.39,5.226678818420385e-09
6112.4,4.630951288001558e-09
6112.41,4.1189563077270445e-09
6112.42,3.696174277633684e-09
6112.43,3.354058525205391e-09
6112.44,3.083894930032912e-09
6112.45,2.8775623803947695e-09
6112.46,2.7282224579746562e-09
6112.47,2.6308112822663796e-09
6112.48,2.5825136018527732e-09
6112.49,2.5824870341252345e-09
6112.5,2.631466531842831e-09
6112.51,2.730747459713332e-09
6112.52,2.8806570297714993e-09
6112.53,3.078083515995592e-09
6112.54,3.312630916664734e-09
6112.55,3.5624449673045525e-09
6112.56,3.7920122459959395e-09
6112.57,3.96653160502256e-09
6112.58,4.025088728626362e-09
6112.59,3.957096093470773e-09
6112.6,3.771917725137581e-09
6112.61,3.503526511777314e-09
6112.62,3.1952115563170525e-09
6112.63,2.8848612684246275e-09
6112.64,2.5977066091359053e-09
6112.65,2.3462534730015537e-09
6112.66,2.1338283324186836e-09
6112.67,1.9585429740574553e-09
6112.68,1.8163094904257744e-09
6112.69,1.7027037157388233e-09
6112.7,1.6140365271552895e-09
6112.71,1.547503262629641e-09
6112.72,1.5015835054675617e-09
6112.73,1.4751806865481977e-09
6112.74,1.4679294577233595e-09
6112.75,1.4801196946932924e-09
6112.76,1.5127101561166543e-09
6112.77,1.567445142955066e-09
6112.78,1.6467699341409096e-09
6112.79,1.7540261780659474e-09
6112.8,1.893202513227877e-09
6112.81,2.0683033414104223e-09
6112.82,2.281692704592739e-09
6112.83,2.5308941585262984e-09
6112.84,2.803860124446089e-09
6112.85,3.0741871598314887e-09
6112.86,3.3004171729093316e-09
6112.87,3.434900077339763e-09
6112.88,3.4425231208025394e-09
6112.89,3.3186725279860274e-09
6112.9,3.0917428980825813e-09
6112.91,2.8079749468990067e-09
6112.92,2.511472720555234e-09
6112.93,2.2324223158522675e-09
6112.94,1.985799688868819e-09
6112.95,1.7755828210898968e-09
6112.96,1.5995978382549068e-09
6112.97,1.4533192700969666e-09
6112.98,1.3298654576656745e-09
6112.99,1.2276684906198419e-09
6113.0,1.1412557334271975e-09
6113.01,1.0676551611872219e-09
6113.02,1.0047714688514448e-09
6113.03,9.510879545241798e-10
6113.04,9.053956164942836e-10
6113.05,8.648025651319808e-10
6113.06,8.320382945257113e-10
6113.07,8.04420661137839e-10
6113.08,7.812339522617045e-10
6113.09,7.581233865341679e-10
6113.1,7.419996163141515e-10
6113.11,7.288553921287905e-10
6113.12,7.181833894883888e-10
6113.13,7.096886253537431e-10
6113.14,7.031506130065572e-10
6113.15,6.984069183073064e-10
6113.16,6.952589485670863e-10
6113.17,6.934242872782542e-10
6113.18,6.922886232679058e-10
6113.19,6.918740242797708e-10
6113.2,6.917999830352398e-10
6113.21,6.922389181117285e-10
6113.22,6.933961592213306e-10
6113.23,6.953004495700953e-10
6113.24,6.976200091387353e-10
6113.25,6.997043706759138e-10
6113.26,7.009888852801617e-10
6113.27,7.012464077852954e-10
6113.28,7.008247640145693e-10
6113.29,7.003632767534107e-10
6113.3,7.00500846023612e-10
6113.31,7.015557367835618e-10
6113.32,7.036282780913219e-10
6113.33,7.065560055613162e-10
6113.34,7.100455652463103e-10
6113.35,7.137588891119925e-10
6113.36,7.176022491872621e-10
6113.37,7.216384794137483e-10
6113.38,7.261114862322848e-10
6113.39,7.312398779059019e-10
6113.4,7.371753650552839e-10
6113.41,7.439806767881323e-10
6113.42,7.516714248436277e-10
6113.43,7.602385859855603e-10
6113.44,7.696658487017543e-10
6113.45,7.799297624031749e-10
6113.46,7.909837255347501e-10
6113.47,8.027502395592214e-10
6113.48,8.150711385497201e-10
6113.49,8.277656159322587e-10
6113.5,8.406725280587578e-10
6113.51,8.537398223897296e-10
6113.52,8.670715827023073e-10
6113.53,8.808442543659575e-10
6113.54,8.971686865833433e-10
6113.55,9.123885028528229e-10
6113.56,9.285309608549933e-10
6113.57,9.457037991484954e-10
6113.58,9.640017592546844e-10
6113.59,9.85181146142266e-10
6113.6,1.005708858070284e-09
6113.61,1.0270709009927447e-09
6113.62,1.048895675865534e-09
6113.63,1.0707791673836527e-09
6113.64,1.0924780710116202e-09
6113.65,1.1140668527453904e-09
6113.66,1.1359198965303548e-09
6113.67,1.1585523002015841e-09
6113.68,1.182412110005617e-09
6113.69,1.2078090155974503e-09
6113.7,1.2349331543086138e-09
6113.71,1.2638950295856511e-09
6113.72,1.2947814701326323e-09
6113.73,1.3276842850300528e-09
6113.74,1.3627054616387935e-09
6113.75,1.4000137298632311e-09
6113.76,1.4397796016102415e-09
6113.77,1.4822295764952787e-09
6113.78,1.527639971115796e-09
6113.79,1.5763466418958096e-09
6113.8,1.6287559447570706e-09
6113.81,1.6853548676827895e-09
6113.82,1.7467412124587817e-09
6113.83,1.8136216260733532e-09
6113.84,1.886850529567267e-09
6113.85,1.9674656453629023e-09
6113.86,2.056726767006594e-09
6113.87,2.156217690859693e-09
6113.88,2.2678658172237994e-09
6113.89,2.3938582772248273e-09
6113.9,2.53650098989918e-09
6113.91,2.697758165300252e-09
6113.92,2.878392973848195e-09
6113.93,3.0766795150724186e-09
6113.94,3.2869956300852423e-09
6113.95,3.49904419813973e-09
6113.96,3.697426549988256e-09
6113.97,3.866895122891156e-09
6113.98,3.996740121959372e-09
6113.99,4.0858726233599065e-09
6114.0,4.144884967887792e-09
6114.01,4.191387076010279e-09
6114.02,4.2431851415626525e-09
6114.03,4.311997838981099e-09
6114.04,4.400258335086053e-09
6114.05,4.500783971136153e-09
6114.06,4.600476179575932e-09
6114.07,4.686298665940312e-09
6114.08,4.7523763195024226e-09
6114.09,4.803472889534762e-09
6114.1,4.852013371862332e-09
6114.11,4.911923448708252e-09
6114.12,4.993957689549731e-09
6114.13,5.104436206273402e-09
6114.14,5.246225409900741e-09
6114.15,5.420284919091994e-09
6114.16,5.62684521646732e-09
6114.17,5.866104606048066e-09
6114.18,6.138633602171182e-09
6114.19,6.445696791522867e-09
6114.2,6.789597905851625e-09
6114.21,7.17381766870199e-09
6114.22,7.60302360976859e-09
6114.23,8.082953385378347e-09
6114.24,8.620453964385316e-09
6114.25,9.22370060726966e-09
6114.26,9.902981613353435e-09
6114.27,1.0670814870019428e-08
6114.28,1.1542862733006034e-08
6114.29,1.2538360083230194e-08
6114.3,1.3681419954162691e-08
6114.31,1.5002281213078742e-08
6114.32,1.653896680650254e-08
6114.33,1.8341465882709778e-08
6114.34,2.0473277331567636e-08
6114.35,2.3019167105696357e-08
6114.36,2.6087253197319546e-08
6114.37,2.982432212510256e-08
6114.38,3.4423726151756815e-08
6114.39,4.013867846388383e-08
6114.4,4.7291183820873504e-08
6114.41,5.626234766231214e-08
6114.42,6.743206367346603e-08
6114.43,8.100397345050228e-08
6114.44,9.665088994769899e-08
6114.45,1.1301574082575652e-07
6114.46,1.2743255911943224e-07
6114.47,1.3658501890217637e-07
6114.48,1.3834110830645163e-07
6114.49,1.33392767574882e-07
6114.5,1.2479534634158452e-07
6114.51,1.1582449526904206e-07
6114.52,1.0840303079224525e-07
6114.53,1.030663461194737e-07
6114.54,9.972032147448081e-08
6114.55,9.829430056419864e-08
6114.56,9.893210563771823e-08
6114.57,1.0176626447216675e-07
6114.58,1.0653340775367058e-07
6114.59,1.1245891133362227e-07
6114.6,1.1877256450367453e-07
6114.61,1.2545674743532826e-07
6114.62,1.331173064115046e-07
6114.63,1.4180238960210932e-07
6114.64,1.4994862938687602e-07
6114.65,1.5452629783471665e-07
6114.66,1.5260162894460546e-07
6114.67,1.4336083850966277e-07
6114.68,1.2872068658816714e-07
6114.69,1.1191589689290353e-07
6114.7,9.5658732627687e-08
6114.71,8.136967760001658e-08
6114.72,6.939805575146821e-08
6114.73,5.952454683288363e-08
6114.74,5.1353478266559485e-08
6114.75,4.45211197469715e-08
6114.76,3.8762886798424695e-08
6114.77,3.3897403977828144e-08
6114.78,2.978882242735592e-08
6114.79,2.632138428727279e-08
6114.8,2.3392700010055644e-08
6114.81,2.0910258578919312e-08
6114.82,1.879558171917669e-08
6114.83,1.6983498026782626e-08
6114.84,1.542121174091384e-08
6114.85,1.406597067416865e-08
6114.86,1.2883964931357183e-08
6114.87,1.1848370815537369e-08
6114.88,1.0935870595935687e-08
6114.89,1.0127781662991578e-08
6114.9,9.408707359899885e-09
6114.91,8.765888646752503e-09
6114.92,8.188821484977218e-09
6114.93,7.669164632618897e-09
6114.94,7.199566077504722e-09
6114.95,6.773670363905363e-09
6114.96,6.386066512807691e-09
6114.97,6.031630486856123e-09
6114.98,5.707106875923793e-09
6114.99,5.408602096667789e-09
6115.0,5.13312272951277e-09
6115.01,4.878141354487487e-09
6115.02,4.641591750672511e-09
6115.03,4.42176348588285e-09
6115.04,4.2150886750865774e-09
6115.05,4.024698999294171e-09
6115.06,3.847261468346968e-09
6115.07,3.680169665021447e-09
6115.08,3.5253455536272216e-09
6115.09,3.380315428580679e-09
6115.1,3.2441868557942194e-09
6115.11,3.1162221091479385e-09
6115.12,2.995821368229773e-09
6115.13,2.8824918261020802e-09
6115.14,2.777103686613716e-09
6115.15,2.678486894770003e-09
6115.16,2.5836975749122508e-09
6115.17,2.494198964924838e-09
6115.18,2.4095414315078546e-09
6115.19,2.3293163481580587e-09
6115.2,2.2531796794199244e-09
6115.21,2.1808700383263612e-09
6115.22,2.1121951819852358e-09
6115.23,2.0470053046714823e-09
6115.24,1.9851421291059396e-09
6115.25,1.926467096421221e-09
6115.26,1.8708422826168876e-09
6115.27,1.8181456265410528e-09
6115.28,1.7682719112860565e-09
6115.29,1.72112642522016e-09
6115.3,1.6765868308975568e-09
6115.31,1.6347961061377883e-09
6115.32,1.5955945789278838e-09
6115.33,1.5589433135111892e-09
6115.34,1.5247536123223487e-09
6115.35,1.4928817704060375e-09
6115.36,1.4631031566780818e-09
6115.37,1.434950030245475e-09
6115.38,1.407708925111066e-09
6115.39,1.3804344407648888e-09
6115.4,1.3522745448960104e-09
6115.41,1.3229210929506497e-09
6115.42,1.292680648292502e-09
6115.43,1.262253780132485e-09
6115.44,1.2314088028578276e-09
6115.45,1.2027169577082246e-09
6115.46,1.1753671276401758e-09
6115.47,1.1495034527853447e-09
6115.48,1.124762428717984e-09
6115.49,1.100690240365377e-09
6115.5,1.076829501010487e-09
6115.51,1.0529185807781162e-09
6115.52,1.0290179073197607e-09
6115.53,1.0054521355719724e-09
6115.54,9.826355234342474e-10
6115.55,9.609186400479142e-10
6115.56,9.405101698468721e-10
6115.57,9.214775249626916e-10
6115.58,9.03787289406259e-10
6115.59,8.873001864056234e-10
6115.6,8.717992192220895e-10
6115.61,8.569809101967646e-10
6115.62,8.42487745942363e-10
6115.63,8.280561920807931e-10
6115.64,8.135048017101742e-10
6115.65,7.990868592024385e-10
6115.66,7.848485787527127e-10
6115.67,7.709099802464155e-10
6115.68,7.573920124771215e-10
6115.69,7.443718019280068e-10
6115.7,7.320448456591788e-10
6115.71,7.203075796760768e-10
6115.72,7.092809203693013e-10
6115.73,6.996348762028068e-10
6115.74,6.900391509537335e-10
6115.75,6.811302524097345e-10
6115.76,6.728726408387659e-10
6115.77,6.652111915170694e-10
6115.78,6.58076110289908e-10
6115.79,6.514342891936602e-10
6115.8,6.445275591112983e-10
6115.81,6.389730527776847e-10
6115.82,6.342246608298108e-10
6115.83,6.300778249846421e-10
6115.84,6.27534730691831e-10
6115.85,6.261375928271658e-10
6115.86,6.262606956542062e-10
6115.87,6.256493340253725e-10
6115.88,6.239169209570391e-10
6115.89,6.201945469533206e-10
6115.9,6.145751251725799e-10
6115.91,6.075795218290005e-10
6115.92,6.005930047512791e-10
6115.93,5.945646181804169e-10
6115.94,5.899858260946112e-10
6115.95,5.868529984670787e-10
6115.96,5.847910349517145e-10
6115.97,5.820526891344272e-10
6115.98,5.803588196841281e-10
6115.99,5.787158489809695e-10
6116.0,5.763061325582593e-10
6116.01,5.754542258792511e-10
6116.02,5.739667130417701e-10
6116.03,5.734516605822859e-10
6116.04,5.739064995465153e-10
6116.05,5.751785113428083e-10
6116.06,5.771601240509543e-10
6116.07,5.798858626048408e-10
6116.08,5.835111379941085e-10
6116.09,5.888454433390185e-10
6116.1,5.9481653713953e-10
6116.11,6.02113568480596e-10
6116.12,6.106453690288436e-10
6116.13,6.200952059325697e-10
6116.14,6.29925778422064e-10
6116.15,6.393854064826608e-10
6116.16,6.475007987952225e-10
6116.17,6.533446630746313e-10
6116.18,6.564326866938522e-10
6116.19,6.571566855300305e-10
6116.2,6.566522422568881e-10
6116.21,6.557721912546561e-10
6116.22,6.556257211844889e-10
6116.23,6.553528192333004e-10
6116.24,6.553624461809292e-10
6116.25,6.558667691140851e-10
6116.26,6.573788551144393e-10
6116.27,6.605075093525873e-10
6116.28,6.6582898168232e-10
6116.29,6.738023071636347e-10
6116.3,6.847669605970761e-10
6116.31,6.989926458054556e-10
6116.32,7.16492282704238e-10
6116.33,7.373549349901286e-10
6116.34,7.616357256867168e-10
6116.35,7.894858947855442e-10
6116.36,8.213061459817911e-10
6116.37,8.577399686598862e-10
6116.38,8.996624688850467e-10
6116.39,9.481487665102174e-10
6116.4,1.0044898501650394e-09
6116.41,1.0702750175985724e-09
6116.42,1.1474318366875742e-09
6116.43,1.2383465313860607e-09
6116.44,1.3459393829999772e-09
6116.45,1.4737578853261169e-09
6116.46,1.6260273973534729e-09
6116.47,1.8076043057225438e-09
6116.48,2.0234258497147594e-09
6116.49,2.2780471472379475e-09
6116.5,2.57483125469418e-09
6116.51,2.91798422712704e-09
6116.52,3.307576856653099e-09
6116.53,3.747939503349169e-09
6116.54,4.234177459747318e-09
6116.55,4.741967120566458e-09
6116.56,5.219320459593306e-09
6116.57,5.582679856499204e-09
6116.58,5.782724386300757e-09
6116.59,5.779127369688006e-09
6116.6,5.599711513524149e-09
6116.61,5.316976345119236e-09
6116.62,5.014719657715269e-09
6116.63,4.760752162802986e-09
6116.64,4.597009994080635e-09
6116.65,4.5423835219854615e-09
6116.66,4.588324918232751e-09
6116.67,4.739201397699927e-09
6116.68,4.951652743615578e-09
6116.69,5.1707235235749345e-09
6116.7,5.324957802508326e-09
6116.71,5.34546174236015e-09
6116.72,5.193192483452533e-09
6116.73,4.877016271042293e-09
6116.74,4.446666870057161e-09
6116.75,3.966866073857524e-09
6116.76,3.492539612240514e-09
6116.77,3.0578567659049252e-09
6116.78,2.6776050904457917e-09
6116.79,2.353805665661925e-09
6116.8,2.081836776188257e-09
6116.81,1.8545662606923215e-09
6116.82,1.6645444364478092e-09
6116.83,1.505010839451144e-09
6116.84,1.3704261732056325e-09
6116.85,1.256300645710596e-09
6116.86,1.1591379180880773e-09
6116.87,1.0759133828530752e-09
6116.88,1.0042046537292507e-09
6116.89,9.419322892603044e-10
6116.9,8.875833225439778e-10
6116.91,8.180067331231899e-10
6116.92,7.765135575035779e-10
6116.93,7.404261527836951e-10
6116.94,7.093682572556121e-10
6116.95,6.829945314082794e-10
6116.96,6.610260578745633e-10
6116.97,6.432442307254233e-10
6116.98,6.043537578469861e-10
6116.99,5.950654249519363e-10
6117.0,5.897754072985213e-10
6117.01,5.889107419423359e-10
6117.02,5.790215458103002e-10
6117.03,5.862288520013637e-10
6117.04,5.957433903716272e-10
6117.05,6.053101047191156e-10
6117.06,6.12168022684222e-10
6117.07,6.1421703212638e-10
6117.08,6.110600911283128e-10
6117.09,6.042995477959167e-10
6117.1,5.96671781367237e-10
6117.11,5.904042203493431e-10
6117.12,5.874448674139663e-10
6117.13,5.871228194875076e-10
6117.14,5.8774626311411e-10
6117.15,5.872025453032734e-10
6117.16,5.842465267474273e-10
6117.17,5.792470352831703e-10
6117.18,5.73942345580816e-10
6117.19,5.705503403264724e-10
6117.2,5.711111670798787e-10
6117.21,5.773117493348215e-10
6117.22,5.905698011978152e-10
6117.23,6.121250827998695e-10
6117.24,6.43027161830827e-10
6117.25,6.835316223771761e-10
6117.26,7.340682174875951e-10
6117.27,7.920281812701698e-10
6117.28,8.530124326624713e-10
6117.29,9.113751542333586e-10
6117.3,9.63369759579579e-10
6117.31,1.009494367295816e-09
6117.32,1.0556925491619195e-09
6117.33,1.100744159962717e-09
6117.34,1.1462342617452566e-09
6117.35,1.1869121548576064e-09
6117.36,1.2145532075130982e-09
6117.37,1.2186830622650076e-09
6117.38,1.2000914520694092e-09
6117.39,1.158357636269382e-09
6117.4,1.1008850977935052e-09
6117.41,1.0381016954914917e-09
6117.42,9.775656682731506e-10
6117.43,9.260885462665153e-10
6117.44,8.86865880116879e-10
6117.45,8.605660566828744e-10
6117.46,8.46175842719104e-10
6117.47,8.416177028230971e-10
6117.48,8.406603505970676e-10
6117.49,8.40612947073156e-10
6117.5,8.467621696351476e-10
6117.51,8.469775846589351e-10
6117.52,8.262946938225565e-10
6117.53,8.046443159501686e-10
6117.54,7.741381284260988e-10
6117.55,7.400845684629928e-10
6117.56,7.079665889783155e-10
6117.57,6.819446443073797e-10
6117.58,6.628579333432131e-10
6117.59,6.501144152222439e-10
6117.6,6.382558193820972e-10
6117.61,6.283349060321463e-10
6117.62,6.095963262925239e-10
6117.63,5.892122124788602e-10
6117.64,5.636879770484416e-10
6117.65,5.353810298997497e-10
6117.66,5.07431282598711e-10
6117.67,4.822140487896518e-10
6117.68,4.609616872712295e-10
6117.69,4.438888109648837e-10
6117.7,4.307351568226212e-10
6117.71,4.209975690990071e-10
6117.72,4.141924177263013e-10
6117.73,4.100602074318814e-10
6117.74,4.0713793052154005e-10
6117.75,4.0795551619236584e-10
6117.76,4.110858555015026e-10
6117.77,4.067061941900993e-10
6117.78,4.14376568052341e-10
6117.79,4.243845339684429e-10
6117.8,4.3641749694545356e-10
6117.81,4.5101168464198174e-10
6117.82,4.677566704662502e-10
6117.83,4.872348103224618e-10
6117.84,5.097976826172073e-10
6117.85,5.357962459314996e-10
6117.86,5.655455639507103e-10
6117.87,5.993421155814202e-10
6117.88,6.39004955110125e-10
6117.89,6.824982931508098e-10
6117.9,7.312719557034912e-10
6117.91,7.867813315660635e-10
6117.92,8.503896171672973e-10
6117.93,9.238110210672267e-10
6117.94,1.0092981242661388e-09
6117.95,1.1098775037778415e-09
6117.96,1.229542132255406e-09
6117.97,1.3731583973006203e-09
6117.98,1.5467561529378295e-09
6117.99,1.756708751614176e-09
6118.0,2.0095763343729982e-09
6118.01,2.3099310037366135e-09
6118.02,2.656996191746271e-09
6118.03,3.0389936482923613e-09
6118.04,3.427497122894579e-09
6118.05,3.770303151103274e-09
6118.06,4.007815986728491e-09
6118.07,4.0933886475379635e-09
6118.08,4.020297930055484e-09
6118.09,3.826752023436268e-09
6118.1,3.5753454810838413e-09
6118.11,3.3256270449148775e-09
6118.12,3.1187282771479018e-09
6118.13,2.9766524701762954e-09
6118.14,2.908630174691202e-09
6118.15,2.9175558738175804e-09
6118.16,3.0046057023439766e-09
6118.17,3.170834471104293e-09
6118.18,3.41705063295671e-09
6118.19,3.7409951625052945e-09
6118.2,4.131989752712865e-09
6118.21,4.5629272729622336e-09
6118.22,4.983883847595018e-09
6118.23,5.324386712915755e-09
6118.24,5.512356138342579e-09
6118.25,5.503060668894836e-09
6118.26,5.304962661814951e-09
6118.27,4.974253150588962e-09
6118.28,4.587970204467646e-09
6118.29,4.21509299569152e-09
6118.3,3.902127204067667e-09
6118.31,3.6728091460923405e-09
6118.32,3.5327781040824586e-09
6118.33,3.4724922444780977e-09
6118.34,3.4667718314309187e-09
6118.35,3.4758452651129685e-09
6118.36,3.4560082225990423e-09
6118.37,3.3804404222655656e-09
6118.38,3.2561053897663663e-09
6118.39,3.1142722068640925e-09
6118.4,2.99682233837186e-09
6118.41,2.9329434119629258e-09
6118.42,2.93247974698764e-09
6118.43,2.984071461012281e-09
6118.44,3.0551606843881317e-09
6118.45,3.0982691188864752e-09
6118.46,3.0699510937075896e-09
6118.47,2.9552220496818588e-09
6118.48,2.7762388084463437e-09
6118.49,2.5761713777982348e-09
6118.5,2.3954576047490445e-09
6118.51,2.259265474402292e-09
6118.52,2.1781556708983246e-09
6118.53,2.1532315556673003e-09
6118.54,2.1809067996900673e-09
6118.55,2.249992777205775e-09
6118.56,2.3387181270652506e-09
6118.57,2.4226206600374664e-09
6118.58,2.4738203887048808e-09
6118.59,2.477106844350133e-09
6118.6,2.440274007713856e-09
6118.61,2.3904220999701276e-09
6118.62,2.359450815353917e-09
6118.63,2.3718876063944935e-09
6118.64,2.4410733127100846e-09
6118.65,2.5696779114083525e-09
6118.66,2.7491555090270765e-09
6118.67,2.957799143498395e-09
6118.68,3.1619999500769253e-09
6118.69,3.3281513156961164e-09
6118.7,3.442609892679277e-09
6118.71,3.5225833055693093e-09
6118.72,3.604075096097019e-09
6118.73,3.715703855336216e-09
6118.74,3.8586074814074595e-09
6118.75,4.002791491329263e-09
6118.76,4.102161440239619e-09
6118.77,4.12286767789943e-09
6118.78,4.066844643907597e-09
6118.79,3.9705619819040996e-09
6118.8,3.880388293365952e-09
6118.81,3.825620240725023e-09
6118.82,3.805591803525988e-09
6118.83,3.79439210841098e-09
6118.84,3.759105601949843e-09
6118.85,3.682013914201792e-09
6118.86,3.5711742396718004e-09
6118.87,3.4521940499696556e-09
6118.88,3.350464514395228e-09
6118.89,3.2774558948115885e-09
6118.9,3.2274123646838113e-09
6118.91,3.18365073229083e-09
6118.92,3.1314317256574232e-09
6118.93,3.0702611241573094e-09
6118.94,3.0169402776482644e-09
6118.95,2.9988323377411023e-09
6118.96,3.0440261701288148e-09
6118.97,3.174420250736183e-09
6118.98,3.4012247976747087e-09
6118.99,3.717628320553223e-09
6119.0,4.086061032103023e-09
6119.01,4.427280527239652e-09
6119.02,4.6325248096969415e-09
6119.03,4.608823985216485e-09
6119.04,4.34087818845988e-09
6119.05,3.897640832028145e-09
6119.06,3.3842795673465437e-09
6119.07,2.8867475024910753e-09
6119.08,2.45057224754431e-09
6119.09,2.0883243812375413e-09
6119.1,1.7953160965097238e-09
6119.11,1.5607488647421968e-09
6119.12,1.3733609132231382e-09
6119.13,1.2226391262282651e-09
6119.14,1.09970443026678e-09
6119.15,9.969523800432704e-10
6119.16,9.087997547595928e-10
6119.17,8.327481243675629e-10
6119.18,7.654338963008847e-10
6119.19,7.0673789285942e-10
6119.2,6.554935142941982e-10
6119.21,6.104780591502869e-10
6119.22,5.706876830294656e-10
6119.23,5.354267960195249e-10
6119.24,5.042090846025161e-10
6119.25,4.76587949980132e-10
6119.26,4.5210667563615657e-10
6119.27,4.3030202456869875e-10
6119.28,4.10787039550436e-10
6119.29,3.932717385900993e-10
6119.3,3.7760170045108133e-10
6119.31,3.637219819923234e-10
6119.32,3.51602088553458e-10
6119.33,3.4118144776622006e-10
6119.34,3.3233706744053215e-10
6119.35,3.2488057537822125e-10
6119.36,3.185628146123644e-10
6119.37,3.13106344976177e-10
6119.38,3.0827216086971664e-10
6119.39,3.039493189023529e-10
6119.4,3.0017818417181914e-10
6119.41,2.970132979360501e-10
6119.42,2.9440167878032123e-10
6119.43,2.9205365328877283e-10
6119.44,2.8953971000522206e-10
6119.45,2.8653643029002885e-10
6119.46,2.830591869889911e-10
6119.47,2.794900117185715e-10
6119.48,2.764077806073537e-10
6119.49,2.743362111862547e-10
6119.5,2.7360118448756804e-10
6119.51,2.742824112427841e-10
6119.52,2.761955454941369e-10
6119.53,2.788783095353482e-10
6119.54,2.8163159181825707e-10
6119.55,2.8369933736669536e-10
6119.56,2.8457775627670927e-10
6119.57,2.842700698030306e-10
6119.58,2.832561266294714e-10
6119.59,2.822523407045534e-10
6119.6,2.8183201910956416e-10
6119.61,2.8238664280106017e-10
6119.62,2.840942424281198e-10
6119.63,2.870509496250511e-10
6119.64,2.913621401766591e-10
6119.65,2.952979615672357e-10
6119.66,3.027812758766658e-10
6119.67,3.1205637033804816e-10
6119.68,3.2319819498774326e-10
6119.69,3.362325295470582e-10
6119.7,3.511756645288538e-10
6119.71,3.6804779122883136e-10
6119.72,3.868810203329952e-10
6119.73,4.0762660792600577e-10
6119.74,4.3019011929289045e-10
6119.75,4.544074883202186e-10
6119.76,4.797966295004371e-10
6119.77,5.050735653300133e-10
6119.78,5.279327657970301e-10
6119.79,5.456616055395297e-10
6119.8,5.564526557910895e-10
6119.81,5.602242311953661e-10
6119.82,5.585197062284853e-10
6119.83,5.536166390867029e-10
6119.84,5.479658947330903e-10
6119.85,5.438851994361066e-10
6119.86,5.416606369472307e-10
6119.87,5.463526881720209e-10
6119.88,5.571401875492202e-10
6119.89,5.747228256821365e-10
6119.9,5.994342540238517e-10
6119.91,6.312258460927183e-10
6119.92,6.694566241360372e-10
6119.93,7.116832058906673e-10
6119.94,7.540230468799795e-10
6119.95,7.917914355293921e-10
6119.96,8.209831854929949e-10
6119.97,8.412216902299277e-10
6119.98,8.561171176379948e-10
6119.99,8.716590501406522e-10
6120.0,8.939131187125004e-10
6120.01,9.277368212000041e-10
6120.02,9.771552754484875e-10
6120.03,1.04612902336368e-09
6120.04,1.1389975566983545e-09
6120.05,1.2599835128285926e-09
6120.06,1.4118032230741058e-09
6120.07,1.5922891732093742e-09
6120.08,1.78996041391357e-09
6120.09,1.9799169318376596e-09
6120.1,2.1268049353510417e-09
6120.11,2.1948092966354528e-09
6120.12,2.1719665083268244e-09
6120.13,2.0754196028774327e-09
6120.14,1.94124362868866e-09
6120.15,1.8049306765963944e-09
6120.16,1.6893111028751489e-09
6120.17,1.6035474154265368e-09
6120.18,1.547941529451975e-09
6120.19,1.5192225287125223e-09
6120.2,1.5146963793517567e-09
6120.21,1.5333218012789256e-09
6120.22,1.5752649026938831e-09
6120.23,1.6397342495723385e-09
6120.24,1.7223614828483425e-09
6120.25,1.8127788884896584e-09
6120.26,1.8950573758605837e-09
6120.27,1.9533826120070574e-09
6120.28,1.9810441296908053e-09
6120.29,1.9850062558883944e-09
6120.3,1.9810530442108223e-09
6120.31,1.9838510689697663e-09
6120.32,1.999821311408065e-09
6120.33,2.0265317376477576e-09
6120.34,2.0576139857586683e-09
6120.35,2.0902944161276516e-09
6120.36,2.130161431563311e-09
6120.37,2.18993465794292e-09
6120.38,2.283952093329815e-09
6120.39,2.424235942649229e-09
6120.4,2.611499381347989e-09
6120.41,2.8406279853143468e-09
6120.42,3.093102276770498e-09
6120.43,3.342233237074855e-09
6120.44,3.5598959940875955e-09
6120.45,3.74000957428029e-09
6120.46,3.899638586352545e-09
6120.47,4.0691202904214936e-09
6120.48,4.273674656517148e-09
6120.49,4.524098232363505e-09
6120.5,4.819480416481336e-09
6120.51,5.1623728589942035e-09
6120.52,5.541658136754623e-09
6120.53,5.966049981132667e-09
6120.54,6.431373666388401e-09
6120.55,6.896787401205301e-09
6120.56,7.299372921972878e-09
6120.57,7.554301331895741e-09
6120.58,7.590834063226797e-09
6120.59,7.387377741694081e-09
6120.6,6.984825731994157e-09
6120.61,6.468307657635163e-09
6120.62,5.93154162139479e-09
6120.63,5.448884634035799e-09
6120.64,5.0662210561048384e-09
6120.65,4.805848259495568e-09
6120.66,4.6711007787263175e-09
6120.67,4.6497167703838985e-09
6120.68,4.709520307741908e-09
6120.69,4.796394355680039e-09
6120.7,4.838135833219645e-09
6120.71,4.77837718323625e-09
6120.72,4.603473127811571e-09
6120.73,4.349541589881676e-09
6120.74,4.075706524476366e-09
6120.75,3.8294156414821755e-09
6120.76,3.628379975890857e-09
6120.77,3.4599243647967312e-09
6120.78,3.2927735904590138e-09
6120.79,3.097049371001615e-09
6120.8,2.8593004038178178e-09
6120.81,2.594156381750525e-09
6120.82,2.328125594173852e-09
6120.83,2.083940064814525e-09
6120.84,1.8743497544740394e-09
6120.85,1.7052849165611535e-09
6120.86,1.5679602168740662e-09
6120.87,1.457934936111725e-09
6120.88,1.3723733157776936e-09
6120.89,1.3073471425806721e-09
6120.9,1.2598119701001748e-09
6120.91,1.2275441586700654e-09
6120.92,1.209024998395822e-09
6120.93,1.2068981592852193e-09
6120.94,1.2137449976617032e-09
6120.95,1.2331709111475844e-09
6120.96,1.265746619051797e-09
6120.97,1.3125196434590276e-09
6120.98,1.3777219275112627e-09
6120.99,1.4579521056638392e-09
6121.0,1.558237721944744e-09
6121.01,1.6812199169994528e-09
6121.02,1.829965204740626e-09
6121.03,2.0152528697387294e-09
6121.04,2.227754420229627e-09
6121.05,2.4821572885794953e-09
6121.06,2.77756380862705e-09
6121.07,3.1147556866806364e-09
6121.08,3.481473415448893e-09
6121.09,3.848889174024933e-09
6121.1,4.174988004876283e-09
6121.11,4.400419893936538e-09
6121.12,4.481237409950082e-09
6121.13,4.40137856813471e-09
6121.14,4.1829199592476454e-09
6121.15,3.875072586689366e-09
6121.16,3.5328571559475035e-09
6121.17,3.2002246135341192e-09
6121.18,2.9080613967604406e-09
6121.19,2.6607559158846055e-09
6121.2,2.4653443876880525e-09
6121.21,2.3203273378984473e-09
6121.22,2.2228802305018907e-09
6121.23,2.1705414191123032e-09
6121.24,2.161991059968639e-09
6121.25,2.1977789916217766e-09
6121.26,2.2785047905841314e-09
6121.27,2.407680652858943e-09
6121.28,2.586215852611333e-09
6121.29,2.8142088251728485e-09
6121.3,3.0838653029047276e-09
6121.31,3.3741795571930533e-09
6121.32,3.646112704223618e-09
6121.33,3.849079081873577e-09
6121.34,3.93429099448112e-09
6121.35,3.8807353586278265e-09
6121.36,3.7097049710378426e-09
6121.37,3.4625729049289162e-09
6121.38,3.193461977270267e-09
6121.39,2.946752215908493e-09
6121.4,2.7438776718845958e-09
6121.41,2.5951147411995167e-09
6121.42,2.5012314420363233e-09
6121.43,2.4620128440779658e-09
6121.44,2.4762241063349404e-09
6121.45,2.5441293226381555e-09
6121.46,2.667415827179181e-09
6121.47,2.84868112021979e-09
6121.48,3.089420819917452e-09
6121.49,3.3869993442185144e-09
6121.5,3.740623270775423e-09
6121.51,4.099528801127706e-09
6121.52,4.432807204579591e-09
6121.53,4.6811801395586995e-09
6121.54,4.807471989388507e-09
6121.55,4.807360155367255e-09
6121.56,4.7160096742537e-09
6121.57,4.594484644927671e-09
6121.58,4.500437206163921e-09
6121.59,4.4770325149472585e-09
6121.6,4.556969890232485e-09
6121.61,4.737968076283629e-09
6121.62,5.025490369213729e-09
6121.63,5.402336193772303e-09
6121.64,5.828977584786641e-09
6121.65,6.2390741098766284e-09
6121.66,6.548200793179347e-09
6121.67,6.672862401655319e-09
6121.68,6.5751645570523075e-09
6121.69,6.276982664341025e-09
6121.7,5.8497443973700875e-09
6121.71,5.3840880482002944e-09
6121.72,4.947281035995685e-09
6121.73,4.589637581104644e-09
6121.74,4.333205632574424e-09
6121.75,4.1793816447223815e-09
6121.76,4.1098796034243405e-09
6121.77,4.084920088694977e-09
6121.78,4.0465165356669886e-09
6121.79,3.936593794776991e-09
6121.8,3.725802299916506e-09
6121.81,3.4286501273772064e-09
6121.82,3.0901297240288203e-09
6121.83,2.756991203189361e-09
6121.84,2.4595897872663516e-09
6121.85,2.2113065662506046e-09
6121.86,2.010207434424894e-09
6121.87,1.8527285213875108e-09
6121.88,1.7327900525574007e-09
6121.89,1.6451136958399284e-09
6121.9,1.5852949888132782e-09
6121.91,1.5502297600183015e-09
6121.92,1.5378696538096834e-09
6121.93,1.547140824535395e-09
6121.94,1.5777023555519345e-09
6121.95,1.6303426236299122e-09
6121.96,1.707263370649431e-09
6121.97,1.8119290613976938e-09
6121.98,1.9479392398204883e-09
6121.99,2.1167475171804944e-09
6122.0,2.3142799528590894e-09
6122.01,2.5269925229295216e-09
6122.02,2.7291864913264214e-09
6122.03,2.8856775631944373e-09
6122.04,2.962459852165221e-09
6122.05,2.941377839123474e-09
6122.06,2.8280445825646448e-09
6122.07,2.6465832738183233e-09
6122.08,2.427084362185556e-09
6122.09,2.195425118765521e-09
6122.1,1.970636334789949e-09
6122.11,1.7647325702343724e-09
6122.12,1.5837043697806808e-09
6122.13,1.4290666427142065e-09
6122.14,1.2992436324147466e-09
6122.15,1.1912195871348145e-09
6122.16,1.1016037868355483e-09
6122.17,1.0273658334853102e-09
6122.18,9.65886963131629e-10
6122.19,9.150491436111504e-10
6122.2,8.731320482276544e-10
6122.21,8.414664116981559e-10
6122.22,8.134204963887265e-10
6122.23,7.906709720481683e-10
6122.24,7.722504299216291e-10
6122.25,7.57199973194678e-10
6122.26,7.446363360257648e-10
6122.27,7.338949522324387e-10
6122.28,7.246836076831174e-10
6122.29,7.170311199974906e-10
6122.3,7.111107994013529e-10
6122.31,7.070053192103642e-10
6122.32,7.046588958137114e-10
6122.33,7.039331668277442e-10
6122.34,7.047461195413081e-10
6122.35,7.071464772045372e-10
6122.36,7.113107753995749e-10
6122.37,7.174391404801915e-10
6122.38,7.257284780486698e-10
6122.39,7.363437309379324e-10
6122.4,7.49408242340133e-10
6122.41,7.649805749176158e-10
6122.42,7.829654094970165e-10
6122.43,8.030960350683655e-10
6122.44,8.248939978753108e-10
6122.45,8.477974362722378e-10
6122.46,8.715054326039372e-10
6122.47,8.962497591328976e-10
6122.48,9.229618536586545e-10
6122.49,9.530676299174681e-10
6122.5,9.88106718754899e-10
6122.51,1.0295444254439945e-09
6122.52,1.078835077579525e-09
6122.53,1.1376995410189055e-09
6122.54,1.2091809496952688e-09
6122.55,1.2944148515788109e-09
6122.56,1.3980476855800392e-09
6122.57,1.5247994589495708e-09
6122.58,1.6802941578686586e-09
6122.59,1.8704213985039478e-09
6122.6,2.098343560390156e-09
6122.61,2.3604966712348017e-09
6122.62,2.6381130146402314e-09
6122.63,2.891507237175659e-09
6122.64,3.066584803620159e-09
6122.65,3.1200915201573214e-09
6122.66,3.047793688687177e-09
6122.67,2.887683075437218e-09
6122.68,2.6945436329632127e-09
6122.69,2.5124002717584606e-09
6122.7,2.364614282036828e-09
6122.71,2.2579339050126664e-09
6122.72,2.190177962078288e-09
6122.73,2.155685903563013e-09
6122.74,2.148424710579538e-09
6122.75,2.1638559952068668e-09
6122.76,2.199751859163218e-09
6122.77,2.2562668320027596e-09
6122.78,2.3350451187599784e-09
6122.79,2.4385556626376813e-09
6122.8,2.5699769381351737e-09
6122.81,2.733904701534908e-09
6122.82,2.934016273026984e-09
6122.83,3.177665169505103e-09
6122.84,3.47319161309552e-09
6122.85,3.833805651975364e-09
6122.86,4.2743350857524865e-09
6122.87,4.8145741231071964e-09
6122.88,5.4778294628627195e-09
6122.89,6.289568736223137e-09
6122.9,7.270994897896349e-09
6122.91,8.428621446279841e-09
6122.92,9.743617743435476e-09
6122.93,1.1174864411371257e-08
6122.94,1.2685408919866546e-08
6122.95,1.4268131187440619e-08
6122.96,1.5915577130366744e-08
6122.97,1.752390182093458e-08
6122.98,1.882014248672299e-08
6122.99,1.9443842331400166e-08
6123.0,1.9184216059279033e-08
6123.01,1.8163742050562682e-08
6123.02,1.6767248619624354e-08
6123.03,1.5410203009443142e-08
6123.04,1.4370944467650084e-08
6123.05,1.3761502799227607e-08
6123.06,1.3559778227383221e-08
6123.07,1.363362875323104e-08
6123.08,1.3752320336983395e-08
6123.09,1.3651988473526895e-08
6123.1,1.3149770744852231e-08
6123.11,1.2245933705000922e-08
6123.12,1.1103851889803631e-08
6123.13,9.93220662439269e-09
6123.14,8.882952947043688e-09
6123.15,8.027123410230189e-09
6123.16,7.378399581592529e-09
6123.17,6.922842683794731e-09
6123.18,6.640476653168632e-09
6123.19,6.510889861580575e-09
6123.2,6.508482713309134e-09
6123.21,6.60476019442721e-09
6123.22,6.759015627582657e-09
6123.23,6.925405445563835e-09
6123.24,7.071916526607e-09
6123.25,7.202214201729485e-09
6123.26,7.357093708194317e-09
6123.27,7.591131890902334e-09
6123.28,7.950903043968316e-09
6123.29,8.463329076619047e-09
6123.3,9.131268898237519e-09
6123.31,9.932244582797369e-09
6123.32,1.0824893449090433e-08
6123.33,1.1777217081446453e-08
6123.34,1.2799437730640204e-08
6123.35,1.39526904913791e-08
6123.36,1.5307073078087967e-08
6123.37,1.687534277545983e-08
6123.38,1.8561193431583604e-08
6123.39,2.015109097462198e-08
6123.4,2.1392129433518224e-08
6123.41,2.2139545536896696e-08
6123.42,2.2476405523917908e-08
6123.43,2.2663214943918076e-08
6123.44,2.2965970179994315e-08
6123.45,2.349678553777004e-08
6123.46,2.4183724585435756e-08
6123.47,2.4873997237476e-08
6123.48,2.5489984788508778e-08
6123.49,2.6095342686119898e-08
6123.5,2.6817724155847985e-08
6123.51,2.774249175418104e-08
6123.52,2.890882394284275e-08
6123.53,3.036863480039642e-08
6123.54,3.216526283905751e-08
6123.55,3.418803877249408e-08
6123.56,3.604625324633274e-08
6123.57,3.715002243513192e-08
6123.58,3.702882087417038e-08
6123.59,3.56469398378403e-08
6123.6,3.341728996161255e-08
6123.61,3.091746474166553e-08
6123.62,2.8580281797209763e-08
6123.63,2.6575139213166875e-08
6123.64,2.488549676656457e-08
6123.65,2.3465673405516218e-08
6123.66,2.2341972323587722e-08
6123.67,2.1604301393247225e-08
6123.68,2.1333365874232764e-08
6123.69,2.152854299598879e-08
6123.7,2.205695837480118e-08
6123.71,2.263613435722086e-08
6123.72,2.289250379214388e-08
6123.73,2.252674495475159e-08
6123.74,2.148797977335425e-08
6123.75,1.9994714334582672e-08
6123.76,1.8381802951028372e-08
6123.77,1.692694950605066e-08
6123.78,1.577605399279013e-08
6123.79,1.495344425472951e-08
6123.8,1.4404029657175843e-08
6123.81,1.403863261269743e-08
6123.82,1.3783837877435334e-08
6123.83,1.3622147807135325e-08
6123.84,1.3595997641879877e-08
6123.85,1.3771092011740417e-08
6123.86,1.4184065892196042e-08
6123.87,1.4808826872361656e-08
6123.88,1.552430260901434e-08
6123.89,1.6146303349446882e-08
6123.9,1.651187067658532e-08
6123.91,1.658650513936096e-08
6123.92,1.6490695749054592e-08
6123.93,1.6416622080507394e-08
6123.94,1.6523831421902772e-08
6123.95,1.6906603844669556e-08
6123.96,1.7627413191803916e-08
6123.97,1.876442825713582e-08
6123.98,2.0426254759270552e-08
6123.99,2.2731699581455926e-08
6124.0,2.5766961132954235e-08
6124.01,2.951730693420795e-08
6124.02,3.3765582034791586e-08
6124.03,3.800075244460423e-08
6124.04,4.1463715991998744e-08
6124.05,4.343561228226618e-08
6124.06,4.362802209783739e-08
6124.07,4.2339590012206826e-08
6124.08,4.024874053932839e-08
6124.09,3.80599600573334e-08
6124.1,3.625562085904146e-08
6124.11,3.502738701573771e-08
6124.12,3.429837655494943e-08
6124.13,3.3787119947584756e-08
6124.14,3.308019658693637e-08
6124.15,3.183212868746457e-08
6124.16,2.9991323178984845e-08
6124.17,2.7829944799136944e-08
6124.18,2.5723200438479313e-08
6124.19,2.3929904017838215e-08
6124.2,2.2509731880437132e-08
6124.21,2.1394194841419695e-08
6124.22,2.047560915766301e-08
6124.23,1.96310757362334e-08
6124.24,1.8708377562360247e-08
6124.25,1.7564170946800497e-08
6124.26,1.615738951795883e-08
6124.27,1.4587610307458952e-08
6124.28,1.3025340805248815e-08
6124.29,1.1609933689455292e-08
6124.3,1.0405130241758178e-08
6124.31,9.411948392181607e-09
6124.32,8.599852853175873e-09
6124.33,7.932918240699008e-09
6124.34,7.3825481209171235e-09
6124.35,6.9344603468050444e-09
6124.36,6.576395864473084e-09
6124.37,6.2948586378046826e-09
6124.38,6.0684060682452275e-09
6124.39,5.8653662648187116e-09
6124.4,5.653459949319312e-09
6124.41,5.3997253962019e-09
6124.42,5.088132847490163e-09
6124.43,4.725944745840268e-09
6124.44,4.340000749991629e-09
6124.45,3.9644861469793145e-09
6124.46,3.6221431503741125e-09
6124.47,3.3234194388599392e-09
6124.48,3.069330403566963e-09
6124.49,2.855923803398068e-09
6124.5,2.6776827171884056e-09
6124.51,2.529026418376429e-09
6124.52,2.4048771625849343e-09
6124.53,2.3006383560292652e-09
6124.54,2.2121752735456844e-09
6124.55,2.1358288682402156e-09
6124.56,2.0671179783065333e-09
6124.57,2.0057844729536344e-09
6124.58,1.9486092746507678e-09
6124.59,1.893988302829444e-09
6124.6,1.8418912145726699e-09
6124.61,1.7931769025725237e-09
6124.62,1.7492804414456409e-09
6124.63,1.7118532562849638e-09
6124.64,1.6814744585413925e-09
6124.65,1.658940868448529e-09
6124.66,1.6445528411992004e-09
6124.67,1.6385270748755056e-09
6124.68,1.641138945255207e-09
6124.69,1.6527977333479694e-09
6124.7,1.674082793795021e-09
6124.71,1.7058075579664733e-09
6124.72,1.7491069486226459e-09
6124.73,1.8055439177738343e-09
6124.74,1.8772502755880654e-09
6124.75,1.967047454405231e-09
6124.76,2.0785894478360833e-09
6124.77,2.216582285112951e-09
6124.78,2.387147316251829e-09
6124.79,2.5979502881757913e-09
6124.8,2.859067306006419e-09
6124.81,3.183234017313521e-09
6124.82,3.5839755404400343e-09
6124.83,4.083596867641675e-09
6124.84,4.697462718497908e-09
6124.85,5.435511649842412e-09
6124.86,6.286175211373826e-09
6124.87,7.195876785757786e-09
6124.88,8.054847891906115e-09
6124.89,8.714090864797832e-09
6124.9,9.049569638111692e-09
6124.91,9.037403080205255e-09
6124.92,8.768376960503954e-09
6124.93,8.382626707116443e-09
6124.94,7.98631004854037e-09
6124.95,7.612897662712697e-09
6124.96,7.236700251499822e-09
6124.97,6.812722971898566e-09
6124.98,6.314848644262362e-09
6124.99,5.752609470297936e-09
6125.0,5.162751585331124e-09
6125.01,4.588372200687485e-09
6125.02,4.062235536936114e-09
6125.03,3.6016049393020686e-09
6125.04,3.210486819815833e-09
6125.05,2.8851056037673838e-09
6125.06,2.6182120178191326e-09
6125.07,2.4017625516129503e-09
6125.08,2.228213862513586e-09
6125.09,2.0915589111905355e-09
6125.1,1.986202217509372e-09
6125.11,1.9105345844842724e-09
6125.12,1.8620300336752306e-09
6125.13,1.8402968454816177e-09
6125.14,1.8463099496148384e-09
6125.15,1.8823145047802897e-09
6125.16,1.951717566322689e-09
6125.17,2.0585530560189456e-09
6125.18,2.206223897510823e-09
6125.19,2.394572572026913e-09
6125.2,2.614828747806888e-09
6125.21,2.8428989872254295e-09
6125.22,3.0363251484889632e-09
6125.23,3.147026000516191e-09
6125.24,3.1400095778625918e-09
6125.25,3.0181150335830597e-09
6125.26,2.8194588575159745e-09
6125.27,2.5949168108814085e-09
6125.28,2.385658812000919e-09
6125.29,2.2153666801807196e-09
6125.3,2.094110704563998e-09
6125.31,2.024968621651068e-09
6125.32,2.009173398423371e-09
6125.33,2.0489850414737184e-09
6125.34,2.1488055973649483e-09
6125.35,2.314449752013174e-09
6125.36,2.5493048392394107e-09
6125.37,2.845501176437304e-09
6125.38,3.1694168763803765e-09
6125.39,3.4520426255159035e-09
6125.4,3.6052312970905373e-09
6125.41,3.5717288931052574e-09
6125.42,3.3684616141556922e-09
6125.43,3.0729720879799294e-09
6125.44,2.76974864983435e-09
6125.45,2.512792457407522e-09
6125.46,2.323581042530141e-09
6125.47,2.204715451218163e-09
6125.48,2.151752471699055e-09
6125.49,2.1589347293223744e-09
6125.5,2.214602507948829e-09
6125.51,2.322844290168458e-09
6125.52,2.4627402092132483e-09
6125.53,2.6123250601572736e-09
6125.54,2.7341096364050617e-09
6125.55,2.790495367283033e-09
6125.56,2.7610622750948705e-09
6125.57,2.654996371739793e-09
6125.58,2.5053029414412802e-09
6125.59,2.350613458833678e-09
6125.6,2.220742001262874e-09
6125.61,2.1330735390271045e-09
6125.62,2.0958667721125275e-09
6125.63,2.113405219469446e-09
6125.64,2.1895157176682317e-09
6125.65,2.3297844812508496e-09
6125.66,2.542028775301379e-09
6125.67,2.8355008392258996e-09
6125.68,3.2136794141648623e-09
6125.69,3.6793470142317566e-09
6125.7,4.1995481564083745e-09
6125.71,4.703638693703737e-09
6125.72,5.08099458703518e-09
6125.73,5.219787137258541e-09
6125.74,5.07170303625018e-09
6125.75,4.685705305557576e-09
6125.76,4.1740492410997945e-09
6125.77,3.647539575028748e-09
6125.78,3.1768408359100724e-09
6125.79,2.791678433252218e-09
6125.8,2.49640616840994e-09
6125.81,2.2839597851948964e-09
6125.82,2.1454592163126294e-09
6125.83,2.068021572022735e-09
6125.84,2.0354182598236522e-09
6125.85,2.0246537534430954e-09
6125.86,2.006522086219503e-09
6125.87,1.953739243423031e-09
6125.88,1.853314135716931e-09
6125.89,1.7122352559754971e-09
6125.9,1.550431120591996e-09
6125.91,1.391294052820198e-09
6125.92,1.2476424994249259e-09
6125.93,1.1251655826115071e-09
6125.94,1.0243293203361048e-09
6125.95,9.447280141507984e-10
6125.96,8.806617070521997e-10
6125.97,8.307222684354025e-10
6125.98,7.925230512737156e-10
6125.99,7.603488077588451e-10
6126.0,7.402464507601079e-10
6126.01,7.265917222421652e-10
6126.02,7.165363393281421e-10
6126.03,7.061735232103348e-10
6126.04,6.883753186974404e-10
6126.05,6.686899474192985e-10
6126.06,6.453804715547856e-10
6126.07,6.220859945092531e-10
6126.08,6.022826246533667e-10
6126.09,5.855476738305234e-10
6126.1,5.780408154265981e-10
6126.11,5.772067365331694e-10
6126.12,5.824747214009824e-10
6126.13,5.932457026342195e-10
6126.14,6.075692632554579e-10
6126.15,6.13480534999786e-10
6126.16,6.200534512057691e-10
6126.17,6.179498579875265e-10
6126.18,6.027616513077963e-10
6126.19,5.775275098584739e-10
6126.2,5.483311581884216e-10
6126.21,5.18929924252861e-10
6126.22,4.963609696119745e-10
6126.23,4.79820356022034e-10
6126.24,4.689714854794066e-10
6126.25,4.627880312021071e-10
6126.26,4.600900303335335e-10
6126.27,4.600135418479053e-10
6126.28,4.622258326545069e-10
6126.29,4.682602444900229e-10
6126.3,4.711825389495957e-10
6126.31,4.795194845667972e-10
6126.32,4.877819888006305e-10
6126.33,4.938184281679659e-10
6126.34,4.954782019048379e-10
6126.35,4.911764410273244e-10
6126.36,4.807032130821505e-10
6126.37,4.6534138820942023e-10
6126.38,4.4748905626601637e-10
6126.39,4.2856415542993066e-10
6126.4,4.123975546657051e-10
6126.41,4.002247440413406e-10
6126.42,3.9168402370999754e-10
6126.43,3.862960063435688e-10
6126.44,3.8299409713440384e-10
6126.45,3.8045576509108805e-10
6126.46,3.77396732499019e-10
6126.47,3.703565503177297e-10
6126.48,3.6529993271591955e-10
6126.49,3.599891186871893e-10
6126.5,3.5525222423429537e-10
6126.51,3.517564901729825e-10
6126.52,3.4969343277799136e-10
6126.53,3.4839401714828056e-10
6126.54,3.4875560844166264e-10
6126.55,3.4984637748912633e-10
6126.56,3.5147360892725617e-10
6126.57,3.535549513646898e-10
6126.58,3.559555751450399e-10
6126.59,3.584773575882735e-10
6126.6,3.6094766204903665e-10
6126.61,3.6331723086545117e-10
6126.62,3.662251943186382e-10
6126.63,3.5977429590464033e-10
6126.64,3.615227489142608e-10
6126.65,3.6516081816671453e-10
6126.66,3.7394687149147964e-10
6126.67,3.8440828512847033e-10
6126.68,3.9483188038438946e-10
6126.69,4.0769101292746407e-10
6126.7,4.2123899269373345e-10
6126.71,4.355098424546941e-10
6126.72,4.4414668618434374e-10
6126.73,4.6142676798225716e-10
6126.74,4.813452891385898e-10
6126.75,5.045835011917806e-10
6126.76,5.316926312119921e-10
6126.77,5.63022273938475e-10
6126.78,5.986713614306848e-10
6126.79,6.367545811220276e-10
6126.8,6.79796864244447e-10
6126.81,7.253961422408414e-10
6126.82,7.700914810200958e-10
6126.83,8.203136773656029e-10
6126.84,8.734958013493542e-10
6126.85,9.29924655408683e-10
6126.86,9.91888930478406e-10
6126.87,1.0538813805032197e-09
6126.88,1.1191866803389023e-09
6126.89,1.1896509783631896e-09
6126.9,1.2679033515413855e-09
6126.91,1.3571022382430111e-09
6126.92,1.4611440494628664e-09
6126.93,1.5848465386960267e-09
6126.94,1.7338499198527005e-09
6126.95,1.9143764017152056e-09
6126.96,2.1334288481803732e-09
6126.97,2.3988796671694846e-09
6126.98,2.7194219661219953e-09
6126.99,3.103461720041412e-09
6127.0,3.559657643305361e-09
6127.01,4.091932273606404e-09
6127.02,4.696460476769573e-09
6127.03,5.354989651617433e-09
6127.04,6.0308971502511484e-09
6127.05,6.673710633822149e-09
6127.06,7.232659223340036e-09
6127.07,7.669237367597347e-09
6127.08,7.961473832953772e-09
6127.09,8.105493619206514e-09
6127.1,8.124078165258675e-09
6127.11,8.072013885104309e-09
6127.12,8.021560279725252e-09
6127.13,8.030627041007819e-09
6127.14,8.112527239213074e-09
6127.15,8.22252091324294e-09
6127.16,8.268716466793099e-09
6127.17,8.14966793112384e-09
6127.18,7.805818055722483e-09
6127.19,7.251344696604282e-09
6127.2,6.562441296246355e-09
6127.21,5.8348856088748826e-09
6127.22,5.145221967415281e-09
6127.23,4.536322610557328e-09
6127.24,4.0219428279475125e-09
6127.25,3.59786110379851e-09
6127.26,3.2513591703480264e-09
6127.27,2.9662521756276692e-09
6127.28,2.72552264821806e-09
6127.29,2.5135304558533735e-09
6127.3,2.3194836313091376e-09
6127.31,2.137989682207861e-09
6127.32,1.967958747573363e-09
6127.33,1.8105426959672315e-09
6127.34,1.6680842496790272e-09
6127.35,1.5434705852047653e-09
6127.36,1.4393020162557615e-09
6127.37,1.3571443742323953e-09
6127.38,1.2974059567445275e-09
6127.39,1.2595560141520506e-09
6127.4,1.2422174718393579e-09
6127.41,1.243035532505856e-09
6127.42,1.2583571120187417e-09
6127.43,1.2829531820382186e-09
6127.44,1.3101643162987847e-09
6127.45,1.3328930114026786e-09
6127.46,1.3455332373441362e-09
6127.47,1.3449750506529343e-09
6127.48,1.329677487707787e-09
6127.49,1.2971495447434408e-09
6127.5,1.2437508363673608e-09
6127.51,1.169508993517025e-09
6127.52,1.0787775450407672e-09
6127.53,9.80469750853512e-10
6127.54,8.837467245847182e-10
6127.55,7.949502101101654e-10
6127.56,7.169333534942065e-10
6127.57,6.495651251862297e-10
6127.58,5.926829276920994e-10
6127.59,5.444225414708784e-10
6127.6,5.033739546779008e-10
6127.61,4.6561701676149324e-10
6127.62,4.355118568102222e-10
6127.63,4.0934195578634036e-10
6127.64,3.863235747503329e-10
6127.65,3.657800425115983e-10
6127.66,3.4721010900630303e-10
6127.67,3.3031722025305495e-10
6127.68,3.149765026353271e-10
6127.69,3.011872566133961e-10
6127.7,2.8893327650668256e-10
6127.71,2.7828327772494196e-10
6127.72,2.691492600904059e-10
6127.73,2.6144719230826746e-10
6127.74,2.550625313426363e-10
6127.75,2.498260304962347e-10
6127.76,2.44436712891491e-10
6127.77,2.40726481073561e-10
6127.78,2.372945918089996e-10
6127.79,2.3392301374071796e-10
6127.8,2.3062056548225083e-10
6127.81,2.2760389281872294e-10
6127.82,2.2518023243248277e-10
6127.83,2.2362032982695596e-10
6127.84,2.231103207350288e-10
6127.85,2.2364224352104326e-10
6127.86,2.2547622393896278e-10
6127.87,2.2847843115857146e-10
6127.88,2.325792722215422e-10
6127.89,2.3771036608132485e-10
6127.9,2.44104170974265e-10
6127.91,2.5199147076159704e-10
6127.92,2.6165994146079113e-10
6127.93,2.7446325952837837e-10
6127.94,2.870582332272099e-10
6127.95,2.997093553686741e-10
6127.96,3.1105634575573295e-10
6127.97,3.1932478691448296e-10
6127.98,3.2637740496603047e-10
6127.99,3.3268765444830756e-10
6128.0,3.4016627940548833e-10
6128.01,3.50451054783676e-10
6128.02,3.642294859129539e-10
6128.03,3.8099279463125657e-10
6128.04,3.9909829787381885e-10
6128.05,4.1611920209269463e-10
6128.06,4.2958322750112593e-10
6128.07,4.3805793277082765e-10
6128.08,4.4179495001385373e-10
6128.09,4.4216424309846407e-10
6128.1,4.4026736443747517e-10
6128.11,4.360489215326686e-10
6128.12,4.27081775115651e-10
6128.13,4.146491449383638e-10
6128.14,3.962589611141507e-10
6128.15,3.7196609443606826e-10
6128.16,3.436966853599066e-10
6128.17,3.146792514574537e-10
6128.18,2.8786929533153076e-10
6128.19,2.6489151871490657e-10
6128.2,2.4610194520922917e-10
6128.21,2.311004214277218e-10
6128.22,2.192107010292244e-10
6128.23,2.09716649998983e-10
6128.24,2.019545237864676e-10
6128.25,1.9550301466681063e-10
6128.26,1.9007623254488235e-10
6128.27,1.8565140192928376e-10
6128.28,1.82254504813472e-10
6128.29,1.7991718284339413e-10
6128.3,1.7861863387629514e-10
6128.31,1.7668680517240643e-10
6128.32,1.7742169759431106e-10
6128.33,1.7838975212261461e-10
6128.34,1.8088489487599215e-10
6128.35,1.8409840690979356e-10
6128.36,1.8800801705582277e-10
6128.37,1.9258916985904915e-10
6128.38,1.9895137431414624e-10
6128.39,2.0506040354884335e-10
6128.4,2.1206150641123925e-10
6128.41,2.2005595960156132e-10
6128.42,2.2890785022732345e-10
6128.43,2.3823761516377475e-10
6128.44,2.474231880673998e-10
6128.45,2.5582509879257984e-10
6128.46,2.630775346575755e-10
6128.47,2.6929974745013404e-10
6128.48,2.758148998341341e-10
6128.49,2.8180356478062535e-10
6128.5,2.890416222554908e-10
6128.51,2.983530508524685e-10
6128.52,3.10378840880833e-10
6128.53,3.2561375984547354e-10
6128.54,3.4453228654388453e-10
6128.55,3.6770870803703755e-10
6128.56,3.958373422490803e-10
6128.57,4.2910472384950634e-10
6128.58,4.68427051761851e-10
6128.59,5.123010113367565e-10
6128.6,5.584099803914085e-10
6128.61,6.028899759115696e-10
6128.62,6.418635585084881e-10
6128.63,6.72535634044493e-10
6128.64,6.943562348217366e-10
6128.65,7.085093742248881e-10
6128.66,7.167018391798908e-10
6128.67,7.206326181300843e-10
6128.68,7.225664259322718e-10
6128.69,7.257928793704693e-10
6128.7,7.337852711575028e-10
6128.71,7.48718465073863e-10
6128.72,7.700547501695645e-10
6128.73,7.938987631938969e-10
6128.74,8.137390280069716e-10
6128.75,8.230453970977954e-10
6128.76,8.187606401536769e-10
6128.77,8.030554416002729e-10
6128.78,7.818688076514272e-10
6128.79,7.61685698495464e-10
6128.8,7.471137202185324e-10
6128.81,7.401843697076405e-10
6128.82,7.409129445379964e-10
6128.83,7.484127292498146e-10
6128.84,7.621476580795452e-10
6128.85,7.826421082387716e-10
6128.86,8.115747827844874e-10
6128.87,8.512427841672891e-10
6128.88,9.041303437637663e-10
6128.89,9.727872005083637e-10
6128.9,1.0599135157582698e-09
6128.91,1.169353316717624e-09
6128.92,1.3051137203774509e-09
6128.93,1.4736753482999875e-09
6128.94,1.6784718160262584e-09
6128.95,1.9268676244063243e-09
6128.96,2.2234845365380674e-09
6128.97,2.568241664906352e-09
6128.98,2.9508007516688654e-09
6128.99,3.3439327153288306e-09
6129.0,3.700195311367722e-09
6129.01,3.957700134731321e-09
6129.02,4.0607699832532126e-09
6129.03,3.985968095870583e-09
6129.04,3.754744427057545e-09
6129.05,3.421496674835978e-09
6129.06,3.0478575616708913e-09
6129.07,2.682128772455246e-09
6129.08,2.3525782354062353e-09
6129.09,2.070664215522598e-09
6129.1,1.8373886102470445e-09
6129.11,1.648580496604466e-09
6129.12,1.4982599777516055e-09
6129.13,1.3803728409256839e-09
6129.14,1.2895136111951025e-09
6129.15,1.2213658680799356e-09
6129.16,1.1725958083061266e-09
6129.17,1.140997232592849e-09
6129.18,1.1253415979487311e-09
6129.19,1.1251486789151436e-09
6129.2,1.140378304185447e-09
6129.21,1.1713489830449911e-09
6129.22,1.2189872427767602e-09
6129.23,1.2852666400236296e-09
6129.24,1.3734731525121301e-09
6129.25,1.4880117726927909e-09
6129.26,1.6337612971257347e-09
6129.27,1.815679308919409e-09
6129.28,2.0380764595356125e-09
6129.29,2.303921992390837e-09
6129.3,2.6133343695877993e-09
6129.31,2.9601501248496686e-09
6129.32,3.3262259666765554e-09
6129.33,3.6757906973173048e-09
6129.34,3.955847173958631e-09
6129.35,4.1089611666829655e-09
6129.36,4.097238309005563e-09
6129.37,3.922299583187545e-09
6129.38,3.6243351395567464e-09
6129.39,3.2615425139362127e-09
6129.4,2.886373022168326e-09
6129.41,2.5332629887737803e-09
6129.42,2.2185133845332643e-09
6129.43,1.9462430955281452e-09
6129.44,1.7145538472702161e-09
6129.45,1.5194809235741337e-09
6129.46,1.3565146368961897e-09
6129.47,1.2211599757168522e-09
6129.48,1.1092408810086024e-09
6129.49,1.0168363828690526e-09
6129.5,9.405561884412376e-10
6129.51,8.77616391037892e-10
6129.52,8.258072375749477e-10
6129.53,7.83398229971468e-10
6129.54,7.492417716809062e-10
6129.55,7.223107791987302e-10
6129.56,7.018463512488657e-10
6129.57,6.872074514096428e-10
6129.58,6.7784043976416e-10
6129.59,6.732294591128105e-10
6129.6,6.72816681868716e-10
6129.61,6.761813834573381e-10
6129.62,6.830582716817283e-10
6129.63,6.933528411121628e-10
6129.64,7.074089716221936e-10
6129.65,7.258100822567469e-10
6129.66,7.494804161541001e-10
6129.67,7.789230403495652e-10
6129.68,8.151977952294434e-10
6129.69,8.59297651131194e-10
6129.7,9.124026854094594e-10
6129.71,9.760337339409743e-10
6129.72,1.052092334784884e-09
6129.73,1.1431270192006876e-09
6129.74,1.2522877448863032e-09
6129.75,1.3836053371077496e-09
6129.76,1.5421719364008787e-09
6129.77,1.7343836674828571e-09
6129.78,1.968060614472675e-09
6129.79,2.2526283080197644e-09
6129.8,2.6003416813727507e-09
6129.81,3.019293210294047e-09
6129.82,3.5199413024996134e-09
6129.83,4.103509696237998e-09
6129.84,4.754197440761727e-09
6129.85,5.427040006177153e-09
6129.86,6.040075731359484e-09
6129.87,6.484064404227123e-09
6129.88,6.658501419686708e-09
6129.89,6.519671323074771e-09
6129.9,6.104625716042862e-09
6129.91,5.5097215976324345e-09
6129.92,4.8436117143922426e-09
6129.93,4.19020348469582e-09
6129.94,3.5977276617574214e-09
6129.95,3.085257974357472e-09
6129.96,2.654023784784694e-09
6129.97,2.2965880460878406e-09
6129.98,2.0024724263945884e-09
6129.99,1.7611305209396442e-09
6130.0,1.563683295680448e-09
6130.01,1.4006585583665627e-09
6130.02,1.2659108910909802e-09
6130.03,1.1539313870117554e-09
6130.04,1.059346903994643e-09
6130.05,9.809145632216027e-10
6130.06,9.146679473148936e-10
6130.07,8.577598377028875e-10
6130.08,8.073265307510416e-10
6130.09,7.608396783809366e-10
6130.1,7.165558120145422e-10
6130.11,6.722035941869319e-10
6130.12,6.30907386418438e-10
6130.13,5.917502688914999e-10
6130.14,5.554227882647204e-10
6130.15,5.224085792567781e-10
6130.16,4.931196302532104e-10
6130.17,4.676234710314321e-10
6130.18,4.458820330675529e-10
6130.19,4.275571990974196e-10
6130.2,4.209637413749039e-10
6130.21,4.0678168150919346e-10
6130.22,3.9768575155579375e-10
6130.23,3.9105515058585067e-10
6130.24,3.870480584161349e-10
6130.25,3.8576555307441375e-10
6130.26,3.874985069692793e-10
6130.27,3.925745013964313e-10
6130.28,4.012164409578156e-10
6130.29,4.133313076251345e-10
6130.3,4.282176827095951e-10
6130.31,4.444652226489782e-10
6130.32,4.594038491990045e-10
6130.33,4.705343519845989e-10
6130.34,4.758382355117946e-10
6130.35,4.74286861951281e-10
6130.36,4.659349278271645e-10
6130.37,4.5243164383072726e-10
6130.38,4.358504442119014e-10
6130.39,4.2459488054750806e-10
6130.4,4.113796717093979e-10
6130.41,4.161847404933431e-10
6130.42,4.0849641043967443e-10
6130.43,4.050825008912167e-10
6130.44,4.057082030869781e-10
6130.45,4.1522136528135403e-10
6130.46,4.2266812724024e-10
6130.47,4.288822708708968e-10
6130.48,4.33173574398541e-10
6130.49,4.344378412301671e-10
6130.5,4.3226587470471526e-10
6130.51,4.2814031604022154e-10
6130.52,4.239038376033636e-10
6130.53,4.210200940112922e-10
6130.54,4.2036110890287765e-10
6130.55,4.2236817321688465e-10
6130.56,4.3844599267611053e-10
6130.57,4.4706627002920254e-10
6130.58,4.5854109333193846e-10
6130.59,4.735767631360546e-10
6130.6,4.924457776201033e-10
6130.61,5.15492441106709e-10
6130.62,5.43160849430859e-10
6130.63,5.760126379751087e-10
6130.64,6.147737821623746e-10
6130.65,6.604162827198026e-10
6130.66,7.142828845333436e-10
6130.67,7.824512978944298e-10
6130.68,8.587906371082003e-10
6130.69,9.505757215802026e-10
6130.7,1.0655054258474475e-09
6130.71,1.200355112404615e-09
6130.72,1.3746034400948834e-09
6130.73,1.5850879990273979e-09
6130.74,1.8299731387818367e-09
6130.75,2.1237805977644965e-09
6130.76,2.465465517579125e-09
6130.77,2.8416063944265685e-09
6130.78,3.2180395343744437e-09
6130.79,3.537713366866865e-09
6130.8,3.733364676886807e-09
6130.81,3.7568118433169156e-09
6130.82,3.604905601448314e-09
6130.83,3.3234411223827395e-09
6130.84,2.9759916693768745e-09
6130.85,2.6226393343512406e-09
6130.86,2.300307889123628e-09
6130.87,2.0255882127405084e-09
6130.88,1.8017480233573017e-09
6130.89,1.6265062568277964e-09
6130.9,1.4925941281417277e-09
6130.91,1.39555311763079e-09
6130.92,1.3311208770127578e-09
6130.93,1.2964026331265832e-09
6130.94,1.2902744303298887e-09
6130.95,1.3130863990468174e-09
6130.96,1.366850091495759e-09
6130.97,1.4549644679915883e-09
6130.98,1.5818674679298442e-09
6130.99,1.7510064999618106e-09
6131.0,1.9613957107164476e-09
6131.01,2.201063148648712e-09
6131.02,2.439407302609529e-09
6131.03,2.6264465963273937e-09
6131.04,2.7086574677009443e-09
6131.05,2.6593118495254165e-09
6131.06,2.497103207233371e-09
6131.07,2.2730757648073375e-09
6131.08,2.039987833290391e-09
6131.09,1.8319915554253456e-09
6131.1,1.662763712460547e-09
6131.11,1.5328358420196743e-09
6131.12,1.4371819890871036e-09
6131.13,1.370137649661596e-09
6131.14,1.3278157854120112e-09
6131.15,1.308632950789949e-09
6131.16,1.3129441278281732e-09
6131.17,1.3422054576147605e-09
6131.18,1.3989490245976826e-09
6131.19,1.4864422328841082e-09
6131.2,1.6086073756639536e-09
6131.21,1.7693549461446344e-09
6131.22,1.970827444026084e-09
6131.23,2.2099381011521697e-09
6131.24,2.4730003055849913e-09
6131.25,2.730329275836763e-09
6131.26,2.9364192344687524e-09
6131.27,3.042145409199104e-09
6131.28,3.0172605947195575e-09
6131.29,2.867683226554395e-09
6131.3,2.6317599910694665e-09
6131.31,2.3589517474321284e-09
6131.32,2.0892492044368377e-09
6131.33,1.8450983201288842e-09
6131.34,1.6340193854764587e-09
6131.35,1.455032227337268e-09
6131.36,1.3041554081900351e-09
6131.37,1.1772546568042679e-09
6131.38,1.0708812716720757e-09
6131.39,9.823090862589297e-10
6131.4,9.086302322537462e-10
6131.41,8.476317925431948e-10
6131.42,7.971849041140945e-10
6131.43,7.553967719283637e-10
6131.44,7.206380028582129e-10
6131.45,6.915788963717863e-10
6131.46,6.672077435925624e-10
6131.47,6.468007147340413e-10
6131.48,6.298421070769269e-10
6131.49,6.159297819159442e-10
6131.5,6.047199082707814e-10
6131.51,5.959148132162307e-10
6131.52,5.892546961710243e-10
6131.53,5.845031194728011e-10
6131.54,5.81435389958619e-10
6131.55,5.800211392054086e-10
6131.56,5.800810953216111e-10
6131.57,5.815290321977407e-10
6131.58,5.842341301295815e-10
6131.59,5.883014865213033e-10
6131.6,5.936462068649825e-10
6131.61,6.002763112833879e-10
6131.62,6.08222934241379e-10
6131.63,6.175405199020521e-10
6131.64,6.283073797018605e-10
6131.65,6.406228245779368e-10
6131.66,6.544613001723514e-10
6131.67,6.702305722196393e-10
6131.68,6.878789814501827e-10
6131.69,7.074407168487955e-10
6131.7,7.289226622028906e-10
6131.71,7.523311490446475e-10
6131.72,7.778342372159753e-10
6131.73,8.0589060916054e-10
6131.74,8.371833746504145e-10
6131.75,8.725282806114164e-10
6131.76,9.125022107180621e-10
6131.77,9.574319450012531e-10
6131.78,1.0070467326127514e-09
6131.79,1.0611392553079897e-09
6131.8,1.1195875857127486e-09
6131.81,1.1824165395513877e-09
6131.82,1.2491248223968343e-09
6131.83,1.3174141848843418e-09
6131.84,1.383291083223872e-09
6131.85,1.4423058010983536e-09
6131.86,1.4923694173243344e-09
6131.87,1.5356175221377842e-09
6131.88,1.5779642513866108e-09
6131.89,1.6268231869156428e-09
6131.9,1.689107195635874e-09
6131.91,1.7705047282261054e-09
6131.92,1.875339426543638e-09
6131.93,2.007439246486477e-09
6131.94,2.1706613985788992e-09
6131.95,2.368432285355618e-09
6131.96,2.6036488172857366e-09
6131.97,2.877234762282512e-09
6131.98,3.1866644460843516e-09
6131.99,3.5232900694840033e-09
6132.0,3.868301856914661e-09
6132.01,4.18919327472267e-09
6132.02,4.44187330518794e-09
6132.03,4.5833300823533355e-09
6132.04,4.591555944551498e-09
6132.05,4.47837468167415e-09
6132.06,4.284090350846664e-09
6132.07,4.058561040840109e-09
6132.08,3.843548808161303e-09
6132.09,3.6653925398537313e-09
6132.1,3.5365651276126727e-09
6132.11,3.4591603083124777e-09
6132.12,3.435811661150962e-09
6132.13,3.4624232891092304e-09
6132.14,3.5378539234762007e-09
6132.15,3.6619198026156452e-09
6132.16,3.836437336530653e-09
6132.17,4.065166406335671e-09
6132.18,4.354463080383558e-09
6132.19,4.7137548596500715e-09
6132.2,5.15635395254217e-09
6132.21,5.700632883665715e-09
6132.22,6.372133961550316e-09
6132.23,7.205404053020516e-09
6132.24,8.248489121170676e-09
6132.25,9.568917702292863e-09
6132.26,1.1261689904659615e-08
6132.27,1.3461071115416205e-08
6132.28,1.6355505709230995e-08
6132.29,2.0200127612653302e-08
6132.3,2.5307957719041134e-08
6132.31,3.196313481133216e-08
6132.32,4.0144399133351074e-08
6132.33,4.89840967833603e-08
6132.34,5.63147290323846e-08
6132.35,5.932569688553454e-08
6132.36,5.661676102160574e-08
6132.37,4.950308829424361e-08
6132.38,4.0770058927003835e-08
6132.39,3.2617588658798896e-08
6132.4,2.5959906358634245e-08
6132.41,2.0849526595437106e-08
6132.42,1.7015814756244692e-08
6132.43,1.414905792515202e-08
6132.44,1.1993641787574511e-08
6132.45,1.0358557239833177e-08
6132.46,9.111573613338922e-09
6132.47,8.155949244285095e-09
6132.48,7.4241349615856985e-09
6132.49,6.866949698093621e-09
6132.5,6.448283612450474e-09
6132.51,6.138080609854088e-09
6132.52,5.91185465756784e-09
6132.53,5.7508150657243414e-09
6132.54,5.643627208548068e-09
6132.55,5.5859540728290126e-09
6132.56,5.574628516339105e-09
6132.57,5.599903339948765e-09
6132.58,5.642573787720836e-09
6132.59,5.68250067575896e-09
6132.6,5.713720018811212e-09
6132.61,5.750645843617029e-09
6132.62,5.818895451475238e-09
6132.63,5.942525141773491e-09
6132.64,6.139252991994691e-09
6132.65,6.4228198535560465e-09
6132.66,6.806519249176891e-09
6132.67,7.3039313647575465e-09
6132.68,7.930328704464591e-09
6132.69,8.704843410291411e-09
6132.7,9.657874657353518e-09
6132.71,1.083893737922041e-08
6132.72,1.2315352652946087e-08
6132.73,1.415296981222921e-08
6132.74,1.637707246404525e-08
6132.75,1.8909025451560658e-08
6132.76,2.1505824442853403e-08
6132.77,2.3786937494096192e-08
6132.78,2.542769577729552e-08
6132.79,2.6408508893950715e-08
6132.8,2.7040211715191273e-08
6132.81,2.7692293490809266e-08
6132.82,2.8484975600258456e-08
6132.83,2.9212738858791334e-08
6132.84,2.955582577216409e-08
6132.85,2.9397862158353804e-08
6132.86,2.8954398490441957e-08
6132.87,2.86156344188442e-08
6132.88,2.8727305567012783e-08
6132.89,2.95087303309165e-08
6132.9,3.106678454149849e-08
6132.91,3.3375430328838516e-08
6132.92,3.6171797829593643e-08
6132.93,3.8847027761595e-08
6132.94,4.0551641762794865e-08
6132.95,4.060698386400761e-08
6132.96,3.9000760899959665e-08
6132.97,3.641394637229048e-08
6132.98,3.3761287027393194e-08
6132.99,3.174555029495597e-08
6133.0,3.0737553712670473e-08
6133.01,3.087117583273564e-08
6133.02,3.214810936880042e-08
6133.03,3.447210768677476e-08
6133.04,3.7647940591533335e-08
6133.05,4.142787298036464e-08
6133.06,4.562795398249042e-08
6133.07,5.016494182029432e-08
6133.08,5.486125435174604e-08
6133.09,5.91592198554061e-08
6133.1,6.207305745873933e-08
6133.11,6.254239135235742e-08
6133.12,6.002278842043655e-08
6133.13,5.4892167929461194e-08
6133.14,4.8290732673732785e-08
6133.15,4.151069732589867e-08
6133.16,3.54616275191755e-08
6133.17,3.0530346634666224e-08
6133.18,2.671650256393799e-08
6133.19,2.3814853804260842e-08
6133.2,2.1541032462064322e-08
6133.21,1.962288849759424e-08
6133.22,1.787623736791498e-08
6133.23,1.624612565139541e-08
6133.24,1.477282559628246e-08
6133.25,1.3516214414062622e-08
6133.26,1.2503119049010964e-08
6133.27,1.1723844501763392e-08
6133.28,1.115544494370558e-08
6133.29,1.077853450062383e-08
6133.3,1.0576617736958043e-08
6133.31,1.052064598309552e-08
6133.32,1.0550967318320155e-08
6133.33,1.0573337970422106e-08
6133.34,1.0483293706139673e-08
6133.35,1.0213377904679146e-08
6133.36,9.768696831749135e-09
6133.37,9.219558912804126e-09
6133.38,8.660418942143857e-09
6133.39,8.171166205076112e-09
6133.4,7.800954514057268e-09
6133.41,7.568986924050396e-09
6133.42,7.471897876914282e-09
6133.43,7.490565315662173e-09
6133.44,7.597768559316728e-09
6133.45,7.767041606952302e-09
6133.46,7.977456346639393e-09
6133.47,8.207523174837164e-09
6133.48,8.420494929863567e-09
6133.49,8.558134707476888e-09
6133.5,8.556613751273546e-09
6133.51,8.380029142945863e-09
6133.52,8.045357023974715e-09
6133.53,7.616990882087725e-09
6133.54,7.176193241468409e-09
6133.55,6.788643253916902e-09
6133.56,6.485861975270953e-09
6133.57,6.260045822376237e-09
6133.58,6.0689794522337596e-09
6133.59,5.8530068980955855e-09
6133.6,5.563514472030308e-09
6133.61,5.1873975398026156e-09
6133.62,4.748689106649741e-09
6133.63,4.288492776200323e-09
6133.64,3.846864926491752e-09
6133.65,3.447606833693676e-09
6133.66,3.101398354717124e-09
6133.67,2.8091967538049456e-09
6133.68,2.566863555396435e-09
6133.69,2.368553435133238e-09
6133.7,2.2072458485014826e-09
6133.71,2.0810701776516108e-09
6133.72,1.9849863616482774e-09
6133.73,1.9156772986994824e-09
6133.74,1.8683104721816007e-09
6133.75,1.8343500189415414e-09
6133.76,1.8001670769630904e-09
6133.77,1.750470857975231e-09
6133.78,1.6762230101821402e-09
6133.79,1.5803033855648623e-09
6133.8,1.4742868968266925e-09
6133.81,1.3701319204117591e-09
6133.82,1.275051220359522e-09
6133.83,1.1915003089989756e-09
6133.84,1.1192173786076556e-09
6133.85,1.0569015337966384e-09
6133.86,1.003015376667842e-09
6133.87,9.561789581784517e-10
6133.88,9.152233020491707e-10
6133.89,8.792289870771403e-10
6133.9,8.474820432607028e-10
6133.91,8.194631372972801e-10
6133.92,7.947777720693836e-10
6133.93,7.731211484699834e-10
6133.94,7.542405069724519e-10
6133.95,7.378681635692093e-10
6133.96,7.236825103046083e-10
6133.97,7.112970105552532e-10
6133.98,7.002500882471865e-10
6133.99,6.900379207854476e-10
6134.0,6.801515240442036e-10
6134.01,6.708334662950892e-10
6134.02,6.607336911607463e-10
6134.03,6.505507866369351e-10
6134.04,6.406779519772063e-10
6134.05,6.314968005255428e-10
6134.06,6.23377281431697e-10
6134.07,6.165445200060434e-10
6134.08,6.110214919153447e-10
6134.09,6.066021105108428e-10
6134.1,6.029005740774857e-10
6134.11,5.998318310692363e-10
6134.12,5.97933330396933e-10
6134.13,5.984455821217272e-10
6134.14,6.030900562434859e-10
6134.15,6.136382043454351e-10
6134.16,6.315330912682504e-10
6134.17,6.573938476798451e-10
6134.18,6.89678307412781e-10
6134.19,7.242839122785816e-10
6134.2,7.509546636337461e-10
6134.21,7.650882382757737e-10
6134.22,7.645103828487571e-10
6134.23,7.55971323709879e-10
6134.24,7.495838947528583e-10
6134.25,7.530788478472242e-10
6134.26,7.691275934789299e-10
6134.27,7.943835967426908e-10
6134.28,8.196884411450343e-10
6134.29,8.323317623345497e-10
6134.3,8.222851489494349e-10
6134.31,7.885726248810147e-10
6134.32,7.237726851283004e-10
6134.33,6.716574093726501e-10
6134.34,6.233955074437447e-10
6134.35,5.806585104414009e-10
6134.36,5.415796885462399e-10
6134.37,5.041774289255958e-10
6134.38,4.682913191916152e-10
6134.39,4.351399616969451e-10
6134.4,4.059128620612143e-10
6134.41,3.810173161521514e-10
6134.42,3.602483819248873e-10
6134.43,3.4287062194277186e-10
6134.44,3.2832541146616933e-10
6134.45,3.160576910908661e-10
6134.46,3.056214304639595e-10
6134.47,2.966548982401417e-10
6134.48,2.889050644587945e-10
6134.49,2.8222203761143887e-10
6134.5,2.7635965552668754e-10
6134.51,2.712547849544785e-10
6134.52,2.668253986452286e-10
6134.53,2.630229183224908e-10
6134.54,2.520940348666534e-10
6134.55,2.4946108903995917e-10
6134.56,2.484983241857119e-10
6134.57,2.468541861001357e-10
6134.58,2.456510580798407e-10
6134.59,2.461347383198248e-10
6134.6,2.457869460210793e-10
6134.61,2.462198088738241e-10
6134.62,2.4687734767338016e-10
6134.63,2.4813508718425655e-10
6134.64,2.500548663416072e-10
6134.65,2.527126136554805e-10
6134.66,2.5638495735792827e-10
6134.67,2.6095032386249313e-10
6134.68,2.6682974465195166e-10
6134.69,2.7434434956581253e-10
6134.7,2.838380536880122e-10
6134.71,2.9574782314469144e-10
6134.72,3.1044151243129245e-10
6134.73,3.282679150970458e-10
6134.74,3.4951539292040317e-10
6134.75,3.737418407712628e-10
6134.76,4.0043618811738356e-10
6134.77,4.276244299800876e-10
6134.78,4.52705648380659e-10
6134.79,4.729352698648036e-10
6134.8,4.867332727257324e-10
6134.81,4.942654622274472e-10
6134.82,4.968671009175306e-10
6134.83,4.958339813159833e-10
6134.84,4.918915248790775e-10
6134.85,4.854138457990272e-10
6134.86,4.774288245311907e-10
6134.87,4.695721266647551e-10
6134.88,4.636892413029958e-10
6134.89,4.611551312480772e-10
6134.9,4.632785556414312e-10
6134.91,4.70768564642136e-10
6134.92,4.835153078861649e-10
6134.93,4.998568824550165e-10
6134.94,5.168813014829484e-10
6134.95,5.30717287240143e-10
6134.96,5.378994378429122e-10
6134.97,5.367944970416742e-10
6134.98,5.282644468586302e-10
6134.99,5.152461068986437e-10
6135.0,5.016357116926289e-10
6135.01,4.90848273608188e-10
6135.02,4.86378390578901e-10
6135.03,4.89849513439382e-10
6135.04,5.023422575087419e-10
6135.05,5.248077883984042e-10
6135.06,5.578687800035328e-10
6135.07,6.020313827965816e-10
6135.08,6.576048255698513e-10
6135.09,7.236640060498287e-10
6135.1,7.966179405567589e-10
6135.11,8.68673552784506e-10
6135.12,9.275420287190471e-10
6135.13,9.598218796961201e-10
6135.14,9.55811573328412e-10
6135.15,9.15168842371827e-10
6135.16,8.468893987851237e-10
6135.17,7.632569019958239e-10
6135.18,6.790607680279842e-10
6135.19,6.010290801925479e-10
6135.2,5.274201153307732e-10
6135.21,4.700786273269505e-10
6135.22,4.2256384778855954e-10
6135.23,3.8343659377669945e-10
6135.24,3.5099076648067996e-10
6135.25,3.239658775060583e-10
6135.26,2.959551332519401e-10
6135.27,2.769745385377202e-10
6135.28,2.6088449514535864e-10
6135.29,2.471327068176852e-10
6135.3,2.353445478747342e-10
6135.31,2.25350844368148e-10
6135.32,2.1712688330569824e-10
6135.33,2.1069481347083912e-10
6135.34,2.0605667312732936e-10
6135.35,2.0315882875946024e-10
6135.36,2.0185488334582394e-10
6135.37,1.9100575591735993e-10
6135.38,1.9185479009178481e-10
6135.39,1.9276469456071565e-10
6135.4,1.9280605731294473e-10
6135.41,1.9149663073406232e-10
6135.42,1.8862702532754955e-10
6135.43,1.846712918450739e-10
6135.44,1.8072950454688729e-10
6135.45,1.7743305124092492e-10
6135.46,1.7529545159213046e-10
6135.47,1.703980468414257e-10
6135.48,1.7113341394699303e-10
6135.49,1.733341237694694e-10
6135.5,1.768528632917612e-10
6135.51,1.781181483505179e-10
6135.52,1.8494309404256506e-10
6135.53,1.8465621559499218e-10
6135.54,1.8762989555584386e-10
6135.55,2.0350184239360096e-10
6135.56,2.2417803358247346e-10
6135.57,2.509640222327981e-10
6135.58,2.8516395165540657e-10
6135.59,3.2738597273763327e-10
6135.6,3.761286831487566e-10
6135.61,4.258510956703807e-10
6135.62,4.657896851404399e-10
6135.63,4.833419434865739e-10
6135.64,4.747139776105483e-10
6135.65,4.424664799105719e-10
6135.66,3.979268693514372e-10
6135.67,3.5244936445682665e-10
6135.68,3.127685877029628e-10
6135.69,2.8128441358565123e-10
6135.7,2.579034354528111e-10
6135.71,2.415218629714681e-10
6135.72,2.3097163214774422e-10
6135.73,2.2514218387040815e-10
6135.74,2.233363657748828e-10
6135.75,2.2504870523320515e-10
6135.76,2.2992512720965747e-10
6135.77,2.376990222641971e-10
6135.78,2.4817082482623136e-10
6135.79,2.613480697181814e-10
6135.8,2.776118098774864e-10
6135.81,2.977526171457747e-10
6135.82,3.2311013794091614e-10
6135.83,3.5515105100310614e-10
6135.84,3.9566381563058443e-10
6135.85,4.4668823999617734e-10
6135.86,5.104465215753367e-10
6135.87,5.898201324494172e-10
6135.88,6.845070143748875e-10
6135.89,7.937087778611122e-10
6135.9,9.120072046813545e-10
6135.91,1.0299775542217148e-09
6135.92,1.1340155719438822e-09
6135.93,1.2122875123367615e-09
6135.94,1.2605612105688172e-09
6135.95,1.2787628869961588e-09
6135.96,1.2663832800032964e-09
6135.97,1.2210857150940784e-09
6135.98,1.142879699060469e-09
6135.99,1.0383461855438424e-09
6136.0,9.184897326411004e-10
6136.01,7.992715299474067e-10
6136.02,6.890938685089836e-10
6136.03,5.92856187209441e-10
6136.04,5.116421184135115e-10
6136.05,4.443517543355839e-10
6136.06,3.8910312576190603e-10
6136.07,3.438701557656155e-10
6136.08,3.0682014921726957e-10
6136.09,2.763809168424852e-10
6136.1,2.513076708354509e-10
6136.11,2.3040872972958004e-10
6136.12,2.1289613082439447e-10
6136.13,1.9829825575128166e-10
6136.14,1.8581570889181396e-10
6136.15,1.752519733106839e-10
6136.16,1.6639056301778974e-10
6136.17,1.588736578137008e-10
6136.18,1.5226635815653851e-10
6136.19,1.4686878399688698e-10
6136.2,1.4246520026406042e-10
6136.21,1.386119807929984e-10
6136.22,1.3509862751135847e-10
6136.23,1.3185639064526017e-10
6136.24,1.28957549436499e-10
6136.25,1.2655351662193844e-10
6136.26,1.2317506849117037e-10
6136.27,1.2207931957418735e-10
6136.28,1.2179399397431433e-10
6136.29,1.2196365111515551e-10
6136.3,1.2261939603687501e-10
6136.31,1.2360237328779124e-10
6136.32,1.24765687952549e-10
6136.33,1.2607009922106968e-10
6136.34,1.2671767561425244e-10
6136.35,1.2885869473236634e-10
6136.36,1.3064817584698365e-10
6136.37,1.3297262626999657e-10
6136.38,1.3480974930259546e-10
6136.39,1.3571794913397611e-10
6136.4,1.3508444398222008e-10
6136.41,1.3310775938354504e-10
6136.42,1.3019574955554972e-10
6136.43,1.2690121570593132e-10
6136.44,1.237181304341579e-10
6136.45,1.211533910377683e-10
6136.46,1.189237972833572e-10
6136.47,1.172264269387432e-10
6136.48,1.1601620347932357e-10
6136.49,1.152686371532189e-10
6136.5,1.1499772103755189e-10
6136.51,1.1524227066353272e-10
6136.52,1.1588612256194687e-10
6136.53,1.1718707372378244e-10
6136.54,1.192337838446664e-10
6136.55,1.2196896259614467e-10
6136.56,1.2547259303690882e-10
6136.57,1.2985490703104935e-10
6136.58,1.3527721750087811e-10
6136.59,1.419595362176961e-10
6136.6,1.501914918163606e-10
6136.61,1.6033574426965458e-10
6136.62,1.7280782408819426e-10
6136.63,1.8601360105389308e-10
6136.64,2.0419177440768935e-10
6136.65,2.249176288420602e-10
6136.66,2.4647558124409346e-10
6136.67,2.652280008526033e-10
6136.68,2.768574451473537e-10
6136.69,2.7905644236560377e-10
6136.7,2.7343412813850577e-10
6136.71,2.64016938970407e-10
6136.72,2.541836796792344e-10
6136.73,2.459995682140658e-10
6136.74,2.398420642861907e-10
6136.75,2.3576675767588035e-10
6136.76,2.33747434572136e-10
6136.77,2.3368809266516964e-10
6136.78,2.35436742918156e-10
6136.79,2.3880783319053445e-10
6136.8,2.4376864429864265e-10
6136.81,2.501032224922409e-10
6136.82,2.5800088861922904e-10
6136.83,2.675914902623817e-10
6136.84,2.790429582484358e-10
6136.85,2.92526816545841e-10
6136.86,3.0826372597272136e-10
6136.87,3.265632557787705e-10
6136.88,3.4789157071834266e-10
6136.89,3.7283981643877395e-10
6136.9,4.0209094796372457e-10
6136.91,4.364251349205689e-10
6136.92,4.758593276258912e-10
6136.93,5.204003287273177e-10
6136.94,5.690875193530538e-10
6136.95,6.221133132888488e-10
6136.96,6.719288062609897e-10
6136.97,7.178662037895445e-10
6136.98,7.592034077530913e-10
6136.99,7.985684209617725e-10
6137.0,8.402100485343085e-10
6137.01,8.8685241627618e-10
6137.02,9.379783753516512e-10
6137.03,9.904783930387433e-10
6137.04,1.0414344274670887e-09
6137.05,1.090944616901556e-09
6137.06,1.143207096429168e-09
6137.07,1.2052848327199086e-09
6137.08,1.2873127418480369e-09
6137.09,1.3910984862052922e-09
6137.1,1.5230954359578593e-09
6137.11,1.6841738904931634e-09
6137.12,1.871503422427192e-09
6137.13,2.072338755722166e-09
6137.14,2.269740964356622e-09
6137.15,2.4404737877635887e-09
6137.16,2.563450404982086e-09
6137.17,2.6296523266492966e-09
6137.18,2.648068330042949e-09
6137.19,2.6422575628243137e-09
6137.2,2.6397103628781523e-09
6137.21,2.6613378195920796e-09
6137.22,2.7144304725462658e-09
6137.23,2.7901285544107683e-09
6137.24,2.864797712993081e-09
6137.25,2.9067438211397026e-09
6137.26,2.889867702488977e-09
6137.27,2.8020427365608214e-09
6137.28,2.658095052488014e-09
6137.29,2.4878886181036304e-09
6137.3,2.3233876153689044e-09
6137.31,2.1878204494443416e-09
6137.32,2.0940237837358935e-09
6137.33,2.0409340364251215e-09
6137.34,2.0244892211893366e-09
6137.35,2.034765379239414e-09
6137.36,2.0608843175589075e-09
6137.37,2.095650737682073e-09
6137.38,2.138547559215784e-09
6137.39,2.193663207938635e-09
6137.4,2.2650346128482923e-09
6137.41,2.35456281605037e-09
6137.42,2.4646136818499246e-09
6137.43,2.602268980851145e-09
6137.44,2.7796477389073997e-09
6137.45,3.010170304774286e-09
6137.46,3.3036621821013857e-09
6137.47,3.6639996413027803e-09
6137.48,4.085890708093064e-09
6137.49,4.554300602480768e-09
6137.5,5.038199334439126e-09
6137.51,5.488428508707331e-09
6137.52,5.84569877936289e-09
6137.53,6.058889549956132e-09
6137.54,6.101279211485631e-09
6137.55,5.9676410252891015e-09
6137.56,5.675318916936747e-09
6137.57,5.258627958865974e-09
6137.58,4.767482213101718e-09
6137.59,4.255841485094244e-09
6137.6,3.766641675659531e-09
6137.61,3.324554452436698e-09
6137.62,2.938928495064256e-09
6137.63,2.610380164102632e-09
6137.64,2.3362715597283884e-09
6137.65,2.114099580309243e-09
6137.66,1.9347030617453163e-09
6137.67,1.7918741558557003e-09
6137.68,1.6755461598529636e-09
6137.69,1.5745037904099844e-09
6137.7,1.4786127746667496e-09
6137.71,1.3814969466199282e-09
6137.72,1.2816317386727928e-09
6137.73,1.181243781878342e-09
6137.74,1.084042344333117e-09
6137.75,9.93357753423327e-10
6137.76,9.11405987278052e-10
6137.77,8.392972439003274e-10
6137.78,7.772708497498781e-10
6137.79,7.249988339496111e-10
6137.8,6.817603281445856e-10
6137.81,6.467235378677668e-10
6137.82,6.190999352926039e-10
6137.83,5.982490256541253e-10
6137.84,5.836213805016244e-10
6137.85,5.750140724965054e-10
6137.86,5.720399565952495e-10
6137.87,5.743293935344962e-10
6137.88,5.811008267924942e-10
6137.89,5.912947416862656e-10
6137.9,6.035811272079169e-10
6137.91,6.163235338080033e-10
6137.92,6.282118255201021e-10
6137.93,6.3883957551993e-10
6137.94,6.492269516484838e-10
6137.95,6.615828948510139e-10
6137.96,6.784020604365272e-10
6137.97,7.016081507133366e-10
6137.98,7.323444399621712e-10
6137.99,7.713315892326506e-10
6138.0,8.194876143790999e-10
6138.01,8.777961472107372e-10
6138.02,9.471724303598641e-10
6138.03,1.0269580147098992e-09
6138.04,1.114820061430964e-09
6138.05,1.206986745946336e-09
6138.06,1.3016068993500723e-09
6138.07,1.3959544958706717e-09
6138.08,1.4939997214820645e-09
6138.09,1.602341256463825e-09
6138.1,1.730624901515883e-09
6138.11,1.8903083289506884e-09
6138.12,2.0901140295006516e-09
6138.13,2.3257281343758087e-09
6138.14,2.5678535882117464e-09
6138.15,2.7630755641698878e-09
6138.16,2.8612183642292946e-09
6138.17,2.8530626959398866e-09
6138.18,2.7745031283680446e-09
6138.19,2.6675264789243966e-09
6138.2,2.545522429656863e-09
6138.21,2.3955841338153206e-09
6138.22,2.2115565994008118e-09
6138.23,2.0060357344607295e-09
6138.24,1.805798578101964e-09
6138.25,1.62898488849784e-09
6138.26,1.480419890241118e-09
6138.27,1.356090123360057e-09
6138.28,1.2493722651809018e-09
6138.29,1.155095493787004e-09
6138.3,1.0711416026602966e-09
6138.31,9.980605413706098e-10
6138.32,9.381344656768458e-10
6138.33,8.940819953045843e-10
6138.34,8.683500617151845e-10
6138.35,8.624566628965794e-10
6138.36,8.763589574691406e-10
6138.37,9.077233700844366e-10
6138.38,9.51125766250529e-10
6138.39,9.98836379777977e-10
6138.4,1.0414785457228465e-09
6138.41,1.0689882618582384e-09
6138.42,1.0735293319490044e-09
6138.43,1.0539794040437193e-09
6138.44,1.0162076800286917e-09
6138.45,9.686900460450337e-10
6138.46,9.198639938181583e-10
6138.47,8.782135175823049e-10
6138.48,8.513786344921853e-10
6138.49,8.446480951949404e-10
6138.5,8.609833878562984e-10
6138.51,9.021652609391868e-10
6138.52,9.69603140575116e-10
6138.53,1.063816327523974e-09
6138.54,1.1821568869243776e-09
6138.55,1.3151161628780895e-09
6138.56,1.4439059131747072e-09
6138.57,1.544467157311449e-09
6138.58,1.5996374506021694e-09
6138.59,1.6101196283739726e-09
6138.6,1.5930377395502021e-09
6138.61,1.5700132786123987e-09
6138.62,1.5548590682223658e-09
6138.63,1.5470874352506059e-09
6138.64,1.5342779462717288e-09
6138.65,1.5031997130278401e-09
6138.66,1.4501987605481144e-09
6138.67,1.3808055389250863e-09
6138.68,1.3027262840390147e-09
6138.69,1.2243618041616166e-09
6138.7,1.1561720268172597e-09
6138.71,1.106543634260066e-09
6138.72,1.075785841647891e-09
6138.73,1.0515726652272721e-09
6138.74,1.0153689006141016e-09
6138.75,9.543045927730983e-10
6138.76,8.709602101070169e-10
6138.77,7.785373443813779e-10
6138.78,6.912806504193789e-10
6138.79,6.16750954966437e-10
6138.8,5.565023956061333e-10
6138.81,5.088791370236048e-10
6138.82,4.713948125181512e-10
6138.83,4.420819425729547e-10
6138.84,4.1874961700247204e-10
6138.85,4.003054309141187e-10
6138.86,3.8562160266565156e-10
6138.87,3.737458099957488e-10
6138.88,3.6396476409293166e-10
6138.89,3.5558249704893483e-10
6138.9,3.480671074672892e-10
6138.91,3.4093483332032685e-10
6138.92,3.341405880591101e-10
6138.93,3.279642860667554e-10
6138.94,3.231120072920358e-10
6138.95,3.203678343619621e-10
6138.96,3.203848841471582e-10
6138.97,3.2362418261894054e-10
6138.98,3.303711283573548e-10
6138.99,3.408052713845667e-10
6139.0,3.550024353426393e-10
6139.01,3.729316620482239e-10
6139.02,3.9446810635039584e-10
6139.03,4.1927143386591395e-10
6139.04,4.469594544542677e-10
6139.05,4.745776255956559e-10
6139.06,4.991026368619196e-10
6139.07,5.160971866636271e-10
6139.08,5.216498252095483e-10
6139.09,5.14344662704236e-10
6139.1,4.960425206062465e-10
6139.11,4.708516766137981e-10
6139.12,4.43226212008518e-10
6139.13,4.16608624012004e-10
6139.14,3.9304026222980786e-10
6139.15,3.7342530444301343e-10
6139.16,3.579412368217276e-10
6139.17,3.463375736588638e-10
6139.18,3.3813538167278345e-10
6139.19,3.327593885706565e-10
6139.2,3.296288556592727e-10
6139.21,3.28257211700322e-10
6139.22,3.3131802103466715e-10
6139.23,3.3257970570751367e-10
6139.24,3.3500643147716754e-10
6139.25,3.38643287099408e-10
6139.26,3.435632686990058e-10
6139.27,3.497784758303338e-10
6139.28,3.5716946896907853e-10
6139.29,3.654545606605673e-10
6139.3,3.7430980565013236e-10
6139.31,3.8354470351055597e-10
6139.32,3.9329766795385227e-10
6139.33,4.041215452283476e-10
6139.34,4.165691459674087e-10
6139.35,4.31373101713851e-10
6139.36,4.491411609572814e-10
6139.37,4.704603764456945e-10
6139.38,4.959945643191243e-10
6139.39,5.266683815612143e-10
6139.4,5.634425257733375e-10
6139.41,6.079412099517292e-10
6139.42,6.622892352008289e-10
6139.43,7.294104056382916e-10
6139.44,8.132888253465956e-10
6139.45,9.191921094587313e-10
6139.46,1.0535803304302795e-09
6139.47,1.2229376384391645e-09
6139.48,1.4299628749383847e-09
6139.49,1.6680934999766818e-09
6139.5,1.8997548816600444e-09
6139.51,2.072533435278614e-09
6139.52,2.1321060903847822e-09
6139.53,2.0696909144007e-09
6139.54,1.9215952053700183e-09
6139.55,1.7505907152266337e-09
6139.56,1.6009743476805298e-09
6139.57,1.4919664232306783e-09
6139.58,1.4259820904880021e-09
6139.59,1.3988948487804785e-09
6139.6,1.4060253800064045e-09
6139.61,1.4413886236179895e-09
6139.62,1.5049425848407766e-09
6139.63,1.5865867278955544e-09
6139.64,1.6858724613747323e-09
6139.65,1.7993004197372667e-09
6139.66,1.924380980613758e-09
6139.67,2.0664479479969315e-09
6139.68,2.218478571428315e-09
6139.69,2.39427399848914e-09
6139.7,2.6062152980885038e-09
6139.71,2.8687430821292165e-09
6139.72,3.195799668847168e-09
6139.73,3.6029310903948292e-09
6139.74,4.104491543666581e-09
6139.75,4.711102875681609e-09
6139.76,5.425043506479936e-09
6139.77,6.230950057849022e-09
6139.78,7.0869531169732416e-09
6139.79,7.919717361068973e-09
6139.8,8.636715704082553e-09
6139.81,9.163955133338491e-09
6139.82,9.480880337858295e-09
6139.83,9.63728589941131e-09
6139.84,9.700676613106577e-09
6139.85,9.694660613668097e-09
6139.86,9.573143273538112e-09
6139.87,9.26240145172751e-09
6139.88,8.709929906411946e-09
6139.89,7.961790708917061e-09
6139.9,7.120372831463424e-09
6139.91,6.2944135444314676e-09
6139.92,5.558875893225374e-09
6139.93,4.94748381648145e-09
6139.94,4.4695901729452595e-09
6139.95,4.11868102116692e-09
6139.96,3.868615642807653e-09
6139.97,3.717313243839132e-09
6139.98,3.6573415616919413e-09
6139.99,3.6850869060536216e-09
6140.0,3.8006646220740916e-09
6140.01,4.006623773301753e-09
6140.02,4.306540824545103e-09
6140.03,4.702005519995034e-09
6140.04,5.1870596283919335e-09
6140.05,5.7387657581934216e-09
6140.06,6.305195565509801e-09
6140.07,6.7992691830225414e-09
6140.08,7.113332461130193e-09
6140.09,7.161435523073671e-09
6140.1,6.925680260164033e-09
6140.11,6.467799020788957e-09
6140.12,5.894481296306537e-09
6140.13,5.3058550730582806e-09
6140.14,4.771191763404194e-09
6140.15,4.324649645026561e-09
6140.16,3.977518677686042e-09
6140.17,3.728618738351187e-09
6140.18,3.5726748652409117e-09
6140.19,3.5042465518956977e-09
6140.2,3.5199949929069166e-09
6140.21,3.620031436054708e-09
6140.22,3.8073290106108905e-09
6140.23,4.086534557661905e-09
6140.24,4.460154869124496e-09
6140.25,4.922430599862241e-09
6140.26,5.4475306027173176e-09
6140.27,5.9843546124364725e-09
6140.28,6.459265061490235e-09
6140.29,6.802014357614599e-09
6140.3,6.982188312882853e-09
6140.31,7.024323142831253e-09
6140.32,6.978908185765706e-09
6140.33,6.8697014561483884e-09
6140.34,6.6672496119605415e-09
6140.35,6.323797164479211e-09
6140.36,5.835704659393347e-09
6140.37,5.265300141178508e-09
6140.38,4.703573700594676e-09
6140.39,4.220253654223456e-09
6140.4,3.8470115896250616e-09
6140.41,3.5887163495209082e-09
6140.42,3.439464355975963e-09
6140.43,3.3904232967450494e-09
6140.44,3.4364157691108052e-09
6140.45,3.573777691285311e-09
6140.46,3.79742745948159e-09
6140.47,4.0943307107996425e-09
6140.48,4.4342258531260655e-09
6140.49,4.764185021081275e-09
6140.5,5.010604633887127e-09
6140.51,5.094971193207445e-09
6140.52,4.97302501975466e-09
6140.53,4.658352009827687e-09
6140.54,4.2159993228951816e-09
6140.55,3.7250684341826256e-09
6140.56,3.248767565785965e-09
6140.57,2.821992517715325e-09
6140.58,2.4572477668500674e-09
6140.59,2.152180668587605e-09
6140.6,1.90192511928066e-09
6140.61,1.6966110476768363e-09
6140.62,1.5282337913119224e-09
6140.63,1.3897553399524362e-09
6140.64,1.2757524374023795e-09
6140.65,1.1817920274906964e-09
6140.66,1.1045392778309931e-09
6140.67,1.0414356098083224e-09
6140.68,9.904837324019165e-10
6140.69,9.500068082984766e-10
6140.7,9.183729478114864e-10
6140.71,8.933278941406004e-10
6140.72,8.724427593203907e-10
6140.73,8.52506127588517e-10
6140.74,8.306193620572847e-10
6140.75,8.057999673953923e-10
6140.76,7.784302876260663e-10
6140.77,7.502403814744381e-10
6140.78,7.233783154185625e-10
6140.79,6.991511708080175e-10
6140.8,6.783146927820759e-10
6140.81,6.610468053055068e-10
6140.82,6.471456121046632e-10
6140.83,6.361503966543596e-10
6140.84,6.276600123835808e-10
6140.85,6.213685427933356e-10
6140.86,6.171435417316007e-10
6140.87,6.15090650375334e-10
6140.88,6.154836577705205e-10
6140.89,6.184702786071252e-10
6140.9,6.242336886034435e-10
6140.91,6.3346540596937e-10
6140.92,6.460763346330711e-10
6140.93,6.617028625212953e-10
6140.94,6.791206069662428e-10
6140.95,6.966049391524587e-10
6140.96,7.12789876750844e-10
6140.97,7.277693520030747e-10
6140.98,7.444385148845447e-10
6140.99,7.647962149018877e-10
6141.0,7.907034745968166e-10
6141.01,8.239035864181656e-10
6141.02,8.653586739171527e-10
6141.03,9.163224241015535e-10
6141.04,9.782881090208005e-10
6141.05,1.0529197410936784e-09
6141.06,1.1420346972631217e-09
6141.07,1.2471944774255106e-09
6141.08,1.3701616959925985e-09
6141.09,1.510455117698506e-09
6141.1,1.6634613861479942e-09
6141.11,1.8176121071165985e-09
6141.12,1.9570684735182756e-09
6141.13,2.0726249295753115e-09
6141.14,2.1727337459211837e-09
6141.15,2.2809478393444345e-09
6141.16,2.4224508814638043e-09
6141.17,2.6131421483965735e-09
6141.18,2.855253044313539e-09
6141.19,3.136477182457336e-09
6141.2,3.42668841096249e-09
6141.21,3.6802048802617286e-09
6141.22,3.8452176312338616e-09
6141.23,3.885354616563135e-09
6141.24,3.796118399476327e-09
6141.25,3.6115653090230267e-09
6141.26,3.3809772300819222e-09
6141.27,3.1535426888280613e-09
6141.28,2.9630402996844e-09
6141.29,2.8283920915316262e-09
6141.3,2.758528271221167e-09
6141.31,2.758141650504195e-09
6141.32,2.8312609993675277e-09
6141.33,2.98377522869333e-09
6141.34,3.2258659720427947e-09
6141.35,3.57515893484241e-09
6141.36,4.058011959038685e-09
6141.37,4.704455889538609e-09
6141.38,5.5296504592921234e-09
6141.39,6.495364921402482e-09
6141.4,7.45884630950549e-09
6141.41,8.162607353592232e-09
6141.42,8.344361212853849e-09
6141.43,7.927009993727073e-09
6141.44,7.084491384250056e-09
6141.45,6.098596800110962e-09
6141.46,5.183885412439896e-09
6141.47,4.4342368875282054e-09
6141.48,3.8603123739877164e-09
6141.49,3.437640745729673e-09
6141.5,3.1345344362996752e-09
6141.51,2.922785114907097e-09
6141.52,2.7810964698456275e-09
6141.53,2.695504302666058e-09
6141.54,2.658532049999266e-09
6141.55,2.6675204007876877e-09
6141.56,2.7234024401638298e-09
6141.57,2.8292985174822063e-09
6141.58,2.9912818729389416e-09
6141.59,3.218872857537351e-09
6141.6,3.5265146244328625e-09
6141.61,3.934323467365605e-09
6141.62,4.470867374525618e-09
6141.63,5.1717842180186074e-09
6141.64,6.075820940459347e-09
6141.65,7.206620055447425e-09
6141.66,8.53527911370027e-09
6141.67,9.933197067474628e-09
6141.68,1.1170093496346984e-08
6141.69,1.2014211281467614e-08
6141.7,1.2362046050069333e-08
6141.71,1.2234663087953134e-08
6141.72,1.1679162863709041e-08
6141.73,1.076251413319626e-08
6141.74,9.636243688511933e-09
6141.75,8.506035743144156e-09
6141.76,7.534635177635561e-09
6141.77,6.79284555865096e-09
6141.78,6.2863064939182035e-09
6141.79,5.9940177534966e-09
6141.8,5.893503505216097e-09
6141.81,5.970872519861691e-09
6141.82,6.2242647009197165e-09
6141.83,6.6647726293538366e-09
6141.84,7.316026738375076e-09
6141.85,8.211309193940355e-09
6141.86,9.384920931792802e-09
6141.87,1.084847243919905e-08
6141.88,1.2548274504790945e-08
6141.89,1.432375945999495e-08
6141.9,1.5930808870262952e-08
6141.91,1.7180576214133334e-08
6141.92,1.8094624167425578e-08
6141.93,1.8876426724549048e-08
6141.94,1.968091223885262e-08
6141.95,2.0399964150603536e-08
6141.96,2.06825791359175e-08
6141.97,2.021850289300908e-08
6141.98,1.9040846277327384e-08
6141.99,1.752888624519643e-08
6142.0,1.613418655462983e-08
6142.01,1.5173631710092266e-08
6142.02,1.4784987780320148e-08
6142.03,1.4978221174284786e-08
6142.04,1.5661002728958792e-08
6142.05,1.6633157562191703e-08
6142.06,1.7626064628647163e-08
6142.07,1.84439949422553e-08
6142.08,1.9096181638341627e-08
6142.09,1.9745206263488275e-08
6142.1,2.0532655107633766e-08
6142.11,2.148781991295981e-08
6142.12,2.2531349806894227e-08
6142.13,2.3473968723175232e-08
6142.14,2.4060031874042924e-08
6142.15,2.4115602110153817e-08
6142.16,2.3676236735845433e-08
6142.17,2.2986692986172466e-08
6142.18,2.241811263742361e-08
6142.19,2.2340140270151208e-08
6142.2,2.2976864048746237e-08
6142.21,2.4288789416850515e-08
6142.22,2.5887155207900136e-08
6142.23,2.7059271044752458e-08
6142.24,2.706316870191464e-08
6142.25,2.5604842825055095e-08
6142.26,2.3053928039869764e-08
6142.27,2.0120700936020434e-08
6142.28,1.739560548252743e-08
6142.29,1.51501862185508e-08
6142.3,1.3395167167908235e-08
6142.31,1.2016045381837476e-08
6142.32,1.0890412022067136e-08
6142.33,9.944929879935169e-09
6142.34,9.142846681146764e-09
6142.35,8.447554319030947e-09
6142.36,7.81383613431377e-09
6142.37,7.205699737055468e-09
6142.38,6.612035516021146e-09
6142.39,6.044104873590057e-09
6142.4,5.524936212740387e-09
6142.41,5.078141472565798e-09
6142.42,4.711863984476992e-09
6142.43,4.424966246673726e-09
6142.44,4.199283023266947e-09
6142.45,4.004016918171651e-09
6142.46,3.8044869652581176e-09
6142.47,3.5761429137050954e-09
6142.48,3.3153848788884765e-09
6142.49,3.037614315870214e-09
6142.5,2.7646987628767837e-09
6142.51,2.513578408299921e-09
6142.52,2.2923019685703775e-09
6142.53,2.1020104114298117e-09
6142.54,1.940271489386065e-09
6142.55,1.803642001260152e-09
6142.56,1.6886899480002922e-09
6142.57,1.5922560427966637e-09
6142.58,1.5119501206920975e-09
6142.59,1.4452161711143746e-09
6142.6,1.389522841731714e-09
6142.61,1.345247099661551e-09
6142.62,1.3035418482359e-09
6142.63,1.2656377964757866e-09
6142.64,1.2311307509285596e-09
6142.65,1.2011800159167076e-09
6142.66,1.1778933007265398e-09
6142.67,1.1626679450838146e-09
6142.68,1.1571198776703071e-09
6142.69,1.1675545859995537e-09
6142.7,1.1915563924625153e-09
6142.71,1.2351552383911265e-09
6142.72,1.2950303892599142e-09
6142.73,1.3636346566963703e-09
6142.74,1.4239776443789921e-09
6142.75,1.4531244088726333e-09
6142.76,1.4346965635928114e-09
6142.77,1.370715470123263e-09
6142.78,1.2791924890451463e-09
6142.79,1.1810489675172705e-09
6142.8,1.0908039792560744e-09
6142.81,1.015172905051233e-09
6142.82,9.554579947231714e-10
6142.83,9.104773084846736e-10
6142.84,8.779422039831341e-10
6142.85,8.554218527197597e-10
6142.86,8.410078163465112e-10
6142.87,8.337964301578229e-10
6142.88,8.340668593555429e-10
6142.89,8.424998180761611e-10
6142.9,8.602359872534224e-10
6142.91,8.882496363701496e-10
6142.92,9.275386264298867e-10
6142.93,9.794577025715022e-10
6142.94,1.0447707414877506e-09
6142.95,1.1277559434588859e-09
6142.96,1.2273880196559513e-09
6142.97,1.3391048358143093e-09
6142.98,1.4506070406304953e-09
6142.99,1.5416311290268235e-09
6143.0,1.5897049715895492e-09
6143.01,1.5814468672934335e-09
6143.02,1.5208379692233057e-09
6143.03,1.4265367946312332e-09
6143.04,1.3213411913534607e-09
6143.05,1.2230059280736783e-09
6143.06,1.1417689474977583e-09
6143.07,1.0819619912304426e-09
6143.08,1.0436736217184038e-09
6143.09,1.0279583876315777e-09
6143.1,1.0362335637431635e-09
6143.11,1.0682503926022175e-09
6143.12,1.1249053671687986e-09
6143.13,1.2055942314435172e-09
6143.14,1.305701931950103e-09
6143.15,1.413378075106893e-09
6143.16,1.5086115850135833e-09
6143.17,1.567396498216735e-09
6143.18,1.5722816482913517e-09
6143.19,1.5226598999601704e-09
6143.2,1.434439501785146e-09
6143.21,1.3297946010303627e-09
6143.22,1.2259821159161418e-09
6143.23,1.130800563502719e-09
6143.24,1.0443091362444184e-09
6143.25,9.630546507437133e-10
6143.26,8.85908830934098e-10
6143.27,8.114471435313983e-10
6143.28,7.418159584786653e-10
6143.29,6.78202186909819e-10
6143.3,6.232345275971984e-10
6143.31,5.766482740502882e-10
6143.32,5.38214493609817e-10
6143.33,5.073753253928917e-10
6143.34,4.834137656577521e-10
6143.35,4.6554260635068844e-10
6143.36,4.5284147118053536e-10
6143.37,4.441488903641002e-10
6143.38,4.3784600186228213e-10
6143.39,4.3225470239026787e-10
6143.4,4.2558470459202626e-10
6143.41,4.1679100607744555e-10
6143.42,4.0415116234130447e-10
6143.43,3.9153688264028615e-10
6143.44,3.782155661820162e-10
6143.45,3.6480020867920983e-10
6143.46,3.5245155744987727e-10
6143.47,3.41307510021958e-10
6143.48,3.3154358937496355e-10
6143.49,3.2315799515464613e-10
6143.5,3.1610182365798935e-10
6143.51,3.1035164286865495e-10
6143.52,3.059282685876492e-10
6143.53,3.028997653595178e-10
6143.54,3.0137322833104987e-10
6143.55,3.015152932552598e-10
6143.56,3.034827049452247e-10
6143.57,3.074798535534418e-10
6143.58,3.13677226389088e-10
6143.59,3.221855394415282e-10
6143.6,3.330328993249459e-10
6143.61,3.460609752534958e-10
6143.62,3.607963344121517e-10
6143.63,3.7637343478967404e-10
6143.64,3.9180877991098054e-10
6143.65,4.0376384165248177e-10
6143.66,4.184810064380007e-10
6143.67,4.3403632021976336e-10
6143.68,4.514376060685847e-10
6143.69,4.70653958052418e-10
6143.7,4.904118417218218e-10
6143.71,5.084460138648692e-10
6143.72,5.223056250242029e-10
6143.73,5.301194523559479e-10
6143.74,5.309026005628881e-10
6143.75,5.246154426203458e-10
6143.76,5.124028642490929e-10
6143.77,4.967025506876588e-10
6143.78,4.806959576509404e-10
6143.79,4.673035934714258e-10
6143.8,4.58437921403954e-10
6143.81,4.5477208446639003e-10
6143.82,4.557658027917916e-10
6143.83,4.5989101445335627e-10
6143.84,4.6510914787581885e-10
6143.85,4.696633472112781e-10
6143.86,4.728727905053313e-10
6143.87,4.752701648600772e-10
6143.88,4.780364028434711e-10
6143.89,4.822365259298201e-10
6143.9,4.884612659553103e-10
6143.91,4.941265963629711e-10
6143.92,5.045134863933102e-10
6143.93,5.168472214922915e-10
6143.94,5.314243341876487e-10
6143.95,5.466067482251941e-10
6143.96,5.672337191260108e-10
6143.97,5.907634084543471e-10
6143.98,6.159417564489777e-10
6143.99,6.409823815791164e-10
6144.0,6.645525209684684e-10
6144.01,6.86831230304153e-10
6144.02,7.097332483054263e-10
6144.03,7.363052991909375e-10
6144.04,7.698206057484644e-10
6144.05,8.132431827502003e-10
6144.06,8.692122521642439e-10
6144.07,9.403190431300506e-10
6144.08,1.0294494631433282e-09
6144.09,1.1399780525303927e-09
6144.1,1.2760866199708631e-09
6144.11,1.4428199812382746e-09
6144.12,1.6458703810159239e-09
6144.13,1.8910196333459056e-09
6144.14,2.1822370738041905e-09
6144.15,2.5183923498474252e-09
6144.16,2.8887976319176613e-09
6144.17,3.269737267201295e-09
6144.18,3.625609141632682e-09
6144.19,3.916735897888364e-09
6144.2,4.108329152282025e-09
6144.21,4.178359226630683e-09
6144.22,4.118730826749038e-09
6144.23,3.9361119423683595e-09
6144.24,3.6672214347290263e-09
6144.25,3.3539814810347728e-09
6144.26,3.0401823250021313e-09
6144.27,2.7592241176328896e-09
6144.28,2.5216897408612794e-09
6144.29,2.3143373697714146e-09
6144.3,2.138599478010627e-09
6144.31,1.970345184959888e-09
6144.32,1.7993452502344945e-09
6144.33,1.6240966220401345e-09
6144.34,1.4504718919817411e-09
6144.35,1.2871941607870536e-09
6144.36,1.1410446811440658e-09
6144.37,1.011606834514594e-09
6144.38,9.0512337831974e-10
6144.39,8.159795675102018e-10
6144.4,7.414537039239836e-10
6144.41,6.788915285259194e-10
6144.42,6.261366792329535e-10
6144.43,5.798995419772078e-10
6144.44,5.421437743595021e-10
6144.45,5.099291776021354e-10
6144.46,4.824158958726189e-10
6144.47,4.591522406429177e-10
6144.48,4.39048904084825e-10
6144.49,4.194838921775458e-10
6144.5,4.050684038468673e-10
6144.51,3.930592978769304e-10
6144.52,3.8321452730345224e-10
6144.53,3.753044916357437e-10
6144.54,3.6850571020955144e-10
6144.55,3.636100080513124e-10
6144.56,3.511835084076861e-10
6144.57,3.481615329440768e-10
6144.58,3.4575165322891594e-10
6144.59,3.439235118694428e-10
6144.6,3.4279296865634824e-10
6144.61,3.4235588062088605e-10
6144.62,3.4279326113629724e-10
6144.63,3.442287512691258e-10
6144.64,3.4676580595975984e-10
6144.65,3.504802583606065e-10
6144.66,3.5539270981635714e-10
6144.67,3.6161743837111496e-10
6144.68,3.6917026007223913e-10
6144.69,3.78109641314223e-10
6144.7,3.8849945323680146e-10
6144.71,4.0040204828271175e-10
6144.72,4.1387408596178263e-10
6144.73,4.288828614306138e-10
6144.74,4.457257323265062e-10
6144.75,4.644946943946951e-10
6144.76,4.854683486512654e-10
6144.77,5.089793176700531e-10
6144.78,5.353835793345488e-10
6144.79,5.650194429246814e-10
6144.8,5.981934008364544e-10
6144.81,6.351371222148227e-10
6144.82,6.755107054593417e-10
6144.83,7.205242524275938e-10
6144.84,7.702049791475238e-10
6144.85,8.255866099083416e-10
6144.86,8.882072224507736e-10
6144.87,9.600254380969957e-10
6144.88,1.0433792259843693e-09
6144.89,1.1410781337225989e-09
6144.9,1.2564850548000482e-09
6144.91,1.3936293729775427e-09
6144.92,1.5574892967406031e-09
6144.93,1.7541076203215081e-09
6144.94,1.9910857937593742e-09
6144.95,2.2772158273902546e-09
6144.96,2.6215213295435197e-09
6144.97,3.030977731725391e-09
6144.98,3.505865070839205e-09
6144.99,4.033185645822411e-09
6145.0,4.576329747642194e-09
6145.01,5.070271398653616e-09
6145.02,5.429663494937118e-09
6145.03,5.577385019317309e-09
6145.04,5.48171188065639e-09
6145.05,5.174232292885026e-09
6145.06,4.732488844472622e-09
6145.07,4.242891510530459e-09
6145.08,3.771861753958112e-09
6145.09,3.3572333164101225e-09
6145.1,3.0136946892685463e-09
6145.11,2.7432826408083257e-09
6145.12,2.5391447165495057e-09
6145.13,2.3955581514322092e-09
6145.14,2.3060718381944426e-09
6145.15,2.267869368300242e-09
6145.16,2.278410311087717e-09
6145.17,2.337868369151883e-09
6145.18,2.4483659129571687e-09
6145.19,2.613659655725694e-09
6145.2,2.838090427803378e-09
6145.21,3.124425955804997e-09
6145.22,3.469808575994651e-09
6145.23,3.859449260969098e-09
6145.24,4.259675488357538e-09
6145.25,4.615098792815337e-09
6145.26,4.862324843675534e-09
6145.27,4.9449569434190934e-09
6145.28,4.851039013220693e-09
6145.29,4.614766295519184e-09
6145.3,4.2981059220834986e-09
6145.31,3.965363319261421e-09
6145.32,3.664635703118727e-09
6145.33,3.4238742269832294e-09
6145.34,3.255608042271323e-09
6145.35,3.163729556927347e-09
6145.36,3.148646942061766e-09
6145.37,3.210585760441892e-09
6145.38,3.3505239201546954e-09
6145.39,3.569597837635436e-09
6145.4,3.866825745727907e-09
6145.41,4.234350919654813e-09
6145.42,4.650912765219434e-09
6145.43,5.0751606040183324e-09
6145.44,5.44485920948349e-09
6145.45,5.68976278546994e-09
6145.46,5.75910050018032e-09
6145.47,5.648038219994138e-09
6145.48,5.4028311762741626e-09
6145.49,5.09513224252119e-09
6145.5,4.796889715267364e-09
6145.51,4.559711574661889e-09
6145.52,4.413914940963529e-09
6145.53,4.374807706749538e-09
6145.54,4.4509034830112855e-09
6145.55,4.648515192208213e-09
6145.56,4.973645117660488e-09
6145.57,5.42952612147142e-09
6145.58,6.00974590452261e-09
6145.59,6.685679895337742e-09
6145.6,7.3924645202921335e-09
6145.61,8.022015861884228e-09
6145.62,8.440000525811607e-09
6145.63,8.53348942042496e-09
6145.64,8.266068569073239e-09
6145.65,7.696908088753298e-09
6145.66,6.946484480228559e-09
6145.67,6.139630454414536e-09
6145.68,5.367090250184298e-09
6145.69,4.677833698528007e-09
6145.7,4.089115996461188e-09
6145.71,3.5991165443631132e-09
6145.72,3.195874478479166e-09
6145.73,2.8628565675430403e-09
6145.74,2.5831597279446752e-09
6145.75,2.3431238558284466e-09
6145.76,2.134693706454973e-09
6145.77,1.954447815814264e-09
6145.78,1.8012639871860635e-09
6145.79,1.6735220889483141e-09
6145.8,1.5699153650005764e-09
6145.81,1.487184644777724e-09
6145.82,1.4233087289975208e-09
6145.83,1.3774540517712318e-09
6145.84,1.3507258875747179e-09
6145.85,1.3456481349629815e-09
6145.86,1.3653633600908563e-09
6145.87,1.4127104036737853e-09
6145.88,1.4887652331315657e-09
6145.89,1.590312542926268e-09
6145.9,1.7059403188829472e-09
6145.91,1.8131245451242923e-09
6145.92,1.8812087248741006e-09
6145.93,1.8837530094203075e-09
6145.94,1.8139166545971469e-09
6145.95,1.6888535194611152e-09
6145.96,1.537959939230086e-09
6145.97,1.3889716634954191e-09
6145.98,1.2569001597432603e-09
6145.99,1.1459083000259616e-09
6146.0,1.0528528175041443e-09
6146.01,9.717211055119418e-10
6146.02,8.970629166914022e-10
6146.03,8.258519016041082e-10
6146.04,7.574723959766972e-10
6146.05,6.92871350721e-10
6146.06,6.334369589752749e-10
6146.07,5.802338929055334e-10
6146.08,5.337317977763078e-10
6146.09,4.936378133299823e-10
6146.1,4.59393052119426e-10
6146.11,4.3024050503399705e-10
6146.12,4.054474994776368e-10
6146.13,3.843551671746547e-10
6146.14,3.6642744036963374e-10
6146.15,3.5123640300599426e-10
6146.16,3.384529884575439e-10
6146.17,3.278285048913495e-10
6146.18,3.191613464436766e-10
6146.19,3.1230893226848515e-10
6146.2,3.071242061137439e-10
6146.21,3.0349210622600334e-10
6146.22,3.0136830301724074e-10
6146.23,3.0083678072279124e-10
6146.24,3.0216009942799085e-10
6146.25,3.0578729627982173e-10
6146.26,3.122998899478639e-10
6146.27,3.2257277481635806e-10
6146.28,3.373995999285335e-10
6146.29,3.5821718489779615e-10
6146.3,3.867353834846033e-10
6146.31,4.2549908461278123e-10
6146.32,4.772418041852262e-10
6146.33,5.44573826360695e-10
6146.34,6.279026461465992e-10
6146.35,7.214787623901898e-10
6146.36,8.091653654487301e-10
6146.37,8.674935333644564e-10
6146.38,8.743322775738273e-10
6146.39,8.310818720466255e-10
6146.4,7.571412010231115e-10
6146.41,6.754014510294727e-10
6146.42,5.999395725769685e-10
6146.43,5.354775160746623e-10
6146.44,4.81926469994036e-10
6146.45,4.377281209166503e-10
6146.46,4.016399636538541e-10
6146.47,3.728008738156934e-10
6146.48,3.50588737738414e-10
6146.49,3.345049011534183e-10
6146.5,3.240703991505857e-10
6146.51,3.188514042331418e-10
6146.52,3.184738865021532e-10
6146.53,3.227373709693327e-10
6146.54,3.3176774835675426e-10
6146.55,3.4618368559175856e-10
6146.56,3.6729782738949085e-10
6146.57,3.970273095722889e-10
6146.58,4.3804085806967754e-10
6146.59,4.938072280948998e-10
6146.6,5.684559801939748e-10
6146.61,6.660277642393878e-10
6146.62,7.879901131485463e-10
6146.63,9.285212164185537e-10
6146.64,1.0689282751691953e-09
6146.65,1.1791888543467007e-09
6146.66,1.2303148848937346e-09
6146.67,1.2102208636171356e-09
6146.68,1.1298544700639792e-09
6146.69,1.0157954855868557e-09
6146.7,8.957311193613784e-10
6146.71,7.862130789337613e-10
6146.72,6.909907686805407e-10
6146.73,6.080185252044121e-10
6146.74,5.362916709025561e-10
6146.75,4.768284138348455e-10
6146.76,4.315102373478505e-10
6146.77,3.979703242888235e-10
6146.78,3.7570304700583495e-10
6146.79,3.6269201587813406e-10
6146.8,3.5673076399145297e-10
6146.81,3.5518513962890015e-10
6146.82,3.547718292022845e-10
6146.83,3.519562003576739e-10
6146.84,3.441460355699364e-10
6146.85,3.3098985076075487e-10
6146.86,3.1445511148376375e-10
6146.87,2.975402777128443e-10
6146.88,2.828257169091584e-10
6146.89,2.718520507439296e-10
6146.9,2.6517859825753125e-10
6146.91,2.6262110473123835e-10
6146.92,2.6328961718309096e-10
6146.93,2.6547193932454936e-10
6146.94,2.667291296977996e-10
6146.95,2.645988803024836e-10
6146.96,2.577855776740705e-10
6146.97,2.468759867677941e-10
6146.98,2.3385274540758255e-10
6146.99,2.2092405418633755e-10
6147.0,2.096596982200448e-10
6147.01,2.007986154999183e-10
6147.02,1.944337251464959e-10
6147.03,1.9013258792954175e-10
6147.04,1.875964785625263e-10
6147.05,1.8660835366061326e-10
6147.06,1.8499145821625637e-10
6147.07,1.8270168845711548e-10
6147.08,1.7946486549007357e-10
6147.09,1.7550088711942083e-10
6147.1,1.713786710562223e-10
6147.11,1.6767623803297987e-10
6147.12,1.647968994407892e-10
6147.13,1.6294577414918734e-10
6147.14,1.6219764585081523e-10
6147.15,1.6257601972349655e-10
6147.16,1.6410872532900672e-10
6147.17,1.66855817849334e-10
6147.18,1.7026896528794432e-10
6147.19,1.7580671424749212e-10
6147.2,1.8304744677021335e-10
6147.21,1.9329309145499555e-10
6147.22,2.050575325253837e-10
6147.23,2.1955234092732004e-10
6147.24,2.3813868496016965e-10
6147.25,2.597754344782164e-10
6147.26,2.8450656449715617e-10
6147.27,3.1154458856364136e-10
6147.28,3.3869128959861356e-10
6147.29,3.6322825849881355e-10
6147.3,3.828165266909663e-10
6147.31,3.968371948227736e-10
6147.32,4.0691559879864457e-10
6147.33,4.15851473067129e-10
6147.34,4.2937866258495435e-10
6147.35,4.4029509088907344e-10
6147.36,4.5049877600509296e-10
6147.37,4.5754966763357163e-10
6147.38,4.5936139604831134e-10
6147.39,4.545047144685625e-10
6147.4,4.4212939345857183e-10
6147.41,4.223067202874053e-10
6147.42,3.965665356550512e-10
6147.43,3.677304673305466e-10
6147.44,3.3927891382590627e-10
6147.45,3.128468263932496e-10
6147.46,2.90049780926609e-10
6147.47,2.712009354845347e-10
6147.48,2.5607904656039216e-10
6147.49,2.4423271393661196e-10
6147.5,2.351952453558062e-10
6147.51,2.2854678108706675e-10
6147.52,2.2485008792401607e-10
6147.53,2.2200327092843398e-10
6147.54,2.2068051487123127e-10
6147.55,2.2070293866657218e-10
6147.56,2.219358426362224e-10
6147.57,2.2428248558729033e-10
6147.58,2.2767857528552765e-10
6147.59,2.3208780949406463e-10
6147.6,2.3758627510034916e-10
6147.61,2.4401017908640584e-10
6147.62,2.514788651600484e-10
6147.63,2.6004594960246475e-10
6147.64,2.697843073199464e-10
6147.65,2.808011711507735e-10
6147.66,2.9320274424179623e-10
6147.67,3.072310998529604e-10
6147.68,3.228523157276292e-10
6147.69,3.403268304285809e-10
6147.7,3.618992156050957e-10
6147.71,3.8422560890517803e-10
6147.72,4.0814583030529496e-10
6147.73,4.345142355956586e-10
6147.74,4.635973583626521e-10
6147.75,4.970598051568299e-10
6147.76,5.331536455287402e-10
6147.77,5.738604488190768e-10
6147.78,6.201266889748049e-10
6147.79,6.73073758219423e-10
6147.8,7.351771208122214e-10
6147.81,8.053863087559025e-10
6147.82,8.870474725389951e-10
6147.83,9.824543121282092e-10
6147.84,1.0949271978894778e-09
6147.85,1.2286206481503206e-09
6147.86,1.3889224536534046e-09
6147.87,1.58399570619635e-09
6147.88,1.8219136300458173e-09
6147.89,2.1120793433667586e-09
6147.9,2.4699411647036513e-09
6147.91,2.911995489853638e-09
6147.92,3.4559750946647504e-09
6147.93,4.116508435999286e-09
6147.94,4.8982475019808525e-09
6147.95,5.766506383342295e-09
6147.96,6.645207951314315e-09
6147.97,7.3975574217187816e-09
6147.98,7.858345522174792e-09
6147.99,7.903200130038002e-09
6148.0,7.516929573791068e-09
6148.01,6.803650220711025e-09
6148.02,5.928567079359763e-09
6148.03,5.041696050853414e-09
6148.04,4.237263225927769e-09
6148.05,3.5509352363768977e-09
6148.06,2.985694690985502e-09
6148.07,2.5273940971659737e-09
6148.08,2.157388071793587e-09
6148.09,1.8558987673305197e-09
6148.1,1.6121690740123777e-09
6148.11,1.4122403922443699e-09
6148.12,1.247057244305258e-09
6148.13,1.1095508725557806e-09
6148.14,9.942472816071148e-10
6148.15,8.969008589847926e-10
6148.16,8.141822473148947e-10
6148.17,7.434667630367264e-10
6148.18,6.826750421891101e-10
6148.19,6.301519054588494e-10
6148.2,5.864294965275642e-10
6148.21,5.46753171385244e-10
6148.22,5.128988631264733e-10
6148.23,4.825987316480001e-10
6148.24,4.560823934877753e-10
6148.25,4.329001813543121e-10
6148.26,4.1268956029391594e-10
6148.27,3.9515667570739574e-10
6148.28,3.80056276117304e-10
6148.29,3.671678257556772e-10
6148.3,3.569012100611578e-10
6148.31,3.4783885964041394e-10
6148.32,3.388112502941224e-10
6148.33,3.345947385223098e-10
6148.34,3.3000765429705057e-10
6148.35,3.2707124954319894e-10
6148.36,3.2612424694557925e-10
6148.37,3.2742282830409666e-10
6148.38,3.310626402043183e-10
6148.39,3.367308297590879e-10
6148.4,3.436288389764475e-10
6148.41,3.502836657430125e-10
6148.42,3.5478169944248586e-10
6148.43,3.57576031755828e-10
6148.44,3.5384776981759785e-10
6148.45,3.4658867415297587e-10
6148.46,3.376410478466349e-10
6148.47,3.289792450078201e-10
6148.48,3.2208183395850676e-10
6148.49,3.1775303936684454e-10
6148.5,3.1617905860481053e-10
6148.51,3.1699745162753426e-10
6148.52,3.1932623025640307e-10
6148.53,3.218814240886514e-10
6148.54,3.2333023446630945e-10
6148.55,3.2107420673859217e-10
6148.56,3.1854182983282613e-10
6148.57,3.145376709160016e-10
6148.58,3.0965426537207715e-10
6148.59,3.040909503248511e-10
6148.6,2.983921338762118e-10
6148.61,2.9239086229015656e-10
6148.62,2.8640048863234674e-10
6148.63,2.804100627373832e-10
6148.64,2.7577478492287253e-10
6148.65,2.72509448340872e-10
6148.66,2.7064403694279274e-10
6148.67,2.6713133466767387e-10
6148.68,2.6808753048259016e-10
6148.69,2.7038864981055467e-10
6148.7,2.7400852971689773e-10
6148.71,2.8005418927936726e-10
6148.72,2.862739631699786e-10
6148.73,2.9371179999876767e-10
6148.74,3.020646749549443e-10
6148.75,3.108866430577021e-10
6148.76,3.197466824973883e-10
6148.77,3.2854720557135834e-10
6148.78,3.3767530452534013e-10
6148.79,3.478101249678507e-10
6148.8,3.596130403000663e-10
6148.81,3.735758410941026e-10
6148.82,3.900399745816563e-10
6148.83,4.0925888652966053e-10
6148.84,4.3142476657808615e-10
6148.85,4.5686262259115014e-10
6148.86,4.852204722963317e-10
6148.87,5.165704577179125e-10
6148.88,5.519065230334119e-10
6148.89,5.914623943324855e-10
6148.9,6.369175749678908e-10
6148.91,6.892638607010835e-10
6148.92,7.495211724964756e-10
6148.93,8.185365081558949e-10
6148.94,8.954655734459115e-10
6148.95,9.820785432237926e-10
6148.96,1.0816560854557724e-09
6148.97,1.1999853433929938e-09
6148.98,1.3451266595791943e-09
6148.99,1.526163619309854e-09
6149.0,1.7508651281842749e-09
6149.01,2.024154262569373e-09
6149.02,2.342069328452609e-09
6149.03,2.683920544985432e-09
6149.04,3.0054241212701415e-09
6149.05,3.24317567786591e-09
6149.06,3.339063666384098e-09
6149.07,3.273835033430343e-09
6149.08,3.080269353252342e-09
6149.09,2.8220545317680207e-09
6149.1,2.55960446111235e-09
6149.11,2.3300929810677953e-09
6149.12,2.146907103136751e-09
6149.13,2.009172923316881e-09
6149.14,1.909496543627356e-09
6149.15,1.8442811991362648e-09
6149.16,1.8142359865834426e-09
6149.17,1.8243794369846502e-09
6149.18,1.882362990802284e-09
6149.19,1.996992617352875e-09
6149.2,2.1755196825411474e-09
6149.21,2.417499848955277e-09
6149.22,2.7024934679125136e-09
6149.23,2.976751432327313e-09
6149.24,3.1595501826035976e-09
6149.25,3.184391630786707e-09
6149.26,3.0523738066707094e-09
6149.27,2.8297354367569732e-09
6149.28,2.5967783319039034e-09
6149.29,2.403006716362811e-09
6149.3,2.2653764590727266e-09
6149.31,2.1815713204112358e-09
6149.32,2.144869463095942e-09
6149.33,2.151738223786502e-09
6149.34,2.2032121227737763e-09
6149.35,2.3036978354485765e-09
6149.36,2.4592497912775005e-09
6149.37,2.6759830981992053e-09
6149.38,2.9574564793870764e-09
6149.39,3.3000666429498196e-09
6149.4,3.686519418798906e-09
6149.41,4.082204044382538e-09
6149.42,4.444546905228669e-09
6149.43,4.747693140951217e-09
6149.44,5.008555182003628e-09
6149.45,5.290773512762233e-09
6149.46,5.678825315428719e-09
6149.47,6.253774410433e-09
6149.48,7.064340975679753e-09
6149.49,8.093171678635654e-09
6149.5,9.20387767156848e-09
6149.51,1.0111428680400562e-08
6149.52,1.0475239197885261e-08
6149.53,1.0125092263074104e-08
6149.54,9.204800285441536e-09
6149.55,8.051893461998149e-09
6149.56,6.967002352889735e-09
6149.57,6.106424150354199e-09
6149.58,5.5104980564575395e-09
6149.59,5.162846047822469e-09
6149.6,5.026756784371258e-09
6149.61,5.059144876805704e-09
6149.62,5.222820657666619e-09
6149.63,5.506852929619699e-09
6149.64,5.932914700174248e-09
6149.65,6.5172516931076215e-09
6149.66,7.196671548326568e-09
6149.67,7.787687864878707e-09
6149.68,8.073375909801944e-09
6149.69,7.994884044638053e-09
6149.7,7.721177437023179e-09
6149.71,7.489261332625015e-09
6149.72,7.411338655892859e-09
6149.73,7.432713054637417e-09
6149.74,7.436555064389334e-09
6149.75,7.37886628676886e-09
6149.76,7.298272669924573e-09
6149.77,7.200952313700754e-09
6149.78,7.010126650676015e-09
6149.79,6.670707961019497e-09
6149.8,6.253560620265989e-09
6149.81,5.913186220921365e-09
6149.82,5.7746948090411725e-09
6149.83,5.8766314724473445e-09
6149.84,6.156534620460912e-09
6149.85,6.456910071874028e-09
6149.86,6.589677616119447e-09
6149.87,6.459913119969973e-09
6149.88,6.119762924518145e-09
6149.89,5.6741352028092155e-09
6149.9,5.184034188421953e-09
6149.91,4.677740980718114e-09
6149.92,4.193700919615581e-09
6149.93,3.777865826803724e-09
6149.94,3.459522735899992e-09
6149.95,3.2460967166897056e-09
6149.96,3.133664146099373e-09
6149.97,3.114398230435137e-09
6149.98,3.187086030772923e-09
6149.99,3.3556488047984215e-09
6150.0,3.628349042228187e-09
6150.01,4.012669181248306e-09
6150.02,4.503272450319381e-09
6150.03,5.061270294501989e-09
6150.04,5.607949878523847e-09
6150.05,6.05563198518975e-09
6150.06,6.381175221758082e-09
6150.07,6.6659351105016575e-09
6150.08,7.047261084018093e-09
6150.09,7.632595566589344e-09
6150.1,8.431911660086126e-09
6150.11,9.31653502568622e-09
6150.12,1.0024550593113527e-08
6150.13,1.0280496491337387e-08
6150.14,9.995122857075956e-09
6150.15,9.340382248777194e-09
6150.16,8.60655043682513e-09
6150.17,8.019566371095208e-09
6150.18,7.68048684873509e-09
6150.19,7.598120510407282e-09
6150.2,7.732546728084557e-09
6150.21,8.01976629518856e-09
6150.22,8.386209102453115e-09
6150.23,8.765132023979275e-09
6150.24,9.115819788093322e-09
6150.25,9.436158393629778e-09
6150.26,9.758614604567876e-09
6150.27,1.0125847941864038e-08
6150.28,1.055682342209648e-08
6150.29,1.1027226906208046e-08
6150.3,1.1462587865850961e-08
6150.31,1.1735433196919149e-08
6150.32,1.1732353903651073e-08
6150.33,1.1496581840997564e-08
6150.34,1.1252000473627393e-08
6150.35,1.1237582566972925e-08
6150.36,1.1543690883773466e-08
6150.37,1.2073862723924325e-08
6150.38,1.2609467735416882e-08
6150.39,1.2931500024372894e-08
6150.4,1.290243351537593e-08
6150.41,1.2438902546848162e-08
6150.42,1.1496235501489368e-08
6150.43,1.0159183688106125e-08
6150.44,8.663600902974334e-09
6150.45,7.255191763487271e-09
6150.46,6.0653617217685105e-09
6150.47,5.113983537020435e-09
6150.48,4.368046222246299e-09
6150.49,3.784965135354302e-09
6150.5,3.3279777916531202e-09
6150.51,2.967733601104383e-09
6150.52,2.680185946116523e-09
6150.53,2.445041934273733e-09
6150.54,2.245935901121138e-09
6150.55,2.0709999008054476e-09
6150.56,1.916255308772086e-09
6150.57,1.7797466227110303e-09
6150.58,1.6619063708821412e-09
6150.59,1.563761048518793e-09
6150.6,1.4839515960625733e-09
6150.61,1.4220517556110103e-09
6150.62,1.376393688069743e-09
6150.63,1.3443960790875312e-09
6150.64,1.3222567064925383e-09
6150.65,1.3050154621220321e-09
6150.66,1.2872777504722945e-09
6150.67,1.2643125157314383e-09
6150.68,1.2331675879105492e-09
6150.69,1.1936330360825715e-09
6150.7,1.148532179994078e-09
6150.71,1.1027508370781317e-09
6150.72,1.0597393942761334e-09
6150.73,1.0265585632401542e-09
6150.74,1.0038031833860794e-09
6150.75,9.925623554086026e-10
6150.76,9.934461240097603e-10
6150.77,1.0071096015481938e-09
6150.78,1.034566246657784e-09
6150.79,1.0774402283919635e-09
6150.8,1.1379849960671894e-09
6150.81,1.2193281283376946e-09
6150.82,1.3253189774388856e-09
6150.83,1.460226486859057e-09
6150.84,1.6278028154037375e-09
6150.85,1.8291900492610057e-09
6150.86,2.0591832224288486e-09
6150.87,2.3010576377988246e-09
6150.88,2.5228001958906917e-09
6150.89,2.6807293772864123e-09
6150.9,2.7341116183640865e-09
6150.91,2.669375426491964e-09
6150.92,2.504363274613968e-09
6150.93,2.2805960007131936e-09
6150.94,2.041393257036634e-09
6150.95,1.8174602891748372e-09
6150.96,1.6242436389391417e-09
6150.97,1.466155189312786e-09
6150.98,1.341813528849451e-09
6150.99,1.2477237311331413e-09
6151.0,1.1802199988244211e-09
6151.01,1.1363978057715225e-09
6151.02,1.1139731991434725e-09
6151.03,1.1120487113466824e-09
6151.04,1.1305092304986823e-09
6151.05,1.1703076689823257e-09
6151.06,1.2332976703135462e-09
6151.07,1.3220353308241972e-09
6151.08,1.4392201379282973e-09
6151.09,1.5864368241708343e-09
6151.1,1.7618250369323812e-09
6151.11,1.956282746600639e-09
6151.12,2.150129491386742e-09
6151.13,2.3129809858446856e-09
6151.14,2.4116144724622904e-09
6151.15,2.4247061764534126e-09
6151.16,2.3544166321002226e-09
6151.17,2.2242077438863067e-09
6151.18,2.065173613908012e-09
6151.19,1.9019431918693766e-09
6151.2,1.7490453098629668e-09
6151.21,1.6126713352410707e-09
6151.22,1.4949901220345425e-09
6151.23,1.3968378572009328e-09
6151.24,1.3185165996425954e-09
6151.25,1.2599377195065411e-09
6151.26,1.220840021394732e-09
6151.27,1.2010005507523496e-09
6151.28,1.1999255889344295e-09
6151.29,1.2166843587237833e-09
6151.3,1.2497800792986552e-09
6151.31,1.2977596214659076e-09
6151.32,1.3597268579095035e-09
6151.33,1.4376699656604677e-09
6151.34,1.5373456482888728e-09
6151.35,1.6688283494054294e-09
6151.36,1.8461866390658475e-09
6151.37,2.0860044170649447e-09
6151.38,2.4057200624875105e-09
6151.39,2.8180314385618008e-09
6151.4,3.318845069368026e-09
6151.41,3.8704977752392996e-09
6151.42,4.393335418210838e-09
6151.43,4.787049869720022e-09
6151.44,4.986711157134673e-09
6151.45,5.0066444844896635e-09
6151.46,4.916519743258855e-09
6151.47,4.782463308629344e-09
6151.48,4.6489569295861225e-09
6151.49,4.535635282605065e-09
6151.5,4.432215753124392e-09
6151.51,4.29838883243027e-09
6151.52,4.0899935506585004e-09
6151.53,3.792560277539052e-09
6151.54,3.431159992622767e-09
6151.55,3.052094758967594e-09
6151.56,2.6976593800750022e-09
6151.57,2.3934145617134608e-09
6151.58,2.149002680709291e-09
6151.59,1.964214682913459e-09
6151.6,1.8345323296330907e-09
6151.61,1.7540577148393697e-09
6151.62,1.7160256163528451e-09
6151.63,1.712024109924726e-09
6151.64,1.7303150421530946e-09
6151.65,1.7581754912053426e-09
6151.66,1.785896945248534e-09
6151.67,1.8119807261354098e-09
6151.68,1.8443619300946714e-09
6151.69,1.8936159295006383e-09
6151.7,1.9622474568877414e-09
6151.71,2.046579810465122e-09
6151.72,2.1238629613290804e-09
6151.73,2.1671604820091843e-09
6151.74,2.153273811020314e-09
6151.75,2.0877413860757334e-09
6151.76,1.9883170782504946e-09
6151.77,1.8795887404831337e-09
6151.78,1.7862099939499303e-09
6151.79,1.7196764521176048e-09
6151.8,1.6829970171433332e-09
6151.81,1.6784728422243949e-09
6151.82,1.7028766219974082e-09
6151.83,1.7541983100648734e-09
6151.84,1.8298150869868007e-09
6151.85,1.926705927854927e-09
6151.86,2.0378094281926205e-09
6151.87,2.15286578039783e-09
6151.88,2.2573513276657854e-09
6151.89,2.338014658736118e-09
6151.9,2.373896217246182e-09
6151.91,2.3454672492408667e-09
6151.92,2.2427677904535795e-09
6151.93,2.0744649616780493e-09
6151.94,1.8654857759288174e-09
6151.95,1.6460085296335266e-09
6151.96,1.439248023781852e-09
6151.97,1.2575453612699175e-09
6151.98,1.1043803276851837e-09
6151.99,9.781721843144789e-10
6152.0,8.752728743245246e-10
6152.01,7.915808057093268e-10
6152.02,7.232837713616675e-10
6152.03,6.671132179504135e-10
6152.04,6.203291742910781e-10
6152.05,5.812527456203832e-10
6152.06,5.48462088042443e-10
6152.07,5.211031296518004e-10
6152.08,4.984724528364854e-10
6152.09,4.798503601117009e-10
6152.1,4.643186582666991e-10
6152.11,4.5104981092073644e-10
6152.12,4.3869250764867534e-10
6152.13,4.2740378299522516e-10
6152.14,4.184021650720844e-10
6152.15,4.111396641205009e-10
6152.16,4.06016053629115e-10
6152.17,4.03340906146095e-10
6152.18,4.033129754452471e-10
6152.19,4.0604262308900644e-10
6152.2,4.115730235367114e-10
6152.21,4.1978964517429887e-10
6152.22,4.3070645533005683e-10
6152.23,4.4398515296074063e-10
6152.24,4.593293189870975e-10
6152.25,4.764684408797822e-10
6152.26,4.952488494292573e-10
6152.27,5.144518435722386e-10
6152.28,5.362573406058184e-10
6152.29,5.59690704183214e-10
6152.3,5.845477658465377e-10
6152.31,6.127428869461204e-10
6152.32,6.445053126121266e-10
6152.33,6.79092306689228e-10
6152.34,7.220219530256778e-10
6152.35,7.697251747176767e-10
6152.36,8.293008076980152e-10
6152.37,8.989911265365283e-10
6152.38,9.805294481186728e-10
6152.39,1.0762440966484377e-09
6152.4,1.1892089201554543e-09
6152.41,1.32324999843895e-09
6152.42,1.4824666685183074e-09
6152.43,1.6702659591485487e-09
6152.44,1.898041634372172e-09
6152.45,2.171791321177334e-09
6152.46,2.496414344068541e-09
6152.47,2.8667312284381502e-09
6152.48,3.2604563883098855e-09
6152.49,3.636669814676888e-09
6152.5,3.944082764566538e-09
6152.51,4.135026826431514e-09
6152.52,4.176910426782055e-09
6152.53,4.0614456374733966e-09
6152.54,3.813168824155844e-09
6152.55,3.4873818862305743e-09
6152.56,3.1491016230337366e-09
6152.57,2.849669826494423e-09
6152.58,2.616982014010743e-09
6152.59,2.4612892660667125e-09
6152.6,2.3817441979864664e-09
6152.61,2.3796552191378485e-09
6152.62,2.4501329692763736e-09
6152.63,2.5893596429522034e-09
6152.64,2.7913053657218775e-09
6152.65,3.045787943295432e-09
6152.66,3.335970539351946e-09
6152.67,3.635061115490623e-09
6152.68,3.905234990204088e-09
6152.69,4.103666309244967e-09
6152.7,4.198349529229185e-09
6152.71,4.184001637196847e-09
6152.72,4.084710843286429e-09
6152.73,3.940972873383675e-09
6152.74,3.791670842508055e-09
6152.75,3.659455323990308e-09
6152.76,3.5389338591426895e-09
6152.77,3.3951608575421956e-09
6152.78,3.1856733087018623e-09
6152.79,2.897896312697764e-09
6152.8,2.5614882288651435e-09
6152.81,2.223192667274195e-09
6152.82,1.9179565641107033e-09
6152.83,1.6609333640913702e-09
6152.84,1.4530891011541733e-09
6152.85,1.2889839579626693e-09
6152.86,1.1607807584277876e-09
6152.87,1.0602100969687044e-09
6152.88,9.793052470433227e-10
6152.89,9.113761331114887e-10
6152.9,8.521685536723222e-10
6152.91,8.000552362620604e-10
6152.92,7.560323853214635e-10
6152.93,7.218961691927717e-10
6152.94,6.993463895869376e-10
6152.95,6.894149522666154e-10
6152.96,6.915595866670595e-10
6152.97,7.01576641470435e-10
6152.98,7.098887302410261e-10
6152.99,7.046971356795581e-10
6153.0,6.804784224745877e-10
6153.01,6.424846225158731e-10
6153.02,6.010554732568576e-10
6153.03,5.636411238749443e-10
6153.04,5.325770533392655e-10
6153.05,5.070478220157006e-10
6153.06,4.857782308197579e-10
6153.07,4.68335763507546e-10
6153.08,4.555047535248843e-10
6153.09,4.490910822813463e-10
6153.1,4.5154914841747775e-10
6153.11,4.6564944098039326e-10
6153.12,4.938964958060017e-10
6153.13,5.3684326833222e-10
6153.14,5.894420326756424e-10
6153.15,6.371351610349634e-10
6153.16,6.586296610878249e-10
6153.17,6.40227699033582e-10
6153.18,5.883054869549989e-10
6153.19,5.232553935273944e-10
6153.2,4.634339323425744e-10
6153.21,4.177331881974435e-10
6153.22,3.8800517011580495e-10
6153.23,3.7354279139871936e-10
6153.24,3.7346882675195095e-10
6153.25,3.8729035244092977e-10
6153.26,4.137731821048695e-10
6153.27,4.4838313645825e-10
6153.28,4.798726040062988e-10
6153.29,4.96597996873091e-10
6153.3,4.888692203982722e-10
6153.31,4.6530489773570355e-10
6153.32,4.389779679573675e-10
6153.33,4.201218002955668e-10
6153.34,4.114329151938257e-10
6153.35,4.0885573995766833e-10
6153.36,4.061137215090394e-10
6153.37,3.9963463527088615e-10
6153.38,3.9074118010023725e-10
6153.39,3.824781240177975e-10
6153.4,3.7677181733002024e-10
6153.41,3.733029334695321e-10
6153.42,3.6985009729032237e-10
6153.43,3.632612571037524e-10
6153.44,3.509085383815368e-10
6153.45,3.317014669762402e-10
6153.46,3.089471248616444e-10
6153.47,2.8484853571920055e-10
6153.48,2.621492841846154e-10
6153.49,2.425993867077298e-10
6153.5,2.2697053521306203e-10
6153.51,2.154095115719537e-10
6153.52,2.075826433715602e-10
6153.53,2.0252869114526842e-10
6153.54,1.983972412254486e-10
6153.55,1.9281585378514993e-10
6153.56,1.840586852624909e-10
6153.57,1.7242767996071853e-10
6153.58,1.5950637110228895e-10
6153.59,1.473577690278458e-10
6153.6,1.3868325635879052e-10
6153.61,1.302486422770712e-10
6153.62,1.2361690066132876e-10
6153.63,1.1850045839373934e-10
6153.64,1.1424905285799031e-10
6153.65,1.1145991899771219e-10
6153.66,1.0959588206283135e-10
6153.67,1.0854128125167665e-10
6153.68,1.076921064488835e-10
6153.69,1.0787701086335042e-10
6153.7,1.0843792740537574e-10
6153.71,1.0922283339182605e-10
6153.72,1.101680412377467e-10
6153.73,1.1134007238895047e-10
6153.74,1.1290616143308993e-10
6153.75,1.150621189512357e-10
6153.76,1.1795003654775917e-10
6153.77,1.2167453125405533e-10
6153.78,1.2630708847504026e-10
6153.79,1.3192175430055335e-10
6153.8,1.3776377570975463e-10
6153.81,1.4597245028484936e-10
6153.82,1.5621470808724039e-10
6153.83,1.693811776664212e-10
6153.84,1.867348163420645e-10
6153.85,2.098909600892761e-10
6153.86,2.408584513750582e-10
6153.87,2.817455932838581e-10
6153.88,3.3359473377112614e-10
6153.89,3.9354481252152996e-10
6153.9,4.512299938213978e-10
6153.91,4.895480188526682e-10
6153.92,4.951755971571172e-10
6153.93,4.706839769724052e-10
6153.94,4.3243604663222894e-10
6153.95,3.9724357103542064e-10
6153.96,3.742397250122028e-10
6153.97,3.658842966891207e-10
6153.98,3.716001549156349e-10
6153.99,3.899554327285028e-10
6154.0,4.1912925856462434e-10
6154.01,4.5636026412006373e-10
6154.02,4.969939577949322e-10
6154.03,5.340699825148948e-10
6154.04,5.596422036121088e-10
6154.05,5.682004700270002e-10
6154.06,5.594919164645036e-10
6154.07,5.382817921642805e-10
6154.08,5.116203055243054e-10
6154.09,4.86226767533086e-10
6154.1,4.673464408898585e-10
6154.11,4.585214633567336e-10
6154.12,4.620020830537511e-10
6154.13,4.785918217762401e-10
6154.14,5.074232172874874e-10
6154.15,5.448065654557941e-10
6154.16,5.831894383245133e-10
6154.17,6.107252847125014e-10
6154.18,6.16729747126997e-10
6154.19,5.972746921054826e-10
6154.2,5.582411265466852e-10
6154.21,5.11008945924672e-10
6154.22,4.662407168225315e-10
6154.23,4.3033937977204093e-10
6154.24,4.0559969092703066e-10
6154.25,3.917013904026318e-10
6154.26,3.870418924235162e-10
6154.27,3.896012504306916e-10
6154.28,3.9738181476030296e-10
6154.29,4.082865039861486e-10
6154.3,4.194654616538659e-10
6154.31,4.2684432171012975e-10
6154.32,4.258701244714835e-10
6154.33,4.1348110178603576e-10
6154.34,3.899066857764684e-10
6154.35,3.5856821968134833e-10
6154.36,3.2294077419488537e-10
6154.37,2.896511157576735e-10
6154.38,2.598351614560969e-10
6154.39,2.347683363775884e-10
6154.4,2.142253281401178e-10
6154.41,1.9797181949872517e-10
6154.42,1.8549654775899232e-10
6154.43,1.7632182673692368e-10
6154.44,1.7006853206925424e-10
6154.45,1.670114706729937e-10
6154.46,1.6604112266342069e-10
6154.47,1.6770644163341786e-10
6154.48,1.721619498288592e-10
6154.49,1.7962129501525784e-10
6154.5,1.9021355679387278e-10
6154.51,2.0381481267432136e-10
6154.52,2.1955232776158673e-10
6154.53,2.358799093220264e-10
6154.54,2.5136400587219186e-10
6154.55,2.659316725879654e-10
6154.56,2.810944058393749e-10
6154.57,2.9822158090396757e-10
6154.58,3.191926183645617e-10
6154.59,3.423962952227919e-10
6154.6,3.645731737577172e-10
6154.61,3.808125576110098e-10
6154.62,3.862594495257728e-10
6154.63,3.784974114740409e-10
6154.64,3.589226770177801e-10
6154.65,3.319494120828917e-10
6154.66,3.0260220762431907e-10
6154.67,2.7490679400199214e-10
6154.68,2.5113742531277387e-10
6154.69,2.321784049289038e-10
6154.7,2.1811203968095512e-10
6154.71,2.085906220373319e-10
6154.72,2.0321650527403552e-10
6154.73,2.0147068467806033e-10
6154.74,2.0253218480148974e-10
6154.75,2.0720491295319815e-10
6154.76,2.1493725921436415e-10
6154.77,2.2595976959015118e-10
6154.78,2.404754768327195e-10
6154.79,2.5834875209936047e-10
6154.8,2.7878221901060597e-10
6154.81,3.002250623937497e-10
6154.82,3.20726167320115e-10
6154.83,3.3862462050474346e-10
6154.84,3.530674482958705e-10
6154.85,3.638543628251716e-10
6154.86,3.7084821432394914e-10
6154.87,3.7374236227221563e-10
6154.88,3.7243823195353346e-10
6154.89,3.682949597043569e-10
6154.9,3.6066715682598797e-10
6154.91,3.512851140099233e-10
6154.92,3.403479357499909e-10
6154.93,3.296623205832464e-10
6154.94,3.163389699940922e-10
6154.95,3.01573773131064e-10
6154.96,2.854629931507928e-10
6154.97,2.680884412850222e-10
6154.98,2.5010946720055936e-10
6154.99,2.3189416253474272e-10
6155.0,2.1560585970696897e-10
6155.01,2.0130845033380703e-10
6155.02,1.895201997778552e-10
6155.03,1.8020836964214778e-10
6155.04,1.7336106968369595e-10
6155.05,1.6887677981181366e-10
6155.06,1.6674574337643128e-10
6155.07,1.6693725034317844e-10
6155.08,1.6939719165088068e-10
6155.09,1.741840916300723e-10
6155.1,1.8091160852829024e-10
6155.11,1.8970369560515207e-10
6155.12,2.011288546302889e-10
6155.13,2.1472013053988767e-10
6155.14,2.3043926154653481e-10
6155.15,2.4989901472717654e-10
6155.16,2.7190690186008367e-10
6155.17,2.941601773675214e-10
6155.18,3.138635321160365e-10
6155.19,3.303936751992408e-10
6155.2,3.4200882312444704e-10
6155.21,3.495724949462021e-10
6155.22,3.561415730391822e-10
6155.23,3.643633382292913e-10
6155.24,3.759500316222714e-10
6155.25,3.9108538428406376e-10
6155.26,4.0860691630023834e-10
6155.27,4.262146905918561e-10
6155.28,4.4049986457631535e-10
6155.29,4.478544452959525e-10
6155.3,4.4674501967673216e-10
6155.31,4.3942218613828307e-10
6155.32,4.3136753308384863e-10
6155.33,4.278282542722885e-10
6155.34,4.3226253179622054e-10
6155.35,4.451511370171513e-10
6155.36,4.643725913745313e-10
6155.37,4.860828432941853e-10
6155.38,5.06851194799245e-10
6155.39,5.255904281496153e-10
6155.4,5.458597359959423e-10
6155.41,5.720451098228815e-10
6155.42,6.080098579702359e-10
6155.43,6.550445956321114e-10
6155.44,7.113690562852667e-10
6155.45,7.739305496972608e-10
6155.46,8.389726258799907e-10
6155.47,9.057307204365378e-10
6155.48,9.72572131808254e-10
6155.49,1.0370262001278858e-09
6155.5,1.094702148760685e-09
6155.51,1.1378096771316284e-09
6155.52,1.1544202019772078e-09
6155.53,1.1341996289744872e-09
6155.54,1.0745996320193398e-09
6155.55,9.834091225769342e-10
6155.56,8.74967662877682e-10
6155.57,7.64215977397476e-10
6155.58,6.613944587576304e-10
6155.59,5.713895881914394e-10
6155.6,4.95476965759703e-10
6155.61,4.3201083019895867e-10
6155.62,3.8066792134240694e-10
6155.63,3.388282257247294e-10
6155.64,3.0474309834915567e-10
6155.65,2.7757114009423114e-10
6155.66,2.550397599759109e-10
6155.67,2.3840073935641074e-10
6155.68,2.2386009980473871e-10
6155.69,2.139939575788604e-10
6155.7,2.0522695231356186e-10
6155.71,1.9891896336404087e-10
6155.72,1.94614958798739e-10
6155.73,1.9188289435759707e-10
6155.74,1.9024998647846657e-10
6155.75,1.8923028837461833e-10
6155.76,1.8835638413059273e-10
6155.77,1.8718073433924204e-10
6155.78,1.8544085649735125e-10
6155.79,1.8299329682926534e-10
6155.8,1.8021349467451125e-10
6155.81,1.783799170268016e-10
6155.82,1.7646311179708377e-10
6155.83,1.7582923110978597e-10
6155.84,1.7688769957740256e-10
6155.85,1.7987890199753288e-10
6155.86,1.8482340740362254e-10
6155.87,1.914205954229988e-10
6155.88,1.9891585332484685e-10
6155.89,2.0604254019478432e-10
6155.9,2.1123167890047324e-10
6155.91,2.1318149443805e-10
6155.92,2.1162545752656506e-10
6155.93,2.07305635987398e-10
6155.94,2.0214332863441325e-10
6155.95,1.9759668151542406e-10
6155.96,1.9477451462184186e-10
6155.97,1.9417868860392111e-10
6155.98,1.95832800896849e-10
6155.99,1.9928542487534241e-10
6156.0,2.0372328481090354e-10
6156.01,2.0818032968260242e-10
6156.02,2.119419164114893e-10
6156.03,2.148019359485376e-10
6156.04,2.17272494449669e-10
6156.05,2.2005542480443869e-10
6156.06,2.2360247591106636e-10
6156.07,2.2792070343951252e-10
6156.08,2.327566188107713e-10
6156.09,2.3793635915805693e-10
6156.1,2.436043076356871e-10
6156.11,2.5022911161301025e-10
6156.12,2.5843577000670964e-10
6156.13,2.6871334213100786e-10
6156.14,2.8105052033272267e-10
6156.15,2.9462411580961775e-10
6156.16,3.0774065285179017e-10
6156.17,3.1842371587435025e-10
6156.18,3.2509929103582853e-10
6156.19,3.273298470443287e-10
6156.2,3.256687765007524e-10
6156.21,3.2111048295038125e-10
6156.22,3.1474583626243843e-10
6156.23,3.078013201657443e-10
6156.24,3.0156081152065816e-10
6156.25,2.971230118905972e-10
6156.26,2.95194029185299e-10
6156.27,2.960731543222511e-10
6156.28,2.997699564366729e-10
6156.29,3.06134970015834e-10
6156.3,3.149768480693684e-10
6156.31,3.261318796925651e-10
6156.32,3.3954071804218343e-10
6156.33,3.5528800437314033e-10
6156.34,3.7359376984016093e-10
6156.35,3.948428099576655e-10
6156.36,4.1950190613378033e-10
6156.37,4.4815737174374936e-10
6156.38,4.814822359422335e-10
6156.39,5.203405675849814e-10
6156.4,5.660047821965717e-10
6156.41,6.190640424383055e-10
6156.42,6.813117937573167e-10
6156.43,7.545427056914875e-10
6156.44,8.412409551678986e-10
6156.45,9.44382359636735e-10
6156.46,1.0679267923783443e-09
6156.47,1.2167663215216559e-09
6156.48,1.3970965055919827e-09
6156.49,1.6161877806015704e-09
6156.5,1.881910654256489e-09
6156.51,2.2012727708117553e-09
6156.52,2.577229254939123e-09
6156.53,3.0028956086458228e-09
6156.54,3.4544049098615152e-09
6156.55,3.880074946192079e-09
6156.56,4.209528523170655e-09
6156.57,4.369825579205497e-09
6156.58,4.32105827322084e-09
6156.59,4.0778879641413805e-09
6156.6,3.7010606710569887e-09
6156.61,3.2657704274596634e-09
6156.62,2.832959308289481e-09
6156.63,2.4384192017370856e-09
6156.64,2.0968491872979684e-09
6156.65,1.809515300627141e-09
6156.66,1.5715456252093944e-09
6156.67,1.3760258583207452e-09
6156.68,1.2159712892060727e-09
6156.69,1.0850949933826744e-09
6156.7,9.782247983571348e-10
6156.71,8.910614504687303e-10
6156.72,8.201246817557148e-10
6156.73,7.627770124075841e-10
6156.74,7.170217205599766e-10
6156.75,6.812505323222225e-10
6156.76,6.544068943613974e-10
6156.77,6.364300678683885e-10
6156.78,6.274101381578416e-10
6156.79,6.289038538744842e-10
6156.8,6.418770218498368e-10
6156.81,6.692021528729534e-10
6156.82,7.123576818869882e-10
6156.83,7.676288112144345e-10
6156.84,8.204618581804142e-10
6156.85,8.482634917601994e-10
6156.86,8.376649607576429e-10
6156.87,7.985072319983557e-10
6156.88,7.53258241271877e-10
6156.89,7.167697980570315e-10
6156.9,6.938006821811778e-10
6156.91,6.832599292143356e-10
6156.92,6.831429877308159e-10
6156.93,6.923096716468695e-10
6156.94,7.105569931622801e-10
6156.95,7.382422502617624e-10
6156.96,7.760465407125044e-10
6156.97,8.249347571677833e-10
6156.98,8.862617492441789e-10
6156.99,9.62014663621613e-10
6157.0,1.0548320075813245e-09
6157.01,1.1688045747192778e-09
6157.02,1.3064615980930062e-09
6157.03,1.4724426731090425e-09
6157.04,1.6696838259142986e-09
6157.05,1.899649882374766e-09
6157.06,2.15257265687289e-09
6157.07,2.413955590546733e-09
6157.08,2.657335724005255e-09
6157.09,2.852048261433105e-09
6157.1,2.975892875766768e-09
6157.11,3.0265157119874413e-09
6157.12,3.022691514265088e-09
6157.13,2.99663611499924e-09
6157.14,2.9854707619363766e-09
6157.15,3.027806602251536e-09
6157.16,3.1644229778335393e-09
6157.17,3.4405486445227178e-09
6157.18,3.907592601607333e-09
6157.19,4.613406311066714e-09
6157.2,5.567217304048766e-09
6157.21,6.665697903077006e-09
6157.22,7.642891778256697e-09
6157.23,8.151913212643098e-09
6157.24,7.966932497017122e-09
6157.25,7.146482902312711e-09
6157.26,6.00573168049684e-09
6157.27,4.8922759128505944e-09
6157.28,3.99610413733242e-09
6157.29,3.3498622345507876e-09
6157.3,2.9158651652336054e-09
6157.31,2.646159040938953e-09
6157.32,2.5031427612933316e-09
6157.33,2.4620259570615064e-09
6157.34,2.508012349909386e-09
6157.35,2.635437686556694e-09
6157.36,2.848881358017606e-09
6157.37,3.160865970454064e-09
6157.38,3.5913521498864946e-09
6157.39,4.147072236655061e-09
6157.4,4.779869914167397e-09
6157.41,5.333425135943612e-09
6157.42,5.559020711501628e-09
6157.43,5.300442065175484e-09
6157.44,4.6542908595778275e-09
6157.45,3.875380778137451e-09
6157.46,3.1647328320327935e-09
6157.47,2.5931632470293094e-09
6157.48,2.1577484036103644e-09
6157.49,1.8307095441523859e-09
6157.5,1.5867964271495043e-09
6157.51,1.4001729940732326e-09
6157.52,1.2576020075955842e-09
6157.53,1.1482950250590914e-09
6157.54,1.0634209263843251e-09
6157.55,9.970522789757132e-10
6157.56,9.445450840535767e-10
6157.57,9.031563182913381e-10
6157.58,8.699802547693788e-10
6157.59,8.446408291462717e-10
6157.6,8.268423536714556e-10
6157.61,8.16520740919088e-10
6157.62,8.133724986337423e-10
6157.63,8.175988052795468e-10
6157.64,8.290702298862637e-10
6157.65,8.479808892879436e-10
6157.66,8.74344201923059e-10
6157.67,9.086293620294511e-10
6157.68,9.513123613102922e-10
6157.69,1.002868706001454e-09
6157.7,1.0636182563370875e-09
6157.71,1.1337182288994933e-09
6157.72,1.2135498769908667e-09
6157.73,1.3044367235059545e-09
6157.74,1.4094475274703968e-09
6157.75,1.5335005372779197e-09
6157.76,1.6831479358420346e-09
6157.77,1.8658787935805972e-09
6157.78,2.0895953627582014e-09
6157.79,2.361893442985635e-09
6157.8,2.6886688762204757e-09
6157.81,3.071017040643632e-09
6157.82,3.5012170419235073e-09
6157.83,3.958611799113293e-09
6157.84,4.410177638769093e-09
6157.85,4.81755922564212e-09
6157.86,5.147043921056559e-09
6157.87,5.372627875133475e-09
6157.88,5.471943509238729e-09
6157.89,5.427165547333564e-09
6157.9,5.2383031584104434e-09
6157.91,4.935720453211372e-09
6157.92,4.5743234731706415e-09
6157.93,4.213370232494044e-09
6157.94,3.898689606124206e-09
6157.95,3.6578227334041188e-09
6157.96,3.5046880351564904e-09
6157.97,3.445983534635068e-09
6157.98,3.48360817874724e-09
6157.99,3.6124493987846265e-09
6158.0,3.813003548977746e-09
6158.01,4.0441102590212194e-09
6158.02,4.244577788773541e-09
6158.03,4.355581475639768e-09
6158.04,4.354360366327794e-09
6158.05,4.267888892314524e-09
6158.06,4.148557544347063e-09
6158.07,4.037535980609181e-09
6158.08,3.947459911497594e-09
6158.09,3.868883747259905e-09
6158.1,3.788418287028108e-09
6158.11,3.6993662693533296e-09
6158.12,3.603754304456221e-09
6158.13,3.509611154511562e-09
6158.14,3.4289009657105486e-09
6158.15,3.3741498519807253e-09
6158.16,3.350606492916546e-09
6158.17,3.347418824096261e-09
6158.18,3.3364334059350814e-09
6158.19,3.287105609607834e-09
6158.2,3.188731511553598e-09
6158.21,3.0620714093976916e-09
6158.22,2.9482374882179927e-09
6158.23,2.8902029200968033e-09
6158.24,2.921086054605422e-09
6158.25,3.068333285211345e-09
6158.26,3.3517010155253494e-09
6158.27,3.768615487731664e-09
6158.28,4.259263287722927e-09
6158.29,4.690291644124031e-09
6158.3,4.928643692481998e-09
6158.31,4.96013892295453e-09
6158.32,4.883564523182944e-09
6158.33,4.796375890883027e-09
6158.34,4.733883491690213e-09
6158.35,4.682805871327088e-09
6158.36,4.618234830705088e-09
6158.37,4.5405944610061e-09
6158.38,4.485084784384962e-09
6158.39,4.497317467253451e-09
6158.4,4.6033312973403435e-09
6158.41,4.791680741249402e-09
6158.42,5.008512455778172e-09
6158.43,5.167117926797485e-09
6158.44,5.179664032959737e-09
6158.45,5.0014501098437785e-09
6158.46,4.656118930957877e-09
6158.47,4.2181322239846545e-09
6158.48,3.771015544247457e-09
6158.49,3.377124225327098e-09
6158.5,3.072157221174202e-09
6158.51,2.870134076907396e-09
6158.52,2.7707930265596245e-09
6158.53,2.748404232980765e-09
6158.54,2.7400577498555435e-09
6158.55,2.663563283068663e-09
6158.56,2.4830352079979538e-09
6158.57,2.241884578625162e-09
6158.58,2.015902717402135e-09
6158.59,1.8545628291696824e-09
6158.6,1.7730693110038389e-09
6158.61,1.7659770396581922e-09
6158.62,1.809559488108451e-09
6158.63,1.856183754846915e-09
6158.64,1.849610724807183e-09
6158.65,1.7696470279478406e-09
6158.66,1.6498013070819662e-09
6158.67,1.54165562313068e-09
6158.68,1.4777714036567707e-09
6158.69,1.4698823142083902e-09
6158.7,1.522876176630878e-09
6158.71,1.6427899020923507e-09
6158.72,1.8433146837962105e-09
6158.73,2.142962911925265e-09
6158.74,2.5561848383039052e-09
6158.75,3.0715106731512096e-09
6158.76,3.633684938852943e-09
6158.77,4.170894934434414e-09
6158.78,4.640733119907322e-09
6158.79,4.995304101417363e-09
6158.8,5.093960337366163e-09
6158.81,4.7986487102125226e-09
6158.82,4.16798973963996e-09
6158.83,3.427195825743246e-09
6158.84,2.7685146952766732e-09
6158.85,2.26285279961857e-09
6158.86,1.9021398577944176e-09
6158.87,1.6550074660545341e-09
6158.88,1.4925797511447929e-09
6158.89,1.3949796368868232e-09
6158.9,1.3507252251267057e-09
6158.91,1.352274695280023e-09
6158.92,1.386510850206403e-09
6158.93,1.4238284374972382e-09
6158.94,1.4229865292821167e-09
6158.95,1.3621393593162056e-09
6158.96,1.2603774827052738e-09
6158.97,1.1561567501221273e-09
6158.98,1.0757743876777634e-09
6158.99,1.0279181084423457e-09
6159.0,1.0096200195611498e-09
6159.01,1.0174531597675855e-09
6159.02,1.0529401805468589e-09
6159.03,1.1142460525908272e-09
6159.04,1.2092522171280017e-09
6159.05,1.3439511429162484e-09
6159.06,1.530280504704641e-09
6159.07,1.7837803003222842e-09
6159.08,2.1184617613311045e-09
6159.09,2.5300934980787756e-09
6159.1,2.9723313681637748e-09
6159.11,3.36273465565376e-09
6159.12,3.6571732146949867e-09
6159.13,3.918054267490857e-09
6159.14,4.2597069325769945e-09
6159.15,4.722107738853507e-09
6159.16,5.213092264577317e-09
6159.17,5.593158465491747e-09
6159.18,5.843161144347557e-09
6159.19,6.0904727207487995e-09
6159.2,6.430683658785026e-09
6159.21,6.809191812466303e-09
6159.22,7.143380800323918e-09
6159.23,7.476306595408316e-09
6159.24,7.914192818688607e-09
6159.25,8.381416267804307e-09
6159.26,8.571365021295649e-09
6159.27,8.226902140714038e-09
6159.28,7.4103781306280914e-09
6159.29,6.404599785120236e-09
6159.3,5.460856761464664e-09
6159.31,4.6936023256511184e-09
6159.32,4.087553201419409e-09
6159.33,3.5565826850144877e-09
6159.34,3.038543654944233e-09
6159.35,2.5430510799044156e-09
6159.36,2.1106401046873936e-09
6159.37,1.7618909617127347e-09
6159.38,1.4914617959666972e-09
6159.39,1.283580413182624e-09
6159.4,1.12276968882691e-09
6159.41,9.96986826542598e-10
6159.42,8.976552619726632e-10
6159.43,8.186709012855441e-10
6159.44,7.55762615226614e-10
6159.45,7.058210037692705e-10
6159.46,6.665622770591103e-10
6159.47,6.36163711492933e-10
6159.48,6.131277853612023e-10
6159.49,5.962483405210289e-10
6159.5,5.847921932907776e-10
6159.51,5.784010341120027e-10
6159.52,5.773161941573033e-10
6159.53,5.82016094058055e-10
6159.54,5.929303043097351e-10
6159.55,6.098320806433055e-10
6159.56,6.311955536606181e-10
6159.57,6.53856795441339e-10
6159.58,6.717178600577175e-10
6159.59,6.839251483867361e-10
6159.6,6.864530852834022e-10
6159.61,6.805323644911892e-10
6159.62,6.695386404555556e-10
6159.63,6.587028631707372e-10
6159.64,6.518856454986508e-10
6159.65,6.506399344258487e-10
6159.66,6.543842461541973e-10
6159.67,6.614771154629551e-10
6159.68,6.705632353131534e-10
6159.69,6.800211710085647e-10
6159.7,6.897722145238333e-10
6159.71,6.998543515007805e-10
6159.72,7.09593260512954e-10
6159.73,7.163146969832126e-10
6159.74,7.152156580017178e-10
6159.75,7.011472757963586e-10
6159.76,6.71570167303799e-10
6159.77,6.283033597834626e-10
6159.78,5.767526580309561e-10
6159.79,5.233485326263725e-10
6159.8,4.731867786411287e-10
6159.81,4.2918437720553794e-10
6159.82,3.92310254941211e-10
6159.83,3.624123643531481e-10
6159.84,3.3883067971240506e-10
6159.85,3.2081205028014305e-10
6159.86,3.07835508860505e-10
6159.87,2.991341673598346e-10
6159.88,2.945161181698144e-10
6159.89,2.93763211423149e-10
6159.9,2.966860068438523e-10
6159.91,3.0292037428215394e-10
6159.92,3.1168930411059296e-10
6159.93,3.21565576798734e-10
6159.94,3.3053200920020595e-10
6159.95,3.365780089047459e-10
6159.96,3.3871874307940365e-10
6159.97,3.376162172563749e-10
6159.98,3.352713899531108e-10
6159.99,3.339609217995016e-10
6160.0,3.353218590677071e-10
6160.01,3.399869743508336e-10
6160.02,3.4775214875243997e-10
6160.03,3.5816154590823215e-10
6160.04,3.706583473801715e-10
6160.05,3.8533472141851046e-10
6160.06,4.021738609887466e-10
6160.07,4.1998984820944924e-10
6160.08,4.365920580114235e-10
6160.09,4.481991413285157e-10
6160.1,4.5503403599763205e-10
6160.11,4.567199772463952e-10
6160.12,4.559985697701335e-10
6160.13,4.5776795251158295e-10
6160.14,4.6463180754789915e-10
6160.15,4.779545317331516e-10
6160.16,4.983037880460982e-10
6160.17,5.264998387468263e-10
6160.18,5.651249218088758e-10
6160.19,6.196481814426584e-10
6160.2,6.988174693271793e-10
6160.21,8.143337701993413e-10
6160.22,9.787873352176065e-10
6160.23,1.1976792311525151e-09
6160.24,1.4496769840362986e-09
6160.25,1.664835624005529e-09
6160.26,1.7449925159191026e-09
6160.27,1.645610216658656e-09
6160.28,1.4235622022266127e-09
6160.29,1.1770719890534596e-09
6160.3,9.692049192686405e-10
6160.31,8.1643502895592e-10
6160.32,7.122504920506853e-10
6160.33,6.453090216640971e-10
6160.34,6.05616829801783e-10
6160.35,5.875433656171362e-10
6160.36,5.86284264169893e-10
6160.37,5.994674718743062e-10
6160.38,6.251692836492669e-10
6160.39,6.616477662595833e-10
6160.4,7.067105069337371e-10
6160.41,7.57474106942354e-10
6160.42,8.130706606808496e-10
6160.43,8.725051568044959e-10
6160.44,9.388974233838412e-10
6160.45,1.0176100635664482e-09
6160.46,1.117675062536693e-09
6160.47,1.2520308554633676e-09
6160.48,1.4348190930915167e-09
6160.49,1.682432830834235e-09
6160.5,1.9992824357035034e-09
6160.51,2.3498523122419745e-09
6160.52,2.6303505693497314e-09
6160.53,2.7035761349348514e-09
6160.54,2.5163079174939742e-09
6160.55,2.158347518555684e-09
6160.56,1.7704021783461496e-09
6160.57,1.4414279058903945e-09
6160.58,1.1928229195090075e-09
6160.59,1.0133426941684031e-09
6160.6,8.889331638687665e-10
6160.61,8.060574715837842e-10
6160.62,7.536258760780309e-10
6160.63,7.243434156313653e-10
6160.64,7.126432656238117e-10
6160.65,7.140301455352033e-10
6160.66,7.257445905184359e-10
6160.67,7.450947920885166e-10
6160.68,7.734932599313908e-10
6160.69,8.136456266883519e-10
6160.7,8.69031354309595e-10
6160.71,9.4270532949331e-10
6160.72,1.0366242221766801e-09
6160.73,1.1511832863219872e-09
6160.74,1.2856694097540492e-09
6160.75,1.4343237059430876e-09
6160.76,1.5818891999863231e-09
6160.77,1.7024279326610867e-09
6160.78,1.76252663223192e-09
6160.79,1.7416237088404005e-09
6160.8,1.6466188032010693e-09
6160.81,1.5079986976946881e-09
6160.82,1.3613336600235058e-09
6160.83,1.2324763596081776e-09
6160.84,1.1341572657880823e-09
6160.85,1.069162521965989e-09
6160.86,1.037695104682383e-09
6160.87,1.0350690138371318e-09
6160.88,1.0555281967805235e-09
6160.89,1.0900733714269133e-09
6160.9,1.131318231400029e-09
6160.91,1.1695635374874502e-09
6160.92,1.1955251659896134e-09
6160.93,1.2015919970002421e-09
6160.94,1.1849593180155988e-09
6160.95,1.143830303993971e-09
6160.96,1.0812152275016908e-09
6160.97,1.0081297674531782e-09
6160.98,9.344282022578278e-10
6160.99,8.69652500376743e-10
6161.0,8.188879028496851e-10
6161.01,7.883456163006998e-10
6161.02,7.773945725534892e-10
6161.03,7.873229072379362e-10
6161.04,8.188783121005423e-10
6161.05,8.701396883199844e-10
6161.06,9.438337519430894e-10
6161.07,1.0310940929436236e-09
6161.08,1.1176595989904032e-09
6161.09,1.1834137660431375e-09
6161.1,1.2099708675844033e-09
6161.11,1.1907973979781705e-09
6161.12,1.1358375981167516e-09
6161.13,1.065187634187932e-09
6161.14,9.974142277724169e-10
6161.15,9.444993501069236e-10
6161.16,9.132658992991445e-10
6161.17,9.074221033353617e-10
6161.18,9.292358252363274e-10
6161.19,9.799713045103438e-10
6161.2,1.0588472327959521e-09
6161.21,1.1603053256722944e-09
6161.22,1.2701315092293588e-09
6161.23,1.3622514173794811e-09
6161.24,1.4108964341223118e-09
6161.25,1.396237204070583e-09
6161.26,1.3223063809386783e-09
6161.27,1.2117814829985069e-09
6161.28,1.0907999844527673e-09
6161.29,9.772742472821087e-10
6161.3,8.792024776377229e-10
6161.31,7.984668546775231e-10
6161.32,7.344549281989509e-10
6161.33,6.857784638318548e-10
6161.34,6.509268132906265e-10
6161.35,6.292900514024528e-10
6161.36,6.192544310011947e-10
6161.37,6.214347838766492e-10
6161.38,6.366451226384774e-10
6161.39,6.658105101501953e-10
6161.4,7.104681002676846e-10
6161.41,7.72871288358582e-10
6161.42,8.564333858338014e-10
6161.43,9.660699973589254e-10
6161.44,1.107639634990936e-09
6161.45,1.2857581397763987e-09
6161.46,1.4992582236006572e-09
6161.47,1.7338968842427133e-09
6161.48,1.9548502578346575e-09
6161.49,2.1099106156274605e-09
6161.5,2.150362426658081e-09
6161.51,2.0617730968764545e-09
6161.52,1.874393530344133e-09
6161.53,1.6419148937723676e-09
6161.54,1.411554116843069e-09
6161.55,1.2099966995203413e-09
6161.56,1.0459020836098359e-09
6161.57,9.177202326026637e-10
6161.58,8.196850911964296e-10
6161.59,7.448712413909826e-10
6161.6,6.864802628256386e-10
6161.61,6.387041054028547e-10
6161.62,5.975545714367971e-10
6161.63,5.611898229531367e-10
6161.64,5.29603687172909e-10
6161.65,5.034556327402257e-10
6161.66,4.833346016607779e-10
6161.67,4.694294483686889e-10
6161.68,4.61598684766185e-10
6161.69,4.5954854776144007e-10
6161.7,4.6287695394071115e-10
6161.71,4.713700513782876e-10
6161.72,4.849326728968154e-10
6161.73,5.036406324571653e-10
6161.74,5.285770734295603e-10
6161.75,5.585188949666231e-10
6161.76,5.951493571158465e-10
6161.77,6.398922152681183e-10
6161.78,6.949623132641908e-10
6161.79,7.632752793688746e-10
6161.8,8.484598323907998e-10
6161.81,9.544779162378259e-10
6161.82,1.0853580748932824e-09
6161.83,1.2441164768037665e-09
6161.84,1.4307613474216461e-09
6161.85,1.6391089156368924e-09
6161.86,1.8540016323167096e-09
6161.87,2.052890248888535e-09
6161.88,2.214816570104972e-09
6161.89,2.332080262863941e-09
6161.9,2.4124514869483964e-09
6161.91,2.467100378016864e-09
6161.92,2.496057412235906e-09
6161.93,2.4870535330931e-09
6161.94,2.4295537858257868e-09
6161.95,2.32954893052088e-09
6161.96,2.211423175737e-09
6161.97,2.1035596448766087e-09
6161.98,2.030784652073605e-09
6161.99,2.007327887812625e-09
6162.0,2.03866504109946e-09
6162.01,2.1227416389683924e-09
6162.02,2.2487193292918397e-09
6162.03,2.394002308680875e-09
6162.04,2.5233860737514005e-09
6162.05,2.595315230146978e-09
6162.06,2.5823185676807087e-09
6162.07,2.4829498353240184e-09
6162.08,2.324981950687276e-09
6162.09,2.1489491626902892e-09
6162.1,1.9898322285350525e-09
6162.11,1.867598369314914e-09
6162.12,1.7860880411904282e-09
6162.13,1.7355049303917208e-09
6162.14,1.6974650423205174e-09
6162.15,1.654163276693002e-09
6162.16,1.5990596161625323e-09
6162.17,1.540502712233296e-09
6162.18,1.4942333130697026e-09
6162.19,1.4733784804468839e-09
6162.2,1.4788881950637105e-09
6162.21,1.4986550779678675e-09
6162.22,1.510701624130229e-09
6162.23,1.4919146084995594e-09
6162.24,1.4290156254328354e-09
6162.25,1.3240870279220281e-09
6162.26,1.19201932229005e-09
6162.27,1.0526430221268513e-09
6162.28,9.224100688252883e-10
6162.29,8.102714384335566e-10
6162.3,7.183593922196687e-10
6162.31,6.451329833389821e-10
6162.32,5.87213892515344e-10
6162.33,5.442771924825899e-10
6162.34,5.141618724609297e-10
6162.35,4.962590073913879e-10
6162.36,4.904140316952352e-10
6162.37,4.965045965064764e-10
6162.38,5.136994361971242e-10
6162.39,5.39309606974079e-10
6162.4,5.677842084842207e-10
6162.41,5.914149321373738e-10
6162.42,6.034400307683146e-10
6162.43,6.006804594139157e-10
6162.44,5.828283597126752e-10
6162.45,5.505095751694306e-10
6162.46,5.06016428778019e-10
6162.47,4.5462839957353423e-10
6162.48,4.0304637889017583e-10
6162.49,3.5656231157528277e-10
6162.5,3.175108813215439e-10
6162.51,2.8600515085842295e-10
6162.52,2.6108480657835955e-10
6162.53,2.4137671964752135e-10
6162.54,2.2552537362906378e-10
6162.55,2.1234036622614346e-10
6162.56,2.0089491200442294e-10
6162.57,1.9075157996675884e-10
6162.58,1.8167549045380478e-10
6162.59,1.736951454852898e-10
6162.6,1.665081953522043e-10
6162.61,1.6012652065520708e-10
6162.62,1.5429612051550574e-10
6162.63,1.488620140618555e-10
6162.64,1.437428136588763e-10
6162.65,1.3895617017774664e-10
6162.66,1.3460233227901392e-10
6162.67,1.30758575502746e-10
6162.68,1.272635548188436e-10
6162.69,1.2397688320884647e-10
6162.7,1.2078384670774923e-10
6162.71,1.176675376693469e-10
6162.72,1.1470604842554073e-10
6162.73,1.1200462018649277e-10
6162.74,1.0963062401360075e-10
6162.75,1.0758105466284671e-10
6162.76,1.0583558357610683e-10
6162.77,1.0438109513472747e-10
6162.78,1.0321105446248734e-10
6162.79,1.0229316662426566e-10
6162.8,1.0154359319710678e-10
6162.81,1.0083604676037786e-10
6162.82,1.0004126237515914e-10
6162.83,9.907610245538884e-11
6162.84,9.794306875057291e-11
6162.85,9.669145911349311e-11
6162.86,9.555231914387833e-11
6162.87,9.461392665967737e-11
6162.88,9.394845593148518e-11
6162.89,9.356026095791428e-11
6162.9,9.339856022993594e-11
6162.91,9.338904830212747e-11
6162.92,9.347520431517354e-11
6162.93,9.36293653359489e-11
6162.94,9.39325500377136e-11
6162.95,9.442409748407165e-11
6162.96,9.514931544305363e-11
6162.97,9.612142894347958e-11
6162.98,9.732501807629937e-11
6162.99,9.873564081181532e-11
6163.0,1.0027673370038943e-10
6163.01,1.0212436934205367e-10
6163.02,1.0427397196135435e-10
6163.03,1.0680068023635913e-10
6163.04,1.0975830441412889e-10
6163.05,1.1315048372199273e-10
6163.06,1.1692380094012718e-10
6163.07,1.2091177114511573e-10
6163.08,1.2503794646010935e-10
6163.09,1.289727525308275e-10
6163.1,1.3256875862427846e-10
6163.11,1.3575134562073186e-10
6163.12,1.3860024370846531e-10
6163.13,1.4131778248212424e-10
6163.14,1.4414312299898433e-10
6163.15,1.472833501207735e-10
6163.16,1.5089969922819522e-10
6163.17,1.5512497795701274e-10
6163.18,1.600730147572071e-10
6163.19,1.658258547521473e-10
6163.2,1.72409103327043e-10
6163.21,1.7993273454547565e-10
6163.22,1.8801072336063792e-10
6163.23,1.966759165157146e-10
6163.24,2.0596063389534081e-10
6163.25,2.1605567800214617e-10
6163.26,2.272719529912519e-10
6163.27,2.400171929956636e-10
6163.28,2.546992613492869e-10
6163.29,2.717200525718669e-10
6163.3,2.914870474953819e-10
6163.31,3.1437962883213224e-10
6163.32,3.4090815580659505e-10
6163.33,3.7141719067562405e-10
6163.34,4.0614813278206253e-10
6163.35,4.453701646474661e-10
6163.36,4.891873771734325e-10
6163.37,5.375901170838754e-10
6163.38,5.929475545526762e-10
6163.39,6.571478766360429e-10
6163.4,7.333354816746609e-10
6163.41,8.251837826613618e-10
6163.42,9.365092153126919e-10
6163.43,1.0718525276277987e-09
6163.44,1.2348980018019908e-09
6163.45,1.4298332164784197e-09
6163.46,1.659404057143028e-09
6163.47,1.922452913239686e-09
6163.48,2.2093146991165396e-09
6163.49,2.496644626804587e-09
6163.5,2.745706669040717e-09
6163.51,2.909487827218911e-09
6163.52,2.9497167952915865e-09
6163.53,2.8556453215547463e-09
6163.54,2.6505408331987273e-09
6163.55,2.379771400812857e-09
6163.56,2.0904590197832655e-09
6163.57,1.8170335613340796e-09
6163.58,1.5774973046115885e-09
6163.59,1.3774933671585997e-09
6163.6,1.2157042565017233e-09
6163.61,1.0879016076399889e-09
6163.62,9.893678621652729e-10
6163.63,9.159548692361294e-10
6163.64,8.645008414295049e-10
6163.65,8.331289625129066e-10
6163.66,8.207252279458339e-10
6163.67,8.270242896628613e-10
6163.68,8.536123854366114e-10
6163.69,9.020485412298426e-10
6163.7,9.74359516169614e-10
6163.71,1.072224428832312e-09
6163.72,1.1945406497003039e-09
6163.73,1.3341936716326084e-09
6163.74,1.4748517199441777e-09
6163.75,1.591286607434101e-09
6163.76,1.6568906706131943e-09
6163.77,1.6563238236114844e-09
6163.78,1.5943143498174005e-09
6163.79,1.4923671883387713e-09
6163.8,1.3761192765511437e-09
6163.81,1.264754011884518e-09
6163.82,1.167049389461621e-09
6163.83,1.0856848532388398e-09
6163.84,1.0170723379069365e-09
6163.85,9.545474351159511e-10
6163.86,8.914559832508841e-10
6163.87,8.25125845457478e-10
6163.88,7.579180548554518e-10
6163.89,6.947800449221657e-10
6163.9,6.395355944002457e-10
6163.91,5.933946993114529e-10
6163.92,5.563540701611618e-10
6163.93,5.279550260947131e-10
6163.94,5.075672806181261e-10
6163.95,4.94494108959939e-10
6163.96,4.881120506178263e-10
6163.97,4.881598924765035e-10
6163.98,4.947957619136768e-10
6163.99,5.085978978620505e-10
6164.0,5.305166677934674e-10
6164.01,5.618877255537763e-10
6164.02,6.046163432646204e-10
6164.03,6.61074315268249e-10
6164.04,7.331453676812457e-10
6164.05,8.2477462176966e-10
6164.06,9.360664150460857e-10
6164.07,1.063252455072428e-09
6164.08,1.1960221507054556e-09
6164.09,1.3145797492048474e-09
6164.1,1.3938078738002888e-09
6164.11,1.4138192649800014e-09
6164.12,1.3724067229277025e-09
6164.13,1.2849525538336541e-09
6164.14,1.1781406910412287e-09
6164.15,1.0753966944015225e-09
6164.16,9.91297869067702e-10
6164.17,9.317639683408056e-10
6164.18,8.964923239193956e-10
6164.19,8.807222877411541e-10
6164.2,8.761941827460142e-10
6164.21,8.721570350247183e-10
6164.22,8.584390566233364e-10
6164.23,8.294688753933891e-10
6164.24,7.864839886930091e-10
6164.25,7.36543479549043e-10
6164.26,6.861474013633422e-10
6164.27,6.416928116098854e-10
6164.28,6.074006765857699e-10
6164.29,5.79978104512338e-10
6164.3,5.587312833021746e-10
6164.31,5.407101702745582e-10
6164.32,5.244586617683787e-10
6164.33,5.071663112021129e-10
6164.34,4.892063809288225e-10
6164.35,4.704562752618642e-10
6164.36,4.5107185382457306e-10
6164.37,4.3186221089127126e-10
6164.38,4.142608082822192e-10
6164.39,3.998162064286928e-10
6164.4,3.9095768152004686e-10
6164.41,3.85824941144169e-10
6164.42,3.8594678251814864e-10
6164.43,3.914413663251697e-10
6164.44,4.024239964549091e-10
6164.45,4.190655583412317e-10
6164.46,4.4159148388994515e-10
6164.47,4.702697754425062e-10
6164.48,5.054379227714148e-10
6164.49,5.477127313580189e-10
6164.5,5.983433597485186e-10
6164.51,6.593924007224168e-10
6164.52,7.337801416721392e-10
6164.53,8.247552121089199e-10
6164.54,9.35517921142064e-10
6164.55,1.068794290553629e-09
6164.56,1.2265355674291439e-09
6164.57,1.4089499320173662e-09
6164.58,1.6119720985545133e-09
6164.59,1.8228118450554892e-09
6164.6,2.015985987858582e-09
6164.61,2.155259410198506e-09
6164.62,2.205757305124777e-09
6164.63,2.151300315237297e-09
6164.64,2.005835150586392e-09
6164.65,1.803457040377938e-09
6164.66,1.5830455084864225e-09
6164.67,1.3715012727679117e-09
6164.68,1.1844331543102456e-09
6164.69,1.026004742433418e-09
6164.7,8.948355179517465e-10
6164.71,7.874060031734847e-10
6164.72,6.997266786793622e-10
6164.73,6.283510181395209e-10
6164.74,5.71337292143449e-10
6164.75,5.25891193160606e-10
6164.76,4.903422082205436e-10
6164.77,4.628989511455358e-10
6164.78,4.4264538410479705e-10
6164.79,4.2871986039649656e-10
6164.8,4.2012859226107287e-10
6164.81,4.1802286756491096e-10
6164.82,4.186405671260003e-10
6164.83,4.220732278250531e-10
6164.84,4.2726781949327936e-10
6164.85,4.332370301313078e-10
6164.86,4.399893221000534e-10
6164.87,4.4850254516495317e-10
6164.88,4.6066833915885107e-10
6164.89,4.782854814719644e-10
6164.9,5.030163966243923e-10
6164.91,5.35526966615325e-10
6164.92,5.786797875071319e-10
6164.93,6.328250551938769e-10
6164.94,6.985938730466441e-10
6164.95,7.756760418831985e-10
6164.96,8.62247409562298e-10
6164.97,9.546981928398591e-10
6164.98,1.0480350176144624e-09
6164.99,1.1369362949170637e-09
6165.0,1.2175086176644526e-09
6165.01,1.2891482225593193e-09
6165.02,1.3557565754254738e-09
6165.03,1.4246733335331648e-09
6165.04,1.5029211225478658e-09
6165.05,1.592400168251004e-09
6165.06,1.6862180060740976e-09
6165.07,1.7678694883154684e-09
6165.08,1.8149383838445795e-09
6165.09,1.8077331083217807e-09
6165.1,1.7389554646058572e-09
6165.11,1.6176396913793752e-09
6165.12,1.464017912066453e-09
6165.13,1.300017543034614e-09
6165.14,1.1424271517464852e-09
6165.15,1.0000352111303634e-09
6165.16,8.765798269224601e-10
6165.17,7.721883227801602e-10
6165.18,6.853850546491126e-10
6165.19,6.140895516921432e-10
6165.2,5.561119393034543e-10
6165.21,5.093455562184438e-10
6165.22,4.7192405962386e-10
6165.23,4.4220377677252175e-10
6165.24,4.185414491901832e-10
6165.25,3.9978729466921416e-10
6165.26,3.8561542625705557e-10
6165.27,3.763527916615139e-10
6165.28,3.730119810490095e-10
6165.29,3.772073979269502e-10
6165.3,3.9128108967343976e-10
6165.31,4.191917190906559e-10
6165.32,4.64632478985273e-10
6165.33,5.326745095926991e-10
6165.34,6.224863222266065e-10
6165.35,7.15473138231058e-10
6165.36,7.82222139957402e-10
6165.37,7.973956229755463e-10
6165.38,7.55131320698203e-10
6165.39,6.733993470168577e-10
6165.4,5.850791039079078e-10
6165.41,5.145648462240184e-10
6165.42,4.676516900248923e-10
6165.43,4.3968624870993124e-10
6165.44,4.244904060281345e-10
6165.45,4.178157693037948e-10
6165.46,4.179641349794593e-10
6165.47,4.249196587081935e-10
6165.48,4.3922257480643964e-10
6165.49,4.6111457695136015e-10
6165.5,4.901151260660473e-10
6165.51,5.253519684328179e-10
6165.52,5.667582661498929e-10
6165.53,6.163458013928008e-10
6165.54,6.767237204166512e-10
6165.55,7.38550918335374e-10
6165.56,7.759013884522998e-10
6165.57,7.602579018611753e-10
6165.58,6.963795786245012e-10
6165.59,6.18839792528657e-10
6165.6,5.566288374781579e-10
6165.61,5.184433295503041e-10
6165.62,5.02407165136958e-10
6165.63,5.049367315979719e-10
6165.64,5.23972540635378e-10
6165.65,5.594077600782836e-10
6165.66,6.132213998162119e-10
6165.67,6.896837539412789e-10
6165.68,7.961596526367713e-10
6165.69,9.44443075855881e-10
6165.7,1.1532195251786345e-09
6165.71,1.450472934133178e-09
6165.72,1.8724822021839318e-09
6165.73,2.4482778978071855e-09
6165.74,3.1613105799169848e-09
6165.75,3.923010108301257e-09
6165.76,4.609314284978496e-09
6165.77,5.067567364800207e-09
6165.78,5.1266964164259485e-09
6165.79,4.788049358736874e-09
6165.8,4.306536381541419e-09
6165.81,3.888342259911922e-09
6165.82,3.4857443153862403e-09
6165.83,2.977410095834127e-09
6165.84,2.3920549057253717e-09
6165.85,1.854384124279221e-09
6165.86,1.4359913292853261e-09
6165.87,1.1348072787407484e-09
6165.88,9.218294145294368e-10
6165.89,7.696550602579377e-10
6165.9,6.587831426279568e-10
6165.91,5.763265503473261e-10
6165.92,5.138576339407268e-10
6165.93,4.658148767065291e-10
6165.94,4.285563699327183e-10
6165.95,3.9967603509358145e-10
6165.96,3.776406043887543e-10
6165.97,3.6146167115148686e-10
6165.98,3.5110031401471474e-10
6165.99,3.4513982132257136e-10
6166.0,3.4400890949356383e-10
6166.01,3.47800318778051e-10
6166.02,3.568048230104941e-10
6166.03,3.7152138972587e-10
6166.04,3.925725505875968e-10
6166.05,4.206392945464437e-10
6166.06,4.562286465973674e-10
6166.07,4.993070280283257e-10
6166.08,5.488436826321323e-10
6166.09,6.023898500143113e-10
6166.1,6.559457579961235e-10
6166.11,7.042701575612418e-10
6166.12,7.415982801697167e-10
6166.13,7.625282818624397e-10
6166.14,7.631852656237124e-10
6166.15,7.428917036792859e-10
6166.16,7.054273116194622e-10
6166.17,6.582009429216418e-10
6166.18,6.096673097809702e-10
6166.19,5.664228513409331e-10
6166.2,5.3313922703355e-10
6166.21,5.101745213058569e-10
6166.22,4.987385541765972e-10
6166.23,4.988247797920548e-10
6166.24,5.102504114229254e-10
6166.25,5.343484428059274e-10
6166.26,5.668802483915709e-10
6166.27,6.073378621475429e-10
6166.28,6.51185813136421e-10
6166.29,6.911707093125288e-10
6166.3,7.179932819442826e-10
6166.31,7.242845925995992e-10
6166.32,7.092733708576581e-10
6166.33,6.767704138299335e-10
6166.34,6.364723936866275e-10
6166.35,5.96740785022743e-10
6166.36,5.630796345124967e-10
6166.37,5.388892992941931e-10
6166.38,5.236103416306764e-10
6166.39,5.139691323859778e-10
6166.4,5.066139597648132e-10
6166.41,4.98903437717167e-10
6166.42,4.891575567829458e-10
6166.43,4.775887131027574e-10
6166.44,4.676194335781972e-10
6166.45,4.6093165373985445e-10
6166.46,4.5882044575343083e-10
6166.47,4.6170960243009475e-10
6166.48,4.696756088479984e-10
6166.49,4.827022645425964e-10
6166.5,5.004178407105109e-10
6166.51,5.216803670934778e-10
6166.52,5.445244540796018e-10
6166.53,5.666750413488273e-10
6166.54,5.860893878818368e-10
6166.55,6.005489912222006e-10
6166.56,6.094530483715879e-10
6166.57,6.114626774796023e-10
6166.58,6.072665949075358e-10
6166.59,5.98489773246096e-10
6166.6,5.887591560045534e-10
6166.61,5.792796248310334e-10
6166.62,5.709965624450216e-10
6166.63,5.651910804974751e-10
6166.64,5.637737041149965e-10
6166.65,5.686947567302086e-10
6166.66,5.812679485575863e-10
6166.67,6.019751534834065e-10
6166.68,6.306344186823354e-10
6166.69,6.667200373949836e-10
6166.7,7.099058311386467e-10
6166.71,7.60769144205156e-10
6166.72,8.214856518073817e-10
6166.73,8.959759220109505e-10
6166.74,9.897692879751435e-10
6166.75,1.109847978624818e-09
6166.76,1.2654441700181242e-09
6166.77,1.4691585318537734e-09
6166.78,1.7387680698046655e-09
6166.79,2.0989879138009938e-09
6166.8,2.5806613182606734e-09
6166.81,3.2083847682119622e-09
6166.82,3.958350450956548e-09
6166.83,4.692826628884848e-09
6166.84,5.174638564552419e-09
6166.85,5.245339773411854e-09
6166.86,4.956345184282929e-09
6166.87,4.471195437469307e-09
6166.88,3.934334862430029e-09
6166.89,3.4389198263776717e-09
6166.9,3.036083117758732e-09
6166.91,2.741387575555813e-09
6166.92,2.5513370375215738e-09
6166.93,2.4543611714490193e-09
6166.94,2.4383955260041315e-09
6166.95,2.491976795498858e-09
6166.96,2.6017109434117724e-09
6166.97,2.748947016663457e-09
6166.98,2.91121794013797e-09
6166.99,3.0717128520315726e-09
6167.0,3.2320365299646525e-09
6167.01,3.409811186660273e-09
6167.02,3.6012160842331774e-09
6167.03,3.726510225496278e-09
6167.04,3.66110216409734e-09
6167.05,3.3861281805936195e-09
6167.06,3.0351107115818985e-09
6167.07,2.753628261816467e-09
6167.08,2.5985459896622684e-09
6167.09,2.5607509182306733e-09
6167.1,2.6011932063682977e-09
6167.11,2.6668256606650165e-09
6167.12,2.7009003343706876e-09
6167.13,2.6656606105679833e-09
6167.14,2.5631312635309295e-09
6167.15,2.4296852383472183e-09
6167.16,2.311976603930412e-09
6167.17,2.246810006211009e-09
6167.18,2.2579376141435976e-09
6167.19,2.362847142600815e-09
6167.2,2.580645247006257e-09
6167.21,2.93571471605733e-09
6167.22,3.451222256626445e-09
6167.23,4.1242110894205714e-09
6167.24,4.886926247665675e-09
6167.25,5.582877380237453e-09
6167.26,5.98469520129345e-09
6167.27,5.904900564601418e-09
6167.28,5.3687014142705314e-09
6167.29,4.5987044807511536e-09
6167.3,3.818982386251211e-09
6167.31,3.141962611891943e-09
6167.32,2.5992033355329892e-09
6167.33,2.178365817787195e-09
6167.34,1.85694698724898e-09
6167.35,1.6124230506278285e-09
6167.36,1.4258313256687696e-09
6167.37,1.2852314981995715e-09
6167.38,1.180673985154551e-09
6167.39,1.106508769987693e-09
6167.4,1.0602179343153313e-09
6167.41,1.0410548255638821e-09
6167.42,1.0531488914534813e-09
6167.43,1.10493054617727e-09
6167.44,1.2093591373825929e-09
6167.45,1.376731788784921e-09
6167.46,1.5903322295818898e-09
6167.47,1.7730467224643748e-09
6167.48,1.8121459024919659e-09
6167.49,1.6719539928969983e-09
6167.5,1.4385387967920915e-09
6167.51,1.2182364950557693e-09
6167.52,1.058101083190009e-09
6167.53,9.56580331163333e-10
6167.54,9.024221042392305e-10
6167.55,8.830073504500991e-10
6167.56,8.902823258562725e-10
6167.57,9.191536981823907e-10
6167.58,9.652193622579669e-10
6167.59,1.0255474140451867e-09
6167.6,1.097198613803825e-09
6167.61,1.1770568186979633e-09
6167.62,1.2616650292104772e-09
6167.63,1.3492918887157754e-09
6167.64,1.4441718980566692e-09
6167.65,1.5606672723631342e-09
6167.66,1.7243970079906967e-09
6167.67,1.969041358276938e-09
6167.68,2.3236934321362916e-09
6167.69,2.77926585509985e-09
6167.7,3.252287888914785e-09
6167.71,3.6388577802818833e-09
6167.72,3.961555693172757e-09
6167.73,4.36169437056689e-09
6167.74,4.858448713227358e-09
6167.75,5.195888576880264e-09
6167.76,5.073245250809324e-09
6167.77,4.534407238663292e-09
6167.78,3.923770815645995e-09
6167.79,3.524997907830527e-09
6167.8,3.4181192149667644e-09
6167.81,3.530269213870456e-09
6167.82,3.6961054573273286e-09
6167.83,3.782993572794866e-09
6167.84,3.8374372737784675e-09
6167.85,4.016860491456066e-09
6167.86,4.3634975313567326e-09
6167.87,4.701337978618846e-09
6167.88,4.7711005232455e-09
6167.89,4.451612185809152e-09
6167.9,3.821101152758887e-09
6167.91,3.078542478569138e-09
6167.92,2.413838891459194e-09
6167.93,1.9077374688092292e-09
6167.94,1.5524085714796442e-09
6167.95,1.3099919755960065e-09
6167.96,1.1464497201627165e-09
6167.97,1.0385200850207435e-09
6167.98,9.711515100737756e-10
6167.99,9.351772405077429e-10
6168.0,9.253272547515956e-10
6168.01,9.384766259088872e-10
6168.02,9.72602668713307e-10
6168.03,1.024501624176896e-09
6168.04,1.089103764877541e-09
6168.05,1.1579671419874536e-09
6168.06,1.220427557558747e-09
6168.07,1.266868920360191e-09
6168.08,1.2927128934234578e-09
6168.09,1.2996180660023306e-09
6168.1,1.2932209978353431e-09
6168.11,1.280241745831192e-09
6168.12,1.2671075175242512e-09
6168.13,1.2594112709620745e-09
6168.14,1.260666410440556e-09
6168.15,1.2717464048137765e-09
6168.16,1.292265962418736e-09
6168.17,1.3232311233059225e-09
6168.18,1.3683244719731785e-09
6168.19,1.4319467489965257e-09
6168.2,1.5149142787624168e-09
6168.21,1.6099276379192833e-09
6168.22,1.6993630790506788e-09
6168.23,1.7580721085268323e-09
6168.24,1.7627256679237404e-09
6168.25,1.7031756377735637e-09
6168.26,1.5902405568615524e-09
6168.27,1.446096286181605e-09
6168.28,1.2947814930085452e-09
6168.29,1.153024549581203e-09
6168.3,1.028548342324247e-09
6168.31,9.231020013580848e-10
6168.32,8.346771074271233e-10
6168.33,7.619573155894083e-10
6168.34,7.036597567342343e-10
6168.35,6.589296263441279e-10
6168.36,6.269920276257166e-10
6168.37,6.06348610826886e-10
6168.38,5.979907386345702e-10
6168.39,6.005510928887653e-10
6168.4,6.13294496749609e-10
6168.41,6.349736623215227e-10
6168.42,6.630021543901716e-10
6168.43,6.931180064332297e-10
6168.44,7.196049614375809e-10
6168.45,7.364627571410204e-10
6168.46,7.396379489349849e-10
6168.47,7.259670493976481e-10
6168.48,6.972321900723508e-10
6168.49,6.574465352875092e-10
6168.5,6.125082880503354e-10
6168.51,5.677377751633256e-10
6168.52,5.269477673861785e-10
6168.53,4.916944591138456e-10
6168.54,4.6165026486197715e-10
6168.55,4.355089565822845e-10
6168.56,4.120069658407762e-10
6168.57,3.898953558019015e-10
6168.58,3.7076419708885634e-10
6168.59,3.543953666926863e-10
6168.6,3.412114658105205e-10
6168.61,3.3139741766572397e-10
6168.62,3.249418595314088e-10
6168.63,3.215490906378346e-10
6168.64,3.209281112696358e-10
6168.65,3.228056348758846e-10
6168.66,3.270627316525791e-10
6168.67,3.338013017772507e-10
6168.68,3.43313117764221e-10
6168.69,3.560168640893951e-10
6168.7,3.7241129831480315e-10
6168.71,3.9307087723884336e-10
6168.72,4.186231870552731e-10
6168.73,4.49938031388505e-10
6168.74,4.879026044135076e-10
6168.75,5.336256652815628e-10
6168.76,5.884999175257431e-10
6168.77,6.544328003927233e-10
6168.78,7.339886868196664e-10
6168.79,8.316254938796579e-10
6168.8,9.518109568929435e-10
6168.81,1.1033565972581072e-09
6168.82,1.2943578555302777e-09
6168.83,1.5352466532055892e-09
6168.84,1.8365491398321338e-09
6168.85,2.2045068690144207e-09
6168.86,2.6318702010767753e-09
6168.87,3.08321631348184e-09
6168.88,3.4840434108753304e-09
6168.89,3.7330896389143346e-09
6168.9,3.749847861945975e-09
6168.91,3.5276339170149407e-09
6168.92,3.1386566708410423e-09
6168.93,2.6844748102174865e-09
6168.94,2.245642972332724e-09
6168.95,1.863291448997777e-09
6168.96,1.5480975872802567e-09
6168.97,1.2950968436275228e-09
6168.98,1.0940020502002821e-09
6168.99,9.345386695625472e-10
6169.0,8.070705747875488e-10
6169.01,7.041097575564433e-10
6169.02,6.210222765495412e-10
6169.03,5.528251301542386e-10
6169.04,4.961499794948175e-10
6169.05,4.484455061080619e-10
6169.06,4.0788072157800723e-10
6169.07,3.7320018138668567e-10
6169.08,3.435073316308653e-10
6169.09,3.1801608364598303e-10
6169.1,2.9610323168735964e-10
6169.11,2.769598813542026e-10
6169.12,2.6027393839277183e-10
6169.13,2.453994313847144e-10
6169.14,2.3199539140972787e-10
6169.15,2.201374998336492e-10
6169.16,2.0926628944442844e-10
6169.17,1.996006140879309e-10
6169.18,1.912357715848937e-10
6169.19,1.8368698306152723e-10
6169.2,1.769162148665816e-10
6169.21,1.7072071325254168e-10
6169.22,1.6478161521387735e-10
6169.23,1.5972374039165157e-10
6169.24,1.540840715461527e-10
6169.25,1.4951323506111135e-10
6169.26,1.4531424471088854e-10
6169.27,1.4146595176207398e-10
6169.28,1.3797430436265857e-10
6169.29,1.33221218216754e-10
6169.3,1.3044353903517841e-10
6169.31,1.2807865676366763e-10
6169.32,1.2590785880229537e-10
6169.33,1.2405032807096675e-10
6169.34,1.2241497158923647e-10
6169.35,1.1968964900531495e-10
6169.36,1.1753827281513454e-10
6169.37,1.1609376671681633e-10
6169.38,1.1476521624886977e-10
6169.39,1.1349631390485465e-10
6169.4,1.1242571299996386e-10
6169.41,1.106134980603571e-10
6169.42,1.1004919618484912e-10
6169.43,1.0894507986323097e-10
6169.44,1.0880896717274682e-10
6169.45,1.0886148114573684e-10
6169.46,1.0909250097282948e-10
6169.47,1.0954789068989387e-10
6169.48,1.101741131385666e-10
6169.49,1.1112417785822969e-10
6169.5,1.123313198102548e-10
6169.51,1.1377779012960074e-10
6169.52,1.1547530620096656e-10
6169.53,1.1741730847503803e-10
6169.54,1.1962329918253727e-10
6169.55,1.22125359003569e-10
6169.56,1.2496059180705798e-10
6169.57,1.28166311643511e-10
6169.58,1.3178066731277804e-10
6169.59,1.358425754749727e-10
6169.6,1.4039591287350926e-10
6169.61,1.4546942496727191e-10
6169.62,1.5056452481974208e-10
6169.63,1.569659828155344e-10
6169.64,1.6414853435695433e-10
6169.65,1.7222555468610541e-10
6169.66,1.8133537111245473e-10
6169.67,1.9164394289736943e-10
6169.68,2.033552601914245e-10
6169.69,2.1671076723108242e-10
6169.7,2.3200183634496973e-10
6169.71,2.4952406751140616e-10
6169.72,2.6961464901187723e-10
6169.73,2.926175483693068e-10
6169.74,3.18835102793947e-10
6169.75,3.48582585327716e-10
6169.76,3.8097596319569805e-10
6169.77,4.1898491295323226e-10
6169.78,4.617732944082713e-10
6169.79,5.098448741992436e-10
6169.8,5.640136020429522e-10
6169.81,6.261390813987468e-10
6169.82,6.995782227827164e-10
6169.83,7.892137488298909e-10
6169.84,9.010520442731127e-10
6169.85,1.0413569936138876e-09
6169.86,1.2154951176733245e-09
6169.87,1.4255616213645208e-09
6169.88,1.6657529677800236e-09
6169.89,1.9163216934899885e-09
6169.9,2.144942726486278e-09
6169.91,2.3133465894045888e-09
6169.92,2.397791038850154e-09
6169.93,2.3976284189947358e-09
6169.94,2.3275076169578085e-09
6169.95,2.2065147640759235e-09
6169.96,2.055967220023637e-09
6169.97,1.8998762581685412e-09
6169.98,1.7605840578918699e-09
6169.99,1.6524818647635194e-09
6170.0,1.5770275983496007e-09
6170.01,1.5223211644190862e-09
6170.02,1.4674623365253996e-09
6170.03,1.3928423521794264e-09
6170.04,1.2915989523666378e-09
6170.05,1.1721550204985314e-09
6170.06,1.0500589760731807e-09
6170.07,9.384314525973997e-10
6170.08,8.442418738859722e-10
6170.09,7.693678950061029e-10
6170.1,7.130254963080129e-10
6170.11,6.734706226685131e-10
6170.12,6.4904710545162e-10
6170.13,6.385461964821061e-10
6170.14,6.411574801283974e-10
6170.15,6.565962832327702e-10
6170.16,6.847367718372839e-10
6170.17,7.258564185780566e-10
6170.18,7.788303324053952e-10
6170.19,8.436097371764378e-10
6170.2,9.19977290771779e-10
6170.21,1.0087724337380225e-09
6170.22,1.1104077843410556e-09
6170.23,1.2253297485873406e-09
6170.24,1.3495044042066108e-09
6170.25,1.471595143190749e-09
6170.26,1.5724807719744444e-09
6170.27,1.6299547578134122e-09
6170.28,1.6282281180550204e-09
6170.29,1.5671311984784243e-09
6170.3,1.4629348399304141e-09
6170.31,1.3401181633069639e-09
6170.32,1.220744669203915e-09
6170.33,1.1188354126747303e-09
6170.34,1.0401805526706986e-09
6170.35,9.851640206496692e-10
6170.36,9.519829478555514e-10
6170.37,9.39247986547349e-10
6170.38,9.471395657341397e-10
6170.39,9.76430561708152e-10
6170.4,1.025312101747223e-09
6170.41,1.085173655981862e-09
6170.42,1.1379540235362094e-09
6170.43,1.1600849567643455e-09
6170.44,1.1346020228158538e-09
6170.45,1.062485750233114e-09
6170.46,9.61364081719835e-10
6170.47,8.531917923249776e-10
6170.48,7.536680541290411e-10
6170.49,6.698142855064208e-10
6170.5,6.025220201906467e-10
6170.51,5.498915613958896e-10
6170.52,5.091146659028731e-10
6170.53,4.777025924240009e-10
6170.54,4.536269850396297e-10
6170.55,4.3597375340224447e-10
6170.56,4.2367006633007636e-10
6170.57,4.161292591845029e-10
6170.58,4.130040135035152e-10
6170.59,4.1414426339555174e-10
6170.6,4.1946117160521864e-10
6170.61,4.2884541662960357e-10
6170.62,4.422092336639723e-10
6170.63,4.596709037268572e-10
6170.64,4.817493050079464e-10
6170.65,5.094413026713515e-10
6170.66,5.441199317681738e-10
6170.67,5.875369153280053e-10
6170.68,6.41845319128346e-10
6170.69,7.097216368526603e-10
6170.7,7.943990336442696e-10
6170.71,8.994559321512929e-10
6170.72,1.028071437083539e-09
6170.73,1.181328565249359e-09
6170.74,1.3552554753542324e-09
6170.75,1.537687222310843e-09
6170.76,1.7095417818409613e-09
6170.77,1.8542503590102544e-09
6170.78,1.9711637176514817e-09
6170.79,2.0791229986147073e-09
6170.8,2.204611093043391e-09
6170.81,2.365109818514836e-09
6170.82,2.558110717998526e-09
6170.83,2.758416420172319e-09
6170.84,2.9231213329857974e-09
6170.85,3.0066390411645406e-09
6170.86,2.982084143828589e-09
6170.87,2.855024697868876e-09
6170.88,2.6577947717880528e-09
6170.89,2.4297458292811706e-09
6170.9,2.199919426363552e-09
6170.91,1.9817333285425107e-09
6170.92,1.7776680910948754e-09
6170.93,1.5866696813252654e-09
6170.94,1.4092791120553278e-09
6170.95,1.2479810500181e-09
6170.96,1.1053522538568897e-09
6170.97,9.825903224229253e-10
6170.98,8.792446494996238e-10
6170.99,7.937858633241829e-10
6171.0,7.241740722040284e-10
6171.01,6.683144024196494e-10
6171.02,6.246108180754993e-10
6171.03,5.912833943274548e-10
6171.04,5.676630733949484e-10
6171.05,5.527352028232657e-10
6171.06,5.460517673232128e-10
6171.07,5.472499354696588e-10
6171.08,5.563569574517342e-10
6171.09,5.736474802864729e-10
6171.1,5.998544630927717e-10
6171.11,6.363238640992495e-10
6171.12,6.851091703176948e-10
6171.13,7.492768083422058e-10
6171.14,8.318839094629045e-10
6171.15,9.358767886641582e-10
6171.16,1.0628096364751487e-09
6171.17,1.210528835850266e-09
6171.18,1.3694268958645502e-09
6171.19,1.5190798006837872e-09
6171.2,1.6289951075403373e-09
6171.21,1.6708040272413756e-09
6171.22,1.6308428807307524e-09
6171.23,1.5204758604713632e-09
6171.24,1.3685837807068328e-09
6171.25,1.2059739356273883e-09
6171.26,1.0543394431818965e-09
6171.27,9.242441115282373e-10
6171.28,8.18252484575242e-10
6171.29,7.345701171304896e-10
6171.3,6.693679795981588e-10
6171.31,6.179591589774451e-10
6171.32,5.756632919435884e-10
6171.33,5.38751467148247e-10
6171.34,5.051611596620421e-10
6171.35,4.745596969131282e-10
6171.36,4.478229864177376e-10
6171.37,4.2570032846437493e-10
6171.38,4.0895673294921664e-10
6171.39,3.977677683298403e-10
6171.4,3.9180562153135476e-10
6171.41,3.9060348149274923e-10
6171.42,3.9319881685053863e-10
6171.43,3.981424606922742e-10
6171.44,4.0362288138332527e-10
6171.45,4.0660063281816597e-10
6171.46,4.097154657006806e-10
6171.47,4.1252764649034095e-10
6171.48,4.1706518934327853e-10
6171.49,4.254448518399918e-10
6171.5,4.3939507589228157e-10
6171.51,4.604102780356192e-10
6171.52,4.901500603743212e-10
6171.53,5.306914362835792e-10
6171.54,5.847498997549031e-10
6171.55,6.555103486086363e-10
6171.56,7.462452637516178e-10
6171.57,8.587184261562529e-10
6171.58,9.910068912609064e-10
6171.59,1.1339849765606727e-09
6171.6,1.2702576584959e-09
6171.61,1.3794258601567543e-09
6171.62,1.448189588692379e-09
6171.63,1.476518572436467e-09
6171.64,1.4749751615640678e-09
6171.65,1.4587202258591193e-09
6171.66,1.4423225681581675e-09
6171.67,1.433229201713382e-09
6171.68,1.425773285680964e-09
6171.69,1.4035454559672439e-09
6171.7,1.3512938005382092e-09
6171.71,1.2678152313550473e-09
6171.72,1.1670052131949056e-09
6171.73,1.0677670370124275e-09
6171.74,9.844105319168722e-10
6171.75,9.24326792635819e-10
6171.76,8.900633412130881e-10
6171.77,8.818189736214111e-10
6171.78,8.986461372894213e-10
6171.79,9.384314971042194e-10
6171.8,9.971316424510992e-10
6171.81,1.0676422917690233e-09
6171.82,1.1389962817688762e-09
6171.83,1.1978910104821804e-09
6171.84,1.2333652966999429e-09
6171.85,1.2423755045943768e-09
6171.86,1.2315237385988868e-09
6171.87,1.2128708049736716e-09
6171.88,1.1968667043723113e-09
6171.89,1.1866652657808729e-09
6171.9,1.1765008857198282e-09
6171.91,1.1547530925675189e-09
6171.92,1.1106253758482227e-09
6171.93,1.0406688934944283e-09
6171.94,9.504643571720372e-10
6171.95,8.506885090655849e-10
6171.96,7.516773888294496e-10
6171.97,6.603602135541901e-10
6171.98,5.800817206909123e-10
6171.99,5.116346786424047e-10
6172.0,4.544896569561351e-10
6172.01,4.072229180057218e-10
6172.02,3.6853811265474483e-10
6172.03,3.371332336640789e-10
6172.04,3.118856016779787e-10
6172.05,2.91866724445602e-10
6172.06,2.762840797805924e-10
6172.07,2.644598741877781e-10
6172.08,2.5578489534324e-10
6172.09,2.497007564466178e-10
6172.1,2.4566859216436534e-10
6172.11,2.431548504375779e-10
6172.12,2.4166232227233774e-10
6172.13,2.4087261285894967e-10
6172.14,2.4085113619203017e-10
6172.15,2.421397597153706e-10
6172.16,2.454190797260553e-10
6172.17,2.5095654222722244e-10
6172.18,2.580008437546391e-10
6172.19,2.645352597861339e-10
6172.2,2.676479937273113e-10
6172.21,2.6473865487391504e-10
6172.22,2.549347860973368e-10
6172.23,2.402634051546348e-10
6172.24,2.2201721612376602e-10
6172.25,2.034580672859062e-10
6172.26,1.8626524336551255e-10
6172.27,1.7116168823454414e-10
6172.28,1.5825784192839603e-10
6172.29,1.4737660570316043e-10
6172.3,1.382825668800419e-10
6172.31,1.307559623330667e-10
6172.32,1.245969960937434e-10
6172.33,1.1921979447035333e-10
6172.34,1.1529426918683135e-10
6172.35,1.121103753596657e-10
6172.36,1.0960782972019445e-10
6172.37,1.0771300383109979e-10
6172.38,1.063966626850406e-10
6172.39,1.0566285776033885e-10
6172.4,1.0568787513194582e-10
6172.41,1.0613989461157571e-10
6172.42,1.0717277016100778e-10
6172.43,1.0875687879577127e-10
6172.44,1.1084750932131584e-10
6172.45,1.1369096898019189e-10
6172.46,1.1673315776234953e-10
6172.47,1.20345343539102e-10
6172.48,1.24708177201226e-10
6172.49,1.3006214841931552e-10
6172.5,1.366743091927321e-10
6172.51,1.448010110956972e-10
6172.52,1.5445885977648555e-10
6172.53,1.66141779197386e-10
6172.54,1.795252791040258e-10
6172.55,1.9410566411769448e-10
6172.56,2.0889313656755924e-10
6172.57,2.224304311855272e-10
6172.58,2.3326854570943646e-10
6172.59,2.4054851281055493e-10
6172.6,2.4456528771681144e-10
6172.61,2.467769042846421e-10
6172.62,2.492249270692452e-10
6172.63,2.5380064744285224e-10
6172.64,2.6188662179528985e-10
6172.65,2.7484195827500804e-10
6172.66,2.921687211954959e-10
6172.67,3.146304146775988e-10
6172.68,3.4228070578085857e-10
6172.69,3.7497367892817173e-10
6172.7,4.1237126165154754e-10
6172.71,4.542420184566916e-10
6172.72,5.012109261470506e-10
6172.73,5.531622419026687e-10
6172.74,6.122688392467723e-10
6172.75,6.806138280669116e-10
6172.76,7.603637157186473e-10
6172.77,8.535940343968782e-10
6172.78,9.622813296276186e-10
6172.79,1.0879101639433126e-09
6172.8,1.2303654730621974e-09
6172.81,1.3853367671691069e-09
6172.82,1.5415346620979211e-09
6172.83,1.6792574723890082e-09
6172.84,1.7762740975792214e-09
6172.85,1.81631012689684e-09
6172.86,1.7950174996406677e-09
6172.87,1.714754497866601e-09
6172.88,1.5844714286402883e-09
6172.89,1.4202658196638777e-09
6172.9,1.2432897006696251e-09
6172.91,1.0730552793308916e-09
6172.92,9.219894561627287e-10
6172.93,7.94484317915904e-10
6172.94,6.905317485436622e-10
6172.95,6.065907605772856e-10
6172.96,5.384868351011754e-10
6172.97,4.822338000612904e-10
6172.98,4.3483146048899265e-10
6172.99,3.9426528003606884e-10
6173.0,3.592727126193204e-10
6173.01,3.2890765127649145e-10
6173.02,3.02252183481699e-10
6173.03,2.7852854142768554e-10
6173.04,2.572912613001418e-10
6173.05,2.384704596903442e-10
6173.06,2.22190906509982e-10
6173.07,2.0854251926701206e-10
6173.08,1.9746811208208647e-10
6173.09,1.8875841948062913e-10
6173.1,1.8218588120666489e-10
6173.11,1.774299483839245e-10
6173.12,1.7433618788419382e-10
6173.13,1.7265519718202452e-10
6173.14,1.7233562705661192e-10
6173.15,1.7361739183888896e-10
6173.16,1.7695419082659866e-10
6173.17,1.8299077798988245e-10
6173.18,1.9156606362245933e-10
6173.19,2.0082852502609743e-10
6173.2,2.0882516973205537e-10
6173.21,2.118038246005314e-10
6173.22,2.08342069795856e-10
6173.23,2.0010282611845532e-10
6173.24,1.9055507207076366e-10
6173.25,1.8273558752670146e-10
6173.26,1.7785730023303473e-10
6173.27,1.7683930141290595e-10
6173.28,1.7918831689568809e-10
6173.29,1.8468429590412917e-10
6173.3,1.9344904169084522e-10
6173.31,2.0556717741913395e-10
6173.32,2.2018234564054748e-10
6173.33,2.3450458321990615e-10
6173.34,2.4378236572686464e-10
6173.35,2.4326149933600295e-10
6173.36,2.313527768733644e-10
6173.37,2.110477517963512e-10
6173.38,1.8756039670572363e-10
6173.39,1.6559399173021605e-10
6173.4,1.4724173136413785e-10
6173.41,1.3293411737975737e-10
6173.42,1.2230132515221011e-10
6173.43,1.1463781828894202e-10
6173.44,1.095140549434585e-10
6173.45,1.0566649299365451e-10
6173.46,1.0266348973539871e-10
6173.47,9.971221149031884e-11
6173.48,9.617649071962644e-11
6173.49,9.1838802646139e-11
6173.5,8.698041698375708e-11
6173.51,8.212417604829655e-11
6173.52,7.775559940655871e-11
6173.53,7.414215093575564e-11
6173.54,7.135909353120402e-11
6173.55,6.93140477341764e-11
6173.56,6.784083662407515e-11
6173.57,6.701276255987746e-11
6173.58,6.614410208412696e-11
6173.59,6.542954787514558e-11
6173.6,6.488621228346858e-11
6173.61,6.458239871557914e-11
6173.62,6.45785902700787e-11
6173.63,6.489659425930958e-11
6173.64,6.551063889335357e-11
6173.65,6.639559599680565e-11
6173.66,6.751032175825963e-11
6173.67,6.895441125008725e-11
6173.68,7.058892696338289e-11
6173.69,7.260013445189248e-11
6173.7,7.510462732124475e-11
6173.71,7.822184688982787e-11
6173.72,8.208080024126699e-11
6173.73,8.683639339758161e-11
6173.74,9.270791485715209e-11
6173.75,9.967945643702245e-11
6173.76,1.0877383248416028e-10
6173.77,1.2027428250321555e-10
6173.78,1.3497568737138133e-10
6173.79,1.5410687157490253e-10
6173.8,1.7950969625259833e-10
6173.81,2.140988140550531e-10
6173.82,2.6200549647081295e-10
6173.83,3.326198301111802e-10
6173.84,4.388952109214719e-10
6173.85,6.012535282582799e-10
6173.86,8.365749382263363e-10
6173.87,1.1145747126014223e-09
6173.88,1.3112062817704457e-09
6173.89,1.3056954734227657e-09
6173.9,1.1543175886585995e-09
6173.91,1.0255583938610975e-09
6173.92,1.0229439003945337e-09
6173.93,1.1477788495252889e-09
6173.94,1.2994451977138713e-09
6173.95,1.3096902267509566e-09
6173.96,1.117579783379934e-09
6173.97,8.415057824004706e-10
6173.98,6.072524240521591e-10
6173.99,4.470367531244218e-10
6174.0,3.435126661741682e-10
6174.01,2.768248303639673e-10
6174.02,2.3226299541787612e-10
6174.03,2.0128600359346059e-10
6174.04,1.7887390446098466e-10
6174.05,1.6195233587521784e-10
6174.06,1.4885891866629328e-10
6174.07,1.38638041338408e-10
6174.08,1.3070638638005206e-10
6174.09,1.2582094223878455e-10
6174.1,1.2130863638875995e-10
6174.11,1.1872474775052417e-10
6174.12,1.182785679450402e-10
6174.13,1.1934971155138288e-10
6174.14,1.2216571865261267e-10
6174.15,1.269536570667688e-10
6174.16,1.333892992775469e-10
6174.17,1.4214532316907018e-10
6174.18,1.5357452436704446e-10
6174.19,1.6773098179047214e-10
6174.2,1.8591662465586882e-10
6174.21,2.0712148637549054e-10
6174.22,2.309086857664341e-10
6174.23,2.5526981971049083e-10
6174.24,2.7678534440085496e-10
6174.25,2.913628778183331e-10
6174.26,2.959927196110067e-10
6174.27,2.904818930970885e-10
6174.28,2.7762670274283525e-10
6174.29,2.622788339430978e-10
6174.3,2.468932375510485e-10
6174.31,2.343936331620561e-10
6174.32,2.2588325826979853e-10
6174.33,2.216142591635888e-10
6174.34,2.2255805299488915e-10
6174.35,2.27019755870884e-10
6174.36,2.359269735024418e-10
6174.37,2.4901909885468666e-10
6174.38,2.655020998082628e-10
6174.39,2.8422333611451984e-10
6174.4,3.031012191866006e-10
6174.41,3.1950663620900534e-10
6174.42,3.30736328565113e-10
6174.43,3.3494776609420877e-10
6174.44,3.3214810761000104e-10
6174.45,3.2419965519496915e-10
6174.46,3.1385957553562065e-10
6174.47,3.037027288109821e-10
6174.48,2.9552986341771333e-10
6174.49,2.902206535210413e-10
6174.5,2.876904207727855e-10
6174.51,2.8704580131680734e-10
6174.52,2.867156239310469e-10
6174.53,2.848317615493887e-10
6174.54,2.8020451366875204e-10
6174.55,2.7159946766397747e-10
6174.56,2.603387850380136e-10
6174.57,2.482746731767442e-10
6174.58,2.3724360218965866e-10
6174.59,2.283926030781476e-10
6174.6,2.2213138742001447e-10
6174.61,2.1833957997784168e-10
6174.62,2.166449558493808e-10
6174.63,2.1668617238134824e-10
6174.64,2.1810920983844744e-10
6174.65,2.2069322791545813e-10
6174.66,2.243026353254698e-10
6174.67,2.2900681667265217e-10
6174.68,2.354186151250799e-10
6174.69,2.43007590189396e-10
6174.7,2.5255243145319254e-10
6174.71,2.644381091076085e-10
6174.72,2.7913567467360373e-10
6174.73,2.970744259989427e-10
6174.74,3.1907839226477705e-10
6174.75,3.4550799487619054e-10
6174.76,3.777365876959806e-10
6174.77,4.1721353460052427e-10
6174.78,4.657332877104025e-10
6174.79,5.255778871588469e-10
6174.8,5.997208476290821e-10
6174.81,6.91568667580969e-10
6174.82,8.05557754105028e-10
6174.83,9.455804975470866e-10
6174.84,1.1130482843870202e-09
6174.85,1.3060353995571595e-09
6174.86,1.5142926897738738e-09
6174.87,1.7151860006509789e-09
6174.88,1.8741254904913515e-09
6174.89,1.9538784867092302e-09
6174.9,1.9309373253877007e-09
6174.91,1.8117354971406773e-09
6174.92,1.6294767757652356e-09
6174.93,1.4253537919269451e-09
6174.94,1.231066779380514e-09
6174.95,1.063224857567235e-09
6174.96,9.266808352352076e-10
6174.97,8.198795293906671e-10
6174.98,7.389567782829218e-10
6174.99,6.794552675664894e-10
6175.0,6.377796980256983e-10
6175.01,6.112982947268534e-10
6175.02,5.985684942312426e-10
6175.03,5.991614858045989e-10
6175.04,6.135585830782979e-10
6175.05,6.427166502643304e-10
6175.06,6.877355105360597e-10
6175.07,7.482537861172521e-10
6175.08,8.216341048257633e-10
6175.09,8.99958476778892e-10
6175.1,9.696359360212857e-10
6175.11,1.0148730127010286e-09
6175.12,1.0256131038062607e-09
6175.13,1.0042506656944478e-09
6175.14,9.64310603647432e-10
6175.15,9.219513243707068e-10
6175.16,8.902776622649505e-10
6175.17,8.737553280922475e-10
6175.18,8.713134439246821e-10
6175.19,8.787470834449141e-10
6175.2,8.922579638453592e-10
6175.21,9.106239110647238e-10
6175.22,9.38092969120299e-10
6175.23,9.804954988800403e-10
6175.24,1.045228693854384e-09
6175.25,1.1400300521379478e-09
6175.26,1.2755956301016683e-09
6175.27,1.4730282347512256e-09
6175.28,1.7720469592089444e-09
6175.29,2.2175783603433398e-09
6175.3,2.7747683491071762e-09
6175.31,3.2108574139930333e-09
6175.32,3.2461718624221707e-09
6175.33,2.941779090728695e-09
6175.34,2.594165882187354e-09
6175.35,2.293308755154863e-09
6175.36,1.9400477449150166e-09
6175.37,1.534305002707504e-09
6175.38,1.1784609582857025e-09
6175.39,9.240971269550933e-10
6175.4,7.579460108899749e-10
6175.41,6.520037823278543e-10
6175.42,5.856925750447542e-10
6175.43,5.474722367751193e-10
6175.44,5.327197459037345e-10
6175.45,5.424061161910454e-10
6175.46,5.833151775090507e-10
6175.47,6.695116483542586e-10
6175.48,8.240950775368903e-10
6175.49,1.0693122749156028e-09
6175.5,1.3774921401527664e-09
6175.51,1.6025461303029033e-09
6175.52,1.565699215285005e-09
6175.53,1.2885607494653613e-09
6175.54,9.60437983296986e-10
6175.55,7.062420821557211e-10
6175.56,5.380097315307179e-10
6175.57,4.2990298955191333e-10
6175.58,3.597128965848765e-10
6175.59,3.1279820509849334e-10
6175.6,2.808120098762378e-10
6175.61,2.5893908411053997e-10
6175.62,2.442218131654299e-10
6175.63,2.3498676272265984e-10
6175.64,2.301933177223367e-10
6175.65,2.2940706350397696e-10
6175.66,2.3254458695723582e-10
6175.67,2.396491642518341e-10
6175.68,2.5125726122451513e-10
6175.69,2.682179039236732e-10
6175.7,2.925522291437614e-10
6175.71,3.2862920414282443e-10
6175.72,3.8359231272225855e-10
6175.73,4.703731787911107e-10
6175.74,6.05482724989724e-10
6175.75,7.924159227787785e-10
6175.76,9.789961272899604e-10
6175.77,1.0520520166610859e-09
6175.78,9.590975235623135e-10
6175.79,7.852927912677172e-10
6175.8,6.341512306651025e-10
6175.81,5.381439929719974e-10
6175.82,4.869613475018818e-10
6175.83,4.6563562659195304e-10
6175.84,4.662861407077649e-10
6175.85,4.89162145211598e-10
6175.86,5.422514842490614e-10
6175.87,6.408164971969549e-10
6175.88,8.00687096246228e-10
6175.89,1.0073618658716404e-09
6175.9,1.170824220854977e-09
6175.91,1.1747187173239526e-09
6175.92,1.0292688062124828e-09
6175.93,8.604865658125928e-10
6175.94,7.58911624182034e-10
6175.95,7.384747885967264e-10
6175.96,7.668452505615336e-10
6175.97,7.834294285251383e-10
6175.98,7.473213012492695e-10
6175.99,6.838277842326081e-10
6176.0,6.43445647351804e-10
6176.01,6.530217182636753e-10
6176.02,7.222076155399113e-10
6176.03,8.570258660770696e-10
6176.04,1.043639431138532e-09
6176.05,1.2175882346206413e-09
6176.06,1.3025455588563234e-09
6176.07,1.3064300232783561e-09
6176.08,1.2848908294492634e-09
6176.09,1.247564920292203e-09
6176.1,1.1958610148229436e-09
6176.11,1.157442553825543e-09
6176.12,1.1441641965534457e-09
6176.13,1.1386803988354879e-09
6176.14,1.1191932776262672e-09
6176.15,1.0768888962395568e-09
6176.16,1.0185944003719408e-09
6176.17,9.588029308111133e-10
6176.18,9.109304311081443e-10
6176.19,8.831347305950155e-10
6176.2,8.783399002288868e-10
6176.21,8.95291588343631e-10
6176.22,9.291034457423521e-10
6176.23,9.711945655198758e-10
6176.24,1.0099462159188322e-09
6176.25,1.0332240101989011e-09
6176.26,1.0324719164828542e-09
6176.27,1.0062647922726868e-09
6176.28,9.607667832816214e-10
6176.29,9.066065393069401e-10
6176.3,8.548745981668771e-10
6176.31,8.139952940748619e-10
6176.32,7.890662084846899e-10
6176.33,7.828057067719853e-10
6176.34,7.968336099945438e-10
6176.35,8.328026722931934e-10
6176.36,8.931131845135866e-10
6176.37,9.813703185813535e-10
6176.38,1.1022553258242322e-09
6176.39,1.2604585701163455e-09
6176.4,1.4574296644389652e-09
6176.41,1.6853125382775279e-09
6176.42,1.919902205563138e-09
6176.43,2.1206399645790966e-09
6176.44,2.2471983681998815e-09
6176.45,2.2852296709663128e-09
6176.46,2.254006102799159e-09
6176.47,2.1843373679430843e-09
6176.48,2.091467983567479e-09
6176.49,1.9709954606688342e-09
6176.5,1.8180198219112568e-09
6176.51,1.6427428460695991e-09
6176.52,1.4634831498140068e-09
6176.53,1.2961266308277218e-09
6176.54,1.1469202752839782e-09
6176.55,1.0167100907968296e-09
6176.56,9.052099718611749e-10
6176.57,8.121312548484961e-10
6176.58,7.356022734530159e-10
6176.59,6.757004797224205e-10
6176.6,6.283700367341922e-10
6176.61,5.901663522852795e-10
6176.62,5.575390344948259e-10
6176.63,5.293172116628622e-10
6176.64,5.041559021206408e-10
6176.65,4.821018461897182e-10
6176.66,4.6372150469958766e-10
6176.67,4.497410641822771e-10
6176.68,4.407660963968071e-10
6176.69,4.371320699867841e-10
6176.7,4.3883398115972487e-10
6176.71,4.4536624910689514e-10
6176.72,4.5579446661699093e-10
6176.73,4.688029097016854e-10
6176.74,4.831355298999307e-10
6176.75,4.981976789476228e-10
6176.76,5.144311649164353e-10
6176.77,5.331452750728397e-10
6176.78,5.553460724823683e-10
6176.79,5.833703515520696e-10
6176.8,6.171801557666148e-10
6176.81,6.561018431815838e-10
6176.82,6.986602538064467e-10
6176.83,7.452042802884655e-10
6176.84,7.969577191530196e-10
6176.85,8.564309184756317e-10
6176.86,9.268811130296733e-10
6176.87,1.0118184084810518e-09
6176.88,1.1150801245250208e-09
6176.89,1.2408760702015964e-09
6176.9,1.394171201157602e-09
6176.91,1.5814265444841042e-09
6176.92,1.8111756492485372e-09
6176.93,2.0922933250285165e-09
6176.94,2.42901526285372e-09
6176.95,2.8125582413458515e-09
6176.96,3.2121301331897202e-09
6176.97,3.5727444293357515e-09
6176.98,3.8287709424763586e-09
6176.99,3.929953541149404e-09
6177.0,3.862436053335643e-09
6177.01,3.6468691808322904e-09
6177.02,3.324812090990013e-09
6177.03,2.9448179533659596e-09
6177.04,2.553385163950468e-09
6177.05,2.1846735943294415e-09
6177.06,1.858421302940261e-09
6177.07,1.5815058745474428e-09
6177.08,1.3518704736260211e-09
6177.09,1.1638926065334766e-09
6177.1,1.0106471630045888e-09
6177.11,8.855278864735627e-10
6177.12,7.82923301317529e-10
6177.13,6.982338753530671e-10
6177.14,6.27950040867933e-10
6177.15,5.694342044912638e-10
6177.16,5.206352478250189e-10
6177.17,4.798691238847024e-10
6177.18,4.466971369956936e-10
6177.19,4.197582272592978e-10
6177.2,3.981211916048008e-10
6177.21,3.8080196363037547e-10
6177.22,3.666580511792928e-10
6177.23,3.5443024742671097e-10
6177.24,3.434098771525395e-10
6177.25,3.3254771733947544e-10
6177.26,3.21213221244236e-10
6177.27,3.092605053165319e-10
6177.28,2.9720430959447516e-10
6177.29,2.860614627082988e-10
6177.3,2.769812786418467e-10
6177.31,2.7115749060673833e-10
6177.32,2.6788057284253976e-10
6177.33,2.6773333007997194e-10
6177.34,2.6965026068743663e-10
6177.35,2.7221742509286046e-10
6177.36,2.747591120945562e-10
6177.37,2.7679752533677904e-10
6177.38,2.784042800202023e-10
6177.39,2.7975449219071556e-10
6177.4,2.8105665527145317e-10
6177.41,2.828875306472213e-10
6177.42,2.862425314567641e-10
6177.43,2.9225645906501235e-10
6177.44,3.016208633709835e-10
6177.45,3.1425297753315645e-10
6177.46,3.287831349823414e-10
6177.47,3.4261267364785706e-10
6177.48,3.522920459373505e-10
6177.49,3.5487304645113505e-10
6177.5,3.49669766634045e-10
6177.51,3.3893821748957214e-10
6177.52,3.266921612306915e-10
6177.53,3.167897746317287e-10
6177.54,3.116623233619312e-10
6177.55,3.1188075872397546e-10
6177.56,3.1615644659859576e-10
6177.57,3.215319913008556e-10
6177.58,3.2440184624010404e-10
6177.59,3.2230078729924234e-10
6177.6,3.1459951775916246e-10
6177.61,3.0474948549150445e-10
6177.62,2.946927778590693e-10
6177.63,2.8629478528024964e-10
6177.64,2.806134795638699e-10
6177.65,2.7864837745592293e-10
6177.66,2.808538675940301e-10
6177.67,2.88401180891569e-10
6177.68,3.0208697288871734e-10
6177.69,3.2222222287293906e-10
6177.7,3.481893670365356e-10
6177.71,3.779523126490868e-10
6177.72,4.0787824770825207e-10
6177.73,4.336244030209578e-10
6177.74,4.5224752412733454e-10
6177.75,4.6411170026951833e-10
6177.76,4.726535643735488e-10
6177.77,4.817785471826836e-10
6177.78,4.932816748120686e-10
6177.79,5.047770523923316e-10
6177.8,5.107949925347588e-10
6177.81,5.057079286336435e-10
6177.82,4.871176746012807e-10
6177.83,4.583338172567771e-10
6177.84,4.2467391731561536e-10
6177.85,3.9126083398307796e-10
6177.86,3.6084701030153723e-10
6177.87,3.3385185157604874e-10
6177.88,3.093512853118971e-10
6177.89,2.861896844377033e-10
6177.9,2.639663443529755e-10
6177.91,2.4294833985453297e-10
6177.92,2.2387709040412286e-10
6177.93,2.0735472669088184e-10
6177.94,1.936388866996779e-10
6177.95,1.82616153612388e-10
6177.96,1.7395725371563057e-10
6177.97,1.671873766043199e-10
6177.98,1.6175111242756643e-10
6177.99,1.5708061677133903e-10
6178.0,1.527120048728465e-10
6178.01,1.484194517151178e-10
6178.02,1.4427643841713477e-10
6178.03,1.4057152542890122e-10
6178.04,1.3764692899559546e-10
6178.05,1.357719616556749e-10
6178.06,1.3511138930059144e-10
6178.07,1.3576447342355793e-10
6178.08,1.3780470841467291e-10
6178.09,1.4132001520680337e-10
6178.1,1.4643392226738436e-10
6178.11,1.5325015246412618e-10
6178.12,1.621619313807767e-10
6178.13,1.7345187729260446e-10
6178.14,1.8759024091373685e-10
6178.15,2.0513670584794748e-10
6178.16,2.2664720571176384e-10
6178.17,2.523255323375523e-10
6178.18,2.823737362785516e-10
6178.19,3.155826840622353e-10
6178.2,3.497117706033523e-10
6178.21,3.8150623417050415e-10
6178.22,4.076080661958475e-10
6178.23,4.2588938661254126e-10
6178.24,4.365170713502856e-10
6178.25,4.421743393937509e-10
6178.26,4.4719440460229085e-10
6178.27,4.5556587084882764e-10
6178.28,4.680929858344636e-10
6178.29,4.799897050953298e-10
6178.3,4.817798996044763e-10
6178.31,4.654433562580843e-10
6178.32,4.3132367886691773e-10
6178.33,3.8786686857795213e-10
6178.34,3.449854904755141e-10
6178.35,3.0876887938378786e-10
6178.36,2.811411542518449e-10
6178.37,2.616797789698917e-10
6178.38,2.4919706279081465e-10
6178.39,2.424947579058044e-10
6178.4,2.4059446134829443e-10
6178.41,2.427204983424981e-10
6178.42,2.481160668111787e-10
6178.43,2.5587059600479116e-10
6178.44,2.648773018526058e-10
6178.45,2.741213232113739e-10
6178.46,2.8317275597436534e-10
6178.47,2.925425439797815e-10
6178.48,3.035231671363071e-10
6178.49,3.177071213174795e-10
6178.5,3.3658461265133183e-10
6178.51,3.6137747009964977e-10
6178.52,3.9304143246056064e-10
6178.53,4.321771844903137e-10
6178.54,4.789774874577737e-10
6178.55,5.331980824734997e-10
6178.56,5.944694602185443e-10
6178.57,6.627674218936294e-10
6178.58,7.383350421618959e-10
6178.59,8.20392964427019e-10
6178.6,9.05072753726603e-10
6178.61,9.842073637906624e-10
6178.62,1.0462882563328348e-09
6178.63,1.0800977881300984e-09
6178.64,1.0796243539549951e-09
6178.65,1.047605491889912e-09
6178.66,9.949464500851424e-10
6178.67,9.361802282074394e-10
6178.68,8.84340903721954e-10
6178.69,8.484984714684128e-10
6178.7,8.340558269989168e-10
6178.71,8.443501342103664e-10
6178.72,8.822389903084653e-10
6178.73,9.510072602993089e-10
6178.74,1.0546145897455685e-09
6178.75,1.1962590635408824e-09
6178.76,1.3746863732735122e-09
6178.77,1.5794466823564027e-09
6178.78,1.7812795101684152e-09
6178.79,1.934260097778762e-09
6178.8,1.9937537710106026e-09
6178.81,1.9445994228973093e-09
6178.82,1.8120565472999995e-09
6178.83,1.6390717833423315e-09
6178.84,1.4615472290535998e-09
6178.85,1.2993242737962826e-09
6178.86,1.1605372056895083e-09
6178.87,1.046712139404855e-09
6178.88,9.56547508796709e-10
6178.89,8.860100997900337e-10
6178.9,8.316359763379769e-10
6178.91,7.921635459151902e-10
6178.92,7.690359254474204e-10
6178.93,7.654215233429132e-10
6178.94,7.848161484204163e-10
6178.95,8.293039827500355e-10
6178.96,8.968559563692098e-10
6178.97,9.768211570450552e-10
6178.98,1.0467285426511419e-09
6178.99,1.0783289475938946e-09
6179.0,1.0548937719247785e-09
6179.01,9.838422336440662e-10
6179.02,8.8892287436516e-10
6179.03,7.923304417989154e-10
6179.04,7.060800188672352e-10
6179.05,6.343369635541501e-10
6179.06,5.779764035093313e-10
6179.07,5.369846829187342e-10
6179.08,5.111366345098499e-10
6179.09,5.00322727721846e-10
6179.1,5.048872444621424e-10
6179.11,5.258909992411446e-10
6179.12,5.650835189630085e-10
6179.13,6.241696130448936e-10
6179.14,7.025903564778589e-10
6179.15,7.93519484781908e-10
6179.16,8.789795298022281e-10
6179.17,9.32718696370683e-10
6179.18,9.339695094035686e-10
6179.19,8.837645364934879e-10
6179.2,8.042332468123103e-10
6179.21,7.216531118714891e-10
6179.22,6.531257518437492e-10
6179.23,6.052693792518314e-10
6179.24,5.787880301613915e-10
6179.25,5.724943382361751e-10
6179.26,5.855120182420171e-10
6179.27,6.179759867442534e-10
6179.28,6.711840168515791e-10
6179.29,7.472912471928451e-10
6179.3,8.485000082740212e-10
6179.31,9.751799969156767e-10
6179.32,1.1224173099407401e-09
6179.33,1.2752931724414382e-09
6179.34,1.4062996948235212e-09
6179.35,1.4808426108647554e-09
6179.36,1.4747053243386432e-09
6179.37,1.3885436564905738e-09
6179.38,1.2484044526062448e-09
6179.39,1.0887822099482563e-09
6179.4,9.363536718479233e-10
6179.41,8.047888462358101e-10
6179.42,6.978148770020317e-10
6179.43,6.139303917574555e-10
6179.44,5.501478669029336e-10
6179.45,5.030879321614591e-10
6179.46,4.699916359450528e-10
6179.47,4.4881887805855647e-10
6179.48,4.382321529664676e-10
6179.49,4.3772727003050785e-10
6179.5,4.475592830864809e-10
6179.51,4.687890978962821e-10
6179.52,5.031664204728416e-10
6179.53,5.530811927429096e-10
6179.54,6.210388329631756e-10
6179.55,7.087955284920875e-10
6179.56,8.151080618638434e-10
6179.57,9.31420194105078e-10
6179.58,1.0374478742013256e-09
6179.59,1.1032524790179941e-09
6179.6,1.1041533975276858e-09
6179.61,1.039109991275432e-09
6179.62,9.319400913588383e-10
6179.63,8.136198504150828e-10
6179.64,7.057801282401728e-10
6179.65,6.165438739875159e-10
6179.66,5.485501030256407e-10
6179.67,4.988114745939971e-10
6179.68,4.648164490407631e-10
6179.69,4.445947249049819e-10
6179.7,4.368684858675353e-10
6179.71,4.4094157295232004e-10
6179.72,4.5655930630154013e-10
6179.73,4.836390690022812e-10
6179.74,5.21951393075233e-10
6179.75,5.701209665291697e-10
6179.76,6.248542119101952e-10
6179.77,6.803593748766187e-10
6179.78,7.288951997253355e-10
6179.79,7.631903887900021e-10
6179.8,7.797941613143247e-10
6179.81,7.807069453269797e-10
6179.82,7.723331310261838e-10
6179.83,7.623603371561918e-10
6179.84,7.577091779364078e-10
6179.85,7.630206369868728e-10
6179.86,7.795079939701711e-10
6179.87,8.043769089441197e-10
6179.88,8.31893422136496e-10
6179.89,8.565565728162685e-10
6179.9,8.765358359123857e-10
6179.91,8.931898860453321e-10
6179.92,9.075583271305885e-10
6179.93,9.12757489163974e-10
6179.94,8.94728984534471e-10
6179.95,8.430046454112112e-10
6179.96,7.604753011425345e-10
6179.97,6.618566410472753e-10
6179.98,5.633995051946364e-10
6179.99,4.75398165086474e-10
6180.0,4.01528331209678e-10
