nu_cm-1,alpha_cm-1_at_1ppm
6480.0,0.0029656372229604063
6480.01,0.0032042643677969666
6480.02,0.0034756010246593015
6480.03,0.0037857418741113675
6480.04,0.004142056039252041
6480.05,0.004553410137442518
6480.06,0.005030021177105489
6480.07,0.00558356040268511
6480.08,0.006226103956891318
6480.09,0.006968187588941395
6480.1,0.007815649387980543
6480.11,0.00876057745310708
6480.12,0.009775771648932683
6480.13,0.010807513781875184
6480.14,0.011777113573154705
6480.15,0.012599985690715543
6480.16,0.013217535734451127
6480.17,0.013624387947007176
6480.18,0.013867435696265617
6480.19,0.014018895263893093
6480.2,0.014141649513942473
6480.21,0.014268492931272563
6480.22,0.014400675674806065
6480.23,0.014519385396823237
6480.24,0.014601352294079911
6480.25,0.01463237543821925
6480.26,0.014618935634302086
6480.27,0.014566470256083085
6480.28,0.014503297468813387
6480.29,0.014452378585123719
6480.3,0.014420049048996368
6480.31,0.014407217439840565
6480.32,0.014401240718849942
6480.33,0.014383385742748873
6480.34,0.014332095820088441
6480.35,0.014226286398400317
6480.36,0.01404514560672332
6480.37,0.013770066731535493
6480.38,0.013388583363155898
6480.39,0.012899076355639881
6480.4,0.012313004564628765
6480.41,0.01165255449801325
6480.42,0.010944854332013053
6480.43,0.010216058875794503
6480.44,0.009489082377264858
6480.45,0.008783738606696267
6480.46,0.0081175569555766
6480.47,0.007505141779021564
6480.48,0.0069559522071351975
6480.49,0.006474769074639807
6480.5,0.006061689970885088
6480.51,0.005713948338811913
6480.52,0.005427445134098599
6480.53,0.005197834333893525
6480.54,0.005021140740172227
6480.55,0.00489402540923169
6480.56,0.004813805699835611
6480.57,0.004778324601692589
6480.58,0.004785607968229044
6480.59,0.004833308927642528
6480.6,0.004918334092051311
6480.61,0.005035538862801406
6480.62,0.005176975566277793
6480.63,0.005330972889278382
6480.64,0.005481856858211443
6480.65,0.005610834313253004
6480.66,0.005698440554010839
6480.67,0.005728320402042851
6480.68,0.005691703659255104
6480.69,0.005587949295258868
6480.7,0.005427319207414383
6480.71,0.0052262353355946424
6480.72,0.0050037217425558025
6480.73,0.004781127674951415
6480.74,0.004566320420413972
6480.75,0.00437325640192343
6480.76,0.004208846205975011
6480.77,0.004077243787904441
6480.78,0.0039806051069498005
6480.79,0.003920256593788377
6480.8,0.0038969191579419442
6480.81,0.003910987658722245
6480.82,0.003962353483632457
6480.83,0.00404984456159901
6480.84,0.004170404038301517
6480.85,0.0043186282952253924
6480.86,0.004487195557117405
6480.87,0.0046689344120497845
6480.88,0.004859355083821647
6480.89,0.005057629181222151
6480.9,0.005264991315118854
6480.91,0.005482095649260187
6480.92,0.005707798610209985
6480.93,0.0059401527516255
6480.94,0.00617803073889102
6480.95,0.006422494868662329
6480.96,0.006673355568836005
6480.97,0.006927729812191099
6480.98,0.007175886022487711
6480.99,0.007400278833580982
6481.0,0.007577367568827829
6481.01,0.007682263092913266
6481.02,0.007694833268485506
6481.03,0.007611082356160154
6481.04,0.007419760237157166
6481.05,0.007138931533060018
6481.06,0.006787747453425689
6481.07,0.006389908495843211
6481.08,0.0059708905139383255
6481.09,0.005554618131347893
6481.1,0.005160200897344709
6481.11,0.004801003405717731
6481.12,0.004481583741953002
6481.13,0.004204367133705252
6481.14,0.003968015093145891
6481.15,0.003769772813323225
6481.16,0.003606431043050766
6481.17,0.0034748792422969977
6481.18,0.003372995363144861
6481.19,0.003297367592278617
6481.2,0.0032469581322676837
6481.21,0.0032207215481274446
6481.22,0.0032182173359434673
6481.23,0.003239629662535996
6481.24,0.0032858023248143876
6481.25,0.0033582930166445243
6481.26,0.0034594470311414753
6481.27,0.003592484502831
6481.28,0.003761584022003926
6481.29,0.003971945126122724
6481.3,0.0042295931912892356
6481.31,0.004541220192634176
6481.32,0.004913202517832348
6481.33,0.0053499237206774426
6481.34,0.005850829620757429
6481.35,0.006406373204052096
6481.36,0.0069922098974633225
6481.37,0.007567578173531934
6481.38,0.00807714721927618
6481.39,0.008463350095180506
6481.4,0.008686026679405
6481.41,0.008740131205052869
6481.42,0.008658717684038053
6481.43,0.008497146090198358
6481.44,0.008308616478940224
6481.45,0.008126108413402984
6481.46,0.007958242175042726
6481.47,0.00779726119086839
6481.48,0.0076293288823982485
6481.49,0.007447994632900701
6481.5,0.007256171147160038
6481.51,0.007064472733614364
6481.52,0.0068867694094673195
6481.53,0.006730623547113519
6481.54,0.006602666727052386
6481.55,0.006504689226931576
6481.56,0.00643704245110011
6481.57,0.006400715064939514
6481.58,0.0063984796452814284
6481.59,0.00643497031294644
6481.6,0.006516668766589301
6481.61,0.006649353599921852
6481.62,0.006840336880003222
6481.63,0.007096462798328738
6481.64,0.007424561888290145
6481.65,0.007831328475019557
6481.66,0.00832325431122383
6481.67,0.008906246363115608
6481.68,0.009584366530865935
6481.69,0.010358547336035074
6481.7,0.011224613073733585
6481.71,0.012172524083954526
6481.72,0.013178885759983392
6481.73,0.014214553243487676
6481.74,0.01523848633062833
6481.75,0.016199761978171724
6481.76,0.017038918706216575
6481.77,0.017691377264470023
6481.78,0.018094935247410324
6481.79,0.01820186595805056
6481.8,0.017992376358754125
6481.81,0.017483101584660578
6481.82,0.016725472190323
6481.83,0.015794744852566885
6481.84,0.014770830989046742
6481.85,0.013728064122972016
6481.86,0.01272409330084724
6481.87,0.011797993560876158
6481.88,0.010971918898966482
6481.89,0.010254399384038137
6481.9,0.00964242032781118
6481.91,0.00912555754281668
6481.92,0.008687870523667497
6481.93,0.008312787247031262
6481.94,0.007988633314919264
6481.95,0.007712230045901668
6481.96,0.0074881985830182836
6481.97,0.0073246213006103195
6481.98,0.00722814865178757
6481.99,0.007200810110881091
6482.0,0.007238859525714115
6482.01,0.007333494821920254
6482.02,0.007483236509764009
6482.03,0.007660722912419613
6482.04,0.00787336751055798
6482.05,0.008124616433307088
6482.06,0.008417036497747783
6482.07,0.008743525756813827
6482.08,0.009080854778419304
6482.09,0.009388819978922856
6482.1,0.009616901181822278
6482.11,0.009717999363757647
6482.12,0.009664656445456438
6482.13,0.00945960961118045
6482.14,0.00913444746233631
6482.15,0.008737561402399882
6482.16,0.008318990998151244
6482.17,0.007919459732813447
6482.18,0.007566352222920466
6482.19,0.007274845383189162
6482.2,0.007051307746215635
6482.21,0.00689682701477699
6482.22,0.006809941001335282
6482.23,0.006788404900648081
6482.24,0.00683031935261094
6482.25,0.00693457652689097
6482.26,0.007101112802854164
6482.27,0.007330903019173309
6482.28,0.007625749372442151
6482.29,0.007988030730140505
6482.3,0.008419940126387951
6482.31,0.008922906678003707
6482.32,0.009496325935708521
6482.33,0.010136454304220811
6482.34,0.010835244745713846
6482.35,0.011579459067329835
6482.36,0.012351565795368377
6482.37,0.01313052689162609
6482.38,0.013895130619699284
6482.39,0.014628831279728577
6482.4,0.015324259887932483
6482.41,0.01598773465446758
6482.42,0.0166430161112466
6482.43,0.0173342822495373
6482.44,0.018126960639517315
6482.45,0.01910219793711219
6482.46,0.02033616282552906
6482.47,0.021851725508643612
6482.48,0.02353863370733497
6482.49,0.025087456876806077
6482.5,0.026064753701304365
6482.51,0.026180424083815487
6482.52,0.025535896330595515
6482.53,0.02455840993555165
6482.54,0.02370817316691803
6482.55,0.023277643236910173
6482.56,0.023393419810172837
6482.57,0.024072475919615907
6482.58,0.02532334573778716
6482.59,0.027154732820331776
6482.6,0.029589032404077485
6482.61,0.03265904137126111
6482.62,0.03639193350561647
6482.63,0.0407828311727819
6482.64,0.04575359543228613
6482.65,0.05109805024749321
6482.66,0.05643525187048594
6482.67,0.06118303349766565
6482.68,0.06465738212009986
6482.69,0.06624185172131097
6482.7,0.06561758226719279
6482.71,0.06289855054684272
6482.72,0.05857986962660601
6482.73,0.0533361139917246
6482.74,0.047801746218378356
6482.75,0.04244007320983634
6482.76,0.037518792577351044
6482.77,0.03315098920432773
6482.78,0.029353632895768356
6482.79,0.026095136777927186
6482.8,0.023323814354071187
6482.81,0.020982713296355062
6482.82,0.019015096120021086
6482.83,0.017367471888952872
6482.84,0.015990641129710548
6482.85,0.014839503043228288
6482.86,0.013872756304130693
6482.87,0.013053770674729386
6482.88,0.012353074184513608
6482.89,0.011750974360676965
6482.9,0.011237856805928934
6482.91,0.010811279472198489
6482.92,0.010471901559765762
6482.93,0.010220593865825226
6482.94,0.010059110654189728
6482.95,0.009984290956849374
6482.96,0.00999815157085267
6482.97,0.010102331794842698
6482.98,0.010300011522875047
6482.99,0.0105960282995297
6483.0,0.010996749253565398
6483.01,0.011509629042124658
6483.02,0.012142495509099538
6483.03,0.01290192803351291
6483.04,0.013791007358630493
6483.05,0.014805484672501057
6483.06,0.015930800114732312
6483.07,0.017135586206172178
6483.08,0.018369195681655605
6483.09,0.01956105877347571
6483.1,0.02062516549923193
6483.11,0.021469980624149187
6483.12,0.02201272944988087
6483.13,0.022195485704952337
6483.14,0.02199897657875802
6483.15,0.021449008115294987
6483.16,0.020611822879374665
6483.17,0.01957926954009542
6483.18,0.01844953906112119
6483.19,0.017312632686283816
6483.2,0.016232301704639313
6483.21,0.015255843691115628
6483.22,0.014408059118445561
6483.23,0.013697147139197745
6483.24,0.013118175502799359
6483.25,0.012656829880748935
6483.26,0.012290506913709375
6483.27,0.011990281373687375
6483.28,0.011723243686497652
6483.29,0.011456148946086618
6483.3,0.011160283998504335
6483.31,0.010816417204157273
6483.32,0.010418037830958475
6483.33,0.009971475398259192
6483.34,0.009492849692711889
6483.35,0.009003225822726123
6483.36,0.008523869813393165
6483.37,0.008072958510277234
6483.38,0.007664100891733791
6483.39,0.007306387065014924
6483.4,0.007005026243606047
6483.41,0.006760763838462016
6483.42,0.006572828654441604
6483.43,0.006436726889995483
6483.44,0.0063441390012213125
6483.45,0.006282380463190741
6483.46,0.0062323835258616955
6483.47,0.0061818975605592965
6483.48,0.006114597799553522
6483.49,0.006025402542818701
6483.5,0.005919721892272421
6483.51,0.005811073944770678
6483.52,0.0057161355062744145
6483.53,0.005650235292818883
6483.54,0.005625087326424096
6483.55,0.005648645624068392
6483.56,0.005726018033446971
6483.57,0.005860475286807991
6483.58,0.006054037196929252
6483.59,0.006307325543959175
6483.6,0.0066192994295358205
6483.61,0.006985170585507719
6483.62,0.007395653411726597
6483.63,0.00783371432125482
6483.64,0.008273483426832273
6483.65,0.008688028950780089
6483.66,0.00902134114481718
6483.67,0.009241004219462863
6483.68,0.009315908594695464
6483.69,0.00923168893549936
6483.7,0.008994259698870138
6483.71,0.008641321731662323
6483.72,0.00818078077392495
6483.73,0.007664819030752365
6483.74,0.007128467400361373
6483.75,0.006599440577543134
6483.76,0.006097052760307604
6483.77,0.005633087647087369
6483.78,0.005213428644245102
6483.79,0.004838985228661289
6483.8,0.004524184962659213
6483.81,0.004236484790550378
6483.82,0.003988308566594797
6483.83,0.0037755937976136273
6483.84,0.003595998465077163
6483.85,0.003447177132231895
6483.86,0.0033273629253047464
6483.87,0.00323534921200242
6483.88,0.0031876771628537868
6483.89,0.003149746464275701
6483.9,0.0031382812341544976
6483.91,0.0031520834341268664
6483.92,0.0031879154473470547
6483.93,0.003238935924116719
6483.94,0.0032934646960112533
6483.95,0.003335476933239161
6483.96,0.003348197659578326
6483.97,0.0033202578005976746
6483.98,0.0032509297806358854
6483.99,0.0031504909814868533
6484.0,0.0030353886001069055
6484.01,0.0029219830311876874
6484.02,0.002822482620635764
6484.03,0.002743995049433058
6484.04,0.002689136467943786
6484.05,0.0026578889257356077
6484.06,0.002646842901728664
6484.07,0.0026499847283364105
6484.08,0.002658670172507953
6484.09,0.0026631187125627075
6484.1,0.002655409578269066
6484.11,0.0026327770525772917
6484.12,0.0025986480162819314
6484.13,0.0025605859923105894
6484.14,0.002526845511860373
6484.15,0.0025038897423554506
6484.16,0.0024957189259571196
6484.17,0.0025044084725268675
6484.18,0.0025309839171038396
6484.19,0.00257615182083517
6484.2,0.0026407804540104574
6484.21,0.0027261865447757464
6484.22,0.0028343163770140796
6484.23,0.0029676061937413288
6484.24,0.003129917270833961
6484.25,0.0033252128721725912
6484.26,0.003558161171909604
6484.27,0.0038333205432388297
6484.28,0.004153938028938454
6484.29,0.0045200469338297945
6484.3,0.004926307474746033
6484.31,0.005361125433950158
6484.32,0.005809398342642549
6484.33,0.006259726210437193
6484.34,0.006712656052929693
6484.35,0.007182574184222601
6484.36,0.007689846411319016
6484.37,0.008246658294257149
6484.38,0.008843560704269855
6484.39,0.009441743751127465
6484.4,0.009974158268396023
6484.41,0.010358310146323223
6484.42,0.010520450520495998
6484.43,0.01042593576512888
6484.44,0.010082102843462955
6484.45,0.009551039436833497
6484.46,0.008914054026246496
6484.47,0.008249411106160705
6484.48,0.007616653443713355
6484.49,0.007055964336261259
6484.5,0.0065791451760878385
6484.51,0.006195317763918583
6484.52,0.005902901562457551
6484.53,0.005698041119701873
6484.54,0.005576092819595381
6484.55,0.005532805113710387
6484.56,0.0055642429556634655
6484.57,0.005666072971003642
6484.58,0.005829925598942748
6484.59,0.006045705529516711
6484.6,0.006299301550754027
6484.61,0.006572210572776109
6484.62,0.00685227471801036
6484.63,0.0071375445289523195
6484.64,0.007438306541562018
6484.65,0.007769352301053553
6484.66,0.008141711117057401
6484.67,0.008555321483855204
6484.68,0.008995419476420444
6484.69,0.009435404697731202
6484.7,0.009838396534835142
6484.71,0.010162421033416151
6484.72,0.010366643704070212
6484.73,0.010418323146249124
6484.74,0.010299562047568172
6484.75,0.010012760083028946
6484.76,0.009579010729581072
6484.77,0.009048264510765147
6484.78,0.008467934583371433
6484.79,0.007885297142157004
6484.8,0.007335934983196805
6484.81,0.006841592343985702
6484.82,0.006412769789262851
6484.83,0.006051801160997837
6484.84,0.005768016387443289
6484.85,0.005535610879503029
6484.86,0.005360956804603294
6484.87,0.005239553420085184
6484.88,0.005167288716279987
6484.89,0.0051403526174311626
6484.9,0.0051523869874276216
6484.91,0.005205628277203179
6484.92,0.005293500379462506
6484.93,0.005412146489946871
6484.94,0.005557812349122082
6484.95,0.005727501768443857
6484.96,0.005919943168923213
6484.97,0.006136612013746944
6484.98,0.0063813511312912855
6484.99,0.006664851041283563
6485.0,0.006998540042233761
6485.01,0.007394168475012719
6485.02,0.007867435357390144
6485.03,0.00843304095671483
6485.04,0.009101320177196174
6485.05,0.009888435401448861
6485.06,0.010795387283510528
6485.07,0.011815387796495484
6485.08,0.012924439749001516
6485.09,0.01407435937975297
6485.1,0.015187973600859852
6485.11,0.01616089671496022
6485.12,0.016877564505111322
6485.13,0.01723518787321984
6485.14,0.017186266578185654
6485.15,0.016713447224966423
6485.16,0.015896079973376904
6485.17,0.014840946989705485
6485.18,0.013663241481538932
6485.19,0.012462070066824173
6485.2,0.011308400905410729
6485.21,0.01024634381869757
6485.22,0.009299155815256971
6485.23,0.008463926381323744
6485.24,0.007740573404627714
6485.25,0.0071200493729793885
6485.26,0.006591934634849653
6485.27,0.0061456281840170926
6485.28,0.005772017092825826
6485.29,0.005461409498600182
6485.3,0.005207347820854738
6485.31,0.005002752287742421
6485.32,0.004846025967640628
6485.33,0.004732610631354189
6485.34,0.004660469362725161
6485.35,0.0046285938100720375
6485.36,0.004635875200401159
6485.37,0.004684921114853859
6485.38,0.004775714415244567
6485.39,0.004909032038994093
6485.4,0.005084500399904563
6485.41,0.005299262941867687
6485.42,0.005546505013992344
6485.43,0.005814587446909112
6485.44,0.006088006903295773
6485.45,0.006351082885407536
6485.46,0.0065934510902615545
6485.47,0.006815060666971079
6485.48,0.007024129266549514
6485.49,0.007234010338068459
6485.5,0.007453922159948045
6485.51,0.007683054846256735
6485.52,0.0079081582060213
6485.53,0.008105459300426573
6485.54,0.008246434659142873
6485.55,0.008306152808865423
6485.56,0.008271659252900982
6485.57,0.008146981507471918
6485.58,0.007952430519575617
6485.59,0.007718403819423178
6485.6,0.007477201056779222
6485.61,0.007256289885926041
6485.62,0.007074974366695518
6485.63,0.006944304937164889
6485.64,0.00686878980545414
6485.65,0.006847184046249698
6485.66,0.0068831647185448805
6485.67,0.006974326819719866
6485.68,0.007120843315127218
6485.69,0.007322001343560256
6485.7,0.007573763166738357
6485.71,0.007865879123285907
6485.72,0.008179696156986023
6485.73,0.008488146141986078
6485.74,0.008759382500616208
6485.75,0.008964364899932839
6485.76,0.009086213864294796
6485.77,0.009126931044940303
6485.78,0.009107794063437065
6485.79,0.009063217876207903
6485.8,0.00903187781107039
6485.81,0.009049427554040613
6485.82,0.00914542173910918
6485.83,0.009341695703211547
6485.84,0.009656605310635787
6485.85,0.010105722915715471
6485.86,0.010704062816701386
6485.87,0.011466892353056025
6485.88,0.012409312049035915
6485.89,0.013544740754729643
6485.9,0.01488001734043762
6485.91,0.01640843210869143
6485.92,0.018099031063516402
6485.93,0.01988376600209644
6485.94,0.021646397804208233
6485.95,0.02322428690282133
6485.96,0.02442108468138431
6485.97,0.02505627851754119
6485.98,0.02502364479083416
6485.99,0.024317409418715897
6486.0,0.023043489516393303
6486.01,0.02137808911106042
6486.02,0.019513380353433203
6486.03,0.017613636707367347
6486.04,0.01579475117317713
6486.05,0.014124213597883618
6486.06,0.012631352348084839
6486.07,0.011321475853773582
6486.08,0.010183117230831953
6486.09,0.00920019420818669
6486.1,0.008354058162619353
6486.11,0.007626194668636411
6486.12,0.006999688351925097
6486.13,0.006459681898883574
6486.14,0.005992323051351048
6486.15,0.005589037230048608
6486.16,0.005239666027312202
6486.17,0.004936654346697493
6486.18,0.004673713183629115
6486.19,0.004445616946514923
6486.2,0.004248030258777277
6486.21,0.0040773633338027256
6486.22,0.003946475877468385
6486.23,0.0038213699067097423
6486.24,0.00371639780980308
6486.25,0.003628798338781017
6486.26,0.003557915719572983
6486.27,0.0035028195850860724
6486.28,0.0034628668324463347
6486.29,0.0034376878415576097
6486.3,0.00340187106435806
6486.31,0.0034063527700139017
6486.32,0.0034261449324683967
6486.33,0.003462027109465509
6486.34,0.0035175449222949696
6486.35,0.003589416848297239
6486.36,0.003682040276162063
6486.37,0.003797941343332998
6486.38,0.003934138695519321
6486.39,0.004106648441848324
6486.4,0.004313757614860701
6486.41,0.004560348562449483
6486.42,0.004851449703057713
6486.43,0.005191304353977328
6486.44,0.0055817956394964155
6486.45,0.006019921398212106
6486.46,0.006494517169559337
6486.47,0.006983360070574802
6486.48,0.007453379215466937
6486.49,0.007865521271239259
6486.5,0.008188444487780623
6486.51,0.008411451763400525
6486.52,0.008551760902203226
6486.53,0.008649698486319806
6486.54,0.008755600179569459
6486.55,0.008916811004325623
6486.56,0.009179242883742434
6486.57,0.009549996386975177
6486.58,0.010054897621105608
6486.59,0.010699658346033989
6486.6,0.011487858046705421
6486.61,0.012387834541385938
6486.62,0.013370739123749854
6486.63,0.014375740426002556
6486.64,0.015315474004376835
6486.65,0.016083001764894498
6486.66,0.016570760877877937
6486.67,0.016698306689149203
6486.68,0.016437605952470027
6486.69,0.015822329957192065
6486.7,0.014935594713673799
6486.71,0.013883349191001964
6486.72,0.012767258684031372
6486.73,0.01166738287553058
6486.74,0.010636770002900734
6486.75,0.009704344549306302
6486.76,0.008881261782044281
6486.77,0.00816747310088281
6486.78,0.007556325429172633
6486.79,0.007038904030423945
6486.8,0.006605397678431274
6486.81,0.006246500740168375
6486.82,0.005953976494243235
6486.83,0.005720867889623706
6486.84,0.005541510710620415
6486.85,0.005411437006412031
6486.86,0.005329640180564925
6486.87,0.005288649772658864
6486.88,0.0052888292425372395
6486.89,0.005328380625895489
6486.9,0.005405476971969694
6486.91,0.005518070519103135
6486.92,0.005663522352390395
6486.93,0.005840584689889576
6486.94,0.006047682828476869
6486.95,0.006284980209896585
6486.96,0.006553971965407648
6486.97,0.00685666455956078
6486.98,0.007193420904968732
6486.99,0.007560488267236975
6487.0,0.007947241285780143
6487.01,0.008333758860012709
6487.02,0.008691141554331767
6487.03,0.008977069504355773
6487.04,0.009151552388639838
6487.05,0.009182081111967822
6487.06,0.009057129830936435
6487.07,0.00879182396048963
6487.08,0.008423480287534929
6487.09,0.007999563346824242
6487.1,0.007564990328777259
6487.11,0.007154126685430171
6487.12,0.006786772292927086
6487.13,0.006477882679074097
6487.14,0.0062304511237168654
6487.15,0.006043519094101252
6487.16,0.005914661979171087
6487.17,0.005840732517445112
6487.18,0.0058185122169605655
6487.19,0.005844718876575759
6487.2,0.00591436129013011
6487.21,0.006025221414887719
6487.22,0.006169237519996683
6487.23,0.006337208081697302
6487.24,0.006517979525538195
6487.25,0.006700472841632768
6487.26,0.006877015592520271
6487.27,0.0070458696534067
6487.28,0.0072153411176384945
6487.29,0.0073979414525023116
6487.3,0.007609847261935617
6487.31,0.007866679929785677
6487.32,0.008181160439956585
6487.33,0.008561905333538549
6487.34,0.009012740557966652
6487.35,0.0095320604958873
6487.36,0.010112391651865454
6487.37,0.010740623537046901
6487.38,0.011402274264086494
6487.39,0.01207726986957637
6487.4,0.012750529489898728
6487.41,0.013404859821787317
6487.42,0.01401937383564877
6487.43,0.014568927903629575
6487.44,0.015027749968344719
6487.45,0.015377287064257715
6487.46,0.015614207784014678
6487.47,0.015753589695335763
6487.48,0.01582361060579268
6487.49,0.01585126942322482
6487.5,0.015842716853994826
6487.51,0.015772428422009124
6487.52,0.015587252968988503
6487.53,0.015243263359764411
6487.54,0.01474499584116735
6487.55,0.014153389511899699
6487.56,0.013557312440820254
6487.57,0.013033908761155495
6487.58,0.012630085782829
6487.59,0.012364985000272723
6487.6,0.012240725398565981
6487.61,0.0122517591005154
6487.62,0.01239015723545449
6487.63,0.012647748121082724
6487.64,0.013016949404465454
6487.65,0.013492009516699164
6487.66,0.014071849222803186
6487.67,0.014762976124203825
6487.68,0.015581382261724404
6487.69,0.016544986684964427
6487.7,0.017695794083400343
6487.71,0.01905943715975172
6487.72,0.02066865746792692
6487.73,0.02255572684812496
6487.74,0.024750061968599378
6487.75,0.027275724272705828
6487.76,0.030145675484566398
6487.77,0.03335370198849369
6487.78,0.03685923371121889
6487.79,0.040563578110043644
6487.8,0.04428706064985722
6487.81,0.04775697156012949
6487.82,0.0506364122971067
6487.83,0.05259543951974792
6487.84,0.05340952685567886
6487.85,0.05304059076115849
6487.86,0.051655249306718075
6487.87,0.04956928911003895
6487.88,0.04715166589741312
6487.89,0.04473771059980062
6487.9,0.042581866918900764
6487.91,0.04085020277066896
6487.92,0.03963601162990462
6487.93,0.03898419616556874
6487.94,0.03890781769613973
6487.95,0.039399583833766974
6487.96,0.04043894783497783
6487.97,0.041983071457946254
6487.98,0.04395867855514218
6487.99,0.04624786427789081
6488.0,0.048676745167435545
6488.01,0.051015912199907816
6488.02,0.05300303897171658
6488.03,0.054391650250345695
6488.04,0.05501498285000664
6488.05,0.05483832349120863
6488.06,0.05397222840488509
6488.07,0.05263862415014225
6488.08,0.05110790651150597
6488.09,0.04963659305440788
6488.1,0.048426042917596133
6488.11,0.04760439159922288
6488.12,0.04722937990656366
6488.13,0.04728588860139447
6488.14,0.04769829680713428
6488.15,0.04833162560708626
6488.16,0.04899955473940937
6488.17,0.049480412186053944
6488.18,0.04956131607413375
6488.19,0.04908068488851644
6488.2,0.047968968942842055
6488.21,0.04626371628374897
6488.22,0.04409450166516174
6488.23,0.04164152257536002
6488.24,0.039089817368716175
6488.25,0.03659435881841072
6488.26,0.034263399871420505
6488.27,0.03215902485301401
6488.28,0.030309855347742866
6488.29,0.028724252517343715
6488.3,0.02740783264119638
6488.31,0.026363798348213906
6488.32,0.02559137631367861
6488.33,0.025081416075159704
6488.34,0.024814465709130748
6488.35,0.02476295208354536
6488.36,0.024896513926537144
6488.37,0.025185913850732912
6488.38,0.025604661231395764
6488.39,0.026117481080783468
6488.4,0.02667266314649728
6488.41,0.0271967546078154
6488.42,0.027598954597658286
6488.43,0.027784964072154583
6488.44,0.027676565593371283
6488.45,0.027230491014105927
6488.46,0.026449194873148642
6488.47,0.025379022482557027
6488.48,0.024096953266414287
6488.49,0.02269221378345159
6488.5,0.0212487569480134
6488.51,0.019835540290019868
6488.52,0.01850196849169406
6488.53,0.017279637101939666
6488.54,0.016183934340448358
6488.55,0.015221366146452829
6488.56,0.014390586949845723
6488.57,0.013685228453891094
6488.58,0.01309388272042841
6488.59,0.012603725171832938
6488.6,0.012195363712445508
6488.61,0.011848592711963295
6488.62,0.01154679909940195
6488.63,0.011280281873011921
6488.64,0.011051913980883019
6488.65,0.010872284496849936
6488.66,0.010754803966517538
6488.67,0.010711389039523568
6488.68,0.010751001006300482
6488.69,0.010880243844051223
6488.7,0.011104535718844448
6488.71,0.011428900692052532
6488.72,0.011869336541884472
6488.73,0.012406752736087802
6488.74,0.013053329253907535
6488.75,0.013804734716003297
6488.76,0.014648368419872163
6488.77,0.015561121035249433
6488.78,0.016504414507516194
6488.79,0.017430537220999614
6488.8,0.018283717887339478
6488.81,0.019008842414521516
6488.82,0.019558633688411927
6488.83,0.019897765404385065
6488.84,0.0200038356853408
6488.85,0.01986609710111081
6488.86,0.019488254212858547
6488.87,0.01888987645926116
6488.88,0.01812771455226251
6488.89,0.01721490770987821
6488.9,0.016231591740445032
6488.91,0.01523746301388552
6488.92,0.014282400684829772
6488.93,0.013400390437211633
6488.94,0.012608420022511497
6488.95,0.011906626692479345
6488.96,0.011283012931236146
6488.97,0.010718351919735785
6488.98,0.01019794339500902
6488.99,0.009715175038748169
6489.0,0.009272096034730256
6489.01,0.008874640095799883
6489.02,0.008526378346388348
6489.03,0.008227220649299481
6489.04,0.007973084327389841
6489.05,0.007758106637159852
6489.06,0.007576735289116468
6489.07,0.007425127173600086
6489.08,0.00730162379514273
6489.09,0.007206452608343412
6489.1,0.007141097650659806
6489.11,0.0071068784900088925
6489.12,0.007107462793569932
6489.13,0.007144451177170592
6489.14,0.007220357373070515
6489.15,0.0073380968835362595
6489.16,0.007501162418213356
6489.17,0.007713690862230984
6489.18,0.007980448074595654
6489.19,0.008306240071182785
6489.2,0.008692577185364099
6489.21,0.009144229348148281
6489.22,0.009652751285105112
6489.23,0.010201432516000346
6489.24,0.010761155152999798
6489.25,0.011294141661953413
6489.26,0.01176578740120389
6489.27,0.012154546013639706
6489.28,0.01248712597871025
6489.29,0.012797509607753015
6489.3,0.013137660687441512
6489.31,0.013556464771093053
6489.32,0.01409196745297291
6489.33,0.014770693261328401
6489.34,0.01560945099392283
6489.35,0.016620744396607292
6489.36,0.017809197662440174
6489.37,0.019174335617713575
6489.38,0.020709369778124244
6489.39,0.02239978859434988
6489.4,0.0242242860697828
6489.41,0.026143900749509848
6489.42,0.02809549916511502
6489.43,0.029984105219599898
6489.44,0.03168492030325351
6489.45,0.033058744552620305
6489.46,0.03397969650932825
6489.47,0.03436731767222486
6489.48,0.03421038562156661
6489.49,0.03357150984864197
6489.5,0.03257047329533231
6489.51,0.031354553356502717
6489.52,0.030068455113216073
6489.53,0.028833601330065385
6489.54,0.027738714214394534
6489.55,0.026840246140129892
6489.56,0.02616825154312784
6489.57,0.025731601253632164
6489.58,0.02552878135303358
6489.59,0.025551713186176366
6489.6,0.02579167900297135
6489.61,0.0262427921418284
6489.62,0.026902507766024313
6489.63,0.027776256653292825
6489.64,0.028869428797921082
6489.65,0.030185379703095726
6489.66,0.03171604551453966
6489.67,0.03343176484534105
6489.68,0.03527574211492316
6489.69,0.03716626913810599
6489.7,0.03901134734229081
6489.71,0.04071880962127121
6489.72,0.042207032038311894
6489.73,0.04340220599222437
6489.74,0.04422964827573475
6489.75,0.044609378900652814
6489.76,0.044465346149590516
6489.77,0.04374757200125319
6489.78,0.04245662793661494
6489.79,0.04065540562631095
6489.8,0.03846071137407222
6489.81,0.036017389187108576
6489.82,0.03347099935397135
6489.83,0.030942862867163724
6489.84,0.028527199454761894
6489.85,0.026280342221704223
6489.86,0.02423551648955618
6489.87,0.022407254915696458
6489.88,0.020787888324359516
6489.89,0.019372934150320497
6489.9,0.0181497033591169
6489.91,0.017103805644121662
6489.92,0.016221122824819564
6489.93,0.015487706624855055
6489.94,0.014892200622931898
6489.95,0.014425011936407939
6489.96,0.014069418761814861
6489.97,0.013839252393174623
6489.98,0.0137225221298306
6489.99,0.013718936261392915
6490.0,0.01383080620758505
6490.01,0.01406466736348197
6490.02,0.014428153924638254
6490.03,0.01493290689262717
6490.04,0.015595054988240976
6490.05,0.016431924013884745
6490.06,0.017467475491289138
6490.07,0.018728460546729296
6490.08,0.02024419743556385
6490.09,0.02204190654136391
6490.1,0.024149222855694
6490.11,0.026574529110016946
6490.12,0.029298797662843674
6490.13,0.03225602081592632
6490.14,0.035310732820857844
6490.15,0.038244041139886976
6490.16,0.04076210745809588
6490.17,0.04254207649641633
6490.18,0.04331404390302375
6490.19,0.042949367065373716
6490.2,0.04150830789953049
6490.21,0.03921754293604519
6490.22,0.03639174836480422
6490.23,0.033351046813997906
6490.24,0.030331070390202636
6490.25,0.02750392735514826
6490.26,0.024957278072105803
6490.27,0.022721813177595623
6490.28,0.0207928163008497
6490.29,0.019147675195236916
6490.3,0.01775775122873875
6490.31,0.01659465885611743
6490.32,0.015639063254185973
6490.33,0.014879204438494772
6490.34,0.014285842881790871
6490.35,0.013853436718805462
6490.36,0.013568088406240077
6490.37,0.013412974755424098
6490.38,0.01336695573242028
6490.39,0.013404567463321396
6490.4,0.013498399201670733
6490.41,0.013623489451432047
6490.42,0.013761668988440461
6490.43,0.013902341412512174
6490.44,0.014037235566810528
6490.45,0.014150928607092246
6490.46,0.014213479361807321
6490.47,0.014182903157885233
6490.48,0.01401832887301449
6490.49,0.013701607071905953
6490.5,0.013248194690155243
6490.51,0.012703247653657598
6490.52,0.012123498819230324
6490.53,0.01155781774223674
6490.54,0.01104015230780047
6490.55,0.010568482435293567
6490.56,0.010137496013587892
6490.57,0.00972760016124288
6490.58,0.009318010699164892
6490.59,0.008893878406343913
6490.6,0.008450415904502353
6490.61,0.007992849453470235
6490.62,0.007533077369792515
6490.63,0.007085037814374084
6490.64,0.006660884465208667
6490.65,0.006269024165941586
6490.66,0.005913805059774693
6490.67,0.005596325984081421
6490.68,0.005315458780982632
6490.69,0.005068669285981498
6490.7,0.004852990793336089
6490.71,0.004665277257636695
6490.72,0.004502534055675791
6490.73,0.00436256494315359
6490.74,0.004241978868759088
6490.75,0.004139263003224387
6490.76,0.004052723944827262
6490.77,0.00398097083052108
6490.78,0.003922885773108895
6490.79,0.0038775952600957624
6490.8,0.003838639059433715
6490.81,0.0038171925846676516
6490.82,0.003807130117150768
6490.83,0.003808098133573985
6490.84,0.0038204607813429885
6490.85,0.0038455660023856714
6490.86,0.003880357380029509
6490.87,0.003926801400043563
6490.88,0.0039834111597106345
6490.89,0.004049977431553082
6490.9,0.004125032255632368
6490.91,0.004206307648913974
6490.92,0.004290661198502769
6490.93,0.004372185872403159
6490.94,0.0044507522025566465
6490.95,0.004522230652797239
6490.96,0.004582894223999335
6490.97,0.004633701627609829
6490.98,0.0046765098862821776
6490.99,0.004715857625905534
6491.0,0.00475674680328332
6491.01,0.004805359021061892
6491.02,0.004862178810750203
6491.03,0.00493236685676163
6491.04,0.00501852191853624
6491.05,0.005122589504432365
6491.06,0.005247378016384022
6491.07,0.005392124478092499
6491.08,0.005559489532296453
6491.09,0.005755269794120552
6491.1,0.00597574600931311
6491.11,0.006222424074640363
6491.12,0.006504178740277373
6491.13,0.006819410302302779
6491.14,0.007170312103735192
6491.15,0.0075647439026553034
6491.16,0.008007136033730843
6491.17,0.00850289363653021
6491.18,0.009057777544282835
6491.19,0.009677400340550172
6491.2,0.010367735244616146
6491.21,0.01113058457218587
6491.22,0.01196888737111501
6491.23,0.01288277087632998
6491.24,0.013871391773713984
6491.25,0.014935871137932499
6491.26,0.016078584902505726
6491.27,0.01730710520022282
6491.28,0.018634258750493973
6491.29,0.0200746823183419
6491.3,0.021642290082644875
6491.31,0.02335084889410898
6491.32,0.025212609747202033
6491.33,0.02723280988121861
6491.34,0.029404913518095706
6491.35,0.03169903799468135
6491.36,0.034058953490415066
6491.37,0.03640026811217735
6491.38,0.038615018852451895
6491.39,0.040578036668584595
6491.4,0.04216620182748809
6491.41,0.04327590066498585
6491.42,0.04384199609800641
6491.43,0.04384531881284579
6491.44,0.04331856916906074
6491.45,0.042327323146666526
6491.46,0.04098517044200645
6491.47,0.03942419507402932
6491.48,0.037784481107281866
6491.49,0.036199198444703595
6491.5,0.03478166606834584
6491.51,0.03362467085373125
6491.52,0.032800849087671044
6491.53,0.032368655972660525
6491.54,0.032387166156060854
6491.55,0.032915303847372054
6491.56,0.03403098347788336
6491.57,0.03582143072048615
6491.58,0.03837339504076734
6491.59,0.04173487600941284
6491.6,0.045844704795902476
6491.61,0.05041888354899452
6491.62,0.054835497546461796
6491.63,0.058141437766857144
6491.64,0.05932998753755889
6491.65,0.05783863884030381
6491.66,0.05389625427133893
6491.67,0.048381389020544625
6491.68,0.04233124784180536
6491.69,0.03652933824611688
6491.7,0.03138633188424461
6491.71,0.0270243623407832
6491.72,0.02340676314646497
6491.73,0.020433460285944546
6491.74,0.017992815640546694
6491.75,0.015983415324801624
6491.76,0.014320786098539732
6491.77,0.012936941025079743
6491.78,0.011780047940427193
6491.79,0.01080821202279881
6491.8,0.009990665074076307
6491.81,0.009303043602410011
6491.82,0.00871019319897614
6491.83,0.008232685195821517
6491.84,0.007843562141334673
6491.85,0.007535451933508749
6491.86,0.007302126156414661
6491.87,0.007136492613056181
6491.88,0.00703306679140597
6491.89,0.006963736688208672
6491.9,0.006907881525879773
6491.91,0.006834416366761828
6491.92,0.006716229354919941
6491.93,0.006541340351167894
6491.94,0.0063175752093342415
6491.95,0.0060661846404037306
6491.96,0.005809329895000988
6491.97,0.005560613687651614
6491.98,0.005323720219194604
6491.99,0.005097422103781662
6492.0,0.004881777149873642
6492.01,0.004680762537474165
6492.02,0.004500360538391241
6492.03,0.004344621450544926
6492.04,0.004212653169337917
6492.05,0.004098058767401693
6492.06,0.003990784028694627
6492.07,0.0038813470775160243
6492.08,0.0037694715489872263
6492.09,0.0036488456588504884
6492.1,0.0035306241491272566
6492.11,0.003422096759369937
6492.12,0.003327226387990156
6492.13,0.0032448673215315933
6492.14,0.0031691090956483723
6492.15,0.0030910834375243515
6492.16,0.003004155340955832
6492.17,0.002904971280670601
6492.18,0.0027960581376495794
6492.19,0.002683480007692828
6492.2,0.0025737200202400378
6492.21,0.0024714591882628763
6492.22,0.002379057124169749
6492.23,0.0022970456415135365
6492.24,0.0022248854855920932
6492.25,0.0021615659659040133
6492.26,0.002105965253135228
6492.27,0.0020570273874514254
6492.28,0.002009904073436025
6492.29,0.0019716899378207173
6492.3,0.0019228984414679591
6492.31,0.0018928847160745103
6492.32,0.0018662491410460366
6492.33,0.0018426452215219865
6492.34,0.0018217904768381078
6492.35,0.0018034543020631183
6492.36,0.0017878930701578763
6492.37,0.0017740662420152931
6492.38,0.001762290788118761
6492.39,0.0017524656273093123
6492.4,0.0017445100455879192
6492.41,0.001738360861793126
6492.42,0.0017339702301948198
6492.43,0.0017306955940543792
6492.44,0.001729735215453368
6492.45,0.0017304669312873892
6492.46,0.0017328911142029577
6492.47,0.0017370184968872676
6492.48,0.0017428699746425142
6492.49,0.0017504766051447901
6492.5,0.0017598797952451627
6492.51,0.0017711316719024718
6492.52,0.0017842956409941076
6492.53,0.0017994471442662754
6492.54,0.001816674631360648
6492.55,0.001836080770967834
6492.56,0.001857537483542002
6492.57,0.0018816750796860268
6492.58,0.0019152310537470523
6492.59,0.0019447570696318696
6492.6,0.0019759729161932995
6492.61,0.00203573068665881
6492.62,0.0020750034491144346
6492.63,0.0021180480221358587
6492.64,0.002165213388830969
6492.65,0.002216900699754041
6492.66,0.0022735718731656837
6492.67,0.002335759565492695
6492.68,0.002404078508960258
6492.69,0.002479237995926806
6492.7,0.0025485049249965
6492.71,0.002639975574765045
6492.72,0.0027411044467393043
6492.73,0.002853084496676503
6492.74,0.0029772200835004726
6492.75,0.00311487964411099
6492.76,0.0032737458794722513
6492.77,0.003442257143623384
6492.78,0.0036273676135399092
6492.79,0.0038303922576588467
6492.8,0.0040464289514785265
6492.81,0.004273210243215116
6492.82,0.004507420400695072
6492.83,0.004737544719909546
6492.84,0.004957882204368087
6492.85,0.0051627466775065
6492.86,0.005350644026987223
6492.87,0.005525472348397411
6492.88,0.0056964748497670475
6492.89,0.005874654005610496
6492.9,0.006073149952331977
6492.91,0.0063038862269810154
6492.92,0.006577346289380118
6492.93,0.006902735625023374
6492.94,0.0072885930954583915
6492.95,0.007743556914790116
6492.96,0.008276978650826895
6492.97,0.008899671733459808
6492.98,0.009624269157590916
6492.99,0.010465582759484131
6493.0,0.011440712497945853
6493.01,0.012568802253289834
6493.02,0.013870245673874421
6493.03,0.01536517995844703
6493.04,0.017072869515336875
6493.05,0.019002776485203543
6493.06,0.021163134259707447
6493.07,0.02355000470080875
6493.08,0.02614328504918831
6493.09,0.028893797367886553
6493.1,0.031706315393315754
6493.11,0.034425441403794804
6493.12,0.03683433913588557
6493.13,0.03867549492745023
6493.14,0.0396990448206498
6493.15,0.03973208940336147
6493.16,0.03874340639527641
6493.17,0.036865408335683754
6493.18,0.03435320243810094
6493.19,0.03150258401586902
6493.2,0.028573785622639142
6493.21,0.025754927087208987
6493.22,0.023147621830020313
6493.23,0.020800458169603554
6493.24,0.01871571346499319
6493.25,0.016874704462413723
6493.26,0.015249546699497912
6493.27,0.01380398837018089
6493.28,0.012537891243069322
6493.29,0.011425220619014832
6493.3,0.010451748484670446
6493.31,0.009603006841833787
6493.32,0.0088639238752402
6493.33,0.008219409192873851
6493.34,0.007655065433297647
6493.35,0.007156938090645272
6493.36,0.00671516700054766
6493.37,0.0063193861710761
6493.38,0.005962104699133318
6493.39,0.005637833700523713
6493.4,0.005342749130622531
6493.41,0.005074266193650591
6493.42,0.004830562637313826
6493.43,0.004610200154648402
6493.44,0.0044118888503080315
6493.45,0.004234395735090175
6493.46,0.004076486168739603
6493.47,0.00393703679104292
6493.48,0.003815031703423973
6493.49,0.003730550932613089
6493.5,0.003641232525491353
6493.51,0.003567519118842787
6493.52,0.003509287578119413
6493.53,0.003473462703313383
6493.54,0.0034469093552551414
6493.55,0.0034367659916828275
6493.56,0.0034429091901378773
6493.57,0.0034649371393778343
6493.58,0.0034998365845632902
6493.59,0.0035422138102392726
6493.6,0.0035820696867062615
6493.61,0.0036086964071485156
6493.62,0.003612807214339816
6493.63,0.003591216818651311
6493.64,0.003548487559181382
6493.65,0.003494537688863859
6493.66,0.0034464463809137785
6493.67,0.0034002475580594146
6493.68,0.0033671423756882002
6493.69,0.0033493180947974325
6493.7,0.0033472365245922155
6493.71,0.0033645241436107707
6493.72,0.0033926993544576038
6493.73,0.0034352354695808955
6493.74,0.0034918751523617393
6493.75,0.0035626618843620102
6493.76,0.003647915933133572
6493.77,0.003748268938892966
6493.78,0.003864665053631515
6493.79,0.003998377168556399
6493.8,0.004151034578854489
6493.81,0.004324664288443032
6493.82,0.004521748067234199
6493.83,0.004745297760646022
6493.84,0.004998951956788596
6493.85,0.005287097761255788
6493.86,0.0056150218896762905
6493.87,0.005989095178640284
6493.88,0.00641699318256591
6493.89,0.00690795922902462
6493.9,0.00747305077779022
6493.91,0.008125455487339329
6493.92,0.008880652200186884
6493.93,0.009756387761950645
6493.94,0.010772123335915604
6493.95,0.01194762722435864
6493.96,0.013300130072106196
6493.97,0.014839139654503985
6493.98,0.01655905666634638
6493.99,0.018430260948652803
6494.0,0.020391020405867856
6494.01,0.02234387546542481
6494.02,0.024161439492951596
6494.03,0.0257072076862982
6494.04,0.026872437592828764
6494.05,0.027617400383762845
6494.06,0.027992843301368742
6494.07,0.02812385820185318
6494.08,0.028161816217963296
6494.09,0.028228124824271773
6494.1,0.028372483162379173
6494.11,0.028556264889713037
6494.12,0.028652685174203336
6494.13,0.028525990237615494
6494.14,0.028033178189179022
6494.15,0.02710850868737528
6494.16,0.025772511076211733
6494.17,0.024175916588358916
6494.18,0.0224635013081597
6494.19,0.020774147785171535
6494.2,0.019221620928535504
6494.21,0.01787164749759756
6494.22,0.016752907681409128
6494.23,0.01586281173503037
6494.24,0.015198960068442853
6494.25,0.014735230662967728
6494.26,0.014456915916596104
6494.27,0.014332135920241304
6494.28,0.014359150201459425
6494.29,0.014538812952442763
6494.3,0.014877561928950338
6494.31,0.015385327293806175
6494.32,0.016025876883650963
6494.33,0.01675051632783946
6494.34,0.0174545887548726
6494.35,0.01799432695530732
6494.36,0.01822044822625479
6494.37,0.018029731728448056
6494.38,0.01740922372653822
6494.39,0.016444293876439916
6494.4,0.015282464569931249
6494.41,0.014078310488073932
6494.42,0.012940549454512288
6494.43,0.011945931272762863
6494.44,0.01115367948491663
6494.45,0.010548448774048877
6494.46,0.01011882830548201
6494.47,0.009843043912207514
6494.48,0.009691274226623785
6494.49,0.009627839129389627
6494.5,0.00961104771684638
6494.51,0.009596159687399096
6494.52,0.009545415519772995
6494.53,0.009426715108230671
6494.54,0.009223521778111735
6494.55,0.008938161908074657
6494.56,0.008590872575745208
6494.57,0.008222223502609368
6494.58,0.00785503977041788
6494.59,0.007528352083433356
6494.6,0.007263632967598397
6494.61,0.007072941324277777
6494.62,0.006969760284214363
6494.63,0.00693887546925217
6494.64,0.006988931271919941
6494.65,0.007120652213881756
6494.66,0.007335802475637085
6494.67,0.007637277219213109
6494.68,0.00802868285840732
6494.69,0.00851301103491317
6494.7,0.0090915434430075
6494.71,0.009760182040001949
6494.72,0.010506012233455243
6494.73,0.011303095421568484
6494.74,0.012106074822559265
6494.75,0.012852326374456874
6494.76,0.013464734239230933
6494.77,0.0138654115918993
6494.78,0.013994905015956715
6494.79,0.013830115134370043
6494.8,0.01339187783617728
6494.81,0.012737919878408555
6494.82,0.011945168950956635
6494.83,0.011090409408651284
6494.84,0.010236774403511185
6494.85,0.009427364248849036
6494.86,0.00869040894591181
6494.87,0.008037031400554034
6494.88,0.007470182894637489
6494.89,0.006986998182760995
6494.9,0.006582467988233138
6494.91,0.006250546082973438
6494.92,0.005985439999751816
6494.93,0.005782184393517664
6494.94,0.005636893579159246
6494.95,0.00554679185490603
6494.96,0.005510073697292954
6494.97,0.005525565019550926
6494.98,0.00559208578963927
6494.99,0.005707415466204612
6495.0,0.005866909089077822
6495.01,0.0060615942396683165
6495.02,0.006276587114374539
6495.03,0.006490620540139166
6495.04,0.006677902719160172
6495.05,0.006812611234829123
6495.06,0.006874642955692844
6495.07,0.006854080976975357
6495.08,0.006752588506176762
6495.09,0.006581120289936942
6495.1,0.0063598100917024655
6495.11,0.006109621709491408
6495.12,0.005851768200697266
6495.13,0.005604093909178716
6495.14,0.005379590429588801
6495.15,0.005186326500193215
6495.16,0.00502807455586505
6495.17,0.004906400903609693
6495.18,0.004821079399713139
6495.19,0.004770759134909916
6495.2,0.004754263002291428
6495.21,0.004770634768851854
6495.22,0.004819394191183509
6495.23,0.004900647655550519
6495.24,0.005014884122487123
6495.25,0.005163979741507836
6495.26,0.005349644241384256
6495.27,0.0055743186560147815
6495.28,0.005840666421697535
6495.29,0.006151366570942353
6495.3,0.006508357935135816
6495.31,0.006912142994665776
6495.32,0.007360787520963492
6495.33,0.007848810599620113
6495.34,0.008367673131677704
6495.35,0.008905462453333648
6495.36,0.009450317914556543
6495.37,0.009994110152065729
6495.38,0.010535885049275284
6495.39,0.01108341281030516
6495.4,0.0116498755059284
6495.41,0.01224833084895629
6495.42,0.012884290698749482
6495.43,0.013549935842596878
6495.44,0.014221556655717022
6495.45,0.014861489920287964
6495.46,0.015425330638790567
6495.47,0.015871314702766693
6495.48,0.016170009703088146
6495.49,0.016310021767363056
6495.5,0.016295862823006213
6495.51,0.01614399736929603
6495.52,0.015875369990235873
6495.53,0.015510542608626023
6495.54,0.015072355224213786
6495.55,0.014582342562982619
6495.56,0.014064655864562431
6495.57,0.013543518459579365
6495.58,0.013041492212954125
6495.59,0.012576210967119767
6495.6,0.012158582671328235
6495.61,0.011791219799648398
6495.62,0.011467653267930374
6495.63,0.011173431993794145
6495.64,0.01088996914391622
6495.65,0.010601870855643535
6495.66,0.01030276871590524
6495.67,0.009997251536991877
6495.68,0.00969750824154778
6495.69,0.009418343710931148
6495.7,0.009173053348958286
6495.71,0.008971456933016871
6495.72,0.008821181825911326
6495.73,0.008726557536088503
6495.74,0.008690362822271598
6495.75,0.008713920005930879
6495.76,0.008798588165216092
6495.77,0.00894650170883585
6495.78,0.009160084967272848
6495.79,0.009442750735831658
6495.8,0.009799150138730194
6495.81,0.010235389533088252
6495.82,0.010759216457081831
6495.83,0.01138019352631562
6495.84,0.012109650269832541
6495.85,0.012960751247402112
6495.86,0.013947957441054967
6495.87,0.015086002385728717
6495.88,0.01638777394727922
6495.89,0.017858900518652823
6495.9,0.019498542405816586
6495.91,0.021282405547105802
6495.92,0.02316427381620678
6495.93,0.025074924187822163
6495.94,0.02693533743221661
6495.95,0.028674563356228817
6495.96,0.030248094098293696
6495.97,0.031631411248824584
6495.98,0.03281604673564487
6495.99,0.03379035610011923
6496.0,0.03453082970069127
6496.01,0.034999632249983266
6496.02,0.03515250845186554
6496.03,0.034956917850924724
6496.04,0.03441404957495126
6496.05,0.033566601245387365
6496.06,0.03248974164736775
6496.07,0.031266331160490726
6496.08,0.029963650746605074
6496.09,0.028621808408192468
6496.1,0.027255473835521966
6496.11,0.0258698375437256
6496.12,0.024470378976562304
6496.13,0.023074406027204668
6496.14,0.021710005921187506
6496.15,0.020411723686586534
6496.16,0.019212254217689354
6496.17,0.018136914110979466
6496.18,0.017200657931779436
6496.19,0.016407318040758234
6496.2,0.01575038209610777
6496.21,0.015213957499554153
6496.22,0.014777088241865176
6496.23,0.014417849387907222
6496.24,0.014119093866078151
6496.25,0.013873326691684146
6496.26,0.013680273984881844
6496.27,0.01353548775192318
6496.28,0.013455881010123882
6496.29,0.013426043350475553
6496.3,0.013429645726399488
6496.31,0.013435487652280583
6496.32,0.013430543928259882
6496.33,0.013382284745219969
6496.34,0.013273635529581232
6496.35,0.013099910398407853
6496.36,0.012869699923533718
6496.37,0.012602159039814063
6496.38,0.01232217328776249
6496.39,0.012055355439931685
6496.4,0.011824468786634693
6496.41,0.011647808183951334
6496.42,0.01153936162629646
6496.43,0.011508918472506359
6496.44,0.01156546485025823
6496.45,0.01171623369544005
6496.46,0.011965019673557115
6496.47,0.012328649401377196
6496.48,0.012813556094725424
6496.49,0.013431595088382424
6496.5,0.014195252472997999
6496.51,0.015115821655263133
6496.52,0.01620049235548761
6496.53,0.017448879730093632
6496.54,0.018851183668278926
6496.55,0.020387926783529388
6496.56,0.0220318657434118
6496.57,0.023746002783269226
6496.58,0.025474037559785938
6496.59,0.027127743693362863
6496.6,0.02858458621163701
6496.61,0.029706977466071927
6496.62,0.030380900499095673
6496.63,0.0305565603532824
6496.64,0.030269443764559686
6496.65,0.029630569685954827
6496.66,0.02879212390369927
6496.67,0.02790589310429373
6496.68,0.027093095944947236
6496.69,0.026427602119537034
6496.7,0.025935887786991223
6496.71,0.025603864285460277
6496.72,0.02538791464761317
6496.73,0.025228530819283387
6496.74,0.025065226051991525
6496.75,0.024852634458401857
6496.76,0.024571634201838752
6496.77,0.024233808833983482
6496.78,0.023877013145057687
6496.79,0.02355444539051043
6496.8,0.023323506332767037
6496.81,0.023233630306306253
6496.82,0.023321498378353168
6496.83,0.02360535236516851
6496.84,0.024082000420130218
6496.85,0.024721511257871007
6496.86,0.025464658651507998
6496.87,0.02622110012628272
6496.88,0.026877335097965204
6496.89,0.02731629699629384
6496.9,0.027446475254216826
6496.91,0.027229763052421713
6496.92,0.02669383837723029
6496.93,0.02592262826636632
6496.94,0.02502668944825847
6496.95,0.024117651728974787
6496.96,0.02328508197268217
6496.97,0.02258816231886632
6496.98,0.02205636185182946
6496.99,0.021693186975056605
6497.0,0.02148284350107915
6497.01,0.021392889327609844
6497.02,0.021384515749379024
6497.03,0.021418665681962865
6497.04,0.02146655698284545
6497.05,0.02151766366634875
6497.06,0.0215823883704944
6497.07,0.02168834478391918
6497.08,0.021872625096298687
6497.09,0.02217407082953091
6497.1,0.02262846149301884
6497.11,0.023267240855520722
6497.12,0.024118249497418042
6497.13,0.025210321855198937
6497.14,0.026572693817765745
6497.15,0.02823921777569353
6497.16,0.03024971065806203
6497.17,0.032650350872625446
6497.18,0.03549241563325145
6497.19,0.038830695291882114
6497.2,0.04271415267739422
6497.21,0.047173506644981406
6497.22,0.05219879156254651
6497.23,0.05770831075810394
6497.24,0.06351441151998581
6497.25,0.06930256632598476
6497.26,0.07465055843110935
6497.27,0.07911154504105156
6497.28,0.08234831773395854
6497.29,0.08426079296151709
6497.3,0.08502668025530764
6497.31,0.08502328420539991
6497.32,0.0846832971831753
6497.33,0.08436057904395794
6497.34,0.08426887761786081
6497.35,0.0844848176042426
6497.36,0.084997011567261
6497.37,0.08573594299707513
6497.38,0.08659338997065827
6497.39,0.08742238586157895
6497.4,0.08803208936512398
6497.41,0.08820613260381217
6497.42,0.08774535562473586
6497.43,0.08652224331672802
6497.44,0.08452075386548324
6497.45,0.08184176074799056
6497.46,0.07866800149024253
6497.47,0.07520815536244786
6497.48,0.07163382597772741
6497.49,0.06804232189263469
6497.5,0.06445084755247335
6497.51,0.06082674654271529
6497.52,0.057128922446053124
6497.53,0.05336633642069207
6497.54,0.0495999587043353
6497.55,0.04593206341711725
6497.56,0.04247223676136809
6497.57,0.03930914816800275
6497.58,0.03649794044149019
6497.59,0.034050343611945824
6497.6,0.03198853781059518
6497.61,0.03028652591968452
6497.62,0.02892307531344921
6497.63,0.02787491865177164
6497.64,0.027119591801625376
6497.65,0.026635408723574897
6497.66,0.02640151435088405
6497.67,0.026394026699029714
6497.68,0.02657885990421676
6497.69,0.026918930230039082
6497.7,0.027344900137256548
6497.71,0.027765921154239502
6497.72,0.02806908029005923
6497.73,0.0281376965976865
6497.74,0.027871642428714885
6497.75,0.027222181553185835
6497.76,0.02620316739152566
6497.77,0.02488626965238369
6497.78,0.023377102799898877
6497.79,0.021786269505613597
6497.8,0.020207317548589517
6497.81,0.01870669405034165
6497.82,0.01732380383918909
6497.83,0.016076476532022512
6497.84,0.014967964891715209
6497.85,0.013992070428578019
6497.86,0.01314715081327898
6497.87,0.01240488853014646
6497.88,0.011754538466444607
6497.89,0.011199183902979566
6497.9,0.010721977421743559
6497.91,0.010314534473260913
6497.92,0.009969835550529261
6497.93,0.009683884244840847
6497.94,0.009448629145336805
6497.95,0.00926230066941094
6497.96,0.00912236687040601
6497.97,0.009027198890938204
6497.98,0.00896864960589422
6497.99,0.008961556325762487
6498.0,0.008999383789795494
6498.01,0.009083843276973248
6498.02,0.009217508414695343
6498.03,0.00940384922122756
6498.04,0.00964726058235347
6498.05,0.009953063834206358
6498.06,0.010328720104192201
6498.07,0.010778559990370239
6498.08,0.011311027016251269
6498.09,0.011932886887942123
6498.1,0.012649033748812304
6498.11,0.013461640572638685
6498.12,0.014366458875361358
6498.13,0.015350682984329315
6498.14,0.016390296969994424
6498.15,0.01744944767258748
6498.16,0.018483603284233478
6498.17,0.01944781158727379
6498.18,0.020309159666855342
6498.19,0.02105943462854399
6498.2,0.021722280393863307
6498.21,0.022350905111784572
6498.22,0.02301662547163546
6498.23,0.023792396502726663
6498.24,0.02474114688696289
6498.25,0.0258948003910046
6498.26,0.027254016958913777
6498.27,0.028748152583705344
6498.28,0.03027012129619722
6498.29,0.031651526143779675
6498.3,0.03269089895329628
6498.31,0.03319543276636516
6498.32,0.03303350159076777
6498.33,0.03217643301570502
6498.34,0.030702248463372488
6498.35,0.02877339289572865
6498.36,0.026583624346101176
6498.37,0.02431319834330917
6498.38,0.022101211794991388
6498.39,0.02003805533455795
6498.4,0.018171382119273327
6498.41,0.016517544724452545
6498.42,0.015073014698362372
6498.43,0.013823048311789413
6498.44,0.012747827355399019
6498.45,0.011826088410896721
6498.46,0.011036546955999626
6498.47,0.010358921253277455
6498.48,0.009774214359486675
6498.49,0.009264923702178428
6498.5,0.008815400674513842
6498.51,0.008412915351584282
6498.52,0.00804630495494372
6498.53,0.007709601458722389
6498.54,0.007398093205611266
6498.55,0.007113221569263052
6498.56,0.006855286105090085
6498.57,0.006626086007826752
6498.58,0.006426936649195047
6498.59,0.0062576081737487485
6498.6,0.006115285235366426
6498.61,0.005993583733323398
6498.62,0.00588279021919244
6498.63,0.005771678589423301
6498.64,0.005651419238103017
6498.65,0.005519355873850317
6498.66,0.005379841490397018
6498.67,0.005241475775088649
6498.68,0.005113059814672268
6498.69,0.005000931443104022
6498.7,0.004908412060209874
6498.71,0.004836533937159783
6498.72,0.004785049992149632
6498.73,0.004753224022995674
6498.74,0.004740314232226288
6498.75,0.0047458286432552664
6498.76,0.00476964315008392
6498.77,0.004812091094640085
6498.78,0.004873935719828935
6498.79,0.004956450612737283
6498.8,0.005069874105542046
6498.81,0.005199314856740448
6498.82,0.005355509552554803
6498.83,0.0055403322356090455
6498.84,0.005754855578474965
6498.85,0.0059956987762379175
6498.86,0.006256670290561984
6498.87,0.006525045662054708
6498.88,0.006786930528969776
6498.89,0.0070272604404041095
6498.9,0.0072392724306192145
6498.91,0.007427874228645513
6498.92,0.007608779858822207
6498.93,0.0078031795617538955
6498.94,0.008031513157792092
6498.95,0.008309168719292805
6498.96,0.00864763931822491
6498.97,0.009052753253564274
6498.98,0.009527891997177742
6498.99,0.01007444630676211
6499.0,0.010692561528202743
6499.01,0.011381853757381039
6499.02,0.01214491906612168
6499.03,0.01297950515113621
6499.04,0.01389312158431059
6499.05,0.014888216413959881
6499.06,0.015979902472025975
6499.07,0.017164315170638114
6499.08,0.0184356545578852
6499.09,0.01978426676784034
6499.1,0.021200334921243652
6499.11,0.022677619196700263
6499.12,0.02421031494319272
6499.13,0.025778990091285717
6499.14,0.027345892361305378
6499.15,0.028850743883433283
6499.16,0.030216940143546107
6499.17,0.03136727642854291
6499.18,0.0322443461596027
6499.19,0.032828560412541626
6499.2,0.03314130348298631
6499.21,0.03324323062224911
6499.22,0.033212074099695045
6499.23,0.03311965359473511
6499.24,0.03301266043315354
6499.25,0.03290398400885478
6499.26,0.03276710173583205
6499.27,0.03254921626247623
6499.28,0.03218665675508617
6499.29,0.03162980710514968
6499.3,0.03085920750402112
6499.31,0.02989454772719269
6499.32,0.02879048924135419
6499.33,0.02762315535809605
6499.34,0.026473882623842707
6499.35,0.025416149065822367
6499.36,0.024516490512916392
6499.37,0.023800113920600507
6499.38,0.023301372024942528
6499.39,0.023032386793465698
6499.4,0.02299553915535116
6499.41,0.02318228029023408
6499.42,0.023571704914974217
6499.43,0.02413090384947257
6499.44,0.024807761123734808
6499.45,0.02553115191988551
6499.46,0.02621149737557477
6499.47,0.02674761520781511
6499.48,0.02704032498271218
6499.49,0.027010740587902513
6499.5,0.026628601316141913
6499.51,0.025878173306111713
6499.52,0.02482108886220004
6499.53,0.023539193027925925
6499.54,0.022126686548606455
6499.55,0.020673018727171477
6499.56,0.019251723563960477
6499.57,0.017915692519946586
6499.58,0.016697637806176766
6499.59,0.015610169233095442
6499.6,0.01465171120880695
6499.61,0.013806282852004428
6499.62,0.013047049523705658
6499.63,0.012341274831340301
6499.64,0.011657973021683766
6499.65,0.010976324783276693
6499.66,0.010290758794060014
6499.67,0.009609724698603774
6499.68,0.00894928206469561
6499.69,0.008326530833483956
6499.7,0.007751583761946221
6499.71,0.0072300104163484985
6499.72,0.006765027109632802
6499.73,0.0063532991781777215
6499.74,0.005991009725850973
6499.75,0.005673830991694325
6499.76,0.005396638415766913
6499.77,0.005157630160378829
6499.78,0.0049527190336645524
6499.79,0.00477933268482718
6499.8,0.004635323251634902
6499.81,0.004547397863596253
6499.82,0.004456522931100323
6499.83,0.004388600180781526
6499.84,0.00434033137104035
6499.85,0.004305750743837671
6499.86,0.004274238153561229
6499.87,0.00424294090487482
6499.88,0.004198514086605914
6499.89,0.0041315818431568105
6499.9,0.004038317006189674
6499.91,0.00391829142772102
6499.92,0.0037766512590436266
6499.93,0.003621668968843138
6499.94,0.0034623237360121885
6499.95,0.0033063851136990335
6499.96,0.0031594980629604504
6499.97,0.0030261100578195263
6499.98,0.002906074867047289
6499.99,0.002801012713512732
6500.0,0.0027109245283370954
6500.01,0.0026356579735910763
6500.02,0.0025750820519718056
6500.03,0.002529984455342838
6500.04,0.002499358261797161
6500.05,0.002484640272261651
6500.06,0.0024870452635556988
6500.07,0.0025073435015936173
6500.08,0.0025464215578308823
6500.09,0.0026053292898447324
6500.1,0.0026780072590231255
6500.11,0.0027592966924357394
6500.12,0.0028380355410656016
6500.13,0.002899323520239422
6500.14,0.0029272335082470035
6500.15,0.002909302196804991
6500.16,0.0028413563220554034
6500.17,0.0027298815451566472
6500.18,0.0025897161224846506
6500.19,0.002438232289531791
6500.2,0.0022883382120325716
6500.21,0.0021468330491087803
6500.22,0.002026673668588111
6500.23,0.0019232463539743158
6500.24,0.001835424607294105
6500.25,0.0017614073166234052
6500.26,0.0016993332267197104
6500.27,0.001647527894803706
6500.28,0.0016046561397392405
6500.29,0.001569674914147927
6500.3,0.0015418578961025908
6500.31,0.0015207637967211143
6500.32,0.0015062188384409555
6500.33,0.0014983072314051905
6500.34,0.0014973750685053598
6500.35,0.0015039935600442572
6500.36,0.0015189796318928724
6500.37,0.0015432850223710134
6500.38,0.0015778023496288666
6500.39,0.001622942753518597
6500.4,0.0016778789282110775
6500.41,0.001739440448458212
6500.42,0.0018010018906144353
6500.43,0.0018534846150339375
6500.44,0.0018826662166495371
6500.45,0.0018805409591073586
6500.46,0.0018450277042301973
6500.47,0.0017817166092719788
6500.48,0.0017027386243009522
6500.49,0.001619077103423962
6500.5,0.0015388180870955744
6500.51,0.001466697503974791
6500.52,0.0014043880161750163
6500.53,0.0013518092818536201
6500.54,0.001308059040864066
6500.55,0.0012719770944908866
6500.56,0.0012424294099395066
6500.57,0.0012184186326422868
6500.58,0.0011991445636127943
6500.59,0.0011839541888144704
6500.6,0.0011723525695418243
6500.61,0.001163973644373823
6500.62,0.0011587858214307867
6500.63,0.0011561793583650688
6500.64,0.0011563011187740394
6500.65,0.001159153013393636
6500.66,0.0011648140083541988
6500.67,0.0011734426138120836
6500.68,0.0011852835666190666
6500.69,0.0012006788617138647
6500.7,0.0012133474348134626
6500.71,0.0012373808825910811
6500.72,0.001266757242974192
6500.73,0.0013023809707546265
6500.74,0.001345354742628449
6500.75,0.001396930816426216
6500.76,0.0014584125087481405
6500.77,0.0015309056377951042
6500.78,0.0016148414923124002
6500.79,0.0017092394489087283
6500.8,0.001807266598425136
6500.81,0.001910496894937553
6500.82,0.0020082543241795206
6500.83,0.0020951125245332308
6500.84,0.002170538058886265
6500.85,0.002236502402038925
6500.86,0.002309616097644098
6500.87,0.002393023779948137
6500.88,0.0024964298710811977
6500.89,0.0026160335022789014
6500.9,0.002742866475605324
6500.91,0.0028608126023613204
6500.92,0.0029493515922963476
6500.93,0.002989501436805032
6500.94,0.0029697270086801357
6500.95,0.0028920402523906655
6500.96,0.0027699292571244215
6500.97,0.002622872526809473
6500.98,0.0024697829460044686
6500.99,0.0023248793421319796
6501.0,0.002196713059239008
6501.01,0.0020891835366251936
6501.02,0.0020031517526310125
6501.03,0.0019378438739037903
6501.04,0.0018918030066854903
6501.05,0.0018634232834134597
6501.06,0.0018512477643516305
6501.07,0.0018477052639463147
6501.08,0.0018642679526545368
6501.09,0.0018728643193331599
6501.1,0.0019137292417226767
6501.11,0.0019769896322076818
6501.12,0.0020356963881108547
6501.13,0.0020992459278820564
6501.14,0.002163760388404336
6501.15,0.002233276341235945
6501.16,0.0022833422395325026
6501.17,0.0023223795675403557
6501.18,0.002345178056138559
6501.19,0.0023508727008811113
6501.2,0.0023410883591873126
6501.21,0.0023196073177627636
6501.22,0.002291577233408805
6501.23,0.0022625946822655107
6501.24,0.0022379785528451115
6501.25,0.0022223888948347224
6501.26,0.0022198110458908826
6501.27,0.0022336039518642053
6501.28,0.002265112461464261
6501.29,0.0023214202772802632
6501.3,0.0024042007925378934
6501.31,0.002517419685579313
6501.32,0.0026651632541113135
6501.33,0.002850753783769996
6501.34,0.003074807855306502
6501.35,0.003331855032622874
6501.36,0.0036069594356038038
6501.37,0.0038680542955546386
6501.38,0.004075064975779297
6501.39,0.004187780187967153
6501.4,0.004179009633901979
6501.41,0.004070702999995413
6501.42,0.0038920097935840536
6501.43,0.0036867785914660124
6501.44,0.0034873778724210467
6501.45,0.003325243024757194
6501.46,0.0032069531009128395
6501.47,0.0031356553137750617
6501.48,0.003110803081943094
6501.49,0.0031311865506229606
6501.5,0.003194018928669927
6501.51,0.003298349883143238
6501.52,0.0034367757914836056
6501.53,0.003618544635616023
6501.54,0.0038328040523103535
6501.55,0.004070780654973168
6501.56,0.0043186442965150035
6501.57,0.004557803493389036
6501.58,0.00476762186777624
6501.59,0.004930408908397504
6501.6,0.005036814532834459
6501.61,0.0050886009449187695
6501.62,0.005097040083874246
6501.63,0.005077872923734964
6501.64,0.005045396424047389
6501.65,0.005008304634878145
6501.66,0.004967838496482878
6501.67,0.004919533498497246
6501.68,0.004857073854240825
6501.69,0.004776055441867483
6501.7,0.004675282333049307
6501.71,0.00455607037511137
6501.72,0.004419466425436288
6501.73,0.004268225464560821
6501.74,0.0041060070145859185
6501.75,0.003937935524150343
6501.76,0.003770098852496515
6501.77,0.003609590306655321
6501.78,0.0034595394294588003
6501.79,0.0033247220481942195
6501.8,0.003207462436369353
6501.81,0.0031086115507021825
6501.82,0.0030288307391342357
6501.83,0.0029675801730788057
6501.84,0.002924283706521322
6501.85,0.002898321744429918
6501.86,0.0028891753353013972
6501.87,0.002896521962466732
6501.88,0.0029202995332905813
6501.89,0.00296075167267538
6501.9,0.003018863049055505
6501.91,0.0030947941630886963
6501.92,0.0031902993180874884
6501.93,0.003307155512432538
6501.94,0.003447561916628357
6501.95,0.0036141039364833145
6501.96,0.0038096431688307143
6501.97,0.004037075138899087
6501.98,0.004298769639269648
6501.99,0.004589448509087955
6502.0,0.004921202483855412
6502.01,0.00528202151849397
6502.02,0.005660517266614099
6502.03,0.006037740472937796
6502.04,0.006401603181037652
6502.05,0.006692978872245704
6502.06,0.006897547862188368
6502.07,0.006997754782003175
6502.08,0.006993113938650378
6502.09,0.00690006658061558
6502.1,0.006747607653436881
6502.11,0.006568482193786134
6502.12,0.006391321220398721
6502.13,0.006236560183664492
6502.14,0.0061110106311098025
6502.15,0.006014021846813487
6502.16,0.005937294799318721
6502.17,0.005871459527408491
6502.18,0.005812096187873165
6502.19,0.0057620309435124206
6502.2,0.005730582979027984
6502.21,0.005728567517562396
6502.22,0.005765060312437247
6502.23,0.005846347639392851
6502.24,0.005976510905007267
6502.25,0.006158698634324323
6502.26,0.006395427645945327
6502.27,0.006667748921883194
6502.28,0.007024207890563917
6502.29,0.007444903442713964
6502.3,0.007923582209898866
6502.31,0.008452274925348419
6502.32,0.00901353034128951
6502.33,0.009585402200471006
6502.34,0.010150839847359379
6502.35,0.010709095990825125
6502.36,0.011281260958721855
6502.37,0.011903647667346086
6502.38,0.012618028959655452
6502.39,0.013453560499754009
6502.4,0.014450496597946273
6502.41,0.01561774032016322
6502.42,0.01695906596569752
6502.43,0.01846368641448631
6502.44,0.020100925324079647
6502.45,0.02181449023651195
6502.46,0.023519831191641912
6502.47,0.02510961604241965
6502.48,0.026470708808002227
6502.49,0.02751094679235803
6502.5,0.028182850824129826
6502.51,0.028512028679921322
6502.52,0.028565560982186496
6502.53,0.02844285822016559
6502.54,0.02824325020360262
6502.55,0.028051237984605407
6502.56,0.027914881063491867
6502.57,0.027876082756947328
6502.58,0.027961455563311057
6502.59,0.028192223253157594
6502.6,0.028577423480931438
6502.61,0.029110372266544775
6502.62,0.029755945598963926
6502.63,0.03044816174801678
6502.64,0.031098739808017965
6502.65,0.03161502046447124
6502.66,0.031923250557968255
6502.67,0.0319848200921693
6502.68,0.03180129437579696
6502.69,0.03140394890686852
6502.7,0.03085776662686643
6502.71,0.030225928733287312
6502.72,0.029574966372758284
6502.73,0.028964002057963005
6502.74,0.028442288618262007
6502.75,0.0280499211159684
6502.76,0.027818947892262202
6502.77,0.02777480419824091
6502.78,0.027930711444868552
6502.79,0.028292079000462357
6502.8,0.0288188033141304
6502.81,0.029431743993829914
6502.82,0.030024317071260014
6502.83,0.030444664690708882
6502.84,0.030531694859270823
6502.85,0.03015624042726179
6502.86,0.029264335267751417
6502.87,0.02789445906591777
6502.88,0.026162695858520848
6502.89,0.024220776811902593
6502.9,0.022218103776809325
6502.91,0.020271709935982825
6502.92,0.018458001363143815
6502.93,0.016816952940362083
6502.94,0.015361825679971361
6502.95,0.014089226982147852
6502.96,0.012986134061312835
6502.97,0.012036411261857055
6502.98,0.011222779526778278
6502.99,0.010528783958675939
6503.0,0.009939446637763766
6503.01,0.0094412972142221
6503.02,0.009022231863751298
6503.03,0.008671296401122047
6503.04,0.008376478711384756
6503.05,0.008126895269546904
6503.06,0.007910882626181923
6503.07,0.007716816090862919
6503.08,0.007534077299666247
6503.09,0.0073562657896982225
6503.1,0.0071748992577540804
6503.11,0.00699105805777345
6503.12,0.0068078305346361175
6503.13,0.006629864669697708
6503.14,0.006461450493249836
6503.15,0.006307095610355165
6503.16,0.006170658358597821
6503.17,0.006054184266407362
6503.18,0.005960212841974587
6503.19,0.005885740335601449
6503.2,0.005832084447714344
6503.21,0.005800973691432421
6503.22,0.005787471500266552
6503.23,0.005793359060439318
6503.24,0.00581838212602508
6503.25,0.005862506222958987
6503.26,0.005933865107280866
6503.27,0.0060175454449415255
6503.28,0.00612149228630205
6503.29,0.006247211389182179
6503.3,0.006396041343834528
6503.31,0.006570083716503779
6503.32,0.006771292800294635
6503.33,0.0070015196084646115
6503.34,0.007263670987495955
6503.35,0.007557830202864955
6503.36,0.007885847188859171
6503.37,0.008243661945789767
6503.38,0.008639645144292154
6503.39,0.009037955881258372
6503.4,0.009441491989549956
6503.41,0.009842756033943075
6503.42,0.010241137685924325
6503.43,0.01064499424237448
6503.44,0.011070310124464232
6503.45,0.011536968689496913
6503.46,0.012065004873044934
6503.47,0.012672556976556079
6503.48,0.013375330021479611
6503.49,0.014189229348006673
6503.5,0.01512936982867978
6503.51,0.016212989596880546
6503.52,0.01746012363923095
6503.53,0.018894484225439413
6503.54,0.020544016095128736
6503.55,0.0224413757845695
6503.56,0.024623818400647507
6503.57,0.027132639010395764
6503.58,0.03000952718815359
6503.59,0.03329737903663045
6503.6,0.037022702467487026
6503.61,0.041198951105319535
6503.62,0.04580832396665477
6503.63,0.05079816112603757
6503.64,0.05608339173444149
6503.65,0.06155655994849871
6503.66,0.06709789836571778
6503.67,0.07257025981360535
6503.68,0.07779221150506191
6503.69,0.08249720170045095
6503.7,0.08630751505599854
6503.71,0.08876428044452543
6503.72,0.08943697764614585
6503.73,0.08808125187586335
6503.74,0.08475981105215773
6503.75,0.07984697613574739
6503.76,0.07391250136407493
6503.77,0.06755499112460374
6503.78,0.061274240600626154
6503.79,0.05541305549848351
6503.8,0.05016345031905668
6503.81,0.04560310104457027
6503.82,0.04173678856275399
6503.83,0.03853019723604496
6503.84,0.03593193892423771
6503.85,0.03388960621269837
6503.86,0.0323527109362045
6503.87,0.0312796519454407
6503.88,0.030635317047015165
6503.89,0.030389559875282034
6503.9,0.030514314660377354
6503.91,0.030974589202216775
6503.92,0.03172219741560424
6503.93,0.032690471346624284
6503.94,0.03378129906948286
6503.95,0.03486280202978631
6503.96,0.03577529657648736
6503.97,0.03635110080792401
6503.98,0.03644684744560676
6503.99,0.035978399218073866
6504.0,0.034943106883164494
6504.01,0.03341923491191194
6504.02,0.03153991501473927
6504.03,0.029458451174290686
6504.04,0.027311777740226292
6504.05,0.025221107635633223
6504.06,0.02325806597356234
6504.07,0.021467570035119413
6504.08,0.019864879688841368
6504.09,0.018472777671171326
6504.1,0.017287332791351334
6504.11,0.01629821807423269
6504.12,0.015509577879470673
6504.13,0.014928410635931467
6504.14,0.014573412337591974
6504.15,0.014480960901969743
6504.16,0.014710532536198608
6504.17,0.01534039323207735
6504.18,0.01642323492089823
6504.19,0.017850961957305157
6504.2,0.019167406259882055
6504.21,0.019651057088867885
6504.22,0.01890843525612702
6504.23,0.017303042450763813
6504.24,0.015540252196198276
6504.25,0.014065789632256428
6504.26,0.012974707514461236
6504.27,0.012199102929018987
6504.28,0.011647310310846532
6504.29,0.011250679357448772
6504.3,0.010967908260969238
6504.31,0.010777869571925888
6504.32,0.010669691364093981
6504.33,0.010637251223442317
6504.34,0.010698967605097533
6504.35,0.010788807971180614
6504.36,0.010913526628785981
6504.37,0.011049000033907385
6504.38,0.011171076347033614
6504.39,0.011254466943111552
6504.4,0.0113111784549754
6504.41,0.011341825985328175
6504.42,0.011365206460802317
6504.43,0.011403128430998293
6504.44,0.011474572927481497
6504.45,0.011592072798351175
6504.46,0.011760812521921876
6504.47,0.011978885654799834
6504.48,0.012244455257946093
6504.49,0.01255340565764892
6504.5,0.01290728264634298
6504.51,0.013316201166052836
6504.52,0.013791314752521976
6504.53,0.014354894815122365
6504.54,0.015024986034768524
6504.55,0.01581659255647753
6504.56,0.01673631908004184
6504.57,0.017779402803994343
6504.58,0.018929998772129586
6504.59,0.020161823925259007
6504.6,0.021442745259625248
6504.61,0.02274358138446438
6504.62,0.02404554206932152
6504.63,0.02534351813387019
6504.64,0.026637010208468703
6504.65,0.027909895365492057
6504.66,0.02910038880335862
6504.67,0.03008018428410156
6504.68,0.03066313147114832
6504.69,0.030656947894228338
6504.7,0.029942927307929683
6504.71,0.02853761537441588
6504.72,0.026593795340925982
6504.73,0.024339907676301176
6504.74,0.02200314896286103
6504.75,0.019756117101812447
6504.76,0.017702146603439054
6504.77,0.015886178274986767
6504.78,0.014314258449043823
6504.79,0.012971071319633503
6504.8,0.011832057376778915
6504.81,0.010870390289821119
6504.82,0.010061038124840717
6504.83,0.009381584073625299
6504.84,0.008813433515768307
6504.85,0.008339405190025611
6504.86,0.00794701117278604
6504.87,0.007624542350632691
6504.88,0.007361913450269836
6504.89,0.007160002823263844
6504.9,0.00699017080852239
6504.91,0.006854664749435562
6504.92,0.0067469905412550855
6504.93,0.006662703500791875
6504.94,0.006600045531555097
6504.95,0.00656001777465373
6504.96,0.0065459129365272465
6504.97,0.006562315967370223
6504.98,0.006614036373434209
6504.99,0.006705073405409736
6505.0,0.006837533390640332
6505.01,0.0070103618879002036
6505.02,0.007218135816127954
6505.03,0.007450960609894346
6505.04,0.007696987606002589
6505.05,0.007948006288831718
6505.06,0.008205363671589423
6505.07,0.00848200211490066
6505.08,0.0087990157883047
6505.09,0.009179794066844695
6505.1,0.009645899861515586
6505.11,0.010216138414392057
6505.12,0.01090770038683206
6505.13,0.01173776011092102
6505.14,0.012724546131623604
6505.15,0.01388746599472314
6505.16,0.015246010516465807
6505.17,0.016816391091558566
6505.18,0.018608539160523928
6505.19,0.02061562696935389
6505.2,0.022804165858923968
6505.21,0.02510023013417567
6505.22,0.027377787517839473
6505.23,0.029456597186692832
6505.24,0.03111933717428248
6505.25,0.03215292654430714
6505.26,0.032405507163171664
6505.27,0.03183526056392181
6505.28,0.03052488836242485
6505.29,0.028653247507822655
6505.3,0.02644050109125045
6505.31,0.02409442358246591
6505.32,0.02177716446395463
6505.33,0.019595622305717555
6505.34,0.017607553245500056
6505.35,0.01583572516119464
6505.36,0.014279294781435125
6505.37,0.01292421535514476
6505.38,0.01175168962815434
6505.39,0.010740900241311864
6505.4,0.009871866311592157
6505.41,0.009127048368510342
6505.42,0.008497106958341718
6505.43,0.007955020658292141
6505.44,0.007496994877303286
6505.45,0.007113773027840019
6505.46,0.006797026286904153
6505.47,0.0065373518427933085
6505.48,0.0063264676147724245
6505.49,0.006150867291850664
6505.5,0.0059958264642486665
6505.51,0.00584665491046072
6505.52,0.005696210817582554
6505.53,0.0055435726588471046
6505.54,0.005396101349217893
6505.55,0.005264312439720027
6505.56,0.005157387533445663
6505.57,0.00508059242430661
6505.58,0.005034896482673577
6505.59,0.005017419732953382
6505.6,0.005021990766711014
6505.61,0.005039762015915395
6505.62,0.0050602906449129645
6505.63,0.0050734079105541055
6505.64,0.005071677085025953
6505.65,0.0050523668494173
6505.66,0.005018127885946904
6505.67,0.00497554452495073
6505.68,0.004932759665889358
6505.69,0.004897017118672286
6505.7,0.004873187773314463
6505.71,0.004863385713726682
6505.72,0.004867853150199992
6505.73,0.004883506902628451
6505.74,0.004906024330343942
6505.75,0.004930664829121339
6505.76,0.004952751800254259
6505.77,0.004970638572691525
6505.78,0.004987886898205366
6505.79,0.005013005034808414
6505.8,0.0050565771465547115
6505.81,0.0051276256429446405
6505.82,0.005231403561487235
6505.83,0.00536817596024279
6505.84,0.005533224097909133
6505.85,0.005716766453472165
6505.86,0.005904288875255655
6505.87,0.006077577507378048
6505.88,0.006216974546017727
6505.89,0.006300693720469382
6505.9,0.006324965099024115
6505.91,0.006303776538220657
6505.92,0.006199747472371924
6505.93,0.006048081828923833
6505.94,0.005867308468626898
6505.95,0.005677294985597511
6505.96,0.005496062970185219
6505.97,0.005339096263252266
6505.98,0.00521779382934855
6505.99,0.005139565730478023
6506.0,0.005110562597969124
6506.01,0.005134802450568804
6506.02,0.005214727064162133
6506.03,0.005348978918014977
6506.04,0.005532754257773661
6506.05,0.005755177570600577
6506.06,0.006000742598683718
6506.07,0.006253593889684185
6506.08,0.006502058206800596
6506.09,0.006738411211177784
6506.1,0.00695304320385192
6506.11,0.00713091936409682
6506.12,0.007257526483187412
6506.13,0.007333558594821804
6506.14,0.007375464685401978
6506.15,0.00741079482376774
6506.16,0.007460103598685611
6506.17,0.007528755657051793
6506.18,0.007610794534902322
6506.19,0.007698933339152368
6506.2,0.0077901197538125955
6506.21,0.007905382853428894
6506.22,0.007987801205023985
6506.23,0.008038948192283495
6506.24,0.008036785286578233
6506.25,0.007981123387614248
6506.26,0.00782361743717853
6506.27,0.007598405010448628
6506.28,0.007331477554122786
6506.29,0.007053556143443106
6506.3,0.006790379296688184
6506.31,0.006566637531270479
6506.32,0.006393372798106637
6506.33,0.0062775128957481266
6506.34,0.006221734398655863
6506.35,0.006225926068166992
6506.36,0.006287612643753037
6506.37,0.006401964743378109
6506.38,0.006559971701980313
6506.39,0.006746891027094342
6506.4,0.006941064581892116
6506.41,0.0071458489468167715
6506.42,0.007272966228363386
6506.43,0.007332752740281598
6506.44,0.00731833883102093
6506.45,0.0072363634885283
6506.46,0.007102648996491545
6506.47,0.006936651867403117
6506.48,0.006757266646332673
6506.49,0.006580494227378331
6506.5,0.0064185148489755385
6506.51,0.006279674237885622
6506.52,0.00616902159646483
6506.53,0.006089157439543039
6506.54,0.006040126830652206
6506.55,0.006023262883342639
6506.56,0.006037307826862166
6506.57,0.006081622041778606
6506.58,0.006155747387082939
6506.59,0.006259568333008167
6506.6,0.00639342110070261
6506.61,0.0065581360762503255
6506.62,0.006755110958010334
6506.63,0.006986292696628918
6506.64,0.007254125003427216
6506.65,0.007560832338870939
6506.66,0.007910192937559674
6506.67,0.008303616926804506
6506.68,0.008741366471156255
6506.69,0.009221590943899126
6506.7,0.009738850924098742
6506.71,0.010288536532549481
6506.72,0.010868629310914334
6506.73,0.011483050441027065
6506.74,0.012140700900195369
6506.75,0.012852156345299468
6506.76,0.013618969618647923
6506.77,0.01445982077601831
6506.78,0.015370406137733451
6506.79,0.016354180135370072
6506.8,0.01741875193871247
6506.81,0.018577380073404464
6506.82,0.01985173557667259
6506.83,0.021265713042414668
6506.84,0.02284426423328
6506.85,0.024607946866113915
6506.86,0.026567562191971025
6506.87,0.028717139032510247
6506.88,0.03103184782355553
6506.89,0.033455545252204254
6506.9,0.035899347598662985
6506.91,0.03824105950357762
6506.92,0.040333333847337074
6506.93,0.04201459571382093
6506.94,0.04317079754454251
6506.95,0.043714223120214626
6506.96,0.043635485201040956
6506.97,0.04299642020647211
6506.98,0.041911750093291324
6506.99,0.040523576641573904
6507.0,0.03897933298623964
6507.01,0.03742000923027279
6507.02,0.035971084481243254
6507.03,0.034737814960621595
6507.04,0.03379733773677502
6507.05,0.03320502870287692
6507.06,0.03299400996703488
6507.07,0.033180290846301114
6507.08,0.03376375583857603
6507.09,0.03472353157248258
6507.1,0.03600820696646687
6507.11,0.037523673546733576
6507.12,0.039125410545924236
6507.13,0.040625502250450134
6507.14,0.041821916938608365
6507.15,0.042547125110792755
6507.16,0.0427159572994894
6507.17,0.04234694414175502
6507.18,0.04154477970731459
6507.19,0.04045677971165947
6507.2,0.03923007608232728
6507.21,0.03798977469486813
6507.22,0.03683931732071666
6507.23,0.035869598105739954
6507.24,0.03516334941714044
6507.25,0.034791875047964826
6507.26,0.03480892697617768
6507.27,0.03524832984053891
6507.28,0.03612278403528156
6507.29,0.03742265013495062
6507.3,0.0391144953281782
6507.31,0.041137786667365714
6507.32,0.043384502311453806
6507.33,0.04570007227577427
6507.34,0.047881234449519174
6507.35,0.049691194311264
6507.36,0.050893792788972415
6507.37,0.05130099221075503
6507.38,0.05081804017476866
6507.39,0.04946691203725644
6507.4,0.047376777536509686
6507.41,0.04474634986141506
6507.42,0.041795283748145354
6507.43,0.03872264745014659
6507.44,0.0356825059421603
6507.45,0.03277763775063575
6507.46,0.03006804023054759
6507.47,0.027580157963792803
6507.48,0.02532582008169889
6507.49,0.023306888648280105
6507.5,0.02151555068132585
6507.51,0.019940637107576882
6507.52,0.018555530516685632
6507.53,0.01734869621484074
6507.54,0.01629023846515584
6507.55,0.015357295023287873
6507.56,0.014530259617092041
6507.57,0.013793113082771839
6507.58,0.013134996315324181
6507.59,0.012548954402206654
6507.6,0.012031062989496391
6507.61,0.01157922505390862
6507.62,0.011192158989473877
6507.63,0.010868629681571604
6507.64,0.010608646582743797
6507.65,0.010405974053147141
6507.66,0.010229401208039827
6507.67,0.010128209425271721
6507.68,0.01006260456460533
6507.69,0.010017398232989807
6507.7,0.009975230118980497
6507.71,0.00992291425446123
6507.72,0.009853096083814754
6507.73,0.009768075447152622
6507.74,0.00967740573986647
6507.75,0.009594018310869009
6507.76,0.009530813994459228
6507.77,0.009498761026857455
6507.78,0.009506239491822199
6507.79,0.009559027895293754
6507.8,0.009660412309773887
6507.81,0.009811584969812537
6507.82,0.010011132797306088
6507.83,0.010255244196445204
6507.84,0.0105373477811518
6507.85,0.010848234349849177
6507.86,0.01117678612482957
6507.87,0.011511301819268013
6507.88,0.011841651386415138
6507.89,0.012162598241662433
6507.9,0.012465840125963945
6507.91,0.012752146277398468
6507.92,0.013020767920576012
6507.93,0.013270358175310784
6507.94,0.013497563741976353
6507.95,0.013697493368147993
6507.96,0.013864215340280418
6507.97,0.013991437831442037
6507.98,0.01407305517899167
6507.99,0.014105107237482924
6508.0,0.014078972372367866
6508.01,0.014016598275618793
6508.02,0.013922470909399928
6508.03,0.013815052372127058
6508.04,0.013715841506856345
6508.05,0.013646727252046166
6508.06,0.013627277251561496
6508.07,0.013673648535266815
6508.08,0.013798570082581427
6508.09,0.01401214721756537
6508.1,0.014322542080088808
6508.11,0.014737566253513629
6508.12,0.015265106604553165
6508.13,0.015913871398529084
6508.14,0.016693782302502007
6508.15,0.017616115931463894
6508.16,0.01869335100750132
6508.17,0.019938626309267713
6508.18,0.021364650054218223
6508.19,0.02298183275176611
6508.2,0.02479536601600431
6508.21,0.026800990212176086
6508.22,0.0289777560934549
6508.23,0.03128771108858505
6508.24,0.0336606982343701
6508.25,0.035996231825188074
6508.26,0.03815630429213324
6508.27,0.0400110964648305
6508.28,0.0414088995797323
6508.29,0.04223765242913615
6508.3,0.04244028812795393
6508.31,0.04202644455663066
6508.32,0.04106773606448567
6508.33,0.03968001662962136
6508.34,0.03800068964179004
6508.35,0.03616827880094814
6508.36,0.034307643856080185
6508.37,0.032520552629302125
6508.38,0.03088558030963002
6508.39,0.02945206284975132
6508.4,0.028251774545401686
6508.41,0.027300108106123044
6508.42,0.026602637008675007
6508.43,0.026159882874408916
6508.44,0.025970670131829254
6508.45,0.026034931140199807
6508.46,0.02635497474284156
6508.47,0.026936436523600876
6508.48,0.027788612785499
6508.49,0.028913368225909
6508.5,0.030348513732332428
6508.51,0.03210106152000103
6508.52,0.034189930318240934
6508.53,0.036633673511303366
6508.54,0.039449235827706215
6508.55,0.04265056224873013
6508.56,0.046245000806765454
6508.57,0.05022990806960067
6508.58,0.05457673602758108
6508.59,0.059211405657306065
6508.6,0.0639872235155044
6508.61,0.06866196137807921
6508.62,0.07289513047182235
6508.63,0.07628352192908881
6508.64,0.07843920198561806
6508.65,0.07909282592427705
6508.66,0.07817750180816736
6508.67,0.0758500238461096
6508.68,0.07243922980061972
6508.69,0.0683485460947755
6508.7,0.06396281084524642
6508.71,0.05958639564656076
6508.72,0.05542525381337505
6508.73,0.05159463476164685
6508.74,0.04814742431386719
6508.75,0.04510149480578323
6508.76,0.042456994610140804
6508.77,0.04020768140996039
6508.78,0.038332515246862923
6508.79,0.03679311648712801
6508.8,0.035535379167176015
6508.81,0.034493566984366904
6508.82,0.03360358806157081
6508.83,0.03281102233973632
6508.84,0.032078796586329505
6508.85,0.031392041389531646
6508.86,0.030757947731905398
6508.87,0.03020365563221568
6508.88,0.029774185478032344
6508.89,0.02953626743387044
6508.9,0.029570523721898494
6508.91,0.02997401416109951
6508.92,0.030854744516940164
6508.93,0.03232734939538775
6508.94,0.03451247394051087
6508.95,0.03752391957346775
6508.96,0.04143085249025567
6508.97,0.04617376847978667
6508.98,0.05144165694728169
6508.99,0.05653958734378565
6509.0,0.06040831099959264
6509.01,0.06195037987388469
6509.02,0.06058427321170008
6509.03,0.05660125152182738
6509.04,0.05097783676813574
6509.05,0.04482948048618075
6509.06,0.03898234954823163
6509.07,0.03385648951484884
6509.08,0.029568433359716026
6509.09,0.026069188507908507
6509.1,0.023243454213073948
6509.11,0.020962548483150198
6509.12,0.01910817255433413
6509.13,0.017581311548366382
6509.14,0.01630528264211053
6509.15,0.01522235813348484
6509.16,0.01428745761395803
6509.17,0.013470285489952941
6509.18,0.012748250408620343
6509.19,0.01212061296327968
6509.2,0.011583495155627782
6509.21,0.011137166165704279
6509.22,0.01078167708696189
6509.23,0.010510772897645543
6509.24,0.010313220157400911
6509.25,0.010173441561886666
6509.26,0.010069029013943253
6509.27,0.00997756008374856
6509.28,0.00988197920062924
6509.29,0.00977806930677313
6509.3,0.009675111673298152
6509.31,0.009590100709369713
6509.32,0.009539940580658926
6509.33,0.009536272577159277
6509.34,0.009584067777046108
6509.35,0.009682180004403459
6509.36,0.009824939615426779
6509.37,0.010001999561596434
6509.38,0.010199183953909627
6509.39,0.010399050547176866
6509.4,0.010582423212904831
6509.41,0.01073105882705404
6509.42,0.010830811707614064
6509.43,0.010874622756025566
6509.44,0.010851302427765223
6509.45,0.010793407242348181
6509.46,0.010700677809003845
6509.47,0.010591111288168085
6509.48,0.010463197206412408
6509.49,0.010331000752628503
6509.5,0.010192614593097938
6509.51,0.010063170612352217
6509.52,0.009920945782031067
6509.53,0.009778595444906715
6509.54,0.009640239447566845
6509.55,0.00951051134190171
6509.56,0.009394546617787077
6509.57,0.009297378640616033
6509.58,0.009223462338729116
6509.59,0.009176017119986444
6509.6,0.009158415505075223
6509.61,0.009171975561024448
6509.62,0.009229832693974604
6509.63,0.009308476779606768
6509.64,0.00942023911548156
6509.65,0.009565452376163158
6509.66,0.009744561281432971
6509.67,0.009958254741428259
6509.68,0.010210845957813288
6509.69,0.010497166764790547
6509.7,0.0108223533959422
6509.71,0.011188755287140409
6509.72,0.01159926954179466
6509.73,0.01205740111291349
6509.74,0.012567719677101102
6509.75,0.013134405968900368
6509.76,0.013763660746810236
6509.77,0.014462294061059339
6509.78,0.015238255765415647
6509.79,0.01610080937191444
6509.8,0.01706073463830376
6509.81,0.01813084806634858
6509.82,0.019324591380579383
6509.83,0.02067277271026192
6509.84,0.022169051301009036
6509.85,0.023848281764620664
6509.86,0.025736098919291087
6509.87,0.027860308799306392
6509.88,0.030252500341242945
6509.89,0.03294581786911921
6509.9,0.035974729753299635
6509.91,0.03937079994957565
6509.92,0.04315894352747673
6509.93,0.04735322860807396
6509.94,0.05194562945793206
6509.95,0.05690302314176391
6509.96,0.062157483638041834
6509.97,0.06761049982804186
6509.98,0.0731450105668408
6509.99,0.07864952783100414
6510.0,0.0840606662775074
6510.01,0.089337550986774
6510.02,0.09453186145436991
6510.03,0.09970190338739003
6510.04,0.10485165021226577
6510.05,0.10984185011229561
6510.06,0.11432569747911679
6510.07,0.1177646907313086
6510.08,0.11956528398822816
6510.09,0.11931012837526593
6510.1,0.11696759388219512
6510.11,0.1129454285257897
6510.12,0.10795376762790493
6510.13,0.1027637810008182
6510.14,0.09801031713822043
6510.15,0.09408661577649043
6510.16,0.09113778740924709
6510.17,0.08908956719408571
6510.18,0.08769579848865668
6510.19,0.08658397332376458
6510.2,0.08532194061205002
6510.21,0.0835039837631587
6510.22,0.08084259601503299
6510.23,0.0772349856451374
6510.24,0.07278010201851962
6510.25,0.06771875872392522
6510.26,0.06235624788941725
6510.27,0.056980950032298194
6510.28,0.05181760348858178
6510.29,0.04701158456668373
6510.3,0.042637477619838354
6510.31,0.03871798559288555
6510.32,0.03523884317447524
6510.33,0.03217031041792598
6510.34,0.029472565967508198
6510.35,0.02710568008406003
6510.36,0.025025570538619347
6510.37,0.023197427052493783
6510.38,0.02158869987879979
6510.39,0.020171434851179993
6510.4,0.018920715913319203
6510.41,0.01781624397983123
6510.42,0.016840597599650908
6510.43,0.01597913376709269
6510.44,0.015219582871329755
6510.45,0.014550565078473625
6510.46,0.013965551704256231
6510.47,0.013455876259990673
6510.48,0.013014546470935258
6510.49,0.012634482467119207
6510.5,0.012307760480248309
6510.51,0.012024967164071452
6510.52,0.011775064483608134
6510.53,0.011546248593878828
6510.54,0.011327965213342273
6510.55,0.011113188499707272
6510.56,0.01090122915247124
6510.57,0.010696190018834165
6510.58,0.010505119248966336
6510.59,0.010336526540769556
6510.6,0.0101975328532
6510.61,0.010093302923571055
6510.62,0.010027203734365817
6510.63,0.010000998197679932
6510.64,0.010016560015192926
6510.65,0.010074266342781973
6510.66,0.010174067813420024
6510.67,0.010314699588291147
6510.68,0.010493718176144863
6510.69,0.01070480902177338
6510.7,0.01094304133324893
6510.71,0.01120556379271597
6510.72,0.011493355216904975
6510.73,0.011814952645263388
6510.74,0.012182695530359371
6510.75,0.0126101818174089
6510.76,0.013110225478513789
6510.77,0.013694476438292445
6510.78,0.014374118390307689
6510.79,0.01516085560953167
6510.8,0.016067762212936022
6510.81,0.017109893005715523
6510.82,0.018304683006063617
6510.83,0.019672156772796347
6510.84,0.021234947075413742
6510.85,0.023017948909450463
6510.86,0.025045632677174454
6510.87,0.027348254938352683
6510.88,0.02994607995797782
6510.89,0.03285801870529349
6510.9,0.03607838445808061
6510.91,0.03958313928062181
6510.92,0.043313950330691596
6510.93,0.04715659910925994
6510.94,0.05093793763731672
6510.95,0.05442450813946124
6510.96,0.05734032956033192
6510.97,0.05940624041361757
6510.98,0.06039546928934308
6510.99,0.06018859665766075
6511.0,0.058805658876027324
6511.01,0.05640059134954447
6511.02,0.053220654468179134
6511.03,0.04954908298954151
6511.04,0.045652823002708315
6511.05,0.041749178222528785
6511.06,0.037985790260995085
6511.07,0.03447676021099574
6511.08,0.03126119710037248
6511.09,0.02835675103029521
6511.1,0.02575811191756625
6511.11,0.023446911020386155
6511.12,0.02139844614811284
6511.13,0.019585818885049892
6511.14,0.017981409142229295
6511.15,0.016560080491163115
6511.16,0.015303507988284934
6511.17,0.01418739584251657
6511.18,0.013195012261584654
6511.19,0.0123109734339129
6511.2,0.01152198495383818
6511.21,0.010818125678374386
6511.22,0.010186546465624067
6511.23,0.009620359229054772
6511.24,0.009112392043824486
6511.25,0.008656541921555662
6511.26,0.008247639170344611
6511.27,0.007881334965908527
6511.28,0.007554010365657902
6511.29,0.007262705094640233
6511.3,0.007014528187902548
6511.31,0.006788810276931463
6511.32,0.006593741001496042
6511.33,0.0064286369501711325
6511.34,0.006293376994554248
6511.35,0.006197683624609716
6511.36,0.006124185066420996
6511.37,0.006083873263257991
6511.38,0.006079235048549586
6511.39,0.006114358919082511
6511.4,0.006191303926469423
6511.41,0.0063151300023128465
6511.42,0.006489858737482693
6511.43,0.006718599382465071
6511.44,0.007000188578992419
6511.45,0.0073287447767871935
6511.46,0.00768868738661382
6511.47,0.008051954852651247
6511.48,0.00837717197442564
6511.49,0.008612895532194735
6511.5,0.008711710707238095
6511.51,0.008639800475812162
6511.52,0.008393207903508152
6511.53,0.00799974735551428
6511.54,0.00750915164494296
6511.55,0.006976216219567443
6511.56,0.0064464456464607455
6511.57,0.005949747530674361
6511.58,0.005501293648794219
6511.59,0.0051062287449122066
6511.6,0.004761858665596136
6511.61,0.004464110510093016
6511.62,0.004207348657027259
6511.63,0.003985999354283992
6511.64,0.0037949780052119945
6511.65,0.003629925916733655
6511.66,0.0034871523330818614
6511.67,0.003363623104271478
6511.68,0.0032568645507970073
6511.69,0.0031648753516314147
6511.7,0.003086042644575501
6511.71,0.0030190634695412
6511.72,0.0029628689271054467
6511.73,0.002916546435296355
6511.74,0.002879254882049658
6511.75,0.002850114222713224
6511.76,0.002828154678031252
6511.77,0.0028121365000914824
6511.78,0.0028005163308229136
6511.79,0.002790850817181656
6511.8,0.002760982916789552
6511.81,0.0027510780709834644
6511.82,0.002746453877780147
6511.83,0.0027286675624286125
6511.84,0.002706566763856698
6511.85,0.002681132952464153
6511.86,0.002654092014878171
6511.87,0.0026275536773818237
6511.88,0.0026036629335106057
6511.89,0.002570305190078789
6511.9,0.002557309731634545
6511.91,0.0025519560950541696
6511.92,0.0025554327799775407
6511.93,0.002568919901665695
6511.94,0.0025936629871435458
6511.95,0.002636101135444303
6511.96,0.0026880391821598594
6511.97,0.002755728252444403
6511.98,0.0028265030880064365
6511.99,0.002936431949418195
6512.0,0.003071570461705405
6512.01,0.0032344566052238425
6512.02,0.0034258971032853696
6512.03,0.003642983926830366
6512.04,0.0038767608113768185
6512.05,0.004110377012104738
6512.06,0.004322395970372335
6512.07,0.004489801760379652
6512.08,0.004596974058940841
6512.09,0.004639507855507889
6512.1,0.0046234335614984915
6512.11,0.004564801187662096
6512.12,0.00447502534448211
6512.13,0.004375882197754765
6512.14,0.004285079670141892
6512.15,0.004216589414657985
6512.16,0.00417931810224561
6512.17,0.004177139254473209
6512.18,0.004209987191516514
6512.19,0.004274428656996885
6512.2,0.004364559270378507
6512.21,0.004472347733219377
6512.22,0.004588394975417823
6512.23,0.004703030169348509
6512.24,0.004807849744106295
6512.25,0.004897329631985284
6512.26,0.004970565485632784
6512.27,0.005026824352157823
6512.28,0.0050689438293980635
6512.29,0.005097050748785897
6512.3,0.005108443945614558
6512.31,0.005100881543119382
6512.32,0.00507703927407798
6512.33,0.005046360773524816
6512.34,0.005024360603797997
6512.35,0.00502838513858261
6512.36,0.005070576694496862
6512.37,0.005158438345952556
6512.38,0.005291206399824481
6512.39,0.005462257054223086
6512.4,0.005659958038576062
6512.41,0.00587041130496594
6512.42,0.006082095319633803
6512.43,0.006288098490950249
6512.44,0.0064904534247528555
6512.45,0.006694326737822108
6512.46,0.006904986025343319
6512.47,0.0071191526379298774
6512.48,0.00732406364786254
6512.49,0.007497713988864755
6512.5,0.007613030303432328
6512.51,0.007644459368479403
6512.52,0.007582866320393323
6512.53,0.007409211936277452
6512.54,0.0071423264503434804
6512.55,0.006804246951828619
6512.56,0.006422121375693411
6512.57,0.006028335369821307
6512.58,0.00563280580217912
6512.59,0.005257017992509363
6512.6,0.0049091696510026915
6512.61,0.004596812299668707
6512.62,0.004319672513790034
6512.63,0.004077067334349996
6512.64,0.003866985400631919
6512.65,0.0036869040528732474
6512.66,0.003534217743083867
6512.67,0.003406494755853026
6512.68,0.0033016222617785473
6512.69,0.003217884447041736
6512.7,0.003154004406599966
6512.71,0.0031081852802624967
6512.72,0.003082471952092074
6512.73,0.0030752405623945323
6512.74,0.0030875572373939533
6512.75,0.003120548204960632
6512.76,0.003175665072114889
6512.77,0.003254354613957913
6512.78,0.0033574013356186556
6512.79,0.0034828307395508027
6512.8,0.0036282699755093347
6512.81,0.0037841879397461577
6512.82,0.003938628040421416
6512.83,0.004078643272968668
6512.84,0.004195482182002206
6512.85,0.004292424359817847
6512.86,0.0043729408433364845
6512.87,0.004440833195182866
6512.88,0.004494681791859276
6512.89,0.004529805454258069
6512.9,0.004544463036623959
6512.91,0.004543100979159635
6512.92,0.004536375481278978
6512.93,0.004534525409978337
6512.94,0.0045422834744148636
6512.95,0.004557153567873174
6512.96,0.0045717927595553395
6512.97,0.004578361499582424
6512.98,0.004545518854811751
6512.99,0.004523214311920449
6513.0,0.004483668912397678
6513.01,0.004426759233649112
6513.02,0.004356218731787908
6513.03,0.0042807930691944425
6513.04,0.00421230365973356
6513.05,0.0041622025224345004
6513.06,0.0041381510146350515
6513.07,0.004144965553687965
6513.08,0.004184663704043369
6513.09,0.004257887304870569
6513.1,0.004364667521730138
6513.11,0.004504707915250495
6513.12,0.004677389653852863
6513.13,0.004881016863432437
6513.14,0.005112016124004033
6513.15,0.005363831345574605
6513.16,0.005640827591938716
6513.17,0.005898426986169003
6513.18,0.006133985615679924
6513.19,0.006328912164512246
6513.2,0.006470364659885351
6513.21,0.006553866879683511
6513.22,0.006585351427484499
6513.23,0.00656631757583893
6513.24,0.006541478297331138
6513.25,0.006515928423087957
6513.26,0.006501927071723177
6513.27,0.0065118432385521795
6513.28,0.0065459826470471594
6513.29,0.006603100091447053
6513.3,0.006678657752735874
6513.31,0.006767076692368068
6513.32,0.0068659084810414
6513.33,0.006970222667576571
6513.34,0.007083201108457855
6513.35,0.007210117065534168
6513.36,0.007357245884514778
6513.37,0.007529945580388621
6513.38,0.007730575043549712
6513.39,0.007957499878825654
6513.4,0.008204742291972633
6513.41,0.008471488117748296
6513.42,0.00875751341484741
6513.43,0.009071538233487619
6513.44,0.009428125806684775
6513.45,0.009843978731239583
6513.46,0.010335116947766981
6513.47,0.010914839246168286
6513.48,0.011595326224350349
6513.49,0.012387091227082715
6513.5,0.013299146361061717
6513.51,0.014338819474221321
6513.52,0.015513347313812884
6513.53,0.016829872349980946
6513.54,0.018304356813446002
6513.55,0.019961084942203906
6513.56,0.021829822149664797
6513.57,0.023938794451668
6513.58,0.02630006877790007
6513.59,0.02889778295625325
6513.6,0.031675279591784886
6513.61,0.034523105167202355
6513.62,0.037289611401003946
6513.63,0.039783707241993094
6513.64,0.04182584471077191
6513.65,0.043299196786279984
6513.66,0.04419329577862779
6513.67,0.04461249655934783
6513.68,0.044743892269263674
6513.69,0.044796956664584456
6513.7,0.044946099951503705
6513.71,0.04528832826747089
6513.72,0.045828822706720215
6513.73,0.046479600816896095
6513.74,0.04707684298953699
6513.75,0.04741616985911055
6513.76,0.047304178315588724
6513.77,0.046625756525527993
6513.78,0.04537348434314224
6513.79,0.04362207946270545
6513.8,0.04160574324977903
6513.81,0.03947990756540684
6513.82,0.037398280696285334
6513.83,0.03546596947671605
6513.84,0.033744601761191234
6513.85,0.032265682879434314
6513.86,0.031040379900019323
6513.87,0.030067204172401094
6513.88,0.029335521754295886
6513.89,0.028828972187548478
6513.9,0.02852317619686213
6513.91,0.028389671428767523
6513.92,0.028403254636962503
6513.93,0.028551771895704105
6513.94,0.028843729154314473
6513.95,0.029305110866013274
6513.96,0.029977949397029593
6513.97,0.03090581654693078
6513.98,0.03212435764160771
6513.99,0.03364824128416436
6514.0,0.03546125213811309
6514.01,0.037506614436265344
6514.02,0.03968055529199806
6514.03,0.041831451917581725
6514.04,0.0437702693483656
6514.05,0.045295891158101564
6514.06,0.046238297884376375
6514.07,0.04650510086463701
6514.08,0.046117627981605756
6514.09,0.045203061016250747
6514.1,0.04396099072771767
6514.11,0.04260969394659356
6514.12,0.04134465164928609
6514.13,0.040316162173797215
6514.14,0.03962520314870168
6514.15,0.03932753616968679
6514.16,0.03944204878308469
6514.17,0.03994913766709764
6514.18,0.04079373321633975
6514.19,0.041877937573368315
6514.2,0.04305746383305344
6514.21,0.04414703290172383
6514.22,0.044936107625117246
6514.23,0.04522863444832887
6514.24,0.04489128706237328
6514.25,0.04389370451097618
6514.26,0.042317352863837455
6514.27,0.04033018128538706
6514.28,0.03813562800895472
6514.29,0.0359265100455337
6514.3,0.0338540336354472
6514.31,0.03201788335332953
6514.32,0.030470297185821487
6514.33,0.029225704443402296
6514.34,0.028270373227128207
6514.35,0.027568972609774978
6514.36,0.027069552758419373
6514.37,0.026712949899235415
6514.38,0.02642953647633799
6514.39,0.02615451270605143
6514.4,0.02583398674539723
6514.41,0.02543857728204786
6514.42,0.024965625908250265
6514.43,0.024439178538457992
6514.44,0.0239028995508748
6514.45,0.02340565471250293
6514.46,0.02299031728121681
6514.47,0.02268010911666231
6514.48,0.02247197387904618
6514.49,0.02233295535496812
6514.5,0.02220386012818188
6514.51,0.022018484861314427
6514.52,0.02172785721942276
6514.53,0.021319827190918864
6514.54,0.02082103641016398
6514.55,0.020258610579535166
6514.56,0.019719309630667373
6514.57,0.01920431562577483
6514.58,0.018712277904959464
6514.59,0.0182261245071183
6514.6,0.017723128012574422
6514.61,0.017177145700746712
6514.62,0.016588593977061403
6514.63,0.01594691236784516
6514.64,0.015260288044616195
6514.65,0.014547412256662564
6514.66,0.013834388753907443
6514.67,0.013146314705042636
6514.68,0.01250696675953714
6514.69,0.011931414750259888
6514.7,0.01142643684960582
6514.71,0.010985828600928598
6514.72,0.01059387530558696
6514.73,0.010230770727531318
6514.74,0.009880608017046077
6514.75,0.009539721221457232
6514.76,0.009218293599984021
6514.77,0.008934592361929087
6514.78,0.008708655768120525
6514.79,0.008548589367336568
6514.8,0.008460738559321725
6514.81,0.008440800977881907
6514.82,0.008477381746003411
6514.83,0.008551621216789365
6514.84,0.008639519170580024
6514.85,0.008716926028041036
6514.86,0.008766885806688548
6514.87,0.008785909030774818
6514.88,0.008785336553023505
6514.89,0.008784491257860306
6514.9,0.008804591367548404
6514.91,0.008858547771599725
6514.92,0.008947935225988609
6514.93,0.009056010755928701
6514.94,0.009157040952482333
6514.95,0.009216454595866298
6514.96,0.00920078237828688
6514.97,0.009086910975349837
6514.98,0.008867924638900715
6514.99,0.008553220647903325
6515.0,0.008164102401176621
6515.01,0.007727515307432071
6515.02,0.0072702809902650475
6515.03,0.006815114358304598
6515.04,0.006378755757269376
6515.05,0.005971859345828343
6515.06,0.0056000571934099455
6515.07,0.005264816300749898
6515.08,0.004965549495389459
6515.09,0.004700067129135294
6515.1,0.004465454653814813
6515.11,0.004258577903570778
6515.12,0.004076363966613807
6515.13,0.003915954970844809
6515.14,0.0037747774901291655
6515.15,0.0036505616669980415
6515.16,0.0035413324335010587
6515.17,0.003435436773876976
6515.18,0.003355318939443002
6515.19,0.0032818359435528937
6515.2,0.0032178737264458774
6515.21,0.0031625352601721787
6515.22,0.00311506289761956
6515.23,0.0030748194424561866
6515.24,0.003040761367210514
6515.25,0.0030141312880869638
6515.26,0.0029927373386802137
6515.27,0.002976944826869642
6515.28,0.0029665261896004618
6515.29,0.002961311565281057
6515.3,0.00296118436263718
6515.31,0.002966078042348362
6515.32,0.0029759740037020813
6515.33,0.002990900502054538
6515.34,0.0030109325543563074
6515.35,0.0030361928199085972
6515.36,0.0030668534722244514
6515.37,0.003103847883934574
6515.38,0.0031442894252720717
6515.39,0.003192742220970012
6515.4,0.0032478545120877256
6515.41,0.0033101133161076088
6515.42,0.0033800913707783473
6515.43,0.0034584583662527653
6515.44,0.0035463430030844077
6515.45,0.003643953107478093
6515.46,0.003752679303252134
6515.47,0.003873720610185956
6515.48,0.004008094461983009
6515.49,0.0041580493154459285
6515.5,0.004324952638846137
6515.51,0.0045106787179255625
6515.52,0.004717187440430472
6515.53,0.004946496300293866
6515.54,0.0052004604588213425
6515.55,0.005480904024599038
6515.56,0.005788375175028491
6515.57,0.006123624914381458
6515.58,0.006487020519352375
6515.59,0.006877843141054728
6515.6,0.007297118415607382
6515.61,0.007746954510195318
6515.62,0.008231450740590418
6515.63,0.008755996845244139
6515.64,0.009325973875758597
6515.65,0.009944587799858618
6515.66,0.010611179903112248
6515.67,0.01131928104945711
6515.68,0.012059160769305237
6515.69,0.012816923322084435
6515.7,0.013579564534417037
6515.71,0.014337584163953691
6515.72,0.015087534305535423
6515.73,0.015833604970706048
6515.74,0.016588740948807423
6515.75,0.0173748909304437
6515.76,0.018220348517210293
6515.77,0.019155775939422654
6515.78,0.02020528092830264
6515.79,0.021357289764277768
6515.8,0.022645203482780873
6515.81,0.024002585045565378
6515.82,0.025352189432492803
6515.83,0.02658565433129901
6515.84,0.027577141560611744
6515.85,0.02820341975153798
6515.86,0.028378880844968934
6515.87,0.028075966977694485
6515.88,0.027334340982585494
6515.89,0.02624853982811703
6515.9,0.024940954482877645
6515.91,0.0235317499261456
6515.92,0.022115932707996746
6515.93,0.020752237827418606
6515.94,0.0194636980729975
6515.95,0.018247742792810866
6515.96,0.017089030011331885
6515.97,0.01597746036224227
6515.98,0.01491520155928747
6515.99,0.013914150912661386
6516.0,0.012993393478231474
6516.01,0.012166681916235976
6516.02,0.011439001404725707
6516.03,0.010803576176137294
6516.04,0.010246933084324696
6516.05,0.009754394382631136
6516.06,0.009315130319382508
6516.07,0.008925337933245155
6516.08,0.008586544371649083
6516.09,0.008302684919412613
6516.1,0.008070528046795129
6516.11,0.007891872947453773
6516.12,0.007765001221125508
6516.13,0.007687521692243221
6516.14,0.007656338684397816
6516.15,0.007668526812523103
6516.16,0.007718951513299252
6516.17,0.00780077315957794
6516.18,0.00790513148104784
6516.19,0.008024293507044464
6516.2,0.008153143359024059
6516.21,0.008293022183389082
6516.22,0.0084512202321071
6516.23,0.00863812433087237
6516.24,0.008863972745147646
6516.25,0.009137115345232686
6516.26,0.009463978055822189
6516.27,0.009849951016236891
6516.28,0.010300474541701557
6516.29,0.010821943864270343
6516.3,0.011422282855804725
6516.31,0.012111197720396894
6516.32,0.012900255956007039
6516.33,0.01380297223921978
6516.34,0.014834875230899783
6516.35,0.016013618872498896
6516.36,0.01735863724419022
6516.37,0.018890804558348535
6516.38,0.02063092227243603
6516.39,0.022597169698600417
6516.4,0.02480021787621678
6516.41,0.027237543864299097
6516.42,0.029878954040661144
6516.43,0.0326556597347022
6516.44,0.03544885712779653
6516.45,0.038083713843727905
6516.46,0.040351940633444223
6516.47,0.042053315866631746
6516.48,0.04304390692238802
6516.49,0.04326708705052397
6516.5,0.042750380349255754
6516.51,0.04159252749725801
6516.52,0.03993259381760944
6516.53,0.03792470896880419
6516.54,0.035716199527271966
6516.55,0.03343576716849299
6516.56,0.03117992027026221
6516.57,0.02902649915845181
6516.58,0.02702829749102668
6516.59,0.025214071226846914
6516.6,0.02359486852628301
6516.61,0.022167643225592438
6516.62,0.020920934858302518
6516.63,0.019846130677808674
6516.64,0.018936494156738027
6516.65,0.01818674445117965
6516.66,0.01759133335648914
6516.67,0.01714135826291388
6516.68,0.016827704814122716
6516.69,0.016639582411332076
6516.7,0.016565851233778957
6516.71,0.016595746650449567
6516.72,0.016721670327640277
6516.73,0.01693890614995726
6516.74,0.017249128463899255
6516.75,0.01765971743093269
6516.76,0.018183762730591618
6516.77,0.018838733034985122
6516.78,0.019642820456582038
6516.79,0.020615672286244696
6516.8,0.02177485329426203
6516.81,0.023134755816861273
6516.82,0.024703457075507272
6516.83,0.026485332963243846
6516.84,0.02848303151115293
6516.85,0.030703588827570877
6516.86,0.03316245264076016
6516.87,0.035877390737451324
6516.88,0.038855876850086714
6516.89,0.04208169122665423
6516.9,0.04550084204767442
6516.91,0.049016127820858145
6516.92,0.05248528932550028
6516.93,0.055726863584355156
6516.94,0.05853663180328024
6516.95,0.06071058688714184
6516.96,0.06207824340967537
6516.97,0.06253208584886086
6516.98,0.06204377905975581
6516.99,0.06066290937870772
6517.0,0.05849221766384221
6517.01,0.05568024439633993
6517.02,0.052392858472472596
6517.03,0.048805845976442705
6517.04,0.045089534648996794
6517.05,0.04139736939904858
6517.06,0.037849171262713886
6517.07,0.0345293798879679
6517.08,0.03148997520121223
6517.09,0.02875122770877141
6517.1,0.02631355632082879
6517.11,0.024163993051274802
6517.12,0.02228248827294618
6517.13,0.02064678049758228
6517.14,0.019235361963528094
6517.15,0.018023078237726975
6517.16,0.01698898154076902
6517.17,0.016106958514347312
6517.18,0.01535371765021225
6517.19,0.014694819237259314
6517.2,0.014097714004939622
6517.21,0.013535019676635082
6517.22,0.012993912506522116
6517.23,0.01247829813045592
6517.24,0.012003413789473493
6517.25,0.011586901536634707
6517.26,0.011242156785315482
6517.27,0.010976148317846471
6517.28,0.010791130851603385
6517.29,0.010682373079012509
6517.3,0.010644345080818329
6517.31,0.01066719996046711
6517.32,0.01073725572901098
6517.33,0.010836497932411338
6517.34,0.010942795831533469
6517.35,0.011031509778396127
6517.36,0.011080181202797393
6517.37,0.01107534077448524
6517.38,0.011017863793181846
6517.39,0.01092268643756658
6517.4,0.01081241088939144
6517.41,0.010709474939367697
6517.42,0.010631462650491275
6517.43,0.010590293321448853
6517.44,0.01059282677579254
6517.45,0.010640919752729482
6517.46,0.010732187804416276
6517.47,0.010854576210250341
6517.48,0.011004174858836452
6517.49,0.01117761184750058
6517.5,0.011383483449895785
6517.51,0.01163822554710373
6517.52,0.011962270133174194
6517.53,0.012372753181791981
6517.54,0.012882398109030295
6517.55,0.013500321609064942
6517.56,0.014233757192415894
6517.57,0.015089270048519654
6517.58,0.016072954690871746
6517.59,0.017205181278256695
6517.6,0.01846159989717609
6517.61,0.01986310026606869
6517.62,0.02142192033387664
6517.63,0.0231534852383795
6517.64,0.025069876918517198
6517.65,0.02717354251345268
6517.66,0.029441215628398933
6517.67,0.03181483285807854
6517.68,0.034190684628601066
6517.69,0.03641581257282874
6517.7,0.038298722554087956
6517.71,0.03963853595037253
6517.72,0.040268717281063106
6517.73,0.040101407335917015
6517.74,0.03915336813682735
6517.75,0.037540458507335464
6517.76,0.03544573127805413
6517.77,0.03307141497448953
6517.78,0.03060065904808512
6517.79,0.028174073831417262
6517.8,0.025884955055611208
6517.81,0.02377159096162775
6517.82,0.0218792415084644
6517.83,0.020196389271638266
6517.84,0.018711900084422334
6517.85,0.01741777768392266
6517.86,0.016262512270757312
6517.87,0.015233885427628775
6517.88,0.0143103949985688
6517.89,0.013475123050441531
6517.9,0.012713466030158561
6517.91,0.012012282696975483
6517.92,0.01136198920767247
6517.93,0.010741618342395192
6517.94,0.01016903345310261
6517.95,0.009628745806680827
6517.96,0.009123056014531223
6517.97,0.008657104028158351
6517.98,0.008238268278635153
6517.99,0.007872200023035316
6518.0,0.007556929899282128
6518.01,0.007283576936796718
6518.02,0.007037768078838525
6518.03,0.0068031520966570155
6518.04,0.0065682217948867735
6518.05,0.0063307854606764824
6518.06,0.006097062167302164
6518.07,0.0058766600279736006
6518.08,0.005678446667734769
6518.09,0.005503199357285535
6518.1,0.005353955206151889
6518.11,0.005221404263522503
6518.12,0.005104572973153945
6518.13,0.005000565065916567
6518.14,0.004909278229187658
6518.15,0.004831955460797062
6518.16,0.004771557676957695
6518.17,0.004728495399420435
6518.18,0.00471072522075989
6518.19,0.004715496755622233
6518.2,0.004739550085520473
6518.21,0.004775565786518618
6518.22,0.004812329936353472
6518.23,0.004836722467267588
6518.24,0.00483724731316626
6518.25,0.004808166913994405
6518.26,0.004751968357532267
6518.27,0.004678513210384771
6518.28,0.00460120646743082
6518.29,0.004532159365127031
6518.3,0.004478352730738358
6518.31,0.004440150079683697
6518.32,0.004412069673517993
6518.33,0.0043735015726778905
6518.34,0.0043430595635375905
6518.35,0.004301839718390613
6518.36,0.004267060042007888
6518.37,0.004199007824158877
6518.38,0.004108700706460583
6518.39,0.003999917117881304
6518.4,0.003871103842245307
6518.41,0.003726711059936746
6518.42,0.0035739329938286606
6518.43,0.003420882491295477
6518.44,0.0032748886844304868
6518.45,0.0031540296211830417
6518.46,0.0030370624799069433
6518.47,0.0029385378110183633
6518.48,0.0028595509590149094
6518.49,0.0028005515186896217
6518.5,0.0027499599540969054
6518.51,0.0027320593844508047
6518.52,0.0027351346944962493
6518.53,0.0027591095160296383
6518.54,0.0028028053291309528
6518.55,0.002862786062043964
6518.56,0.002932478305227437
6518.57,0.0030003220764134742
6518.58,0.0030529421336643846
6518.59,0.0030836714058178525
6518.6,0.0030859683903679616
6518.61,0.003068498945041579
6518.62,0.003044840875922811
6518.63,0.0030296075836669214
6518.64,0.003034293931903529
6518.65,0.0030655267720330046
6518.66,0.0031248577528133216
6518.67,0.003208788751010927
6518.68,0.0033088048485603134
6518.69,0.003412183267197314
6518.7,0.0035042669439306886
6518.71,0.0035715970469479565
6518.72,0.0036045069224315946
6518.73,0.003598684979108013
6518.74,0.003556559877234775
6518.75,0.0034872003510096595
6518.76,0.0034065232807536745
6518.77,0.0033294971491950997
6518.78,0.0032685008791123447
6518.79,0.0032312123444922305
6518.8,0.003221246841126494
6518.81,0.0032396493393635553
6518.82,0.003286236101714417
6518.83,0.0033604673409591145
6518.84,0.0034618888526157313
6518.85,0.0035902154434293986
6518.86,0.0037454033505601673
6518.87,0.003927574734327871
6518.88,0.00413713842799932
6518.89,0.00437505907908448
6518.9,0.0046433571264336716
6518.91,0.004945742019680447
6518.92,0.005288155545747026
6518.93,0.005678940676776284
6518.94,0.006127428847062578
6518.95,0.006646624776923134
6518.96,0.007245595560815098
6518.97,0.007930319010825323
6518.98,0.008698633862824294
6518.99,0.009534899098204885
6519.0,0.010404465672646425
6519.01,0.011250477506948936
6519.02,0.011997742803370903
6519.03,0.012566909197386037
6519.04,0.012897472416824927
6519.05,0.012969853558254751
6519.06,0.012813839596990406
6519.07,0.012497849313485203
6519.08,0.012106066824658878
6519.09,0.0117153930213398
6519.1,0.011400730289577258
6519.11,0.011153818699207958
6519.12,0.01099985348962794
6519.13,0.01092524873124384
6519.14,0.010901877877657808
6519.15,0.01089474189228665
6519.16,0.010867699646452206
6519.17,0.010791470429319435
6519.18,0.010647844058203218
6519.19,0.01043075633446764
6519.2,0.010144829431039492
6519.21,0.00980317870311042
6519.22,0.009425297160168915
6519.23,0.009035999496462629
6519.24,0.00866114676987739
6519.25,0.008325032023870697
6519.26,0.00804707401405836
6519.27,0.007839957163401481
6519.28,0.007709403291833703
6519.29,0.007654703589537058
6519.3,0.007668586179046484
6519.31,0.0077374143120659935
6519.32,0.007841026311756427
6519.33,0.007953287207505032
6519.34,0.008044288561026776
6519.35,0.008084610050287197
6519.36,0.00805116524300894
6519.37,0.007927779443549977
6519.38,0.007731414088403505
6519.39,0.007465762570181928
6519.4,0.00715934799995368
6519.41,0.00683896002811848
6519.42,0.006528478582003133
6519.43,0.006245735528962725
6519.44,0.006001433378004599
6519.45,0.0057996392691449265
6519.46,0.005636426589309587
6519.47,0.005503621887360064
6519.48,0.005388186489699049
6519.49,0.005275156999573168
6519.5,0.00515110615494374
6519.51,0.005007763858620436
6519.52,0.00484426148212528
6519.53,0.004670891880434737
6519.54,0.004490547778180638
6519.55,0.00431945142860398
6519.56,0.004168527255586513
6519.57,0.004046169270182088
6519.58,0.003955306653157562
6519.59,0.0039055712985972594
6519.6,0.003896542251019474
6519.61,0.0039298590625533375
6519.62,0.0040065470941919226
6519.63,0.004123470218329708
6519.64,0.0042799467514068636
6519.65,0.004470889293725305
6519.66,0.00468267094815218
6519.67,0.004897411580237608
6519.68,0.005097019895567701
6519.69,0.0052622290567920695
6519.7,0.005381556989895343
6519.71,0.005452610607955743
6519.72,0.005483659267410958
6519.73,0.005465953677772379
6519.74,0.005398873188911325
6519.75,0.005270298321834473
6519.76,0.005072795462088096
6519.77,0.004813543050504787
6519.78,0.00453637043489057
6519.79,0.004230253866897623
6519.8,0.003944048598177442
6519.81,0.003695204427384465
6519.82,0.00349331314741482
6519.83,0.0033413403068445406
6519.84,0.003238974447077157
6519.85,0.0031846549274493333
6519.86,0.0031763215725810687
6519.87,0.0032111559067864548
6519.88,0.003284297551396944
6519.89,0.0033872332138221903
6519.9,0.0035066474172817078
6519.91,0.0036257554723748255
6519.92,0.003728509938712145
6519.93,0.003804626954482111
6519.94,0.003851293113764823
6519.95,0.0038710019690535035
6519.96,0.0038688856920926357
6519.97,0.0038534428639801746
6519.98,0.003838506710261973
6519.99,0.0038416502648162642
6520.0,0.0038774889960810463
6520.01,0.003948525710117994
6520.02,0.004036987691930012
6520.03,0.004104891701176969
6520.04,0.004105793833376972
6520.05,0.004004853007582156
6520.06,0.00380183502653798
6520.07,0.0035293409044325806
6520.08,0.003232465672374231
6520.09,0.0029480951602832823
6520.1,0.002696692852269903
6520.11,0.002484855290166168
6520.12,0.0023111346250892493
6520.13,0.002170733154848055
6520.14,0.0020581544414271114
6520.15,0.00196837012098983
6520.16,0.001907586804683531
6520.17,0.001851704153676527
6520.18,0.0018085174994768745
6520.19,0.0017760073254273242
6520.2,0.0017526651143124118
6520.21,0.0017480299580769467
6520.22,0.0017399860792333508
6520.23,0.0017385800079005374
6520.24,0.0017434367720286254
6520.25,0.0017543566182720127
6520.26,0.0017712968571418073
6520.27,0.0017943623507073307
6520.28,0.0018238034483895268
6520.29,0.0018585165406365216
6520.3,0.0019020780849031665
6520.31,0.001953717235836637
6520.32,0.0020143749201683363
6520.33,0.0020852205898278875
6520.34,0.002167681902562977
6520.35,0.00226402698540345
6520.36,0.002375157560984313
6520.37,0.002503890553348137
6520.38,0.002652109141143846
6520.39,0.0028233154046166916
6520.4,0.003019578715696923
6520.41,0.003239720619776094
6520.42,0.0034825091492188386
6520.43,0.0037420180915215566
6520.44,0.0040078212839670495
6520.45,0.004255995665643382
6520.46,0.004489352116069205
6520.47,0.004685348933184954
6520.48,0.004836806150053646
6520.49,0.0049430928876787435
6520.5,0.005008353376850997
6520.51,0.005039550987873288
6520.52,0.005045877585862285
6520.53,0.005039049345827683
6520.54,0.005033464228610615
6520.55,0.005045579789882282
6520.56,0.005089931414998556
6520.57,0.0051800418684725714
6520.58,0.005325241344775321
6520.59,0.005522255190099557
6520.6,0.005758907376929611
6520.61,0.006009011831467319
6520.62,0.006233333203501971
6520.63,0.006388661893554187
6520.64,0.006440402575931921
6520.65,0.006373680539554247
6520.66,0.0061996901436206404
6520.67,0.005949200231891548
6520.68,0.0056622694142653435
6520.69,0.005377002190875564
6520.7,0.005120932725604162
6520.71,0.004909822391657663
6520.72,0.004750175550261369
6520.73,0.004642730151365943
6520.74,0.004584985685928835
6520.75,0.004572607254856947
6520.76,0.004599918017013095
6520.77,0.004659644315951876
6520.78,0.0047426140586860795
6520.79,0.004843887497698603
6520.8,0.004944143186513248
6520.81,0.005039804150694611
6520.82,0.005126280454378931
6520.83,0.005207786870800613
6520.84,0.0052915218100382305
6520.85,0.005386997452159206
6520.86,0.005507063227804037
6520.87,0.005663279326471671
6520.88,0.0058658974299460485
6520.89,0.006123909002609169
6520.9,0.006471307224311248
6520.91,0.0068640294575427006
6520.92,0.0073346905955702845
6520.93,0.007888702083871041
6520.94,0.008528012965793218
6520.95,0.009248306931900648
6520.96,0.010034492731035995
6520.97,0.01085668621878824
6520.98,0.011669396343498298
6520.99,0.012415103836243176
6521.0,0.013047549376452956
6521.01,0.013499314366162701
6521.02,0.01376052536976458
6521.03,0.013832758813976635
6521.04,0.01373046466084204
6521.05,0.01349202631432972
6521.06,0.013146422079251596
6521.07,0.012732135899895686
6521.08,0.012288092195213979
6521.09,0.011849737387768856
6521.1,0.011450276665635995
6521.11,0.011109074634829656
6521.12,0.010838866844958462
6521.13,0.010641099168888609
6521.14,0.01050975019496548
6521.15,0.010439612658745908
6521.16,0.010432699826617627
6521.17,0.010500275987284284
6521.18,0.010658878551513665
6521.19,0.010922950243360744
6521.2,0.011297203422991267
6521.21,0.011768435162875871
6521.22,0.012298086347270165
6521.23,0.0128132165145209
6521.24,0.013212941762835577
6521.25,0.013394770757800888
6521.26,0.013297792619184467
6521.27,0.012934857595801805
6521.28,0.012387067823391565
6521.29,0.011764260766902668
6521.3,0.011161791560219786
6521.31,0.010637257606292624
6521.32,0.010209482782612932
6521.33,0.009869463636899356
6521.34,0.00959592841849974
6521.35,0.009366572283707844
6521.36,0.009171799831047487
6521.37,0.009014661271913796
6521.38,0.008907414868236955
6521.39,0.008866376340029658
6521.4,0.008904743256441342
6521.41,0.009031501531550664
6521.42,0.009250436840178938
6521.43,0.009551674935560318
6521.44,0.009941543299337979
6521.45,0.010391995190961768
6521.46,0.010868596717087668
6521.47,0.01132192967044819
6521.48,0.011687975219316828
6521.49,0.01192625779129201
6521.5,0.01200321413478687
6521.51,0.011915825180978572
6521.52,0.01169387635415346
6521.53,0.011377078666216284
6521.54,0.011006911948212749
6521.55,0.010619759066009715
6521.56,0.010244662191990508
6521.57,0.00990324170156955
6521.58,0.00961053900459675
6521.59,0.00937750851277113
6521.6,0.009207065428054228
6521.61,0.009104510355219335
6521.62,0.009071312851748514
6521.63,0.009108647233277596
6521.64,0.009217508574998274
6521.65,0.009398645923463195
6521.66,0.009651957076794216
6521.67,0.009975606061556572
6521.68,0.010354408616464727
6521.69,0.010797554067215987
6521.7,0.011284439721255453
6521.71,0.011805857553972555
6521.72,0.012359894718451288
6521.73,0.01295217644937826
6521.74,0.013592043155836904
6521.75,0.014286449112354039
6521.76,0.015036109837836232
6521.77,0.015834770806716057
6521.78,0.016684846018686354
6521.79,0.01757752018899928
6521.8,0.018520879497149652
6521.81,0.019528265203210816
6521.82,0.02061854834299485
6521.83,0.02181229759804651
6521.84,0.02312868771122344
6521.85,0.024584309589908666
6521.86,0.026193987822938747
6521.87,0.027971575227964347
6521.88,0.02992875595335289
6521.89,0.03207095201589293
6521.9,0.034382634215231696
6521.91,0.03681400030246276
6521.92,0.03926494507225484
6521.93,0.04157818160187788
6521.94,0.04354819076310796
6521.95,0.04495363970705685
6521.96,0.0456083893003984
6521.97,0.045416356025005475
6521.98,0.04440267754328889
6521.99,0.04270709244471786
6522.0,0.04054274807561566
6522.01,0.038141930402077806
6522.02,0.035711736390821765
6522.03,0.033409939139424416
6522.04,0.03134251345466845
6522.05,0.029571184924590318
6522.06,0.028126603188386508
6522.07,0.027018041237148332
6522.08,0.02624635352113751
6522.09,0.025807290934137594
6522.1,0.02569600094321334
6522.11,0.02590870759017342
6522.12,0.02644226338611625
6522.13,0.02729198710160788
6522.14,0.028448472129668344
6522.15,0.02988252492315614
6522.16,0.03157240895542406
6522.17,0.03344191611022575
6522.18,0.03538628810074909
6522.19,0.03725843533285981
6522.2,0.03887441557759456
6522.21,0.04003554203790275
6522.22,0.0405675294216643
6522.23,0.040366013110671665
6522.24,0.03942867476028274
6522.25,0.037856911832939565
6522.26,0.035825561523323134
6522.27,0.03353626751588219
6522.28,0.031174540025584885
6522.29,0.028884317409095105
6522.3,0.026760316076698928
6522.31,0.024838309207751184
6522.32,0.02316575399601654
6522.33,0.0217207983210119
6522.34,0.020488350762681046
6522.35,0.019449488363358053
6522.36,0.018589297827192673
6522.37,0.01790087915439975
6522.38,0.017388345551004825
6522.39,0.01705624172278049
6522.4,0.016922509251322257
6522.41,0.01700586581614651
6522.42,0.017322827909550614
6522.43,0.017882787322494074
6522.44,0.018670980057709882
6522.45,0.01962117958141419
6522.46,0.02058873137717006
6522.47,0.021339695928066723
6522.48,0.02160802205535427
6522.49,0.02121577148019822
6522.5,0.020177964369811965
6522.51,0.018693043100034
6522.52,0.01702763124575122
6522.53,0.015400227116106122
6522.54,0.013935515718675153
6522.55,0.012678430619043236
6522.56,0.011626655782047399
6522.57,0.010757518041920223
6522.58,0.010042939166419055
6522.59,0.009456404341599339
6522.6,0.008975342947552856
6522.61,0.008581333943977804
6522.62,0.00826020025316714
6522.63,0.008000523383970873
6522.64,0.00779363909348157
6522.65,0.0076329712055023795
6522.66,0.007513639680463063
6522.67,0.007432117221470701
6522.68,0.007386015383523558
6522.69,0.00737379476792682
6522.7,0.007394434821275154
6522.71,0.007446907856292306
6522.72,0.007528778163379542
6522.73,0.0076373233876901505
6522.74,0.007764997518219176
6522.75,0.007901564743999246
6522.76,0.008035571751592703
6522.77,0.008158660167890956
6522.78,0.008269846833840968
6522.79,0.008376932826010047
6522.8,0.008491489164126346
6522.81,0.008626920958924866
6522.82,0.008793561332818778
6522.83,0.00899762173706448
6522.84,0.009245630475640355
6522.85,0.009540295429499055
6522.86,0.009885065617319538
6522.87,0.010283757180485884
6522.88,0.010740732685082383
6522.89,0.011260698522999001
6522.9,0.011848106160802634
6522.91,0.012505971050884425
6522.92,0.013230657382153992
6522.93,0.014024642159576479
6522.94,0.014877488344885151
6522.95,0.015778606890809923
6522.96,0.016722068807454804
6522.97,0.017706423626334424
6522.98,0.01873309788983371
6522.99,0.01980272753621483
6523.0,0.02091075506160574
6523.01,0.02204880569914911
6523.02,0.023209915108606698
6523.03,0.024395304851497338
6523.04,0.025619726100475797
6523.05,0.026913243109482628
6523.06,0.02831893901475026
6523.07,0.029887664875344683
6523.08,0.03167180508113374
6523.09,0.033719016594770196
6523.1,0.036069137555726515
6523.11,0.038746504690317166
6523.12,0.04175521824934369
6523.13,0.04507603424013803
6523.14,0.04865057862519395
6523.15,0.052378632548725594
6523.16,0.05611107251544161
6523.17,0.059657616746424585
6523.18,0.06280744395922394
6523.19,0.06536509180068309
6523.2,0.06719234872062996
6523.21,0.06824439617687708
6523.22,0.06857372326393858
6523.23,0.06831419162927235
6523.24,0.06763087447234216
6523.25,0.06667273261014107
6523.26,0.06553383061684996
6523.27,0.06423779383585973
6523.28,0.06274700294577441
6523.29,0.06099247732349308
6523.3,0.05890777051624585
6523.31,0.05646972003780491
6523.32,0.0537096180561282
6523.33,0.05071208603316521
6523.34,0.04759415229732028
6523.35,0.04447974436989798
6523.36,0.04147827129739101
6523.37,0.03867247775625356
6523.38,0.03611531791561094
6523.39,0.03383326578888449
6523.4,0.031829415847665694
6523.41,0.030092941014302172
6523.42,0.028600887072055093
6523.43,0.027321671242421384
6523.44,0.026223855150692987
6523.45,0.025272273201244377
6523.46,0.024437459538372234
6523.47,0.023698067384913535
6523.48,0.023042993328412347
6523.49,0.022470626085314322
6523.5,0.021984882291167327
6523.51,0.021589100579853252
6523.52,0.021278598921333478
6523.53,0.021038679827145808
6523.54,0.020847355028854195
6523.55,0.02068537835204738
6523.56,0.02054889259073704
6523.57,0.02045312200559191
6523.58,0.02042411796207058
6523.59,0.02049143767789482
6523.6,0.02067448395611939
6523.61,0.02098432026456779
6523.62,0.021421203736191545
6523.63,0.021973610102388904
6523.64,0.022614619208627614
6523.65,0.023299126148193593
6523.66,0.023964889731868565
6523.67,0.024543552840280966
6523.68,0.024974657796363337
6523.69,0.0252252723740529
6523.7,0.02530363118664074
6523.71,0.025256862108372077
6523.72,0.025157705117174217
6523.73,0.025086078832055214
6523.74,0.025113496761570014
6523.75,0.025298959879106096
6523.76,0.025683731207154097
6523.77,0.026298144236919695
6523.78,0.027163910438989684
6523.79,0.028297864299881365
6523.8,0.029713089199737135
6523.81,0.03142404914521917
6523.82,0.03344389855707488
6523.83,0.03579269140521129
6523.84,0.03849236534668402
6523.85,0.04156554970188057
6523.86,0.045019006840478965
6523.87,0.048842700379878076
6523.88,0.05298486084360591
6523.89,0.05734727016469632
6523.9,0.061776236816883615
6523.91,0.06606691449161688
6523.92,0.06998134923470678
6523.93,0.07328404610899404
6523.94,0.0757849960040084
6523.95,0.07737686191722815
6523.96,0.07804652888690126
6523.97,0.0778515632956317
6523.98,0.0768764727072707
6523.99,0.07517848536291286
6524.0,0.07278139960241269
6524.01,0.0696707769258489
6524.02,0.06589379049058616
6524.03,0.061573749978397804
6524.04,0.05691268816187716
6524.05,0.05215484404846698
6524.06,0.04752348645087046
6524.07,0.04318676461287088
6524.08,0.039242731255881014
6524.09,0.035731284278368636
6524.1,0.0326515093410565
6524.11,0.029978846961973345
6524.12,0.02767796404100529
6524.13,0.025748548556239127
6524.14,0.024117310307972494
6524.15,0.022714489614222417
6524.16,0.021550613628090666
6524.17,0.02060288502657993
6524.18,0.01984932619383142
6524.19,0.01926891268657279
6524.2,0.018837191034898663
6524.21,0.018526303563143946
6524.22,0.018308900509661757
6524.23,0.018166499706366655
6524.24,0.018097172374170474
6524.25,0.018115661594360847
6524.26,0.018244171591314837
6524.27,0.018500359405704946
6524.28,0.018888605207276154
6524.29,0.01939794608879175
6524.3,0.020003841340177995
6524.31,0.020668721694116255
6524.32,0.021336862549807607
6524.33,0.021929363538399554
6524.34,0.022344291182554366
6524.35,0.02248201842066173
6524.36,0.02227391548390892
6524.37,0.021722469192323426
6524.38,0.020894841345522313
6524.39,0.01989803551032571
6524.4,0.018841228754948477
6524.41,0.017815016177678417
6524.42,0.01688072748364147
6524.43,0.016070344164886025
6524.44,0.01540335679367427
6524.45,0.014874054161718053
6524.46,0.014465627830647611
6524.47,0.014149461139624267
6524.48,0.01388867362848331
6524.49,0.013646415550439836
6524.5,0.013398931427803271
6524.51,0.013141354298550725
6524.52,0.012885935020592963
6524.53,0.012652648904319308
6524.54,0.012459844438837292
6524.55,0.012365125006606111
6524.56,0.012284221543915905
6524.57,0.012263099280572495
6524.58,0.01230466262050362
6524.59,0.012407203279303869
6524.6,0.012570686453950207
6524.61,0.01279612369854168
6524.62,0.01308505780680059
6524.63,0.013441141670320993
6524.64,0.013869662695332846
6524.65,0.01437788783250299
6524.66,0.01497505566791688
6524.67,0.015676380400846932
6524.68,0.016498557376283512
6524.69,0.017464084160997075
6524.7,0.018600688592588805
6524.71,0.019938310679052707
6524.72,0.021502788888422827
6524.73,0.023296896607926183
6524.74,0.02527086005311328
6524.75,0.027298236175551712
6524.76,0.029200349527879314
6524.77,0.030844847252094812
6524.78,0.032249509649522425
6524.79,0.033577891545321155
6524.8,0.035031464381338015
6524.81,0.036754105082439065
6524.82,0.038814022596978005
6524.83,0.041231570424782524
6524.84,0.04400736211860468
6524.85,0.04713250140023282
6524.86,0.05058583522166619
6524.87,0.054324614458149685
6524.88,0.058280256028986406
6524.89,0.062343078485234626
6524.9,0.06635523911848104
6524.91,0.0701087443733735
6524.92,0.07336521798475658
6524.93,0.07589767517627376
6524.94,0.07755543783436361
6524.95,0.07831116305619654
6524.96,0.07826829755470802
6524.97,0.07763064660643787
6524.98,0.07665607210628042
6524.99,0.0756124644447533
6525.0,0.07474728881952915
6525.01,0.07426234545971595
6525.02,0.07430265211853004
6525.03,0.07495540028583948
6525.04,0.07624206753097323
6525.05,0.07812921664553624
6525.06,0.08051556709705432
6525.07,0.08321524593949162
6525.08,0.08594322219224841
6525.09,0.08831288730772555
6525.1,0.08988994405692356
6525.11,0.09028663286581444
6525.12,0.08927469489242036
6525.13,0.08686029394891369
6525.14,0.0832798212557719
6525.15,0.07892028461969523
6525.16,0.07420855608329231
6525.17,0.06952128111217998
6525.18,0.0651398148006557
6525.19,0.061245853013207625
6525.2,0.0579393893710499
6525.21,0.05526393001660782
6525.22,0.05322546503916725
6525.23,0.05181635982760168
6525.24,0.051021097967774695
6525.25,0.05082221882539483
6525.26,0.05119967457723461
6525.27,0.05212213025336481
6525.28,0.05356162333853646
6525.29,0.05546226850007315
6525.3,0.05774822334567123
6525.31,0.06031065027068596
6525.32,0.0629856984912306
6525.33,0.06554743288400737
6525.34,0.06771627339782758
6525.35,0.06925193517210634
6525.36,0.06978204758740895
6525.37,0.06920579385648096
6525.38,0.06750582268791191
6525.39,0.06480605130505013
6525.4,0.06133407598455358
6525.41,0.05736349165162716
6525.42,0.053159456090824675
6525.43,0.04894253829265588
6525.44,0.04487410303956823
6525.45,0.0410584018826345
6525.46,0.03755012042995763
6525.47,0.034370361996152524
6525.48,0.03151782158774261
6525.49,0.028976630070303582
6525.5,0.026723779114762976
6525.51,0.024733944053446092
6525.52,0.02298024868062937
6525.53,0.021438287076931337
6525.54,0.020084468321411274
6525.55,0.018895822159643097
6525.56,0.017848862701533158
6525.57,0.01691879363914886
6525.58,0.01607929280047502
6525.59,0.015310073565154878
6525.6,0.014595033045939442
6525.61,0.013928989025285263
6525.62,0.013314810649397041
6525.63,0.012758575182487575
6525.64,0.012266012113491232
6525.65,0.011839799643833334
6525.66,0.011480476842601445
6525.67,0.011187346545890103
6525.68,0.010959437446713327
6525.69,0.01079605958961155
6525.7,0.010696940039972826
6525.71,0.010661972323362107
6525.72,0.010690477976142409
6525.73,0.010780580603381749
6525.74,0.010927089139339317
6525.75,0.01111990661610904
6525.76,0.01134199654896052
6525.77,0.011568267737733954
6525.78,0.011766588329095667
6525.79,0.011902072891305472
6525.8,0.011944524524932713
6525.81,0.011876741001968392
6525.82,0.011700014912063534
6525.83,0.011433614690689544
6525.84,0.011108742089420082
6525.85,0.010760073803343798
6525.86,0.010418520569311668
6525.87,0.010107385213546786
6525.88,0.00984164788214074
6525.89,0.009628903676598164
6525.9,0.009470529293258454
6525.91,0.009362099630898376
6525.92,0.009295377709400792
6525.93,0.009262063297318225
6525.94,0.009260306357577896
6525.95,0.009303760510862133
6525.96,0.00942324614355729
6525.97,0.0096656206670317
6525.98,0.010090397616410493
6525.99,0.010769296172166671
6526.0,0.011787707782688792
6526.01,0.013238864748376891
6526.02,0.015187936653619758
6526.03,0.017577981674508532
6526.04,0.020070907957641024
6526.05,0.021975631700328253
6526.06,0.02251089889380344
6526.07,0.02139485746879038
6526.08,0.019095377257580995
6526.09,0.016412481340648325
6526.1,0.013937376548992344
6526.11,0.011899714915742134
6526.12,0.01029805416341954
6526.13,0.009050424988534846
6526.14,0.008071097259268304
6526.15,0.007294660022724198
6526.16,0.006674492873377683
6526.17,0.006177143704467672
6526.18,0.005777698871574519
6526.19,0.0054571322689150855
6526.2,0.005200729498287671
6526.21,0.004997652044568527
6526.22,0.004839435457316259
6526.23,0.004720018206903237
6526.24,0.0046351320968848414
6526.25,0.004581984828214063
6526.26,0.004558958817918183
6526.27,0.0045654225205525815
6526.28,0.004601524395580447
6526.29,0.004667961588546351
6526.3,0.0047656020645561485
6526.31,0.004895147132252218
6526.32,0.005056172190044878
6526.33,0.005246147799643172
6526.34,0.005459072667756723
6526.35,0.0056842106723073785
6526.36,0.005905603358832124
6526.37,0.006088607709292942
6526.38,0.006242962134144097
6526.39,0.006339135563522698
6526.4,0.006372596368607341
6526.41,0.006350124691161124
6526.42,0.006286453640204765
6526.43,0.0061976021356028475
6526.44,0.006094937259982607
6526.45,0.0059826256279015754
6526.46,0.005858089181820147
6526.47,0.005721852953407531
6526.48,0.005572774442908695
6526.49,0.005414442696569052
6526.5,0.005250463540339592
6526.51,0.005091738633339778
6526.52,0.004942827837001918
6526.53,0.004810054148579601
6526.54,0.0046990756130154115
6526.55,0.0046147098685065694
6526.56,0.004560947037715802
6526.57,0.0045412344246848636
6526.58,0.004558832004954543
6526.59,0.004617043987420489
6526.6,0.004719542443646416
6526.61,0.004870175851660043
6526.62,0.005072378354003867
6526.63,0.005315977460809057
6526.64,0.005628289493773479
6526.65,0.00599820396582327
6526.66,0.006430998953563989
6526.67,0.006938991283978666
6526.68,0.00754445147480656
6526.69,0.008276781156233511
6526.7,0.009162416993413887
6526.71,0.010205132704436414
6526.72,0.01136470818279864
6526.73,0.012566918333107061
6526.74,0.013753880462284167
6526.75,0.014949446060396181
6526.76,0.016216931364185862
6526.77,0.017506489538244064
6526.78,0.018518876164215575
6526.79,0.018798207953702413
6526.8,0.018053387994820324
6526.81,0.016423992022770628
6526.82,0.014371157081244255
6526.83,0.012349768125550022
6526.84,0.010614591867330374
6526.85,0.009233933164001493
6526.86,0.008178133756853858
6526.87,0.007386415654753079
6526.88,0.006798282116355428
6526.89,0.006362854571322895
6526.9,0.006039966969105828
6526.91,0.005798553048595707
6526.92,0.005616508090213035
6526.93,0.0054734757660150025
6526.94,0.005358581185193596
6526.95,0.005262587597647083
6526.96,0.005178999671787802
6526.97,0.005102020057311612
6526.98,0.005026808860994294
6526.99,0.004949872949856572
6527.0,0.004869822659733724
6527.01,0.004789091826548386
6527.02,0.004712472997096078
6527.03,0.004647431807499443
6527.04,0.004602424114198996
6527.05,0.0045858332437925
6527.06,0.004604851696931104
6527.07,0.0046644873050223756
6527.08,0.004766105441595612
6527.09,0.004905125583120109
6527.1,0.005067901209403136
6527.11,0.005229536680089466
6527.12,0.0053552705818579825
6527.13,0.005408702120211393
6527.14,0.005365343855903989
6527.15,0.005223827413098542
6527.16,0.0050063172773323885
6527.17,0.004745291466419304
6527.18,0.004480132886868023
6527.19,0.004233363872964424
6527.2,0.004019262152415522
6527.21,0.0038437268846855926
6527.22,0.0037077248213932077
6527.23,0.0036099059443666856
6527.24,0.0035481562916900512
6527.25,0.0035201260290001536
6527.26,0.003523028881283811
6527.27,0.003552451501454238
6527.28,0.003600800902094122
6527.29,0.0036557616602789825
6527.3,0.0037004288665378436
6527.31,0.003716784489665919
6527.32,0.003692185506316587
6527.33,0.0036250610521730148
6527.34,0.0035252646066649073
6527.35,0.0034087430792528878
6527.36,0.003290802489384791
6527.37,0.0031821020849953805
6527.38,0.003088109883139031
6527.39,0.0030104542708852557
6527.4,0.0029484089341388353
6527.41,0.0029008149089893554
6527.42,0.002865758691622549
6527.43,0.0028416259316534345
6527.44,0.00282705571165052
6527.45,0.0028210169980468955
6527.46,0.0028227381108845606
6527.47,0.002831729733220339
6527.48,0.002846984260296722
6527.49,0.0028700515639760384
6527.5,0.002900401082810051
6527.51,0.002938526218062708
6527.52,0.0029851414433735893
6527.53,0.003041214227194632
6527.54,0.003107872296937115
6527.55,0.003191521499164227
6527.56,0.0032823702902407726
6527.57,0.003385360762712609
6527.58,0.0034980637351303286
6527.59,0.0036148024865085065
6527.6,0.003727204992614923
6527.61,0.00382211776315237
6527.62,0.003891216079858694
6527.63,0.0039318922478240766
6527.64,0.003949924725516951
6527.65,0.00395691639009791
6527.66,0.003965567430929159
6527.67,0.0039854780755751665
6527.68,0.0040247404342545635
6527.69,0.0040864433729726575
6527.7,0.004172336963231599
6527.71,0.004282686279647439
6527.72,0.004414953346967827
6527.73,0.004568280906056761
6527.74,0.004735909012862427
6527.75,0.004911318667945659
6527.76,0.0050897048303161566
6527.77,0.005270732980231818
6527.78,0.005461219988315661
6527.79,0.005669289720722608
6527.8,0.005902688711760354
6527.81,0.006162820205151771
6527.82,0.006442067724317699
6527.83,0.006723148002869737
6527.84,0.006981645422104607
6527.85,0.007191810567971253
6527.86,0.007330190365700309
6527.87,0.007397283971260229
6527.88,0.007394757624180424
6527.89,0.007337933961703251
6527.9,0.007236054848336856
6527.91,0.0071277021353878525
6527.92,0.0070179843208625975
6527.93,0.006918850452617229
6527.94,0.00683981623932133
6527.95,0.006784217580209292
6527.96,0.006766583796746176
6527.97,0.00678593051999542
6527.98,0.006841201612773075
6527.99,0.0069307013073482485
6528.0,0.007044514054334376
6528.01,0.007169748708027808
6528.02,0.007291560436079917
6528.03,0.007396088889513886
6528.04,0.007473024136210923
6528.05,0.007518567727616229
6528.06,0.007531220300747152
6528.07,0.007501078417534234
6528.08,0.007478373064897339
6528.09,0.007458362938921849
6528.1,0.007449969602530479
6528.11,0.00746628115748488
6528.12,0.007509994784041645
6528.13,0.007584349201084973
6528.14,0.007680713996142484
6528.15,0.00781501360165332
6528.16,0.007984782815041043
6528.17,0.008178977406234246
6528.18,0.008389398370731707
6528.19,0.008636035583443735
6528.2,0.008900109485611714
6528.21,0.009171036729293716
6528.22,0.009436321056516836
6528.23,0.009685855453876046
6528.24,0.009916730846705014
6528.25,0.010135600947676342
6528.26,0.010353607351261033
6528.27,0.010583869314574269
6528.28,0.010837148144195676
6528.29,0.01112008549316224
6528.3,0.01143625769389937
6528.31,0.011787432255340229
6528.32,0.012174614058229134
6528.33,0.012599782021457149
6528.34,0.013061747690734418
6528.35,0.013564041109943458
6528.36,0.014107456063713211
6528.37,0.014695010065623043
6528.38,0.015329737379750645
6528.39,0.016014906140661953
6528.4,0.01675433395885859
6528.41,0.01755216361726974
6528.42,0.018412778337899713
6528.43,0.019340831314363562
6528.44,0.020341292827234122
6528.45,0.021419657205087376
6528.46,0.022581397251738328
6528.47,0.023836587844346887
6528.48,0.025194068308930156
6528.49,0.026667080722866877
6528.5,0.028271894894506797
6528.51,0.030028110182168156
6528.52,0.03195752945995921
6528.53,0.03408845152137082
6528.54,0.03644940031662613
6528.55,0.039073909696861725
6528.56,0.0420001694381298
6528.57,0.04526811913210942
6528.58,0.04893582189836354
6528.59,0.05305754760617233
6528.6,0.0577001646865068
6528.61,0.06294013276722181
6528.62,0.06886386152780116
6528.63,0.07556714759086333
6528.64,0.08315296460335496
6528.65,0.09172648882117596
6528.66,0.1013857424461146
6528.67,0.1122057227549246
6528.68,0.12420804848777162
6528.69,0.13734560453570213
6528.7,0.15143124668880512
6528.71,0.1661055380244227
6528.72,0.18079809681345613
6528.73,0.19473139971417588
6528.74,0.20699248263195433
6528.75,0.2166860308390985
6528.76,0.22314388140172525
6528.77,0.2261236501557645
6528.78,0.2259067432898089
6528.79,0.223253312741638
6528.8,0.21922726426673644
6528.81,0.21495556385630202
6528.82,0.21149554870256243
6528.83,0.20956748121219954
6528.84,0.20951806207752127
6528.85,0.21120786183277382
6528.86,0.2139310425359162
6528.87,0.21643535515840698
6528.88,0.217126197224927
6528.89,0.2145072024542453
6528.9,0.20772280795531797
6528.91,0.1969121184385766
6528.92,0.18310774409393668
6528.93,0.1677825155086275
6528.94,0.15235590607470811
6528.95,0.13782818505672612
6528.96,0.12480460894499586
6528.97,0.11352342252649063
6528.98,0.10399741348434804
6528.99,0.0961224494962746
6529.0,0.08974739498399434
6529.01,0.08473294645713783
6529.02,0.08091457638201112
6529.03,0.07819439232928342
6529.04,0.07648730343243373
6529.05,0.07572747049524077
6529.06,0.07588734597422372
6529.07,0.07693750981605049
6529.08,0.07886183327467215
6529.09,0.08164058468763567
6529.1,0.08523123924441886
6529.11,0.08956015921046297
6529.12,0.09448079969772122
6529.13,0.09975492651000822
6529.14,0.10503029742412223
6529.15,0.10984954452975407
6529.16,0.11367786006745134
6529.17,0.11599233890323099
6529.18,0.11639127071723585
6529.19,0.1146948749337315
6529.2,0.11099427878214894
6529.21,0.1056221605785425
6529.22,0.09905858583265625
6529.23,0.09182477368629553
6529.24,0.08438167099204065
6529.25,0.0770858340283324
6529.26,0.07017672566517566
6529.27,0.06379308765360223
6529.28,0.05798824751086378
6529.29,0.052770838856737994
6529.3,0.04811446221233244
6529.31,0.04397534083443196
6529.32,0.04030236875077853
6529.33,0.03704359634206312
6529.34,0.03414954447225954
6529.35,0.03154931072340221
6529.36,0.02925454181936896
6529.37,0.027202998195362635
6529.38,0.02536321049260143
6529.39,0.02370896481299353
6529.4,0.02221710699437214
6529.41,0.020870949375609585
6529.42,0.019646815397887554
6529.43,0.01853312739293333
6529.44,0.017517100689921503
6529.45,0.016587679315484834
6529.46,0.015735281266468077
6529.47,0.014951581882724864
6529.48,0.014229330251794516
6529.49,0.013562193883914197
6529.5,0.012944627382713923
6529.51,0.012372811019201423
6529.52,0.011840649521494063
6529.53,0.011344831088831627
6529.54,0.010882290265052904
6529.55,0.010450053616336519
6529.56,0.010045475646555564
6529.57,0.009667532924239185
6529.58,0.009311450141655174
6529.59,0.008976666810382545
6529.6,0.008661485269727383
6529.61,0.008363215747611268
6529.62,0.008082809256913534
6529.63,0.00781764086564926
6529.64,0.007567008953417301
6529.65,0.007329677105244274
6529.66,0.007104715998144196
6529.67,0.006891279834808935
6529.68,0.00668859765231163
6529.69,0.006495965693432965
6529.7,0.0063127406995506065
6529.71,0.006138334005593734
6529.72,0.00597220633471406
6529.73,0.005813863206032861
6529.74,0.00566285088119359
6529.75,0.005518752786862479
6529.76,0.005369774901962721
6529.77,0.00523869188844997
6529.78,0.005113216556570464
6529.79,0.00499479442245056
6529.8,0.004880178507828399
6529.81,0.004771435177056041
6529.82,0.004666683920515571
6529.83,0.004566306935568364
6529.84,0.004470594688554136
6529.85,0.004379142248545386
6529.86,0.004291582195087146
6529.87,0.0042084225445845405
6529.88,0.004128941285945902
6529.89,0.004053241389212146
6529.9,0.003981250742944966
6529.91,0.003912374202050109
6529.92,0.0038476707237239073
6529.93,0.003786587764668038
6529.94,0.0037291439213136598
6529.95,0.0036753858501110404
6529.96,0.0036253914507591314
6529.97,0.003579273626561388
6529.98,0.0035371846076138907
6529.99,0.00349932074223336
6530.0,0.0034659275169754574
6530.01,0.00343878653002081
6530.02,0.003415297229994432
6530.03,0.0033973500218630586
6530.04,0.0033854137468076273
6530.05,0.003379996615797579
6530.06,0.0033816156511257164
6530.07,0.0033907404255095717
6530.08,0.0034076985889373106
6530.09,0.0034324965360219215
6530.1,0.003464725327964813
6530.11,0.003504341776005782
6530.12,0.003546660274690673
6530.13,0.0035893021752209753
6530.14,0.0036051388854018247
6530.15,0.0036329376595153444
6530.16,0.003644465984111552
6530.17,0.003634970784584467
6530.18,0.0036020437574068287
6530.19,0.0035462958063103584
6530.2,0.0034711794697248085
6530.21,0.003382047144410598
6530.22,0.0032848813006165056
6530.23,0.0031851876416389077
6530.24,0.0031027149755028733
6530.25,0.003009808199788873
6530.26,0.002923626963003699
6530.27,0.00284498816867726
6530.28,0.0027741666458792258
6530.29,0.0027109946490469373
6530.3,0.0026550877164785917
6530.31,0.002605970092491174
6530.32,0.0025631536517503445
6530.33,0.00252618420235043
6530.34,0.0024952272270626153
6530.35,0.002470474403224186
6530.36,0.002448973706008268
6530.37,0.002432181667257964
6530.38,0.0024200039821022554
6530.39,0.0024124227001431405
6530.4,0.002409496549483542
6530.41,0.0024113623771656384
6530.42,0.002418237830574549
6530.43,0.002430425144320782
6530.44,0.00244750201829342
6530.45,0.0024715880285356576
6530.46,0.0025024414915356913
6530.47,0.0025430734215279084
6530.48,0.0025895736952250953
6530.49,0.0026435063805078885
6530.5,0.00270884102885233
6530.51,0.002784709278679479
6530.52,0.00287167831508722
6530.53,0.0029699002006427066
6530.54,0.003079000853367681
6530.55,0.003197946523039213
6530.56,0.003328596102012307
6530.57,0.0034515157342864494
6530.58,0.0035897991416564135
6530.59,0.003732791328576365
6530.6,0.00388261981736041
6530.61,0.004044122283627786
6530.62,0.00422440283256599
6530.63,0.0044315986848591105
6530.64,0.004673131243390429
6530.65,0.004952910346358831
6530.66,0.005268592076934292
6530.67,0.005608657258924049
6530.68,0.00595159145159233
6530.69,0.006269289862607806
6530.7,0.0065352553052296794
6530.71,0.00673220352010758
6530.72,0.0068541868404459584
6530.73,0.006898045304947218
6530.74,0.006857879077619174
6530.75,0.0067273487305338575
6530.76,0.006510351461677005
6530.77,0.006228911258841414
6530.78,0.005919549131002216
6530.79,0.005621329350817832
6530.8,0.005366367291117742
6530.81,0.0051749439103673245
6530.82,0.005055645182827748
6530.83,0.005012596523820076
6530.84,0.0050444452815070085
6530.85,0.005144492527419154
6530.86,0.005294279681144178
6530.87,0.005460880853999843
6530.88,0.005594731288855711
6530.89,0.005643078077921978
6530.9,0.005575043624235302
6530.91,0.0054001963772807365
6530.92,0.005162761474750635
6530.93,0.004916897212705513
6530.94,0.004706055200375839
6530.95,0.004554839845321585
6530.96,0.00447407337937614
6530.97,0.00446720631603158
6530.98,0.004535065751194367
6530.99,0.004678423635430558
6531.0,0.00489812909068137
6531.01,0.005196086311860074
6531.02,0.005564951560543687
6531.03,0.006000320705556679
6531.04,0.006491331115969751
6531.05,0.007024399054102226
6531.06,0.007579399313523495
6531.07,0.008119473224842995
6531.08,0.008583721424665987
6531.09,0.008900419148110322
6531.1,0.009023764589060195
6531.11,0.008965385617894265
6531.12,0.008781184118875459
6531.13,0.008532186446272108
6531.14,0.00825258558653491
6531.15,0.007947489495375727
6531.16,0.007608979604305174
6531.17,0.0072321532909749315
6531.18,0.006822461510224174
6531.19,0.0063946248394928335
6531.2,0.005968669592008228
6531.21,0.005563546157709714
6531.22,0.00519451989473279
6531.23,0.004871919868564645
6531.24,0.004601419940891977
6531.25,0.004385378450551247
6531.26,0.00422396600756776
6531.27,0.004115614306172648
6531.28,0.004057017653494374
6531.29,0.004041754680968812
6531.3,0.004058624400968733
6531.31,0.004090563778345147
6531.32,0.004116468918967174
6531.33,0.004119416339302771
6531.34,0.0040854486414628735
6531.35,0.004021546585220059
6531.36,0.003942974075569952
6531.37,0.0038666455748860794
6531.38,0.003802910075850634
6531.39,0.003752337255543829
6531.4,0.003707764556206107
6531.41,0.0036634380839001704
6531.42,0.0036135028573838087
6531.43,0.0035647747966507932
6531.44,0.0035346874908313355
6531.45,0.003518818099412369
6531.46,0.003527893276064898
6531.47,0.0035566491068681773
6531.48,0.003590655901028499
6531.49,0.0036096601824651383
6531.5,0.0035949207776531157
6531.51,0.0035377753250601532
6531.52,0.0034448674513205507
6531.53,0.003330586008264678
6531.54,0.003215547027423042
6531.55,0.003115685586367969
6531.56,0.0030407548016958335
6531.57,0.002994798808055119
6531.58,0.002977538933978352
6531.59,0.002985370243946304
6531.6,0.003011467363917718
6531.61,0.0030485832306237385
6531.62,0.003088465120495537
6531.63,0.0031269247214988087
6531.64,0.003165165610894215
6531.65,0.003211467680435086
6531.66,0.003275886060549967
6531.67,0.003369646258996031
6531.68,0.0035032850029662875
6531.69,0.003687649169380251
6531.7,0.003935032597968445
6531.71,0.004286596060653377
6531.72,0.004710871913424145
6531.73,0.005258244627076981
6531.74,0.005955922815699691
6531.75,0.006824124972901305
6531.76,0.007855748290898582
6531.77,0.008977442689504827
6531.78,0.010017959068412127
6531.79,0.010737014054991872
6531.8,0.010940227321042245
6531.81,0.010620499541878815
6531.82,0.00996547208306594
6531.83,0.009226306376919615
6531.84,0.008588952728661212
6531.85,0.008138343311755194
6531.86,0.007886413480578017
6531.87,0.007805376816783528
6531.88,0.00785273542542902
6531.89,0.007978971768335064
6531.9,0.008133998318178692
6531.91,0.008273036644795173
6531.92,0.008362019492681937
6531.93,0.008379757646945821
6531.94,0.00831660765935676
6531.95,0.008171624960778967
6531.96,0.007953080688795239
6531.97,0.0076805747072685344
6531.98,0.0073849277957375335
6531.99,0.00710336651759322
6532.0,0.00687226041386268
6532.01,0.006720934841639755
6532.02,0.006667648498006346
6532.03,0.006715765050677138
6532.04,0.006852240612845055
6532.05,0.007023667004358349
6532.06,0.00716386344358927
6532.07,0.007196355582734846
6532.08,0.00707419733815095
6532.09,0.0068062571460685665
6532.1,0.006448348089153342
6532.11,0.006072119424419725
6532.12,0.005732969488093474
6532.13,0.005459889918875809
6532.14,0.005259951434498534
6532.15,0.005127335699363965
6532.16,0.005053625482266685
6532.17,0.005018197081837932
6532.18,0.0050100235690468805
6532.19,0.005016445336931192
6532.2,0.0050253977324841844
6532.21,0.005027015781151326
6532.22,0.005013583978602695
6532.23,0.004979987807238532
6532.24,0.004924462648133451
6532.25,0.004849273645525913
6532.26,0.004760641216334123
6532.27,0.004667559954366762
6532.28,0.004579785348373087
6532.29,0.004505519947804953
6532.3,0.004449891152905382
6532.31,0.004413731869525694
6532.32,0.004393419163994914
6532.33,0.004381993336483203
6532.34,0.004371961539061278
6532.35,0.004358904285024123
6532.36,0.004343878051358304
6532.37,0.004332698270421412
6532.38,0.004333084330552942
6532.39,0.004351864817374386
6532.4,0.004393741157803413
6532.41,0.004461476097626731
6532.42,0.004556681320162077
6532.43,0.004680590595313266
6532.44,0.004834949928911871
6532.45,0.005021204441313747
6532.46,0.005185361469310871
6532.47,0.0054443498371059065
6532.48,0.00574569413704038
6532.49,0.006094657904164954
6532.5,0.0064974109006746324
6532.51,0.006960802882510262
6532.52,0.007491991437737902
6532.53,0.008097449115585631
6532.54,0.008781326057284723
6532.55,0.00954276956660292
6532.56,0.010372702658628961
6532.57,0.011249864842942187
6532.58,0.012142808286570746
6532.59,0.0129996682757864
6532.6,0.013778015153726082
6532.61,0.014445411658027704
6532.62,0.014993606131929876
6532.63,0.01543959558367838
6532.64,0.01581422942228516
6532.65,0.01614978581780792
6532.66,0.016467492301663892
6532.67,0.016775820937975933
6532.68,0.017069702165529044
6532.69,0.017334121735329465
6532.7,0.01754510921432793
6532.71,0.017672180888977304
6532.72,0.01768415869951692
6532.73,0.017557326663693956
6532.74,0.01728314393326736
6532.75,0.01687137501539889
6532.76,0.0163477307665891
6532.77,0.015747503292046737
6532.78,0.015110090916713208
6532.79,0.014462599863481071
6532.8,0.013843547950413775
6532.81,0.013242489746448833
6532.82,0.012679029208634493
6532.83,0.012157950984010584
6532.84,0.011683462172336864
6532.85,0.011261386651349362
6532.86,0.010899137054234816
6532.87,0.01060453752347322
6532.88,0.010383756872372404
6532.89,0.010239190995933166
6532.9,0.010167568575982904
6532.91,0.010158794328449945
6532.92,0.010196012426253648
6532.93,0.010256729214863322
6532.94,0.01031505831255597
6532.95,0.010345429944264116
6532.96,0.010329847099946653
6532.97,0.01026612265095024
6532.98,0.010170174649775918
6532.99,0.010068433411957362
6533.0,0.009985584271978116
6533.01,0.00993636840259522
6533.02,0.009925187372949371
6533.03,0.009950675549847292
6533.04,0.010010255099680614
6533.05,0.010102104781616286
6533.06,0.010225475874681084
6533.07,0.010381117083690147
6533.08,0.01057220326456558
6533.09,0.010804814451961402
6533.1,0.011087573222262908
6533.11,0.01142868195274876
6533.12,0.011837497923398752
6533.13,0.012322431022605215
6533.14,0.012891631823447446
6533.15,0.013553564313242361
6533.16,0.014318632324219711
6533.17,0.015195509081278502
6533.18,0.01619785551580834
6533.19,0.017340411289345922
6533.2,0.018640243041430322
6533.21,0.020116740774566003
6533.22,0.02179136888456165
6533.23,0.023686977426326642
6533.24,0.025826457787116026
6533.25,0.028230548331285393
6533.26,0.030914424694878817
6533.27,0.03388596139157679
6533.28,0.03714093601090095
6533.29,0.04066196822299184
6533.3,0.044419474040588366
6533.31,0.04836414511945796
6533.32,0.05242230935963386
6533.33,0.05648955539890704
6533.34,0.06042702899975235
6533.35,0.06406894717673174
6533.36,0.06724135503392216
6533.37,0.06979240396826479
6533.38,0.07163026525418026
6533.39,0.07273815174100522
6533.4,0.07316743368585446
6533.41,0.07296147677175437
6533.42,0.07221536264495114
6533.43,0.07097350383608286
6533.44,0.06915759562666725
6533.45,0.06671668139346643
6533.46,0.06364114787942136
6533.47,0.0599990193609032
6533.48,0.055934036536941074
6533.49,0.051641527856611136
6533.5,0.047321231505368974
6533.51,0.04314284193506622
6533.52,0.03922778005234699
6533.53,0.035647310037364106
6533.54,0.03243482674772637
6533.55,0.02958209476850397
6533.56,0.02706967382173134
6533.57,0.02486070947319371
6533.58,0.022917024893526743
6533.59,0.021199725503801725
6533.6,0.019676954151423908
6533.61,0.018326522983891133
6533.62,0.017134493316160706
6533.63,0.01609136207971544
6533.64,0.015188767782253596
6533.65,0.014418340059056794
6533.66,0.013769915003629202
6533.67,0.01323368564858865
6533.68,0.012797299735647366
6533.69,0.012451117357391399
6533.7,0.012177306090791309
6533.71,0.011964289553226889
6533.72,0.011803923534153144
6533.73,0.011694652674977178
6533.74,0.011639859487482309
6533.75,0.011642927828129184
6533.76,0.011702119613687471
6533.77,0.011807647479150188
6533.78,0.011941905394525842
6533.79,0.012082118503463453
6533.8,0.012205024945891832
6533.81,0.012291511138244608
6533.82,0.0123289626871545
6533.83,0.012308402872687417
6533.84,0.012188243089801815
6533.85,0.012038650875139842
6533.86,0.011814501129430919
6533.87,0.011514886535561056
6533.88,0.01115116658761405
6533.89,0.01074393657492146
6533.9,0.010321554047555056
6533.91,0.009913009750263786
6533.92,0.009542160207999925
6533.93,0.00922874639806446
6533.94,0.008983053545986632
6533.95,0.008811057755206336
6533.96,0.00871583315786152
6533.97,0.00869496245802018
6533.98,0.008745611614824718
6533.99,0.008860660020509883
6534.0,0.00902693293357212
6534.01,0.009227144031959672
6534.02,0.009440849866451922
6534.03,0.009650023343717649
6534.04,0.009845583850709353
6534.05,0.01002967285450588
6534.06,0.010215740035959448
6534.07,0.010418108599184895
6534.08,0.010647512277687036
6534.09,0.01090726008971905
6534.1,0.011193733984188792
6534.11,0.011498535015503799
6534.12,0.011812510943926656
6534.13,0.012126932407823957
6534.14,0.012430043361777235
6534.15,0.012710291890229302
6534.16,0.012953517486553691
6534.17,0.013146455368632704
6534.18,0.013280115491257927
6534.19,0.013352357272468356
6534.2,0.013364064945325188
6534.21,0.013328797487765547
6534.22,0.013248722062832237
6534.23,0.013127235427258147
6534.24,0.012963904505318181
6534.25,0.012759344032111103
6534.26,0.012520952870031958
6534.27,0.012264959690898249
6534.28,0.012014125525856293
6534.29,0.011793691334618689
6534.3,0.011626775051852934
6534.31,0.011532014223609914
6534.32,0.011522044437963497
6534.33,0.01160684432493231
6534.34,0.011794567371109956
6534.35,0.012088000893468178
6534.36,0.0124951251282164
6534.37,0.013023902564494568
6534.38,0.013684418366204994
6534.39,0.01448945924772351
6534.4,0.015454874953894455
6534.41,0.016599760528436834
6534.42,0.017946363974420863
6534.43,0.019519519666947406
6534.44,0.021345265713776547
6534.45,0.02344752158590503
6534.46,0.025845245954062002
6534.47,0.028542871309914255
6534.48,0.03151936541529855
6534.49,0.03471655576548327
6534.5,0.03802403775025287
6534.51,0.04127528250678163
6534.52,0.04425392917399515
6534.53,0.046729278705222976
6534.54,0.048508790528902355
6534.55,0.04949454380510419
6534.56,0.04971380264154934
6534.57,0.049308190713071444
6534.58,0.048489664402478025
6534.59,0.04745461586132067
6534.6,0.046371555838868046
6534.61,0.04533054673010666
6534.62,0.0443376158386827
6534.63,0.04330980391732538
6534.64,0.04208592200055046
6534.65,0.04047188254214271
6534.66,0.03833170889319365
6534.67,0.03566555805084741
6534.68,0.03262555760948288
6534.69,0.029445414795722855
6534.7,0.026349922682914258
6534.71,0.02349400690222989
6534.72,0.0209542068517249
6534.73,0.018746843401879886
6534.74,0.016853069511034467
6534.75,0.01523854699218289
6534.76,0.013865269418635872
6534.77,0.012698270142067068
6534.78,0.011704905397433095
6534.79,0.010860646867943082
6534.8,0.01014392155898741
6534.81,0.009540584264251232
6534.82,0.009040096491085624
6534.83,0.0086358047270318
6534.84,0.008327066474723607
6534.85,0.008120132106938504
6534.86,0.008030655230889182
6534.87,0.008090947152029052
6534.88,0.008356289985079734
6534.89,0.008918430249040186
6534.9,0.009903724368287358
6534.91,0.011394241179022576
6534.92,0.013164937709203507
6534.93,0.014412567941857394
6534.94,0.01422503748321678
6534.95,0.012650328325677413
6534.96,0.010630929534900564
6534.97,0.008924152252731682
6534.98,0.007714485631116011
6534.99,0.00690982795121799
6535.0,0.006376576522875266
6535.01,0.0060258170703049434
6535.02,0.0058003089478229405
6535.03,0.005665577856909214
6535.04,0.005600937629317556
6535.05,0.00559400176542476
6535.06,0.005637443340179138
6535.07,0.005728558737010508
6535.08,0.0058617594401605445
6535.09,0.006036752618016503
6535.1,0.006251362869333532
6535.11,0.006502333750172484
6535.12,0.006783714636992347
6535.13,0.0070861959007754586
6535.14,0.007396463992823774
6535.15,0.007697624737319198
6535.16,0.007971093814477857
6535.17,0.008199988278146827
6535.18,0.008373226259532572
6535.19,0.008488794614603576
6535.2,0.008554340043604926
6535.21,0.008586346906308336
6535.22,0.008607995809363998
6535.23,0.008630123154985667
6535.24,0.008670659458735235
6535.25,0.00873623594371781
6535.26,0.008825701533737632
6535.27,0.008930726227286669
6535.28,0.009037341132443593
6535.29,0.009129498696522496
6535.3,0.009192251585856022
6535.31,0.009215311786884384
6535.32,0.009194296269977382
6535.33,0.009132394960873735
6535.34,0.009034428344205718
6535.35,0.008905523671700636
6535.36,0.008747751733315984
6535.37,0.008559396467351451
6535.38,0.008336581319882458
6535.39,0.008076499762227081
6535.4,0.007780017754130941
6535.41,0.007453868049944993
6535.42,0.0071094486609482276
6535.43,0.006759293721378201
6535.44,0.0064199534645426925
6535.45,0.006101603020401127
6535.46,0.005812695309407024
6535.47,0.005558651815657005
6535.48,0.005342347030927583
6535.49,0.005165185378804651
6535.5,0.0050275060993064564
6535.51,0.004929319200677766
6535.52,0.004870026250150113
6535.53,0.004848907275068343
6535.54,0.004862862984949319
6535.55,0.004905652695755541
6535.56,0.004966029263379159
6535.57,0.005027337447166782
6535.58,0.005069977139569211
6535.59,0.005076973732750553
6535.6,0.005040737190612009
6535.61,0.0049628851255069314
6535.62,0.004859746559597405
6535.63,0.0047482516516523954
6535.64,0.004644989835010868
6535.65,0.0045618264345848245
6535.66,0.0045054852946952995
6535.67,0.004478828470936673
6535.68,0.004482588514281313
6535.69,0.004519191048631512
6535.7,0.004583261329315824
6535.71,0.004677072404847875
6535.72,0.004800032570718671
6535.73,0.0049503565449270995
6535.74,0.005123850432451677
6535.75,0.005312910290919811
6535.76,0.005507467687456122
6535.77,0.005695511416121869
6535.78,0.005871547489128963
6535.79,0.00603831351674432
6535.8,0.006206554503835257
6535.81,0.006391732483149853
6535.82,0.006608662403413117
6535.83,0.006869465663428836
6535.84,0.007181244572951241
6535.85,0.007550856570409058
6535.86,0.007982339489569489
6535.87,0.008478910025206933
6535.88,0.009042467470370102
6535.89,0.009672627529603512
6535.9,0.010366135639979054
6535.91,0.011114253739479754
6535.92,0.011902170017155352
6535.93,0.012707168242738659
6535.94,0.01349928141988403
6535.95,0.014242794945312734
6535.96,0.014900164474544321
6535.97,0.015437160889623413
6535.98,0.01582832443009941
6535.99,0.016061318216059304
6536.0,0.016139105042176492
6536.01,0.016079505986860795
6536.02,0.0159125898972162
6536.03,0.015676112894547435
6536.04,0.015410224255751837
6536.05,0.015152120632192402
6536.06,0.014931218973877355
6536.07,0.01476638153083726
6536.08,0.014666820531965037
6536.09,0.01463292364595748
6536.1,0.014659870411346433
6536.11,0.01474182583161356
6536.12,0.014867739948535103
6536.13,0.015027498226230127
6536.14,0.015210163314526369
6536.15,0.015399919317065962
6536.16,0.015586755832222824
6536.17,0.015741368970724406
6536.18,0.015857329324519914
6536.19,0.015928292969372863
6536.2,0.015957477366631348
6536.21,0.01595625706636261
6536.22,0.01593927270016654
6536.23,0.01592253974884584
6536.24,0.015919516079848935
6536.25,0.015944550356769657
6536.26,0.016016088580188183
6536.27,0.01616106689429412
6536.28,0.016409099219786706
6536.29,0.016787506029654207
6536.3,0.0173148456553532
6536.31,0.017997522872852282
6536.32,0.018826815962660795
6536.33,0.019781714236094414
6536.34,0.02079612114015818
6536.35,0.021821683932022832
6536.36,0.022780076666333984
6536.37,0.02361373732230887
6536.38,0.02430269273584547
6536.39,0.024875904888055418
6536.4,0.025404144479198112
6536.41,0.025979144404309377
6536.42,0.026691187901103756
6536.43,0.027617291063015793
6536.44,0.028815186002508562
6536.45,0.030327853771842755
6536.46,0.03218736063532154
6536.47,0.034418988296449536
6536.48,0.03704023404113629
6536.49,0.040058994460443816
6536.5,0.04346755837491352
6536.51,0.04722867488445281
6536.52,0.05127476455582781
6536.53,0.055481147209443984
6536.54,0.059664548581378304
6536.55,0.0635824717897094
6536.56,0.06695174965194013
6536.57,0.06948808799750272
6536.58,0.07096113142072104
6536.59,0.07124877007676442
6536.6,0.07036955009951203
6536.61,0.06847886464788099
6536.62,0.06583194843129814
6536.63,0.06272900404430078
6536.64,0.05946221853650115
6536.65,0.056276218867234905
6536.66,0.053344388292772243
6536.67,0.05076147526119063
6536.68,0.04853487332315073
6536.69,0.04660636271703604
6536.7,0.04486776256401435
6536.71,0.04322150665158416
6536.72,0.04154012717376696
6536.73,0.03982567407679935
6536.74,0.03804414057798309
6536.75,0.03624673438588797
6536.76,0.03447513039184859
6536.77,0.03277481837033954
6536.78,0.031188621735543244
6536.79,0.029751422577330572
6536.8,0.028484515819053445
6536.81,0.027389144206744445
6536.82,0.02645541925504538
6536.83,0.0256251570612823
6536.84,0.02486023712944477
6536.85,0.02410224472909051
6536.86,0.02331025260825862
6536.87,0.022456833589548045
6536.88,0.021535374201907362
6536.89,0.020559354030094616
6536.9,0.019558386812613345
6536.91,0.018568889307921384
6536.92,0.01762721612029761
6536.93,0.01676376718688085
6536.94,0.016000059493624572
6536.95,0.015348068704163333
6536.96,0.01481176446049291
6536.97,0.01438261924339677
6536.98,0.014047414464782798
6536.99,0.01378584221099355
6537.0,0.013573484298994616
6537.01,0.013389050480058035
6537.02,0.013220355939069672
6537.03,0.013069738232535424
6537.04,0.012957804545934157
6537.05,0.012881590926557513
6537.06,0.012856101611950829
6537.07,0.012869755578515243
6537.08,0.012889471703481007
6537.09,0.012865489208957671
6537.1,0.012745429360080296
6537.11,0.01249312184349238
6537.12,0.012102431174164206
6537.13,0.011597696395852283
6537.14,0.011022105752294481
6537.15,0.010423087150077075
6537.16,0.009842270183346163
6537.17,0.009310649401813805
6537.18,0.008847284708246658
6537.19,0.008460383743049719
6537.2,0.008149778015233712
6537.21,0.00790949053926309
6537.22,0.007729672079208706
6537.23,0.0075979315301383556
6537.24,0.00750140029558126
6537.25,0.0074295808184384835
6537.26,0.007377447749489642
6537.27,0.007346489189824145
6537.28,0.007342881955247872
6537.29,0.0074020901231339874
6537.3,0.0074757803295284805
6537.31,0.007597030103606715
6537.32,0.0077699961797531095
6537.33,0.007997862018949713
6537.34,0.00828267991503185
6537.35,0.008624500115523293
6537.36,0.009020763600253705
6537.37,0.00946301808250976
6537.38,0.009941937365326352
6537.39,0.010448592384561502
6537.4,0.010979290983538219
6537.41,0.011537141485850198
6537.42,0.012126435413796308
6537.43,0.012744932884833662
6537.44,0.013380896292827899
6537.45,0.014009672231697518
6537.46,0.01460247802194495
6537.47,0.015136954085725308
6537.48,0.015597541873811236
6537.49,0.016020327451314553
6537.5,0.01636929896704753
6537.51,0.0167070030294273
6537.52,0.017077284336764795
6537.53,0.017522293753033925
6537.54,0.01808175982092698
6537.55,0.01878919652598598
6537.56,0.01967059944476419
6537.57,0.02074380760779254
6537.58,0.02201665600624641
6537.59,0.02348448273408766
6537.6,0.02512849574837638
6537.61,0.02690605192209125
6537.62,0.02874695016686931
6537.63,0.03055251056986417
6537.64,0.03219358832437529
6537.65,0.03352529204816969
6537.66,0.034408092589261446
6537.67,0.0347358809487664
6537.68,0.034461209334177414
6537.69,0.03360863396705517
6537.7,0.032263293355737035
6537.71,0.030556653432001996
6537.72,0.0286306256313466
6537.73,0.026617643078504005
6537.74,0.02462286128420927
6537.75,0.022719363192575007
6537.76,0.020950722162163402
6537.77,0.019333770476361107
6537.78,0.017870891891655236
6537.79,0.01655355772776798
6537.8,0.015369515238031976
6537.81,0.01430848093625768
6537.82,0.013358640160010076
6537.83,0.012514940654092666
6537.84,0.011772564154947093
6537.85,0.01111288626654925
6537.86,0.010560214658895218
6537.87,0.010095531715603004
6537.88,0.009714356610621111
6537.89,0.009404588092787576
6537.9,0.009175783114022932
6537.91,0.009016180279440875
6537.92,0.008905741653946761
6537.93,0.00886657425343858
6537.94,0.00887046602220971
6537.95,0.008915922538505979
6537.96,0.008980618237774515
6537.97,0.009052892332352258
6537.98,0.009116437984101059
6537.99,0.00915904219889176
6538.0,0.009172502707785529
6538.01,0.009151977658738606
6538.02,0.009093991244334665
6538.03,0.008994013288572463
6538.04,0.008847900900022092
6538.05,0.008648561018051278
6538.06,0.008396915641964231
6538.07,0.00809802762112799
6538.08,0.007767039353980306
6538.09,0.00742066217682309
6538.1,0.007075801078308578
6538.11,0.006747198069034611
6538.12,0.006445463946521667
6538.13,0.006177022199739054
6538.14,0.005944898607735072
6538.15,0.00575057232278243
6538.16,0.00559176327079148
6538.17,0.005467990065714123
6538.18,0.005377853323047926
6538.19,0.005320192820701717
6538.2,0.005294305082086484
6538.21,0.005300092782767675
6538.22,0.005338187093180426
6538.23,0.00541007479788871
6538.24,0.005518257097404304
6538.25,0.0056652771210757985
6538.26,0.005858790549503141
6538.27,0.006104846976299035
6538.28,0.006413466748970538
6538.29,0.0067976843473747574
6538.3,0.007278100515368796
6538.31,0.007874384085149337
6538.32,0.008622108406296243
6538.33,0.00956565351442929
6538.34,0.010762370223617743
6538.35,0.01228013820342045
6538.36,0.014182192221987234
6538.37,0.01648339038303555
6538.38,0.01906455395201949
6538.39,0.02157797763081445
6538.4,0.023474518968182864
6538.41,0.024273628871837614
6538.42,0.023937081745317876
6538.43,0.022904072027287014
6538.44,0.021763046260159107
6538.45,0.02092970907205675
6538.46,0.020571176974904872
6538.47,0.020685273205423235
6538.48,0.02118676791137191
6538.49,0.021952518830599437
6538.5,0.022836549102758397
6538.51,0.023675927158184343
6538.52,0.02431086917830589
6538.53,0.024601946922613842
6538.54,0.024460833762783563
6538.55,0.023887474953648208
6538.56,0.022934090004400855
6538.57,0.02170009745566507
6538.58,0.020297596337908723
6538.59,0.018829673062556822
6538.6,0.017380047222484506
6538.61,0.01601079127209301
6538.62,0.01476331191012319
6538.63,0.013661032811498634
6538.64,0.01271298513068597
6538.65,0.011917459331299198
6538.66,0.011265896149481022
6538.67,0.010745597297768613
6538.68,0.010342174382810619
6538.69,0.010039132768618467
6538.7,0.009832571566419047
6538.71,0.009713765641116093
6538.72,0.009682725342242147
6538.73,0.009744177268676315
6538.74,0.009904589324494558
6538.75,0.010173738626824467
6538.76,0.010555265034596393
6538.77,0.011049563672097047
6538.78,0.011647590627039258
6538.79,0.012330264997331825
6538.8,0.0130663846729485
6538.81,0.013799248787584477
6538.82,0.014461415340337994
6538.83,0.014966042815535777
6538.84,0.015227289255658012
6538.85,0.015184675178778148
6538.86,0.014828053264212578
6538.87,0.014203162723648901
6538.88,0.013376694274911725
6538.89,0.012464639250108513
6538.9,0.011517085607119492
6538.91,0.010574120883811673
6538.92,0.00966006301634555
6538.93,0.008795135354490497
6538.94,0.00799523098185145
6538.95,0.007274224546396846
6538.96,0.006638710168573158
6538.97,0.006089287143370302
6538.98,0.005615165975178032
6538.99,0.005209692127618169
6539.0,0.004863562794223161
6539.01,0.004568106373553694
6539.02,0.004315749567841443
6539.03,0.004101002335880862
6539.04,0.003916871018054405
6539.05,0.0037599930094226563
6539.06,0.003627148045782535
6539.07,0.0035153777366496875
6539.08,0.003422827019827712
6539.09,0.0033480373441824533
6539.1,0.00329005235662021
6539.11,0.0032483456149354274
6539.12,0.0032228126755724823
6539.13,0.00321366920616882
6539.14,0.003221303029838255
6539.15,0.003245963633243357
6539.16,0.0032871961865450533
6539.17,0.00334297031440249
6539.18,0.0034086871489818205
6539.19,0.003479593188448098
6539.2,0.003540472116452455
6539.21,0.0035860856355711115
6539.22,0.00361378407413696
6539.23,0.0036282995007635337
6539.24,0.0036403745033606176
6539.25,0.0036612377558132604
6539.26,0.0037017490646602345
6539.27,0.0037696560550691803
6539.28,0.003870339909807625
6539.29,0.004007510081170638
6539.3,0.004183332639432128
6539.31,0.004397765480918842
6539.32,0.004646953593462416
6539.33,0.00492155003981134
6539.34,0.005206564385741416
6539.35,0.005484388468819578
6539.36,0.005740710476862717
6539.37,0.005970965347036498
6539.38,0.006174043812491709
6539.39,0.006358187207290895
6539.4,0.00653261003314211
6539.41,0.006710228928187474
6539.42,0.006908501440095936
6539.43,0.007145847982832833
6539.44,0.0074373393204898545
6539.45,0.007788966893487561
6539.46,0.008195756742036065
6539.47,0.008640896121671576
6539.48,0.009095962076144918
6539.49,0.009522737161369864
6539.5,0.009877551453537367
6539.51,0.010118997652723888
6539.52,0.010216999637181312
6539.53,0.010160490615122132
6539.54,0.009962263047220941
6539.55,0.009645053879656003
6539.56,0.009248603082426171
6539.57,0.008811152453546597
6539.58,0.008365985179051039
6539.59,0.007938599777996975
6539.6,0.007545968130920426
6539.61,0.007196526258520123
6539.62,0.006889194166259633
6539.63,0.006614399586815148
6539.64,0.006355303469703056
6539.65,0.006093626871091025
6539.66,0.00581751192192271
6539.67,0.005526774762278794
6539.68,0.005231919633142228
6539.69,0.004947694318233128
6539.7,0.004686680234758149
6539.71,0.004456257114509165
6539.72,0.0042588399543707555
6539.73,0.004093547002273863
6539.74,0.003957861504719346
6539.75,0.003848762151374255
6539.76,0.003763339214657252
6539.77,0.0036990582874115076
6539.78,0.003653895567662876
6539.79,0.0036262678119638146
6539.8,0.003614864850697672
6539.81,0.0036193351522843305
6539.82,0.0036671337008740393
6539.83,0.003702391822195402
6539.84,0.003753276217563214
6539.85,0.003820368323621506
6539.86,0.0039044866292508983
6539.87,0.00400659621099745
6539.88,0.004125751902713588
6539.89,0.004266725193334515
6539.9,0.004427844956363382
6539.91,0.004608357045014367
6539.92,0.004806466804637042
6539.93,0.005018285179895709
6539.94,0.005238077896031102
6539.95,0.005461121191031985
6539.96,0.005682719745181706
6539.97,0.005902369482139793
6539.98,0.006124784451223429
6539.99,0.006359891351604327
6540.0,0.006620713288657058
6540.01,0.006923613638221167
6540.02,0.007283391278748512
6540.03,0.007714464790149542
6540.04,0.008225410691804522
6540.05,0.008823649927676603
6540.06,0.009508435663701078
6540.07,0.010266333734034249
6540.08,0.011066043166332501
6540.09,0.011855435113791403
6540.1,0.01256777648003193
6540.11,0.013132699192918089
6540.12,0.01350392779085983
6540.13,0.013668051886054671
6540.14,0.013644769245892838
6540.15,0.013475484088762252
6540.16,0.013210044607413568
6540.17,0.012896240249377182
6540.18,0.01257336506107632
6540.19,0.01226422867634035
6540.2,0.0119878557258788
6540.21,0.011750962760340398
6540.22,0.011526165939645538
6540.23,0.011311967144400994
6540.24,0.011097326284510515
6540.25,0.010877231431791158
6540.26,0.010652781224384317
6540.27,0.01043123386106229
6540.28,0.01022471176749893
6540.29,0.010044380343719298
6540.3,0.009905829763167201
6540.31,0.0098189907913378
6540.32,0.009793564670028027
6540.33,0.009835330846788504
6540.34,0.009948441851420046
6540.35,0.010134158715490124
6540.36,0.010390172201142455
6540.37,0.010712693248144455
6540.38,0.011091083772398359
6540.39,0.011513242343402305
6540.4,0.01196462505196214
6540.41,0.01243365830338824
6540.42,0.012914825990482057
6540.43,0.013412715987274717
6540.44,0.013940729061222097
6540.45,0.014518438547868565
6540.46,0.015165793338448032
6540.47,0.015896834595257682
6540.48,0.016715626038000062
6540.49,0.017610076987902103
6540.5,0.0185554766276292
6540.51,0.01951543357678833
6540.52,0.020445075313857256
6540.53,0.02129000442939901
6540.54,0.02198129831821371
6540.55,0.022442583618509836
6540.56,0.022599268839029164
6540.57,0.02240840813222167
6540.58,0.021874919699764468
6540.59,0.02105491765033427
6540.6,0.020037834899760167
6540.61,0.018927637075131124
6540.62,0.01781264757956994
6540.63,0.01675972963077693
6540.64,0.015812121948592873
6540.65,0.014991073900187146
6540.66,0.014303557750717835
6540.67,0.013743294129975164
6540.68,0.013316710474292143
6540.69,0.013009765969030347
6540.7,0.012815074982443726
6540.71,0.01272642670779575
6540.72,0.012739329576120747
6540.73,0.012851278760877277
6540.74,0.013061872172138578
6540.75,0.013372840036782246
6540.76,0.013788004586977523
6540.77,0.014313141033641091
6540.78,0.014955600732792363
6540.79,0.015723830861789825
6540.8,0.016626059581039805
6540.81,0.017668445241035766
6540.82,0.01885221121707985
6540.83,0.0201700259457963
6540.84,0.021602544322579662
6540.85,0.023117627727182576
6540.86,0.02467227532735231
6540.87,0.026226080971516567
6540.88,0.027754972672029983
6540.89,0.029265302493230772
6540.9,0.03079700556236224
6540.91,0.0324177979000385
6540.92,0.03419827342475897
6540.93,0.0361956827434613
6540.94,0.038436076903834576
6540.95,0.04090002350119229
6540.96,0.04352269820297887
6540.97,0.04617925625430488
6540.98,0.0487059421244492
6540.99,0.05092340676229622
6541.0,0.05267734272719049
6541.01,0.05387212153631657
6541.02,0.05447555051958974
6541.03,0.0544960572442216
6541.04,0.05395294578570215
6541.05,0.052866310380690784
6541.06,0.051271517641830265
6541.07,0.049243984519410804
6541.08,0.04691506074584289
6541.09,0.04444312069326183
6541.1,0.04199281402200929
6541.11,0.03970281042442543
6541.12,0.03768046305209277
6541.13,0.03597461520132979
6541.14,0.034619369971291544
6541.15,0.03362079407749579
6541.16,0.032972977945136386
6541.17,0.03266572742868897
6541.18,0.032692030536853295
6541.19,0.033050551702760694
6541.2,0.03374720897056264
6541.21,0.03479477451437691
6541.22,0.036212225786310295
6541.23,0.0380243211358781
6541.24,0.04025977410283512
6541.25,0.042950294369170736
6541.26,0.04612607746847356
6541.27,0.04981123859070917
6541.28,0.05401980047851951
6541.29,0.05875431194501368
6541.3,0.06400409854883292
6541.31,0.06974304353634998
6541.32,0.0759056417206672
6541.33,0.08235561198227519
6541.34,0.08885616848860438
6541.35,0.09505740726812333
6541.36,0.10051616141736701
6541.37,0.1047530095778077
6541.38,0.10733874297284844
6541.39,0.1079870194672087
6541.4,0.10662085531825323
6541.41,0.10338753393942558
6541.42,0.09861827833734993
6541.43,0.0927521318291267
6541.44,0.08625252226077589
6541.45,0.07953980559285
6541.46,0.07295719412349576
6541.47,0.06671828067383873
6541.48,0.060971537214346366
6541.49,0.05574083561858194
6541.5,0.05106657027457536
6541.51,0.046880660828628566
6541.52,0.04312514914622133
6541.53,0.03974360257574419
6541.54,0.0366904415640983
6541.55,0.03393516885148855
6541.56,0.03146074641753996
6541.57,0.029257703209287254
6541.58,0.027317121557142658
6541.59,0.02562642839444028
6541.6,0.024165294884543467
6541.61,0.022920208100505688
6541.62,0.021865759962417117
6541.63,0.020978508217497697
6541.64,0.020233656932790018
6541.65,0.019605185335449575
6541.66,0.01906691743772799
6541.67,0.018594398699304706
6541.68,0.018166379286809548
6541.69,0.017764783832023262
6541.7,0.017372922030126567
6541.71,0.016973882379966682
6541.72,0.016551508307162156
6541.73,0.016094436363338828
6541.74,0.015600765974863135
6541.75,0.015079854010392748
6541.76,0.01454968490776587
6541.77,0.014031396267819542
6541.78,0.013543993636243127
6541.79,0.013101313900671416
6541.8,0.012711497032165687
6541.81,0.012377979068927823
6541.82,0.012101047795455616
6541.83,0.011879287936500447
6541.84,0.011710569602744548
6541.85,0.01159291344824744
6541.86,0.011524798850690037
6541.87,0.011505478960709126
6541.88,0.011535160963041946
6541.89,0.011615152962156873
6541.9,0.011748014302427076
6541.91,0.011937730022461067
6541.92,0.012189972679768086
6541.93,0.01251207204961617
6541.94,0.012913497420993231
6541.95,0.013405540885391204
6541.96,0.014000686480117035
6541.97,0.014710340679596916
6541.98,0.015542261153446944
6541.99,0.016491292160885785
6542.0,0.017531413162723997
6542.01,0.01860827441379899
6542.02,0.019643567157931124
6542.03,0.02055911451843069
6542.04,0.021312447968985754
6542.05,0.021918067357769945
6542.06,0.022433707341816583
6542.07,0.02292139455545864
6542.08,0.023412115937314255
6542.09,0.02389689675739416
6542.1,0.02433484598340356
6542.11,0.024679491306544062
6542.12,0.02490319191207024
6542.13,0.02501309426959272
6542.14,0.025051877576789793
6542.15,0.02508481831039395
6542.16,0.025181672380452567
6542.17,0.02540284974585153
6542.18,0.025793163544836482
6542.19,0.02638280516536904
6542.2,0.02719111379965431
6542.21,0.028228565779518343
6542.22,0.029509215293386987
6542.23,0.03103791796276859
6542.24,0.032820801444010776
6542.25,0.03486331280794438
6542.26,0.0371719244698
6542.27,0.039754176917831896
6542.28,0.042625079496924984
6542.29,0.04580690709545571
6542.3,0.04932829640647539
6542.31,0.05321682906246399
6542.32,0.057485169116353534
6542.33,0.06211272237324525
6542.34,0.06702539504683251
6542.35,0.07209338275419162
6542.36,0.07712284816047553
6542.37,0.0818821822902818
6542.38,0.08612796870341974
6542.39,0.08963320623961042
6542.4,0.09221019140822846
6542.41,0.09373587707756707
6542.42,0.0941772067699944
6542.43,0.09360850874728108
6542.44,0.0922089060598892
6542.45,0.09023494391461676
6542.46,0.08798355190265371
6542.47,0.08574246888014664
6542.48,0.08376246391705065
6542.49,0.08223841871185555
6542.5,0.08130149006805361
6542.51,0.0810278755158892
6542.52,0.08142399470446
6542.53,0.08246078125593083
6542.54,0.0840363318450023
6542.55,0.08601048469932518
6542.56,0.08819197124983497
6542.57,0.09033725383298802
6542.58,0.0922079045699092
6542.59,0.0935089215305226
6542.6,0.09397606337978295
6542.61,0.09340047026939717
6542.62,0.09167624849415848
6542.63,0.08882288742019855
6542.64,0.08498364861259318
6542.65,0.0803907699935807
6542.66,0.07531738064717496
6542.67,0.07003045493657843
6542.68,0.06475719741360815
6542.69,0.05966954319967253
6542.7,0.05488444910029188
6542.71,0.050464621498216136
6542.72,0.0464415448037593
6542.73,0.04281869866555949
6542.74,0.03958235316079422
6542.75,0.03671009536021646
6542.76,0.034174676486552064
6542.77,0.03194702616469863
6542.78,0.02999743388224945
6542.79,0.028295468981561014
6542.8,0.026809106911449797
6542.81,0.025503836038961867
6542.82,0.024342924644340364
6542.83,0.023289567794552317
6542.84,0.022312268041151245
6542.85,0.021394053764897145
6542.86,0.020527847701472462
6542.87,0.01971990077699844
6542.88,0.018985703757880154
6542.89,0.018338696353244442
6542.9,0.017792087075966058
6542.91,0.01735239884281639
6542.92,0.01702116618575533
6542.93,0.01679687718839589
6542.94,0.016673280259094883
6542.95,0.016639506275773014
6542.96,0.016687277815282196
6542.97,0.01677846805627976
6542.98,0.01689422214748089
6542.99,0.01700609067815152
6543.0,0.017089565971137404
6543.01,0.017129895889158003
6543.02,0.01712566694020876
6543.03,0.017088125467083416
6543.04,0.01703557842375236
6543.05,0.016985568051520683
6543.06,0.01694731547571245
6543.07,0.016916149335054195
6543.08,0.016872047026937526
6543.09,0.016785123388341292
6543.1,0.016626694408656165
6543.11,0.016377771119321118
6543.12,0.01603286839097337
6543.13,0.015601503318882014
6543.14,0.015111349385735134
6543.15,0.014603852209733913
6543.16,0.01411842048138407
6543.17,0.013674817492444272
6543.18,0.013266015111299644
6543.19,0.012864746079356311
6543.2,0.01243858969522163
6543.21,0.011965704137628179
6543.22,0.01144377624287029
6543.23,0.010889126584855281
6543.24,0.010328150721615728
6543.25,0.009787587499599161
6543.26,0.00928813183395931
6543.27,0.008842273917186639
6543.28,0.008454428066176986
6543.29,0.008127743155799531
6543.3,0.007858673310323668
6543.31,0.007644414153890173
6543.32,0.007481457882554018
6543.33,0.007365926640587463
6543.34,0.007292930790023589
6543.35,0.007255576950454859
6543.36,0.007244174178565546
6543.37,0.007246797604502864
6543.38,0.007252119917268012
6543.39,0.0072537747892748
6543.4,0.007253171325143231
6543.41,0.007258975895212805
6543.42,0.007280378803645422
6543.43,0.007326084477779972
6543.44,0.007399480551016608
6543.45,0.007500100490760171
6543.46,0.007623686308531117
6543.47,0.0077644786372455575
6543.48,0.007916819570890235
6543.49,0.008070759675876935
6543.5,0.008217513905759484
6543.51,0.008346081966290032
6543.52,0.008447519633719258
6543.53,0.008519455321615991
6543.54,0.008568820969384886
6543.55,0.008610875329453378
6543.56,0.0086655680229008
6543.57,0.008754361652123782
6543.58,0.008889716564799562
6543.59,0.009080894084368527
6543.6,0.009326011305108468
6543.61,0.009613642821595115
6543.62,0.009925863098397486
6543.63,0.010245261695516136
6543.64,0.01056398047117372
6543.65,0.010889516098345996
6543.66,0.011243172787510986
6543.67,0.01165330455558022
6543.68,0.01214814558225782
6543.69,0.01281259312743198
6543.7,0.013556762542132866
6543.71,0.014462168442991377
6543.72,0.01555491499240176
6543.73,0.01686311726446147
6543.74,0.01841562317910314
6543.75,0.020240425059623392
6543.76,0.022354575537246478
6543.77,0.02476063909145735
6543.78,0.02742957569187038
6543.79,0.0302852594163134
6543.8,0.03318616235781749
6543.81,0.035918361887144756
6543.82,0.038214343683272645
6543.83,0.03981525054272963
6543.84,0.04054980600561438
6543.85,0.040392830175804556
6543.86,0.039461045875771664
6543.87,0.03795404470843591
6543.88,0.036137683045506644
6543.89,0.034078393060546455
6543.9,0.03195912660137397
6543.91,0.02986861055061088
6543.92,0.027869353192647307
6543.93,0.02600730771181037
6543.94,0.024316048130338656
6543.95,0.02281705164950238
6543.96,0.021519372380806926
6543.97,0.02041796605078134
6543.98,0.019495837245969913
6543.99,0.01872749534708705
6544.0,0.01808602539501251
6544.01,0.017552957465195206
6544.02,0.01712303517744725
6544.03,0.016801125316596947
6544.04,0.01659810497566486
6544.05,0.016523370734529554
6544.06,0.01658366127637089
6544.07,0.016779580155120002
6544.08,0.017109956230237606
6544.09,0.017580988775774704
6544.1,0.018190789071609887
6544.11,0.018941935522272284
6544.12,0.019839115078045907
6544.13,0.02089211840117043
6544.14,0.02211389372906732
6544.15,0.023522351610645854
6544.16,0.025140846594613252
6544.17,0.026996689342803748
6544.18,0.02909211957289091
6544.19,0.031460527596742026
6544.2,0.03413067221119253
6544.21,0.037138640634241424
6544.22,0.040520458621387666
6544.23,0.044294255848590924
6544.24,0.048448947310901075
6544.25,0.05291843008953328
6544.26,0.05757041615783936
6544.27,0.06219097770613576
6544.28,0.06647754484743418
6544.29,0.07005777284716015
6544.3,0.07254532450131722
6544.31,0.07362605938309087
6544.32,0.07314482087835261
6544.33,0.07115311493136083
6544.34,0.06789306139163451
6544.35,0.06372712085927386
6544.36,0.05904714913959722
6544.37,0.054201633646335526
6544.38,0.04945783133751493
6544.39,0.044995947466961714
6544.4,0.04092119348712646
6544.41,0.03728171243266018
6544.42,0.034080053071012306
6544.43,0.03129298475371744
6544.44,0.028876500822934657
6544.45,0.02677741763256683
6544.46,0.024943976913428853
6544.47,0.02333337855988712
6544.48,0.021917754468359633
6544.49,0.020675272823921533
6544.5,0.019587432058572406
6544.51,0.018631661772332397
6544.52,0.01778367439647336
6544.53,0.01701585669389434
6544.54,0.016308860203685747
6544.55,0.01565045015030148
6544.56,0.015037827299723975
6544.57,0.014476245529104753
6544.58,0.013976057308173757
6544.59,0.013549673841536464
6544.6,0.013206822186482456
6544.61,0.012963841944845586
6544.62,0.012828593289697205
6544.63,0.012811326446256814
6544.64,0.012922621599323513
6544.65,0.013174089833547066
6544.66,0.013577610543017765
6544.67,0.01414455877911644
6544.68,0.014878691170090287
6544.69,0.015773893784096424
6544.7,0.016800917114121593
6544.71,0.01789622199537158
6544.72,0.018953641952335006
6544.73,0.019829918965724693
6544.74,0.020372394198803476
6544.75,0.0204652084919759
6544.76,0.0200786484157758
6544.77,0.01927632385418848
6544.78,0.018192627289976646
6544.79,0.01698246026384441
6544.8,0.015778889889559933
6544.81,0.014673249339384964
6544.82,0.013715249593305877
6544.83,0.012916577211682666
6544.84,0.012286657617262787
6544.85,0.011803903847172672
6544.86,0.011444119180895067
6544.87,0.011178732687828511
6544.88,0.010975253173432058
6544.89,0.010800031287888371
6544.9,0.010619541087371745
6544.91,0.010407202076115068
6544.92,0.010144746147140135
6544.93,0.00982436672220249
6544.94,0.00944506753498507
6544.95,0.009022753667712116
6544.96,0.00856875122961869
6544.97,0.00809933240967788
6544.98,0.007621481261667609
6544.99,0.007166194878075635
6545.0,0.006734906020276206
6545.01,0.006334058384651371
6545.02,0.005969655137140141
6545.03,0.005637622472085761
6545.04,0.0053400683955738305
6545.05,0.005074011318123756
6545.06,0.004837482171216629
6545.07,0.004627811764948241
6545.08,0.004442388827154191
6545.09,0.004278793739398153
6545.1,0.0041348652778521325
6545.11,0.004006552581454531
6545.12,0.0038966229991134567
6545.13,0.0038015698160254103
6545.14,0.0037203307593475688
6545.15,0.003652082596917598
6545.16,0.003595404536024309
6545.17,0.0035515373540774774
6545.18,0.0035194377970886323
6545.19,0.0034990359697146833
6545.2,0.0034903676716612386
6545.21,0.003493489301609468
6545.22,0.003508416437297861
6545.23,0.003534904674968659
6545.24,0.003572276243222087
6545.25,0.003619186792080429
6545.26,0.0036734657574345937
6545.27,0.003732165933761544
6545.28,0.003791979023100042
6545.29,0.0038500688855084074
6545.3,0.0039051475334518143
6545.31,0.0039582833951826955
6545.32,0.004003429148096327
6545.33,0.004065849077164807
6545.34,0.004142173705904355
6545.35,0.004237995237401511
6545.36,0.004356273435159825
6545.37,0.004495355372905363
6545.38,0.004647147136357496
6545.39,0.004796188503519785
6545.4,0.004924841357410436
6545.41,0.005015205247455451
6545.42,0.005066906201742291
6545.43,0.00508790907688309
6545.44,0.005096377004126354
6545.45,0.005116912607955558
6545.46,0.00516545488828792
6545.47,0.005253690114284188
6545.48,0.005388744958755632
6545.49,0.005575282605589889
6545.5,0.005817281968125647
6545.51,0.006119209254868595
6545.52,0.006486693760302857
6545.53,0.006926868785235472
6545.54,0.007448558503346437
6545.55,0.00806213662453676
6545.56,0.008779237823797553
6545.57,0.009611947240789316
6545.58,0.010570929229021704
6545.59,0.01166374869042785
6545.6,0.012889316160099038
6545.61,0.014232360861020024
6545.62,0.01565552771462651
6545.63,0.01709186549300949
6545.64,0.018441452583052426
6545.65,0.019577071508086415
6545.66,0.020366763396051323
6545.67,0.020702068499281738
6545.68,0.020532758727771296
6545.69,0.019883016113015073
6545.7,0.018843233430864834
6545.71,0.017541542306014308
6545.72,0.01611004939269555
6545.73,0.014660705561907685
6545.74,0.013271977796873273
6545.75,0.011989328754834504
6545.76,0.010836638711723579
6545.77,0.009819608768275472
6545.78,0.0089330964014159
6545.79,0.008166549719893949
6545.8,0.007510653560393807
6545.81,0.006952219308336385
6545.82,0.006479737121938069
6545.83,0.00608206897877612
6545.84,0.005747776192900081
6545.85,0.005464230253524605
6545.86,0.005217254960551509
6545.87,0.004992289430803726
6545.88,0.004777360050358839
6545.89,0.00456637357957297
6545.9,0.0043601823238129875
6545.91,0.004164421172230885
6545.92,0.003985849838880172
6545.93,0.0038296668503767367
6545.94,0.0036987217247117623
6545.95,0.0035916239712143463
6545.96,0.003510494547222985
6545.97,0.0034580208292116325
6545.98,0.0034308641722351246
6545.99,0.0034296828626977846
6546.0,0.0034571761894969396
6546.01,0.003505107739789282
6546.02,0.0035741223158223846
6546.03,0.0036565483331597857
6546.04,0.0037419678553522653
6546.05,0.0038162759888930808
6546.06,0.0038654393371977016
6546.07,0.003860850379505439
6546.08,0.003838972939669688
6546.09,0.0037647046905780676
6546.1,0.003684128646273511
6546.11,0.003584225251126602
6546.12,0.0034683550574389497
6546.13,0.003341311356717377
6546.14,0.003207158286168623
6546.15,0.00307019140503454
6546.16,0.002933080370202395
6546.17,0.0028004606857843684
6546.18,0.0026782165496276153
6546.19,0.0025658849487410506
6546.2,0.0024635278115602457
6546.21,0.0023731490518545347
6546.22,0.0022935447991084853
6546.23,0.00222388076109559
6546.24,0.0021640734410140984
6546.25,0.0021131316934772442
6546.26,0.0020704246521088426
6546.27,0.0020344100898156765
6546.28,0.002006732010288952
6546.29,0.0019861263079307603
6546.3,0.0019738423237318573
6546.31,0.001967339238248904
6546.32,0.001968244887305628
6546.33,0.001977420575298257
6546.34,0.0019948992746254652
6546.35,0.002021984616695444
6546.36,0.002059758332016347
6546.37,0.0021092392151697606
6546.38,0.002170971287566894
6546.39,0.002244304687729937
6546.4,0.002326403347870865
6546.41,0.0024113828232416746
6546.42,0.0024908051655032743
6546.43,0.002554826819327245
6546.44,0.002600945747730047
6546.45,0.0026246694135660343
6546.46,0.0026374828261399082
6546.47,0.0026518237856892174
6546.48,0.0026797480425722682
6546.49,0.0027359780788544378
6546.5,0.0028135429210413513
6546.51,0.0029180327211146486
6546.52,0.0030433586604463763
6546.53,0.003176407783546953
6546.54,0.003297610180760238
6546.55,0.0033854490706575094
6546.56,0.0034244157544654806
6546.57,0.003413595554937567
6546.58,0.003365484249038548
6546.59,0.003300342607581331
6546.6,0.0032368505016520713
6546.61,0.003186275394269392
6546.62,0.003151121423992984
6546.63,0.003126653009261454
6546.64,0.0031036590155969325
6546.65,0.003071727861355852
6546.66,0.003022554444114134
6546.67,0.002952430884140591
6546.68,0.0028620930988971283
6546.69,0.0027587103363950717
6546.7,0.002649703490887503
6546.71,0.0025417969063970514
6546.72,0.002440144457980005
6546.73,0.0023484550494118545
6546.74,0.002268035925168948
6546.75,0.0021991675456953
6546.76,0.0021414052354701845
6546.77,0.0020939292509344317
6546.78,0.002055852922725617
6546.79,0.0020249587819196452
6546.8,0.002003775910325568
6546.81,0.0019888090911446246
6546.82,0.0019812571785135405
6546.83,0.0019804346474807132
6546.84,0.0019866391784459777
6546.85,0.0020095771255916033
6546.86,0.0020302035364002263
6546.87,0.0020591272710050595
6546.88,0.002097246606006279
6546.89,0.0021454755541692266
6546.9,0.002204405555991579
6546.91,0.0022736669208351197
6546.92,0.0023509288385303844
6546.93,0.002430738483294997
6546.94,0.0025039464057690095
6546.95,0.0025589445884016794
6546.96,0.0025920931187492138
6546.97,0.002585498666803547
6546.98,0.0025495966735758335
6546.99,0.002494340136589983
6547.0,0.0024312911902070905
6547.01,0.002369753056549021
6547.02,0.002315336028367833
6547.03,0.0022704305828250234
6547.04,0.0022353531326601366
6547.05,0.0022093666304923753
6547.06,0.0021897834852704703
6547.07,0.0021785562513355287
6547.08,0.0021730531585837675
6547.09,0.0021723937364562526
6547.1,0.002176319997466112
6547.11,0.00218328203201035
6547.12,0.0021932929836788865
6547.13,0.0022047400458954
6547.14,0.002219830233749102
6547.15,0.002237087551940709
6547.16,0.0022563370122455502
6547.17,0.0022769825338961837
6547.18,0.002299848355928459
6547.19,0.0023243948905235317
6547.2,0.0023505690954566433
6547.21,0.0023783363902594268
6547.22,0.0024076778935341126
6547.23,0.002438588307189111
6547.24,0.0024786590812842534
6547.25,0.0025127742240248106
6547.26,0.0025485100312489938
6547.27,0.002585903164346439
6547.28,0.0026253870047206777
6547.29,0.0026720325382183874
6547.3,0.0027147366055774278
6547.31,0.002759332969903123
6547.32,0.002805902590771615
6547.33,0.0028545359494922657
6547.34,0.0029053335993753813
6547.35,0.0029584068587383107
6547.36,0.0030138786549888633
6547.37,0.0030713525274148825
6547.38,0.0031320451694895057
6547.39,0.003195585757364062
6547.4,0.0032621556554016874
6547.41,0.0033319549311507882
6547.42,0.003404815104842605
6547.43,0.003481761904963928
6547.44,0.00356267423714807
6547.45,0.003648638655468117
6547.46,0.0037384220965324374
6547.47,0.0038331796323696735
6547.48,0.003923361998347077
6547.49,0.004035066239862823
6547.5,0.004147542446836985
6547.51,0.004267000257387996
6547.52,0.0043941136631068835
6547.53,0.004529649018883316
6547.54,0.004674481074546044
6547.55,0.004836071030131054
6547.56,0.005002693425800637
6547.57,0.005154713716285205
6547.58,0.005348564653723937
6547.59,0.005558556657646029
6547.6,0.005786805534748277
6547.61,0.006035800458291716
6547.62,0.006308481119559892
6547.63,0.0066078980410709705
6547.64,0.006936771293503464
6547.65,0.007304144593208429
6547.66,0.007713535704120037
6547.67,0.008171767159932978
6547.68,0.008686746214388452
6547.69,0.009267279497024265
6547.7,0.009922860642936723
6547.71,0.010662632237404601
6547.72,0.011493613331620571
6547.73,0.012417648556326578
6547.74,0.013426662362099683
6547.75,0.014499394448934892
6547.76,0.01559645208949646
6547.77,0.016637101053197108
6547.78,0.017626670432976724
6547.79,0.01850480143105138
6547.8,0.019276712227133896
6547.81,0.01998592257415166
6547.82,0.020698470017721182
6547.83,0.02147943949047808
6547.84,0.0223743866380967
6547.85,0.02340245599053989
6547.86,0.024559862136847972
6547.87,0.025830111949171442
6547.88,0.027184094479685197
6547.89,0.028582197876082436
6547.9,0.029964714628800095
6547.91,0.031250760476589555
6547.92,0.03234525352011767
6547.93,0.03315512720075166
6547.94,0.03360675190399024
6547.95,0.03366475769101271
6547.96,0.03334609537938774
6547.97,0.03268334990140909
6547.98,0.03175849552132414
6547.99,0.030657893109134447
6548.0,0.029459701867068998
6548.01,0.028224254761073726
6548.02,0.026991466721532242
6548.03,0.025783993738939772
6548.04,0.02461624778064887
6548.05,0.02350762420125595
6548.06,0.022482394594720755
6548.07,0.021566890552767816
6548.08,0.02078340324657549
6548.09,0.02014580794635243
6548.1,0.019659787472209884
6548.11,0.019325305816406575
6548.12,0.019139131991076766
6548.13,0.01909683145022848
6548.14,0.019192676179825674
6548.15,0.019418313016302653
6548.16,0.019760084565897684
6548.17,0.020196281308084738
6548.18,0.020696471810216003
6548.19,0.021225688658038946
6548.2,0.02175334413357233
6548.21,0.022262776841348995
6548.22,0.022753828176133008
6548.23,0.02324949148205581
6548.24,0.023781053555195778
6548.25,0.024357443774694683
6548.26,0.024996245902248422
6548.27,0.02570254180043541
6548.28,0.02647111148668822
6548.29,0.02729373321704729
6548.3,0.02816535737932659
6548.31,0.02908636112098558
6548.32,0.03006352421014806
6548.33,0.031108029993465715
6548.34,0.03223362711124468
6548.35,0.03345604050606007
6548.36,0.034794174124235196
6548.37,0.03627190624144363
6548.38,0.03791915049818901
6548.39,0.03977156574087396
6548.4,0.041863144120577366
6548.41,0.044248664409907996
6548.42,0.04696849865827168
6548.43,0.05008315481946961
6548.44,0.0536376151191627
6548.45,0.05765408653070909
6548.46,0.06221461139154513
6548.47,0.06738132038335985
6548.48,0.07321768972008483
6548.49,0.07978416764035622
6548.5,0.0871304391819407
6548.51,0.09528322895561739
6548.52,0.10422454382747509
6548.53,0.11388311016115259
6548.54,0.12408698266043085
6548.55,0.1345498665446036
6548.56,0.14485483688063716
6548.57,0.15446706100275842
6548.58,0.16278941464782173
6548.59,0.1692497649866389
6548.6,0.17343432597565275
6548.61,0.17518498499582488
6548.62,0.17465058100850037
6548.63,0.17225504516679316
6548.64,0.16861520068135766
6548.65,0.16440451394916206
6548.66,0.16026000367870993
6548.67,0.15671214367757968
6548.68,0.15415615778126016
6548.69,0.15285285511063676
6548.7,0.1529244478362915
6548.71,0.15437977893325136
6548.72,0.1571147708579725
6548.73,0.16088744344988778
6548.74,0.16532505787391918
6548.75,0.16991062897216186
6548.76,0.17402995104276542
6548.77,0.1770270030268579
6548.78,0.1783123167522656
6548.79,0.17748174889892587
6548.8,0.17440732120758926
6548.81,0.16926173250211998
6548.82,0.1624642706280877
6548.83,0.15454378192680013
6548.84,0.146126083136555
6548.85,0.13767412875949017
6548.86,0.1295348488820093
6548.87,0.12190414780580121
6548.88,0.11483910238403179
6548.89,0.10827892127713304
6548.9,0.10210907860899278
6548.91,0.096190860526882
6548.92,0.09041129499866908
6548.93,0.08470735887843309
6548.94,0.07908045737381571
6548.95,0.07358020218434778
6548.96,0.0682817198149894
6548.97,0.06326132530321728
6548.98,0.05857943437011207
6548.99,0.05428445051412421
6549.0,0.05036848482418784
6549.01,0.04683885810469202
6549.02,0.0436773321600556
6549.03,0.040871866598140585
6549.04,0.03836863951031775
6549.05,0.036148773611186485
6549.06,0.034182025566210625
6549.07,0.03243899531966829
6549.08,0.030893419038539125
6549.09,0.02952300278918518
6549.1,0.02830976899614651
6549.11,0.027239797918398766
6549.12,0.02630149027012035
6549.13,0.025484118071185714
6549.14,0.024776966539346038
6549.15,0.02416681280144875
6549.16,0.023641679903123887
6549.17,0.023190834366310826
6549.18,0.022807906302008164
6549.19,0.02249298422191012
6549.2,0.022258011393650485
6549.21,0.02211801925049456
6549.22,0.022089525316876225
6549.23,0.02217882050485568
6549.24,0.022369792208137725
6549.25,0.022609633941586202
6549.26,0.022802087078775894
6549.27,0.022825250062913943
6549.28,0.02256756525989152
6549.29,0.021969008014800576
6549.3,0.02105523643907692
6549.31,0.019918602170478503
6549.32,0.01867931602509657
6549.33,0.017445792666374107
6549.34,0.016296606073765794
6549.35,0.015266778005244154
6549.36,0.014373796259720285
6549.37,0.013616350950659991
6549.38,0.01298550705503068
6549.39,0.012469838090483014
6549.4,0.012057684585464563
6549.41,0.011737876186615965
6549.42,0.01149846823107291
6549.43,0.011325857825888136
6549.44,0.011204070162488736
6549.45,0.011115806880606696
6549.46,0.011044960075673838
6549.47,0.010979446971459583
6549.48,0.010913603414753517
6549.49,0.010849931597188762
6549.5,0.01079945090466869
6549.51,0.010778994162561858
6549.52,0.010805719342135213
6549.53,0.010891423941576075
6549.54,0.011038656345225275
6549.55,0.01123998311792094
6549.56,0.011476429641256045
6549.57,0.011726683111486376
6549.58,0.011961528038605005
6549.59,0.012153940660963956
6549.6,0.012278085403581947
6549.61,0.012310084702163495
6549.62,0.012232140785010715
6549.63,0.012035551967302825
6549.64,0.011726130000908296
6549.65,0.011324617767427046
6549.66,0.010859566734547138
6549.67,0.010362981241600606
6549.68,0.009863935715046592
6549.69,0.009385207205347074
6549.7,0.008942452107616428
6549.71,0.008545008518584323
6549.72,0.008197600525790202
6549.73,0.007902371779038827
6549.74,0.00765783777813939
6549.75,0.007464017668948445
6549.76,0.007321288797181591
6549.77,0.007227138231401563
6549.78,0.007182836175429644
6549.79,0.007188917848079068
6549.8,0.007245647595205363
6549.81,0.007351891769128341
6549.82,0.007504254149745335
6549.83,0.0076910389079120995
6549.84,0.007895947787320237
6549.85,0.008094499521199398
6549.86,0.008259370479572845
6549.87,0.00836891263722755
6549.88,0.0084177065535309
6549.89,0.008414617648998462
6549.9,0.008386275014544677
6549.91,0.00835278352511684
6549.92,0.008349198010399078
6549.93,0.0083733801496438
6549.94,0.008418198441729923
6549.95,0.008471019717620827
6549.96,0.008522784444369224
6549.97,0.008572883176258761
6549.98,0.008627549529789504
6549.99,0.008693801904536894
6550.0,0.00877832376626752
6550.01,0.008886688843213057
6550.02,0.009024903112459726
6550.03,0.009200223372382865
6550.04,0.009421381124491387
6550.05,0.009697308969303124
6550.06,0.010033308346652687
6550.07,0.010424497210656388
6550.08,0.010848702285579315
6550.09,0.01126084033738191
6550.1,0.011596973050090375
6550.11,0.01178774347596502
6550.12,0.011778110859866202
6550.13,0.01155259521662999
6550.14,0.011141086961297285
6550.15,0.010603750898814627
6550.16,0.010013840929470538
6550.17,0.009433872656853722
6550.18,0.008908796923630401
6550.19,0.008463577310207613
6550.2,0.008107102201134019
6550.21,0.007836007016427183
6550.22,0.007637239760421014
6550.23,0.007490168115718366
6550.24,0.007370543931257764
6550.25,0.00725723746033438
6550.26,0.00713976415425849
6550.27,0.0070214314187658005
6550.28,0.006915620318200061
6550.29,0.006838284530241511
6550.3,0.00680182555496932
6550.31,0.006812555079971273
6550.32,0.006871216121664959
6550.33,0.006973488870105942
6550.34,0.0071108219338383155
6550.35,0.007270518861859596
6550.36,0.007435957838491008
6550.37,0.007587592580753587
6550.38,0.007705332566310746
6550.39,0.007772036958901777
6550.4,0.007777394603623536
6550.41,0.007720473243095669
6550.42,0.007609793333246746
6550.43,0.0074608621974914776
6550.44,0.007292323685775937
6550.45,0.007122287617944309
6550.46,0.0069659073061758125
6550.47,0.006834434582729581
6550.48,0.006735380833948092
6550.49,0.006673291215789321
6550.5,0.006650302748762977
6550.51,0.006667250412055599
6550.52,0.006758958887171959
6550.53,0.00685359456410675
6550.54,0.0069837707385604535
6550.55,0.007145369299462719
6550.56,0.0073325340446604844
6550.57,0.007537502776402176
6550.58,0.007750978993310713
6550.59,0.007963226604363995
6550.6,0.008165888217799453
6550.61,0.008354138323041044
6550.62,0.008528447338021682
6550.63,0.008695240125761622
6550.64,0.008866179808837563
6550.65,0.009056433575647218
6550.66,0.009282658407129196
6550.67,0.009561601382614745
6550.68,0.009908233305519785
6550.69,0.010337442537734063
6550.7,0.01086008013224595
6550.71,0.011486900271645381
6550.72,0.012224120550981531
6550.73,0.013074751133869493
6550.74,0.014031393085776393
6550.75,0.01507286023481218
6550.76,0.016160661899601008
6550.77,0.01723423021208995
6550.78,0.018212846840436826
6550.79,0.0190054296841272
6550.8,0.019529114495698347
6550.81,0.01973155078688439
6550.82,0.019608956365234766
6550.83,0.01920723533231302
6550.84,0.0186418748555099
6550.85,0.017949109686370167
6550.86,0.017256161854804733
6550.87,0.01664258601713826
6550.88,0.016167246873286134
6550.89,0.015871452905609824
6550.9,0.015780445727955218
6550.91,0.015900586591682923
6550.92,0.016214107764952808
6550.93,0.016663147289046467
6550.94,0.017142415509202275
6550.95,0.017516968546593473
6550.96,0.01767654950799383
6550.97,0.01759513809402621
6550.98,0.01734225516056863
6550.99,0.01703298113012573
6551.0,0.016768888882009527
6551.01,0.016607402046478596
6551.02,0.016564458640692385
6551.03,0.016627103281961597
6551.04,0.01676753095972715
6551.05,0.01695387977742851
6551.06,0.01717075231937399
6551.07,0.017433946484927673
6551.08,0.01778942630689453
6551.09,0.018296430583567926
6551.1,0.019011490748302773
6551.11,0.019955242992356913
6551.12,0.021132200130277546
6551.13,0.022505514103915894
6551.14,0.023989999248431877
6551.15,0.02545412115550694
6551.16,0.02673079671148768
6551.17,0.027657272186781975
6551.18,0.028131103850077086
6551.19,0.02815346370666851
6551.2,0.02783139324735893
6551.21,0.02733700714949507
6551.22,0.02685335865923073
6551.23,0.02652940398848982
6551.24,0.02646570934294674
6551.25,0.026715193938889548
6551.26,0.027291086780422063
6551.27,0.0281727569653507
6551.28,0.0293081122340441
6551.29,0.030612371569102344
6551.3,0.03197650556140246
6551.31,0.033280205459163034
6551.32,0.03442128236145259
6551.33,0.03533770999358162
6551.34,0.03604230160821704
6551.35,0.0366137080764545
6551.36,0.037175100271616704
6551.37,0.03785679372191528
6551.38,0.03876706558089074
6551.39,0.039961186445155505
6551.4,0.041431369500115396
6551.41,0.043098625570287916
6551.42,0.044812620637301986
6551.43,0.04636458297522689
6551.44,0.04751196008023678
6551.45,0.04804393431391888
6551.46,0.04782011342006868
6551.47,0.046822537154609885
6551.48,0.04515489456358614
6551.49,0.04301077126654879
6551.5,0.040616797039442834
6551.51,0.03818389940392128
6551.52,0.035875536178487884
6551.53,0.03380260344362662
6551.54,0.03202752072892641
6551.55,0.030577087279615934
6551.56,0.029453875546813803
6551.57,0.02864824850456968
6551.58,0.028145709510225554
6551.59,0.0279318818458245
6551.6,0.027995471113808484
6551.61,0.028328114770578276
6551.62,0.028921562534677064
6551.63,0.029762002819434124
6551.64,0.030827053556100256
6551.65,0.032075561928699516
6551.66,0.03344515727854789
6551.67,0.034850044793202424
6551.68,0.036185258919275785
6551.69,0.03733881569486681
6551.7,0.03821100920344458
6551.71,0.03873571487597595
6551.72,0.0388964051761043
6551.73,0.03872651687800566
6551.74,0.03829527831600375
6551.75,0.037681879763664904
6551.76,0.036948447331198675
6551.77,0.03612139325422656
6551.78,0.035186793618922525
6551.79,0.03410581074587168
6551.8,0.032834782222324846
6551.81,0.031351997832969526
6551.82,0.029676012870782763
6551.83,0.02786186784417054
6551.84,0.025986484651063974
6551.85,0.024128723056365438
6551.86,0.02235392372276326
6551.87,0.02070684987478743
6551.88,0.019211887516492793
6551.89,0.017877222841247674
6551.9,0.016700219127540047
6551.91,0.015671282730657383
6551.92,0.014778510239242905
6551.93,0.014008893429216664
6551.94,0.013349932013772174
6551.95,0.012790322809126979
6551.96,0.01232026373497545
6551.97,0.011931534266777503
6551.98,0.011617453733649299
6551.99,0.01137277432237602
6552.0,0.011193533803915587
6552.01,0.011083952051511223
6552.02,0.011027854887254739
6552.03,0.011032692963080485
6552.04,0.01109342543648438
6552.05,0.011210031991693644
6552.06,0.011379624277760755
6552.07,0.011597852954691667
6552.08,0.011858950885170132
6552.09,0.01215788062293631
6552.1,0.012487946490252576
6552.11,0.01284943100454976
6552.12,0.013246455405452686
6552.13,0.013687025950252
6552.14,0.014179000570708606
6552.15,0.01472530173103598
6552.16,0.015316024541219239
6552.17,0.015936531334407537
6552.18,0.016565172505011223
6552.19,0.017191607784542016
6552.2,0.017819931953428587
6552.21,0.01847071638749956
6552.22,0.019176846486253344
6552.23,0.019977182583537846
6552.24,0.020909529867143232
6552.25,0.02200265925145633
6552.26,0.023266013402681914
6552.27,0.02468312025599068
6552.28,0.02620755780995648
6552.29,0.027770739694563045
6552.3,0.029300507139471715
6552.31,0.030745633815494
6552.32,0.03208338256435251
6552.33,0.03330975599024258
6552.34,0.03441408823263662
6552.35,0.03535947803539756
6552.36,0.036080706591061
6552.37,0.036498825772576834
6552.38,0.03654359074123336
6552.39,0.03618485394023283
6552.4,0.03544091343713127
6552.41,0.03438581964897201
6552.42,0.03313145927535353
6552.43,0.03180465723018544
6552.44,0.03051302472948045
6552.45,0.02934825508979784
6552.46,0.028373685212514998
6552.47,0.027632481308135462
6552.48,0.02715564031526721
6552.49,0.026968165987188132
6552.5,0.027092571544629133
6552.51,0.0275541485900171
6552.52,0.028377789181526645
6552.53,0.029586768197304086
6552.54,0.031195776777559636
6552.55,0.033198768970792825
6552.56,0.03555015632025709
6552.57,0.038136436836717705
6552.58,0.04076420184113053
6552.59,0.04315070239460447
6552.6,0.04499003132504103
6552.61,0.0460226656121553
6552.62,0.04614803713864467
6552.63,0.04545776321737768
6552.64,0.04419122643479806
6552.65,0.04263226043979026
6552.66,0.04101823058913665
6552.67,0.03950016134210208
6552.68,0.0381488361420941
6552.69,0.03698889021614323
6552.7,0.03603074694377926
6552.71,0.035289416950415015
6552.72,0.034789372742598045
6552.73,0.03456100011151729
6552.74,0.034633558078878995
6552.75,0.035028732192380244
6552.76,0.03575739409563023
6552.77,0.03681575561055073
6552.78,0.0381888321107659
6552.79,0.03984900010667962
6552.8,0.041759682637676585
6552.81,0.043863190012014774
6552.82,0.046093395680993535
6552.83,0.04836471017508979
6552.84,0.05058762473909273
6552.85,0.05268704921114524
6552.86,0.054628378252843605
6552.87,0.05643333872733603
6552.88,0.05817548944716152
6552.89,0.059951696857930954
6552.9,0.06183894726650115
6552.91,0.06385361152737085
6552.92,0.06592750761708539
6552.93,0.06792227640888558
6552.94,0.06965752747448173
6552.95,0.07101369653275093
6552.96,0.07193950165681474
6552.97,0.07249739131908661
6552.98,0.07282676341278634
6552.99,0.07308183189422965
6553.0,0.07338919201468125
6553.01,0.07382656120367664
6553.02,0.0744399911316829
6553.03,0.07526801554600591
6553.04,0.07635949390298828
6553.05,0.07777224976594337
6553.06,0.07955844903558258
6553.07,0.08172910180406284
6553.08,0.08423129421497585
6553.09,0.0869186948532749
6553.1,0.0895494594755183
6553.11,0.09180282045651547
6553.12,0.09332075366581351
6553.13,0.0937799876051241
6553.14,0.0929591497058248
6553.15,0.09079570727694128
6553.16,0.08739981747491167
6553.17,0.08302484046433131
6553.18,0.0780037330739405
6553.19,0.07268068288451181
6553.2,0.06735570305725268
6553.21,0.0622544473519901
6553.22,0.057522615321918234
6553.23,0.053232236811525654
6553.24,0.0494032928428112
6553.25,0.04601650011126374
6553.26,0.0430275353176932
6553.27,0.04038187332126354
6553.28,0.03803070386447632
6553.29,0.035943635223088924
6553.3,0.03411066430006363
6553.31,0.032533268752371274
6553.32,0.031210073026088456
6553.33,0.030124798954715384
6553.34,0.029240548352326725
6553.35,0.028502131051969276
6553.36,0.027841507507320878
6553.37,0.027197442820660306
6553.38,0.026527993050811615
6553.39,0.02582076647755529
6553.4,0.02509000310555918
6553.41,0.024362651940406994
6553.42,0.023658216125749316
6553.43,0.022983014512185793
6553.44,0.022326134239955595
6553.45,0.02167229520894356
6553.46,0.02101028274159624
6553.47,0.020339944081375554
6553.48,0.01966054635463972
6553.49,0.018983967559052007
6553.5,0.01827640462135573
6553.51,0.01755077180960252
6553.52,0.016814018133359934
6553.53,0.016082020431788493
6553.54,0.015320734898499791
6553.55,0.014662203364703322
6553.56,0.014069296145928502
6553.57,0.01355496125078248
6553.58,0.013126280755118718
6553.59,0.012783916687887982
6553.6,0.01252226064144459
6553.61,0.012336612122584006
6553.62,0.012194250127486901
6553.63,0.01207941863963077
6553.64,0.011966856290863952
6553.65,0.01183321296726118
6553.66,0.011661285422006668
6553.67,0.011442505586656455
6553.68,0.011176674913232973
6553.69,0.010857051163078094
6553.7,0.010519686680082196
6553.71,0.010165503266553804
6553.72,0.009810976800314362
6553.73,0.0094188837690885
6553.74,0.00911206706129569
6553.75,0.008845183194764633
6553.76,0.008637345527449377
6553.77,0.00845243072782837
6553.78,0.008299561879862232
6553.79,0.008168774319206373
6553.8,0.008049244470860055
6553.81,0.007931103516540696
6553.82,0.0078077898095356224
6553.83,0.007675524922403846
6553.84,0.0075452028637459645
6553.85,0.007422225987570314
6553.86,0.007312712820516975
6553.87,0.007216397433581531
6553.88,0.007125871831243333
6553.89,0.007034044874437042
6553.9,0.006935764560949299
6553.91,0.006833368648381859
6553.92,0.0067334822490128085
6553.93,0.0066419111650421895
6553.94,0.006559983538310858
6553.95,0.006484296455906432
6553.96,0.006408965388138943
6553.97,0.006328677283368164
6553.98,0.006241082574779295
6553.99,0.0061474905864017226
6554.0,0.006051632553620914
6554.01,0.00595644739865331
6554.02,0.005863629409051271
6554.03,0.005767788276348771
6554.04,0.005661972602834223
6554.05,0.005541233121493091
6554.06,0.005406579611903813
6554.07,0.005266257780522382
6554.08,0.005131807898133257
6554.09,0.005011999844495882
6554.1,0.004907607154599117
6554.11,0.004814946265926736
6554.12,0.004721906218686575
6554.13,0.004617660913984216
6554.14,0.004497107282968657
6554.15,0.004363203639500414
6554.16,0.004224726900376949
6554.17,0.004091694225033385
6554.18,0.003971859232625725
6554.19,0.0038692866911109155
6554.2,0.0037861046682654215
6554.21,0.003722002311688755
6554.22,0.003676674918534512
6554.23,0.0036486871033801667
6554.24,0.003638007327569215
6554.25,0.0036422066221209943
6554.26,0.003666741965436443
6554.27,0.0037099922960308197
6554.28,0.0037732521573016612
6554.29,0.003858311201136886
6554.3,0.003968020419298518
6554.31,0.004107365367601232
6554.32,0.004284739058013566
6554.33,0.004512424569768514
6554.34,0.004805150775061602
6554.35,0.0051746278893042156
6554.36,0.005617614544318969
6554.37,0.00609742086623969
6554.38,0.006531638468122444
6554.39,0.006814142555323299
6554.4,0.006877655721737638
6554.41,0.00674089303647169
6554.42,0.00648386811254382
6554.43,0.006185150028235752
6554.44,0.005889820571206446
6554.45,0.005617307142614822
6554.46,0.005377847343835597
6554.47,0.005180173303616474
6554.48,0.005028715710393872
6554.49,0.00492644998340854
6554.5,0.004872751989942509
6554.51,0.004865363031396153
6554.52,0.004901599404158927
6554.53,0.004979032516157429
6554.54,0.005095792203430738
6554.55,0.005250751397443412
6554.56,0.0054412124774231236
6554.57,0.005665521166461447
6554.58,0.005919971546085429
6554.59,0.006198811961395659
6554.6,0.006494254497570799
6554.61,0.0067929493021901466
6554.62,0.007080346817327354
6554.63,0.007337994621505662
6554.64,0.007545734929867463
6554.65,0.007685355123263407
6554.66,0.007746783341295339
6554.67,0.007734320069644023
6554.68,0.0076680574247733665
6554.69,0.0075778697065177515
6554.7,0.0074932472616348
6554.71,0.007434609302495176
6554.72,0.007409132351914258
6554.73,0.007410250379570987
6554.74,0.007421097074319522
6554.75,0.007419862256213027
6554.76,0.007387830015055412
6554.77,0.007316434504588143
6554.78,0.00720997259136549
6554.79,0.007082399847332554
6554.8,0.006950671758955018
6554.81,0.00682905154689437
6554.82,0.00672661273357029
6554.83,0.006641207265225775
6554.84,0.006587623340092909
6554.85,0.006560032147096548
6554.86,0.006559335438599181
6554.87,0.006586933303336069
6554.88,0.006643331313844872
6554.89,0.006728870386598
6554.9,0.006841811293829447
6554.91,0.006978016830615898
6554.92,0.007135569448785543
6554.93,0.007294813094705393
6554.94,0.007448975840304832
6554.95,0.007584153388590679
6554.96,0.007688381113582075
6554.97,0.007752118373851319
6554.98,0.007770284074597335
6554.99,0.0077430648579214145
6555.0,0.007675694129282047
6555.01,0.00757732226420482
6555.02,0.007459318238234113
6555.03,0.0073334496522609125
6555.04,0.0072103660607589675
6555.05,0.007098696418595975
6555.06,0.007004548926455643
6555.07,0.006931964188059443
6555.08,0.006883161517868237
6555.09,0.006857562451679982
6555.1,0.006858133802293741
6555.11,0.006883107692223052
6555.12,0.006931950141636103
6555.13,0.007004105034985879
6555.14,0.007099070365005693
6555.15,0.007216386871929487
6555.16,0.007349891211849193
6555.17,0.007510445794050626
6555.18,0.0076913521682892795
6555.19,0.007890316015346135
6555.2,0.008106620422740017
6555.21,0.008336453761389891
6555.22,0.008576547619478268
6555.23,0.008823268297844113
6555.24,0.00907482989621749
6555.25,0.009331312284964486
6555.26,0.009595196202295939
6555.27,0.009870995814256952
6555.28,0.010164403079808393
6555.29,0.0104813664740948
6555.3,0.010827452205877972
6555.31,0.011207601304826448
6555.32,0.011626201777180364
6555.33,0.012097359268186607
6555.34,0.012605109821324338
6555.35,0.013163155317136894
6555.36,0.013777370706440082
6555.37,0.01445625249901501
6555.38,0.015198790089628243
6555.39,0.016010125691692082
6555.4,0.0169101323153361
6555.41,0.017902999719603047
6555.42,0.018999577129251984
6555.43,0.020212996375540165
6555.44,0.02155802483537653
6555.45,0.02305135013284489
6555.46,0.02471153601258674
6555.47,0.026558636257305552
6555.48,0.028613919546257804
6555.49,0.030898276195738428
6555.5,0.03343073955758796
6555.51,0.03622624446993866
6555.52,0.03929255986677397
6555.53,0.04263334108410261
6555.54,0.04624632203580674
6555.55,0.05012244647602478
6555.56,0.05426553709949093
6555.57,0.05868670739685663
6555.58,0.06340373891720054
6555.59,0.06842910970312634
6555.6,0.07374821579916883
6555.61,0.07930857332993463
6555.62,0.08498698156929084
6555.63,0.09058566121911674
6555.64,0.09583658821944181
6555.65,0.10042388433445687
6555.66,0.1040182308851307
6555.67,0.10635002796783231
6555.68,0.1072554902914323
6555.69,0.10671462718843229
6555.7,0.10484074200072084
6555.71,0.10187688740438385
6555.72,0.0980955794001134
6555.73,0.09377936013134819
6555.74,0.08918194410302178
6555.75,0.08451747122606601
6555.76,0.07996479969754385
6555.77,0.07566383837354013
6555.78,0.07173366070573799
6555.79,0.06826305684824124
6555.8,0.06531361178067224
6555.81,0.06292711346512694
6555.82,0.06112438092105955
6555.83,0.05991555876516968
6555.84,0.05930319101296608
6555.85,0.05928804197126668
6555.86,0.059870158348286434
6555.87,0.061047033492773226
6555.88,0.06281436859705883
6555.89,0.06515600986592834
6555.9,0.0680477061039074
6555.91,0.07142892721298187
6555.92,0.07520591464243452
6555.93,0.07922655714853495
6555.94,0.08327496661629921
6555.95,0.08707131248317665
6555.96,0.09028995072374704
6555.97,0.09260115596100998
6555.98,0.09372319748458546
6555.99,0.09350804692379698
6556.0,0.0919587922217806
6556.01,0.08915342339554688
6556.02,0.08535080780439047
6556.03,0.08083659303185312
6556.04,0.07589792597934855
6556.05,0.07080957671915426
6556.06,0.06572204214764701
6556.07,0.060812382071503246
6556.08,0.05618171681755536
6556.09,0.051894101051728515
6556.1,0.04798597063270208
6556.11,0.044468142178753854
6556.12,0.04133474974898841
6556.13,0.03856882385749745
6556.14,0.03614101440207792
6556.15,0.03403479573608678
6556.16,0.03221506318933033
6556.17,0.03065208302228787
6556.18,0.029317524081128716
6556.19,0.028185150174600902
6556.2,0.027231092307643118
6556.21,0.026421073381129246
6556.22,0.025754661506120772
6556.23,0.0251926588577707
6556.24,0.02471076825846703
6556.25,0.024256420212762687
6556.26,0.023803734674098836
6556.27,0.023327451386936
6556.28,0.022816777790269603
6556.29,0.02227632564737674
6556.3,0.021723128892882776
6556.31,0.02117881132266131
6556.32,0.020667124973558125
6556.33,0.02020875924157781
6556.34,0.01982009488074569
6556.35,0.01951198530307679
6556.36,0.019288739318150238
6556.37,0.019147120416291852
6556.38,0.019079706897509974
6556.39,0.01907462134369246
6556.4,0.01912260892978923
6556.41,0.019222329639853857
6556.42,0.019382352832519052
6556.43,0.019621750310696733
6556.44,0.019961454270288434
6556.45,0.02042285905460669
6556.46,0.021018809153025255
6556.47,0.021745380807206633
6556.48,0.022582447538614953
6556.49,0.023482365782665944
6556.5,0.024378956833224486
6556.51,0.02516668384286003
6556.52,0.025746783599086408
6556.53,0.026022107082100742
6556.54,0.025923737231265735
6556.55,0.02542764797146057
6556.56,0.024559830646493475
6556.57,0.02339228683374647
6556.58,0.022025597788715257
6556.59,0.020557324459989344
6556.6,0.019101025017825835
6556.61,0.01771550822405791
6556.62,0.0164424975692804
6556.63,0.0153019549851861
6556.64,0.01429780265764096
6556.65,0.0134251214703678
6556.66,0.012677640213548948
6556.67,0.012043986747450237
6556.68,0.011513933513818884
6556.69,0.01107797431684377
6556.7,0.010727455595666046
6556.71,0.010454757764524104
6556.72,0.010250992470392774
6556.73,0.0101079455686971
6556.74,0.01001537976476537
6556.75,0.009960751688445374
6556.76,0.00992897082719029
6556.77,0.009903395161111167
6556.78,0.00986663347733675
6556.79,0.009805290545067138
6556.8,0.009715095161072775
6556.81,0.009592385501618589
6556.82,0.009443374340327458
6556.83,0.009280791805848777
6556.84,0.009134107919058457
6556.85,0.009012583970701864
6556.86,0.008927274201543293
6556.87,0.008887489609691466
6556.88,0.008900021412236886
6556.89,0.008970187700095349
6556.9,0.009102693931285787
6556.91,0.009302305250252016
6556.92,0.009574424179865064
6556.93,0.009914123312715755
6556.94,0.010350114885768223
6556.95,0.010877783886871686
6556.96,0.011502494554847937
6556.97,0.012225741159464341
6556.98,0.013042038266025005
6556.99,0.013934377439436499
6557.0,0.014869282963101282
6557.01,0.015796386219506735
6557.02,0.01664935466883389
6557.03,0.017360990131102545
6557.04,0.01787345131319634
6557.05,0.018159056093226718
6557.06,0.01821267135437373
6557.07,0.018052881663787962
6557.08,0.017717548352314504
6557.09,0.01723252111660679
6557.1,0.016649656705502572
6557.11,0.016016507363817913
6557.12,0.015378827242972124
6557.13,0.014775501466730203
6557.14,0.014234428257379462
6557.15,0.013770407115511678
6557.16,0.013386884728891572
6557.17,0.013086874682439971
6557.18,0.012852568443085471
6557.19,0.012690576810259062
6557.2,0.012602754870928944
6557.21,0.012600674376897096
6557.22,0.012674552693695551
6557.23,0.01282060377998266
6557.24,0.013023628361436208
6557.25,0.013263735135215575
6557.26,0.01352041962961529
6557.27,0.013776793336858557
6557.28,0.014025173742376022
6557.29,0.014266513283683092
6557.3,0.014502392489055473
6557.31,0.014773605319597679
6557.32,0.015073870471834443
6557.33,0.015421225967313046
6557.34,0.015814575843935252
6557.35,0.01624028224086907
6557.36,0.016682973744690063
6557.37,0.017146532240078966
6557.38,0.017660460334800447
6557.39,0.01828411274134603
6557.4,0.019082098476645278
6557.41,0.02011261990588815
6557.42,0.02142451841845078
6557.43,0.023061578914575342
6557.44,0.025064360489984158
6557.45,0.027483459527587142
6557.46,0.030359906252608045
6557.47,0.03372805248878513
6557.48,0.03759670976676359
6557.49,0.04192555284339861
6557.5,0.046592107379984385
6557.51,0.051361655658116255
6557.52,0.05588264244162676
6557.53,0.059695024808499995
6557.54,0.06235658313327506
6557.55,0.06353908869424423
6557.56,0.0631319392601495
6557.57,0.0612652076823378
6557.58,0.05825549825399888
6557.59,0.05449688229135127
6557.6,0.0503805844745251
6557.61,0.04622103262085377
6557.62,0.04223731713073346
6557.63,0.038558996291150234
6557.64,0.03525023973714927
6557.65,0.032328664348632935
6557.66,0.02977767411878253
6557.67,0.027555398243101954
6557.68,0.02560305504422272
6557.69,0.023857325251943815
6557.7,0.022257741543682125
6557.71,0.02076314679981435
6557.72,0.019350020959970637
6557.73,0.018013770821899918
6557.74,0.01674996100214814
6557.75,0.015568443615864758
6557.76,0.014476252603126297
6557.77,0.013478703530395658
6557.78,0.012577733893701726
6557.79,0.011771782429535594
6557.8,0.011056410664253476
6557.81,0.01042528779277837
6557.82,0.009871183122994648
6557.83,0.009377955580347819
6557.84,0.008955981922193273
6557.85,0.008590136926899724
6557.86,0.008259757283113107
6557.87,0.007990172852855741
6557.88,0.00774727462861374
6557.89,0.007559851389281585
6557.9,0.007406546122155957
6557.91,0.007287449362203046
6557.92,0.007201424240600829
6557.93,0.007147930237398357
6557.94,0.007126942357586499
6557.95,0.007138780360074346
6557.96,0.007183777844182112
6557.97,0.007261724421693742
6557.98,0.007371410157186708
6557.99,0.0075085069266591364
6558.0,0.007667831221135096
6558.01,0.007848842429884957
6558.02,0.008037775556452405
6558.03,0.00824157460154024
6558.04,0.008465924560989964
6558.05,0.008716532819699769
6558.06,0.008993351840346454
6558.07,0.009294541837773413
6558.08,0.009611444474692438
6558.09,0.00994052188537974
6558.1,0.010287547676413265
6558.11,0.010668168503832235
6558.12,0.011103568813244057
6558.13,0.011615140654012871
6558.14,0.012221546426008983
6558.15,0.012938612347505906
6558.16,0.01378077640357805
6558.17,0.014777601819439176
6558.18,0.01591160237818946
6558.19,0.01721336509608458
6558.2,0.01869671586342952
6558.21,0.02037258727273712
6558.22,0.02224471530198261
6558.23,0.024306944183163072
6558.24,0.026535387299993
6558.25,0.02887849512922925
6558.26,0.03125253100309292
6558.27,0.03353593000351267
6558.28,0.03557535167842823
6558.29,0.0372006717541891
6558.3,0.0382535308400044
6558.31,0.038624621597831914
6558.32,0.038269259215102956
6558.33,0.037235756326447315
6558.34,0.03563963725914733
6558.35,0.033636687152343546
6558.36,0.031390864235805206
6558.37,0.02904408541249997
6558.38,0.026712553472965275
6558.39,0.02447965177501237
6558.4,0.022400961540781347
6558.41,0.020505013286646005
6558.42,0.018805419568846394
6558.43,0.017303647678564387
6558.44,0.01598271291789014
6558.45,0.014832172232960633
6558.46,0.013836818197882503
6558.47,0.012981903408330936
6558.48,0.012254023960566062
6558.49,0.011640911756377761
6558.5,0.011148788030062553
6558.51,0.010737058551218452
6558.52,0.010412112868958257
6558.53,0.010164482057157658
6558.54,0.009984267168957891
6558.55,0.009862681004979182
6558.56,0.00979495875875041
6558.57,0.009782959898888022
6558.58,0.009835419231708454
6558.59,0.009967130321284986
6558.6,0.010189846606820202
6558.61,0.010519010422911687
6558.62,0.010966663159007474
6558.63,0.01154152131499626
6558.64,0.01224622829626684
6558.65,0.013072400804002895
6558.66,0.013993467107262885
6558.67,0.014956892558324608
6558.68,0.015880307645617518
6558.69,0.01665782018013623
6558.7,0.017181422213151974
6558.71,0.01737361925873529
6558.72,0.017215119031444417
6558.73,0.01675374444491845
6558.74,0.016079163399843863
6558.75,0.015292467278957635
6558.76,0.014471264553180579
6558.77,0.013670655925691444
6558.78,0.01292472250137781
6558.79,0.012260392649474549
6558.8,0.011703607607141316
6558.81,0.011278094511902245
6558.82,0.011001694642381156
6558.83,0.010885161768480837
6558.84,0.01093205323698213
6558.85,0.011138391827329319
6558.86,0.011490019788053465
6558.87,0.011955459001925236
6558.88,0.01248131938260586
6558.89,0.01298341307972327
6558.9,0.013360533345430825
6558.91,0.013513652878454338
6558.92,0.013380339063714174
6558.93,0.012959740381055653
6558.94,0.012313733698575826
6558.95,0.011533640179919653
6558.96,0.010717473971873847
6558.97,0.00993957104525874
6558.98,0.00924493398617024
6558.99,0.008652373643268244
6559.0,0.008161078343255228
6559.01,0.007756822180454383
6559.02,0.007417056268472609
6559.03,0.007116705269682871
6559.04,0.0068349780102790305
6559.05,0.006558934133087895
6559.06,0.006285406311108286
6559.07,0.006016624462241541
6559.08,0.005756336296213139
6559.09,0.005507602252148302
6559.1,0.005272524472977052
6559.11,0.005052685585025404
6559.12,0.004849421296566763
6559.13,0.004663779657395954
6559.14,0.004496366486749287
6559.15,0.004346747474314391
6559.16,0.004215544055358087
6559.17,0.004101400677889475
6559.18,0.004003310215686633
6559.19,0.003920140127910296
6559.2,0.003850761989170652
6559.21,0.003794122063315696
6559.22,0.0037492840249993484
6559.23,0.0037154517109099674
6559.24,0.003691979236067366
6559.25,0.0036783742646102824
6559.26,0.003674298644861563
6559.27,0.0036795693702046306
6559.28,0.0036941619723655267
6559.29,0.00371821792824351
6559.3,0.0037520573510048567
6559.31,0.003796197985561993
6559.32,0.0038522192194086454
6559.33,0.003919445286671959
6559.34,0.004000010376364757
6559.35,0.004095502116169367
6559.36,0.004207866389555317
6559.37,0.00433930204453224
6559.38,0.0044927215524149765
6559.39,0.004668623764163993
6559.4,0.004871646639382903
6559.41,0.005092463824772103
6559.42,0.005327947874373984
6559.43,0.005566609228751731
6559.44,0.0057943063818934205
6559.45,0.006000958646479316
6559.46,0.006182572153378468
6559.47,0.006350593350198583
6559.48,0.006524033957721289
6559.49,0.006724237902519428
6559.5,0.006971687034630812
6559.51,0.007276231949633222
6559.52,0.007649057358650848
6559.53,0.008095165413817856
6559.54,0.008612820615739872
6559.55,0.009191762476864256
6559.56,0.009814296425006452
6559.57,0.010451318623428806
6559.58,0.011076312343126005
6559.59,0.011679266865289696
6559.6,0.012275003322665411
6559.61,0.012903697421544172
6559.62,0.013615908649031058
6559.63,0.014459078999257167
6559.64,0.015471184071513648
6559.65,0.016677768749728275
6559.66,0.018092865690266764
6559.67,0.019719732804960737
6559.68,0.02154408968860861
6559.69,0.02352849829131356
6559.7,0.02560414627222339
6559.71,0.027664181397942994
6559.72,0.029565044331951895
6559.73,0.03114111347219999
6559.74,0.03222996097613045
6559.75,0.032710462072871475
6559.76,0.03252873093940578
6559.77,0.03171186287634253
6559.78,0.03035729578614735
6559.79,0.028607269257139183
6559.8,0.02661868318824071
6559.81,0.02453843885450641
6559.82,0.022480649442212144
6559.83,0.020534918259377432
6559.84,0.01875022599756745
6559.85,0.01715176265966202
6559.86,0.01574490186167435
6559.87,0.014522164483713738
6559.88,0.013467260719368703
6559.89,0.012559714542530562
6559.9,0.011773757355650102
6559.91,0.011082569518234503
6559.92,0.010461846581953095
6559.93,0.009894373534124966
6559.94,0.00937227537958751
6559.95,0.00889593983608869
6559.96,0.008466479774703151
6559.97,0.008086570547599188
6559.98,0.007755770199503104
6559.99,0.007471547972652732
6560.0,0.007230215869144304
6560.01,0.007027779277317463
6560.02,0.006860474493949563
6560.03,0.00672503338816719
6560.04,0.006617716792802142
6560.05,0.006538582071331845
6560.06,0.006486847186025984
6560.07,0.006458023861212176
6560.08,0.006453290426844244
6560.09,0.006473033405566628
6560.1,0.006517559579293681
6560.11,0.0066077375716205615
6560.12,0.006706317958065573
6560.13,0.006829328149113011
6560.14,0.006978005642596701
6560.15,0.007148820826646342
6560.16,0.007338482361403112
6560.17,0.007540650178266074
6560.18,0.00775142831338656
6560.19,0.007971106273551007
6560.2,0.008203580940487993
6560.21,0.008455241489143402
6560.22,0.008728379381874493
6560.23,0.009019829260987954
6560.24,0.009319604110200457
6560.25,0.009613043704583006
6560.26,0.00988081200649558
6560.27,0.010109904299737165
6560.28,0.010291183899970384
6560.29,0.01042883912914226
6560.3,0.010535517624969029
6560.31,0.010629485180299067
6560.32,0.010729415626543119
6560.33,0.01085046149824828
6560.34,0.01100215269900333
6560.35,0.011187910681064816
6560.36,0.011407414665265965
6560.37,0.0116569234184605
6560.38,0.011932827340608814
6560.39,0.012234009312783439
6560.4,0.012563258453591068
6560.41,0.012927717899551622
6560.42,0.01333353924089146
6560.43,0.013802771708258455
6560.44,0.014344666544842326
6560.45,0.014973259288157532
6560.46,0.015702931445215406
6560.47,0.016547604330597425
6560.48,0.01752274858074992
6560.49,0.018644431466642016
6560.5,0.01993333435195971
6560.51,0.021399354251484645
6560.52,0.023062031072484585
6560.53,0.0249313210498632
6560.54,0.02701375708442217
6560.55,0.029298780074380568
6560.56,0.03175508723618126
6560.57,0.03432572492672481
6560.58,0.03692739456619711
6560.59,0.039455652422242776
6560.6,0.041801567346739316
6560.61,0.04387115759829127
6560.62,0.04559895294362933
6560.63,0.046948113144559225
6560.64,0.047900562973473136
6560.65,0.04844800684653097
6560.66,0.04859776491440923
6560.67,0.04838501633189143
6560.68,0.047888882786395595
6560.69,0.047222754755316176
6560.7,0.046520849760729115
6560.71,0.04591607233014536
6560.72,0.04551088507423543
6560.73,0.04538536144105225
6560.74,0.0455882876910157
6560.75,0.046148226641663195
6560.76,0.04708136889980001
6560.77,0.048397370072373665
6560.78,0.05010486375060646
6560.79,0.052211434025812464
6560.8,0.05472893152018403
6560.81,0.05767238981216681
6560.82,0.061064789641856236
6560.83,0.0649359473761598
6560.84,0.06931753317091507
6560.85,0.07423094019725496
6560.86,0.079644010859083
6560.87,0.08558304230730628
6560.88,0.09191298413399403
6560.89,0.09846008382840775
6560.9,0.10497661440591137
6560.91,0.1111509399500816
6560.92,0.11664845035703142
6560.93,0.12113989798998348
6560.94,0.12434918541491942
6560.95,0.12607996884122624
6560.96,0.1262220143983712
6560.97,0.12475327811298424
6560.98,0.12173977100766493
6560.99,0.117337440447642
6561.0,0.11178660041863954
6561.01,0.10538976992347664
6561.02,0.0984757971776249
6561.03,0.09135414636095406
6561.04,0.08429583431261878
6561.05,0.07751263724451729
6561.06,0.0711556637143146
6561.07,0.06532293738836331
6561.08,0.060056107918219775
6561.09,0.055357693528737394
6561.1,0.0512231136281052
6561.11,0.047612648478927724
6561.12,0.04448476463489648
6561.13,0.041799297656396714
6561.14,0.039517418380415587
6561.15,0.037603812513710845
6561.16,0.03602688029619175
6561.17,0.03472687083102721
6561.18,0.033739509068107326
6561.19,0.03300640632229913
6561.2,0.03249877704117093
6561.21,0.03218187854104406
6561.22,0.03201317563720487
6561.23,0.031943943785996735
6561.24,0.03191528095621776
6561.25,0.03186515685007894
6561.26,0.031734442314498436
6561.27,0.031477940724289694
6561.28,0.03107112631265896
6561.29,0.030516840903207464
6561.3,0.02984138342487804
6561.31,0.02909838960300725
6561.32,0.028344985338209117
6561.33,0.02764218758801856
6561.34,0.02704550304932869
6561.35,0.026597178429238588
6561.36,0.026308933359629225
6561.37,0.026227467116292487
6561.38,0.026333096175494036
6561.39,0.026607119334299163
6561.4,0.02701320360395543
6561.41,0.02749966257852497
6561.42,0.02800478769790352
6561.43,0.028466406145225085
6561.44,0.02883545267265985
6561.45,0.029090754267048588
6561.46,0.029247525217209636
6561.47,0.029357558403516552
6561.48,0.029496293722206305
6561.49,0.029747588158115016
6561.5,0.030188810511635918
6561.51,0.03087920774893436
6561.52,0.03184949898630879
6561.53,0.033092681174422774
6561.54,0.03454684802826797
6561.55,0.03610385332059059
6561.56,0.037606294878009636
6561.57,0.03891200129568321
6561.58,0.0398934734386029
6561.59,0.04049481200273723
6561.6,0.040719430493558424
6561.61,0.04060339083854444
6561.62,0.04018013928951688
6561.63,0.03947949961885858
6561.64,0.03854350491110267
6561.65,0.03744404469892906
6561.66,0.03628409357874881
6561.67,0.03517988983060357
6561.68,0.03424101423829829
6561.69,0.0335531827121102
6561.7,0.03317286994342148
6561.71,0.03312757649144511
6561.72,0.033421306937653106
6561.73,0.034034140214217266
6561.74,0.03492366672681663
6561.75,0.0360234615229407
6561.76,0.03724082687021284
6561.77,0.03847400908273509
6561.78,0.03961098918857326
6561.79,0.04056137054433893
6561.8,0.04127477666113745
6561.81,0.04175266695715144
6561.82,0.04204569198413733
6561.83,0.04223866276568572
6561.84,0.04242954882977671
6561.85,0.04271166806567354
6561.86,0.04315513478567385
6561.87,0.04379736609949915
6561.88,0.04463570501668222
6561.89,0.04562646043982325
6561.9,0.04669092027579153
6561.91,0.04772885217696036
6561.92,0.04863468176205493
6561.93,0.049315985172991336
6561.94,0.04971065434262487
6561.95,0.04979107725040008
6561.96,0.04956468815881044
6561.97,0.04905768166710508
6561.98,0.04830038560222527
6561.99,0.04731520536573003
6562.0,0.0461078972831645
6562.01,0.04468500484170996
6562.02,0.04305949864471855
6562.03,0.04126601563545433
6562.04,0.039362096815098876
6562.05,0.03742329604391702
6562.06,0.03553123171051133
6562.07,0.033761077514519414
6562.08,0.03217088116399724
6562.09,0.0307965701573534
6562.1,0.02965085459749464
6562.11,0.028725543779796307
6562.12,0.027994550951737775
6562.13,0.027421710669401255
6562.14,0.02695950328796298
6562.15,0.026558799165951677
6562.16,0.026177698149094396
6562.17,0.02578108421340219
6562.18,0.02534524022027272
6562.19,0.02485429338931234
6562.2,0.024296519452996622
6562.21,0.023671363628973888
6562.22,0.02296411090565983
6562.23,0.022197162068310648
6562.24,0.021401013427460574
6562.25,0.02061466135656315
6562.26,0.01987295462896711
6562.27,0.019199917041367687
6562.28,0.018602390173525832
6562.29,0.018075337225294596
6562.3,0.017604854605945786
6562.31,0.017173703317695035
6562.32,0.016764169605670967
6562.33,0.01636374023114193
6562.34,0.015966550791689488
6562.35,0.015574825037013736
6562.36,0.01519818447487242
6562.37,0.014850195044567097
6562.38,0.014545703816959878
6562.39,0.014296936712772669
6562.4,0.014110664703009222
6562.41,0.013988647306815347
6562.42,0.01393264799676214
6562.43,0.013941887132486647
6562.44,0.014019795709039431
6562.45,0.014172103384120506
6562.46,0.014403756815129192
6562.47,0.01471518021862975
6562.48,0.015097347488657598
6562.49,0.015548028897191242
6562.5,0.016054432866197673
6562.51,0.01661136119733729
6562.52,0.01721291238864341
6562.53,0.017866267590793745
6562.54,0.018554330300117473
6562.55,0.019250131558273664
6562.56,0.01991532029926094
6562.57,0.020512752875454596
6562.58,0.02101824279304833
6562.59,0.0214253995613345
6562.6,0.0217389277685116
6562.61,0.021962718773740328
6562.62,0.022090139324827618
6562.63,0.02210421708754235
6562.64,0.02198208333765288
6562.65,0.021708922192041128
6562.66,0.021288938105556623
6562.67,0.02075018553721695
6562.68,0.020141146370181686
6562.69,0.01952146825739503
6562.7,0.01894977487471007
6562.71,0.01847296005164621
6562.72,0.018120286238289946
6562.73,0.017906962869159555
6562.74,0.017836950402181397
6562.75,0.017917332973622434
6562.76,0.018150020293988035
6562.77,0.018526547401397867
6562.78,0.019009907514081697
6562.79,0.019534090636842
6562.8,0.020010639410350382
6562.81,0.02034524952808558
6562.82,0.020458769255796396
6562.83,0.020313151671053808
6562.84,0.019931801531375793
6562.85,0.019404433824637527
6562.86,0.018850567191955936
6562.87,0.018374629004705656
6562.88,0.018040234240904434
6562.89,0.017872081940368156
6562.9,0.01787149401037291
6562.91,0.018031401522953506
6562.92,0.01834726398616523
6562.93,0.018809279031183863
6562.94,0.01941597870581919
6562.95,0.02016009329427567
6562.96,0.021028614147083943
6562.97,0.02200115637949521
6562.98,0.02305028178671391
6562.99,0.024145289141787703
6563.0,0.02525878256273963
6563.01,0.026374862204996356
6563.02,0.027496082804972493
6563.03,0.0286457495498219
6563.04,0.029864148320761282
6563.05,0.031199655597552115
6563.06,0.032697506593157746
6563.07,0.03438882343445344
6563.08,0.03627976421399921
6563.09,0.03834848029960998
6563.1,0.04053308559178401
6563.11,0.042730268783874356
6563.12,0.04479917898910059
6563.13,0.04664312289326203
6563.14,0.04794935192066194
6563.15,0.04863151416051042
6563.16,0.04863604262671508
6563.17,0.04794671588692673
6563.18,0.046642790000259046
6563.19,0.04486489103949465
6563.2,0.04278378008325306
6563.21,0.040569452139639445
6563.22,0.03836783700118187
6563.23,0.03636127537326234
6563.24,0.034488306861662675
6563.25,0.03286259564809441
6563.26,0.03150785248763973
6563.27,0.03042888812533062
6563.28,0.02961809366789235
6563.29,0.029059507285739836
6563.3,0.028732296113108336
6563.31,0.028614471821443787
6563.32,0.028687190274376394
6563.33,0.028939170066386032
6563.34,0.02936989451103949
6563.35,0.029990133213477082
6563.36,0.030819966883809738
6563.37,0.031881902584524446
6563.38,0.03319390803748149
6563.39,0.03476061703156111
6563.4,0.036562241927647565
6563.41,0.03855195474076906
6563.42,0.040643330052142226
6563.43,0.04271424670026249
6563.44,0.044614323158038566
6563.45,0.046180148253931644
6563.46,0.04725633195051692
6563.47,0.04771901703927733
6563.48,0.047504364591012344
6563.49,0.04660133111824967
6563.5,0.04508817417511526
6563.51,0.04309428540039222
6563.52,0.04077847042458603
6563.53,0.03829965864339531
6563.54,0.035788461772312666
6563.55,0.03334729002410178
6563.56,0.031019985965488273
6563.57,0.028834844404849704
6563.58,0.02679843006137879
6563.59,0.024907773979925225
6563.6,0.023160951395194165
6563.61,0.021546836336709972
6563.62,0.020062721529740504
6563.63,0.01870226905447681
6563.64,0.0174581947179903
6563.65,0.01632246432845488
6563.66,0.015287788094806184
6563.67,0.014349432696759493
6563.68,0.013505307706776017
6563.69,0.01275421661839404
6563.7,0.012094616215137417
6563.71,0.011521067604039585
6563.72,0.011028653442550251
6563.73,0.010610711804706699
6563.74,0.010259547392583487
6563.75,0.009965933690340132
6563.76,0.009718462706059102
6563.77,0.009503873037893944
6563.78,0.00930928333726599
6563.79,0.00912594374351795
6563.8,0.008952290341885766
6563.81,0.008793735504062481
6563.82,0.008659361055060025
6563.83,0.008558100647094564
6563.84,0.008496630326802966
6563.85,0.008479195848643645
6563.86,0.008508414147288089
6563.87,0.008586155427432162
6563.88,0.008714106692161753
6563.89,0.008893951874631384
6563.9,0.00912712478446189
6563.91,0.009414684076838944
6563.92,0.00975626662331851
6563.93,0.010149568084753157
6563.94,0.010589773466962556
6563.95,0.011069636918945682
6563.96,0.011580293613169871
6563.97,0.012115148447140648
6563.98,0.012670810711670973
6563.99,0.013250939055916419
6564.0,0.013866234672224463
6564.01,0.014531057974525842
6564.02,0.01525712827320292
6564.03,0.016046731921687547
6564.04,0.016883692844732828
6564.05,0.01772659371990797
6564.06,0.018519601663774803
6564.07,0.019179143049883975
6564.08,0.019629690868530707
6564.09,0.019814554644840165
6564.1,0.01971411124015865
6564.11,0.019350620921677827
6564.12,0.01878063304396658
6564.13,0.01807915050121256
6564.14,0.017322760522077908
6564.15,0.01657671323056249
6564.16,0.015887688721714317
6564.17,0.015282014252889917
6564.18,0.014767649655125054
6564.19,0.014329353314568489
6564.2,0.013974067719265676
6564.21,0.013678494584316298
6564.22,0.013432852548544738
6564.23,0.013226615522583345
6564.24,0.013045627613183092
6564.25,0.01286788544961987
6564.26,0.012667430492916274
6564.27,0.012424453267796532
6564.28,0.01213433976521082
6564.29,0.011807985455630159
6564.3,0.011462992472877033
6564.31,0.011115618199310307
6564.32,0.010775635512434175
6564.33,0.010446750604442862
6564.34,0.010128678917196703
6564.35,0.009819415522872672
6564.36,0.00951705099910619
6564.37,0.009221092832986829
6564.38,0.008933161171952716
6564.39,0.008656957022203485
6564.4,0.008397416813420933
6564.41,0.008159915484870649
6564.42,0.007949197939717819
6564.43,0.007768886084866122
6564.44,0.007621344757207488
6564.45,0.007507881069400133
6564.46,0.0074288974800125265
6564.47,0.007384495037794408
6564.48,0.007374383071578921
6564.49,0.007398997011580837
6564.5,0.007458429714600172
6564.51,0.007553358911228804
6564.52,0.007684847404963197
6564.53,0.007854216837753347
6564.54,0.008061603278058771
6564.55,0.008309738898214474
6564.56,0.008596364129682621
6564.57,0.008917744993612236
6564.58,0.009267245796129156
6564.59,0.009638387058161562
6564.6,0.01002708353015353
6564.61,0.010436664259860517
6564.62,0.010882641761270998
6564.63,0.011373403194605803
6564.64,0.011930994209770158
6564.65,0.012571726059136699
6564.66,0.013311072298000576
6564.67,0.01416292032491928
6564.68,0.015141996258584152
6564.69,0.016264611343055218
6564.7,0.017549323474966055
6564.71,0.019017175291668596
6564.72,0.02069159773014548
6564.73,0.022597277783189748
6564.74,0.02475475053863594
6564.75,0.02719703001137121
6564.76,0.029933352485021828
6564.77,0.03296204228429349
6564.78,0.036260106882045944
6564.79,0.039765045948142785
6564.8,0.04336900868689147
6564.81,0.046913176440395964
6564.82,0.05019509124077635
6564.83,0.05298382134363154
6564.84,0.05505407162195637
6564.85,0.05622911010636455
6564.86,0.05642324760345598
6564.87,0.05566639306117242
6564.88,0.054094439852886395
6564.89,0.0519113511316004
6564.9,0.049337087906270685
6564.91,0.046562558546455524
6564.92,0.043724719468344046
6564.93,0.040904369823842435
6564.94,0.038141569241491154
6564.95,0.035453674771875054
6564.96,0.03285939764902354
6564.97,0.03038133976337847
6564.98,0.02804818466914959
6564.99,0.025886442202680455
6565.0,0.023913872270112387
6565.01,0.022135882165520936
6565.02,0.020546369904198312
6565.03,0.019132115509854837
6565.04,0.01787829257426765
6565.05,0.016771172321224194
6565.06,0.01579916870056402
6565.07,0.014949343625859928
6565.08,0.014205867579064144
6565.09,0.013549566677776657
6565.1,0.01295916508943123
6565.11,0.012405312386152924
6565.12,0.011886434192150254
6565.13,0.011381358152648974
6565.14,0.010884135134614847
6565.15,0.010394106483612919
6565.16,0.009916245008498121
6565.17,0.009452244773538409
6565.18,0.009019634792663257
6565.19,0.008618952074478325
6565.2,0.008254119149362051
6565.21,0.007927298404496652
6565.22,0.007639016858527211
6565.23,0.007389085486125115
6565.24,0.007176745020893174
6565.25,0.00700112489584526
6565.26,0.006861526249320516
6565.27,0.006757632505096603
6565.28,0.006689672899950276
6565.29,0.006658562653884284
6565.3,0.006666047771057268
6565.31,0.006714812000806504
6565.32,0.006806121513759329
6565.33,0.0069502097070433646
6565.34,0.0071509972836604
6565.35,0.00741635299314417
6565.36,0.0077553259564456314
6565.37,0.00817834297794874
6565.38,0.008692722427460827
6565.39,0.009306176151546677
6565.4,0.010023522386235408
6565.41,0.010848230157324503
6565.42,0.011784434871157405
6565.43,0.012835867280125313
6565.44,0.013997535445572435
6565.45,0.015240061297334608
6565.46,0.016491906161015982
6565.47,0.017629114055403138
6565.48,0.018488575186005805
6565.49,0.01891070377946696
6565.5,0.01880654463875428
6565.51,0.01820311490095997
6565.52,0.017232060205733292
6565.53,0.016070024959978106
6565.54,0.014875951689961905
6565.55,0.013759894187518926
6565.56,0.012783532976146633
6565.57,0.011974341201523747
6565.58,0.01133891170701697
6565.59,0.010871570015335215
6565.6,0.010559382183476993
6565.61,0.010387287710742342
6565.62,0.010329118755438241
6565.63,0.01036816468203817
6565.64,0.010476032141138927
6565.65,0.010624765272812144
6565.66,0.010780248487007966
6565.67,0.01091121044785336
6565.68,0.01098925566867658
6565.69,0.010994796240720197
6565.7,0.010921511115745528
6565.71,0.01078340640328706
6565.72,0.010584780902382244
6565.73,0.010359165041940498
6565.74,0.010132980110728902
6565.75,0.00992717641646192
6565.76,0.00974622082016378
6565.77,0.00959980796152443
6565.78,0.009464815300046909
6565.79,0.009309446703956318
6565.8,0.009107563791999344
6565.81,0.008830532055895238
6565.82,0.008479596164339165
6565.83,0.008045135411449578
6565.84,0.00756312900459845
6565.85,0.0070643262076271595
6565.86,0.0065768703585227664
6565.87,0.006118311980934366
6565.88,0.00571122108221988
6565.89,0.005340006136427221
6565.9,0.004988150599630814
6565.91,0.004703200520784153
6565.92,0.004453692071396021
6565.93,0.004237157023410964
6565.94,0.004047935243305282
6565.95,0.0038575990945935073
6565.96,0.0037138072963313483
6565.97,0.0035972202463846873
6565.98,0.0034876233147199858
6565.99,0.0033916276540231108
6566.0,0.0033070672107463313
6566.01,0.003234669691993035
6566.02,0.0031697877066772353
6566.03,0.003116107340106949
6566.04,0.003070558953796898
6566.05,0.0030325298947107226
6566.06,0.0030015344461955433
6566.07,0.0029872193150593256
6566.08,0.002969316796534275
6566.09,0.0029576251126778334
6566.1,0.0029557349938244323
6566.11,0.0029563021150825685
6566.12,0.002963072806324921
6566.13,0.0029752028266533106
6566.14,0.0029947311687982896
6566.15,0.0030200021024618406
6566.16,0.0030536687634914734
6566.17,0.0030961001488805056
6566.18,0.003147380750168842
6566.19,0.003208455035715192
6566.2,0.0032789621625225166
6566.21,0.003363021418480307
6566.22,0.003458965402737293
6566.23,0.003572139152174805
6566.24,0.0037025648718120394
6566.25,0.003852992790675472
6566.26,0.0040256805091719505
6566.27,0.004223213435774055
6566.28,0.004448009220166921
6566.29,0.004701873019705236
6566.3,0.004979866580502901
6566.31,0.0052904856458658575
6566.32,0.005622304799052329
6566.33,0.005963043822798082
6566.34,0.006293691757798161
6566.35,0.006590589393194956
6566.36,0.00682556266581748
6566.37,0.006978107000706019
6566.38,0.00703650235058213
6566.39,0.0070006765793575055
6566.4,0.00688082439269524
6566.41,0.00669433296119811
6566.42,0.00646227440916049
6566.43,0.0062060832944698255
6566.44,0.005944968872550106
6566.45,0.005692360476190101
6566.46,0.005463320272799087
6566.47,0.005263052768186199
6566.48,0.005094920694085157
6566.49,0.004959665303765443
6566.5,0.004854962983840139
6566.51,0.004775577175409007
6566.52,0.004717382309493425
6566.53,0.004664677781798918
6566.54,0.004614598500412031
6566.55,0.00456551468099243
6566.56,0.004521135193444596
6566.57,0.004488505560839734
6566.58,0.004475094266412491
6566.59,0.004487014095777816
6566.6,0.004529318809325214
6566.61,0.004603172846410757
6566.62,0.004710321271780231
6566.63,0.004850895201116806
6566.64,0.005020655005109844
6566.65,0.005210672524998677
6566.66,0.005406144684710463
6566.67,0.005588689296616167
6566.68,0.0057427693659119795
6566.69,0.005863716396954793
6566.7,0.0059616195638820665
6566.71,0.006058208410301532
6566.72,0.006178060660156509
6566.73,0.006343759317966181
6566.74,0.006572606173528089
6566.75,0.006877614550259932
6566.76,0.007268855194889448
6566.77,0.007753357349336345
6566.78,0.008331946149383802
6566.79,0.008984745818796795
6566.8,0.009688799841259501
6566.81,0.010369030317236102
6566.82,0.010937718026041049
6566.83,0.011322921552797193
6566.84,0.011510224859183649
6566.85,0.011548400134228306
6566.86,0.011516682133520565
6566.87,0.011471968147522714
6566.88,0.011457017255918139
6566.89,0.011452430925752127
6566.9,0.011436631025611703
6566.91,0.011372990917142604
6566.92,0.011236081494764757
6566.93,0.011015268596126409
6566.94,0.010714412918731715
6566.95,0.010350533699903347
6566.96,0.009947320829362605
6566.97,0.00952815814743801
6566.98,0.009115211232819468
6566.99,0.008725628165155631
6567.0,0.008371583828776563
6567.01,0.008060849913915896
6567.02,0.007797983982408688
6567.03,0.007583303977967928
6567.04,0.007417419635800249
6567.05,0.007299342608621151
6567.06,0.007227876164921812
6567.07,0.007201439466557512
6567.08,0.007220120922235186
6567.09,0.00728202548661227
6567.1,0.007389012972157236
6567.11,0.007540096375517343
6567.12,0.007734956188585653
6567.13,0.007972471377383222
6567.14,0.008250053753773504
6567.15,0.008559665152821382
6567.16,0.008901222172269
6567.17,0.0092626914231011
6567.18,0.009635078528994282
6567.19,0.010011348541013614
6567.2,0.01038755630583483
6567.21,0.0107632054056161
6567.22,0.011139502930739537
6567.23,0.01151606087347014
6567.24,0.011892233203349013
6567.25,0.012262759538072434
6567.26,0.012622988838024804
6567.27,0.012970405117039521
6567.28,0.01330567895555677
6567.29,0.013630013512506993
6567.3,0.01394130766057278
6567.31,0.014230664983362206
6567.32,0.014479664385308485
6567.33,0.014668849932071518
6567.34,0.014772214594597785
6567.35,0.014768826186532278
6567.36,0.0146467812352713
6567.37,0.014407698225429226
6567.38,0.014068681624920797
6567.39,0.013659040828788506
6567.4,0.013213401972085554
6567.41,0.012763652251018213
6567.42,0.012332932953278175
6567.43,0.011934194738335117
6567.44,0.011569553305686119
6567.45,0.011241685666687712
6567.46,0.010951573132487508
6567.47,0.010703293729050987
6567.48,0.010508749785261099
6567.49,0.010358964277118167
6567.5,0.010262127915165915
6567.51,0.010217950391006373
6567.52,0.010225070153741272
6567.53,0.010281942367593918
6567.54,0.010387436256346472
6567.55,0.01054114675885309
6567.56,0.01074348464665826
6567.57,0.010995631632601859
6567.58,0.011299325892103869
6567.59,0.01165642817907757
6567.6,0.0120682993193381
6567.61,0.012534912943340129
6567.62,0.013053878465751413
6567.63,0.013619757606219333
6567.64,0.014224276816555262
6567.65,0.014857734089877788
6567.66,0.015511957704618967
6567.67,0.016181546376114825
6567.68,0.016862968965850753
6567.69,0.01755076807700447
6567.7,0.018229782044281734
6567.71,0.01887150439426738
6567.72,0.01943516997536855
6567.73,0.019876576783687004
6567.74,0.020159038972510576
6567.75,0.020289193932583306
6567.76,0.02026178137967463
6567.77,0.020129514150939463
6567.78,0.019944162411572024
6567.79,0.01975655478987839
6567.8,0.019606694114017872
6567.81,0.019522331096134098
6567.82,0.01951741266500162
6567.83,0.01959958478323756
6567.84,0.019770464887174488
6567.85,0.02002861781925111
6567.86,0.02038525111549377
6567.87,0.02081094401999424
6567.88,0.021317196644716714
6567.89,0.021918112056948363
6567.9,0.022583285958599562
6567.91,0.023328815488813288
6567.92,0.024156745330405432
6567.93,0.025069071440799756
6567.94,0.026072298572956298
6567.95,0.027170653583029034
6567.96,0.028370690145857278
6567.97,0.029680228384739937
6567.98,0.031108126520506856
6567.99,0.0326816579993362
6568.0,0.034381433087439225
6568.01,0.036236964494541
6568.02,0.03826495877247433
6568.03,0.04048426183294625
6568.04,0.04291851999880006
6568.05,0.0455885345938007
6568.06,0.04852600891164305
6568.07,0.05176121544003226
6568.08,0.05533281430779927
6568.09,0.059283719907915214
6568.1,0.06366297389429834
6568.11,0.06852641433897384
6568.12,0.07393724983369979
6568.13,0.07996640136448686
6568.14,0.08669239069026685
6568.15,0.09420043322926161
6568.16,0.10258023130464775
6568.17,0.11190590733408169
6568.18,0.12229183809093797
6568.19,0.13378760908578952
6568.2,0.14642635082975522
6568.21,0.1601858558601742
6568.22,0.17496114605050153
6568.23,0.19056087474658623
6568.24,0.20666127145646626
6568.25,0.22281963979466524
6568.26,0.2384893401402374
6568.27,0.25306635395773414
6568.28,0.26596900682602265
6568.29,0.27673410351431904
6568.3,0.2851090317948431
6568.31,0.2911029964601979
6568.32,0.294969105140389
6568.33,0.2971072539163944
6568.34,0.2979510497447384
6568.35,0.2977958440521133
6568.36,0.2967250532366117
6568.37,0.294586170174178
6568.38,0.2910509216790273
6568.39,0.2857169256198209
6568.4,0.27827924224602907
6568.41,0.2686279099226686
6568.42,0.256898824890794
6568.43,0.24345575404821743
6568.44,0.2288041907289787
6568.45,0.21349084292913542
6568.46,0.1980225033439271
6568.47,0.1828191227349097
6568.48,0.16820362328801097
6568.49,0.1543716736145267
6568.5,0.14149835395914506
6568.51,0.12963895831063107
6568.52,0.11881083647104197
6568.53,0.10899184387226368
6568.54,0.10013157322252043
6568.55,0.09216656411980717
6568.56,0.08502058982313336
6568.57,0.07861712266639606
6568.58,0.07288033588519269
6568.59,0.06773706648261348
6568.6,0.06311895628863341
6568.61,0.05896038879109588
6568.62,0.05520053904863035
6568.63,0.05178426286992404
6568.64,0.04866587457994429
6568.65,0.045809003975234915
6568.66,0.04318787521337669
6568.67,0.04078456323809606
6568.68,0.03858567788703173
6568.69,0.036579571769120224
6568.7,0.03475490688282884
6568.71,0.03310023001118696
6568.72,0.03160359494895624
6568.73,0.030253161110930942
6568.74,0.0290347660510194
6568.75,0.02793188824383691
6568.76,0.02692552865132288
6568.77,0.025996616374621973
6568.78,0.02513077697285631
6568.79,0.024322421255555223
6568.8,0.023568901474758135
6568.81,0.0228865687674903
6568.82,0.022277644039304413
6568.83,0.021718152095386814
6568.84,0.021207393440998798
6568.85,0.020731968104859392
6568.86,0.020272630724143394
6568.87,0.019831299635596693
6568.88,0.019405886462064988
6568.89,0.01898885394639058
6568.9,0.01856629599945554
6568.91,0.018124102243126165
6568.92,0.01765664817171903
6568.93,0.01717160956556695
6568.94,0.016687617861549677
6568.95,0.016227303868444582
6568.96,0.015810710985573292
6568.97,0.015452097931624723
6568.98,0.015162793046285455
6568.99,0.014941919715006902
6569.0,0.014794708409293766
6569.01,0.014723049718816694
6569.02,0.014729057930791087
6569.03,0.014815439778381486
6569.04,0.014985320435360956
6569.05,0.015241703891323557
6569.06,0.015586140959456362
6569.07,0.01601957311413869
6569.08,0.01653211167766868
6569.09,0.017110836998845188
6569.1,0.01772994423735138
6569.11,0.01835074897280901
6569.12,0.018922748013281525
6569.13,0.019389136637129028
6569.14,0.01969654999937686
6569.15,0.019806125002988444
6569.16,0.01970092534931383
6569.17,0.019385967085090997
6569.18,0.01888174299831347
6569.19,0.01821667923387041
6569.2,0.017425849322969332
6569.21,0.016543486081830375
6569.22,0.015614377550643889
6569.23,0.014683038710051137
6569.24,0.013787885814460643
6569.25,0.01295783923254167
6569.26,0.012203407548173938
6569.27,0.011531493824188303
6569.28,0.010939963464618651
6569.29,0.010423021621713102
6569.3,0.009973420758689018
6569.31,0.009582954854507808
6569.32,0.0092465309815773
6569.33,0.008957431933496234
6569.34,0.00871077345549641
6569.35,0.008502661550184604
6569.36,0.008334659899189
6569.37,0.008195053681418697
6569.38,0.008088426831616225
6569.39,0.008013735338929079
6569.4,0.007971408302652324
6569.41,0.007959385285721248
6569.42,0.007986344115903302
6569.43,0.008051754218879041
6569.44,0.00815890468088187
6569.45,0.00831141390080277
6569.46,0.008511475168878057
6569.47,0.008759411287183081
6569.48,0.009050356054628169
6569.49,0.00937111635601019
6569.5,0.009697070702511003
6569.51,0.00999160893669838
6569.52,0.010211862543336827
6569.53,0.010316882367242536
6569.54,0.010287394928156276
6569.55,0.010129993826338392
6569.56,0.009876074566204821
6569.57,0.00956935748866815
6569.58,0.009252117210768985
6569.59,0.008956580936698953
6569.6,0.008702880210985415
6569.61,0.008499486210699216
6569.62,0.00835351385797921
6569.63,0.00824370659280906
6569.64,0.008208908540779674
6569.65,0.008226821696992232
6569.66,0.00830042077709293
6569.67,0.008429092824443398
6569.68,0.00861443362433981
6569.69,0.008857893188498007
6569.7,0.009159112614171008
6569.71,0.009513167723259741
6569.72,0.009908478368654801
6569.73,0.010324573559030197
6569.74,0.010736624590740764
6569.75,0.011126252984577666
6569.76,0.01148890575736923
6569.77,0.011845375996486078
6569.78,0.012231642678036067
6569.79,0.012688099519492721
6569.8,0.013249959804686958
6569.81,0.013943291459529588
6569.82,0.014784910330368108
6569.83,0.01578285881963251
6569.84,0.016935468713566267
6569.85,0.018230661261644555
6569.86,0.01964486436150739
6569.87,0.021138696768259174
6569.88,0.022655681762692583
6569.89,0.024117692740423757
6569.9,0.02542425929063572
6569.91,0.026460477709053916
6569.92,0.027116968721138827
6569.93,0.027319376278594123
6569.94,0.027050698011273078
6569.95,0.02636464449798062
6569.96,0.025368150552635454
6569.97,0.02419230734880977
6569.98,0.022961566499529185
6569.99,0.021773066736484433
6570.0,0.020688301908324488
6570.01,0.01973280814570915
6570.02,0.018905512331829903
6570.03,0.018182815511273
6570.04,0.01753631306323278
6570.05,0.01694902844264449
6570.06,0.01642331937388582
6570.07,0.01597672118162096
6570.08,0.015632200500688385
6570.09,0.015407887708510258
6570.1,0.015316909427689481
6570.11,0.015358661589054525
6570.12,0.01554132584805758
6570.13,0.015859254815911047
6570.14,0.016318559628393556
6570.15,0.016922558127139612
6570.16,0.017683314313759628
6570.17,0.018585627907991023
6570.18,0.01963455663584761
6570.19,0.020818065946323242
6570.2,0.022111709668894593
6570.21,0.02347696461773583
6570.22,0.024864697848983108
6570.23,0.02622467442697425
6570.24,0.027522958567321266
6570.25,0.028757014375364452
6570.26,0.029963141197835073
6570.27,0.0312098957083111
6570.28,0.03257992578414995
6570.29,0.03414754869198963
6570.3,0.035957744305890375
6570.31,0.03801343755649102
6570.32,0.040262312416436054
6570.33,0.0425965963336528
6570.34,0.04486170940150965
6570.35,0.04687815264117767
6570.36,0.04847499182535996
6570.37,0.049520177892246
6570.38,0.04994350661103066
6570.39,0.04974489858966018
6570.4,0.04898948144968159
6570.41,0.047803981163609184
6570.42,0.04630523898360654
6570.43,0.04465141401462621
6570.44,0.04297656685251094
6570.45,0.04139442045903392
6570.46,0.03999529692979187
6570.47,0.038846150837707434
6570.48,0.037991975057025076
6570.49,0.0374554567773509
6570.5,0.03724204605799389
6570.51,0.037341376917464
6570.52,0.037742842121326434
6570.53,0.03840267117901169
6570.54,0.03931006391933326
6570.55,0.04043767284321509
6570.56,0.04176806284895835
6570.57,0.04326070873216722
6570.58,0.04487110336520503
6570.59,0.0465330962327324
6570.6,0.04816231469101761
6570.61,0.04966225523524562
6570.62,0.050941055513416655
6570.63,0.05193827136104759
6570.64,0.05264658302938237
6570.65,0.053120160133930214
6570.66,0.053458167462619215
6570.67,0.053773298744771054
6570.68,0.05416006222355428
6570.69,0.054666074877649524
6570.7,0.055280887296431984
6570.71,0.05595016281067617
6570.72,0.05657799031949539
6570.73,0.05705977130644896
6570.74,0.0573096294951738
6570.75,0.05727863418341173
6570.76,0.05697823048961003
6570.77,0.05642271271954994
6570.78,0.055688126556534275
6570.79,0.05483776984036817
6570.8,0.053909922676335605
6570.81,0.05290528804733951
6570.82,0.051790181688141146
6570.83,0.050506097966342416
6570.84,0.049001884096548605
6570.85,0.047247849488228896
6570.86,0.04525252932623588
6570.87,0.043060622043474085
6570.88,0.04073849514355296
6570.89,0.03836421811784479
6570.9,0.03600953410112684
6570.91,0.033731015525742966
6570.92,0.031565000383293663
6570.93,0.029528565071464823
6570.94,0.027612027440647478
6570.95,0.025799794918499586
6570.96,0.024071654316069238
6570.97,0.022417523328156837
6570.98,0.02084296671775017
6570.99,0.019365001099344473
6571.0,0.018001669741582352
6571.01,0.01676417038899013
6571.02,0.015654371398059804
6571.03,0.01467163221487351
6571.04,0.013797641777406874
6571.05,0.013026190688144276
6571.06,0.012346811999374353
6571.07,0.011750040242980646
6571.08,0.011227591773727367
6571.09,0.010772194042982066
6571.1,0.010376836767170805
6571.11,0.010033815560454021
6571.12,0.009733456508560535
6571.13,0.00946326835009645
6571.14,0.009208090928223039
6571.15,0.008955429198754448
6571.16,0.008696533068108352
6571.17,0.008431394521501776
6571.18,0.00816689973274369
6571.19,0.007912560379277568
6571.2,0.0076764573970457455
6571.21,0.0074634261392491665
6571.22,0.007278505512162341
6571.23,0.007115020977833403
6571.24,0.006975033220697935
6571.25,0.006856923935553414
6571.26,0.006759686501389715
6571.27,0.006680434678060867
6571.28,0.006621802725934836
6571.29,0.006581820129062171
6571.3,0.006560590492373348
6571.31,0.006558591404792351
6571.32,0.006576705960715768
6571.33,0.006616134044030745
6571.34,0.006678245929894266
6571.35,0.0067642415228018875
6571.36,0.006874505523833853
6571.37,0.00700759537343046
6571.38,0.007159066701231603
6571.39,0.00732089940056502
6571.4,0.007482773999744345
6571.41,0.007636052397271522
6571.42,0.007777708346845915
6571.43,0.007913808668443158
6571.44,0.008056663562055843
6571.45,0.008220069140145463
6571.46,0.008415214918003185
6571.47,0.008649170092994735
6571.48,0.008925348765356172
6571.49,0.009244944464287618
6571.5,0.009608388495767744
6571.51,0.010016300929830912
6571.52,0.010469464731565733
6571.53,0.010972775787313732
6571.54,0.011512803821615097
6571.55,0.012088606204200663
6571.56,0.012694888370817092
6571.57,0.013334753251315576
6571.58,0.014025687415635684
6571.59,0.014802576065158665
6571.6,0.015706666808275458
6571.61,0.016779696925952877
6571.62,0.018056501945314118
6571.63,0.019562426019066947
6571.64,0.021307223016772788
6571.65,0.023278840386195758
6571.66,0.025437215872182263
6571.67,0.027689818774639004
6571.68,0.02989321062430647
6571.69,0.031850116562560385
6571.7,0.03335023992491075
6571.71,0.034217114390111575
6571.72,0.03436732441131261
6571.73,0.03384070130432405
6571.74,0.03278497401330333
6571.75,0.03140478048143977
6571.76,0.02990448071204563
6571.77,0.02845127636162215
6571.78,0.027156802128567737
6571.79,0.02608973804117102
6571.8,0.025280944942927472
6571.81,0.024734033321257166
6571.82,0.02442997628445814
6571.83,0.024333913120467777
6571.84,0.02440382074894655
6571.85,0.024593197757164967
6571.86,0.024870035666676026
6571.87,0.025229297259192693
6571.88,0.025691374938039933
6571.89,0.026307393092341487
6571.9,0.027082727609146408
6571.91,0.02804397363092304
6571.92,0.02918303181251839
6571.93,0.03044992113123231
6571.94,0.031767130174170224
6571.95,0.033031629130560625
6571.96,0.034124303559840224
6571.97,0.03491045599574994
6571.98,0.035246565604049436
6571.99,0.035000837171540046
6572.0,0.03409950959838745
6572.01,0.03257790885434027
6572.02,0.030591065479086552
6572.03,0.028366641857937955
6572.04,0.026126123643100473
6572.05,0.02403253933561777
6572.06,0.022177044274254074
6572.07,0.020594869344631683
6572.08,0.019279866019874893
6572.09,0.018215356617398756
6572.1,0.01737679374306267
6572.11,0.01674022186335623
6572.12,0.01628494931044966
6572.13,0.015997331047761108
6572.14,0.01586074472447031
6572.15,0.01586970498908176
6572.16,0.01601979893435835
6572.17,0.016309069575626133
6572.18,0.01673666462839431
6572.19,0.017300931672687175
6572.2,0.017996924913881107
6572.21,0.018813754856845985
6572.22,0.019733009852979388
6572.23,0.020730269730258113
6572.24,0.021781458572654677
6572.25,0.022873367016736767
6572.26,0.024013895648868844
6572.27,0.025235859660712793
6572.28,0.026591304262547546
6572.29,0.028139013286067414
6572.3,0.029929545436017745
6572.31,0.0319968162038249
6572.32,0.03434490935839788
6572.33,0.036941626790169754
6572.34,0.03970890279842412
6572.35,0.04251750737002662
6572.36,0.04518483564335536
6572.37,0.047489658572240204
6572.38,0.0492027904601501
6572.39,0.05013258411681368
6572.4,0.05018373582137232
6572.41,0.049394833991069524
6572.42,0.04793993881105561
6572.43,0.046080956539672216
6572.44,0.04409719188076385
6572.45,0.042222185850284144
6572.46,0.04061635008733385
6572.47,0.0393538332836621
6572.48,0.038421078558370056
6572.49,0.037720953912774864
6572.5,0.03709240104354881
6572.51,0.03636205466612645
6572.52,0.03541751316450837
6572.53,0.03425987083781149
6572.54,0.03299593240103553
6572.55,0.03177783573752772
6572.56,0.030738264882198635
6572.57,0.029954480167121197
6572.58,0.02944615172682961
6572.59,0.029189102238724788
6572.6,0.02913262299955953
6572.61,0.029214691756467764
6572.62,0.029373807772036728
6572.63,0.029557804567742835
6572.64,0.029730378007908374
6572.65,0.029876209844308527
6572.66,0.030002792841255517
6572.67,0.03014056009071776
6572.68,0.03033886589223321
6572.69,0.030669075969564957
6572.7,0.03116991087077971
6572.71,0.0319055696563731
6572.72,0.03291761622749304
6572.73,0.034236352771822375
6572.74,0.03588940176426823
6572.75,0.037873730414932374
6572.76,0.0401940267955823
6572.77,0.04283373438832806
6572.78,0.04576059392749285
6572.79,0.048908253212168074
6572.8,0.052180324371168055
6572.81,0.05544948629911178
6572.82,0.0585680154148326
6572.83,0.06138893846368562
6572.84,0.06379431098866116
6572.85,0.06572138463976396
6572.86,0.06717505786958948
6572.87,0.06823561448729866
6572.88,0.06896374305021705
6572.89,0.06946295256693108
6572.9,0.06977936239074085
6572.91,0.0699016465716572
6572.92,0.06976510229193701
6572.93,0.06928057045354868
6572.94,0.0683618283837269
6572.95,0.06696917010659835
6572.96,0.06512041769200687
6572.97,0.0628855997407467
6572.98,0.06036046396214239
6572.99,0.05762767599702705
6573.0,0.054760052423366526
6573.01,0.051779353621500934
6573.02,0.048697499334106754
6573.03,0.04553318398139526
6573.04,0.04232423599067456
6573.05,0.03913386808401248
6573.06,0.03603533844537425
6573.07,0.03309777431025531
6573.08,0.030371420837162568
6573.09,0.02788582274192164
6573.1,0.025651674552012445
6573.11,0.02366252067274065
6573.12,0.021903253465339917
6573.13,0.020354179336272583
6573.14,0.018994293162483036
6573.15,0.017802939070848765
6573.16,0.016760577320774746
6573.17,0.01584834744977774
6573.18,0.015045907360966808
6573.19,0.01433650088016051
6573.2,0.013699045352076729
6573.21,0.013116276681984482
6573.22,0.012576668565546097
6573.23,0.01207622617697284
6573.24,0.011617085868116961
6573.25,0.011203995562873506
6573.26,0.010841170858398507
6573.27,0.01053102462627371
6573.28,0.010274363994987054
6573.29,0.010071164999677898
6573.3,0.009921205768223109
6573.31,0.009824279190804084
6573.32,0.009780101755319327
6573.33,0.009786917317662278
6573.34,0.009841784175040067
6573.35,0.009939568129486336
6573.36,0.010073986012084958
6573.37,0.010239346516586314
6573.38,0.010431419946807333
6573.39,0.01064567286448852
6573.4,0.010873631743341123
6573.41,0.011100915511135203
6573.42,0.011310261276002985
6573.43,0.011489332412187386
6573.44,0.011639033095397705
6573.45,0.01177664135230488
6573.46,0.011931553839401322
6573.47,0.012131090060562818
6573.48,0.012414570936519154
6573.49,0.01272263716538083
6573.5,0.013197572327836101
6573.51,0.013751577361551885
6573.52,0.01434554023232541
6573.53,0.014918616365376234
6573.54,0.015397566236633041
6573.55,0.0157156712424491
6573.56,0.015842274615556127
6573.57,0.01579788127589594
6573.58,0.015649503802530926
6573.59,0.015487084381748789
6573.6,0.015328696613501013
6573.61,0.015381704748366042
6573.62,0.01562588948957625
6573.63,0.016096451830929063
6573.64,0.01681171758573981
6573.65,0.017787833384267315
6573.66,0.019026534350628767
6573.67,0.02050771331932191
6573.68,0.022173086541514432
6573.69,0.023909595478598653
6573.7,0.025536162299575303
6573.71,0.026837083194466628
6573.72,0.02759018229897916
6573.73,0.02765859211743374
6573.74,0.027043521315727837
6573.75,0.025883010776025468
6573.76,0.02439627718191908
6573.77,0.022805603364497398
6573.78,0.021284604872693992
6573.79,0.01994414255794994
6573.8,0.01883963357123503
6573.81,0.017989455479191736
6573.82,0.017391728930600495
6573.83,0.017037865287342392
6573.84,0.016911739159746385
6573.85,0.017004641260899213
6573.86,0.017307635988273545
6573.87,0.01781162937098527
6573.88,0.01850723759570335
6573.89,0.019376996824586726
6573.9,0.020396452520768722
6573.91,0.021538630313329605
6573.92,0.02276958981726684
6573.93,0.024072108111805678
6573.94,0.025431054636086893
6573.95,0.026829032777038575
6573.96,0.028237999685895212
6573.97,0.02961969205642544
6573.98,0.030935499211367307
6573.99,0.032160044340684514
6574.0,0.03329234441904419
6574.01,0.034356661692783466
6574.02,0.03539995002378704
6574.03,0.0364348126808352
6574.04,0.037458257150170204
6574.05,0.03838849630024088
6574.06,0.03906280026577663
6574.07,0.03926951183221639
6574.08,0.03880643626539217
6574.09,0.0375872350673599
6574.1,0.035679873665992574
6574.11,0.03328564788194883
6574.12,0.030661905629379677
6574.13,0.028042981571310112
6574.14,0.025597001443227612
6574.15,0.0234153052301594
6574.16,0.021530988519748787
6574.17,0.019931156377099874
6574.18,0.01860463949747746
6574.19,0.017506653925704403
6574.2,0.016595721831490957
6574.21,0.015826424898689163
6574.22,0.015165156285369215
6574.23,0.014571676491491967
6574.24,0.014015785500751126
6574.25,0.013476051611344984
6574.26,0.012941026784514004
6574.27,0.012408789759969679
6574.28,0.011884865345927769
6574.29,0.011379222680942564
6574.3,0.010903307380347345
6574.31,0.01046783617451425
6574.32,0.010081620923527802
6574.33,0.009751098151451318
6574.34,0.00948137031986182
6574.35,0.009275686489574062
6574.36,0.009136664191644037
6574.37,0.009066482985881894
6574.38,0.009066997428183957
6574.39,0.009139383671218559
6574.4,0.00928319187247066
6574.41,0.009490966813329718
6574.42,0.009760055086034036
6574.43,0.010067229141479197
6574.44,0.01038007194531931
6574.45,0.010653068189615297
6574.46,0.010833827351137932
6574.47,0.010876967809130096
6574.48,0.01076094042206753
6574.49,0.010497725786077045
6574.5,0.01012814136163582
6574.51,0.009705587585312824
6574.52,0.009301084623429639
6574.53,0.008929630587958192
6574.54,0.008574705861455182
6574.55,0.008266330120054803
6574.56,0.008002944075732436
6574.57,0.007783793029935527
6574.58,0.007611336981151708
6574.59,0.007491257270453242
6574.6,0.007428279934528399
6574.61,0.007448805718472408
6574.62,0.007506125858720846
6574.63,0.007619005503802361
6574.64,0.007776445639789176
6574.65,0.007959150538162929
6574.66,0.008140495835436705
6574.67,0.008292971038422668
6574.68,0.008399161933254394
6574.69,0.008461081306038499
6574.7,0.008498583001221237
6574.71,0.008569761640408775
6574.72,0.008649538818056293
6574.73,0.008786085194822397
6574.74,0.008994214756955832
6574.75,0.009283097555346577
6574.76,0.009658511475670302
6574.77,0.010124830958444712
6574.78,0.010684849982623762
6574.79,0.011339464431862204
6574.8,0.012082890351990607
6574.81,0.01290682014028799
6574.82,0.013787252774270396
6574.83,0.014685688020818512
6574.84,0.015551474405583679
6574.85,0.016323919744522877
6574.86,0.01694332478252027
6574.87,0.017368280885009663
6574.88,0.017571051900350756
6574.89,0.017566270744386398
6574.9,0.017390199407329825
6574.91,0.017094550070398392
6574.92,0.016740086061914093
6574.93,0.016385764412533723
6574.94,0.016083165898042148
6574.95,0.015875531331223984
6574.96,0.015785497525643125
6574.97,0.01582210639959827
6574.98,0.016028606769959552
6574.99,0.016357755165511807
6575.0,0.016813099355330794
6575.01,0.017371339589797603
6575.02,0.01799568250838779
6575.03,0.018636393080830486
6575.04,0.0192328739756025
6575.05,0.019720634171105957
6575.06,0.02004245884145778
6575.07,0.02016079123123059
6575.08,0.020066550159546635
6575.09,0.019780576565200866
6575.1,0.01934732928495906
6575.11,0.018823932057729774
6575.12,0.018268969281112084
6575.13,0.01773421100910973
6575.14,0.017260532325028385
6575.15,0.01687709824310214
6575.16,0.016602782130631787
6575.17,0.016441882955919963
6575.18,0.016406653979765894
6575.19,0.016486917893131885
6575.2,0.016670177111410445
6575.21,0.016937942984720924
6575.22,0.017260006850104318
6575.23,0.017641199354523605
6575.24,0.01809160848273198
6575.25,0.018580333138143536
6575.26,0.019155056533473356
6575.27,0.019843720970087565
6575.28,0.020676787846575798
6575.29,0.021683027131348297
6575.3,0.022877048866934046
6575.31,0.024274306056627927
6575.32,0.02588525883371739
6575.33,0.027714715978640357
6575.34,0.029758901999462857
6575.35,0.031999875675293055
6575.36,0.03440431998726466
6575.37,0.03691218147219988
6575.38,0.0394371085088362
6575.39,0.041867273160584674
6575.4,0.04407429248030017
6575.41,0.04593168574059449
6575.42,0.04736324065683154
6575.43,0.048253814951561134
6575.44,0.04862873903141545
6575.45,0.04853665551334741
6575.46,0.048065480980965046
6575.47,0.04732687749141952
6575.48,0.046438059513768476
6575.49,0.04551042900457689
6575.5,0.04464149294621996
6575.51,0.04391022077366336
6575.52,0.04337280776143948
6575.53,0.043071312269351424
6575.54,0.043064626346696416
6575.55,0.043322863539910196
6575.56,0.04388316583188143
6575.57,0.04473102233642742
6575.58,0.045821914703419196
6575.59,0.04709848791059454
6575.6,0.048496952965597535
6575.61,0.04997522682894106
6575.62,0.05151670045422078
6575.63,0.05311850967208164
6575.64,0.05477403423724516
6575.65,0.05643646429483366
6575.66,0.0580456606986851
6575.67,0.05947997368211932
6575.68,0.060614519454191225
6575.69,0.061337157048949514
6575.7,0.06157802741537848
6575.71,0.06134620746202379
6575.72,0.06067803930166437
6575.73,0.05968008886894888
6575.74,0.05849254784946929
6575.75,0.057305659619220704
6575.76,0.056274915766238366
6575.77,0.05553433798968797
6575.78,0.05516801850106368
6575.79,0.05519389492665244
6575.8,0.05555365770299638
6575.81,0.056102636432348016
6575.82,0.05661988752388883
6575.83,0.056832632436554974
6575.84,0.05647461782319213
6575.85,0.055363441595233966
6575.86,0.053454021054155684
6575.87,0.050851543333425536
6575.88,0.04776004393525102
6575.89,0.044410973357582956
6575.9,0.04100815918810473
6575.91,0.03770708956680838
6575.92,0.034617440556869446
6575.93,0.03181015532599982
6575.94,0.02932184759177368
6575.95,0.027159365959157585
6575.96,0.02530617321467536
6575.97,0.023732234019501454
6575.98,0.02240080909038479
6575.99,0.021275338080061885
6576.0,0.02032425335877941
6576.01,0.019523948229582356
6576.02,0.01886028150727561
6576.03,0.018332885692182534
6576.04,0.017922274471371853
6576.05,0.017635889059329914
6576.06,0.017471992706986773
6576.07,0.017426666444046116
6576.08,0.017492261114735286
6576.09,0.01765723970522441
6576.1,0.017903502097944498
6576.11,0.018204690396113058
6576.12,0.018532669842510025
6576.13,0.018850849925286912
6576.14,0.01912341414569188
6576.15,0.019321342599567703
6576.16,0.019428395609707817
6576.17,0.019444792521166078
6576.18,0.019386930574628484
6576.19,0.019281794806943572
6576.2,0.019159541346472308
6576.21,0.019046474111272506
6576.22,0.018957692743858473
6576.23,0.018899186861467323
6576.24,0.018868281270530415
6576.25,0.018858616415665965
6576.26,0.018867774215338366
6576.27,0.01890057471293292
6576.28,0.018969844378917675
6576.29,0.019092755972281373
6576.3,0.01928411007495333
6576.31,0.019549229897881645
6576.32,0.019880869149316492
6576.33,0.02025670775984481
6576.34,0.020643062130337987
6576.35,0.020998270482939622
6576.36,0.02127568260459744
6576.37,0.021428578311281237
6576.38,0.02141682757243179
6576.39,0.02121713495526642
6576.4,0.020829351821871917
6576.41,0.020276571601563195
6576.42,0.019602783827431434
6576.43,0.01886107605248675
6576.44,0.018104213781175042
6576.45,0.01737723321944671
6576.46,0.016713969871427415
6576.47,0.01613337624186627
6576.48,0.01565492405238438
6576.49,0.015279355997638957
6576.5,0.015008060566821843
6576.51,0.014840060753079112
6576.52,0.014774980925696232
6576.53,0.014814793040871634
6576.54,0.014964537983447485
6576.55,0.015233276440927396
6576.56,0.01563226081069683
6576.57,0.016174683071065614
6576.58,0.016874036512695804
6576.59,0.017742267122214626
6576.6,0.018787323485249603
6576.61,0.020011266372331464
6576.62,0.021406896178388923
6576.63,0.022959378401164802
6576.64,0.024638352888262483
6576.65,0.02639389218161292
6576.66,0.028145838467228474
6576.67,0.02977622273881163
6576.68,0.031137280993926264
6576.69,0.032080185014374506
6576.7,0.03249762396165526
6576.71,0.03235914418818769
6576.72,0.03171889414332116
6576.73,0.030693127263355643
6576.74,0.029423238675153104
6576.75,0.02804411328445284
6576.76,0.026666933062760797
6576.77,0.02537410665355987
6576.78,0.024222133221998926
6576.79,0.02323742692051983
6576.8,0.02243131095622635
6576.81,0.02179894352571858
6576.82,0.021330803605766925
6576.83,0.021021791384711677
6576.84,0.020876678060858148
6576.85,0.020916239133963673
6576.86,0.0211480588004339
6576.87,0.02159660579517668
6576.88,0.022276322716008077
6576.89,0.023195665536699543
6576.9,0.024355957607770817
6576.91,0.025750452249323395
6576.92,0.027367014718535396
6576.93,0.029186571916630606
6576.94,0.031167384411706203
6576.95,0.033287682880808044
6576.96,0.035449861669546834
6576.97,0.03752828121140245
6576.98,0.03936409232008992
6576.99,0.04079592029463213
6577.0,0.04170420640794194
6577.01,0.04205248050532957
6577.02,0.04191360254496349
6577.03,0.0414107214131463
6577.04,0.04075410895652776
6577.05,0.040138742971670936
6577.06,0.039735318145899624
6577.07,0.039673816798837275
6577.08,0.04004251411908309
6577.09,0.040890331869044214
6577.1,0.04223592642933966
6577.11,0.044052949948299086
6577.12,0.04627981991548662
6577.13,0.048786607667923435
6577.14,0.05138383085235177
6577.15,0.0538132683705311
6577.16,0.055780787141601174
6577.17,0.05701327232915415
6577.18,0.057327840989131934
6577.19,0.056689906280778406
6577.2,0.0552268031790302
6577.21,0.05319205532036313
6577.22,0.05089588004556118
6577.23,0.04863542824855605
6577.24,0.046641206679069534
6577.25,0.04506186236234385
6577.26,0.043928205450266565
6577.27,0.04315524815325403
6577.28,0.042539253371130376
6577.29,0.04178882781917089
6577.3,0.040612344288352795
6577.31,0.03881646021662225
6577.32,0.03642373608793337
6577.33,0.03360376361597645
6577.34,0.030614250336130633
6577.35,0.027691147928516485
6577.36,0.024995726967472945
6577.37,0.022600471011401432
6577.38,0.02053329539643371
6577.39,0.018760126027532405
6577.4,0.01725620890717632
6577.41,0.01598383302269327
6577.42,0.01490597615618337
6577.43,0.013989125883217865
6577.44,0.013202752837546475
6577.45,0.012520183804559786
6577.46,0.011918716877951707
6577.47,0.011380133896807174
6577.48,0.010891178301713086
6577.49,0.010443590715493292
6577.5,0.010033463441657127
6577.51,0.00966003136288487
6577.52,0.009324293002119148
6577.53,0.009038895511508499
6577.54,0.008783412108893761
6577.55,0.00857010473811096
6577.56,0.008400083366606397
6577.57,0.008274407244936784
6577.58,0.008196770379774284
6577.59,0.008164590260998703
6577.6,0.008182657872357628
6577.61,0.008254095270470056
6577.62,0.008382224480043332
6577.63,0.008569900206129782
6577.64,0.008817906184619705
6577.65,0.009122669634338576
6577.66,0.009473232867780453
6577.67,0.009839013797934025
6577.68,0.010211211285131453
6577.69,0.010532458960356525
6577.7,0.010766750150814203
6577.71,0.010883389802599366
6577.72,0.010870282730450426
6577.73,0.010738537699439525
6577.74,0.010520814434565384
6577.75,0.010261966719247496
6577.76,0.010006167219178014
6577.77,0.009792629394426726
6577.78,0.009649452943710328
6577.79,0.009594289634659336
6577.8,0.009635572837775812
6577.81,0.009774200286186115
6577.82,0.009998062116002836
6577.83,0.010273723756329638
6577.84,0.010603090042410689
6577.85,0.010938209307766502
6577.86,0.011251352674194914
6577.87,0.011522314913127295
6577.88,0.011742217871520343
6577.89,0.01190780522132181
6577.9,0.012019981117306455
6577.91,0.01207590797119256
6577.92,0.012067224832529855
6577.93,0.011965628225700449
6577.94,0.011791234038794056
6577.95,0.011526337531046708
6577.96,0.011190812905713462
6577.97,0.010796421670608186
6577.98,0.010384667297795422
6577.99,0.009989632229874904
6578.0,0.009638562555268727
6578.01,0.009346860134502553
6578.02,0.009114396805306176
6578.03,0.008923301026861756
6578.04,0.008738064967510046
6578.05,0.008527654856732637
6578.06,0.008268539970889612
6578.07,0.007966197643569529
6578.08,0.007646986932405015
6578.09,0.007341639724250953
6578.1,0.007072250477557482
6578.11,0.006849038974285001
6578.12,0.006673429057160236
6578.13,0.0065423004182654275
6578.14,0.006450996197493422
6578.15,0.006394876437021463
6578.16,0.006369916787696921
6578.17,0.00637280249774667
6578.18,0.0064008525938515715
6578.19,0.0064518444945022456
6578.2,0.006523766528763729
6578.21,0.006614766551433501
6578.22,0.006723118029908571
6578.23,0.006847354856873076
6578.24,0.006986557812289193
6578.25,0.00714073103970843
6578.26,0.007311143766127082
6578.27,0.007500501034403817
6578.28,0.00771287216896951
6578.29,0.007953411694940522
6578.3,0.008227981262482188
6578.31,0.008542775517272038
6578.32,0.00890495267514268
6578.33,0.009318385667177695
6578.34,0.009789024022352013
6578.35,0.010319957000430017
6578.36,0.010911858235697226
6578.37,0.011560533216827231
6578.38,0.01225548328752152
6578.39,0.012978225166668366
6578.4,0.013701983887543614
6578.41,0.014393842418989283
6578.42,0.015020110039750996
6578.43,0.015554359707132733
6578.44,0.01598576604123605
6578.45,0.016324203420647332
6578.46,0.016599442053486964
6578.47,0.016854090645567373
6578.48,0.017132452266769266
6578.49,0.017468465928249723
6578.5,0.017874855612848767
6578.51,0.01833623946295265
6578.52,0.018801268917893885
6578.53,0.019196465600836318
6578.54,0.019439769019457424
6578.55,0.019470816920969636
6578.56,0.019274851291749207
6578.57,0.018889139376136035
6578.58,0.018387330926221274
6578.59,0.017853116415419652
6578.6,0.0173584359521861
6578.61,0.016953777209844628
6578.62,0.016668746042480958
6578.63,0.016517323443993277
6578.64,0.016503625173176745
6578.65,0.016624522336198117
6578.66,0.016872550064662522
6578.67,0.017235865280914923
6578.68,0.017695661885116735
6578.69,0.018225363105849532
6578.7,0.018788660968407055
6578.71,0.01934216192860828
6578.72,0.01983863545594769
6578.73,0.020232778440312977
6578.74,0.020492982041275153
6578.75,0.020608568233974126
6578.76,0.02059259417809342
6578.77,0.02047731486686492
6578.78,0.0203085506211833
6578.79,0.020131383900024842
6578.8,0.019985374033077267
6578.81,0.019899448741868424
6578.82,0.019890597433571043
6578.83,0.01996479578380604
6578.84,0.020118281908312274
6578.85,0.020342133376401648
6578.86,0.02062562079727343
6578.87,0.02096129615444564
6578.88,0.02134875408807289
6578.89,0.02179819543990965
6578.9,0.022319406136999898
6578.91,0.02293268435324204
6578.92,0.023657033672398672
6578.93,0.02450904326693552
6578.94,0.02550560331650918
6578.95,0.02666269035093208
6578.96,0.027996866434022036
6578.97,0.029525861442454563
6578.98,0.031269916851725796
6578.99,0.033250885664247394
6579.0,0.03549328127474871
6579.01,0.038023230672224455
6579.02,0.040870514117234115
6579.03,0.044068932574301216
6579.04,0.04765852613598996
6579.05,0.05168710178302688
6579.06,0.05620958044677779
6579.07,0.06128139909483785
6579.08,0.06694838673182624
6579.09,0.07323445729640127
6579.1,0.08011159465204888
6579.11,0.08748012709863838
6579.12,0.09514131358325444
6579.13,0.10277718471711701
6579.14,0.10994760729961202
6579.15,0.11612154838921025
6579.16,0.12076534085996757
6579.17,0.12347034475323407
6579.18,0.12413401175216758
6579.19,0.12302781526611532
6579.2,0.1207246251142835
6579.21,0.11795258695735807
6579.22,0.1153412569829609
6579.23,0.1133536850437434
6579.24,0.11225924128795639
6579.25,0.11218317635807766
6579.26,0.11313375434186913
6579.27,0.11506750807283561
6579.28,0.11788319792954263
6579.29,0.12142615085066387
6579.3,0.12547530428598627
6579.31,0.12973838838072993
6579.32,0.13387365284758235
6579.33,0.13754764284977847
6579.34,0.1404942092397194
6579.35,0.14258389496694768
6579.36,0.1438482418303275
6579.37,0.1444373164944568
6579.38,0.14455235825249763
6579.39,0.14436401123394918
6579.4,0.1439611242967278
6579.41,0.1433440757681656
6579.42,0.14245486797278467
6579.43,0.1412411572707353
6579.44,0.13968531120012004
6579.45,0.13783643876788448
6579.46,0.13577707739642608
6579.47,0.13357627684970488
6579.48,0.13125032771988382
6579.49,0.12873862499626051
6579.5,0.12591458227533522
6579.51,0.12263056970803947
6579.52,0.11876799897395117
6579.53,0.11429650504901939
6579.54,0.10929233993047213
6579.55,0.10392476924647721
6579.56,0.09841862002667895
6579.57,0.09300651376014854
6579.58,0.08789322270542992
6579.59,0.08323246494767773
6579.6,0.07912102024915485
6579.61,0.07560493044019352
6579.62,0.07268631583736644
6579.63,0.07034719935326003
6579.64,0.06855830051597149
6579.65,0.0672913057995152
6579.66,0.06652257422124658
6579.67,0.06622974409783727
6579.68,0.06638119722757413
6579.69,0.06692965365557203
6579.7,0.0677929239419969
6579.71,0.06884978394525196
6579.72,0.06993651061992978
6579.73,0.07085514392788447
6579.74,0.07139638328426536
6579.75,0.07137615371983494
6579.76,0.07067653497065529
6579.77,0.06927540910059155
6579.78,0.06725176753748013
6579.79,0.06476265633143072
6579.8,0.06200602193542585
6579.81,0.059180131004189
6579.82,0.05645546542321524
6579.83,0.053948437469299726
6579.84,0.05177491906416623
6579.85,0.049977403726465155
6579.86,0.048585075637680754
6579.87,0.04761438411011687
6579.88,0.047074374880299155
6579.89,0.04696888091985705
6579.9,0.04730155885629264
6579.91,0.0480759996421015
6579.92,0.04929263127009445
6579.93,0.05094662519469704
6579.94,0.05301810691045815
6579.95,0.05546859830515329
6579.96,0.05822118051892232
6579.97,0.0611526246117711
6579.98,0.06408358993355348
6579.99,0.06678018648426913
6580.0,0.06897282412076454
6580.01,0.07039533636146718
6580.02,0.07083812634259444
6580.03,0.07019847813508018
6580.04,0.0685072465891296
6580.05,0.06591593511735229
6580.06,0.0626700520448959
6580.07,0.05903311680846146
6580.08,0.05525605993672832
6580.09,0.0515327010826673
6580.1,0.04800643597182345
6580.11,0.0447652236201585
6580.12,0.041845679814105564
6580.13,0.03925434265916355
6580.14,0.03697141756676795
6580.15,0.03495898825622545
6580.16,0.03317377939313816
6580.17,0.03157869556697883
6580.18,0.030150953520518112
6580.19,0.028884446981827742
6580.2,0.027780393433552843
6580.21,0.02684137644131183
6580.22,0.026061413994186183
6580.23,0.025445759379390784
6580.24,0.024981243349031294
6580.25,0.024657375345991293
6580.26,0.024460784214277314
6580.27,0.024374204006626682
6580.28,0.024376536586389014
6580.29,0.024446026296650682
6580.3,0.02456688846224258
6580.31,0.024735764190274828
6580.32,0.024963234131713412
6580.33,0.02526891440705146
6580.34,0.02567689086229563
6580.35,0.02620029315945339
6580.36,0.026856212376501324
6580.37,0.027656466290830878
6580.38,0.02861217165132047
6580.39,0.029735298726631068
6580.4,0.031039663007820326
6580.41,0.032541459306007964
6580.42,0.03425945661061194
6580.43,0.03621493233118396
6580.44,0.038428205221890006
6580.45,0.04093086094191941
6580.46,0.0437463042053788
6580.47,0.046885097934116986
6580.48,0.05039448129586115
6580.49,0.054278883308444756
6580.5,0.05854603390058911
6580.51,0.06318974975507625
6580.52,0.0681809845729095
6580.53,0.0734644469632418
6580.54,0.07893980414034409
6580.55,0.08445940968658922
6580.56,0.0898284813245251
6580.57,0.0948206907615525
6580.58,0.09921016429092715
6580.59,0.10281515201528704
6580.6,0.10554089840571632
6580.61,0.10739695523816244
6580.62,0.10852750282875072
6580.63,0.10912814446056979
6580.64,0.10942516620055416
6580.65,0.1096253540954181
6580.66,0.10983855009874469
6580.67,0.11009291342861317
6580.68,0.11030174349283532
6580.69,0.11029796094806034
6580.7,0.10989214637289113
6580.71,0.10886569386725162
6580.72,0.10707060614433092
6580.73,0.1044521604686564
6580.74,0.10105780093348615
6580.75,0.09701755193429666
6580.76,0.09250744970751966
6580.77,0.08771317973090387
6580.78,0.0828056464746002
6580.79,0.07793147111317944
6580.8,0.07321337691547662
6580.81,0.06874112884933307
6580.82,0.06457763457220622
6580.83,0.06074248869508965
6580.84,0.057210696245894685
6580.85,0.05392574856399551
6580.86,0.05082037420797586
6580.87,0.047859114831434096
6580.88,0.04504581593510969
6580.89,0.04242260383831099
6580.9,0.040044587855946986
6580.91,0.037956226803727046
6580.92,0.03618153063248296
6580.93,0.03472640097714062
6580.94,0.033584944300169756
6580.95,0.03274589158383245
6580.96,0.03219641464573574
6580.97,0.03192345342544752
6580.98,0.03191295323909352
6580.99,0.03214781439557056
6581.0,0.03260422703767771
6581.01,0.03325103253301422
6581.02,0.03404850324822036
6581.03,0.034953883936748364
6581.04,0.03591983622596051
6581.05,0.03689221194269662
6581.06,0.03779544451814902
6581.07,0.03853124712866766
6581.08,0.03899409780385216
6581.09,0.03909920474418677
6581.1,0.03881527105832194
6581.11,0.038177546763352346
6581.12,0.03727291723738792
6581.13,0.03622296276633226
6581.14,0.03513544343428323
6581.15,0.03409827401824939
6581.16,0.03317386475902048
6581.17,0.032404320234435555
6581.18,0.03181704357924061
6581.19,0.031427732404611164
6581.2,0.031237485630157966
6581.21,0.031246251132664726
6581.22,0.03143130886310995
6581.23,0.031789612050327834
6581.24,0.03231894563750659
6581.25,0.03302451349742097
6581.26,0.033909613059388964
6581.27,0.0349597276772247
6581.28,0.03614499489463309
6581.29,0.037380624690777645
6581.3,0.03853916239106437
6581.31,0.03945678469329298
6581.32,0.039954699307970014
6581.33,0.03988030755240905
6581.34,0.039189853673610074
6581.35,0.03789696920956532
6581.36,0.03611969015578442
6581.37,0.03402493943153139
6581.38,0.03178725786911361
6581.39,0.029555606562668934
6581.4,0.0274378971743488
6581.41,0.025500592054486695
6581.42,0.023778945389311162
6581.43,0.02227609759727879
6581.44,0.020993791810940677
6581.45,0.019918820680486213
6581.46,0.01903710091920283
6581.47,0.018334804706320026
6581.48,0.01779994428639872
6581.49,0.017423159469085635
6581.5,0.017197980056483427
6581.51,0.01710327764272431
6581.52,0.01717281995928234
6581.53,0.017393292780398473
6581.54,0.017757560782427687
6581.55,0.01826753118789108
6581.56,0.018918449260343258
6581.57,0.019699843418648635
6581.58,0.020596526171724125
6581.59,0.02159240926263408
6581.6,0.02267613948768137
6581.61,0.023846904759114166
6581.62,0.025110360982922655
6581.63,0.02646711173985896
6581.64,0.027902633275051613
6581.65,0.02936298521411531
6581.66,0.030755955950886305
6581.67,0.03195741614406348
6581.68,0.03283314883481977
6581.69,0.033273623240130536
6581.7,0.033221328914147696
6581.71,0.03268354345400266
6581.72,0.03172363197270082
6581.73,0.030438712675996307
6581.74,0.028936351690677188
6581.75,0.02731827616940876
6581.76,0.025671436141253206
6581.77,0.024063483746087976
6581.78,0.022541306987311847
6581.79,0.021133481886031178
6581.8,0.019855137885261165
6581.81,0.018715976661409794
6581.82,0.017722584922390466
6581.83,0.016879121412881067
6581.84,0.016185940236257988
6581.85,0.015640343423120075
6581.86,0.015237284825263155
6581.87,0.014971219488153316
6581.88,0.01483747774635892
6581.89,0.014833061967205075
6581.9,0.014957021880033432
6581.91,0.015210268067345096
6581.92,0.015595125891688289
6581.93,0.016114607888979882
6581.94,0.01677124487541436
6581.95,0.01756585577411843
6581.96,0.018496364441241232
6581.97,0.0195570805885341
6581.98,0.020738772290746364
6581.99,0.022029712193267364
6582.0,0.023417658682892587
6582.01,0.02489145076104303
6582.02,0.026444397003117914
6582.03,0.028067291675877296
6582.04,0.029740409725653436
6582.05,0.03141929136478269
6582.06,0.03302442635353226
6582.07,0.034442154928966344
6582.08,0.035542217340364064
6582.09,0.03620838847305543
6582.1,0.036372221363780745
6582.11,0.03603451125462679
6582.12,0.03526257205847245
6582.13,0.034163423369788185
6582.14,0.032845113994439186
6582.15,0.0313840538383084
6582.16,0.029813330988341716
6582.17,0.02813679060532797
6582.18,0.026365900291738544
6582.19,0.024521881051452404
6582.2,0.022674035927901827
6582.21,0.02089951094840131
6582.22,0.01926234796688632
6582.23,0.01780270539783016
6582.24,0.01653507249016977
6582.25,0.015450884492114323
6582.26,0.014544527845505964
6582.27,0.01379580155827402
6582.28,0.013185876409525512
6582.29,0.012704373465669497
6582.3,0.012337076750642759
6582.31,0.01207460994688226
6582.32,0.011910343169090159
6582.33,0.011840189704490585
6582.34,0.01186244969337868
6582.35,0.011969169797628436
6582.36,0.012180157563888743
6582.37,0.012491609753532959
6582.38,0.012910204876515403
6582.39,0.013444391183239163
6582.4,0.014102946374892796
6582.41,0.014895082444443474
6582.42,0.015827832746548032
6582.43,0.01690376390698322
6582.44,0.018117593343883808
6582.45,0.019455485783400988
6582.46,0.020891118098778718
6582.47,0.02238622983299158
6582.48,0.023889139103769937
6582.49,0.025334015311087112
6582.5,0.026639115870012317
6582.51,0.027718881109585893
6582.52,0.02849634839859182
6582.53,0.028921823029124733
6582.54,0.028985279467887058
6582.55,0.028719540834945354
6582.56,0.02818885174534654
6582.57,0.027471494161461687
6582.58,0.026638254842878052
6582.59,0.02575078156729291
6582.6,0.02479946127439497
6582.61,0.023797498515127906
6582.62,0.022752101521550216
6582.63,0.021629328893357763
6582.64,0.020456937334698035
6582.65,0.019259359975643837
6582.66,0.018067898050434853
6582.67,0.016912464381494314
6582.68,0.015814522975569522
6582.69,0.01478335977364941
6582.7,0.013817565306976415
6582.71,0.012909474341761295
6582.72,0.012054459259527996
6582.73,0.0112537260132927
6582.74,0.010513526393071064
6582.75,0.009840492047481454
6582.76,0.009238982837539345
6582.77,0.00870851432771238
6582.78,0.008245714108201223
6582.79,0.00784557991541034
6582.8,0.007502415488006521
6582.81,0.007211856407552861
6582.82,0.006969382562656733
6582.83,0.006771686262718329
6582.84,0.00661679111598845
6582.85,0.006502499549195878
6582.86,0.006428304098351327
6582.87,0.0063936155521035504
6582.88,0.0064328913889427405
6582.89,0.006473060551762263
6582.9,0.006544696262361906
6582.91,0.006640438862199823
6582.92,0.006751790888370878
6582.93,0.006872691244646484
6582.94,0.007002686887384869
6582.95,0.007150734870634241
6582.96,0.007328280164788906
6582.97,0.007547578094917172
6582.98,0.007816791965771038
6582.99,0.00813587911615914
6583.0,0.008506856850542253
6583.01,0.008918591614034823
6583.02,0.009358602319018711
6583.03,0.009812037167176765
6583.04,0.010288869195634629
6583.05,0.010721288057534098
6583.06,0.011115263180670593
6583.07,0.011444444871080813
6583.08,0.011674657608295561
6583.09,0.011769697963009548
6583.1,0.01170453686568748
6583.11,0.011479387453989184
6583.12,0.011160235938692009
6583.13,0.010729622546036913
6583.14,0.010297968243153637
6583.15,0.009886600180436227
6583.16,0.009548752026412042
6583.17,0.009307798311309397
6583.18,0.009176647241891137
6583.19,0.009160433972063382
6583.2,0.009261599592031163
6583.21,0.009499872579175983
6583.22,0.009833854008390108
6583.23,0.010275716264975148
6583.24,0.010812074262439353
6583.25,0.01141793387677573
6583.26,0.012053546962475223
6583.27,0.012663664729360176
6583.28,0.013182306803093322
6583.29,0.013544611590819206
6583.3,0.01370224563298096
6583.31,0.013651902929059202
6583.32,0.01338598793160295
6583.33,0.012958729466219569
6583.34,0.012421688758362035
6583.35,0.011824627538237509
6583.36,0.01120592831138336
6583.37,0.010594865123404263
6583.38,0.010013036816240885
6583.39,0.009484832614347093
6583.4,0.009000561906464697
6583.41,0.008570572224145619
6583.42,0.008188688683095012
6583.43,0.007840636838214112
6583.44,0.007520347736910933
6583.45,0.007214216522534449
6583.46,0.006912588757409758
6583.47,0.006615083110391643
6583.48,0.006326442076815695
6583.49,0.00605341798520946
6583.5,0.005802366011068595
6583.51,0.005580134546010743
6583.52,0.005391265665011187
6583.53,0.005238425202259376
6583.54,0.005122758501091489
6583.55,0.005044179417234176
6583.56,0.0050013569095757075
6583.57,0.004992631426675431
6583.58,0.005014756345877038
6583.59,0.0050636985322452905
6583.6,0.00513201147248815
6583.61,0.005220282430344271
6583.62,0.005321237052451389
6583.63,0.0054304259298917894
6583.64,0.0055421064691199475
6583.65,0.005647431197417151
6583.66,0.005734335714460092
6583.67,0.005791310343839414
6583.68,0.0058134595355352195
6583.69,0.005815894896352264
6583.7,0.005792905032122165
6583.71,0.005767605453594513
6583.72,0.005747234070667536
6583.73,0.0057306337893162345
6583.74,0.005710935819672237
6583.75,0.005680856586545282
6583.76,0.005636225185024541
6583.77,0.0055797119574668985
6583.78,0.005520532796087808
6583.79,0.005469008958632176
6583.8,0.005434234611391148
6583.81,0.005418071760544013
6583.82,0.005388407361596582
6583.83,0.005387467583803468
6583.84,0.00537420535454376
6583.85,0.0053408437021572434
6583.86,0.005290436910642816
6583.87,0.005235626844066227
6583.88,0.005192599630231407
6583.89,0.005173357991815197
6583.9,0.005184856327435957
6583.91,0.005227472373794571
6583.92,0.005296908494702442
6583.93,0.005385656916810169
6583.94,0.005484551411409753
6583.95,0.005600359761960877
6583.96,0.005691221568123802
6583.97,0.005767396493165799
6583.98,0.005823696869634039
6583.99,0.005858177173856575
6584.0,0.005844568044374857
6584.01,0.005840806314931097
6584.02,0.005825271600906402
6584.03,0.005805156011321171
6584.04,0.005802159993097583
6584.05,0.005797880826177915
6584.06,0.005814535070059307
6584.07,0.005860512583568251
6584.08,0.005943348204307595
6584.09,0.006069331516786954
6584.1,0.006243069114086464
6584.11,0.006467369484395711
6584.12,0.006743071707252382
6584.13,0.0070691116863462
6584.14,0.007443079526825566
6584.15,0.007861000239903066
6584.16,0.008316678509432648
6584.17,0.008797172064575306
6584.18,0.00928816267595208
6584.19,0.009757465919859213
6584.2,0.010163300090098876
6584.21,0.010460807326875295
6584.22,0.01060920635819541
6584.23,0.010588064805354572
6584.24,0.010404892288352155
6584.25,0.01009393790992535
6584.26,0.00970589091964512
6584.27,0.009294453075393816
6584.28,0.008905240447907671
6584.29,0.008569651794656108
6584.3,0.008302737052946962
6584.31,0.008112015176850274
6584.32,0.007964538389026016
6584.33,0.007844447091140317
6584.34,0.007727784410809922
6584.35,0.007602684562661146
6584.36,0.007475037531865103
6584.37,0.007342653449492711
6584.38,0.007276749770391874
6584.39,0.0072725461270963495
6584.4,0.007345002369299812
6584.41,0.007500118073177608
6584.42,0.007737173251213338
6584.43,0.008048966304748151
6584.44,0.008420428190023978
6584.45,0.008826516797253547
6584.46,0.009207799466404846
6584.47,0.009564458376176676
6584.48,0.00982397572511358
6584.49,0.009945507682833926
6584.5,0.00990569078214472
6584.51,0.009710161922291512
6584.52,0.009388664766547228
6584.53,0.008986040881313042
6584.54,0.008549945723575153
6584.55,0.008121413975252328
6584.56,0.007713760530168679
6584.57,0.007379739997688628
6584.58,0.007113754182763828
6584.59,0.006919349202766417
6584.6,0.006798385839209094
6584.61,0.006749549445293672
6584.62,0.006769173736734493
6584.63,0.006849966189512029
6584.64,0.006981935379399629
6584.65,0.00714309473483146
6584.66,0.007315103028608194
6584.67,0.0074791162169450375
6584.68,0.007623428401204779
6584.69,0.00774717605083309
6584.7,0.00786134502512683
6584.71,0.007986716611578789
6584.72,0.008149154863121249
6584.73,0.00837399016040567
6584.74,0.008682352928124517
6584.75,0.009090349159805272
6584.76,0.009609865283708325
6584.77,0.010249226300244758
6584.78,0.01101387774002647
6584.79,0.011899916959814788
6584.8,0.012901795080113326
6584.81,0.014002429922710315
6584.82,0.015183559332321666
6584.83,0.016399137287129176
6584.84,0.01765984939746631
6584.85,0.01889367632426342
6584.86,0.02003159708527345
6584.87,0.020994538788993086
6584.88,0.021712961751783923
6584.89,0.022147766467373823
6584.9,0.022300697846453353
6584.91,0.022208852859442477
6584.92,0.02192915724337509
6584.93,0.021524849513172923
6584.94,0.021061126026349884
6584.95,0.020606500473750657
6584.96,0.020231189944719338
6584.97,0.01999858311599705
6584.98,0.019951497394962856
6584.99,0.020103582870413028
6585.0,0.02043360678876735
6585.01,0.02088571052241076
6585.02,0.02137696767978172
6585.03,0.02180973675576827
6585.04,0.02208407098022803
6585.05,0.022110486185387763
6585.06,0.02181440946151885
6585.07,0.02115321464161283
6585.08,0.020133973469873008
6585.09,0.018821968562666175
6585.1,0.017326531846681915
6585.11,0.015769295021833624
6585.12,0.014250273540624804
6585.13,0.012844873776754107
6585.14,0.011584637482014423
6585.15,0.010478928869388586
6585.16,0.009521419167325287
6585.17,0.008698076613009005
6585.18,0.007992254776590432
6585.19,0.007387430414682273
6585.2,0.006868096090252166
6585.21,0.006422522820799395
6585.22,0.006039028285530302
6585.23,0.005708420040275286
6585.24,0.00542309376827172
6585.25,0.00517679083510194
6585.26,0.004964377903973964
6585.27,0.004781658104792744
6585.28,0.004625214756624713
6585.29,0.004492285033043156
6585.3,0.004380659786630813
6585.31,0.004288605723640131
6585.32,0.004214563407752504
6585.33,0.004158078992352496
6585.34,0.0041183122874083
6585.35,0.004087080246260925
6585.36,0.004080319266541377
6585.37,0.0040904713246722665
6585.38,0.004118288086608496
6585.39,0.004164905047430767
6585.4,0.004231881515993612
6585.41,0.004320033386113548
6585.42,0.004435530383296861
6585.43,0.004577930087988215
6585.44,0.004752104697754628
6585.45,0.00496174124981424
6585.46,0.005212599881132005
6585.47,0.00550860282732728
6585.48,0.005851173573328232
6585.49,0.006247332069042214
6585.5,0.006689341134323073
6585.51,0.007167344451751926
6585.52,0.007659896705896901
6585.53,0.008134090794268857
6585.54,0.008547345661275291
6585.55,0.00885624027366244
6585.56,0.009026011440399282
6585.57,0.009040332517621505
6585.58,0.008906043982145718
6585.59,0.008650999788637532
6585.6,0.008315578556632952
6585.61,0.007943358778651557
6585.62,0.007570574356193079
6585.63,0.007222635806664523
6585.64,0.006912476995678784
6585.65,0.006644477436624205
6585.66,0.006413969427837276
6585.67,0.006201653467330045
6585.68,0.006020168396100528
6585.69,0.005848449377934791
6585.7,0.005690299498728491
6585.71,0.005528345771889563
6585.72,0.005366782343480797
6585.73,0.005206601016125917
6585.74,0.005048904751103321
6585.75,0.00489576685330663
6585.76,0.0047499237352199505
6585.77,0.004614127161579768
6585.78,0.004490701478326743
6585.79,0.004381259035951303
6585.8,0.004259544348352506
6585.81,0.004180158145052834
6585.82,0.004115543514746643
6585.83,0.004065161927749214
6585.84,0.004028302646025034
6585.85,0.0040042299672250195
6585.86,0.0039922634043693195
6585.87,0.003991828670619551
6585.88,0.0040021231335951
6585.89,0.004025304659095071
6585.9,0.004057889489505848
6585.91,0.004100838946476321
6585.92,0.004128193621939694
6585.93,0.004193740319384068
6585.94,0.004271440421361804
6585.95,0.004362212723500903
6585.96,0.0044672397377707
6585.97,0.004588828911306285
6585.98,0.004727062290764113
6585.99,0.004884811458845038
6586.0,0.005064293807106097
6586.01,0.005267777918181253
6586.02,0.005488933706068881
6586.03,0.005744857111582314
6586.04,0.006027411028008213
6586.05,0.006332425452102437
6586.06,0.006652342887309023
6586.07,0.006975659503078853
6586.08,0.007290702012916043
6586.09,0.007580959969625223
6586.1,0.007847285360826581
6586.11,0.008083007658304723
6586.12,0.008303301666778668
6586.13,0.008523140020766618
6586.14,0.00875217877545282
6586.15,0.008999898246892462
6586.16,0.009260343165942295
6586.17,0.009524405426719213
6586.18,0.00978357072724975
6586.19,0.010036395255027914
6586.2,0.010291894426459234
6586.21,0.010577481701732344
6586.22,0.01089567833976218
6586.23,0.011275461373922645
6586.24,0.011730566736096373
6586.25,0.012267183328498448
6586.26,0.012887750531129219
6586.27,0.013589633435557743
6586.28,0.014371344517860908
6586.29,0.015233340104853629
6586.3,0.016151307124168433
6586.31,0.01712078670203642
6586.32,0.01809265267195866
6586.33,0.019031826391369144
6586.34,0.019890431996121012
6586.35,0.0206280627825617
6586.36,0.021191395537195307
6586.37,0.021553208663538298
6586.38,0.02169575947278671
6586.39,0.021622265648214054
6586.4,0.021358644911194748
6586.41,0.020950186657139238
6586.42,0.020451074758525475
6586.43,0.01992097526629307
6586.44,0.019408279109580658
6586.45,0.01895706069679363
6586.46,0.018600726310155982
6586.47,0.018362506102773308
6586.48,0.0182604789807812
6586.49,0.018308646342650097
6586.5,0.018517570608891944
6586.51,0.018898732722063737
6586.52,0.01946348041774085
6586.53,0.02022372315759373
6586.54,0.021192121105393535
6586.55,0.022382774233904317
6586.56,0.023813116791752797
6586.57,0.025505984014603692
6586.58,0.027488296333402027
6586.59,0.029786060555096854
6586.6,0.032408843143192125
6586.61,0.03533247306490001
6586.62,0.03847914448178106
6586.63,0.041701680298995215
6586.64,0.044779476710190384
6586.65,0.047435229569402146
6586.66,0.04937913872741856
6586.67,0.05037751986290499
6586.68,0.0503137319969461
6586.69,0.049271845855575466
6586.7,0.047453843224174674
6586.71,0.04515745996214572
6586.72,0.042685916560131223
6586.73,0.04028970773232503
6586.74,0.03814227374782342
6586.75,0.03634231259731429
6586.76,0.03492799365198745
6586.77,0.03389486938208572
6586.78,0.033205252316869265
6586.79,0.03279636598387063
6586.8,0.032585561357151974
6586.81,0.03247460485492092
6586.82,0.03235703401702277
6586.83,0.03214121653168838
6586.84,0.031753868255859255
6586.85,0.031161669618449794
6586.86,0.030374664982063093
6586.87,0.029435079192530012
6586.88,0.028416200625905493
6586.89,0.027353225609052914
6586.9,0.026311363282635402
6586.91,0.025331668039990547
6586.92,0.024446363809027417
6586.93,0.023681060713283412
6586.94,0.023067441051644523
6586.95,0.02258851824795099
6586.96,0.02226261923261892
6586.97,0.02210328324519308
6586.98,0.02208090427103648
6586.99,0.022206955350335532
6587.0,0.022480510952737977
6587.01,0.02290310081958687
6587.02,0.023477042986266506
6587.03,0.024209825113123865
6587.04,0.025109931454894208
6587.05,0.026188809563442727
6587.06,0.027460237307566283
6587.07,0.028939982251820782
6587.08,0.030645311099330594
6587.09,0.03259608608684826
6587.1,0.03480999202210492
6587.11,0.03730425753770562
6587.12,0.04012189855294932
6587.13,0.043291608871502074
6587.14,0.046857711794528786
6587.15,0.050870258867797176
6587.16,0.05537608242381266
6587.17,0.06041041576421948
6587.18,0.06597144449200534
6587.19,0.07199807603614036
6587.2,0.0783395499054143
6587.21,0.08472855995245049
6587.22,0.09077103212918883
6587.23,0.09597168118597578
6587.24,0.099813084176836
6587.25,0.10185954652796728
6587.26,0.101900370246553
6587.27,0.10000545729860923
6587.28,0.09650971078989129
6587.29,0.09191552472332436
6587.3,0.0867663078878673
6587.31,0.08154328412660171
6587.32,0.07661142102528276
6587.33,0.07221104515171994
6587.34,0.0684770837840179
6587.35,0.06547124910342096
6587.36,0.06319724623558279
6587.37,0.06164361918953857
6587.38,0.06078512731838348
6587.39,0.060595752422219186
6587.4,0.061051103434402856
6587.41,0.062122305867403076
6587.42,0.06376949192719812
6587.43,0.0659203249828907
6587.44,0.06845546608432744
6587.45,0.0711963464864671
6587.46,0.07389642579037592
6587.47,0.07626508293793977
6587.48,0.07797856698616468
6587.49,0.07878401856750347
6587.5,0.07853901833347275
6587.51,0.07726038191515477
6587.52,0.07512222799067009
6587.53,0.07240166368383738
6587.54,0.06941018413988481
6587.55,0.06643128202307479
6587.56,0.06368560889417711
6587.57,0.06132311961517587
6587.58,0.0594289857574543
6587.59,0.058057006200801384
6587.6,0.057217146176975216
6587.61,0.05692631877144751
6587.62,0.05715644836935322
6587.63,0.0579127129975042
6587.64,0.0591894736962382
6587.65,0.06098111214824808
6587.66,0.06328001769412323
6587.67,0.06607341021506437
6587.68,0.06933962579307458
6587.69,0.07304145702542696
6587.7,0.07712826178848121
6587.71,0.08152554793817401
6587.72,0.08614242738681202
6587.73,0.09088074193080699
6587.74,0.0956480499825038
6587.75,0.10037228439347229
6587.76,0.10500587241920435
6587.77,0.10952259507442723
6587.78,0.11390797557116027
6587.79,0.11814660793752167
6587.8,0.122222760336955
6587.81,0.1261204072720279
6587.82,0.12983858298114676
6587.83,0.1333911699114926
6587.84,0.13679185202453045
6587.85,0.14003201691062536
6587.86,0.1430833827595233
6587.87,0.14592353605029218
6587.88,0.1485672746799067
6587.89,0.15109552352547437
6587.9,0.15363911231443705
6587.91,0.15632989594344737
6587.92,0.15922733485502427
6587.93,0.1622674154215098
6587.94,0.1652435832444606
6587.95,0.16783521469122273
6587.96,0.169691718962981
6587.97,0.17052410733492965
6587.98,0.1701846072246802
6587.99,0.16871103297952844
6588.0,0.16630625916356204
6588.01,0.1632777423623722
6588.02,0.15994735901690155
6588.03,0.1565677577827358
6588.04,0.15327619613642676
6588.05,0.15007273958354805
6588.06,0.1468469537724347
6588.07,0.1434172457731123
6588.08,0.13959575822345116
6588.09,0.1352380660054841
6588.1,0.13027992891849324
6588.11,0.12475289020180769
6588.12,0.11877771527856266
6588.13,0.11253991684060884
6588.14,0.10625587283463686
6588.15,0.10013789694444349
6588.16,0.09436730946624249
6588.17,0.0890740782301524
6588.18,0.08433842917933826
6588.19,0.08019461213172054
6588.2,0.07662417777538928
6588.21,0.07358877784902343
6588.22,0.07102108620626599
6588.23,0.06883157650906828
6588.24,0.06691844869868488
6588.25,0.06517625814868017
6588.26,0.06350308868835182
6588.27,0.06180557873326916
6588.28,0.060005099182624595
6588.29,0.05804729283382294
6588.3,0.05591215790168741
6588.31,0.05361854936470764
6588.32,0.051219023542975854
6588.33,0.04878644211892196
6588.34,0.046397620026742414
6588.35,0.04411931144789593
6588.36,0.04200140442610307
6588.37,0.04007462813759208
6588.38,0.03835364713539893
6588.39,0.03683711849615604
6588.4,0.03552744992092944
6588.41,0.034415657251028756
6588.42,0.033497843676240056
6588.43,0.03277172495108032
6588.44,0.03223795260403218
6588.45,0.03189904810272708
6588.46,0.03175892497367993
6588.47,0.03181907763757346
6588.48,0.03208139039397694
6588.49,0.03255444091140595
6588.5,0.03321070846412333
6588.51,0.03404788888239898
6588.52,0.03504627360912541
6588.53,0.03617806450958075
6588.54,0.03741001708523954
6588.55,0.03869690412972151
6588.56,0.03998058715621584
6588.57,0.041186735649432656
6588.58,0.042227360488968455
6588.59,0.04301014699088845
6588.6,0.043463190095919445
6588.61,0.04354514049052292
6588.62,0.0432647474484283
6588.63,0.042679456882348886
6588.64,0.041878678280767814
6588.65,0.04097934817307924
6588.66,0.04008291065507391
6588.67,0.03927665288228456
6588.68,0.038633959049320946
6588.69,0.03820916642410958
6588.7,0.03804161570941892
6588.71,0.03817076533884039
6588.72,0.038627100164520506
6588.73,0.039431421249189684
6588.74,0.04058978510994328
6588.75,0.04209318817763075
6588.76,0.043924864914869126
6588.77,0.0460552395411368
6588.78,0.04846419590842426
6588.79,0.051137535432230305
6588.8,0.05406157604715415
6588.81,0.057205841733737585
6588.82,0.06051804519273665
6588.83,0.06393147142833275
6588.84,0.06738543452560079
6588.85,0.07084608006888478
6588.86,0.07431390104281817
6588.87,0.07780638157898463
6588.88,0.0813042608389744
6588.89,0.08466945620198431
6588.9,0.08755927277550159
6588.91,0.08949657480677581
6588.92,0.09005095472241215
6588.93,0.08908991847323686
6588.94,0.08685543209532755
6588.95,0.08379298369826588
6588.96,0.08033283895488723
6588.97,0.07677666354091288
6588.98,0.07330623961106668
6588.99,0.07003292281743757
6589.0,0.06701007462941085
6589.01,0.06425718181638566
6589.02,0.06174604204732997
6589.03,0.059406627687802194
6589.04,0.05714182703744391
6589.05,0.05484747230758731
6589.06,0.05244604759392713
6589.07,0.04990198172097538
6589.08,0.04723076802081998
6589.09,0.04449002188639404
6589.1,0.04176057718724215
6589.11,0.03912604892150907
6589.12,0.03665797557188528
6589.13,0.034407704038297744
6589.14,0.03240710983979769
6589.15,0.03066565309113526
6589.16,0.029195642081596584
6589.17,0.02798860155733359
6589.18,0.02702948946555981
6589.19,0.026310226405727877
6589.2,0.02582370985644684
6589.21,0.0255690520293071
6589.22,0.025554510678580212
6589.23,0.0257960557341168
6589.24,0.026314500679934058
6589.25,0.02712687846457425
6589.26,0.028234706809888852
6589.27,0.029603639134341782
6589.28,0.03112536047083177
6589.29,0.032585545194078684
6589.3,0.0336688654481813
6589.31,0.034036749556116706
6589.32,0.03346577891079083
6589.33,0.03196295864480164
6589.34,0.029766860944203697
6589.35,0.027228657004180295
6589.36,0.024670192412603726
6589.37,0.02230531782652553
6589.38,0.0202360042638299
6589.39,0.018485929434032138
6589.4,0.017036918665795864
6589.41,0.01585427753842402
6589.42,0.01490036261168394
6589.43,0.014140129016480334
6589.44,0.013541947943137542
6589.45,0.013078053565644766
6589.46,0.012721309159587857
6589.47,0.012451114343716107
6589.48,0.012241271640552163
6589.49,0.012084532521053955
6589.5,0.011977628548115304
6589.51,0.01192200173838369
6589.52,0.011915593731794792
6589.53,0.011949749846970007
6589.54,0.012007648872563774
6589.55,0.01206657313786813
6589.56,0.012102601049763337
6589.57,0.012096555546767484
6589.58,0.01203955061638613
6589.59,0.011934900709120098
6589.6,0.011797668385238658
6589.61,0.011647456432799665
6589.62,0.011500093394519559
6589.63,0.011362317519980061
6589.64,0.011233488391248077
6589.65,0.011112132524512082
6589.66,0.011007309046921437
6589.67,0.010933591615207267
6589.68,0.010910218085328998
6589.69,0.010954030776763825
6589.7,0.011075814430113016
6589.71,0.011279859379292675
6589.72,0.011564613184096267
6589.73,0.011923735593494572
6589.74,0.012344804157556918
6589.75,0.012820861177865255
6589.76,0.013338968171249483
6589.77,0.013891328291998043
6589.78,0.014476247951621933
6589.79,0.015099499902923703
6589.8,0.015775294730121573
6589.81,0.016525164745752698
6589.82,0.01737659616812715
6589.83,0.01835114458341999
6589.84,0.01945825673043249
6589.85,0.0206833114239989
6589.86,0.021977212690668824
6589.87,0.023261132243314157
6589.88,0.02444126855987644
6589.89,0.025439379552963205
6589.9,0.0262260749341567
6589.91,0.026827045436858078
6589.92,0.027303284585267623
6589.93,0.027686810037636594
6589.94,0.027938502529635586
6589.95,0.02795418634886271
6589.96,0.027646147523053947
6589.97,0.02703435643886684
6589.98,0.026258104117229168
6589.99,0.025502651667591598
6590.0,0.024909609290593528
6590.01,0.024543005899867232
6590.02,0.02439977538624043
6590.03,0.02443193167378886
6590.04,0.024565249781191865
6590.05,0.024698146663050924
6590.06,0.024729086852610414
6590.07,0.02456367703377718
6590.08,0.02413867587087579
6590.09,0.023439418312158945
6590.1,0.022507608828293862
6590.11,0.02140184307006461
6590.12,0.020216470742957324
6590.13,0.019033876925375656
6590.14,0.01791783272406718
6590.15,0.01690863981087803
6590.16,0.0160250872838356
6590.17,0.015265543450038633
6590.18,0.014617782644250092
6590.19,0.014064308441608903
6590.2,0.013588701951330986
6590.21,0.013181435588664019
6590.22,0.01284155687278067
6590.23,0.012574541366249819
6590.24,0.012387314289885223
6590.25,0.01228357194238871
6590.26,0.012260313558001742
6590.27,0.012305979607148364
6590.28,0.012402146691175363
6590.29,0.012516946669477487
6590.3,0.012621443015627324
6590.31,0.012688146992103688
6590.32,0.012700343862244005
6590.33,0.012667435450173492
6590.34,0.012593325283612766
6590.35,0.012487022912335199
6590.36,0.012382968437774693
6590.37,0.012296588674068017
6590.38,0.012231871220937328
6590.39,0.012180755765673516
6590.4,0.012125935954498818
6590.41,0.012046330611499914
6590.42,0.011923905520839084
6590.43,0.011749572013321897
6590.44,0.011526420707933329
6590.45,0.011268497164460385
6590.46,0.010996620603846522
6590.47,0.010738309546648615
6590.48,0.01050271598634307
6590.49,0.010309470427276325
6590.5,0.010167370399022728
6590.51,0.010080137566596563
6590.52,0.010047578125914324
6590.53,0.010066708567407691
6590.54,0.010133752391240005
6590.55,0.010245572353404939
6590.56,0.010401443816049738
6590.57,0.010604216334613817
6590.58,0.010860579975507182
6590.59,0.011180406593929135
6590.6,0.011575507631870905
6590.61,0.012057902085978442
6590.62,0.012639851454962244
6590.63,0.013330135478644842
6590.64,0.014134430933492401
6590.65,0.015051124639678759
6590.66,0.016068077358154957
6590.67,0.017157943752587144
6590.68,0.01827392714404401
6590.69,0.01934852790066725
6590.7,0.02029824333442092
6590.71,0.02103615941732429
6590.72,0.02149059082136859
6590.73,0.02162321244646039
6590.74,0.021438808375755392
6590.75,0.020967111734113725
6590.76,0.020314007648342233
6590.77,0.01955166810719242
6590.78,0.0187664216096576
6590.79,0.01803046003382936
6590.8,0.017394204339508498
6590.81,0.016885050442464765
6590.82,0.01651180295470071
6590.83,0.01627133732776128
6590.84,0.016157532099473158
6590.85,0.016165837445080544
6590.86,0.016289965100032524
6590.87,0.016527048419576383
6590.88,0.01687453363243524
6590.89,0.017334954637570982
6590.9,0.017917379637986144
6590.91,0.01863684570716804
6590.92,0.0195311350240011
6590.93,0.020541761915491688
6590.94,0.021676997343074517
6590.95,0.022898375191530363
6590.96,0.024156355300154732
6590.97,0.02540474838734117
6590.98,0.026617339699992762
6590.99,0.027798109715751588
6591.0,0.028979898550230056
6591.01,0.03021470517976891
6591.02,0.03157149600218682
6591.03,0.0330932273558599
6591.04,0.03484289578654446
6591.05,0.03686453082098867
6591.06,0.03918129988683804
6591.07,0.04179072265203002
6591.08,0.04464714444069611
6591.09,0.04766916537104097
6591.1,0.05074142950620949
6591.11,0.05366058003655073
6591.12,0.056228999883417626
6591.13,0.05821822610604453
6591.14,0.05940456661816182
6591.15,0.059614665998088116
6591.16,0.05877015304054943
6591.17,0.056919184536613654
6591.18,0.05423363759444018
6591.19,0.05096807398132741
6591.2,0.04739898080246459
6591.21,0.04377230297478427
6591.22,0.04027374487854362
6591.23,0.03702832768235052
6591.24,0.034107459562760935
6591.25,0.03154209412417584
6591.26,0.029333611763882203
6591.27,0.027461682200263345
6591.28,0.0258934763683112
6591.29,0.024586918596876103
6591.3,0.023495327871580467
6591.31,0.022571633372969923
6591.32,0.021773584325949457
6591.33,0.021069394198209714
6591.34,0.020441772522404863
6591.35,0.019888397234598336
6591.36,0.01941771755105747
6591.37,0.019043541517511694
6591.38,0.018792463936655367
6591.39,0.01863503080719742
6591.4,0.018580326368749893
6591.41,0.018608040119979942
6591.42,0.018690584338897896
6591.43,0.018800044732086504
6591.44,0.018916727602136217
6591.45,0.019034135766421562
6591.46,0.019167899564237152
6591.47,0.01930792718628103
6591.48,0.019518483897749222
6591.49,0.019741816608828257
6591.5,0.02004315300593302
6591.51,0.020453611938352868
6591.52,0.021006148588526175
6591.53,0.021725671589971993
6591.54,0.02265232361944661
6591.55,0.02380536169524551
6591.56,0.025210524666882245
6591.57,0.026889417608142705
6591.58,0.028882868511999896
6591.59,0.031238807664288933
6591.6,0.03392807706832018
6591.61,0.03697249298982145
6591.62,0.04032413144545981
6591.63,0.04386808795274165
6591.64,0.04741555601321013
6591.65,0.05069506577584829
6591.66,0.05360303348306537
6591.67,0.05602217828120694
6591.68,0.058039886317200216
6591.69,0.0597332971479164
6591.7,0.06123706602882972
6591.71,0.0625630032713155
6591.72,0.06366659151848414
6591.73,0.06449036661351622
6591.74,0.06499951760019525
6591.75,0.06518847212294256
6591.76,0.06506752429939934
6591.77,0.06463623556620858
6591.78,0.06386660161027907
6591.79,0.06270545053897686
6591.8,0.06109719454212162
6591.81,0.05901713136307928
6591.82,0.05649119446591791
6591.83,0.05360730781081865
6591.84,0.050502641927713865
6591.85,0.04733230639358378
6591.86,0.04424629284235431
6591.87,0.04137024900903748
6591.88,0.03879312422405457
6591.89,0.036562251126499724
6591.9,0.03465219045500908
6591.91,0.033040743345142
6591.92,0.031590017800713216
6591.93,0.03015850041955646
6591.94,0.028644993182486676
6591.95,0.027042485164198417
6591.96,0.02543561586621611
6591.97,0.023965612753488442
6591.98,0.022691074978937586
6591.99,0.02168736955626733
6592.0,0.020966256206389956
6592.01,0.02050548097609586
6592.02,0.02024734522131353
6592.03,0.020096382346130134
6592.04,0.019928200187192744
6592.05,0.019616753596721288
6592.06,0.0190668771799093
6592.07,0.018274759465357428
6592.08,0.017305669944346843
6592.09,0.016257702737701205
6592.1,0.015220230580564166
6592.11,0.014254089162396462
6592.12,0.013390218573846898
6592.13,0.012644139498666612
6592.14,0.012013930790625736
6592.15,0.011492634378188957
6592.16,0.011070625825646677
6592.17,0.010738210792335062
6592.18,0.010486916813337866
6592.19,0.010310294913056637
6592.2,0.010203369144650903
6592.21,0.010162418933235596
6592.22,0.010183771127486268
6592.23,0.010262198715089996
6592.24,0.010388900492511037
6592.25,0.01054990112995259
6592.26,0.010724630597955502
6592.27,0.010893534707729184
6592.28,0.011034134719565167
6592.29,0.011130875153645864
6592.3,0.0111775915393838
6592.31,0.011179763928016636
6592.32,0.011153828660193802
6592.33,0.011122954995173013
6592.34,0.011113320573847908
6592.35,0.011139019939762745
6592.36,0.011211926238450923
6592.37,0.011357290663427909
6592.38,0.011565363076364665
6592.39,0.01184274735652799
6592.4,0.01218994350135196
6592.41,0.012609523362529443
6592.42,0.013101805416272191
6592.43,0.013669413455864804
6592.44,0.014316020923311776
6592.45,0.015044252337820158
6592.46,0.015857341573983597
6592.47,0.016759477735091045
6592.48,0.01775667154075335
6592.49,0.018855895445607035
6592.5,0.020061422661624324
6592.51,0.021370338123042367
6592.52,0.022771543349870287
6592.53,0.024251342724800052
6592.54,0.025802707715082907
6592.55,0.027430976386491075
6592.56,0.029148823883271672
6592.57,0.030941546351916614
6592.58,0.03283416895875361
6592.59,0.0347598978669232
6592.6,0.036642579350189296
6592.61,0.03838921399361062
6592.62,0.0399018706312083
6592.63,0.041100197665758655
6592.64,0.04193860349751123
6592.65,0.042417334691409285
6592.66,0.04258471605483834
6592.67,0.04251411301324517
6592.68,0.04234067183539604
6592.69,0.04213404103240676
6592.7,0.0419918675916363
6592.71,0.04195781194656549
6592.72,0.04204238785829685
6592.73,0.042211267976099746
6592.74,0.042399445992770235
6592.75,0.04251742832487222
6592.76,0.04246557362962345
6592.77,0.042151587881385365
6592.78,0.04150612044769709
6592.79,0.040501772860932095
6592.8,0.03915540229401075
6592.81,0.03752645988980085
6592.82,0.03570207704745619
6592.83,0.03378026158422689
6592.84,0.031852665667892945
6592.85,0.02998024817872776
6592.86,0.02825081091555724
6592.87,0.02668478089412901
6592.88,0.02530477447656975
6592.89,0.02412046605881161
6592.9,0.023131902016714313
6592.91,0.02233734702569612
6592.92,0.021725965230989314
6592.93,0.021286698973811812
6592.94,0.02099591206314972
6592.95,0.020861261136021363
6592.96,0.020847481456311313
6592.97,0.02097759757241002
6592.98,0.021238050247784256
6592.99,0.021635394936266854
6593.0,0.02218062340838362
6593.01,0.022888053218426647
6593.02,0.02377007321720421
6593.03,0.024833710790416637
6593.04,0.02605576954716866
6593.05,0.027434974752019097
6593.06,0.028900817027386946
6593.07,0.03037932119130336
6593.08,0.031783723078227584
6593.09,0.03301614788436635
6593.1,0.03396855668838482
6593.11,0.034532688012654196
6593.12,0.034622530641972384
6593.13,0.034200707545941005
6593.14,0.03329420452338643
6593.15,0.031987931428847254
6593.16,0.03041177876046626
6593.17,0.028699171448640197
6593.18,0.02696951700547672
6593.19,0.02531547136232963
6593.2,0.023781919785741484
6593.21,0.02242936219649167
6593.22,0.021241381831073523
6593.23,0.02022209670319312
6593.24,0.019358921694259894
6593.25,0.018584629657210885
6593.26,0.017886779080863124
6593.27,0.01724217091093195
6593.28,0.016628476548850177
6593.29,0.016043867440862506
6593.3,0.015494499239031114
6593.31,0.014993845204753987
6593.32,0.014559511244966539
6593.33,0.0142055780238933
6593.34,0.01395584333696979
6593.35,0.013808323417705323
6593.36,0.01378523215104046
6593.37,0.013903248856283445
6593.38,0.014182923275162641
6593.39,0.01464943546558768
6593.4,0.015330903898375945
6593.41,0.01625048664698166
6593.42,0.017407201370623644
6593.43,0.018744055680781208
6593.44,0.02012146499362391
6593.45,0.021362068055302524
6593.46,0.022281674304839193
6593.47,0.02291899844301663
6593.48,0.023457273982243076
6593.49,0.02412332040474673
6593.5,0.025065637125650315
6593.51,0.0263085059262392
6593.52,0.027766457253081356
6593.53,0.029261001549463737
6593.54,0.03055417342323495
6593.55,0.03139375522593581
6593.56,0.03162524780284101
6593.57,0.03119216482797966
6593.58,0.030180049871507155
6593.59,0.028745342702759077
6593.6,0.027066538176765305
6593.61,0.025288036741853568
6593.62,0.02351065308294539
6593.63,0.021801862404142964
6593.64,0.020195559112458697
6593.65,0.01872005061449696
6593.66,0.01738999779063039
6593.67,0.01621184298785144
6593.68,0.015186625086251104
6593.69,0.014310211443006437
6593.7,0.013575426308317139
6593.71,0.012967279492308185
6593.72,0.012485021968729375
6593.73,0.012108617551303054
6593.74,0.011819151545167756
6593.75,0.011596197488170264
6593.76,0.011410557252240414
6593.77,0.011233819810759724
6593.78,0.011033073363946957
6593.79,0.010819982519078756
6593.8,0.010581805613401742
6593.81,0.010334385547033049
6593.82,0.010099397897230954
6593.83,0.009895277039651425
6593.84,0.009726838027054697
6593.85,0.009620622367299055
6593.86,0.009569365545324308
6593.87,0.009579460652386955
6593.88,0.009644213828754255
6593.89,0.009753874253108332
6593.9,0.009935398867925188
6593.91,0.010175218455164036
6593.92,0.01047255592470335
6593.93,0.010824902194220202
6593.94,0.011229012449046344
6593.95,0.01167847535986812
6593.96,0.01216689267598799
6593.97,0.012688206680999445
6593.98,0.013243139350129865
6593.99,0.013840611239190394
6594.0,0.014499571890641896
6594.01,0.015247019090482414
6594.02,0.01611862272779433
6594.03,0.017150825577459825
6594.04,0.01838233296641487
6594.05,0.019851753273246113
6594.06,0.021597542644222728
6594.07,0.023652237016496283
6594.08,0.026040059151688905
6594.09,0.028759405205401215
6594.1,0.03176782520899033
6594.11,0.03495833812872698
6594.12,0.03814069054753235
6594.13,0.04103748354220977
6594.14,0.04332602313692863
6594.15,0.0447061140595933
6594.16,0.045001997290147734
6594.17,0.04423103866161566
6594.18,0.04260969217425922
6594.19,0.04047864577997686
6594.2,0.038196332182500244
6594.21,0.03605314711442333
6594.22,0.034235317141220814
6594.23,0.03282936116065228
6594.24,0.03184341424604628
6594.25,0.03122838792505937
6594.26,0.030894613498830346
6594.27,0.030729279646943507
6594.28,0.030612531357407036
6594.29,0.03044805649926868
6594.3,0.030179484067589184
6594.31,0.02978427851876609
6594.32,0.02927636943924464
6594.33,0.028678543381273677
6594.34,0.02801095562336575
6594.35,0.027291898836121386
6594.36,0.026540161123832274
6594.37,0.025779381069153645
6594.38,0.025038358297994213
6594.39,0.024347976991222837
6594.4,0.023738686621671962
6594.41,0.02323634508730483
6594.42,0.022862511587836067
6594.43,0.02263175767132355
6594.44,0.022553535398190893
6594.45,0.02262800202089485
6594.46,0.022857375908735877
6594.47,0.023228146796532824
6594.48,0.023719222975067792
6594.49,0.024326667151084745
6594.5,0.02503263170419954
6594.51,0.025835045733682303
6594.52,0.02674467745138615
6594.53,0.02778402439109038
6594.54,0.028981389859083283
6594.55,0.030360947993059512
6594.56,0.031933839188397914
6594.57,0.03369257223308099
6594.58,0.0355800811772729
6594.59,0.03752864656750031
6594.6,0.039426912775652745
6594.61,0.041138027230932094
6594.62,0.04250983265662112
6594.63,0.043405769222621036
6594.64,0.04372635682602261
6594.65,0.04344770990059968
6594.66,0.042632377421642643
6594.67,0.041414230508686894
6594.68,0.039962801183187416
6594.69,0.038440944799185424
6594.7,0.03697550121701003
6594.71,0.0356443935067101
6594.72,0.034477110919207674
6594.73,0.03347646776174634
6594.74,0.03262073079852306
6594.75,0.03188803756062682
6594.76,0.03127103117560518
6594.77,0.030770613412128164
6594.78,0.030449678351523658
6594.79,0.030259546791419047
6594.8,0.030278337450764064
6594.81,0.030537637206331018
6594.82,0.031070300609589766
6594.83,0.03190134993237475
6594.84,0.03304733548178778
6594.85,0.03451152702330633
6594.86,0.03627795996730741
6594.87,0.03830279931662026
6594.88,0.040508164933892796
6594.89,0.04278188959514672
6594.9,0.044999072710671405
6594.91,0.04705289418231469
6594.92,0.04889348946001526
6594.93,0.05055115478971865
6594.94,0.05213109784985595
6594.95,0.05378453531930652
6594.96,0.05567069053002909
6594.97,0.05793122523089697
6594.98,0.06067589113690106
6594.99,0.06396582888010109
6595.0,0.06778954707302733
6595.01,0.07203815347359808
6595.02,0.07647143129668245
6595.03,0.08071389772975095
6595.04,0.084282353064135
6595.05,0.08667569313864107
6595.06,0.08750923939214729
6595.07,0.08667321014489808
6595.08,0.08422400559270428
6595.09,0.08058166554711335
6595.1,0.07624925428422609
6595.11,0.07172637813315728
6595.12,0.06741498204160816
6595.13,0.06360956525659896
6595.14,0.06047811653532657
6595.15,0.05810592654233438
6595.16,0.05649956893707235
6595.17,0.05562214718986829
6595.18,0.05538952063234587
6595.19,0.05566318211274046
6595.2,0.0562440265826549
6595.21,0.056873474102495616
6595.22,0.05725586421625388
6595.23,0.05710833207472646
6595.24,0.056227824629588315
6595.25,0.054546965659343465
6595.26,0.05214851397659369
6595.27,0.04922943006462722
6595.28,0.046036176129998975
6595.29,0.04280307782948652
6595.3,0.0397042652761406
6595.31,0.03685886728538802
6595.32,0.03432820676848482
6595.33,0.03213354439557021
6595.34,0.030271357756393603
6595.35,0.02872358330990371
6595.36,0.02746776648573859
6595.37,0.02647949978535874
6595.38,0.02573588361180691
6595.39,0.025217341688757795
6595.4,0.02489581770409051
6595.41,0.024794185756025475
6595.42,0.024905897949887665
6595.43,0.025250279268794862
6595.44,0.025836841578681363
6595.45,0.026604563056749145
6595.46,0.027352342810838384
6595.47,0.02781321549319865
6595.48,0.02790720044299487
6595.49,0.027846704999826208
6595.5,0.027919084710216074
6595.51,0.028277239437370382
6595.52,0.028939833078787416
6595.53,0.029872519244575593
6595.54,0.03103348582993263
6595.55,0.03238378873971019
6595.56,0.03387772825465
6595.57,0.03544753649238798
6595.58,0.03698640932767682
6595.59,0.03835258114684771
6595.6,0.039393240627711136
6595.61,0.03997818082135495
6595.62,0.04004539983037779
6595.63,0.039628944897478126
6595.64,0.03883678797916669
6595.65,0.03782096769392442
6595.66,0.036732973950927
6595.67,0.03569139245661124
6595.68,0.034771069224094384
6595.69,0.034007926794763714
6595.7,0.033413406425753786
6595.71,0.03299069523307653
6595.72,0.03274586560452144
6595.73,0.03269343672575805
6595.74,0.03285519361658657
6595.75,0.033255235431958706
6595.76,0.033916098117067514
6595.77,0.03485702914591662
6595.78,0.03609466368101399
6595.79,0.037645864960099494
6595.8,0.03953612058199227
6595.81,0.04178446869878754
6595.82,0.04442658559840248
6595.83,0.047493814361268115
6595.84,0.05100200160510146
6595.85,0.05492538658583676
6595.86,0.05915930715453718
6595.87,0.06350645246358098
6595.88,0.06766201932295066
6595.89,0.07127536221449668
6595.9,0.07402051590029726
6595.91,0.07564968650216858
6595.92,0.07602488816775536
6595.93,0.07514322091582462
6595.94,0.07315045647370882
6595.95,0.07031466538367284
6595.96,0.06696818439829094
6595.97,0.06342661111092346
6595.98,0.059973404974900356
6595.99,0.056792791910173036
6596.0,0.05400305847884695
6596.01,0.05166302110113452
6596.02,0.04979229399012644
6596.03,0.048369496525616396
6596.04,0.047367900537458985
6596.05,0.0467494899168317
6596.06,0.04648099029661066
6596.07,0.04654405857113065
6596.08,0.046939341099063614
6596.09,0.0476828505240408
6596.1,0.048798656071649224
6596.11,0.05031328128559353
6596.12,0.05225366798476042
6596.13,0.05464722531292721
6596.14,0.057521851681338027
6596.15,0.06090464672127713
6596.16,0.06481933588840162
6596.17,0.0692836315874599
6596.18,0.07430854353054915
6596.19,0.07990314365057816
6596.2,0.08608009594852445
6596.21,0.0928620759477635
6596.22,0.10029002628647876
6596.23,0.10836065346003589
6596.24,0.11705504579921909
6596.25,0.12627479889654503
6596.26,0.13583417713552087
6596.27,0.14547933330888665
6596.28,0.1549203621556138
6596.29,0.16388962673669824
6596.3,0.17218845390138
6596.31,0.17971708404741138
6596.32,0.18645180178996582
6596.33,0.1924068722151191
6596.34,0.19758728887001786
6596.35,0.20194206381768826
6596.36,0.20534798296401563
6596.37,0.20761871921271527
6596.38,0.20852311026245732
6596.39,0.20783018430180805
6596.4,0.2053519578577933
6596.41,0.20099955744410133
6596.42,0.19482323672524593
6596.43,0.18702584283586127
6596.44,0.17796434255025448
6596.45,0.16809752491740468
6596.46,0.1579134315109879
6596.47,0.1478579107042943
6596.48,0.13826958974952128
6596.49,0.12935202323353076
6596.5,0.12115600381155239
6596.51,0.113598874311776
6596.52,0.10650835372646639
6596.53,0.09969423064612745
6596.54,0.09302424087219956
6596.55,0.08646544236105297
6596.56,0.08008292768119124
6596.57,0.07399774044784252
6596.58,0.0683357688991712
6596.59,0.06317953043800992
6596.6,0.058609059422804866
6596.61,0.054630372169158704
6596.62,0.051240124883205077
6596.63,0.04842594828001877
6596.64,0.04615997146362757
6596.65,0.04440480794463708
6596.66,0.04307983654813497
6596.67,0.042020230536487756
6596.68,0.04103190376891017
6596.69,0.03988069205214255
6596.7,0.03845828724157947
6596.71,0.03681201316265808
6596.72,0.035074524627363005
6596.73,0.033367868209228234
6596.74,0.031767694752146095
6596.75,0.030316681234137874
6596.76,0.029041354449127046
6596.77,0.027955920600129386
6596.78,0.02706137130566061
6596.79,0.026348178849157487
6596.8,0.0258034934077219
6596.81,0.02541554567395152
6596.82,0.0251744897397107
6596.83,0.025069546153674988
6596.84,0.025082442318470198
6596.85,0.025184421870415898
6596.86,0.025335258143097394
6596.87,0.025484899513621845
6596.88,0.02557878655814974
6596.89,0.0255667896758028
6596.9,0.02541128516284286
6596.91,0.025098515313101158
6596.92,0.024639907370835327
6596.93,0.024069306251115714
6596.94,0.023434549457833652
6596.95,0.022787457044297663
6596.96,0.02217546931771322
6596.97,0.02163661383381968
6596.98,0.021198547153170825
6596.99,0.02087491523823774
6597.0,0.020671054202738442
6597.01,0.020582284949952772
6597.02,0.020592525004703776
6597.03,0.020667539816936253
6597.04,0.020783786993664094
6597.05,0.020887687423628017
6597.06,0.02092811647981426
6597.07,0.02085942758275252
6597.08,0.020654181689527824
6597.09,0.020293080774794737
6597.1,0.019792389313816043
6597.11,0.01918211825224753
6597.12,0.018505096938893028
6597.13,0.01779634724585476
6597.14,0.0170954050524686
6597.15,0.016429548421333266
6597.16,0.015822906742751903
6597.17,0.015287102294973026
6597.18,0.014828186564145954
6597.19,0.014447227872193597
6597.2,0.01414029244411748
6597.21,0.013899594544140718
6597.22,0.01371479924821869
6597.23,0.013574769443898977
6597.24,0.013469844874621687
6597.25,0.013393949183212026
6597.26,0.013345201029731052
6597.27,0.01332425651628784
6597.28,0.013330677923573574
6597.29,0.013359334670544907
6597.3,0.0133998692911166
6597.31,0.01344126256958885
6597.32,0.0134805515663783
6597.33,0.013525183639651595
6597.34,0.013593257692273545
6597.35,0.013716626848970424
6597.36,0.013915179025868606
6597.37,0.014206885458965349
6597.38,0.014604634085661957
6597.39,0.015117383998042461
6597.4,0.015750637143430165
6597.41,0.016505420582902497
6597.42,0.01737592994432499
6597.43,0.018345651754860623
6597.44,0.019388805597970408
6597.45,0.020466844051210503
6597.46,0.02153859832783132
6597.47,0.022571018879431096
6597.48,0.02355119207162175
6597.49,0.0244921902115256
6597.5,0.02543000963145551
6597.51,0.026408517768049325
6597.52,0.027462173134379108
6597.53,0.02859898538950962
6597.54,0.029788089749736395
6597.55,0.030954890807733972
6597.56,0.03198813456687429
6597.57,0.032762027311558924
6597.58,0.03317021281571039
6597.59,0.0331600591076468
6597.6,0.03275111492142619
6597.61,0.032027742578868465
6597.62,0.031113423591691534
6597.63,0.030137617368103654
6597.64,0.029212205715572297
6597.65,0.02842150341472176
6597.66,0.02782330325440016
6597.67,0.027463826008996998
6597.68,0.027344646029425112
6597.69,0.0274869240572381
6597.7,0.02789587702649304
6597.71,0.028572553918865186
6597.72,0.029521138515149266
6597.73,0.03072176839955238
6597.74,0.032181694720431524
6597.75,0.03389630806046707
6597.76,0.035871078003736755
6597.77,0.03810872373064174
6597.78,0.04059641531991176
6597.79,0.043338953482892476
6597.8,0.04628357749932255
6597.81,0.04934731418195273
6597.82,0.05241384434959934
6597.83,0.05532184455669355
6597.84,0.057869477830049865
6597.85,0.059849321784499754
6597.86,0.06106660097573811
6597.87,0.06140347731248173
6597.88,0.06085377580577611
6597.89,0.05953112164581789
6597.9,0.05764206155797543
6597.91,0.05544469742695827
6597.92,0.0531719456799632
6597.93,0.05103999612976418
6597.94,0.04920660460070459
6597.95,0.047779388755335425
6597.96,0.04682592356087737
6597.97,0.04638071022716511
6597.98,0.04644898358411061
6597.99,0.0470376069071193
6598.0,0.04813472235682969
6598.01,0.04968500421975899
6598.02,0.05160592081714674
6598.03,0.053771723396438396
6598.04,0.056003352498000036
6598.05,0.05807134414050845
6598.06,0.05972216565150863
6598.07,0.06069504013403741
6598.08,0.06080818181089358
6598.09,0.05998583960710675
6598.1,0.05827781911286623
6598.11,0.055846240633496
6598.12,0.05291392606573727
6598.13,0.04972644978025979
6598.14,0.04649092782491749
6598.15,0.04337105592109083
6598.16,0.040476001163451875
6598.17,0.03786652598196335
6598.18,0.03556292824267376
6598.19,0.03356736587396824
6598.2,0.031872178935308096
6598.21,0.030470540643992575
6598.22,0.02935118528377523
6598.23,0.028502759400613874
6598.24,0.027906906217581462
6598.25,0.02754339209622185
6598.26,0.02740532950356787
6598.27,0.0274736025957359
6598.28,0.027762548558584465
6598.29,0.028278913891022276
6598.3,0.029022029920255946
6598.31,0.02996535789836952
6598.32,0.03105088244251793
6598.33,0.03218253669538285
6598.34,0.03323255928315035
6598.35,0.03406389753186377
6598.36,0.034565304229627884
6598.37,0.034696803968998206
6598.38,0.03448930356856699
6598.39,0.03403397251379572
6598.4,0.03344298790503576
6598.41,0.03281642853278968
6598.42,0.032226975791532796
6598.43,0.03172161209144612
6598.44,0.03132855973507464
6598.45,0.03106799792892852
6598.46,0.030958905195846105
6598.47,0.030994909654747653
6598.48,0.03117659536463788
6598.49,0.031472037584519205
6598.5,0.03184175340836264
6598.51,0.03222907933781618
6598.52,0.03257086695800796
6598.53,0.03281062897196943
6598.54,0.032905742800484354
6598.55,0.03283275817721843
6598.56,0.032584882603548554
6598.57,0.032165374651172106
6598.58,0.03158105799264692
6598.59,0.030839669062722046
6598.6,0.029951997670591216
6598.61,0.028936827905827904
6598.62,0.02782714383211386
6598.63,0.026664189962676353
6598.64,0.025491781362906227
6598.65,0.024363642870296184
6598.66,0.02332294240921623
6598.67,0.022402355805209447
6598.68,0.021622610041608068
6598.69,0.02099307257203778
6598.7,0.02051316875898597
6598.71,0.020172837804061983
6598.72,0.019953961988469274
6598.73,0.019830435383644374
6598.74,0.019767944849036573
6598.75,0.019726682345160514
6598.76,0.019663158309411732
6598.77,0.019541562360354234
6598.78,0.019330913001416036
6598.79,0.019016231924969523
6598.8,0.018599402900198122
6598.81,0.01809786096720993
6598.82,0.017540153829091066
6598.83,0.016954003075505028
6598.84,0.01638501620771344
6598.85,0.015856532246233415
6598.86,0.015392184367735958
6598.87,0.015009663303975778
6598.88,0.014720616899654086
6598.89,0.014532472569759688
6598.9,0.014451121370037852
6598.91,0.01446462574646313
6598.92,0.014564347092640026
6598.93,0.01472839959690533
6598.94,0.014927523449394723
6598.95,0.015131748762956082
6598.96,0.015319849521544174
6598.97,0.015473869780667499
6598.98,0.015619936146007225
6598.99,0.015756507741378743
6599.0,0.015888767673251723
6599.01,0.016012771692835152
6599.02,0.016116846751124278
6599.03,0.016183602790821372
6599.04,0.016198494186748427
6599.05,0.016155492905611375
6599.06,0.016059192036396965
6599.07,0.015922336706154516
6599.08,0.015761533674779508
6599.09,0.015590670749941487
6599.1,0.015429594098115075
6599.11,0.015288513423989625
6599.12,0.015177519807042529
6599.13,0.01510314074298846
6599.14,0.015065960851968355
6599.15,0.01506783288788251
6599.16,0.015102321812244093
6599.17,0.015162324975357569
6599.18,0.015241018071126253
6599.19,0.015332092664898808
6599.2,0.015430702993235065
6599.21,0.015534384608145898
6599.22,0.015644191202905635
6599.23,0.01573788816069057
6599.24,0.015883991684040775
6599.25,0.01606647966110395
6599.26,0.01630898098092822
6599.27,0.016618572861334273
6599.28,0.01699631086091795
6599.29,0.017429557841088763
6599.3,0.01789268674856995
6599.31,0.01835210845607643
6599.32,0.018776097654248803
6599.33,0.019146034318118545
6599.34,0.01946393620389124
6599.35,0.01975018113196405
6599.36,0.02003514917975955
6599.37,0.02035391205971442
6599.38,0.020703307768208883
6599.39,0.021092634701266606
6599.4,0.021517340667490812
6599.41,0.021965324667020718
6599.42,0.02248481420526663
6599.43,0.02309836411934237
6599.44,0.023830652343173577
6599.45,0.024610832653120036
6599.46,0.02518460637847186
6599.47,0.02521644797824613
6599.48,0.024617290496363055
6599.49,0.023680494166277034
6599.5,0.02277850439244884
6599.51,0.022110148238392306
6599.52,0.021704616853079374
6599.53,0.02152423314322676
6599.54,0.02152710013500381
6599.55,0.02168333538581798
6599.56,0.021973639646281965
6599.57,0.022383602306689027
6599.58,0.02289934225186207
6599.59,0.023506255112054515
6599.6,0.024190791331465285
6599.61,0.024944339232909125
6599.62,0.02576559632618391
6599.63,0.026658788664861224
6599.64,0.02763958440399739
6599.65,0.02871530484021139
6599.66,0.029895936147293266
6599.67,0.031190191330237024
6599.68,0.03260570646305153
6599.69,0.03415678936172714
6599.7,0.03586789170223337
6599.71,0.0377740007131816
6599.72,0.03991248394455092
6599.73,0.04233148250973388
6599.74,0.04514719542158022
6599.75,0.04827329326472941
6599.76,0.051823962973299206
6599.77,0.05584215804778965
6599.78,0.06036367027369143
6599.79,0.06540226136491901
6599.8,0.07097813964651539
6599.81,0.07705151529425647
6599.82,0.08353708718446193
6599.83,0.09029809387172258
6599.84,0.09710916345588762
6599.85,0.103667382878797
6599.86,0.10960139237809267
6599.87,0.11451654968722634
6599.88,0.11805535440605355
6599.89,0.11997176377338979
6599.9,0.12018863828557733
6599.91,0.11882471039383422
6599.92,0.11616384231507575
6599.93,0.11259835213285471
6599.94,0.10855484756919102
6599.95,0.10443179354524061
6599.96,0.10055910010196718
6599.97,0.09718632371722773
6599.98,0.09447846944003314
6599.99,0.09253842633396764
6600.0,0.09141392503408481
6600.01,0.0911118802562666
6600.02,0.09160607864975676
6600.03,0.0928387269997014
6600.04,0.09471609105062408
6600.05,0.09710659278785375
6600.06,0.09984296793361659
6600.07,0.1027501709748752
6600.08,0.10568564888572846
6600.09,0.10858031160150702
6600.1,0.11145239057955557
6600.11,0.11435457544528356
6600.12,0.1173074996845154
6600.13,0.12024186172528892
6600.14,0.12295940214483281
6600.15,0.12515170915614793
6600.16,0.12643559186486525
6600.17,0.1264643951558945
6600.18,0.12499210751991136
6600.19,0.12194067584049599
6600.2,0.11741827969822433
6600.21,0.11168919548170007
6600.22,0.10510990573644664
6600.23,0.09805737744124622
6600.24,0.09087145600039379
6600.25,0.08382212245569415
6600.26,0.07710320348421255
6600.27,0.07082749301649903
6600.28,0.06505965942783262
6600.29,0.059820634209585805
6600.3,0.055101466233293275
6600.31,0.05087814678433242
6600.32,0.04711223187171532
6600.33,0.04376635222403717
6600.34,0.040801124799141164
6600.35,0.03827832798976074
6600.36,0.0359653796329843
6600.37,0.033930446569815746
6600.38,0.03214666633222731
6600.39,0.03056818405694175
6600.4,0.0292209624689775
6600.41,0.028065620388917332
6600.42,0.02707952179987251
6600.43,0.026268107274618493
6600.44,0.02561211657905501
6600.45,0.02510133076521825
6600.46,0.024725240296470236
6600.47,0.02447235929703202
6600.48,0.024330079624946
6600.49,0.024284774827099308
6600.5,0.02432528247538012
6600.51,0.02444124877712009
6600.52,0.024626878807003504
6600.53,0.024878476112405484
6600.54,0.02519181462628158
6600.55,0.025557403705465057
6600.56,0.025956444981485093
6600.57,0.026359636163604556
6600.58,0.02673032184288569
6600.59,0.027031983418087917
6600.6,0.027234962198109777
6600.61,0.02732412553673993
6600.62,0.02729669808298315
6600.63,0.027156035707808394
6600.64,0.02690368000848864
6600.65,0.026534803776146598
6600.66,0.02603946883058242
6600.67,0.02541137020148326
6600.68,0.02465345988275901
6600.69,0.023785934378668036
6600.7,0.02288869477093282
6600.71,0.021904703779804607
6600.72,0.020923016352773553
6600.73,0.019977264868103948
6600.74,0.01909128706280705
6600.75,0.018281250683790558
6600.76,0.017559320373194527
6600.77,0.016934291900592584
6600.78,0.016412091445539848
6600.79,0.015993059051172473
6600.8,0.015669177812742907
6600.81,0.01542914645317427
6600.82,0.01525783558703779
6600.83,0.015136858652148092
6600.84,0.015043473864826695
6600.85,0.014952718029383546
6600.86,0.01484489023631194
6600.87,0.014713104666984661
6600.88,0.014542615338335889
6600.89,0.014384556957210047
6600.9,0.014230529916853694
6600.91,0.014079024972128778
6600.92,0.013946436779566163
6600.93,0.013851061032591861
6600.94,0.013820427068379135
6600.95,0.013865926876087065
6600.96,0.014005821063274295
6600.97,0.014247407603442761
6600.98,0.014592554902742897
6600.99,0.015038383633285244
6601.0,0.015577526167082101
6601.01,0.01619677932972824
6601.02,0.016852303019704182
6601.03,0.017595528545089445
6601.04,0.01830927050766328
6601.05,0.018991489291111635
6601.06,0.01971785945324539
6601.07,0.020273045869189307
6601.08,0.020763139180804965
6601.09,0.021212757096588795
6601.1,0.021651910717252122
6601.11,0.022210422427772627
6601.12,0.022730677119539643
6601.13,0.023321562613422105
6601.14,0.023989366037060138
6601.15,0.024736827271948553
6601.16,0.025580421000102632
6601.17,0.026539299713976075
6601.18,0.027639664740065125
6601.19,0.02890450317962269
6601.2,0.030349251328406473
6601.21,0.03198345162765073
6601.22,0.03381420728945899
6601.23,0.0358482540773292
6601.24,0.03808680798370453
6601.25,0.040508315521268164
6601.26,0.043040828449275544
6601.27,0.045540396728898314
6601.28,0.04779673920891193
6601.29,0.04958611458774629
6601.3,0.05074241906807865
6601.31,0.051203951831210924
6601.32,0.05099497817971553
6601.33,0.050151633643560636
6601.34,0.048734743740890984
6601.35,0.04674409269447463
6601.36,0.04423082517071939
6601.37,0.04132066755484117
6601.38,0.03819839053055796
6601.39,0.03507274961891391
6601.4,0.03211120794988384
6601.41,0.02942701142738252
6601.42,0.02706258859097416
6601.43,0.025064009106284278
6601.44,0.023407082809465768
6601.45,0.022069137503416228
6601.46,0.0210238585571876
6601.47,0.020247573801074985
6601.48,0.01972116212911816
6601.49,0.019432358350859744
6601.5,0.019378080368607144
6601.51,0.01956390182387512
6601.52,0.020007205960266197
6601.53,0.020735254191166442
6601.54,0.021789092757098644
6601.55,0.023222452456590374
6601.56,0.025090066816073536
6601.57,0.02740778105780335
6601.58,0.03005806349040403
6601.59,0.03266362361130595
6601.6,0.034562902272214036
6601.61,0.03508527555961474
6601.62,0.034028700600935435
6601.63,0.031840611736403075
6601.64,0.029331817068205708
6601.65,0.0269751282400874
6601.66,0.025103423562014865
6601.67,0.023753152696625004
6601.68,0.022857706768649257
6601.69,0.022318605760669692
6601.7,0.022049175626625627
6601.71,0.021952666987634827
6601.72,0.021949695667620978
6601.73,0.021959050276023875
6601.74,0.021908406498192718
6601.75,0.021744603839879084
6601.76,0.021441296077855398
6601.77,0.021004522257307694
6601.78,0.020462561338554123
6601.79,0.019872992447266723
6601.8,0.019284894700810285
6601.81,0.018743061325582244
6601.82,0.01829314597096476
6601.83,0.017958985770384562
6601.84,0.01775858570356357
6601.85,0.017693595899442333
6601.86,0.01778486117594459
6601.87,0.018023076157161994
6601.88,0.018403018205519685
6601.89,0.01891339718390974
6601.9,0.019539332255833826
6601.91,0.020265759838628546
6601.92,0.021081251820216352
6601.93,0.021980777238816175
6601.94,0.022963910985831934
6601.95,0.024029857666895027
6601.96,0.025172861771668668
6601.97,0.02638201941437921
6601.98,0.027642768080116252
6601.99,0.02893893122901523
6602.0,0.030250572157199937
6602.01,0.03154312973299753
6602.02,0.032755694074518144
6602.03,0.03379370752976799
6602.04,0.0345369612616234
6602.05,0.03486470825398929
6602.06,0.034691415270384204
6602.07,0.03399692070857686
6602.08,0.03283570542465773
6602.09,0.03132093972804028
6602.1,0.029593993783323787
6602.11,0.027792852641793073
6602.12,0.026030893033523628
6602.13,0.024390948722105
6602.14,0.02292333828468593
6602.15,0.02166244674193388
6602.16,0.02059848495431792
6602.17,0.01972753765860528
6602.18,0.01904634668490915
6602.19,0.018531225937023863
6602.2,0.018145758669245064
6602.21,0.0178641060795597
6602.22,0.0176528799349458
6602.23,0.01748135151415816
6602.24,0.01731723107363213
6602.25,0.017137119018618537
6602.26,0.01693344224241485
6602.27,0.016719680282999902
6602.28,0.01652836348193168
6602.29,0.016403383958056475
6602.3,0.01639291153775081
6602.31,0.016546766254914153
6602.32,0.01691240203893707
6602.33,0.017504126844631082
6602.34,0.0182473739673253
6602.35,0.01893941016719134
6602.36,0.019362023373603137
6602.37,0.019473869939106502
6602.38,0.019442840460686294
6602.39,0.019492687390067147
6602.4,0.01977700832749351
6602.41,0.020352483807948237
6602.42,0.02122108623148743
6602.43,0.02237149719165925
6602.44,0.02379773107954823
6602.45,0.02548347720519377
6602.46,0.027419220593698054
6602.47,0.02958230057001303
6602.48,0.03193834476718314
6602.49,0.034435248827648555
6602.5,0.03697780137416177
6602.51,0.0393794925697326
6602.52,0.04129444597898977
6602.53,0.042339324173164036
6602.54,0.042192480815350986
6602.55,0.04089679666007023
6602.56,0.038833229484825434
6602.57,0.036474424992239865
6602.58,0.03416474954011485
6602.59,0.03207422710251269
6602.6,0.03026730141372008
6602.61,0.02875519014827849
6602.62,0.02755014612060863
6602.63,0.026658198546016136
6602.64,0.02608234865850332
6602.65,0.02582398351590747
6602.66,0.025875670684058043
6602.67,0.026234259224109033
6602.68,0.02689362596993763
6602.69,0.027844077031729
6602.7,0.02906960463038219
6602.71,0.030543223741039564
6602.72,0.03221699525045536
6602.73,0.03401541211479908
6602.74,0.0358100685023409
6602.75,0.03749404591357267
6602.76,0.03888370594534689
6602.77,0.03981430102553481
6602.78,0.04016021281044337
6602.79,0.03986635737699403
6602.8,0.03896437407819985
6602.81,0.03756323561510214
6602.82,0.035819045426907586
6602.83,0.03389814014892528
6602.84,0.031947525059716694
6602.85,0.03007928769808573
6602.86,0.028368868449319892
6602.87,0.026858296956376364
6602.88,0.025561420626357866
6602.89,0.024480696404327255
6602.9,0.023606377823285663
6602.91,0.02292218791842833
6602.92,0.022410370548376825
6602.93,0.022052717998212176
6602.94,0.02183433244686929
6602.95,0.021750999937974448
6602.96,0.02178746576662473
6602.97,0.021951273338373795
6602.98,0.022248252823568293
6602.99,0.022685805356640526
6603.0,0.023269298667143747
6603.01,0.024000100183516754
6603.02,0.024907854819871057
6603.03,0.025910174446607585
6603.04,0.027029454675530654
6603.05,0.0282527193844689
6603.06,0.02956722786219808
6603.07,0.03096101753988364
6603.08,0.03241031406362334
6603.09,0.03388170444527703
6603.1,0.03532544557221586
6603.11,0.03667866015052956
6603.12,0.037874025693921495
6603.13,0.03885453941363646
6603.14,0.03958787268241826
6603.15,0.04007582338309038
6603.16,0.04035186615743916
6603.17,0.040468602098908554
6603.18,0.04048063752017143
6603.19,0.04042728006741174
6603.2,0.04032555148684542
6603.21,0.04016962704956918
6603.22,0.03994010187766774
6603.23,0.03960476785950284
6603.24,0.039143734255837496
6603.25,0.03853461314174793
6603.26,0.037771884209523494
6603.27,0.03686567740787529
6603.28,0.03584085928625648
6603.29,0.034734298194627554
6603.3,0.03358968912538498
6603.31,0.032459262421233884
6603.32,0.03138820554166458
6603.33,0.03041330125993214
6603.34,0.029558755318840144
6603.35,0.028830389595452262
6603.36,0.028223239494790622
6603.37,0.027724966505746563
6603.38,0.02731797424072538
6603.39,0.02697473811821324
6603.4,0.026663601061798846
6603.41,0.026339201793584108
6603.42,0.025960502322637757
6603.43,0.025500848585347
6603.44,0.024955081105495647
6603.45,0.02433868783344607
6603.46,0.02368883732211487
6603.47,0.023030817752417006
6603.48,0.02238259542558693
6603.49,0.021745392176753798
6603.5,0.021109775669284115
6603.51,0.020457265233128342
6603.52,0.01977187471697453
6603.53,0.019045121482226514
6603.54,0.018280842161503365
6603.55,0.01749422443760583
6603.56,0.0167079867984057
6603.57,0.015947342451539746
6603.58,0.015229934805077502
6603.59,0.014570296126517314
6603.6,0.013972414964804886
6603.61,0.01344396975954072
6603.62,0.012980801406416163
6603.63,0.012579836432906668
6603.64,0.012237115170613953
6603.65,0.011948388802050158
6603.66,0.01170951452902847
6603.67,0.011515859273137651
6603.68,0.01136571085967967
6603.69,0.011258763995748574
6603.7,0.01118641025486203
6603.71,0.01115043356722734
6603.72,0.011151146870901905
6603.73,0.01118626261374332
6603.74,0.011258020642632819
6603.75,0.011366592268894358
6603.76,0.011514518711194934
6603.77,0.01170445626378773
6603.78,0.011943583837322531
6603.79,0.01222718580138271
6603.8,0.012564042080846672
6603.81,0.012956957465915861
6603.82,0.013407964531819411
6603.83,0.013916586822028279
6603.84,0.014479001857235694
6603.85,0.015083584418592165
6603.86,0.015714104912563604
6603.87,0.016338458248151548
6603.88,0.0169509001326186
6603.89,0.01750449964368337
6603.9,0.017982321898331297
6603.91,0.018370516499076894
6603.92,0.018662413590347912
6603.93,0.018856092710551667
6603.94,0.01895130783758964
6603.95,0.018951448465181885
6603.96,0.0188566007183963
6603.97,0.01869745358443171
6603.98,0.01848863571446391
6603.99,0.01824719913374385
6604.0,0.017990726893832718
6604.01,0.017735692815789763
6604.02,0.01749700700748985
6604.03,0.017283935682393625
6604.04,0.017105630850773542
6604.05,0.016956102869907095
6604.06,0.016829415526943427
6604.07,0.016718001471605112
6604.08,0.016621391223498396
6604.09,0.0165474077762246
6604.1,0.016503538683283685
6604.11,0.016493441838645744
6604.12,0.016512471842099613
6604.13,0.016561791510847614
6604.14,0.01663703905192967
6604.15,0.016741475396442967
6604.16,0.016881900436015455
6604.17,0.01706562677168041
6604.18,0.017298355755005042
6604.19,0.017583759622492392
6604.2,0.01792416729215167
6604.21,0.018321311900034876
6604.22,0.018776911714913306
6604.23,0.01929269042129629
6604.24,0.019878062122146045
6604.25,0.02051685553382631
6604.26,0.021214603160912622
6604.27,0.02196531320365294
6604.28,0.022767654283772837
6604.29,0.02359073344414589
6604.3,0.02443267638445707
6604.31,0.02528741914358053
6604.32,0.02615836617168481
6604.33,0.027052950341976228
6604.34,0.0279824781960566
6604.35,0.02896868884269316
6604.36,0.030000859608988673
6604.37,0.031106895869687255
6604.38,0.032308244519641
6604.39,0.033627342898819815
6604.4,0.03508119480555693
6604.41,0.03667594065320697
6604.42,0.03840780186569311
6604.43,0.040268221100888554
6604.44,0.04224432807617218
6604.45,0.04432927634928748
6604.46,0.046527111803327435
6604.47,0.04885459220226784
6604.48,0.051335865532489325
6604.49,0.05399164155619207
6604.5,0.056826141384210736
6604.51,0.059833735980142466
6604.52,0.06300563263182525
6604.53,0.06634454251010642
6604.54,0.06987828933222769
6604.55,0.07366502537868377
6604.56,0.0777920921456477
6604.57,0.08236838821752
6604.58,0.08751344692101726
6604.59,0.09334620083657903
6604.6,0.09997486966253913
6604.61,0.10748790696590876
6604.62,0.1159434947553082
6604.63,0.12535473238365266
6604.64,0.13566476272253297
6604.65,0.14673444074802172
6604.66,0.1582915460559893
6604.67,0.169918350253178
6604.68,0.18104369594282219
6604.69,0.19097321259193029
6604.7,0.19896920782025718
6604.71,0.204381889277442
6604.72,0.20674854615994592
6604.73,0.2059505118012359
6604.74,0.20220457851613768
6604.75,0.19601499357274138
6604.76,0.18805991215743034
6604.77,0.17905978669765593
6604.78,0.1696752333226633
6604.79,0.16044544892458676
6604.8,0.15177289097715882
6604.81,0.14391486251947982
6604.82,0.1370294950060511
6604.83,0.13119796359803887
6604.84,0.12644439777633915
6604.85,0.12276084637317547
6604.86,0.12011994471306667
6604.87,0.11848595101514131
6604.88,0.11781812903785124
6604.89,0.11808037861659909
6604.9,0.11924795813606894
6604.91,0.12131840559462735
6604.92,0.1243182919340046
6604.93,0.12830354965108187
6604.94,0.13333215399328582
6604.95,0.13953919577748713
6604.96,0.1470080394975438
6604.97,0.15585752402622124
6604.98,0.16620681519722433
6604.99,0.17816611372990254
6605.0,0.19180967777883662
6605.01,0.2071763900904405
6605.02,0.2242080030006049
6605.03,0.24266595022699577
6605.04,0.26224850483812645
6605.05,0.2822961367469421
6605.06,0.30193593438798005
6605.07,0.3200926334381753
6605.08,0.3356325640148875
6605.09,0.34758178368167936
6605.1,0.3553644689272785
6605.11,0.3589280892672178
6605.12,0.3587213049995607
6605.13,0.3554990961802671
6605.14,0.35005419517757597
6605.15,0.34296090622415515
6605.16,0.3344956092167257
6605.17,0.3246707342904935
6605.18,0.31340581182898786
6605.19,0.3007291136081748
6605.2,0.2868837783718731
6605.21,0.2723798694059334
6605.22,0.25785458844542575
6605.23,0.243961915978628
6605.24,0.23124073172580328
6605.25,0.2200928887343114
6605.26,0.21075580184228765
6605.27,0.20333788584082405
6605.28,0.19785573192536896
6605.29,0.19426282352954197
6605.3,0.1924927578840477
6605.31,0.1924750794644906
6605.32,0.19410550057795026
6605.33,0.19740874439751796
6605.34,0.20226540258686765
6605.35,0.2085365783728634
6605.36,0.21599078530446383
6605.37,0.22429018713510754
6605.38,0.2330185494551403
6605.39,0.2417565614867093
6605.4,0.2501946143188188
6605.41,0.2582475578735299
6605.42,0.2661080582333963
6605.43,0.274245466858843
6605.44,0.28331323197162983
6605.45,0.2940371561586881
6605.46,0.307112225839968
6605.47,0.32313245636091875
6605.48,0.34253124610891966
6605.49,0.36553171619928204
6605.5,0.39208245768873456
6605.51,0.4217725948056053
6605.52,0.45380076925238244
6605.53,0.48695644497452256
6605.54,0.5197701854123203
6605.55,0.5507472033030677
6605.56,0.5785826932648082
6605.57,0.6022463416449665
6605.58,0.6208753518788975
6605.59,0.6336313210050355
6605.6,0.6396944736087403
6605.61,0.6383851739042353
6605.62,0.6293353605016192
6605.63,0.6126034963596593
6605.64,0.58872394817968
6605.65,0.5586896996824843
6605.66,0.5239134646087935
6605.67,0.48608063870285284
6605.68,0.4469436867073765
6605.69,0.40809549111771826
6605.7,0.37080554321727965
6605.71,0.33593414742296357
6605.72,0.303976871230449
6605.73,0.2751165890914454
6605.74,0.24931995150769629
6605.75,0.2264136027122534
6605.76,0.20615978136503557
6605.77,0.1882893760151135
6605.78,0.1725338389428126
6605.79,0.15864056426049436
6605.8,0.14638074555739986
6605.81,0.13555219269974003
6605.82,0.1259759398944681
6605.83,0.11750768685512743
6605.84,0.11001570375030481
6605.85,0.10339154155006743
6605.86,0.09754185914741313
6605.87,0.09238776669596657
6605.88,0.08785977277372468
6605.89,0.08389563589842038
6605.9,0.08043777111405342
6605.91,0.07743793499512455
6605.92,0.07485006158251897
6605.93,0.0726314903057029
6605.94,0.07073950829225717
6605.95,0.06912964605388332
6605.96,0.06775477610193627
6605.97,0.06655872698849871
6605.98,0.0654674783208895
6605.99,0.06438063383480236
6606.0,0.06317532486062262
6606.01,0.06172568892787786
6606.02,0.05994671748742848
6606.03,0.05782562168875869
6606.04,0.05543561801783789
6606.05,0.05290630066778348
6606.06,0.05037837148528083
6606.07,0.04796681275052741
6606.08,0.045746408255811395
6606.09,0.04375529650011816
6606.1,0.04200536610229712
6606.11,0.04049407218227255
6606.12,0.03920774749174327
6606.13,0.03813169942513227
6606.14,0.03724848233090557
6606.15,0.036540778229101366
6606.16,0.03599309846892119
6606.17,0.035594151509338826
6606.18,0.03533848398985463
6606.19,0.03522477465520443
6606.2,0.035248723888878064
6606.21,0.035397697030390085
6606.22,0.03564146664341175
6606.23,0.03592916639284537
6606.24,0.0361796563771542
6606.25,0.03630774388127658
6606.26,0.0362409795775479
6606.27,0.03593415796401535
6606.28,0.03539202461432734
6606.29,0.03466750773499184
6606.3,0.033836618046156244
6606.31,0.033002588365360866
6606.32,0.032235437646010306
6606.33,0.031589127674239756
6606.34,0.031092319293727085
6606.35,0.030751050353565155
6606.36,0.0305554537312973
6606.37,0.030489198480767154
6606.38,0.030543405355006107
6606.39,0.030725207477004895
6606.4,0.031057902150147917
6606.41,0.031573307643541076
6606.42,0.03230214742883398
6606.43,0.033266960685918334
6606.44,0.03448010663018123
6606.45,0.03593434043682824
6606.46,0.03761603350858077
6606.47,0.039474435673989804
6606.48,0.04143102921730699
6606.49,0.043376267689038385
6606.5,0.045179061305733036
6606.51,0.04670804416476247
6606.52,0.047860503902733956
6606.53,0.04858674966843703
6606.54,0.048897347534394814
6606.55,0.04884918850296081
6606.56,0.04851603472552716
6606.57,0.04797384803583351
6606.58,0.047273111309753216
6606.59,0.04645197077875477
6606.6,0.045546629472584865
6606.61,0.04460831691589948
6606.62,0.043716860807557704
6606.63,0.0429757669399846
6606.64,0.042499364641415044
6606.65,0.04238973284791881
6606.66,0.04272701974056976
6606.67,0.04357478259063878
6606.68,0.04498321568936715
6606.69,0.04700730298028881
6606.7,0.049705145523894066
6606.71,0.05313876024910412
6606.72,0.05736771553147084
6606.73,0.06243164214613713
6606.74,0.06832103293928701
6606.75,0.07493224655279776
6606.76,0.08200979678518922
6606.77,0.08909326278006865
6606.78,0.0955057452639996
6606.79,0.10043229628801632
6606.8,0.10310990739065398
6606.81,0.10307789286761969
6606.82,0.10036958509128818
6606.83,0.09542523741039105
6606.84,0.08904054833825831
6606.85,0.08202134365767494
6606.86,0.07501841841429903
6606.87,0.06845110088351855
6606.88,0.0625209299187357
6606.89,0.057269133649510265
6606.9,0.05264196077080629
6606.91,0.04854453965432496
6606.92,0.04488372837504458
6606.93,0.041587166327335834
6606.94,0.03860544544064553
6606.95,0.03590946387037491
6606.96,0.03347988448237123
6606.97,0.03129780502026387
6606.98,0.02936088075027593
6606.99,0.027648080377089154
6607.0,0.026144651674838672
6607.01,0.024833851857591478
6607.02,0.023696308318444288
6607.03,0.022710770319241232
6607.04,0.021855244779107143
6607.05,0.021106954573614164
6607.06,0.020457176160260965
6607.07,0.019894440626670746
6607.08,0.019420447158028747
6607.09,0.01901627796470765
6607.1,0.01868102459078239
6607.11,0.018427099074586884
6607.12,0.018193040483990924
6607.13,0.01801133122114521
6607.14,0.01788387280763286
6607.15,0.017822303422399665
6607.16,0.017835314667866316
6607.17,0.017922399553879406
6607.18,0.01807182376091201
6607.19,0.01826084067912907
6607.2,0.01845918051800693
6607.21,0.018628841381654423
6607.22,0.01873655147681984
6607.23,0.01875830986849902
6607.24,0.01868340898587336
6607.25,0.01852296079502248
6607.26,0.018303078730414816
6607.27,0.01806145676411003
6607.28,0.017839751921518807
6607.29,0.017677642125599045
6607.3,0.017609247558183636
6607.31,0.017663232648497378
6607.32,0.01786158772602925
6607.33,0.018221598331114638
6607.34,0.018754188351660418
6607.35,0.019461759431584992
6607.36,0.020332263550216133
6607.37,0.021332047066752895
6607.38,0.02239900161225608
6607.39,0.02344799971746403
6607.4,0.024380880054412774
6607.41,0.025118049631447793
6607.42,0.02563238964936643
6607.43,0.025954369382120052
6607.44,0.026174841636307466
6607.45,0.026350663351711025
6607.46,0.026565474237446488
6607.47,0.02684745959911456
6607.48,0.027177893329502444
6607.49,0.02749249912983319
6607.5,0.027692407528156555
6607.51,0.02766850684909246
6607.52,0.027353909478842277
6607.53,0.02668090512138969
6607.54,0.025695525030540223
6607.55,0.024471860764650105
6607.56,0.023103890368222038
6607.57,0.021683684392853324
6607.58,0.020288092887749104
6607.59,0.018973111079479268
6607.6,0.017774444693727076
6607.61,0.016709687411022273
6607.62,0.01578629633508007
6607.63,0.014993761286433177
6607.64,0.014324120510364009
6607.65,0.013759455788406991
6607.66,0.013280278496089608
6607.67,0.012868546640998327
6607.68,0.01250304000600436
6607.69,0.012187434673486645
6607.7,0.01190621601769297
6607.71,0.011649605882024076
6607.72,0.011405746346633048
6607.73,0.011162214365409805
6607.74,0.010911596836597029
6607.75,0.010642766989905305
6607.76,0.010423637053543789
6607.77,0.010130786603983179
6607.78,0.009834195792492072
6607.79,0.009546428285259877
6607.8,0.00927472419887248
6607.81,0.009025616618103454
6607.82,0.008800989169890729
6607.83,0.008608648740000856
6607.84,0.008447174613703236
6607.85,0.00831638757997634
6607.86,0.008217783362839907
6607.87,0.008150685570688947
6607.88,0.008115370931138203
6607.89,0.008112502292615498
6607.9,0.008143204525467566
6607.91,0.008209021003735955
6607.92,0.008311601840581526
6607.93,0.008452234599354626
6607.94,0.008630913966395
6607.95,0.008843466880710343
6607.96,0.009088573333940348
6607.97,0.009357150041949551
6607.98,0.009637952211914588
6607.99,0.009932264548447915
6608.0,0.010230415653161205
6608.01,0.010525748026859892
6608.02,0.01081258707128849
6608.03,0.011092041021783577
6608.04,0.011368770746510172
6608.05,0.01168411392854334
6608.06,0.012058918232897587
6608.07,0.012520846806150034
6608.08,0.013085481631454942
6608.09,0.01378105663117899
6608.1,0.01461245967952864
6608.11,0.015585731518214754
6608.12,0.016728562125110834
6608.13,0.017967971214242325
6608.14,0.019302676346305336
6608.15,0.020679160711131222
6608.16,0.022019116170979944
6608.17,0.023223966992488985
6608.18,0.024188183662194093
6608.19,0.024824610401983586
6608.2,0.025084703067561328
6608.21,0.02497550649086033
6608.22,0.024599691561044103
6608.23,0.023987746690878782
6608.24,0.02328402721807527
6608.25,0.0225808886247957
6608.26,0.021938259072219107
6608.27,0.021382276713503817
6608.28,0.020911811602614707
6608.29,0.020508934768027735
6608.3,0.020148367224502178
6608.31,0.01980653714562637
6608.32,0.019466465590661577
6608.33,0.01912142700254619
6608.34,0.018775929152162845
6608.35,0.018444557563848735
6608.36,0.018148793007057035
6608.37,0.017912731471881372
6608.38,0.017790934278050438
6608.39,0.017736943273548682
6608.4,0.017794375295913992
6608.41,0.017963325252991307
6608.42,0.018238379398846517
6608.43,0.018603042320758743
6608.44,0.01903273857582142
6608.45,0.019494145411399464
6608.46,0.019950359026213182
6608.47,0.02036796981023856
6608.48,0.02072346562348728
6608.49,0.021010624788581237
6608.5,0.021241960805980658
6608.51,0.021444258225605778
6608.52,0.021648562336851737
6608.53,0.021877531655642917
6608.54,0.022134157562111526
6608.55,0.022420447661291133
6608.56,0.02264637784695121
6608.57,0.02279071075061767
6608.58,0.02282747503421403
6608.59,0.022768216452338723
6608.6,0.022693658595994225
6608.61,0.0226097946971507
6608.62,0.022620644502062626
6608.63,0.022785943602398176
6608.64,0.023149019210749595
6608.65,0.023739275648646956
6608.66,0.02457732472734875
6608.67,0.025676927326491492
6608.68,0.027050094070479924
6608.69,0.02870673099444788
6608.7,0.030634602015803425
6608.71,0.03282346173045131
6608.72,0.03523697996874329
6608.73,0.037812052769791986
6608.74,0.040457075943783505
6608.75,0.04305647847133819
6608.76,0.045491881786374415
6608.77,0.04765601570706036
6608.78,0.04947643210690946
6608.79,0.05091889673601171
6608.8,0.05197776526297043
6608.81,0.05266355912404109
6608.82,0.05300274186098047
6608.83,0.05305147620615599
6608.84,0.052905337342049434
6608.85,0.05269087508395662
6608.86,0.05253113870431777
6608.87,0.05250960083431754
6608.88,0.05265159068077733
6608.89,0.0529278620513537
6608.9,0.05327580229511841
6608.91,0.05363068213294583
6608.92,0.053952550766308845
6608.93,0.05424281838749045
6608.94,0.05452523992205296
6608.95,0.05485009335542139
6608.96,0.05525421143171982
6608.97,0.05575045923691758
6608.98,0.056303773811749065
6608.99,0.05683249453810914
6609.0,0.057214345128566546
6609.01,0.05731392804423448
6609.02,0.05701052133676939
6609.03,0.056230343928765365
6609.04,0.05496877671936941
6609.05,0.05328895773637749
6609.06,0.05130893027018943
6609.07,0.04917929703320724
6609.08,0.04705843679773163
6609.09,0.045091399188773314
6609.1,0.04339295970937536
6609.11,0.04204029227697036
6609.12,0.04106955381773651
6609.13,0.04047677075376665
6609.14,0.04021531969402402
6609.15,0.040195701101450085
6609.16,0.04028878160315548
6609.17,0.040340357446599175
6609.18,0.040196185715733475
6609.19,0.039731042536765966
6609.2,0.038880327551199516
6609.21,0.03763669614379494
6609.22,0.03604925377788405
6609.23,0.034203625370549856
6609.24,0.03220260851569002
6609.25,0.030150149842931136
6609.26,0.02813821294111284
6609.27,0.026237535177629938
6609.28,0.024490577477556914
6609.29,0.022917794042683227
6609.3,0.021519179867545996
6609.31,0.020283250731447097
6609.32,0.019188911974172308
6609.33,0.01820988555040721
6609.34,0.017322316001898118
6609.35,0.016504755191953404
6609.36,0.015753997233002064
6609.37,0.015075817416609115
6609.38,0.014479419158424434
6609.39,0.013969756391705999
6609.4,0.013543213317333639
6609.41,0.01319085458412524
6609.42,0.01289856802074302
6609.43,0.012655306693840889
6609.44,0.012456008129018458
6609.45,0.012297798892398858
6609.46,0.012189773345242506
6609.47,0.012127794033529374
6609.48,0.012105637181226977
6609.49,0.01205735131611805
6609.5,0.012076086772400213
6609.51,0.012094412812074526
6609.52,0.012106200421658194
6609.53,0.012114775313317906
6609.54,0.012131778432216776
6609.55,0.012175058769845589
6609.56,0.012259966818237886
6609.57,0.012403752207015908
6609.58,0.01262047261197619
6609.59,0.012908375274741923
6609.6,0.013264342032195089
6609.61,0.013676111976556403
6609.62,0.014121980381765214
6609.63,0.014577627455931398
6609.64,0.015017230130138512
6609.65,0.015411692525032312
6609.66,0.01572669520487668
6609.67,0.015925887754395525
6609.68,0.01597031729973524
6609.69,0.015798161231789287
6609.7,0.015520543341033585
6609.71,0.015132011716034453
6609.72,0.014594810989932136
6609.73,0.014099052923605663
6609.74,0.013614242425298424
6609.75,0.013164993208469263
6609.76,0.012766373577098051
6609.77,0.012427875949627245
6609.78,0.01215748361717382
6609.79,0.011957262570705268
6609.8,0.011800106632338953
6609.81,0.011744199915754348
6609.82,0.01175088480119037
6609.83,0.011805363059425129
6609.84,0.01188708539515431
6609.85,0.011972686573242458
6609.86,0.012040459332593453
6609.87,0.011980281174890596
6609.88,0.011989362154639038
6609.89,0.01198237219475291
6609.9,0.011985615747832044
6609.91,0.012028737105093374
6609.92,0.012145429566823228
6609.93,0.012367617807057876
6609.94,0.012725617411460648
6609.95,0.013247643754230196
6609.96,0.01395653994300004
6609.97,0.014859317103533559
6609.98,0.01592611981583891
6609.99,0.017061804683486566
6610.0,0.01812248440982958
6610.01,0.018950156646437396
6610.02,0.01947921971899059
6610.03,0.01976645037882774
6610.04,0.01992521423828246
6610.05,0.02003639939661258
6610.06,0.02012412466679018
6610.07,0.020140120467613414
6610.08,0.020051861829654745
6610.09,0.019825809755285747
6610.1,0.019463516431568444
6610.11,0.01897413506744931
6610.12,0.018269625468500954
6610.13,0.01760937953676159
6610.14,0.016905108969694035
6610.15,0.01618205717922596
6610.16,0.015448129959929748
6610.17,0.014722649570432999
6610.18,0.014020009364779297
6610.19,0.013356003647391139
6610.2,0.012745149746193583
6610.21,0.012199567429720459
6610.22,0.011728019486669778
6610.23,0.01133971420717471
6610.24,0.011029042157959402
6610.25,0.010699361193736864
6610.26,0.010550455097793001
6610.27,0.010478371817956843
6610.28,0.010477585301774044
6610.29,0.010545322447757719
6610.3,0.010674925768962396
6610.31,0.010859638376971766
6610.32,0.011090877834865223
6610.33,0.011361072226765353
6610.34,0.011656312628172356
6610.35,0.011975869429835336
6610.36,0.012299471417117652
6610.37,0.012626340247837932
6610.38,0.012943408215408857
6610.39,0.013245367843284664
6610.4,0.013527529365845383
6610.41,0.013783601129753013
6610.42,0.014004241299643035
6610.43,0.014178357911295118
6610.44,0.014297102802844528
6610.45,0.014357907460788114
6610.46,0.014366581831276447
6610.47,0.01433614369304122
6610.48,0.01428374398301083
6610.49,0.014225370150536692
6610.5,0.014172347989098463
6610.51,0.01412910722751397
6610.52,0.014093260182117762
6610.53,0.014056384043595167
6610.54,0.014007091430936803
6610.55,0.013932341167536754
6610.56,0.013817622438573013
6610.57,0.013653851945970536
6610.58,0.013436001577331717
6610.59,0.013171795130023251
6610.6,0.012881040928556386
6610.61,0.012589562694866658
6610.62,0.012284472191885734
6610.63,0.012050851144963686
6610.64,0.011852245195688336
6610.65,0.01168125708794391
6610.66,0.011525192035700904
6610.67,0.011372706579179642
6610.68,0.01121918370092709
6610.69,0.011069671982606008
6610.7,0.010937092263274576
6610.71,0.010835638172869474
6610.72,0.01077133187358359
6610.73,0.010739125678920285
6610.74,0.010724328628133937
6610.75,0.010700300403703811
6610.76,0.010655762935295349
6610.77,0.010603649960754387
6610.78,0.010556278541491966
6610.79,0.010538044543011294
6610.8,0.01054703790307851
6610.81,0.010593485302137077
6610.82,0.010675375390669952
6610.83,0.010788888174757434
6610.84,0.010930263873217992
6610.85,0.011095878690067644
6610.86,0.01127782476425477
6610.87,0.011461970850204742
6610.88,0.011629967053626646
6610.89,0.011764341592752936
6610.9,0.011862273088595103
6610.91,0.01192874419834517
6610.92,0.012007400622569317
6610.93,0.012112975498924549
6610.94,0.012266283876964176
6610.95,0.012487856449497658
6610.96,0.012756041286721491
6610.97,0.013072510832036076
6610.98,0.013420170674694623
6610.99,0.013772027590293471
6611.0,0.014095555709541721
6611.01,0.01435559935095907
6611.02,0.01452150642120196
6611.03,0.014574211146049695
6611.04,0.014513107929225517
6611.05,0.014349380947352634
6611.06,0.014109079356124384
6611.07,0.01383338246817419
6611.08,0.013551941046043283
6611.09,0.013289954321666424
6611.1,0.013065510616848493
6611.11,0.012887423797062368
6611.12,0.012764716230091795
6611.13,0.012681917557289459
6611.14,0.012642297554506372
6611.15,0.012641277465695197
6611.16,0.012673631551363335
6611.17,0.012730712182264382
6611.18,0.012802975254246639
6611.19,0.012870446447433143
6611.2,0.012919237574820193
6611.21,0.012936297459210367
6611.22,0.012913693098468348
6611.23,0.012852456749105056
6611.24,0.012761835644209367
6611.25,0.012651813719000747
6611.26,0.012541615063298475
6611.27,0.012436671160394203
6611.28,0.01235869595768281
6611.29,0.012284861786900627
6611.3,0.012235610164892342
6611.31,0.012218298191680526
6611.32,0.012240567580782376
6611.33,0.012309612257984175
6611.34,0.012431613283483507
6611.35,0.01261158607053698
6611.36,0.01285289080412424
6611.37,0.013162728342201955
6611.38,0.013540482083004374
6611.39,0.01397947930928876
6611.4,0.014482652362993316
6611.41,0.015042932515444456
6611.42,0.015648847820296408
6611.43,0.016281957035945867
6611.44,0.016916867554181595
6611.45,0.017522975032782283
6611.46,0.018068856357151587
6611.47,0.018528876858920795
6611.48,0.018890079765168977
6611.49,0.01915656208720721
6611.5,0.019349294489148867
6611.51,0.01950150522519317
6611.52,0.019651822448803438
6611.53,0.01983794137024825
6611.54,0.020092596018593194
6611.55,0.0204421174545085
6611.56,0.020909345885286937
6611.57,0.021504914558020255
6611.58,0.022243097026783
6611.59,0.023133151425648
6611.6,0.024184146153541083
6611.61,0.025391998521130523
6611.62,0.02675478809450771
6611.63,0.028259917804128624
6611.64,0.029880641568060397
6611.65,0.03157422679415876
6611.66,0.033279487840794125
6611.67,0.03491811913981364
6611.68,0.03640383730578264
6611.69,0.03765477637113249
6611.7,0.0386155575683691
6611.71,0.03930521842464521
6611.72,0.03969732353984297
6611.73,0.03990376163833538
6611.74,0.04003011103821072
6611.75,0.0401864477353954
6611.76,0.04047026731227806
6611.77,0.040956618780565
6611.78,0.04169526000525513
6611.79,0.04271330029514436
6611.8,0.04401946984309439
6611.81,0.04562248663217596
6611.82,0.047529827678772195
6611.83,0.04975655582690133
6611.84,0.052317949003459575
6611.85,0.05523018575746827
6611.86,0.0584963167642317
6611.87,0.06208760815802617
6611.88,0.06596051068843164
6611.89,0.0700398435092968
6611.9,0.07419953947179161
6611.91,0.078271170678218
6611.92,0.08204631665055676
6611.93,0.08529201199662068
6611.94,0.08777895585875244
6611.95,0.08932088118047772
6611.96,0.08981367587292029
6611.97,0.08926136338642737
6611.98,0.08780810025291394
6611.99,0.08558819741023715
6612.0,0.08287619861462754
6612.01,0.07991973622590295
6612.02,0.07693817265867613
6612.03,0.07410228649218045
6612.04,0.07152798240208016
6612.05,0.06927497875145464
6612.06,0.06736833337961243
6612.07,0.06582623038017997
6612.08,0.06466095083437558
6612.09,0.0639082112961077
6612.1,0.06360617365343378
6612.11,0.06379205582969254
6612.12,0.06448995274169983
6612.13,0.06570556261060932
6612.14,0.06744663654811735
6612.15,0.06968751357509165
6612.16,0.0723857340994251
6612.17,0.07547610058291153
6612.18,0.07885307892447338
6612.19,0.08236951191765339
6612.2,0.08583442186498373
6612.21,0.08902262607393757
6612.22,0.09169858145078244
6612.23,0.09365160234282317
6612.24,0.09473770177370949
6612.25,0.09490744941674692
6612.26,0.09420936371325203
6612.27,0.09278549298482097
6612.28,0.09083231982174554
6612.29,0.08857155999375145
6612.3,0.08622292654927764
6612.31,0.08398792779935559
6612.32,0.0820423968737901
6612.33,0.08052560181403091
6612.34,0.07955043201242905
6612.35,0.07919112065599551
6612.36,0.07947158848299675
6612.37,0.08032651039967174
6612.38,0.0815698648592497
6612.39,0.08292996756981917
6612.4,0.08420173745266252
6612.41,0.08540589945306537
6612.42,0.08678791007654382
6612.43,0.08863300547661777
6612.44,0.09114022305509965
6612.45,0.09440207224009277
6612.46,0.09845321375086877
6612.47,0.10330093281452768
6612.48,0.10897384188534295
6612.49,0.11552170742559971
6612.5,0.12301918397106615
6612.51,0.1315675219884962
6612.52,0.1412771040390457
6612.53,0.15227676888131605
6612.54,0.16469145766242174
6612.55,0.17863108760995824
6612.56,0.19419291563750118
6612.57,0.21145684659179234
6612.58,0.23047946208978412
6612.59,0.25130301823119866
6612.6,0.2739569528358275
6612.61,0.2984148462746744
6612.62,0.32466201851899906
6612.63,0.3526501393063319
6612.64,0.3822732222673893
6612.65,0.413191346669693
6612.66,0.44406650347072835
6612.67,0.4715307171818308
6612.68,0.4911802893241525
6612.69,0.5013962462651351
6612.7,0.5044503838742945
6612.71,0.5030616135762077
6612.72,0.4982780186976967
6612.73,0.490225369249661
6612.74,0.4790870543079411
6612.75,0.4654124815180194
6612.76,0.45001423506971944
6612.77,0.43376376088431357
6612.78,0.41736242967545595
6612.79,0.40114667246305435
6612.8,0.38504524038724697
6612.81,0.36864979413670296
6612.82,0.35146504081425534
6612.83,0.3331305316449595
6612.84,0.313601159320433
6612.85,0.29318311889746007
6612.86,0.2724303380514312
6612.87,0.25198078706646126
6612.88,0.23239692060478326
6612.89,0.21407107958060875
6612.9,0.19719889333196508
6612.91,0.18180505773948027
6612.92,0.16780091823182622
6612.93,0.1550377916419478
6612.94,0.143379471325358
6612.95,0.1327199408226305
6612.96,0.12299806394537534
6612.97,0.11417793402604794
6612.98,0.10623678579768023
6612.99,0.0991432985455833
6613.0,0.09285395043320326
6613.01,0.08730822661108216
6613.02,0.08243099732931156
6613.03,0.07813942639794844
6613.04,0.07435393385166396
6613.05,0.07101918671417452
6613.06,0.06810900786394206
6613.07,0.06562967108732072
6613.08,0.06360660294406671
6613.09,0.0620650963273809
6613.1,0.061012810231826815
6613.11,0.06042318566549653
6613.12,0.060216907962016175
6613.13,0.060241768615622755
6613.14,0.060266579529716445
6613.15,0.060006268187335884
6613.16,0.05919580378888926
6613.17,0.057676414975397085
6613.18,0.055471793386854866
6613.19,0.052765184989853525
6613.2,0.04981044798265817
6613.21,0.046852039566197747
6613.22,0.044060716593281694
6613.23,0.041525051133330895
6613.24,0.03926914837288541
6613.25,0.03727599784830466
6613.26,0.035509667443721804
6613.27,0.03392994797266566
6613.28,0.03250030702182691
6613.29,0.03118704625483922
6613.3,0.029989990346701852
6613.31,0.028903369335923305
6613.32,0.027926109510012207
6613.33,0.027072508767631023
6613.34,0.026358755369000116
6613.35,0.025755100553372275
6613.36,0.025266159309400127
6613.37,0.024873126231806736
6613.38,0.024547710758435703
6613.39,0.024253225840013257
6613.4,0.023949012891082738
6613.41,0.023598326621724973
6613.42,0.023177771139615378
6613.43,0.022683911717720863
6613.44,0.02213324676553702
6613.45,0.021555641133881826
6613.46,0.020984631037310457
6613.47,0.020450469169400895
6613.48,0.019974666231539935
6613.49,0.019570336059636217
6613.5,0.019243281056739493
6613.51,0.018993654310614623
6613.52,0.018817760968608398
6613.53,0.018708090352006494
6613.54,0.018655762317414986
6613.55,0.018646541292246414
6613.56,0.018667861292720453
6613.57,0.018705972872292784
6613.58,0.018751384331944
6613.59,0.018795910847227065
6613.6,0.01884220733571837
6613.61,0.018890797675941293
6613.62,0.018972080400411297
6613.63,0.01909575414630514
6613.64,0.019280451439766776
6613.65,0.01954372069817665
6613.66,0.019900801182651386
6613.67,0.020364007772067032
6613.68,0.020941823258110892
6613.69,0.021638327675752432
6613.7,0.02245293925853796
6613.71,0.02335750204149941
6613.72,0.024375599263486862
6613.73,0.025466850788597725
6613.74,0.026594556775909245
6613.75,0.027729301592903047
6613.76,0.028864940351260752
6613.77,0.02997496450164811
6613.78,0.03108267380235035
6613.79,0.03222125795744769
6613.8,0.03343300440868993
6613.81,0.034753746422543884
6613.82,0.03619348401624995
6613.83,0.03771650913117723
6613.84,0.03922741703122536
6613.85,0.04057251899777389
6613.86,0.04157037657197781
6613.87,0.042057003544977524
6613.88,0.0419543115131808
6613.89,0.041290899730220196
6613.9,0.0401948308355198
6613.91,0.03884518730883966
6613.92,0.03741786774588611
6613.93,0.03605365232919089
6613.94,0.034848484229114775
6613.95,0.033851403810199535
6613.96,0.0330804794207656
6613.97,0.03252295630058367
6613.98,0.03214012695542998
6613.99,0.03187218251588391
6614.0,0.03164882539385791
6614.01,0.0314095789571895
6614.02,0.03112798524986691
6614.03,0.030822419928291336
6614.04,0.03054368820074708
6614.05,0.030341972847287305
6614.06,0.030239633165749763
6614.07,0.0302224950830435
6614.08,0.030225092573443333
6614.09,0.03020147465677766
6614.1,0.030056981957141612
6614.11,0.02972285902202192
6614.12,0.029158807449331
6614.13,0.028364157834919943
6614.14,0.027379112531965365
6614.15,0.02627593304286508
6614.16,0.0251351392620021
6614.17,0.024037618036446214
6614.18,0.023037258106837922
6614.19,0.02216848038906969
6614.2,0.021441454059140507
6614.21,0.02085604289564476
6614.22,0.02040097975234355
6614.23,0.020065328328769505
6614.24,0.01983658505220748
6614.25,0.01969738890197188
6614.26,0.019622240313118353
6614.27,0.01957780391351469
6614.28,0.019527370629297304
6614.29,0.019438358295748148
6614.3,0.019289814417178457
6614.31,0.01907693940747741
6614.32,0.018811504188503463
6614.33,0.018515781801235386
6614.34,0.018216692743928484
6614.35,0.017939938216188164
6614.36,0.017705888889093937
6614.37,0.017526196795706345
6614.38,0.017400718869044946
6614.39,0.017321085006023175
6614.4,0.017273990126623732
6614.41,0.017254932087056408
6614.42,0.017265666310531756
6614.43,0.017324589492402467
6614.44,0.01744992624748827
6614.45,0.017650364040986306
6614.46,0.01792024038743159
6614.47,0.018239251132671688
6614.48,0.01857652344014164
6614.49,0.018897380316784885
6614.5,0.019171788927847377
6614.51,0.019382781786308926
6614.52,0.019532330368517307
6614.53,0.019642990885243603
6614.54,0.01975457094575906
6614.55,0.01991780379035356
6614.56,0.020189010588029545
6614.57,0.020618120265214843
6614.58,0.02125539681454656
6614.59,0.022139301180912754
6614.6,0.023287213408440352
6614.61,0.024672097820691907
6614.62,0.026193367505547124
6614.63,0.027645219051941623
6614.64,0.028781624063739422
6614.65,0.029396524135413157
6614.66,0.029410173568793916
6614.67,0.02889253322002123
6614.68,0.028000625894053426
6614.69,0.02693553857133803
6614.7,0.025889630016410297
6614.71,0.025010421459140595
6614.72,0.024386324361996576
6614.73,0.024055886155207214
6614.74,0.024020023391751084
6614.75,0.02426068855472736
6614.76,0.0247527302739486
6614.77,0.02546986335730544
6614.78,0.026385416578307515
6614.79,0.027467689141021094
6614.8,0.028669987375859577
6614.81,0.02992244827609169
6614.82,0.031129543281857453
6614.83,0.03218001609922812
6614.84,0.03297388101839474
6614.85,0.03345297734257467
6614.86,0.0336278243479037
6614.87,0.03357950360361427
6614.88,0.033436057423747625
6614.89,0.03333525681738083
6614.9,0.03339608389017024
6614.91,0.03368974013159014
6614.92,0.034234491544889396
6614.93,0.03499077911661201
6614.94,0.035862596465980695
6614.95,0.03670731489859316
6614.96,0.037359759296174175
6614.97,0.03766836571162756
6614.98,0.03755740705715439
6614.99,0.037024973711764095
6615.0,0.03614914552777035
6615.01,0.03504575933817687
6615.02,0.03382389028403606
6615.03,0.03255571402925908
6615.04,0.03127645292014074
6615.05,0.029994835209587088
6615.06,0.02871087593479668
6615.07,0.02743318583163599
6615.08,0.026168628214471475
6615.09,0.024945959065035217
6615.1,0.02379645898652862
6615.11,0.022753162842896277
6615.12,0.02184679478457842
6615.13,0.02110225388656019
6615.14,0.020535383411022814
6615.15,0.020153474206929894
6615.16,0.01994967782009857
6615.17,0.019904020215864376
6615.18,0.019982364315278
6615.19,0.02013717800584855
6615.2,0.020309200921851903
6615.21,0.020431311248426037
6615.22,0.02043756263529881
6615.23,0.020279136780882563
6615.24,0.019943689515989935
6615.25,0.019452208207249265
6615.26,0.018865327107076134
6615.27,0.018253283390020445
6615.28,0.0176807151009247
6615.29,0.01719291514031401
6615.3,0.016814083689086597
6615.31,0.01654894842641232
6615.32,0.016388417387104472
6615.33,0.016312926972326492
6615.34,0.01629839325716844
6615.35,0.016322390367948327
6615.36,0.01636977236211296
6615.37,0.016436384073394043
6615.38,0.016529146453241272
6615.39,0.01666221278177679
6615.4,0.016851258589690454
6615.41,0.01710924957041062
6615.42,0.017446125982989946
6615.43,0.017872024167678552
6615.44,0.01839934493263528
6615.45,0.019040038396431102
6615.46,0.019798833568330117
6615.47,0.020663363183257955
6615.48,0.021598811925245306
6615.49,0.022546610790082154
6615.5,0.02343232681381149
6615.51,0.024174445949125614
6615.52,0.024711991595107122
6615.53,0.025015863270544985
6615.54,0.02509667961460869
6615.55,0.02499846095931242
6615.56,0.02478340552986571
6615.57,0.024516274016549353
6615.58,0.024252053860607272
6615.59,0.02403282062250617
6615.6,0.023877880208183433
6615.61,0.023795500141142022
6615.62,0.023771548008947502
6615.63,0.0237817677602321
6615.64,0.02380735932510865
6615.65,0.023843761059318465
6615.66,0.023904672976547647
6615.67,0.024013736544057206
6615.68,0.024192192827892818
6615.69,0.024452723698564317
6615.7,0.02479963543666321
6615.71,0.025243641271843083
6615.72,0.025791212423818034
6615.73,0.026459649936572516
6615.74,0.027267354472670903
6615.75,0.028226534791031908
6615.76,0.029337604307830153
6615.77,0.030581743497449795
6615.78,0.031911783720132356
6615.79,0.033251177014918296
6615.8,0.03449568484721206
6615.81,0.035525572526847606
6615.82,0.03622867028929298
6615.83,0.036525570287806904
6615.84,0.036388745130166635
6615.85,0.03584341069435398
6615.86,0.03497402984351929
6615.87,0.033881847146869745
6615.88,0.032685477391627055
6615.89,0.03149455600322027
6615.9,0.030398295875259742
6615.91,0.029461790803261896
6615.92,0.028728653886557685
6615.93,0.028202643363203012
6615.94,0.027872507126288568
6615.95,0.027694379312904523
6615.96,0.02759638347055024
6615.97,0.027484986926688253
6615.98,0.027260205911336616
6615.99,0.02683855931178296
6616.0,0.026176232860712252
6616.01,0.025280983106436596
6616.02,0.024206411104000597
6616.03,0.023032069294140173
6616.04,0.021840189972348333
6616.05,0.020698812720998976
6616.06,0.019654799572575148
6616.07,0.01873469133544725
6616.08,0.017949450110956302
6616.09,0.017299894395886754
6616.1,0.01678130501259762
6616.11,0.016386665615476245
6616.12,0.01610793642146338
6616.13,0.01593762462840776
6616.14,0.015870653748637855
6616.15,0.015900468259928864
6616.16,0.0160211705786892
6616.17,0.016222784933817423
6616.18,0.01650299804605905
6616.19,0.01685204986980734
6616.2,0.017263540613651457
6616.21,0.017737049708047122
6616.22,0.018269189983960918
6616.23,0.018854486734224952
6616.24,0.019476953008763807
6616.25,0.020118909734214888
6616.26,0.020750557159094764
6616.27,0.021345794710486945
6616.28,0.021884945127294067
6616.29,0.02236588923165198
6616.3,0.02279945406600397
6616.31,0.02321028781540803
6616.32,0.02363084482105448
6616.33,0.024096121230309967
6616.34,0.02463953159962555
6616.35,0.025282300969019737
6616.36,0.02606020947664051
6616.37,0.02697921183879116
6616.38,0.028042987258772384
6616.39,0.0292465769107289
6616.4,0.030576994002296812
6616.41,0.03201628370369996
6616.42,0.033545911407932165
6616.43,0.03515148384718549
6616.44,0.03682661049269031
6616.45,0.03857615867578335
6616.46,0.040416864092405566
6616.47,0.04238249956114436
6616.48,0.0445233182126244
6616.49,0.04690579304120565
6616.5,0.04960186344979637
6616.51,0.05268240366618254
6616.52,0.05620659933624173
6616.53,0.0602122889741117
6616.54,0.06470463244395097
6616.55,0.06965185698601943
6616.56,0.07496595643369174
6616.57,0.08048968783080013
6616.58,0.08599181388110541
6616.59,0.09117175135856213
6616.6,0.09568582973332282
6616.61,0.099197847706996
6616.62,0.1014452301451044
6616.63,0.10230028807803858
6616.64,0.10179211844106063
6616.65,0.10013085440385253
6616.66,0.09759806345174303
6616.67,0.09451611749231344
6616.68,0.0911825901098451
6616.69,0.08784263381077527
6616.7,0.0846869199950169
6616.71,0.08186346147388388
6616.72,0.07947952291133072
6616.73,0.07762355278080284
6616.74,0.0763621966122403
6616.75,0.07574915155622026
6616.76,0.07582903291069339
6616.77,0.07663837559779071
6616.78,0.07820367977673139
6616.79,0.08053825113588498
6616.8,0.0836340875862726
6616.81,0.08744965067149577
6616.82,0.09190676986627536
6616.83,0.09686477426152641
6616.84,0.10211708655214136
6616.85,0.10738752601117059
6616.86,0.11232156877809973
6616.87,0.11661387657965769
6616.88,0.11991943633522381
6616.89,0.12200860650888669
6616.9,0.12279380378715822
6616.91,0.12230570379454352
6616.92,0.12079115851426231
6616.93,0.11845097337104435
6616.94,0.11549154412673952
6616.95,0.11203816283046619
6616.96,0.10812256343886524
6616.97,0.10371753709971532
6616.98,0.09879687519676564
6616.99,0.09338269901080426
6617.0,0.08758403510501828
6617.01,0.08157495241340325
6617.02,0.07556022773743751
6617.03,0.06973439634019381
6617.04,0.06425268295904665
6617.05,0.05921763201297975
6617.06,0.054688684917924384
6617.07,0.05068067612894479
6617.08,0.04718145949055263
6617.09,0.04415848415459099
6617.1,0.04156766972698145
6617.11,0.03932311563347513
6617.12,0.03740141688481481
6617.13,0.03566836922688575
6617.14,0.034127433015739124
6617.15,0.032705187996686536
6617.16,0.03139602031828651
6617.17,0.030219811016047374
6617.18,0.029204863927788163
6617.19,0.028367008582807694
6617.2,0.027724497745151483
6617.21,0.027265730770622464
6617.22,0.026978326359409607
6617.23,0.026853462261330355
6617.24,0.026894400846102458
6617.25,0.0271191540392131
6617.26,0.027556696859150354
6617.27,0.028240904637956657
6617.28,0.02920597049915574
6617.29,0.030452985489860775
6617.3,0.03207475405756905
6617.31,0.034065416096121015
6617.32,0.03643702710773514
6617.33,0.039179113608737604
6617.34,0.0422425854524147
6617.35,0.04552287590368537
6617.36,0.048848991165960955
6617.37,0.05199103131463736
6617.38,0.054694781153928396
6617.39,0.056740925407738715
6617.4,0.05798225162826573
6617.41,0.05845815489846445
6617.42,0.058224531671317026
6617.43,0.057378727718650775
6617.44,0.05598001043280456
6617.45,0.05404449391149378
6617.46,0.05159098426451766
6617.47,0.04869707600877726
6617.48,0.04551886701010743
6617.49,0.042261220034203816
6617.5,0.03912460721229503
6617.51,0.036260474579598356
6617.52,0.033763067056050804
6617.53,0.03166733369920116
6617.54,0.029965295775892412
6617.55,0.028621972250311958
6617.56,0.027555089113986263
6617.57,0.02675876689987433
6617.58,0.026130230106824984
6617.59,0.025594594115663435
6617.6,0.02507775674012713
6617.61,0.024515714796399926
6617.62,0.02386067725147327
6617.63,0.023085769158422313
6617.64,0.02218672277267817
6617.65,0.02118034849933582
6617.66,0.020099874687145358
6617.67,0.01898804141475416
6617.68,0.01788898782387822
6617.69,0.016841513968776547
6617.7,0.015810241049667988
6617.71,0.014931853775008379
6617.72,0.014163859076760519
6617.73,0.013489432244606947
6617.74,0.012889096854462647
6617.75,0.012336499639603067
6617.76,0.011804966689510563
6617.77,0.011277665394794727
6617.78,0.010752915605958355
6617.79,0.010241680579294737
6617.8,0.0097595497777376
6617.81,0.009303436602635572
6617.82,0.008912113305914415
6617.83,0.00857111424495624
6617.84,0.008278521677112714
6617.85,0.008030862774222072
6617.86,0.007824340788688667
6617.87,0.007655490327767601
6617.88,0.007521462603187968
6617.89,0.007402136465470354
6617.9,0.0073321048262621705
6617.91,0.007292564978515744
6617.92,0.007283419081456031
6617.93,0.007305209379510262
6617.94,0.007359117781523624
6617.95,0.007446978591381685
6617.96,0.00757129828259782
6617.97,0.007730407327935746
6617.98,0.007937932496400874
6617.99,0.008193033663024112
6618.0,0.008501417459567766
6618.01,0.00886768659116115
6618.02,0.009296208446339833
6618.03,0.009789826541911876
6618.04,0.010348569189119233
6618.05,0.010968395635207392
6618.06,0.011640536329025293
6618.07,0.01235267099640474
6618.08,0.013092415124196415
6618.09,0.013852821515139073
6618.1,0.014636331476176077
6618.11,0.01546141656281431
6618.12,0.0163490189619664
6618.13,0.01731726816518397
6618.14,0.018365254589315726
6618.15,0.01946227850887803
6618.16,0.0205456051900717
6618.17,0.021531789390035624
6618.18,0.022338054674282105
6618.19,0.022906005498488237
6618.2,0.023215681067938983
6618.21,0.023287359374158687
6618.22,0.02317452523337011
6618.23,0.022953251462267656
6618.24,0.02271134570323919
6618.25,0.02253592787816672
6618.26,0.02249448589804544
6618.27,0.02260327861688562
6618.28,0.02278692876838878
6618.29,0.022863750661815802
6618.3,0.022611234947397512
6618.31,0.021908599696062566
6618.32,0.020830147641489934
6618.33,0.019586589105500304
6618.34,0.018383576262558203
6618.35,0.017338456474279822
6618.36,0.016484601648453823
6618.37,0.015813092677300588
6618.38,0.0153032423332398
6618.39,0.01493910269863845
6618.4,0.014712323541016186
6618.41,0.014620214063934094
6618.42,0.014662764709792159
6618.43,0.01484146316557717
6618.44,0.015158969937005483
6618.45,0.01561805704581783
6618.46,0.01622736632460712
6618.47,0.016986610892314444
6618.48,0.01788512678591729
6618.49,0.018890596712844918
6618.5,0.019944440364472776
6618.51,0.02097113358966074
6618.52,0.021899916022349402
6618.53,0.022691982255784473
6618.54,0.023335959916746037
6618.55,0.023831515352267883
6618.56,0.02416329198089532
6618.57,0.024295383297503994
6618.58,0.0241873645086324
6618.59,0.02381465937492181
6618.6,0.02317349545640318
6618.61,0.02227204460492084
6618.62,0.02112195714359078
6618.63,0.019747902529274275
6618.64,0.018219461377422044
6618.65,0.016624247698314186
6618.66,0.015057824373955496
6618.67,0.013595548509325225
6618.68,0.01228265922750452
6618.69,0.011136430989155365
6618.7,0.010154333827433146
6618.71,0.009322617688789205
6618.72,0.00862312076238389
6618.73,0.008037609581524668
6618.74,0.007549855678956208
6618.75,0.007146358278606316
6618.76,0.006810691709682852
6618.77,0.006545952708252348
6618.78,0.00634037457622368
6618.79,0.006189702294652536
6618.8,0.006091016069613581
6618.81,0.0060412351098651975
6618.82,0.006039713583635369
6618.83,0.006081634314932134
6618.84,0.00616017359069539
6618.85,0.006265096202527735
6618.86,0.006377193711924231
6618.87,0.006500106801257261
6618.88,0.006623218260964422
6618.89,0.006747661854593947
6618.9,0.006880953119790146
6618.91,0.007029630709696389
6618.92,0.0072000954007752265
6618.93,0.0073945941525577815
6618.94,0.0076312022005055186
6618.95,0.007903506242521648
6618.96,0.00820335342433143
6618.97,0.008513968932796377
6618.98,0.008813936112730797
6618.99,0.009083754167294773
6619.0,0.009314021610991147
6619.01,0.009504738029888054
6619.02,0.00966250118168301
6619.03,0.00979388502426457
6619.04,0.009899713519537756
6619.05,0.009969771405371471
6619.06,0.009994806275446995
6619.07,0.009954299650875614
6619.08,0.009833744312456653
6619.09,0.009627896091911305
6619.1,0.009343667144433798
6619.11,0.008996337967176587
6619.12,0.008618111725225334
6619.13,0.008232834315573733
6619.14,0.007864513497892309
6619.15,0.007531246975320867
6619.16,0.007244360829006263
6619.17,0.007008795190200674
6619.18,0.006823407288533066
6619.19,0.00668297217398412
6619.2,0.006578840717364764
6619.21,0.006500776581963695
6619.22,0.006438542719680999
6619.23,0.006383090303525482
6619.24,0.0063273454489411254
6619.25,0.006267234151149006
6619.26,0.006203113238899131
6619.27,0.0061401795063945105
6619.28,0.0060864105907289575
6619.29,0.006048828325203757
6619.3,0.006031371811378008
6619.31,0.006036172936386477
6619.32,0.006065253948922704
6619.33,0.006126137902270603
6619.34,0.006222622985880141
6619.35,0.006356299159804177
6619.36,0.006524531177903411
6619.37,0.00672112764454165
6619.38,0.006952732706119132
6619.39,0.007223931138117159
6619.4,0.007548028209748366
6619.41,0.007939372778972094
6619.42,0.00840830360668155
6619.43,0.008958867426730625
6619.44,0.009585137139494347
6619.45,0.010270723827020684
6619.46,0.010985569647966365
6619.47,0.011686382198086676
6619.48,0.012319588478895315
6619.49,0.012829523534374275
6619.5,0.013168700608937652
6619.51,0.013320694507147192
6619.52,0.013292938898020105
6619.53,0.013124718542122136
6619.54,0.012873803650313783
6619.55,0.0126016029051525
6619.56,0.01235925168744978
6619.57,0.012178420766441418
6619.58,0.012067765437441893
6619.59,0.012014942165454384
6619.6,0.011993862654557381
6619.61,0.01197281453337026
6619.62,0.01192149406040494
6619.63,0.01181178072263096
6619.64,0.01161826467064994
6619.65,0.011320776520144368
6619.66,0.010909396446664516
6619.67,0.010389196741985398
6619.68,0.009781486319530687
6619.69,0.009119975283903337
6619.7,0.008443119281581927
6619.71,0.007786065277912668
6619.72,0.007175357758481453
6619.73,0.0066274970438660276
6619.74,0.006150205251804472
6619.75,0.005744901973965854
6619.76,0.005409241628096978
6619.77,0.005137895227996469
6619.78,0.0049272088055172785
6619.79,0.004770036179840802
6619.8,0.004659173734933101
6619.81,0.0045859535241597835
6619.82,0.004538355641587565
6619.83,0.004506553842621067
6619.84,0.004475430223317184
6619.85,0.00443197266316936
6619.86,0.004365609865267802
6619.87,0.0042727499723512995
6619.88,0.004152813357625823
6619.89,0.004005650527644237
6619.9,0.0038442549464385166
6619.91,0.003669707798825431
6619.92,0.003486233400215494
6619.93,0.003297572815457374
6619.94,0.0031074346680705846
6619.95,0.002919623011403854
6619.96,0.002737789659152116
6619.97,0.002564970124774626
6619.98,0.0024033722168975754
6619.99,0.0022542122231005678
6620.0,0.0021178476187701826
