nu_cm-1,alpha_cm-1_at_1ppm
1860.0,1.1846365084480543
1860.01,1.3530287355078545
1860.02,1.5564141239230302
1860.03,1.8030664857570395
1860.04,2.1025459721983366
1860.05,2.464801687875178
1860.06,2.8977464313988097
1860.07,3.402051850094148
1860.08,3.9619477358342707
1860.09,4.5329464127932875
1860.1,5.033888694896917
1860.11,5.359107931861172
1860.12,5.421241637055405
1860.13,5.2024566525962275
1860.14,4.76635537952066
1860.15,4.2177015432557825
1860.16,3.6510320451050986
1860.17,3.1257860924530743
1860.18,2.6681183270438056
1860.19,2.282816294886762
1860.2,1.9641394529464313
1860.21,1.7025780709246194
1860.22,1.488256500707742
1860.23,1.3123387499281385
1860.24,1.167431937829137
1860.25,1.0475526858316733
1860.26,0.9479367841190857
1860.27,0.8648175676920838
1860.28,0.795222488442937
1860.29,0.7368029060932683
1860.3,0.6876977857384436
1860.31,0.6464269766005487
1860.32,0.6118089896674508
1860.33,0.5828987377726648
1860.34,0.5589401529498383
1860.35,0.5393285326311666
1860.36,0.5235805847902949
1860.37,0.5113118711306824
1860.38,0.5022201435680855
1860.39,0.49607277431802405
1860.4,0.49269720319852034
1860.41,0.4919738202000913
1860.42,0.4938308963691885
1860.43,0.4982412798551261
1860.44,0.5052206614673384
1860.45,0.5148272959493008
1860.46,0.5271631426219363
1860.47,0.5423764648752913
1860.48,0.5606660066452798
1860.49,0.5822869510336635
1860.5,0.6075591940185104
1860.51,0.6368770129800129
1860.52,0.6707240975848385
1860.53,0.7096902449376694
1860.54,0.7544941540523202
1860.55,0.8060124054335394
1860.56,0.8653167644759897
1860.57,0.9337223745035512
1860.58,1.0128502778018407
1860.59,1.104708863624619
1860.6,1.2134141413761805
1860.61,1.3388847073589214
1860.62,1.4866759376413567
1860.63,1.6617951795681623
1860.64,1.8706140790462957
1860.65,2.121259415279792
1860.66,2.4240851228712756
1860.67,2.7921937552068576
1860.68,3.241882398495282
1860.69,3.7927002131251126
1860.7,4.466397760436632
1860.71,5.283311336399048
1860.72,6.253660562988031
1860.73,7.360656579786938
1860.74,8.535152114371206
1860.75,9.632867117041986
1860.76,10.443644598754801
1860.77,10.761876486742798
1860.78,10.494539673117032
1860.79,9.719500024023665
1860.8,8.636360673624898
1860.81,7.458873558527447
1860.82,6.3387212282860625
1860.83,5.351368204480511
1860.84,4.517347296702958
1860.85,3.8280979680582714
1860.86,3.2637375107284456
1860.87,2.80241162304191
1860.88,2.4242676256353586
1860.89,2.112675075660812
1860.9,1.854239517564776
1860.91,1.6383702541166911
1860.92,1.4567497403465046
1860.93,1.3028500756908192
1860.94,1.1715357570665779
1860.95,1.0587495314406972
1860.96,0.9612684507769872
1860.97,0.8765164296398468
1860.98,0.8024209225399507
1860.99,0.7373034038748184
1861.0,0.6797954904501099
1861.01,0.6287744449287517
1861.02,0.5833133296769218
1861.03,0.5426422663568861
1861.04,0.5061181465174022
1861.05,0.47320080439881496
1861.06,0.44343417783534017
1861.07,0.41643125873753806
1861.08,0.3918620419142754
1861.09,0.36944396886918535
1861.1,0.34893397080569455
1861.11,0.3301221150318799
1861.12,0.31282637816264613
1861.13,0.2968883470508101
1861.14,0.28216966591377657
1861.15,0.26854908668404365
1861.16,0.2559200094113589
1861.17,0.24418842265984556
1861.18,0.23327117190485314
1861.19,0.2230944980993215
1861.2,0.21359279975802178
1861.21,0.2047075807772446
1861.22,0.1963865532878124
1861.23,0.18858287053011422
1861.24,0.181254469346829
1861.25,0.17611930433881276
1861.26,0.17139735615976304
1861.27,0.16530604006541305
1861.28,0.1595596610869068
1861.29,0.1541330239829287
1861.3,0.14900327627514745
1861.31,0.1441495806194205
1861.32,0.13955266300666752
1861.33,0.13519416736853343
1861.34,0.1310561088435935
1861.35,0.12712139402699565
1861.36,0.12337565697324093
1861.37,0.11980805186126439
1861.38,0.11640957672619008
1861.39,0.11317129046918768
1861.4,0.1100840112591337
1861.41,0.10713884191368832
1861.42,0.10432724030040419
1861.43,0.10164094029084361
1861.44,0.09907284347474209
1861.45,0.09661618308005682
1861.46,0.09426470042531251
1861.47,0.09201259627132412
1861.48,0.08985448773737142
1861.49,0.08778537078756612
1861.5,0.0858005875650014
1861.51,0.08389579777907946
1861.52,0.08206695342389012
1861.53,0.08031027615794441
1861.54,0.07862223671961945
1861.55,0.07699990270534574
1861.56,0.07543949323517528
1861.57,0.07393842203918456
1861.58,0.07249404358542968
1861.59,0.07110388446919136
1861.6,0.06976567708185254
1861.61,0.06847735489878222
1861.62,0.06723705502429997
1861.63,0.06604313655702929
1861.64,0.06489421571991434
1861.65,0.0637892167695735
1861.66,0.062727434733194
1861.67,0.06170858859469689
1861.68,0.060732787555826964
1861.69,0.0598001897807932
1861.7,0.05890985816640609
1861.71,0.05805715109432716
1861.72,0.05723027935573404
1861.73,0.05641118748409728
1861.74,0.05558697326373514
1861.75,0.05476189864411554
1861.76,0.05395188102326806
1861.77,0.05317030014765709
1861.78,0.05242280578032333
1861.79,0.051709880694805685
1861.8,0.05103011992139327
1861.81,0.050381981059115045
1861.82,0.04976438160023237
1861.83,0.049176668235216
1861.84,0.048618151814338983
1861.85,0.048087406459153076
1861.86,0.047581892671137736
1861.87,0.047097676656672006
1861.88,0.0466270508181741
1861.89,0.04615591046188424
1861.9,0.04567032746413903
1861.91,0.045170273329405056
1861.92,0.044670146369053906
1861.93,0.04418512585353068
1861.94,0.04372288112295751
1861.95,0.04328480095248614
1861.96,0.04286942227144505
1861.97,0.042474532204514116
1861.98,0.042098202414241705
1861.99,0.04173881880684062
1862.0,0.041395115356235086
1862.01,0.041066103390944964
1862.02,0.04075100223864464
1862.03,0.040449184585344786
1862.04,0.04016013659646685
1862.05,0.039883429664593226
1862.06,0.03961870059412057
1862.07,0.039365637722736616
1862.08,0.03912397118803891
1862.09,0.038893466103222474
1862.1,0.038673917804131194
1862.11,0.0384651486061549
1862.12,0.03826700569960988
1862.13,0.038079359944706785
1862.14,0.03790210542243399
1862.15,0.03773515966992853
1862.16,0.03757846458900367
1862.17,0.037431988072122085
1862.18,0.037295726449067444
1862.19,0.03716970792700946
1862.2,0.037053997285393145
1862.21,0.036948702205485684
1862.22,0.036853981773963124
1862.23,0.036770057908063015
1862.24,0.03669723069155636
1862.25,0.036635898791012554
1862.26,0.03658658589830879
1862.27,0.03654997247321782
1862.28,0.03652692606732629
1862.29,0.036518506330564145
1862.3,0.03652641842951028
1862.31,0.03655056811219867
1862.32,0.03659166909638239
1862.33,0.03664860820584648
1862.34,0.03671998146489966
1862.35,0.0368071078395428
1862.36,0.036915787364972565
1862.37,0.03705436063593038
1862.38,0.03723121503510356
1862.39,0.037454303902735644
1862.4,0.03773150991784639
1862.41,0.03807011831946006
1862.42,0.03847481171663838
1862.43,0.03893997560329932
1862.44,0.039444210443837495
1862.45,0.03993922467206449
1862.46,0.04035215499177203
1862.47,0.040607861177918404
1862.48,0.04066750816037187
1862.49,0.040553013499772986
1862.5,0.04033352524974815
1862.51,0.04008755218197694
1862.52,0.03987350132115023
1862.53,0.03972256742049556
1862.54,0.039645685106758886
1862.55,0.03964299613302012
1862.56,0.03971062573059874
1862.57,0.03984430875739057
1862.58,0.040040812610185966
1862.59,0.04029792046678588
1862.6,0.040613200518385774
1862.61,0.04098137566893055
1862.62,0.0413902186220182
1862.63,0.04181625872508443
1862.64,0.0422245493520218
1862.65,0.04257834840458414
1862.66,0.04285780120878579
1862.67,0.043073289575570856
1862.68,0.043259275985679746
1862.69,0.043454031936957634
1862.7,0.04368132174668089
1862.71,0.04394158101607835
1862.72,0.04421506438017471
1862.73,0.04448133347398262
1862.74,0.04474199034178193
1862.75,0.04501926173262221
1862.76,0.04533289302694666
1862.77,0.045691794004980794
1862.78,0.04609854198645583
1862.79,0.04655174836019586
1862.8,0.04704988252475468
1862.81,0.04759223092617091
1862.82,0.04817816164909222
1862.83,0.04880611806491484
1862.84,0.04947199437347048
1862.85,0.050167518085722854
1862.86,0.050877443699435844
1862.87,0.05157986107927348
1862.88,0.052260584185833105
1862.89,0.05292965951743042
1862.9,0.053613346308551336
1862.91,0.05433485674639761
1862.92,0.05510289402265643
1862.93,0.0559209137190785
1862.94,0.05678828499890898
1862.95,0.057703867771403454
1862.96,0.058666979805010205
1862.97,0.05967760788839442
1862.98,0.060736364850315076
1862.99,0.0618443835679442
1863.0,0.06300325670718729
1863.01,0.0642149397348401
1863.02,0.06548171562327414
1863.03,0.06680617936943903
1863.04,0.06819122294851075
1863.05,0.06963994656654054
1863.06,0.07115602048223445
1863.07,0.0727431667448759
1863.08,0.07440553491891291
1863.09,0.07614763806838423
1863.1,0.07797438300881049
1863.11,0.07989110578850674
1863.12,0.08190361273662464
1863.13,0.08401822761325844
1863.14,0.08411139991221078
1863.15,0.08646638421286508
1863.16,0.08894518674972167
1863.17,0.09155763490908271
1863.18,0.09431362744315809
1863.19,0.09722405101248063
1863.2,0.10030090664531548
1863.21,0.10355745697564978
1863.22,0.10700839632030086
1863.23,0.11067004097969045
1863.24,0.11456052234358939
1863.25,0.11869992698539267
1863.26,0.12311106680887846
1863.27,0.12781579736532744
1863.28,0.13283919016154777
1863.29,0.1382064223398126
1863.3,0.14394674822905107
1863.31,0.15009871175676726
1863.32,0.15671061112677662
1863.33,0.16383711357603364
1863.34,0.17153736601048086
1863.35,0.17987630629060458
1863.36,0.1889271294044316
1863.37,0.1987736894557662
1863.38,0.20951282195813808
1863.39,0.22125687561189042
1863.4,0.23413669984909238
1863.41,0.24830528995858492
1863.42,0.26394229159989663
1863.43,0.2812596001067542
1863.44,0.30050835717806196
1863.45,0.32198773654926
1863.46,0.34605603194346435
1863.47,0.3731447218953563
1863.48,0.40377639890512795
1863.49,0.43858772895018633
1863.5,0.4783589663266642
1863.51,0.5240519982101742
1863.52,0.576859426135858
1863.53,0.6382677345618691
1863.54,0.7101381658694959
1863.55,0.7948083855332048
1863.56,0.8952171121475957
1863.57,1.0150480011853737
1863.58,1.1588763618243647
1863.59,1.3322723205885962
1863.6,1.541751274656644
1863.61,1.7943402829915482
1863.62,2.096317715405664
1863.63,2.4503971676163103
1863.64,2.8504813809824316
1863.65,3.2738559952612936
1863.66,3.6737241891759536
1863.67,3.978432503193709
1863.68,4.1200818842512925
1863.69,4.056215052641412
1863.7,3.809600973509773
1863.71,3.4422043507623967
1863.72,3.027997697967642
1863.73,2.623114457697241
1863.74,2.258461477344769
1863.75,1.9452483753701892
1863.76,1.6832625743643692
1863.77,1.4671291397967394
1863.78,1.289919329962425
1863.79,1.144877177175762
1863.8,1.0260873687839491
1863.81,0.928631822332071
1863.82,0.8485435168771411
1863.83,0.7826936262186299
1863.84,0.7286395878482931
1863.85,0.6844641149012789
1863.86,0.6486503960086792
1863.87,0.6199985281252989
1863.88,0.5975654333020919
1863.89,0.580617604828375
1863.9,0.5685935318223165
1863.91,0.5610745608659615
1863.92,0.5577630161154918
1863.93,0.5584664108448869
1863.94,0.5630866240229966
1863.95,0.5716141573822479
1863.96,0.5841261075265329
1863.97,0.6007831781850134
1863.98,0.6218418204009262
1863.99,0.6476584074512424
1864.0,0.6787039719394159
1864.01,0.7155831077004202
1864.02,0.7590594690213652
1864.03,0.810089577041739
1864.04,0.8707951305344843
1864.05,0.9408177265148164
1864.06,1.022937578150811
1864.07,1.1194867099629169
1864.08,1.2333999404739038
1864.09,1.3683808451197486
1864.1,1.5291193979486408
1864.11,1.7215648644311536
1864.12,1.9532541297250021
1864.13,2.2336756357705916
1864.14,2.5745945436993893
1864.15,2.9901482173428366
1864.16,3.496280003231894
1864.17,4.108635843462186
1864.18,4.837382184917516
1864.19,5.676863544100962
1864.2,6.589043434502776
1864.21,7.485298056618641
1864.22,8.22276883367276
1864.23,8.638320181860898
1864.24,8.620822593802911
1864.25,8.174696049949503
1864.26,7.417208102548473
1864.27,6.512144132764472
1864.28,5.599159730239308
1864.29,4.762929365164982
1864.3,4.038587028505799
1864.31,3.430196362987343
1864.32,2.926925639869502
1864.33,2.512967512752365
1864.34,2.1724411478449426
1864.35,1.8913464633370884
1864.36,1.6580618616637608
1864.37,1.4632220501827704
1864.38,1.2993854577386603
1864.39,1.1606709524531789
1864.4,1.042432313530382
1864.41,0.940989277727844
1864.42,0.853413974338724
1864.43,0.7773643111791655
1864.44,0.7109554140653352
1864.45,0.6526615289462052
1864.46,0.6012394484728767
1864.47,0.5556700903013821
1864.48,0.5151131409708578
1864.49,0.478871792686937
1864.5,0.4463652026345848
1864.51,0.4171068886166597
1864.52,0.3906877041329346
1864.53,0.36676232677211446
1864.54,0.345038326412058
1864.55,0.3252667514564206
1864.56,0.30723283764199405
1864.57,0.29074439059718016
1864.58,0.27561698256229406
1864.59,0.2629210470221702
1864.6,0.2512318719307477
1864.61,0.239153765098218
1864.62,0.22788133308194763
1864.63,0.217390030820415
1864.64,0.2076498227525812
1864.65,0.19861570632792108
1864.66,0.1902358158312593
1864.67,0.1824584836796542
1864.68,0.17523284910809292
1864.69,0.16850378010712083
1864.7,0.16220438418734018
1864.71,0.1562526176177626
1864.72,0.1505638491217613
1864.73,0.14508612239726507
1864.74,0.1398259827188562
1864.75,0.13481517286839184
1864.76,0.13007975706039143
1864.77,0.12562015695468734
1864.78,0.12142135836713945
1864.79,0.11746290872452521
1864.8,0.11372430306354969
1864.81,0.1101869266182616
1864.82,0.1068355747797187
1864.83,0.10365425083595806
1864.84,0.10063028172775462
1864.85,0.09775315349883949
1864.86,0.09501291961151186
1864.87,0.09240080258396344
1864.88,0.08990844732973596
1864.89,0.08752846360902676
1864.9,0.08525420023163598
1864.91,0.0830794727448981
1864.92,0.08099859405906674
1864.93,0.07900632423223006
1864.94,0.07709782914374369
1864.95,0.07526864670070284
1864.96,0.07351443662494736
1864.97,0.07183185474067257
1864.98,0.07021719421011847
1864.99,0.06866727836946844
1865.0,0.06717923862968637
1865.01,0.06575052816755556
1865.02,0.06437894663656084
1865.03,0.06306267111663674
1865.04,0.06180027182620528
1865.05,0.06059063552855034
1865.06,0.05943266538253744
1865.07,0.05832438987559069
1865.08,0.05726099917684267
1865.09,0.05623272839255714
1865.1,0.05522572470860503
1865.11,0.05422931357242607
1865.12,0.05324496908015166
1865.13,0.05228248348790755
1865.14,0.05135151031802283
1865.15,0.05045653276053762
1865.16,0.049597797549234955
1865.17,0.04877359039010108
1865.18,0.04798208027506968
1865.19,0.04722038062448015
1865.2,0.046487041592765364
1865.21,0.04578051413767079
1865.22,0.045099494139530356
1865.23,0.04444287769200212
1865.24,0.04380972487983323
1865.25,0.04319923384399217
1865.26,0.04261072393053922
1865.27,0.042043626348796714
1865.28,0.041497481180771574
1865.29,0.04097194017924505
1865.3,0.0404667754097176
1865.31,0.039981894434290455
1865.32,0.0395173634655847
1865.33,0.03907344082759625
1865.34,0.03865062426320133
1865.35,0.03824971725677617
1865.36,0.03787192170700871
1865.37,0.037518220922334394
1865.38,0.03719249579061308
1865.39,0.03689673534571105
1865.4,0.036637005301234586
1865.41,0.03641877052207053
1865.42,0.03625003410000321
1865.43,0.03614020726879832
1865.44,0.03609796953445133
1865.45,0.03612511255779992
1865.46,0.03620413780630296
1865.47,0.036285251632189604
1865.48,0.03629214285735638
1865.49,0.03617257163408341
1865.5,0.03595846736304912
1865.51,0.035740850342640955
1865.52,0.0356086213600402
1865.53,0.035617010430587584
1865.54,0.03579020782874652
1865.55,0.03612865410439215
1865.56,0.036588316567841346
1865.57,0.037075569106006394
1865.58,0.03742904442989062
1865.59,0.03746545747095501
1865.6,0.03708121491071166
1865.61,0.03632962857872687
1865.62,0.03537699706714932
1865.63,0.03439259003136319
1865.64,0.03348319793748047
1865.65,0.03269240503048834
1865.66,0.03202511658474954
1865.67,0.03146841474587019
1865.68,0.03100653304537038
1865.69,0.030622778760910314
1865.7,0.030303569075029253
1865.71,0.030038446280671673
1865.72,0.029819709655765317
1865.73,0.029642015734411872
1865.74,0.029502023197550763
1865.75,0.02939812937750307
1865.76,0.029330286878787172
1865.77,0.02929984615482525
1865.78,0.029309308148644048
1865.79,0.029361757251921295
1865.8,0.02945955365944815
1865.81,0.02960164190059387
1865.82,0.029778896819240057
1865.83,0.02996818367166921
1865.84,0.030129358628029946
1865.85,0.03021334917367196
1865.86,0.030184753076796213
1865.87,0.03004443459725022
1865.88,0.029830353042758957
1865.89,0.029592025055996122
1865.9,0.029369653880676694
1865.91,0.029187627697842517
1865.92,0.029054881238858576
1865.93,0.02896809445796941
1865.94,0.028913397174950617
1865.95,0.028869041593763346
1865.96,0.028815376656685366
1865.97,0.028749430149611784
1865.98,0.028682769822572656
1865.99,0.02863000496232257
1866.0,0.028599369232787913
1866.01,0.028592641894717864
1866.02,0.028608296283254394
1866.03,0.028643826328748883
1866.04,0.02869693000316676
1866.05,0.02876570813985797
1866.06,0.02884871542414207
1866.07,0.02894492695668993
1866.08,0.029053640056424516
1866.09,0.02917405970229515
1866.1,0.02930663898173557
1866.11,0.029450959050885715
1866.12,0.029608138494573593
1866.13,0.02977630578924793
1866.14,0.029956861328043975
1866.15,0.030150313451980732
1866.16,0.030357341049375736
1866.17,0.0305788256143024
1866.18,0.030819625195471954
1866.19,0.031073772495828263
1866.2,0.03134683347549994
1866.21,0.03164123310514428
1866.22,0.03196014094648823
1866.23,0.03230773143986351
1866.24,0.032689527407667326
1866.25,0.03311654954990343
1866.26,0.03359081469088164
1866.27,0.03412771020109546
1866.28,0.03474001689837286
1866.29,0.03543727367950956
1866.3,0.036214837292420046
1866.31,0.03703454364815351
1866.32,0.037809419155134937
1866.33,0.03842595120125953
1866.34,0.038829592850931155
1866.35,0.03908061941715428
1866.36,0.0393064252159718
1866.37,0.039616308051823826
1866.38,0.040068268572407896
1866.39,0.040675179066910136
1866.4,0.04140880717449247
1866.41,0.04219098572916067
1866.42,0.04289576115905134
1866.43,0.04340074617378383
1866.44,0.043674448757280514
1866.45,0.04380176448144745
1866.46,0.04390844516347479
1866.47,0.04408267547756642
1866.48,0.044359881954732706
1866.49,0.04474274249858186
1866.5,0.045221364929639345
1866.51,0.045783345967857526
1866.52,0.046418038373582354
1866.53,0.047117392711334895
1866.54,0.04787578130106297
1866.55,0.048689546585547146
1866.56,0.04955656138137537
1866.57,0.050475877634165243
1866.58,0.05144774632617459
1866.59,0.05247284411327395
1866.6,0.05355173304293944
1866.61,0.05468678900611226
1866.62,0.05588035842387426
1866.63,0.05713525554788577
1866.64,0.05845476498232441
1866.65,0.05984266511642773
1866.66,0.06130327291183513
1866.67,0.0628415120256969
1866.68,0.06446300654501785
1866.69,0.0661741991804898
1866.7,0.06798247872710846
1866.71,0.06989625967681874
1866.72,0.07192484961089318
1866.73,0.0740777111275855
1866.74,0.07636240183005642
1866.75,0.07878063079776688
1866.76,0.08132433162086668
1866.77,0.08243844621678599
1866.78,0.08514345014021775
1866.79,0.08804204682181781
1866.8,0.09110713801870461
1866.81,0.09437847002356368
1866.82,0.09788708611734953
1866.83,0.10165753183798956
1866.84,0.10571275938118756
1866.85,0.11008280807864851
1866.86,0.11478552745482631
1866.87,0.11985910039334076
1866.88,0.12534178910636615
1866.89,0.13127792983832465
1866.9,0.1377188442170522
1866.91,0.1447287247722135
1866.92,0.15236708400458143
1866.93,0.16071887839247612
1866.94,0.16987780866378402
1866.95,0.17995371568781024
1866.96,0.19107592504179696
1866.97,0.20339737036323466
1866.98,0.21709999989211307
1866.99,0.23240142063419042
1867.0,0.24956280921137125
1867.01,0.26889888792698025
1867.02,0.2907936806348545
1867.03,0.3157153476561922
1867.04,0.34424104093177615
1867.05,0.37708209208530025
1867.06,0.4151223467746686
1867.07,0.45946318775435274
1867.08,0.5114794864869968
1867.09,0.5728850164272558
1867.1,0.6458014928345046
1867.11,0.7328152684682312
1867.12,0.8369890649229343
1867.13,0.9617755029745527
1867.14,1.1107461706163462
1867.15,1.286932340624452
1867.16,1.4913159800527405
1867.17,1.719932547963937
1867.18,1.9597033631111462
1867.19,2.184798781453055
1867.2,2.357843657946903
1867.21,2.4407120350721785
1867.22,2.4109823295485153
1867.23,2.279150165344168
1867.24,2.0802179646501155
1867.25,1.852085860864979
1867.26,1.6262032294267785
1867.27,1.4209050020425211
1867.28,1.243649834410546
1867.29,1.0952352310361095
1867.3,0.9732363644323715
1867.31,0.874103498972884
1867.32,0.7942269570175005
1867.33,0.7303882303437021
1867.34,0.6798964252558807
1867.35,0.6405826155996951
1867.36,0.6107405592534836
1867.37,0.5890551685894065
1867.38,0.5745361887607223
1867.39,0.566463195790781
1867.4,0.5643430305970863
1867.41,0.5678791091926917
1867.42,0.5769512529065463
1867.43,0.5916046527919975
1867.44,0.6120482318236452
1867.45,0.6386613576904591
1867.46,0.6720097566465354
1867.47,0.7128716139267863
1867.48,0.7622830001687827
1867.49,0.8215609859342129
1867.5,0.8924180986309159
1867.51,0.977025266885704
1867.52,1.0781376121633517
1867.53,1.1992506719088967
1867.54,1.3447543107842033
1867.55,1.520197584714417
1867.56,1.7325029109201913
1867.57,1.9901573533158032
1867.58,2.3031382678488916
1867.59,2.682226713246298
1867.6,3.137069389215904
1867.61,3.67191958017599
1867.62,4.2778212710352355
1867.63,4.921247769999044
1867.64,5.53366188973737
1867.65,6.013751149355287
1867.66,6.255262264560298
1867.67,6.195186632705241
1867.68,5.849090327368033
1867.69,5.301998020474487
1867.7,4.66335619132198
1867.71,4.0238593015995665
1867.72,3.4380896161738725
1867.73,2.9288348458141336
1867.74,2.498866052994211
1867.75,2.1411721493435394
1867.76,1.845324781625034
1867.77,1.6007041685659944
1867.78,1.3978390180931477
1867.79,1.22878734005956
1867.8,1.0870929101640163
1867.81,0.9675873910084057
1867.82,0.8661611130180594
1867.83,0.7795512307173675
1867.84,0.7051675744705636
1867.85,0.6409454961151239
1867.86,0.5858184454943555
1867.87,0.5377601580770378
1867.88,0.49568810345918135
1867.89,0.45844658687917395
1867.9,0.4255533869499078
1867.91,0.39621221538761575
1867.92,0.3697072283321893
1867.93,0.34554557228396326
1867.94,0.3235212103123716
1867.95,0.30358625851520293
1867.96,0.2856646321469787
1867.97,0.26956330666651573
1867.98,0.2549503764307212
1867.99,0.24139494998579009
1868.0,0.2285156461462683
1868.01,0.21616411834053562
1868.02,0.20443104525005587
1868.03,0.19346950333196736
1868.04,0.1833557569957284
1868.05,0.17407483257139786
1868.06,0.1655611623563702
1868.07,0.1577340416790115
1868.08,0.15052572642262627
1868.09,0.14384690271905412
1868.1,0.13764860126323325
1868.11,0.13188059667310897
1868.12,0.12651030066089874
1868.13,0.12148076473431756
1868.14,0.11677046224524437
1868.15,0.11235191187274152
1868.16,0.10820111722471702
1868.17,0.10429705801716335
1868.18,0.10062131006246247
1868.19,0.09715777233220833
1868.2,0.09389248712623481
1868.21,0.09081354343063251
1868.22,0.08791104895470014
1868.23,0.08517814470612588
1868.24,0.08260741770053469
1868.25,0.08019424178455953
1868.26,0.07793440894158356
1868.27,0.07581881595863338
1868.28,0.07382633531887309
1868.29,0.07191599685929928
1868.3,0.0700316333983577
1868.31,0.06813028958831716
1868.32,0.06621400619835001
1868.33,0.06432307682286209
1868.34,0.06250069298143356
1868.35,0.06077085752866415
1868.36,0.059139169962705865
1868.37,0.0576014340462723
1868.38,0.056150187029958415
1868.39,0.05477784365114492
1868.4,0.0534777997553538
1868.41,0.05224464581867326
1868.42,0.05107407652074319
1868.43,0.04996400219803709
1868.44,0.04890933684580185
1868.45,0.047908710655682384
1868.46,0.04696271385258095
1868.47,0.04607000626604039
1868.48,0.04523085265564016
1868.49,0.04444632601467117
1868.5,0.04371845014879845
1868.51,0.04305040985533157
1868.52,0.042446849032438234
1868.53,0.04191428570948627
1868.54,0.04146168300343332
1868.55,0.04110122409289546
1868.56,0.04084933970445539
1868.57,0.040728006352987525
1868.58,0.04076621567553469
1868.59,0.041001171895044444
1868.6,0.041477903891221156
1868.61,0.04224404282704605
1868.62,0.04333308181824281
1868.63,0.04472646332548946
1868.64,0.04629340830871268
1868.65,0.04776383606104851
1868.66,0.048750023367460135
1868.67,0.04905228370339924
1868.68,0.04877317569597926
1868.69,0.04817191376267862
1868.7,0.04751112180423885
1868.71,0.046824786106132686
1868.72,0.0459046243924645
1868.73,0.044466519078801385
1868.74,0.042443446743318604
1868.75,0.04007114746735601
1868.76,0.037685930461861264
1868.77,0.03551836392569777
1868.78,0.033654647852776214
1868.79,0.03209219598638068
1868.8,0.030785490698556767
1868.81,0.02968681691626149
1868.82,0.028758108711038646
1868.83,0.02796321359064079
1868.84,0.027276043804373953
1868.85,0.02667705668318673
1868.86,0.02615186635605522
1868.87,0.025690116201520986
1868.88,0.025284654508412586
1868.89,0.024930983304351412
1868.9,0.02462693586671391
1868.91,0.024372545948795996
1868.92,0.024170072862520296
1868.93,0.024024129180945385
1868.94,0.023941792279015748
1868.95,0.02393240935348547
1868.96,0.024006419862348097
1868.97,0.02417178310377058
1868.98,0.024426676433642214
1868.99,0.02474194723023724
1869.0,0.02504280266332281
1869.01,0.02520773706267671
1869.02,0.0251199283096909
1869.03,0.024740550567552484
1869.04,0.024140064512421688
1869.05,0.02344190241386552
1869.06,0.022750503355185556
1869.07,0.022123792968614314
1869.08,0.021581736988047676
1869.09,0.021123446127967273
1869.1,0.020739701347765517
1869.11,0.02041956050593239
1869.12,0.02015314188432779
1869.13,0.01993231523342867
1869.14,0.01975139875402539
1869.15,0.019606213146085044
1869.16,0.01949405418333978
1869.17,0.01941365047232123
1869.18,0.01936495781497307
1869.19,0.019368045131787054
1869.2,0.01938759070765401
1869.21,0.01944613923842531
1869.22,0.019568009173396055
1869.23,0.019722934559881507
1869.24,0.019939709569317832
1869.25,0.02023173409478605
1869.26,0.020616857821715826
1869.27,0.021118761407628105
1869.28,0.021769149272472935
1869.29,0.022607553925340914
1869.3,0.02368267229110051
1869.31,0.025049372721546937
1869.32,0.026752125716495944
1869.33,0.02879034999906951
1869.34,0.03105379543338358
1869.35,0.03326233550453803
1869.36,0.03502851304082857
1869.37,0.03609434015875543
1869.38,0.036564360720898165
1869.39,0.03679181405446753
1869.4,0.03700787541682743
1869.41,0.037076552095565984
1869.42,0.03658171184902328
1869.43,0.0352033346063843
1869.44,0.03304067543028118
1869.45,0.030522367537102232
1869.46,0.02807428299025816
1869.47,0.025933646397028994
1869.48,0.024166243622828182
1869.49,0.022746921413366317
1869.5,0.021619501831905155
1869.51,0.020728647712465707
1869.52,0.020020584073690045
1869.53,0.01945640690563911
1869.54,0.019007502468939307
1869.55,0.01865159363081552
1869.56,0.01837052698330192
1869.57,0.018156075966582436
1869.58,0.017998064670821014
1869.59,0.01789194237720934
1869.6,0.01783507150699625
1869.61,0.017827647713430855
1869.62,0.017872418600331726
1869.63,0.017974583091556588
1869.64,0.018141108493628353
1869.65,0.01837656119094165
1869.66,0.018709001033190283
1869.67,0.019066990008106507
1869.68,0.019445632467758642
1869.69,0.019704538676804044
1869.7,0.019782077994086458
1869.71,0.019660979818074242
1869.72,0.01940815395299266
1869.73,0.01911936431657156
1869.74,0.018863738899198686
1869.75,0.018671727590016705
1869.76,0.018548441711223714
1869.77,0.018488115575939802
1869.78,0.018482372136248496
1869.79,0.018523665521194548
1869.8,0.018606309356904754
1869.81,0.018726557355504332
1869.82,0.018882408277048287
1869.83,0.01907461282661642
1869.84,0.019304397398634307
1869.85,0.019569819025164435
1869.86,0.01987728207899156
1869.87,0.020232075732995288
1869.88,0.020641381678126226
1869.89,0.0211147299010716
1869.9,0.021664651021478687
1869.91,0.022307584287081707
1869.92,0.023065115738869692
1869.93,0.023965619993609643
1869.94,0.025046186644575835
1869.95,0.026355198394260274
1869.96,0.027954296604420628
1869.97,0.02991657524557237
1869.98,0.03231890145530243
1869.99,0.03521532020440072
1870.0,0.03857912661501296
1870.01,0.04221933262988711
1870.02,0.04570502694055518
1870.03,0.048525424032439236
1870.04,0.05040908973699546
1870.05,0.05152180516517946
1870.06,0.05217667944193552
1870.07,0.05237614642679249
1870.08,0.05174429589169907
1870.09,0.04994922224015742
1870.1,0.047134153174312673
1870.11,0.04385202733564264
1870.12,0.04070333041984956
1870.13,0.037954589173632994
1870.14,0.03577378851970563
1870.15,0.03406716838774424
1870.16,0.03279200423854753
1870.17,0.03186744236303858
1870.18,0.031223441702041808
1870.19,0.03080437954646007
1870.2,0.03056796351722677
1870.21,0.03048291478960054
1870.22,0.03052672925483161
1870.23,0.03068391083388133
1870.24,0.03094472950855254
1870.25,0.03130444107990735
1870.26,0.031762850760890464
1870.27,0.032324005291280725
1870.28,0.03299553881685899
1870.29,0.033786590771180416
1870.3,0.03470209342101655
1870.31,0.035731771210267056
1870.32,0.03682696199793104
1870.33,0.037880470164501814
1870.34,0.03876632480543034
1870.35,0.0394067418715933
1870.36,0.039841155027261696
1870.37,0.040190481486583315
1870.38,0.04057987144336653
1870.39,0.04015119288960558
1870.4,0.04078791490470301
1870.41,0.04155873218572233
1870.42,0.04245635695679739
1870.43,0.04347292913412105
1870.44,0.044602919164839945
1870.45,0.04584605233751756
1870.46,0.047200682345162025
1870.47,0.04866801977178887
1870.48,0.05025622738086907
1870.49,0.051974019444945445
1870.5,0.05383298115441243
1870.51,0.05584795311534269
1870.52,0.05803764815984346
1870.53,0.06042555274028614
1870.54,0.06304118751502612
1870.55,0.06596530467516074
1870.56,0.06920182864586065
1870.57,0.0727678050806871
1870.58,0.07678244796635982
1870.59,0.08134087342150031
1870.6,0.08655694017876123
1870.61,0.09255424951059191
1870.62,0.09943621661216405
1870.63,0.10721746982945468
1870.64,0.115711014712385
1870.65,0.12443375183562616
1870.66,0.1327038600026295
1870.67,0.1400212304721662
1870.68,0.14636810621588917
1870.69,0.15195786475463752
1870.7,0.1567510703204676
1870.71,0.1604811013003149
1870.72,0.16317529808825246
1870.73,0.16542669502395202
1870.74,0.1668469083326606
1870.75,0.16938055884800324
1870.76,0.17466513742528048
1870.77,0.18159951078125783
1870.78,0.19023329564284966
1870.79,0.20060002636032645
1870.8,0.21276212515797902
1870.81,0.22683023616173606
1870.82,0.24297188767975378
1870.83,0.2614176274170144
1870.84,0.28246846231718636
1870.85,0.30650644225471996
1870.86,0.33400951159507386
1870.87,0.36557791600926
1870.88,0.4019382066014769
1870.89,0.44400363057010633
1870.9,0.49290714581454964
1870.91,0.5500457440853291
1870.92,0.6171377201979737
1870.93,0.6963392405339717
1870.94,0.7901565398082165
1870.95,0.9016916650806763
1870.96,1.0349375395294662
1870.97,1.1946998619395448
1870.98,1.3864109965302112
1870.99,1.6153601173514875
1871.0,1.8851109745051025
1871.01,2.1945964044912003
1871.02,2.5335217153345924
1871.03,2.8769200219498496
1871.04,3.182392103337334
1871.05,3.3960820142684085
1871.06,3.4706472626163842
1871.07,3.3875903572803274
1871.08,3.1673690419888376
1871.09,2.8583753324369816
1871.1,2.5143390667263152
1871.11,2.176801446393687
1871.12,1.8697690104189582
1871.13,1.6028439382533468
1871.14,1.3767597724185132
1871.15,1.1878896919774464
1871.16,1.0311293393773124
1871.17,0.9012901138718497
1871.18,0.7937471688163206
1871.19,0.7046260007349605
1871.2,0.6307879134950902
1871.21,0.5697203606616642
1871.22,0.5193653307341041
1871.23,0.4779103585272934
1871.24,0.4435160347713639
1871.25,0.41421462483919486
1871.26,0.3880818072332212
1871.27,0.3638401443916213
1871.28,0.34067969840548273
1871.29,0.3179849681762196
1871.3,0.29533363343458235
1871.31,0.272671561878693
1871.32,0.25055133970168764
1871.33,0.22975498700699548
1871.34,0.21085557445947198
1871.35,0.19406525229495597
1871.36,0.17931319816238897
1871.37,0.16638582958800777
1871.38,0.15503177192766526
1871.39,0.14501529789015524
1871.4,0.13613528481432885
1871.41,0.12822754741273623
1871.42,0.12116106611343032
1871.43,0.11483293222080326
1871.44,0.10916380579976243
1871.45,0.10409426643285338
1871.46,0.09958086189449726
1871.47,0.09559438936378295
1871.48,0.09211174506460232
1871.49,0.08909689843512514
1871.5,0.08649089001460246
1871.51,0.0841214970791792
1871.52,0.08176848682046003
1871.53,0.07919552354768335
1871.54,0.0763109721478369
1871.55,0.07323089304083966
1871.56,0.07017331265128103
1871.57,0.06731709180777858
1871.58,0.06475137514980067
1871.59,0.06250808420767157
1871.6,0.06065327590217495
1871.61,0.05907724812277739
1871.62,0.05767517561692964
1871.63,0.05653063262073326
1871.64,0.055643541427770185
1871.65,0.0550229608958092
1871.66,0.05468699155208966
1871.67,0.054661808466967936
1871.68,0.05497853615069278
1871.69,0.05566592452308812
1871.7,0.056737747655896224
1871.71,0.058180308026695
1871.72,0.05995861818298492
1871.73,0.06206335984444057
1871.74,0.0645857098715455
1871.75,0.06775740669695107
1871.76,0.07190936081633327
1871.77,0.0773706442741153
1871.78,0.08433996169658822
1871.79,0.09271190652391684
1871.8,0.10185870094888425
1871.81,0.11053414470082258
1871.82,0.11720502512824281
1871.83,0.12067149389518518
1871.84,0.12040794245435658
1871.85,0.11637696756688085
1871.86,0.10914924064674437
1871.87,0.09969244189093553
1871.88,0.08928469280868075
1871.89,0.07922799588177074
1871.9,0.07028160197743752
1871.91,0.06268699564377707
1871.92,0.05644671424574335
1871.93,0.051399075061942585
1871.94,0.04734002957960468
1871.95,0.044092442560154405
1871.96,0.04150516554500653
1871.97,0.03946209536380808
1871.98,0.037881389565383186
1871.99,0.036708773838976
1872.0,0.035912829662679537
1872.01,0.03547967683589784
1872.02,0.035404247092683076
1872.03,0.03567266417389547
1872.04,0.0362299256597042
1872.05,0.0369293234860992
1872.06,0.037509782860688776
1872.07,0.03767177664982662
1872.08,0.03725899622007226
1872.09,0.03653443981716035
1872.1,0.03564490012468722
1872.11,0.0347089686750845
1872.12,0.033993961881671995
1872.13,0.03352938066081271
1872.14,0.03325742322683171
1872.15,0.033105223141097574
1872.16,0.03305534764102726
1872.17,0.033105689637130266
1872.18,0.03332642988043702
1872.19,0.03379552300081177
1872.2,0.0345753565883275
1872.21,0.03572184025336156
1872.22,0.037295177196261436
1872.23,0.03937086850160172
1872.24,0.04204934707370584
1872.25,0.045464862568543714
1872.26,0.04979379498854871
1872.27,0.0552603666434608
1872.28,0.06213302386881997
1872.29,0.07107931780896386
1872.3,0.08154884973299908
1872.31,0.09388460824194186
1872.32,0.10750195727556337
1872.33,0.12099917857051705
1872.34,0.13227048216687762
1872.35,0.13920151787673088
1872.36,0.14047671329718223
1872.37,0.13600213556431026
1872.38,0.12682974042497192
1872.39,0.11474715283176228
1872.4,0.10166517389202957
1872.41,0.08902785911297262
1872.42,0.07818946287623502
1872.43,0.06854923767863995
1872.44,0.060634289254840566
1872.45,0.05428312677068428
1872.46,0.04926196734349012
1872.47,0.04534118982612575
1872.48,0.04232845022943042
1872.49,0.04007706636730453
1872.5,0.038483669924759094
1872.51,0.037806483337640716
1872.52,0.039095210281903485
1872.53,0.039183236018310606
1872.54,0.039767243481874506
1872.55,0.04160397994550982
1872.56,0.04263447196472126
1872.57,0.04341452256420104
1872.58,0.04348938523691249
1872.59,0.04278042750782473
1872.6,0.0415442910177099
1872.61,0.04017274294522438
1872.62,0.03898830501657948
1872.63,0.03815960636810933
1872.64,0.037734245452892876
1872.65,0.03772865757251556
1872.66,0.03812417945589172
1872.67,0.03891640014269455
1872.68,0.04011635143632256
1872.69,0.041754560710652436
1872.7,0.04388417601195077
1872.71,0.0466736751443916
1872.72,0.05028689000638176
1872.73,0.05462153269877064
1872.74,0.05999133147063685
1872.75,0.06677043637509328
1872.76,0.07493809155093878
1872.77,0.08509761428816402
1872.78,0.09762424453003882
1872.79,0.11281724529498946
1872.8,0.13035134608915383
1872.81,0.14937715172354823
1872.82,0.16737037774724703
1872.83,0.1813227332763074
1872.84,0.18815971957956806
1872.85,0.18648589235485613
1872.86,0.17717882773567223
1872.87,0.16255384412889007
1872.88,0.14567612425109164
1872.89,0.12873943642312433
1872.9,0.1130818826631216
1872.91,0.09945036142771085
1872.92,0.08797785846786596
1872.93,0.078677178352629
1872.94,0.0713145170730131
1872.95,0.06560169407296085
1872.96,0.061271310990056185
1872.97,0.05810827772423376
1872.98,0.05595556678472277
1872.99,0.05470674904563093
1873.0,0.054288360064541075
1873.01,0.05462662779036582
1873.02,0.05558883440745589
1873.03,0.05690288529986787
1873.04,0.05811238671795006
1873.05,0.05868905819463556
1873.06,0.05833178472357257
1873.07,0.05719017624096547
1873.08,0.055737888650574864
1873.09,0.05445556779678855
1873.1,0.05364818325620832
1873.11,0.05345160949462791
1873.12,0.05390899202719088
1873.13,0.05503496856617489
1873.14,0.05685230312783131
1873.15,0.0594102803068966
1873.16,0.06279509840669475
1873.17,0.06713841133876564
1873.18,0.07262695742977425
1873.19,0.07951406464998784
1873.2,0.08813153362808165
1873.21,0.09889517970872864
1873.22,0.11229492853109424
1873.23,0.12882546744240303
1873.24,0.14880985822362053
1873.25,0.17203190441276317
1873.26,0.19714521061570212
1873.27,0.22117865009862017
1873.28,0.23968496569689893
1873.29,0.24834035692404421
1873.3,0.24517624647272893
1873.31,0.23169203311399794
1873.32,0.2118643615387507
1873.33,0.18982013842909592
1873.34,0.16831109994869714
1873.35,0.14866679005066552
1873.36,0.1314654135631949
1873.37,0.116952072956522
1873.38,0.10512266798202313
1873.39,0.09577306306028423
1873.4,0.08860174550163703
1873.41,0.08330503001804558
1873.42,0.07962903757419544
1873.43,0.07738292872064823
1873.44,0.07642381938282389
1873.45,0.07661350905256178
1873.46,0.07773975470665555
1873.47,0.07941297793701738
1873.48,0.08101923766922677
1873.49,0.08188629902814364
1873.5,0.08167048931460122
1873.51,0.0806070227217191
1873.52,0.07932569200320615
1873.53,0.07845116216894761
1873.54,0.078389232906532
1873.55,0.0793452647796797
1873.56,0.08142388869898262
1873.57,0.08471253088974107
1873.58,0.08933180664121221
1873.59,0.09546472337238282
1873.6,0.10337683134613518
1873.61,0.11343304049517089
1873.62,0.12610958343541767
1873.63,0.1419896014723866
1873.64,0.16171313410772095
1873.65,0.1858219078473614
1873.66,0.21440214187419016
1873.67,0.24643637622206035
1873.68,0.2789765350937782
1873.69,0.30679153467203646
1873.7,0.3236042620739316
1873.71,0.32511564411341665
1873.72,0.3116912402727133
1873.73,0.28804786263959775
1873.74,0.260204093003533
1873.75,0.23259123703753712
1873.76,0.2072868972875442
1873.77,0.18489461826829773
1873.78,0.165583489657532
1873.79,0.14946101832863565
1873.8,0.13650527194382325
1873.81,0.12651966380310922
1873.82,0.11920811552082787
1873.83,0.11426893814094932
1873.84,0.11144202238960209
1873.85,0.11049596013507695
1873.86,0.11116825659259416
1873.87,0.11303427990878134
1873.88,0.11539666543988765
1873.89,0.11741371470677378
1873.9,0.11840581328310928
1873.91,0.11836692266973976
1873.92,0.11794826699966696
1873.93,0.11806671370122804
1873.94,0.11942223402237018
1873.95,0.12246854206967407
1873.96,0.12750452817653385
1873.97,0.13480206366905995
1873.98,0.14469575255050027
1873.99,0.1576360981961882
1874.0,0.17421499166587875
1874.01,0.19515626453806006
1874.02,0.22123511336433374
1874.03,0.2530469747688637
1874.04,0.2905005316407711
1874.05,0.33193738486537294
1874.06,0.3730848898293996
1874.07,0.4067907558095997
1874.08,0.4250228705849141
1874.09,0.42307489660744974
1874.1,0.4027180786653419
1874.11,0.37092618658550613
1874.12,0.3354931400386779
1874.13,0.3016452292919669
1874.14,0.27147109860326707
1874.15,0.24518864359926215
1874.16,0.2225981938392914
1874.17,0.20370560143326835
1874.18,0.18859888663937255
1874.19,0.17722442396400637
1874.2,0.16936724987678378
1874.21,0.16473605744846498
1874.22,0.16301117426935138
1874.23,0.1638006684139171
1874.24,0.16651506584197037
1874.25,0.1700252824881299
1874.26,0.1732575455519348
1874.27,0.17545929427655427
1874.28,0.17767578354515337
1874.29,0.18016748600913735
1874.3,0.1841846564452776
1874.31,0.19080105948182238
1874.32,0.2008329986130433
1874.33,0.21498055588990814
1874.34,0.23398319479976276
1874.35,0.258699310264121
1874.36,0.2900689591044048
1874.37,0.3288876084710535
1874.38,0.3752533723650575
1874.39,0.42754052391992836
1874.4,0.48102428869939834
1874.41,0.5271291257744162
1874.42,0.5552411648761337
1874.43,0.5578666192730821
1874.44,0.5356075712970307
1874.45,0.49675406052440935
1874.46,0.45184402177342675
1874.47,0.4087244654773876
1874.48,0.37092879036445264
1874.49,0.3388543395973827
1874.5,0.31174770008783664
1874.51,0.2890318111241342
1874.52,0.2707277984202836
1874.53,0.2570533655244697
1874.54,0.24807524531006778
1874.55,0.24364820769636059
1874.56,0.24346040862851454
1874.57,0.24700754079335197
1874.58,0.2534797413760569
1874.59,0.2617308036748003
1874.6,0.27061919439276216
1874.61,0.27973608347433365
1874.62,0.28990432337881555
1874.63,0.3028838000846709
1874.64,0.32065466698278494
1874.65,0.34499974069121286
1874.66,0.3774293397246961
1874.67,0.4191962479081354
1874.68,0.4710074009693243
1874.69,0.5322079028640163
1874.7,0.5993372082186227
1874.71,0.6645444512267172
1874.72,0.7155931178694533
1874.73,0.7397786988085125
1874.74,0.7310206396974926
1874.75,0.6940950868813608
1874.76,0.6413296711163221
1874.77,0.5853998753730661
1874.78,0.5346204602355004
1874.79,0.49231089118426097
1874.8,0.4583227678565468
1874.81,0.43108047258797916
1874.82,0.4093140578180877
1874.83,0.39280572472255115
1874.84,0.3820500153901229
1874.85,0.3775907893473044
1874.86,0.379671894854685
1874.87,0.38816577017637904
1874.88,0.4025389085685324
1874.89,0.42185786339602666
1874.9,0.4451214595591024
1874.91,0.4720779625362424
1874.92,0.503979463062981
1874.93,0.5434161307271373
1874.94,0.5932549940209227
1874.95,0.655378714773044
1874.96,0.7293875609529983
1874.97,0.8109438754933473
1874.98,0.8901022264775408
1874.99,0.9516263201384347
1875.0,0.9800373656409516
1875.01,0.9682525930265026
1875.02,0.9224836977314725
1875.03,0.858030118274579
1875.04,0.7905604780470258
1875.05,0.7306894726811342
1875.06,0.6831341278443755
1875.07,0.6484081601775689
1875.08,0.624798536958086
1875.09,0.6099610682876407
1875.1,0.6025219044007183
1875.11,0.602707839748489
1875.12,0.6118551788074381
1875.13,0.6314808852107378
1875.14,0.6626813182366872
1875.15,0.7059256441038322
1875.16,0.7611087510105071
1875.17,0.8279261715320542
1875.18,0.9063879501169084
1875.19,0.9964969947790411
1875.2,1.0960183917764392
1875.21,1.1970455398426663
1875.22,1.2841685923781383
1875.23,1.3379396581149947
1875.24,1.3445208569474
1875.25,1.3049458012522108
1875.26,1.2347253281447315
1875.27,1.1544088185977035
1875.28,1.080575666663008
1875.29,1.022782097337159
1875.3,0.9847918826670101
1875.31,0.9668079482375949
1875.32,0.9672100768595154
1875.33,0.9838938067061929
1875.34,1.0156386203325691
1875.35,1.0631764269391704
1875.36,1.1290593901357642
1875.37,1.21621346893215
1875.38,1.325952028781134
1875.39,1.4558973722962205
1875.4,1.5978543972219685
1875.41,1.736274823146627
1875.42,1.8492055751835355
1875.43,1.9143561587431215
1875.44,1.9199774219213468
1875.45,1.8729271757406991
1875.46,1.7954129403544026
1875.47,1.713406052124132
1875.48,1.6472034846350472
1875.49,1.6089452099603305
1875.5,1.6045408104437306
1875.51,1.636366487707777
1875.52,1.7049952261936814
1875.53,1.809784312954058
1875.54,1.948701882491346
1875.55,2.117599119395938
1875.56,2.308353920057233
1875.57,2.505738436453183
1875.58,2.685087786229098
1875.59,2.8172442303372196
1875.6,2.8817815737951347
1875.61,2.8806393420343483
1875.62,2.838830976014569
1875.63,2.7918446294877817
1875.64,2.771653422835366
1875.65,2.800178431203983
1875.66,2.889329723815192
1875.67,3.042823534870106
1875.68,3.25629053964673
1875.69,3.515106474837658
1875.7,3.791904704263959
1875.71,4.048820565921174
1875.72,4.249503281281509
1875.73,4.377756452110758
1875.74,4.4481196138363845
1875.75,4.496874961050218
1875.76,4.560644164619575
1875.77,4.658496649411481
1875.78,4.784259956469808
1875.79,4.9067598407980775
1875.8,4.9773016233954674
1875.81,4.947222023208224
1875.82,4.791534220164564
1875.83,4.522690106466204
1875.84,4.182270679357697
1875.85,3.818681644462944
1875.86,3.469079811966526
1875.87,3.1540799155128125
1875.88,2.8812961226892124
1875.89,2.6507136476766546
1875.9,2.458796373097437
1875.91,2.3016857170105207
1875.92,2.1774312147703543
1875.93,2.0861488265896386
1875.94,2.0282774834834725
1875.95,2.0025793543156105
1875.96,2.0051892411896604
1875.97,2.0300892415477922
1875.98,2.0708321895468718
1875.99,2.122483307227258
1876.0,2.182693366690602
1876.01,2.2515000801452887
1876.02,2.329583065049203
1876.03,2.4147767013391745
1876.04,2.4987314796477427
1876.05,2.5660216812106875
1876.06,2.598171919598164
1876.07,2.5794323854522103
1876.08,2.5020559123999857
1876.09,2.368440124227741
1876.1,2.190403282122272
1876.11,1.9859219887853696
1876.12,1.7740640985152853
1876.13,1.5703173310665774
1876.14,1.384302277934521
1876.15,1.220190763328795
1876.16,1.0783659802993717
1876.17,0.9571352767637108
1876.18,0.8539538672924827
1876.19,0.7661326828338842
1876.2,0.6911806374248949
1876.21,0.6269333189235019
1876.22,0.5715727924566976
1876.23,0.5235992510712076
1876.24,0.4817860974828295
1876.25,0.4451333594494492
1876.26,0.41282560999989715
1876.27,0.38419631078805194
1876.28,0.35869858908639474
1876.29,0.33588171333545636
1876.3,0.3153723305692417
1876.31,0.2968595621116893
1876.32,0.28008317317139
1876.33,0.2648241697667453
1876.34,0.25089730469500965
1876.35,0.23814508348426522
1876.36,0.22643295015045686
1876.37,0.21564540312421895
1876.38,0.20568011337838643
1876.39,0.19645005474366323
1876.4,0.18789003075903682
1876.41,0.1799282412436525
1876.42,0.17250728707186336
1876.43,0.16557667908951615
1876.44,0.15909185214548552
1876.45,0.15301333965970706
1876.46,0.1473060796869198
1876.47,0.14193882915718348
1876.48,0.13682805112242785
1876.49,0.1320046388589943
1876.5,0.12750192551520587
1876.51,0.12324354190634254
1876.52,0.11921120377543108
1876.53,0.11538836319438542
1876.54,0.11176001040653862
1876.55,0.108304394675177
1876.56,0.10502189639218172
1876.57,0.10189996682368492
1876.58,0.09892474243314542
1876.59,0.09608672451472444
1876.6,0.09337719711337
1876.61,0.09078814912549087
1876.62,0.08831220542660395
1876.63,0.08594256583996009
1876.64,0.0836729509337088
1876.65,0.08149755377855032
1876.66,0.07941099692225342
1876.67,0.07740829393890372
1876.68,0.07548481499894058
1876.69,0.07363625597930679
1876.7,0.07185861070109044
1876.71,0.07014814595151202
1876.72,0.06850137897438803
1876.73,0.06691505710725866
1876.74,0.06538613934143897
1876.75,0.06391177963426456
1876.76,0.062489311776263545
1876.77,0.061116235539029534
1876.78,0.05979020446502162
1876.79,0.05850901426835739
1876.8,0.05725899515141387
1876.81,0.056061477796971404
1876.82,0.05490294066442919
1876.83,0.053781652739821294
1876.84,0.05269598123285398
1876.85,0.051644384446950686
1876.86,0.050625404549742924
1876.87,0.049637659900036935
1876.88,0.04867983760001839
1876.89,0.047678931576234734
1876.9,0.04670605289784408
1876.91,0.045831790696453996
1876.92,0.04498286098356712
1876.93,0.04415827914560458
1876.94,0.04335168916931446
1876.95,0.04256360820654933
1876.96,0.04180671088552107
1876.97,0.04107065077014707
1876.98,0.04035465058641623
1876.99,0.03965797016340605
1877.0,0.03897990442542785
1877.01,0.038319781411788434
1877.02,0.03767696039752635
1877.03,0.03705083013599316
1877.04,0.03644080728759557
1877.05,0.035846334705329795
1877.06,0.03526688014631033
1877.07,0.0347019350816545
1877.08,0.034151013272888726
1877.09,0.033613649687003144
1877.1,0.033089399423127545
1877.11,0.03257783670948759
1877.12,0.032078553965824035
1877.13,0.031591160927122844
1877.14,0.031115283824963088
1877.15,0.030650564623124047
1877.16,0.03019666030450883
1877.17,0.029748725754317473
1877.18,0.02930517327105987
1877.19,0.02888190564524548
1877.2,0.02846821720341072
1877.21,0.028063830973279098
1877.22,0.027668481677592324
1877.23,0.02728191532719152
1877.24,0.02690388885475783
1877.25,0.026499601379736365
1877.26,0.025988747137023902
1877.27,0.0256362754778298
1877.28,0.025291461275049592
1877.29,0.02495411225362192
1877.3,0.02462404578210261
1877.31,0.024293993324108837
1877.32,0.0239662202345452
1877.33,0.023657139886659826
1877.34,0.02335470688520979
1877.35,0.023058787805832977
1877.36,0.022769259858495528
1877.37,0.022486011425530156
1877.38,0.022208942759372862
1877.39,0.021937966874055848
1877.4,0.02167301067078856
1877.41,0.02141401634987921
1877.42,0.02116094317511759
1877.43,0.020913769675312353
1877.44,0.020672496391781838
1877.45,0.020436060126953873
1877.46,0.020206682738116846
1877.47,0.01998231704206971
1877.48,0.019765246367503913
1877.49,0.019554564835903284
1877.5,0.019350517774937914
1877.51,0.01915342648309453
1877.52,0.01894473958109238
1877.53,0.018763064049314614
1877.54,0.01858997572660211
1877.55,0.01842634885707816
1877.56,0.018273303191708865
1877.57,0.01813227695716842
1877.58,0.018005124552881543
1877.59,0.017894247533924167
1877.6,0.017685519952010054
1877.61,0.017501495957088827
1877.62,0.017463911914698264
1877.63,0.01746206231595488
1877.64,0.017504899021867297
1877.65,0.01759452042953076
1877.66,0.01774774580421479
1877.67,0.01799904019087095
1877.68,0.01834323660490911
1877.69,0.018775766602430757
1877.7,0.01926019231698435
1877.71,0.019709823673542293
1877.72,0.019991097986874047
1877.73,0.019974587465279477
1877.74,0.019614357871283766
1877.75,0.01898127041440637
1877.76,0.01821255854190917
1877.77,0.01743352707187665
1877.78,0.016718253420238992
1877.79,0.01609395398659103
1877.8,0.015560514850644613
1877.81,0.015106458820879222
1877.82,0.014717692513248387
1877.83,0.014381208074848793
1877.84,0.01476931061456338
1877.85,0.014645506219440883
1877.86,0.015018347062671434
1877.87,0.014813098258392148
1877.88,0.014625191337753847
1877.89,0.014451592891947933
1877.9,0.014289946188068227
1877.91,0.014138406282586651
1877.92,0.013698587958891662
1877.93,0.013565218743120288
1877.94,0.013438409167591533
1877.95,0.013317432039330536
1877.96,0.013201707012986454
1877.97,0.01306928595820013
1877.98,0.012954059216095336
1877.99,0.012851854681964111
1878.0,0.012753524501201074
1878.01,0.012658891501566261
1878.02,0.012567829882334635
1878.03,0.012481326829192342
1878.04,0.012398292589284477
1878.05,0.01231767847587316
1878.06,0.012240604668278242
1878.07,0.012166030999526104
1878.08,0.012096459664584754
1878.09,0.012030974964021708
1878.1,0.011969913317571279
1878.11,0.011913717098562709
1878.12,0.011862961215508632
1878.13,0.011809501813536613
1878.14,0.011750701860003127
1878.15,0.01172186509646933
1878.16,0.011703004664998622
1878.17,0.01169619013014126
1878.18,0.011704097618661037
1878.19,0.011349284960425445
1878.2,0.011400464808434124
1878.21,0.011479573958639525
1878.22,0.011592933849053912
1878.23,0.011747048481966112
1878.24,0.011946557163846197
1878.25,0.012162219444404763
1878.26,0.012422459319580775
1878.27,0.012682818014838027
1878.28,0.012868911482839857
1878.29,0.012913302811573983
1878.3,0.012783444699722214
1878.31,0.012505313515468469
1878.32,0.012144299445681772
1878.33,0.011765716342943164
1878.34,0.011411589426177541
1878.35,0.011100008823887517
1878.36,0.010833860891007789
1878.37,0.010608932890314657
1878.38,0.010418761497780147
1878.39,0.010233302272298956
1878.4,0.010079377961178424
1878.41,0.009958731391216676
1878.42,0.009852688318599999
1878.43,0.00975844192142303
1878.44,0.009673807567715808
1878.45,0.009358220781077432
1878.46,0.009039300201253219
1878.47,0.008977884822380005
1878.48,0.008921134553654241
1878.49,0.008868386100755373
1878.5,0.008819106118572572
1878.51,0.008752389626877893
1878.52,0.00867998863228799
1878.53,0.008639160351158706
1878.54,0.008601608391339444
1878.55,0.0085648925218707
1878.56,0.008529962459811325
1878.57,0.008496677732456345
1878.58,0.008464919385779136
1878.59,0.008434586165082568
1878.6,0.008405591460386176
1878.61,0.0083778608489792
1878.62,0.008351330107119224
1878.63,0.008295575927150006
1878.64,0.008252398041752734
1878.65,0.008229496919265956
1878.66,0.008207609064079361
1878.67,0.008186702111255162
1878.68,0.008166747602051674
1878.69,0.00750315410518143
1878.7,0.007489174900422205
1878.71,0.007476041597915638
1878.72,0.00746373743374342
1878.73,0.007452247640150669
1878.74,0.007441559219802093
1878.75,0.007431660752783926
1878.76,0.007394148231469576
1878.77,0.007349546939393435
1878.78,0.007342392168434416
1878.79,0.0073359902089321465
1878.8,0.007330335516129475
1878.81,0.007325423414158378
1878.82,0.007321250026938576
1878.83,0.007317812218061982
1878.84,0.007315107538437723
1878.85,0.0073131341806619175
1878.86,0.007247035513397458
1878.87,0.007246952676336826
1878.88,0.007247594935937514
1878.89,0.007248962758067533
1878.9,0.0063534351624686194
1878.91,0.0063618759839348836
1878.92,0.006370994029044578
1878.93,0.006380792257024701
1878.94,0.006391274039839761
1878.95,0.006402443151857553
1878.96,0.006414303761305638
1878.97,0.006426860423365821
1878.98,0.006366983719015222
1878.99,0.0063646822329416815
1879.0,0.006379934414366389
1879.01,0.006395899080135706
1879.02,0.006412582702108428
1879.03,0.006429992106946404
1879.04,0.006448134505737669
1879.05,0.006413799078523279
1879.06,0.00639718165373019
1879.07,0.00641814712910294
1879.08,0.006439872767605254
1879.09,0.006462367749155086
1879.1,0.00648564164040117
1879.11,0.0065097044025127365
1879.12,0.005140129322321425
1879.13,0.005174188608892744
1879.14,0.005208993648907001
1879.15,0.005244556953085701
1879.16,0.005280891451022653
1879.17,0.005318010500949165
1879.18,0.005355927900174128
1879.19,0.0053946578962069435
1879.2,0.0053279216349242575
1879.21,0.005335375320047849
1879.22,0.005377496939584428
1879.23,0.0054204848858152846
1879.24,0.005451362833999271
1879.25,0.00536923817012629
1879.26,0.005415797672037888
1879.27,0.005463285834599872
1879.28,0.005511721781472867
1879.29,0.005561125243172395
1879.3,0.0056115165808768245
1879.31,0.005662916812987971
1879.32,0.005715347645244962
1879.33,0.005768831424346495
1879.34,0.00582339142296314
1879.35,0.005879051723611872
1879.36,0.0059358371145288935
1879.37,0.0059937733972316555
1879.38,0.006052887365260337
1879.39,0.006113206827582839
1879.4,0.006174760506290129
1879.41,0.006009171566487155
1879.42,0.005960678694201235
1879.43,0.0059137917221042885
1879.44,0.00575504906281156
1879.45,0.005827196768109199
1879.46,0.005900697284579119
1879.47,0.005975589188375367
1879.48,0.006051919356567545
1879.49,0.006129735143980263
1879.5,0.006209080482078997
1879.51,0.006289996623776467
1879.52,0.006372524134560921
1879.53,0.0064567042909811105
1879.54,0.006542579754866815
1879.55,0.006630194836592239
1879.56,0.006719595585844115
1879.57,0.006810829826943294
1879.58,0.006903947185545629
1879.59,0.006998999172720305
1879.6,0.007096039079015987
1879.61,0.007195122128934659
1879.62,0.007296305646022003
1879.63,0.007399648975562787
1879.64,0.0075052136126468605
1879.65,0.007613063289468486
1879.66,0.007723264066634065
1879.67,0.00783588443173495
1879.68,0.007950995403868427
1879.69,0.00806867064401861
1879.7,0.008188986571286258
1879.71,0.008312022485679449
1879.72,0.008437860697934018
1879.73,0.008566586666611295
1879.74,0.008698289142733708
1879.75,0.008833060322359877
1879.76,0.008970996007580102
1879.77,0.009112195776454748
1879.78,0.009256763162454423
1879.79,0.009404805844000915
1879.8,0.009556435844752216
1879.81,0.009711769745323905
1879.82,0.00987092890719152
1879.83,0.010034039709575645
1879.84,0.010201233800172578
1879.85,0.010372648360659775
1879.86,0.010548426387977105
1879.87,0.010728716992462662
1879.88,0.010913675714010706
1879.89,0.011103464857481241
1879.9,0.011298253848779574
1879.91,0.01149821961298527
1879.92,0.011703546976175355
1879.93,0.011914429092628182
1879.94,0.012131067899264292
1879.95,0.012353674599331092
1879.96,0.012582470177506432
1879.97,0.012817685948780858
1879.98,0.013059564143680981
1879.99,0.01330835853261761
1880.0,0.013564335092320948
1880.01,0.013827772718052751
1880.02,0.014098963984196964
1880.03,0.01437821595846292
1880.04,0.014665851072980926
1880.05,0.014962208057352372
1880.06,0.01526764293868795
1880.07,0.015582530114218215
1880.08,0.015907263502609768
1880.09,0.01624225778073287
1880.1,0.016587949713232682
1880.11,0.01694479958292518
1880.12,0.017313292730953538
1880.13,0.017693941216627422
1880.14,0.01808728560772567
1880.15,0.01849389691326628
1880.16,0.018914378672104094
1880.17,0.019349369210900278
1880.18,0.019799544088342797
1880.19,0.020265618741971223
1880.2,0.0207483513600186
1880.21,0.02124854600898658
1880.22,0.021767056044509896
1880.23,0.02230478781194541
1880.24,0.022862704659890494
1880.25,0.0234418313254849
1880.26,0.02404325873906508
1880.27,0.024668149284433928
1880.28,0.025317742561543337
1880.29,0.025993361710020414
1880.3,0.026696420360697123
1880.31,0.027428430291408786
1880.32,0.02819100987416756
1880.33,0.028985893413723367
1880.34,0.029814941493023307
1880.35,0.030680152461282306
1880.36,0.031583675228970216
1880.37,0.03252782356418837
1880.38,0.03351509209703637
1880.39,0.03454817427763204
1880.4,0.035629982616097754
1880.41,0.03676258442242393
1880.42,0.03795049752526532
1880.43,0.039198529310151456
1880.44,0.04050963693338446
1880.45,0.04188824438087042
1880.46,0.0433391931266447
1880.47,0.04486779586827292
1880.48,0.04647989982308582
1880.49,0.04818196194979837
1880.5,0.04998113969100554
1880.51,0.051885402986060564
1880.52,0.05390367486694764
1880.53,0.056046006266833565
1880.54,0.058323790293767594
1880.55,0.06075002904069665
1880.56,0.06333967235363225
1880.57,0.06611004320471442
1880.58,0.06908134948044994
1880.59,0.07227724383704137
1880.6,0.07572529089580522
1880.61,0.07945695467794664
1880.62,0.0835061963755514
1880.63,0.08790486495352685
1880.64,0.09267216120171537
1880.65,0.09779682822591071
1880.66,0.10321961622264417
1880.67,0.10884072988071776
1880.68,0.11457714468428487
1880.69,0.12044299828273336
1880.7,0.12657441069714623
1880.71,0.1331710552746077
1880.72,0.14042049409102633
1880.73,0.14846756927761684
1880.74,0.15742514519976994
1880.75,0.1673964646088138
1880.76,0.17849287333558111
1880.77,0.19084499141039116
1880.78,0.204610056027902
1880.79,0.21997802994094154
1880.8,0.2371781032317943
1880.81,0.25648657265850394
1880.82,0.2782368164190691
1880.83,0.30283205677718755
1880.84,0.3307617195750735
1880.85,0.36262241052056526
1880.86,0.39914481357166315
1880.87,0.44122816236439283
1880.88,0.48998430837899704
1880.89,0.5467937199685996
1880.9,0.6133757760176355
1880.91,0.6918749728607373
1880.92,0.7849620828001939
1880.93,0.8959426999665165
1880.94,1.0288506627436809
1880.95,1.188472510650739
1880.96,1.380187972465418
1880.97,1.6094038774271557
1880.98,1.8801899033570177
1880.99,2.192581039849599
1881.0,2.5381064856773734
1881.01,2.8940972326136696
1881.02,3.2198693252170947
1881.03,3.4608554394887157
1881.04,3.5652797599545507
1881.05,3.50765627093731
1881.06,3.3024184286306
1881.07,2.995949425107091
1881.08,2.644118015777392
1881.09,2.292547137508664
1881.1,1.9690283368521702
1881.11,1.6856613045980102
1881.12,1.4444200602781923
1881.13,1.2420979970080506
1881.14,1.0735095814719988
1881.15,0.9341676675788824
1881.16,0.817133390595156
1881.17,0.7191208273656353
1881.18,0.6366175749444354
1881.19,0.5667771012458
1881.2,0.5073117539133888
1881.21,0.4563884237230799
1881.22,0.4125377626644097
1881.23,0.37598115875760274
1881.24,0.3442244841050091
1881.25,0.31539077399755244
1881.26,0.29009092759701965
1881.27,0.2677946445965355
1881.28,0.2480428144563837
1881.29,0.23042341769044233
1881.3,0.21456821971880877
1881.31,0.20017697239893564
1881.32,0.18704399270815697
1881.33,0.1750474626458891
1881.34,0.164105505267839
1881.35,0.15413950693691705
1881.36,0.14506329266396767
1881.37,0.13678759866991805
1881.38,0.12922674476303575
1881.39,0.12230259963496184
1881.4,0.11594587850640499
1881.41,0.11009592653327246
1881.42,0.10469987099152597
1881.43,0.09971161251853264
1881.44,0.09509086004848245
1881.45,0.09080228017855539
1881.46,0.08681477303472947
1881.47,0.08310086438776924
1881.48,0.07963619734798756
1881.49,0.07639910686254538
1881.5,0.07337026227611892
1881.51,0.07053236569475085
1881.52,0.06786989618961549
1881.53,0.06536889181323953
1881.54,0.06301781938500091
1881.55,0.06080319607740542
1881.56,0.058715766168275556
1881.57,0.056746178328209
1881.58,0.054885929877187205
1881.59,0.05312727558637592
1881.6,0.05146314783815773
1881.61,0.04988708652738752
1881.62,0.04839317734783867
1881.63,0.04697599732131693
1881.64,0.045630566602872895
1881.65,0.04435230574027466
1881.66,0.04313699768793195
1881.67,0.04198075397534411
1881.68,0.04087998451559166
1881.69,0.03983137061057139
1881.7,0.03883184077010764
1881.71,0.03787854901333076
1881.72,0.036968855364367816
1881.73,0.03610030829167983
1881.74,0.035270628872331275
1881.75,0.03447769648993053
1881.76,0.03371953589863249
1881.77,0.03299430550602753
1881.78,0.03230028674543706
1881.79,0.03163587442350104
1881.8,0.030999567942321254
1881.81,0.030389963307103158
1881.82,0.029805745840480652
1881.83,0.029245683533660652
1881.84,0.02870862097272713
1881.85,0.02819347378532996
1881.86,0.027699223559910693
1881.87,0.027224913063700954
1881.88,0.02676964249463027
1881.89,0.02633256479929417
1881.9,0.025912882591814432
1881.91,0.0255098446845039
1881.92,0.025122742910011372
1881.93,0.02475090891112909
1881.94,0.024393710619999613
1881.95,0.02405054831057002
1881.96,0.023720851213439125
1881.97,0.023404077420419882
1881.98,0.023099718087298497
1881.99,0.022807300055211734
1882.0,0.02252638096874157
1882.01,0.02225654131353701
1882.02,0.021997380195203996
1882.03,0.0217485148409069
1882.04,0.021509580955842877
1882.05,0.021280232600509586
1882.06,0.02106014156953805
1882.07,0.020848996534281405
1882.08,0.02064650212792788
1882.09,0.020452378054028705
1882.1,0.0202663582848728
1882.11,0.020088190163812792
1882.12,0.019917633754257646
1882.13,0.019754461241138714
1882.14,0.01959845618707659
1882.15,0.019449412984318824
1882.16,0.01930713630756134
1882.17,0.019171440602594098
1882.18,0.019042149607988487
1882.19,0.018919095907339093
1882.2,0.01880212050984038
1882.21,0.01869107245720215
1882.22,0.018585808455094176
1882.23,0.018486192527472516
1882.24,0.018392095692169798
1882.25,0.01830339565703798
1882.26,0.018219976533700197
1882.27,0.018141728569978872
1882.28,0.018068547898242283
1882.29,0.018000336299347195
1882.3,0.017937000981146107
1882.31,0.01787845437070945
1882.32,0.017824613919478562
1882.33,0.017775401920624014
1882.34,0.017730745337939304
1882.35,0.01769057564564524
1882.36,0.017654828678505756
1882.37,0.017623444491623806
1882.38,0.017596367229108362
1882.39,0.017573545000350455
1882.4,0.017554929762026494
1882.41,0.017540477206559803
1882.42,0.017530146663932787
1882.43,0.017523901031027526
1882.44,0.017521706707415808
1882.45,0.017523533505389405
1882.46,0.017529354555517712
1882.47,0.017539146236789833
1882.48,0.017552888123619406
1882.49,0.017570562937820108
1882.5,0.0175921565033779
1882.51,0.017617657705129058
1882.52,0.01764705845215737
1882.53,0.017680353646093973
1882.54,0.01771754115401708
1882.55,0.017758621785061796
1882.56,0.017803599269627393
1882.57,0.01785248023983326
1882.58,0.017905274224960726
1882.59,0.01796199366764941
1882.6,0.018022653945249795
1882.61,0.01808727336273867
1882.62,0.018155873140431125
1882.63,0.018228477424863963
1882.64,0.01830511331475223
1882.65,0.01838581089064381
1882.66,0.01847060324646623
1882.67,0.018559526524330378
1882.68,0.018652619953612913
1882.69,0.018749925894801487
1882.7,0.018851489888327175
1882.71,0.018957360708524305
1882.72,0.01906759042314966
1882.73,0.019182234456763984
1882.74,0.01930135166269944
1882.75,0.01942500439769489
1882.76,0.01955325860394511
1882.77,0.019686183896951176
1882.78,0.019823853659702576
1882.79,0.0199663451434401
1882.8,0.020113739575271457
1882.81,0.020266122272935092
1882.82,0.020423582767034633
1882.83,0.020586214931094308
1882.84,0.020754117119817225
1882.85,0.02092739231596315
1882.86,0.021106148286301623
1882.87,0.021290497747141188
1882.88,0.02148055853999212
1882.89,0.02167645381795094
1882.9,0.02187831224356191
1882.91,0.022086268198850796
1882.92,0.02230046200849248
1882.93,0.02252104017712742
1882.94,0.02274815564204555
1882.95,0.02298196804264134
1882.96,0.02322264400818654
1882.97,0.02347035739874347
1882.98,0.02372528989998429
1882.99,0.02398763096728643
1883.0,0.02425757844526378
1883.01,0.024535338824736547
1883.02,0.024821127462876794
1883.03,0.025115168569921596
1883.04,0.025417694892524552
1883.05,0.025728947529061966
1883.06,0.026049177251373696
1883.07,0.026378648143723323
1883.08,0.02671764074416236
1883.09,0.027066451211293023
1883.1,0.02742538857104404
1883.11,0.02779477383616012
1883.12,0.028174941139329654
1883.13,0.028566239372437133
1883.14,0.028969033609968678
1883.15,0.029383706300795526
1883.16,0.029810658371707325
1883.17,0.030250310348070818
1883.18,0.030703103547736255
1883.19,0.031169501378090773
1883.2,0.03164999079584465
1883.21,0.03214508370876782
1883.22,0.03265531893406904
1883.23,0.03318126394354364
1883.24,0.03372351701691047
1883.25,0.034282709600120934
1883.26,0.03485950894986502
1883.27,0.03545462111593453
1883.28,0.03606879432582144
1883.29,0.036702822852306284
1883.3,0.03735755146603342
1883.31,0.03803388060289815
1883.32,0.03873277241283787
1883.33,0.03945420469164845
1883.34,0.04020034725920871
1883.35,0.04097344861766819
1883.36,0.04177374413167579
1883.37,0.04260264557045174
1883.38,0.04346169942931421
1883.39,0.04435261105948625
1883.4,0.04527727538718295
1883.41,0.046237816451896105
1883.42,0.04723663883163334
1883.43,0.048276495173279844
1883.44,0.04936057559717011
1883.45,0.050492626749881496
1883.46,0.051677110648701285
1883.47,0.052919415666654646
1883.48,0.054226132342964355
1883.49,0.05560540050910471
1883.5,0.057067309761831796
1883.51,0.058624264859898995
1883.52,0.060291050549061004
1883.53,0.06208393178326172
1883.54,0.06401735722066948
1883.55,0.06609578522704007
1883.56,0.06829818118302791
1883.57,0.07055822454655561
1883.58,0.0727587561722401
1883.59,0.07477038231062035
1883.6,0.0765304719896977
1883.61,0.07809262781164396
1883.62,0.07958977984833403
1883.63,0.0811540399726886
1883.64,0.08286947563145952
1883.65,0.08477240472959473
1883.66,0.08687070587538721
1883.67,0.08916057425230829
1883.68,0.0916358355804419
1883.69,0.09429191132531049
1883.7,0.09712705684894249
1883.71,0.10014247006154164
1883.72,0.10334203287576943
1883.73,0.10673199830095141
1883.74,0.11032073230958779
1883.75,0.11411853721122728
1883.76,0.11813755400673584
1883.77,0.12239173335192545
1883.78,0.1268968647726393
1883.79,0.13167065620536533
1883.8,0.13673285877355157
1883.81,0.14210543431188752
1883.82,0.1478127654033945
1883.83,0.153881909661381
1883.84,0.16034290178340246
1883.85,0.16722910864504395
1883.86,0.17457764449879085
1883.87,0.18243078588773606
1883.88,0.19083374349851273
1883.89,0.1998372012015969
1883.9,0.2094998976053162
1883.91,0.21988678408322812
1883.92,0.23107099984534668
1883.93,0.2431351206734445
1883.94,0.25617263501503496
1883.95,0.270289694999211
1883.96,0.28560720135449746
1883.97,0.30226329567514737
1883.98,0.3204163519037907
1883.99,0.34024858247210615
1884.0,0.36197040485596726
1884.01,0.3858257534740068
1884.02,0.41209857271805456
1884.03,0.44112079324205383
1884.04,0.473282180541256
1884.05,0.5090425591541267
1884.06,0.5489470666566324
1884.07,0.5936452911574108
1884.08,0.6439144623880495
1884.09,0.7006936916638622
1884.1,0.7651179352800509
1884.11,0.8385707367761115
1884.12,0.9227480976317834
1884.13,1.0197409485080204
1884.14,1.1321416381701004
1884.15,1.2631807672932884
1884.16,1.4169015855449532
1884.17,1.5983784729412964
1884.18,1.8139815912280162
1884.19,2.0716766117021135
1884.2,2.3813161612373355
1884.21,2.7548081136158737
1884.22,3.205899394275178
1884.23,3.749041270961259
1884.24,4.395533270458661
1884.25,5.149942395120142
1884.26,5.9965562369962475
1884.27,6.884853357162215
1884.28,7.721008464332059
1884.29,8.376269333340868
1884.3,8.72481514721958
1884.31,8.69548753827843
1884.32,8.301978597419577
1884.33,7.631498258144116
1884.34,6.805407882265665
1884.35,5.938202118667375
1884.36,5.1124104441670335
1884.37,4.373253897791413
1884.38,3.736443683881376
1884.39,3.1997231832508795
1884.4,2.752322301636292
1884.41,2.3808317881814482
1884.42,2.072194114559914
1884.43,1.814927266537812
1884.44,1.5994323619953754
1884.45,1.4178918334260686
1884.46,1.2640207356215616
1884.47,1.1327930354920455
1884.48,1.0201923812361486
1884.49,0.9230026527629887
1884.5,0.8386393196116049
1884.51,0.765014232919992
1884.52,0.7004318814636707
1884.53,0.6452765307515116
1884.54,0.595094442761625
1884.55,0.5531495995580029
1884.56,0.5138239428892248
1884.57,0.47800385835486303
1884.58,0.4457918424352103
1884.59,0.41672701185434363
1884.6,0.39041864773805185
1884.61,0.3665339692291205
1884.62,0.34478827770727766
1884.63,0.3249369711927635
1884.64,0.30676904128242094
1884.65,0.2901017513452595
1884.66,0.2747762605608047
1884.67,0.2606540090045033
1884.68,0.24761371809966792
1884.69,0.23554889096825374
1884.7,0.22436572068931948
1884.71,0.2139813328702214
1884.72,0.20432230339376348
1884.73,0.19532340360515113
1884.74,0.18692653423561642
1884.75,0.17907981655124006
1884.76,0.17173681496206653
1884.77,0.16485586995388318
1884.78,0.15839952391012882
1884.79,0.15233402542441563
1884.8,0.14662890015432423
1884.81,0.1412565782795114
1884.82,0.13619207022646673
1884.83,0.1314126836271698
1884.84,0.1268977756568121
1884.85,0.12262853585344773
1884.86,0.11858779523007028
1884.87,0.11475985810387876
1884.88,0.11113035361149742
1884.89,0.10768610433103917
1884.9,0.10441500980348928
1884.91,0.10130594306212493
1884.92,0.09834865854128222
1884.93,0.09553370995882397
1884.94,0.09285237696743434
1884.95,0.09029659951538184
1884.96,0.08785891901347807
1884.97,0.08553242551345425
1884.98,0.08331071020830176
1884.99,0.08118782265220272
1885.0,0.07915823217310537
1885.01,0.07721679301610207
1885.02,0.07535871281208319
1885.03,0.07357952401494389
1885.04,0.07187505799300331
1885.05,0.07024142149716882
1885.06,0.06867497526051822
1885.07,0.06717231451203767
1885.08,0.06573025121180553
1885.09,0.06434579783642576
1885.1,0.0630161525623939
1885.11,0.061738685711687814
1885.12,0.0605109273384873
1885.13,0.059330555848798365
1885.14,0.058195387556331024
1885.15,0.05710336708749496
1885.16,0.05605255855824045
1885.17,0.05504113745244662
1885.18,0.05406738313916519
1885.19,0.05312967197209902
1885.2,0.05222647092029655
1885.21,0.05135633168399656
1885.22,0.050517885254002325
1885.23,0.049709836876960754
1885.24,0.04893096139247107
1885.25,0.04818009891111925
1885.26,0.04745615080539582
1885.27,0.04675807598802893
1885.28,0.046084887454573883
1885.29,0.04543564906918508
1885.3,0.044809472574368875
1885.31,0.04420551480721091
1885.32,0.04362297510610029
1885.33,0.04306109289335761
1885.34,0.04251914542015392
1885.35,0.04199644566302619
1885.36,0.04149234035749816
1885.37,0.0410062081620905
1885.38,0.04053745794184565
1885.39,0.04008552716211193
1885.4,0.039649880387488165
1885.41,0.03923000787275758
1885.42,0.038825424247147
1885.43,0.03843566727990672
1885.44,0.03806029672419769
1885.45,0.03769889323398409
1885.46,0.037351057349546336
1885.47,0.03701640854766004
1885.48,0.03669458430101374
1885.49,0.03638523945277044
1885.5,0.03608804512241732
1885.51,0.03580268816499304
1885.52,0.03552887037010922
1885.53,0.03526630763961354
1885.54,0.03501472897755469
1885.55,0.03477387526020718
1885.56,0.03454349825400938
1885.57,0.03432336109105384
1885.58,0.034113240467441956
1885.59,0.03391292773552577
1885.6,0.033722226695027016
1885.61,0.03354095057595815
1885.62,0.03336892082727202
1885.63,0.03320596724944613
1885.64,0.03305192829221709
1885.65,0.032906651107467946
1885.66,0.0327699914040494
1885.67,0.032641813213510694
1885.68,0.03252198863238424
1885.69,0.03241039756956968
1885.7,0.032306927523714564
1885.71,0.03221147331891147
1885.72,0.03212393693143468
1885.73,0.03204422733382704
1885.74,0.03197226027966342
1885.75,0.03190795816222729
1885.76,0.03185124987212407
1885.77,0.03180207066803944
1885.78,0.03176036206018374
1885.79,0.031726071706085684
1885.8,0.03169915331849563
1885.81,0.031679566585154494
1885.82,0.03166727709978693
1885.83,0.031662256301930716
1885.84,0.03166448141812167
1885.85,0.031673935390590074
1885.86,0.03169060680529987
1885.87,0.03171448993149092
1885.88,0.03174558491354571
1885.89,0.03178389779457257
1885.9,0.03182944032051606
1885.91,0.03188222984919439
1885.92,0.031942289430521686
1885.93,0.03200964806623636
1885.94,0.032084340940719845
1885.95,0.032166409363142155
1885.96,0.03225590072431696
1885.97,0.03235286863861202
1885.98,0.032457373138993884
1885.99,0.03256948086701987
1886.0,0.03268926526966017
1886.01,0.03281680681731602
1886.02,0.03295219325065391
1886.03,0.0330955198611926
1886.04,0.03324688981035539
1886.05,0.03340641449240545
1886.06,0.03357421394779681
1886.07,0.03375041733488882
1886.08,0.033935163469722134
1886.09,0.03412860144572522
1886.1,0.03433089134792996
1886.11,0.03454220507968473
1886.12,0.03476272732416589
1886.13,0.03499265666848595
1886.14,0.03523220692519219
1886.15,0.03548160869512087
1886.16,0.035741111227132506
1886.17,0.03601098464575299
1886.18,0.03629152263773947
1886.19,0.036583045715185086
1886.2,0.03688590520808895
1886.21,0.037199494171810316
1886.22,0.03752523355955064
1886.23,0.0378646148499925
1886.24,0.03821716445498871
1886.25,0.03858349151239259
1886.26,0.038964292479978006
1886.27,0.039360371617299106
1886.28,0.0397726677363477
1886.29,0.04020228942980082
1886.3,0.04065056182918877
1886.31,0.04111908910683419
1886.32,0.041609838499927575
1886.33,0.042125253647975515
1886.34,0.0426684073767398
1886.35,0.043243206096814604
1886.36,0.04385465781073781
1886.37,0.04450920788340431
1886.38,0.04521511806550466
1886.39,0.045982783107463315
1886.4,0.046824677800928145
1886.41,0.047754181019268274
1886.42,0.04878169494466083
1886.43,0.049905485342134404
1886.44,0.05109533395756117
1886.45,0.05227439785200259
1886.46,0.0533212937150869
1886.47,0.05411913575443351
1886.48,0.05463217239661984
1886.49,0.054933849689654486
1886.5,0.05515281435920578
1886.51,0.05539909818086126
1886.52,0.05573312665869039
1886.53,0.05617436641514229
1886.54,0.056720365663579034
1886.55,0.057360585935687325
1886.56,0.05808336920785772
1886.57,0.058878617517659694
1886.58,0.059738447081720894
1886.59,0.06065705930811385
1886.6,0.0616303862406622
1886.61,0.06265572604335333
1886.62,0.06373143628794872
1886.63,0.06485669563161381
1886.64,0.06603132552706828
1886.65,0.06725565947702788
1886.66,0.06853044830871552
1886.67,0.06985679222707125
1886.68,0.07123609266797143
1886.69,0.0726700188321025
1886.7,0.07416048519944946
1886.71,0.07570963737042438
1886.72,0.07731984433786794
1886.73,0.078993695840023
1886.74,0.08073483987650563
1886.75,0.08254548590257345
1886.76,0.08442807260177547
1886.77,0.08638694936040377
1886.78,0.08842589516980039
1886.79,0.0905489636323793
1886.8,0.09276050105354187
1886.81,0.09506516700100581
1886.82,0.09746795763624777
1886.83,0.09997423163247958
1886.84,0.1025897390721452
1886.85,0.10532065373717814
1886.86,0.10817360868732709
1886.87,0.11115573554212964
1886.88,0.11427470774891621
1886.89,0.11753878897638631
1886.9,0.12095688915789991
1886.91,0.1245386294181429
1886.92,0.12829441239227588
1886.93,0.13223549538358984
1886.94,0.1363740711054229
1886.95,0.14072336134129715
1886.96,0.1452977243180075
1886.97,0.150112775644156
1886.98,0.1551855241315585
1886.99,0.16053452492213627
1887.0,0.1661800528472991
1887.01,0.17214429940378131
1887.02,0.17845159736558278
1887.03,0.18512762910117359
1887.04,0.19220392323037613
1887.05,0.19971188105350512
1887.06,0.2076873868559279
1887.07,0.21617020941295495
1887.08,0.22520453647737923
1887.09,0.23483960155186762
1887.1,0.24513042089459258
1887.11,0.25613865996686264
1887.12,0.2679336453495772
1887.13,0.28059352307003166
1887.14,0.294206520695636
1887.15,0.30887216483235314
1887.16,0.3247020826297213
1887.17,0.3418196330341607
1887.18,0.3603572404630667
1887.19,0.3804509093654029
1887.2,0.402235333076191
1887.21,0.42585106863258615
1887.22,0.451476214801692
1887.23,0.47936994527291155
1887.24,0.5098884475669212
1887.25,0.543462507010682
1887.26,0.5805731395708429
1887.27,0.6217528295206379
1887.28,0.6676073625426184
1887.29,0.7188453812346133
1887.3,0.7763106505652464
1887.31,0.8410182421172602
1887.32,0.9141979358370126
1887.33,0.9973486390825581
1887.34,1.092308092188469
1887.35,1.2013430006976342
1887.36,1.3272660245184646
1887.37,1.4722715103920823
1887.38,1.642087663191972
1887.39,1.8435820302792227
1887.4,2.082436805592561
1887.41,2.3674923106368375
1887.42,2.709826539865425
1887.43,3.123097043140791
1887.44,3.6235734966934126
1887.45,4.22934022626198
1887.46,4.95759263783261
1887.47,5.818242190604791
1887.48,6.801596063146823
1887.49,7.859639551713471
1887.5,8.886843019413469
1887.51,9.726294811454512
1887.52,10.209853929914448
1887.53,10.243461592826211
1887.54,9.864339261869087
1887.55,9.221673692724357
1887.56,8.498441964106892
1887.57,7.840894580448594
1887.58,7.33224960357328
1887.59,6.998333891443654
1887.6,6.819929531187149
1887.61,6.740171449066815
1887.62,6.671970836055319
1887.63,6.518849977639783
1887.64,6.212861606884785
1887.65,5.746940158553001
1887.66,5.171554801870572
1887.67,4.559339801482371
1887.68,3.9706100775037996
1887.69,3.440047947912404
1887.7,2.980156964921052
1887.71,2.5899117961412785
1887.72,2.2620000729944745
1887.73,1.9871981413559678
1887.74,1.7565241198611132
1887.75,1.5620890146004318
1887.76,1.3972988489765934
1887.77,1.2567768021244263
1887.78,1.1361890556486607
1887.79,1.032056797054797
1887.8,0.9415867165501526
1887.81,0.8649066659735027
1887.82,0.7978328202799958
1887.83,0.7365151756480102
1887.84,0.6821008967219878
1887.85,0.6335939705534002
1887.86,0.5901698540303786
1887.87,0.5511419076439135
1887.88,0.5159350349257962
1887.89,0.484064883824523
1887.9,0.4574728837860176
1887.91,0.4311226545361954
1887.92,0.40705173756541685
1887.93,0.3850037235853663
1887.94,0.36475735551279725
1887.95,0.3461209096164824
1887.96,0.32892759206589006
1887.97,0.313031747736285
1887.98,0.29830572330830063
1887.99,0.2846372589899539
1888.0,0.27192731002835036
1888.01,0.26008821909043994
1888.02,0.24904217650764598
1888.03,0.23871991822849917
1888.04,0.22905962162030155
1888.05,0.22000596582434662
1888.06,0.2115093270601162
1888.07,0.2035250856306054
1888.08,0.19601302894646563
1888.09,0.18893683721620025
1888.1,0.18226363866963904
1888.11,0.17596362312550046
1888.12,0.17000970516096844
1888.13,0.1643772299902567
1888.14,0.1590437159660962
1888.15,0.15398862803355545
1888.16,0.14919317807457766
1888.17,0.14464014900114958
1888.18,0.1403137392028335
1888.19,0.13619942497913878
1888.2,0.13228383846289982
1888.21,0.1285546590446287
1888.22,0.1250005160432548
1888.23,0.12161090177130122
1888.24,0.1183760940201658
1888.25,0.1152870866357068
1888.26,0.1123355271391751
1888.27,0.10951366059402917
1888.28,0.10681427902728484
1888.29,0.10423067579088491
1888.3,0.10175660431996783
1888.31,0.09938624080995993
1888.32,0.09711415039187171
1888.33,0.09493525643533253
1888.34,0.09284481265254592
1888.35,0.09083837771435944
1888.36,0.0889117921227952
1888.37,0.08706115711335523
1888.38,0.08528281538573614
1888.39,0.08357333348410319
1888.4,0.08192948566677453
1888.41,0.0803482391237677
1888.42,0.07882674041440187
1888.43,0.07736230301138679
1888.44,0.07595239584937703
1888.45,0.07459463278649398
1888.46,0.07328676289661251
1888.47,0.07202666151846993
1888.48,0.07081232199500144
1888.49,0.06964184804284589
1888.5,0.06851344669780797
1888.51,0.06742542178727405
1888.52,0.06637616788524044
1888.53,0.06536416470979226
1888.54,0.06438797192661032
1888.55,0.06344622432544944
1888.56,0.06253762734263409
1888.57,0.061660952883780575
1888.58,0.06081503546797405
1888.59,0.059998768609393946
1888.6,0.05921110146165416
1888.61,0.05845103568766512
1888.62,0.057717622540848106
1888.63,0.05700996014194965
1888.64,0.0563271909402533
1888.65,0.055668499327250646
1888.66,0.05503310943728817
1888.67,0.05442028306236199
1888.68,0.05382931771713237
1888.69,0.05325954482648983
1888.7,0.05271032803026297
1888.71,0.05218106159731678
1888.72,0.05167116894195656
1888.73,0.051180101236168854
1888.74,0.050707336111808894
1888.75,0.05025237644738151
1888.76,0.04981474923457476
1888.77,0.04939400452018966
1888.78,0.04898971441957926
1888.79,0.048601472198162673
1888.8,0.04822889141803311
1888.81,0.04787160514712581
1888.82,0.04752926522887556
1888.83,0.04720154161077043
1888.84,0.046888121730716645
1888.85,0.04658870996067895
1888.86,0.046303027107668766
1888.87,0.04603080997283458
1888.88,0.04577181097018686
1888.89,0.04552579780744173
1888.9,0.045292553232422844
1888.91,0.04507187484995829
1888.92,0.04486357501556619
1888.93,0.044667480814264596
1888.94,0.04448343413516914
1888.95,0.04431129185550537
1888.96,0.04415092615137915
1888.97,0.04400222495735055
1888.98,0.043865092602363084
1888.99,0.04373945066074374
1889.0,0.043625239056616215
1889.01,0.043522417490299
1889.02,0.043430967254935296
1889.03,0.04335089354429418
1889.04,0.043282228378611176
1889.05,0.043225034314657754
1889.06,0.04317940915809847
1889.07,0.04314457475769833
1889.08,0.043121644073447936
1889.09,0.04311177970600749
1889.1,0.043114376977486296
1889.11,0.04312984355054351
1889.12,0.043158697944776725
1889.13,0.04320159875494373
1889.14,0.04325938369271353
1889.15,0.043333122014593745
1889.16,0.04342418528249506
1889.17,0.04353434322954225
1889.18,0.04366589377982725
1889.19,0.043821838477409274
1889.2,0.04400611562276663
1889.21,0.044223899319734264
1889.22,0.04448195368761924
1889.23,0.04478897367929027
1889.24,0.04515569352192147
1889.25,0.04559419336998131
1889.26,0.04611513570099196
1889.27,0.04672065048634274
1889.28,0.04739044919452378
1889.29,0.048063633255410874
1889.3,0.04863332326249329
1889.31,0.04898250811596889
1889.32,0.049056864390666734
1889.33,0.048906835186221714
1889.34,0.048648617084128466
1889.35,0.048390942774714195
1889.36,0.048197087297351456
1889.37,0.04808902758861624
1889.38,0.04806557123435535
1889.39,0.048116547693542365
1889.4,0.04823017489878874
1889.41,0.048395956872258186
1889.42,0.04860543423795529
1889.43,0.04885209560417538
1889.44,0.049131041396373025
1889.45,0.04943862864498784
1889.46,0.04977216976516314
1889.47,0.050129697332617025
1889.48,0.050509787083579394
1889.49,0.05091142689482526
1889.5,0.051333920377533065
1889.51,0.051776815969273894
1889.52,0.05223985464786924
1889.53,0.052722931225974774
1889.54,0.053226065577834075
1889.55,0.053750108858124444
1889.56,0.05429455464779407
1889.57,0.05485895273685973
1889.58,0.05544438273618128
1889.59,0.05605125755106766
1889.6,0.05668004508015924
1889.61,0.05733126473000054
1889.62,0.0580054850279373
1889.63,0.058703322115636815
1889.64,0.059425438960536536
1889.65,0.06017254516398674
1889.66,0.060945397275270416
1889.67,0.06174479954485138
1889.68,0.06257160506809634
1889.69,0.06342671728508552
1889.7,0.064311091813488
1889.71,0.06522573860077024
1889.72,0.06617172438980426
1889.73,0.06715017549870553
1889.74,0.06816228092183442
1889.75,0.06920929576464438
1889.76,0.07029254503073444
1889.77,0.0714134277853143
1889.78,0.07257342172558974
1889.79,0.07377408819561014
1889.8,0.07501707769123386
1889.81,0.07630413591047847
1889.82,0.07763711041616747
1889.83,0.07901795799216889
1889.84,0.08044875279257191
1889.85,0.08193169540614452
1889.86,0.08346912298808247
1889.87,0.08506352064979378
1889.88,0.0867175343486251
1889.89,0.08843398558730531
1889.9,0.09021588832529566
1889.91,0.09206646862703237
1889.92,0.09398918774088885
1889.93,0.09598776954409288
1889.94,0.09806526856547589
1889.95,0.10022797737157264
1889.96,0.10247966513398356
1889.97,0.10482552126183238
1889.98,0.10727126193873165
1889.99,0.10982322987853967
1890.0,0.11248852026608747
1890.01,0.11527513647232324
1890.02,0.11819217238224086
1890.03,0.12124999809785789
1890.04,0.12446037473997185
1890.05,0.12783630658392356
1890.06,0.13139119854515696
1890.07,0.13513649144760112
1890.08,0.1390766224871772
1890.09,0.1432010281956189
1890.1,0.14747738538348415
1890.11,0.151858075426739
1890.12,0.15630937828266633
1890.13,0.16084481968145659
1890.14,0.1655253175021243
1890.15,0.17042607613210198
1890.16,0.1756075694222155
1890.17,0.18110925961466923
1890.18,0.1869565787798293
1890.19,0.19316917864979496
1890.2,0.19976624388414038
1890.21,0.20676915157270442
1890.22,0.21420263464587966
1890.23,0.22209528335990106
1890.24,0.2304798240931945
1890.25,0.23939337526636595
1890.26,0.24887776387878197
1890.27,0.25897993665272107
1890.28,0.269752481702911
1890.29,0.281254272339748
1890.3,0.2935512461562211
1890.31,0.30671733668038353
1890.32,0.32083558041911975
1890.33,0.33599942881081896
1890.34,0.3523146909845192
1890.35,0.36990021767407477
1890.36,0.38889085614626534
1890.37,0.4094408554288681
1890.38,0.4317258301014711
1890.39,0.45594691168458507
1890.4,0.48233529041519974
1890.41,0.511157722988166
1890.42,0.54272324404793
1890.43,0.577391385531673
1890.44,0.615582295584365
1890.45,0.6577892651152055
1890.46,0.7045943240152558
1890.47,0.7566877728077848
1890.48,0.8148927885686406
1890.49,0.8801966123217457
1890.5,0.9537903224237275
1890.51,1.0352571770235535
1890.52,1.1282369809880215
1890.53,1.2367691422037441
1890.54,1.3616670406025646
1890.55,1.5062846209416887
1890.56,1.674830073203443
1890.57,1.8726151540816522
1890.58,2.1063781903619985
1890.59,2.384694804935717
1890.6,2.718480667497606
1890.61,3.121559683839724
1890.62,3.6111918110643035
1890.63,4.208272038570349
1890.64,4.936526220215523
1890.65,5.819301150520331
1890.66,6.8714318451606635
1890.67,8.082779338246665
1890.68,9.391960895913845
1890.69,10.65891983417126
1890.7,11.664811264955393
1890.71,12.175206260634122
1890.72,12.056615504290281
1890.73,11.357547243753725
1890.74,10.284021099900432
1890.75,9.075538548923877
1890.76,7.91651281132426
1890.77,6.9071902208583245
1890.78,6.08274611462828
1890.79,5.442487077311448
1890.8,4.971508560999646
1890.81,4.652715087841876
1890.82,4.472236962062183
1890.83,4.421155239359875
1890.84,4.495091768327778
1890.85,4.691947743399504
1890.86,5.007049909100487
1890.87,5.4243904068896756
1890.88,5.903636844460393
1890.89,6.367525712271488
1890.9,6.703692713691176
1890.91,6.798152033746831
1890.92,6.593305359272857
1890.93,6.123610875922387
1890.94,5.491457067631756
1890.95,4.808913625694992
1890.96,4.156517797387765
1890.97,3.5753756429973373
1890.98,3.077777672739004
1890.99,2.660317060145814
1891.0,2.313095794825877
1891.01,2.02473213851617
1891.02,1.7846069636936654
1891.03,1.5864295957263441
1891.04,1.419977595435213
1891.05,1.2764852522207268
1891.06,1.1539550869033113
1891.07,1.0486022566078532
1891.08,0.9574156124437652
1891.09,0.8779903938447424
1891.1,0.8083961720927618
1891.11,0.7470740905518456
1891.12,0.6927573938238171
1891.13,0.6444100531189554
1891.14,0.601179294276827
1891.15,0.5623587556734772
1891.16,0.5273597671675687
1891.17,0.4956888438101212
1891.18,0.4669299510941234
1891.19,0.4407304493574306
1891.2,0.419635904580087
1891.21,0.3977164270087662
1891.22,0.3775775628343776
1891.23,0.35902811760129116
1891.24,0.34190219226671215
1891.25,0.32605525674316116
1891.26,0.31136091509365094
1891.27,0.29770822743498515
1891.28,0.28499948221682037
1891.29,0.2731483346839896
1891.3,0.26207824450140005
1891.31,0.2517211589343465
1891.32,0.2420163985257919
1891.33,0.2329097105372668
1891.34,0.22435246188694954
1891.35,0.21630094839547337
1891.36,0.20871580150385338
1891.37,0.20156147716733466
1891.38,0.19480581417695228
1891.39,0.18841965129036892
1891.4,0.18237649430195815
1891.41,0.17665222574075526
1891.42,0.17122485104429033
1891.43,0.1660742760353767
1891.44,0.1611821113617342
1891.45,0.1565315002014179
1891.46,0.15210696611049856
1891.47,0.1478942783473818
1891.48,0.14388033239732595
1891.49,0.14005304375984062
1891.5,0.1364012533790735
1891.51,0.13291464333924305
1891.52,0.1295836614942454
1891.53,0.12639945379983109
1891.54,0.12335380351037949
1891.55,0.1204390765939166
1891.56,0.11764817263552958
1891.57,0.11497448058349855
1891.58,0.11241183874900232
1891.59,0.10995449862445693
1891.6,0.10759709210440145
1891.61,0.1053346017088443
1891.62,0.1031623337389018
1891.63,0.10107589342197482
1891.64,0.09907116259557312
1891.65,0.09714427896440911
1891.66,0.095291616917923
1891.67,0.09350977001806038
1891.68,0.09179553612295986
1891.69,0.0901459055670778
1891.7,0.08855804982678137
1891.71,0.08702930815081322
1891.72,0.08555717421590696
1891.73,0.08413928537276905
1891.74,0.08277341401824165
1891.75,0.08145745987604461
1891.76,0.08018944275756454
1891.77,0.07896749582675396
1891.78,0.07778985945718439
1891.79,0.07665487566428202
1891.8,0.07556098322763624
1891.81,0.07450671346180304
1891.82,0.07349068660096487
1891.83,0.07251160893624246
1891.84,0.07156827071113912
1891.85,0.07065954487794032
1891.86,0.06978438684643457
1891.87,0.06894183540865416
1891.88,0.06813018798304951
1891.89,0.06734948722960087
1891.9,0.06659988135253513
1891.91,0.06587994773514515
1891.92,0.06518922130262478
1891.93,0.06452737388809282
1891.94,0.06389423926948509
1891.95,0.06328984746097817
1891.96,0.06271447163628809
1891.97,0.06216869235494687
1891.98,0.061653485460197964
1891.99,0.06117034206525535
1892.0,0.06072143102907832
1892.01,0.06030981482825069
1892.02,0.059939724762247744
1892.03,0.05961688067062716
1892.04,0.05934877887660404
1892.05,0.05914471442760419
1892.06,0.05901494371176241
1892.07,0.05896769807818212
1892.08,0.059001850684896884
1892.09,0.05909335080490845
1892.1,0.05917938761462937
1892.11,0.0591587659038179
1892.12,0.05893268022144881
1892.13,0.05847063824331701
1892.14,0.05783441230057933
1892.15,0.05713058338140642
1892.16,0.05644784229565934
1892.17,0.05583267085822263
1892.18,0.05529811302224905
1892.19,0.05484000584231661
1892.2,0.054448200312704795
1892.21,0.054111989487380975
1892.22,0.05382208960104904
1892.23,0.053571053497400795
1892.24,0.05335310474065947
1892.25,0.05316382066399529
1892.26,0.05299982333950406
1892.27,0.05285852467609992
1892.28,0.05273792984554601
1892.29,0.052636490122390064
1892.3,0.05255299413161071
1892.31,0.05248648771919791
1892.32,0.052436214823394715
1892.33,0.05240157364139477
1892.34,0.052382083934043755
1892.35,0.05237799633708925
1892.36,0.05238837728792293
1892.37,0.052412352253616006
1892.38,0.05245036306317745
1892.39,0.05250226755117034
1892.4,0.05256796201526067
1892.41,0.05264737611575678
1892.42,0.05274046887412976
1892.43,0.05284722552467497
1892.44,0.0529676550343034
1892.45,0.05310178815033511
1892.46,0.05324967586953201
1892.47,0.053411388246597094
1892.48,0.05358701347923293
1892.49,0.05377665722121518
1892.5,0.0539804420859732
1892.51,0.054198507311747454
1892.52,0.0544310085661446
1892.53,0.054678117873294386
1892.54,0.05494002365106689
1892.55,0.0552169308487467
1892.56,0.05550906117572831
1892.57,0.05581665340435104
1892.58,0.05613996370475858
1892.59,0.056479265933739455
1892.6,0.05683485190529414
1892.61,0.0572070322055798
1892.62,0.05759613807901064
1892.63,0.05800252286514022
1892.64,0.05842656195407199
1892.65,0.05886865314866167
1892.66,0.05932921809131375
1892.67,0.05980870397399747
1892.68,0.060307585176375134
1892.69,0.06082636496873447
1892.7,0.06136557801497234
1892.71,0.061925794255346465
1892.72,0.06250762254734693
1892.73,0.06311171332677681
1892.74,0.06373876250294627
1892.75,0.06438951727463214
1892.76,0.06506478336083378
1892.77,0.06576543378580654
1892.78,0.06649241989423238
1892.79,0.0672467853179776
1892.8,0.06802968400913029
1892.81,0.06884153518291203
1892.82,0.06968553517435652
1892.83,0.07056246732790826
1892.84,0.07147425042824194
1892.85,0.07242313660666655
1892.86,0.07341180842686588
1892.87,0.07444350348341722
1892.88,0.07552216336000894
1892.89,0.07665258821593694
1892.9,0.07784053350786228
1892.91,0.07909257426019389
1892.92,0.08041532981830349
1892.93,0.08181324563791904
1892.94,0.08328376794637264
1892.95,0.0848095346156196
1892.96,0.08635165961322959
1892.97,0.08785613933885025
1892.98,0.08928269637163934
1892.99,0.09063641750941515
1893.0,0.09196529118140605
1893.01,0.09332683781652912
1893.02,0.09476161207331597
1893.03,0.09628909672041525
1893.04,0.0979150331308354
1893.05,0.09963897644080284
1893.06,0.101458778446866
1893.07,0.10337259918532425
1893.08,0.10537959391841321
1893.09,0.10748002587715479
1893.1,0.10967517620309027
1893.11,0.11196720822093982
1893.12,0.11435904380297131
1893.13,0.11685426783513482
1893.14,0.11945706142018095
1893.15,0.12217215973010037
1893.16,0.1250048297672359
1893.17,0.12796086397439496
1893.18,0.1310472540844685
1893.19,0.13426954320561063
1893.2,0.1376358413802354
1893.21,0.14115420502855655
1893.22,0.1448333411508392
1893.23,0.14868265665460292
1893.24,0.15271231536689808
1893.25,0.15693330311447332
1893.26,0.16135750146746883
1893.27,0.1659977709451137
1893.28,0.17086804468603553
1893.29,0.1759834338008648
1893.3,0.18136034585955535
1893.31,0.18701661822885704
1893.32,0.19297166827560228
1893.33,0.19924666279880043
1893.34,0.2058647094592399
1893.35,0.212851073452697
1893.36,0.22023342323780867
1893.37,0.22804210980150935
1893.38,0.23631048474743763
1893.39,0.24507526345326697
1893.4,0.25437694070442934
1893.41,0.2642602676031668
1893.42,0.27477480025320744
1893.43,0.2859755327786583
1893.44,0.29792362975571557
1893.45,0.31068727622390496
1893.46,0.32434266724533417
1893.47,0.33897516367986247
1893.48,0.3546806466776655
1893.49,0.3715671106639784
1893.5,0.3897565437000124
1893.51,0.4093871555646119
1893.52,0.4306160284007601
1893.53,0.4536222831570941
1893.54,0.47861087860920815
1893.55,0.5058171898909365
1893.56,0.5355125524762996
1893.57,0.5680110081727002
1893.58,0.6036775556793246
1893.59,0.6429382946510537
1893.6,0.686292966444738
1893.61,0.7343305467640164
1893.62,0.7853201823097984
1893.63,0.8426926638980972
1893.64,0.9095613742018696
1893.65,0.9848360030102711
1893.66,1.0699705763441691
1893.67,1.1667393862436348
1893.68,1.277322084289683
1893.69,1.4044147911760732
1893.7,1.5513758688843067
1893.71,1.7224178067216072
1893.72,1.9228600503876456
1893.73,2.1594611383376265
1893.74,2.440850829014725
1893.75,2.7780803431086434
1893.76,3.1852924996157137
1893.77,3.680462953506709
1893.78,4.286034482715036
1893.79,5.028968420842181
1893.8,5.939112261465174
1893.81,7.043634086635979
1893.82,8.353674409935703
1893.83,9.838762204174643
1893.84,11.38991134205366
1893.85,12.791399349220352
1893.86,13.747949529666544
1893.87,14.001651014559004
1893.88,13.48094786409389
1893.89,12.348054143481383
1893.9,10.895508941242005
1893.91,9.395831699631794
1893.92,8.020896768945041
1893.93,6.8414982769303405
1893.94,5.872770955084777
1893.95,5.093397035828559
1893.96,4.475244553644749
1893.97,3.990692154573948
1893.98,3.61629833942438
1893.99,3.3336497273463324
1894.0,3.129105501913693
1894.01,2.9932403407082844
1894.02,2.920320461887871
1894.03,2.90793127600759
1894.04,2.9567777053420463
1894.05,3.0706227556382624
1894.06,3.2562658478267097
1894.07,3.523339637052657
1894.08,3.883453969990375
1894.09,4.347753451087153
1894.1,4.9212712909499725
1894.11,5.591990404124771
1894.12,6.314004311439338
1894.13,6.991174657417068
1894.14,7.481048031239093
1894.15,7.642407039090675
1894.16,7.4133806717137976
1894.17,6.852951710374635
1894.18,6.10063481636613
1894.19,5.3013729066738655
1894.2,4.5479526412600775
1894.21,3.882597330974758
1894.22,3.319249662176328
1894.23,2.851254221171641
1894.24,2.465369458758809
1894.25,2.1473826445046833
1894.26,1.884457972029552
1894.27,1.6658369075058237
1894.28,1.4828207705781935
1894.29,1.3284956895703173
1894.3,1.1974040594087219
1894.31,1.085242177805138
1894.32,0.9886080138600797
1894.33,0.9048002710991853
1894.34,0.8316619370294767
1894.35,0.7674597863151521
1894.36,0.7107919498674882
1894.37,0.6605170114437218
1894.38,0.6156994812505305
1894.39,0.5755676937424904
1894.4,0.5394811360502825
1894.41,0.5069049536963498
1894.42,0.4773899402832562
1894.43,0.45055673742319746
1894.44,0.42608328411797264
1894.45,0.4069118103721139
1894.46,0.38639496514850263
1894.47,0.36752483461270047
1894.48,0.3501259293553014
1894.49,0.3340458314621318
1894.5,0.3191516410212412
1894.51,0.30532704314021386
1894.52,0.2924698755589975
1894.53,0.280490102161962
1894.54,0.26930811721493536
1894.55,0.2588533203954062
1894.56,0.24906291445658477
1894.57,0.2398808869262313
1894.58,0.23125714443135068
1894.59,0.2231467742383333
1894.6,0.21550941224835984
1894.61,0.20830870045944944
1894.62,0.20151181994601822
1894.63,0.19508908787531404
1894.64,0.1890136091009355
1894.65,0.18326097453888415
1894.66,0.17780899993219693
1894.67,0.17263749979378648
1894.68,0.16772736401984797
1894.69,0.1630625822386816
1894.7,0.15862863016674908
1894.71,0.15441090097829968
1894.72,0.15039680371889266
1894.73,0.14657496047568777
1894.74,0.14293516314650317
1894.75,0.1394683605803465
1894.76,0.1361666819948197
1894.77,0.13302350470061824
1894.78,0.1300335753900618
1894.79,0.12719319167574988
1894.8,0.12450043648450662
1894.81,0.1219554132104734
1894.82,0.11956031036523955
1894.83,0.1173188425655394
1894.84,0.11523404127471464
1894.85,0.11330251783560001
1894.86,0.11150316759759216
1894.87,0.10978236420403711
1894.88,0.10805010301581763
1894.89,0.10621069761306219
1894.9,0.1042225127324172
1894.91,0.10212834038331105
1894.92,0.10001882919086294
1894.93,0.09797368893956653
1894.94,0.09603528894844109
1894.95,0.09421476988446428
1894.96,0.09250684361607332
1894.97,0.09090042901759977
1894.98,0.08938386780290887
1894.99,0.08794684474571744
1895.0,0.08658080013836034
1895.01,0.08527878377349514
1895.02,0.08403516201592529
1895.03,0.08284533036999957
1895.04,0.08170547576690768
1895.05,0.08061239271908589
1895.06,0.07956334513529947
1895.07,0.07855596353343468
1895.08,0.07758816864401809
1895.09,0.07665811435995794
1895.1,0.07576468246478436
1895.11,0.0749058389301625
1895.12,0.07407968487028638
1895.13,0.07328549844604881
1895.14,0.07252212424304737
1895.15,0.07178849202421612
1895.16,0.07108360683970515
1895.17,0.0704065408128974
1895.18,0.06975642621831962
1895.19,0.06913244961898309
1895.2,0.06853384727641616
1895.21,0.06795990188403314
1895.22,0.06740993992852237
1895.23,0.06688332829784331
1895.24,0.06637947062591269
1895.25,0.06589780453311135
1895.26,0.06543779970948424
1895.27,0.06499895631119912
1895.28,0.06458080344851155
1895.29,0.06418289777754471
1895.3,0.06380482209800639
1895.31,0.06344618427030375
1895.32,0.06310661605087126
1895.33,0.0627857720939072
1895.34,0.062483329108295266
1895.35,0.06219898502440893
1895.36,0.061932458282724444
1895.37,0.06168348719207822
1895.38,0.06145182936175689
1895.39,0.061237261205002044
1895.4,0.06103957751260235
1895.41,0.06085859109664874
1895.42,0.06069413250564782
1895.43,0.060546049813748344
1895.44,0.06041420848846801
1895.45,0.06029849134328941
1895.46,0.060198798583902945
1895.47,0.06011504795985597
1895.48,0.06004717503712837
1895.49,0.05999513361195394
1895.5,0.05995889629240418
1895.51,0.059938455282334505
1895.52,0.05993382341292428
1895.53,0.059945035481153014
1895.54,0.059972149973414025
1895.55,0.06001525127787987
1895.56,0.06007445252371217
1895.57,0.0601498992323072
1895.58,0.060241774030521125
1895.59,0.06035030276533239
1895.6,0.06047576248369611
1895.61,0.060618491914399115
1895.62,0.06077813587836151
1895.63,0.06095674732801403
1895.64,0.06115417794078503
1895.65,0.06137120664496496
1895.66,0.06160880913647588
1895.67,0.06186821814423329
1895.68,0.06215100362772225
1895.69,0.06245917682419919
1895.7,0.06279531787287276
1895.71,0.06316271288642902
1895.72,0.06356544885493193
1895.73,0.06400832422059267
1895.74,0.06449623810867687
1895.75,0.06503237638563507
1895.76,0.065614162073398
1895.77,0.06622648930803797
1895.78,0.06683543548551897
1895.79,0.06739278063815972
1895.8,0.06786048222437634
1895.81,0.06823941062529339
1895.82,0.06856900106953828
1895.83,0.06889827693122402
1895.84,0.06926170961294241
1895.85,0.06967502110442166
1895.86,0.07014155420746822
1895.87,0.07065900066945817
1895.88,0.07122340236370192
1895.89,0.07183093647418261
1895.9,0.07247851398919583
1895.91,0.07316386578766465
1895.92,0.07388544843916174
1895.93,0.07464230946741549
1895.94,0.07543396265616503
1895.95,0.07626028713025725
1895.96,0.07712145035756657
1895.97,0.07801785112875856
1895.98,0.07895007805238048
1895.99,0.07991944443798331
1896.0,0.08092571245268847
1896.01,0.08197045388312073
1896.02,0.08305479446753905
1896.03,0.08417996815800108
1896.04,0.08534731342373963
1896.05,0.08655827154276256
1896.06,0.08781438679959544
1896.07,0.08911730820725418
1896.08,0.09046879241959586
1896.09,0.09187070765016203
1896.1,0.09332503850677837
1896.11,0.0948338916918463
1896.12,0.09639950254251943
1896.13,0.09802424240501074
1896.14,0.09971062685479469
1896.15,0.10146132479116875
1896.16,0.10327916844781643
1896.17,0.10516716437583389
1896.18,0.10712850546801066
1896.19,0.10916658410651826
1896.2,0.11128500652963261
1896.21,0.11348760852738678
1896.22,0.11577847259135932
1896.23,0.11816194666035197
1896.24,0.12064266462140324
1896.25,0.12322556874359392
1896.26,0.12591593421582747
1896.27,0.12871939612316236
1896.28,0.13164197873092331
1896.29,0.13469012775249556
1896.3,0.13787074572334806
1896.31,0.14119123158966865
1896.32,0.14465952538478485
1896.33,0.1482841572147733
1896.34,0.1520742995139895
1896.35,0.15603982430665309
1896.36,0.1601913678095536
1896.37,0.16454040298483524
1896.38,0.16909932028257132
1896.39,0.17388151741918662
1896.4,0.17890149946188594
1896.41,0.18417499065795748
1896.42,0.1897190597145472
1896.43,0.1955522603905038
1896.44,0.20169478955233286
1896.45,0.20816866527341912
1896.46,0.21499792789615813
1896.47,0.22220886750523408
1896.48,0.22983028184509147
1896.49,0.23789376941911344
1896.5,0.24643406335128507
1896.51,0.2554894126037089
1896.52,0.2651020183632301
1896.53,0.27531853488502095
1896.54,0.28619064586963644
1896.55,0.2977757296275196
1896.56,0.31013762894553853
1896.57,0.32334754483358374
1896.58,0.3374850773480502
1896.59,0.3526394416583052
1896.6,0.3689108936929398
1896.61,0.3864124073988162
1896.62,0.4052716552883864
1896.63,0.4256333560888475
1896.64,0.44766206865582914
1896.65,0.47154553084017226
1896.66,0.49749866691679984
1896.67,0.5257684192329277
1896.68,0.5566396010940818
1896.69,0.5904420216381256
1896.7,0.6275592036259403
1896.71,0.6656787417298151
1896.72,0.7081042950613184
1896.73,0.7582192085089261
1896.74,0.8139766997230045
1896.75,0.8762523680630797
1896.76,0.9460956416592814
1896.77,1.0247718207917325
1896.78,1.1138160590961383
1896.79,1.2151031276874826
1896.8,1.330938155334829
1896.81,1.4641753650745102
1896.82,1.6183742750135341
1896.83,1.7980060300075222
1896.84,2.008726516940308
1896.85,2.2577373948100234
1896.86,2.5542599591256723
1896.87,2.9101464640140065
1896.88,3.3406405495308
1896.89,3.865252416624886
1896.9,4.508589734694079
1896.91,5.30068625861416
1896.92,6.275717906568927
1896.93,7.466736000071717
1896.94,8.89211654706485
1896.95,10.528091894527249
1896.96,12.266235805792446
1896.97,13.875029888242983
1896.98,15.018656472811799
1896.99,15.383114704527127
1897.0,14.857163799699196
1897.01,13.607366284550228
1897.02,11.967811077942722
1897.03,10.259151237587693
1897.04,8.68571093434138
1897.05,7.334351232875425
1897.06,6.217065882628268
1897.07,5.310916441869066
1897.08,4.58215838000207
1897.09,3.997591978486614
1897.1,3.5287127499279776
1897.11,3.149697501065565
1897.12,2.8482509284546325
1897.13,2.6077422528627414
1897.14,2.417739905925477
1897.15,2.270470171607673
1897.16,2.160281007505051
1897.17,2.0832517305010323
1897.18,2.0369275084861407
1897.19,2.0201599931020624
1897.2,2.033041182330494
1897.21,2.0769238121267
1897.22,2.1545267533942183
1897.23,2.2701263786494965
1897.24,2.4298312063353693
1897.25,2.641919394213393
1897.26,2.917169415299895
1897.27,3.268997568361359
1897.28,3.7129646571764914
1897.29,4.264726531822263
1897.3,4.934712136521115
1897.31,5.717022104670345
1897.32,6.57086399561779
1897.33,7.402603863591815
1897.34,8.052156156526767
1897.35,8.344023078947579
1897.36,8.184958529991425
1897.37,7.619432267885673
1897.38,6.801524981025181
1897.39,5.902321835974087
1897.4,5.04324624651191
1897.41,4.284313079058095
1897.42,3.6419787318839614
1897.43,3.109962323586145
1897.44,2.6732122370570597
1897.45,2.3151402231720257
1897.46,2.0206679490556
1897.47,1.777157140283504
1897.48,1.5744152552026935
1897.49,1.404371157605011
1897.5,1.260680860377317
1897.51,1.138364286632471
1897.52,1.0335031061490572
1897.53,0.9430010261414724
1897.54,0.8643980265260286
1897.55,0.7957279276782171
1897.56,0.735409408665555
1897.57,0.6821619836046582
1897.58,0.634939571842661
1897.59,0.5928750593583115
1897.6,0.5552310419444652
1897.61,0.5213586985093034
1897.62,0.4906797777122241
1897.63,0.4627070613757569
1897.64,0.4370796325137687
1897.65,0.4169909047743948
1897.66,0.3954203680310372
1897.67,0.37561657702935203
1897.68,0.3574156276022779
1897.69,0.3406571440822751
1897.7,0.3251922661290339
1897.71,0.31088755316396594
1897.72,0.29762540934062487
1897.73,0.285302820719358
1897.74,0.2738295667374404
1897.75,0.2631264379994989
1897.76,0.25312364885219385
1897.77,0.24375948358699945
1897.78,0.2349791600609803
1897.79,0.2267338792003898
1897.8,0.21898002837282693
1897.81,0.21167851077453698
1897.82,0.20479417793311894
1897.83,0.19829534689438108
1897.84,0.1921538378013185
1897.85,0.18634326975804077
1897.86,0.18083965483096553
1897.87,0.17562202379105663
1897.88,0.17067085769291726
1897.89,0.165968331633239
1897.9,0.16149813832674142
1897.91,0.15724533315093941
1897.92,0.15319619766233739
1897.93,0.1493381190639526
1897.94,0.1456594834930897
1897.95,0.14214958132030206
1897.96,0.13879852291770925
1897.97,0.1355971635778572
1897.98,0.13253703645124867
1897.99,0.12961029252806455
1898.0,0.12680964682261933
1898.01,0.1241283300319344
1898.02,0.12156004503580492
1898.03,0.11909892768755907
1898.04,0.11673951141430106
1898.05,0.11447669520400325
1898.06,0.11230571460462241
1898.07,0.11022211539551327
1898.08,0.10822172964911003
1898.09,0.10630065391803208
1898.1,0.10445522953313623
1898.11,0.10268202486993802
1898.12,0.10097781922603921
1898.13,0.0993395876037314
1898.14,0.09776448660555301
1898.15,0.09624984171580739
1898.16,0.09479313583463658
1898.17,0.09339199879353734
1898.18,0.09204419770741014
1898.19,0.09074762809593238
1898.2,0.08950030572323724
1898.21,0.08830035910577286
1898.22,0.08714602263989955
1898.23,0.08603563030396928
1898.24,0.08496760989200379
1898.25,0.08394047773318136
1898.26,0.08295283387326681
1898.27,0.08200335766849617
1898.28,0.08109080395731069
1898.29,0.08021399990175306
1898.3,0.07937184245457313
1898.31,0.0785632958666906
1898.32,0.07778738943294947
1898.33,0.07704321598715078
1898.34,0.07632993132192653
1898.35,0.07564675448301195
1898.36,0.07499296902948767
1898.37,0.07436792551239194
1898.38,0.0737710455405606
1898.39,0.07320182793428254
1898.4,0.07265985765278009
1898.41,0.0721448184457031
1898.42,0.07165584822419586
1898.43,0.07119421790520074
1898.44,0.0707593762394664
1898.45,0.07035166063523204
1898.46,0.06997169256826521
1898.47,0.06962046073060332
1898.48,0.06929942616432393
1898.49,0.06901064229107248
1898.5,0.0687568576897827
1898.51,0.0685415063501334
1898.52,0.06836834775413766
1898.53,0.06824024645926863
1898.54,0.06815622606825086
1898.55,0.0681060593619656
1898.56,0.06806401347159205
1898.57,0.0679894036595369
1898.58,0.06784410155657597
1898.59,0.06761962543775886
1898.6,0.06734411550512415
1898.61,0.06706004628378322
1898.62,0.06680001344601269
1898.63,0.06657982793637482
1898.64,0.0664032354045641
1898.65,0.06626815390041475
1898.66,0.06617062684463494
1898.67,0.06610664968125653
1898.68,0.06607280921927214
1898.69,0.06606639903191695
1898.7,0.06608534586208589
1898.71,0.06612808960474983
1898.72,0.06619346915150523
1898.73,0.06628062887398692
1898.74,0.06638894661199381
1898.75,0.0665179797649748
1898.76,0.06666742543142726
1898.77,0.06683756104896807
1898.78,0.06702734652131412
1898.79,0.06723721713469888
1898.8,0.06746720281974167
1898.81,0.06771738572051382
1898.82,0.06798789369302799
1898.83,0.06827889548836562
1898.84,0.06859059720559658
1898.85,0.06892323971237359
1898.86,0.06927709681205386
1898.87,0.06965247399463999
1898.88,0.07004970765127765
1898.89,0.07046916466300929
1898.9,0.07091124229754117
1898.91,0.0713763683644521
1898.92,0.07186500159232106
1898.93,0.07237763220071194
1898.94,0.07291478264739375
1898.95,0.07347700853688953
1898.96,0.07406489966092383
1898.97,0.07467908128526503
1898.98,0.07532021537874203
1898.99,0.07598900218643136
1899.0,0.07668618184622647
1899.01,0.077412536173364
1899.02,0.0781688905977035
1899.03,0.0789561162602976
1899.04,0.07977513227721715
1899.05,0.08062690817999735
1899.06,0.08151246654346855
1899.07,0.08243288579312649
1899.08,0.08338930332615804
1899.09,0.08438291865973922
1899.1,0.08541499702638888
1899.11,0.08648687313239643
1899.12,0.08759995522127265
1899.13,0.08875572944479394
1899.14,0.0899557645666253
1899.15,0.09120171702667508
1899.16,0.09249533639632675
1899.17,0.0938384712588938
1899.18,0.09523307555281667
1899.19,0.09668121541951978
1899.2,0.09818507660245142
1899.21,0.0997469724483131
1899.22,0.101369352563415
1899.23,0.10305481216944933
1899.24,0.10480610216077352
1899.25,0.10662613974469011
1899.26,0.10851801937341798
1899.27,0.11048502406576773
1899.28,0.11253063956464575
1899.29,0.11465857475540624
1899.3,0.11687278282503061
1899.31,0.11917747533499902
1899.32,0.12157713660939118
1899.33,0.12407654499125821
1899.34,0.1266807981112214
1899.35,0.12939533981908896
1899.36,0.13222598886303066
1899.37,0.1351789697649869
1899.38,0.13826094602070604
1899.39,0.1414790561393894
1899.4,0.144840955608146
1899.41,0.1483548683883453
1899.42,0.15202964158733295
1899.43,0.1558747966021396
1899.44,0.15990058614139863
1899.45,0.16411806326562653
1899.46,0.16853915968488978
1899.47,0.17317677206663704
1899.48,0.17804485756417307
1899.49,0.18315854026263262
1899.5,0.18853423024923008
1899.51,0.19418975712710626
1899.52,0.20014452002409447
1899.53,0.20641965646215765
1899.54,0.2130382328377975
1899.55,0.2200254597451694
1899.56,0.2274089358063422
1899.57,0.2352189244898756
1899.58,0.24348866930272797
1899.59,0.2522547529418053
1899.6,0.2615575081526089
1899.61,0.2714414886466103
1899.62,0.28195601034456697
1899.63,0.2931557751596626
1899.64,0.30510159195867026
1899.65,0.3178612123148744
1899.66,0.3315103023078623
1899.67,0.34613357613861967
1899.68,0.361826122970401
1899.69,0.3786949648962867
1899.7,0.39686089399037494
1899.71,0.4164606450187939
1899.72,0.437649476453314
1899.73,0.46060424846189335
1899.74,0.48552710930487236
1899.75,0.5126499300039006
1899.76,0.5422396638479503
1899.77,0.5746048550710611
1899.78,0.6070836274726533
1899.79,0.6460579451672197
1899.8,0.686169434877342
1899.81,0.7339160634094932
1899.82,0.7869564534505696
1899.83,0.8460985926943201
1899.84,0.9123082581514912
1899.85,0.986746614337057
1899.86,1.070818364738929
1899.87,1.1662338390057256
1899.88,1.2750895940777245
1899.89,1.399973745893883
1899.9,1.5441044820347272
1899.91,1.7115132129999997
1899.92,1.9072877686854843
1899.93,2.1378959740145556
1899.94,2.4116154401299634
1899.95,2.7390998661902404
1899.96,3.1341108929998405
1899.97,3.614425647875769
1899.98,4.202865053945864
1899.99,4.928212382523842
1900.0,5.825370467806491
1900.01,6.933192356763546
1900.02,8.286695252720174
1900.03,9.897936544901038
1900.04,11.719105138625565
1900.05,13.59069082050965
1900.06,15.208805402376942
1900.07,16.18314654429943
1900.08,16.219277452468244
1900.09,15.307453129707278
1900.1,13.729490851485837
1900.11,11.876134552928782
1900.12,10.05940372210796
1900.13,8.447092576266549
1900.14,7.0922502154298215
1900.15,5.985255113606799
1900.16,5.0918796149308925
1900.17,4.373316930311749
1900.18,3.7944600618483806
1900.19,3.3262937399207444
1900.2,2.945824315954312
1900.21,2.635185556205553
1900.22,2.380612348521012
1900.23,2.171528922711012
1900.24,1.9998132254335659
1900.25,1.8592297617333717
1900.26,1.7450025814172268
1900.27,1.6503164804368944
1900.28,1.5788313976102524
1900.29,1.5253558588544058
1900.3,1.4885136368552632
1900.31,1.4674545683532054
1900.32,1.4618167593667772
1900.33,1.4717503414904396
1900.34,1.497984996388271
1900.35,1.5418918108560313
1900.36,1.6055344978957609
1900.37,1.69176601081133
1900.38,1.804410231757445
1900.39,1.9485281043221048
1900.4,2.1307603847272363
1900.41,2.359739789479189
1900.42,2.649909608387322
1900.43,3.011798476592957
1900.44,3.4587028937035194
1900.45,4.012286156861064
1900.46,4.688864401741097
1900.47,5.494054383875459
1900.48,6.406091608100722
1900.49,7.351546475299071
1900.5,8.186647971429185
1900.51,8.71711958599854
1900.52,8.782098050001093
1900.53,8.356527679504632
1900.54,7.569239473019829
1900.55,6.615771932030462
1900.56,5.659765834805908
1900.57,4.7945923964600246
1900.58,4.054620551736959
1900.59,3.440102691003913
1900.6,2.9365224480834837
1900.61,2.525402431384127
1900.62,2.189163137822736
1900.63,1.9128069443870033
1900.64,1.6841652175687953
1900.65,1.4935975675519386
1900.66,1.333544665323394
1900.67,1.198095159141942
1900.68,1.0826189148701115
1900.69,0.9834742489196899
1900.7,0.8977808298468989
1900.71,0.8232459040907446
1900.72,0.7580320390735826
1900.73,0.7006565226951507
1900.74,0.6499146646798805
1900.75,0.6048210818786789
1900.76,0.5645645189810131
1900.77,0.5284728832141792
1900.78,0.49598601866855324
1900.79,0.4666343746912634
1900.8,0.44002218801285004
1900.81,0.4158141408193309
1900.82,0.39727224720602305
1900.83,0.37708241731054226
1900.84,0.358557264447972
1900.85,0.34151559444403584
1900.86,0.3258003746901736
1900.87,0.31127498028150624
1900.88,0.2978200988377056
1900.89,0.28533116631170885
1900.9,0.2737162329900305
1900.91,0.2628941797548166
1900.92,0.25279322083095795
1900.93,0.2433496419308757
1900.94,0.23450673266122918
1900.95,0.2262138799198582
1900.96,0.21842579525214967
1900.97,0.21110185411221902
1900.98,0.20420552896021127
1900.99,0.19770390133398547
1901.0,0.19156724062493855
1901.01,0.18576863939088215
1901.02,0.1802836967530458
1901.03,0.17509024282746277
1901.04,0.1701680982948129
1901.05,0.16549886416623202
1901.06,0.1610657375948456
1901.07,0.15685335024559685
1901.08,0.1528476262953494
1901.09,0.149035657613121
1901.1,0.14540559408558396
1901.11,0.14194654742286106
1901.12,0.13864850712081067
1901.13,0.13550226758566358
1901.14,0.13249936576506222
1901.15,0.1296320289964276
1901.16,0.126893133212236
1901.17,0.12427617215375494
1901.18,0.12177468094013984
1901.19,0.11938446790382733
1901.2,0.11710026710480058
1901.21,0.11491801630892731
1901.22,0.11283435115750334
1901.23,0.11084668176758641
1901.24,0.10895327255636068
1901.25,0.1071532659181946
1901.26,0.10544649288558117
1901.27,0.10383270924180292
1901.28,0.1023095727260424
1901.29,0.10086853075742697
1901.3,0.09948905992902642
1901.31,0.09813631723475469
1901.32,0.09677199466754413
1901.33,0.0953781659801543
1901.34,0.09397035821039926
1901.35,0.09258273471463362
1901.36,0.09124460113194163
1901.37,0.08997072828900778
1901.38,0.08876423479071925
1901.39,0.08762230004086753
1901.4,0.08654008888779614
1901.41,0.08551263168079318
1901.42,0.08453550423582476
1901.43,0.08360496749524982
1901.44,0.08271790895026288
1901.45,0.08187173262409797
1901.46,0.08106425155789673
1901.47,0.08029359792431316
1901.48,0.07955815166659243
1901.49,0.07885648662499062
1901.5,0.0781873367146681
1901.51,0.07754996046027988
1901.52,0.07694258811249337
1901.53,0.07636468480684501
1901.54,0.07581540924705443
1901.55,0.07529398596997326
1901.56,0.07479969977188179
1901.57,0.07433189040892246
1901.58,0.07388994764221198
1901.59,0.07347330656392047
1901.6,0.07308144260302833
1901.61,0.07271386582316444
1901.62,0.0723701174463049
1901.63,0.07204977506637175
1901.64,0.0717524605479578
1901.65,0.0714778339688135
1901.66,0.07122558163954901
1901.67,0.0709954126285715
1901.68,0.07078706030737443
1901.69,0.07060028346369719
1901.7,0.07043486626705439
1901.71,0.07029061772366324
1901.72,0.07016737103094549
1901.73,0.07006498297959492
1901.74,0.06998333355529077
1901.75,0.06992232505002147
1901.76,0.06988188240260279
1901.77,0.0698619524636266
1901.78,0.06986250389946572
1901.79,0.0698835270440137
1901.8,0.06992503380929764
1901.81,0.06998705765269057
1901.82,0.07006965359914012
1901.83,0.07017289831737993
1901.84,0.07029689024954075
1901.85,0.07044174979392853
1901.86,0.07060761954128005
1901.87,0.0707946646794131
1901.88,0.07100307287914855
1901.89,0.07123305538046494
1901.9,0.07148484699382625
1901.91,0.0717587067313377
1901.92,0.07205491838549756
1901.93,0.07237379116969574
1901.94,0.07271566041933966
1901.95,0.0730808883702004
1901.96,0.07346986498921514
1901.97,0.07388300886332233
1901.98,0.0743207681428686
1901.99,0.07478362151780453
1902.0,0.07527207934711723
1902.01,0.07578668514811046
1902.02,0.07632801733118924
1902.03,0.07689669064764203
1902.04,0.07749335736918604
1902.05,0.07811870874579761
1902.06,0.07877347685238945
1902.07,0.07945843662661856
1902.08,0.08017440800846182
1902.09,0.08092225819810486
1902.1,0.08170290405732777
1902.11,0.08251731468775972
1902.12,0.08336651419763116
1902.13,0.08425158466573662
1902.14,0.0851736693301271
1902.15,0.08613397601275948
1902.16,0.08713378079972653
1902.17,0.08817443199791875
1902.18,0.08925735439052734
1902.19,0.09038405381613482
1902.2,0.0915561220985317
1902.21,0.09277524235708012
1902.22,0.09404319473040061
1902.23,0.09536186254944592
1902.24,0.09673323899967053
1902.25,0.09815943431606505
1902.26,0.09964268355933908
1902.27,0.10118535502657618
1902.28,0.10278995935531066
1902.29,0.10445915938626438
1902.3,0.10619578085702341
1902.31,0.10800282400682702
1902.32,0.10988347618149823
1902.33,0.11184112553750607
1902.34,0.11387937595535187
1902.35,0.11600206328510525
1902.36,0.11821327306117392
1902.37,0.12051735983950607
1902.38,0.12291896832872827
1902.39,0.1254230565070222
1902.4,0.12803492094119845
1902.41,0.13076022454923644
1902.42,0.13360502707992025
1902.43,0.13657581861682527
1902.44,0.13967955645403105
1902.45,0.14292370573640448
1902.46,0.14631628430954405
1902.47,0.14986591228452706
1902.48,0.15358186689180006
1902.49,0.15747414327839876
1902.5,0.16155352199505463
1902.51,0.16583164402679024
1902.52,0.17032109434495418
1902.53,0.17503549510339445
1902.54,0.17998960977037043
1902.55,0.18519945968533108
1902.56,0.19068245476127735
1902.57,0.1964575403256071
1902.58,0.2025453624130776
1902.59,0.20896845420343668
1902.6,0.21575144674517485
1902.61,0.2229213076400756
1902.62,0.23050761199836192
1902.63,0.23854285073285808
1902.64,0.24706278216698874
1902.65,0.2561068340239067
1902.66,0.26571856416728823
1902.67,0.27594619007505944
1902.68,0.2868431989270799
1902.69,0.29846905298691395
1902.7,0.31089000759704544
1902.71,0.3241800624318674
1902.72,0.338422070349659
1902.73,0.3537090343581199
1902.74,0.3701456310343908
1902.75,0.3878500065741492
1902.76,0.4069559017291868
1902.77,0.42761517545290334
1902.78,0.45000081432867833
1902.79,0.4743105366784052
1902.8,0.5007711281549877
1902.81,0.5296436815964739
1902.82,0.5579679811889258
1902.83,0.589378465707509
1902.84,0.6275477022471786
1902.85,0.6696664337909509
1902.86,0.7162968964204308
1902.87,0.7681038748053614
1902.88,0.8258775934146487
1902.89,0.8905626545157097
1902.9,0.9632948529807469
1902.91,1.045448303571051
1902.92,1.1386961193510534
1902.93,1.245088916217175
1902.94,1.3671567218087313
1902.95,1.5080415324710168
1902.96,1.6716703520313152
1902.97,1.8629842100628442
1902.98,2.088251168560236
1902.99,2.3555067370121527
1903.0,2.675157981993982
1903.01,3.060749860712066
1903.02,3.5298823752683175
1903.03,4.105274900228581
1903.04,4.815840394930641
1903.05,5.697219435278235
1903.06,6.79035784468948
1903.07,8.13502855724923
1903.08,9.75254262096786
1903.09,11.610056841005
1903.1,13.565610516749265
1903.11,15.322670670945191
1903.12,16.46909203619225
1903.13,16.657234197843874
1903.14,15.825101872881344
1903.15,14.240900176299336
1903.16,12.321016373500672
1903.17,10.413872041993175
1903.18,8.712708033460112
1903.19,7.281728946106497
1903.2,6.1134103185757045
1903.21,5.17172595817605
1903.22,4.41504632350288
1903.23,3.8055989149733764
1903.24,3.3121980976307728
1903.25,2.9101781536532134
1903.26,2.5804046752446856
1903.27,2.308142177317605
1903.28,2.0820520541546266
1903.29,1.8933865443812974
1903.3,1.7353678671847612
1903.31,1.6027197394159027
1903.32,1.491317124755228
1903.33,1.397925261901197
1903.34,1.3200053555043532
1903.35,1.2555699527396254
1903.36,1.2030755341013173
1903.37,1.1613432838684286
1903.38,1.129501580216183
1903.39,1.1035280696191476
1903.4,1.0899175397401497
1903.41,1.0850911115469677
1903.42,1.089135411649124
1903.43,1.1023695809412881
1903.44,1.1253658045117612
1903.45,1.158983607092133
1903.46,1.2044207792483217
1903.47,1.2666383806656727
1903.48,1.3444219969816378
1903.49,1.437183487632321
1903.5,1.5518281547054154
1903.51,1.6929947752286385
1903.52,1.8666907711998662
1903.53,2.080685176212528
1903.54,2.344979343594782
1903.55,2.6723039986239687
1903.56,3.078476375819093
1903.57,3.582190694194331
1903.58,4.203278139968031
1903.59,4.957518660166654
1903.6,5.844889899967818
1903.61,6.828277576126196
1903.62,7.805996043370371
1903.63,8.599995607345694
1903.64,9.000504460396046
1903.65,8.876538815681739
1903.66,8.26740581333645
1903.67,7.353648700179107
1903.68,6.341671697867434
1903.69,5.377473523054936
1903.7,4.531433162749461
1903.71,3.8212329123025364
1903.72,3.237938920683834
1903.73,2.762956363342041
1903.74,2.3764856905192837
1903.75,2.0608967571606764
1903.76,1.8016333635546105
1903.77,1.587096378234843
1903.78,1.4081914828751307
1903.79,1.2578300260767017
1903.8,1.13048701799604
1903.81,1.021842013073213
1903.82,0.92849883802394
1903.83,0.847771044596547
1903.84,0.7775190561459846
1903.85,0.7160268410105983
1903.86,0.6619083822722782
1903.87,0.6140364647939597
1903.88,0.5714877264735791
1903.89,0.5335026261326861
1903.9,0.49945021946055046
1903.91,0.4688047972827391
1903.92,0.44112565119928165
1903.93,0.41956420371145464
1903.94,0.39678615513423254
1903.95,0.37602226683014234
1903.96,0.35704483785906865
1903.97,0.3396585869315524
1903.98,0.32369425027953963
1903.99,0.3090015897767756
1904.0,0.29544123751228835
1904.01,0.2828776020820788
1904.02,0.2711803834720265
1904.03,0.2602403693784058
1904.04,0.24998576325469768
1904.05,0.24037636997673692
1904.06,0.2313815781415702
1904.07,0.22296594676498974
1904.08,0.21508824418201844
1904.09,0.20770564239460634
1904.1,0.20077713234835684
1904.11,0.1942650821219295
1904.12,0.18813558977674788
1904.13,0.18235829361371889
1904.14,0.17690600405147744
1904.15,0.17175431429759924
1904.16,0.16688124546090038
1904.17,0.16226693964207636
1904.18,0.15789339909199326
1904.19,0.15374426525989662
1904.2,0.149804631112918
1904.21,0.14606118786968533
1904.22,0.14250085992172604
1904.23,0.1391125207394982
1904.24,0.1358856666496469
1904.25,0.13281063011300262
1904.26,0.12987849918940084
1904.27,0.12708104634671016
1904.28,0.12441066530495705
1904.29,0.12186031484345679
1904.3,0.11942346866009959
1904.31,0.11709407051156337
1904.32,0.11486649398934408
1904.33,0.11273550637004541
1904.34,0.11069623606174299
1904.35,0.10874414323300262
1904.36,0.10687499326619422
1904.37,0.10508483272326544
1904.38,0.10336996755164135
1904.39,0.10172694329195493
1904.4,0.10015252707748624
1904.41,0.0986436912415223
1904.42,0.09719759836908351
1904.43,0.09581158764903924
1904.44,0.09448316239867936
1904.45,0.09320997864710451
1904.46,0.09198983467626981
1904.47,0.09082066142947162
1904.48,0.08970051370669364
1904.49,0.08862756207472083
1904.5,0.08760008542742607
1904.51,0.08661646413826976
1904.52,0.08567517375289835
1904.53,0.08477477917518161
1904.54,0.08391392930394559
1904.55,0.0830913520829733
1904.56,0.0823058499293701
1904.57,0.08155629550959584
1904.58,0.08084162783558334
1904.59,0.08016084865611368
1904.6,0.0795130191197298
1904.61,0.07889725668636197
1904.62,0.07831273226839194
1904.63,0.07775866758576726
1904.64,0.07723433272065576
1904.65,0.07673904385674074
1904.66,0.07627216119003924
1904.67,0.07583308699856817
1904.68,0.07542126386063625
1904.69,0.0750361730121609
1904.7,0.07467733283379353
1904.71,0.07434429746102442
1904.72,0.07403665551023923
1904.73,0.07375402891320787
1904.74,0.07349607185214335
1904.75,0.07326246979007246
1904.76,0.07305293859357402
1904.77,0.07286722374430205
1904.78,0.07270509963482921
1904.79,0.0725663689448202
1904.8,0.07245086209406759
1904.81,0.072358436770361
1904.82,0.07228897752911688
1904.83,0.07224239546345468
1904.84,0.07221862794286028
1904.85,0.07221763841918022
1904.86,0.07223941629895414
1904.87,0.0722839768814068
1904.88,0.07235136136172933
1904.89,0.07244163689958033
1904.9,0.07255489675309189
1904.91,0.07269126047893254
1904.92,0.07285087419935443
1904.93,0.07303391093739048
1904.94,0.07324057102147986
1904.95,0.07347108256037055
1904.96,0.07372570198734102
1904.97,0.07400471466770965
1904.98,0.07430843555252921
1904.99,0.07463720986295815
1905.0,0.07499141368219144
1905.01,0.07537145481769203
1905.02,0.07577777397852355
1905.03,0.07621084675372929
1905.04,0.0766711855460504
1905.05,0.07715934040921436
1905.06,0.07767589963644915
1905.07,0.07822149097987159
1905.08,0.07879678348345721
1905.09,0.07940248949332446
1905.1,0.08003936669324459
1905.11,0.08070822022771783
1905.12,0.08140990518009791
1905.13,0.0821453294681624
1905.14,0.08291545663173955
1905.15,0.08372130835723077
1905.16,0.0845639672796482
1905.17,0.08544458027667538
1905.18,0.08636436192505462
1905.19,0.08732459836487924
1905.2,0.0883266515373196
1905.21,0.08937196446498119
1905.22,0.09046206699210649
1905.23,0.09159858080436771
1905.24,0.0927832242655235
1905.25,0.09401781810820697
1905.26,0.09530429221527081
1905.27,0.09664469310850157
1905.28,0.0980411919827322
1905.29,0.09949609333925505
1905.3,0.10101184432752403
1905.31,0.1025910449023277
1905.32,0.1042364589008683
1905.33,0.10595102615028548
1905.34,0.10773787572956584
1905.35,0.10960034052893501
1905.36,0.11154197327463733
1905.37,0.11356656421850261
1905.38,0.11567816073189559
1905.39,0.11788108909507614
1905.4,0.12017997884171139
1905.41,0.12257979010636633
1905.42,0.12508584454518154
1905.43,0.12770386056332572
1905.44,0.13043999380948051
1905.45,0.13330088421183772
1905.46,0.136293347573416
1905.47,0.13942553769836583
1905.48,0.14270628368287466
1905.49,0.14614447372697956
1905.5,0.14975026415636514
1905.51,0.15353486652086548
1905.52,0.15751073616892802
1905.53,0.1616918000893977
1905.54,0.16609370821184308
1905.55,0.17073403918405744
1905.56,0.17563225501696844
1905.57,0.18080889503580316
1905.58,0.18628298148571426
1905.59,0.19206630006193856
1905.6,0.19815511114398351
1905.61,0.20452706077745933
1905.62,0.2111578921248765
1905.63,0.21805585704368038
1905.64,0.22527798297755097
1905.65,0.23290692997316176
1905.66,0.24101888287003656
1905.67,0.24967272683087174
1905.68,0.2589160977568483
1905.69,0.26879412557886156
1905.7,0.279355149405052
1905.71,0.2906536456603704
1905.72,0.30275174221193396
1905.73,0.31572024363740997
1905.74,0.32963961959910254
1905.75,0.34460115388354307
1905.76,0.36070834618342806
1905.77,0.37807862479781873
1905.78,0.396845425549193
1905.79,0.41716070297860425
1905.8,0.43919819046578434
1905.81,0.463156356992978
1905.82,0.4892632820831627
1905.83,0.5144605425702466
1905.84,0.5456594141128338
1905.85,0.5766935285609395
1905.86,0.6145342565149899
1905.87,0.6563441656048549
1905.88,0.7026946676582918
1905.89,0.7542625206147479
1905.9,0.8118535684090898
1905.91,0.8764328230068674
1905.92,0.9491628566007607
1905.93,1.0314531333973729
1905.94,1.1250237990071288
1905.95,1.2319887630912114
1905.96,1.3549647408127674
1905.97,1.4972153355996984
1905.98,1.6628425640476625
1905.99,1.8570427072409283
1906.0,2.086449121818634
1906.01,2.359591385567299
1906.02,2.687506421031388
1906.03,3.084538407186309
1906.04,3.569347924861158
1906.05,4.166086090950826
1906.06,4.905504574283457
1906.07,5.825311411613928
1906.08,6.96804754116224
1906.09,8.372735910667656
1906.1,10.053577150145994
1906.11,11.957843172049996
1906.12,13.906194734625034
1906.13,15.557050772100736
1906.14,16.481418309434574
1906.15,16.380626252239797
1906.16,15.290343503925138
1906.17,13.55437323564398
1906.18,11.598247807453678
1906.19,9.733365928054193
1906.2,8.110098877001146
1906.21,6.763922348160187
1906.22,5.673316922236693
1906.23,4.797463900449948
1906.24,4.094396068300216
1906.25,3.527721245743595
1906.26,3.0680552576149593
1906.27,2.6924298883337543
1906.28,2.38313711289222
1906.29,2.1265776529246567
1906.3,1.9122922820307422
1906.31,1.7322013638931184
1906.32,1.5800266104707648
1906.33,1.4508576785050162
1906.34,1.3408290058084973
1906.35,1.2468788740273622
1906.36,1.1665692971298727
1906.37,1.0979508395842719
1906.38,1.039460716547472
1906.39,0.989845691932532
1906.4,0.9481036072561135
1906.41,0.91343906150787
1906.42,0.8852299923613863
1906.43,0.8630028124463343
1906.44,0.8464144271674487
1906.45,0.8352399732349132
1906.46,0.8293655218253337
1906.47,0.8287853268671052
1906.48,0.8333274398699981
1906.49,0.8470467833824573
1906.5,0.8635237500257011
1906.51,0.8864598537720262
1906.52,0.916516837560569
1906.53,0.9545592064830704
1906.54,1.001699173954934
1906.55,1.0593575442943781
1906.56,1.1293436537591377
1906.57,1.2139618989018046
1906.58,1.3161544855858966
1906.59,1.4396898986991593
1906.6,1.5894116788083912
1906.61,1.7715618920199816
1906.62,1.9941897322217035
1906.63,2.267637783688492
1906.64,2.6050469693107785
1906.65,3.0226933884201785
1906.66,3.539681549549575
1906.67,4.175928145812599
1906.68,4.946342138339408
1906.69,5.8478971330190115
1906.7,6.836813867955705
1906.71,7.800831535619609
1906.72,8.552136347841998
1906.73,8.882921602707535
1906.74,8.682448106878196
1906.75,8.016759958408253
1906.76,7.079851801525773
1906.77,6.07377817059987
1906.78,5.132398961284811
1906.79,4.3154237153841635
1906.8,3.634178624416391
1906.81,3.07688060341404
1906.82,2.624107380924207
1906.83,2.2561763658974887
1906.84,1.955925136981212
1906.85,1.7093368104206226
1906.86,1.5053100414761047
1906.87,1.3351717463757
1906.88,1.1921746202216117
1906.89,1.0710661292814538
1906.9,0.9677408310841525
1906.91,0.8789720399238555
1906.92,0.8022071514850787
1906.93,0.7354126999403202
1906.94,0.6769571977778797
1906.95,0.6255223562006351
1906.96,0.580035534681173
1906.97,0.5396180710534705
1906.98,0.503545522314413
1906.99,0.4712168764003657
1907.0,0.44213055588026096
1907.01,0.4192597138008561
1907.02,0.3954855067778797
1907.03,0.3738764274709689
1907.04,0.3541757009659874
1907.05,0.3361634634017538
1907.06,0.31965062398845456
1907.07,0.3044738738135932
1907.08,0.29049160566326265
1907.09,0.2775805615949001
1907.1,0.26563306499670253
1907.11,0.25455472451305505
1907.12,0.24426252082500555
1907.13,0.2346832055651943
1907.14,0.22575195589451658
1907.15,0.2174112394180534
1907.16,0.20960985290392115
1907.17,0.20230210520340564
1907.18,0.19544712029082473
1907.19,0.18900824074013833
1907.2,0.1829525154826768
1907.21,0.1772502585502322
1907.22,0.1718746679203605
1907.23,0.1668014954310344
1907.24,0.16200876006161716
1907.25,0.15747649781004597
1907.26,0.15318654303004467
1907.27,0.14912233709729605
1907.28,0.14526876057445134
1907.29,0.14161198555666996
1907.3,0.1381393454185733
1907.31,0.1348392196786959
1907.32,0.13170093199721974
1907.33,0.12871465959174697
1907.34,0.12587135259676274
1907.35,0.12316266197286482
1907.36,0.12058087544784649
1907.37,0.11811886063647332
1907.38,0.11577001495018971
1907.39,0.11352822024772678
1907.4,0.11138780056597247
1907.41,0.10934348382792629
1907.42,0.10739036795692831
1907.43,0.1055238907995608
1907.44,0.10373980298981562
1907.45,0.1020341432867921
1907.46,0.10040321613661413
1907.47,0.09884357126386763
1907.48,0.09735198510560172
1907.49,0.09592544390520398
1907.5,0.09456112828865988
1907.51,0.09325639916840245
1907.52,0.09200878465782403
1907.53,0.09081596820323472
1907.54,0.0896757775659866
1907.55,0.0885861754250338
1907.56,0.08754525151686443
1907.57,0.08655121511045222
1907.58,0.08560238657636403
1907.59,0.08469718932974986
1907.6,0.08383414305608725
1907.61,0.08301185803039064
1907.62,0.08222902996248811
1907.63,0.08148443515734904
1907.64,0.08077692597733298
1907.65,0.08010542662113355
1907.66,0.07946892921897976
1907.67,0.07886649023009469
1907.68,0.07829722712345105
1907.69,0.07776031532181149
1907.7,0.07725498538997688
1907.71,0.07678052044969894
1907.72,0.07633625380536432
1907.73,0.07592156676615144
1907.74,0.07553588665184033
1907.75,0.0751786849708266
1907.76,0.0748494757601575
1907.77,0.07454781407858942
1907.78,0.07427329464478476
1907.79,0.07402555061383369
1907.8,0.07380425248632803
1907.81,0.0736091071452442
1907.82,0.0734398570169409
1907.83,0.07329627935366062
1907.84,0.07317818563608276
1907.85,0.07308542109574323
1907.86,0.07301786435855959
1907.87,0.07297542721234684
1907.88,0.07295805450315623
1907.89,0.07296572416762517
1907.9,0.07299844741143353
1907.91,0.07305626904762681
1907.92,0.07313926794559268
1907.93,0.07324755789286985
1907.94,0.07338128865825906
1907.95,0.07354064672062649
1907.96,0.07372585728751037
1907.97,0.07393718614460472
1907.98,0.07417494214947419
1907.99,0.074439480378375
1908.0,0.07473120611580952
1908.01,0.07505057994770377
1908.02,0.07539812431995875
1908.03,0.07577443206749578
1908.04,0.07618017762269426
1908.05,0.0766161318992787
1908.06,0.07708288996690726
1908.07,0.07758177878295706
1908.08,0.07811429771139065
1908.09,0.07868159234430538
1908.1,0.07928539318292663
1908.11,0.07992780443772339
1908.12,0.080611414114956
1908.13,0.0813394511977963
1908.14,0.08211595707687919
1908.15,0.08294578742979244
1908.16,0.08383410818323214
1908.17,0.08478475371366086
1908.18,0.0857963434086385
1908.19,0.08685567777261008
1908.2,0.08793246729340613
1908.21,0.08898695345062385
1908.22,0.08999596711551634
1908.23,0.09097401842619793
1908.24,0.0919618824097192
1908.25,0.09299818193326669
1908.26,0.09410493971666152
1908.27,0.09528999312972446
1908.28,0.09655402763325888
1908.29,0.09789551955959362
1908.3,0.09931301051722974
1908.31,0.10080582981295208
1908.32,0.10237418925385838
1908.33,0.1040191036439247
1908.34,0.10574227641453765
1908.35,0.10754599502181439
1908.36,0.10943305012363422
1908.37,0.11140667960774729
1908.38,0.11347053372477083
1908.39,0.11562883835124983
1908.4,0.11788584618552246
1908.41,0.12024620232771832
1908.42,0.12271531812858122
1908.43,0.12529884988136483
1908.44,0.12800290418583624
1908.45,0.13083406631028963
1908.46,0.13379943951817488
1908.47,0.13690668399015188
1908.48,0.14016406406204412
1908.49,0.1435805009757075
1908.5,0.14716563221799978
1908.51,0.15092987804018523
1908.52,0.1548845159365954
1908.53,0.1590417640521802
1908.54,0.1634148746339242
1908.55,0.1680182388503728
1908.56,0.17286750450556232
1908.57,0.17797970842972952
1908.58,0.18337342562283768
1908.59,0.1890689375728643
1908.6,0.19508842257912465
1908.61,0.20145617139482483
1908.62,0.20819883207871429
1908.63,0.2153456886330738
1908.64,0.22292897882733284
1908.65,0.23098425759954153
1908.66,0.23955081361568645
1908.67,0.24867214801707893
1908.68,0.2583965261374697
1908.69,0.26877761511224585
1908.7,0.2798752229205496
1908.71,0.291756157618879
1908.72,0.3044952294945939
1908.73,0.31817642378637395
1908.74,0.33289427773937735
1908.75,0.3487555034139471
1908.76,0.36588090727573536
1908.77,0.38440766972178464
1908.78,0.40449206307807867
1908.79,0.4263127062144695
1908.8,0.4500744790605161
1908.81,0.4760132527082901
1908.82,0.5010795910816039
1908.83,0.5289366890954522
1908.84,0.5632746682971365
1908.85,0.6011783974422732
1908.86,0.6431556432380804
1908.87,0.689806719221154
1908.88,0.7418451274739509
1908.89,0.8001236583782539
1908.9,0.8656676158649177
1908.91,0.9397174100842977
1908.92,1.0237835511585816
1908.93,1.1197181730682748
1908.94,1.2298087358322438
1908.95,1.3569016595607324
1908.96,1.5045665466439166
1908.97,1.67731559736971
1908.98,1.880898049074744
1908.99,2.122695994332424
1909.0,2.4122550746911386
1909.01,2.761988623893825
1909.02,3.188089045049927
1909.03,3.7116452648998517
1909.04,4.359850740440546
1909.05,5.166880381198761
1909.06,6.173283733748889
1909.07,7.421187356144336
1909.08,8.93987609412388
1909.09,10.713514323232774
1909.1,12.626473195884342
1909.11,14.407687284484208
1909.12,15.647369990544659
1909.13,15.963998543509383
1909.14,15.24756602688445
1909.15,13.741344649304727
1909.16,11.867570902782555
1909.17,9.991225906202192
1909.18,8.316734727301048
1909.19,6.912062430057549
1909.2,5.7696007298121295
1909.21,4.852253419445243
1909.22,4.117509276244834
1909.23,3.527135575409655
1909.24,3.0498222348444917
1909.25,2.6609798694815945
1909.26,2.3416459705664185
1909.27,2.0772853621982583
1909.28,1.856748815681151
1909.29,1.671444497781232
1909.3,1.514705570159527
1909.31,1.3813220839801335
1909.32,1.267203210581558
1909.33,1.1691270041357107
1909.34,1.0845393933355498
1909.35,1.0113933508102595
1909.36,0.948031607181248
1909.37,0.8931045507471412
1909.38,0.8455101084916413
1909.39,0.8043473491993565
1909.4,0.7688799722608197
1909.41,0.7385075883361018
1909.42,0.7127432636757877
1909.43,0.6911960974665141
1909.44,0.673557855294398
1909.45,0.6626287503061598
1909.46,0.6552242106603062
1909.47,0.6482020650519982
1909.48,0.6445210224895115
1909.49,0.6441855091816336
1909.5,0.6472571683186042
1909.51,0.6538591266266495
1909.52,0.6641806600947885
1909.53,0.6784853937894149
1909.54,0.6971224411223113
1909.55,0.7170617842356451
1909.56,0.7458571672619145
1909.57,0.7807206253164343
1909.58,0.8225494380613355
1909.59,0.8724667771374738
1909.6,0.9318810785227849
1909.61,1.002564508776798
1909.62,1.0867570093158505
1909.63,1.1873045731542764
1909.64,1.307843023092437
1909.65,1.453041255546753
1909.66,1.6289194826265163
1909.67,1.843255184076355
1909.68,2.106074216003272
1909.69,2.4301780476481967
1909.7,2.8315390244169363
1909.71,3.3291195755890888
1909.72,3.943091449683012
1909.73,4.689385046367175
1909.74,5.567178543325277
1909.75,6.536166530897943
1909.76,7.487844773331586
1909.77,8.236099442175421
1909.78,8.571163233433213
1909.79,8.378991800342703
1909.8,7.724861695843575
1909.81,6.804092373964421
1909.82,5.818943295429755
1909.83,4.9015018112862965
1909.84,4.109081622114796
1909.85,3.4511674309251
1909.86,2.9149809771814836
1909.87,2.4807630916551155
1909.88,2.1288810424644162
1909.89,1.842405031777653
1909.9,1.6076124301199106
1909.91,1.4136958165183384
1909.92,1.252248312604833
1909.93,1.1167532287143422
1909.94,1.0021515125485214
1909.95,0.9044985929523263
1909.96,0.8207005061221795
1909.97,0.7483139016549489
1909.98,0.6853952907030492
1909.99,0.6303874478140303
1910.0,0.5820335753040352
1910.01,0.5393121488761863
1910.02,0.5013871820017105
1910.03,0.46757002239189716
1910.04,0.4372898137608977
1910.05,0.4100705047835382
1910.06,0.3887260954364157
1910.07,0.36651701681322135
1910.08,0.34634778982296444
1910.09,0.32797534661682504
1910.1,0.3111916826173304
1910.11,0.29581800860083457
1910.12,0.28169999855789657
1910.13,0.26870390734816096
1910.14,0.25671338266960225
1910.15,0.2456268342785109
1910.16,0.23535525247712444
1910.17,0.22582039285655464
1910.18,0.2169532547527345
1910.19,0.20869280627874853
1910.2,0.200984907673305
1910.21,0.19378140017735448
1910.22,0.1870393319193565
1910.23,0.1807202978979996
1910.24,0.1747898753595979
1910.25,0.16921713923759765
1910.26,0.16397424503298097
1910.27,0.15903606868699896
1910.28,0.15437989468694055
1910.29,0.14998514479247907
1910.3,0.14583314011948434
1910.31,0.1419068882703402
1910.32,0.13819088957387723
1910.33,0.1346709598900367
1910.34,0.13133410790829175
1910.35,0.12816848091490282
1910.36,0.12516329489315173
1910.37,0.12230868202026363
1910.38,0.11959554578035003
1910.39,0.1170154815388064
1910.4,0.11456072737599346
1910.41,0.11222411669976792
1910.42,0.1099990297082743
1910.43,0.10787934684891799
1910.44,0.10585940592717936
1910.45,0.10393396264867265
1910.46,0.10209815262271164
1910.47,0.10034745143854193
1910.48,0.09867762662726161
1910.49,0.09708470409442035
1910.5,0.09556498274554487
1910.51,0.09411508812579487
1910.52,0.09273195472054639
1910.53,0.09141273535695549
1910.54,0.0901547488187957
1910.55,0.0889554782566973
1910.56,0.08781257845101195
1910.57,0.08672387661615161
1910.58,0.08568736925574517
1910.59,0.08470121906142179
1910.6,0.0837637541697605
1910.61,0.08287347120978086
1910.62,0.08202904349751299
1910.63,0.08122887531230641
1910.64,0.08047297427686302
1910.65,0.07976020840079198
1910.66,0.07909022027281608
1910.67,0.07846303381055603
1910.68,0.07787915312971803
1910.69,0.07733967331372647
1910.7,0.07684635834430406
1910.71,0.07640154623586543
1910.72,0.07600752637924715
1910.73,0.07566466030265882
1910.74,0.07536729950823294
1910.75,0.07509800964928601
1910.76,0.07482600413025438
1910.77,0.07452000917110488
1910.78,0.07417165355694835
1910.79,0.07380263968996525
1910.8,0.07344572741424947
1910.81,0.07312442975663669
1910.82,0.07284851291491401
1910.83,0.0726189054130363
1910.84,0.07243290207446174
1910.85,0.07228702359988562
1910.86,0.07217813474367783
1910.87,0.07210372996250541
1910.88,0.07206190901426666
1910.89,0.07205126834206754
1910.9,0.07207078958897375
1910.91,0.07211974816654144
1910.92,0.07219764417796466
1910.93,0.07230415203038633
1910.94,0.0724393602326386
1910.95,0.07260264384336011
1910.96,0.07279429498653447
1910.97,0.07301441268126668
1910.98,0.07326316714819797
1910.99,0.07354079319972838
1911.0,0.07384758565203578
1911.01,0.07418389624272828
1911.02,0.07455013169028432
1911.03,0.07494675263780386
1911.04,0.07537427329834231
1911.05,0.07583326167206238
1911.06,0.07632434024334207
1911.07,0.07684818709343734
1911.08,0.07740553738445674
1911.09,0.07799718518546346
1911.1,0.07862398562296864
1911.11,0.07928685734700561
1911.12,0.07998678531110939
1911.13,0.08072482387044329
1911.14,0.08150210020723336
1911.15,0.08231981809751246
1911.16,0.08317926203671837
1911.17,0.08408180174623542
1911.18,0.08502889708653039
1911.19,0.08602210340663777
1911.2,0.08706307736387177
1911.21,0.08815358325204622
1911.22,0.08929549988121487
1911.23,0.09049082805709213
1911.24,0.09174169871395432
1911.25,0.0930503817610118
1911.26,0.09441929570897725
1911.27,0.09585101815066911
1911.28,0.09734829717647134
1911.29,0.09891406381194773
1911.3,0.10055144557542725
1911.31,0.10226378128838115
1911.32,0.1040546373342524
1911.33,0.10592782552421061
1911.34,0.10788742255461184
1911.35,0.10993779119015258
1911.36,0.11208360357205101
1911.37,0.11432986691683047
1911.38,0.11668195180906879
1911.39,0.11914562334729166
1911.4,0.1217270754816962
1911.41,0.12443296892858365
1911.42,0.12727047309635833
1911.43,0.13024731251393384
1911.44,0.13337181832029363
1911.45,0.13665298545275661
1911.46,0.14010053626314978
1911.47,0.1437249913976707
1911.48,0.14753774890033672
1911.49,0.15155117264480733
1911.5,0.1557786913688715
1911.51,0.16023490978471402
1911.52,0.16493573347183638
1911.53,0.16989850953510802
1911.54,0.17514218533617232
1911.55,0.18068748799255355
1911.56,0.18655712779778186
1911.57,0.19277602926302456
1911.58,0.19937159413502772
1911.59,0.2063740015300448
1911.6,0.2138165512679883
1911.61,0.22173605763158816
1911.62,0.23017330215731335
1911.63,0.23917355574557342
1911.64,0.2487871824274924
1911.65,0.25907033964325965
1911.66,0.27008579297183094
1911.67,0.28190386707838927
1911.68,0.29460355938037364
1911.69,0.3082738488395337
1911.7,0.3230152396804755
1911.71,0.33894158913687644
1911.72,0.35618228008534714
1911.73,0.37488481437024096
1911.74,0.39521792171408987
1911.75,0.4173753036321015
1911.76,0.4415800434930258
1911.77,0.4680904759088977
1911.78,0.494005694382657
1911.79,0.522901413189662
1911.8,0.5583866878051603
1911.81,0.5977204098059339
1911.82,0.6414745440891724
1911.83,0.690329787114596
1911.84,0.7451006837076567
1911.85,0.8067673667253769
1911.86,0.8765157234369442
1911.87,0.9557885180403553
1911.88,1.0463520389413643
1911.89,1.1503873752785492
1911.9,1.2706191576427366
1911.91,1.4104884858284337
1911.92,1.5743699470637424
1911.93,1.7678505941284959
1911.94,1.998111821594589
1911.95,2.2744544595828073
1911.96,2.6090015686809127
1911.97,3.01760867434733
1911.98,3.520977743995348
1911.99,4.145851857287138
1912.0,4.925843076596248
1912.01,5.900668151350903
1912.02,7.11091449607109
1912.03,8.582607511638889
1912.04,10.293170082801902
1912.05,12.115459752195758
1912.06,13.766205652356259
1912.07,14.838220645609606
1912.08,14.985152261542064
1912.09,14.154768368105993
1912.1,12.628770069776962
1912.11,10.821965400331514
1912.12,9.062695068202588
1912.13,7.5193607819558546
1912.14,6.238087308373211
1912.15,5.20229156630955
1912.16,4.37334291270216
1912.17,3.710436091085819
1912.18,3.178014226706736
1912.19,2.7474183262455294
1912.2,2.396339139636999
1912.21,2.107659700538437
1912.22,1.8682978068248588
1912.23,1.6682362330320193
1912.24,1.499765955952286
1912.25,1.356914306150468
1912.26,1.2350188906844053
1912.27,1.1304115716827883
1912.28,1.0401838976915807
1912.29,0.9620123321299209
1912.3,0.8940273142418576
1912.31,0.8347145234846347
1912.32,0.782839914177667
1912.33,0.737392399829799
1912.34,0.6975397313514016
1912.35,0.6625943133519259
1912.36,0.6319865675880897
1912.37,0.6052440761724861
1912.38,0.5819751887004949
1912.39,0.564669350393194
1912.4,0.5502439865464724
1912.41,0.5357195968054527
1912.42,0.5236901545703064
1912.43,0.5140215772503697
1912.44,0.506615078738304
1912.45,0.501404762124034
1912.46,0.4983561892123863
1912.47,0.49746587024748834
1912.48,0.49876166191432586
1912.49,0.5023041059752277
1912.5,0.5081887878581938
1912.51,0.5165498472997182
1912.52,0.5275648353301396
1912.53,0.5414611890730087
1912.54,0.5585247021944973
1912.55,0.5791105329469415
1912.56,0.6002806698233574
1912.57,0.629353920481607
1912.58,0.6635959250549677
1912.59,0.7038302882232387
1912.6,0.751077573965826
1912.61,0.8066082034664024
1912.62,0.8720122189667863
1912.63,0.9492917102226558
1912.64,1.0409837401320232
1912.65,1.1503241235500938
1912.66,1.2814652229049277
1912.67,1.4397632042893935
1912.68,1.6321495742676448
1912.69,1.867592174771829
1912.7,2.157617493384135
1912.71,2.516775981832182
1912.72,2.9627145517531237
1912.73,3.515043709931123
1912.74,4.191270382903836
1912.75,4.996722704749665
1912.76,5.904821260718119
1912.77,6.828847604856099
1912.78,7.604174045378706
1912.79,8.023637829474557
1912.8,7.946160569760155
1912.81,7.398472267460603
1912.82,6.554381888089246
1912.83,5.6170583086678345
1912.84,4.7287551176284035
1912.85,3.955690049090545
1912.86,3.3124442368164666
1912.87,2.7885732276985764
1912.88,2.3652437696
1912.89,2.0231618707339782
1912.9,1.7455302779545578
1912.91,1.5187019289577506
1912.92,1.3319367897329177
1912.93,1.1768982478282464
1912.94,1.0471419457955928
1912.95,0.937680011931438
1912.96,0.8446352019482098
1912.97,0.76497540288842
1912.98,0.6963129392931763
1912.99,0.636753749910097
1913.0,0.5847840917136117
1913.01,0.5391851990977379
1913.02,0.4989687007978786
1913.03,0.46332746305404887
1913.04,0.43159793460473345
1913.05,0.4046962277909879
1913.06,0.3807197106034011
1913.07,0.3578035415706089
1913.08,0.33708854814234634
1913.09,0.3183021263547508
1913.1,0.30121243903758954
1913.11,0.2856213967409414
1913.12,0.27135899795159724
1913.13,0.2582787410196923
1913.14,0.2462538867302043
1913.15,0.23517422169228322
1913.16,0.22494408765210985
1913.17,0.2154799555861043
1913.18,0.20670836936832554
1913.19,0.19856509128451236
1913.2,0.19099378005573348
1913.21,0.18394505369077355
1913.22,0.17737568792224556
1913.23,0.17124781288574326
1913.24,0.16552780126698027
1913.25,0.16018423546062133
1913.26,0.15518415378650027
1913.27,0.15048797983105236
1913.28,0.14604805582495933
1913.29,0.141819166164892
1913.3,0.13777714854626416
1913.31,0.13392324984020285
1913.32,0.13026772433615122
1913.33,0.12681401687890137
1913.34,0.12355600386733102
1913.35,0.12048210598486603
1913.36,0.11757920029714086
1913.37,0.11483461543440318
1913.38,0.11223681835621807
1913.39,0.10977550915418893
1913.4,0.10744151105322713
1913.41,0.10522661580043874
1913.42,0.10312343909361833
1913.43,0.10112529955160922
1913.44,0.09922612084359733
1913.45,0.09742045678692873
1913.46,0.0957031168752027
1913.47,0.0940693199627712
1913.48,0.09251485794352024
1913.49,0.09103574940218004
1913.5,0.0896283109759093
1913.51,0.08828913009598112
1913.52,0.0870150411977888
1913.53,0.08580310479392188
1913.54,0.08465058894426314
1913.55,0.08355495275824289
1913.56,0.08251383163892247
1913.57,0.08152502403431833
1913.58,0.08058647950372791
1913.59,0.0796962879394926
1913.6,0.07885266981025267
1913.61,0.07805396731212604
1913.62,0.07729863633068353
1913.63,0.07658523913001494
1913.64,0.07591243769640148
1913.65,0.0752789876730662
1913.66,0.07468373283087763
1913.67,0.07412560002599396
1913.68,0.07360359460150614
1913.69,0.07311679619498188
1913.7,0.07266435491813657
1913.71,0.07224548787863008
1913.72,0.07185947601730967
1913.73,0.07150566123715278
1913.74,0.07118344380277465
1913.75,0.07089227999169714
1913.76,0.07063167998066293
1913.77,0.07040120595216794
1913.78,0.07020047040808926
1913.79,0.07002913467884143
1913.8,0.0698869076179155
1913.81,0.06977354447296479
1913.82,0.06968884592581118
1913.83,0.06963265729487594
1913.84,0.06960486789459648
1913.85,0.06960541054739189
1913.86,0.06963426124469127
1913.87,0.06969143895445384
1913.88,0.06977700557350033
1913.89,0.06989106602382168
1913.9,0.0700337684929343
1913.91,0.07020530481912764
1913.92,0.07040591102337451
1913.93,0.07063586799050008
1913.94,0.07089550230310954
1913.95,0.07118518723268963
1913.96,0.07150534389325561
1913.97,0.07185644256391438
1913.98,0.07223900418777598
1913.99,0.07265360205577424
1914.0,0.07310086368516208
1914.01,0.07358147290375389
1914.02,0.07409617215239021
1914.03,0.07464576501964025
1914.04,0.07523111902443137
1914.05,0.07585316866413648
1914.06,0.07651291874768387
1914.07,0.07721144803550323
1914.08,0.07794991321062894
1914.09,0.07872955320807534
1914.1,0.07955169393273492
1914.11,0.08041775339958375
1914.12,0.08132924733398285
1914.13,0.08228779527444138
1914.14,0.08329512722527345
1914.15,0.08435309091306264
1914.16,0.08546365970707433
1914.17,0.08662894127271259
1914.18,0.08785118703636435
1914.19,0.08913280255172262
1914.2,0.09047635887171164
1914.21,0.09188460504738669
1914.22,0.09336048189667517
1914.23,0.0949071372130459
1914.24,0.0965279426192307
1914.25,0.09822651231701272
1914.26,0.1000067240451779
1914.27,0.10187274264026176
1914.28,0.10382904670759924
1914.29,0.10588045906562334
1914.3,0.10803218184005252
1914.31,0.1102896519345223
1914.32,0.11265933250727861
1914.33,0.11514765357916695
1914.34,0.11776182714811592
1914.35,0.1205097430846191
1914.36,0.12340006443227561
1914.37,0.12644232578862302
1914.38,0.12964699940074384
1914.39,0.13302543066963185
1914.4,0.13658941673437436
1914.41,0.14035004302230983
1914.42,0.14431556900002768
1914.43,0.14848966946084463
1914.44,0.15287411382909852
1914.45,0.15747797887162351
1914.46,0.16232470443743963
1914.47,0.16744741638752955
1914.48,0.17287943030358674
1914.49,0.17865050255921597
1914.5,0.18478845868001934
1914.51,0.1913218259708728
1914.52,0.19828162678104264
1914.53,0.2057023892071019
1914.54,0.21362278473096546
1914.55,0.22208616465877576
1914.56,0.23114112877093002
1914.57,0.24084218655980333
1914.58,0.2512505440318287
1914.59,0.26243503836202625
1914.6,0.27447324516491084
1914.61,0.287452846483991
1914.62,0.30147303733765896
1914.63,0.316646494042711
1914.64,0.333101707604335
1914.65,0.35098549386339845
1914.66,0.3704662573220084
1914.67,0.39173786929571436
1914.68,0.4150243824003158
1914.69,0.4405857811718336
1914.7,0.4657057071837151
1914.71,0.49378253115434406
1914.72,0.5282493909203748
1914.73,0.5665585528061764
1914.74,0.6092960632582756
1914.75,0.6571622759192093
1914.76,0.7109990902280114
1914.77,0.7718249157077524
1914.78,0.840879962182399
1914.79,0.9196852360020449
1914.8,1.0101196891140882
1914.81,1.114521989268804
1914.82,1.2358260988033847
1914.83,1.3777430325431854
1914.84,1.5450056687371414
1914.85,1.7436994649692341
1914.86,1.9817090234125752
1914.87,2.2693168822928778
1914.88,2.6199914549266516
1914.89,3.0513809393126357
1914.9,3.5864523994202395
1914.91,4.254492217731068
1914.92,5.0911241112775985
1914.93,6.135245020268569
1914.94,7.418393091425123
1914.95,8.938989064535509
1914.96,10.61490355199448
1914.97,12.227085839702283
1914.98,13.415559414214766
1914.99,13.812735517891452
1915.0,13.275935227059737
1915.01,11.996297434751405
1915.02,10.355021652336806
1915.03,8.694715700494672
1915.04,7.21033233774517
1915.05,5.96750994657129
1915.06,4.960098270601065
1915.07,4.154203896377721
1915.08,3.511010971876635
1915.09,2.9958043452378855
1915.1,2.580331941247313
1915.11,2.242538039106609
1915.12,1.9655056731580856
1915.13,1.7363298717789992
1915.14,1.5451550241789118
1915.15,1.3844185758008338
1915.16,1.2482786212623689
1915.17,1.1321877657150614
1915.18,1.0325776984482675
1915.19,0.9466256737303785
1915.2,0.8720810119713253
1915.21,0.8071354817991051
1915.22,0.7503258240099422
1915.23,0.7004599216742189
1915.24,0.6565604680916637
1915.25,0.6178216700543644
1915.26,0.5835757321892207
1915.27,0.5532667356060949
1915.28,0.5264301492196116
1915.29,0.5026766651890684
1915.3,0.4867198014975736
1915.31,0.4682434987386574
1915.32,0.45201848502594777
1915.33,0.43785161288383134
1915.34,0.42558202858413474
1915.35,0.41507701229789434
1915.36,0.4062286896694734
1915.37,0.398951471856864
1915.38,0.3931801170704205
1915.39,0.3888683358105773
1915.4,0.3859878863860506
1915.41,0.3845281285249149
1915.42,0.38449602232054536
1915.43,0.3859165786226793
1915.44,0.3888337864660198
1915.45,0.3933120644822669
1915.46,0.399438307892613
1915.47,0.40732463236021754
1915.48,0.4171119529001768
1915.49,0.42897458309306485
1915.5,0.4431261009134035
1915.51,0.4598268078624234
1915.52,0.4793932150771722
1915.53,0.5022101337879686
1915.54,0.5255630239577062
1915.55,0.5564133909091861
1915.56,0.5922563860288321
1915.57,0.6339563185637527
1915.58,0.6825839379026348
1915.59,0.7394739516882206
1915.6,0.8063011716001984
1915.61,0.8851818107715947
1915.62,0.978808675187324
1915.63,1.0906316572946364
1915.64,1.2250974899523335
1915.65,1.3879648378207956
1915.66,1.5867049518193668
1915.67,1.8309813183245696
1915.68,2.133145732211293
1915.69,2.5085432765637723
1915.7,2.9750901253183506
1915.71,3.550902904047519
1915.72,4.247585377228573
1915.73,5.055591916130321
1915.74,5.91971008176188
1915.75,6.7141391087508095
1915.76,7.2507524031800745
1915.77,7.358458066529778
1915.78,6.997960114612142
1915.79,6.292549750478741
1915.8,5.436789326139936
1915.81,4.589569815046846
1915.82,3.8359745418110567
1915.83,3.2027639218542454
1915.84,2.685507309093476
1915.85,2.267820450734294
1915.86,1.9312061021606601
1915.87,1.659014145025418
1915.88,1.4375380468422723
1915.89,1.2559427576006863
1915.9,1.1058160295738495
1915.91,0.9806677124167003
1915.92,0.8754899602719834
1915.93,0.786403904280872
1915.94,0.7103877448422671
1915.95,0.6450712484153117
1915.96,0.5885812568708078
1915.97,0.5394262167893261
1915.98,0.4964094379885646
1915.99,0.4585636876622491
1916.0,0.42510159048352875
1916.01,0.39537777282758074
1916.02,0.3715032587393162
1916.03,0.3477688380870339
1916.04,0.32642921444469175
1916.05,0.30717431344386714
1916.06,0.2897423077602683
1916.07,0.2739109822557991
1916.08,0.2594908278665384
1916.09,0.2463194848489493
1916.1,0.2342572458506397
1916.11,0.22318339644919571
1916.12,0.21299322133530446
1916.13,0.2035955425620912
1916.14,0.194910685406646
1916.15,0.18686878969333598
1916.16,0.17940840162373636
1916.17,0.1724752944686562
1916.18,0.1660214768590096
1916.19,0.16000435553902337
1916.2,0.1543860258456029
1916.21,0.1491326682423003
1916.22,0.14421403326368418
1916.23,0.1396030004433886
1916.24,0.13527519938129623
1916.25,0.13120868318668175
1916.26,0.12738364621893583
1916.27,0.1237821794168616
1916.28,0.12038805762491263
1916.29,0.11718655423999585
1916.3,0.1141642792549134
1916.31,0.11130903739532864
1916.32,0.1086097035611226
1916.33,0.10605611320994564
1916.34,0.10363896567657055
1916.35,0.10134973871908423
1916.36,0.09918061283234768
1916.37,0.09712440407889587
1916.38,0.0951745043642748
1916.39,0.09332482823370108
1916.4,0.09156976539281235
1916.41,0.08990413826453332
1916.42,0.08832316398407003
1916.43,0.08682242031279447
1916.44,0.08539781501878002
1916.45,0.08404555833517795
1916.46,0.08276213816677519
1916.47,0.08154429774244223
1916.48,0.08038901540969944
1916.49,0.07929348634456079
1916.5,0.07825510600496749
1916.51,0.07727145515323328
1916.52,0.0763402862748633
1916.53,0.0754595112487357
1916.54,0.07462719014585203
1916.55,0.07384152104807527
1916.56,0.07310083079000766
1916.57,0.07240356653777531
1916.58,0.07174828812808116
1916.59,0.07113366109949053
1916.6,0.07055845035560637
1916.61,0.07002151440671599
1916.62,0.06952180014273637
1916.63,0.06905833809599854
1916.64,0.06863023815776892
1916.65,0.0682366857171802
1916.66,0.06787693819642664
1916.67,0.06755032196049893
1916.68,0.06725622958490547
1916.69,0.06699411747008333
1916.7,0.06676350379723249
1916.71,0.0665639668274251
1916.72,0.06639514355464265
1916.73,0.06625672873469571
1916.74,0.06614847432698502
1916.75,0.06607018940650439
1916.76,0.06602174063192207
1916.77,0.06600305339576652
1916.78,0.0660141138401575
1916.79,0.06605497200404699
1916.8,0.06612574648642662
1916.81,0.06622663117818753
1916.82,0.06635783452855362
1916.83,0.0665198049534774
1916.84,0.06671310647881806
1916.85,0.06693830592155114
1916.86,0.06719621705349664
1916.87,0.06748786868709944
1916.88,0.06781453528392165
1916.89,0.06817771623849435
1916.9,0.06857895340205546
1916.91,0.06901924503675298
1916.92,0.06949772283539044
1916.93,0.07000974575042394
1916.94,0.07054643025758277
1916.95,0.07109919482591219
1916.96,0.0716675625680935
1916.97,0.07226055499750748
1916.98,0.07288959006105816
1916.99,0.07356236858752763
1917.0,0.07428229506078272
1917.01,0.07505051809719347
1917.02,0.07586770492440197
1917.03,0.07673471251810005
1917.04,0.07765260668695152
1917.05,0.07862263020509502
1917.06,0.0796462338735731
1917.07,0.08072511448629976
1917.08,0.08186119611479442
1917.09,0.08305665369871139
1917.1,0.08431389189042326
1917.11,0.08563558667309248
1917.12,0.08702457207985043
1917.13,0.08848391891241762
1917.14,0.09001700654546027
1917.15,0.09162737685150239
1917.16,0.09331872403535413
1917.17,0.09509491093157921
1917.18,0.09696018376824443
1917.19,0.09891943760657985
1917.2,0.10097817076419303
1917.21,0.10314225346184912
1917.22,0.10541785922846471
1917.23,0.10781154839191683
1917.24,0.11033037416981845
1917.25,0.11298195554038554
1917.26,0.11577455402877868
1917.27,0.11871713683725096
1917.28,0.12181944367248508
1917.29,0.1250920653876767
1917.3,0.12854653104315214
1917.31,0.13219540619759218
1917.32,0.1360524039914812
1917.33,0.14013251080332229
1917.34,0.1444521285693629
1917.35,0.14902923623545714
1917.36,0.15388357325731244
1917.37,0.15903684859561892
1917.38,0.16451297928433475
1917.39,0.17033836340638575
1917.4,0.17654219322532302
1917.41,0.18315681532020253
1917.42,0.19021814591566683
1917.43,0.19776615123202693
1917.44,0.2058454046843834
1917.45,0.21450573522398364
1917.46,0.2238029841589251
1917.47,0.23379989156744171
1917.48,0.24456713812243341
1917.49,0.25618457403637684
1917.5,0.268742674245106
1917.51,0.2823442683150626
1917.52,0.2971066054592546
1917.53,0.31316383024887534
1917.54,0.33066996413349814
1917.55,0.34980251310676863
1917.56,0.37076685463266634
1917.57,0.3938015998031412
1917.58,0.4191851830838155
1917.59,0.4444669590418085
1917.6,0.47283178393818676
1917.61,0.5075074452414831
1917.62,0.546239583727798
1917.63,0.589677097946961
1917.64,0.6386016215142564
1917.65,0.6939607099232055
1917.66,0.7569108357806051
1917.67,0.8288735198099783
1917.68,0.9116091798909941
1917.69,1.0073150381778506
1917.7,1.1187558816273357
1917.71,1.2494398686095556
1917.72,1.403856175428516
1917.73,1.5877972338661495
1917.74,1.8087952917279575
1917.75,2.0767092103157014
1917.76,2.404496932404291
1917.77,2.8091857795864916
1917.78,3.312965722092603
1917.79,3.9440827186437826
1917.8,4.736588630194251
1917.81,5.726625407960769
1917.82,6.940381029340845
1917.83,8.365980857425233
1917.84,9.904518620709549
1917.85,11.319945924426985
1917.86,12.258073618034407
1917.87,12.406237496330782
1917.88,11.709409931697524
1917.89,10.413713315855802
1917.9,8.884011330557803
1917.91,7.404523481962122
1917.92,6.116209535393384
1917.93,5.053899810077835
1917.94,4.200045687585813
1917.95,3.5198949527223378
1917.96,2.9779972066128413
1917.97,2.5440210248904145
1917.98,2.1938115021537157
1917.99,1.908728403574703
1918.0,1.6745639312188163
1918.01,1.4805150801493132
1918.02,1.318343534984271
1918.03,1.181729892140161
1918.04,1.065790752537193
1918.05,0.9667216909072633
1918.06,0.8815340297344916
1918.07,0.807860386792734
1918.08,0.7438103485106569
1918.09,0.687862675149795
1918.1,0.6387840143248268
1918.11,0.5955682784099328
1918.12,0.557388498757126
1918.13,0.5235615686315046
1918.14,0.49352008282800564
1918.15,0.46900911481097907
1918.16,0.44741626147017927
1918.17,0.42621762666713553
1918.18,0.40731712883920124
1918.19,0.39047180191280656
1918.2,0.37546901333558613
1918.21,0.3621206457967645
1918.22,0.3502662885248023
1918.23,0.33978095704593236
1918.24,0.3305724876254417
1918.25,0.32256791627602577
1918.26,0.3157033848523282
1918.27,0.30992250953936823
1918.28,0.3051780629994307
1918.29,0.3014332426778645
1918.3,0.2986620276060388
1918.31,0.29684910229591543
1918.32,0.2959897360672379
1918.33,0.2960898054029397
1918.34,0.29716603712756784
1918.35,0.2992465092175052
1918.36,0.30237149334204866
1918.37,0.30659439783943493
1918.38,0.3119833540345038
1918.39,0.31862323813947785
1918.4,0.32661793655110094
1918.41,0.336093466541069
1918.42,0.34720182759354973
1918.43,0.3601258360580508
1918.44,0.37508520292010883
1918.45,0.39234419728628017
1918.46,0.41222134947252403
1918.47,0.43510179826720696
1918.48,0.4614530922582342
1918.49,0.4889291908314135
1918.5,0.5240835130803381
1918.51,0.564841148888463
1918.52,0.6122737903569146
1918.53,0.6677215941212805
1918.54,0.7328726104956634
1918.55,0.8098688739287103
1918.56,0.9014484518709888
1918.57,1.0111354184234713
1918.58,1.1434920431132507
1918.59,1.3044473750536205
1918.6,1.5017083530870512
1918.61,1.7452300906240483
1918.62,2.0476398407704948
1918.63,2.4243070014823855
1918.64,2.89230146055642
1918.65,3.4666084517021254
1918.66,4.150693521350516
1918.67,4.918098573870499
1918.68,5.686918762531077
1918.69,6.306943400935345
1918.7,6.5998054057363
1918.71,6.4618244011288875
1918.72,5.94288166231612
1918.73,5.2069568272526805
1918.74,4.4235446640343365
1918.75,3.700546484822184
1918.76,3.082196876359653
1918.77,2.5735540757569044
1918.78,2.1624220992192305
1918.79,1.8318387719331184
1918.8,1.5655707820632425
1918.81,1.3499296458661265
1918.82,1.1739938742571274
1918.83,1.0292646680648934
1918.84,0.9091933770322762
1918.85,0.8087426500797398
1918.86,0.724026685190238
1918.87,0.6520318474202563
1918.88,0.5904050825652778
1918.89,0.5372954020926896
1918.9,0.4912354923178786
1918.91,0.4510531698995326
1918.92,0.4158048950177803
1918.93,0.38472557117820905
1918.94,0.3571903990880773
1918.95,0.3326856909680787
1918.96,0.31078638267558056
1918.97,0.2934821898825223
1918.98,0.2758074789759749
1918.99,0.25983858849361074
1919.0,0.24536429205229107
1919.01,0.23220490400244262
1919.02,0.2202068477105705
1919.03,0.20923827331913256
1919.04,0.1991855020659827
1919.05,0.18995012549793558
1919.06,0.1814466265499645
1919.07,0.17360041884139107
1919.08,0.1663462229570056
1919.09,0.15962671564624079
1919.1,0.15339140115688446
1919.11,0.1475956642522431
1919.12,0.14219997254232292
1919.13,0.13716920209765543
1919.14,0.1324720653330894
1919.15,0.12808062250759206
1919.16,0.1239698718281616
1919.17,0.12011738688827156
1919.18,0.11650301198072399
1919.19,0.113108595346594
1919.2,0.10991774375717243
1919.21,0.10691557938825842
1919.22,0.10408848098974174
1919.23,0.1014238610283144
1919.24,0.0989101624334876
1919.25,0.09653712161161708
1919.26,0.09429583559771053
1919.27,0.09217836691657619
1919.28,0.0901773586844013
1919.29,0.0882858220628289
1919.3,0.08649761447338533
1919.31,0.08480683549574713
1919.32,0.08320824800783568
1919.33,0.0816971775831724
1919.34,0.08026949059324322
1919.35,0.07892158372906742
1919.36,0.0776502997078849
1919.37,0.07645265585190449
1919.38,0.07532513558362772
1919.39,0.07426231365049367
1919.4,0.07325539725670255
1919.41,0.07229322921862379
1919.42,0.07136785778766058
1919.43,0.07047964221891256
1919.44,0.06963462790449286
1919.45,0.06883807353765613
1919.46,0.06809168897902665
1919.47,0.06739451617980756
1919.48,0.06674449759306533
1919.49,0.06613936829074162
1919.5,0.06557702556185241
1919.51,0.06505562173863702
1919.52,0.06457355808962396
1919.53,0.06412945361874983
1919.54,0.06372211206214196
1919.55,0.06335049065132699
1919.56,0.06301367402561206
1919.57,0.06271088351824383
1919.58,0.06244138104516335
1919.59,0.06220451519258091
1919.6,0.0619997709548059
1919.61,0.06182668033774109
1919.62,0.06168484575646468
1919.63,0.061573936415018016
1919.64,0.06149368527874656
1919.65,0.061443886392470094
1919.66,0.06142439238387856
1919.67,0.06143511253226895
1919.68,0.061476012122596034
1919.69,0.061547115122483044
1919.7,0.061648506728583956
1919.71,0.06178033243104968
1919.72,0.061942795054626035
1919.73,0.062136153002640235
1919.74,0.06236072098340484
1919.75,0.06261687182097911
1919.76,0.06290503838500605
1919.77,0.06322571546878944
1919.78,0.06357946172982819
1919.79,0.06396690181233529
1919.8,0.06438872872544057
1919.81,0.06484570651944298
1919.82,0.06533867328831588
1919.83,0.06586854452232001
1919.84,0.0664363168348553
1919.85,0.06704307209001678
1919.86,0.06768998196063396
1919.87,0.06837831295044686
1919.88,0.06910943191841407
1919.89,0.06988481214780642
1919.9,0.07070604000836793
1919.91,0.07157482226510424
1919.92,0.0724929940943632
1919.93,0.0734625278748389
1919.94,0.07448554282944084
1919.95,0.07556431560318998
1919.96,0.07670129187272111
1919.97,0.07789909909475307
1919.98,0.07916056051424644
1919.99,0.08048871056813701
1920.0,0.08188681183779144
1920.01,0.0833583737230143
1920.02,0.08490717303291317
1920.03,0.08653727671466081
1920.04,0.08825306697069506
1920.05,0.09005926904880204
1920.06,0.09196098202855878
1920.07,0.09396371297263864
1920.08,0.09607341486354318
1920.09,0.09829652880663042
1920.1,0.10064003105033374
1920.11,0.10311148545594712
1920.12,0.10571910214439213
1920.13,0.10847180315854793
1920.14,0.11137929610949542
1920.15,0.11445215692932614
1920.16,0.11770192303115404
1920.17,0.12114119839191163
1920.18,0.1247837723240917
1920.19,0.12864475400203018
1920.2,0.13274072516478408
1920.21,0.13708991384580477
1920.22,0.14171239249391698
1920.23,0.146630304455562
1920.24,0.1518681235162276
1920.25,0.1574529521112984
1920.26,0.1634148649154264
1920.27,0.16978730583253937
1920.28,0.176607548026308
1920.29,0.1839172286283402
1920.3,0.19176297222351057
1920.31,0.2001971202585291
1920.32,0.209278587310996
1920.33,0.2190738698950413
1920.34,0.22965823943103433
1920.35,0.2411171585176051
1920.36,0.25354796917114336
1920.37,0.26706191384606276
1920.38,0.2817865656247838
1920.39,0.29786876404675955
1920.4,0.3154781790998479
1920.41,0.3348116598731011
1920.42,0.3560985690090192
1920.43,0.3796073630634577
1920.44,0.403154916980881
1920.45,0.4296351700892336
1920.46,0.4619848090515741
1920.47,0.498218081400362
1920.48,0.5389719607373806
1920.49,0.5850169714359421
1920.5,0.6372913934794419
1920.51,0.6969457343750982
1920.52,0.7654014271273588
1920.53,0.8444280189874945
1920.54,0.9362461008902652
1920.55,1.0436658859034098
1920.56,1.1702739335975674
1920.57,1.3206863946548975
1920.58,1.5008925949597567
1920.59,1.7187189030614258
1920.6,1.9844458076249556
1920.61,2.311602038959296
1920.62,2.717913587982572
1920.63,3.2262359666379647
1920.64,3.8648945465963775
1920.65,4.66592671156918
1920.66,5.657867411221977
1920.67,6.846978516714584
1920.68,8.18026338647777
1920.69,9.496369019245058
1920.7,10.509947412260793
1920.71,10.90689814804945
1920.72,10.540936708278673
1920.73,9.54768488801433
1920.74,8.238464860720617
1920.75,6.902630941656397
1920.76,5.706804977334861
1920.77,4.7074641378543784
1920.78,3.899918704516698
1920.79,3.256084586055999
1920.8,2.743884274188006
1920.81,2.334786740704522
1920.82,2.005704359859267
1920.83,1.7387080689921501
1920.84,1.520110973988531
1920.85,1.3395156265496098
1920.86,1.1890104173022187
1920.87,1.0625438279102757
1920.88,0.9554541188107175
1920.89,0.8641211864644589
1920.9,0.7857101027449648
1920.91,0.7179820279148624
1920.92,0.6591542211716649
1920.93,0.6077957781002916
1920.94,0.5627494307111133
1920.95,0.5230724519990779
1920.96,0.4879916514861534
1920.97,0.4568688363957999
1920.98,0.43108048266022797
1920.99,0.4082929452490402
1921.0,0.3862287388217162
1921.01,0.36646631059203516
1921.02,0.3487406986809627
1921.03,0.3328267689137072
1921.04,0.31853262566648705
1921.05,0.3056942864602693
1921.06,0.2941713583483266
1921.07,0.2838435139308608
1921.08,0.27460761012149976
1921.09,0.2663753273498117
1921.1,0.2590712334509901
1921.11,0.25263119707809695
1921.12,0.2470010915586072
1921.13,0.24213574281185418
1921.14,0.2379980850804482
1921.15,0.23455849643602558
1921.16,0.23179429279541383
1921.17,0.22968936489803335
1921.18,0.22823394767373117
1921.19,0.2274245159229111
1921.2,0.22726380447071004
1921.21,0.22776095515645217
1921.22,0.22893179739189806
1921.23,0.23079927379465545
1921.24,0.2333940278354804
1921.25,0.2367551768399182
1921.26,0.2409313014411802
1921.27,0.24598169218554028
1921.28,0.2519779060883812
1921.29,0.25900570138351636
1921.3,0.26716743864901155
1921.31,0.2765850624864887
1921.32,0.287403812106502
1921.33,0.29979685446128485
1921.34,0.31397109403116125
1921.35,0.33017449467752674
1921.36,0.34870535906325917
1921.37,0.3699241611831371
1921.38,0.39426873330358797
1921.39,0.4222738923140286
1921.4,0.4519852307051386
1921.41,0.48945885713849796
1921.42,0.5330771361035639
1921.43,0.5841126339565602
1921.44,0.644175453825165
1921.45,0.7153188031838529
1921.46,0.8001811287824695
1921.47,0.9021772615902066
1921.48,1.025753449290311
1921.49,1.1767206263106542
1921.5,1.3626695703164116
1921.51,1.5934348347610034
1921.52,1.8814745946939266
1921.53,2.241787308977729
1921.54,2.6904394568716152
1921.55,3.2397543226550867
1921.56,3.8869109093811702
1921.57,4.593203804148097
1921.58,5.259845750334006
1921.59,5.72840503125146
1921.6,5.8448646929235935
1921.61,5.564937513672711
1921.62,4.990229594465875
1921.63,4.288924893788536
1921.64,3.597874144992879
1921.65,2.9882667812908066
1921.66,2.480631649959773
1921.67,2.0694525156960117
1921.68,1.7399074119768387
1921.69,1.4760437902753303
1921.7,1.263860892448948
1921.71,1.0920315856973977
1921.72,0.951718343954338
1921.73,0.8361308540991927
1921.74,0.7400741679577512
1921.75,0.6595678112442841
1921.76,0.5915469394230702
1921.77,0.53363596760907
1921.78,0.48397958506883904
1921.79,0.4411171869045422
1921.8,0.40388936453238417
1921.81,0.371367705811108
1921.82,0.3428015541304586
1921.83,0.31757809499993855
1921.84,0.2971947487932236
1921.85,0.2772559481106931
1921.86,0.25941156965907614
1921.87,0.2433846830477033
1921.88,0.22894193477551628
1921.89,0.2158846354106127
1921.9,0.20404314955810463
1921.91,0.19327246989586275
1921.92,0.18344836181175905
1921.93,0.17446403890722884
1921.94,0.16622736617607883
1921.95,0.15865854017892791
1921.96,0.15168817393384373
1921.97,0.14525571507180657
1921.98,0.13930813532722133
1921.99,0.13379886020555976
1922.0,0.12868679919156778
1922.01,0.12393562008374821
1922.02,0.11951314479263486
1922.03,0.11539074438749057
1922.04,0.11154289612306909
1922.05,0.10794679146898194
1922.06,0.10458200322424267
1922.07,0.10143019789502492
1922.08,0.09847488385289746
1922.09,0.0957011923126558
1922.1,0.0930956898658891
1922.11,0.09064621741808143
1922.12,0.0883417503166147
1922.13,0.08617227600266429
1922.14,0.08412868665429506
1922.15,0.08220268479348976
1922.16,0.08038670007239922
1922.17,0.07867381561667036
1922.18,0.07705770252952299
1922.19,0.0755325617461548
1922.2,0.07409307357997766
1922.21,0.07273435573365492
1922.22,0.07145192675415643
1922.23,0.07024167135239633
1922.24,0.06909980391908518
1922.25,0.06802283708280228
1922.26,0.06700755558588709
1922.27,0.06605099425240155
1922.28,0.06515041829038605
1922.29,0.06430330529366035
1922.3,0.06350732881004123
1922.31,0.0627603434184942
1922.32,0.06206037122656784
1922.33,0.061405589674618205
1922.34,0.0607943205276038
1922.35,0.06022501994071437
1922.36,0.059696269495020514
1922.37,0.059206768110244466
1922.38,0.05875532475220996
1922.39,0.05834085186213851
1922.4,0.05796235944326915
1922.41,0.057618949748191366
1922.42,0.05730981251662532
1922.43,0.05703422071954834
1922.44,0.05679152677079928
1922.45,0.056581159172044065
1922.46,0.05640261956124961
1922.47,0.0562554801386627
1922.48,0.056139381447787184
1922.49,0.05605403049204882
1922.5,0.05599919917077648
1922.51,0.055974723020855
1922.52,0.0559805002529536
1922.53,0.05601649107363822
1922.54,0.05608271728696852
1922.55,0.05617926217138781
1922.56,0.05630627062986559
1922.57,0.05646394961337354
1922.58,0.05665256881989336
1922.59,0.05687246167330227
1922.6,0.05712402658859409
1922.61,0.057407728532271864
1922.62,0.05772410088884966
1922.63,0.058073747646660144
1922.64,0.05845734591892542
1922.65,0.05887564882103789
1922.66,0.05932948873139539
1922.67,0.05981978095894495
1922.68,0.060347527834058126
1922.69,0.06091382326164624
1922.7,0.06151985778652989
1922.71,0.06216692421260919
1922.72,0.06285642382222703
1922.73,0.06358987325304472
1922.74,0.06436891209897487
1922.75,0.06519531131186186
1922.76,0.06607098249083503
1922.77,0.06699798816283437
1922.78,0.0679785531730303
1922.79,0.06901507732721915
1922.8,0.070110149455751
1922.81,0.07126656310485484
1922.82,0.07248733410916787
1922.83,0.07377572036391511
1922.84,0.07513524420381308
1922.85,0.07656971791884179
1922.86,0.07808327310871108
1922.87,0.07968039481502132
1922.88,0.08136596168533414
1922.89,0.08314523893967218
1922.9,0.08502410098967553
1922.91,0.0870089889326109
1922.92,0.0891068811672668
1922.93,0.09132553978340124
1922.94,0.09367350497255353
1922.95,0.0961600164984459
1922.96,0.09879458857127142
1922.97,0.10158592360311501
1922.98,0.10454030444666029
1922.99,0.10766146027480804
1923.0,0.1109551245656888
1923.01,0.11443578820078175
1923.02,0.11812678005895358
1923.03,0.12205378895939825
1923.04,0.12624070419612743
1923.05,0.13071013389545713
1923.06,0.13548536907859823
1923.07,0.14059184367189176
1923.08,0.14605797594623143
1923.09,0.15191571617591623
1923.1,0.1582010281505266
1923.11,0.16495441303307998
1923.12,0.1722215524134595
1923.13,0.18005396124120132
1923.14,0.18850992133883862
1923.15,0.19765558810954592
1923.16,0.20756616409596837
1923.17,0.21832743114719413
1923.18,0.23003755800568956
1923.19,0.24280927978966454
1923.2,0.2567725370886288
1923.21,0.272077686568831
1923.22,0.28889942652186945
1923.23,0.3074416222397747
1923.24,0.32794327097733394
1923.25,0.35068591943583277
1923.26,0.37600294496509606
1923.27,0.4042912445746532
1923.28,0.4316531808509551
1923.29,0.4674408364325402
1923.3,0.5079412510977358
1923.31,0.5540017462131344
1923.32,0.6066640694254708
1923.33,0.6672187018872054
1923.34,0.7372769410841137
1923.35,0.8188673149739826
1923.36,0.9145654605086888
1923.37,1.0276701334784233
1923.38,1.1624426856183583
1923.39,1.3244330354899985
1923.4,1.520920789197088
1923.41,1.7615019226926112
1923.42,2.058838385581427
1923.43,2.4295315701184275
1923.44,2.89491112880489
1923.45,3.4810915692835125
1923.46,4.216638689139552
1923.47,5.124228949675522
1923.48,6.200156904026621
1923.49,7.376688331489523
1923.5,8.47958452217747
1923.51,9.234362337946573
1923.52,9.385812081643312
1923.53,8.876000276045307
1923.54,7.891289170858825
1923.55,6.719331544852125
1923.56,5.585448624171947
1923.57,4.600522761804298
1923.58,3.791088677626038
1923.59,3.1426721474176875
1923.6,2.6277375492684967
1923.61,2.218551505910805
1923.62,1.8915818435079796
1923.63,1.6282061631191986
1923.64,1.4141258115744855
1923.65,1.2384870113397206
1923.66,1.0930652252306223
1923.67,0.9716064748653821
1923.68,0.8693251428884302
1923.69,0.7825307010656468
1923.7,0.7083530257630525
1923.71,0.6445406438989797
1923.72,0.5893120233735238
1923.73,0.5412454572662726
1923.74,0.49919714708483526
1923.75,0.46224027847803656
1923.76,0.4312205878834411
1923.77,0.4039297643086523
1923.78,0.37825271855296644
1923.79,0.35535188521148414
1923.8,0.33486985141137265
1923.81,0.3165059146583884
1923.82,0.3000059421013463
1923.83,0.2851542494760964
1923.84,0.27176707051629617
1923.85,0.25968728526450785
1923.86,0.24878014543525365
1923.87,0.23892978800515707
1923.88,0.23003635893409552
1923.89,0.22201362830258126
1923.9,0.21478687847837385
1923.91,0.20829114251767264
1923.92,0.20246993458511992
1923.93,0.19727479841456888
1923.94,0.1926651079842861
1923.95,0.18860699996966962
1923.96,0.185072034827893
1923.97,0.18203631450320137
1923.98,0.1794802248562495
1923.99,0.1773883186557813
1924.0,0.17574919704300881
1924.01,0.1745553994371283
1924.02,0.17380333369114734
1924.03,0.17349326491292752
1924.04,0.17362937164682632
1924.05,0.17421987487462487
1924.06,0.1752772456070946
1924.07,0.17681849880384545
1924.08,0.17886558422908988
1924.09,0.18144588845471876
1924.1,0.1845928666507236
1924.11,0.18834680055555716
1924.12,0.192755852568303
1924.13,0.1978772042031467
1924.14,0.20377847068562735
1924.15,0.21053959020538843
1924.16,0.21825501428767846
1924.17,0.22703642191846446
1924.18,0.2370160074308273
1924.19,0.24835039409206514
1924.2,0.2612252519628081
1924.21,0.2758611161741838
1924.22,0.29252208400246327
1924.23,0.3115294054612184
1924.24,0.33095997755594053
1924.25,0.35595471650929517
1924.26,0.38477508164146995
1924.27,0.4181589761753491
1924.28,0.4570259850438745
1924.29,0.5025327449597303
1924.3,0.5561465615882785
1924.31,0.6197441046713963
1924.32,0.695744410993265
1924.33,0.7872878785668608
1924.34,0.8984747085009492
1924.35,1.0346746027893214
1924.36,1.2029071672156701
1924.37,1.412251487837163
1924.38,1.6741322033318917
1924.39,2.002060995440203
1924.4,2.409833333560162
1924.41,2.9061526421720294
1924.42,3.4825960623876493
1924.43,4.093425189215816
1924.44,4.636598396250353
1924.45,4.9666743686524635
1924.46,4.967425624648114
1924.47,4.638360548470994
1924.48,4.095131528518924
1924.49,3.4832975537795403
1924.5,2.905322051651071
1924.51,2.4072950722502884
1924.52,1.9978265617075641
1924.53,1.668282013223098
1924.54,1.4048757694124496
1924.55,1.1940830687792117
1924.56,1.0244603563431254
1924.57,0.8869104291769543
1924.58,0.7743982662624288
1924.59,0.6815415917556303
1924.6,0.6042300124410577
1924.61,0.5393147566550004
1924.62,0.48436973103456293
1924.63,0.43751213704929387
1924.64,0.397269217628402
1924.65,0.36247952761289365
1924.66,0.33221964635362733
1924.67,0.3057495307806121
1924.68,0.2824715218548352
1924.69,0.26359076997382114
1924.7,0.24533926759251962
1924.71,0.2290668023622127
1924.72,0.21450061994007705
1924.73,0.20141294958646744
1924.74,0.18961249732516142
1924.75,0.17893773335360308
1924.76,0.16925156161968785
1924.77,0.16043706102307095
1924.78,0.15239406268425265
1924.79,0.14503637734138577
1924.8,0.1382895348502463
1924.81,0.1320889339752972
1924.82,0.12637832449334122
1924.83,0.12110855362712111
1924.84,0.11623652607091521
1924.85,0.11172433637022024
1924.86,0.10753854200598931
1924.87,0.10364955191627842
1924.88,0.10003111014239711
1924.89,0.09665985817853813
1924.9,0.0935149626930613
1924.91,0.0905777977604797
1924.92,0.08783167271701206
1924.93,0.08526159834298187
1924.94,0.0828540853562528
1924.95,0.0805969702386794
1924.96,0.07847926426114393
1924.97,0.0764910222612051
1924.98,0.07462322829136564
1924.99,0.07286769571971136
1925.0,0.07121697974738744
1925.01,0.06966430062432524
1925.02,0.0682034761080632
1925.03,0.06682886193018968
1925.04,0.06553529921880312
1925.05,0.06431806797983164
1925.06,0.06317284587028658
1925.07,0.062095671606848986
1925.08,0.06108291244712262
1925.09,0.06013123526143936
1925.1,0.05923758078282013
1925.11,0.05839914068386551
1925.12,0.057613337184103205
1925.13,0.05687780494178675
1925.14,0.056190375032802733
1925.15,0.05554906086842812
1925.16,0.054952045958183246
1925.17,0.054397673486804125
1925.18,0.05388443775441924
1925.19,0.05341097763449175
1925.2,0.052976072347934715
1925.21,0.05257864004678338
1925.22,0.05221773994998817
1925.23,0.05189257903501325
1925.24,0.051602446429660685
1925.25,0.0513470441265399
1925.26,0.05112603825490807
1925.27,0.050939381604453084
1925.28,0.050787184115331126
1925.29,0.050669481829352644
1925.3,0.05058560025001409
1925.31,0.05053297333345494
1925.32,0.05050622824310295
1925.33,0.050498977290643766
1925.34,0.05050882940215348
1925.35,0.050539740086946686
1925.36,0.05059810232853296
1925.37,0.050688339918086744
1925.38,0.05081218460640084
1925.39,0.050969860184130945
1925.4,0.05116111843932769
1925.41,0.05138572788775109
1925.42,0.0516436314290681
1925.43,0.05193496987646849
1925.44,0.05226006509119065
1925.45,0.05261941626917958
1925.46,0.05301362436479246
1925.47,0.05344341678704102
1925.48,0.05390967841579185
1925.49,0.054413390726179185
1925.5,0.054955650127730835
1925.51,0.05553766962487947
1925.52,0.05616078230632604
1925.53,0.056826446356953754
1925.54,0.057536251409747954
1925.55,0.05829192614318686
1925.56,0.059095347090005974
1925.57,0.05994854866873021
1925.58,0.06085373449090727
1925.59,0.06181329002857062
1925.6,0.06282979675093456
1925.61,0.06390604786574262
1925.62,0.06504506582844011
1925.63,0.06625012181104518
1925.64,0.06752475735288849
1925.65,0.06887280845095696
1925.66,0.07029843238492268
1925.67,0.07180613761770624
1925.68,0.07340081716289383
1925.69,0.07508778586973287
1925.7,0.07687282214521236
1925.71,0.07876221471300983
1925.72,0.08076281510305243
1925.73,0.08288209667576495
1925.74,0.08512822111500555
1925.75,0.08751011347714206
1925.76,0.0900375470654948
1925.77,0.09272123961533194
1925.78,0.09557296253196981
1925.79,0.09860566523218561
1925.8,0.10183361700812928
1925.81,0.10527256927690924
1925.82,0.1089399416151418
1925.83,0.11285503562742981
1925.84,0.11703928148800556
1925.85,0.12151652295979105
1925.86,0.1263133478783641
1925.87,0.13145947254518697
1925.88,0.13698819027609124
1925.89,0.14293689658720748
1925.9,0.1493477062919895
1925.91,0.15626818126481476
1925.92,0.16375219199017077
1925.93,0.17186094143387687
1925.94,0.18066418638801243
1925.95,0.19024169913293515
1925.96,0.2006850202014769
1925.97,0.21209955899983246
1925.98,0.22460709742621807
1925.99,0.23834877336406268
1926.0,0.2534886768771965
1926.01,0.27021848308134877
1926.02,0.2887639479110579
1926.03,0.3093933972051412
1926.04,0.3324273143129456
1926.05,0.3582490797940527
1926.06,0.3854344098844966
1926.07,0.41644277983774175
1926.08,0.4538308903593497
1926.09,0.4965351690959246
1926.1,0.5455858892954393
1926.11,0.6022675829545407
1926.12,0.6681949870835739
1926.13,0.7454152569162618
1926.14,0.8365464297519318
1926.15,0.9449658776742417
1926.16,1.0750672069718281
1926.17,1.2326091365966332
1926.18,1.4251830389847673
1926.19,1.6628196559686959
1926.2,1.9587212433294643
1926.21,2.329992428605007
1926.22,2.797941458057871
1926.23,3.3868059181849675
1926.24,4.11828482636318
1926.25,4.997038017207797
1926.26,5.9818094531810475
1926.27,6.947176882076045
1926.28,7.673139605438923
1926.29,7.9242755709230375
1926.3,7.604585767082828
1926.31,6.835117331293135
1926.32,5.857320741935083
1926.33,4.881393459571109
1926.34,4.020492643856119
1926.35,3.3080513891384977
1926.36,2.7360270447150556
1926.37,2.281855812996415
1926.38,1.9214922902803526
1926.39,1.634135401587157
1926.4,1.4032008603014754
1926.41,1.2159246325205635
1926.42,1.0626185155642505
1926.43,0.9359507287500681
1926.44,0.8303567840700753
1926.45,0.741587967243144
1926.46,0.6663752118035253
1926.47,0.6021820554298659
1926.48,0.5470231009175422
1926.49,0.4993309202558675
1926.5,0.4578575851523929
1926.51,0.4216014734210779
1926.52,0.38975240720573884
1926.53,0.3616501300796139
1926.54,0.3380972485487485
1926.55,0.3173059064409888
1926.56,0.2975668693877101
1926.57,0.2798949148693358
1926.58,0.264027580279146
1926.59,0.2497461913729652
1926.6,0.23686658832590987
1926.61,0.2252311834528906
1926.62,0.21470404676010088
1926.63,0.20516778030911567
1926.64,0.1965209811245329
1926.65,0.1886759802176598
1926.66,0.18155686408301583
1926.67,0.17509779045015425
1926.68,0.16924157587119953
1926.69,0.16393851791589878
1926.7,0.159145414088425
1926.71,0.15482475370213616
1926.72,0.15094400794807386
1926.73,0.1474750804709774
1926.74,0.14439385410870556
1926.75,0.14167977140970392
1926.76,0.13931552274928347
1926.77,0.13728678578202144
1926.78,0.13558201854892102
1926.79,0.13419230081000552
1926.8,0.13311121961051484
1926.81,0.1323347963644059
1926.82,0.13186145390943768
1926.83,0.1316920231044848
1926.84,0.13182978964955375
1926.85,0.13228058295981832
1926.86,0.13305291016718426
1926.87,0.1341581397126856
1926.88,0.1356107405962315
1926.89,0.13742858524630594
1926.9,0.13963332626173144
1926.91,0.14225086008387572
1926.92,0.1453118941477555
1926.93,0.14885263844291496
1926.94,0.15291564797280116
1926.95,0.1575508497064662
1926.96,0.16281679676881505
1926.97,0.1687822044898144
1926.98,0.17552783844575615
1926.99,0.1831488450309311
1927.0,0.1917576421227846
1927.01,0.2014875234409069
1927.02,0.21249717858663203
1927.03,0.2249763961643422
1927.04,0.23915330642213092
1927.05,0.2553036418412205
1927.06,0.2737626622944801
1927.07,0.29494062458515224
1927.08,0.3173579994785128
1927.09,0.34562713555529806
1927.1,0.3785323088087055
1927.11,0.41706236540846325
1927.12,0.4624739699902197
1927.13,0.5163773217405615
1927.14,0.5808521879898225
1927.15,0.6586045997854307
1927.16,0.7531762555446971
1927.17,0.8692173102202713
1927.18,1.0128221657364078
1927.19,1.1918906657550747
1927.2,1.4163753773175891
1927.21,1.6980280178875788
1927.22,2.048722780973553
1927.23,2.475490336312716
1927.24,2.969480782125144
1927.25,3.4878250301496587
1927.26,3.937958034313069
1927.27,4.193095907617649
1927.28,4.160312201631728
1927.29,3.8522730258936875
1927.3,3.3765749950180686
1927.31,2.8567104304123943
1927.32,2.3742634515955467
1927.33,1.9630968157397193
1927.34,1.6273345809185464
1927.35,1.3582279871732652
1927.36,1.143660222828384
1927.37,0.972192300635173
1927.38,0.8343156398948331
1927.39,0.722544659506236
1927.4,0.6311241480557535
1927.41,0.5556667343117315
1927.42,0.49282932827545917
1927.43,0.44005450680051245
1927.44,0.39537343800002245
1927.45,0.3572588792513241
1927.46,0.3245164333708616
1927.47,0.2962042035459302
1927.48,0.27157326327918846
1927.49,0.2500233217753396
1927.5,0.23106949249973482
1927.51,0.21431720574566038
1927.52,0.1994431279925278
1927.53,0.18618054102493597
1927.54,0.17430802857170147
1927.55,0.16364078457080208
1927.56,0.1540236843492401
1927.57,0.14532579436548954
1927.58,0.13743606963132715
1927.59,0.13025962404316072
1927.6,0.12371433568949095
1927.61,0.11772765630312948
1927.62,0.11223461170840647
1927.63,0.10717876902233653
1927.64,0.10251461499298264
1927.65,0.09820622040648998
1927.66,0.09422265202464974
1927.67,0.09053515992436162
1927.68,0.08711695779715864
1927.69,0.083943656175323
1927.7,0.08099340500446293
1927.71,0.07824675373519807
1927.72,0.07568640017595901
1927.73,0.07329692681296049
1927.74,0.07106457386120454
1927.75,0.06897699234769175
1927.76,0.06702309181715115
1927.77,0.06519291474125508
1927.78,0.06347746765336125
1927.79,0.06186862230636982
1927.8,0.06035901913120654
1927.81,0.058941983478756045
1927.82,0.057611452674306354
1927.83,0.056361912271825375
1927.84,0.0551883401758649
1927.85,0.05408615752406498
1927.86,0.05305118540453545
1927.87,0.052079606629145785
1927.88,0.05116793190325657
1927.89,0.05031296983082017
1927.9,0.049511800275079246
1927.91,0.04876175066430153
1927.92,0.048060374888970164
1927.93,0.0474054344857114
1927.94,0.0467948818448061
1927.95,0.04622684521292941
1927.96,0.045699615293131865
1927.97,0.04521163326986761
1927.98,0.04476148010919762
1927.99,0.044347867003608696
1928.0,0.043969626847675754
1928.01,0.0436257066454483
1928.02,0.04331516076330533
1928.03,0.043037144953381096
1928.04,0.04279091108277664
1928.05,0.04257580251286726
1928.06,0.042391250081310984
1928.07,0.04223676864706793
1928.08,0.04211195416608048
1928.09,0.04201648127248935
1928.1,0.041950101347675295
1928.11,0.04191264106741536
1928.12,0.041904001426559805
1928.13,0.04192415725162189
1928.14,0.041973157225591286
1928.15,0.042051124467686087
1928.16,0.04215825773573529
1928.17,0.042294833353298374
1928.18,0.042461208010534754
1928.19,0.04265782264891082
1928.2,0.0428852077092911
1928.21,0.04314399006986155
1928.22,0.043434901918738666
1928.23,0.04375879128229425
1928.24,0.04411663211260045
1928.25,0.04450952663254147
1928.26,0.04493867980403283
1928.27,0.04540530092691268
1928.28,0.04591036552586487
1928.29,0.046454237350867116
1928.3,0.04703660669885817
1928.31,0.04765727866826608
1928.32,0.04831775964298439
1928.33,0.04902150751536485
1928.34,0.049772541423224397
1928.35,0.050574324753406105
1928.36,0.051429723336616745
1928.37,0.05234139052846417
1928.38,0.053312073667481814
1928.39,0.05434477109077858
1928.4,0.055442803725458886
1928.41,0.05660985376571536
1928.42,0.057849994201258116
1928.43,0.059167712909295116
1928.44,0.06056791700419479
1928.45,0.06205587737648937
1928.46,0.06363704648378649
1928.47,0.06531672233503716
1928.48,0.06709994765579706
1928.49,0.06899219907281987
1928.5,0.0710010765923745
1928.51,0.07313689574015796
1928.52,0.07541146238036196
1928.53,0.0778369005959189
1928.54,0.08042561260562481
1928.55,0.08319077782999412
1928.56,0.0861468186300346
1928.57,0.08930973098332877
1928.58,0.09269734543936571
1928.59,0.09632957977114816
1928.6,0.10022871729704605
1928.61,0.10441972903785339
1928.62,0.10893065205699443
1928.63,0.11379303556616928
1928.64,0.11904246795670648
1928.65,0.12471920077666943
1928.66,0.13086888952555314
1928.67,0.13754347606734485
1928.68,0.14480224370962477
1928.69,0.15271308396331373
1928.7,0.16135402422236111
1928.71,0.17081507881838068
1928.72,0.18120050310347752
1928.73,0.19263155274640478
1928.74,0.2052498801467762
1928.75,0.2192217393410707
1928.76,0.2347432235554993
1928.77,0.2520468032073204
1928.78,0.27140972079822373
1928.79,0.2931643531854585
1928.8,0.3177117960082654
1928.81,0.34553920910986446
1928.82,0.37565344328535927
1928.83,0.410392734889802
1928.84,0.45225115356497425
1928.85,0.5007699243825093
1928.86,0.5573871257176078
1928.87,0.6239336185239951
1928.88,0.7027632213289888
1928.89,0.7969306361154508
1928.9,0.9104323895722565
1928.91,1.048534041752193
1928.92,1.2182108988152074
1928.93,1.4287186224253023
1928.94,1.6922678563958444
1928.95,2.0246487754941827
1928.96,2.4453090223949188
1928.97,2.975581818608438
1928.98,3.63216818510282
1928.99,4.410910240548073
1929.0,5.257005208650367
1929.01,6.03285182485867
1929.02,6.528952580963971
1929.03,6.5660912022235784
1929.04,6.129373917961964
1929.05,5.380832375955036
1929.06,4.534148051440775
1929.07,3.740166616655501
1929.08,3.064287290247331
1929.09,2.5159866076642907
1929.1,2.0803228236062643
1929.11,1.7360678071341542
1929.12,1.4633098298175287
1929.13,1.2456963271869643
1929.14,1.0705197707901235
1929.15,0.9281303393144853
1929.16,0.8112544196914248
1929.17,0.7144055582354047
1929.18,0.6334243299910359
1929.19,0.5651340766778502
1929.2,0.5070880243092509
1929.21,0.45738464942867746
1929.22,0.41453280073129367
1929.23,0.37735274828421145
1929.24,0.3449031293793911
1929.25,0.3164266095247025
1929.26,0.291309138361457
1929.27,0.2690491464617947
1929.28,0.24923406502343004
1929.29,0.23152228207987577
1929.3,0.2156291668480168
1929.31,0.2013161623526451
1929.32,0.1883822102150965
1929.33,0.17665696152970478
1929.34,0.16599536565516224
1929.35,0.15627332955175977
1929.36,0.1473842145217733
1929.37,0.13923599226415995
1929.38,0.13174892328018448
1929.39,0.12485365160332983
1929.4,0.11848963325171073
1929.41,0.11260383366706259
1929.42,0.10714964309923317
1929.43,0.10208596947210437
1929.44,0.09737647647716019
1929.45,0.09298894105461576
1929.46,0.08889470945436856
1929.47,0.08506823504130025
1929.48,0.08148668416178535
1929.49,0.07812959890108286
1929.5,0.07497860757375485
1929.51,0.07201717540846851
1929.52,0.06923038919706867
1929.53,0.06660477073973603
1929.54,0.06412811478335152
1929.55,0.061789347858051465
1929.56,0.05957840499828019
1929.57,0.05748612181359758
1929.58,0.055504139771006336
1929.59,0.05362482287926008
1929.6,0.05184118423971356
1929.61,0.050146821157186605
1929.62,0.048535857696331224
1929.63,0.04700289373055846
1929.64,0.04554295966736708
1929.65,0.04415147614908059
1929.66,0.04282421812812177
1929.67,0.04155728279976705
1929.68,0.040347060949949706
1929.69,0.03919021134064279
1929.7,0.03808363781432805
1929.71,0.037024468854261174
1929.72,0.036010039391644495
1929.73,0.035037874708104946
1929.74,0.034105676346918294
1929.75,0.03321131002573158
1929.76,0.03235279564522387
1929.77,0.03152829961989495
1929.78,0.03073612991733682
1929.79,0.029974734339678885
1929.8,0.029242683461604073
1929.81,0.02853873369377532
1929.82,0.027861793225681865
1929.83,0.02721087634085334
1929.84,0.02658509628570556
1929.85,0.02598343186194425
1929.86,0.025404229063270146
1929.87,0.02400662878579335
1929.88,0.022637406806381762
1929.89,0.02211794849688608
1929.9,0.021610643186034506
1929.91,0.021117856082553798
1929.92,0.020641503954044745
1929.93,0.020182035444334712
1929.94,0.01973891842236681
1929.95,0.01931126551674961
1929.96,0.018898158243215054
1929.97,0.01849875509164228
1929.98,0.01811230962806205
1929.99,0.017738159782461523
1930.0,0.017375712309291722
