nu_cm-1,alpha_cm-1_at_1ppm
2880.0,1.612031791630703e-07
2880.01,1.730329217220652e-07
2880.02,1.8648272181235662e-07
2880.03,2.0183392777792213e-07
2880.04,2.1940798789905473e-07
2880.05,2.3955838758982026e-07
2880.06,2.6264817149094895e-07
2880.07,2.8900292044877824e-07
2880.08,3.18826355589962e-07
2880.09,3.5218776832678233e-07
2880.1,3.883637122570435e-07
2880.11,4.2636764282910507e-07
2880.12,4.64349089647978e-07
2880.13,4.997583940741816e-07
2880.14,5.296209041068437e-07
2880.15,5.510269286089991e-07
2880.16,5.617795130674312e-07
2880.17,5.610813166783145e-07
2880.18,5.499730164357113e-07
2880.19,5.314914024856021e-07
2880.2,5.085934615144201e-07
2880.21,4.851104110551345e-07
2880.22,4.6380159992687156e-07
2880.23,4.464873535854926e-07
2880.24,4.3419403100852815e-07
2880.25,4.2741883769406437e-07
2880.26,4.263750478213384e-07
2880.27,4.311642478709451e-07
2880.28,4.4187185955897085e-07
2880.29,4.585766529732116e-07
2880.3,4.813572743946989e-07
2880.31,5.100312715747267e-07
2880.32,5.442608261169487e-07
2880.33,5.833593435115896e-07
2880.34,6.264528415360462e-07
2880.35,6.727256710502389e-07
2880.36,7.214806479854164e-07
2880.37,7.716934502583166e-07
2880.38,8.211974329825909e-07
2880.39,8.661600387443947e-07
2880.4,9.015642283556877e-07
2880.41,9.228697273325387e-07
2880.42,9.281136223418526e-07
2880.43,9.190881803948452e-07
2880.44,9.00753049582419e-07
2880.45,8.794020489720067e-07
2880.46,8.608676047003168e-07
2880.47,8.495960918571097e-07
2880.48,8.485881075917485e-07
2880.49,8.597883487513068e-07
2880.5,8.845544540621137e-07
2880.51,9.240157085885051e-07
2880.52,9.792571915001108e-07
2880.53,1.051303977564154e-06
2880.54,1.1408682907586888e-06
2880.55,1.247807207169896e-06
2880.56,1.3702866629269598e-06
2880.57,1.5038164421922755e-06
2880.58,1.6408429883578711e-06
2880.59,1.7710896668352413e-06
2880.6,1.8844421273218314e-06
2880.61,1.973538537286157e-06
2880.62,2.035706188234259e-06
2880.63,2.0729908043140133e-06
2880.64,2.0910872770960363e-06
2880.65,2.097709640977216e-06
2880.66,2.1003398890157825e-06
2880.67,2.103772979470557e-06
2880.68,2.1084378353979477e-06
2880.69,2.1101556551622393e-06
2880.7,2.101468552261014e-06
2880.71,2.074431742223121e-06
2880.72,2.0242037250081378e-06
2880.73,1.9517702172495253e-06
2880.74,1.8640754916177953e-06
2880.75,1.7715167308784803e-06
2880.76,1.6845649663642e-06
2880.77,1.6113407826125953e-06
2880.78,1.5572182523196368e-06
2880.79,1.5230996155158541e-06
2880.8,1.5090871701131659e-06
2880.81,1.5132920879135161e-06
2880.82,1.5326753632601182e-06
2880.83,1.5626791526924963e-06
2880.84,1.5963763471819718e-06
2880.85,1.624082743823855e-06
2880.86,1.6345189347627397e-06
2880.87,1.6177960614831338e-06
2880.88,1.5689983159602292e-06
2880.89,1.4901283727596091e-06
2880.9,1.3892967293267058e-06
2880.91,1.2764232227769513e-06
2880.92,1.1614890505423756e-06
2880.93,1.0516245962758273e-06
2880.94,9.510392721166916e-07
2880.95,8.615796595423703e-07
2880.96,7.835264157460895e-07
2880.97,7.162809763067954e-07
2880.98,6.588425672812105e-07
2880.99,6.100971951389008e-07
2881.0,5.689737800275546e-07
2881.01,5.345179127034252e-07
2881.02,5.059191279572275e-07
2881.03,4.825142122519402e-07
2881.04,4.637795391068115e-07
2881.05,4.495022926328556e-07
2881.06,4.3903694338128973e-07
2881.07,4.3238739586270835e-07
2881.08,4.294640008743505e-07
2881.09,4.302478070071979e-07
2881.1,4.347647035085234e-07
2881.11,4.430461140378664e-07
2881.12,4.5507183092251246e-07
2881.13,4.706964099568224e-07
2881.14,4.895733091656928e-07
2881.15,5.111054876804608e-07
2881.16,5.344481481908772e-07
2881.17,5.585485338492368e-07
2881.18,5.821568637445485e-07
2881.19,6.037757314813436e-07
2881.2,6.216711309655182e-07
2881.21,6.341770938617102e-07
2881.22,6.403457285456273e-07
2881.23,6.405963672992579e-07
2881.24,6.370918601089297e-07
2881.25,6.32289856434387e-07
2881.26,6.295327221813632e-07
2881.27,6.314686189563647e-07
2881.28,6.399853700973292e-07
2881.29,6.561473137958542e-07
2881.3,6.801649860604949e-07
2881.31,7.112519522436925e-07
2881.32,7.473416389815538e-07
2881.33,7.84797743106771e-07
2881.34,8.184728813115836e-07
2881.35,8.423788282066163e-07
2881.36,8.514305845359453e-07
2881.37,8.433263026462545e-07
2881.38,8.19484321089256e-07
2881.39,7.843826736004813e-07
2881.4,7.43746575439698e-07
2881.41,7.027960666823338e-07
2881.42,6.653261368290607e-07
2881.43,6.336138572558835e-07
2881.44,6.087650538961977e-07
2881.45,5.911544696523989e-07
2881.46,5.807896036010841e-07
2881.47,5.77559637064191e-07
2881.48,5.813885891682745e-07
2881.49,5.923243705349802e-07
2881.5,6.105899300071099e-07
2881.51,6.366130730833058e-07
2881.52,6.710422530720466e-07
2881.53,7.147467323936196e-07
2881.54,7.687892968439891e-07
2881.55,8.343461587558425e-07
2881.56,9.125311876588712e-07
2881.57,1.0040652512308356e-06
2881.58,1.1087359909968402e-06
2881.59,1.2246630001782737e-06
2881.6,1.3475717317304192e-06
2881.61,1.470557939960068e-06
2881.62,1.5850258852253356e-06
2881.63,1.6824256937339501e-06
2881.64,1.7573474561613548e-06
2881.65,1.808809558670689e-06
2881.66,1.8399685105962524e-06
2881.67,1.8556979218157525e-06
2881.68,1.8593980037617522e-06
2881.69,1.8510125620118781e-06
2881.7,1.8276517434542486e-06
2881.71,1.78652810920778e-06
2881.72,1.728170169242945e-06
2881.73,1.6575927374065765e-06
2881.74,1.5828116251164222e-06
2881.75,1.512116454142248e-06
2881.76,1.452123440121493e-06
2881.77,1.4059483152270946e-06
2881.78,1.374570756358365e-06
2881.79,1.356354889503766e-06
2881.8,1.3465382713328975e-06
2881.81,1.3389025627047047e-06
2881.82,1.3257334939058765e-06
2881.83,1.3003195752484473e-06
2881.84,1.2590056680185394e-06
2881.85,1.2024983709687407e-06
2881.86,1.1352730389647292e-06
2881.87,1.0635844055545687e-06
2881.88,9.93430288605726e-07
2881.89,9.293457986507775e-07
2881.9,8.741671629478582e-07
2881.91,8.2932847896621e-07
2881.92,7.954323226870432e-07
2881.93,7.71913055182312e-07
2881.94,7.581211008319383e-07
2881.95,7.52647602778056e-07
2881.96,7.535787433830427e-07
2881.97,7.573853812200716e-07
2881.98,7.604914019373164e-07
2881.99,7.588602152470186e-07
2882.0,7.492613118999932e-07
2882.01,7.303288046957462e-07
2882.02,7.02992454344523e-07
2882.03,6.69966403669305e-07
2882.04,6.346568045902118e-07
2882.05,6.001550882463905e-07
2882.06,5.687163728702036e-07
2882.07,5.417053601179588e-07
2882.08,5.19793791647256e-07
2882.09,5.032164691253251e-07
2882.1,4.919876171562325e-07
2882.11,4.860519919596292e-07
2882.12,4.853785947945944e-07
2882.13,4.900127728871768e-07
2882.14,5.000992003076427e-07
2882.15,5.158814447009093e-07
2882.16,5.376763746683489e-07
2882.17,5.658144585857928e-07
2882.18,6.005315673333029e-07
2882.19,6.417986806326498e-07
2882.2,6.890915895496555e-07
2882.21,7.411417013442066e-07
2882.22,7.957617797557339e-07
2882.23,8.498563394977433e-07
2882.24,8.996416999487327e-07
2882.25,9.409662970873073e-07
2882.26,9.69657005598969e-07
2882.27,9.820790645024222e-07
2882.28,9.761372492098782e-07
2882.29,9.523861460173821e-07
2882.3,9.144746056723826e-07
2882.31,8.677780660357815e-07
2882.32,8.184041563207486e-07
2882.33,7.713731228188556e-07
2882.34,7.301381826197357e-07
2882.35,6.966750347277222e-07
2882.36,6.718799581774712e-07
2882.37,6.559848889916063e-07
2882.38,6.48854899074796e-07
2882.39,6.501367552332451e-07
2882.4,6.59267468132216e-07
2882.41,6.753621514395213e-07
2882.42,6.970153650525416e-07
2882.43,7.220949417371619e-07
2882.44,7.476847290466554e-07
2882.45,7.703870588292991e-07
2882.46,7.87099416511791e-07
2882.47,7.96054019220863e-07
2882.48,7.975595242750846e-07
2882.49,7.939429165689893e-07
2882.5,7.887381412879811e-07
2882.51,7.856687213115664e-07
2882.52,7.879515936628528e-07
2882.53,7.980778437672552e-07
2882.54,8.179296822597014e-07
2882.55,8.490273300833506e-07
2882.56,8.927639817462704e-07
2882.57,9.505602054723164e-07
2882.58,1.023903224656414e-06
2882.59,1.1142328576565108e-06
2882.6,1.2226108387210064e-06
2882.61,1.3490891176318577e-06
2882.62,1.4917257385091092e-06
2882.63,1.6453734457739805e-06
2882.64,1.8007629828730457e-06
2882.65,1.944868825487751e-06
2882.66,2.063445840834103e-06
2882.67,2.1452719196783513e-06
2882.68,2.18574222628258e-06
2882.69,2.1873508770663697e-06
2882.7,2.1570914925986068e-06
2882.71,2.103209781457203e-06
2882.72,2.033524045041374e-06
2882.73,1.9553449508752785e-06
2882.74,1.8755742592957723e-06
2882.75,1.8000242934698564e-06
2882.76,1.7324420504784055e-06
2882.77,1.6728285942589535e-06
2882.78,1.6185219737521486e-06
2882.79,1.5641796947167314e-06
2882.8,1.5036417562129131e-06
2882.81,1.4321564775480668e-06
2882.82,1.3482534244579707e-06
2882.83,1.2545310478975107e-06
2882.84,1.155173843120793e-06
2882.85,1.0559845097369015e-06
2882.86,9.615217731949238e-07
2882.87,8.747534815335015e-07
2882.88,7.971133648969938e-07
2882.89,7.288991060697687e-07
2882.9,6.697091607981959e-07
2882.91,6.187928338413382e-07
2882.92,5.752760389530782e-07
2882.93,5.382942599201248e-07
2882.94,5.070599887759617e-07
2882.95,4.808911273494567e-07
2882.96,4.5921807437621287e-07
2882.97,4.4158045259367476e-07
2882.98,4.276197922255375e-07
2882.99,4.170716127363245e-07
2883.0,4.097586712237907e-07
2883.01,4.0558620892552503e-07
2883.02,4.045395003730024e-07
2883.03,4.069069149021472e-07
2883.04,4.123897769493789e-07
2883.05,4.2144125785338675e-07
2883.06,4.3437891335960776e-07
2883.07,4.5160516749445167e-07
2883.08,4.7359606908948473e-07
2883.09,5.008704661747319e-07
2883.1,5.339235569291503e-07
2883.11,5.731018139753239e-07
2883.12,6.183929325376096e-07
2883.13,6.691661433976449e-07
2883.14,7.23603025207515e-07
2883.15,7.787034217224903e-07
2883.16,8.301681068279284e-07
2883.17,8.732102625397142e-07
2883.18,9.039996221001292e-07
2883.19,9.211505089980865e-07
2883.2,9.262468432983766e-07
2883.21,9.229250902505079e-07
2883.22,9.150899305171711e-07
2883.23,9.053423555797691e-07
2883.24,8.943108658950421e-07
2883.25,8.808978434884255e-07
2883.26,8.630595790417332e-07
2883.27,8.387318296781287e-07
2883.28,8.066498477690712e-07
2883.29,7.669631144645097e-07
2883.3,7.213361354777284e-07
2883.31,6.724890757707696e-07
2883.32,6.233900842133091e-07
2883.33,5.765394370270374e-07
2883.34,5.336203217994373e-07
2883.35,4.955028100603605e-07
2883.36,4.624317658755772e-07
2883.37,4.34260650492766e-07
2883.38,4.10636187238601e-07
2883.39,3.911270876132195e-07
2883.4,3.755030106677741e-07
2883.41,3.6296417866897564e-07
2883.42,3.5337296034019547e-07
2883.43,3.464511133729788e-07
2883.44,3.4198073561835725e-07
2883.45,3.3980094760447305e-07
2883.46,3.39804078536428e-07
2883.47,3.4193242546690415e-07
2883.48,3.46176134233001e-07
2883.49,3.525724868717798e-07
2883.5,3.612067641947606e-07
2883.51,3.722148172012251e-07
2883.52,3.8578748505363847e-07
2883.53,4.02177009354014e-07
2883.54,4.217055832755001e-07
2883.55,4.447760992884275e-07
2883.56,4.7188496752646516e-07
2883.57,5.036365204452706e-07
2883.58,5.407580304713127e-07
2883.59,5.841140247742241e-07
2883.6,6.347190168875953e-07
2883.61,6.937499242631528e-07
2883.62,7.625537491292778e-07
2883.63,8.426483720916423e-07
2883.64,9.35656952088517e-07
2883.65,1.0431037872199917e-06
2883.66,1.1659805399588516e-06
2883.67,1.3040021485234129e-06
2883.68,1.4546318079801699e-06
2883.69,1.6120052507343572e-06
2883.7,1.7663675436115898e-06
2883.71,1.9048231320845574e-06
2883.72,2.014122068787865e-06
2883.73,2.0843413759167094e-06
2883.74,2.1119984335340157e-06
2883.75,2.100392713871051e-06
2883.76,2.057250686058807e-06
2883.77,1.9912662866587356e-06
2883.78,1.9089934709855737e-06
2883.79,1.8138326686470083e-06
2883.8,1.7077182318895535e-06
2883.81,1.5925746869431592e-06
2883.82,1.4718335365181808e-06
2883.83,1.350327555805904e-06
2883.84,1.2331476635178566e-06
2883.85,1.1244688681512914e-06
2883.86,1.0269745184846432e-06
2883.87,9.418960052145537e-07
2883.88,8.693781726482753e-07
2883.89,8.089001727387217e-07
2883.9,7.598038793733042e-07
2883.91,7.207737042044044e-07
2883.92,6.911178737473258e-07
2883.93,6.701273144619442e-07
2883.94,6.573401968123025e-07
2883.95,6.525674962322931e-07
2883.96,6.558522833279855e-07
2883.97,6.673769375870273e-07
2883.98,6.872201084018035e-07
2883.99,7.156704700612846e-07
2884.0,7.522292857640595e-07
2884.01,7.95978383555971e-07
2884.02,8.447454487208636e-07
2884.03,8.949940178505564e-07
2884.04,9.416920536623452e-07
2884.05,9.787703041948272e-07
2884.06,1.0002071028769543e-06
2884.07,1.0015330718704092e-06
2884.08,9.809673413511903e-07
2884.09,9.410038646096171e-07
2884.1,8.863178334448781e-07
2884.11,8.232195419752374e-07
2884.12,7.577233264362591e-07
2884.13,6.946554122503901e-07
2884.14,6.365588952010461e-07
2884.15,5.851131760839805e-07
2884.16,5.405553545339237e-07
2884.17,5.031765035114694e-07
2884.18,4.722711533969301e-07
2884.19,4.4716900666584174e-07
2884.2,4.2721768268187115e-07
2884.21,4.115825372234009e-07
2884.22,3.9934880160694043e-07
2884.23,3.894602647670499e-07
2884.24,3.807531926603063e-07
2884.25,3.720969100549455e-07
2884.26,3.6262597265940606e-07
2884.27,3.519565383044924e-07
2884.28,3.4024653500961533e-07
2884.29,3.280523598669102e-07
2884.3,3.160782759539839e-07
2884.31,3.0494949832092725e-07
2884.32,2.951146395172465e-07
2884.33,2.868289125764509e-07
2884.34,2.801995982671663e-07
2884.35,2.7524144606352877e-07
2884.36,2.719234142635415e-07
2884.37,2.7020144724619175e-07
2884.38,2.7003910589942626e-07
2884.39,2.7113694636804954e-07
2884.4,2.7407222024255776e-07
2884.41,2.7860176212737444e-07
2884.42,2.848003293765797e-07
2884.43,2.927779034287388e-07
2884.44,3.02716512336012e-07
2884.45,3.1472201566464537e-07
2884.46,3.290354545521449e-07
2884.47,3.458710559724753e-07
2884.48,3.6542036845325904e-07
2884.49,3.877957185112117e-07
2884.5,4.129408342649812e-07
2884.51,4.405982217025377e-07
2884.52,4.6981148355193464e-07
2884.53,4.993892534079278e-07
2884.54,5.275259761147985e-07
2884.55,5.52299821595268e-07
2884.56,5.72850840589881e-07
2884.57,5.886770986399371e-07
2884.58,6.006761113642373e-07
2884.59,6.112811183039087e-07
2884.6,6.228571777855288e-07
2884.61,6.378438537497911e-07
2884.62,6.583042456240296e-07
2884.63,6.858953593003445e-07
2884.64,7.219765872913259e-07
2884.65,7.677139706218878e-07
2884.66,8.241872474584137e-07
2884.67,8.923887989284139e-07
2884.68,9.732228103430748e-07
2884.69,1.067561475120021e-06
2884.7,1.1764372501339334e-06
2884.71,1.3012810056339463e-06
2884.72,1.4435699760918493e-06
2884.73,1.6052722693802771e-06
2884.74,1.7856179428246768e-06
2884.75,1.9803695181118468e-06
2884.76,2.1797183802779016e-06
2884.77,2.366950386771693e-06
2884.78,2.5206730944738187e-06
2884.79,2.6181790575335943e-06
2884.8,2.6432304753470993e-06
2884.81,2.5920491583068577e-06
2884.82,2.474768281648494e-06
2884.83,2.3107240703822927e-06
2884.84,2.1224000348200098e-06
2884.85,1.929358379351897e-06
2884.86,1.7456862310567925e-06
2884.87,1.5798571424249332e-06
2884.88,1.435912670012465e-06
2884.89,1.3149328874299572e-06
2884.9,1.216244319523915e-06
2884.91,1.138214355380146e-06
2884.92,1.0786305693873723e-06
2884.93,1.034765951772823e-06
2884.94,1.0032372280121737e-06
2884.95,9.798239297761812e-07
2884.96,9.594974903438328e-07
2884.97,9.369304338222507e-07
2884.98,9.075484322068179e-07
2884.99,8.687848858796469e-07
2885.0,8.208881687497901e-07
2885.01,7.6600641394282e-07
2885.02,7.078469045599086e-07
2885.03,6.498848928408073e-07
2885.04,5.947414737780897e-07
2885.05,5.439903143906447e-07
2885.06,4.983186406107179e-07
2885.07,4.5766955648304095e-07
2885.08,4.219975088082732e-07
2885.09,3.908110027060265e-07
2885.1,3.635707818439301e-07
2885.11,3.398447443860203e-07
2885.12,3.1896262030436474e-07
2885.13,3.0083793100959233e-07
2885.14,2.85008392631953e-07
2885.15,2.709590110184592e-07
2885.16,2.5887332326105897e-07
2885.17,2.4827874880658104e-07
2885.18,2.38923362349819e-07
2885.19,2.305477207651867e-07
2885.2,2.2290440464333813e-07
2885.21,2.157884952770505e-07
2885.22,2.0912973290526038e-07
2885.23,2.029147882382812e-07
2885.24,1.9719770125873573e-07
2885.25,1.9203752033592373e-07
2885.26,1.8763316807014362e-07
2885.27,1.8366176822286546e-07
2885.28,1.8025538540235184e-07
2885.29,1.7739608715876283e-07
2885.3,1.750543119932484e-07
2885.31,1.73202770524739e-07
2885.32,1.7181867641696126e-07
2885.33,1.7088462898399845e-07
2885.34,1.7038883006899954e-07
2885.35,1.7032503715769547e-07
2885.36,1.7069246785884747e-07
2885.37,1.7149576449272082e-07
2885.38,1.7274507288303134e-07
2885.39,1.7445626433966163e-07
2885.4,1.7665132054734224e-07
2885.41,1.7935889995037776e-07
2885.42,1.8261510706773764e-07
2885.43,1.8646449049809066e-07
2885.44,1.9067882747724167e-07
2885.45,1.9589003793503916e-07
2885.46,2.0189275673910404e-07
2885.47,2.0878086821628342e-07
2885.48,2.166660011127846e-07
2885.49,2.2568013880145044e-07
2885.5,2.3598087272139463e-07
2885.51,2.477418991092978e-07
2885.52,2.61169483952359e-07
2885.53,2.7648699411589863e-07
2885.54,2.9392581664268546e-07
2885.55,3.13700527463402e-07
2885.56,3.359636166144349e-07
2885.57,3.607316604470287e-07
2885.58,3.8777936514023697e-07
2885.59,4.1625068699722056e-07
2885.6,4.456157437583154e-07
2885.61,4.740593322762297e-07
2885.62,4.999686777231963e-07
2885.63,5.218785395981808e-07
2885.64,5.392283897713755e-07
2885.65,5.528064867191815e-07
2885.66,5.640110378574121e-07
2885.67,5.752716116297387e-07
2885.68,5.889310599223792e-07
2885.69,6.070304292662654e-07
2885.7,6.312203324843516e-07
2885.71,6.628513496601843e-07
2885.72,7.031070973921921e-07
2885.73,7.528464378875993e-07
2885.74,8.138496257125219e-07
2885.75,8.871010225091885e-07
2885.76,9.739024109543562e-07
2885.77,1.0754327598942352e-06
2885.78,1.1924696381517021e-06
2885.79,1.324958909838379e-06
2885.8,1.471455376170833e-06
2885.81,1.6285545332749857e-06
2885.82,1.7905623011585605e-06
2885.83,1.949670681915093e-06
2885.84,2.096774393036695e-06
2885.85,2.222420379398878e-06
2885.86,2.317672034597108e-06
2885.87,2.374453291405415e-06
2885.88,2.386107057207745e-06
2885.89,2.3484739414430714e-06
2885.9,2.2622396284590596e-06
2885.91,2.1337651567052265e-06
2885.92,1.974963318760026e-06
2885.93,1.7996552859468081e-06
2885.94,1.620934023317561e-06
2885.95,1.4488662271626763e-06
2885.96,1.2897953746610737e-06
2885.97,1.1467978064077795e-06
2885.98,1.0206015629473678e-06
2885.99,9.105004501285737e-07
2886.0,8.15054845634227e-07
2886.01,7.325506772568628e-07
2886.02,6.612649923334014e-07
2886.03,5.996007201485593e-07
2886.04,5.461420264460567e-07
2886.05,4.996654413500979e-07
2886.06,4.5915173185282915e-07
2886.07,4.236712356853622e-07
2886.08,3.924986661919509e-07
2886.09,3.649971585595741e-07
2886.1,3.404047242522242e-07
2886.11,3.187015577446688e-07
2886.12,2.9938985290003453e-07
2886.13,2.818755112222712e-07
2886.14,2.6619681476407975e-07
2886.15,2.520697069843703e-07
2886.16,2.3932909553650285e-07
2886.17,2.2782987417037818e-07
2886.18,2.1744268850762643e-07
2886.19,2.0780592468969434e-07
2886.2,1.9931758140939884e-07
2886.21,1.9163085787576056e-07
2886.22,1.8468377206116013e-07
2886.23,1.7838852461012936e-07
2886.24,1.726967253480151e-07
2886.25,1.675563106046477e-07
2886.26,1.6291948644138473e-07
2886.27,1.5873997968620694e-07
2886.28,1.5497043598402005e-07
2886.29,1.5156151737871646e-07
2886.3,1.4846485704779543e-07
2886.31,1.4564034559700172e-07
2886.32,1.430638699480338e-07
2886.33,1.4072920162301352e-07
2886.34,1.3864746921731071e-07
2886.35,1.3681668383422397e-07
2886.36,1.352479152959371e-07
2886.37,1.339421811708242e-07
2886.38,1.3289697827903166e-07
2886.39,1.3210819790774253e-07
2886.4,1.3142777927735e-07
2886.41,1.3114125676862046e-07
2886.42,1.3125748737918408e-07
2886.43,1.3146775267390523e-07
2886.44,1.3193308173860735e-07
2886.45,1.326500887886855e-07
2886.46,1.336302804684802e-07
2886.47,1.3488365937403168e-07
2886.48,1.364231202058336e-07
2886.49,1.3826477250591557e-07
2886.5,1.4042833269159807e-07
2886.51,1.4265901683707876e-07
2886.52,1.4554364289290414e-07
2886.53,1.4883529582587627e-07
2886.54,1.5257185465585568e-07
2886.55,1.567950850979212e-07
2886.56,1.6155675581397545e-07
2886.57,1.6687842170423387e-07
2886.58,1.727939574540709e-07
2886.59,1.793018324440256e-07
2886.6,1.8636250301669019e-07
2886.61,1.939027447634274e-07
2886.62,2.01847519974996e-07
2886.63,2.1018911352536805e-07
2886.64,2.1902469107849037e-07
2886.65,2.2832191763975976e-07
2886.66,2.388963691947458e-07
2886.67,2.507747639728987e-07
2886.68,2.642545663830262e-07
2886.69,2.7961369944959537e-07
2886.7,2.9713831886065055e-07
2886.71,3.171138181099978e-07
2886.72,3.399645024674858e-07
2886.73,3.66086043901327e-07
2886.74,3.9597445630519945e-07
2886.75,4.2992493738234754e-07
2886.76,4.6914310018643815e-07
2886.77,5.140459428790864e-07
2886.78,5.653380117302504e-07
2886.79,6.236471466849232e-07
2886.8,6.894037947040069e-07
2886.81,7.625777307893351e-07
2886.82,8.425883705709081e-07
2886.83,9.277278935207288e-07
2886.84,1.0154810003291741e-06
2886.85,1.1024627071975166e-06
2886.86,1.1850371629170298e-06
2886.87,1.260052805268441e-06
2886.88,1.3254875330689784e-06
2886.89,1.3808261904656321e-06
2886.9,1.427299828335163e-06
2886.91,1.4677545509230707e-06
2886.92,1.5060335220224046e-06
2886.93,1.5458210161590517e-06
2886.94,1.5893707771658545e-06
2886.95,1.6366791108250338e-06
2886.96,1.6854168937591289e-06
2886.97,1.7312348249949852e-06
2886.98,1.7684606313881142e-06
2886.99,1.790246534712673e-06
2887.0,1.7891073758680177e-06
2887.01,1.7584370672604288e-06
2887.02,1.6951104286703002e-06
2887.03,1.6016028656659527e-06
2887.04,1.4857927101483312e-06
2887.05,1.3581404690774632e-06
2887.06,1.2293025994790865e-06
2887.07,1.1067873494218043e-06
2887.08,9.952799664608e-07
2887.09,8.969119813511365e-07
2887.1,8.120626542674816e-07
2887.11,7.400819870218238e-07
2887.12,6.797960015745164e-07
2887.13,6.297941067649686e-07
2887.14,5.885558831303042e-07
2887.15,5.544452214934851e-07
2887.16,5.25732664882665e-07
2887.17,5.006163765408827e-07
2887.18,4.772509885516636e-07
2887.19,4.543475360057389e-07
2887.2,4.3099050562023506e-07
2887.21,4.070267282505668e-07
2887.22,3.828833017842486e-07
2887.23,3.591526059230377e-07
2887.24,3.368150360102839e-07
2887.25,3.1631267152734557e-07
2887.26,2.9805716153081075e-07
2887.27,2.8197911437975764e-07
2887.28,2.684001550729928e-07
2887.29,2.5712317982392706e-07
2887.3,2.47989445955709e-07
2887.31,2.4074385284490263e-07
2887.32,2.349929083308328e-07
2887.33,2.3017977799783305e-07
2887.34,2.255836412618162e-07
2887.35,2.2046591635959285e-07
2887.36,2.1433361040799778e-07
2887.37,2.0703134150305728e-07
2887.38,1.989251894621746e-07
2887.39,1.905714085575264e-07
2887.4,1.8252710859534558e-07
2887.41,1.7518666144458108e-07
2887.42,1.6875679918061418e-07
2887.43,1.6329367804820857e-07
2887.44,1.5874982130206339e-07
2887.45,1.5500919913796067e-07
2887.46,1.519080687821646e-07
2887.47,1.4926576260180915e-07
2887.48,1.469555992886064e-07
2887.49,1.4479419627961745e-07
2887.5,1.4281496395318579e-07
2887.51,1.410508241734991e-07
2887.52,1.3960200348563762e-07
2887.53,1.3856310931347588e-07
2887.54,1.3797289893701475e-07
2887.55,1.3787558153949611e-07
2887.56,1.3829498505987777e-07
2887.57,1.3923549066946614e-07
2887.58,1.4071497383666588e-07
2887.59,1.4248162799082885e-07
2887.6,1.4520815965759824e-07
2887.61,1.484649544586364e-07
2887.62,1.5240514196517705e-07
2887.63,1.5709952431255504e-07
2887.64,1.6263918665863508e-07
2887.65,1.6913286859724506e-07
2887.66,1.7671917822870852e-07
2887.67,1.8556429231477444e-07
2887.68,1.9586917556000246e-07
2887.69,2.078551472211745e-07
2887.7,2.2177700492402997e-07
2887.71,2.378835117404672e-07
2887.72,2.5638065330970045e-07
2887.73,2.771024210446893e-07
2887.74,3.004139958191791e-07
2887.75,3.2550857772326797e-07
2887.76,3.51529222738462e-07
2887.77,3.7739025500111776e-07
2887.78,4.02217125770667e-07
2887.79,4.254954154833518e-07
2887.8,4.481777915336383e-07
2887.81,4.7059261252660783e-07
2887.82,4.928592646894684e-07
2887.83,5.143699370888911e-07
2887.84,5.339951847749693e-07
2887.85,5.505876883470823e-07
2887.86,5.638065550055804e-07
2887.87,5.743388494101997e-07
2887.88,5.83794719760547e-07
2887.89,5.940617764189356e-07
2887.9,6.06981952262135e-07
2887.91,6.238516681186848e-07
2887.92,6.452283948336747e-07
2887.93,6.707619169235301e-07
2887.94,6.990846255698717e-07
2887.95,7.278918840760147e-07
2887.96,7.544046293270324e-07
2887.97,7.759072822773244e-07
2887.98,7.908051266685395e-07
2887.99,7.9983461062602e-07
2888.0,8.049147975523535e-07
2888.01,8.092851919063988e-07
2888.02,8.164724232772015e-07
2888.03,8.291004421259103e-07
2888.04,8.488956165351576e-07
2888.05,8.765668023862398e-07
2888.06,9.111665529033763e-07
2888.07,9.507072116202355e-07
2888.08,9.923890168688203e-07
2888.09,1.0333018517636603e-06
2888.1,1.0710027738383104e-06
2888.11,1.1038212433811883e-06
2888.12,1.1305666658860546e-06
2888.13,1.1495062503571305e-06
2888.14,1.1576103052266986e-06
2888.15,1.1507600313654803e-06
2888.16,1.1251995598656442e-06
2888.17,1.0795360255220168e-06
2888.18,1.015954759792823e-06
2888.19,9.397478220445043e-07
2888.2,8.575227428630033e-07
2888.21,7.753036411199448e-07
2888.22,6.9744291090779e-07
2888.23,6.26432985802753e-07
2888.24,5.632958962857811e-07
2888.25,5.081372719815439e-07
2888.26,4.604194054008493e-07
2888.27,4.1941869504122696e-07
2888.28,3.842544665412716e-07
2888.29,3.541710814584868e-07
2888.3,3.2848931139173817e-07
2888.31,3.066185521664993e-07
2888.32,2.8809977632068003e-07
2888.33,2.725693842315554e-07
2888.34,2.5972374240567676e-07
2888.35,2.493199715134384e-07
2888.36,2.41185600044391e-07
2888.37,2.3505114064485255e-07
2888.38,2.312878592800325e-07
2888.39,2.297682839928251e-07
2888.4,2.3054414246590953e-07
2888.41,2.3367201377503575e-07
2888.42,2.387354459916426e-07
2888.43,2.45281405379266e-07
2888.44,2.5224973020002765e-07
2888.45,2.5812454418994836e-07
2888.46,2.610652467608969e-07
2888.47,2.5946981447230467e-07
2888.48,2.526856816706043e-07
2888.49,2.413440661713413e-07
2888.5,2.270640049721771e-07
2888.51,2.1169201061916602e-07
2888.52,1.967056851954262e-07
2888.53,1.830033886057857e-07
2888.54,1.709848084786916e-07
2888.55,1.6071825606835161e-07
2888.56,1.5201474914489337e-07
2888.57,1.4488927156525447e-07
2888.58,1.3907582284940383e-07
2888.59,1.3440882909747304e-07
2888.6,1.3075599935123535e-07
2888.61,1.280010482313676e-07
2888.62,1.2607118440519343e-07
2888.63,1.2489705428664913e-07
2888.64,1.2444729544254701e-07
2888.65,1.2471615705048984e-07
2888.66,1.2562482730339545e-07
2888.67,1.271668816468899e-07
2888.68,1.2929196727480793e-07
2888.69,1.3193101936691088e-07
2888.7,1.3501498218635777e-07
2888.71,1.3825167053057927e-07
2888.72,1.4218995199741837e-07
2888.73,1.46670080617973e-07
2888.74,1.5175072197727717e-07
2888.75,1.5746845578459275e-07
2888.76,1.6374602282958324e-07
2888.77,1.704792970541643e-07
2888.78,1.7745851596728033e-07
2888.79,1.8474237931490758e-07
2888.8,1.9253124016600632e-07
2888.81,2.0119944677228314e-07
2888.82,2.1100563092179868e-07
2888.83,2.2173361194535363e-07
2888.84,2.3388460932263812e-07
2888.85,2.462895173295476e-07
2888.86,2.587622724456585e-07
2888.87,2.7005353296173975e-07
2888.88,2.791964658138512e-07
2888.89,2.855609170994287e-07
2888.9,2.890929603371909e-07
2888.91,2.9034894972282796e-07
2888.92,2.9030675230655724e-07
2888.93,2.901023832823781e-07
2888.94,2.9063275055451983e-07
2888.95,2.931773598338656e-07
2888.96,2.982762029382091e-07
2888.97,3.0648478220425947e-07
2888.98,3.181396619460501e-07
2888.99,3.3346805041602267e-07
2889.0,3.5245318920099434e-07
2889.01,3.7488748057806617e-07
2889.02,4.0017337255980653e-07
2889.03,4.2741309641467953e-07
2889.04,4.5531645657403765e-07
2889.05,4.822542815157463e-07
2889.06,5.063630124299862e-07
2889.07,5.258064037401017e-07
2889.08,5.3922340115396e-07
2889.09,5.462075615141133e-07
2889.1,5.475554980786562e-07
2889.11,5.451297123393232e-07
2889.12,5.414286593720643e-07
2889.13,5.390450780738984e-07
2889.14,5.402332444348657e-07
2889.15,5.466587859337575e-07
2889.16,5.593510670381158e-07
2889.17,5.78558178509778e-07
2889.18,6.039843411117052e-07
2889.19,6.347357857428998e-07
2889.2,6.695588949356858e-07
2889.21,7.071109009542515e-07
2889.22,7.461371238265135e-07
2889.23,7.854952614901114e-07
2889.24,8.241785667897128e-07
2889.25,8.610888134851579e-07
2889.26,8.963480910386018e-07
2889.27,9.307982349991771e-07
2889.28,9.656349398494156e-07
2889.29,1.001481330025941e-06
2889.3,1.037326545422672e-06
2889.31,1.0696633506957719e-06
2889.32,1.092822944696118e-06
2889.33,1.1002012950960967e-06
2889.34,1.0865553094407969e-06
2889.35,1.050369752897978e-06
2889.36,9.94552207842964e-07
2889.37,9.251818340220699e-07
2889.38,8.491537057192547e-07
2889.39,7.722534719757972e-07
2889.4,6.983907979992124e-07
2889.41,6.298774834427153e-07
2889.42,5.679290104468671e-07
2889.43,5.130751031005243e-07
2889.44,4.653873013323083e-07
2889.45,4.245953824481705e-07
2889.46,3.902000041031836e-07
2889.47,3.6162352763851997e-07
2889.48,3.379939866526867e-07
2889.49,3.1851919861864086e-07
2889.5,3.0214988255785207e-07
2889.51,2.8783840625169314e-07
2889.52,2.7445399095077934e-07
2889.53,2.6098826677589734e-07
2889.54,2.470072340430968e-07
2889.55,2.3271320440993083e-07
2889.56,2.1863596413228278e-07
2889.57,2.0536454130420915e-07
2889.58,1.9334650039398256e-07
2889.59,1.82822075888899e-07
2889.6,1.7405521385294872e-07
2889.61,1.6660129869118084e-07
2889.62,1.6052505063106984e-07
2889.63,1.5582550958132308e-07
2889.64,1.520369856125685e-07
2889.65,1.4892070578568497e-07
2889.66,1.461875369107808e-07
2889.67,1.4400678779776562e-07
2889.68,1.4230303449233908e-07
2889.69,1.4112214653422496e-07
2889.7,1.4044002501805752e-07
2889.71,1.400840640259831e-07
2889.72,1.3970875570865017e-07
2889.73,1.3885716237865585e-07
2889.74,1.3711052830037887e-07
2889.75,1.342910577654752e-07
2889.76,1.3054964730292651e-07
2889.77,1.2629399572227417e-07
2889.78,1.2200654858328932e-07
2889.79,1.1809034071702599e-07
2889.8,1.1490960458659605e-07
2889.81,1.1239333962398167e-07
2889.82,1.1068197538497175e-07
2889.83,1.0975191772249988e-07
2889.84,1.0929020291341405e-07
2889.85,1.0967325612644828e-07
2889.86,1.1051922199424291e-07
2889.87,1.1169777791763871e-07
2889.88,1.1312653202548708e-07
2889.89,1.1490251792113526e-07
2889.9,1.1708180405347934e-07
2889.91,1.1974410951156135e-07
2889.92,1.233981137696668e-07
2889.93,1.282118550255787e-07
2889.94,1.3382110620832257e-07
2889.95,1.4009106683586784e-07
2889.96,1.4699101835553428e-07
2889.97,1.5430274012278842e-07
2889.98,1.6147348128479363e-07
2889.99,1.6773944241871814e-07
2890.0,1.7319219011535454e-07
2890.01,1.7772672782373496e-07
2890.02,1.8154846286343483e-07
2890.03,1.8481804286222978e-07
2890.04,1.8724602180998368e-07
2890.05,1.8884330989634408e-07
2890.06,1.895275478207024e-07
2890.07,1.897326498492861e-07
2890.08,1.9007862651888305e-07
2890.09,1.9125187804356137e-07
2890.1,1.938267087545292e-07
2890.11,1.9821805587250677e-07
2890.12,2.0462698451392042e-07
2890.13,2.1312054048571015e-07
2890.14,2.2358866089707583e-07
2890.15,2.3573195061408715e-07
2890.16,2.4903445521185227e-07
2890.17,2.627443065055967e-07
2890.18,2.75878322846548e-07
2890.19,2.872920540299945e-07
2890.2,2.9588869761123054e-07
2890.21,3.0096651829462484e-07
2890.22,3.020924409026358e-07
2890.23,3.0016758543478285e-07
2890.24,2.9583708506261844e-07
2890.25,2.906993114641166e-07
2890.26,2.860731958378857e-07
2890.27,2.830773487206695e-07
2890.28,2.823977986768182e-07
2890.29,2.845474013362046e-07
2890.3,2.8991077740041163e-07
2890.31,2.9810706426988837e-07
2890.32,3.090135099401067e-07
2890.33,3.2212199854694534e-07
2890.34,3.368398364594067e-07
2890.35,3.52732228758905e-07
2890.36,3.6973781297812583e-07
2890.37,3.8818409499493e-07
2890.38,4.0869079473294085e-07
2890.39,4.3109035061512737e-07
2890.4,4.552439003426384e-07
2890.41,4.802748835523265e-07
2890.42,5.049747736915094e-07
2890.43,5.283309981478644e-07
2890.44,5.492574579746723e-07
2890.45,5.683543814850516e-07
2890.46,5.865908300492753e-07
2890.47,6.057295405244233e-07
2890.48,6.272845247040357e-07
2890.49,6.522868049360741e-07
2890.5,6.795246372375882e-07
2890.51,7.070762990222837e-07
2890.52,7.311036809665689e-07
2890.53,7.469400141357996e-07
2890.54,7.501354086691524e-07
2890.55,7.379908816965114e-07
2890.56,7.105490767291169e-07
2890.57,6.705818973367118e-07
2890.58,6.227395361642555e-07
2890.59,5.713143851711939e-07
2890.6,5.203558019618444e-07
2890.61,4.724716153139634e-07
2890.62,4.291365669545095e-07
2890.63,3.909860793098014e-07
2890.64,3.5805363692283045e-07
2890.65,3.2995330886717263e-07
2890.66,3.060435833521883e-07
2890.67,2.8544926958610434e-07
2890.68,2.6742817537702474e-07
2890.69,2.5095358108598435e-07
2890.7,2.3575258099977908e-07
2890.71,2.2174181483105686e-07
2890.72,2.09332983665445e-07
2890.73,1.981828831082857e-07
2890.74,1.8861698059397588e-07
2890.75,1.807092944367715e-07
2890.76,1.744114441016543e-07
2890.77,1.6969603567078536e-07
2890.78,1.6620384184220534e-07
2890.79,1.6387720412769266e-07
2890.8,1.624983003069535e-07
2890.81,1.6185784485952685e-07
2890.82,1.618328603999015e-07
2890.83,1.6285086755463818e-07
2890.84,1.6430739505296528e-07
2890.85,1.6738761017238582e-07
2890.86,1.7133766080353853e-07
2890.87,1.7682674758580765e-07
2890.88,1.8381528395578473e-07
2890.89,1.9197852340865014e-07
2890.9,2.006413408717151e-07
2890.91,2.086659553033837e-07
2890.92,2.1516438003151088e-07
2890.93,2.1909209386030715e-07
2890.94,2.2014873246108382e-07
2890.95,2.1895708824268378e-07
2890.96,2.160928182470697e-07
2890.97,2.1266621099766974e-07
2890.98,2.0929569457104068e-07
2890.99,2.0624390937802031e-07
2891.0,2.036286139559868e-07
2891.01,2.0135993131842826e-07
2891.02,2.0019985400521683e-07
2891.03,2.0024115482743787e-07
2891.04,2.0272068879209734e-07
2891.05,2.0589914346045441e-07
2891.06,2.1073587378040637e-07
2891.07,2.1663017355187407e-07
2891.08,2.2204325449305316e-07
2891.09,2.2588903007878745e-07
2891.1,2.2697951126198203e-07
2891.11,2.2469179703884571e-07
2891.12,2.1924005847153585e-07
2891.13,2.1148527761042593e-07
2891.14,2.0290169150148047e-07
2891.15,1.9416549659596814e-07
2891.16,1.864375157905999e-07
2891.17,1.804381772329311e-07
2891.18,1.7661759947421142e-07
2891.19,1.7463012488004057e-07
2891.2,1.7480688537541923e-07
2891.21,1.7745157244253173e-07
2891.22,1.820372887919464e-07
2891.23,1.8904808703382212e-07
2891.24,1.974912906694171e-07
2891.25,2.0718519455952837e-07
2891.26,2.173162719336062e-07
2891.27,2.2678887509154163e-07
2891.28,2.34708615727842e-07
2891.29,2.4042323078809586e-07
2891.3,2.438296837544298e-07
2891.31,2.451686480885886e-07
2891.32,2.448933267563626e-07
2891.33,2.430608220744369e-07
2891.34,2.3925930198172473e-07
2891.35,2.343568293300115e-07
2891.36,2.2889602170171564e-07
2891.37,2.2417051170052441e-07
2891.38,2.2085507640494936e-07
2891.39,2.1934632074521629e-07
2891.4,2.2039128540202786e-07
2891.41,2.2380900366156238e-07
2891.42,2.2958950592657165e-07
2891.43,2.3752737729893362e-07
2891.44,2.471292596428876e-07
2891.45,2.5768120340271047e-07
2891.46,2.682807312748823e-07
2891.47,2.781578464830756e-07
2891.48,2.8672077301122564e-07
2891.49,2.93920099427857e-07
2891.5,3.0049393772684967e-07
2891.51,3.075387384419347e-07
2891.52,3.1606023233813823e-07
2891.53,3.268840009555306e-07
2891.54,3.407128806503864e-07
2891.55,3.5791904363367206e-07
2891.56,3.7877680448319615e-07
2891.57,4.0328609682536556e-07
2891.58,4.3121998299977316e-07
2891.59,4.607234225873492e-07
2891.6,4.90158068596111e-07
2891.61,5.166779689419447e-07
2891.62,5.381101905444551e-07
2891.63,5.53350465124932e-07
2891.64,5.627103597886015e-07
2891.65,5.677296816822995e-07
2891.66,5.705993954698213e-07
2891.67,5.739808093089405e-07
2891.68,5.792483138166632e-07
2891.69,5.882805044816801e-07
2891.7,6.019451712725311e-07
2891.71,6.203801468048878e-07
2891.72,6.433222013116923e-07
2891.73,6.689009757760587e-07
2891.74,6.953433870743678e-07
2891.75,7.196873701903877e-07
2891.76,7.38245864350251e-07
2891.77,7.473271470838816e-07
2891.78,7.443896954595854e-07
2891.79,7.290679168078088e-07
2891.8,7.034063075306433e-07
2891.81,6.70736704585321e-07
2891.82,6.34743732946124e-07
2891.83,5.982352481259778e-07
2891.84,5.629351284133083e-07
2891.85,5.300971433819785e-07
2891.86,5.005578486426687e-07
2891.87,4.7510272812233523e-07
2891.88,4.5398615503967675e-07
2891.89,4.3732232390376527e-07
2891.9,4.247204333060021e-07
2891.91,4.155351986663088e-07
2891.92,4.093023051979396e-07
2891.93,4.054171101670682e-07
2891.94,4.036099789540847e-07
2891.95,4.0402771417623713e-07
2891.96,4.06798990687202e-07
2891.97,4.1114222973218497e-07
2891.98,4.1605040866509966e-07
2891.99,4.200315071874571e-07
2892.0,4.222424469533899e-07
2892.01,4.2237438317586496e-07
2892.02,4.2115796983395067e-07
2892.03,4.1981198928348797e-07
2892.04,4.1966491955842997e-07
2892.05,4.2179100103781626e-07
2892.06,4.267512454057145e-07
2892.07,4.3406926248888994e-07
2892.08,4.427593507520232e-07
2892.09,4.5094442856809283e-07
2892.1,4.559102001653814e-07
2892.11,4.558004010160595e-07
2892.12,4.5003986187610274e-07
2892.13,4.3931655656167633e-07
2892.14,4.257546080920101e-07
2892.15,4.1156193860968167e-07
2892.16,3.9823829966083146e-07
2892.17,3.8635763252334096e-07
2892.18,3.7556376000778825e-07
2892.19,3.6487203441547165e-07
2892.2,3.5364652848808643e-07
2892.21,3.4189048145330387e-07
2892.22,3.298041010770399e-07
2892.23,3.1819415525409766e-07
2892.24,3.0808991021761133e-07
2892.25,2.9987206296802484e-07
2892.26,2.9415160097615434e-07
2892.27,2.9128588917338195e-07
2892.28,2.912386754572598e-07
2892.29,2.941684161850359e-07
2892.3,3.000607936692323e-07
2892.31,3.0871127419613337e-07
2892.32,3.2022066954559683e-07
2892.33,3.336663823314535e-07
2892.34,3.485937975151323e-07
2892.35,3.6377736139311514e-07
2892.36,3.782092036334597e-07
2892.37,3.910612600372213e-07
2892.38,4.0212869549614907e-07
2892.39,4.1194671670196874e-07
2892.4,4.215084410014175e-07
2892.41,4.3208283978510157e-07
2892.42,4.447845707814433e-07
2892.43,4.6027210512596274e-07
2892.44,4.784430908009809e-07
2892.45,4.984462490347486e-07
2892.46,5.185655393120062e-07
2892.47,5.37094576492562e-07
2892.48,5.522499987684201e-07
2892.49,5.631089403900256e-07
2892.5,5.702711708434141e-07
2892.51,5.747435329867582e-07
2892.52,5.777586854907841e-07
2892.53,5.802413698834746e-07
2892.54,5.821334578839824e-07
2892.55,5.823803242979559e-07
2892.56,5.792185542013128e-07
2892.57,5.709506266988535e-07
2892.58,5.568502518013612e-07
2892.59,5.377600532539548e-07
2892.6,5.156939300917045e-07
2892.61,4.930692238693922e-07
2892.62,4.720511519141811e-07
2892.63,4.539998945335558e-07
2892.64,4.3961219981193686e-07
2892.65,4.292282181339393e-07
2892.66,4.224598157439088e-07
2892.67,4.194242730395281e-07
2892.68,4.2005286967571575e-07
2892.69,4.2413641949476784e-07
2892.7,4.3122179342184757e-07
2892.71,4.4064736757800644e-07
2892.72,4.511735827367203e-07
2892.73,4.6235724686028645e-07
2892.74,4.743811485935782e-07
2892.75,4.880151335154756e-07
2892.76,5.042617277106617e-07
2892.77,5.239222770053694e-07
2892.78,5.471413330753338e-07
2892.79,5.73250381382469e-07
2892.8,6.008757889878359e-07
2892.81,6.28269617247841e-07
2892.82,6.539485463344517e-07
2892.83,6.766312353891983e-07
2892.84,6.960232400862335e-07
2892.85,7.121812663238867e-07
2892.86,7.258039887891919e-07
2892.87,7.385999599500673e-07
2892.88,7.526129098776534e-07
2892.89,7.697310649468132e-07
2892.9,7.91010056866825e-07
2892.91,8.164282309984586e-07
2892.92,8.446163239656138e-07
2892.93,8.741006160233573e-07
2892.94,9.031902564300447e-07
2892.95,9.312747976011033e-07
2892.96,9.582802024102877e-07
2892.97,9.840434953136706e-07
2892.98,1.0074347186839368e-06
2892.99,1.0261829752039822e-06
2893.0,1.0377911849830502e-06
2893.01,1.0405468891809252e-06
2893.02,1.0342110992683575e-06
2893.03,1.0200901819614117e-06
2893.04,9.997646782250432e-07
2893.05,9.752290359040518e-07
2893.06,9.487081493537662e-07
2893.07,9.218471721778439e-07
2893.08,8.963867067227423e-07
2893.09,8.740627886489212e-07
2893.1,8.565605644883775e-07
2893.11,8.456025970106652e-07
2893.12,8.423919947459567e-07
2893.13,8.481274010983818e-07
2893.14,8.633769443896543e-07
2893.15,8.878438069899421e-07
2893.16,9.201643390194659e-07
2893.17,9.578936005698444e-07
2893.18,9.976344609106107e-07
2893.19,1.0357690363360824e-06
2893.2,1.0694918324617472e-06
2893.21,1.0976787326449155e-06
2893.22,1.1211993566935734e-06
2893.23,1.1424535333854576e-06
2893.24,1.164425779685985e-06
2893.25,1.1896674778641065e-06
2893.26,1.21890639742582e-06
2893.27,1.251236830106575e-06
2893.28,1.284251798748729e-06
2893.29,1.3153407826184707e-06
2893.3,1.3427526560420136e-06
2893.31,1.3666936790284576e-06
2893.32,1.3887679291660288e-06
2893.33,1.4110318745654135e-06
2893.34,1.4346967116209546e-06
2893.35,1.4596093919339617e-06
2893.36,1.4839201540569311e-06
2893.37,1.505431362970807e-06
2893.38,1.521042178747421e-06
2893.39,1.5271820005594918e-06
2893.4,1.5206471255645426e-06
2893.41,1.499181346077011e-06
2893.42,1.462782788194429e-06
2893.43,1.4145803326401352e-06
2893.44,1.3588920733639205e-06
2893.45,1.3007353191914106e-06
2893.46,1.2446300656392708e-06
2893.47,1.1937386232013983e-06
2893.48,1.149601639781073e-06
2893.49,1.1124034116683974e-06
2893.5,1.0817313519793235e-06
2893.51,1.0569009865542282e-06
2893.52,1.0380310036058464e-06
2893.53,1.0254584030505638e-06
2893.54,1.0200464131779352e-06
2893.55,1.0219630989570662e-06
2893.56,1.0309870973274558e-06
2893.57,1.0463949894515967e-06
2893.58,1.0673026428077734e-06
2893.59,1.0930524497963098e-06
2893.6,1.1233074764861106e-06
2893.61,1.1578817575324032e-06
2893.62,1.196258452497749e-06
2893.63,1.2377045934848923e-06
2893.64,1.2815676524811726e-06
2893.65,1.3275427496538914e-06
2893.66,1.3760355342930816e-06
2893.67,1.4275304360614283e-06
2893.68,1.4820946756973678e-06
2893.69,1.5394901442008797e-06
2893.7,1.598869030053021e-06
2893.71,1.6582975249855836e-06
2893.72,1.7145364482594457e-06
2893.73,1.7630901251038216e-06
2893.74,1.7987279117407557e-06
2893.75,1.8167881016165884e-06
2893.76,1.8142274749015356e-06
2893.77,1.790650209368269e-06
2893.78,1.7488342290358232e-06
2893.79,1.694460654516195e-06
2893.8,1.6349059365165283e-06
2893.81,1.5775294468780602e-06
2893.82,1.5278404295704606e-06
2893.83,1.488852401503195e-06
2893.84,1.4606889516705372e-06
2893.85,1.4410708947351635e-06
2893.86,1.426292381052483e-06
2893.87,1.4127781895746579e-06
2893.88,1.3980667001221344e-06
2893.89,1.381658363480801e-06
2893.9,1.364554697677862e-06
2893.91,1.3481262197097367e-06
2893.92,1.3338194191071438e-06
2893.93,1.3231773332843432e-06
2893.94,1.3180311122372704e-06
2893.95,1.3202730895324398e-06
2893.96,1.3313295915130076e-06
2893.97,1.3519063282420572e-06
2893.98,1.3822077018165639e-06
2893.99,1.422469150240808e-06
2894.0,1.473436242886999e-06
2894.01,1.5364534703586592e-06
2894.02,1.6131213238701826e-06
2894.03,1.7045832594299758e-06
2894.04,1.8108880938833455e-06
2894.05,1.9310344886176217e-06
2894.06,2.0618858543519924e-06
2894.07,2.197086392521506e-06
2894.08,2.325887969761766e-06
2894.09,2.433616969615962e-06
2894.1,2.5044534989995616e-06
2894.11,2.5262188636352548e-06
2894.12,2.49488540479465e-06
2894.13,2.4158918156562727e-06
2894.14,2.3023381872211854e-06
2894.15,2.170371715833732e-06
2894.16,2.0351121670233074e-06
2894.17,1.908065528004148e-06
2894.18,1.7965728360457491e-06
2894.19,1.7041348604682573e-06
2894.2,1.6315728419975107e-06
2894.21,1.578029873561078e-06
2894.22,1.5418358470291349e-06
2894.23,1.5208125650916323e-06
2894.24,1.5128840557384908e-06
2894.25,1.5162902716423427e-06
2894.26,1.5298056398615955e-06
2894.27,1.553501916093341e-06
2894.28,1.5885646417026169e-06
2894.29,1.6370099892648836e-06
2894.3,1.701404646374496e-06
2894.31,1.783865233128358e-06
2894.32,1.8859141334724698e-06
2894.33,2.008361722398614e-06
2894.34,2.1514195865654216e-06
2894.35,2.314317633989623e-06
2894.36,2.4952011709686716e-06
2894.37,2.6894178068094578e-06
2894.38,2.888632220584336e-06
2894.39,3.080462344395585e-06
2894.4,3.249683640901315e-06
2894.41,3.3807783179212545e-06
2894.42,3.4607670068732435e-06
2894.43,3.482283868565729e-06
2894.44,3.444804921640464e-06
2894.45,3.3543871541866956e-06
2894.46,3.2220373803112388e-06
2894.47,3.061652764919167e-06
2894.48,2.888145123372804e-06
2894.49,2.71558115302907e-06
2894.5,2.5555800114657887e-06
2894.51,2.4160509734639085e-06
2894.52,2.301026940952937e-06
2894.53,2.211045590847711e-06
2894.54,2.144380618154502e-06
2894.55,2.098354315338131e-06
2894.56,2.071161628374522e-06
2894.57,2.0622065067311775e-06
2894.58,2.072470249996308e-06
2894.59,2.1034186112603575e-06
2894.6,2.1565799347783027e-06
2894.61,2.232254935771577e-06
2894.62,2.329489730489124e-06
2894.63,2.445635947273951e-06
2894.64,2.5764223280996904e-06
2894.65,2.7160033393801033e-06
2894.66,2.8576361858641344e-06
2894.67,2.9938886341819133e-06
2894.68,3.1171988307063854e-06
2894.69,3.2208546410028037e-06
2894.7,3.2993218717562223e-06
2894.71,3.350275301160604e-06
2894.72,3.3754397978303195e-06
2894.73,3.3801944877562863e-06
2894.74,3.371977649307389e-06
2894.75,3.358375506695026e-06
2894.76,3.3462526451578777e-06
2894.77,3.3406774552991137e-06
2894.78,3.3448748007785935e-06
2894.79,3.358815249460203e-06
2894.8,3.379834249515876e-06
2894.81,3.4037496871315553e-06
2894.82,3.4262714950490413e-06
2894.83,3.4441041446164155e-06
2894.84,3.4553131839759063e-06
2894.85,3.459327122052391e-06
2894.86,3.4567809404285207e-06
2894.87,3.4493104777402792e-06
2894.88,3.4393393656422037e-06
2894.89,3.429145798539039e-06
2894.9,3.420281500951236e-06
2894.91,3.413423842556349e-06
2894.92,3.409128440584571e-06
2894.93,3.4084195450250835e-06
2894.94,3.4125166457273583e-06
2894.95,3.4217442814005765e-06
2894.96,3.4357730477835855e-06
2894.97,3.4540880278582082e-06
2894.98,3.4773220051800117e-06
2894.99,3.507474198799871e-06
2895.0,3.547202626389455e-06
2895.01,3.598633058652857e-06
2895.02,3.6631300629809778e-06
2895.03,3.742120928415635e-06
2895.04,3.838209939022117e-06
2895.05,3.9552763155295224e-06
2895.06,4.097264537734047e-06
2895.07,4.2660778888292045e-06
2895.08,4.459991353541027e-06
2895.09,4.672759454198321e-06
2895.1,4.894611923098421e-06
2895.11,5.114130258044606e-06
2895.12,5.320627442846424e-06
2895.13,5.505402934094298e-06
2895.14,5.6613334719516825e-06
2895.15,5.782589075132447e-06
2895.16,5.864465345924193e-06
2895.17,5.904520163460157e-06
2895.18,5.904197148757778e-06
2895.19,5.869323362653914e-06
2895.2,5.80842919071581e-06
2895.21,5.730803533766317e-06
2895.22,5.644516111763282e-06
2895.23,5.555488702384357e-06
2895.24,5.467242272410666e-06
2895.25,5.381164458961332e-06
2895.26,5.297894794517405e-06
2895.27,5.2179031060016455e-06
2895.28,5.141928014185111e-06
2895.29,5.069815012775699e-06
2895.3,4.999626047363811e-06
2895.31,4.927275361846428e-06
2895.32,4.846182336426664e-06
2895.33,4.74845291214662e-06
2895.34,4.6272817456355245e-06
2895.35,4.480337765159602e-06
2895.36,4.312214367939824e-06
2895.37,4.134178990491709e-06
2895.38,3.961362828088332e-06
2895.39,3.8086756758912625e-06
2895.4,3.6876968686716822e-06
2895.41,3.6052076360722633e-06
2895.42,3.563147050964004e-06
2895.43,3.5594873073355476e-06
2895.44,3.5891197432648204e-06
2895.45,3.645209688544466e-06
2895.46,3.719993528961929e-06
2895.47,3.805164811275226e-06
2895.48,3.891414301248898e-06
2895.49,3.968557920955019e-06
2895.5,4.026270680646889e-06
2895.51,4.056117333824415e-06
2895.52,4.053511296391829e-06
2895.53,4.018345578595498e-06
2895.54,3.954416130843504e-06
2895.55,3.867318039527067e-06
2895.56,3.7634490176230974e-06
2895.57,3.6488115818067515e-06
2895.58,3.5299427753452766e-06
2895.59,3.41346559124331e-06
2895.6,3.3055350144111986e-06
2895.61,3.21073552335553e-06
2895.62,3.1325035216867684e-06
2895.63,3.072929076909571e-06
2895.64,3.0329787682412723e-06
2895.65,3.012493207804984e-06
2895.66,3.0092687213841676e-06
2895.67,3.018926651930211e-06
2895.68,3.0351034829146644e-06
2895.69,3.0508918533034215e-06
2895.7,3.060974947640238e-06
2895.71,3.063536622313127e-06
2895.72,3.060516902321106e-06
2895.73,3.056467341108018e-06
2895.74,3.056617188716699e-06
2895.75,3.0648989695690707e-06
2895.76,3.082941024623304e-06
2895.77,3.108831677744498e-06
2895.78,3.1373273186765763e-06
2895.79,3.160748109133677e-06
2895.8,3.171352428087584e-06
2895.81,3.164218620152048e-06
2895.82,3.1390969552626084e-06
2895.83,3.100642517181661e-06
2895.84,3.0557481804858578e-06
2895.85,3.0110904108109837e-06
2895.86,2.970306226090299e-06
2895.87,2.9330037573204123e-06
2895.88,2.8949073873570157e-06
2895.89,2.8498021555359344e-06
2895.9,2.792377291081183e-06
2895.91,2.7207002671233e-06
2895.92,2.6369387658329625e-06
2895.93,2.5466866135756382e-06
2895.94,2.4570728358454845e-06
2895.95,2.3751597444016717e-06
2895.96,2.3069983745259773e-06
2895.97,2.25741623191009e-06
2895.98,2.2292574008280006e-06
2895.99,2.223746776286031e-06
2896.0,2.239813882657717e-06
2896.01,2.2741545212457817e-06
2896.02,2.3211106041335026e-06
2896.03,2.3732371036012206e-06
2896.04,2.422217452766744e-06
2896.05,2.4606228992485148e-06
2896.06,2.4835169608119295e-06
2896.07,2.4897466013637198e-06
2896.08,2.4817836074103943e-06
2896.09,2.4652906772650115e-06
2896.1,2.4467965342133574e-06
2896.11,2.431411003215056e-06
2896.12,2.4214903165066897e-06
2896.13,2.4166297403833398e-06
2896.14,2.41466304264921e-06
2896.15,2.4128368847447177e-06
2896.16,2.408625951471556e-06
2896.17,2.400754698546879e-06
2896.18,2.3893496965582493e-06
2896.19,2.3762544884866273e-06
2896.2,2.3638105486589894e-06
2896.21,2.353112098849942e-06
2896.22,2.3427026365709657e-06
2896.23,2.328688860383239e-06
2896.24,2.3064219452913666e-06
2896.25,2.27284761794266e-06
2896.26,2.2279918477024307e-06
2896.27,2.1746911804525078e-06
2896.28,2.1169323306503216e-06
2896.29,2.0582241965279024e-06
2896.3,2.001648641486453e-06
2896.31,1.950206920042424e-06
2896.32,1.9073273919447402e-06
2896.33,1.8766558582194268e-06
2896.34,1.860447944962714e-06
2896.35,1.859311252174731e-06
2896.36,1.8714488813681484e-06
2896.37,1.8932835513331813e-06
2896.38,1.920476545979129e-06
2896.39,1.9491998466162783e-06
2896.4,1.9771415303204272e-06
2896.41,2.0038762775530873e-06
2896.42,2.030440284358625e-06
2896.43,2.05827087117427e-06
2896.44,2.088064028940132e-06
2896.45,2.1192916191604572e-06
2896.46,2.1507918152476867e-06
2896.47,2.1815200250569984e-06
2896.48,2.2111212231056287e-06
2896.49,2.2392916431720046e-06
2896.5,2.2645455574395043e-06
2896.51,2.2837469702162625e-06
2896.52,2.292179375411402e-06
2896.53,2.2851630071525243e-06
2896.54,2.2596478360945312e-06
2896.55,2.215037519184899e-06
2896.56,2.1529369281582362e-06
2896.57,2.076114314712443e-06
2896.58,1.987459610969113e-06
2896.59,1.8896760470132647e-06
2896.6,1.7857807685614228e-06
2896.61,1.6797305713855031e-06
2896.62,1.5764380735627498e-06
2896.63,1.4807192133034256e-06
2896.64,1.3966881010136078e-06
2896.65,1.3269344761745172e-06
2896.66,1.272802145984495e-06
2896.67,1.2342748939701484e-06
2896.68,1.2106503904449938e-06
2896.69,1.200599535736919e-06
2896.7,1.2021098643889515e-06
2896.71,1.2124213187492676e-06
2896.72,1.2280690883212521e-06
2896.73,1.245113287926305e-06
2896.74,1.2596001923785058e-06
2896.75,1.2680979777245168e-06
2896.76,1.2685005248664459e-06
2896.77,1.2605940279145257e-06
2896.78,1.2463054214581346e-06
2896.79,1.229109740471917e-06
2896.8,1.2136341839372599e-06
2896.81,1.2033383419027707e-06
2896.82,1.2008484327138192e-06
2896.83,1.207259033329132e-06
2896.84,1.2222444776935264e-06
2896.85,1.244857180551644e-06
2896.86,1.27357026862399e-06
2896.87,1.3066409669002578e-06
2896.88,1.3415850675450785e-06
2896.89,1.3749931016061972e-06
2896.9,1.4027189335643079e-06
2896.91,1.4206948302874223e-06
2896.92,1.425369193816335e-06
2896.93,1.4147294356935615e-06
2896.94,1.389034752118973e-06
2896.95,1.3511561140136276e-06
2896.96,1.3056374160784105e-06
2896.97,1.2575032821958504e-06
2896.98,1.2109451810180056e-06
2896.99,1.1683487582898688e-06
2897.0,1.1308434000472531e-06
2897.01,1.0983611261648165e-06
2897.02,1.070593658280158e-06
2897.03,1.0472260214258924e-06
2897.04,1.0279832785941532e-06
2897.05,1.0126282004423971e-06
2897.06,1.0008903678672208e-06
2897.07,9.927978001915903e-07
2897.08,9.879320085684707e-07
2897.09,9.854453903290251e-07
2897.1,9.831510833507515e-07
2897.11,9.786430825208982e-07
2897.12,9.70109469325228e-07
2897.13,9.567875375235376e-07
2897.14,9.39997066155392e-07
2897.15,9.224202693122659e-07
2897.16,9.072205640319659e-07
2897.17,8.970506521202967e-07
2897.18,8.935438707385564e-07
2897.19,8.974015774046772e-07
2897.2,9.085120042753061e-07
2897.21,9.258148824422421e-07
2897.22,9.470903630977112e-07
2897.23,9.701456633885943e-07
2897.24,9.924214774680335e-07
2897.25,1.0126450085948704e-06
2897.26,1.0310833443568293e-06
2897.27,1.048236678563084e-06
2897.28,1.0638783121783455e-06
2897.29,1.0765781985926055e-06
2897.3,1.083750251311827e-06
2897.31,1.0829016590410644e-06
2897.32,1.0724489157098483e-06
2897.33,1.0524628451598117e-06
2897.34,1.0243216224726789e-06
2897.35,9.906149475509928e-07
2897.36,9.543542351901911e-07
2897.37,9.18181240308811e-07
2897.38,8.839543807266443e-07
2897.39,8.528689611992178e-07
2897.4,8.25905470030856e-07
2897.41,8.040538431628461e-07
2897.42,7.883888857970335e-07
2897.43,7.79608542790512e-07
2897.44,7.776949421687266e-07
2897.45,7.818496552896401e-07
2897.46,7.90005061841904e-07
2897.47,7.995382036893474e-07
2897.48,8.07929661618246e-07
2897.49,8.13375097632356e-07
2897.5,8.154906417843432e-07
2897.51,8.14282731446613e-07
2897.52,8.104877058261723e-07
2897.53,8.043937237720525e-07
2897.54,7.972684634268313e-07
2897.55,7.896322668414167e-07
2897.56,7.821966582900011e-07
2897.57,7.756103687919105e-07
2897.58,7.708157844649135e-07
2897.59,7.689326802471821e-07
2897.6,7.708281902773169e-07
2897.61,7.766380635159214e-07
2897.62,7.855422880927177e-07
2897.63,7.957512705721333e-07
2897.64,8.05721080727072e-07
2897.65,8.136014294790963e-07
2897.66,8.186192231468641e-07
2897.67,8.214632051517879e-07
2897.68,8.236959566978369e-07
2897.69,8.271799704801243e-07
2897.7,8.330002879244872e-07
2897.71,8.411823538051506e-07
2897.72,8.507737543031732e-07
2897.73,8.603507125771813e-07
2897.74,8.68283298112594e-07
2897.75,8.730968312647472e-07
2897.76,8.735968958763845e-07
2897.77,8.6946159387853e-07
2897.78,8.608105018720781e-07
2897.79,8.482925657609523e-07
2897.8,8.324678320003676e-07
2897.81,8.13918255900305e-07
2897.82,7.929371508880019e-07
2897.83,7.701631201742924e-07
2897.84,7.463210528536018e-07
2897.85,7.220650307232769e-07
2897.86,6.980461979675325e-07
2897.87,6.741271380626436e-07
2897.88,6.503248539883626e-07
2897.89,6.272341501189411e-07
2897.9,6.060761871790913e-07
2897.91,5.882244292523989e-07
2897.92,5.745262199167612e-07
2897.93,5.657399992639381e-07
2897.94,5.615978236683005e-07
2897.95,5.617536007980658e-07
2897.96,5.657348347436669e-07
2897.97,5.727908831057459e-07
2897.98,5.81673010632044e-07
2897.99,5.90562495325093e-07
2898.0,5.972163513091399e-07
2898.01,5.997982486775764e-07
2898.02,5.98577725652525e-07
2898.03,5.947898422324765e-07
2898.04,5.909142022142511e-07
2898.05,5.895017512613536e-07
2898.06,5.923972515888691e-07
2898.07,6.004733371139827e-07
2898.08,6.140171294324175e-07
2898.09,6.323686103888999e-07
2898.1,6.546949747222916e-07
2898.11,6.799763205269748e-07
2898.12,7.071121186887283e-07
2898.13,7.342744213977258e-07
2898.14,7.587029190530182e-07
2898.15,7.770571981551954e-07
2898.16,7.862228750728532e-07
2898.17,7.843184286338686e-07
2898.18,7.711876197846729e-07
2898.19,7.489386333503829e-07
2898.2,7.208029790044091e-07
2898.21,6.906037378533768e-07
2898.22,6.619482595608944e-07
2898.23,6.376665129923637e-07
2898.24,6.196652755174046e-07
2898.25,6.090554537212905e-07
2898.26,6.06015622411747e-07
2898.27,6.102656734720128e-07
2898.28,6.207544011546014e-07
2898.29,6.367169320692228e-07
2898.3,6.566745810811157e-07
2898.31,6.798459532657974e-07
2898.32,7.05564109278125e-07
2898.33,7.332852826470211e-07
2898.34,7.621732364980585e-07
2898.35,7.909632379318745e-07
2898.36,8.180792434091486e-07
2898.37,8.424685486414765e-07
2898.38,8.624681082707536e-07
2898.39,8.770828896379906e-07
2898.4,8.845597719650142e-07
2898.41,8.83720661224899e-07
2898.42,8.742952750823832e-07
2898.43,8.571423766643594e-07
2898.44,8.337096296016633e-07
2898.45,8.055665560869471e-07
2898.46,7.7379857441393e-07
2898.47,7.395548001590075e-07
2898.48,7.044467702870951e-07
2898.49,6.704703615386191e-07
2898.5,6.39833944700676e-07
2898.51,6.141308776546168e-07
2898.52,5.94666960251599e-07
2898.53,5.818122166683936e-07
2898.54,5.753666177369043e-07
2898.55,5.745094070451227e-07
2898.56,5.783202037470891e-07
2898.57,5.848696671610375e-07
2898.58,5.925384252604104e-07
2898.59,5.991843872007088e-07
2898.6,6.033956983634064e-07
2898.61,6.04275690914009e-07
2898.62,6.025013081080804e-07
2898.63,5.977485775072803e-07
2898.64,5.906106969988594e-07
2898.65,5.814785616033667e-07
2898.66,5.706639480917057e-07
2898.67,5.585065648256317e-07
2898.68,5.450796236601982e-07
2898.69,5.314028833583205e-07
2898.7,5.185063046516667e-07
2898.71,5.069762759315748e-07
2898.72,4.970572421983199e-07
2898.73,4.883649971123131e-07
2898.74,4.802157313502729e-07
2898.75,4.7214035797294086e-07
2898.76,4.641425902222473e-07
2898.77,4.564472486690583e-07
2898.78,4.4949185417239644e-07
2898.79,4.433907198015693e-07
2898.8,4.3825343068095197e-07
2898.81,4.342275022176836e-07
2898.82,4.315548098123802e-07
2898.83,4.303422513479215e-07
2898.84,4.305462161352136e-07
2898.85,4.3190354455252546e-07
2898.86,4.3460558592396723e-07
2898.87,4.3885300328530556e-07
2898.88,4.449030606706754e-07
2898.89,4.541429350070191e-07
2898.9,4.66978480895769e-07
2898.91,4.828781857955123e-07
2898.92,5.015583077737693e-07
2898.93,5.21776907660992e-07
2898.94,5.422701721960824e-07
2898.95,5.612721257847478e-07
2898.96,5.763901571480375e-07
2898.97,5.847228617071155e-07
2898.98,5.835832207552708e-07
2898.99,5.713261412170222e-07
2899.0,5.489311274910028e-07
2899.01,5.189584021633069e-07
2899.02,4.849842034171695e-07
2899.03,4.5064040245265954e-07
2899.04,4.184581439249269e-07
2899.05,3.9016995139283243e-07
2899.06,3.6652767083645886e-07
2899.07,3.476457069390773e-07
2899.08,3.3310494327635924e-07
2899.09,3.227383365566931e-07
2899.1,3.1597055078010916e-07
2899.11,3.125060700340361e-07
2899.12,3.1238075678169493e-07
2899.13,3.156229746702515e-07
2899.14,3.226691155870618e-07
2899.15,3.332770645888544e-07
2899.16,3.474087127547706e-07
2899.17,3.643144522219325e-07
2899.18,3.834559306709884e-07
2899.19,4.027866027859353e-07
2899.2,4.208364428800335e-07
2899.21,4.358236880893978e-07
2899.22,4.495480138488716e-07
2899.23,4.6083124697552266e-07
2899.24,4.696516521247019e-07
2899.25,4.7561269490148027e-07
2899.26,4.780559869857544e-07
2899.27,4.760948402748116e-07
2899.28,4.7009855103240027e-07
2899.29,4.602911945202018e-07
2899.3,4.477928133497687e-07
2899.31,4.3408348669798466e-07
2899.32,4.2059280633177296e-07
2899.33,4.084138907960279e-07
2899.34,3.980023080129602e-07
2899.35,3.8926991571876394e-07
2899.36,3.81686149977858e-07
2899.37,3.7471725620889146e-07
2899.38,3.67988108065608e-07
2899.39,3.6173343548235203e-07
2899.4,3.567404137311074e-07
2899.41,3.5408846229073103e-07
2899.42,3.5464080430411803e-07
2899.43,3.5927373185999535e-07
2899.44,3.686731159675976e-07
2899.45,3.8266878844974905e-07
2899.46,4.008652639054729e-07
2899.47,4.223909062201739e-07
2899.48,4.4581321419344237e-07
2899.49,4.700372390184734e-07
2899.5,4.938447915984718e-07
2899.51,5.163230217540102e-07
2899.52,5.368956043492203e-07
2899.53,5.552502616542812e-07
2899.54,5.703742274391388e-07
2899.55,5.814790735282714e-07
2899.56,5.88169007516376e-07
2899.57,5.91282649607033e-07
2899.58,5.928790549382644e-07
2899.59,5.954968047889633e-07
2899.6,6.011680820174333e-07
2899.61,6.109776401848494e-07
2899.62,6.248964906795552e-07
2899.63,6.418964061690035e-07
2899.64,6.602303195335147e-07
2899.65,6.780521442544429e-07
2899.66,6.939796147823412e-07
2899.67,7.078688418769286e-07
2899.68,7.207229188477089e-07
2899.69,7.33615034964564e-07
2899.7,7.473689789479158e-07
2899.71,7.608705921218844e-07
2899.72,7.728294434102647e-07
2899.73,7.821342703607581e-07
2899.74,7.881060830655298e-07
2899.75,7.914158565814035e-07
2899.76,7.934279026688629e-07
2899.77,7.954402886689488e-07
2899.78,7.979068676620767e-07
2899.79,7.997757371533198e-07
2899.8,7.991098270911195e-07
2899.81,7.927000557031853e-07
2899.82,7.780674905988926e-07
2899.83,7.539210633730868e-07
2899.84,7.209253568950045e-07
2899.85,6.813090000703109e-07
2899.86,6.383122190727777e-07
2899.87,5.950629533363455e-07
2899.88,5.533730256711229e-07
2899.89,5.144163658760406e-07
2899.9,4.78984698815542e-07
2899.91,4.475924858555504e-07
2899.92,4.205665055583874e-07
2899.93,3.9839568923496265e-07
2899.94,3.8153906309348417e-07
2899.95,3.69688042263099e-07
2899.96,3.624720795487843e-07
2899.97,3.587742778440672e-07
2899.98,3.5732959055054074e-07
2899.99,3.563100525770622e-07
2900.0,3.541145705823275e-07
2900.01,3.493843205167237e-07
2900.02,3.416452743162822e-07
2900.03,3.316997616713952e-07
2900.04,3.203587667100628e-07
2900.05,3.084097103399561e-07
2900.06,2.964157679100689e-07
2900.07,2.8429240242661073e-07
2900.08,2.7212485939039677e-07
2900.09,2.6024126658053144e-07
2900.1,2.4904790408160754e-07
2900.11,2.3903230272243957e-07
2900.12,2.3042860903954375e-07
2900.13,2.2336028434204681e-07
2900.14,2.1750477179833036e-07
2900.15,2.1235257819337365e-07
2900.16,2.0761148377048523e-07
2900.17,2.0289604358756803e-07
2900.18,1.9836138290143715e-07
2900.19,1.9426139951325256e-07
2900.2,1.9129329361119904e-07
2900.21,1.8994427714689356e-07
2900.22,1.9087266526533516e-07
2900.23,1.9428561977660506e-07
2900.24,2.0016578412411905e-07
2900.25,2.0898884855959284e-07
2900.26,2.2019402735651517e-07
2900.27,2.3307795857694307e-07
2900.28,2.463196820446775e-07
2900.29,2.578461841321969e-07
2900.3,2.6559749147309834e-07
2900.31,2.677469884789101e-07
2900.32,2.638886980561498e-07
2900.33,2.5519335368093565e-07
2900.34,2.438654725204672e-07
2900.35,2.3177716902797843e-07
2900.36,2.2016936260490287e-07
2900.37,2.0953792320701283e-07
2900.38,1.9975799342741784e-07
2900.39,1.9053328125485352e-07
2900.4,1.8201174172346364e-07
2900.41,1.7424477807767782e-07
2900.42,1.674914305600431e-07
2900.43,1.6204289443952243e-07
2900.44,1.578766069503408e-07
2900.45,1.5516016346387746e-07
2900.46,1.5357604522367528e-07
2900.47,1.5298836771504052e-07
2900.48,1.5312082292003064e-07
2900.49,1.536493625177506e-07
2900.5,1.5429679226078824e-07
2900.51,1.5478089791520707e-07
2900.52,1.5473990899221067e-07
2900.53,1.54002651272259e-07
2900.54,1.5248756748339495e-07
2900.55,1.5011053050562618e-07
2900.56,1.4666309149138065e-07
2900.57,1.4265636248413406e-07
2900.58,1.3782488253044435e-07
2900.59,1.3283037104265936e-07
2900.6,1.281233715139818e-07
2900.61,1.240900950112497e-07
2900.62,1.2108343949941614e-07
2900.63,1.1912041468519592e-07
2900.64,1.1830801837790947e-07
2900.65,1.1847562089417845e-07
2900.66,1.1973443211155724e-07
2900.67,1.2186135617009475e-07
2900.68,1.2473653479553418e-07
2900.69,1.2825001036750082e-07
2900.7,1.3236083345676694e-07
2900.71,1.3699138395434506e-07
2900.72,1.4198995507370548e-07
2900.73,1.4708597426100993e-07
2900.74,1.5200501042783062e-07
2900.75,1.565280130876929e-07
2900.76,1.6060098653532596e-07
2900.77,1.6415929170468488e-07
2900.78,1.675039644225986e-07
2900.79,1.704204273379728e-07
2900.8,1.7238169070151925e-07
2900.81,1.7323598569567597e-07
2900.82,1.7281994564691633e-07
2900.83,1.7168670201018965e-07
2900.84,1.7034496054796882e-07
2900.85,1.6963486287452674e-07
2900.86,1.7002214176986234e-07
2900.87,1.7185742786284638e-07
2900.88,1.753355300595858e-07
2900.89,1.805480484677024e-07
2900.9,1.8756130440432648e-07
2900.91,1.9629281183952903e-07
2900.92,2.0700456035072658e-07
2900.93,2.1965236909109305e-07
2900.94,2.342146790048261e-07
2900.95,2.505827691481913e-07
2900.96,2.684507931521694e-07
2900.97,2.873231024736533e-07
2900.98,3.062894174406213e-07
2900.99,3.2463680448927945e-07
2901.0,3.40912666544829e-07
2901.01,3.544717695391812e-07
2901.02,3.64966319027486e-07
2901.03,3.7281309656707535e-07
2901.04,3.7894576203306665e-07
2901.05,3.8478948389713476e-07
2901.06,3.9160435680803884e-07
2901.07,4.003961613540035e-07
2901.08,4.118812981463413e-07
2901.09,4.263445741862729e-07
2901.1,4.441241902279152e-07
2901.11,4.655113110912484e-07
2901.12,4.906912146736598e-07
2901.13,5.197625000963599e-07
2901.14,5.527740023685514e-07
2901.15,5.891250631242827e-07
2901.16,6.278223466264522e-07
2901.17,6.675299072076054e-07
2901.18,7.069088593606951e-07
2901.19,7.450230810973509e-07
2901.2,7.816178909924242e-07
2901.21,8.170478501389095e-07
2901.22,8.517287185331251e-07
2901.23,8.85277453833046e-07
2901.24,9.155951653626796e-07
2901.25,9.386897048716218e-07
2901.26,9.492768301808456e-07
2901.27,9.424470485375123e-07
2901.28,9.157961906793077e-07
2901.29,8.70489170073237e-07
2901.3,8.111791553654144e-07
2901.31,7.441208964696294e-07
2901.32,6.751586447427018e-07
2901.33,6.088188986063197e-07
2901.34,5.479010828450758e-07
2901.35,4.936781715377766e-07
2901.36,4.4647723880694203e-07
2901.37,4.0597323647646055e-07
2901.38,3.714037833983452e-07
2901.39,3.420153592608424e-07
2901.4,3.166452209505831e-07
2901.41,2.943473217100328e-07
2901.42,2.7422308565905696e-07
2901.43,2.556005513586737e-07
2901.44,2.382055080590682e-07
2901.45,2.220481256178334e-07
2901.46,2.0726239538291995e-07
2901.47,1.9396455800403883e-07
2901.48,1.8216622039003688e-07
2901.49,1.7187733924902817e-07
2901.5,1.6299586955514707e-07
2901.51,1.5543788711781088e-07
2901.52,1.4913104042187236e-07
2901.53,1.44256426519027e-07
2901.54,1.4028624272620607e-07
2901.55,1.3747308554429442e-07
2901.56,1.3601564631918637e-07
2901.57,1.354610642542011e-07
2901.58,1.3601235784201548e-07
2901.59,1.3759698514068009e-07
2901.6,1.4004110037396523e-07
2901.61,1.4305427274174494e-07
2901.62,1.4616226053930559e-07
2901.63,1.4907171034916208e-07
2901.64,1.5155939246793108e-07
2901.65,1.5370503823893067e-07
2901.66,1.5585030848589078e-07
2901.67,1.582513521422703e-07
2901.68,1.6113470489814178e-07
2901.69,1.6442879008697655e-07
2901.7,1.6759820697684736e-07
2901.71,1.7010221995505214e-07
2901.72,1.711763242775803e-07
2901.73,1.7064086866076812e-07
2901.74,1.6859681781873605e-07
2901.75,1.6569095531965488e-07
2901.76,1.6165652145872053e-07
2901.77,1.56847838064598e-07
2901.78,1.510847884868966e-07
2901.79,1.445365103595033e-07
2901.8,1.37299762833591e-07
2901.81,1.2995522385231593e-07
2901.82,1.2302667515999578e-07
2901.83,1.1687899227751624e-07
2901.84,1.1175190181709346e-07
2901.85,1.0769385859753312e-07
2901.86,1.0467892708326884e-07
2901.87,1.0263000436948152e-07
2901.88,1.0144208383738717e-07
2901.89,1.0099795070217566e-07
2901.9,1.011592954054305e-07
2901.91,1.0191364392323841e-07
2901.92,1.0322185331288056e-07
2901.93,1.051513995453546e-07
2901.94,1.0769623382223635e-07
2901.95,1.1096847059756708e-07
2901.96,1.1487076884028689e-07
2901.97,1.192251924829377e-07
2901.98,1.2374941049340096e-07
2901.99,1.2804336167071215e-07
2902.0,1.317718814396215e-07
2902.01,1.3455614012878269e-07
2902.02,1.3599057680194984e-07
2902.03,1.35789163619806e-07
2902.04,1.3407973272745183e-07
2902.05,1.3116882658130898e-07
2902.06,1.2779996060256776e-07
2902.07,1.2444688097081757e-07
2902.08,1.2148438425985514e-07
2902.09,1.1927968409018472e-07
2902.1,1.1756149465738686e-07
2902.11,1.1657973687109461e-07
2902.12,1.1631981064578234e-07
2902.13,1.169586799824399e-07
2902.14,1.1833469032402498e-07
2902.15,1.204655071698467e-07
2902.16,1.2343121327567457e-07
2902.17,1.2717760322588113e-07
2902.18,1.3166912610334333e-07
2902.19,1.3674469962732014e-07
2902.2,1.4222491748882095e-07
2902.21,1.4794524851700704e-07
2902.22,1.538789512160907e-07
2902.23,1.6005997323698648e-07
2902.24,1.6669896536741296e-07
2902.25,1.7412183885713548e-07
2902.26,1.8260148446023344e-07
2902.27,1.924055005957817e-07
2902.28,2.035449038983819e-07
2902.29,2.159913927120831e-07
2902.3,2.2963177961007007e-07
2902.31,2.443229398766327e-07
2902.32,2.5994758872847156e-07
2902.33,2.7645802202940496e-07
2902.34,2.9397966278929334e-07
2902.35,3.1261681772586636e-07
2902.36,3.3251208200854014e-07
2902.37,3.53724716418624e-07
2902.38,3.759198751862624e-07
2902.39,3.9830768669019823e-07
2902.4,4.1972235205638276e-07
2902.41,4.388650172213712e-07
2902.42,4.550468941498482e-07
2902.43,4.6796426704763553e-07
2902.44,4.780984181509375e-07
2902.45,4.86592716465174e-07
2902.46,4.949054638664726e-07
2902.47,5.046314419688001e-07
2902.48,5.170880712395391e-07
2902.49,5.332597971495762e-07
2902.5,5.534253779236736e-07
2902.51,5.772674627319975e-07
2902.52,6.037804515007747e-07
2902.53,6.314625127958853e-07
2902.54,6.5829258192534e-07
2902.55,6.82157763308692e-07
2902.56,7.015815095560834e-07
2902.57,7.161818110871451e-07
2902.58,7.26978966312081e-07
2902.59,7.361675401125652e-07
2902.6,7.465021835527347e-07
2902.61,7.605927084484612e-07
2902.62,7.803635144198392e-07
2902.63,8.06754901927776e-07
2902.64,8.396198123334972e-07
2902.65,8.7776718436023e-07
2902.66,9.191960944187871e-07
2902.67,9.61459565423484e-07
2902.68,1.0023243802095532e-06
2902.69,1.0401002298656532e-06
2902.7,1.0734858974067426e-06
2902.71,1.101293042813592e-06
2902.72,1.1213051913371029e-06
2902.73,1.13024075340855e-06
2902.74,1.1244709972448888e-06
2902.75,1.1015178761540389e-06
2902.76,1.0618107816264274e-06
2902.77,1.0088885923412972e-06
2902.78,9.483697252831287e-07
2902.79,8.863801118452078e-07
2902.8,8.278668561299804e-07
2902.81,7.760207622208214e-07
2902.82,7.321563898762587e-07
2902.83,6.960502777614959e-07
2902.84,6.661544030230332e-07
2902.85,6.401570138215931e-07
2902.86,6.155954080979452e-07
2902.87,5.905677534981269e-07
2902.88,5.642281539692352e-07
2902.89,5.368153655310218e-07
2902.9,5.091153062796095e-07
2902.91,4.818543412287315e-07
2902.92,4.553320401092088e-07
2902.93,4.2932692678385875e-07
2902.94,4.0381316358018353e-07
2902.95,3.790240413750897e-07
2902.96,3.5551355614082534e-07
2902.97,3.337738093024514e-07
2902.98,3.138954636459248e-07
2902.99,2.9554458792151343e-07
2903.0,2.780675004737251e-07
2903.01,2.6091123401938345e-07
2903.02,2.439889878423627e-07
2903.03,2.2752729895279826e-07
2903.04,2.1191601238425292e-07
2903.05,1.9755587646717864e-07
2903.06,1.8475604516155094e-07
2903.07,1.7349723350965846e-07
2903.08,1.637198624886486e-07
2903.09,1.5530143971882255e-07
2903.1,1.481327033756132e-07
2903.11,1.4208580723203068e-07
2903.12,1.3706196149293996e-07
2903.13,1.329866387248985e-07
2903.14,1.2978982382799492e-07
2903.15,1.2752726400742724e-07
2903.16,1.2609130291801311e-07
2903.17,1.2555626244321757e-07
2903.18,1.2587466407712161e-07
2903.19,1.2705192704756904e-07
2903.2,1.2940786903664563e-07
2903.21,1.3241885642715932e-07
2903.22,1.3510708694182823e-07
2903.23,1.3738702633898015e-07
2903.24,1.3850128098389408e-07
2903.25,1.3788556614953166e-07
2903.26,1.3529509287301313e-07
2903.27,1.3110643258111597e-07
2903.28,1.258456804461692e-07
2903.29,1.202110351645994e-07
2903.3,1.1473577218409652e-07
2903.31,1.0974496415400684e-07
2903.32,1.0538567681757894e-07
2903.33,1.0168835343720772e-07
2903.34,9.860293358194898e-08
2903.35,9.641845149751047e-08
2903.36,9.440985220572142e-08
2903.37,9.284989743447791e-08
2903.38,9.171286949286469e-08
2903.39,9.092594692847145e-08
2903.4,9.047434140777745e-08
2903.41,9.028722168498431e-08
2903.42,9.043194360983401e-08
2903.43,9.089313839760917e-08
2903.44,9.159315802936132e-08
2903.45,9.258586435322234e-08
2903.46,9.398670368060471e-08
2903.47,9.563729390084039e-08
2903.48,9.764285736442116e-08
2903.49,1.0024887487691466e-07
2903.5,1.0313352335066263e-07
2903.51,1.0654402739762904e-07
2903.52,1.1054409108810588e-07
2903.53,1.1524390155844007e-07
2903.54,1.2069939829700115e-07
2903.55,1.2700879469878534e-07
2903.56,1.3417180151412063e-07
2903.57,1.4210012944311337e-07
2903.58,1.5053163915680091e-07
2903.59,1.5896663800595587e-07
2903.6,1.66664440573476e-07
2903.61,1.7276708871558318e-07
2903.62,1.76563050269383e-07
2903.63,1.7778064096332182e-07
2903.64,1.7666830546071215e-07
2903.65,1.7407883932872076e-07
2903.66,1.7085618786520966e-07
2903.67,1.6772792802147836e-07
2903.68,1.653345138954853e-07
2903.69,1.639373413045534e-07
2903.7,1.6363147942921696e-07
2903.71,1.6444024049086965e-07
2903.72,1.6665705580077118e-07
2903.73,1.6969629246476016e-07
2903.74,1.7380207771074026e-07
2903.75,1.790315701605583e-07
2903.76,1.8531703238972166e-07
2903.77,1.927517130242828e-07
2903.78,2.0140189516815317e-07
2903.79,2.1140040269830273e-07
2903.8,2.228743456772449e-07
2903.81,2.3599587056596052e-07
2903.82,2.509700160509394e-07
2903.83,2.680308985852985e-07
2903.84,2.874380371606662e-07
2903.85,3.0945040513833e-07
2903.86,3.3429491759337e-07
2903.87,3.621027991242779e-07
2903.88,3.928130675286581e-07
2903.89,4.2604302417955053e-07
2903.9,4.609513257707915e-07
2903.91,4.961625421366344e-07
2903.92,5.298657943792076e-07
2903.93,5.601870087254612e-07
2903.94,5.85799669704101e-07
2903.95,6.065211700603181e-07
2903.96,6.235318739819989e-07
2903.97,6.391500914629437e-07
2903.98,6.561566286712376e-07
2903.99,6.772265257523724e-07
2904.0,7.04642198129174e-07
2904.01,7.402115237183055e-07
2904.02,7.852326186553424e-07
2904.03,8.405764761963783e-07
2904.04,9.066532943485652e-07
2904.05,9.83073701556546e-07
2904.06,1.0685998000220001e-06
2904.07,1.1611662538001366e-06
2904.08,1.2574255592568533e-06
2904.09,1.3536840815861388e-06
2904.1,1.4465827393446071e-06
2904.11,1.533739079627042e-06
2904.12,1.6140176298016373e-06
2904.13,1.687295666642947e-06
2904.14,1.7540694983424198e-06
2904.15,1.8149791998958066e-06
2904.16,1.870418879236558e-06
2904.17,1.9203769255918197e-06
2904.18,1.9646008600166086e-06
2904.19,2.0027128086455147e-06
2904.2,2.034165318705238e-06
2904.21,2.056925792485415e-06
2904.22,2.067107863999406e-06
2904.23,2.0587650719636153e-06
2904.24,2.025099329199317e-06
2904.25,1.9610632713864194e-06
2904.26,1.8659840658674324e-06
2904.27,1.7448861598145074e-06
2904.28,1.6071958278099656e-06
2904.29,1.4637383301488815e-06
2904.3,1.3238920962268937e-06
2904.31,1.1941419120489101e-06
2904.32,1.0780213920969075e-06
2904.33,9.767894656961445e-07
2904.34,8.904863453200596e-07
2904.35,8.176197161722785e-07
2904.36,7.570511088730642e-07
2904.37,7.073335713682024e-07
2904.38,6.669274350826645e-07
2904.39,6.345157531704475e-07
2904.4,6.087086350396023e-07
2904.41,5.880568151750748e-07
2904.42,5.708784490325231e-07
2904.43,5.553040683386289e-07
2904.44,5.394765945565318e-07
2904.45,5.218887850016214e-07
2904.46,5.0148568750115e-07
2904.47,4.779961659967537e-07
2904.48,4.5178333012618376e-07
2904.49,4.237776017586388e-07
2904.5,3.9527221411161893e-07
2904.51,3.674800522943648e-07
2904.52,3.4141603770092047e-07
2904.53,3.17668398055506e-07
2904.54,2.96465340454002e-07
2904.55,2.777855603907892e-07
2904.56,2.614688110385923e-07
2904.57,2.472965924745476e-07
2904.58,2.351117022825388e-07
2904.59,2.2456231171473666e-07
2904.6,2.1553548605437302e-07
2904.61,2.0807460309031672e-07
2904.62,2.016713825870594e-07
2904.63,1.964294586633324e-07
2904.64,1.9241307290014436e-07
2904.65,1.8932828222374746e-07
2904.66,1.8727589461058312e-07
2904.67,1.8625167819185973e-07
2904.68,1.8625790495268627e-07
2904.69,1.8720404599126086e-07
2904.7,1.8901828805388667e-07
2904.71,1.9152472212982219e-07
2904.72,1.9453413283268777e-07
2904.73,1.9784940794932386e-07
2904.74,2.0141041590357716e-07
2904.75,2.0540823243709981e-07
2904.76,2.1016718426319083e-07
2904.77,2.1606519944146738e-07
2904.78,2.2337190741446913e-07
2904.79,2.3213373732228492e-07
2904.8,2.4209932610329177e-07
2904.81,2.526926857655657e-07
2904.82,2.6307003076366843e-07
2904.83,2.722940805824618e-07
2904.84,2.796025662570558e-07
2904.85,2.8468236626825876e-07
2904.86,2.881355567579167e-07
2904.87,2.902694775638579e-07
2904.88,2.9263740551797395e-07
2904.89,2.965318863935666e-07
2904.9,3.0334622871246414e-07
2904.91,3.132083426270466e-07
2904.92,3.2688313859853924e-07
2904.93,3.4445011057934594e-07
2904.94,3.656543624458523e-07
2904.95,3.8972299622224767e-07
2904.96,4.151854475996039e-07
2904.97,4.3969117896769885e-07
2904.98,4.6060681369605205e-07
2904.99,4.740654784370662e-07
2905.0,4.778888942120027e-07
2905.01,4.710759660357946e-07
2905.02,4.545928142202792e-07
2905.03,4.3089854929049816e-07
2905.04,4.030909879637772e-07
2905.05,3.7389119179382673e-07
2905.06,3.4572354788968694e-07
2905.07,3.197740162509381e-07
2905.08,2.966986633952878e-07
2905.09,2.7669228995727425e-07
2905.1,2.5967691330719035e-07
2905.11,2.4543803430592254e-07
2905.12,2.3373681848863433e-07
2905.13,2.2437220090651422e-07
2905.14,2.169003739313163e-07
2905.15,2.1123337863960092e-07
2905.16,2.072070059462724e-07
2905.17,2.0470747567822715e-07
2905.18,2.0365289532458747e-07
2905.19,2.039892525841013e-07
2905.2,2.0575133152694527e-07
2905.21,2.089641540106238e-07
2905.22,2.137273628322725e-07
2905.23,2.201203965011148e-07
2905.24,2.2835335962413428e-07
2905.25,2.3860335999699557e-07
2905.26,2.5106697131943773e-07
2905.27,2.6589413514190885e-07
2905.28,2.8332948050872026e-07
2905.29,3.0266602444812614e-07
2905.3,3.235213232764052e-07
2905.31,3.4483135324904525e-07
2905.32,3.654084438262611e-07
2905.33,3.836981852565083e-07
2905.34,3.9904961036813246e-07
2905.35,4.1131286458601065e-07
2905.36,4.208629700949025e-07
2905.37,4.283115555329603e-07
2905.38,4.3432289567300903e-07
2905.39,4.3955081642718803e-07
2905.4,4.4483361085057615e-07
2905.41,4.512117588790666e-07
2905.42,4.5979349113281305e-07
2905.43,4.713247948120551e-07
2905.44,4.860865800797739e-07
2905.45,5.032238717390269e-07
2905.46,5.209287033957425e-07
2905.47,5.372685342244423e-07
2905.48,5.499467509880328e-07
2905.49,5.575364268751236e-07
2905.5,5.602915793125957e-07
2905.51,5.593159214189128e-07
2905.52,5.574935255553546e-07
2905.53,5.575472180123068e-07
2905.54,5.616644270950216e-07
2905.55,5.712783547110635e-07
2905.56,5.872658365933421e-07
2905.57,6.101999590257846e-07
2905.58,6.405683275331704e-07
2905.59,6.788101870272109e-07
2905.6,7.258960834806442e-07
2905.61,7.824964318089998e-07
2905.62,8.497997488785173e-07
2905.63,9.290204624518444e-07
2905.64,1.0216164988752256e-06
2905.65,1.1290081829558063e-06
2905.66,1.252393518076908e-06
2905.67,1.3924232372658888e-06
2905.68,1.5485673905235684e-06
2905.69,1.7188595507475074e-06
2905.7,1.8993959648713053e-06
2905.71,2.0844057836426505e-06
2905.72,2.266697284012509e-06
2905.73,2.4379143841391705e-06
2905.74,2.5891025308310185e-06
2905.75,2.7107024201625393e-06
2905.76,2.7927228047698594e-06
2905.77,2.8259723565721723e-06
2905.78,2.804351337000648e-06
2905.79,2.727372672926503e-06
2905.8,2.601240662190997e-06
2905.81,2.437632635945036e-06
2905.82,2.250747902231302e-06
2905.83,2.0544321247050184e-06
2905.84,1.8602172918259854e-06
2905.85,1.6764800107574457e-06
2905.86,1.5084789409901708e-06
2905.87,1.3586447960824037e-06
2905.88,1.227604619769105e-06
2905.89,1.1146861521129614e-06
2905.9,1.0186005679236955e-06
2905.91,9.377821144621812e-07
2905.92,8.707372207164817e-07
2905.93,8.160332292792743e-07
2905.94,7.725500347759743e-07
2905.95,7.393768629473391e-07
2905.96,7.15820404935462e-07
2905.97,7.013370846259036e-07
2905.98,6.955122193470673e-07
2905.99,6.978172894551821e-07
2906.0,7.074669367989253e-07
2906.01,7.233438844613361e-07
2906.02,7.427791722784207e-07
2906.03,7.627027091289582e-07
2906.04,7.788290697807534e-07
2906.05,7.865380153650346e-07
2906.06,7.820200445247857e-07
2906.07,7.634366024606482e-07
2906.08,7.3151417084441e-07
2906.09,6.891701965223123e-07
2906.1,6.404964796494801e-07
2906.11,5.895993040381533e-07
2906.12,5.397746350528739e-07
2906.13,4.93187093887073e-07
2906.14,4.509544746245749e-07
2906.15,4.134250477550433e-07
2906.16,3.805160625687549e-07
2906.17,3.5182375788400255e-07
2906.18,3.2681720245005176e-07
2906.19,3.0507341518807235e-07
2906.2,2.8614855576800107e-07
2906.21,2.6964915353243203e-07
2906.22,2.552360891896648e-07
2906.23,2.4260617865127424e-07
2906.24,2.3154974879742074e-07
2906.25,2.2184974328357465e-07
2906.26,2.134364893831215e-07
2906.27,2.0596578993962274e-07
2906.28,1.9942974620164753e-07
2906.29,1.9374995008358995e-07
2906.3,1.888286944719279e-07
2906.31,1.8462116126709675e-07
2906.32,1.8107130119803583e-07
2906.33,1.7814314754416762e-07
2906.34,1.7581172104514848e-07
2906.35,1.7406251274147913e-07
2906.36,1.7289135393181556e-07
2906.37,1.7230467791607968e-07
2906.38,1.7232019732627304e-07
2906.39,1.7296804021218049e-07
2906.4,1.7429240651253866e-07
2906.41,1.7635382085956313e-07
2906.42,1.7923206014244932e-07
2906.43,1.8301013129534392e-07
2906.44,1.8785744039652762e-07
2906.45,1.9391617334745915e-07
2906.46,2.0140316032151805e-07
2906.47,2.105017597600582e-07
2906.48,2.2153985668800078e-07
2906.49,2.3470748231369186e-07
2906.5,2.504615497449311e-07
2906.51,2.6890381975833877e-07
2906.52,2.900052301244244e-07
2906.53,3.1365762015528683e-07
2906.54,3.382072089492578e-07
2906.55,3.6231229488908425e-07
2906.56,3.83867930270947e-07
2906.57,4.0083447021268927e-07
2906.58,4.118614292997618e-07
2906.59,4.166982551660305e-07
2906.6,4.1616132985586146e-07
2906.61,4.1169754313187937e-07
2906.62,4.0553015590784037e-07
2906.63,3.9750657309375233e-07
2906.64,3.892273762645569e-07
2906.65,3.8165100927356347e-07
2906.66,3.755089441707368e-07
2906.67,3.7101521157653963e-07
2906.68,3.679692372697356e-07
2906.69,3.654378607731998e-07
2906.7,3.6217938485866945e-07
2906.71,3.5722704207052353e-07
2906.72,3.507492442182143e-07
2906.73,3.4290223863753295e-07
2906.74,3.3514864792700143e-07
2906.75,3.286187191802492e-07
2906.76,3.240186443725628e-07
2906.77,3.2168092020565707e-07
2906.78,3.211238228957566e-07
2906.79,3.221575135613201e-07
2906.8,3.2459716135328824e-07
2906.81,3.2859878545207536e-07
2906.82,3.344080048550489e-07
2906.83,3.425066065674435e-07
2906.84,3.5298576938764663e-07
2906.85,3.6591265318586467e-07
2906.86,3.80829488847176e-07
2906.87,3.971636453214199e-07
2906.88,4.1393133505505494e-07
2906.89,4.3077813670151016e-07
2906.9,4.4671722139449495e-07
2906.91,4.6171664133172894e-07
2906.92,4.7548138412109126e-07
2906.93,4.878521079000023e-07
2906.94,4.990416486452253e-07
2906.95,5.086423143571422e-07
2906.96,5.177786445874366e-07
2906.97,5.276264018966668e-07
2906.98,5.395852193436879e-07
2906.99,5.546775588586116e-07
2907.0,5.736575825235041e-07
2907.01,5.968126027816583e-07
2907.02,6.243647035463652e-07
2907.03,6.573007998022012e-07
2907.04,6.964633856193933e-07
2907.05,7.429189135441326e-07
2907.06,7.974569287700059e-07
2907.07,8.602553326443969e-07
2907.08,9.308765915607324e-07
2907.09,1.0067219948892393e-06
2907.1,1.0847972315498495e-06
2907.11,1.1607806395940917e-06
2907.12,1.2302839255868538e-06
2907.13,1.2901779184083195e-06
2907.14,1.3396242917480199e-06
2907.15,1.3799414493034265e-06
2907.16,1.4133835769999252e-06
2907.17,1.4422816117302094e-06
2907.18,1.468500100106529e-06
2907.19,1.4942322601708232e-06
2907.2,1.5227374726968204e-06
2907.21,1.558665062723947e-06
2907.22,1.6074404465567328e-06
2907.23,1.6744971850082788e-06
2907.24,1.764556937928264e-06
2907.25,1.881160164597534e-06
2907.26,2.026224044011698e-06
2907.27,2.1993487370767365e-06
2907.28,2.3967140449432063e-06
2907.29,2.609671070005718e-06
2907.3,2.823488828694911e-06
2907.31,3.0173457553569494e-06
2907.32,3.1667756110684314e-06
2907.33,3.249284571719434e-06
2907.34,3.25153630389709e-06
2907.35,3.1743032458571216e-06
2907.36,3.0319398023337487e-06
2907.37,2.8467695709579146e-06
2907.38,2.641949594433233e-06
2907.39,2.436235432544662e-06
2907.4,2.2420176521238993e-06
2907.41,2.0651159319721078e-06
2907.42,1.907690589427762e-06
2907.43,1.7697989166038113e-06
2907.44,1.6507851939879584e-06
2907.45,1.5499589912762113e-06
2907.46,1.4664128785632394e-06
2907.47,1.398475244679043e-06
2907.48,1.3433090435124592e-06
2907.49,1.2966398940216276e-06
2907.5,1.2531859861525306e-06
2907.51,1.20759370507907e-06
2907.52,1.1557491861802737e-06
2907.53,1.096023311430321e-06
2907.54,1.0293610552696308e-06
2907.55,9.586587501843503e-07
2907.56,8.874834965645802e-07
2907.57,8.189155830132477e-07
2907.58,7.553259009511287e-07
2907.59,6.978436569931092e-07
2907.6,6.46888907015011e-07
2907.61,6.023679466629543e-07
2907.62,5.639085424781512e-07
2907.63,5.310251922616907e-07
2907.64,5.032214708326254e-07
2907.65,4.800470177970503e-07
2907.66,4.6112537106547786e-07
2907.67,4.461408713814635e-07
2907.68,4.349299454880003e-07
2907.69,4.2733218963651784e-07
2907.7,4.232661460486508e-07
2907.71,4.226868357405683e-07
2907.72,4.25561375228251e-07
2907.73,4.318823889228322e-07
2907.74,4.416799200909133e-07
2907.75,4.55016894778021e-07
2907.76,4.7187900394306975e-07
2907.77,4.919227316305486e-07
2907.78,5.141592132851573e-07
2907.79,5.367638361660648e-07
2907.8,5.572302292178057e-07
2907.81,5.729604518354946e-07
2907.82,5.821412593390826e-07
2907.83,5.844093581858094e-07
2907.84,5.809659994260698e-07
2907.85,5.739757065753825e-07
2907.86,5.656580674824553e-07
2907.87,5.576972099736626e-07
2907.88,5.510545976167327e-07
2907.89,5.466214893894547e-07
2907.9,5.448620437842495e-07
2907.91,5.462976068922758e-07
2907.92,5.507569930155327e-07
2907.93,5.573521274483134e-07
2907.94,5.647667889623593e-07
2907.95,5.719786365102401e-07
2907.96,5.781158043512955e-07
2907.97,5.842835231108193e-07
2907.98,5.913987703296062e-07
2907.99,6.009101546811481e-07
2908.0,6.127151077781037e-07
2908.01,6.262266533141014e-07
2908.02,6.38923527833176e-07
2908.03,6.475777354039304e-07
2908.04,6.490202881104427e-07
2908.05,6.422688255609031e-07
2908.06,6.28863030121103e-07
2908.07,6.125411938489489e-07
2908.08,5.97492037872609e-07
2908.09,5.86994238882014e-07
2908.1,5.833924056632359e-07
2908.11,5.880076011076952e-07
2908.12,6.01568849684814e-07
2908.13,6.241554151574615e-07
2908.14,6.556178175750464e-07
2908.15,6.950985817953632e-07
2908.16,7.408665625913434e-07
2908.17,7.899606892488658e-07
2908.18,8.381249013583288e-07
2908.19,8.800273774073e-07
2908.2,9.101060723888102e-07
2908.21,9.235453254280635e-07
2908.22,9.179730915543811e-07
2908.23,8.944064547641772e-07
2908.24,8.555004630196591e-07
2908.25,8.067469558622744e-07
2908.26,7.530255957831593e-07
2908.27,6.985648784054058e-07
2908.28,6.469446567776377e-07
2908.29,5.996018455229778e-07
2908.3,5.582112542980626e-07
2908.31,5.231227784785939e-07
2908.32,4.943572787007925e-07
2908.33,4.7158712821039225e-07
2908.34,4.5452808409726344e-07
2908.35,4.424663409544483e-07
2908.36,4.3519983668968707e-07
2908.37,4.3265137190875957e-07
2908.38,4.3437056460126467e-07
2908.39,4.4055047349800003e-07
2908.4,4.512502496246523e-07
2908.41,4.665481086675496e-07
2908.42,4.871674413581761e-07
2908.43,5.133048003449514e-07
2908.44,5.454006596482715e-07
2908.45,5.837882503740411e-07
2908.46,6.286329459605107e-07
2908.47,6.79612060945343e-07
2908.48,7.355600444800234e-07
2908.49,7.950155644960059e-07
2908.5,8.549510571820518e-07
2908.51,9.115711856892031e-07
2908.52,9.603247217331902e-07
2908.53,9.959992810304916e-07
2908.54,1.0138722123365668e-06
2908.55,1.0110796522028064e-06
2908.56,9.87678299109521e-07
2908.57,9.47246004942426e-07
2908.58,8.959152368466191e-07
2908.59,8.398625266690114e-07
2908.6,7.847374624586329e-07
2908.61,7.343030006795731e-07
2908.62,6.90654382188588e-07
2908.63,6.546323847875532e-07
2908.64,6.262729449051497e-07
2908.65,6.051780874065029e-07
2908.66,5.905878650152394e-07
2908.67,5.817050745375118e-07
2908.68,5.77684006001227e-07
2908.69,5.778380913381359e-07
2908.7,5.818274153544309e-07
2908.71,5.897385992850767e-07
2908.72,6.019734331682165e-07
2908.73,6.191685382058285e-07
2908.74,6.419394648832062e-07
2908.75,6.709462488518422e-07
2908.76,7.069100158552947e-07
2908.77,7.508982484496589e-07
2908.78,8.034736177674826e-07
2908.79,8.660880145833415e-07
2908.8,9.402015356436645e-07
2908.81,1.0274973693296887e-06
2908.82,1.1298179739596678e-06
2908.83,1.249005549394884e-06
2908.84,1.3865821534988032e-06
2908.85,1.5431874523263873e-06
2908.86,1.7176477608805845e-06
2908.87,1.906093050049639e-06
2908.88,2.1008347398911157e-06
2908.89,2.2890782603263687e-06
2908.9,2.456188323222552e-06
2908.91,2.587885763934036e-06
2908.92,2.6748122574608068e-06
2908.93,2.715215095687194e-06
2908.94,2.7146260669269307e-06
2908.95,2.6826021170060837e-06
2908.96,2.628779211172966e-06
2908.97,2.560334143153974e-06
2908.98,2.481171732274462e-06
2908.99,2.39337746422955e-06
2909.0,2.299026872643784e-06
2909.01,2.2010033358396143e-06
2909.02,2.102320177467702e-06
2909.03,2.004623785470489e-06
2909.04,1.908063281742902e-06
2909.05,1.8110721195542328e-06
2909.06,1.712574118752073e-06
2909.07,1.613269841227182e-06
2909.08,1.5158423461450292e-06
2909.09,1.4240161717650268e-06
2909.1,1.3410974016741874e-06
2909.11,1.2690342936228066e-06
2909.12,1.2085578658037886e-06
2909.13,1.1592742533633722e-06
2909.14,1.1211122005388779e-06
2909.15,1.094061748676434e-06
2909.16,1.0780415407069932e-06
2909.17,1.072590170062025e-06
2909.18,1.0768762283319975e-06
2909.19,1.0900491481896675e-06
2909.2,1.1115901706441808e-06
2909.21,1.1412045452584527e-06
2909.22,1.1783139731391112e-06
2909.23,1.2210937197783371e-06
2909.24,1.2661545939375937e-06
2909.25,1.3088514165547666e-06
2909.26,1.3444375101015367e-06
2909.27,1.3695979857508604e-06
2909.28,1.3835799593105939e-06
2909.29,1.3876637312236952e-06
2909.3,1.3841618325077857e-06
2909.31,1.3741143979756425e-06
2909.32,1.3564135517567521e-06
2909.33,1.3280207281194444e-06
2909.34,1.286734566460127e-06
2909.35,1.2316719865265015e-06
2909.36,1.1661367839694496e-06
2909.37,1.0953324083591593e-06
2909.38,1.0247629049260084e-06
2909.39,9.585012761216608e-07
2909.4,8.986620644272989e-07
2909.41,8.453936824911194e-07
2909.42,7.975977438027628e-07
2909.43,7.538874479745666e-07
2909.44,7.134951423491092e-07
2909.45,6.762130330041952e-07
2909.46,6.429741085384741e-07
2909.47,6.14287353489336e-07
2909.48,5.903186739031577e-07
2909.49,5.7063559760585e-07
2909.5,5.544115898770939e-07
2909.51,5.408465015022068e-07
2909.52,5.29612590382842e-07
2909.53,5.206264146144773e-07
2909.54,5.141893343547075e-07
2909.55,5.103218983686053e-07
2909.56,5.085790347997228e-07
2909.57,5.0797283675607e-07
2909.58,5.071094585224091e-07
2909.59,5.042652715156551e-07
2909.6,4.981577403765787e-07
2909.61,4.882430784062195e-07
2909.62,4.749989442641495e-07
2909.63,4.5979004527299625e-07
2909.64,4.44100606291455e-07
2909.65,4.295612594310914e-07
2909.66,4.1742127715634933e-07
2909.67,4.081599121130735e-07
2909.68,4.0231468479017057e-07
2909.69,4.0014759106536965e-07
2909.7,4.018205120047741e-07
2909.71,4.0747154474180914e-07
2909.72,4.1723256716161164e-07
2909.73,4.311991838263938e-07
2909.74,4.4934492740075686e-07
2909.75,4.7137573372046993e-07
2909.76,4.965503659545842e-07
2909.77,5.235622968109326e-07
2909.78,5.506593473605883e-07
2909.79,5.761470372866249e-07
2909.8,5.99167061840353e-07
2909.81,6.201642677075951e-07
2909.82,6.407797357667629e-07
2909.83,6.638564408942759e-07
2909.84,6.911131872041921e-07
2909.85,7.234070490450147e-07
2909.86,7.599053583589183e-07
2909.87,7.982332526939137e-07
2909.88,8.340563925939282e-07
2909.89,8.62068644087536e-07
2909.9,8.7799507947866e-07
2909.91,8.789039025754336e-07
2909.92,8.65823872468191e-07
2909.93,8.425777886722915e-07
2909.94,8.145957326112435e-07
2909.95,7.870825762042443e-07
2909.96,7.630314658900761e-07
2909.97,7.44298873619329e-07
2909.98,7.311395591749151e-07
2909.99,7.213462847093556e-07
2910.0,7.118887424136381e-07
2910.01,6.997989388041143e-07
2910.02,6.834512688429699e-07
2910.03,6.635700139501468e-07
2910.04,6.422625155809527e-07
2910.05,6.228184742284151e-07
2910.06,6.07505089520378e-07
2910.07,5.978271114974108e-07
2910.08,5.947419385549128e-07
2910.09,5.972071312579582e-07
2910.1,6.046981019834036e-07
2910.11,6.158608780717412e-07
2910.12,6.278962520213331e-07
2910.13,6.385406851916764e-07
2910.14,6.455327407796978e-07
2910.15,6.476315093483844e-07
2910.16,6.450927601455143e-07
2910.17,6.39534159920691e-07
2910.18,6.333204085249426e-07
2910.19,6.288207187654724e-07
2910.2,6.281133893534541e-07
2910.21,6.325448164849877e-07
2910.22,6.43438070595102e-07
2910.23,6.608711259565318e-07
2910.24,6.853516219474167e-07
2910.25,7.169837942198909e-07
2910.26,7.553040333247121e-07
2910.27,7.991192791614042e-07
2910.28,8.463470426443272e-07
2910.29,8.941924294521268e-07
2910.3,9.398591419931937e-07
2910.31,9.816385320685648e-07
2910.32,1.0197939307294988e-06
2910.33,1.05663213285771e-06
2910.34,1.0956709341262555e-06
2910.35,1.1404484021991467e-06
2910.36,1.1937113263072723e-06
2910.37,1.2574736205727286e-06
2910.38,1.3335161954157896e-06
2910.39,1.4240349232080302e-06
2910.4,1.5316836867334374e-06
2910.41,1.6591246672955534e-06
2910.42,1.8085212178506368e-06
2910.43,1.9813249978436032e-06
2910.44,2.1782239773533527e-06
2910.45,2.3986516608986244e-06
2910.46,2.639273276546756e-06
2910.47,2.891636789233186e-06
2910.48,3.1403014250080496e-06
2910.49,3.3636531091263207e-06
2910.5,3.5382414391250745e-06
2910.51,3.646151658625659e-06
2910.52,3.680696668914261e-06
2910.53,3.647775879149363e-06
2910.54,3.5620692344457695e-06
2910.55,3.4417525455498374e-06
2910.56,3.30450946334437e-06
2910.57,3.1659894391886886e-06
2910.58,3.0385709482793312e-06
2910.59,2.93102065589312e-06
2910.6,2.8469007786178422e-06
2910.61,2.783766995367844e-06
2910.62,2.7336590696912613e-06
2910.63,2.684476255330289e-06
2910.64,2.623156072438612e-06
2910.65,2.5398129279194104e-06
2910.66,2.4296600420290146e-06
2910.67,2.295525327247165e-06
2910.68,2.144447553516422e-06
2910.69,1.9855342151442315e-06
2910.7,1.827164793173298e-06
2910.71,1.6758079389068158e-06
2910.72,1.5357324544328313e-06
2910.73,1.409146549751577e-06
2910.74,1.2964530350551783e-06
2910.75,1.1967620782589572e-06
2910.76,1.108269168071855e-06
2910.77,1.0294647238834165e-06
2910.78,9.592507924023966e-07
2910.79,8.970333885824016e-07
2910.8,8.428279695045446e-07
2910.81,7.958481900895994e-07
2910.82,7.562077586818681e-07
2910.83,7.237988700897229e-07
2910.84,6.980534199668298e-07
2910.85,6.788244538134469e-07
2910.86,6.658863475005048e-07
2910.87,6.591344291746738e-07
2910.88,6.58543431666647e-07
2910.89,6.642302740642647e-07
2910.9,6.764178369643073e-07
2910.91,6.955311725715632e-07
2910.92,7.219002737065407e-07
2910.93,7.558191220021501e-07
2910.94,7.974388784630018e-07
2910.95,8.464140458327996e-07
2910.96,9.018205636039951e-07
2910.97,9.615418608193155e-07
2910.98,1.0230276965679837e-06
2910.99,1.081487725232269e-06
2911.0,1.1311566619761556e-06
2911.01,1.1659363293720161e-06
2911.02,1.180931135057435e-06
2911.03,1.1739409774295768e-06
2911.04,1.1461448777988198e-06
2911.05,1.1017428155464717e-06
2911.06,1.0466353420207194e-06
2911.07,9.878393140142598e-07
2911.08,9.30946739428318e-07
2911.09,8.802359891482449e-07
2911.1,8.383718052269631e-07
2911.11,8.067452573321274e-07
2911.12,7.859459498968357e-07
2911.13,7.761722248888173e-07
2911.14,7.775686450266975e-07
2911.15,7.901385127325707e-07
2911.16,8.141186441806078e-07
2911.17,8.496839184712706e-07
2911.18,8.965971639587511e-07
2911.19,9.544812265602738e-07
2911.2,1.021329124251672e-06
2911.21,1.0935131402542833e-06
2911.22,1.1652126097127598e-06
2911.23,1.228659738093408e-06
2911.24,1.275670792553188e-06
2911.25,1.2997920687041612e-06
2911.26,1.2984920168070987e-06
2911.27,1.2734361996244815e-06
2911.28,1.228961484031961e-06
2911.29,1.169697987365e-06
2911.3,1.0999246535228684e-06
2911.31,1.0233942672956976e-06
2911.32,9.444322507687258e-07
2911.33,8.670791035488474e-07
2911.34,7.957229679904457e-07
2911.35,7.319601171372096e-07
2911.36,6.768713891470681e-07
2911.37,6.306486068480558e-07
2911.38,5.924608315238418e-07
2911.39,5.617214632319749e-07
2911.4,5.376015848762043e-07
2911.41,5.195914020169472e-07
2911.42,5.071436057858634e-07
2911.43,5.001728344210473e-07
2911.44,4.978970282830202e-07
2911.45,5.005640958692707e-07
2911.46,5.081699648939137e-07
2911.47,5.211060408639911e-07
2911.48,5.392647521726773e-07
2911.49,5.634903755021888e-07
2911.5,5.935657448185384e-07
2911.51,6.288658451017123e-07
2911.52,6.688534352804039e-07
2911.53,7.111636269127215e-07
2911.54,7.527682978658928e-07
2911.55,7.90326306663014e-07
2911.56,8.211325203732411e-07
2911.57,8.449945881409016e-07
2911.58,8.634062782233412e-07
2911.59,8.794460178361415e-07
2911.6,8.963649739712857e-07
2911.61,9.163154934808139e-07
2911.62,9.401888364516519e-07
2911.63,9.680790576817163e-07
2911.64,1.0005436463692733e-06
2911.65,1.037632694677555e-06
2911.66,1.0794248704661273e-06
2911.67,1.1262012163456706e-06
2911.68,1.1773313969313035e-06
2911.69,1.2320116259729e-06
2911.7,1.2894367402350838e-06
2911.71,1.3482483574751872e-06
2911.72,1.4056127579974947e-06
2911.73,1.4565871440548699e-06
2911.74,1.4948396833932936e-06
2911.75,1.5148800569968275e-06
2911.76,1.5133186068356773e-06
2911.77,1.4902109139757223e-06
2911.78,1.4476626029225339e-06
2911.79,1.3891575660744519e-06
2911.8,1.3188642761176616e-06
2911.81,1.2422952193054393e-06
2911.82,1.1653022297966275e-06
2911.83,1.0923908728864478e-06
2911.84,1.0278685156850698e-06
2911.85,9.740668309579029e-07
2911.86,9.319045466127534e-07
2911.87,9.01205553127927e-07
2911.88,8.811421411811953e-07
2911.89,8.697849403497722e-07
2911.9,8.65212641662074e-07
2911.91,8.65083602250654e-07
2911.92,8.673630801633965e-07
2911.93,8.705072100928251e-07
2911.94,8.744591749945065e-07
2911.95,8.804904321250223e-07
2911.96,8.904111309846137e-07
2911.97,9.063592260674605e-07
2911.98,9.298669099847614e-07
2911.99,9.617432961027214e-07
2912.0,1.0022616159069168e-06
2912.01,1.0516734520040931e-06
2912.02,1.1108166692659775e-06
2912.03,1.1814821499971426e-06
2912.04,1.2660906346049212e-06
2912.05,1.367007503922909e-06
2912.06,1.4856289138296023e-06
2912.07,1.6214544104533558e-06
2912.08,1.7711813458907933e-06
2912.09,1.928083748206652e-06
2912.1,2.0822907238142548e-06
2912.11,2.2223359830074696e-06
2912.12,2.339082839726059e-06
2912.13,2.4271438160864047e-06
2912.14,2.487276580771828e-06
2912.15,2.5244714194080356e-06
2912.16,2.544546045150998e-06
2912.17,2.550511446456202e-06
2912.18,2.5412165212471257e-06
2912.19,2.512592822162513e-06
2912.2,2.4616065901529295e-06
2912.21,2.3896557102721972e-06
2912.22,2.303735458083125e-06
2912.23,2.2144194446551437e-06
2912.24,2.132560409671468e-06
2912.25,2.066463066085161e-06
2912.26,2.020349444652595e-06
2912.27,1.993857548486023e-06
2912.28,1.982100888186457e-06
2912.29,1.9762888393709656e-06
2912.3,1.965140504296673e-06
2912.31,1.93749700126102e-06
2912.32,1.8855062710725636e-06
2912.33,1.8071490069251797e-06
2912.34,1.7063828147591313e-06
2912.35,1.59151157888944e-06
2912.36,1.4719207463278123e-06
2912.37,1.3559301455492174e-06
2912.38,1.2485820868649661e-06
2912.39,1.1534207276797356e-06
2912.4,1.0711046329777543e-06
2912.41,1.0019916856673007e-06
2912.42,9.45522315662439e-07
2912.43,9.009162989294726e-07
2912.44,8.674054401830533e-07
2912.45,8.44289932134777e-07
2912.46,8.312786013392611e-07
2912.47,8.28071329508833e-07
2912.48,8.346259542976035e-07
2912.49,8.50971463323082e-07
2912.5,8.770255794187249e-07
2912.51,9.127673213669401e-07
2912.52,9.574608856195572e-07
2912.53,1.008952917858773e-06
2912.54,1.0638146229238427e-06
2912.55,1.1164232565975602e-06
2912.56,1.1604733125420434e-06
2912.57,1.1897829441430723e-06
2912.58,1.2008543605687077e-06
2912.59,1.1942893134620654e-06
2912.6,1.1744026874268873e-06
2912.61,1.1474017062666477e-06
2912.62,1.1191598368377745e-06
2912.63,1.0939602659745612e-06
2912.64,1.0745213595467984e-06
2912.65,1.0625261144472307e-06
2912.66,1.0591697569325798e-06
2912.67,1.0656767852585235e-06
2912.68,1.082201818201422e-06
2912.69,1.1089690436270065e-06
2912.7,1.145503198774544e-06
2912.71,1.190742615172714e-06
2912.72,1.2432559674551424e-06
2912.73,1.3010803644229776e-06
2912.74,1.3592587938662627e-06
2912.75,1.4126969372636016e-06
2912.76,1.4556585970251301e-06
2912.77,1.4840031785649155e-06
2912.78,1.4963672196312136e-06
2912.79,1.4938775903085002e-06
2912.8,1.4788685898806672e-06
2912.81,1.4539093874925025e-06
2912.82,1.4218335542454422e-06
2912.83,1.386224615700916e-06
2912.84,1.3513752665627796e-06
2912.85,1.3213750640306644e-06
2912.86,1.298533053854759e-06
2912.87,1.2838983977069342e-06
2912.88,1.275576018945371e-06
2912.89,1.2707917788283254e-06
2912.9,1.2665924704075415e-06
2912.91,1.260479130570008e-06
2912.92,1.2505272234681883e-06
2912.93,1.2358145214866223e-06
2912.94,1.2167691091864015e-06
2912.95,1.195330334490076e-06
2912.96,1.1746949365215582e-06
2912.97,1.1586348404657487e-06
2912.98,1.15064615233947e-06
2912.99,1.1532437428591105e-06
2913.0,1.167636653480836e-06
2913.01,1.1933053200036887e-06
2913.02,1.2275201679199505e-06
2913.03,1.2657009025701511e-06
2913.04,1.3002457919329615e-06
2913.05,1.3228332757923817e-06
2913.06,1.3264204409285378e-06
2913.07,1.3071370779199056e-06
2913.08,1.265925696827608e-06
2913.09,1.2074755690154426e-06
2913.1,1.1402727555276184e-06
2913.11,1.0715339636450335e-06
2913.12,1.0068826540339199e-06
2913.13,9.495578268727908e-07
2913.14,9.00843936674476e-07
2913.15,8.605642411587733e-07
2913.16,8.271265447542763e-07
2913.17,7.984660158354607e-07
2913.18,7.722800903661867e-07
2913.19,7.466821776140638e-07
2913.2,7.217930751291937e-07
2913.21,6.981547992727632e-07
2913.22,6.771099079331579e-07
2913.23,6.597648838195726e-07
2913.24,6.464571971520884e-07
2913.25,6.366350470544037e-07
2913.26,6.289127757937027e-07
2913.27,6.225940917572953e-07
2913.28,6.16945745062224e-07
2913.29,6.123771842677739e-07
2913.3,6.096549679240967e-07
2913.31,6.095819798757026e-07
2913.32,6.12207350648006e-07
2913.33,6.174104400760186e-07
2913.34,6.234576735024979e-07
2913.35,6.299823047473991e-07
2913.36,6.369802282787017e-07
2913.37,6.449453260244236e-07
2913.38,6.551906052169423e-07
2913.39,6.695629409987273e-07
2913.4,6.881294926381256e-07
2913.41,7.113581702789047e-07
2913.42,7.383136383279066e-07
2913.43,7.668718980790432e-07
2913.44,7.940051255125972e-07
2913.45,8.164032702536786e-07
2913.46,8.316931198745358e-07
2913.47,8.392028693004084e-07
2913.48,8.405836489584466e-07
2913.49,8.389801194507501e-07
2913.5,8.377876402931433e-07
2913.51,8.399017881994935e-07
2913.52,8.468141780890428e-07
2913.53,8.58922462404286e-07
2913.54,8.758272331570768e-07
2913.55,8.972256572551803e-07
2913.56,9.220653995137e-07
2913.57,9.514944550747184e-07
2913.58,9.858389226710768e-07
2913.59,1.0272595981719126e-06
2913.6,1.077818659604525e-06
2913.61,1.1397091474165235e-06
2913.62,1.2150684996050337e-06
2913.63,1.3058025807968199e-06
2913.64,1.4129353872223745e-06
2913.65,1.5367642126937344e-06
2913.66,1.6761760459500893e-06
2913.67,1.8287253133091933e-06
2913.68,1.990428367704741e-06
2913.69,2.156763881947246e-06
2913.7,2.3224564513530987e-06
2913.71,2.481072379876333e-06
2913.72,2.6243945158698083e-06
2913.73,2.7429851056808014e-06
2913.74,2.8288030564310296e-06
2913.75,2.878052060404383e-06
2913.76,2.892541185802526e-06
2913.77,2.87954612649328e-06
2913.78,2.850188841197016e-06
2913.79,2.817545653543777e-06
2913.8,2.7936257272297637e-06
2913.81,2.7863478185204454e-06
2913.82,2.7982631890422137e-06
2913.83,2.8253566917204297e-06
2913.84,2.8589066498850445e-06
2913.85,2.8881142410685883e-06
2913.86,2.902993837720458e-06
2913.87,2.8968592863284485e-06
2913.88,2.867052969157931e-06
2913.89,2.8151504144150517e-06
2913.9,2.7472841440273215e-06
2913.91,2.6723636180177144e-06
2913.92,2.60073016144819e-06
2913.93,2.5423711530247904e-06
2913.94,2.5052327284017065e-06
2913.95,2.493153906020332e-06
2913.96,2.504337039803283e-06
2913.97,2.5311076660186426e-06
2913.98,2.5607282959993444e-06
2913.99,2.5770707102595e-06
2914.0,2.5670215583511966e-06
2914.01,2.5242012788576235e-06
2914.02,2.4507526349000464e-06
2914.03,2.355387087142961e-06
2914.04,2.2486308382065835e-06
2914.05,2.139243185751315e-06
2914.06,2.0314026476179822e-06
2914.07,1.9265620488380572e-06
2914.08,1.8235895505351662e-06
2914.09,1.7242457430974685e-06
2914.1,1.6295367839633657e-06
2914.11,1.5421903973119002e-06
2914.12,1.4638406047696073e-06
2914.13,1.3945386306100807e-06
2914.14,1.3332006608646994e-06
2914.15,1.2785112597166525e-06
2914.16,1.2298711704721945e-06
2914.17,1.1872880228171346e-06
2914.18,1.1506010488160843e-06
2914.19,1.118917768750211e-06
2914.2,1.0908311712959187e-06
2914.21,1.0652014446155858e-06
2914.22,1.042072214663645e-06
2914.23,1.0221462400155426e-06
2914.24,1.0069724893206652e-06
2914.25,9.975184108795197e-07
2914.26,9.942978878237033e-07
2914.27,9.96222927874833e-07
2914.28,1.0019251497695575e-06
2914.29,1.009294839221252e-06
2914.3,1.0162604754988044e-06
2914.31,1.0213138264466047e-06
2914.32,1.0241797589495033e-06
2914.33,1.0265907782617627e-06
2914.34,1.030619575855361e-06
2914.35,1.0391062855191697e-06
2914.36,1.05511885396665e-06
2914.37,1.081631480563349e-06
2914.38,1.1212375315273172e-06
2914.39,1.1759300480728302e-06
2914.4,1.2471544626887145e-06
2914.41,1.335183976325777e-06
2914.42,1.438685052476211e-06
2914.43,1.5561787958348372e-06
2914.44,1.6831637687021515e-06
2914.45,1.813264882339226e-06
2914.46,1.9373823294818635e-06
2914.47,2.0435741847921848e-06
2914.48,2.118456663835567e-06
2914.49,2.1507716719292884e-06
2914.5,2.1357293747748096e-06
2914.51,2.077118917982235e-06
2914.52,1.985822814946104e-06
2914.53,1.8754614079907774e-06
2914.54,1.7586429494125705e-06
2914.55,1.6452532490676573e-06
2914.56,1.5407169937264231e-06
2914.57,1.446597099595406e-06
2914.58,1.3613572919937547e-06
2914.59,1.281700769267475e-06
2914.6,1.2057180900621489e-06
2914.61,1.1323227381037243e-06
2914.62,1.0620533852698289e-06
2914.63,9.965371869614632e-07
2914.64,9.368681125271466e-07
2914.65,8.830989556004304e-07
2914.66,8.342713508032122e-07
2914.67,7.889204992960018e-07
2914.68,7.457771526270705e-07
2914.69,7.040126608689437e-07
2914.7,6.647729412698234e-07
2914.71,6.287359230246138e-07
2914.72,5.967767194064919e-07
2914.73,5.699416384360469e-07
2914.74,5.482660745655399e-07
2914.75,5.317970010669367e-07
2914.76,5.200900578713512e-07
2914.77,5.127162887896942e-07
2914.78,5.089064928021554e-07
2914.79,5.075194994697247e-07
2914.8,5.072857408193671e-07
2914.81,5.062916132141573e-07
2914.82,5.035013755782791e-07
2914.83,4.986711484122931e-07
2914.84,4.925324070476045e-07
2914.85,4.863928705738229e-07
2914.86,4.815786316158936e-07
2914.87,4.790947470679375e-07
2914.88,4.796627360495667e-07
2914.89,4.834547375335061e-07
2914.9,4.907781260704029e-07
2914.91,5.018146392703899e-07
2914.92,5.167727001487767e-07
2914.93,5.359356167297662e-07
2914.94,5.598818790853184e-07
2914.95,5.886531502392172e-07
2914.96,6.22989008564144e-07
2914.97,6.631976955637103e-07
2914.98,7.103090771553407e-07
2914.99,7.644334375207311e-07
2915.0,8.256653303102424e-07
2915.01,8.937681802752137e-07
2915.02,9.682713869916304e-07
2915.03,1.0487915629001405e-06
2915.04,1.1355157193885128e-06
2915.05,1.2279974330474455e-06
2915.06,1.326428053437737e-06
2915.07,1.42938290591105e-06
2915.08,1.5337810853369418e-06
2915.09,1.63494103332036e-06
2915.1,1.7279796507274023e-06
2915.11,1.8087765001723096e-06
2915.12,1.8754375927538272e-06
2915.13,1.9241446226131005e-06
2915.14,1.9519063302587146e-06
2915.15,1.954992185738512e-06
2915.16,1.9309351351126563e-06
2915.17,1.8805323584156383e-06
2915.18,1.8090799021950354e-06
2915.19,1.7256204130916209e-06
2915.2,1.6408099979265892e-06
2915.21,1.5635369244945758e-06
2915.22,1.5008741358009827e-06
2915.23,1.4565141688665792e-06
2915.24,1.4326573070268595e-06
2915.25,1.42987458779408e-06
2915.26,1.4479298042107037e-06
2915.27,1.4861380548162594e-06
2915.28,1.5437951069624172e-06
2915.29,1.6198971690738553e-06
2915.3,1.7129067342491935e-06
2915.31,1.8201517078825003e-06
2915.32,1.937827763720445e-06
2915.33,2.0595347013523745e-06
2915.34,2.1796818015869634e-06
2915.35,2.2927804381849376e-06
2915.36,2.39445922525377e-06
2915.37,2.4815214214265188e-06
2915.38,2.5514400130776615e-06
2915.39,2.6014667003611663e-06
2915.4,2.6278477159421065e-06
2915.41,2.627509269133324e-06
2915.42,2.600598949609949e-06
2915.43,2.5525054508368162e-06
2915.44,2.4928618682854684e-06
2915.45,2.4322221141778563e-06
2915.46,2.3789942702166445e-06
2915.47,2.337351490548247e-06
2915.48,2.308120627495936e-06
2915.49,2.288476867523491e-06
2915.5,2.272662927057775e-06
2915.51,2.2522028421666497e-06
2915.52,2.2190669841768496e-06
2915.53,2.1677868156347385e-06
2915.54,2.098524902441717e-06
2915.55,2.0149589710247347e-06
2915.56,1.9234642121848523e-06
2915.57,1.831108407744625e-06
2915.58,1.7448010048267366e-06
2915.59,1.6707494407054318e-06
2915.6,1.6139513507193313e-06
2915.61,1.5777482584561445e-06
2915.62,1.5637371612880625e-06
2915.63,1.5718292126518285e-06
2915.64,1.6003176815382687e-06
2915.65,1.6450044509128063e-06
2915.66,1.6992956677233615e-06
2915.67,1.7544562221120278e-06
2915.68,1.7991919541702935e-06
2915.69,1.8227646406539556e-06
2915.7,1.816303527420753e-06
2915.71,1.7774725065137913e-06
2915.72,1.7101093971490628e-06
2915.73,1.6230148647365723e-06
2915.74,1.5267509584543564e-06
2915.75,1.4305069247942755e-06
2915.76,1.3403276184985015e-06
2915.77,1.2584838248481484e-06
2915.78,1.1846226786918713e-06
2915.79,1.116944227637864e-06
2915.8,1.0538761961169598e-06
2915.81,9.953145157888308e-07
2915.82,9.417877619231628e-07
2915.83,8.949555002374762e-07
2915.84,8.560453312811184e-07
2915.85,8.258480778588693e-07
2915.86,8.042041990476896e-07
2915.87,7.909720164185039e-07
2915.88,7.856159954541452e-07
2915.89,7.874868105054141e-07
2915.9,7.960300110173806e-07
2915.91,8.110748767771855e-07
2915.92,8.330626806246336e-07
2915.93,8.630213411175565e-07
2915.94,9.022644400908899e-07
2915.95,9.52000061641004e-07
2915.96,1.0130823967435983e-06
2915.97,1.0846780037539435e-06
2915.98,1.1654124127564909e-06
2915.99,1.2513045666283162e-06
2916.0,1.3359750277065838e-06
2916.01,1.4120790605612106e-06
2916.02,1.4706669639320688e-06
2916.03,1.5055865137854453e-06
2916.04,1.515781981485608e-06
2916.05,1.5057338153645911e-06
2916.06,1.4837134113316275e-06
2916.07,1.457866941527621e-06
2916.08,1.434963042625643e-06
2916.09,1.4202320356989466e-06
2916.1,1.417922870017376e-06
2916.11,1.4314537869328707e-06
2916.12,1.4628579789915745e-06
2916.13,1.5120405415424116e-06
2916.14,1.5755081275873946e-06
2916.15,1.6468280918001639e-06
2916.16,1.7162167655256086e-06
2916.17,1.7725892454914066e-06
2916.18,1.8059527297727792e-06
2916.19,1.8116190049335945e-06
2916.2,1.7897870325260462e-06
2916.21,1.7465267878337426e-06
2916.22,1.6911379251899173e-06
2916.23,1.6329635190117555e-06
2916.24,1.5787561081499554e-06
2916.25,1.5315221478150499e-06
2916.26,1.4909607044883422e-06
2916.27,1.4550979594122856e-06
2916.28,1.4223761517572444e-06
2916.29,1.3931957879774476e-06
2916.3,1.3701658729191757e-06
2916.31,1.3567465060663616e-06
2916.32,1.3577374292822844e-06
2916.33,1.3757400484561262e-06
2916.34,1.4123252464785864e-06
2916.35,1.4672161865856275e-06
2916.36,1.5383315046535567e-06
2916.37,1.6196528514617146e-06
2916.38,1.702738721743613e-06
2916.39,1.776279471785213e-06
2916.4,1.8273386727256628e-06
2916.41,1.845665947789844e-06
2916.42,1.8251293217017368e-06
2916.43,1.7671534562893227e-06
2916.44,1.6802213060542942e-06
2916.45,1.576815790586286e-06
2916.46,1.4698149364132012e-06
2916.47,1.3688658227598767e-06
2916.48,1.2811535312031238e-06
2916.49,1.2092776525212336e-06
2916.5,1.1549366186406644e-06
2916.51,1.1183048394740577e-06
2916.52,1.0991905840146498e-06
2916.53,1.0966476721442183e-06
2916.54,1.109998739652867e-06
2916.55,1.1378988254276983e-06
2916.56,1.178032842345038e-06
2916.57,1.2269128690444468e-06
2916.58,1.279330119782822e-06
2916.59,1.3292250801220126e-06
2916.6,1.3709458905579202e-06
2916.61,1.400820138086955e-06
2916.62,1.4180497454824837e-06
2916.63,1.4244297113424984e-06
2916.64,1.4232984956015244e-06
2916.65,1.4177562030435003e-06
2916.66,1.4104468691146279e-06
2916.67,1.4028698697098606e-06
2916.68,1.396801191072738e-06
2916.69,1.3930275191896162e-06
2916.7,1.3922063125619863e-06
2916.71,1.393387206044053e-06
2916.72,1.39518566132246e-06
2916.73,1.3962516445222454e-06
2916.74,1.3968302505863123e-06
2916.75,1.3983304430352461e-06
2916.76,1.4034787358400026e-06
2916.77,1.4143279618255993e-06
2916.78,1.4303873272863583e-06
2916.79,1.4481172892676464e-06
2916.8,1.4615578254964474e-06
2916.81,1.463840703117367e-06
2916.82,1.4507179056488287e-06
2916.83,1.4207412770276975e-06
2916.84,1.3772612058757433e-06
2916.85,1.3269979849728284e-06
2916.86,1.27679855951545e-06
2916.87,1.2338532127614835e-06
2916.88,1.2033730740323384e-06
2916.89,1.1873579264907882e-06
2916.9,1.18798842983534e-06
2916.91,1.206456861728888e-06
2916.92,1.243046231309575e-06
2916.93,1.2984594189445575e-06
2916.94,1.373035444807577e-06
2916.95,1.466720452385744e-06
2916.96,1.578070056850108e-06
2916.97,1.7047034435294746e-06
2916.98,1.8418556719105315e-06
2916.99,1.9819828574827374e-06
2917.0,2.1152460356758373e-06
2917.01,2.2318503349986262e-06
2917.02,2.3253620404872343e-06
2917.03,2.394195720954074e-06
2917.04,2.439465009782534e-06
2917.05,2.4611688120793502e-06
2917.06,2.4566105135191247e-06
2917.07,2.4232685332196253e-06
2917.08,2.360413024679476e-06
2917.09,2.275171747275965e-06
2917.1,2.1793645104911305e-06
2917.11,2.0856836210242285e-06
2917.12,2.005953859891707e-06
2917.13,1.94788632962029e-06
2917.14,1.9155367775170645e-06
2917.15,1.908972536478798e-06
2917.16,1.9247385439819315e-06
2917.17,1.9558525203043876e-06
2917.18,1.9921554590588405e-06
2917.19,2.0216696777021675e-06
2917.2,2.033207139172758e-06
2917.21,2.01938018290149e-06
2917.22,1.978479767347862e-06
2917.23,1.914719580054017e-06
2917.24,1.835376792255375e-06
2917.25,1.7508376387138366e-06
2917.26,1.6704588301722544e-06
2917.27,1.6030571643103863e-06
2917.28,1.553583912410817e-06
2917.29,1.5255178266768328e-06
2917.3,1.5196662386794853e-06
2917.31,1.5354317045070805e-06
2917.32,1.5706814601856028e-06
2917.33,1.621693951546861e-06
2917.34,1.6832919440528452e-06
2917.35,1.7495391936956088e-06
2917.36,1.8144598060124576e-06
2917.37,1.8724312013290353e-06
2917.38,1.9179675704618333e-06
2917.39,1.944696797303124e-06
2917.4,1.9466631076814406e-06
2917.41,1.92002186365206e-06
2917.42,1.8656520651968323e-06
2917.43,1.7896929977200446e-06
2917.44,1.702261187816744e-06
2917.45,1.6137440471130098e-06
2917.46,1.5328721384328346e-06
2917.47,1.4657304279369757e-06
2917.48,1.4159569848457108e-06
2917.49,1.3847374259418771e-06
2917.5,1.3726441594573444e-06
2917.51,1.379676475208985e-06
2917.52,1.4045404467890712e-06
2917.53,1.4451276540196313e-06
2917.54,1.4980491947402713e-06
2917.55,1.5586730069133674e-06
2917.56,1.621724984900552e-06
2917.57,1.6830490888342885e-06
2917.58,1.7411012989378302e-06
2917.59,1.7973693415517498e-06
2917.6,1.8543762786536861e-06
2917.61,1.9150403590562894e-06
2917.62,1.977845858528107e-06
2917.63,2.038721745210994e-06
2917.64,2.0929686034941606e-06
2917.65,2.1374000537186233e-06
2917.66,2.1721176497362397e-06
2917.67,2.1983946295063032e-06
2917.68,2.2172814159354564e-06
2917.69,2.2257183439792945e-06
2917.7,2.218263736763929e-06
2917.71,2.1913075175645036e-06
2917.72,2.1454069745875625e-06
2917.73,2.0871399083755543e-06
2917.74,2.0270919447025482e-06
2917.75,1.9768454762363214e-06
2917.76,1.9458855433669097e-06
2917.77,1.9407351648855242e-06
2917.78,1.9644044416697956e-06
2917.79,2.0183559700531583e-06
2917.8,2.099803764007956e-06
2917.81,2.2029613521662348e-06
2917.82,2.318074397155522e-06
2917.83,2.431601643838182e-06
2917.84,2.5278378942049652e-06
2917.85,2.591994382278892e-06
2917.86,2.6143553066087166e-06
2917.87,2.5927713219802234e-06
2917.88,2.5336417950485823e-06
2917.89,2.4495344935206026e-06
2917.9,2.3548148676425098e-06
2917.91,2.2611693267226393e-06
2917.92,2.174822733043322e-06
2917.93,2.0962180192335212e-06
2917.94,2.021995754902775e-06
2917.95,1.9470322571415246e-06
2917.96,1.8692692931187518e-06
2917.97,1.7879017233664407e-06
2917.98,1.7044856473683374e-06
2917.99,1.6214176979599183e-06
2918.0,1.5403098234142083e-06
2918.01,1.4629843838455132e-06
2918.02,1.3915412257560261e-06
2918.03,1.3274306231409634e-06
2918.04,1.272507552644643e-06
2918.05,1.2268759880234143e-06
2918.06,1.1888205259622878e-06
2918.07,1.1549515555417672e-06
2918.08,1.120957687924631e-06
2918.09,1.0829885484185465e-06
2918.1,1.0387976774684199e-06
2918.11,9.883675889431294e-07
2918.12,9.342994247757933e-07
2918.13,8.802725430945845e-07
2918.14,8.290741824230092e-07
2918.15,7.826259175453119e-07
2918.16,7.417649568374773e-07
2918.17,7.061155228409751e-07
2918.18,6.754855678326862e-07
2918.19,6.49495139508663e-07
2918.2,6.287702423228939e-07
2918.21,6.133097757727795e-07
2918.22,6.033717685725969e-07
2918.23,5.987091403859137e-07
2918.24,5.995652271616582e-07
2918.25,6.060148167283388e-07
2918.26,6.181034658518643e-07
2918.27,6.357434445815381e-07
2918.28,6.585204063388837e-07
2918.29,6.85429107757182e-07
2918.3,7.146467703010045e-07
2918.31,7.435883729920762e-07
2918.32,7.695186305248879e-07
2918.33,7.906667249684441e-07
2918.34,8.071807751066949e-07
2918.35,8.21278855729153e-07
2918.36,8.351685949259688e-07
2918.37,8.519678710088245e-07
2918.38,8.722904191122582e-07
2918.39,8.961643786608518e-07
2918.4,9.22606181192006e-07
2918.41,9.511232252830512e-07
2918.42,9.821162722199235e-07
2918.43,1.0167730699430282e-06
2918.44,1.0567555834369963e-06
2918.45,1.1015050856943994e-06
2918.46,1.150134244488786e-06
2918.47,1.1999009535871773e-06
2918.48,1.24746904885461e-06
2918.49,1.290214345994758e-06
2918.5,1.3274956705491314e-06
2918.51,1.3614974835471973e-06
2918.52,1.3968622525024985e-06
2918.53,1.4387746839420834e-06
2918.54,1.4907100240079828e-06
2918.55,1.5535169994372153e-06
2918.56,1.6249028048415536e-06
2918.57,1.6995410605134373e-06
2918.58,1.7712075559834413e-06
2918.59,1.8334669157273415e-06
2918.6,1.8837092826541414e-06
2918.61,1.9221984230627485e-06
2918.62,1.95151938374618e-06
2918.63,1.9749151434483616e-06
2918.64,1.9940674370827865e-06
2918.65,2.0094936404809608e-06
2918.66,2.021583615800198e-06
2918.67,2.031680491808895e-06
2918.68,2.0446706473209463e-06
2918.69,2.0659769601860763e-06
2918.7,2.098802349435881e-06
2918.71,2.1417413096280203e-06
2918.72,2.1883663965565504e-06
2918.73,2.2291661078421313e-06
2918.74,2.255409624449264e-06
2918.75,2.2633007640788908e-06
2918.76,2.2559150199595158e-06
2918.77,2.2414911653573684e-06
2918.78,2.2291581330237515e-06
2918.79,2.225067318436816e-06
2918.8,2.230066028182466e-06
2918.81,2.240425940518165e-06
2918.82,2.249511109331463e-06
2918.83,2.253323564314563e-06
2918.84,2.2510271728923386e-06
2918.85,2.244465099207894e-06
2918.86,2.235082539564696e-06
2918.87,2.220874935056725e-06
2918.88,2.1978153683873217e-06
2918.89,2.1602097921805265e-06
2918.9,2.1057397638423056e-06
2918.91,2.0369297526866145e-06
2918.92,1.9613281287259777e-06
2918.93,1.8868382751529849e-06
2918.94,1.8195138211488448e-06
2918.95,1.762708124737694e-06
2918.96,1.7175705927133922e-06
2918.97,1.6849892759378558e-06
2918.98,1.6657383711913362e-06
2918.99,1.661569203505684e-06
2919.0,1.6742873292751801e-06
2919.01,1.7049345156701559e-06
2919.02,1.7541183583105345e-06
2919.03,1.8214751125427448e-06
2919.04,1.9063280796357336e-06
2919.05,2.0075708908855e-06
2919.06,2.1243021061906035e-06
2919.07,2.254949227176487e-06
2919.08,2.395291478463458e-06
2919.09,2.536239034143674e-06
2919.1,2.6631100912172354e-06
2919.11,2.7579487026210574e-06
2919.12,2.804772268579115e-06
2919.13,2.7954171574926854e-06
2919.14,2.732279438116312e-06
2919.15,2.626554739371284e-06
2919.16,2.4938502165261614e-06
2919.17,2.3494889028146067e-06
2919.18,2.2053685341754617e-06
2919.19,2.068507833037144e-06
2919.2,1.9414837809234243e-06
2919.21,1.8239761631205e-06
2919.22,1.71661401518648e-06
2919.23,1.6204062624715426e-06
2919.24,1.5373189966326622e-06
2919.25,1.4699976139132904e-06
2919.26,1.4204950311988885e-06
2919.27,1.3901037023024847e-06
2919.28,1.379512619331732e-06
2919.29,1.389028322718368e-06
2919.3,1.4186145399194273e-06
2919.31,1.4676967819849642e-06
2919.32,1.5349460705901687e-06
2919.33,1.6178148357893002e-06
2919.34,1.7124487077021311e-06
2919.35,1.814010706665315e-06
2919.36,1.9175406146956165e-06
2919.37,2.0183123902675223e-06
2919.38,2.113176785667594e-06
2919.39,2.1983755498625723e-06
2919.4,2.2698680489409653e-06
2919.41,2.3206117337327686e-06
2919.42,2.343062539490311e-06
2919.43,2.330162480635431e-06
2919.44,2.2811830603160507e-06
2919.45,2.2031255971114803e-06
2919.46,2.109129775019151e-06
2919.47,2.014123086956585e-06
2919.48,1.9307550493293206e-06
2919.49,1.867555776465192e-06
2919.5,1.8282343618311322e-06
2919.51,1.812256879203515e-06
2919.52,1.8151914647921428e-06
2919.53,1.8294784722204726e-06
2919.54,1.8446737696099316e-06
2919.55,1.8513202820649624e-06
2919.56,1.8428760392167754e-06
2919.57,1.8176627331368473e-06
2919.58,1.7780735885372271e-06
2919.59,1.728300852144651e-06
2919.6,1.6710296869664986e-06
2919.61,1.609452915654507e-06
2919.62,1.5438738656508386e-06
2919.63,1.4743150972763166e-06
2919.64,1.4001474174411478e-06
2919.65,1.3218493932001288e-06
2919.66,1.2416535290274138e-06
2919.67,1.1631452291187627e-06
2919.68,1.0900873987823325e-06
2919.69,1.0253540173756213e-06
2919.7,9.702120615463882e-07
2919.71,9.255159889110949e-07
2919.72,8.902548471111223e-07
2919.73,8.629948799027968e-07
2919.74,8.419228761443597e-07
2919.75,8.255831916949165e-07
2919.76,8.131126661126865e-07
2919.77,8.046865347108502e-07
2919.78,8.013235482094468e-07
2919.79,8.040150660642698e-07
2919.8,8.141030546459971e-07
2919.81,8.325048877501357e-07
2919.82,8.600202759201505e-07
2919.83,8.972864536262944e-07
2919.84,9.448086878090288e-07
2919.85,1.0024353981097602e-06
2919.86,1.069495263929792e-06
2919.87,1.1446686484582806e-06
2919.88,1.2263658156469792e-06
2919.89,1.3131030017744305e-06
2919.9,1.4051878773076778e-06
2919.91,1.5038211253725062e-06
2919.92,1.6097113707094597e-06
2919.93,1.7201053902248169e-06
2919.94,1.828352767329732e-06
2919.95,1.9238918591656963e-06
2919.96,1.9955962389474535e-06
2919.97,2.0365982326696245e-06
2919.98,2.0461034182019992e-06
2919.99,2.0306888804353264e-06
2920.0,1.9998372429690384e-06
2920.01,1.9626483182451227e-06
2920.02,1.9261326961821266e-06
2920.03,1.8965641551036341e-06
2920.04,1.876023410100453e-06
2920.05,1.863149238826882e-06
2920.06,1.8526688355104722e-06
2920.07,1.8373434323521507e-06
2920.08,1.8113333111488402e-06
2920.09,1.7732359911039062e-06
2920.1,1.7270075476524823e-06
2920.11,1.6798926541670546e-06
2920.12,1.6393667326235697e-06
2920.13,1.6103869150997256e-06
2920.14,1.5951635682653502e-06
2920.15,1.5927570737336312e-06
2920.16,1.5984951201200747e-06
2920.17,1.6082965200291591e-06
2920.18,1.6189447817110378e-06
2920.19,1.6301828756129472e-06
2920.2,1.6441454151848384e-06
2920.21,1.6633601913969062e-06
2920.22,1.690572064148695e-06
2920.23,1.7276262200195288e-06
2920.24,1.7759274448313358e-06
2920.25,1.8375769737446402e-06
2920.26,1.9144278552858607e-06
2920.27,2.006611971930323e-06
2920.28,2.110254655467618e-06
2920.29,2.2165018096545464e-06
2920.3,2.3149483056878486e-06
2920.31,2.397494103013638e-06
2920.32,2.462372743313206e-06
2920.33,2.517205188454765e-06
2920.34,2.574945816678926e-06
2920.35,2.6488684581104466e-06
2920.36,2.7481009342562535e-06
2920.37,2.8751196105609103e-06
2920.38,3.024858864711067e-06
2920.39,3.1851732807169914e-06
2920.4,3.339065188525769e-06
2920.41,3.469094345515178e-06
2920.42,3.5626185464819733e-06
2920.43,3.615199643819412e-06
2920.44,3.629740106630352e-06
2920.45,3.611006586164728e-06
2920.46,3.5627724264582988e-06
2920.47,3.4864492318300035e-06
2920.48,3.3844020958630133e-06
2920.49,3.2619153695383646e-06
2920.5,3.131497669158761e-06
2920.51,3.0078244195170835e-06
2920.52,2.9049018554341675e-06
2920.53,2.8324230409519675e-06
2920.54,2.7939559574373312e-06
2920.55,2.7869831864994703e-06
2920.56,2.8019815976275655e-06
2920.57,2.8272458326590404e-06
2920.58,2.849070470219013e-06
2920.59,2.8557796555641687e-06
2920.6,2.8393584223795085e-06
2920.61,2.7953917998553385e-06
2920.62,2.7233630675679017e-06
2920.63,2.624886309260781e-06
2920.64,2.506341780968117e-06
2920.65,2.3767491142209406e-06
2920.66,2.246466684168407e-06
2920.67,2.124863393061479e-06
2920.68,2.0188396978616387e-06
2920.69,1.9322445454484273e-06
2920.7,1.865497628713687e-06
2920.71,1.8170839354376198e-06
2920.72,1.7843405149720764e-06
2920.73,1.7651163909200235e-06
2920.74,1.7589747918035841e-06
2920.75,1.7673283247203317e-06
2920.76,1.7923758144315636e-06
2920.77,1.8358336854790437e-06
2920.78,1.8970829387888178e-06
2920.79,1.9723826997055716e-06
2920.8,2.054400062757039e-06
2920.81,2.133039579553355e-06
2920.82,2.197533639775458e-06
2920.83,2.2399240045202025e-06
2920.84,2.2592489969076006e-06
2920.85,2.2582791327018483e-06
2920.86,2.2439877937433435e-06
2920.87,2.2229812431420643e-06
2920.88,2.20046445753201e-06
2920.89,2.1789086165216634e-06
2920.9,2.1572887501318883e-06
2920.91,2.131133489104686e-06
2920.92,2.0943095622413804e-06
2920.93,2.0425202092201187e-06
2920.94,1.976389927880409e-06
2920.95,1.902012045878909e-06
2920.96,1.8285840071062398e-06
2920.97,1.7653648133424336e-06
2920.98,1.719144417538224e-06
2920.99,1.6931582490019691e-06
2921.0,1.6867435407994471e-06
2921.01,1.6952329762656093e-06
2921.02,1.7101375186601536e-06
2921.03,1.7202502128174383e-06
2921.04,1.7138796625273938e-06
2921.05,1.684098410399133e-06
2921.06,1.6291434082239497e-06
2921.07,1.5538890031197858e-06
2921.08,1.4678884987150203e-06
2921.09,1.3812456544503945e-06
2921.1,1.3018577044100064e-06
2921.11,1.2346171687987049e-06
2921.12,1.1812867895705786e-06
2921.13,1.1412466426708221e-06
2921.14,1.1108013189209227e-06
2921.15,1.0854199894747753e-06
2921.16,1.0604594423021764e-06
2921.17,1.032495384549643e-06
2921.18,1.0004837249844014e-06
2921.19,9.65597819743358e-07
2921.2,9.302004920147695e-07
2921.21,8.96860457490709e-07
2921.22,8.678862832788898e-07
2921.23,8.451964864134251e-07
2921.24,8.302212877361879e-07
2921.25,8.237491120001507e-07
2921.26,8.253270548512663e-07
2921.27,8.34713409397628e-07
2921.28,8.491305066332268e-07
2921.29,8.648280035922115e-07
2921.3,8.76866468546263e-07
2921.31,8.804774556639554e-07
2921.32,8.722661425245223e-07
2921.33,8.52732676090409e-07
2921.34,8.243056285150672e-07
2921.35,7.914490349509339e-07
2921.36,7.590069620738155e-07
2921.37,7.301048941562459e-07
2921.38,7.068106315492554e-07
2921.39,6.902203495930968e-07
2921.4,6.809796343522481e-07
2921.41,6.792592676000365e-07
2921.42,6.852112407848202e-07
2921.43,6.989757898166775e-07
2921.44,7.208269227301098e-07
2921.45,7.508802271824955e-07
2921.46,7.890320869503609e-07
2921.47,8.346208205721076e-07
2921.48,8.861488923342293e-07
2921.49,9.411526355483392e-07
2921.5,9.964977275542503e-07
2921.51,1.0504011725531298e-06
2921.52,1.1024538311292536e-06
2921.53,1.154513391965075e-06
2921.54,1.2088811773660465e-06
2921.55,1.2662926580794522e-06
2921.56,1.32423714970496e-06
2921.57,1.3777231661989733e-06
2921.58,1.4204907212507795e-06
2921.59,1.448945689760926e-06
2921.6,1.4637668844284193e-06
2921.61,1.4713101792390515e-06
2921.62,1.4797999780984146e-06
2921.63,1.4965459615544715e-06
2921.64,1.5269988384089667e-06
2921.65,1.5719846790456743e-06
2921.66,1.6289846704874885e-06
2921.67,1.6922780590808718e-06
2921.68,1.7548917335783055e-06
2921.69,1.8096529068429529e-06
2921.7,1.8517886669493808e-06
2921.71,1.8797402204426336e-06
2921.72,1.8945740179483204e-06
2921.73,1.8980353274147613e-06
2921.74,1.8903609638700448e-06
2921.75,1.8708927576816288e-06
2921.76,1.839766833306728e-06
2921.77,1.7995990308877096e-06
2921.78,1.756470954018688e-06
2921.79,1.7180112964026987e-06
2921.8,1.6911899702098279e-06
2921.81,1.6798796464544044e-06
2921.82,1.6846944880170762e-06
2921.83,1.7033372356286161e-06
2921.84,1.731727682742431e-06
2921.85,1.765274735609188e-06
2921.86,1.8019861135319566e-06
2921.87,1.8414729582109582e-06
2921.88,1.8832567108790958e-06
2921.89,1.925602836904021e-06
2921.9,1.965229013611729e-06
2921.91,1.9980100200214512e-06
2921.92,2.0207973958785512e-06
2921.93,2.032205809146402e-06
2921.94,2.032165144813988e-06
2921.95,2.021669502783694e-06
2921.96,2.00293220641197e-06
2921.97,1.980540483112169e-06
2921.98,1.961338943556605e-06
2921.99,1.953088728099077e-06
2922.0,1.9627995107383482e-06
2922.01,1.9955064841521818e-06
2922.02,2.0538648136872335e-06
2922.03,2.1363471296315642e-06
2922.04,2.2377647357672624e-06
2922.05,2.348772004476726e-06
2922.06,2.454329766591499e-06
2922.07,2.537114036737053e-06
2922.08,2.581683280257876e-06
2922.09,2.5804502883193956e-06
2922.1,2.5360974706382797e-06
2922.11,2.459798775159337e-06
2922.12,2.3664133465358816e-06
2922.13,2.268218693321555e-06
2922.14,2.1731303587097156e-06
2922.15,2.08591440475587e-06
2922.16,2.010269337029037e-06
2922.17,1.9504270436613476e-06
2922.18,1.9111045776309677e-06
2922.19,1.8966573694568684e-06
2922.2,1.910317123306194e-06
2922.21,1.9535781618854994e-06
2922.22,2.0264660231195275e-06
2922.23,2.125909487616227e-06
2922.24,2.245581545833744e-06
2922.25,2.375085847660873e-06
2922.26,2.500846569417607e-06
2922.27,2.607923889179854e-06
2922.28,2.6850397585228863e-06
2922.29,2.7267425274026984e-06
2922.3,2.7332701941193734e-06
2922.31,2.7079276424355643e-06
2922.32,2.6548616775372353e-06
2922.33,2.5791404494201894e-06
2922.34,2.488604389324478e-06
2922.35,2.3927490418513455e-06
2922.36,2.3002055627174683e-06
2922.37,2.2156459605754258e-06
2922.38,2.139599390964209e-06
2922.39,2.0700696377832384e-06
2922.4,2.0048541108721227e-06
2922.41,1.94364201198892e-06
2922.42,1.886917808919284e-06
2922.43,1.835069612149092e-06
2922.44,1.7884315410893142e-06
2922.45,1.7483910361747088e-06
2922.46,1.7172355804853464e-06
2922.47,1.6989149987493198e-06
2922.48,1.6955005658652608e-06
2922.49,1.7053877245748973e-06
2922.5,1.7230151421604913e-06
2922.51,1.738791616418662e-06
2922.52,1.7409444056821016e-06
2922.53,1.71907025742053e-06
2922.54,1.6681307606926643e-06
2922.55,1.5903256542548558e-06
2922.56,1.4938784979230948e-06
2922.57,1.3892819107902286e-06
2922.58,1.2858904600028077e-06
2922.59,1.1901911837083128e-06
2922.6,1.1057112377350635e-06
2922.61,1.0336242707972934e-06
2922.62,9.742841391793885e-07
2922.63,9.270410763592557e-07
2922.64,8.912711280700686e-07
2922.65,8.663663497985037e-07
2922.66,8.517028548805184e-07
2922.67,8.465501665541935e-07
2922.68,8.49403195244797e-07
2922.69,8.597256502690141e-07
2922.7,8.749654579516299e-07
2922.71,8.931929112922908e-07
2922.72,9.128823102958494e-07
2922.73,9.336815206602032e-07
2922.74,9.565458695550926e-07
2922.75,9.815615508658713e-07
2922.76,1.0081854269985458e-06
2922.77,1.0337985023356788e-06
2922.78,1.054378467158554e-06
2922.79,1.066365845884759e-06
2922.8,1.0677877316815187e-06
2922.81,1.0597958540077751e-06
2922.82,1.045596110429089e-06
2922.83,1.0292850254177264e-06
2922.84,1.0147990787818896e-06
2922.85,1.0054860966741719e-06
2922.86,1.0038075785878252e-06
2922.87,1.0124616963205556e-06
2922.88,1.0333413346745088e-06
2922.89,1.0681118957617982e-06
2922.9,1.1177795347464234e-06
2922.91,1.1833125911369498e-06
2922.92,1.263340376813621e-06
2922.93,1.355445910208346e-06
2922.94,1.4561511856961558e-06
2922.95,1.5587115770883817e-06
2922.96,1.655706623822131e-06
2922.97,1.7406739829726073e-06
2922.98,1.8100515654442313e-06
2922.99,1.8638241973712654e-06
2923.0,1.903850296565097e-06
2923.01,1.9308393874602197e-06
2923.02,1.941179453736689e-06
2923.03,1.9286589075512926e-06
2923.04,1.8875824258204416e-06
2923.05,1.8178562314590422e-06
2923.06,1.7263061068395166e-06
2923.07,1.6243421826453489e-06
2923.08,1.5243770155123604e-06
2923.09,1.4359018231915949e-06
2923.1,1.3647181941255048e-06
2923.11,1.3137938681121982e-06
2923.12,1.284046699803717e-06
2923.13,1.2742969706137552e-06
2923.14,1.2820989769381263e-06
2923.15,1.3025492555800461e-06
2923.16,1.328345139378478e-06
2923.17,1.350682684127321e-06
2923.18,1.3590263538638944e-06
2923.19,1.3465274582103562e-06
2923.2,1.310523362375078e-06
2923.21,1.254565602962329e-06
2923.22,1.18625962797087e-06
2923.23,1.114164600444219e-06
2923.24,1.0456352871802317e-06
2923.25,9.845942403402126e-07
2923.26,9.336897593998732e-07
2923.27,8.937752228992916e-07
2923.28,8.649345376270394e-07
2923.29,8.46961770257638e-07
2923.3,8.396288808462005e-07
2923.31,8.428833808163699e-07
2923.32,8.564812322290382e-07
2923.33,8.809030825635253e-07
2923.34,9.16392115930236e-07
2923.35,9.631597577055555e-07
2923.36,1.0201517417633232e-06
2923.37,1.0860236341808143e-06
2923.38,1.1575793992314846e-06
2923.39,1.2298809077420245e-06
2923.4,1.2967682435442438e-06
2923.41,1.352881326213851e-06
2923.42,1.3950005503377225e-06
2923.43,1.4239980462425656e-06
2923.44,1.4447686319536784e-06
2923.45,1.46493836209219e-06
2923.46,1.4913047160448777e-06
2923.47,1.5294221585456172e-06
2923.48,1.5817480318032931e-06
2923.49,1.6474562203101012e-06
2923.5,1.7240794556165225e-06
2923.51,1.8089970489861512e-06
2923.52,1.9018637457018966e-06
2923.53,2.0039687465928554e-06
2923.54,2.1188389713690183e-06
2923.55,2.247494165669048e-06
2923.56,2.3851067417986183e-06
2923.57,2.5185334288863046e-06
2923.58,2.628765902436017e-06
2923.59,2.6945942679735514e-06
2923.6,2.7023021428890092e-06
2923.61,2.6524393371166933e-06
2923.62,2.558779506569637e-06
2923.63,2.4422089716276355e-06
2923.64,2.3234875975413914e-06
2923.65,2.2183121540847387e-06
2923.66,2.1370359771128087e-06
2923.67,2.0849252351862684e-06
2923.68,2.0632347239659e-06
2923.69,2.0700704340932833e-06
2923.7,2.1004709130475324e-06
2923.71,2.1476524149597685e-06
2923.72,2.2026402424238735e-06
2923.73,2.257134942467402e-06
2923.74,2.302882967123823e-06
2923.75,2.3318187232897743e-06
2923.76,2.3396020274781106e-06
2923.77,2.325426418333913e-06
2923.78,2.2945445471876014e-06
2923.79,2.254919579860317e-06
2923.8,2.2133880023698774e-06
2923.81,2.171960074258378e-06
2923.82,2.1297554057995896e-06
2923.83,2.0851787864720865e-06
2923.84,2.0395222546755915e-06
2923.85,1.9981236943529275e-06
2923.86,1.9685363633884605e-06
2923.87,1.958106565313637e-06
2923.88,1.9718606451019684e-06
2923.89,2.011099938632017e-06
2923.9,2.0727230154181897e-06
2923.91,2.1492049640421364e-06
2923.92,2.2286124568031927e-06
2923.93,2.296445440483734e-06
2923.94,2.3389864914505497e-06
2923.95,2.347392808844203e-06
2923.96,2.3206280631675797e-06
2923.97,2.2645612645902697e-06
2923.98,2.1920638681458984e-06
2923.99,2.117231582236444e-06
2924.0,2.052691448832011e-06
2924.01,2.0051537723765814e-06
2924.02,1.976979629611455e-06
2924.03,1.9653730817151033e-06
2924.04,1.9640600276030446e-06
2924.05,1.964758188645373e-06
2924.06,1.9594219808005486e-06
2924.07,1.9421168490149836e-06
2924.08,1.909847380220187e-06
2924.09,1.8641056416293608e-06
2924.1,1.809603280217211e-06
2924.11,1.7555211785279168e-06
2924.12,1.710212614778909e-06
2924.13,1.6813039496403344e-06
2924.14,1.674274621484946e-06
2924.15,1.6924104657697194e-06
2924.16,1.7368618833167418e-06
2924.17,1.8071782857493585e-06
2924.18,1.901177447352305e-06
2924.19,2.014126127896807e-06
2924.2,2.1367528724258053e-06
2924.21,2.256836461825855e-06
2924.22,2.359060035253755e-06
2924.23,2.4292664215263516e-06
2924.24,2.4586949894614265e-06
2924.25,2.4462622470809367e-06
2924.26,2.398735806354823e-06
2924.27,2.3275379750491537e-06
2924.28,2.2449168186652124e-06
2924.29,2.1606811330698124e-06
2924.3,2.0800595830264073e-06
2924.31,2.004012056250523e-06
2924.32,1.931016894953056e-06
2924.33,1.8592846484792948e-06
2924.34,1.7898330425905476e-06
2924.35,1.7237069357521595e-06
2924.36,1.6637071918948005e-06
2924.37,1.612821397874701e-06
2924.38,1.5730517860537803e-06
2924.39,1.5462202584249938e-06
2924.4,1.5330622652278497e-06
2924.41,1.5329785889511005e-06
2924.42,1.5451357782762763e-06
2924.43,1.566670896461169e-06
2924.44,1.5918449564380174e-06
2924.45,1.6120225387995976e-06
2924.46,1.6175556469824102e-06
2924.47,1.6011861356149733e-06
2924.48,1.5611218746314678e-06
2924.49,1.501760878631556e-06
2924.5,1.4316787002449554e-06
2924.51,1.3604093193833857e-06
2924.52,1.2960526581864419e-06
2924.53,1.2438011200023362e-06
2924.54,1.206885693288883e-06
2924.55,1.186775592308385e-06
2924.56,1.1839705121846216e-06
2924.57,1.1983353992213378e-06
2924.58,1.2291806508593957e-06
2924.59,1.2750636207194031e-06
2924.6,1.3333999365086854e-06
2924.61,1.401020648170542e-06
2924.62,1.4740875225073182e-06
2924.63,1.5496486114467912e-06
2924.64,1.6280639987728424e-06
2924.65,1.7119477034767347e-06
2924.66,1.8038474960744124e-06
2924.67,1.9043759232350016e-06
2924.68,2.0096997433831854e-06
2924.69,2.1114352881603157e-06
2924.7,2.197730557118544e-06
2924.71,2.2562102526666264e-06
2924.72,2.2767176492368856e-06
2924.73,2.253142795912357e-06
2924.74,2.1851386179440058e-06
2924.75,2.0782730920850665e-06
2924.76,1.943185342132764e-06
2924.77,1.7933936691345961e-06
2924.78,1.6422049278360284e-06
2924.79,1.5001080505338038e-06
2924.8,1.373829622068432e-06
2924.81,1.266519470059878e-06
2924.82,1.1788669180773709e-06
2924.83,1.1100596951299001e-06
2924.84,1.0583136463885425e-06
2924.85,1.0214096608892872e-06
2924.86,9.960089768009351e-07
2924.87,9.787946333164966e-07
2924.88,9.657624676285027e-07
2924.89,9.540965835633155e-07
2924.9,9.430948088095545e-07
2924.91,9.335195058331203e-07
2924.92,9.282501660213584e-07
2924.93,9.300932868640454e-07
2924.94,9.409753548127864e-07
2924.95,9.615945044822313e-07
2924.96,9.90693776688474e-07
2924.97,1.0257500691005917e-06
2924.98,1.0620423058712915e-06
2924.99,1.0942066290983474e-06
2925.0,1.1175725064979632e-06
2925.01,1.1296440114051816e-06
2925.02,1.130429695997055e-06
2925.03,1.1215886118000074e-06
2925.04,1.1054971461555293e-06
2925.05,1.085174260621863e-06
2925.06,1.0638490574680974e-06
2925.07,1.0455828518853605e-06
2925.08,1.0340987493031776e-06
2925.09,1.0323627307483902e-06
2925.1,1.0422144381527008e-06
2925.11,1.0642744495335309e-06
2925.12,1.0976858199485011e-06
2925.13,1.1400538265213764e-06
2925.14,1.18739576822371e-06
2925.15,1.2349721214040407e-06
2925.16,1.2786861180740372e-06
2925.17,1.3161363594090609e-06
2925.18,1.3477373899932338e-06
2925.19,1.3739026193979727e-06
2925.2,1.3929051145637112e-06
2925.21,1.40227608261437e-06
2925.22,1.3992829516399342e-06
2925.23,1.3837446879053475e-06
2925.24,1.3591980194015965e-06
2925.25,1.332008668346206e-06
2925.26,1.309181894151395e-06
2925.27,1.2968876727802558e-06
2925.28,1.2996262863215044e-06
2925.29,1.3194001521677751e-06
2925.3,1.3571942939722946e-06
2925.31,1.4120066764462213e-06
2925.32,1.4811947729433243e-06
2925.33,1.5608787649075289e-06
2925.34,1.6464549160790453e-06
2925.35,1.7352542616488555e-06
2925.36,1.8269772486355245e-06
2925.37,1.9242137158892415e-06
2925.38,2.030052201615975e-06
2925.39,2.144142590965338e-06
2925.4,2.2627068967541066e-06
2925.41,2.3777471634352858e-06
2925.42,2.480209411143304e-06
2925.43,2.5625135078577077e-06
2925.44,2.62094569693685e-06
2925.45,2.655033810450542e-06
2925.46,2.6656816536119364e-06
2925.47,2.6544795670356163e-06
2925.48,2.6247707672539902e-06
2925.49,2.582356679257696e-06
2925.5,2.5359251370222293e-06
2925.51,2.4931527369705776e-06
2925.52,2.4590706145888647e-06
2925.53,2.4364405280163635e-06
2925.54,2.427148891346451e-06
2925.55,2.4337760420282333e-06
2925.56,2.4585354678684488e-06
2925.57,2.5030485360889087e-06
2925.58,2.5659226940437143e-06
2925.59,2.6420240276359277e-06
2925.6,2.7234805596787145e-06
2925.61,2.8007549906141026e-06
2925.62,2.865332285745848e-06
2925.63,2.911548467058006e-06
2925.64,2.9364090169363268e-06
2925.65,2.9414009668298033e-06
2925.66,2.9289256887819245e-06
2925.67,2.8994066959055464e-06
2925.68,2.852685116845939e-06
2925.69,2.7899316083752844e-06
2925.7,2.715819317240062e-06
2925.71,2.6368745494984903e-06
2925.72,2.558444142537657e-06
2925.73,2.48129525950333e-06
2925.74,2.4013992065742374e-06
2925.75,2.3125965028382495e-06
2925.76,2.212444444431067e-06
2925.77,2.102526224499769e-06
2925.78,1.9895332576299198e-06
2925.79,1.882166501506842e-06
2925.8,1.7885909604733906e-06
2925.81,1.7145315388937438e-06
2925.82,1.6634443790477927e-06
2925.83,1.6369663090706161e-06
2925.84,1.6354805835077145e-06
2925.85,1.658465294122966e-06
2925.86,1.703940808126523e-06
2925.87,1.767773347477422e-06
2925.88,1.8436339961471424e-06
2925.89,1.9220503934308443e-06
2925.9,1.991765729518308e-06
2925.91,2.0426735557128954e-06
2925.92,2.0692654121208616e-06
2925.93,2.072789708878136e-06
2925.94,2.058475453520231e-06
2925.95,2.0327739919572133e-06
2925.96,1.9996863601311344e-06
2925.97,1.9601165282721236e-06
2925.98,1.9128351828297773e-06
2925.99,1.8581346791620452e-06
2926.0,1.7969449739332343e-06
2926.01,1.7337849569085516e-06
2926.02,1.6738934689263908e-06
2926.03,1.6225300335598961e-06
2926.04,1.5841121933923792e-06
2926.05,1.5617284841792421e-06
2926.06,1.5571205955143222e-06
2926.07,1.570372891585745e-06
2926.08,1.5992362808450235e-06
2926.09,1.6384001633989656e-06
2926.1,1.6795707967740978e-06
2926.11,1.7132871849616516e-06
2926.12,1.7326172270919654e-06
2926.13,1.7357345953023863e-06
2926.14,1.7272987635870534e-06
2926.15,1.71491233884107e-06
2926.16,1.704385210764682e-06
2926.17,1.6992707091179918e-06
2926.18,1.700496518124562e-06
2926.19,1.7085813334879928e-06
2926.2,1.7251116803108279e-06
2926.21,1.752681963020961e-06
2926.22,1.7936713989993342e-06
2926.23,1.847994869461461e-06
2926.24,1.9123813356898633e-06
2926.25,1.9794822568160564e-06
2926.26,2.0396253498848228e-06
2926.27,2.08233780002424e-06
2926.28,2.1001375589671724e-06
2926.29,2.0874593243610035e-06
2926.3,2.0438963492312326e-06
2926.31,1.974545408229419e-06
2926.32,1.8884066888086462e-06
2926.33,1.7975444507307159e-06
2926.34,1.713555600233008e-06
2926.35,1.645570569758819e-06
2926.36,1.5995181659213006e-06
2926.37,1.5784446025053737e-06
2926.38,1.5830698532130484e-06
2926.39,1.6119791345934405e-06
2926.4,1.6611616889716072e-06
2926.41,1.7230855675306305e-06
2926.42,1.7864640440968802e-06
2926.43,1.8369622295334385e-06
2926.44,1.8607638454388773e-06
2926.45,1.8495219896995318e-06
2926.46,1.8034026266927742e-06
2926.47,1.7314393596168981e-06
2926.48,1.6469465330935272e-06
2926.49,1.5628604690449003e-06
2926.5,1.488670026360484e-06
2926.51,1.4296998300112963e-06
2926.52,1.3875840388164584e-06
2926.53,1.3619570156485957e-06
2926.54,1.3509097307593947e-06
2926.55,1.3534239914737338e-06
2926.56,1.3694685732922594e-06
2926.57,1.3995773981182942e-06
2926.58,1.444950306056256e-06
2926.59,1.5044053797318382e-06
2926.6,1.5752988483939432e-06
2926.61,1.6504242888944163e-06
2926.62,1.7202356296531086e-06
2926.63,1.772716804524762e-06
2926.64,1.7984748402478162e-06
2926.65,1.7933731976663658e-06
2926.66,1.7607152447632105e-06
2926.67,1.7101690756166805e-06
2926.68,1.654333763230972e-06
2926.69,1.6050371740932791e-06
2926.7,1.5711721397052184e-06
2926.71,1.558020962117208e-06
2926.72,1.5692633883331636e-06
2926.73,1.6057667443681798e-06
2926.74,1.6669746015795693e-06
2926.75,1.7508945784223275e-06
2926.76,1.8531954489001626e-06
2926.77,1.966942382063171e-06
2926.78,2.0827956481290998e-06
2926.79,2.190048166593849e-06
2926.8,2.2779659487201213e-06
2926.81,2.337449632975673e-06
2926.82,2.3638152450851864e-06
2926.83,2.358236690530064e-06
2926.84,2.327818631087316e-06
2926.85,2.2844221998705477e-06
2926.86,2.2386614674779146e-06
2926.87,2.1968160129829923e-06
2926.88,2.1607407114398107e-06
2926.89,2.130399034897026e-06
2926.9,2.1068782558247874e-06
2926.91,2.0939445176937822e-06
2926.92,2.097428528952011e-06
2926.93,2.1234315787820967e-06
2926.94,2.1771629159435497e-06
2926.95,2.261606044470125e-06
2926.96,2.376894286538483e-06
2926.97,2.5197190727940954e-06
2926.98,2.6831056469841288e-06
2926.99,2.857951412975826e-06
2927.0,3.033548906579538e-06
2927.01,3.200375343245128e-06
2927.02,3.348052357596071e-06
2927.03,3.4659766934803143e-06
2927.04,3.5423890754297714e-06
2927.05,3.5683876145939655e-06
2927.06,3.5388475812377397e-06
2927.07,3.4533757604132504e-06
2927.08,3.3167200977120065e-06
2927.09,3.1397179401923985e-06
2927.1,2.9391837956906117e-06
2927.11,2.7344181869334177e-06
2927.12,2.5424460340092855e-06
2927.13,2.3756251625270423e-06
2927.14,2.241360282873147e-06
2927.15,2.142405924056759e-06
2927.16,2.0793207412407855e-06
2927.17,2.0517236303831902e-06
2927.18,2.0590849484198572e-06
2927.19,2.1012580425265082e-06
2927.2,2.177827847580765e-06
2927.21,2.28777163583545e-06
2927.22,2.4285070845768625e-06
2927.23,2.5957658611321807e-06
2927.24,2.7818587218466527e-06
2927.25,2.976736247820375e-06
2927.26,3.165208476721006e-06
2927.27,3.328510864683542e-06
2927.28,3.447036458206843e-06
2927.29,3.503948295608745e-06
2927.3,3.4921630531113598e-06
2927.31,3.4151902310012678e-06
2927.32,3.285630224390739e-06
2927.33,3.120999954376588e-06
2927.34,2.939652695393475e-06
2927.35,2.757672441677093e-06
2927.36,2.586598030663704e-06
2927.37,2.43246203071017e-06
2927.38,2.29703159593083e-06
2927.39,2.1790639627270668e-06
2927.4,2.0804947575612086e-06
2927.41,2.0028864510968146e-06
2927.42,1.947990057252336e-06
2927.43,1.91716721187138e-06
2927.44,1.909127641947241e-06
2927.45,1.9211827196392765e-06
2927.46,1.9488762979789257e-06
2927.47,1.988492512154641e-06
2927.48,2.038148898868187e-06
2927.49,2.0982613897443322e-06
2927.5,2.1701107316736375e-06
2927.51,2.255601323341065e-06
2927.52,2.355467450792462e-06
2927.53,2.4663186432546134e-06
2927.54,2.5799823831667423e-06
2927.55,2.6821916774486332e-06
2927.56,2.7552101594569163e-06
2927.57,2.782035865127109e-06
2927.58,2.7515385240085337e-06
2927.59,2.6619395994056014e-06
2927.6,2.521025172260257e-06
2927.61,2.3434240467341773e-06
2927.62,2.146181739232208e-06
2927.63,1.9462536073326657e-06
2927.64,1.7560811299574588e-06
2927.65,1.5833958220087243e-06
2927.66,1.4317114946173678e-06
2927.67,1.3014592166536443e-06
2927.68,1.1912655493440504e-06
2927.69,1.0993228485505935e-06
2927.7,1.0234123380888803e-06
2927.71,9.61657958718044e-07
2927.72,9.124673034183139e-07
2927.73,8.745936619481203e-07
2927.74,8.470534158713792e-07
2927.75,8.292346499087815e-07
2927.76,8.2076170229488e-07
2927.77,8.216739718161004e-07
2927.78,8.321608130505292e-07
2927.79,8.521403030081906e-07
2927.8,8.818201811975574e-07
2927.81,9.210452704791183e-07
2927.82,9.688338019250945e-07
2927.83,1.02301857022648e-06
2927.84,1.0802436928411217e-06
2927.85,1.136476402441086e-06
2927.86,1.1882888193211713e-06
2927.87,1.234063323814493e-06
2927.88,1.2739059270603392e-06
2927.89,1.3074797003830955e-06
2927.9,1.3334691782219436e-06
2927.91,1.348103053010982e-06
2927.92,1.3473162913342681e-06
2927.93,1.3285245196379418e-06
2927.94,1.2927232782369002e-06
2927.95,1.2418379680641841e-06
2927.96,1.1796342440731714e-06
2927.97,1.1110151434533727e-06
2927.98,1.0414722607287696e-06
2927.99,9.760227446017883e-07
2928.0,9.184124505583495e-07
2928.01,8.707838042538926e-07
2928.02,8.335521114884627e-07
2928.03,8.062699353259066e-07
2928.04,7.890341262703035e-07
2928.05,7.80745577299354e-07
2928.06,7.80969513977752e-07
2928.07,7.895559527600139e-07
2928.08,8.068981434178747e-07
2928.09,8.331344830448446e-07
2928.1,8.688364398995714e-07
2928.11,9.143434122915321e-07
2928.12,9.691507036789456e-07
2928.13,1.0325905114752211e-06
2928.14,1.10204792371918e-06
2928.15,1.1736602922721638e-06
2928.16,1.2418939215761114e-06
2928.17,1.3013776628083233e-06
2928.18,1.3483695973177911e-06
2928.19,1.3816369289102042e-06
2928.2,1.4033994373636522e-06
2928.21,1.4179603673574995e-06
2928.22,1.4309430084061386e-06
2928.23,1.4475473891908481e-06
2928.24,1.4736179858410792e-06
2928.25,1.5135885053456287e-06
2928.26,1.5704776660771752e-06
2928.27,1.645045514822122e-06
2928.28,1.7351049427582678e-06
2928.29,1.835200308127892e-06
2928.3,1.9367672665230423e-06
2928.31,2.0286176194787015e-06
2928.32,2.1002612911287557e-06
2928.33,2.1451282313203665e-06
2928.34,2.1622223465447965e-06
2928.35,2.1562112910966157e-06
2928.36,2.1325296949474697e-06
2928.37,2.093890855335911e-06
2928.38,2.0410795280931627e-06
2928.39,1.9728441163594993e-06
2928.4,1.8886900126311037e-06
2928.41,1.7905272885858554e-06
2928.42,1.6833305071929565e-06
2928.43,1.5739586421438635e-06
2928.44,1.4698972925606194e-06
2928.45,1.3775306105101836e-06
2928.46,1.3003395893475635e-06
2928.47,1.2407222233028125e-06
2928.48,1.1994048637723296e-06
2928.49,1.1760903426677107e-06
2928.5,1.1695633129431675e-06
2928.51,1.1774131998314345e-06
2928.52,1.196017072589256e-06
2928.53,1.2197811308736365e-06
2928.54,1.2421880564091483e-06
2928.55,1.2560605066858428e-06
2928.56,1.25640298271974e-06
2928.57,1.2422306920441216e-06
2928.58,1.2170422597707384e-06
2928.59,1.1870429156104695e-06
2928.6,1.159177118268759e-06
2928.61,1.1397563255870499e-06
2928.62,1.1324763961836546e-06
2928.63,1.1407053939847272e-06
2928.64,1.166314674891386e-06
2928.65,1.209847443220208e-06
2928.66,1.2710446409032462e-06
2928.67,1.3488244987610763e-06
2928.68,1.438670885639707e-06
2928.69,1.533889586764475e-06
2928.7,1.6244555943073662e-06
2928.71,1.699027656241517e-06
2928.72,1.7481620643798948e-06
2928.73,1.7675568864080864e-06
2928.74,1.758937100620164e-06
2928.75,1.7290395772920925e-06
2928.76,1.68616339185918e-06
2928.77,1.6394602737715824e-06
2928.78,1.597574485806931e-06
2928.79,1.5680680545176204e-06
2928.8,1.5562819877219935e-06
2928.81,1.564635523881929e-06
2928.82,1.5924038313060555e-06
2928.83,1.635731872633642e-06
2928.84,1.6889465574347732e-06
2928.85,1.744882171570883e-06
2928.86,1.7972746476882521e-06
2928.87,1.8420574601046695e-06
2928.88,1.8781755149096121e-06
2928.89,1.905508064148079e-06
2928.9,1.925158641384782e-06
2928.91,1.9354779572287395e-06
2928.92,1.9319956760158013e-06
2928.93,1.909297404403039e-06
2928.94,1.8648465744090687e-06
2928.95,1.8016453520403705e-06
2928.96,1.7286629840008261e-06
2928.97,1.6565758363277399e-06
2928.98,1.595048203673381e-06
2928.99,1.5505301066204887e-06
2929.0,1.5250345808523225e-06
2929.01,1.5170740005642292e-06
2929.02,1.5215075166929086e-06
2929.03,1.5302889261833638e-06
2929.04,1.5357957034227153e-06
2929.05,1.530754677028181e-06
2929.06,1.5129100916684755e-06
2929.07,1.4839541379783737e-06
2929.08,1.4483123563989348e-06
2929.09,1.4114799564333085e-06
2929.1,1.3792269508960967e-06
2929.11,1.3570250267883988e-06
2929.12,1.3495990631203465e-06
2929.13,1.3605121088714258e-06
2929.14,1.3918940463525933e-06
2929.15,1.444385921592338e-06
2929.16,1.5159930627650059e-06
2929.17,1.6024413990953569e-06
2929.18,1.6960212364032833e-06
2929.19,1.7856732881046496e-06
2929.2,1.8589188139445869e-06
2929.21,1.9036720598610135e-06
2929.22,1.9113901632698245e-06
2929.23,1.879083565287941e-06
2929.24,1.8103175778001054e-06
2929.25,1.71494181922024e-06
2929.26,1.6053960127726032e-06
2929.27,1.494285195060418e-06
2929.28,1.39104659813873e-06
2929.29,1.3004791742771908e-06
2929.3,1.2245316715786015e-06
2929.31,1.1632359145529471e-06
2929.32,1.1160421532326523e-06
2929.33,1.0826292965653818e-06
2929.34,1.0631144680612708e-06
2929.35,1.057515213762237e-06
2929.36,1.066875865306557e-06
2929.37,1.0909672859781342e-06
2929.38,1.1293275671937254e-06
2929.39,1.1804554048707579e-06
2929.4,1.2414330130508953e-06
2929.41,1.3076274580167503e-06
2929.42,1.3730078529756317e-06
2929.43,1.4309391733099275e-06
2929.44,1.4763750026798967e-06
2929.45,1.5055330269461642e-06
2929.46,1.515689903875526e-06
2929.47,1.5073063252605206e-06
2929.48,1.483379068600167e-06
2929.49,1.4497430703806247e-06
2929.5,1.4142198200235664e-06
2929.51,1.384589800236918e-06
2929.52,1.3670254125194737e-06
2929.53,1.3661792402274493e-06
2929.54,1.3847018714606302e-06
2929.55,1.4232903596370165e-06
2929.56,1.4806828839898162e-06
2929.57,1.5533879751748843e-06
2929.58,1.6333963325563934e-06
2929.59,1.7103447759495293e-06
2929.6,1.7704327668099535e-06
2929.61,1.8015827982930631e-06
2929.62,1.7969824556257243e-06
2929.63,1.7569543587104272e-06
2929.64,1.6907694654871058e-06
2929.65,1.6106463247230724e-06
2929.66,1.5295444291462452e-06
2929.67,1.4576083009900982e-06
2929.68,1.401499703968093e-06
2929.69,1.3649021138646948e-06
2929.7,1.3489740209971229e-06
2929.71,1.353128722040991e-06
2929.72,1.374901160848632e-06
2929.73,1.4097635718912745e-06
2929.74,1.4511552584590314e-06
2929.75,1.4913695300754065e-06
2929.76,1.523586764526315e-06
2929.77,1.5443242100244796e-06
2929.78,1.5547559471192045e-06
2929.79,1.5597758694773214e-06
2929.8,1.5652185244603816e-06
2929.81,1.5747269682725239e-06
2929.82,1.588006418376969e-06
2929.83,1.600514073391777e-06
2929.84,1.6064165743971574e-06
2929.85,1.6010464207407416e-06
2929.86,1.5838016481648712e-06
2929.87,1.5593611549672633e-06
2929.88,1.5354014659652521e-06
2929.89,1.5204922556704656e-06
2929.9,1.5208150304792498e-06
2929.91,1.5393245209617818e-06
2929.92,1.5756140299346517e-06
2929.93,1.6233063956608824e-06
2929.94,1.673538274867578e-06
2929.95,1.7140507206641759e-06
2929.96,1.7329361701159542e-06
2929.97,1.7230700638569593e-06
2929.98,1.6853511238615067e-06
2929.99,1.6285471169607435e-06
2930.0,1.56464297249475e-06
2930.01,1.5040547926419132e-06
2930.02,1.4533546828105073e-06
2930.03,1.413160473664595e-06
2930.04,1.380977280644626e-06
2930.05,1.3525051220246939e-06
2930.06,1.325932802066383e-06
2930.07,1.3023158009300184e-06
2930.08,1.2849654608069251e-06
2930.09,1.2781632068758863e-06
2930.1,1.2842966723845563e-06
2930.11,1.3033431169524123e-06
2930.12,1.3322276187956432e-06
2930.13,1.3649283962381354e-06
2930.14,1.3932407058786582e-06
2930.15,1.4095484284885677e-06
2930.16,1.4083008918505849e-06
2930.17,1.3884110991264678e-06
2930.18,1.3530308707453928e-06
2930.19,1.3077904833499975e-06
2930.2,1.2587884508108144e-06
2930.21,1.212035033826784e-06
2930.22,1.1729454484625464e-06
2930.23,1.145713685279228e-06
2930.24,1.1332396670818242e-06
2930.25,1.137256327086968e-06
2930.26,1.157749373877223e-06
2930.27,1.1941241212967356e-06
2930.28,1.2445532486466564e-06
2930.29,1.3066067935156056e-06
2930.3,1.3757612982063383e-06
2930.31,1.4467737587737006e-06
2930.32,1.5120985214896061e-06
2930.33,1.5627290614043055e-06
2930.34,1.590916841886907e-06
2930.35,1.5930423374599948e-06
2930.36,1.571822617381108e-06
2930.37,1.5339076121796541e-06
2930.38,1.4874966115725204e-06
2930.39,1.4402278407858155e-06
2930.4,1.3987424486129659e-06
2930.41,1.368743137241678e-06
2930.42,1.3549641969265826e-06
2930.43,1.3599092538613386e-06
2930.44,1.3847437078956566e-06
2930.45,1.4285599864170797e-06
2930.46,1.4867303486695404e-06
2930.47,1.5532780420908227e-06
2930.48,1.6202145165583843e-06
2930.49,1.6795423014376731e-06
2930.5,1.7267232669571564e-06
2930.51,1.7594719533563163e-06
2930.52,1.7767768231766974e-06
2930.53,1.776496336561773e-06
2930.54,1.754563523114166e-06
2930.55,1.706695567981574e-06
2930.56,1.6326618471443923e-06
2930.57,1.5373855566685028e-06
2930.58,1.4293706460294328e-06
2930.59,1.3178806024305596e-06
2930.6,1.2106361992142187e-06
2930.61,1.1131010005869426e-06
2930.62,1.0280656317765216e-06
2930.63,9.564156555724405e-07
2930.64,8.979178978406354e-07
2930.65,8.513928832605772e-07
2930.66,8.165861011329688e-07
2930.67,7.918757503741102e-07
2930.68,7.769856725689259e-07
2930.69,7.711640754413989e-07
2930.7,7.741050253635679e-07
2930.71,7.862416512888888e-07
2930.72,8.071241803865657e-07
2930.73,8.376827618149634e-07
2930.74,8.788010427940815e-07
2930.75,9.313608228324215e-07
2930.76,9.97307542286387e-07
2930.77,1.0779327902572645e-06
2930.78,1.174734514103301e-06
2930.79,1.2886453697849662e-06
2930.8,1.4199387767016105e-06
2930.81,1.5660862642378092e-06
2930.82,1.7235903244852425e-06
2930.83,1.8840380016252841e-06
2930.84,2.037113626235733e-06
2930.85,2.172448121278943e-06
2930.86,2.2825266826008777e-06
2930.87,2.3637052372292996e-06
2930.88,2.4148190554359085e-06
2930.89,2.4336366036574295e-06
2930.9,2.4185070845316505e-06
2930.91,2.3679571075302307e-06
2930.92,2.284883995837885e-06
2930.93,2.177090593265943e-06
2930.94,2.053565042037797e-06
2930.95,1.9222138081768496e-06
2930.96,1.789033627999894e-06
2930.97,1.6583688863193065e-06
2930.98,1.5342676679611922e-06
2930.99,1.420966512256475e-06
2931.0,1.3222777103367232e-06
2931.01,1.240444763900715e-06
2931.02,1.1764317750904363e-06
2931.03,1.1301078454518681e-06
2931.04,1.1006779684947602e-06
2931.05,1.0869223633068807e-06
2931.06,1.0877102296115723e-06
2931.07,1.1017429252659096e-06
2931.08,1.127742154134261e-06
2931.09,1.1640385966483934e-06
2931.1,1.2072082586179854e-06
2931.11,1.2520529912746535e-06
2931.12,1.2911621576577072e-06
2931.13,1.3164376736633413e-06
2931.14,1.321495588107671e-06
2931.15,1.304016628402847e-06
2931.16,1.2674233143917962e-06
2931.17,1.2185637036161273e-06
2931.18,1.1655327499417139e-06
2931.19,1.1148977402422639e-06
2931.2,1.0719149669954828e-06
2931.21,1.038875819516927e-06
2931.22,1.0157493989855698e-06
2931.23,1.0019699352436073e-06
2931.24,9.952890863468704e-07
2931.25,9.940520584726415e-07
2931.26,9.976504178322734e-07
2931.27,1.0066624031604066e-06
2931.28,1.0222548881089752e-06
2931.29,1.0449771605278624e-06
2931.3,1.0745466914373726e-06
2931.31,1.1094183714552082e-06
2931.32,1.1469091285981974e-06
2931.33,1.183505658483396e-06
2931.34,1.2156029149107792e-06
2931.35,1.2414543528466904e-06
2931.36,1.2624615994693144e-06
2931.37,1.2830822527328652e-06
2931.38,1.308944362367897e-06
2931.39,1.3443114598845308e-06
2931.4,1.3909683306810528e-06
2931.41,1.446584772384158e-06
2931.42,1.5061821595348819e-06
2931.43,1.5627259871997118e-06
2931.44,1.609841477134318e-06
2931.45,1.6433432926318429e-06
2931.46,1.6622230164566342e-06
2931.47,1.6658755611884714e-06
2931.48,1.6535910884619904e-06
2931.49,1.6248547713640105e-06
2931.5,1.5812346037023405e-06
2931.51,1.5273091780351093e-06
2931.52,1.4694252359609144e-06
2931.53,1.4127174045472187e-06
2931.54,1.3590634604607853e-06
2931.55,1.3072371391159314e-06
2931.56,1.2539084308037916e-06
2931.57,1.197526505649261e-06
2931.58,1.1393454504993752e-06
2931.59,1.0833536345016388e-06
2931.6,1.0326377593536497e-06
2931.61,9.908485342665668e-07
2931.62,9.594400090227319e-07
2931.63,9.38157421795024e-07
2931.64,9.254471811238323e-07
2931.65,9.190995449519647e-07
2931.66,9.17247243588773e-07
2931.67,9.194409351526355e-07
2931.68,9.268301261350545e-07
2931.69,9.419166359385992e-07
2931.7,9.667213719324021e-07
2931.71,1.0032807147790754e-06
2931.72,1.0524870879549406e-06
2931.73,1.1136942584508144e-06
2931.74,1.1848591837405551e-06
2931.75,1.2607669897294627e-06
2931.76,1.3346426852855395e-06
2931.77,1.3978804483459537e-06
2931.78,1.4423788563083836e-06
2931.79,1.4631823924133003e-06
2931.8,1.4612944941368742e-06
2931.81,1.4432375306442397e-06
2931.82,1.4184328623619965e-06
2931.83,1.3962352113738067e-06
2931.84,1.3835819043219902e-06
2931.85,1.3838604410101885e-06
2931.86,1.3973268058501717e-06
2931.87,1.4225930444527814e-06
2931.88,1.4578489380173791e-06
2931.89,1.5016576390219408e-06
2931.9,1.5522887969993267e-06
2931.91,1.6063422509748618e-06
2931.92,1.6574403851148162e-06
2931.93,1.6977806479768207e-06
2931.94,1.7204106635507964e-06
2931.95,1.7232706127139029e-06
2931.96,1.710257267148989e-06
2931.97,1.688288820991277e-06
2931.98,1.664521794221961e-06
2931.99,1.6444115244413746e-06
2932.0,1.63193177561904e-06
2932.01,1.630454415460771e-06
2932.02,1.6418269125408228e-06
2932.03,1.6674901741751756e-06
2932.04,1.7078830201186467e-06
2932.05,1.761742448289389e-06
2932.06,1.8255695557859883e-06
2932.07,1.8942125004844705e-06
2932.08,1.9629104708732575e-06
2932.09,2.0294660406416053e-06
2932.1,2.0931791264746853e-06
2932.11,2.1537584327765204e-06
2932.12,2.2095868427785545e-06
2932.13,2.2585124593051687e-06
2932.14,2.3000866601671506e-06
2932.15,2.3362626328441343e-06
2932.16,2.3690621859592714e-06
2932.17,2.396934956582417e-06
2932.18,2.4130314210419895e-06
2932.19,2.4071759597006133e-06
2932.2,2.370520437105115e-06
2932.21,2.3006966453005966e-06
2932.22,2.202729612499498e-06
2932.23,2.0874552032688654e-06
2932.24,1.9673349216315445e-06
2932.25,1.853192525394809e-06
2932.26,1.7513254386704389e-06
2932.27,1.6638130763553353e-06
2932.28,1.5909924104679746e-06
2932.29,1.5314836208953479e-06
2932.3,1.4851850009930652e-06
2932.31,1.4534727387363657e-06
2932.32,1.4388244081143023e-06
2932.33,1.4437533416491253e-06
2932.34,1.4703908051057226e-06
2932.35,1.520130424068928e-06
2932.36,1.5936405791278268e-06
2932.37,1.6899256038592191e-06
2932.38,1.806669013163621e-06
2932.39,1.938174195342606e-06
2932.4,2.0746237480908995e-06
2932.41,2.201204210098672e-06
2932.42,2.2994718105054904e-06
2932.43,2.3506359122123065e-06
2932.44,2.3436863706123163e-06
2932.45,2.2780008759561583e-06
2932.46,2.1653299397054236e-06
2932.47,2.023716230539068e-06
2932.48,1.8713962339257045e-06
2932.49,1.721522366762816e-06
2932.5,1.582874686887142e-06
2932.51,1.4605015902989343e-06
2932.52,1.3562786640185006e-06
2932.53,1.2710020461219092e-06
2932.54,1.2048937867401186e-06
2932.55,1.157670443510381e-06
2932.56,1.128578701779744e-06
2932.57,1.1172788489029695e-06
2932.58,1.122847891765296e-06
2932.59,1.1438887720328396e-06
2932.6,1.1780488632598364e-06
2932.61,1.2217502424347462e-06
2932.62,1.2697090094450513e-06
2932.63,1.3161798751133296e-06
2932.64,1.3565490650438442e-06
2932.65,1.3891944056059942e-06
2932.66,1.4156434872461473e-06
2932.67,1.4386870443173139e-06
2932.68,1.4597076202363636e-06
2932.69,1.4773687312932202e-06
2932.7,1.48771284430811e-06
2932.71,1.485386041934159e-06
2932.72,1.4652354074757398e-06
2932.73,1.4241922541497604e-06
2932.74,1.3629618808705867e-06
2932.75,1.2863586251810622e-06
2932.76,1.2015338668920842e-06
2932.77,1.1165087167895072e-06
2932.78,1.0369565634787295e-06
2932.79,9.668141080840557e-07
2932.8,9.073289376050719e-07
2932.81,8.593935140739996e-07
2932.82,8.225551996661319e-07
2932.83,7.965202298822623e-07
2932.84,7.805045576342694e-07
2932.85,7.74937423592433e-07
2932.86,7.794168366901959e-07
2932.87,7.941571119136268e-07
2932.88,8.196313560802278e-07
2932.89,8.564826415499306e-07
2932.9,9.054498575141786e-07
2932.91,9.670383490260548e-07
2932.92,1.0411529088889737e-06
2932.93,1.1265625890330496e-06
2932.94,1.2199293955703255e-06
2932.95,1.315650719477695e-06
2932.96,1.4051119105125112e-06
2932.97,1.4789646505073192e-06
2932.98,1.5294450722297502e-06
2932.99,1.5555248977653514e-06
2933.0,1.5630502847863407e-06
2933.01,1.5623631059083503e-06
2933.02,1.563827542924372e-06
2933.03,1.5736068052339042e-06
2933.04,1.591788184984641e-06
2933.05,1.6124005043137335e-06
2933.06,1.6252526725971015e-06
2933.07,1.6193237441655677e-06
2933.08,1.5873013953420227e-06
2933.09,1.5284905229643853e-06
2933.1,1.4496873180400007e-06
2933.11,1.360620131265977e-06
2933.12,1.2718983066529394e-06
2933.13,1.1907682414667359e-06
2933.14,1.1211345945199472e-06
2933.15,1.0640750306385203e-06
2933.16,1.018639928618284e-06
2933.17,9.8303159237063e-07
2933.18,9.550831247122647e-07
2933.19,9.335211041977678e-07
2933.2,9.180707998433309e-07
2933.21,9.098309694693266e-07
2933.22,9.097947991427825e-07
2933.23,9.195647275926397e-07
2933.24,9.403811769090974e-07
2933.25,9.717955386564453e-07
2933.26,1.0136933958280505e-06
2933.27,1.0648155548045685e-06
2933.28,1.1232525534270307e-06
2933.29,1.185641895839312e-06
2933.3,1.2476929667594235e-06
2933.31,1.303812190603865e-06
2933.32,1.3484640035024575e-06
2933.33,1.378017442558454e-06
2933.34,1.3935354698982614e-06
2933.35,1.4003029098837072e-06
2933.36,1.405720669783112e-06
2933.37,1.417559008986813e-06
2933.38,1.4417968232757598e-06
2933.39,1.4820913652372576e-06
2933.4,1.5400082206304617e-06
2933.41,1.61733207888566e-06
2933.42,1.7153411563519175e-06
2933.43,1.8351039372212624e-06
2933.44,1.9774046352966194e-06
2933.45,2.139691910089659e-06
2933.46,2.3142117520375935e-06
2933.47,2.486368040935968e-06
2933.48,2.6359080154065805e-06
2933.49,2.739967437110965e-06
2933.5,2.780505689015346e-06
2933.51,2.751166037605841e-06
2933.52,2.660003772614906e-06
2933.53,2.5267049236816134e-06
2933.54,2.3743512873550733e-06
2933.55,2.2233708134824455e-06
2933.56,2.0876050896706848e-06
2933.57,1.9754802697000874e-06
2933.58,1.8903091075876577e-06
2933.59,1.833418073792759e-06
2933.6,1.8052904703445294e-06
2933.61,1.8058388524872344e-06
2933.62,1.833934566743593e-06
2933.63,1.8864448393836701e-06
2933.64,1.957365450034345e-06
2933.65,2.037609186814655e-06
2933.66,2.116154876238975e-06
2933.67,2.18232080624522e-06
2933.68,2.229340317640041e-06
2933.69,2.2552803855006826e-06
2933.7,2.260698642310566e-06
2933.71,2.2461705134286163e-06
2933.72,2.2115223171286083e-06
2933.73,2.155489070534199e-06
2933.74,2.0786790096535915e-06
2933.75,1.984736319787592e-06
2933.76,1.8802595029740094e-06
2933.77,1.7735804039306885e-06
2933.78,1.6730553667459853e-06
2933.79,1.5852637889360909e-06
2933.8,1.5145632259094353e-06
2933.81,1.4633364583123306e-06
2933.82,1.4313956896639435e-06
2933.83,1.4180221706279311e-06
2933.84,1.4218205710323144e-06
2933.85,1.4416531591618402e-06
2933.86,1.4759923959309406e-06
2933.87,1.522356991862485e-06
2933.88,1.5788898736797607e-06
2933.89,1.6431654789005901e-06
2933.9,1.714145446644277e-06
2933.91,1.791241725135866e-06
2933.92,1.8728201810032682e-06
2933.93,1.9551910093282988e-06
2933.94,2.033242974829946e-06
2933.95,2.101809800818237e-06
2933.96,2.156435890577457e-06
2933.97,2.193197408129994e-06
2933.98,2.208760353718579e-06
2933.99,2.201093100347919e-06
2934.0,2.1696486590514157e-06
2934.01,2.114669375830624e-06
2934.02,2.0366420520047262e-06
2934.03,1.937477300918279e-06
2934.04,1.821787772558197e-06
2934.05,1.6964489505421185e-06
2934.06,1.5691639523772194e-06
2934.07,1.4448083612782752e-06
2934.08,1.326994822124148e-06
2934.09,1.2183624084323162e-06
2934.1,1.1197084610122662e-06
2934.11,1.0316562808317228e-06
2934.12,9.542411675944158e-07
2934.13,8.870110302476143e-07
2934.14,8.292944488766988e-07
2934.15,7.804303298677061e-07
2934.16,7.398426671952288e-07
2934.17,7.070137394461832e-07
2934.18,6.814880863578912e-07
2934.19,6.628032291809883e-07
2934.2,6.506496465763253e-07
2934.21,6.44818664152961e-07
2934.22,6.452601131774067e-07
2934.23,6.520894332448607e-07
2934.24,6.659161398683134e-07
2934.25,6.866746787776315e-07
2934.26,7.15309439442661e-07
2934.27,7.529800821922547e-07
2934.28,8.004322360707517e-07
2934.29,8.58950353892393e-07
2934.3,9.295620846730252e-07
2934.31,1.0127547411590132e-06
2934.32,1.1079561277389916e-06
2934.33,1.212698945294041e-06
2934.34,1.3217418836822607e-06
2934.35,1.4269686782358918e-06
2934.36,1.5183171979642678e-06
2934.37,1.5862693222930023e-06
2934.38,1.6245352585136696e-06
2934.39,1.6314566617467065e-06
2934.4,1.6090378367409666e-06
2934.41,1.561209963619486e-06
2934.42,1.4930399705035457e-06
2934.43,1.4105229779791058e-06
2934.44,1.3207126610070793e-06
2934.45,1.2316995790129226e-06
2934.46,1.1500457009710057e-06
2934.47,1.0800003626385532e-06
2934.48,1.0234701292589737e-06
2934.49,9.796860414145102e-07
2934.5,9.469651113317818e-07
2934.51,9.2151761812322e-07
2934.52,8.999464208659876e-07
2934.53,8.790100437954828e-07
2934.54,8.569027088712912e-07
2934.55,8.33721074589137e-07
2934.56,8.113206165153747e-07
2934.57,7.921869312298231e-07
2934.58,7.775318800092725e-07
2934.59,7.680667639701874e-07
2934.6,7.63233173449745e-07
2934.61,7.622157107120056e-07
2934.62,7.649379781054194e-07
2934.63,7.717232729792793e-07
2934.64,7.842029278454468e-07
2934.65,8.038401963860889e-07
2934.66,8.314626937704033e-07
2934.67,8.668881724113054e-07
2934.68,9.088240212677605e-07
2934.69,9.553476297263008e-07
2934.7,1.0044815008254843e-06
2934.71,1.0546598961258452e-06
2934.72,1.1043970852744896e-06
2934.73,1.1513324941726685e-06
2934.74,1.1924510167507528e-06
2934.75,1.2224129591328387e-06
2934.76,1.2359506608459223e-06
2934.77,1.2295659917865597e-06
2934.78,1.2032841267197684e-06
2934.79,1.1611600847859066e-06
2934.8,1.109928704854665e-06
2934.81,1.0570462649332358e-06
2934.82,1.0081235948102276e-06
2934.83,9.67335428116859e-07
2934.84,9.373641998056902e-07
2934.85,9.191677814978552e-07
2934.86,9.130470947544282e-07
2934.87,9.193697636156923e-07
2934.88,9.378500536894556e-07
2934.89,9.691070912063543e-07
2934.9,1.0131028400593645e-06
2934.91,1.0703360657292047e-06
2934.92,1.1407040286810591e-06
2934.93,1.225005921326846e-06
2934.94,1.3241802467408225e-06
2934.95,1.4390750622126153e-06
2934.96,1.5703492784494082e-06
2934.97,1.7173969357898873e-06
2934.98,1.8769500498294182e-06
2934.99,2.043480927187017e-06
2935.0,2.208237170332348e-06
2935.01,2.3601997442865476e-06
2935.02,2.4871558245454095e-06
2935.03,2.5784505671691727e-06
2935.04,2.628126036108969e-06
2935.05,2.6367939336380744e-06
2935.06,2.609714604086162e-06
2935.07,2.5547500129355903e-06
2935.08,2.479423764341289e-06
2935.09,2.391307107453043e-06
2935.1,2.2997722918004084e-06
2935.11,2.2147981859262183e-06
2935.12,2.145452355983681e-06
2935.13,2.098058278006054e-06
2935.14,2.0738067963350532e-06
2935.15,2.0691199935284785e-06
2935.16,2.0770250798941362e-06
2935.17,2.089251829597954e-06
2935.18,2.0994042247923047e-06
2935.19,2.105164341764977e-06
2935.2,2.107789678440502e-06
2935.21,2.109339694778049e-06
2935.22,2.109727592278452e-06
2935.23,2.1062634365795086e-06
2935.24,2.0956540552611957e-06
2935.25,2.076532707595721e-06
2935.26,2.050334822097303e-06
2935.27,2.0207519494304654e-06
2935.28,1.992532702469116e-06
2935.29,1.970289024895959e-06
2935.3,1.957132166934636e-06
2935.31,1.953694262450282e-06
2935.32,1.9582213995377054e-06
2935.33,1.9654766634516467e-06
2935.34,1.9709279741650563e-06
2935.35,1.9706441776458388e-06
2935.36,1.9643022019044006e-06
2935.37,1.9546555482494696e-06
2935.38,1.9464126040118497e-06
2935.39,1.943750457002359e-06
2935.4,1.9479799511980253e-06
2935.41,1.9583259044790296e-06
2935.42,1.9708248746584754e-06
2935.43,1.9809644872906316e-06
2935.44,1.9848045707816817e-06
2935.45,1.97895026816734e-06
2935.46,1.9607106940986346e-06
2935.47,1.9257810710548084e-06
2935.48,1.8708651201951893e-06
2935.49,1.7957540472388098e-06
2935.5,1.704273768697512e-06
2935.51,1.6036814583436475e-06
2935.52,1.502767291533767e-06
2935.53,1.4086634999251692e-06
2935.54,1.3273797538597928e-06
2935.55,1.2625128553829871e-06
2935.56,1.2156354775770625e-06
2935.57,1.1877719563037951e-06
2935.58,1.1787233351791664e-06
2935.59,1.1881648291750628e-06
2935.6,1.2153720121914997e-06
2935.61,1.2590041703588762e-06
2935.62,1.3161449573099354e-06
2935.63,1.3819490591941853e-06
2935.64,1.448483411909106e-06
2935.65,1.506397645549622e-06
2935.66,1.5452962107073905e-06
2935.67,1.5582328052700668e-06
2935.68,1.544380840770958e-06
2935.69,1.5093087556994446e-06
2935.7,1.462597082625047e-06
2935.71,1.4137116971886278e-06
2935.72,1.3703155439408763e-06
2935.73,1.336770557840265e-06
2935.74,1.3153249660721586e-06
2935.75,1.305359772520458e-06
2935.76,1.306409531537647e-06
2935.77,1.3147044730920472e-06
2935.78,1.3265442847868308e-06
2935.79,1.3373787503846543e-06
2935.8,1.3426580593827317e-06
2935.81,1.3381262290756901e-06
2935.82,1.3205342431400574e-06
2935.83,1.2890220650589253e-06
2935.84,1.2456181658723441e-06
2935.85,1.1940518786507505e-06
2935.86,1.138017473611447e-06
2935.87,1.0807422691702797e-06
2935.88,1.0253945837298128e-06
2935.89,9.752086440438886e-07
2935.9,9.332989698722824e-07
2935.91,9.019883756687914e-07
2935.92,8.826001697618495e-07
2935.93,8.75990786651483e-07
2935.94,8.82128862929069e-07
2935.95,9.006661208716221e-07
2935.96,9.307752912993564e-07
2935.97,9.714000195587742e-07
2935.98,1.0197861223606533e-06
2935.99,1.0737749841097457e-06
2936.0,1.130226252609507e-06
2936.01,1.1865935302869604e-06
2936.02,1.2388318900861644e-06
2936.03,1.2823502406347476e-06
2936.04,1.3117733766731126e-06
2936.05,1.3218916197907268e-06
2936.06,1.3092106782616367e-06
2936.07,1.2746204999800046e-06
2936.08,1.2220746686442602e-06
2936.09,1.1583101731086074e-06
2936.1,1.090569998217238e-06
2936.11,1.0251487555571697e-06
2936.12,9.666366739070079e-07
2936.13,9.177591426585003e-07
2936.14,8.793990040430731e-07
2936.15,8.524161786339648e-07
2936.16,8.366859349043162e-07
2936.17,8.319889073702363e-07
2936.18,8.382299559218864e-07
2936.19,8.553997506049471e-07
2936.2,8.835721999161426e-07
2936.21,9.224909053035272e-07
2936.22,9.72583132792949e-07
2936.23,1.0327975208917442e-06
2936.24,1.1020870963843043e-06
2936.25,1.1778724033436766e-06
2936.26,1.2582596182448384e-06
2936.27,1.3408450396495474e-06
2936.28,1.4231298538986191e-06
2936.29,1.5011175604140363e-06
2936.3,1.5691116207886605e-06
2936.31,1.6201011683482072e-06
2936.32,1.6481071116321657e-06
2936.33,1.6509154024823972e-06
2936.34,1.6315264173506521e-06
2936.35,1.597059788189047e-06
2936.36,1.5571104201576775e-06
2936.37,1.5197599777495418e-06
2936.38,1.490999969440629e-06
2936.39,1.4746162062113618e-06
2936.4,1.472796554923052e-06
2936.41,1.48713505365949e-06
2936.42,1.51901678906313e-06
2936.43,1.5699834689529772e-06
2936.44,1.640605728875271e-06
2936.45,1.731438375167647e-06
2936.46,1.8403936322990109e-06
2936.47,1.964353223306974e-06
2936.48,2.0989097294464884e-06
2936.49,2.2392002384498612e-06
2936.5,2.379666531324021e-06
2936.51,2.5134960085195e-06
2936.52,2.632207576362167e-06
2936.53,2.7270834967968695e-06
2936.54,2.7925298491428814e-06
2936.55,2.8291903378162695e-06
2936.56,2.842243454935656e-06
2936.57,2.8385110156962796e-06
2936.58,2.8214232792363993e-06
2936.59,2.7886169706545136e-06
2936.6,2.7360127818644973e-06
2936.61,2.6587899933889087e-06
2936.62,2.5543663974540914e-06
2936.63,2.423468777588906e-06
2936.64,2.271051651293292e-06
2936.65,2.105997592840666e-06
2936.66,1.9391145435590372e-06
2936.67,1.7805214777579643e-06
2936.68,1.6377606619556725e-06
2936.69,1.515277957321129e-06
2936.7,1.4148569186485227e-06
2936.71,1.3364739120841314e-06
2936.72,1.2790990971726174e-06
2936.73,1.2418280209181821e-06
2936.74,1.223247076001578e-06
2936.75,1.2215100649931232e-06
2936.76,1.2341718505251114e-06
2936.77,1.2574966555039082e-06
2936.78,1.2864599638852227e-06
2936.79,1.3146098022190947e-06
2936.8,1.3363559980073807e-06
2936.81,1.3477136616043086e-06
2936.82,1.3499989593658303e-06
2936.83,1.3482279291336538e-06
2936.84,1.3494211042288377e-06
2936.85,1.3602500535642875e-06
2936.86,1.3854324501168438e-06
2936.87,1.4274092239053831e-06
2936.88,1.4851887424669434e-06
2936.89,1.554809608708512e-06
2936.9,1.6295275818509903e-06
2936.91,1.7010820071595115e-06
2936.92,1.76201141580788e-06
2936.93,1.8076907630880318e-06
2936.94,1.8364601218394458e-06
2936.95,1.8482252146561864e-06
2936.96,1.8427301056230175e-06
2936.97,1.8206156315433202e-06
2936.98,1.7838956716561884e-06
2936.99,1.735991429412447e-06
2937.0,1.6813885110954323e-06
2937.01,1.6234522271090462e-06
2937.02,1.5655286676481456e-06
2937.03,1.5105878799633282e-06
2937.04,1.4611456181533453e-06
2937.05,1.4197187599910774e-06
2937.06,1.38698756011838e-06
2937.07,1.3624019787974327e-06
2937.08,1.345142257053126e-06
2937.09,1.3335030656281234e-06
2937.1,1.3270404841388404e-06
2937.11,1.3262570217396262e-06
2937.12,1.3324077546049206e-06
2937.13,1.3460044248879708e-06
2937.14,1.36557004894871e-06
2937.15,1.3872124065531747e-06
2937.16,1.4068738835441533e-06
2937.17,1.420295068414017e-06
2937.18,1.4250267295604332e-06
2937.19,1.4201570697603355e-06
2937.2,1.4061680171577037e-06
2937.21,1.3845273546675218e-06
2937.22,1.3575375321217185e-06
2937.23,1.3279282401102184e-06
2937.24,1.29872530874312e-06
2937.25,1.2723108122039532e-06
2937.26,1.2506997653545865e-06
2937.27,1.2356679993217475e-06
2937.28,1.228853519437813e-06
2937.29,1.2320653264628544e-06
2937.3,1.2459988628090131e-06
2937.31,1.269502513854143e-06
2937.32,1.2988765937799872e-06
2937.33,1.3271976982189443e-06
2937.34,1.3462812238040722e-06
2937.35,1.3488488386133336e-06
2937.36,1.3306631199852109e-06
2937.37,1.292274799293732e-06
2937.38,1.2383243068544224e-06
2937.39,1.1750714999179307e-06
2937.4,1.1086170250711454e-06
2937.41,1.045183893351445e-06
2937.42,9.880448449324602e-07
2937.43,9.392378413117978e-07
2937.44,8.995434678603927e-07
2937.45,8.691162479077289e-07
2937.46,8.480371573040643e-07
2937.47,8.36097148056184e-07
2937.48,8.337471295900786e-07
2937.49,8.409194528834666e-07
2937.5,8.572807701741366e-07
2937.51,8.827569818914766e-07
2937.52,9.172551833162093e-07
2937.53,9.605079927358842e-07
2937.54,1.0121498835162541e-06
2937.55,1.0717198071650617e-06
2937.56,1.1394964114766232e-06
2937.57,1.2143227545613873e-06
2937.58,1.2942869948925617e-06
2937.59,1.3755461997598836e-06
2937.6,1.4517865688517435e-06
2937.61,1.5151628806906268e-06
2937.62,1.5582448946041668e-06
2937.63,1.5768830535561507e-06
2937.64,1.5722133699015868e-06
2937.65,1.5505119109850149e-06
2937.66,1.5210380251126498e-06
2937.67,1.4933013734389026e-06
2937.68,1.4751137197381464e-06
2937.69,1.4718164970956589e-06
2937.7,1.4860484449568034e-06
2937.71,1.5182461485484492e-06
2937.72,1.5666718916423235e-06
2937.73,1.6281870291874543e-06
2937.74,1.698979719047089e-06
2937.75,1.7763214439147594e-06
2937.76,1.8599386256101926e-06
2937.77,1.950846511910027e-06
2937.78,2.0508330002372922e-06
2937.79,2.159108656343471e-06
2937.8,2.272132400698991e-06
2937.81,2.3837947268047635e-06
2937.82,2.4861564625969006e-06
2937.83,2.5708190112852956e-06
2937.84,2.631228766286411e-06
2937.85,2.6633544819176837e-06
2937.86,2.668346564280824e-06
2937.87,2.6510330463818873e-06
2937.88,2.616654774818843e-06
2937.89,2.5690748958554785e-06
2937.9,2.510145647018893e-06
2937.91,2.4417716505635597e-06
2937.92,2.3677980606269757e-06
2937.93,2.294259407689086e-06
2937.94,2.2274945148469157e-06
2937.95,2.1715529856822847e-06
2937.96,2.126560480428101e-06
2937.97,2.0887250927270003e-06
2937.98,2.0522557163911836e-06
2937.99,2.0117706693928308e-06
2938.0,1.9635586010376517e-06
2938.01,1.9050344302234299e-06
2938.02,1.834189940852296e-06
2938.03,1.7503002360421609e-06
2938.04,1.6555600798040255e-06
2938.05,1.5551243787491806e-06
2938.06,1.4566072800357125e-06
2938.07,1.3657712958944844e-06
2938.08,1.2866458006994356e-06
2938.09,1.2205598519380292e-06
2938.1,1.1683026318457434e-06
2938.11,1.1300376452876787e-06
2938.12,1.105897288044792e-06
2938.13,1.0960611370101444e-06
2938.14,1.101037052698326e-06
2938.15,1.121269285376238e-06
2938.16,1.1576767950477048e-06
2938.17,1.2106782880790709e-06
2938.18,1.2813736227610076e-06
2938.19,1.3702548462233748e-06
2938.2,1.4770505943972425e-06
2938.21,1.599579308997592e-06
2938.22,1.7330483646918102e-06
2938.23,1.8692751902134039e-06
2938.24,1.996883672559519e-06
2938.25,2.103316219237743e-06
2938.26,2.177930206661207e-06
2938.27,2.214831245343367e-06
2938.28,2.213675021724523e-06
2938.29,2.1787756249815146e-06
2938.3,2.1170473796208775e-06
2938.31,2.036496526493913e-06
2938.32,1.9466774389467326e-06
2938.33,1.8560733915368358e-06
2938.34,1.7714501867227038e-06
2938.35,1.6982595248330758e-06
2938.36,1.6399909363027837e-06
2938.37,1.5992235911416544e-06
2938.38,1.5761738196723445e-06
2938.39,1.569471890936067e-06
2938.4,1.5750742279218753e-06
2938.41,1.5878176384209494e-06
2938.42,1.6019680512308988e-06
2938.43,1.6132983500316382e-06
2938.44,1.6207262209641433e-06
2938.45,1.6273208103583032e-06
2938.46,1.636886481305318e-06
2938.47,1.6509372982462722e-06
2938.48,1.6661654085651462e-06
2938.49,1.6746555089731672e-06
2938.5,1.6668136252301304e-06
2938.51,1.6357366748614521e-06
2938.52,1.5817561769237918e-06
2938.53,1.5113646606797113e-06
2938.54,1.434273157590257e-06
2938.55,1.3597811631894923e-06
2938.56,1.2950966117928374e-06
2938.57,1.2446609666885734e-06
2938.58,1.2110251000756575e-06
2938.59,1.1951437031230354e-06
2938.6,1.1969170192089528e-06
2938.61,1.2150193187311264e-06
2938.62,1.2460239559374586e-06
2938.63,1.2845925787830783e-06
2938.64,1.3231368286083146e-06
2938.65,1.3526586745881276e-06
2938.66,1.3640206939109039e-06
2938.67,1.3514940687838343e-06
2938.68,1.314481947667417e-06
2938.69,1.2573900731605982e-06
2938.7,1.1874338604417078e-06
2938.71,1.1124973484461768e-06
2938.72,1.0385795176092609e-06
2938.73,9.696893928877732e-07
2938.74,9.079263320406313e-07
2938.75,8.5419502174081e-07
2938.76,8.08735765255822e-07
2938.77,7.714204734269071e-07
2938.78,7.420477525313287e-07
2938.79,7.205489479444104e-07
2938.8,7.060702301864951e-07
2938.81,6.985743034739805e-07
2938.82,6.978419029920065e-07
2938.83,7.039953489023461e-07
2938.84,7.172345697234225e-07
2938.85,7.375370120861019e-07
2938.86,7.648513719596747e-07
2938.87,7.978393380986022e-07
2938.88,8.341638628541189e-07
2938.89,8.711701637732629e-07
2938.9,9.042300406004561e-07
2938.91,9.301208308901401e-07
2938.92,9.471681678094606e-07
2938.93,9.567613632913345e-07
2938.94,9.624307540213768e-07
2938.95,9.683835541293942e-07
2938.96,9.777436062180995e-07
2938.97,9.918135285775963e-07
2938.98,1.0102685336289029e-06
2938.99,1.0321718363498337e-06
2939.0,1.0570813596386449e-06
2939.01,1.0869960279475067e-06
2939.02,1.124699933399137e-06
2939.03,1.1741419696614353e-06
2939.04,1.2385631020224642e-06
2939.05,1.3209701606448173e-06
2939.06,1.4236880343609578e-06
2939.07,1.5477261780712682e-06
2939.08,1.69283031080937e-06
2939.09,1.8566380065211133e-06
2939.1,2.034365371757408e-06
2939.11,2.218433502366699e-06
2939.12,2.398326083182927e-06
2939.13,2.5620797983615676e-06
2939.14,2.6999418817588805e-06
2939.15,2.805904959984978e-06
2939.16,2.879919301019272e-06
2939.17,2.9254312516547513e-06
2939.18,2.944874300141999e-06
2939.19,2.9371265699413458e-06
2939.2,2.8971493965265527e-06
2939.21,2.8209212430932486e-06
2939.22,2.70959015338134e-06
2939.23,2.571445150536906e-06
2939.24,2.4193432223766228e-06
2939.25,2.2671150211837333e-06
2939.26,2.1266407282249927e-06
2939.27,2.006446859491121e-06
2939.28,1.9116823079803607e-06
2939.29,1.844678496243225e-06
2939.3,1.805527545415581e-06
2939.31,1.7922797799680606e-06
2939.32,1.8006913659574328e-06
2939.33,1.8238256868648122e-06
2939.34,1.8522009809861575e-06
2939.35,1.8754206427827855e-06
2939.36,1.8839358037701705e-06
2939.37,1.8730352763812525e-06
2939.38,1.8416632005767793e-06
2939.39,1.795713244246137e-06
2939.4,1.742931424620885e-06
2939.41,1.6925136643406247e-06
2939.42,1.6523217139470806e-06
2939.43,1.6279531668092534e-06
2939.44,1.6225398708051223e-06
2939.45,1.6376236989806056e-06
2939.46,1.6733702156495648e-06
2939.47,1.728980277221991e-06
2939.48,1.8026416900800365e-06
2939.49,1.8911958801504247e-06
2939.5,1.990262528074665e-06
2939.51,2.0947387875523208e-06
2939.52,2.199275820542405e-06
2939.53,2.2982863245168142e-06
2939.54,2.385103572975255e-06
2939.55,2.4528023913776453e-06
2939.56,2.4951971853990234e-06
2939.57,2.5071298615364407e-06
2939.58,2.4869673361041518e-06
2939.59,2.4354758113131763e-06
2939.6,2.355292735575232e-06
2939.61,2.2501526608876743e-06
2939.62,2.1254848030225335e-06
2939.63,1.988674308166865e-06
2939.64,1.8487643236505478e-06
2939.65,1.7145878453315161e-06
2939.66,1.5928243783842634e-06
2939.67,1.4876537794882028e-06
2939.68,1.3998233212310995e-06
2939.69,1.3282598133027608e-06
2939.7,1.2702998870075162e-06
2939.71,1.2232997648947732e-06
2939.72,1.1843215750022644e-06
2939.73,1.1516165520886486e-06
2939.74,1.125349642152707e-06
2939.75,1.1056245050661155e-06
2939.76,1.0940432801553828e-06
2939.77,1.0918846618764373e-06
2939.78,1.0997427522891052e-06
2939.79,1.1168135421441523e-06
2939.8,1.1404442251819108e-06
2939.81,1.1656266656841552e-06
2939.82,1.1869307115101168e-06
2939.83,1.2001633390824558e-06
2939.84,1.2041080792808164e-06
2939.85,1.2018311706202546e-06
2939.86,1.1983551846143537e-06
2939.87,1.1991273341587847e-06
2939.88,1.2078242091504417e-06
2939.89,1.2261953934004786e-06
2939.9,1.2545338161166787e-06
2939.91,1.2925213597732792e-06
2939.92,1.339518891488514e-06
2939.93,1.3939826767346691e-06
2939.94,1.4522442439210383e-06
2939.95,1.5080055310896288e-06
2939.96,1.5522792252943832e-06
2939.97,1.5760033114266728e-06
2939.98,1.5729087148114979e-06
2939.99,1.5429457828705503e-06
2940.0,1.4913199531027841e-06
2940.01,1.4268287837220778e-06
2940.02,1.3592969440941998e-06
2940.03,1.2964669039807878e-06
2940.04,1.2430937095374496e-06
2940.05,1.200893537788301e-06
2940.06,1.1692451053381506e-06
2940.07,1.146432537168161e-06
2940.08,1.130810953741252e-06
2940.09,1.1223036101720944e-06
2940.1,1.1218972941271383e-06
2940.11,1.1303654132588965e-06
2940.12,1.1478041774178037e-06
2940.13,1.1729984561110004e-06
2940.14,1.2021546097299506e-06
2940.15,1.22947008932708e-06
2940.16,1.247928194219986e-06
2940.17,1.2509731655508202e-06
2940.18,1.2348811019112226e-06
2940.19,1.200541119123084e-06
2940.2,1.1525157938699359e-06
2940.21,1.0979620966485164e-06
2940.22,1.0430303644873025e-06
2940.23,9.930225297871091e-07
2940.24,9.502358056571754e-07
2940.25,9.158166261210432e-07
2940.26,8.903855165136888e-07
2940.27,8.74207963731635e-07
2940.28,8.673958755348958e-07
2940.29,8.699910500283219e-07
2940.3,8.820882745070278e-07
2940.31,9.039229219504149e-07
2940.32,9.362603718029847e-07
2940.33,9.795611153564795e-07
2940.34,1.03519967436676e-06
2940.35,1.1046062256040402e-06
2940.36,1.189444219709802e-06
2940.37,1.2911390364157203e-06
2940.38,1.4108741774737738e-06
2940.39,1.5493867358512768e-06
2940.4,1.7055527481916481e-06
2940.41,1.8763224029517843e-06
2940.42,2.0559335793188376e-06
2940.43,2.2371418275348796e-06
2940.44,2.411441205860994e-06
2940.45,2.5704344794100006e-06
2940.46,2.7075774588482987e-06
2940.47,2.8190365808347922e-06
2940.48,2.9030309225961614e-06
2940.49,2.958168379518689e-06
2940.5,2.9819605419082644e-06
2940.51,2.971720795163636e-06
2940.52,2.927414841196474e-06
2940.53,2.8544725451147236e-06
2940.54,2.762369712479496e-06
2940.55,2.6612800949677168e-06
2940.56,2.5592420719808966e-06
2940.57,2.4599640575973163e-06
2940.58,2.3630692929978165e-06
2940.59,2.2668521225959224e-06
2940.6,2.169945573191782e-06
2940.61,2.0726510194074995e-06
2940.62,1.9764133576648665e-06
2940.63,1.8860806849050334e-06
2940.64,1.807504921051007e-06
2940.65,1.7464997408747703e-06
2940.66,1.7071396425456048e-06
2940.67,1.6912882787342957e-06
2940.68,1.6984586663210142e-06
2940.69,1.7259522718594585e-06
2940.7,1.7685086624625164e-06
2940.71,1.8187089390957767e-06
2940.72,1.869653189973692e-06
2940.73,1.915010383451484e-06
2940.74,1.951262394917072e-06
2940.75,1.9775560506855304e-06
2940.76,1.9954610543639037e-06
2940.77,2.0095909191106144e-06
2940.78,2.0261890660435046e-06
2940.79,2.051904904813975e-06
2940.8,2.091601934977578e-06
2940.81,2.146589810646198e-06
2940.82,2.213013300891277e-06
2940.83,2.2806889497016042e-06
2940.84,2.336036383127407e-06
2940.85,2.365107995579352e-06
2940.86,2.3572137322605396e-06
2940.87,2.3084751751560432e-06
2940.88,2.2225608325420498e-06
2940.89,2.109459816908245e-06
2940.9,1.98176238967424e-06
2940.91,1.8515620855239178e-06
2940.92,1.7279810123887885e-06
2940.93,1.6171946575799592e-06
2940.94,1.5227306943571e-06
2940.95,1.4465925615379342e-06
2940.96,1.388814023469557e-06
2940.97,1.3497939620577273e-06
2940.98,1.3288358702034975e-06
2940.99,1.3247364236462183e-06
2941.0,1.3348352864517907e-06
2941.01,1.3544999284656793e-06
2941.02,1.3770807700330834e-06
2941.03,1.3946709400216752e-06
2941.04,1.4013286773998785e-06
2941.05,1.3942036268374407e-06
2941.06,1.3753630880783452e-06
2941.07,1.3507166491529178e-06
2941.08,1.3272232730005427e-06
2941.09,1.310686754084249e-06
2941.1,1.303990037950653e-06
2941.11,1.306323610621909e-06
2941.12,1.3133851559505531e-06
2941.13,1.318485248841866e-06
2941.14,1.315368143752861e-06
2941.15,1.300923679526077e-06
2941.16,1.2767504353350774e-06
2941.17,1.2482406225982737e-06
2941.18,1.2220173577947402e-06
2941.19,1.203805346637965e-06
2941.2,1.1977269047305445e-06
2941.21,1.2061104905642964e-06
2941.22,1.2295706055506646e-06
2941.23,1.2669924359031744e-06
2941.24,1.3152532248184287e-06
2941.25,1.3682723810438079e-06
2941.26,1.417119197292723e-06
2941.27,1.4512771201698936e-06
2941.28,1.4615198769933638e-06
2941.29,1.442216430659997e-06
2941.3,1.39492080027633e-06
2941.31,1.3265117053252337e-06
2941.32,1.2469124570332023e-06
2941.33,1.1653534972538946e-06
2941.34,1.0888396360481145e-06
2941.35,1.0206146961050577e-06
2941.36,9.62312888219317e-07
2941.37,9.133328313034446e-07
2941.38,8.721069178774334e-07
2941.39,8.366685193798969e-07
2941.4,8.057015858358603e-07
2941.41,7.785125028516991e-07
2941.42,7.554599249485945e-07
2941.43,7.364020281865333e-07
2941.44,7.21174457066976e-07
2941.45,7.099962448974293e-07
2941.46,7.026377357585944e-07
2941.47,7.0015283956299e-07
2941.48,7.028166923744998e-07
2941.49,7.11038745837831e-07
2941.5,7.253550854918799e-07
2941.51,7.453096745313886e-07
2941.52,7.707982362357799e-07
2941.53,8.008733801739231e-07
2941.54,8.337577689490973e-07
2941.55,8.668049963848258e-07
2941.56,8.977917638436711e-07
2941.57,9.250528221899474e-07
2941.58,9.49962028300427e-07
2941.59,9.744800266234788e-07
2941.6,1.0019213382780593e-06
2941.61,1.035279059759903e-06
2941.62,1.0772843732640784e-06
2941.63,1.1296477590577787e-06
2941.64,1.1939708423806062e-06
2941.65,1.271844070904835e-06
2941.66,1.365263263480956e-06
2941.67,1.4765649804560391e-06
2941.68,1.608701164369431e-06
2941.69,1.7645317914391652e-06
2941.7,1.946271348635297e-06
2941.71,2.1549583309047074e-06
2941.72,2.389532631538339e-06
2941.73,2.6459399685802587e-06
2941.74,2.9163235642478358e-06
2941.75,3.1888583761344676e-06
2941.76,3.4486504598924607e-06
2941.77,3.679951353679919e-06
2941.78,3.866970084870895e-06
2941.79,3.996058590399365e-06
2941.8,4.057578984370136e-06
2941.81,4.046877044033165e-06
2941.82,3.964667079567298e-06
2941.83,3.818449962691578e-06
2941.84,3.622103149989223e-06
2941.85,3.3934589178394814e-06
2941.86,3.151575106721437e-06
2941.87,2.913859190219134e-06
2941.88,2.6941547022486408e-06
2941.89,2.5017389908440843e-06
2941.9,2.3415746762813282e-06
2941.91,2.214147278555251e-06
2941.92,2.117518756101589e-06
2941.93,2.048158044991579e-06
2941.94,2.0018665316161607e-06
2941.95,1.9743388131162633e-06
2941.96,1.960485707251836e-06
2941.97,1.9531678473520092e-06
2941.98,1.9433215201152073e-06
2941.99,1.9218288912680375e-06
2942.0,1.8833268781600483e-06
2942.01,1.8289496964358955e-06
2942.02,1.765740854292471e-06
2942.03,1.7026995024457377e-06
2942.04,1.6480787008440221e-06
2942.05,1.607822023849674e-06
2942.06,1.584765706487238e-06
2942.07,1.5805860700381872e-06
2942.08,1.596634727622016e-06
2942.09,1.6326831073831436e-06
2942.1,1.6885355932256196e-06
2942.11,1.762997799393218e-06
2942.12,1.8546514045682847e-06
2942.13,1.9598352226164222e-06
2942.14,2.07305494323424e-06
2942.15,2.1854466102603404e-06
2942.16,2.284485032069822e-06
2942.17,2.355475875907011e-06
2942.18,2.385142771237213e-06
2942.19,2.3659941289004674e-06
2942.2,2.299147874624249e-06
2942.21,2.1941011441187864e-06
2942.22,2.0649103714675435e-06
2942.23,1.926815664893404e-06
2942.24,1.7917055160124885e-06
2942.25,1.6682602388637698e-06
2942.26,1.5612992099023499e-06
2942.27,1.4728317389479125e-06
2942.28,1.403736714893819e-06
2942.29,1.3541238301052107e-06
2942.3,1.323770977526654e-06
2942.31,1.3121646798171462e-06
2942.32,1.318178485625301e-06
2942.33,1.3398744039894574e-06
2942.34,1.3743143775021297e-06
2942.35,1.4178242065847993e-06
2942.36,1.4668188371661139e-06
2942.37,1.5182628337885882e-06
2942.38,1.57162648944305e-06
2942.39,1.6262646734462863e-06
2942.4,1.6819921061893624e-06
2942.41,1.7363803195756924e-06
2942.42,1.7846900464135066e-06
2942.43,1.8204800242156583e-06
2942.44,1.8377412187531406e-06
2942.45,1.8331152429178524e-06
2942.46,1.8073371806145525e-06
2942.47,1.7653281153614422e-06
2942.48,1.7148372133662652e-06
2942.49,1.6640753888245798e-06
2942.5,1.6199925178613182e-06
2942.51,1.5875888391412022e-06
2942.52,1.5698967663310496e-06
2942.53,1.5689341429641584e-06
2942.54,1.5845388151350127e-06
2942.55,1.6142745500455195e-06
2942.56,1.6525416358368692e-06
2942.57,1.690484153949785e-06
2942.58,1.7170766544632627e-06
2942.59,1.721808211604472e-06
2942.6,1.6989347492866562e-06
2942.61,1.6485726399286833e-06
2942.62,1.577818889503145e-06
2942.63,1.4957475867955356e-06
2942.64,1.4128099898513024e-06
2942.65,1.3368054764008647e-06
2942.66,1.272756031102221e-06
2942.67,1.2228268490565666e-06
2942.68,1.1872054440376753e-06
2942.69,1.1634977027573007e-06
2942.7,1.1480091923437962e-06
2942.71,1.1360551001348163e-06
2942.72,1.123083842010612e-06
2942.73,1.1057524828958414e-06
2942.74,1.0832233649851846e-06
2942.75,1.0562831941295757e-06
2942.76,1.026960602350936e-06
2942.77,9.976799551476019e-07
2942.78,9.704642489580165e-07
2942.79,9.469477369627588e-07
2942.8,9.281859970426377e-07
2942.81,9.155495765481769e-07
2942.82,9.093018193565071e-07
2942.83,9.09561415557719e-07
2942.84,9.157226923598207e-07
2942.85,9.261327112665359e-07
2942.86,9.380017871871246e-07
2942.87,9.476306136357778e-07
2942.88,9.515704255555548e-07
2942.89,9.486959851183574e-07
2942.9,9.408605446517298e-07
2942.91,9.321589490817116e-07
2942.92,9.269176366759608e-07
2942.93,9.291490948812748e-07
2942.94,9.416500516287475e-07
2942.95,9.663202413723373e-07
2942.96,1.0045598430304117e-06
2942.97,1.0577758403457363e-06
2942.98,1.1271540334910741e-06
2942.99,1.2137463087443753e-06
2943.0,1.3182884673376175e-06
2943.01,1.4405530647382576e-06
2943.02,1.5783087032858608e-06
2943.03,1.726770470353059e-06
2943.04,1.8784503266623917e-06
2943.05,2.024174192118876e-06
2943.06,2.154393466217088e-06
2943.07,2.2605127885901728e-06
2943.08,2.33592838130014e-06
2943.09,2.3770107347832247e-06
2943.1,2.384025324068551e-06
2943.11,2.363690715498543e-06
2943.12,2.3255255480679917e-06
2943.13,2.2818371335840278e-06
2943.14,2.242753958886318e-06
2943.15,2.215163376025018e-06
2943.16,2.201068509012456e-06
2943.17,2.1971765037469254e-06
2943.18,2.1950520727897995e-06
2943.19,2.1838158745621363e-06
2943.2,2.1516739471472623e-06
2943.21,2.0924912055697157e-06
2943.22,2.006266409386403e-06
2943.23,1.899202953511824e-06
2943.24,1.78155830825335e-06
2943.25,1.664601719242206e-06
2943.26,1.5573124972019585e-06
2943.27,1.4659567651522948e-06
2943.28,1.3938692937711536e-06
2943.29,1.342225786554852e-06
2943.3,1.3109298260853979e-06
2943.31,1.2991643296828929e-06
2943.32,1.3057491623221091e-06
2943.33,1.3290599165899724e-06
2943.34,1.367529278962895e-06
2943.35,1.419673209923606e-06
2943.36,1.4844864868729873e-06
2943.37,1.5611253559013635e-06
2943.38,1.6491268358928812e-06
2943.39,1.7462551302266198e-06
2943.4,1.849458379660589e-06
2943.41,1.952973626482318e-06
2943.42,2.0509714270981137e-06
2943.43,2.138645745402065e-06
2943.44,2.2133530033421206e-06
2943.45,2.273408974104193e-06
2943.46,2.3157965509572276e-06
2943.47,2.3350125484100168e-06
2943.48,2.324212893930603e-06
2943.49,2.2787772916685546e-06
2943.5,2.199660775421222e-06
2943.51,2.094348657564907e-06
2943.52,1.9733197794193653e-06
2943.53,1.8483890111979533e-06
2943.54,1.728735903718826e-06
2943.55,1.6202156968837837e-06
2943.56,1.525389534642211e-06
2943.57,1.4442190191101443e-06
2943.58,1.3762348184387918e-06
2943.59,1.3209907858665808e-06
2943.6,1.2786730924182104e-06
2943.61,1.2499580997387902e-06
2943.62,1.2356793668204524e-06
2943.63,1.2364175261625981e-06
2943.64,1.2521897601990241e-06
2943.65,1.2821787146842155e-06
2943.66,1.3247681231912303e-06
2943.67,1.3775936807231886e-06
2943.68,1.4383774122677e-06
2943.69,1.5060462677231958e-06
2943.7,1.5814304424080064e-06
2943.71,1.6666121597885282e-06
2943.72,1.7635121991322583e-06
2943.73,1.873006719110312e-06
2943.74,1.992290673505927e-06
2943.75,2.1143650825758136e-06
2943.76,2.2282417930153927e-06
2943.77,2.320760875894117e-06
2943.78,2.3813520115423373e-06
2943.79,2.4064118300591224e-06
2943.8,2.4018026161714575e-06
2943.81,2.378551900032853e-06
2943.82,2.3516685960074135e-06
2943.83,2.332114427760791e-06
2943.84,2.3258678010344035e-06
2943.85,2.3332168329458512e-06
2943.86,2.34989700638667e-06
2943.87,2.367878453065357e-06
2943.88,2.3775630369006e-06
2943.89,2.3694879295046644e-06
2943.9,2.336387844512532e-06
2943.91,2.2753158342531317e-06
2943.92,2.1889672419927376e-06
2943.93,2.085107848307647e-06
2943.94,1.974054573567761e-06
2943.95,1.8654817969480003e-06
2943.96,1.7659268776805178e-06
2943.97,1.6777859374265929e-06
2943.98,1.6002578570371014e-06
2943.99,1.530311561010237e-06
2944.0,1.4641562987787832e-06
2944.01,1.3995411056324452e-06
2944.02,1.335914388107368e-06
2944.03,1.2737456609825961e-06
2944.04,1.2139827571338553e-06
2944.05,1.1573682261420384e-06
2944.06,1.1047400987998068e-06
2944.07,1.0573147547123763e-06
2944.08,1.016424542942439e-06
2944.09,9.834026266378963e-07
2944.1,9.58205109697933e-07
2944.11,9.411130272329387e-07
2944.12,9.319555572296093e-07
2944.13,9.297069616522042e-07
2944.14,9.342112414007723e-07
2944.15,9.455890233152269e-07
2944.16,9.633645294555425e-07
2944.17,9.875479457208376e-07
2944.18,1.018525835627592e-06
2944.19,1.0563727480251683e-06
2944.2,1.1007656508885967e-06
2944.21,1.151928898721753e-06
2944.22,1.209722377911655e-06
2944.23,1.273522222712951e-06
2944.24,1.342892548520577e-06
2944.25,1.4179969578627392e-06
2944.26,1.4994671546602985e-06
2944.27,1.5886935977596582e-06
2944.28,1.6866389962423839e-06
2944.29,1.7939092137756719e-06
2944.3,1.9098447401836393e-06
2944.31,2.0326031701009537e-06
2944.32,2.158652054639103e-06
2944.33,2.2824780226037344e-06
2944.34,2.3980667747277067e-06
2944.35,2.497281008834407e-06
2944.36,2.5709516726183007e-06
2944.37,2.6103802502605653e-06
2944.38,2.6103234876542694e-06
2944.39,2.572178440095667e-06
2944.4,2.5043341711710645e-06
2944.41,2.4192277248360535e-06
2944.42,2.3297139548732943e-06
2944.43,2.2455082009385545e-06
2944.44,2.172483780168019e-06
2944.45,2.112010195708863e-06
2944.46,2.0623627629799876e-06
2944.47,2.017781058075196e-06
2944.48,1.969797356502932e-06
2944.49,1.911192169405873e-06
2944.5,1.8380471597515851e-06
2944.51,1.7516829651196422e-06
2944.52,1.657928283442437e-06
2944.53,1.5641319078446862e-06
2944.54,1.4763682561392181e-06
2944.55,1.3982488485108934e-06
2944.56,1.331189909347311e-06
2944.57,1.2753750147783903e-06
2944.58,1.2304527278698891e-06
2944.59,1.1955920077585844e-06
2944.6,1.1697160858334713e-06
2944.61,1.152534964047495e-06
2944.62,1.143818150991198e-06
2944.63,1.1440566351780801e-06
2944.64,1.1541032467001153e-06
2944.65,1.1747767537774274e-06
2944.66,1.2065887032205225e-06
2944.67,1.2498214595826768e-06
2944.68,1.3048964658979781e-06
2944.69,1.3727242105618602e-06
2944.7,1.454650306649118e-06
2944.71,1.5520996921381808e-06
2944.72,1.6653053497680386e-06
2944.73,1.7927960097582798e-06
2944.74,1.9308779351213236e-06
2944.75,2.07201917489356e-06
2944.76,2.2064715634802324e-06
2944.77,2.323080844476784e-06
2944.78,2.411143020682612e-06
2944.79,2.4618511899042767e-06
2944.8,2.471099529029154e-06
2944.81,2.4396353713082594e-06
2944.82,2.3744276038303226e-06
2944.83,2.2855974891029466e-06
2944.84,2.183893544511751e-06
2944.85,2.0790078690481733e-06
2944.86,1.978992026242252e-06
2944.87,1.8897263055096914e-06
2944.88,1.815615905234566e-06
2944.89,1.759177115932744e-06
2944.9,1.7217515985295948e-06
2944.91,1.7040863170534735e-06
2944.92,1.7066453502952302e-06
2944.93,1.7295912041541945e-06
2944.94,1.7723058482680626e-06
2944.95,1.8329347795923821e-06
2944.96,1.907161517892085e-06
2944.97,1.9881609798954768e-06
2944.98,2.0668724533857405e-06
2944.99,2.133835096742833e-06
2945.0,2.182222987164208e-06
2945.01,2.2108599813798946e-06
2945.02,2.2249829239042202e-06
2945.03,2.2340087722762134e-06
2945.04,2.247025330136794e-06
2945.05,2.269792685252447e-06
2945.06,2.302809932805233e-06
2945.07,2.3426603646892013e-06
2945.08,2.3824005494853334e-06
2945.09,2.4152034552546724e-06
2945.1,2.4371581107098124e-06
2945.11,2.4458850965587846e-06
2945.12,2.441926563536459e-06
2945.13,2.4264281800280973e-06
2945.14,2.4017058069807044e-06
2945.15,2.3724396158772332e-06
2945.16,2.3443821901015554e-06
2945.17,2.3221160881100475e-06
2945.18,2.3081672941502297e-06
2945.19,2.300178871252997e-06
2945.2,2.291963044630679e-06
2945.21,2.2744170135073244e-06
2945.22,2.2385850405418012e-06
2945.23,2.179326373512254e-06
2945.24,2.0975193740680998e-06
2945.25,1.999929014056678e-06
2945.26,1.8963048647917122e-06
2945.27,1.7959993665148106e-06
2945.28,1.705569230421883e-06
2945.29,1.6278718559267707e-06
2945.3,1.5624459905922031e-06
2945.31,1.5065998878744237e-06
2945.32,1.4569233941495366e-06
2945.33,1.4107930188532158e-06
2945.34,1.3669595288010405e-06
2945.35,1.3251254211731202e-06
2945.36,1.2847961512261206e-06
2945.37,1.2450213247828967e-06
2945.38,1.2037171144871778e-06
2945.39,1.1594470445345384e-06
2945.4,1.1121165450119399e-06
2945.41,1.0635274163387441e-06
2945.42,1.0163624927927475e-06
2945.43,9.7354464511624e-07
2945.44,9.37968230224637e-07
2945.45,9.108226558637967e-07
2945.46,8.934569462514291e-07
2945.47,8.862974038506918e-07
2945.48,8.899864963421654e-07
2945.49,9.032189332301241e-07
2945.5,9.26621820453691e-07
2945.51,9.58406394340441e-07
2945.52,9.95981629384106e-07
2945.53,1.0360896422520417e-06
2945.54,1.0749568850605843e-06
2945.55,1.1095977815841758e-06
2945.56,1.1389216091768767e-06
2945.57,1.1640889642231934e-06
2945.58,1.1884226747925971e-06
2945.59,1.2167286771164495e-06
2945.6,1.254003421378922e-06
2945.61,1.304646682679708e-06
2945.62,1.3724331890171283e-06
2945.63,1.4600784084667383e-06
2945.64,1.5690735585710757e-06
2945.65,1.6989931999147525e-06
2945.66,1.8464877483827463e-06
2945.67,2.004116571888249e-06
2945.68,2.159729448528279e-06
2945.69,2.2974368027163194e-06
2945.7,2.4015250504645538e-06
2945.71,2.461219443708224e-06
2945.72,2.47456419536843e-06
2945.73,2.4479841608625966e-06
2945.74,2.3928440801543946e-06
2945.75,2.321679025512736e-06
2945.76,2.2427752165006094e-06
2945.77,2.16251404380858e-06
2945.78,2.0821927170830887e-06
2945.79,2.000125901344227e-06
2945.8,1.913250087153473e-06
2945.81,1.8193482715532398e-06
2945.82,1.720222403922986e-06
2945.83,1.619374544274077e-06
2945.84,1.5213796391056319e-06
2945.85,1.429927661781569e-06
2945.86,1.3471435448806688e-06
2945.87,1.2736947806788604e-06
2945.88,1.2097985857707327e-06
2945.89,1.155100002755308e-06
2945.9,1.1091277215474499e-06
2945.91,1.072059989621277e-06
2945.92,1.0442930801388357e-06
2945.93,1.0258525383533298e-06
2945.94,1.0165401078618393e-06
2945.95,1.0157741603372444e-06
2945.96,1.0231654071637376e-06
2945.97,1.0384524942084615e-06
2945.98,1.061965095883245e-06
2945.99,1.0948023870354146e-06
2946.0,1.13827377727658e-06
2946.01,1.1937068982564351e-06
2946.02,1.2621329428357011e-06
2946.03,1.3448686772109947e-06
2946.04,1.442011525447296e-06
2946.05,1.552374724831034e-06
2946.06,1.6727971870015962e-06
2946.07,1.7966075100034667e-06
2946.08,1.9144711273910044e-06
2946.09,2.014226163119344e-06
2946.1,2.0840502479446007e-06
2946.11,2.115777102426273e-06
2946.12,2.10743803815787e-06
2946.13,2.064201442821819e-06
2946.14,1.9956734096266856e-06
2946.15,1.9121710403100323e-06
2946.16,1.8223791260049818e-06
2946.17,1.7319100782753846e-06
2946.18,1.6447540041869693e-06
2946.19,1.5628598296232496e-06
2946.2,1.4881503419261623e-06
2946.21,1.4226066941336017e-06
2946.22,1.3686742637849478e-06
2946.23,1.3287850158150848e-06
2946.24,1.3048471445323502e-06
2946.25,1.2978386966568754e-06
2946.26,1.308408846730014e-06
2946.27,1.3358156697478108e-06
2946.28,1.3789465921394331e-06
2946.29,1.4356196084923907e-06
2946.3,1.5025006203664933e-06
2946.31,1.5751527235273527e-06
2946.32,1.648798302492632e-06
2946.33,1.720124758189874e-06
2946.34,1.7887331504287646e-06
2946.35,1.858100071408351e-06
2946.36,1.933390942878045e-06
2946.37,2.018302469924419e-06
2946.38,2.113443565854285e-06
2946.39,2.214452680817344e-06
2946.4,2.3167788355723037e-06
2946.41,2.416761827802568e-06
2946.42,2.5136863285286122e-06
2946.43,2.6104748872496607e-06
2946.44,2.7079594068566765e-06
2946.45,2.8045562737527657e-06
2946.46,2.8963751208237403e-06
2946.47,2.979319920470422e-06
2946.48,3.050401827176554e-06
2946.49,3.106564543377659e-06
2946.5,3.1435289826391172e-06
2946.51,3.1549445127196474e-06
2946.52,3.1335873466126924e-06
2946.53,3.073816567609496e-06
2946.54,2.974564313155336e-06
2946.55,2.8396916508150775e-06
2946.56,2.6779539325155625e-06
2946.57,2.50138932537615e-06
2946.58,2.3221350847229803e-06
2946.59,2.1499477003964328e-06
2946.6,1.99113857270404e-06
2946.61,1.8482904086538231e-06
2946.62,1.7220141546713942e-06
2946.63,1.6123620470475904e-06
2946.64,1.5193820766753932e-06
2946.65,1.4434854206387576e-06
2946.66,1.3846466688703278e-06
2946.67,1.3427358705411818e-06
2946.68,1.3163517730655158e-06
2946.69,1.3036358979089373e-06
2946.7,1.3016608708393422e-06
2946.71,1.3079305161186775e-06
2946.72,1.3192708994953686e-06
2946.73,1.3346881989307809e-06
2946.74,1.3543014841540018e-06
2946.75,1.3782907414292225e-06
2946.76,1.4056174290406688e-06
2946.77,1.4345491405727372e-06
2946.78,1.4626901842757445e-06
2946.79,1.4875407135968642e-06
2946.8,1.5078638987380426e-06
2946.81,1.5239530717729447e-06
2946.82,1.5373002917259902e-06
2946.83,1.5497847853512277e-06
2946.84,1.5631444658806559e-06
2946.85,1.5795792988542827e-06
2946.86,1.6003195851167082e-06
2946.87,1.6266571071179476e-06
2946.88,1.6599066345448322e-06
2946.89,1.7010663223434381e-06
2946.9,1.7506994224905651e-06
2946.91,1.8087344083592248e-06
2946.92,1.8758144531443733e-06
2946.93,1.953474394746192e-06
2946.94,2.0436113419402355e-06
2946.95,2.1489123941034208e-06
2946.96,2.2716038582481326e-06
2946.97,2.411561595154265e-06
2946.98,2.566240738840684e-06
2946.99,2.7287249827566495e-06
2947.0,2.887489806222629e-06
2947.01,3.028043812313105e-06
2947.02,3.136042918595703e-06
2947.03,3.2022239657021594e-06
2947.04,3.223108413443445e-06
2947.05,3.2041457526576566e-06
2947.06,3.1549162536022426e-06
2947.07,3.0855208911700995e-06
2947.08,3.003227294956083e-06
2947.09,2.910772436776368e-06
2947.1,2.807624661912984e-06
2947.11,2.6926473177360046e-06
2947.12,2.5660190747745134e-06
2947.13,2.4310974601042846e-06
2947.14,2.293977472435654e-06
2947.15,2.160085735377489e-06
2947.16,2.0337121522266043e-06
2947.17,1.9168732045756754e-06
2947.18,1.8098279091387215e-06
2947.19,1.7113895175860945e-06
2947.2,1.619913843943517e-06
2947.21,1.534588804561548e-06
2947.22,1.4560212242128124e-06
2947.23,1.3855672789436777e-06
2947.24,1.3244242216270062e-06
2947.25,1.2727582286561083e-06
2947.26,1.2288988287505876e-06
2947.27,1.1909947935176692e-06
2947.28,1.157554051279016e-06
2947.29,1.1279281172556096e-06
2947.3,1.1018133171066975e-06
2947.31,1.0785876586267568e-06
2947.32,1.0572531662634308e-06
2947.33,1.0370895281303153e-06
2947.34,1.0182292195280298e-06
2947.35,1.0015011703782416e-06
2947.36,9.87090771849131e-07
2947.37,9.74438895676232e-07
2947.38,9.609139054821158e-07
2947.39,9.447281081383625e-07
2947.4,9.251726958122475e-07
2947.41,9.030759145743143e-07
2947.42,8.809901084216199e-07
2947.43,8.606337661165931e-07
2947.44,8.434628794889201e-07
2947.45,8.299416325286126e-07
2947.46,8.199555983694874e-07
2947.47,8.139029602879801e-07
2947.48,8.1222058883137e-07
2947.49,8.155978884760241e-07
2947.5,8.244273611994768e-07
2947.51,8.384520726985608e-07
2947.52,8.57452915885801e-07
2947.53,8.815982347014473e-07
2947.54,9.1173184710555e-07
2947.55,9.492523764467565e-07
2947.56,9.957178438659382e-07
2947.57,1.0524135727160111e-06
2947.58,1.1202741067107369e-06
2947.59,1.1999009277040979e-06
2947.6,1.291659286472357e-06
2947.61,1.3954683122176183e-06
2947.62,1.5103760798844823e-06
2947.63,1.6340839690326327e-06
2947.64,1.763741613237918e-06
2947.65,1.8972603849421532e-06
2947.66,2.0346133578442335e-06
2947.67,2.177215262388357e-06
2947.68,2.3257039033646908e-06
2947.69,2.477054673253653e-06
2947.7,2.6246918673464876e-06
2947.71,2.7606692758333e-06
2947.72,2.8788091373406752e-06
2947.73,2.9771202211498615e-06
2947.74,3.0564126686737354e-06
2947.75,3.117094647258448e-06
2947.76,3.1564905662249894e-06
2947.77,3.1684482638925786e-06
2947.78,3.147238595539864e-06
2947.79,3.089603978260339e-06
2947.8,2.998106868891006e-06
2947.81,2.880203553529307e-06
2947.82,2.7452228394581507e-06
2947.83,2.6019376377275137e-06
2947.84,2.4575109122779682e-06
2947.85,2.3172148716661773e-06
2947.86,2.1850828009686698e-06
2947.87,2.0638717659775364e-06
2947.88,1.9551845446663818e-06
2947.89,1.8601004680453935e-06
2947.9,1.7794546194008246e-06
2947.91,1.7140003656495737e-06
2947.92,1.6640027639238597e-06
2947.93,1.6286026277523036e-06
2947.94,1.6057984299765585e-06
2947.95,1.592337083450523e-06
2947.96,1.5840409576340823e-06
2947.97,1.5757909570730222e-06
2947.98,1.5621037569373139e-06
2947.99,1.5366517056167974e-06
2948.0,1.4957302127452457e-06
2948.01,1.4387518223018618e-06
2948.02,1.3685178569319921e-06
2948.03,1.2905899877423524e-06
2948.04,1.2112280564307909e-06
2948.05,1.1351233140237902e-06
2948.06,1.0664880062871173e-06
2948.07,1.0073746610634449e-06
2948.08,9.586608748807664e-07
2948.09,9.205321433526316e-07
2948.1,8.926931971998631e-07
2948.11,8.746470257366176e-07
2948.12,8.661240673128275e-07
2948.13,8.667566252409563e-07
2948.14,8.762973795886599e-07
2948.15,8.941489492990273e-07
2948.16,9.206157891426823e-07
2948.17,9.54907435945398e-07
2948.18,9.960709716876954e-07
2948.19,1.0431498396963814e-06
2948.2,1.0944900618938217e-06
2948.21,1.1484703734386643e-06
2948.22,1.2046841473793654e-06
2948.23,1.2637982397223035e-06
2948.24,1.3279698944787761e-06
2948.25,1.4001730279758275e-06
2948.26,1.4833081978513675e-06
2948.27,1.579758286442275e-06
2948.28,1.6908903376494655e-06
2948.29,1.8168372165145135e-06
2948.3,1.9558043116874215e-06
2948.31,2.102534785475449e-06
2948.32,2.247066412699206e-06
2948.33,2.3779488218464134e-06
2948.34,2.482839961064464e-06
2948.35,2.5530436330880564e-06
2948.36,2.5850093907718408e-06
2948.37,2.581065449167219e-06
2948.38,2.546507439733947e-06
2948.39,2.4871334510254874e-06
2948.4,2.4076644379897465e-06
2948.41,2.310929790536002e-06
2948.42,2.198333198192189e-06
2948.43,2.0713158075384845e-06
2948.44,1.9321185639198013e-06
2948.45,1.7861329296713135e-06
2948.46,1.6397730286028024e-06
2948.47,1.4989732296982308e-06
2948.48,1.367921753220422e-06
2948.49,1.24905955887963e-06
2948.5,1.1433766942450787e-06
2948.51,1.0514131090121975e-06
2948.52,9.730680819477265e-07
2948.53,9.076311810592967e-07
2948.54,8.538860261404435e-07
2948.55,8.101120694546811e-07
2948.56,7.742375860115403e-07
2948.57,7.43369877598601e-07
2948.58,7.149751019916996e-07
2948.59,6.872266578284356e-07
2948.6,6.58958437230659e-07
2948.61,6.303826621250876e-07
2948.62,6.024435630351954e-07
2948.63,5.76367895109244e-07
2948.64,5.527068279463379e-07
2948.65,5.32508714996597e-07
2948.66,5.153472899970532e-07
2948.67,5.015328828225317e-07
2948.68,4.909002715897896e-07
2948.69,4.832966492437149e-07
2948.7,4.786761702871775e-07
2948.71,4.7667116031223076e-07
2948.72,4.773297988554706e-07
2948.73,4.808731703856391e-07
2948.74,4.867325683381907e-07
2948.75,4.956966640579984e-07
2948.76,5.077839032124765e-07
2948.77,5.231489444974157e-07
2948.78,5.414412470398933e-07
2948.79,5.639717264681506e-07
2948.8,5.905007941690508e-07
2948.81,6.205217872400621e-07
2948.82,6.531625354124501e-07
2948.83,6.873378157929944e-07
2948.84,7.212238872942191e-07
2948.85,7.540308263421161e-07
2948.86,7.859415731191552e-07
2948.87,8.186313978023484e-07
2948.88,8.544686943126032e-07
2948.89,8.959376923224244e-07
2948.9,9.45656043521198e-07
2948.91,1.0053671172625417e-06
2948.92,1.0768567232635967e-06
2948.93,1.1610229156885027e-06
2948.94,1.257481281868521e-06
2948.95,1.3641504944778426e-06
2948.96,1.477380009861286e-06
2948.97,1.593089440239115e-06
2948.98,1.7077958709192605e-06
2948.99,1.8199931197920498e-06
2949.0,1.928611040156115e-06
2949.01,2.0309607806950995e-06
2949.02,2.122911125398298e-06
2949.03,2.2011221785052926e-06
2949.04,2.2663566989141504e-06
2949.05,2.3240988454284376e-06
2949.06,2.3828007297040033e-06
2949.07,2.4502698511571264e-06
2949.08,2.5293403200835105e-06
2949.09,2.617074787510961e-06
2949.1,2.7051774990622114e-06
2949.11,2.7819808634066228e-06
2949.12,2.83584532588662e-06
2949.13,2.8573014295951793e-06
2949.14,2.8419417760664355e-06
2949.15,2.7877213833619814e-06
2949.16,2.6960585867665087e-06
2949.17,2.572079339537884e-06
2949.18,2.4243430060638106e-06
2949.19,2.2640444688659957e-06
2949.2,2.103383905607776e-06
2949.21,1.9526256836487e-06
2949.22,1.818913017792971e-06
2949.23,1.7061333628444033e-06
2949.24,1.6156034649398994e-06
2949.25,1.5469230346753257e-06
2949.26,1.498238503029575e-06
2949.27,1.4661716719624135e-06
2949.28,1.4474723696937229e-06
2949.29,1.4375828424851462e-06
2949.3,1.432376214371738e-06
2949.31,1.4288361657403549e-06
2949.32,1.4261307758158034e-06
2949.33,1.4254290395972615e-06
2949.34,1.4299370848452098e-06
2949.35,1.4436824107053576e-06
2949.36,1.4699440688277332e-06
2949.37,1.510860597999068e-06
2949.38,1.5672565756305838e-06
2949.39,1.637927553367171e-06
2949.4,1.7201961227771457e-06
2949.41,1.8090971995892114e-06
2949.42,1.8986819083509638e-06
2949.43,1.9833794510123837e-06
2949.44,2.059666817467688e-06
2949.45,2.1268409351594955e-06
2949.46,2.186462045887592e-06
2949.47,2.2404877502844013e-06
2949.48,2.290343037153822e-06
2949.49,2.3366125339833754e-06
2949.5,2.3800355323210926e-06
2949.51,2.4221628460222253e-06
2949.52,2.466341896727675e-06
2949.53,2.5160918075507637e-06
2949.54,2.5758572478201598e-06
2949.55,2.648223516640508e-06
2949.56,2.734991110726975e-06
2949.57,2.8370154065004934e-06
2949.58,2.9541088320350126e-06
2949.59,3.085322679421939e-06
2949.6,3.229005409384392e-06
2949.61,3.3814967624973346e-06
2949.62,3.5394099373590262e-06
2949.63,3.696126352705947e-06
2949.64,3.8436321796312054e-06
2949.65,3.971816663696223e-06
2949.66,4.070399844282378e-06
2949.67,4.131819170557049e-06
2949.68,4.152582838383316e-06
2949.69,4.134055847447993e-06
2949.7,4.08118679671287e-06
2949.71,3.999792240805765e-06
2949.72,3.895253867336627e-06
2949.73,3.7701841042082607e-06
2949.74,3.626247803278244e-06
2949.75,3.4650703923293152e-06
2949.76,3.2908348373673166e-06
2949.77,3.1103561611137417e-06
2949.78,2.9309895519551917e-06
2949.79,2.758193905376201e-06
2949.8,2.595069047730527e-06
2949.81,2.4427939459500856e-06
2949.82,2.3023886524843763e-06
2949.83,2.173866711956661e-06
2949.84,2.0562571950850798e-06
2949.85,1.948095945520629e-06
2949.86,1.8484578438733816e-06
2949.87,1.7572888870099915e-06
2949.88,1.6744662513244834e-06
2949.89,1.5995590098373674e-06
2949.9,1.5317118142471597e-06
2949.91,1.470291027839898e-06
2949.92,1.4149224565360316e-06
2949.93,1.3659456189972837e-06
2949.94,1.3216729983753947e-06
2949.95,1.281330241928958e-06
2949.96,1.2442560507134068e-06
2949.97,1.2104834075079493e-06
2949.98,1.1801560252899123e-06
2949.99,1.1529910030452058e-06
2950.0,1.1282064740501166e-06
2950.01,1.105184006674979e-06
2950.02,1.0839962121027177e-06
2950.03,1.0654093222687713e-06
2950.04,1.049289186669079e-06
2950.05,1.0354214865949128e-06
2950.06,1.0230839924787589e-06
2950.07,1.0121546215912553e-06
2950.08,1.0031391258184176e-06
2950.09,9.967203183783871e-07
2950.1,9.932831237265467e-07
2950.11,9.924979014710443e-07
2950.12,9.938247303869827e-07
2950.13,9.974724490883446e-07
2950.14,1.0035709606032617e-06
2950.15,1.014385710499248e-06
2950.16,1.030383884050849e-06
2950.17,1.0514900983480847e-06
2950.18,1.0776672941919544e-06
2950.19,1.1097259809876202e-06
2950.2,1.1490499101338233e-06
2950.21,1.1977985879943043e-06
2950.22,1.2576420673340252e-06
2950.23,1.3295559208211842e-06
2950.24,1.4138027352105665e-06
2950.25,1.510183320814026e-06
2950.26,1.6179347365706641e-06
2950.27,1.7350301314334313e-06
2950.28,1.8573908776718935e-06
2950.29,1.978659455517077e-06
2950.3,2.09232576724628e-06
2950.31,2.192000434680696e-06
2950.32,2.2730680564823807e-06
2950.33,2.3333206778386885e-06
2950.34,2.3728380409313753e-06
2950.35,2.3968680762337096e-06
2950.36,2.41474421351096e-06
2950.37,2.4380330586622087e-06
2950.38,2.477193420353686e-06
2950.39,2.5389867944602823e-06
2950.4,2.6249203621646687e-06
2950.41,2.730560523962045e-06
2950.42,2.8450300964418503e-06
2950.43,2.9523102764660986e-06
2950.44,3.03322997077575e-06
2950.45,3.0702718584245196e-06
2950.46,3.0511717705461694e-06
2950.47,2.97241076468578e-06
2950.48,2.839872139607665e-06
2950.49,2.6660738755025425e-06
2950.5,2.4686320061279962e-06
2950.51,2.2642921852587148e-06
2950.52,2.066602026326202e-06
2950.53,1.8847185646497316e-06
2950.54,1.722522450532725e-06
2950.55,1.5814950787875667e-06
2950.56,1.4606123511026225e-06
2950.57,1.3575182726410306e-06
2950.58,1.2705049058490525e-06
2950.59,1.1974525293679088e-06
2950.6,1.1368494521133219e-06
2950.61,1.0882820575831691e-06
2950.62,1.0505311078167481e-06
2950.63,1.023260005783821e-06
2950.64,1.006363415259476e-06
2950.65,9.995279645920205e-07
2950.66,1.00236939269516e-06
2950.67,1.0146169136622648e-06
2950.68,1.0357800301759688e-06
2950.69,1.065196652435174e-06
2950.7,1.1022109793122256e-06
2950.71,1.1459068787442655e-06
2950.72,1.1955772528168308e-06
2950.73,1.249670703133916e-06
2950.74,1.3056512714651702e-06
2950.75,1.3609637971356015e-06
2950.76,1.4124958557420721e-06
2950.77,1.4585734715230783e-06
2950.78,1.4997524951196146e-06
2950.79,1.5385519444349583e-06
2950.8,1.5774608508320373e-06
2950.81,1.6179790698350584e-06
2950.82,1.6595354856158984e-06
2950.83,1.7000046260435806e-06
2950.84,1.7375367162819068e-06
2950.85,1.7723883565263603e-06
2950.86,1.8079713167498093e-06
2950.87,1.8503805722215162e-06
2950.88,1.9067756306575631e-06
2950.89,1.9821352847040497e-06
2950.9,2.081975769602397e-06
2950.91,2.207253015715462e-06
2950.92,2.356150948388604e-06
2950.93,2.523911143900948e-06
2950.94,2.702504140714424e-06
2950.95,2.883993637366411e-06
2950.96,3.0608686940136113e-06
2950.97,3.2264554163504633e-06
2950.98,3.3733880133925424e-06
2950.99,3.492427699064077e-06
2951.0,3.5730507770582786e-06
2951.01,3.605504817035187e-06
2951.02,3.583431381105841e-06
2951.03,3.5054956701715122e-06
2951.04,3.375293750451512e-06
2951.05,3.2010595133946446e-06
2951.06,2.994133005625802e-06
2951.07,2.7677158869251976e-06
2951.08,2.534979522220134e-06
2951.09,2.3073643355580397e-06
2951.1,2.0926570116736367e-06
2951.11,1.894838798823845e-06
2951.12,1.7149543805662794e-06
2951.13,1.5528007704089954e-06
2951.14,1.4076927970745786e-06
2951.15,1.2786763505954543e-06
2951.16,1.1650348505453927e-06
2951.17,1.0653654013206563e-06
2951.18,9.78410534209812e-07
2951.19,9.027418400448121e-07
2951.2,8.37378755798102e-07
2951.21,7.801925402951908e-07
2951.22,7.305711117181203e-07
2951.23,6.874823978080196e-07
2951.24,6.501463610742455e-07
2951.25,6.174468890253983e-07
2951.26,5.891492903352278e-07
2951.27,5.647082505852719e-07
2951.28,5.435994488374967e-07
2951.29,5.254626356040587e-07
2951.3,5.101048371809392e-07
2951.31,4.970833949207959e-07
2951.32,4.862852049755062e-07
2951.33,4.77917160158832e-07
2951.34,4.7123625368181096e-07
2951.35,4.6647278376015845e-07
2951.36,4.6358694433644595e-07
2951.37,4.625720352968882e-07
2951.38,4.6348542794555734e-07
2951.39,4.6632899986591886e-07
2951.4,4.712341473988433e-07
2951.41,4.784667515264602e-07
2951.42,4.87979161711393e-07
2951.43,5.00144733094167e-07
2951.44,5.152850902060863e-07
2951.45,5.339957257989151e-07
2951.46,5.563944397762852e-07
2951.47,5.832852960027629e-07
2951.48,6.154073770746562e-07
2951.49,6.536296916293432e-07
2951.5,6.986567469287976e-07
2951.51,7.522474139247903e-07
2951.52,8.147411112306782e-07
2951.53,8.869481800269128e-07
2951.54,9.690317725809606e-07
2951.55,1.060316608507404e-06
2951.56,1.159456056934482e-06
2951.57,1.2647719665721618e-06
2951.58,1.3744618787853288e-06
2951.59,1.4858183755703576e-06
2951.6,1.5950450766449847e-06
2951.61,1.696420282717974e-06
2951.62,1.783277655749249e-06
2951.63,1.8493038668810268e-06
2951.64,1.8893131917031025e-06
2951.65,1.899902770388289e-06
2951.66,1.8800793719241577e-06
2951.67,1.8346510454268245e-06
2951.68,1.7730479448634968e-06
2951.69,1.7073607578116295e-06
2951.7,1.6489623130935213e-06
2951.71,1.6059605499475312e-06
2951.72,1.5829237262309565e-06
2951.73,1.5800165048634684e-06
2951.74,1.594586289819884e-06
2951.75,1.6206281175831187e-06
2951.76,1.6489634485717534e-06
2951.77,1.6697157160767907e-06
2951.78,1.672423242010811e-06
2951.79,1.6497087118481877e-06
2951.8,1.600254989385206e-06
2951.81,1.526770821534927e-06
2951.82,1.43820168394211e-06
2951.83,1.3435906436958289e-06
2951.84,1.2508220388737436e-06
2951.85,1.1648001923698878e-06
2951.86,1.0877904998241698e-06
2951.87,1.0200667474483646e-06
2951.88,9.613585466793166e-07
2951.89,9.100214890347332e-07
2951.9,8.65615298343412e-07
2951.91,8.279570429304187e-07
2951.92,7.96781980437045e-07
2951.93,7.717372893830402e-07
2951.94,7.523840026757282e-07
2951.95,7.382932183147712e-07
2951.96,7.292262599681804e-07
2951.97,7.247802594170704e-07
2951.98,7.249219803380981e-07
2951.99,7.295853662632631e-07
2952.0,7.388874001267116e-07
2952.01,7.526102809911085e-07
2952.02,7.711293946129881e-07
2952.03,7.943160978902157e-07
2952.04,8.227792950128373e-07
2952.05,8.568509799116593e-07
2952.06,8.970418310557165e-07
2952.07,9.441785793282607e-07
2952.08,9.98917466092122e-07
2952.09,1.0629527801041648e-06
2952.1,1.1368401225054291e-06
2952.11,1.222418725838007e-06
2952.12,1.3214980175747776e-06
2952.13,1.436135023520438e-06
2952.14,1.5685987568335124e-06
2952.15,1.7210946393113046e-06
2952.16,1.89563486907679e-06
2952.17,2.0934011467392974e-06
2952.18,2.314020860509455e-06
2952.19,2.5549344099775087e-06
2952.2,2.8104392268307483e-06
2952.21,3.0722555139199206e-06
2952.22,3.3310034198091818e-06
2952.23,3.5788798041754817e-06
2952.24,3.8106930448784307e-06
2952.25,4.025522075251319e-06
2952.26,4.2256141918469975e-06
2952.27,4.4126623181750665e-06
2952.28,4.589139530541906e-06
2952.29,4.757202661218542e-06
2952.3,4.917591153762192e-06
2952.31,5.066589097004847e-06
2952.32,5.1945015473309355e-06
2952.33,5.287202022930699e-06
2952.34,5.32969048399993e-06
2952.35,5.311885422143415e-06
2952.36,5.231466125072143e-06
2952.37,5.0937495650658925e-06
2952.38,4.910092439071261e-06
2952.39,4.694697748004721e-06
2952.4,4.462597037224198e-06
2952.41,4.227368851015668e-06
2952.42,3.999002430231799e-06
2952.43,3.7837357831603274e-06
2952.44,3.5847414543987526e-06
2952.45,3.4033890360686536e-06
2952.46,3.2399028950588672e-06
2952.47,3.0936612888784993e-06
2952.48,2.9626266073926975e-06
2952.49,2.8449402021094024e-06
2952.5,2.736993903757864e-06
2952.51,2.637112818638395e-06
2952.52,2.544242817900924e-06
2952.53,2.4581222848415947e-06
2952.54,2.3788732941687456e-06
2952.55,2.3066583900673365e-06
2952.56,2.24172646115592e-06
2952.57,2.1839546976865482e-06
2952.58,2.1328359592921275e-06
2952.59,2.0878718609346152e-06
2952.6,2.0485870150960033e-06
2952.61,2.0154850437538785e-06
2952.62,1.988426535331606e-06
2952.63,1.9662344858592433e-06
2952.64,1.948377963686511e-06
2952.65,1.9331780490779383e-06
2952.66,1.9173179985362097e-06
2952.67,1.896465747278779e-06
2952.68,1.8669942557297906e-06
2952.69,1.8279176655903116e-06
2952.7,1.7810535536228317e-06
2952.71,1.7298699754436189e-06
2952.72,1.6781499111354048e-06
2952.73,1.6292370088979794e-06
2952.74,1.5855573116548583e-06
2952.75,1.5482834503416507e-06
2952.76,1.5175078545406647e-06
2952.77,1.4929862157305308e-06
2952.78,1.4749015904422263e-06
2952.79,1.4637995844075112e-06
2952.8,1.4600499422439327e-06
2952.81,1.4637122890139335e-06
2952.82,1.4749907676498097e-06
2952.83,1.4948881709313878e-06
2952.84,1.5249695529908955e-06
2952.85,1.5666843565851543e-06
2952.86,1.6209544412031463e-06
2952.87,1.688392563471932e-06
2952.88,1.7697071792671282e-06
2952.89,1.8653787726112417e-06
2952.9,1.97412741908976e-06
2952.91,2.091445156942295e-06
2952.92,2.21007033960895e-06
2952.93,2.3193213188155576e-06
2952.94,2.4082058939862324e-06
2952.95,2.4672596476653528e-06
2952.96,2.4899976658837245e-06
2952.97,2.474706661744792e-06
2952.98,2.4244142464412722e-06
2952.99,2.349324575968669e-06
2953.0,2.2631970607788994e-06
2953.01,2.179735677651297e-06
2953.02,2.109281345306891e-06
2953.03,2.057808947547544e-06
2953.04,2.0271109538900638e-06
2953.05,2.01622249791495e-06
2953.06,2.021371721826055e-06
2953.07,2.0360879923154926e-06
2953.08,2.0495486733248895e-06
2953.09,2.0506386909738734e-06
2953.1,2.029404123911849e-06
2953.11,1.981018049723926e-06
2953.12,1.9073376375844339e-06
2953.13,1.8161215457135573e-06
2953.14,1.7169192854076145e-06
2953.15,1.6178998653007677e-06
2953.16,1.525532335939359e-06
2953.17,1.4424168408678467e-06
2953.18,1.3690383625258463e-06
2953.19,1.304529595062056e-06
2953.2,1.248211208296406e-06
2953.21,1.1988494089209628e-06
2953.22,1.1554285148379643e-06
2953.23,1.1168772148650898e-06
2953.24,1.0818260179331908e-06
2953.25,1.0486545043506942e-06
2953.26,1.0157438517105743e-06
2953.27,9.821974751678721e-07
2953.28,9.482272130336591e-07
2953.29,9.147767102084746e-07
2953.3,8.832552605051321e-07
2953.31,8.554241488413918e-07
2953.32,8.325936667521008e-07
2953.33,8.152217804169947e-07
2953.34,8.035283574159319e-07
2953.35,7.974198338536903e-07
2953.36,7.961566579787117e-07
2953.37,7.994356080253825e-07
2953.38,8.070744772561797e-07
2953.39,8.191239342785104e-07
2953.4,8.359515091064085e-07
2953.41,8.584815731117831e-07
2953.42,8.869285686145886e-07
2953.43,9.212762221653129e-07
2953.44,9.62613404139177e-07
2953.45,1.0113288322820486e-06
2953.46,1.0685539960444762e-06
2953.47,1.1361948224227665e-06
2953.48,1.216457491513824e-06
2953.49,1.3113165571665899e-06
2953.5,1.4232549076635629e-06
2953.51,1.5547880026808824e-06
2953.52,1.7081893210294451e-06
2953.53,1.8855722094706692e-06
2953.54,2.0866936738529923e-06
2953.55,2.310278385119859e-06
2953.56,2.5512169423189973e-06
2953.57,2.8006483578381517e-06
2953.58,3.0469907218475872e-06
2953.59,3.2791643522457418e-06
2953.6,3.4911680339941877e-06
2953.61,3.6843077760680204e-06
2953.62,3.864824408347339e-06
2953.63,4.039239958186988e-06
2953.64,4.205886136324665e-06
2953.65,4.3530955229729244e-06
2953.66,4.4605011445450825e-06
2953.67,4.505798270496083e-06
2953.68,4.47296268026618e-06
2953.69,4.3582965087110264e-06
2953.7,4.170793076191296e-06
2953.71,3.927998638430693e-06
2953.72,3.650348996954409e-06
2953.73,3.3567468068563564e-06
2953.74,3.061652636607425e-06
2953.75,2.775482469573683e-06
2953.76,2.5051711608807014e-06
2953.77,2.255668062454298e-06
2953.78,2.0304658393938387e-06
2953.79,1.8302470301149252e-06
2953.8,1.6551851322914483e-06
2953.81,1.5037955326040952e-06
2953.82,1.3739089544319836e-06
2953.83,1.2630085875962516e-06
2953.84,1.1688061963963097e-06
2953.85,1.089094077578676e-06
2953.86,1.0220201509104539e-06
2953.87,9.660418365423773e-07
2953.88,9.198962254797008e-07
2953.89,8.825486669333025e-07
2953.9,8.5312411625199e-07
2953.91,8.308220460514221e-07
2953.92,8.151659899720781e-07
2953.93,8.043000383985356e-07
2953.94,7.978268206590479e-07
2953.95,7.945065742039754e-07
2953.96,7.928933064715542e-07
2953.97,7.916058041901219e-07
2953.98,7.892324426523818e-07
2953.99,7.844498618510924e-07
2954.0,7.763212293981511e-07
2954.01,7.646499487017684e-07
2954.02,7.501404510291769e-07
2954.03,7.342971554440843e-07
2954.04,7.187888040285006e-07
2954.05,7.054297015956445e-07
2954.06,6.953688003628427e-07
2954.07,6.896178506606949e-07
2954.08,6.888018597455654e-07
2954.09,6.934433190855579e-07
2954.1,7.036446940945736e-07
2954.11,7.199205537718489e-07
2954.12,7.427742539424328e-07
2954.13,7.728746678195016e-07
2954.14,8.110955138081391e-07
2954.15,8.585984704254026e-07
2954.16,9.167268018082067e-07
2954.17,9.86857298493972e-07
2954.18,1.0707295479870919e-06
2954.19,1.1698336201336688e-06
2954.2,1.2850565502655755e-06
2954.21,1.415826896207046e-06
2954.22,1.5590067746520835e-06
2954.23,1.7086325436508244e-06
2954.24,1.855358835602563e-06
2954.25,1.9882648479754056e-06
2954.26,2.0958649227968235e-06
2954.27,2.1701137533957054e-06
2954.28,2.2049449446849073e-06
2954.29,2.1994435486685284e-06
2954.3,2.158674331773734e-06
2954.31,2.093826650152856e-06
2954.32,2.01907596857802e-06
2954.33,1.948613309260319e-06
2954.34,1.8935151575486086e-06
2954.35,1.8592347939936203e-06
2954.36,1.8483450408989832e-06
2954.37,1.858792071336045e-06
2954.38,1.8845535744434176e-06
2954.39,1.9168310820248167e-06
2954.4,1.9435558995227736e-06
2954.41,1.953841186432667e-06
2954.42,1.9396863504390846e-06
2954.43,1.8989393480862791e-06
2954.44,1.8350920446232286e-06
2954.45,1.755185838136157e-06
2954.46,1.665432702362457e-06
2954.47,1.5713860326572002e-06
2954.48,1.4769553198978804e-06
2954.49,1.3853170803349628e-06
2954.5,1.2982039909079325e-06
2954.51,1.2171497248120957e-06
2954.52,1.1426417585603794e-06
2954.53,1.0748392140017824e-06
2954.54,1.015072427221048e-06
2954.55,9.627059168773675e-07
2954.56,9.172908669895112e-07
2954.57,8.778419927175806e-07
2954.58,8.431029820626304e-07
2954.59,8.125338269989571e-07
2954.6,7.86202335500196e-07
2954.61,7.643717901155913e-07
2954.62,7.471288604122549e-07
2954.63,7.352130952035286e-07
2954.64,7.279113562795287e-07
2954.65,7.253856775745412e-07
2954.66,7.275347167634052e-07
2954.67,7.342969800531069e-07
2954.68,7.459005128252332e-07
2954.69,7.623397667011843e-07
2954.7,7.831513310917949e-07
2954.71,8.087284019906681e-07
2954.72,8.389522183351753e-07
2954.73,8.735203745518357e-07
2954.74,9.117852956864766e-07
2954.75,9.535546590255917e-07
2954.76,9.985797028529424e-07
2954.77,1.047320183715963e-06
2954.78,1.1021626940740815e-06
2954.79,1.1651060333793266e-06
2954.8,1.2386096164773632e-06
2954.81,1.3257435194761264e-06
2954.82,1.427641458624109e-06
2954.83,1.5473877421299459e-06
2954.84,1.6874694397443755e-06
2954.85,1.8501724377024647e-06
2954.86,2.037442325584107e-06
2954.87,2.249965363360736e-06
2954.88,2.4855677431361724e-06
2954.89,2.7401106462583185e-06
2954.9,3.005853525325505e-06
2954.91,3.2738386552349983e-06
2954.92,3.535530345033126e-06
2954.93,3.7862414091346147e-06
2954.94,4.023439487596759e-06
2954.95,4.245366685792367e-06
2954.96,4.447471321528398e-06
2954.97,4.620359248726826e-06
2954.98,4.749674362634867e-06
2954.99,4.8202959891603255e-06
2955.0,4.821495528514624e-06
2955.01,4.755456131620074e-06
2955.02,4.6338782260347345e-06
2955.03,4.4758487586326985e-06
2955.04,4.301347225722644e-06
2955.05,4.126430608098544e-06
2955.06,3.962344522351702e-06
2955.07,3.814591992032935e-06
2955.08,3.686820682518052e-06
2955.09,3.580336779400226e-06
2955.1,3.495090590541797e-06
2955.11,3.429703178003426e-06
2955.12,3.3812086243687917e-06
2955.13,3.346534441917261e-06
2955.14,3.3227683773855848e-06
2955.15,3.307843942711757e-06
2955.16,3.300592644493129e-06
2955.17,3.300432933534256e-06
2955.18,3.3061798550029634e-06
2955.19,3.3160339364640215e-06
2955.2,3.326675139582941e-06
2955.21,3.3339872414565643e-06
2955.22,3.333308093653691e-06
2955.23,3.321990987695731e-06
2955.24,3.3002296332103797e-06
2955.25,3.2702382379070352e-06
2955.26,3.2354044506773822e-06
2955.27,3.199183381479912e-06
2955.28,3.16458706808532e-06
2955.29,3.1333075616032204e-06
2955.3,3.1076206389582376e-06
2955.31,3.0876790371776484e-06
2955.32,3.0730870877507995e-06
2955.33,3.0624479477936915e-06
2955.34,3.0532312125373297e-06
2955.35,3.0417006596237017e-06
2955.36,3.0245639869405617e-06
2955.37,3.0003963778226807e-06
2955.38,2.970361926225357e-06
2955.39,2.937487020763685e-06
2955.4,2.905335775876387e-06
2955.41,2.876957293982899e-06
2955.42,2.8549544413095795e-06
2955.43,2.841172935870569e-06
2955.44,2.8369249173571438e-06
2955.45,2.8434092950267824e-06
2955.46,2.8616556804940313e-06
2955.47,2.8922880545058963e-06
2955.48,2.9358165068982385e-06
2955.49,2.992813440330281e-06
2955.5,3.063988229117933e-06
2955.51,3.150004269247087e-06
2955.52,3.2508935749668926e-06
2955.53,3.365218217565639e-06
2955.54,3.487922610420119e-06
2955.55,3.608867008206308e-06
2955.56,3.71302085468081e-06
2955.57,3.7843738075022652e-06
2955.58,3.809749188401127e-06
2955.59,3.7836627951400244e-06
2955.6,3.708543046608989e-06
2955.61,3.595441642326021e-06
2955.62,3.4586498413307525e-06
2955.63,3.31563181718499e-06
2955.64,3.1800960547412603e-06
2955.65,3.0623561105901964e-06
2955.66,2.968854413344053e-06
2955.67,2.901841288761714e-06
2955.68,2.859437232564285e-06
2955.69,2.836005941430819e-06
2955.7,2.822833308852096e-06
2955.71,2.8092599837323385e-06
2955.72,2.7835086647854564e-06
2955.73,2.735663963264853e-06
2955.74,2.6598989973820294e-06
2955.75,2.5579258068538324e-06
2955.76,2.4376340795840286e-06
2955.77,2.3091834683788457e-06
2955.78,2.181701373903007e-06
2955.79,2.061548626554705e-06
2955.8,1.9524118074063936e-06
2955.81,1.8555520403765916e-06
2955.82,1.7701351103966813e-06
2955.83,1.6936749030874728e-06
2955.84,1.62418097234828e-06
2955.85,1.560451505539109e-06
2955.86,1.5027681536617602e-06
2955.87,1.4517640755292472e-06
2955.88,1.4069751801771184e-06
2955.89,1.3663186588948559e-06
2955.9,1.3267614854730748e-06
2955.91,1.285639652624864e-06
2955.92,1.2417418295040061e-06
2955.93,1.195531613035697e-06
2955.94,1.1486419113271176e-06
2955.95,1.1030953289518866e-06
2955.96,1.0608668429690513e-06
2955.97,1.0238131155978105e-06
2955.98,9.925869694348314e-07
2955.99,9.672496032621244e-07
2956.0,9.474768831138041e-07
2956.01,9.326213300618805e-07
2956.02,9.224690617617682e-07
2956.03,9.171792623133741e-07
2956.04,9.170248451250739e-07
2956.05,9.220768327299197e-07
2956.06,9.321962529488827e-07
2956.07,9.473424783076623e-07
2956.08,9.679109916946755e-07
2956.09,9.946405538214795e-07
2956.1,1.0284781581912168e-06
2956.11,1.0710147270244769e-06
2956.12,1.1225833267803195e-06
2956.13,1.1851434437278165e-06
2956.14,1.2598676245688052e-06
2956.15,1.3490111692696738e-06
2956.16,1.454642207199289e-06
2956.17,1.5787442462675618e-06
2956.18,1.722986831856457e-06
2956.19,1.8865316613601542e-06
2956.2,2.066205954974761e-06
2956.21,2.2567643363394048e-06
2956.22,2.450550547817596e-06
2956.23,2.6399350398099224e-06
2956.24,2.820486677244683e-06
2956.25,2.9920733335953264e-06
2956.26,3.1573072693948857e-06
2956.27,3.3171244191639082e-06
2956.28,3.4658295867215064e-06
2956.29,3.5897356204585038e-06
2956.3,3.6711443318183773e-06
2956.31,3.693496192301037e-06
2956.32,3.6499531890088067e-06
2956.33,3.545410840450099e-06
2956.34,3.3946586489985004e-06
2956.35,3.216032522523511e-06
2956.36,3.0243337858911685e-06
2956.37,2.829535261843455e-06
2956.38,2.6363582942205187e-06
2956.39,2.4443970992069378e-06
2956.4,2.254053854234943e-06
2956.41,2.0672750738634313e-06
2956.42,1.887992106850205e-06
2956.43,1.720770460675638e-06
2956.44,1.56903016552778e-06
2956.45,1.4345367884903637e-06
2956.46,1.3175190230126472e-06
2956.47,1.2171381486259839e-06
2956.48,1.1321041647837964e-06
2956.49,1.0608603769137964e-06
2956.5,1.0022104475139516e-06
2956.51,9.542430869774573e-07
2956.52,9.158674595657793e-07
2956.53,8.860697389613103e-07
2956.54,8.637725329422888e-07
2956.55,8.480673533011043e-07
2956.56,8.381683922747336e-07
2956.57,8.335003865325686e-07
2956.58,8.335694887603479e-07
2956.59,8.377949773248324e-07
2956.6,8.450895478954537e-07
2956.61,8.537539524927299e-07
2956.62,8.614240819667108e-07
2956.63,8.654960041267481e-07
2956.64,8.64589243665458e-07
2956.65,8.58245866407932e-07
2956.66,8.473047259211021e-07
2956.67,8.337674543983526e-07
2956.68,8.203314940268421e-07
2956.69,8.091901580062537e-07
2956.7,8.021525859694741e-07
2956.71,8.004446338642353e-07
2956.72,8.049484926839549e-07
2956.73,8.16264141218838e-07
2956.74,8.349997372873162e-07
2956.75,8.617713444922988e-07
2956.76,8.973671800412462e-07
2956.77,9.428986558488725e-07
2956.78,9.994475819420373e-07
2956.79,1.0687020594949334e-06
2956.8,1.1525539700169873e-06
2956.81,1.253137514321134e-06
2956.82,1.372654897679011e-06
2956.83,1.513015523066751e-06
2956.84,1.6752292939284169e-06
2956.85,1.858372314327398e-06
2956.86,2.0585373818212936e-06
2956.87,2.2676185544142074e-06
2956.88,2.473183475251194e-06
2956.89,2.657816505232836e-06
2956.9,2.804301825353603e-06
2956.91,2.89694784232251e-06
2956.92,2.927376373630943e-06
2956.93,2.896877934036623e-06
2956.94,2.8169598278741265e-06
2956.95,2.706065745253012e-06
2956.96,2.5848276235126177e-06
2956.97,2.4711081716169543e-06
2956.98,2.37619232632027e-06
2956.99,2.3052064661962134e-06
2957.0,2.258001295282796e-06
2957.01,2.2302384983508207e-06
2957.02,2.2125773174209017e-06
2957.03,2.1935156141319495e-06
2957.04,2.1620605181507928e-06
2957.05,2.109169775016562e-06
2957.06,2.0318268889833585e-06
2957.07,1.9335218715982594e-06
2957.08,1.822231098018172e-06
2957.09,1.7072864198175318e-06
2957.1,1.5964032675387445e-06
2957.11,1.4942150188027434e-06
2957.12,1.4022251541105887e-06
2957.13,1.3192226631949344e-06
2957.14,1.24255177401263e-06
2957.15,1.1698202500530575e-06
2957.16,1.0993796701104378e-06
2957.17,1.0313511845331712e-06
2957.18,9.67454272761471e-07
2957.19,9.090595274753172e-07
2957.2,8.573547669058149e-07
2957.21,8.123746416288111e-07
2957.22,7.7426518401777e-07
2957.23,7.42639060958014e-07
2957.24,7.16982483902035e-07
2957.25,6.970143822056485e-07
2957.26,6.817963948056738e-07
2957.27,6.714463431786496e-07
2957.28,6.652253943957945e-07
2957.29,6.630796614929655e-07
2957.3,6.650594008240915e-07
2957.31,6.704796859404117e-07
2957.32,6.792699412666673e-07
2957.33,6.909107685426822e-07
2957.34,7.047913355092591e-07
2957.35,7.200344748317234e-07
2957.36,7.357689404306572e-07
2957.37,7.522237844741089e-07
2957.38,7.698556581612461e-07
2957.39,7.900547715695704e-07
2957.4,8.144704507151021e-07
2957.41,8.440026022323216e-07
2957.42,8.801435541240834e-07
2957.43,9.239572279403086e-07
2957.44,9.765934626038459e-07
2957.45,1.0395305336511933e-06
2957.46,1.1139391383076654e-06
2957.47,1.2013180445136334e-06
2957.48,1.303884538142556e-06
2957.49,1.422867716256785e-06
2957.5,1.5593805956425601e-06
2957.51,1.712589613663767e-06
2957.52,1.8803074212886275e-06
2957.53,2.0576662446421113e-06
2957.54,2.2376243770029487e-06
2957.55,2.4135688937702848e-06
2957.56,2.5812135007678428e-06
2957.57,2.7419455450045828e-06
2957.58,2.8999917423883914e-06
2957.59,3.0596899099712294e-06
2957.6,3.218786225921727e-06
2957.61,3.367082540225276e-06
2957.62,3.488310082410525e-06
2957.63,3.565052081805347e-06
2957.64,3.586146581537246e-06
2957.65,3.549070836229131e-06
2957.66,3.461605705928765e-06
2957.67,3.337340863068512e-06
2957.68,3.1919274635877664e-06
2957.69,3.0387574461955435e-06
2957.7,2.8847787073971516e-06
2957.71,2.7325414937701987e-06
2957.72,2.5810880890635987e-06
2957.73,2.428980946593722e-06
2957.74,2.277213284109853e-06
2957.75,2.1276107494820427e-06
2957.76,1.984860802960478e-06
2957.77,1.8523240202644186e-06
2957.78,1.7330793851470429e-06
2957.79,1.628852261175161e-06
2957.8,1.5408179153205603e-06
2957.81,1.4674532747025281e-06
2957.82,1.4085575703437732e-06
2957.83,1.3631135197804425e-06
2957.84,1.3300994588988952e-06
2957.85,1.3088173275873095e-06
2957.86,1.2981348425117977e-06
2957.87,1.2977491029211016e-06
2957.88,1.3075269345547344e-06
2957.89,1.3270483213456625e-06
2957.9,1.356804895175544e-06
2957.91,1.3973456451124172e-06
2957.92,1.4489919945780544e-06
2957.93,1.5129083430342166e-06
2957.94,1.5903701563987564e-06
2957.95,1.682920173379999e-06
2957.96,1.7927418584105376e-06
2957.97,1.9216556353494687e-06
2957.98,2.0719710791885424e-06
2957.99,2.246544990319661e-06
2958.0,2.447612302666548e-06
2958.01,2.6765645919599894e-06
2958.02,2.9331852399314555e-06
2958.03,3.2157217591553143e-06
2958.04,3.5200581190745853e-06
2958.05,3.8399368187447705e-06
2958.06,4.167503319512386e-06
2958.07,4.493302836663532e-06
2958.08,4.80797277522279e-06
2958.09,5.1025856548514374e-06
2958.1,5.370057547165231e-06
2958.11,5.606245856113133e-06
2958.12,5.810314265383231e-06
2958.13,5.986038460035744e-06
2958.14,6.14108172536057e-06
2958.15,6.2859243998578186e-06
2958.16,6.4296639634907695e-06
2958.17,6.5789704496094375e-06
2958.18,6.734123990024795e-06
2958.19,6.888409667365116e-06
2958.2,7.028724615377998e-06
2958.21,7.139075995875375e-06
2958.22,7.204105265510118e-06
2958.23,7.214002060383679e-06
2958.24,7.166914912353295e-06
2958.25,7.067924135932727e-06
2958.26,6.9280737036603535e-06
2958.27,6.761128670217549e-06
2958.28,6.5808453496396766e-06
2958.29,6.4000767226480285e-06
2958.3,6.227641828150376e-06
2958.31,6.070858545611167e-06
2958.32,5.932003175660726e-06
2958.33,5.809842455258544e-06
2958.34,5.6971255769521765e-06
2958.35,5.583667592820195e-06
2958.36,5.458369832997959e-06
2958.37,5.313346714416525e-06
2958.38,5.1466707294217676e-06
2958.39,4.96271065445565e-06
2958.4,4.7698996592767625e-06
2958.41,4.576939786546319e-06
2958.42,4.390962584030252e-06
2958.43,4.215920251299664e-06
2958.44,4.052682257073961e-06
2958.45,3.899882189918848e-06
2958.46,3.754524224965271e-06
2958.47,3.613636293423341e-06
2958.48,3.4757224258687457e-06
2958.49,3.3408492402369847e-06
2958.5,3.210012540412691e-06
2958.51,3.084369959908244e-06
2958.52,2.9641890095559414e-06
2958.53,2.849924761115674e-06
2958.54,2.740891572648233e-06
2958.55,2.637237807464504e-06
2958.56,2.539917277561514e-06
2958.57,2.4490515163379643e-06
2958.58,2.3649700341528583e-06
2958.59,2.2878105839063743e-06
2958.6,2.2177399574497397e-06
2958.61,2.1546303946885967e-06
2958.62,2.0981275070919766e-06
2958.63,2.048076115562159e-06
2958.64,2.0047424977432095e-06
2958.65,1.9682359311356803e-06
2958.66,1.9381430785792785e-06
2958.67,1.9137276090495e-06
2958.68,1.894081517219657e-06
2958.69,1.87801940570304e-06
2958.7,1.8641732139856088e-06
2958.71,1.8511276310669962e-06
2958.72,1.8394230500961074e-06
2958.73,1.8309368083702824e-06
2958.74,1.8282453517797489e-06
2958.75,1.8336082296024981e-06
2958.76,1.8492152429370014e-06
2958.77,1.877293002669676e-06
2958.78,1.9200346776763598e-06
2958.79,1.9792768581227e-06
2958.8,2.0565241059873476e-06
2958.81,2.1531603295030524e-06
2958.82,2.2707271737438986e-06
2958.83,2.4087958768862815e-06
2958.84,2.5660275691528967e-06
2958.85,2.7372661507011657e-06
2958.86,2.915470170721287e-06
2958.87,3.0939670375839116e-06
2958.88,3.268611364783322e-06
2958.89,3.4394232077075428e-06
2958.9,3.6083958364781537e-06
2958.91,3.7764777297273067e-06
2958.92,3.9384580722041705e-06
2958.93,4.081688918084645e-06
2958.94,4.189274122266667e-06
2958.95,4.246031423862903e-06
2958.96,4.242806434924585e-06
2958.97,4.179451543557515e-06
2958.98,4.061079154096801e-06
2958.99,3.898978450096768e-06
2959.0,3.7065085665225405e-06
2959.01,3.4975460801236815e-06
2959.02,3.283676001779894e-06
2959.03,3.0733272776017166e-06
2959.04,2.870480934247197e-06
2959.05,2.6775919729804894e-06
2959.06,2.494993163672384e-06
2959.07,2.3219861282732008e-06
2959.08,2.1568816320554454e-06
2959.09,2.0001695094842786e-06
2959.1,1.8505773694932788e-06
2959.11,1.7095083660063466e-06
2959.12,1.5786921725650311e-06
2959.13,1.4588756716756266e-06
2959.14,1.3518987924659274e-06
2959.15,1.257079435739599e-06
2959.16,1.1742080490010196e-06
2959.17,1.1025072852413626e-06
2959.18,1.0408106700129704e-06
2959.19,9.882500548447987e-07
2959.2,9.438416943719638e-07
2959.21,9.067781171946876e-07
2959.22,8.763322445029936e-07
2959.23,8.520750858028136e-07
2959.24,8.335742041836839e-07
2959.25,8.205085918606996e-07
2959.26,8.127418953853702e-07
2959.27,8.103028254234435e-07
2959.28,8.132166455941083e-07
2959.29,8.216032097355817e-07
2959.3,8.355752424498176e-07
2959.31,8.550618222185642e-07
2959.32,8.800424102807979e-07
2959.33,9.095574069025564e-07
2959.34,9.427749243205337e-07
2959.35,9.796085494264147e-07
2959.36,1.0197009543850064e-06
2959.37,1.0644717082821662e-06
2959.38,1.1154618071539391e-06
2959.39,1.1749970970658885e-06
2959.4,1.2442238317507889e-06
2959.41,1.322769810213257e-06
2959.42,1.409135990698072e-06
2959.43,1.4991885818336932e-06
2959.44,1.5908552785058638e-06
2959.45,1.6841122081813558e-06
2959.46,1.7825140674328256e-06
2959.47,1.8922215310138246e-06
2959.48,2.0196106836475597e-06
2959.49,2.1684367200722346e-06
2959.5,2.33794209454932e-06
2959.51,2.521139810527409e-06
2959.52,2.704752325157788e-06
2959.53,2.8699780863859387e-06
2959.54,2.997226441357668e-06
2959.55,3.0708214147948865e-06
2959.56,3.0848662032253055e-06
2959.57,3.0437484596828575e-06
2959.58,2.961636635164443e-06
2959.59,2.857702916259293e-06
2959.6,2.750626689035129e-06
2959.61,2.6552368899012357e-06
2959.62,2.5805813299276263e-06
2959.63,2.5295695047978807e-06
2959.64,2.4993494850068175e-06
2959.65,2.4822306037876325e-06
2959.66,2.466989828657702e-06
2959.67,2.441711448946699e-06
2959.68,2.39596521840554e-06
2959.69,2.3246273690332323e-06
2959.7,2.227822373257244e-06
2959.71,2.1116259354213383e-06
2959.72,1.985294706517492e-06
2959.73,1.858311803449961e-06
2959.74,1.7380943433130096e-06
2959.75,1.628849849662839e-06
2959.76,1.5314263446356323e-06
2959.77,1.4440171919523342e-06
2959.78,1.363245996962373e-06
2959.79,1.286335110646318e-06
2959.8,1.2116373202540248e-06
2959.81,1.1399007690066395e-06
2959.82,1.0732205702161912e-06
2959.83,1.0130884899345826e-06
2959.84,9.610011794811282e-07
2959.85,9.176542009008616e-07
2959.86,8.820228778860396e-07
2959.87,8.53937461679554e-07
2959.88,8.32310529162235e-07
2959.89,8.15967376973692e-07
2959.9,8.037688347956384e-07
2959.91,7.949942821007849e-07
2959.92,7.892338267731116e-07
2959.93,7.863472339744479e-07
2959.94,7.86179618121252e-07
2959.95,7.882336754972052e-07
2959.96,7.914529148367909e-07
2959.97,7.945493589767614e-07
2959.98,7.966142581259346e-07
2959.99,7.97751554229978e-07
2960.0,7.992795843215759e-07
2960.01,8.031347699586164e-07
2960.02,8.114325440483578e-07
2960.03,8.252837653091845e-07
2960.04,8.45860083384849e-07
2960.05,8.73666334282764e-07
2960.06,9.093131319140367e-07
2960.07,9.535630313656985e-07
2960.08,1.007692388410189e-06
2960.09,1.0729989021516701e-06
2960.1,1.1511192861410796e-06
2960.11,1.2431370556271619e-06
2960.12,1.3492114462611203e-06
2960.13,1.4676694672411465e-06
2960.14,1.5953000195023718e-06
2960.15,1.7276583629114063e-06
2960.16,1.8585119611491038e-06
2960.17,1.982888264690963e-06
2960.18,2.09534137197838e-06
2960.19,2.190810030548753e-06
2960.2,2.267558334770046e-06
2960.21,2.326500347658909e-06
2960.22,2.372890558838735e-06
2960.23,2.4123822491635102e-06
2960.24,2.4484095633759537e-06
2960.25,2.4783786367110277e-06
2960.26,2.498536638227937e-06
2960.27,2.5051117673950375e-06
2960.28,2.497093598004853e-06
2960.29,2.4738252279732418e-06
2960.3,2.4351834625195543e-06
2960.31,2.3795218903223382e-06
2960.32,2.305166049909724e-06
2960.33,2.212205360340846e-06
2960.34,2.101951858021456e-06
2960.35,1.9780145439354232e-06
2960.36,1.8447227344247303e-06
2960.37,1.7075272297838108e-06
2960.38,1.5721970046093592e-06
2960.39,1.4441951701783626e-06
2960.4,1.3276971917687733e-06
2960.41,1.225129901357513e-06
2960.42,1.1362941442085393e-06
2960.43,1.0612404844884204e-06
2960.44,9.98913622640936e-07
2960.45,9.474561518078324e-07
2960.46,9.05953969227535e-07
2960.47,8.729963882004595e-07
2960.48,8.481216893809097e-07
2960.49,8.304564929740835e-07
2960.5,8.194840897233915e-07
2960.51,8.148832568682136e-07
2960.52,8.161678223823015e-07
2960.53,8.232544695360397e-07
2960.54,8.348894095698438e-07
2960.55,8.501965942155293e-07
2960.56,8.678384669116521e-07
2960.57,8.851462580940323e-07
2960.58,9.00858507883447e-07
2960.59,9.144971396310673e-07
2960.6,9.270714433762216e-07
2960.61,9.406411055737554e-07
2960.62,9.568251826027154e-07
2960.63,9.778538728179274e-07
2960.64,1.0055023284979596e-06
2960.65,1.0408900534345576e-06
2960.66,1.084931989809228e-06
2960.67,1.1386520369458832e-06
2960.68,1.2031053569567757e-06
2960.69,1.2778186972015517e-06
2960.7,1.3623253105809625e-06
2960.71,1.453272504908507e-06
2960.72,1.5462369612503468e-06
2960.73,1.6366001187104075e-06
2960.74,1.7219081098699162e-06
2960.75,1.8028647775012973e-06
2960.76,1.8854472966748926e-06
2960.77,1.977910302946578e-06
2960.78,2.08859614981529e-06
2960.79,2.2243680183759044e-06
2960.8,2.3884252625064785e-06
2960.81,2.581182089512321e-06
2960.82,2.7980001283328303e-06
2960.83,3.0286963552739215e-06
2960.84,3.2561977512585397e-06
2960.85,3.457644260709306e-06
2960.86,3.6132762299212566e-06
2960.87,3.709425964975034e-06
2960.88,3.7439551957166393e-06
2960.89,3.7256501160022536e-06
2960.9,3.6717857886310966e-06
2960.91,3.6027906786735436e-06
2960.92,3.5379190708367923e-06
2960.93,3.492562724359988e-06
2960.94,3.4773044864606547e-06
2960.95,3.496794864309155e-06
2960.96,3.5512727844769716e-06
2960.97,3.63606391209464e-06
2960.98,3.7430004276655552e-06
2960.99,3.86141955832243e-06
2961.0,3.981688815620945e-06
2961.01,4.097463309646074e-06
2961.02,4.2084798627211355e-06
2961.03,4.320027901751834e-06
2961.04,4.441858429038142e-06
2961.05,4.5872183704859956e-06
2961.06,4.766637439249402e-06
2961.07,4.987578136952522e-06
2961.08,5.250682373866256e-06
2961.09,5.550046554039887e-06
2961.1,5.8720149160599125e-06
2961.11,6.1967909197386545e-06
2961.12,6.501601123121754e-06
2961.13,6.764447373812315e-06
2961.14,6.96777641581649e-06
2961.15,7.099423495349707e-06
2961.16,7.154960580023925e-06
2961.17,7.136432881494582e-06
2961.18,7.052427722651386e-06
2961.19,6.916536573340885e-06
2961.2,6.745561525853552e-06
2961.21,6.555904857439858e-06
2961.22,6.3635381530511175e-06
2961.23,6.1799204205587045e-06
2961.24,6.013216012128987e-06
2961.25,5.868049926472553e-06
2961.26,5.7460646697463686e-06
2961.27,5.645163506710257e-06
2961.28,5.558833540761587e-06
2961.29,5.476844938509651e-06
2961.3,5.388941781247645e-06
2961.31,5.288682351529261e-06
2961.32,5.175422762528072e-06
2961.33,5.0524293909414045e-06
2961.34,4.924187102538633e-06
2961.35,4.795665337619841e-06
2961.36,4.670956963662964e-06
2961.37,4.5522176344445996e-06
2961.38,4.441964002380649e-06
2961.39,4.34210031268514e-06
2961.4,4.25412877809514e-06
2961.41,4.179581117880845e-06
2961.42,4.120048816133939e-06
2961.43,4.077273430782872e-06
2961.44,4.0525094318849815e-06
2961.45,4.047303276862641e-06
2961.46,4.062410265579869e-06
2961.47,4.097401573023165e-06
2961.48,4.149898718259441e-06
2961.49,4.214915237063661e-06
2961.5,4.284964609762478e-06
2961.51,4.351818789285218e-06
2961.52,4.408829594207911e-06
2961.53,4.4540938311676655e-06
2961.54,4.488813633900065e-06
2961.55,4.514200211146025e-06
2961.56,4.528420809738523e-06
2961.57,4.5235163019301215e-06
2961.58,4.490990929482461e-06
2961.59,4.426896075717482e-06
2961.6,4.336078415672337e-06
2961.61,4.2292082501758146e-06
2961.62,4.116990899085718e-06
2961.63,4.004332525960608e-06
2961.64,3.889625130807401e-06
2961.65,3.7672110450128544e-06
2961.66,3.631290457716178e-06
2961.67,3.477995254248531e-06
2961.68,3.309821275893017e-06
2961.69,3.1322005218636093e-06
2961.7,2.9529839977737127e-06
2961.71,2.778499397878779e-06
2961.72,2.6128839212950313e-06
2961.73,2.4587021341573997e-06
2961.74,2.317965592906286e-06
2961.75,2.192275881373666e-06
2961.76,2.082647386258613e-06
2961.77,1.9897633678704155e-06
2961.78,1.914062037615344e-06
2961.79,1.85330483517056e-06
2961.8,1.8046470481188142e-06
2961.81,1.763519036943347e-06
2961.82,1.723874373093659e-06
2961.83,1.6794785303001114e-06
2961.84,1.6260294660419173e-06
2961.85,1.563081567530601e-06
2961.86,1.4937622678064518e-06
2961.87,1.4234890217129187e-06
2961.88,1.356623007557273e-06
2961.89,1.2962034431560852e-06
2961.9,1.2437075009756828e-06
2961.91,1.1992031241280616e-06
2961.92,1.163699982423426e-06
2961.93,1.1366817996356417e-06
2961.94,1.1175366218796804e-06
2961.95,1.1059621405807715e-06
2961.96,1.1014188830869053e-06
2961.97,1.104130201128818e-06
2961.98,1.1127607963308492e-06
2961.99,1.1270737495236272e-06
2962.0,1.146679482810449e-06
2962.01,1.171225763257316e-06
2962.02,1.1999762338290039e-06
2962.03,1.2323271218437577e-06
2962.04,1.2687084470819192e-06
2962.05,1.3096980844500766e-06
2962.06,1.3584616287296091e-06
2962.07,1.4185534175276168e-06
2962.08,1.4936628850990297e-06
2962.09,1.5870832136717772e-06
2962.1,1.7023611639609875e-06
2962.11,1.8424386174553314e-06
2962.12,2.0086402262403407e-06
2962.13,2.201510188622726e-06
2962.14,2.4184064467704306e-06
2962.15,2.652008765562213e-06
2962.16,2.8900204845444826e-06
2962.17,3.114837959534043e-06
2962.18,3.3060837011381355e-06
2962.19,3.445304706720372e-06
2962.2,3.5212572286924117e-06
2962.21,3.5328574908724984e-06
2962.22,3.489933988674494e-06
2962.23,3.408957332631662e-06
2962.24,3.3093782604919092e-06
2962.25,3.2077408528368725e-06
2962.26,3.1157927542653742e-06
2962.27,3.040326523601374e-06
2962.28,2.9838691882622613e-06
2962.29,2.9447521108726628e-06
2962.3,2.9170390179555804e-06
2962.31,2.891142165444727e-06
2962.32,2.856836549684003e-06
2962.33,2.803848390827195e-06
2962.34,2.7255965444063983e-06
2962.35,2.6204623152115667e-06
2962.36,2.4917724522456205e-06
2962.37,2.3478696697002116e-06
2962.38,2.1990716474042274e-06
2962.39,2.054562874962967e-06
2962.4,1.9196926516805128e-06
2962.41,1.795333347716823e-06
2962.42,1.6799778531124398e-06
2962.43,1.5700994285989358e-06
2962.44,1.4643735447632687e-06
2962.45,1.3620589313655591e-06
2962.46,1.2657091075011554e-06
2962.47,1.1774826238030697e-06
2962.48,1.0989020827369582e-06
2962.49,1.0305409456619345e-06
2962.5,9.719355214767637e-07
2962.51,9.222806433280414e-07
2962.52,8.804164465673212e-07
2962.53,8.450661565475188e-07
2962.54,8.151704918039181e-07
2962.55,7.898492363153774e-07
2962.56,7.682676676791936e-07
2962.57,7.509807867623912e-07
2962.58,7.376384546659452e-07
2962.59,7.28681146330108e-07
2962.6,7.233775208369831e-07
2962.61,7.222005489613593e-07
2962.62,7.257572835785908e-07
2962.63,7.330720009732341e-07
2962.64,7.449588674166305e-07
2962.65,7.616352403541761e-07
2962.66,7.836777377608734e-07
2962.67,8.115025514651096e-07
2962.68,8.459032558092135e-07
2962.69,8.877996807654878e-07
2962.7,9.382648834421039e-07
2962.71,9.987186125088894e-07
2962.72,1.0699772399591143e-06
2962.73,1.1535000497374757e-06
2962.74,1.2500604131325253e-06
2962.75,1.3598780570629668e-06
2962.76,1.4823313842235107e-06
2962.77,1.6159713975968446e-06
2962.78,1.7597401861308295e-06
2962.79,1.912307426918855e-06
2962.8,2.0719890647537365e-06
2962.81,2.2348036548084477e-06
2962.82,2.392732113938659e-06
2962.83,2.533181309662321e-06
2962.84,2.642760031143693e-06
2962.85,2.713112346729262e-06
2962.86,2.7432353612409416e-06
2962.87,2.7392130708229456e-06
2962.88,2.709112952127875e-06
2962.89,2.6591729521033435e-06
2962.9,2.594298806188385e-06
2962.91,2.5196678667527072e-06
2962.92,2.442549495740403e-06
2962.93,2.3736088455620007e-06
2962.94,2.320666630324236e-06
2962.95,2.2885701725047044e-06
2962.96,2.2769127211559037e-06
2962.97,2.2783887884252136e-06
2962.98,2.2818226592325152e-06
2962.99,2.2732292368398622e-06
2963.0,2.2399746092317794e-06
2963.01,2.1752145126517953e-06
2963.02,2.0799965274038113e-06
2963.03,1.9619971795704365e-06
2963.04,1.83185570650271e-06
2963.05,1.6996429335066483e-06
2963.06,1.5729197879990706e-06
2963.07,1.4563949471399162e-06
2963.08,1.3526249387665496e-06
2963.09,1.2625145807682101e-06
2963.1,1.1860236447088556e-06
2963.11,1.1222972593918338e-06
2963.12,1.0708747596834876e-06
2963.13,1.0306939463116389e-06
2963.14,1.000841939692094e-06
2963.15,9.806382388541239e-07
2963.16,9.692540092008473e-07
2963.17,9.671866325072258e-07
2963.18,9.74030456055326e-07
2963.19,9.899792224183238e-07
2963.2,1.0153577685572972e-06
2963.21,1.0505303675571466e-06
2963.22,1.0957201780806264e-06
2963.23,1.150734546934293e-06
2963.24,1.214624709599882e-06
2963.25,1.2854124653677809e-06
2963.26,1.359940355326624e-06
2963.27,1.4351020346662717e-06
2963.28,1.5078797648956576e-06
2963.29,1.5758653699337823e-06
2963.3,1.6367558955216185e-06
2963.31,1.6872867672237775e-06
2963.32,1.7234750992351877e-06
2963.33,1.742538462839371e-06
2963.34,1.7450585167776858e-06
2963.35,1.7355540341546376e-06
2963.36,1.7211869779786314e-06
2963.37,1.7100064313997831e-06
2963.38,1.7092164578585634e-06
2963.39,1.7250112878968298e-06
2963.4,1.760133195399055e-06
2963.41,1.8183362617726037e-06
2963.42,1.901854133208139e-06
2963.43,2.0121177194870378e-06
2963.44,2.15003774435022e-06
2963.45,2.3154677265342048e-06
2963.46,2.506024604158431e-06
2963.47,2.715193949125694e-06
2963.48,2.9315070886629525e-06
2963.49,3.138845886210356e-06
2963.5,3.3186530906878005e-06
2963.51,3.4539946110563433e-06
2963.52,3.533528977374673e-06
2963.53,3.553977154670001e-06
2963.54,3.520396279894126e-06
2963.55,3.444671752060602e-06
2963.56,3.343275582790507e-06
2963.57,3.2333227623859025e-06
2963.58,3.1297065896739248e-06
2963.59,3.042524953140212e-06
2963.6,2.9758802696744115e-06
2963.61,2.92791633225719e-06
2963.62,2.891978205712834e-06
2963.63,2.8586759533403156e-06
2963.64,2.8194668890003984e-06
2963.65,2.768936296472234e-06
2963.66,2.706874887087163e-06
2963.67,2.6380149886024985e-06
2963.68,2.569865017631177e-06
2963.69,2.5100004603975753e-06
2963.7,2.4639502608840403e-06
2963.71,2.4341716811796942e-06
2963.72,2.4198842865259925e-06
2963.73,2.4175804489820015e-06
2963.74,2.4197963018977793e-06
2963.75,2.417766019805337e-06
2963.76,2.401393167805472e-06
2963.77,2.361581574379005e-06
2963.78,2.2948401488914175e-06
2963.79,2.2029652192024176e-06
2963.8,2.0943105808521603e-06
2963.81,1.9792806538450728e-06
2963.82,1.8675052692415692e-06
2963.83,1.7656791366861996e-06
2963.84,1.6773703967934683e-06
2963.85,1.6037387228083185e-06
2963.86,1.5444178388804352e-06
2963.87,1.4983383021197702e-06
2963.88,1.464077407883024e-06
2963.89,1.4406182690886656e-06
2963.9,1.4276646226855477e-06
2963.91,1.42363728565949e-06
2963.92,1.4296710170989947e-06
2963.93,1.445002211705568e-06
2963.94,1.4697659101768023e-06
2963.95,1.5040434099996881e-06
2963.96,1.5483343165331584e-06
2963.97,1.602991726696995e-06
2963.98,1.668809825564782e-06
2963.99,1.7469148425990247e-06
2964.0,1.8385777322962984e-06
2964.01,1.945254860916767e-06
2964.02,2.0688324801505682e-06
2964.03,2.2109485868230405e-06
2964.04,2.373472458490547e-06
2964.05,2.557964593838283e-06
2964.06,2.7653566073851625e-06
2964.07,2.9964440196667546e-06
2964.08,3.25272179178792e-06
2964.09,3.537654348510325e-06
2964.1,3.85691749799375e-06
2964.11,4.218059160350263e-06
2964.12,4.627578206896329e-06
2964.13,5.089820592397189e-06
2964.14,5.605282260993287e-06
2964.15,6.170922098272292e-06
2964.16,6.782128103494657e-06
2964.17,7.433345947929866e-06
2964.18,8.117826671067018e-06
2964.19,8.825037790887398e-06
2964.2,9.53780397397823e-06
2964.21,1.023194534027086e-05
2964.22,1.0879592130548243e-05
2964.23,1.1453628765571044e-05
2964.24,1.1929938977483788e-05
2964.25,1.2287700517164051e-05
2964.26,1.2514656062167773e-05
2964.27,1.2607407118709175e-05
2964.28,1.2571333427371047e-05
2964.29,1.241652094230929e-05
2964.3,1.2154166932476984e-05
2964.31,1.1798297924029691e-05
2964.32,1.136554344670791e-05
2964.33,1.087710857152756e-05
2964.34,1.0355858675367064e-05
2964.35,9.823476253204075e-06
2964.36,9.297814031061844e-06
2964.37,8.792196056765815e-06
2964.38,8.314273336643001e-06
2964.39,7.8674257358661e-06
2964.4,7.452276267454258e-06
2964.41,7.068313316059282e-06
2964.42,6.714237442277186e-06
2964.43,6.388445549151606e-06
2964.44,6.088648940581504e-06
2964.45,5.812510716025277e-06
2964.46,5.557790031114194e-06
2964.47,5.323501252191957e-06
2964.48,5.108676083464829e-06
2964.49,4.912751947314182e-06
2964.5,4.735704474806992e-06
2964.51,4.5778011660649545e-06
2964.52,4.439371920926562e-06
2964.53,4.320921552058219e-06
2964.54,4.22270557915869e-06
2964.55,4.144401230650299e-06
2964.56,4.084573930307335e-06
2964.57,4.040021305751743e-06
2964.58,4.0050413533976356e-06
2964.59,3.971471427480967e-06
2964.6,3.92914278322459e-06
2964.61,3.8688971743545405e-06
2964.62,3.785135282190882e-06
2964.63,3.678352331176186e-06
2964.64,3.5543684643956615e-06
2964.65,3.421710273271458e-06
2964.66,3.289140456965367e-06
2964.67,3.1621618434296907e-06
2964.68,3.045879759773326e-06
2964.69,2.9439371420668755e-06
2964.7,2.85951038176546e-06
2964.71,2.7954134492317253e-06
2964.72,2.753997561749914e-06
2964.73,2.7366654986659064e-06
2964.74,2.745668076756961e-06
2964.75,2.782054553720708e-06
2964.76,2.8473723847054554e-06
2964.77,2.941857085023433e-06
2964.78,3.065025650467578e-06
2964.79,3.2108249093376386e-06
2964.8,3.3684534619500983e-06
2964.81,3.521959811765102e-06
2964.82,3.652543728660921e-06
2964.83,3.7425612945458415e-06
2964.84,3.7797007046930335e-06
2964.85,3.7594596814883953e-06
2964.86,3.6849696804634613e-06
2964.87,3.5649936168129406e-06
2964.88,3.4117509223145323e-06
2964.89,3.238812519302139e-06
2964.9,3.0605508165206464e-06
2964.91,2.8917617040692263e-06
2964.92,2.7430041290334297e-06
2964.93,2.6208468219568333e-06
2964.94,2.528495696306434e-06
2964.95,2.463388934557306e-06
2964.96,2.419683618042547e-06
2964.97,2.3879438462116596e-06
2964.98,2.357337877227962e-06
2964.99,2.3186569985302363e-06
2965.0,2.2665990535388513e-06
2965.01,2.201308132487937e-06
2965.02,2.125092940980738e-06
2965.03,2.0422366227333855e-06
2965.04,1.9580163793087727e-06
2965.05,1.8764820919667362e-06
2965.06,1.799685821102025e-06
2965.07,1.7274434034828314e-06
2965.08,1.6575892765172187e-06
2965.09,1.5866794065291388e-06
2965.1,1.513349638028872e-06
2965.11,1.4386205183414354e-06
2965.12,1.365816528306119e-06
2965.13,1.2982827343917281e-06
2965.14,1.2388531975004782e-06
2965.15,1.1897172033049823e-06
2965.16,1.1514625842435536e-06
2965.17,1.1239361724432266e-06
2965.18,1.1068570511119044e-06
2965.19,1.0997463255118015e-06
2965.2,1.1021214791983144e-06
2965.21,1.1135350918296327e-06
2965.22,1.1338515163560242e-06
2965.23,1.162662334844912e-06
2965.24,1.2002731345243383e-06
2965.25,1.2472015481555057e-06
2965.26,1.3036351210728615e-06
2965.27,1.3707952492775218e-06
2965.28,1.4485377035063502e-06
2965.29,1.536271938303024e-06
2965.3,1.632447181340354e-06
2965.31,1.732710168188058e-06
2965.32,1.8309770820597935e-06
2965.33,1.9201197027466144e-06
2965.34,1.995081097500126e-06
2965.35,2.055237532716389e-06
2965.36,2.1045853861134536e-06
2965.37,2.1496673463251195e-06
2965.38,2.196627022144784e-06
2965.39,2.249790971601632e-06
2965.4,2.3121849926964075e-06
2965.41,2.386822174217963e-06
2965.42,2.4771064904565207e-06
2965.43,2.5856557715310607e-06
2965.44,2.71217185735695e-06
2965.45,2.851521311485714e-06
2965.46,2.993030405997034e-06
2965.47,3.1218411402933932e-06
2965.48,3.2223916075562135e-06
2965.49,3.283256486878592e-06
2965.5,3.301131355133482e-06
2965.51,3.28003783930002e-06
2965.52,3.227611447100832e-06
2965.53,3.150947808178404e-06
2965.54,3.0542848947213326e-06
2965.55,2.943171269876997e-06
2965.56,2.8258164885635588e-06
2965.57,2.7131765079139203e-06
2965.58,2.6163186525786507e-06
2965.59,2.543318171290132e-06
2965.6,2.497401531787512e-06
2965.61,2.476096151807746e-06
2965.62,2.471163960388187e-06
2965.63,2.470051210256042e-06
2965.64,2.4581556524743004e-06
2965.65,2.423542282128823e-06
2965.66,2.3610836002572434e-06
2965.67,2.273950283387387e-06
2965.68,2.1709993067385978e-06
2965.69,2.063929522893698e-06
2965.7,1.9609600516064137e-06
2965.71,1.8662481885755253e-06
2965.72,1.7798849869420093e-06
2965.73,1.6988398269207792e-06
2965.74,1.6202330734950094e-06
2965.75,1.5422792247482537e-06
2965.76,1.4657536371604304e-06
2965.77,1.393275991334647e-06
2965.78,1.328044861416934e-06
2965.79,1.2726053797884916e-06
2965.8,1.2285919321867853e-06
2965.81,1.1965381924238942e-06
2965.82,1.1771969275272699e-06
2965.83,1.1703336176815618e-06
2965.84,1.1763468941656791e-06
2965.85,1.1952637620714579e-06
2965.86,1.227413735803096e-06
2965.87,1.2731285440959489e-06
2965.88,1.3324821050818517e-06
2965.89,1.4048462147770123e-06
2965.9,1.4882596752588136e-06
2965.91,1.5787412705187126e-06
2965.92,1.6699273872829615e-06
2965.93,1.7539709636312497e-06
2965.94,1.8221457872630425e-06
2965.95,1.8695530186077852e-06
2965.96,1.8957728707196114e-06
2965.97,1.9052070340039399e-06
2965.98,1.9052387541363212e-06
2965.99,1.9037936992376218e-06
2966.0,1.9076312599634176e-06
2966.01,1.9210364679405807e-06
2966.02,1.9456021086090418e-06
2966.03,1.9805558388231464e-06
2966.04,2.0257524241215953e-06
2966.05,2.081775279570354e-06
2966.06,2.1518036905410147e-06
2966.07,2.241309555357922e-06
2966.08,2.355774127911827e-06
2966.09,2.499269496624584e-06
2966.1,2.6730505576353293e-06
2966.11,2.8744400987269245e-06
2966.12,3.0951398963232334e-06
2966.13,3.321390224347715e-06
2966.14,3.535538913586771e-06
2966.15,3.7180248849956757e-06
2966.16,3.851483035810764e-06
2966.17,3.924276617244282e-06
2966.18,3.93048520629871e-06
2966.19,3.870505509008685e-06
2966.2,3.7502286167843798e-06
2966.21,3.5811435494239123e-06
2966.22,3.3796696005735047e-06
2966.23,3.1651024724349443e-06
2966.24,2.954756515809328e-06
2966.25,2.7628490155897256e-06
2966.26,2.597738354355335e-06
2966.27,2.4628433393317347e-06
2966.28,2.357522147942267e-06
2966.29,2.2770106676828778e-06
2966.3,2.2176028229869565e-06
2966.31,2.1745122998939212e-06
2966.32,2.145929733221922e-06
2966.33,2.1318035371699954e-06
2966.34,2.1327887009044095e-06
2966.35,2.147321540641367e-06
2966.36,2.172301731859718e-06
2966.37,2.200355010445059e-06
2966.38,2.221574229546295e-06
2966.39,2.2263925374509933e-06
2966.4,2.2076907595732546e-06
2966.41,2.1651095947094275e-06
2966.42,2.104178944363226e-06
2966.43,2.0346511969240572e-06
2966.44,1.967087210270515e-06
2966.45,1.9109508456603976e-06
2966.46,1.8715433580274421e-06
2966.47,1.8520306430278283e-06
2966.48,1.8524977091331632e-06
2966.49,1.8702642058165006e-06
2966.5,1.901025278590783e-06
2966.51,1.9369263026141043e-06
2966.52,1.9717403760722566e-06
2966.53,1.997854918669693e-06
2966.54,2.0115447362211897e-06
2966.55,2.012060108702544e-06
2966.56,2.003762723207434e-06
2966.57,1.9935277509447803e-06
2966.58,1.988985988557048e-06
2966.59,1.996026008227039e-06
2966.6,2.0190547163220554e-06
2966.61,2.059194952449281e-06
2966.62,2.1160200832667936e-06
2966.63,2.18736468243767e-06
2966.64,2.2680071618906663e-06
2966.65,2.3527904243998683e-06
2966.66,2.438132588283205e-06
2966.67,2.523157605477419e-06
2966.68,2.6107152221066637e-06
2966.69,2.7072194288303653e-06
2966.7,2.8197818561869096e-06
2966.71,2.954497888103636e-06
2966.72,3.1151441520074405e-06
2966.73,3.3028031090927604e-06
2966.74,3.5167006468049406e-06
2966.75,3.7552107189734376e-06
2966.76,4.016382355322316e-06
2966.77,4.296969416530492e-06
2966.78,4.591905148932737e-06
2966.79,4.891569766611045e-06
2966.8,5.182992665407228e-06
2966.81,5.451174758296913e-06
2966.82,5.679993127053749e-06
2966.83,5.855555353482914e-06
2966.84,5.964764970922322e-06
2966.85,5.996255687448888e-06
2966.86,5.944421915886688e-06
2966.87,5.812264391307817e-06
2966.88,5.61378980974802e-06
2966.89,5.370453267959228e-06
2966.9,5.10494354306397e-06
2966.91,4.835872227696924e-06
2966.92,4.575126227486606e-06
2966.93,4.327595364100495e-06
2966.94,4.092543245996776e-06
2966.95,3.8652817239490716e-06
2966.96,3.639560256709475e-06
2966.97,3.410326934173658e-06
2966.98,3.1759660795257856e-06
2966.99,2.9392879673372543e-06
2967.0,2.7056635534272045e-06
2967.01,2.4811208935867403e-06
2967.02,2.2706293595807616e-06
2967.03,2.0774331827511942e-06
2967.04,1.9031098141096769e-06
2967.05,1.7479158763274786e-06
2967.06,1.6111909665958063e-06
2967.07,1.4916585402380677e-06
2967.08,1.3874189592220201e-06
2967.09,1.2974096468126077e-06
2967.1,1.2200552991010582e-06
2967.11,1.1537193469905815e-06
2967.12,1.0972632896999694e-06
2967.13,1.049614420117012e-06
2967.14,1.0100404030780714e-06
2967.15,9.776969758211566e-07
2967.16,9.522071374441324e-07
2967.17,9.329734839300972e-07
2967.18,9.202759682923374e-07
2967.19,9.141032420245309e-07
2967.2,9.140874412526172e-07
2967.21,9.197021796888494e-07
2967.22,9.309169131834017e-07
2967.23,9.465401727223681e-07
2967.24,9.65421898822425e-07
2967.25,9.853496183038584e-07
2967.26,1.0042381979669512e-06
2967.27,1.0199637516107665e-06
2967.28,1.0317001402619842e-06
2967.29,1.0402792820063096e-06
2967.3,1.0482008916747978e-06
2967.31,1.0588154926541835e-06
2967.32,1.0750758723765896e-06
2967.33,1.0994476870647132e-06
2967.34,1.1349336871862918e-06
2967.35,1.1822944054649495e-06
2967.36,1.2433621296080079e-06
2967.37,1.319900842214962e-06
2967.38,1.4137094613109488e-06
2967.39,1.5268810274727452e-06
2967.4,1.6608544493057294e-06
2967.41,1.8169419777429352e-06
2967.42,1.9949263669892687e-06
2967.43,2.1919590714310744e-06
2967.44,2.4014635445180666e-06
2967.45,2.6122346564202593e-06
2967.46,2.809035552521452e-06
2967.47,2.9743861158124503e-06
2967.48,3.0940217520762373e-06
2967.49,3.1594075448160743e-06
2967.5,3.1690135936505566e-06
2967.51,3.1282338304864367e-06
2967.52,3.0448487260229097e-06
2967.53,2.927622315344142e-06
2967.54,2.785968059654161e-06
2967.55,2.6302227766803537e-06
2967.56,2.4710282505250744e-06
2967.57,2.3180413879686855e-06
2967.58,2.1787978944659753e-06
2967.59,2.057359660881286e-06
2967.6,1.955178313001175e-06
2967.61,1.872594137742249e-06
2967.62,1.8080758101265476e-06
2967.63,1.7599590742798972e-06
2967.64,1.7250895182762643e-06
2967.65,1.6997915492982216e-06
2967.66,1.6813085595904755e-06
2967.67,1.668187254711748e-06
2967.68,1.6602294825192937e-06
2967.69,1.6581282618266266e-06
2967.7,1.6616509565690286e-06
2967.71,1.6687998648793294e-06
2967.72,1.6760073775364828e-06
2967.73,1.6784528973736961e-06
2967.74,1.671227161922298e-06
2967.75,1.6509257220353523e-06
2967.76,1.617456715223511e-06
2967.77,1.5740540786079661e-06
2967.78,1.5261300194521015e-06
2967.79,1.4803050062275145e-06
2967.8,1.4412609080299078e-06
2967.81,1.4119851870963012e-06
2967.82,1.3934034201876633e-06
2967.83,1.3844033256612648e-06
2967.84,1.3821565259417742e-06
2967.85,1.38292460132065e-06
2967.86,1.38293004155302e-06
2967.87,1.3794311763670125e-06
2967.88,1.371637374824408e-06
2967.89,1.360230270773426e-06
2967.9,1.348949748072355e-06
2967.91,1.3408647008494618e-06
2967.92,1.3395306511804387e-06
2967.93,1.347151934248729e-06
2967.94,1.365799247417715e-06
2967.95,1.396367862698992e-06
2967.96,1.4367323803136458e-06
2967.97,1.484428766685048e-06
2967.98,1.536497007273445e-06
2967.99,1.5895900993069952e-06
2968.0,1.6428029233235222e-06
2968.01,1.6959396144776314e-06
2968.02,1.7523289746137565e-06
2968.03,1.8148478206365177e-06
2968.04,1.8870938926683458e-06
2968.05,1.972855953714639e-06
2968.06,2.0753425140907584e-06
2968.07,2.197044059611924e-06
2968.08,2.3411098830967107e-06
2968.09,2.505993618280633e-06
2968.1,2.6877058176448186e-06
2968.11,2.876525296057652e-06
2968.12,3.060436032378943e-06
2968.13,3.225015351144111e-06
2968.14,3.357095631340449e-06
2968.15,3.446939497914526e-06
2968.16,3.4878511748016585e-06
2968.17,3.477110709906193e-06
2968.18,3.4144595411430026e-06
2968.19,3.30519414948188e-06
2968.2,3.1603746132381996e-06
2968.21,2.9962984537421125e-06
2968.22,2.8281745089584433e-06
2968.23,2.669513457765288e-06
2968.24,2.528655323130946e-06
2968.25,2.409290908516466e-06
2968.26,2.310862762397634e-06
2968.27,2.2281232144662425e-06
2968.28,2.152817770859056e-06
2968.29,2.076122511008661e-06
2968.3,1.991326809868281e-06
2968.31,1.8969387145027069e-06
2968.32,1.795720531300579e-06
2968.33,1.6934549665804197e-06
2968.34,1.5961757228532185e-06
2968.35,1.5082352563278081e-06
2968.36,1.4323508028566875e-06
2968.37,1.3686888171791455e-06
2968.38,1.3159096835804662e-06
2968.39,1.2724186165186108e-06
2968.4,1.2351190665297805e-06
2968.41,1.201648992531561e-06
2968.42,1.1695944991682913e-06
2968.43,1.1376871377266928e-06
2968.44,1.105828694527448e-06
2968.45,1.0747835596921107e-06
2968.46,1.046689399111776e-06
2968.47,1.0231598138085137e-06
2968.48,1.0055827070239058e-06
2968.49,9.95540053502335e-07
2968.5,9.939251773145189e-07
2968.51,1.0010933194687847e-06
2968.52,1.0164863345390574e-06
2968.53,1.039457315297128e-06
2968.54,1.067775860365217e-06
2968.55,1.098224514406739e-06
2968.56,1.1268762975603602e-06
2968.57,1.1497795854957853e-06
2968.58,1.1637798605042118e-06
2968.59,1.1680377847267125e-06
2968.6,1.164188789926065e-06
2968.61,1.1563863660819275e-06
2968.62,1.1492547508265076e-06
2968.63,1.1473834203825876e-06
2968.64,1.1554989125883606e-06
2968.65,1.175276786071913e-06
2968.66,1.2083243307008398e-06
2968.67,1.2559228332252771e-06
2968.68,1.3187614635618355e-06
2968.69,1.3971734395480155e-06
2968.7,1.491174726905808e-06
2968.71,1.6003919926439078e-06
2968.72,1.7242217336609774e-06
2968.73,1.8619905525479125e-06
2968.74,2.012939505289294e-06
2968.75,2.1755978435419294e-06
2968.76,2.346529692970864e-06
2968.77,2.518627555755067e-06
2968.78,2.680483835340876e-06
2968.79,2.8175895856260985e-06
2968.8,2.9156731010767823e-06
2968.81,2.964853292940939e-06
2968.82,2.96229465958393e-06
2968.83,2.911976032492197e-06
2968.84,2.821795807330841e-06
2968.85,2.7004387239388793e-06
2968.86,2.5556727814922864e-06
2968.87,2.3947816883986404e-06
2968.88,2.226317658966736e-06
2968.89,2.0587675684527656e-06
2968.9,1.8999096140765116e-06
2968.91,1.7555747677455453e-06
2968.92,1.629115514213127e-06
2968.93,1.5218272059750587e-06
2968.94,1.433659275030174e-06
2968.95,1.3638842151836223e-06
2968.96,1.3110880950761831e-06
2968.97,1.2743222065808297e-06
2968.98,1.2517110007740682e-06
2968.99,1.2407485131116787e-06
2969.0,1.2382553937546351e-06
2969.01,1.2400006600178998e-06
2969.02,1.2419370125737423e-06
2969.03,1.238662085909542e-06
2969.04,1.2252520519887483e-06
2969.05,1.1987972580509061e-06
2969.06,1.158785483415944e-06
2969.07,1.1078539187336914e-06
2969.08,1.0505964118233266e-06
2969.09,9.91916612784097e-07
2969.1,9.359642222788063e-07
2969.11,8.848548311151562e-07
2969.12,8.39780146585508e-07
2969.13,8.00787561922038e-07
2969.14,7.671471419284658e-07
2969.15,7.378171001532254e-07
2969.16,7.118728725357353e-07
2969.17,6.886278464961893e-07
2969.18,6.684287780913038e-07
2969.19,6.51355294643024e-07
2969.2,6.378249696824209e-07
2969.21,6.277849011757204e-07
2969.22,6.214344165970881e-07
2969.23,6.189820096660541e-07
2969.24,6.200151712913938e-07
2969.25,6.247139651605918e-07
2969.26,6.331271994534957e-07
2969.27,6.453786015975547e-07
2969.28,6.616706027738537e-07
2969.29,6.823812541669015e-07
2969.3,7.079037413060548e-07
2969.31,7.387327069815299e-07
2969.32,7.755546606102854e-07
2969.33,8.190929830241081e-07
2969.34,8.709668296208071e-07
2969.35,9.321788295982627e-07
2969.36,1.0038396440448102e-06
2969.37,1.088262292010623e-06
2969.38,1.1866326868866984e-06
2969.39,1.3004078366415581e-06
2969.4,1.430172099811992e-06
2969.41,1.5755046492342675e-06
2969.42,1.7344663634809427e-06
2969.43,1.9020855670969705e-06
2969.44,2.0708883288874317e-06
2969.45,2.2315890438659503e-06
2969.46,2.3745139588381627e-06
2969.47,2.490427165539172e-06
2969.48,2.5712411274458636e-06
2969.49,2.608762873320649e-06
2969.5,2.596559666953073e-06
2969.51,2.5328712968049583e-06
2969.52,2.425645555517946e-06
2969.53,2.29005047516704e-06
2969.54,2.145336119771994e-06
2969.55,2.007949548978386e-06
2969.56,1.889249972075452e-06
2969.57,1.7932400146521984e-06
2969.58,1.7202424703552289e-06
2969.59,1.6666022570853173e-06
2969.6,1.6246657599570181e-06
2969.61,1.5866151636077845e-06
2969.62,1.5447122312156461e-06
2969.63,1.494454136438253e-06
2969.64,1.4361803343077456e-06
2969.65,1.3725651402917605e-06
2969.66,1.3087076365854948e-06
2969.67,1.249584006746338e-06
2969.68,1.198007359751855e-06
2969.69,1.1552233025656128e-06
2969.7,1.121921717734528e-06
2969.71,1.0982791323083797e-06
2969.72,1.0841951703019365e-06
2969.73,1.0786301423667867e-06
2969.74,1.0811136060141856e-06
2969.75,1.091251473619959e-06
2969.76,1.1077863940966795e-06
2969.77,1.1301635181223543e-06
2969.78,1.1559479869567212e-06
2969.79,1.1839229780815927e-06
2969.8,1.2121797485649608e-06
2969.81,1.2407776352552402e-06
2969.82,1.2708733716921219e-06
2969.83,1.3035527291392936e-06
2969.84,1.3409979463962576e-06
2969.85,1.3840056018652891e-06
2969.86,1.4307094151409694e-06
2969.87,1.4789444067189769e-06
2969.88,1.526719258898647e-06
2969.89,1.5718278466422305e-06
2969.9,1.6149478358157077e-06
2969.91,1.6574870810393202e-06
2969.92,1.7030916766027628e-06
2969.93,1.7549981402918619e-06
2969.94,1.8145473323694498e-06
2969.95,1.8834160747472719e-06
2969.96,1.961739200209268e-06
2969.97,2.0508753684413314e-06
2969.98,2.1523056927208073e-06
2969.99,2.2673324265669865e-06
2970.0,2.3963367237917612e-06
2970.01,2.538582422533292e-06
2970.02,2.6916911463074766e-06
2970.03,2.8552911512327238e-06
2970.04,3.0314920396372925e-06
2970.05,3.2256336163750713e-06
2970.06,3.4441484743332847e-06
2970.07,3.6931227825190623e-06
2970.08,3.974994624938334e-06
2970.09,4.288347718035691e-06
2970.1,4.624913032101208e-06
2970.11,4.974429607247987e-06
2970.12,5.323175199945933e-06
2970.13,5.660608141118972e-06
2970.14,5.979102800407414e-06
2970.15,6.278360104848649e-06
2970.16,6.562592820481305e-06
2970.17,6.842016958926267e-06
2970.18,7.130981200367481e-06
2970.19,7.447198950369149e-06
2970.2,7.809820187046639e-06
2970.21,8.237529182101397e-06
2970.22,8.74415633980912e-06
2970.23,9.336742641775022e-06
2970.24,1.0013102681246984e-05
2970.25,1.0761297010993434e-05
2970.26,1.1554457073384515e-05
2970.27,1.2349848907408998e-05
2970.28,1.3089604822094566e-05
2970.29,1.3706937029850177e-05
2970.3,1.4136899111071895e-05
2970.31,1.4330756042376016e-05
2970.32,1.4263594657243454e-05
2970.33,1.3937643410411264e-05
2970.34,1.3379062016207287e-05
2970.35,1.2631098727666238e-05
2970.36,1.174712700095595e-05
2970.37,1.0784023708435406e-05
2970.38,9.79637952658487e-06
2970.39,8.831413058025518e-06
2970.4,7.924293015994747e-06
2970.41,7.098430872195196e-06
2970.42,6.364736977371395e-06
2970.43,5.725029261803102e-06
2970.44,5.175054478035013e-06
2970.45,4.707307680379975e-06
2970.46,4.313062746586935e-06
2970.47,3.983559922189652e-06
2970.48,3.7104713401346152e-06
2970.49,3.485972924556393e-06
2970.5,3.302416826488155e-06
2970.51,3.1520016854905127e-06
2970.52,3.0272497887107595e-06
2970.53,2.9219758902193135e-06
2970.54,2.833370767289032e-06
2970.55,2.760957827705263e-06
2970.56,2.706796676718635e-06
2970.57,2.6735756513946225e-06
2970.58,2.662193847185362e-06
2970.59,2.671316256773554e-06
2970.6,2.698009185010812e-06
2970.61,2.7383150743900053e-06
2970.62,2.7881537267796526e-06
2970.63,2.844378074375807e-06
2970.64,2.9046989600411984e-06
2970.65,2.9682639793015606e-06
2970.66,3.035519378253387e-06
2970.67,3.106670229484037e-06
2970.68,3.1806670854218985e-06
2970.69,3.2574962623725166e-06
2970.7,3.335059993546336e-06
2970.71,3.4130384670529384e-06
2970.72,3.4927650015119995e-06
2970.73,3.576123309760016e-06
2970.74,3.6643261664047797e-06
2970.75,3.7566681332247436e-06
2970.76,3.850498737597375e-06
2970.77,3.94100539641395e-06
2970.78,4.021563159952811e-06
2970.79,4.084352046685922e-06
2970.8,4.1222591646966905e-06
2970.81,4.127961361354351e-06
2970.82,4.096045405653867e-06
2970.83,4.025387367824035e-06
2970.84,3.922390483015347e-06
2970.85,3.7999859273021057e-06
2970.86,3.67391566002994e-06
2970.87,3.5573656700148864e-06
2970.88,3.4582566190156335e-06
2970.89,3.3798453678015796e-06
2970.9,3.3217270200641874e-06
2970.91,3.2804985135929076e-06
2970.92,3.2489502247048856e-06
2970.93,3.2166927922693283e-06
2970.94,3.171831703249073e-06
2970.95,3.1050035854230664e-06
2970.96,3.011464231580773e-06
2970.97,2.8917944089406327e-06
2970.98,2.749177085425196e-06
2970.99,2.589494923230981e-06
2971.0,2.4200660429673516e-06
2971.01,2.2497099535627554e-06
2971.02,2.087305690832329e-06
2971.03,1.9400920927858843e-06
2971.04,1.8130554787539103e-06
2971.05,1.7081870582860041e-06
2971.06,1.6254669196319976e-06
2971.07,1.5645058714113506e-06
2971.08,1.522807415161623e-06
2971.09,1.4979690519676703e-06
2971.1,1.4869689528969121e-06
2971.11,1.4871338787460664e-06
2971.12,1.4955854927617664e-06
2971.13,1.5104939285253453e-06
2971.14,1.5307502883650614e-06
2971.15,1.5560295866753468e-06
2971.16,1.585298746681459e-06
2971.17,1.61649583896253e-06
2971.18,1.6444873527471876e-06
2971.19,1.6620748086924033e-06
2971.2,1.6619718014433466e-06
2971.21,1.6398331471310752e-06
2971.22,1.5962800561368629e-06
2971.23,1.53682262274445e-06
2971.24,1.4708953804870905e-06
2971.25,1.4063051108378512e-06
2971.26,1.3492891527834027e-06
2971.27,1.3040444587905365e-06
2971.28,1.2726607935710322e-06
2971.29,1.2558741722522829e-06
2971.3,1.2539319613293266e-06
2971.31,1.2669036564184523e-06
2971.32,1.2953282470366517e-06
2971.33,1.339639946382635e-06
2971.34,1.40069034113984e-06
2971.35,1.479660161922439e-06
2971.36,1.5776774837945128e-06
2971.37,1.695743025194094e-06
2971.38,1.833915587121391e-06
2971.39,1.991108940494345e-06
2971.4,2.164012858048684e-06
2971.41,2.346617289666385e-06
2971.42,2.5295584961685508e-06
2971.43,2.7008833965670476e-06
2971.44,2.8469495632929875e-06
2971.45,2.956614611014326e-06
2971.46,3.023163042174424e-06
2971.47,3.0455088573689813e-06
2971.48,3.026633149220724e-06
2971.49,2.9705918566338154e-06
2971.5,2.8803215288122037e-06
2971.51,2.7579694242385454e-06
2971.52,2.607118174394912e-06
2971.53,2.43529519141293e-06
2971.54,2.2531953615609593e-06
2971.55,2.072534470147577e-06
2971.56,1.903147654201874e-06
2971.57,1.7514707400567589e-06
2971.58,1.6210897798199881e-06
2971.59,1.5129134509258113e-06
2971.6,1.4265425068111436e-06
2971.61,1.3605133537651193e-06
2971.62,1.3137983348122067e-06
2971.63,1.284353629362694e-06
2971.64,1.269955431544003e-06
2971.65,1.2672046711864303e-06
2971.66,1.2714264797645726e-06
2971.67,1.2768092365562542e-06
2971.68,1.2773788748633047e-06
2971.69,1.2679066007626176e-06
2971.7,1.2462429146123903e-06
2971.71,1.2136980806666003e-06
2971.72,1.1738886865312378e-06
2971.73,1.1304943752633447e-06
2971.74,1.0862888492259138e-06
2971.75,1.0428515489781043e-06
2971.76,1.0012762102503653e-06
2971.77,9.628618693460079e-07
2971.78,9.292063147170362e-07
2971.79,9.017118343807733e-07
2971.8,8.811590666463362e-07
2971.81,8.673268770266682e-07
2971.82,8.58836516206447e-07
2971.83,8.533009909910302e-07
2971.84,8.477048821773908e-07
2971.85,8.392505865589551e-07
2971.86,8.264521123346296e-07
2971.87,8.096465619117828e-07
2971.88,7.906687651674257e-07
2971.89,7.718133387072709e-07
2971.9,7.55885869139484e-07
2971.91,7.443651499107799e-07
2971.92,7.381663029294509e-07
2971.93,7.378269334844552e-07
2971.94,7.437752221462005e-07
2971.95,7.563605148890304e-07
2971.96,7.753218048813705e-07
2971.97,8.0143494379178e-07
2971.98,8.353045259709169e-07
2971.99,8.777318381983109e-07
2972.0,9.297242596099408e-07
2972.01,9.924830799272948e-07
2972.02,1.0673547152429819e-06
2972.03,1.1557195877630297e-06
2972.04,1.2584011481753475e-06
2972.05,1.3768491843713922e-06
2972.06,1.5103481451863284e-06
2972.07,1.656868628503465e-06
2972.08,1.8125171745783957e-06
2972.09,1.9709832331737e-06
2972.1,2.1239325439314814e-06
2972.11,2.262008192564035e-06
2972.12,2.3753813273588983e-06
2972.13,2.4538024393221048e-06
2972.14,2.487604401792085e-06
2972.15,2.4708383590915508e-06
2972.16,2.405097875278992e-06
2972.17,2.300889775790169e-06
2972.18,2.1742636231815767e-06
2972.19,2.0415192673601236e-06
2972.2,1.9150161742599835e-06
2972.21,1.802297042957872e-06
2972.22,1.7071230222965227e-06
2972.23,1.6308751525077168e-06
2972.24,1.572821192861344e-06
2972.25,1.530235553720016e-06
2972.26,1.4982373698106074e-06
2972.27,1.4702977692000497e-06
2972.28,1.4394854609112223e-06
2972.29,1.4001947136528222e-06
2972.3,1.350289370135573e-06
2972.31,1.2909643359335585e-06
2972.32,1.226320733716577e-06
2972.33,1.1615304105565062e-06
2972.34,1.101233947958915e-06
2972.35,1.0488762914298035e-06
2972.36,1.0063148391839632e-06
2972.37,9.74204535668303e-07
2972.38,9.523697071447666e-07
2972.39,9.402456838838005e-07
2972.4,9.365988483286446e-07
2972.41,9.400194052631929e-07
2972.42,9.493468744815765e-07
2972.43,9.631136653530953e-07
2972.44,9.797885133280013e-07
2972.45,9.982855178971372e-07
2972.46,1.0171702268090687e-06
2972.47,1.0369434787885688e-06
2972.48,1.056802283967994e-06
2972.49,1.075033227055598e-06
2972.5,1.0893774206513263e-06
2972.51,1.0973203895607786e-06
2972.52,1.0971064538063799e-06
2972.53,1.0894587001240154e-06
2972.54,1.0756776177188071e-06
2972.55,1.0577689450728291e-06
2972.56,1.038455071012117e-06
2972.57,1.0200518524362262e-06
2972.58,1.0048729472728491e-06
2972.59,9.950959474259176e-07
2972.6,9.9186055179477e-07
2972.61,9.969846379445917e-07
2972.62,1.0113741078976209e-06
2972.63,1.0354660583795332e-06
2972.64,1.0701984085726301e-06
2972.65,1.1161866261248761e-06
2972.66,1.17436520444305e-06
2972.67,1.2458361494420105e-06
2972.68,1.3318491844706517e-06
2972.69,1.4336651767763165e-06
2972.7,1.5522886659514365e-06
2972.71,1.6880708706774883e-06
2972.72,1.840221848568876e-06
2972.73,2.0051052920357492e-06
2972.74,2.176782377334935e-06
2972.75,2.3458027920109077e-06
2972.76,2.5002564444779345e-06
2972.77,2.628045204754325e-06
2972.78,2.720002687307458e-06
2972.79,2.772313758781277e-06
2972.8,2.7868787853635474e-06
2972.81,2.769157650416856e-06
2972.82,2.72515585511834e-06
2972.83,2.659186232996243e-06
2972.84,2.5737506181562615e-06
2972.85,2.4711613864115073e-06
2972.86,2.3554418551191473e-06
2972.87,2.2325003560528174e-06
2972.88,2.1091555398607547e-06
2972.89,1.991460071449811e-06
2972.9,1.8840182470248495e-06
2972.91,1.7898787923028072e-06
2972.92,1.7110200493831496e-06
2972.93,1.6486044211252053e-06
2972.94,1.6032199506823506e-06
2972.95,1.5746841656982493e-06
2972.96,1.5618417430564498e-06
2972.97,1.5623342019763371e-06
2972.98,1.571561768886977e-06
2972.99,1.5840098985955625e-06
2973.0,1.5939578566483706e-06
2973.01,1.5947410849605425e-06
2973.02,1.5828655478113955e-06
2973.03,1.558712698708106e-06
2973.04,1.5259745106808573e-06
2973.05,1.4901909261045345e-06
2973.06,1.4567317503097931e-06
2973.07,1.4291004937474623e-06
2973.08,1.4090587870844347e-06
2973.09,1.3965428415444552e-06
2973.1,1.3904057553170744e-06
2973.11,1.389356729503854e-06
2973.12,1.392524573988957e-06
2973.13,1.4002810836909142e-06
2973.14,1.4137007015527036e-06
2973.15,1.4341565095955521e-06
2973.16,1.4628453981548916e-06
2973.17,1.5005557451844937e-06
2973.18,1.5476599271117501e-06
2973.19,1.604007567607839e-06
2973.2,1.668961262652314e-06
2973.21,1.7413062157646513e-06
2973.22,1.8196228513467818e-06
2973.23,1.901823868931573e-06
2973.24,1.9863713696883718e-06
2973.25,2.0730749481130237e-06
2973.26,2.1634427626757525e-06
2973.27,2.2599586978401283e-06
2973.28,2.3661355521752218e-06
2973.29,2.485830892118745e-06
2973.3,2.6228840865454528e-06
2973.31,2.7809526852704626e-06
2973.32,2.9634864675610126e-06
2973.33,3.1738236203463396e-06
2973.34,3.4154563873890393e-06
2973.35,3.6924789155574947e-06
2973.36,4.009258846229106e-06
2973.37,4.370538807924843e-06
2973.38,4.780714914495081e-06
2973.39,5.243023753235238e-06
2973.4,5.75845561514737e-06
2973.41,6.326189099385792e-06
2973.42,6.942371507660671e-06
2973.43,7.602216226462332e-06
2973.44,8.302681550900494e-06
2973.45,9.045048403002825e-06
2973.46,9.836585705794358e-06
2973.47,1.0691727206155082e-05
2973.48,1.1628299075332318e-05
2973.49,1.2663270284058539e-05
2973.5,1.3805233559159408e-05
2973.51,1.5047727647757417e-05
2973.52,1.6362791498240603e-05
2973.53,1.7698041692934836e-05
2973.54,1.8979200546506497e-05
2973.55,2.0107785770743227e-05
2973.56,2.09811356347601e-05
2973.57,2.1507795518040306e-05
2973.58,2.1622993089553348e-05
2973.59,2.1304366740718026e-05
2973.6,2.057353387452506e-05
2973.61,1.9493170584958673e-05
2973.62,1.8155546938291106e-05
2973.63,1.6663330071358357e-05
2973.64,1.5116269765606923e-05
2973.65,1.3597070711218418e-05
2973.66,1.2165377513095648e-05
2973.67,1.0858517768960107e-05
2973.68,9.694037182492856e-06
2973.69,8.674923103853143e-06
2973.7,7.793935574669394e-06
2973.71,7.038302200089445e-06
2973.72,6.393022750030591e-06
2973.73,5.8438012397169e-06
2973.74,5.378509863193517e-06
2973.75,4.987376099421792e-06
2973.76,4.662898801030314e-06
2973.77,4.398042797724954e-06
2973.78,4.1861778595485115e-06
2973.79,4.0200989157349834e-06
2973.8,3.891395760796979e-06
2973.81,3.7903408790791875e-06
2973.82,3.706638989535901e-06
2973.83,3.631236508498124e-06
2973.84,3.557921260689585e-06
2973.85,3.4838384716082344e-06
2973.86,3.4101369181845148e-06
2973.87,3.3375535297441666e-06
2973.88,3.266300186998712e-06
2973.89,3.193595846754606e-06
2973.9,3.1150922703663737e-06
2973.91,3.027063644387001e-06
2973.92,2.928315394040288e-06
2973.93,2.8217962279595856e-06
2973.94,2.7109759379926936e-06
2973.95,2.6002046979322674e-06
2973.96,2.4933273274702067e-06
2973.97,2.3956975590348257e-06
2973.98,2.3119543103436753e-06
2973.99,2.247101311754223e-06
2974.0,2.2036696073099863e-06
2974.01,2.1808864855801262e-06
2974.02,2.176704318683245e-06
2974.03,2.187559840119362e-06
2974.04,2.2079897526052245e-06
2974.05,2.2327299043212778e-06
2974.06,2.257232814078472e-06
2974.07,2.2784886951336957e-06
2974.08,2.2932854681959945e-06
2974.09,2.298927612952842e-06
2974.1,2.2936507769700614e-06
2974.11,2.2779473314618736e-06
2974.12,2.254331776081226e-06
2974.13,2.226166713580706e-06
2974.14,2.194862716738805e-06
2974.15,2.158739336448668e-06
2974.16,2.1152344157263287e-06
2974.17,2.0603716495177825e-06
2974.18,1.993314505968837e-06
2974.19,1.9172157287820697e-06
2974.2,1.836730441145039e-06
2974.21,1.759106126416231e-06
2974.22,1.6887044718176306e-06
2974.23,1.6298400454185668e-06
2974.24,1.5853291095033099e-06
2974.25,1.5548807759441808e-06
2974.26,1.536807494818046e-06
2974.27,1.5275126196059927e-06
2974.28,1.5241998944116478e-06
2974.29,1.5235644014830526e-06
2974.3,1.5237429627034538e-06
2974.31,1.5222036897235836e-06
2974.32,1.5153944065776866e-06
2974.33,1.4994261602611526e-06
2974.34,1.4704031945605989e-06
2974.35,1.4287753798883725e-06
2974.36,1.3765075028751188e-06
2974.37,1.3177886956447364e-06
2974.38,1.2579427240525127e-06
2974.39,1.2014379951047576e-06
2974.4,1.1501828958704669e-06
2974.41,1.1052076015271774e-06
2974.42,1.0656924943096233e-06
2974.43,1.0309914564443083e-06
2974.44,9.99706288043954e-07
2974.45,9.709830253986485e-07
2974.46,9.438702670454314e-07
2974.47,9.173672331789198e-07
2974.48,8.911397899612903e-07
2974.49,8.655813304615109e-07
2974.5,8.417457797169264e-07
2974.51,8.211113705990404e-07
2974.52,8.046831918155068e-07
2974.53,7.935908110133977e-07
2974.54,7.883948328532749e-07
2974.55,7.88939829856828e-07
2974.56,7.953073827189668e-07
2974.57,8.073286578490742e-07
2974.58,8.247750216967742e-07
2974.59,8.474340543723049e-07
2974.6,8.751930089886598e-07
2974.61,9.081904213798876e-07
2974.62,9.460768075780521e-07
2974.63,9.892124351871355e-07
2974.64,1.036975843874956e-06
2974.65,1.0889593202452386e-06
2974.66,1.145212750554097e-06
2974.67,1.2071078807087286e-06
2974.68,1.277060251020589e-06
2974.69,1.3583272202004218e-06
2974.7,1.4536238603596524e-06
2974.71,1.5643248350207987e-06
2974.72,1.690058638846212e-06
2974.73,1.8280272303930976e-06
2974.74,1.9730272144816804e-06
2974.75,2.1175860022833144e-06
2974.76,2.2520104088219784e-06
2974.77,2.3646871328278903e-06
2974.78,2.444060379409137e-06
2974.79,2.4783225340844054e-06
2974.8,2.460733157074374e-06
2974.81,2.3924890088227963e-06
2974.82,2.2830784614858762e-06
2974.83,2.146775544628008e-06
2974.84,1.99816779782819e-06
2974.85,1.8492803709516919e-06
2974.86,1.7087175108430136e-06
2974.87,1.5818303653677597e-06
2974.88,1.4710955679391286e-06
2974.89,1.376653373880656e-06
2974.9,1.2968931103695508e-06
2974.91,1.229198061342643e-06
2974.92,1.1707744712343337e-06
2974.93,1.119393853101538e-06
2974.94,1.0739367398385999e-06
2974.95,1.0344635583530316e-06
2974.96,1.0018595960337232e-06
2974.97,9.772168684856323e-07
2974.98,9.610709780375707e-07
2974.99,9.53721917706614e-07
2975.0,9.54785208451528e-07
2975.01,9.632003446290934e-07
2975.02,9.777639732882242e-07
2975.03,9.971415445911357e-07
2975.04,1.0200635404774984e-06
2975.05,1.045290851971483e-06
2975.06,1.0714365897187935e-06
2975.07,1.0969764589075916e-06
2975.08,1.1202943749954073e-06
2975.09,1.1398349874251155e-06
2975.1,1.1540378723573563e-06
2975.11,1.1616466786624746e-06
2975.12,1.160688611419319e-06
2975.13,1.1489854004502305e-06
2975.14,1.125495270543045e-06
2975.15,1.0908853397300002e-06
2975.16,1.0479238812770148e-06
2975.17,1.000808822254032e-06
2975.18,9.538387086123717e-07
2975.19,9.105038415297824e-07
2975.2,8.730586875128095e-07
2975.21,8.4271605850231e-07
2975.22,8.200053805829225e-07
2975.23,8.048540780443276e-07
2975.24,7.975409211251789e-07
2975.25,7.976900043599217e-07
2975.26,8.050458895682905e-07
2975.27,8.194708787715282e-07
2975.28,8.404470947462189e-07
2975.29,8.678001917560089e-07
2975.3,9.007368835956742e-07
2975.31,9.376794008095459e-07
2975.32,9.765049130982489e-07
2975.33,1.0158438650903488e-06
2975.34,1.0555769607331313e-06
2975.35,1.0969870684467592e-06
2975.36,1.1422817124756605e-06
2975.37,1.1932252648401352e-06
2975.38,1.2499770839071317e-06
2975.39,1.310437107967508e-06
2975.4,1.3709255227718356e-06
2975.41,1.4266974098184554e-06
2975.42,1.4736025756092016e-06
2975.43,1.509645464920301e-06
2975.44,1.5355870999156857e-06
2975.45,1.5540626964052393e-06
2975.46,1.5675889271942168e-06
2975.47,1.576882736318758e-06
2975.48,1.580671938007478e-06
2975.49,1.5764728003491826e-06
2975.5,1.5629439836659181e-06
2975.51,1.5416064307153333e-06
2975.52,1.5168249977480525e-06
2975.53,1.4943237016364505e-06
2975.54,1.4795932666941373e-06
2975.55,1.4769679011019907e-06
2975.56,1.4889940922510405e-06
2975.57,1.517998361300384e-06
2975.58,1.565551348435422e-06
2975.59,1.6320605778090506e-06
2975.6,1.7155710654119982e-06
2975.61,1.8106470810377206e-06
2975.62,1.908106631057461e-06
2975.63,1.996804629361264e-06
2975.64,2.0664173688398405e-06
2975.65,2.109677411631313e-06
2975.66,2.122098824817806e-06
2975.67,2.1004655775559903e-06
2975.68,2.044817600873267e-06
2975.69,1.957332598871169e-06
2975.7,1.8458294918665555e-06
2975.71,1.7221008722804003e-06
2975.72,1.5986057164714393e-06
2975.73,1.4853558679331608e-06
2975.74,1.3885864939370564e-06
2975.75,1.3107124417539717e-06
2975.76,1.2529074869626101e-06
2975.77,1.2134095662295358e-06
2975.78,1.1895240155614596e-06
2975.79,1.1770517005043275e-06
2975.8,1.1703531767557753e-06
2975.81,1.1619238216669611e-06
2975.82,1.1453663451693698e-06
2975.83,1.1171713895290785e-06
2975.84,1.0784171886666977e-06
2975.85,1.0337251794055305e-06
2975.86,9.888418311590893e-07
2975.87,9.482323177912799e-07
2975.88,9.14508653748279e-07
2975.89,8.889048862224114e-07
2975.9,8.71428183830647e-07
2975.91,8.618503162233048e-07
2975.92,8.59873721203124e-07
2975.93,8.65298240184235e-07
2975.94,8.777135606620185e-07
2975.95,8.973403548632308e-07
2975.96,9.244991386266154e-07
2975.97,9.59667167348129e-07
2975.98,1.0032696191685248e-06
2975.99,1.0560603666042572e-06
2976.0,1.119275653211456e-06
2976.01,1.1939556643061641e-06
2976.02,1.2799561497910264e-06
2976.03,1.3777047195616985e-06
2976.04,1.4862887599157572e-06
2976.05,1.603805019244692e-06
2976.06,1.7252292872146899e-06
2976.07,1.8449697739108777e-06
2976.08,1.955446879996868e-06
2976.09,2.048979106738953e-06
2976.1,2.1166979737389293e-06
2976.11,2.153926757906258e-06
2976.12,2.1591729655858585e-06
2976.13,2.136720291334985e-06
2976.14,2.095663784101091e-06
2976.15,2.0467391743503504e-06
2976.16,1.9997658519768003e-06
2976.17,1.9609924893398852e-06
2976.18,1.9304229358000015e-06
2976.19,1.9061962527450299e-06
2976.2,1.884212938772967e-06
2976.21,1.8615371187845645e-06
2976.22,1.8353646811235026e-06
2976.23,1.8066299146685602e-06
2976.24,1.7762104851438722e-06
2976.25,1.7447320131542299e-06
2976.26,1.7103701247479307e-06
2976.27,1.6737095199512801e-06
2976.28,1.6372618980994119e-06
2976.29,1.6030334041585643e-06
2976.3,1.5753841654394937e-06
2976.31,1.5567674451785681e-06
2976.32,1.54849751645689e-06
2976.33,1.548438656023777e-06
2976.34,1.5559334433169742e-06
2976.35,1.5707323960794568e-06
2976.36,1.5915277013049263e-06
2976.37,1.6197170286478975e-06
2976.38,1.6569343727888966e-06
2976.39,1.7025575518772306e-06
2976.4,1.757966651564344e-06
2976.41,1.8240324108369599e-06
2976.42,1.8982470413773502e-06
2976.43,1.977942580512993e-06
2976.44,2.058666821079392e-06
2976.45,2.133368684379818e-06
2976.46,2.1991108057459624e-06
2976.47,2.2575152743536347e-06
2976.48,2.312864563451341e-06
2976.49,2.3730562365095927e-06
2976.5,2.4451656206736763e-06
2976.51,2.5325524768038034e-06
2976.52,2.6386166889391e-06
2976.53,2.763756435304264e-06
2976.54,2.909341342006044e-06
2976.55,3.075894128757495e-06
2976.56,3.2659154245177815e-06
2976.57,3.4829616831913705e-06
2976.58,3.73112705585452e-06
2976.59,4.013532039858663e-06
2976.6,4.334752620608063e-06
2976.61,4.69858070467725e-06
2976.62,5.1093187977719255e-06
2976.63,5.574669986343983e-06
2976.64,6.105298313769776e-06
2976.65,6.717217147131311e-06
2976.66,7.431779655952916e-06
2976.67,8.273686808675526e-06
2976.68,9.270909504865612e-06
2976.69,1.0454938279688812e-05
2976.7,1.1857894047490592e-05
2976.71,1.3511321320367017e-05
2976.72,1.5438302763677397e-05
2976.73,1.7644719311140717e-05
2976.74,2.009940779426455e-05
2976.75,2.2712730491351747e-05
2976.76,2.5323554075924645e-05
2976.77,2.771549503320201e-05
2976.78,2.9671257290898437e-05
2976.79,3.104106413359947e-05
2976.8,3.178103544543775e-05
2976.81,3.194170397748248e-05
2976.82,3.1625924343333e-05
2976.83,3.0944910983929724e-05
2976.84,2.998652578688424e-05
2976.85,2.8803543974987513e-05
2976.86,2.742057225226039e-05
2976.87,2.5856745117998644e-05
2976.88,2.4146644054205847e-05
2976.89,2.2346293028248773e-05
2976.9,2.052309674915618e-05
2976.91,1.8742519968307947e-05
2976.92,1.705803473559144e-05
2976.93,1.5506753795836623e-05
2976.94,1.410831601606664e-05
2976.95,1.286616888779262e-05
2976.96,1.1770822101205219e-05
2976.97,1.0805257091671754e-05
2976.98,9.95061266068052e-06
2976.99,9.190573031004424e-06
2977.0,8.514617042258514e-06
2977.01,7.915922576612475e-06
2977.02,7.390060118356641e-06
2977.03,6.9304687456575775e-06
2977.04,6.526078437553456e-06
2977.05,6.1607356314382975e-06
2977.06,5.816174328576405e-06
2977.07,5.4758400911783665e-06
2977.08,5.131559189184002e-06
2977.09,4.784415675288559e-06
2977.1,4.444169599568487e-06
2977.11,4.121619874446809e-06
2977.12,3.825090888024129e-06
2977.13,3.559215674866869e-06
2977.14,3.3253657607716507e-06
2977.15,3.121629035804003e-06
2977.16,2.946904085459638e-06
2977.17,2.7988943265137564e-06
2977.18,2.6751683090804088e-06
2977.19,2.572916892074144e-06
2977.2,2.4871607911105516e-06
2977.21,2.41209376807778e-06
2977.22,2.340709024315879e-06
2977.23,2.2655417330241585e-06
2977.24,2.183990981840967e-06
2977.25,2.0964291660190566e-06
2977.26,2.0086349171554785e-06
2977.27,1.925944228516476e-06
2977.28,1.8521809232722796e-06
2977.29,1.7913706336523274e-06
2977.3,1.7439128686354969e-06
2977.31,1.7113209785477725e-06
2977.32,1.6935994036522186e-06
2977.33,1.6925164476688995e-06
2977.34,1.7086006739718177e-06
2977.35,1.743220941818305e-06
2977.36,1.7969821414746578e-06
2977.37,1.870038620857893e-06
2977.38,1.9592036811627366e-06
2977.39,2.0572714960697342e-06
2977.4,2.155050250672778e-06
2977.41,2.239021325111187e-06
2977.42,2.2977113916935616e-06
2977.43,2.3212992612622807e-06
2977.44,2.305000079687192e-06
2977.45,2.249629347383499e-06
2977.46,2.1646118783665083e-06
2977.47,2.0637539575339253e-06
2977.48,1.9625130713402577e-06
2977.49,1.8719999332510537e-06
2977.5,1.7967425707787186e-06
2977.51,1.7370406728081325e-06
2977.52,1.6872824889222149e-06
2977.53,1.6397553711963333e-06
2977.54,1.5875524203090908e-06
2977.55,1.526290526087944e-06
2977.56,1.4578371867163712e-06
2977.57,1.3866184743816604e-06
2977.58,1.3189832899915025e-06
2977.59,1.2603179875754995e-06
2977.6,1.2138997727918728e-06
2977.61,1.1821412696694849e-06
2977.62,1.165409104510657e-06
2977.63,1.1639122313654337e-06
2977.64,1.1776243537425397e-06
2977.65,1.2058444058800003e-06
2977.66,1.2466625619899552e-06
2977.67,1.2970568344561014e-06
2977.68,1.3511082977607796e-06
2977.69,1.401155044999038e-06
2977.7,1.4395272311236646e-06
2977.71,1.4618236023900565e-06
2977.72,1.4687890755346568e-06
2977.73,1.4644743562112175e-06
2977.74,1.4542628054189862e-06
2977.75,1.442963517998345e-06
2977.76,1.431764062141083e-06
2977.77,1.4191592071932288e-06
2977.78,1.4030451661402368e-06
2977.79,1.3830959138229764e-06
2977.8,1.3615032463904664e-06
2977.81,1.3409557040405333e-06
2977.82,1.322096933964072e-06
2977.83,1.302161398852203e-06
2977.84,1.2769666581230557e-06
2977.85,1.2437371046971814e-06
2977.86,1.2034313010387163e-06
2977.87,1.1601371330583636e-06
2977.88,1.1182708421000878e-06
2977.89,1.080407029817953e-06
2977.9,1.046879661869627e-06
2977.91,1.0170062323880077e-06
2977.92,9.906478382217018e-07
2977.93,9.68822530778918e-07
2977.94,9.532453042493175e-07
2977.95,9.450905721291818e-07
2977.96,9.448057977785334e-07
2977.97,9.523902064164143e-07
2977.98,9.669832332947817e-07
2977.99,9.875853802779202e-07
2978.0,1.0136089988946486e-06
2978.01,1.0444496928803476e-06
2978.02,1.0793033069329112e-06
2978.03,1.116936623558798e-06
2978.04,1.1556746319931563e-06
2978.05,1.192903184710799e-06
2978.06,1.22563920008431e-06
2978.07,1.2522116758519408e-06
2978.08,1.2713804733170864e-06
2978.09,1.2837898504099867e-06
2978.1,1.2914036264990795e-06
2978.11,1.2960460137042758e-06
2978.12,1.2978824964055798e-06
2978.13,1.2955971484201743e-06
2978.14,1.2865420202717284e-06
2978.15,1.2684019565681928e-06
2978.16,1.2406726943591687e-06
2978.17,1.2053810408068548e-06
2978.18,1.1664115776286026e-06
2978.19,1.1282932823865094e-06
2978.2,1.0951320061755895e-06
2978.21,1.0701056137280996e-06
2978.22,1.0550654690247773e-06
2978.23,1.050859608111783e-06
2978.24,1.0571009042036298e-06
2978.25,1.072032381384775e-06
2978.26,1.0925926597861148e-06
2978.27,1.1144828531767839e-06
2978.28,1.1326662631570853e-06
2978.29,1.1420697512867894e-06
2978.3,1.1386685662328294e-06
2978.31,1.1203504413173263e-06
2978.32,1.0878150709438084e-06
2978.33,1.044248182964072e-06
2978.34,9.941692489373137e-07
2978.35,9.419313240129608e-07
2978.36,8.907236063739008e-07
2978.37,8.416357960978262e-07
2978.38,7.963670911665936e-07
2978.39,7.546228465375687e-07
2978.4,7.164604821203878e-07
2978.41,6.821079400125542e-07
2978.42,6.518168458976071e-07
2978.43,6.260400026186448e-07
2978.44,6.051113066469717e-07
2978.45,5.89216062859144e-07
2978.46,5.783857259092897e-07
2978.47,5.725205747648802e-07
2978.48,5.713959899237663e-07
2978.49,5.746354827298191e-07
2978.5,5.816464768704565e-07
2978.51,5.916314977014956e-07
2978.52,6.03566386134333e-07
2978.53,6.160885908750832e-07
2978.54,6.276539299443104e-07
2978.55,6.366309566624884e-07
2978.56,6.417018827378072e-07
2978.57,6.422922114287308e-07
2978.58,6.389197556931891e-07
2978.59,6.334950656684078e-07
2978.6,6.282090781250266e-07
2978.61,6.252859135276147e-07
2978.62,6.264116860993405e-07
2978.63,6.331298301900455e-07
2978.64,6.462012303058986e-07
2978.65,6.663290937824992e-07
2978.66,6.939419224607685e-07
2978.67,7.294507175847296e-07
2978.68,7.72912399512406e-07
2978.69,8.23881884502334e-07
2978.7,8.810142312589412e-07
2978.71,9.419646858548081e-07
2978.72,1.0035189449782543e-06
2978.73,1.0617653539518718e-06
2978.74,1.112793143430592e-06
2978.75,1.1530994447749118e-06
2978.76,1.1798831360513964e-06
2978.77,1.1918870994641993e-06
2978.78,1.1899699605366332e-06
2978.79,1.177858080531902e-06
2978.8,1.1599597201331776e-06
2978.81,1.141279643780532e-06
2978.82,1.1252791051207197e-06
2978.83,1.1132005677480233e-06
2978.84,1.1043778787245138e-06
2978.85,1.0961125125709208e-06
2978.86,1.084684873729696e-06
2978.87,1.0664903851521447e-06
2978.88,1.0396015572638353e-06
2978.89,1.0042839787473062e-06
2978.9,9.628028238992749e-07
2978.91,9.186062262088075e-07
2978.92,8.753771250337198e-07
2978.93,8.357962359583112e-07
2978.94,8.018202801191195e-07
2978.95,7.741080107085271e-07
2978.96,7.52498391057612e-07
2978.97,7.365770398074632e-07
2978.98,7.259764535152854e-07
2978.99,7.208262024723898e-07
2979.0,7.210332118954837e-07
2979.01,7.272818139769224e-07
2979.02,7.399878765535271e-07
2979.03,7.593827901498044e-07
2979.04,7.849791610681944e-07
2979.05,8.156598046219585e-07
2979.06,8.48996534222029e-07
2979.07,8.813236083449306e-07
2979.08,9.084036296304376e-07
2979.09,9.257089215917327e-07
2979.1,9.305978089653478e-07
2979.11,9.230390961774256e-07
2979.12,9.055530800258296e-07
2979.13,8.818857163100179e-07
2979.14,8.555479574554404e-07
2979.15,8.291426357518487e-07
2979.16,8.038707813703226e-07
2979.17,7.80602150489702e-07
2979.18,7.597831784469875e-07
2979.19,7.418515927265092e-07
2979.2,7.27341531307206e-07
2979.21,7.164036120477217e-07
2979.22,7.096626092794984e-07
2979.23,7.072205372511165e-07
2979.24,7.093346538992746e-07
2979.25,7.16379326401254e-07
2979.26,7.279049275777995e-07
2979.27,7.443240397197716e-07
2979.28,7.658302859910056e-07
2979.29,7.927247360608977e-07
2979.3,8.256609909301361e-07
2979.31,8.642451249359837e-07
2979.32,9.087618669920122e-07
2979.33,9.595597307801043e-07
2979.34,1.0160911163968532e-06
2979.35,1.0763841562898639e-06
2979.36,1.138354907503016e-06
2979.37,1.1991362214800164e-06
2979.38,1.2555212321878533e-06
2979.39,1.3054473317875351e-06
2979.4,1.347085313467238e-06
2979.41,1.3810777300356778e-06
2979.42,1.4091820001649418e-06
2979.43,1.4344582695429038e-06
2979.44,1.4575602779155836e-06
2979.45,1.478597124490464e-06
2979.46,1.49609037352704e-06
2979.47,1.5083267115042152e-06
2979.48,1.5131383357460277e-06
2979.49,1.5113320677320489e-06
2979.5,1.505634300436111e-06
2979.51,1.5003434799098296e-06
2979.52,1.4982003203464727e-06
2979.53,1.5024718307068775e-06
2979.54,1.5150687681442352e-06
2979.55,1.537525859872736e-06
2979.56,1.5694726310329308e-06
2979.57,1.6112670112767056e-06
2979.58,1.6625050352204413e-06
2979.59,1.7220793676757572e-06
2979.6,1.785788063753277e-06
2979.61,1.8489333811083985e-06
2979.62,1.9056458264974472e-06
2979.63,1.9510420888951066e-06
2979.64,1.981320124073881e-06
2979.65,1.997684776712487e-06
2979.66,2.004963629825023e-06
2979.67,2.0096485112536424e-06
2979.68,2.0160422202494123e-06
2979.69,2.0278895899164112e-06
2979.7,2.0476963178728695e-06
2979.71,2.0755323199258463e-06
2979.72,2.1117887397705647e-06
2979.73,2.15818323568152e-06
2979.74,2.2142818617979638e-06
2979.75,2.281199316753486e-06
2979.76,2.3604811426728327e-06
2979.77,2.452241065538417e-06
2979.78,2.558148039866727e-06
2979.79,2.680707942568247e-06
2979.8,2.820998031351417e-06
2979.81,2.981596452381746e-06
2979.82,3.1654259611344185e-06
2979.83,3.374068969788243e-06
2979.84,3.6104785183162565e-06
2979.85,3.878383113726918e-06
2979.86,4.180799033811324e-06
2979.87,4.523182578197974e-06
2979.88,4.91081030668383e-06
2979.89,5.351064383919331e-06
2979.9,5.852615971610894e-06
2979.91,6.423544324740943e-06
2979.92,7.075206204306037e-06
2979.93,7.819231307589059e-06
2979.94,8.672141248784615e-06
2979.95,9.655093357376139e-06
2979.96,1.0793934082001481e-05
2979.97,1.2119440475098026e-05
2979.98,1.3663009965889662e-05
2979.99,1.5452909944191293e-05
2980.0,1.7507589649901002e-05
2980.01,1.982753666134014e-05
2980.02,2.2379036972634363e-05
2980.03,2.508242688821959e-05
2980.04,2.7792493420767224e-05
2980.05,3.0289026578735887e-05
2980.06,3.230323894951358e-05
2980.07,3.3567228345301156e-05
2980.08,3.3891413121304674e-05
2980.09,3.322226875045733e-05
2980.1,3.1659465788145565e-05
2980.11,2.942102674431839e-05
2980.12,2.6782950824522905e-05
2980.13,2.401126843376035e-05
2980.14,2.1314163727168395e-05
2980.15,1.882427861879566e-05
2980.16,1.6604203415718713e-05
2980.17,1.4666879741568766e-05
2980.18,1.2995367547320296e-05
2980.19,1.1558577439392153e-05
2980.2,1.0321711800877653e-05
2980.21,9.251829392631446e-06
2980.22,8.321306350639923e-06
2980.23,7.5086013346104765e-06
2980.24,6.797484385209933e-06
2980.25,6.175759537876677e-06
2980.26,5.6330239947908074e-06
2980.27,5.159994678977312e-06
2980.28,4.7483604463619e-06
2980.29,4.390731198939995e-06
2980.3,4.079832614460376e-06
2980.31,3.8090639381719857e-06
2980.32,3.5724969889087657e-06
2980.33,3.3645312870162696e-06
2980.34,3.1810413239419127e-06
2980.35,3.0188009543963776e-06
2980.36,2.875345344027035e-06
2980.37,2.7490971105873593e-06
2980.38,2.6375309777954255e-06
2980.39,2.5372374512281623e-06
2980.4,2.4440577447907523e-06
2980.41,2.3536394746100184e-06
2980.42,2.262816145275819e-06
2980.43,2.1702857891260667e-06
2980.44,2.076554164086684e-06
2980.45,1.983250174043113e-06
2980.46,1.8923537238027675e-06
2980.47,1.8056518655930968e-06
2980.48,1.724160683692972e-06
2980.49,1.6485288454129331e-06
2980.5,1.5782599181133678e-06
2980.51,1.5125247815871102e-06
2980.52,1.45091401281321e-06
2980.53,1.3934643985803977e-06
2980.54,1.340659179368136e-06
2980.55,1.2931908936196608e-06
2980.56,1.2516441715737603e-06
2980.57,1.2164925492445936e-06
2980.58,1.1878078823181203e-06
2980.59,1.1657723720165896e-06
2980.6,1.1504473204728074e-06
2980.61,1.1418284181021862e-06
2980.62,1.139818037373346e-06
2980.63,1.1441428965109817e-06
2980.64,1.1542575450478243e-06
2980.65,1.1693670209086484e-06
2980.66,1.1882194184275473e-06
2980.67,1.2104020118963892e-06
2980.68,1.234634927468205e-06
2980.69,1.2596287490121104e-06
2980.7,1.2839568072487975e-06
2980.71,1.305496514750016e-06
2980.72,1.321936435848971e-06
2980.73,1.3320236657688256e-06
2980.74,1.3361083293289207e-06
2980.75,1.3355801582977846e-06
2980.76,1.332148249651886e-06
2980.77,1.3266951710300702e-06
2980.78,1.3186745895795728e-06
2980.79,1.306092157826128e-06
2980.8,1.2873217395963266e-06
2980.81,1.2621965254610599e-06
2980.82,1.2318956854096583e-06
2980.83,1.1993983972942962e-06
2980.84,1.1683103298597876e-06
2980.85,1.1418893606122693e-06
2980.86,1.1224417129597683e-06
2980.87,1.1111547791985416e-06
2980.88,1.1082285568118735e-06
2980.89,1.1131042448435467e-06
2980.9,1.1247044782759957e-06
2980.91,1.1416499319997856e-06
2980.92,1.161677162414978e-06
2980.93,1.1821479999311973e-06
2980.94,1.1994270815744347e-06
2980.95,1.2097912436463068e-06
2980.96,1.2104006108442002e-06
2980.97,1.1998083875656448e-06
2980.98,1.1782350645052345e-06
2980.99,1.1475049811721558e-06
2981.0,1.109918712335752e-06
2981.01,1.0678712830560663e-06
2981.02,1.0233691287033987e-06
2981.03,9.777553766004844e-07
2981.04,9.321172854385079e-07
2981.05,8.868835490389149e-07
2981.06,8.427555449811258e-07
2981.07,8.004923043338327e-07
2981.08,7.617069122182434e-07
2981.09,7.269899311765437e-07
2981.1,6.973102178355457e-07
2981.11,6.725557049162363e-07
2981.12,6.534068900058731e-07
2981.13,6.394557976063776e-07
2981.14,6.305977180958758e-07
2981.15,6.265374637448684e-07
2981.16,6.270663101614127e-07
2981.17,6.321339727135658e-07
2981.18,6.413143601712142e-07
2981.19,6.544982986219862e-07
2981.2,6.717138868751597e-07
2981.21,6.932842560722142e-07
2981.22,7.197679682898864e-07
2981.23,7.517267697373554e-07
2981.24,7.894213542892191e-07
2981.25,8.325681880101462e-07
2981.26,8.800407851129735e-07
2981.27,9.297862703539488e-07
2981.28,9.786592752206945e-07
2981.29,1.0222351259278682e-06
2981.3,1.0556929127109686e-06
2981.31,1.0749963047656443e-06
2981.32,1.0785878809002281e-06
2981.33,1.06826290639668e-06
2981.34,1.0485777671453031e-06
2981.35,1.0254609114102208e-06
2981.36,1.0043441422696533e-06
2981.37,9.890499421102325e-07
2981.38,9.813438256232349e-07
2981.39,9.810433536401094e-07
2981.4,9.862274668106873e-07
2981.41,9.943153927367339e-07
2981.42,1.0026993651652363e-06
2981.43,1.0100779234589931e-06
2981.44,1.0163027727087805e-06
2981.45,1.0221698368225577e-06
2981.46,1.028397103401877e-06
2981.47,1.0347769406419354e-06
2981.48,1.0402432067101522e-06
2981.49,1.0432872195068204e-06
2981.5,1.042072150930942e-06
2981.51,1.0350555557067322e-06
2981.52,1.0207624190942606e-06
2981.53,9.981523260877256e-07
2981.54,9.671472513949302e-07
2981.55,9.290254766506084e-07
2981.56,8.863046132345669e-07
2981.57,8.421140510077449e-07
2981.58,7.995357254521274e-07
2981.59,7.609766480257633e-07
2981.6,7.281198225207782e-07
2981.61,7.019250822423815e-07
2981.62,6.828607176687393e-07
2981.63,6.710758352276059e-07
2981.64,6.665184836683173e-07
2981.65,6.689667820329133e-07
2981.66,6.779729895475778e-07
2981.67,6.927942605570761e-07
2981.68,7.120351369926737e-07
2981.69,7.338919602711427e-07
2981.7,7.558921647901249e-07
2981.71,7.751183738677391e-07
2981.72,7.8864505166642e-07
2981.73,7.941068839214673e-07
2981.74,7.905188849357137e-07
2981.75,7.787641789395595e-07
2981.76,7.61319677063199e-07
2981.77,7.411223133674952e-07
2981.78,7.205953818767722e-07
2981.79,7.011514082705838e-07
2981.8,6.829139373517771e-07
2981.81,6.654559854975387e-07
2981.82,6.48212608631968e-07
2981.83,6.30877528787998e-07
2981.84,6.135788167037722e-07
2981.85,5.968257850978456e-07
2981.86,5.812311763729162e-07
2981.87,5.675751599012142e-07
2981.88,5.564676473261587e-07
2981.89,5.483053533864416e-07
2981.9,5.433146704622974e-07
2981.91,5.41653518541632e-07
2981.92,5.434845477888099e-07
2981.93,5.48979319490507e-07
2981.94,5.582901722295447e-07
2981.95,5.715219312851961e-07
2981.96,5.883813003102108e-07
2981.97,6.08820449854669e-07
2981.98,6.32711670839177e-07
2981.99,6.600155333046971e-07
2982.0,6.907588010445014e-07
2982.01,7.247267825158181e-07
2982.02,7.611649663198981e-07
2982.03,7.987243976208475e-07
2982.04,8.354361940641007e-07
2982.05,8.689725945178034e-07
2982.06,8.977513017522706e-07
2982.07,9.20606253366831e-07
2982.08,9.37398430024416e-07
2982.09,9.487723877653579e-07
2982.1,9.554675552596579e-07
2982.11,9.5774433903404e-07
2982.12,9.554363394354645e-07
2982.13,9.486687459328485e-07
2982.14,9.378854438077365e-07
2982.15,9.248199445772829e-07
2982.16,9.121482867879739e-07
2982.17,9.023599963770681e-07
2982.18,8.980465046331578e-07
2982.19,9.002586488163751e-07
2982.2,9.094029985159583e-07
2982.21,9.248961560805963e-07
2982.22,9.453916725406571e-07
2982.23,9.68979030291515e-07
2982.24,9.935008738536288e-07
2982.25,1.0164934382291976e-06
2982.26,1.0353616080092614e-06
2982.27,1.047622791197798e-06
2982.28,1.0515586544307452e-06
2982.29,1.0469904290224146e-06
2982.3,1.0356261940220737e-06
2982.31,1.0203040682025367e-06
2982.32,1.003885562907203e-06
2982.33,9.881725979332757e-07
2982.34,9.732376086259653e-07
2982.35,9.576549600087707e-07
2982.36,9.391613183747976e-07
2982.37,9.165510017793636e-07
2982.38,8.896226769915286e-07
2982.39,8.597275665375363e-07
2982.4,8.289248235923327e-07
2982.41,7.994821846575877e-07
2982.42,7.733066476007339e-07
2982.43,7.516306827170273e-07
2982.44,7.354046214700479e-07
2982.45,7.249316119058754e-07
2982.46,7.203045902068329e-07
2982.47,7.214799170713515e-07
2982.48,7.283817192253236e-07
2982.49,7.409122750316703e-07
2982.5,7.588396585683238e-07
2982.51,7.818282554258283e-07
2982.52,8.092027207659924e-07
2982.53,8.400790239976152e-07
2982.54,8.734243909992934e-07
2982.55,9.083800713785786e-07
2982.56,9.443742438880098e-07
2982.57,9.81115466929986e-07
2982.58,1.0184054466541093e-06
2982.59,1.055640400255411e-06
2982.6,1.0916243271571262e-06
2982.61,1.1252278447061733e-06
2982.62,1.1558382639513565e-06
2982.63,1.1840015301970585e-06
2982.64,1.211318825984262e-06
2982.65,1.2391317379616794e-06
2982.66,1.2684546179661777e-06
2982.67,1.299330462650612e-06
2982.68,1.3313039635273955e-06
2982.69,1.3640605090981237e-06
2982.7,1.39733461291814e-06
2982.71,1.430872171082392e-06
2982.72,1.4636988536628668e-06
2982.73,1.4938442286427427e-06
2982.74,1.5188388789716082e-06
2982.75,1.5368454466808577e-06
2982.76,1.5475804760581233e-06
2982.77,1.5522332969315004e-06
2982.78,1.5531210737292982e-06
2982.79,1.552554593506817e-06
2982.8,1.5523665566970073e-06
2982.81,1.5543170311203942e-06
2982.82,1.5590519524677056e-06
2982.83,1.566476364055151e-06
2982.84,1.575846264661597e-06
2982.85,1.5854073516719497e-06
2982.86,1.5930466543207069e-06
2982.87,1.5975135301216065e-06
2982.88,1.5986747063373514e-06
2982.89,1.5978032351803864e-06
2982.9,1.5964609519483004e-06
2982.91,1.5972746746171744e-06
2982.92,1.60270689779054e-06
2982.93,1.6146849908216134e-06
2982.94,1.6348935264567177e-06
2982.95,1.6645789933155914e-06
2982.96,1.704950622857585e-06
2982.97,1.756019190839986e-06
2982.98,1.8179759374569186e-06
2982.99,1.8909950642325714e-06
2983.0,1.974900583472266e-06
2983.01,2.0681164643908678e-06
2983.02,2.169252841037251e-06
2983.03,2.2769105298548614e-06
2983.04,2.3875024021059643e-06
2983.05,2.4995703027512786e-06
2983.06,2.612919022553629e-06
2983.07,2.7286380154050507e-06
2983.08,2.850485726210392e-06
2983.09,2.983951082619526e-06
2983.1,3.133243272690706e-06
2983.11,3.302578925373776e-06
2983.12,3.496330040423523e-06
2983.13,3.7163117733928168e-06
2983.14,3.9655491464531005e-06
2983.15,4.2481566383474706e-06
2983.16,4.565518178539968e-06
2983.17,4.923795560498873e-06
2983.18,5.327709158945245e-06
2983.19,5.785735342850832e-06
2983.2,6.307030454763173e-06
2983.21,6.9035561340563435e-06
2983.22,7.589945635295287e-06
2983.23,8.383627094782085e-06
2983.24,9.301562336177992e-06
2983.25,1.0368953915116224e-05
2983.26,1.160775383877185e-05
2983.27,1.3045830515558772e-05
2983.28,1.4711934276926672e-05
2983.29,1.6627738784349596e-05
2983.3,1.8816241776410074e-05
2983.31,2.128316256063261e-05
2983.32,2.4004249221094197e-05
2983.33,2.6904577978732896e-05
2983.34,2.9834296932370645e-05
2983.35,3.255363258989487e-05
2983.36,3.4743973435900486e-05
2983.37,3.6067628615761175e-05
2983.38,3.627277736198657e-05
2983.39,3.529805599967372e-05
2983.4,3.330627733404061e-05
2983.41,3.061921918758927e-05
2983.42,2.7598194197914703e-05
2983.43,2.4545435880683177e-05
2983.44,2.1661405088648225e-05
2983.45,1.9051688678655608e-05
2983.46,1.6752635259032377e-05
2983.47,1.4760131671491728e-05
2983.48,1.3048930851987963e-05
2983.49,1.1587147963536235e-05
2983.5,1.0341147259525244e-05
2983.51,9.280082352596287e-06
2983.52,8.376434293846126e-06
2983.53,7.6061053444613244e-06
2983.54,6.947289439375863e-06
2983.55,6.381665024516871e-06
2983.56,5.892738393692532e-06
2983.57,5.465733382851293e-06
2983.58,5.088461716139783e-06
2983.59,4.751081324792869e-06
2983.6,4.444952921105556e-06
2983.61,4.164613340345481e-06
2983.62,3.906165202676098e-06
2983.63,3.668448395053845e-06
2983.64,3.451876820642339e-06
2983.65,3.2571809878775427e-06
2983.66,3.0838627867616166e-06
2983.67,2.9315569272188603e-06
2983.68,2.797267276159008e-06
2983.69,2.6783620053145226e-06
2983.7,2.570208814126084e-06
2983.71,2.4681619629320867e-06
2983.72,2.369771988051182e-06
2983.73,2.2729829778510768e-06
2983.74,2.1785229049727784e-06
2983.75,2.0872960446807248e-06
2983.76,1.9995936257212066e-06
2983.77,1.9172986522213873e-06
2983.78,1.8400506650818916e-06
2983.79,1.7668473787853964e-06
2983.8,1.6997155523311646e-06
2983.81,1.6376207817776812e-06
2983.82,1.5821893159193693e-06
2983.83,1.534035869324604e-06
2983.84,1.4930534521596122e-06
2983.85,1.460825802434942e-06
2983.86,1.4362486781025806e-06
2983.87,1.4173391073440608e-06
2983.88,1.4032051622337799e-06
2983.89,1.3902972274499728e-06
2983.9,1.375512927063936e-06
2983.91,1.3557351292248384e-06
2983.92,1.3312104494581448e-06
2983.93,1.3022452717003199e-06
2983.94,1.2705226780710598e-06
2983.95,1.2404261127886733e-06
2983.96,1.2142819867762933e-06
2983.97,1.1939200693278206e-06
2983.98,1.1802522822932497e-06
2983.99,1.1741693445361133e-06
2984.0,1.174342755406963e-06
2984.01,1.1785965872926065e-06
2984.02,1.1855367127967517e-06
2984.03,1.1920667192540132e-06
2984.04,1.1957487478164124e-06
2984.05,1.194299943324379e-06
2984.06,1.1882127027034548e-06
2984.07,1.1780124348467843e-06
2984.08,1.1658258644718303e-06
2984.09,1.1540097915396455e-06
2984.1,1.145892589584824e-06
2984.11,1.1428112237777876e-06
2984.12,1.1451904131223898e-06
2984.13,1.1520801140765618e-06
2984.14,1.1619174118598795e-06
2984.15,1.171151103756435e-06
2984.16,1.1757609366442245e-06
2984.17,1.1718728964497341e-06
2984.18,1.1568688174759937e-06
2984.19,1.1295428785974564e-06
2984.2,1.0914546722789283e-06
2984.21,1.045332704659545e-06
2984.22,9.951363287894528e-07
2984.23,9.446143441735837e-07
2984.24,8.96825729223709e-07
2984.25,8.538346547005558e-07
2984.26,8.167992530412797e-07
2984.27,7.864573185732159e-07
2984.28,7.628589336353793e-07
2984.29,7.459226621276223e-07
2984.3,7.354278901610681e-07
2984.31,7.310216669530086e-07
2984.32,7.321568211712599e-07
2984.33,7.377981304225729e-07
2984.34,7.465613730166983e-07
2984.35,7.563387800714779e-07
2984.36,7.645783675698835e-07
2984.37,7.685654175105856e-07
2984.38,7.663419838548744e-07
2984.39,7.57245255758796e-07
2984.4,7.420067670344006e-07
2984.41,7.223717200136113e-07
2984.42,7.003754222303151e-07
2984.43,6.780407028736362e-07
2984.44,6.571858188980378e-07
2984.45,6.392010002284961e-07
2984.46,6.250095550534052e-07
2984.47,6.149763423586665e-07
2984.48,6.088714646809201e-07
2984.49,6.060796718579274e-07
2984.5,6.049973352677523e-07
2984.51,6.042884820398294e-07
2984.52,6.026133269669148e-07
2984.53,5.991438606180155e-07
2984.54,5.936799304640014e-07
2984.55,5.865544473696407e-07
2984.56,5.784455451615844e-07
2984.57,5.705075350930197e-07
2984.58,5.638376649871367e-07
2984.59,5.595051166841936e-07
2984.6,5.582583579697875e-07
2984.61,5.602864780282539e-07
2984.62,5.655657661614113e-07
2984.63,5.738525137551496e-07
2984.64,5.848881776969654e-07
2984.65,5.986382765115014e-07
2984.66,6.153118164750203e-07
2984.67,6.352553664088809e-07
2984.68,6.586504581951489e-07
2984.69,6.852352964057209e-07
2984.7,7.143356674928067e-07
2984.71,7.444335173281543e-07
2984.72,7.738681356316884e-07
2984.73,8.009571600345515e-07
2984.74,8.242201454172267e-07
2984.75,8.423981126780933e-07
2984.76,8.544800137344108e-07
2984.77,8.598973910000816e-07
2984.78,8.589527914629821e-07
2984.79,8.530317730474101e-07
2984.8,8.449315101039179e-07
2984.81,8.376821531536965e-07
2984.82,8.341400960464935e-07
2984.83,8.366578341273374e-07
2984.84,8.466583147065681e-07
2984.85,8.644288809249301e-07
2984.86,8.898851242064063e-07
2984.87,9.214190052534165e-07
2984.88,9.564752235816333e-07
2984.89,9.917640933146802e-07
2984.9,1.0234834224802804e-06
2984.91,1.0478936928095608e-06
2984.92,1.0617896365802597e-06
2984.93,1.0635708091774847e-06
2984.94,1.053015913276082e-06
2984.95,1.0323640165639433e-06
2984.96,1.0053654220169342e-06
2984.97,9.764511008954116e-07
2984.98,9.497025128224108e-07
2984.99,9.27781643413866e-07
2985.0,9.117516296897826e-07
2985.01,9.008256388447307e-07
2985.02,8.932650197439665e-07
2985.03,8.86582534398405e-07
2985.04,8.784605643013019e-07
2985.05,8.672520259498605e-07
2985.06,8.521835765774742e-07
2985.07,8.332863420360375e-07
2985.08,8.11344430305915e-07
2985.09,7.878419974270937e-07
2985.1,7.647366171470392e-07
2985.11,7.438958770944737e-07
2985.12,7.272842958888891e-07
2985.13,7.163772549597261e-07
2985.14,7.120875836697091e-07
2985.15,7.146794358108516e-07
2985.16,7.241776171945586e-07
2985.17,7.394763772895321e-07
2985.18,7.588237123565305e-07
2985.19,7.794488079526584e-07
2985.2,7.978519728148692e-07
2985.21,8.104158156034804e-07
2985.22,8.14786806962527e-07
2985.23,8.104754393450639e-07
2985.24,7.992707493219341e-07
2985.25,7.842101421293595e-07
2985.26,7.685675056648397e-07
2985.27,7.550879573499348e-07
2985.28,7.456635913263405e-07
2985.29,7.415374696075069e-07
2985.3,7.434507794106584e-07
2985.31,7.517751274374348e-07
2985.32,7.663040273256832e-07
2985.33,7.864365269138412e-07
2985.34,8.110346747336292e-07
2985.35,8.383917853395776e-07
2985.36,8.664226576149495e-07
2985.37,8.930952715553807e-07
2985.38,9.169980176743968e-07
2985.39,9.3754191596541e-07
2985.4,9.557956653204623e-07
2985.41,9.738135734172784e-07
2985.42,9.939363986868173e-07
2985.43,1.0182751460655547e-06
2985.44,1.047820548799484e-06
2985.45,1.081919267230022e-06
2985.46,1.1178880093619494e-06
2985.47,1.1511590948671493e-06
2985.48,1.1757199006292925e-06
2985.49,1.1858032566245141e-06
2985.5,1.177819237300807e-06
2985.51,1.151714485348676e-06
2985.52,1.1108002821860821e-06
2985.53,1.0600731639493441e-06
2985.54,1.0050818822689942e-06
2985.55,9.505923952127679e-07
2985.56,8.999782894548249e-07
2985.57,8.553005149107359e-07
2985.58,8.181362644882135e-07
2985.59,7.8840950158032e-07
2985.6,7.661049400459045e-07
2985.61,7.511235995557512e-07
2985.62,7.43021550194279e-07
2985.63,7.413820012219473e-07
2985.64,7.456169478071406e-07
2985.65,7.548938819422799e-07
2985.66,7.679932716718627e-07
2985.67,7.831918440222399e-07
2985.68,7.983731337679213e-07
2985.69,8.112526974676343e-07
2985.7,8.200860582823554e-07
2985.71,8.239979464161398e-07
2985.72,8.234007402060449e-07
2985.73,8.195955272114342e-07
2985.74,8.141366966279699e-07
2985.75,8.083609475367749e-07
2985.76,8.032017535603828e-07
2985.77,7.992028287029714e-07
2985.78,7.967930054878198e-07
2985.79,7.964601703365831e-07
2985.8,7.988331576020255e-07
2985.81,8.046049658670211e-07
2985.82,8.142656821311501e-07
2985.83,8.279137338230676e-07
2985.84,8.450312053966913e-07
2985.85,8.645082077967627e-07
2985.86,8.85055122295205e-07
2985.87,9.053917432162453e-07
2985.88,9.246759785597138e-07
2985.89,9.430579397445833e-07
2985.9,9.610206764022113e-07
2985.91,9.792490919117827e-07
2985.92,9.987890133412767e-07
2985.93,1.0202358495889008e-06
2985.94,1.0447800971573246e-06
2985.95,1.0736875130843064e-06
2985.96,1.1077298594744109e-06
2985.97,1.1478018771999891e-06
2985.98,1.193216361140507e-06
2985.99,1.2442219834133232e-06
2986.0,1.300454635335181e-06
2986.01,1.3610258105109e-06
2986.02,1.4246892865956552e-06
2986.03,1.48821369195093e-06
2986.04,1.5489411910768508e-06
2986.05,1.6037911252908918e-06
2986.06,1.6509533731856386e-06
2986.07,1.688884906682561e-06
2986.08,1.7189616743596553e-06
2986.09,1.7430099661424252e-06
2986.1,1.7635975538412768e-06
2986.11,1.7831225120465625e-06
2986.12,1.8018540578539396e-06
2986.13,1.8216912678691746e-06
2986.14,1.8443727229935625e-06
2986.15,1.8728174836606902e-06
2986.16,1.9088249853480693e-06
2986.17,1.9552382456211988e-06
2986.18,2.0136433799319044e-06
2986.19,2.0847678218691396e-06
2986.2,2.1666127839753335e-06
2986.21,2.2569425107851197e-06
2986.22,2.352455334214034e-06
2986.23,2.4500591037114294e-06
2986.24,2.544935180227404e-06
2986.25,2.635829029870825e-06
2986.26,2.723779836559975e-06
2986.27,2.810672887231292e-06
2986.28,2.9011928049078275e-06
2986.29,2.9998857535591567e-06
2986.3,3.1108332439439347e-06
2986.31,3.235860114945845e-06
2986.32,3.3770099831133854e-06
2986.33,3.5366380431541805e-06
2986.34,3.715799327187059e-06
2986.35,3.917573436033672e-06
2986.36,4.144440069855445e-06
2986.37,4.398151428247694e-06
2986.38,4.677311574560746e-06
2986.39,4.980608002036866e-06
2986.4,5.305080180263823e-06
2986.41,5.6501144386207095e-06
2986.42,6.018541248699692e-06
2986.43,6.414508069122441e-06
2986.44,6.84526754614746e-06
2986.45,7.317150264014612e-06
2986.46,7.838283776888954e-06
2986.47,8.415006525054643e-06
2986.48,9.055593223761157e-06
2986.49,9.764481450141717e-06
2986.5,1.054715065741372e-05
2986.51,1.1408950718455238e-05
2986.52,1.2356167485336684e-05
2986.53,1.3395509705844891e-05
2986.54,1.453444138321898e-05
2986.55,1.5781869364061836e-05
2986.56,1.71449238935893e-05
2986.57,1.8629618544994667e-05
2986.58,2.0238117844866855e-05
2986.59,2.196810626338979e-05
2986.6,2.3810222660167248e-05
2986.61,2.574561488049243e-05
2986.62,2.7742209469566258e-05
2986.63,2.9749077169541644e-05
2986.64,3.169264749582329e-05
2986.65,3.347223591887543e-05
2986.66,3.496071617076512e-05
2986.67,3.6010184193558676e-05
2986.68,3.6470208684493874e-05
2986.69,3.621714792600184e-05
2986.7,3.519280518707506e-05
2986.71,3.343572324095257e-05
2986.72,3.1087879204913045e-05
2986.73,2.8364370409112157e-05
2986.74,2.550026067280567e-05
2986.75,2.2695067326562774e-05
2986.76,2.0086360368118268e-05
2986.77,1.7745880718656157e-05
2986.78,1.5693728293022668e-05
2986.79,1.3916766945297579e-05
2986.8,1.2385828583885207e-05
2986.81,1.1066749852846215e-05
2986.82,9.924680968222437e-06
2986.83,8.931015014752458e-06
2986.84,8.061194171182155e-06
2986.85,7.298115798367308e-06
2986.86,6.626885980554731e-06
2986.87,6.037156933447699e-06
2986.88,5.5185061341900295e-06
2986.89,5.063012531869651e-06
2986.9,4.662904326059135e-06
2986.91,4.3104546539310775e-06
2986.92,4.001183639677728e-06
2986.93,3.7286165383478843e-06
2986.94,3.489441474701338e-06
2986.95,3.279379009991537e-06
2986.96,3.094084580367304e-06
2986.97,2.931853246059198e-06
2986.98,2.788605489082554e-06
2986.99,2.6621346970142364e-06
2987.0,2.549082971970846e-06
2987.01,2.4456883247421183e-06
2987.02,2.3501267188413382e-06
2987.03,2.26030362133085e-06
2987.04,2.1746621121593175e-06
2987.05,2.094146224084992e-06
2987.06,2.019052355309685e-06
2987.07,1.949377077745203e-06
2987.08,1.8868976332324335e-06
2987.09,1.8316997814349319e-06
2987.1,1.783107582903916e-06
2987.11,1.7413118631682876e-06
2987.12,1.7043074311570601e-06
2987.13,1.669552112812359e-06
2987.14,1.6339480229239345e-06
2987.15,1.596895867954641e-06
2987.16,1.5578634436590304e-06
2987.17,1.517970740238003e-06
2987.18,1.4785090332898891e-06
2987.19,1.4421252549286177e-06
2987.2,1.4094036398647437e-06
2987.21,1.3801792924679048e-06
2987.22,1.3533047473758681e-06
2987.23,1.3298032660501028e-06
2987.24,1.3089519663473944e-06
2987.25,1.2913538515383161e-06
2987.26,1.2770593347592216e-06
2987.27,1.267827487644375e-06
2987.28,1.263700488970368e-06
2987.29,1.2652266041462198e-06
2987.3,1.2720530384401727e-06
2987.31,1.284915148098165e-06
2987.32,1.3019241491077077e-06
2987.33,1.3209629721101453e-06
2987.34,1.3388609593057198e-06
2987.35,1.3537078406860155e-06
2987.36,1.361509017504081e-06
2987.37,1.3599807419598256e-06
2987.38,1.3474404219200372e-06
2987.39,1.3254030554818428e-06
2987.4,1.2957630698220947e-06
2987.41,1.2621755193499716e-06
2987.42,1.2282585514481732e-06
2987.43,1.1980758070206242e-06
2987.44,1.173560632323165e-06
2987.45,1.1554433356022018e-06
2987.46,1.1428906018025764e-06
2987.47,1.1340889103508524e-06
2987.48,1.128237188978803e-06
2987.49,1.123931208451369e-06
2987.5,1.1209440355776344e-06
2987.51,1.1192261818724264e-06
2987.52,1.118768665815828e-06
2987.53,1.1197733918092108e-06
2987.54,1.1206202784690326e-06
2987.55,1.1193265548190457e-06
2987.56,1.1131022713426442e-06
2987.57,1.0995146125940889e-06
2987.58,1.077612888112767e-06
2987.59,1.0477213672349852e-06
2987.6,1.0119217099004753e-06
2987.61,9.732004018179057e-07
2987.62,9.343237282977496e-07
2987.63,8.979705616913013e-07
2987.64,8.659706096132268e-07
2987.65,8.395248664182063e-07
2987.66,8.194971875195095e-07
2987.67,8.064619351015306e-07
2987.68,8.006840454770704e-07
2987.69,8.024215520524801e-07
2987.7,8.11464114280459e-07
2987.71,8.27197942008533e-07
2987.72,8.484226969560414e-07
2987.73,8.731432286394784e-07
2987.74,8.986769558611565e-07
2987.75,9.21598715083643e-07
2987.76,9.387235930640642e-07
2987.77,9.477008019554598e-07
2987.78,9.479921078634678e-07
2987.79,9.404331097714204e-07
2987.8,9.272345630938838e-07
2987.81,9.102611877833683e-07
2987.82,8.908076332100545e-07
2987.83,8.695834485980763e-07
2987.84,8.473128051170538e-07
2987.85,8.251111165215371e-07
2987.86,8.046280318130109e-07
2987.87,7.876618771590497e-07
2987.88,7.757778837243945e-07
2987.89,7.702536719819271e-07
2987.9,7.718387236071299e-07
2987.91,7.809393277627977e-07
2987.92,7.976784064564091e-07
2987.93,8.216096225995147e-07
2987.94,8.52195657283091e-07
2987.95,8.883628032052249e-07
2987.96,9.289498850170601e-07
2987.97,9.723275121949676e-07
2987.98,1.016665269159668e-06
2987.99,1.0597176554517392e-06
2988.0,1.0990677012122224e-06
2988.01,1.1326012227968852e-06
2988.02,1.1589294685899455e-06
2988.03,1.177822206661792e-06
2988.04,1.1902729527607207e-06
2988.05,1.1984595806856767e-06
2988.06,1.20529147833859e-06
2988.07,1.2140758633915475e-06
2988.08,1.2274980985483757e-06
2988.09,1.2473303088829005e-06
2988.1,1.2735806173531923e-06
2988.11,1.3043750556328554e-06
2988.12,1.3355064912303797e-06
2988.13,1.3614666134649109e-06
2988.14,1.3758820289946022e-06
2988.15,1.3731010507299934e-06
2988.16,1.3498939356219584e-06
2988.17,1.3064348352776669e-06
2988.18,1.2462089250204477e-06
2988.19,1.1749452779466531e-06
2988.2,1.0991795705376728e-06
2988.21,1.0247855530978888e-06
2988.22,9.560981843771611e-07
2988.23,8.957260480560445e-07
2988.24,8.447801527312208e-07
2988.25,8.03244255838395e-07
2988.26,7.703615450270438e-07
2988.27,7.451442484767455e-07
2988.28,7.263136719063047e-07
2988.29,7.130015358814731e-07
2988.3,7.040496819829068e-07
2988.31,6.987085755323251e-07
2988.32,6.94807743292915e-07
2988.33,6.904025805097614e-07
2988.34,6.834501908143162e-07
2988.35,6.725229489621269e-07
2988.36,6.572777311212887e-07
2988.37,6.387614148646736e-07
2988.38,6.1885138231317e-07
2988.39,5.994088228304104e-07
2988.4,5.821199869836443e-07
2988.41,5.680347853499038e-07
2988.42,5.577193684420088e-07
2988.43,5.515208020932436e-07
2988.44,5.496016232773253e-07
2988.45,5.521447990742122e-07
2988.46,5.590725699404814e-07
2988.47,5.705445394601323e-07
2988.48,5.865926262384682e-07
2988.49,6.071392006206243e-07
2988.5,6.319336294129277e-07
2988.51,6.605287695262103e-07
2988.52,6.925454738418496e-07
2988.53,7.267368595153119e-07
2988.54,7.623668393547125e-07
2988.55,7.982313857464485e-07
2988.56,8.330956003534653e-07
2988.57,8.660863207360148e-07
2988.58,8.971523990347033e-07
2988.59,9.270188140378317e-07
2988.6,9.565924282780478e-07
2988.61,9.86784522789402e-07
2988.62,1.0182360371278861e-06
2988.63,1.0514096257887832e-06
2988.64,1.0864920650277228e-06
2988.65,1.1229572931373367e-06
2988.66,1.1588146504061413e-06
2988.67,1.1910264917472865e-06
2988.68,1.2156101620828731e-06
2988.69,1.2288630644571594e-06
2988.7,1.2282661918037051e-06
2988.71,1.213343525523876e-06
2988.72,1.1853708996958165e-06
2988.73,1.1479559051212374e-06
2988.74,1.106040831030488e-06
2988.75,1.064546303377374e-06
2988.76,1.0276991919121722e-06
2988.77,9.98271611705226e-07
2988.78,9.775842022680618e-07
2988.79,9.656400002702083e-07
2988.8,9.614038864138738e-07
2988.81,9.632381644353498e-07
2988.82,9.696301865336547e-07
2988.83,9.79198004908625e-07
2988.84,9.915749444683416e-07
2988.85,1.0069815082526768e-06
2988.86,1.025416982975451e-06
2988.87,1.0456139040081163e-06
2988.88,1.064937579515413e-06
2988.89,1.0796116405287939e-06
2988.9,1.08585169251365e-06
2988.91,1.0817005538121597e-06
2988.92,1.067564816430597e-06
2988.93,1.0464059239139458e-06
2988.94,1.022031839651096e-06
2988.95,9.976260002243279e-07
2988.96,9.746143727070879e-07
2988.97,9.528363757211297e-07
2988.98,9.317307839067013e-07
2988.99,9.111630949350615e-07
2989.0,8.922341829186172e-07
2989.01,8.769392681551701e-07
2989.02,8.672993768409148e-07
2989.03,8.651791941990065e-07
2989.04,8.716512343787774e-07
2989.05,8.873033141882442e-07
2989.06,9.121813695844214e-07
2989.07,9.457454322546022e-07
2989.08,9.866436501067416e-07
2989.09,1.032439700423222e-06
2989.1,1.0792911593996153e-06
2989.11,1.122873293734394e-06
2989.12,1.1589224580108706e-06
2989.13,1.1847925460102435e-06
2989.14,1.1992897965812174e-06
2989.15,1.2034682697312793e-06
2989.16,1.1990691555601002e-06
2989.17,1.1875862124722715e-06
2989.18,1.1711094252977311e-06
2989.19,1.151921007950024e-06
2989.2,1.1329380498769472e-06
2989.21,1.117447975443813e-06
2989.22,1.1088540972701462e-06
2989.23,1.1089265509078379e-06
2989.24,1.1198632910907939e-06
2989.25,1.1428103731842971e-06
2989.26,1.178217877516429e-06
2989.27,1.2264799742180604e-06
2989.28,1.287483521208066e-06
2989.29,1.3596132542495e-06
2989.3,1.441146696162711e-06
2989.31,1.5289450435091338e-06
2989.32,1.6190490323446211e-06
2989.33,1.7070270379546335e-06
2989.34,1.7883333438039643e-06
2989.35,1.8577761554022691e-06
2989.36,1.911902214420616e-06
2989.37,1.948436533315374e-06
2989.38,1.967150979235671e-06
2989.39,1.9706809003690033e-06
2989.4,1.963343908425065e-06
2989.41,1.948983799476283e-06
2989.42,1.9319459005692126e-06
2989.43,1.915088289690273e-06
2989.44,1.8999443865453195e-06
2989.45,1.8864291465381013e-06
2989.46,1.87214507487553e-06
2989.47,1.8554334114486859e-06
2989.48,1.8339473543089216e-06
2989.49,1.807626942673814e-06
2989.5,1.7766643719621315e-06
2989.51,1.7433842057305258e-06
2989.52,1.710859322981579e-06
2989.53,1.6810886711937929e-06
2989.54,1.6562029727994707e-06
2989.55,1.6356788103923093e-06
2989.56,1.6198252350102323e-06
2989.57,1.609090480912963e-06
2989.58,1.6027285332334084e-06
2989.59,1.6007646347440469e-06
2989.6,1.6044194657505854e-06
2989.61,1.6147560942040131e-06
2989.62,1.6327537420365956e-06
2989.63,1.6590026254218798e-06
2989.64,1.6935827397369686e-06
2989.65,1.7361224016813588e-06
2989.66,1.7862826766546862e-06
2989.67,1.8440735126858088e-06
2989.68,1.908955680458072e-06
2989.69,1.9820641032383864e-06
2989.7,2.0641395032003725e-06
2989.71,2.157006906511584e-06
2989.72,2.261815011297497e-06
2989.73,2.379987860114814e-06
2989.74,2.5132810004943486e-06
2989.75,2.6646322258329758e-06
2989.76,2.836115531696231e-06
2989.77,3.0308387910329407e-06
2989.78,3.2525780506334606e-06
2989.79,3.5041633117202264e-06
2989.8,3.78665209706384e-06
2989.81,4.101487515909031e-06
2989.82,4.449278146559771e-06
2989.83,4.8301389358305565e-06
2989.84,5.246716140467987e-06
2989.85,5.702536785444329e-06
2989.86,6.199274346010748e-06
2989.87,6.7361954958938496e-06
2989.88,7.308334795711535e-06
2989.89,7.907339728094552e-06
2989.9,8.528460441662413e-06
2989.91,9.175142391136548e-06
2989.92,9.863151654288357e-06
2989.93,1.062028451113412e-05
2989.94,1.1479091120172188e-05
2989.95,1.2473961788936319e-05
2989.96,1.3632129408301833e-05
2989.97,1.4965564155072447e-05
2989.98,1.647263384268774e-05
2989.99,1.813201182971451e-05
2990.0,1.9907230282934907e-05
2990.01,2.174322344650565e-05
2990.02,2.356199774502661e-05
2990.03,2.5255557766438845e-05
2990.04,2.6688860367577288e-05
2990.05,2.77083224151554e-05
2990.06,2.8174145709369112e-05
2990.07,2.7997239786238476e-05
2990.08,2.7176707843917915e-05
2990.09,2.580008494439683e-05
2990.1,2.402695838706589e-05
2990.11,2.2039647905188593e-05
2990.12,2.000054841597736e-05
2990.13,1.8032633379018666e-05
2990.14,1.6209744887291538e-05
2990.15,1.4567720428117847e-05
2990.16,1.3114342305125688e-05
2990.17,1.1842128343818491e-05
2990.18,1.0732945534487222e-05
2990.19,9.764626692310894e-06
2990.2,8.91843388666673e-06
2990.21,8.179024986449854e-06
2990.22,7.534977608376537e-06
2990.23,6.980683060525137e-06
2990.24,6.506792717438872e-06
2990.25,6.10585648681508e-06
2990.26,5.768497446717369e-06
2990.27,5.482125893743161e-06
2990.28,5.2328106838853925e-06
2990.29,5.002630033154933e-06
2990.3,4.7730391916929274e-06
2990.31,4.5301657285552365e-06
2990.32,4.270739391707093e-06
2990.33,3.999513571272845e-06
2990.34,3.7268842266928043e-06
2990.35,3.46706795807234e-06
2990.36,3.228758117432326e-06
2990.37,3.0175451593521424e-06
2990.38,2.835137946332289e-06
2990.39,2.681895660006335e-06
2990.4,2.5555785277811984e-06
2990.41,2.4530570374107942e-06
2990.42,2.3716066511252423e-06
2990.43,2.307176504693009e-06
2990.44,2.254533834333965e-06
2990.45,2.207856684332761e-06
2990.46,2.1623676095163775e-06
2990.47,2.1135986942643426e-06
2990.48,2.058635247619317e-06
2990.49,1.997778942367335e-06
2990.5,1.932763017771829e-06
2990.51,1.8663666897179326e-06
2990.52,1.8018338854807683e-06
2990.53,1.7423779472539663e-06
2990.54,1.6902718737258628e-06
2990.55,1.6463997678644993e-06
2990.56,1.6110264427386978e-06
2990.57,1.5845992733539683e-06
2990.58,1.5678891779361079e-06
2990.59,1.5618904282506015e-06
2990.6,1.5679025623526184e-06
2990.61,1.5868120365734638e-06
2990.62,1.6186057178489417e-06
2990.63,1.6620730953602798e-06
2990.64,1.7143553428946066e-06
2990.65,1.7708861272002776e-06
2990.66,1.8257573891807035e-06
2990.67,1.8727751414729555e-06
2990.68,1.9067908851732377e-06
2990.69,1.9249739384240936e-06
2990.7,1.9270713342087645e-06
2990.71,1.915392547628869e-06
2990.72,1.893796346800834e-06
2990.73,1.8664459622546845e-06
2990.74,1.8364815571202747e-06
2990.75,1.8052919330957157e-06
2990.76,1.7726267885372719e-06
2990.77,1.737241250275406e-06
2990.78,1.6972394032407722e-06
2990.79,1.6506111200049158e-06
2990.8,1.595889272784406e-06
2990.81,1.5329804260566107e-06
2990.82,1.462850061983363e-06
2990.83,1.387917470209453e-06
2990.84,1.3109898529265213e-06
2990.85,1.2359321517610042e-06
2990.86,1.1660048516451865e-06
2990.87,1.1034971301372959e-06
2990.88,1.0493436488740747e-06
2990.89,1.0035373918201043e-06
2990.9,9.649243811639848e-07
2990.91,9.31939106239607e-07
2990.92,9.029783747482264e-07
2990.93,8.768319827956397e-07
2990.94,8.529390548691778e-07
2990.95,8.31360663993293e-07
2990.96,8.125163121934461e-07
2990.97,7.968640457363071e-07
2990.98,7.846958802297233e-07
2990.99,7.761082872897169e-07
2991.0,7.710940987104027e-07
2991.01,7.696343896732808e-07
2991.02,7.717389124094233e-07
2991.03,7.78075755961112e-07
2991.04,7.874814166807901e-07
2991.05,8.002718652255264e-07
2991.06,8.151467821947006e-07
2991.07,8.304738360823657e-07
2991.08,8.436058406339362e-07
2991.09,8.517277502264399e-07
2991.1,8.529229682673936e-07
2991.11,8.469682166443051e-07
2991.12,8.354465316927311e-07
2991.13,8.207543306346989e-07
2991.14,8.05159692181748e-07
2991.15,7.908604259816734e-07
2991.16,7.797104948526309e-07
2991.17,7.733226712300371e-07
2991.18,7.730077849967153e-07
2991.19,7.797958132901512e-07
2991.2,7.943081554014867e-07
2991.21,8.169344434562537e-07
2991.22,8.476917145298265e-07
2991.23,8.861995485575953e-07
2991.24,9.316162109051668e-07
2991.25,9.829334830311335e-07
2991.26,1.0391258465465464e-06
2991.27,1.09991480647446e-06
2991.28,1.1645303258203311e-06
2991.29,1.2329944457205283e-06
2991.3,1.3041647164767422e-06
2991.31,1.3753192810579465e-06
2991.32,1.441975836739688e-06
2991.33,1.4984173144622045e-06
2991.34,1.5385218117332366e-06
2991.35,1.5574677693058223e-06
2991.36,1.5524821521122361e-06
2991.37,1.523648327682643e-06
2991.38,1.4742206705533035e-06
2991.39,1.4101952159710515e-06
2991.4,1.3393689164344232e-06
2991.41,1.2692642492433228e-06
2991.42,1.2062665806993092e-06
2991.43,1.1544724939480958e-06
2991.44,1.1165625648688917e-06
2991.45,1.092585232391353e-06
2991.46,1.0819487044070466e-06
2991.47,1.0826192236480458e-06
2991.48,1.0908384242264823e-06
2991.49,1.101597938803715e-06
2991.5,1.108973441857886e-06
2991.51,1.1076273005368062e-06
2991.52,1.0935698543071165e-06
2991.53,1.0653895159562523e-06
2991.54,1.024137561102771e-06
2991.55,9.729097509299323e-07
2991.56,9.163198820286619e-07
2991.57,8.586100129394791e-07
2991.58,8.035635263263753e-07
2991.59,7.537913143675066e-07
2991.6,7.10556107218765e-07
2991.61,6.74224780003296e-07
2991.62,6.44626093584317e-07
2991.63,6.213401096983797e-07
2991.64,6.038820461020675e-07
2991.65,5.917763066698385e-07
2991.66,5.846797549348289e-07
2991.67,5.822384573674623e-07
2991.68,5.841374806300205e-07
2991.69,5.900252579690892e-07
2991.7,5.994792480022515e-07
2991.71,6.120349602076752e-07
2991.72,6.272445787475051e-07
2991.73,6.449617413856698e-07
2991.74,6.65039857265844e-07
2991.75,6.875823373907416e-07
2991.76,7.123295078707198e-07
2991.77,7.388083280652121e-07
2991.78,7.661783490750813e-07
2991.79,7.932101907513279e-07
2991.8,8.184472834376105e-07
2991.81,8.407473270421856e-07
2991.82,8.594497998652942e-07
2991.83,8.75156200000956e-07
2991.84,8.895456479493385e-07
2991.85,9.046108661732611e-07
2991.86,9.226601913968755e-07
2991.87,9.458650219213988e-07
2991.88,9.76059341739624e-07
2991.89,1.0149620000978736e-06
2991.9,1.0635583386596376e-06
2991.91,1.1227785983058718e-06
2991.92,1.1931441561554932e-06
2991.93,1.2752575399827432e-06
2991.94,1.3697789331816982e-06
2991.95,1.4770061965829558e-06
2991.96,1.595900263225001e-06
2991.97,1.7229208484301376e-06
2991.98,1.851354154249748e-06
2991.99,1.970916243405304e-06
2992.0,2.0696378560898077e-06
2992.01,2.136015904815828e-06
2992.02,2.1620979378673465e-06
2992.03,2.1461117626818558e-06
2992.04,2.0934624729353346e-06
2992.05,2.0153955760734825e-06
2992.06,1.9255822243954824e-06
2992.07,1.835599012893749e-06
2992.08,1.7528523086403488e-06
2992.09,1.6803034718155322e-06
2992.1,1.6167877721050044e-06
2992.11,1.5590026951384661e-06
2992.12,1.5031688059771653e-06
2992.13,1.4462120487645807e-06
2992.14,1.3864675792228758e-06
2992.15,1.323562040913671e-06
2992.16,1.2580947774846126e-06
2992.17,1.19151941397843e-06
2992.18,1.1260749984769757e-06
2992.19,1.0646796249175268e-06
2992.2,1.0090936961782539e-06
2992.21,9.611866861365847e-07
2992.22,9.216228190178708e-07
2992.23,8.903781035834607e-07
2992.24,8.668827701024478e-07
2992.25,8.502354924578081e-07
2992.26,8.390628956401357e-07
2992.27,8.315937653272907e-07
2992.28,8.255363224544479e-07
2992.29,8.18627200669793e-07
2992.3,8.092432092285924e-07
2992.31,7.96754806155957e-07
2992.32,7.816505530777543e-07
2992.33,7.652172501411942e-07
2992.34,7.490857914715956e-07
2992.35,7.348250958615631e-07
2992.36,7.236477934838366e-07
2992.37,7.163956603209749e-07
2992.38,7.133327158763691e-07
2992.39,7.144351256602334e-07
2992.4,7.187477719426983e-07
2992.41,7.250646108745185e-07
2992.42,7.323125439928294e-07
2992.43,7.390453688617435e-07
2992.44,7.451442570106687e-07
2992.45,7.511087313903847e-07
2992.46,7.58164357040313e-07
2992.47,7.677801658905102e-07
2992.48,7.812782512231015e-07
2992.49,7.996809830550555e-07
2992.5,8.23718671072308e-07
2992.51,8.53975112946828e-07
2992.52,8.908941882894809e-07
2992.53,9.34924409772445e-07
2992.54,9.866546751986525e-07
2992.55,1.0468346504018358e-06
2992.56,1.1162802847010473e-06
2992.57,1.1962234801604015e-06
2992.58,1.287603496694812e-06
2992.59,1.3906824708875777e-06
2992.6,1.5045024113222635e-06
2992.61,1.6267513585186366e-06
2992.62,1.752713000165464e-06
2992.63,1.8773758421228e-06
2992.64,1.9952846623105657e-06
2992.65,2.1019443230452304e-06
2992.66,2.19303311070291e-06
2992.67,2.266101445550249e-06
2992.68,2.318739802892668e-06
2992.69,2.349625027868212e-06
2992.7,2.357829087252965e-06
2992.71,2.343630753703674e-06
2992.72,2.308981005704507e-06
2992.73,2.25715572131511e-06
2992.74,2.1922997081233487e-06
2992.75,2.1204561146716083e-06
2992.76,2.047374097522404e-06
2992.77,1.978595896933029e-06
2992.78,1.9192043327379248e-06
2992.79,1.8707411334439742e-06
2992.8,1.8339608726464391e-06
2992.81,1.8072468397728468e-06
2992.82,1.7874806933383435e-06
2992.83,1.7720894975666378e-06
2992.84,1.7601099777111962e-06
2992.85,1.7498857906655535e-06
2992.86,1.742402853395867e-06
2992.87,1.7373359935647e-06
2992.88,1.733780152038176e-06
2992.89,1.7296805376238476e-06
2992.9,1.722364865092882e-06
2992.91,1.711254394683024e-06
2992.92,1.6964785374659811e-06
2992.93,1.6790579666968203e-06
2992.94,1.6602297224799933e-06
2992.95,1.6395574800818677e-06
2992.96,1.6192050650930247e-06
2992.97,1.6012529488493896e-06
2992.98,1.5883700681373406e-06
2992.99,1.5827710126238154e-06
2993.0,1.5853806588642762e-06
2993.01,1.5976158106320574e-06
2993.02,1.620170582134909e-06
2993.03,1.6532046550665316e-06
2993.04,1.696031551172779e-06
2993.05,1.7490807392282157e-06
2993.06,1.8126298298873546e-06
2993.07,1.8867913054350448e-06
2993.08,1.9705269330162446e-06
2993.09,2.064761166951999e-06
2993.1,2.169976423237494e-06
2993.11,2.286430707824223e-06
2993.12,2.4138044064916113e-06
2993.13,2.552581595641548e-06
2993.14,2.7032746652009703e-06
2993.15,2.866431100747333e-06
2993.16,3.0420860216835823e-06
2993.17,3.232210723639069e-06
2993.18,3.438053209093274e-06
2993.19,3.660413736585955e-06
2993.2,3.899958705694224e-06
2993.21,4.156439229131611e-06
2993.22,4.431956621625662e-06
2993.23,4.730761595565735e-06
2993.24,5.061858424767688e-06
2993.25,5.436612638761361e-06
2993.26,5.868171658691713e-06
2993.27,6.3698322126717e-06
2993.28,6.9513038308605494e-06
2993.29,7.621154048544434e-06
2993.3,8.38464746431891e-06
2993.31,9.244007082596841e-06
2993.32,1.0201565105033195e-05
2993.33,1.1263194949957756e-05
2993.34,1.2439824867029152e-05
2993.35,1.3745929402650075e-05
2993.36,1.5199357364486371e-05
2993.37,1.6812946475484502e-05
2993.38,1.8587057920923347e-05
2993.39,2.0497793443870885e-05
2993.4,2.2490559594183986e-05
2993.41,2.4469864016481952e-05
2993.42,2.6299976009281296e-05
2993.43,2.78144022461577e-05
2993.44,2.8842960207434847e-05
2993.45,2.9252406371872896e-05
2993.46,2.8985254381706927e-05
2993.47,2.807562366613646e-05
2993.48,2.6637998827414278e-05
2993.49,2.4831424171852028e-05
2993.5,2.2821447964797754e-05
2993.51,2.0749366984857224e-05
2993.52,1.8719425677064315e-05
2993.53,1.6797627071526485e-05
2993.54,1.5021021321690403e-05
2993.55,1.340834003173195e-05
2993.56,1.1964854909458202e-05
2993.57,1.0687660998432631e-05
2993.58,9.568764971526665e-06
2993.59,8.59460129570183e-06
2993.6,7.749912163314936e-06
2993.61,7.018258391542425e-06
2993.62,6.384358302054809e-06
2993.63,5.832942435600921e-06
2993.64,5.349964116713363e-06
2993.65,4.92492631322566e-06
2993.66,4.548526196248592e-06
2993.67,4.214170738956742e-06
2993.68,3.9180567788519385e-06
2993.69,3.655703460245219e-06
2993.7,3.424167665741208e-06
2993.71,3.2196673339736426e-06
2993.72,3.040010396313659e-06
2993.73,2.882300725400801e-06
2993.74,2.742389980323951e-06
2993.75,2.617975232405053e-06
2993.76,2.503579808907459e-06
2993.77,2.3967147404242783e-06
2993.78,2.2949931071303996e-06
2993.79,2.199309463136799e-06
2993.8,2.111030660200967e-06
2993.81,2.031830042289945e-06
2993.82,1.9627025402871067e-06
2993.83,1.9056381946586226e-06
2993.84,1.8609808639916907e-06
2993.85,1.8289656089893554e-06
2993.86,1.809488688216814e-06
2993.87,1.8038540230867525e-06
2993.88,1.8123419070002372e-06
2993.89,1.8352259868840623e-06
2993.9,1.8721219194059e-06
2993.91,1.92358399049561e-06
2993.92,1.988177914191112e-06
2993.93,2.0637935538126776e-06
2993.94,2.147168373276223e-06
2993.95,2.236337773290396e-06
2993.96,2.326627828137164e-06
2993.97,2.412969383935837e-06
2993.98,2.489245522199985e-06
2993.99,2.5511696861862174e-06
2994.0,2.59485570241974e-06
2994.01,2.618009568337296e-06
2994.02,2.6191869113318767e-06
2994.03,2.599116320537564e-06
2994.04,2.5585912858602873e-06
2994.05,2.4992983234980866e-06
2994.06,2.4241546114443516e-06
2994.07,2.3359044602352113e-06
2994.08,2.23949398359055e-06
2994.09,2.1394607167632138e-06
2994.1,2.0400727390607514e-06
2994.11,1.9442576209936808e-06
2994.12,1.8525400458571573e-06
2994.13,1.7653736889922692e-06
2994.14,1.6813044171313853e-06
2994.15,1.5998283250525271e-06
2994.16,1.5211020309175335e-06
2994.17,1.445461205171787e-06
2994.18,1.3734894158139854e-06
2994.19,1.3049304524085235e-06
2994.2,1.2398491221433132e-06
2994.21,1.1785696420224796e-06
2994.22,1.120975451514409e-06
2994.23,1.0675394983364613e-06
2994.24,1.0173102271051267e-06
2994.25,9.696290441071847e-07
2994.26,9.242915482952971e-07
2994.27,8.813890334706198e-07
2994.28,8.420763828203935e-07
2994.29,8.069960806656275e-07
2994.3,7.762307564489351e-07
2994.31,7.498557242942173e-07
2994.32,7.276976765922882e-07
2994.33,7.09784756547738e-07
2994.34,6.957369781486403e-07
2994.35,6.853313553237609e-07
2994.36,6.783880580543894e-07
2994.37,6.748173843146122e-07
2994.38,6.744046541369078e-07
2994.39,6.770918260196752e-07
2994.4,6.828444530811064e-07
2994.41,6.914367288484978e-07
2994.42,7.029469923608286e-07
2994.43,7.175016615646626e-07
2994.44,7.354222031491352e-07
2994.45,7.573475926987845e-07
2994.46,7.836250223609326e-07
2994.47,8.134982701724576e-07
2994.48,8.469361372181295e-07
2994.49,8.828063734883349e-07
2994.5,9.200447789775958e-07
2994.51,9.581870674225201e-07
2994.52,9.97968044012706e-07
2994.53,1.0412219970345936e-06
2994.54,1.0904602756658517e-06
2994.55,1.1483834595690386e-06
2994.56,1.2175293705822075e-06
2994.57,1.3000160551259834e-06
2994.58,1.3970802575588658e-06
2994.59,1.508679864243889e-06
2994.6,1.6331060613851083e-06
2994.61,1.7668943462885212e-06
2994.62,1.9049752453095965e-06
2994.63,2.0410888275218532e-06
2994.64,2.166943477758404e-06
2994.65,2.2731451542250156e-06
2994.66,2.3492238404064623e-06
2994.67,2.3859405061553713e-06
2994.68,2.378006568128263e-06
2994.69,2.3267780875136833e-06
2994.7,2.240937606049463e-06
2994.71,2.134215341081042e-06
2994.72,2.0204039456324172e-06
2994.73,1.91006792574952e-06
2994.74,1.8087953185166165e-06
2994.75,1.71754419054413e-06
2994.76,1.634086775485825e-06
2994.77,1.5548242439299938e-06
2994.78,1.4768083575212759e-06
2994.79,1.3989607148310891e-06
2994.8,1.3222679653413142e-06
2994.81,1.2484152059681478e-06
2994.82,1.1785237653345307e-06
2994.83,1.1123946428524774e-06
2994.84,1.048804020781965e-06
2994.85,9.865872523044172e-07
2994.86,9.256138626451859e-07
2994.87,8.668580224257758e-07
2994.88,8.118593444488101e-07
2994.89,7.619589977228393e-07
2994.9,7.181533379366511e-07
2994.91,6.802592710169008e-07
2994.92,6.481929229061009e-07
2994.93,6.216150886177617e-07
2994.94,6.000661891518998e-07
2994.95,5.831294864568413e-07
2994.96,5.704212900964141e-07
2994.97,5.615777224866172e-07
2994.98,5.56354047205002e-07
2994.99,5.542931179890274e-07
2995.0,5.548359462840926e-07
2995.01,5.571330460462713e-07
2995.02,5.599994360429483e-07
2995.03,5.622648459222117e-07
2995.04,5.629113606744895e-07
2995.05,5.616654087650728e-07
2995.06,5.590824609092621e-07
2995.07,5.562718950756749e-07
2995.08,5.54447686534796e-07
2995.09,5.546052717611376e-07
2995.1,5.574435225803384e-07
2995.11,5.636875006570202e-07
2995.12,5.729845112876253e-07
2995.13,5.858900618869988e-07
2995.14,6.027999587268847e-07
2995.15,6.237622975547024e-07
2995.16,6.493113147138394e-07
2995.17,6.80025801322941e-07
2995.18,7.16561788430766e-07
2995.19,7.597496484426823e-07
2995.2,8.105826683558173e-07
2995.21,8.70211890720947e-07
2995.22,9.399121661970778e-07
2995.23,1.0210061510237112e-06
2995.24,1.114665379961879e-06
2995.25,1.2214890840389774e-06
2995.26,1.3415339978903193e-06
2995.27,1.473050911630975e-06
2995.28,1.6123884105696952e-06
2995.29,1.7539072982808431e-06
2995.3,1.8902917191467172e-06
2995.31,2.0149507682586135e-06
2995.32,2.1221174297100165e-06
2995.33,2.2081220728359577e-06
2995.34,2.271220384406409e-06
2995.35,2.310417334346966e-06
2995.36,2.3254003514734214e-06
2995.37,2.3170093552621865e-06
2995.38,2.2871599788931863e-06
2995.39,2.238954236787359e-06
2995.4,2.1746009973680634e-06
2995.41,2.097252747177893e-06
2995.42,2.008817179242337e-06
2995.43,1.910092844227079e-06
2995.44,1.8021192697371912e-06
2995.45,1.6872227045282012e-06
2995.46,1.56936078662549e-06
2995.47,1.4530509764917955e-06
2995.48,1.3419907587616088e-06
2995.49,1.2384821378092747e-06
2995.5,1.143734800803089e-06
2995.51,1.0583977879567799e-06
2995.52,9.828233298848394e-07
2995.53,9.170623300059936e-07
2995.54,8.610872268631728e-07
2995.55,8.13767321916912e-07
2995.56,7.742197715483602e-07
2995.57,7.41378681238753e-07
2995.58,7.13756699227653e-07
2995.59,6.897045935685309e-07
2995.6,6.679545949959008e-07
2995.61,6.475083518305128e-07
2995.62,6.280125668473339e-07
2995.63,6.098036230396941e-07
2995.64,5.933883111675652e-07
2995.65,5.793113654733396e-07
2995.66,5.680850129810745e-07
2995.67,5.593181986834225e-07
2995.68,5.532353268910942e-07
2995.69,5.497803353331312e-07
2995.7,5.488719392573259e-07
2995.71,5.505159144246494e-07
2995.72,5.54668021992732e-07
2995.73,5.614306448778171e-07
2995.74,5.70940265039157e-07
2995.75,5.83354381159071e-07
2995.76,5.987061092319806e-07
2995.77,6.179506231025234e-07
2995.78,6.411286340569503e-07
2995.79,6.686091876711218e-07
2995.8,7.006351057410377e-07
2995.81,7.372791310599309e-07
2995.82,7.780833116106273e-07
2995.83,8.22003201264298e-07
2995.84,8.674311217041165e-07
2995.85,9.126938724283754e-07
2995.86,9.567225084354387e-07
2995.87,1.00003177051424e-06
2995.88,1.0447103442922795e-06
2995.89,1.0937334055194647e-06
2995.9,1.1502652019396716e-06
2995.91,1.2168192684973637e-06
2995.92,1.2951959609795894e-06
2995.93,1.385222859582897e-06
2995.94,1.484526268951819e-06
2995.95,1.588503385664719e-06
2995.96,1.6898115108488436e-06
2995.97,1.7795711744267042e-06
2995.98,1.8491634898199648e-06
2995.99,1.8920159560656958e-06
2996.0,1.9049414794143388e-06
2996.01,1.888934119962655e-06
2996.02,1.8495745218727527e-06
2996.03,1.7958454635140671e-06
2996.04,1.7378352160695433e-06
2996.05,1.6839775494792892e-06
2996.06,1.6392689259589243e-06
2996.07,1.6047108613586022e-06
2996.08,1.5781599599083775e-06
2996.09,1.5554004419412037e-06
2996.1,1.5317271715356455e-06
2996.11,1.5036136652157967e-06
2996.12,1.4700232305767414e-06
2996.13,1.4326828716803293e-06
2996.14,1.395048630741554e-06
2996.15,1.360668547611793e-06
2996.16,1.331635608067266e-06
2996.17,1.3081138898924844e-06
2996.18,1.2886720765899468e-06
2996.19,1.271345695204254e-06
2996.2,1.2545849925439743e-06
2996.21,1.2375855290478094e-06
2996.22,1.2199255974756466e-06
2996.23,1.2012032808865393e-06
2996.24,1.1812457870069556e-06
2996.25,1.1605926904490127e-06
2996.26,1.1409036467677818e-06
2996.27,1.1234688130745594e-06
2996.28,1.1101913025655164e-06
2996.29,1.1020685383009421e-06
2996.3,1.099558701741336e-06
2996.31,1.1027088106595179e-06
2996.32,1.1114357991804866e-06
2996.33,1.125443955613255e-06
2996.34,1.1444680256469472e-06
2996.35,1.1682112050214714e-06
2996.36,1.1964129299957096e-06
2996.37,1.2288024529066778e-06
2996.38,1.2649850077714716e-06
2996.39,1.3046350583532221e-06
2996.4,1.3475853073836108e-06
2996.41,1.3939622875563505e-06
2996.42,1.4442353785113829e-06
2996.43,1.499152862601327e-06
2996.44,1.5596060513197968e-06
2996.45,1.6263371025898995e-06
2996.46,1.7008399072632914e-06
2996.47,1.783378517450531e-06
2996.48,1.8748420367789652e-06
2996.49,1.976565498435015e-06
2996.5,2.08981505525897e-06
2996.51,2.2161017389380682e-06
2996.52,2.3571040276466573e-06
2996.53,2.5148674523859602e-06
2996.54,2.691595133939678e-06
2996.55,2.890086208871504e-06
2996.56,3.112915274164991e-06
2996.57,3.362769227907258e-06
2996.58,3.6418334877152266e-06
2996.59,3.951686693276249e-06
2996.6,4.2922815573359725e-06
2996.61,4.661663345607998e-06
2996.62,5.056365906796032e-06
2996.63,5.473228727700537e-06
2996.64,5.910213465656756e-06
2996.65,6.367970416263784e-06
2996.66,6.849564201710503e-06
2996.67,7.360217985241906e-06
2996.68,7.906187538118717e-06
2996.69,8.495977708143508e-06
2996.7,9.141881151236785e-06
2996.71,9.860896516438681e-06
2996.72,1.0676171787372216e-05
2996.73,1.1617643647126426e-05
2996.74,1.2720884153354702e-05
2996.75,1.4023359675560819e-05
2996.76,1.555839003597267e-05
2996.77,1.7347532973912317e-05
2996.78,1.939238325635723e-05
2996.79,2.1664910525784864e-05
2996.8,2.409820473136001e-05
2996.81,2.6577748463096605e-05
2996.82,2.8939072066892074e-05
2996.83,3.097128212651169e-05
2996.84,3.244018311651421e-05
2996.85,3.31304898399343e-05
2996.86,3.290824546309335e-05
2996.87,3.177369416914807e-05
2996.88,2.987450628121526e-05
2996.89,2.7458348033263176e-05
2996.9,2.479726085670113e-05
2996.91,2.2122251968902532e-05
2996.92,1.9591084900524727e-05
2996.93,1.729182877999705e-05
2996.94,1.5257280376765778e-05
2996.95,1.3485750461237602e-05
2996.96,1.1958097126795775e-05
2996.97,1.0646081867368625e-05
2996.98,9.521520834590934e-06
2996.99,8.555927200722554e-06
2997.0,7.723807804368317e-06
2997.01,7.0023972820810155e-06
2997.02,6.374126671835917e-06
2997.03,5.823947691799883e-06
2997.04,5.340925645592117e-06
2997.05,4.915773583312415e-06
2997.06,4.5431628114183714e-06
2997.07,4.216297529121221e-06
2997.08,3.929750395800471e-06
2997.09,3.678712275929387e-06
2997.1,3.4599167587517215e-06
2997.11,3.269583915344421e-06
2997.12,3.104956899187847e-06
2997.13,2.963259562444601e-06
2997.14,2.8437505011170346e-06
2997.15,2.744600653619908e-06
2997.16,2.6645365549819987e-06
2997.17,2.602321038448633e-06
2997.18,2.556681291443173e-06
2997.19,2.5271442208785436e-06
2997.2,2.5131309691578655e-06
2997.21,2.514542614008522e-06
2997.22,2.532554634823508e-06
2997.23,2.5694376865743485e-06
2997.24,2.6280524671997167e-06
2997.25,2.7092348913030284e-06
2997.26,2.8127105469155098e-06
2997.27,2.935499610037003e-06
2997.28,3.0716088729388563e-06
2997.29,3.211064621620746e-06
2997.3,3.341322972995892e-06
2997.31,3.4469083531656433e-06
2997.32,3.516609431529239e-06
2997.33,3.5390931637395e-06
2997.34,3.5114514699718837e-06
2997.35,3.4409404924939624e-06
2997.36,3.3433111434678757e-06
2997.37,3.2368159960442165e-06
2997.38,3.1386508569130356e-06
2997.39,3.0581526920264005e-06
2997.4,2.997722318677679e-06
2997.41,2.9528990035266038e-06
2997.42,2.914383326496417e-06
2997.43,2.869984625474412e-06
2997.44,2.8088219362857615e-06
2997.45,2.7249279444970873e-06
2997.46,2.6170896693364546e-06
2997.47,2.4899050909724215e-06
2997.48,2.3508965944850987e-06
2997.49,2.2078087065377506e-06
2997.5,2.0677355246616545e-06
2997.51,1.9338536337647514e-06
2997.52,1.8073120133398702e-06
2997.53,1.6878230126580796e-06
2997.54,1.5748877827043866e-06
2997.55,1.468605133587938e-06
2997.56,1.3706037035395242e-06
2997.57,1.2814458358691444e-06
2997.58,1.2016589929842463e-06
2997.59,1.1312022713573227e-06
2997.6,1.0695948968703852e-06
2997.61,1.0160295128543395e-06
2997.62,9.695426773867293e-07
2997.63,9.300116171353966e-07
2997.64,8.964251424325539e-07
2997.65,8.682473926378265e-07
2997.66,8.450640267413944e-07
2997.67,8.265003069974736e-07
2997.68,8.122099667590198e-07
2997.69,8.025800597613955e-07
2997.7,7.972955737022623e-07
2997.71,7.962786359389975e-07
2997.72,7.992581575226539e-07
2997.73,8.05887125487794e-07
2997.74,8.14895016915099e-07
2997.75,8.256042996882437e-07
2997.76,8.360910411374173e-07
2997.77,8.451130996483771e-07
2997.78,8.524549913418347e-07
2997.79,8.591973649313714e-07
2997.8,8.673010557631432e-07
2997.81,8.789300045462682e-07
2997.82,8.963041300165756e-07
2997.83,9.210726941842182e-07
2997.84,9.544897615640995e-07
2997.85,9.9781157232951e-07
2997.86,1.0521114701190697e-06
2997.87,1.1191255170700343e-06
2997.88,1.2001219413977724e-06
2997.89,1.2964903396550197e-06
2997.9,1.4086859850532424e-06
2997.91,1.536714488891021e-06
2997.92,1.6782645735216588e-06
2997.93,1.828512488610453e-06
2997.94,1.97997806567283e-06
2997.95,2.1234532146742022e-06
2997.96,2.2501410114386873e-06
2997.97,2.3538996864156373e-06
2997.98,2.43193338469417e-06
2997.99,2.483270893364225e-06
2998.0,2.5067420850850092e-06
2998.01,2.4997746704860355e-06
2998.02,2.4596878817969804e-06
2998.03,2.385585676456962e-06
2998.04,2.2797706093774563e-06
2998.05,2.148032400509877e-06
2998.06,1.998828050334297e-06
2998.07,1.8416945988221903e-06
2998.08,1.6855269191785437e-06
2998.09,1.5373440888960875e-06
2998.1,1.4017964372983353e-06
2998.11,1.281223446694564e-06
2998.12,1.1764158883675108e-06
2998.13,1.0867337623803065e-06
2998.14,1.0108451513273443e-06
2998.15,9.46952944468234e-07
2998.16,8.929911822761446e-07
2998.17,8.468043785377668e-07
2998.18,8.064302467884103e-07
2998.19,7.703038293472982e-07
2998.2,7.374796500103864e-07
2998.21,7.076205669815552e-07
2998.22,6.807871988161115e-07
2998.23,6.57130449651714e-07
2998.24,6.366800348272371e-07
2998.25,6.190674569141462e-07
2998.26,6.046870671517749e-07
2998.27,5.931946113208117e-07
2998.28,5.845054405061368e-07
2998.29,5.783605854895996e-07
2998.3,5.74232421975678e-07
2998.31,5.712349687100291e-07
2998.32,5.683521210352364e-07
2998.33,5.647468991179871e-07
2998.34,5.600745187773624e-07
2998.35,5.541476011605586e-07
2998.36,5.487096440145926e-07
2998.37,5.443230133218568e-07
2998.38,5.419002475133541e-07
2998.39,5.4237674528231e-07
2998.4,5.462425133581162e-07
2998.41,5.538876525990517e-07
2998.42,5.656943819721079e-07
2998.43,5.819350045644415e-07
2998.44,6.029656124008164e-07
2998.45,6.290292907133172e-07
2998.46,6.602556303678577e-07
2998.47,6.96505978930696e-07
2998.48,7.37269717009886e-07
2998.49,7.814821496274543e-07
2998.5,8.288632990062016e-07
2998.51,8.789625114465005e-07
2998.52,9.324924791247098e-07
2998.53,9.912503560422007e-07
2998.54,1.0568438536568649e-06
2998.55,1.1310024674481325e-06
2998.56,1.2151929208365272e-06
2998.57,1.3107001489308112e-06
2998.58,1.418066729520954e-06
2998.59,1.5361258505871719e-06
2998.6,1.6610492226648746e-06
2998.61,1.786022297815046e-06
2998.62,1.9020186846136936e-06
2998.63,1.999604272051932e-06
2998.64,2.071011903310875e-06
2998.65,2.111750477536648e-06
2998.66,2.1217743145367745e-06
2998.67,2.106271470502834e-06
2998.68,2.0751962638184064e-06
2998.69,2.0408254164952423e-06
2998.7,2.0142771838754465e-06
2998.71,2.002764404197528e-06
2998.72,2.008414205715587e-06
2998.73,2.028319228310917e-06
2998.74,2.055261458508969e-06
2998.75,2.0789889728992586e-06
2998.76,2.0882717945014337e-06
2998.77,2.0737141936103858e-06
2998.78,2.030503710574714e-06
2998.79,1.959730340815108e-06
2998.8,1.8675121411424515e-06
2998.81,1.7625452474742135e-06
2998.82,1.6534678448685054e-06
2998.83,1.5470332789879394e-06
2998.84,1.4473991545477082e-06
2998.85,1.356083924283891e-06
2998.86,1.272651575213639e-06
2998.87,1.19571445322668e-06
2998.88,1.12400845103957e-06
2998.89,1.0569949949914733e-06
2998.9,9.94715128994939e-07
2998.91,9.371908296592399e-07
2998.92,8.843922983790023e-07
2998.93,8.359939677161208e-07
2998.94,7.919702135293955e-07
2998.95,7.526499281027546e-07
2998.96,7.185389818476942e-07
2998.97,6.900374102075183e-07
2998.98,6.672536263137467e-07
2998.99,6.499569248494486e-07
2999.0,6.376108290128708e-07
2999.01,6.294498457565727e-07
2999.02,6.246187046334687e-07
2999.03,6.223724054029121e-07
2999.04,6.224271796610359e-07
2999.05,6.249545920924453e-07
2999.06,6.306095687488091e-07
2999.07,6.402805869748663e-07
2999.08,6.548550018364918e-07
2999.09,6.74966586705284e-07
2999.1,7.01277145437555e-07
2999.11,7.338027967874359e-07
2999.12,7.721460385567852e-07
2999.13,8.153323035813959e-07
2999.14,8.619132018371316e-07
2999.15,9.103988444509789e-07
2999.16,9.598482697710795e-07
2999.17,1.0112136271247073e-06
2999.18,1.066610916086957e-06
2999.19,1.1284811093868353e-06
2999.2,1.1999635698897586e-06
2999.21,1.2827129125600678e-06
2999.22,1.3781030914515553e-06
2999.23,1.4870811995106232e-06
2999.24,1.6097241158986663e-06
2999.25,1.7442023213382838e-06
2999.26,1.8858605391397957e-06
2999.27,2.0273271658396703e-06
2999.28,2.1600502530400216e-06
2999.29,2.2765954033124017e-06
2999.3,2.3721343905687108e-06
2999.31,2.443952239744732e-06
2999.32,2.489502346769152e-06
2999.33,2.5051354749503965e-06
2999.34,2.486281112504459e-06
2999.35,2.429755801549581e-06
2999.36,2.335737768776454e-06
2999.37,2.209057126618968e-06
2999.38,2.058714637468465e-06
2999.39,1.8959732326882194e-06
2999.4,1.7318010480345074e-06
2999.41,1.5747723528412405e-06
2999.42,1.4301167926928126e-06
2999.43,1.2999040540385403e-06
2999.44,1.1839502287835708e-06
2999.45,1.080974010587624e-06
2999.46,9.895757593648527e-07
2999.47,9.087376798200077e-07
2999.48,8.378303657341095e-07
2999.49,7.763843307828463e-07
2999.5,7.239001147836267e-07
2999.51,6.797937694162882e-07
2999.52,6.431974639046571e-07
2999.53,6.138958220994933e-07
2999.54,5.911700995033004e-07
2999.55,5.743672619160042e-07
2999.56,5.628281608182205e-07
2999.57,5.557236201425286e-07
2999.58,5.519618004639e-07
2999.59,5.501939670261169e-07
2999.6,5.489990768086342e-07
2999.61,5.472092739996023e-07
2999.62,5.441716099213527e-07
2999.63,5.397585174348184e-07
2999.64,5.339307976716589e-07
2999.65,5.276422484481112e-07
2999.66,5.212167446029238e-07
2999.67,5.15367977778341e-07
2999.68,5.108899537241689e-07
2999.69,5.084770241477558e-07
2999.7,5.092330756267527e-07
2999.71,5.136807086675954e-07
2999.72,5.221742262152127e-07
2999.73,5.346201243266644e-07
2999.74,5.504040691506945e-07
2999.75,5.684416698535228e-07
2999.76,5.874569820997432e-07
2999.77,6.065173048996563e-07
2999.78,6.253525130064105e-07
2999.79,6.456343230794734e-07
2999.8,6.690952189177771e-07
2999.81,6.982494615561465e-07
2999.82,7.352342102195216e-07
2999.83,7.824155569606053e-07
2999.84,8.415684098152395e-07
2999.85,9.143895502027976e-07
2999.86,1.0023631679635534e-06
2999.87,1.1065417875417e-06
2999.88,1.2272357023725492e-06
2999.89,1.3637351319141777e-06
2999.9,1.514220108796048e-06
2999.91,1.6757855197391148e-06
2999.92,1.844185312082479e-06
2999.93,2.013070325639675e-06
2999.94,2.1732486834993758e-06
2999.95,2.312773423944053e-06
2999.96,2.4179049282888254e-06
2999.97,2.4745605729426237e-06
2999.98,2.470752849762513e-06
2999.99,2.4007431350788495e-06
3000.0,2.2691839468849116e-06
